GENART_DESC;GENARTNR;TYPENR;BSK_POS;RATIO (%);MEYLE;TRUCKTEC AUTOMOTIVE;AIC;VAICO;MAXGEAR;TCMATIC;ZF;FEBI BILSTEIN;HENGST FILTER;SWAG
Absolut;;;44487;;39496;4852;38407;43197;136;43995;34022;33536;32702;26613
Prozent;;;;;89;11;86;97;0;99;76;75;74;60
Teilesatz, Automatikgetriebe-?lwechsel;4921;118114;1;0,0022;9;1;2;6;0;6;2;4;1;2
Teilesatz, Automatikgetriebe-?lwechsel;4921;100477;6;0,0135;3;0;2;3;0;3;2;1;0;0
Teilesatz, Automatikgetriebe-?lwechsel;4921;107349;4;0,009;3;0;5;11;0;12;0;1;3;1
Teilesatz, Automatikgetriebe-?lwechsel;4921;116778;1;0,0022;3;0;2;2;0;3;3;0;1;0
Teilesatz, Automatikgetriebe-?lwechsel;4921;10413;19;0,0427;2;0;7;10;0;15;2;1;2;0
Teilesatz, Automatikgetriebe-?lwechsel;4921;123992;1;0,0022;5;0;5;5;0;10;3;0;1;0
Teilesatz, Automatikgetriebe-?lwechsel;4921;26579;5;0,0112;7;0;17;3;0;8;3;2;0;2
Teilesatz, Automatikgetriebe-?lwechsel;4921;141973;1;0,0022;0;0;2;4;0;3;3;1;1;1
Teilesatz, Automatikgetriebe-?lwechsel;4921;108158;1;0,0022;0;0;2;2;0;6;0;0;0;0
Teilesatz, Automatikgetriebe-?lwechsel;4921;108006;37;0,0832;9;1;6;6;0;7;5;3;1;2
Teilesatz, Automatikgetriebe-?lwechsel;4921;139332;1;0,0022;0;0;0;2;0;3;2;0;0;0
Teilesatz, Automatikgetriebe-?lwechsel;4921;136272;9;0,0202;6;1;2;3;0;3;2;3;1;2
Teilesatz, Automatikgetriebe-?lwechsel;4921;118954;5;0,0112;3;0;2;2;0;3;3;1;1;1
Teilesatz, Automatikgetriebe-?lwechsel;4921;129555;9;0,0202;3;0;2;7;0;6;2;1;0;0
Teilesatz, Automatikgetriebe-?lwechsel;4921;100551;46;0,1034;9;1;6;6;0;3;5;3;1;2
Teilesatz, Automatikgetriebe-?lwechsel;4921;127857;6;0,0135;3;0;2;2;0;3;3;1;1;1
Teilesatz, Automatikgetriebe-?lwechsel;4921;118034;28;0,0629;3;0;3;7;0;7;0;0;2;0
Teilesatz, Automatikgetriebe-?lwechsel;4921;141859;6;0,0135;3;0;2;7;0;3;0;0;0;0
Teilesatz, Automatikgetriebe-?lwechsel;4921;146122;1;0,0022;6;0;0;0;0;12;2;0;0;0
Teilesatz, Automatikgetriebe-?lwechsel;4921;18021;8;0,018;6;1;3;3;0;3;2;0;1;0
Teilesatz, Automatikgetriebe-?lwechsel;4921;136648;2;0,0045;3;0;2;2;0;3;3;1;1;1
Teilesatz, Automatikgetriebe-?lwechsel;4921;108155;3;0,0067;3;0;0;4;0;2;0;0;1;0
Teilesatz, Automatikgetriebe-?lwechsel;4921;128534;1;0,0022;7;0;9;0;0;6;3;2;0;2
Teilesatz, Automatikgetriebe-?lwechsel;4921;7867;1;0,0022;4;0;5;6;0;8;0;3;2;1
Teilesatz, Automatikgetriebe-?lwechsel;4921;16593;31;0,0697;5;0;8;7;0;4;2;1;1;1
Teilesatz, Automatikgetriebe-?lwechsel;4921;14811;6;0,0135;2;0;0;3;0;3;0;0;0;0
Teilesatz, Automatikgetriebe-?lwechsel;4921;27009;2;0,0045;8;0;3;6;0;5;2;1;2;1
Teilesatz, Automatikgetriebe-?lwechsel;4921;17813;16;0,036;12;1;5;14;0;9;2;2;2;2
Teilesatz, Automatikgetriebe-?lwechsel;4921;100750;76;0,1708;9;1;6;6;0;3;5;3;1;2
Teilesatz, Automatikgetriebe-?lwechsel;4921;32787;54;0,1214;3;0;5;2;0;3;2;1;1;1
Teilesatz, Automatikgetriebe-?lwechsel;4921;8894;1;0,0022;3;0;0;3;0;3;2;1;1;1
Teilesatz, Automatikgetriebe-?lwechsel;4921;115102;2;0,0045;4;0;4;5;0;7;4;1;1;1
Teilesatz, Automatikgetriebe-?lwechsel;4921;117078;4;0,009;3;0;3;7;0;9;0;0;2;0
Teilesatz, Automatikgetriebe-?lwechsel;4921;15150;4;0,009;2;0;0;3;0;3;0;0;0;0
Teilesatz, Automatikgetriebe-?lwechsel;4921;58766;10;0,0225;6;0;7;6;0;5;0;1;2;1
Teilesatz, Automatikgetriebe-?lwechsel;4921;106275;13;0,0292;3;0;2;2;0;3;2;1;1;1
Teilesatz, Automatikgetriebe-?lwechsel;4921;15722;12;0,027;5;0;8;7;0;4;2;1;1;1
Teilesatz, Automatikgetriebe-?lwechsel;4921;106420;7;0,0157;3;0;2;2;0;3;2;1;1;1
Teilesatz, Automatikgetriebe-?lwechsel;4921;19698;5;0,0112;3;0;3;3;0;3;2;1;0;0
Teilesatz, Automatikgetriebe-?lwechsel;4921;18082;5;0,0112;3;0;7;5;0;6;2;2;1;1
Teilesatz, Automatikgetriebe-?lwechsel;4921;30005;13;0,0292;3;0;2;3;0;3;2;1;2;1
Teilesatz, Automatikgetriebe-?lwechsel;4921;100931;2;0,0045;4;0;3;5;0;6;2;2;1;1
Teilesatz, Automatikgetriebe-?lwechsel;4921;142233;1;0,0022;3;0;2;10;0;9;2;1;0;0
Teilesatz, Automatikgetriebe-?lwechsel;4921;18044;1;0,0022;6;0;0;2;0;3;2;1;0;0
Teilesatz, Automatikgetriebe-?lwechsel;4921;140981;1;0,0022;0;0;0;0;0;1;2;2;0;0
Teilesatz, Automatikgetriebe-?lwechsel;4921;19056;14;0,0315;7;0;11;6;0;8;3;2;0;2
Teilesatz, Automatikgetriebe-?lwechsel;4921;59679;128;0,2877;6;0;7;11;0;9;4;2;1;1
Teilesatz, Automatikgetriebe-?lwechsel;4921;136779;3;0,0067;2;0;2;3;0;3;2;1;1;0
Teilesatz, Automatikgetriebe-?lwechsel;4921;17307;1;0,0022;0;0;2;0;0;0;0;0;0;0
Teilesatz, Automatikgetriebe-?lwechsel;4921;106231;13;0,0292;5;0;2;4;0;2;0;0;1;0
Teilesatz, Automatikgetriebe-?lwechsel;4921;143518;10;0,0225;3;0;2;10;0;9;2;1;0;0
Teilesatz, Automatikgetriebe-?lwechsel;4921;30374;12;0,027;2;0;2;2;0;6;0;0;0;0
Teilesatz, Automatikgetriebe-?lwechsel;4921;113450;47;0,1056;3;0;2;2;0;3;3;1;1;1
Teilesatz, Automatikgetriebe-?lwechsel;4921;6270;2;0,0045;0;0;3;4;0;6;0;0;0;0
Teilesatz, Automatikgetriebe-?lwechsel;4921;115178;2;0,0045;2;0;0;4;0;2;0;0;1;0
Teilesatz, Automatikgetriebe-?lwechsel;4921;132935;2;0,0045;2;0;0;0;0;0;0;0;0;0
Teilesatz, Automatikgetriebe-?lwechsel;4921;7928;2;0,0045;3;0;7;9;0;3;0;1;3;1
Teilesatz, Automatikgetriebe-?lwechsel;4921;22940;3;0,0067;3;0;7;5;0;6;4;1;1;1
Teilesatz, Automatikgetriebe-?lwechsel;4921;138741;1;0,0022;3;0;3;3;0;3;6;1;1;0
Teilesatz, Automatikgetriebe-?lwechsel;4921;143491;2;0,0045;0;0;0;3;0;3;0;0;0;0
Teilesatz, Automatikgetriebe-?lwechsel;4921;115164;6;0,0135;6;0;0;4;0;2;0;0;1;0
Teilesatz, Automatikgetriebe-?lwechsel;4921;134048;18;0,0405;0;0;0;4;0;6;0;1;0;0
Teilesatz, Automatikgetriebe-?lwechsel;4921;126007;49;0,1101;0;0;2;3;0;3;4;0;0;0
Teilesatz, Automatikgetriebe-?lwechsel;4921;17353;2;0,0045;3;0;0;6;0;6;0;2;0;2
Teilesatz, Automatikgetriebe-?lwechsel;4921;23387;2;0,0045;2;0;0;3;0;3;0;0;0;0
Teilesatz, Automatikgetriebe-?lwechsel;4921;128179;9;0,0202;4;0;2;3;0;3;2;2;1;1
Teilesatz, Automatikgetriebe-?lwechsel;4921;119945;1;0,0022;0;0;0;2;0;3;0;0;0;0
Teilesatz, Automatikgetriebe-?lwechsel;4921;17224;4;0,009;6;1;3;3;0;3;2;0;1;0
Teilesatz, Automatikgetriebe-?lwechsel;4921;114608;2;0,0045;0;0;0;3;0;3;0;0;0;0
Teilesatz, Automatikgetriebe-?lwechsel;4921;11888;11;0,0247;3;0;2;2;0;3;3;0;1;0
Teilesatz, Automatikgetriebe-?lwechsel;4921;140122;36;0,0809;3;0;2;6;0;6;2;1;0;0
Teilesatz, Automatikgetriebe-?lwechsel;4921;146112;5;0,0112;6;0;1;3;0;6;2;0;1;0
Teilesatz, Automatikgetriebe-?lwechsel;4921;112383;1;0,0022;5;0;2;7;0;5;0;0;0;0
Teilesatz, Automatikgetriebe-?lwechsel;4921;133682;1;0,0022;0;0;0;2;0;1;0;0;0;0
Teilesatz, Automatikgetriebe-?lwechsel;4921;100788;1;0,0022;1;0;6;8;0;9;2;1;1;1
Teilesatz, Automatikgetriebe-?lwechsel;4921;33768;2;0,0045;3;1;2;2;0;3;3;1;1;1
Teilesatz, Automatikgetriebe-?lwechsel;4921;114344;1;0,0022;3;0;3;6;0;3;2;1;2;1
Teilesatz, Automatikgetriebe-?lwechsel;4921;131408;3;0,0067;2;0;2;3;0;3;2;1;1;0
Teilesatz, Automatikgetriebe-?lwechsel;4921;518;1;0,0022;3;0;0;6;0;9;0;0;0;0
Teilesatz, Automatikgetriebe-?lwechsel;4921;19719;5;0,0112;7;0;11;6;0;8;3;2;0;2
Teilesatz, Automatikgetriebe-?lwechsel;4921;126184;1;0,0022;3;0;3;7;0;7;0;0;2;0
Teilesatz, Automatikgetriebe-?lwechsel;4921;26018;8;0,018;12;0;14;7;0;8;5;3;1;3
Teilesatz, Automatikgetriebe-?lwechsel;4921;117850;3;0,0067;3;0;0;3;0;4;0;0;0;0
Teilesatz, Automatikgetriebe-?lwechsel;4921;112233;2;0,0045;9;1;6;9;0;10;5;4;1;2
Teilesatz, Automatikgetriebe-?lwechsel;4921;139648;1;0,0022;3;0;4;6;0;5;0;0;2;0
Teilesatz, Automatikgetriebe-?lwechsel;4921;134555;6;0,0135;3;0;2;3;0;3;2;1;1;1
Teilesatz, Automatikgetriebe-?lwechsel;4921;17820;6;0,0135;2;0;1;5;0;6;0;0;0;0
Teilesatz, Automatikgetriebe-?lwechsel;4921;135693;6;0,0135;0;0;0;5;0;1;0;0;0;0
Teilesatz, Automatikgetriebe-?lwechsel;4921;107644;3;0,0067;9;1;2;3;0;3;5;3;1;2
Teilesatz, Automatikgetriebe-?lwechsel;4921;117846;2;0,0045;3;0;0;3;0;3;2;0;0;0
Teilesatz, Automatikgetriebe-?lwechsel;4921;19346;4;0,009;3;0;7;3;0;4;3;2;0;2
Teilesatz, Automatikgetriebe-?lwechsel;4921;33338;1;0,0022;3;0;1;2;0;3;2;0;0;0
Teilesatz, Automatikgetriebe-?lwechsel;4921;108616;10;0,0225;6;0;7;5;0;6;4;2;2;1
Teilesatz, Automatikgetriebe-?lwechsel;4921;143258;14;0,0315;3;0;0;2;0;2;2;1;1;0
Teilesatz, Automatikgetriebe-?lwechsel;4921;56775;2;0,0045;1;0;2;4;0;3;3;1;1;1
Teilesatz, Automatikgetriebe-?lwechsel;4921;100043;3;0,0067;3;0;3;9;0;7;4;1;2;1
Teilesatz, Automatikgetriebe-?lwechsel;4921;31739;2;0,0045;0;0;0;2;0;3;0;0;0;0
Teilesatz, Automatikgetriebe-?lwechsel;4921;18701;4;0,009;5;0;9;7;0;4;2;1;1;1
Teilesatz, Automatikgetriebe-?lwechsel;4921;133936;8;0,018;2;0;2;6;0;6;2;2;1;0
Teilesatz, Automatikgetriebe-?lwechsel;4921;118078;2;0,0045;3;0;2;2;0;3;3;1;1;1
Teilesatz, Automatikgetriebe-?lwechsel;4921;32797;2;0,0045;3;0;5;2;0;3;2;2;1;1
Teilesatz, Automatikgetriebe-?lwechsel;4921;141860;50;0,1124;3;0;2;7;0;3;2;1;0;0
Teilesatz, Automatikgetriebe-?lwechsel;4921;59047;4;0,009;7;0;4;3;0;4;3;2;0;2
Teilesatz, Automatikgetriebe-?lwechsel;4921;33306;2;0,0045;3;0;2;3;0;3;2;1;0;0
Teilesatz, Automatikgetriebe-?lwechsel;4921;115201;9;0,0202;0;0;0;4;0;6;0;0;0;0
Teilesatz, Automatikgetriebe-?lwechsel;4921;957;3;0,0067;8;0;6;7;0;13;2;1;1;1
Teilesatz, Automatikgetriebe-?lwechsel;4921;109396;7;0,0157;3;0;1;3;0;3;2;1;0;0
Teilesatz, Automatikgetriebe-?lwechsel;4921;12173;17;0,0382;3;0;2;3;0;3;2;1;0;0
Teilesatz, Automatikgetriebe-?lwechsel;4921;145526;2;0,0045;3;0;0;2;0;3;0;0;0;0
Teilesatz, Automatikgetriebe-?lwechsel;4921;28161;1;0,0022;5;0;4;4;0;4;2;1;1;1
Teilesatz, Automatikgetriebe-?lwechsel;4921;112955;3;0,0067;0;0;5;2;0;3;0;0;0;0
Teilesatz, Automatikgetriebe-?lwechsel;4921;17176;10;0,0225;3;0;0;6;0;3;0;2;0;2
Teilesatz, Automatikgetriebe-?lwechsel;4921;9639;1;0,0022;3;0;0;3;0;3;0;0;0;0
Teilesatz, Automatikgetriebe-?lwechsel;4921;30367;3;0,0067;2;0;2;2;0;6;0;0;0;0
Teilesatz, Automatikgetriebe-?lwechsel;4921;130839;6;0,0135;0;0;0;4;0;6;0;0;0;0
Teilesatz, Automatikgetriebe-?lwechsel;4921;34937;1;0,0022;3;0;1;2;0;3;2;1;1;1
Teilesatz, Automatikgetriebe-?lwechsel;4921;19921;1;0,0022;4;1;5;6;0;6;2;1;2;1
Teilesatz, Automatikgetriebe-?lwechsel;4921;135178;7;0,0157;3;0;5;7;0;7;0;0;2;0
Teilesatz, Automatikgetriebe-?lwechsel;4921;23429;4;0,009;6;1;2;5;0;6;2;1;2;1
Teilesatz, Automatikgetriebe-?lwechsel;4921;18961;5;0,0112;7;0;15;3;0;4;3;2;0;2
Teilesatz, Automatikgetriebe-?lwechsel;4921;119878;11;0,0247;3;0;2;2;0;3;3;0;1;0
Teilesatz, Automatikgetriebe-?lwechsel;4921;113451;38;0,0854;3;0;2;2;0;3;3;1;1;1
Teilesatz, Automatikgetriebe-?lwechsel;4921;31072;1;0,0022;1;0;2;2;0;3;2;1;1;1
Teilesatz, Automatikgetriebe-?lwechsel;4921;59038;13;0,0292;7;0;4;3;0;4;3;2;0;2
Teilesatz, Automatikgetriebe-?lwechsel;4921;32264;18;0,0405;6;0;5;2;0;3;2;1;1;1
Teilesatz, Automatikgetriebe-?lwechsel;4921;31317;2;0,0045;3;0;2;4;0;2;0;0;1;0
Teilesatz, Automatikgetriebe-?lwechsel;4921;26787;9;0,0202;3;0;2;3;0;3;2;1;0;0
Teilesatz, Automatikgetriebe-?lwechsel;4921;136001;1;0,0022;6;1;2;3;0;6;3;1;1;0
Teilesatz, Automatikgetriebe-?lwechsel;4921;130301;4;0,009;0;0;0;3;0;4;0;0;0;0
Teilesatz, Automatikgetriebe-?lwechsel;4921;705;2;0,0045;6;0;0;6;0;9;0;0;0;0
Teilesatz, Automatikgetriebe-?lwechsel;4921;11807;3;0,0067;2;0;0;0;0;4;0;0;0;0
Teilesatz, Automatikgetriebe-?lwechsel;4921;31017;1;0,0022;0;0;0;3;0;3;0;0;0;0
Teilesatz, Automatikgetriebe-?lwechsel;4921;19061;1;0,0022;2;0;0;4;0;7;0;1;1;1
Teilesatz, Automatikgetriebe-?lwechsel;4921;18483;1;0,0022;0;0;0;0;0;0;0;0;0;0
Teilesatz, Automatikgetriebe-?lwechsel;4921;129618;1;0,0022;0;0;2;3;0;3;2;0;1;0
Teilesatz, Automatikgetriebe-?lwechsel;4921;130642;2;0,0045;3;0;2;2;0;3;2;1;1;1
Teilesatz, Automatikgetriebe-?lwechsel;4921;135343;7;0,0157;6;0;0;7;0;3;0;0;1;0
Teilesatz, Automatikgetriebe-?lwechsel;4921;145012;1;0,0022;3;0;0;10;0;6;2;1;0;0
Teilesatz, Automatikgetriebe-?lwechsel;4921;117576;1;0,0022;0;0;0;4;0;9;0;0;0;0
Teilesatz, Automatikgetriebe-?lwechsel;4921;25476;8;0,018;3;1;2;3;0;3;2;1;1;1
Teilesatz, Automatikgetriebe-?lwechsel;4921;9288;28;0,0629;7;0;6;6;0;8;3;2;0;2
Teilesatz, Automatikgetriebe-?lwechsel;4921;115062;6;0,0135;3;0;2;3;0;3;2;1;0;0
Teilesatz, Automatikgetriebe-?lwechsel;4921;132147;2;0,0045;0;0;0;2;0;3;0;0;0;0
Teilesatz, Automatikgetriebe-?lwechsel;4921;17172;11;0,0247;4;0;3;3;0;5;2;2;1;1
Teilesatz, Automatikgetriebe-?lwechsel;4921;124240;27;0,0607;5;0;2;4;0;2;0;0;1;0
Teilesatz, Automatikgetriebe-?lwechsel;4921;5105;7;0,0157;4;0;0;8;0;9;2;1;0;1
Teilesatz, Automatikgetriebe-?lwechsel;4921;131249;1;0,0022;0;0;0;3;0;0;2;0;0;0
Teilesatz, Automatikgetriebe-?lwechsel;4921;141039;2;0,0045;0;0;0;3;0;2;0;0;0;0
Teilesatz, Automatikgetriebe-?lwechsel;4921;29994;24;0,0539;3;0;5;2;0;6;2;1;1;1
Teilesatz, Automatikgetriebe-?lwechsel;4921;59807;2;0,0045;3;0;2;2;0;3;3;1;1;1
Teilesatz, Automatikgetriebe-?lwechsel;4921;141581;1;0,0022;3;0;4;6;0;5;0;0;2;0
Teilesatz, Automatikgetriebe-?lwechsel;4921;19806;5;0,0112;3;0;4;2;0;3;2;1;1;1
Teilesatz, Automatikgetriebe-?lwechsel;4921;142748;1;0,0022;0;0;0;0;0;6;0;1;1;1
Teilesatz, Automatikgetriebe-?lwechsel;4921;29930;1;0,0022;4;0;2;4;0;9;0;0;0;0
Teilesatz, Automatikgetriebe-?lwechsel;4921;59806;5;0,0112;3;0;2;2;0;3;3;1;1;1
Teilesatz, Automatikgetriebe-?lwechsel;4921;108588;25;0,0562;3;0;4;11;0;12;0;0;1;0
Teilesatz, Automatikgetriebe-?lwechsel;4921;16317;2;0,0045;0;0;0;0;0;0;0;0;0;0
Teilesatz, Automatikgetriebe-?lwechsel;4921;108592;108;0,2428;3;0;5;8;0;9;0;1;3;1
Teilesatz, Automatikgetriebe-?lwechsel;4921;17231;1;0,0022;1;0;2;5;0;9;0;0;0;0
Teilesatz, Automatikgetriebe-?lwechsel;4921;30384;1;0,0022;4;0;0;0;0;6;2;1;2;1
Teilesatz, Automatikgetriebe-?lwechsel;4921;59407;1;0,0022;3;0;2;2;0;3;3;1;1;1
Teilesatz, Automatikgetriebe-?lwechsel;4921;34767;11;0,0247;7;1;5;3;0;6;2;1;1;1
Teilesatz, Automatikgetriebe-?lwechsel;4921;136124;8;0,018;0;0;0;4;0;6;0;1;0;0
Teilesatz, Automatikgetriebe-?lwechsel;4921;126897;1;0,0022;0;0;0;3;0;3;0;0;0;0
Teilesatz, Automatikgetriebe-?lwechsel;4921;132334;74;0,1663;3;0;5;5;0;4;0;0;1;0
Teilesatz, Automatikgetriebe-?lwechsel;4921;106408;12;0,027;3;0;2;2;0;3;3;1;1;1
Teilesatz, Automatikgetriebe-?lwechsel;4921;31496;1;0,0022;7;0;3;3;0;4;3;2;0;2
Teilesatz, Automatikgetriebe-?lwechsel;4921;143838;1;0,0022;3;0;0;0;0;2;2;1;1;0
Teilesatz, Automatikgetriebe-?lwechsel;4921;17970;3;0,0067;6;0;7;5;0;6;2;2;1;1
Teilesatz, Automatikgetriebe-?lwechsel;4921;32088;5;0,0112;0;0;0;2;0;3;0;0;0;0
Teilesatz, Automatikgetriebe-?lwechsel;4921;56026;5;0,0112;3;0;2;3;0;3;2;0;0;0
Teilesatz, Automatikgetriebe-?lwechsel;4921;317;11;0,0247;2;0;2;4;0;2;0;0;0;0
Teilesatz, Automatikgetriebe-?lwechsel;4921;128418;4;0,009;5;0;3;2;0;3;0;0;0;0
Teilesatz, Automatikgetriebe-?lwechsel;4921;138726;2;0,0045;0;0;2;2;0;6;2;0;0;0
Teilesatz, Automatikgetriebe-?lwechsel;4921;23069;1;0,0022;2;0;0;3;0;3;0;0;0;0
Teilesatz, Automatikgetriebe-?lwechsel;4921;31430;16;0,036;3;0;2;3;0;6;2;1;1;1
Teilesatz, Automatikgetriebe-?lwechsel;4921;26753;6;0,0135;5;0;2;4;0;2;0;0;1;0
Teilesatz, Automatikgetriebe-?lwechsel;4921;137668;29;0,0652;0;0;2;3;0;3;0;2;1;1
Teilesatz, Automatikgetriebe-?lwechsel;4921;59638;3;0,0067;5;0;5;5;0;3;0;1;2;1
Teilesatz, Automatikgetriebe-?lwechsel;4921;31965;1;0,0022;3;0;5;2;0;3;2;1;1;1
Teilesatz, Automatikgetriebe-?lwechsel;4921;128294;18;0,0405;5;0;2;4;0;6;2;0;1;0
Teilesatz, Automatikgetriebe-?lwechsel;4921;100708;17;0,0382;3;0;2;2;0;3;3;0;1;0
Teilesatz, Automatikgetriebe-?lwechsel;4921;126164;1;0,0022;0;0;0;0;0;2;0;0;0;0
Teilesatz, Automatikgetriebe-?lwechsel;4921;138273;2;0,0045;2;0;2;2;0;3;5;0;1;0
Teilesatz, Automatikgetriebe-?lwechsel;4921;126896;1;0,0022;0;0;0;3;0;3;0;0;0;0
Teilesatz, Automatikgetriebe-?lwechsel;4921;117082;14;0,0315;3;0;5;9;0;10;0;0;3;0
Teilesatz, Automatikgetriebe-?lwechsel;4921;25488;3;0,0067;3;1;2;6;0;3;2;1;1;1
Teilesatz, Automatikgetriebe-?lwechsel;4921;20893;5;0,0112;2;0;1;5;0;6;0;0;0;0
Teilesatz, Automatikgetriebe-?lwechsel;4921;26569;4;0,009;5;0;6;7;0;4;2;1;1;1
Teilesatz, Automatikgetriebe-?lwechsel;4921;18858;1;0,0022;3;0;0;2;0;4;0;0;0;0
Teilesatz, Automatikgetriebe-?lwechsel;4921;54960;1;0,0022;5;0;3;4;0;4;2;1;1;1
Teilesatz, Automatikgetriebe-?lwechsel;4921;58292;1;0,0022;3;0;2;2;0;3;3;1;1;1
Teilesatz, Automatikgetriebe-?lwechsel;4921;16324;2;0,0045;4;0;2;2;0;6;2;0;0;0
Teilesatz, Automatikgetriebe-?lwechsel;4921;28234;6;0,0135;3;0;4;2;0;3;2;1;1;1
Teilesatz, Automatikgetriebe-?lwechsel;4921;9041;1;0,0022;0;0;0;3;0;0;0;0;0;0
Teilesatz, Automatikgetriebe-?lwechsel;4921;116046;2;0,0045;2;0;3;3;0;3;0;1;1;1
Teilesatz, Automatikgetriebe-?lwechsel;4921;56076;28;0,0629;9;0;11;9;0;11;5;3;1;2
Teilesatz, Automatikgetriebe-?lwechsel;4921;18590;19;0,0427;8;0;4;8;0;6;4;2;1;2
Teilesatz, Automatikgetriebe-?lwechsel;4921;137772;1;0,0022;0;0;0;0;0;3;0;1;1;1
Teilesatz, Automatikgetriebe-?lwechsel;4921;18246;3;0,0067;3;0;3;3;0;3;2;3;1;1
Teilesatz, Automatikgetriebe-?lwechsel;4921;748;2;0,0045;3;0;0;6;0;12;0;0;0;0
Teilesatz, Automatikgetriebe-?lwechsel;4921;19439;2;0,0045;3;0;1;4;0;6;2;1;1;1
Teilesatz, Automatikgetriebe-?lwechsel;4921;145198;15;0,0337;3;0;0;3;0;6;2;1;0;0
Teilesatz, Automatikgetriebe-?lwechsel;4921;32753;1;0,0022;3;0;5;5;0;6;0;0;0;0
Teilesatz, Automatikgetriebe-?lwechsel;4921;137131;1;0,0022;3;0;0;0;0;0;2;1;0;0
Teilesatz, Automatikgetriebe-?lwechsel;4921;17885;4;0,009;7;0;17;10;0;12;3;2;0;2
Teilesatz, Automatikgetriebe-?lwechsel;4921;11459;4;0,009;8;0;13;7;0;4;2;3;1;3
Teilesatz, Automatikgetriebe-?lwechsel;4921;29975;3;0,0067;11;0;5;12;0;9;2;2;2;1
Teilesatz, Automatikgetriebe-?lwechsel;4921;116215;8;0,018;0;0;0;2;0;0;0;0;0;0
Teilesatz, Automatikgetriebe-?lwechsel;4921;143635;11;0,0247;0;0;0;3;0;3;0;1;0;0
Teilesatz, Automatikgetriebe-?lwechsel;4921;17920;6;0,0135;4;0;2;9;0;12;2;2;2;2
Teilesatz, Automatikgetriebe-?lwechsel;4921;9944;9;0,0202;9;0;8;9;0;11;3;2;1;2
Teilesatz, Automatikgetriebe-?lwechsel;4921;34927;2;0,0045;3;0;0;3;0;3;0;0;0;0
Teilesatz, Automatikgetriebe-?lwechsel;4921;132521;1;0,0022;0;0;0;2;0;3;0;0;0;0
Teilesatz, Automatikgetriebe-?lwechsel;4921;126162;5;0,0112;6;0;5;7;0;7;0;0;2;0
Teilesatz, Automatikgetriebe-?lwechsel;4921;57438;5;0,0112;3;0;7;5;0;6;2;1;1;1
Teilesatz, Automatikgetriebe-?lwechsel;4921;100060;31;0,0697;5;0;6;8;0;9;0;0;2;0
Teilesatz, Automatikgetriebe-?lwechsel;4921;57436;2;0,0045;0;0;0;2;0;3;0;0;0;0
Teilesatz, Automatikgetriebe-?lwechsel;4921;100506;22;0,0495;0;0;0;6;0;3;2;0;0;0
Teilesatz, Automatikgetriebe-?lwechsel;4921;58765;13;0,0292;6;0;7;12;0;11;0;1;2;1
Teilesatz, Automatikgetriebe-?lwechsel;4921;11570;2;0,0045;0;0;2;2;0;3;2;0;0;0
Teilesatz, Automatikgetriebe-?lwechsel;4921;2962;1;0,0022;0;1;5;3;0;6;2;1;1;1
Teilesatz, Automatikgetriebe-?lwechsel;4921;19104;5;0,0112;6;1;2;6;0;3;2;1;1;1
Teilesatz, Automatikgetriebe-?lwechsel;4921;10316;5;0,0112;3;1;2;2;0;3;3;1;1;1
Teilesatz, Automatikgetriebe-?lwechsel;4921;128142;2;0,0045;3;0;0;3;0;5;0;0;0;0
Teilesatz, Automatikgetriebe-?lwechsel;4921;142541;3;0,0067;3;0;2;6;0;9;2;1;0;0
Teilesatz, Automatikgetriebe-?lwechsel;4921;116120;2;0,0045;6;1;2;3;0;6;3;3;1;2
Teilesatz, Automatikgetriebe-?lwechsel;4921;30363;2;0,0045;3;0;2;2;0;6;2;1;2;1
Teilesatz, Automatikgetriebe-?lwechsel;4921;33050;2;0,0045;7;0;13;10;0;8;3;2;0;2
Teilesatz, Automatikgetriebe-?lwechsel;4921;133732;2;0,0045;5;0;0;0;0;0;0;0;0;0
Teilesatz, Automatikgetriebe-?lwechsel;4921;135719;1;0,0022;3;0;5;7;0;7;0;0;2;0
Teilesatz, Automatikgetriebe-?lwechsel;4921;141573;5;0,0112;0;0;4;6;0;5;0;0;2;0
Teilesatz, Automatikgetriebe-?lwechsel;4921;127683;4;0,009;0;0;0;3;0;9;0;1;0;0
Teilesatz, Automatikgetriebe-?lwechsel;4921;32108;14;0,0315;3;1;2;2;0;3;3;1;1;1
Teilesatz, Automatikgetriebe-?lwechsel;4921;53264;1;0,0022;9;0;2;6;0;6;2;3;1;2
Teilesatz, Automatikgetriebe-?lwechsel;4921;136578;1;0,0022;2;0;2;3;0;3;2;1;1;0
Teilesatz, Automatikgetriebe-?lwechsel;4921;33053;2;0,0045;3;0;0;3;0;3;0;0;0;0
Teilesatz, Automatikgetriebe-?lwechsel;4921;108612;3;0,0067;5;0;0;4;0;2;0;0;0;0
Teilesatz, Automatikgetriebe-?lwechsel;4921;32784;11;0,0247;4;0;4;6;0;4;0;0;1;0
Teilesatz, Automatikgetriebe-?lwechsel;4921;17810;30;0,0674;1;0;5;2;0;3;2;1;1;1
Teilesatz, Automatikgetriebe-?lwechsel;4921;115676;2;0,0045;0;0;0;2;0;3;0;0;0;0
Teilesatz, Automatikgetriebe-?lwechsel;4921;124051;5;0,0112;4;0;2;6;0;5;0;1;2;1
Teilesatz, Automatikgetriebe-?lwechsel;4921;144223;7;0,0157;3;0;0;2;0;0;1;1;0;0
Teilesatz, Automatikgetriebe-?lwechsel;4921;117085;1;0,0022;3;0;5;9;0;10;0;0;3;0
Teilesatz, Automatikgetriebe-?lwechsel;4921;14397;1;0,0022;5;0;0;5;0;6;2;2;0;2
Teilesatz, Automatikgetriebe-?lwechsel;4921;138723;1;0,0022;0;0;0;2;0;6;2;1;0;1
Teilesatz, Automatikgetriebe-?lwechsel;4921;111168;1;0,0022;7;1;0;0;0;3;2;2;0;2
Teilesatz, Automatikgetriebe-?lwechsel;4921;113730;2;0,0045;0;0;0;3;0;3;0;0;0;0
Teilesatz, Automatikgetriebe-?lwechsel;4921;138274;2;0,0045;0;0;0;4;0;6;2;0;1;0
Teilesatz, Automatikgetriebe-?lwechsel;4921;116654;2;0,0045;0;0;2;2;0;3;2;1;1;1
Teilesatz, Automatikgetriebe-?lwechsel;4921;134484;1;0,0022;0;0;0;0;0;0;0;0;0;0
Teilesatz, Automatikgetriebe-?lwechsel;4921;17671;1;0,0022;3;0;0;3;0;6;0;0;0;0
Teilesatz, Automatikgetriebe-?lwechsel;4921;123923;2;0,0045;3;0;2;2;0;3;2;0;1;0
Teilesatz, Automatikgetriebe-?lwechsel;4921;28157;1;0,0022;5;0;6;4;0;4;2;1;1;1
Teilesatz, Automatikgetriebe-?lwechsel;4921;5730;1;0,0022;3;0;2;3;0;6;2;0;0;0
Teilesatz, Automatikgetriebe-?lwechsel;4921;122968;1;0,0022;2;0;0;0;0;3;0;0;0;0
Teilesatz, Automatikgetriebe-?lwechsel;4921;141881;2;0,0045;0;0;0;3;0;3;2;0;0;0
Teilesatz, Automatikgetriebe-?lwechsel;4921;136375;2;0,0045;3;0;2;3;0;3;2;1;0;0
Teilesatz, Automatikgetriebe-?lwechsel;4921;55169;1;0,0022;0;0;0;0;0;3;0;0;0;0
Teilesatz, Automatikgetriebe-?lwechsel;4921;22673;1;0,0022;3;1;2;3;0;3;2;0;1;0
Teilesatz, Automatikgetriebe-?lwechsel;4921;142240;6;0,0135;3;0;0;3;0;6;2;0;0;0
Teilesatz, Automatikgetriebe-?lwechsel;4921;108659;1;0,0022;3;0;0;7;0;3;0;0;1;0
Teilesatz, Automatikgetriebe-?lwechsel;4921;16925;1;0,0022;2;0;2;5;0;6;0;0;0;0
Teilesatz, Automatikgetriebe-?lwechsel;4921;106490;43;0,0967;0;0;0;3;0;4;0;0;0;0
Teilesatz, Automatikgetriebe-?lwechsel;4921;24472;4;0,009;3;0;4;2;0;3;0;1;1;1
Teilesatz, Automatikgetriebe-?lwechsel;4921;10504;4;0,009;5;0;6;4;0;4;2;1;1;1
Teilesatz, Automatikgetriebe-?lwechsel;4921;143269;3;0,0067;2;0;2;7;0;3;0;0;0;0
Teilesatz, Automatikgetriebe-?lwechsel;4921;124001;1;0,0022;0;0;0;2;0;3;0;0;0;0
Teilesatz, Automatikgetriebe-?lwechsel;4921;33590;12;0,027;7;0;4;3;0;4;3;2;0;2
Teilesatz, Automatikgetriebe-?lwechsel;4921;34952;2;0,0045;1;0;4;2;0;3;0;0;0;0
Teilesatz, Automatikgetriebe-?lwechsel;4921;14617;1;0,0022;2;0;0;3;0;3;0;0;0;0
Teilesatz, Automatikgetriebe-?lwechsel;4921;124822;3;0,0067;2;1;0;3;0;3;2;1;1;0
Teilesatz, Automatikgetriebe-?lwechsel;4921;144818;1;0,0022;0;0;0;0;0;2;2;2;0;0
Teilesatz, Automatikgetriebe-?lwechsel;4921;136519;2;0,0045;3;0;2;2;0;3;3;1;1;1
Teilesatz, Automatikgetriebe-?lwechsel;4921;56791;1;0,0022;7;0;5;5;0;9;2;1;1;1
Teilesatz, Automatikgetriebe-?lwechsel;4921;26565;4;0,009;5;0;4;7;0;4;2;1;1;1
Teilesatz, Automatikgetriebe-?lwechsel;4921;100393;1;0,0022;0;0;0;2;0;3;0;0;0;0
Teilesatz, Automatikgetriebe-?lwechsel;4921;110046;3;0,0067;3;0;2;2;0;3;2;1;1;1
Teilesatz, Automatikgetriebe-?lwechsel;4921;12487;4;0,009;1;0;0;4;0;0;0;0;0;0
Teilesatz, Automatikgetriebe-?lwechsel;4921;117805;1;0,0022;0;0;0;0;0;6;0;0;0;0
Teilesatz, Automatikgetriebe-?lwechsel;4921;141450;1;0,0022;3;1;0;2;0;3;3;0;0;0
Teilesatz, Automatikgetriebe-?lwechsel;4921;133044;1;0,0022;7;0;1;3;0;4;0;2;0;2
Teilesatz, Automatikgetriebe-?lwechsel;4921;11018;1;0,0022;0;0;0;0;0;0;0;0;0;0
Teilesatz, Automatikgetriebe-?lwechsel;4921;119604;2;0,0045;9;1;2;3;0;3;5;2;1;1
Teilesatz, Automatikgetriebe-?lwechsel;4921;16828;1;0,0022;3;0;2;6;0;6;2;1;1;1
Teilesatz, Automatikgetriebe-?lwechsel;4921;142456;22;0,0495;3;0;3;5;0;3;2;1;0;0
Teilesatz, Automatikgetriebe-?lwechsel;4921;120246;1;0,0022;3;0;2;2;0;3;3;1;1;1
Teilesatz, Automatikgetriebe-?lwechsel;4921;138877;1;0,0022;4;0;0;0;0;14;2;1;0;0
Teilesatz, Automatikgetriebe-?lwechsel;4921;131370;3;0,0067;9;0;2;3;0;3;5;3;1;2
Teilesatz, Automatikgetriebe-?lwechsel;4921;128762;1;0,0022;0;0;0;0;0;0;0;0;0;0
Teilesatz, Automatikgetriebe-?lwechsel;4921;142281;13;0,0292;3;0;0;6;0;5;2;1;0;0
Teilesatz, Automatikgetriebe-?lwechsel;4921;136474;1;0,0022;5;0;2;2;0;6;2;0;1;0
Teilesatz, Automatikgetriebe-?lwechsel;4921;8376;5;0,0112;5;0;6;4;0;4;2;1;1;1
Teilesatz, Automatikgetriebe-?lwechsel;4921;16714;41;0,0922;5;0;8;7;0;4;2;1;1;1
Teilesatz, Automatikgetriebe-?lwechsel;4921;136302;1;0,0022;3;0;2;2;0;3;3;0;1;0
Teilesatz, Automatikgetriebe-?lwechsel;4921;18069;2;0,0045;1;0;6;5;0;6;2;2;1;1
Teilesatz, Automatikgetriebe-?lwechsel;4921;110075;6;0,0135;3;0;2;2;0;3;2;1;1;1
Teilesatz, Automatikgetriebe-?lwechsel;4921;114894;88;0,1978;3;0;7;5;0;9;2;1;1;1
Teilesatz, Automatikgetriebe-?lwechsel;4921;119608;1;0,0022;3;0;2;2;1;3;3;0;1;0
Teilesatz, Automatikgetriebe-?lwechsel;4921;136107;4;0,009;3;0;2;6;0;5;0;0;2;0
Teilesatz, Automatikgetriebe-?lwechsel;4921;127328;7;0,0157;2;0;2;3;0;3;2;1;1;0
Teilesatz, Automatikgetriebe-?lwechsel;4921;31034;3;0,0067;3;1;2;3;0;3;2;1;1;1
Teilesatz, Automatikgetriebe-?lwechsel;4921;134281;14;0,0315;3;0;0;0;0;0;2;1;1;1
Teilesatz, Automatikgetriebe-?lwechsel;4921;18249;17;0,0382;6;0;7;5;0;6;2;2;1;1
Teilesatz, Automatikgetriebe-?lwechsel;4921;117763;7;0,0157;4;0;4;11;0;8;3;0;2;0
Teilesatz, Automatikgetriebe-?lwechsel;4921;141374;3;0,0067;2;0;1;3;0;3;2;1;1;0
Teilesatz, Automatikgetriebe-?lwechsel;4921;17417;6;0,0135;5;0;4;4;0;4;2;0;0;0
Teilesatz, Automatikgetriebe-?lwechsel;4921;144934;4;0,009;1;0;1;2;0;3;1;1;0;0
Teilesatz, Automatikgetriebe-?lwechsel;4921;59808;2;0,0045;3;0;2;2;0;3;3;1;1;1
Teilesatz, Automatikgetriebe-?lwechsel;4921;32793;1;0,0022;0;0;2;4;0;9;0;0;0;0
Teilesatz, Automatikgetriebe-?lwechsel;4921;10313;11;0,0247;3;1;2;2;0;3;3;1;1;1
Teilesatz, Automatikgetriebe-?lwechsel;4921;31032;1;0,0022;3;1;2;6;0;3;2;1;1;1
Teilesatz, Automatikgetriebe-?lwechsel;4921;11995;6;0,0135;2;0;4;5;0;6;2;1;1;0
Teilesatz, Automatikgetriebe-?lwechsel;4921;126001;24;0,0539;6;0;4;6;0;5;0;0;1;0
Teilesatz, Automatikgetriebe-?lwechsel;4921;19475;5;0,0112;4;0;0;4;0;12;2;1;2;1
Teilesatz, Automatikgetriebe-?lwechsel;4921;116674;2;0,0045;3;0;2;2;0;3;2;1;1;1
Teilesatz, Automatikgetriebe-?lwechsel;4921;15453;7;0,0157;6;0;0;3;0;3;2;1;0;1
Teilesatz, Automatikgetriebe-?lwechsel;4921;140928;4;0,009;0;0;0;2;0;3;2;0;0;0
Teilesatz, Automatikgetriebe-?lwechsel;4921;11789;4;0,009;3;0;2;3;0;3;0;0;2;0
Teilesatz, Automatikgetriebe-?lwechsel;4921;132316;6;0,0135;2;0;2;3;0;3;2;1;1;0
Teilesatz, Automatikgetriebe-?lwechsel;4921;115116;16;0,036;0;0;0;3;0;4;0;0;0;0
Teilesatz, Automatikgetriebe-?lwechsel;4921;138535;2;0,0045;0;0;0;2;0;3;0;0;0;0
Teilesatz, Automatikgetriebe-?lwechsel;4921;59385;5;0,0112;0;0;2;2;0;3;0;0;0;0
Teilesatz, Automatikgetriebe-?lwechsel;4921;114334;91;0,2046;3;0;5;2;0;3;2;1;1;1
Teilesatz, Automatikgetriebe-?lwechsel;4921;19718;3;0,0067;6;1;3;3;0;3;2;0;1;0
Teilesatz, Automatikgetriebe-?lwechsel;4921;22666;9;0,0202;4;1;5;6;0;6;0;1;2;1
Teilesatz, Automatikgetriebe-?lwechsel;4921;127976;1;0,0022;0;0;0;2;0;3;0;0;0;0
Teilesatz, Automatikgetriebe-?lwechsel;4921;127339;1;0,0022;0;0;0;3;0;9;0;1;0;0
Teilesatz, Automatikgetriebe-?lwechsel;4921;117092;9;0,0202;3;0;3;7;0;7;0;0;2;0
Teilesatz, Automatikgetriebe-?lwechsel;4921;33313;3;0,0067;2;0;0;4;0;0;0;0;1;0
Teilesatz, Automatikgetriebe-?lwechsel;4921;25507;1;0,0022;3;0;4;9;0;6;0;0;1;0
Teilesatz, Automatikgetriebe-?lwechsel;4921;32161;52;0,1169;14;0;17;13;0;15;5;4;2;3
Teilesatz, Automatikgetriebe-?lwechsel;4921;101052;7;0,0157;9;0;2;3;0;6;5;2;1;1
Teilesatz, Automatikgetriebe-?lwechsel;4921;17178;2;0,0045;3;0;1;3;0;3;2;1;1;1
Teilesatz, Automatikgetriebe-?lwechsel;4921;132646;1;0,0022;0;0;1;4;0;6;0;0;0;0
Teilesatz, Automatikgetriebe-?lwechsel;4921;25465;4;0,009;3;1;2;6;0;3;2;1;1;1
Teilesatz, Automatikgetriebe-?lwechsel;4921;19018;10;0,0225;3;1;2;3;0;3;2;1;1;1
Teilesatz, Automatikgetriebe-?lwechsel;4921;113283;3;0,0067;0;0;2;2;0;3;0;0;0;0
Teilesatz, Automatikgetriebe-?lwechsel;4921;27563;27;0,0607;6;0;5;15;0;10;5;2;3;1
Teilesatz, Automatikgetriebe-?lwechsel;4921;137335;54;0,1214;3;0;2;6;0;5;0;0;2;0
Teilesatz, Automatikgetriebe-?lwechsel;4921;31338;4;0,009;1;0;4;2;0;3;2;1;1;1
Teilesatz, Automatikgetriebe-?lwechsel;4921;19404;4;0,009;0;0;2;2;0;3;0;0;0;0
Teilesatz, Automatikgetriebe-?lwechsel;4921;111077;7;0,0157;0;0;0;4;0;6;0;0;0;0
Teilesatz, Automatikgetriebe-?lwechsel;4921;117341;1;0,0022;6;1;0;2;0;6;3;0;0;0
Teilesatz, Automatikgetriebe-?lwechsel;4921;133739;1;0,0022;0;0;0;3;0;3;0;0;0;0
Teilesatz, Automatikgetriebe-?lwechsel;4921;17778;10;0,0225;1;1;5;6;0;6;2;1;2;1
Teilesatz, Automatikgetriebe-?lwechsel;4921;32064;4;0,009;0;0;0;2;0;9;2;0;0;0
Teilesatz, Automatikgetriebe-?lwechsel;4921;18387;20;0,045;3;0;7;5;0;3;4;2;1;1
Teilesatz, Automatikgetriebe-?lwechsel;4921;5106;3;0,0067;3;0;0;2;0;3;2;1;0;1
Teilesatz, Automatikgetriebe-?lwechsel;4921;136391;1;0,0022;5;0;2;0;0;6;4;0;0;0
Teilesatz, Automatikgetriebe-?lwechsel;4921;100899;2;0,0045;0;0;0;3;0;3;0;0;0;0
Teilesatz, Automatikgetriebe-?lwechsel;4921;58283;3;0,0067;3;0;2;3;0;3;2;1;1;1
Teilesatz, Automatikgetriebe-?lwechsel;4921;11834;2;0,0045;3;1;2;2;0;6;3;1;1;1
Teilesatz, Automatikgetriebe-?lwechsel;4921;16628;2;0,0045;3;0;2;4;0;9;2;1;0;0
Teilesatz, Automatikgetriebe-?lwechsel;4921;112350;1;0,0022;9;1;6;6;0;3;5;3;1;2
Teilesatz, Automatikgetriebe-?lwechsel;4921;54955;1;0,0022;5;0;3;4;0;4;2;1;1;1
Teilesatz, Automatikgetriebe-?lwechsel;4921;114972;9;0,0202;3;0;1;3;0;3;2;1;0;0
Teilesatz, Automatikgetriebe-?lwechsel;4921;114339;1;0,0022;3;0;0;4;0;2;0;0;1;0
Teilesatz, Automatikgetriebe-?lwechsel;4921;116161;1;0,0022;0;0;0;0;0;3;0;0;0;0
Teilesatz, Automatikgetriebe-?lwechsel;4921;138984;5;0,0112;6;0;0;0;0;12;0;3;0;2
Teilesatz, Automatikgetriebe-?lwechsel;4921;114347;1;0,0022;3;0;0;4;0;2;0;0;1;0
Teilesatz, Automatikgetriebe-?lwechsel;4921;12605;3;0,0067;0;0;0;6;0;3;0;0;0;0
Teilesatz, Automatikgetriebe-?lwechsel;4921;136165;2;0,0045;0;0;0;3;0;5;0;0;0;0
Teilesatz, Automatikgetriebe-?lwechsel;4921;136526;5;0,0112;3;0;1;4;0;4;2;1;0;0
Teilesatz, Automatikgetriebe-?lwechsel;4921;143476;2;0,0045;0;0;0;0;0;1;2;1;0;0
Teilesatz, Automatikgetriebe-?lwechsel;4921;12311;7;0,0157;9;0;8;9;0;11;5;3;1;2
Teilesatz, Automatikgetriebe-?lwechsel;4921;3813;4;0,009;1;0;0;5;0;6;0;0;0;0
Teilesatz, Automatikgetriebe-?lwechsel;4921;55336;32;0,0719;3;0;2;3;0;3;2;1;0;0
Teilesatz, Automatikgetriebe-?lwechsel;4921;107518;18;0,0405;6;1;6;6;0;7;3;3;1;2
Teilesatz, Automatikgetriebe-?lwechsel;4921;145882;1;0,0022;3;0;0;3;0;3;2;2;1;1
Teilesatz, Automatikgetriebe-?lwechsel;4921;108439;21;0,0472;3;0;5;8;0;9;0;1;3;1
Teilesatz, Automatikgetriebe-?lwechsel;4921;26575;1;0,0022;7;0;13;6;0;8;5;2;0;2
Teilesatz, Automatikgetriebe-?lwechsel;4921;114883;89;0,2001;6;0;5;5;0;6;2;1;1;1
Teilesatz, Automatikgetriebe-?lwechsel;4921;123211;2;0,0045;3;0;2;2;0;3;2;1;1;1
Teilesatz, Automatikgetriebe-?lwechsel;4921;1097;38;0,0854;3;2;7;8;0;9;3;1;3;1
Teilesatz, Automatikgetriebe-?lwechsel;4921;131250;1;0,0022;6;0;0;3;0;12;3;3;0;2
Teilesatz, Automatikgetriebe-?lwechsel;4921;113152;16;0,036;3;0;2;6;0;9;5;0;2;0
Teilesatz, Automatikgetriebe-?lwechsel;4921;16693;2;0,0045;3;0;0;10;0;9;2;3;2;3
Teilesatz, Automatikgetriebe-?lwechsel;4921;124243;53;0,1191;5;0;2;4;0;2;0;0;1;0
Teilesatz, Automatikgetriebe-?lwechsel;4921;107547;10;0,0225;3;0;0;4;0;9;0;0;0;0
Teilesatz, Automatikgetriebe-?lwechsel;4921;116204;49;0,1101;3;0;7;5;0;6;2;1;1;1
Teilesatz, Automatikgetriebe-?lwechsel;4921;15064;2;0,0045;5;0;6;4;0;10;2;1;1;1
Teilesatz, Automatikgetriebe-?lwechsel;4921;16883;2;0,0045;1;0;4;2;0;6;2;0;0;0
Teilesatz, Automatikgetriebe-?lwechsel;4921;126875;10;0,0225;0;0;4;4;0;9;2;1;1;1
Teilesatz, Automatikgetriebe-?lwechsel;4921;4515;2;0,0045;3;0;2;2;0;3;3;1;1;1
Teilesatz, Automatikgetriebe-?lwechsel;4921;931;11;0,0247;8;0;6;6;0;13;2;1;1;1
Teilesatz, Automatikgetriebe-?lwechsel;4921;8369;1;0,0022;12;0;9;7;0;8;5;3;1;3
Teilesatz, Automatikgetriebe-?lwechsel;4921;59252;2;0,0045;0;0;0;2;0;3;0;0;0;0
Teilesatz, Automatikgetriebe-?lwechsel;4921;27545;1;0,0022;8;0;6;8;0;8;2;2;2;1
Teilesatz, Automatikgetriebe-?lwechsel;4921;18418;3;0,0067;1;0;2;2;0;6;0;0;0;0
Teilesatz, Automatikgetriebe-?lwechsel;4921;17898;10;0,0225;4;0;2;9;0;9;2;2;2;2
Teilesatz, Automatikgetriebe-?lwechsel;4921;17182;12;0,027;3;0;1;3;0;3;2;1;1;1
Teilesatz, Automatikgetriebe-?lwechsel;4921;18677;5;0,0112;5;0;2;9;0;9;2;2;2;2
Teilesatz, Automatikgetriebe-?lwechsel;4921;17359;7;0,0157;3;0;1;2;0;3;2;1;0;0
Teilesatz, Automatikgetriebe-?lwechsel;4921;59428;10;0,0225;5;0;3;4;0;3;2;1;1;1
Teilesatz, Automatikgetriebe-?lwechsel;4921;56266;2;0,0045;0;0;0;2;0;6;0;0;0;0
Teilesatz, Automatikgetriebe-?lwechsel;4921;119516;7;0,0157;9;1;2;3;0;3;5;3;1;2
Teilesatz, Automatikgetriebe-?lwechsel;4921;122819;6;0,0135;9;1;0;6;0;3;5;1;0;1
Teilesatz, Automatikgetriebe-?lwechsel;4921;19023;5;0,0112;3;1;2;3;0;3;2;1;1;1
Teilesatz, Automatikgetriebe-?lwechsel;4921;140936;3;0,0067;0;0;2;2;0;3;2;0;0;0
Teilesatz, Automatikgetriebe-?lwechsel;4921;121146;1;0,0022;3;0;2;2;0;3;3;0;1;0
Teilesatz, Automatikgetriebe-?lwechsel;4921;54951;1;0,0022;5;0;4;7;0;4;2;1;1;1
Teilesatz, Automatikgetriebe-?lwechsel;4921;14238;1;0,0022;6;0;5;3;0;6;0;2;0;1
Teilesatz, Automatikgetriebe-?lwechsel;4921;10275;2;0,0045;0;0;0;2;0;3;0;0;0;0
Teilesatz, Automatikgetriebe-?lwechsel;4921;59566;57;0,1281;2;0;4;5;0;6;2;1;1;0
Teilesatz, Automatikgetriebe-?lwechsel;4921;128024;3;0,0067;2;0;2;3;0;3;2;1;1;0
Teilesatz, Automatikgetriebe-?lwechsel;4921;127991;1;0,0022;3;0;2;2;0;3;3;1;1;1
Teilesatz, Automatikgetriebe-?lwechsel;4921;17225;2;0,0045;6;1;3;3;0;3;2;0;1;0
Teilesatz, Automatikgetriebe-?lwechsel;4921;118645;3;0,0067;1;0;4;5;0;6;4;1;1;1
Teilesatz, Automatikgetriebe-?lwechsel;4921;30397;1;0,0022;7;0;6;5;0;6;4;1;1;1
Teilesatz, Automatikgetriebe-?lwechsel;4921;8588;2;0,0045;7;0;8;3;0;8;3;1;0;1
Teilesatz, Automatikgetriebe-?lwechsel;4921;15464;1;0,0022;0;0;2;0;0;6;0;1;0;1
Teilesatz, Automatikgetriebe-?lwechsel;4921;133261;1;0,0022;0;0;0;2;0;3;0;0;0;0
Teilesatz, Automatikgetriebe-?lwechsel;4921;58764;10;0,0225;6;0;5;6;0;5;0;1;2;1
Teilesatz, Automatikgetriebe-?lwechsel;4921;59397;1;0,0022;0;0;0;2;0;3;0;0;0;0
Teilesatz, Automatikgetriebe-?lwechsel;4921;19959;31;0,0697;3;0;6;2;0;3;2;2;1;1
Teilesatz, Automatikgetriebe-?lwechsel;4921;138940;8;0,018;0;0;4;6;0;5;0;0;2;0
Teilesatz, Automatikgetriebe-?lwechsel;4921;16829;3;0,0067;3;0;2;6;0;6;2;1;1;1
Teilesatz, Automatikgetriebe-?lwechsel;4921;114884;12;0,027;3;0;7;5;0;6;2;1;1;1
Teilesatz, Automatikgetriebe-?lwechsel;4921;8058;5;0,0112;3;0;1;2;0;3;2;1;1;1
Teilesatz, Automatikgetriebe-?lwechsel;4921;100640;34;0,0764;3;0;0;3;0;3;2;1;1;1
Teilesatz, Automatikgetriebe-?lwechsel;4921;112362;7;0,0157;9;1;2;3;0;6;5;2;1;1
Teilesatz, Automatikgetriebe-?lwechsel;4921;12472;31;0,0697;3;1;2;2;0;3;3;1;1;1
Teilesatz, Automatikgetriebe-?lwechsel;4921;32678;2;0,0045;7;0;17;6;0;11;5;2;0;2
Teilesatz, Automatikgetriebe-?lwechsel;4921;31064;2;0,0045;7;0;11;6;0;8;3;2;0;2
Teilesatz, Automatikgetriebe-?lwechsel;4921;19223;4;0,009;3;1;2;3;0;3;2;1;1;1
Teilesatz, Automatikgetriebe-?lwechsel;4921;16178;3;0,0067;4;1;5;6;0;6;2;1;2;1
Teilesatz, Automatikgetriebe-?lwechsel;4921;119530;11;0,0247;9;1;2;3;0;3;5;3;1;2
Teilesatz, Automatikgetriebe-?lwechsel;4921;16005;2;0,0045;3;0;2;5;0;3;2;1;0;1
Teilesatz, Automatikgetriebe-?lwechsel;4921;18238;3;0,0067;6;1;3;3;0;6;2;0;1;0
Teilesatz, Automatikgetriebe-?lwechsel;4921;30909;8;0,018;4;1;7;8;0;9;5;1;3;1
Teilesatz, Automatikgetriebe-?lwechsel;4921;25496;1;0,0022;3;1;2;3;0;3;2;1;1;1
Teilesatz, Automatikgetriebe-?lwechsel;4921;58994;4;0,009;3;0;2;4;0;6;3;1;1;1
Teilesatz, Automatikgetriebe-?lwechsel;4921;147212;3;0,0067;2;0;0;3;0;9;2;1;0;0
Teilesatz, Automatikgetriebe-?lwechsel;4921;55100;5;0,0112;0;0;2;2;0;3;0;0;0;0
Teilesatz, Automatikgetriebe-?lwechsel;4921;117840;3;0,0067;3;0;0;2;0;3;0;0;0;0
Teilesatz, Automatikgetriebe-?lwechsel;4921;3977;5;0,0112;7;0;7;6;0;8;3;2;0;2
Teilesatz, Automatikgetriebe-?lwechsel;4921;23299;12;0,027;2;0;4;5;0;6;2;1;1;0
Teilesatz, Automatikgetriebe-?lwechsel;4921;114332;83;0,1866;3;0;5;2;0;3;0;1;1;1
Teilesatz, Automatikgetriebe-?lwechsel;4921;22512;1;0,0022;3;0;1;4;0;6;2;1;1;1
Teilesatz, Automatikgetriebe-?lwechsel;4921;132829;5;0,0112;0;0;0;2;0;3;0;0;0;0
Teilesatz, Automatikgetriebe-?lwechsel;4921;117115;3;0,0067;3;0;3;7;0;7;0;0;2;0
Teilesatz, Automatikgetriebe-?lwechsel;4921;25478;3;0,0067;3;1;2;6;0;3;2;1;1;1
Teilesatz, Automatikgetriebe-?lwechsel;4921;16460;1;0,0022;3;0;0;2;0;4;0;0;0;0
Teilesatz, Automatikgetriebe-?lwechsel;4921;107917;2;0,0045;3;0;2;2;0;3;2;0;1;0
Teilesatz, Automatikgetriebe-?lwechsel;4921;19336;2;0,0045;2;0;3;4;0;6;0;0;0;0
Teilesatz, Automatikgetriebe-?lwechsel;4921;5955;3;0,0067;5;0;9;7;0;4;2;1;1;1
Teilesatz, Automatikgetriebe-?lwechsel;4921;9501;1;0,0022;5;0;6;4;0;4;2;1;1;1
Teilesatz, Automatikgetriebe-?lwechsel;4921;13169;6;0,0135;3;0;2;7;0;9;2;1;1;0
Teilesatz, Automatikgetriebe-?lwechsel;4921;147369;1;0,0022;0;0;0;0;0;8;2;1;0;0
Teilesatz, Automatikgetriebe-?lwechsel;4921;58169;3;0,0067;3;0;2;6;0;6;2;1;1;1
Teilesatz, Automatikgetriebe-?lwechsel;4921;31153;118;0,2652;12;0;17;10;0;8;5;3;1;3
Teilesatz, Automatikgetriebe-?lwechsel;4921;100818;5;0,0112;0;0;2;2;0;3;2;1;1;1
Teilesatz, Automatikgetriebe-?lwechsel;4921;122836;1;0,0022;2;1;0;6;0;6;2;2;1;0
Teilesatz, Automatikgetriebe-?lwechsel;4921;136465;1;0,0022;3;0;2;6;0;5;0;0;2;0
Teilesatz, Automatikgetriebe-?lwechsel;4921;138857;7;0,0157;3;0;1;6;0;5;0;0;2;0
Teilesatz, Automatikgetriebe-?lwechsel;4921;22662;1;0,0022;4;1;5;6;0;6;2;1;2;1
Teilesatz, Automatikgetriebe-?lwechsel;4921;106596;2;0,0045;1;0;6;5;0;6;2;1;1;1
Teilesatz, Automatikgetriebe-?lwechsel;4921;9630;1;0,0022;6;0;4;5;0;9;2;1;1;1
Teilesatz, Automatikgetriebe-?lwechsel;4921;17941;1;0,0022;0;0;2;2;0;6;0;0;0;0
Teilesatz, Automatikgetriebe-?lwechsel;4921;18668;4;0,009;5;0;5;5;0;8;4;2;1;1
Teilesatz, Automatikgetriebe-?lwechsel;4921;100474;11;0,0247;3;0;2;3;0;3;2;1;0;0
Teilesatz, Automatikgetriebe-?lwechsel;4921;119877;4;0,009;3;0;2;2;0;3;3;0;1;0
Teilesatz, Automatikgetriebe-?lwechsel;4921;129166;2;0,0045;3;0;2;5;0;6;3;0;1;0
Teilesatz, Automatikgetriebe-?lwechsel;4921;145851;21;0,0472;3;0;0;3;0;3;2;1;1;1
Teilesatz, Automatikgetriebe-?lwechsel;4921;50757;11;0,0247;0;0;0;3;0;3;0;0;0;0
Teilesatz, Automatikgetriebe-?lwechsel;4921;117838;1;0,0022;3;0;0;2;0;3;0;0;0;0
Teilesatz, Automatikgetriebe-?lwechsel;4921;19622;3;0,0067;4;0;2;6;0;9;2;2;2;2
Teilesatz, Automatikgetriebe-?lwechsel;4921;22550;6;0,0135;2;0;4;5;0;6;2;1;1;0
Teilesatz, Automatikgetriebe-?lwechsel;4921;132224;23;0,0517;3;0;2;2;0;3;3;0;1;0
Teilesatz, Automatikgetriebe-?lwechsel;4921;108163;2;0,0045;2;0;0;2;0;6;0;0;0;0
Teilesatz, Automatikgetriebe-?lwechsel;4921;113348;1;0,0022;3;0;2;2;0;3;2;1;1;1
Teilesatz, Automatikgetriebe-?lwechsel;4921;17074;3;0,0067;6;0;6;5;0;6;2;2;0;0
Teilesatz, Automatikgetriebe-?lwechsel;4921;19158;1;0,0022;3;0;0;2;0;4;0;0;0;0
Teilesatz, Automatikgetriebe-?lwechsel;4921;136460;3;0,0067;0;0;2;3;0;3;2;2;1;1
Teilesatz, Automatikgetriebe-?lwechsel;4921;24497;1;0,0022;0;0;2;6;0;6;2;1;0;1
Teilesatz, Automatikgetriebe-?lwechsel;4921;132161;11;0,0247;3;0;0;3;0;4;0;0;0;0
Teilesatz, Automatikgetriebe-?lwechsel;4921;136956;10;0,0225;3;0;0;2;0;3;0;0;0;0
Teilesatz, Automatikgetriebe-?lwechsel;4921;100941;3;0,0067;3;0;2;2;0;3;2;1;1;1
Teilesatz, Automatikgetriebe-?lwechsel;4921;145287;1;0,0022;0;0;0;2;0;3;0;0;0;0
Teilesatz, Automatikgetriebe-?lwechsel;4921;108147;1;0,0022;3;0;2;12;0;11;0;2;2;1
Teilesatz, Automatikgetriebe-?lwechsel;4921;19066;4;0,009;0;0;0;0;0;3;0;0;0;0
Teilesatz, Automatikgetriebe-?lwechsel;4921;107892;30;0,0674;0;0;1;2;0;3;0;1;1;1
Teilesatz, Automatikgetriebe-?lwechsel;4921;119500;7;0,0157;3;0;1;3;0;3;2;1;0;0
Teilesatz, Automatikgetriebe-?lwechsel;4921;120517;1;0,0022;0;0;2;2;0;3;3;1;1;1
Teilesatz, Automatikgetriebe-?lwechsel;4921;21897;13;0,0292;2;0;5;9;0;8;0;1;2;1
Teilesatz, Automatikgetriebe-?lwechsel;4921;115131;2;0,0045;0;0;2;2;0;3;3;1;1;1
Teilesatz, Automatikgetriebe-?lwechsel;4921;135591;8;0,018;3;0;5;7;0;7;0;0;2;0
Teilesatz, Automatikgetriebe-?lwechsel;4921;119326;1;0,0022;0;0;2;2;0;0;3;0;1;0
Teilesatz, Automatikgetriebe-?lwechsel;4921;11832;8;0,018;3;1;2;2;0;6;3;1;1;1
Teilesatz, Automatikgetriebe-?lwechsel;4921;33308;22;0,0495;3;0;2;3;0;3;2;1;0;0
Teilesatz, Automatikgetriebe-?lwechsel;4921;144935;4;0,009;2;0;1;2;0;3;1;1;0;0
Teilesatz, Automatikgetriebe-?lwechsel;4921;107508;23;0,0517;6;1;6;6;0;7;3;3;1;2
Teilesatz, Automatikgetriebe-?lwechsel;4921;33778;91;0,2046;3;1;2;2;0;3;3;1;1;1
Teilesatz, Automatikgetriebe-?lwechsel;4921;17799;1;0,0022;1;0;2;6;0;6;0;2;2;2
Teilesatz, Automatikgetriebe-?lwechsel;4921;131297;58;0,1304;2;0;2;3;0;3;2;1;1;0
Teilesatz, Automatikgetriebe-?lwechsel;4921;136294;4;0,009;0;0;0;2;0;3;0;0;0;0
Teilesatz, Automatikgetriebe-?lwechsel;4921;934;6;0,0135;3;0;6;6;0;13;0;0;0;0
Teilesatz, Automatikgetriebe-?lwechsel;4921;111794;37;0,0832;0;0;1;4;0;6;0;1;1;1
Teilesatz, Automatikgetriebe-?lwechsel;4921;58508;1;0,0022;0;0;0;3;0;3;0;0;0;0
Teilesatz, Automatikgetriebe-?lwechsel;4921;148213;2;0,0045;0;0;0;3;0;3;0;1;0;0
Teilesatz, Automatikgetriebe-?lwechsel;4921;54942;2;0,0045;5;0;3;4;0;4;2;1;1;1
Teilesatz, Automatikgetriebe-?lwechsel;4921;132448;1;0,0022;3;0;0;1;0;1;2;1;0;0
Teilesatz, Automatikgetriebe-?lwechsel;4921;8385;1;0,0022;5;0;6;4;0;10;2;1;1;1
Teilesatz, Automatikgetriebe-?lwechsel;4921;126599;5;0,0112;0;0;0;2;0;3;0;0;0;0
Teilesatz, Automatikgetriebe-?lwechsel;4921;16917;1;0,0022;2;0;0;0;0;0;0;0;0;0
Teilesatz, Automatikgetriebe-?lwechsel;4921;142938;1;0,0022;3;0;2;0;0;0;2;1;1;1
Teilesatz, Automatikgetriebe-?lwechsel;4921;8834;1;0,0022;5;0;6;4;0;10;2;1;1;1
Teilesatz, Automatikgetriebe-?lwechsel;4921;126182;1;0,0022;3;0;5;9;0;10;0;0;3;0
Teilesatz, Automatikgetriebe-?lwechsel;4921;136291;4;0,009;0;0;0;2;0;3;0;0;0;0
Teilesatz, Automatikgetriebe-?lwechsel;4921;108648;128;0,2877;6;0;7;11;0;9;4;2;1;1
Teilesatz, Automatikgetriebe-?lwechsel;4921;125338;1;0,0022;3;0;2;2;0;6;2;1;1;1
Teilesatz, Automatikgetriebe-?lwechsel;4921;131368;1;0,0022;2;0;2;3;0;3;5;1;1;0
Teilesatz, Automatikgetriebe-?lwechsel;4921;122834;2;0,0045;0;0;0;3;0;3;0;0;0;0
Teilesatz, Automatikgetriebe-?lwechsel;4921;56877;17;0,0382;3;0;2;0;0;3;2;0;0;0
Teilesatz, Automatikgetriebe-?lwechsel;4921;144058;1;0,0022;5;0;2;0;0;6;0;0;0;0
Teilesatz, Automatikgetriebe-?lwechsel;4921;117090;98;0,2203;3;0;5;9;0;7;0;0;3;0
Teilesatz, Automatikgetriebe-?lwechsel;4921;124201;2;0,0045;3;0;5;4;0;3;5;0;1;0
Teilesatz, Automatikgetriebe-?lwechsel;4921;800;3;0,0067;3;1;5;7;0;9;5;1;2;1
Teilesatz, Automatikgetriebe-?lwechsel;4921;59482;2;0,0045;7;0;5;6;0;4;5;2;0;2
Teilesatz, Automatikgetriebe-?lwechsel;4921;19852;5;0,0112;7;0;9;6;0;8;5;2;0;2
Teilesatz, Automatikgetriebe-?lwechsel;4921;10036;52;0,1169;12;0;13;6;0;8;2;3;1;3
Teilesatz, Automatikgetriebe-?lwechsel;4921;906;1;0,0022;0;0;0;3;0;0;0;0;0;0
Teilesatz, Automatikgetriebe-?lwechsel;4921;120178;21;0,0472;4;0;9;7;0;9;2;2;2;2
Teilesatz, Automatikgetriebe-?lwechsel;4921;133448;1;0,0022;3;0;0;2;0;3;0;0;0;0
Teilesatz, Automatikgetriebe-?lwechsel;4921;33023;2;0,0045;7;0;8;3;0;4;3;2;0;2
Teilesatz, Automatikgetriebe-?lwechsel;4921;18067;2;0,0045;1;0;6;5;0;6;4;1;1;1
Teilesatz, Automatikgetriebe-?lwechsel;4921;133035;12;0,027;1;0;4;5;0;6;2;1;0;0
Teilesatz, Automatikgetriebe-?lwechsel;4921;133660;17;0,0382;3;0;5;7;0;7;0;0;2;0
Teilesatz, Automatikgetriebe-?lwechsel;4921;11054;3;0,0067;6;0;4;13;0;15;2;0;2;0
Teilesatz, Automatikgetriebe-?lwechsel;4921;118793;8;0,018;2;1;2;6;0;3;2;2;1;0
Teilesatz, Automatikgetriebe-?lwechsel;4921;136392;2;0,0045;8;0;2;0;0;6;2;0;0;0
Teilesatz, Automatikgetriebe-?lwechsel;4921;126887;2;0,0045;0;0;2;2;0;3;3;1;1;1
Teilesatz, Automatikgetriebe-?lwechsel;4921;7503;7;0,0157;7;0;7;6;0;8;3;2;0;2
Teilesatz, Automatikgetriebe-?lwechsel;4921;112956;40;0,0899;6;0;5;2;0;3;2;1;1;1
Teilesatz, Automatikgetriebe-?lwechsel;4921;58965;15;0,0337;3;0;2;2;0;3;2;1;1;1
Teilesatz, Automatikgetriebe-?lwechsel;4921;140461;4;0,009;6;0;1;3;0;6;2;1;1;0
Teilesatz, Automatikgetriebe-?lwechsel;4921;108574;3;0,0067;0;0;1;2;0;3;0;1;1;1
Teilesatz, Automatikgetriebe-?lwechsel;4921;134446;63;0,1416;3;0;3;7;0;7;0;0;2;0
Teilesatz, Automatikgetriebe-?lwechsel;4921;128462;1;0,0022;9;0;2;3;0;3;5;3;1;2
Teilesatz, Automatikgetriebe-?lwechsel;4921;148214;1;0,0022;0;0;0;3;0;3;0;1;0;0
Teilesatz, Automatikgetriebe-?lwechsel;4921;12171;149;0,3349;3;0;2;3;0;3;2;1;0;0
Teilesatz, Automatikgetriebe-?lwechsel;4921;8509;1;0,0022;2;0;2;4;0;4;2;1;1;1
Teilesatz, Automatikgetriebe-?lwechsel;4921;136462;2;0,0045;3;0;0;0;0;10;0;1;0;0
Teilesatz, Automatikgetriebe-?lwechsel;4921;108581;14;0,0315;5;0;6;8;0;9;0;0;1;0
Teilesatz, Automatikgetriebe-?lwechsel;4921;18727;3;0,0067;6;0;5;2;0;9;2;3;1;1
Teilesatz, Automatikgetriebe-?lwechsel;4921;100751;2;0,0045;9;1;6;6;0;3;5;2;1;2
Teilesatz, Automatikgetriebe-?lwechsel;4921;129629;10;0,0225;2;0;0;3;0;3;2;1;1;0
Teilesatz, Automatikgetriebe-?lwechsel;4921;142397;5;0,0112;3;0;2;3;0;3;2;1;0;0
Teilesatz, Automatikgetriebe-?lwechsel;4921;18758;5;0,0112;6;1;2;6;0;3;2;1;1;1
Teilesatz, Automatikgetriebe-?lwechsel;4921;33663;9;0,0202;3;0;2;0;0;0;2;0;0;0
Teilesatz, Automatikgetriebe-?lwechsel;4921;15462;4;0,009;0;0;4;0;0;6;0;1;0;1
Teilesatz, Automatikgetriebe-?lwechsel;4921;59459;10;0,0225;9;0;6;3;0;3;3;3;1;2
Teilesatz, Automatikgetriebe-?lwechsel;4921;59801;1;0,0022;3;0;2;2;0;3;3;1;1;1
Teilesatz, Automatikgetriebe-?lwechsel;4921;59145;2;0,0045;7;0;5;5;0;9;2;1;1;1
Teilesatz, Automatikgetriebe-?lwechsel;4921;25508;90;0,2023;2;0;4;5;0;6;2;1;1;0
Teilesatz, Automatikgetriebe-?lwechsel;4921;691;1;0,0022;3;0;0;3;0;6;0;0;0;0
Teilesatz, Automatikgetriebe-?lwechsel;4921;508;1;0,0022;0;0;0;6;0;9;0;0;0;0
Teilesatz, Automatikgetriebe-?lwechsel;4921;142472;6;0,0135;5;0;2;7;0;3;0;1;1;1
Teilesatz, Automatikgetriebe-?lwechsel;4921;22700;1;0,0022;7;0;17;3;0;8;3;2;0;2
Teilesatz, Automatikgetriebe-?lwechsel;4921;141987;1;0,0022;0;0;0;2;0;3;2;0;0;0
Teilesatz, Automatikgetriebe-?lwechsel;4921;26633;13;0,0292;3;0;1;2;0;6;2;1;1;1
Teilesatz, Automatikgetriebe-?lwechsel;4921;5298;1;0,0022;0;0;0;3;0;3;0;0;0;0
Teilesatz, Automatikgetriebe-?lwechsel;4921;111796;28;0,0629;0;0;1;2;0;3;2;1;1;1
Teilesatz, Automatikgetriebe-?lwechsel;4921;31102;17;0,0382;4;0;0;4;0;6;2;2;2;2
Teilesatz, Automatikgetriebe-?lwechsel;4921;143057;1;0,0022;0;0;2;2;0;3;2;1;0;0
Teilesatz, Automatikgetriebe-?lwechsel;4921;133316;1;0,0022;0;0;0;2;0;0;0;0;0;0
Teilesatz, Automatikgetriebe-?lwechsel;4921;58444;3;0,0067;3;0;2;2;0;3;3;1;1;1
Teilesatz, Automatikgetriebe-?lwechsel;4921;16012;2;0,0045;1;0;2;2;0;6;0;0;1;0
Teilesatz, Automatikgetriebe-?lwechsel;4921;125184;9;0,0202;5;0;2;4;0;6;3;0;2;0
Teilesatz, Automatikgetriebe-?lwechsel;4921;110624;3;0,0067;3;0;0;0;0;3;2;0;0;0
Teilesatz, Automatikgetriebe-?lwechsel;4921;114846;1;0,0022;6;0;3;2;0;3;2;1;1;1
Teilesatz, Automatikgetriebe-?lwechsel;4921;106508;2;0,0045;0;0;0;2;0;6;0;0;0;0
Teilesatz, Automatikgetriebe-?lwechsel;4921;28204;4;0,009;4;0;4;6;0;5;0;0;1;0
Teilesatz, Automatikgetriebe-?lwechsel;4921;17521;2;0,0045;2;0;0;3;0;3;0;0;0;0
Teilesatz, Automatikgetriebe-?lwechsel;4921;28162;2;0,0045;5;0;4;4;0;4;2;0;0;0
Teilesatz, Automatikgetriebe-?lwechsel;4921;126831;8;0,018;7;0;5;5;0;6;2;2;1;1
Teilesatz, Automatikgetriebe-?lwechsel;4921;135692;5;0,0112;0;0;0;5;0;1;0;0;0;0
Teilesatz, Automatikgetriebe-?lwechsel;4921;141501;1;0,0022;0;0;0;2;0;3;2;0;0;0
Teilesatz, Automatikgetriebe-?lwechsel;4921;55357;3;0,0067;3;0;7;8;0;9;3;1;3;1
Teilesatz, Automatikgetriebe-?lwechsel;4921;19105;1;0,0022;3;0;2;6;0;3;2;1;1;1
Teilesatz, Automatikgetriebe-?lwechsel;4921;33244;3;0,0067;3;0;0;4;0;2;0;0;1;0
Teilesatz, Automatikgetriebe-?lwechsel;4921;100844;1;0,0022;3;0;2;2;0;3;2;1;1;1
Teilesatz, Automatikgetriebe-?lwechsel;4921;20118;38;0,0854;3;0;5;5;0;3;0;1;2;1
Teilesatz, Automatikgetriebe-?lwechsel;4921;27540;5;0,0112;2;0;2;4;0;2;0;0;1;0
Teilesatz, Automatikgetriebe-?lwechsel;4921;19347;6;0,0135;3;0;9;3;0;4;3;2;0;2
Teilesatz, Automatikgetriebe-?lwechsel;4921;117716;12;0,027;3;0;2;2;0;3;3;0;1;0
Teilesatz, Automatikgetriebe-?lwechsel;4921;29946;3;0,0067;4;2;7;6;0;9;2;1;2;1
Teilesatz, Automatikgetriebe-?lwechsel;4921;34957;3;0,0067;3;0;5;2;0;3;0;1;1;1
Teilesatz, Automatikgetriebe-?lwechsel;4921;142158;1;0,0022;3;0;0;3;0;3;0;0;0;0
Teilesatz, Automatikgetriebe-?lwechsel;4921;107515;2;0,0045;6;1;2;3;0;6;3;3;1;2
Teilesatz, Automatikgetriebe-?lwechsel;4921;10031;1;0,0022;3;1;2;2;0;3;3;1;1;1
Teilesatz, Automatikgetriebe-?lwechsel;4921;59569;31;0,0697;3;0;5;5;0;3;0;1;2;1
Teilesatz, Automatikgetriebe-?lwechsel;4921;32677;6;0,0135;7;0;17;6;0;8;3;2;0;2
Teilesatz, Automatikgetriebe-?lwechsel;4921;135053;4;0,009;3;0;2;2;0;3;3;1;1;1
Teilesatz, Automatikgetriebe-?lwechsel;4921;31350;4;0,009;1;0;2;2;0;4;0;0;0;0
Teilesatz, Automatikgetriebe-?lwechsel;4921;127066;1;0,0022;0;0;0;3;0;3;0;0;0;0
Teilesatz, Automatikgetriebe-?lwechsel;4921;126840;11;0,0247;5;0;2;0;0;10;0;0;0;0
Teilesatz, Automatikgetriebe-?lwechsel;4921;142926;1;0,0022;0;0;0;2;0;0;0;0;0;0
Teilesatz, Automatikgetriebe-?lwechsel;4921;12141;2;0,0045;3;0;0;6;0;6;0;2;0;2
Teilesatz, Automatikgetriebe-?lwechsel;4921;135952;2;0,0045;0;0;0;0;0;1;2;2;0;0
Teilesatz, Automatikgetriebe-?lwechsel;4921;33689;3;0,0067;3;0;0;4;0;2;0;0;1;0
Teilesatz, Automatikgetriebe-?lwechsel;4921;132329;21;0,0472;3;0;3;5;0;4;0;0;1;0
Teilesatz, Automatikgetriebe-?lwechsel;4921;120595;1;0,0022;1;0;2;2;0;3;0;0;0;0
Teilesatz, Automatikgetriebe-?lwechsel;4921;134276;22;0,0495;0;0;1;2;0;6;2;2;2;2
Teilesatz, Automatikgetriebe-?lwechsel;4921;131371;20;0,045;9;0;2;3;0;3;5;3;1;2
Teilesatz, Automatikgetriebe-?lwechsel;4921;127973;2;0,0045;0;0;0;2;0;3;0;0;0;0
Teilesatz, Automatikgetriebe-?lwechsel;4921;124776;1;0,0022;4;0;5;6;0;6;4;1;2;1
Teilesatz, Automatikgetriebe-?lwechsel;4921;111683;1;0,0022;0;0;0;0;0;3;0;0;0;0
Teilesatz, Automatikgetriebe-?lwechsel;4921;100046;2;0,0045;1;0;6;5;0;6;2;0;0;0
Teilesatz, Automatikgetriebe-?lwechsel;4921;132849;2;0,0045;2;0;2;3;0;3;2;1;1;0
Teilesatz, Automatikgetriebe-?lwechsel;4921;135644;8;0,018;3;0;0;0;0;12;2;2;1;1
Teilesatz, Automatikgetriebe-?lwechsel;4921;54915;3;0,0067;7;0;4;3;0;4;3;2;0;2
Teilesatz, Automatikgetriebe-?lwechsel;4921;130978;2;0,0045;0;0;0;3;0;9;0;1;0;0
Teilesatz, Automatikgetriebe-?lwechsel;4921;31321;2;0,0045;2;0;4;5;0;6;2;1;1;0
Teilesatz, Automatikgetriebe-?lwechsel;4921;126610;7;0,0157;0;0;0;2;0;3;0;0;0;0
Teilesatz, Automatikgetriebe-?lwechsel;4921;136136;13;0,0292;3;0;2;4;0;2;0;0;1;0
Teilesatz, Automatikgetriebe-?lwechsel;4921;11891;11;0,0247;3;1;5;7;0;9;5;1;2;1
Teilesatz, Automatikgetriebe-?lwechsel;4921;18631;5;0,0112;3;0;9;7;0;8;3;2;0;2
Teilesatz, Automatikgetriebe-?lwechsel;4921;17809;5;0,0112;1;0;5;2;0;3;2;1;1;1
Teilesatz, Automatikgetriebe-?lwechsel;4921;135316;39;0,0877;3;0;2;3;0;3;2;1;0;0
Teilesatz, Automatikgetriebe-?lwechsel;4921;11301;1;0,0022;6;0;2;3;0;6;2;1;1;1
Teilesatz, Automatikgetriebe-?lwechsel;4921;8692;2;0,0045;5;0;6;4;0;10;2;1;1;1
Teilesatz, Automatikgetriebe-?lwechsel;4921;25471;7;0,0157;3;1;2;3;0;3;2;1;1;1
Teilesatz, Automatikgetriebe-?lwechsel;4921;125164;37;0,0832;2;1;2;6;0;3;2;2;1;0
Teilesatz, Automatikgetriebe-?lwechsel;4921;59029;2;0,0045;9;1;6;6;0;7;5;3;1;2
Teilesatz, Automatikgetriebe-?lwechsel;4921;139201;11;0,0247;0;0;2;2;0;3;2;1;0;1
Teilesatz, Automatikgetriebe-?lwechsel;4921;100057;2;0,0045;0;0;1;3;0;3;0;1;2;1
Teilesatz, Automatikgetriebe-?lwechsel;4921;55153;2;0,0045;0;0;2;0;0;0;0;0;1;0
Teilesatz, Automatikgetriebe-?lwechsel;4921;22505;3;0,0067;6;0;6;2;0;3;2;2;1;1
Teilesatz, Automatikgetriebe-?lwechsel;4921;8316;3;0,0067;4;0;4;5;0;12;2;0;1;0
Teilesatz, Automatikgetriebe-?lwechsel;4921;135169;10;0,0225;3;0;3;7;0;7;0;0;2;0
Teilesatz, Automatikgetriebe-?lwechsel;4921;8375;3;0,0067;5;0;6;4;0;4;2;1;1;1
Teilesatz, Automatikgetriebe-?lwechsel;4921;131242;3;0,0067;6;0;0;3;0;6;3;1;1;0
Teilesatz, Automatikgetriebe-?lwechsel;4921;100796;1;0,0022;0;0;0;0;0;14;0;0;0;0
Teilesatz, Automatikgetriebe-?lwechsel;4921;9099;1;0,0022;0;0;0;6;0;6;0;0;0;0
Teilesatz, Automatikgetriebe-?lwechsel;4921;9620;2;0,0045;3;0;6;2;0;3;0;1;1;1
Teilesatz, Automatikgetriebe-?lwechsel;4921;27564;50;0,1124;3;0;5;11;0;6;5;1;3;1
Teilesatz, Automatikgetriebe-?lwechsel;4921;125944;3;0,0067;3;0;2;3;0;3;4;0;0;0
Teilesatz, Automatikgetriebe-?lwechsel;4921;56750;1;0,0022;7;0;0;0;0;6;0;2;0;2
Teilesatz, Automatikgetriebe-?lwechsel;4921;123424;5;0,0112;1;0;2;2;0;3;2;1;1;1
Teilesatz, Automatikgetriebe-?lwechsel;4921;33390;11;0,0247;3;0;2;3;0;3;2;1;1;1
Teilesatz, Automatikgetriebe-?lwechsel;4921;11461;14;0,0315;5;0;2;6;1;4;3;1;1;1
Teilesatz, Automatikgetriebe-?lwechsel;4921;57472;3;0,0067;3;0;2;2;0;3;3;1;1;1
Teilesatz, Automatikgetriebe-?lwechsel;4921;24466;3;0,0067;1;0;5;2;0;3;0;0;0;0
Teilesatz, Automatikgetriebe-?lwechsel;4921;140538;6;0,0135;0;0;4;4;0;2;0;0;1;0
Teilesatz, Automatikgetriebe-?lwechsel;4921;28831;2;0,0045;0;0;2;2;1;3;2;0;1;0
Teilesatz, Automatikgetriebe-?lwechsel;4921;107971;81;0,1821;1;0;1;2;0;3;0;1;1;1
Teilesatz, Automatikgetriebe-?lwechsel;4921;100629;6;0,0135;6;0;7;6;0;5;0;1;2;1
Teilesatz, Automatikgetriebe-?lwechsel;4921;116939;4;0,009;9;1;6;6;0;3;5;3;1;2
Teilesatz, Automatikgetriebe-?lwechsel;4921;131400;2;0,0045;9;0;2;3;0;3;5;3;1;2
Teilesatz, Automatikgetriebe-?lwechsel;4921;108168;1;0,0022;2;0;0;4;0;2;0;0;1;0
Teilesatz, Automatikgetriebe-?lwechsel;4921;31349;3;0,0067;0;0;2;2;0;4;0;0;0;0
Teilesatz, Automatikgetriebe-?lwechsel;4921;8111;2;0,0045;3;0;1;2;0;3;2;1;1;1
Teilesatz, Automatikgetriebe-?lwechsel;4921;114488;93;0,209;2;1;2;6;0;6;2;2;1;0
Teilesatz, Automatikgetriebe-?lwechsel;4921;128676;1;0,0022;4;0;0;0;0;0;0;0;0;0
Teilesatz, Automatikgetriebe-?lwechsel;4921;8460;23;0,0517;3;0;4;0;0;3;0;1;0;1
Teilesatz, Automatikgetriebe-?lwechsel;4921;12642;4;0,009;5;0;6;4;0;10;2;1;1;1
Teilesatz, Automatikgetriebe-?lwechsel;4921;107960;7;0,0157;0;0;0;1;0;1;0;0;0;0
Teilesatz, Automatikgetriebe-?lwechsel;4921;19295;1;0,0022;0;0;0;0;0;9;0;0;0;0
Teilesatz, Automatikgetriebe-?lwechsel;4921;8774;1;0,0022;3;0;2;0;0;6;0;1;0;1
Teilesatz, Automatikgetriebe-?lwechsel;4921;58482;19;0,0427;3;0;2;3;0;3;2;1;0;0
Teilesatz, Automatikgetriebe-?lwechsel;4921;4828;1;0,0022;0;0;2;2;0;3;2;0;0;0
Teilesatz, Automatikgetriebe-?lwechsel;4921;138876;5;0,0112;3;0;0;0;0;14;2;1;0;0
Teilesatz, Automatikgetriebe-?lwechsel;4921;18573;4;0,009;9;1;3;5;0;9;2;0;1;0
Teilesatz, Automatikgetriebe-?lwechsel;4921;100378;6;0,0135;0;0;0;2;0;3;0;0;0;0
Teilesatz, Automatikgetriebe-?lwechsel;4921;132266;1;0,0022;0;0;0;0;0;0;0;0;0;0
Teilesatz, Automatikgetriebe-?lwechsel;4921;18808;16;0,036;2;0;2;4;0;4;2;1;1;1
Teilesatz, Automatikgetriebe-?lwechsel;4921;33491;12;0,027;0;0;0;4;0;2;0;0;1;0
Teilesatz, Automatikgetriebe-?lwechsel;4921;135620;4;0,009;0;0;0;2;0;3;0;0;0;0
Teilesatz, Automatikgetriebe-?lwechsel;4921;32630;34;0,0764;0;0;2;4;0;2;0;0;1;0
Teilesatz, Automatikgetriebe-?lwechsel;4921;50841;3;0,0067;0;0;0;3;0;3;0;0;0;0
Teilesatz, Automatikgetriebe-?lwechsel;4921;135257;1;0,0022;3;0;0;0;0;0;0;0;0;0
Teilesatz, Automatikgetriebe-?lwechsel;4921;8456;1;0,0022;3;0;4;0;0;6;0;1;0;1
Teilesatz, Automatikgetriebe-?lwechsel;4921;15151;1;0,0022;2;0;0;3;0;3;0;0;0;0
Teilesatz, Automatikgetriebe-?lwechsel;4921;130419;1;0,0022;0;0;0;0;0;0;2;0;0;0
Teilesatz, Automatikgetriebe-?lwechsel;4921;130211;16;0,036;5;0;5;11;0;10;2;0;2;0
Teilesatz, Automatikgetriebe-?lwechsel;4921;16876;6;0,0135;5;0;8;7;0;4;2;0;1;0
Teilesatz, Automatikgetriebe-?lwechsel;4921;55334;15;0,0337;3;0;2;3;0;3;2;1;0;0
Teilesatz, Automatikgetriebe-?lwechsel;4921;143281;3;0,0067;4;0;0;0;0;6;2;1;0;0
Teilesatz, Automatikgetriebe-?lwechsel;4921;137382;1;0,0022;6;0;1;3;0;6;3;3;1;2
Teilesatz, Automatikgetriebe-?lwechsel;4921;107955;10;0,0225;3;0;2;3;0;3;2;1;0;0
Teilesatz, Automatikgetriebe-?lwechsel;4921;9432;2;0,0045;5;0;6;10;0;13;2;1;1;1
Teilesatz, Automatikgetriebe-?lwechsel;4921;5521;6;0,0135;12;0;14;7;0;8;5;3;1;3
Teilesatz, Automatikgetriebe-?lwechsel;4921;11384;1;0,0022;7;0;6;6;0;8;3;2;0;2
Teilesatz, Automatikgetriebe-?lwechsel;4921;109458;1;0,0022;7;1;6;3;0;4;3;2;0;2
Teilesatz, Automatikgetriebe-?lwechsel;4921;119036;1;0,0022;3;0;2;2;0;3;3;1;1;1
Teilesatz, Automatikgetriebe-?lwechsel;4921;5129;3;0,0067;3;0;0;3;0;3;2;1;1;1
Teilesatz, Automatikgetriebe-?lwechsel;4921;131252;30;0,0674;6;0;0;3;0;12;3;3;0;2
Teilesatz, Automatikgetriebe-?lwechsel;4921;27483;1;0,0022;4;0;2;4;0;6;0;0;0;0
Teilesatz, Automatikgetriebe-?lwechsel;4921;127681;7;0,0157;2;0;2;3;0;3;2;1;1;0
Teilesatz, Automatikgetriebe-?lwechsel;4921;134091;2;0,0045;6;0;0;0;0;3;0;0;0;0
Teilesatz, Automatikgetriebe-?lwechsel;4921;23462;2;0,0045;2;0;0;3;0;0;0;0;0;0
Teilesatz, Automatikgetriebe-?lwechsel;4921;131617;3;0,0067;2;0;2;3;0;3;2;1;1;0
Teilesatz, Automatikgetriebe-?lwechsel;4921;108593;13;0,0292;3;0;5;11;0;12;3;1;2;0
Teilesatz, Automatikgetriebe-?lwechsel;4921;123934;105;0,236;7;0;9;7;0;12;4;2;1;1
Teilesatz, Automatikgetriebe-?lwechsel;4921;18413;1;0,0022;0;0;2;2;0;6;0;1;1;1
Teilesatz, Automatikgetriebe-?lwechsel;4921;18635;19;0,0427;3;0;13;7;0;8;3;2;0;2
Teilesatz, Automatikgetriebe-?lwechsel;4921;22543;1;0,0022;3;1;5;3;0;6;2;1;1;1
Teilesatz, Automatikgetriebe-?lwechsel;4921;32871;1;0,0022;12;0;13;7;0;8;5;3;1;3
Teilesatz, Automatikgetriebe-?lwechsel;4921;136119;1;0,0022;3;0;2;6;0;5;0;0;2;0
Teilesatz, Automatikgetriebe-?lwechsel;4921;120242;1;0,0022;3;0;2;2;0;3;3;1;1;1
Teilesatz, Automatikgetriebe-?lwechsel;4921;108661;1;0,0022;0;0;0;3;0;3;0;0;0;0
Teilesatz, Automatikgetriebe-?lwechsel;4921;105921;2;0,0045;3;0;2;2;0;3;2;1;1;1
Teilesatz, Automatikgetriebe-?lwechsel;4921;774;1;0,0022;3;0;0;6;0;9;0;0;0;0
Teilesatz, Automatikgetriebe-?lwechsel;4921;136112;36;0,0809;3;0;4;6;0;5;0;0;2;0
Teilesatz, Automatikgetriebe-?lwechsel;4921;32050;3;0,0067;9;1;5;7;0;9;5;1;2;1
Teilesatz, Automatikgetriebe-?lwechsel;4921;132321;16;0,036;5;0;5;7;0;10;4;0;1;0
Teilesatz, Automatikgetriebe-?lwechsel;4921;138538;1;0,0022;0;0;0;2;0;3;0;0;0;0
Teilesatz, Automatikgetriebe-?lwechsel;4921;106308;1;0,0022;7;1;4;3;0;4;3;2;0;2
Teilesatz, Automatikgetriebe-?lwechsel;4921;18699;1;0,0022;3;0;13;7;0;8;0;2;0;2
Teilesatz, Automatikgetriebe-?lwechsel;4921;141950;1;0,0022;3;1;2;2;0;3;2;0;0;0
Teilesatz, Automatikgetriebe-?lwechsel;4921;119960;8;0,018;7;0;2;6;0;8;0;0;1;0
Teilesatz, Automatikgetriebe-?lwechsel;4921;9601;4;0,009;8;0;13;7;0;4;0;3;1;3
Teilesatz, Automatikgetriebe-?lwechsel;4921;762;2;0,0045;4;0;5;6;0;5;0;0;1;0
Teilesatz, Automatikgetriebe-?lwechsel;4921;58478;4;0,009;3;0;0;6;0;3;0;0;0;0
Teilesatz, Automatikgetriebe-?lwechsel;4921;19778;39;0,0877;5;0;9;7;0;4;2;1;1;1
Teilesatz, Automatikgetriebe-?lwechsel;4921;100571;2;0,0045;0;0;0;2;0;4;0;0;0;0
Teilesatz, Automatikgetriebe-?lwechsel;4921;52392;3;0,0067;2;0;0;4;0;2;0;0;1;0
Teilesatz, Automatikgetriebe-?lwechsel;4921;120590;35;0,0787;3;0;2;6;0;9;2;0;2;0
Teilesatz, Automatikgetriebe-?lwechsel;4921;136264;10;0,0225;0;0;2;3;0;6;2;1;0;0
Teilesatz, Automatikgetriebe-?lwechsel;4921;19659;1;0,0022;8;0;17;7;0;4;5;3;1;3
Teilesatz, Automatikgetriebe-?lwechsel;4921;22537;1;0,0022;3;1;2;6;0;6;2;1;1;1
Teilesatz, Automatikgetriebe-?lwechsel;4921;11458;3;0,0067;5;0;2;6;1;7;3;1;1;1
Teilesatz, Automatikgetriebe-?lwechsel;4921;141135;3;0,0067;0;0;2;2;0;6;4;0;1;0
Teilesatz, Automatikgetriebe-?lwechsel;4921;115128;1;0,0022;3;0;4;8;0;9;0;0;2;0
Teilesatz, Automatikgetriebe-?lwechsel;4921;53772;3;0,0067;1;0;6;5;0;6;2;1;1;1
Teilesatz, Automatikgetriebe-?lwechsel;4921;115200;14;0,0315;0;0;0;5;0;6;0;0;0;0
Teilesatz, Automatikgetriebe-?lwechsel;4921;30001;3;0,0067;3;0;2;3;0;3;2;1;2;1
Teilesatz, Automatikgetriebe-?lwechsel;4921;17646;1;0,0022;2;0;0;3;0;3;0;0;0;0
Teilesatz, Automatikgetriebe-?lwechsel;4921;10347;1;0,0022;7;0;6;6;0;8;3;2;0;2
Teilesatz, Automatikgetriebe-?lwechsel;4921;117584;1;0,0022;0;0;0;4;0;9;0;0;0;0
Teilesatz, Automatikgetriebe-?lwechsel;4921;19258;1;0,0022;3;1;2;3;0;3;2;1;1;1
Teilesatz, Automatikgetriebe-?lwechsel;4921;19982;1;0,0022;0;0;0;2;0;3;0;0;0;0
Teilesatz, Automatikgetriebe-?lwechsel;4921;142540;7;0,0157;4;0;2;3;0;3;2;0;0;0
Teilesatz, Automatikgetriebe-?lwechsel;4921;7695;2;0,0045;5;0;1;4;0;4;2;1;1;1
Teilesatz, Automatikgetriebe-?lwechsel;4921;9737;3;0,0067;3;0;1;2;0;3;2;1;1;1
Teilesatz, Automatikgetriebe-?lwechsel;4921;16010;1;0,0022;4;0;2;2;0;6;0;0;0;0
Teilesatz, Automatikgetriebe-?lwechsel;4921;19020;1;0,0022;4;1;5;6;0;6;2;1;2;1
Teilesatz, Automatikgetriebe-?lwechsel;4921;127942;1;0,0022;3;0;0;3;0;5;0;0;0;0
Teilesatz, Automatikgetriebe-?lwechsel;4921;126752;1;0,0022;0;0;2;2;0;3;3;1;1;1
Teilesatz, Automatikgetriebe-?lwechsel;4921;16575;1;0,0022;12;0;6;7;0;8;5;3;1;3
Teilesatz, Automatikgetriebe-?lwechsel;4921;142913;4;0,009;4;0;2;0;0;14;2;0;0;0
Teilesatz, Automatikgetriebe-?lwechsel;4921;19837;3;0,0067;4;1;5;6;0;6;2;1;2;1
Teilesatz, Automatikgetriebe-?lwechsel;4921;7686;5;0,0112;5;0;1;4;0;4;2;1;1;1
Teilesatz, Automatikgetriebe-?lwechsel;4921;106092;63;0,1416;3;0;2;2;1;7;3;1;1;1
Teilesatz, Automatikgetriebe-?lwechsel;4921;125720;57;0,1281;2;0;4;5;0;6;2;2;1;1
Teilesatz, Automatikgetriebe-?lwechsel;4921;114351;2;0,0045;1;0;2;2;0;3;0;0;0;0
Teilesatz, Automatikgetriebe-?lwechsel;4921;50725;2;0,0045;0;0;0;3;0;3;0;0;0;0
Teilesatz, Automatikgetriebe-?lwechsel;4921;141545;2;0,0045;3;0;4;6;0;5;0;0;2;0
Teilesatz, Automatikgetriebe-?lwechsel;4921;136076;1;0,0022;3;0;2;3;0;3;2;1;0;0
Teilesatz, Automatikgetriebe-?lwechsel;4921;17293;17;0,0382;3;1;2;3;0;3;2;1;1;1
Teilesatz, Automatikgetriebe-?lwechsel;4921;31581;13;0,0292;12;0;17;10;0;12;3;3;1;3
Teilesatz, Automatikgetriebe-?lwechsel;4921;106292;1;0,0022;4;1;2;6;0;7;5;0;1;0
Teilesatz, Automatikgetriebe-?lwechsel;4921;123358;6;0,0135;0;0;0;5;0;6;0;0;0;0
Teilesatz, Automatikgetriebe-?lwechsel;4921;129195;1;0,0022;3;0;2;5;0;6;2;0;1;0
Teilesatz, Automatikgetriebe-?lwechsel;4921;123357;4;0,009;0;0;0;3;0;7;0;0;0;0
Teilesatz, Automatikgetriebe-?lwechsel;4921;14819;3;0,0067;5;0;8;7;0;4;2;1;1;1
Teilesatz, Automatikgetriebe-?lwechsel;4921;108009;7;0,0157;7;1;0;3;0;12;5;2;0;2
Teilesatz, Automatikgetriebe-?lwechsel;4921;142689;1;0,0022;2;0;2;2;0;3;2;0;1;0
Teilesatz, Automatikgetriebe-?lwechsel;4921;140885;1;0,0022;0;0;0;3;0;3;0;0;0;0
Teilesatz, Automatikgetriebe-?lwechsel;4921;105924;6;0,0135;3;0;2;2;0;3;3;0;1;0
Teilesatz, Automatikgetriebe-?lwechsel;4921;33413;2;0,0045;2;0;4;5;0;6;2;1;1;0
Teilesatz, Automatikgetriebe-?lwechsel;4921;32113;23;0,0517;6;1;4;5;0;6;5;1;1;1
Teilesatz, Automatikgetriebe-?lwechsel;4921;32679;7;0,0157;7;0;14;6;0;8;3;2;0;2
Teilesatz, Automatikgetriebe-?lwechsel;4921;17192;2;0,0045;12;0;13;7;0;4;2;3;1;3
Teilesatz, Automatikgetriebe-?lwechsel;4921;137725;5;0,0112;0;0;0;2;0;0;0;0;0;0
Teilesatz, Automatikgetriebe-?lwechsel;4921;33351;1;0,0022;3;0;1;2;0;3;2;1;1;1
Teilesatz, Automatikgetriebe-?lwechsel;4921;101004;2;0,0045;1;0;0;4;0;2;0;0;1;0
Teilesatz, Automatikgetriebe-?lwechsel;4921;56902;3;0,0067;3;0;0;4;0;2;0;0;1;0
Teilesatz, Automatikgetriebe-?lwechsel;4921;108443;1;0,0022;3;0;5;11;0;12;0;0;3;0
Teilesatz, Automatikgetriebe-?lwechsel;4921;132802;2;0,0045;3;0;2;2;0;6;2;1;1;1
Teilesatz, Automatikgetriebe-?lwechsel;4921;127854;20;0,045;3;0;2;4;0;6;3;1;1;1
Teilesatz, Automatikgetriebe-?lwechsel;4921;18059;6;0,0135;5;0;9;7;0;4;2;0;1;0
Teilesatz, Automatikgetriebe-?lwechsel;4921;128183;2;0,0045;0;0;0;0;0;3;2;0;0;0
Teilesatz, Automatikgetriebe-?lwechsel;4921;130595;11;0,0247;3;0;1;4;0;4;2;0;0;0
Teilesatz, Automatikgetriebe-?lwechsel;4921;116203;25;0,0562;3;0;7;5;0;6;2;1;1;1
Teilesatz, Automatikgetriebe-?lwechsel;4921;136498;2;0,0045;3;0;2;2;0;3;3;1;1;1
Teilesatz, Automatikgetriebe-?lwechsel;4921;136128;11;0,0247;2;0;2;3;0;3;2;1;1;0
Teilesatz, Automatikgetriebe-?lwechsel;4921;15677;3;0,0067;3;0;5;5;0;3;0;1;2;1
Teilesatz, Automatikgetriebe-?lwechsel;4921;120746;17;0,0382;2;1;2;3;0;3;2;1;1;0
Teilesatz, Automatikgetriebe-?lwechsel;4921;30988;6;0,0135;3;0;2;3;0;3;2;1;2;1
Teilesatz, Automatikgetriebe-?lwechsel;4921;107982;2;0,0045;3;0;2;2;0;3;3;1;1;1
Teilesatz, Automatikgetriebe-?lwechsel;4921;145844;1;0,0022;3;0;0;3;0;3;2;1;1;1
Teilesatz, Automatikgetriebe-?lwechsel;4921;117286;1;0,0022;3;0;2;2;0;3;3;0;1;0
Teilesatz, Automatikgetriebe-?lwechsel;4921;9943;15;0,0337;9;0;8;6;0;7;3;3;1;2
Teilesatz, Automatikgetriebe-?lwechsel;4921;57365;1;0,0022;0;0;2;2;0;3;0;0;0;0
Teilesatz, Automatikgetriebe-?lwechsel;4921;58184;6;0,0135;3;0;2;3;0;3;2;1;1;1
Teilesatz, Automatikgetriebe-?lwechsel;4921;14841;2;0,0045;5;0;6;4;0;4;0;0;0;0
Teilesatz, Automatikgetriebe-?lwechsel;4921;16149;7;0,0157;5;0;6;4;0;4;2;1;1;1
Teilesatz, Automatikgetriebe-?lwechsel;4921;126601;6;0,0135;0;0;0;2;0;3;0;0;0;0
Teilesatz, Automatikgetriebe-?lwechsel;4921;58767;350;0,7867;6;0;7;11;0;9;4;2;1;1
Teilesatz, Automatikgetriebe-?lwechsel;4921;136011;6;0,0135;6;1;0;3;0;6;2;1;1;0
Teilesatz, Automatikgetriebe-?lwechsel;4921;14955;3;0,0067;3;0;2;0;0;6;0;1;0;1
Teilesatz, Automatikgetriebe-?lwechsel;4921;134873;3;0,0067;3;0;2;3;0;3;2;1;0;0
Teilesatz, Automatikgetriebe-?lwechsel;4921;145020;1;0,0022;0;0;2;4;0;2;0;0;1;0
Teilesatz, Automatikgetriebe-?lwechsel;4921;55164;5;0,0112;0;0;2;0;0;0;0;0;1;0
Teilesatz, Automatikgetriebe-?lwechsel;4921;131373;10;0,0225;2;0;2;3;0;3;2;1;1;0
Teilesatz, Automatikgetriebe-?lwechsel;4921;967;1;0,0022;0;0;6;4;0;10;0;0;0;0
Teilesatz, Automatikgetriebe-?lwechsel;4921;23295;8;0,018;2;0;1;7;0;5;2;0;1;0
Teilesatz, Automatikgetriebe-?lwechsel;4921;23050;5;0,0112;6;1;3;5;0;9;2;1;1;1
Teilesatz, Automatikgetriebe-?lwechsel;4921;24496;3;0,0067;4;0;4;2;0;4;2;1;1;1
Teilesatz, Automatikgetriebe-?lwechsel;4921;110021;10;0,0225;3;0;2;2;0;3;2;1;1;1
Teilesatz, Automatikgetriebe-?lwechsel;4921;33472;4;0,009;0;0;0;2;0;3;0;0;0;0
Teilesatz, Automatikgetriebe-?lwechsel;4921;111783;6;0,0135;0;0;1;2;0;3;0;0;1;0
Teilesatz, Automatikgetriebe-?lwechsel;4921;132123;15;0,0337;3;0;1;4;0;4;2;1;0;0
Teilesatz, Automatikgetriebe-?lwechsel;4921;142438;1;0,0022;0;0;0;1;0;1;0;0;0;0
Teilesatz, Automatikgetriebe-?lwechsel;4921;6029;1;0,0022;3;0;6;2;0;3;2;1;1;1
Teilesatz, Automatikgetriebe-?lwechsel;4921;18813;1;0,0022;0;0;0;0;0;0;0;0;0;0
Teilesatz, Automatikgetriebe-?lwechsel;4921;109420;11;0,0247;4;0;5;4;0;6;2;1;1;1
Teilesatz, Automatikgetriebe-?lwechsel;4921;133860;9;0,0202;3;0;0;0;0;5;0;0;0;0
Teilesatz, Automatikgetriebe-?lwechsel;4921;121495;1;0,0022;6;0;5;9;0;10;0;0;3;0
Teilesatz, Automatikgetriebe-?lwechsel;4921;708;2;0,0045;6;0;0;6;0;9;0;0;0;0
Teilesatz, Automatikgetriebe-?lwechsel;4921;100850;1;0,0022;3;0;2;2;0;3;2;1;1;1
Teilesatz, Automatikgetriebe-?lwechsel;4921;5671;1;0,0022;3;0;2;2;0;3;3;1;1;1
Teilesatz, Automatikgetriebe-?lwechsel;4921;143501;1;0,0022;5;0;2;0;0;6;2;0;0;0
Teilesatz, Automatikgetriebe-?lwechsel;4921;18237;1;0,0022;0;0;2;2;0;0;3;0;1;0
Teilesatz, Automatikgetriebe-?lwechsel;4921;120241;1;0,0022;3;0;0;2;0;3;0;0;0;0
Teilesatz, Automatikgetriebe-?lwechsel;4921;28168;10;0,0225;0;0;1;0;0;3;2;1;1;1
Teilesatz, Automatikgetriebe-?lwechsel;4921;18636;15;0,0337;3;0;9;7;0;4;0;2;0;2
Teilesatz, Automatikgetriebe-?lwechsel;4921;111073;3;0,0067;0;0;0;3;0;3;0;0;0;0
Teilesatz, Automatikgetriebe-?lwechsel;4921;130970;144;0,3237;2;0;2;3;0;3;2;1;1;0
Teilesatz, Automatikgetriebe-?lwechsel;4921;110035;25;0,0562;3;0;1;3;0;3;2;1;0;0
Teilesatz, Automatikgetriebe-?lwechsel;4921;11312;2;0,0045;0;0;0;3;0;3;0;0;0;0
Teilesatz, Automatikgetriebe-?lwechsel;4921;129170;1;0,0022;0;0;1;4;0;6;0;0;0;0
Teilesatz, Automatikgetriebe-?lwechsel;4921;17903;4;0,009;3;0;7;5;0;6;4;2;1;1
Teilesatz, Automatikgetriebe-?lwechsel;4921;116633;1;0,0022;0;0;0;4;0;3;0;0;0;0
Teilesatz, Automatikgetriebe-?lwechsel;4921;128946;2;0,0045;4;0;0;1;0;0;0;0;0;0
Teilesatz, Automatikgetriebe-?lwechsel;4921;19392;1;0,0022;5;0;6;3;0;4;2;1;1;1
Teilesatz, Automatikgetriebe-?lwechsel;4921;10245;1;0,0022;3;0;6;2;0;3;2;1;1;1
Teilesatz, Automatikgetriebe-?lwechsel;4921;31579;6;0,0135;7;0;15;10;0;12;5;2;0;2
Teilesatz, Automatikgetriebe-?lwechsel;4921;141911;2;0,0045;0;0;2;2;0;6;3;0;1;0
Teilesatz, Automatikgetriebe-?lwechsel;4921;126612;8;0,018;0;0;0;2;0;3;0;0;0;0
Teilesatz, Automatikgetriebe-?lwechsel;4921;130969;23;0,0517;2;0;2;3;0;3;5;1;1;0
Teilesatz, Automatikgetriebe-?lwechsel;4921;19753;3;0,0067;2;0;3;4;0;6;0;0;0;0
Teilesatz, Automatikgetriebe-?lwechsel;4921;138724;9;0,0202;0;0;2;2;0;6;2;1;0;1
Teilesatz, Automatikgetriebe-?lwechsel;4921;117349;4;0,009;3;0;2;2;0;3;3;0;1;0
Teilesatz, Automatikgetriebe-?lwechsel;4921;17103;1;0,0022;5;0;9;7;0;4;2;1;1;1
Teilesatz, Automatikgetriebe-?lwechsel;4921;113291;11;0,0247;0;0;2;2;0;3;0;0;0;0
Teilesatz, Automatikgetriebe-?lwechsel;4921;26584;2;0,0045;0;0;0;0;0;0;0;0;0;0
Teilesatz, Automatikgetriebe-?lwechsel;4921;111760;9;0,0202;3;0;0;3;0;4;0;0;0;0
Teilesatz, Automatikgetriebe-?lwechsel;4921;20114;2;0,0045;3;0;1;3;0;3;2;1;1;1
Teilesatz, Automatikgetriebe-?lwechsel;4921;52003;3;0,0067;3;0;2;2;0;3;3;1;1;1
Teilesatz, Automatikgetriebe-?lwechsel;4921;127977;2;0,0045;0;0;0;2;0;3;0;0;0;0
Teilesatz, Automatikgetriebe-?lwechsel;4921;111166;1;0,0022;9;1;2;6;0;6;5;4;1;2
Teilesatz, Automatikgetriebe-?lwechsel;4921;20027;1;0,0022;2;0;0;3;0;3;0;0;0;0
Teilesatz, Automatikgetriebe-?lwechsel;4921;59461;16;0,036;7;0;4;3;0;4;3;2;0;2
Teilesatz, Automatikgetriebe-?lwechsel;4921;126259;3;0,0067;3;0;2;4;0;3;3;1;1;1
Teilesatz, Automatikgetriebe-?lwechsel;4921;119148;1;0,0022;3;0;3;7;0;7;0;0;2;0
Teilesatz, Automatikgetriebe-?lwechsel;4921;250;1;0,0022;0;0;0;2;0;3;2;0;0;0
Teilesatz, Automatikgetriebe-?lwechsel;4921;11892;1;0,0022;3;0;1;2;0;3;2;0;1;0
Teilesatz, Automatikgetriebe-?lwechsel;4921;110034;8;0,018;9;1;4;6;0;7;3;2;0;2
Teilesatz, Automatikgetriebe-?lwechsel;4921;123933;11;0,0247;1;0;2;2;0;3;2;1;1;1
Teilesatz, Automatikgetriebe-?lwechsel;4921;142495;1;0,0022;0;0;0;5;0;1;0;1;0;0
Teilesatz, Automatikgetriebe-?lwechsel;4921;19389;5;0,0112;7;0;17;6;0;12;3;2;0;2
Teilesatz, Automatikgetriebe-?lwechsel;4921;117083;17;0,0382;3;0;3;7;0;9;0;0;2;0
Teilesatz, Automatikgetriebe-?lwechsel;4921;23145;2;0,0045;2;0;1;5;0;6;0;0;0;0
Teilesatz, Automatikgetriebe-?lwechsel;4921;1661;1;0,0022;6;0;5;2;0;3;2;1;1;1
Teilesatz, Automatikgetriebe-?lwechsel;4921;17969;17;0,0382;7;1;5;6;0;6;4;1;2;1
Teilesatz, Automatikgetriebe-?lwechsel;4921;111076;10;0,0225;0;0;0;4;0;9;0;0;0;0
Teilesatz, Automatikgetriebe-?lwechsel;4921;17281;4;0,009;9;0;8;7;0;3;2;3;1;1
Teilesatz, Automatikgetriebe-?lwechsel;4921;18976;3;0,0067;3;0;6;2;0;3;2;1;1;1
Teilesatz, Automatikgetriebe-?lwechsel;4921;143481;1;0,0022;0;0;2;7;0;6;0;0;0;0
Teilesatz, Automatikgetriebe-?lwechsel;4921;15534;6;0,0135;3;0;2;3;0;6;2;1;1;1
Teilesatz, Automatikgetriebe-?lwechsel;4921;119958;2;0,0045;3;0;2;2;0;3;3;0;1;0
Teilesatz, Automatikgetriebe-?lwechsel;4921;116634;1;0,0022;0;0;0;4;0;6;0;0;0;0
Teilesatz, Automatikgetriebe-?lwechsel;4921;7685;14;0,0315;5;0;3;4;0;4;2;1;1;1
Teilesatz, Automatikgetriebe-?lwechsel;4921;130248;8;0,018;3;0;2;2;0;3;2;1;1;1
Teilesatz, Automatikgetriebe-?lwechsel;4921;117305;1;0,0022;9;1;2;9;0;9;5;4;1;2
Teilesatz, Automatikgetriebe-?lwechsel;4921;107877;2;0,0045;7;0;0;0;0;3;0;2;0;2
Teilesatz, Automatikgetriebe-?lwechsel;4921;33011;17;0,0382;3;1;2;2;0;3;3;1;1;1
Teilesatz, Automatikgetriebe-?lwechsel;4921;18060;1;0,0022;3;0;0;2;0;4;0;0;0;0
Teilesatz, Automatikgetriebe-?lwechsel;4921;20898;7;0,0157;6;0;7;9;0;5;2;1;2;1
Teilesatz, Automatikgetriebe-?lwechsel;4921;16717;13;0,0292;5;0;8;7;0;4;2;1;1;1
Teilesatz, Automatikgetriebe-?lwechsel;4921;123184;1;0,0022;0;0;2;3;0;3;2;1;1;1
Teilesatz, Automatikgetriebe-?lwechsel;4921;55128;18;0,0405;3;1;2;2;0;3;3;1;1;1
Teilesatz, Automatikgetriebe-?lwechsel;4921;7832;5;0,0112;5;0;6;4;0;13;2;1;1;1
Teilesatz, Automatikgetriebe-?lwechsel;4921;116632;65;0,1461;0;0;0;3;0;4;0;0;0;0
Teilesatz, Automatikgetriebe-?lwechsel;4921;132327;7;0,0157;3;0;5;7;0;4;0;0;1;0
Teilesatz, Automatikgetriebe-?lwechsel;4921;133668;7;0,0157;3;0;3;5;0;4;0;0;1;0
Teilesatz, Automatikgetriebe-?lwechsel;4921;31068;1;0,0022;0;0;2;4;0;6;0;0;0;0
Teilesatz, Automatikgetriebe-?lwechsel;4921;7519;11;0,0247;12;0;9;6;0;8;5;3;1;3
Teilesatz, Automatikgetriebe-?lwechsel;4921;27537;9;0,0202;0;0;2;4;0;2;0;0;1;0
Teilesatz, Automatikgetriebe-?lwechsel;4921;137601;5;0,0112;0;0;0;4;0;6;0;1;0;0
Teilesatz, Automatikgetriebe-?lwechsel;4921;139270;2;0,0045;7;0;3;5;0;6;2;1;1;1
Teilesatz, Automatikgetriebe-?lwechsel;4921;698;1;0,0022;3;0;0;6;0;9;0;0;0;0
Teilesatz, Automatikgetriebe-?lwechsel;4921;108658;13;0,0292;3;0;0;7;0;5;0;0;1;0
Teilesatz, Automatikgetriebe-?lwechsel;4921;7741;1;0,0022;7;0;4;5;0;12;2;0;1;0
Teilesatz, Automatikgetriebe-?lwechsel;4921;100638;18;0,0405;3;0;0;3;0;3;2;1;1;1
Teilesatz, Automatikgetriebe-?lwechsel;4921;142914;3;0,0067;4;0;2;0;0;14;2;0;0;0
Teilesatz, Automatikgetriebe-?lwechsel;4921;58533;5;0,0112;1;0;2;2;0;3;0;1;1;1
Teilesatz, Automatikgetriebe-?lwechsel;4921;106452;38;0,0854;9;1;6;6;0;7;5;3;1;2
Teilesatz, Automatikgetriebe-?lwechsel;4921;58365;1;0,0022;3;0;2;2;0;3;3;1;1;1
Teilesatz, Automatikgetriebe-?lwechsel;4921;20119;26;0,0584;3;0;5;5;0;3;0;1;2;1
Teilesatz, Automatikgetriebe-?lwechsel;4921;29985;2;0,0045;0;0;0;2;0;6;0;0;0;0
Teilesatz, Automatikgetriebe-?lwechsel;4921;135177;2;0,0045;3;0;3;7;0;7;0;0;2;0
Teilesatz, Automatikgetriebe-?lwechsel;4921;58477;36;0,0809;3;0;2;3;0;3;2;1;0;0
Teilesatz, Automatikgetriebe-?lwechsel;4921;133253;1;0,0022;0;0;2;2;0;3;3;1;1;1
Teilesatz, Automatikgetriebe-?lwechsel;4921;126261;1;0,0022;3;0;2;4;0;3;3;1;1;1
Teilesatz, Automatikgetriebe-?lwechsel;4921;127990;1;0,0022;0;0;2;2;0;3;3;0;1;0
Teilesatz, Automatikgetriebe-?lwechsel;4921;58670;12;0,027;7;0;6;3;0;4;3;2;0;2
Teilesatz, Automatikgetriebe-?lwechsel;4921;143274;23;0,0517;6;0;1;3;0;6;2;0;1;0
Teilesatz, Automatikgetriebe-?lwechsel;4921;34581;1;0,0022;0;0;0;0;0;6;0;0;0;0
Teilesatz, Automatikgetriebe-?lwechsel;4921;117758;1;0,0022;0;0;2;2;0;3;2;0;0;0
Teilesatz, Automatikgetriebe-?lwechsel;4921;107540;6;0,0135;3;0;2;3;0;3;2;1;0;0
Teilesatz, Automatikgetriebe-?lwechsel;4921;27994;10;0,0225;6;0;3;2;0;8;2;1;1;1
Teilesatz, Automatikgetriebe-?lwechsel;4921;54937;9;0,0202;5;0;4;7;0;4;2;1;1;1
Teilesatz, Automatikgetriebe-?lwechsel;4921;134273;1;0,0022;9;0;2;3;0;3;5;3;1;2
Teilesatz, Automatikgetriebe-?lwechsel;4921;32115;15;0,0337;3;1;4;3;0;3;2;1;1;1
Teilesatz, Automatikgetriebe-?lwechsel;4921;137038;7;0,0157;3;0;2;4;0;6;2;0;1;0
Teilesatz, Automatikgetriebe-?lwechsel;4921;25489;12;0,027;3;1;2;3;0;3;2;1;1;1
Teilesatz, Automatikgetriebe-?lwechsel;4921;58480;14;0,0315;3;0;2;3;0;3;2;1;0;0
Teilesatz, Automatikgetriebe-?lwechsel;4921;106304;2;0,0045;9;1;6;6;0;7;5;3;1;2
Teilesatz, Automatikgetriebe-?lwechsel;4921;58344;5;0,0112;3;0;2;2;0;3;3;1;1;1
Teilesatz, Automatikgetriebe-?lwechsel;4921;59677;5;0,0112;6;0;7;11;0;9;4;1;1;1
Teilesatz, Automatikgetriebe-?lwechsel;4921;7678;63;0,1416;5;0;3;4;0;4;2;1;1;1
Teilesatz, Automatikgetriebe-?lwechsel;4921;109389;27;0,0607;3;0;1;3;0;3;2;1;0;0
Teilesatz, Automatikgetriebe-?lwechsel;4921;107641;1;0,0022;0;0;0;2;0;3;0;0;0;0
Teilesatz, Automatikgetriebe-?lwechsel;4921;101046;1;0,0022;3;0;2;2;0;3;3;1;1;1
Teilesatz, Automatikgetriebe-?lwechsel;4921;106597;15;0,0337;1;0;6;5;0;6;2;1;1;1
Teilesatz, Automatikgetriebe-?lwechsel;4921;106305;4;0,009;9;1;6;6;0;7;5;3;1;2
Teilesatz, Automatikgetriebe-?lwechsel;4921;32114;25;0,0562;6;1;4;5;0;3;5;1;1;1
Teilesatz, Automatikgetriebe-?lwechsel;4921;30372;12;0,027;5;0;9;7;0;4;2;1;1;1
Teilesatz, Automatikgetriebe-?lwechsel;4921;114329;15;0,0337;3;0;0;4;0;2;0;0;1;0
Teilesatz, Automatikgetriebe-?lwechsel;4921;106290;2;0,0045;7;1;4;3;0;3;3;1;0;1
Teilesatz, Automatikgetriebe-?lwechsel;4921;11794;30;0,0674;3;0;5;2;0;3;2;1;1;1
Teilesatz, Automatikgetriebe-?lwechsel;4921;17410;29;0,0652;5;0;4;4;0;4;2;1;1;1
Teilesatz, Automatikgetriebe-?lwechsel;4921;16477;9;0,0202;2;0;0;4;0;4;0;0;0;0
Teilesatz, Automatikgetriebe-?lwechsel;4921;140891;19;0,0427;2;0;0;6;0;3;2;0;0;0
Teilesatz, Automatikgetriebe-?lwechsel;4921;142473;22;0,0495;3;0;2;3;0;3;2;2;2;1
Teilesatz, Automatikgetriebe-?lwechsel;4921;59782;3;0,0067;3;0;2;2;0;3;2;1;1;1
Teilesatz, Automatikgetriebe-?lwechsel;4921;143836;1;0,0022;4;0;0;0;0;14;2;1;0;0
Teilesatz, Automatikgetriebe-?lwechsel;4921;127687;1;0,0022;0;0;0;3;0;9;0;1;0;0
Teilesatz, Automatikgetriebe-?lwechsel;4921;117766;6;0,0135;3;0;2;3;0;3;2;1;1;1
Teilesatz, Automatikgetriebe-?lwechsel;4921;112360;4;0,009;9;1;6;6;0;3;5;3;1;2
Teilesatz, Automatikgetriebe-?lwechsel;4921;56112;4;0,009;3;0;4;11;0;12;3;1;2;0
Teilesatz, Automatikgetriebe-?lwechsel;4921;113458;2;0,0045;3;0;2;2;0;3;3;1;1;1
Teilesatz, Automatikgetriebe-?lwechsel;4921;108602;24;0,0539;3;0;2;3;0;3;2;1;1;1
Teilesatz, Automatikgetriebe-?lwechsel;4921;922;1;0,0022;8;1;5;3;0;3;2;0;1;0
Teilesatz, Automatikgetriebe-?lwechsel;4921;18263;27;0,0607;8;0;4;8;0;6;4;2;1;2
Teilesatz, Automatikgetriebe-?lwechsel;4921;131308;2;0,0045;2;0;2;3;0;3;2;1;1;0
Teilesatz, Automatikgetriebe-?lwechsel;4921;11784;1;0,0022;2;0;0;4;0;1;0;0;1;0
Teilesatz, Automatikgetriebe-?lwechsel;4921;135750;1;0,0022;6;0;0;3;0;3;3;3;0;2
Teilesatz, Automatikgetriebe-?lwechsel;4921;132151;7;0,0157;2;0;2;4;0;6;2;0;2;0
Teilesatz, Automatikgetriebe-?lwechsel;4921;11986;2;0,0045;2;0;4;5;0;6;2;1;1;0
Teilesatz, Automatikgetriebe-?lwechsel;4921;59367;4;0,009;1;0;4;2;0;3;2;1;1;1
Teilesatz, Automatikgetriebe-?lwechsel;4921;27400;3;0,0067;9;1;2;3;0;3;5;2;1;1
Teilesatz, Automatikgetriebe-?lwechsel;4921;105901;25;0,0562;2;0;2;4;0;2;0;0;1;0
Teilesatz, Automatikgetriebe-?lwechsel;4921;100827;2;0,0045;0;0;2;2;0;3;2;0;1;0
Teilesatz, Automatikgetriebe-?lwechsel;4921;138182;1;0,0022;0;0;0;3;0;6;0;0;0;0
Teilesatz, Automatikgetriebe-?lwechsel;4921;22539;4;0,009;4;1;5;6;0;6;2;1;2;1
Teilesatz, Automatikgetriebe-?lwechsel;4921;54946;1;0,0022;5;0;3;4;0;4;2;1;1;1
Teilesatz, Automatikgetriebe-?lwechsel;4921;10342;1;0,0022;7;0;2;6;0;8;3;2;0;2
Teilesatz, Automatikgetriebe-?lwechsel;4921;32892;4;0,009;12;0;12;7;0;8;5;3;1;3
Teilesatz, Automatikgetriebe-?lwechsel;4921;107758;4;0,009;1;0;1;4;0;6;0;0;0;0
Teilesatz, Automatikgetriebe-?lwechsel;4921;16360;12;0,027;4;0;0;6;1;7;3;1;1;1
Teilesatz, Automatikgetriebe-?lwechsel;4921;18711;2;0,0045;3;0;13;7;0;4;3;2;0;2
Teilesatz, Automatikgetriebe-?lwechsel;4921;16594;59;0,1326;5;0;8;7;0;4;2;1;1;1
Teilesatz, Automatikgetriebe-?lwechsel;4921;107753;3;0,0067;0;0;1;4;0;6;1;1;1;1
Teilesatz, Automatikgetriebe-?lwechsel;4921;124807;1;0,0022;0;0;0;3;0;3;0;0;0;0
Teilesatz, Automatikgetriebe-?lwechsel;4921;22657;1;0,0022;3;1;2;3;0;3;2;1;1;1
Teilesatz, Automatikgetriebe-?lwechsel;4921;59039;2;0,0045;7;0;4;0;0;3;3;2;0;2
Teilesatz, Automatikgetriebe-?lwechsel;4921;11393;1;0,0022;9;1;6;3;0;3;5;2;1;1
Teilesatz, Automatikgetriebe-?lwechsel;4921;17214;1;0,0022;3;0;2;3;0;6;2;1;1;1
Teilesatz, Automatikgetriebe-?lwechsel;4921;16957;5;0,0112;5;0;8;7;0;8;2;1;1;1
Teilesatz, Automatikgetriebe-?lwechsel;4921;128016;2;0,0045;4;0;2;6;0;3;2;1;1;0
Teilesatz, Automatikgetriebe-?lwechsel;4921;5880;8;0,018;7;0;7;6;0;8;3;2;0;2
Teilesatz, Automatikgetriebe-?lwechsel;4921;17173;13;0,0292;4;0;7;5;0;4;2;1;1;1
Teilesatz, Automatikgetriebe-?lwechsel;4921;143631;2;0,0045;0;0;0;3;0;3;0;1;0;0
Teilesatz, Automatikgetriebe-?lwechsel;4921;107537;6;0,0135;7;0;4;3;0;4;3;2;0;2
Teilesatz, Automatikgetriebe-?lwechsel;4921;117725;30;0,0674;0;0;0;2;0;3;0;0;0;0
Teilesatz, Automatikgetriebe-?lwechsel;4921;54497;1;0,0022;3;0;2;4;1;0;2;0;1;0
Teilesatz, Automatikgetriebe-?lwechsel;4921;117400;11;0,0247;9;1;6;9;0;10;5;3;1;2
Teilesatz, Automatikgetriebe-?lwechsel;4921;106459;3;0,0067;3;0;2;2;0;3;2;1;1;1
Teilesatz, Automatikgetriebe-?lwechsel;4921;12587;2;0,0045;5;0;6;4;0;10;2;1;1;1
Teilesatz, Automatikgetriebe-?lwechsel;4921;123350;1;0,0022;0;0;0;0;0;1;0;0;0;0
Teilesatz, Automatikgetriebe-?lwechsel;4921;136394;11;0,0247;2;0;2;2;0;6;4;0;0;0
Teilesatz, Automatikgetriebe-?lwechsel;4921;57291;2;0,0045;7;0;6;3;0;4;3;2;0;2
Teilesatz, Automatikgetriebe-?lwechsel;4921;107543;23;0,0517;3;0;2;0;0;3;2;0;0;0
Teilesatz, Automatikgetriebe-?lwechsel;4921;11387;4;0,009;7;0;4;6;0;8;3;2;0;2
Teilesatz, Automatikgetriebe-?lwechsel;4921;28183;1;0,0022;1;0;0;4;0;3;0;0;0;0
Teilesatz, Automatikgetriebe-?lwechsel;4921;23181;23;0,0517;7;0;6;5;0;9;4;3;2;2
Teilesatz, Automatikgetriebe-?lwechsel;4921;17864;21;0,0472;5;0;9;7;0;4;2;1;1;1
Teilesatz, Automatikgetriebe-?lwechsel;4921;33403;1;0,0022;0;0;0;2;0;3;0;0;0;0
Teilesatz, Automatikgetriebe-?lwechsel;4921;30999;1;0,0022;0;0;2;2;0;4;0;0;0;0
Teilesatz, Automatikgetriebe-?lwechsel;4921;116043;2;0,0045;5;0;4;3;0;3;0;1;1;1
Teilesatz, Automatikgetriebe-?lwechsel;4921;11392;16;0,036;7;0;4;0;0;3;3;2;0;2
Teilesatz, Automatikgetriebe-?lwechsel;4921;29956;2;0,0045;0;0;0;1;0;1;0;0;0;0
Teilesatz, Automatikgetriebe-?lwechsel;4921;118064;4;0,009;0;0;2;2;0;3;3;1;1;1
Teilesatz, Automatikgetriebe-?lwechsel;4921;143544;1;0,0022;3;0;3;5;0;6;2;1;0;0
Teilesatz, Automatikgetriebe-?lwechsel;4921;16928;3;0,0067;5;0;8;7;0;4;2;1;1;1
Teilesatz, Automatikgetriebe-?lwechsel;4921;17827;1;0,0022;0;0;0;0;0;3;2;0;0;0
Teilesatz, Automatikgetriebe-?lwechsel;4921;9621;3;0,0067;2;0;2;4;0;2;0;0;1;0
Teilesatz, Automatikgetriebe-?lwechsel;4921;142277;14;0,0315;3;0;3;5;0;6;2;1;1;0
Teilesatz, Automatikgetriebe-?lwechsel;4921;137845;1;0,0022;0;0;0;2;0;3;0;0;0;0
Teilesatz, Automatikgetriebe-?lwechsel;4921;143285;1;0,0022;6;0;1;3;0;6;2;0;1;0
Teilesatz, Automatikgetriebe-?lwechsel;4921;5602;7;0,0157;3;0;2;0;0;6;0;1;0;1
Teilesatz, Automatikgetriebe-?lwechsel;4921;9743;26;0,0584;0;0;2;2;0;3;0;0;0;0
Teilesatz, Automatikgetriebe-?lwechsel;4921;19654;2;0,0045;8;0;17;7;0;8;5;3;1;3
Teilesatz, Automatikgetriebe-?lwechsel;4921;19827;1;0,0022;3;0;2;6;0;6;2;0;1;0
Teilesatz, Automatikgetriebe-?lwechsel;4921;146082;2;0,0045;5;0;2;0;0;6;2;0;0;0
Teilesatz, Automatikgetriebe-?lwechsel;4921;145886;15;0,0337;3;0;0;3;0;3;2;2;1;1
Teilesatz, Automatikgetriebe-?lwechsel;4921;18922;1;0,0022;6;0;5;3;0;6;2;2;1;1
Teilesatz, Automatikgetriebe-?lwechsel;4921;135946;1;0,0022;3;0;1;3;0;3;2;1;0;0
Teilesatz, Automatikgetriebe-?lwechsel;4921;11604;2;0,0045;3;0;4;0;0;6;0;1;0;1
Teilesatz, Automatikgetriebe-?lwechsel;4921;18953;1;0,0022;9;0;1;7;0;9;2;1;1;1
Teilesatz, Automatikgetriebe-?lwechsel;4921;38882;9;0,0202;0;0;2;2;0;0;3;0;1;0
Teilesatz, Automatikgetriebe-?lwechsel;4921;100453;29;0,0652;3;0;2;3;0;3;2;1;0;0
Teilesatz, Automatikgetriebe-?lwechsel;4921;30979;3;0,0067;2;0;4;5;0;6;2;1;1;0
Teilesatz, Automatikgetriebe-?lwechsel;4921;127984;10;0,0225;3;0;2;2;0;3;2;1;1;1
Teilesatz, Automatikgetriebe-?lwechsel;4921;127852;3;0,0067;3;0;2;2;0;3;3;1;1;1
Teilesatz, Automatikgetriebe-?lwechsel;4921;23378;2;0,0045;0;0;0;0;0;3;0;0;0;0
Teilesatz, Automatikgetriebe-?lwechsel;4921;19169;1;0,0022;2;0;2;6;0;9;2;1;0;1
Teilesatz, Automatikgetriebe-?lwechsel;4921;17818;1;0,0022;3;0;0;2;0;3;0;0;0;0
Teilesatz, Automatikgetriebe-?lwechsel;4921;120779;2;0,0045;3;0;5;5;0;6;2;1;1;1
Teilesatz, Automatikgetriebe-?lwechsel;4921;116109;7;0,0157;0;0;0;3;0;3;0;0;0;0
Teilesatz, Automatikgetriebe-?lwechsel;4921;136009;6;0,0135;6;0;2;3;0;6;2;3;1;2
Teilesatz, Automatikgetriebe-?lwechsel;4921;143155;7;0,0157;3;0;2;4;0;3;0;0;1;0
Teilesatz, Automatikgetriebe-?lwechsel;4921;8802;2;0,0045;0;0;4;0;0;6;0;1;0;1
Teilesatz, Automatikgetriebe-?lwechsel;4921;17965;20;0,045;7;0;11;6;0;8;3;2;0;2
Teilesatz, Automatikgetriebe-?lwechsel;4921;128189;15;0,0337;6;0;5;8;0;9;2;1;1;1
Teilesatz, Automatikgetriebe-?lwechsel;4921;18410;4;0,009;5;0;2;9;0;12;2;2;2;2
Teilesatz, Automatikgetriebe-?lwechsel;4921;113286;18;0,0405;0;0;0;2;0;6;0;0;0;0
Teilesatz, Automatikgetriebe-?lwechsel;4921;110615;14;0,0315;1;0;7;4;0;6;2;1;1;1
Teilesatz, Automatikgetriebe-?lwechsel;4921;134290;9;0,0202;3;0;7;5;0;3;2;1;0;0
Teilesatz, Automatikgetriebe-?lwechsel;4921;136201;2;0,0045;2;0;2;3;0;6;2;1;1;0
Teilesatz, Automatikgetriebe-?lwechsel;4921;10333;4;0,009;7;0;8;6;0;8;3;2;0;2
Teilesatz, Automatikgetriebe-?lwechsel;4921;17768;35;0,0787;6;0;7;5;0;8;4;1;1;1
Teilesatz, Automatikgetriebe-?lwechsel;4921;100560;86;0,1933;9;1;6;6;0;6;5;3;1;2
Teilesatz, Automatikgetriebe-?lwechsel;4921;133766;2;0,0045;0;0;0;4;0;6;0;0;0;0
Teilesatz, Automatikgetriebe-?lwechsel;4921;24493;3;0,0067;6;0;4;6;0;5;2;1;2;1
Teilesatz, Automatikgetriebe-?lwechsel;4921;28241;1;0,0022;0;0;2;2;0;3;2;0;0;0
Teilesatz, Automatikgetriebe-?lwechsel;4921;59800;1;0,0022;3;0;2;2;0;3;3;1;1;1
Teilesatz, Automatikgetriebe-?lwechsel;4921;100573;32;0,0719;0;0;0;3;0;4;0;0;0;0
Teilesatz, Automatikgetriebe-?lwechsel;4921;134232;1;0,0022;0;0;1;0;0;0;2;1;0;0
Teilesatz, Automatikgetriebe-?lwechsel;4921;133293;6;0,0135;1;0;3;2;0;6;0;1;0;0
Teilesatz, Automatikgetriebe-?lwechsel;4921;131980;1;0,0022;2;0;2;3;0;3;2;1;1;0
Teilesatz, Automatikgetriebe-?lwechsel;4921;126757;5;0,0112;2;0;0;3;0;3;2;1;1;0
Teilesatz, Automatikgetriebe-?lwechsel;4921;105916;1;0,0022;0;0;0;0;0;3;0;0;0;0
Teilesatz, Automatikgetriebe-?lwechsel;4921;12005;4;0,009;0;0;3;2;0;3;0;0;0;0
Teilesatz, Automatikgetriebe-?lwechsel;4921;30983;1;0,0022;6;0;5;5;0;6;5;1;2;1
Teilesatz, Automatikgetriebe-?lwechsel;4921;136494;1;0,0022;3;0;2;4;0;6;2;1;1;1
Teilesatz, Automatikgetriebe-?lwechsel;4921;18511;91;0,2046;8;0;4;8;0;6;4;2;1;2
Teilesatz, Automatikgetriebe-?lwechsel;4921;18417;2;0,0045;1;0;2;2;0;3;0;0;0;0
Teilesatz, Automatikgetriebe-?lwechsel;4921;16327;1;0,0022;3;0;0;3;0;9;0;1;0;1
Teilesatz, Automatikgetriebe-?lwechsel;4921;19822;2;0,0045;1;0;0;4;0;4;0;1;1;1
Teilesatz, Automatikgetriebe-?lwechsel;4921;123114;32;0,0719;3;0;3;7;0;7;0;0;2;0
Teilesatz, Automatikgetriebe-?lwechsel;4921;115043;4;0,009;3;0;1;3;0;3;2;1;0;0
Teilesatz, Automatikgetriebe-?lwechsel;4921;138702;32;0,0719;3;0;2;10;0;9;2;1;0;0
Teilesatz, Automatikgetriebe-?lwechsel;4921;106315;2;0,0045;9;1;7;10;0;7;5;3;1;2
Teilesatz, Automatikgetriebe-?lwechsel;4921;11394;6;0,0135;7;1;4;3;0;4;3;2;0;2
Teilesatz, Automatikgetriebe-?lwechsel;4921;56769;2;0,0045;3;0;2;2;0;3;3;1;1;1
Teilesatz, Automatikgetriebe-?lwechsel;4921;113842;2;0,0045;3;1;0;2;0;6;3;0;0;0
Teilesatz, Automatikgetriebe-?lwechsel;4921;113334;1;0,0022;1;0;2;2;0;3;0;0;0;0
Teilesatz, Automatikgetriebe-?lwechsel;4921;28205;2;0,0045;7;0;17;6;0;12;5;2;0;2
Teilesatz, Automatikgetriebe-?lwechsel;4921;59464;7;0,0157;7;0;4;3;0;4;3;2;0;2
Teilesatz, Automatikgetriebe-?lwechsel;4921;142300;5;0,0112;3;0;2;6;0;9;2;1;0;0
Teilesatz, Automatikgetriebe-?lwechsel;4921;142496;1;0,0022;0;0;0;4;0;6;0;1;0;0
Teilesatz, Automatikgetriebe-?lwechsel;4921;137602;4;0,009;0;0;0;4;0;6;0;1;0;0
Teilesatz, Automatikgetriebe-?lwechsel;4921;34951;27;0,0607;3;0;2;4;0;2;0;0;1;0
Teilesatz, Automatikgetriebe-?lwechsel;4921;108463;2;0,0045;0;0;0;2;0;3;0;0;0;0
Teilesatz, Automatikgetriebe-?lwechsel;4921;17144;1;0,0022;3;0;7;5;0;6;2;1;1;1
Teilesatz, Automatikgetriebe-?lwechsel;4921;122843;19;0,0427;3;0;2;2;0;3;3;0;1;0
Teilesatz, Automatikgetriebe-?lwechsel;4921;106644;774;1,7398;6;0;7;5;0;6;4;3;2;2
Teilesatz, Automatikgetriebe-?lwechsel;4921;7835;1;0,0022;5;0;6;4;0;10;2;1;1;1
Teilesatz, Automatikgetriebe-?lwechsel;4921;12334;2;0,0045;7;0;6;6;0;8;3;2;0;2
Teilesatz, Automatikgetriebe-?lwechsel;4921;135068;2;0,0045;3;0;0;2;0;3;0;0;0;0
Teilesatz, Automatikgetriebe-?lwechsel;4921;56113;2;0,0045;3;0;1;6;0;6;3;1;1;0
Teilesatz, Automatikgetriebe-?lwechsel;4921;19232;1;0,0022;0;0;2;2;0;6;0;0;0;0
Teilesatz, Automatikgetriebe-?lwechsel;4921;133867;1;0,0022;5;0;0;4;0;14;0;0;0;0
Teilesatz, Automatikgetriebe-?lwechsel;4921;129130;3;0,0067;3;0;2;2;1;3;3;0;1;0
Teilesatz, Automatikgetriebe-?lwechsel;4921;30764;10;0,0225;3;0;1;3;0;3;2;1;1;1
Teilesatz, Automatikgetriebe-?lwechsel;4921;100052;19;0,0427;1;0;1;3;0;3;0;1;1;1
Teilesatz, Automatikgetriebe-?lwechsel;4921;18423;2;0,0045;3;0;2;11;0;18;2;2;2;2
Teilesatz, Automatikgetriebe-?lwechsel;4921;107514;13;0,0292;6;1;2;3;0;6;3;3;1;2
Teilesatz, Automatikgetriebe-?lwechsel;4921;7923;3;0,0067;2;0;6;9;0;6;2;1;2;0
Teilesatz, Automatikgetriebe-?lwechsel;4921;120235;3;0,0067;3;0;2;2;0;3;3;1;1;1
Teilesatz, Automatikgetriebe-?lwechsel;4921;18543;1;0,0022;2;0;0;3;0;0;0;0;0;0
Teilesatz, Automatikgetriebe-?lwechsel;4921;136491;1;0,0022;3;0;2;2;0;3;3;0;1;0
Teilesatz, Automatikgetriebe-?lwechsel;4921;22462;4;0,009;7;0;17;6;0;8;3;2;0;2
Teilesatz, Automatikgetriebe-?lwechsel;4921;8428;38;0,0854;3;0;2;3;0;3;2;1;0;0
Teilesatz, Automatikgetriebe-?lwechsel;4921;17484;10;0,0225;9;0;7;5;0;5;2;2;1;1
Teilesatz, Automatikgetriebe-?lwechsel;4921;137600;13;0,0292;0;0;0;4;0;6;0;1;0;0
Teilesatz, Automatikgetriebe-?lwechsel;4921;59676;3;0,0067;6;0;7;11;0;9;4;1;1;1
Teilesatz, Automatikgetriebe-?lwechsel;4921;31013;7;0,0157;1;1;5;6;0;9;4;2;2;1
Teilesatz, Automatikgetriebe-?lwechsel;4921;142441;2;0,0045;3;0;0;7;0;3;0;0;0;0
Teilesatz, Automatikgetriebe-?lwechsel;4921;132932;1;0,0022;5;0;0;0;0;1;0;0;0;0
Teilesatz, Automatikgetriebe-?lwechsel;4921;32796;2;0,0045;0;0;2;4;0;9;0;0;0;0
Teilesatz, Automatikgetriebe-?lwechsel;4921;33416;1;0,0022;2;0;4;5;0;6;2;1;1;0
Teilesatz, Automatikgetriebe-?lwechsel;4921;137528;2;0,0045;0;0;0;4;0;6;0;1;0;0
Teilesatz, Automatikgetriebe-?lwechsel;4921;140460;23;0,0517;6;0;1;3;0;6;2;1;1;0
Teilesatz, Automatikgetriebe-?lwechsel;4921;19396;5;0,0112;6;0;5;2;0;6;4;3;1;1
Teilesatz, Automatikgetriebe-?lwechsel;4921;128572;1;0,0022;8;0;1;4;0;6;0;3;1;3
Teilesatz, Automatikgetriebe-?lwechsel;4921;10295;7;0,0157;0;0;2;2;0;3;0;0;0;0
Teilesatz, Automatikgetriebe-?lwechsel;4921;106279;2;0,0045;0;0;2;2;0;3;0;0;0;0
Teilesatz, Automatikgetriebe-?lwechsel;4921;15263;6;0,0135;5;0;8;7;0;4;2;1;1;1
Teilesatz, Automatikgetriebe-?lwechsel;4921;18698;1;0,0022;3;0;13;7;0;8;0;2;0;2
Teilesatz, Automatikgetriebe-?lwechsel;4921;30380;40;0,0899;3;0;2;2;0;6;2;1;2;1
Teilesatz, Automatikgetriebe-?lwechsel;4921;123206;4;0,009;1;1;5;6;0;3;2;1;2;0
Teilesatz, Automatikgetriebe-?lwechsel;4921;128591;1;0,0022;3;0;2;2;0;3;2;1;1;1
Teilesatz, Automatikgetriebe-?lwechsel;4921;32062;2;0,0045;0;0;3;2;0;3;2;1;1;1
Teilesatz, Automatikgetriebe-?lwechsel;4921;55991;1;0,0022;0;1;5;5;0;6;3;1;2;1
Teilesatz, Automatikgetriebe-?lwechsel;4921;31110;1;0,0022;0;0;2;0;0;6;0;0;0;0
Teilesatz, Automatikgetriebe-?lwechsel;4921;18244;1;0,0022;0;0;2;2;0;3;0;0;0;0
Teilesatz, Automatikgetriebe-?lwechsel;4921;26644;10;0,0225;6;0;5;9;0;6;4;1;1;1
Teilesatz, Automatikgetriebe-?lwechsel;4921;128796;2;0,0045;0;0;0;2;0;6;0;0;0;0
Teilesatz, Automatikgetriebe-?lwechsel;4921;109397;41;0,0922;3;0;1;3;0;3;2;1;0;0
Teilesatz, Automatikgetriebe-?lwechsel;4921;53156;3;0,0067;4;1;7;8;0;9;2;1;3;1
Teilesatz, Automatikgetriebe-?lwechsel;4921;59646;4;0,009;5;0;5;5;0;3;0;1;2;1
Teilesatz, Automatikgetriebe-?lwechsel;4921;133450;8;0,018;3;0;0;2;0;3;0;0;0;0
Teilesatz, Automatikgetriebe-?lwechsel;4921;17270;9;0,0202;3;0;1;2;0;3;2;1;0;0
Teilesatz, Automatikgetriebe-?lwechsel;4921;116214;1;0,0022;0;0;0;2;0;0;0;0;0;0
Teilesatz, Automatikgetriebe-?lwechsel;4921;31028;2;0,0045;3;1;2;6;0;3;2;1;1;1
Teilesatz, Automatikgetriebe-?lwechsel;4921;138509;5;0,0112;2;0;1;3;0;3;2;1;1;0
Teilesatz, Automatikgetriebe-?lwechsel;4921;135657;2;0,0045;6;0;5;7;0;7;0;0;2;0
Teilesatz, Automatikgetriebe-?lwechsel;4921;110080;7;0,0157;3;0;2;2;0;3;2;1;1;1
Teilesatz, Automatikgetriebe-?lwechsel;4921;136489;4;0,009;3;0;2;2;0;3;3;1;1;1
Teilesatz, Automatikgetriebe-?lwechsel;4921;10932;3;0,0067;4;0;6;2;0;3;0;0;0;0
Teilesatz, Automatikgetriebe-?lwechsel;4921;59635;6;0,0135;5;0;5;5;0;3;0;1;2;1
Teilesatz, Automatikgetriebe-?lwechsel;4921;58992;5;0,0112;3;0;2;4;0;6;3;1;1;1
Teilesatz, Automatikgetriebe-?lwechsel;4921;118190;1;0,0022;3;0;2;2;0;3;3;1;1;1
Teilesatz, Automatikgetriebe-?lwechsel;4921;21146;2;0,0045;0;0;0;3;0;3;0;0;0;0
Teilesatz, Automatikgetriebe-?lwechsel;4921;121416;2;0,0045;6;0;5;9;0;10;0;0;3;0
Teilesatz, Automatikgetriebe-?lwechsel;4921;136458;1;0,0022;5;0;2;6;0;6;2;0;1;0
Teilesatz, Automatikgetriebe-?lwechsel;4921;126616;1;0,0022;0;0;0;2;0;3;0;0;0;0
Teilesatz, Automatikgetriebe-?lwechsel;4921;801672;1;0,0022;0;0;0;0;0;0;0;1;0;0
Teilesatz, Automatikgetriebe-?lwechsel;4921;11785;1;0,0022;2;0;0;4;0;1;0;0;1;0
Teilesatz, Automatikgetriebe-?lwechsel;4921;6042;7;0,0157;6;0;6;2;0;3;1;2;1;1
Teilesatz, Automatikgetriebe-?lwechsel;4921;11884;56;0,1259;3;1;2;2;0;3;3;1;1;1
Teilesatz, Automatikgetriebe-?lwechsel;4921;115167;145;0,3259;6;0;7;5;0;6;4;2;1;1
Teilesatz, Automatikgetriebe-?lwechsel;4921;135373;10;0,0225;0;0;1;4;0;6;0;0;0;0
Teilesatz, Automatikgetriebe-?lwechsel;4921;137089;1;0,0022;5;0;2;2;0;6;2;0;1;0
Teilesatz, Automatikgetriebe-?lwechsel;4921;5853;7;0,0157;0;0;0;1;0;1;0;0;0;0
Teilesatz, Automatikgetriebe-?lwechsel;4921;142849;1;0,0022;0;0;0;0;0;3;4;0;0;0
Teilesatz, Automatikgetriebe-?lwechsel;4921;50842;10;0,0225;0;0;0;3;0;3;0;0;0;0
Teilesatz, Automatikgetriebe-?lwechsel;4921;136125;15;0,0337;0;0;0;4;0;6;0;1;0;0
Teilesatz, Automatikgetriebe-?lwechsel;4921;8887;1;0,0022;3;0;0;3;0;3;2;1;1;1
Teilesatz, Automatikgetriebe-?lwechsel;4921;10064;4;0,009;0;0;1;2;0;3;0;0;0;0
Teilesatz, Automatikgetriebe-?lwechsel;4921;685;2;0,0045;3;0;0;3;0;6;0;0;0;0
Teilesatz, Automatikgetriebe-?lwechsel;4921;132498;2;0,0045;3;0;2;2;0;3;2;1;1;1
Teilesatz, Automatikgetriebe-?lwechsel;4921;17426;1;0,0022;4;0;0;7;0;9;2;2;2;2
Teilesatz, Automatikgetriebe-?lwechsel;4921;130185;1;0,0022;0;0;0;0;0;0;0;0;0;0
Teilesatz, Automatikgetriebe-?lwechsel;4921;110617;1;0,0022;0;0;3;2;0;3;4;1;1;1
Teilesatz, Automatikgetriebe-?lwechsel;4921;59630;1;0,0022;3;0;5;5;0;6;2;1;1;1
Teilesatz, Automatikgetriebe-?lwechsel;4921;17555;2;0,0045;5;0;9;3;0;4;2;1;1;1
Teilesatz, Automatikgetriebe-?lwechsel;4921;58368;1;0,0022;3;0;2;2;0;3;3;0;1;0
Teilesatz, Automatikgetriebe-?lwechsel;4921;117086;2;0,0045;5;0;5;9;0;12;3;0;3;0
Teilesatz, Automatikgetriebe-?lwechsel;4921;7752;1;0,0022;0;0;2;4;0;2;0;0;1;0
Teilesatz, Automatikgetriebe-?lwechsel;4921;140967;2;0,0045;3;1;0;2;0;3;3;0;0;0
Teilesatz, Automatikgetriebe-?lwechsel;4921;5403;3;0,0067;1;0;0;5;0;6;0;0;0;0
Teilesatz, Automatikgetriebe-?lwechsel;4921;33322;4;0,009;3;0;5;2;0;3;2;1;1;1
Teilesatz, Automatikgetriebe-?lwechsel;4921;10399;4;0,009;3;0;7;9;0;3;2;1;3;1
Teilesatz, Automatikgetriebe-?lwechsel;4921;108622;1;0,0022;0;0;0;0;0;3;2;0;0;0
Teilesatz, Automatikgetriebe-?lwechsel;4921;108002;1;0,0022;3;0;2;2;0;3;3;1;1;1
Teilesatz, Automatikgetriebe-?lwechsel;4921;14803;3;0,0067;0;0;0;3;0;9;0;2;0;2
Teilesatz, Automatikgetriebe-?lwechsel;4921;19651;35;0,0787;3;0;4;9;0;8;4;2;2;1
Teilesatz, Automatikgetriebe-?lwechsel;4921;19930;1;0,0022;6;1;2;6;0;6;2;1;1;1
Teilesatz, Automatikgetriebe-?lwechsel;4921;138447;5;0,0112;7;0;3;5;0;6;4;1;1;1
Teilesatz, Automatikgetriebe-?lwechsel;4921;28507;2;0,0045;5;0;6;4;0;4;2;0;0;0
Teilesatz, Automatikgetriebe-?lwechsel;4921;16335;1;0,0022;2;0;0;3;0;3;0;0;0;0
Teilesatz, Automatikgetriebe-?lwechsel;4921;130756;2;0,0045;0;0;0;2;0;3;0;0;0;0
Teilesatz, Automatikgetriebe-?lwechsel;4921;59558;2;0,0045;3;0;2;3;0;3;2;1;0;0
Teilesatz, Automatikgetriebe-?lwechsel;4921;18969;1;0,0022;4;1;5;6;0;6;2;1;2;1
Teilesatz, Automatikgetriebe-?lwechsel;4921;33060;13;0,0292;0;0;2;2;0;3;0;0;0;0
Teilesatz, Automatikgetriebe-?lwechsel;4921;142232;8;0,018;3;0;0;0;0;1;0;0;0;0
Teilesatz, Automatikgetriebe-?lwechsel;4921;137093;6;0,0135;0;0;4;6;0;5;0;0;2;0
Teilesatz, Automatikgetriebe-?lwechsel;4921;108003;13;0,0292;9;1;6;6;0;3;5;3;1;2
Teilesatz, Automatikgetriebe-?lwechsel;4921;107426;1;0,0022;3;0;2;2;0;6;3;0;1;0
Teilesatz, Automatikgetriebe-?lwechsel;4921;58361;1;0,0022;3;0;2;2;0;3;3;1;1;1
Teilesatz, Automatikgetriebe-?lwechsel;4921;111164;2;0,0045;9;1;2;6;0;6;5;4;1;2
Teilesatz, Automatikgetriebe-?lwechsel;4921;112386;1;0,0022;6;0;7;5;0;6;0;0;1;0
Teilesatz, Automatikgetriebe-?lwechsel;4921;117843;3;0,0067;3;0;0;3;0;3;2;0;0;0
Teilesatz, Automatikgetriebe-?lwechsel;4921;7478;7;0,0157;9;1;6;3;0;3;5;3;1;2
Teilesatz, Automatikgetriebe-?lwechsel;4921;126082;1;0,0022;6;0;2;6;0;4;0;0;1;0
Teilesatz, Automatikgetriebe-?lwechsel;4921;30373;12;0,027;0;0;2;2;0;3;0;0;0;0
Teilesatz, Automatikgetriebe-?lwechsel;4921;141780;4;0,009;2;0;1;3;0;3;2;1;1;0
Teilesatz, Automatikgetriebe-?lwechsel;4921;7027;1;0,0022;3;0;6;2;0;3;0;1;1;1
Teilesatz, Automatikgetriebe-?lwechsel;4921;122813;17;0,0382;2;1;2;3;0;3;2;1;1;0
Teilesatz, Automatikgetriebe-?lwechsel;4921;120179;13;0,0292;1;0;7;4;0;6;2;2;2;2
Teilesatz, Automatikgetriebe-?lwechsel;4921;142047;1;0,0022;5;0;1;3;0;4;0;1;1;1
Teilesatz, Automatikgetriebe-?lwechsel;4921;100851;1;0,0022;3;0;2;2;0;3;3;1;1;1
Teilesatz, Automatikgetriebe-?lwechsel;4921;127905;39;0,0877;4;0;4;5;0;6;2;1;0;0
Teilesatz, Automatikgetriebe-?lwechsel;4921;12331;9;0,0202;7;0;6;6;0;12;3;2;0;2
Teilesatz, Automatikgetriebe-?lwechsel;4921;106458;13;0,0292;3;0;2;2;0;3;3;1;1;1
Teilesatz, Automatikgetriebe-?lwechsel;4921;4615;1;0,0022;6;0;2;3;0;6;2;1;1;1
Teilesatz, Automatikgetriebe-?lwechsel;4921;12590;3;0,0067;5;0;6;4;0;10;2;1;1;1
Teilesatz, Automatikgetriebe-?lwechsel;4921;34940;4;0,009;5;0;7;12;0;6;2;1;3;1
Teilesatz, Automatikgetriebe-?lwechsel;4921;137471;2;0,0045;6;0;0;0;0;3;3;3;0;2
Teilesatz, Automatikgetriebe-?lwechsel;4921;151993;1;0,0022;2;0;2;0;0;3;2;0;0;0
Teilesatz, Automatikgetriebe-?lwechsel;4921;16815;1;0,0022;8;0;13;7;0;4;2;3;1;3
Teilesatz, Automatikgetriebe-?lwechsel;4921;17811;5;0,0112;6;0;2;9;0;12;2;1;1;1
Teilesatz, Automatikgetriebe-?lwechsel;4921;106291;6;0,0135;9;1;6;6;0;3;5;3;1;2
Teilesatz, Automatikgetriebe-?lwechsel;4921;8351;1;0,0022;3;0;2;5;0;3;2;0;1;0
Teilesatz, Automatikgetriebe-?lwechsel;4921;113289;24;0,0539;0;0;2;2;0;3;0;0;0;0
Teilesatz, Automatikgetriebe-?lwechsel;4921;56108;27;0,0607;6;0;5;11;0;10;3;1;3;1
Teilesatz, Automatikgetriebe-?lwechsel;4921;11388;2;0,0045;7;0;6;6;0;8;3;2;0;2
Teilesatz, Automatikgetriebe-?lwechsel;4921;18669;1;0,0022;3;0;4;5;0;6;4;2;1;1
Teilesatz, Automatikgetriebe-?lwechsel;4921;10483;7;0,0157;3;1;2;2;0;3;3;1;1;1
Teilesatz, Automatikgetriebe-?lwechsel;4921;19807;3;0,0067;1;0;3;2;0;3;1;1;1;1
Teilesatz, Automatikgetriebe-?lwechsel;4921;10054;1;0,0022;3;0;2;0;0;3;0;1;0;1
Teilesatz, Automatikgetriebe-?lwechsel;4921;57250;10;0,0225;7;1;4;3;0;4;3;2;0;2
Teilesatz, Automatikgetriebe-?lwechsel;4921;106374;8;0,018;6;0;2;6;0;4;0;0;1;0
Teilesatz, Automatikgetriebe-?lwechsel;4921;31005;3;0,0067;4;2;7;8;0;9;5;2;3;2
Teilesatz, Automatikgetriebe-?lwechsel;4921;113405;3;0,0067;3;0;2;2;0;3;3;1;1;1
Teilesatz, Automatikgetriebe-?lwechsel;4921;16433;1;0,0022;0;0;0;0;0;3;0;0;0;0
Teilesatz, Automatikgetriebe-?lwechsel;4921;5104;3;0,0067;3;0;0;4;0;6;4;1;0;1
Teilesatz, Automatikgetriebe-?lwechsel;4921;15685;3;0,0067;5;0;5;5;0;3;2;1;2;1
Teilesatz, Automatikgetriebe-?lwechsel;4921;32950;5;0,0112;12;0;14;10;0;12;5;3;1;3
Teilesatz, Automatikgetriebe-?lwechsel;4921;106310;7;0,0157;9;1;7;10;0;7;5;3;1;2
Teilesatz, Automatikgetriebe-?lwechsel;4921;115154;2;0,0045;6;0;4;4;0;2;0;1;2;1
Teilesatz, Automatikgetriebe-?lwechsel;4921;115182;1;0,0022;2;0;0;4;0;2;0;0;1;0
Teilesatz, Automatikgetriebe-?lwechsel;4921;10002;2;0,0045;0;0;2;0;0;9;0;1;0;1
Teilesatz, Automatikgetriebe-?lwechsel;4921;136195;2;0,0045;2;0;2;3;0;3;2;1;1;0
Teilesatz, Automatikgetriebe-?lwechsel;4921;141628;4;0,009;3;0;2;6;0;5;0;0;2;0
Teilesatz, Automatikgetriebe-?lwechsel;4921;128463;4;0,009;4;0;2;3;0;3;2;1;1;0
Teilesatz, Automatikgetriebe-?lwechsel;4921;18764;1;0,0022;4;0;2;9;0;12;2;2;2;2
Teilesatz, Automatikgetriebe-?lwechsel;4921;31536;3;0,0067;0;0;0;1;0;1;0;0;0;0
Teilesatz, Automatikgetriebe-?lwechsel;4921;10410;1;0,0022;3;0;7;12;0;8;2;1;3;1
Teilesatz, Automatikgetriebe-?lwechsel;4921;9261;1;0,0022;0;0;0;0;0;0;2;0;0;0
Teilesatz, Automatikgetriebe-?lwechsel;4921;33662;4;0,009;3;0;2;0;0;3;2;0;0;0
Teilesatz, Automatikgetriebe-?lwechsel;4921;17412;8;0,018;5;0;6;4;0;4;2;1;1;1
Teilesatz, Automatikgetriebe-?lwechsel;4921;118489;10;0,0225;1;0;2;2;0;3;2;0;1;0
Teilesatz, Automatikgetriebe-?lwechsel;4921;143049;1;0,0022;2;0;0;0;0;5;0;0;0;0
Teilesatz, Automatikgetriebe-?lwechsel;4921;24477;1;0,0022;6;1;5;3;0;3;2;1;1;1
Teilesatz, Automatikgetriebe-?lwechsel;4921;28145;2;0,0045;0;0;2;2;0;3;0;0;0;0
Teilesatz, Automatikgetriebe-?lwechsel;4921;132301;3;0,0067;2;0;2;4;0;9;4;0;1;0
Teilesatz, Automatikgetriebe-?lwechsel;4921;28220;10;0,0225;4;0;2;4;0;6;0;0;0;0
Teilesatz, Automatikgetriebe-?lwechsel;4921;141988;1;0,0022;0;0;0;2;0;3;2;0;0;0
Teilesatz, Automatikgetriebe-?lwechsel;4921;114581;2;0,0045;0;1;5;5;0;6;3;1;2;1
Teilesatz, Automatikgetriebe-?lwechsel;4921;115236;7;0,0157;6;0;0;4;0;2;0;0;1;0
Teilesatz, Automatikgetriebe-?lwechsel;4921;19966;10;0,0225;4;0;7;5;0;7;2;1;1;1
Teilesatz, Automatikgetriebe-?lwechsel;4921;28258;1;0,0022;3;0;5;2;0;3;2;1;1;1
Teilesatz, Automatikgetriebe-?lwechsel;4921;132319;2;0,0045;2;0;2;3;0;3;2;1;1;0
Teilesatz, Automatikgetriebe-?lwechsel;4921;53147;4;0,009;14;0;4;10;0;7;3;4;2;3
Teilesatz, Automatikgetriebe-?lwechsel;4921;19098;2;0,0045;4;1;5;6;0;6;2;1;2;1
Teilesatz, Automatikgetriebe-?lwechsel;4921;141587;6;0,0135;3;0;2;4;0;2;0;0;1;0
Teilesatz, Automatikgetriebe-?lwechsel;4921;128598;1;0,0022;5;0;0;4;0;2;0;0;1;0
Teilesatz, Automatikgetriebe-?lwechsel;4921;19777;10;0,0225;5;0;9;7;0;4;2;1;1;1
Teilesatz, Automatikgetriebe-?lwechsel;4921;18066;6;0,0135;1;0;3;3;0;5;2;2;1;1
Teilesatz, Automatikgetriebe-?lwechsel;4921;100508;13;0,0292;0;0;0;2;0;0;1;0;0;0
Teilesatz, Automatikgetriebe-?lwechsel;4921;58548;1;0,0022;3;0;0;0;0;3;2;0;0;0
Teilesatz, Automatikgetriebe-?lwechsel;4921;136129;9;0,0202;2;0;2;3;0;3;2;1;1;0
Teilesatz, Automatikgetriebe-?lwechsel;4921;142450;8;0,018;0;0;0;1;0;1;0;0;0;0
Teilesatz, Automatikgetriebe-?lwechsel;4921;117712;1;0,0022;0;0;2;2;0;3;3;0;1;0
Teilesatz, Automatikgetriebe-?lwechsel;4921;19990;23;0,0517;2;0;2;2;0;3;0;0;0;0
Teilesatz, Automatikgetriebe-?lwechsel;4921;114490;50;0,1124;2;1;2;6;0;6;2;1;1;0
Teilesatz, Automatikgetriebe-?lwechsel;4921;127995;2;0,0045;3;0;2;4;0;6;3;1;1;1
Teilesatz, Automatikgetriebe-?lwechsel;4921;126260;4;0,009;3;0;2;4;0;3;3;1;1;1
Teilesatz, Automatikgetriebe-?lwechsel;4921;136111;48;0,1079;3;0;2;6;0;5;0;0;2;0
Teilesatz, Automatikgetriebe-?lwechsel;4921;106410;4;0,009;3;0;2;2;0;3;3;1;1;1
Teilesatz, Automatikgetriebe-?lwechsel;4921;15704;4;0,009;2;0;0;3;0;3;0;0;0;0
Teilesatz, Automatikgetriebe-?lwechsel;4921;10146;1;0,0022;5;0;6;4;0;10;2;1;1;1
Teilesatz, Automatikgetriebe-?lwechsel;4921;23402;2;0,0045;7;0;17;6;0;8;3;2;0;2
Teilesatz, Automatikgetriebe-?lwechsel;4921;107501;1;0,0022;3;0;4;2;0;3;2;1;1;1
Teilesatz, Automatikgetriebe-?lwechsel;4921;19459;4;0,009;1;0;6;5;0;6;2;2;1;1
Teilesatz, Automatikgetriebe-?lwechsel;4921;134896;2;0,0045;3;0;2;2;0;3;3;0;1;0
Teilesatz, Automatikgetriebe-?lwechsel;4921;145149;3;0,0067;0;0;0;3;0;3;0;0;0;0
Teilesatz, Automatikgetriebe-?lwechsel;4921;1900;3;0,0067;3;0;2;0;0;6;0;1;0;1
Teilesatz, Automatikgetriebe-?lwechsel;4921;59221;2;0,0045;3;0;2;2;0;3;3;1;1;1
Teilesatz, Automatikgetriebe-?lwechsel;4921;117453;47;0,1056;1;0;4;2;0;3;2;1;1;1
Teilesatz, Automatikgetriebe-?lwechsel;4921;118972;3;0,0067;0;0;0;4;0;6;0;0;0;0
Teilesatz, Automatikgetriebe-?lwechsel;4921;120738;6;0,0135;0;1;0;3;0;3;2;0;0;0
Teilesatz, Automatikgetriebe-?lwechsel;4921;14772;7;0,0157;3;0;0;3;0;3;2;0;1;0
Teilesatz, Automatikgetriebe-?lwechsel;4921;16718;10;0,0225;5;0;8;7;0;4;2;1;1;1
Teilesatz, Automatikgetriebe-?lwechsel;4921;140934;1;0,0022;0;0;2;0;0;6;2;0;0;0
Teilesatz, Automatikgetriebe-?lwechsel;4921;10573;10;0,0225;3;0;6;2;0;3;2;1;1;1
Teilesatz, Automatikgetriebe-?lwechsel;4921;141528;2;0,0045;3;1;0;2;0;3;2;0;0;0
Teilesatz, Automatikgetriebe-?lwechsel;4921;17009;4;0,009;4;0;6;5;0;6;2;2;1;1
Teilesatz, Automatikgetriebe-?lwechsel;4921;146109;2;0,0045;6;0;1;3;0;6;2;0;1;0
Teilesatz, Automatikgetriebe-?lwechsel;4921;100848;2;0,0045;3;0;2;2;0;3;3;0;1;0
Teilesatz, Automatikgetriebe-?lwechsel;4921;143541;5;0,0112;0;0;0;0;0;0;1;1;0;0
Teilesatz, Automatikgetriebe-?lwechsel;4921;10309;2;0,0045;0;0;0;2;0;3;0;0;0;0
Teilesatz, Automatikgetriebe-?lwechsel;4921;55337;11;0,0247;3;0;2;3;0;3;2;1;0;0
Teilesatz, Automatikgetriebe-?lwechsel;4921;143282;2;0,0045;6;0;1;3;0;6;2;0;1;0
Teilesatz, Automatikgetriebe-?lwechsel;4921;17280;3;0,0067;6;0;7;5;0;6;2;2;1;1
Teilesatz, Automatikgetriebe-?lwechsel;4921;146536;1;0,0022;0;0;0;2;0;3;0;0;0;0
Teilesatz, Automatikgetriebe-?lwechsel;4921;28257;8;0,018;3;0;5;2;0;3;2;1;1;1
Teilesatz, Automatikgetriebe-?lwechsel;4921;140438;2;0,0045;0;0;0;3;0;3;2;0;0;0
Teilesatz, Automatikgetriebe-?lwechsel;4921;135108;7;0,0157;3;0;3;5;0;4;0;0;1;0
Teilesatz, Automatikgetriebe-?lwechsel;4921;7507;16;0,036;12;0;9;6;0;8;5;3;1;3
Teilesatz, Automatikgetriebe-?lwechsel;4921;145236;13;0,0292;3;0;0;0;0;0;2;1;1;1
Teilesatz, Automatikgetriebe-?lwechsel;4921;19015;3;0,0067;3;1;2;3;0;3;2;1;1;1
Teilesatz, Automatikgetriebe-?lwechsel;4921;131604;2;0,0045;0;0;0;4;0;6;0;0;0;0
Teilesatz, Automatikgetriebe-?lwechsel;4921;29996;3;0,0067;3;0;8;2;0;3;0;1;1;1
Teilesatz, Automatikgetriebe-?lwechsel;4921;10335;1;0,0022;7;0;6;6;0;4;3;2;0;2
Teilesatz, Automatikgetriebe-?lwechsel;4921;116213;1;0,0022;0;0;1;2;0;3;0;1;1;1
Teilesatz, Automatikgetriebe-?lwechsel;4921;134295;7;0,0157;3;0;0;7;0;5;0;0;1;0
Teilesatz, Automatikgetriebe-?lwechsel;4921;118557;4;0,009;0;0;2;3;0;3;2;1;1;1
Teilesatz, Automatikgetriebe-?lwechsel;4921;33764;6;0,0135;3;1;2;2;0;3;3;1;1;1
Teilesatz, Automatikgetriebe-?lwechsel;4921;136266;14;0,0315;5;0;2;2;0;6;2;0;1;0
Teilesatz, Automatikgetriebe-?lwechsel;4921;477;5;0,0112;6;0;0;6;0;9;0;0;0;0
Teilesatz, Automatikgetriebe-?lwechsel;4921;53315;10;0,0225;3;0;0;3;0;6;2;1;0;0
Teilesatz, Automatikgetriebe-?lwechsel;4921;18188;1;0,0022;0;0;1;2;0;3;3;0;0;0
Teilesatz, Automatikgetriebe-?lwechsel;4921;135919;6;0,0135;3;0;2;2;0;3;2;1;1;1
Teilesatz, Automatikgetriebe-?lwechsel;4921;17866;1;0,0022;5;0;9;7;0;4;2;1;1;1
Teilesatz, Automatikgetriebe-?lwechsel;4921;132852;1;0,0022;0;0;2;4;0;3;3;1;1;1
Teilesatz, Automatikgetriebe-?lwechsel;4921;18393;19;0,0427;6;0;7;5;0;6;4;1;1;1
Teilesatz, Automatikgetriebe-?lwechsel;4921;11874;2;0,0045;3;1;2;2;0;6;3;1;1;1
Teilesatz, Automatikgetriebe-?lwechsel;4921;132804;6;0,0135;0;0;0;2;0;3;0;0;0;0
Teilesatz, Automatikgetriebe-?lwechsel;4921;28672;3;0,0067;3;0;2;3;0;3;2;1;0;0
Teilesatz, Automatikgetriebe-?lwechsel;4921;119725;5;0,0112;3;0;5;7;0;6;0;0;2;0
Teilesatz, Automatikgetriebe-?lwechsel;4921;120722;21;0,0472;2;1;2;3;0;3;2;1;1;0
Teilesatz, Automatikgetriebe-?lwechsel;4921;57548;2;0,0045;3;0;4;3;0;3;2;1;1;1
Teilesatz, Automatikgetriebe-?lwechsel;4921;361;2;0,0045;2;0;2;4;0;2;0;0;0;0
Teilesatz, Automatikgetriebe-?lwechsel;4921;139652;9;0,0202;0;0;0;5;0;1;0;0;0;0
Teilesatz, Automatikgetriebe-?lwechsel;4921;106392;2;0,0045;1;0;0;4;0;2;0;0;1;0
Teilesatz, Automatikgetriebe-?lwechsel;4921;8041;8;0,018;3;0;1;2;0;3;2;1;1;1
Teilesatz, Automatikgetriebe-?lwechsel;4921;23158;6;0,0135;5;0;9;3;0;4;2;1;1;1
Teilesatz, Automatikgetriebe-?lwechsel;4921;135172;1;0,0022;3;0;5;5;0;4;0;0;1;0
Teilesatz, Automatikgetriebe-?lwechsel;4921;111791;5;0,0112;0;0;1;4;0;6;0;0;0;0
Teilesatz, Automatikgetriebe-?lwechsel;4921;137723;1;0,0022;0;0;0;0;0;0;0;0;0;0
Teilesatz, Automatikgetriebe-?lwechsel;4921;136207;1;0,0022;0;0;0;2;0;3;0;0;0;0
Teilesatz, Automatikgetriebe-?lwechsel;4921;135021;1;0,0022;3;0;2;2;0;3;3;1;1;1
Teilesatz, Automatikgetriebe-?lwechsel;4921;133637;1;0,0022;5;0;0;0;0;0;0;0;0;0
Teilesatz, Automatikgetriebe-?lwechsel;4921;117397;1;0,0022;3;0;2;2;0;6;2;1;1;1
Teilesatz, Automatikgetriebe-?lwechsel;4921;135113;4;0,009;3;0;3;5;0;4;0;0;1;0
Teilesatz, Automatikgetriebe-?lwechsel;4921;145211;1;0,0022;0;0;0;1;0;1;0;0;0;0
Teilesatz, Automatikgetriebe-?lwechsel;4921;9419;1;0,0022;0;0;0;0;0;3;2;0;0;0
Teilesatz, Automatikgetriebe-?lwechsel;4921;141144;1;0,0022;0;0;0;2;0;6;2;0;0;0
Teilesatz, Automatikgetriebe-?lwechsel;4921;30383;3;0,0067;4;0;0;0;0;6;2;1;2;1
Teilesatz, Automatikgetriebe-?lwechsel;4921;137129;4;0,009;3;0;0;0;0;0;2;1;0;0
Teilesatz, Automatikgetriebe-?lwechsel;4921;15419;2;0,0045;3;0;2;3;0;6;2;1;1;1
Teilesatz, Automatikgetriebe-?lwechsel;4921;992;2;0,0045;0;0;0;2;0;3;0;0;0;0
Teilesatz, Automatikgetriebe-?lwechsel;4921;12009;5;0,0112;0;1;5;5;0;9;3;1;2;1
Teilesatz, Automatikgetriebe-?lwechsel;4921;126881;2;0,0045;3;0;5;9;0;10;3;0;3;0
Teilesatz, Automatikgetriebe-?lwechsel;4921;15262;3;0,0067;5;0;8;7;0;4;2;1;1;1
Teilesatz, Automatikgetriebe-?lwechsel;4921;134500;21;0,0472;2;0;2;3;0;3;2;1;1;0
Teilesatz, Automatikgetriebe-?lwechsel;4921;31578;11;0,0247;9;0;17;13;0;15;3;3;1;2
Teilesatz, Automatikgetriebe-?lwechsel;4921;108435;9;0,0202;3;0;4;11;0;12;0;0;1;0
Teilesatz, Automatikgetriebe-?lwechsel;4921;117593;1;0,0022;3;0;0;4;0;6;0;0;0;0
Teilesatz, Automatikgetriebe-?lwechsel;4921;119965;4;0,009;5;0;4;9;0;10;2;1;0;0
Teilesatz, Automatikgetriebe-?lwechsel;4921;28282;1;0,0022;3;0;5;2;0;3;0;1;1;1
Teilesatz, Automatikgetriebe-?lwechsel;4921;33773;66;0,1484;3;1;2;2;0;3;3;1;1;1
Teilesatz, Automatikgetriebe-?lwechsel;4921;100544;1;0,0022;7;0;1;6;0;8;3;2;0;2
Teilesatz, Automatikgetriebe-?lwechsel;4921;16202;7;0,0157;3;0;0;6;0;6;0;2;0;2
Teilesatz, Automatikgetriebe-?lwechsel;4921;113436;7;0,0157;3;0;2;2;0;6;2;0;1;0
Teilesatz, Automatikgetriebe-?lwechsel;4921;59471;1;0,0022;12;0;1;3;0;4;5;3;1;3
Teilesatz, Automatikgetriebe-?lwechsel;4921;113346;1;0,0022;1;0;7;4;0;6;0;0;0;0
Teilesatz, Automatikgetriebe-?lwechsel;4921;19735;18;0,0405;3;0;7;3;0;4;3;2;0;2
Teilesatz, Automatikgetriebe-?lwechsel;4921;126000;2;0,0045;6;0;5;6;0;5;0;0;1;0
Teilesatz, Automatikgetriebe-?lwechsel;4921;20002;16;0,036;6;0;7;5;0;6;2;2;1;1
Teilesatz, Automatikgetriebe-?lwechsel;4921;100283;3;0,0067;0;0;2;2;0;3;0;0;0;0
Teilesatz, Automatikgetriebe-?lwechsel;4921;119700;45;0,1012;4;0;4;5;0;6;2;2;1;1
Teilesatz, Automatikgetriebe-?lwechsel;4921;142470;3;0,0067;0;0;0;1;0;1;0;0;0;0
Teilesatz, Automatikgetriebe-?lwechsel;4921;18516;5;0,0112;9;0;1;7;0;9;2;1;1;1
Teilesatz, Automatikgetriebe-?lwechsel;4921;12343;1;0,0022;3;0;0;6;0;9;0;0;0;0
Teilesatz, Automatikgetriebe-?lwechsel;4921;17378;6;0,0135;5;0;9;3;0;4;2;1;1;1
Teilesatz, Automatikgetriebe-?lwechsel;4921;122732;12;0,027;0;0;1;2;0;3;0;1;1;1
Teilesatz, Automatikgetriebe-?lwechsel;4921;5099;3;0,0067;4;0;0;3;0;6;0;0;0;0
Teilesatz, Automatikgetriebe-?lwechsel;4921;19812;1;0,0022;2;0;1;5;0;6;0;0;0;0
Teilesatz, Automatikgetriebe-?lwechsel;4921;143634;2;0,0045;0;0;0;3;0;3;0;1;0;0
Teilesatz, Automatikgetriebe-?lwechsel;4921;3251;10;0,0225;9;1;6;6;0;7;5;3;1;2
Teilesatz, Automatikgetriebe-?lwechsel;4921;18691;3;0,0067;4;0;2;2;0;3;0;0;0;0
Teilesatz, Automatikgetriebe-?lwechsel;4921;100756;2;0,0045;7;1;0;0;0;3;3;2;0;2
Teilesatz, Automatikgetriebe-?lwechsel;4921;31974;1;0,0022;3;0;5;2;0;3;2;1;1;1
Teilesatz, Automatikgetriebe-?lwechsel;4921;133042;6;0,0135;6;0;5;8;0;9;4;1;1;1
Teilesatz, Automatikgetriebe-?lwechsel;4921;14816;8;0,018;5;0;8;7;0;4;2;1;1;1
Teilesatz, Automatikgetriebe-?lwechsel;4921;100271;35;0,0787;3;0;2;2;0;3;3;0;1;0
Teilesatz, Automatikgetriebe-?lwechsel;4921;9870;5;0,0112;7;0;6;6;0;8;3;2;0;2
Teilesatz, Automatikgetriebe-?lwechsel;4921;7522;6;0,0135;7;0;7;6;0;4;3;2;0;2
Teilesatz, Automatikgetriebe-?lwechsel;4921;105912;11;0,0247;5;0;2;4;0;2;0;0;1;0
Teilesatz, Automatikgetriebe-?lwechsel;4921;18450;16;0,036;6;1;2;6;0;6;2;1;1;1
Teilesatz, Automatikgetriebe-?lwechsel;4921;138898;2;0,0045;0;0;0;4;0;3;0;0;0;0
Teilesatz, Automatikgetriebe-?lwechsel;4921;14823;2;0,0045;5;0;3;4;0;4;0;0;0;0
Teilesatz, Automatikgetriebe-?lwechsel;4921;5758;1;0,0022;5;0;5;4;0;4;2;1;1;1
Teilesatz, Automatikgetriebe-?lwechsel;4921;145755;1;0,0022;0;0;0;0;0;5;2;1;0;0
Teilesatz, Automatikgetriebe-?lwechsel;4921;1510;2;0,0045;3;0;2;3;0;6;0;0;0;0
Teilesatz, Automatikgetriebe-?lwechsel;4921;7943;9;0,0202;2;0;7;10;0;12;2;1;2;0
Teilesatz, Automatikgetriebe-?lwechsel;4921;59619;38;0,0854;4;0;5;5;0;6;2;2;1;1
Teilesatz, Automatikgetriebe-?lwechsel;4921;124820;9;0,0202;2;1;2;3;0;3;2;1;1;0
Teilesatz, Automatikgetriebe-?lwechsel;4921;34997;10;0,0225;7;0;7;6;0;8;3;2;0;2
Teilesatz, Automatikgetriebe-?lwechsel;4921;119509;12;0,027;2;1;2;6;0;6;2;2;1;0
Teilesatz, Automatikgetriebe-?lwechsel;4921;134260;19;0,0427;2;0;2;3;0;3;2;1;1;0
Teilesatz, Automatikgetriebe-?lwechsel;4921;108663;10;0,0225;3;0;0;7;0;5;0;0;1;0
Teilesatz, Automatikgetriebe-?lwechsel;4921;136067;1;0,0022;2;0;2;3;0;3;2;1;1;0
Teilesatz, Automatikgetriebe-?lwechsel;4921;19257;4;0,009;3;0;13;4;0;4;3;2;0;2
Teilesatz, Automatikgetriebe-?lwechsel;4921;23432;2;0,0045;3;1;2;3;0;3;2;1;1;1
Teilesatz, Automatikgetriebe-?lwechsel;4921;15452;15;0,0337;6;0;0;3;0;6;2;1;0;1
Teilesatz, Automatikgetriebe-?lwechsel;4921;15292;1;0,0022;0;0;2;0;0;3;0;0;0;0
Teilesatz, Automatikgetriebe-?lwechsel;4921;127368;1;0,0022;3;0;2;2;0;3;2;0;1;0
Teilesatz, Automatikgetriebe-?lwechsel;4921;128017;5;0,0112;2;0;2;3;0;3;2;1;1;0
Teilesatz, Automatikgetriebe-?lwechsel;4921;127941;2;0,0045;3;0;0;3;0;3;0;0;0;0
Teilesatz, Automatikgetriebe-?lwechsel;4921;111113;2;0,0045;0;0;0;4;0;3;0;0;0;0
Teilesatz, Automatikgetriebe-?lwechsel;4921;131844;2;0,0045;2;0;2;3;0;3;5;1;1;0
Teilesatz, Automatikgetriebe-?lwechsel;4921;16205;2;0,0045;2;0;0;3;0;0;0;0;0;0
Teilesatz, Automatikgetriebe-?lwechsel;4921;109843;24;0,0539;1;0;2;2;0;3;4;1;1;1
Teilesatz, Automatikgetriebe-?lwechsel;4921;135943;2;0,0045;2;0;2;6;0;6;2;2;1;0
Teilesatz, Automatikgetriebe-?lwechsel;4921;13168;1;0,0022;3;0;2;7;0;9;2;1;1;0
Teilesatz, Automatikgetriebe-?lwechsel;4921;18593;31;0,0697;3;0;7;3;0;4;3;2;0;2
Teilesatz, Automatikgetriebe-?lwechsel;4921;19012;1;0,0022;3;0;1;3;0;3;2;1;1;1
Teilesatz, Automatikgetriebe-?lwechsel;4921;150719;1;0,0022;0;0;0;0;0;3;0;1;0;0
Teilesatz, Automatikgetriebe-?lwechsel;4921;120620;7;0,0157;4;0;2;5;0;6;2;1;0;0
Teilesatz, Automatikgetriebe-?lwechsel;4921;139279;3;0,0067;0;0;4;4;0;2;0;0;1;0
Teilesatz, Automatikgetriebe-?lwechsel;4921;119009;2;0,0045;0;0;0;2;0;6;0;0;0;0
Teilesatz, Automatikgetriebe-?lwechsel;4921;115173;2;0,0045;3;0;0;4;0;2;0;0;1;0
Teilesatz, Automatikgetriebe-?lwechsel;4921;31010;1;0,0022;0;0;2;3;0;3;2;0;1;0
Teilesatz, Automatikgetriebe-?lwechsel;4921;30282;1;0,0022;0;0;0;2;0;0;0;0;0;0
Teilesatz, Automatikgetriebe-?lwechsel;4921;132598;1;0,0022;0;0;2;2;0;3;3;0;1;0
Teilesatz, Automatikgetriebe-?lwechsel;4921;56245;11;0,0247;3;0;2;3;0;3;0;1;2;1
Teilesatz, Automatikgetriebe-?lwechsel;4921;139655;2;0,0045;0;0;0;4;0;6;0;1;0;0
Teilesatz, Automatikgetriebe-?lwechsel;4921;134309;11;0,0247;3;0;2;3;0;3;2;2;1;1
Teilesatz, Automatikgetriebe-?lwechsel;4921;33492;1;0,0022;0;0;0;2;0;9;2;0;0;0
Teilesatz, Automatikgetriebe-?lwechsel;4921;132326;53;0,1191;5;0;5;7;0;10;4;0;1;0
Teilesatz, Automatikgetriebe-?lwechsel;4921;133486;3;0,0067;3;0;2;2;0;3;3;1;1;1
Teilesatz, Automatikgetriebe-?lwechsel;4921;11814;1;0,0022;3;0;2;0;0;3;2;0;0;0
Teilesatz, Automatikgetriebe-?lwechsel;4921;19814;3;0,0067;3;0;1;2;0;3;2;0;0;0
Teilesatz, Automatikgetriebe-?lwechsel;4921;33054;2;0,0045;0;0;0;3;0;3;0;0;0;0
Teilesatz, Automatikgetriebe-?lwechsel;4921;138834;3;0,0067;0;0;4;4;0;2;0;0;1;0
Teilesatz, Automatikgetriebe-?lwechsel;4921;8354;1;0,0022;3;0;2;3;0;6;2;1;1;1
Teilesatz, Automatikgetriebe-?lwechsel;4921;23072;1;0,0022;0;0;0;3;0;3;0;0;0;0
Teilesatz, Automatikgetriebe-?lwechsel;4921;3979;10;0,0225;12;0;11;6;0;8;3;3;1;3
Teilesatz, Automatikgetriebe-?lwechsel;4921;129041;1;0,0022;0;0;0;4;0;6;0;0;0;0
Teilesatz, Automatikgetriebe-?lwechsel;4921;817;3;0,0067;6;0;0;6;0;9;0;0;0;0
Teilesatz, Automatikgetriebe-?lwechsel;4921;19345;5;0,0112;7;0;11;3;0;4;3;2;0;2
Teilesatz, Automatikgetriebe-?lwechsel;4921;59452;8;0,018;9;1;6;6;0;7;5;3;1;2
Teilesatz, Automatikgetriebe-?lwechsel;4921;31573;3;0,0067;2;0;4;5;0;6;2;1;1;0
Teilesatz, Automatikgetriebe-?lwechsel;4921;11953;3;0,0067;6;1;4;5;0;9;3;1;2;1
Teilesatz, Automatikgetriebe-?lwechsel;4921;28235;1;0,0022;3;0;0;3;0;3;0;0;0;0
Teilesatz, Automatikgetriebe-?lwechsel;4921;119959;5;0,0112;3;0;2;2;0;3;3;0;1;0
Teilesatz, Automatikgetriebe-?lwechsel;4921;107506;23;0,0517;6;1;6;6;0;7;3;3;1;2
Teilesatz, Automatikgetriebe-?lwechsel;4921;32949;2;0,0045;12;0;14;10;0;12;5;3;1;3
Teilesatz, Automatikgetriebe-?lwechsel;4921;59230;4;0,009;3;0;2;2;0;3;3;1;1;1
Teilesatz, Automatikgetriebe-?lwechsel;4921;139333;1;0,0022;0;0;0;2;0;3;2;0;0;0
Teilesatz, Automatikgetriebe-?lwechsel;4921;10441;1;0,0022;0;0;0;3;0;3;3;1;0;0
Teilesatz, Automatikgetriebe-?lwechsel;4921;112228;9;0,0202;9;1;2;6;0;6;5;3;1;2
Teilesatz, Automatikgetriebe-?lwechsel;4921;1026;6;0,0135;4;0;2;4;0;6;0;0;0;0
Teilesatz, Automatikgetriebe-?lwechsel;4921;33770;3;0,0067;3;1;2;2;0;3;3;1;1;1
Teilesatz, Automatikgetriebe-?lwechsel;4921;136133;2;0,0045;2;0;2;3;0;3;2;1;1;0
Teilesatz, Automatikgetriebe-?lwechsel;4921;23137;1;0,0022;7;0;17;6;0;8;5;2;0;2
Teilesatz, Automatikgetriebe-?lwechsel;4921;33305;24;0,0539;3;0;0;4;0;2;0;0;1;0
Teilesatz, Automatikgetriebe-?lwechsel;4921;7627;15;0,0337;5;0;1;4;0;4;2;1;1;1
Teilesatz, Automatikgetriebe-?lwechsel;4921;119579;1;0,0022;12;0;0;0;0;6;5;3;1;3
Teilesatz, Automatikgetriebe-?lwechsel;4921;16848;4;0,009;3;0;1;3;0;3;2;1;1;1
Teilesatz, Automatikgetriebe-?lwechsel;4921;23149;1;0,0022;2;0;1;5;0;6;0;0;0;0
Teilesatz, Automatikgetriebe-?lwechsel;4921;8843;3;0,0067;3;0;0;0;0;3;2;0;0;0
Teilesatz, Automatikgetriebe-?lwechsel;4921;33354;6;0,0135;3;0;1;4;0;6;2;1;1;1
Teilesatz, Automatikgetriebe-?lwechsel;4921;118559;1;0,0022;3;0;0;3;0;4;0;0;0;0
Teilesatz, Automatikgetriebe-?lwechsel;4921;9289;4;0,009;7;0;6;6;0;7;3;2;0;2
Teilesatz, Automatikgetriebe-?lwechsel;4921;19738;49;0,1101;5;0;6;4;0;4;2;1;1;1
Teilesatz, Automatikgetriebe-?lwechsel;4921;136523;12;0,027;0;0;0;4;0;6;0;1;0;0
Teilesatz, Automatikgetriebe-?lwechsel;4921;30981;5;0,0112;11;0;5;8;0;9;2;2;2;1
Teilesatz, Automatikgetriebe-?lwechsel;4921;32276;8;0,018;6;0;7;5;0;6;2;1;1;1
Teilesatz, Automatikgetriebe-?lwechsel;4921;32805;1;0,0022;0;0;0;1;0;1;0;0;0;0
Teilesatz, Automatikgetriebe-?lwechsel;4921;126318;6;0,0135;0;0;0;2;0;3;0;0;0;0
Teilesatz, Automatikgetriebe-?lwechsel;4921;18930;1;0,0022;0;0;2;2;0;3;0;0;0;0
Teilesatz, Automatikgetriebe-?lwechsel;4921;116646;7;0,0157;3;0;2;2;0;3;2;1;1;1
Teilesatz, Automatikgetriebe-?lwechsel;4921;100825;2;0,0045;3;0;2;3;0;3;2;1;0;0
Teilesatz, Automatikgetriebe-?lwechsel;4921;11854;1;0,0022;3;1;2;2;0;3;3;1;1;1
Teilesatz, Automatikgetriebe-?lwechsel;4921;7518;30;0,0674;12;0;9;6;0;11;5;3;1;3
Teilesatz, Automatikgetriebe-?lwechsel;4921;100493;2;0,0045;0;0;0;2;0;3;0;0;0;0
Teilesatz, Automatikgetriebe-?lwechsel;4921;123397;1;0,0022;3;0;5;9;0;10;0;0;3;0
Teilesatz, Automatikgetriebe-?lwechsel;4921;19647;3;0,0067;8;0;17;7;0;4;5;3;1;3
Teilesatz, Automatikgetriebe-?lwechsel;4921;20072;1;0,0022;7;0;17;10;0;8;3;2;0;2
Teilesatz, Automatikgetriebe-?lwechsel;4921;32089;4;0,009;0;0;0;2;0;3;0;0;0;0
Teilesatz, Automatikgetriebe-?lwechsel;4921;22547;4;0,009;2;0;4;5;0;6;2;1;1;0
Teilesatz, Automatikgetriebe-?lwechsel;4921;126165;4;0,009;3;0;3;7;0;7;0;0;2;0
Teilesatz, Automatikgetriebe-?lwechsel;4921;142176;1;0,0022;0;0;0;2;0;3;0;0;0;0
Teilesatz, Automatikgetriebe-?lwechsel;4921;18260;133;0,299;8;0;4;8;0;6;4;2;1;2
Teilesatz, Automatikgetriebe-?lwechsel;4921;59484;5;0,0112;9;1;6;6;0;7;5;3;1;2
Teilesatz, Automatikgetriebe-?lwechsel;4921;31384;1;0,0022;0;0;0;2;0;3;0;0;0;0
Teilesatz, Automatikgetriebe-?lwechsel;4921;114864;3;0,0067;6;0;7;5;0;6;2;1;1;1
Teilesatz, Automatikgetriebe-?lwechsel;4921;15449;1;0,0022;6;0;0;6;0;9;2;2;0;2
Teilesatz, Automatikgetriebe-?lwechsel;4921;108005;1;0,0022;7;1;0;3;0;12;3;3;0;2
Teilesatz, Automatikgetriebe-?lwechsel;4921;4041;1;0,0022;5;0;3;4;0;4;2;1;1;1
Teilesatz, Automatikgetriebe-?lwechsel;4921;18508;51;0,1146;8;0;4;8;0;6;4;2;1;2
Teilesatz, Automatikgetriebe-?lwechsel;4921;59046;2;0,0045;7;0;4;3;0;4;3;2;0;2
Teilesatz, Automatikgetriebe-?lwechsel;4921;5946;3;0,0067;9;0;4;5;0;9;2;1;1;1
Teilesatz, Automatikgetriebe-?lwechsel;4921;109457;2;0,0045;5;0;4;8;0;6;2;1;1;1
Teilesatz, Automatikgetriebe-?lwechsel;4921;16319;2;0,0045;1;0;4;2;0;6;0;0;0;0
Teilesatz, Automatikgetriebe-?lwechsel;4921;59490;43;0,0967;6;0;5;11;0;9;4;2;1;1
Teilesatz, Automatikgetriebe-?lwechsel;4921;17897;2;0,0045;4;0;2;11;0;12;2;2;2;2
Teilesatz, Automatikgetriebe-?lwechsel;4921;34879;3;0,0067;3;0;4;6;0;5;0;0;1;0
Teilesatz, Automatikgetriebe-?lwechsel;4921;11603;4;0,009;3;0;4;0;0;6;0;1;0;1
Teilesatz, Automatikgetriebe-?lwechsel;4921;140681;3;0,0067;0;0;0;1;0;1;0;0;0;0
Teilesatz, Automatikgetriebe-?lwechsel;4921;59409;2;0,0045;3;0;2;2;0;3;3;1;1;1
Teilesatz, Automatikgetriebe-?lwechsel;4921;7934;1;0,0022;6;0;2;3;0;6;2;1;1;1
Teilesatz, Automatikgetriebe-?lwechsel;4921;135680;1;0,0022;5;0;5;7;0;10;2;0;2;0
Teilesatz, Automatikgetriebe-?lwechsel;4921;119033;1;0,0022;3;0;2;2;0;3;3;1;1;1
Teilesatz, Automatikgetriebe-?lwechsel;4921;31583;2;0,0045;7;0;17;10;0;12;3;2;0;2
Teilesatz, Automatikgetriebe-?lwechsel;4921;136463;5;0,0112;3;0;2;3;0;3;2;1;0;0
Teilesatz, Automatikgetriebe-?lwechsel;4921;29973;7;0,0157;2;0;4;5;0;6;2;1;1;0
Teilesatz, Automatikgetriebe-?lwechsel;4921;6326;6;0,0135;1;0;5;2;0;3;2;2;1;1
Teilesatz, Automatikgetriebe-?lwechsel;4921;128136;1;0,0022;2;0;0;2;0;3;0;0;0;0
Teilesatz, Automatikgetriebe-?lwechsel;4921;32754;48;0,1079;3;0;5;5;0;6;0;1;1;1
Teilesatz, Automatikgetriebe-?lwechsel;4921;23154;4;0,009;2;0;2;4;0;6;0;0;0;0
Teilesatz, Automatikgetriebe-?lwechsel;4921;31574;13;0,0292;6;0;5;9;0;3;7;1;2;1
Teilesatz, Automatikgetriebe-?lwechsel;4921;133307;2;0,0045;0;0;0;2;0;6;0;0;0;0
Teilesatz, Automatikgetriebe-?lwechsel;4921;18451;3;0,0067;6;1;2;6;0;6;2;1;1;1
Teilesatz, Automatikgetriebe-?lwechsel;4921;33352;16;0,036;3;0;1;4;0;6;2;1;1;1
Teilesatz, Automatikgetriebe-?lwechsel;4921;32585;19;0,0427;3;0;5;2;0;3;2;1;1;1
Teilesatz, Automatikgetriebe-?lwechsel;4921;19045;1;0,0022;0;0;0;0;0;0;0;0;0;0
Teilesatz, Automatikgetriebe-?lwechsel;4921;55540;2;0,0045;3;0;0;0;0;3;2;0;0;0
Teilesatz, Automatikgetriebe-?lwechsel;4921;31361;3;0,0067;8;1;5;5;0;6;5;1;2;1
Teilesatz, Automatikgetriebe-?lwechsel;4921;133038;18;0,0405;1;0;4;5;0;6;2;1;0;0
Teilesatz, Automatikgetriebe-?lwechsel;4921;16690;2;0,0045;3;0;0;3;0;6;0;0;0;0
Teilesatz, Automatikgetriebe-?lwechsel;4921;132842;3;0,0067;0;0;0;2;0;3;0;0;0;0
Teilesatz, Automatikgetriebe-?lwechsel;4921;16595;21;0,0472;5;0;8;7;0;4;2;1;1;1
Teilesatz, Automatikgetriebe-?lwechsel;4921;19709;11;0,0247;3;0;11;3;0;4;3;2;0;2
Teilesatz, Automatikgetriebe-?lwechsel;4921;119966;11;0,0247;3;0;2;7;0;7;2;1;0;0
Teilesatz, Automatikgetriebe-?lwechsel;4921;1377;3;0,0067;0;0;0;0;0;6;0;0;0;0
Teilesatz, Automatikgetriebe-?lwechsel;4921;17577;2;0,0045;3;0;7;5;0;3;3;1;1;1
Teilesatz, Automatikgetriebe-?lwechsel;4921;17966;6;0,0135;7;0;11;3;0;4;3;2;0;2
Teilesatz, Automatikgetriebe-?lwechsel;4921;5141;1;0,0022;0;0;0;3;0;6;0;0;0;0
Teilesatz, Automatikgetriebe-?lwechsel;4921;20110;1;0,0022;4;0;2;6;0;15;2;1;0;1
Teilesatz, Automatikgetriebe-?lwechsel;4921;32681;6;0,0135;7;0;14;6;0;8;5;2;0;2
Teilesatz, Automatikgetriebe-?lwechsel;4921;131936;9;0,0202;3;0;0;3;0;4;0;0;0;0
Teilesatz, Automatikgetriebe-?lwechsel;4921;116121;5;0,0112;6;1;2;3;0;6;3;3;1;2
Teilesatz, Automatikgetriebe-?lwechsel;4921;28174;2;0,0045;4;0;4;6;0;5;0;0;1;0
Teilesatz, Automatikgetriebe-?lwechsel;4921;31006;3;0,0067;4;2;7;8;0;9;5;2;3;2
Teilesatz, Automatikgetriebe-?lwechsel;4921;28210;21;0,0472;7;0;16;3;0;8;3;2;0;2
Teilesatz, Automatikgetriebe-?lwechsel;4921;18408;3;0,0067;5;0;2;9;0;12;2;2;2;2
Teilesatz, Automatikgetriebe-?lwechsel;4921;24379;5;0,0112;4;0;0;3;0;0;0;0;0;0
Teilesatz, Automatikgetriebe-?lwechsel;4921;129118;30;0,0674;0;0;0;3;0;4;0;0;0;0
Teilesatz, Automatikgetriebe-?lwechsel;4921;100270;2;0,0045;3;0;2;2;0;3;3;1;1;1
Teilesatz, Automatikgetriebe-?lwechsel;4921;136006;28;0,0629;6;1;0;3;0;6;2;3;1;2
Teilesatz, Automatikgetriebe-?lwechsel;4921;143002;10;0,0225;0;0;0;2;0;3;0;0;0;0
Teilesatz, Automatikgetriebe-?lwechsel;4921;131981;1;0,0022;3;0;1;4;0;4;2;1;0;0
Teilesatz, Automatikgetriebe-?lwechsel;4921;137666;3;0,0067;0;0;0;1;0;2;0;0;0;0
Teilesatz, Automatikgetriebe-?lwechsel;4921;34967;2;0,0045;3;0;2;3;0;3;5;2;1;1
Teilesatz, Automatikgetriebe-?lwechsel;4921;100789;1;0,0022;3;0;0;4;0;1;0;1;2;1
Teilesatz, Automatikgetriebe-?lwechsel;4921;31377;2;0,0045;4;0;2;6;0;5;0;0;1;0
Teilesatz, Automatikgetriebe-?lwechsel;4921;107954;12;0,027;3;0;2;3;0;3;2;1;0;0
Teilesatz, Automatikgetriebe-?lwechsel;4921;11300;1;0,0022;6;0;2;0;0;6;2;1;0;1
Teilesatz, Automatikgetriebe-?lwechsel;4921;134892;1;0,0022;3;0;2;3;0;3;2;1;0;0
Teilesatz, Automatikgetriebe-?lwechsel;4921;33412;3;0,0067;2;0;4;5;0;6;2;1;1;0
Teilesatz, Automatikgetriebe-?lwechsel;4921;58799;4;0,009;3;0;2;2;0;3;3;1;1;1
Teilesatz, Automatikgetriebe-?lwechsel;4921;18449;8;0,018;6;1;2;6;0;6;2;1;1;1
Teilesatz, Automatikgetriebe-?lwechsel;4921;112296;17;0,0382;5;0;7;5;0;6;4;1;1;1
Teilesatz, Automatikgetriebe-?lwechsel;4921;54496;4;0,009;3;0;2;4;1;0;2;0;1;0
Teilesatz, Automatikgetriebe-?lwechsel;4921;11508;3;0,0067;0;0;2;2;0;3;0;0;0;0
Teilesatz, Automatikgetriebe-?lwechsel;4921;106206;1;0,0022;0;0;2;4;1;0;2;0;1;0
Teilesatz, Automatikgetriebe-?lwechsel;4921;142460;23;0,0517;3;0;2;10;0;9;2;1;0;0
Teilesatz, Automatikgetriebe-?lwechsel;4921;19754;1;0,0022;0;0;3;4;0;6;0;0;0;0
Teilesatz, Automatikgetriebe-?lwechsel;4921;18709;17;0,0382;0;0;0;10;0;12;3;2;0;2
Teilesatz, Automatikgetriebe-?lwechsel;4921;126479;1;0,0022;0;0;0;2;0;3;0;0;0;0
Teilesatz, Automatikgetriebe-?lwechsel;4921;132323;4;0,009;3;0;5;7;0;4;0;0;1;0
Teilesatz, Automatikgetriebe-?lwechsel;4921;19464;1;0,0022;4;0;2;2;0;3;0;0;0;0
Teilesatz, Automatikgetriebe-?lwechsel;4921;22502;2;0,0045;1;0;5;2;0;3;2;1;1;1
Teilesatz, Automatikgetriebe-?lwechsel;4921;115106;2;0,0045;2;0;4;3;0;3;0;1;1;0
Teilesatz, Automatikgetriebe-?lwechsel;4921;22480;1;0,0022;2;0;0;0;0;3;0;0;0;0
Teilesatz, Automatikgetriebe-?lwechsel;4921;124225;2;0,0045;4;0;4;6;0;5;0;0;1;0
Teilesatz, Automatikgetriebe-?lwechsel;4921;55102;4;0,009;0;0;2;2;0;3;0;0;0;0
Teilesatz, Automatikgetriebe-?lwechsel;4921;143044;2;0,0045;4;0;0;0;0;9;0;1;1;1
Teilesatz, Automatikgetriebe-?lwechsel;4921;14268;1;0,0022;0;0;2;0;0;3;0;0;0;0
Teilesatz, Automatikgetriebe-?lwechsel;4921;26609;11;0,0247;3;0;6;2;0;3;2;2;1;1
Teilesatz, Automatikgetriebe-?lwechsel;4921;137954;2;0,0045;3;0;0;0;0;0;2;1;1;1
Teilesatz, Automatikgetriebe-?lwechsel;4921;31019;5;0,0112;3;0;2;5;0;6;0;0;2;0
Teilesatz, Automatikgetriebe-?lwechsel;4921;143677;1;0,0022;5;0;0;3;0;3;0;0;0;0
Teilesatz, Automatikgetriebe-?lwechsel;4921;126554;5;0,0112;0;0;0;2;0;3;0;0;0;0
Teilesatz, Automatikgetriebe-?lwechsel;4921;131314;4;0,009;2;0;2;3;0;3;5;1;1;0
Teilesatz, Automatikgetriebe-?lwechsel;4921;120727;4;0,009;2;1;2;3;0;3;2;1;1;0
Teilesatz, Automatikgetriebe-?lwechsel;4921;21804;51;0,1146;4;0;5;2;0;3;4;2;1;1
Teilesatz, Automatikgetriebe-?lwechsel;4921;141948;1;0,0022;3;1;2;2;0;3;2;0;0;0
Teilesatz, Automatikgetriebe-?lwechsel;4921;107347;1;0,0022;3;0;5;8;0;7;0;1;3;1
Teilesatz, Automatikgetriebe-?lwechsel;4921;137768;5;0,0112;3;0;2;7;0;6;2;1;0;0
Teilesatz, Automatikgetriebe-?lwechsel;4921;21691;61;0,1371;3;0;2;2;0;3;3;1;1;1
Teilesatz, Automatikgetriebe-?lwechsel;4921;100648;4;0,009;0;0;2;2;0;6;0;0;0;0
Teilesatz, Automatikgetriebe-?lwechsel;4921;30361;2;0,0045;0;0;2;2;0;6;0;0;0;0
Teilesatz, Automatikgetriebe-?lwechsel;4921;115220;8;0,018;0;0;0;3;0;3;0;0;0;0
Teilesatz, Automatikgetriebe-?lwechsel;4921;22826;1;0,0022;5;0;5;5;0;3;2;1;2;1
Teilesatz, Automatikgetriebe-?lwechsel;4921;18359;1;0,0022;1;0;6;5;0;6;2;2;1;1
Teilesatz, Automatikgetriebe-?lwechsel;4921;31522;1;0,0022;2;0;0;0;0;6;0;0;0;0
Teilesatz, Automatikgetriebe-?lwechsel;4921;57431;3;0,0067;0;0;0;2;0;3;0;0;0;0
Teilesatz, Automatikgetriebe-?lwechsel;4921;38703;1;0,0022;0;0;0;2;0;4;0;0;0;0
Teilesatz, Automatikgetriebe-?lwechsel;4921;127528;1;0,0022;0;0;2;2;0;3;2;1;1;1
Teilesatz, Automatikgetriebe-?lwechsel;4921;11329;25;0,0562;0;0;2;4;0;6;0;0;0;0
Teilesatz, Automatikgetriebe-?lwechsel;4921;114062;4;0,009;3;0;2;2;0;3;2;1;1;1
Teilesatz, Automatikgetriebe-?lwechsel;4921;125163;2;0,0045;2;1;2;3;0;3;2;1;1;0
Teilesatz, Automatikgetriebe-?lwechsel;4921;18245;1;0,0022;0;0;2;2;0;3;0;0;0;0
Teilesatz, Automatikgetriebe-?lwechsel;4921;243;1;0,0022;1;0;0;3;0;3;0;0;0;0
Teilesatz, Automatikgetriebe-?lwechsel;4921;134266;1;0,0022;0;0;0;4;0;3;2;1;1;0
Teilesatz, Automatikgetriebe-?lwechsel;4921;119603;1;0,0022;9;1;0;3;0;3;5;3;1;2
Teilesatz, Automatikgetriebe-?lwechsel;4921;105875;2;0,0045;0;0;0;2;0;0;0;0;0;0
Teilesatz, Automatikgetriebe-?lwechsel;4921;117583;2;0,0045;0;0;0;2;0;4;0;0;0;0
Teilesatz, Automatikgetriebe-?lwechsel;4921;56764;1;0,0022;0;0;2;2;0;3;2;0;0;0
Teilesatz, Automatikgetriebe-?lwechsel;4921;117578;47;0,1056;0;0;0;3;0;4;0;0;0;0
Teilesatz, Automatikgetriebe-?lwechsel;4921;146698;15;0,0337;2;0;0;3;0;9;2;1;0;0
Teilesatz, Automatikgetriebe-?lwechsel;4921;108649;1;0,0022;6;0;7;11;0;9;4;2;1;1
Teilesatz, Automatikgetriebe-?lwechsel;4921;18760;4;0,009;6;1;2;6;0;3;2;1;1;1
Teilesatz, Automatikgetriebe-?lwechsel;4921;115158;12;0,027;6;0;5;6;0;5;0;1;2;1
Teilesatz, Automatikgetriebe-?lwechsel;4921;111917;2;0,0045;0;0;2;2;0;9;0;0;0;0
Teilesatz, Automatikgetriebe-?lwechsel;4921;128471;12;0,027;1;0;4;5;0;9;2;1;0;0
Teilesatz, Automatikgetriebe-?lwechsel;4921;22558;2;0,0045;3;0;1;3;0;3;2;1;1;1
Teilesatz, Automatikgetriebe-?lwechsel;4921;120276;2;0,0045;3;0;0;3;0;4;0;0;0;0
Teilesatz, Automatikgetriebe-?lwechsel;4921;145862;28;0,0629;3;0;0;3;0;3;2;1;1;1
Teilesatz, Automatikgetriebe-?lwechsel;4921;136027;3;0,0067;6;1;2;3;0;6;2;3;1;2
Teilesatz, Automatikgetriebe-?lwechsel;4921;145876;1;0,0022;0;0;0;0;0;3;2;1;0;0
Teilesatz, Automatikgetriebe-?lwechsel;4921;10442;20;0,045;3;0;2;3;0;3;5;2;1;1
Teilesatz, Automatikgetriebe-?lwechsel;4921;11792;10;0,0225;3;0;5;2;0;3;2;1;1;1
Teilesatz, Automatikgetriebe-?lwechsel;4921;133249;5;0,0112;3;0;2;4;0;6;3;1;1;1
Teilesatz, Automatikgetriebe-?lwechsel;4921;123348;9;0,0202;3;0;2;2;0;3;3;1;1;1
Teilesatz, Automatikgetriebe-?lwechsel;4921;23162;12;0,027;3;0;3;7;0;5;2;0;1;0
Teilesatz, Automatikgetriebe-?lwechsel;4921;137208;2;0,0045;0;0;0;2;0;3;0;0;0;0
Teilesatz, Automatikgetriebe-?lwechsel;4921;18422;3;0,0067;5;0;2;9;0;9;2;2;2;2
Teilesatz, Automatikgetriebe-?lwechsel;4921;12338;1;0,0022;7;0;6;6;0;8;3;2;0;2
Teilesatz, Automatikgetriebe-?lwechsel;4921;52450;1;0,0022;0;0;2;2;0;0;3;0;1;0
Teilesatz, Automatikgetriebe-?lwechsel;4921;10337;10;0,0225;7;0;6;6;0;4;3;2;0;2
Teilesatz, Automatikgetriebe-?lwechsel;4921;11322;1;0,0022;7;0;4;0;0;3;3;2;0;2
Teilesatz, Automatikgetriebe-?lwechsel;4921;15448;3;0,0067;6;0;0;6;0;9;2;2;0;2
Teilesatz, Automatikgetriebe-?lwechsel;4921;115042;8;0,018;3;0;1;3;0;3;2;1;0;0
Teilesatz, Automatikgetriebe-?lwechsel;4921;132162;1;0,0022;3;0;0;4;0;5;0;0;0;0
Teilesatz, Automatikgetriebe-?lwechsel;4921;117579;63;0,1416;0;0;0;3;0;4;0;0;0;0
Teilesatz, Automatikgetriebe-?lwechsel;4921;121493;4;0,009;5;0;5;9;0;10;3;0;3;0
Teilesatz, Automatikgetriebe-?lwechsel;4921;22457;12;0,027;5;0;9;7;0;4;2;1;1;1
Teilesatz, Automatikgetriebe-?lwechsel;4921;120240;8;0,018;3;0;2;2;0;3;3;1;1;1
Teilesatz, Automatikgetriebe-?lwechsel;4921;18671;4;0,009;3;0;6;2;0;3;2;2;1;1
Teilesatz, Automatikgetriebe-?lwechsel;4921;112387;1;0,0022;9;0;10;5;0;6;2;2;2;2
Teilesatz, Automatikgetriebe-?lwechsel;4921;119351;1;0,0022;3;0;0;0;0;3;0;0;0;0
Teilesatz, Automatikgetriebe-?lwechsel;4921;139738;6;0,0135;3;0;2;6;0;6;2;1;0;0
Teilesatz, Automatikgetriebe-?lwechsel;4921;55138;3;0,0067;0;0;0;2;0;3;0;0;0;0
Teilesatz, Automatikgetriebe-?lwechsel;4921;16983;2;0,0045;1;0;2;2;0;6;0;0;0;0
Teilesatz, Automatikgetriebe-?lwechsel;4921;140930;2;0,0045;0;0;0;2;0;3;2;0;0;0
Teilesatz, Automatikgetriebe-?lwechsel;4921;119962;2;0,0045;6;0;0;4;0;5;0;0;1;0
Teilesatz, Automatikgetriebe-?lwechsel;4921;112377;1;0,0022;0;0;2;2;0;9;0;0;0;0
Teilesatz, Automatikgetriebe-?lwechsel;4921;12473;3;0,0067;3;1;2;2;0;3;3;1;1;1
Teilesatz, Automatikgetriebe-?lwechsel;4921;116010;3;0,0067;3;0;2;2;0;6;3;1;1;1
Teilesatz, Automatikgetriebe-?lwechsel;4921;135145;23;0,0517;1;0;3;5;0;6;2;1;1;1
Teilesatz, Automatikgetriebe-?lwechsel;4921;107446;7;0,0157;3;0;2;2;0;6;3;0;1;0
Teilesatz, Automatikgetriebe-?lwechsel;4921;45814;2;0,0045;8;0;3;6;0;5;0;1;2;1
Teilesatz, Automatikgetriebe-?lwechsel;4921;55126;10;0,0225;3;1;2;2;0;3;3;1;1;1
Teilesatz, Automatikgetriebe-?lwechsel;4921;28236;1;0,0022;3;0;0;3;0;3;0;0;0;0
Teilesatz, Automatikgetriebe-?lwechsel;4921;18454;1;0,0022;2;0;0;3;0;3;0;0;0;0
Teilesatz, Automatikgetriebe-?lwechsel;4921;17365;5;0,0112;3;0;1;2;0;3;2;1;0;0
Teilesatz, Automatikgetriebe-?lwechsel;4921;114870;1;0,0022;6;0;7;5;0;6;2;1;1;1
Teilesatz, Automatikgetriebe-?lwechsel;4921;959;2;0,0045;8;0;6;7;0;13;2;1;1;1
Teilesatz, Automatikgetriebe-?lwechsel;4921;126908;1;0,0022;0;0;0;3;0;3;0;0;0;0
Teilesatz, Automatikgetriebe-?lwechsel;4921;17167;13;0,0292;5;0;7;7;0;4;2;1;1;1
Teilesatz, Automatikgetriebe-?lwechsel;4921;107447;1;0,0022;3;0;2;2;0;6;2;0;1;0
Teilesatz, Automatikgetriebe-?lwechsel;4921;25492;1;0,0022;3;0;2;3;0;3;2;1;1;1
Teilesatz, Automatikgetriebe-?lwechsel;4921;34280;1;0,0022;5;0;3;4;0;4;2;0;1;0
Teilesatz, Automatikgetriebe-?lwechsel;4921;146081;3;0,0067;5;0;2;0;0;6;0;0;0;0
Teilesatz, Automatikgetriebe-?lwechsel;4921;59440;5;0,0112;9;0;6;6;0;7;5;3;1;2
Teilesatz, Automatikgetriebe-?lwechsel;4921;33435;75;0,1686;3;0;5;2;0;3;2;1;1;1
Teilesatz, Automatikgetriebe-?lwechsel;4921;20740;15;0,0337;0;0;0;2;0;3;0;0;0;0
Teilesatz, Automatikgetriebe-?lwechsel;4921;30971;24;0,0539;3;0;5;2;0;6;2;1;1;1
Teilesatz, Automatikgetriebe-?lwechsel;4921;118084;2;0,0045;3;0;2;2;0;3;3;1;1;1
Teilesatz, Automatikgetriebe-?lwechsel;4921;11149;33;0,0742;9;0;8;9;0;11;3;3;1;2
Teilesatz, Automatikgetriebe-?lwechsel;4921;17606;2;0,0045;2;0;0;0;0;0;0;0;0;0
Teilesatz, Automatikgetriebe-?lwechsel;4921;25468;2;0,0045;3;1;2;6;0;6;2;1;1;1
Teilesatz, Automatikgetriebe-?lwechsel;4921;118179;1;0,0022;3;0;2;2;0;3;3;1;1;1
Teilesatz, Automatikgetriebe-?lwechsel;4921;11994;14;0,0315;3;0;5;5;0;3;3;1;2;1
Teilesatz, Automatikgetriebe-?lwechsel;4921;71;1;0,0022;3;0;1;2;0;3;2;1;1;1
Teilesatz, Automatikgetriebe-?lwechsel;4921;120608;7;0,0157;4;0;4;5;0;6;2;1;0;0
Teilesatz, Automatikgetriebe-?lwechsel;4921;118188;9;0,0202;3;0;2;2;0;3;3;1;1;1
Teilesatz, Automatikgetriebe-?lwechsel;4921;117769;7;0,0157;0;0;3;10;0;8;3;0;2;0
Teilesatz, Automatikgetriebe-?lwechsel;4921;123994;2;0,0045;3;0;5;7;0;7;0;0;2;0
Teilesatz, Automatikgetriebe-?lwechsel;4921;58993;6;0,0135;3;0;2;4;0;6;3;1;1;1
Teilesatz, Automatikgetriebe-?lwechsel;4921;134445;3;0,0067;3;0;3;7;0;7;0;0;2;0
Teilesatz, Automatikgetriebe-?lwechsel;4921;126844;8;0,018;5;0;2;0;0;10;0;0;0;0
Teilesatz, Automatikgetriebe-?lwechsel;4921;143459;5;0,0112;3;1;2;2;0;3;2;0;0;0
Teilesatz, Automatikgetriebe-?lwechsel;4921;135923;3;0,0067;0;0;2;4;0;6;3;0;1;0
Teilesatz, Automatikgetriebe-?lwechsel;4921;1920;1;0,0022;0;0;2;0;0;6;0;1;0;1
Teilesatz, Automatikgetriebe-?lwechsel;4921;120251;2;0,0045;3;0;2;2;0;3;3;1;1;1
Teilesatz, Automatikgetriebe-?lwechsel;4921;29995;2;0,0045;1;0;4;2;0;3;2;1;1;1
Teilesatz, Automatikgetriebe-?lwechsel;4921;106497;22;0,0495;0;0;0;3;0;4;0;0;0;0
Teilesatz, Automatikgetriebe-?lwechsel;4921;5973;15;0,0337;5;0;6;4;0;4;2;1;1;1
Teilesatz, Automatikgetriebe-?lwechsel;4921;18405;6;0,0135;1;0;2;2;0;6;2;1;1;1
Teilesatz, Automatikgetriebe-?lwechsel;4921;142443;31;0,0697;3;0;2;3;0;3;2;1;0;0
Teilesatz, Automatikgetriebe-?lwechsel;4921;129964;2;0,0045;0;0;0;2;0;3;0;0;0;0
Teilesatz, Automatikgetriebe-?lwechsel;4921;17294;1;0,0022;4;1;5;6;0;6;2;1;2;1
Teilesatz, Automatikgetriebe-?lwechsel;4921;107972;91;0,2046;0;0;1;2;0;3;0;1;1;1
Teilesatz, Automatikgetriebe-?lwechsel;4921;7606;12;0,027;5;0;3;4;0;4;2;1;1;1
Teilesatz, Automatikgetriebe-?lwechsel;4921;22659;6;0,0135;3;1;2;3;0;3;2;1;1;1
Teilesatz, Automatikgetriebe-?lwechsel;4921;109423;10;0,0225;0;0;3;2;0;3;4;1;1;1
Teilesatz, Automatikgetriebe-?lwechsel;4921;133004;8;0,018;0;0;0;2;0;3;0;0;0;0
Teilesatz, Automatikgetriebe-?lwechsel;4921;28283;16;0,036;3;0;5;2;0;3;2;2;1;1
Teilesatz, Automatikgetriebe-?lwechsel;4921;136078;4;0,009;3;0;0;0;0;10;0;1;1;0
Teilesatz, Automatikgetriebe-?lwechsel;4921;116667;1;0,0022;3;0;2;2;0;3;2;1;1;1
Teilesatz, Automatikgetriebe-?lwechsel;4921;114880;1;0,0022;0;0;3;2;0;3;0;0;0;0
Teilesatz, Automatikgetriebe-?lwechsel;4921;5404;1;0,0022;3;0;0;4;0;6;4;1;0;1
Teilesatz, Automatikgetriebe-?lwechsel;4921;33775;5;0,0112;3;1;2;2;0;3;3;1;1;1
Teilesatz, Automatikgetriebe-?lwechsel;4921;110042;3;0,0067;3;0;2;2;0;3;2;1;1;1
Teilesatz, Automatikgetriebe-?lwechsel;4921;113446;7;0,0157;3;0;2;2;0;3;3;1;1;1
Teilesatz, Automatikgetriebe-?lwechsel;4921;125339;41;0,0922;3;0;2;2;0;3;3;1;1;1
Teilesatz, Automatikgetriebe-?lwechsel;4921;34923;2;0,0045;3;0;0;3;0;3;0;0;0;0
Teilesatz, Automatikgetriebe-?lwechsel;4921;136110;66;0,1484;3;0;2;6;0;5;0;0;2;0
Teilesatz, Automatikgetriebe-?lwechsel;4921;16082;10;0,0225;2;0;2;5;0;6;0;0;0;0
Teilesatz, Automatikgetriebe-?lwechsel;4921;123537;7;0,0157;3;0;0;3;0;3;0;0;0;0
Teilesatz, Automatikgetriebe-?lwechsel;4921;125343;2;0,0045;3;1;0;2;0;3;3;0;0;0
Teilesatz, Automatikgetriebe-?lwechsel;4921;101051;6;0,0135;3;0;2;2;0;3;3;1;1;1
Teilesatz, Automatikgetriebe-?lwechsel;4921;9332;4;0,009;5;0;7;12;0;6;4;1;3;1
Teilesatz, Automatikgetriebe-?lwechsel;4921;131404;8;0,018;2;0;2;3;0;3;5;1;1;0
Teilesatz, Automatikgetriebe-?lwechsel;4921;19740;3;0,0067;4;0;2;9;0;12;2;2;2;2
Teilesatz, Automatikgetriebe-?lwechsel;4921;107751;3;0,0067;0;0;1;4;0;6;0;0;0;0
Teilesatz, Automatikgetriebe-?lwechsel;4921;115206;103;0,2315;3;0;5;2;0;3;2;1;1;1
Teilesatz, Automatikgetriebe-?lwechsel;4921;107441;1;0,0022;3;0;2;2;0;3;3;0;1;0
Teilesatz, Automatikgetriebe-?lwechsel;4921;22670;3;0,0067;3;1;2;3;0;3;2;1;1;1
Teilesatz, Automatikgetriebe-?lwechsel;4921;8773;3;0,0067;3;0;2;0;0;6;0;1;0;1
Teilesatz, Automatikgetriebe-?lwechsel;4921;19107;1;0,0022;3;0;0;3;0;6;0;0;0;0
Teilesatz, Automatikgetriebe-?lwechsel;4921;130244;1;0,0022;3;0;2;2;0;3;3;0;1;0
Teilesatz, Automatikgetriebe-?lwechsel;4921;112021;4;0,009;2;0;0;4;0;1;0;0;1;0
Teilesatz, Automatikgetriebe-?lwechsel;4921;125157;24;0,0539;3;0;2;2;0;3;3;0;1;0
Teilesatz, Automatikgetriebe-?lwechsel;4921;7543;3;0,0067;3;0;2;2;0;3;3;1;1;1
Teilesatz, Automatikgetriebe-?lwechsel;4921;100337;4;0,009;3;0;2;4;0;3;3;1;1;1
Teilesatz, Automatikgetriebe-?lwechsel;4921;34993;1;0,0022;6;0;2;6;0;6;2;1;1;1
Teilesatz, Automatikgetriebe-?lwechsel;4921;109519;2;0,0045;3;0;2;2;0;3;2;1;1;1
Teilesatz, Automatikgetriebe-?lwechsel;4921;142494;1;0,0022;0;0;0;5;0;1;0;1;0;0
Teilesatz, Automatikgetriebe-?lwechsel;4921;116012;4;0,009;3;0;2;2;0;6;3;1;1;1
Teilesatz, Automatikgetriebe-?lwechsel;4921;140980;1;0,0022;0;0;0;0;0;2;2;0;0;0
Teilesatz, Automatikgetriebe-?lwechsel;4921;105923;2;0,0045;3;0;2;2;0;3;2;1;1;1
Teilesatz, Automatikgetriebe-?lwechsel;4921;17351;2;0,0045;3;0;0;6;0;6;0;2;0;2
Teilesatz, Automatikgetriebe-?lwechsel;4921;147952;3;0,0067;0;0;0;2;0;3;0;0;0;0
Teilesatz, Automatikgetriebe-?lwechsel;4921;4069;1;0,0022;0;0;0;0;0;0;0;0;0;0
Teilesatz, Automatikgetriebe-?lwechsel;4921;139192;2;0,0045;0;0;2;2;0;3;2;1;0;1
Teilesatz, Automatikgetriebe-?lwechsel;4921;32786;13;0,0292;3;0;5;2;0;3;2;1;1;1
Teilesatz, Automatikgetriebe-?lwechsel;4921;119168;9;0,0202;3;0;5;7;0;6;0;0;2;0
Teilesatz, Automatikgetriebe-?lwechsel;4921;5372;1;0,0022;8;0;6;7;0;13;0;0;0;0
Teilesatz, Automatikgetriebe-?lwechsel;4921;19172;2;0,0045;1;0;2;6;0;9;2;1;2;1
Teilesatz, Automatikgetriebe-?lwechsel;4921;32274;11;0,0247;6;0;7;5;0;6;2;1;1;1
Teilesatz, Automatikgetriebe-?lwechsel;4921;136359;1;0,0022;0;0;0;2;0;3;0;0;0;0
Teilesatz, Automatikgetriebe-?lwechsel;4921;136530;1;0,0022;0;0;0;2;0;3;0;0;0;0
Teilesatz, Automatikgetriebe-?lwechsel;4921;137377;2;0,0045;3;0;4;6;0;8;2;0;1;0
Teilesatz, Automatikgetriebe-?lwechsel;4921;18096;3;0,0067;6;0;0;5;0;6;0;0;0;0
Teilesatz, Automatikgetriebe-?lwechsel;4921;12341;1;0,0022;6;0;0;6;0;9;0;0;0;0
Teilesatz, Automatikgetriebe-?lwechsel;4921;19641;1;0,0022;8;0;17;4;0;4;5;3;1;3
Teilesatz, Automatikgetriebe-?lwechsel;4921;15925;1;0,0022;3;0;0;3;0;3;2;1;0;1
Teilesatz, Automatikgetriebe-?lwechsel;4921;31592;1;0,0022;2;0;2;4;0;2;0;0;1;0
Teilesatz, Automatikgetriebe-?lwechsel;4921;127827;2;0,0045;3;0;2;2;0;3;2;1;1;1
Teilesatz, Automatikgetriebe-?lwechsel;4921;22523;3;0,0067;3;0;1;4;0;6;2;1;1;1
Teilesatz, Automatikgetriebe-?lwechsel;4921;109391;7;0,0157;3;0;1;3;0;3;2;1;0;0
Teilesatz, Automatikgetriebe-?lwechsel;4921;117951;18;0,0405;3;0;3;2;0;3;2;0;1;0
Teilesatz, Automatikgetriebe-?lwechsel;4921;10330;11;0,0247;7;0;9;10;0;8;3;2;0;2
Teilesatz, Automatikgetriebe-?lwechsel;4921;100687;2;0,0045;3;0;2;2;0;3;3;1;1;1
Teilesatz, Automatikgetriebe-?lwechsel;4921;31014;1;0,0022;0;1;5;6;0;9;2;0;2;0
Teilesatz, Automatikgetriebe-?lwechsel;4921;26571;2;0,0045;7;0;17;3;0;8;3;2;0;2
Teilesatz, Automatikgetriebe-?lwechsel;4921;28164;6;0,0135;5;0;4;4;0;4;2;1;1;1
Teilesatz, Automatikgetriebe-?lwechsel;4921;18514;4;0,009;9;0;1;7;0;9;2;1;1;1
Teilesatz, Automatikgetriebe-?lwechsel;4921;17413;8;0,018;5;0;6;4;0;4;2;1;1;1
Teilesatz, Automatikgetriebe-?lwechsel;4921;31018;1;0,0022;3;1;2;3;0;3;2;1;1;1
Teilesatz, Automatikgetriebe-?lwechsel;4921;59251;1;0,0022;3;0;5;5;0;3;0;0;2;0
Teilesatz, Automatikgetriebe-?lwechsel;4921;54914;2;0,0045;7;0;5;3;0;4;3;2;0;2
Teilesatz, Automatikgetriebe-?lwechsel;4921;18420;7;0,0157;4;0;2;9;0;9;2;2;2;2
Teilesatz, Automatikgetriebe-?lwechsel;4921;116704;31;0,0697;4;0;7;7;0;12;2;1;2;1
Teilesatz, Automatikgetriebe-?lwechsel;4921;22534;4;0,009;3;1;2;3;0;3;2;1;1;1
Teilesatz, Automatikgetriebe-?lwechsel;4921;126600;2;0,0045;0;0;0;2;0;3;0;0;0;0
Teilesatz, Automatikgetriebe-?lwechsel;4921;131792;1;0,0022;3;0;1;3;0;3;2;1;0;0
Teilesatz, Automatikgetriebe-?lwechsel;4921;120226;1;0,0022;3;0;2;2;0;3;3;1;1;1
Teilesatz, Automatikgetriebe-?lwechsel;4921;18308;6;0,0135;4;1;5;6;0;6;2;1;2;1
Teilesatz, Automatikgetriebe-?lwechsel;4921;117066;1;0,0022;3;0;2;7;0;5;0;1;2;1
Teilesatz, Automatikgetriebe-?lwechsel;4921;115139;5;0,0112;0;0;2;2;0;3;3;1;1;1
Teilesatz, Automatikgetriebe-?lwechsel;4921;58291;2;0,0045;3;0;2;2;0;3;3;1;1;1
Teilesatz, Automatikgetriebe-?lwechsel;4921;109474;6;0,0135;7;1;4;3;0;4;3;2;0;2
Teilesatz, Automatikgetriebe-?lwechsel;4921;130279;1;0,0022;0;0;0;0;0;3;0;0;0;0
Teilesatz, Automatikgetriebe-?lwechsel;4921;30325;3;0,0067;6;0;0;6;0;6;0;2;0;2
Teilesatz, Automatikgetriebe-?lwechsel;4921;141183;9;0,0202;0;0;0;4;0;6;0;1;0;0
Teilesatz, Automatikgetriebe-?lwechsel;4921;59489;18;0,0405;3;0;7;12;0;9;2;1;2;1
Teilesatz, Automatikgetriebe-?lwechsel;4921;17901;2;0,0045;7;0;7;7;0;9;2;2;0;0
Teilesatz, Automatikgetriebe-?lwechsel;4921;134270;4;0,009;3;0;2;2;0;6;2;0;1;0
Teilesatz, Automatikgetriebe-?lwechsel;4921;19657;1;0,0022;8;0;11;7;0;4;5;3;1;3
Teilesatz, Automatikgetriebe-?lwechsel;4921;18407;3;0,0067;2;0;2;9;0;12;2;1;1;1
Teilesatz, Automatikgetriebe-?lwechsel;4921;58185;3;0,0067;6;0;2;3;0;6;2;1;1;1
Teilesatz, Automatikgetriebe-?lwechsel;4921;116673;2;0,0045;3;0;2;2;0;3;2;1;1;1
Teilesatz, Automatikgetriebe-?lwechsel;4921;18048;2;0,0045;0;0;0;3;0;3;0;0;0;0
Teilesatz, Automatikgetriebe-?lwechsel;4921;108402;6;0,0135;1;0;6;5;0;6;2;1;1;1
Teilesatz, Automatikgetriebe-?lwechsel;4921;55585;1;0,0022;2;0;1;4;0;2;0;1;2;1
Teilesatz, Automatikgetriebe-?lwechsel;4921;5934;2;0,0045;5;0;6;4;0;10;2;1;1;1
Teilesatz, Automatikgetriebe-?lwechsel;4921;58760;1;0,0022;6;0;7;6;0;5;0;1;2;1
Teilesatz, Automatikgetriebe-?lwechsel;4921;19950;3;0,0067;7;1;5;6;0;6;4;1;2;1
Teilesatz, Automatikgetriebe-?lwechsel;4921;130246;2;0,0045;3;0;2;4;0;6;3;1;1;1
Teilesatz, Automatikgetriebe-?lwechsel;4921;107351;5;0,0112;3;0;5;11;0;12;3;1;2;0
Teilesatz, Automatikgetriebe-?lwechsel;4921;139285;2;0,0045;0;0;0;3;0;3;2;0;0;0
Teilesatz, Automatikgetriebe-?lwechsel;4921;130241;4;0,009;3;0;2;2;0;3;3;1;1;1
Teilesatz, Automatikgetriebe-?lwechsel;4921;5374;4;0,009;5;0;6;7;0;13;2;1;1;1
Teilesatz, Automatikgetriebe-?lwechsel;4921;19260;3;0,0067;3;1;2;3;0;3;2;1;1;1
Teilesatz, Automatikgetriebe-?lwechsel;4921;113151;231;0,5193;1;0;7;9;0;7;4;2;1;1
Teilesatz, Automatikgetriebe-?lwechsel;4921;137739;5;0,0112;0;0;0;2;0;6;0;0;0;0
Teilesatz, Automatikgetriebe-?lwechsel;4921;58303;1;0,0022;3;0;2;3;0;3;2;1;1;1
Teilesatz, Automatikgetriebe-?lwechsel;4921;124751;1;0,0022;0;0;0;2;0;3;2;0;0;0
Teilesatz, Automatikgetriebe-?lwechsel;4921;10974;4;0,009;1;0;5;5;0;6;2;1;1;1
Teilesatz, Automatikgetriebe-?lwechsel;4921;699;2;0,0045;3;0;0;6;0;9;0;0;0;0
Teilesatz, Automatikgetriebe-?lwechsel;4921;17360;2;0,0045;3;0;1;2;0;3;2;1;0;0
Teilesatz, Automatikgetriebe-?lwechsel;4921;238;1;0,0022;1;0;0;3;0;9;0;0;0;0
Teilesatz, Automatikgetriebe-?lwechsel;4921;146896;1;0,0022;1;0;0;3;0;3;0;0;0;0
Teilesatz, Automatikgetriebe-?lwechsel;4921;114851;6;0,0135;6;0;5;2;0;3;2;1;1;1
Teilesatz, Automatikgetriebe-?lwechsel;4921;115205;11;0,0247;1;0;4;2;0;3;2;1;1;1
Teilesatz, Automatikgetriebe-?lwechsel;4921;33385;6;0,0135;0;0;3;4;0;6;0;0;0;0
Teilesatz, Automatikgetriebe-?lwechsel;4921;18999;4;0,009;4;1;5;6;0;6;2;1;2;1
Teilesatz, Automatikgetriebe-?lwechsel;4921;140462;6;0,0135;6;0;1;3;0;6;2;1;1;0
Teilesatz, Automatikgetriebe-?lwechsel;4921;133260;4;0,009;3;1;0;2;0;3;3;0;0;0
Teilesatz, Automatikgetriebe-?lwechsel;4921;140925;1;0,0022;0;0;0;0;0;6;2;0;0;0
Teilesatz, Automatikgetriebe-?lwechsel;4921;116852;4;0,009;2;0;0;4;0;0;0;1;1;1
Teilesatz, Automatikgetriebe-?lwechsel;4921;127634;8;0,018;2;0;2;3;0;3;2;1;1;0
Teilesatz, Automatikgetriebe-?lwechsel;4921;11996;9;0,0202;2;0;4;5;0;6;2;1;1;0
Teilesatz, Automatikgetriebe-?lwechsel;4921;100268;9;0,0202;3;0;2;2;0;3;3;1;1;1
Teilesatz, Automatikgetriebe-?lwechsel;4921;58798;1;0,0022;3;0;2;2;0;3;3;1;1;1
Teilesatz, Automatikgetriebe-?lwechsel;4921;29997;5;0,0112;6;0;8;5;0;9;4;0;0;0
Teilesatz, Automatikgetriebe-?lwechsel;4921;55378;24;0,0539;7;0;8;6;0;8;3;2;0;2
Teilesatz, Automatikgetriebe-?lwechsel;4921;9946;1;0,0022;3;2;7;8;0;9;3;1;3;1
Teilesatz, Automatikgetriebe-?lwechsel;4921;139249;6;0,0135;3;0;2;10;0;9;0;0;0;0
Teilesatz, Automatikgetriebe-?lwechsel;4921;142223;15;0,0337;3;0;0;3;0;6;2;1;0;0
Teilesatz, Automatikgetriebe-?lwechsel;4921;33045;9;0,0202;7;0;11;6;0;8;3;2;0;2
Teilesatz, Automatikgetriebe-?lwechsel;4921;111759;1;0,0022;3;0;0;2;0;3;0;0;0;0
Teilesatz, Automatikgetriebe-?lwechsel;4921;133679;4;0,009;6;0;2;0;0;4;0;0;0;0
Teilesatz, Automatikgetriebe-?lwechsel;4921;101048;1;0,0022;3;0;2;2;0;3;3;1;1;1
Teilesatz, Automatikgetriebe-?lwechsel;4921;3932;1;0,0022;0;0;2;0;0;0;0;0;0;0
Teilesatz, Automatikgetriebe-?lwechsel;4921;116951;1;0,0022;9;0;6;6;0;7;5;3;1;2
Teilesatz, Automatikgetriebe-?lwechsel;4921;28203;1;0,0022;3;0;4;6;0;5;0;0;1;0
Teilesatz, Automatikgetriebe-?lwechsel;4921;18395;3;0,0067;4;0;0;7;0;12;2;2;2;2
Teilesatz, Automatikgetriebe-?lwechsel;4921;18412;4;0,009;1;0;2;2;0;6;0;1;1;1
Teilesatz, Automatikgetriebe-?lwechsel;4921;114892;145;0,3259;3;0;7;5;0;3;2;1;1;1
Teilesatz, Automatikgetriebe-?lwechsel;4921;126495;5;0,0112;0;0;2;3;0;3;2;1;1;1
Teilesatz, Automatikgetriebe-?lwechsel;4921;105915;2;0,0045;3;0;2;2;0;3;2;1;1;1
Teilesatz, Automatikgetriebe-?lwechsel;4921;2483;5;0,0112;0;1;5;7;0;12;3;1;2;1
Teilesatz, Automatikgetriebe-?lwechsel;4921;112293;16;0,036;0;0;1;6;0;6;3;0;1;0
Teilesatz, Automatikgetriebe-?lwechsel;4921;17414;1;0,0022;5;0;6;4;0;4;2;1;1;1
Teilesatz, Automatikgetriebe-?lwechsel;4921;100467;7;0,0157;3;0;2;3;0;3;2;1;0;0
Teilesatz, Automatikgetriebe-?lwechsel;4921;10280;4;0,009;3;1;3;3;0;3;2;0;1;0
Teilesatz, Automatikgetriebe-?lwechsel;4921;59273;1;0,0022;4;0;7;4;0;6;0;0;0;0
Teilesatz, Automatikgetriebe-?lwechsel;4921;15103;2;0,0045;0;0;0;6;0;6;0;0;0;0
Teilesatz, Automatikgetriebe-?lwechsel;4921;112234;9;0,0202;9;1;2;6;0;9;5;3;1;2
Teilesatz, Automatikgetriebe-?lwechsel;4921;135951;4;0,009;0;0;0;0;0;2;2;2;0;0
Teilesatz, Automatikgetriebe-?lwechsel;4921;11485;4;0,009;2;0;0;3;0;3;0;0;0;0
Teilesatz, Automatikgetriebe-?lwechsel;4921;30997;1;0,0022;0;0;2;2;0;4;0;0;0;0
Teilesatz, Automatikgetriebe-?lwechsel;4921;127340;1;0,0022;0;0;0;3;0;9;0;1;0;0
Teilesatz, Automatikgetriebe-?lwechsel;4921;125943;15;0,0337;3;0;2;3;0;3;4;0;0;0
Teilesatz, Automatikgetriebe-?lwechsel;4921;136082;8;0,018;3;0;2;7;0;7;2;1;0;0
Teilesatz, Automatikgetriebe-?lwechsel;4921;113408;5;0,0112;3;0;2;2;0;3;2;0;1;0
Teilesatz, Automatikgetriebe-?lwechsel;4921;57495;2;0,0045;0;0;2;2;0;3;0;0;0;0
Teilesatz, Automatikgetriebe-?lwechsel;4921;11715;8;0,018;3;0;8;13;0;12;3;1;2;0
Teilesatz, Automatikgetriebe-?lwechsel;4921;109492;2;0,0045;2;0;0;4;0;2;0;0;1;0
Teilesatz, Automatikgetriebe-?lwechsel;4921;703;2;0,0045;0;0;0;6;0;9;0;0;0;0
Teilesatz, Automatikgetriebe-?lwechsel;4921;108453;2;0,0045;9;1;6;6;0;3;5;2;1;1
Teilesatz, Automatikgetriebe-?lwechsel;4921;28229;7;0,0157;0;0;3;4;0;6;0;0;0;0
Teilesatz, Automatikgetriebe-?lwechsel;4921;143831;2;0,0045;3;0;2;7;0;3;2;1;0;0
Teilesatz, Automatikgetriebe-?lwechsel;4921;23461;7;0,0157;7;0;17;10;0;8;5;2;0;2
Teilesatz, Automatikgetriebe-?lwechsel;4921;110025;16;0,036;0;0;0;2;0;6;0;0;0;0
Teilesatz, Automatikgetriebe-?lwechsel;4921;18571;4;0,009;4;0;2;2;0;3;0;0;0;0
Teilesatz, Automatikgetriebe-?lwechsel;4921;145787;10;0,0225;0;0;0;0;0;2;2;2;0;0
Teilesatz, Automatikgetriebe-?lwechsel;4921;59067;1;0,0022;0;0;2;4;0;10;0;0;1;0
Teilesatz, Automatikgetriebe-?lwechsel;4921;136304;1;0,0022;3;0;2;2;0;3;2;1;1;1
Teilesatz, Automatikgetriebe-?lwechsel;4921;117774;4;0,009;0;0;0;3;0;3;3;0;0;0
Teilesatz, Automatikgetriebe-?lwechsel;4921;1620;1;0,0022;0;0;0;0;0;3;0;0;0;0
Teilesatz, Automatikgetriebe-?lwechsel;4921;127369;3;0,0067;3;0;2;2;0;3;2;0;1;0
Teilesatz, Automatikgetriebe-?lwechsel;4921;33411;14;0,0315;3;0;2;3;0;3;2;1;2;1
Teilesatz, Automatikgetriebe-?lwechsel;4921;5421;1;0,0022;8;0;12;7;0;8;5;3;1;3
Teilesatz, Automatikgetriebe-?lwechsel;4921;930;1;0,0022;6;0;6;6;0;13;0;0;0;0
Teilesatz, Automatikgetriebe-?lwechsel;4921;10396;4;0,009;2;0;6;9;0;6;2;1;1;0
Teilesatz, Automatikgetriebe-?lwechsel;4921;121779;1;0,0022;0;0;0;0;0;0;0;0;0;0
Teilesatz, Automatikgetriebe-?lwechsel;4921;115185;3;0,0067;2;0;0;4;0;0;0;0;1;0
Teilesatz, Automatikgetriebe-?lwechsel;4921;143581;1;0,0022;0;0;0;3;0;3;0;1;0;0
Teilesatz, Automatikgetriebe-?lwechsel;4921;107975;5;0,0112;0;0;0;2;0;4;0;0;0;0
Teilesatz, Automatikgetriebe-?lwechsel;4921;6839;2;0,0045;3;0;1;2;0;3;2;0;1;0
Teilesatz, Automatikgetriebe-?lwechsel;4921;4676;2;0,0045;4;0;0;2;1;0;3;0;0;0
Teilesatz, Automatikgetriebe-?lwechsel;4921;358;44;0,0989;3;0;6;2;0;3;0;1;1;1
Teilesatz, Automatikgetriebe-?lwechsel;4921;120249;5;0,0112;3;0;2;2;0;3;3;1;1;1
Teilesatz, Automatikgetriebe-?lwechsel;4921;19939;1;0,0022;0;0;0;3;0;3;0;0;0;0
Teilesatz, Automatikgetriebe-?lwechsel;4921;26570;4;0,009;5;0;1;5;0;6;2;0;0;0
Teilesatz, Automatikgetriebe-?lwechsel;4921;33682;1;0,0022;3;0;0;4;0;2;0;0;1;0
Teilesatz, Automatikgetriebe-?lwechsel;4921;33929;1;0,0022;0;0;0;3;0;3;0;0;0;0
Teilesatz, Automatikgetriebe-?lwechsel;4921;118646;105;0,236;4;0;5;5;0;9;2;1;1;1
Teilesatz, Automatikgetriebe-?lwechsel;4921;7834;4;0,009;5;0;6;4;0;10;2;1;1;1
Teilesatz, Automatikgetriebe-?lwechsel;4921;58224;1;0,0022;3;0;2;6;0;6;2;1;1;1
Teilesatz, Automatikgetriebe-?lwechsel;4921;131300;7;0,0157;2;0;2;3;0;3;2;1;1;0
Teilesatz, Automatikgetriebe-?lwechsel;4921;116219;2;0,0045;0;0;0;6;0;3;0;0;0;0
Teilesatz, Automatikgetriebe-?lwechsel;4921;32631;3;0,0067;3;0;4;2;0;3;2;1;1;1
Teilesatz, Automatikgetriebe-?lwechsel;4921;19454;2;0,0045;1;0;3;2;0;3;1;1;1;1
Teilesatz, Automatikgetriebe-?lwechsel;4921;14966;5;0,0112;5;0;6;4;0;4;2;1;1;1
Teilesatz, Automatikgetriebe-?lwechsel;4921;123425;56;0,1259;7;0;9;7;0;9;2;1;1;1
Teilesatz, Automatikgetriebe-?lwechsel;4921;127927;1;0,0022;3;0;2;2;0;3;0;0;0;0
Teilesatz, Automatikgetriebe-?lwechsel;4921;56768;1;0,0022;3;0;2;2;0;3;3;1;1;1
Teilesatz, Automatikgetriebe-?lwechsel;4921;56754;1;0,0022;2;1;5;5;0;6;3;1;2;1
Teilesatz, Automatikgetriebe-?lwechsel;4921;8379;6;0,0135;5;0;6;4;0;4;2;1;1;1
Teilesatz, Automatikgetriebe-?lwechsel;4921;107505;2;0,0045;0;1;6;6;0;7;3;1;1;1
Teilesatz, Automatikgetriebe-?lwechsel;4921;136202;1;0,0022;0;0;0;0;0;0;0;0;0;0
Teilesatz, Automatikgetriebe-?lwechsel;4921;28163;1;0,0022;5;0;4;4;0;4;2;1;1;1
Teilesatz, Automatikgetriebe-?lwechsel;4921;5668;2;0,0045;3;0;6;2;0;3;2;1;1;1
Teilesatz, Automatikgetriebe-?lwechsel;4921;146079;1;0,0022;6;0;0;3;0;12;2;0;0;0
Teilesatz, Automatikgetriebe-?lwechsel;4921;123100;4;0,009;3;0;3;7;0;6;0;0;2;0
Teilesatz, Automatikgetriebe-?lwechsel;4921;9491;7;0,0157;3;0;6;9;0;6;2;1;2;1
Teilesatz, Automatikgetriebe-?lwechsel;4921;814;1;0,0022;0;0;0;6;0;6;0;0;0;0
Teilesatz, Automatikgetriebe-?lwechsel;4921;12490;1;0,0022;0;0;2;2;0;3;0;0;0;0
Teilesatz, Automatikgetriebe-?lwechsel;4921;112388;19;0,0427;9;0;10;5;0;6;2;2;2;2
Teilesatz, Automatikgetriebe-?lwechsel;4921;27396;1;0,0022;3;0;7;5;0;6;2;1;1;1
Teilesatz, Automatikgetriebe-?lwechsel;4921;136903;2;0,0045;3;0;2;2;0;3;2;0;1;0
Teilesatz, Automatikgetriebe-?lwechsel;4921;22656;2;0,0045;4;1;5;6;0;6;2;1;2;1
Teilesatz, Automatikgetriebe-?lwechsel;4921;59642;4;0,009;2;0;4;5;0;6;2;1;1;0
Teilesatz, Automatikgetriebe-?lwechsel;4921;9433;1;0,0022;5;0;6;10;0;13;2;1;1;1
Teilesatz, Automatikgetriebe-?lwechsel;4921;110072;8;0,018;3;0;2;2;0;3;3;1;1;1
Teilesatz, Automatikgetriebe-?lwechsel;4921;31576;136;0,3057;14;0;17;10;0;11;5;4;2;3
Teilesatz, Automatikgetriebe-?lwechsel;4921;10035;1;0,0022;0;0;0;0;0;3;0;0;0;0
Teilesatz, Automatikgetriebe-?lwechsel;4921;55767;10;0,0225;3;0;2;3;0;3;2;1;0;0
Teilesatz, Automatikgetriebe-?lwechsel;4921;11855;7;0,0157;3;1;2;2;0;3;3;1;1;1
Teilesatz, Automatikgetriebe-?lwechsel;4921;138450;4;0,009;7;0;3;5;0;6;2;2;1;1
Teilesatz, Automatikgetriebe-?lwechsel;4921;132825;8;0,018;0;0;0;2;0;3;0;0;0;0
Teilesatz, Automatikgetriebe-?lwechsel;4921;117272;3;0,0067;3;0;0;2;0;3;0;0;0;0
Teilesatz, Automatikgetriebe-?lwechsel;4921;113223;5;0,0112;3;0;2;2;0;3;3;0;1;0
Teilesatz, Automatikgetriebe-?lwechsel;4921;33349;2;0,0045;3;0;1;2;0;3;2;1;1;1
Teilesatz, Automatikgetriebe-?lwechsel;4921;10110;19;0,0427;12;0;13;6;0;8;5;3;1;3
Teilesatz, Automatikgetriebe-?lwechsel;4921;100831;110;0,2473;6;1;6;6;0;7;2;3;1;2
Teilesatz, Automatikgetriebe-?lwechsel;4921;107754;2;0,0045;0;0;1;2;0;3;0;1;1;1
Teilesatz, Automatikgetriebe-?lwechsel;4921;108636;3;0,0067;1;0;6;8;0;9;2;1;1;1
Teilesatz, Automatikgetriebe-?lwechsel;4921;32159;6;0,0135;3;0;4;2;0;3;2;1;1;1
Teilesatz, Automatikgetriebe-?lwechsel;4921;59680;49;0,1101;6;0;7;11;0;9;4;1;1;1
Teilesatz, Automatikgetriebe-?lwechsel;4921;33645;16;0,036;3;0;5;2;0;3;2;1;1;1
Teilesatz, Automatikgetriebe-?lwechsel;4921;105902;6;0,0135;3;0;2;2;0;3;2;1;1;1
Teilesatz, Automatikgetriebe-?lwechsel;4921;18304;1;0,0022;9;0;1;7;0;9;2;1;1;1
Teilesatz, Automatikgetriebe-?lwechsel;4921;113457;5;0,0112;3;0;2;2;0;3;3;1;1;1
Teilesatz, Automatikgetriebe-?lwechsel;4921;145489;2;0,0045;0;0;2;5;0;6;4;1;1;0
Teilesatz, Automatikgetriebe-?lwechsel;4921;120618;4;0,009;4;0;4;5;0;6;2;1;0;0
Teilesatz, Automatikgetriebe-?lwechsel;4921;135274;10;0,0225;3;0;0;1;0;0;2;1;1;1
Teilesatz, Automatikgetriebe-?lwechsel;4921;15890;9;0,0202;3;0;0;3;0;3;0;0;0;0
Teilesatz, Automatikgetriebe-?lwechsel;4921;112282;39;0,0877;6;0;4;8;0;9;2;1;3;1
Teilesatz, Automatikgetriebe-?lwechsel;4921;10468;1;0,0022;3;0;0;3;0;3;2;1;1;1
Teilesatz, Automatikgetriebe-?lwechsel;4921;100793;2;0,0045;4;0;2;6;0;5;0;0;1;0
Teilesatz, Automatikgetriebe-?lwechsel;4921;10279;4;0,009;9;1;3;3;0;3;2;0;1;0
Teilesatz, Automatikgetriebe-?lwechsel;4921;115165;18;0,0405;6;0;7;5;0;6;2;1;1;1
Teilesatz, Automatikgetriebe-?lwechsel;4921;137605;1;0,0022;0;0;0;0;0;0;0;1;0;0
Teilesatz, Automatikgetriebe-?lwechsel;4921;55481;1;0,0022;3;0;7;9;0;6;2;1;2;1
Teilesatz, Automatikgetriebe-?lwechsel;4921;58709;1;0,0022;0;0;0;2;0;3;0;0;0;0
Teilesatz, Automatikgetriebe-?lwechsel;4921;126711;2;0,0045;3;0;2;2;0;3;2;0;1;0
Teilesatz, Automatikgetriebe-?lwechsel;4921;110055;4;0,009;3;0;2;2;0;3;2;1;1;1
Teilesatz, Automatikgetriebe-?lwechsel;4921;136521;2;0,0045;0;0;0;1;0;1;0;0;0;0
Teilesatz, Automatikgetriebe-?lwechsel;4921;106503;1;0,0022;0;0;1;2;0;3;0;0;1;0
Teilesatz, Automatikgetriebe-?lwechsel;4921;107941;2;0,0045;0;0;2;2;0;6;0;0;0;0
Teilesatz, Automatikgetriebe-?lwechsel;4921;135694;8;0,018;3;0;1;4;0;4;2;1;0;0
Teilesatz, Automatikgetriebe-?lwechsel;4921;58373;4;0,009;3;0;2;2;0;3;3;1;1;1
Teilesatz, Automatikgetriebe-?lwechsel;4921;17872;31;0,0697;7;0;6;5;0;9;2;3;1;1
Teilesatz, Automatikgetriebe-?lwechsel;4921;22533;3;0,0067;3;1;2;3;0;3;2;1;1;1
Teilesatz, Automatikgetriebe-?lwechsel;4921;136166;1;0,0022;0;0;0;0;0;3;0;0;0;0
Teilesatz, Automatikgetriebe-?lwechsel;4921;115235;3;0,0067;6;0;0;4;0;2;0;0;1;0
Teilesatz, Automatikgetriebe-?lwechsel;4921;141271;40;0,0899;6;0;0;3;0;12;2;1;0;1
Teilesatz, Automatikgetriebe-?lwechsel;4921;950;1;0,0022;8;0;6;7;0;13;2;1;1;1
Teilesatz, Automatikgetriebe-?lwechsel;4921;128280;1;0,0022;4;0;0;4;0;2;0;0;1;0
Teilesatz, Automatikgetriebe-?lwechsel;4921;10229;2;0,0045;5;0;4;4;0;10;2;1;1;1
Teilesatz, Automatikgetriebe-?lwechsel;4921;26567;1;0,0022;7;0;6;7;0;8;0;2;0;2
Teilesatz, Automatikgetriebe-?lwechsel;4921;19096;2;0,0045;3;1;5;3;0;3;2;1;1;1
Teilesatz, Automatikgetriebe-?lwechsel;4921;25475;15;0,0337;3;1;2;3;0;3;2;1;1;1
Teilesatz, Automatikgetriebe-?lwechsel;4921;17958;1;0,0022;1;0;0;4;0;4;0;1;1;1
Teilesatz, Automatikgetriebe-?lwechsel;4921;11795;2;0,0045;0;0;2;2;0;3;2;0;0;0
Teilesatz, Automatikgetriebe-?lwechsel;4921;113738;1;0,0022;3;0;0;2;0;3;0;0;1;0
Teilesatz, Automatikgetriebe-?lwechsel;4921;59222;7;0,0157;3;0;2;2;0;3;2;0;1;0
Teilesatz, Automatikgetriebe-?lwechsel;4921;800480;1;0,0022;0;0;0;4;0;0;2;1;0;0
Teilesatz, Automatikgetriebe-?lwechsel;4921;135374;4;0,009;0;0;1;4;0;6;0;0;0;0
Teilesatz, Automatikgetriebe-?lwechsel;4921;18919;4;0,009;3;0;7;5;0;6;4;1;1;1
Teilesatz, Automatikgetriebe-?lwechsel;4921;129792;3;0,0067;0;0;2;4;0;6;3;1;1;1
Teilesatz, Automatikgetriebe-?lwechsel;4921;7930;4;0,009;3;0;7;12;0;6;2;1;3;1
Teilesatz, Automatikgetriebe-?lwechsel;4921;114588;6;0,0135;7;0;0;0;0;3;3;2;0;2
Teilesatz, Automatikgetriebe-?lwechsel;4921;24900;2;0,0045;0;0;3;0;0;3;4;0;0;0
Teilesatz, Automatikgetriebe-?lwechsel;4921;119045;2;0,0045;3;0;2;2;0;3;2;0;1;0
Teilesatz, Automatikgetriebe-?lwechsel;4921;17232;3;0,0067;1;0;2;5;0;9;0;0;0;0
Teilesatz, Automatikgetriebe-?lwechsel;4921;133863;15;0,0337;3;0;2;1;0;0;2;2;1;1
Teilesatz, Automatikgetriebe-?lwechsel;4921;33683;7;0,0157;2;0;2;7;0;5;0;0;1;0
Teilesatz, Automatikgetriebe-?lwechsel;4921;15271;10;0,0225;6;0;0;8;0;12;4;2;0;2
Teilesatz, Automatikgetriebe-?lwechsel;4921;117613;13;0,0292;3;0;5;5;0;6;2;1;1;1
Teilesatz, Automatikgetriebe-?lwechsel;4921;136441;1;0,0022;2;0;2;3;0;3;2;1;1;0
Teilesatz, Automatikgetriebe-?lwechsel;4921;100822;2;0,0045;3;0;2;3;0;3;2;1;0;0
Teilesatz, Automatikgetriebe-?lwechsel;4921;59932;1;0,0022;4;0;2;2;0;7;4;1;2;1
Teilesatz, Automatikgetriebe-?lwechsel;4921;107894;6;0,0135;3;0;2;3;0;3;2;1;0;0
Teilesatz, Automatikgetriebe-?lwechsel;4921;10311;19;0,0427;3;1;2;2;0;3;3;1;1;1
Teilesatz, Automatikgetriebe-?lwechsel;4921;3257;12;0,027;9;1;6;6;0;7;5;3;1;2
Teilesatz, Automatikgetriebe-?lwechsel;4921;135342;3;0,0067;5;0;0;7;0;3;0;0;1;0
Teilesatz, Automatikgetriebe-?lwechsel;4921;118563;18;0,0405;3;0;0;2;0;3;0;0;0;0
Teilesatz, Automatikgetriebe-?lwechsel;4921;115490;2;0,0045;1;0;4;2;0;3;0;1;1;1
Teilesatz, Automatikgetriebe-?lwechsel;4921;24440;1;0,0022;3;0;2;6;0;6;2;1;1;1
Teilesatz, Automatikgetriebe-?lwechsel;4921;141151;1;0,0022;0;0;0;2;0;3;2;0;0;0
Teilesatz, Automatikgetriebe-?lwechsel;4921;108559;2;0,0045;3;0;4;8;0;9;0;1;3;1
Teilesatz, Automatikgetriebe-?lwechsel;4921;119701;19;0,0427;4;0;6;5;0;6;0;2;1;1
Teilesatz, Automatikgetriebe-?lwechsel;4921;10523;1;0,0022;3;0;5;2;0;3;2;1;1;1
Teilesatz, Automatikgetriebe-?lwechsel;4921;32052;1;0,0022;0;1;3;3;0;6;2;1;1;1
Teilesatz, Automatikgetriebe-?lwechsel;4921;33690;1;0,0022;3;0;0;4;0;2;0;0;1;0
Teilesatz, Automatikgetriebe-?lwechsel;4921;57302;2;0,0045;3;0;2;2;0;3;3;1;1;1
Teilesatz, Automatikgetriebe-?lwechsel;4921;17380;1;0,0022;3;0;0;2;0;4;0;0;0;0
Teilesatz, Automatikgetriebe-?lwechsel;4921;11997;6;0,0135;3;0;2;3;0;3;0;1;2;1
Teilesatz, Automatikgetriebe-?lwechsel;4921;28217;1;0,0022;4;0;2;4;0;6;0;0;0;0
Teilesatz, Automatikgetriebe-?lwechsel;4921;106367;5;0,0112;4;0;2;6;0;5;0;0;1;0
Teilesatz, Automatikgetriebe-?lwechsel;4921;19560;14;0,0315;2;0;2;4;0;4;2;1;1;1
Teilesatz, Automatikgetriebe-?lwechsel;4921;132947;15;0,0337;3;0;5;7;0;6;0;0;2;0
Teilesatz, Automatikgetriebe-?lwechsel;4921;141143;4;0,009;0;0;0;2;0;3;2;0;0;0
Teilesatz, Automatikgetriebe-?lwechsel;4921;111163;22;0,0495;9;1;6;9;0;10;5;3;1;2
Teilesatz, Automatikgetriebe-?lwechsel;4921;111758;1;0,0022;3;0;0;2;0;3;0;0;0;0
Teilesatz, Automatikgetriebe-?lwechsel;4921;56109;36;0,0809;3;0;1;6;0;6;3;1;1;0
Teilesatz, Automatikgetriebe-?lwechsel;4921;18706;4;0,009;3;0;13;7;0;8;0;2;0;2
Teilesatz, Automatikgetriebe-?lwechsel;4921;3253;2;0,0045;9;1;6;6;0;7;5;3;1;2
Teilesatz, Automatikgetriebe-?lwechsel;4921;100830;4;0,009;3;0;2;3;0;3;2;1;0;0
Teilesatz, Automatikgetriebe-?lwechsel;4921;116940;5;0,0112;9;1;6;6;0;6;5;3;1;2
Teilesatz, Automatikgetriebe-?lwechsel;4921;136447;3;0,0067;2;0;2;3;0;3;2;1;1;0
Teilesatz, Automatikgetriebe-?lwechsel;4921;114993;3;0,0067;3;0;2;3;0;3;2;1;0;0
Teilesatz, Automatikgetriebe-?lwechsel;4921;115199;4;0,009;1;0;4;2;0;3;2;1;1;1
Teilesatz, Automatikgetriebe-?lwechsel;4921;131853;1;0,0022;0;0;0;2;0;3;0;0;0;0
Teilesatz, Automatikgetriebe-?lwechsel;4921;25491;2;0,0045;3;1;2;3;0;3;2;1;1;1
Teilesatz, Automatikgetriebe-?lwechsel;4921;54506;8;0,018;3;0;2;4;1;3;3;0;1;0
Teilesatz, Automatikgetriebe-?lwechsel;4921;113285;8;0,018;0;0;0;2;0;6;0;0;0;0
Teilesatz, Automatikgetriebe-?lwechsel;4921;14624;10;0,0225;5;0;6;4;0;4;2;1;1;1
Teilesatz, Automatikgetriebe-?lwechsel;4921;19828;2;0,0045;3;0;2;6;0;6;0;0;1;0
Teilesatz, Automatikgetriebe-?lwechsel;4921;58962;2;0,0045;2;0;1;7;0;4;0;0;0;0
Teilesatz, Automatikgetriebe-?lwechsel;4921;402;1;0,0022;0;0;0;3;0;12;0;0;0;0
Teilesatz, Automatikgetriebe-?lwechsel;4921;100509;1;0,0022;0;0;0;2;0;3;1;0;0;0
Teilesatz, Automatikgetriebe-?lwechsel;4921;20930;21;0,0472;3;0;2;2;0;3;3;1;1;1
Teilesatz, Automatikgetriebe-?lwechsel;4921;141567;17;0,0382;3;0;4;6;0;5;0;0;2;0
Teilesatz, Automatikgetriebe-?lwechsel;4921;57307;1;0,0022;12;0;14;4;0;4;5;3;1;3
Teilesatz, Automatikgetriebe-?lwechsel;4921;18518;3;0,0067;9;0;1;7;0;9;2;1;1;1
Teilesatz, Automatikgetriebe-?lwechsel;4921;32836;53;0,1191;7;0;14;6;0;8;3;2;0;2
Teilesatz, Automatikgetriebe-?lwechsel;4921;31041;4;0,009;4;0;4;4;0;6;2;2;1;2
Teilesatz, Automatikgetriebe-?lwechsel;4921;28480;7;0,0157;3;0;3;2;0;3;2;1;1;1
Teilesatz, Automatikgetriebe-?lwechsel;4921;26752;10;0,0225;3;0;5;2;0;3;2;2;1;1
Teilesatz, Automatikgetriebe-?lwechsel;4921;25493;2;0,0045;3;1;2;3;0;3;2;1;1;1
Teilesatz, Automatikgetriebe-?lwechsel;4921;59426;3;0,0067;5;0;3;4;0;3;2;1;1;1
Teilesatz, Automatikgetriebe-?lwechsel;4921;109431;3;0,0067;4;0;3;9;0;8;0;1;2;1
Teilesatz, Automatikgetriebe-?lwechsel;4921;135197;1;0,0022;2;0;2;3;0;3;2;1;1;0
Teilesatz, Automatikgetriebe-?lwechsel;4921;9092;3;0,0067;6;0;0;6;0;12;2;2;0;2
Teilesatz, Automatikgetriebe-?lwechsel;4921;32835;176;0,3956;7;0;14;6;0;8;3;2;0;2
Teilesatz, Automatikgetriebe-?lwechsel;4921;9431;1;0,0022;5;0;6;10;0;13;2;1;1;1
Teilesatz, Automatikgetriebe-?lwechsel;4921;114357;10;0,0225;3;0;3;2;0;3;2;1;1;1
Teilesatz, Automatikgetriebe-?lwechsel;4921;140120;1;0,0022;2;0;0;0;0;6;4;0;0;0
Teilesatz, Automatikgetriebe-?lwechsel;4921;15450;7;0,0157;5;0;0;2;0;12;2;2;0;2
Teilesatz, Automatikgetriebe-?lwechsel;4921;148070;1;0,0022;2;0;0;7;0;8;0;0;0;0
Teilesatz, Automatikgetriebe-?lwechsel;4921;131417;1;0,0022;3;0;2;2;0;3;2;0;1;0
Teilesatz, Automatikgetriebe-?lwechsel;4921;54952;1;0,0022;3;0;0;6;0;6;0;2;0;2
Teilesatz, Automatikgetriebe-?lwechsel;4921;134341;1;0,0022;0;0;0;2;0;3;0;0;0;0
Teilesatz, Automatikgetriebe-?lwechsel;4921;14810;2;0,0045;2;0;0;3;0;3;0;0;0;0
Teilesatz, Automatikgetriebe-?lwechsel;4921;33816;1;0,0022;5;0;1;2;0;3;2;1;1;1
Teilesatz, Automatikgetriebe-?lwechsel;4921;23370;1;0,0022;0;0;0;0;0;3;0;0;0;0
Teilesatz, Automatikgetriebe-?lwechsel;4921;117402;2;0,0045;9;1;2;9;0;9;5;4;1;2
Teilesatz, Automatikgetriebe-?lwechsel;4921;19914;1;0,0022;6;0;8;5;0;6;3;2;1;1
Teilesatz, Automatikgetriebe-?lwechsel;4921;30985;14;0,0315;6;0;5;5;0;6;7;1;2;1
Teilesatz, Automatikgetriebe-?lwechsel;4921;55508;30;0,0674;2;0;0;4;0;2;0;0;1;0
Teilesatz, Automatikgetriebe-?lwechsel;4921;113150;7;0,0157;2;0;2;7;0;5;0;0;1;0
Teilesatz, Automatikgetriebe-?lwechsel;4921;18921;7;0,0157;1;0;6;5;0;3;3;1;1;1
Teilesatz, Automatikgetriebe-?lwechsel;4921;26576;4;0,009;7;0;17;3;0;8;3;2;0;2
Teilesatz, Automatikgetriebe-?lwechsel;4921;19039;1;0,0022;0;0;0;3;0;3;0;0;0;0
Teilesatz, Automatikgetriebe-?lwechsel;4921;145996;5;0,0112;6;0;0;3;0;12;2;0;0;0
Teilesatz, Automatikgetriebe-?lwechsel;4921;108440;2;0,0045;3;0;5;11;0;12;3;1;2;0
Teilesatz, Automatikgetriebe-?lwechsel;4921;100369;2;0,0045;0;0;2;2;0;6;0;0;0;0
Teilesatz, Automatikgetriebe-?lwechsel;4921;139749;1;0,0022;2;0;2;6;0;9;0;0;0;0
Teilesatz, Automatikgetriebe-?lwechsel;4921;137585;4;0,009;0;0;0;2;0;3;0;0;0;0
Teilesatz, Automatikgetriebe-?lwechsel;4921;7931;5;0,0112;3;0;2;0;0;6;0;1;0;1
Teilesatz, Automatikgetriebe-?lwechsel;4921;135616;17;0,0382;0;0;0;6;0;3;0;0;0;0
Teilesatz, Automatikgetriebe-?lwechsel;4921;11580;3;0,0067;3;0;0;6;0;6;0;0;0;0
Teilesatz, Automatikgetriebe-?lwechsel;4921;33847;1;0,0022;4;0;2;4;0;6;0;0;0;0
Teilesatz, Automatikgetriebe-?lwechsel;4921;55353;3;0,0067;3;1;7;8;0;9;3;1;3;1
Teilesatz, Automatikgetriebe-?lwechsel;4921;32744;3;0,0067;4;0;4;6;0;5;0;0;1;0
Teilesatz, Automatikgetriebe-?lwechsel;4921;100074;1;0,0022;5;0;5;5;0;6;4;1;1;1
Teilesatz, Automatikgetriebe-?lwechsel;4921;5414;1;0,0022;3;0;0;3;0;3;2;1;0;1
Teilesatz, Automatikgetriebe-?lwechsel;4921;11791;59;0,1326;3;0;5;2;0;3;2;1;1;1
Teilesatz, Automatikgetriebe-?lwechsel;4921;32755;2;0,0045;3;0;5;5;0;6;0;1;1;1
Teilesatz, Automatikgetriebe-?lwechsel;4921;133018;10;0,0225;0;0;1;2;0;3;0;0;0;0
Teilesatz, Automatikgetriebe-?lwechsel;4921;148040;3;0,0067;0;0;0;2;0;6;2;0;0;0
Teilesatz, Automatikgetriebe-?lwechsel;4921;3814;2;0,0045;0;0;0;4;0;3;2;0;0;0
Teilesatz, Automatikgetriebe-?lwechsel;4921;19478;2;0,0045;4;0;2;8;0;12;2;2;2;2
Teilesatz, Automatikgetriebe-?lwechsel;4921;127520;8;0,018;0;0;0;2;0;3;0;0;0;0
Teilesatz, Automatikgetriebe-?lwechsel;4921;117308;3;0,0067;9;1;2;6;0;6;5;4;1;2
Teilesatz, Automatikgetriebe-?lwechsel;4921;130837;1;0,0022;0;0;0;2;0;3;0;0;0;0
Teilesatz, Automatikgetriebe-?lwechsel;4921;4514;2;0,0045;3;0;2;2;0;3;3;0;1;0
Teilesatz, Automatikgetriebe-?lwechsel;4921;57247;1;0,0022;9;1;6;6;0;7;5;3;1;2
Teilesatz, Automatikgetriebe-?lwechsel;4921;109275;3;0,0067;4;0;2;4;0;6;0;0;0;0
Teilesatz, Automatikgetriebe-?lwechsel;4921;34949;24;0,0539;3;0;5;2;0;3;0;1;1;1
Teilesatz, Automatikgetriebe-?lwechsel;4921;114855;1;0,0022;6;0;5;2;0;3;2;1;1;1
Teilesatz, Automatikgetriebe-?lwechsel;4921;146052;1;0,0022;6;0;0;0;0;12;2;0;0;0
Teilesatz, Automatikgetriebe-?lwechsel;4921;5128;1;0,0022;3;0;0;3;0;3;2;1;0;1
Teilesatz, Automatikgetriebe-?lwechsel;4921;130639;1;0,0022;3;0;2;2;0;3;2;1;1;1
Teilesatz, Automatikgetriebe-?lwechsel;4921;17371;6;0,0135;3;0;1;2;0;3;2;1;0;0
Teilesatz, Automatikgetriebe-?lwechsel;4921;34721;4;0,009;0;0;0;4;0;3;2;0;0;0
Teilesatz, Automatikgetriebe-?lwechsel;4921;125165;17;0,0382;2;1;2;6;0;3;2;2;1;0
Teilesatz, Automatikgetriebe-?lwechsel;4921;132328;1;0,0022;8;0;5;11;0;10;2;0;2;0
Teilesatz, Automatikgetriebe-?lwechsel;4921;131406;11;0,0247;2;0;2;3;0;3;2;1;1;0
Teilesatz, Automatikgetriebe-?lwechsel;4921;112399;6;0,0135;3;0;5;5;0;6;2;2;1;1
Teilesatz, Automatikgetriebe-?lwechsel;4921;18759;5;0,0112;6;1;2;6;0;3;2;1;1;1
Teilesatz, Automatikgetriebe-?lwechsel;4921;520;43;0,0967;3;0;6;2;0;3;2;1;1;1
Teilesatz, Automatikgetriebe-?lwechsel;4921;140445;2;0,0045;0;0;0;2;0;6;2;0;0;0
Teilesatz, Automatikgetriebe-?lwechsel;4921;5724;1;0,0022;0;0;2;3;0;6;0;0;0;0
Teilesatz, Automatikgetriebe-?lwechsel;4921;32116;7;0,0157;3;1;4;3;0;3;2;1;1;1
Teilesatz, Automatikgetriebe-?lwechsel;4921;19267;2;0,0045;5;0;9;7;0;4;2;1;1;1
Teilesatz, Automatikgetriebe-?lwechsel;4921;15268;2;0,0045;3;0;0;8;0;9;0;2;0;2
Teilesatz, Automatikgetriebe-?lwechsel;4921;6440;1;0,0022;0;0;2;2;0;3;0;0;0;0
Teilesatz, Automatikgetriebe-?lwechsel;4921;14965;2;0,0045;5;0;6;4;0;4;2;1;1;1
Teilesatz, Automatikgetriebe-?lwechsel;4921;16134;19;0,0427;3;0;1;3;0;3;0;1;1;1
Teilesatz, Automatikgetriebe-?lwechsel;4921;100853;2;0,0045;3;0;2;2;0;3;2;1;1;1
Teilesatz, Automatikgetriebe-?lwechsel;4921;115100;1;0,0022;0;0;1;2;0;3;0;1;1;1
Teilesatz, Automatikgetriebe-?lwechsel;4921;3939;1;0,0022;0;0;0;0;0;3;0;1;0;1
Teilesatz, Automatikgetriebe-?lwechsel;4921;111781;1;0,0022;0;0;1;2;0;3;0;0;1;0
Teilesatz, Automatikgetriebe-?lwechsel;4921;28253;1;0,0022;4;0;4;6;0;5;0;0;1;0
Teilesatz, Automatikgetriebe-?lwechsel;4921;134740;58;0,1304;3;0;0;0;0;3;2;1;0;0
Teilesatz, Automatikgetriebe-?lwechsel;4921;18187;1;0,0022;0;0;1;2;0;3;1;0;0;0
Teilesatz, Automatikgetriebe-?lwechsel;4921;10524;7;0,0157;1;0;5;2;0;6;0;1;1;1
Teilesatz, Automatikgetriebe-?lwechsel;4921;113407;4;0,009;3;0;2;2;0;3;3;1;1;1
Teilesatz, Automatikgetriebe-?lwechsel;4921;107542;33;0,0742;3;0;1;0;0;3;2;0;0;0
Teilesatz, Automatikgetriebe-?lwechsel;4921;117842;2;0,0045;3;0;0;3;0;3;2;0;0;0
Teilesatz, Automatikgetriebe-?lwechsel;4921;55120;6;0,0135;0;0;0;2;0;3;0;0;0;0
Teilesatz, Automatikgetriebe-?lwechsel;4921;108027;1;0,0022;0;0;0;2;0;3;0;0;0;0
Teilesatz, Automatikgetriebe-?lwechsel;4921;132840;1;0,0022;0;0;0;2;0;3;0;0;0;0
Teilesatz, Automatikgetriebe-?lwechsel;4921;140979;1;0,0022;0;0;0;0;0;1;2;0;0;0
Teilesatz, Automatikgetriebe-?lwechsel;4921;143623;11;0,0247;3;0;4;4;0;2;0;0;1;0
Teilesatz, Automatikgetriebe-?lwechsel;4921;23302;2;0,0045;2;0;4;5;0;6;2;1;1;0
Teilesatz, Automatikgetriebe-?lwechsel;4921;31570;12;0,027;3;0;7;12;0;9;2;1;2;1
Teilesatz, Automatikgetriebe-?lwechsel;4921;105887;1;0,0022;0;0;2;2;0;3;0;0;0;0
Teilesatz, Automatikgetriebe-?lwechsel;4921;59403;1;0,0022;3;0;2;2;0;3;3;1;1;1
Teilesatz, Automatikgetriebe-?lwechsel;4921;141269;1;0,0022;6;0;0;0;0;12;2;1;0;0
Teilesatz, Automatikgetriebe-?lwechsel;4921;117837;4;0,009;3;0;0;3;0;4;0;0;0;0
Teilesatz, Automatikgetriebe-?lwechsel;4921;11980;9;0,0202;3;0;1;3;0;3;0;1;1;1
Teilesatz, Automatikgetriebe-?lwechsel;4921;136137;2;0,0045;6;0;2;7;0;7;2;1;0;0
Teilesatz, Automatikgetriebe-?lwechsel;4921;29926;1;0,0022;4;0;2;4;0;6;0;0;0;0
Teilesatz, Automatikgetriebe-?lwechsel;4921;107473;4;0,009;7;1;4;3;0;4;3;1;0;1
Teilesatz, Automatikgetriebe-?lwechsel;4921;106419;4;0,009;3;0;4;2;0;3;2;1;1;1
Teilesatz, Automatikgetriebe-?lwechsel;4921;16323;3;0,0067;1;0;2;2;0;6;0;0;0;0
Teilesatz, Automatikgetriebe-?lwechsel;4921;132330;85;0,1911;3;0;3;5;0;4;0;0;1;0
Teilesatz, Automatikgetriebe-?lwechsel;4921;131842;3;0,0067;3;0;2;2;0;3;2;0;1;0
Teilesatz, Automatikgetriebe-?lwechsel;4921;107747;32;0,0719;0;0;0;4;0;2;0;0;1;0
Teilesatz, Automatikgetriebe-?lwechsel;4921;25497;11;0,0247;3;1;2;3;0;3;2;1;1;1
Teilesatz, Automatikgetriebe-?lwechsel;4921;128287;50;0,1124;2;0;0;4;0;4;0;1;1;0
Teilesatz, Automatikgetriebe-?lwechsel;4921;141863;40;0,0899;3;0;2;3;0;3;2;1;0;0
Teilesatz, Automatikgetriebe-?lwechsel;4921;11362;3;0,0067;3;0;2;7;0;9;2;1;1;0
Teilesatz, Automatikgetriebe-?lwechsel;4921;133871;38;0,0854;3;0;2;3;0;3;2;1;1;1
Teilesatz, Automatikgetriebe-?lwechsel;4921;108000;1;0,0022;3;0;2;2;0;3;3;1;1;1
Teilesatz, Automatikgetriebe-?lwechsel;4921;19485;3;0,0067;1;0;5;2;0;6;3;2;1;1
Teilesatz, Automatikgetriebe-?lwechsel;4921;18232;1;0,0022;0;1;2;3;0;3;2;1;1;1
Teilesatz, Automatikgetriebe-?lwechsel;4921;116187;20;0,045;0;0;1;2;0;3;0;1;1;1
Teilesatz, Automatikgetriebe-?lwechsel;4921;137283;7;0,0157;0;0;0;2;0;3;0;0;0;0
Teilesatz, Automatikgetriebe-?lwechsel;4921;10418;71;0,1596;5;0;8;10;0;7;4;1;3;1
Teilesatz, Automatikgetriebe-?lwechsel;4921;18982;1;0,0022;1;1;5;6;0;6;2;1;2;1
Teilesatz, Automatikgetriebe-?lwechsel;4921;118513;33;0,0742;2;1;2;3;0;3;2;1;1;0
Teilesatz, Automatikgetriebe-?lwechsel;4921;136083;2;0,0045;0;0;0;5;0;1;0;0;0;0
Teilesatz, Automatikgetriebe-?lwechsel;4921;148142;1;0,0022;0;0;0;3;0;0;2;0;0;0
Teilesatz, Automatikgetriebe-?lwechsel;4921;120605;5;0,0112;5;0;0;4;0;7;0;0;1;0
Teilesatz, Automatikgetriebe-?lwechsel;4921;114585;13;0,0292;7;0;4;3;0;4;3;2;0;2
Teilesatz, Automatikgetriebe-?lwechsel;4921;17991;1;0,0022;2;0;0;3;0;3;0;0;0;0
Teilesatz, Automatikgetriebe-?lwechsel;4921;55332;133;0,299;3;0;2;3;0;3;2;1;0;0
Teilesatz, Automatikgetriebe-?lwechsel;4921;56735;3;0,0067;3;0;2;2;0;3;3;1;1;1
Teilesatz, Automatikgetriebe-?lwechsel;4921;119573;1;0,0022;12;0;0;0;0;6;5;3;1;3
Teilesatz, Automatikgetriebe-?lwechsel;4921;120122;3;0,0067;9;0;2;3;0;3;5;3;1;2
Teilesatz, Automatikgetriebe-?lwechsel;4921;927;2;0,0045;0;0;0;2;0;3;0;0;0;0
Teilesatz, Automatikgetriebe-?lwechsel;4921;18769;1;0,0022;1;0;5;2;0;3;0;1;1;1
Teilesatz, Automatikgetriebe-?lwechsel;4921;17091;8;0,018;5;0;9;3;0;4;2;1;1;1
Teilesatz, Automatikgetriebe-?lwechsel;4921;137167;9;0,0202;2;0;2;3;0;3;2;1;1;0
Teilesatz, Automatikgetriebe-?lwechsel;4921;26740;1;0,0022;3;0;5;2;0;3;2;2;1;1
Teilesatz, Automatikgetriebe-?lwechsel;4921;346;3;0,0067;3;0;6;2;0;3;2;1;1;1
Teilesatz, Automatikgetriebe-?lwechsel;4921;16017;2;0,0045;0;0;2;5;0;3;2;1;1;1
Teilesatz, Automatikgetriebe-?lwechsel;4921;113430;6;0,0135;3;0;2;2;0;3;2;1;1;1
Teilesatz, Automatikgetriebe-?lwechsel;4921;140694;2;0,0045;0;0;0;3;0;3;2;0;0;0
Teilesatz, Automatikgetriebe-?lwechsel;4921;11391;7;0,0157;7;0;9;6;0;8;3;2;0;2
Teilesatz, Automatikgetriebe-?lwechsel;4921;18719;1;0,0022;5;0;8;7;0;4;2;1;1;1
Teilesatz, Automatikgetriebe-?lwechsel;4921;131849;1;0,0022;3;0;2;2;0;3;2;0;1;0
Teilesatz, Automatikgetriebe-?lwechsel;4921;142552;1;0,0022;5;0;2;4;0;6;4;0;1;0
Teilesatz, Automatikgetriebe-?lwechsel;4921;143425;2;0,0045;5;0;0;7;0;6;0;0;0;0
Teilesatz, Automatikgetriebe-?lwechsel;4921;12336;3;0,0067;7;0;6;6;0;8;3;2;0;2
Teilesatz, Automatikgetriebe-?lwechsel;4921;16819;1;0,0022;3;0;1;3;0;3;2;1;1;1
Teilesatz, Automatikgetriebe-?lwechsel;4921;17142;2;0,0045;1;0;2;2;0;6;2;0;0;0
Teilesatz, Automatikgetriebe-?lwechsel;4921;17372;6;0,0135;3;0;1;2;0;3;2;1;0;0
Teilesatz, Automatikgetriebe-?lwechsel;4921;6271;1;0,0022;0;0;3;4;0;6;0;0;0;0
Teilesatz, Automatikgetriebe-?lwechsel;4921;22929;1;0,0022;5;0;7;10;0;12;2;1;2;0
Teilesatz, Automatikgetriebe-?lwechsel;4921;118560;5;0,0112;3;0;0;3;0;4;0;0;0;0
Teilesatz, Automatikgetriebe-?lwechsel;4921;19750;1;0,0022;2;0;2;4;0;9;0;0;0;0
Teilesatz, Automatikgetriebe-?lwechsel;4921;135734;10;0,0225;5;0;5;7;0;10;2;0;2;0
Teilesatz, Automatikgetriebe-?lwechsel;4921;17817;1;0,0022;3;0;0;3;0;3;0;0;0;0
Teilesatz, Automatikgetriebe-?lwechsel;4921;33675;40;0,0899;3;0;5;2;0;3;2;1;1;1
Teilesatz, Automatikgetriebe-?lwechsel;4921;59244;12;0,027;6;0;6;5;0;6;4;2;1;1
Teilesatz, Automatikgetriebe-?lwechsel;4921;121959;1;0,0022;3;0;6;7;0;9;4;1;1;1
Teilesatz, Automatikgetriebe-?lwechsel;4921;22527;5;0,0112;6;0;1;5;0;6;2;1;1;1
Teilesatz, Automatikgetriebe-?lwechsel;4921;141618;2;0,0045;3;0;2;4;0;2;0;0;1;0
Teilesatz, Automatikgetriebe-?lwechsel;4921;19995;4;0,009;6;2;2;3;0;3;2;1;1;1
Teilesatz, Automatikgetriebe-?lwechsel;4921;139716;11;0,0247;3;0;2;4;0;6;2;1;0;0
Teilesatz, Automatikgetriebe-?lwechsel;4921;129589;3;0,0067;2;0;0;0;0;6;4;0;0;0
Teilesatz, Automatikgetriebe-?lwechsel;4921;17292;26;0,0584;4;1;5;6;0;6;2;1;2;1
Teilesatz, Automatikgetriebe-?lwechsel;4921;117309;3;0,0067;9;1;2;9;0;9;5;4;1;2
Teilesatz, Automatikgetriebe-?lwechsel;4921;50936;1;0,0022;0;0;0;0;0;3;0;0;0;0
Teilesatz, Automatikgetriebe-?lwechsel;4921;136030;18;0,0405;6;1;2;3;0;6;2;2;1;2
Teilesatz, Automatikgetriebe-?lwechsel;4921;58796;1;0,0022;3;0;2;2;0;3;3;1;1;1
Teilesatz, Automatikgetriebe-?lwechsel;4921;100797;12;0,027;2;0;0;4;0;2;0;0;1;0
Teilesatz, Automatikgetriebe-?lwechsel;4921;19125;18;0,0405;2;0;4;5;0;6;2;1;1;0
Teilesatz, Automatikgetriebe-?lwechsel;4921;18704;3;0,0067;7;0;13;7;0;8;0;2;0;2
Teilesatz, Automatikgetriebe-?lwechsel;4921;138085;1;0,0022;3;0;0;3;0;3;0;0;0;0
Teilesatz, Automatikgetriebe-?lwechsel;4921;58759;2;0,0045;6;0;7;12;0;11;2;1;2;1
Teilesatz, Automatikgetriebe-?lwechsel;4921;30362;4;0,009;2;0;2;2;0;3;0;0;0;0
Teilesatz, Automatikgetriebe-?lwechsel;4921;55597;96;0,2158;6;0;7;5;0;6;4;2;1;1
Teilesatz, Automatikgetriebe-?lwechsel;4921;119698;1;0,0022;7;0;2;6;0;5;0;0;1;0
Teilesatz, Automatikgetriebe-?lwechsel;4921;31590;4;0,009;2;0;2;4;0;2;0;0;1;0
Teilesatz, Automatikgetriebe-?lwechsel;4921;145283;2;0,0045;0;0;2;3;0;3;0;0;0;0
Teilesatz, Automatikgetriebe-?lwechsel;4921;138451;1;0,0022;7;0;3;5;0;6;4;1;1;1
Teilesatz, Automatikgetriebe-?lwechsel;4921;30381;2;0,0045;2;0;2;2;0;9;0;1;2;1
Teilesatz, Automatikgetriebe-?lwechsel;4921;100942;66;0,1484;3;0;2;2;0;3;3;1;1;1
Teilesatz, Automatikgetriebe-?lwechsel;4921;136588;1;0,0022;3;0;2;2;0;3;2;1;1;1
Teilesatz, Automatikgetriebe-?lwechsel;4921;34989;1;0,0022;6;1;4;3;0;6;2;1;1;1
Teilesatz, Automatikgetriebe-?lwechsel;4921;131982;8;0,018;3;0;1;4;0;4;2;1;0;0
Teilesatz, Automatikgetriebe-?lwechsel;4921;136366;2;0,0045;0;0;0;2;0;3;0;0;0;0
Teilesatz, Automatikgetriebe-?lwechsel;4921;16036;1;0,0022;3;0;2;3;0;6;2;1;1;1
Teilesatz, Automatikgetriebe-?lwechsel;4921;32117;14;0,0315;3;1;2;3;0;3;2;1;1;1
Teilesatz, Automatikgetriebe-?lwechsel;4921;29947;8;0,018;4;1;7;8;0;9;5;1;3;1
Teilesatz, Automatikgetriebe-?lwechsel;4921;109422;37;0,0832;0;0;3;2;0;3;2;1;1;1
Teilesatz, Automatikgetriebe-?lwechsel;4921;7033;2;0,0045;3;0;6;2;0;3;0;1;1;1
Teilesatz, Automatikgetriebe-?lwechsel;4921;129033;3;0,0067;0;0;0;4;0;6;0;0;0;0
Teilesatz, Automatikgetriebe-?lwechsel;4921;59473;5;0,0112;7;0;9;3;0;4;3;2;0;2
Teilesatz, Automatikgetriebe-?lwechsel;4921;32855;1;0,0022;2;0;2;4;0;6;0;0;0;0
Teilesatz, Automatikgetriebe-?lwechsel;4921;18997;1;0,0022;4;1;5;6;0;6;2;1;2;1
Teilesatz, Automatikgetriebe-?lwechsel;4921;29974;1;0,0022;2;0;4;9;0;6;2;1;1;0
Teilesatz, Automatikgetriebe-?lwechsel;4921;57480;2;0,0045;9;0;3;5;0;11;2;1;1;1
Teilesatz, Automatikgetriebe-?lwechsel;4921;120606;4;0,009;5;0;0;4;0;7;0;0;1;0
Teilesatz, Automatikgetriebe-?lwechsel;4921;108805;2;0,0045;3;0;2;4;0;6;3;1;1;1
Teilesatz, Automatikgetriebe-?lwechsel;4921;112354;1;0,0022;9;1;2;3;0;3;5;2;1;1
Teilesatz, Automatikgetriebe-?lwechsel;4921;26977;36;0,0809;2;0;2;4;0;2;0;0;1;0
Teilesatz, Automatikgetriebe-?lwechsel;4921;123385;10;0,0225;3;0;5;9;0;10;0;0;3;0
Teilesatz, Automatikgetriebe-?lwechsel;4921;125091;1;0,0022;3;0;2;2;0;3;2;1;1;1
Teilesatz, Automatikgetriebe-?lwechsel;4921;142433;1;0,0022;0;0;0;1;0;0;0;0;0;0
Teilesatz, Automatikgetriebe-?lwechsel;4921;16888;1;0,0022;2;0;2;6;0;6;2;2;2;2
Teilesatz, Automatikgetriebe-?lwechsel;4921;143447;1;0,0022;0;0;0;2;0;3;0;0;0;0
Teilesatz, Automatikgetriebe-?lwechsel;4921;134243;23;0,0517;0;0;0;5;0;1;0;0;0;0
Teilesatz, Automatikgetriebe-?lwechsel;4921;144062;3;0,0067;2;0;2;2;0;6;4;0;0;0
Teilesatz, Automatikgetriebe-?lwechsel;4921;141568;6;0,0135;2;0;1;3;0;3;2;1;1;0
Teilesatz, Automatikgetriebe-?lwechsel;4921;18985;1;0,0022;3;0;6;2;0;3;2;1;1;1
Teilesatz, Automatikgetriebe-?lwechsel;4921;131833;2;0,0045;3;0;2;2;0;3;2;1;1;1
Teilesatz, Automatikgetriebe-?lwechsel;4921;100037;25;0,0562;3;0;2;3;0;3;0;1;2;1
Teilesatz, Automatikgetriebe-?lwechsel;4921;19704;1;0,0022;0;0;2;0;0;3;0;0;0;0
Teilesatz, Automatikgetriebe-?lwechsel;4921;133043;1;0,0022;0;0;0;0;0;3;2;0;0;0
Teilesatz, Automatikgetriebe-?lwechsel;4921;16049;1;0,0022;1;0;4;2;0;6;0;0;0;0
Teilesatz, Automatikgetriebe-?lwechsel;4921;19025;18;0,0405;4;1;5;6;0;6;2;1;2;1
Teilesatz, Automatikgetriebe-?lwechsel;4921;145763;1;0,0022;0;0;0;3;0;6;0;0;0;0
Teilesatz, Automatikgetriebe-?lwechsel;4921;25474;2;0,0045;3;1;2;6;0;3;2;1;1;1
Teilesatz, Automatikgetriebe-?lwechsel;4921;116224;6;0,0135;0;0;2;2;0;3;0;0;0;0
Teilesatz, Automatikgetriebe-?lwechsel;4921;30693;3;0,0067;0;0;0;0;0;6;3;0;0;0
Teilesatz, Automatikgetriebe-?lwechsel;4921;120208;30;0,0674;2;0;2;7;0;5;0;0;1;0
Teilesatz, Automatikgetriebe-?lwechsel;4921;19477;9;0,0202;4;0;2;6;0;9;2;2;2;2
Teilesatz, Automatikgetriebe-?lwechsel;4921;19300;1;0,0022;3;1;2;3;0;3;2;1;1;1
Teilesatz, Automatikgetriebe-?lwechsel;4921;100791;1;0,0022;1;0;4;8;0;9;2;1;1;1
Teilesatz, Automatikgetriebe-?lwechsel;4921;18551;2;0,0045;3;0;0;2;0;0;0;0;0;0
Teilesatz, Automatikgetriebe-?lwechsel;4921;31591;12;0,027;3;0;2;4;0;2;1;0;1;0
Teilesatz, Automatikgetriebe-?lwechsel;4921;9854;6;0,0135;3;0;1;4;0;6;2;1;1;1
Teilesatz, Automatikgetriebe-?lwechsel;4921;113340;32;0,0719;4;0;5;2;0;3;2;1;1;1
Teilesatz, Automatikgetriebe-?lwechsel;4921;136031;27;0,0607;6;1;2;3;0;6;2;2;1;2
Teilesatz, Automatikgetriebe-?lwechsel;4921;137721;1;0,0022;3;0;0;0;1;0;2;0;0;0
Teilesatz, Automatikgetriebe-?lwechsel;4921;33407;1;0,0022;2;0;4;5;0;6;2;1;1;0
Teilesatz, Automatikgetriebe-?lwechsel;4921;28222;1;0,0022;0;0;0;2;0;3;0;0;0;0
Teilesatz, Automatikgetriebe-?lwechsel;4921;19998;3;0,0067;6;2;2;3;0;3;2;1;1;1
Teilesatz, Automatikgetriebe-?lwechsel;4921;131302;3;0,0067;2;0;2;3;0;3;2;1;1;0
Teilesatz, Automatikgetriebe-?lwechsel;4921;55986;1;0,0022;0;0;4;5;0;6;3;0;2;0
Teilesatz, Automatikgetriebe-?lwechsel;4921;145815;1;0,0022;0;0;0;2;0;3;0;0;0;0
Teilesatz, Automatikgetriebe-?lwechsel;4921;50895;9;0,0202;4;0;6;5;0;6;2;2;1;1
Teilesatz, Automatikgetriebe-?lwechsel;4921;18988;4;0,009;6;1;5;8;0;9;2;0;2;0
Teilesatz, Automatikgetriebe-?lwechsel;4921;147379;1;0,0022;6;0;1;3;0;6;0;0;1;0
Teilesatz, Automatikgetriebe-?lwechsel;4921;8384;4;0,009;5;0;6;4;0;10;2;1;1;1
Teilesatz, Automatikgetriebe-?lwechsel;4921;55333;45;0,1012;3;0;2;3;0;3;2;1;0;0
Teilesatz, Automatikgetriebe-?lwechsel;4921;28216;1;0,0022;4;0;2;4;0;6;0;0;0;0
Teilesatz, Automatikgetriebe-?lwechsel;4921;145289;3;0,0067;0;0;0;2;0;3;0;0;0;0
Teilesatz, Automatikgetriebe-?lwechsel;4921;12075;2;0,0045;6;0;8;13;0;12;2;2;3;1
Teilesatz, Automatikgetriebe-?lwechsel;4921;9899;1;0,0022;3;0;0;3;0;3;0;0;0;0
Teilesatz, Automatikgetriebe-?lwechsel;4921;154486;1;0,0022;3;0;0;0;0;0;2;1;1;1
Teilesatz, Automatikgetriebe-?lwechsel;4921;30398;1;0,0022;3;0;1;3;0;3;2;1;1;1
Teilesatz, Automatikgetriebe-?lwechsel;4921;136675;1;0,0022;0;0;0;4;0;6;0;1;0;0
Teilesatz, Automatikgetriebe-?lwechsel;4921;101157;31;0,0697;3;0;2;4;0;2;0;0;1;0
Teilesatz, Automatikgetriebe-?lwechsel;4921;19474;16;0,036;4;0;0;4;0;6;2;1;2;1
Teilesatz, Automatikgetriebe-?lwechsel;4921;23695;37;0,0832;1;0;4;2;0;3;4;2;1;1
Teilesatz, Automatikgetriebe-?lwechsel;4921;144949;1;0,0022;0;0;0;2;0;3;0;0;0;0
Teilesatz, Automatikgetriebe-?lwechsel;4921;15945;1;0,0022;0;0;2;4;0;6;0;0;0;0
Teilesatz, Automatikgetriebe-?lwechsel;4921;118488;7;0,0157;1;0;2;2;0;3;2;1;1;1
Teilesatz, Automatikgetriebe-?lwechsel;4921;136459;1;0,0022;3;0;2;3;0;3;2;1;0;0
Teilesatz, Automatikgetriebe-?lwechsel;4921;139766;12;0,027;3;0;2;10;0;9;2;1;0;0
Teilesatz, Automatikgetriebe-?lwechsel;4921;31439;1;0,0022;3;0;3;2;0;3;2;1;1;1
Teilesatz, Automatikgetriebe-?lwechsel;4921;52831;1;0,0022;1;1;7;8;0;9;2;2;3;2
Teilesatz, Automatikgetriebe-?lwechsel;4921;112279;2;0,0045;6;0;5;8;0;9;0;1;3;1
Teilesatz, Automatikgetriebe-?lwechsel;4921;19359;1;0,0022;0;0;0;2;0;3;0;0;0;0
Teilesatz, Automatikgetriebe-?lwechsel;4921;126013;15;0,0337;3;0;2;2;0;3;3;0;1;0
Teilesatz, Automatikgetriebe-?lwechsel;4921;30864;1;0,0022;4;1;5;6;0;6;2;1;2;1
Teilesatz, Automatikgetriebe-?lwechsel;4921;25441;5;0,0112;7;0;11;6;0;8;3;2;0;2
Teilesatz, Automatikgetriebe-?lwechsel;4921;23403;2;0,0045;7;0;17;6;0;8;3;2;0;2
Teilesatz, Automatikgetriebe-?lwechsel;4921;110018;4;0,009;3;0;2;2;0;3;3;1;1;1
Teilesatz, Automatikgetriebe-?lwechsel;4921;108004;7;0,0157;7;1;0;3;0;12;3;3;0;2
Teilesatz, Automatikgetriebe-?lwechsel;4921;137059;3;0,0067;2;0;0;7;0;3;0;0;0;0
Teilesatz, Automatikgetriebe-?lwechsel;4921;118553;2;0,0045;0;0;2;3;0;3;2;1;1;1
Teilesatz, Automatikgetriebe-?lwechsel;4921;134292;17;0,0382;6;0;7;5;0;3;2;1;0;0
Teilesatz, Automatikgetriebe-?lwechsel;4921;58418;2;0,0045;3;0;2;2;0;3;3;1;1;1
Teilesatz, Automatikgetriebe-?lwechsel;4921;128645;4;0,009;2;0;2;4;0;6;2;0;2;0
Teilesatz, Automatikgetriebe-?lwechsel;4921;57594;12;0,027;3;0;5;5;0;6;2;2;1;1
Teilesatz, Automatikgetriebe-?lwechsel;4921;112364;8;0,018;9;1;6;6;0;7;5;3;1;2
Teilesatz, Automatikgetriebe-?lwechsel;4921;100572;62;0,1394;0;0;0;3;0;4;0;0;0;0
Teilesatz, Automatikgetriebe-?lwechsel;4921;57243;1;0,0022;9;1;6;6;0;7;5;3;1;2
Teilesatz, Automatikgetriebe-?lwechsel;4921;18884;1;0,0022;3;0;13;7;0;8;3;2;0;2
Teilesatz, Automatikgetriebe-?lwechsel;4921;5405;4;0,009;5;0;6;4;0;10;2;1;1;1
Teilesatz, Automatikgetriebe-?lwechsel;4921;58944;3;0,0067;2;0;2;4;0;2;0;0;1;0
Teilesatz, Automatikgetriebe-?lwechsel;4921;15723;5;0,0112;5;0;8;7;0;4;2;1;1;1
Teilesatz, Automatikgetriebe-?lwechsel;4921;3881;1;0,0022;0;0;0;5;0;12;2;2;0;1
Teilesatz, Automatikgetriebe-?lwechsel;4921;17863;25;0,0562;5;0;9;7;0;4;2;1;1;1
Teilesatz, Automatikgetriebe-?lwechsel;4921;33046;23;0,0517;7;0;8;6;0;8;3;2;0;2
Teilesatz, Automatikgetriebe-?lwechsel;4921;112236;64;0,1439;9;1;6;9;0;10;5;4;1;2
Teilesatz, Automatikgetriebe-?lwechsel;4921;1872;3;0,0067;3;0;2;0;0;6;0;1;0;1
Teilesatz, Automatikgetriebe-?lwechsel;4921;105917;2;0,0045;2;0;2;4;0;2;0;0;1;0
Teilesatz, Automatikgetriebe-?lwechsel;4921;132641;31;0,0697;5;0;2;2;0;3;5;0;1;0
Teilesatz, Automatikgetriebe-?lwechsel;4921;59223;1;0,0022;3;0;2;2;0;3;3;1;1;1
Teilesatz, Automatikgetriebe-?lwechsel;4921;12310;84;0,1888;9;0;8;12;0;7;5;4;1;2
Teilesatz, Automatikgetriebe-?lwechsel;4921;115156;4;0,009;6;0;5;6;0;5;0;1;2;1
Teilesatz, Automatikgetriebe-?lwechsel;4921;136790;4;0,009;2;0;2;3;0;3;2;1;1;0
Teilesatz, Automatikgetriebe-?lwechsel;4921;4614;6;0,0135;3;0;2;6;0;9;0;1;1;1
Teilesatz, Automatikgetriebe-?lwechsel;4921;31569;2;0,0045;2;0;4;5;0;6;2;1;1;0
Teilesatz, Automatikgetriebe-?lwechsel;4921;13822;1;0,0022;7;0;6;3;0;4;3;2;0;2
Teilesatz, Automatikgetriebe-?lwechsel;4921;148076;1;0,0022;0;0;2;0;0;6;2;0;0;0
Teilesatz, Automatikgetriebe-?lwechsel;4921;128664;1;0,0022;4;0;0;0;0;0;0;0;0;0
Teilesatz, Automatikgetriebe-?lwechsel;4921;19563;1;0,0022;2;0;1;5;0;6;0;0;0;0
Teilesatz, Automatikgetriebe-?lwechsel;4921;8696;7;0,0157;3;0;0;0;0;3;2;0;0;0
Teilesatz, Automatikgetriebe-?lwechsel;4921;126747;1;0,0022;3;0;2;2;0;3;2;1;1;1
Teilesatz, Automatikgetriebe-?lwechsel;4921;31048;72;0,1618;14;0;16;13;0;15;5;4;2;3
Teilesatz, Automatikgetriebe-?lwechsel;4921;137165;2;0,0045;2;0;2;3;0;3;2;1;1;0
Teilesatz, Automatikgetriebe-?lwechsel;4921;59683;3;0,0067;0;0;1;6;0;6;3;1;1;0
Teilesatz, Automatikgetriebe-?lwechsel;4921;17291;6;0,0135;3;1;2;3;0;3;2;1;1;1
Teilesatz, Automatikgetriebe-?lwechsel;4921;7605;3;0,0067;5;0;3;4;0;4;2;0;0;0
Teilesatz, Automatikgetriebe-?lwechsel;4921;25472;1;0,0022;3;1;2;6;0;3;2;1;1;1
Teilesatz, Automatikgetriebe-?lwechsel;4921;55796;1;0,0022;0;0;0;3;0;3;0;0;0;0
Teilesatz, Automatikgetriebe-?lwechsel;4921;19621;4;0,009;2;0;2;6;0;3;2;2;2;2
Teilesatz, Automatikgetriebe-?lwechsel;4921;22460;30;0,0674;12;0;17;10;0;8;2;2;1;2
Teilesatz, Automatikgetriebe-?lwechsel;4921;31502;4;0,009;7;0;11;3;0;8;3;2;0;2
Teilesatz, Automatikgetriebe-?lwechsel;4921;112243;17;0,0382;0;0;1;4;0;6;2;1;1;1
Teilesatz, Automatikgetriebe-?lwechsel;4921;117088;12;0,027;3;0;5;9;0;10;3;0;3;0
Teilesatz, Automatikgetriebe-?lwechsel;4921;19737;11;0,0247;5;0;6;4;0;4;2;1;1;1
Teilesatz, Automatikgetriebe-?lwechsel;4921;127386;3;0,0067;0;0;0;4;0;6;2;0;0;0
Teilesatz, Automatikgetriebe-?lwechsel;4921;18594;90;0,2023;3;0;11;3;0;8;3;2;0;2
Teilesatz, Automatikgetriebe-?lwechsel;4921;117555;1;0,0022;0;0;0;2;0;3;2;0;0;0
Teilesatz, Automatikgetriebe-?lwechsel;4921;28276;6;0,0135;2;0;4;5;0;6;2;1;1;0
Teilesatz, Automatikgetriebe-?lwechsel;4921;141869;1;0,0022;5;0;0;7;0;8;0;0;0;0
Teilesatz, Automatikgetriebe-?lwechsel;4921;124818;13;0,0292;2;1;2;3;0;3;2;1;1;0
Teilesatz, Automatikgetriebe-?lwechsel;4921;130548;2;0,0045;0;0;0;3;0;0;0;0;0;0
Teilesatz, Automatikgetriebe-?lwechsel;4921;14775;1;0,0022;3;0;0;3;0;3;2;0;1;0
Teilesatz, Automatikgetriebe-?lwechsel;4921;30868;2;0,0045;4;1;5;6;0;6;2;1;2;1
Teilesatz, Automatikgetriebe-?lwechsel;4921;8204;19;0,0427;3;0;1;2;0;3;2;1;1;1
Teilesatz, Automatikgetriebe-?lwechsel;4921;101049;25;0,0562;3;0;2;2;0;3;3;1;1;1
Teilesatz, Automatikgetriebe-?lwechsel;4921;136134;13;0,0292;6;0;3;8;0;9;2;2;1;1
Teilesatz, Automatikgetriebe-?lwechsel;4921;143268;1;0,0022;2;0;2;7;0;3;0;0;0;0
Teilesatz, Automatikgetriebe-?lwechsel;4921;112412;1;0,0022;0;0;2;2;0;3;0;0;0;0
Teilesatz, Automatikgetriebe-?lwechsel;4921;9500;2;0,0045;5;0;6;4;0;4;2;1;1;1
Teilesatz, Automatikgetriebe-?lwechsel;4921;133248;2;0,0045;3;0;2;2;0;3;3;1;1;1
Teilesatz, Automatikgetriebe-?lwechsel;4921;120613;3;0,0067;4;0;3;5;0;6;2;1;0;0
Teilesatz, Automatikgetriebe-?lwechsel;4921;127856;8;0,018;3;0;2;2;0;3;3;1;1;1
Teilesatz, Automatikgetriebe-?lwechsel;4921;55985;2;0,0045;3;0;7;8;0;6;3;0;3;0
Teilesatz, Automatikgetriebe-?lwechsel;4921;14940;2;0,0045;0;0;2;0;0;3;0;0;0;0
Teilesatz, Automatikgetriebe-?lwechsel;4921;815;9;0,0202;3;0;0;6;0;6;0;0;0;0
Teilesatz, Automatikgetriebe-?lwechsel;4921;16698;2;0,0045;0;1;3;3;0;3;2;0;1;0
Teilesatz, Automatikgetriebe-?lwechsel;4921;109294;11;0,0247;6;1;6;6;0;7;3;2;1;2
Teilesatz, Automatikgetriebe-?lwechsel;4921;3815;3;0,0067;0;0;0;4;0;6;2;0;0;0
Teilesatz, Automatikgetriebe-?lwechsel;4921;17189;3;0,0067;5;0;9;7;0;4;2;1;1;1
Teilesatz, Automatikgetriebe-?lwechsel;4921;16463;1;0,0022;3;0;0;2;0;4;0;0;0;0
Teilesatz, Automatikgetriebe-?lwechsel;4921;32073;1;0,0022;0;0;0;0;0;0;0;0;0;0
Teilesatz, Automatikgetriebe-?lwechsel;4921;109274;13;0,0292;4;0;2;4;0;6;0;0;0;0
Teilesatz, Automatikgetriebe-?lwechsel;4921;19821;2;0,0045;6;0;7;5;0;6;3;0;0;0
Teilesatz, Automatikgetriebe-?lwechsel;4921;108637;4;0,009;1;0;6;8;0;9;2;1;1;1
Teilesatz, Automatikgetriebe-?lwechsel;4921;120244;3;0,0067;3;0;2;2;0;3;3;1;1;1
Teilesatz, Automatikgetriebe-?lwechsel;4921;145285;2;0,0045;0;0;2;7;0;3;2;1;0;0
Teilesatz, Automatikgetriebe-?lwechsel;4921;15535;3;0,0067;3;0;2;3;0;6;2;1;1;1
Teilesatz, Automatikgetriebe-?lwechsel;4921;6981;1;0,0022;3;0;1;4;0;6;2;1;1;1
Teilesatz, Automatikgetriebe-?lwechsel;4921;16976;2;0,0045;5;0;9;7;0;4;2;1;1;1
Teilesatz, Automatikgetriebe-?lwechsel;4921;19469;3;0,0067;3;0;7;9;0;6;2;1;2;1
Teilesatz, Automatikgetriebe-?lwechsel;4921;112982;1;0,0022;0;0;2;0;0;0;2;0;1;0
Teilesatz, Automatikgetriebe-?lwechsel;4921;118116;1;0,0022;9;1;2;3;0;3;2;3;1;2
Teilesatz, Automatikgetriebe-?lwechsel;4921;13042;2;0,0045;3;0;0;2;0;6;4;1;0;1
Teilesatz, Automatikgetriebe-?lwechsel;4921;32789;18;0,0405;3;0;5;2;0;3;0;1;1;1
Teilesatz, Automatikgetriebe-?lwechsel;4921;10207;1;0,0022;0;0;0;2;0;3;0;0;0;0
Teilesatz, Automatikgetriebe-?lwechsel;4921;111075;2;0,0045;0;0;0;2;0;4;0;0;0;0
Teilesatz, Automatikgetriebe-?lwechsel;4921;132447;3;0,0067;3;0;0;1;0;1;2;0;0;0
Teilesatz, Automatikgetriebe-?lwechsel;4921;142492;2;0,0045;0;0;0;5;0;7;0;1;0;0
Teilesatz, Automatikgetriebe-?lwechsel;4921;129511;1;0,0022;0;0;0;0;0;0;2;0;0;0
Teilesatz, Automatikgetriebe-?lwechsel;4921;135697;2;0,0045;3;0;1;4;0;4;2;1;0;0
Teilesatz, Automatikgetriebe-?lwechsel;4921;33008;4;0,009;3;1;2;2;0;3;3;1;1;1
Teilesatz, Automatikgetriebe-?lwechsel;4921;147481;1;0,0022;0;0;0;3;0;3;0;1;0;0
Teilesatz, Automatikgetriebe-?lwechsel;4921;18718;4;0,009;3;0;13;7;0;8;0;2;0;2
Teilesatz, Automatikgetriebe-?lwechsel;4921;33791;3;0,0067;0;0;2;2;0;3;0;0;0;0
Teilesatz, Automatikgetriebe-?lwechsel;4921;22701;5;0,0112;7;0;17;6;0;8;3;2;0;2
Teilesatz, Automatikgetriebe-?lwechsel;4921;128649;3;0,0067;2;0;0;3;0;3;2;1;1;0
Teilesatz, Automatikgetriebe-?lwechsel;4921;16129;10;0,0225;12;0;17;3;0;4;5;3;1;3
Teilesatz, Automatikgetriebe-?lwechsel;4921;23404;15;0,0337;5;0;9;7;0;4;2;1;1;1
Teilesatz, Automatikgetriebe-?lwechsel;4921;120252;1;0,0022;3;0;2;2;0;3;3;1;1;1
Teilesatz, Automatikgetriebe-?lwechsel;4921;33339;31;0,0697;3;0;1;2;0;3;2;1;1;1
Teilesatz, Automatikgetriebe-?lwechsel;4921;128193;24;0,0539;3;0;5;5;0;6;2;1;1;1
Teilesatz, Automatikgetriebe-?lwechsel;4921;31577;35;0,0787;14;0;17;13;0;11;7;4;2;3
Teilesatz, Automatikgetriebe-?lwechsel;4921;17618;1;0,0022;3;0;0;2;0;4;0;0;0;0
Teilesatz, Automatikgetriebe-?lwechsel;4921;139338;1;0,0022;0;0;0;2;0;3;0;0;0;0
Teilesatz, Automatikgetriebe-?lwechsel;4921;106385;1;0,0022;2;0;2;6;0;4;0;0;1;0
Teilesatz, Automatikgetriebe-?lwechsel;4921;117064;1;0,0022;3;0;2;7;0;5;0;0;1;0
Teilesatz, Automatikgetriebe-?lwechsel;4921;35666;1;0,0022;6;0;2;6;0;4;0;0;1;0
Teilesatz, Automatikgetriebe-?lwechsel;4921;18882;2;0,0045;5;0;9;3;0;4;2;1;1;1
Teilesatz, Automatikgetriebe-?lwechsel;4921;13111;1;0,0022;5;0;6;4;0;4;2;1;1;1
Teilesatz, Automatikgetriebe-?lwechsel;4921;18520;1;0,0022;6;0;5;2;0;6;2;3;1;1
Teilesatz, Automatikgetriebe-?lwechsel;4921;32947;5;0,0112;14;0;16;13;0;15;7;4;2;3
Teilesatz, Automatikgetriebe-?lwechsel;4921;18325;1;0,0022;3;1;2;3;0;6;4;1;1;1
Teilesatz, Automatikgetriebe-?lwechsel;4921;59438;50;0,1124;3;0;2;3;0;3;2;1;0;0
Teilesatz, Automatikgetriebe-?lwechsel;4921;19467;1;0,0022;6;0;7;9;0;6;4;2;2;1
Teilesatz, Automatikgetriebe-?lwechsel;4921;115110;6;0,0135;0;0;1;2;0;3;2;1;1;1
Teilesatz, Automatikgetriebe-?lwechsel;4921;145598;5;0,0112;3;0;0;6;0;8;2;1;0;0
Teilesatz, Automatikgetriebe-?lwechsel;4921;29928;8;0,018;4;0;2;4;0;6;0;0;0;0
Teilesatz, Automatikgetriebe-?lwechsel;4921;32606;4;0,009;2;0;2;4;0;2;0;1;2;1
Teilesatz, Automatikgetriebe-?lwechsel;4921;30002;3;0,0067;2;0;4;5;0;6;2;1;1;0
Teilesatz, Automatikgetriebe-?lwechsel;4921;137972;1;0,0022;3;0;0;0;0;3;0;0;0;0
Teilesatz, Automatikgetriebe-?lwechsel;4921;26883;7;0,0157;4;0;2;4;0;6;0;0;0;0
Teilesatz, Automatikgetriebe-?lwechsel;4921;59780;2;0,0045;3;0;2;2;0;3;2;1;1;1
Teilesatz, Automatikgetriebe-?lwechsel;4921;122823;1;0,0022;2;1;2;6;0;6;2;2;1;0
Teilesatz, Automatikgetriebe-?lwechsel;4921;59809;1;0,0022;3;0;2;2;0;3;3;1;1;1
Teilesatz, Automatikgetriebe-?lwechsel;4921;27562;4;0,009;3;0;5;2;0;3;3;2;1;1
Teilesatz, Automatikgetriebe-?lwechsel;4921;131315;6;0,0135;2;0;2;3;0;3;2;1;1;0
Teilesatz, Automatikgetriebe-?lwechsel;4921;15270;2;0,0045;6;0;0;8;0;12;2;2;0;2
Teilesatz, Automatikgetriebe-?lwechsel;4921;56028;1;0,0022;3;0;2;2;0;3;3;0;1;0
Teilesatz, Automatikgetriebe-?lwechsel;4921;357;2;0,0045;1;0;5;2;0;3;0;1;1;1
Teilesatz, Automatikgetriebe-?lwechsel;4921;15108;1;0,0022;5;0;4;7;0;4;2;1;1;1
Teilesatz, Automatikgetriebe-?lwechsel;4921;46024;2;0,0045;3;0;2;2;0;3;3;1;1;1
Teilesatz, Automatikgetriebe-?lwechsel;4921;22522;2;0,0045;3;0;1;4;0;6;2;1;1;1
Teilesatz, Automatikgetriebe-?lwechsel;4921;143837;2;0,0045;0;0;0;0;0;14;2;1;0;0
Teilesatz, Automatikgetriebe-?lwechsel;4921;125336;2;0,0045;3;0;2;2;0;3;3;1;1;1
Teilesatz, Automatikgetriebe-?lwechsel;4921;59017;3;0,0067;4;1;0;0;0;3;3;1;0;1
Teilesatz, Automatikgetriebe-?lwechsel;4921;137946;1;0,0022;3;0;0;0;0;3;0;0;0;0
Teilesatz, Automatikgetriebe-?lwechsel;4921;23399;14;0,0315;12;0;17;10;0;8;2;3;1;3
Teilesatz, Automatikgetriebe-?lwechsel;4921;106453;88;0,1978;9;1;6;6;0;7;5;3;1;2
Teilesatz, Automatikgetriebe-?lwechsel;4921;8382;1;0,0022;5;0;6;4;0;10;2;1;1;1
Teilesatz, Automatikgetriebe-?lwechsel;4921;9037;8;0,018;5;0;6;4;0;4;2;1;1;1
Teilesatz, Automatikgetriebe-?lwechsel;4921;145009;1;0,0022;3;0;0;10;0;6;2;1;0;0
Teilesatz, Automatikgetriebe-?lwechsel;4921;142485;1;0,0022;0;0;2;0;0;3;2;0;0;0
Teilesatz, Automatikgetriebe-?lwechsel;4921;133935;3;0,0067;2;0;2;6;0;6;2;2;1;0
Teilesatz, Automatikgetriebe-?lwechsel;4921;25466;3;0,0067;3;0;2;3;0;3;2;1;1;1
Teilesatz, Automatikgetriebe-?lwechsel;4921;15417;2;0,0045;6;0;2;3;0;3;2;1;1;1
Teilesatz, Automatikgetriebe-?lwechsel;4921;16959;2;0,0045;5;0;11;7;0;4;2;1;1;1
Teilesatz, Automatikgetriebe-?lwechsel;4921;24478;7;0,0157;3;0;1;3;0;3;2;1;1;1
Teilesatz, Automatikgetriebe-?lwechsel;4921;31044;5;0,0112;7;0;17;10;0;12;3;2;0;2
Teilesatz, Automatikgetriebe-?lwechsel;4921;30902;6;0,0135;0;0;0;3;0;3;0;0;0;0
Teilesatz, Automatikgetriebe-?lwechsel;4921;18716;1;0,0022;3;0;13;7;0;8;0;2;0;2
Teilesatz, Automatikgetriebe-?lwechsel;4921;120901;3;0,0067;5;0;5;9;0;10;3;0;3;0
Teilesatz, Automatikgetriebe-?lwechsel;4921;56784;1;0,0022;4;0;4;9;0;8;0;0;1;0
Teilesatz, Automatikgetriebe-?lwechsel;4921;15333;2;0,0045;0;0;0;0;0;3;0;0;0;0
Teilesatz, Automatikgetriebe-?lwechsel;4921;12690;2;0,0045;3;1;2;2;0;3;3;1;1;1
Teilesatz, Automatikgetriebe-?lwechsel;4921;28227;6;0,0135;4;0;2;4;0;6;0;0;0;0
Teilesatz, Automatikgetriebe-?lwechsel;4921;117089;116;0,2608;3;0;3;7;0;7;0;0;2;0
Teilesatz, Automatikgetriebe-?lwechsel;4921;10039;2;0,0045;3;0;0;8;0;9;0;2;0;2
Teilesatz, Automatikgetriebe-?lwechsel;4921;4630;2;0,0045;1;0;0;3;0;6;0;0;0;0
Teilesatz, Automatikgetriebe-?lwechsel;4921;16184;1;0,0022;4;0;2;2;0;6;0;0;0;0
Teilesatz, Automatikgetriebe-?lwechsel;4921;10334;7;0,0157;12;0;8;6;0;8;3;2;0;2
Teilesatz, Automatikgetriebe-?lwechsel;4921;5278;6;0,0135;0;0;2;0;0;3;0;0;0;0
Teilesatz, Automatikgetriebe-?lwechsel;4921;100816;27;0,0607;3;0;2;3;0;3;2;1;0;0
Teilesatz, Automatikgetriebe-?lwechsel;4921;19835;4;0,009;7;1;5;6;0;6;2;1;2;1
Teilesatz, Automatikgetriebe-?lwechsel;4921;133658;35;0,0787;3;0;3;7;0;7;0;0;2;0
Teilesatz, Automatikgetriebe-?lwechsel;4921;108635;2;0,0045;1;0;6;12;0;10;2;1;2;1
Teilesatz, Automatikgetriebe-?lwechsel;4921;18665;4;0,009;3;0;2;5;0;6;2;3;1;1
Teilesatz, Automatikgetriebe-?lwechsel;4921;5052;6;0,0135;4;0;0;8;0;9;2;1;0;1
Teilesatz, Automatikgetriebe-?lwechsel;4921;115000;13;0,0292;3;0;1;3;0;3;0;1;0;0
Teilesatz, Automatikgetriebe-?lwechsel;4921;22518;1;0,0022;3;0;1;4;0;6;2;1;1;1
Teilesatz, Automatikgetriebe-?lwechsel;4921;112232;1;0,0022;7;1;0;0;0;3;3;2;0;2
Teilesatz, Automatikgetriebe-?lwechsel;4921;106389;2;0,0045;4;0;2;6;0;5;0;0;1;0
Teilesatz, Automatikgetriebe-?lwechsel;4921;55152;1;0,0022;0;0;2;0;0;0;2;0;1;0
Teilesatz, Automatikgetriebe-?lwechsel;4921;16047;2;0,0045;3;0;4;2;0;6;2;1;0;1
Teilesatz, Automatikgetriebe-?lwechsel;4921;138989;10;0,0225;6;0;0;0;0;12;0;3;0;2
Teilesatz, Automatikgetriebe-?lwechsel;4921;19919;7;0,0157;6;1;2;6;0;6;2;1;1;1
Teilesatz, Automatikgetriebe-?lwechsel;4921;3692;1;0,0022;2;0;0;4;0;4;0;1;1;1
Teilesatz, Automatikgetriebe-?lwechsel;4921;8963;7;0,0157;3;0;0;3;0;3;0;1;0;1
Teilesatz, Automatikgetriebe-?lwechsel;4921;53235;1;0,0022;3;0;2;2;0;3;2;1;1;1
Teilesatz, Automatikgetriebe-?lwechsel;4921;132805;3;0,0067;0;0;0;2;0;3;0;0;0;0
Teilesatz, Automatikgetriebe-?lwechsel;4921;133296;1;0,0022;3;0;2;2;0;3;3;1;1;1
Teilesatz, Automatikgetriebe-?lwechsel;4921;31026;2;0,0045;3;1;5;6;0;6;4;0;2;0
Teilesatz, Automatikgetriebe-?lwechsel;4921;140380;1;0,0022;0;0;0;0;0;0;0;0;0;0
Teilesatz, Automatikgetriebe-?lwechsel;4921;7960;30;0,0674;3;0;8;10;0;9;2;1;3;1
Teilesatz, Automatikgetriebe-?lwechsel;4921;123112;6;0,0135;6;0;5;9;0;10;0;0;3;0
Teilesatz, Automatikgetriebe-?lwechsel;4921;111766;3;0,0067;0;0;0;0;0;0;0;1;1;1
Teilesatz, Automatikgetriebe-?lwechsel;4921;32799;9;0,0202;12;0;13;10;0;8;5;3;1;3
Teilesatz, Automatikgetriebe-?lwechsel;4921;10274;2;0,0045;0;0;2;4;0;6;0;0;0;0
Teilesatz, Automatikgetriebe-?lwechsel;4921;128857;1;0,0022;0;0;0;2;0;3;0;0;0;0
Teilesatz, Automatikgetriebe-?lwechsel;4921;11965;1;0,0022;0;0;0;0;0;0;0;0;0;0
Teilesatz, Automatikgetriebe-?lwechsel;4921;16697;4;0,009;6;1;3;3;0;3;2;0;1;0
Teilesatz, Automatikgetriebe-?lwechsel;4921;12470;2;0,0045;3;1;2;2;0;6;3;1;1;1
Teilesatz, Automatikgetriebe-?lwechsel;4921;122810;20;0,045;2;1;2;3;0;3;2;1;1;0
Teilesatz, Automatikgetriebe-?lwechsel;4921;106297;9;0,0202;9;1;6;6;0;7;5;3;1;2
Teilesatz, Automatikgetriebe-?lwechsel;4921;6381;15;0,0337;1;0;0;4;0;3;0;0;0;0
Teilesatz, Automatikgetriebe-?lwechsel;4921;6921;9;0,0202;3;0;1;2;0;3;2;1;1;1
Teilesatz, Automatikgetriebe-?lwechsel;4921;53234;3;0,0067;3;0;2;2;0;3;2;0;1;0
Teilesatz, Automatikgetriebe-?lwechsel;4921;137009;1;0,0022;2;0;1;6;0;6;2;2;1;0
Teilesatz, Automatikgetriebe-?lwechsel;4921;362;1;0,0022;3;0;0;0;0;6;0;0;0;0
Teilesatz, Automatikgetriebe-?lwechsel;4921;107969;3;0,0067;0;0;1;2;0;3;0;0;1;0
Teilesatz, Automatikgetriebe-?lwechsel;4921;11837;2;0,0045;3;1;2;2;0;3;3;1;1;1
Teilesatz, Automatikgetriebe-?lwechsel;4921;33382;2;0,0045;3;0;1;2;0;3;2;1;1;1
Teilesatz, Automatikgetriebe-?lwechsel;4921;16007;1;0,0022;3;0;2;5;0;3;2;1;1;1
Teilesatz, Automatikgetriebe-?lwechsel;4921;13163;52;0,1169;5;0;6;4;0;4;2;1;1;1
Teilesatz, Automatikgetriebe-?lwechsel;4921;33246;3;0,0067;3;0;2;4;0;2;0;0;1;0
Teilesatz, Automatikgetriebe-?lwechsel;4921;16450;1;0,0022;2;0;0;3;0;3;0;0;0;0
Teilesatz, Automatikgetriebe-?lwechsel;4921;18914;2;0,0045;6;1;3;3;0;3;2;0;1;0
Teilesatz, Automatikgetriebe-?lwechsel;4921;123060;1;0,0022;3;0;0;0;0;0;0;0;0;0
Teilesatz, Automatikgetriebe-?lwechsel;4921;7659;4;0,009;5;0;3;4;0;4;2;1;1;1
Teilesatz, Automatikgetriebe-?lwechsel;4921;105641;1;0,0022;4;0;2;4;0;9;0;0;0;0
Teilesatz, Automatikgetriebe-?lwechsel;4921;107046;1;0,0022;0;0;0;2;0;3;0;0;0;0
Teilesatz, Automatikgetriebe-?lwechsel;4921;145861;68;0,1529;0;0;0;3;0;3;2;1;1;1
Teilesatz, Automatikgetriebe-?lwechsel;4921;134289;13;0,0292;4;0;4;5;0;6;0;1;0;0
Teilesatz, Automatikgetriebe-?lwechsel;4921;18883;3;0,0067;3;0;13;7;0;4;3;2;0;2
Teilesatz, Automatikgetriebe-?lwechsel;4921;11607;1;0,0022;3;0;4;0;0;6;0;1;0;1
Teilesatz, Automatikgetriebe-?lwechsel;4921;32888;26;0,0584;12;0;17;7;0;8;5;3;1;3
Teilesatz, Automatikgetriebe-?lwechsel;4921;133657;7;0,0157;6;0;5;7;0;7;0;0;2;0
Teilesatz, Automatikgetriebe-?lwechsel;4921;33135;7;0,0157;0;0;0;3;0;3;0;0;0;0
Teilesatz, Automatikgetriebe-?lwechsel;4921;100800;15;0,0337;3;0;2;4;0;2;0;0;1;0
Teilesatz, Automatikgetriebe-?lwechsel;4921;32785;1;0,0022;1;0;4;6;0;3;0;0;1;0
Teilesatz, Automatikgetriebe-?lwechsel;4921;16992;4;0,009;5;0;9;7;0;4;2;1;1;1
Teilesatz, Automatikgetriebe-?lwechsel;4921;8545;1;0,0022;7;0;9;3;0;8;3;2;0;2
Teilesatz, Automatikgetriebe-?lwechsel;4921;135324;5;0,0112;3;0;1;4;0;10;2;1;0;0
Teilesatz, Automatikgetriebe-?lwechsel;4921;3980;1;0,0022;3;1;2;3;0;3;2;1;1;1
Teilesatz, Automatikgetriebe-?lwechsel;4921;56773;3;0,0067;0;0;2;2;0;3;2;0;0;0
Teilesatz, Automatikgetriebe-?lwechsel;4921;136013;7;0,0157;6;1;2;3;0;6;2;3;1;2
Teilesatz, Automatikgetriebe-?lwechsel;4921;115122;2;0,0045;3;0;2;2;0;3;2;1;1;1
Teilesatz, Automatikgetriebe-?lwechsel;4921;145607;2;0,0045;3;0;2;4;0;2;0;0;1;0
Teilesatz, Automatikgetriebe-?lwechsel;4921;16744;3;0,0067;2;0;0;3;0;3;0;0;0;0
Teilesatz, Automatikgetriebe-?lwechsel;4921;33330;1;0,0022;1;0;0;4;0;1;0;0;1;0
Teilesatz, Automatikgetriebe-?lwechsel;4921;11325;6;0,0135;0;0;0;2;0;3;0;0;0;0
Teilesatz, Automatikgetriebe-?lwechsel;4921;11838;12;0,027;3;1;2;2;0;3;3;1;1;1
Teilesatz, Automatikgetriebe-?lwechsel;4921;10331;6;0,0135;7;0;8;6;0;7;3;2;0;2
Teilesatz, Automatikgetriebe-?lwechsel;4921;115239;14;0,0315;3;0;5;5;0;6;4;2;1;1
Teilesatz, Automatikgetriebe-?lwechsel;4921;116938;15;0,0337;9;1;6;6;0;3;5;3;1;2
Teilesatz, Automatikgetriebe-?lwechsel;4921;132191;1;0,0022;0;0;0;2;0;3;0;0;0;0
Teilesatz, Automatikgetriebe-?lwechsel;4921;119786;1;0,0022;0;0;0;0;0;2;1;0;0;0
Teilesatz, Automatikgetriebe-?lwechsel;4921;107545;4;0,009;3;0;0;0;0;3;2;0;0;0
Teilesatz, Automatikgetriebe-?lwechsel;4921;17227;2;0,0045;6;1;3;3;0;3;2;0;1;0
Teilesatz, Automatikgetriebe-?lwechsel;4921;115194;2;0,0045;6;0;7;5;0;6;4;1;1;0
Teilesatz, Automatikgetriebe-?lwechsel;4921;127985;7;0,0157;3;0;2;2;0;3;2;1;1;1
Teilesatz, Automatikgetriebe-?lwechsel;4921;108157;6;0,0135;2;0;0;4;0;1;0;0;1;0
Teilesatz, Automatikgetriebe-?lwechsel;4921;106545;2;0,0045;5;0;5;6;0;3;0;1;2;1
Teilesatz, Automatikgetriebe-?lwechsel;4921;143279;29;0,0652;6;0;1;3;0;6;2;0;1;0
Teilesatz, Automatikgetriebe-?lwechsel;4921;13824;8;0,018;9;1;8;9;0;7;3;3;1;2
Teilesatz, Automatikgetriebe-?lwechsel;4921;9600;3;0,0067;8;0;13;7;0;4;2;3;1;3
Teilesatz, Automatikgetriebe-?lwechsel;4921;120609;11;0,0247;4;0;4;5;0;6;2;1;0;0
Teilesatz, Automatikgetriebe-?lwechsel;4921;107474;19;0,0427;7;1;4;3;0;4;3;1;0;1
Teilesatz, Automatikgetriebe-?lwechsel;4921;10503;2;0,0045;6;0;0;6;0;9;2;2;0;2
Teilesatz, Automatikgetriebe-?lwechsel;4921;58981;2;0,0045;0;0;0;4;0;3;1;0;0;0
Teilesatz, Automatikgetriebe-?lwechsel;4921;59045;3;0,0067;7;0;4;3;0;4;3;2;0;2
Teilesatz, Automatikgetriebe-?lwechsel;4921;22667;1;0,0022;4;1;5;6;0;6;2;1;2;1
Teilesatz, Automatikgetriebe-?lwechsel;4921;19850;7;0,0157;4;0;2;6;0;12;2;2;2;2
Teilesatz, Automatikgetriebe-?lwechsel;4921;137741;1;0,0022;0;0;0;2;0;3;0;0;0;0
Teilesatz, Automatikgetriebe-?lwechsel;4921;18289;2;0,0045;3;0;2;0;0;6;2;1;1;1
Teilesatz, Automatikgetriebe-?lwechsel;4921;23430;2;0,0045;3;1;2;3;0;3;2;1;1;1
Teilesatz, Automatikgetriebe-?lwechsel;4921;131401;1;0,0022;9;0;2;3;0;3;5;3;1;2
Teilesatz, Automatikgetriebe-?lwechsel;4921;28284;3;0,0067;6;0;6;4;0;6;4;3;1;1
Teilesatz, Automatikgetriebe-?lwechsel;4921;19487;2;0,0045;1;0;2;2;0;9;0;1;0;1
Teilesatz, Automatikgetriebe-?lwechsel;4921;120285;4;0,009;2;1;2;6;0;6;2;2;1;0
Teilesatz, Automatikgetriebe-?lwechsel;4921;34975;1;0,0022;3;0;5;2;0;3;2;1;1;1
Teilesatz, Automatikgetriebe-?lwechsel;4921;115136;1;0,0022;0;0;2;2;0;3;2;1;1;1
Teilesatz, Automatikgetriebe-?lwechsel;4921;120206;1;0,0022;6;0;2;4;0;0;0;1;2;1
Teilesatz, Automatikgetriebe-?lwechsel;4921;17766;6;0,0135;7;0;7;7;0;9;2;3;1;1
Teilesatz, Automatikgetriebe-?lwechsel;4921;107352;4;0,009;0;0;4;8;0;9;0;1;3;1
Teilesatz, Automatikgetriebe-?lwechsel;4921;31016;3;0,0067;3;1;2;3;0;3;2;1;1;1
Teilesatz, Automatikgetriebe-?lwechsel;4921;108441;6;0,0135;3;0;5;11;0;12;2;1;2;0
Teilesatz, Automatikgetriebe-?lwechsel;4921;142419;8;0,018;0;0;0;0;0;3;2;1;0;0
Teilesatz, Automatikgetriebe-?lwechsel;4921;133373;1;0,0022;0;0;0;2;0;0;0;1;1;1
Teilesatz, Automatikgetriebe-?lwechsel;4921;136839;1;0,0022;0;0;0;4;0;6;0;1;0;0
Teilesatz, Automatikgetriebe-?lwechsel;4921;108605;4;0,009;3;0;2;6;0;6;3;1;0;0
Teilesatz, Automatikgetriebe-?lwechsel;4921;117721;4;0,009;0;0;0;2;0;3;0;0;0;0
Teilesatz, Automatikgetriebe-?lwechsel;4921;106274;44;0,0989;3;0;2;2;0;3;3;1;1;1
Teilesatz, Automatikgetriebe-?lwechsel;4921;18042;3;0,0067;0;0;0;3;0;3;0;0;0;0
Teilesatz, Automatikgetriebe-?lwechsel;4921;131845;1;0,0022;3;0;2;2;0;3;2;0;1;0
Teilesatz, Automatikgetriebe-?lwechsel;4921;128192;52;0,1169;3;0;5;5;0;9;2;1;1;1
Teilesatz, Automatikgetriebe-?lwechsel;4921;111107;9;0,0202;0;0;1;2;0;3;0;1;1;1
Teilesatz, Automatikgetriebe-?lwechsel;4921;25438;1;0,0022;7;0;11;6;0;8;3;2;0;2
Teilesatz, Automatikgetriebe-?lwechsel;4921;145089;3;0,0067;3;0;2;6;0;6;4;0;1;0
Teilesatz, Automatikgetriebe-?lwechsel;4921;142156;1;0,0022;0;0;0;1;0;1;0;0;0;0
Teilesatz, Automatikgetriebe-?lwechsel;4921;19458;1;0,0022;1;0;6;5;0;6;2;2;1;1
Teilesatz, Automatikgetriebe-?lwechsel;4921;118516;17;0,0382;2;1;2;3;0;3;2;1;1;0
Teilesatz, Automatikgetriebe-?lwechsel;4921;58949;9;0,0202;3;0;2;2;0;3;2;0;1;0
Teilesatz, Automatikgetriebe-?lwechsel;4921;16462;5;0,0112;3;0;0;2;0;4;0;0;0;0
Teilesatz, Automatikgetriebe-?lwechsel;4921;17165;18;0,0405;5;0;7;7;0;4;2;1;1;1
Teilesatz, Automatikgetriebe-?lwechsel;4921;136645;2;0,0045;3;0;2;2;0;3;3;1;1;1
Teilesatz, Automatikgetriebe-?lwechsel;4921;33340;32;0,0719;3;0;1;2;0;3;2;1;1;1
Teilesatz, Automatikgetriebe-?lwechsel;4921;18689;6;0,0135;0;0;2;2;0;3;0;0;0;0
Teilesatz, Automatikgetriebe-?lwechsel;4921;131937;3;0,0067;3;0;0;2;0;3;0;0;0;0
Teilesatz, Automatikgetriebe-?lwechsel;4921;22556;3;0,0067;3;0;7;5;0;6;2;1;1;1
Teilesatz, Automatikgetriebe-?lwechsel;4921;139309;2;0,0045;0;0;0;3;0;3;0;0;0;0
Teilesatz, Automatikgetriebe-?lwechsel;4921;141064;2;0,0045;0;0;0;0;0;3;2;0;0;0
Teilesatz, Automatikgetriebe-?lwechsel;4921;31011;25;0,0562;3;0;2;3;0;3;2;1;1;1
Teilesatz, Automatikgetriebe-?lwechsel;4921;134237;24;0,0539;0;0;0;4;0;6;0;1;0;0
Teilesatz, Automatikgetriebe-?lwechsel;4921;133656;1;0,0022;3;0;1;7;0;7;0;0;2;0
Teilesatz, Automatikgetriebe-?lwechsel;4921;24455;2;0,0045;3;0;1;4;0;6;2;1;1;1
Teilesatz, Automatikgetriebe-?lwechsel;4921;11033;1;0,0022;0;0;0;3;0;3;0;0;0;0
Teilesatz, Automatikgetriebe-?lwechsel;4921;118554;1;0,0022;0;0;2;3;0;3;2;1;1;1
Teilesatz, Automatikgetriebe-?lwechsel;4921;141267;18;0,0405;6;0;0;3;0;12;2;0;0;0
Teilesatz, Automatikgetriebe-?lwechsel;4921;114875;1;0,0022;3;0;7;5;0;6;2;1;1;1
Teilesatz, Automatikgetriebe-?lwechsel;4921;118000;5;0,0112;1;0;4;8;0;9;4;2;1;1
Teilesatz, Automatikgetriebe-?lwechsel;4921;13729;2;0,0045;4;0;2;4;0;6;0;0;0;0
Teilesatz, Automatikgetriebe-?lwechsel;4921;11885;9;0,0202;3;1;2;2;0;3;3;1;1;1
Teilesatz, Automatikgetriebe-?lwechsel;4921;120245;10;0,0225;3;0;2;2;0;3;3;1;1;1
Teilesatz, Automatikgetriebe-?lwechsel;4921;108431;4;0,009;5;0;6;8;0;9;0;0;1;0
Teilesatz, Automatikgetriebe-?lwechsel;4921;131651;16;0,036;0;0;0;2;0;3;0;0;0;0
Teilesatz, Automatikgetriebe-?lwechsel;4921;106613;5;0,0112;5;0;0;4;0;2;0;0;0;0
Teilesatz, Automatikgetriebe-?lwechsel;4921;35422;1;0,0022;0;0;0;0;0;0;0;0;0;0
Teilesatz, Automatikgetriebe-?lwechsel;4921;23445;1;0,0022;3;0;0;3;0;3;0;0;0;0
Teilesatz, Automatikgetriebe-?lwechsel;4921;13189;4;0,009;5;0;6;4;0;10;5;1;1;1
Teilesatz, Automatikgetriebe-?lwechsel;4921;58673;2;0,0045;4;0;0;0;0;3;0;1;0;1
Teilesatz, Automatikgetriebe-?lwechsel;4921;117581;9;0,0202;0;0;0;3;0;4;0;0;0;0
Teilesatz, Automatikgetriebe-?lwechsel;4921;100762;2;0,0045;9;1;2;3;0;3;5;3;1;2
Teilesatz, Automatikgetriebe-?lwechsel;4921;140452;37;0,0832;3;0;0;0;0;0;2;1;0;0
Teilesatz, Automatikgetriebe-?lwechsel;4921;100775;1;0,0022;1;0;3;9;0;6;2;1;2;1
Teilesatz, Automatikgetriebe-?lwechsel;4921;135318;13;0,0292;0;0;2;0;0;0;2;1;0;0
Teilesatz, Automatikgetriebe-?lwechsel;4921;135695;1;0,0022;3;0;1;4;0;4;0;1;0;0
Teilesatz, Automatikgetriebe-?lwechsel;4921;116130;19;0,0427;6;0;8;2;0;3;0;1;1;1
Teilesatz, Automatikgetriebe-?lwechsel;4921;141976;1;0,0022;0;0;0;1;0;1;0;0;0;0
Teilesatz, Automatikgetriebe-?lwechsel;4921;17546;1;0,0022;1;0;2;2;0;6;0;0;0;0
Teilesatz, Automatikgetriebe-?lwechsel;4921;55098;6;0,0135;3;0;1;2;0;3;2;1;1;1
Teilesatz, Automatikgetriebe-?lwechsel;4921;8958;1;0,0022;3;0;2;0;0;9;0;1;0;1
Teilesatz, Automatikgetriebe-?lwechsel;4921;107350;10;0,0225;3;0;4;8;0;7;0;1;3;1
Teilesatz, Automatikgetriebe-?lwechsel;4921;137680;1;0,0022;0;0;0;1;0;1;0;0;0;0
Teilesatz, Automatikgetriebe-?lwechsel;4921;32160;4;0,009;3;0;5;2;0;3;2;1;1;1
Teilesatz, Automatikgetriebe-?lwechsel;4921;18424;7;0,0157;1;0;2;2;0;6;0;0;0;0
Teilesatz, Automatikgetriebe-?lwechsel;4921;15235;2;0,0045;1;0;5;2;0;3;0;1;1;1
Teilesatz, Automatikgetriebe-?lwechsel;4921;136290;165;0,3709;0;0;0;1;0;1;0;0;0;0
Teilesatz, Automatikgetriebe-?lwechsel;4921;18313;6;0,0135;0;0;0;3;0;3;0;0;0;0
Teilesatz, Automatikgetriebe-?lwechsel;4921;135173;1;0,0022;3;0;3;7;0;7;0;0;2;0
Teilesatz, Automatikgetriebe-?lwechsel;4921;59387;21;0,0472;1;0;2;2;0;3;0;1;1;1
Teilesatz, Automatikgetriebe-?lwechsel;4921;144061;2;0,0045;3;0;2;0;0;6;2;0;0;0
Teilesatz, Automatikgetriebe-?lwechsel;4921;792;2;0,0045;0;0;0;3;0;12;0;0;0;0
Teilesatz, Automatikgetriebe-?lwechsel;4921;16630;6;0,0135;8;0;13;7;0;4;2;3;1;3
Teilesatz, Automatikgetriebe-?lwechsel;4921;6051;9;0,0202;0;0;2;4;0;6;0;0;0;0
Teilesatz, Automatikgetriebe-?lwechsel;4921;59616;3;0,0067;6;0;2;6;0;4;0;0;1;0
Teilesatz, Automatikgetriebe-?lwechsel;4921;27541;6;0,0135;8;0;6;8;0;8;2;2;2;1
Teilesatz, Automatikgetriebe-?lwechsel;4921;32141;1;0,0022;1;0;0;0;0;3;0;0;0;0
Teilesatz, Automatikgetriebe-?lwechsel;4921;18479;6;0,0135;3;0;3;3;0;3;2;2;1;1
Teilesatz, Automatikgetriebe-?lwechsel;4921;18265;12;0,027;8;0;4;8;0;6;4;2;1;2
Teilesatz, Automatikgetriebe-?lwechsel;4921;16953;5;0,0112;4;1;5;6;0;6;2;1;2;1
Teilesatz, Automatikgetriebe-?lwechsel;4921;117771;2;0,0045;4;0;0;0;0;3;3;0;0;0
Teilesatz, Automatikgetriebe-?lwechsel;4921;122809;21;0,0472;2;1;2;3;0;3;2;1;1;0
Teilesatz, Automatikgetriebe-?lwechsel;4921;108515;2;0,0045;4;0;5;8;0;9;0;1;1;1
Teilesatz, Automatikgetriebe-?lwechsel;4921;56147;143;0,3214;6;0;5;5;0;6;4;1;1;1
Teilesatz, Automatikgetriebe-?lwechsel;4921;143539;4;0,009;5;0;3;5;0;6;2;1;1;0
Teilesatz, Automatikgetriebe-?lwechsel;4921;119896;2;0,0045;12;0;0;0;0;6;5;3;1;3
Teilesatz, Automatikgetriebe-?lwechsel;4921;18379;1;0,0022;9;0;1;7;0;9;2;1;1;1
Teilesatz, Automatikgetriebe-?lwechsel;4921;356;154;0,3462;3;0;4;2;0;3;0;1;1;1
Teilesatz, Automatikgetriebe-?lwechsel;4921;53262;1;0,0022;0;0;2;2;0;0;3;0;1;0
Teilesatz, Automatikgetriebe-?lwechsel;4921;112363;4;0,009;9;1;6;6;0;7;5;2;1;1
Teilesatz, Automatikgetriebe-?lwechsel;4921;16564;18;0,0405;5;0;8;7;0;4;2;1;1;1
Teilesatz, Automatikgetriebe-?lwechsel;4921;112230;5;0,0112;4;1;2;9;0;10;4;1;1;0
Teilesatz, Automatikgetriebe-?lwechsel;4921;6496;4;0,009;3;0;4;2;0;3;0;1;1;1
Teilesatz, Automatikgetriebe-?lwechsel;4921;19953;2;0,0045;3;1;2;3;0;3;2;1;1;1
Teilesatz, Automatikgetriebe-?lwechsel;4921;127829;1;0,0022;3;0;2;2;0;3;2;1;1;1
Teilesatz, Automatikgetriebe-?lwechsel;4921;115109;2;0,0045;2;0;4;3;0;3;0;1;1;0
Teilesatz, Automatikgetriebe-?lwechsel;4921;23303;3;0,0067;6;0;5;9;0;3;4;1;2;1
Teilesatz, Automatikgetriebe-?lwechsel;4921;17166;8;0,018;5;0;9;7;0;4;2;0;1;0
Teilesatz, Automatikgetriebe-?lwechsel;4921;131294;14;0,0315;2;0;2;3;0;3;5;1;1;0
Teilesatz, Automatikgetriebe-?lwechsel;4921;108850;2;0,0045;2;0;0;0;0;3;0;0;0;0
Teilesatz, Automatikgetriebe-?lwechsel;4921;59731;1;0,0022;2;0;0;4;0;4;2;1;1;1
Teilesatz, Automatikgetriebe-?lwechsel;4921;114342;1;0,0022;3;0;5;2;0;3;2;1;1;1
Teilesatz, Automatikgetriebe-?lwechsel;4921;145622;1;0,0022;0;0;2;2;0;6;4;0;1;0
Teilesatz, Automatikgetriebe-?lwechsel;4921;26911;4;0,009;2;0;4;5;0;6;2;1;1;0
Teilesatz, Automatikgetriebe-?lwechsel;4921;129015;2;0,0045;0;0;0;0;0;3;0;0;0;0
Teilesatz, Automatikgetriebe-?lwechsel;4921;141107;5;0,0112;0;0;0;4;0;6;0;1;0;0
Teilesatz, Automatikgetriebe-?lwechsel;4921;142258;1;0,0022;3;0;2;2;0;6;2;0;1;0
Teilesatz, Automatikgetriebe-?lwechsel;4921;9599;6;0,0135;5;0;8;7;0;4;2;1;1;1
Teilesatz, Automatikgetriebe-?lwechsel;4921;20117;38;0,0854;2;0;3;5;0;6;2;1;1;0
Teilesatz, Automatikgetriebe-?lwechsel;4921;126746;1;0,0022;3;0;2;2;0;3;3;0;1;0
Teilesatz, Automatikgetriebe-?lwechsel;4921;113409;2;0,0045;3;0;2;2;0;3;3;1;1;1
Teilesatz, Automatikgetriebe-?lwechsel;4921;31959;13;0,0292;3;0;5;11;0;12;4;1;3;1
Teilesatz, Automatikgetriebe-?lwechsel;4921;9502;6;0,0135;5;0;6;4;0;4;2;1;1;1
Teilesatz, Automatikgetriebe-?lwechsel;4921;154487;2;0,0045;3;0;0;0;0;0;2;1;1;1
Teilesatz, Automatikgetriebe-?lwechsel;4921;54958;4;0,009;8;0;4;8;0;6;2;2;1;2
Teilesatz, Automatikgetriebe-?lwechsel;4921;33432;8;0,018;3;0;0;3;0;6;2;1;0;0
Teilesatz, Automatikgetriebe-?lwechsel;4921;59301;2;0,0045;0;0;0;4;0;0;1;0;0;0
Teilesatz, Automatikgetriebe-?lwechsel;4921;146080;1;0,0022;6;0;0;0;0;12;2;0;0;0
Teilesatz, Automatikgetriebe-?lwechsel;4921;124950;2;0,0045;0;0;2;2;0;9;0;0;0;0
Teilesatz, Automatikgetriebe-?lwechsel;4921;7938;8;0,018;2;0;7;10;0;12;2;1;2;0
Teilesatz, Automatikgetriebe-?lwechsel;4921;33393;7;0,0157;3;1;2;3;0;3;2;1;1;1
Teilesatz, Automatikgetriebe-?lwechsel;4921;10954;10;0,0225;4;0;5;2;0;3;2;0;1;0
Teilesatz, Automatikgetriebe-?lwechsel;4921;117087;39;0,0877;3;0;3;7;0;7;0;0;2;0
Teilesatz, Automatikgetriebe-?lwechsel;4921;14645;1;0,0022;2;0;3;4;0;6;0;0;0;0
Teilesatz, Automatikgetriebe-?lwechsel;4921;135357;34;0,0764;3;0;2;3;0;3;2;1;0;0
Teilesatz, Automatikgetriebe-?lwechsel;4921;59184;1;0,0022;0;0;0;3;0;3;0;0;0;0
Teilesatz, Automatikgetriebe-?lwechsel;4921;11106;2;0,0045;4;1;0;0;0;3;3;1;0;1
Teilesatz, Automatikgetriebe-?lwechsel;4921;117396;1;0,0022;3;0;2;2;0;3;2;1;1;1
Teilesatz, Automatikgetriebe-?lwechsel;4921;122151;2;0,0045;0;0;0;2;0;3;0;0;0;0
Teilesatz, Automatikgetriebe-?lwechsel;4921;55097;4;0,009;3;0;1;2;0;3;2;1;1;1
Teilesatz, Automatikgetriebe-?lwechsel;4921;8903;2;0,0045;7;0;4;3;0;3;3;2;0;2
Teilesatz, Automatikgetriebe-?lwechsel;4921;19021;1;0,0022;4;1;5;6;0;6;2;1;2;1
Teilesatz, Automatikgetriebe-?lwechsel;4921;135375;2;0,0045;0;0;1;4;0;6;0;0;0;0
Teilesatz, Automatikgetriebe-?lwechsel;4921;11853;17;0,0382;3;1;2;2;0;3;3;1;1;1
Teilesatz, Automatikgetriebe-?lwechsel;4921;908;11;0,0247;0;0;0;2;0;3;0;0;0;0
Teilesatz, Automatikgetriebe-?lwechsel;4921;131858;15;0,0337;2;0;2;3;0;3;2;1;1;0
Teilesatz, Automatikgetriebe-?lwechsel;4921;22552;1;0,0022;0;0;3;2;0;3;0;0;0;0
Teilesatz, Automatikgetriebe-?lwechsel;4921;28156;5;0,0112;5;0;6;4;0;4;2;1;1;1
Teilesatz, Automatikgetriebe-?lwechsel;4921;132320;10;0,0225;8;0;5;7;0;10;4;0;1;0
Teilesatz, Automatikgetriebe-?lwechsel;4921;14625;3;0,0067;5;0;6;4;0;4;2;1;1;1
Teilesatz, Automatikgetriebe-?lwechsel;4921;30008;28;0,0629;2;0;4;5;0;6;2;1;1;0
Teilesatz, Automatikgetriebe-?lwechsel;4921;106289;1;0,0022;7;1;4;3;0;3;3;1;0;1
Teilesatz, Automatikgetriebe-?lwechsel;4921;129204;1;0,0022;6;0;2;0;0;3;0;0;1;0
Teilesatz, Automatikgetriebe-?lwechsel;4921;107544;1;0,0022;3;0;0;0;0;3;2;0;0;0
Teilesatz, Automatikgetriebe-?lwechsel;4921;113454;8;0,018;0;0;2;2;0;3;3;1;1;1
Teilesatz, Automatikgetriebe-?lwechsel;4921;30487;6;0,0135;3;0;1;4;0;6;2;0;1;0
Teilesatz, Automatikgetriebe-?lwechsel;4921;32795;1;0,0022;0;0;2;4;0;9;0;0;0;0
Teilesatz, Automatikgetriebe-?lwechsel;4921;30977;1;0,0022;2;0;2;4;0;2;0;0;1;0
Teilesatz, Automatikgetriebe-?lwechsel;4921;23283;1;0,0022;5;0;9;7;0;4;2;1;1;1
Teilesatz, Automatikgetriebe-?lwechsel;4921;144107;2;0,0045;0;0;4;4;0;2;0;0;1;0
Teilesatz, Automatikgetriebe-?lwechsel;4921;59564;1;0,0022;2;0;4;5;0;6;2;1;1;0
Teilesatz, Automatikgetriebe-?lwechsel;4921;1509;1;0,0022;3;0;2;3;0;6;0;0;0;0
Teilesatz, Automatikgetriebe-?lwechsel;4921;115203;6;0,0135;0;0;0;4;0;6;0;0;0;0
Teilesatz, Automatikgetriebe-?lwechsel;4921;111749;3;0,0067;0;0;1;2;0;3;0;0;1;0
Teilesatz, Automatikgetriebe-?lwechsel;4921;7021;4;0,009;3;0;1;4;0;6;2;1;1;1
Teilesatz, Automatikgetriebe-?lwechsel;4921;2479;4;0,009;3;0;2;0;0;3;2;0;0;0
Teilesatz, Automatikgetriebe-?lwechsel;4921;107499;2;0,0045;7;0;0;0;0;3;3;2;0;2
Teilesatz, Automatikgetriebe-?lwechsel;4921;9891;47;0,1056;12;0;8;6;0;8;5;3;1;3
Teilesatz, Automatikgetriebe-?lwechsel;4921;10292;17;0,0382;0;0;3;4;0;6;0;0;0;0
Teilesatz, Automatikgetriebe-?lwechsel;4921;59406;21;0,0472;3;0;2;2;0;3;3;0;1;0
Teilesatz, Automatikgetriebe-?lwechsel;4921;125352;1;0,0022;1;0;4;5;0;6;2;1;1;1
Teilesatz, Automatikgetriebe-?lwechsel;4921;58549;19;0,0427;3;0;1;2;0;3;2;0;1;0
Teilesatz, Automatikgetriebe-?lwechsel;4921;144927;1;0,0022;3;0;0;2;0;3;0;0;0;0
Teilesatz, Automatikgetriebe-?lwechsel;4921;10929;28;0,0629;1;0;5;2;0;3;0;0;1;0
Teilesatz, Automatikgetriebe-?lwechsel;4921;114890;11;0,0247;3;0;7;5;0;6;2;1;1;1
Teilesatz, Automatikgetriebe-?lwechsel;4921;115202;14;0,0315;0;0;0;4;0;6;0;0;0;0
Teilesatz, Automatikgetriebe-?lwechsel;4921;136015;2;0,0045;6;1;2;3;0;6;2;3;1;2
Teilesatz, Automatikgetriebe-?lwechsel;4921;111111;6;0,0135;0;0;1;2;0;3;1;1;1;1
Teilesatz, Automatikgetriebe-?lwechsel;4921;26662;2;0,0045;7;0;17;3;0;8;3;2;0;2
Teilesatz, Automatikgetriebe-?lwechsel;4921;19466;5;0,0112;6;0;7;9;0;6;4;2;2;1
Teilesatz, Automatikgetriebe-?lwechsel;4921;20016;3;0,0067;7;0;17;6;0;12;3;2;0;2
Teilesatz, Automatikgetriebe-?lwechsel;4921;59456;17;0,0382;9;0;6;6;0;7;5;3;1;2
Teilesatz, Automatikgetriebe-?lwechsel;4921;1871;4;0,009;3;0;2;0;0;6;0;1;0;1
Teilesatz, Automatikgetriebe-?lwechsel;4921;8889;2;0,0045;5;0;6;4;0;10;2;1;1;1
Teilesatz, Automatikgetriebe-?lwechsel;4921;138701;2;0,0045;3;0;2;10;0;10;0;0;0;0
Teilesatz, Automatikgetriebe-?lwechsel;4921;31955;5;0,0112;3;0;5;11;0;12;3;1;2;0
Teilesatz, Automatikgetriebe-?lwechsel;4921;27670;4;0,009;3;1;2;2;0;6;3;1;1;1
Teilesatz, Automatikgetriebe-?lwechsel;4921;108185;4;0,009;3;0;2;2;0;3;3;0;1;0
Teilesatz, Automatikgetriebe-?lwechsel;4921;11160;5;0,0112;1;0;5;2;0;3;0;1;1;1
Teilesatz, Automatikgetriebe-?lwechsel;4921;146214;5;0,0112;3;0;0;3;0;6;2;1;0;0
Teilesatz, Automatikgetriebe-?lwechsel;4921;100933;1;0,0022;0;0;2;2;0;0;2;0;1;0
Teilesatz, Automatikgetriebe-?lwechsel;4921;31054;10;0,0225;7;0;12;10;0;8;3;2;0;2
Teilesatz, Automatikgetriebe-?lwechsel;4921;32165;1;0,0022;7;0;11;6;0;8;3;2;0;2
Teilesatz, Automatikgetriebe-?lwechsel;4921;134280;1;0,0022;2;0;2;3;0;3;2;1;1;0
Teilesatz, Automatikgetriebe-?lwechsel;4921;32946;11;0,0247;14;0;15;9;0;15;7;4;2;3
Teilesatz, Automatikgetriebe-?lwechsel;4921;138272;1;0,0022;3;0;2;2;0;6;2;0;1;0
Teilesatz, Automatikgetriebe-?lwechsel;4921;53317;6;0,0135;0;0;0;3;0;3;3;0;0;0
Teilesatz, Automatikgetriebe-?lwechsel;4921;33307;10;0,0225;3;0;2;3;0;3;2;1;0;0
Teilesatz, Automatikgetriebe-?lwechsel;4921;119768;50;0,1124;4;0;2;2;0;3;2;1;1;1
Teilesatz, Automatikgetriebe-?lwechsel;4921;107513;4;0,009;6;1;2;3;0;6;3;3;1;2
Teilesatz, Automatikgetriebe-?lwechsel;4921;145889;15;0,0337;3;0;0;3;0;3;2;2;1;1
Teilesatz, Automatikgetriebe-?lwechsel;4921;19472;3;0,0067;4;0;0;4;0;12;2;1;2;1
Teilesatz, Automatikgetriebe-?lwechsel;4921;8206;10;0,0225;3;0;1;2;0;3;2;1;1;1
Teilesatz, Automatikgetriebe-?lwechsel;4921;142672;1;0,0022;0;0;2;2;0;3;2;0;1;0
Teilesatz, Automatikgetriebe-?lwechsel;4921;15363;2;0,0045;5;0;8;7;0;4;2;1;1;1
Teilesatz, Automatikgetriebe-?lwechsel;4921;32263;2;0,0045;6;0;7;5;0;6;2;1;1;1
Teilesatz, Automatikgetriebe-?lwechsel;4921;18415;5;0,0112;2;0;2;9;0;12;2;1;0;1
Teilesatz, Automatikgetriebe-?lwechsel;4921;57496;2;0,0045;0;0;2;2;0;3;0;0;0;0
Teilesatz, Automatikgetriebe-?lwechsel;4921;140436;7;0,0157;0;0;0;3;0;6;2;0;0;0
Teilesatz, Automatikgetriebe-?lwechsel;4921;11385;1;0,0022;7;0;6;6;0;8;3;2;0;2
Teilesatz, Automatikgetriebe-?lwechsel;4921;29929;13;0,0292;4;0;2;4;0;9;0;0;0;0
Teilesatz, Automatikgetriebe-?lwechsel;4921;106611;2;0,0045;5;0;0;4;0;2;0;0;0;0
Teilesatz, Automatikgetriebe-?lwechsel;4921;19016;23;0,0517;3;0;1;3;0;3;2;1;1;1
Teilesatz, Automatikgetriebe-?lwechsel;4921;145865;4;0,009;3;0;0;3;0;3;2;1;1;1
Teilesatz, Automatikgetriebe-?lwechsel;4921;8212;9;0,0202;3;0;6;2;0;3;2;1;1;1
Teilesatz, Automatikgetriebe-?lwechsel;4921;125102;1;0,0022;3;0;2;2;0;3;3;1;1;1
Teilesatz, Automatikgetriebe-?lwechsel;4921;59246;7;0,0157;3;0;7;9;0;6;2;1;2;1
Teilesatz, Automatikgetriebe-?lwechsel;4921;18726;1;0,0022;6;0;5;2;0;9;2;3;1;1
Teilesatz, Automatikgetriebe-?lwechsel;4921;143433;2;0,0045;0;0;0;2;0;3;0;0;0;0
Teilesatz, Automatikgetriebe-?lwechsel;4921;128091;2;0,0045;3;0;2;2;0;3;3;1;1;1
Teilesatz, Automatikgetriebe-?lwechsel;4921;119964;1;0,0022;7;0;2;6;0;8;0;0;1;0
Teilesatz, Automatikgetriebe-?lwechsel;4921;31027;7;0,0157;4;1;2;6;0;6;2;1;2;1
Teilesatz, Automatikgetriebe-?lwechsel;4921;126959;4;0,009;3;0;2;2;0;3;3;0;1;0
Teilesatz, Automatikgetriebe-?lwechsel;4921;25442;3;0,0067;6;0;2;6;0;6;2;1;1;1
Teilesatz, Automatikgetriebe-?lwechsel;4921;11382;3;0,0067;9;0;8;6;0;7;3;2;1;1
Teilesatz, Automatikgetriebe-?lwechsel;4921;19848;1;0,0022;4;0;2;6;0;12;2;2;2;2
Teilesatz, Automatikgetriebe-?lwechsel;4921;106413;21;0,0472;7;0;4;3;0;3;0;2;0;2
Teilesatz, Automatikgetriebe-?lwechsel;4921;144747;1;0,0022;0;0;2;0;0;11;0;0;0;0
Teilesatz, Automatikgetriebe-?lwechsel;4921;27347;1;0,0022;3;0;0;4;0;2;0;0;1;0
Teilesatz, Automatikgetriebe-?lwechsel;4921;15720;1;0,0022;5;0;8;7;0;4;2;1;1;1
Teilesatz, Automatikgetriebe-?lwechsel;4921;7539;6;0,0135;7;0;7;3;0;4;5;2;0;2
Teilesatz, Automatikgetriebe-?lwechsel;4921;33664;2;0,0045;3;0;0;0;0;0;2;1;0;0
Teilesatz, Automatikgetriebe-?lwechsel;4921;139487;1;0,0022;0;0;2;0;0;3;2;1;0;1
Teilesatz, Automatikgetriebe-?lwechsel;4921;136445;1;0,0022;2;0;2;3;0;3;2;1;1;0
Teilesatz, Automatikgetriebe-?lwechsel;4921;22808;2;0,0045;3;0;5;5;0;3;0;1;2;1
Teilesatz, Automatikgetriebe-?lwechsel;4921;144761;29;0,0652;3;0;3;5;0;6;2;1;0;0
Teilesatz, Automatikgetriebe-?lwechsel;4921;143023;1;0,0022;0;0;2;2;0;3;2;0;1;0
Teilesatz, Automatikgetriebe-?lwechsel;4921;55127;31;0,0697;3;1;2;2;0;3;3;1;1;1
Teilesatz, Automatikgetriebe-?lwechsel;4921;143426;2;0,0045;5;0;0;7;0;6;0;0;0;0
Teilesatz, Automatikgetriebe-?lwechsel;4921;127986;18;0,0405;3;0;2;2;0;3;2;0;1;0
Teilesatz, Automatikgetriebe-?lwechsel;4921;126160;2;0,0045;3;0;3;5;0;4;0;0;1;0
Teilesatz, Automatikgetriebe-?lwechsel;4921;131369;23;0,0517;2;0;2;3;0;3;2;1;1;0
Teilesatz, Automatikgetriebe-?lwechsel;4921;31023;3;0,0067;4;1;5;6;0;6;2;1;2;1
Teilesatz, Automatikgetriebe-?lwechsel;4921;26913;6;0,0135;9;0;5;12;0;9;2;2;2;1
Teilesatz, Automatikgetriebe-?lwechsel;4921;142238;6;0,0135;3;0;2;10;0;9;2;1;0;0
Teilesatz, Automatikgetriebe-?lwechsel;4921;12585;6;0,0135;5;0;6;4;0;10;2;1;1;1
Teilesatz, Automatikgetriebe-?lwechsel;4921;136114;1;0,0022;3;0;2;6;0;5;0;0;2;0
Teilesatz, Automatikgetriebe-?lwechsel;4921;131303;15;0,0337;2;0;2;3;0;3;2;1;1;0
Teilesatz, Automatikgetriebe-?lwechsel;4921;108766;1;0,0022;0;0;2;4;0;6;0;0;0;0
Teilesatz, Automatikgetriebe-?lwechsel;4921;123362;2;0,0045;0;0;0;4;0;9;0;0;0;0
Teilesatz, Automatikgetriebe-?lwechsel;4921;9042;1;0,0022;0;0;0;3;0;0;0;0;0;0
Teilesatz, Automatikgetriebe-?lwechsel;4921;127350;1;0,0022;0;0;0;0;0;0;0;0;0;0
Teilesatz, Automatikgetriebe-?lwechsel;4921;13043;9;0,0202;3;0;0;8;0;3;2;2;0;2
Teilesatz, Automatikgetriebe-?lwechsel;4921;155892;1;0,0022;0;0;0;0;0;0;2;0;0;0
Teilesatz, Automatikgetriebe-?lwechsel;4921;10314;4;0,009;3;1;2;2;0;3;3;1;1;1
Teilesatz, Automatikgetriebe-?lwechsel;4921;130352;1;0,0022;0;0;0;2;0;3;0;0;0;0
Teilesatz, Automatikgetriebe-?lwechsel;4921;136395;2;0,0045;2;0;2;0;0;6;4;0;0;0
Teilesatz, Automatikgetriebe-?lwechsel;4921;9351;1;0,0022;9;1;6;3;0;3;5;3;1;2
Teilesatz, Automatikgetriebe-?lwechsel;4921;58898;2;0,0045;0;0;0;1;0;1;0;0;0;0
Teilesatz, Automatikgetriebe-?lwechsel;4921;128113;50;0,1124;0;0;0;3;0;3;0;0;0;0
Teilesatz, Automatikgetriebe-?lwechsel;4921;137624;1;0,0022;0;0;0;0;0;0;0;0;0;0
Teilesatz, Automatikgetriebe-?lwechsel;4921;122061;3;0,0067;3;0;5;9;0;10;0;0;3;0
Teilesatz, Automatikgetriebe-?lwechsel;4921;18966;6;0,0135;6;1;2;6;0;6;2;1;1;1
Teilesatz, Automatikgetriebe-?lwechsel;4921;23298;2;0,0045;3;0;1;3;0;3;2;1;1;1
Teilesatz, Automatikgetriebe-?lwechsel;4921;17865;5;0,0112;5;0;9;7;0;4;2;1;1;1
Teilesatz, Automatikgetriebe-?lwechsel;4921;100639;2;0,0045;3;0;0;3;0;3;2;1;1;1
Teilesatz, Automatikgetriebe-?lwechsel;4921;31334;1;0,0022;2;0;4;5;0;12;2;1;1;0
Teilesatz, Automatikgetriebe-?lwechsel;4921;18404;3;0,0067;1;0;2;2;0;6;0;1;1;1
Teilesatz, Automatikgetriebe-?lwechsel;4921;33266;3;0,0067;0;0;2;4;0;6;0;0;0;0
Teilesatz, Automatikgetriebe-?lwechsel;4921;8688;1;0,0022;5;0;6;4;0;10;2;1;1;1
Teilesatz, Automatikgetriebe-?lwechsel;4921;32956;4;0,009;12;0;14;10;0;12;5;3;1;3
Teilesatz, Automatikgetriebe-?lwechsel;4921;107497;9;0,0202;3;0;2;3;0;3;2;1;0;0
Teilesatz, Automatikgetriebe-?lwechsel;4921;134287;74;0,1663;5;0;3;3;0;3;2;1;1;1
Teilesatz, Automatikgetriebe-?lwechsel;4921;123345;22;0,0495;3;0;2;2;0;3;3;1;1;1
Teilesatz, Automatikgetriebe-?lwechsel;4921;59116;70;0,1573;3;0;5;5;0;6;4;1;1;1
Teilesatz, Automatikgetriebe-?lwechsel;4921;100630;10;0,0225;6;0;7;6;0;5;0;1;2;1
Teilesatz, Automatikgetriebe-?lwechsel;4921;108877;1;0,0022;0;0;0;3;0;3;0;0;0;0
Teilesatz, Automatikgetriebe-?lwechsel;4921;33430;1;0,0022;3;0;0;3;0;3;3;1;0;0
Teilesatz, Automatikgetriebe-?lwechsel;4921;16407;4;0,009;5;0;8;7;0;4;2;1;1;1
Teilesatz, Automatikgetriebe-?lwechsel;4921;2879;7;0,0157;0;0;2;4;0;6;0;0;0;0
Teilesatz, Automatikgetriebe-?lwechsel;4921;115495;17;0,0382;1;0;4;2;0;3;2;1;1;1
Teilesatz, Automatikgetriebe-?lwechsel;4921;115168;133;0,299;6;0;7;5;0;6;4;2;1;1
Teilesatz, Automatikgetriebe-?lwechsel;4921;112361;1;0,0022;9;1;6;6;0;7;5;3;1;2
Teilesatz, Automatikgetriebe-?lwechsel;4921;132156;1;0,0022;0;0;0;2;0;3;0;0;0;0
Teilesatz, Automatikgetriebe-?lwechsel;4921;58299;1;0,0022;3;0;2;2;0;3;3;1;1;1
Teilesatz, Automatikgetriebe-?lwechsel;4921;135144;5;0,0112;5;0;0;7;0;2;0;0;0;0
Teilesatz, Automatikgetriebe-?lwechsel;4921;32164;2;0,0045;7;0;3;3;0;4;3;2;0;2
Teilesatz, Automatikgetriebe-?lwechsel;4921;17893;12;0,027;1;0;2;2;0;6;0;0;0;0
Teilesatz, Automatikgetriebe-?lwechsel;4921;135315;3;0,0067;1;0;4;2;0;6;0;0;0;0
Teilesatz, Automatikgetriebe-?lwechsel;4921;4616;3;0,0067;3;0;2;3;0;6;2;1;1;1
Teilesatz, Automatikgetriebe-?lwechsel;4921;100284;2;0,0045;0;0;2;2;0;3;0;0;0;0
Teilesatz, Automatikgetriebe-?lwechsel;4921;16465;1;0,0022;3;0;2;5;0;3;2;1;1;1
Teilesatz, Automatikgetriebe-?lwechsel;4921;151827;1;0,0022;0;0;0;0;0;0;0;0;0;0
Teilesatz, Automatikgetriebe-?lwechsel;4921;140736;3;0,0067;0;0;0;4;0;6;0;1;0;0
Teilesatz, Automatikgetriebe-?lwechsel;4921;30390;1;0,0022;2;0;4;5;0;6;2;0;0;0
Teilesatz, Automatikgetriebe-?lwechsel;4921;56142;1;0,0022;2;0;2;4;0;5;0;0;1;0
Teilesatz, Automatikgetriebe-?lwechsel;4921;109340;1;0,0022;0;0;0;4;0;2;0;0;1;0
Teilesatz, Automatikgetriebe-?lwechsel;4921;136525;9;0,0202;0;0;0;5;0;1;0;0;0;0
Teilesatz, Automatikgetriebe-?lwechsel;4921;59472;2;0,0045;3;0;2;3;0;3;2;1;0;0
Teilesatz, Automatikgetriebe-?lwechsel;4921;119893;5;0,0112;3;0;2;2;0;3;3;0;1;0
Teilesatz, Automatikgetriebe-?lwechsel;4921;107052;3;0,0067;0;0;0;2;0;3;0;0;0;0
Teilesatz, Automatikgetriebe-?lwechsel;4921;27539;1;0,0022;6;0;3;7;0;5;2;0;1;0
Teilesatz, Automatikgetriebe-?lwechsel;4921;59730;1;0,0022;0;0;0;0;0;3;0;0;0;0
Teilesatz, Automatikgetriebe-?lwechsel;4921;5406;1;0,0022;5;0;6;4;0;10;2;1;1;1
Teilesatz, Automatikgetriebe-?lwechsel;4921;57245;2;0,0045;9;1;6;3;0;3;5;2;1;1
Teilesatz, Automatikgetriebe-?lwechsel;4921;11836;8;0,018;3;0;2;2;0;3;3;1;1;1
Teilesatz, Automatikgetriebe-?lwechsel;4921;58479;27;0,0607;3;0;2;3;0;3;2;1;0;0
Teilesatz, Automatikgetriebe-?lwechsel;4921;28181;1;0,0022;1;0;0;4;0;7;0;1;1;1
Teilesatz, Automatikgetriebe-?lwechsel;4921;31341;2;0,0045;3;0;5;2;0;3;2;1;1;1
Teilesatz, Automatikgetriebe-?lwechsel;4921;57760;1;0,0022;6;0;2;2;0;0;3;0;1;0
Teilesatz, Automatikgetriebe-?lwechsel;4921;59803;4;0,009;3;0;2;2;0;3;3;1;1;1
Teilesatz, Automatikgetriebe-?lwechsel;4921;135073;2;0,0045;3;0;0;2;0;3;0;0;0;0
Teilesatz, Automatikgetriebe-?lwechsel;4921;135033;2;0,0045;3;0;2;2;0;3;3;1;1;1
Teilesatz, Automatikgetriebe-?lwechsel;4921;19001;1;0,0022;0;0;0;0;0;3;0;0;0;0
Teilesatz, Automatikgetriebe-?lwechsel;4921;108662;2;0,0045;1;0;0;7;0;5;0;0;1;0
Teilesatz, Automatikgetriebe-?lwechsel;4921;129815;37;0,0832;3;0;0;3;0;4;0;0;0;0
Teilesatz, Automatikgetriebe-?lwechsel;4921;18960;9;0,0202;7;0;15;6;0;8;3;2;0;2
Teilesatz, Automatikgetriebe-?lwechsel;4921;58534;17;0,0382;1;0;2;2;0;3;0;1;1;1
Teilesatz, Automatikgetriebe-?lwechsel;4921;130894;3;0,0067;0;0;0;2;0;3;0;0;0;0
Teilesatz, Automatikgetriebe-?lwechsel;4921;13918;1;0,0022;0;0;0;0;0;0;0;0;0;0
Teilesatz, Automatikgetriebe-?lwechsel;4921;130971;2;0,0045;2;0;2;3;0;3;2;1;1;0
Teilesatz, Automatikgetriebe-?lwechsel;4921;133683;19;0,0427;0;0;0;2;0;1;0;0;0;0
Teilesatz, Automatikgetriebe-?lwechsel;4921;32886;10;0,0225;12;0;17;7;0;8;5;3;1;3
Teilesatz, Automatikgetriebe-?lwechsel;4921;57924;1;0,0022;0;0;2;2;1;3;2;0;1;0
Teilesatz, Automatikgetriebe-?lwechsel;4921;302;3;0,0067;1;0;0;3;0;3;0;0;0;0
Teilesatz, Automatikgetriebe-?lwechsel;4921;19664;1;0,0022;8;0;17;7;0;4;5;3;1;3
Teilesatz, Automatikgetriebe-?lwechsel;4921;11835;2;0,0045;3;1;2;2;0;3;3;1;1;1
Teilesatz, Automatikgetriebe-?lwechsel;4921;17973;1;0,0022;3;0;3;3;0;3;2;3;1;1
Teilesatz, Automatikgetriebe-?lwechsel;4921;56872;1;0,0022;1;0;2;2;0;3;0;1;1;1
Teilesatz, Automatikgetriebe-?lwechsel;4921;136522;6;0,0135;0;0;0;4;0;6;0;1;0;0
Teilesatz, Automatikgetriebe-?lwechsel;4921;31108;4;0,009;1;0;4;2;0;3;2;1;1;1
Teilesatz, Automatikgetriebe-?lwechsel;4921;6886;19;0,0427;3;0;1;2;0;3;2;0;1;0
Teilesatz, Automatikgetriebe-?lwechsel;4921;18705;2;0,0045;3;0;13;7;0;8;0;2;0;2
Teilesatz, Automatikgetriebe-?lwechsel;4921;22672;7;0,0157;4;1;5;6;0;6;2;1;2;1
Teilesatz, Automatikgetriebe-?lwechsel;4921;115204;60;0,1349;1;0;4;2;0;3;2;1;1;1
Teilesatz, Automatikgetriebe-?lwechsel;4921;136292;5;0,0112;0;0;0;1;0;1;0;0;0;0
Teilesatz, Automatikgetriebe-?lwechsel;4921;134291;40;0,0899;3;0;7;5;0;6;2;1;1;1
Teilesatz, Automatikgetriebe-?lwechsel;4921;136671;1;0,0022;0;0;0;4;0;6;0;1;0;0
Teilesatz, Automatikgetriebe-?lwechsel;4921;120283;11;0,0247;2;1;2;6;0;6;2;2;1;0
Teilesatz, Automatikgetriebe-?lwechsel;4921;117979;7;0,0157;3;0;0;3;0;3;2;1;1;1
Teilesatz, Automatikgetriebe-?lwechsel;4921;59412;2;0,0045;0;0;0;3;0;3;0;0;0;0
Teilesatz, Automatikgetriebe-?lwechsel;4921;19174;1;0,0022;0;0;0;0;0;0;0;0;0;0
Teilesatz, Automatikgetriebe-?lwechsel;4921;139471;2;0,0045;0;0;0;2;0;3;2;0;0;0
Teilesatz, Automatikgetriebe-?lwechsel;4921;55132;1;0,0022;0;0;0;0;0;0;0;0;0;0
Teilesatz, Automatikgetriebe-?lwechsel;4921;10941;1;0,0022;3;0;2;7;0;9;2;1;1;0
Teilesatz, Automatikgetriebe-?lwechsel;4921;111891;1;0,0022;0;0;0;3;0;3;0;0;0;0
Teilesatz, Automatikgetriebe-?lwechsel;4921;55598;20;0,045;6;0;6;5;0;6;4;2;1;1
Teilesatz, Automatikgetriebe-?lwechsel;4921;132833;8;0,018;0;0;0;2;0;3;2;0;0;0
Teilesatz, Automatikgetriebe-?lwechsel;4921;32601;8;0,018;2;0;2;4;0;2;0;0;1;0
Teilesatz, Automatikgetriebe-?lwechsel;4921;19395;2;0,0045;6;0;5;2;0;6;4;3;1;1
Teilesatz, Automatikgetriebe-?lwechsel;4921;19971;4;0,009;1;0;2;2;0;6;0;1;1;1
Teilesatz, Automatikgetriebe-?lwechsel;4921;123113;7;0,0157;5;0;5;9;0;10;3;0;3;0
Teilesatz, Automatikgetriebe-?lwechsel;4921;33272;3;0,0067;4;0;0;3;0;3;0;0;0;0
Teilesatz, Automatikgetriebe-?lwechsel;4921;16885;2;0,0045;1;0;4;2;0;6;2;0;0;0
Teilesatz, Automatikgetriebe-?lwechsel;4921;136493;5;0,0112;3;0;2;4;0;6;2;1;1;1
Teilesatz, Automatikgetriebe-?lwechsel;4921;55510;28;0,0629;2;0;1;4;0;2;0;1;2;1
Teilesatz, Automatikgetriebe-?lwechsel;4921;22551;6;0,0135;6;0;5;9;0;6;7;1;2;1
Teilesatz, Automatikgetriebe-?lwechsel;4921;15562;1;0,0022;0;0;0;3;0;3;0;0;0;0
Teilesatz, Automatikgetriebe-?lwechsel;4921;108613;3;0,0067;5;0;0;4;0;2;0;0;0;0
Teilesatz, Automatikgetriebe-?lwechsel;4921;14840;1;0,0022;5;0;6;4;0;4;2;0;1;0
Teilesatz, Automatikgetriebe-?lwechsel;4921;57249;8;0,018;9;1;6;6;0;7;5;3;1;2
Teilesatz, Automatikgetriebe-?lwechsel;4921;11808;4;0,009;2;0;0;0;0;4;0;0;0;0
Teilesatz, Automatikgetriebe-?lwechsel;4921;18071;14;0,0315;4;0;7;5;0;4;4;1;1;1
Teilesatz, Automatikgetriebe-?lwechsel;4921;118181;2;0,0045;3;0;2;2;0;3;3;1;1;1
Teilesatz, Automatikgetriebe-?lwechsel;4921;15012;4;0,009;2;0;2;0;0;6;0;1;0;1
Teilesatz, Automatikgetriebe-?lwechsel;4921;33347;47;0,1056;3;0;1;4;0;6;2;1;1;1
Teilesatz, Automatikgetriebe-?lwechsel;4921;131245;3;0,0067;6;0;0;3;0;6;3;1;1;0
Teilesatz, Automatikgetriebe-?lwechsel;4921;30379;2;0,0045;2;0;2;2;0;9;0;1;2;1
Teilesatz, Automatikgetriebe-?lwechsel;4921;114948;5;0,0112;3;0;2;3;0;3;2;1;0;0
Teilesatz, Automatikgetriebe-?lwechsel;4921;18708;8;0,018;3;0;13;7;0;8;3;2;0;2
Teilesatz, Automatikgetriebe-?lwechsel;4921;24176;8;0,018;4;0;5;9;0;8;0;0;1;0
Teilesatz, Automatikgetriebe-?lwechsel;4921;11989;4;0,009;2;0;3;5;0;9;2;1;1;0
Teilesatz, Automatikgetriebe-?lwechsel;4921;100903;6;0,0135;9;1;6;6;0;3;5;3;1;2
Teilesatz, Automatikgetriebe-?lwechsel;4921;18679;1;0,0022;1;0;0;3;0;3;0;0;0;0
Teilesatz, Automatikgetriebe-?lwechsel;4921;16962;2;0,0045;5;0;8;7;0;4;2;1;1;1
Teilesatz, Automatikgetriebe-?lwechsel;4921;112397;21;0,0472;6;0;7;5;0;6;4;1;1;1
Teilesatz, Automatikgetriebe-?lwechsel;4921;100044;4;0,009;5;0;3;5;0;7;4;1;1;1
Teilesatz, Automatikgetriebe-?lwechsel;4921;110078;10;0,0225;3;0;2;2;0;3;2;1;1;1
Teilesatz, Automatikgetriebe-?lwechsel;4921;137737;1;0,0022;0;0;0;2;0;3;0;0;0;0
Teilesatz, Automatikgetriebe-?lwechsel;4921;121494;5;0,0112;3;0;3;7;0;7;0;0;2;0
Teilesatz, Automatikgetriebe-?lwechsel;4921;18707;8;0,018;5;0;9;7;0;4;2;1;1;1
Teilesatz, Automatikgetriebe-?lwechsel;4921;115103;2;0,0045;4;0;4;5;0;7;4;1;1;1
Teilesatz, Automatikgetriebe-?lwechsel;4921;7840;3;0,0067;5;0;6;4;0;10;2;1;1;1
Teilesatz, Automatikgetriebe-?lwechsel;4921;57510;86;0,1933;4;0;5;2;0;3;2;1;1;1
Teilesatz, Automatikgetriebe-?lwechsel;4921;26581;10;0,0225;4;0;5;6;0;5;0;0;1;0
Teilesatz, Automatikgetriebe-?lwechsel;4921;31007;4;0,009;4;1;5;6;0;6;2;1;2;1
Teilesatz, Automatikgetriebe-?lwechsel;4921;32065;7;0,0157;0;0;0;2;0;9;2;0;0;0
Teilesatz, Automatikgetriebe-?lwechsel;4921;144931;2;0,0045;0;0;0;0;0;3;2;1;0;0
Teilesatz, Automatikgetriebe-?lwechsel;4921;136184;20;0,045;2;0;2;3;0;3;2;1;1;0
Teilesatz, Automatikgetriebe-?lwechsel;4921;14967;6;0,0135;5;0;6;4;0;4;2;1;1;1
Teilesatz, Automatikgetriebe-?lwechsel;4921;16040;3;0,0067;2;0;4;5;0;6;2;1;1;0
Teilesatz, Automatikgetriebe-?lwechsel;4921;9941;14;0,0315;12;0;12;10;0;12;5;3;1;3
Teilesatz, Automatikgetriebe-?lwechsel;4921;125350;1;0,0022;0;0;0;0;0;0;0;0;0;0
Teilesatz, Automatikgetriebe-?lwechsel;4921;133659;1;0,0022;3;0;3;7;0;7;0;0;2;0
Teilesatz, Automatikgetriebe-?lwechsel;4921;22663;2;0,0045;3;1;2;3;0;3;2;1;1;1
Teilesatz, Automatikgetriebe-?lwechsel;4921;120741;5;0,0112;2;1;2;3;0;3;2;1;1;0
Teilesatz, Automatikgetriebe-?lwechsel;4921;114891;292;0,6564;6;0;5;5;0;6;2;1;1;1
Teilesatz, Automatikgetriebe-?lwechsel;4921;142708;1;0,0022;0;0;2;2;0;3;3;0;1;0
Teilesatz, Automatikgetriebe-?lwechsel;4921;132322;5;0,0112;2;0;2;3;0;3;2;1;1;0
Teilesatz, Automatikgetriebe-?lwechsel;4921;106311;5;0,0112;9;1;6;6;0;7;5;3;1;2
Teilesatz, Automatikgetriebe-?lwechsel;4921;106464;1;0,0022;0;0;0;0;0;0;1;0;0;0
Teilesatz, Automatikgetriebe-?lwechsel;4921;7213;1;0,0022;0;0;0;2;0;3;0;0;0;0
Teilesatz, Automatikgetriebe-?lwechsel;4921;100066;1;0,0022;0;0;1;6;0;6;3;1;1;0
Teilesatz, Automatikgetriebe-?lwechsel;4921;143114;1;0,0022;3;0;2;2;1;4;2;1;1;1
Teilesatz, Automatikgetriebe-?lwechsel;4921;129590;3;0,0067;2;0;0;0;0;6;4;0;0;0
Teilesatz, Automatikgetriebe-?lwechsel;4921;32819;1;0,0022;0;0;0;4;0;14;0;0;1;0
Teilesatz, Automatikgetriebe-?lwechsel;4921;117689;9;0,0202;0;0;1;6;0;6;3;0;1;0
Teilesatz, Automatikgetriebe-?lwechsel;4921;18112;2;0,0045;2;0;1;5;0;6;0;0;0;0
Teilesatz, Automatikgetriebe-?lwechsel;4921;23153;3;0,0067;2;0;2;4;0;6;0;0;0;0
Teilesatz, Automatikgetriebe-?lwechsel;4921;142931;21;0,0472;3;0;2;3;0;3;2;3;2;2
Teilesatz, Automatikgetriebe-?lwechsel;4921;138537;3;0,0067;0;0;0;2;0;3;0;0;0;0
Teilesatz, Automatikgetriebe-?lwechsel;4921;19037;23;0,0517;9;1;5;8;0;9;4;1;2;0
Teilesatz, Automatikgetriebe-?lwechsel;4921;8319;1;0,0022;3;0;4;5;0;12;2;0;1;0
Teilesatz, Automatikgetriebe-?lwechsel;4921;15978;3;0,0067;0;0;2;2;0;3;2;0;0;0
Teilesatz, Automatikgetriebe-?lwechsel;4921;134367;1;0,0022;3;0;0;0;1;0;2;0;0;0
Teilesatz, Automatikgetriebe-?lwechsel;4921;129383;2;0,0045;2;0;2;3;0;3;2;1;1;0
Teilesatz, Automatikgetriebe-?lwechsel;4921;26739;2;0,0045;1;0;5;2;0;6;2;2;1;1
Teilesatz, Automatikgetriebe-?lwechsel;4921;109393;1;0,0022;3;0;1;3;0;3;2;1;0;0
Teilesatz, Automatikgetriebe-?lwechsel;4921;108397;5;0,0112;1;0;4;5;0;6;2;1;1;1
Teilesatz, Automatikgetriebe-?lwechsel;4921;107895;38;0,0854;3;0;2;3;0;3;2;1;0;0
Teilesatz, Automatikgetriebe-?lwechsel;4921;111763;22;0,0495;3;0;0;2;0;3;0;0;0;0
Teilesatz, Automatikgetriebe-?lwechsel;4921;117713;1;0,0022;0;0;2;2;0;3;3;0;1;0
Teilesatz, Automatikgetriebe-?lwechsel;4921;119152;5;0,0112;3;0;3;7;0;7;0;0;2;0
Teilesatz, Automatikgetriebe-?lwechsel;4921;132517;3;0,0067;0;0;0;2;0;3;0;0;0;0
Teilesatz, Automatikgetriebe-?lwechsel;4921;136010;1;0,0022;6;1;0;3;0;6;2;3;1;2
Teilesatz, Automatikgetriebe-?lwechsel;4921;124239;8;0,018;5;0;2;4;0;19;0;0;1;0
Teilesatz, Automatikgetriebe-?lwechsel;4921;115146;1;0,0022;1;0;0;4;0;2;0;0;1;0
Teilesatz, Automatikgetriebe-?lwechsel;4921;17650;1;0,0022;2;0;0;3;0;3;0;0;0;0
Teilesatz, Automatikgetriebe-?lwechsel;4921;57298;2;0,0045;2;0;0;4;0;2;0;0;0;0
Teilesatz, Automatikgetriebe-?lwechsel;4921;952;1;0,0022;11;0;6;3;0;13;2;1;1;1
Teilesatz, Automatikgetriebe-?lwechsel;4921;110020;13;0,0292;3;0;2;2;0;3;3;1;1;1
Teilesatz, Automatikgetriebe-?lwechsel;4921;108657;1;0,0022;1;0;0;7;0;5;0;0;1;0
Teilesatz, Automatikgetriebe-?lwechsel;4921;136454;1;0,0022;2;0;2;3;0;3;2;1;1;0
Teilesatz, Automatikgetriebe-?lwechsel;4921;107888;1;0,0022;0;0;1;2;0;3;0;0;1;0
Teilesatz, Automatikgetriebe-?lwechsel;4921;19748;1;0,0022;2;0;2;2;0;6;0;0;0;0
Teilesatz, Automatikgetriebe-?lwechsel;4921;23051;2;0,0045;6;1;3;3;0;6;2;0;1;0
Teilesatz, Automatikgetriebe-?lwechsel;4921;136194;1;0,0022;2;0;2;3;0;3;2;1;1;0
Teilesatz, Automatikgetriebe-?lwechsel;4921;1098;17;0,0382;3;1;4;8;0;9;3;1;3;1
Teilesatz, Automatikgetriebe-?lwechsel;4921;115141;14;0,0315;0;0;0;2;0;3;0;0;0;0
Teilesatz, Automatikgetriebe-?lwechsel;4921;8381;6;0,0135;5;0;6;4;0;10;2;1;1;1
Teilesatz, Automatikgetriebe-?lwechsel;4921;136181;7;0,0157;2;0;2;3;0;3;2;1;1;0
Teilesatz, Automatikgetriebe-?lwechsel;4921;58899;1;0,0022;0;0;0;1;0;1;0;0;0;0
Teilesatz, Automatikgetriebe-?lwechsel;4921;806;3;0,0067;6;0;0;6;0;9;0;0;0;0
Teilesatz, Automatikgetriebe-?lwechsel;4921;111784;13;0,0292;0;0;1;2;0;3;0;0;1;0
Teilesatz, Automatikgetriebe-?lwechsel;4921;16258;3;0,0067;5;0;8;3;0;4;2;0;1;0
Teilesatz, Automatikgetriebe-?lwechsel;4921;130188;3;0,0067;3;0;5;7;0;7;0;0;2;0
Teilesatz, Automatikgetriebe-?lwechsel;4921;100541;1;0,0022;3;0;2;3;0;3;2;1;0;0
Teilesatz, Automatikgetriebe-?lwechsel;4921;32625;9;0,0202;2;0;2;4;0;2;0;0;1;0
Teilesatz, Automatikgetriebe-?lwechsel;4921;33792;3;0,0067;0;0;2;4;0;6;0;0;0;0
Teilesatz, Automatikgetriebe-?lwechsel;4921;105899;2;0,0045;3;0;0;2;0;3;0;0;1;0
Teilesatz, Automatikgetriebe-?lwechsel;4921;14964;5;0,0112;5;0;6;4;0;4;2;1;1;1
Teilesatz, Automatikgetriebe-?lwechsel;4921;18633;20;0,045;3;0;13;7;0;8;3;2;0;2
Teilesatz, Automatikgetriebe-?lwechsel;4921;846;2;0,0045;6;0;0;6;0;9;0;0;0;0
Teilesatz, Automatikgetriebe-?lwechsel;4921;107340;2;0,0045;0;0;0;1;0;1;0;0;0;0
Teilesatz, Automatikgetriebe-?lwechsel;4921;17812;1;0,0022;3;0;2;6;0;12;0;1;1;1
Teilesatz, Automatikgetriebe-?lwechsel;4921;125341;26;0,0584;3;0;2;2;0;3;3;1;1;1
Teilesatz, Automatikgetriebe-?lwechsel;4921;122833;3;0,0067;2;1;2;6;0;6;2;2;1;0
Teilesatz, Automatikgetriebe-?lwechsel;4921;19711;2;0,0045;7;0;15;6;0;8;5;2;0;2
Teilesatz, Automatikgetriebe-?lwechsel;4921;127329;4;0,009;4;0;2;6;0;3;2;1;1;0
Teilesatz, Automatikgetriebe-?lwechsel;4921;145292;1;0,0022;0;0;0;0;0;1;0;0;0;0
Teilesatz, Automatikgetriebe-?lwechsel;4921;136649;1;0,0022;3;0;2;2;0;3;2;1;1;1
Teilesatz, Automatikgetriebe-?lwechsel;4921;127682;2;0,0045;2;0;2;3;0;3;2;1;1;0
Teilesatz, Automatikgetriebe-?lwechsel;4921;19294;2;0,0045;7;0;7;6;0;8;5;2;0;2
Teilesatz, Automatikgetriebe-?lwechsel;4921;57251;7;0,0157;6;0;4;5;0;6;3;1;2;1
Teilesatz, Automatikgetriebe-?lwechsel;4921;138987;5;0,0112;6;0;0;0;0;3;0;3;0;2
Teilesatz, Automatikgetriebe-?lwechsel;4921;142222;10;0,0225;3;0;0;3;0;6;2;1;0;0
Teilesatz, Automatikgetriebe-?lwechsel;4921;141274;3;0,0067;6;0;1;3;0;6;2;0;1;0
Teilesatz, Automatikgetriebe-?lwechsel;4921;11293;1;0,0022;6;0;4;7;0;8;0;1;2;1
Teilesatz, Automatikgetriebe-?lwechsel;4921;129539;1;0,0022;0;0;2;2;0;0;3;0;1;0
Teilesatz, Automatikgetriebe-?lwechsel;4921;119493;4;0,009;0;0;0;1;0;1;0;0;0;0
Teilesatz, Automatikgetriebe-?lwechsel;4921;19663;3;0,0067;8;0;17;7;0;8;5;3;1;3
Teilesatz, Automatikgetriebe-?lwechsel;4921;137547;1;0,0022;9;0;0;3;0;12;0;3;0;2
Teilesatz, Automatikgetriebe-?lwechsel;4921;109394;17;0,0382;3;0;1;3;0;3;2;1;0;0
Teilesatz, Automatikgetriebe-?lwechsel;4921;114874;4;0,009;3;0;7;5;0;6;2;1;1;1
Teilesatz, Automatikgetriebe-?lwechsel;4921;144806;1;0,0022;3;0;3;5;0;6;2;1;0;0
Teilesatz, Automatikgetriebe-?lwechsel;4921;134844;4;0,009;3;0;2;7;0;6;2;1;0;0
Teilesatz, Automatikgetriebe-?lwechsel;4921;105628;5;0,0112;4;0;6;5;0;6;2;2;1;1
Teilesatz, Automatikgetriebe-?lwechsel;4921;17123;3;0,0067;4;0;0;4;0;4;0;1;1;1
Teilesatz, Automatikgetriebe-?lwechsel;4921;126876;5;0,0112;0;0;6;7;0;9;4;1;1;1
Teilesatz, Automatikgetriebe-?lwechsel;4921;123388;10;0,0225;3;0;2;2;0;3;3;0;1;0
Teilesatz, Automatikgetriebe-?lwechsel;4921;31042;5;0,0112;12;0;12;10;0;12;3;3;1;3
Teilesatz, Automatikgetriebe-?lwechsel;4921;57306;1;0,0022;12;0;14;4;0;4;5;3;1;3
Teilesatz, Automatikgetriebe-?lwechsel;4921;141038;1;0,0022;0;0;0;1;0;2;0;0;0;0
Teilesatz, Automatikgetriebe-?lwechsel;4921;107968;15;0,0337;0;0;1;2;0;3;0;0;0;0
Teilesatz, Automatikgetriebe-?lwechsel;4921;17819;4;0,009;2;0;1;5;0;6;0;0;0;0
Teilesatz, Automatikgetriebe-?lwechsel;4921;34986;3;0,0067;3;0;2;5;0;6;0;0;2;0
Teilesatz, Automatikgetriebe-?lwechsel;4921;26765;5;0,0112;3;0;2;3;0;3;2;1;0;0
Teilesatz, Automatikgetriebe-?lwechsel;4921;57592;6;0,0135;6;0;5;9;0;8;0;1;2;1
Teilesatz, Automatikgetriebe-?lwechsel;4921;12089;2;0,0045;1;0;5;2;0;3;0;0;0;0
Teilesatz, Automatikgetriebe-?lwechsel;4921;16624;1;0,0022;0;0;0;0;0;0;0;0;0;0
Teilesatz, Automatikgetriebe-?lwechsel;4921;58445;3;0,0067;3;0;2;2;0;3;3;1;1;1
Teilesatz, Automatikgetriebe-?lwechsel;4921;30369;3;0,0067;3;0;2;2;0;6;2;1;2;1
Teilesatz, Automatikgetriebe-?lwechsel;4921;58294;4;0,009;3;0;2;2;0;3;3;1;1;1
Teilesatz, Automatikgetriebe-?lwechsel;4921;128651;25;0,0562;3;0;2;7;0;6;2;1;0;0
Teilesatz, Automatikgetriebe-?lwechsel;4921;11793;2;0,0045;4;0;8;4;0;6;0;0;0;0
Teilesatz, Automatikgetriebe-?lwechsel;4921;59617;1;0,0022;3;0;6;9;0;7;2;1;2;1
Teilesatz, Automatikgetriebe-?lwechsel;4921;58359;49;0,1101;6;0;4;4;0;6;2;1;1;1
Teilesatz, Automatikgetriebe-?lwechsel;4921;31140;1;0,0022;3;0;0;3;0;3;0;0;0;0
Teilesatz, Automatikgetriebe-?lwechsel;4921;117351;1;0,0022;3;0;2;2;0;3;3;0;1;0
Teilesatz, Automatikgetriebe-?lwechsel;4921;127987;1;0,0022;3;0;2;2;0;3;2;1;1;1
Teilesatz, Automatikgetriebe-?lwechsel;4921;135058;3;0,0067;3;0;2;4;0;6;2;1;1;1
Teilesatz, Automatikgetriebe-?lwechsel;4921;120270;1;0,0022;3;0;0;2;0;3;0;0;0;0
Teilesatz, Automatikgetriebe-?lwechsel;4921;2538;4;0,009;2;0;6;9;0;6;2;1;2;0
Teilesatz, Automatikgetriebe-?lwechsel;4921;116123;8;0,018;6;1;6;6;0;7;3;3;1;2
Teilesatz, Automatikgetriebe-?lwechsel;4921;128049;1;0,0022;3;0;3;7;0;7;0;0;2;0
Teilesatz, Automatikgetriebe-?lwechsel;4921;10248;3;0,0067;3;0;0;2;0;3;2;1;1;1
Teilesatz, Automatikgetriebe-?lwechsel;4921;108629;14;0,0315;5;0;0;4;0;2;0;0;0;0
Teilesatz, Automatikgetriebe-?lwechsel;4921;23481;1;0,0022;3;0;1;3;0;3;2;1;1;1
Teilesatz, Automatikgetriebe-?lwechsel;4921;143880;1;0,0022;0;0;2;3;0;3;2;1;0;0
Teilesatz, Automatikgetriebe-?lwechsel;4921;18572;1;0,0022;6;1;3;5;0;9;2;0;1;0
Teilesatz, Automatikgetriebe-?lwechsel;4921;18729;32;0,0719;3;0;6;2;0;3;2;2;1;1
Teilesatz, Automatikgetriebe-?lwechsel;4921;141721;1;0,0022;2;0;0;0;0;6;4;0;0;0
Teilesatz, Automatikgetriebe-?lwechsel;4921;32621;2;0,0045;2;0;2;4;0;2;0;0;1;0
Teilesatz, Automatikgetriebe-?lwechsel;4921;10025;1;0,0022;3;0;0;8;0;9;0;2;0;2
Teilesatz, Automatikgetriebe-?lwechsel;4921;116943;2;0,0045;7;1;0;3;0;12;3;3;0;2
Teilesatz, Automatikgetriebe-?lwechsel;4921;30938;2;0,0045;12;0;17;7;0;8;5;3;1;3
Teilesatz, Automatikgetriebe-?lwechsel;4921;124784;1;0,0022;0;0;1;4;0;6;1;1;1;1
Teilesatz, Automatikgetriebe-?lwechsel;4921;9318;1;0,0022;3;0;0;3;0;3;3;1;0;0
Teilesatz, Automatikgetriebe-?lwechsel;4921;10575;1;0,0022;3;0;2;3;0;3;2;1;1;1
Teilesatz, Automatikgetriebe-?lwechsel;4921;136271;2;0,0045;6;1;2;3;0;3;2;3;1;2
Teilesatz, Automatikgetriebe-?lwechsel;4921;109842;52;0,1169;9;0;7;5;0;6;4;1;1;1
Teilesatz, Automatikgetriebe-?lwechsel;4921;24942;2;0,0045;3;0;4;2;0;3;2;1;1;1
Teilesatz, Automatikgetriebe-?lwechsel;4921;106480;2;0,0045;0;0;0;2;0;4;0;0;0;0
Teilesatz, Automatikgetriebe-?lwechsel;4921;138888;1;0,0022;2;0;1;3;0;3;2;1;1;0
Teilesatz, Automatikgetriebe-?lwechsel;4921;32273;6;0,0135;6;0;7;5;0;6;2;1;1;1
Teilesatz, Automatikgetriebe-?lwechsel;4921;137090;8;0,018;3;0;2;6;0;5;0;0;2;0
Teilesatz, Automatikgetriebe-?lwechsel;4921;17164;7;0,0157;5;0;9;7;0;4;2;1;1;1
Teilesatz, Automatikgetriebe-?lwechsel;4921;100466;15;0,0337;3;0;2;3;0;3;2;1;0;0
Teilesatz, Automatikgetriebe-?lwechsel;4921;23054;2;0,0045;0;0;0;0;0;3;0;0;0;0
Teilesatz, Automatikgetriebe-?lwechsel;4921;107074;1;0,0022;0;0;0;0;0;0;0;0;0;0
Teilesatz, Automatikgetriebe-?lwechsel;4921;136108;1;0,0022;3;0;2;6;0;7;0;0;2;0
Teilesatz, Automatikgetriebe-?lwechsel;4921;56771;2;0,0045;0;0;2;2;0;3;2;0;0;0
Teilesatz, Automatikgetriebe-?lwechsel;4921;29925;3;0,0067;4;0;2;4;0;6;0;0;0;0
Teilesatz, Automatikgetriebe-?lwechsel;4921;143535;5;0,0112;0;0;0;2;0;0;0;0;0;0
Teilesatz, Automatikgetriebe-?lwechsel;4921;107424;2;0,0045;3;0;2;2;0;6;3;0;1;0
Teilesatz, Automatikgetriebe-?lwechsel;4921;100391;3;0,0067;0;0;0;2;0;0;0;0;0;0
Teilesatz, Automatikgetriebe-?lwechsel;4921;59594;1;0,0022;0;0;0;2;0;9;0;0;0;0
Teilesatz, Automatikgetriebe-?lwechsel;4921;12259;3;0,0067;3;0;0;2;0;9;2;2;0;1
Teilesatz, Automatikgetriebe-?lwechsel;4921;100754;13;0,0292;9;1;4;6;0;7;5;3;1;2
Teilesatz, Automatikgetriebe-?lwechsel;4921;117081;11;0,0247;3;0;3;7;0;9;0;0;2;0
Teilesatz, Automatikgetriebe-?lwechsel;4921;32798;25;0,0562;12;0;17;6;0;8;5;3;1;3
Teilesatz, Automatikgetriebe-?lwechsel;4921;127210;10;0,0225;2;0;0;4;0;1;0;0;1;0
Teilesatz, Automatikgetriebe-?lwechsel;4921;115188;6;0,0135;2;0;2;7;0;5;0;0;1;0
Teilesatz, Automatikgetriebe-?lwechsel;4921;32053;5;0,0112;6;1;5;3;0;6;2;1;1;1
Teilesatz, Automatikgetriebe-?lwechsel;4921;840;3;0,0067;3;0;0;6;0;9;0;0;0;0
Teilesatz, Automatikgetriebe-?lwechsel;4921;30740;3;0,0067;6;0;2;10;0;9;4;1;2;1
Teilesatz, Automatikgetriebe-?lwechsel;4921;57430;3;0,0067;4;0;2;2;0;5;0;0;0;0
Teilesatz, Automatikgetriebe-?lwechsel;4921;136469;4;0,009;5;0;2;2;0;6;2;0;1;0
Teilesatz, Automatikgetriebe-?lwechsel;4921;125154;2;0,0045;5;0;5;9;0;10;2;0;3;0
Teilesatz, Automatikgetriebe-?lwechsel;4921;112297;6;0,0135;1;0;2;6;0;3;2;1;2;1
Teilesatz, Automatikgetriebe-?lwechsel;4921;57277;3;0,0067;3;0;7;8;0;9;3;1;3;1
Teilesatz, Automatikgetriebe-?lwechsel;4921;15264;4;0,009;5;0;8;7;0;4;2;1;1;1
Teilesatz, Automatikgetriebe-?lwechsel;4921;126573;8;0,018;6;0;2;0;0;3;0;0;1;0
Teilesatz, Automatikgetriebe-?lwechsel;4921;160206;1;0,0022;0;0;0;3;0;5;2;1;0;0
Teilesatz, Automatikgetriebe-?lwechsel;4921;117811;8;0,018;1;0;7;5;0;6;4;1;1;1
Teilesatz, Automatikgetriebe-?lwechsel;4921;107348;2;0,0045;3;0;4;8;0;9;0;0;2;0
Teilesatz, Automatikgetriebe-?lwechsel;4921;117847;2;0,0045;3;0;0;3;0;3;2;0;0;0
Teilesatz, Automatikgetriebe-?lwechsel;4921;108576;17;0,0382;0;0;1;2;0;3;0;1;1;1
Teilesatz, Automatikgetriebe-?lwechsel;4921;18095;2;0,0045;6;0;0;5;0;6;0;0;0;0
Teilesatz, Automatikgetriebe-?lwechsel;4921;16291;1;0,0022;3;0;0;3;0;3;2;1;0;1
Teilesatz, Automatikgetriebe-?lwechsel;4921;31501;10;0,0225;12;0;13;6;0;8;0;3;1;3
Teilesatz, Automatikgetriebe-?lwechsel;4921;23049;5;0,0112;0;0;2;4;0;6;0;0;0;0
Teilesatz, Automatikgetriebe-?lwechsel;4921;106312;1;0,0022;14;1;6;6;0;15;7;4;2;3
Teilesatz, Automatikgetriebe-?lwechsel;4921;109449;1;0,0022;2;0;2;2;0;3;0;0;0;0
Teilesatz, Automatikgetriebe-?lwechsel;4921;128301;7;0,0157;1;0;4;2;0;3;0;0;0;0
Teilesatz, Automatikgetriebe-?lwechsel;4921;59804;2;0,0045;3;0;2;2;0;3;3;0;1;0
Teilesatz, Automatikgetriebe-?lwechsel;4921;145599;8;0,018;3;0;0;6;0;5;2;1;0;0
Teilesatz, Automatikgetriebe-?lwechsel;4921;112666;4;0,009;6;0;4;3;0;4;3;2;0;2
Teilesatz, Automatikgetriebe-?lwechsel;4921;17047;5;0,0112;5;0;9;7;0;4;2;1;1;1
Teilesatz, Automatikgetriebe-?lwechsel;4921;128191;46;0,1034;5;0;5;5;0;6;4;2;1;1
Teilesatz, Automatikgetriebe-?lwechsel;4921;18427;1;0,0022;0;0;0;0;0;3;0;1;1;1
Teilesatz, Automatikgetriebe-?lwechsel;4921;131307;4;0,009;2;0;2;3;0;3;2;1;1;0
Teilesatz, Automatikgetriebe-?lwechsel;4921;16045;2;0,0045;2;0;4;5;0;6;2;1;1;0
Teilesatz, Automatikgetriebe-?lwechsel;4921;11816;1;0,0022;0;0;0;0;0;0;0;0;0;0
Teilesatz, Automatikgetriebe-?lwechsel;4921;147699;1;0,0022;0;0;0;0;0;0;0;0;0;0
Teilesatz, Automatikgetriebe-?lwechsel;4921;9942;16;0,036;9;0;8;9;0;11;5;3;1;2
Teilesatz, Automatikgetriebe-?lwechsel;4921;24460;3;0,0067;3;0;1;4;0;6;2;0;0;0
Teilesatz, Automatikgetriebe-?lwechsel;4921;33598;1;0,0022;3;0;1;2;0;3;2;1;1;1
Teilesatz, Automatikgetriebe-?lwechsel;4921;125337;13;0,0292;3;0;2;2;0;6;3;1;1;1
Teilesatz, Automatikgetriebe-?lwechsel;4921;58987;1;0,0022;3;0;2;4;0;6;3;1;1;1
Teilesatz, Automatikgetriebe-?lwechsel;4921;143059;6;0,0135;3;0;4;6;0;2;0;0;1;0
Teilesatz, Automatikgetriebe-?lwechsel;4921;25486;3;0,0067;3;2;5;3;0;6;2;1;1;1
Teilesatz, Automatikgetriebe-?lwechsel;4921;31493;2;0,0045;7;0;11;6;0;8;3;2;0;2
Teilesatz, Automatikgetriebe-?lwechsel;4921;32093;1;0,0022;4;0;2;4;0;6;0;0;0;0
Teilesatz, Automatikgetriebe-?lwechsel;4921;137735;2;0,0045;0;0;0;2;0;6;0;0;0;0
Teilesatz, Automatikgetriebe-?lwechsel;4921;28263;1;0,0022;0;0;2;2;0;3;2;0;0;0
Teilesatz, Automatikgetriebe-?lwechsel;4921;119940;1;0,0022;9;1;2;6;0;6;5;4;1;2
Teilesatz, Automatikgetriebe-?lwechsel;4921;24438;3;0,0067;2;0;1;2;0;3;0;0;0;0
Teilesatz, Automatikgetriebe-?lwechsel;4921;145940;10;0,0225;6;0;0;0;0;12;2;0;0;0
Teilesatz, Automatikgetriebe-?lwechsel;4921;119227;2;0,0045;0;0;2;2;0;3;3;0;1;0
Teilesatz, Automatikgetriebe-?lwechsel;4921;131407;1;0,0022;2;0;2;3;0;3;2;1;1;0
Teilesatz, Automatikgetriebe-?lwechsel;4921;59454;1;0,0022;7;0;4;3;0;4;3;2;0;2
Teilesatz, Automatikgetriebe-?lwechsel;4921;137113;1;0,0022;0;0;0;2;0;3;0;0;0;0
Teilesatz, Automatikgetriebe-?lwechsel;4921;105893;12;0,027;3;0;0;3;0;3;0;0;0;0
Teilesatz, Automatikgetriebe-?lwechsel;4921;19963;12;0,027;6;0;7;5;0;6;4;1;1;1
Teilesatz, Automatikgetriebe-?lwechsel;4921;251;2;0,0045;1;0;0;3;0;6;0;0;0;0
Teilesatz, Automatikgetriebe-?lwechsel;4921;133872;3;0,0067;3;0;2;3;0;3;2;1;1;1
Teilesatz, Automatikgetriebe-?lwechsel;4921;32087;13;0,0292;0;0;0;2;0;3;0;0;0;0
Teilesatz, Automatikgetriebe-?lwechsel;4921;1511;2;0,0045;3;0;2;3;0;6;0;0;0;0
Teilesatz, Automatikgetriebe-?lwechsel;4921;128047;5;0,0112;3;0;3;7;0;7;0;0;2;0
Teilesatz, Automatikgetriebe-?lwechsel;4921;111083;1;0,0022;0;0;0;2;0;3;0;0;0;0
Teilesatz, Automatikgetriebe-?lwechsel;4921;56776;3;0,0067;1;0;2;4;0;3;3;1;1;1
Teilesatz, Automatikgetriebe-?lwechsel;4921;733;4;0,009;0;0;2;2;0;3;0;0;0;0
Teilesatz, Automatikgetriebe-?lwechsel;4921;22660;21;0,0472;6;1;5;6;0;3;4;1;2;1
Teilesatz, Automatikgetriebe-?lwechsel;4921;55592;1;0,0022;1;0;6;5;0;6;2;0;0;0
Teilesatz, Automatikgetriebe-?lwechsel;4921;16077;1;0,0022;3;0;5;5;0;3;0;1;2;1
Teilesatz, Automatikgetriebe-?lwechsel;4921;100075;38;0,0854;6;0;5;5;0;6;4;1;1;1
Teilesatz, Automatikgetriebe-?lwechsel;4921;116787;8;0,018;3;0;2;2;0;3;3;1;1;1
Teilesatz, Automatikgetriebe-?lwechsel;4921;110070;5;0,0112;3;0;2;2;0;3;2;1;1;1
Teilesatz, Automatikgetriebe-?lwechsel;4921;116950;2;0,0045;2;1;2;6;0;6;2;1;1;0
Teilesatz, Automatikgetriebe-?lwechsel;4921;33776;4;0,009;3;1;2;2;0;3;3;1;1;1
Teilesatz, Automatikgetriebe-?lwechsel;4921;106313;2;0,0045;9;1;6;6;0;7;5;3;1;2
Teilesatz, Automatikgetriebe-?lwechsel;4921;33853;2;0,0045;0;0;2;2;0;3;0;0;0;0
Teilesatz, Automatikgetriebe-?lwechsel;4921;16338;1;0,0022;0;0;0;0;0;3;0;0;0;0
Teilesatz, Automatikgetriebe-?lwechsel;4921;143527;8;0,018;3;0;2;10;0;9;2;1;0;0
Teilesatz, Automatikgetriebe-?lwechsel;4921;143389;3;0,0067;2;0;1;3;0;3;2;1;1;0
Teilesatz, Automatikgetriebe-?lwechsel;4921;17211;2;0,0045;6;0;0;3;0;3;0;0;0;0
Teilesatz, Automatikgetriebe-?lwechsel;4921;24494;3;0,0067;3;0;4;2;0;3;2;1;1;1
Teilesatz, Automatikgetriebe-?lwechsel;4921;121773;2;0,0045;2;1;2;6;0;3;2;2;1;0
Teilesatz, Automatikgetriebe-?lwechsel;4921;113349;1;0,0022;3;0;2;2;0;3;2;1;1;1
Teilesatz, Automatikgetriebe-?lwechsel;4921;141544;1;0,0022;5;0;0;4;0;3;0;0;0;0
Teilesatz, Automatikgetriebe-?lwechsel;4921;137771;2;0,0045;0;0;0;0;0;3;0;1;1;1
Teilesatz, Automatikgetriebe-?lwechsel;4921;136370;1;0,0022;0;0;0;0;0;3;2;0;0;0
Teilesatz, Automatikgetriebe-?lwechsel;4921;158710;2;0,0045;0;0;0;7;0;6;2;1;0;0
Teilesatz, Automatikgetriebe-?lwechsel;4921;1768;2;0,0045;3;0;2;0;0;9;0;0;0;0
Teilesatz, Automatikgetriebe-?lwechsel;4921;131274;2;0,0045;6;0;0;3;0;6;3;3;1;2
Teilesatz, Automatikgetriebe-?lwechsel;4921;120632;2;0,0045;4;0;4;5;0;6;2;1;0;0
Teilesatz, Automatikgetriebe-?lwechsel;4921;131284;3;0,0067;0;0;0;2;0;3;0;0;0;0
Teilesatz, Automatikgetriebe-?lwechsel;4921;109296;3;0,0067;6;1;2;3;0;6;3;2;1;2
Teilesatz, Automatikgetriebe-?lwechsel;4921;14855;1;0,0022;0;0;2;0;0;9;0;0;0;0
Teilesatz, Automatikgetriebe-?lwechsel;4921;20064;5;0,0112;3;0;7;5;0;6;0;1;1;1
Teilesatz, Automatikgetriebe-?lwechsel;4921;100798;14;0,0315;4;0;4;6;0;5;0;0;1;0
Teilesatz, Automatikgetriebe-?lwechsel;4921;31340;15;0,0337;2;0;2;4;0;1;0;0;1;0
Teilesatz, Automatikgetriebe-?lwechsel;4921;10576;60;0,1349;3;1;2;2;0;3;3;0;1;0
Teilesatz, Automatikgetriebe-?lwechsel;4921;6850;25;0,0562;3;0;1;2;0;3;2;0;1;0
Teilesatz, Automatikgetriebe-?lwechsel;4921;128090;1;0,0022;3;0;2;2;0;3;2;1;1;1
Teilesatz, Automatikgetriebe-?lwechsel;4921;120725;169;0,3799;2;1;2;6;0;3;2;2;1;0
Teilesatz, Automatikgetriebe-?lwechsel;4921;7019;8;0,018;3;0;1;2;0;3;2;1;1;1
Teilesatz, Automatikgetriebe-?lwechsel;4921;11138;6;0,0135;0;0;0;2;0;3;0;0;0;0
Teilesatz, Automatikgetriebe-?lwechsel;4921;19646;3;0,0067;8;0;17;4;0;4;5;3;1;3
Teilesatz, Automatikgetriebe-?lwechsel;4921;140439;20;0,045;0;0;0;3;0;3;2;0;0;0
Teilesatz, Automatikgetriebe-?lwechsel;4921;59008;11;0,0247;9;1;6;6;0;7;5;3;1;2
Teilesatz, Automatikgetriebe-?lwechsel;4921;140466;2;0,0045;0;0;0;2;0;3;0;0;0;0
Teilesatz, Automatikgetriebe-?lwechsel;4921;142446;7;0,0157;3;0;2;3;0;3;2;1;0;0
Teilesatz, Automatikgetriebe-?lwechsel;4921;133654;1;0,0022;6;0;5;7;0;7;0;0;2;0
Teilesatz, Automatikgetriebe-?lwechsel;4921;18261;95;0,2135;8;0;4;8;0;6;4;2;1;2
Teilesatz, Automatikgetriebe-?lwechsel;4921;115112;4;0,009;2;0;4;3;0;3;0;1;1;0
Teilesatz, Automatikgetriebe-?lwechsel;4921;28219;1;0,0022;4;0;2;4;0;6;0;0;0;0
Teilesatz, Automatikgetriebe-?lwechsel;4921;135069;7;0,0157;3;0;0;2;0;3;0;0;0;0
Teilesatz, Automatikgetriebe-?lwechsel;4921;54930;1;0,0022;5;0;4;7;0;4;2;1;1;1
Teilesatz, Automatikgetriebe-?lwechsel;4921;120295;6;0,0135;3;0;2;2;0;3;3;1;1;1
Teilesatz, Automatikgetriebe-?lwechsel;4921;135341;1;0,0022;6;0;0;7;0;5;0;0;1;0
Teilesatz, Automatikgetriebe-?lwechsel;4921;16592;1;0,0022;3;0;1;3;0;3;0;1;1;1
Teilesatz, Automatikgetriebe-?lwechsel;4921;140856;2;0,0045;0;0;0;2;0;3;2;0;0;0
Teilesatz, Automatikgetriebe-?lwechsel;4921;135933;18;0,0405;5;0;2;2;0;6;2;0;1;0
Teilesatz, Automatikgetriebe-?lwechsel;4921;1864;2;0,0045;0;0;2;0;0;9;0;0;0;0
Teilesatz, Automatikgetriebe-?lwechsel;4921;19954;7;0,0157;3;1;2;3;0;3;2;1;1;1
Teilesatz, Automatikgetriebe-?lwechsel;4921;123993;2;0,0045;3;0;3;5;0;4;0;0;1;0
Teilesatz, Automatikgetriebe-?lwechsel;4921;147475;1;0,0022;0;0;0;2;0;0;3;0;0;0
Teilesatz, Automatikgetriebe-?lwechsel;4921;105911;34;0,0764;5;0;2;4;0;2;0;0;1;0
Teilesatz, Automatikgetriebe-?lwechsel;4921;107640;11;0,0247;0;0;0;2;0;3;0;0;0;0
Teilesatz, Automatikgetriebe-?lwechsel;4921;131248;2;0,0045;6;0;0;3;0;12;3;3;0;2
Teilesatz, Automatikgetriebe-?lwechsel;4921;134501;14;0,0315;2;0;2;3;0;3;2;1;1;0
Teilesatz, Automatikgetriebe-?lwechsel;4921;120617;23;0,0517;4;0;4;5;0;6;2;1;0;0
Teilesatz, Automatikgetriebe-?lwechsel;4921;17011;3;0,0067;7;0;5;3;0;4;3;2;0;2
Teilesatz, Automatikgetriebe-?lwechsel;4921;19970;1;0,0022;0;0;2;2;0;6;0;0;0;0
Teilesatz, Automatikgetriebe-?lwechsel;4921;132596;1;0,0022;0;0;0;2;0;3;0;0;0;0
Teilesatz, Automatikgetriebe-?lwechsel;4921;109516;2;0,0045;3;0;2;2;0;3;2;1;1;1
Teilesatz, Automatikgetriebe-?lwechsel;4921;137058;2;0,0045;2;0;0;7;0;5;0;0;0;0
Teilesatz, Automatikgetriebe-?lwechsel;4921;143253;3;0,0067;3;0;2;3;0;3;2;0;0;0
Teilesatz, Automatikgetriebe-?lwechsel;4921;136269;2;0,0045;6;1;2;3;0;3;2;3;1;2
Teilesatz, Automatikgetriebe-?lwechsel;4921;140929;1;0,0022;0;0;0;2;0;3;2;0;0;0
Teilesatz, Automatikgetriebe-?lwechsel;4921;11990;9;0,0202;2;0;4;5;0;6;2;1;1;0
Teilesatz, Automatikgetriebe-?lwechsel;4921;18761;11;0,0247;3;1;2;3;0;3;2;1;1;1
Teilesatz, Automatikgetriebe-?lwechsel;4921;28173;1;0,0022;1;0;2;4;0;1;0;0;1;0
Teilesatz, Automatikgetriebe-?lwechsel;4921;32048;7;0,0157;0;0;0;3;0;3;0;0;0;0
Teilesatz, Automatikgetriebe-?lwechsel;4921;683;7;0,0157;3;0;0;3;0;6;0;0;0;0
Teilesatz, Automatikgetriebe-?lwechsel;4921;16035;1;0,0022;3;0;2;3;0;6;2;1;1;1
Teilesatz, Automatikgetriebe-?lwechsel;4921;131763;1;0,0022;0;0;0;5;0;1;0;0;0;0
Teilesatz, Automatikgetriebe-?lwechsel;4921;108634;11;0,0247;1;0;4;5;0;6;4;2;1;1
Teilesatz, Automatikgetriebe-?lwechsel;4921;126602;6;0,0135;3;0;0;3;0;3;0;0;0;0
Teilesatz, Automatikgetriebe-?lwechsel;4921;108253;1;0,0022;0;0;0;0;0;0;0;0;0;0
Teilesatz, Automatikgetriebe-?lwechsel;4921;142570;2;0,0045;5;0;2;4;0;6;4;0;1;0
Teilesatz, Automatikgetriebe-?lwechsel;4921;33431;7;0,0157;3;0;0;3;0;3;3;1;0;0
Teilesatz, Automatikgetriebe-?lwechsel;4921;131578;1;0,0022;5;0;1;4;0;3;2;0;1;0
Teilesatz, Automatikgetriebe-?lwechsel;4921;117723;1;0,0022;0;0;0;2;0;3;0;0;0;0
Teilesatz, Automatikgetriebe-?lwechsel;4921;133655;20;0,045;3;0;3;7;0;7;0;0;2;0
Teilesatz, Automatikgetriebe-?lwechsel;4921;5409;2;0,0045;3;0;0;3;0;3;2;1;0;1
Teilesatz, Automatikgetriebe-?lwechsel;4921;135696;5;0,0112;3;0;1;4;0;4;2;1;0;0
Teilesatz, Automatikgetriebe-?lwechsel;4921;19779;46;0,1034;5;0;9;7;0;4;2;1;1;1
Teilesatz, Automatikgetriebe-?lwechsel;4921;17490;3;0,0067;8;0;13;7;0;4;5;3;1;3
Teilesatz, Automatikgetriebe-?lwechsel;4921;125719;7;0,0157;1;0;4;5;0;6;4;1;1;1
Teilesatz, Automatikgetriebe-?lwechsel;4921;154473;1;0,0022;3;0;0;0;0;0;0;1;0;0
Teilesatz, Automatikgetriebe-?lwechsel;4921;141982;1;0,0022;0;0;2;2;0;6;3;0;1;0
Teilesatz, Automatikgetriebe-?lwechsel;4921;123340;3;0,0067;3;0;2;2;0;3;3;1;1;1
Teilesatz, Automatikgetriebe-?lwechsel;4921;58569;1;0,0022;7;0;5;3;0;4;3;2;0;2
Teilesatz, Automatikgetriebe-?lwechsel;4921;118185;2;0,0045;3;0;2;2;0;3;3;1;1;1
Teilesatz, Automatikgetriebe-?lwechsel;4921;100794;2;0,0045;2;0;0;4;0;3;0;1;2;1
Teilesatz, Automatikgetriebe-?lwechsel;4921;100829;51;0,1146;6;1;6;6;0;7;3;3;1;2
Teilesatz, Automatikgetriebe-?lwechsel;4921;28209;5;0,0112;7;0;16;6;0;12;3;2;0;2
Teilesatz, Automatikgetriebe-?lwechsel;4921;116263;15;0,0337;5;0;2;6;0;9;5;0;2;0
Teilesatz, Automatikgetriebe-?lwechsel;4921;114998;8;0,018;3;0;1;3;0;3;2;1;0;0
Teilesatz, Automatikgetriebe-?lwechsel;4921;25690;1;0,0022;2;0;3;8;0;15;2;1;2;0
Teilesatz, Automatikgetriebe-?lwechsel;4921;19660;2;0,0045;8;0;17;7;0;4;5;3;1;3
Teilesatz, Automatikgetriebe-?lwechsel;4921;10339;7;0,0157;9;0;8;9;0;11;3;3;1;2
Teilesatz, Automatikgetriebe-?lwechsel;4921;32676;1;0,0022;3;1;2;3;0;3;2;1;1;1
Teilesatz, Automatikgetriebe-?lwechsel;4921;214;1;0,0022;2;0;2;4;0;2;0;0;0;0
Teilesatz, Automatikgetriebe-?lwechsel;4921;23136;3;0,0067;7;0;15;3;0;8;5;2;0;2
Teilesatz, Automatikgetriebe-?lwechsel;4921;8405;1;0,0022;2;0;0;3;0;3;0;0;0;0
Teilesatz, Automatikgetriebe-?lwechsel;4921;59585;1;0,0022;3;0;2;3;0;3;2;0;0;0
Teilesatz, Automatikgetriebe-?lwechsel;4921;9871;8;0,018;7;0;6;6;0;8;3;2;0;2
Teilesatz, Automatikgetriebe-?lwechsel;4921;15721;6;0,0135;5;0;8;7;0;4;2;1;1;1
Teilesatz, Automatikgetriebe-?lwechsel;4921;18372;1;0,0022;5;0;2;9;0;12;2;2;2;2
Teilesatz, Automatikgetriebe-?lwechsel;4921;19063;4;0,009;2;0;2;4;0;4;2;1;1;1
Teilesatz, Automatikgetriebe-?lwechsel;4921;8386;4;0,009;3;0;1;3;0;3;0;1;1;1
Teilesatz, Automatikgetriebe-?lwechsel;4921;818;1;0,0022;6;0;3;10;0;13;0;0;0;0
Teilesatz, Automatikgetriebe-?lwechsel;4921;26568;1;0,0022;5;0;6;7;0;4;2;1;1;1
Teilesatz, Automatikgetriebe-?lwechsel;4921;109439;1;0,0022;4;0;5;5;0;6;0;0;0;0
Teilesatz, Automatikgetriebe-?lwechsel;4921;141630;7;0,0157;6;0;4;6;0;5;0;0;2;0
Teilesatz, Automatikgetriebe-?lwechsel;4921;143032;2;0,0045;0;0;0;2;0;3;0;0;0;0
Teilesatz, Automatikgetriebe-?lwechsel;4921;30866;1;0,0022;4;1;5;6;0;6;2;1;2;1
Teilesatz, Automatikgetriebe-?lwechsel;4921;966;46;0,1034;5;0;6;4;0;10;2;1;1;1
Teilesatz, Automatikgetriebe-?lwechsel;4921;32885;44;0,0989;12;0;17;7;0;8;5;3;1;3
Teilesatz, Automatikgetriebe-?lwechsel;4921;18591;12;0,027;7;0;13;6;0;12;5;2;0;2
Teilesatz, Automatikgetriebe-?lwechsel;4921;22549;2;0,0045;3;0;0;2;0;3;2;0;1;0
Teilesatz, Automatikgetriebe-?lwechsel;4921;116936;3;0,0067;9;1;6;6;0;3;5;3;1;2
Teilesatz, Automatikgetriebe-?lwechsel;4921;6837;13;0,0292;3;0;1;2;0;3;2;0;1;0
Teilesatz, Automatikgetriebe-?lwechsel;4921;23459;5;0,0112;7;0;17;10;0;8;3;2;0;2
Teilesatz, Automatikgetriebe-?lwechsel;4921;59663;1;0,0022;3;0;3;2;0;3;3;1;1;1
Teilesatz, Automatikgetriebe-?lwechsel;4921;143493;6;0,0135;2;0;2;2;0;6;4;0;0;0
Teilesatz, Automatikgetriebe-?lwechsel;4921;1769;3;0,0067;3;0;2;0;0;9;0;1;0;1
Teilesatz, Automatikgetriebe-?lwechsel;4921;128786;2;0,0045;2;0;0;4;0;0;0;0;1;0
Teilesatz, Automatikgetriebe-?lwechsel;4921;19847;3;0,0067;1;0;2;2;0;6;0;1;1;1
Teilesatz, Automatikgetriebe-?lwechsel;4921;32893;2;0,0045;12;0;8;4;0;4;5;3;1;3
Teilesatz, Automatikgetriebe-?lwechsel;4921;116014;1;0,0022;3;0;2;2;0;3;3;1;1;1
Teilesatz, Automatikgetriebe-?lwechsel;4921;31403;1;0,0022;6;1;3;3;0;3;2;0;1;0
Teilesatz, Automatikgetriebe-?lwechsel;4921;29269;12;0,027;7;0;4;3;0;4;3;2;0;2
Teilesatz, Automatikgetriebe-?lwechsel;4921;25446;4;0,009;3;1;5;6;0;6;4;1;2;1
Teilesatz, Automatikgetriebe-?lwechsel;4921;106303;4;0,009;7;1;4;3;0;4;3;2;0;2
Teilesatz, Automatikgetriebe-?lwechsel;4921;57219;4;0,009;3;0;2;3;0;3;0;1;2;1
Teilesatz, Automatikgetriebe-?lwechsel;4921;128300;13;0,0292;1;0;4;2;0;3;0;0;0;0
Teilesatz, Automatikgetriebe-?lwechsel;4921;339;2;0,0045;3;0;0;0;0;6;0;0;0;0
Teilesatz, Automatikgetriebe-?lwechsel;4921;130835;2;0,0045;0;0;0;4;0;6;0;0;0;0
Teilesatz, Automatikgetriebe-?lwechsel;4921;120730;2;0,0045;2;1;2;3;0;3;2;1;1;0
Teilesatz, Automatikgetriebe-?lwechsel;4921;9623;2;0,0045;1;0;5;2;0;3;0;1;1;1
Teilesatz, Automatikgetriebe-?lwechsel;4921;21320;1;0,0022;4;0;0;4;0;9;2;1;2;1
Teilesatz, Automatikgetriebe-?lwechsel;4921;145824;4;0,009;0;0;0;0;0;3;0;1;0;1
Teilesatz, Automatikgetriebe-?lwechsel;4921;139659;3;0,0067;0;0;0;4;0;6;0;1;0;0
Teilesatz, Automatikgetriebe-?lwechsel;4921;118090;1;0,0022;3;0;0;0;0;0;0;0;0;0
Teilesatz, Automatikgetriebe-?lwechsel;4921;50618;2;0,0045;0;0;0;3;0;3;0;0;0;0
Teilesatz, Automatikgetriebe-?lwechsel;4921;2935;2;0,0045;0;0;2;4;0;9;0;0;0;0
Teilesatz, Automatikgetriebe-?lwechsel;4921;57270;5;0,0112;3;0;2;2;0;3;3;1;1;1
Teilesatz, Automatikgetriebe-?lwechsel;4921;130824;56;0,1259;3;0;2;7;0;6;2;1;0;0
Teilesatz, Automatikgetriebe-?lwechsel;4921;135320;5;0,0112;3;0;1;4;0;10;2;1;0;0
Teilesatz, Automatikgetriebe-?lwechsel;4921;123535;4;0,009;3;0;0;3;0;3;0;0;0;0
Teilesatz, Automatikgetriebe-?lwechsel;4921;114860;8;0,018;3;0;4;5;0;6;2;1;1;1
Teilesatz, Automatikgetriebe-?lwechsel;4921;7677;30;0,0674;5;0;3;4;0;4;2;1;1;1
Teilesatz, Automatikgetriebe-?lwechsel;4921;129593;1;0,0022;0;0;0;2;0;3;0;0;0;0
Teilesatz, Automatikgetriebe-?lwechsel;4921;58611;2;0,0045;3;0;2;2;0;3;3;1;1;1
Teilesatz, Automatikgetriebe-?lwechsel;4921;137746;4;0,009;3;0;2;6;0;5;0;0;2;0
Teilesatz, Automatikgetriebe-?lwechsel;4921;13951;1;0,0022;0;0;0;2;0;3;0;0;0;0
Teilesatz, Automatikgetriebe-?lwechsel;4921;13164;3;0,0067;5;0;6;4;0;4;2;1;1;1
Teilesatz, Automatikgetriebe-?lwechsel;4921;30375;8;0,018;3;0;2;2;0;6;2;1;2;1
Teilesatz, Automatikgetriebe-?lwechsel;4921;108594;39;0,0877;3;0;5;11;0;12;2;1;2;0
Teilesatz, Automatikgetriebe-?lwechsel;4921;142280;7;0,0157;3;0;0;6;0;3;2;1;0;0
Teilesatz, Automatikgetriebe-?lwechsel;4921;7614;9;0,0202;5;0;3;4;0;4;2;1;1;1
Teilesatz, Automatikgetriebe-?lwechsel;4921;114889;14;0,0315;3;0;7;5;0;6;2;1;1;1
Teilesatz, Automatikgetriebe-?lwechsel;4921;101150;11;0,0247;2;0;0;4;0;14;0;0;1;0
Teilesatz, Automatikgetriebe-?lwechsel;4921;115171;1;0,0022;3;0;0;4;0;2;0;0;1;0
Teilesatz, Automatikgetriebe-?lwechsel;4921;120532;5;0,0112;0;0;0;0;0;2;1;0;0;0
Teilesatz, Automatikgetriebe-?lwechsel;4921;100062;48;0,1079;3;0;1;6;0;6;3;1;2;1
Teilesatz, Automatikgetriebe-?lwechsel;4921;142476;3;0,0067;0;0;0;4;0;6;0;1;0;0
Teilesatz, Automatikgetriebe-?lwechsel;4921;110066;1;0,0022;3;0;2;2;0;3;3;0;1;0
Teilesatz, Automatikgetriebe-?lwechsel;4921;28621;1;0,0022;5;0;6;4;0;4;2;1;1;1
Teilesatz, Automatikgetriebe-?lwechsel;4921;146468;5;0,0112;3;0;0;0;0;0;0;0;1;0
Teilesatz, Automatikgetriebe-?lwechsel;4921;116112;7;0,0157;0;0;0;4;0;9;0;0;0;0
Teilesatz, Automatikgetriebe-?lwechsel;4921;118792;5;0,0112;9;1;2;3;0;12;5;1;1;1
Teilesatz, Automatikgetriebe-?lwechsel;4921;775;8;0,018;3;0;0;6;0;9;0;0;0;0
Teilesatz, Automatikgetriebe-?lwechsel;4921;19644;1;0,0022;8;0;17;7;0;4;5;2;1;2
Teilesatz, Automatikgetriebe-?lwechsel;4921;132332;2;0,0045;0;0;0;2;0;0;0;0;0;0
Teilesatz, Automatikgetriebe-?lwechsel;4921;10312;7;0,0157;3;1;2;2;0;3;3;1;1;1
Teilesatz, Automatikgetriebe-?lwechsel;4921;8841;1;0,0022;3;0;0;0;0;3;2;0;0;0
Teilesatz, Automatikgetriebe-?lwechsel;4921;19734;1;0,0022;8;0;4;8;0;6;4;2;1;2
Teilesatz, Automatikgetriebe-?lwechsel;4921;17273;1;0,0022;2;0;2;6;0;6;2;2;2;2
Teilesatz, Automatikgetriebe-?lwechsel;4921;18918;1;0,0022;3;0;1;3;0;3;2;1;0;1
Teilesatz, Automatikgetriebe-?lwechsel;4921;2477;2;0,0045;2;0;2;4;0;5;0;0;1;0
Teilesatz, Automatikgetriebe-?lwechsel;4921;106301;1;0,0022;9;1;6;6;0;7;5;3;1;2
Teilesatz, Automatikgetriebe-?lwechsel;4921;158796;1;0,0022;0;0;0;0;0;3;0;1;0;0
Teilesatz, Automatikgetriebe-?lwechsel;4921;18392;8;0,018;6;0;7;5;0;8;4;1;1;1
Teilesatz, Automatikgetriebe-?lwechsel;4921;9264;52;0,1169;3;0;2;3;0;3;2;1;0;0
Teilesatz, Automatikgetriebe-?lwechsel;4921;144084;13;0,0292;3;0;0;3;0;8;2;1;0;0
Teilesatz, Automatikgetriebe-?lwechsel;4921;59765;1;0,0022;3;0;2;2;0;3;3;1;1;1
Teilesatz, Automatikgetriebe-?lwechsel;4921;33774;12;0,027;3;1;2;2;0;3;3;1;1;1
Teilesatz, Automatikgetriebe-?lwechsel;4921;135743;2;0,0045;5;0;5;7;0;10;2;0;2;0
Teilesatz, Automatikgetriebe-?lwechsel;4921;131311;2;0,0045;2;0;2;3;0;3;2;1;1;0
Teilesatz, Automatikgetriebe-?lwechsel;4921;108186;1;0,0022;3;0;2;2;0;3;3;0;1;0
Teilesatz, Automatikgetriebe-?lwechsel;4921;57316;1;0,0022;8;0;3;4;0;4;5;3;1;3
Teilesatz, Automatikgetriebe-?lwechsel;4921;116948;1;0,0022;9;1;6;6;0;3;5;3;1;2
Teilesatz, Automatikgetriebe-?lwechsel;4921;108759;1;0,0022;9;1;6;6;0;7;5;3;1;2
Teilesatz, Automatikgetriebe-?lwechsel;4921;123426;49;0,1101;7;0;9;7;0;9;2;2;1;1
Teilesatz, Automatikgetriebe-?lwechsel;4921;108600;1;0,0022;2;0;2;4;0;9;0;0;0;0
Teilesatz, Automatikgetriebe-?lwechsel;4921;4691;9;0,0202;5;0;6;7;0;13;2;1;1;1
Teilesatz, Automatikgetriebe-?lwechsel;4921;118186;4;0,009;3;0;2;2;0;3;3;1;1;1
Teilesatz, Automatikgetriebe-?lwechsel;4921;19836;3;0,0067;4;1;5;6;0;6;2;1;2;1
Teilesatz, Automatikgetriebe-?lwechsel;4921;116117;4;0,009;6;1;6;6;0;7;3;2;1;2
Teilesatz, Automatikgetriebe-?lwechsel;4921;19829;4;0,009;5;1;5;9;0;9;2;2;2;2
Teilesatz, Automatikgetriebe-?lwechsel;4921;22535;6;0,0135;3;1;2;3;0;3;2;1;1;1
Teilesatz, Automatikgetriebe-?lwechsel;4921;123400;19;0,0427;3;0;5;9;0;10;0;0;3;0
Teilesatz, Automatikgetriebe-?lwechsel;4921;111780;2;0,0045;0;0;1;2;0;3;0;0;1;0
Teilesatz, Automatikgetriebe-?lwechsel;4921;15267;6;0,0135;3;0;0;8;0;9;0;2;0;2
Teilesatz, Automatikgetriebe-?lwechsel;4921;30843;2;0,0045;4;0;4;4;0;6;2;2;1;2
Teilesatz, Automatikgetriebe-?lwechsel;4921;15889;2;0,0045;3;0;0;3;0;3;0;0;0;0
Teilesatz, Automatikgetriebe-?lwechsel;4921;139658;2;0,0045;0;0;0;4;0;6;0;1;0;0
Teilesatz, Automatikgetriebe-?lwechsel;4921;23151;1;0,0022;2;0;3;4;0;6;0;0;0;0
Teilesatz, Automatikgetriebe-?lwechsel;4921;120565;1;0,0022;3;0;3;7;0;7;0;0;2;0
Teilesatz, Automatikgetriebe-?lwechsel;4921;296;5;0,0112;3;0;6;2;0;3;0;1;1;1
Teilesatz, Automatikgetriebe-?lwechsel;4921;138847;14;0,0315;3;0;0;2;0;3;0;0;0;0
Teilesatz, Automatikgetriebe-?lwechsel;4921;58825;1;0,0022;0;0;0;2;0;3;0;0;0;0
Teilesatz, Automatikgetriebe-?lwechsel;4921;139215;4;0,009;3;0;2;2;0;3;2;0;1;0
Teilesatz, Automatikgetriebe-?lwechsel;4921;121650;1;0,0022;0;0;0;0;0;6;0;0;0;0
Teilesatz, Automatikgetriebe-?lwechsel;4921;126262;1;0,0022;3;0;2;4;0;6;3;1;1;1
Teilesatz, Automatikgetriebe-?lwechsel;4921;22658;1;0,0022;3;1;2;3;0;3;2;1;1;1
Teilesatz, Automatikgetriebe-?lwechsel;4921;18466;2;0,0045;0;0;0;6;0;6;0;2;0;2
Teilesatz, Automatikgetriebe-?lwechsel;4921;127830;4;0,009;3;0;2;2;0;3;2;1;1;1
Teilesatz, Automatikgetriebe-?lwechsel;4921;107642;1;0,0022;0;0;0;2;0;3;0;0;0;0
Teilesatz, Automatikgetriebe-?lwechsel;4921;32068;2;0,0045;0;0;2;2;0;3;2;1;1;1
Teilesatz, Automatikgetriebe-?lwechsel;4921;11954;3;0,0067;3;1;2;2;0;3;3;1;1;1
Teilesatz, Automatikgetriebe-?lwechsel;4921;136520;2;0,0045;3;0;2;2;0;3;2;1;1;1
Teilesatz, Automatikgetriebe-?lwechsel;4921;53271;1;0,0022;7;0;4;3;0;4;3;2;0;2
Teilesatz, Automatikgetriebe-?lwechsel;4921;57607;2;0,0045;0;0;0;3;0;3;0;0;0;0
Teilesatz, Automatikgetriebe-?lwechsel;4921;100849;10;0,0225;3;0;2;2;0;3;3;1;1;1
Teilesatz, Automatikgetriebe-?lwechsel;4921;132444;5;0,0112;0;0;0;1;0;1;0;0;0;0
Teilesatz, Automatikgetriebe-?lwechsel;4921;144477;1;0,0022;0;0;0;0;0;2;2;2;0;0
Teilesatz, Automatikgetriebe-?lwechsel;4921;30870;9;0,0202;12;0;17;6;0;8;5;3;1;3
Teilesatz, Automatikgetriebe-?lwechsel;4921;123427;158;0,3552;7;0;9;7;0;9;2;1;1;1
Teilesatz, Automatikgetriebe-?lwechsel;4921;138449;7;0,0157;4;0;2;3;0;3;2;1;0;0
Teilesatz, Automatikgetriebe-?lwechsel;4921;29298;10;0,0225;3;0;2;3;0;3;2;1;1;1
Teilesatz, Automatikgetriebe-?lwechsel;4921;32903;2;0,0045;12;0;5;4;0;4;3;3;1;3
Teilesatz, Automatikgetriebe-?lwechsel;4921;18414;2;0,0045;4;0;2;9;0;12;2;2;2;2
Teilesatz, Automatikgetriebe-?lwechsel;4921;33062;6;0,0135;0;0;2;2;0;3;0;0;0;0
Teilesatz, Automatikgetriebe-?lwechsel;4921;17971;3;0,0067;6;0;7;5;0;6;2;2;1;1
Teilesatz, Automatikgetriebe-?lwechsel;4921;5325;1;0,0022;0;0;0;2;0;3;2;0;1;0
Teilesatz, Automatikgetriebe-?lwechsel;4921;5600;4;0,009;3;0;2;0;0;6;0;1;0;1
Teilesatz, Automatikgetriebe-?lwechsel;4921;52426;23;0,0517;3;0;5;2;0;3;0;1;1;1
Teilesatz, Automatikgetriebe-?lwechsel;4921;58509;1;0,0022;0;0;0;3;0;3;0;0;0;0
Teilesatz, Automatikgetriebe-?lwechsel;4921;19833;1;0,0022;3;1;2;3;0;3;2;1;1;1
Teilesatz, Automatikgetriebe-?lwechsel;4921;17209;1;0,0022;2;0;0;3;0;3;0;0;0;0
Teilesatz, Automatikgetriebe-?lwechsel;4921;143835;2;0,0045;4;0;0;0;0;14;2;1;1;0
Teilesatz, Automatikgetriebe-?lwechsel;4921;117080;3;0,0067;3;0;3;9;0;12;3;0;3;0
Teilesatz, Automatikgetriebe-?lwechsel;4921;28230;1;0,0022;0;0;3;4;0;6;0;0;0;0
Teilesatz, Automatikgetriebe-?lwechsel;4921;24462;2;0,0045;3;0;1;4;0;6;2;0;0;0
Teilesatz, Automatikgetriebe-?lwechsel;4921;18302;5;0,0112;9;0;1;7;0;9;2;1;1;1
Teilesatz, Automatikgetriebe-?lwechsel;4921;122059;1;0,0022;3;0;5;9;0;10;0;0;3;0
Teilesatz, Automatikgetriebe-?lwechsel;4921;141570;10;0,0225;3;0;4;6;0;5;0;0;2;0
Teilesatz, Automatikgetriebe-?lwechsel;4921;115208;43;0,0967;3;0;8;4;0;6;2;1;1;1
Teilesatz, Automatikgetriebe-?lwechsel;4921;136785;5;0,0112;2;0;2;3;0;3;2;1;1;0
Teilesatz, Automatikgetriebe-?lwechsel;4921;23138;7;0,0157;7;0;17;10;0;8;5;2;0;2
Teilesatz, Automatikgetriebe-?lwechsel;4921;18793;2;0,0045;0;0;0;3;0;3;0;0;0;0
Teilesatz, Automatikgetriebe-?lwechsel;4921;146021;2;0,0045;6;0;1;3;0;6;2;0;1;0
Teilesatz, Automatikgetriebe-?lwechsel;4921;19097;6;0,0135;4;1;5;6;0;6;2;1;2;1
Teilesatz, Automatikgetriebe-?lwechsel;4921;8320;2;0,0045;4;0;4;5;0;12;2;0;1;0
Teilesatz, Automatikgetriebe-?lwechsel;4921;115115;36;0,0809;0;0;0;3;0;4;0;0;0;0
Teilesatz, Automatikgetriebe-?lwechsel;4921;107961;4;0,009;3;0;2;2;0;3;3;1;1;1
Teilesatz, Automatikgetriebe-?lwechsel;4921;19103;5;0,0112;7;1;5;6;0;6;2;1;2;1
Teilesatz, Automatikgetriebe-?lwechsel;4921;16461;3;0,0067;3;0;0;2;0;4;0;0;0;0
Teilesatz, Automatikgetriebe-?lwechsel;4921;18523;6;0,0135;3;0;6;2;0;3;2;2;1;1
Teilesatz, Automatikgetriebe-?lwechsel;4921;4535;1;0,0022;0;0;2;0;0;0;0;0;0;0
Teilesatz, Automatikgetriebe-?lwechsel;4921;24437;3;0,0067;2;0;3;4;0;6;0;0;0;0
Teilesatz, Automatikgetriebe-?lwechsel;4921;128181;40;0,0899;4;0;2;3;0;3;2;1;0;0
Teilesatz, Automatikgetriebe-?lwechsel;4921;10289;2;0,0045;0;0;3;4;0;6;0;0;0;0
Teilesatz, Automatikgetriebe-?lwechsel;4921;152945;9;0,0202;0;0;0;10;0;6;2;1;0;0
Teilesatz, Automatikgetriebe-?lwechsel;4921;100061;63;0,1416;6;0;5;11;0;12;3;1;3;1
Teilesatz, Automatikgetriebe-?lwechsel;4921;15507;12;0,027;1;0;4;2;0;6;0;0;0;0
Teilesatz, Automatikgetriebe-?lwechsel;4921;131979;1;0,0022;2;0;2;3;0;3;2;1;1;0
Teilesatz, Automatikgetriebe-?lwechsel;4921;18083;5;0,0112;3;0;7;5;0;6;3;2;1;1
Teilesatz, Automatikgetriebe-?lwechsel;4921;136029;12;0,027;6;1;2;3;0;6;2;3;1;2
Teilesatz, Automatikgetriebe-?lwechsel;4921;133306;22;0,0495;0;0;2;0;0;0;2;1;0;0
Teilesatz, Automatikgetriebe-?lwechsel;4921;136446;8;0,018;2;0;2;3;0;3;2;1;1;0
Teilesatz, Automatikgetriebe-?lwechsel;4921;16048;3;0,0067;3;0;5;5;0;3;0;1;2;1
Teilesatz, Automatikgetriebe-?lwechsel;4921;8964;1;0,0022;6;0;0;6;0;12;2;2;0;2
Teilesatz, Automatikgetriebe-?lwechsel;4921;8383;3;0,0067;8;0;6;10;0;10;0;1;1;1
Teilesatz, Automatikgetriebe-?lwechsel;4921;128511;2;0,0045;3;0;0;3;0;0;0;0;0;0
Teilesatz, Automatikgetriebe-?lwechsel;4921;128493;35;0,0787;3;0;2;7;0;6;2;1;0;0
Teilesatz, Automatikgetriebe-?lwechsel;4921;19064;1;0,0022;2;0;0;4;0;4;0;1;1;1
Teilesatz, Automatikgetriebe-?lwechsel;4921;27337;1;0,0022;0;0;0;0;0;0;0;0;0;0
Teilesatz, Automatikgetriebe-?lwechsel;4921;11716;31;0,0697;3;0;8;13;0;10;3;1;2;0
Teilesatz, Automatikgetriebe-?lwechsel;4921;115161;39;0,0877;3;0;7;11;0;9;4;1;1;1
Teilesatz, Automatikgetriebe-?lwechsel;4921;11294;10;0,0225;7;0;6;5;0;9;2;1;1;1
Teilesatz, Automatikgetriebe-?lwechsel;4921;19961;2;0,0045;3;0;7;5;0;6;2;0;1;0
Teilesatz, Automatikgetriebe-?lwechsel;4921;110019;2;0,0045;3;0;2;2;0;3;2;1;1;1
Teilesatz, Automatikgetriebe-?lwechsel;4921;14925;2;0,0045;3;0;0;3;0;9;0;1;0;1
Teilesatz, Automatikgetriebe-?lwechsel;4921;114975;3;0,0067;3;0;1;3;0;3;2;1;0;0
Teilesatz, Automatikgetriebe-?lwechsel;4921;57429;2;0,0045;2;0;2;2;0;3;0;0;0;0
Teilesatz, Automatikgetriebe-?lwechsel;4921;130268;7;0,0157;2;0;2;6;0;3;2;2;1;0
Teilesatz, Automatikgetriebe-?lwechsel;4921;119702;71;0,1596;4;0;6;5;0;6;2;1;0;0
Teilesatz, Automatikgetriebe-?lwechsel;4921;140515;1;0,0022;5;0;0;4;0;3;0;0;0;0
Teilesatz, Automatikgetriebe-?lwechsel;4921;106280;1;0,0022;0;0;2;4;0;6;0;0;0;0
Teilesatz, Automatikgetriebe-?lwechsel;4921;108162;1;0,0022;3;0;0;4;0;2;0;0;1;0
Teilesatz, Automatikgetriebe-?lwechsel;4921;145088;2;0,0045;3;0;0;6;0;6;4;0;1;0
Teilesatz, Automatikgetriebe-?lwechsel;4921;141268;1;0,0022;6;0;1;3;0;6;2;1;1;0
Teilesatz, Automatikgetriebe-?lwechsel;4921;138508;1;0,0022;2;0;1;3;0;3;2;1;1;0
Teilesatz, Automatikgetriebe-?lwechsel;4921;25490;7;0,0157;3;1;2;3;0;3;2;1;1;1
Teilesatz, Automatikgetriebe-?lwechsel;4921;11993;1;0,0022;2;0;4;5;0;6;2;1;1;0
Teilesatz, Automatikgetriebe-?lwechsel;4921;26608;3;0,0067;3;0;6;2;0;3;0;2;1;1
Teilesatz, Automatikgetriebe-?lwechsel;4921;55125;7;0,0157;3;1;2;2;0;3;3;1;1;1
Teilesatz, Automatikgetriebe-?lwechsel;4921;139216;2;0,0045;3;0;2;2;0;3;3;0;1;0
Teilesatz, Automatikgetriebe-?lwechsel;4921;31035;2;0,0045;3;0;2;3;0;3;2;1;1;1
Teilesatz, Automatikgetriebe-?lwechsel;4921;17230;2;0,0045;0;0;0;0;0;9;0;0;0;0
Teilesatz, Automatikgetriebe-?lwechsel;4921;8209;2;0,0045;3;0;2;4;0;2;0;0;1;0
Teilesatz, Automatikgetriebe-?lwechsel;4921;17354;1;0,0022;3;0;0;6;0;6;0;2;0;2
Teilesatz, Automatikgetriebe-?lwechsel;4921;10600;1;0,0022;1;1;5;6;0;3;2;1;2;1
Teilesatz, Automatikgetriebe-?lwechsel;4921;33396;3;0,0067;7;1;5;3;0;6;2;1;1;1
Teilesatz, Automatikgetriebe-?lwechsel;4921;128888;3;0,0067;3;0;0;3;0;4;0;0;0;0
Teilesatz, Automatikgetriebe-?lwechsel;4921;141769;7;0,0157;3;0;2;10;0;9;2;1;0;0
Teilesatz, Automatikgetriebe-?lwechsel;4921;136495;5;0,0112;3;0;2;4;0;6;3;1;1;1
Teilesatz, Automatikgetriebe-?lwechsel;4921;15835;10;0,0225;3;0;1;3;0;3;0;1;1;1
Teilesatz, Automatikgetriebe-?lwechsel;4921;112369;1;0,0022;9;1;6;6;0;7;5;3;1;2
Teilesatz, Automatikgetriebe-?lwechsel;4921;29993;22;0,0495;3;0;2;4;0;2;0;0;1;0
Teilesatz, Automatikgetriebe-?lwechsel;4921;11346;1;0,0022;3;0;2;0;0;3;0;1;0;1
Teilesatz, Automatikgetriebe-?lwechsel;4921;123342;2;0,0045;3;0;2;2;0;3;3;1;1;1
Teilesatz, Automatikgetriebe-?lwechsel;4921;135932;1;0,0022;0;0;0;2;0;3;3;0;0;0
Teilesatz, Automatikgetriebe-?lwechsel;4921;120274;3;0,0067;3;0;0;3;0;4;0;0;0;0
Teilesatz, Automatikgetriebe-?lwechsel;4921;17726;1;0,0022;2;0;0;3;0;0;0;0;0;0
Teilesatz, Automatikgetriebe-?lwechsel;4921;18630;21;0,0472;3;0;9;7;0;8;3;2;0;2
Teilesatz, Automatikgetriebe-?lwechsel;4921;100787;3;0,0067;1;0;6;8;0;9;2;1;1;1
Teilesatz, Automatikgetriebe-?lwechsel;4921;133868;33;0,0742;5;0;0;4;0;14;0;0;0;0
Teilesatz, Automatikgetriebe-?lwechsel;4921;139469;5;0,0112;3;1;0;2;0;3;2;0;0;0
Teilesatz, Automatikgetriebe-?lwechsel;4921;18962;20;0,045;7;0;10;6;0;8;3;2;0;2
Teilesatz, Automatikgetriebe-?lwechsel;4921;114868;5;0,0112;3;0;5;5;0;6;2;1;1;1
Teilesatz, Automatikgetriebe-?lwechsel;4921;143280;1;0,0022;4;0;0;0;0;6;2;1;0;0
Teilesatz, Automatikgetriebe-?lwechsel;4921;106455;18;0,0405;9;1;6;6;0;7;5;3;1;2
Teilesatz, Automatikgetriebe-?lwechsel;4921;19656;3;0,0067;8;0;17;7;0;4;5;3;1;3
Teilesatz, Automatikgetriebe-?lwechsel;4921;31103;2;0,0045;1;0;0;0;0;3;2;2;2;2
Teilesatz, Automatikgetriebe-?lwechsel;4921;15457;1;0,0022;0;0;0;3;0;9;0;2;0;2
Teilesatz, Automatikgetriebe-?lwechsel;4921;100799;55;0,1236;6;0;7;5;0;6;4;1;1;1
Teilesatz, Automatikgetriebe-?lwechsel;4921;10250;3;0,0067;3;0;1;2;0;3;2;1;1;1
Teilesatz, Automatikgetriebe-?lwechsel;4921;59590;1;0,0022;0;0;0;2;0;9;2;0;0;0
Teilesatz, Automatikgetriebe-?lwechsel;4921;10691;2;0,0045;3;0;2;0;0;6;0;1;0;1
Teilesatz, Automatikgetriebe-?lwechsel;4921;128340;2;0,0045;5;0;2;0;0;10;0;0;0;0
Teilesatz, Automatikgetriebe-?lwechsel;4921;106271;1;0,0022;3;0;2;2;0;3;2;1;1;1
Teilesatz, Automatikgetriebe-?lwechsel;4921;138761;8;0,018;0;0;0;4;0;6;0;1;0;0
Teilesatz, Automatikgetriebe-?lwechsel;4921;113313;10;0,0225;6;0;7;5;0;6;4;1;1;1
Teilesatz, Automatikgetriebe-?lwechsel;4921;59219;2;0,0045;3;0;2;2;0;3;2;1;1;1
Teilesatz, Automatikgetriebe-?lwechsel;4921;58763;2;0,0045;4;0;4;4;0;2;0;1;2;1
Teilesatz, Automatikgetriebe-?lwechsel;4921;107886;2;0,0045;0;0;1;2;0;6;0;0;1;0
Teilesatz, Automatikgetriebe-?lwechsel;4921;26597;5;0,0112;5;0;9;7;0;4;2;1;1;1
Teilesatz, Automatikgetriebe-?lwechsel;4921;28278;1;0,0022;1;0;2;6;0;4;0;0;1;0
Teilesatz, Automatikgetriebe-?lwechsel;4921;19282;1;0,0022;0;0;2;2;0;6;0;0;0;0
Teilesatz, Automatikgetriebe-?lwechsel;4921;123171;2;0,0045;3;0;2;3;0;3;2;1;1;1
Teilesatz, Automatikgetriebe-?lwechsel;4921;23408;38;0,0854;5;0;9;7;0;4;2;1;1;1
Teilesatz, Automatikgetriebe-?lwechsel;4921;117711;6;0,0135;3;0;2;2;0;3;3;1;1;1
Teilesatz, Automatikgetriebe-?lwechsel;4921;34958;7;0,0157;3;0;2;4;0;2;0;0;1;0
Teilesatz, Automatikgetriebe-?lwechsel;4921;18802;5;0,0112;0;1;3;3;0;6;2;0;1;0
Teilesatz, Automatikgetriebe-?lwechsel;4921;58761;16;0,036;6;0;7;11;0;9;4;2;1;1
Teilesatz, Automatikgetriebe-?lwechsel;4921;25470;3;0,0067;3;1;2;3;0;3;2;1;1;1
Teilesatz, Automatikgetriebe-?lwechsel;4921;33387;9;0,0202;3;0;2;3;0;3;2;1;1;1
Teilesatz, Automatikgetriebe-?lwechsel;4921;14586;2;0,0045;3;0;2;5;0;3;2;1;1;1
Teilesatz, Automatikgetriebe-?lwechsel;4921;115132;6;0,0135;0;0;0;3;0;3;3;0;0;0
Teilesatz, Automatikgetriebe-?lwechsel;4921;113271;1;0,0022;0;0;0;0;0;3;0;0;0;0
Teilesatz, Automatikgetriebe-?lwechsel;4921;131304;8;0,018;2;0;2;3;0;3;2;1;1;0
Teilesatz, Automatikgetriebe-?lwechsel;4921;135945;4;0,009;3;0;0;0;0;9;2;1;0;0
Teilesatz, Automatikgetriebe-?lwechsel;4921;32266;3;0,0067;6;0;7;5;0;6;2;1;1;1
Teilesatz, Automatikgetriebe-?lwechsel;4921;7966;1;0,0022;3;0;1;2;0;3;2;1;1;1
Teilesatz, Automatikgetriebe-?lwechsel;4921;11330;7;0,0157;0;0;2;4;0;6;0;0;0;0
Teilesatz, Automatikgetriebe-?lwechsel;4921;33010;39;0,0877;3;1;2;2;0;3;3;1;1;1
Teilesatz, Automatikgetriebe-?lwechsel;4921;14726;1;0,0022;5;0;8;7;0;4;2;1;1;1
Teilesatz, Automatikgetriebe-?lwechsel;4921;15143;1;0,0022;1;0;5;2;0;3;0;0;0;0
Teilesatz, Automatikgetriebe-?lwechsel;4921;134384;3;0,0067;0;0;0;1;0;1;0;0;0;0
Teilesatz, Automatikgetriebe-?lwechsel;4921;116959;5;0,0112;2;1;2;6;0;6;2;2;1;0
Teilesatz, Automatikgetriebe-?lwechsel;4921;59002;3;0,0067;0;0;0;1;0;1;0;0;0;0
Teilesatz, Automatikgetriebe-?lwechsel;4921;115148;17;0,0382;0;0;0;4;0;6;2;0;0;0
Teilesatz, Automatikgetriebe-?lwechsel;4921;16696;1;0,0022;6;1;3;3;0;3;2;0;1;0
Teilesatz, Automatikgetriebe-?lwechsel;4921;143474;2;0,0045;0;0;0;0;0;2;2;2;0;0
Teilesatz, Automatikgetriebe-?lwechsel;4921;18986;10;0,0225;4;1;5;6;0;6;2;1;2;1
Teilesatz, Automatikgetriebe-?lwechsel;4921;118960;2;0,0045;3;0;2;2;0;3;3;1;1;1
Teilesatz, Automatikgetriebe-?lwechsel;4921;118192;1;0,0022;3;0;0;0;0;0;0;0;0;0
Teilesatz, Automatikgetriebe-?lwechsel;4921;486;1;0,0022;0;0;0;6;0;6;0;0;0;0
Teilesatz, Automatikgetriebe-?lwechsel;4921;15422;3;0,0067;3;0;2;3;0;3;0;0;0;0
Teilesatz, Automatikgetriebe-?lwechsel;4921;19450;1;0,0022;0;0;2;2;0;3;0;0;0;0
Teilesatz, Automatikgetriebe-?lwechsel;4921;8944;2;0,0045;4;0;4;5;0;12;2;0;1;0
Teilesatz, Automatikgetriebe-?lwechsel;4921;16956;4;0,009;5;0;8;7;0;4;2;1;1;1
Teilesatz, Automatikgetriebe-?lwechsel;4921;33867;2;0,0045;6;1;5;5;0;6;5;1;2;1
Teilesatz, Automatikgetriebe-?lwechsel;4921;138873;1;0,0022;2;0;2;4;0;9;2;0;1;0
Teilesatz, Automatikgetriebe-?lwechsel;4921;7944;21;0,0472;5;0;8;10;0;9;4;1;3;1
Teilesatz, Automatikgetriebe-?lwechsel;4921;16695;10;0,0225;3;0;1;3;0;3;2;1;1;1
Teilesatz, Automatikgetriebe-?lwechsel;4921;111074;16;0,036;0;0;0;3;0;4;0;0;0;0
Teilesatz, Automatikgetriebe-?lwechsel;4921;17375;12;0,027;5;0;9;3;0;4;2;1;1;1
Teilesatz, Automatikgetriebe-?lwechsel;4921;30863;5;0,0112;4;1;5;6;0;6;2;1;2;1
Teilesatz, Automatikgetriebe-?lwechsel;4921;19013;13;0,0292;3;1;2;3;0;3;2;1;1;1
Teilesatz, Automatikgetriebe-?lwechsel;4921;26624;20;0,045;6;0;6;2;0;3;2;2;1;1
Teilesatz, Automatikgetriebe-?lwechsel;4921;139186;7;0,0157;0;0;2;2;0;6;2;1;0;1
Teilesatz, Automatikgetriebe-?lwechsel;4921;20640;6;0,0135;7;0;13;7;0;8;3;2;0;2
Teilesatz, Automatikgetriebe-?lwechsel;4921;8423;1;0,0022;5;0;6;4;0;4;2;1;1;1
Teilesatz, Automatikgetriebe-?lwechsel;4921;11693;1;0,0022;3;0;0;3;0;3;0;0;0;0
Teilesatz, Automatikgetriebe-?lwechsel;4921;19293;1;0,0022;5;0;9;7;0;4;2;1;1;1
Teilesatz, Automatikgetriebe-?lwechsel;4921;15790;1;0,0022;2;0;0;3;0;0;0;0;0;0
Teilesatz, Automatikgetriebe-?lwechsel;4921;19614;4;0,009;4;0;7;5;0;7;4;1;1;1
Teilesatz, Automatikgetriebe-?lwechsel;4921;17174;6;0,0135;7;0;7;7;0;9;2;3;1;1
Teilesatz, Automatikgetriebe-?lwechsel;4921;127858;141;0,3169;0;0;0;3;0;1;0;0;0;0
Teilesatz, Automatikgetriebe-?lwechsel;4921;33388;1;0,0022;3;0;2;3;0;3;2;1;1;1
Teilesatz, Automatikgetriebe-?lwechsel;4921;8175;1;0,0022;3;0;1;2;0;3;2;0;0;0
Teilesatz, Automatikgetriebe-?lwechsel;4921;132004;2;0,0045;3;0;2;2;0;3;2;0;1;0
Teilesatz, Automatikgetriebe-?lwechsel;4921;114997;1;0,0022;3;0;1;3;0;3;2;1;0;0
Teilesatz, Automatikgetriebe-?lwechsel;4921;14926;4;0,009;5;0;0;5;0;6;2;2;0;2
Teilesatz, Automatikgetriebe-?lwechsel;4921;11144;2;0,0045;3;0;3;2;0;3;2;1;1;1
Teilesatz, Automatikgetriebe-?lwechsel;4921;25482;6;0,0135;3;1;2;3;0;3;2;1;1;1
Teilesatz, Automatikgetriebe-?lwechsel;4921;23380;2;0,0045;2;0;0;3;0;3;0;0;0;0
Teilesatz, Automatikgetriebe-?lwechsel;4921;143543;12;0,027;3;0;0;0;0;0;1;1;0;0
Teilesatz, Automatikgetriebe-?lwechsel;4921;117717;1;0,0022;0;0;0;2;0;3;0;0;0;0
Teilesatz, Automatikgetriebe-?lwechsel;4921;127828;4;0,009;3;0;2;2;0;3;3;1;1;1
Teilesatz, Automatikgetriebe-?lwechsel;4921;30980;3;0,0067;2;0;4;5;0;6;2;1;1;0
Teilesatz, Automatikgetriebe-?lwechsel;4921;6316;1;0,0022;3;0;2;0;0;9;0;1;0;1
Teilesatz, Automatikgetriebe-?lwechsel;4921;128420;9;0,0202;5;0;3;2;0;3;0;0;0;0
Teilesatz, Automatikgetriebe-?lwechsel;4921;19173;8;0,018;6;1;3;3;0;3;2;0;1;0
Teilesatz, Automatikgetriebe-?lwechsel;4921;136122;4;0,009;6;0;4;6;0;5;0;0;2;0
Teilesatz, Automatikgetriebe-?lwechsel;4921;26564;7;0,0157;5;0;6;7;0;4;2;1;1;1
Teilesatz, Automatikgetriebe-?lwechsel;4921;145011;3;0,0067;3;0;0;10;0;6;2;1;0;0
Teilesatz, Automatikgetriebe-?lwechsel;4921;33311;1;0,0022;1;0;0;4;0;2;0;0;1;0
Teilesatz, Automatikgetriebe-?lwechsel;4921;118958;3;0,0067;3;0;2;2;0;3;3;1;1;1
Teilesatz, Automatikgetriebe-?lwechsel;4921;158499;1;0,0022;0;0;0;3;0;0;1;1;0;0
Teilesatz, Automatikgetriebe-?lwechsel;4921;106378;7;0,0157;4;0;2;6;0;5;0;0;1;0
Teilesatz, Automatikgetriebe-?lwechsel;4921;117404;1;0,0022;7;1;0;0;0;3;3;2;0;2
Teilesatz, Automatikgetriebe-?lwechsel;4921;57301;4;0,009;3;0;2;2;0;3;3;1;1;1
Teilesatz, Automatikgetriebe-?lwechsel;4921;115133;8;0,018;0;0;2;2;0;3;3;1;1;1
Teilesatz, Automatikgetriebe-?lwechsel;4921;19344;1;0,0022;7;0;11;3;0;4;3;2;0;2
Teilesatz, Automatikgetriebe-?lwechsel;4921;500;1;0,0022;3;0;0;0;0;3;2;0;0;0
Teilesatz, Automatikgetriebe-?lwechsel;4921;17187;14;0,0315;5;0;9;7;0;4;2;1;1;1
Teilesatz, Automatikgetriebe-?lwechsel;4921;27783;1;0,0022;3;0;2;0;0;3;0;1;0;1
Teilesatz, Automatikgetriebe-?lwechsel;4921;19845;2;0,0045;0;0;2;2;0;3;0;0;0;0
Teilesatz, Automatikgetriebe-?lwechsel;4921;119690;218;0,49;3;0;5;5;0;9;2;0;0;0
Teilesatz, Automatikgetriebe-?lwechsel;4921;441;1;0,0022;3;0;0;6;0;6;0;0;0;0
Teilesatz, Automatikgetriebe-?lwechsel;4921;118184;2;0,0045;3;0;2;2;0;3;3;1;1;1
Teilesatz, Automatikgetriebe-?lwechsel;4921;25506;16;0,036;2;0;4;5;0;6;2;1;1;0
Teilesatz, Automatikgetriebe-?lwechsel;4921;134755;1;0,0022;0;0;0;2;0;3;0;0;0;0
Teilesatz, Automatikgetriebe-?lwechsel;4921;9305;2;0,0045;3;0;0;4;0;2;0;0;1;0
Teilesatz, Automatikgetriebe-?lwechsel;4921;6124;4;0,009;3;0;3;4;0;6;2;1;1;1
Teilesatz, Automatikgetriebe-?lwechsel;4921;30407;3;0,0067;5;0;1;7;0;9;2;0;0;0
Teilesatz, Automatikgetriebe-?lwechsel;4921;114328;2;0,0045;3;0;3;6;0;3;2;1;2;1
Teilesatz, Automatikgetriebe-?lwechsel;4921;119605;4;0,009;9;1;2;3;0;3;5;3;1;2
Teilesatz, Automatikgetriebe-?lwechsel;4921;294;13;0,0292;3;0;4;2;0;3;0;1;1;1
Teilesatz, Automatikgetriebe-?lwechsel;4921;34769;36;0,0809;12;0;12;10;0;8;5;3;1;3
Teilesatz, Automatikgetriebe-?lwechsel;4921;141153;1;0,0022;0;0;0;2;0;3;2;0;0;0
Teilesatz, Automatikgetriebe-?lwechsel;4921;140459;12;0,027;6;0;1;3;0;6;2;1;1;0
Teilesatz, Automatikgetriebe-?lwechsel;4921;116124;10;0,0225;6;1;4;6;0;7;3;3;1;2
Teilesatz, Automatikgetriebe-?lwechsel;4921;22665;26;0,0584;3;1;5;6;0;6;4;1;2;1
Teilesatz, Automatikgetriebe-?lwechsel;4921;108187;1;0,0022;3;0;2;2;0;3;3;0;1;0
Teilesatz, Automatikgetriebe-?lwechsel;4921;129032;37;0,0832;0;0;0;3;0;4;0;0;0;0
Teilesatz, Automatikgetriebe-?lwechsel;4921;134242;29;0,0652;0;0;0;5;0;1;0;0;0;0
Teilesatz, Automatikgetriebe-?lwechsel;4921;30984;1;0,0022;2;0;4;5;0;6;2;1;1;0
Teilesatz, Automatikgetriebe-?lwechsel;4921;58256;8;0,018;3;0;2;3;0;3;2;1;1;1
Teilesatz, Automatikgetriebe-?lwechsel;4921;11833;5;0,0112;3;1;2;2;0;6;3;1;1;1
Teilesatz, Automatikgetriebe-?lwechsel;4921;140709;2;0,0045;0;0;0;0;0;6;2;0;0;0
Teilesatz, Automatikgetriebe-?lwechsel;4921;114348;1;0,0022;1;0;2;2;0;3;0;0;0;0
Teilesatz, Automatikgetriebe-?lwechsel;4921;59066;2;0,0045;7;0;5;5;0;9;2;1;1;1
Teilesatz, Automatikgetriebe-?lwechsel;4921;105925;8;0,018;3;0;2;2;0;3;2;0;1;0
Teilesatz, Automatikgetriebe-?lwechsel;4921;141905;1;0,0022;0;0;0;2;0;3;0;0;0;0
Teilesatz, Automatikgetriebe-?lwechsel;4921;128180;10;0,0225;4;0;2;3;0;3;2;1;0;0
Teilesatz, Automatikgetriebe-?lwechsel;4921;28277;9;0,0202;3;0;5;12;0;6;2;2;2;1
Teilesatz, Automatikgetriebe-?lwechsel;4921;108008;20;0,045;9;1;6;6;0;7;5;3;1;2
Teilesatz, Automatikgetriebe-?lwechsel;4921;108182;19;0,0427;3;0;0;3;0;4;0;0;0;0
Teilesatz, Automatikgetriebe-?lwechsel;4921;17954;2;0,0045;0;0;0;0;0;3;2;0;0;0
Teilesatz, Automatikgetriebe-?lwechsel;4921;18924;18;0,0405;6;0;4;3;0;8;2;2;1;1
Teilesatz, Automatikgetriebe-?lwechsel;4921;55092;2;0,0045;7;0;2;6;0;5;0;0;1;0
Teilesatz, Automatikgetriebe-?lwechsel;4921;2481;16;0,036;3;0;2;0;0;3;2;0;0;0
Teilesatz, Automatikgetriebe-?lwechsel;4921;135735;11;0,0247;5;0;5;7;0;9;2;0;2;0
Teilesatz, Automatikgetriebe-?lwechsel;4921;13088;1;0,0022;3;0;0;2;0;3;2;1;0;1
Teilesatz, Automatikgetriebe-?lwechsel;4921;130738;4;0,009;0;0;0;2;0;9;0;0;0;0
Teilesatz, Automatikgetriebe-?lwechsel;4921;8525;1;0,0022;5;0;6;4;0;10;0;1;1;1
Teilesatz, Automatikgetriebe-?lwechsel;4921;22531;2;0,0045;4;0;6;5;0;9;3;2;1;1
Teilesatz, Automatikgetriebe-?lwechsel;4921;684;2;0,0045;3;0;0;3;0;6;0;0;0;0
Teilesatz, Automatikgetriebe-?lwechsel;4921;33434;9;0,0202;3;0;5;2;0;3;2;1;1;1
Teilesatz, Automatikgetriebe-?lwechsel;4921;136917;5;0,0112;7;0;4;3;0;4;0;2;0;2
Teilesatz, Automatikgetriebe-?lwechsel;4921;101156;12;0,027;0;0;2;4;0;2;0;0;1;0
Teilesatz, Automatikgetriebe-?lwechsel;4921;53293;1;0,0022;0;0;0;0;0;3;0;0;0;0
Teilesatz, Automatikgetriebe-?lwechsel;4921;56167;1;0,0022;2;0;0;4;0;2;0;0;1;0
Teilesatz, Automatikgetriebe-?lwechsel;4921;130975;16;0,036;2;0;2;3;0;3;2;1;1;0
Teilesatz, Automatikgetriebe-?lwechsel;4921;59805;1;0,0022;3;0;2;2;0;3;3;1;1;1
Teilesatz, Automatikgetriebe-?lwechsel;4921;136928;1;0,0022;0;0;0;0;0;0;0;1;0;1
Teilesatz, Automatikgetriebe-?lwechsel;4921;19159;2;0,0045;3;0;0;2;0;4;0;0;0;0
Teilesatz, Automatikgetriebe-?lwechsel;4921;22732;13;0,0292;2;0;4;5;0;6;2;1;1;0
Teilesatz, Automatikgetriebe-?lwechsel;4921;19460;1;0,0022;1;0;2;6;0;3;2;2;2;2
Teilesatz, Automatikgetriebe-?lwechsel;4921;129868;3;0,0067;2;0;2;3;0;3;2;1;1;0
Teilesatz, Automatikgetriebe-?lwechsel;4921;33052;1;0,0022;3;0;0;3;0;3;0;0;0;0
Teilesatz, Automatikgetriebe-?lwechsel;4921;17693;11;0,0247;3;0;1;3;0;3;2;1;1;1
Teilesatz, Automatikgetriebe-?lwechsel;4921;126180;3;0,0067;3;0;3;7;0;7;0;0;2;0
Teilesatz, Automatikgetriebe-?lwechsel;4921;141900;1;0,0022;0;0;2;4;0;6;3;0;1;0
Teilesatz, Automatikgetriebe-?lwechsel;4921;34996;4;0,009;7;0;10;6;0;8;3;2;0;2
Teilesatz, Automatikgetriebe-?lwechsel;4921;15901;3;0,0067;2;0;0;3;0;3;0;0;0;0
Teilesatz, Automatikgetriebe-?lwechsel;4921;59562;7;0,0157;2;0;4;5;0;6;2;1;1;0
Teilesatz, Automatikgetriebe-?lwechsel;4921;16199;1;0,0022;3;0;0;3;0;9;0;1;0;1
Teilesatz, Automatikgetriebe-?lwechsel;4921;55596;2;0,0045;7;0;2;6;0;5;0;0;1;0
Teilesatz, Automatikgetriebe-?lwechsel;4921;136364;3;0,0067;0;0;0;2;0;3;0;0;0;0
Teilesatz, Automatikgetriebe-?lwechsel;4921;138237;1;0,0022;6;0;3;5;0;6;4;1;1;1
Teilesatz, Automatikgetriebe-?lwechsel;4921;139189;2;0,0045;0;0;2;2;0;3;2;1;0;1
Teilesatz, Automatikgetriebe-?lwechsel;4921;136028;37;0,0832;6;1;2;3;0;6;2;3;1;2
Teilesatz, Automatikgetriebe-?lwechsel;4921;134016;4;0,009;3;0;2;2;0;3;3;1;1;1
Teilesatz, Automatikgetriebe-?lwechsel;4921;111785;1;0,0022;0;0;1;2;0;3;0;0;1;0
Teilesatz, Automatikgetriebe-?lwechsel;4921;138028;3;0,0067;3;0;0;2;0;3;0;0;0;0
Teilesatz, Automatikgetriebe-?lwechsel;4921;111761;3;0,0067;3;0;0;3;0;4;0;0;0;0
Teilesatz, Automatikgetriebe-?lwechsel;4921;5974;19;0,0427;5;0;6;4;0;4;2;1;1;1
Teilesatz, Automatikgetriebe-?lwechsel;4921;19440;25;0,0562;3;0;1;4;0;6;2;1;1;1
Teilesatz, Automatikgetriebe-?lwechsel;4921;127983;10;0,0225;3;0;2;2;0;3;2;1;1;1
Teilesatz, Automatikgetriebe-?lwechsel;4921;59030;14;0,0315;7;0;4;3;0;4;3;2;0;2
Teilesatz, Automatikgetriebe-?lwechsel;4921;12318;13;0,0292;7;0;6;6;0;4;3;2;0;2
Teilesatz, Automatikgetriebe-?lwechsel;4921;11831;1;0,0022;3;0;0;3;0;3;3;1;0;0
Teilesatz, Automatikgetriebe-?lwechsel;4921;16063;1;0,0022;0;0;4;0;0;6;0;1;1;1
Teilesatz, Automatikgetriebe-?lwechsel;4921;23280;2;0,0045;3;1;7;8;0;9;5;1;3;1
Teilesatz, Automatikgetriebe-?lwechsel;4921;253;1;0,0022;1;0;0;3;0;9;0;0;0;0
Teilesatz, Automatikgetriebe-?lwechsel;4921;33766;2;0,0045;3;1;2;2;0;3;3;1;1;1
Teilesatz, Automatikgetriebe-?lwechsel;4921;106386;13;0,0292;4;0;2;6;0;5;0;0;1;0
Teilesatz, Automatikgetriebe-?lwechsel;4921;767;5;0,0112;3;0;0;6;0;6;0;0;0;0
Teilesatz, Automatikgetriebe-?lwechsel;4921;140121;3;0,0067;5;0;0;3;0;5;0;0;0;0
Teilesatz, Automatikgetriebe-?lwechsel;4921;119983;1;0,0022;0;0;0;1;0;1;0;0;0;0
Teilesatz, Automatikgetriebe-?lwechsel;4921;57551;28;0,0629;6;0;4;5;0;6;3;1;2;1
Teilesatz, Automatikgetriebe-?lwechsel;4921;25498;18;0,0405;4;1;7;8;0;9;5;1;3;1
Teilesatz, Automatikgetriebe-?lwechsel;4921;120900;1;0,0022;5;0;5;9;0;10;3;0;3;0
Teilesatz, Automatikgetriebe-?lwechsel;4921;59570;1;0,0022;3;0;1;6;0;6;0;1;0;0
Teilesatz, Automatikgetriebe-?lwechsel;4921;113448;30;0,0674;3;0;2;2;0;3;2;1;1;1
Teilesatz, Automatikgetriebe-?lwechsel;4921;133993;1;0,0022;3;0;2;4;0;6;2;1;1;1
Teilesatz, Automatikgetriebe-?lwechsel;4921;33061;1;0,0022;0;0;0;0;0;0;0;0;0;0
Teilesatz, Automatikgetriebe-?lwechsel;4921;14814;17;0,0382;5;0;8;7;0;4;2;1;1;1
Teilesatz, Automatikgetriebe-?lwechsel;4921;57598;1;0,0022;0;0;0;3;0;3;0;0;0;0
Teilesatz, Automatikgetriebe-?lwechsel;4921;106296;1;0,0022;7;1;4;3;0;4;3;2;0;2
Teilesatz, Automatikgetriebe-?lwechsel;4921;136524;4;0,009;0;0;0;5;0;1;0;0;0;0
Teilesatz, Automatikgetriebe-?lwechsel;4921;112385;4;0,009;6;0;7;5;0;6;0;0;1;0
Teilesatz, Automatikgetriebe-?lwechsel;4921;123313;4;0,009;3;0;2;4;0;3;3;0;1;0
Teilesatz, Automatikgetriebe-?lwechsel;4921;107970;1;0,0022;0;0;0;0;0;3;0;0;0;0
Teilesatz, Automatikgetriebe-?lwechsel;4921;57348;3;0,0067;2;0;0;4;0;2;0;0;0;0
Teilesatz, Automatikgetriebe-?lwechsel;4921;112295;12;0,027;4;0;5;4;0;9;2;1;1;1
Teilesatz, Automatikgetriebe-?lwechsel;4921;17128;38;0,0854;5;0;9;7;0;4;2;1;1;1
Teilesatz, Automatikgetriebe-?lwechsel;4921;105798;2;0,0045;3;0;0;3;0;3;2;1;1;1
Teilesatz, Automatikgetriebe-?lwechsel;4921;119766;91;0,2046;3;0;5;5;0;9;2;0;0;0
Teilesatz, Automatikgetriebe-?lwechsel;4921;100338;1;0,0022;3;0;0;2;0;6;2;0;0;0
Teilesatz, Automatikgetriebe-?lwechsel;4921;14680;8;0,018;3;0;0;8;0;9;0;2;0;2
Teilesatz, Automatikgetriebe-?lwechsel;4921;6804;3;0,0067;3;0;1;2;0;3;2;0;1;0
Teilesatz, Automatikgetriebe-?lwechsel;4921;26572;4;0,009;7;0;17;6;0;12;3;2;0;2
Teilesatz, Automatikgetriebe-?lwechsel;4921;122824;2;0,0045;0;0;0;3;0;3;0;0;0;0
Teilesatz, Automatikgetriebe-?lwechsel;4921;19183;1;0,0022;2;0;0;4;0;4;0;1;1;1
Teilesatz, Automatikgetriebe-?lwechsel;4921;16185;1;0,0022;3;0;1;3;0;3;0;1;1;1
Teilesatz, Automatikgetriebe-?lwechsel;4921;11878;18;0,0405;3;1;2;2;0;3;3;1;1;1
Teilesatz, Automatikgetriebe-?lwechsel;4921;841;1;0,0022;3;0;0;6;0;9;0;0;0;0
Teilesatz, Automatikgetriebe-?lwechsel;4921;107520;17;0,0382;6;1;6;6;0;7;3;3;1;2
Teilesatz, Automatikgetriebe-?lwechsel;4921;11877;26;0,0584;3;1;2;2;0;3;3;1;1;1
Teilesatz, Automatikgetriebe-?lwechsel;4921;134343;3;0,0067;0;0;0;2;0;3;0;0;0;0
Teilesatz, Automatikgetriebe-?lwechsel;4921;29300;14;0,0315;3;0;2;6;0;6;3;1;0;0
Teilesatz, Automatikgetriebe-?lwechsel;4921;140539;1;0,0022;0;0;4;4;0;2;0;0;1;0
Teilesatz, Automatikgetriebe-?lwechsel;4921;58836;4;0,009;3;0;2;2;0;3;3;1;1;1
Teilesatz, Automatikgetriebe-?lwechsel;4921;138986;2;0,0045;6;0;0;0;0;12;0;3;0;2
Teilesatz, Automatikgetriebe-?lwechsel;4921;132836;1;0,0022;0;0;0;2;0;3;0;0;0;0
Teilesatz, Automatikgetriebe-?lwechsel;4921;12606;42;0,0944;0;0;0;6;0;3;0;0;0;0
Teilesatz, Automatikgetriebe-?lwechsel;4921;100059;161;0,3619;5;0;6;8;0;9;0;0;2;0
Teilesatz, Automatikgetriebe-?lwechsel;4921;142514;2;0,0045;0;0;4;6;0;5;0;0;2;0
Teilesatz, Automatikgetriebe-?lwechsel;4921;18676;9;0,0202;5;0;2;9;0;9;2;2;2;2
Teilesatz, Automatikgetriebe-?lwechsel;4921;19303;1;0,0022;3;0;0;0;0;3;0;0;0;0
Teilesatz, Automatikgetriebe-?lwechsel;4921;136004;35;0,0787;6;1;2;3;0;6;2;3;1;2
Teilesatz, Automatikgetriebe-?lwechsel;4921;133650;2;0,0045;3;0;3;7;0;7;0;0;2;0
Teilesatz, Automatikgetriebe-?lwechsel;4921;145132;1;0,0022;0;0;0;3;0;3;0;1;0;0
Teilesatz, Automatikgetriebe-?lwechsel;4921;5115;3;0,0067;5;0;6;4;0;10;2;1;1;1
Teilesatz, Automatikgetriebe-?lwechsel;4921;130281;7;0,0157;2;0;2;3;0;3;2;1;1;0
Teilesatz, Automatikgetriebe-?lwechsel;4921;58295;2;0,0045;3;0;2;2;0;3;3;1;1;1
Teilesatz, Automatikgetriebe-?lwechsel;4921;115113;4;0,009;3;0;2;3;0;3;0;1;2;1
Teilesatz, Automatikgetriebe-?lwechsel;4921;19951;1;0,0022;3;0;0;3;0;9;0;1;0;1
Teilesatz, Automatikgetriebe-?lwechsel;4921;140516;1;0,0022;5;0;0;4;0;3;0;0;0;0
Teilesatz, Automatikgetriebe-?lwechsel;4921;59254;1;0,0022;0;0;0;2;0;3;0;0;0;0
Teilesatz, Automatikgetriebe-?lwechsel;4921;16044;2;0,0045;1;0;4;2;0;3;0;0;0;0
Teilesatz, Automatikgetriebe-?lwechsel;4921;15284;2;0,0045;1;0;5;2;0;3;0;1;1;1
Teilesatz, Automatikgetriebe-?lwechsel;4921;123364;1;0,0022;0;0;0;4;0;6;0;0;0;0
Teilesatz, Automatikgetriebe-?lwechsel;4921;106654;7;0,0157;7;0;9;7;0;9;2;1;2;1
Teilesatz, Automatikgetriebe-?lwechsel;4921;19299;2;0,0045;6;1;2;6;0;3;2;1;1;1
Teilesatz, Automatikgetriebe-?lwechsel;4921;32265;45;0,1012;6;0;5;2;0;3;2;1;1;1
Teilesatz, Automatikgetriebe-?lwechsel;4921;33716;2;0,0045;0;0;0;3;0;3;0;0;0;0
Teilesatz, Automatikgetriebe-?lwechsel;4921;106454;25;0,0562;9;1;6;6;0;7;5;3;1;2
Teilesatz, Automatikgetriebe-?lwechsel;4921;7625;4;0,009;5;0;1;4;0;4;2;1;1;1
Teilesatz, Automatikgetriebe-?lwechsel;4921;139250;134;0,3012;3;0;2;10;0;9;2;1;0;0
Teilesatz, Automatikgetriebe-?lwechsel;4921;120724;30;0,0674;2;1;2;3;0;3;2;1;1;0
Teilesatz, Automatikgetriebe-?lwechsel;4921;132445;9;0,0202;0;0;0;5;0;1;0;0;0;0
Teilesatz, Automatikgetriebe-?lwechsel;4921;7378;1;0,0022;3;0;2;0;0;6;0;1;0;1
Teilesatz, Automatikgetriebe-?lwechsel;4921;33355;9;0,0202;3;0;1;2;0;3;2;1;1;1
Teilesatz, Automatikgetriebe-?lwechsel;4921;22483;1;0,0022;0;0;0;0;0;3;0;0;0;0
Teilesatz, Automatikgetriebe-?lwechsel;4921;122807;8;0,018;2;1;2;3;0;3;2;1;1;0
Teilesatz, Automatikgetriebe-?lwechsel;4921;143954;1;0,0022;0;0;4;4;0;2;0;0;1;0
Teilesatz, Automatikgetriebe-?lwechsel;4921;118193;3;0,0067;3;0;0;0;0;0;0;0;0;0
Teilesatz, Automatikgetriebe-?lwechsel;4921;57281;2;0,0045;0;0;0;1;0;1;0;0;0;0
Teilesatz, Automatikgetriebe-?lwechsel;4921;132446;1;0,0022;3;0;0;1;0;1;2;1;0;0
Teilesatz, Automatikgetriebe-?lwechsel;4921;112372;4;0,009;9;1;6;6;0;7;5;3;1;2
Teilesatz, Automatikgetriebe-?lwechsel;4921;12689;2;0,0045;3;0;0;2;0;3;0;0;1;0
Teilesatz, Automatikgetriebe-?lwechsel;4921;33247;5;0,0112;2;0;0;4;0;2;0;0;1;0
Teilesatz, Automatikgetriebe-?lwechsel;4921;22538;10;0,0225;6;1;2;5;0;6;2;1;2;1
Teilesatz, Automatikgetriebe-?lwechsel;4921;10615;2;0,0045;1;0;5;2;0;3;0;0;0;0
Teilesatz, Automatikgetriebe-?lwechsel;4921;4694;1;0,0022;11;0;6;7;0;10;2;1;1;1
Teilesatz, Automatikgetriebe-?lwechsel;4921;145591;1;0,0022;3;0;2;4;0;2;0;0;1;0
Teilesatz, Automatikgetriebe-?lwechsel;4921;17815;6;0,0135;4;1;5;6;0;6;2;1;2;1
Teilesatz, Automatikgetriebe-?lwechsel;4921;140937;2;0,0045;0;0;2;2;0;3;2;0;0;0
Teilesatz, Automatikgetriebe-?lwechsel;4921;123349;16;0,036;3;0;2;2;0;3;3;1;1;1
Teilesatz, Automatikgetriebe-?lwechsel;4921;135622;16;0,036;3;0;0;0;0;10;2;1;1;1
Teilesatz, Automatikgetriebe-?lwechsel;4921;131223;3;0,0067;3;0;0;3;0;3;0;0;0;0
Teilesatz, Automatikgetriebe-?lwechsel;4921;9824;8;0,018;0;0;2;6;0;9;2;0;0;0
Teilesatz, Automatikgetriebe-?lwechsel;4921;5696;5;0,0112;12;0;12;7;0;8;5;3;1;3
Teilesatz, Automatikgetriebe-?lwechsel;4921;56107;31;0,0697;1;0;1;6;0;6;3;1;2;1
Teilesatz, Automatikgetriebe-?lwechsel;4921;106309;2;0,0045;14;1;6;6;0;15;7;4;2;3
Teilesatz, Automatikgetriebe-?lwechsel;4921;32167;4;0,009;7;0;6;6;0;8;3;2;0;2
Teilesatz, Automatikgetriebe-?lwechsel;4921;116119;11;0,0247;6;1;6;6;0;7;3;3;1;2
Teilesatz, Automatikgetriebe-?lwechsel;4921;19628;1;0,0022;0;0;1;0;0;0;0;0;0;0
Teilesatz, Automatikgetriebe-?lwechsel;4921;114349;26;0,0584;3;0;3;2;0;3;2;1;1;1
Teilesatz, Automatikgetriebe-?lwechsel;4921;100821;4;0,009;3;0;0;2;0;3;0;0;1;0
Teilesatz, Automatikgetriebe-?lwechsel;4921;33374;1;0,0022;3;0;1;2;0;3;2;0;0;0
Teilesatz, Automatikgetriebe-?lwechsel;4921;16014;1;0,0022;1;0;4;5;0;12;0;0;0;0
Teilesatz, Automatikgetriebe-?lwechsel;4921;118002;16;0,036;1;0;4;8;0;9;4;2;1;1
Teilesatz, Automatikgetriebe-?lwechsel;4921;19106;5;0,0112;4;1;5;6;0;6;2;1;2;1
Teilesatz, Automatikgetriebe-?lwechsel;4921;141422;5;0,0112;3;0;2;3;0;3;2;1;0;0
Teilesatz, Automatikgetriebe-?lwechsel;4921;10144;2;0,0045;5;0;6;4;0;10;2;1;1;1
Teilesatz, Automatikgetriebe-?lwechsel;4921;107860;80;0,1798;3;0;2;3;0;3;2;1;0;0
Teilesatz, Automatikgetriebe-?lwechsel;4921;120237;1;0,0022;3;0;0;2;0;3;0;0;0;0
Teilesatz, Automatikgetriebe-?lwechsel;4921;138275;2;0,0045;0;0;2;6;0;8;2;0;1;0
Teilesatz, Automatikgetriebe-?lwechsel;4921;9466;1;0,0022;2;0;0;3;0;3;0;0;0;0
Teilesatz, Automatikgetriebe-?lwechsel;4921;135681;9;0,0202;5;0;5;7;0;10;2;0;2;0
Teilesatz, Automatikgetriebe-?lwechsel;4921;18309;11;0,0247;4;1;5;6;0;6;2;1;2;1
Teilesatz, Automatikgetriebe-?lwechsel;4921;19736;2;0,0045;5;0;6;4;0;4;2;1;1;1
Teilesatz, Automatikgetriebe-?lwechsel;4921;126572;4;0,009;6;0;0;0;0;3;0;0;0;0
Teilesatz, Automatikgetriebe-?lwechsel;4921;7015;1;0,0022;3;0;1;2;0;3;2;0;0;0
Teilesatz, Automatikgetriebe-?lwechsel;4921;22536;6;0,0135;3;1;2;6;0;6;2;1;1;1
Teilesatz, Automatikgetriebe-?lwechsel;4921;9330;2;0,0045;3;0;0;3;0;3;3;1;0;0
Teilesatz, Automatikgetriebe-?lwechsel;4921;11158;11;0,0247;1;0;5;2;0;3;0;1;1;1
Teilesatz, Automatikgetriebe-?lwechsel;4921;34977;1;0,0022;0;0;2;4;0;5;0;0;1;0
Teilesatz, Automatikgetriebe-?lwechsel;4921;5855;2;0,0045;0;0;0;1;0;1;0;0;0;0
Teilesatz, Automatikgetriebe-?lwechsel;4921;15109;1;0,0022;0;0;0;0;0;0;0;0;0;0
Teilesatz, Automatikgetriebe-?lwechsel;4921;10429;96;0,2158;3;0;8;10;0;9;2;1;3;1
Teilesatz, Automatikgetriebe-?lwechsel;4921;145197;1;0,0022;4;0;0;3;0;6;2;1;0;0
Teilesatz, Automatikgetriebe-?lwechsel;4921;31580;13;0,0292;12;0;17;10;0;12;2;3;1;3
Teilesatz, Automatikgetriebe-?lwechsel;4921;142424;2;0,0045;3;0;0;6;0;6;2;1;0;0
Teilesatz, Automatikgetriebe-?lwechsel;4921;100478;41;0,0922;3;0;2;3;0;3;2;1;0;0
Teilesatz, Automatikgetriebe-?lwechsel;4921;133684;4;0,009;0;0;0;2;0;1;0;0;0;0
Teilesatz, Automatikgetriebe-?lwechsel;4921;1108;9;0,0202;6;1;7;8;0;9;3;1;3;1
Teilesatz, Automatikgetriebe-?lwechsel;4921;135810;2;0,0045;0;0;0;3;0;3;0;0;0;0
Teilesatz, Automatikgetriebe-?lwechsel;4921;100076;3;0,0067;1;0;0;0;0;3;2;1;2;1
Teilesatz, Automatikgetriebe-?lwechsel;4921;120126;2;0,0045;9;0;2;3;0;3;5;3;1;2
Teilesatz, Automatikgetriebe-?lwechsel;4921;17398;2;0,0045;3;0;6;5;0;6;2;1;1;1
Teilesatz, Automatikgetriebe-?lwechsel;4921;19567;16;0,036;6;1;2;5;0;6;2;1;2;1
Teilesatz, Automatikgetriebe-?lwechsel;4921;139203;7;0,0157;0;0;2;2;0;6;2;1;0;1
Teilesatz, Automatikgetriebe-?lwechsel;4921;137527;1;0,0022;0;0;0;4;0;6;0;1;0;0
Teilesatz, Automatikgetriebe-?lwechsel;4921;19634;25;0,0562;3;0;7;5;0;6;4;1;1;1
Teilesatz, Automatikgetriebe-?lwechsel;4921;107502;4;0,009;3;0;2;2;0;3;2;1;1;1
Teilesatz, Automatikgetriebe-?lwechsel;4921;19452;2;0,0045;3;0;0;2;0;7;0;0;0;0
Teilesatz, Automatikgetriebe-?lwechsel;4921;108599;4;0,009;3;0;5;11;0;12;0;0;3;0
Teilesatz, Automatikgetriebe-?lwechsel;4921;481;1;0,0022;3;0;0;6;0;9;0;0;0;0
Teilesatz, Automatikgetriebe-?lwechsel;4921;107885;7;0,0157;0;0;1;2;0;3;0;1;1;1
Teilesatz, Automatikgetriebe-?lwechsel;4921;59444;48;0,1079;3;0;3;2;0;3;2;1;1;1
Teilesatz, Automatikgetriebe-?lwechsel;4921;19263;2;0,0045;3;0;13;7;0;8;3;2;0;2
Teilesatz, Automatikgetriebe-?lwechsel;4921;753;3;0,0067;3;0;0;6;0;6;0;0;0;0
Teilesatz, Automatikgetriebe-?lwechsel;4921;143480;1;0,0022;0;0;0;0;0;2;2;2;0;0
Teilesatz, Automatikgetriebe-?lwechsel;4921;33252;1;0,0022;3;0;2;4;0;2;0;0;1;0
Teilesatz, Automatikgetriebe-?lwechsel;4921;118647;205;0,4608;4;0;5;5;0;9;2;1;1;0
Teilesatz, Automatikgetriebe-?lwechsel;4921;55358;2;0,0045;3;0;7;8;0;9;3;0;3;0
Teilesatz, Automatikgetriebe-?lwechsel;4921;109421;52;0,1169;0;0;3;2;0;3;2;1;1;1
Teilesatz, Automatikgetriebe-?lwechsel;4921;33325;1;0,0022;3;0;0;4;0;2;0;0;1;0
Teilesatz, Automatikgetriebe-?lwechsel;4921;137170;4;0,009;0;0;0;1;0;1;0;0;0;0
Teilesatz, Automatikgetriebe-?lwechsel;4921;56901;10;0,0225;3;0;5;2;0;3;2;1;1;1
Teilesatz, Automatikgetriebe-?lwechsel;4921;12588;4;0,009;5;0;6;4;0;10;2;1;1;1
Teilesatz, Automatikgetriebe-?lwechsel;4921;59290;2;0,0045;3;0;3;2;0;3;2;1;1;1
Teilesatz, Automatikgetriebe-?lwechsel;4921;106225;2;0,0045;7;0;1;6;0;5;0;0;1;0
Teilesatz, Automatikgetriebe-?lwechsel;4921;121698;7;0,0157;3;0;2;2;0;3;3;0;1;0
Teilesatz, Automatikgetriebe-?lwechsel;4921;136393;3;0,0067;2;0;2;2;0;6;4;0;0;0
Teilesatz, Automatikgetriebe-?lwechsel;4921;118091;28;0,0629;6;0;1;2;0;5;4;2;1;1
Teilesatz, Automatikgetriebe-?lwechsel;4921;112245;16;0,036;0;0;1;2;0;3;2;1;1;1
Teilesatz, Automatikgetriebe-?lwechsel;4921;519;5;0,0112;3;0;6;2;0;3;2;1;1;1
Teilesatz, Automatikgetriebe-?lwechsel;4921;126829;8;0,018;6;0;5;8;0;9;2;2;1;1
Teilesatz, Automatikgetriebe-?lwechsel;4921;123346;11;0,0247;3;0;2;2;0;3;3;1;1;1
Teilesatz, Automatikgetriebe-?lwechsel;4921;19728;2;0,0045;7;0;9;3;0;8;0;2;0;2
Teilesatz, Automatikgetriebe-?lwechsel;4921;58532;6;0,0135;1;0;2;2;0;3;0;1;1;1
Teilesatz, Automatikgetriebe-?lwechsel;4921;32914;1;0,0022;12;0;15;7;0;8;5;3;1;3
Teilesatz, Automatikgetriebe-?lwechsel;4921;131184;2;0,0045;2;0;0;2;0;12;0;0;0;0
Teilesatz, Automatikgetriebe-?lwechsel;4921;131140;65;0,1461;3;0;2;6;0;9;3;0;2;0
Teilesatz, Automatikgetriebe-?lwechsel;4921;114869;2;0,0045;6;0;7;5;0;6;2;1;1;1
Teilesatz, Automatikgetriebe-?lwechsel;4921;145209;1;0,0022;0;0;0;1;0;1;0;0;0;0
Teilesatz, Automatikgetriebe-?lwechsel;4921;10876;1;0,0022;3;0;6;2;0;3;0;0;0;0
Teilesatz, Automatikgetriebe-?lwechsel;4921;119947;1;0,0022;0;0;0;2;0;3;0;0;0;0
Teilesatz, Automatikgetriebe-?lwechsel;4921;26654;1;0,0022;0;0;0;0;0;3;0;0;0;0
Teilesatz, Automatikgetriebe-?lwechsel;4921;140506;2;0,0045;3;0;2;4;0;6;2;1;0;0
Teilesatz, Automatikgetriebe-?lwechsel;4921;145866;12;0,027;3;0;0;3;0;3;2;1;1;1
Teilesatz, Automatikgetriebe-?lwechsel;4921;100819;3;0,0067;3;0;0;2;0;3;0;0;1;0
Teilesatz, Automatikgetriebe-?lwechsel;4921;14822;1;0,0022;5;0;3;4;0;4;0;0;0;0
Teilesatz, Automatikgetriebe-?lwechsel;4921;446;7;0,0157;3;0;0;6;0;6;0;0;0;0
Teilesatz, Automatikgetriebe-?lwechsel;4921;29991;5;0,0112;2;0;3;2;0;5;2;0;0;0
Teilesatz, Automatikgetriebe-?lwechsel;4921;18641;2;0,0045;2;0;0;3;0;3;0;0;0;0
Teilesatz, Automatikgetriebe-?lwechsel;4921;19854;9;0,0202;7;0;13;6;0;8;5;2;0;2
Teilesatz, Automatikgetriebe-?lwechsel;4921;16300;14;0,0315;3;0;3;3;0;3;0;0;0;0
Teilesatz, Automatikgetriebe-?lwechsel;4921;19059;5;0,0112;2;0;2;4;0;4;2;1;1;1
Teilesatz, Automatikgetriebe-?lwechsel;4921;131985;1;0,0022;2;0;2;3;0;3;2;1;1;0
Teilesatz, Automatikgetriebe-?lwechsel;4921;27674;1;0,0022;3;1;2;2;0;3;3;1;1;1
Teilesatz, Automatikgetriebe-?lwechsel;4921;128974;2;0,0045;6;0;0;4;0;2;0;0;1;0
Teilesatz, Automatikgetriebe-?lwechsel;4921;126161;1;0,0022;0;0;3;5;0;4;0;0;1;0
Teilesatz, Automatikgetriebe-?lwechsel;4921;28600;2;0,0045;0;0;3;0;0;0;2;0;0;0
Teilesatz, Automatikgetriebe-?lwechsel;4921;11886;16;0,036;3;1;2;2;0;3;3;1;1;1
Teilesatz, Automatikgetriebe-?lwechsel;4921;138858;28;0,0629;3;0;4;6;0;5;0;0;2;0
Teilesatz, Automatikgetriebe-?lwechsel;4921;31009;1;0,0022;0;0;2;3;0;3;0;0;1;0
Teilesatz, Automatikgetriebe-?lwechsel;4921;59227;1;0,0022;3;0;2;2;0;3;3;1;1;1
Teilesatz, Automatikgetriebe-?lwechsel;4921;31364;1;0,0022;0;0;2;2;0;3;2;1;1;1
Teilesatz, Automatikgetriebe-?lwechsel;4921;30906;1;0,0022;0;0;7;8;0;9;3;0;3;0
Teilesatz, Automatikgetriebe-?lwechsel;4921;57597;18;0,0405;3;0;5;5;0;6;2;2;1;1
Teilesatz, Automatikgetriebe-?lwechsel;4921;15979;1;0,0022;0;0;2;2;0;3;2;0;0;0
Teilesatz, Automatikgetriebe-?lwechsel;4921;18259;1;0,0022;2;0;2;4;0;4;0;0;1;0
Teilesatz, Automatikgetriebe-?lwechsel;4921;116668;1;0,0022;3;0;2;2;0;3;2;1;1;1
Teilesatz, Automatikgetriebe-?lwechsel;4921;15266;3;0,0067;3;0;0;5;0;6;2;1;0;1
Teilesatz, Automatikgetriebe-?lwechsel;4921;12172;108;0,2428;3;0;2;3;0;3;2;1;0;0
Teilesatz, Automatikgetriebe-?lwechsel;4921;143578;1;0,0022;0;0;0;3;0;3;0;1;0;0
Teilesatz, Automatikgetriebe-?lwechsel;4921;29945;1;0,0022;3;1;7;6;0;6;2;1;2;1
Teilesatz, Automatikgetriebe-?lwechsel;4921;10012;3;0,0067;0;0;0;0;0;3;0;0;0;0
Teilesatz, Automatikgetriebe-?lwechsel;4921;33389;9;0,0202;3;1;2;3;0;3;2;1;1;1
Teilesatz, Automatikgetriebe-?lwechsel;4921;106379;13;0,0292;7;0;2;6;0;5;0;0;1;0
Teilesatz, Automatikgetriebe-?lwechsel;4921;19603;1;0,0022;0;0;0;0;0;6;0;0;0;0
Teilesatz, Automatikgetriebe-?lwechsel;4921;9629;1;0,0022;3;0;3;9;0;8;0;0;1;0
Teilesatz, Automatikgetriebe-?lwechsel;4921;112384;16;0,036;5;0;2;7;0;5;0;0;0;0
Teilesatz, Automatikgetriebe-?lwechsel;4921;15416;7;0,0157;3;0;2;6;0;6;0;1;0;1
Teilesatz, Automatikgetriebe-?lwechsel;4921;115065;12;0,027;3;0;2;3;0;3;2;1;0;0
Teilesatz, Automatikgetriebe-?lwechsel;4921;32118;4;0,009;0;0;3;4;0;6;0;0;0;0
Teilesatz, Automatikgetriebe-?lwechsel;4921;132376;1;0,0022;2;0;2;3;0;3;2;1;1;0
Teilesatz, Automatikgetriebe-?lwechsel;4921;16958;4;0,009;5;0;8;7;0;8;5;1;1;1
Teilesatz, Automatikgetriebe-?lwechsel;4921;54953;2;0,0045;7;0;0;0;0;0;0;2;0;2
Teilesatz, Automatikgetriebe-?lwechsel;4921;31152;44;0,0989;12;0;17;10;0;11;5;3;1;3
Teilesatz, Automatikgetriebe-?lwechsel;4921;31057;14;0,0315;7;0;12;10;0;8;3;2;0;2
Teilesatz, Automatikgetriebe-?lwechsel;4921;107051;3;0,0067;0;0;0;2;0;3;0;0;0;0
Teilesatz, Automatikgetriebe-?lwechsel;4921;127331;1;0,0022;0;0;0;3;0;9;0;1;0;0
Teilesatz, Automatikgetriebe-?lwechsel;4921;106227;16;0,036;6;0;7;9;0;7;4;2;3;1
Teilesatz, Automatikgetriebe-?lwechsel;4921;25483;3;0,0067;3;1;2;6;0;6;2;1;1;1
Teilesatz, Automatikgetriebe-?lwechsel;4921;23179;1;0,0022;1;0;5;2;0;6;0;1;1;1
Teilesatz, Automatikgetriebe-?lwechsel;4921;32955;8;0,018;14;0;15;9;0;15;7;4;2;3
Teilesatz, Automatikgetriebe-?lwechsel;4921;120195;35;0,0787;3;0;2;2;0;3;3;0;1;0
Teilesatz, Automatikgetriebe-?lwechsel;4921;139008;1;0,0022;3;0;0;0;0;0;2;1;1;1
Teilesatz, Automatikgetriebe-?lwechsel;4921;928;1;0,0022;8;0;6;6;0;13;2;1;1;1
Teilesatz, Automatikgetriebe-?lwechsel;4921;142894;4;0,009;2;0;0;4;0;5;0;0;0;0
Teilesatz, Automatikgetriebe-?lwechsel;4921;22461;27;0,0607;12;0;13;10;0;8;5;3;1;3
Teilesatz, Automatikgetriebe-?lwechsel;4921;11585;25;0,0562;3;0;2;0;0;3;2;1;0;0
Teilesatz, Automatikgetriebe-?lwechsel;4921;128289;79;0,1776;1;0;4;5;0;9;2;1;0;0
Teilesatz, Automatikgetriebe-?lwechsel;4921;114841;1;0,0022;0;0;0;0;0;0;0;0;0;0
Teilesatz, Automatikgetriebe-?lwechsel;4921;18391;25;0,0562;6;0;5;3;0;6;2;2;1;1
Teilesatz, Automatikgetriebe-?lwechsel;4921;113453;4;0,009;0;0;2;2;0;3;2;1;1;1
Teilesatz, Automatikgetriebe-?lwechsel;4921;108001;5;0,0112;3;0;2;2;0;3;2;1;1;1
Teilesatz, Automatikgetriebe-?lwechsel;4921;107500;3;0,0067;7;0;0;0;0;3;3;2;0;2
Teilesatz, Automatikgetriebe-?lwechsel;4921;8210;7;0,0157;3;0;6;2;0;3;2;1;1;1
Teilesatz, Automatikgetriebe-?lwechsel;4921;115121;13;0,0292;3;0;2;2;0;3;3;1;1;1
Teilesatz, Automatikgetriebe-?lwechsel;4921;131258;5;0,0112;6;0;0;0;0;12;3;3;0;2
Teilesatz, Automatikgetriebe-?lwechsel;4921;55905;4;0,009;2;0;1;7;0;4;0;1;0;1
Teilesatz, Automatikgetriebe-?lwechsel;4921;140775;5;0,0112;0;0;0;4;0;6;0;1;0;0
Teilesatz, Automatikgetriebe-?lwechsel;4921;22695;6;0,0135;4;0;5;6;0;5;0;0;1;0
Teilesatz, Automatikgetriebe-?lwechsel;4921;136654;1;0,0022;2;0;0;0;0;6;4;0;0;0
Teilesatz, Automatikgetriebe-?lwechsel;4921;115169;124;0,2787;6;0;7;5;0;6;4;2;1;1
Teilesatz, Automatikgetriebe-?lwechsel;4921;15455;1;0,0022;6;0;0;3;0;3;2;2;0;2
Teilesatz, Automatikgetriebe-?lwechsel;4921;59077;1;0,0022;4;0;5;6;0;5;0;0;1;0
Teilesatz, Automatikgetriebe-?lwechsel;4921;100054;2;0,0045;2;0;4;3;0;3;0;1;1;0
Teilesatz, Automatikgetriebe-?lwechsel;4921;11992;4;0,009;2;0;4;5;0;6;2;1;1;0
Teilesatz, Automatikgetriebe-?lwechsel;4921;128980;6;0,0135;6;0;2;2;0;3;2;0;1;0
Teilesatz, Automatikgetriebe-?lwechsel;4921;9646;1;0,0022;3;0;0;0;0;0;0;0;0;0
Teilesatz, Automatikgetriebe-?lwechsel;4921;28243;1;0,0022;0;0;2;2;0;3;2;0;0;0
Teilesatz, Automatikgetriebe-?lwechsel;4921;113149;43;0,0967;2;0;2;4;0;2;0;0;1;0
Teilesatz, Automatikgetriebe-?lwechsel;4921;129059;2;0,0045;5;0;4;2;0;3;2;1;0;0
Teilesatz, Automatikgetriebe-?lwechsel;4921;127390;1;0,0022;0;0;0;2;0;3;0;0;0;0
Teilesatz, Automatikgetriebe-?lwechsel;4921;29990;1;0,0022;3;0;2;0;0;0;0;0;0;0
Teilesatz, Automatikgetriebe-?lwechsel;4921;18409;2;0,0045;2;0;2;9;0;12;2;1;1;1
Teilesatz, Automatikgetriebe-?lwechsel;4921;112018;2;0,0045;3;0;0;4;0;2;0;0;1;0
Teilesatz, Automatikgetriebe-?lwechsel;4921;108591;79;0,1776;3;0;5;8;0;7;0;1;3;1
Teilesatz, Automatikgetriebe-?lwechsel;4921;33350;31;0,0697;3;0;1;4;0;6;2;1;1;1
Teilesatz, Automatikgetriebe-?lwechsel;4921;137333;1;0,0022;0;0;2;6;0;5;0;0;2;0
Teilesatz, Automatikgetriebe-?lwechsel;4921;141586;2;0,0045;3;0;4;4;0;2;0;0;1;0
Teilesatz, Automatikgetriebe-?lwechsel;4921;105877;3;0,0067;0;0;2;2;0;6;0;0;0;0
Teilesatz, Automatikgetriebe-?lwechsel;4921;18552;2;0,0045;3;0;0;2;0;0;0;0;0;0
Teilesatz, Automatikgetriebe-?lwechsel;4921;10336;1;0,0022;7;0;6;6;0;4;3;2;0;2
Teilesatz, Automatikgetriebe-?lwechsel;4921;28207;1;0,0022;6;0;5;2;0;3;2;2;1;1
Teilesatz, Automatikgetriebe-?lwechsel;4921;55485;2;0,0045;3;0;0;0;0;3;2;0;0;0
Teilesatz, Automatikgetriebe-?lwechsel;4921;59028;2;0,0045;0;0;2;2;0;3;0;0;0;0
Teilesatz, Automatikgetriebe-?lwechsel;4921;22669;1;0,0022;3;1;2;3;0;3;2;0;1;0
Teilesatz, Automatikgetriebe-?lwechsel;4921;16243;3;0,0067;3;0;1;3;0;3;0;1;1;1
Teilesatz, Automatikgetriebe-?lwechsel;4921;31593;13;0,0292;3;0;2;4;0;2;0;0;1;0
Teilesatz, Automatikgetriebe-?lwechsel;4921;18058;6;0,0135;5;0;9;7;0;4;2;0;1;0
Teilesatz, Automatikgetriebe-?lwechsel;4921;18070;2;0,0045;3;0;7;5;0;6;3;1;1;1
Teilesatz, Automatikgetriebe-?lwechsel;4921;115189;2;0,0045;2;0;2;7;0;5;0;0;1;0
Teilesatz, Automatikgetriebe-?lwechsel;4921;19792;3;0,0067;3;0;13;3;0;8;3;2;0;2
Teilesatz, Automatikgetriebe-?lwechsel;4921;128698;4;0,009;6;0;5;8;0;9;3;1;1;1
Teilesatz, Automatikgetriebe-?lwechsel;4921;125718;2;0,0045;1;0;4;5;0;6;2;1;1;1
Teilesatz, Automatikgetriebe-?lwechsel;4921;145846;6;0,0135;3;0;0;3;0;3;2;1;1;1
Teilesatz, Automatikgetriebe-?lwechsel;4921;33772;3;0,0067;3;1;2;2;0;3;3;1;1;1
Teilesatz, Automatikgetriebe-?lwechsel;4921;129009;1;0,0022;9;0;0;0;0;9;5;3;0;2
Teilesatz, Automatikgetriebe-?lwechsel;4921;31360;5;0,0112;2;1;5;5;0;6;3;0;2;0
Teilesatz, Automatikgetriebe-?lwechsel;4921;126596;2;0,0045;0;0;0;2;0;3;0;0;0;0
Teilesatz, Automatikgetriebe-?lwechsel;4921;55394;1;0,0022;7;0;4;0;0;3;3;2;0;2
Teilesatz, Automatikgetriebe-?lwechsel;4921;55093;3;0,0067;4;0;6;9;0;8;2;1;2;1
Teilesatz, Automatikgetriebe-?lwechsel;4921;136497;10;0,0225;3;0;2;4;0;6;3;1;1;1
Teilesatz, Automatikgetriebe-?lwechsel;4921;962;1;0,0022;0;0;6;4;0;10;0;0;0;0
Teilesatz, Automatikgetriebe-?lwechsel;4921;146539;2;0,0045;0;0;2;2;0;3;4;0;1;0
Teilesatz, Automatikgetriebe-?lwechsel;4921;30368;7;0,0157;5;0;9;7;0;4;2;1;1;1
Teilesatz, Automatikgetriebe-?lwechsel;4921;108184;10;0,0225;3;0;2;2;0;3;3;0;1;0
Teilesatz, Automatikgetriebe-?lwechsel;4921;19054;3;0,0067;7;0;11;6;0;8;3;2;0;2
Teilesatz, Automatikgetriebe-?lwechsel;4921;18358;3;0,0067;3;0;7;5;0;6;2;2;1;1
Teilesatz, Automatikgetriebe-?lwechsel;4921;11952;5;0,0112;6;0;4;5;0;9;3;1;2;1
Teilesatz, Automatikgetriebe-?lwechsel;4921;32813;17;0,0382;2;0;0;4;0;2;0;1;1;0
Teilesatz, Automatikgetriebe-?lwechsel;4921;134288;3;0,0067;4;0;4;5;0;3;2;1;0;0
Teilesatz, Automatikgetriebe-?lwechsel;4921;31599;2;0,0045;3;0;0;4;0;2;0;0;1;0
Teilesatz, Automatikgetriebe-?lwechsel;4921;131358;8;0,018;3;0;2;2;0;6;3;1;1;1
Teilesatz, Automatikgetriebe-?lwechsel;4921;31049;17;0,0382;14;0;17;13;0;15;7;4;2;3
Teilesatz, Automatikgetriebe-?lwechsel;4921;114947;2;0,0045;3;0;2;3;0;3;2;1;0;0
Teilesatz, Automatikgetriebe-?lwechsel;4921;17418;7;0,0157;5;0;4;4;0;4;2;1;1;1
Teilesatz, Automatikgetriebe-?lwechsel;4921;9091;1;0,0022;6;0;0;6;0;12;2;2;0;2
Teilesatz, Automatikgetriebe-?lwechsel;4921;31605;18;0,0405;0;0;2;4;0;2;0;0;1;0
Teilesatz, Automatikgetriebe-?lwechsel;4921;118495;1;0,0022;1;0;2;2;0;3;2;1;1;1
Teilesatz, Automatikgetriebe-?lwechsel;4921;32075;1;0,0022;0;0;2;2;0;3;0;1;1;1
Teilesatz, Automatikgetriebe-?lwechsel;4921;55513;1;0,0022;5;0;3;6;0;5;0;1;2;1
Teilesatz, Automatikgetriebe-?lwechsel;4921;109412;3;0,0067;2;0;0;4;0;1;0;0;1;0
Teilesatz, Automatikgetriebe-?lwechsel;4921;134284;25;0,0562;6;0;5;8;0;9;4;1;1;1
Teilesatz, Automatikgetriebe-?lwechsel;4921;131310;2;0,0045;2;0;2;3;0;3;2;1;1;0
Teilesatz, Automatikgetriebe-?lwechsel;4921;136270;2;0,0045;6;1;2;3;0;3;2;3;1;2
Teilesatz, Automatikgetriebe-?lwechsel;4921;116703;61;0,1371;4;0;4;5;0;6;4;2;2;1
Teilesatz, Automatikgetriebe-?lwechsel;4921;57295;4;0,009;3;0;2;2;0;3;3;1;1;1
Teilesatz, Automatikgetriebe-?lwechsel;4921;33681;7;0,0157;3;0;0;4;0;2;0;0;1;0
Teilesatz, Automatikgetriebe-?lwechsel;4921;26732;7;0,0157;3;0;5;2;0;3;2;1;1;1
Teilesatz, Automatikgetriebe-?lwechsel;4921;131650;6;0,0135;0;0;0;2;0;3;0;0;0;0
Teilesatz, Automatikgetriebe-?lwechsel;4921;30969;23;0,0517;3;0;5;2;0;3;2;1;1;1
Teilesatz, Automatikgetriebe-?lwechsel;4921;31166;1;0,0022;2;0;0;3;0;3;0;0;0;0
Teilesatz, Automatikgetriebe-?lwechsel;4921;125340;29;0,0652;3;0;2;2;0;3;2;1;1;1
Teilesatz, Automatikgetriebe-?lwechsel;4921;114341;1;0,0022;3;0;5;2;0;3;2;1;1;1
Teilesatz, Automatikgetriebe-?lwechsel;4921;1877;2;0,0045;3;0;2;0;0;6;0;1;0;1
Teilesatz, Automatikgetriebe-?lwechsel;4921;114877;2;0,0045;3;0;5;2;0;3;2;1;1;1
Teilesatz, Automatikgetriebe-?lwechsel;4921;801673;3;0,0067;0;0;0;0;0;0;2;1;0;0
Teilesatz, Automatikgetriebe-?lwechsel;4921;128760;2;0,0045;0;0;0;2;0;3;0;0;0;0
Teilesatz, Automatikgetriebe-?lwechsel;4921;25444;2;0,0045;6;1;2;3;0;3;2;1;1;1
Teilesatz, Automatikgetriebe-?lwechsel;4921;9914;2;0,0045;5;0;6;4;0;4;2;1;1;1
Teilesatz, Automatikgetriebe-?lwechsel;4921;15420;1;0,0022;3;0;2;3;0;3;0;0;0;0
Teilesatz, Automatikgetriebe-?lwechsel;4921;131995;1;0,0022;3;0;1;3;0;3;2;1;0;0
Teilesatz, Automatikgetriebe-?lwechsel;4921;19049;2;0,0045;2;0;0;3;0;3;0;0;0;0
Teilesatz, Automatikgetriebe-?lwechsel;4921;119470;1;0,0022;0;0;0;3;0;6;0;0;0;0
Teilesatz, Automatikgetriebe-?lwechsel;4921;12140;1;0,0022;6;0;0;6;0;12;2;2;0;2
Teilesatz, Automatikgetriebe-?lwechsel;4921;107977;4;0,009;3;0;0;4;0;6;0;0;0;0
Teilesatz, Automatikgetriebe-?lwechsel;4921;141574;2;0,0045;2;0;0;0;0;9;2;1;0;0
Teilesatz, Automatikgetriebe-?lwechsel;4921;134238;5;0,0112;0;0;0;4;0;6;0;1;0;0
Teilesatz, Automatikgetriebe-?lwechsel;4921;117091;140;0,3147;3;0;3;7;0;7;0;0;2;0
Teilesatz, Automatikgetriebe-?lwechsel;4921;16326;5;0,0112;3;0;0;3;0;9;0;1;0;1
Teilesatz, Automatikgetriebe-?lwechsel;4921;113434;6;0,0135;3;0;2;2;0;6;3;1;1;1
Teilesatz, Automatikgetriebe-?lwechsel;4921;110023;10;0,0225;0;0;0;2;0;3;0;0;0;0
Teilesatz, Automatikgetriebe-?lwechsel;4921;132864;4;0,009;3;0;1;3;0;3;2;1;0;0
Teilesatz, Automatikgetriebe-?lwechsel;4921;19789;16;0,036;5;0;7;7;0;4;2;1;1;1
Teilesatz, Automatikgetriebe-?lwechsel;4921;15545;2;0,0045;3;0;2;0;0;6;0;1;0;1
Teilesatz, Automatikgetriebe-?lwechsel;4921;145017;1;0,0022;2;0;0;4;0;0;0;0;0;0
Teilesatz, Automatikgetriebe-?lwechsel;4921;131141;18;0,0405;3;0;2;6;0;9;3;0;2;0
Teilesatz, Automatikgetriebe-?lwechsel;4921;16572;3;0,0067;2;0;2;5;0;6;0;0;0;0
Teilesatz, Automatikgetriebe-?lwechsel;4921;18398;8;0,018;1;0;2;2;0;6;0;0;0;0
Teilesatz, Automatikgetriebe-?lwechsel;4921;130087;38;0,0854;0;0;0;3;0;4;0;0;0;0
Teilesatz, Automatikgetriebe-?lwechsel;4921;18804;8;0,018;6;1;3;3;0;6;2;1;1;1
Teilesatz, Automatikgetriebe-?lwechsel;4921;134261;16;0,036;2;0;2;3;0;3;2;1;1;0
Teilesatz, Automatikgetriebe-?lwechsel;4921;19457;1;0,0022;5;0;2;6;0;6;2;2;2;2
Teilesatz, Automatikgetriebe-?lwechsel;4921;117084;2;0,0045;3;0;3;7;0;7;0;0;2;0
Teilesatz, Automatikgetriebe-?lwechsel;4921;114861;1;0,0022;6;0;7;5;0;6;2;1;1;1
Teilesatz, Automatikgetriebe-?lwechsel;4921;11790;4;0,009;5;0;6;12;0;6;3;1;2;0
Teilesatz, Automatikgetriebe-?lwechsel;4921;2494;3;0,0067;3;0;1;2;0;3;2;0;1;0
Teilesatz, Automatikgetriebe-?lwechsel;4921;2994;1;0,0022;3;0;0;0;0;0;0;0;0;0
Teilesatz, Automatikgetriebe-?lwechsel;4921;55;3;0,0067;4;0;0;3;0;3;0;0;0;0
Teilesatz, Automatikgetriebe-?lwechsel;4921;144630;1;0,0022;2;0;1;6;0;6;2;1;1;0
Teilesatz, Automatikgetriebe-?lwechsel;4921;128221;5;0,0112;0;0;0;4;0;6;2;0;0;0
Teilesatz, Automatikgetriebe-?lwechsel;4921;17775;4;0,009;3;1;2;3;0;3;2;1;1;1
Teilesatz, Automatikgetriebe-?lwechsel;4921;53295;4;0,009;2;0;0;0;0;12;0;0;0;0
Teilesatz, Automatikgetriebe-?lwechsel;4921;14064;2;0,0045;3;0;2;0;0;0;0;0;0;0
Teilesatz, Automatikgetriebe-?lwechsel;4921;142411;1;0,0022;0;0;0;2;0;3;0;0;0;0
Teilesatz, Automatikgetriebe-?lwechsel;4921;145177;4;0,009;0;0;0;6;0;3;2;0;0;0
Teilesatz, Automatikgetriebe-?lwechsel;4921;115836;1;0,0022;0;0;2;4;0;3;3;1;1;1
Teilesatz, Automatikgetriebe-?lwechsel;4921;9342;1;0,0022;3;0;1;3;0;3;0;1;1;1
Teilesatz, Automatikgetriebe-?lwechsel;4921;14400;1;0,0022;3;0;0;2;0;4;0;0;0;0
Teilesatz, Automatikgetriebe-?lwechsel;4921;111167;1;0,0022;7;1;0;0;0;3;3;2;0;2
Teilesatz, Automatikgetriebe-?lwechsel;4921;19960;1;0,0022;1;0;5;2;0;6;3;0;0;0
Teilesatz, Automatikgetriebe-?lwechsel;4921;29315;1;0,0022;0;0;0;2;0;9;0;0;0;0
Teilesatz, Automatikgetriebe-?lwechsel;4921;136527;3;0,0067;3;0;1;4;0;4;2;1;0;0
Teilesatz, Automatikgetriebe-?lwechsel;4921;9818;10;0,0225;0;0;2;6;0;6;2;0;0;0
Teilesatz, Automatikgetriebe-?lwechsel;4921;131194;1;0,0022;2;0;0;2;0;3;0;0;0;0
Teilesatz, Automatikgetriebe-?lwechsel;4921;11368;1;0,0022;6;0;0;3;0;3;0;1;0;1
Teilesatz, Automatikgetriebe-?lwechsel;4921;14679;2;0,0045;3;0;0;8;0;9;0;2;0;2
Teilesatz, Automatikgetriebe-?lwechsel;4921;8205;16;0,036;3;0;1;2;0;3;2;1;1;1
Teilesatz, Automatikgetriebe-?lwechsel;4921;17645;23;0,0517;9;0;6;5;0;9;2;3;1;1
Teilesatz, Automatikgetriebe-?lwechsel;4921;8948;1;0,0022;3;0;2;5;0;3;2;0;1;0
Teilesatz, Automatikgetriebe-?lwechsel;4921;10344;5;0,0112;9;0;8;9;0;11;5;3;1;2
Teilesatz, Automatikgetriebe-?lwechsel;4921;106395;13;0,0292;4;0;2;6;0;5;0;0;1;0
Teilesatz, Automatikgetriebe-?lwechsel;4921;19453;2;0,0045;3;0;4;2;0;3;2;1;1;1
Teilesatz, Automatikgetriebe-?lwechsel;4921;118515;99;0,2225;2;1;2;6;0;3;2;2;1;0
Teilesatz, Automatikgetriebe-?lwechsel;4921;15989;1;0,0022;0;0;0;0;0;0;0;0;0;0
Teilesatz, Automatikgetriebe-?lwechsel;4921;752;3;0,0067;3;0;0;6;0;6;0;0;0;0
Teilesatz, Automatikgetriebe-?lwechsel;4921;128816;6;0,0135;3;0;5;9;0;10;3;0;3;0
Teilesatz, Automatikgetriebe-?lwechsel;4921;109983;1;0,0022;2;0;2;2;0;3;0;0;0;0
Teilesatz, Automatikgetriebe-?lwechsel;4921;127635;2;0,0045;2;0;2;3;0;3;2;1;1;0
Teilesatz, Automatikgetriebe-?lwechsel;4921;19834;5;0,0112;3;1;2;3;0;3;2;1;1;1
Teilesatz, Automatikgetriebe-?lwechsel;4921;19292;4;0,009;5;0;9;7;0;4;2;1;1;1
Teilesatz, Automatikgetriebe-?lwechsel;4921;59859;1;0,0022;0;0;2;2;0;3;2;0;1;0
Teilesatz, Automatikgetriebe-?lwechsel;4921;18984;1;0,0022;4;1;5;6;0;6;2;1;2;1
Teilesatz, Automatikgetriebe-?lwechsel;4921;108582;1;0,0022;5;0;6;11;0;12;0;0;1;0
Teilesatz, Automatikgetriebe-?lwechsel;4921;17771;4;0,009;3;0;1;2;0;3;2;1;0;0
Teilesatz, Automatikgetriebe-?lwechsel;4921;136026;28;0,0629;6;1;2;3;0;6;2;3;1;2
Teilesatz, Automatikgetriebe-?lwechsel;4921;117715;5;0,0112;2;0;2;2;0;3;3;0;1;0
Teilesatz, Automatikgetriebe-?lwechsel;4921;140517;7;0,0157;5;0;0;4;0;3;0;0;0;0
Teilesatz, Automatikgetriebe-?lwechsel;4921;5540;4;0,009;5;0;6;7;0;13;2;1;1;1
Teilesatz, Automatikgetriebe-?lwechsel;4921;135157;19;0,0427;3;0;2;3;0;3;2;0;0;0
Teilesatz, Automatikgetriebe-?lwechsel;4921;22519;22;0,0495;3;0;1;4;0;6;2;1;1;1
Teilesatz, Automatikgetriebe-?lwechsel;4921;136303;2;0,0045;3;0;2;2;0;3;2;1;1;1
Teilesatz, Automatikgetriebe-?lwechsel;4921;106376;1;0,0022;1;0;6;5;0;6;2;1;1;1
Teilesatz, Automatikgetriebe-?lwechsel;4921;135689;2;0,0045;3;0;5;7;0;7;0;0;2;0
Teilesatz, Automatikgetriebe-?lwechsel;4921;19964;47;0,1056;3;0;7;5;0;6;4;1;1;1
Teilesatz, Automatikgetriebe-?lwechsel;4921;133041;8;0,018;3;0;5;5;0;6;4;1;1;1
Teilesatz, Automatikgetriebe-?lwechsel;4921;137844;4;0,009;0;0;0;0;0;6;0;1;1;1
Teilesatz, Automatikgetriebe-?lwechsel;4921;6047;1;0,0022;3;0;0;2;0;3;2;1;1;1
Teilesatz, Automatikgetriebe-?lwechsel;4921;117855;1;0,0022;3;0;0;3;0;4;0;0;0;0
Teilesatz, Automatikgetriebe-?lwechsel;4921;114876;6;0,0135;3;0;3;2;0;3;2;1;1;1
Teilesatz, Automatikgetriebe-?lwechsel;4921;31478;2;0,0045;0;0;2;2;0;3;0;0;0;0
Teilesatz, Automatikgetriebe-?lwechsel;4921;128344;5;0,0112;5;0;2;0;0;10;0;0;0;0
Teilesatz, Automatikgetriebe-?lwechsel;4921;120121;1;0,0022;9;0;2;3;0;3;5;3;1;2
Teilesatz, Automatikgetriebe-?lwechsel;4921;17624;2;0,0045;9;0;0;2;0;6;2;1;0;0
Teilesatz, Automatikgetriebe-?lwechsel;4921;133437;6;0,0135;3;0;0;3;0;4;0;0;0;0
Teilesatz, Automatikgetriebe-?lwechsel;4921;141272;3;0,0067;6;0;1;3;0;6;2;1;1;0
Teilesatz, Automatikgetriebe-?lwechsel;4921;137641;5;0,0112;0;0;0;1;0;2;0;0;0;0
Teilesatz, Automatikgetriebe-?lwechsel;4921;27416;4;0,009;6;0;5;2;0;3;2;1;1;1
Teilesatz, Automatikgetriebe-?lwechsel;4921;144108;1;0,0022;0;0;2;4;0;2;0;0;1;0
Teilesatz, Automatikgetriebe-?lwechsel;4921;56809;1;0,0022;3;0;2;2;0;3;3;1;1;1
Teilesatz, Automatikgetriebe-?lwechsel;4921;8972;1;0,0022;3;0;0;0;0;0;0;0;0;0
Teilesatz, Automatikgetriebe-?lwechsel;4921;120599;1;0,0022;0;0;0;0;0;0;0;0;0;0
Teilesatz, Automatikgetriebe-?lwechsel;4921;140691;3;0,0067;0;0;0;3;0;3;2;0;0;0
Teilesatz, Automatikgetriebe-?lwechsel;4921;5932;1;0,0022;5;0;6;7;0;13;2;1;1;1
Teilesatz, Automatikgetriebe-?lwechsel;4921;59334;1;0,0022;3;1;7;8;0;9;2;1;3;1
Teilesatz, Automatikgetriebe-?lwechsel;4921;116211;9;0,0202;0;0;1;2;0;3;0;1;1;1
Teilesatz, Automatikgetriebe-?lwechsel;4921;127686;2;0,0045;0;0;0;3;0;9;0;1;0;0
Teilesatz, Automatikgetriebe-?lwechsel;4921;151058;1;0,0022;0;0;0;0;0;0;0;0;0;0
Teilesatz, Automatikgetriebe-?lwechsel;4921;131256;1;0,0022;6;0;0;3;0;6;3;3;1;2
Teilesatz, Automatikgetriebe-?lwechsel;4921;120740;4;0,009;2;1;2;3;0;3;2;1;1;0
Teilesatz, Automatikgetriebe-?lwechsel;4921;133645;4;0,009;3;0;3;7;0;7;0;0;2;0
Teilesatz, Automatikgetriebe-?lwechsel;4921;33006;10;0,0225;3;1;2;2;0;3;3;1;1;1
Teilesatz, Automatikgetriebe-?lwechsel;4921;22458;26;0,0584;5;0;8;7;0;4;2;1;1;1
Teilesatz, Automatikgetriebe-?lwechsel;4921;25494;1;0,0022;4;1;5;3;0;3;2;1;1;1
Teilesatz, Automatikgetriebe-?lwechsel;4921;19653;1;0,0022;8;0;17;7;0;8;5;3;1;3
Teilesatz, Automatikgetriebe-?lwechsel;4921;20864;4;0,009;6;0;7;9;0;8;4;1;2;1
Teilesatz, Automatikgetriebe-?lwechsel;4921;976;2;0,0045;3;0;0;0;0;6;0;0;0;0
Teilesatz, Automatikgetriebe-?lwechsel;4921;143283;1;0,0022;6;0;1;3;0;6;2;0;1;0
Teilesatz, Automatikgetriebe-?lwechsel;4921;19022;2;0,0045;4;1;5;6;0;6;2;1;2;1
Teilesatz, Automatikgetriebe-?lwechsel;4921;133290;46;0,1034;3;0;0;4;0;3;2;1;0;0
Teilesatz, Automatikgetriebe-?lwechsel;4921;19473;3;0,0067;4;0;0;4;0;9;2;1;2;1
Teilesatz, Automatikgetriebe-?lwechsel;4921;105920;1;0,0022;3;0;2;2;0;3;3;0;1;0
Teilesatz, Automatikgetriebe-?lwechsel;4921;6021;11;0,0247;3;0;6;2;0;3;2;1;1;1
Teilesatz, Automatikgetriebe-?lwechsel;4921;148082;2;0,0045;3;0;0;7;0;6;2;1;0;0
Teilesatz, Automatikgetriebe-?lwechsel;4921;112266;1;0,0022;1;0;5;4;0;6;3;1;1;1
Teilesatz, Automatikgetriebe-?lwechsel;4921;119166;1;0,0022;3;0;5;7;0;7;0;0;2;0
Teilesatz, Automatikgetriebe-?lwechsel;4921;57925;5;0,0112;0;0;2;2;1;3;2;0;1;0
Teilesatz, Automatikgetriebe-?lwechsel;4921;108604;28;0,0629;3;0;2;3;0;3;2;1;1;1
Teilesatz, Automatikgetriebe-?lwechsel;4921;33304;1;0,0022;1;0;0;4;0;2;0;0;1;0
Teilesatz, Automatikgetriebe-?lwechsel;4921;130974;6;0,0135;2;0;2;3;0;3;2;1;1;0
Teilesatz, Automatikgetriebe-?lwechsel;4921;144801;1;0,0022;3;0;2;3;0;3;2;1;0;0
Teilesatz, Automatikgetriebe-?lwechsel;4921;29304;4;0,009;1;0;4;2;0;3;2;1;1;1
Teilesatz, Automatikgetriebe-?lwechsel;4921;1169;13;0,0292;3;1;4;5;0;6;3;1;2;1
Teilesatz, Automatikgetriebe-?lwechsel;4921;115685;3;0,0067;0;0;0;2;0;3;0;0;0;0
Teilesatz, Automatikgetriebe-?lwechsel;4921;59071;4;0,009;6;0;5;5;0;6;4;1;1;1
Teilesatz, Automatikgetriebe-?lwechsel;4921;58675;1;0,0022;4;0;0;0;0;3;3;1;0;1
Teilesatz, Automatikgetriebe-?lwechsel;4921;58943;3;0,0067;5;0;2;4;0;2;0;0;1;0
Teilesatz, Automatikgetriebe-?lwechsel;4921;17968;19;0,0427;7;1;5;6;0;6;4;1;2;1
Teilesatz, Automatikgetriebe-?lwechsel;4921;31022;2;0,0045;3;1;5;6;0;6;4;1;2;1
Teilesatz, Automatikgetriebe-?lwechsel;4921;18333;1;0,0022;2;0;0;3;0;3;0;0;0;0
Teilesatz, Automatikgetriebe-?lwechsel;4921;118113;1;0,0022;9;1;2;6;0;6;2;4;1;2
Teilesatz, Automatikgetriebe-?lwechsel;4921;18264;85;0,1911;8;0;4;8;0;6;4;2;1;2
Teilesatz, Automatikgetriebe-?lwechsel;4921;135146;10;0,0225;4;0;3;5;0;3;2;2;2;2
Teilesatz, Automatikgetriebe-?lwechsel;4921;118562;1;0,0022;3;0;0;2;0;3;0;0;0;0
Teilesatz, Automatikgetriebe-?lwechsel;4921;31070;1;0,0022;2;0;0;4;0;2;0;0;1;0
Teilesatz, Automatikgetriebe-?lwechsel;4921;136109;6;0,0135;3;0;4;6;0;5;0;0;2;0
Teilesatz, Automatikgetriebe-?lwechsel;4921;118182;1;0,0022;3;0;2;2;0;3;3;1;1;1
Teilesatz, Automatikgetriebe-?lwechsel;4921;287;2;0,0045;1;0;0;3;0;6;0;0;0;0
Teilesatz, Automatikgetriebe-?lwechsel;4921;140474;1;0,0022;0;0;0;2;0;3;0;0;0;0
Teilesatz, Automatikgetriebe-?lwechsel;4921;115184;14;0,0315;2;0;0;4;0;2;0;0;1;0
Teilesatz, Automatikgetriebe-?lwechsel;4921;17290;13;0,0292;3;1;2;3;0;3;2;1;1;1
Teilesatz, Automatikgetriebe-?lwechsel;4921;123344;2;0,0045;3;0;2;2;0;3;3;1;1;1
Teilesatz, Automatikgetriebe-?lwechsel;4921;132845;1;0,0022;0;0;2;3;0;3;2;1;1;0
Teilesatz, Automatikgetriebe-?lwechsel;4921;112365;26;0,0584;9;1;6;6;0;7;5;3;1;2
Teilesatz, Automatikgetriebe-?lwechsel;4921;55600;2;0,0045;4;0;6;9;0;8;4;1;2;1
Teilesatz, Automatikgetriebe-?lwechsel;4921;16629;6;0,0135;5;0;8;7;0;4;2;1;1;1
Teilesatz, Automatikgetriebe-?lwechsel;4921;105802;1;0,0022;3;0;0;3;0;3;2;1;1;1
Teilesatz, Automatikgetriebe-?lwechsel;4921;59565;2;0,0045;3;0;5;5;0;3;0;1;2;1
Teilesatz, Automatikgetriebe-?lwechsel;4921;107496;3;0,0067;3;0;2;3;0;3;2;1;0;0
Teilesatz, Automatikgetriebe-?lwechsel;4921;134886;1;0,0022;3;0;2;3;0;3;2;1;0;0
Teilesatz, Automatikgetriebe-?lwechsel;4921;108644;1;0,0022;3;0;5;12;0;9;4;1;2;1
Teilesatz, Automatikgetriebe-?lwechsel;4921;109462;1;0,0022;4;0;4;9;0;8;0;0;1;0
Teilesatz, Automatikgetriebe-?lwechsel;4921;105903;2;0,0045;3;0;2;2;0;3;3;1;1;1
Teilesatz, Automatikgetriebe-?lwechsel;4921;19275;3;0,0067;3;0;1;3;0;3;2;0;0;0
Teilesatz, Automatikgetriebe-?lwechsel;4921;145832;3;0,0067;3;0;0;3;0;3;2;1;1;1
Teilesatz, Automatikgetriebe-?lwechsel;4921;32884;4;0,009;12;0;12;7;0;8;5;3;1;3
Teilesatz, Automatikgetriebe-?lwechsel;4921;136378;2;0,0045;0;0;0;2;0;3;0;0;0;0
Teilesatz, Automatikgetriebe-?lwechsel;4921;119576;4;0,009;12;0;0;0;0;6;5;3;1;3
Teilesatz, Automatikgetriebe-?lwechsel;4921;110051;1;0,0022;3;0;2;2;0;3;2;1;1;1
Teilesatz, Automatikgetriebe-?lwechsel;4921;141502;8;0,018;0;0;0;2;0;3;2;0;0;0
Teilesatz, Automatikgetriebe-?lwechsel;4921;16198;5;0,0112;3;0;0;3;0;9;0;1;0;1
Teilesatz, Automatikgetriebe-?lwechsel;4921;17745;1;0,0022;6;0;0;5;0;6;0;0;0;0
Teilesatz, Automatikgetriebe-?lwechsel;4921;141576;7;0,0157;0;0;2;6;0;5;0;0;2;0
Teilesatz, Automatikgetriebe-?lwechsel;4921;116947;4;0,009;0;0;0;3;0;3;0;0;0;0
Teilesatz, Automatikgetriebe-?lwechsel;4921;128026;1;0,0022;3;0;2;2;0;3;2;1;1;1
Teilesatz, Automatikgetriebe-?lwechsel;4921;12332;16;0,036;7;0;8;10;0;12;3;2;0;2
Teilesatz, Automatikgetriebe-?lwechsel;4921;116048;1;0,0022;2;0;4;3;0;3;0;1;1;0
Teilesatz, Automatikgetriebe-?lwechsel;4921;7520;3;0,0067;7;0;1;3;0;4;0;2;0;2
Teilesatz, Automatikgetriebe-?lwechsel;4921;137021;1;0,0022;12;0;1;4;0;6;0;3;1;3
Teilesatz, Automatikgetriebe-?lwechsel;4921;59167;8;0,018;3;0;2;0;0;3;2;1;0;0
Teilesatz, Automatikgetriebe-?lwechsel;4921;6762;7;0,0157;3;0;2;2;0;3;3;1;1;1
Teilesatz, Automatikgetriebe-?lwechsel;4921;30973;1;0,0022;0;0;0;0;0;0;0;0;0;0
Teilesatz, Automatikgetriebe-?lwechsel;4921;10341;2;0,0045;7;0;6;6;0;8;3;2;0;2
Teilesatz, Automatikgetriebe-?lwechsel;4921;847;2;0,0045;6;0;0;6;0;9;0;0;0;0
Teilesatz, Automatikgetriebe-?lwechsel;4921;14817;2;0,0045;5;0;8;7;0;4;2;1;1;1
Teilesatz, Automatikgetriebe-?lwechsel;4921;107535;26;0,0584;9;1;6;6;0;7;5;3;1;2
Teilesatz, Automatikgetriebe-?lwechsel;4921;129628;9;0,0202;2;0;0;3;0;3;2;1;1;0
Teilesatz, Automatikgetriebe-?lwechsel;4921;57259;4;0,009;12;0;9;7;0;8;5;3;1;3
Teilesatz, Automatikgetriebe-?lwechsel;4921;22511;3;0,0067;3;0;1;4;0;6;2;1;1;1
Teilesatz, Automatikgetriebe-?lwechsel;4921;125703;13;0,0292;1;0;4;5;0;6;2;1;1;1
Teilesatz, Automatikgetriebe-?lwechsel;4921;114065;4;0,009;3;0;2;2;0;3;2;1;1;1
Teilesatz, Automatikgetriebe-?lwechsel;4921;11896;19;0,0427;2;0;0;4;0;2;0;0;1;0
Teilesatz, Automatikgetriebe-?lwechsel;4921;30427;1;0,0022;3;0;0;0;0;4;0;0;0;0
Teilesatz, Automatikgetriebe-?lwechsel;4921;116680;4;0,009;3;0;2;2;0;3;2;1;1;1
Teilesatz, Automatikgetriebe-?lwechsel;4921;18995;1;0,0022;2;0;0;3;0;3;0;0;0;0
Teilesatz, Automatikgetriebe-?lwechsel;4921;144693;1;0,0022;0;0;2;2;0;3;3;0;1;0
Teilesatz, Automatikgetriebe-?lwechsel;4921;119967;6;0,0135;3;0;2;7;0;7;2;1;0;0
Teilesatz, Automatikgetriebe-?lwechsel;4921;16716;23;0,0517;5;0;8;7;0;4;2;1;1;1
Teilesatz, Automatikgetriebe-?lwechsel;4921;108595;13;0,0292;3;0;4;8;0;9;0;1;3;1
Teilesatz, Automatikgetriebe-?lwechsel;4921;116720;1;0,0022;3;0;2;2;0;3;2;1;1;1
Teilesatz, Automatikgetriebe-?lwechsel;4921;113459;3;0,0067;3;0;2;2;0;3;3;1;1;1
Teilesatz, Automatikgetriebe-?lwechsel;4921;115160;5;0,0112;3;0;7;11;0;9;4;1;1;1
Teilesatz, Automatikgetriebe-?lwechsel;4921;17906;7;0,0157;3;0;1;2;0;3;2;1;1;1
Teilesatz, Automatikgetriebe-?lwechsel;4921;33375;1;0,0022;3;0;1;2;0;3;2;1;1;1
Teilesatz, Automatikgetriebe-?lwechsel;4921;13736;7;0,0157;4;0;2;4;0;6;0;0;0;0
Teilesatz, Automatikgetriebe-?lwechsel;4921;59442;3;0,0067;7;0;4;3;0;3;3;2;0;2
Teilesatz, Automatikgetriebe-?lwechsel;4921;142440;2;0,0045;2;0;0;7;0;3;0;0;0;0
Teilesatz, Automatikgetriebe-?lwechsel;4921;8387;35;0,0787;3;0;1;3;0;3;0;1;1;1
Teilesatz, Automatikgetriebe-?lwechsel;4921;110049;1;0,0022;3;0;2;2;0;3;2;1;1;1
Teilesatz, Automatikgetriebe-?lwechsel;4921;136005;1;0,0022;6;1;2;3;0;6;2;3;1;2
Teilesatz, Automatikgetriebe-?lwechsel;4921;16179;2;0,0045;4;1;5;6;0;6;2;1;2;1
Teilesatz, Automatikgetriebe-?lwechsel;4921;108631;111;0,2495;6;0;7;5;0;6;4;2;2;1
Teilesatz, Automatikgetriebe-?lwechsel;4921;115054;3;0,0067;3;0;1;3;0;3;2;1;0;0
Teilesatz, Automatikgetriebe-?lwechsel;4921;25447;2;0,0045;3;1;5;6;0;6;4;1;2;1
Teilesatz, Automatikgetriebe-?lwechsel;4921;128188;9;0,0202;5;0;2;2;0;3;2;1;1;1
Teilesatz, Automatikgetriebe-?lwechsel;4921;27765;11;0,0247;3;1;2;2;0;3;3;0;1;0
Teilesatz, Automatikgetriebe-?lwechsel;4921;106288;6;0,0135;3;0;2;3;0;3;2;1;0;0
Teilesatz, Automatikgetriebe-?lwechsel;4921;26916;2;0,0045;2;0;3;5;0;6;2;1;1;0
Teilesatz, Automatikgetriebe-?lwechsel;4921;108403;1;0,0022;1;0;4;5;0;6;2;1;1;1
Teilesatz, Automatikgetriebe-?lwechsel;4921;17191;1;0,0022;12;0;13;7;0;4;2;3;1;3
Teilesatz, Automatikgetriebe-?lwechsel;4921;117773;7;0,0157;4;0;0;4;0;0;0;0;0;0
Teilesatz, Automatikgetriebe-?lwechsel;4921;115487;99;0,2225;3;0;5;2;0;3;2;1;1;1
Teilesatz, Automatikgetriebe-?lwechsel;4921;10467;1;0,0022;3;0;0;2;0;9;2;2;0;1
Teilesatz, Automatikgetriebe-?lwechsel;4921;326;5;0,0112;0;0;2;4;0;2;0;0;0;0
Teilesatz, Automatikgetriebe-?lwechsel;4921;30869;7;0,0157;4;1;5;6;0;6;2;1;2;1
Teilesatz, Automatikgetriebe-?lwechsel;4921;131857;17;0,0382;2;0;2;3;0;3;2;1;1;0
Teilesatz, Automatikgetriebe-?lwechsel;4921;12142;1;0,0022;0;0;2;2;0;3;5;0;1;0
Teilesatz, Automatikgetriebe-?lwechsel;4921;108825;10;0,0225;0;0;2;4;0;6;3;1;1;1
Teilesatz, Automatikgetriebe-?lwechsel;4921;128856;1;0,0022;0;0;0;2;0;3;0;0;0;0
Teilesatz, Automatikgetriebe-?lwechsel;4921;125170;3;0,0067;0;1;0;3;0;9;0;1;0;0
Teilesatz, Automatikgetriebe-?lwechsel;4921;116701;6;0,0135;4;0;7;7;0;9;4;1;2;1
Teilesatz, Automatikgetriebe-?lwechsel;4921;108430;6;0,0135;5;0;6;8;0;9;0;0;1;0
Teilesatz, Automatikgetriebe-?lwechsel;4921;56145;12;0,027;2;0;2;4;0;2;0;0;1;0
Teilesatz, Automatikgetriebe-?lwechsel;4921;12033;12;0,027;4;0;2;4;0;6;0;0;0;0
Teilesatz, Automatikgetriebe-?lwechsel;4921;136376;9;0,0202;3;0;2;3;0;3;2;1;0;0
Teilesatz, Automatikgetriebe-?lwechsel;4921;125345;1;0,0022;3;1;0;2;0;3;2;0;0;0
Teilesatz, Automatikgetriebe-?lwechsel;4921;135072;1;0,0022;3;0;0;2;0;3;0;0;0;0
Teilesatz, Automatikgetriebe-?lwechsel;4921;31059;60;0,1349;4;0;4;4;0;6;2;2;1;2
Teilesatz, Automatikgetriebe-?lwechsel;4921;56756;2;0,0045;3;1;5;7;0;9;5;1;2;1
Teilesatz, Automatikgetriebe-?lwechsel;4921;9307;2;0,0045;3;0;2;3;0;3;2;1;2;1
Teilesatz, Automatikgetriebe-?lwechsel;4921;26582;14;0,0315;4;0;5;6;0;2;0;0;1;0
Teilesatz, Automatikgetriebe-?lwechsel;4921;107983;1;0,0022;3;0;2;2;0;3;3;1;1;1
Teilesatz, Automatikgetriebe-?lwechsel;4921;131273;1;0,0022;6;0;0;3;0;6;3;3;1;2
Teilesatz, Automatikgetriebe-?lwechsel;4921;10935;40;0,0899;7;0;4;5;0;9;4;2;2;1
Teilesatz, Automatikgetriebe-?lwechsel;4921;56115;5;0,0112;3;0;4;11;0;12;3;1;2;0
Teilesatz, Automatikgetriebe-?lwechsel;4921;13086;1;0,0022;3;0;2;0;0;3;0;1;0;1
Teilesatz, Automatikgetriebe-?lwechsel;4921;144807;13;0,0292;3;0;2;3;0;3;2;1;1;0
Teilesatz, Automatikgetriebe-?lwechsel;4921;134285;1;0,0022;3;0;0;0;0;0;2;1;0;0
Teilesatz, Automatikgetriebe-?lwechsel;4921;20113;7;0,0157;3;0;1;3;0;3;2;1;1;1
Teilesatz, Automatikgetriebe-?lwechsel;4921;12491;7;0,0157;7;0;2;3;0;6;2;1;1;1
Teilesatz, Automatikgetriebe-?lwechsel;4921;137603;2;0,0045;0;0;0;5;0;1;0;0;0;0
Teilesatz, Automatikgetriebe-?lwechsel;4921;112225;1;0,0022;9;1;2;9;0;9;5;4;1;2
Teilesatz, Automatikgetriebe-?lwechsel;4921;114944;3;0,0067;3;0;2;3;0;3;2;1;0;0
Teilesatz, Automatikgetriebe-?lwechsel;4921;115581;2;0,0045;6;0;7;5;0;8;4;2;1;1
Teilesatz, Automatikgetriebe-?lwechsel;4921;11140;7;0,0157;0;0;0;2;0;6;0;0;0;0
Teilesatz, Automatikgetriebe-?lwechsel;4921;18634;21;0,0472;3;0;13;7;0;8;3;2;0;2
Teilesatz, Automatikgetriebe-?lwechsel;4921;15468;2;0,0045;0;0;2;0;0;6;0;1;0;1
Teilesatz, Automatikgetriebe-?lwechsel;4921;929;3;0,0067;3;0;6;6;0;13;0;0;0;0
Teilesatz, Automatikgetriebe-?lwechsel;4921;33012;10;0,0225;3;1;2;2;0;3;3;1;1;1
Teilesatz, Automatikgetriebe-?lwechsel;4921;145757;3;0,0067;0;0;0;0;0;1;2;1;0;0
Teilesatz, Automatikgetriebe-?lwechsel;4921;59476;16;0,036;7;0;9;3;0;6;5;2;0;2
Teilesatz, Automatikgetriebe-?lwechsel;4921;119697;16;0,036;1;0;4;6;0;7;2;1;2;1
Teilesatz, Automatikgetriebe-?lwechsel;4921;126002;4;0,009;3;0;5;5;0;6;2;1;0;0
Teilesatz, Automatikgetriebe-?lwechsel;4921;28231;9;0,0202;5;0;2;4;0;2;0;0;1;0
Teilesatz, Automatikgetriebe-?lwechsel;4921;22956;3;0,0067;3;1;2;3;0;3;2;1;1;1
Teilesatz, Automatikgetriebe-?lwechsel;4921;15451;4;0,009;5;0;0;5;0;9;2;2;0;2
Teilesatz, Automatikgetriebe-?lwechsel;4921;17129;15;0,0337;5;0;9;7;0;4;2;1;1;1
Teilesatz, Automatikgetriebe-?lwechsel;4921;136305;1;0,0022;3;0;2;2;0;3;3;1;1;1
Teilesatz, Automatikgetriebe-?lwechsel;4921;838;3;0,0067;3;0;0;6;0;9;0;0;0;0
Teilesatz, Automatikgetriebe-?lwechsel;4921;58946;244;0,5485;6;0;7;5;0;6;4;3;2;2
Teilesatz, Automatikgetriebe-?lwechsel;4921;18324;1;0,0022;3;1;2;3;0;3;2;1;1;1
Teilesatz, Automatikgetriebe-?lwechsel;4921;117794;4;0,009;3;0;2;2;0;3;3;1;1;1
Teilesatz, Automatikgetriebe-?lwechsel;4921;59794;1;0,0022;3;0;2;2;0;3;2;1;1;1
Teilesatz, Automatikgetriebe-?lwechsel;4921;132803;5;0,0112;0;0;0;4;0;6;0;0;0;0
Teilesatz, Automatikgetriebe-?lwechsel;4921;115192;21;0,0472;3;0;5;5;0;6;2;1;1;1
Teilesatz, Automatikgetriebe-?lwechsel;4921;4664;8;0,018;4;0;0;4;0;4;0;1;1;1
Teilesatz, Automatikgetriebe-?lwechsel;4921;12156;2;0,0045;3;0;0;5;0;6;5;0;0;0
Teilesatz, Automatikgetriebe-?lwechsel;4921;33063;1;0,0022;7;0;7;6;0;8;3;2;0;2
Teilesatz, Automatikgetriebe-?lwechsel;4921;116713;1;0,0022;3;0;2;2;0;3;2;1;1;1
Teilesatz, Automatikgetriebe-?lwechsel;4921;14820;8;0,018;5;0;8;7;0;4;2;1;1;1
Teilesatz, Automatikgetriebe-?lwechsel;4921;31517;2;0,0045;0;0;2;2;0;6;0;0;0;0
Teilesatz, Automatikgetriebe-?lwechsel;4921;23163;3;0,0067;3;0;3;7;0;5;2;0;1;0
Teilesatz, Automatikgetriebe-?lwechsel;4921;23281;4;0,009;4;1;5;6;0;6;2;1;2;1
Teilesatz, Automatikgetriebe-?lwechsel;4921;27565;55;0,1236;6;0;2;10;0;6;5;2;2;1
Teilesatz, Automatikgetriebe-?lwechsel;4921;119495;1;0,0022;0;0;0;1;0;1;0;0;0;0
Teilesatz, Automatikgetriebe-?lwechsel;4921;23282;33;0,0742;4;1;5;6;0;6;2;1;2;1
Teilesatz, Automatikgetriebe-?lwechsel;4921;10071;2;0,0045;12;0;12;7;0;8;5;3;1;3
Teilesatz, Automatikgetriebe-?lwechsel;4921;128277;7;0,0157;6;0;0;4;0;2;0;0;1;0
Teilesatz, Automatikgetriebe-?lwechsel;4921;16845;1;0,0022;2;0;0;3;0;3;0;0;0;0
Teilesatz, Automatikgetriebe-?lwechsel;4921;17625;23;0,0517;9;0;0;5;0;6;2;1;0;0
Teilesatz, Automatikgetriebe-?lwechsel;4921;136197;3;0,0067;2;0;2;3;0;6;2;1;1;0
Teilesatz, Automatikgetriebe-?lwechsel;4921;105961;3;0,0067;0;0;2;4;1;0;2;0;1;0
Teilesatz, Automatikgetriebe-?lwechsel;4921;108640;12;0,027;2;0;0;4;0;2;0;0;1;0
Teilesatz, Automatikgetriebe-?lwechsel;4921;31061;5;0,0112;4;0;4;4;0;6;2;2;1;2
Teilesatz, Automatikgetriebe-?lwechsel;4921;115111;1;0,0022;3;0;2;3;0;3;0;1;2;1
Teilesatz, Automatikgetriebe-?lwechsel;4921;18812;1;0,0022;0;0;0;0;0;3;0;0;0;0
Teilesatz, Automatikgetriebe-?lwechsel;4921;111797;14;0,0315;0;0;1;2;0;3;0;1;1;1
Teilesatz, Automatikgetriebe-?lwechsel;4921;34956;1;0,0022;1;0;4;2;0;3;0;0;0;0
Teilesatz, Automatikgetriebe-?lwechsel;4921;122808;2;0,0045;2;1;2;3;0;3;2;1;1;0
Teilesatz, Automatikgetriebe-?lwechsel;4921;23178;200;0,4496;10;0;8;5;0;9;4;2;2;1
Teilesatz, Automatikgetriebe-?lwechsel;4921;5601;4;0,009;3;0;2;0;0;6;0;1;0;1
Teilesatz, Automatikgetriebe-?lwechsel;4921;18675;12;0,027;2;0;2;9;0;15;2;1;0;1
Teilesatz, Automatikgetriebe-?lwechsel;4921;16820;2;0,0045;3;0;1;3;0;3;2;1;1;1
Teilesatz, Automatikgetriebe-?lwechsel;4921;106226;7;0,0157;1;0;4;5;0;6;4;2;1;1
Teilesatz, Automatikgetriebe-?lwechsel;4921;5318;1;0,0022;3;0;2;8;0;12;0;0;1;0
Teilesatz, Automatikgetriebe-?lwechsel;4921;100845;10;0,0225;9;1;6;6;0;3;5;3;1;2
Teilesatz, Automatikgetriebe-?lwechsel;4921;23482;1;0,0022;6;1;3;3;0;3;2;0;1;0
Teilesatz, Automatikgetriebe-?lwechsel;4921;55992;1;0,0022;0;1;5;3;0;3;0;0;1;0
Teilesatz, Automatikgetriebe-?lwechsel;4921;134347;1;0,0022;0;0;0;2;0;3;0;0;0;0
Teilesatz, Automatikgetriebe-?lwechsel;4921;106635;50;0,1124;6;0;7;5;0;6;4;3;2;2
Teilesatz, Automatikgetriebe-?lwechsel;4921;26566;1;0,0022;7;0;6;7;0;8;0;2;0;2
Teilesatz, Automatikgetriebe-?lwechsel;4921;14589;7;0,0157;12;0;9;7;0;8;5;3;1;3
Teilesatz, Automatikgetriebe-?lwechsel;4921;132002;1;0,0022;3;0;2;2;0;3;2;0;1;0
Teilesatz, Automatikgetriebe-?lwechsel;4921;118767;2;0,0045;3;0;0;0;0;7;0;1;1;1
Teilesatz, Automatikgetriebe-?lwechsel;4921;132923;13;0,0292;3;0;4;0;0;0;2;1;0;0
Teilesatz, Automatikgetriebe-?lwechsel;4921;113440;3;0,0067;3;0;2;2;0;3;3;0;1;0
Teilesatz, Automatikgetriebe-?lwechsel;4921;138985;11;0,0247;6;0;0;0;0;12;0;3;0;2
Teilesatz, Automatikgetriebe-?lwechsel;4921;115150;10;0,0225;0;0;0;4;0;6;2;0;0;0
Teilesatz, Automatikgetriebe-?lwechsel;4921;18941;5;0,0112;1;0;2;2;0;9;0;0;0;0
Teilesatz, Automatikgetriebe-?lwechsel;4921;22311;35;0,0787;3;0;2;3;0;3;2;1;0;0
Teilesatz, Automatikgetriebe-?lwechsel;4921;5093;5;0,0112;7;0;0;8;0;15;2;2;0;2
Teilesatz, Automatikgetriebe-?lwechsel;4921;111099;1;0,0022;0;0;0;0;0;3;0;0;0;0
Teilesatz, Automatikgetriebe-?lwechsel;4921;32270;58;0,1304;6;0;5;2;0;3;2;1;1;1
Teilesatz, Automatikgetriebe-?lwechsel;4921;132946;3;0,0067;3;0;5;7;0;7;0;0;2;0
Teilesatz, Automatikgetriebe-?lwechsel;4921;114345;1;0,0022;3;0;0;4;0;2;0;0;1;0
Teilesatz, Automatikgetriebe-?lwechsel;4921;141580;4;0,009;3;0;4;6;0;5;0;0;2;0
Teilesatz, Automatikgetriebe-?lwechsel;4921;108913;19;0,0427;3;0;1;3;0;3;2;1;0;0
Teilesatz, Automatikgetriebe-?lwechsel;4921;121962;1;0,0022;0;0;0;0;0;0;0;0;0;0
Teilesatz, Automatikgetriebe-?lwechsel;4921;19968;1;0,0022;4;0;7;5;0;7;2;1;1;1
Teilesatz, Automatikgetriebe-?lwechsel;4921;55543;1;0,0022;3;0;2;2;0;3;3;1;1;1
Teilesatz, Automatikgetriebe-?lwechsel;4921;5335;1;0,0022;3;0;2;0;0;3;0;0;1;0
Teilesatz, Automatikgetriebe-?lwechsel;4921;32262;53;0,1191;6;0;5;2;0;3;2;1;1;1
Teilesatz, Automatikgetriebe-?lwechsel;4921;30865;13;0,0292;4;1;5;6;0;6;2;1;2;1
Teilesatz, Automatikgetriebe-?lwechsel;4921;107764;2;0,0045;1;0;0;0;0;4;0;1;1;1
Teilesatz, Automatikgetriebe-?lwechsel;4921;126526;7;0,0157;0;0;2;4;0;3;3;1;1;1
Teilesatz, Automatikgetriebe-?lwechsel;4921;122801;8;0,018;2;1;2;6;0;3;2;2;1;0
Teilesatz, Automatikgetriebe-?lwechsel;4921;127530;4;0,009;0;0;2;2;0;3;3;1;1;1
Teilesatz, Automatikgetriebe-?lwechsel;4921;141989;2;0,0045;0;0;0;2;0;3;2;0;0;0
Teilesatz, Automatikgetriebe-?lwechsel;4921;140463;24;0,0539;6;0;1;3;0;6;2;1;1;0
Teilesatz, Automatikgetriebe-?lwechsel;4921;115493;33;0,0742;6;0;10;4;0;6;2;1;1;1
Teilesatz, Automatikgetriebe-?lwechsel;4921;15458;1;0,0022;0;0;4;0;0;6;0;2;1;2
Teilesatz, Automatikgetriebe-?lwechsel;4921;2881;3;0,0067;0;0;2;4;0;6;0;0;0;0
Teilesatz, Automatikgetriebe-?lwechsel;4921;133177;18;0,0405;5;0;1;0;0;0;0;1;0;0
Teilesatz, Automatikgetriebe-?lwechsel;4921;32268;1;0,0022;3;0;5;2;0;3;2;0;0;0
Teilesatz, Automatikgetriebe-?lwechsel;4921;32042;5;0,0112;0;0;0;3;0;3;0;0;0;0
Teilesatz, Automatikgetriebe-?lwechsel;4921;117884;46;0,1034;1;0;7;9;0;6;4;2;1;1
Teilesatz, Automatikgetriebe-?lwechsel;4921;30992;5;0,0112;3;0;2;3;0;6;2;1;1;1
Teilesatz, Automatikgetriebe-?lwechsel;4921;14818;5;0,0112;5;0;8;7;0;4;2;1;1;1
Teilesatz, Automatikgetriebe-?lwechsel;4921;126623;3;0,0067;5;0;5;9;0;10;2;0;3;0
Teilesatz, Automatikgetriebe-?lwechsel;4921;132835;2;0,0045;0;0;0;2;0;3;0;0;0;0
Teilesatz, Automatikgetriebe-?lwechsel;4921;129838;4;0,009;0;0;0;2;0;3;0;0;0;0
Teilesatz, Automatikgetriebe-?lwechsel;4921;19949;5;0,0112;7;1;5;6;0;6;2;1;2;1
Teilesatz, Automatikgetriebe-?lwechsel;4921;12309;34;0,0764;9;0;8;12;0;11;5;4;1;2
Teilesatz, Automatikgetriebe-?lwechsel;4921;119939;2;0,0045;9;1;2;6;0;6;5;4;1;2
Teilesatz, Automatikgetriebe-?lwechsel;4921;108615;9;0,0202;6;0;7;5;0;6;4;3;2;2
Teilesatz, Automatikgetriebe-?lwechsel;4921;100826;1;0,0022;6;1;6;6;0;7;3;3;1;2
Teilesatz, Automatikgetriebe-?lwechsel;4921;106451;198;0,4451;9;1;6;6;0;7;5;3;1;2
Teilesatz, Automatikgetriebe-?lwechsel;4921;33765;1;0,0022;3;1;2;2;0;3;3;1;1;1
Teilesatz, Automatikgetriebe-?lwechsel;4921;32267;1;0,0022;3;0;7;5;0;6;2;1;1;1
Teilesatz, Automatikgetriebe-?lwechsel;4921;118020;1;0,0022;0;0;0;0;0;3;0;0;0;0
Teilesatz, Automatikgetriebe-?lwechsel;4921;58542;1;0,0022;0;0;0;3;0;3;0;0;0;0
Teilesatz, Automatikgetriebe-?lwechsel;4921;32834;19;0,0427;7;0;14;6;0;8;3;2;0;2
Teilesatz, Automatikgetriebe-?lwechsel;4921;55526;118;0,2652;3;0;5;2;0;3;2;1;1;1
Teilesatz, Automatikgetriebe-?lwechsel;4921;128286;1;0,0022;3;0;0;4;0;5;0;0;1;0
Teilesatz, Automatikgetriebe-?lwechsel;4921;132501;1;0,0022;0;0;0;2;0;3;0;0;0;0
Teilesatz, Automatikgetriebe-?lwechsel;4921;19291;5;0,0112;5;0;9;7;0;4;2;1;1;1
Teilesatz, Automatikgetriebe-?lwechsel;4921;23180;14;0,0315;7;0;6;5;0;9;4;3;2;2
Teilesatz, Automatikgetriebe-?lwechsel;4921;8208;6;0,0135;3;0;2;4;0;2;0;0;1;0
Teilesatz, Automatikgetriebe-?lwechsel;4921;107445;4;0,009;3;0;2;2;0;6;3;0;1;0
Teilesatz, Automatikgetriebe-?lwechsel;4921;17274;4;0,009;5;0;6;4;0;4;0;1;1;1
Teilesatz, Automatikgetriebe-?lwechsel;4921;135112;3;0,0067;3;0;5;5;0;4;0;0;1;0
Teilesatz, Automatikgetriebe-?lwechsel;4921;120340;4;0,009;0;0;0;2;0;3;0;0;0;0
Teilesatz, Automatikgetriebe-?lwechsel;4921;108914;1;0,0022;3;0;1;3;0;3;2;1;0;0
Teilesatz, Automatikgetriebe-?lwechsel;4921;101099;1;0,0022;3;0;0;0;0;4;0;1;1;1
Teilesatz, Automatikgetriebe-?lwechsel;4921;117760;1;0,0022;5;0;2;4;0;3;2;0;2;0
Teilesatz, Automatikgetriebe-?lwechsel;4921;23849;2;0,0045;4;0;2;4;0;6;0;0;0;0
Teilesatz, Automatikgetriebe-?lwechsel;4921;23477;3;0,0067;3;0;13;3;0;8;3;2;0;2
Teilesatz, Automatikgetriebe-?lwechsel;4921;118538;1;0,0022;0;0;0;0;0;3;0;0;0;0
Teilesatz, Automatikgetriebe-?lwechsel;4921;28242;2;0,0045;0;0;2;2;0;3;2;0;0;0
Teilesatz, Automatikgetriebe-?lwechsel;4921;115568;1;0,0022;2;0;2;4;0;2;0;0;1;0
Teilesatz, Automatikgetriebe-?lwechsel;4921;15542;4;0,009;3;0;4;0;0;6;0;1;0;1
Teilesatz, Automatikgetriebe-?lwechsel;4921;23056;1;0,0022;2;0;2;2;0;3;0;0;0;0
Teilesatz, Automatikgetriebe-?lwechsel;4921;109392;6;0,0135;3;0;1;3;0;3;2;1;0;0
Teilesatz, Automatikgetriebe-?lwechsel;4921;59276;8;0,018;0;0;3;10;0;10;3;1;2;0
Teilesatz, Automatikgetriebe-?lwechsel;4921;131418;16;0,036;3;0;2;2;0;6;3;1;1;1
Teilesatz, Automatikgetriebe-?lwechsel;4921;113410;2;0,0045;3;0;2;2;0;3;2;1;1;1
Teilesatz, Automatikgetriebe-?lwechsel;4921;119897;5;0,0112;12;0;0;0;0;15;5;3;1;3
Teilesatz, Automatikgetriebe-?lwechsel;4921;57283;16;0,036;12;0;12;10;0;8;2;3;1;3
Teilesatz, Automatikgetriebe-?lwechsel;4921;59601;3;0,0067;6;0;3;9;0;8;0;1;2;1
Teilesatz, Automatikgetriebe-?lwechsel;4921;132324;26;0,0584;8;0;5;7;0;6;4;0;1;0
Teilesatz, Automatikgetriebe-?lwechsel;4921;145848;11;0,0247;3;0;0;3;0;3;2;1;1;1
Teilesatz, Automatikgetriebe-?lwechsel;4921;123115;18;0,0405;6;0;5;9;0;10;0;0;3;0
Teilesatz, Automatikgetriebe-?lwechsel;4921;117812;12;0,027;2;0;2;7;0;5;2;0;1;0
Teilesatz, Automatikgetriebe-?lwechsel;4921;465;2;0,0045;3;0;0;6;0;6;0;0;0;0
Teilesatz, Automatikgetriebe-?lwechsel;4921;100050;3;0,0067;7;0;2;6;0;5;0;0;1;0
Teilesatz, Automatikgetriebe-?lwechsel;4921;26912;4;0,009;2;0;4;9;0;6;2;1;1;0
Teilesatz, Automatikgetriebe-?lwechsel;4921;15965;10;0,0225;12;0;14;7;0;8;5;3;1;3
Teilesatz, Automatikgetriebe-?lwechsel;4921;19720;3;0,0067;7;0;11;3;0;4;3;2;0;2
Teilesatz, Automatikgetriebe-?lwechsel;4921;131246;1;0,0022;6;0;0;0;0;12;3;1;0;0
Teilesatz, Automatikgetriebe-?lwechsel;4921;12313;12;0,027;12;0;8;6;0;8;5;3;1;3
Teilesatz, Automatikgetriebe-?lwechsel;4921;32887;2;0,0045;12;0;17;7;0;8;5;3;1;3
Teilesatz, Automatikgetriebe-?lwechsel;4921;15421;1;0,0022;3;0;2;0;0;3;0;0;0;0
Teilesatz, Automatikgetriebe-?lwechsel;4921;139199;9;0,0202;0;0;2;2;0;3;2;1;0;1
Teilesatz, Automatikgetriebe-?lwechsel;4921;31067;1;0,0022;7;0;17;6;0;12;3;2;0;2
Teilesatz, Automatikgetriebe-?lwechsel;4921;136130;44;0,0989;2;0;2;3;0;3;2;1;1;0
Teilesatz, Automatikgetriebe-?lwechsel;4921;120248;5;0,0112;3;0;2;2;0;3;3;1;1;1
Teilesatz, Automatikgetriebe-?lwechsel;4921;14588;7;0,0157;3;0;2;5;0;3;2;1;1;1
Teilesatz, Automatikgetriebe-?lwechsel;4921;29992;51;0,1146;3;0;2;4;0;2;0;0;1;0
Teilesatz, Automatikgetriebe-?lwechsel;4921;115195;13;0,0292;6;0;5;11;0;12;0;0;3;0
Teilesatz, Automatikgetriebe-?lwechsel;4921;8772;5;0,0112;3;0;2;0;0;6;0;1;0;1
Teilesatz, Automatikgetriebe-?lwechsel;4921;123387;98;0,2203;3;0;5;9;0;13;0;0;3;0
Teilesatz, Automatikgetriebe-?lwechsel;4921;22953;4;0,009;3;1;2;3;0;3;2;1;1;1
Teilesatz, Automatikgetriebe-?lwechsel;4921;18233;1;0,0022;5;0;8;3;0;4;2;1;1;1
Teilesatz, Automatikgetriebe-?lwechsel;4921;31606;13;0,0292;2;0;0;4;0;2;0;0;1;0
Teilesatz, Automatikgetriebe-?lwechsel;4921;59559;11;0,0247;3;0;2;3;0;3;2;1;0;0
Teilesatz, Automatikgetriebe-?lwechsel;4921;117853;9;0,0202;3;0;0;3;0;4;0;0;0;0
Teilesatz, Automatikgetriebe-?lwechsel;4921;16860;2;0,0045;3;0;0;3;0;6;2;1;1;1
Teilesatz, Automatikgetriebe-?lwechsel;4921;23167;3;0,0067;3;0;1;3;0;3;2;1;0;0
Teilesatz, Automatikgetriebe-?lwechsel;4921;23157;6;0,0135;5;0;9;3;0;4;2;1;1;1
Teilesatz, Automatikgetriebe-?lwechsel;4921;57440;1;0,0022;0;0;0;0;0;0;0;0;0;0
Teilesatz, Automatikgetriebe-?lwechsel;4921;58531;1;0,0022;1;0;2;2;0;3;0;1;1;1
Teilesatz, Automatikgetriebe-?lwechsel;4921;119474;5;0,0112;3;0;1;3;0;3;2;1;0;0
Teilesatz, Automatikgetriebe-?lwechsel;4921;108156;1;0,0022;2;0;2;2;0;6;0;0;0;0
Teilesatz, Automatikgetriebe-?lwechsel;4921;132642;8;0,018;2;0;2;2;0;3;5;0;1;0
Teilesatz, Automatikgetriebe-?lwechsel;4921;151068;2;0,0045;0;0;0;2;0;3;2;0;0;0
Teilesatz, Automatikgetriebe-?lwechsel;4921;14585;1;0,0022;3;0;4;5;0;12;2;0;1;0
Teilesatz, Automatikgetriebe-?lwechsel;4921;114589;3;0,0067;7;0;0;0;0;3;3;2;0;2
Teilesatz, Automatikgetriebe-?lwechsel;4921;145150;7;0,0157;0;0;0;3;0;3;0;1;0;0
Teilesatz, Automatikgetriebe-?lwechsel;4921;6087;1;0,0022;3;0;1;2;0;3;2;0;0;0
Teilesatz, Automatikgetriebe-?lwechsel;4921;17876;1;0,0022;3;0;0;3;0;6;0;0;0;0
Teilesatz, Automatikgetriebe-?lwechsel;4921;17895;3;0,0067;5;0;2;9;0;9;2;2;2;2
Teilesatz, Automatikgetriebe-?lwechsel;4921;119169;6;0,0135;3;0;5;7;0;10;3;0;2;0
Teilesatz, Automatikgetriebe-?lwechsel;4921;17124;1;0,0022;0;0;0;0;0;0;1;0;1;0
Teilesatz, Automatikgetriebe-?lwechsel;4921;18421;1;0,0022;2;0;2;9;0;12;2;1;1;1
Teilesatz, Automatikgetriebe-?lwechsel;4921;137895;1;0,0022;3;0;2;2;0;3;3;1;1;1
Teilesatz, Automatikgetriebe-?lwechsel;4921;22936;39;0,0877;3;0;2;2;0;3;3;0;1;0
Teilesatz, Automatikgetriebe-?lwechsel;4921;117110;1;0,0022;3;0;3;7;0;9;0;0;2;0
Teilesatz, Automatikgetriebe-?lwechsel;4921;113455;4;0,009;0;0;2;2;0;3;3;1;1;1
Teilesatz, Automatikgetriebe-?lwechsel;4921;59068;20;0,045;2;0;2;4;0;2;0;0;1;0
Teilesatz, Automatikgetriebe-?lwechsel;4921;107762;29;0,0652;1;0;1;2;0;3;1;1;1;1
Teilesatz, Automatikgetriebe-?lwechsel;4921;109399;17;0,0382;3;0;1;3;0;3;2;1;0;0
Teilesatz, Automatikgetriebe-?lwechsel;4921;127529;5;0,0112;0;0;2;2;0;3;2;1;1;1
Teilesatz, Automatikgetriebe-?lwechsel;4921;122822;6;0,0135;2;1;2;3;0;3;2;1;1;0
Teilesatz, Automatikgetriebe-?lwechsel;4921;140737;2;0,0045;0;0;0;4;0;6;0;1;0;0
Teilesatz, Automatikgetriebe-?lwechsel;4921;18025;1;0,0022;4;0;2;9;0;9;2;2;2;2
Teilesatz, Automatikgetriebe-?lwechsel;4921;117885;3;0,0067;9;0;2;3;0;3;5;3;1;2
Teilesatz, Automatikgetriebe-?lwechsel;4921;31603;2;0,0045;3;0;0;4;0;2;0;0;1;0
Teilesatz, Automatikgetriebe-?lwechsel;4921;31053;6;0,0135;12;0;14;10;0;12;5;3;1;3
Teilesatz, Automatikgetriebe-?lwechsel;4921;25509;22;0,0495;6;0;5;9;0;6;4;1;2;1
Teilesatz, Automatikgetriebe-?lwechsel;4921;134271;6;0,0135;5;0;2;4;0;3;2;0;0;0
Teilesatz, Automatikgetriebe-?lwechsel;4921;106657;92;0,2068;7;0;9;7;0;9;2;1;2;1
Teilesatz, Automatikgetriebe-?lwechsel;4921;114886;13;0,0292;3;0;7;5;0;6;2;1;1;1
Teilesatz, Automatikgetriebe-?lwechsel;4921;112348;3;0,0067;9;1;6;6;0;3;5;3;1;2
Teilesatz, Automatikgetriebe-?lwechsel;4921;17228;1;0,0022;6;1;3;3;0;3;2;0;1;0
Teilesatz, Automatikgetriebe-?lwechsel;4921;127056;18;0,0405;4;0;2;3;0;3;4;2;1;1
Teilesatz, Automatikgetriebe-?lwechsel;4921;11988;9;0,0202;3;0;5;5;0;3;3;1;2;1
Teilesatz, Automatikgetriebe-?lwechsel;4921;521;19;0,0427;3;0;6;2;0;3;2;1;1;1
Teilesatz, Automatikgetriebe-?lwechsel;4921;33092;3;0,0067;0;0;0;2;0;3;0;0;0;0
Teilesatz, Automatikgetriebe-?lwechsel;4921;30908;24;0,0539;4;2;7;8;0;9;5;1;3;1
Teilesatz, Automatikgetriebe-?lwechsel;4921;141972;1;0,0022;0;0;2;4;0;3;3;0;1;0
Teilesatz, Automatikgetriebe-?lwechsel;4921;117770;1;0,0022;4;0;0;0;0;0;3;0;0;0
Teilesatz, Automatikgetriebe-?lwechsel;4921;8015;3;0,0067;3;0;1;2;0;3;2;1;1;1
Teilesatz, Automatikgetriebe-?lwechsel;4921;499;1;0,0022;0;0;0;6;0;6;0;0;0;0
Teilesatz, Automatikgetriebe-?lwechsel;4921;147198;1;0,0022;0;0;0;3;0;9;0;1;0;0
Teilesatz, Automatikgetriebe-?lwechsel;4921;105880;1;0,0022;0;0;0;0;0;3;0;0;0;0
Teilesatz, Automatikgetriebe-?lwechsel;4921;117094;28;0,0629;5;0;5;9;0;10;3;0;3;0
Teilesatz, Automatikgetriebe-?lwechsel;4921;105919;21;0,0472;5;0;2;4;0;2;0;0;1;0
Teilesatz, Automatikgetriebe-?lwechsel;4921;109947;1;0,0022;0;0;0;0;0;3;0;0;0;0
Teilesatz, Automatikgetriebe-?lwechsel;4921;19673;2;0,0045;8;0;8;4;0;4;5;3;1;3
Teilesatz, Automatikgetriebe-?lwechsel;4921;17632;1;0,0022;6;0;0;5;0;6;0;0;0;0
Teilesatz, Automatikgetriebe-?lwechsel;4921;15061;4;0,009;5;0;6;4;0;10;2;1;1;1
Teilesatz, Automatikgetriebe-?lwechsel;4921;131251;29;0,0652;6;0;0;3;0;12;3;3;0;2
Teilesatz, Automatikgetriebe-?lwechsel;4921;59404;11;0,0247;3;0;2;2;0;3;3;1;1;1
Teilesatz, Automatikgetriebe-?lwechsel;4921;108628;2;0,0045;5;0;0;4;0;2;0;0;0;0
Teilesatz, Automatikgetriebe-?lwechsel;4921;58304;2;0,0045;3;0;2;3;0;3;2;1;1;1
Teilesatz, Automatikgetriebe-?lwechsel;4921;114878;1;0,0022;3;0;5;2;0;3;2;1;1;1
Teilesatz, Automatikgetriebe-?lwechsel;4921;55172;1;0,0022;0;0;2;2;0;3;2;0;1;0
Teilesatz, Automatikgetriebe-?lwechsel;4921;32105;2;0,0045;3;1;7;8;0;9;5;0;3;0
Teilesatz, Automatikgetriebe-?lwechsel;4921;137726;1;0,0022;0;0;0;2;0;3;0;0;0;0
Teilesatz, Automatikgetriebe-?lwechsel;4921;12174;34;0,0764;3;0;2;3;0;3;2;1;0;0
Teilesatz, Automatikgetriebe-?lwechsel;4921;123107;1;0,0022;3;0;3;7;0;7;0;0;2;0
Teilesatz, Automatikgetriebe-?lwechsel;4921;107896;7;0,0157;3;0;2;3;0;3;2;1;0;0
Teilesatz, Automatikgetriebe-?lwechsel;4921;17370;3;0,0067;0;0;1;0;0;0;0;0;0;0
Teilesatz, Automatikgetriebe-?lwechsel;4921;32162;27;0,0607;12;0;17;10;0;12;5;3;1;3
Teilesatz, Automatikgetriebe-?lwechsel;4921;116885;6;0,0135;9;1;2;6;0;6;0;4;1;2
Teilesatz, Automatikgetriebe-?lwechsel;4921;18512;7;0,0157;8;0;4;8;0;6;4;2;1;2
Teilesatz, Automatikgetriebe-?lwechsel;4921;108255;5;0,0112;3;0;2;2;0;3;3;1;1;1
Teilesatz, Automatikgetriebe-?lwechsel;4921;33383;1;0,0022;0;0;3;4;0;6;0;0;0;0
Teilesatz, Automatikgetriebe-?lwechsel;4921;108514;3;0,0067;4;0;5;5;0;9;0;1;1;1
Teilesatz, Automatikgetriebe-?lwechsel;4921;15272;6;0,0135;6;0;0;8;0;12;2;2;0;2
Teilesatz, Automatikgetriebe-?lwechsel;4921;21253;1;0,0022;0;0;0;0;0;0;2;0;0;0
Teilesatz, Automatikgetriebe-?lwechsel;4921;11991;30;0,0674;3;0;5;5;0;3;3;1;2;1
Teilesatz, Automatikgetriebe-?lwechsel;4921;9090;1;0,0022;7;0;0;8;0;12;2;2;0;2
Teilesatz, Automatikgetriebe-?lwechsel;4921;33007;3;0,0067;3;1;2;2;0;3;3;1;1;1
Teilesatz, Automatikgetriebe-?lwechsel;4921;140437;34;0,0764;0;0;0;3;0;3;2;0;0;0
Teilesatz, Automatikgetriebe-?lwechsel;4921;100449;80;0,1798;3;0;2;3;0;3;2;1;0;0
Teilesatz, Automatikgetriebe-?lwechsel;4921;55338;4;0,009;3;0;2;3;0;3;2;1;0;0
Teilesatz, Automatikgetriebe-?lwechsel;4921;117726;1;0,0022;0;0;0;2;0;3;0;0;0;0
Teilesatz, Automatikgetriebe-?lwechsel;4921;140889;2;0,0045;0;0;0;3;0;7;0;0;0;0
Teilesatz, Automatikgetriebe-?lwechsel;4921;100036;7;0,0157;0;0;4;3;0;3;0;1;1;0
Teilesatz, Automatikgetriebe-?lwechsel;4921;146699;1;0,0022;2;0;0;3;0;9;2;1;0;0
Teilesatz, Automatikgetriebe-?lwechsel;4921;33251;1;0,0022;3;0;2;4;0;2;0;0;1;0
Teilesatz, Automatikgetriebe-?lwechsel;4921;33817;1;0,0022;0;0;2;2;0;3;0;0;0;0
Teilesatz, Automatikgetriebe-?lwechsel;4921;128278;2;0,0045;5;0;0;4;0;0;0;0;1;0
Teilesatz, Automatikgetriebe-?lwechsel;4921;136200;2;0,0045;2;0;2;3;0;6;2;1;1;0
Teilesatz, Automatikgetriebe-?lwechsel;4921;32788;73;0,1641;3;0;5;2;0;3;2;1;1;1
Teilesatz, Automatikgetriebe-?lwechsel;4921;26743;7;0,0157;4;0;6;5;0;6;2;0;0;0
Teilesatz, Automatikgetriebe-?lwechsel;4921;128190;28;0,0629;5;0;5;5;0;6;4;2;1;1
Teilesatz, Automatikgetriebe-?lwechsel;4921;30006;3;0,0067;2;0;4;5;0;6;2;1;1;0
Teilesatz, Automatikgetriebe-?lwechsel;4921;101038;1;0,0022;3;0;6;9;0;6;2;1;2;1
Teilesatz, Automatikgetriebe-?lwechsel;4921;121950;1;0,0022;0;0;0;2;0;3;0;1;0;1
Teilesatz, Automatikgetriebe-?lwechsel;4921;107755;1;0,0022;0;0;1;4;0;6;0;0;0;0
Teilesatz, Automatikgetriebe-?lwechsel;4921;30886;1;0,0022;4;0;2;4;0;6;0;0;0;0
Teilesatz, Automatikgetriebe-?lwechsel;4921;108086;1;0,0022;0;0;2;0;0;0;2;0;1;0
Teilesatz, Automatikgetriebe-?lwechsel;4921;23164;75;0,1686;0;0;3;7;0;5;2;0;1;0
Teilesatz, Automatikgetriebe-?lwechsel;4921;26663;7;0,0157;5;0;9;3;0;4;2;1;1;1
Teilesatz, Automatikgetriebe-?lwechsel;4921;56339;1;0,0022;0;0;0;0;0;3;0;0;0;0
Teilesatz, Automatikgetriebe-?lwechsel;4921;57459;18;0,0405;2;0;2;4;0;2;0;0;1;0
Teilesatz, Automatikgetriebe-?lwechsel;4921;101059;3;0,0067;4;0;0;0;0;3;3;1;0;1
Teilesatz, Automatikgetriebe-?lwechsel;4921;107519;44;0,0989;6;1;4;6;0;7;3;3;1;2
Teilesatz, Automatikgetriebe-?lwechsel;4921;17379;3;0,0067;5;0;9;3;0;4;2;1;1;1
Teilesatz, Automatikgetriebe-?lwechsel;4921;17442;1;0,0022;0;0;0;3;0;3;0;0;0;0
Teilesatz, Automatikgetriebe-?lwechsel;4921;17366;2;0,0045;3;0;1;2;0;3;2;1;0;0
Teilesatz, Automatikgetriebe-?lwechsel;4921;56144;15;0,0337;5;0;2;4;0;2;0;0;1;0
Teilesatz, Automatikgetriebe-?lwechsel;4921;120286;13;0,0292;2;1;2;6;0;6;2;2;1;0
Teilesatz, Automatikgetriebe-?lwechsel;4921;20112;6;0,0135;3;0;1;3;0;3;2;1;1;1
Teilesatz, Automatikgetriebe-?lwechsel;4921;132922;4;0,009;3;0;4;0;0;0;0;1;0;0
Teilesatz, Automatikgetriebe-?lwechsel;4921;142124;1;0,0022;3;0;2;3;0;3;2;1;0;0
Teilesatz, Automatikgetriebe-?lwechsel;4921;5281;17;0,0382;3;0;2;0;0;6;0;1;0;1
Teilesatz, Automatikgetriebe-?lwechsel;4921;22471;1;0,0022;0;0;0;0;0;0;0;0;0;0
Teilesatz, Automatikgetriebe-?lwechsel;4921;771;2;0,0045;0;0;0;3;0;9;0;0;0;0
Teilesatz, Automatikgetriebe-?lwechsel;4921;100040;5;0,0112;7;0;2;2;0;5;0;0;0;0
Teilesatz, Automatikgetriebe-?lwechsel;4921;142198;1;0,0022;5;0;2;2;0;6;2;0;1;0
Teilesatz, Automatikgetriebe-?lwechsel;4921;19957;4;0,009;3;0;6;2;0;3;2;2;1;1
Teilesatz, Automatikgetriebe-?lwechsel;4921;136352;5;0,0112;2;0;2;3;0;3;2;1;1;0
Teilesatz, Automatikgetriebe-?lwechsel;4921;127689;1;0,0022;0;0;0;0;0;3;0;0;0;0
Teilesatz, Automatikgetriebe-?lwechsel;4921;34992;18;0,0405;6;0;2;6;0;6;2;0;1;0
Teilesatz, Automatikgetriebe-?lwechsel;4921;18507;66;0,1484;8;0;4;8;0;6;4;2;1;2
Teilesatz, Automatikgetriebe-?lwechsel;4921;11691;3;0,0067;3;0;2;5;0;6;2;0;0;0
Teilesatz, Automatikgetriebe-?lwechsel;4921;58741;8;0,018;9;0;6;9;0;7;5;4;1;2
Teilesatz, Automatikgetriebe-?lwechsel;4921;113866;1;0,0022;3;0;0;4;0;2;0;0;1;0
Teilesatz, Automatikgetriebe-?lwechsel;4921;132045;2;0,0045;9;0;2;9;0;12;0;3;1;2
Teilesatz, Automatikgetriebe-?lwechsel;4921;16006;1;0,0022;1;0;2;2;0;6;2;0;0;0
Teilesatz, Automatikgetriebe-?lwechsel;4921;130594;40;0,0899;0;0;0;5;0;1;0;0;0;0
Teilesatz, Automatikgetriebe-?lwechsel;4921;22942;10;0,0225;0;0;0;2;0;3;0;0;0;0
Teilesatz, Automatikgetriebe-?lwechsel;4921;55494;20;0,045;3;0;5;2;0;3;0;1;1;1
Teilesatz, Automatikgetriebe-?lwechsel;4921;138981;1;0,0022;6;0;0;0;0;6;2;3;0;2
Teilesatz, Automatikgetriebe-?lwechsel;4921;34941;18;0,0405;8;0;8;13;0;10;5;2;3;1
Teilesatz, Automatikgetriebe-?lwechsel;4921;16325;2;0,0045;3;0;0;3;0;9;0;1;0;1
Teilesatz, Automatikgetriebe-?lwechsel;4921;137657;1;0,0022;0;0;0;3;0;3;0;0;0;0
Teilesatz, Automatikgetriebe-?lwechsel;4921;55252;5;0,0112;3;0;2;2;0;6;3;1;1;1
Teilesatz, Automatikgetriebe-?lwechsel;4921;4613;5;0,0112;3;0;2;6;0;9;0;1;1;1
Teilesatz, Automatikgetriebe-?lwechsel;4921;117961;7;0,0157;3;0;3;2;0;3;2;0;1;0
Teilesatz, Automatikgetriebe-?lwechsel;4921;127864;1;0,0022;0;0;0;2;0;4;0;0;0;0
Teilesatz, Automatikgetriebe-?lwechsel;4921;146102;2;0,0045;3;0;4;4;0;2;0;0;1;0
Teilesatz, Automatikgetriebe-?lwechsel;4921;137088;6;0,0135;5;0;2;2;0;6;2;0;1;0
Teilesatz, Automatikgetriebe-?lwechsel;4921;22504;1;0,0022;3;0;6;2;0;3;2;1;1;1
Teilesatz, Automatikgetriebe-?lwechsel;4921;137997;1;0,0022;0;0;2;2;0;6;3;0;1;0
Teilesatz, Automatikgetriebe-?lwechsel;4921;813;3;0,0067;0;0;3;10;0;13;0;0;0;0
Teilesatz, Automatikgetriebe-?lwechsel;4921;968;3;0,0067;8;0;4;4;0;10;2;1;1;1
Teilesatz, Automatikgetriebe-?lwechsel;4921;11150;23;0,0517;9;0;8;9;0;11;3;2;1;2
Teilesatz, Automatikgetriebe-?lwechsel;4921;118648;232;0,5215;7;0;7;5;0;3;2;2;1;1
Teilesatz, Automatikgetriebe-?lwechsel;4921;7717;1;0,0022;3;0;2;2;0;3;3;0;1;0
Teilesatz, Automatikgetriebe-?lwechsel;4921;126615;22;0,0495;0;0;0;2;0;6;0;0;0;0
Teilesatz, Automatikgetriebe-?lwechsel;4921;32271;59;0,1326;6;0;5;2;0;3;2;1;1;1
Teilesatz, Automatikgetriebe-?lwechsel;4921;58601;1;0,0022;9;0;10;13;0;15;5;4;2;3
Teilesatz, Automatikgetriebe-?lwechsel;4921;146110;6;0,0135;6;0;1;3;0;6;2;0;1;0
Teilesatz, Automatikgetriebe-?lwechsel;4921;114888;85;0,1911;6;0;5;5;0;6;2;1;1;1
Teilesatz, Automatikgetriebe-?lwechsel;4921;16994;2;0,0045;2;0;2;6;0;3;2;2;2;2
Teilesatz, Automatikgetriebe-?lwechsel;4921;19564;1;0,0022;2;0;1;5;0;6;0;0;0;0
Teilesatz, Automatikgetriebe-?lwechsel;4921;145016;4;0,009;3;0;2;3;0;3;2;1;0;0
Teilesatz, Automatikgetriebe-?lwechsel;4921;19486;10;0,0225;1;0;5;2;0;6;3;2;1;1
Teilesatz, Automatikgetriebe-?lwechsel;4921;131843;3;0,0067;2;0;2;3;0;3;5;1;1;0
Teilesatz, Automatikgetriebe-?lwechsel;4921;12076;2;0,0045;6;0;8;10;0;9;0;1;3;1
Teilesatz, Automatikgetriebe-?lwechsel;4921;18640;1;0,0022;2;0;0;3;0;3;0;0;0;0
Teilesatz, Automatikgetriebe-?lwechsel;4921;134369;7;0,0157;3;0;0;0;1;0;3;0;0;0
Teilesatz, Automatikgetriebe-?lwechsel;4921;126578;2;0,0045;6;0;2;0;0;3;0;0;1;0
Teilesatz, Automatikgetriebe-?lwechsel;4921;120273;11;0,0247;3;0;0;3;0;4;0;0;0;0
Teilesatz, Automatikgetriebe-?lwechsel;4921;359;13;0,0292;1;0;5;2;0;3;0;1;1;1
Teilesatz, Automatikgetriebe-?lwechsel;4921;437;1;0,0022;0;0;0;6;0;6;0;0;0;0
Teilesatz, Automatikgetriebe-?lwechsel;4921;131270;3;0,0067;6;0;0;0;0;12;3;1;0;0
Teilesatz, Automatikgetriebe-?lwechsel;4921;57292;12;0,027;3;0;2;3;0;3;2;1;0;0
Teilesatz, Automatikgetriebe-?lwechsel;4921;31056;11;0,0247;14;0;16;13;0;15;7;4;2;3
Teilesatz, Automatikgetriebe-?lwechsel;4921;19019;2;0,0045;3;1;2;3;0;3;2;1;1;1
Teilesatz, Automatikgetriebe-?lwechsel;4921;126478;7;0,0157;0;0;0;2;0;6;0;0;0;0
Teilesatz, Automatikgetriebe-?lwechsel;4921;130245;2;0,0045;3;0;2;2;0;3;2;1;1;1
Teilesatz, Automatikgetriebe-?lwechsel;4921;17943;1;0,0022;7;0;9;0;0;6;3;2;0;2
Teilesatz, Automatikgetriebe-?lwechsel;4921;58547;4;0,009;3;0;0;2;0;6;2;0;0;0
Teilesatz, Automatikgetriebe-?lwechsel;4921;59568;17;0,0382;2;0;4;5;0;6;2;1;1;0
Teilesatz, Automatikgetriebe-?lwechsel;4921;1905;1;0,0022;3;0;2;0;0;6;0;1;0;1
Teilesatz, Automatikgetriebe-?lwechsel;4921;16719;12;0,027;5;0;8;4;0;4;2;0;1;0
Teilesatz, Automatikgetriebe-?lwechsel;4921;59024;2;0,0045;2;0;0;0;0;3;0;0;0;0
Teilesatz, Automatikgetriebe-?lwechsel;4921;142920;7;0,0157;3;0;2;3;0;3;2;0;0;0
Teilesatz, Automatikgetriebe-?lwechsel;4921;138720;3;0,0067;0;0;0;2;0;6;2;1;0;1
Teilesatz, Automatikgetriebe-?lwechsel;4921;107536;1;0,0022;7;0;0;0;0;3;0;2;0;2
Teilesatz, Automatikgetriebe-?lwechsel;4921;128029;5;0,0112;3;0;2;2;0;3;2;1;1;1
Teilesatz, Automatikgetriebe-?lwechsel;4921;19444;35;0,0787;3;0;1;4;0;6;2;1;1;1
Teilesatz, Automatikgetriebe-?lwechsel;4921;30905;1;0,0022;3;1;2;3;0;3;2;1;1;1
Teilesatz, Automatikgetriebe-?lwechsel;4921;31596;1;0,0022;3;0;4;2;0;3;0;0;0;0
Teilesatz, Automatikgetriebe-?lwechsel;4921;115207;3;0,0067;1;0;4;2;0;3;0;1;1;1
Teilesatz, Automatikgetriebe-?lwechsel;4921;17190;7;0,0157;5;0;9;7;0;4;2;1;1;1
Teilesatz, Automatikgetriebe-?lwechsel;4921;33348;21;0,0472;3;0;1;2;0;3;2;1;1;1
Teilesatz, Automatikgetriebe-?lwechsel;4921;136676;2;0,0045;0;0;0;4;0;6;0;1;0;0
Teilesatz, Automatikgetriebe-?lwechsel;4921;31584;1;0,0022;7;0;17;7;0;8;3;2;0;2
Teilesatz, Automatikgetriebe-?lwechsel;4921;107859;4;0,009;3;0;5;11;0;12;2;0;2;0
Teilesatz, Automatikgetriebe-?lwechsel;4921;18637;8;0,018;3;0;13;7;0;8;3;2;0;2
Teilesatz, Automatikgetriebe-?lwechsel;4921;23400;15;0,0337;12;0;17;10;0;8;2;3;1;3
Teilesatz, Automatikgetriebe-?lwechsel;4921;130972;3;0,0067;2;0;2;3;0;3;2;1;1;0
Teilesatz, Automatikgetriebe-?lwechsel;4921;16657;10;0,0225;5;0;6;7;0;4;2;1;1;1
Teilesatz, Automatikgetriebe-?lwechsel;4921;136075;2;0,0045;3;0;0;1;0;1;2;1;0;0
Teilesatz, Automatikgetriebe-?lwechsel;4921;129837;4;0,009;0;0;0;2;0;9;0;0;0;0
Teilesatz, Automatikgetriebe-?lwechsel;4921;34858;1;0,0022;3;0;5;2;0;3;2;0;1;0
Teilesatz, Automatikgetriebe-?lwechsel;4921;136267;3;0,0067;3;0;4;6;0;5;0;0;2;0
Teilesatz, Automatikgetriebe-?lwechsel;4921;134272;1;0,0022;3;0;1;3;0;3;2;1;0;0
Teilesatz, Automatikgetriebe-?lwechsel;4921;111985;3;0,0067;3;0;0;0;0;3;2;0;0;0
Teilesatz, Automatikgetriebe-?lwechsel;4921;141546;4;0,009;3;0;4;6;0;5;0;0;2;0
Teilesatz, Automatikgetriebe-?lwechsel;4921;100686;2;0,0045;3;0;2;2;0;3;3;1;1;1
Teilesatz, Automatikgetriebe-?lwechsel;4921;135161;1;0,0022;0;0;2;2;0;9;2;0;1;0
Teilesatz, Automatikgetriebe-?lwechsel;4921;19795;3;0,0067;3;0;13;3;0;8;3;2;0;2
Teilesatz, Automatikgetriebe-?lwechsel;4921;4693;5;0,0112;5;0;6;7;0;13;2;1;1;1
Teilesatz, Automatikgetriebe-?lwechsel;4921;25477;1;0,0022;3;1;2;3;0;3;2;1;1;1
Teilesatz, Automatikgetriebe-?lwechsel;4921;9894;3;0,0067;3;0;0;3;0;3;0;0;0;0
Teilesatz, Automatikgetriebe-?lwechsel;4921;116091;1;0,0022;0;0;2;2;0;3;2;1;1;1
Teilesatz, Automatikgetriebe-?lwechsel;4921;127637;1;0,0022;2;0;0;3;0;3;2;1;1;0
Teilesatz, Automatikgetriebe-?lwechsel;4921;18989;1;0,0022;3;0;6;2;0;3;2;1;1;1
Teilesatz, Automatikgetriebe-?lwechsel;4921;117093;20;0,045;3;0;5;9;0;10;3;0;3;0
Teilesatz, Automatikgetriebe-?lwechsel;4921;10294;3;0,0067;0;0;2;4;0;6;0;0;0;0
Teilesatz, Automatikgetriebe-?lwechsel;4921;18632;16;0,036;3;0;13;7;0;8;3;2;0;2
Teilesatz, Automatikgetriebe-?lwechsel;4921;113447;4;0,009;3;0;2;2;0;3;2;1;1;1
Teilesatz, Automatikgetriebe-?lwechsel;4921;136444;1;0,0022;2;0;2;3;0;3;2;1;1;0
Teilesatz, Automatikgetriebe-?lwechsel;4921;59140;1;0,0022;0;0;2;2;0;3;2;0;0;0
Teilesatz, Automatikgetriebe-?lwechsel;4921;100688;4;0,009;3;0;2;2;0;3;3;1;1;1
Teilesatz, Automatikgetriebe-?lwechsel;4921;108436;13;0,0292;3;0;5;8;0;7;0;1;3;1
Teilesatz, Automatikgetriebe-?lwechsel;4921;133857;17;0,0382;3;0;0;0;0;0;2;1;0;0
Teilesatz, Automatikgetriebe-?lwechsel;4921;22503;1;0,0022;3;0;6;2;0;3;2;1;1;1
Teilesatz, Automatikgetriebe-?lwechsel;4921;137110;1;0,0022;0;0;0;2;0;3;0;0;0;0
Teilesatz, Automatikgetriebe-?lwechsel;4921;120209;19;0,0427;4;0;2;2;0;3;2;1;1;1
Teilesatz, Automatikgetriebe-?lwechsel;4921;139656;3;0,0067;0;0;0;4;0;6;0;1;0;0
Teilesatz, Automatikgetriebe-?lwechsel;4921;17271;37;0,0832;3;0;1;2;0;3;2;1;0;0
Teilesatz, Automatikgetriebe-?lwechsel;4921;58710;1;0,0022;0;0;2;4;0;6;0;0;0;0
Teilesatz, Automatikgetriebe-?lwechsel;4921;57257;3;0,0067;3;0;2;3;0;3;2;1;0;0
Teilesatz, Automatikgetriebe-?lwechsel;4921;136466;2;0,0045;3;0;2;6;0;5;0;0;2;0
Teilesatz, Automatikgetriebe-?lwechsel;4921;16880;2;0,0045;1;0;4;2;0;6;2;0;0;0
Teilesatz, Automatikgetriebe-?lwechsel;4921;130090;2;0,0045;0;0;0;5;0;6;0;0;0;0
Teilesatz, Automatikgetriebe-?lwechsel;4921;117554;1;0,0022;0;0;0;2;0;3;0;0;0;0
Teilesatz, Automatikgetriebe-?lwechsel;4921;110073;10;0,0225;3;0;2;2;0;3;3;1;1;1
Teilesatz, Automatikgetriebe-?lwechsel;4921;158106;1;0,0022;0;0;0;7;0;0;2;1;0;0
Teilesatz, Automatikgetriebe-?lwechsel;4921;18672;5;0,0112;2;0;2;9;0;9;2;1;1;1
Teilesatz, Automatikgetriebe-?lwechsel;4921;32948;1;0,0022;7;0;12;10;0;8;3;2;0;2
Teilesatz, Automatikgetriebe-?lwechsel;4921;133250;3;0,0067;3;0;2;4;0;6;3;1;1;1
Teilesatz, Automatikgetriebe-?lwechsel;4921;5107;1;0,0022;1;0;0;4;0;6;4;1;0;1
Teilesatz, Automatikgetriebe-?lwechsel;4921;136077;9;0,0202;3;0;2;3;0;3;2;1;1;0
Teilesatz, Automatikgetriebe-?lwechsel;4921;113308;6;0,0135;6;0;7;5;0;6;2;1;1;1
Teilesatz, Automatikgetriebe-?lwechsel;4921;54940;3;0,0067;7;0;3;0;0;0;0;2;0;2
Teilesatz, Automatikgetriebe-?lwechsel;4921;109390;38;0,0854;3;0;1;3;0;3;2;1;0;0
Teilesatz, Automatikgetriebe-?lwechsel;4921;129755;8;0,018;5;0;0;4;0;2;0;0;1;0
Teilesatz, Automatikgetriebe-?lwechsel;4921;22555;1;0,0022;6;0;7;5;0;8;4;1;1;1
Teilesatz, Automatikgetriebe-?lwechsel;4921;8427;1;0,0022;2;0;0;3;0;3;0;0;0;0
Teilesatz, Automatikgetriebe-?lwechsel;4921;5094;6;0,0135;7;0;0;11;0;15;2;2;0;2
Teilesatz, Automatikgetriebe-?lwechsel;4921;116702;3;0,0067;4;0;4;5;0;6;0;0;1;0
Teilesatz, Automatikgetriebe-?lwechsel;4921;18510;81;0,1821;8;0;4;8;0;6;4;2;1;2
Teilesatz, Automatikgetriebe-?lwechsel;4921;128288;5;0,0112;3;0;0;4;0;5;0;0;1;0
Teilesatz, Automatikgetriebe-?lwechsel;4921;131257;2;0,0045;6;0;0;3;0;6;3;3;1;2
Teilesatz, Automatikgetriebe-?lwechsel;4921;10001;1;0,0022;3;0;2;0;0;9;0;1;0;1
Teilesatz, Automatikgetriebe-?lwechsel;4921;7939;1;0,0022;3;0;2;3;0;3;0;0;0;0
Teilesatz, Automatikgetriebe-?lwechsel;4921;18239;6;0,0135;6;1;3;3;0;6;2;0;1;0
Teilesatz, Automatikgetriebe-?lwechsel;4921;142122;45;0,1012;3;0;2;3;0;3;2;1;0;0
Teilesatz, Automatikgetriebe-?lwechsel;4921;116949;44;0,0989;9;1;6;6;0;7;5;3;1;2
Teilesatz, Automatikgetriebe-?lwechsel;4921;107651;2;0,0045;9;1;2;3;0;3;5;3;1;2
Teilesatz, Automatikgetriebe-?lwechsel;4921;123155;1;0,0022;3;0;2;3;0;3;2;0;1;0
Teilesatz, Automatikgetriebe-?lwechsel;4921;15924;2;0,0045;0;0;0;3;0;9;0;1;0;1
Teilesatz, Automatikgetriebe-?lwechsel;4921;9817;10;0,0225;0;0;2;6;0;6;2;0;0;0
Teilesatz, Automatikgetriebe-?lwechsel;4921;145828;1;0,0022;0;0;0;0;0;3;0;1;0;1
Teilesatz, Automatikgetriebe-?lwechsel;4921;732;2;0,0045;0;0;0;0;0;3;0;0;0;0
Teilesatz, Automatikgetriebe-?lwechsel;4921;119225;2;0,0045;3;0;2;2;0;3;3;1;1;1
Teilesatz, Automatikgetriebe-?lwechsel;4921;146510;1;0,0022;3;0;0;0;0;0;0;0;1;0
Teilesatz, Automatikgetriebe-?lwechsel;4921;111096;2;0,0045;0;0;1;2;0;3;0;1;1;1
Teilesatz, Automatikgetriebe-?lwechsel;4921;15273;4;0,009;6;0;0;5;0;9;2;1;0;1
Teilesatz, Automatikgetriebe-?lwechsel;4921;18702;4;0,009;5;0;9;7;0;4;2;1;1;1
Teilesatz, Automatikgetriebe-?lwechsel;4921;11399;3;0,0067;3;0;2;3;0;3;2;1;1;1
Teilesatz, Automatikgetriebe-?lwechsel;4921;132325;3;0,0067;2;0;2;3;0;3;2;1;1;0
Teilesatz, Automatikgetriebe-?lwechsel;4921;56871;37;0,0832;1;0;2;2;0;3;0;1;0;1
Teilesatz, Automatikgetriebe-?lwechsel;4921;131636;5;0,0112;2;0;2;3;0;3;2;1;1;0
Teilesatz, Automatikgetriebe-?lwechsel;4921;115190;10;0,0225;0;0;2;7;0;3;2;1;2;1
Teilesatz, Automatikgetriebe-?lwechsel;4921;134534;34;0,0764;3;0;2;3;0;3;2;1;1;1
Teilesatz, Automatikgetriebe-?lwechsel;4921;142256;4;0,009;3;0;4;6;0;5;0;0;2;0
Teilesatz, Automatikgetriebe-?lwechsel;4921;136647;3;0,0067;3;0;2;2;0;3;3;0;1;0
Teilesatz, Automatikgetriebe-?lwechsel;4921;107534;16;0,036;9;1;7;10;0;7;3;3;1;2
Teilesatz, Automatikgetriebe-?lwechsel;4921;17884;47;0,1056;5;0;9;7;0;4;2;1;1;1
Teilesatz, Automatikgetriebe-?lwechsel;4921;13952;2;0,0045;0;0;0;2;0;3;0;0;0;0
Teilesatz, Automatikgetriebe-?lwechsel;4921;126217;3;0,0067;0;0;2;2;0;0;3;0;0;0
Teilesatz, Automatikgetriebe-?lwechsel;4921;28238;3;0,0067;3;0;0;3;0;3;0;0;0;0
Teilesatz, Automatikgetriebe-?lwechsel;4921;15667;1;0,0022;0;0;0;0;0;6;0;0;0;0
Teilesatz, Automatikgetriebe-?lwechsel;4921;57461;3;0,0067;4;0;4;5;0;6;2;1;1;1
Teilesatz, Automatikgetriebe-?lwechsel;4921;113728;3;0,0067;0;0;0;3;0;3;0;0;0;0
Teilesatz, Automatikgetriebe-?lwechsel;4921;132520;2;0,0045;0;0;0;2;0;3;0;0;0;0
Teilesatz, Automatikgetriebe-?lwechsel;4921;9947;2;0,0045;0;0;0;2;0;9;2;0;0;0
Teilesatz, Automatikgetriebe-?lwechsel;4921;11718;3;0,0067;3;0;5;8;0;9;0;1;3;1
Teilesatz, Automatikgetriebe-?lwechsel;4921;124821;1;0,0022;2;1;2;3;0;3;2;1;1;0
Teilesatz, Automatikgetriebe-?lwechsel;4921;142908;2;0,0045;5;0;2;10;0;9;0;0;0;0
Teilesatz, Automatikgetriebe-?lwechsel;4921;16110;2;0,0045;2;0;0;3;0;3;0;0;0;0
Teilesatz, Automatikgetriebe-?lwechsel;4921;133649;1;0,0022;3;0;5;7;0;7;0;0;2;0
Teilesatz, Automatikgetriebe-?lwechsel;4921;120542;1;0,0022;0;0;2;2;0;3;3;1;1;1
Teilesatz, Automatikgetriebe-?lwechsel;4921;133162;2;0,0045;3;0;0;0;0;0;0;0;0;0
Teilesatz, Automatikgetriebe-?lwechsel;4921;117987;5;0,0112;3;0;1;3;0;3;2;1;0;0
Teilesatz, Automatikgetriebe-?lwechsel;4921;57294;3;0,0067;3;0;2;2;0;3;3;1;1;1
Teilesatz, Automatikgetriebe-?lwechsel;4921;101050;15;0,0337;3;0;2;2;0;3;3;1;1;1
Teilesatz, Automatikgetriebe-?lwechsel;4921;19200;30;0,0674;3;0;6;2;0;3;2;2;1;1
Teilesatz, Automatikgetriebe-?lwechsel;4921;136357;1;0,0022;2;0;2;3;0;3;2;1;1;0
Teilesatz, Automatikgetriebe-?lwechsel;4921;151625;1;0,0022;1;0;0;3;0;3;0;0;0;0
Teilesatz, Automatikgetriebe-?lwechsel;4921;32030;3;0,0067;4;0;0;3;0;3;0;0;0;0
Teilesatz, Automatikgetriebe-?lwechsel;4921;143294;4;0,009;0;0;2;7;0;3;2;1;0;0
Teilesatz, Automatikgetriebe-?lwechsel;4921;23301;10;0,0225;2;0;4;5;0;6;2;1;1;0
Teilesatz, Automatikgetriebe-?lwechsel;4921;120372;1;0,0022;0;0;0;0;0;2;1;0;0;0
Teilesatz, Automatikgetriebe-?lwechsel;4921;141710;15;0,0337;3;0;2;0;0;14;2;0;0;0
Teilesatz, Automatikgetriebe-?lwechsel;4921;5633;3;0,0067;3;0;0;3;0;6;2;1;1;1
Teilesatz, Automatikgetriebe-?lwechsel;4921;138164;12;0,027;2;0;0;7;0;3;0;0;0;0
Teilesatz, Automatikgetriebe-?lwechsel;4921;17151;1;0,0022;4;1;5;6;0;6;2;1;2;1
Teilesatz, Automatikgetriebe-?lwechsel;4921;135066;2;0,0045;0;0;0;1;0;1;0;0;0;0
Teilesatz, Automatikgetriebe-?lwechsel;4921;59340;2;0,0045;0;0;0;1;0;1;0;0;0;0
Teilesatz, Automatikgetriebe-?lwechsel;4921;129627;1;0,0022;2;0;0;3;0;3;2;1;1;0
Teilesatz, Automatikgetriebe-?lwechsel;4921;114848;5;0,0112;6;0;5;2;0;3;2;1;1;1
Teilesatz, Automatikgetriebe-?lwechsel;4921;119946;7;0,0157;0;0;0;2;0;3;0;0;0;0
Teilesatz, Automatikgetriebe-?lwechsel;4921;17896;3;0,0067;1;0;2;2;0;6;0;0;0;0
Teilesatz, Automatikgetriebe-?lwechsel;4921;18396;1;0,0022;1;0;2;2;0;6;2;0;0;0
Teilesatz, Automatikgetriebe-?lwechsel;4921;292;1;0,0022;0;0;0;4;0;9;0;0;0;0
Teilesatz, Automatikgetriebe-?lwechsel;4921;14828;1;0,0022;5;0;6;4;0;4;2;0;1;0
Teilesatz, Automatikgetriebe-?lwechsel;4921;136787;1;0,0022;2;0;2;3;0;3;2;1;1;0
Teilesatz, Automatikgetriebe-?lwechsel;4921;137767;5;0,0112;3;0;2;7;0;6;2;1;0;0
Teilesatz, Automatikgetriebe-?lwechsel;4921;19697;4;0,009;3;0;1;3;0;3;2;1;0;0
Teilesatz, Automatikgetriebe-?lwechsel;4921;136014;7;0,0157;6;1;2;3;0;6;2;3;1;2
Teilesatz, Automatikgetriebe-?lwechsel;4921;17886;2;0,0045;7;0;17;6;0;12;3;2;0;2
Teilesatz, Automatikgetriebe-?lwechsel;4921;14815;7;0,0157;5;0;8;7;0;4;2;1;1;1
Teilesatz, Automatikgetriebe-?lwechsel;4921;127861;1;0,0022;0;0;0;0;0;3;0;0;0;0
Teilesatz, Automatikgetriebe-?lwechsel;4921;133865;1;0,0022;0;0;0;4;0;8;0;0;1;0
Teilesatz, Automatikgetriebe-?lwechsel;4921;842;1;0,0022;3;0;0;6;0;9;0;0;0;0
Teilesatz, Automatikgetriebe-?lwechsel;4921;132841;1;0,0022;2;0;0;4;0;9;0;0;0;0
Teilesatz, Automatikgetriebe-?lwechsel;4921;23156;6;0,0135;0;0;2;2;0;3;0;0;0;0
Teilesatz, Automatikgetriebe-?lwechsel;4921;141499;5;0,0112;0;0;0;2;0;3;2;0;0;0
Teilesatz, Automatikgetriebe-?lwechsel;4921;112398;2;0,0045;6;0;0;4;0;2;0;0;1;0
Teilesatz, Automatikgetriebe-?lwechsel;4921;32683;1;0,0022;7;0;14;3;0;8;3;2;0;2
Teilesatz, Automatikgetriebe-?lwechsel;4921;31051;22;0,0495;9;0;17;13;0;15;3;3;1;2
Teilesatz, Automatikgetriebe-?lwechsel;4921;11137;1;0,0022;0;0;0;6;0;6;1;0;0;0
Teilesatz, Automatikgetriebe-?lwechsel;4921;14761;23;0,0517;3;0;5;2;0;3;2;1;1;1
Teilesatz, Automatikgetriebe-?lwechsel;4921;119497;2;0,0045;0;0;0;1;0;1;0;0;0;0
Teilesatz, Automatikgetriebe-?lwechsel;4921;15112;4;0,009;6;0;5;3;0;6;0;2;0;1
Teilesatz, Automatikgetriebe-?lwechsel;4921;142157;4;0,009;0;0;0;5;0;6;0;0;0;0
Teilesatz, Automatikgetriebe-?lwechsel;4921;31066;2;0,0045;7;0;17;3;0;8;3;2;0;2
Teilesatz, Automatikgetriebe-?lwechsel;4921;58951;7;0,0157;6;0;4;5;0;6;3;1;2;1
Teilesatz, Automatikgetriebe-?lwechsel;4921;116118;7;0,0157;6;1;6;6;0;7;3;2;1;2
Teilesatz, Automatikgetriebe-?lwechsel;4921;136008;6;0,0135;6;1;2;3;0;6;2;3;1;2
Teilesatz, Automatikgetriebe-?lwechsel;4921;115010;6;0,0135;3;0;1;3;0;3;2;1;0;0
Teilesatz, Automatikgetriebe-?lwechsel;4921;59115;35;0,0787;9;0;5;5;0;6;4;1;1;1
Teilesatz, Automatikgetriebe-?lwechsel;4921;32626;9;0,0202;1;0;4;2;0;3;0;1;1;1
Teilesatz, Automatikgetriebe-?lwechsel;4921;118110;1;0,0022;0;0;0;4;0;6;0;0;0;0
Teilesatz, Automatikgetriebe-?lwechsel;4921;123116;17;0,0382;3;0;5;9;0;10;0;0;3;0
Teilesatz, Automatikgetriebe-?lwechsel;4921;11724;2;0,0045;2;0;7;10;0;12;2;1;2;0
Teilesatz, Automatikgetriebe-?lwechsel;4921;25456;6;0,0135;2;0;4;5;0;6;2;1;1;0
Teilesatz, Automatikgetriebe-?lwechsel;4921;141846;6;0,0135;0;0;0;3;0;3;2;0;0;0
Teilesatz, Automatikgetriebe-?lwechsel;4921;119696;26;0,0584;7;0;2;6;0;8;0;1;2;1
Teilesatz, Automatikgetriebe-?lwechsel;4921;137107;1;0,0022;0;0;0;2;0;3;0;0;0;0
Teilesatz, Automatikgetriebe-?lwechsel;4921;11876;1;0,0022;3;1;2;2;0;3;3;1;1;1
Teilesatz, Automatikgetriebe-?lwechsel;4921;15998;11;0,0247;3;0;2;3;0;3;0;1;1;1
Teilesatz, Automatikgetriebe-?lwechsel;4921;130043;4;0,009;3;0;0;2;0;3;0;0;0;0
Teilesatz, Automatikgetriebe-?lwechsel;4921;18428;35;0,0787;3;0;1;3;0;3;2;1;1;1
Teilesatz, Automatikgetriebe-?lwechsel;4921;139284;2;0,0045;0;0;0;3;0;3;2;0;0;0
Teilesatz, Automatikgetriebe-?lwechsel;4921;6158;1;0,0022;3;0;1;2;0;3;2;1;1;1
Teilesatz, Automatikgetriebe-?lwechsel;4921;138452;6;0,0135;7;0;3;5;0;6;4;1;1;1
Teilesatz, Automatikgetriebe-?lwechsel;4921;9901;1;0,0022;3;0;3;3;0;3;2;1;0;0
Teilesatz, Automatikgetriebe-?lwechsel;4921;120210;1;0,0022;4;0;2;3;0;3;0;0;0;0
Teilesatz, Automatikgetriebe-?lwechsel;4921;55988;5;0,0112;2;1;5;5;0;6;5;1;2;1
Teilesatz, Automatikgetriebe-?lwechsel;4921;7621;1;0,0022;5;0;1;4;0;4;2;0;0;0
Teilesatz, Automatikgetriebe-?lwechsel;4921;17814;1;0,0022;4;1;5;6;0;6;2;1;2;1
Teilesatz, Automatikgetriebe-?lwechsel;4921;8888;2;0,0045;5;0;6;4;0;10;2;1;1;1
Teilesatz, Automatikgetriebe-?lwechsel;4921;114063;3;0,0067;3;0;2;2;0;3;3;1;1;1
Teilesatz, Automatikgetriebe-?lwechsel;4921;119467;4;0,009;0;0;0;3;0;6;0;0;0;0
Teilesatz, Automatikgetriebe-?lwechsel;4921;130708;5;0,0112;0;0;0;2;0;3;0;0;0;0
Teilesatz, Automatikgetriebe-?lwechsel;4921;33493;3;0,0067;0;0;0;2;0;9;2;0;0;0
Teilesatz, Automatikgetriebe-?lwechsel;4921;125043;1;0,0022;3;0;2;2;0;3;2;0;1;0
Teilesatz, Automatikgetriebe-?lwechsel;4921;19862;5;0,0112;0;0;0;3;0;3;0;0;0;0
Teilesatz, Automatikgetriebe-?lwechsel;4921;17777;1;0,0022;4;1;5;6;0;6;2;1;2;1
Teilesatz, Automatikgetriebe-?lwechsel;4921;15062;4;0,009;5;0;6;4;0;10;2;1;1;1
Teilesatz, Automatikgetriebe-?lwechsel;4921;16658;26;0,0584;5;0;8;7;0;4;2;1;1;1
Teilesatz, Automatikgetriebe-?lwechsel;4921;28208;8;0,018;3;0;16;3;0;8;3;2;0;2
Teilesatz, Automatikgetriebe-?lwechsel;4921;117198;32;0,0719;3;0;0;2;0;6;0;0;1;0
Teilesatz, Automatikgetriebe-?lwechsel;4921;19803;2;0,0045;3;0;0;2;0;6;3;0;0;0
Teilesatz, Automatikgetriebe-?lwechsel;4921;143542;1;0,0022;3;0;2;3;0;3;2;1;0;0
Teilesatz, Automatikgetriebe-?lwechsel;4921;6951;4;0,009;3;0;1;2;0;3;2;1;1;1
Teilesatz, Automatikgetriebe-?lwechsel;4921;138019;1;0,0022;3;0;2;3;0;3;2;1;1;1
Teilesatz, Automatikgetriebe-?lwechsel;4921;131416;4;0,009;3;0;2;2;0;3;3;0;1;0
Teilesatz, Automatikgetriebe-?lwechsel;4921;9869;3;0,0067;7;0;6;6;0;8;3;2;0;2
Teilesatz, Automatikgetriebe-?lwechsel;4921;111765;2;0,0045;0;0;0;0;0;3;0;1;1;1
Teilesatz, Automatikgetriebe-?lwechsel;4921;58945;9;0,0202;2;0;2;4;0;2;0;0;1;0
Teilesatz, Automatikgetriebe-?lwechsel;4921;131601;1;0,0022;0;0;0;2;0;6;0;0;0;0
Teilesatz, Automatikgetriebe-?lwechsel;4921;33243;11;0,0247;3;0;0;4;0;2;0;0;1;0
Teilesatz, Automatikgetriebe-?lwechsel;4921;22459;5;0,0112;7;0;17;10;0;8;3;2;0;2
Teilesatz, Automatikgetriebe-?lwechsel;4921;137234;5;0,0112;3;0;2;3;0;3;2;1;1;1
Teilesatz, Automatikgetriebe-?lwechsel;4921;6918;6;0,0135;3;0;1;4;0;6;2;1;1;1
Teilesatz, Automatikgetriebe-?lwechsel;4921;137008;3;0,0067;2;0;1;6;0;6;2;2;1;0
Teilesatz, Automatikgetriebe-?lwechsel;4921;157363;1;0,0022;0;0;0;3;0;0;2;1;0;0
Teilesatz, Automatikgetriebe-?lwechsel;4921;141876;3;0,0067;1;0;2;5;0;6;4;1;1;0
Teilesatz, Automatikgetriebe-?lwechsel;4921;100636;2;0,0045;3;0;2;2;0;3;2;0;0;0
Teilesatz, Automatikgetriebe-?lwechsel;4921;132942;5;0,0112;5;0;2;4;0;4;0;0;0;0
Teilesatz, Automatikgetriebe-?lwechsel;4921;130593;25;0,0562;0;0;0;1;0;1;0;0;0;0
Teilesatz, Automatikgetriebe-?lwechsel;4921;137722;3;0,0067;3;0;0;0;1;0;2;0;0;0
Teilesatz, Automatikgetriebe-?lwechsel;4921;32066;1;0,0022;0;0;0;2;0;9;2;0;0;0
Teilesatz, Automatikgetriebe-?lwechsel;4921;145788;3;0,0067;0;0;0;0;0;1;2;2;0;0
Teilesatz, Automatikgetriebe-?lwechsel;4921;106222;2;0,0045;4;0;3;5;0;6;4;1;1;1
Teilesatz, Automatikgetriebe-?lwechsel;4921;14587;1;0,0022;3;0;4;5;0;12;2;0;1;0
Teilesatz, Automatikgetriebe-?lwechsel;4921;17669;3;0,0067;3;0;0;3;0;6;0;0;0;0
Teilesatz, Automatikgetriebe-?lwechsel;4921;114872;6;0,0135;6;0;5;5;0;6;2;1;1;1
Teilesatz, Automatikgetriebe-?lwechsel;4921;117977;10;0,0225;3;0;0;3;0;3;2;1;1;1
Teilesatz, Automatikgetriebe-?lwechsel;4921;28180;4;0,009;1;0;0;4;0;7;0;1;1;1
Teilesatz, Automatikgetriebe-?lwechsel;4921;25445;2;0,0045;3;1;2;3;0;3;2;1;1;1
Teilesatz, Automatikgetriebe-?lwechsel;4921;11779;8;0,018;3;0;4;0;0;6;0;1;0;1
Teilesatz, Automatikgetriebe-?lwechsel;4921;141627;2;0,0045;6;0;4;6;0;5;0;0;2;0
Teilesatz, Automatikgetriebe-?lwechsel;4921;130862;1;0,0022;0;0;0;4;0;6;0;0;0;0
Teilesatz, Automatikgetriebe-?lwechsel;4921;11105;1;0,0022;7;1;0;0;0;3;3;2;0;2
Teilesatz, Automatikgetriebe-?lwechsel;4921;19479;26;0,0584;4;0;2;6;0;9;2;2;2;2
Teilesatz, Automatikgetriebe-?lwechsel;4921;134094;2;0,0045;6;0;2;0;0;3;0;0;1;0
Teilesatz, Automatikgetriebe-?lwechsel;4921;8800;1;0,0022;0;0;4;0;0;6;0;1;0;1
Teilesatz, Automatikgetriebe-?lwechsel;4921;109297;65;0,1461;6;0;4;3;0;4;2;2;0;2
Teilesatz, Automatikgetriebe-?lwechsel;4921;122821;1;0,0022;0;0;0;3;0;3;0;0;0;0
Teilesatz, Automatikgetriebe-?lwechsel;4921;17945;10;0,0225;0;0;2;2;0;6;0;0;0;0
Teilesatz, Automatikgetriebe-?lwechsel;4921;16565;5;0,0112;8;0;13;7;0;4;5;3;1;3
Teilesatz, Automatikgetriebe-?lwechsel;4921;132856;1;0,0022;6;0;2;9;0;4;0;0;0;0
Teilesatz, Automatikgetriebe-?lwechsel;4921;128940;43;0,0967;0;0;2;7;0;7;0;1;1;0
Teilesatz, Automatikgetriebe-?lwechsel;4921;145688;6;0,0135;3;0;1;2;0;3;2;0;1;0
Teilesatz, Automatikgetriebe-?lwechsel;4921;118486;2;0,0045;1;0;2;2;0;3;2;1;1;1
Teilesatz, Automatikgetriebe-?lwechsel;4921;122815;1;0,0022;3;0;0;3;0;3;2;1;1;1
Teilesatz, Automatikgetriebe-?lwechsel;4921;126021;5;0,0112;3;0;2;2;0;3;3;0;1;0
Teilesatz, Automatikgetriebe-?lwechsel;4921;33503;1;0,0022;4;0;2;2;0;3;0;0;0;0
Teilesatz, Automatikgetriebe-?lwechsel;4921;115501;2;0,0045;3;0;2;4;0;2;0;0;1;0
Teilesatz, Automatikgetriebe-?lwechsel;4921;7072;2;0,0045;0;0;0;3;0;3;0;0;0;0
Teilesatz, Automatikgetriebe-?lwechsel;4921;31495;4;0,009;7;0;3;3;0;4;3;2;0;2
Teilesatz, Automatikgetriebe-?lwechsel;4921;32277;14;0,0315;6;0;7;5;0;6;2;1;1;1
Teilesatz, Automatikgetriebe-?lwechsel;4921;105717;4;0,009;2;0;0;4;0;2;0;0;1;0
Teilesatz, Automatikgetriebe-?lwechsel;4921;145877;1;0,0022;0;0;0;0;0;3;2;1;0;0
Teilesatz, Automatikgetriebe-?lwechsel;4921;130838;4;0,009;0;0;0;2;0;6;0;0;0;0
Teilesatz, Automatikgetriebe-?lwechsel;4921;14623;22;0,0495;5;0;6;4;0;4;2;1;1;1
Teilesatz, Automatikgetriebe-?lwechsel;4921;18193;1;0,0022;0;0;1;2;0;3;3;0;0;0
Teilesatz, Automatikgetriebe-?lwechsel;4921;145888;8;0,018;3;0;0;3;0;3;2;2;1;1
Teilesatz, Automatikgetriebe-?lwechsel;4921;116115;20;0,045;0;0;0;4;0;9;0;0;0;0
Teilesatz, Automatikgetriebe-?lwechsel;4921;33777;11;0,0247;3;1;2;2;0;3;3;1;1;1
Teilesatz, Automatikgetriebe-?lwechsel;4921;123333;5;0,0112;3;0;2;2;0;3;3;1;1;1
Teilesatz, Automatikgetriebe-?lwechsel;4921;137334;13;0,0292;0;0;2;6;0;5;0;0;2;0
Teilesatz, Automatikgetriebe-?lwechsel;4921;119890;1;0,0022;3;0;2;2;0;3;3;0;1;0
Teilesatz, Automatikgetriebe-?lwechsel;4921;19749;1;0,0022;3;0;2;2;0;6;0;0;0;0
Teilesatz, Automatikgetriebe-?lwechsel;4921;121841;36;0,0809;3;0;5;5;0;6;2;1;1;1
Teilesatz, Automatikgetriebe-?lwechsel;4921;145168;2;0,0045;0;0;0;2;0;3;0;0;0;0
Teilesatz, Automatikgetriebe-?lwechsel;4921;134049;7;0,0157;0;0;0;4;0;6;0;1;0;0
Teilesatz, Automatikgetriebe-?lwechsel;4921;55123;8;0,018;3;1;2;2;0;6;3;1;1;1
Teilesatz, Automatikgetriebe-?lwechsel;4921;15418;15;0,0337;6;0;2;3;0;6;2;1;1;1
Teilesatz, Automatikgetriebe-?lwechsel;4921;105926;16;0,036;3;0;2;2;0;3;2;0;1;0
Teilesatz, Automatikgetriebe-?lwechsel;4921;17399;1;0,0022;5;0;9;7;0;4;2;1;1;1
Teilesatz, Automatikgetriebe-?lwechsel;4921;115238;1;0,0022;3;0;7;5;0;6;0;1;1;1
Teilesatz, Automatikgetriebe-?lwechsel;4921;34768;3;0,0067;7;1;5;3;0;6;2;1;1;1
Teilesatz, Automatikgetriebe-?lwechsel;4921;114486;126;0,2832;2;1;2;6;0;6;2;2;1;0
Teilesatz, Automatikgetriebe-?lwechsel;4921;117077;8;0,018;3;0;3;7;0;7;0;0;2;0
Teilesatz, Automatikgetriebe-?lwechsel;4921;142462;27;0,0607;3;0;2;10;0;9;2;1;0;0
Teilesatz, Automatikgetriebe-?lwechsel;4921;58950;5;0,0112;0;0;2;2;0;3;0;0;0;0
Teilesatz, Automatikgetriebe-?lwechsel;4921;58800;6;0,0135;3;0;2;2;0;3;3;1;1;1
Teilesatz, Automatikgetriebe-?lwechsel;4921;8439;1;0,0022;3;0;2;3;0;6;2;1;1;1
Teilesatz, Automatikgetriebe-?lwechsel;4921;7648;26;0,0584;5;0;1;4;0;4;2;1;1;1
Teilesatz, Automatikgetriebe-?lwechsel;4921;17470;3;0,0067;5;0;9;7;0;4;2;1;1;1
Teilesatz, Automatikgetriebe-?lwechsel;4921;115584;106;0,2383;6;0;7;5;0;8;3;2;1;1
Teilesatz, Automatikgetriebe-?lwechsel;4921;55594;5;0,0112;6;0;7;5;0;6;2;2;1;1
Teilesatz, Automatikgetriebe-?lwechsel;4921;17206;2;0,0045;3;0;0;6;0;3;0;2;0;2
Teilesatz, Automatikgetriebe-?lwechsel;4921;15997;14;0,0315;3;0;2;3;0;3;0;1;2;1
Teilesatz, Automatikgetriebe-?lwechsel;4921;15539;26;0,0584;3;0;4;0;0;6;0;1;0;1
Teilesatz, Automatikgetriebe-?lwechsel;4921;57321;3;0,0067;12;0;7;7;0;8;5;3;1;3
Teilesatz, Automatikgetriebe-?lwechsel;4921;128214;18;0,0405;5;0;0;4;0;2;0;0;1;0
Teilesatz, Automatikgetriebe-?lwechsel;4921;57456;10;0,0225;5;0;2;4;0;2;0;0;1;0
Teilesatz, Automatikgetriebe-?lwechsel;4921;314;4;0,009;1;0;5;2;0;3;0;1;1;1
Teilesatz, Automatikgetriebe-?lwechsel;4921;32750;14;0,0315;2;0;2;7;0;5;0;0;1;0
Teilesatz, Automatikgetriebe-?lwechsel;4921;57133;3;0,0067;3;0;2;2;0;3;3;1;1;1
Teilesatz, Automatikgetriebe-?lwechsel;4921;128155;2;0,0045;3;0;2;4;0;3;2;1;1;1
Teilesatz, Automatikgetriebe-?lwechsel;4921;18248;9;0,0202;6;0;7;5;0;3;2;2;1;1
Teilesatz, Automatikgetriebe-?lwechsel;4921;31132;2;0,0045;0;0;0;0;0;3;0;0;0;0
Teilesatz, Automatikgetriebe-?lwechsel;4921;18944;1;0,0022;3;0;3;3;0;3;2;1;0;0
Teilesatz, Automatikgetriebe-?lwechsel;4921;30990;2;0,0045;6;0;2;6;0;6;2;2;2;1
Teilesatz, Automatikgetriebe-?lwechsel;4921;143478;3;0,0067;0;0;0;0;0;1;2;2;0;0
Teilesatz, Automatikgetriebe-?lwechsel;4921;31992;2;0,0045;1;0;4;2;0;3;0;1;1;1
Teilesatz, Automatikgetriebe-?lwechsel;4921;100828;2;0,0045;0;0;2;2;0;3;2;0;1;0
Teilesatz, Automatikgetriebe-?lwechsel;4921;108560;18;0,0405;5;0;6;8;0;9;0;0;1;0
Teilesatz, Automatikgetriebe-?lwechsel;4921;498;1;0,0022;0;0;0;6;0;6;0;0;0;0
Teilesatz, Automatikgetriebe-?lwechsel;4921;31060;26;0,0584;4;0;4;4;0;6;2;2;1;2
Teilesatz, Automatikgetriebe-?lwechsel;4921;5371;2;0,0045;5;0;6;7;0;13;2;1;1;1
Teilesatz, Automatikgetriebe-?lwechsel;4921;7475;1;0,0022;7;1;4;0;0;3;3;2;0;2
Teilesatz, Automatikgetriebe-?lwechsel;4921;16201;2;0,0045;3;0;0;6;0;6;0;2;0;2
Teilesatz, Automatikgetriebe-?lwechsel;4921;143265;3;0,0067;3;0;2;6;0;6;2;1;0;0
Teilesatz, Automatikgetriebe-?lwechsel;4921;131999;1;0,0022;3;0;2;2;0;3;2;0;1;0
Teilesatz, Automatikgetriebe-?lwechsel;4921;6442;1;0,0022;0;0;2;2;0;3;0;0;0;0
Teilesatz, Automatikgetriebe-?lwechsel;4921;5962;3;0,0067;3;0;2;0;0;6;0;0;0;0
Teilesatz, Automatikgetriebe-?lwechsel;4921;14812;1;0,0022;3;0;0;2;0;3;0;1;0;1
Teilesatz, Automatikgetriebe-?lwechsel;4921;145208;1;0,0022;3;0;0;2;0;3;0;0;0;0
Teilesatz, Automatikgetriebe-?lwechsel;4921;133880;5;0,0112;2;0;2;3;0;3;2;1;1;0
Teilesatz, Automatikgetriebe-?lwechsel;4921;5138;1;0,0022;0;0;0;0;0;3;0;0;0;0
Teilesatz, Automatikgetriebe-?lwechsel;4921;100644;1;0,0022;0;0;2;2;0;3;0;0;0;0
Teilesatz, Automatikgetriebe-?lwechsel;4921;22532;5;0,0112;1;0;5;2;0;6;1;2;1;1
Teilesatz, Automatikgetriebe-?lwechsel;4921;33621;1;0,0022;0;0;2;4;0;6;0;0;0;0
Teilesatz, Automatikgetriebe-?lwechsel;4921;119881;10;0,0225;3;0;2;2;0;3;3;0;1;0
Teilesatz, Automatikgetriebe-?lwechsel;4921;132797;4;0,009;3;0;0;3;0;4;0;0;0;0
Teilesatz, Automatikgetriebe-?lwechsel;4921;18452;7;0,0157;3;1;2;3;0;3;2;1;1;1
Teilesatz, Automatikgetriebe-?lwechsel;4921;18920;1;0,0022;3;0;7;9;0;3;4;1;2;1
Teilesatz, Automatikgetriebe-?lwechsel;4921;55382;4;0,009;0;0;0;2;0;3;0;0;0;0
Teilesatz, Automatikgetriebe-?lwechsel;4921;55095;9;0,0202;6;0;7;5;0;6;2;2;1;1
Teilesatz, Automatikgetriebe-?lwechsel;4921;55581;12;0,027;3;0;2;3;0;3;2;1;0;0
Teilesatz, Automatikgetriebe-?lwechsel;4921;21148;2;0,0045;0;0;0;3;0;3;0;0;0;0
Teilesatz, Automatikgetriebe-?lwechsel;4921;32609;16;0,036;2;0;2;4;0;2;0;0;1;0
Teilesatz, Automatikgetriebe-?lwechsel;4921;139205;2;0,0045;0;0;2;2;0;6;2;1;0;1
Teilesatz, Automatikgetriebe-?lwechsel;4921;16600;1;0,0022;3;0;0;2;0;3;0;0;0;0
Teilesatz, Automatikgetriebe-?lwechsel;4921;117720;3;0,0067;0;0;0;2;0;3;0;0;0;0
Teilesatz, Automatikgetriebe-?lwechsel;4921;141371;2;0,0045;0;0;0;4;0;6;0;1;0;0
Teilesatz, Automatikgetriebe-?lwechsel;4921;117844;1;0,0022;3;0;0;3;0;3;2;0;0;0
Teilesatz, Automatikgetriebe-?lwechsel;4921;133521;1;0,0022;2;0;0;0;0;0;0;0;0;0
Teilesatz, Automatikgetriebe-?lwechsel;4921;31575;68;0,1529;14;0;17;13;0;15;3;4;2;3
Teilesatz, Automatikgetriebe-?lwechsel;4921;15859;1;0,0022;0;0;0;0;0;3;0;0;0;0
Teilesatz, Automatikgetriebe-?lwechsel;4921;21568;4;0,009;3;0;13;3;0;8;0;2;0;2
Teilesatz, Automatikgetriebe-?lwechsel;4921;14854;1;0,0022;0;0;2;0;0;9;0;0;0;0
Teilesatz, Automatikgetriebe-?lwechsel;4921;131372;7;0,0157;2;0;2;3;0;3;5;1;1;0
Teilesatz, Automatikgetriebe-?lwechsel;4921;29943;2;0,0045;3;1;2;3;0;3;2;1;1;1
Teilesatz, Automatikgetriebe-?lwechsel;4921;14185;1;0,0022;3;0;0;6;0;6;0;2;0;2
Teilesatz, Automatikgetriebe-?lwechsel;4921;11783;6;0,0135;2;0;0;4;0;1;0;0;1;0
Teilesatz, Automatikgetriebe-?lwechsel;4921;807;2;0,0045;0;0;3;10;0;10;0;0;0;0
Teilesatz, Automatikgetriebe-?lwechsel;4921;23196;1;0,0022;0;0;0;2;0;3;0;0;0;0
Teilesatz, Automatikgetriebe-?lwechsel;4921;18262;35;0,0787;8;0;4;8;0;6;4;2;1;2
Teilesatz, Automatikgetriebe-?lwechsel;4921;117714;15;0,0337;0;0;2;2;0;3;3;0;1;0
Teilesatz, Automatikgetriebe-?lwechsel;4921;107761;52;0,1169;1;0;1;4;0;6;1;1;1;1
Teilesatz, Automatikgetriebe-?lwechsel;4921;106418;1;0,0022;3;0;4;2;0;3;2;1;1;1
Teilesatz, Automatikgetriebe-?lwechsel;4921;32792;3;0,0067;1;0;4;2;0;3;2;1;1;1
Teilesatz, Automatikgetriebe-?lwechsel;4921;17957;2;0,0045;2;0;0;4;0;7;0;1;1;1
Teilesatz, Automatikgetriebe-?lwechsel;4921;142250;27;0,0607;3;0;2;3;0;3;2;1;0;0
Teilesatz, Automatikgetriebe-?lwechsel;4921;276;3;0,0067;3;0;6;2;0;3;2;1;1;1
Teilesatz, Automatikgetriebe-?lwechsel;4921;19616;6;0,0135;4;0;7;5;0;7;4;1;1;1
Teilesatz, Automatikgetriebe-?lwechsel;4921;55354;1;0,0022;3;1;7;8;0;9;3;1;3;1
Teilesatz, Automatikgetriebe-?lwechsel;4921;113153;75;0,1686;5;0;2;6;0;9;5;0;2;0
Teilesatz, Automatikgetriebe-?lwechsel;4921;56336;1;0,0022;0;0;0;0;0;3;0;0;0;0
Teilesatz, Automatikgetriebe-?lwechsel;4921;143076;1;0,0022;0;0;0;0;0;3;0;0;0;0
Teilesatz, Automatikgetriebe-?lwechsel;4921;57326;1;0,0022;3;0;0;0;0;3;2;1;1;1
Teilesatz, Automatikgetriebe-?lwechsel;4921;129177;1;0,0022;3;0;2;5;0;6;3;0;1;0
Teilesatz, Automatikgetriebe-?lwechsel;4921;58550;43;0,0967;3;0;1;2;0;3;2;0;1;0
Teilesatz, Automatikgetriebe-?lwechsel;4921;56734;1;0,0022;3;0;2;2;0;3;3;0;1;0
Teilesatz, Automatikgetriebe-?lwechsel;4921;19024;4;0,009;4;1;5;6;0;6;2;1;2;1
Teilesatz, Automatikgetriebe-?lwechsel;4921;129081;143;0,3214;1;0;2;2;0;3;2;1;1;1
Teilesatz, Automatikgetriebe-?lwechsel;4921;32870;6;0,0135;12;0;17;7;0;8;5;3;1;3
Teilesatz, Automatikgetriebe-?lwechsel;4921;7610;15;0,0337;5;0;1;4;0;4;2;1;1;1
Teilesatz, Automatikgetriebe-?lwechsel;4921;31101;1;0,0022;4;0;0;4;0;6;2;1;2;1
Teilesatz, Automatikgetriebe-?lwechsel;4921;131785;23;0,0517;7;0;0;0;0;3;3;2;0;2
Teilesatz, Automatikgetriebe-?lwechsel;4921;22661;13;0,0292;4;1;5;6;0;6;2;1;2;1
Teilesatz, Automatikgetriebe-?lwechsel;4921;127855;22;0,0495;3;0;2;2;0;3;3;1;1;1
Teilesatz, Automatikgetriebe-?lwechsel;4921;11857;1;0,0022;3;1;2;2;0;3;3;1;1;1
Teilesatz, Automatikgetriebe-?lwechsel;4921;131761;32;0,0719;0;0;0;5;0;1;0;0;0;0
Teilesatz, Automatikgetriebe-?lwechsel;4921;136490;1;0,0022;3;0;2;2;0;3;2;0;1;0
Teilesatz, Automatikgetriebe-?lwechsel;4921;126624;2;0,0045;5;0;5;7;0;7;2;0;2;0
Teilesatz, Automatikgetriebe-?lwechsel;4921;16715;35;0,0787;5;0;8;7;0;4;2;1;1;1
Teilesatz, Automatikgetriebe-?lwechsel;4921;1886;1;0,0022;0;0;2;0;0;9;0;1;0;1
Teilesatz, Automatikgetriebe-?lwechsel;4921;10445;3;0,0067;4;0;2;4;0;6;0;0;0;0
Teilesatz, Automatikgetriebe-?lwechsel;4921;133864;25;0,0562;2;0;2;7;0;3;2;0;0;0
Teilesatz, Automatikgetriebe-?lwechsel;4921;138982;1;0,0022;6;0;0;0;0;3;0;3;0;2
Teilesatz, Automatikgetriebe-?lwechsel;4921;58995;5;0,0112;3;0;2;4;0;6;3;1;1;1
Teilesatz, Automatikgetriebe-?lwechsel;4921;120726;5;0,0112;2;1;2;3;0;3;2;1;1;0
Teilesatz, Automatikgetriebe-?lwechsel;4921;16699;4;0,009;5;0;8;7;0;4;2;1;1;1
Teilesatz, Automatikgetriebe-?lwechsel;4921;114960;7;0,0157;3;0;0;0;0;3;0;1;0;0
Teilesatz, Automatikgetriebe-?lwechsel;4921;16519;2;0,0045;2;1;3;5;0;12;0;0;1;0
Teilesatz, Automatikgetriebe-?lwechsel;4921;116065;63;0,1416;6;0;5;5;0;6;2;1;1;1
Teilesatz, Automatikgetriebe-?lwechsel;4921;9988;1;0,0022;0;1;3;5;0;3;2;0;1;0
Teilesatz, Automatikgetriebe-?lwechsel;4921;9340;4;0,009;5;0;6;4;0;4;2;1;1;1
Teilesatz, Automatikgetriebe-?lwechsel;4921;59571;1;0,0022;3;0;2;3;0;3;0;1;2;1
Teilesatz, Automatikgetriebe-?lwechsel;4921;15615;2;0,0045;5;0;6;4;0;4;2;1;1;1
Teilesatz, Automatikgetriebe-?lwechsel;4921;10416;36;0,0809;2;0;7;10;0;12;2;1;2;0
Teilesatz, Automatikgetriebe-?lwechsel;4921;130797;4;0,009;2;0;2;3;0;3;2;1;1;0
Teilesatz, Automatikgetriebe-?lwechsel;4921;129121;57;0,1281;0;0;0;3;0;4;0;0;0;0
Teilesatz, Automatikgetriebe-?lwechsel;4921;140935;3;0,0067;0;0;2;2;0;6;2;0;0;0
Teilesatz, Automatikgetriebe-?lwechsel;4921;13737;4;0,009;4;0;2;4;0;6;0;0;0;0
Teilesatz, Automatikgetriebe-?lwechsel;4921;107510;14;0,0315;6;1;6;6;0;7;3;3;1;2
Teilesatz, Automatikgetriebe-?lwechsel;4921;57361;2;0,0045;12;0;10;7;0;8;5;3;1;3
Teilesatz, Automatikgetriebe-?lwechsel;4921;112394;13;0,0292;6;0;7;5;0;6;4;2;1;1
Teilesatz, Automatikgetriebe-?lwechsel;4921;2621;1;0,0022;0;0;0;0;0;3;0;0;0;0
Teilesatz, Automatikgetriebe-?lwechsel;4921;119519;2;0,0045;0;0;0;2;0;3;0;0;0;0
Teilesatz, Automatikgetriebe-?lwechsel;4921;142189;3;0,0067;5;0;0;4;0;5;0;0;0;0
Teilesatz, Automatikgetriebe-?lwechsel;4921;108664;5;0,0112;3;0;0;7;0;3;0;0;1;0
Teilesatz, Automatikgetriebe-?lwechsel;4921;16612;1;0,0022;2;0;0;3;0;3;0;0;0;0
Teilesatz, Automatikgetriebe-?lwechsel;4921;132945;15;0,0337;3;0;0;3;0;4;0;0;0;0
Teilesatz, Automatikgetriebe-?lwechsel;4921;18940;1;0,0022;1;0;2;2;0;6;0;0;0;0
Teilesatz, Automatikgetriebe-?lwechsel;4921;53089;2;0,0045;3;0;2;2;0;3;2;1;1;1
Teilesatz, Automatikgetriebe-?lwechsel;4921;100035;63;0,1416;1;0;5;2;0;3;2;2;1;1
Teilesatz, Automatikgetriebe-?lwechsel;4921;55163;2;0,0045;0;0;2;0;0;0;0;0;1;0
Teilesatz, Automatikgetriebe-?lwechsel;4921;127522;2;0,0045;0;0;0;2;0;3;0;0;0;0
Teilesatz, Automatikgetriebe-?lwechsel;4921;136840;2;0,0045;0;0;0;4;0;6;0;1;0;0
Teilesatz, Automatikgetriebe-?lwechsel;4921;20116;2;0,0045;3;0;5;5;0;3;0;1;2;1
Teilesatz, Automatikgetriebe-?lwechsel;4921;133740;1;0,0022;0;0;0;3;0;3;0;0;0;0
Teilesatz, Automatikgetriebe-?lwechsel;4921;59414;2;0,0045;0;0;0;3;0;3;0;0;0;0
Teilesatz, Automatikgetriebe-?lwechsel;4921;9309;3;0,0067;2;0;7;10;0;12;0;1;2;0
Teilesatz, Automatikgetriebe-?lwechsel;4921;59488;2;0,0045;3;0;7;9;0;6;0;0;1;0
Teilesatz, Automatikgetriebe-?lwechsel;4921;108188;1;0,0022;0;0;0;4;0;6;0;0;0;0
Teilesatz, Automatikgetriebe-?lwechsel;4921;108010;6;0,0135;7;1;0;3;0;12;5;3;0;2
Teilesatz, Automatikgetriebe-?lwechsel;4921;116013;15;0,0337;3;0;2;2;0;3;3;1;1;1
Teilesatz, Automatikgetriebe-?lwechsel;4921;110549;2;0,0045;0;0;1;2;0;3;1;1;1;1
Teilesatz, Automatikgetriebe-?lwechsel;4921;142398;23;0,0517;3;0;2;3;0;3;2;1;0;0
Teilesatz, Automatikgetriebe-?lwechsel;4921;26563;13;0,0292;6;0;3;6;0;3;4;1;1;1
Teilesatz, Automatikgetriebe-?lwechsel;4921;151896;1;0,0022;0;0;0;0;0;0;0;1;1;0
Teilesatz, Automatikgetriebe-?lwechsel;4921;26573;5;0,0112;7;0;11;3;0;4;3;2;0;2
Teilesatz, Automatikgetriebe-?lwechsel;4921;19790;18;0,0405;5;0;9;7;0;4;2;1;1;1
Teilesatz, Automatikgetriebe-?lwechsel;4921;59948;4;0,009;0;0;0;2;0;3;0;0;0;0
Teilesatz, Automatikgetriebe-?lwechsel;4921;29292;12;0,027;3;0;2;3;0;3;2;0;1;0
Teilesatz, Automatikgetriebe-?lwechsel;4921;59120;99;0,2225;9;0;4;5;0;6;2;1;1;1
Teilesatz, Automatikgetriebe-?lwechsel;4921;31062;35;0,0787;4;0;4;4;0;6;2;2;1;2
Teilesatz, Automatikgetriebe-?lwechsel;4921;933;7;0,0157;8;0;6;10;0;13;2;1;1;1
Teilesatz, Automatikgetriebe-?lwechsel;4921;136273;6;0,0135;6;1;2;3;0;3;2;3;1;2
Teilesatz, Automatikgetriebe-?lwechsel;4921;32010;1;0,0022;0;0;0;3;0;3;0;0;0;0
Teilesatz, Automatikgetriebe-?lwechsel;4921;23198;5;0,0112;0;0;0;2;0;3;0;0;0;0
Teilesatz, Automatikgetriebe-?lwechsel;4921;119898;2;0,0045;12;0;0;0;0;15;5;3;1;3
Teilesatz, Automatikgetriebe-?lwechsel;4921;58356;1;0,0022;3;0;2;2;0;3;3;1;1;1
Teilesatz, Automatikgetriebe-?lwechsel;4921;126003;59;0,1326;3;0;5;5;0;6;2;1;0;0
Teilesatz, Automatikgetriebe-?lwechsel;4921;9335;1;0,0022;8;0;7;12;0;6;2;2;3;1
Teilesatz, Automatikgetriebe-?lwechsel;4921;108132;2;0,0045;3;0;3;5;0;9;0;1;1;1
Teilesatz, Automatikgetriebe-?lwechsel;4921;10957;4;0,009;2;1;5;5;0;3;5;1;2;1
Teilesatz, Automatikgetriebe-?lwechsel;4921;115672;3;0,0067;0;0;0;2;0;3;0;0;0;0
Teilesatz, Automatikgetriebe-?lwechsel;4921;19390;3;0,0067;7;0;17;3;0;8;3;2;0;2
Teilesatz, Automatikgetriebe-?lwechsel;4921;19170;1;0,0022;2;0;2;6;0;9;2;1;2;1
Teilesatz, Automatikgetriebe-?lwechsel;4921;22955;2;0,0045;3;1;2;3;0;3;2;1;1;1
Teilesatz, Automatikgetriebe-?lwechsel;4921;130979;1;0,0022;0;0;0;2;0;3;0;0;0;0
Teilesatz, Automatikgetriebe-?lwechsel;4921;136012;7;0,0157;6;1;2;3;0;6;2;3;1;2
Teilesatz, Automatikgetriebe-?lwechsel;4921;137999;2;0,0045;0;0;2;2;0;3;3;0;1;0
Teilesatz, Automatikgetriebe-?lwechsel;4921;8687;4;0,009;5;0;6;4;0;10;2;1;1;1
Teilesatz, Automatikgetriebe-?lwechsel;4921;119167;5;0,0112;3;0;5;7;0;7;0;0;2;0
Teilesatz, Automatikgetriebe-?lwechsel;4921;11883;50;0,1124;3;1;2;2;0;3;3;1;1;1
Teilesatz, Automatikgetriebe-?lwechsel;4921;108630;194;0,4361;6;0;7;5;0;6;4;3;2;2
Teilesatz, Automatikgetriebe-?lwechsel;4921;141531;2;0,0045;3;1;0;2;0;3;2;0;0;0
Teilesatz, Automatikgetriebe-?lwechsel;4921;131420;9;0,0202;3;0;2;2;0;3;3;0;1;0
Teilesatz, Automatikgetriebe-?lwechsel;4921;17770;26;0,0584;6;0;7;5;0;3;4;2;1;1
Teilesatz, Automatikgetriebe-?lwechsel;4921;142688;1;0,0022;2;0;2;2;0;3;2;0;1;0
Teilesatz, Automatikgetriebe-?lwechsel;4921;17936;5;0,0112;2;0;0;3;0;3;0;0;0;0
