GENART_DESC;GENARTNR;TYPENR;BSK_POS;RATIO (%);AISIN;Schaeffler LuK;BLUE PRINT;EXEDY;VALEO;JAPANPARTS;BorgWarner;HERTH+BUSS JAKOPARTS;RYMEC;SACHS
Absolut;;;160106;;137753;157173;136235;152160;152837;96632;0;115819;143561;153822
Prozent;;;;;86;98;85;95;95;60;0;72;90;96
Kupplungssatz;479;31116;54;0,0337;8;7;3;3;6;1;0;3;3;1
Kupplungssatz;479;370;45;0,0281;7;4;2;3;6;3;0;3;5;4
Kupplungssatz;479;2465;14;0,0087;1;1;0;1;4;1;0;0;1;1
Kupplungssatz;479;4510;16;0,01;1;1;2;1;3;1;0;1;1;1
Kupplungssatz;479;11757;27;0,0169;3;3;1;3;4;1;0;2;3;2
Kupplungssatz;479;15514;6;0,0037;3;1;1;1;2;1;0;1;1;1
Kupplungssatz;479;28131;17;0,0106;2;1;1;1;2;1;0;1;1;2
Kupplungssatz;479;31959;5;0,0031;2;3;1;3;3;0;0;0;0;4
Kupplungssatz;479;29566;110;0,0687;5;7;4;5;7;0;0;3;2;3
Kupplungssatz;479;12961;20;0,0125;6;10;5;7;6;3;0;1;11;6
Kupplungssatz;479;19945;3;0,0019;0;0;0;0;2;1;0;0;0;3
Kupplungssatz;479;19975;27;0,0169;6;8;6;6;5;2;0;1;4;11
Kupplungssatz;479;121722;2;0,0012;2;4;0;2;1;0;0;2;0;0
Kupplungssatz;479;18785;11;0,0069;7;4;0;3;6;3;0;3;5;4
Kupplungssatz;479;14181;6;0,0037;4;5;4;4;5;1;0;0;6;3
Kupplungssatz;479;58609;38;0,0237;4;6;5;6;8;3;0;4;6;6
Kupplungssatz;479;130184;9;0,0056;2;3;0;2;7;1;0;2;0;3
Kupplungssatz;479;136077;3;0,0019;3;2;2;1;9;0;0;0;0;3
Kupplungssatz;479;56556;4;0,0025;2;6;2;1;2;0;0;1;1;2
Kupplungssatz;479;34747;4;0,0025;5;6;3;5;7;3;0;5;5;1
Kupplungssatz;479;113668;8;0,005;2;1;1;1;4;1;0;1;1;1
Kupplungssatz;479;18360;8;0,005;10;12;9;11;12;1;0;6;14;12
Kupplungssatz;479;10032;3;0,0019;0;1;0;3;0;3;0;0;2;3
Kupplungssatz;479;13176;3;0,0019;0;0;0;1;1;0;0;0;0;2
Kupplungssatz;479;19573;6;0,0037;5;5;3;3;5;0;0;1;7;5
Kupplungssatz;479;138493;2;0,0012;0;2;0;1;0;0;0;0;0;3
Kupplungssatz;479;129093;5;0,0031;0;1;0;1;2;0;0;0;1;1
Kupplungssatz;479;118540;25;0,0156;2;3;0;2;8;0;0;0;0;3
Kupplungssatz;479;19280;3;0,0019;3;6;5;4;9;0;0;2;4;7
Kupplungssatz;479;19938;60;0,0375;2;4;2;1;2;2;0;1;1;1
Kupplungssatz;479;32088;78;0,0487;3;6;4;3;4;0;0;1;7;5
Kupplungssatz;479;12149;1;0,0006;2;4;4;2;11;3;0;2;3;6
Kupplungssatz;479;5678;4;0,0025;1;1;1;0;1;0;0;0;1;1
Kupplungssatz;479;15459;12;0,0075;6;3;7;1;3;1;0;1;5;3
Kupplungssatz;479;13951;23;0,0144;3;6;4;3;4;0;0;1;7;5
Kupplungssatz;479;114341;6;0,0037;8;6;5;6;9;0;0;4;6;6
Kupplungssatz;479;18669;5;0,0031;6;6;6;5;9;1;0;3;7;8
Kupplungssatz;479;14160;10;0,0062;1;2;2;1;6;1;0;1;2;1
Kupplungssatz;479;5645;2;0,0012;1;2;2;1;4;1;0;0;2;2
Kupplungssatz;479;17327;2;0,0012;2;2;2;2;2;1;0;2;2;2
Kupplungssatz;479;58532;24;0,015;8;6;4;6;7;0;0;4;9;6
Kupplungssatz;479;15938;6;0,0037;1;4;2;1;2;1;0;1;1;2
Kupplungssatz;479;33059;90;0,0562;4;4;4;4;6;1;0;3;4;4
Kupplungssatz;479;15834;1;0,0006;2;6;0;0;3;0;0;0;2;2
Kupplungssatz;479;17218;16;0,01;4;3;4;2;1;5;0;2;3;2
Kupplungssatz;479;19147;17;0,0106;7;8;4;4;9;2;0;0;8;8
Kupplungssatz;479;1971;15;0,0094;1;1;1;2;2;0;0;0;1;1
Kupplungssatz;479;59728;18;0,0112;1;1;1;1;4;1;0;1;1;2
Kupplungssatz;479;32039;4;0,0025;2;3;2;2;2;0;0;0;2;4
Kupplungssatz;479;19179;1;0,0006;4;9;6;4;8;1;0;2;5;9
Kupplungssatz;479;31340;271;0,1693;4;10;6;7;15;2;0;3;8;12
Kupplungssatz;479;32045;1;0,0006;2;2;0;2;0;2;0;0;2;2
Kupplungssatz;479;15644;15;0,0094;3;3;2;3;3;0;0;0;5;2
Kupplungssatz;479;19676;4;0,0025;1;1;1;1;4;1;0;1;1;1
Kupplungssatz;479;16206;10;0,0062;0;0;0;1;3;2;0;0;4;2
Kupplungssatz;479;18159;4;0,0025;0;2;2;0;3;0;0;0;2;2
Kupplungssatz;479;30980;2;0,0012;0;2;1;2;4;0;0;0;0;3
Kupplungssatz;479;17839;5;0,0031;0;3;1;2;3;3;0;1;1;4
Kupplungssatz;479;1775;18;0,0112;1;1;1;1;1;0;0;0;1;1
Kupplungssatz;479;26628;5;0,0031;3;2;2;2;3;1;0;1;2;3
Kupplungssatz;479;17946;17;0,0106;4;5;3;3;4;0;0;2;6;4
Kupplungssatz;479;127521;16;0,01;0;2;1;0;0;1;0;0;2;2
Kupplungssatz;479;56145;91;0,0568;2;3;1;2;4;0;0;1;1;2
Kupplungssatz;479;17783;79;0,0493;6;6;8;6;6;3;0;2;7;7
Kupplungssatz;479;32825;232;0,1449;1;2;1;1;2;1;0;1;1;2
Kupplungssatz;479;16300;225;0,1405;1;3;2;1;2;1;0;1;1;2
Kupplungssatz;479;1940;65;0,0406;2;3;1;1;3;2;0;1;1;2
Kupplungssatz;479;58622;35;0,0219;4;2;2;3;5;1;0;2;3;4
Kupplungssatz;479;9643;37;0,0231;3;3;4;3;8;1;0;0;3;3
Kupplungssatz;479;18728;89;0,0556;4;4;7;3;10;2;0;2;6;5
Kupplungssatz;479;28283;7;0,0044;5;7;7;7;12;2;0;3;14;7
Kupplungssatz;479;7909;46;0,0287;3;8;8;5;15;3;0;2;7;7
Kupplungssatz;479;33356;4;0,0025;3;5;0;1;4;2;0;1;3;4
Kupplungssatz;479;118647;75;0,0468;4;11;5;7;6;0;0;2;5;3
Kupplungssatz;479;434;17;0,0106;0;2;1;1;1;0;0;0;1;1
Kupplungssatz;479;24523;42;0,0262;1;2;1;1;3;1;0;1;2;2
Kupplungssatz;479;19444;125;0,0781;2;4;3;3;10;0;0;1;7;6
Kupplungssatz;479;114212;17;0,0106;3;3;2;1;6;2;0;1;1;4
Kupplungssatz;479;115506;8;0,005;2;3;2;3;4;0;0;2;3;4
Kupplungssatz;479;17792;27;0,0169;2;2;1;1;4;2;0;0;2;3
Kupplungssatz;479;14005;7;0,0044;4;2;0;0;4;0;0;0;3;1
Kupplungssatz;479;21346;1;0,0006;1;1;0;1;1;0;0;0;0;0
Kupplungssatz;479;121229;1;0,0006;2;0;0;2;2;0;0;1;2;2
Kupplungssatz;479;7606;63;0,0393;3;3;3;2;4;0;0;1;3;3
Kupplungssatz;479;32031;11;0,0069;3;5;5;3;7;1;0;2;6;4
Kupplungssatz;479;1046;37;0,0231;4;4;1;4;5;3;0;3;3;4
Kupplungssatz;479;8716;7;0,0044;2;3;0;1;1;2;0;0;0;0
Kupplungssatz;479;23376;14;0,0087;7;6;2;4;7;3;0;3;5;4
Kupplungssatz;479;19249;2;0,0012;4;2;1;2;2;5;0;1;2;3
Kupplungssatz;479;55125;13;0,0081;2;2;1;1;2;0;0;1;2;2
Kupplungssatz;479;12069;20;0,0125;3;3;2;3;3;0;0;0;0;3
Kupplungssatz;479;110763;7;0,0044;1;2;1;2;5;1;0;1;0;2
Kupplungssatz;479;16184;14;0,0087;6;5;7;3;6;0;0;0;5;4
Kupplungssatz;479;19592;6;0,0037;0;2;3;2;2;0;0;0;0;2
Kupplungssatz;479;6300;3;0,0019;2;4;2;3;1;2;0;2;2;3
Kupplungssatz;479;7937;11;0,0069;1;3;6;1;2;0;0;0;3;3
Kupplungssatz;479;12064;9;0,0056;1;3;1;1;2;0;0;0;1;1
Kupplungssatz;479;106413;6;0,0037;0;1;0;1;2;0;0;0;1;2
Kupplungssatz;479;137588;1;0,0006;0;0;0;0;0;0;0;0;0;0
Kupplungssatz;479;27565;13;0,0081;0;0;1;0;0;0;0;0;0;0
Kupplungssatz;479;107892;178;0,1112;3;3;2;3;6;0;0;2;5;4
Kupplungssatz;479;29948;22;0,0137;4;4;3;2;4;1;0;2;2;5
Kupplungssatz;479;23500;8;0,005;3;2;2;2;3;1;0;2;2;4
Kupplungssatz;479;120218;6;0,0037;2;1;1;1;1;1;0;1;1;1
Kupplungssatz;479;118016;1;0,0006;0;2;0;2;5;0;0;0;6;4
Kupplungssatz;479;33329;6;0,0037;3;7;6;4;8;2;0;2;4;4
Kupplungssatz;479;114196;2;0,0012;3;4;1;4;2;2;0;3;2;2
Kupplungssatz;479;34925;15;0,0094;2;1;2;1;2;0;0;0;2;2
Kupplungssatz;479;56222;5;0,0031;0;0;0;1;1;0;0;0;0;0
Kupplungssatz;479;118700;43;0,0269;6;2;2;4;9;2;0;2;3;4
Kupplungssatz;479;59730;11;0,0069;4;6;5;3;8;1;0;0;8;8
Kupplungssatz;479;4262;3;0,0019;2;0;2;1;2;4;0;1;1;0
Kupplungssatz;479;33340;15;0,0094;1;3;1;2;3;0;0;1;4;4
Kupplungssatz;479;33565;5;0,0031;4;5;5;12;3;4;0;3;5;2
Kupplungssatz;479;1505;2;0,0012;0;1;0;1;0;0;0;0;1;1
Kupplungssatz;479;18248;64;0,04;4;4;5;3;15;2;0;2;6;7
Kupplungssatz;479;110021;1;0,0006;0;1;0;1;0;0;0;0;0;2
Kupplungssatz;479;137711;3;0,0019;0;3;0;0;5;0;0;0;0;3
Kupplungssatz;479;19437;3;0,0019;0;5;1;2;3;0;0;0;5;3
Kupplungssatz;479;16509;3;0,0019;1;1;1;1;2;1;0;1;1;1
Kupplungssatz;479;123350;3;0,0019;0;2;0;1;5;0;0;0;0;2
Kupplungssatz;479;107514;2;0,0012;2;5;4;4;3;0;0;1;2;8
Kupplungssatz;479;128190;5;0,0031;4;9;2;6;6;0;0;1;4;4
Kupplungssatz;479;17658;8;0,005;1;1;1;3;1;2;0;0;1;1
Kupplungssatz;479;115117;2;0,0012;0;1;1;1;2;0;0;0;0;1
Kupplungssatz;479;27512;3;0,0019;3;2;2;2;3;1;0;2;2;4
Kupplungssatz;479;19617;6;0,0037;8;10;8;10;11;2;0;4;11;6
Kupplungssatz;479;6377;4;0,0025;2;2;1;2;3;1;0;0;1;3
Kupplungssatz;479;17876;12;0,0075;3;3;3;2;1;2;0;1;5;3
Kupplungssatz;479;34955;73;0,0456;1;1;1;1;4;1;0;2;1;1
Kupplungssatz;479;26616;6;0,0037;3;2;2;2;4;1;0;0;3;3
Kupplungssatz;479;17009;11;0,0069;2;3;2;1;8;1;0;2;5;3
Kupplungssatz;479;17157;15;0,0094;3;4;3;2;2;0;0;0;3;3
Kupplungssatz;479;19157;2;0,0012;1;1;0;1;3;2;0;1;0;0
Kupplungssatz;479;109831;7;0,0044;0;1;2;0;2;1;0;0;1;0
Kupplungssatz;479;133682;47;0,0294;3;3;1;2;5;1;0;2;2;3
Kupplungssatz;479;9171;5;0,0031;9;8;7;6;10;2;0;1;8;8
Kupplungssatz;479;11829;10;0,0062;2;6;3;3;5;0;0;2;2;4
Kupplungssatz;479;14840;17;0,0106;6;6;3;6;10;0;0;0;7;6
Kupplungssatz;479;17731;19;0,0119;2;2;2;2;2;1;0;2;2;3
Kupplungssatz;479;19943;27;0,0169;4;3;1;3;3;3;0;0;2;4
Kupplungssatz;479;1645;29;0,0181;1;2;1;1;3;0;0;0;1;1
Kupplungssatz;479;114868;1;0,0006;0;5;0;3;1;0;0;0;2;1
Kupplungssatz;479;28561;3;0,0019;0;0;0;0;0;0;0;0;0;0
Kupplungssatz;479;18401;3;0,0019;1;1;1;2;0;1;0;2;1;0
Kupplungssatz;479;113343;2;0,0012;3;3;2;3;5;0;0;2;5;4
Kupplungssatz;479;418;1;0,0006;1;3;0;3;4;1;0;1;0;6
Kupplungssatz;479;11116;8;0,005;1;1;1;1;2;0;0;0;1;1
Kupplungssatz;479;13672;1;0,0006;1;1;1;1;2;3;0;1;1;0
Kupplungssatz;479;1618;2;0,0012;1;1;1;0;0;0;0;0;1;1
Kupplungssatz;479;126695;4;0,0025;0;1;0;1;1;0;0;0;0;1
Kupplungssatz;479;1438;6;0,0037;0;1;1;0;0;0;0;0;1;1
Kupplungssatz;479;30880;11;0,0069;2;5;3;2;4;1;0;2;2;1
Kupplungssatz;479;9027;2;0,0012;3;1;3;1;4;2;0;2;2;2
Kupplungssatz;479;10055;30;0,0187;3;5;5;3;6;0;0;0;4;3
Kupplungssatz;479;100799;37;0,0231;4;5;5;4;10;0;0;1;3;3
Kupplungssatz;479;14820;9;0,0056;1;3;2;0;6;0;0;0;2;3
Kupplungssatz;479;18037;1;0,0006;2;1;1;1;0;1;0;1;1;1
Kupplungssatz;479;1060;2;0,0012;0;1;0;1;2;0;0;1;0;1
Kupplungssatz;479;14445;41;0,0256;4;7;7;3;4;0;0;0;6;5
Kupplungssatz;479;31144;4;0,0025;2;0;1;0;0;1;0;1;0;0
Kupplungssatz;479;16441;8;0,005;3;4;1;1;7;2;0;0;2;4
Kupplungssatz;479;138536;7;0,0044;3;2;3;1;1;0;0;0;0;2
Kupplungssatz;479;9902;2;0,0012;5;6;3;2;3;1;0;0;3;2
Kupplungssatz;479;109297;2;0,0012;0;3;0;2;0;0;0;0;0;0
Kupplungssatz;479;58667;4;0,0025;4;5;4;3;6;1;0;0;8;5
Kupplungssatz;479;115186;2;0,0012;1;3;1;2;4;0;0;1;1;1
Kupplungssatz;479;14821;1;0,0006;5;6;3;7;10;0;0;0;8;6
Kupplungssatz;479;19964;119;0,0743;5;6;5;5;13;2;0;5;7;6
Kupplungssatz;479;19590;28;0,0175;2;2;2;2;2;0;0;0;2;2
Kupplungssatz;479;22473;159;0,0993;1;1;0;0;1;1;0;1;1;1
Kupplungssatz;479;19459;25;0,0156;4;7;7;4;7;1;0;2;3;9
Kupplungssatz;479;118727;7;0,0044;1;0;0;0;0;0;0;0;0;0
Kupplungssatz;479;14844;10;0,0062;6;6;4;6;10;0;0;0;7;6
Kupplungssatz;479;142232;1;0,0006;0;2;0;2;1;0;0;1;0;2
Kupplungssatz;479;17417;8;0,005;3;5;3;6;9;0;0;0;5;2
Kupplungssatz;479;25491;2;0,0012;1;2;2;1;4;0;0;0;3;3
Kupplungssatz;479;100831;1;0,0006;0;3;0;2;0;0;0;0;0;0
Kupplungssatz;479;24520;39;0,0244;5;5;6;2;11;4;0;3;5;7
Kupplungssatz;479;18643;2;0,0012;2;3;1;0;3;0;0;0;0;3
Kupplungssatz;479;11293;19;0,0119;1;3;2;2;4;1;0;2;1;3
Kupplungssatz;479;127056;4;0,0025;2;4;5;3;8;0;0;2;2;3
Kupplungssatz;479;31196;1;0,0006;4;3;3;2;3;2;0;2;2;3
Kupplungssatz;479;16494;2;0,0012;1;1;3;1;0;1;0;1;1;1
Kupplungssatz;479;29962;12;0,0075;7;6;1;4;7;3;0;3;5;5
Kupplungssatz;479;131656;8;0,005;0;2;1;2;2;0;0;1;2;1
Kupplungssatz;479;8178;1;0,0006;1;2;0;0;1;0;0;2;0;3
Kupplungssatz;479;17443;4;0,0025;3;2;2;2;3;1;0;2;2;2
Kupplungssatz;479;10289;2;0,0012;2;2;2;2;3;0;0;0;2;2
Kupplungssatz;479;113262;3;0,0019;0;2;0;2;4;0;0;0;2;1
Kupplungssatz;479;5273;1;0,0006;1;5;8;5;6;2;0;1;4;6
Kupplungssatz;479;22769;1;0,0006;0;1;0;1;1;0;0;0;0;1
Kupplungssatz;479;18225;12;0,0075;3;2;5;2;4;0;0;0;3;3
Kupplungssatz;479;9716;1;0,0006;3;8;2;3;5;4;0;2;2;3
Kupplungssatz;479;111688;2;0,0012;1;1;1;1;1;0;0;0;0;3
Kupplungssatz;479;15488;1;0,0006;0;3;0;3;2;0;0;0;2;2
Kupplungssatz;479;132946;1;0,0006;0;0;0;0;0;0;0;0;0;0
Kupplungssatz;479;34152;2;0,0012;0;1;2;0;3;1;0;0;0;2
Kupplungssatz;479;439;2;0,0012;1;2;1;0;1;0;0;0;1;2
Kupplungssatz;479;8972;27;0,0169;2;1;1;0;5;0;0;0;1;2
Kupplungssatz;479;7469;5;0,0031;2;1;1;1;2;0;0;0;1;1
Kupplungssatz;479;18776;2;0,0012;1;2;2;1;7;1;0;1;2;2
Kupplungssatz;479;28981;1;0,0006;2;0;1;1;2;0;0;1;1;2
Kupplungssatz;479;16863;1;0,0006;0;1;1;1;1;0;0;1;0;1
Kupplungssatz;479;59264;9;0,0056;1;1;0;1;2;0;0;0;0;3
Kupplungssatz;479;19398;3;0,0019;4;5;2;3;3;2;0;1;4;4
Kupplungssatz;479;14560;1;0,0006;6;3;5;2;4;1;0;0;5;3
Kupplungssatz;479;18102;1;0,0006;3;5;3;3;7;0;0;0;5;2
Kupplungssatz;479;10955;13;0,0081;0;2;0;0;3;0;0;0;2;1
Kupplungssatz;479;19508;1;0,0006;2;1;1;3;0;2;0;0;0;1
Kupplungssatz;479;56783;7;0,0044;1;3;1;2;4;1;0;2;1;3
Kupplungssatz;479;19332;3;0,0019;5;6;6;5;9;1;0;3;7;6
Kupplungssatz;479;23075;7;0,0044;3;2;3;2;2;1;0;2;2;4
Kupplungssatz;479;145824;36;0,0225;0;0;7;0;0;0;0;0;0;4
Kupplungssatz;479;18088;3;0,0019;0;2;1;2;4;0;0;0;2;2
Kupplungssatz;479;53336;36;0,0225;4;5;0;3;1;0;0;1;2;0
Kupplungssatz;479;25470;7;0,0044;1;2;2;1;4;0;0;0;3;3
Kupplungssatz;479;18016;21;0,0131;5;5;5;3;5;1;0;0;6;3
Kupplungssatz;479;119514;1;0,0006;1;0;0;0;3;1;0;1;0;0
Kupplungssatz;479;9810;15;0,0094;2;4;2;1;2;1;0;1;1;1
Kupplungssatz;479;132515;8;0,005;0;0;0;0;1;1;0;0;0;0
Kupplungssatz;479;58770;4;0,0025;1;1;1;1;4;1;0;1;1;2
Kupplungssatz;479;134265;4;0,0025;0;0;0;0;2;0;0;0;0;1
Kupplungssatz;479;9905;2;0,0012;1;1;1;1;2;2;0;1;1;1
Kupplungssatz;479;14774;2;0,0012;1;1;1;2;2;0;0;0;1;1
Kupplungssatz;479;100778;2;0,0012;1;1;0;1;3;1;0;1;1;3
Kupplungssatz;479;14105;1;0,0006;4;2;4;2;3;5;0;3;3;2
Kupplungssatz;479;126610;4;0,0025;0;2;0;0;3;0;0;0;0;1
Kupplungssatz;479;16835;1;0,0006;2;3;2;1;3;1;0;1;2;2
Kupplungssatz;479;120595;5;0,0031;0;3;2;2;3;0;0;0;2;1
Kupplungssatz;479;8431;1;0,0006;1;1;1;0;2;0;0;0;1;1
Kupplungssatz;479;33786;2;0,0012;3;7;5;5;9;2;0;2;10;5
Kupplungssatz;479;18786;1;0,0006;4;3;2;2;5;2;0;3;4;0
Kupplungssatz;479;33680;1;0,0006;3;5;7;3;6;2;0;2;4;3
Kupplungssatz;479;18463;3;0,0019;5;5;5;3;5;1;0;0;6;3
Kupplungssatz;479;33859;5;0,0031;1;1;0;1;1;1;0;1;1;1
Kupplungssatz;479;5244;3;0,0019;2;2;1;2;3;1;0;0;1;3
Kupplungssatz;479;55;1;0,0006;1;4;1;3;4;0;0;0;2;2
Kupplungssatz;479;25476;5;0,0031;1;2;2;1;4;0;0;0;3;3
Kupplungssatz;479;24944;4;0,0025;1;1;0;1;6;2;0;0;3;2
Kupplungssatz;479;19408;18;0,0112;1;8;2;3;7;0;0;1;4;7
Kupplungssatz;479;14830;3;0,0019;5;6;4;7;9;0;0;0;8;6
Kupplungssatz;479;9817;22;0,0137;3;4;1;2;2;1;0;1;2;3
Kupplungssatz;479;31743;8;0,005;2;4;2;2;5;1;0;0;3;5
Kupplungssatz;479;113666;8;0,005;1;1;1;1;5;1;0;1;1;1
Kupplungssatz;479;153727;1;0,0006;0;1;0;0;0;0;0;0;0;0
Kupplungssatz;479;107871;22;0,0137;3;2;0;3;4;0;0;2;2;3
Kupplungssatz;479;33715;13;0,0081;4;3;2;2;3;2;0;1;3;2
Kupplungssatz;479;153289;1;0,0006;0;0;0;0;0;0;0;0;0;0
Kupplungssatz;479;32172;2;0,0012;3;2;2;2;2;0;0;1;3;2
Kupplungssatz;479;145290;1;0,0006;0;2;0;2;7;0;0;0;0;3
Kupplungssatz;479;5973;7;0,0044;0;2;0;1;2;0;0;0;2;2
Kupplungssatz;479;33785;5;0,0031;3;7;5;5;9;2;0;2;10;5
Kupplungssatz;479;28181;1;0,0006;0;1;0;1;1;1;0;0;0;1
Kupplungssatz;479;55095;35;0,0219;4;4;4;4;13;0;0;3;5;6
Kupplungssatz;479;100805;2;0,0012;0;1;0;2;3;1;0;0;1;2
Kupplungssatz;479;11762;6;0,0037;6;3;5;3;4;1;0;0;5;3
Kupplungssatz;479;24540;21;0,0131;2;3;0;2;3;2;0;1;2;3
Kupplungssatz;479;20754;1;0,0006;3;3;3;6;2;3;0;1;3;2
Kupplungssatz;479;17836;1;0,0006;2;3;5;2;4;1;0;1;1;3
Kupplungssatz;479;3002;1;0,0006;0;0;0;0;1;0;0;0;0;2
Kupplungssatz;479;19980;12;0,0075;1;1;1;1;1;0;0;0;1;1
Kupplungssatz;479;25483;1;0,0006;0;1;1;1;1;0;0;0;1;1
Kupplungssatz;479;34291;8;0,005;2;4;0;1;3;0;0;0;3;3
Kupplungssatz;479;13927;4;0,0025;1;1;1;2;0;1;0;0;1;2
Kupplungssatz;479;24470;4;0,0025;4;3;1;3;1;3;0;0;2;4
Kupplungssatz;479;139699;1;0,0006;1;1;0;2;4;0;0;0;0;3
Kupplungssatz;479;19265;2;0,0012;3;6;2;2;3;0;0;1;3;3
Kupplungssatz;479;17920;1;0,0006;0;0;0;0;0;0;0;0;0;0
Kupplungssatz;479;19305;1;0,0006;0;1;1;0;1;1;0;0;0;2
Kupplungssatz;479;18219;2;0,0012;2;2;2;2;2;3;0;3;2;3
Kupplungssatz;479;101118;4;0,0025;4;3;6;3;4;1;0;2;3;3
Kupplungssatz;479;2928;1;0,0006;0;0;0;0;0;0;0;0;1;1
Kupplungssatz;479;106635;24;0,015;4;5;6;4;11;0;0;3;5;6
Kupplungssatz;479;11484;2;0,0012;0;1;1;1;2;0;0;0;1;2
Kupplungssatz;479;22557;2;0,0012;1;2;1;1;2;1;0;1;1;2
Kupplungssatz;479;126554;43;0,0269;2;4;1;2;2;0;0;1;2;1
Kupplungssatz;479;55950;1;0,0006;0;6;2;0;0;0;0;0;0;4
Kupplungssatz;479;18906;1;0,0006;0;2;1;1;2;1;0;1;1;2
Kupplungssatz;479;521;14;0,0087;3;8;5;5;6;0;0;0;5;3
Kupplungssatz;479;110029;3;0,0019;2;2;2;1;3;0;0;2;3;1
Kupplungssatz;479;30837;3;0,0019;2;2;2;3;2;0;0;0;2;2
Kupplungssatz;479;32895;1;0,0006;4;3;4;3;4;0;0;1;3;7
Kupplungssatz;479;8948;1;0,0006;2;2;0;1;2;0;0;0;2;1
Kupplungssatz;479;19286;1;0,0006;9;11;6;7;6;1;0;1;12;6
Kupplungssatz;479;9630;1;0,0006;2;3;2;2;4;0;0;2;2;4
Kupplungssatz;479;100826;1;0,0006;1;3;2;4;3;0;0;0;0;3
Kupplungssatz;479;2597;2;0,0012;0;0;1;1;3;1;0;0;1;0
Kupplungssatz;479;118533;176;0,1099;2;3;0;2;8;0;0;0;0;3
Kupplungssatz;479;57352;66;0,0412;3;6;4;6;6;2;0;4;6;7
Kupplungssatz;479;18396;6;0,0037;0;1;3;1;1;0;0;0;2;2
Kupplungssatz;479;9934;21;0,0131;1;2;1;1;2;1;0;1;1;1
Kupplungssatz;479;8899;3;0,0019;0;2;2;2;1;0;0;0;1;2
Kupplungssatz;479;22492;10;0,0062;0;2;0;2;2;0;0;2;2;0
Kupplungssatz;479;10082;12;0,0075;0;3;4;3;3;1;0;2;3;5
Kupplungssatz;479;116204;48;0,03;0;5;0;3;2;0;0;0;2;3
Kupplungssatz;479;126001;22;0,0137;1;3;1;1;4;0;0;1;1;2
Kupplungssatz;479;15912;3;0,0019;1;2;2;1;7;1;0;1;2;3
Kupplungssatz;479;14733;23;0,0144;1;4;4;4;5;0;0;0;3;3
Kupplungssatz;479;22512;19;0,0119;2;4;3;3;10;0;0;1;5;6
Kupplungssatz;479;6371;13;0,0081;5;7;5;5;5;1;0;0;8;5
Kupplungssatz;479;8913;4;0,0025;2;1;1;1;6;1;0;1;1;3
Kupplungssatz;479;31532;23;0,0144;2;2;2;2;2;0;0;0;2;4
Kupplungssatz;479;25248;2;0,0012;0;2;0;0;0;0;0;0;0;0
Kupplungssatz;479;19253;9;0,0056;2;4;5;1;4;1;0;1;1;3
Kupplungssatz;479;5603;11;0,0069;3;7;8;4;13;3;0;1;5;6
Kupplungssatz;479;31372;2;0,0012;2;1;1;1;3;0;0;1;1;1
Kupplungssatz;479;31319;67;0,0418;3;9;4;6;10;1;0;1;7;10
Kupplungssatz;479;17906;70;0,0437;4;7;7;3;12;0;0;0;10;6
Kupplungssatz;479;31189;1;0,0006;4;3;2;4;2;1;0;3;2;3
Kupplungssatz;479;107762;20;0,0125;0;3;2;2;4;0;0;0;2;3
Kupplungssatz;479;137058;5;0,0031;0;4;0;2;3;0;0;1;1;2
Kupplungssatz;479;8165;3;0,0019;3;2;0;2;3;0;0;2;2;3
Kupplungssatz;479;34958;133;0,0831;1;4;1;2;6;1;0;2;1;3
Kupplungssatz;479;17392;28;0,0175;1;2;1;1;5;1;0;1;2;2
Kupplungssatz;479;5117;3;0,0019;1;2;0;0;1;0;0;0;0;1
Kupplungssatz;479;19898;47;0,0294;2;2;2;2;2;1;0;2;2;2
Kupplungssatz;479;28136;10;0,0062;2;7;2;3;10;6;0;2;2;4
Kupplungssatz;479;19840;4;0,0025;4;3;3;3;2;4;0;2;0;2
Kupplungssatz;479;17291;2;0,0012;0;1;1;1;3;0;0;0;2;2
Kupplungssatz;479;15899;17;0,0106;2;5;4;3;3;2;0;1;4;3
Kupplungssatz;479;7258;1;0,0006;3;8;0;5;7;0;0;0;7;6
Kupplungssatz;479;24491;24;0,015;2;2;2;2;3;2;0;2;2;2
Kupplungssatz;479;57359;7;0,0044;4;3;4;3;5;0;0;1;3;7
Kupplungssatz;479;57430;24;0,015;0;3;0;2;4;0;0;0;1;2
Kupplungssatz;479;18467;16;0,01;1;4;2;2;5;1;0;2;2;4
Kupplungssatz;479;31174;2;0,0012;5;4;3;3;7;4;0;3;7;4
Kupplungssatz;479;24519;40;0,025;1;2;1;1;5;1;0;2;1;4
Kupplungssatz;479;10321;70;0,0437;1;1;1;2;2;1;0;1;1;1
Kupplungssatz;479;101091;50;0,0312;2;3;2;3;3;0;0;2;3;1
Kupplungssatz;479;20037;22;0,0137;3;2;2;2;3;1;0;0;3;3
Kupplungssatz;479;22528;9;0,0056;1;3;3;3;3;2;0;1;5;3
Kupplungssatz;479;55600;3;0,0019;0;3;2;1;4;0;0;1;0;4
Kupplungssatz;479;12141;11;0,0069;2;4;1;2;1;0;0;0;2;1
Kupplungssatz;479;32820;34;0,0212;1;1;0;0;1;0;0;1;1;1
Kupplungssatz;479;9815;10;0,0062;1;5;1;2;6;1;0;2;1;2
Kupplungssatz;479;19663;9;0,0056;0;3;1;3;3;0;0;0;0;2
Kupplungssatz;479;26603;26;0,0162;3;8;2;3;9;5;0;2;2;4
Kupplungssatz;479;19037;3;0,0019;1;2;1;2;2;0;0;0;1;1
Kupplungssatz;479;32270;57;0,0356;0;5;2;3;2;0;0;0;2;5
Kupplungssatz;479;29487;10;0,0062;2;4;2;2;13;3;0;1;6;5
Kupplungssatz;479;124242;9;0,0056;0;3;0;2;3;0;0;0;1;2
Kupplungssatz;479;112925;11;0,0069;3;3;2;3;3;0;0;2;3;4
Kupplungssatz;479;14752;2;0,0012;1;1;2;1;1;0;0;0;1;1
Kupplungssatz;479;7116;2;0,0012;3;4;2;2;2;0;0;0;4;4
Kupplungssatz;479;132752;1;0,0006;1;2;6;2;4;0;0;3;0;0
Kupplungssatz;479;17402;14;0,0087;1;2;2;0;7;1;0;1;2;2
Kupplungssatz;479;9005;2;0,0012;2;3;3;3;3;0;0;2;3;3
Kupplungssatz;479;117893;3;0,0019;1;1;1;1;4;1;0;1;0;1
Kupplungssatz;479;15339;7;0,0044;3;4;5;2;4;0;0;2;2;7
Kupplungssatz;479;27989;2;0,0012;0;2;2;1;1;0;0;1;0;1
Kupplungssatz;479;56797;1;0,0006;2;4;2;3;1;3;0;2;2;2
Kupplungssatz;479;7256;1;0,0006;3;8;0;5;5;0;0;0;7;6
Kupplungssatz;479;16626;36;0,0225;5;8;2;5;6;2;0;4;4;5
Kupplungssatz;479;5378;3;0,0019;1;4;2;2;4;2;0;1;0;4
Kupplungssatz;479;108570;1;0,0006;3;3;2;3;5;0;0;2;5;4
Kupplungssatz;479;26636;3;0,0019;1;4;2;1;1;1;0;1;1;1
Kupplungssatz;479;133301;1;0,0006;0;4;0;2;3;0;0;0;0;2
Kupplungssatz;479;10444;1;0,0006;2;2;2;2;3;1;0;2;2;2
Kupplungssatz;479;101058;44;0,0275;2;3;2;3;3;0;0;2;3;1
Kupplungssatz;479;11156;4;0,0025;10;10;8;10;13;2;0;5;16;7
Kupplungssatz;479;58898;1;0,0006;0;1;0;4;3;1;0;0;0;1
Kupplungssatz;479;18289;1;0,0006;0;1;0;0;2;0;0;0;0;2
Kupplungssatz;479;114947;3;0,0019;2;4;1;2;3;0;0;0;2;0
Kupplungssatz;479;32898;1;0,0006;4;3;4;3;4;0;0;1;3;7
Kupplungssatz;479;132654;3;0,0019;1;2;2;2;1;1;0;1;0;2
Kupplungssatz;479;131247;6;0,0037;0;3;0;3;0;0;0;0;2;2
Kupplungssatz;479;23703;3;0,0019;1;1;1;1;1;1;0;0;2;1
Kupplungssatz;479;34441;2;0,0012;1;1;1;1;1;0;0;0;0;0
Kupplungssatz;479;23475;10;0,0062;1;5;2;2;5;2;0;2;3;2
Kupplungssatz;479;11346;15;0,0094;3;5;7;3;6;1;0;1;5;4
Kupplungssatz;479;10623;80;0,05;4;2;1;3;4;2;0;2;3;4
Kupplungssatz;479;33060;133;0,0831;4;8;6;5;6;0;0;2;7;7
Kupplungssatz;479;25909;42;0,0262;1;3;1;1;3;1;0;1;1;2
Kupplungssatz;479;15106;28;0,0175;0;1;1;1;1;0;0;0;1;2
Kupplungssatz;479;31992;35;0,0219;9;10;8;10;14;1;0;5;16;8
Kupplungssatz;479;55508;207;0,1293;4;9;5;6;17;3;0;2;8;9
Kupplungssatz;479;107441;5;0,0031;0;3;1;1;2;0;0;0;0;2
Kupplungssatz;479;19331;22;0,0137;2;7;3;3;4;1;0;1;5;5
Kupplungssatz;479;17370;65;0,0406;1;3;3;2;7;0;0;2;5;4
Kupplungssatz;479;16063;41;0,0256;8;5;7;5;5;1;0;1;5;5
Kupplungssatz;479;1812;3;0,0019;1;2;2;1;3;1;0;0;2;2
Kupplungssatz;479;26609;30;0,0187;10;11;10;10;13;2;0;4;16;11
Kupplungssatz;479;55514;7;0,0044;2;4;2;3;7;0;0;2;5;3
Kupplungssatz;479;30390;64;0,04;3;3;0;3;2;0;0;0;0;3
Kupplungssatz;479;19465;68;0,0425;1;4;2;1;2;1;0;1;1;2
Kupplungssatz;479;19412;31;0,0194;1;8;2;3;7;0;0;1;2;7
Kupplungssatz;479;56801;12;0,0075;1;4;1;2;1;1;0;1;2;2
Kupplungssatz;479;19624;19;0,0119;5;4;2;4;3;6;0;3;3;2
Kupplungssatz;479;33434;38;0,0237;0;3;4;2;5;0;0;0;2;2
Kupplungssatz;479;32257;39;0,0244;0;2;2;3;6;0;0;2;5;3
Kupplungssatz;479;26577;12;0,0075;2;4;3;3;9;0;0;1;7;6
Kupplungssatz;479;17695;55;0,0344;1;6;4;6;7;2;0;0;2;2
Kupplungssatz;479;2142;30;0,0187;2;3;1;2;4;1;0;1;2;4
Kupplungssatz;479;19726;25;0,0156;2;7;3;3;3;1;0;1;5;5
Kupplungssatz;479;17198;12;0,0075;0;0;0;0;4;0;0;0;0;2
Kupplungssatz;479;29803;20;0,0125;4;6;1;7;9;3;0;4;6;6
Kupplungssatz;479;115669;2;0,0012;0;0;0;0;0;0;0;0;2;0
Kupplungssatz;479;17971;27;0,0169;8;10;11;9;15;1;0;7;12;11
Kupplungssatz;479;22519;96;0,06;2;4;3;3;10;0;0;1;5;6
Kupplungssatz;479;7079;7;0,0044;1;4;3;3;7;0;0;2;5;3
Kupplungssatz;479;12894;1;0,0006;1;2;1;0;2;0;0;0;1;1
Kupplungssatz;479;6270;2;0,0012;2;2;2;2;2;0;0;0;2;2
Kupplungssatz;479;58283;13;0,0081;2;4;1;4;4;1;0;0;6;3
Kupplungssatz;479;59312;4;0,0025;2;2;1;1;5;1;0;2;1;7
Kupplungssatz;479;17863;10;0,0062;1;8;2;0;4;0;0;0;2;3
Kupplungssatz;479;19888;15;0,0094;4;6;3;3;5;3;0;1;4;8
Kupplungssatz;479;22940;13;0,0081;5;6;5;5;10;1;0;3;7;6
Kupplungssatz;479;18083;12;0,0075;3;6;4;4;7;0;0;1;5;8
Kupplungssatz;479;18518;22;0,0137;3;8;7;5;11;0;0;1;10;5
Kupplungssatz;479;23181;21;0,0131;0;7;0;3;3;0;0;0;0;3
Kupplungssatz;479;11599;30;0,0187;1;3;1;1;3;0;0;0;1;1
Kupplungssatz;479;17722;13;0,0081;0;4;2;0;3;0;0;0;2;3
Kupplungssatz;479;31568;8;0,005;4;2;1;2;3;3;0;1;0;1
Kupplungssatz;479;54;4;0,0025;1;4;1;3;4;0;0;0;3;2
Kupplungssatz;479;126555;15;0,0094;3;4;1;3;2;0;0;1;2;1
Kupplungssatz;479;24467;12;0,0075;5;6;5;5;7;1;0;3;7;6
Kupplungssatz;479;12435;2;0,0012;2;1;1;1;1;0;0;0;1;1
Kupplungssatz;479;119700;6;0,0037;2;5;6;4;6;0;0;2;2;3
Kupplungssatz;479;30864;2;0,0012;0;1;1;1;1;0;0;0;1;1
Kupplungssatz;479;120207;11;0,0069;0;3;1;2;3;0;0;0;1;2
Kupplungssatz;479;18481;35;0,0219;6;7;7;6;8;2;0;4;7;6
Kupplungssatz;479;30843;3;0,0019;1;4;0;2;5;0;0;0;0;1
Kupplungssatz;479;106263;8;0,005;3;3;2;3;3;0;0;2;3;4
Kupplungssatz;479;57440;14;0,0087;1;2;1;2;5;0;0;1;1;2
Kupplungssatz;479;129100;1;0,0006;1;0;0;0;0;0;0;0;0;0
Kupplungssatz;479;18929;8;0,005;3;4;1;2;4;2;0;0;4;4
Kupplungssatz;479;16684;33;0,0206;1;1;1;1;0;1;0;1;1;1
Kupplungssatz;479;53399;34;0,0212;4;5;0;3;2;0;0;1;2;0
Kupplungssatz;479;9550;5;0,0031;2;1;1;1;0;1;0;0;0;0
Kupplungssatz;479;114352;1;0,0006;8;6;5;6;9;0;0;4;6;6
Kupplungssatz;479;137217;4;0,0025;0;3;0;2;2;0;0;0;0;0
Kupplungssatz;479;15672;6;0,0037;1;2;1;1;2;2;0;1;1;1
Kupplungssatz;479;20042;6;0,0037;3;2;2;2;3;1;0;0;3;3
Kupplungssatz;479;2159;34;0,0212;3;3;0;3;2;0;0;2;2;1
Kupplungssatz;479;17205;45;0,0281;6;8;8;8;8;3;0;2;8;7
Kupplungssatz;479;58792;10;0,0062;2;4;1;1;2;1;0;1;2;2
Kupplungssatz;479;24243;9;0,0056;8;7;8;6;13;1;0;5;8;6
Kupplungssatz;479;22688;60;0,0375;2;3;3;1;5;0;0;1;4;3
Kupplungssatz;479;120274;2;0,0012;0;0;0;0;2;0;0;0;0;1
Kupplungssatz;479;23354;1;0,0006;3;3;2;2;5;1;0;0;3;3
Kupplungssatz;479;1850;3;0,0019;0;2;0;1;2;0;0;0;1;4
Kupplungssatz;479;26635;2;0,0012;1;4;1;1;1;1;0;1;1;1
Kupplungssatz;479;15539;6;0,0037;1;3;2;1;4;0;0;0;1;1
Kupplungssatz;479;7069;3;0,0019;3;2;1;1;2;0;0;0;1;1
Kupplungssatz;479;17848;81;0,0506;7;6;4;7;8;2;0;0;8;6
Kupplungssatz;479;1443;2;0,0012;0;1;0;1;0;0;0;0;1;1
Kupplungssatz;479;912;1;0,0006;0;3;1;0;1;0;0;0;1;2
Kupplungssatz;479;34751;3;0,0019;0;5;0;0;2;0;0;0;2;1
Kupplungssatz;479;106387;2;0,0012;0;3;2;2;2;0;0;1;1;2
Kupplungssatz;479;145904;2;0,0012;0;2;0;2;0;0;0;0;0;1
Kupplungssatz;479;32691;4;0,0025;1;2;0;0;2;0;0;0;0;0
Kupplungssatz;479;30403;10;0,0062;0;3;1;3;4;1;0;0;5;2
Kupplungssatz;479;15604;15;0,0094;3;3;3;3;3;1;0;3;3;5
Kupplungssatz;479;18265;10;0,0062;8;5;2;2;5;1;0;0;0;5
Kupplungssatz;479;56162;4;0,0025;1;1;1;1;3;1;0;1;1;1
Kupplungssatz;479;19656;21;0,0131;3;5;3;3;4;0;0;0;2;7
Kupplungssatz;479;55073;28;0,0175;1;5;0;1;5;1;0;2;0;1
Kupplungssatz;479;18930;16;0,01;3;4;1;2;4;2;0;0;4;4
Kupplungssatz;479;20634;7;0,0044;1;2;1;1;1;1;0;1;0;1
Kupplungssatz;479;145017;1;0,0006;0;2;0;2;1;0;0;1;0;2
Kupplungssatz;479;23470;8;0,005;1;2;1;1;2;1;0;1;1;1
Kupplungssatz;479;30889;1;0,0006;2;1;0;2;0;0;0;0;0;1
Kupplungssatz;479;130097;1;0,0006;1;1;0;1;1;1;0;0;1;1
Kupplungssatz;479;122141;8;0,005;0;2;0;2;3;0;0;0;0;3
Kupplungssatz;479;29997;204;0,1274;13;16;11;10;21;2;0;5;17;10
Kupplungssatz;479;33839;30;0,0187;1;1;1;1;3;1;0;1;1;2
Kupplungssatz;479;133018;2;0,0012;1;5;0;5;1;0;0;2;5;0
Kupplungssatz;479;114891;63;0,0393;0;5;0;3;2;0;0;0;2;3
Kupplungssatz;479;112130;5;0,0031;1;2;1;2;2;0;0;0;1;2
Kupplungssatz;479;30834;27;0,0169;2;4;1;2;1;0;0;1;2;2
Kupplungssatz;479;31350;17;0,0106;2;3;2;2;2;0;0;0;3;3
Kupplungssatz;479;14983;3;0,0019;5;6;3;7;9;0;0;0;8;6
Kupplungssatz;479;100646;11;0,0069;1;1;1;1;4;1;0;1;1;2
Kupplungssatz;479;106395;8;0,005;0;3;4;1;2;1;0;2;1;4
Kupplungssatz;479;7766;4;0,0025;2;2;1;1;3;0;0;0;2;1
Kupplungssatz;479;33363;7;0,0044;1;1;1;1;3;1;0;1;1;1
Kupplungssatz;479;133799;7;0,0044;1;2;1;1;2;0;0;0;2;2
Kupplungssatz;479;19232;7;0,0044;2;3;2;2;3;0;0;0;3;3
Kupplungssatz;479;8449;7;0,0044;1;4;1;1;2;1;0;1;2;1
Kupplungssatz;479;7262;2;0,0012;0;3;0;0;2;0;0;0;3;2
Kupplungssatz;479;16716;6;0,0037;5;6;0;4;12;0;0;0;4;4
Kupplungssatz;479;107811;13;0,0081;2;3;6;0;4;1;0;2;3;3
Kupplungssatz;479;131237;7;0,0044;0;3;0;2;0;0;0;0;2;2
Kupplungssatz;479;9306;18;0,0112;2;2;4;2;2;0;0;1;2;3
Kupplungssatz;479;9132;1;0,0006;0;2;0;0;2;0;0;0;0;2
Kupplungssatz;479;16879;5;0,0031;0;2;2;0;2;0;0;0;2;1
Kupplungssatz;479;18192;28;0,0175;0;3;2;3;4;0;0;0;2;5
Kupplungssatz;479;15103;2;0,0012;1;2;1;0;1;0;0;0;1;3
Kupplungssatz;479;26634;7;0,0044;6;5;2;3;1;1;0;1;2;1
Kupplungssatz;479;115182;11;0,0069;0;3;1;2;4;1;0;2;1;2
Kupplungssatz;479;122136;6;0,0037;1;4;1;2;5;1;0;2;0;2
Kupplungssatz;479;136029;1;0,0006;0;3;0;2;0;0;0;0;0;0
Kupplungssatz;479;53302;7;0,0044;1;3;2;2;1;1;0;1;2;1
Kupplungssatz;479;2764;1;0,0006;0;3;0;2;1;0;0;0;2;3
Kupplungssatz;479;118646;6;0,0037;0;5;2;3;4;0;0;2;2;4
Kupplungssatz;479;7039;1;0,0006;0;0;0;0;0;0;0;0;1;0
Kupplungssatz;479;28280;5;0,0031;2;4;2;3;4;0;0;2;1;6
Kupplungssatz;479;8208;9;0,0056;0;4;0;2;3;0;0;1;1;2
Kupplungssatz;479;107968;9;0,0056;1;5;0;5;1;0;0;2;5;0
Kupplungssatz;479;5721;1;0,0006;1;4;7;3;5;1;0;1;3;4
Kupplungssatz;479;130594;4;0,0025;0;2;0;2;3;0;0;0;0;3
Kupplungssatz;479;107760;5;0,0031;3;3;2;3;4;0;0;2;5;3
Kupplungssatz;479;59716;54;0,0337;2;4;1;2;3;0;0;1;3;3
Kupplungssatz;479;141271;38;0,0237;0;2;0;2;0;0;0;0;0;2
Kupplungssatz;479;58607;6;0,0037;2;4;0;1;2;2;0;0;3;3
Kupplungssatz;479;59583;13;0,0081;0;1;0;1;1;1;0;1;1;2
Kupplungssatz;479;9066;6;0,0037;1;1;1;1;2;1;0;1;1;1
Kupplungssatz;479;118498;2;0,0012;4;5;1;5;3;0;0;1;0;0
Kupplungssatz;479;4682;5;0,0031;10;11;11;5;9;1;0;1;13;10
Kupplungssatz;479;111861;32;0,02;0;3;0;2;4;0;0;0;3;1
Kupplungssatz;479;11968;4;0,0025;3;3;8;3;2;1;0;2;5;3
Kupplungssatz;479;20068;27;0,0169;2;2;4;2;7;2;0;2;2;4
Kupplungssatz;479;33852;8;0,005;2;5;4;2;4;0;0;1;4;4
Kupplungssatz;479;24303;4;0,0025;3;3;3;4;4;0;0;1;2;6
Kupplungssatz;479;16191;17;0,0106;1;2;1;2;3;0;0;0;2;4
Kupplungssatz;479;15640;50;0,0312;1;3;1;1;3;0;0;0;1;1
Kupplungssatz;479;125488;3;0,0019;2;1;1;1;5;0;0;0;0;0
Kupplungssatz;479;132160;1;0,0006;1;0;1;1;0;0;0;0;2;2
Kupplungssatz;479;31316;9;0,0056;3;6;4;5;9;1;0;1;7;8
Kupplungssatz;479;1053;5;0,0031;0;3;1;1;4;1;0;1;2;0
Kupplungssatz;479;117015;4;0,0025;2;4;1;2;1;1;0;2;2;2
Kupplungssatz;479;19960;14;0,0087;5;6;5;5;7;1;0;3;7;6
Kupplungssatz;479;28207;2;0,0012;6;7;5;6;10;1;0;4;7;8
Kupplungssatz;479;18341;1;0,0006;1;2;1;0;7;1;0;1;2;2
Kupplungssatz;479;17525;4;0,0025;1;1;2;1;1;1;0;0;1;1
Kupplungssatz;479;16140;1;0,0006;2;0;0;0;0;1;0;0;1;0
Kupplungssatz;479;133516;3;0,0019;1;0;2;0;0;0;0;0;0;1
Kupplungssatz;479;4756;8;0,005;1;1;1;0;2;2;0;0;1;1
Kupplungssatz;479;15149;8;0,005;3;6;0;4;8;0;0;0;4;5
Kupplungssatz;479;15333;42;0,0262;4;5;4;4;7;1;0;0;6;3
Kupplungssatz;479;28238;100;0,0625;2;3;2;2;4;1;0;2;2;2
Kupplungssatz;479;33408;2;0,0012;3;3;0;3;3;0;0;0;0;4
Kupplungssatz;479;3450;1;0,0006;1;1;0;1;1;1;0;0;1;0
Kupplungssatz;479;17750;4;0,0025;1;1;1;1;1;2;0;1;1;1
Kupplungssatz;479;115115;9;0,0056;0;2;1;1;5;0;0;0;0;1
Kupplungssatz;479;28363;1;0,0006;2;2;1;1;4;1;0;0;1;1
Kupplungssatz;479;31011;13;0,0081;0;2;0;2;2;0;0;0;2;4
Kupplungssatz;479;7745;2;0,0012;0;4;2;4;5;0;0;0;3;3
Kupplungssatz;479;17357;15;0,0094;1;3;3;2;7;0;0;2;5;4
Kupplungssatz;479;133511;1;0,0006;1;0;2;0;2;0;0;1;0;0
Kupplungssatz;479;19003;1;0,0006;4;5;4;3;5;1;0;0;6;3
Kupplungssatz;479;10573;9;0,0056;7;8;9;8;13;1;0;5;12;7
Kupplungssatz;479;15442;1;0,0006;3;6;4;5;9;0;0;0;6;6
Kupplungssatz;479;141798;1;0,0006;0;0;0;0;5;2;0;0;0;1
Kupplungssatz;479;14924;1;0,0006;0;2;0;2;1;0;0;0;2;2
Kupplungssatz;479;23695;2;0,0012;0;5;5;3;6;0;0;2;2;4
Kupplungssatz;479;100494;1;0,0006;0;2;0;3;3;0;0;0;0;3
Kupplungssatz;479;55540;11;0,0069;0;2;2;2;2;0;0;0;2;2
Kupplungssatz;479;59071;4;0,0025;0;3;1;2;6;0;0;0;1;4
Kupplungssatz;479;57441;23;0,0144;7;4;1;3;6;3;0;3;5;5
Kupplungssatz;479;17938;30;0,0187;9;11;7;12;12;0;0;2;12;12
Kupplungssatz;479;9009;4;0,0025;6;6;4;5;4;0;0;0;4;0
Kupplungssatz;479;10099;3;0,0019;1;4;2;2;3;0;0;1;3;3
Kupplungssatz;479;28162;6;0,0037;3;3;2;2;3;0;0;0;4;2
Kupplungssatz;479;16094;48;0,03;1;1;0;2;2;1;0;1;1;1
Kupplungssatz;479;4620;1;0,0006;1;3;4;1;4;0;0;0;2;2
Kupplungssatz;479;32993;1;0,0006;3;5;0;0;4;2;0;1;0;1
Kupplungssatz;479;14784;2;0,0012;2;3;0;3;3;0;0;0;3;2
Kupplungssatz;479;20090;5;0,0031;3;7;2;3;7;0;0;0;6;7
Kupplungssatz;479;17873;4;0,0025;0;1;2;1;2;0;0;0;1;1
Kupplungssatz;479;117710;1;0,0006;0;1;0;0;0;0;0;0;0;1
Kupplungssatz;479;12528;17;0,0106;1;4;1;5;3;0;0;0;3;4
Kupplungssatz;479;59803;4;0,0025;0;1;0;1;0;0;0;0;0;2
Kupplungssatz;479;27545;13;0,0081;2;3;2;2;3;0;0;1;1;4
Kupplungssatz;479;107943;3;0,0019;0;1;1;1;3;1;0;1;0;1
Kupplungssatz;479;33153;9;0,0056;4;5;0;6;1;1;0;1;0;5
Kupplungssatz;479;133590;1;0,0006;0;0;1;0;3;0;0;0;0;2
Kupplungssatz;479;15794;1;0,0006;1;1;1;1;2;2;0;1;1;1
Kupplungssatz;479;143138;1;0,0006;3;4;2;2;5;0;0;1;0;0
Kupplungssatz;479;131766;1;0,0006;1;2;0;1;2;1;0;0;1;1
Kupplungssatz;479;140865;1;0,0006;0;0;0;0;0;0;0;0;0;0
Kupplungssatz;479;100453;1;0,0006;3;2;1;2;2;0;0;0;2;1
Kupplungssatz;479;117854;17;0,0106;4;4;2;3;5;3;0;3;5;4
Kupplungssatz;479;19410;2;0,0012;1;8;2;3;5;0;0;1;2;5
Kupplungssatz;479;34916;2;0,0012;1;2;1;2;4;0;0;2;1;6
Kupplungssatz;479;11847;1;0,0006;1;2;1;2;1;0;0;0;1;3
Kupplungssatz;479;8300;1;0,0006;0;0;0;1;0;0;0;0;1;0
Kupplungssatz;479;17666;1;0,0006;1;1;0;0;1;0;0;0;1;0
Kupplungssatz;479;131184;4;0,0025;2;2;2;2;3;0;0;0;3;5
Kupplungssatz;479;18378;60;0,0375;3;3;3;0;3;2;0;1;5;3
Kupplungssatz;479;121186;2;0,0012;0;4;0;2;1;0;0;0;0;2
Kupplungssatz;479;131261;2;0,0012;0;3;0;4;0;0;0;0;2;4
Kupplungssatz;479;8824;1;0,0006;0;1;0;1;0;0;0;0;1;1
Kupplungssatz;479;6319;19;0,0119;3;4;6;1;3;0;0;0;3;3
Kupplungssatz;479;139696;1;0,0006;1;1;0;2;4;0;0;0;0;3
Kupplungssatz;479;8448;3;0,0019;1;4;1;1;0;1;0;1;1;1
Kupplungssatz;479;8998;3;0,0019;2;3;3;3;3;0;0;2;3;3
Kupplungssatz;479;132942;6;0,0037;0;3;0;1;6;0;0;0;1;2
Kupplungssatz;479;22526;1;0,0006;2;4;2;2;2;0;0;1;2;2
Kupplungssatz;479;116453;2;0,0012;1;1;1;1;2;0;0;0;1;1
Kupplungssatz;479;11340;1;0,0006;4;9;8;6;10;3;0;0;8;7
Kupplungssatz;479;800294;1;0,0006;0;0;0;0;0;0;0;0;0;3
Kupplungssatz;479;12089;18;0,0112;7;5;6;5;8;1;0;4;7;5
Kupplungssatz;479;16058;1;0,0006;1;2;2;1;2;0;0;0;1;1
Kupplungssatz;479;9777;13;0,0081;1;1;1;1;2;1;0;1;1;0
Kupplungssatz;479;19248;5;0,0031;4;2;1;2;2;5;0;1;2;3
Kupplungssatz;479;10059;2;0,0012;0;2;0;0;0;0;0;0;0;0
Kupplungssatz;479;8730;4;0,0025;1;2;2;1;2;0;0;0;1;2
Kupplungssatz;479;130825;9;0,0056;0;3;1;1;2;0;0;1;1;1
Kupplungssatz;479;9899;1;0,0006;2;2;0;0;4;0;0;0;4;2
Kupplungssatz;479;56264;5;0,0031;4;7;4;5;7;3;0;2;8;5
Kupplungssatz;479;19850;3;0,0019;0;1;1;1;1;0;0;0;1;1
Kupplungssatz;479;15664;1;0,0006;0;4;0;2;3;0;0;0;2;2
Kupplungssatz;479;132935;3;0,0019;0;4;1;2;5;0;0;0;1;0
Kupplungssatz;479;21156;3;0,0019;1;1;0;1;0;0;0;1;1;1
Kupplungssatz;479;23685;1;0,0006;1;2;3;2;3;2;0;2;3;3
Kupplungssatz;479;129256;1;0,0006;1;2;0;0;0;0;0;0;0;0
Kupplungssatz;479;14964;2;0,0012;0;5;0;0;5;0;0;0;4;4
Kupplungssatz;479;2353;1;0,0006;1;0;0;1;1;0;0;0;1;1
Kupplungssatz;479;6440;1;0,0006;2;2;3;2;2;0;0;0;2;2
Kupplungssatz;479;2149;1;0,0006;1;1;0;1;0;1;0;0;1;1
Kupplungssatz;479;58504;2;0,0012;1;1;0;1;0;0;0;1;0;1
Kupplungssatz;479;33271;7;0,0044;5;7;4;5;6;1;0;1;9;7
Kupplungssatz;479;16245;1;0,0006;1;2;2;0;7;1;0;1;2;2
Kupplungssatz;479;58365;4;0,0025;2;2;1;1;2;0;0;1;2;2
Kupplungssatz;479;118978;4;0,0025;0;2;0;3;0;0;0;0;0;2
Kupplungssatz;479;12471;3;0,0019;1;1;1;1;1;0;0;0;0;1
Kupplungssatz;479;20717;1;0,0006;0;0;0;0;0;2;0;0;0;1
Kupplungssatz;479;126055;2;0,0012;0;0;0;1;0;0;0;0;0;0
Kupplungssatz;479;19967;1;0,0006;5;6;5;5;8;1;0;3;7;6
Kupplungssatz;479;28582;1;0,0006;1;4;1;1;1;1;0;1;0;1
Kupplungssatz;479;32686;2;0,0012;4;3;3;2;3;2;0;3;4;3
Kupplungssatz;479;33262;2;0,0012;3;5;2;4;4;1;0;0;5;2
Kupplungssatz;479;8325;1;0,0006;1;1;1;1;3;1;0;0;1;0
Kupplungssatz;479;19933;3;0,0019;0;2;0;0;3;0;0;0;2;3
Kupplungssatz;479;106226;7;0,0044;3;3;6;3;10;0;0;3;3;6
Kupplungssatz;479;111795;1;0,0006;0;3;0;2;1;0;0;0;0;2
Kupplungssatz;479;53215;1;0,0006;0;0;0;0;2;0;0;0;0;0
Kupplungssatz;479;11134;2;0,0012;3;4;0;1;5;2;0;0;3;3
Kupplungssatz;479;19496;1;0,0006;2;2;1;1;4;0;0;0;2;3
Kupplungssatz;479;19418;1;0,0006;0;6;4;3;4;0;0;0;0;6
Kupplungssatz;479;11236;3;0,0019;1;2;0;0;5;0;0;0;0;2
Kupplungssatz;479;31358;5;0,0031;0;3;1;1;4;0;0;1;1;2
Kupplungssatz;479;34318;1;0,0006;2;4;0;1;4;0;0;1;1;4
Kupplungssatz;479;7898;13;0,0081;1;1;0;0;2;0;0;0;0;2
Kupplungssatz;479;18294;2;0,0012;2;2;1;2;3;0;0;0;2;2
Kupplungssatz;479;19876;7;0,0044;3;3;2;3;3;0;0;0;0;3
Kupplungssatz;479;33392;6;0,0037;0;2;1;2;3;0;0;1;1;3
Kupplungssatz;479;134048;1;0,0006;0;2;0;2;0;0;0;0;0;2
Kupplungssatz;479;3383;1;0,0006;3;2;2;1;1;3;0;0;0;0
Kupplungssatz;479;7720;2;0,0012;0;4;6;1;10;0;0;2;7;8
Kupplungssatz;479;29485;1;0,0006;2;0;0;2;0;1;0;0;0;0
Kupplungssatz;479;31577;1;0,0006;0;7;2;6;3;0;0;0;0;2
Kupplungssatz;479;34132;1;0,0006;1;3;1;1;1;1;0;0;1;4
Kupplungssatz;479;17613;2;0,0012;1;2;1;2;2;0;0;0;2;1
Kupplungssatz;479;10041;2;0,0012;2;2;3;2;4;2;0;0;2;3
Kupplungssatz;479;134483;2;0,0012;2;8;0;3;3;0;0;1;0;0
Kupplungssatz;479;146184;1;0,0006;0;4;0;2;1;0;0;0;0;2
Kupplungssatz;479;7821;1;0,0006;1;1;0;1;1;1;0;0;0;1
Kupplungssatz;479;111914;1;0,0006;1;1;1;1;2;1;0;2;1;1
Kupplungssatz;479;122104;1;0,0006;0;0;2;0;0;0;0;0;6;2
Kupplungssatz;479;126478;2;0,0012;0;2;0;2;3;0;0;0;2;1
Kupplungssatz;479;17572;76;0,0475;1;3;1;1;3;1;0;1;1;1
Kupplungssatz;479;119523;33;0,0206;3;3;3;2;3;1;0;0;0;3
Kupplungssatz;479;23196;12;0,0075;0;3;3;3;2;2;0;0;2;5
Kupplungssatz;479;18998;9;0,0056;1;2;1;1;7;1;0;1;2;2
Kupplungssatz;479;16336;6;0,0037;1;2;2;1;6;1;0;1;2;1
Kupplungssatz;479;57281;147;0,0918;7;6;4;7;6;3;0;4;6;4
Kupplungssatz;479;5887;213;0,133;4;4;4;3;3;1;0;2;2;1
Kupplungssatz;479;15989;235;0,1468;1;2;1;2;3;2;0;2;2;2
Kupplungssatz;479;59291;3;0,0019;2;1;0;1;4;2;0;1;1;1
Kupplungssatz;479;136389;2;0,0012;1;1;0;0;1;0;0;0;0;1
Kupplungssatz;479;122973;7;0,0044;1;1;1;1;4;1;0;1;1;1
Kupplungssatz;479;49683;2;0,0012;0;0;0;0;0;0;0;0;0;0
Kupplungssatz;479;23080;21;0,0131;2;2;3;2;2;1;0;2;2;4
Kupplungssatz;479;31059;41;0,0256;1;4;2;2;4;0;0;0;2;1
Kupplungssatz;479;33279;138;0,0862;3;3;3;3;7;0;0;3;5;7
Kupplungssatz;479;33338;26;0,0162;1;3;2;2;4;0;0;1;4;4
Kupplungssatz;479;19701;5;0,0031;4;2;1;2;2;1;0;0;3;1
Kupplungssatz;479;18979;11;0,0069;2;1;2;1;6;1;0;2;1;1
Kupplungssatz;479;5554;2;0,0012;2;2;2;0;5;0;0;0;2;3
Kupplungssatz;479;22485;34;0,0212;1;1;2;1;1;1;0;1;1;2
Kupplungssatz;479;15338;33;0,0206;2;3;1;3;2;0;0;2;3;3
Kupplungssatz;479;16010;18;0,0112;6;5;7;3;6;0;0;0;5;4
Kupplungssatz;479;1885;8;0,005;1;4;2;2;3;0;0;0;2;2
Kupplungssatz;479;33435;229;0,143;10;8;10;8;16;2;0;5;11;6
Kupplungssatz;479;15984;4;0,0025;3;1;1;1;2;1;0;1;2;1
Kupplungssatz;479;4787;4;0,0025;1;1;1;1;2;1;0;0;0;1
Kupplungssatz;479;108281;4;0,0025;0;0;0;0;0;0;0;0;0;0
Kupplungssatz;479;15418;111;0,0693;6;8;8;5;8;0;0;0;6;7
Kupplungssatz;479;58344;7;0,0044;0;1;1;1;2;0;0;1;1;1
Kupplungssatz;479;34317;1;0,0006;2;3;1;1;3;0;0;1;1;3
Kupplungssatz;479;115170;3;0,0019;2;4;2;4;3;1;0;2;2;4
Kupplungssatz;479;24179;13;0,0081;4;4;4;5;13;1;0;2;7;5
Kupplungssatz;479;23373;6;0,0037;4;5;3;5;5;2;0;1;4;7
Kupplungssatz;479;7893;3;0,0019;1;4;5;0;2;0;0;0;4;2
Kupplungssatz;479;11607;7;0,0044;1;7;7;4;10;2;0;1;5;5
Kupplungssatz;479;32035;6;0,0037;3;5;4;4;4;0;0;0;4;6
Kupplungssatz;479;28828;1;0,0006;2;1;4;0;2;0;0;0;3;3
Kupplungssatz;479;11500;2;0,0012;1;1;2;1;0;1;0;1;1;0
Kupplungssatz;479;5736;1;0,0006;2;3;2;1;4;2;0;2;3;6
Kupplungssatz;479;19396;7;0,0044;4;7;6;3;9;1;0;2;5;9
Kupplungssatz;479;117720;75;0,0468;0;4;0;3;4;0;0;0;0;3
Kupplungssatz;479;30900;10;0,0062;1;4;1;1;1;2;0;1;1;1
Kupplungssatz;479;8403;1;0,0006;2;2;2;1;5;0;0;0;1;2
Kupplungssatz;479;128766;6;0,0037;0;1;0;1;0;0;0;0;0;1
Kupplungssatz;479;31140;18;0,0112;1;1;2;1;1;1;0;1;1;2
Kupplungssatz;479;9221;2;0,0012;0;0;0;1;1;0;0;0;0;0
Kupplungssatz;479;108514;1;0,0006;7;5;8;5;9;0;0;4;5;5
Kupplungssatz;479;23464;27;0,0169;2;2;3;2;4;1;0;2;2;1
Kupplungssatz;479;17418;13;0,0081;3;4;3;3;5;0;0;0;5;2
Kupplungssatz;479;5853;130;0,0812;7;6;1;4;7;3;0;3;5;5
Kupplungssatz;479;107889;39;0,0244;3;3;2;3;5;0;0;2;5;4
Kupplungssatz;479;34738;16;0,01;2;2;3;2;4;1;0;2;2;3
Kupplungssatz;479;15449;7;0,0044;0;7;1;4;5;0;0;0;3;3
Kupplungssatz;479;11995;9;0,0056;0;2;1;2;4;0;0;0;0;3
Kupplungssatz;479;58608;33;0,0206;4;9;5;6;9;2;0;4;8;8
Kupplungssatz;479;114848;18;0,0112;2;6;1;3;4;0;0;1;2;6
Kupplungssatz;479;29969;21;0,0131;4;6;10;4;9;1;0;3;6;5
Kupplungssatz;479;8022;8;0,005;3;2;0;3;3;0;0;2;2;3
Kupplungssatz;479;124874;14;0,0087;6;4;1;4;2;1;0;3;4;4
Kupplungssatz;479;106289;7;0,0044;0;1;0;1;1;0;0;0;0;1
Kupplungssatz;479;133440;1;0,0006;0;1;2;0;3;1;0;0;0;1
Kupplungssatz;479;8781;2;0,0012;1;3;3;2;5;1;0;1;1;2
Kupplungssatz;479;19708;33;0,0206;3;7;7;7;4;0;0;0;11;9
Kupplungssatz;479;107531;7;0,0044;2;3;2;3;4;0;0;2;3;4
Kupplungssatz;479;28141;7;0,0044;3;2;2;2;3;1;0;0;3;3
Kupplungssatz;479;17686;2;0,0012;2;2;2;2;1;1;0;1;1;3
Kupplungssatz;479;55526;231;0,1443;10;10;12;10;14;2;0;5;16;8
Kupplungssatz;479;58144;46;0,0287;4;8;4;4;7;2;0;4;7;5
Kupplungssatz;479;24533;29;0,0181;4;3;5;2;8;3;0;1;4;5
Kupplungssatz;479;19670;3;0,0019;3;4;3;3;4;0;0;0;2;7
Kupplungssatz;479;18534;24;0,015;2;1;1;1;0;2;0;1;1;1
Kupplungssatz;479;32682;2;0,0012;4;3;3;2;2;2;0;2;0;3
Kupplungssatz;479;101101;4;0,0025;4;5;6;8;2;1;0;3;5;5
Kupplungssatz;479;11044;33;0,0206;3;4;4;4;6;1;0;1;6;4
Kupplungssatz;479;129752;1;0,0006;1;1;1;0;5;1;0;1;2;1
Kupplungssatz;479;19052;63;0,0393;6;3;3;3;5;2;0;3;3;5
Kupplungssatz;479;12421;3;0,0019;1;1;1;1;4;0;0;0;1;1
Kupplungssatz;479;12028;3;0,0019;2;5;4;4;3;1;0;0;4;10
Kupplungssatz;479;19817;67;0,0418;1;3;2;1;4;1;0;1;1;2
Kupplungssatz;479;27593;2;0,0012;1;3;2;1;3;2;0;2;0;3
Kupplungssatz;479;23710;3;0,0019;0;0;0;0;0;0;0;0;0;0
Kupplungssatz;479;24458;16;0,01;2;4;3;3;9;0;0;1;5;6
Kupplungssatz;479;21097;1;0,0006;2;3;0;0;2;0;0;0;0;0
Kupplungssatz;479;17475;3;0,0019;8;5;6;5;4;1;0;1;5;4
Kupplungssatz;479;31733;5;0,0031;0;2;1;1;1;0;0;0;1;1
Kupplungssatz;479;10272;55;0,0344;4;7;7;3;3;0;0;0;6;5
Kupplungssatz;479;19616;20;0,0125;8;10;9;10;14;2;0;4;11;6
Kupplungssatz;479;108657;17;0,0106;0;3;1;2;4;1;0;2;1;1
Kupplungssatz;479;3844;2;0,0012;5;3;2;5;3;1;0;2;2;4
Kupplungssatz;479;13901;2;0,0012;0;1;0;1;0;0;0;0;1;1
Kupplungssatz;479;6441;4;0,0025;2;3;3;2;3;0;0;2;2;2
Kupplungssatz;479;9793;11;0,0069;5;2;4;4;2;2;0;3;4;1
Kupplungssatz;479;15704;180;0,1124;1;4;3;2;6;2;0;1;3;4
Kupplungssatz;479;27562;8;0,005;1;3;4;2;4;0;0;0;2;2
Kupplungssatz;479;5405;2;0,0012;1;5;0;1;5;0;0;0;5;5
Kupplungssatz;479;4001;25;0,0156;5;8;6;6;12;3;0;5;7;6
Kupplungssatz;479;24496;3;0,0019;11;12;11;11;18;2;0;6;14;12
Kupplungssatz;479;115236;8;0,005;0;4;2;3;4;0;0;3;2;3
Kupplungssatz;479;1798;11;0,0069;1;1;1;1;2;1;0;0;1;1
Kupplungssatz;479;117986;1;0,0006;0;2;0;2;6;1;0;2;0;2
Kupplungssatz;479;30369;7;0,0044;0;1;0;1;1;0;0;0;1;1
Kupplungssatz;479;154694;1;0,0006;2;3;0;0;2;0;0;0;0;0
Kupplungssatz;479;1604;3;0,0019;1;2;0;1;3;1;0;0;1;1
Kupplungssatz;479;17267;2;0,0012;2;1;1;1;1;1;0;1;1;1
Kupplungssatz;479;356;457;0,2854;10;10;9;10;16;2;0;5;16;8
Kupplungssatz;479;106249;29;0,0181;1;5;1;3;3;0;0;2;2;8
Kupplungssatz;479;30326;135;0,0843;6;8;8;6;8;2;0;1;4;11
Kupplungssatz;479;59116;35;0,0219;0;2;2;2;4;0;0;2;2;2
Kupplungssatz;479;32262;174;0,1087;3;7;2;5;5;0;0;1;2;7
Kupplungssatz;479;18074;73;0,0456;4;8;8;4;12;0;0;3;4;9
Kupplungssatz;479;18550;26;0,0162;1;3;3;2;5;2;0;2;3;3
Kupplungssatz;479;18790;17;0,0106;3;2;2;2;4;2;0;2;2;3
Kupplungssatz;479;142806;2;0,0012;0;0;4;0;1;0;0;0;0;2
Kupplungssatz;479;31576;7;0,0044;0;5;2;4;4;0;0;0;0;2
Kupplungssatz;479;16456;4;0,0025;1;2;3;1;7;1;0;1;2;2
Kupplungssatz;479;134325;1;0,0006;1;1;0;2;2;1;0;1;1;1
Kupplungssatz;479;108063;31;0,0194;1;3;1;2;4;0;0;1;2;3
Kupplungssatz;479;31318;27;0,0169;3;6;4;5;9;1;0;1;7;8
Kupplungssatz;479;24495;9;0,0056;3;4;4;3;11;2;0;2;6;5
Kupplungssatz;479;629;1;0,0006;1;1;1;1;2;1;0;0;1;1
Kupplungssatz;479;119838;22;0,0137;1;2;1;1;2;1;0;1;1;2
Kupplungssatz;479;7934;6;0,0037;2;3;4;1;4;0;0;0;2;3
Kupplungssatz;479;26623;1;0,0006;8;10;10;9;14;1;0;6;12;7
Kupplungssatz;479;108602;1;0,0006;0;0;2;0;0;0;0;0;0;0
Kupplungssatz;479;8997;3;0,0019;1;4;5;2;4;0;0;0;4;4
Kupplungssatz;479;16384;23;0,0144;2;1;1;1;1;2;0;1;1;2
Kupplungssatz;479;57526;3;0,0019;1;1;1;1;2;0;0;1;1;1
Kupplungssatz;479;24492;5;0,0031;4;6;5;5;8;2;0;3;6;6
Kupplungssatz;479;23441;4;0,0025;3;3;4;1;3;0;0;0;3;2
Kupplungssatz;479;17134;11;0,0069;0;3;1;0;3;1;0;1;1;1
Kupplungssatz;479;100573;25;0,0156;0;1;1;1;4;0;0;0;0;2
Kupplungssatz;479;32908;2;0,0012;2;5;3;3;4;0;0;0;2;7
Kupplungssatz;479;117995;4;0,0025;0;2;0;2;4;0;0;2;2;6
Kupplungssatz;479;14101;1;0,0006;0;1;0;2;1;0;0;0;0;1
Kupplungssatz;479;135315;3;0,0019;1;0;2;0;5;0;0;1;0;2
Kupplungssatz;479;295;6;0,0037;9;10;7;10;14;1;0;5;16;8
Kupplungssatz;479;19807;1;0,0006;2;2;2;2;3;0;0;1;2;2
Kupplungssatz;479;58964;3;0,0019;2;2;2;2;2;0;0;1;0;2
Kupplungssatz;479;18012;3;0,0019;1;2;1;0;7;1;0;1;2;2
Kupplungssatz;479;116478;2;0,0012;2;3;2;3;4;0;0;2;4;8
Kupplungssatz;479;19288;2;0,0012;2;3;1;1;3;1;0;0;2;1
Kupplungssatz;479;18226;7;0,0044;3;2;5;2;4;0;0;0;3;3
Kupplungssatz;479;31049;1;0,0006;0;9;3;7;4;0;0;0;0;2
Kupplungssatz;479;14690;5;0,0031;3;1;1;1;2;1;0;1;1;1
Kupplungssatz;479;32026;36;0,0225;4;2;0;4;2;0;0;0;0;0
Kupplungssatz;479;32091;76;0,0475;1;3;2;3;3;1;0;1;1;3
Kupplungssatz;479;109274;41;0,0256;0;3;1;2;2;0;0;1;0;6
Kupplungssatz;479;16966;60;0,0375;4;3;4;3;3;3;0;2;3;3
Kupplungssatz;479;107799;23;0,0144;2;2;2;1;3;0;0;2;4;1
Kupplungssatz;479;4186;1;0,0006;0;1;3;1;1;1;0;1;1;1
Kupplungssatz;479;15711;10;0,0062;3;6;5;6;7;2;0;3;9;5
Kupplungssatz;479;5164;7;0,0044;1;1;1;1;3;0;0;0;2;0
Kupplungssatz;479;11980;2;0,0012;4;4;0;2;4;0;0;0;4;3
Kupplungssatz;479;128087;4;0,0025;0;2;2;0;1;0;0;0;0;0
Kupplungssatz;479;8217;3;0,0019;1;2;2;2;7;2;0;0;2;3
Kupplungssatz;479;57261;1;0,0006;0;0;2;0;0;0;0;0;0;1
Kupplungssatz;479;139229;5;0,0031;1;0;0;0;1;0;0;0;2;2
Kupplungssatz;479;6839;1;0,0006;1;3;2;2;4;0;0;1;4;4
Kupplungssatz;479;17456;4;0,0025;8;5;7;5;4;1;0;1;5;5
Kupplungssatz;479;123424;5;0,0031;0;2;1;2;5;0;0;2;2;2
Kupplungssatz;479;132831;10;0,0062;0;2;1;0;1;0;0;0;2;2
Kupplungssatz;479;59245;2;0,0012;0;3;2;3;3;3;0;0;2;4
Kupplungssatz;479;18343;2;0,0012;2;2;5;2;11;3;0;2;6;5
Kupplungssatz;479;17445;3;0,0019;2;2;2;2;2;1;0;2;2;1
Kupplungssatz;479;141321;9;0,0056;0;1;0;0;0;0;0;0;0;0
Kupplungssatz;479;33321;3;0,0019;3;5;7;3;6;2;0;2;4;3
Kupplungssatz;479;3712;13;0,0081;1;1;2;1;1;0;0;1;1;0
Kupplungssatz;479;28201;1;0,0006;2;3;2;3;3;1;0;1;3;4
Kupplungssatz;479;109422;6;0,0037;2;3;2;2;3;0;0;0;2;4
Kupplungssatz;479;18095;6;0,0037;3;4;2;1;6;0;0;0;4;5
Kupplungssatz;479;16819;1;0,0006;0;1;0;0;1;0;0;0;0;1
Kupplungssatz;479;31095;4;0,0025;3;7;4;5;7;0;0;3;2;3
Kupplungssatz;479;13934;1;0,0006;0;2;2;2;3;2;0;1;2;2
Kupplungssatz;479;16524;32;0,02;1;4;2;1;2;1;0;1;1;2
Kupplungssatz;479;5946;7;0,0044;9;11;11;11;15;2;0;5;16;6
Kupplungssatz;479;32834;3;0,0019;0;5;3;4;3;0;0;0;0;2
Kupplungssatz;479;12550;1;0,0006;3;3;4;3;3;0;0;2;5;6
Kupplungssatz;479;101056;37;0,0231;2;4;2;4;3;1;0;2;2;4
Kupplungssatz;479;56834;2;0,0012;0;0;1;4;0;0;0;0;0;0
Kupplungssatz;479;8745;1;0,0006;1;1;3;1;2;0;0;0;1;2
Kupplungssatz;479;23378;23;0,0144;4;5;3;5;5;2;0;1;4;7
Kupplungssatz;479;16409;1;0,0006;0;0;0;0;1;0;0;0;0;1
Kupplungssatz;479;617;1;0,0006;1;2;2;1;0;1;0;0;2;2
Kupplungssatz;479;32795;2;0,0012;2;3;2;2;2;0;0;0;2;4
Kupplungssatz;479;29972;4;0,0025;4;6;10;4;9;1;0;3;6;5
Kupplungssatz;479;34911;3;0,0019;2;3;3;3;3;0;0;2;5;6
Kupplungssatz;479;16591;27;0,0169;0;2;2;2;1;1;0;1;2;2
Kupplungssatz;479;107046;5;0,0031;0;2;0;3;2;1;0;0;0;2
Kupplungssatz;479;18603;15;0,0094;3;3;3;2;3;0;0;3;3;3
Kupplungssatz;479;8443;2;0,0012;1;2;5;1;3;0;0;0;2;2
Kupplungssatz;479;55593;2;0,0012;0;4;2;3;4;0;0;2;2;4
Kupplungssatz;479;19427;15;0,0094;4;5;4;4;6;0;0;1;4;6
Kupplungssatz;479;34947;43;0,0269;1;1;1;1;3;1;0;1;1;2
Kupplungssatz;479;14818;14;0,0087;2;3;1;0;8;0;0;0;4;3
Kupplungssatz;479;59020;1;0,0006;4;5;4;3;5;1;0;1;9;7
Kupplungssatz;479;5882;1;0,0006;1;2;3;3;3;0;0;1;2;6
Kupplungssatz;479;11892;3;0,0019;1;3;2;2;4;0;0;1;4;5
Kupplungssatz;479;119084;2;0,0012;1;0;0;0;1;0;0;0;0;0
Kupplungssatz;479;55122;4;0,0025;1;1;0;1;1;0;0;0;0;0
Kupplungssatz;479;19659;6;0,0037;3;5;3;3;4;0;0;0;2;7
Kupplungssatz;479;5403;1;0,0006;0;2;1;0;2;0;0;0;2;2
Kupplungssatz;479;15924;13;0,0081;1;4;1;4;9;0;0;0;2;2
Kupplungssatz;479;107972;18;0,0112;0;4;3;2;6;0;0;1;6;7
Kupplungssatz;479;56011;1;0,0006;0;1;0;0;0;0;0;0;0;1
Kupplungssatz;479;17107;7;0,0044;0;0;0;0;2;0;0;0;0;2
Kupplungssatz;479;34757;10;0,0062;2;5;0;6;2;2;0;1;2;0
Kupplungssatz;479;19551;7;0,0044;2;2;2;2;3;2;0;0;4;3
Kupplungssatz;479;24521;1;0,0006;4;3;5;1;8;3;0;2;4;5
Kupplungssatz;479;26653;10;0,0062;4;5;3;3;4;3;0;1;4;6
Kupplungssatz;479;119896;5;0,0031;3;3;3;3;4;0;0;1;3;2
Kupplungssatz;479;23444;1;0,0006;2;1;2;1;4;0;0;1;0;1
Kupplungssatz;479;20821;2;0,0012;1;2;0;1;1;0;0;1;1;1
Kupplungssatz;479;55719;1;0,0006;0;1;0;0;0;0;0;0;0;0
Kupplungssatz;479;2113;2;0,0012;4;2;2;1;3;0;0;0;2;3
Kupplungssatz;479;3030;1;0,0006;1;1;0;1;0;0;0;0;1;1
Kupplungssatz;479;3628;1;0,0006;1;1;2;1;2;2;0;1;1;1
Kupplungssatz;479;4315;1;0,0006;1;1;0;1;0;1;0;0;0;1
Kupplungssatz;479;24461;3;0,0019;2;4;3;3;9;0;0;1;7;6
Kupplungssatz;479;33379;4;0,0025;2;2;2;3;2;0;0;0;2;2
Kupplungssatz;479;17672;3;0,0019;3;1;2;1;0;2;0;1;1;2
Kupplungssatz;479;22560;3;0,0019;7;6;5;4;8;2;0;0;6;6
Kupplungssatz;479;1900;3;0,0019;0;1;2;1;1;0;0;0;2;2
Kupplungssatz;479;2843;1;0,0006;0;2;0;0;2;0;0;0;1;2
Kupplungssatz;479;15460;13;0,0081;8;5;7;5;4;1;0;1;5;5
Kupplungssatz;479;16700;1;0,0006;0;4;2;2;2;1;0;0;3;2
Kupplungssatz;479;108628;3;0,0019;1;3;1;2;4;0;0;2;0;2
Kupplungssatz;479;129097;1;0,0006;1;0;0;0;0;0;0;0;0;0
Kupplungssatz;479;16575;5;0,0031;3;3;3;3;4;0;0;1;3;3
Kupplungssatz;479;126342;1;0,0006;0;1;0;1;1;0;0;0;1;1
Kupplungssatz;479;33315;4;0,0025;2;5;7;3;6;2;0;2;4;3
Kupplungssatz;479;1392;2;0,0012;0;1;1;0;0;0;0;0;1;1
Kupplungssatz;479;11836;2;0,0012;1;2;2;0;3;0;0;0;1;2
Kupplungssatz;479;8419;2;0,0012;2;1;0;1;3;0;0;0;1;2
Kupplungssatz;479;15482;12;0,0075;3;6;4;5;9;0;0;0;6;6
Kupplungssatz;479;5276;3;0,0019;1;4;6;3;3;1;0;1;3;4
Kupplungssatz;479;8851;3;0,0019;0;2;1;0;2;0;0;0;1;1
Kupplungssatz;479;468;3;0,0019;1;5;0;1;5;0;0;0;4;0
Kupplungssatz;479;14104;1;0,0006;2;1;3;1;0;2;0;1;1;0
Kupplungssatz;479;5078;1;0,0006;0;0;0;0;2;0;0;0;0;1
Kupplungssatz;479;15914;11;0,0069;3;3;4;1;3;0;0;0;3;2
Kupplungssatz;479;107518;5;0,0031;2;5;4;4;3;0;0;1;2;5
Kupplungssatz;479;322;1;0,0006;0;1;1;1;0;0;0;0;1;1
Kupplungssatz;479;14750;1;0,0006;1;1;1;1;1;0;0;0;1;1
Kupplungssatz;479;24510;1;0,0006;2;2;1;0;2;0;0;0;0;2
Kupplungssatz;479;117961;2;0,0012;4;5;1;5;3;0;0;1;2;0
Kupplungssatz;479;123540;13;0,0081;2;2;0;2;1;0;0;1;0;2
Kupplungssatz;479;59797;2;0,0012;0;1;0;1;0;0;0;0;0;2
Kupplungssatz;479;22498;40;0,025;1;1;1;4;0;1;0;1;1;0
Kupplungssatz;479;17393;53;0,0331;1;4;1;1;2;2;0;1;1;1
Kupplungssatz;479;18303;135;0,0843;4;3;4;2;3;0;0;3;3;5
Kupplungssatz;479;56740;2;0,0012;2;4;1;4;5;3;0;1;2;4
Kupplungssatz;479;9172;3;0,0019;2;7;3;3;4;1;0;1;5;5
Kupplungssatz;479;503;9;0,0056;1;1;0;1;0;1;0;1;1;2
Kupplungssatz;479;24528;34;0,0212;1;2;1;1;3;1;0;1;2;2
Kupplungssatz;479;114336;33;0,0206;6;5;4;5;9;0;0;4;1;5
Kupplungssatz;479;16347;7;0,0044;0;2;3;1;3;0;0;0;2;2
Kupplungssatz;479;108444;35;0,0219;4;4;3;3;6;3;0;3;5;4
Kupplungssatz;479;58509;5;0,0031;2;1;1;2;1;1;0;1;1;1
Kupplungssatz;479;135359;6;0,0037;0;2;0;0;1;0;0;0;1;1
Kupplungssatz;479;111916;44;0,0275;0;3;1;2;3;1;0;1;1;2
Kupplungssatz;479;24241;21;0,0131;1;1;1;1;3;0;0;1;1;1
Kupplungssatz;479;14730;5;0,0031;1;4;4;4;5;0;0;0;3;3
Kupplungssatz;479;31106;29;0,0181;5;6;2;5;6;1;0;2;7;8
Kupplungssatz;479;108028;23;0,0144;2;2;1;2;5;1;0;1;3;3
Kupplungssatz;479;122893;4;0,0025;0;1;0;1;0;0;0;0;1;0
Kupplungssatz;479;18690;15;0,0094;6;6;5;6;7;0;0;0;7;6
Kupplungssatz;479;6349;2;0,0012;2;3;1;2;2;0;0;0;2;2
Kupplungssatz;479;128506;24;0,015;1;1;1;1;2;1;0;2;1;1
Kupplungssatz;479;18496;2;0,0012;2;2;2;2;5;1;0;0;2;3
Kupplungssatz;479;19289;127;0,0793;4;8;8;4;15;0;0;3;4;9
Kupplungssatz;479;29954;44;0,0275;2;2;2;2;4;1;0;2;2;4
Kupplungssatz;479;18642;2;0,0012;8;4;2;3;7;4;0;3;5;3
Kupplungssatz;479;16683;4;0,0025;5;4;2;4;3;4;0;2;3;1
Kupplungssatz;479;118596;5;0,0031;0;2;0;3;0;0;0;0;0;2
Kupplungssatz;479;19681;10;0,0062;6;7;6;4;6;1;0;0;6;6
Kupplungssatz;479;8205;14;0,0087;1;3;2;2;4;0;0;1;4;5
Kupplungssatz;479;17995;5;0,0031;5;5;1;3;5;1;0;0;6;3
Kupplungssatz;479;32755;9;0,0056;7;10;12;9;12;1;0;6;12;4
Kupplungssatz;479;136159;10;0,0062;0;3;0;2;3;0;0;1;1;1
Kupplungssatz;479;130307;1;0,0006;1;0;1;4;0;0;0;0;0;0
Kupplungssatz;479;100822;1;0,0006;1;2;0;2;2;0;0;0;2;0
Kupplungssatz;479;18004;4;0,0025;0;9;0;8;9;0;0;0;0;8
Kupplungssatz;479;17132;8;0,005;1;3;2;1;2;1;0;1;1;2
Kupplungssatz;479;139031;12;0,0075;2;4;0;3;1;0;0;0;2;1
Kupplungssatz;479;11060;11;0,0069;2;3;0;3;2;0;0;0;0;3
Kupplungssatz;479;10760;18;0,0112;2;3;1;3;1;3;0;1;1;1
Kupplungssatz;479;13742;6;0,0037;4;5;4;5;5;1;0;0;6;3
Kupplungssatz;479;31594;8;0,005;2;4;2;2;4;0;0;2;2;2
Kupplungssatz;479;32629;4;0,0025;3;7;5;5;13;2;0;1;7;9
Kupplungssatz;479;4834;1;0,0006;0;2;0;0;1;0;0;0;1;0
Kupplungssatz;479;17845;172;0,1074;4;8;8;4;12;0;0;3;4;9
Kupplungssatz;479;17435;9;0,0056;2;2;0;4;2;0;0;1;0;1
Kupplungssatz;479;3938;4;0,0025;0;1;1;1;2;0;0;0;1;1
Kupplungssatz;479;214;15;0,0094;1;4;1;2;4;0;0;2;1;3
Kupplungssatz;479;16468;8;0,005;4;3;3;3;3;1;0;3;3;3
Kupplungssatz;479;24513;30;0,0187;1;1;1;0;6;2;0;1;1;1
Kupplungssatz;479;107519;7;0,0044;2;5;4;4;3;0;0;1;2;5
Kupplungssatz;479;18356;2;0,0012;3;6;0;5;7;1;0;3;7;6
Kupplungssatz;479;131248;2;0,0012;0;3;0;4;0;0;0;0;2;2
Kupplungssatz;479;24313;2;0,0012;1;1;0;2;1;1;0;0;0;1
Kupplungssatz;479;23485;86;0,0537;1;1;1;1;4;1;0;1;1;1
Kupplungssatz;479;15511;81;0,0506;7;6;8;4;7;0;0;0;5;5
Kupplungssatz;479;22539;1;0,0006;0;1;1;1;2;0;0;0;1;1
Kupplungssatz;479;722;1;0,0006;0;0;0;0;0;0;0;0;0;0
Kupplungssatz;479;118704;8;0,005;2;3;1;2;3;0;0;1;3;2
Kupplungssatz;479;32854;1;0,0006;0;2;0;0;1;0;0;0;2;2
Kupplungssatz;479;105909;177;0,1106;6;1;1;4;2;1;0;4;2;2
Kupplungssatz;479;14822;1;0,0006;5;6;4;7;9;0;0;0;8;6
Kupplungssatz;479;3041;1;0,0006;1;2;0;1;1;1;0;0;1;2
Kupplungssatz;479;115238;4;0,0025;0;3;2;1;2;0;0;2;0;2
Kupplungssatz;479;2798;1;0,0006;0;3;0;2;1;0;0;0;2;3
Kupplungssatz;479;9642;15;0,0094;3;3;4;3;6;1;0;0;3;1
Kupplungssatz;479;118594;35;0,0219;2;2;1;2;3;1;0;1;2;3
Kupplungssatz;479;16624;267;0,1668;2;4;2;2;6;2;0;2;2;4
Kupplungssatz;479;125943;7;0,0044;0;2;1;2;3;0;0;0;0;3
Kupplungssatz;479;33723;96;0,06;2;2;4;3;3;2;0;2;3;3
Kupplungssatz;479;106392;6;0,0037;0;3;2;2;2;0;0;1;1;2
Kupplungssatz;479;18665;35;0,0219;1;3;2;1;2;1;0;1;1;1
Kupplungssatz;479;107341;73;0,0456;1;2;0;2;1;0;0;0;2;2
Kupplungssatz;479;11817;187;0,1168;1;3;1;2;3;2;0;2;2;3
Kupplungssatz;479;33313;42;0,0262;1;1;1;1;3;1;0;1;1;1
Kupplungssatz;479;16102;136;0,0849;6;5;4;5;5;2;0;4;4;5
Kupplungssatz;479;18694;20;0,0125;3;3;3;3;0;2;0;2;3;3
Kupplungssatz;479;18733;9;0,0056;2;2;2;2;3;0;0;2;2;1
Kupplungssatz;479;127518;6;0,0037;3;4;1;3;2;0;0;1;2;1
Kupplungssatz;479;57457;30;0,0187;2;5;2;2;3;1;0;2;0;1
Kupplungssatz;479;22685;2;0,0012;1;2;1;1;2;1;0;1;2;2
Kupplungssatz;479;8737;2;0,0012;0;1;1;1;1;1;0;0;0;0
Kupplungssatz;479;17412;20;0,0125;3;4;3;3;5;0;0;0;5;2
Kupplungssatz;479;130624;20;0,0125;2;4;2;2;2;1;0;2;0;2
Kupplungssatz;479;23077;58;0,0362;3;3;3;3;3;1;0;3;2;4
Kupplungssatz;479;905;2;0,0012;0;3;2;0;1;0;0;0;1;2
Kupplungssatz;479;19439;12;0,0075;2;3;3;3;5;0;0;1;7;5
Kupplungssatz;479;17632;18;0,0112;3;8;7;5;10;0;0;1;10;5
Kupplungssatz;479;15474;7;0,0044;3;3;2;0;3;0;0;0;2;1
Kupplungssatz;479;34581;2;0,0012;2;5;2;7;4;1;0;2;2;2
Kupplungssatz;479;9045;33;0,0206;2;4;1;2;1;0;0;0;2;1
Kupplungssatz;479;31035;6;0,0037;0;2;2;2;4;0;0;0;2;4
Kupplungssatz;479;115166;4;0,0025;1;3;1;1;6;0;0;1;1;2
Kupplungssatz;479;23662;2;0,0012;1;5;0;1;1;1;0;2;0;1
Kupplungssatz;479;15483;7;0,0044;3;6;4;5;9;0;0;0;6;6
Kupplungssatz;479;25461;10;0,0062;1;1;2;1;0;1;0;1;1;1
Kupplungssatz;479;115566;11;0,0069;0;3;0;2;3;0;0;1;1;2
Kupplungssatz;479;128973;1;0,0006;1;0;1;0;7;0;0;2;0;5
Kupplungssatz;479;18177;13;0,0081;1;4;1;2;4;1;0;2;2;4
Kupplungssatz;479;56751;1;0,0006;0;4;2;0;2;0;0;0;0;2
Kupplungssatz;479;128577;3;0,0019;4;6;2;4;6;2;0;3;5;4
Kupplungssatz;479;16719;3;0,0019;3;8;1;4;12;0;0;0;4;8
Kupplungssatz;479;20105;13;0,0081;4;3;1;3;2;4;0;1;0;2
Kupplungssatz;479;9160;55;0,0344;3;6;4;3;4;0;0;1;7;5
Kupplungssatz;479;132930;6;0,0037;0;4;0;2;6;0;0;0;1;2
Kupplungssatz;479;122481;4;0,0025;3;3;2;3;3;0;0;2;3;4
Kupplungssatz;479;10330;4;0,0025;0;3;1;2;1;0;0;0;0;1
Kupplungssatz;479;31998;13;0,0081;4;4;3;3;4;1;0;0;3;6
Kupplungssatz;479;13809;3;0,0019;1;1;0;1;0;1;0;0;1;1
Kupplungssatz;479;10475;5;0,0031;1;2;2;2;3;0;0;2;2;4
Kupplungssatz;479;17662;5;0,0031;1;1;2;2;1;3;0;1;2;1
Kupplungssatz;479;314;1;0,0006;4;5;5;6;7;1;0;2;8;0
Kupplungssatz;479;118618;2;0,0012;2;2;2;2;2;0;0;2;2;2
Kupplungssatz;479;19997;3;0,0019;3;3;3;3;3;1;0;3;3;2
Kupplungssatz;479;1679;1;0,0006;0;2;0;0;1;0;0;0;1;1
Kupplungssatz;479;28517;2;0,0012;1;1;0;5;0;2;0;1;1;0
Kupplungssatz;479;15492;10;0,0062;5;6;5;5;8;0;0;0;5;4
Kupplungssatz;479;58968;29;0,0181;2;2;2;2;2;0;0;2;2;2
Kupplungssatz;479;17896;25;0,0156;2;3;2;2;3;0;0;0;3;3
Kupplungssatz;479;18450;4;0,0025;0;2;1;1;2;0;0;0;2;1
Kupplungssatz;479;32032;2;0,0012;3;5;2;4;4;1;0;0;5;3
Kupplungssatz;479;30991;16;0,01;2;2;0;2;2;0;0;0;0;3
Kupplungssatz;479;59725;2;0,0012;2;3;2;2;2;0;0;0;2;4
Kupplungssatz;479;14591;60;0,0375;1;3;1;1;6;0;0;0;1;1
Kupplungssatz;479;58252;44;0,0275;3;2;2;2;2;0;0;1;3;2
Kupplungssatz;479;108662;19;0,0119;0;3;1;2;4;1;0;2;1;1
Kupplungssatz;479;33385;17;0,0106;2;2;2;3;2;0;0;0;2;2
Kupplungssatz;479;8438;11;0,0069;2;1;1;1;3;1;0;0;0;1
Kupplungssatz;479;28822;1;0,0006;2;1;4;3;0;4;0;0;0;1
Kupplungssatz;479;122006;13;0,0081;6;2;1;3;5;1;0;2;3;4
Kupplungssatz;479;19873;9;0,0056;3;3;2;3;3;0;0;0;0;3
Kupplungssatz;479;52440;7;0,0044;2;5;2;2;3;1;0;2;0;1
Kupplungssatz;479;150672;1;0,0006;0;0;1;0;0;0;0;0;0;1
Kupplungssatz;479;10050;18;0,0112;2;6;7;4;9;1;0;1;4;5
Kupplungssatz;479;17790;4;0,0025;0;3;1;0;2;0;0;0;2;2
Kupplungssatz;479;19068;10;0,0062;4;2;1;2;1;4;0;1;2;3
Kupplungssatz;479;8355;1;0,0006;0;3;1;1;2;0;0;0;1;1
Kupplungssatz;479;15791;1;0,0006;1;1;0;1;4;2;0;1;1;1
Kupplungssatz;479;126007;16;0,01;0;2;1;2;3;0;0;0;4;3
Kupplungssatz;479;138131;10;0,0062;2;3;3;0;3;0;0;1;2;5
Kupplungssatz;479;5203;4;0,0025;1;0;1;1;0;1;0;1;1;0
Kupplungssatz;479;108168;8;0,005;1;3;0;2;4;1;0;0;1;3
Kupplungssatz;479;3796;6;0,0037;1;1;2;1;2;1;0;1;1;1
Kupplungssatz;479;19641;2;0,0012;3;4;3;3;4;0;0;0;2;6
Kupplungssatz;479;17939;8;0,005;9;11;7;12;12;0;0;2;12;12
Kupplungssatz;479;124945;13;0,0081;2;3;2;2;3;0;0;0;3;5
Kupplungssatz;479;17405;16;0,01;1;2;1;1;1;1;0;1;1;0
Kupplungssatz;479;10034;1;0,0006;0;2;3;2;2;0;0;0;2;2
Kupplungssatz;479;11410;1;0,0006;1;1;1;2;1;0;0;0;1;1
Kupplungssatz;479;113904;2;0,0012;1;3;0;2;4;1;0;0;1;2
Kupplungssatz;479;110039;13;0,0081;2;0;0;2;2;1;0;1;2;2
Kupplungssatz;479;142812;1;0,0006;1;2;0;3;0;0;0;1;0;3
Kupplungssatz;479;8668;9;0,0056;2;4;0;2;2;2;0;0;2;1
Kupplungssatz;479;132551;13;0,0081;1;2;0;1;3;1;0;1;2;0
Kupplungssatz;479;14986;2;0,0012;6;6;4;6;6;0;0;0;7;6
Kupplungssatz;479;2571;1;0,0006;0;0;0;0;1;0;0;0;0;0
Kupplungssatz;479;508;2;0,0012;1;3;0;0;3;0;0;0;1;3
Kupplungssatz;479;1447;2;0,0012;0;1;1;0;0;0;0;0;1;1
Kupplungssatz;479;105894;5;0,0031;0;0;0;0;1;0;0;0;0;1
Kupplungssatz;479;26637;3;0,0019;1;4;2;1;1;1;0;1;1;1
Kupplungssatz;479;129205;1;0,0006;0;2;0;2;3;0;0;0;4;2
Kupplungssatz;479;18436;1;0,0006;1;2;1;2;2;0;0;2;2;2
Kupplungssatz;479;34224;1;0,0006;0;2;0;1;0;0;0;0;0;4
Kupplungssatz;479;11957;3;0,0019;3;5;8;8;1;1;0;3;5;5
Kupplungssatz;479;106644;292;0,1824;4;5;5;4;11;0;0;3;5;6
Kupplungssatz;479;106274;2;0,0012;0;1;0;1;1;0;0;0;1;1
Kupplungssatz;479;16362;2;0,0012;1;2;1;1;1;2;0;1;1;1
Kupplungssatz;479;8801;33;0,0206;4;6;6;3;6;1;0;1;5;4
Kupplungssatz;479;17280;71;0,0443;5;6;6;5;9;1;0;3;7;6
Kupplungssatz;479;18551;3;0,0019;0;0;0;1;1;0;0;0;0;1
Kupplungssatz;479;17962;6;0,0037;2;2;3;2;3;1;0;1;2;2
Kupplungssatz;479;3933;9;0,0056;2;1;1;1;3;1;0;0;1;1
Kupplungssatz;479;17081;11;0,0069;1;1;1;1;2;0;0;0;1;1
Kupplungssatz;479;16011;4;0,0025;0;2;4;1;3;0;0;0;2;2
Kupplungssatz;479;33590;1;0,0006;0;1;0;1;2;0;0;0;2;0
Kupplungssatz;479;59677;4;0,0025;0;3;1;3;5;0;0;2;2;3
Kupplungssatz;479;5118;16;0,01;3;6;6;5;5;0;0;1;3;5
Kupplungssatz;479;12470;3;0,0019;0;1;1;1;1;0;0;1;1;1
Kupplungssatz;479;55443;4;0,0025;3;3;2;2;3;0;0;1;3;3
Kupplungssatz;479;8039;43;0,0269;3;4;2;3;7;0;0;2;5;3
Kupplungssatz;479;58369;4;0,0025;2;2;1;1;4;0;0;1;2;2
Kupplungssatz;479;29490;1;0,0006;4;10;3;7;4;1;0;2;4;4
Kupplungssatz;479;6612;13;0,0081;4;7;6;3;4;1;0;2;10;6
Kupplungssatz;479;18249;64;0,04;8;10;3;9;15;1;0;5;12;11
Kupplungssatz;479;20033;2;0,0012;1;2;0;1;5;1;0;1;2;2
Kupplungssatz;479;9620;3;0,0019;2;4;3;3;10;1;0;1;5;3
Kupplungssatz;479;58764;14;0,0087;0;3;2;2;2;0;0;1;1;3
Kupplungssatz;479;8982;42;0,0262;1;1;1;1;3;2;0;2;1;1
Kupplungssatz;479;15917;1;0,0006;0;3;1;1;3;0;0;0;1;1
Kupplungssatz;479;15456;1;0,0006;0;3;1;4;5;0;0;0;3;4
Kupplungssatz;479;57188;6;0,0037;3;2;1;8;1;3;0;1;2;1
Kupplungssatz;479;8453;4;0,0025;1;2;2;1;4;0;0;0;2;2
Kupplungssatz;479;107886;39;0,0244;3;2;0;2;4;0;0;2;2;3
Kupplungssatz;479;59605;3;0,0019;2;3;1;2;4;0;0;1;1;2
Kupplungssatz;479;20092;7;0,0044;3;7;3;3;7;0;0;0;6;7
Kupplungssatz;479;13166;1;0,0006;0;1;0;1;1;0;0;0;1;1
Kupplungssatz;479;9903;13;0,0081;4;6;2;2;3;1;0;0;3;2
Kupplungssatz;479;31956;30;0,0187;2;3;0;3;2;0;0;0;0;3
Kupplungssatz;479;28154;10;0,0062;3;4;2;2;5;0;0;0;0;2
Kupplungssatz;479;125134;4;0,0025;1;3;0;2;2;0;0;1;3;3
Kupplungssatz;479;15112;7;0,0044;2;2;1;1;5;0;0;0;2;2
Kupplungssatz;479;5021;1;0,0006;0;0;0;0;0;1;0;0;0;0
Kupplungssatz;479;18477;4;0,0025;3;4;4;2;8;2;0;1;5;3
Kupplungssatz;479;140924;2;0,0012;0;0;0;0;0;0;0;0;0;0
Kupplungssatz;479;31553;8;0,005;7;4;2;3;6;3;0;3;5;4
Kupplungssatz;479;27275;1;0,0006;1;1;2;1;3;0;0;1;0;0
Kupplungssatz;479;3399;13;0,0081;1;1;2;1;3;4;0;1;1;2
Kupplungssatz;479;8937;1;0,0006;1;1;1;1;2;2;0;1;1;1
Kupplungssatz;479;13360;82;0,0512;0;1;1;1;2;1;0;1;1;2
Kupplungssatz;479;117951;1;0,0006;4;5;1;5;3;0;0;1;2;0
Kupplungssatz;479;18468;14;0,0087;1;1;1;1;3;2;0;1;1;0
Kupplungssatz;479;18415;5;0,0031;0;1;1;1;1;0;0;0;1;1
Kupplungssatz;479;106393;24;0,015;1;1;0;1;3;0;0;0;1;1
Kupplungssatz;479;124196;1;0,0006;0;0;0;0;0;0;0;0;0;0
Kupplungssatz;479;23265;4;0,0025;4;3;3;3;3;1;0;3;3;2
Kupplungssatz;479;112058;3;0,0019;0;1;0;1;1;0;0;0;0;1
Kupplungssatz;479;155196;3;0,0019;0;0;0;0;0;0;0;0;0;0
Kupplungssatz;479;116369;1;0,0006;1;4;0;0;2;0;0;0;0;3
Kupplungssatz;479;588;1;0,0006;0;1;1;1;0;0;0;0;1;1
Kupplungssatz;479;19630;2;0,0012;5;6;5;5;8;1;0;3;6;7
Kupplungssatz;479;19154;7;0,0044;1;1;1;1;2;1;0;0;0;0
Kupplungssatz;479;120081;6;0,0037;0;7;0;1;4;1;0;1;4;1
Kupplungssatz;479;55796;2;0,0012;2;4;2;3;0;3;0;2;2;3
Kupplungssatz;479;23048;3;0,0019;2;2;2;2;3;1;0;0;3;3
Kupplungssatz;479;19559;3;0,0019;2;2;0;4;2;0;0;1;0;1
Kupplungssatz;479;33504;2;0,0012;0;3;0;3;4;1;0;1;2;8
Kupplungssatz;479;32259;264;0,1649;1;3;3;4;6;0;0;3;5;3
Kupplungssatz;479;9001;4;0,0025;1;2;3;2;4;2;0;1;2;3
Kupplungssatz;479;23742;1;0,0006;0;0;0;0;1;0;0;0;0;0
Kupplungssatz;479;476;2;0,0012;5;3;2;6;3;1;0;1;2;5
Kupplungssatz;479;57476;1;0,0006;1;3;1;0;4;2;0;1;2;2
Kupplungssatz;479;6627;1;0,0006;1;1;0;1;1;1;0;0;1;2
Kupplungssatz;479;143008;3;0,0019;2;0;10;0;14;1;0;2;0;5
Kupplungssatz;479;106279;4;0,0025;0;2;0;2;3;0;0;0;2;1
Kupplungssatz;479;30962;4;0,0025;0;2;1;2;1;0;0;0;2;3
Kupplungssatz;479;18148;3;0,0019;0;0;0;0;2;1;0;0;0;2
Kupplungssatz;479;29951;1;0,0006;0;2;0;2;3;0;0;1;0;1
Kupplungssatz;479;117077;3;0,0019;0;1;0;1;0;0;0;0;0;1
Kupplungssatz;479;126418;1;0,0006;1;2;2;2;3;0;0;0;3;3
Kupplungssatz;479;1783;6;0,0037;1;3;3;1;3;0;0;1;2;4
Kupplungssatz;479;118975;5;0,0031;2;3;2;9;0;1;0;1;4;2
Kupplungssatz;479;9300;7;0,0044;4;4;3;4;5;3;0;3;3;4
Kupplungssatz;479;142779;4;0,0025;3;3;2;3;3;0;0;2;0;3
Kupplungssatz;479;124320;2;0,0012;1;1;1;2;4;0;0;1;2;3
Kupplungssatz;479;7747;2;0,0012;0;5;1;3;5;0;0;0;4;3
Kupplungssatz;479;30830;6;0,0037;0;0;1;2;0;0;0;0;0;0
Kupplungssatz;479;33682;1;0,0006;0;3;0;1;1;0;0;1;0;2
Kupplungssatz;479;203;3;0,0019;0;1;0;0;0;0;0;0;0;1
Kupplungssatz;479;18367;1;0,0006;7;6;5;4;8;2;0;0;6;6
Kupplungssatz;479;19669;1;0,0006;3;4;3;3;4;0;0;0;2;7
Kupplungssatz;479;5995;1;0,0006;2;3;3;3;3;0;0;2;5;6
Kupplungssatz;479;139137;2;0,0012;0;4;1;2;5;1;0;1;0;2
Kupplungssatz;479;18287;1;0,0006;1;1;0;1;1;1;0;0;0;0
Kupplungssatz;479;33470;4;0,0025;2;3;1;3;1;0;0;0;2;6
Kupplungssatz;479;145222;11;0,0069;1;3;0;2;6;0;0;0;0;2
Kupplungssatz;479;14852;12;0,0075;0;1;1;1;0;1;0;0;0;2
Kupplungssatz;479;56078;1;0,0006;0;1;0;0;0;0;0;0;0;0
Kupplungssatz;479;28158;3;0,0019;3;4;2;0;3;0;0;0;4;2
Kupplungssatz;479;22520;1;0,0006;0;4;1;3;2;0;0;0;3;3
Kupplungssatz;479;135975;1;0,0006;0;2;0;0;0;0;0;0;0;2
Kupplungssatz;479;26831;1;0,0006;3;3;3;4;4;0;0;1;2;6
Kupplungssatz;479;58901;7;0,0044;2;2;3;2;5;0;0;2;1;6
Kupplungssatz;479;16274;1;0,0006;3;3;1;3;2;4;0;1;2;3
Kupplungssatz;479;11970;1;0,0006;3;5;7;8;1;1;0;3;5;5
Kupplungssatz;479;5162;1;0,0006;1;1;1;1;3;0;0;0;2;0
Kupplungssatz;479;133719;1;0,0006;0;0;0;2;0;0;0;0;0;0
Kupplungssatz;479;18142;12;0,0075;0;0;0;0;4;0;0;0;0;2
Kupplungssatz;479;31058;18;0,0112;7;4;2;3;5;3;0;3;5;4
Kupplungssatz;479;23164;229;0,143;1;5;1;2;3;0;0;2;1;3
Kupplungssatz;479;16226;13;0,0081;3;3;2;0;3;0;0;0;2;1
Kupplungssatz;479;100792;22;0,0137;1;1;1;1;1;1;0;1;0;1
Kupplungssatz;479;5725;22;0,0137;1;3;5;1;4;0;0;0;2;3
Kupplungssatz;479;15583;8;0,005;1;4;2;1;2;1;0;1;1;2
Kupplungssatz;479;18537;10;0,0062;2;2;0;2;1;1;0;1;2;2
Kupplungssatz;479;18031;4;0,0025;3;2;0;5;2;3;0;1;0;2
Kupplungssatz;479;28206;1;0,0006;6;7;5;6;10;1;0;4;7;8
Kupplungssatz;479;18569;10;0,0062;4;6;2;3;6;1;0;2;5;6
Kupplungssatz;479;118701;6;0,0037;6;2;1;3;5;0;0;2;3;4
Kupplungssatz;479;39840;5;0,0031;2;4;2;3;3;0;0;1;2;3
Kupplungssatz;479;111794;12;0,0075;0;3;2;2;4;0;0;0;2;3
Kupplungssatz;479;1026;16;0,01;1;2;2;2;3;0;0;2;2;4
Kupplungssatz;479;59289;7;0,0044;0;2;1;1;5;0;0;2;2;3
Kupplungssatz;479;10056;19;0,0119;3;5;5;3;6;0;0;0;4;3
Kupplungssatz;479;14975;5;0,0031;4;6;3;7;8;0;0;0;8;6
Kupplungssatz;479;34992;22;0,0137;1;2;2;1;4;0;0;0;3;3
Kupplungssatz;479;23207;76;0,0475;1;1;1;0;2;2;0;1;1;1
Kupplungssatz;479;14406;74;0,0462;2;1;1;1;3;1;0;0;1;2
Kupplungssatz;479;10081;7;0,0044;1;4;2;2;3;0;0;1;3;3
Kupplungssatz;479;119515;13;0,0081;4;5;4;2;3;1;0;0;2;7
Kupplungssatz;479;132839;4;0,0025;0;1;0;0;2;0;0;0;0;2
Kupplungssatz;479;100795;57;0,0356;1;1;1;1;2;2;0;2;1;1
Kupplungssatz;479;6979;8;0,005;0;2;2;2;4;0;0;2;3;3
Kupplungssatz;479;136501;4;0,0025;0;0;1;0;0;0;0;0;0;0
Kupplungssatz;479;32161;14;0,0087;1;2;2;2;6;0;0;0;0;2
Kupplungssatz;479;11138;131;0,0818;2;5;2;5;3;1;0;1;2;2
Kupplungssatz;479;28227;5;0,0031;3;3;3;4;4;1;0;1;2;6
Kupplungssatz;479;14434;9;0,0056;0;2;2;2;8;1;0;0;2;4
Kupplungssatz;479;114339;11;0,0069;2;3;1;2;3;1;0;2;1;2
Kupplungssatz;479;26584;339;0,2117;1;2;1;1;3;2;0;2;1;2
Kupplungssatz;479;17226;4;0,0025;4;5;4;2;5;2;0;0;1;2
Kupplungssatz;479;108633;5;0,0031;1;3;5;1;6;0;0;3;2;3
Kupplungssatz;479;31606;72;0,045;3;8;6;5;8;2;0;2;4;7
Kupplungssatz;479;106502;4;0,0025;1;2;2;2;6;0;0;1;6;7
Kupplungssatz;479;121091;14;0,0087;1;1;1;1;1;1;0;2;1;1
Kupplungssatz;479;132164;4;0,0025;1;1;1;0;0;0;0;0;2;2
Kupplungssatz;479;118530;9;0,0056;2;1;0;2;3;0;0;0;1;2
Kupplungssatz;479;54937;2;0,0012;0;2;0;0;3;0;0;0;2;2
Kupplungssatz;479;53614;2;0,0012;4;7;5;12;5;3;0;2;5;2
Kupplungssatz;479;22693;2;0,0012;1;2;1;0;7;1;0;1;1;2
Kupplungssatz;479;504;102;0,0637;2;2;1;1;4;2;0;1;1;2
Kupplungssatz;479;16489;56;0,035;4;3;3;3;4;1;0;3;3;3
Kupplungssatz;479;11626;36;0,0225;1;1;1;3;3;1;0;0;1;1
Kupplungssatz;479;10944;4;0,0025;2;3;2;2;3;0;0;0;4;2
Kupplungssatz;479;18613;19;0,0119;0;2;0;1;4;1;0;1;2;2
Kupplungssatz;479;15894;7;0,0044;0;2;1;1;3;0;0;0;1;1
Kupplungssatz;479;19254;335;0,2092;4;4;3;3;4;4;0;2;2;2
Kupplungssatz;479;11121;42;0,0262;1;2;2;1;2;1;0;1;1;1
Kupplungssatz;479;33300;6;0,0037;1;4;2;3;2;0;0;2;2;3
Kupplungssatz;479;31565;105;0,0656;2;5;1;2;2;1;0;2;2;1
Kupplungssatz;479;19109;14;0,0087;1;2;2;2;2;1;0;2;2;2
Kupplungssatz;479;119481;26;0,0162;2;3;0;2;7;0;0;0;0;3
Kupplungssatz;479;100035;76;0,0475;2;7;5;4;12;1;0;2;4;4
Kupplungssatz;479;8959;4;0,0025;1;2;1;2;1;0;0;0;1;3
Kupplungssatz;479;117839;1;0,0006;0;0;0;0;3;0;0;0;0;1
Kupplungssatz;479;59438;9;0,0056;3;2;1;2;3;0;0;0;2;1
Kupplungssatz;479;9044;2;0,0012;1;1;0;1;1;0;0;0;1;3
Kupplungssatz;479;6666;3;0,0019;2;2;2;2;5;2;0;2;2;2
Kupplungssatz;479;31590;25;0,0156;5;9;6;6;15;3;0;4;8;12
Kupplungssatz;479;34468;1;0,0006;2;4;0;1;1;0;0;1;2;4
Kupplungssatz;479;122430;2;0,0012;6;10;3;8;9;1;0;1;14;4
Kupplungssatz;479;58709;3;0,0019;0;2;0;3;3;0;0;0;0;3
Kupplungssatz;479;129174;2;0,0012;2;2;0;2;1;0;0;1;0;2
Kupplungssatz;479;57273;334;0,2086;2;1;1;1;6;1;0;1;1;1
Kupplungssatz;479;33806;48;0,03;2;4;2;3;5;0;0;2;5;3
Kupplungssatz;479;11845;26;0,0162;1;1;1;1;1;0;0;0;2;3
Kupplungssatz;479;327;89;0,0556;1;3;1;2;5;1;0;1;1;2
Kupplungssatz;479;19044;4;0,0025;4;6;2;1;3;2;0;1;4;4
Kupplungssatz;479;34069;2;0,0012;1;1;1;1;1;1;0;0;1;6
Kupplungssatz;479;58821;1;0,0006;1;2;1;2;3;0;0;2;1;5
Kupplungssatz;479;143051;1;0,0006;0;0;2;0;0;0;0;0;0;0
Kupplungssatz;479;119493;20;0,0125;3;5;2;3;7;2;0;2;0;3
Kupplungssatz;479;58548;13;0,0081;1;2;2;2;4;0;0;1;4;4
Kupplungssatz;479;22516;1;0,0006;0;3;2;3;5;0;0;0;2;2
Kupplungssatz;479;7908;2;0,0012;2;2;1;1;5;1;0;0;2;2
Kupplungssatz;479;11760;4;0,0025;2;2;1;1;6;0;0;0;2;2
Kupplungssatz;479;58169;16;0,01;1;2;2;1;4;0;0;0;3;3
Kupplungssatz;479;128664;1;0,0006;0;2;2;2;2;0;0;0;0;0
Kupplungssatz;479;100514;2;0,0012;3;4;0;1;4;2;0;0;3;3
Kupplungssatz;479;16172;2;0,0012;3;1;3;3;5;3;0;2;2;2
Kupplungssatz;479;7741;12;0,0075;1;4;4;1;4;0;0;0;2;2
Kupplungssatz;479;107796;162;0,1012;0;2;2;2;1;0;0;2;2;1
Kupplungssatz;479;108613;28;0,0175;1;3;1;2;5;0;0;1;1;2
Kupplungssatz;479;58134;43;0,0269;1;3;2;3;8;2;0;1;3;4
Kupplungssatz;479;18231;19;0,0119;2;2;1;2;2;2;0;1;2;2
Kupplungssatz;479;14839;21;0,0131;5;6;3;7;11;0;0;0;8;6
Kupplungssatz;479;14766;16;0,01;1;2;2;2;4;1;0;1;2;2
Kupplungssatz;479;7876;199;0,1243;0;2;3;1;3;1;0;1;2;2
Kupplungssatz;479;18379;17;0,0106;3;8;7;5;11;0;0;1;10;5
Kupplungssatz;479;17961;35;0,0219;3;4;4;2;7;2;0;1;5;3
Kupplungssatz;479;18510;74;0,0462;2;4;2;2;4;0;0;0;4;3
Kupplungssatz;479;19440;80;0,05;2;4;3;3;10;0;0;1;7;6
Kupplungssatz;479;18228;100;0,0625;1;4;2;2;5;1;0;2;2;4
Kupplungssatz;479;33251;20;0,0125;1;4;1;2;4;1;0;2;1;3
Kupplungssatz;479;33706;39;0,0244;4;6;3;4;8;0;0;3;5;10
Kupplungssatz;479;33708;46;0,0287;3;3;3;3;7;0;0;3;5;7
Kupplungssatz;479;15754;24;0,015;0;2;0;1;2;0;0;0;1;1
Kupplungssatz;479;15725;16;0,01;8;5;6;5;4;1;0;1;5;5
Kupplungssatz;479;59001;33;0,0206;2;4;1;2;3;0;0;1;2;2
Kupplungssatz;479;4112;80;0,05;1;2;2;2;2;1;0;2;2;2
Kupplungssatz;479;14815;5;0,0031;1;3;0;0;6;0;0;0;4;3
Kupplungssatz;479;15508;6;0,0037;0;2;3;1;3;0;0;0;2;2
Kupplungssatz;479;33807;116;0,0725;1;2;1;1;4;1;0;1;2;1
Kupplungssatz;479;19625;10;0,0062;1;3;1;2;3;1;0;1;1;0
Kupplungssatz;479;9917;8;0,005;3;1;1;1;2;1;0;0;2;3
Kupplungssatz;479;18312;38;0,0237;2;2;2;2;2;1;0;2;2;3
Kupplungssatz;479;108150;35;0,0219;3;6;2;4;5;0;0;2;5;10
Kupplungssatz;479;116487;3;0,0019;1;1;1;1;2;0;0;0;1;1
Kupplungssatz;479;31965;10;0,0062;8;10;5;9;13;1;0;5;12;9
Kupplungssatz;479;117955;7;0,0044;1;1;1;1;7;2;0;1;0;2
Kupplungssatz;479;22681;45;0,0281;1;2;1;1;3;1;0;1;0;1
Kupplungssatz;479;127975;1;0,0006;0;2;0;2;0;0;0;0;0;2
Kupplungssatz;479;30001;2;0,0012;0;2;2;1;1;0;0;0;0;1
Kupplungssatz;479;33709;13;0,0081;3;2;3;2;5;0;0;2;1;3
Kupplungssatz;479;58900;25;0,0156;2;5;2;6;5;0;0;2;5;9
Kupplungssatz;479;133254;11;0,0069;0;1;1;1;4;1;0;1;1;1
Kupplungssatz;479;34943;39;0,0244;2;2;1;6;3;1;0;1;2;0
Kupplungssatz;479;32255;43;0,0269;1;3;2;4;6;0;0;3;5;3
Kupplungssatz;479;28226;18;0,0112;0;2;2;2;4;0;0;0;2;4
Kupplungssatz;479;32388;5;0,0031;2;5;6;4;6;0;0;0;8;3
Kupplungssatz;479;26560;9;0,0056;1;2;2;1;6;1;0;1;2;5
Kupplungssatz;479;15723;2;0,0012;0;2;0;0;3;0;0;0;2;3
Kupplungssatz;479;32745;21;0,0131;4;9;4;6;16;2;0;3;8;10
Kupplungssatz;479;15487;15;0,0094;3;6;4;5;9;0;0;0;6;6
Kupplungssatz;479;59423;2;0,0012;1;2;3;1;5;0;0;1;0;3
Kupplungssatz;479;20059;11;0,0069;3;2;2;2;3;1;0;0;3;3
Kupplungssatz;479;17375;15;0,0094;2;7;0;0;12;0;0;0;6;3
Kupplungssatz;479;34974;4;0,0025;2;4;0;4;1;3;0;0;2;2
Kupplungssatz;479;117970;4;0,0025;1;1;0;1;5;1;0;1;1;1
Kupplungssatz;479;17778;3;0,0019;1;3;1;3;3;0;0;0;1;2
Kupplungssatz;479;24537;27;0,0169;2;5;5;2;11;4;0;2;5;7
Kupplungssatz;479;106339;15;0,0094;1;1;1;1;3;1;0;1;1;1
Kupplungssatz;479;12049;3;0,0019;1;2;1;1;2;1;0;0;1;1
Kupplungssatz;479;31017;10;0,0062;1;2;1;1;2;1;0;1;1;1
Kupplungssatz;479;14910;65;0,0406;1;6;4;6;7;2;0;0;2;2
Kupplungssatz;479;100738;11;0,0069;2;1;0;2;2;1;0;0;1;2
Kupplungssatz;479;145756;7;0,0044;1;3;0;2;4;1;0;1;2;2
Kupplungssatz;479;112027;2;0,0012;3;2;3;2;4;0;0;0;3;4
Kupplungssatz;479;18502;44;0,0275;1;1;1;1;3;1;0;1;1;2
Kupplungssatz;479;32789;20;0,0125;8;10;10;9;14;1;0;6;12;9
Kupplungssatz;479;17934;4;0,0025;9;11;7;12;12;0;0;2;12;12
Kupplungssatz;479;17656;73;0,0456;2;1;1;1;1;1;0;1;1;1
Kupplungssatz;479;16914;19;0,0119;5;1;4;2;2;5;0;0;1;3
Kupplungssatz;479;57461;24;0,015;3;5;4;4;8;0;0;3;5;6
Kupplungssatz;479;56777;7;0,0044;2;3;1;2;4;0;0;1;1;2
Kupplungssatz;479;28579;18;0,0112;1;4;1;1;1;2;0;1;1;1
Kupplungssatz;479;141676;1;0,0006;0;0;0;0;2;0;0;0;3;0
Kupplungssatz;479;7197;7;0,0044;1;1;1;1;4;1;0;1;1;1
Kupplungssatz;479;14914;6;0,0037;1;2;1;2;4;0;0;0;2;3
Kupplungssatz;479;16586;4;0,0025;2;2;1;1;3;2;0;0;2;3
Kupplungssatz;479;113434;3;0,0019;0;1;1;1;1;0;0;1;1;2
Kupplungssatz;479;10102;1;0,0006;0;3;4;3;3;1;0;2;3;5
Kupplungssatz;479;59295;8;0,005;1;4;1;2;5;1;0;1;4;5
Kupplungssatz;479;29973;14;0,0087;0;2;1;2;4;0;0;0;0;3
Kupplungssatz;479;19297;25;0,0156;4;2;1;2;3;5;0;1;2;3
Kupplungssatz;479;34927;21;0,0131;2;1;2;1;2;0;0;0;2;2
Kupplungssatz;479;1662;11;0,0069;2;3;2;1;3;0;0;0;2;2
Kupplungssatz;479;17323;1;0,0006;0;1;0;1;0;0;0;0;2;1
Kupplungssatz;479;122220;2;0,0012;3;2;2;2;5;1;0;2;2;1
Kupplungssatz;479;121242;4;0,0025;3;3;2;3;6;0;0;2;5;4
Kupplungssatz;479;18078;3;0,0019;0;2;2;2;2;0;0;0;2;4
Kupplungssatz;479;19362;16;0,01;4;5;4;4;6;0;0;1;4;6
Kupplungssatz;479;28285;2;0,0012;8;7;8;6;13;2;0;3;9;8
Kupplungssatz;479;34061;4;0,0025;1;0;1;2;2;1;0;0;1;3
Kupplungssatz;479;113303;1;0,0006;7;4;1;3;6;3;0;3;5;4
Kupplungssatz;479;16714;19;0,0119;5;8;1;4;13;0;0;0;4;7
Kupplungssatz;479;15616;1;0,0006;2;3;0;3;3;0;0;0;3;2
Kupplungssatz;479;138606;7;0,0044;0;1;1;1;2;0;0;0;1;1
Kupplungssatz;479;135710;4;0,0025;0;3;0;2;2;0;0;0;0;0
Kupplungssatz;479;30981;3;0,0019;0;2;2;2;3;0;0;0;0;3
Kupplungssatz;479;59470;1;0,0006;0;5;3;4;3;0;0;0;0;2
Kupplungssatz;479;16348;1;0,0006;2;2;1;1;6;0;0;0;2;2
Kupplungssatz;479;100772;1;0,0006;0;0;0;0;0;0;0;0;0;2
Kupplungssatz;479;5125;29;0,0181;1;2;2;1;2;0;0;0;2;2
Kupplungssatz;479;294;77;0,0481;10;10;9;10;16;2;0;5;16;8
Kupplungssatz;479;15904;23;0,0144;4;3;4;2;3;0;0;1;5;5
Kupplungssatz;479;18710;18;0,0112;10;12;8;11;12;1;0;6;14;12
Kupplungssatz;479;17173;97;0,0606;11;12;10;11;15;2;0;6;14;12
Kupplungssatz;479;32261;17;0,0106;1;3;3;4;6;0;0;3;5;3
Kupplungssatz;479;107971;41;0,0256;0;4;3;2;6;0;0;1;6;7
Kupplungssatz;479;8800;3;0,0019;2;2;1;1;6;0;0;0;2;3
Kupplungssatz;479;16600;28;0,0175;2;2;1;1;3;0;0;0;2;2
Kupplungssatz;479;56755;8;0,005;0;0;1;0;0;0;0;0;0;2
Kupplungssatz;479;128191;4;0,0025;1;11;4;7;6;0;0;0;4;3
Kupplungssatz;479;5976;1;0,0006;1;2;0;0;2;0;0;0;0;1
Kupplungssatz;479;7560;3;0,0019;1;0;1;0;1;0;0;0;1;0
Kupplungssatz;479;27130;2;0,0012;0;1;1;1;4;1;0;1;0;1
Kupplungssatz;479;20081;14;0,0087;1;1;2;1;7;2;0;1;1;2
Kupplungssatz;479;18931;2;0,0012;0;2;2;3;3;0;0;0;0;2
Kupplungssatz;479;10693;1;0,0006;2;1;0;1;4;0;0;0;1;1
Kupplungssatz;479;33248;11;0,0069;1;1;1;1;3;1;0;1;0;2
Kupplungssatz;479;33403;50;0,0312;4;4;2;4;6;4;0;3;3;3
Kupplungssatz;479;19618;7;0,0044;3;4;5;4;9;0;0;3;4;5
Kupplungssatz;479;135290;11;0,0069;0;3;0;1;7;1;0;2;0;2
Kupplungssatz;479;15443;12;0,0075;3;6;4;5;9;0;0;0;6;6
Kupplungssatz;479;131486;1;0,0006;0;0;1;0;2;1;0;0;0;1
Kupplungssatz;479;7020;41;0,0256;0;2;2;2;4;0;0;2;3;3
Kupplungssatz;479;13492;1;0,0006;0;1;0;0;0;0;0;0;0;0
Kupplungssatz;479;57326;2;0,0012;0;2;0;2;2;0;0;0;2;2
Kupplungssatz;479;119701;7;0,0044;3;5;6;4;6;0;0;2;2;2
Kupplungssatz;479;127085;4;0,0025;0;4;3;1;2;0;0;0;2;2
Kupplungssatz;479;122129;16;0,01;2;3;2;3;4;0;0;2;4;8
Kupplungssatz;479;129118;4;0,0025;1;2;1;1;5;0;0;1;0;2
Kupplungssatz;479;19269;7;0,0044;3;6;5;4;9;0;0;2;4;7
Kupplungssatz;479;9309;8;0,005;0;2;0;2;4;0;0;0;0;3
Kupplungssatz;479;10206;8;0,005;3;5;4;3;7;2;0;0;2;7
Kupplungssatz;479;16676;11;0,0069;1;4;3;2;6;2;0;1;3;5
Kupplungssatz;479;107420;2;0,0012;0;3;1;1;2;0;0;0;0;2
Kupplungssatz;479;11953;5;0,0031;1;1;1;1;0;0;0;0;0;1
Kupplungssatz;479;33400;12;0,0075;3;3;2;2;2;2;0;2;2;2
Kupplungssatz;479;18235;2;0,0012;1;1;1;1;1;1;0;0;1;1
Kupplungssatz;479;119848;7;0,0044;2;2;0;2;3;2;0;0;2;2
Kupplungssatz;479;10022;32;0,02;1;2;2;2;1;2;0;1;2;0
Kupplungssatz;479;14610;5;0,0031;2;1;0;1;4;0;0;0;1;2
Kupplungssatz;479;19275;18;0,0112;1;2;1;2;3;1;0;0;1;1
Kupplungssatz;479;33711;37;0,0231;4;6;3;4;8;0;0;3;5;10
Kupplungssatz;479;113336;1;0,0006;3;3;2;3;4;0;0;2;0;4
Kupplungssatz;479;58679;4;0,0025;1;3;2;1;5;1;0;2;0;2
Kupplungssatz;479;19522;4;0,0025;2;3;3;3;9;0;0;1;7;5
Kupplungssatz;479;146729;2;0,0012;0;2;0;1;1;0;0;0;0;1
Kupplungssatz;479;1633;4;0,0025;2;2;3;1;2;0;0;0;2;2
Kupplungssatz;479;24499;1;0,0006;1;1;0;1;7;1;0;0;1;2
Kupplungssatz;479;23240;5;0,0031;1;1;2;1;4;1;0;2;1;2
Kupplungssatz;479;120078;27;0,0169;2;4;0;3;5;0;0;3;6;6
Kupplungssatz;479;3247;7;0,0044;1;3;1;2;4;1;0;1;2;4
Kupplungssatz;479;17141;10;0,0062;3;6;6;6;7;1;0;3;5;7
Kupplungssatz;479;100837;7;0,0044;2;4;0;1;5;0;0;3;6;6
Kupplungssatz;479;34309;4;0,0025;2;4;1;1;4;0;0;1;1;4
Kupplungssatz;479;119471;4;0,0025;0;3;0;3;10;0;0;0;0;5
Kupplungssatz;479;131240;3;0,0019;0;3;0;3;0;0;0;0;2;2
Kupplungssatz;479;19040;1;0,0006;4;3;3;2;4;2;0;3;4;3
Kupplungssatz;479;119853;3;0,0019;1;2;0;2;4;2;0;0;2;2
Kupplungssatz;479;19458;4;0,0025;4;7;7;4;7;1;0;2;3;9
Kupplungssatz;479;139507;6;0,0037;2;2;0;1;1;0;0;1;1;1
Kupplungssatz;479;848;1;0,0006;2;2;3;2;6;1;0;2;0;1
Kupplungssatz;479;19405;3;0,0019;1;2;4;1;10;2;0;2;6;5
Kupplungssatz;479;59306;2;0,0012;3;5;3;4;6;0;0;1;8;4
Kupplungssatz;479;130186;4;0,0025;2;3;0;2;7;1;0;2;2;3
Kupplungssatz;479;16062;14;0,0087;8;5;6;5;7;1;0;1;7;6
Kupplungssatz;479;100182;4;0,0025;1;5;1;2;7;4;0;2;2;3
Kupplungssatz;479;15414;35;0,0219;0;2;0;1;2;0;0;0;1;1
Kupplungssatz;479;5409;1;0,0006;0;4;1;2;3;0;0;0;2;2
Kupplungssatz;479;128575;1;0,0006;1;4;0;2;7;1;0;2;0;3
Kupplungssatz;479;33061;56;0,035;4;8;5;5;5;0;0;2;7;5
Kupplungssatz;479;55466;38;0,0237;2;2;2;2;4;1;0;2;2;2
Kupplungssatz;479;17177;14;0,0087;2;3;2;2;3;1;0;1;2;1
Kupplungssatz;479;32817;3;0,0019;0;1;0;0;1;0;0;1;1;1
Kupplungssatz;479;16006;2;0,0012;0;4;0;1;2;0;0;0;1;1
Kupplungssatz;479;112956;25;0,0156;3;4;3;4;3;0;0;2;3;3
Kupplungssatz;479;31149;17;0,0106;3;5;8;4;5;1;0;1;0;1
Kupplungssatz;479;122174;3;0,0019;0;0;1;1;1;1;0;0;0;0
Kupplungssatz;479;5655;2;0,0012;1;1;0;1;2;1;0;1;1;1
Kupplungssatz;479;101057;36;0,0225;1;3;2;3;3;0;0;2;3;1
Kupplungssatz;479;125843;1;0,0006;1;2;0;1;1;1;0;1;1;1
Kupplungssatz;479;100882;1;0,0006;0;2;0;0;1;0;0;0;0;0
Kupplungssatz;479;18617;1;0,0006;1;2;1;2;0;2;0;0;0;1
Kupplungssatz;479;18460;3;0,0019;1;2;1;1;7;1;0;1;2;2
Kupplungssatz;479;118695;2;0,0012;1;2;1;1;4;1;0;1;0;1
Kupplungssatz;479;5303;23;0,0144;2;3;2;1;2;0;0;0;2;2
Kupplungssatz;479;1051;7;0,0044;4;4;1;4;5;4;0;3;3;3
Kupplungssatz;479;100409;3;0,0019;3;5;0;1;4;1;0;1;3;4
Kupplungssatz;479;55826;1;0,0006;0;1;0;0;0;0;0;0;0;0
Kupplungssatz;479;11235;8;0,005;5;5;0;6;1;2;0;1;0;5
Kupplungssatz;479;17820;3;0,0019;0;3;0;2;4;0;0;0;2;2
Kupplungssatz;479;120272;5;0,0031;1;4;1;2;5;1;0;2;2;2
Kupplungssatz;479;145126;6;0,0037;1;0;3;0;3;0;0;0;0;0
Kupplungssatz;479;113868;2;0,0012;1;3;0;2;4;1;0;0;1;2
Kupplungssatz;479;23357;5;0,0031;1;2;1;1;5;1;0;1;2;2
Kupplungssatz;479;136072;1;0,0006;0;1;0;1;0;0;0;0;0;1
Kupplungssatz;479;128148;1;0,0006;0;3;2;3;4;0;0;0;3;5
Kupplungssatz;479;117064;8;0,005;0;3;1;2;5;0;0;1;0;2
Kupplungssatz;479;15326;1;0,0006;0;3;1;0;2;0;0;0;2;0
Kupplungssatz;479;115198;3;0,0019;1;0;1;0;5;0;0;0;0;2
Kupplungssatz;479;298;1;0,0006;1;1;1;1;2;0;0;0;1;1
Kupplungssatz;479;132995;3;0,0019;2;2;1;0;4;1;0;0;2;2
Kupplungssatz;479;114343;9;0,0056;0;1;0;1;3;1;0;1;1;1
Kupplungssatz;479;19470;6;0,0037;3;4;1;2;4;2;0;0;4;4
Kupplungssatz;479;142956;3;0,0019;1;1;0;1;1;0;0;0;0;2
Kupplungssatz;479;16510;6;0,0037;1;1;1;1;2;1;0;1;1;1
Kupplungssatz;479;7868;1;0,0006;2;5;4;3;5;0;0;2;1;5
Kupplungssatz;479;145226;3;0,0019;1;3;0;2;7;1;0;1;0;6
Kupplungssatz;479;33674;140;0,0874;9;8;6;8;11;2;0;5;9;7
Kupplungssatz;479;7903;5;0,0031;0;1;2;2;2;0;0;0;2;2
Kupplungssatz;479;55121;16;0,01;1;3;1;3;4;1;0;1;1;3
Kupplungssatz;479;17317;53;0,0331;2;2;3;2;2;2;0;2;2;3
Kupplungssatz;479;7191;3;0,0019;2;2;2;2;5;2;0;2;0;2
Kupplungssatz;479;18003;5;0,0031;2;2;2;2;4;1;0;2;2;1
Kupplungssatz;479;139308;21;0,0131;0;3;2;1;5;0;0;1;0;0
Kupplungssatz;479;107484;21;0,0131;3;4;1;2;5;1;0;2;2;2
Kupplungssatz;479;137737;11;0,0069;0;1;0;0;0;0;0;0;0;1
Kupplungssatz;479;19299;4;0,0025;2;3;2;1;5;0;0;0;4;3
Kupplungssatz;479;18911;3;0,0019;0;6;1;0;7;1;0;0;4;2
Kupplungssatz;479;113272;5;0,0031;0;2;0;2;3;0;0;0;2;1
Kupplungssatz;479;31737;6;0,0037;5;5;3;3;5;0;0;0;7;6
Kupplungssatz;479;132558;1;0,0006;0;0;2;0;2;0;0;0;0;4
Kupplungssatz;479;14533;1;0,0006;1;2;1;2;7;2;0;0;2;4
Kupplungssatz;479;100044;9;0,0056;4;4;4;4;7;0;0;2;5;3
Kupplungssatz;479;17990;3;0,0019;1;2;1;1;2;1;0;1;2;1
Kupplungssatz;479;123883;3;0,0019;0;2;2;0;2;1;0;0;0;2
Kupplungssatz;479;1630;4;0,0025;3;5;0;3;4;1;0;1;4;2
Kupplungssatz;479;30934;2;0,0012;2;7;3;1;4;1;0;1;5;5
Kupplungssatz;479;120663;13;0,0081;2;3;2;3;4;0;0;2;3;4
Kupplungssatz;479;109636;2;0,0012;3;2;2;3;0;1;0;0;0;2
Kupplungssatz;479;16048;3;0,0019;0;1;2;1;1;0;0;0;0;1
Kupplungssatz;479;128292;3;0,0019;2;0;0;1;6;0;0;0;0;1
Kupplungssatz;479;126844;9;0,0056;0;5;0;3;3;0;0;0;1;3
Kupplungssatz;479;14827;13;0,0081;5;6;3;7;9;0;0;0;8;6
Kupplungssatz;479;15758;4;0,0025;1;2;2;0;2;0;0;0;2;1
Kupplungssatz;479;32389;5;0,0031;2;5;6;5;6;0;0;0;8;3
Kupplungssatz;479;2127;2;0,0012;3;1;0;1;1;0;0;0;1;2
Kupplungssatz;479;5550;1;0,0006;2;2;2;2;5;1;0;0;2;3
Kupplungssatz;479;31546;22;0,0137;7;4;2;3;6;3;0;3;5;4
Kupplungssatz;479;118562;4;0,0025;0;0;0;0;3;0;0;0;0;1
Kupplungssatz;479;24529;9;0,0056;1;1;1;1;5;2;0;1;1;1
Kupplungssatz;479;10974;12;0,0075;8;6;4;6;3;0;0;4;8;6
Kupplungssatz;479;108276;7;0,0044;0;2;0;2;4;1;0;1;2;1
Kupplungssatz;479;16019;1;0,0006;1;1;0;1;1;0;0;0;1;3
Kupplungssatz;479;55448;1;0,0006;0;2;1;2;2;0;0;2;0;2
Kupplungssatz;479;30143;1;0,0006;4;2;0;1;3;3;0;0;0;1
Kupplungssatz;479;7746;1;0,0006;1;3;1;0;4;0;0;0;3;3
Kupplungssatz;479;18958;4;0,0025;2;3;1;1;3;1;0;0;5;4
Kupplungssatz;479;19552;1;0,0006;0;4;0;0;2;0;0;0;0;1
Kupplungssatz;479;30235;1;0,0006;1;0;0;1;0;0;0;0;0;0
Kupplungssatz;479;140517;1;0,0006;0;1;1;1;3;0;0;0;0;3
Kupplungssatz;479;5240;1;0,0006;1;0;1;1;1;0;0;0;1;2
Kupplungssatz;479;32956;3;0,0019;0;2;0;2;3;0;0;0;0;2
Kupplungssatz;479;24597;2;0,0012;2;3;0;3;3;0;0;2;2;4
Kupplungssatz;479;520;80;0,05;13;12;10;11;19;2;0;3;21;8
Kupplungssatz;479;18609;33;0,0206;0;1;0;1;1;0;0;0;0;1
Kupplungssatz;479;105906;77;0,0481;2;3;2;3;4;0;0;2;3;4
Kupplungssatz;479;131564;15;0,0094;0;1;0;0;3;0;0;0;0;2
Kupplungssatz;479;53389;25;0,0156;0;6;2;2;4;0;0;2;2;2
Kupplungssatz;479;107479;7;0,0044;2;1;0;2;2;1;0;0;1;2
Kupplungssatz;479;55645;3;0,0019;1;3;1;1;4;1;0;1;0;3
Kupplungssatz;479;18695;2;0,0012;2;1;1;1;3;2;0;1;1;1
Kupplungssatz;479;107947;1;0,0006;0;1;0;1;3;1;0;1;0;1
Kupplungssatz;479;56790;11;0,0069;5;4;4;5;13;1;0;2;6;5
Kupplungssatz;479;33041;6;0,0037;2;2;2;2;5;2;0;2;2;5
Kupplungssatz;479;19679;1;0,0006;2;2;1;0;2;0;0;0;0;2
Kupplungssatz;479;31377;9;0,0056;2;3;1;2;5;0;0;1;1;2
Kupplungssatz;479;18830;18;0,0112;2;2;1;2;2;2;0;1;1;1
Kupplungssatz;479;57594;44;0,0275;4;3;7;3;11;0;0;3;3;6
Kupplungssatz;479;8582;1;0,0006;1;1;2;1;2;1;0;0;1;1
Kupplungssatz;479;20543;1;0,0006;1;1;1;1;4;0;0;1;0;0
Kupplungssatz;479;2476;2;0,0012;0;1;1;1;2;0;0;0;1;1
Kupplungssatz;479;100046;7;0,0044;3;4;3;4;8;0;0;3;5;6
Kupplungssatz;479;1851;1;0,0006;0;1;0;1;1;0;0;0;1;2
Kupplungssatz;479;17472;1;0,0006;0;2;0;3;3;0;0;0;0;1
Kupplungssatz;479;126685;9;0,0056;1;1;1;1;3;1;0;1;1;1
Kupplungssatz;479;15632;3;0,0019;1;4;4;2;6;1;0;1;3;3
Kupplungssatz;479;125719;1;0,0006;0;1;0;1;2;0;0;0;4;2
Kupplungssatz;479;16667;2;0,0012;1;1;0;1;6;1;0;0;1;2
Kupplungssatz;479;7832;1;0,0006;1;5;0;0;6;0;0;0;2;3
Kupplungssatz;479;16956;1;0,0006;2;3;1;0;5;0;0;0;4;2
Kupplungssatz;479;28237;19;0,0119;2;2;4;2;3;1;0;2;2;2
Kupplungssatz;479;34941;1;0,0006;0;0;2;0;0;0;0;0;0;0
Kupplungssatz;479;23076;18;0,0112;2;3;3;3;3;1;0;3;3;4
Kupplungssatz;479;55119;14;0,0087;1;2;1;1;2;3;0;1;2;3
Kupplungssatz;479;18927;3;0,0019;0;4;0;0;2;0;0;0;0;1
Kupplungssatz;479;19441;20;0,0125;0;5;1;2;4;0;0;0;5;3
Kupplungssatz;479;19415;2;0,0012;1;8;2;3;5;0;0;1;2;5
Kupplungssatz;479;19727;8;0,005;2;3;5;1;6;1;0;1;4;3
Kupplungssatz;479;17864;2;0,0012;1;8;2;0;9;0;0;0;2;3
Kupplungssatz;479;59384;3;0,0019;3;2;1;2;3;0;0;0;2;1
Kupplungssatz;479;16030;1;0,0006;1;1;0;1;2;1;0;1;1;1
Kupplungssatz;479;14828;7;0,0044;6;6;3;6;8;0;0;0;7;6
Kupplungssatz;479;7769;1;0,0006;1;1;1;1;2;0;0;0;1;1
Kupplungssatz;479;18940;7;0,0044;0;1;0;1;1;0;0;0;0;1
Kupplungssatz;479;18497;1;0,0006;0;2;2;1;5;1;0;0;2;4
Kupplungssatz;479;31541;2;0,0012;0;2;1;3;4;0;0;0;2;3
Kupplungssatz;479;106252;4;0,0025;1;5;1;3;3;0;0;2;2;8
Kupplungssatz;479;14324;1;0,0006;1;1;1;1;3;1;0;1;1;0
Kupplungssatz;479;25511;6;0,0037;0;1;1;0;1;2;0;1;1;0
Kupplungssatz;479;57170;1;0,0006;1;3;1;3;9;2;0;1;1;1
Kupplungssatz;479;111764;7;0,0044;3;3;2;3;5;0;0;2;5;3
Kupplungssatz;479;57360;6;0,0037;4;3;3;3;4;0;0;1;3;3
Kupplungssatz;479;31957;2;0,0012;1;2;0;2;2;0;0;0;0;3
Kupplungssatz;479;136729;3;0,0019;1;4;1;2;3;0;0;1;2;3
Kupplungssatz;479;119473;35;0,0219;0;3;0;3;11;0;0;0;0;5
Kupplungssatz;479;139309;1;0,0006;0;0;0;0;0;0;0;0;0;1
Kupplungssatz;479;11522;4;0,0025;0;0;0;0;1;0;0;0;0;1
Kupplungssatz;479;23501;1;0,0006;3;2;2;2;3;1;0;2;2;4
Kupplungssatz;479;132529;1;0,0006;0;2;0;2;3;0;0;0;0;5
Kupplungssatz;479;152590;2;0,0012;0;0;0;0;0;0;0;0;0;0
Kupplungssatz;479;33263;4;0,0025;0;0;1;0;2;0;0;1;0;3
Kupplungssatz;479;130824;1;0,0006;2;5;5;4;6;0;0;2;3;3
Kupplungssatz;479;145712;2;0,0012;1;2;0;2;4;0;0;0;0;2
Kupplungssatz;479;3498;1;0,0006;3;1;2;2;4;5;0;1;1;0
Kupplungssatz;479;8939;1;0,0006;0;2;2;1;2;0;0;0;2;2
Kupplungssatz;479;5556;1;0,0006;1;1;2;0;2;0;0;0;2;1
Kupplungssatz;479;15821;1;0,0006;0;3;0;3;4;0;0;0;3;2
Kupplungssatz;479;16117;1;0,0006;1;1;1;1;2;1;0;0;1;1
Kupplungssatz;479;16632;2;0,0012;0;2;0;2;1;0;0;0;0;2
Kupplungssatz;479;34424;1;0,0006;2;3;1;1;1;0;0;0;1;0
Kupplungssatz;479;34150;1;0,0006;0;2;1;0;3;1;0;0;2;2
Kupplungssatz;479;138504;1;0,0006;0;3;0;1;0;0;0;0;0;0
Kupplungssatz;479;16122;1;0,0006;1;1;1;1;2;1;0;0;1;1
Kupplungssatz;479;29575;1;0,0006;0;1;0;0;0;0;0;0;0;0
Kupplungssatz;479;27555;4;0,0025;1;1;1;1;4;0;0;0;1;2
Kupplungssatz;479;10864;46;0,0287;2;2;1;1;1;0;0;0;1;1
Kupplungssatz;479;16374;134;0,0837;2;2;1;1;1;2;0;1;1;1
Kupplungssatz;479;126415;13;0,0081;0;1;1;0;5;2;0;1;0;1
Kupplungssatz;479;9012;24;0,015;1;1;1;1;2;1;0;0;1;1
Kupplungssatz;479;19349;90;0,0562;1;3;1;1;2;1;0;1;2;1
Kupplungssatz;479;18337;13;0,0081;5;6;7;4;9;2;0;1;9;6
Kupplungssatz;479;11406;11;0,0069;1;1;1;1;2;0;0;0;1;1
Kupplungssatz;479;31139;9;0,0056;4;2;1;2;3;5;0;1;2;3
Kupplungssatz;479;23150;5;0,0031;0;3;1;3;4;0;0;0;2;2
Kupplungssatz;479;19453;6;0,0037;2;3;3;2;8;1;0;0;3;9
Kupplungssatz;479;3878;2;0,0012;0;2;2;2;2;0;0;0;2;2
Kupplungssatz;479;26594;2;0,0012;0;2;0;0;2;0;0;0;0;2
Kupplungssatz;479;152693;1;0,0006;0;0;0;0;0;0;0;0;0;1
Kupplungssatz;479;122459;5;0,0031;3;3;2;3;3;0;0;2;3;4
Kupplungssatz;479;18475;2;0,0012;1;2;2;2;2;2;0;1;2;2
Kupplungssatz;479;19069;4;0,0025;2;1;1;1;2;2;0;1;1;1
Kupplungssatz;479;34923;36;0,0225;1;1;2;1;1;1;0;1;1;2
Kupplungssatz;479;58666;1;0,0006;2;3;2;2;4;1;0;0;5;3
Kupplungssatz;479;4425;1;0,0006;1;1;1;1;0;1;0;1;1;1
Kupplungssatz;479;18073;14;0,0087;1;4;3;2;4;1;0;2;3;5
Kupplungssatz;479;55802;3;0,0019;1;4;0;2;2;2;0;0;2;1
Kupplungssatz;479;11518;4;0,0025;1;1;1;1;1;3;0;0;1;0
Kupplungssatz;479;55446;4;0,0025;0;1;2;1;2;2;0;1;1;1
Kupplungssatz;479;119113;1;0,0006;2;2;2;9;0;1;0;1;4;2
Kupplungssatz;479;132932;11;0,0069;0;3;0;1;6;0;0;0;1;2
Kupplungssatz;479;17474;4;0,0025;1;1;1;3;3;1;0;0;1;1
Kupplungssatz;479;7792;2;0,0012;1;1;0;1;1;0;0;0;0;1
Kupplungssatz;479;23397;8;0,005;1;1;1;1;1;2;0;1;1;2
Kupplungssatz;479;128142;7;0,0044;0;2;0;2;3;0;0;1;1;2
Kupplungssatz;479;5262;7;0,0044;2;1;1;1;3;4;0;1;0;1
Kupplungssatz;479;32748;3;0,0019;3;5;5;4;6;2;0;2;4;5
Kupplungssatz;479;9262;2;0,0012;0;1;1;1;3;2;0;0;1;2
Kupplungssatz;479;19014;6;0,0037;1;2;1;1;7;1;0;1;2;2
Kupplungssatz;479;55338;8;0,005;3;2;1;2;2;0;0;0;2;1
Kupplungssatz;479;1393;3;0,0019;0;1;1;0;0;0;0;0;1;1
Kupplungssatz;479;19324;13;0,0081;1;2;1;1;5;1;0;1;2;2
Kupplungssatz;479;16275;9;0,0056;1;1;1;1;1;2;0;1;1;1
Kupplungssatz;479;17398;79;0,0493;5;5;7;4;15;2;0;2;6;7
Kupplungssatz;479;59068;105;0,0656;2;3;1;2;5;0;0;1;1;2
Kupplungssatz;479;8513;10;0,0062;0;1;0;3;0;3;0;0;2;3
Kupplungssatz;479;9930;92;0,0575;1;2;1;1;2;2;0;1;1;2
Kupplungssatz;479;53295;18;0,0112;2;2;0;1;5;0;0;2;6;4
Kupplungssatz;479;53296;15;0,0094;2;4;0;3;5;0;0;3;6;6
Kupplungssatz;479;16661;37;0,0231;2;3;3;1;6;4;0;1;2;2
Kupplungssatz;479;33564;3;0,0019;0;6;5;12;2;1;0;3;5;2
Kupplungssatz;479;9167;1;0,0006;0;1;0;1;1;2;0;0;1;0
Kupplungssatz;479;115676;26;0,0162;1;1;0;2;2;1;0;0;1;2
Kupplungssatz;479;77;38;0,0237;3;4;2;3;5;0;0;2;5;3
Kupplungssatz;479;11787;4;0,0025;1;1;1;1;3;0;0;1;1;1
Kupplungssatz;479;23382;20;0,0125;4;4;8;2;12;3;0;2;11;7
Kupplungssatz;479;19868;3;0,0019;1;1;1;1;1;0;0;0;1;1
Kupplungssatz;479;19594;17;0,0106;9;10;8;6;11;2;0;1;10;10
Kupplungssatz;479;31132;18;0,0112;5;5;0;6;1;5;0;1;0;5
Kupplungssatz;479;10543;3;0,0019;4;4;2;4;6;4;0;3;3;3
Kupplungssatz;479;129790;1;0,0006;0;0;0;0;0;0;0;1;0;2
Kupplungssatz;479;155418;1;0,0006;0;0;0;0;0;0;0;0;0;0
Kupplungssatz;479;14442;2;0,0012;1;1;0;0;1;1;0;1;1;0
Kupplungssatz;479;15468;11;0,0069;2;5;5;2;4;2;0;1;4;3
Kupplungssatz;479;54935;1;0,0006;0;3;2;0;4;0;0;0;0;0
Kupplungssatz;479;115114;5;0,0031;1;6;0;4;2;1;0;1;1;3
Kupplungssatz;479;18462;7;0,0044;3;4;6;2;7;2;0;1;5;3
Kupplungssatz;479;17203;17;0,0106;2;2;3;2;5;0;0;2;2;5
Kupplungssatz;479;14368;1;0,0006;1;1;0;1;1;0;0;0;1;1
Kupplungssatz;479;141975;1;0,0006;0;2;0;1;4;0;0;0;0;2
Kupplungssatz;479;58715;1;0,0006;3;2;1;3;2;1;0;1;0;1
Kupplungssatz;479;107895;2;0,0012;3;2;1;2;2;0;0;0;2;1
Kupplungssatz;479;16025;1;0,0006;1;1;1;1;1;3;0;1;1;1
Kupplungssatz;479;56210;1;0,0006;2;5;1;0;3;1;0;0;0;3
Kupplungssatz;479;15535;3;0,0019;0;4;1;1;2;0;0;0;1;2
Kupplungssatz;479;34737;30;0,0187;1;2;1;1;3;2;0;2;1;2
Kupplungssatz;479;3795;55;0,0344;1;1;2;1;2;1;0;1;1;1
Kupplungssatz;479;31725;10;0,0062;7;9;2;4;7;3;0;3;5;5
Kupplungssatz;479;106786;3;0,0019;2;3;3;3;6;2;0;2;3;1
Kupplungssatz;479;145790;1;0,0006;1;0;0;0;3;0;0;0;0;0
Kupplungssatz;479;5131;1;0,0006;0;0;0;0;0;0;0;0;0;0
Kupplungssatz;479;17989;36;0,0225;3;4;4;2;8;2;0;1;5;3
Kupplungssatz;479;29484;1;0,0006;1;1;0;1;1;1;0;0;0;1
Kupplungssatz;479;20001;6;0,0037;6;7;5;6;10;1;0;4;7;8
Kupplungssatz;479;107749;4;0,0025;1;2;0;3;3;0;0;1;2;2
Kupplungssatz;479;107340;82;0,0512;1;2;0;2;1;0;0;0;2;2
Kupplungssatz;479;122891;54;0,0337;0;1;0;1;1;0;0;0;1;0
Kupplungssatz;479;16460;2;0,0012;0;0;0;0;2;0;0;0;0;1
Kupplungssatz;479;133419;2;0,0012;1;0;2;0;2;2;0;2;0;0
Kupplungssatz;479;19255;112;0,07;4;4;6;6;3;6;0;5;4;2
Kupplungssatz;479;1865;17;0,0106;3;2;0;3;4;2;0;1;6;3
Kupplungssatz;479;18069;7;0,0044;2;3;2;1;9;1;0;2;5;3
Kupplungssatz;479;17284;22;0,0137;2;2;1;1;1;1;0;0;0;1
Kupplungssatz;479;19584;8;0,005;1;1;1;1;1;0;0;0;1;1
Kupplungssatz;479;19831;2;0,0012;4;2;1;2;1;5;0;1;2;3
Kupplungssatz;479;156466;2;0,0012;0;0;0;0;0;0;0;0;0;0
Kupplungssatz;479;1809;12;0,0075;1;2;2;1;4;1;0;0;1;4
Kupplungssatz;479;7816;2;0,0012;1;1;1;1;2;1;0;1;1;0
Kupplungssatz;479;5652;1;0,0006;1;1;0;1;1;0;0;0;1;2
Kupplungssatz;479;5298;3;0,0019;2;2;1;2;3;1;0;0;1;3
Kupplungssatz;479;56802;1;0,0006;1;6;1;1;4;1;0;1;4;1
Kupplungssatz;479;1358;2;0,0012;0;1;0;0;1;0;0;0;0;0
Kupplungssatz;479;57328;3;0,0019;3;5;1;4;0;1;0;2;2;1
Kupplungssatz;479;10961;1;0,0006;0;1;1;0;0;0;0;0;1;1
Kupplungssatz;479;114608;9;0,0056;0;2;0;3;0;0;0;0;0;2
Kupplungssatz;479;17812;2;0,0012;0;1;1;1;4;0;0;0;2;2
Kupplungssatz;479;58375;2;0,0012;0;1;0;1;1;0;0;0;1;1
Kupplungssatz;479;34975;8;0,005;9;8;7;8;13;2;0;3;11;7
Kupplungssatz;479;117347;17;0,0106;1;1;0;1;4;1;0;1;1;1
Kupplungssatz;479;101103;4;0,0025;4;5;6;8;2;1;0;3;5;5
Kupplungssatz;479;16318;3;0,0019;0;2;1;1;2;0;0;0;1;2
Kupplungssatz;479;136872;4;0,0025;0;1;1;1;2;0;0;0;1;1
Kupplungssatz;479;137905;1;0,0006;1;0;1;0;3;1;0;1;1;0
Kupplungssatz;479;18336;29;0,0181;2;3;5;3;11;3;0;2;6;5
Kupplungssatz;479;18517;85;0,0531;3;3;3;2;3;2;0;1;5;3
Kupplungssatz;479;58531;14;0,0087;7;6;4;6;7;0;0;4;9;6
Kupplungssatz;479;16365;10;0,0062;1;1;1;1;2;1;0;1;1;1
Kupplungssatz;479;24516;39;0,0244;3;3;5;1;8;3;0;2;4;5
Kupplungssatz;479;5612;1;0,0006;0;0;0;0;0;0;0;0;0;0
Kupplungssatz;479;19221;3;0,0019;1;1;1;1;2;0;0;0;2;1
Kupplungssatz;479;10582;1;0,0006;2;3;2;1;3;2;0;1;1;2
Kupplungssatz;479;6918;2;0,0012;0;3;0;2;2;0;0;0;0;3
Kupplungssatz;479;130609;7;0,0044;1;2;1;0;0;0;0;0;2;2
Kupplungssatz;479;30899;3;0,0019;0;2;0;1;3;0;0;0;2;1
Kupplungssatz;479;107562;1;0,0006;1;3;1;3;5;0;0;3;0;7
Kupplungssatz;479;135806;2;0,0012;0;1;1;0;3;1;0;1;1;1
Kupplungssatz;479;15541;1;0,0006;2;3;2;2;3;0;0;0;4;2
Kupplungssatz;479;17651;2;0,0012;0;2;0;2;2;0;0;0;0;2
Kupplungssatz;479;1654;4;0,0025;1;2;1;1;2;0;0;0;1;1
Kupplungssatz;479;26660;55;0,0344;2;4;2;2;14;3;0;1;6;5
Kupplungssatz;479;16291;8;0,005;1;2;3;1;3;0;0;0;2;2
Kupplungssatz;479;16228;2;0,0012;3;3;2;0;3;0;0;0;3;1
Kupplungssatz;479;115499;2;0,0012;2;4;2;2;1;1;0;2;0;2
Kupplungssatz;479;110061;1;0,0006;0;1;1;1;2;0;0;1;1;1
Kupplungssatz;479;8739;15;0,0094;1;1;1;1;1;2;0;1;1;2
Kupplungssatz;479;11441;2;0,0012;2;1;0;1;0;3;0;0;1;0
Kupplungssatz;479;33778;41;0,0256;1;2;2;0;3;0;0;0;1;2
Kupplungssatz;479;34071;1;0,0006;1;3;0;2;0;1;0;0;1;6
Kupplungssatz;479;117884;2;0,0012;0;0;3;0;2;0;0;0;0;1
Kupplungssatz;479;18552;1;0,0006;0;1;0;1;1;0;0;0;0;1
Kupplungssatz;479;1806;1;0,0006;1;1;1;1;3;1;0;0;1;1
Kupplungssatz;479;34304;3;0,0019;2;3;0;1;2;0;0;0;1;4
Kupplungssatz;479;19176;2;0,0012;3;2;0;5;2;3;0;5;7;1
Kupplungssatz;479;12644;2;0,0012;1;1;1;1;2;2;0;1;1;1
Kupplungssatz;479;57402;1;0,0006;1;2;1;1;4;1;0;1;2;1
Kupplungssatz;479;413;1;0,0006;0;3;2;0;0;0;0;0;0;3
Kupplungssatz;479;133177;9;0,0056;0;4;0;3;3;0;0;0;1;4
Kupplungssatz;479;122890;86;0,0537;0;1;0;1;1;0;0;0;1;0
Kupplungssatz;479;22792;1;0,0006;0;0;0;0;1;0;0;0;0;1
Kupplungssatz;479;16451;4;0,0025;0;2;2;2;3;0;0;0;0;2
Kupplungssatz;479;68;39;0,0244;3;2;0;3;3;0;0;2;2;3
Kupplungssatz;479;34322;2;0,0012;2;4;1;1;2;0;0;1;1;4
Kupplungssatz;479;133276;1;0,0006;2;3;1;2;5;1;0;2;0;3
Kupplungssatz;479;115519;31;0,0194;2;3;2;3;4;0;0;2;3;4
Kupplungssatz;479;113119;18;0,0112;0;0;0;0;0;1;0;0;0;3
Kupplungssatz;479;52;3;0,0019;4;3;1;2;4;0;0;0;1;2
Kupplungssatz;479;15263;3;0,0019;1;3;0;0;6;0;0;0;4;3
Kupplungssatz;479;34109;1;0,0006;0;2;0;1;0;0;0;0;1;3
Kupplungssatz;479;107532;9;0,0056;2;3;2;3;4;0;0;2;3;4
Kupplungssatz;479;22830;1;0,0006;0;0;1;1;1;0;0;0;0;0
Kupplungssatz;479;15100;2;0,0012;1;1;1;1;2;0;0;0;1;1
Kupplungssatz;479;100886;4;0,0025;0;1;0;1;0;0;0;0;0;2
Kupplungssatz;479;8980;2;0,0012;1;6;7;3;8;2;0;1;4;4
Kupplungssatz;479;5551;1;0,0006;1;2;2;1;2;1;0;0;2;2
Kupplungssatz;479;33056;6;0,0037;2;2;1;1;1;0;0;1;1;1
Kupplungssatz;479;19935;4;0,0025;4;3;2;3;2;3;0;2;2;3
Kupplungssatz;479;29869;1;0,0006;1;1;1;1;3;0;0;0;1;0
Kupplungssatz;479;106654;1;0,0006;0;2;2;1;0;0;0;0;0;1
Kupplungssatz;479;106504;1;0,0006;0;3;0;3;3;0;0;0;2;3
Kupplungssatz;479;17689;1;0,0006;3;7;7;3;10;1;0;3;9;8
Kupplungssatz;479;108260;1;0,0006;1;1;1;0;2;1;0;1;1;2
Kupplungssatz;479;1093;1;0,0006;0;0;0;0;0;0;0;0;0;0
Kupplungssatz;479;32692;2;0,0012;1;2;1;1;3;2;0;1;0;0
Kupplungssatz;479;5970;1;0,0006;2;4;2;3;0;2;0;2;2;3
Kupplungssatz;479;16857;1;0,0006;3;2;1;2;2;2;0;1;1;1
Kupplungssatz;479;23472;1;0,0006;1;2;1;1;2;2;0;1;1;1
Kupplungssatz;479;14658;3;0,0019;1;3;1;1;1;2;0;1;2;1
Kupplungssatz;479;26581;74;0,0462;1;4;1;2;6;0;0;2;1;3
Kupplungssatz;479;19175;43;0,0269;2;4;2;2;3;2;0;2;2;4
Kupplungssatz;479;13362;27;0,0169;1;4;2;1;2;1;0;1;1;2
Kupplungssatz;479;6696;5;0,0031;2;2;2;2;5;2;0;2;0;1
Kupplungssatz;479;7669;6;0,0037;0;0;0;0;0;0;0;0;0;0
Kupplungssatz;479;4263;1;0,0006;0;1;4;1;1;0;0;1;1;1
Kupplungssatz;479;33192;1;0,0006;2;0;0;2;2;1;0;1;2;3
Kupplungssatz;479;15000;2;0,0012;6;6;4;6;9;0;0;0;7;6
Kupplungssatz;479;6799;1;0,0006;0;2;1;1;3;1;0;1;1;2
Kupplungssatz;479;120655;3;0,0019;2;3;2;3;4;0;0;2;3;4
Kupplungssatz;479;23486;110;0,0687;1;1;1;1;4;1;0;1;1;1
Kupplungssatz;479;115782;8;0,005;1;0;0;1;3;1;0;1;0;0
Kupplungssatz;479;18348;1;0,0006;1;0;0;0;1;2;0;0;1;0
Kupplungssatz;479;11045;4;0,0025;1;3;1;3;4;1;0;1;6;3
Kupplungssatz;479;25442;1;0,0006;0;2;1;1;2;0;0;0;2;1
Kupplungssatz;479;55728;5;0,0031;0;0;0;0;0;0;0;0;0;0
Kupplungssatz;479;116454;1;0,0006;1;1;1;1;2;0;0;0;1;1
Kupplungssatz;479;56862;3;0,0019;1;2;1;1;1;1;0;1;2;1
Kupplungssatz;479;15566;1;0,0006;1;1;3;1;1;2;0;1;0;1
Kupplungssatz;479;108555;5;0,0031;2;4;2;3;4;1;0;1;6;4
Kupplungssatz;479;59335;9;0,0056;1;4;1;2;5;1;0;2;2;2
Kupplungssatz;479;22545;8;0,005;0;5;1;0;4;0;0;0;2;2
Kupplungssatz;479;15670;2;0,0012;0;0;0;0;2;1;0;0;0;2
Kupplungssatz;479;34793;4;0,0025;1;1;1;1;3;1;0;1;0;1
Kupplungssatz;479;142263;2;0,0012;0;0;0;0;3;0;0;0;0;1
Kupplungssatz;479;24522;8;0,005;1;2;2;1;5;1;0;1;2;2
Kupplungssatz;479;14402;13;0,0081;0;1;0;1;1;0;0;0;1;1
Kupplungssatz;479;119888;2;0,0012;3;3;3;3;4;0;0;1;3;2
Kupplungssatz;479;7771;1;0,0006;0;1;1;1;3;1;0;0;1;1
Kupplungssatz;479;23277;5;0,0031;1;1;0;2;1;0;0;1;1;1
Kupplungssatz;479;132152;6;0,0037;0;2;0;1;0;0;0;1;0;1
Kupplungssatz;479;138773;2;0,0012;2;1;0;0;3;1;0;1;0;0
Kupplungssatz;479;137773;2;0,0012;0;2;1;1;0;0;0;0;0;1
Kupplungssatz;479;110038;2;0,0012;2;0;0;2;2;1;0;1;2;2
Kupplungssatz;479;610;1;0,0006;1;0;1;1;1;0;0;0;2;1
Kupplungssatz;479;123538;1;0,0006;2;2;0;2;1;0;0;1;0;2
Kupplungssatz;479;100771;1;0,0006;0;0;0;0;0;0;0;0;0;2
Kupplungssatz;479;19242;30;0,0187;2;2;1;2;2;2;0;1;2;2
Kupplungssatz;479;58966;14;0,0087;2;2;2;4;2;0;0;2;2;2
Kupplungssatz;479;29486;33;0,0206;0;3;2;1;4;2;0;1;2;2
Kupplungssatz;479;18859;58;0,0362;1;1;2;1;0;2;0;1;1;2
Kupplungssatz;479;27563;8;0,005;2;2;1;2;2;0;0;0;0;3
Kupplungssatz;479;122487;3;0,0019;7;4;0;3;5;3;0;3;0;3
Kupplungssatz;479;28257;10;0,0062;8;10;9;9;11;1;0;5;12;7
Kupplungssatz;479;111099;17;0,0106;2;3;2;9;0;1;0;1;4;2
Kupplungssatz;479;17818;20;0,0125;2;2;1;1;3;0;0;0;2;3
Kupplungssatz;479;17276;5;0,0031;1;2;1;1;6;1;0;1;2;2
Kupplungssatz;479;11488;4;0,0025;1;1;1;1;3;2;0;1;1;1
Kupplungssatz;479;11108;5;0,0031;1;1;1;1;2;0;0;0;1;1
Kupplungssatz;479;55382;16;0,01;3;6;4;3;4;0;0;1;7;5
Kupplungssatz;479;58256;91;0,0568;1;2;4;2;4;0;0;0;3;2
Kupplungssatz;479;10541;5;0,0031;0;1;1;1;1;1;0;1;1;1
Kupplungssatz;479;121960;15;0,0094;3;3;2;3;3;0;0;2;3;4
Kupplungssatz;479;28514;9;0,0056;2;2;2;1;2;1;0;0;1;0
Kupplungssatz;479;31969;86;0,0537;2;2;3;3;5;2;0;2;3;3
Kupplungssatz;479;31574;3;0,0019;0;3;1;2;2;0;0;0;0;2
Kupplungssatz;479;129195;6;0,0037;2;2;0;2;1;0;0;1;0;2
Kupplungssatz;479;14238;2;0,0012;3;6;7;3;5;1;0;0;5;4
Kupplungssatz;479;31470;16;0,01;2;2;2;2;0;2;0;1;2;2
Kupplungssatz;479;19045;422;0,2636;3;3;3;3;2;1;0;1;3;4
Kupplungssatz;479;9285;36;0,0225;1;1;1;1;5;1;0;1;0;2
Kupplungssatz;479;58701;55;0,0344;1;1;2;4;1;1;0;0;1;3
Kupplungssatz;479;10201;16;0,01;1;2;1;2;2;0;0;0;2;2
Kupplungssatz;479;30691;11;0,0069;3;4;0;4;3;0;0;0;0;4
Kupplungssatz;479;18635;5;0,0031;0;3;0;0;3;0;0;0;0;3
Kupplungssatz;479;16136;5;0,0031;2;2;1;1;3;0;0;0;1;1
Kupplungssatz;479;120276;36;0,0225;4;6;2;3;6;3;0;3;5;4
Kupplungssatz;479;125790;1;0,0006;0;1;0;0;0;0;0;0;0;0
Kupplungssatz;479;56173;2;0,0012;0;1;0;0;0;0;0;0;0;1
Kupplungssatz;479;17262;4;0,0025;1;2;2;2;4;0;0;0;2;4
Kupplungssatz;479;25108;3;0,0019;1;2;1;2;4;1;0;2;2;0
Kupplungssatz;479;14664;1;0,0006;1;1;0;1;1;1;0;0;0;1
Kupplungssatz;479;115498;19;0,0119;0;0;1;0;0;0;0;0;0;2
Kupplungssatz;479;16762;11;0,0069;1;1;1;1;2;1;0;0;1;1
Kupplungssatz;479;11033;25;0,0156;1;2;2;1;6;1;0;2;2;1
Kupplungssatz;479;141859;9;0,0056;0;5;0;3;1;0;0;0;0;4
Kupplungssatz;479;32585;55;0,0344;7;6;5;11;16;2;0;4;16;7
Kupplungssatz;479;33006;3;0,0019;1;1;1;1;4;0;0;0;2;1
Kupplungssatz;479;109839;5;0,0031;3;3;3;3;9;0;0;3;5;5
Kupplungssatz;479;10597;1;0,0006;1;0;2;1;1;2;0;1;0;1
Kupplungssatz;479;142683;1;0,0006;1;0;0;0;4;0;0;0;6;0
Kupplungssatz;479;32949;1;0,0006;0;2;0;2;3;0;0;0;0;2
Kupplungssatz;479;19312;6;0,0037;1;1;1;1;1;1;0;0;1;1
Kupplungssatz;479;138876;1;0,0006;0;3;1;0;1;0;0;0;0;1
Kupplungssatz;479;15712;36;0,0225;3;6;5;6;7;2;0;3;6;5
Kupplungssatz;479;121646;8;0,005;1;2;1;1;2;0;0;0;2;2
Kupplungssatz;479;19979;23;0,0144;3;3;2;3;3;0;0;0;0;3
Kupplungssatz;479;25468;3;0,0019;0;1;1;1;1;0;0;0;1;1
Kupplungssatz;479;7034;2;0,0012;0;0;0;0;0;0;0;0;0;0
Kupplungssatz;479;23132;18;0,0112;4;3;2;4;3;1;0;0;4;3
Kupplungssatz;479;117411;4;0,0025;0;2;0;2;0;0;0;0;0;2
Kupplungssatz;479;8439;2;0,0012;0;4;1;2;3;0;0;0;2;2
Kupplungssatz;479;5904;11;0,0069;1;2;1;1;2;1;0;1;1;1
Kupplungssatz;479;19368;2;0,0012;2;3;1;3;4;3;0;3;3;1
Kupplungssatz;479;14988;1;0,0006;1;1;3;1;1;0;0;0;1;2
Kupplungssatz;479;1294;1;0,0006;0;0;0;0;0;0;0;0;0;0
Kupplungssatz;479;138844;4;0,0025;0;1;0;1;1;0;0;0;0;2
Kupplungssatz;479;58075;1;0,0006;1;1;0;0;2;0;0;1;1;1
Kupplungssatz;479;22549;6;0,0037;0;3;0;1;1;0;0;0;0;1
Kupplungssatz;479;150604;1;0,0006;0;0;1;0;0;0;0;0;0;0
Kupplungssatz;479;22453;13;0,0081;1;0;1;1;3;0;0;0;0;0
Kupplungssatz;479;7956;1;0,0006;1;1;0;0;2;0;0;0;1;0
Kupplungssatz;479;3713;1;0,0006;1;0;1;1;1;1;0;0;1;0
Kupplungssatz;479;33168;1;0,0006;0;1;0;0;0;0;0;0;0;0
Kupplungssatz;479;142912;5;0,0031;0;2;0;2;1;0;0;1;0;2
Kupplungssatz;479;1811;1;0,0006;1;2;2;1;3;1;0;0;2;2
Kupplungssatz;479;31575;10;0,0062;2;2;1;2;6;0;0;0;0;2
Kupplungssatz;479;15288;1;0,0006;3;1;1;1;2;1;0;0;2;3
Kupplungssatz;479;125842;2;0,0012;2;1;0;1;3;0;0;0;1;4
Kupplungssatz;479;3945;2;0,0012;0;4;0;2;4;0;0;0;4;4
Kupplungssatz;479;119943;2;0,0012;0;6;2;4;2;1;0;1;2;5
Kupplungssatz;479;30894;2;0,0012;2;1;0;2;0;0;0;0;0;1
Kupplungssatz;479;26847;3;0,0019;2;4;0;4;2;0;0;0;0;3
Kupplungssatz;479;23487;8;0,005;2;2;2;2;1;0;0;0;2;2
Kupplungssatz;479;115783;3;0,0019;1;0;1;1;1;1;0;1;0;0
Kupplungssatz;479;4579;1;0,0006;1;1;0;2;1;1;0;0;1;1
Kupplungssatz;479;33791;3;0,0019;2;2;1;2;3;1;0;0;1;3
Kupplungssatz;479;31423;1;0,0006;0;0;0;0;3;1;0;0;1;0
Kupplungssatz;479;16083;2;0,0012;3;6;0;4;8;0;0;0;4;5
Kupplungssatz;479;117999;1;0,0006;2;4;1;2;6;1;0;2;3;4
Kupplungssatz;479;16315;9;0,0056;2;3;0;2;3;0;0;0;2;1
Kupplungssatz;479;463;5;0,0031;0;2;1;1;1;0;0;0;1;1
Kupplungssatz;479;119889;8;0,005;0;3;1;1;2;0;0;0;0;0
Kupplungssatz;479;18216;1;0,0006;4;6;3;5;4;2;0;3;6;6
Kupplungssatz;479;118620;3;0,0019;2;3;2;3;5;0;0;2;3;2
Kupplungssatz;479;27774;1;0,0006;3;4;2;4;5;0;0;1;2;6
Kupplungssatz;479;10998;4;0,0025;3;5;7;3;5;1;0;2;4;3
Kupplungssatz;479;100170;4;0,0025;2;5;1;3;6;4;0;2;2;3
Kupplungssatz;479;122130;4;0,0025;3;4;3;3;5;3;0;3;5;5
Kupplungssatz;479;119960;2;0,0012;0;2;3;2;4;1;0;1;1;2
Kupplungssatz;479;8783;2;0,0012;0;1;1;1;3;1;0;0;1;1
Kupplungssatz;479;27170;1;0,0006;0;1;0;1;0;2;0;0;1;2
Kupplungssatz;479;56900;2;0,0012;8;6;6;6;8;0;0;4;9;6
Kupplungssatz;479;12045;5;0,0031;0;2;2;2;2;0;0;0;2;6
Kupplungssatz;479;7762;1;0,0006;0;1;0;0;0;0;0;0;0;0
Kupplungssatz;479;11110;2;0,0012;3;3;2;3;3;0;0;0;0;3
Kupplungssatz;479;145842;1;0,0006;0;0;1;0;1;0;0;0;0;5
Kupplungssatz;479;55131;2;0,0012;0;1;0;0;1;0;0;0;0;2
Kupplungssatz;479;133470;1;0,0006;0;1;0;0;3;0;0;0;0;2
Kupplungssatz;479;138677;1;0,0006;0;6;3;4;0;0;0;0;7;0
Kupplungssatz;479;1653;2;0,0012;1;1;1;1;2;0;0;0;1;1
Kupplungssatz;479;17261;1;0,0006;1;2;1;2;4;0;0;0;2;4
Kupplungssatz;479;18666;1;0,0006;1;2;1;1;2;1;0;1;1;1
Kupplungssatz;479;56201;1;0,0006;1;1;1;2;3;1;0;0;1;3
Kupplungssatz;479;14018;2;0,0012;4;2;1;3;2;1;0;1;0;1
Kupplungssatz;479;17130;2;0,0012;1;0;1;0;3;0;0;0;0;1
Kupplungssatz;479;111761;1;0,0006;0;0;0;0;2;0;0;0;0;1
Kupplungssatz;479;17846;16;0,01;3;4;5;4;8;0;0;3;4;5
Kupplungssatz;479;1790;19;0,0119;2;2;2;2;2;2;0;2;2;4
Kupplungssatz;479;17719;2;0,0012;2;2;2;2;2;1;0;2;2;3
Kupplungssatz;479;16373;274;0,1711;1;3;0;1;1;1;0;1;1;1
Kupplungssatz;479;2621;44;0,0275;1;3;0;2;4;1;0;2;2;1
Kupplungssatz;479;17910;2;0,0012;0;2;1;1;2;1;0;1;1;2
Kupplungssatz;479;5990;29;0,0181;1;1;0;1;1;1;0;1;1;1
Kupplungssatz;479;22508;13;0,0081;0;4;1;3;2;0;0;0;3;3
Kupplungssatz;479;19365;76;0,0475;2;1;0;4;1;2;0;1;1;1
Kupplungssatz;479;31535;29;0,0181;2;2;2;2;3;1;0;2;2;4
Kupplungssatz;479;58565;222;0,1387;1;2;0;1;5;1;0;1;2;1
Kupplungssatz;479;115497;12;0,0075;2;4;2;2;2;1;0;2;2;2
Kupplungssatz;479;24375;40;0,025;1;3;3;5;6;0;0;3;5;3
Kupplungssatz;479;33311;31;0,0194;1;4;1;2;4;1;0;2;1;3
Kupplungssatz;479;28248;25;0,0156;1;3;1;1;3;1;0;1;1;2
Kupplungssatz;479;100039;19;0,0119;1;5;2;3;8;0;0;1;2;3
Kupplungssatz;479;3398;1;0,0006;1;1;0;1;1;0;0;0;0;1
Kupplungssatz;479;32747;8;0,005;5;5;6;5;4;0;0;1;5;3
Kupplungssatz;479;18770;20;0,0125;11;12;11;11;16;2;0;6;14;10
Kupplungssatz;479;56856;10;0,0062;1;2;1;2;1;1;0;1;2;1
Kupplungssatz;479;58820;7;0,0044;2;5;3;3;3;0;0;2;5;9
Kupplungssatz;479;23371;13;0,0081;7;4;2;3;7;3;0;3;5;4
Kupplungssatz;479;32805;203;0,1268;5;6;5;6;9;2;0;4;6;7
Kupplungssatz;479;118000;3;0,0019;0;1;3;1;4;0;0;0;4;3
Kupplungssatz;479;107513;8;0,005;2;5;4;4;3;0;0;1;2;8
Kupplungssatz;479;128508;10;0,0062;2;3;0;1;6;0;0;0;1;4
Kupplungssatz;479;135143;4;0,0025;0;3;0;2;4;0;0;1;1;2
Kupplungssatz;479;16157;4;0,0025;1;1;1;1;3;1;0;1;2;2
Kupplungssatz;479;3216;10;0,0062;0;2;1;1;2;1;0;0;1;1
Kupplungssatz;479;113327;1;0,0006;1;1;1;1;1;1;0;1;0;1
Kupplungssatz;479;4493;21;0,0131;1;2;4;2;3;2;0;2;1;1
Kupplungssatz;479;31591;104;0,065;4;8;4;5;14;3;0;2;8;12
Kupplungssatz;479;18692;36;0,0225;2;2;2;2;3;2;0;2;2;2
Kupplungssatz;479;9157;4;0,0025;0;2;1;2;3;2;0;0;3;2
Kupplungssatz;479;8329;1;0,0006;1;1;1;1;3;1;0;0;1;0
Kupplungssatz;479;115709;4;0,0025;0;2;0;2;2;0;0;0;0;2
Kupplungssatz;479;16738;10;0,0062;1;1;2;1;1;1;0;1;1;1
Kupplungssatz;479;123048;4;0,0025;1;2;0;1;7;0;0;0;4;5
Kupplungssatz;479;17571;2;0,0012;0;1;1;1;0;1;0;2;1;1
Kupplungssatz;479;119695;14;0,0087;0;4;0;3;3;0;0;1;1;2
Kupplungssatz;479;7213;3;0,0019;4;4;1;4;5;4;0;3;3;3
Kupplungssatz;479;9257;62;0,0387;4;4;5;4;4;2;0;4;2;1
Kupplungssatz;479;18071;116;0,0725;11;12;9;11;15;2;0;6;14;12
Kupplungssatz;479;115675;83;0,0518;0;1;0;5;7;1;0;0;4;4
Kupplungssatz;479;22683;135;0,0843;3;6;6;4;7;0;0;3;4;7
Kupplungssatz;479;15737;40;0,025;3;6;6;6;8;2;0;3;6;7
Kupplungssatz;479;30358;33;0,0206;2;2;2;2;2;1;0;1;1;1
Kupplungssatz;479;55092;9;0,0056;1;3;2;2;3;0;0;2;1;2
Kupplungssatz;479;7830;3;0,0019;3;5;3;0;2;0;0;0;6;5
Kupplungssatz;479;24532;13;0,0081;1;3;5;2;8;4;0;1;4;7
Kupplungssatz;479;20473;3;0,0019;0;0;0;1;0;1;0;0;0;0
Kupplungssatz;479;9389;1;0,0006;1;1;0;2;0;1;0;0;0;1
Kupplungssatz;479;140516;2;0,0012;0;2;0;2;1;0;0;1;0;2
Kupplungssatz;479;17734;9;0,0056;6;6;3;5;6;2;0;3;6;6
Kupplungssatz;479;107891;20;0,0125;3;3;2;3;5;0;0;2;5;4
Kupplungssatz;479;129246;1;0,0006;1;0;0;0;2;0;0;0;0;0
Kupplungssatz;479;31724;8;0,005;2;2;2;2;4;1;0;2;2;3
Kupplungssatz;479;31519;12;0,0075;1;2;2;1;5;1;0;1;2;2
Kupplungssatz;479;19416;3;0,0019;1;8;2;3;7;0;0;1;2;7
Kupplungssatz;479;11759;3;0,0019;1;2;0;1;1;1;0;0;1;1
Kupplungssatz;479;133373;5;0,0031;1;3;3;0;3;0;0;2;0;2
Kupplungssatz;479;5013;44;0,0275;4;4;3;3;5;1;0;3;3;5
Kupplungssatz;479;101117;2;0,0012;3;5;6;8;4;1;0;3;5;5
Kupplungssatz;479;133304;6;0,0037;0;2;1;1;5;0;0;2;0;4
Kupplungssatz;479;1370;1;0,0006;0;5;1;1;2;0;0;0;1;1
Kupplungssatz;479;23079;5;0,0031;3;3;3;3;3;1;0;3;3;4
Kupplungssatz;479;105748;2;0,0012;1;1;1;1;3;0;0;0;1;1
Kupplungssatz;479;20094;2;0,0012;3;2;2;2;3;1;0;2;2;4
Kupplungssatz;479;142270;5;0,0031;0;1;0;1;1;0;0;0;0;3
Kupplungssatz;479;9501;4;0,0025;1;2;0;0;2;0;0;0;0;1
Kupplungssatz;479;23165;53;0,0331;1;1;3;1;3;2;0;2;2;2
Kupplungssatz;479;4645;1;0,0006;0;1;1;0;0;0;0;0;1;1
Kupplungssatz;479;17171;10;0,0062;2;1;1;1;1;0;0;0;1;1
Kupplungssatz;479;18693;42;0,0262;0;3;3;3;0;2;0;2;3;3
Kupplungssatz;479;59572;4;0,0025;1;1;0;1;0;0;0;0;0;0
Kupplungssatz;479;16107;4;0,0025;2;1;2;1;2;3;0;0;1;1
Kupplungssatz;479;119540;2;0,0012;0;1;0;0;0;1;0;0;0;1
Kupplungssatz;479;1391;1;0,0006;1;1;1;1;0;0;0;0;1;1
Kupplungssatz;479;32601;68;0,0425;1;5;2;2;5;0;0;2;1;3
Kupplungssatz;479;8212;18;0,0112;8;6;7;6;11;0;0;4;9;6
Kupplungssatz;479;119922;12;0,0075;3;3;3;3;4;0;0;1;3;3
Kupplungssatz;479;118494;3;0,0019;0;1;5;1;3;1;0;2;0;5
Kupplungssatz;479;16859;4;0,0025;0;0;0;0;1;0;0;0;0;1
Kupplungssatz;479;3847;2;0,0012;1;1;1;1;1;2;0;1;1;1
Kupplungssatz;479;8960;5;0,0031;1;1;1;1;2;0;0;0;2;3
Kupplungssatz;479;137668;10;0,0062;1;4;2;1;5;0;0;2;0;3
Kupplungssatz;479;16539;1;0,0006;4;3;3;3;3;1;0;2;3;2
Kupplungssatz;479;108460;2;0,0012;2;3;4;3;2;0;0;2;5;9
Kupplungssatz;479;18077;2;0,0012;2;2;1;2;4;0;0;0;2;2
Kupplungssatz;479;113293;3;0,0019;3;2;1;1;4;2;0;1;2;2
Kupplungssatz;479;29963;1;0,0006;0;2;1;3;5;1;0;0;2;3
Kupplungssatz;479;26977;69;0,0431;2;3;1;2;5;0;0;1;1;2
Kupplungssatz;479;128291;27;0,0169;1;2;0;1;2;1;0;1;1;2
Kupplungssatz;479;112332;26;0,0162;4;7;1;3;5;3;0;3;5;6
Kupplungssatz;479;128762;15;0,0094;0;1;0;1;0;0;0;0;2;0
Kupplungssatz;479;19570;1;0,0006;2;2;2;2;2;0;0;0;2;1
Kupplungssatz;479;26058;10;0,0062;0;0;1;1;1;0;0;0;0;0
Kupplungssatz;479;108461;1;0,0006;2;3;4;3;1;0;0;2;5;9
Kupplungssatz;479;9491;2;0,0012;2;4;4;2;5;0;0;2;2;4
Kupplungssatz;479;376;4;0,0025;3;3;2;3;1;0;0;0;0;2
Kupplungssatz;479;124036;9;0,0056;0;1;1;0;2;1;0;0;0;0
Kupplungssatz;479;18313;17;0,0106;2;2;2;2;2;1;0;2;2;3
Kupplungssatz;479;12514;1;0,0006;3;3;4;3;2;0;0;2;5;6
Kupplungssatz;479;4295;1;0,0006;1;1;1;1;2;1;0;1;1;1
Kupplungssatz;479;116067;5;0,0031;1;2;0;2;1;1;0;1;1;0
Kupplungssatz;479;19070;1;0,0006;1;2;1;2;3;2;0;1;1;2
Kupplungssatz;479;131933;1;0,0006;1;3;1;2;6;1;0;2;0;3
Kupplungssatz;479;31648;4;0,0025;2;0;2;1;3;0;0;0;0;0
Kupplungssatz;479;58894;1;0,0006;0;0;0;0;2;0;0;0;0;1
Kupplungssatz;479;59253;1;0,0006;0;2;0;3;3;0;0;0;0;1
Kupplungssatz;479;107793;6;0,0037;0;2;0;2;0;0;0;0;0;2
Kupplungssatz;479;141804;2;0,0012;0;0;0;1;1;0;0;0;0;2
Kupplungssatz;479;127508;4;0,0025;0;2;2;0;1;0;0;1;3;2
Kupplungssatz;479;19768;3;0,0019;1;2;1;0;0;1;0;0;1;1
Kupplungssatz;479;19319;7;0,0044;4;3;4;2;4;0;0;1;5;5
Kupplungssatz;479;108765;11;0,0069;1;2;0;2;1;0;0;0;2;2
Kupplungssatz;479;32743;5;0,0031;2;3;1;3;4;2;0;1;4;4
Kupplungssatz;479;15875;2;0,0012;2;3;2;3;3;1;0;1;3;1
Kupplungssatz;479;15721;4;0,0025;2;3;1;0;8;0;0;0;4;4
Kupplungssatz;479;18485;2;0,0012;2;1;0;0;6;0;0;0;1;2
Kupplungssatz;479;113886;7;0,0044;1;1;2;1;2;1;0;2;1;1
Kupplungssatz;479;10473;22;0,0137;1;1;0;1;0;0;0;0;0;0
Kupplungssatz;479;90101128;1;0,0006;0;0;0;0;0;0;0;0;0;0
Kupplungssatz;479;23430;14;0,0087;1;2;2;2;2;0;0;0;3;2
Kupplungssatz;479;23492;12;0,0075;4;4;4;2;4;1;0;2;2;5
Kupplungssatz;479;59611;1;0,0006;0;3;5;2;3;0;0;2;2;4
Kupplungssatz;479;57399;12;0,0075;2;4;0;1;2;2;0;0;3;3
Kupplungssatz;479;1378;1;0,0006;0;2;1;0;2;0;0;0;1;1
Kupplungssatz;479;115189;19;0,0119;0;2;2;1;4;0;0;1;0;2
Kupplungssatz;479;17367;11;0,0069;0;1;0;1;1;0;0;0;0;1
Kupplungssatz;479;5304;1;0,0006;1;1;0;0;2;0;0;0;1;2
Kupplungssatz;479;14268;13;0,0081;1;3;1;1;3;0;0;0;1;1
Kupplungssatz;479;113330;1;0,0006;2;7;4;5;3;0;0;3;2;3
Kupplungssatz;479;118034;5;0,0031;0;1;0;1;0;0;0;0;0;1
Kupplungssatz;479;23431;4;0,0025;1;1;1;1;2;0;0;0;1;1
Kupplungssatz;479;141990;1;0,0006;2;0;2;0;0;0;0;0;0;2
Kupplungssatz;479;14871;1;0,0006;0;1;2;1;2;0;0;0;2;2
Kupplungssatz;479;131274;3;0,0019;0;2;0;4;0;0;0;0;2;4
Kupplungssatz;479;19301;1;0,0006;0;1;1;0;1;0;0;0;0;1
Kupplungssatz;479;126215;10;0,0062;0;0;1;0;3;0;0;0;0;2
Kupplungssatz;479;112366;8;0,005;2;3;2;2;1;0;0;0;3;3
Kupplungssatz;479;24175;1;0,0006;0;0;0;0;1;0;0;0;0;2
Kupplungssatz;479;9545;2;0,0012;1;1;1;1;1;0;0;1;1;0
Kupplungssatz;479;4191;1;0,0006;1;0;1;1;1;0;0;1;1;1
Kupplungssatz;479;20864;22;0,0137;4;7;3;6;7;0;0;3;3;8
Kupplungssatz;479;30553;1;0,0006;0;0;0;0;0;1;0;0;0;0
Kupplungssatz;479;16883;13;0,0081;0;1;3;1;1;0;0;0;1;2
Kupplungssatz;479;23504;5;0,0031;3;2;2;2;3;1;0;2;2;4
Kupplungssatz;479;10198;4;0,0025;2;2;2;2;2;1;0;1;2;2
Kupplungssatz;479;34503;1;0,0006;2;3;1;1;2;0;0;1;2;2
Kupplungssatz;479;23466;7;0,0044;7;4;3;3;6;3;0;3;5;4
Kupplungssatz;479;145234;2;0,0012;0;0;0;1;2;0;0;0;0;3
Kupplungssatz;479;8763;1;0,0006;0;1;0;1;0;0;0;0;0;0
Kupplungssatz;479;4271;1;0,0006;1;1;1;1;1;1;0;1;1;0
Kupplungssatz;479;12552;1;0,0006;3;3;3;3;2;0;0;2;5;10
Kupplungssatz;479;19325;14;0,0087;2;3;3;1;2;0;0;1;2;2
Kupplungssatz;479;23226;11;0,0069;1;2;0;1;4;2;0;0;2;1
Kupplungssatz;479;19193;40;0,025;2;2;1;2;4;1;0;2;2;2
Kupplungssatz;479;110023;49;0,0306;1;1;0;2;2;1;0;0;1;2
Kupplungssatz;479;119767;43;0,0269;0;2;1;2;4;0;0;2;2;2
Kupplungssatz;479;58874;49;0,0306;1;2;1;1;4;1;0;1;2;1
Kupplungssatz;479;19177;12;0,0075;3;2;4;5;4;4;0;6;7;1
Kupplungssatz;479;14601;23;0,0144;0;0;2;1;0;0;0;0;1;0
Kupplungssatz;479;16912;2;0,0012;1;0;0;1;0;1;0;1;0;1
Kupplungssatz;479;9641;20;0,0125;3;6;5;4;8;1;0;0;4;6
Kupplungssatz;479;18519;24;0,015;3;3;3;0;3;2;0;1;5;3
Kupplungssatz;479;16459;46;0,0287;2;2;3;2;4;0;0;2;3;4
Kupplungssatz;479;15646;4;0,0025;3;3;2;3;3;0;0;0;5;2
Kupplungssatz;479;14810;53;0,0331;3;6;0;4;8;0;0;0;4;5
Kupplungssatz;479;15657;6;0,0037;1;2;2;0;7;1;0;1;2;2
Kupplungssatz;479;19968;27;0,0169;5;6;5;5;10;1;0;3;7;6
Kupplungssatz;479;128215;26;0,0162;1;1;0;1;0;0;0;0;1;2
Kupplungssatz;479;56858;37;0,0231;1;6;1;1;2;1;0;1;2;1
Kupplungssatz;479;29970;25;0,0156;4;6;10;4;9;1;0;3;6;5
Kupplungssatz;479;145135;30;0,0187;0;2;0;2;2;0;0;1;3;3
Kupplungssatz;479;14070;7;0,0044;1;1;0;2;0;1;0;2;1;0
Kupplungssatz;479;10003;9;0,0056;3;7;7;4;10;2;0;1;6;5
Kupplungssatz;479;133096;1;0,0006;1;1;1;0;1;1;0;1;0;0
Kupplungssatz;479;14619;3;0,0019;0;2;0;0;2;0;0;0;2;1
Kupplungssatz;479;17119;58;0,0362;4;4;4;3;10;2;0;0;6;5
Kupplungssatz;479;15113;31;0,0194;1;3;2;5;6;0;0;3;5;3
Kupplungssatz;479;11763;17;0,0106;6;3;6;1;4;1;0;0;5;3
Kupplungssatz;479;18951;14;0,0087;6;6;5;6;7;0;0;0;7;6
Kupplungssatz;479;55597;95;0,0593;4;5;5;4;15;0;0;3;5;6
Kupplungssatz;479;9908;8;0,005;1;1;1;1;3;2;0;1;1;1
Kupplungssatz;479;33467;3;0,0019;0;3;2;6;0;0;0;1;3;2
Kupplungssatz;479;23389;13;0,0081;3;2;3;1;6;2;0;1;3;3
Kupplungssatz;479;15716;58;0,0362;3;6;5;6;7;2;0;3;6;5
Kupplungssatz;479;130895;1;0,0006;0;2;0;2;3;0;0;0;2;1
Kupplungssatz;479;31734;10;0,0062;3;5;3;4;4;0;0;0;4;6
Kupplungssatz;479;15150;1;0,0006;0;6;2;4;6;0;0;0;4;4
Kupplungssatz;479;15450;19;0,0119;0;3;1;4;4;0;0;0;2;3
Kupplungssatz;479;18392;123;0,0768;4;5;7;3;17;2;0;2;6;6
Kupplungssatz;479;10208;27;0,0169;4;5;4;3;7;2;0;0;2;7
Kupplungssatz;479;108612;2;0,0012;1;3;2;2;3;0;0;2;0;2
Kupplungssatz;479;33410;5;0,0031;0;2;1;2;4;0;0;0;0;3
Kupplungssatz;479;100075;9;0,0056;0;1;2;1;4;0;0;0;4;3
Kupplungssatz;479;17073;16;0,01;2;2;1;1;5;0;0;0;2;2
Kupplungssatz;479;3624;2;0,0012;1;2;1;1;2;2;0;1;1;0
Kupplungssatz;479;33077;66;0,0412;1;1;2;1;1;1;0;1;1;2
Kupplungssatz;479;16056;6;0,0037;2;3;2;1;2;0;0;1;2;2
Kupplungssatz;479;27670;8;0,005;0;1;1;1;2;0;0;1;1;1
Kupplungssatz;479;59296;4;0,0025;3;2;2;2;6;2;0;2;2;1
Kupplungssatz;479;18957;5;0,0031;3;3;3;2;3;2;0;1;5;3
Kupplungssatz;479;10026;4;0,0025;1;1;1;1;3;2;0;1;1;0
Kupplungssatz;479;116064;2;0,0012;0;0;0;2;0;0;0;0;0;0
Kupplungssatz;479;33273;12;0,0075;5;7;4;5;6;1;0;1;9;7
Kupplungssatz;479;56774;4;0,0025;3;6;4;3;3;0;0;1;7;5
Kupplungssatz;479;5730;20;0,0125;1;2;5;1;3;0;0;0;2;2
Kupplungssatz;479;18967;18;0,0112;2;2;1;2;3;1;0;0;3;2
Kupplungssatz;479;16452;6;0,0037;4;5;5;4;5;0;0;0;6;5
Kupplungssatz;479;7692;2;0,0012;1;1;0;1;0;1;0;1;0;1
Kupplungssatz;479;11245;2;0,0012;1;1;3;3;0;3;0;1;1;1
Kupplungssatz;479;33440;1;0,0006;0;2;0;2;1;1;0;0;0;1
Kupplungssatz;479;12034;3;0,0019;0;4;3;3;3;2;0;1;3;5
Kupplungssatz;479;18900;40;0,025;3;7;4;3;9;2;0;1;7;4
Kupplungssatz;479;4768;6;0,0037;1;2;1;1;1;2;0;1;0;1
Kupplungssatz;479;19358;18;0,0112;4;6;2;1;3;2;0;1;4;4
Kupplungssatz;479;16049;72;0,045;7;6;8;4;7;0;0;0;5;5
Kupplungssatz;479;9640;137;0,0856;3;3;4;3;7;1;0;0;3;3
Kupplungssatz;479;9518;16;0,01;3;8;8;5;13;2;0;2;7;7
Kupplungssatz;479;113893;1;0,0006;0;3;0;2;4;1;0;2;1;1
Kupplungssatz;479;57471;2;0,0012;1;1;0;4;2;1;0;0;1;0
Kupplungssatz;479;28239;23;0,0144;2;2;3;2;3;0;0;1;2;2
Kupplungssatz;479;10954;6;0,0037;0;7;0;3;3;0;0;0;0;3
Kupplungssatz;479;119486;66;0,0412;2;4;0;3;5;0;0;3;6;6
Kupplungssatz;479;58142;7;0,0044;1;1;1;1;4;1;0;1;0;1
Kupplungssatz;479;131485;13;0,0081;0;1;0;1;2;0;0;0;0;2
Kupplungssatz;479;29993;33;0,0206;1;5;1;2;2;0;0;1;1;4
Kupplungssatz;479;22524;54;0,0337;4;2;3;1;2;0;0;2;2;2
Kupplungssatz;479;100515;33;0,0206;6;4;1;2;6;1;0;2;3;5
Kupplungssatz;479;59067;14;0,0087;2;1;1;1;2;0;0;1;1;1
Kupplungssatz;479;14689;21;0,0131;1;1;1;1;2;1;0;1;1;1
Kupplungssatz;479;23436;37;0,0231;2;5;2;2;3;2;0;2;3;3
Kupplungssatz;479;108656;34;0,0212;1;1;2;1;3;2;0;2;1;1
Kupplungssatz;479;20051;12;0,0075;3;2;2;2;3;1;0;0;3;3
Kupplungssatz;479;16098;13;0,0081;2;2;2;3;1;0;0;0;3;2
Kupplungssatz;479;30975;41;0,0256;3;5;6;4;6;2;0;2;4;5
Kupplungssatz;479;9916;1;0,0006;0;0;0;0;0;0;0;0;0;0
Kupplungssatz;479;23179;112;0,07;3;9;3;4;9;0;0;0;5;3
Kupplungssatz;479;25471;19;0,0119;1;2;2;2;4;0;0;0;3;2
Kupplungssatz;479;15812;9;0,0056;3;3;4;3;2;1;0;0;4;4
Kupplungssatz;479;115153;13;0,0081;1;4;0;3;1;0;0;0;3;3
Kupplungssatz;479;15734;6;0,0037;3;6;6;6;9;2;0;3;6;7
Kupplungssatz;479;8794;2;0,0012;1;1;1;1;1;0;0;0;1;1
Kupplungssatz;479;57454;72;0,045;5;6;4;7;4;3;0;4;6;8
Kupplungssatz;479;8927;1;0,0006;1;1;1;1;2;2;0;1;1;1
Kupplungssatz;479;4064;1;0,0006;1;1;1;1;4;2;0;1;1;1
Kupplungssatz;479;24508;1;0,0006;3;3;4;1;6;2;0;1;3;3
Kupplungssatz;479;16916;16;0,01;2;2;2;2;2;1;0;2;2;3
Kupplungssatz;479;9519;14;0,0087;1;6;7;4;9;1;0;1;6;5
Kupplungssatz;479;22942;16;0,01;4;6;3;3;5;3;0;1;4;7
Kupplungssatz;479;133796;3;0,0019;1;2;1;1;2;0;0;0;2;2
Kupplungssatz;479;8835;7;0,0044;1;4;5;0;1;0;0;0;4;2
Kupplungssatz;479;154652;1;0,0006;0;0;0;0;0;0;0;0;0;0
Kupplungssatz;479;112397;8;0,005;1;3;3;2;2;0;0;0;0;2
Kupplungssatz;479;6802;9;0,0056;0;2;2;2;4;0;0;2;3;3
Kupplungssatz;479;107549;3;0,0019;3;3;2;0;1;2;0;1;5;3
Kupplungssatz;479;1658;52;0,0325;2;4;4;1;3;0;0;0;2;3
Kupplungssatz;479;105912;26;0,0162;0;5;3;3;2;0;0;2;2;4
Kupplungssatz;479;3064;3;0,0019;1;2;0;1;1;1;0;0;1;2
Kupplungssatz;479;59338;3;0,0019;1;5;1;2;5;1;0;2;2;2
Kupplungssatz;479;10642;1;0,0006;0;0;1;1;1;1;0;0;0;0
Kupplungssatz;479;100414;15;0,0094;7;4;2;3;6;3;0;3;5;4
Kupplungssatz;479;100768;11;0,0069;1;2;1;1;4;2;0;1;2;2
Kupplungssatz;479;14843;20;0,0125;5;6;3;7;11;0;0;0;8;6
Kupplungssatz;479;7939;13;0,0081;1;2;5;1;3;0;0;0;2;2
Kupplungssatz;479;15760;5;0,0031;2;2;1;1;6;0;0;0;2;2
Kupplungssatz;479;108241;6;0,0037;0;3;1;1;3;0;0;0;0;2
Kupplungssatz;479;19814;8;0,005;2;3;2;0;10;0;0;0;2;5
Kupplungssatz;479;107530;2;0,0012;2;3;2;3;4;0;0;2;3;4
Kupplungssatz;479;57874;2;0,0012;0;4;2;3;2;1;0;0;5;3
Kupplungssatz;479;9409;45;0,0281;1;1;2;0;2;1;0;1;1;1
Kupplungssatz;479;122624;5;0,0031;2;0;0;0;4;0;0;1;6;5
Kupplungssatz;479;108659;17;0,0106;0;4;1;3;7;1;0;0;1;4
Kupplungssatz;479;18178;2;0,0012;3;4;5;2;9;0;0;3;4;5
Kupplungssatz;479;122007;8;0,005;0;2;0;1;6;0;0;1;2;3
Kupplungssatz;479;19971;40;0,025;2;3;2;2;2;0;0;0;3;3
Kupplungssatz;479;16940;41;0,0256;6;6;9;6;6;3;0;2;7;7
Kupplungssatz;479;5094;13;0,0081;1;5;1;0;4;0;0;0;3;3
Kupplungssatz;479;59244;2;0,0012;0;2;2;2;4;0;0;0;4;3
Kupplungssatz;479;126416;63;0,0393;1;2;1;2;7;2;0;1;4;8
Kupplungssatz;479;114851;54;0,0337;2;6;1;3;4;0;0;1;2;6
Kupplungssatz;479;113136;64;0,04;6;2;1;4;7;1;0;2;3;4
Kupplungssatz;479;34949;97;0,0606;10;10;10;7;15;2;0;5;16;7
Kupplungssatz;479;9303;12;0,0075;2;2;1;2;4;3;0;1;2;2
Kupplungssatz;479;4755;7;0,0044;1;1;1;0;1;1;0;0;1;1
Kupplungssatz;479;17687;3;0,0019;3;7;7;3;10;2;0;3;9;8
Kupplungssatz;479;117762;20;0,0125;0;1;1;1;1;0;0;0;0;0
Kupplungssatz;479;57272;29;0,0181;1;1;1;1;2;1;0;1;1;2
Kupplungssatz;479;19948;38;0,0237;4;3;2;4;3;2;0;0;4;3
Kupplungssatz;479;121778;23;0,0144;1;3;2;3;4;0;0;2;4;8
Kupplungssatz;479;142748;1;0,0006;0;0;3;0;1;0;0;0;0;0
Kupplungssatz;479;18050;3;0,0019;2;3;2;2;4;1;0;3;3;3
Kupplungssatz;479;100508;21;0,0131;1;2;1;2;6;1;0;2;3;3
Kupplungssatz;479;30940;5;0,0031;3;3;4;3;4;0;0;1;3;7
Kupplungssatz;479;59719;34;0,0212;8;9;4;6;7;2;0;5;7;6
Kupplungssatz;479;12172;5;0,0031;2;2;1;2;4;0;0;0;2;1
Kupplungssatz;479;119898;6;0,0037;3;3;3;3;4;0;0;1;3;3
Kupplungssatz;479;5575;4;0,0025;1;3;2;2;4;0;0;1;6;4
Kupplungssatz;479;55449;1;0,0006;1;2;1;0;1;1;0;0;2;1
Kupplungssatz;479;113122;1;0,0006;0;0;0;0;2;1;0;0;0;3
Kupplungssatz;479;27537;19;0,0119;1;3;1;2;2;0;0;1;0;4
Kupplungssatz;479;926;2;0,0012;0;1;0;0;0;0;0;0;0;0
Kupplungssatz;479;15146;5;0,0031;1;2;1;2;4;1;0;2;3;3
Kupplungssatz;479;37793;1;0,0006;3;2;0;0;2;1;0;0;2;2
Kupplungssatz;479;27216;2;0,0012;2;0;2;3;2;3;0;1;0;1
Kupplungssatz;479;10524;6;0,0037;1;3;4;2;2;0;0;0;2;2
Kupplungssatz;479;57432;2;0,0012;0;2;0;3;3;0;0;0;0;3
Kupplungssatz;479;138450;1;0,0006;1;2;3;1;6;0;0;0;0;4
Kupplungssatz;479;11228;1;0,0006;9;10;7;10;14;2;0;5;16;8
Kupplungssatz;479;18606;2;0,0012;1;2;2;1;0;1;0;1;2;0
Kupplungssatz;479;18622;1;0,0006;1;4;2;1;3;0;0;0;2;1
Kupplungssatz;479;1915;1;0,0006;1;1;1;1;1;0;0;0;1;3
Kupplungssatz;479;58615;5;0,0031;4;9;4;5;5;2;0;5;7;6
Kupplungssatz;479;142958;4;0,0025;1;1;0;1;1;0;0;0;0;2
Kupplungssatz;479;112338;9;0,0056;1;1;1;1;5;1;0;1;2;1
Kupplungssatz;479;39881;5;0,0031;2;5;2;4;3;1;0;2;2;5
Kupplungssatz;479;18922;1;0,0006;2;3;4;1;10;1;0;2;3;3
Kupplungssatz;479;114880;2;0,0012;0;0;0;1;0;0;0;0;0;1
Kupplungssatz;479;57771;1;0,0006;2;2;2;2;3;0;0;0;4;7
Kupplungssatz;479;17238;1;0,0006;2;0;2;2;3;2;0;1;1;2
Kupplungssatz;479;11233;4;0,0025;9;10;7;10;14;2;0;5;16;8
Kupplungssatz;479;31083;12;0,0075;0;3;2;4;9;1;0;1;2;2
Kupplungssatz;479;127890;2;0,0012;1;0;1;1;0;0;0;0;1;0
Kupplungssatz;479;126556;19;0,0119;3;5;0;5;6;0;0;2;5;4
Kupplungssatz;479;100037;4;0,0025;0;1;2;1;1;0;0;0;0;1
Kupplungssatz;479;19953;18;0,0112;2;2;1;2;3;1;0;0;3;2
Kupplungssatz;479;34764;2;0,0012;1;2;2;2;4;1;0;2;5;4
Kupplungssatz;479;24538;1;0,0006;2;3;5;2;8;3;0;1;4;5
Kupplungssatz;479;4605;1;0,0006;0;1;1;1;1;1;0;0;0;0
Kupplungssatz;479;6185;2;0,0012;0;3;0;1;2;0;0;0;2;1
Kupplungssatz;479;17086;1;0,0006;0;0;2;0;0;0;0;0;0;0
Kupplungssatz;479;7244;2;0,0012;3;5;2;4;4;1;0;0;5;3
Kupplungssatz;479;17150;64;0,04;6;4;3;2;2;1;0;0;3;3
Kupplungssatz;479;147901;4;0,0025;0;3;0;1;4;0;0;0;3;1
Kupplungssatz;479;133625;3;0,0019;0;1;0;0;3;0;0;0;0;5
Kupplungssatz;479;15485;31;0,0194;3;6;4;5;9;0;0;0;6;6
Kupplungssatz;479;133290;2;0,0012;0;1;2;0;1;0;0;0;0;0
Kupplungssatz;479;114886;2;0,0012;0;4;0;1;0;0;0;0;0;1
Kupplungssatz;479;53347;1;0,0006;0;0;0;0;0;0;0;0;0;0
Kupplungssatz;479;100791;1;0,0006;0;1;1;1;3;0;0;0;4;2
Kupplungssatz;479;18383;1;0,0006;5;6;6;5;9;1;0;3;7;5
Kupplungssatz;479;10688;2;0,0012;0;1;1;1;0;0;0;0;0;0
Kupplungssatz;479;9645;11;0,0069;3;3;4;3;6;1;0;0;3;1
Kupplungssatz;479;15992;8;0,005;1;1;0;1;1;1;0;0;1;0
Kupplungssatz;479;59024;54;0,0337;3;8;6;4;9;0;0;1;8;6
Kupplungssatz;479;11971;8;0,005;3;5;8;8;1;1;0;3;3;5
Kupplungssatz;479;26670;14;0,0087;6;6;4;5;5;1;0;4;4;3
Kupplungssatz;479;56806;57;0,0356;3;8;1;3;8;2;0;2;6;4
Kupplungssatz;479;18101;4;0,0025;3;5;3;3;6;0;0;0;5;2
Kupplungssatz;479;22679;4;0,0025;0;2;0;0;3;0;0;0;2;3
Kupplungssatz;479;101053;1;0,0006;2;2;2;2;3;1;0;2;2;3
Kupplungssatz;479;21501;3;0,0019;1;0;1;0;7;1;0;1;0;0
Kupplungssatz;479;18220;5;0,0031;4;4;5;3;2;6;0;3;4;3
Kupplungssatz;479;55332;37;0,0231;2;2;1;2;4;0;0;0;2;1
Kupplungssatz;479;19119;4;0,0025;6;6;5;6;7;0;0;0;7;6
Kupplungssatz;479;119487;16;0,01;2;4;0;3;4;0;0;3;6;6
Kupplungssatz;479;14834;1;0,0006;5;6;4;7;7;0;0;0;8;6
Kupplungssatz;479;32063;2;0,0012;11;12;9;11;14;2;0;6;16;11
Kupplungssatz;479;6124;2;0,0012;1;2;1;3;3;0;0;0;2;2
Kupplungssatz;479;20039;1;0,0006;1;2;1;0;7;1;0;1;2;2
Kupplungssatz;479;55100;17;0,0106;2;2;2;3;2;0;0;0;2;2
Kupplungssatz;479;4851;6;0,0037;1;4;1;1;2;1;0;1;1;1
Kupplungssatz;479;471;2;0,0012;0;2;0;2;1;0;0;2;2;0
Kupplungssatz;479;30969;27;0,0169;10;10;10;10;15;2;0;5;14;7
Kupplungssatz;479;100070;1;0,0006;0;3;2;2;3;0;0;1;2;3
Kupplungssatz;479;8111;15;0,0094;0;5;1;3;5;0;0;0;2;3
Kupplungssatz;479;59273;2;0,0012;2;3;2;3;3;0;0;0;2;3
Kupplungssatz;479;120121;1;0,0006;0;1;0;1;1;0;0;0;0;1
Kupplungssatz;479;15586;1;0,0006;1;2;1;2;3;1;0;1;1;1
Kupplungssatz;479;8955;2;0,0012;3;2;2;1;6;0;0;0;2;2
Kupplungssatz;479;31525;17;0,0106;1;2;2;1;4;1;0;1;2;2
Kupplungssatz;479;156888;1;0,0006;0;2;0;1;1;0;0;0;0;1
Kupplungssatz;479;32176;2;0,0012;3;2;2;2;2;0;0;1;3;2
Kupplungssatz;479;17184;1;0,0006;0;3;3;0;6;0;0;0;3;1
Kupplungssatz;479;18186;3;0,0019;0;3;2;3;4;0;0;0;2;5
Kupplungssatz;479;33482;1;0,0006;0;2;0;0;1;0;0;0;0;1
Kupplungssatz;479;27540;24;0,015;1;2;1;1;2;0;0;1;1;2
Kupplungssatz;479;100548;1;0,0006;1;1;0;2;2;1;0;0;1;2
Kupplungssatz;479;27518;1;0,0006;3;4;6;4;7;2;0;2;6;7
Kupplungssatz;479;109547;1;0,0006;0;0;0;0;0;0;0;0;1;0
Kupplungssatz;479;4084;2;0,0012;0;1;0;0;0;0;0;0;0;0
Kupplungssatz;479;109842;10;0,0062;0;5;4;3;6;0;0;2;2;4
Kupplungssatz;479;118107;2;0,0012;1;1;1;1;4;1;0;1;3;3
Kupplungssatz;479;137221;5;0,0031;0;3;0;2;2;0;0;0;0;0
Kupplungssatz;479;470;36;0,0225;1;1;1;1;3;1;0;1;2;2
Kupplungssatz;479;16572;6;0,0037;0;2;0;0;4;0;0;0;2;2
Kupplungssatz;479;15476;7;0,0044;3;10;6;0;12;1;0;0;8;5
Kupplungssatz;479;106451;8;0,005;0;2;0;1;0;0;0;0;0;1
Kupplungssatz;479;33844;1;0,0006;3;3;3;4;4;1;0;1;2;6
Kupplungssatz;479;108814;2;0,0012;3;3;2;3;5;0;0;2;0;3
Kupplungssatz;479;18907;5;0,0031;0;6;1;0;7;1;0;0;4;2
Kupplungssatz;479;31600;23;0,0144;3;7;6;5;8;2;0;2;4;6
Kupplungssatz;479;116996;2;0,0012;1;3;2;7;2;1;0;2;2;0
Kupplungssatz;479;118609;3;0,0019;0;0;1;0;2;0;0;0;0;4
Kupplungssatz;479;22653;3;0,0019;3;2;1;8;1;3;0;2;2;1
Kupplungssatz;479;120845;1;0,0006;1;1;1;1;2;0;0;0;1;1
Kupplungssatz;479;8469;6;0,0037;1;4;1;1;2;1;0;1;2;1
Kupplungssatz;479;5675;1;0,0006;9;11;6;5;7;1;0;1;9;8
Kupplungssatz;479;108171;2;0,0012;0;1;2;0;1;0;0;0;0;4
Kupplungssatz;479;17128;1;0,0006;4;4;2;2;10;0;0;0;3;6
Kupplungssatz;479;119698;3;0,0019;2;3;1;1;6;0;0;1;2;3
Kupplungssatz;479;23227;1;0,0006;2;4;3;2;7;2;0;1;5;3
Kupplungssatz;479;118954;3;0,0019;0;1;1;1;1;0;0;1;0;1
Kupplungssatz;479;16969;1;0,0006;3;3;5;3;5;1;0;0;4;4
Kupplungssatz;479;18299;10;0,0062;7;6;4;7;7;0;0;0;8;6
Kupplungssatz;479;15267;2;0,0012;0;1;0;2;1;0;0;0;1;1
Kupplungssatz;479;122445;1;0,0006;2;2;1;0;3;0;0;1;1;3
Kupplungssatz;479;24380;1;0,0006;1;1;0;1;0;0;0;0;1;1
Kupplungssatz;479;121967;1;0,0006;3;4;0;2;7;0;0;0;0;0
Kupplungssatz;479;111917;10;0,0062;2;4;2;3;3;0;0;0;3;5
Kupplungssatz;479;5654;2;0,0012;1;1;0;1;3;1;0;1;1;1
Kupplungssatz;479;76;7;0,0044;3;4;2;3;5;0;0;2;5;3
Kupplungssatz;479;18442;29;0,0181;3;4;4;4;3;0;0;2;4;5
Kupplungssatz;479;5549;25;0,0156;2;2;2;2;8;1;0;1;2;3
Kupplungssatz;479;26605;91;0,0568;1;2;2;1;0;2;0;1;1;1
Kupplungssatz;479;33352;14;0,0087;1;3;2;2;4;0;0;1;4;4
Kupplungssatz;479;22511;2;0,0012;2;3;3;3;8;0;0;1;5;5
Kupplungssatz;479;19281;17;0,0106;4;6;5;4;6;0;0;1;4;8
Kupplungssatz;479;23072;88;0,055;4;4;4;4;4;0;0;2;4;8
Kupplungssatz;479;25396;2;0,0012;0;1;0;0;2;1;0;0;0;0
Kupplungssatz;479;17484;377;0,2355;4;5;6;3;15;2;0;2;6;6
Kupplungssatz;479;19290;25;0,0156;9;8;7;6;10;2;0;1;8;6
Kupplungssatz;479;136157;2;0,0012;2;2;0;3;4;0;0;1;1;3
Kupplungssatz;479;17290;14;0,0087;0;1;0;1;1;0;0;0;1;1
Kupplungssatz;479;101102;2;0,0012;4;6;6;8;2;1;0;3;5;5
Kupplungssatz;479;18261;104;0,065;2;4;2;2;4;0;0;0;4;3
Kupplungssatz;479;138702;8;0,005;0;3;1;2;1;0;0;0;0;4
Kupplungssatz;479;17623;2;0,0012;0;4;0;0;2;0;0;0;0;2
Kupplungssatz;479;9252;4;0,0025;0;2;2;2;1;0;0;0;2;2
Kupplungssatz;479;8934;2;0,0012;3;1;1;2;2;1;0;0;1;1
Kupplungssatz;479;108810;5;0,0031;1;3;0;1;3;1;0;1;2;3
Kupplungssatz;479;17809;140;0,0874;4;4;6;3;15;2;0;3;6;7
Kupplungssatz;479;8175;134;0,0837;3;4;2;3;7;0;0;2;5;3
Kupplungssatz;479;18505;8;0,005;5;4;2;4;2;3;0;1;3;1
Kupplungssatz;479;154816;1;0,0006;0;0;0;0;0;0;0;0;0;0
Kupplungssatz;479;19268;8;0,005;4;6;5;4;7;0;0;1;4;8
Kupplungssatz;479;18632;2;0,0012;0;3;0;0;3;0;0;0;0;3
Kupplungssatz;479;1886;6;0,0037;1;4;2;2;3;0;0;0;2;5
Kupplungssatz;479;30325;13;0,0081;0;5;1;3;6;0;0;0;4;4
Kupplungssatz;479;13995;41;0,0256;1;1;1;1;0;1;0;1;1;2
Kupplungssatz;479;133798;3;0,0019;1;2;1;0;2;0;0;0;2;2
Kupplungssatz;479;115004;1;0,0006;0;2;2;2;1;0;0;0;0;0
Kupplungssatz;479;16370;4;0,0025;2;1;2;2;2;2;0;1;2;1
Kupplungssatz;479;7195;4;0,0025;2;2;2;2;5;2;0;2;0;2
Kupplungssatz;479;31551;7;0,0044;2;2;1;2;2;0;0;0;2;4
Kupplungssatz;479;17997;8;0,005;0;2;2;2;2;1;0;2;2;3
Kupplungssatz;479;18972;6;0,0037;2;4;2;2;3;2;0;2;2;4
Kupplungssatz;479;18768;2;0,0012;2;3;3;2;5;1;0;0;0;7
Kupplungssatz;479;10036;13;0,0081;0;2;0;2;5;0;0;0;0;2
Kupplungssatz;479;17512;9;0,0056;2;1;1;1;6;1;0;2;1;1
Kupplungssatz;479;17260;6;0,0037;2;2;2;2;5;0;0;1;2;5
Kupplungssatz;479;141769;2;0,0012;0;2;2;2;3;0;0;0;0;3
Kupplungssatz;479;31955;8;0,005;2;2;0;2;2;0;0;0;0;3
Kupplungssatz;479;6047;4;0,0025;1;2;2;0;3;0;0;0;2;2
Kupplungssatz;479;100648;26;0,0162;2;2;0;0;5;0;0;3;6;6
Kupplungssatz;479;108648;2;0,0012;0;4;2;1;3;0;0;2;0;4
Kupplungssatz;479;31351;8;0,005;0;1;2;1;1;0;0;0;1;1
Kupplungssatz;479;17678;3;0,0019;1;2;1;1;5;1;0;1;2;1
Kupplungssatz;479;134383;3;0,0019;1;1;0;3;7;0;0;0;0;3
Kupplungssatz;479;19643;2;0,0012;3;4;3;3;4;0;0;0;2;6
Kupplungssatz;479;2494;3;0,0019;1;3;2;2;4;0;0;1;4;4
Kupplungssatz;479;106243;4;0,0025;2;3;3;3;4;0;0;2;5;6
Kupplungssatz;479;119477;13;0,0081;2;3;0;2;7;0;0;0;0;3
Kupplungssatz;479;12519;13;0,0081;1;1;1;1;2;0;0;0;1;3
Kupplungssatz;479;28202;3;0,0019;3;2;2;2;3;1;0;0;3;3
Kupplungssatz;479;30474;9;0,0056;3;6;6;2;4;0;0;3;4;7
Kupplungssatz;479;16243;2;0,0012;4;4;0;2;5;0;0;0;4;3
Kupplungssatz;479;7257;15;0,0094;3;8;0;4;5;0;0;0;7;6
Kupplungssatz;479;5619;1;0,0006;2;2;2;2;5;1;0;1;2;3
Kupplungssatz;479;137761;1;0,0006;0;2;1;1;1;0;0;0;2;2
Kupplungssatz;479;57467;1;0,0006;0;0;0;2;0;1;0;0;0;2
Kupplungssatz;479;17307;1;0,0006;1;3;0;0;0;0;0;0;2;2
Kupplungssatz;479;18263;38;0,0237;5;6;1;6;5;0;0;0;2;2
Kupplungssatz;479;26004;4;0,0025;1;3;1;1;3;1;0;1;1;2
Kupplungssatz;479;8803;35;0,0219;2;2;2;2;8;1;0;1;2;3
Kupplungssatz;479;14855;105;0,0656;6;5;8;5;7;0;0;1;7;6
Kupplungssatz;479;9002;26;0,0162;3;2;2;2;5;0;0;2;3;3
Kupplungssatz;479;32093;9;0,0056;1;2;2;2;3;0;0;2;2;4
Kupplungssatz;479;26582;59;0,0369;1;4;1;2;6;0;0;2;1;3
Kupplungssatz;479;19723;226;0,1412;0;4;6;4;7;2;0;2;3;5
Kupplungssatz;479;13648;1;0,0006;0;2;0;0;0;0;0;0;0;1
Kupplungssatz;479;18729;134;0,0837;7;7;7;6;11;2;0;3;8;7
Kupplungssatz;479;33876;22;0,0137;1;3;1;1;2;1;0;0;1;1
Kupplungssatz;479;10593;14;0,0087;1;1;1;0;1;0;0;0;1;1
Kupplungssatz;479;107880;11;0,0069;3;3;2;3;5;0;0;2;5;4
Kupplungssatz;479;33585;22;0,0137;3;2;3;2;4;4;0;2;2;3
Kupplungssatz;479;26607;23;0,0144;2;5;2;3;4;0;0;2;1;6
Kupplungssatz;479;59302;5;0,0031;2;4;0;2;3;2;0;2;2;2
Kupplungssatz;479;108665;14;0,0087;0;4;1;3;7;1;0;0;1;4
Kupplungssatz;479;138287;1;0,0006;0;1;0;1;0;0;0;0;0;2
Kupplungssatz;479;9139;3;0,0019;1;1;3;1;1;2;0;1;1;1
Kupplungssatz;479;147928;8;0,005;0;0;0;0;0;0;0;0;0;0
Kupplungssatz;479;19118;14;0,0087;6;6;5;6;7;0;0;0;7;6
Kupplungssatz;479;14100;22;0,0137;2;3;2;1;3;0;0;0;2;1
Kupplungssatz;479;19896;49;0,0306;1;1;0;1;7;2;0;1;1;1
Kupplungssatz;479;107505;117;0,0731;3;3;3;3;3;0;0;2;3;6
Kupplungssatz;479;113250;10;0,0062;4;2;1;1;2;0;0;2;0;2
Kupplungssatz;479;108815;2;0,0012;3;3;2;3;5;0;0;2;0;3
Kupplungssatz;479;3807;6;0,0037;1;1;2;1;2;1;0;1;1;2
Kupplungssatz;479;33401;23;0,0144;1;3;1;1;2;1;0;1;1;3
Kupplungssatz;479;33707;6;0,0037;3;3;3;3;4;0;0;2;5;6
Kupplungssatz;479;22542;3;0,0019;0;0;0;1;2;0;0;0;0;1
Kupplungssatz;479;15484;31;0,0194;3;6;4;5;9;0;0;0;6;6
Kupplungssatz;479;31156;13;0,0081;3;5;3;3;4;0;0;0;2;7
Kupplungssatz;479;32744;20;0,0125;4;9;6;6;17;3;0;3;8;10
Kupplungssatz;479;115164;5;0,0031;0;3;5;1;2;1;0;1;1;3
Kupplungssatz;479;18300;1;0,0006;6;6;3;6;7;0;0;0;7;4
Kupplungssatz;479;30994;3;0,0019;3;2;0;1;2;0;0;0;0;3
Kupplungssatz;479;109462;2;0,0012;1;4;3;2;2;0;0;1;1;3
Kupplungssatz;479;38703;89;0,0556;2;3;2;3;3;0;0;2;3;2
Kupplungssatz;479;18679;17;0,0106;1;3;3;0;7;0;0;1;3;4
Kupplungssatz;479;1558;2;0,0012;0;2;0;0;1;0;0;0;1;1
Kupplungssatz;479;17728;3;0,0019;2;2;3;2;3;1;0;2;3;3
Kupplungssatz;479;6318;45;0,0281;1;1;2;1;1;0;0;0;1;3
Kupplungssatz;479;1673;3;0,0019;1;4;4;1;1;0;0;0;2;3
Kupplungssatz;479;3924;2;0,0012;1;1;0;0;1;0;0;0;0;1
Kupplungssatz;479;133699;1;0,0006;0;2;0;3;0;0;0;0;0;2
Kupplungssatz;479;124834;2;0,0012;1;3;0;1;4;1;0;1;1;3
Kupplungssatz;479;137758;44;0,0275;0;2;0;2;2;0;0;0;3;3
Kupplungssatz;479;32074;1;0,0006;4;3;0;3;2;0;0;0;0;2
Kupplungssatz;479;26597;2;0,0012;1;2;0;0;3;0;0;0;0;2
Kupplungssatz;479;1399;1;0,0006;0;1;0;1;0;0;0;0;1;1
Kupplungssatz;479;15287;1;0,0006;3;2;2;1;4;0;0;1;0;3
Kupplungssatz;479;142446;3;0,0019;0;3;1;2;2;0;0;0;0;4
Kupplungssatz;479;141969;7;0,0044;0;0;0;1;3;0;0;0;0;3
Kupplungssatz;479;29956;99;0,0618;7;6;2;4;7;3;0;3;5;5
Kupplungssatz;479;58648;66;0,0412;5;6;4;6;8;2;0;4;6;4
Kupplungssatz;479;14811;18;0,0112;3;6;0;4;8;0;0;0;4;5
Kupplungssatz;479;137410;3;0,0019;0;3;0;4;0;0;0;0;2;4
Kupplungssatz;479;11960;61;0,0381;3;3;8;3;4;1;0;2;3;3
Kupplungssatz;479;126219;3;0,0019;1;3;1;0;5;0;0;1;0;1
Kupplungssatz;479;30483;4;0,0025;1;4;1;0;2;0;0;0;0;1
Kupplungssatz;479;14287;104;0,065;2;4;4;1;1;1;0;2;1;1
Kupplungssatz;479;4875;4;0,0025;1;4;1;1;2;1;0;1;1;1
Kupplungssatz;479;15345;7;0,0044;3;3;5;2;4;0;0;2;2;7
Kupplungssatz;479;121587;1;0,0006;0;2;0;2;0;0;0;0;0;0
Kupplungssatz;479;8753;1;0,0006;3;2;2;2;5;0;0;0;2;2
Kupplungssatz;479;5521;12;0,0075;0;3;1;3;3;0;0;0;0;2
Kupplungssatz;479;100810;13;0,0081;2;4;1;1;4;2;0;1;2;5
Kupplungssatz;479;32024;13;0,0081;2;2;3;2;6;1;0;2;2;1
Kupplungssatz;479;116646;10;0,0062;2;2;1;1;2;0;0;1;2;1
Kupplungssatz;479;19395;7;0,0044;4;7;6;3;9;1;0;2;5;9
Kupplungssatz;479;12291;2;0,0012;1;2;1;1;4;1;0;1;2;1
Kupplungssatz;479;20898;41;0,0256;4;7;3;6;8;0;0;3;3;7
Kupplungssatz;479;59385;10;0,0062;2;2;2;3;2;0;0;0;2;2
Kupplungssatz;479;111986;1;0,0006;2;3;2;2;1;0;0;0;3;3
Kupplungssatz;479;122142;5;0,0031;2;1;0;1;3;0;0;0;1;2
Kupplungssatz;479;59599;8;0,005;0;3;3;2;2;1;0;1;3;4
Kupplungssatz;479;6158;5;0,0031;1;2;1;3;2;0;0;0;0;2
Kupplungssatz;479;128678;13;0,0081;1;2;0;2;2;0;0;0;0;4
Kupplungssatz;479;7002;6;0,0037;0;3;1;2;2;0;0;0;2;2
Kupplungssatz;479;133455;7;0,0044;2;4;0;2;3;0;0;1;2;2
Kupplungssatz;479;9818;8;0,005;3;4;1;2;2;1;0;1;2;3
Kupplungssatz;479;128344;3;0,0019;0;4;0;2;2;0;0;0;0;3
Kupplungssatz;479;19438;1;0,0006;3;7;7;7;5;0;0;0;11;9
Kupplungssatz;479;56147;201;0,1255;4;5;5;4;11;0;0;3;5;6
Kupplungssatz;479;16620;1;0,0006;2;2;1;1;3;2;0;0;2;3
Kupplungssatz;479;11786;5;0,0031;1;3;1;2;5;0;0;1;1;2
Kupplungssatz;479;28278;17;0,0106;2;4;2;3;4;0;0;2;1;5
Kupplungssatz;479;52465;1;0,0006;1;4;1;1;5;3;0;1;2;2
Kupplungssatz;479;107885;48;0,03;3;3;2;3;6;0;0;2;5;4
Kupplungssatz;479;5291;32;0,02;4;8;2;6;7;1;0;1;11;4
Kupplungssatz;479;19672;10;0,0062;3;5;3;3;4;0;0;0;2;7
Kupplungssatz;479;27547;1;0,0006;5;6;6;5;10;1;0;3;7;6
Kupplungssatz;479;119467;165;0,1031;2;3;0;2;8;0;0;0;0;3
Kupplungssatz;479;9063;14;0,0087;1;6;7;4;9;1;0;1;6;5
Kupplungssatz;479;16583;1;0,0006;2;4;6;0;2;1;0;0;6;5
Kupplungssatz;479;3446;1;0,0006;1;0;0;1;1;1;0;0;1;0
Kupplungssatz;479;131762;3;0,0019;0;2;0;2;0;0;0;0;0;3
Kupplungssatz;479;33304;23;0,0144;2;9;3;4;8;2;0;2;3;3
Kupplungssatz;479;121442;1;0,0006;0;1;0;2;1;1;0;0;0;2
Kupplungssatz;479;5626;3;0,0019;1;1;1;1;3;0;0;0;1;1
Kupplungssatz;479;19653;3;0,0019;3;4;3;3;4;0;0;0;2;7
Kupplungssatz;479;34280;4;0,0025;5;5;4;2;6;0;0;0;5;6
Kupplungssatz;479;122968;13;0,0081;0;3;1;1;3;1;0;1;1;4
Kupplungssatz;479;32036;9;0,0056;4;5;4;3;8;1;0;1;6;5
Kupplungssatz;479;20095;6;0,0037;3;2;2;2;3;1;0;2;2;4
Kupplungssatz;479;55974;1;0,0006;3;0;1;0;1;2;0;0;0;0
Kupplungssatz;479;24388;34;0,0212;0;2;2;3;6;0;0;2;5;3
Kupplungssatz;479;142805;1;0,0006;0;0;4;0;1;0;0;2;0;1
Kupplungssatz;479;23451;52;0,0325;4;3;3;3;4;1;0;1;3;4
Kupplungssatz;479;32687;1;0,0006;4;5;3;4;6;2;0;3;6;6
Kupplungssatz;479;9056;1;0,0006;1;1;0;0;2;0;0;0;1;2
Kupplungssatz;479;29925;3;0,0019;0;2;2;2;2;0;0;0;2;6
Kupplungssatz;479;123359;12;0,0075;0;3;1;2;3;0;0;1;0;8
Kupplungssatz;479;15557;1;0,0006;0;2;1;0;5;1;0;1;2;2
Kupplungssatz;479;19145;2;0,0012;7;8;7;4;10;2;0;0;8;8
Kupplungssatz;479;18160;8;0,005;2;4;7;2;4;0;0;0;4;4
Kupplungssatz;479;14912;5;0,0031;2;2;4;2;6;0;0;2;2;5
Kupplungssatz;479;145045;1;0,0006;0;1;0;1;1;0;0;0;0;2
Kupplungssatz;479;19821;28;0,0175;6;6;5;5;7;1;0;3;7;8
Kupplungssatz;479;115237;1;0,0006;0;3;2;1;2;0;0;2;0;2
Kupplungssatz;479;116551;10;0,0062;4;5;4;2;2;1;0;0;2;7
Kupplungssatz;479;58903;8;0,005;2;5;2;4;4;0;0;2;5;9
Kupplungssatz;479;23400;2;0,0012;0;4;0;2;4;0;0;0;0;4
Kupplungssatz;479;9175;2;0,0012;4;8;4;5;5;1;0;2;8;9
Kupplungssatz;479;21760;9;0,0056;1;3;1;1;1;1;0;1;1;0
Kupplungssatz;479;11042;18;0,0112;0;2;1;1;3;0;0;0;1;1
Kupplungssatz;479;23494;47;0,0294;2;2;4;2;4;1;0;2;2;4
Kupplungssatz;479;31365;2;0,0012;0;0;0;0;1;0;0;0;0;2
Kupplungssatz;479;20825;8;0,005;1;1;1;1;1;1;0;1;1;2
Kupplungssatz;479;32271;32;0,02;0;2;2;2;2;0;0;0;2;4
Kupplungssatz;479;8315;1;0,0006;1;3;4;1;4;0;0;0;2;2
Kupplungssatz;479;10694;5;0,0031;1;2;1;2;3;2;0;1;2;1
Kupplungssatz;479;19647;1;0,0006;3;5;3;3;4;0;0;0;2;6
Kupplungssatz;479;11419;3;0,0019;4;2;0;0;4;0;0;0;3;1
Kupplungssatz;479;27549;4;0,0025;2;2;0;3;1;1;0;0;0;1
Kupplungssatz;479;9305;9;0,0056;3;8;3;4;7;2;0;2;3;5
Kupplungssatz;479;58882;4;0,0025;3;1;1;1;2;1;0;0;2;3
Kupplungssatz;479;10528;16;0,01;1;2;0;2;4;1;0;2;3;3
Kupplungssatz;479;119985;1;0,0006;0;1;0;1;1;0;0;0;0;1
Kupplungssatz;479;28233;20;0,0125;8;8;10;7;15;2;0;4;11;6
Kupplungssatz;479;17250;5;0,0031;3;2;2;2;3;0;0;0;3;5
Kupplungssatz;479;326;5;0,0031;3;7;2;5;5;0;0;3;3;9
Kupplungssatz;479;24469;1;0,0006;2;3;0;3;1;3;0;0;2;4
Kupplungssatz;479;20035;1;0,0006;1;2;1;0;7;1;0;1;2;2
Kupplungssatz;479;128982;1;0,0006;0;2;0;2;0;0;0;1;0;2
Kupplungssatz;479;145404;1;0,0006;3;0;2;0;5;0;0;0;3;3
Kupplungssatz;479;23399;5;0,0031;0;4;0;2;3;0;0;0;0;4
Kupplungssatz;479;33675;31;0,0194;3;8;5;4;9;0;0;0;5;3
Kupplungssatz;479;109270;11;0,0069;0;3;1;2;2;0;0;1;0;6
Kupplungssatz;479;115188;25;0,0156;0;3;1;1;2;0;0;1;0;2
Kupplungssatz;479;11342;17;0,0106;1;5;5;3;6;2;0;0;5;4
Kupplungssatz;479;117350;1;0,0006;1;1;0;1;4;1;0;1;1;1
Kupplungssatz;479;57510;23;0,0144;2;3;2;2;3;0;0;0;2;4
Kupplungssatz;479;136145;1;0,0006;0;5;0;2;3;0;0;2;5;4
Kupplungssatz;479;128983;1;0,0006;0;2;1;0;1;0;0;0;0;1
Kupplungssatz;479;106071;2;0,0012;3;2;1;1;4;2;0;1;2;2
Kupplungssatz;479;13861;4;0,0025;3;2;2;2;3;0;0;0;3;5
Kupplungssatz;479;311;1;0,0006;0;2;2;1;0;0;0;0;0;2
Kupplungssatz;479;141046;3;0,0019;0;0;0;1;0;0;0;0;0;1
Kupplungssatz;479;145524;6;0,0037;0;1;0;1;1;0;0;0;0;2
Kupplungssatz;479;128467;2;0,0012;0;2;0;2;4;0;0;1;1;2
Kupplungssatz;479;59634;2;0,0012;0;1;0;1;0;0;0;0;0;0
Kupplungssatz;479;17122;8;0,005;2;5;4;3;3;2;0;1;2;3
Kupplungssatz;479;10228;6;0,0037;0;2;1;1;2;0;0;0;1;1
Kupplungssatz;479;18759;1;0,0006;1;2;1;1;2;0;0;0;2;1
Kupplungssatz;479;33301;10;0,0062;1;4;0;3;6;2;0;2;2;4
Kupplungssatz;479;110025;27;0,0169;0;3;1;1;1;0;0;1;0;6
Kupplungssatz;479;10227;7;0,0044;2;3;2;3;7;1;0;0;2;4
Kupplungssatz;479;145815;2;0,0012;0;0;0;1;2;0;0;0;0;2
Kupplungssatz;479;108581;3;0,0019;0;5;1;6;0;0;0;0;0;4
Kupplungssatz;479;5614;3;0,0019;1;3;2;2;5;0;0;1;6;4
Kupplungssatz;479;23180;22;0,0137;0;7;0;3;4;0;0;0;0;3
Kupplungssatz;479;28221;2;0,0012;0;2;1;2;1;0;0;0;2;3
Kupplungssatz;479;18696;3;0,0019;2;2;2;3;2;1;0;2;0;2
Kupplungssatz;479;113301;1;0,0006;0;2;1;2;5;0;0;0;2;2
Kupplungssatz;479;135635;1;0,0006;1;0;2;0;3;0;0;0;2;0
Kupplungssatz;479;6347;3;0,0019;1;1;0;2;2;1;0;0;0;2
Kupplungssatz;479;26606;1;0,0006;1;4;1;4;4;0;0;0;4;4
Kupplungssatz;479;34466;2;0,0012;2;3;0;1;3;0;0;0;1;2
Kupplungssatz;479;100088;1;0,0006;0;6;2;4;4;0;0;2;2;2
Kupplungssatz;479;120653;2;0,0012;2;3;2;3;4;0;0;2;3;4
Kupplungssatz;479;146156;2;0,0012;0;2;1;1;2;0;0;1;0;2
Kupplungssatz;479;137698;1;0,0006;2;1;0;0;6;0;0;0;0;1
Kupplungssatz;479;4776;1;0,0006;2;1;1;1;2;1;0;1;1;1
Kupplungssatz;479;23232;2;0,0012;4;8;4;4;6;0;0;3;3;10
Kupplungssatz;479;142224;2;0,0012;0;2;1;1;1;0;0;0;0;2
Kupplungssatz;479;141059;6;0,0037;2;1;0;1;2;0;0;0;0;1
Kupplungssatz;479;14292;1;0,0006;0;0;0;0;2;0;0;0;1;0
Kupplungssatz;479;32690;2;0,0012;11;12;11;11;16;2;0;6;14;12
Kupplungssatz;479;4691;2;0,0012;0;6;0;1;5;0;0;0;2;3
Kupplungssatz;479;59724;4;0,0025;2;3;0;2;2;0;0;0;0;4
Kupplungssatz;479;107560;4;0,0025;1;3;1;3;5;0;0;2;0;8
Kupplungssatz;479;9708;4;0,0025;3;5;3;3;4;0;0;2;5;9
Kupplungssatz;479;4003;1;0,0006;0;0;0;0;1;0;0;0;0;2
Kupplungssatz;479;2417;1;0,0006;2;1;0;0;3;0;0;0;2;2
Kupplungssatz;479;11348;1;0,0006;0;3;3;1;4;0;0;0;2;1
Kupplungssatz;479;3458;1;0,0006;1;0;0;1;0;0;0;0;1;0
Kupplungssatz;479;17954;1;0,0006;0;1;0;0;1;0;0;0;0;1
Kupplungssatz;479;15264;3;0,0019;1;3;3;0;6;0;0;0;2;3
Kupplungssatz;479;33870;5;0,0031;0;2;1;1;1;0;0;0;1;1
Kupplungssatz;479;16587;1;0,0006;2;2;1;1;4;2;0;0;2;3
Kupplungssatz;479;5573;1;0,0006;3;6;3;2;9;0;0;1;4;7
Kupplungssatz;479;1639;1;0,0006;1;2;1;0;2;0;0;0;1;1
Kupplungssatz;479;54951;1;0,0006;2;4;0;0;5;0;0;0;0;3
Kupplungssatz;479;9130;2;0,0012;3;3;2;3;2;0;0;0;0;3
Kupplungssatz;479;18105;1;0,0006;3;3;2;3;3;1;0;3;3;4
Kupplungssatz;479;31077;3;0,0019;4;7;6;4;3;2;0;3;10;6
Kupplungssatz;479;2373;2;0,0012;1;1;0;1;3;1;0;0;1;1
Kupplungssatz;479;5141;2;0,0012;2;1;2;1;3;0;0;0;2;1
Kupplungssatz;479;19942;32;0,02;2;5;2;2;5;2;0;2;3;2
Kupplungssatz;479;17628;319;0,1992;2;1;1;1;4;2;0;1;1;3
Kupplungssatz;479;18954;10;0,0062;4;3;4;2;3;0;0;3;3;3
Kupplungssatz;479;17220;23;0,0144;1;1;1;1;1;1;0;1;1;1
Kupplungssatz;479;30881;117;0,0731;2;5;3;2;3;1;0;2;2;1
Kupplungssatz;479;22487;14;0,0087;4;3;2;2;3;1;0;1;2;3
Kupplungssatz;479;19393;79;0,0493;2;4;3;5;5;3;0;2;2;1
Kupplungssatz;479;58878;32;0,02;5;8;2;6;7;1;0;1;11;8
Kupplungssatz;479;23387;33;0,0206;1;2;1;1;3;1;0;1;1;1
Kupplungssatz;479;16334;20;0,0125;2;4;3;2;11;2;0;2;4;3
Kupplungssatz;479;57446;7;0,0044;3;3;0;3;0;0;0;0;0;3
Kupplungssatz;479;29928;62;0,0387;1;2;2;2;3;0;0;0;2;4
Kupplungssatz;479;18393;35;0,0219;11;12;13;11;17;2;0;6;14;12
Kupplungssatz;479;133855;1;0,0006;0;0;2;0;0;0;0;0;0;0
Kupplungssatz;479;19353;16;0,01;3;3;3;2;7;2;0;1;4;3
Kupplungssatz;479;25502;23;0,0144;3;4;2;0;3;0;0;0;2;3
Kupplungssatz;479;4615;16;0,01;1;4;4;1;4;0;0;0;2;2
Kupplungssatz;479;1749;9;0,0056;1;1;1;1;2;0;0;0;1;1
Kupplungssatz;479;16842;3;0,0019;2;2;2;2;5;0;0;0;2;4
Kupplungssatz;479;19611;2;0,0012;3;1;4;1;0;3;0;0;0;1
Kupplungssatz;479;105741;1;0,0006;0;1;1;1;1;0;0;1;0;1
Kupplungssatz;479;107517;20;0,0125;4;3;5;3;3;0;0;2;3;8
Kupplungssatz;479;33322;4;0,0025;6;7;6;6;10;1;0;4;7;8
Kupplungssatz;479;23074;12;0,0075;3;2;3;2;2;1;0;2;2;4
Kupplungssatz;479;29967;2;0,0012;5;5;3;3;5;0;0;1;7;5
Kupplungssatz;479;100899;44;0,0275;2;1;1;1;2;0;0;1;1;1
Kupplungssatz;479;3612;24;0,015;1;2;1;2;1;2;0;0;1;1
Kupplungssatz;479;9113;6;0,0037;1;2;0;2;0;0;0;0;0;0
Kupplungssatz;479;17705;6;0,0037;2;1;1;1;2;1;0;1;1;1
Kupplungssatz;479;28180;2;0,0012;0;1;0;1;1;1;0;0;0;1
Kupplungssatz;479;3266;2;0,0012;3;2;0;2;8;1;0;2;1;1
Kupplungssatz;479;17410;5;0,0031;3;5;2;3;3;0;0;0;5;2
Kupplungssatz;479;121963;8;0,005;3;3;2;3;3;0;0;2;3;4
Kupplungssatz;479;10314;44;0,0275;2;2;1;1;4;0;0;1;2;2
Kupplungssatz;479;122714;7;0,0044;2;2;3;2;1;1;0;1;2;0
Kupplungssatz;479;18478;2;0,0012;2;3;2;1;11;1;0;2;3;3
Kupplungssatz;479;5719;35;0,0219;2;3;2;2;6;1;0;0;2;3
Kupplungssatz;479;108026;3;0,0019;2;3;1;1;3;1;0;1;2;1
Kupplungssatz;479;112383;3;0,0019;0;4;2;3;4;0;0;3;2;3
Kupplungssatz;479;57760;4;0,0025;1;4;2;2;2;0;0;0;1;2
Kupplungssatz;479;132581;1;0,0006;2;1;0;2;4;0;0;0;0;3
Kupplungssatz;479;5724;43;0,0269;1;3;4;2;2;0;0;0;3;2
Kupplungssatz;479;999;1;0,0006;1;1;2;0;2;0;0;0;2;3
Kupplungssatz;479;1652;3;0,0019;1;1;1;1;2;0;0;0;1;1
Kupplungssatz;479;26848;16;0,01;3;3;0;3;2;0;0;0;0;3
Kupplungssatz;479;17875;9;0,0056;3;3;3;2;1;2;0;1;5;3
Kupplungssatz;479;18700;27;0,0169;8;10;8;8;17;3;0;4;13;10
Kupplungssatz;479;18691;72;0,045;6;6;5;6;8;1;0;0;7;6
Kupplungssatz;479;9006;2;0,0012;3;4;2;4;3;0;0;0;4;0
Kupplungssatz;479;10527;21;0,0131;1;2;0;2;4;1;0;2;3;3
Kupplungssatz;479;18302;257;0,1605;4;3;4;2;3;0;0;3;3;3
Kupplungssatz;479;33587;18;0,0112;2;4;2;2;3;2;0;2;2;2
Kupplungssatz;479;22469;103;0,0643;8;7;5;4;6;3;0;2;2;1
Kupplungssatz;479;7100;4;0,0025;1;1;1;1;2;1;0;0;1;1
Kupplungssatz;479;17216;72;0,045;1;1;1;1;2;2;0;1;1;1
Kupplungssatz;479;14534;1;0,0006;2;1;1;1;2;2;0;0;0;0
Kupplungssatz;479;3497;5;0,0031;2;1;2;1;3;5;0;1;0;1
Kupplungssatz;479;4853;15;0,0094;1;3;2;1;4;1;0;1;1;2
Kupplungssatz;479;23071;4;0,0025;4;4;0;3;6;4;0;3;5;1
Kupplungssatz;479;16242;1;0,0006;2;3;2;2;2;0;0;0;2;2
Kupplungssatz;479;16865;5;0,0031;5;4;2;4;2;4;0;2;3;2
Kupplungssatz;479;55442;10;0,0062;2;3;2;1;0;1;0;1;1;2
Kupplungssatz;479;30716;6;0,0037;4;7;6;4;5;1;0;1;1;1
Kupplungssatz;479;17871;8;0,005;3;2;1;1;2;1;0;1;1;1
Kupplungssatz;479;22698;7;0,0044;2;2;1;1;2;2;0;1;2;0
Kupplungssatz;479;58946;141;0,0881;3;5;4;4;11;0;0;3;5;6
Kupplungssatz;479;50655;1;0,0006;1;0;3;0;6;2;0;0;0;0
Kupplungssatz;479;10476;13;0,0081;1;3;1;0;3;1;0;0;5;0
Kupplungssatz;479;105581;4;0,0025;2;1;0;2;2;1;0;0;1;2
Kupplungssatz;479;156199;1;0,0006;0;0;0;0;0;0;0;0;0;0
Kupplungssatz;479;18990;3;0,0019;1;1;1;1;6;1;0;0;2;2
Kupplungssatz;479;19923;52;0,0325;3;2;3;2;3;1;0;2;2;3
Kupplungssatz;479;34859;2;0,0012;1;4;2;2;8;1;0;3;8;7
Kupplungssatz;479;19225;12;0,0075;1;1;1;1;1;0;0;0;1;1
Kupplungssatz;479;19957;56;0,035;5;6;6;5;9;1;0;3;7;6
Kupplungssatz;479;23722;9;0,0056;1;2;4;1;10;2;0;1;6;5
Kupplungssatz;479;114894;163;0,1018;0;5;0;3;2;0;0;0;2;3
Kupplungssatz;479;2881;4;0,0025;3;4;0;2;3;1;0;1;2;0
Kupplungssatz;479;18246;31;0,0194;1;2;3;1;3;1;0;1;1;1
Kupplungssatz;479;100493;79;0,0493;2;1;0;2;2;1;0;0;1;2
Kupplungssatz;479;19693;71;0,0443;1;2;1;2;3;1;0;1;1;1
Kupplungssatz;479;18506;21;0,0131;7;7;5;6;5;4;0;2;3;2
Kupplungssatz;479;10212;12;0,0075;2;4;1;1;4;2;0;1;2;5
Kupplungssatz;479;4513;22;0,0137;1;1;0;1;1;2;0;1;1;1
Kupplungssatz;479;117863;1;0,0006;0;1;0;0;0;0;0;0;0;0
Kupplungssatz;479;3801;10;0,0062;1;1;2;1;2;1;0;1;1;1
Kupplungssatz;479;100378;9;0,0056;0;2;0;2;3;0;0;0;2;1
Kupplungssatz;479;16227;3;0,0019;3;3;2;0;3;0;0;0;2;1
Kupplungssatz;479;18479;4;0,0025;2;3;2;1;11;1;0;2;3;3
Kupplungssatz;479;20053;27;0,0169;0;2;0;1;3;1;0;1;1;1
Kupplungssatz;479;28219;31;0,0194;0;5;2;2;6;0;0;1;2;4
Kupplungssatz;479;20038;8;0,005;3;2;2;2;3;1;0;0;3;3
Kupplungssatz;479;5373;4;0,0025;1;1;2;1;3;2;0;1;1;2
Kupplungssatz;479;11486;4;0,0025;1;1;1;1;4;2;0;1;1;1
Kupplungssatz;479;26631;1;0,0006;5;5;4;3;5;1;0;0;6;3
Kupplungssatz;479;28262;3;0,0019;0;1;1;1;1;1;0;0;1;1
Kupplungssatz;479;22513;1;0,0006;4;2;3;1;4;0;0;2;2;2
Kupplungssatz;479;28039;1;0,0006;3;4;2;4;5;0;0;1;2;6
Kupplungssatz;479;15761;5;0,0031;2;1;0;1;3;0;0;0;1;2
Kupplungssatz;479;8991;5;0,0031;2;1;0;1;3;0;0;0;1;2
Kupplungssatz;479;133401;1;0,0006;0;0;6;0;0;0;0;0;0;0
Kupplungssatz;479;107533;1;0,0006;2;3;2;3;4;0;0;2;3;4
Kupplungssatz;479;28255;1;0,0006;4;4;3;3;11;2;0;2;6;7
Kupplungssatz;479;35269;18;0,0112;4;11;5;7;10;2;0;6;9;7
Kupplungssatz;479;9379;1;0,0006;0;2;0;0;0;0;0;0;2;0
Kupplungssatz;479;3897;3;0,0019;2;1;0;1;0;0;0;0;1;1
Kupplungssatz;479;17768;280;0,1749;9;12;9;9;22;3;0;6;13;13
Kupplungssatz;479;107431;2;0,0012;2;3;1;1;2;0;0;0;0;0
Kupplungssatz;479;20545;2;0,0012;1;2;1;0;2;1;0;0;3;1
Kupplungssatz;479;16743;11;0,0069;2;2;3;2;4;0;0;2;3;4
Kupplungssatz;479;22480;18;0,0112;4;3;2;3;3;1;0;1;2;3
Kupplungssatz;479;5396;4;0,0025;1;5;1;7;3;0;0;0;3;5
Kupplungssatz;479;18981;4;0,0025;1;1;1;1;1;1;0;1;1;1
Kupplungssatz;479;115145;1;0,0006;0;1;0;1;3;1;0;1;1;1
Kupplungssatz;479;16298;7;0,0044;2;3;4;2;2;0;0;0;2;2
Kupplungssatz;479;57292;2;0,0012;1;2;0;2;2;0;0;0;2;0
Kupplungssatz;479;127507;1;0,0006;0;2;2;0;1;0;0;1;3;2
Kupplungssatz;479;23449;3;0,0019;1;1;0;1;4;1;0;1;0;1
Kupplungssatz;479;3601;4;0,0025;2;2;4;1;3;6;0;1;1;1
Kupplungssatz;479;401;2;0,0012;0;3;3;1;0;0;0;0;0;3
Kupplungssatz;479;129082;1;0,0006;1;1;1;0;2;0;0;1;1;1
Kupplungssatz;479;15261;1;0,0006;1;1;1;2;1;1;0;1;0;1
Kupplungssatz;479;4818;1;0,0006;1;2;1;1;2;0;0;0;1;1
Kupplungssatz;479;16054;9;0,0056;0;3;1;0;3;1;0;1;1;1
Kupplungssatz;479;18500;17;0,0106;3;3;4;2;5;0;0;3;3;3
Kupplungssatz;479;128526;1;0,0006;0;0;0;0;0;0;0;1;0;2
Kupplungssatz;479;5279;6;0,0037;0;1;0;0;2;0;0;0;1;2
Kupplungssatz;479;58732;2;0,0012;0;1;1;0;1;1;0;1;0;1
Kupplungssatz;479;107424;6;0,0037;2;2;0;0;3;0;0;0;1;2
Kupplungssatz;479;150806;1;0,0006;0;2;0;0;0;0;0;0;0;0
Kupplungssatz;479;133039;3;0,0019;3;5;3;4;6;0;0;1;2;4
Kupplungssatz;479;113866;6;0,0037;0;2;1;2;2;0;0;1;1;1
Kupplungssatz;479;19011;19;0,0119;1;2;1;0;7;1;0;1;2;2
Kupplungssatz;479;161;1;0,0006;0;0;0;1;2;0;0;0;1;1
Kupplungssatz;479;126524;5;0,0031;0;1;0;1;0;0;0;0;0;1
Kupplungssatz;479;8372;1;0,0006;1;1;0;1;1;1;0;1;1;1
Kupplungssatz;479;23301;69;0,0431;3;5;0;5;2;0;0;0;0;3
Kupplungssatz;479;126596;3;0,0019;0;2;0;2;3;0;0;0;0;1
Kupplungssatz;479;57763;3;0,0019;2;3;1;1;2;0;0;0;1;2
Kupplungssatz;479;129510;1;0,0006;2;2;2;1;3;1;0;1;3;3
Kupplungssatz;479;11883;1;0,0006;0;1;0;0;1;0;0;0;0;1
Kupplungssatz;479;100859;1;0,0006;0;1;0;1;1;1;0;0;0;2
Kupplungssatz;479;122143;10;0,0062;0;2;0;2;3;0;0;0;0;3
Kupplungssatz;479;111080;3;0,0019;0;1;0;1;2;1;0;0;1;1
Kupplungssatz;479;107941;5;0,0031;3;2;2;2;4;0;0;0;3;4
Kupplungssatz;479;56853;1;0,0006;1;2;2;0;1;1;0;1;0;1
Kupplungssatz;479;27530;4;0,0025;4;2;1;3;2;1;0;1;2;4
Kupplungssatz;479;642;2;0,0012;2;1;2;2;1;0;0;0;2;1
Kupplungssatz;479;18075;9;0,0056;3;4;5;4;9;0;0;3;4;5
Kupplungssatz;479;19976;9;0,0056;3;3;2;3;3;0;0;0;0;3
Kupplungssatz;479;17292;18;0,0112;1;3;1;4;3;0;0;0;1;2
Kupplungssatz;479;676;1;0,0006;0;2;2;1;0;0;0;0;1;1
Kupplungssatz;479;108564;2;0,0012;3;2;0;3;4;0;0;2;2;3
Kupplungssatz;479;13106;1;0,0006;6;3;5;3;4;1;0;0;5;3
Kupplungssatz;479;1703;2;0,0012;3;4;2;4;5;0;0;1;2;6
Kupplungssatz;479;5264;1;0,0006;2;1;1;1;3;4;0;0;0;1
Kupplungssatz;479;108318;1;0,0006;1;0;0;0;1;0;0;0;0;0
Kupplungssatz;479;4544;1;0,0006;1;1;0;1;3;1;0;1;2;1
Kupplungssatz;479;123614;1;0,0006;0;1;0;0;1;0;0;0;0;0
Kupplungssatz;479;28619;2;0,0012;1;1;1;1;0;1;0;1;1;1
Kupplungssatz;479;14017;4;0,0025;4;2;1;3;2;1;0;1;0;1
Kupplungssatz;479;145822;4;0,0025;0;0;1;1;0;0;0;0;0;2
Kupplungssatz;479;1873;1;0,0006;1;1;1;1;1;0;0;0;1;3
Kupplungssatz;479;130806;1;0,0006;0;0;1;0;0;0;0;0;1;0
Kupplungssatz;479;15517;1;0,0006;1;1;1;1;2;2;0;1;1;1
Kupplungssatz;479;108913;1;0,0006;3;2;1;2;2;0;0;0;2;0
Kupplungssatz;479;31549;1;0,0006;0;2;1;3;3;0;0;0;2;3
Kupplungssatz;479;15606;3;0,0019;1;3;2;3;1;1;0;0;1;1
Kupplungssatz;479;19107;1;0,0006;1;2;2;2;2;1;0;2;2;2
Kupplungssatz;479;113280;2;0,0012;0;2;0;2;2;0;0;0;2;1
Kupplungssatz;479;3527;2;0,0012;5;1;3;2;6;3;0;2;3;2
Kupplungssatz;479;9129;1;0,0006;3;3;2;3;2;0;0;0;0;3
Kupplungssatz;479;53234;1;0,0006;2;2;1;1;2;0;0;1;2;1
Kupplungssatz;479;58759;1;0,0006;1;4;4;1;2;0;0;1;1;5
Kupplungssatz;479;18147;2;0,0012;0;0;0;0;4;0;0;0;0;2
Kupplungssatz;479;1074;1;0,0006;2;2;2;1;2;0;0;0;1;0
Kupplungssatz;479;19620;1;0,0006;4;3;2;3;2;4;0;3;2;4
Kupplungssatz;479;1113;2;0,0012;0;1;1;0;0;0;0;0;1;1
Kupplungssatz;479;14007;5;0,0031;4;2;0;0;4;0;0;0;3;1
Kupplungssatz;479;59425;5;0,0031;0;0;0;1;0;0;0;0;0;0
Kupplungssatz;479;145292;2;0,0012;1;1;0;1;2;0;0;0;0;2
Kupplungssatz;479;10098;2;0,0012;2;2;3;2;2;0;0;1;2;1
Kupplungssatz;479;5407;1;0,0006;0;2;0;0;2;0;0;0;1;2
Kupplungssatz;479;112141;1;0,0006;0;0;0;0;0;0;0;0;0;0
Kupplungssatz;479;7788;1;0,0006;1;1;0;1;1;0;0;0;1;1
Kupplungssatz;479;147455;1;0,0006;0;0;0;0;0;0;0;0;0;1
Kupplungssatz;479;17095;2;0,0012;2;2;0;0;2;0;0;0;2;2
Kupplungssatz;479;10163;75;0,0468;1;2;3;3;3;1;0;2;3;3
Kupplungssatz;479;17242;50;0,0312;0;2;2;2;2;2;0;1;2;2
Kupplungssatz;479;1866;15;0,0094;1;3;3;2;5;0;0;0;3;3
Kupplungssatz;479;14692;32;0,02;1;1;1;1;1;1;0;1;1;1
Kupplungssatz;479;138829;2;0,0012;1;0;1;4;0;0;0;1;0;0
Kupplungssatz;479;132341;6;0,0037;0;1;0;3;7;0;0;0;0;3
Kupplungssatz;479;22677;6;0,0037;0;2;0;0;3;0;0;0;2;3
Kupplungssatz;479;31757;1;0,0006;0;0;1;0;0;0;0;0;0;2
Kupplungssatz;479;5093;19;0,0119;3;5;2;3;5;0;0;0;4;3
Kupplungssatz;479;16199;8;0,005;2;5;1;2;6;0;0;0;2;2
Kupplungssatz;479;14411;3;0,0019;1;1;1;1;3;2;0;1;1;0
Kupplungssatz;479;32025;5;0,0031;1;2;2;4;2;1;0;2;2;1
Kupplungssatz;479;31564;34;0,0212;2;5;3;2;4;1;0;2;2;2
Kupplungssatz;479;23384;2;0,0012;5;4;3;4;4;1;0;0;4;3
Kupplungssatz;479;115672;46;0,0287;0;4;0;3;4;0;0;0;0;3
Kupplungssatz;479;18887;11;0,0069;2;2;2;2;0;1;0;2;2;1
Kupplungssatz;479;22327;4;0,0025;0;2;1;2;0;0;0;0;2;0
Kupplungssatz;479;10224;2;0,0012;0;3;3;1;3;0;0;0;2;1
Kupplungssatz;479;19809;9;0,0056;3;7;3;3;7;0;0;0;6;6
Kupplungssatz;479;23228;11;0,0069;1;3;2;1;4;1;0;1;1;2
Kupplungssatz;479;19520;8;0,005;3;7;2;3;9;0;0;0;6;8
Kupplungssatz;479;132806;6;0,0037;2;4;0;2;1;1;0;2;0;2
Kupplungssatz;479;3637;3;0,0019;2;1;1;1;2;1;0;1;1;1
Kupplungssatz;479;6094;1;0,0006;4;2;2;1;3;0;0;0;2;0
Kupplungssatz;479;115179;4;0,0025;0;1;0;1;3;1;0;1;1;2
Kupplungssatz;479;5686;1;0,0006;2;2;2;2;3;2;0;1;2;1
Kupplungssatz;479;7925;1;0,0006;0;3;0;2;3;0;0;0;2;2
Kupplungssatz;479;105877;48;0,03;2;3;3;1;4;0;0;0;3;5
Kupplungssatz;479;128289;10;0,0062;3;6;3;4;6;0;0;0;3;3
Kupplungssatz;479;7699;13;0,0081;2;2;1;0;2;2;0;1;0;2
Kupplungssatz;479;2723;120;0,075;2;4;1;1;4;2;0;1;2;5
Kupplungssatz;479;25450;16;0,01;1;5;2;2;3;2;0;2;3;3
Kupplungssatz;479;145889;7;0,0044;0;2;2;0;1;0;0;0;0;5
Kupplungssatz;479;15966;2;0,0012;3;3;3;3;4;0;0;1;3;3
Kupplungssatz;479;19627;115;0,0718;1;3;3;2;7;0;0;2;5;4
Kupplungssatz;479;22684;15;0,0094;3;6;6;4;8;0;0;3;4;7
Kupplungssatz;479;15937;1;0,0006;0;1;1;1;1;0;0;0;1;1
Kupplungssatz;479;19588;12;0,0075;9;8;6;4;12;2;0;1;11;4
Kupplungssatz;479;25056;2;0,0012;0;2;0;0;2;0;0;0;0;0
Kupplungssatz;479;115879;3;0,0019;1;0;1;1;0;1;0;1;1;0
Kupplungssatz;479;31357;3;0,0019;3;6;3;5;8;1;0;3;4;4
Kupplungssatz;479;23493;42;0,0262;2;2;4;3;4;1;0;1;2;4
Kupplungssatz;479;118703;3;0,0019;2;4;1;2;3;0;0;1;3;2
Kupplungssatz;479;16364;45;0,0281;1;1;2;1;2;1;0;1;2;1
Kupplungssatz;479;58980;49;0,0306;2;2;2;2;3;2;0;1;0;2
Kupplungssatz;479;100040;33;0,0206;1;5;2;3;8;0;0;1;2;3
Kupplungssatz;479;28236;442;0,2761;2;2;2;2;6;1;0;2;2;2
Kupplungssatz;479;118804;10;0,0062;2;2;3;2;4;0;0;1;1;3
Kupplungssatz;479;113242;12;0,0075;2;0;3;1;0;0;0;1;0;0
Kupplungssatz;479;10211;28;0,0175;3;3;2;3;3;0;0;0;0;3
Kupplungssatz;479;19628;121;0,0756;1;3;3;2;7;0;0;2;5;4
Kupplungssatz;479;105919;16;0,01;1;4;3;2;5;0;0;2;0;2
Kupplungssatz;479;31522;8;0,005;0;2;1;1;0;0;0;0;1;1
Kupplungssatz;479;30845;193;0,1205;4;4;5;4;4;2;0;4;2;1
Kupplungssatz;479;31136;20;0,0125;2;2;1;2;1;1;0;1;0;2
Kupplungssatz;479;18974;4;0,0025;2;3;2;1;9;1;0;2;3;3
Kupplungssatz;479;7932;18;0,0112;1;3;4;2;2;0;0;0;3;2
Kupplungssatz;479;58540;11;0,0069;2;3;2;3;4;0;0;2;3;3
Kupplungssatz;479;19813;29;0,0181;2;3;3;2;3;2;0;1;5;3
Kupplungssatz;479;18873;1;0,0006;0;1;2;1;2;0;0;0;1;1
Kupplungssatz;479;27446;1;0,0006;0;0;0;1;0;0;0;0;0;0
Kupplungssatz;479;55609;4;0,0025;1;2;3;1;0;0;0;1;1;1
Kupplungssatz;479;59340;7;0,0044;1;6;1;4;6;1;0;2;2;2
Kupplungssatz;479;14926;6;0,0037;0;5;1;3;6;0;0;0;4;4
Kupplungssatz;479;130989;8;0,005;0;1;1;0;3;1;0;1;1;1
Kupplungssatz;479;31153;35;0,0219;0;5;2;4;3;0;0;0;0;2
Kupplungssatz;479;1868;16;0,01;1;1;3;1;3;1;0;0;1;2
Kupplungssatz;479;32044;14;0,0087;1;2;1;1;2;1;0;1;1;1
Kupplungssatz;479;4125;1;0,0006;1;1;1;1;1;1;0;0;1;1
Kupplungssatz;479;1659;15;0,0094;1;3;4;1;1;0;0;0;2;3
Kupplungssatz;479;19223;9;0,0056;2;3;3;2;5;1;0;0;6;3
Kupplungssatz;479;120603;5;0,0031;1;1;1;1;2;0;0;0;1;1
Kupplungssatz;479;5135;7;0,0044;1;4;2;1;1;1;0;1;1;1
Kupplungssatz;479;10304;4;0,0025;3;3;3;0;3;2;0;1;5;3
Kupplungssatz;479;14373;1;0,0006;1;1;0;1;0;0;0;0;0;1
Kupplungssatz;479;14790;4;0,0025;1;1;1;1;0;1;0;1;1;1
Kupplungssatz;479;17690;8;0,005;1;1;1;1;1;1;0;1;1;1
Kupplungssatz;479;133575;2;0,0012;1;2;1;3;5;0;0;1;3;4
Kupplungssatz;479;20041;17;0,0106;3;2;2;2;3;1;0;0;3;3
Kupplungssatz;479;17993;14;0,0087;3;4;4;2;8;2;0;1;5;3
Kupplungssatz;479;19577;13;0,0081;5;5;3;3;5;0;0;1;7;5
Kupplungssatz;479;16546;6;0,0037;2;3;3;2;2;2;0;1;2;0
Kupplungssatz;479;16523;79;0,0493;1;2;0;1;3;1;0;1;1;1
Kupplungssatz;479;101110;24;0,015;4;3;6;3;4;1;0;2;3;3
Kupplungssatz;479;33246;22;0,0137;1;4;1;2;4;1;0;2;1;3
Kupplungssatz;479;57597;14;0,0087;0;5;5;3;6;0;0;2;2;4
Kupplungssatz;479;26611;23;0,0144;0;2;1;1;1;0;0;0;1;1
Kupplungssatz;479;28044;3;0,0019;2;4;0;2;2;0;0;1;0;0
Kupplungssatz;479;5600;56;0,035;1;4;2;1;4;0;0;0;1;2
Kupplungssatz;479;17502;8;0,005;2;4;6;3;10;0;0;2;7;8
Kupplungssatz;479;55734;1;0,0006;1;0;0;0;0;0;0;0;0;0
Kupplungssatz;479;18085;11;0,0069;1;2;1;1;3;1;0;1;2;2
Kupplungssatz;479;15756;11;0,0069;3;2;2;2;5;0;0;2;3;3
Kupplungssatz;479;119696;7;0,0044;0;3;1;1;1;1;0;3;1;2
Kupplungssatz;479;4616;8;0,005;0;3;1;1;1;0;0;0;1;1
Kupplungssatz;479;123426;10;0,0062;2;6;3;4;5;0;0;1;2;3
Kupplungssatz;479;31062;15;0,0094;1;4;2;2;3;0;0;0;2;1
Kupplungssatz;479;58868;1;0,0006;1;1;2;1;1;1;0;1;1;2
Kupplungssatz;479;19330;50;0,0312;1;2;1;1;5;1;0;1;2;2
Kupplungssatz;479;114357;10;0,0062;7;5;5;5;8;0;0;4;0;2
Kupplungssatz;479;15614;2;0,0012;1;2;1;1;1;1;0;1;0;1
Kupplungssatz;479;4095;3;0,0019;1;2;2;1;2;0;0;1;1;3
Kupplungssatz;479;9984;4;0,0025;4;3;2;2;5;0;0;2;3;3
Kupplungssatz;479;32275;1;0,0006;0;5;2;3;2;0;0;0;2;5
Kupplungssatz;479;22496;12;0,0075;2;5;2;2;2;2;0;2;3;2
Kupplungssatz;479;114332;134;0,0837;1;1;6;1;5;1;0;3;1;1
Kupplungssatz;479;24367;2;0,0012;1;3;3;2;7;0;0;2;5;4
Kupplungssatz;479;5103;3;0,0019;3;2;1;2;2;0;0;0;1;2
Kupplungssatz;479;33131;30;0,0187;1;1;1;1;1;2;0;0;1;2
Kupplungssatz;479;126081;10;0,0062;0;3;1;2;6;0;0;0;1;2
Kupplungssatz;479;18403;4;0,0025;0;2;0;1;2;0;0;0;1;1
Kupplungssatz;479;100089;5;0,0031;0;6;2;4;4;0;0;2;2;2
Kupplungssatz;479;148171;1;0,0006;0;1;1;0;1;0;0;0;0;0
Kupplungssatz;479;32787;58;0,0362;8;10;11;9;13;1;0;6;12;9
Kupplungssatz;479;30950;1;0,0006;0;0;0;0;0;0;0;0;0;0
Kupplungssatz;479;31129;1;0,0006;3;4;0;1;5;2;0;0;3;4
Kupplungssatz;479;19696;5;0,0031;0;1;1;1;1;2;0;0;1;1
Kupplungssatz;479;32982;1;0,0006;1;1;0;1;0;1;0;1;1;1
Kupplungssatz;479;23829;2;0,0012;1;2;1;1;3;1;0;1;2;2
Kupplungssatz;479;17725;8;0,005;2;2;2;2;2;1;0;2;2;3
Kupplungssatz;479;16557;17;0,0106;2;3;3;2;3;2;0;1;2;0
Kupplungssatz;479;105904;27;0,0169;2;3;2;3;4;0;0;2;3;4
Kupplungssatz;479;113901;6;0,0037;0;3;0;2;4;1;0;2;1;1
Kupplungssatz;479;142738;1;0,0006;0;0;1;0;3;0;0;0;0;0
Kupplungssatz;479;23263;3;0,0019;1;1;2;1;2;1;0;1;1;2
Kupplungssatz;479;33640;1;0,0006;2;2;1;1;2;2;0;0;1;0
Kupplungssatz;479;127326;1;0,0006;0;2;0;2;1;0;0;0;0;2
Kupplungssatz;479;16198;15;0,0094;2;5;0;2;7;0;0;0;2;2
Kupplungssatz;479;18935;26;0,0162;2;3;1;1;3;1;0;0;5;4
Kupplungssatz;479;31607;29;0,0181;2;6;6;4;7;2;0;2;4;5
Kupplungssatz;479;28234;18;0,0112;2;4;3;2;6;0;0;2;2;6
Kupplungssatz;479;110040;21;0,0131;2;3;0;2;2;0;0;0;0;2
Kupplungssatz;479;31043;3;0,0019;0;2;0;0;0;0;0;0;0;0
Kupplungssatz;479;23169;15;0,0094;1;1;1;1;3;1;0;0;1;1
Kupplungssatz;479;107421;14;0,0087;0;3;1;1;2;0;0;0;0;2
Kupplungssatz;479;22523;1;0,0006;2;4;3;3;10;0;0;1;5;6
Kupplungssatz;479;120629;1;0,0006;0;3;1;3;5;0;0;2;2;3
Kupplungssatz;479;131250;19;0,0119;0;3;0;4;0;0;0;0;2;4
Kupplungssatz;479;23049;18;0,0112;3;7;2;2;4;0;0;1;4;6
Kupplungssatz;479;10690;8;0,005;2;3;5;1;1;0;0;0;2;1
Kupplungssatz;479;126082;2;0,0012;0;3;1;2;6;0;0;0;1;1
Kupplungssatz;479;143680;1;0,0006;0;2;0;1;1;0;0;1;0;1
Kupplungssatz;479;17720;3;0,0019;0;0;0;0;0;1;0;0;0;0
Kupplungssatz;479;19974;7;0,0044;1;1;1;1;1;0;0;0;1;1
Kupplungssatz;479;31084;1;0,0006;2;2;1;2;3;2;0;2;2;2
Kupplungssatz;479;111110;1;0,0006;0;3;0;2;1;0;0;0;0;2
Kupplungssatz;479;19259;2;0,0012;0;2;1;1;2;0;0;0;2;1
Kupplungssatz;479;11208;1;0,0006;2;5;1;4;12;1;0;1;7;5
Kupplungssatz;479;17074;1;0,0006;2;2;1;1;5;0;0;0;2;2
Kupplungssatz;479;27769;1;0,0006;3;7;2;5;5;0;0;1;2;7
Kupplungssatz;479;19;1;0,0006;0;0;1;0;0;0;0;0;0;1
Kupplungssatz;479;57309;2;0,0012;3;3;3;3;4;0;0;1;3;3
Kupplungssatz;479;126567;92;0,0575;0;2;0;1;0;0;0;0;2;1
Kupplungssatz;479;2844;2;0,0012;0;2;0;0;0;0;0;0;1;2
Kupplungssatz;479;117811;7;0,0044;1;5;3;4;7;0;0;2;1;4
Kupplungssatz;479;33128;1;0,0006;0;2;1;3;4;0;0;0;2;3
Kupplungssatz;479;15995;66;0,0412;1;2;1;2;3;2;0;2;2;2
Kupplungssatz;479;139926;1;0,0006;0;3;0;4;0;0;0;0;2;4
Kupplungssatz;479;5591;4;0,0025;1;1;1;1;2;0;0;0;1;1
Kupplungssatz;479;58546;42;0,0262;1;2;1;3;1;0;0;0;2;2
Kupplungssatz;479;29965;2;0,0012;1;3;3;1;5;0;0;0;2;5
Kupplungssatz;479;31112;6;0,0037;1;4;1;2;4;1;0;2;1;3
Kupplungssatz;479;11268;6;0,0037;4;4;3;2;3;1;0;0;3;2
Kupplungssatz;479;13821;1;0,0006;0;0;0;0;0;0;0;0;0;0
Kupplungssatz;479;9048;2;0,0012;1;6;4;0;4;0;0;0;4;3
Kupplungssatz;479;145243;12;0,0075;1;3;0;2;7;1;0;1;0;6
Kupplungssatz;479;13930;4;0,0025;3;4;0;4;4;4;0;3;3;4
Kupplungssatz;479;16939;3;0,0019;4;3;5;3;3;3;0;2;3;3
Kupplungssatz;479;9298;6;0,0037;1;2;1;1;4;2;0;1;2;2
Kupplungssatz;479;453;2;0,0012;1;2;1;0;1;0;0;0;1;2
Kupplungssatz;479;9712;1;0,0006;2;2;1;0;2;0;0;0;2;0
Kupplungssatz;479;119278;22;0,0137;1;5;3;3;4;0;0;2;0;8
Kupplungssatz;479;10281;5;0,0031;2;1;1;1;1;2;0;1;1;0
Kupplungssatz;479;29968;7;0,0044;5;5;3;3;5;0;0;1;7;5
Kupplungssatz;479;12526;1;0,0006;1;4;0;5;3;0;0;0;3;4
Kupplungssatz;479;5726;6;0,0037;1;5;4;1;4;0;0;0;2;3
Kupplungssatz;479;18902;7;0,0044;2;2;2;1;5;0;0;0;3;2
Kupplungssatz;479;6882;3;0,0019;2;3;3;2;4;1;0;3;3;4
Kupplungssatz;479;26765;1;0,0006;1;2;0;2;2;0;0;0;2;0
Kupplungssatz;479;55681;1;0,0006;0;3;2;1;5;1;0;2;0;2
Kupplungssatz;479;22527;1;0,0006;3;6;2;3;8;0;0;0;6;8
Kupplungssatz;479;16574;1;0,0006;3;3;4;3;4;0;0;1;3;7
Kupplungssatz;479;100764;1;0,0006;0;1;0;1;1;0;0;0;0;1
Kupplungssatz;479;30755;12;0,0075;1;2;2;1;1;1;0;1;1;2
Kupplungssatz;479;59621;1;0,0006;0;4;2;3;4;0;0;2;2;4
Kupplungssatz;479;2716;1;0,0006;0;0;0;0;0;0;0;0;1;0
Kupplungssatz;479;8760;1;0,0006;1;1;1;0;0;0;0;0;1;2
Kupplungssatz;479;18466;8;0,005;0;1;0;0;0;0;0;0;0;1
Kupplungssatz;479;130309;1;0,0006;1;0;1;0;1;0;0;1;1;0
Kupplungssatz;479;15480;7;0,0044;3;10;7;0;11;1;0;0;8;5
Kupplungssatz;479;5583;1;0,0006;0;1;1;1;1;0;0;0;1;1
Kupplungssatz;479;15097;1;0,0006;3;3;4;1;4;1;0;0;3;2
Kupplungssatz;479;131527;1;0,0006;2;3;8;0;4;1;0;2;3;0
Kupplungssatz;479;132518;2;0,0012;0;2;0;1;0;0;0;0;0;2
Kupplungssatz;479;136789;1;0,0006;0;0;0;0;0;0;0;0;0;0
Kupplungssatz;479;3964;2;0,0012;0;2;2;2;1;0;0;0;1;2
Kupplungssatz;479;30842;88;0,055;2;1;1;1;1;0;0;1;1;2
Kupplungssatz;479;14163;37;0,0231;1;0;1;1;1;1;0;1;1;0
Kupplungssatz;479;119597;8;0,005;1;1;1;0;1;1;0;1;1;1
Kupplungssatz;479;15127;6;0,0037;1;1;1;1;0;1;0;2;1;1
Kupplungssatz;479;8471;41;0,0256;1;1;2;1;2;2;0;1;1;1
Kupplungssatz;479;15524;17;0,0106;1;1;1;1;1;1;0;1;1;2
Kupplungssatz;479;963;4;0,0025;0;2;0;0;2;0;0;0;2;2
Kupplungssatz;479;18699;3;0,0019;1;2;0;2;2;0;0;0;0;2
Kupplungssatz;479;58890;10;0,0062;1;1;1;1;3;1;0;1;1;2
Kupplungssatz;479;33270;30;0,0187;1;1;1;2;3;1;0;1;1;2
Kupplungssatz;479;57590;11;0,0069;0;3;4;2;2;1;0;1;2;4
Kupplungssatz;479;5408;1;0,0006;1;2;0;0;1;0;0;0;0;1
Kupplungssatz;479;8366;16;0,01;1;1;1;1;1;1;0;1;1;0
Kupplungssatz;479;7863;45;0,0281;1;2;3;1;0;0;0;0;1;1
Kupplungssatz;479;2128;9;0,0056;2;1;1;1;4;0;0;0;1;1
Kupplungssatz;479;15453;7;0,0044;0;3;1;4;4;0;0;0;2;3
Kupplungssatz;479;34957;29;0,0181;10;10;10;10;15;2;0;5;16;7
Kupplungssatz;479;33347;34;0,0212;1;3;2;2;4;0;0;1;4;4
Kupplungssatz;479;59720;3;0,0019;1;1;1;1;6;2;0;1;1;1
Kupplungssatz;479;119702;7;0,0044;0;1;2;1;1;0;0;0;0;0
Kupplungssatz;479;9342;2;0,0012;4;6;0;2;6;0;0;0;4;3
Kupplungssatz;479;11082;1;0,0006;2;1;2;1;3;0;0;0;2;1
Kupplungssatz;479;130894;3;0,0019;0;2;0;2;3;0;0;0;2;1
Kupplungssatz;479;28130;21;0,0131;1;1;2;1;2;1;0;2;1;2
Kupplungssatz;479;30418;57;0,0356;1;3;4;3;5;0;0;1;3;2
Kupplungssatz;479;28251;13;0,0081;2;4;1;2;6;1;0;0;2;1
Kupplungssatz;479;31061;10;0,0062;1;4;2;2;3;0;0;0;2;1
Kupplungssatz;479;11160;5;0,0031;7;10;2;10;7;1;0;2;16;7
Kupplungssatz;479;4427;1;0,0006;1;1;1;1;1;1;0;1;1;1
Kupplungssatz;479;16872;7;0,0044;0;0;0;0;0;0;0;1;1;0
Kupplungssatz;479;137659;2;0,0012;2;1;0;0;4;0;0;0;0;1
Kupplungssatz;479;14440;1;0,0006;3;6;0;4;7;0;0;0;4;4
Kupplungssatz;479;15458;141;0,0881;2;5;5;2;3;2;0;1;4;3
Kupplungssatz;479;57396;10;0,0062;5;9;5;7;14;3;0;4;8;8
Kupplungssatz;479;9101;1;0,0006;0;1;0;0;1;0;0;0;0;0
Kupplungssatz;479;7265;1;0,0006;0;0;0;0;1;0;0;0;1;0
Kupplungssatz;479;101108;34;0,0212;4;3;6;3;4;1;0;2;3;3
Kupplungssatz;479;23243;1;0,0006;1;2;1;1;2;1;0;1;1;2
Kupplungssatz;479;19990;14;0,0087;0;3;0;2;2;0;0;0;0;2
Kupplungssatz;479;4022;11;0,0069;3;1;0;1;2;4;0;1;0;1
Kupplungssatz;479;5972;15;0,0094;1;4;1;1;2;1;0;1;1;1
Kupplungssatz;479;18886;364;0,2273;4;7;4;4;8;0;0;1;4;8
Kupplungssatz;479;132797;40;0,025;0;0;0;1;7;1;0;3;0;4
Kupplungssatz;479;16160;4;0,0025;2;2;1;1;1;1;0;0;2;3
Kupplungssatz;479;10248;62;0,0387;0;2;2;2;3;0;0;2;3;3
Kupplungssatz;479;18242;11;0,0069;2;2;4;2;5;0;0;2;3;5
Kupplungssatz;479;30875;33;0,0206;2;5;3;2;3;2;0;2;2;1
Kupplungssatz;479;28135;8;0,005;3;4;0;1;2;1;0;0;2;1
Kupplungssatz;479;17347;19;0,0119;4;3;4;2;1;5;0;2;3;2
Kupplungssatz;479;23447;25;0,0156;2;2;1;1;1;0;0;1;1;1
Kupplungssatz;479;58735;4;0,0025;1;1;1;1;5;1;0;1;0;2
Kupplungssatz;479;12783;2;0,0012;5;4;3;4;7;1;0;0;4;6
Kupplungssatz;479;11246;13;0,0081;1;1;2;2;2;2;0;1;1;1
Kupplungssatz;479;117850;21;0,0131;1;4;1;2;7;1;0;2;2;3
Kupplungssatz;479;55799;6;0,0037;2;2;2;2;0;2;0;1;2;2
Kupplungssatz;479;119611;4;0,0025;1;2;2;1;1;1;0;1;2;0
Kupplungssatz;479;142884;8;0,005;1;4;2;0;11;3;0;1;6;5
Kupplungssatz;479;50635;13;0,0081;2;2;3;1;1;2;0;0;1;0
Kupplungssatz;479;133493;1;0,0006;0;1;1;1;5;0;0;0;0;2
Kupplungssatz;479;134730;6;0,0037;0;1;0;1;0;0;0;0;2;0
Kupplungssatz;479;115112;2;0,0012;0;1;0;1;3;0;0;0;0;0
Kupplungssatz;479;129782;14;0,0087;0;0;1;2;0;0;0;0;0;1
Kupplungssatz;479;123366;1;0,0006;0;1;1;0;3;0;0;1;1;3
Kupplungssatz;479;10307;7;0,0044;2;1;1;1;2;1;0;1;0;0
Kupplungssatz;479;28218;6;0,0037;0;2;2;2;3;0;0;0;2;4
Kupplungssatz;479;18456;15;0,0094;3;4;6;2;7;2;0;1;5;3
Kupplungssatz;479;55098;73;0,0456;2;4;3;3;5;0;0;2;5;3
Kupplungssatz;479;24471;9;0,0056;4;3;1;3;2;3;0;0;2;4
Kupplungssatz;479;32119;21;0,0131;2;2;2;2;3;0;0;0;2;2
Kupplungssatz;479;132787;17;0,0106;0;0;0;1;2;0;0;3;0;3
Kupplungssatz;479;7760;4;0,0025;0;0;0;0;2;0;0;0;1;1
Kupplungssatz;479;28250;19;0,0119;1;2;1;1;5;1;0;1;1;1
Kupplungssatz;479;32387;17;0,0106;2;5;6;5;6;0;0;0;8;3
Kupplungssatz;479;5305;12;0,0075;1;4;4;2;2;0;0;0;2;2
Kupplungssatz;479;54980;4;0,0025;0;1;1;1;1;1;0;0;2;1
Kupplungssatz;479;1947;3;0,0019;1;1;1;1;2;0;0;0;1;2
Kupplungssatz;479;17185;13;0,0081;3;3;2;0;3;0;0;0;3;1
Kupplungssatz;479;138600;23;0,0144;1;1;0;1;2;0;0;0;1;0
Kupplungssatz;479;4735;5;0,0031;1;1;0;0;1;0;0;0;1;1
Kupplungssatz;479;25510;37;0,0231;3;3;0;3;2;0;0;0;0;3
Kupplungssatz;479;107814;17;0,0106;2;3;6;0;4;1;0;2;3;3
Kupplungssatz;479;137091;1;0,0006;1;0;1;0;2;1;0;0;0;1
Kupplungssatz;479;115204;31;0,0194;0;3;4;2;3;0;0;0;2;2
Kupplungssatz;479;31603;3;0,0019;0;3;0;1;1;0;0;1;0;2
Kupplungssatz;479;125202;1;0,0006;1;0;0;0;0;0;0;0;0;0
Kupplungssatz;479;2098;1;0,0006;1;1;0;0;2;0;0;0;1;0
Kupplungssatz;479;25155;1;0,0006;1;1;0;1;0;0;0;0;0;0
Kupplungssatz;479;6698;10;0,0062;1;1;1;1;4;1;0;1;0;1
Kupplungssatz;479;17441;4;0,0025;2;3;2;2;6;1;0;3;4;3
Kupplungssatz;479;19598;6;0,0037;2;2;2;2;2;0;0;0;2;2
Kupplungssatz;479;10350;1;0,0006;2;4;0;2;2;2;0;0;2;1
Kupplungssatz;479;784504;3;0,0019;0;0;0;0;0;0;0;0;0;0
Kupplungssatz;479;270;1;0,0006;0;0;0;0;1;0;0;0;0;2
Kupplungssatz;479;30141;3;0,0019;3;5;3;3;6;2;0;2;3;2
Kupplungssatz;479;16880;10;0,0062;0;1;3;1;1;0;0;0;1;2
Kupplungssatz;479;114330;4;0,0025;7;6;4;6;7;0;0;4;7;6
Kupplungssatz;479;33317;6;0,0037;2;5;7;3;6;2;0;2;4;3
Kupplungssatz;479;14776;7;0,0044;0;1;0;0;1;0;0;0;0;1
Kupplungssatz;479;17898;1;0,0006;0;1;1;1;1;0;0;0;1;1
Kupplungssatz;479;57495;24;0,015;2;2;2;3;2;0;0;0;2;2
Kupplungssatz;479;23427;1;0,0006;4;2;1;3;2;1;0;1;2;4
Kupplungssatz;479;10458;6;0,0037;3;6;4;3;4;0;0;1;7;5
Kupplungssatz;479;10599;5;0,0031;1;1;1;2;0;1;0;2;1;1
Kupplungssatz;479;22953;3;0,0019;1;2;2;1;4;0;0;0;3;3
Kupplungssatz;479;34082;2;0,0012;0;1;0;2;1;1;0;0;1;3
Kupplungssatz;479;24257;1;0,0006;5;6;6;1;10;1;0;3;7;6
Kupplungssatz;479;19940;3;0,0019;1;2;2;1;2;2;0;1;1;1
Kupplungssatz;479;14836;1;0,0006;6;6;4;6;9;0;0;0;7;6
Kupplungssatz;479;33673;243;0,1518;0;3;2;2;3;0;0;0;2;2
Kupplungssatz;479;16687;7;0,0044;5;4;2;4;3;4;0;2;3;1
Kupplungssatz;479;152591;3;0,0019;0;0;0;0;0;0;0;0;0;0
Kupplungssatz;479;158018;1;0,0006;0;0;0;0;2;0;0;0;0;3
Kupplungssatz;479;5709;5;0,0031;4;3;4;3;4;0;0;1;3;7
Kupplungssatz;479;20544;2;0,0012;1;0;1;1;2;1;0;0;1;0
Kupplungssatz;479;116873;2;0,0012;0;0;0;0;0;0;0;1;1;1
Kupplungssatz;479;15465;2;0,0012;6;3;4;2;3;1;0;0;5;0
Kupplungssatz;479;4301;2;0,0012;1;1;2;1;2;1;0;1;1;1
Kupplungssatz;479;57466;3;0,0019;0;1;0;1;0;0;0;0;0;2
Kupplungssatz;479;15415;76;0,0475;2;3;4;2;2;0;0;0;2;2
Kupplungssatz;479;23471;2;0,0012;1;2;1;1;1;1;0;1;1;1
Kupplungssatz;479;113440;4;0,0025;1;2;2;1;2;0;0;1;1;2
Kupplungssatz;479;123427;3;0,0019;0;4;2;1;0;0;0;0;0;1
Kupplungssatz;479;56785;1;0,0006;1;3;3;2;8;1;0;2;1;3
Kupplungssatz;479;56758;3;0,0019;4;5;2;3;3;0;0;1;2;4
Kupplungssatz;479;11966;3;0,0019;3;3;8;3;4;1;0;2;3;3
Kupplungssatz;479;205;8;0,005;0;1;0;0;0;0;0;0;0;1
Kupplungssatz;479;59463;1;0,0006;3;4;2;3;4;0;0;0;2;6
Kupplungssatz;479;19800;3;0,0019;2;2;3;2;2;1;0;1;2;0
Kupplungssatz;479;133861;1;0,0006;0;0;0;0;0;0;0;0;0;0
Kupplungssatz;479;19548;13;0,0081;2;2;2;2;3;2;0;0;4;3
Kupplungssatz;479;154985;1;0,0006;0;0;0;0;0;0;0;0;0;0
Kupplungssatz;479;101112;2;0,0012;4;3;6;3;4;1;0;2;3;3
Kupplungssatz;479;22951;6;0,0037;0;2;2;3;3;0;0;0;0;2
Kupplungssatz;479;11791;7;0,0044;2;3;2;3;3;0;0;0;2;4
Kupplungssatz;479;18675;13;0,0081;0;1;1;1;1;0;0;0;1;1
Kupplungssatz;479;15827;3;0,0019;2;3;2;1;3;2;0;1;1;2
Kupplungssatz;479;128287;7;0,0044;0;5;1;3;3;0;0;0;1;4
Kupplungssatz;479;140122;3;0,0019;0;1;2;1;1;0;0;0;0;5
Kupplungssatz;479;17281;3;0,0019;2;3;3;1;10;1;0;2;3;3
Kupplungssatz;479;8962;1;0,0006;0;1;2;1;1;1;0;0;1;1
Kupplungssatz;479;125093;2;0,0012;2;2;0;2;1;0;0;1;0;2
Kupplungssatz;479;22506;8;0,005;4;2;3;1;4;0;0;2;2;2
Kupplungssatz;479;31152;6;0,0037;0;5;3;4;3;0;0;0;0;2
Kupplungssatz;479;27208;2;0,0012;2;2;1;1;4;2;0;0;2;2
Kupplungssatz;479;26633;13;0,0081;5;3;2;6;3;1;0;1;2;5
Kupplungssatz;479;3560;1;0,0006;3;3;2;3;1;0;0;0;0;2
Kupplungssatz;479;24472;2;0,0012;1;3;3;2;4;0;0;0;2;2
Kupplungssatz;479;109843;3;0,0019;0;4;2;1;3;0;0;1;2;1
Kupplungssatz;479;30870;2;0,0012;0;7;1;6;2;0;0;0;0;2
Kupplungssatz;479;20093;2;0,0012;2;1;2;1;2;3;0;0;1;0
Kupplungssatz;479;5322;1;0,0006;0;2;1;1;2;0;0;0;1;1
Kupplungssatz;479;33267;6;0,0037;0;2;1;1;0;0;0;0;1;1
Kupplungssatz;479;1859;1;0,0006;0;2;1;1;1;1;0;0;1;1
Kupplungssatz;479;15997;5;0,0031;0;1;2;1;1;0;0;0;0;1
Kupplungssatz;479;55101;1;0,0006;1;3;2;3;0;1;0;1;2;6
Kupplungssatz;479;7924;2;0,0012;0;4;0;4;4;0;0;0;1;2
Kupplungssatz;479;18036;90;0,0562;1;1;0;1;1;1;0;1;1;1
Kupplungssatz;479;116187;78;0,0487;3;3;3;3;8;0;0;2;5;4
Kupplungssatz;479;17779;31;0,0194;0;3;1;1;2;1;0;1;1;2
Kupplungssatz;479;19469;29;0,0181;1;2;3;1;10;1;0;0;1;3
Kupplungssatz;479;9030;50;0,0312;1;1;1;1;1;1;0;1;1;1
Kupplungssatz;479;15627;6;0,0037;1;2;1;1;3;0;0;0;0;1
Kupplungssatz;479;112138;4;0,0025;3;4;2;4;5;2;0;2;0;3
Kupplungssatz;479;9429;49;0,0306;1;1;1;1;1;2;0;2;2;1
Kupplungssatz;479;15968;34;0,0212;1;1;0;1;1;2;0;2;1;0
Kupplungssatz;479;3595;1;0,0006;2;0;0;1;1;2;0;0;0;0
Kupplungssatz;479;51;11;0,0069;1;1;1;1;2;0;0;0;1;1
Kupplungssatz;479;31157;8;0,005;3;5;3;3;4;0;0;0;2;7
Kupplungssatz;479;18671;12;0,0075;2;3;5;5;9;1;0;2;7;5
Kupplungssatz;479;120273;20;0,0125;1;4;1;2;7;1;0;2;2;2
Kupplungssatz;479;131650;31;0,0194;0;2;0;1;0;0;0;0;0;1
Kupplungssatz;479;19991;402;0,2511;1;1;1;2;2;1;0;1;1;1
Kupplungssatz;479;5329;4;0,0025;0;1;1;1;2;0;0;0;1;1
Kupplungssatz;479;17459;52;0,0325;1;1;1;2;1;2;0;1;0;1
Kupplungssatz;479;31997;5;0,0031;4;4;3;3;4;1;0;0;3;6
Kupplungssatz;479;34745;5;0,0031;2;2;3;2;3;2;0;1;3;4
Kupplungssatz;479;18689;38;0,0237;6;6;5;6;6;0;0;0;7;6
Kupplungssatz;479;16550;3;0,0019;1;0;1;0;0;0;0;1;0;0
Kupplungssatz;479;32870;34;0,0212;3;3;3;3;4;0;0;1;3;3
Kupplungssatz;479;52439;12;0,0075;3;4;2;2;2;1;0;2;4;1
Kupplungssatz;479;18586;583;0,3641;4;2;2;2;2;3;0;2;1;1
Kupplungssatz;479;28507;16;0,01;3;4;2;2;5;0;0;0;4;2
Kupplungssatz;479;19354;124;0,0774;1;3;1;1;4;1;0;1;2;2
Kupplungssatz;479;7659;18;0,0112;3;3;3;3;4;0;0;1;3;3
Kupplungssatz;479;19694;9;0,0056;1;2;1;2;3;1;0;1;1;1
Kupplungssatz;479;17733;6;0,0037;2;2;2;2;3;1;0;2;3;2
Kupplungssatz;479;8710;1;0,0006;2;2;1;2;2;1;0;2;2;1
Kupplungssatz;479;19668;2;0,0012;3;4;3;3;4;0;0;0;2;7
Kupplungssatz;479;58575;1;0,0006;4;6;3;5;4;2;0;2;6;0
Kupplungssatz;479;16998;19;0,0119;1;1;2;1;1;1;0;1;1;0
Kupplungssatz;479;30895;4;0,0025;2;1;0;2;0;0;0;0;0;1
Kupplungssatz;479;55574;9;0,0056;4;1;2;2;4;3;0;3;1;3
Kupplungssatz;479;128277;11;0,0069;0;4;0;2;3;0;0;1;1;2
Kupplungssatz;479;30876;1;0,0006;2;2;0;2;1;1;0;0;0;0
Kupplungssatz;479;18386;2;0,0012;2;3;2;1;9;1;0;1;3;1
Kupplungssatz;479;12344;1;0,0006;2;3;3;2;3;0;0;0;4;2
Kupplungssatz;479;24548;9;0,0056;0;1;0;1;0;0;0;0;0;0
Kupplungssatz;479;30963;15;0,0094;0;2;1;2;1;0;0;0;2;3
Kupplungssatz;479;31570;8;0,005;2;2;2;2;2;0;0;0;0;3
Kupplungssatz;479;107882;12;0,0075;3;3;2;3;5;0;0;2;5;4
Kupplungssatz;479;19860;97;0,0606;2;2;3;2;2;1;0;2;2;3
Kupplungssatz;479;107540;3;0,0019;3;2;1;2;3;0;0;0;2;1
Kupplungssatz;479;101154;101;0,0631;1;3;0;2;1;1;0;0;1;2
Kupplungssatz;479;23383;25;0,0156;8;8;5;4;12;2;0;1;11;9
Kupplungssatz;479;106326;127;0,0793;1;1;1;2;1;1;0;1;0;1
Kupplungssatz;479;18096;52;0,0325;3;6;2;3;3;0;0;1;3;3
Kupplungssatz;479;31135;4;0,0025;2;2;1;2;1;1;0;1;0;2
Kupplungssatz;479;5345;4;0,0025;1;2;0;1;3;1;0;1;1;2
Kupplungssatz;479;23194;28;0,0175;2;3;1;2;4;1;0;0;2;1
Kupplungssatz;479;17745;81;0,0506;2;3;4;3;6;0;0;2;3;3
Kupplungssatz;479;18027;24;0,015;1;2;3;2;4;1;0;2;2;1
Kupplungssatz;479;32893;11;0,0069;4;3;4;3;4;0;0;1;3;7
Kupplungssatz;479;15473;15;0,0094;2;2;2;0;8;0;0;0;3;2
Kupplungssatz;479;33724;63;0,0393;2;4;4;3;3;2;0;2;3;5
Kupplungssatz;479;712;5;0,0031;2;3;2;2;2;0;0;0;2;4
Kupplungssatz;479;14162;6;0,0037;0;1;0;0;2;0;0;0;1;2
Kupplungssatz;479;5620;31;0,0194;2;2;1;2;5;1;0;1;2;2
Kupplungssatz;479;33837;86;0,0537;1;1;1;1;5;1;0;1;1;2
Kupplungssatz;479;28583;79;0,0493;2;5;2;2;3;2;0;2;3;3
Kupplungssatz;479;131488;10;0,0062;0;1;0;1;2;0;0;0;2;2
Kupplungssatz;479;4502;2;0,0012;1;1;1;1;2;1;0;1;1;1
Kupplungssatz;479;16189;1;0,0006;2;5;1;2;8;0;0;0;2;2
Kupplungssatz;479;20099;3;0,0019;3;2;1;2;3;2;0;2;2;4
Kupplungssatz;479;16327;11;0,0069;2;5;1;2;8;0;0;0;2;2
Kupplungssatz;479;9895;7;0,0044;3;1;1;1;2;1;0;0;2;3
Kupplungssatz;479;9248;1;0,0006;2;7;3;3;4;1;0;1;5;5
Kupplungssatz;479;2316;3;0,0019;2;2;2;0;5;1;0;0;2;2
Kupplungssatz;479;15810;8;0,005;3;3;4;3;2;1;0;0;4;4
Kupplungssatz;479;108463;86;0,0537;3;2;2;3;1;1;0;1;2;2
Kupplungssatz;479;19838;2;0,0012;2;4;0;2;4;1;0;0;0;3
Kupplungssatz;479;142981;1;0,0006;0;4;0;2;3;1;0;0;0;2
Kupplungssatz;479;20846;1;0,0006;1;3;1;1;3;1;0;0;1;2
Kupplungssatz;479;32609;235;0,1468;5;10;8;7;17;3;0;4;8;12
Kupplungssatz;479;119576;8;0,005;3;3;3;3;4;0;0;1;3;3
Kupplungssatz;479;18995;1;0,0006;1;2;1;1;8;1;0;1;2;2
Kupplungssatz;479;4538;6;0,0037;1;1;2;1;2;1;0;0;1;1
Kupplungssatz;479;17313;5;0,0031;3;4;1;1;4;1;0;0;2;2
Kupplungssatz;479;119703;6;0,0037;0;1;1;1;1;0;0;1;1;0
Kupplungssatz;479;33823;18;0,0112;1;2;1;1;4;1;0;1;2;1
Kupplungssatz;479;7960;4;0,0025;0;0;2;0;0;0;0;0;0;0
Kupplungssatz;479;5412;2;0,0012;0;4;1;2;3;0;0;0;2;2
Kupplungssatz;479;19954;1;0,0006;2;2;1;2;3;1;0;0;3;2
Kupplungssatz;479;18452;65;0,0406;3;6;1;6;7;1;0;1;7;6
Kupplungssatz;479;32892;25;0,0156;3;3;4;3;4;0;0;1;3;7
Kupplungssatz;479;11043;10;0,0062;4;6;3;4;5;0;0;3;5;10
Kupplungssatz;479;1553;9;0,0056;3;1;0;1;3;3;0;0;0;2
Kupplungssatz;479;57589;21;0,0131;0;3;1;2;2;0;0;1;1;3
Kupplungssatz;479;138123;9;0,0056;0;3;0;2;4;1;0;1;2;2
Kupplungssatz;479;5997;1;0,0006;1;0;1;1;1;0;0;1;0;0
Kupplungssatz;479;19113;34;0,0212;2;7;3;3;4;1;0;1;5;5
Kupplungssatz;479;1611;26;0,0162;5;7;5;12;2;3;0;2;5;0
Kupplungssatz;479;18686;49;0,0306;3;4;6;4;9;0;0;3;4;5
Kupplungssatz;479;1797;12;0,0075;1;1;1;1;2;1;0;0;1;1
Kupplungssatz;479;17143;3;0,0019;1;5;3;3;4;1;0;0;3;3
Kupplungssatz;479;27625;1;0,0006;0;2;0;0;3;0;0;0;2;2
Kupplungssatz;479;100413;8;0,005;7;4;2;3;6;3;0;3;5;4
Kupplungssatz;479;21157;1;0,0006;2;1;1;2;1;1;0;1;1;1
Kupplungssatz;479;11489;4;0,0025;0;1;0;1;2;0;0;0;1;2
Kupplungssatz;479;19601;13;0,0081;5;5;4;3;5;0;0;1;7;5
Kupplungssatz;479;108640;12;0,0075;0;2;0;2;1;0;0;1;0;2
Kupplungssatz;479;145861;12;0,0075;0;3;0;2;2;0;0;0;0;3
Kupplungssatz;479;18480;6;0,0037;2;3;2;1;9;1;0;2;3;3
Kupplungssatz;479;25445;7;0,0044;1;2;2;2;2;0;0;0;3;2
Kupplungssatz;479;144208;1;0,0006;0;2;1;1;2;1;0;0;0;2
Kupplungssatz;479;16584;7;0,0044;2;2;1;1;3;2;0;0;2;3
Kupplungssatz;479;8785;6;0,0037;1;1;1;2;1;2;0;1;1;0
Kupplungssatz;479;1817;3;0,0019;1;2;3;2;3;0;0;1;2;4
Kupplungssatz;479;19798;2;0,0012;2;3;2;2;3;0;0;0;3;3
Kupplungssatz;479;58797;2;0,0012;0;1;1;1;1;0;0;1;1;1
Kupplungssatz;479;2740;2;0,0012;1;1;0;1;0;0;0;0;1;1
Kupplungssatz;479;22954;1;0,0006;1;2;2;1;4;0;0;0;3;3
Kupplungssatz;479;54921;1;0,0006;0;2;2;2;3;0;0;0;0;2
Kupplungssatz;479;125183;2;0,0012;0;2;0;2;0;0;0;0;0;2
Kupplungssatz;479;9648;2;0,0012;0;3;0;3;2;0;0;0;3;3
Kupplungssatz;479;16649;12;0,0075;1;1;2;1;1;1;0;1;1;1
Kupplungssatz;479;17395;31;0,0194;1;4;1;1;2;2;0;2;1;1
Kupplungssatz;479;1361;1;0,0006;0;1;0;1;0;0;0;0;1;1
Kupplungssatz;479;16065;10;0,0062;6;5;7;5;4;0;0;1;5;5
Kupplungssatz;479;14657;65;0,0406;0;2;2;3;1;2;0;2;2;2
Kupplungssatz;479;3219;1;0,0006;1;0;0;0;1;1;0;0;0;0
Kupplungssatz;479;4545;1;0,0006;0;1;0;1;1;0;0;0;1;0
Kupplungssatz;479;30877;5;0,0031;4;2;1;3;2;1;0;1;0;1
Kupplungssatz;479;16470;27;0,0169;4;3;3;3;3;1;0;3;3;3
Kupplungssatz;479;18758;8;0,005;2;3;2;1;5;0;0;0;4;3
Kupplungssatz;479;17781;13;0,0081;1;4;4;4;5;0;0;0;3;3
Kupplungssatz;479;55108;9;0,0056;2;2;2;2;3;1;0;2;2;2
Kupplungssatz;479;10399;1;0,0006;0;1;2;1;1;0;0;0;0;0
Kupplungssatz;479;19141;1;0,0006;0;2;0;0;3;0;0;0;0;2
Kupplungssatz;479;8319;1;0,0006;2;2;0;1;2;0;0;0;2;1
Kupplungssatz;479;19677;3;0,0019;2;3;2;3;5;2;0;3;3;1
Kupplungssatz;479;6443;3;0,0019;3;1;1;1;2;1;0;0;2;3
Kupplungssatz;479;22537;3;0,0019;1;1;2;1;4;0;0;0;2;1
Kupplungssatz;479;9469;2;0,0012;2;2;1;2;1;0;0;0;2;2
Kupplungssatz;479;359;1;0,0006;4;5;2;7;7;1;0;0;8;0
Kupplungssatz;479;317;68;0,0425;1;4;1;2;4;0;0;2;1;3
Kupplungssatz;479;32260;136;0,0849;1;3;2;4;6;0;0;3;5;3
Kupplungssatz;479;13950;3;0,0019;3;6;4;3;4;0;0;1;7;5
Kupplungssatz;479;119881;9;0,0056;0;0;0;0;2;0;0;0;1;2
Kupplungssatz;479;106250;9;0,0056;2;3;3;3;4;0;0;2;5;6
Kupplungssatz;479;26836;17;0,0106;3;5;0;5;2;0;0;0;0;3
Kupplungssatz;479;10812;12;0,0075;0;3;2;2;3;0;0;1;2;3
Kupplungssatz;479;19666;29;0,0181;1;2;0;2;3;1;0;1;1;1
Kupplungssatz;479;19981;41;0,0256;6;7;8;5;5;2;0;1;4;11
Kupplungssatz;479;5745;14;0,0087;1;4;0;2;2;2;0;0;2;1
Kupplungssatz;479;22660;5;0,0031;2;1;1;2;2;0;0;0;1;1
Kupplungssatz;479;115192;17;0,0106;3;3;4;3;5;0;0;2;3;2
Kupplungssatz;479;17179;4;0,0025;1;1;1;1;1;1;0;0;0;1
Kupplungssatz;479;16244;6;0,0037;4;6;0;2;5;0;0;0;4;3
Kupplungssatz;479;101054;5;0,0031;2;2;2;2;3;1;0;2;2;3
Kupplungssatz;479;128574;1;0,0006;1;2;1;0;3;1;0;1;0;1
Kupplungssatz;479;5950;11;0,0069;1;3;1;1;1;1;0;0;1;1
Kupplungssatz;479;19099;1;0,0006;1;1;1;1;5;0;0;0;0;2
Kupplungssatz;479;28282;3;0,0019;8;10;9;9;14;1;0;5;12;7
Kupplungssatz;479;9038;1;0,0006;1;2;0;0;2;0;0;0;0;1
Kupplungssatz;479;2960;5;0,0031;0;0;0;0;1;0;0;0;0;4
Kupplungssatz;479;135953;1;0,0006;0;1;0;1;0;0;0;0;0;1
Kupplungssatz;479;1071;3;0,0019;2;2;2;1;3;0;0;0;1;1
Kupplungssatz;479;6754;2;0,0012;1;0;1;1;2;0;0;0;1;1
Kupplungssatz;479;17758;1;0,0006;2;0;1;1;2;1;0;0;1;1
Kupplungssatz;479;9058;6;0,0037;2;5;4;3;9;2;0;0;4;3
Kupplungssatz;479;55298;1;0,0006;1;3;1;3;4;1;0;1;1;3
Kupplungssatz;479;143335;1;0,0006;1;2;0;2;3;0;0;2;0;4
Kupplungssatz;479;8999;1;0,0006;3;4;2;4;3;0;0;0;4;0
Kupplungssatz;479;17348;2;0,0012;1;1;1;1;1;0;0;2;1;0
Kupplungssatz;479;5594;2;0,0012;2;1;2;2;5;1;0;0;2;3
Kupplungssatz;479;32630;99;0,0618;1;4;1;2;3;1;0;2;1;4
Kupplungssatz;479;1827;1;0,0006;1;3;2;1;3;1;0;0;2;2
Kupplungssatz;479;120695;1;0,0006;0;0;0;0;0;0;0;0;0;1
Kupplungssatz;479;118496;4;0,0025;6;5;4;5;9;0;0;4;5;5
Kupplungssatz;479;120662;8;0,005;2;3;2;3;4;0;0;2;3;4
Kupplungssatz;479;8230;1;0,0006;1;1;0;0;0;0;0;0;1;1
Kupplungssatz;479;19597;2;0,0012;2;2;2;2;2;0;0;0;2;2
Kupplungssatz;479;1774;8;0,005;1;1;1;1;1;0;0;0;1;1
Kupplungssatz;479;26911;3;0,0019;0;2;1;2;4;0;0;0;0;3
Kupplungssatz;479;122139;1;0,0006;1;4;1;2;5;1;0;2;0;2
Kupplungssatz;479;127358;3;0,0019;3;2;0;2;4;1;0;2;2;3
Kupplungssatz;479;6316;3;0,0019;1;1;1;0;0;0;0;0;1;2
Kupplungssatz;479;59062;1;0,0006;1;3;1;2;5;0;0;1;1;2
Kupplungssatz;479;31566;4;0,0025;3;2;1;3;2;1;0;1;0;1
Kupplungssatz;479;135621;2;0,0012;0;2;0;1;1;0;0;0;0;1
Kupplungssatz;479;46337;1;0,0006;0;0;0;0;0;0;0;0;0;0
Kupplungssatz;479;19271;1;0,0006;0;4;1;1;2;2;0;2;1;1
Kupplungssatz;479;8892;6;0,0037;0;1;0;0;1;0;0;0;0;0
Kupplungssatz;479;117828;1;0,0006;2;3;3;0;3;0;0;1;0;0
Kupplungssatz;479;25507;1;0,0006;1;2;0;2;0;0;0;0;0;0
Kupplungssatz;479;14981;1;0,0006;5;6;3;7;9;0;0;0;8;6
Kupplungssatz;479;133035;1;0,0006;0;3;2;0;1;0;0;0;0;5
Kupplungssatz;479;57508;94;0,0587;1;1;0;1;1;1;0;1;1;0
Kupplungssatz;479;33245;14;0,0087;1;4;1;2;4;1;0;2;1;3
Kupplungssatz;479;32813;27;0,0169;1;4;1;2;4;1;0;2;1;3
Kupplungssatz;479;22503;6;0,0037;11;12;9;11;17;2;0;6;14;12
Kupplungssatz;479;147266;8;0,005;0;0;0;0;2;0;0;0;0;3
Kupplungssatz;479;14285;3;0,0019;0;0;0;0;2;0;0;0;1;1
Kupplungssatz;479;22488;9;0,0056;2;8;2;1;4;1;0;1;4;4
Kupplungssatz;479;7240;11;0,0069;0;1;0;3;4;3;0;0;2;3
Kupplungssatz;479;11172;48;0,03;2;2;2;2;8;1;0;1;2;3
Kupplungssatz;479;142255;18;0,0112;0;0;1;0;0;0;0;0;0;1
Kupplungssatz;479;126572;8;0,005;2;2;0;2;1;0;0;1;0;2
Kupplungssatz;479;22682;97;0,0606;3;6;6;4;7;0;0;3;4;7
Kupplungssatz;479;56144;48;0,03;0;4;3;2;3;1;0;1;2;4
Kupplungssatz;479;19978;113;0,0706;6;8;8;6;5;2;0;1;4;11
Kupplungssatz;479;19862;26;0,0162;2;2;1;1;3;0;0;1;1;1
Kupplungssatz;479;23381;3;0,0019;2;5;2;5;5;1;0;1;5;6
Kupplungssatz;479;17174;48;0,03;1;2;2;1;3;1;0;1;1;1
Kupplungssatz;479;25504;1;0,0006;0;3;2;0;3;3;0;0;2;4
Kupplungssatz;479;15486;10;0,0062;3;6;4;5;9;0;0;0;6;6
Kupplungssatz;479;11313;6;0,0037;1;3;1;3;3;0;0;2;2;2
Kupplungssatz;479;25474;27;0,0169;1;2;2;1;4;0;0;0;3;3
Kupplungssatz;479;8444;1;0,0006;1;2;5;1;3;0;0;0;2;2
Kupplungssatz;479;3993;1;0,0006;0;2;0;0;3;0;0;0;1;3
Kupplungssatz;479;9400;3;0,0019;0;1;1;1;1;0;0;0;1;1
Kupplungssatz;479;8422;2;0,0012;1;2;2;2;2;2;0;2;1;1
Kupplungssatz;479;8984;11;0,0069;1;1;1;1;1;1;0;0;1;1
Kupplungssatz;479;15762;16;0,01;2;1;0;1;3;0;0;0;1;2
Kupplungssatz;479;11779;18;0,0112;2;4;2;1;6;0;0;0;2;4
Kupplungssatz;479;112373;40;0,025;1;2;1;2;4;1;0;1;3;3
Kupplungssatz;479;15447;3;0,0019;5;6;5;5;8;0;0;0;5;4
Kupplungssatz;479;9202;8;0,005;1;1;1;1;3;1;0;1;1;1
Kupplungssatz;479;57353;30;0,0187;3;6;4;6;6;2;0;4;6;7
Kupplungssatz;479;9399;14;0,0087;0;1;1;1;1;0;0;0;1;1
Kupplungssatz;479;133259;8;0,005;0;2;1;2;4;1;0;1;1;1
Kupplungssatz;479;30972;192;0,1199;1;2;2;1;2;1;0;2;2;2
Kupplungssatz;479;19274;48;0,03;1;2;1;1;2;1;0;1;1;2
Kupplungssatz;479;6760;3;0,0019;2;1;2;3;3;4;0;1;1;1
Kupplungssatz;479;113430;10;0,0062;1;1;1;1;1;0;0;1;0;1
Kupplungssatz;479;32268;34;0,0212;3;4;2;4;5;0;0;1;2;6
Kupplungssatz;479;941;1;0,0006;1;1;0;0;1;0;0;0;1;1
Kupplungssatz;479;106465;10;0,0062;3;3;1;3;4;1;0;2;3;2
Kupplungssatz;479;3930;11;0,0069;0;1;2;0;0;0;0;1;1;1
Kupplungssatz;479;31163;9;0,0056;1;2;0;2;4;0;0;1;2;1
Kupplungssatz;479;14328;9;0,0056;3;1;1;1;2;2;0;1;1;1
Kupplungssatz;479;31060;14;0,0087;1;4;2;2;4;0;0;0;2;1
Kupplungssatz;479;30005;5;0,0031;0;2;2;1;1;0;0;0;0;1
Kupplungssatz;479;8775;4;0,0025;0;3;0;3;2;0;0;0;3;2
Kupplungssatz;479;17272;8;0,005;1;3;3;2;7;0;0;2;5;4
Kupplungssatz;479;22461;6;0,0037;0;4;0;2;5;0;0;0;0;4
Kupplungssatz;479;17575;14;0,0087;2;2;1;1;4;2;0;0;1;1
Kupplungssatz;479;31338;18;0,0112;3;5;4;4;12;1;0;1;5;7
Kupplungssatz;479;19256;329;0,2055;3;2;2;2;2;2;0;2;2;1
Kupplungssatz;479;26659;27;0,0169;0;4;2;1;4;2;0;1;3;2
Kupplungssatz;479;9891;48;0,03;1;2;0;2;6;0;0;0;0;2
Kupplungssatz;479;14413;14;0,0087;4;3;2;2;2;0;0;0;3;2
Kupplungssatz;479;16814;39;0,0244;1;2;3;1;3;1;0;2;1;1
Kupplungssatz;479;55764;1;0,0006;0;1;0;0;0;0;0;0;0;0
Kupplungssatz;479;58647;14;0,0087;5;6;6;6;9;2;0;4;6;4
Kupplungssatz;479;131194;2;0,0012;2;2;2;0;3;0;0;0;2;0
Kupplungssatz;479;18155;2;0,0012;0;1;1;0;1;0;0;0;1;1
Kupplungssatz;479;13928;16;0,01;0;0;0;1;0;0;0;0;1;3
Kupplungssatz;479;34004;1;0,0006;0;2;0;0;0;0;0;0;0;0
Kupplungssatz;479;52395;7;0,0044;1;3;1;2;5;0;0;1;1;2
Kupplungssatz;479;14636;3;0,0019;0;1;1;1;2;0;0;0;2;2
Kupplungssatz;479;18472;3;0,0019;1;1;1;1;1;1;0;0;0;0
Kupplungssatz;479;134487;2;0,0012;3;3;3;0;3;1;0;0;5;0
Kupplungssatz;479;16322;1;0,0006;0;2;2;1;2;0;0;0;1;2
Kupplungssatz;479;9140;3;0,0019;1;1;2;1;2;2;0;1;1;1
Kupplungssatz;479;30473;85;0,0531;6;8;6;5;8;2;0;1;4;11
Kupplungssatz;479;22554;7;0,0044;1;2;0;1;3;0;0;0;1;2
Kupplungssatz;479;145046;1;0,0006;0;0;0;0;2;0;0;0;0;1
Kupplungssatz;479;10821;8;0,005;2;1;1;1;2;1;0;1;1;1
Kupplungssatz;479;5579;8;0,005;1;2;2;2;6;0;0;2;2;0
Kupplungssatz;479;15638;2;0,0012;1;1;0;1;5;1;0;0;1;2
Kupplungssatz;479;56018;270;0,1686;1;1;0;1;1;1;0;1;1;0
Kupplungssatz;479;16044;14;0,0087;1;2;3;1;3;0;0;0;2;2
Kupplungssatz;479;23369;10;0,0062;0;5;0;0;2;0;0;0;2;1
Kupplungssatz;479;11036;20;0,0125;1;2;1;1;1;1;0;1;2;1
Kupplungssatz;479;9897;5;0,0031;3;1;1;1;2;1;0;0;2;3
Kupplungssatz;479;101100;5;0,0031;4;5;6;8;2;1;0;3;5;5
Kupplungssatz;479;1916;7;0,0044;1;1;1;1;1;0;0;0;1;3
Kupplungssatz;479;23154;7;0,0044;2;3;2;2;3;0;0;0;2;2
Kupplungssatz;479;106264;8;0,005;3;3;2;3;3;0;0;2;3;4
Kupplungssatz;479;315;4;0,0025;1;4;1;2;2;0;0;1;1;4
Kupplungssatz;479;116703;1;0,0006;0;2;3;2;2;0;0;0;0;1
Kupplungssatz;479;135283;6;0,0037;0;3;0;2;6;0;0;0;0;3
Kupplungssatz;479;19827;1;0,0006;1;1;1;1;5;0;0;0;1;2
Kupplungssatz;479;133510;7;0,0044;0;10;6;1;7;0;0;1;4;0
Kupplungssatz;479;20074;1;0,0006;3;5;2;1;5;0;0;0;4;2
Kupplungssatz;479;19882;2;0,0012;1;0;1;1;0;1;0;1;0;0
Kupplungssatz;479;131391;8;0,005;1;0;0;1;0;0;0;0;0;1
Kupplungssatz;479;33683;47;0,0294;1;4;1;2;4;0;0;2;1;3
Kupplungssatz;479;13945;11;0,0069;3;4;1;4;4;3;0;3;3;3
Kupplungssatz;479;6739;1;0,0006;2;2;1;1;4;1;0;1;0;1
Kupplungssatz;479;112390;21;0,0131;1;2;1;2;4;1;0;1;3;3
Kupplungssatz;479;14577;4;0,0025;2;1;0;1;3;0;0;0;1;2
Kupplungssatz;479;15715;15;0,0094;3;6;5;6;7;2;0;3;6;5
Kupplungssatz;479;17817;84;0,0525;1;1;1;1;1;1;0;1;1;2
Kupplungssatz;479;17564;4;0,0025;0;0;0;0;2;1;0;0;0;2
Kupplungssatz;479;5417;1;0,0006;0;2;2;1;4;1;0;0;3;0
Kupplungssatz;479;18577;1;0,0006;1;4;1;0;11;0;0;0;0;3
Kupplungssatz;479;106246;1;0,0006;1;5;1;3;3;0;0;2;2;8
Kupplungssatz;479;15642;8;0,005;3;3;2;3;3;0;0;0;5;2
Kupplungssatz;479;107418;20;0,0125;1;3;1;1;3;1;0;1;1;4
Kupplungssatz;479;139209;6;0,0037;0;2;1;2;6;1;0;2;2;3
Kupplungssatz;479;118485;2;0,0012;0;1;1;1;3;1;0;1;0;0
Kupplungssatz;479;23469;8;0,005;4;4;2;3;5;4;0;2;5;4
Kupplungssatz;479;1864;15;0,0094;0;1;2;0;1;0;0;0;1;1
Kupplungssatz;479;146406;2;0,0012;0;1;0;2;1;0;0;0;0;1
Kupplungssatz;479;119503;2;0,0012;1;2;1;1;1;0;0;0;2;1
Kupplungssatz;479;109947;2;0,0012;1;2;2;3;1;1;0;1;2;3
Kupplungssatz;479;113900;5;0,0031;1;1;2;1;1;0;0;2;1;1
Kupplungssatz;479;8729;1;0,0006;1;2;2;0;1;0;0;0;2;1
Kupplungssatz;479;26604;8;0,005;1;1;0;1;0;1;0;1;1;1
Kupplungssatz;479;10204;11;0,0069;0;2;1;2;2;0;0;0;2;2
Kupplungssatz;479;117340;8;0,005;1;1;1;1;5;1;0;1;0;1
Kupplungssatz;479;18938;1;0,0006;0;1;0;1;1;0;0;0;0;1
Kupplungssatz;479;5621;12;0,0075;2;2;2;2;5;1;0;1;2;3
Kupplungssatz;479;8015;9;0,0056;0;5;1;3;5;0;0;0;2;3
Kupplungssatz;479;107508;41;0,0256;2;3;2;2;3;0;0;0;2;6
Kupplungssatz;479;21422;2;0,0012;0;0;0;0;1;0;0;0;0;0
Kupplungssatz;479;138880;2;0,0012;0;3;0;2;4;1;0;1;0;2
Kupplungssatz;479;120503;1;0,0006;1;2;1;2;1;0;0;2;2;2
Kupplungssatz;479;13936;2;0,0012;0;1;1;1;1;1;0;0;2;1
Kupplungssatz;479;32824;3;0,0019;3;7;4;3;8;2;0;1;7;4
Kupplungssatz;479;6253;20;0,0125;2;4;3;3;5;0;0;2;5;3
Kupplungssatz;479;117869;3;0,0019;2;2;0;2;2;2;0;0;2;4
Kupplungssatz;479;27009;5;0,0031;1;4;4;2;4;0;0;2;0;2
Kupplungssatz;479;108631;2;0,0012;0;2;3;2;2;0;0;0;0;2
Kupplungssatz;479;11195;1;0,0006;1;1;1;0;3;0;0;0;1;1
Kupplungssatz;479;147942;4;0,0025;0;2;0;2;3;0;0;0;0;1
Kupplungssatz;479;17998;3;0,0019;4;3;3;3;3;1;0;3;3;2
Kupplungssatz;479;17403;4;0,0025;1;2;2;1;7;1;0;1;2;2
Kupplungssatz;479;16999;3;0,0019;1;1;0;2;1;2;0;0;1;1
Kupplungssatz;479;13201;1;0,0006;0;1;0;0;2;0;0;0;0;2
Kupplungssatz;479;100774;1;0,0006;1;2;1;1;2;0;0;1;1;1
Kupplungssatz;479;101109;2;0,0012;4;5;6;8;2;1;0;3;5;5
Kupplungssatz;479;135620;1;0,0006;0;1;0;1;0;0;0;0;0;1
Kupplungssatz;479;7764;1;0,0006;0;2;0;0;2;0;0;0;0;1
Kupplungssatz;479;122614;3;0,0019;2;2;1;0;2;0;0;0;2;2
Kupplungssatz;479;31742;1;0,0006;1;1;1;1;4;1;0;2;1;2
Kupplungssatz;479;18937;13;0,0081;1;3;1;1;3;1;0;0;5;4
Kupplungssatz;479;23812;1;0,0006;0;0;0;0;0;0;0;0;1;0
Kupplungssatz;479;14486;3;0,0019;2;2;3;2;4;2;0;0;2;3
Kupplungssatz;479;17297;2;0,0012;4;4;2;2;2;0;0;0;3;2
Kupplungssatz;479;117727;32;0,02;0;0;0;2;4;0;0;0;2;2
Kupplungssatz;479;116065;29;0,0181;0;5;0;3;2;0;0;0;2;3
Kupplungssatz;479;110051;2;0,0012;0;1;1;1;1;0;0;1;0;2
Kupplungssatz;479;24518;3;0,0019;1;2;2;0;6;2;0;1;1;1
Kupplungssatz;479;128135;2;0,0012;1;1;1;1;3;1;0;1;1;1
Kupplungssatz;479;119856;1;0,0006;1;4;0;0;4;2;0;0;2;2
Kupplungssatz;479;108663;6;0,0037;0;3;1;2;4;1;0;2;1;2
Kupplungssatz;479;138242;1;0,0006;0;0;1;0;1;0;0;0;0;2
Kupplungssatz;479;139657;4;0,0025;2;2;0;1;1;0;0;1;1;1
Kupplungssatz;479;17648;1;0,0006;0;2;0;3;2;0;0;0;0;0
Kupplungssatz;479;116219;42;0,0262;0;5;1;4;0;0;0;2;2;1
Kupplungssatz;479;136532;14;0,0087;0;1;0;0;3;0;0;0;0;2
Kupplungssatz;479;13929;3;0,0019;0;1;1;1;1;1;0;0;2;1
Kupplungssatz;479;53;10;0,0062;4;3;1;2;4;0;0;0;1;2
Kupplungssatz;479;114071;2;0,0012;0;0;0;0;0;1;0;0;0;0
Kupplungssatz;479;18566;7;0,0044;0;6;0;6;5;0;0;0;0;6
Kupplungssatz;479;116691;1;0,0006;1;3;1;2;1;0;0;0;2;2
Kupplungssatz;479;27975;2;0,0012;2;2;2;0;2;1;0;2;2;3
Kupplungssatz;479;17822;1;0,0006;0;3;0;2;4;0;0;0;2;2
Kupplungssatz;479;17118;2;0,0012;8;5;6;5;4;1;0;1;5;5
Kupplungssatz;479;15125;1;0,0006;1;2;3;2;7;1;0;0;2;4
Kupplungssatz;479;24438;22;0,0137;3;3;3;3;9;0;0;1;5;5
Kupplungssatz;479;18060;5;0,0031;0;0;0;1;1;0;0;0;0;1
Kupplungssatz;479;7507;7;0,0044;2;2;0;2;5;0;0;0;0;2
Kupplungssatz;479;25402;3;0,0019;1;1;0;2;1;1;0;0;0;2
Kupplungssatz;479;23290;1;0,0006;1;4;2;1;2;1;0;1;1;2
Kupplungssatz;479;107422;1;0,0006;2;4;1;1;4;0;0;0;1;2
Kupplungssatz;479;16282;1;0,0006;2;1;4;2;3;5;0;3;2;1
Kupplungssatz;479;17186;1;0,0006;0;3;3;0;6;0;0;0;3;1
Kupplungssatz;479;17987;3;0,0019;1;2;1;0;7;1;0;1;2;2
Kupplungssatz;479;19579;5;0,0031;3;3;2;2;4;0;0;0;1;3
Kupplungssatz;479;129108;6;0,0037;1;0;1;2;1;0;0;0;0;1
Kupplungssatz;479;17923;1;0,0006;0;0;0;0;5;1;0;0;1;1
Kupplungssatz;479;140391;1;0,0006;0;0;0;1;2;0;0;0;0;2
Kupplungssatz;479;19340;1;0,0006;1;1;2;1;6;1;0;1;2;5
Kupplungssatz;479;56336;9;0,0056;1;4;0;2;1;0;0;2;2;0
Kupplungssatz;479;32162;2;0,0012;0;2;0;2;3;0;0;0;0;2
Kupplungssatz;479;34286;2;0,0012;2;4;1;1;3;0;0;1;1;4
Kupplungssatz;479;107559;1;0,0006;1;3;1;3;5;0;0;2;0;8
Kupplungssatz;479;101;1;0,0006;0;1;0;1;0;0;0;0;1;1
Kupplungssatz;479;15908;1;0,0006;0;2;0;1;4;0;0;0;2;0
Kupplungssatz;479;123958;1;0,0006;1;2;2;2;2;3;0;2;2;2
Kupplungssatz;479;141856;2;0,0012;0;2;0;2;1;0;0;1;0;2
Kupplungssatz;479;11198;1;0,0006;1;1;1;0;3;0;0;0;1;1
Kupplungssatz;479;7785;1;0,0006;1;1;0;1;1;0;0;0;1;0
Kupplungssatz;479;19015;1;0,0006;0;2;1;1;2;0;0;0;2;1
Kupplungssatz;479;30392;1;0,0006;1;2;2;1;2;1;0;2;2;3
Kupplungssatz;479;10446;2;0,0012;0;2;2;2;2;0;0;0;2;3
Kupplungssatz;479;33722;5;0,0031;1;3;3;3;3;0;0;1;2;3
Kupplungssatz;479;34744;26;0,0162;2;2;3;2;3;2;0;2;3;4
Kupplungssatz;479;835;25;0,0156;1;1;2;1;2;2;0;1;1;1
Kupplungssatz;479;17182;21;0,0131;0;1;1;0;1;0;0;0;0;1
Kupplungssatz;479;8685;22;0,0137;3;5;4;3;7;1;0;1;6;4
Kupplungssatz;479;5802;35;0,0219;4;4;3;2;4;2;0;2;4;4
Kupplungssatz;479;145137;11;0,0069;0;2;0;2;2;0;0;1;3;3
Kupplungssatz;479;131249;20;0,0125;0;3;0;3;0;0;0;0;2;2
Kupplungssatz;479;19992;26;0,0162;2;1;0;1;2;2;0;1;1;1
Kupplungssatz;479;58803;4;0,0025;1;3;1;1;2;1;0;1;1;1
Kupplungssatz;479;34170;5;0,0031;0;3;0;1;2;0;0;0;1;1
Kupplungssatz;479;6579;1;0,0006;0;0;0;0;1;0;0;0;1;0
Kupplungssatz;479;31534;33;0,0206;1;2;2;0;3;0;0;0;2;1
Kupplungssatz;479;1115;14;0,0087;0;1;1;0;0;0;0;0;1;1
Kupplungssatz;479;123145;8;0,005;0;0;0;1;0;0;0;0;0;1
Kupplungssatz;479;18814;1;0,0006;0;0;0;0;1;0;0;0;1;0
Kupplungssatz;479;17633;2;0,0012;0;1;0;1;1;1;0;0;0;1
Kupplungssatz;479;19599;4;0,0025;0;2;3;2;2;0;0;0;0;2
Kupplungssatz;479;121241;1;0,0006;3;3;2;3;4;0;0;2;0;4
Kupplungssatz;479;25453;26;0,0162;1;3;2;7;1;2;0;2;2;1
Kupplungssatz;479;6342;6;0,0037;1;1;1;1;1;0;0;0;1;1
Kupplungssatz;479;15266;14;0,0087;0;2;1;4;2;0;0;0;2;2
Kupplungssatz;479;22460;4;0,0025;0;4;0;2;3;0;0;0;0;4
Kupplungssatz;479;8352;1;0,0006;0;4;1;1;2;0;0;0;1;1
Kupplungssatz;479;21146;16;0,01;1;1;0;1;0;0;0;1;1;1
Kupplungssatz;479;5623;14;0,0087;2;2;2;2;5;1;0;0;2;3
Kupplungssatz;479;1605;9;0,0056;1;1;1;1;3;1;0;0;1;1
Kupplungssatz;479;3985;1;0,0006;0;1;0;0;1;0;0;0;1;1
Kupplungssatz;479;19982;26;0,0162;3;3;2;3;3;0;0;0;0;3
Kupplungssatz;479;16001;84;0,0525;1;1;2;1;0;2;0;1;1;1
Kupplungssatz;479;101092;2;0,0012;2;4;2;4;3;1;0;2;2;4
Kupplungssatz;479;9609;9;0,0056;0;1;1;1;1;1;0;1;2;3
Kupplungssatz;479;15286;5;0,0031;2;1;1;1;2;0;0;0;2;2
Kupplungssatz;479;18730;11;0,0069;1;2;1;2;2;1;0;1;1;1
Kupplungssatz;479;16594;23;0,0144;1;7;2;0;7;0;0;0;2;2
Kupplungssatz;479;31074;136;0,0849;1;1;1;1;1;0;0;1;1;1
Kupplungssatz;479;26491;8;0,005;2;3;3;2;3;2;0;1;5;2
Kupplungssatz;479;137257;2;0,0012;1;0;0;1;0;0;0;0;2;2
Kupplungssatz;479;129169;1;0,0006;0;1;1;0;5;2;0;1;0;1
Kupplungssatz;479;109978;11;0,0069;1;1;0;1;5;1;0;1;1;1
Kupplungssatz;479;6655;22;0,0137;1;2;1;0;2;1;0;1;2;2
Kupplungssatz;479;122967;27;0,0169;1;1;1;1;3;1;0;1;1;1
Kupplungssatz;479;33818;1;0,0006;2;5;2;3;5;0;0;0;2;5
Kupplungssatz;479;9906;5;0,0031;1;1;1;1;4;2;0;1;1;1
Kupplungssatz;479;58614;7;0,0044;1;3;2;3;9;2;0;1;1;4
Kupplungssatz;479;18023;10;0,0062;1;2;1;1;2;1;0;0;1;0
Kupplungssatz;479;18599;59;0,0369;1;1;1;1;3;1;0;0;1;1
Kupplungssatz;479;19586;44;0,0275;2;2;2;2;2;0;0;0;2;2
Kupplungssatz;479;9041;9;0,0056;1;1;1;1;6;1;0;1;1;1
Kupplungssatz;479;16545;10;0,0062;1;1;2;1;8;2;0;1;2;1
Kupplungssatz;479;14963;2;0,0012;3;4;0;2;3;0;0;0;4;2
Kupplungssatz;479;15818;4;0,0025;0;2;0;0;1;0;0;0;2;2
Kupplungssatz;479;23408;9;0,0056;2;4;0;0;5;0;0;0;0;1
Kupplungssatz;479;19897;82;0,0512;3;3;0;1;7;2;0;1;3;4
Kupplungssatz;479;18726;8;0,005;1;2;2;2;2;1;0;1;1;1
Kupplungssatz;479;18797;5;0,0031;1;2;2;1;1;0;0;1;2;1
Kupplungssatz;479;16181;5;0,0031;1;1;1;1;2;1;0;0;1;1
Kupplungssatz;479;106349;10;0,0062;2;2;2;2;2;0;0;2;2;2
Kupplungssatz;479;119472;41;0,0256;0;3;0;3;11;0;0;0;0;5
Kupplungssatz;479;106276;36;0,0225;3;4;1;2;5;1;0;2;2;4
Kupplungssatz;479;142013;6;0,0037;2;1;0;0;3;2;0;0;0;2
Kupplungssatz;479;100007096;1;0,0006;0;0;0;0;0;0;0;0;0;0
Kupplungssatz;479;115199;3;0,0019;0;3;3;2;5;0;0;2;2;3
Kupplungssatz;479;133313;26;0,0162;0;1;1;1;4;1;0;1;0;2
Kupplungssatz;479;32080;2;0,0012;1;2;1;1;1;0;0;0;1;1
Kupplungssatz;479;16681;5;0,0031;1;2;3;2;1;1;0;2;2;2
Kupplungssatz;479;4379;9;0,0056;1;1;0;2;1;2;0;1;1;0
Kupplungssatz;479;134384;2;0,0012;0;2;0;2;2;0;0;0;0;3
Kupplungssatz;479;55336;13;0,0081;3;2;1;2;3;0;0;0;2;1
Kupplungssatz;479;141350;1;0,0006;0;0;0;0;6;0;0;0;0;4
Kupplungssatz;479;14925;2;0,0012;0;2;0;2;1;0;0;0;2;2
Kupplungssatz;479;7696;2;0,0012;2;2;1;0;2;2;0;1;1;2
Kupplungssatz;479;56223;6;0,0037;6;7;5;12;3;3;0;3;5;0
Kupplungssatz;479;23432;4;0,0025;1;1;1;1;2;0;0;0;1;1
Kupplungssatz;479;55089;5;0,0031;0;2;2;2;2;0;0;2;2;4
Kupplungssatz;479;120237;40;0,025;2;3;2;3;4;0;0;2;3;4
Kupplungssatz;479;114568;3;0,0019;1;1;1;1;1;1;0;1;0;1
Kupplungssatz;479;100782;19;0,0119;2;4;1;1;4;2;0;1;2;0
Kupplungssatz;479;120574;2;0,0012;0;2;0;1;0;2;0;0;0;2
Kupplungssatz;479;9901;34;0,0212;2;5;5;4;6;2;0;0;5;4
Kupplungssatz;479;32969;1;0,0006;1;2;1;2;3;0;0;0;2;2
Kupplungssatz;479;18297;1;0,0006;3;4;5;4;9;0;0;3;4;5
Kupplungssatz;479;2972;11;0,0069;0;0;0;0;1;0;0;0;0;4
Kupplungssatz;479;10429;6;0,0037;0;0;2;0;0;0;0;0;0;0
Kupplungssatz;479;28536;12;0,0075;1;2;1;1;5;1;0;1;2;2
Kupplungssatz;479;122970;9;0,0056;1;1;1;1;4;1;0;1;1;1
Kupplungssatz;479;123044;9;0,0056;0;3;0;3;8;0;0;0;0;3
Kupplungssatz;479;128288;6;0,0037;1;3;1;2;4;0;0;1;0;3
Kupplungssatz;479;27674;11;0,0069;2;2;1;1;2;0;0;1;2;2
Kupplungssatz;479;145359;3;0,0019;0;3;0;2;2;0;0;0;0;0
Kupplungssatz;479;3234;1;0,0006;0;1;1;1;1;2;0;0;1;0
Kupplungssatz;479;3758;2;0,0012;2;1;1;1;4;0;0;0;1;1
Kupplungssatz;479;16086;3;0,0019;2;5;6;2;6;1;0;1;3;3
Kupplungssatz;479;26621;27;0,0169;1;1;0;1;4;2;0;1;0;1
Kupplungssatz;479;105717;2;0,0012;2;4;2;2;3;0;0;2;0;3
Kupplungssatz;479;20011;2;0,0012;0;2;0;0;3;0;0;0;0;2
Kupplungssatz;479;127327;4;0,0025;0;2;0;2;1;0;0;0;0;2
Kupplungssatz;479;119878;13;0,0081;0;3;1;1;1;0;0;0;0;1
Kupplungssatz;479;112375;4;0,0025;0;2;0;1;0;2;0;0;0;2
Kupplungssatz;479;18047;15;0,0094;5;4;2;0;6;0;0;0;2;2
Kupplungssatz;479;19264;5;0,0031;3;6;1;2;3;0;0;1;3;3
Kupplungssatz;479;152928;1;0,0006;0;0;0;0;0;0;0;0;0;0
Kupplungssatz;479;134294;16;0,01;0;3;0;2;3;0;0;1;1;2
Kupplungssatz;479;132833;1;0,0006;0;0;2;0;0;0;0;0;0;1
Kupplungssatz;479;33779;10;0,0062;0;2;1;1;1;0;0;0;1;1
Kupplungssatz;479;8862;3;0,0019;1;2;3;2;6;3;0;1;3;2
Kupplungssatz;479;31271;1;0,0006;5;3;2;4;3;5;0;2;2;3
Kupplungssatz;479;108013;6;0,0037;0;2;0;0;2;0;0;0;0;1
Kupplungssatz;479;141968;5;0,0031;0;0;0;1;3;0;0;0;0;5
Kupplungssatz;479;33774;2;0,0012;0;1;1;0;1;0;0;0;1;1
Kupplungssatz;479;23691;1;0,0006;1;0;0;1;1;1;0;0;0;0
Kupplungssatz;479;801381;3;0,0019;0;4;2;0;0;0;0;0;0;0
Kupplungssatz;479;4435;1;0,0006;1;1;1;2;3;2;0;1;1;2
Kupplungssatz;479;58585;1;0,0006;2;3;2;2;1;0;0;0;2;4
Kupplungssatz;479;15717;2;0,0012;1;1;1;1;1;1;0;1;1;1
Kupplungssatz;479;137335;1;0,0006;0;0;0;0;0;0;0;0;0;0
Kupplungssatz;479;1855;1;0,0006;0;2;0;1;2;0;0;0;1;4
Kupplungssatz;479;115521;1;0,0006;1;1;0;1;2;0;0;1;1;1
Kupplungssatz;479;30978;3;0,0019;1;3;1;1;1;0;0;0;1;3
Kupplungssatz;479;2742;4;0,0025;1;1;0;1;1;0;0;0;0;1
Kupplungssatz;479;19024;2;0,0012;1;2;1;2;3;0;0;0;1;1
Kupplungssatz;479;11098;2;0,0012;1;1;2;0;1;0;0;0;1;1
Kupplungssatz;479;4786;1;0,0006;1;1;1;2;1;1;0;2;1;1
Kupplungssatz;479;123361;6;0,0037;1;2;1;0;3;0;0;1;1;3
Kupplungssatz;479;682;1;0,0006;0;1;2;0;0;0;0;0;0;2
Kupplungssatz;479;20556;1;0,0006;6;5;5;5;4;0;0;1;1;5
Kupplungssatz;479;30930;2;0,0012;2;3;0;2;3;2;0;1;2;3
Kupplungssatz;479;30408;4;0,0025;2;2;2;2;1;1;0;0;2;1
Kupplungssatz;479;14819;1;0,0006;0;2;0;0;3;0;0;0;2;3
Kupplungssatz;479;1824;4;0,0025;1;1;1;1;2;1;0;0;1;1
Kupplungssatz;479;119855;1;0,0006;1;2;0;2;4;2;0;0;0;2
Kupplungssatz;479;5743;1;0,0006;3;1;1;1;0;0;0;0;0;0
Kupplungssatz;479;133860;4;0,0025;1;3;3;1;2;0;0;0;0;3
Kupplungssatz;479;15358;1;0,0006;3;3;3;3;3;1;0;3;3;6
Kupplungssatz;479;11502;1;0,0006;1;0;1;1;1;1;0;0;1;0
Kupplungssatz;479;5293;3;0,0019;1;1;1;1;2;0;0;0;1;1
Kupplungssatz;479;129447;1;0,0006;1;3;1;0;3;2;0;0;4;2
Kupplungssatz;479;119478;1;0,0006;0;3;0;3;11;0;0;0;0;5
Kupplungssatz;479;19486;1;0,0006;0;0;1;0;1;0;0;0;0;0
Kupplungssatz;479;31126;1;0,0006;2;4;0;1;5;2;0;0;3;4
Kupplungssatz;479;16442;2;0,0012;0;0;0;2;2;0;0;0;2;2
Kupplungssatz;479;24830;1;0,0006;0;0;0;0;0;0;0;0;0;0
Kupplungssatz;479;3443;6;0,0037;1;1;1;1;2;1;0;1;1;0
Kupplungssatz;479;16660;7;0,0044;0;1;1;0;2;1;0;1;1;1
Kupplungssatz;479;9893;28;0,0175;2;1;1;1;3;0;0;1;1;2
Kupplungssatz;479;4537;15;0,0094;1;1;2;1;1;1;0;0;1;1
Kupplungssatz;479;18910;1;0,0006;0;2;1;1;2;1;0;1;1;2
Kupplungssatz;479;17717;27;0,0169;1;1;3;2;2;2;0;1;1;1
Kupplungssatz;479;128286;10;0,0062;0;4;0;2;3;0;0;1;1;2
Kupplungssatz;479;16644;2;0,0012;1;1;1;0;1;0;0;0;1;2
Kupplungssatz;479;33330;11;0,0069;3;5;6;3;6;2;0;2;4;3
Kupplungssatz;479;348;11;0,0069;0;2;1;0;0;0;0;0;0;1
Kupplungssatz;479;27837;1;0,0006;0;1;0;1;4;2;0;0;1;2
Kupplungssatz;479;18230;13;0,0081;0;2;3;1;1;2;0;0;1;2
Kupplungssatz;479;28134;15;0,0094;3;7;0;3;5;1;0;1;2;2
Kupplungssatz;479;19856;15;0,0094;2;2;3;2;2;1;0;2;2;3
Kupplungssatz;479;20115;7;0,0044;2;2;0;2;2;0;0;0;0;3
Kupplungssatz;479;15902;2;0,0012;1;3;2;0;7;1;0;1;2;2
Kupplungssatz;479;109979;14;0,0087;5;4;1;2;8;2;0;1;5;3
Kupplungssatz;479;115706;6;0,0037;0;2;0;2;2;0;0;0;0;2
Kupplungssatz;479;19989;4;0,0025;0;2;1;2;1;0;0;0;2;2
Kupplungssatz;479;1754;2;0,0012;1;1;1;1;2;0;0;0;1;2
Kupplungssatz;479;7940;6;0,0037;1;1;1;1;5;1;0;0;1;3
Kupplungssatz;479;148142;3;0,0019;0;2;0;0;0;0;0;0;0;1
Kupplungssatz;479;357;41;0,0256;9;10;7;10;14;1;0;5;16;8
Kupplungssatz;479;113291;1;0,0006;0;2;0;2;3;0;0;0;0;2
Kupplungssatz;479;20032;4;0,0025;1;3;1;1;2;1;0;1;1;2
Kupplungssatz;479;122145;1;0,0006;2;1;0;1;4;0;0;0;1;4
Kupplungssatz;479;100541;4;0,0025;3;2;1;2;2;0;0;0;2;1
Kupplungssatz;479;31556;2;0,0012;0;2;0;3;3;0;0;0;2;3
Kupplungssatz;479;6691;5;0,0031;1;3;0;1;2;1;0;1;0;4
Kupplungssatz;479;8974;1;0,0006;1;1;0;1;1;0;0;1;1;1
Kupplungssatz;479;22562;1;0,0006;0;2;2;3;3;0;0;0;0;2
Kupplungssatz;479;16514;10;0,0062;1;1;1;1;1;3;0;1;1;2
Kupplungssatz;479;7812;8;0,005;1;3;0;0;0;0;0;0;2;2
Kupplungssatz;479;12313;14;0,0087;2;2;1;2;8;0;0;0;0;2
Kupplungssatz;479;32028;69;0,0431;1;2;1;1;4;1;0;1;2;1
Kupplungssatz;479;17791;3;0,0019;0;0;0;0;1;0;0;0;0;0
Kupplungssatz;479;111783;22;0,0137;3;3;2;3;6;0;0;2;5;4
Kupplungssatz;479;4752;2;0,0012;0;1;0;1;1;0;0;0;1;0
Kupplungssatz;479;132338;3;0,0019;2;3;4;3;3;0;0;0;0;0
Kupplungssatz;479;6360;4;0,0025;2;3;2;2;2;0;0;0;2;4
Kupplungssatz;479;19195;112;0,07;1;2;1;1;1;2;0;2;1;2
Kupplungssatz;479;30149;1;0,0006;0;0;0;1;0;0;0;0;1;1
Kupplungssatz;479;155019;4;0,0025;0;1;1;0;0;0;0;0;0;0
Kupplungssatz;479;33838;76;0,0475;1;1;1;1;5;1;0;1;1;2
Kupplungssatz;479;57858;5;0,0031;0;0;1;0;0;0;0;0;0;2
Kupplungssatz;479;108155;3;0,0019;0;3;1;1;1;0;0;1;1;2
Kupplungssatz;479;28175;5;0,0031;1;1;1;1;3;2;0;2;2;2
Kupplungssatz;479;17907;21;0,0131;0;1;1;1;2;1;0;1;1;2
Kupplungssatz;479;14401;2;0,0012;0;1;1;1;1;0;0;0;1;1
Kupplungssatz;479;17163;5;0,0031;2;2;1;1;3;2;0;0;2;3
Kupplungssatz;479;29731;3;0,0019;1;1;0;1;2;0;0;1;0;0
Kupplungssatz;479;54912;3;0,0019;1;1;1;1;2;2;0;1;1;1
Kupplungssatz;479;28580;1;0,0006;1;4;1;1;1;1;0;1;1;1
Kupplungssatz;479;7605;37;0,0231;3;3;3;2;5;0;0;1;2;3
Kupplungssatz;479;8989;2;0,0012;1;1;0;1;1;0;0;0;1;3
Kupplungssatz;479;57443;2;0,0012;2;2;1;2;4;1;0;2;0;4
Kupplungssatz;479;119580;5;0,0031;3;3;3;3;4;0;0;1;3;3
Kupplungssatz;479;110024;34;0,0212;1;1;0;2;1;1;0;0;1;2
Kupplungssatz;479;39229;3;0,0019;1;1;1;1;3;1;0;1;1;1
Kupplungssatz;479;17653;4;0,0025;2;2;3;2;4;0;0;2;3;4
Kupplungssatz;479;5854;2;0,0012;1;2;1;1;1;2;0;1;1;1
Kupplungssatz;479;14731;11;0,0069;1;4;4;4;5;0;0;0;3;3
Kupplungssatz;479;10175;16;0,01;1;3;1;1;3;0;0;0;1;1
Kupplungssatz;479;25501;179;0,1118;3;6;6;4;9;0;0;3;4;7
Kupplungssatz;479;119852;20;0,0125;1;2;0;2;4;2;0;0;2;2
Kupplungssatz;479;52438;7;0,0044;2;2;3;2;6;1;0;2;2;1
Kupplungssatz;479;5227;3;0,0019;1;2;2;1;1;1;0;1;1;1
Kupplungssatz;479;33712;6;0,0037;1;2;1;1;1;0;0;0;1;1
Kupplungssatz;479;17481;2;0,0012;4;5;4;2;5;2;0;0;3;2
Kupplungssatz;479;14632;1;0,0006;0;1;1;1;2;0;0;0;2;2
Kupplungssatz;479;128507;12;0,0075;1;1;0;1;4;1;0;1;1;1
Kupplungssatz;479;109326;6;0,0037;0;2;1;1;2;1;0;1;1;2
Kupplungssatz;479;134390;2;0,0012;0;2;0;1;2;0;0;0;0;2
Kupplungssatz;479;24493;16;0,01;2;5;3;3;6;0;0;2;3;5
Kupplungssatz;479;14015;42;0,0262;2;4;1;1;3;1;0;1;1;5
Kupplungssatz;479;100797;2;0,0012;0;3;0;2;4;1;0;2;1;2
Kupplungssatz;479;19009;3;0,0019;1;2;1;1;3;0;0;0;0;1
Kupplungssatz;479;56261;29;0,0181;1;1;1;1;3;1;0;1;1;2
Kupplungssatz;479;57307;6;0,0037;3;3;4;3;4;0;0;1;3;7
Kupplungssatz;479;16555;16;0,01;2;2;1;1;7;2;0;2;1;1
Kupplungssatz;479;11253;79;0,0493;5;2;4;4;2;2;0;3;4;1
Kupplungssatz;479;22477;112;0,07;1;1;0;0;1;2;0;1;1;1
Kupplungssatz;479;22922;1;0,0006;1;2;1;1;2;1;0;1;1;1
Kupplungssatz;479;106377;14;0,0087;0;3;1;2;3;0;0;1;1;2
Kupplungssatz;479;115174;5;0,0031;1;4;2;4;3;1;0;2;2;4
Kupplungssatz;479;8333;4;0,0025;1;1;1;1;3;1;0;0;1;0
Kupplungssatz;479;14233;1;0,0006;0;1;0;1;1;1;0;0;0;1
Kupplungssatz;479;129964;8;0,005;1;2;1;1;2;0;0;0;2;2
Kupplungssatz;479;145843;1;0,0006;0;2;0;0;0;0;0;0;0;1
Kupplungssatz;479;143775;4;0,0025;0;2;2;2;1;0;0;2;2;2
Kupplungssatz;479;128959;1;0,0006;0;2;0;2;0;0;0;1;0;2
Kupplungssatz;479;20872;5;0,0031;2;6;1;2;6;1;0;1;4;2
Kupplungssatz;479;16694;2;0,0012;1;2;1;2;6;1;0;0;2;3
Kupplungssatz;479;16306;1;0,0006;1;2;4;1;4;0;0;0;0;2
Kupplungssatz;479;32819;243;0,1518;1;3;1;1;2;1;0;0;1;1
Kupplungssatz;479;59120;38;0,0237;0;5;4;3;6;0;0;2;2;4
Kupplungssatz;479;31739;22;0,0137;3;3;1;3;8;1;0;1;7;7
Kupplungssatz;479;11479;7;0,0044;1;1;1;1;3;2;0;1;1;1
Kupplungssatz;479;12272;2;0,0012;3;2;2;2;2;0;0;1;3;2
Kupplungssatz;479;154690;2;0,0012;0;0;0;0;0;0;0;0;0;0
Kupplungssatz;479;106375;11;0,0069;1;4;2;3;8;0;0;1;2;2
Kupplungssatz;479;115109;4;0,0025;0;1;0;1;2;0;0;0;0;0
Kupplungssatz;479;113667;39;0,0244;1;1;1;1;4;1;0;1;1;1
Kupplungssatz;479;683;1;0,0006;0;1;2;0;0;0;0;0;0;2
Kupplungssatz;479;9255;4;0,0025;0;5;1;2;3;0;0;0;1;1
Kupplungssatz;479;2853;1;0,0006;0;2;0;1;0;0;0;0;1;2
Kupplungssatz;479;53221;1;0,0006;3;4;0;2;4;0;0;1;6;4
Kupplungssatz;479;18484;4;0,0025;3;2;3;2;5;1;0;0;3;5
Kupplungssatz;479;58355;1;0,0006;0;1;1;1;2;0;0;1;1;1
Kupplungssatz;479;139095;1;0,0006;1;1;0;1;2;0;0;0;0;2
Kupplungssatz;479;120240;4;0,0025;0;1;1;1;2;0;0;1;1;1
Kupplungssatz;479;106386;12;0,0075;0;4;5;2;2;1;0;3;2;4
Kupplungssatz;479;14676;25;0,0156;2;3;1;1;6;0;0;0;1;1
Kupplungssatz;479;17295;8;0,005;1;2;2;0;7;1;0;1;2;2
Kupplungssatz;479;11871;4;0,0025;2;2;2;1;6;2;0;1;2;2
Kupplungssatz;479;28594;11;0,0069;1;2;0;1;1;0;0;0;1;1
Kupplungssatz;479;31076;7;0,0044;3;1;1;1;1;2;0;1;1;1
Kupplungssatz;479;3235;1;0,0006;0;1;1;1;1;2;0;0;1;0
Kupplungssatz;479;7123;1;0,0006;1;1;2;1;1;0;0;0;1;1
Kupplungssatz;479;14813;2;0,0012;2;2;1;0;2;0;0;0;2;2
Kupplungssatz;479;120846;8;0,005;1;1;1;1;2;0;0;0;1;1
Kupplungssatz;479;132189;3;0,0019;0;2;0;0;3;0;0;0;0;1
Kupplungssatz;479;117581;2;0,0012;0;1;0;1;5;0;0;0;0;1
Kupplungssatz;479;30887;2;0,0012;0;2;2;2;2;0;0;0;2;6
Kupplungssatz;479;-1;2;0,0012;0;0;0;0;0;0;0;0;0;0
Kupplungssatz;479;130839;1;0,0006;0;2;0;2;3;0;0;0;2;1
Kupplungssatz;479;137727;24;0,015;0;1;0;1;3;0;0;0;0;2
Kupplungssatz;479;6348;10;0,0062;0;2;1;1;1;0;0;0;1;1
Kupplungssatz;479;14569;2;0,0012;1;0;1;1;1;1;0;1;1;0
Kupplungssatz;479;156390;1;0,0006;0;0;0;0;0;0;0;0;0;0
Kupplungssatz;479;120359;1;0,0006;0;2;2;2;1;0;0;0;0;1
Kupplungssatz;479;108445;2;0,0012;1;1;0;1;0;0;0;0;1;1
Kupplungssatz;479;17753;5;0,0031;0;1;0;1;1;0;0;0;1;0
Kupplungssatz;479;1755;1;0,0006;1;1;0;0;1;0;0;0;0;1
Kupplungssatz;479;138682;1;0,0006;0;0;4;0;2;0;0;2;0;0
Kupplungssatz;479;5530;1;0,0006;2;1;0;2;0;0;0;0;0;1
Kupplungssatz;479;28132;2;0,0012;1;1;1;1;3;1;0;0;0;1
Kupplungssatz;479;2468;1;0,0006;0;0;0;1;1;0;0;0;1;1
Kupplungssatz;479;15559;1;0,0006;0;3;1;1;5;1;0;1;2;2
Kupplungssatz;479;18000;3;0,0019;0;2;2;2;2;1;0;2;2;3
Kupplungssatz;479;132835;1;0,0006;0;0;0;0;0;0;0;0;0;0
Kupplungssatz;479;10813;11;0,0069;0;3;2;2;3;0;0;1;2;3
Kupplungssatz;479;5256;1;0,0006;0;1;1;1;1;0;0;0;1;1
Kupplungssatz;479;59638;2;0,0012;0;1;2;1;0;0;0;0;0;0
Kupplungssatz;479;58825;119;0,0743;1;0;0;3;4;0;0;0;3;5
Kupplungssatz;479;130100;4;0,0025;4;6;2;4;6;1;0;2;5;4
Kupplungssatz;479;30441;1;0,0006;1;2;1;1;2;1;0;1;1;1
Kupplungssatz;479;18624;2;0,0012;0;0;1;1;0;1;0;0;0;0
Kupplungssatz;479;18438;2;0,0012;2;4;1;4;2;0;0;2;4;0
Kupplungssatz;479;9698;1;0,0006;2;3;3;3;3;0;0;2;5;6
Kupplungssatz;479;109467;6;0,0037;0;3;1;1;9;0;0;1;4;1
Kupplungssatz;479;20348;22;0,0137;1;1;1;1;3;1;0;1;1;1
Kupplungssatz;479;32750;75;0,0468;1;5;1;2;4;1;0;2;1;4
Kupplungssatz;479;7072;54;0,0337;2;1;1;1;3;0;0;1;1;2
Kupplungssatz;479;55074;35;0,0219;1;5;1;2;7;1;0;2;1;2
Kupplungssatz;479;55786;4;0,0025;1;5;1;2;5;1;0;2;2;2
Kupplungssatz;479;15932;13;0,0081;1;2;2;2;4;0;0;1;2;5
Kupplungssatz;479;14663;1;0,0006;1;0;0;1;1;1;0;0;0;0
Kupplungssatz;479;15429;76;0,0475;4;4;2;1;4;1;0;0;2;2
Kupplungssatz;479;19222;2;0,0012;1;1;1;1;0;0;0;0;1;1
Kupplungssatz;479;100506;133;0,0831;3;4;1;2;5;1;0;2;2;2
Kupplungssatz;479;28199;37;0,0231;2;4;2;3;1;0;0;0;1;3
Kupplungssatz;479;114842;88;0,055;1;1;1;2;6;0;0;2;3;1
Kupplungssatz;479;108567;2;0,0012;3;3;2;3;5;0;0;2;5;4
Kupplungssatz;479;20097;1;0,0006;3;2;2;2;2;1;0;2;2;4
Kupplungssatz;479;10622;54;0,0337;4;1;1;2;4;2;0;1;1;3
Kupplungssatz;479;20831;3;0,0019;0;3;0;0;1;0;0;0;0;3
Kupplungssatz;479;56778;1;0,0006;2;1;1;1;2;0;0;1;0;1
Kupplungssatz;479;111784;15;0,0094;0;2;1;2;5;0;0;0;2;3
Kupplungssatz;479;134284;1;0,0006;0;1;2;1;1;0;0;0;0;2
Kupplungssatz;479;15698;2;0,0012;2;2;1;2;2;2;0;0;2;4
Kupplungssatz;479;59002;2;0,0012;0;1;0;1;1;1;0;0;0;3
Kupplungssatz;479;14911;115;0,0718;1;4;4;4;7;2;0;2;4;1
Kupplungssatz;479;10621;52;0,0325;8;13;6;7;12;1;0;2;20;8
Kupplungssatz;479;134538;1;0,0006;1;0;0;0;2;0;0;1;0;0
Kupplungssatz;479;58359;22;0,0137;2;2;5;2;7;0;0;0;4;5
Kupplungssatz;479;119480;17;0,0106;0;3;0;3;12;0;0;0;0;5
Kupplungssatz;479;5962;41;0,0256;2;4;7;2;4;0;0;0;4;4
Kupplungssatz;479;6003;6;0,0037;1;1;0;1;1;0;0;0;1;1
Kupplungssatz;479;34922;17;0,0106;3;1;1;1;2;1;0;0;2;3
Kupplungssatz;479;119152;3;0,0019;0;2;0;0;0;0;0;0;0;2
Kupplungssatz;479;19334;2;0,0012;1;1;1;1;4;0;0;0;1;1
Kupplungssatz;479;111762;1;0,0006;0;1;0;3;1;0;0;0;0;3
Kupplungssatz;479;19879;2;0,0012;1;3;3;3;5;3;0;2;2;1
Kupplungssatz;479;7545;1;0,0006;0;0;0;0;1;0;0;0;0;2
Kupplungssatz;479;6803;24;0,015;0;2;2;2;4;0;0;2;2;3
Kupplungssatz;479;12102;1;0,0006;1;2;2;0;6;1;0;1;2;2
Kupplungssatz;479;30357;53;0,0331;1;2;2;2;1;1;0;1;1;1
Kupplungssatz;479;110049;3;0,0019;1;1;1;1;1;0;0;1;1;1
Kupplungssatz;479;11793;80;0,05;7;8;6;6;6;0;0;6;11;6
Kupplungssatz;479;18333;39;0,0244;1;5;3;1;4;1;0;2;3;2
Kupplungssatz;479;58621;19;0,0119;1;4;2;1;5;1;0;2;2;3
Kupplungssatz;479;19042;2;0,0012;1;5;3;4;5;1;0;3;6;6
Kupplungssatz;479;8318;9;0,0056;0;2;2;1;2;0;0;0;2;2
Kupplungssatz;479;19626;31;0,0194;1;3;3;2;7;0;0;2;5;4
Kupplungssatz;479;117870;10;0,0062;0;5;0;3;3;1;0;0;0;2
Kupplungssatz;479;144440;4;0,0025;0;0;0;0;1;0;0;0;0;2
Kupplungssatz;479;13932;56;0,035;2;3;1;0;4;2;0;1;2;2
Kupplungssatz;479;58670;5;0,0031;0;1;0;1;2;0;0;0;1;2
Kupplungssatz;479;16040;14;0,0087;0;2;0;2;4;0;0;0;0;3
Kupplungssatz;479;10930;12;0,0075;2;2;2;2;3;3;0;0;5;3
Kupplungssatz;479;131936;9;0,0056;1;3;1;2;6;1;0;2;0;3
Kupplungssatz;479;18211;10;0,0062;5;4;2;4;2;5;0;3;3;1
Kupplungssatz;479;101088;8;0,005;0;1;0;1;3;1;0;0;1;1
Kupplungssatz;479;18111;21;0,0131;3;6;3;2;7;0;0;0;6;7
Kupplungssatz;479;531;1;0,0006;0;1;2;1;0;0;0;0;2;2
Kupplungssatz;479;100639;1;0,0006;0;0;1;0;0;0;0;0;0;0
Kupplungssatz;479;19781;2;0,0012;2;2;1;1;4;2;0;0;2;3
Kupplungssatz;479;135019;1;0,0006;2;0;0;2;0;0;0;1;0;0
Kupplungssatz;479;26753;6;0,0037;0;3;2;2;3;0;0;1;1;3
Kupplungssatz;479;114846;7;0,0044;2;3;1;2;4;0;0;1;2;6
Kupplungssatz;479;117952;6;0,0037;0;0;0;0;0;0;0;0;0;0
Kupplungssatz;479;16105;60;0,0375;2;6;4;4;4;2;0;1;2;3
Kupplungssatz;479;15705;30;0,0187;1;4;3;2;6;2;0;1;3;5
Kupplungssatz;479;8784;5;0,0031;3;5;3;3;0;0;0;0;4;3
Kupplungssatz;479;32754;72;0,045;9;12;12;11;17;1;0;6;14;11
Kupplungssatz;479;142442;19;0,0119;0;3;0;2;1;0;0;0;0;4
Kupplungssatz;479;15563;4;0,0025;0;1;1;1;1;1;0;0;1;1
Kupplungssatz;479;113270;7;0,0044;0;2;0;2;3;0;0;0;2;1
Kupplungssatz;479;55711;6;0,0037;0;1;1;0;0;0;0;0;0;0
Kupplungssatz;479;6625;3;0,0019;2;3;3;2;3;0;0;2;2;2
Kupplungssatz;479;14923;5;0,0031;0;5;1;3;6;0;0;0;4;4
Kupplungssatz;479;6647;3;0,0019;2;4;2;3;0;2;0;2;2;3
Kupplungssatz;479;19969;3;0,0019;5;6;5;5;8;1;0;3;7;6
Kupplungssatz;479;16288;2;0,0012;2;3;5;1;3;0;0;0;3;2
Kupplungssatz;479;100854;24;0,015;2;1;0;2;2;1;0;0;1;2
Kupplungssatz;479;27618;2;0,0012;2;7;3;3;7;0;0;0;6;5
Kupplungssatz;479;5284;1;0,0006;2;2;1;2;5;2;0;2;2;2
Kupplungssatz;479;18950;3;0,0019;2;2;1;2;3;0;0;0;2;2
Kupplungssatz;479;16553;9;0,0056;1;1;1;1;4;1;0;1;1;1
Kupplungssatz;479;19753;5;0,0031;0;3;1;3;5;0;0;0;2;2
Kupplungssatz;479;119849;18;0,0112;0;1;0;2;1;1;0;0;0;2
Kupplungssatz;479;11155;1;0,0006;9;10;8;10;13;1;0;5;16;7
Kupplungssatz;479;22472;65;0,0406;1;1;0;0;0;2;0;1;1;1
Kupplungssatz;479;111097;1;0,0006;0;3;0;2;1;0;0;0;0;2
Kupplungssatz;479;17294;1;0,0006;0;2;0;0;1;0;0;0;0;1
Kupplungssatz;479;10480;8;0,005;0;3;2;1;1;0;0;0;1;1
Kupplungssatz;479;8423;1;0,0006;1;2;0;0;2;0;0;0;0;1
Kupplungssatz;479;22928;2;0,0012;0;6;1;5;1;0;0;0;0;1
Kupplungssatz;479;10049;3;0,0019;3;7;7;4;6;2;0;1;6;5
Kupplungssatz;479;147865;1;0,0006;0;0;0;0;0;0;0;0;0;0
Kupplungssatz;479;57394;6;0,0037;1;4;0;2;5;1;0;2;2;2
Kupplungssatz;479;140449;2;0,0012;0;2;0;2;1;0;0;1;0;2
Kupplungssatz;479;23446;48;0,03;1;1;2;1;1;1;0;1;1;2
Kupplungssatz;479;135373;1;0,0006;0;0;0;0;0;0;0;0;0;0
Kupplungssatz;479;346;4;0,0025;2;3;3;2;4;0;0;2;2;2
Kupplungssatz;479;17164;2;0,0012;4;4;1;2;9;0;0;0;3;4
Kupplungssatz;479;100489;1;0,0006;1;1;1;1;3;1;0;1;1;2
Kupplungssatz;479;119123;1;0,0006;1;1;0;1;3;0;0;0;1;2
Kupplungssatz;479;112384;2;0,0012;0;4;2;3;4;0;0;3;2;3
Kupplungssatz;479;15434;5;0,0031;1;1;2;1;1;3;0;0;1;1
Kupplungssatz;479;16223;5;0,0031;0;1;1;0;0;2;0;0;0;1
Kupplungssatz;479;109624;1;0,0006;1;1;1;0;1;1;0;0;0;1
Kupplungssatz;479;13914;3;0,0019;1;3;2;3;1;0;0;1;1;3
Kupplungssatz;479;119014;3;0,0019;2;1;1;1;2;0;0;1;1;1
Kupplungssatz;479;130224;1;0,0006;0;2;0;2;1;0;0;0;1;0
Kupplungssatz;479;31537;9;0,0056;1;2;0;2;4;0;0;1;2;1
Kupplungssatz;479;115815;2;0,0012;2;3;6;0;4;1;0;2;3;3
Kupplungssatz;479;34981;4;0,0025;1;1;0;0;2;2;0;2;0;0
Kupplungssatz;479;7953;1;0,0006;1;1;0;0;2;0;0;0;1;0
Kupplungssatz;479;17211;1;0,0006;0;2;2;2;3;0;0;0;0;2
Kupplungssatz;479;106454;4;0,0025;0;1;0;1;1;0;0;0;0;1
Kupplungssatz;479;114860;2;0,0012;0;5;0;3;1;0;0;0;2;1
Kupplungssatz;479;131251;81;0,0506;0;3;0;4;0;0;0;0;2;2
Kupplungssatz;479;8331;7;0,0044;3;1;1;1;2;1;0;1;1;1
Kupplungssatz;479;107798;6;0,0037;1;2;2;1;2;0;0;1;2;1
Kupplungssatz;479;56030;2;0,0012;0;1;1;5;1;0;0;0;0;0
Kupplungssatz;479;17328;1;0,0006;0;0;0;1;1;0;0;1;0;0
Kupplungssatz;479;12491;1;0,0006;0;1;1;1;1;0;0;0;1;1
Kupplungssatz;479;56120;2;0,0012;0;1;2;0;0;0;0;0;0;0
Kupplungssatz;479;100571;7;0,0044;0;1;2;1;6;0;0;0;0;3
Kupplungssatz;479;8246;1;0,0006;1;1;1;1;4;0;0;0;1;1
Kupplungssatz;479;114944;3;0,0019;2;2;1;2;4;0;0;0;2;1
Kupplungssatz;479;126003;4;0,0025;0;2;1;2;5;0;0;1;4;3
Kupplungssatz;479;133435;3;0,0019;0;2;0;0;1;0;0;0;0;1
Kupplungssatz;479;139744;1;0,0006;0;4;0;1;1;0;0;0;0;1
Kupplungssatz;479;17646;1;0,0006;0;2;2;2;3;0;0;0;0;2
Kupplungssatz;479;121226;6;0,0037;0;6;0;3;4;0;0;0;0;4
Kupplungssatz;479;131935;9;0,0056;1;3;1;2;4;1;0;2;0;2
Kupplungssatz;479;143535;1;0,0006;0;1;0;1;0;0;0;0;0;0
Kupplungssatz;479;33332;3;0,0019;0;3;1;2;5;0;0;0;2;5
Kupplungssatz;479;32868;1;0,0006;2;3;2;2;4;0;0;0;2;4
Kupplungssatz;479;1603;2;0,0012;1;0;1;1;2;1;0;0;1;1
Kupplungssatz;479;58943;20;0,0125;0;3;0;2;2;0;0;1;1;2
Kupplungssatz;479;1845;1;0,0006;1;1;1;1;1;0;0;0;1;1
Kupplungssatz;479;31131;1;0,0006;2;2;1;2;4;2;0;2;2;2
Kupplungssatz;479;12057;2;0,0012;1;1;1;1;1;0;0;0;1;1
Kupplungssatz;479;135334;4;0,0025;1;2;2;2;0;0;0;1;0;3
Kupplungssatz;479;115396;1;0,0006;1;3;0;0;4;1;0;0;0;2
Kupplungssatz;479;23503;1;0,0006;3;2;2;2;3;1;0;2;2;4
Kupplungssatz;479;18239;2;0,0012;0;2;1;1;1;0;0;0;0;2
Kupplungssatz;479;17942;4;0,0025;4;6;3;6;5;0;0;2;5;4
Kupplungssatz;479;138783;1;0,0006;0;1;1;1;1;0;0;0;0;2
Kupplungssatz;479;33787;2;0,0012;3;3;2;3;2;0;0;0;0;3
Kupplungssatz;479;130228;2;0,0012;1;3;2;2;5;1;0;2;0;1
Kupplungssatz;479;5224;51;0,0319;1;2;2;2;3;0;0;0;2;1
Kupplungssatz;479;13663;23;0,0144;3;1;1;1;1;1;0;1;1;1
Kupplungssatz;479;8740;128;0,0799;1;1;1;3;2;4;0;1;1;2
Kupplungssatz;479;16338;276;0,1724;2;2;3;2;4;2;0;2;3;3
Kupplungssatz;479;113867;1;0,0006;0;2;0;2;2;0;0;1;1;1
Kupplungssatz;479;33303;42;0,0262;1;1;1;1;3;1;0;1;1;1
Kupplungssatz;479;19547;87;0,0543;2;2;2;4;2;2;0;2;2;4
Kupplungssatz;479;6719;4;0,0025;4;2;3;1;3;1;0;1;2;2
Kupplungssatz;479;58971;30;0,0187;2;2;2;2;3;1;0;2;2;2
Kupplungssatz;479;11778;4;0,0025;3;4;2;4;3;0;0;0;4;0
Kupplungssatz;479;32273;14;0,0087;0;5;2;3;2;0;0;0;2;5
Kupplungssatz;479;11056;17;0,0106;0;2;0;0;2;0;0;0;3;1
Kupplungssatz;479;120077;102;0,0637;1;4;0;3;4;0;0;3;6;6
Kupplungssatz;479;56118;1;0,0006;0;2;3;0;0;0;0;0;0;0
Kupplungssatz;479;11330;33;0,0206;1;2;2;2;4;0;0;2;2;8
Kupplungssatz;479;27310;1;0,0006;2;6;6;6;6;1;0;2;1;5
Kupplungssatz;479;2132;4;0,0025;2;1;0;1;5;1;0;0;1;2
Kupplungssatz;479;10001;14;0,0087;2;4;1;1;6;0;0;0;2;3
Kupplungssatz;479;850;19;0,0119;2;2;2;2;5;0;0;1;2;2
Kupplungssatz;479;10352;5;0,0031;2;2;2;2;0;2;0;1;2;2
Kupplungssatz;479;17622;4;0,0025;0;4;0;0;3;1;0;0;0;2
Kupplungssatz;479;55795;1;0,0006;2;4;2;3;1;3;0;2;2;3
Kupplungssatz;479;62;3;0,0019;3;3;1;1;2;0;0;0;1;1
Kupplungssatz;479;17872;165;0,1031;1;3;2;1;2;1;0;1;1;1
Kupplungssatz;479;19929;36;0,0225;3;2;1;2;3;1;0;2;2;3
Kupplungssatz;479;33491;11;0,0069;0;3;0;1;1;0;0;1;0;2
Kupplungssatz;479;59566;42;0,0262;2;2;0;2;2;0;0;0;0;4
Kupplungssatz;479;19428;17;0,0106;4;5;4;4;6;0;0;1;4;6
Kupplungssatz;479;118534;170;0,1062;2;3;0;2;9;0;0;0;0;3
Kupplungssatz;479;119890;16;0,01;0;3;1;1;1;0;0;0;0;1
Kupplungssatz;479;116222;39;0,0244;3;5;4;2;7;1;0;1;6;4
Kupplungssatz;479;13933;3;0,0019;4;4;1;4;4;3;0;3;3;3
Kupplungssatz;479;16277;2;0,0012;2;1;1;1;1;4;0;1;1;1
Kupplungssatz;479;122150;3;0,0019;1;3;0;1;2;1;0;1;0;3
Kupplungssatz;479;19963;15;0,0094;5;6;6;5;9;1;0;3;7;6
Kupplungssatz;479;9621;38;0,0237;1;4;1;2;3;1;0;2;1;4
Kupplungssatz;479;16696;4;0,0025;0;2;0;0;0;0;0;0;0;0
Kupplungssatz;479;24459;9;0,0056;0;3;0;2;2;0;0;0;0;3
Kupplungssatz;479;11034;25;0,0156;1;1;1;1;1;1;0;1;1;2
Kupplungssatz;479;113286;11;0,0069;0;2;0;2;3;0;0;0;2;1
Kupplungssatz;479;53382;16;0,01;4;6;4;4;6;0;0;1;4;6
Kupplungssatz;479;117855;27;0,0169;4;6;2;4;6;3;0;3;5;5
Kupplungssatz;479;9981;11;0,0069;3;4;5;2;4;1;0;0;4;3
Kupplungssatz;479;5607;46;0,0287;2;4;3;4;3;0;0;2;5;3
Kupplungssatz;479;15643;4;0,0025;2;2;2;3;1;0;0;0;3;2
Kupplungssatz;479;10466;185;0,1155;2;1;1;3;1;1;0;1;1;1
Kupplungssatz;479;123114;2;0,0012;0;2;0;2;0;0;0;0;0;2
Kupplungssatz;479;20101;32;0,02;3;2;3;2;2;1;0;2;2;4
Kupplungssatz;479;17245;5;0,0031;3;2;2;2;3;0;0;0;3;5
Kupplungssatz;479;56896;1;0,0006;2;3;1;3;1;0;0;0;2;7
Kupplungssatz;479;32749;5;0,0031;5;5;6;5;4;0;0;1;5;3
Kupplungssatz;479;13084;1;0,0006;0;1;1;1;1;0;0;0;1;1
Kupplungssatz;479;109457;2;0,0012;1;2;2;2;4;0;0;2;2;1
Kupplungssatz;479;29401;6;0,0037;2;2;1;2;4;1;0;2;2;2
Kupplungssatz;479;18916;1;0,0006;0;2;2;3;1;0;0;0;2;1
Kupplungssatz;479;2879;34;0,0212;3;7;2;2;4;1;0;1;4;6
Kupplungssatz;479;8055;2;0,0012;1;2;2;0;0;0;0;0;2;1
Kupplungssatz;479;32863;2;0,0012;3;3;3;3;4;0;0;1;3;3
Kupplungssatz;479;55123;1;0,0006;0;1;1;1;1;0;0;1;1;1
Kupplungssatz;479;33076;9;0,0056;2;1;1;1;2;0;0;0;2;2
Kupplungssatz;479;120122;1;0,0006;0;1;0;1;1;0;0;0;0;1
Kupplungssatz;479;8970;116;0,0725;1;3;3;1;2;1;0;1;2;2
Kupplungssatz;479;54958;2;0,0012;8;5;2;2;8;1;0;0;0;1
Kupplungssatz;479;8813;1;0,0006;3;1;1;0;3;2;0;0;2;3
Kupplungssatz;479;135291;25;0,0156;2;3;1;2;5;1;0;2;2;3
Kupplungssatz;479;19313;12;0,0075;1;1;1;1;1;1;0;0;1;1
Kupplungssatz;479;9695;1;0,0006;3;2;2;2;5;0;0;2;3;0
Kupplungssatz;479;34918;6;0,0037;3;1;1;1;2;1;0;0;2;3
Kupplungssatz;479;22478;26;0,0162;1;1;0;0;0;2;0;1;1;1
Kupplungssatz;479;29996;73;0,0456;0;3;3;3;5;0;0;0;2;2
Kupplungssatz;479;18473;21;0,0131;2;2;1;2;0;2;0;1;2;2
Kupplungssatz;479;11956;20;0,0125;3;3;8;3;2;1;0;2;3;3
Kupplungssatz;479;7867;2;0,0012;2;5;5;3;5;0;0;2;1;5
Kupplungssatz;479;108175;6;0,0037;3;2;2;2;4;0;0;0;3;4
Kupplungssatz;479;57361;52;0,0325;3;3;3;3;4;0;0;1;3;3
Kupplungssatz;479;17176;3;0,0019;0;1;0;0;0;0;0;0;1;1
Kupplungssatz;479;1031;1;0,0006;2;2;1;1;1;0;0;0;2;1
Kupplungssatz;479;58254;2;0,0012;1;2;4;2;4;0;0;0;3;2
Kupplungssatz;479;23474;5;0,0031;2;5;2;2;2;2;0;2;3;2
Kupplungssatz;479;31645;5;0,0031;2;3;1;2;4;1;0;0;2;1
Kupplungssatz;479;15863;2;0,0012;1;0;0;1;2;1;0;0;0;0
Kupplungssatz;479;106231;9;0,0056;0;4;2;2;2;0;0;1;1;3
Kupplungssatz;479;118024;2;0,0012;0;2;0;2;3;0;0;1;1;1
Kupplungssatz;479;11255;1;0,0006;2;4;3;2;4;0;0;2;2;6
Kupplungssatz;479;5896;2;0,0012;1;1;1;0;7;2;0;1;0;1
Kupplungssatz;479;16664;2;0,0012;1;1;1;0;1;0;0;0;1;2
Kupplungssatz;479;31321;3;0,0019;0;2;2;1;3;0;0;0;0;1
Kupplungssatz;479;21899;25;0,0156;1;0;1;0;1;1;0;0;1;0
Kupplungssatz;479;137680;2;0,0012;0;2;0;2;4;0;0;0;0;1
Kupplungssatz;479;109340;5;0,0031;0;2;0;2;3;0;0;1;1;2
Kupplungssatz;479;5822;2;0,0012;2;2;2;2;2;0;0;0;2;2
Kupplungssatz;479;33510;12;0,0075;4;2;1;3;2;0;0;2;2;3
Kupplungssatz;479;58588;6;0,0037;2;3;2;2;4;1;0;0;5;3
Kupplungssatz;479;113670;5;0,0031;3;2;2;2;4;0;0;0;3;4
Kupplungssatz;479;19359;15;0,0094;0;4;1;3;3;0;0;0;4;2
Kupplungssatz;479;132439;2;0,0012;2;4;2;2;6;1;0;2;2;2
Kupplungssatz;479;33327;9;0,0056;1;1;2;1;2;1;0;2;1;2
Kupplungssatz;479;100640;1;0,0006;0;0;1;0;0;0;0;0;0;0
Kupplungssatz;479;3926;5;0,0031;1;1;2;0;0;0;0;1;1;1
Kupplungssatz;479;26555;1;0,0006;0;1;2;1;2;0;0;0;1;1
Kupplungssatz;479;19442;6;0,0037;0;3;2;3;1;0;0;0;2;2
Kupplungssatz;479;31128;1;0,0006;2;2;1;2;4;2;0;2;2;2
Kupplungssatz;479;116109;8;0,005;0;1;0;1;6;0;0;0;0;2
Kupplungssatz;479;2269;1;0,0006;0;1;1;1;1;0;0;0;1;1
Kupplungssatz;479;10659;1;0,0006;0;1;1;1;2;1;0;1;1;1
Kupplungssatz;479;18618;2;0,0012;2;1;1;1;1;1;0;1;1;1
Kupplungssatz;479;19215;7;0,0044;5;4;2;4;3;5;0;3;3;3
Kupplungssatz;479;128796;4;0,0025;0;2;2;0;1;0;0;1;3;2
Kupplungssatz;479;100856;13;0,0081;2;1;0;2;2;1;0;0;1;2
Kupplungssatz;479;17999;7;0,0044;4;3;3;3;3;1;0;3;3;2
Kupplungssatz;479;11606;18;0,0112;3;7;7;4;10;2;0;1;6;5
Kupplungssatz;479;123362;2;0,0012;0;1;1;1;2;0;0;0;0;1
Kupplungssatz;479;108851;2;0,0012;2;3;5;0;4;0;0;0;3;3
Kupplungssatz;479;24669;1;0,0006;0;1;0;0;1;0;0;0;0;1
Kupplungssatz;479;4441;2;0,0012;1;1;3;2;2;4;0;0;2;1
Kupplungssatz;479;112392;11;0,0069;1;3;1;3;4;1;0;1;3;3
Kupplungssatz;479;109967;2;0,0012;3;2;0;3;1;1;0;1;2;2
Kupplungssatz;479;145004;1;0,0006;0;1;0;1;0;0;0;0;0;0
Kupplungssatz;479;7993;2;0,0012;3;4;2;3;7;0;0;2;5;3
Kupplungssatz;479;15558;1;0,0006;0;2;1;0;5;1;0;1;2;2
Kupplungssatz;479;19951;1;0,0006;1;1;0;1;3;0;0;0;1;1
Kupplungssatz;479;7765;2;0,0012;2;2;1;1;3;0;0;0;2;1
Kupplungssatz;479;15478;1;0,0006;3;3;2;0;3;0;0;0;3;1
Kupplungssatz;479;32171;1;0,0006;0;0;0;0;0;0;0;0;0;0
Kupplungssatz;479;55079;1;0,0006;0;1;0;0;0;0;0;0;0;2
Kupplungssatz;479;33010;24;0,015;1;2;1;1;0;0;0;0;2;1
Kupplungssatz;479;8519;6;0,0037;4;3;1;3;1;3;0;0;2;4
Kupplungssatz;479;10766;1;0,0006;1;1;1;1;3;1;0;1;1;0
Kupplungssatz;479;10827;2;0,0012;0;3;2;2;3;0;0;1;2;3
Kupplungssatz;479;5974;5;0,0031;1;2;0;0;2;0;0;0;0;1
Kupplungssatz;479;12067;7;0,0044;1;1;1;1;2;0;0;0;1;1
Kupplungssatz;479;56772;1;0,0006;0;1;0;0;1;0;0;0;0;2
Kupplungssatz;479;1748;2;0,0012;1;1;3;1;2;0;0;0;2;2
Kupplungssatz;479;154656;1;0,0006;0;0;0;0;0;0;0;0;0;0
Kupplungssatz;479;14136;1;0,0006;1;1;0;0;1;0;0;0;1;1
Kupplungssatz;479;437;3;0,0019;0;1;1;1;0;0;0;0;0;1
Kupplungssatz;479;9447;3;0,0019;0;1;0;1;2;1;0;1;2;3
Kupplungssatz;479;53385;3;0,0019;0;2;0;3;3;0;0;0;0;3
Kupplungssatz;479;145887;4;0,0025;0;0;2;0;1;0;0;0;0;6
Kupplungssatz;479;10042;2;0,0012;2;2;2;0;4;0;0;0;4;1
Kupplungssatz;479;29716;2;0,0012;0;3;1;2;2;0;0;0;2;2
Kupplungssatz;479;22695;4;0,0025;5;8;4;4;6;0;0;3;3;10
Kupplungssatz;479;28938;1;0,0006;1;1;0;0;3;0;0;0;2;0
Kupplungssatz;479;14107;3;0,0019;4;2;4;2;3;5;0;3;3;2
Kupplungssatz;479;105884;1;0,0006;2;4;0;3;5;0;0;3;6;6
Kupplungssatz;479;10045;7;0,0044;1;1;1;0;2;0;0;0;1;2
Kupplungssatz;479;17463;6;0,0037;1;1;1;1;1;1;0;0;1;1
Kupplungssatz;479;14915;75;0,0468;0;2;2;3;1;2;0;1;2;2
Kupplungssatz;479;19035;29;0,0181;2;2;4;2;4;2;0;2;2;4
Kupplungssatz;479;106458;2;0,0012;1;1;0;1;1;0;0;0;1;1
Kupplungssatz;479;10972;4;0,0025;1;3;1;1;2;1;0;1;1;3
Kupplungssatz;479;13359;22;0,0137;1;1;1;1;2;1;0;0;0;1
Kupplungssatz;479;117719;26;0,0162;0;1;0;2;2;0;0;0;2;2
Kupplungssatz;479;22471;36;0,0225;0;1;1;1;1;1;0;1;0;0
Kupplungssatz;479;137586;4;0,0025;0;1;0;1;2;0;0;0;0;2
Kupplungssatz;479;9466;203;0,1268;1;7;1;3;8;3;0;2;3;4
Kupplungssatz;479;800120;4;0,0025;2;2;0;0;1;0;0;0;0;1
Kupplungssatz;479;22651;39;0,0244;2;2;1;2;2;2;0;1;2;2
Kupplungssatz;479;56087;2;0,0012;1;2;2;1;1;0;0;2;2;1
Kupplungssatz;479;112330;11;0,0069;1;2;1;2;3;1;0;1;3;3
Kupplungssatz;479;34976;9;0,0056;2;1;1;1;1;1;0;1;0;0
Kupplungssatz;479;129962;2;0,0012;1;2;1;1;3;0;0;0;2;2
Kupplungssatz;479;58873;2;0,0012;3;1;1;1;2;1;0;0;2;3
Kupplungssatz;479;12583;4;0,0025;1;5;2;0;6;0;0;0;2;4
Kupplungssatz;479;1887;3;0,0019;0;4;2;2;3;0;0;0;2;4
Kupplungssatz;479;145888;10;0,0062;0;2;2;0;1;0;0;0;0;5
Kupplungssatz;479;13732;2;0,0012;2;3;2;3;3;1;0;1;2;6
Kupplungssatz;479;20079;8;0,005;3;2;2;2;3;1;0;0;2;3
Kupplungssatz;479;33436;110;0,0687;1;2;0;1;1;1;0;1;1;0
Kupplungssatz;479;33249;8;0,005;1;1;1;1;3;1;0;1;0;2
Kupplungssatz;479;13737;7;0,0044;2;3;2;3;3;1;0;1;2;6
Kupplungssatz;479;22514;23;0,0144;4;2;3;1;4;0;0;2;2;2
Kupplungssatz;479;18542;11;0,0069;2;2;1;2;1;1;0;1;2;2
Kupplungssatz;479;138598;7;0,0044;1;1;1;1;2;0;0;0;1;1
Kupplungssatz;479;1870;38;0,0237;2;5;0;2;3;0;0;0;2;3
Kupplungssatz;479;30832;1;0,0006;1;2;2;2;1;1;0;0;0;0
Kupplungssatz;479;56784;3;0,0019;1;4;1;2;2;0;0;1;1;3
Kupplungssatz;479;58809;2;0,0012;0;2;3;1;5;0;0;1;2;2
Kupplungssatz;479;115501;4;0,0025;0;3;0;2;3;0;0;1;1;2
Kupplungssatz;479;15555;1;0,0006;1;2;2;2;4;1;0;0;2;3
Kupplungssatz;479;1362;1;0,0006;0;1;1;0;0;0;0;0;1;1
Kupplungssatz;479;33620;16;0,01;2;2;1;2;3;1;0;0;1;3
Kupplungssatz;479;132998;6;0,0037;0;1;1;1;4;1;0;1;1;1
Kupplungssatz;479;7750;1;0,0006;1;1;0;1;1;0;0;0;0;1
Kupplungssatz;479;19048;38;0,0237;2;3;3;3;4;0;0;3;3;4
Kupplungssatz;479;19928;205;0,128;3;2;3;2;3;1;0;2;2;3
Kupplungssatz;479;22949;7;0,0044;1;1;1;1;3;1;0;0;1;1
Kupplungssatz;479;34307;3;0,0019;2;4;1;1;4;0;0;0;3;3
Kupplungssatz;479;6042;42;0,0262;7;8;9;8;14;1;0;5;12;7
Kupplungssatz;479;19523;20;0,0125;1;2;1;1;5;1;0;1;2;2
Kupplungssatz;479;9998;6;0,0037;2;2;0;2;1;1;0;2;2;2
Kupplungssatz;479;23460;47;0,0294;2;2;2;2;3;1;0;2;2;4
Kupplungssatz;479;116210;41;0,0256;0;6;0;3;5;0;0;0;0;5
Kupplungssatz;479;22507;27;0,0169;4;2;3;1;4;0;0;2;2;2
Kupplungssatz;479;28040;6;0,0037;1;2;1;1;1;1;0;1;1;0
Kupplungssatz;479;1075;5;0,0031;2;2;2;1;3;0;0;0;1;1
Kupplungssatz;479;54913;18;0,0112;1;1;1;1;2;2;0;1;1;2
Kupplungssatz;479;16766;2;0,0012;1;1;1;1;1;1;0;0;1;1
Kupplungssatz;479;121094;1;0,0006;1;1;0;1;1;0;0;0;1;2
Kupplungssatz;479;1634;5;0,0031;1;1;1;1;1;1;0;0;2;1
Kupplungssatz;479;8888;4;0,0025;0;1;1;0;0;0;0;0;0;1
Kupplungssatz;479;1903;11;0,0069;0;2;1;1;1;0;0;0;1;1
Kupplungssatz;479;17696;78;0,0487;7;8;7;4;10;2;0;0;8;8
Kupplungssatz;479;140404;1;0,0006;0;0;0;1;5;0;0;0;0;5
Kupplungssatz;479;130102;9;0,0056;1;4;1;2;4;1;0;2;3;3
Kupplungssatz;479;31543;37;0,0231;2;2;1;2;2;0;0;0;2;4
Kupplungssatz;479;120656;6;0,0037;2;3;2;3;4;0;0;2;3;4
Kupplungssatz;479;100487;5;0,0031;1;2;0;2;1;1;0;1;1;0
Kupplungssatz;479;1230;1;0,0006;0;1;1;1;0;0;0;0;0;1
Kupplungssatz;479;4496;25;0,0156;1;3;4;2;3;2;0;2;1;1
Kupplungssatz;479;5280;6;0,0037;1;1;0;0;2;0;0;0;1;2
Kupplungssatz;479;9918;22;0,0137;3;1;1;1;2;1;0;0;2;3
Kupplungssatz;479;301;2;0,0012;1;2;1;0;1;0;0;0;1;1
Kupplungssatz;479;144381;1;0,0006;0;0;0;0;0;0;0;0;0;0
Kupplungssatz;479;15242;1;0,0006;1;1;1;1;1;1;0;0;1;2
Kupplungssatz;479;18823;1;0,0006;2;4;1;4;4;0;0;0;2;2
Kupplungssatz;479;58766;43;0,0269;1;3;1;2;4;0;0;1;1;2
Kupplungssatz;479;32276;5;0,0031;0;5;2;3;2;0;0;0;2;5
Kupplungssatz;479;114210;76;0,0475;1;1;1;1;1;1;0;0;1;1
Kupplungssatz;479;33333;27;0,0169;2;2;2;2;4;1;0;2;2;2
Kupplungssatz;479;34802;2;0,0012;0;0;1;0;1;0;0;1;0;1
Kupplungssatz;479;17100;5;0,0031;1;3;0;0;2;0;0;0;0;3
Kupplungssatz;479;1716;3;0,0019;1;1;1;1;5;1;0;0;1;2
Kupplungssatz;479;9540;3;0,0019;1;1;1;1;3;1;0;0;1;1
Kupplungssatz;479;26630;103;0,0643;1;3;1;1;4;1;0;1;2;1
Kupplungssatz;479;7907;4;0,0025;1;3;1;1;3;0;0;0;1;1
Kupplungssatz;479;142441;5;0,0031;0;2;0;2;1;0;0;1;0;2
Kupplungssatz;479;21873;1;0,0006;2;1;1;1;1;1;0;1;0;0
Kupplungssatz;479;19549;14;0,0087;2;2;2;4;2;2;0;2;2;4
Kupplungssatz;479;116503;12;0,0075;4;4;3;2;6;3;0;1;4;5
Kupplungssatz;479;18590;24;0,015;2;4;2;1;4;0;0;0;4;3
Kupplungssatz;479;16760;6;0,0037;1;1;1;1;5;1;0;1;1;1
Kupplungssatz;479;4325;1;0,0006;2;1;1;1;1;3;0;1;1;0
Kupplungssatz;479;127210;12;0,0075;0;4;1;3;4;0;0;1;1;3
Kupplungssatz;479;33394;1;0,0006;1;1;1;1;4;1;0;1;1;2
Kupplungssatz;479;17931;5;0,0031;1;2;2;2;2;0;0;0;3;2
Kupplungssatz;479;100783;1;0,0006;2;2;0;2;3;3;0;1;2;0
Kupplungssatz;479;57513;32;0,02;1;1;1;1;2;1;0;2;2;1
Kupplungssatz;479;5414;2;0,0012;0;4;1;2;3;0;0;0;2;2
Kupplungssatz;479;4454;3;0,0019;1;1;1;1;5;1;0;1;1;1
Kupplungssatz;479;30355;10;0,0062;1;0;1;1;0;1;0;1;0;0
Kupplungssatz;479;59562;6;0,0037;2;2;0;2;2;0;0;0;0;3
Kupplungssatz;479;8407;1;0,0006;0;2;0;1;1;0;0;0;1;1
Kupplungssatz;479;143733;107;0,0668;1;1;0;1;1;0;0;1;1;0
Kupplungssatz;479;27584;68;0,0425;1;1;2;1;2;1;0;2;1;2
Kupplungssatz;479;105901;52;0,0325;0;3;0;2;2;0;0;1;1;2
Kupplungssatz;479;27577;31;0,0194;3;5;0;1;4;1;0;1;3;3
Kupplungssatz;479;5212;1;0,0006;0;1;1;1;0;0;0;0;1;1
Kupplungssatz;479;19514;5;0,0031;3;6;5;6;7;2;0;3;6;5
Kupplungssatz;479;18878;10;0,0062;3;1;1;1;2;1;0;1;1;1
Kupplungssatz;479;53618;3;0,0019;1;3;2;2;2;0;0;2;2;2
Kupplungssatz;479;115279;5;0,0031;1;2;2;1;2;0;0;1;1;2
Kupplungssatz;479;17816;62;0,0387;1;1;1;1;1;1;0;1;1;2
Kupplungssatz;479;18756;1;0,0006;6;4;3;2;2;1;0;0;3;3
Kupplungssatz;479;16488;11;0,0069;4;3;3;3;4;1;0;3;3;3
Kupplungssatz;479;129210;3;0,0019;1;1;3;1;3;1;0;1;6;2
Kupplungssatz;479;112242;2;0,0012;0;3;2;2;3;0;0;0;2;2
Kupplungssatz;479;22504;11;0,0069;5;7;7;6;10;1;0;4;7;8
Kupplungssatz;479;5679;1;0,0006;1;1;1;0;1;0;0;0;1;1
Kupplungssatz;479;32406;3;0,0019;0;0;0;0;2;1;0;0;1;0
Kupplungssatz;479;128802;1;0,0006;0;2;0;0;3;0;0;0;0;1
Kupplungssatz;479;5387;1;0,0006;2;1;1;1;2;2;0;1;1;1
Kupplungssatz;479;22476;51;0,0319;1;1;0;0;1;2;0;1;1;1
Kupplungssatz;479;17321;1;0,0006;0;1;1;1;1;0;0;0;1;2
Kupplungssatz;479;30987;5;0,0031;2;2;0;2;2;0;0;0;0;3
Kupplungssatz;479;139212;6;0,0037;1;3;0;2;6;1;0;1;0;3
Kupplungssatz;479;15895;1;0,0006;0;2;1;1;4;0;0;0;1;1
Kupplungssatz;479;32828;5;0,0031;2;2;1;2;5;3;0;1;2;4
Kupplungssatz;479;16377;2;0,0012;1;4;4;3;2;6;0;3;4;3
Kupplungssatz;479;5750;24;0,015;1;4;0;2;2;2;0;0;2;1
Kupplungssatz;479;17789;1;0,0006;2;3;0;3;2;0;0;0;2;1
Kupplungssatz;479;21378;1;0,0006;1;1;0;0;0;0;0;0;0;1
Kupplungssatz;479;56079;1;0,0006;0;1;0;0;0;0;0;0;0;0
Kupplungssatz;479;109644;1;0,0006;0;0;0;0;0;0;0;0;0;0
Kupplungssatz;479;28279;5;0,0031;8;9;10;7;14;1;0;5;14;4
Kupplungssatz;479;12503;1;0,0006;3;1;0;1;1;0;0;0;1;2
Kupplungssatz;479;112331;9;0,0056;3;2;2;2;4;0;0;0;3;4
Kupplungssatz;479;22535;10;0,0062;1;2;2;1;4;0;0;0;3;3
Kupplungssatz;479;139250;2;0,0012;0;2;3;2;4;0;0;0;0;6
Kupplungssatz;479;801389;2;0,0012;0;3;1;0;3;0;0;0;0;0
Kupplungssatz;479;19650;2;0,0012;0;3;1;3;3;0;0;0;0;2
Kupplungssatz;479;17139;2;0,0012;0;2;0;2;1;0;0;0;2;2
Kupplungssatz;479;497;1;0,0006;1;2;1;0;1;0;0;0;1;2
Kupplungssatz;479;16462;2;0,0012;0;0;0;0;2;0;0;0;0;1
Kupplungssatz;479;106418;6;0,0037;3;3;1;1;5;0;0;0;3;2
Kupplungssatz;479;56800;15;0,0094;2;5;1;3;10;1;0;2;2;3
Kupplungssatz;479;113120;7;0,0044;0;0;0;0;2;1;0;0;0;3
Kupplungssatz;479;28281;2;0,0012;8;9;10;7;15;1;0;5;14;4
Kupplungssatz;479;34691;2;0,0012;1;1;0;0;0;0;0;0;0;0
Kupplungssatz;479;19830;1;0,0006;4;2;1;2;1;5;0;1;2;3
Kupplungssatz;479;73;9;0,0056;0;3;1;2;2;0;0;0;2;2
Kupplungssatz;479;18325;1;0,0006;1;2;1;1;4;0;0;0;2;1
Kupplungssatz;479;145246;2;0,0012;1;2;0;2;6;1;0;1;0;3
Kupplungssatz;479;57251;1;0,0006;0;1;0;0;1;0;0;0;0;1
Kupplungssatz;479;17351;8;0,005;0;1;1;0;2;0;0;0;0;1
Kupplungssatz;479;113674;21;0,0131;1;1;1;1;3;1;0;1;1;1
Kupplungssatz;479;29717;5;0,0031;3;5;0;1;5;2;0;1;3;4
Kupplungssatz;479;500;3;0,0019;5;3;2;6;3;1;0;2;2;5
Kupplungssatz;479;100369;3;0,0019;0;2;0;2;3;0;0;0;2;1
Kupplungssatz;479;141;1;0,0006;1;1;1;1;1;0;0;0;1;1
Kupplungssatz;479;58947;1;0,0006;0;2;2;2;1;1;0;1;1;2
Kupplungssatz;479;6028;1;0,0006;0;2;0;0;5;0;0;0;2;2
Kupplungssatz;479;101002;1;0,0006;0;2;1;1;8;0;0;1;2;3
Kupplungssatz;479;59428;1;0,0006;2;3;0;2;1;0;0;1;3;0
Kupplungssatz;479;16453;1;0,0006;4;5;5;4;5;0;0;0;6;5
Kupplungssatz;479;7193;1;0,0006;3;4;0;1;2;2;0;0;3;3
Kupplungssatz;479;133656;1;0,0006;0;0;0;0;0;0;0;0;0;2
Kupplungssatz;479;19615;7;0,0044;8;10;8;10;11;2;0;4;11;6
Kupplungssatz;479;136024;1;0,0006;0;1;1;1;0;0;0;0;0;0
Kupplungssatz;479;4812;1;0,0006;1;1;1;3;1;2;0;0;0;0
Kupplungssatz;479;109945;2;0,0012;1;4;2;3;1;1;0;1;2;3
Kupplungssatz;479;133857;1;0,0006;0;5;2;2;1;0;0;0;0;5
Kupplungssatz;479;422;1;0,0006;0;3;3;1;0;0;0;0;0;3
Kupplungssatz;479;116536;1;0,0006;0;3;1;3;3;0;0;2;0;8
Kupplungssatz;479;19937;32;0,02;1;2;1;1;5;1;0;1;2;2
Kupplungssatz;479;20027;240;0,1499;1;1;1;1;4;2;0;1;1;1
Kupplungssatz;479;8738;8;0,005;2;0;0;1;1;1;0;0;0;0
Kupplungssatz;479;20176;4;0,0025;1;3;1;0;1;2;0;0;0;2
Kupplungssatz;479;8986;11;0,0069;0;1;0;1;1;1;0;1;1;1
Kupplungssatz;479;5633;5;0,0031;0;0;0;0;1;0;0;0;0;1
Kupplungssatz;479;16889;12;0,0075;2;1;1;1;6;1;0;2;1;1
Kupplungssatz;479;23045;83;0,0518;1;6;2;3;4;0;0;0;2;2
Kupplungssatz;479;11325;106;0,0662;3;3;2;2;3;0;0;1;3;3
Kupplungssatz;479;132534;13;0,0081;2;2;0;3;4;1;0;1;1;3
Kupplungssatz;479;15433;6;0,0037;1;1;1;1;3;1;0;0;1;1
Kupplungssatz;479;114351;38;0,0237;6;5;4;5;9;0;0;4;1;5
Kupplungssatz;479;22559;44;0,0275;3;3;3;6;0;3;0;1;3;2
Kupplungssatz;479;5089;1;0,0006;0;2;0;0;2;1;0;2;2;4
Kupplungssatz;479;14331;7;0,0044;1;1;0;1;4;0;0;0;0;1
Kupplungssatz;479;19276;8;0,005;1;1;1;1;1;0;0;0;1;1
Kupplungssatz;479;18076;3;0,0019;2;2;1;2;4;0;0;0;2;2
Kupplungssatz;479;1021;30;0,0187;1;3;2;3;3;1;0;1;1;3
Kupplungssatz;479;23187;2;0,0012;0;2;0;1;2;0;0;0;1;1
Kupplungssatz;479;5389;104;0,065;5;4;3;2;6;3;0;3;3;6
Kupplungssatz;479;17278;164;0,1024;1;4;1;1;2;1;0;1;1;2
Kupplungssatz;479;11453;3;0,0019;0;2;0;0;2;1;0;0;0;1
Kupplungssatz;479;19636;2;0,0012;0;0;0;0;3;0;0;0;0;0
Kupplungssatz;479;11089;9;0,0056;1;1;0;1;2;0;0;0;1;0
Kupplungssatz;479;19518;18;0,0112;1;2;2;1;7;1;0;1;2;5
Kupplungssatz;479;17359;16;0,01;3;3;3;3;4;0;0;0;3;3
Kupplungssatz;479;19495;29;0,0181;0;3;2;3;3;3;0;0;2;4
Kupplungssatz;479;8602;1;0,0006;0;1;1;0;0;0;0;0;0;1
Kupplungssatz;479;16379;26;0,0162;2;1;1;1;1;1;0;1;1;1
Kupplungssatz;479;17204;129;0,0806;4;4;6;2;8;0;0;2;2;9
Kupplungssatz;479;18541;32;0,02;3;1;2;1;1;3;0;3;1;1
Kupplungssatz;479;19229;7;0,0044;1;1;1;1;1;0;0;0;1;1
Kupplungssatz;479;18897;199;0,1243;1;3;1;1;3;1;0;1;1;2
Kupplungssatz;479;16548;19;0,0119;1;1;1;1;3;1;0;1;1;0
Kupplungssatz;479;12494;14;0,0087;3;2;3;2;1;3;0;2;1;1
Kupplungssatz;479;16654;11;0,0069;1;1;2;0;2;0;0;0;1;1
Kupplungssatz;479;14169;15;0,0094;1;1;1;1;2;2;0;1;1;1
Kupplungssatz;479;18418;11;0,0069;2;3;2;2;3;0;0;0;3;3
Kupplungssatz;479;34306;1;0,0006;0;1;0;0;3;0;0;0;3;0
Kupplungssatz;479;10015;36;0,0225;1;1;2;1;0;1;0;1;1;0
Kupplungssatz;479;113191;18;0,0112;4;4;1;4;4;2;0;3;0;2
Kupplungssatz;479;19567;6;0,0037;1;1;2;1;0;0;0;0;1;2
Kupplungssatz;479;138074;24;0,015;3;3;2;3;3;0;0;2;0;4
Kupplungssatz;479;2393;2;0,0012;1;2;0;1;0;0;0;0;2;0
Kupplungssatz;479;14630;2;0,0012;0;1;1;1;2;0;0;0;2;2
Kupplungssatz;479;144424;16;0,01;2;2;0;2;4;0;0;1;0;2
Kupplungssatz;479;18787;4;0,0025;4;3;3;2;5;2;0;3;6;5
Kupplungssatz;479;58763;9;0,0056;0;3;1;2;2;0;0;1;1;3
Kupplungssatz;479;58536;17;0,0106;3;3;2;3;4;0;0;2;1;3
Kupplungssatz;479;15477;5;0,0031;2;2;2;0;8;0;0;0;3;2
Kupplungssatz;479;19261;4;0,0025;0;2;2;0;2;0;0;0;2;2
Kupplungssatz;479;30361;6;0,0037;0;1;2;1;2;0;0;0;1;1
Kupplungssatz;479;23505;5;0,0031;3;2;2;2;3;1;0;2;2;4
Kupplungssatz;479;145877;7;0,0044;0;3;2;0;1;0;0;0;0;5
Kupplungssatz;479;33584;15;0,0094;2;4;2;2;3;2;0;2;2;2
Kupplungssatz;479;10025;1;0,0006;0;1;0;2;1;0;0;0;1;1
Kupplungssatz;479;8852;1;0,0006;0;1;0;0;0;0;0;0;1;1
Kupplungssatz;479;100507;137;0,0856;4;4;2;3;5;3;0;3;5;5
Kupplungssatz;479;122486;5;0,0031;3;3;2;3;4;0;0;2;3;4
Kupplungssatz;479;15051;3;0,0019;2;3;1;2;5;1;0;0;1;2
Kupplungssatz;479;107753;8;0,005;0;3;2;2;4;0;0;0;2;3
Kupplungssatz;479;18668;35;0,0219;4;6;5;3;14;2;0;1;6;8
Kupplungssatz;479;126000;22;0,0137;1;3;1;1;4;0;0;1;1;2
Kupplungssatz;479;24431;3;0,0019;3;2;3;2;2;1;0;2;2;3
Kupplungssatz;479;58168;39;0,0244;1;1;1;1;4;0;0;0;1;2
Kupplungssatz;479;65013;2;0,0012;0;0;0;0;0;0;0;0;0;0
Kupplungssatz;479;34860;1;0,0006;1;1;2;0;0;0;0;1;1;1
Kupplungssatz;479;13159;10;0,0062;1;3;2;1;4;0;0;0;1;1
Kupplungssatz;479;1901;3;0,0019;0;1;2;1;1;0;0;0;2;2
Kupplungssatz;479;12246;2;0,0012;1;2;1;1;6;1;0;1;2;1
Kupplungssatz;479;16029;1;0,0006;2;1;2;1;1;2;0;1;2;2
Kupplungssatz;479;16229;7;0,0044;3;3;2;0;3;0;0;0;3;1
Kupplungssatz;479;115190;5;0,0031;0;2;3;1;4;0;0;0;2;2
Kupplungssatz;479;120661;8;0,005;2;3;2;3;4;0;0;2;3;4
Kupplungssatz;479;23379;6;0,0037;0;2;1;1;1;0;0;0;1;1
Kupplungssatz;479;4314;4;0,0025;1;1;0;1;1;1;0;2;0;2
Kupplungssatz;479;144112;4;0,0025;0;3;1;3;3;1;0;0;0;2
Kupplungssatz;479;1384;1;0,0006;0;1;0;1;0;0;0;0;1;1
Kupplungssatz;479;16340;15;0,0094;1;3;1;1;2;1;0;1;1;2
Kupplungssatz;479;27586;10;0,0062;1;1;1;1;3;1;0;0;0;1
Kupplungssatz;479;6362;1;0,0006;0;1;1;1;0;0;0;0;0;0
Kupplungssatz;479;12360;2;0,0012;1;0;0;0;1;0;0;1;1;1
Kupplungssatz;479;17893;12;0,0075;0;1;0;0;1;0;0;0;0;1
Kupplungssatz;479;32116;18;0,0112;1;2;2;2;2;0;0;0;2;3
Kupplungssatz;479;120670;1;0,0006;2;4;2;2;3;0;0;0;0;1
Kupplungssatz;479;142236;1;0,0006;0;2;0;1;1;0;0;0;0;2
Kupplungssatz;479;9358;1;0,0006;0;0;1;1;0;0;0;0;0;0
Kupplungssatz;479;58238;1;0,0006;0;1;0;1;2;0;0;0;1;1
Kupplungssatz;479;16745;1;0,0006;3;3;4;2;3;1;0;0;4;3
Kupplungssatz;479;122182;1;0,0006;3;0;0;0;5;1;0;0;0;1
Kupplungssatz;479;18091;1;0,0006;3;5;3;3;4;0;0;1;7;3
Kupplungssatz;479;14829;1;0,0006;5;6;3;7;10;0;0;0;8;6
Kupplungssatz;479;109390;1;0,0006;2;2;1;2;5;0;0;0;2;1
Kupplungssatz;479;30569;1;0,0006;1;1;1;1;3;0;0;1;1;1
Kupplungssatz;479;251;1;0,0006;1;4;1;3;4;0;0;0;2;2
Kupplungssatz;479;19493;5;0,0031;1;2;1;0;2;1;0;0;3;1
Kupplungssatz;479;14782;25;0,0156;0;1;1;1;0;1;0;1;0;0
Kupplungssatz;479;58578;12;0,0075;1;2;1;1;4;1;0;1;2;1
Kupplungssatz;479;16922;6;0,0037;1;1;1;1;1;2;0;1;1;1
Kupplungssatz;479;22673;1;0,0006;0;2;1;1;2;0;0;0;2;1
Kupplungssatz;479;4445;1;0,0006;1;1;1;2;2;1;0;1;1;2
Kupplungssatz;479;6066;1;0,0006;2;2;2;2;3;0;0;0;2;2
Kupplungssatz;479;138488;1;0,0006;0;0;0;1;0;0;0;1;3;3
Kupplungssatz;479;10267;5;0,0031;1;2;2;2;3;2;0;1;2;2
Kupplungssatz;479;34506;5;0,0031;2;3;0;1;2;0;0;0;1;2
Kupplungssatz;479;132282;1;0,0006;0;0;1;0;0;0;0;0;0;0
Kupplungssatz;479;129201;4;0,0025;2;2;0;2;1;0;0;1;0;2
Kupplungssatz;479;58969;2;0,0012;2;4;2;3;2;0;0;1;2;1
Kupplungssatz;479;127690;5;0,0031;0;2;0;1;2;0;0;0;2;2
Kupplungssatz;479;11424;1;0,0006;0;1;1;1;3;1;0;0;1;2
Kupplungssatz;479;14599;2;0,0012;2;2;0;2;1;0;0;0;1;1
Kupplungssatz;479;107045;2;0,0012;0;0;0;0;2;0;0;0;2;0
Kupplungssatz;479;14099;1;0,0006;0;1;1;0;1;0;0;0;1;0
Kupplungssatz;479;2542;1;0,0006;0;0;0;0;1;1;0;0;1;0
Kupplungssatz;479;18917;8;0,005;0;0;0;1;2;0;0;0;0;1
Kupplungssatz;479;484;2;0,0012;0;1;1;0;0;0;0;0;0;1
Kupplungssatz;479;100340;9;0,0056;0;1;0;1;1;1;0;0;0;2
Kupplungssatz;479;18491;2;0,0012;1;1;1;1;5;1;0;0;1;3
Kupplungssatz;479;101150;118;0,0737;1;3;0;2;1;1;0;0;1;3
Kupplungssatz;479;3384;4;0,0025;0;2;0;2;0;1;0;2;1;2
Kupplungssatz;479;3083;27;0,0169;1;2;1;0;2;1;0;1;2;2
Kupplungssatz;479;18520;33;0,0206;1;2;2;2;2;1;0;1;1;1
Kupplungssatz;479;31592;21;0,0131;1;4;1;2;3;0;0;2;1;3
Kupplungssatz;479;16064;7;0,0044;8;5;7;5;4;1;0;1;5;5
Kupplungssatz;479;23396;97;0,0606;1;1;1;1;2;2;0;1;1;1
Kupplungssatz;479;19565;2;0,0012;1;2;0;1;3;0;0;0;2;2
Kupplungssatz;479;108252;42;0,0262;2;5;2;6;4;0;0;2;4;8
Kupplungssatz;479;14485;3;0,0019;2;2;3;2;4;2;0;0;2;3
Kupplungssatz;479;22489;4;0,0025;1;2;2;2;3;1;0;1;3;1
Kupplungssatz;479;7235;11;0,0069;5;2;4;4;2;2;0;3;4;1
Kupplungssatz;479;17232;1;0,0006;0;2;1;1;2;0;0;0;1;1
Kupplungssatz;479;19178;4;0,0025;2;1;1;1;6;1;0;2;1;1
Kupplungssatz;479;16970;5;0,0031;3;3;5;3;5;1;0;0;4;4
Kupplungssatz;479;17884;2;0,0012;0;3;0;0;3;0;0;0;0;0
Kupplungssatz;479;57779;1;0,0006;2;6;2;1;4;0;0;1;1;2
Kupplungssatz;479;142767;2;0,0012;0;1;0;0;2;0;0;0;0;2
Kupplungssatz;479;107975;11;0,0069;0;1;1;2;5;0;0;0;0;2
Kupplungssatz;479;402;1;0,0006;0;2;2;0;0;0;0;0;0;2
Kupplungssatz;479;153051;7;0,0044;1;0;1;2;0;0;0;1;1;0
Kupplungssatz;479;16057;10;0,0062;0;2;2;0;8;1;0;0;2;2
Kupplungssatz;479;12145;3;0,0019;2;2;2;2;1;0;0;0;0;3
Kupplungssatz;479;17738;3;0,0019;0;2;1;1;2;1;0;1;1;2
Kupplungssatz;479;18970;4;0,0025;2;2;2;2;2;1;0;1;2;2
Kupplungssatz;479;28174;8;0,005;4;10;2;4;7;0;0;3;3;6
Kupplungssatz;479;33875;32;0,02;1;3;1;1;1;1;0;0;1;1
Kupplungssatz;479;7825;2;0,0012;0;0;1;1;1;2;0;0;1;1
Kupplungssatz;479;7920;1;0,0006;1;1;1;1;1;0;0;0;1;2
Kupplungssatz;479;119699;3;0,0019;1;1;1;1;1;0;0;1;1;0
Kupplungssatz;479;17486;8;0,005;2;2;1;2;2;2;0;1;2;2
Kupplungssatz;479;106265;17;0,0106;3;3;2;3;3;0;0;2;3;4
Kupplungssatz;479;20025;11;0,0069;1;2;2;1;5;1;0;1;2;2
Kupplungssatz;479;16573;55;0,0344;1;1;0;1;2;1;0;1;1;1
Kupplungssatz;479;34801;7;0,0044;1;3;1;1;3;1;0;1;1;1
Kupplungssatz;479;25458;6;0,0037;1;1;2;1;0;1;0;1;1;1
Kupplungssatz;479;137641;2;0,0012;2;2;0;1;0;0;0;0;0;1
Kupplungssatz;479;12493;1;0,0006;1;1;1;0;3;0;0;0;1;3
Kupplungssatz;479;28769;6;0,0037;2;2;2;2;3;2;0;2;2;2
Kupplungssatz;479;133517;1;0,0006;1;2;1;0;0;0;0;0;0;1
Kupplungssatz;479;535;1;0,0006;0;1;2;1;1;1;0;0;2;2
Kupplungssatz;479;13008;4;0,0025;1;3;0;1;5;1;0;1;2;1
Kupplungssatz;479;109391;1;0,0006;1;2;1;1;2;0;0;0;2;0
Kupplungssatz;479;19238;3;0,0019;2;5;3;3;3;2;0;1;4;3
Kupplungssatz;479;57460;15;0,0094;0;2;0;1;5;0;0;0;2;3
Kupplungssatz;479;19240;57;0,0356;1;2;2;2;1;1;0;1;1;1
Kupplungssatz;479;452;9;0,0056;1;2;1;0;1;0;0;0;1;2
Kupplungssatz;479;2556;2;0,0012;1;2;1;1;2;1;0;0;1;0
Kupplungssatz;479;4426;5;0,0031;2;1;1;2;1;2;0;0;0;1
Kupplungssatz;479;9296;1;0,0006;0;2;2;2;2;0;0;0;2;6
Kupplungssatz;479;1849;6;0,0037;2;2;1;2;3;1;0;0;0;3
Kupplungssatz;479;6722;16;0,01;2;2;2;2;5;2;0;2;0;2
Kupplungssatz;479;32396;4;0,0025;1;2;1;1;5;1;0;1;1;1
Kupplungssatz;479;128944;1;0,0006;1;1;0;1;3;0;0;1;1;0
Kupplungssatz;479;31016;5;0,0031;0;2;1;1;2;0;0;0;2;1
Kupplungssatz;479;22550;2;0,0012;2;4;0;1;1;0;0;0;0;2
Kupplungssatz;479;7899;5;0,0031;0;2;2;2;2;0;0;0;1;2
Kupplungssatz;479;13657;1;0,0006;0;2;0;0;0;0;0;0;2;0
Kupplungssatz;479;131864;1;0,0006;0;5;0;3;2;1;0;0;0;0
Kupplungssatz;479;57389;1;0,0006;1;2;0;1;0;1;0;0;1;1
Kupplungssatz;479;58374;2;0,0012;0;1;0;1;0;0;0;0;0;2
Kupplungssatz;479;2977;2;0,0012;0;0;0;0;1;0;0;0;0;1
Kupplungssatz;479;1860;1;0,0006;0;1;1;0;1;0;0;0;1;1
Kupplungssatz;479;22946;63;0,0393;1;1;1;1;2;1;0;1;1;2
Kupplungssatz;479;19591;13;0,0081;2;2;2;2;2;0;0;0;2;2
Kupplungssatz;479;108306;1;0,0006;0;1;0;2;0;0;0;0;1;1
Kupplungssatz;479;6886;12;0,0075;1;3;2;2;4;0;0;1;4;4
Kupplungssatz;479;145878;1;0,0006;0;3;3;3;1;0;0;0;0;3
Kupplungssatz;479;34282;1;0,0006;0;1;1;0;4;0;0;0;1;4
Kupplungssatz;479;23229;1;0,0006;2;3;0;2;2;1;0;0;2;1
Kupplungssatz;479;5231;1;0,0006;1;1;1;1;3;0;0;0;1;1
Kupplungssatz;479;59700;1;0,0006;0;1;0;0;0;0;0;0;0;0
Kupplungssatz;479;118543;1;0,0006;0;1;0;1;0;0;0;0;0;1
Kupplungssatz;479;18688;9;0,0056;2;2;1;2;2;0;0;0;2;2
Kupplungssatz;479;17161;11;0,0069;2;2;1;1;3;2;0;0;2;3
Kupplungssatz;479;146715;1;0,0006;0;0;0;1;0;0;0;0;0;0
Kupplungssatz;479;55513;5;0,0031;1;4;3;2;2;0;0;1;0;4
Kupplungssatz;479;24534;5;0,0031;1;1;1;0;5;2;0;1;1;1
Kupplungssatz;479;19125;29;0,0181;0;2;0;2;4;0;0;0;0;3
Kupplungssatz;479;15626;6;0,0037;1;1;1;1;1;1;0;0;1;1
Kupplungssatz;479;33351;2;0,0012;0;2;3;0;2;0;0;0;2;2
Kupplungssatz;479;3489;1;0,0006;2;2;3;1;6;2;0;2;3;3
Kupplungssatz;479;117091;28;0,0175;0;6;0;4;0;0;0;0;0;2
Kupplungssatz;479;109421;12;0,0075;3;4;2;3;5;0;0;2;3;3
Kupplungssatz;479;15506;9;0,0056;0;2;3;1;4;0;0;0;2;2
Kupplungssatz;479;8397;1;0,0006;0;1;1;1;2;0;0;0;1;1
Kupplungssatz;479;25490;7;0,0044;1;3;2;2;4;0;0;0;3;2
Kupplungssatz;479;29953;20;0,0125;1;2;2;0;3;0;0;0;2;1
Kupplungssatz;479;134295;9;0,0056;0;4;0;2;3;0;0;1;1;2
Kupplungssatz;479;32042;38;0,0237;1;2;1;1;5;1;0;1;1;1
Kupplungssatz;479;34954;4;0,0025;1;1;1;1;3;1;0;1;1;2
Kupplungssatz;479;18641;8;0,005;1;2;1;1;7;1;0;1;2;2
Kupplungssatz;479;126598;1;0,0006;1;1;0;1;2;1;0;0;1;2
Kupplungssatz;479;133192;4;0,0025;0;3;3;0;0;0;0;1;0;0
Kupplungssatz;479;15243;1;0,0006;0;2;2;2;3;0;0;0;1;1
Kupplungssatz;479;136153;8;0,005;2;2;1;0;3;0;0;2;1;3
Kupplungssatz;479;20795;1;0,0006;0;0;0;1;1;0;0;0;0;1
Kupplungssatz;479;9260;4;0,0025;1;2;1;1;2;1;0;1;1;2
Kupplungssatz;479;10229;1;0,0006;0;1;1;0;0;0;0;0;0;1
Kupplungssatz;479;133075;1;0,0006;1;1;1;0;0;0;0;0;0;0
Kupplungssatz;479;7795;8;0,005;1;1;0;1;2;0;0;0;1;1
Kupplungssatz;479;139764;3;0,0019;0;5;0;2;1;0;0;0;1;3
Kupplungssatz;479;15757;2;0,0012;3;3;5;2;4;0;0;2;2;7
Kupplungssatz;479;15123;2;0,0012;2;1;2;1;6;1;0;1;1;2
Kupplungssatz;479;117640;4;0,0025;1;3;0;0;1;0;0;0;0;1
Kupplungssatz;479;25462;1;0,0006;1;1;2;1;0;1;0;1;1;1
Kupplungssatz;479;8943;3;0,0019;0;4;1;1;2;0;0;0;1;1
Kupplungssatz;479;17424;4;0,0025;3;2;0;5;2;4;0;1;0;2
Kupplungssatz;479;28768;1;0,0006;1;1;1;1;2;1;0;1;1;1
Kupplungssatz;479;143048;1;0,0006;0;2;0;2;2;0;0;1;3;3
Kupplungssatz;479;144425;2;0,0012;3;2;0;2;4;0;0;1;0;2
Kupplungssatz;479;146122;2;0,0012;0;2;0;2;0;0;0;0;0;2
Kupplungssatz;479;296;3;0,0019;5;6;5;6;10;2;0;2;8;2
Kupplungssatz;479;7930;1;0,0006;0;0;2;0;0;0;0;0;0;0
Kupplungssatz;479;10088;1;0,0006;0;2;0;2;3;1;0;0;0;1
Kupplungssatz;479;132782;1;0,0006;0;1;0;1;2;0;0;0;0;0
Kupplungssatz;479;2886;1;0,0006;1;1;1;1;2;1;0;0;1;0
Kupplungssatz;479;23380;31;0,0194;0;2;1;1;3;1;0;0;1;1
Kupplungssatz;479;3635;12;0,0075;2;1;1;1;3;4;0;1;0;1
Kupplungssatz;479;5299;10;0,0062;2;1;2;1;4;1;0;0;2;3
Kupplungssatz;479;56230;15;0,0094;0;4;1;0;0;0;0;2;0;6
Kupplungssatz;479;3040;13;0,0081;3;1;1;1;2;1;0;0;2;3
Kupplungssatz;479;1461;16;0,01;1;2;2;1;0;1;0;1;1;1
Kupplungssatz;479;18680;5;0,0031;2;2;2;2;2;1;0;1;2;3
Kupplungssatz;479;33353;10;0,0062;2;2;1;2;5;3;0;1;2;4
Kupplungssatz;479;9200;5;0,0031;1;1;1;1;2;1;0;1;1;1
Kupplungssatz;479;113149;27;0,0169;0;3;2;2;2;0;0;1;1;3
Kupplungssatz;479;154680;1;0,0006;0;0;0;0;0;0;0;0;0;0
Kupplungssatz;479;15431;2;0,0012;1;1;0;1;3;0;0;0;1;1
Kupplungssatz;479;20119;4;0,0025;0;2;2;1;2;0;0;0;0;2
Kupplungssatz;479;100780;1;0,0006;2;2;1;2;5;3;0;1;2;0
Kupplungssatz;479;1872;31;0,0194;1;5;2;3;3;0;0;0;2;5
Kupplungssatz;479;9904;4;0,0025;0;1;0;1;2;0;0;0;1;3
Kupplungssatz;479;114840;5;0,0031;1;1;2;2;6;0;0;2;3;1
Kupplungssatz;479;58303;13;0,0081;1;2;2;2;2;0;0;0;3;2
Kupplungssatz;479;16602;1;0,0006;4;3;3;2;3;0;0;0;2;3
Kupplungssatz;479;20052;2;0,0012;3;2;2;2;3;1;0;0;3;3
Kupplungssatz;479;108402;1;0,0006;0;2;1;2;4;0;0;0;4;2
Kupplungssatz;479;23197;19;0,0119;4;5;2;3;2;0;0;1;2;1
Kupplungssatz;479;113672;2;0,0012;1;1;1;1;5;1;0;1;1;1
Kupplungssatz;479;19919;3;0,0019;0;2;0;1;2;0;0;0;2;1
Kupplungssatz;479;107657;1;0,0006;3;5;6;8;2;1;0;3;5;5
Kupplungssatz;479;7794;1;0,0006;0;0;0;1;1;0;0;0;0;1
Kupplungssatz;479;131369;3;0,0019;0;2;0;1;0;0;0;0;0;1
Kupplungssatz;479;112385;23;0,0144;0;3;2;0;2;0;0;2;2;2
Kupplungssatz;479;110072;73;0,0456;1;2;2;1;2;0;0;1;0;2
Kupplungssatz;479;23128;52;0,0325;1;2;1;1;2;1;0;1;1;2
Kupplungssatz;479;11111;4;0,0025;3;3;2;3;3;0;0;0;0;3
Kupplungssatz;479;16655;20;0,0125;1;1;1;1;1;1;0;0;1;1
Kupplungssatz;479;12171;25;0,0156;2;2;1;2;5;0;0;0;2;1
Kupplungssatz;479;30514;13;0,0081;1;1;1;4;0;1;0;1;1;1
Kupplungssatz;479;17561;10;0,0062;1;0;1;1;1;1;0;1;1;0
Kupplungssatz;479;130626;4;0,0025;2;4;2;2;2;1;0;2;0;2
Kupplungssatz;479;33386;17;0,0106;3;2;2;2;4;0;0;1;3;2
Kupplungssatz;479;115520;22;0,0137;2;3;2;3;4;0;0;2;3;4
Kupplungssatz;479;131283;7;0,0044;0;2;0;1;0;0;0;0;0;1
Kupplungssatz;479;59050;1;0,0006;0;0;0;0;0;0;0;0;0;0
Kupplungssatz;479;15422;20;0,0125;1;2;4;1;3;0;0;0;2;2
Kupplungssatz;479;12606;24;0,015;2;2;2;4;0;1;0;2;2;1
Kupplungssatz;479;494;2;0,0012;1;2;1;0;1;0;0;0;1;2
Kupplungssatz;479;430;20;0,0125;1;1;1;1;1;1;0;1;1;1
Kupplungssatz;479;5917;1;0,0006;1;4;5;2;4;0;0;0;4;4
Kupplungssatz;479;28243;1;0,0006;0;1;0;0;1;0;0;0;0;1
Kupplungssatz;479;28125;24;0,015;1;1;0;1;0;1;0;1;0;0
Kupplungssatz;479;32115;10;0,0062;0;2;2;2;2;0;0;0;2;4
Kupplungssatz;479;23167;15;0,0094;1;1;1;1;3;1;0;1;1;1
Kupplungssatz;479;111792;3;0,0019;0;3;2;2;3;0;0;0;2;3
Kupplungssatz;479;762;29;0,0181;3;9;5;6;15;3;0;3;8;9
Kupplungssatz;479;10518;10;0,0062;0;1;0;0;1;0;0;0;0;2
Kupplungssatz;479;16981;1;0,0006;3;6;6;5;7;1;0;3;5;7
Kupplungssatz;479;17116;2;0,0012;0;2;0;1;3;1;0;1;1;1
Kupplungssatz;479;18888;26;0,0162;2;2;1;2;0;1;0;2;2;0
Kupplungssatz;479;120259;5;0,0031;0;0;1;0;1;1;0;0;0;2
Kupplungssatz;479;2748;1;0,0006;0;1;0;0;1;0;0;0;1;1
Kupplungssatz;479;28145;10;0,0062;0;3;0;2;5;0;0;0;0;2
Kupplungssatz;479;5768;15;0,0094;3;2;1;2;4;0;0;1;3;2
Kupplungssatz;479;17127;9;0,0056;1;1;1;1;0;1;0;1;1;0
Kupplungssatz;479;19748;4;0,0025;1;1;0;0;2;0;0;0;2;2
Kupplungssatz;479;58757;3;0,0019;0;1;0;1;1;0;0;0;1;2
Kupplungssatz;479;19108;4;0,0025;1;2;2;2;2;1;0;2;2;2
Kupplungssatz;479;34184;4;0,0025;0;2;1;0;0;0;0;0;1;2
Kupplungssatz;479;14684;3;0,0019;3;3;5;2;4;0;0;2;2;7
Kupplungssatz;479;31383;11;0,0069;2;1;0;1;0;0;0;0;2;2
Kupplungssatz;479;14679;5;0,0031;0;1;0;2;2;0;0;0;1;1
Kupplungssatz;479;33344;6;0,0037;0;3;1;2;4;0;0;0;2;5
Kupplungssatz;479;106290;7;0,0044;0;1;0;1;1;0;0;0;0;1
Kupplungssatz;479;31317;46;0,0287;3;9;4;6;11;1;0;1;7;10
Kupplungssatz;479;17353;1;0,0006;0;1;1;0;1;0;0;0;0;1
Kupplungssatz;479;119016;1;0,0006;0;2;0;3;0;0;0;0;1;2
Kupplungssatz;479;132619;1;0,0006;0;2;2;0;1;0;0;2;0;0
Kupplungssatz;479;11896;47;0,0294;1;4;1;2;4;1;0;2;1;3
Kupplungssatz;479;136599;1;0,0006;0;1;0;0;3;0;0;0;0;2
Kupplungssatz;479;128503;1;0,0006;1;1;0;1;1;0;0;0;1;0
Kupplungssatz;479;116654;2;0,0012;2;2;0;1;2;0;0;1;2;1
Kupplungssatz;479;58507;1;0,0006;1;1;0;1;0;0;0;1;0;1
Kupplungssatz;479;145212;1;0,0006;0;2;0;2;2;0;0;0;0;1
Kupplungssatz;479;6369;1;0,0006;0;1;1;1;0;0;0;0;0;0
Kupplungssatz;479;117766;1;0,0006;0;0;2;0;0;0;0;0;0;0
Kupplungssatz;479;9538;2;0,0012;0;1;0;0;0;2;0;0;0;2
Kupplungssatz;479;8096;22;0,0137;0;4;1;3;3;0;0;0;2;3
Kupplungssatz;479;17449;55;0,0344;1;1;1;1;2;1;0;1;1;3
Kupplungssatz;479;35456;17;0,0106;1;2;2;2;4;2;0;2;2;2
Kupplungssatz;479;55952;1;0,0006;0;1;2;0;0;0;0;0;0;0
Kupplungssatz;479;142191;1;0,0006;0;0;0;0;1;0;0;0;0;1
Kupplungssatz;479;131256;4;0,0025;0;3;1;4;0;0;0;0;2;4
Kupplungssatz;479;18465;2;0,0012;0;1;1;0;0;0;0;0;0;1
Kupplungssatz;479;17304;1;0,0006;2;1;1;1;3;1;0;1;1;0
Kupplungssatz;479;100551;12;0,0075;0;1;0;1;1;0;0;0;0;1
Kupplungssatz;479;142028;1;0,0006;1;0;0;0;0;0;0;1;0;0
Kupplungssatz;479;59224;1;0,0006;4;7;1;1;4;1;0;1;4;1
Kupplungssatz;479;17650;11;0,0069;4;4;3;4;4;0;0;0;4;4
Kupplungssatz;479;111848;1;0,0006;0;0;1;0;0;0;0;0;0;2
Kupplungssatz;479;14185;2;0,0012;1;1;1;2;2;0;0;0;1;1
Kupplungssatz;479;28148;2;0,0012;3;4;5;4;9;0;0;3;4;5
Kupplungssatz;479;10002;2;0,0012;0;5;1;1;2;0;0;0;2;2
Kupplungssatz;479;57126;4;0,0025;1;1;1;1;3;1;0;1;0;1
Kupplungssatz;479;118023;39;0,0244;2;5;1;5;5;0;0;2;5;5
Kupplungssatz;479;16965;8;0,005;0;1;0;1;4;0;0;0;0;1
Kupplungssatz;479;5696;2;0,0012;0;3;1;3;3;0;0;0;0;2
Kupplungssatz;479;34723;1;0,0006;2;0;2;2;0;0;0;1;2;0
Kupplungssatz;479;4629;2;0,0012;0;3;0;0;0;0;0;0;1;1
Kupplungssatz;479;57168;7;0,0044;5;9;4;4;5;2;0;5;7;6
Kupplungssatz;479;9915;4;0,0025;3;1;1;1;2;1;0;0;2;3
Kupplungssatz;479;33250;31;0,0194;1;1;1;1;3;1;0;1;0;1
Kupplungssatz;479;8985;8;0,005;0;1;1;1;1;1;0;1;1;1
Kupplungssatz;479;4460;6;0,0037;1;1;1;1;3;1;0;1;1;1
Kupplungssatz;479;56108;11;0,0069;0;1;1;1;1;0;0;0;0;1
Kupplungssatz;479;10448;13;0,0081;3;8;6;5;5;0;0;2;7;7
Kupplungssatz;479;11494;1;0,0006;1;1;1;1;3;2;0;1;1;1
Kupplungssatz;479;101055;12;0,0075;2;4;2;4;3;1;0;2;2;4
Kupplungssatz;479;11329;23;0,0144;1;2;2;2;3;0;0;2;2;4
Kupplungssatz;479;30996;6;0,0037;3;2;0;2;2;0;0;0;0;3
Kupplungssatz;479;3707;9;0,0056;0;1;0;1;1;0;0;1;1;1
Kupplungssatz;479;19010;20;0,0125;1;2;2;1;5;1;0;1;2;2
Kupplungssatz;479;15148;13;0,0081;3;6;0;4;8;0;0;0;4;5
Kupplungssatz;479;19237;3;0,0019;2;5;4;3;3;2;0;1;4;3
Kupplungssatz;479;17782;6;0,0037;1;4;4;4;5;0;0;0;3;3
Kupplungssatz;479;59353;3;0,0019;7;6;0;4;7;3;0;3;5;5
Kupplungssatz;479;16552;25;0,0156;0;2;1;1;2;1;0;1;1;2
Kupplungssatz;479;2157;3;0,0019;1;2;1;2;5;1;0;0;2;3
Kupplungssatz;479;5977;1;0,0006;0;1;0;0;1;0;0;0;1;1
Kupplungssatz;479;4351;9;0,0056;1;1;0;1;7;2;0;1;1;1
Kupplungssatz;479;58623;4;0,0025;4;2;1;2;2;1;0;1;0;1
Kupplungssatz;479;23157;3;0,0019;1;2;0;2;2;0;0;0;0;2
Kupplungssatz;479;146535;1;0,0006;0;0;0;1;2;0;0;0;0;2
Kupplungssatz;479;23171;1;0,0006;0;2;2;3;3;0;0;0;0;2
Kupplungssatz;479;33264;2;0,0012;3;5;2;4;4;1;0;0;5;2
Kupplungssatz;479;132568;1;0,0006;0;2;0;1;1;1;0;1;1;2
Kupplungssatz;479;1741;1;0,0006;1;1;1;0;2;0;0;0;1;1
Kupplungssatz;479;30814;33;0,0206;1;1;1;1;2;1;0;0;1;0
Kupplungssatz;479;112336;10;0,0062;0;2;1;1;2;1;0;1;1;2
Kupplungssatz;479;119964;8;0,005;0;3;0;2;6;0;0;0;1;2
Kupplungssatz;479;17331;74;0,0462;1;2;1;1;4;1;0;1;2;1
Kupplungssatz;479;106378;14;0,0087;1;3;2;2;3;0;0;2;1;2
Kupplungssatz;479;12240;15;0,0094;0;1;1;1;2;1;0;0;1;1
Kupplungssatz;479;16074;5;0,0031;2;1;1;1;2;0;0;0;0;0
Kupplungssatz;479;118593;9;0,0056;2;1;0;2;6;0;0;1;2;2
Kupplungssatz;479;23303;6;0,0037;0;3;1;2;2;0;0;0;0;2
Kupplungssatz;479;126557;2;0,0012;3;5;2;5;5;0;0;2;5;4
Kupplungssatz;479;22502;12;0,0075;5;5;6;4;13;2;0;2;6;7
Kupplungssatz;479;1863;41;0,0256;3;4;6;1;3;0;0;0;3;3
Kupplungssatz;479;122138;9;0,0056;1;4;2;2;5;1;0;2;0;2
Kupplungssatz;479;11099;2;0,0012;3;3;2;0;0;0;0;0;5;2
Kupplungssatz;479;5914;6;0,0037;3;6;6;5;4;0;0;1;3;5
Kupplungssatz;479;145360;4;0,0025;0;3;0;2;2;0;0;0;0;0
Kupplungssatz;479;22305;19;0,0119;1;1;0;1;0;2;0;1;1;1
Kupplungssatz;479;115487;69;0,0431;5;3;3;3;8;0;0;2;3;2
Kupplungssatz;479;100816;12;0,0075;3;2;1;2;3;0;0;0;2;1
Kupplungssatz;479;1877;8;0,005;1;1;0;0;1;0;0;0;1;2
Kupplungssatz;479;134333;1;0,0006;0;4;0;0;2;1;0;2;0;2
Kupplungssatz;479;9999;6;0,0037;1;1;1;1;0;1;0;1;1;1
Kupplungssatz;479;116060;1;0,0006;1;1;0;1;0;0;0;0;0;2
Kupplungssatz;479;18372;4;0,0025;1;1;1;1;3;0;0;0;1;1
Kupplungssatz;479;19260;1;0,0006;0;1;0;1;4;0;0;0;1;1
Kupplungssatz;479;106266;23;0,0144;3;3;2;3;3;0;0;2;3;4
Kupplungssatz;479;59444;20;0,0125;2;2;3;2;5;0;0;0;2;3
Kupplungssatz;479;18898;285;0,178;1;3;2;1;4;1;0;1;1;2
Kupplungssatz;479;111757;34;0,0212;4;5;2;4;6;3;0;3;5;5
Kupplungssatz;479;139339;2;0,0012;0;2;0;3;0;0;0;1;6;6
Kupplungssatz;479;5338;3;0,0019;0;1;1;1;2;1;0;0;1;1
Kupplungssatz;479;32827;13;0,0081;1;2;1;1;2;1;0;1;1;2
Kupplungssatz;479;4485;3;0,0019;1;1;2;2;1;0;0;1;1;1
Kupplungssatz;479;20479;1;0,0006;1;1;1;0;6;1;0;1;1;0
Kupplungssatz;479;7500;1;0,0006;0;0;0;0;1;0;0;0;0;0
Kupplungssatz;479;14623;8;0,005;0;4;0;0;6;0;0;0;3;3
Kupplungssatz;479;14905;8;0,005;2;3;4;2;5;2;0;1;2;2
Kupplungssatz;479;74;31;0,0194;3;2;0;3;3;0;0;2;2;3
Kupplungssatz;479;17626;12;0,0075;1;2;1;1;1;0;0;0;1;2
Kupplungssatz;479;114858;12;0,0075;2;3;1;2;4;0;0;1;2;5
Kupplungssatz;479;115490;27;0,0169;1;8;1;2;2;0;0;0;2;2
Kupplungssatz;479;131252;4;0,0025;0;2;0;4;0;0;0;0;2;2
Kupplungssatz;479;32048;15;0,0094;2;4;2;3;1;3;0;2;2;3
Kupplungssatz;479;10361;2;0,0012;1;1;1;1;3;0;0;0;1;1
Kupplungssatz;479;136521;1;0,0006;0;2;0;2;2;0;0;0;0;3
Kupplungssatz;479;2560;2;0,0012;1;2;1;1;2;1;0;0;1;0
Kupplungssatz;479;20064;4;0,0025;1;3;3;2;4;0;0;0;2;2
Kupplungssatz;479;19409;3;0,0019;0;6;4;3;4;0;0;0;0;6
Kupplungssatz;479;141844;8;0,005;0;2;0;2;1;0;0;1;0;2
Kupplungssatz;479;12087;20;0,0125;1;3;2;3;3;1;0;1;2;3
Kupplungssatz;479;28225;1;0,0006;0;2;2;2;3;0;0;0;2;4
Kupplungssatz;479;15011;35;0,0219;6;5;7;5;6;1;0;1;7;6
Kupplungssatz;479;58877;5;0,0031;2;3;2;2;3;0;0;0;5;2
Kupplungssatz;479;129198;1;0,0006;2;2;0;2;1;0;0;1;0;2
Kupplungssatz;479;11858;3;0,0019;1;1;1;1;1;0;0;0;0;2
Kupplungssatz;479;13956;9;0,0056;2;4;1;1;3;2;0;1;2;2
Kupplungssatz;479;8684;104;0,065;1;2;1;1;4;1;0;1;2;1
Kupplungssatz;479;11732;4;0,0025;3;4;1;3;5;1;0;3;2;1
Kupplungssatz;479;8811;3;0,0019;0;1;0;1;1;0;0;0;0;0
Kupplungssatz;479;11300;11;0,0069;3;3;8;2;2;0;0;0;3;2
Kupplungssatz;479;16670;9;0,0056;3;3;1;1;1;0;0;0;3;3
Kupplungssatz;479;1968;1;0,0006;0;0;0;1;1;0;0;0;1;0
Kupplungssatz;479;155017;1;0,0006;0;1;0;0;0;0;0;0;0;0
Kupplungssatz;479;119880;2;0,0012;2;4;1;0;2;0;0;0;0;0
Kupplungssatz;479;19661;2;0,0012;3;4;3;3;4;0;0;0;2;7
Kupplungssatz;479;115124;3;0,0019;1;7;0;2;2;1;0;1;1;2
Kupplungssatz;479;30892;3;0,0019;2;1;0;2;0;0;0;0;0;1
Kupplungssatz;479;112181;1;0,0006;1;5;1;0;3;1;0;0;2;3
Kupplungssatz;479;34491;1;0,0006;2;3;1;1;4;0;0;1;2;2
Kupplungssatz;479;144519;1;0,0006;0;1;0;0;2;0;0;0;0;2
Kupplungssatz;479;59416;1;0,0006;0;0;1;1;1;0;0;0;0;0
Kupplungssatz;479;59333;3;0,0019;2;5;2;4;4;0;0;3;5;9
Kupplungssatz;479;7247;62;0,0387;4;4;4;3;7;1;0;1;6;6
Kupplungssatz;479;7158;5;0,0031;2;2;2;2;4;1;0;2;0;2
Kupplungssatz;479;16749;14;0,0087;2;2;1;2;1;1;0;0;1;3
Kupplungssatz;479;58616;3;0,0019;3;1;1;2;1;1;0;1;0;1
Kupplungssatz;479;4668;5;0,0031;0;1;1;0;0;0;0;0;1;1
Kupplungssatz;479;3848;1;0,0006;2;1;3;1;2;2;0;1;1;0
Kupplungssatz;479;115202;16;0,01;0;1;1;1;2;0;0;0;0;1
Kupplungssatz;479;1668;1;0,0006;1;1;0;1;2;0;0;0;1;1
Kupplungssatz;479;7853;2;0,0012;1;0;1;2;1;1;0;1;1;1
Kupplungssatz;479;5124;1;0,0006;0;1;2;0;0;0;0;0;1;1
Kupplungssatz;479;59022;1;0,0006;0;2;1;1;1;0;0;0;0;1
Kupplungssatz;479;28252;8;0,005;1;1;1;1;3;0;0;1;1;1
Kupplungssatz;479;126921;6;0,0037;0;1;0;1;1;0;0;0;1;1
Kupplungssatz;479;5557;1;0,0006;1;1;1;1;4;0;0;0;1;1
Kupplungssatz;479;11408;1;0,0006;2;2;1;4;5;0;0;0;2;2
Kupplungssatz;479;7844;1;0,0006;2;2;2;1;3;1;0;2;1;1
Kupplungssatz;479;119876;7;0,0044;0;3;1;1;2;0;0;0;0;0
Kupplungssatz;479;5948;1;0,0006;0;0;0;1;1;0;0;0;1;0
Kupplungssatz;479;2558;11;0,0069;0;2;1;1;2;1;0;0;1;0
Kupplungssatz;479;3961;47;0,0294;2;1;2;1;4;1;0;0;0;3
Kupplungssatz;479;8949;1;0,0006;1;2;1;1;1;0;0;0;1;3
Kupplungssatz;479;19448;15;0,0094;3;4;1;2;4;2;0;0;4;4
Kupplungssatz;479;56803;72;0,045;3;8;1;3;8;2;0;2;6;5
Kupplungssatz;479;19966;42;0,0262;5;6;5;5;9;1;0;3;7;6
Kupplungssatz;479;14593;2;0,0012;4;2;1;1;2;3;0;0;0;1
Kupplungssatz;479;32248;83;0,0518;1;3;1;1;4;1;0;1;1;2
Kupplungssatz;479;19893;3;0,0019;4;2;0;1;3;4;0;0;0;1
Kupplungssatz;479;16361;42;0,0262;3;3;2;3;4;1;0;0;3;5
Kupplungssatz;479;22945;102;0,0637;1;2;2;1;4;2;0;2;2;2
Kupplungssatz;479;18735;2;0,0012;2;2;2;2;3;1;0;2;2;1
Kupplungssatz;479;29685;2;0,0012;0;3;1;2;2;0;0;1;1;2
Kupplungssatz;479;55592;6;0,0037;3;3;3;3;8;0;0;3;5;5
Kupplungssatz;479;136701;8;0,005;1;1;1;0;3;1;0;1;0;1
Kupplungssatz;479;55571;8;0,005;1;6;1;1;4;1;0;1;4;1
Kupplungssatz;479;137756;11;0,0069;0;2;1;1;2;0;0;0;2;2
Kupplungssatz;479;17808;83;0,0518;1;3;1;2;3;1;0;0;1;1
Kupplungssatz;479;32;1;0,0006;0;0;0;0;0;0;0;0;1;1
Kupplungssatz;479;9253;9;0,0056;4;6;4;4;8;0;0;1;4;8
Kupplungssatz;479;14652;2;0,0012;0;1;1;0;1;1;0;0;0;2
Kupplungssatz;479;8809;2;0,0012;2;2;0;2;3;0;0;0;2;2
Kupplungssatz;479;107969;13;0,0081;0;4;3;2;6;0;0;1;6;7
Kupplungssatz;479;23459;1;0,0006;0;2;0;2;3;0;0;0;0;1
Kupplungssatz;479;26612;4;0,0025;2;5;2;5;4;1;0;1;5;6
Kupplungssatz;479;10043;15;0,0094;2;2;3;2;4;2;0;0;2;3
Kupplungssatz;479;145827;8;0,005;0;0;0;0;0;0;0;0;2;0
Kupplungssatz;479;26916;31;0,0194;0;2;2;1;3;0;0;0;0;1
Kupplungssatz;479;133865;33;0,0206;1;1;0;1;1;0;0;0;0;1
Kupplungssatz;479;31023;2;0,0012;1;2;1;2;3;0;0;0;1;1
Kupplungssatz;479;15891;22;0,0137;1;1;2;2;2;2;0;1;1;1
Kupplungssatz;479;3231;1;0,0006;1;0;0;0;1;0;0;0;0;0
Kupplungssatz;479;14065;2;0,0012;0;1;0;1;2;0;0;0;1;3
Kupplungssatz;479;142598;1;0,0006;0;1;0;1;2;0;0;0;0;2
Kupplungssatz;479;9867;21;0,0131;0;2;0;0;1;1;0;0;0;1
Kupplungssatz;479;33802;1;0,0006;0;0;0;0;1;0;0;0;2;1
Kupplungssatz;479;101106;12;0,0075;4;6;6;9;2;1;0;3;5;5
Kupplungssatz;479;115162;3;0,0019;1;4;2;4;3;1;0;2;2;4
Kupplungssatz;479;22525;65;0,0406;2;4;2;2;2;0;0;1;2;2
Kupplungssatz;479;106601;3;0,0019;0;3;2;2;3;0;0;2;2;3
Kupplungssatz;479;4791;2;0,0012;0;1;0;1;0;0;0;0;1;0
Kupplungssatz;479;6381;5;0,0031;0;0;0;1;1;1;0;0;0;1
Kupplungssatz;479;26613;3;0,0019;1;4;2;4;6;0;0;0;4;4
Kupplungssatz;479;123396;1;0,0006;0;5;0;3;3;1;0;0;0;2
Kupplungssatz;479;100750;35;0,0219;0;1;0;1;1;0;0;0;0;1
Kupplungssatz;479;28203;13;0,0081;2;5;2;3;4;0;0;2;1;5
Kupplungssatz;479;11373;6;0,0037;1;1;1;1;0;1;0;1;1;1
Kupplungssatz;479;299;7;0,0044;0;2;0;0;1;0;0;0;1;1
Kupplungssatz;479;2658;2;0,0012;0;0;1;1;3;1;0;0;2;0
Kupplungssatz;479;26588;7;0,0044;1;1;1;1;2;0;0;2;1;0
Kupplungssatz;479;31056;1;0,0006;0;7;1;4;3;0;0;0;0;2
Kupplungssatz;479;57769;3;0,0019;3;4;2;0;3;0;0;2;2;0
Kupplungssatz;479;53217;5;0,0031;2;3;3;2;2;0;0;0;2;4
Kupplungssatz;479;117578;9;0,0056;2;2;1;1;5;0;0;1;1;2
Kupplungssatz;479;9546;2;0,0012;1;1;2;1;1;0;0;1;1;0
Kupplungssatz;479;16156;5;0,0031;1;1;2;1;2;1;0;0;1;1
Kupplungssatz;479;138778;10;0,0062;0;3;0;1;2;1;0;2;0;2
Kupplungssatz;479;20643;2;0,0012;6;2;5;6;2;2;0;2;3;2
Kupplungssatz;479;133179;1;0,0006;0;0;1;0;0;0;0;0;0;0
Kupplungssatz;479;58887;1;0,0006;1;1;1;1;1;0;0;0;1;2
Kupplungssatz;479;23153;4;0,0025;2;3;2;2;3;0;0;0;2;2
Kupplungssatz;479;126627;2;0,0012;4;8;3;4;6;3;0;3;5;4
Kupplungssatz;479;109271;1;0,0006;0;3;1;2;1;0;0;1;0;6
Kupplungssatz;479;19660;7;0,0044;3;7;3;3;4;0;0;0;2;7
Kupplungssatz;479;138699;2;0,0012;0;4;0;2;2;0;0;0;0;2
Kupplungssatz;479;130348;4;0,0025;0;2;2;2;0;1;0;1;0;2
Kupplungssatz;479;33091;1;0,0006;3;3;2;0;3;0;0;0;2;0
Kupplungssatz;479;17905;26;0,0162;4;10;6;3;11;0;0;0;10;4
Kupplungssatz;479;33134;92;0,0575;4;6;3;5;2;2;0;3;5;4
Kupplungssatz;479;33380;1;0,0006;2;2;2;2;3;0;0;0;2;2
Kupplungssatz;479;119122;19;0,0119;3;2;0;1;5;1;0;1;2;1
Kupplungssatz;479;1231;2;0,0012;0;1;1;1;0;0;0;0;0;1
Kupplungssatz;479;57132;1;0,0006;1;1;1;1;2;0;0;1;0;0
Kupplungssatz;479;15299;3;0,0019;2;3;5;3;4;0;0;2;3;5
Kupplungssatz;479;59320;2;0,0012;1;2;1;2;2;1;0;1;2;1
Kupplungssatz;479;11987;3;0,0019;0;1;0;1;1;0;0;0;0;1
Kupplungssatz;479;22479;6;0,0037;1;1;0;0;1;2;0;1;1;1
Kupplungssatz;479;116645;1;0,0006;0;0;0;0;0;0;0;0;0;2
Kupplungssatz;479;31143;4;0,0025;4;1;2;2;4;1;0;1;2;1
Kupplungssatz;479;3602;1;0,0006;4;3;2;2;3;3;0;1;1;1
Kupplungssatz;479;128521;1;0,0006;0;0;0;0;0;0;0;0;0;0
Kupplungssatz;479;4566;1;0,0006;0;1;0;1;2;1;0;0;1;0
Kupplungssatz;479;113283;5;0,0031;0;2;0;2;3;0;0;0;2;1
Kupplungssatz;479;11158;5;0,0031;7;10;2;7;6;1;0;2;16;7
Kupplungssatz;479;6301;5;0,0031;0;1;0;1;1;0;0;0;1;2
Kupplungssatz;479;8792;1;0,0006;1;1;1;1;2;0;0;0;1;1
Kupplungssatz;479;148078;2;0,0012;0;0;0;0;2;0;0;0;0;3
Kupplungssatz;479;8387;14;0,0087;2;4;2;2;2;0;0;0;2;2
Kupplungssatz;479;24452;2;0,0012;0;3;0;2;3;0;0;0;0;3
Kupplungssatz;479;5916;5;0,0031;2;3;6;3;4;0;0;2;3;7
Kupplungssatz;479;18043;3;0,0019;1;1;1;1;4;2;0;1;1;1
Kupplungssatz;479;16882;1;0,0006;0;2;1;1;2;0;0;0;1;3
Kupplungssatz;479;100885;3;0,0019;0;2;0;1;2;0;0;1;0;2
Kupplungssatz;479;16554;1;0,0006;1;1;1;1;4;2;0;1;1;1
Kupplungssatz;479;155478;1;0,0006;0;0;0;0;0;0;0;0;0;0
Kupplungssatz;479;17147;2;0,0012;0;1;0;1;0;0;0;0;1;1
Kupplungssatz;479;113285;6;0,0037;0;2;0;2;3;0;0;0;2;1
Kupplungssatz;479;18398;16;0,01;0;3;3;1;3;0;0;0;2;2
Kupplungssatz;479;19870;1;0,0006;3;3;2;3;3;0;0;0;0;3
Kupplungssatz;479;32150;2;0,0012;1;3;2;3;3;1;0;1;1;3
Kupplungssatz;479;58087;5;0,0031;1;1;0;1;0;0;0;0;0;0
Kupplungssatz;479;112394;11;0,0069;4;6;5;4;8;0;0;2;3;3
Kupplungssatz;479;132062;2;0,0012;0;3;0;0;0;0;0;0;0;1
Kupplungssatz;479;1881;2;0,0012;1;1;1;1;5;1;0;0;1;2
Kupplungssatz;479;4259;1;0,0006;1;1;1;1;2;1;0;1;1;1
Kupplungssatz;479;9685;1;0,0006;0;2;0;0;2;0;0;0;0;2
Kupplungssatz;479;143254;3;0,0019;0;0;0;1;3;0;0;0;0;2
Kupplungssatz;479;7858;5;0,0031;1;1;1;1;1;2;0;1;1;1
Kupplungssatz;479;22551;13;0,0081;0;3;1;2;2;0;0;0;0;2
Kupplungssatz;479;22530;10;0,0062;2;3;3;3;8;0;0;1;7;5
Kupplungssatz;479;9900;19;0,0119;2;2;3;2;4;2;0;0;2;3
Kupplungssatz;479;27765;31;0,0194;2;2;1;1;2;0;0;1;2;2
Kupplungssatz;479;32043;27;0,0169;1;2;1;1;2;1;0;1;1;1
Kupplungssatz;479;15582;88;0,055;1;4;2;1;2;1;0;1;1;2
Kupplungssatz;479;14098;3;0,0019;0;1;0;2;1;0;0;0;0;1
Kupplungssatz;479;113339;1;0,0006;1;1;1;1;1;1;0;1;0;1
Kupplungssatz;479;145240;1;0,0006;0;2;0;2;3;0;0;0;0;3
Kupplungssatz;479;14002;171;0,1068;1;4;1;1;3;1;0;1;1;2
Kupplungssatz;479;14466;7;0,0044;1;1;1;2;1;0;0;0;1;1
Kupplungssatz;479;129013;2;0,0012;1;1;2;1;2;0;0;1;0;2
Kupplungssatz;479;7944;5;0,0031;0;0;2;0;0;0;0;0;0;0
Kupplungssatz;479;8975;2;0,0012;1;1;0;1;0;0;0;1;1;1
Kupplungssatz;479;19648;1;0,0006;3;5;3;3;4;0;0;0;2;6
Kupplungssatz;479;17840;15;0,0094;0;2;1;1;2;1;0;1;1;2
Kupplungssatz;479;30986;11;0,0069;3;2;0;2;2;0;0;0;0;3
Kupplungssatz;479;16294;8;0,005;3;3;3;2;4;0;0;0;3;2
Kupplungssatz;479;31548;7;0,0044;1;2;0;2;4;0;0;1;2;1
Kupplungssatz;479;138232;1;0,0006;0;2;0;2;0;0;0;0;0;3
Kupplungssatz;479;34917;10;0,0062;1;1;1;1;1;0;0;0;2;3
Kupplungssatz;479;57393;13;0,0081;1;4;0;2;5;1;0;2;2;2
Kupplungssatz;479;5155;1;0,0006;1;1;0;1;1;1;0;0;1;1
Kupplungssatz;479;16043;4;0,0025;0;2;0;1;2;0;0;0;1;1
Kupplungssatz;479;3412;1;0,0006;1;1;1;1;0;1;0;0;0;0
Kupplungssatz;479;17158;128;0,0799;2;2;3;2;2;3;0;2;2;2
Kupplungssatz;479;18904;15;0,0094;3;4;1;2;4;2;0;0;3;4
Kupplungssatz;479;106520;2;0,0012;4;4;1;3;6;3;0;3;5;0
Kupplungssatz;479;131880;2;0,0012;1;1;1;1;1;1;0;1;0;0
Kupplungssatz;479;23856;2;0,0012;0;1;0;0;1;0;0;0;1;1
Kupplungssatz;479;17084;7;0,0044;1;0;1;1;1;1;0;1;1;0
Kupplungssatz;479;57524;2;0,0012;1;1;1;1;3;1;0;1;0;1
Kupplungssatz;479;1805;5;0,0031;0;1;1;1;2;1;0;0;1;1
Kupplungssatz;479;4413;1;0,0006;2;0;0;2;0;0;0;0;1;1
Kupplungssatz;479;145019;2;0,0012;1;1;0;1;0;0;0;0;0;1
Kupplungssatz;479;114344;3;0,0019;1;2;2;1;2;0;0;0;1;2
Kupplungssatz;479;622141;6;0,0037;0;0;0;0;0;0;0;0;0;0
Kupplungssatz;479;56854;9;0,0056;1;3;0;1;4;1;0;2;0;1
Kupplungssatz;479;8971;118;0,0737;2;1;1;1;5;1;0;0;1;2
Kupplungssatz;479;28183;8;0,005;0;1;0;2;1;1;0;0;0;2
Kupplungssatz;479;19218;11;0,0069;2;2;4;2;4;2;0;2;2;4
Kupplungssatz;479;15523;52;0,0325;1;1;1;1;1;1;0;1;1;2
Kupplungssatz;479;7704;3;0,0019;0;1;1;1;0;1;0;0;0;0
Kupplungssatz;479;1649;1;0,0006;1;1;1;1;2;0;0;0;1;2
Kupplungssatz;479;16501;3;0,0019;1;0;1;1;5;2;0;0;4;3
Kupplungssatz;479;9280;2;0,0012;1;1;0;1;2;1;0;0;1;0
Kupplungssatz;479;34288;4;0,0025;2;4;0;1;2;0;0;0;3;4
Kupplungssatz;479;17326;7;0,0044;2;0;0;0;3;1;0;0;2;2
Kupplungssatz;479;26646;1;0,0006;4;5;2;3;1;1;0;1;2;1
Kupplungssatz;479;4061;2;0,0012;1;1;1;1;3;1;0;1;1;1
Kupplungssatz;479;130857;4;0,0025;0;2;0;0;0;0;0;0;2;2
Kupplungssatz;479;58760;25;0,0156;1;3;1;2;4;0;0;1;1;2
Kupplungssatz;479;146128;16;0,01;0;0;0;1;3;0;0;0;0;3
Kupplungssatz;479;133683;25;0,0156;3;3;1;2;7;1;0;2;2;3
Kupplungssatz;479;32796;4;0,0025;2;2;1;2;3;1;0;0;1;3
Kupplungssatz;479;10815;29;0,0181;0;3;2;2;3;0;0;1;2;3
Kupplungssatz;479;134495;1;0,0006;1;3;2;0;4;0;0;2;5;3
Kupplungssatz;479;2741;5;0,0031;2;2;0;1;2;0;0;0;0;2
Kupplungssatz;479;1758;1;0,0006;0;1;0;0;1;0;0;0;1;2
Kupplungssatz;479;15012;60;0,0375;1;3;2;1;4;0;0;0;1;1
Kupplungssatz;479;134446;2;0,0012;0;2;0;2;0;0;0;0;0;2
Kupplungssatz;479;538;1;0,0006;0;1;2;1;1;1;0;0;2;2
Kupplungssatz;479;26912;7;0,0044;0;2;1;2;4;0;0;0;0;3
Kupplungssatz;479;157193;1;0,0006;1;0;1;0;2;0;0;0;0;0
Kupplungssatz;479;58304;3;0,0019;1;1;1;1;2;0;0;0;1;1
Kupplungssatz;479;114617;1;0,0006;1;1;0;1;2;1;0;1;1;1
Kupplungssatz;479;10829;3;0,0019;0;3;2;2;3;0;0;1;2;3
Kupplungssatz;479;28230;1;0,0006;0;3;0;2;3;0;0;0;0;2
Kupplungssatz;479;11084;3;0,0019;1;2;2;2;3;0;0;0;2;2
Kupplungssatz;479;801376;2;0,0012;0;5;2;0;1;0;0;0;0;0
Kupplungssatz;479;2114;1;0,0006;3;1;0;1;1;0;0;0;1;2
Kupplungssatz;479;118974;2;0,0012;2;3;2;9;0;1;0;1;4;2
Kupplungssatz;479;10176;1;0,0006;1;2;1;0;2;0;0;0;1;1
Kupplungssatz;479;57354;2;0,0012;3;6;4;6;6;2;0;4;6;7
Kupplungssatz;479;131339;2;0,0012;0;2;2;2;2;1;0;0;0;2
Kupplungssatz;479;136290;9;0,0056;0;1;0;1;5;0;0;0;0;2
Kupplungssatz;479;131272;2;0,0012;0;3;0;4;0;0;0;0;2;4
Kupplungssatz;479;52008;1;0,0006;1;2;0;1;3;1;0;1;1;1
Kupplungssatz;479;33815;1;0,0006;0;3;0;3;1;0;0;0;2;2
Kupplungssatz;479;9313;2;0,0012;1;2;1;1;3;1;0;1;1;2
Kupplungssatz;479;31013;5;0,0031;1;2;1;2;3;0;0;0;1;1
Kupplungssatz;479;23718;3;0,0019;0;1;0;2;1;1;0;0;1;1
Kupplungssatz;479;14773;2;0,0012;1;1;1;2;2;0;0;0;1;1
Kupplungssatz;479;145848;2;0,0012;0;4;0;1;0;0;0;0;0;1
Kupplungssatz;479;17941;3;0,0019;4;6;0;6;5;0;0;2;5;4
Kupplungssatz;479;18827;1;0,0006;2;2;1;2;2;2;0;1;1;1
Kupplungssatz;479;9956;2;0,0012;1;2;2;2;2;1;0;1;3;3
Kupplungssatz;479;16521;146;0,0912;2;4;1;1;4;2;0;2;2;1
Kupplungssatz;479;23054;61;0,0381;8;8;5;12;5;3;0;3;5;3
Kupplungssatz;479;132184;5;0,0031;0;1;0;1;3;0;0;0;0;2
Kupplungssatz;479;27528;78;0,0487;1;1;2;1;1;2;0;1;1;1
Kupplungssatz;479;118597;63;0,0393;1;2;1;2;1;0;0;1;1;3
Kupplungssatz;479;12017;6;0,0037;2;3;1;1;3;1;0;0;2;1
Kupplungssatz;479;15759;2;0,0012;2;2;1;1;6;0;0;0;2;2
Kupplungssatz;479;11784;5;0,0031;2;4;2;3;3;0;0;2;2;3
Kupplungssatz;479;18734;57;0,0356;2;2;2;2;4;0;0;2;2;1
Kupplungssatz;479;59619;27;0,0169;4;5;6;4;15;0;0;3;5;6
Kupplungssatz;479;9961;2;0,0012;1;3;1;1;1;1;0;0;1;1
Kupplungssatz;479;128674;1;0,0006;3;2;2;4;2;0;0;1;0;0
Kupplungssatz;479;17660;1;0,0006;1;2;1;1;1;2;0;1;1;1
Kupplungssatz;479;100800;8;0,005;0;3;2;2;5;0;0;2;1;3
Kupplungssatz;479;139716;1;0,0006;0;3;2;2;1;0;0;0;0;5
Kupplungssatz;479;19714;1;0,0006;3;7;7;7;4;0;0;0;11;9
Kupplungssatz;479;128599;2;0,0012;0;1;0;1;2;0;0;0;1;1
Kupplungssatz;479;17365;62;0,0387;3;3;3;3;4;0;0;0;3;3
Kupplungssatz;479;120605;16;0,01;0;4;1;2;6;0;0;1;1;2
Kupplungssatz;479;3765;4;0,0025;0;2;2;1;4;0;0;0;2;2
Kupplungssatz;479;132857;32;0,02;0;3;1;1;3;0;0;0;3;2
Kupplungssatz;479;18207;100;0,0625;1;3;1;3;1;2;0;3;3;2
Kupplungssatz;479;137031;12;0,0075;0;1;1;0;2;0;0;0;1;1
Kupplungssatz;479;2480;13;0,0081;1;2;2;2;5;1;0;1;2;3
Kupplungssatz;479;128495;20;0,0125;0;4;0;2;3;0;0;1;1;2
Kupplungssatz;479;33052;73;0,0456;1;1;2;1;2;2;0;1;1;2
Kupplungssatz;479;33302;24;0,015;3;3;2;3;3;2;0;2;2;2
Kupplungssatz;479;5202;6;0,0037;1;1;1;1;3;1;0;1;1;1
Kupplungssatz;479;144613;4;0,0025;0;0;0;0;0;0;0;0;0;0
Kupplungssatz;479;120239;35;0,0219;2;3;2;3;3;0;0;2;3;4
Kupplungssatz;479;20897;2;0,0012;0;1;0;1;1;0;0;0;0;1
Kupplungssatz;479;122140;1;0,0006;0;2;0;2;1;0;0;0;0;2
Kupplungssatz;479;33388;4;0,0025;0;2;2;0;3;0;0;0;1;2
Kupplungssatz;479;13181;2;0,0012;2;2;2;1;2;1;0;1;2;2
Kupplungssatz;479;7050;26;0,0162;2;2;0;2;3;1;0;0;2;1
Kupplungssatz;479;1913;1;0,0006;1;1;1;1;1;0;0;0;1;3
Kupplungssatz;479;19779;3;0,0019;1;3;0;0;7;0;0;0;0;2
Kupplungssatz;479;11877;2;0,0012;1;2;2;0;3;0;0;0;0;2
Kupplungssatz;479;107887;3;0,0019;0;5;3;4;4;0;0;0;0;1
Kupplungssatz;479;33412;1;0,0006;2;1;0;1;2;0;0;0;0;3
Kupplungssatz;479;56243;10;0,0062;0;1;1;0;1;0;0;2;1;1
Kupplungssatz;479;23;1;0,0006;0;0;0;0;0;0;0;0;0;2
Kupplungssatz;479;117809;1;0,0006;1;1;1;1;1;1;0;0;0;1
Kupplungssatz;479;9468;9;0,0056;1;1;1;1;3;0;0;0;1;3
Kupplungssatz;479;31554;4;0,0025;1;2;0;2;4;0;0;1;2;1
Kupplungssatz;479;18511;40;0,025;2;4;0;2;4;0;0;0;2;3
Kupplungssatz;479;19199;14;0,0087;1;1;1;4;1;1;0;1;1;0
Kupplungssatz;479;130708;11;0,0069;1;2;1;1;2;0;0;0;2;2
Kupplungssatz;479;15031;3;0,0019;3;2;3;2;5;0;0;1;1;3
Kupplungssatz;479;8829;1;0,0006;1;2;1;0;4;0;0;0;3;3
Kupplungssatz;479;100629;10;0,0062;1;3;1;1;4;0;0;1;1;2
Kupplungssatz;479;17373;3;0,0019;0;1;0;1;1;0;0;0;0;1
Kupplungssatz;479;20862;30;0,0187;3;2;2;2;2;0;0;2;2;2
Kupplungssatz;479;109341;34;0,0212;4;6;3;4;6;3;0;3;5;4
Kupplungssatz;479;109397;1;0,0006;1;2;1;2;0;0;0;0;2;0
Kupplungssatz;479;28045;3;0,0019;0;1;1;1;2;1;0;0;0;2
Kupplungssatz;479;115152;1;0,0006;0;3;0;2;2;0;0;1;1;2
Kupplungssatz;479;12292;4;0,0025;1;2;1;1;3;1;0;1;2;1
Kupplungssatz;479;16995;1;0,0006;0;2;0;2;2;0;0;0;2;2
Kupplungssatz;479;15071;1;0,0006;0;2;0;1;1;0;0;0;1;1
Kupplungssatz;479;19258;3;0,0019;0;2;1;1;2;0;0;0;2;1
Kupplungssatz;479;137730;4;0,0025;0;1;0;0;0;0;0;0;0;1
Kupplungssatz;479;1648;1;0,0006;0;0;1;1;2;0;0;0;1;2
Kupplungssatz;479;1373921;1;0,0006;0;0;0;0;0;0;0;0;0;0
Kupplungssatz;479;5818;1;0,0006;2;2;1;2;1;0;0;0;2;2
Kupplungssatz;479;16208;9;0,0056;1;2;2;2;3;0;0;0;2;4
Kupplungssatz;479;10351;5;0,0031;2;2;2;2;0;2;0;1;2;4
Kupplungssatz;479;11988;2;0,0012;0;2;2;1;2;0;0;0;0;2
Kupplungssatz;479;15790;14;0,0087;2;1;1;1;3;1;0;1;1;1
Kupplungssatz;479;120717;7;0,0044;0;1;0;1;2;0;0;0;1;1
Kupplungssatz;479;1397;14;0,0087;0;1;1;0;0;0;0;0;1;1
Kupplungssatz;479;10270;5;0,0031;2;5;7;3;6;1;0;1;5;4
Kupplungssatz;479;133978;1;0,0006;0;0;0;1;2;0;0;0;0;2
Kupplungssatz;479;100408;6;0,0037;3;4;0;1;4;2;0;0;3;3
Kupplungssatz;479;11109;2;0,0012;1;1;1;1;2;0;0;0;1;1
Kupplungssatz;479;12070;5;0,0031;3;3;2;3;3;0;0;0;0;3
Kupplungssatz;479;126573;2;0,0012;0;2;0;2;1;0;0;1;0;2
Kupplungssatz;479;55932;1;0,0006;1;1;0;1;0;0;0;0;0;0
Kupplungssatz;479;56339;21;0,0131;1;2;2;3;1;0;0;0;0;2
Kupplungssatz;479;4317;1;0,0006;1;1;1;1;1;1;0;0;0;1
Kupplungssatz;479;118537;54;0,0337;2;3;0;2;8;0;0;0;0;3
Kupplungssatz;479;15510;6;0,0037;0;1;0;1;2;0;0;0;1;2
Kupplungssatz;479;140460;11;0,0069;0;2;0;2;0;0;0;0;0;2
Kupplungssatz;479;19752;13;0,0081;4;3;0;3;2;2;0;2;2;3
Kupplungssatz;479;56229;1;0,0006;0;1;1;0;0;0;0;0;0;1
Kupplungssatz;479;19323;3;0,0019;2;2;0;1;2;1;0;1;2;2
Kupplungssatz;479;16376;1;0,0006;1;4;5;3;2;7;0;3;4;3
Kupplungssatz;479;19797;2;0,0012;1;1;0;1;0;0;0;1;1;1
Kupplungssatz;479;53360;6;0,0037;0;3;0;2;4;0;0;0;1;2
Kupplungssatz;479;22538;2;0,0012;1;1;2;1;0;0;0;0;1;2
Kupplungssatz;479;18980;3;0,0019;1;3;1;1;2;1;0;1;1;2
Kupplungssatz;479;30380;4;0,0025;0;1;0;1;1;0;0;0;1;1
Kupplungssatz;479;33368;1;0,0006;2;2;0;2;2;0;0;0;0;3
Kupplungssatz;479;133115;35;0,0219;1;1;0;1;0;0;0;0;0;0
Kupplungssatz;479;10675;1;0,0006;0;0;0;0;0;0;0;0;0;0
Kupplungssatz;479;28839;1;0,0006;3;3;4;3;4;1;0;2;3;2
Kupplungssatz;479;132431;1;0,0006;2;2;0;0;1;0;0;2;0;0
Kupplungssatz;479;24976;1;0,0006;0;1;0;0;0;0;0;0;0;0
Kupplungssatz;479;5857;3;0,0019;1;1;0;0;1;0;0;0;0;0
Kupplungssatz;479;1655;2;0,0012;1;1;1;1;3;0;0;0;1;1
Kupplungssatz;479;16570;2;0,0012;0;2;0;2;4;0;0;0;2;1
Kupplungssatz;479;12061;3;0,0019;1;1;2;1;2;2;0;1;1;1
Kupplungssatz;479;133658;1;0,0006;0;2;0;2;0;0;0;0;0;2
Kupplungssatz;479;921;2;0,0012;0;3;3;0;1;0;0;0;1;2
Kupplungssatz;479;22547;20;0,0125;0;6;3;3;8;0;0;0;0;4
Kupplungssatz;479;25099;3;0,0019;0;0;0;0;0;0;0;0;0;0
Kupplungssatz;479;7963;2;0,0012;1;2;2;2;3;0;0;0;2;2
Kupplungssatz;479;31175;2;0,0012;1;4;0;2;1;0;0;1;2;0
Kupplungssatz;479;16669;4;0,0025;3;5;4;1;3;0;0;0;3;3
Kupplungssatz;479;145363;1;0,0006;0;1;0;1;4;1;0;1;0;0
Kupplungssatz;479;35;1;0,0006;0;0;0;0;0;0;0;0;1;1
Kupplungssatz;479;124913;1;0,0006;1;3;2;1;2;1;0;1;0;1
Kupplungssatz;479;59324;1;0,0006;0;0;0;1;0;1;0;0;0;0
Kupplungssatz;479;16576;1;0,0006;0;2;0;1;0;0;0;0;0;1
Kupplungssatz;479;18090;3;0,0019;3;5;3;3;4;0;0;1;7;3
Kupplungssatz;479;107628;1;0,0006;3;2;0;3;1;1;0;1;2;0
Kupplungssatz;479;114349;122;0,0762;1;1;6;1;5;1;0;3;1;1
Kupplungssatz;479;1756;3;0,0019;2;2;2;2;2;2;0;2;2;4
Kupplungssatz;479;5377;29;0,0181;2;6;2;4;6;2;0;2;2;4
Kupplungssatz;479;19614;14;0,0087;8;10;9;10;14;2;0;4;11;6
Kupplungssatz;479;59023;4;0,0025;3;4;4;2;7;1;0;1;6;4
Kupplungssatz;479;19820;5;0,0031;1;4;2;1;2;1;0;1;1;2
Kupplungssatz;479;114348;32;0,02;1;3;5;3;9;1;0;5;1;1
Kupplungssatz;479;57397;36;0,0225;5;6;5;6;9;3;0;4;6;6
Kupplungssatz;479;4227;3;0,0019;2;2;3;2;1;4;0;0;1;1
Kupplungssatz;479;17282;4;0,0025;2;3;1;2;4;1;0;0;3;2
Kupplungssatz;479;18041;16;0,01;4;3;4;2;1;5;0;2;3;2
Kupplungssatz;479;53300;28;0,0175;7;7;2;4;7;3;0;3;5;7
Kupplungssatz;479;128980;6;0,0037;0;2;0;2;0;0;0;1;0;2
Kupplungssatz;479;16599;8;0,005;0;2;0;2;2;0;0;0;2;2
Kupplungssatz;479;19806;3;0,0019;2;3;3;2;7;1;0;0;3;9
Kupplungssatz;479;143040;1;0,0006;2;0;6;0;6;1;0;2;0;0
Kupplungssatz;479;135810;13;0,0081;0;2;0;2;3;0;0;0;0;1
Kupplungssatz;479;56902;4;0,0025;1;4;1;2;2;0;0;1;0;3
Kupplungssatz;479;17407;2;0,0012;0;2;0;1;2;0;0;0;1;2
Kupplungssatz;479;135944;5;0,0031;0;2;1;1;3;0;0;1;0;2
Kupplungssatz;479;113664;11;0,0069;1;1;1;1;3;1;0;1;2;1
Kupplungssatz;479;106545;13;0,0081;1;3;1;2;3;0;0;1;1;2
Kupplungssatz;479;18755;4;0,0025;6;4;4;2;3;1;0;0;3;3
Kupplungssatz;479;128470;7;0,0044;0;2;0;2;3;0;0;1;1;2
Kupplungssatz;479;8929;7;0,0044;3;1;1;2;2;1;0;0;1;1
Kupplungssatz;479;32264;174;0,1087;3;7;2;5;5;0;0;1;2;7
Kupplungssatz;479;19883;235;0,1468;2;4;2;2;5;2;0;2;2;6
Kupplungssatz;479;128214;69;0,0431;0;3;0;2;3;0;0;1;1;2
Kupplungssatz;479;34907;14;0,0087;3;5;3;3;4;0;0;2;5;10
Kupplungssatz;479;10602;28;0,0175;1;3;1;3;3;1;0;1;1;1
Kupplungssatz;479;33334;46;0,0287;2;2;2;2;3;1;0;2;2;2
Kupplungssatz;479;33804;28;0,0175;1;2;1;1;4;1;0;1;2;1
Kupplungssatz;479;17724;2;0,0012;2;2;2;2;2;1;0;2;2;3
Kupplungssatz;479;128510;2;0,0012;1;2;1;1;1;1;0;1;1;3
Kupplungssatz;479;128757;1;0,0006;0;1;0;1;2;0;0;0;0;2
Kupplungssatz;479;33645;17;0,0106;11;12;12;11;18;2;0;6;15;9
Kupplungssatz;479;4265;3;0,0019;1;1;1;1;1;0;0;1;1;0
Kupplungssatz;479;31121;3;0,0019;0;2;2;2;2;0;0;0;2;6
Kupplungssatz;479;31604;2;0,0012;3;7;6;5;8;2;0;2;4;6
Kupplungssatz;479;9284;3;0,0019;2;3;2;2;2;0;0;0;2;4
Kupplungssatz;479;15819;1;0,0006;0;2;0;0;1;0;0;0;2;2
Kupplungssatz;479;17811;1;0,0006;0;1;0;0;2;0;0;0;1;1
Kupplungssatz;479;15262;1;0,0006;0;3;0;0;8;0;0;0;2;3
Kupplungssatz;479;14882;3;0,0019;2;1;1;1;3;1;0;0;1;2
Kupplungssatz;479;16471;2;0,0012;3;3;3;3;3;1;0;3;3;3
Kupplungssatz;479;59603;1;0,0006;2;1;1;1;2;0;0;1;1;1
Kupplungssatz;479;34264;8;0,005;0;1;1;1;3;0;0;0;2;3
Kupplungssatz;479;17718;17;0,0106;2;2;2;2;4;1;0;2;2;3
Kupplungssatz;479;20077;19;0,0119;3;2;2;2;3;1;0;0;2;3
Kupplungssatz;479;34465;6;0,0037;2;3;1;1;4;0;0;1;3;5
Kupplungssatz;479;7996;1;0,0006;0;0;0;0;0;0;0;0;0;0
Kupplungssatz;479;16944;61;0,0381;1;4;1;1;2;2;0;2;1;1
Kupplungssatz;479;116936;1;0,0006;0;2;0;1;0;0;0;0;0;1
Kupplungssatz;479;14278;4;0,0025;0;1;1;1;1;0;0;0;1;1
Kupplungssatz;479;126404;6;0,0037;1;1;1;0;4;0;0;0;2;1
Kupplungssatz;479;18560;2;0,0012;0;1;1;1;2;0;0;0;1;1
Kupplungssatz;479;59003;110;0,0687;5;7;0;7;7;2;0;4;4;10
Kupplungssatz;479;28150;11;0,0069;1;1;1;1;0;1;0;1;1;1
Kupplungssatz;479;3471;6;0,0037;1;2;0;2;2;1;0;2;2;2
Kupplungssatz;479;27544;15;0,0094;1;2;1;1;2;0;0;1;1;2
Kupplungssatz;479;147190;3;0,0019;0;0;0;0;0;0;0;0;0;2
Kupplungssatz;479;107550;1;0,0006;2;5;2;5;3;0;0;1;2;3
Kupplungssatz;479;19401;8;0,005;4;5;1;3;3;2;0;1;4;4
Kupplungssatz;479;16813;2;0,0012;1;2;3;1;1;1;0;2;1;1
Kupplungssatz;479;16357;3;0,0019;1;1;1;1;1;1;0;1;1;1
Kupplungssatz;479;107888;7;0,0044;3;2;0;2;4;0;0;2;2;3
Kupplungssatz;479;117613;28;0,0175;0;2;1;2;2;0;0;0;2;3
Kupplungssatz;479;16952;1;0,0006;4;3;2;3;3;1;0;4;3;4
Kupplungssatz;479;16045;6;0,0037;0;1;0;1;1;0;0;0;0;1
Kupplungssatz;479;4647;1;0,0006;0;2;1;0;2;0;0;0;1;1
Kupplungssatz;479;14799;8;0,005;0;3;1;2;2;0;0;0;2;2
Kupplungssatz;479;33047;8;0,005;0;2;1;1;2;1;0;1;0;1
Kupplungssatz;479;126566;62;0,0387;0;2;0;1;0;0;0;0;2;1
Kupplungssatz;479;100172;21;0,0131;4;4;2;3;5;3;0;3;5;4
Kupplungssatz;479;22552;1;0,0006;0;0;0;0;2;0;0;0;0;0
Kupplungssatz;479;123934;5;0,0031;0;3;1;1;0;0;0;0;0;2
Kupplungssatz;479;16717;1;0,0006;5;8;1;4;12;0;0;0;4;4
Kupplungssatz;479;30984;2;0,0012;2;4;0;1;1;0;0;0;0;2
Kupplungssatz;479;13954;2;0,0012;1;3;2;3;3;1;0;1;2;3
Kupplungssatz;479;26762;4;0,0025;2;1;1;1;2;0;0;1;1;1
Kupplungssatz;479;106512;1;0,0006;0;2;1;0;3;0;0;0;2;2
Kupplungssatz;479;18081;1;0,0006;3;4;2;4;3;1;0;2;4;4
Kupplungssatz;479;14832;1;0,0006;6;6;4;6;9;0;0;0;7;6
Kupplungssatz;479;23507;1;0,0006;1;1;1;1;3;0;0;0;1;0
Kupplungssatz;479;136938;1;0,0006;0;0;2;0;0;0;0;0;0;0
Kupplungssatz;479;4450;8;0,005;1;1;1;2;2;1;0;1;1;2
Kupplungssatz;479;30004;11;0,0069;0;2;2;1;1;0;0;0;0;1
Kupplungssatz;479;32122;1;0,0006;1;1;0;2;0;0;0;0;0;0
Kupplungssatz;479;113463;1;0,0006;1;1;1;2;1;1;0;1;1;0
Kupplungssatz;479;107859;1;0,0006;0;0;0;0;0;0;0;0;0;0
Kupplungssatz;479;18271;4;0,0025;0;2;2;3;2;0;0;0;2;2
Kupplungssatz;479;15493;7;0,0044;5;6;5;5;8;0;0;0;5;5
Kupplungssatz;479;11516;90;0,0562;1;2;1;1;3;1;0;1;1;1
Kupplungssatz;479;22936;17;0,0106;2;3;1;3;1;0;0;0;2;5
Kupplungssatz;479;107640;9;0,0056;0;2;0;2;2;0;0;0;0;2
Kupplungssatz;479;23425;123;0,0768;1;1;3;1;1;2;0;1;1;1
Kupplungssatz;479;26602;10;0,0062;1;7;2;2;8;5;0;2;2;1
Kupplungssatz;479;33281;16;0,01;3;2;3;2;5;0;0;2;1;6
Kupplungssatz;479;117342;5;0,0031;1;2;1;1;4;1;0;1;2;1
Kupplungssatz;479;13100;39;0,0244;6;3;6;1;4;1;0;0;5;3
Kupplungssatz;479;17645;125;0,0781;1;2;2;1;2;1;0;1;1;1
Kupplungssatz;479;111857;14;0,0087;0;2;0;1;3;0;0;0;3;1
Kupplungssatz;479;135282;17;0,0106;0;3;0;2;7;0;0;0;0;4
Kupplungssatz;479;9424;2;0,0012;1;1;1;1;1;0;0;0;0;0
Kupplungssatz;479;30839;353;0,2205;1;2;1;1;2;1;0;1;1;2
Kupplungssatz;479;32794;2;0,0012;2;2;1;2;3;1;0;0;1;3
Kupplungssatz;479;968;1;0,0006;1;2;0;1;2;0;0;0;1;2
Kupplungssatz;479;131678;1;0,0006;2;4;1;2;2;0;0;0;2;1
Kupplungssatz;479;11710;7;0,0044;1;2;2;2;3;0;0;2;2;4
Kupplungssatz;479;5605;3;0,0019;1;2;2;1;2;0;0;0;2;2
Kupplungssatz;479;133684;30;0,0187;3;0;2;0;2;0;0;0;2;1
Kupplungssatz;479;3496;4;0,0025;3;1;2;2;4;5;0;1;1;1
Kupplungssatz;479;123760;5;0,0031;2;2;1;0;2;1;0;1;0;1
Kupplungssatz;479;11758;60;0,0375;3;3;1;3;4;1;0;2;3;2
Kupplungssatz;479;779;12;0,0075;2;2;1;4;2;2;0;2;2;4
Kupplungssatz;479;13279;1;0,0006;0;1;0;0;1;0;0;0;0;1
Kupplungssatz;479;59726;14;0,0087;1;1;0;1;1;0;0;1;0;0
Kupplungssatz;479;15893;143;0,0893;1;2;1;2;3;2;0;2;2;2
Kupplungssatz;479;15909;2;0,0012;1;4;1;1;3;0;0;0;2;1
Kupplungssatz;479;120222;3;0,0019;1;3;1;0;4;2;0;0;4;3
Kupplungssatz;479;17830;2;0,0012;0;1;0;0;1;0;0;0;0;1
Kupplungssatz;479;58535;8;0,005;3;3;2;3;2;0;0;2;1;3
Kupplungssatz;479;18112;1;0,0006;0;2;3;1;2;0;0;0;2;2
Kupplungssatz;479;33316;9;0,0056;3;5;7;3;6;2;0;2;4;3
Kupplungssatz;479;14443;32;0,02;2;3;2;3;7;1;0;0;2;4
Kupplungssatz;479;118495;19;0,0119;0;1;6;1;5;1;0;2;0;5
Kupplungssatz;479;3414;25;0,0156;1;1;1;2;1;2;0;1;1;1
Kupplungssatz;479;23659;12;0,0075;1;2;3;2;3;2;0;2;3;3
Kupplungssatz;479;19521;4;0,0025;1;2;1;1;5;1;0;1;2;2
Kupplungssatz;479;33472;51;0,0319;2;3;1;3;1;0;0;0;2;5
Kupplungssatz;479;127066;20;0,0125;0;1;0;1;0;0;0;0;0;1
Kupplungssatz;479;105627;3;0,0019;0;4;2;3;4;0;0;2;2;4
Kupplungssatz;479;23433;188;0,1174;1;4;1;1;1;2;0;1;1;1
Kupplungssatz;479;33404;13;0,0081;3;3;2;2;2;2;0;2;2;2
Kupplungssatz;479;19402;2;0,0012;1;2;2;1;4;0;0;0;2;2
Kupplungssatz;479;30763;1;0,0006;2;2;1;0;1;1;0;0;2;1
Kupplungssatz;479;147379;4;0,0025;0;2;0;0;0;0;0;0;0;0
Kupplungssatz;479;18339;16;0,01;1;2;2;1;2;1;0;1;2;1
Kupplungssatz;479;30428;3;0,0019;0;1;0;1;1;0;0;0;0;1
Kupplungssatz;479;34247;1;0,0006;0;1;0;1;3;0;0;0;2;3
Kupplungssatz;479;26492;10;0,0062;3;2;0;2;5;3;0;1;2;2
Kupplungssatz;479;14248;1;0,0006;0;0;0;0;0;1;0;0;0;0
Kupplungssatz;479;14701;1;0,0006;0;1;1;1;2;0;0;0;2;2
Kupplungssatz;479;118538;17;0,0106;2;3;0;2;6;0;0;0;0;3
Kupplungssatz;479;17891;6;0,0037;1;1;1;1;2;0;0;0;1;0
Kupplungssatz;479;1628;3;0,0019;1;2;1;1;2;0;0;0;1;1
Kupplungssatz;479;140420;7;0,0044;0;2;0;2;0;0;0;0;0;0
Kupplungssatz;479;17743;58;0,0362;1;2;1;1;2;1;0;1;1;2
Kupplungssatz;479;142883;1;0,0006;1;0;2;0;4;2;0;0;0;2
Kupplungssatz;479;8447;1;0,0006;1;4;1;1;2;1;0;1;2;1
Kupplungssatz;479;32826;3;0,0019;1;2;1;1;2;2;0;1;1;2
Kupplungssatz;479;119519;9;0,0056;4;5;5;2;3;1;0;0;2;7
Kupplungssatz;479;31536;269;0,168;7;6;2;4;7;3;0;3;5;5
Kupplungssatz;479;17142;20;0,0125;0;1;3;1;1;0;0;0;2;2
Kupplungssatz;479;140708;2;0,0012;0;3;0;1;0;0;0;0;0;4
Kupplungssatz;479;30862;22;0,0137;2;1;0;1;0;0;0;0;2;2
Kupplungssatz;479;3583;1;0,0006;1;0;0;1;1;1;0;0;0;0
Kupplungssatz;479;138603;2;0,0012;0;1;1;1;2;0;0;0;1;1
Kupplungssatz;479;3615;6;0,0037;3;1;2;2;2;1;0;1;2;2
Kupplungssatz;479;4621;1;0,0006;0;3;1;1;2;0;0;0;1;1
Kupplungssatz;479;141273;2;0,0012;0;2;0;0;0;0;0;0;0;2
Kupplungssatz;479;7966;2;0,0012;0;5;0;3;5;0;0;0;2;3
Kupplungssatz;479;10933;65;0,0406;4;3;3;3;3;3;0;1;5;5
Kupplungssatz;479;11196;2;0,0012;1;1;1;1;0;0;0;0;1;1
Kupplungssatz;479;2905;1;0,0006;2;2;2;0;4;0;0;0;2;2
Kupplungssatz;479;138233;7;0,0044;0;2;0;2;0;0;0;0;0;3
Kupplungssatz;479;128493;1;0,0006;0;1;2;1;1;0;0;0;0;1
Kupplungssatz;479;19104;1;0,0006;1;2;1;1;4;0;0;0;2;1
Kupplungssatz;479;125992;10;0,0062;3;2;2;2;1;1;0;1;0;2
Kupplungssatz;479;4731;4;0,0025;2;1;1;1;2;1;0;1;1;1
Kupplungssatz;479;10008;1;0,0006;0;1;0;0;1;0;0;0;0;1
Kupplungssatz;479;57459;40;0,025;1;4;3;2;6;0;0;2;1;2
Kupplungssatz;479;18288;4;0,0025;2;3;1;2;4;1;0;0;3;2
Kupplungssatz;479;3771;3;0,0019;3;1;1;1;1;0;0;0;1;2
Kupplungssatz;479;24555;4;0,0025;1;1;1;2;1;1;0;1;0;0
Kupplungssatz;479;16878;2;0,0012;0;2;2;0;2;0;0;0;2;2
Kupplungssatz;479;12475;1;0,0006;1;2;2;1;4;0;0;0;3;3
Kupplungssatz;479;16287;7;0,0044;1;1;1;1;2;1;0;1;1;0
Kupplungssatz;479;131771;4;0,0025;2;1;0;2;4;0;0;0;0;3
Kupplungssatz;479;19583;18;0,0112;3;3;2;3;3;0;0;0;0;3
Kupplungssatz;479;5817;1;0,0006;2;2;2;2;2;0;0;0;2;2
Kupplungssatz;479;7703;2;0,0012;0;0;0;1;0;1;0;0;0;0
Kupplungssatz;479;101104;13;0,0081;4;3;6;3;4;0;0;2;3;3
Kupplungssatz;479;59319;1;0,0006;2;4;1;1;6;1;0;2;2;3
Kupplungssatz;479;55899;2;0,0012;1;0;0;0;3;0;0;0;0;2
Kupplungssatz;479;8770;1;0,0006;3;4;6;1;3;0;0;0;3;3
Kupplungssatz;479;5015;1;0,0006;2;1;1;1;2;2;0;0;0;0
Kupplungssatz;479;3406;1;0,0006;0;0;0;1;0;1;0;1;0;1
Kupplungssatz;479;1035;3;0,0019;1;2;1;1;1;0;0;0;1;1
Kupplungssatz;479;114490;1;0,0006;0;0;0;0;0;0;0;0;0;0
Kupplungssatz;479;23502;3;0,0019;3;2;2;2;3;1;0;2;2;4
Kupplungssatz;479;133584;2;0,0012;0;0;1;0;0;0;0;0;0;1
Kupplungssatz;479;7714;1;0,0006;0;1;1;1;2;1;0;0;1;1
Kupplungssatz;479;118560;1;0,0006;0;0;0;0;2;0;0;0;0;1
Kupplungssatz;479;12144;1;0,0006;2;2;2;2;1;0;0;0;0;3
Kupplungssatz;479;105759;1;0,0006;0;1;0;0;0;0;0;0;0;1
Kupplungssatz;479;9646;100;0,0625;3;3;4;3;8;1;0;0;3;3
Kupplungssatz;479;15910;42;0,0262;1;3;2;1;4;0;0;0;1;1
Kupplungssatz;479;1769;21;0,0131;1;1;1;0;0;0;0;0;1;2
Kupplungssatz;479;9892;240;0,1499;1;2;1;1;3;1;0;2;1;2
Kupplungssatz;479;4779;11;0,0069;1;1;1;1;1;1;0;1;1;1
Kupplungssatz;479;8454;76;0,0475;1;4;1;2;4;1;0;1;2;1
Kupplungssatz;479;30420;2;0,0012;1;3;4;2;5;0;0;1;3;2
Kupplungssatz;479;132331;6;0,0037;1;2;0;2;0;1;0;0;0;2
Kupplungssatz;479;9203;15;0,0094;1;1;0;1;1;0;0;0;1;3
Kupplungssatz;479;20060;6;0,0037;3;2;2;2;3;1;0;0;3;3
Kupplungssatz;479;4477;1;0,0006;1;1;2;2;0;1;0;2;0;0
Kupplungssatz;479;113319;1;0,0006;1;2;2;2;3;1;0;2;2;2
Kupplungssatz;479;19277;11;0,0069;1;1;1;1;2;1;0;0;1;1
Kupplungssatz;479;55575;5;0,0031;4;2;1;3;3;2;0;2;3;3
Kupplungssatz;479;19298;20;0,0125;2;2;1;2;3;1;0;0;3;2
Kupplungssatz;479;134289;7;0,0044;4;5;2;4;5;0;0;1;3;3
Kupplungssatz;479;15965;144;0,0899;3;3;3;3;4;0;0;1;3;3
Kupplungssatz;479;115212;22;0,0137;4;1;0;2;5;1;0;1;2;2
Kupplungssatz;479;57259;34;0,0212;3;3;3;3;4;0;0;1;3;3
Kupplungssatz;479;128471;1;0,0006;1;4;2;3;1;0;0;0;0;1
Kupplungssatz;479;19501;6;0,0037;0;1;1;1;1;1;0;2;1;1
Kupplungssatz;479;57775;1;0,0006;0;1;0;1;0;0;0;0;0;1
Kupplungssatz;479;11183;1;0,0006;1;1;1;1;2;0;0;0;1;1
Kupplungssatz;479;5710;9;0,0056;0;1;1;2;1;0;0;0;0;3
Kupplungssatz;479;100790;1;0,0006;0;1;1;1;3;0;0;0;4;2
Kupplungssatz;479;15507;41;0,0256;1;3;3;1;3;0;0;0;2;2
Kupplungssatz;479;115686;8;0,005;1;1;0;2;2;1;0;0;1;2
Kupplungssatz;479;141773;1;0,0006;0;0;0;0;0;0;0;0;2;2
Kupplungssatz;479;100180;69;0,0431;4;4;2;3;5;3;0;3;5;4
Kupplungssatz;479;10343;5;0,0031;4;2;3;1;4;0;0;2;2;2
Kupplungssatz;479;114855;10;0,0062;2;6;1;2;4;0;0;1;2;6
Kupplungssatz;479;2557;78;0,0487;1;2;2;1;2;1;0;1;1;1
Kupplungssatz;479;25866;4;0,0025;0;1;1;0;0;0;0;0;0;1
Kupplungssatz;479;134740;11;0,0069;0;5;2;2;1;0;0;0;0;5
Kupplungssatz;479;5053;9;0,0056;1;2;1;0;2;0;0;0;2;2
Kupplungssatz;479;34062;1;0,0006;1;1;1;1;1;1;0;0;1;2
Kupplungssatz;479;136619;1;0,0006;0;0;1;0;3;1;0;1;0;4
Kupplungssatz;479;8704;2;0,0012;1;2;1;0;4;0;0;1;1;1
Kupplungssatz;479;57348;4;0,0025;1;4;0;1;2;0;0;1;0;1
Kupplungssatz;479;207;3;0,0019;0;1;0;0;0;0;0;0;0;1
Kupplungssatz;479;107516;6;0,0037;4;3;5;3;3;0;0;2;3;8
Kupplungssatz;479;13108;8;0,005;1;1;1;1;1;1;0;0;1;1
Kupplungssatz;479;155001;1;0,0006;0;0;0;0;0;0;0;0;0;0
Kupplungssatz;479;10054;17;0,0106;0;4;1;0;3;0;0;0;1;3
Kupplungssatz;479;455;1;0,0006;1;1;0;0;1;0;0;0;1;1
Kupplungssatz;479;28253;18;0,0112;2;5;2;3;4;0;0;2;1;6
Kupplungssatz;479;107445;8;0,005;2;2;0;0;3;0;0;0;1;2
Kupplungssatz;479;28232;28;0,0175;1;4;1;2;4;0;0;2;1;3
Kupplungssatz;479;32955;2;0,0012;0;5;3;4;4;0;0;0;0;2
Kupplungssatz;479;31127;1;0,0006;2;2;2;2;5;2;0;1;2;2
Kupplungssatz;479;30688;9;0,0056;0;0;0;0;4;0;0;0;0;2
Kupplungssatz;479;16841;29;0,0181;2;6;5;4;8;0;0;3;4;5
Kupplungssatz;479;19762;16;0,01;0;0;0;0;4;1;0;0;0;3
Kupplungssatz;479;145287;3;0,0019;0;2;0;2;7;0;0;0;0;3
Kupplungssatz;479;16675;15;0,0094;1;3;1;2;6;1;0;1;1;4
Kupplungssatz;479;30822;9;0,0056;1;2;1;2;2;0;0;0;2;2
Kupplungssatz;479;132342;2;0,0012;0;1;0;3;7;0;0;0;0;3
Kupplungssatz;479;59492;49;0,0306;2;2;2;2;2;0;0;2;2;2
Kupplungssatz;479;17439;9;0,0056;4;4;5;3;2;7;0;3;4;3
Kupplungssatz;479;16614;11;0,0069;1;2;2;1;6;1;0;1;2;1
Kupplungssatz;479;2949;1;0,0006;0;0;0;0;0;0;0;0;0;2
Kupplungssatz;479;16646;2;0,0012;2;1;1;1;2;1;0;1;1;1
Kupplungssatz;479;17404;4;0,0025;1;2;1;1;1;1;0;1;1;0
Kupplungssatz;479;22505;6;0,0037;5;7;6;6;10;1;0;4;7;8
Kupplungssatz;479;107497;3;0,0019;3;2;1;2;2;0;0;0;2;1
Kupplungssatz;479;27277;1;0,0006;1;2;2;1;1;1;0;1;1;0
Kupplungssatz;479;1381;1;0,0006;0;1;1;0;0;0;0;0;1;1
Kupplungssatz;479;59731;1;0,0006;1;1;0;2;0;0;0;0;0;2
Kupplungssatz;479;31034;1;0,0006;0;1;0;0;0;0;0;0;1;1
Kupplungssatz;479;9061;1;0,0006;1;2;2;2;3;1;0;2;3;4
Kupplungssatz;479;129171;2;0,0012;1;7;2;5;4;0;0;2;0;3
Kupplungssatz;479;11782;27;0,0169;1;1;1;1;3;1;0;1;1;1
Kupplungssatz;479;128293;9;0,0056;1;3;0;1;4;0;0;0;1;1
Kupplungssatz;479;23467;46;0,0287;2;4;2;2;3;2;0;2;2;4
Kupplungssatz;479;29917;15;0,0094;5;4;2;3;5;3;0;3;5;2
Kupplungssatz;479;58799;18;0,0112;2;2;1;1;2;0;0;1;1;2
Kupplungssatz;479;33390;16;0,01;0;2;2;0;3;0;0;0;1;2
Kupplungssatz;479;13935;7;0,0044;0;0;0;1;0;0;0;0;1;3
Kupplungssatz;479;24199;1;0,0006;3;2;2;2;3;1;0;2;2;4
Kupplungssatz;479;121177;1;0,0006;0;0;1;0;0;0;0;0;0;1
Kupplungssatz;479;11603;12;0,0075;1;4;2;1;4;0;0;0;1;1
Kupplungssatz;479;33375;2;0,0012;1;2;1;3;3;0;0;0;2;2
Kupplungssatz;479;16512;1;0,0006;1;1;1;1;2;1;0;1;1;1
Kupplungssatz;479;34991;1;0,0006;1;3;2;2;5;0;0;0;3;3
Kupplungssatz;479;927;9;0,0056;0;2;2;2;2;0;0;0;2;3
Kupplungssatz;479;34244;3;0,0019;0;1;0;1;2;0;0;0;2;3
Kupplungssatz;479;57523;1;0,0006;1;1;1;1;3;1;0;1;1;1
Kupplungssatz;479;3620590;2;0,0012;0;0;0;0;0;0;0;0;0;0
Kupplungssatz;479;19449;27;0,0169;3;4;1;2;4;2;0;0;4;4
Kupplungssatz;479;25508;176;0,1099;3;5;0;5;2;0;0;0;0;3
Kupplungssatz;479;14234;1;0,0006;0;1;1;0;2;1;0;0;0;1
Kupplungssatz;479;17854;4;0,0025;2;2;2;1;4;0;0;0;2;2
Kupplungssatz;479;15682;1;0,0006;1;2;1;1;3;1;0;0;2;3
Kupplungssatz;479;115043;3;0,0019;3;2;1;2;3;0;0;0;2;1
Kupplungssatz;479;22475;4;0,0025;1;1;2;0;1;1;0;0;0;0
Kupplungssatz;479;22657;1;0,0006;0;1;1;1;1;0;0;0;1;1
Kupplungssatz;479;138989;1;0,0006;1;3;0;2;0;0;0;0;0;4
Kupplungssatz;479;1510;2;0,0012;0;4;1;1;2;0;0;0;1;1
Kupplungssatz;479;34051;1;0,0006;1;1;1;1;2;1;0;0;1;3
Kupplungssatz;479;33794;3;0,0019;1;2;1;1;2;1;0;1;1;1
Kupplungssatz;479;9854;10;0,0062;0;3;0;2;3;0;0;0;0;3
Kupplungssatz;479;24304;1;0,0006;1;1;1;1;2;1;0;1;0;1
Kupplungssatz;479;111755;1;0,0006;3;3;2;3;5;0;0;2;5;3
Kupplungssatz;479;116013;2;0,0012;0;1;1;1;2;0;0;1;0;1
Kupplungssatz;479;14961;2;0,0012;3;3;0;3;4;1;0;0;2;1
Kupplungssatz;479;30692;3;0,0019;2;2;1;1;3;3;0;0;0;1
Kupplungssatz;479;109454;2;0,0012;1;2;2;2;4;0;0;2;2;1
Kupplungssatz;479;125345;1;0,0006;0;0;0;0;0;0;0;0;0;0
Kupplungssatz;479;16119;1;0,0006;1;1;1;1;2;1;0;0;1;1
Kupplungssatz;479;8768;2;0,0012;1;1;1;0;0;0;0;0;1;3
Kupplungssatz;479;604;1;0,0006;1;1;0;1;3;1;0;0;1;1
Kupplungssatz;479;16143;1;0,0006;4;6;0;2;5;0;0;0;4;3
Kupplungssatz;479;126214;13;0,0081;0;0;1;0;1;0;0;0;0;2
Kupplungssatz;479;15619;1;0,0006;0;2;1;0;3;0;0;0;2;3
Kupplungssatz;479;9439;1;0,0006;0;0;0;0;0;1;0;0;0;0
Kupplungssatz;479;8169;1;0,0006;1;0;1;1;2;1;0;1;0;1
Kupplungssatz;479;32012;2;0,0012;3;2;2;1;4;0;0;1;0;3
Kupplungssatz;479;108575;2;0,0012;0;2;2;2;5;0;0;0;2;3
Kupplungssatz;479;7777;20;0,0125;2;2;2;2;1;1;0;1;2;2
Kupplungssatz;479;5251;11;0,0069;2;2;2;1;13;1;0;1;1;2
Kupplungssatz;479;100781;2;0,0012;2;5;0;1;2;1;0;1;2;1
Kupplungssatz;479;19326;53;0,0331;0;1;1;1;3;1;0;1;1;3
Kupplungssatz;479;8897;7;0,0044;1;1;0;0;2;0;0;0;1;1
Kupplungssatz;479;25497;14;0,0087;0;2;0;2;2;0;0;0;2;4
Kupplungssatz;479;55511;29;0,0181;2;4;2;3;7;0;0;2;5;3
Kupplungssatz;479;19839;4;0,0025;2;4;0;2;4;1;0;0;0;3
Kupplungssatz;479;2955;4;0,0025;0;0;0;0;1;0;0;0;0;2
Kupplungssatz;479;4059;2;0,0012;1;1;0;1;2;2;0;1;1;1
Kupplungssatz;479;28581;80;0,05;2;5;2;2;3;2;0;2;3;3
Kupplungssatz;479;16816;89;0,0556;2;1;1;1;1;1;0;1;1;1
Kupplungssatz;479;11989;14;0,0087;0;1;0;1;1;0;0;0;0;1
Kupplungssatz;479;27168;24;0,015;1;3;3;5;6;0;0;3;5;3
Kupplungssatz;479;116130;19;0,0119;0;3;3;2;4;0;0;0;2;2
Kupplungssatz;479;116490;1;0,0006;1;1;0;1;1;1;0;1;1;1
Kupplungssatz;479;24441;3;0,0019;0;2;1;1;2;0;0;0;2;1
Kupplungssatz;479;107547;11;0,0069;0;1;1;1;2;0;0;0;0;1
Kupplungssatz;479;24527;5;0,0031;1;2;2;1;2;1;0;1;2;2
Kupplungssatz;479;15411;11;0,0069;2;1;1;1;2;0;0;0;1;1
Kupplungssatz;479;16884;1;0,0006;0;1;0;1;0;0;0;0;2;1
Kupplungssatz;479;25466;43;0,0269;3;2;3;2;5;0;0;1;3;2
Kupplungssatz;479;803;20;0,0125;3;2;1;2;1;2;0;1;1;1
Kupplungssatz;479;19832;7;0,0044;4;2;1;2;1;5;0;1;2;3
Kupplungssatz;479;24515;23;0,0144;3;4;5;2;11;4;0;3;5;8
Kupplungssatz;479;29992;198;0,1237;2;7;2;3;5;0;0;2;2;5
Kupplungssatz;479;18483;35;0,0219;1;2;1;1;1;1;0;1;1;1
Kupplungssatz;479;3875;1;0,0006;1;1;1;1;2;1;0;0;1;1
Kupplungssatz;479;127873;1;0,0006;1;1;2;1;5;0;0;2;0;2
Kupplungssatz;479;5701;5;0,0031;1;1;0;1;1;1;0;0;1;3
Kupplungssatz;479;32746;13;0,0081;3;5;6;4;6;2;0;2;4;5
Kupplungssatz;479;32803;3;0,0019;2;4;2;2;0;2;0;2;2;4
Kupplungssatz;479;128676;4;0,0025;0;2;1;1;1;0;0;1;0;0
Kupplungssatz;479;100001;34;0,0212;1;4;3;2;5;1;0;2;2;4
Kupplungssatz;479;129177;3;0,0019;0;2;0;2;1;0;0;1;0;2
Kupplungssatz;479;31125;12;0,0075;0;1;0;1;2;0;0;1;1;1
Kupplungssatz;479;10917;9;0,0056;2;3;5;2;3;0;0;1;3;7
Kupplungssatz;479;23398;43;0,0269;1;1;1;1;1;2;0;1;1;1
Kupplungssatz;479;2388;1;0,0006;1;1;1;0;2;0;0;0;1;1
Kupplungssatz;479;108813;3;0,0019;2;3;2;2;3;0;0;2;2;3
Kupplungssatz;479;18412;33;0,0206;2;3;2;2;2;0;0;0;3;3
Kupplungssatz;479;10323;3;0,0019;3;3;3;0;3;2;0;1;5;3
Kupplungssatz;479;1122;4;0,0025;2;1;1;1;2;0;0;0;1;1
Kupplungssatz;479;24433;7;0,0044;3;2;3;2;3;1;0;2;2;3
Kupplungssatz;479;20083;37;0,0231;3;2;2;2;3;1;0;0;2;3
Kupplungssatz;479;5706;1;0,0006;0;2;0;1;1;0;0;0;1;2
Kupplungssatz;479;130538;1;0,0006;0;2;0;1;0;0;0;0;0;0
Kupplungssatz;479;34427;1;0,0006;2;3;1;1;3;0;0;0;1;0
Kupplungssatz;479;113342;7;0,0044;1;1;1;1;1;1;0;1;0;1
Kupplungssatz;479;15369;11;0,0069;3;3;0;3;4;1;0;0;2;1
Kupplungssatz;479;18258;14;0,0087;3;6;2;3;5;1;0;2;5;4
Kupplungssatz;479;142411;15;0,0094;0;1;0;1;2;0;0;0;0;2
Kupplungssatz;479;108153;6;0,0037;3;2;3;2;4;0;0;1;1;3
Kupplungssatz;479;319;5;0,0031;0;2;2;1;0;0;0;0;0;2
Kupplungssatz;479;10817;69;0,0431;0;3;2;2;3;0;0;1;2;3
Kupplungssatz;479;20049;2;0,0012;1;3;2;2;3;0;0;0;2;2
Kupplungssatz;479;10695;7;0,0044;1;1;1;1;1;0;0;0;2;3
Kupplungssatz;479;58711;3;0,0019;1;2;2;2;3;0;0;2;2;4
Kupplungssatz;479;123944;1;0,0006;0;2;0;0;0;0;0;0;0;2
Kupplungssatz;479;15448;9;0,0056;0;3;1;4;3;0;0;0;2;3
Kupplungssatz;479;15828;1;0,0006;2;3;2;1;3;2;0;1;1;2
Kupplungssatz;479;113347;2;0,0012;1;1;1;1;1;0;0;1;1;1
Kupplungssatz;479;133868;11;0,0069;0;3;1;2;3;0;0;0;0;4
Kupplungssatz;479;14887;3;0,0019;1;1;0;1;1;1;0;1;1;1
Kupplungssatz;479;20911;1;0,0006;0;1;0;1;1;0;0;0;0;0
Kupplungssatz;479;18983;2;0,0012;1;2;1;1;1;1;0;0;0;1
Kupplungssatz;479;22740;2;0,0012;2;2;2;2;2;2;0;0;4;3
Kupplungssatz;479;137591;6;0,0037;0;0;0;1;2;0;0;0;0;2
Kupplungssatz;479;132158;14;0,0087;0;1;0;1;2;0;0;0;0;2
Kupplungssatz;479;14700;3;0,0019;0;1;1;1;2;0;0;0;2;2
Kupplungssatz;479;13160;6;0,0037;2;2;1;1;4;0;0;0;2;3
Kupplungssatz;479;19304;6;0,0037;2;1;1;1;1;0;0;0;1;1
Kupplungssatz;479;17145;1;0,0006;0;2;1;1;2;0;0;0;1;2
Kupplungssatz;479;19733;2;0,0012;4;3;1;3;2;4;0;1;0;2
Kupplungssatz;479;18857;1;0,0006;0;0;0;1;1;0;0;0;0;1
Kupplungssatz;479;1763;2;0,0012;3;4;6;1;3;0;0;0;3;3
Kupplungssatz;479;14327;3;0,0019;1;1;1;1;3;0;0;0;0;1
Kupplungssatz;479;18061;5;0,0031;0;1;0;1;1;0;0;0;0;1
Kupplungssatz;479;33144;1;0,0006;0;0;0;0;0;0;0;0;0;0
Kupplungssatz;479;145869;2;0,0012;2;4;0;2;1;0;0;0;2;1
Kupplungssatz;479;119591;16;0,01;2;1;1;0;1;1;0;1;1;1
Kupplungssatz;479;23650;1;0,0006;0;1;0;1;1;0;0;1;1;3
Kupplungssatz;479;313;1;0,0006;0;2;1;1;0;0;0;0;0;1
Kupplungssatz;479;31527;5;0,0031;0;2;0;2;0;0;0;0;0;2
Kupplungssatz;479;1471;3;0,0019;0;3;0;0;2;0;0;0;1;1
Kupplungssatz;479;133158;1;0,0006;1;1;1;1;2;2;0;1;0;1
Kupplungssatz;479;33871;7;0,0044;1;1;1;1;4;1;0;1;1;2
Kupplungssatz;479;34438;1;0,0006;1;2;1;1;2;0;0;0;0;0
Kupplungssatz;479;108639;1;0,0006;2;5;8;8;1;0;0;3;5;3
Kupplungssatz;479;11857;3;0,0019;1;1;1;1;2;0;0;0;1;1
Kupplungssatz;479;59645;1;0,0006;0;1;0;1;0;0;0;0;0;0
Kupplungssatz;479;7518;47;0,0294;2;2;0;2;6;0;0;0;0;2
Kupplungssatz;479;20075;1;0,0006;0;4;0;0;2;0;0;0;0;2
Kupplungssatz;479;132520;3;0,0019;0;2;0;1;0;0;0;0;0;2
Kupplungssatz;479;10686;4;0,0025;0;1;0;1;1;0;0;0;1;2
Kupplungssatz;479;100381;3;0,0019;0;2;0;2;3;0;0;0;2;1
Kupplungssatz;479;10005;114;0,0712;1;1;1;1;1;1;0;1;1;1
Kupplungssatz;479;18822;5;0,0031;1;4;1;4;6;0;0;0;2;2
Kupplungssatz;479;17721;20;0,0125;2;2;2;2;2;1;0;2;2;3
Kupplungssatz;479;37;3;0,0019;1;2;1;0;1;0;0;0;1;1
Kupplungssatz;479;16967;4;0,0025;3;3;5;3;5;1;0;0;4;4
Kupplungssatz;479;1856;15;0,0094;1;3;1;1;4;1;0;1;1;2
Kupplungssatz;479;100171;31;0,0194;4;4;2;3;5;3;0;3;5;4
Kupplungssatz;479;33278;19;0,0119;3;3;3;3;5;0;0;2;5;6
Kupplungssatz;479;26596;3;0,0019;0;2;0;0;2;0;0;0;0;2
Kupplungssatz;479;105577;500;0,3123;6;2;2;4;2;1;0;4;2;2
Kupplungssatz;479;17807;26;0,0162;1;2;1;2;3;1;0;0;1;1
Kupplungssatz;479;107522;10;0,0062;1;2;0;2;3;1;0;0;2;2
Kupplungssatz;479;59412;4;0,0025;2;1;1;2;1;1;0;1;1;1
Kupplungssatz;479;18390;34;0,0212;1;3;0;1;2;1;0;1;1;3
Kupplungssatz;479;143793;5;0,0031;0;2;1;0;0;0;0;0;0;2
Kupplungssatz;479;33129;3;0,0019;2;1;1;5;2;1;0;1;1;0
Kupplungssatz;479;15537;1;0,0006;1;1;1;1;3;2;0;1;1;1
Kupplungssatz;479;108165;8;0,005;1;3;0;2;4;1;0;0;1;3
Kupplungssatz;479;27576;208;0,1299;1;1;1;1;4;1;0;1;1;1
Kupplungssatz;479;19849;2;0,0012;2;3;2;2;2;0;0;0;3;3
Kupplungssatz;479;115187;5;0,0031;1;3;1;2;4;0;0;1;1;1
Kupplungssatz;479;17986;21;0,0131;3;4;4;2;8;2;0;1;5;3
Kupplungssatz;479;16155;58;0,0362;2;2;1;1;6;1;0;1;1;1
Kupplungssatz;479;8326;28;0,0175;2;1;1;1;3;4;0;1;0;2
Kupplungssatz;479;34920;26;0,0162;3;1;1;1;2;1;0;0;2;3
Kupplungssatz;479;12239;9;0,0056;0;2;1;2;4;1;0;0;0;4
Kupplungssatz;479;5714;23;0,0144;2;2;2;2;2;2;0;1;2;3
Kupplungssatz;479;11962;23;0,0144;3;3;8;3;2;1;0;2;3;3
Kupplungssatz;479;121650;21;0,0131;2;3;2;2;3;0;0;0;3;5
Kupplungssatz;479;27568;12;0,0075;1;1;0;1;1;1;0;1;0;1
Kupplungssatz;479;1121;1;0,0006;0;1;1;0;0;0;0;0;1;1
Kupplungssatz;479;100779;2;0,0012;2;4;1;1;4;2;0;1;1;5
Kupplungssatz;479;17969;4;0,0025;2;2;1;4;2;0;0;0;1;2
Kupplungssatz;479;128598;2;0,0012;0;4;1;2;3;0;0;1;1;2
Kupplungssatz;479;7677;13;0,0081;2;3;3;3;4;0;0;1;3;0
Kupplungssatz;479;119589;13;0,0081;2;1;1;0;1;1;0;1;1;1
Kupplungssatz;479;9104;1;0,0006;0;0;0;0;0;0;0;0;0;0
Kupplungssatz;479;10331;1;0,0006;1;3;1;2;2;0;0;0;0;1
Kupplungssatz;479;17271;98;0,0612;0;3;2;3;4;0;0;0;2;5
Kupplungssatz;479;126863;1;0,0006;0;1;0;1;0;0;0;0;0;1
Kupplungssatz;479;34173;3;0,0019;0;2;0;1;1;0;0;0;1;1
Kupplungssatz;479;3696;3;0,0019;1;0;1;1;0;1;0;1;1;1
Kupplungssatz;479;116533;44;0,0275;3;2;2;3;1;1;0;1;2;2
Kupplungssatz;479;115779;3;0,0019;2;1;1;3;1;0;0;0;0;0
Kupplungssatz;479;241;2;0,0012;2;3;1;2;4;0;0;0;2;2
Kupplungssatz;479;19243;3;0,0019;1;1;1;1;1;1;0;1;1;1
Kupplungssatz;479;125135;4;0,0025;1;2;0;2;2;0;0;1;3;3
Kupplungssatz;479;113730;1;0,0006;0;2;0;1;0;0;0;1;0;1
Kupplungssatz;479;732;7;0,0044;2;2;1;2;3;1;0;0;1;3
Kupplungssatz;479;138182;13;0,0081;2;3;0;0;4;0;0;0;0;3
Kupplungssatz;479;143421;1;0,0006;1;1;0;2;0;0;0;0;0;1
Kupplungssatz;479;6710;40;0,025;0;1;0;1;2;1;0;1;0;4
Kupplungssatz;479;16744;1;0,0006;2;2;0;2;2;0;0;0;2;2
Kupplungssatz;479;17767;4;0,0025;1;2;3;2;2;1;0;2;1;1
Kupplungssatz;479;55723;1;0,0006;0;1;0;0;0;0;0;0;0;0
Kupplungssatz;479;121188;2;0,0012;0;4;0;2;1;0;0;0;0;3
Kupplungssatz;479;126060;3;0,0019;0;1;1;1;0;0;0;0;3;3
Kupplungssatz;479;143002;1;0,0006;1;3;0;2;7;1;0;2;2;2
Kupplungssatz;479;10275;3;0,0019;2;2;2;2;3;0;0;0;2;2
Kupplungssatz;479;1831;4;0,0025;0;2;0;1;1;0;0;0;1;1
Kupplungssatz;479;1568;2;0,0012;0;1;0;1;0;0;0;0;1;0
Kupplungssatz;479;141257;1;0,0006;1;2;0;1;0;0;0;0;1;2
Kupplungssatz;479;105907;13;0,0081;2;3;2;3;4;0;0;2;3;4
Kupplungssatz;479;22689;11;0,0069;2;3;3;1;5;0;0;1;4;3
Kupplungssatz;479;18681;7;0,0044;1;2;3;0;2;0;0;0;2;1
Kupplungssatz;479;19683;3;0,0019;4;2;1;10;1;3;0;1;0;1
Kupplungssatz;479;31580;1;0,0006;0;2;0;2;3;0;0;0;0;2
Kupplungssatz;479;1319;1;0,0006;0;2;0;1;1;0;0;0;1;1
Kupplungssatz;479;34270;1;0,0006;0;1;0;0;2;0;0;0;0;0
Kupplungssatz;479;18621;1;0,0006;1;4;2;1;3;0;0;0;2;1
Kupplungssatz;479;142421;1;0,0006;0;1;0;0;3;0;0;0;0;2
Kupplungssatz;479;5975;1;0,0006;1;0;2;0;5;2;0;0;1;2
Kupplungssatz;479;17240;1;0,0006;1;2;0;1;1;2;0;1;1;1
Kupplungssatz;479;17468;1;0,0006;1;0;1;1;1;0;0;0;0;0
Kupplungssatz;479;19654;11;0,0069;3;5;3;3;4;0;0;0;2;7
Kupplungssatz;479;115116;3;0,0019;0;1;1;1;4;0;0;0;0;1
Kupplungssatz;479;55797;2;0,0012;1;4;2;3;0;3;0;2;2;3
Kupplungssatz;479;4057;1;0,0006;2;2;1;1;2;3;0;1;2;2
Kupplungssatz;479;137764;1;0,0006;0;2;0;2;2;0;0;1;3;3
Kupplungssatz;479;26743;16;0,01;3;3;3;3;8;0;0;3;5;5
Kupplungssatz;479;14161;2;0,0012;0;1;0;0;2;0;0;0;1;2
Kupplungssatz;479;126582;2;0,0012;2;2;0;2;1;0;0;1;0;2
Kupplungssatz;479;31109;2;0,0012;5;6;6;5;11;1;0;3;7;6
Kupplungssatz;479;14175;1;0,0006;1;1;1;0;1;0;0;0;1;0
Kupplungssatz;479;7744;1;0,0006;1;1;0;0;0;0;0;0;1;0
Kupplungssatz;479;30362;1;0,0006;0;1;1;1;1;0;0;0;1;1
Kupplungssatz;479;128677;1;0,0006;0;2;1;1;1;0;0;1;0;0
Kupplungssatz;479;117553;1;0,0006;0;2;0;2;0;0;0;0;0;2
Kupplungssatz;479;15552;2;0,0012;1;2;2;1;7;1;0;1;2;2
Kupplungssatz;479;2984;1;0,0006;0;0;0;0;1;0;0;0;0;1
Kupplungssatz;479;5234;1;0,0006;0;0;0;0;1;0;0;0;0;2
Kupplungssatz;479;16047;1;0,0006;0;2;0;2;2;0;0;0;1;1
Kupplungssatz;479;2956;1;0,0006;0;0;0;0;1;0;0;0;0;2
Kupplungssatz;479;119484;12;0,0075;1;2;1;2;4;1;0;1;1;3
Kupplungssatz;479;18584;739;0,4616;4;2;2;2;2;3;0;2;1;1
Kupplungssatz;479;14907;133;0,0831;1;2;1;1;1;1;0;1;1;1
Kupplungssatz;479;111912;75;0,0468;3;2;2;1;5;2;0;2;2;1
Kupplungssatz;479;11830;123;0,0768;2;2;3;2;6;1;0;2;2;1
Kupplungssatz;479;17451;18;0,0112;0;2;1;1;2;1;0;1;1;2
Kupplungssatz;479;10205;24;0,015;6;8;6;6;8;2;0;1;4;11
Kupplungssatz;479;56753;2;0,0012;0;0;2;0;0;0;0;1;3;2
Kupplungssatz;479;19341;18;0,0112;3;2;4;1;10;3;0;2;6;5
Kupplungssatz;479;12752;97;0,0606;1;2;1;1;1;2;0;0;1;1
Kupplungssatz;479;19039;11;0,0069;2;3;3;2;6;1;0;3;4;3
Kupplungssatz;479;137589;7;0,0044;1;3;1;2;4;0;0;0;2;3
Kupplungssatz;479;34517;2;0,0012;1;1;0;2;1;1;0;0;0;1
Kupplungssatz;479;3590;5;0,0031;2;1;1;1;4;2;0;1;1;1
Kupplungssatz;479;145289;1;0,0006;0;2;0;2;6;0;0;0;0;3
Kupplungssatz;479;130092;2;0,0012;0;1;1;1;1;0;0;0;0;1
Kupplungssatz;479;140732;3;0,0019;0;1;0;1;0;0;0;0;0;3
Kupplungssatz;479;17236;8;0,005;1;1;1;1;1;3;0;1;1;1
Kupplungssatz;479;57621;4;0,0025;1;1;1;1;2;1;0;2;2;2
Kupplungssatz;479;144809;23;0,0144;0;2;0;2;7;0;0;0;0;3
Kupplungssatz;479;7067;146;0,0912;1;3;2;2;1;1;0;1;2;1
Kupplungssatz;479;142600;12;0,0075;0;1;0;1;3;0;0;0;0;2
Kupplungssatz;479;58951;5;0,0031;0;1;0;1;2;0;0;0;0;2
Kupplungssatz;479;17310;2;0,0012;1;1;0;1;2;1;0;1;1;1
Kupplungssatz;479;19562;5;0,0031;0;3;0;2;4;0;0;0;2;2
Kupplungssatz;479;26619;3;0,0019;1;2;1;1;1;1;0;1;1;1
Kupplungssatz;479;159064;1;0,0006;0;1;0;0;0;0;0;0;0;0
Kupplungssatz;479;15143;3;0,0019;2;4;1;3;8;1;0;1;5;2
Kupplungssatz;479;108592;4;0,0025;0;0;2;0;0;0;0;0;0;0
Kupplungssatz;479;100829;3;0,0019;1;3;2;4;3;0;0;0;0;3
Kupplungssatz;479;3636;5;0,0031;2;1;1;1;3;4;0;0;0;1
Kupplungssatz;479;18254;11;0,0069;4;6;2;3;6;1;0;2;5;6
Kupplungssatz;479;114857;20;0,0125;2;6;1;3;4;0;0;1;2;5
Kupplungssatz;479;6382;6;0,0037;1;2;1;0;2;1;0;1;2;2
Kupplungssatz;479;31602;2;0,0012;0;3;0;1;1;0;0;1;0;2
Kupplungssatz;479;18429;1;0,0006;1;1;0;2;2;1;0;1;0;0
Kupplungssatz;479;5314;3;0,0019;1;3;4;1;4;0;0;0;1;2
Kupplungssatz;479;24176;7;0,0044;1;4;1;2;2;0;0;1;1;3
Kupplungssatz;479;15457;2;0,0012;0;3;1;4;6;0;0;0;3;4
Kupplungssatz;479;25457;15;0,0094;1;1;2;1;0;1;0;1;1;1
Kupplungssatz;479;100036;4;0,0025;0;1;0;1;1;0;0;0;0;0
Kupplungssatz;479;28173;53;0,0331;1;1;2;1;2;0;0;1;1;1
Kupplungssatz;479;33079;13;0,0081;2;1;1;1;3;1;0;0;2;2
Kupplungssatz;479;34080;1;0,0006;1;1;0;2;1;1;0;0;1;3
Kupplungssatz;479;26583;16;0,01;2;2;2;2;1;1;0;1;2;2
Kupplungssatz;479;4852;9;0,0056;1;4;1;1;1;1;0;1;1;1
Kupplungssatz;479;8859;3;0,0019;0;2;1;0;2;0;0;0;1;1
Kupplungssatz;479;108629;42;0,0262;1;3;1;2;5;0;0;1;1;2
Kupplungssatz;479;19327;7;0,0044;0;1;1;0;2;1;0;1;1;1
Kupplungssatz;479;19632;14;0,0087;5;6;5;5;8;1;0;3;7;7
Kupplungssatz;479;32269;21;0,0131;3;4;2;4;5;0;0;1;2;6
Kupplungssatz;479;17442;10;0,0062;0;6;2;2;3;0;0;0;4;3
Kupplungssatz;479;17800;4;0,0025;2;1;1;1;1;1;0;1;1;1
Kupplungssatz;479;127858;9;0,0056;0;1;0;1;5;0;0;0;0;2
Kupplungssatz;479;30128;1;0,0006;0;0;0;0;2;0;0;0;0;7
Kupplungssatz;479;108636;2;0,0012;0;1;1;1;3;0;0;0;4;2
Kupplungssatz;479;1826;7;0,0044;1;2;1;1;4;1;0;0;1;1
Kupplungssatz;479;4305;10;0,0062;1;1;1;0;1;3;0;0;1;1
Kupplungssatz;479;1857;6;0,0037;0;3;0;1;2;0;0;0;1;4
Kupplungssatz;479;17473;6;0,0037;1;1;0;3;3;1;0;0;1;1
Kupplungssatz;479;53301;9;0,0056;1;5;1;3;7;1;0;2;2;2
Kupplungssatz;479;136952;1;0,0006;1;0;0;1;0;0;0;0;2;2
Kupplungssatz;479;1664;3;0,0019;1;3;1;1;2;0;0;0;1;1
Kupplungssatz;479;133472;1;0,0006;2;2;4;2;2;1;0;2;0;1
Kupplungssatz;479;15602;1;0,0006;1;2;1;0;6;1;0;1;2;2
Kupplungssatz;479;18424;3;0,0019;0;1;0;0;1;0;0;0;0;1
Kupplungssatz;479;18021;1;0,0006;0;2;1;1;1;0;0;0;0;2
Kupplungssatz;479;23149;1;0,0006;2;5;3;5;7;0;0;0;4;4
Kupplungssatz;479;1861;5;0,0031;1;1;1;1;1;0;0;0;1;3
Kupplungssatz;479;21500;1;0,0006;1;1;1;0;1;0;0;0;1;0
Kupplungssatz;479;19163;2;0,0012;0;4;0;0;2;0;0;0;0;1
Kupplungssatz;479;16746;1;0,0006;0;2;2;2;3;0;0;0;0;2
Kupplungssatz;479;31586;7;0,0044;2;4;3;2;5;0;0;2;2;4
Kupplungssatz;479;19724;1;0,0006;0;2;3;2;4;1;0;2;3;3
Kupplungssatz;479;19228;1;0,0006;1;1;0;1;1;1;0;0;1;1
Kupplungssatz;479;801369;2;0,0012;0;2;2;0;0;0;0;1;0;0
Kupplungssatz;479;288;1;0,0006;1;1;0;0;0;0;0;0;0;2
Kupplungssatz;479;142823;1;0,0006;0;2;1;1;0;0;0;1;0;1
Kupplungssatz;479;27347;4;0,0025;2;4;2;1;4;0;0;2;0;5
Kupplungssatz;479;15516;2;0,0012;3;1;1;1;2;1;0;1;1;1
Kupplungssatz;479;29927;12;0,0075;0;2;2;2;3;0;0;0;2;4
Kupplungssatz;479;115154;1;0,0006;0;3;0;2;2;0;0;1;1;2
Kupplungssatz;479;59471;1;0,0006;0;5;2;4;4;0;0;0;0;2
Kupplungssatz;479;113903;1;0,0006;0;2;1;2;2;0;0;1;1;1
Kupplungssatz;479;6267;1;0,0006;0;1;0;1;1;0;0;0;1;2
Kupplungssatz;479;28120;1;0,0006;1;4;1;1;2;1;0;1;1;1
Kupplungssatz;479;17159;29;0,0181;2;2;2;2;2;1;0;1;2;2
Kupplungssatz;479;14182;17;0,0106;3;2;2;2;3;0;0;0;3;5
Kupplungssatz;479;8774;17;0,0106;2;4;7;2;3;0;0;0;4;4
Kupplungssatz;479;1779;1;0,0006;0;1;0;0;1;0;0;0;1;2
Kupplungssatz;479;31595;8;0,005;2;5;4;4;7;1;0;1;7;8
Kupplungssatz;479;12473;8;0,005;0;2;1;2;3;0;0;1;1;2
Kupplungssatz;479;5913;2;0,0012;0;2;3;2;4;2;0;2;3;3
Kupplungssatz;479;22467;82;0,0512;7;3;6;4;4;6;0;5;5;1
Kupplungssatz;479;27;5;0,0031;1;1;1;1;2;0;0;0;1;1
Kupplungssatz;479;18501;2;0,0012;2;3;3;0;3;2;0;1;5;3
Kupplungssatz;479;32118;6;0,0037;0;2;0;2;3;0;0;0;0;2
Kupplungssatz;479;19734;4;0,0025;6;4;2;2;5;1;0;0;2;5
Kupplungssatz;479;29994;94;0,0587;11;12;11;11;17;2;0;6;16;11
Kupplungssatz;479;19977;36;0,0225;1;1;1;1;1;0;0;0;1;1
Kupplungssatz;479;32258;69;0,0431;0;2;2;3;6;0;0;2;5;3
Kupplungssatz;479;33039;73;0,0456;3;2;1;2;5;1;0;2;0;4
Kupplungssatz;479;2906;4;0,0025;0;2;2;1;1;0;0;0;1;2
Kupplungssatz;479;32087;66;0,0412;2;2;2;2;5;0;0;1;2;2
Kupplungssatz;479;20737;3;0,0019;2;3;3;3;5;0;0;1;2;6
Kupplungssatz;479;115103;3;0,0019;0;3;4;1;3;0;0;1;0;4
Kupplungssatz;479;11048;8;0,005;4;4;0;2;6;1;0;1;6;4
Kupplungssatz;479;5989;5;0,0031;1;1;0;1;0;1;0;0;0;1
Kupplungssatz;479;3734;3;0,0019;1;2;2;2;2;0;0;0;2;2
Kupplungssatz;479;7755;1;0,0006;0;1;1;1;1;0;0;0;1;1
Kupplungssatz;479;29980;2;0,0012;2;2;2;2;3;2;0;0;0;2
Kupplungssatz;479;34168;5;0,0031;1;1;1;1;2;1;0;0;1;2
Kupplungssatz;479;2194;2;0,0012;1;0;1;1;1;0;0;0;1;1
Kupplungssatz;479;128030;2;0,0012;2;0;0;1;6;1;0;0;0;1
Kupplungssatz;479;18604;14;0,0087;2;3;2;2;3;2;0;1;5;3
Kupplungssatz;479;19413;28;0,0175;1;8;2;3;7;0;0;1;4;7
Kupplungssatz;479;113464;4;0,0025;0;1;1;2;1;1;0;1;1;0
Kupplungssatz;479;59678;1;0,0006;0;1;0;0;0;0;0;0;0;0
Kupplungssatz;479;129101;2;0,0012;0;1;0;1;2;0;0;1;2;1
Kupplungssatz;479;119148;3;0,0019;0;2;0;0;0;0;0;0;0;2
Kupplungssatz;479;801368;8;0,005;0;1;2;0;0;0;0;1;0;0
Kupplungssatz;479;105875;1;0,0006;0;0;0;0;0;0;0;0;0;1
Kupplungssatz;479;7174;1;0,0006;1;1;0;1;3;1;0;0;1;1
Kupplungssatz;479;3586;4;0,0025;1;0;0;1;1;2;0;0;0;0
Kupplungssatz;479;126486;1;0,0006;0;1;0;1;2;0;0;0;0;2
Kupplungssatz;479;11364;1;0,0006;0;3;1;1;2;0;0;0;3;3
Kupplungssatz;479;29975;8;0,005;2;2;2;2;2;0;0;0;0;3
Kupplungssatz;479;2986;1;0,0006;0;0;0;0;1;0;0;0;0;1
Kupplungssatz;479;1768;1;0,0006;1;1;1;0;0;0;0;0;1;2
Kupplungssatz;479;9092;5;0,0031;0;2;1;2;2;0;0;0;2;2
Kupplungssatz;479;20063;1;0,0006;2;2;2;2;3;1;0;0;3;3
Kupplungssatz;479;19322;1;0,0006;2;4;1;1;5;0;0;2;7;7
Kupplungssatz;479;128213;8;0,005;1;1;0;1;0;0;0;0;1;1
Kupplungssatz;479;6346;1;0,0006;1;1;0;2;2;1;0;0;0;2
Kupplungssatz;479;55106;9;0,0056;2;2;2;2;2;0;0;2;2;2
Kupplungssatz;479;7706;1;0,0006;0;1;1;1;0;0;0;0;0;0
Kupplungssatz;479;157257;1;0,0006;0;0;0;0;0;0;0;0;0;0
Kupplungssatz;479;28223;1;0,0006;0;2;2;2;2;0;0;0;2;6
Kupplungssatz;479;120599;12;0,0075;1;1;1;1;2;0;0;0;1;1
Kupplungssatz;479;126831;1;0,0006;0;0;2;0;1;0;0;0;0;0
Kupplungssatz;479;22536;8;0,005;0;1;1;1;1;0;0;0;1;1
Kupplungssatz;479;124240;52;0,0325;2;3;1;2;5;0;0;1;1;2
Kupplungssatz;479;17739;1;0,0006;0;2;2;1;2;1;0;1;1;2
Kupplungssatz;479;16060;3;0,0019;1;4;2;1;2;1;0;1;1;2
Kupplungssatz;479;18545;7;0,0044;2;2;1;2;2;2;0;1;1;1
Kupplungssatz;479;154490;1;0,0006;0;1;0;0;0;0;0;0;0;0
Kupplungssatz;479;118965;1;0,0006;1;2;1;2;4;1;0;1;1;3
Kupplungssatz;479;133090;3;0,0019;0;2;0;1;0;0;0;1;0;0
Kupplungssatz;479;134046;4;0,0025;4;6;2;4;6;2;0;3;0;0
Kupplungssatz;479;16211;4;0,0025;1;4;1;2;5;1;0;2;2;2
Kupplungssatz;479;5792;1;0,0006;1;1;0;0;0;1;0;0;0;1
Kupplungssatz;479;5020;2;0,0012;1;1;1;1;2;1;0;1;1;1
Kupplungssatz;479;6236;1;0,0006;1;2;1;1;2;0;0;0;1;1
Kupplungssatz;479;113864;19;0,0119;0;3;0;2;4;1;0;2;1;1
Kupplungssatz;479;117718;1;0,0006;0;0;0;0;0;0;0;0;2;0
Kupplungssatz;479;120241;14;0,0087;2;3;2;3;4;0;0;2;3;4
Kupplungssatz;479;31191;3;0,0019;4;3;2;4;2;1;0;2;2;3
Kupplungssatz;479;115682;4;0,0025;2;1;0;2;2;1;0;0;1;2
Kupplungssatz;479;19998;3;0,0019;1;1;1;1;2;0;0;0;1;1
Kupplungssatz;479;55133;2;0,0012;0;2;0;1;1;0;0;1;1;0
Kupplungssatz;479;58619;13;0,0081;1;2;1;1;1;1;0;1;1;2
Kupplungssatz;479;143055;2;0,0012;1;0;8;0;8;1;0;0;0;0
Kupplungssatz;479;158589;1;0,0006;0;0;0;0;1;0;0;0;0;2
Kupplungssatz;479;11021;1;0,0006;1;2;1;1;1;0;0;0;2;1
Kupplungssatz;479;128576;1;0,0006;3;4;2;3;5;2;0;3;5;3
Kupplungssatz;479;2703;1;0,0006;1;1;1;1;1;0;0;0;1;1
Kupplungssatz;479;2964;1;0,0006;0;0;0;0;0;0;0;0;0;1
Kupplungssatz;479;118672;1;0,0006;0;0;0;0;1;1;0;0;0;0
Kupplungssatz;479;10814;16;0,01;0;4;2;3;3;0;0;0;0;3
Kupplungssatz;479;18252;4;0,0025;0;0;0;2;1;0;0;0;0;1
Kupplungssatz;479;31354;1;0,0006;0;3;1;1;4;0;0;1;1;2
Kupplungssatz;479;18828;4;0,0025;2;2;1;2;2;2;0;1;1;1
Kupplungssatz;479;32272;1;0,0006;0;5;2;3;2;0;0;0;2;5
Kupplungssatz;479;8936;1;0,0006;1;1;1;1;1;1;0;1;1;1
Kupplungssatz;479;25506;38;0,0237;0;4;2;1;4;0;0;0;0;1
Kupplungssatz;479;17493;15;0,0094;0;2;1;2;2;1;0;0;0;4
Kupplungssatz;479;18208;50;0,0312;1;3;1;1;1;0;0;3;3;2
Kupplungssatz;479;17180;214;0,1337;2;2;3;2;2;3;0;2;2;2
Kupplungssatz;479;7897;10;0,0062;1;4;7;3;7;1;0;1;4;5
Kupplungssatz;479;148163;2;0,0012;0;1;0;0;0;0;0;0;0;0
Kupplungssatz;479;31471;13;0,0081;2;4;0;4;1;3;0;0;2;1
Kupplungssatz;479;16741;5;0,0031;1;4;0;4;6;0;0;0;2;2
Kupplungssatz;479;115265;3;0,0019;0;2;0;1;1;0;0;0;0;0
Kupplungssatz;479;22493;19;0,0119;1;4;2;1;2;2;0;1;1;1
Kupplungssatz;479;128533;1;0,0006;0;0;0;0;0;0;0;0;0;0
Kupplungssatz;479;18020;3;0,0019;1;1;4;1;1;1;0;1;1;1
Kupplungssatz;479;133591;1;0,0006;0;0;0;0;1;0;0;0;0;1
Kupplungssatz;479;154560;3;0,0019;0;0;0;0;2;0;0;0;0;0
Kupplungssatz;479;111920;9;0,0056;1;2;1;2;4;1;0;1;3;3
Kupplungssatz;479;70;6;0,0037;3;4;2;3;5;0;0;2;5;3
Kupplungssatz;479;12055;41;0,0256;1;1;2;1;1;1;0;1;1;1
Kupplungssatz;479;15550;78;0,0487;2;1;1;1;3;1;0;0;1;2
Kupplungssatz;479;12062;3;0,0019;1;1;1;1;2;0;0;0;1;1
Kupplungssatz;479;16915;5;0,0031;1;1;1;1;1;1;0;1;1;0
Kupplungssatz;479;22666;1;0,0006;1;2;1;2;3;0;0;0;1;1
Kupplungssatz;479;23458;4;0,0025;7;4;2;3;6;3;0;3;5;4
Kupplungssatz;479;33051;121;0,0756;1;1;2;1;1;1;0;1;1;2
Kupplungssatz;479;17517;3;0,0019;1;1;1;1;2;1;0;0;1;1
Kupplungssatz;479;12007;19;0,0119;1;2;0;1;1;1;0;1;1;0
Kupplungssatz;479;32783;12;0,0075;1;1;1;1;3;0;0;1;1;1
Kupplungssatz;479;11605;5;0,0031;1;2;1;0;2;0;0;0;1;1
Kupplungssatz;479;18326;30;0,0187;0;3;1;1;2;1;0;1;1;2
Kupplungssatz;479;72;4;0,0025;0;3;1;2;2;0;0;0;2;2
Kupplungssatz;479;4573;2;0,0012;2;1;1;1;3;1;0;1;1;1
Kupplungssatz;479;106452;1;0,0006;0;2;0;1;0;0;0;0;0;0
Kupplungssatz;479;19167;10;0,0062;0;4;2;3;3;0;0;0;2;2
Kupplungssatz;479;19295;98;0,0612;1;2;1;1;2;3;0;1;1;2
Kupplungssatz;479;18476;3;0,0019;0;1;2;3;2;0;0;0;0;1
Kupplungssatz;479;112927;10;0,0062;3;3;2;3;3;0;0;2;3;4
Kupplungssatz;479;54521;1;0,0006;1;2;2;2;4;1;0;0;2;4
Kupplungssatz;479;19987;4;0,0025;0;2;0;0;1;0;0;0;0;2
Kupplungssatz;479;55611;6;0,0037;0;1;2;1;0;1;0;0;0;0
Kupplungssatz;479;18400;38;0,0237;2;1;1;1;1;0;0;0;1;1
Kupplungssatz;479;16919;27;0,0169;2;2;2;2;2;1;0;2;3;2
Kupplungssatz;479;20036;9;0,0056;1;1;2;1;4;1;0;1;1;2
Kupplungssatz;479;108807;6;0,0037;1;1;0;1;2;1;0;1;1;1
Kupplungssatz;479;146121;3;0,0019;0;0;0;1;1;0;0;0;0;3
Kupplungssatz;479;115156;3;0,0019;0;3;3;2;2;0;0;1;1;3
Kupplungssatz;479;16692;1;0,0006;4;4;2;2;2;0;0;0;3;2
Kupplungssatz;479;18406;6;0,0037;0;1;0;1;1;0;0;0;2;1
Kupplungssatz;479;17197;14;0,0087;0;0;0;0;4;0;0;0;0;2
Kupplungssatz;479;23358;2;0,0012;2;3;2;2;5;1;0;0;3;3
Kupplungssatz;479;49100;1;0,0006;1;0;0;0;0;0;0;0;0;0
Kupplungssatz;479;152696;1;0,0006;0;0;0;0;0;0;0;0;0;0
Kupplungssatz;479;11752;6;0,0037;3;3;3;1;4;1;0;0;3;2
Kupplungssatz;479;120719;29;0,0181;1;1;1;1;2;0;0;0;1;1
Kupplungssatz;479;128184;3;0,0019;0;2;0;2;3;0;0;0;3;5
Kupplungssatz;479;27541;35;0,0219;2;3;2;2;3;0;0;1;1;4
Kupplungssatz;479;15585;2;0,0012;1;2;1;2;3;1;0;1;1;1
Kupplungssatz;479;23047;2;0,0012;7;4;2;3;6;3;0;3;5;2
Kupplungssatz;479;100787;2;0,0012;0;1;1;1;3;0;0;0;4;2
Kupplungssatz;479;134747;2;0,0012;0;1;0;1;0;0;0;0;0;0
Kupplungssatz;479;145872;1;0,0006;0;0;2;0;1;0;0;0;0;7
Kupplungssatz;479;34961;2;0,0012;4;4;3;3;2;2;0;2;2;3
Kupplungssatz;479;155021;1;0,0006;0;0;0;0;0;0;0;0;0;0
Kupplungssatz;479;29521;1;0,0006;1;2;0;0;2;0;0;0;0;0
Kupplungssatz;479;57425;3;0,0019;0;1;1;1;3;1;0;1;0;1
Kupplungssatz;479;26324;4;0,0025;2;4;0;1;3;2;0;1;2;2
Kupplungssatz;479;8708;1;0,0006;3;2;2;1;5;0;0;0;2;2
Kupplungssatz;479;15512;1;0,0006;0;2;2;1;2;0;0;0;1;2
Kupplungssatz;479;117725;65;0,0406;1;1;0;2;2;1;0;0;1;2
Kupplungssatz;479;16975;1;0,0006;1;2;1;0;2;0;0;0;2;0
Kupplungssatz;479;1918;6;0,0037;3;3;2;6;2;3;0;1;3;2
Kupplungssatz;479;130862;36;0,0225;2;2;0;2;0;0;0;0;0;1
Kupplungssatz;479;137590;15;0,0094;1;3;1;2;4;0;0;1;2;3
Kupplungssatz;479;13408;1;0,0006;1;1;0;0;1;0;0;0;1;0
Kupplungssatz;479;20040;27;0,0169;1;1;2;1;4;1;0;1;1;2
Kupplungssatz;479;354;2;0,0012;1;1;0;0;1;0;0;0;1;1
Kupplungssatz;479;120178;1;0,0006;0;3;1;1;0;0;0;0;0;1
Kupplungssatz;479;145027;7;0,0044;0;0;0;1;3;0;0;0;0;5
Kupplungssatz;479;121487;1;0,0006;0;0;1;0;3;0;0;1;0;2
Kupplungssatz;479;16110;5;0,0031;0;2;0;2;2;0;0;0;2;3
Kupplungssatz;479;318;3;0,0019;0;2;2;1;0;0;0;0;0;2
Kupplungssatz;479;19036;1;0,0006;4;3;3;2;3;2;0;3;4;3
Kupplungssatz;479;10030;3;0,0019;1;1;2;1;0;0;0;0;0;1
Kupplungssatz;479;18007;1;0,0006;0;0;0;0;2;0;0;0;0;2
Kupplungssatz;479;16996;3;0,0019;0;1;0;1;1;0;0;0;1;1
Kupplungssatz;479;129197;1;0,0006;2;2;0;2;1;0;0;1;0;2
Kupplungssatz;479;33621;1;0,0006;2;2;1;2;3;1;0;0;1;3
Kupplungssatz;479;31018;1;0,0006;1;1;0;1;2;0;0;0;1;1
Kupplungssatz;479;113665;4;0,0025;1;1;1;1;5;1;0;1;1;1
Kupplungssatz;479;20100;19;0,0119;3;2;3;2;2;1;0;2;2;4
Kupplungssatz;479;20226;1;0,0006;1;1;0;0;0;0;0;0;0;1
Kupplungssatz;479;17319;124;0,0774;1;1;2;1;2;2;0;1;1;1
Kupplungssatz;479;17117;13;0,0081;1;2;1;1;2;1;0;1;1;2
Kupplungssatz;479;10625;2;0,0012;7;6;7;5;13;2;0;3;8;6
Kupplungssatz;479;12643;17;0,0106;1;1;1;1;1;1;0;1;0;1
Kupplungssatz;479;22497;34;0,0212;2;5;2;2;5;2;0;2;3;2
Kupplungssatz;479;50758;9;0,0056;1;2;0;1;1;0;0;0;0;1
Kupplungssatz;479;19306;1;0,0006;0;0;0;0;0;1;0;0;0;0
Kupplungssatz;479;6117;3;0,0019;0;1;2;1;1;3;0;1;1;0
Kupplungssatz;479;15565;1;0,0006;1;1;1;1;1;2;0;1;1;1
Kupplungssatz;479;741;2;0,0012;0;1;0;1;0;0;0;0;1;0
Kupplungssatz;479;114856;2;0,0012;2;3;1;2;4;0;0;1;2;5
Kupplungssatz;479;140388;5;0,0031;0;0;0;1;2;0;0;0;0;2
Kupplungssatz;479;18296;23;0,0144;4;8;7;4;11;0;0;2;4;9
Kupplungssatz;479;10439;5;0,0031;0;1;0;1;2;0;0;0;2;0
Kupplungssatz;479;33856;5;0,0031;1;1;0;1;1;1;0;1;1;1
Kupplungssatz;479;144927;1;0,0006;0;1;0;1;2;0;0;0;0;3
Kupplungssatz;479;23295;13;0,0081;1;2;1;1;2;0;0;1;1;2
Kupplungssatz;479;100060;10;0,0062;0;5;1;4;0;0;0;0;0;4
Kupplungssatz;479;1388;1;0,0006;0;0;0;0;0;0;0;0;1;1
Kupplungssatz;479;55126;24;0,015;2;2;1;1;2;0;0;1;1;2
Kupplungssatz;479;18971;15;0,0094;1;2;1;2;2;1;0;1;1;1
Kupplungssatz;479;3409;3;0,0019;1;1;1;1;1;2;0;1;1;1
Kupplungssatz;479;14606;4;0,0025;1;1;2;1;0;1;0;1;0;2
Kupplungssatz;479;3932;7;0,0044;0;2;0;1;2;0;0;0;1;2
Kupplungssatz;479;13180;32;0,02;1;2;1;1;2;1;0;1;1;0
Kupplungssatz;479;31141;7;0,0044;2;1;1;1;3;0;0;1;1;1
Kupplungssatz;479;20919;8;0,005;1;2;3;1;2;1;0;1;1;0
Kupplungssatz;479;5347;3;0,0019;1;1;0;1;3;1;0;1;1;1
Kupplungssatz;479;2137;7;0,0044;1;1;0;0;0;0;0;0;1;1
Kupplungssatz;479;15752;2;0,0012;2;0;2;1;3;2;0;0;0;0
Kupplungssatz;479;138539;5;0,0031;2;2;4;0;3;1;0;0;2;4
Kupplungssatz;479;131239;1;0,0006;0;3;0;3;0;0;0;0;2;2
Kupplungssatz;479;29959;1;0,0006;2;2;2;1;3;1;0;2;2;3
Kupplungssatz;479;27416;1;0,0006;0;0;0;1;0;0;0;0;0;1
Kupplungssatz;479;15472;29;0,0181;2;2;2;1;6;2;0;1;2;2
Kupplungssatz;479;32265;148;0,0924;3;7;2;5;5;0;0;1;2;7
Kupplungssatz;479;32085;18;0,0112;2;2;2;2;5;0;0;1;2;2
Kupplungssatz;479;58758;6;0,0037;0;3;1;2;2;0;0;1;1;3
Kupplungssatz;479;123018;2;0,0012;0;0;0;0;0;0;0;0;0;0
Kupplungssatz;479;33389;36;0,0225;1;2;3;2;3;0;0;1;1;3
Kupplungssatz;479;15432;1;0,0006;1;1;1;1;3;1;0;1;1;1
Kupplungssatz;479;127058;3;0,0019;0;2;0;1;0;0;0;1;0;1
Kupplungssatz;479;112367;11;0,0069;2;2;2;3;1;0;0;0;3;3
Kupplungssatz;479;126188;1;0,0006;1;2;1;1;2;0;0;0;2;2
Kupplungssatz;479;6051;11;0,0069;2;2;2;3;2;0;0;0;2;2
Kupplungssatz;479;31075;8;0,005;3;1;1;1;1;2;0;1;1;1
Kupplungssatz;479;15766;3;0,0019;0;1;0;1;2;0;0;0;1;2
Kupplungssatz;479;9326;4;0,0025;1;1;1;0;1;3;0;0;1;1
Kupplungssatz;479;10166;16;0,01;1;2;3;2;3;1;0;2;3;3
Kupplungssatz;479;108149;1;0,0006;3;2;2;2;4;0;0;0;3;4
Kupplungssatz;479;32277;14;0,0087;0;5;2;3;2;0;0;0;2;5
Kupplungssatz;479;15273;1;0,0006;0;2;0;2;1;0;0;0;2;2
Kupplungssatz;479;132590;2;0,0012;2;0;0;1;3;0;0;0;0;1
Kupplungssatz;479;56077;1;0,0006;0;1;0;0;0;0;0;0;0;0
Kupplungssatz;479;108763;1;0,0006;1;2;0;2;1;0;0;0;2;2
Kupplungssatz;479;140415;1;0,0006;0;0;0;0;0;0;0;0;0;0
Kupplungssatz;479;126647;11;0,0069;0;1;0;1;0;0;0;0;0;1
Kupplungssatz;479;117087;1;0,0006;0;3;0;3;0;0;0;0;0;2
Kupplungssatz;479;125703;3;0,0019;0;2;1;2;4;0;0;0;4;2
Kupplungssatz;479;57291;1;0,0006;0;2;0;2;3;0;0;0;0;2
Kupplungssatz;479;111749;28;0,0175;3;2;0;3;4;0;0;2;2;3
Kupplungssatz;479;269;2;0,0012;3;7;2;5;5;0;0;3;3;9
Kupplungssatz;479;119690;1;0,0006;0;3;2;1;1;0;0;0;0;1
Kupplungssatz;479;113455;1;0,0006;0;1;0;1;0;0;0;0;0;2
Kupplungssatz;479;58542;3;0,0019;1;1;0;1;0;0;0;1;0;1
Kupplungssatz;479;143264;5;0,0031;0;1;1;1;0;0;0;0;0;2
Kupplungssatz;479;23073;2;0,0012;1;2;3;2;2;1;0;2;3;4
Kupplungssatz;479;106229;3;0,0019;0;2;1;2;1;0;0;1;0;2
Kupplungssatz;479;23681;2;0,0012;0;0;0;0;1;0;0;0;0;0
Kupplungssatz;479;34994;2;0,0012;1;1;2;1;1;1;0;1;1;2
Kupplungssatz;479;16026;3;0,0019;1;1;1;1;1;1;0;1;1;1
Kupplungssatz;479;113243;3;0,0019;2;0;1;0;1;1;0;1;0;0
Kupplungssatz;479;136916;5;0,0031;0;1;1;0;5;2;0;1;0;1
Kupplungssatz;479;18107;1;0,0006;3;4;4;2;8;2;0;1;5;3
Kupplungssatz;479;31974;1;0,0006;9;12;9;11;11;1;0;5;16;9
Kupplungssatz;479;7310;1;0,0006;0;1;2;1;1;1;0;1;1;1
Kupplungssatz;479;18781;9;0,0056;4;6;3;5;7;2;0;3;6;6
Kupplungssatz;479;18346;1;0,0006;1;0;0;0;1;2;0;0;1;0
Kupplungssatz;479;20678;1;0,0006;0;0;1;0;0;0;0;0;0;1
Kupplungssatz;479;110048;3;0,0019;1;2;2;1;2;0;0;1;1;0
Kupplungssatz;479;137627;1;0,0006;1;1;0;2;4;0;0;0;0;3
Kupplungssatz;479;15530;1;0,0006;1;4;1;2;5;1;0;2;2;2
Kupplungssatz;479;134375;1;0,0006;1;2;2;1;1;0;0;1;0;1
Kupplungssatz;479;128133;1;0,0006;1;1;1;1;4;1;0;1;1;1
Kupplungssatz;479;8978;22;0,0137;0;0;0;0;2;1;0;0;0;2
Kupplungssatz;479;16375;7;0,0044;1;1;1;1;1;1;0;0;1;0
Kupplungssatz;479;1299;2;0,0012;0;1;0;0;1;0;0;0;0;0
Kupplungssatz;479;23377;4;0,0025;2;7;3;2;6;1;0;1;4;5
Kupplungssatz;479;15911;3;0,0019;1;2;2;0;7;1;0;1;2;2
Kupplungssatz;479;100851;1;0,0006;0;1;1;1;1;0;0;1;1;1
Kupplungssatz;479;10937;16;0,01;4;3;3;3;5;3;0;3;5;4
Kupplungssatz;479;23168;5;0,0031;1;1;1;1;1;0;0;0;1;1
Kupplungssatz;479;17511;17;0,0106;4;7;7;3;12;0;0;3;7;7
Kupplungssatz;479;17627;234;0,1462;2;1;0;1;4;2;0;1;1;1
Kupplungssatz;479;33042;37;0,0231;7;4;3;3;6;3;0;3;5;4
Kupplungssatz;479;15669;6;0,0037;0;0;0;0;2;1;0;0;0;2
Kupplungssatz;479;3905;1;0,0006;1;1;1;1;1;0;0;0;1;1
Kupplungssatz;479;243;3;0,0019;3;2;1;1;2;0;0;0;1;1
Kupplungssatz;479;34921;21;0,0131;1;1;2;1;1;1;0;1;1;2
Kupplungssatz;479;19808;23;0,0144;3;2;2;1;2;0;0;2;2;2
Kupplungssatz;479;29988;13;0,0081;3;3;3;3;1;1;0;1;3;4
Kupplungssatz;479;8441;1;0,0006;2;1;1;1;3;1;0;0;0;1
Kupplungssatz;479;17330;87;0,0543;1;2;1;1;4;1;0;1;2;1
Kupplungssatz;479;28179;11;0,0069;2;3;0;2;3;2;0;1;2;3
Kupplungssatz;479;115277;1;0,0006;1;2;2;1;2;0;0;1;1;2
Kupplungssatz;479;18831;2;0,0012;1;1;0;1;1;1;0;1;1;1
Kupplungssatz;479;23264;7;0,0044;0;2;1;2;1;0;0;0;0;1
Kupplungssatz;479;33773;36;0,0225;1;2;1;1;0;0;0;0;2;2
Kupplungssatz;479;22466;6;0,0037;6;4;2;4;1;5;0;1;2;4
Kupplungssatz;479;5717;3;0,0019;0;4;6;3;5;1;0;1;3;4
Kupplungssatz;479;33854;6;0,0037;1;3;2;3;3;1;0;1;1;3
Kupplungssatz;479;15094;3;0,0019;2;5;2;3;4;2;0;0;4;3
Kupplungssatz;479;22697;10;0,0062;2;3;2;3;2;2;0;2;0;1
Kupplungssatz;479;31722;12;0,0075;2;2;2;2;3;1;0;2;2;3
Kupplungssatz;479;18531;3;0,0019;0;0;1;0;1;3;0;0;1;1
Kupplungssatz;479;123227;13;0,0081;2;2;3;1;4;0;0;1;1;3
Kupplungssatz;479;130834;14;0,0087;0;2;0;1;2;0;0;0;2;2
Kupplungssatz;479;107442;10;0,0062;0;3;1;1;1;0;0;0;0;2
Kupplungssatz;479;19747;6;0,0037;1;1;0;1;6;1;0;0;1;2
Kupplungssatz;479;115171;3;0,0019;0;2;0;1;3;0;0;1;0;2
Kupplungssatz;479;4233;1;0,0006;0;2;1;1;0;1;0;1;1;1
Kupplungssatz;479;18932;22;0,0137;2;2;1;1;4;2;0;0;2;3
Kupplungssatz;479;33216;1;0,0006;1;1;1;1;0;0;0;1;1;0
Kupplungssatz;479;8855;3;0,0019;0;2;1;0;2;0;0;0;1;1
Kupplungssatz;479;23547;1;0,0006;1;0;1;0;1;0;0;0;0;0
Kupplungssatz;479;137563;1;0,0006;2;1;0;0;5;0;0;0;0;1
Kupplungssatz;479;15621;1;0,0006;0;1;0;0;2;0;0;0;0;1
Kupplungssatz;479;130542;1;0,0006;2;3;0;2;5;1;0;2;0;2
Kupplungssatz;479;7985;1;0,0006;0;0;0;0;0;0;0;0;0;0
Kupplungssatz;479;139173;2;0,0012;2;3;1;2;6;1;0;2;0;2
Kupplungssatz;479;18919;17;0,0106;2;3;4;5;8;1;0;1;7;5
Kupplungssatz;479;9339;31;0,0194;0;0;0;0;2;1;0;0;0;2
Kupplungssatz;479;19517;19;0,0119;2;2;2;2;2;2;0;2;2;4
Kupplungssatz;479;18799;2;0,0012;1;2;2;1;3;0;0;1;2;1
Kupplungssatz;479;107028;1;0,0006;1;0;0;0;2;0;0;0;0;0
Kupplungssatz;479;34057;1;0,0006;1;1;1;1;1;1;0;0;1;2
Kupplungssatz;479;55594;1;0,0006;0;3;2;3;4;0;0;2;0;3
Kupplungssatz;479;15944;30;0,0187;1;2;1;2;3;2;0;1;2;2
Kupplungssatz;479;113340;2;0,0012;0;3;0;1;0;0;0;0;0;1
Kupplungssatz;479;34488;2;0,0012;2;3;0;1;3;0;0;0;1;2
Kupplungssatz;479;5348;1;0,0006;1;1;1;1;3;0;0;0;1;1
Kupplungssatz;479;14842;2;0,0012;5;6;3;7;9;0;0;0;8;6
Kupplungssatz;479;15601;1;0,0006;1;1;1;1;5;1;0;0;1;2
Kupplungssatz;479;24547;8;0,005;1;1;0;1;0;0;0;1;1;1
Kupplungssatz;479;128279;5;0,0031;1;0;1;1;0;0;0;0;0;0
Kupplungssatz;479;16740;65;0,0406;1;1;1;1;1;1;0;0;1;1
Kupplungssatz;479;28835;1;0,0006;2;2;2;1;1;1;0;2;0;3
Kupplungssatz;479;132997;3;0,0019;0;0;0;0;2;1;0;0;1;1
Kupplungssatz;479;34680;2;0,0012;2;0;0;1;3;0;0;0;0;0
Kupplungssatz;479;138716;1;0,0006;0;0;0;0;0;0;0;0;0;0
Kupplungssatz;479;145580;1;0,0006;0;2;0;2;0;0;0;0;0;0
Kupplungssatz;479;2456;2;0,0012;0;0;0;0;1;0;0;0;0;1
Kupplungssatz;479;5801;2;0,0012;3;3;2;1;3;2;0;2;3;3
Kupplungssatz;479;18298;2;0,0012;2;2;1;2;3;0;0;0;2;2
Kupplungssatz;479;18901;5;0,0031;2;2;2;1;5;0;0;0;3;2
Kupplungssatz;479;8046;3;0,0019;1;3;1;2;3;1;0;0;3;2
Kupplungssatz;479;136546;1;0,0006;1;2;1;2;2;0;0;0;2;1
Kupplungssatz;479;128519;1;0,0006;1;1;0;1;1;0;0;0;1;1
Kupplungssatz;479;22;1;0,0006;0;0;0;0;0;0;0;0;0;2
Kupplungssatz;479;157674;1;0,0006;0;0;0;0;0;0;0;0;0;0
Kupplungssatz;479;135652;1;0,0006;2;2;0;2;0;0;0;3;2;0
Kupplungssatz;479;17318;23;0,0144;5;5;4;3;2;2;0;4;4;5
Kupplungssatz;479;133732;7;0,0044;0;3;2;2;4;0;0;0;1;4
Kupplungssatz;479;119280;6;0,0037;0;0;1;2;0;0;0;0;0;0
Kupplungssatz;479;8484;3;0,0019;0;2;1;1;1;0;0;0;1;1
Kupplungssatz;479;16463;1;0,0006;0;0;0;0;2;0;0;0;0;1
Kupplungssatz;479;19477;1;0,0006;0;1;1;1;1;0;0;0;1;1
Kupplungssatz;479;33851;5;0,0031;2;5;4;2;4;0;0;1;4;4
Kupplungssatz;479;108806;119;0,0743;1;1;1;1;2;1;0;2;1;1
Kupplungssatz;479;14391;15;0,0094;1;0;0;1;1;2;0;0;0;0
Kupplungssatz;479;10286;4;0,0025;1;1;1;0;1;1;0;0;0;1
Kupplungssatz;479;117382;4;0,0025;0;2;0;2;1;0;0;1;0;1
Kupplungssatz;479;7625;21;0,0131;3;3;3;2;4;0;0;1;3;3
Kupplungssatz;479;137736;10;0,0062;0;1;0;0;0;0;0;0;0;1
Kupplungssatz;479;137587;6;0,0037;0;1;0;1;2;0;0;0;0;2
Kupplungssatz;479;57649;2;0,0012;0;1;1;0;0;0;0;1;0;0
Kupplungssatz;479;26615;32;0,02;8;8;6;4;12;2;0;1;11;9
Kupplungssatz;479;1671;1;0,0006;0;1;1;1;1;0;0;0;1;1
Kupplungssatz;479;137946;15;0,0094;0;1;1;2;5;0;0;2;1;1
Kupplungssatz;479;29971;9;0,0056;1;3;9;3;7;0;0;1;3;2
Kupplungssatz;479;16464;1;0,0006;0;2;3;1;3;0;0;0;2;2
Kupplungssatz;479;30007;26;0,0162;2;2;0;2;2;0;0;0;0;3
Kupplungssatz;479;110028;1;0,0006;1;1;2;1;2;0;0;1;2;1
Kupplungssatz;479;17657;14;0,0087;1;1;1;1;1;1;0;0;1;1
Kupplungssatz;479;30973;175;0,1093;1;2;2;1;2;1;0;2;2;2
Kupplungssatz;479;5536;5;0,0031;1;1;1;1;1;1;0;0;1;1
Kupplungssatz;479;25113;4;0,0025;1;0;1;0;3;0;0;0;0;0
Kupplungssatz;479;11085;1;0,0006;0;1;1;1;0;0;0;0;1;1
Kupplungssatz;479;33320;11;0,0069;3;5;7;3;6;2;0;2;4;3
Kupplungssatz;479;17166;3;0,0019;0;2;0;0;2;0;0;0;2;3
Kupplungssatz;479;4074;8;0,005;1;1;1;1;2;1;0;0;1;1
Kupplungssatz;479;113171;6;0,0037;2;2;1;2;1;0;0;1;0;2
Kupplungssatz;479;25452;13;0,0081;2;2;1;5;4;2;0;1;2;0
Kupplungssatz;479;26661;31;0,0194;1;1;1;1;0;1;0;0;1;2
Kupplungssatz;479;16569;1;0,0006;3;8;0;4;9;0;0;0;4;0
Kupplungssatz;479;17940;5;0,0031;9;11;7;12;12;0;0;2;12;12
Kupplungssatz;479;28198;30;0,0187;1;2;1;1;1;0;0;0;1;1
Kupplungssatz;479;17700;8;0,005;1;1;1;1;0;1;0;1;1;1
Kupplungssatz;479;59799;6;0,0037;0;1;0;1;0;0;0;0;0;2
Kupplungssatz;479;56863;2;0,0012;1;4;1;1;2;1;0;1;4;1
Kupplungssatz;479;56586;1;0,0006;0;1;0;1;0;0;0;0;0;1
Kupplungssatz;479;18188;12;0,0075;0;3;2;3;4;0;0;0;2;5
Kupplungssatz;479;8047;1;0,0006;1;3;1;2;4;1;0;0;3;2
Kupplungssatz;479;28172;3;0,0019;5;5;4;4;11;2;0;0;6;7
Kupplungssatz;479;3393;8;0,005;1;2;0;1;1;1;0;1;1;0
Kupplungssatz;479;129170;11;0,0069;1;7;2;5;4;0;0;2;0;3
Kupplungssatz;479;15061;1;0,0006;0;4;0;0;6;0;0;0;3;3
Kupplungssatz;479;3453;14;0,0087;1;1;0;1;1;1;0;0;1;0
Kupplungssatz;479;32090;17;0,0106;2;5;4;2;6;0;0;1;4;5
Kupplungssatz;479;55488;17;0,0106;0;1;1;1;2;0;0;1;1;1
Kupplungssatz;479;55537;6;0,0037;2;2;2;2;3;1;0;2;2;2
Kupplungssatz;479;19749;22;0,0137;6;6;6;3;11;3;0;2;9;8
Kupplungssatz;479;34249;2;0,0012;1;1;1;1;2;0;0;0;1;3
Kupplungssatz;479;142773;1;0,0006;1;2;1;0;2;1;0;1;2;1
Kupplungssatz;479;10207;21;0,0131;3;5;4;3;7;2;0;0;2;7
Kupplungssatz;479;6118;5;0,0031;0;1;2;1;2;4;0;1;1;0
Kupplungssatz;479;59610;3;0,0019;4;3;7;3;10;0;0;3;3;6
Kupplungssatz;479;138646;1;0,0006;0;1;0;0;1;0;0;0;0;0
Kupplungssatz;479;33853;8;0,005;1;3;2;3;3;1;0;1;1;3
Kupplungssatz;479;4632;2;0,0012;3;3;1;2;1;0;0;0;1;2
Kupplungssatz;479;57293;4;0,0025;0;1;0;1;0;0;0;0;1;2
Kupplungssatz;479;129817;2;0,0012;0;0;0;0;0;0;0;0;0;0
Kupplungssatz;479;58970;54;0,0337;2;2;2;4;2;0;0;2;2;2
Kupplungssatz;479;17794;2;0,0012;0;1;0;1;1;0;0;0;1;1
Kupplungssatz;479;124051;7;0,0044;1;3;1;1;7;0;0;1;1;2
Kupplungssatz;479;15847;8;0,005;0;1;1;2;0;1;0;0;0;0
Kupplungssatz;479;33125;2;0,0012;1;2;2;0;3;0;0;0;2;1
Kupplungssatz;479;117771;1;0,0006;0;0;0;2;0;1;0;0;0;2
Kupplungssatz;479;16807;1;0,0006;3;3;2;1;1;1;0;0;3;3
Kupplungssatz;479;136868;4;0,0025;0;0;0;1;2;0;0;0;0;2
Kupplungssatz;479;3411;2;0,0012;1;1;1;1;0;3;0;1;0;1
Kupplungssatz;479;10592;1;0,0006;0;1;1;1;1;0;0;0;1;1
Kupplungssatz;479;18926;2;0,0012;0;4;0;0;2;0;0;0;0;1
Kupplungssatz;479;29574;5;0,0031;0;1;0;0;0;0;0;0;0;0
Kupplungssatz;479;750;1;0,0006;0;2;0;0;0;0;0;0;2;0
Kupplungssatz;479;135643;3;0,0019;0;1;0;1;0;0;0;0;0;0
Kupplungssatz;479;106388;2;0,0012;1;1;0;1;3;0;0;0;1;1
Kupplungssatz;479;22699;2;0,0012;2;2;1;1;1;2;0;1;1;0
Kupplungssatz;479;33387;7;0,0044;0;2;1;2;3;0;0;1;1;3
Kupplungssatz;479;111076;7;0,0044;0;1;0;1;2;0;0;0;0;1
Kupplungssatz;479;128940;19;0,0119;0;5;0;4;3;0;0;0;1;4
Kupplungssatz;479;24606;1;0,0006;0;0;0;1;0;0;0;0;0;0
Kupplungssatz;479;5640;33;0,0206;1;1;0;1;0;0;0;1;0;1
Kupplungssatz;479;3800;1;0,0006;0;1;0;1;1;2;0;0;1;1
Kupplungssatz;479;8247;2;0,0012;1;1;1;1;3;0;0;0;1;1
Kupplungssatz;479;117776;3;0,0019;0;0;0;2;0;1;0;0;0;2
Kupplungssatz;479;126583;1;0,0006;2;2;0;2;1;0;0;1;0;2
Kupplungssatz;479;22690;4;0,0025;2;3;3;1;5;0;0;1;4;3
Kupplungssatz;479;19450;2;0,0012;0;2;2;3;3;0;0;0;0;2
Kupplungssatz;479;1518;2;0,0012;0;1;0;1;0;0;0;0;1;0
Kupplungssatz;479;16980;2;0,0012;3;6;6;5;7;1;0;3;5;7
Kupplungssatz;479;33414;1;0,0006;0;0;0;0;0;0;0;0;0;0
Kupplungssatz;479;127065;77;0,0481;0;1;0;1;1;1;0;0;1;1
Kupplungssatz;479;19351;19;0,0119;2;4;2;2;2;1;0;1;4;4
Kupplungssatz;479;30836;41;0,0256;2;4;2;2;2;0;0;1;2;2
Kupplungssatz;479;16270;46;0,0287;1;2;1;1;3;1;0;1;2;2
Kupplungssatz;479;12245;21;0,0131;1;1;2;1;2;1;0;1;1;0
Kupplungssatz;479;22459;3;0,0019;0;2;0;2;3;0;0;0;0;1
Kupplungssatz;479;17149;2;0,0012;0;1;0;1;0;0;0;0;1;1
Kupplungssatz;479;18039;34;0,0212;3;3;1;1;1;1;0;1;1;1
Kupplungssatz;479;16920;7;0,0044;4;3;3;2;4;2;0;3;4;3
Kupplungssatz;479;20117;27;0,0169;0;1;0;1;1;0;0;0;0;1
Kupplungssatz;479;19464;3;0,0019;6;6;5;6;7;0;0;0;7;6
Kupplungssatz;479;870;1;0,0006;0;3;3;0;1;0;0;0;1;2
Kupplungssatz;479;29964;2;0,0012;0;3;0;3;4;0;0;1;0;1
Kupplungssatz;479;11491;13;0,0081;1;1;1;1;3;2;0;1;1;1
Kupplungssatz;479;4535;3;0,0019;1;2;1;1;2;1;0;1;1;2
Kupplungssatz;479;28235;273;0,1705;2;2;2;2;6;1;0;2;2;2
Kupplungssatz;479;1904;17;0,0106;0;1;1;1;1;0;0;0;1;1
Kupplungssatz;479;14922;15;0,0094;0;5;1;3;6;0;0;0;4;4
Kupplungssatz;479;26003;111;0,0693;1;3;1;1;3;1;0;1;1;2
Kupplungssatz;479;136878;5;0,0031;0;1;0;0;0;0;0;0;0;2
Kupplungssatz;479;1801;4;0,0025;0;2;0;1;1;0;0;0;1;2
Kupplungssatz;479;5335;38;0,0237;2;2;1;1;2;0;0;1;2;2
Kupplungssatz;479;59073;3;0,0019;1;1;1;1;0;0;0;0;3;3
Kupplungssatz;479;109279;4;0,0025;1;2;1;2;2;0;0;0;2;2
Kupplungssatz;479;853;31;0,0194;2;2;2;2;5;0;0;1;2;2
Kupplungssatz;479;20062;2;0,0012;3;2;2;2;3;1;0;0;3;3
Kupplungssatz;479;19644;2;0,0012;3;5;2;3;4;0;0;0;2;6
Kupplungssatz;479;106255;3;0,0019;2;2;1;0;3;0;0;1;1;3
Kupplungssatz;479;8696;7;0,0044;0;1;0;0;1;0;0;0;0;1
Kupplungssatz;479;100584;208;0,1299;1;1;1;1;1;0;0;1;1;1
Kupplungssatz;479;3739;1;0,0006;1;1;1;1;2;0;0;0;1;1
Kupplungssatz;479;19875;16;0,01;3;3;2;2;4;0;0;0;1;3
Kupplungssatz;479;58948;39;0,0244;3;4;3;4;9;0;0;3;5;6
Kupplungssatz;479;19245;11;0,0069;4;2;1;2;1;5;0;1;2;3
Kupplungssatz;479;3046;1;0,0006;1;2;0;1;1;1;0;0;1;2
Kupplungssatz;479;15481;14;0,0087;1;1;1;2;1;2;0;0;1;1
Kupplungssatz;479;26760;16;0,01;0;2;1;1;5;0;0;2;2;3
Kupplungssatz;479;139824;1;0,0006;0;6;0;2;1;0;0;1;2;3
Kupplungssatz;479;8642;1;0,0006;0;0;0;1;0;0;0;0;0;0
Kupplungssatz;479;4079;3;0,0019;0;2;2;2;1;0;0;0;1;2
Kupplungssatz;479;145220;6;0,0037;0;2;2;2;4;0;0;0;0;2
Kupplungssatz;479;133135;1;0,0006;1;0;2;0;1;0;0;0;0;2
Kupplungssatz;479;128113;10;0,0062;0;1;0;1;4;0;0;0;0;2
Kupplungssatz;479;31359;1;0,0006;3;6;3;5;8;1;0;3;4;4
Kupplungssatz;479;15591;10;0,0062;0;1;1;1;1;1;0;1;1;1
Kupplungssatz;479;19053;6;0,0037;7;4;2;3;6;3;0;3;5;4
Kupplungssatz;479;124173;5;0,0031;3;5;0;0;7;1;0;1;2;0
Kupplungssatz;479;34098;1;0,0006;1;1;1;1;1;1;0;0;1;4
Kupplungssatz;479;126950;1;0,0006;0;0;0;0;1;1;0;0;0;1
Kupplungssatz;479;16666;1;0,0006;1;2;1;0;7;1;0;1;2;2
Kupplungssatz;479;10463;4;0,0025;1;4;1;1;1;0;0;0;2;1
Kupplungssatz;479;4307;3;0,0019;1;0;1;0;2;4;0;0;0;2
Kupplungssatz;479;5315;1;0,0006;0;3;1;1;2;0;0;0;1;1
Kupplungssatz;479;22061;3;0,0019;0;1;2;1;0;0;0;1;1;0
Kupplungssatz;479;18793;2;0,0012;0;1;1;2;1;1;0;0;1;1
Kupplungssatz;479;12536;1;0,0006;1;1;0;0;1;0;0;0;1;1
Kupplungssatz;479;10692;1;0,0006;0;1;1;1;1;0;0;0;1;1
Kupplungssatz;479;4742;4;0,0025;1;1;0;1;3;1;0;0;1;1
Kupplungssatz;479;16829;1;0,0006;0;3;1;2;3;0;0;0;3;2
Kupplungssatz;479;23655;1;0,0006;1;0;0;0;2;0;0;0;0;0
Kupplungssatz;479;34905;6;0,0037;2;3;3;3;3;0;0;2;5;6
Kupplungssatz;479;57321;2;0,0012;0;3;1;3;3;0;0;0;0;2
Kupplungssatz;479;122394;1;0,0006;1;2;1;1;0;0;0;1;2;0
Kupplungssatz;479;141267;22;0,0137;0;2;0;2;0;0;0;0;0;2
Kupplungssatz;479;11420;3;0,0019;4;2;0;0;4;0;0;0;3;1
Kupplungssatz;479;18687;1;0,0006;2;2;0;2;3;0;0;0;2;2
Kupplungssatz;479;17795;1;0,0006;0;1;1;1;1;1;0;1;1;0
Kupplungssatz;479;16457;29;0,0181;2;3;3;1;6;4;0;1;2;2
Kupplungssatz;479;4185;10;0,0062;1;1;1;1;2;2;0;0;1;1
Kupplungssatz;479;22500;12;0,0075;1;3;1;1;3;1;0;1;0;2
Kupplungssatz;479;15952;20;0,0125;3;3;2;3;0;4;0;2;3;3
Kupplungssatz;479;56142;73;0,0456;0;1;0;1;1;0;0;0;1;1
Kupplungssatz;479;113349;2;0,0012;1;1;1;1;1;0;0;1;1;1
Kupplungssatz;479;20010;38;0,0237;4;4;4;4;6;0;0;1;4;6
Kupplungssatz;479;19887;69;0,0431;4;4;2;3;5;3;0;2;5;4
Kupplungssatz;479;15503;16;0,01;0;1;1;1;1;0;0;0;1;2
Kupplungssatz;479;19842;6;0,0037;0;1;2;1;2;0;0;0;1;1
Kupplungssatz;479;34174;3;0,0019;0;2;0;1;1;0;0;0;1;1
Kupplungssatz;479;1646;9;0,0056;1;2;1;1;3;0;0;0;1;1
Kupplungssatz;479;58981;19;0,0119;2;2;0;2;3;1;0;0;2;1
Kupplungssatz;479;26808;35;0,0219;1;2;1;1;3;2;0;2;1;2
Kupplungssatz;479;144808;3;0,0019;0;2;0;2;7;0;0;0;0;3
Kupplungssatz;479;16177;16;0,01;1;1;0;0;1;1;0;1;1;0
Kupplungssatz;479;10939;10;0,0062;1;1;0;0;1;1;0;1;1;0
Kupplungssatz;479;30397;6;0,0037;4;9;3;3;9;0;0;0;6;6
Kupplungssatz;479;16316;1;0,0006;1;0;0;2;0;1;0;0;0;1
Kupplungssatz;479;10699;2;0,0012;1;1;2;0;5;0;0;0;1;2
Kupplungssatz;479;125839;28;0,0175;1;1;1;1;1;1;0;2;1;1
Kupplungssatz;479;120813;18;0,0112;1;1;1;2;4;0;0;2;1;1
Kupplungssatz;479;18791;23;0,0144;7;4;1;3;6;3;0;3;5;4
Kupplungssatz;479;32010;2;0,0012;3;2;2;1;4;0;0;1;0;3
Kupplungssatz;479;58537;29;0,0181;3;3;2;3;5;0;0;2;1;3
Kupplungssatz;479;5567;3;0,0019;1;2;2;1;3;2;0;0;1;2
Kupplungssatz;479;7221;17;0,0106;2;2;3;2;4;1;0;3;2;1
Kupplungssatz;479;107474;10;0,0062;0;1;0;1;1;0;0;0;0;1
Kupplungssatz;479;16299;6;0,0037;2;3;4;2;2;0;0;0;2;2
Kupplungssatz;479;17611;12;0,0075;6;4;3;2;3;1;0;0;3;3
Kupplungssatz;479;115678;10;0,0062;2;1;0;2;2;1;0;0;1;2
Kupplungssatz;479;13931;29;0,0181;3;4;1;4;4;3;0;3;3;3
Kupplungssatz;479;30334;1;0,0006;2;1;1;1;2;0;0;1;1;0
Kupplungssatz;479;131257;20;0,0125;0;3;1;4;0;0;0;0;2;4
Kupplungssatz;479;105893;30;0,0187;0;1;0;1;7;0;0;0;0;1
Kupplungssatz;479;15499;2;0,0012;0;1;1;1;2;1;0;0;1;1
Kupplungssatz;479;142445;18;0,0112;0;3;0;3;1;0;0;0;0;4
Kupplungssatz;479;139354;7;0,0044;0;2;0;2;0;0;0;1;6;6
Kupplungssatz;479;118648;19;0,0119;4;11;5;7;6;0;0;0;5;4
Kupplungssatz;479;20043;22;0,0137;8;5;3;5;4;1;0;1;5;5
Kupplungssatz;479;22544;8;0,005;0;6;1;0;5;0;0;0;4;3
Kupplungssatz;479;57267;5;0,0031;4;3;0;4;1;1;0;1;0;3
Kupplungssatz;479;132156;9;0,0056;2;2;1;0;4;1;0;0;2;2
Kupplungssatz;479;19771;15;0,0094;6;6;5;3;6;1;0;0;5;6
Kupplungssatz;479;137938;6;0,0037;0;1;1;2;3;0;0;1;1;1
Kupplungssatz;479;34586;1;0,0006;2;4;2;0;1;1;0;0;0;1
Kupplungssatz;479;19778;4;0,0025;1;2;0;0;5;0;0;0;0;2
Kupplungssatz;479;116196;2;0,0012;1;1;0;4;1;0;0;0;1;0
Kupplungssatz;479;100572;47;0,0294;2;3;1;1;5;0;0;1;1;2
Kupplungssatz;479;18251;6;0,0037;1;2;1;1;5;1;0;0;1;1
Kupplungssatz;479;18193;12;0,0075;3;3;3;3;4;0;0;0;3;3
Kupplungssatz;479;17371;133;0,0831;3;4;3;3;5;0;0;0;3;3
Kupplungssatz;479;19106;3;0,0019;0;1;0;1;2;0;0;0;1;1
Kupplungssatz;479;130543;2;0,0012;2;3;0;2;5;1;0;2;0;2
Kupplungssatz;479;57472;4;0,0025;0;1;1;1;2;0;0;1;1;1
Kupplungssatz;479;31346;1;0,0006;0;3;1;1;4;0;0;1;1;2
Kupplungssatz;479;120210;7;0,0044;5;7;1;6;6;0;0;1;3;3
Kupplungssatz;479;123827;1;0,0006;2;2;0;1;4;2;0;1;2;3
Kupplungssatz;479;136203;13;0,0081;0;0;1;0;2;0;0;0;0;1
Kupplungssatz;479;123826;9;0,0056;1;3;0;2;0;0;0;1;2;2
Kupplungssatz;479;132630;5;0,0031;1;0;0;0;5;0;0;0;0;3
Kupplungssatz;479;30902;26;0,0162;1;3;2;2;5;2;0;2;2;2
Kupplungssatz;479;17892;27;0,0169;1;2;2;1;3;1;0;1;2;1
Kupplungssatz;479;146780;5;0,0031;0;3;0;3;0;0;0;0;0;3
Kupplungssatz;479;124950;4;0,0025;2;2;1;2;2;0;0;0;0;2
Kupplungssatz;479;18513;19;0,0119;4;3;4;2;2;0;0;3;3;3
Kupplungssatz;479;139248;1;0,0006;0;5;0;2;1;0;0;0;1;3
Kupplungssatz;479;17813;8;0,005;0;2;1;0;1;0;0;0;0;2
Kupplungssatz;479;27626;1;0,0006;0;2;1;1;1;0;0;0;2;1
Kupplungssatz;479;5178;5;0,0031;2;4;2;1;1;0;0;0;2;1
Kupplungssatz;479;18858;4;0,0025;0;1;0;1;1;0;0;0;0;1
Kupplungssatz;479;3958;1;0,0006;1;2;2;0;2;0;0;0;1;2
Kupplungssatz;479;14777;6;0,0037;3;0;0;0;5;1;0;0;3;2
Kupplungssatz;479;18457;5;0,0031;5;5;5;3;5;1;0;0;6;3
Kupplungssatz;479;4625;1;0,0006;1;1;0;1;1;0;0;0;0;1
Kupplungssatz;479;14659;3;0,0019;1;1;2;1;1;1;0;0;1;1
Kupplungssatz;479;113895;1;0,0006;0;2;1;2;2;0;0;1;1;1
Kupplungssatz;479;138740;2;0,0012;1;1;1;1;2;0;0;1;0;1
Kupplungssatz;479;27276;1;0,0006;2;0;2;1;3;1;0;0;0;0
Kupplungssatz;479;125213;2;0,0012;1;2;0;2;2;0;0;1;3;3
Kupplungssatz;479;4689;2;0,0012;0;2;0;0;1;0;0;0;1;1
Kupplungssatz;479;9091;5;0,0031;0;2;1;2;2;0;0;0;2;2
Kupplungssatz;479;28213;2;0,0012;0;3;2;3;4;0;0;0;2;5
Kupplungssatz;479;18407;4;0,0025;0;1;0;1;1;0;0;0;0;1
Kupplungssatz;479;26018;40;0,025;4;3;3;3;4;0;0;1;3;3
Kupplungssatz;479;34246;1;0,0006;0;1;0;1;2;0;0;0;2;3
Kupplungssatz;479;28924;1;0,0006;2;2;0;1;0;2;0;0;0;0
Kupplungssatz;479;23477;1;0,0006;0;1;0;0;1;0;0;0;0;0
Kupplungssatz;479;4479;2;0,0012;1;0;1;1;1;1;0;1;0;0
Kupplungssatz;479;5944;2;0,0012;0;1;3;1;3;0;0;0;3;5
Kupplungssatz;479;137729;2;0,0012;0;1;0;0;0;0;0;0;0;1
Kupplungssatz;479;13490;1;0,0006;0;1;0;0;0;0;0;0;0;0
Kupplungssatz;479;13874;12;0,0075;1;1;1;2;2;0;0;0;1;1
Kupplungssatz;479;42472;3;0,0019;2;2;1;2;1;0;0;1;0;0
Kupplungssatz;479;5245;1;0,0006;1;0;1;1;2;0;0;0;1;2
Kupplungssatz;479;19318;1;0,0006;1;2;1;1;1;2;0;1;0;1
Kupplungssatz;479;4365;1;0,0006;1;0;0;1;0;1;0;0;0;0
Kupplungssatz;479;9033;2;0,0012;2;1;1;1;3;1;0;1;0;1
Kupplungssatz;479;11701;2;0,0012;3;2;2;1;4;0;0;1;0;3
Kupplungssatz;479;116624;1;0,0006;0;1;1;1;2;0;0;0;0;1
Kupplungssatz;479;5646;4;0,0025;1;2;2;1;2;1;0;1;1;2
Kupplungssatz;479;19194;42;0,0262;2;2;1;2;1;0;0;0;2;2
Kupplungssatz;479;18451;4;0,0025;1;2;2;1;4;0;0;0;2;1
Kupplungssatz;479;20089;3;0,0019;1;3;1;1;4;1;0;1;2;2
Kupplungssatz;479;144812;6;0,0037;0;2;0;2;7;0;0;0;0;3
Kupplungssatz;479;16713;10;0,0062;1;1;0;1;1;3;0;1;1;1
Kupplungssatz;479;8979;14;0,0087;2;4;1;1;5;0;0;0;2;3
Kupplungssatz;479;123537;38;0,0237;2;2;0;2;1;0;0;1;0;2
Kupplungssatz;479;13887;7;0,0044;1;0;1;1;0;0;0;0;0;0
Kupplungssatz;479;127359;3;0,0019;4;2;1;1;7;3;0;1;2;3
Kupplungssatz;479;18559;5;0,0031;1;2;3;2;4;0;0;2;2;2
Kupplungssatz;479;17241;7;0,0044;1;2;2;2;2;1;0;2;2;1
Kupplungssatz;479;56697;2;0,0012;2;4;1;0;4;0;0;1;1;2
Kupplungssatz;479;108809;21;0,0131;1;1;0;1;1;0;0;1;1;2
Kupplungssatz;479;123447;6;0,0037;2;5;2;4;4;0;0;2;0;8
Kupplungssatz;479;114882;3;0,0019;0;0;0;1;0;0;0;0;0;1
Kupplungssatz;479;20633;2;0,0012;0;0;0;0;1;0;0;0;1;0
Kupplungssatz;479;26647;4;0,0025;1;1;0;1;1;1;0;1;0;0
Kupplungssatz;479;22449;3;0,0019;0;0;1;2;0;0;0;1;0;0
Kupplungssatz;479;34879;7;0,0044;2;3;2;2;3;0;0;1;1;5
Kupplungssatz;479;137757;29;0,0181;0;2;1;1;1;0;0;0;2;2
Kupplungssatz;479;19995;14;0,0087;1;1;0;0;2;0;0;0;1;1
Kupplungssatz;479;129851;2;0,0012;1;0;2;0;2;1;0;0;1;0
Kupplungssatz;479;23065;13;0,0081;2;2;2;2;2;0;0;2;2;3
Kupplungssatz;479;15105;4;0,0025;1;2;1;0;1;0;0;0;1;2
Kupplungssatz;479;20057;3;0,0019;1;2;1;1;3;1;0;1;1;1
Kupplungssatz;479;143041;1;0,0006;2;0;10;0;14;1;0;2;0;0
Kupplungssatz;479;11843;1;0,0006;1;1;0;1;1;0;0;0;1;1
Kupplungssatz;479;3962;1;0,0006;0;2;2;1;2;0;0;0;1;2
Kupplungssatz;479;17730;3;0,0019;2;2;2;2;2;1;0;2;2;3
Kupplungssatz;479;33040;52;0,0325;2;2;1;2;3;1;0;0;2;2
Kupplungssatz;479;8799;491;0,3067;1;3;1;1;3;0;0;0;1;1
Kupplungssatz;479;17749;11;0,0069;2;3;2;2;2;2;0;2;2;2
Kupplungssatz;479;7895;32;0,02;2;1;1;1;5;1;0;0;1;2
Kupplungssatz;479;15889;131;0,0818;2;2;2;2;2;1;0;2;2;3
Kupplungssatz;479;108085;3;0,0019;2;3;1;1;0;1;0;0;0;2
Kupplungssatz;479;118415;2;0,0012;0;0;1;0;0;0;0;0;0;1
Kupplungssatz;479;154901;1;0,0006;0;0;1;0;0;0;0;0;0;0
Kupplungssatz;479;20323;1;0,0006;1;2;0;0;1;0;0;0;0;1
Kupplungssatz;479;59698;3;0,0019;2;4;1;2;5;1;0;0;2;1
Kupplungssatz;479;7892;18;0,0112;0;1;3;1;6;1;0;0;0;3
Kupplungssatz;479;5653;3;0,0019;1;2;2;1;2;1;0;1;1;2
Kupplungssatz;479;16730;5;0,0031;3;3;2;1;1;0;0;0;3;3
Kupplungssatz;479;10474;7;0,0044;0;2;2;2;2;0;0;0;2;3
Kupplungssatz;479;9304;3;0,0019;0;2;1;1;1;0;0;1;0;2
Kupplungssatz;479;12042;1;0,0006;2;3;2;1;3;2;0;1;1;2
Kupplungssatz;479;119847;22;0,0137;0;5;0;3;3;1;0;0;0;2
Kupplungssatz;479;4788;10;0,0062;2;1;2;1;0;2;0;1;1;0
Kupplungssatz;479;16773;2;0,0012;1;1;1;0;2;2;0;1;1;2
Kupplungssatz;479;1450;1;0,0006;0;2;0;0;2;0;0;0;1;1
Kupplungssatz;479;55112;2;0,0012;0;0;0;1;0;0;0;0;0;1
Kupplungssatz;479;32785;7;0,0044;2;4;2;2;4;0;0;2;2;4
Kupplungssatz;479;19950;3;0,0019;2;1;1;2;2;0;0;0;1;1
Kupplungssatz;479;132360;8;0,005;0;2;2;2;3;0;0;0;0;1
Kupplungssatz;479;3274;1;0,0006;1;0;0;1;1;0;0;0;1;0
Kupplungssatz;479;138767;5;0,0031;2;2;0;2;1;0;0;0;0;4
Kupplungssatz;479;5966;12;0,0075;1;4;5;0;2;0;0;0;4;2
Kupplungssatz;479;9197;1;0,0006;0;0;0;1;0;1;0;0;0;0
Kupplungssatz;479;119470;47;0,0294;2;3;0;2;7;0;0;0;0;3
Kupplungssatz;479;137660;2;0,0012;2;1;0;0;5;0;0;0;0;1
Kupplungssatz;479;5126;1;0,0006;0;1;0;0;1;0;0;0;0;1
Kupplungssatz;479;133800;5;0,0031;1;2;1;1;2;0;0;0;2;2
Kupplungssatz;479;33336;2;0,0012;2;2;2;2;2;1;0;1;2;2
Kupplungssatz;479;8789;3;0,0019;1;1;1;1;2;0;0;0;1;1
Kupplungssatz;479;108850;13;0,0081;0;3;5;0;4;0;0;0;1;3
Kupplungssatz;479;11352;2;0,0012;0;2;1;1;2;0;0;0;1;2
Kupplungssatz;479;3991;1;0,0006;0;2;0;0;0;0;0;0;1;2
Kupplungssatz;479;145885;1;0,0006;0;0;2;0;4;0;0;0;0;1
Kupplungssatz;479;16167;1;0,0006;1;2;1;1;2;1;0;1;1;0
Kupplungssatz;479;127941;22;0,0137;0;2;0;2;3;0;0;1;1;2
Kupplungssatz;479;114562;1;0,0006;2;3;1;1;2;0;0;0;0;1
Kupplungssatz;479;20080;2;0,0012;1;2;2;2;4;2;0;2;2;2
Kupplungssatz;479;5534;1;0,0006;1;1;1;1;3;1;0;0;1;1
Kupplungssatz;479;23288;2;0,0012;4;3;2;3;2;1;0;2;2;2
Kupplungssatz;479;19634;19;0,0119;3;3;3;5;8;1;0;1;7;5
Kupplungssatz;479;144861;1;0,0006;0;0;0;0;2;0;0;1;3;3
Kupplungssatz;479;142192;3;0,0019;0;1;1;1;1;0;0;0;0;1
Kupplungssatz;479;15522;1;0,0006;1;1;1;1;2;2;0;1;1;1
Kupplungssatz;479;134385;1;0,0006;1;1;0;1;1;1;0;1;1;1
Kupplungssatz;479;17765;6;0,0037;2;2;2;1;0;2;0;0;1;1
Kupplungssatz;479;19124;1;0,0006;0;1;0;1;1;0;0;0;0;1
Kupplungssatz;479;27513;1;0,0006;3;2;2;2;3;1;0;2;2;4
Kupplungssatz;479;3627;3;0,0019;2;1;1;1;2;1;0;1;1;1
Kupplungssatz;479;18499;14;0,0087;0;2;2;2;3;0;0;0;2;1
Kupplungssatz;479;17221;35;0,0219;4;3;4;2;1;5;0;2;3;2
Kupplungssatz;479;19902;1;0,0006;1;2;1;1;1;2;0;1;2;1
Kupplungssatz;479;7242;3;0,0019;0;1;0;3;3;3;0;0;2;3
Kupplungssatz;479;16485;52;0,0325;1;1;0;1;1;1;0;0;1;3
Kupplungssatz;479;30436;33;0,0206;0;1;1;1;1;1;0;1;1;0
Kupplungssatz;479;17577;2;0,0012;1;2;3;2;3;0;0;1;2;2
Kupplungssatz;479;28919;1;0,0006;1;1;0;1;2;1;0;0;0;0
Kupplungssatz;479;114839;22;0,0137;1;1;1;2;6;0;0;2;3;3
Kupplungssatz;479;11746;24;0,015;1;2;0;2;3;0;0;1;0;2
Kupplungssatz;479;142438;1;0,0006;0;0;0;0;4;0;0;0;0;2
Kupplungssatz;479;18575;3;0,0019;0;1;0;1;1;0;0;0;0;1
Kupplungssatz;479;145288;4;0,0025;0;2;0;2;6;0;0;0;0;3
Kupplungssatz;479;8923;16;0,01;3;1;1;2;2;1;0;1;1;1
Kupplungssatz;479;10312;16;0,01;0;1;1;1;2;0;0;1;1;1
Kupplungssatz;479;137624;2;0,0012;2;2;0;2;4;0;0;2;2;3
Kupplungssatz;479;24530;24;0,015;1;1;1;1;5;2;0;1;2;1
Kupplungssatz;479;18305;71;0,0443;4;3;4;2;2;0;0;3;3;3
Kupplungssatz;479;17562;10;0,0062;1;0;1;1;0;1;0;1;1;0
Kupplungssatz;479;107506;52;0,0325;2;3;2;2;3;0;0;0;2;6
Kupplungssatz;479;14940;37;0,0231;6;5;7;5;7;0;0;1;7;6
Kupplungssatz;479;27570;1;0,0006;3;2;2;2;3;1;0;0;3;3
Kupplungssatz;479;30939;2;0,0012;3;3;4;3;4;0;0;1;3;7
Kupplungssatz;479;55103;5;0,0031;2;2;4;2;2;0;0;1;2;3
Kupplungssatz;479;17208;1;0,0006;0;2;0;2;2;0;0;0;0;2
Kupplungssatz;479;16752;6;0,0037;1;1;1;1;5;1;0;0;1;1
Kupplungssatz;479;17936;2;0,0012;4;4;3;4;4;0;0;0;4;4
Kupplungssatz;479;32266;102;0,0637;3;4;2;4;5;0;0;1;2;6
Kupplungssatz;479;23247;7;0,0044;1;1;1;1;1;0;0;0;1;1
Kupplungssatz;479;18408;1;0,0006;1;1;1;1;3;0;0;0;1;1
Kupplungssatz;479;56765;3;0,0019;0;1;1;0;0;0;0;1;0;0
Kupplungssatz;479;17239;39;0,0244;0;2;2;2;2;2;0;1;2;2
Kupplungssatz;479;107959;15;0,0094;1;1;1;1;4;1;0;1;1;2
Kupplungssatz;479;16517;2;0,0012;1;1;1;1;2;2;0;1;1;1
Kupplungssatz;479;730;18;0,0112;5;4;3;3;4;1;0;0;4;6
Kupplungssatz;479;11517;35;0,0219;1;2;2;1;2;1;0;1;1;1
Kupplungssatz;479;16761;6;0,0037;1;1;1;0;1;0;0;0;1;2
Kupplungssatz;479;59722;2;0,0012;2;2;0;2;3;0;0;2;2;2
Kupplungssatz;479;1788;3;0,0019;0;1;0;1;0;0;0;0;0;0
Kupplungssatz;479;22947;6;0,0037;1;1;2;1;3;1;0;1;1;1
Kupplungssatz;479;15534;14;0,0087;1;2;3;1;3;0;0;0;2;3
Kupplungssatz;479;16272;5;0,0031;0;1;1;1;1;2;0;1;1;1
Kupplungssatz;479;29986;11;0,0069;1;3;1;1;3;1;0;1;1;2
Kupplungssatz;479;133679;1;0,0006;0;4;0;2;6;0;0;1;1;2
Kupplungssatz;479;29483;5;0,0031;1;1;0;1;1;1;0;1;0;0
Kupplungssatz;479;30831;1;0,0006;0;0;0;0;0;0;0;0;0;0
Kupplungssatz;479;19767;1;0,0006;0;1;1;1;0;1;0;1;1;1
Kupplungssatz;479;57385;1;0,0006;1;1;0;1;1;0;0;0;0;0
Kupplungssatz;479;118536;40;0,025;2;3;0;2;8;0;0;0;0;3
Kupplungssatz;479;33555;6;0,0037;0;1;1;1;1;2;0;1;0;1
Kupplungssatz;479;6109;3;0,0019;0;0;0;0;0;0;0;0;0;0
Kupplungssatz;479;117805;1;0,0006;1;0;1;1;0;1;0;1;1;0
Kupplungssatz;479;3553;1;0,0006;1;1;1;1;2;1;0;1;1;1
Kupplungssatz;479;126522;2;0,0012;0;1;0;2;0;0;0;0;0;0
Kupplungssatz;479;33714;2;0,0012;1;1;1;2;2;3;0;0;0;1
Kupplungssatz;479;6314;4;0,0025;1;3;1;2;6;1;0;2;1;2
Kupplungssatz;479;155013;2;0,0012;0;1;0;0;0;0;0;0;0;0
Kupplungssatz;479;10824;7;0,0044;0;3;2;2;3;0;0;1;2;3
Kupplungssatz;479;157954;1;0,0006;0;2;0;1;0;0;0;0;0;2
Kupplungssatz;479;5613;3;0,0019;0;1;0;0;0;1;0;0;0;0
Kupplungssatz;479;22732;4;0,0025;0;1;0;1;1;0;0;0;0;1
Kupplungssatz;479;28643;2;0,0012;1;1;1;0;2;0;0;0;1;2
Kupplungssatz;479;154982;1;0,0006;0;0;0;0;0;0;0;0;0;0
Kupplungssatz;479;135269;1;0,0006;0;1;0;2;2;0;0;0;0;3
Kupplungssatz;479;3396;1;0,0006;0;1;1;1;1;2;0;0;0;1
Kupplungssatz;479;17248;1;0,0006;2;2;2;2;3;0;0;0;3;5
Kupplungssatz;479;128797;1;0,0006;0;2;2;0;1;0;0;1;3;2
Kupplungssatz;479;146313;1;0,0006;0;1;1;0;2;0;0;0;1;1
Kupplungssatz;479;127239;2;0,0012;0;1;0;2;1;1;0;0;0;2
Kupplungssatz;479;18482;74;0,0462;0;1;1;1;1;1;0;1;1;0
Kupplungssatz;479;16108;55;0,0344;2;1;1;1;6;1;0;2;1;1
Kupplungssatz;479;5616;10;0,0062;1;2;2;1;2;1;0;0;2;2
Kupplungssatz;479;142472;3;0,0019;0;2;0;1;0;0;0;0;0;1
Kupplungssatz;479;10768;21;0,0131;1;1;2;1;3;2;0;1;1;0
Kupplungssatz;479;131603;15;0,0094;2;2;0;1;0;0;0;0;0;1
Kupplungssatz;479;55590;10;0,0062;0;3;0;2;4;0;0;0;1;2
Kupplungssatz;479;24536;22;0,0137;2;3;2;1;4;1;0;2;1;4
Kupplungssatz;479;16490;11;0,0069;4;3;3;3;6;1;0;3;3;3
Kupplungssatz;479;15635;2;0,0012;0;1;0;0;1;0;0;0;0;1
Kupplungssatz;479;34948;53;0,0331;1;1;1;1;3;1;0;1;1;2
Kupplungssatz;479;128340;4;0,0025;0;4;0;2;2;0;0;0;0;3
Kupplungssatz;479;28200;10;0,0062;3;2;4;1;6;2;0;1;3;3
Kupplungssatz;479;4847;3;0,0019;1;5;1;1;5;0;0;0;0;1
Kupplungssatz;479;157169;1;0,0006;1;2;0;0;6;0;0;0;0;3
Kupplungssatz;479;19739;2;0,0012;0;1;1;1;1;0;0;0;1;1
Kupplungssatz;479;19582;56;0,035;3;3;2;2;4;0;0;0;1;3
Kupplungssatz;479;116633;2;0,0012;0;1;1;1;2;0;0;0;0;1
Kupplungssatz;479;17104;128;0,0799;2;4;2;2;5;2;0;3;2;4
Kupplungssatz;479;18813;1080;0,6746;4;2;2;2;1;3;0;2;1;1
Kupplungssatz;479;131647;10;0,0062;0;2;0;1;0;0;0;0;0;1
Kupplungssatz;479;30487;259;0,1618;4;7;4;5;7;0;0;3;2;3
Kupplungssatz;479;19857;63;0,0393;2;2;3;2;2;1;0;2;2;3
Kupplungssatz;479;135707;1;0,0006;0;3;0;2;2;0;0;0;0;0
Kupplungssatz;479;34492;2;0,0012;2;4;0;1;1;0;0;1;2;5
Kupplungssatz;479;17702;69;0,0431;2;2;3;2;3;2;0;2;2;2
Kupplungssatz;479;34914;2;0,0012;1;2;1;2;3;0;0;2;1;6
Kupplungssatz;479;142008;3;0,0019;1;2;0;2;6;1;0;0;2;3
Kupplungssatz;479;16754;6;0,0037;1;1;1;0;1;0;0;0;1;2
Kupplungssatz;479;128469;10;0,0062;0;2;0;2;3;0;0;1;1;2
Kupplungssatz;479;128299;3;0,0019;0;3;0;2;3;0;0;0;1;2
Kupplungssatz;479;137771;20;0,0125;0;2;1;1;0;0;0;0;0;1
Kupplungssatz;479;5712;20;0,0125;1;1;1;1;3;1;0;0;1;1
Kupplungssatz;479;108133;1;0,0006;0;0;0;0;0;0;0;0;0;0
Kupplungssatz;479;120815;5;0,0031;1;1;1;2;4;0;0;1;1;1
Kupplungssatz;479;14106;3;0,0019;4;2;4;2;3;5;0;3;3;2
Kupplungssatz;479;28589;2;0,0012;0;2;1;1;1;0;0;0;1;1
Kupplungssatz;479;139249;4;0,0025;0;5;0;4;2;0;0;0;0;4
Kupplungssatz;479;16588;3;0,0019;2;2;1;1;4;2;0;0;2;3
Kupplungssatz;479;10292;14;0,0087;0;2;0;2;3;0;0;0;0;2
Kupplungssatz;479;16225;8;0,005;0;1;1;2;1;1;0;0;1;1
Kupplungssatz;479;18620;3;0,0019;2;1;1;1;4;0;0;0;1;2
Kupplungssatz;479;108162;2;0,0012;1;3;1;2;4;0;0;1;1;2
Kupplungssatz;479;33661;1;0,0006;1;0;0;1;0;1;0;0;0;0
Kupplungssatz;479;14158;1;0,0006;2;2;0;0;2;0;0;0;2;2
Kupplungssatz;479;138632;6;0,0037;0;1;0;1;0;0;0;0;1;0
Kupplungssatz;479;10885;4;0,0025;3;5;3;5;5;0;0;1;8;6
Kupplungssatz;479;131761;2;0,0012;0;2;0;2;2;0;0;0;0;3
Kupplungssatz;479;377;2;0,0012;0;1;1;0;0;0;0;0;0;2
Kupplungssatz;479;7851;14;0,0087;2;1;1;1;1;2;0;1;1;1
Kupplungssatz;479;57448;2;0,0012;3;3;0;3;0;0;0;0;0;3
Kupplungssatz;479;116680;6;0,0037;1;3;1;2;1;0;0;0;2;1
Kupplungssatz;479;32705;1;0,0006;2;7;4;3;4;0;0;0;11;9
Kupplungssatz;479;4448;1;0,0006;1;1;1;2;2;1;0;1;1;2
Kupplungssatz;479;5226;1;0,0006;1;2;2;1;1;1;0;1;1;1
Kupplungssatz;479;122103;1;0,0006;0;0;0;0;0;0;0;0;1;1
Kupplungssatz;479;7739;2;0,0012;1;1;0;1;1;0;0;0;1;1
Kupplungssatz;479;29984;1;0,0006;2;5;1;3;3;1;0;0;2;3
Kupplungssatz;479;16611;2;0,0012;0;0;0;0;2;0;0;0;0;0
Kupplungssatz;479;141131;1;0,0006;0;1;0;1;0;0;0;0;0;0
Kupplungssatz;479;18587;7;0,0044;1;1;1;1;1;1;0;1;1;1
Kupplungssatz;479;58528;10;0,0062;1;1;1;1;3;2;0;1;2;1
Kupplungssatz;479;26632;1;0,0006;2;2;1;0;2;0;0;0;0;2
Kupplungssatz;479;134486;2;0,0012;3;3;4;2;1;0;0;3;0;3
Kupplungssatz;479;11351;3;0,0019;0;2;1;1;2;0;0;0;1;2
Kupplungssatz;479;31526;14;0,0087;1;2;1;1;3;1;0;1;2;2
Kupplungssatz;479;29923;5;0,0031;0;2;1;2;1;0;0;0;2;3
Kupplungssatz;479;146315;15;0,0094;0;1;1;0;2;0;0;0;1;1
Kupplungssatz;479;1854;4;0,0025;1;1;1;1;1;0;0;0;1;1
Kupplungssatz;479;19703;2;0,0012;2;3;2;1;10;1;0;2;3;3
Kupplungssatz;479;18049;3;0,0019;2;2;2;2;4;1;0;2;2;3
Kupplungssatz;479;519;25;0,0156;0;3;5;2;6;0;0;0;2;2
Kupplungssatz;479;108624;5;0,0031;2;1;1;1;2;0;0;0;2;2
Kupplungssatz;479;9087;7;0,0044;1;1;0;1;0;0;0;1;1;1
Kupplungssatz;479;136292;3;0,0019;0;1;1;1;5;0;0;0;0;2
Kupplungssatz;479;9256;7;0,0044;1;2;1;1;2;1;0;1;1;2
Kupplungssatz;479;4453;8;0,005;1;1;1;1;5;1;0;1;1;1
Kupplungssatz;479;54947;2;0,0012;3;3;2;0;3;0;0;0;3;0
Kupplungssatz;479;5307;5;0,0031;1;6;4;1;4;0;0;0;1;2
Kupplungssatz;479;122425;1;0,0006;0;2;0;0;8;2;0;0;2;0
Kupplungssatz;479;33396;2;0,0012;0;1;1;1;1;0;0;0;1;1
Kupplungssatz;479;23069;34;0,0212;2;2;2;2;2;0;0;2;2;3
Kupplungssatz;479;29528;1;0,0006;0;1;0;1;0;0;0;1;0;0
Kupplungssatz;479;130755;10;0,0062;0;1;1;1;5;1;0;1;0;1
Kupplungssatz;479;9552;9;0,0056;2;2;1;1;0;1;0;0;0;0
Kupplungssatz;479;16558;3;0,0019;2;3;1;2;3;2;0;2;2;0
Kupplungssatz;479;15116;2;0,0012;4;5;4;2;5;2;0;0;4;2
Kupplungssatz;479;59;7;0,0044;2;2;1;2;3;0;0;0;2;1
Kupplungssatz;479;30971;67;0,0418;2;4;4;2;5;0;0;2;2;6
Kupplungssatz;479;19917;29;0,0181;1;3;1;1;2;1;0;1;1;1
Kupplungssatz;479;29990;205;0,128;1;1;1;1;2;1;0;1;1;2
Kupplungssatz;479;12472;21;0,0131;0;2;1;2;3;0;0;1;1;3
Kupplungssatz;479;34910;1;0,0006;1;2;1;2;3;0;0;2;1;6
Kupplungssatz;479;17372;25;0,0156;0;3;2;3;4;0;0;0;2;5
Kupplungssatz;479;111766;9;0,0056;0;2;2;2;5;0;0;0;2;3
Kupplungssatz;479;19519;7;0,0044;4;2;3;1;2;0;0;2;2;2
Kupplungssatz;479;57438;1;0,0006;0;2;1;2;4;0;0;0;4;3
Kupplungssatz;479;11267;5;0,0031;2;1;0;1;3;0;0;0;1;2
Kupplungssatz;479;32798;12;0,0075;0;2;0;2;5;0;0;0;0;2
Kupplungssatz;479;8302;1;0,0006;1;1;1;1;2;0;0;0;1;2
Kupplungssatz;479;5589;5;0,0031;2;2;3;2;6;1;0;0;3;5
Kupplungssatz;479;119222;1;0,0006;1;1;1;1;1;0;0;2;0;1
Kupplungssatz;479;138607;4;0,0025;0;1;0;1;2;0;0;0;1;0
Kupplungssatz;479;18335;1;0,0006;1;2;2;1;7;1;0;1;2;3
Kupplungssatz;479;21137;2;0,0012;1;1;0;1;0;0;0;0;1;1
Kupplungssatz;479;75;1;0,0006;3;2;0;3;3;0;0;2;2;3
Kupplungssatz;479;15269;3;0,0019;0;2;1;4;2;0;0;0;2;2
Kupplungssatz;479;9332;4;0,0025;0;0;2;0;0;0;0;0;0;0
Kupplungssatz;479;30738;9;0,0056;2;3;2;1;4;0;0;2;2;4
Kupplungssatz;479;58750;5;0,0031;0;3;2;2;2;0;0;1;1;3
Kupplungssatz;479;32910;4;0,0025;0;2;1;0;4;0;0;0;3;1
Kupplungssatz;479;2837;1;0,0006;0;1;0;0;0;0;0;0;0;0
Kupplungssatz;479;1675;1;0,0006;1;1;1;0;2;0;0;0;1;1
Kupplungssatz;479;3954;4;0,0025;0;2;2;1;2;0;0;0;1;3
Kupplungssatz;479;9427;1;0,0006;1;1;1;1;1;0;0;0;0;0
Kupplungssatz;479;25448;1;0,0006;1;4;1;1;1;2;0;1;1;1
Kupplungssatz;479;56731;12;0,0075;2;2;1;2;4;1;0;2;3;2
Kupplungssatz;479;17881;1;0,0006;0;2;0;1;1;0;0;0;0;1
Kupplungssatz;479;58582;1;0,0006;2;3;2;2;4;1;0;0;5;3
Kupplungssatz;479;129824;1;0,0006;0;2;0;1;1;0;0;0;0;1
Kupplungssatz;479;119485;12;0,0075;2;2;1;1;2;0;0;0;2;2
Kupplungssatz;479;131121;6;0,0037;0;1;0;0;2;0;0;0;0;2
Kupplungssatz;479;33530;1;0,0006;1;1;2;0;0;0;0;0;0;0
Kupplungssatz;479;14092;3;0,0019;0;1;1;1;0;0;0;0;0;0
Kupplungssatz;479;5729;7;0,0044;1;3;6;1;2;1;0;0;3;3
Kupplungssatz;479;3781;1;0,0006;2;2;0;3;4;0;0;0;2;2
Kupplungssatz;479;14588;4;0,0025;0;2;1;1;2;0;0;0;1;2
Kupplungssatz;479;12642;4;0,0025;0;4;3;0;4;0;0;0;2;3
Kupplungssatz;479;9067;3;0,0019;0;1;2;1;1;1;0;0;1;1
Kupplungssatz;479;113244;1;0,0006;2;0;3;0;1;1;0;1;0;0
Kupplungssatz;479;17380;2;0,0012;0;0;0;0;0;0;0;0;0;2
Kupplungssatz;479;2791;5;0,0031;0;3;0;2;1;0;0;0;2;3
Kupplungssatz;479;134610;1;0,0006;1;2;0;3;8;0;0;2;2;3
Kupplungssatz;479;12474;1;0,0006;3;3;2;3;1;0;0;0;0;2
Kupplungssatz;479;28773;1;0,0006;1;1;1;1;1;0;0;0;0;3
Kupplungssatz;479;17887;52;0,0325;2;2;2;2;3;3;0;1;1;2
Kupplungssatz;479;107752;4;0,0025;3;3;2;3;4;0;0;2;5;3
Kupplungssatz;479;58550;15;0,0094;1;2;2;2;3;0;0;1;4;4
Kupplungssatz;479;7983;1;0,0006;1;0;1;1;1;3;0;1;1;1
Kupplungssatz;479;13182;5;0,0031;1;3;2;1;7;1;0;1;3;2
Kupplungssatz;479;124875;1;0,0006;5;6;1;7;3;1;0;3;6;5
Kupplungssatz;479;58291;5;0,0031;0;1;1;1;1;0;0;1;1;1
Kupplungssatz;479;12065;7;0,0044;1;1;1;1;2;0;0;0;1;1
Kupplungssatz;479;24194;3;0,0019;3;2;2;2;1;1;0;1;2;4
Kupplungssatz;479;109431;2;0,0012;1;4;4;2;2;0;0;1;1;3
Kupplungssatz;479;23426;108;0,0675;1;1;2;1;2;2;0;1;1;1
Kupplungssatz;479;123535;115;0,0718;2;2;0;2;1;0;0;1;0;2
Kupplungssatz;479;4539;18;0,0112;1;1;2;1;1;1;0;0;1;1
Kupplungssatz;479;16504;2;0,0012;1;1;1;1;3;1;0;1;1;2
Kupplungssatz;479;116203;24;0,015;0;5;0;3;2;0;0;0;2;3
Kupplungssatz;479;132938;3;0,0019;2;4;0;2;2;0;0;1;2;2
Kupplungssatz;479;53387;2;0,0012;1;3;1;0;3;0;0;0;2;1
Kupplungssatz;479;124914;6;0,0037;1;3;1;2;3;0;0;1;0;1
Kupplungssatz;479;7610;18;0,0112;2;3;3;2;4;0;0;1;3;0
Kupplungssatz;479;32111;13;0,0081;2;1;0;2;0;1;0;0;0;1
Kupplungssatz;479;17308;9;0,0056;1;1;0;1;1;1;0;1;1;1
Kupplungssatz;479;33781;4;0,0025;0;2;1;1;1;0;0;0;1;1
Kupplungssatz;479;4062;2;0,0012;0;1;1;1;4;2;0;1;1;1
Kupplungssatz;479;7175;1;0,0006;0;0;1;1;1;0;0;0;2;1
Kupplungssatz;479;59488;17;0,0106;0;2;0;1;4;0;0;2;2;4
Kupplungssatz;479;801384;12;0,0075;0;5;2;0;1;0;0;0;0;0
Kupplungssatz;479;115161;21;0,0131;0;3;1;3;5;0;0;2;2;3
Kupplungssatz;479;6034;1;0,0006;1;0;0;1;1;1;0;1;0;0
Kupplungssatz;479;23083;1;0,0006;1;1;1;5;1;2;0;0;1;1
Kupplungssatz;479;9327;2;0,0012;1;1;1;0;1;3;0;0;1;1
Kupplungssatz;479;108436;3;0,0019;0;0;2;0;0;0;0;0;0;0
Kupplungssatz;479;5306;9;0,0056;1;4;4;1;4;0;0;0;1;2
Kupplungssatz;479;5270;1;0,0006;2;1;0;1;2;1;0;1;1;1
Kupplungssatz;479;33149;5;0,0031;1;1;1;1;0;0;0;0;1;2
Kupplungssatz;479;30998;3;0,0019;0;1;3;1;1;0;0;0;0;1
Kupplungssatz;479;158719;1;0,0006;0;1;0;0;0;0;0;0;0;0
Kupplungssatz;479;854;3;0,0019;0;1;0;1;0;0;0;0;1;0
Kupplungssatz;479;58292;1;0,0006;1;1;1;1;0;0;0;0;0;1
Kupplungssatz;479;226;1;0,0006;0;0;0;1;1;0;0;0;0;1
Kupplungssatz;479;17361;1;0,0006;0;1;0;1;1;0;0;0;0;1
Kupplungssatz;479;34243;1;0,0006;1;1;1;1;1;0;0;0;0;3
Kupplungssatz;479;140731;1;0,0006;0;1;0;1;0;0;0;0;0;3
Kupplungssatz;479;1087;1;0,0006;2;1;2;1;3;0;0;0;1;1
Kupplungssatz;479;5942;1;0,0006;0;1;0;0;1;0;0;0;1;1
Kupplungssatz;479;133257;3;0,0019;0;0;1;0;2;1;0;0;1;1
Kupplungssatz;479;140109;1;0,0006;0;2;1;1;1;0;0;0;0;1
Kupplungssatz;479;6664;1;0,0006;2;3;2;2;2;0;0;0;2;4
Kupplungssatz;479;128300;2;0,0012;0;5;0;3;2;0;0;0;1;2
Kupplungssatz;479;17580;13;0,0081;2;2;3;2;2;1;0;1;2;2
Kupplungssatz;479;136464;2;0,0012;0;2;0;0;0;0;0;0;0;2
Kupplungssatz;479;18260;43;0,0269;2;4;2;2;4;0;0;0;4;3
Kupplungssatz;479;133293;1;0,0006;0;1;2;1;1;0;0;0;0;1
Kupplungssatz;479;17670;9;0,0056;3;1;2;1;0;2;0;1;1;1
Kupplungssatz;479;4769;15;0,0094;1;1;1;1;4;1;0;1;1;2
Kupplungssatz;479;33074;12;0,0075;1;1;2;1;1;1;0;1;1;2
Kupplungssatz;479;138657;11;0,0069;2;3;2;3;4;0;0;2;3;4
Kupplungssatz;479;16634;2;0,0012;0;2;0;2;2;0;0;0;0;2
Kupplungssatz;479;2115;2;0,0012;1;1;1;1;3;0;0;0;1;1
Kupplungssatz;479;17847;14;0,0087;0;2;2;2;1;0;0;0;2;4
Kupplungssatz;479;10959;1;0,0006;1;1;1;1;1;0;0;0;1;1
Kupplungssatz;479;16323;5;0,0031;0;2;1;1;2;0;0;0;1;2
Kupplungssatz;479;2424;1;0,0006;1;2;0;1;2;0;0;0;2;0
Kupplungssatz;479;122732;17;0,0106;3;3;2;3;6;0;0;2;5;4
Kupplungssatz;479;22486;73;0,0456;2;2;1;1;1;0;0;1;1;1
Kupplungssatz;479;23267;114;0,0712;1;3;3;2;7;0;0;2;5;4
Kupplungssatz;479;30942;23;0,0144;3;3;3;3;4;0;0;1;3;3
Kupplungssatz;479;18399;13;0,0081;0;2;0;1;2;0;0;0;1;1
Kupplungssatz;479;17805;8;0,005;1;3;1;1;3;1;0;1;1;1
Kupplungssatz;479;16739;32;0,02;1;1;1;0;1;0;0;0;1;1
Kupplungssatz;479;3857;15;0,0094;1;2;1;1;1;1;0;1;1;1
Kupplungssatz;479;113448;11;0,0069;1;1;1;1;1;0;0;1;0;1
Kupplungssatz;479;133130;2;0,0012;0;1;1;0;0;0;0;0;0;0
Kupplungssatz;479;22482;1;0,0006;1;1;0;0;2;0;0;0;2;1
Kupplungssatz;479;115207;18;0,0112;1;8;1;2;3;0;0;0;2;2
Kupplungssatz;479;123049;1;0,0006;0;3;0;0;4;0;0;0;4;3
Kupplungssatz;479;18557;18;0,0112;1;4;2;2;5;1;0;2;2;4
Kupplungssatz;479;58299;3;0,0019;0;1;1;1;1;0;0;1;1;1
Kupplungssatz;479;119607;9;0,0056;1;2;3;1;2;1;0;1;2;1
Kupplungssatz;479;136293;2;0,0012;0;1;1;1;1;0;0;0;0;1
Kupplungssatz;479;33438;10;0,0062;2;3;2;3;1;0;0;0;0;2
Kupplungssatz;479;115489;11;0,0069;1;4;1;2;1;1;0;2;2;2
Kupplungssatz;479;123032;4;0,0025;0;3;0;3;9;0;0;0;0;5
Kupplungssatz;479;5186;3;0,0019;3;3;2;1;2;0;0;0;2;2
Kupplungssatz;479;118542;7;0,0044;0;1;0;1;0;0;0;0;0;1
Kupplungssatz;479;23395;7;0,0044;0;2;0;2;1;1;0;0;0;1
Kupplungssatz;479;24561;9;0,0056;1;2;0;1;1;0;0;0;0;0
Kupplungssatz;479;16742;3;0,0019;2;3;1;2;3;0;0;0;2;1
Kupplungssatz;479;23435;3;0,0019;1;2;1;1;2;2;0;1;1;1
Kupplungssatz;479;8802;3;0,0019;0;5;1;1;2;0;0;0;1;2
Kupplungssatz;479;119893;6;0,0037;0;0;0;0;2;0;0;0;0;0
Kupplungssatz;479;3929;5;0,0031;1;1;2;1;3;1;0;0;1;2
Kupplungssatz;479;12516;22;0,0137;3;3;4;3;3;0;0;2;5;6
Kupplungssatz;479;2135;1;0,0006;1;1;0;0;0;0;0;0;1;0
Kupplungssatz;479;4218;2;0,0012;2;0;0;1;0;2;0;0;0;0
Kupplungssatz;479;18314;9;0,0056;2;2;2;2;6;2;0;2;2;4
Kupplungssatz;479;31387;1;0,0006;0;1;0;2;0;0;0;0;0;0
Kupplungssatz;479;22678;2;0,0012;0;2;0;0;3;0;0;0;2;3
Kupplungssatz;479;16918;1;0,0006;0;4;2;0;3;0;0;0;2;4
Kupplungssatz;479;23046;43;0,0269;1;4;2;2;3;0;0;0;1;2
Kupplungssatz;479;26618;21;0,0131;1;2;1;1;1;1;0;1;1;1
Kupplungssatz;479;122441;1;0,0006;1;3;1;3;2;0;0;2;0;8
Kupplungssatz;479;19216;8;0,005;1;2;1;2;2;1;0;1;1;1
Kupplungssatz;479;31572;13;0,0081;3;2;0;2;2;0;0;0;0;3
Kupplungssatz;479;55385;2;0,0012;1;3;2;3;3;1;0;1;2;3
Kupplungssatz;479;22464;8;0,005;1;3;0;1;1;1;0;1;0;0
Kupplungssatz;479;3229;1;0,0006;0;1;1;1;1;2;0;0;1;0
Kupplungssatz;479;108157;18;0,0112;0;3;1;1;1;0;0;1;1;2
Kupplungssatz;479;1616;1;0,0006;2;1;0;1;1;0;0;0;1;1
Kupplungssatz;479;29;4;0,0025;0;2;1;0;1;0;0;0;1;1
Kupplungssatz;479;3585;2;0,0012;1;0;0;1;1;0;0;0;0;0
Kupplungssatz;479;13198;7;0,0044;0;1;0;0;2;0;0;0;0;2
Kupplungssatz;479;25464;4;0,0025;2;2;1;2;2;2;0;1;1;1
Kupplungssatz;479;109261;1;0,0006;2;3;2;2;1;0;0;0;0;3
Kupplungssatz;479;7978;1;0,0006;1;2;2;1;5;1;0;0;2;2
Kupplungssatz;479;55853;3;0,0019;0;0;2;1;0;0;0;0;0;0
Kupplungssatz;479;18221;1;0,0006;0;2;2;2;1;0;0;0;2;2
Kupplungssatz;479;8434;1;0,0006;0;0;3;1;5;0;0;0;1;3
Kupplungssatz;479;139310;2;0,0012;0;0;0;0;0;0;0;0;0;1
Kupplungssatz;479;26645;4;0,0025;3;4;0;2;2;1;0;2;2;0
Kupplungssatz;479;18010;2;0,0012;1;2;1;0;7;1;0;1;2;2
Kupplungssatz;479;100789;6;0,0037;1;2;2;2;4;0;0;2;1;2
Kupplungssatz;479;19587;7;0,0044;3;3;2;3;3;0;0;0;0;3
Kupplungssatz;479;16304;3;0,0019;2;1;1;1;1;0;0;0;1;1
Kupplungssatz;479;28256;6;0,0037;6;6;6;5;10;1;0;3;7;8
Kupplungssatz;479;11508;2;0,0012;2;2;2;3;2;0;0;0;2;2
Kupplungssatz;479;11324;16;0,01;3;3;2;2;3;0;0;1;3;3
Kupplungssatz;479;5225;36;0,0225;1;2;2;2;3;2;0;0;2;1
Kupplungssatz;479;13918;21;0,0131;1;2;1;2;1;1;0;1;1;1
Kupplungssatz;479;20403;2;0,0012;0;2;2;2;1;1;0;1;2;2
Kupplungssatz;479;2882;1;0,0006;0;1;0;0;1;0;0;0;0;1
Kupplungssatz;479;18382;7;0,0044;4;4;5;3;13;2;0;2;6;5
Kupplungssatz;479;10826777;1;0,0006;0;0;0;0;0;0;0;0;0;0
Kupplungssatz;479;55510;38;0,0237;1;5;2;2;2;0;0;1;0;4
Kupplungssatz;479;16443;13;0,0081;1;1;1;1;1;2;0;1;1;0
Kupplungssatz;479;18093;44;0,0275;1;1;2;1;3;2;0;0;1;1
Kupplungssatz;479;128465;5;0,0031;0;2;0;2;3;0;0;1;1;2
Kupplungssatz;479;16266;1;0,0006;2;2;0;1;3;2;0;0;2;4
Kupplungssatz;479;14783;1;0,0006;1;1;1;0;2;0;0;0;1;1
Kupplungssatz;479;130885;1;0,0006;0;0;0;1;0;0;0;1;3;3
Kupplungssatz;479;145820;11;0,0069;0;0;2;0;2;0;0;0;0;0
Kupplungssatz;479;5727;1;0,0006;0;2;1;1;1;0;0;0;1;1
Kupplungssatz;479;16870;5;0,0031;2;5;2;3;9;1;0;2;6;3
Kupplungssatz;479;114583;1;0,0006;1;2;1;2;4;2;0;0;0;4
Kupplungssatz;479;58965;11;0,0069;0;2;1;2;3;0;0;1;0;2
Kupplungssatz;479;19205;47;0,0294;3;2;2;2;1;0;0;2;2;1
Kupplungssatz;479;17263;16;0,01;1;1;1;1;1;1;0;1;1;1
Kupplungssatz;479;112018;11;0,0069;0;2;1;2;3;0;0;1;1;2
Kupplungssatz;479;101004;16;0,01;0;3;2;2;2;0;0;1;1;2
Kupplungssatz;479;58671;7;0,0044;4;5;5;3;5;1;0;0;8;5
Kupplungssatz;479;14399;25;0,0156;1;2;2;1;7;1;0;1;2;2
Kupplungssatz;479;8942;3;0,0019;1;3;4;1;4;0;0;0;2;2
Kupplungssatz;479;5200;12;0,0075;1;2;1;1;0;1;0;1;1;0
Kupplungssatz;479;106244;1;0,0006;1;5;1;3;3;0;0;2;2;8
Kupplungssatz;479;2467;3;0,0019;1;1;0;1;2;1;0;0;1;1
Kupplungssatz;479;28220;20;0,0125;3;3;3;4;5;1;0;1;2;6
Kupplungssatz;479;18976;10;0,0062;4;8;8;4;9;1;0;2;5;9
Kupplungssatz;479;28140;7;0,0044;3;2;2;2;3;1;0;0;3;3
Kupplungssatz;479;7894;1;0,0006;9;12;10;11;21;1;0;6;15;10
Kupplungssatz;479;128504;28;0,0175;2;3;1;0;3;2;0;1;5;3
Kupplungssatz;479;33075;20;0,0125;1;1;2;1;1;1;0;1;1;2
Kupplungssatz;479;31048;6;0,0037;0;5;3;4;4;0;0;0;0;2
Kupplungssatz;479;32855;1;0,0006;2;2;2;2;2;0;0;0;2;2
Kupplungssatz;479;1498;3;0,0019;1;2;2;1;1;1;0;1;1;2
Kupplungssatz;479;4683;22;0,0137;1;4;0;0;2;0;0;0;4;3
Kupplungssatz;479;32089;18;0,0112;0;2;2;2;2;0;0;0;2;3
Kupplungssatz;479;18610;13;0,0081;1;1;1;1;1;0;0;0;1;1
Kupplungssatz;479;17536;1;0,0006;4;3;1;2;2;2;0;2;4;3
Kupplungssatz;479;1550;10;0,0062;0;3;0;1;2;0;0;0;2;1
Kupplungssatz;479;19871;9;0,0056;1;1;1;1;1;0;0;0;1;1
Kupplungssatz;479;139643;1;0,0006;0;2;0;2;8;0;0;0;0;3
Kupplungssatz;479;16069;5;0,0031;6;5;6;5;2;0;0;1;5;5
Kupplungssatz;479;145831;1;0,0006;0;1;1;0;4;0;0;0;1;1
Kupplungssatz;479;128928;1;0,0006;1;1;0;1;4;1;0;0;0;2
Kupplungssatz;479;527;1;0,0006;0;0;1;0;0;0;0;0;0;2
Kupplungssatz;479;919;2;0,0012;0;1;3;0;1;0;0;0;1;2
Kupplungssatz;479;20078;6;0,0037;7;4;2;3;6;3;0;3;5;4
Kupplungssatz;479;11132;2;0,0012;1;3;0;1;2;1;0;1;0;3
Kupplungssatz;479;107485;39;0,0244;4;4;1;3;5;3;0;3;5;4
Kupplungssatz;479;10684;6;0,0037;0;1;1;1;1;1;0;0;1;1
Kupplungssatz;479;1509;11;0,0069;0;1;0;1;0;0;0;0;1;1
Kupplungssatz;479;18067;56;0,035;5;5;7;4;15;2;0;2;6;7
Kupplungssatz;479;16828;4;0,0025;0;1;0;1;2;0;0;0;1;1
Kupplungssatz;479;19589;4;0,0025;2;2;1;0;2;2;0;0;2;3
Kupplungssatz;479;108151;25;0,0156;3;2;3;2;4;0;0;1;1;6
Kupplungssatz;479;57152;2;0,0012;1;1;0;0;0;0;0;0;0;1
Kupplungssatz;479;11114;17;0,0106;1;1;1;1;2;0;0;0;1;1
Kupplungssatz;479;19596;1;0,0006;2;2;1;0;2;2;0;0;2;3
Kupplungssatz;479;19894;1;0,0006;1;2;1;0;2;2;0;0;0;1
Kupplungssatz;479;10503;6;0,0037;0;2;0;0;2;0;0;0;2;2
Kupplungssatz;479;18921;7;0,0044;1;2;3;2;3;0;0;1;0;2
Kupplungssatz;479;100928;2;0,0012;0;0;0;0;1;0;0;0;0;0
Kupplungssatz;479;8091;1;0,0006;0;0;0;0;0;0;0;0;0;0
Kupplungssatz;479;27949;2;0,0012;1;1;2;1;3;2;0;0;1;1
Kupplungssatz;479;58538;2;0,0012;1;1;0;1;0;0;0;1;0;1
Kupplungssatz;479;339;1;0,0006;1;2;1;0;1;0;0;0;1;2
Kupplungssatz;479;119865;3;0,0019;4;4;1;4;3;2;0;3;0;0
Kupplungssatz;479;33265;13;0,0081;1;2;1;1;4;1;0;1;1;2
Kupplungssatz;479;141272;3;0,0019;0;2;0;2;0;0;0;0;0;2
Kupplungssatz;479;16182;8;0,005;1;2;0;1;4;1;0;1;2;1
Kupplungssatz;479;137278;2;0,0012;0;2;1;0;1;1;0;0;0;0
Kupplungssatz;479;10161;2;0,0012;1;1;2;2;1;0;0;2;1;1
Kupplungssatz;479;5984;1;0,0006;1;1;1;1;1;1;0;1;1;0
Kupplungssatz;479;146293;1;0,0006;0;0;0;0;0;0;0;0;0;0
Kupplungssatz;479;12318;6;0,0037;0;2;0;2;2;0;0;0;0;0
Kupplungssatz;479;16693;1;0,0006;0;1;0;1;1;0;0;0;1;1
Kupplungssatz;479;2778;3;0,0019;0;3;0;0;1;0;0;0;0;3
Kupplungssatz;479;57404;3;0,0019;0;0;1;0;4;1;0;0;1;2
Kupplungssatz;479;58765;4;0,0025;1;4;4;1;2;0;0;1;1;5
Kupplungssatz;479;5656;1;0,0006;0;1;1;1;3;0;0;0;1;1
Kupplungssatz;479;11107;1;0,0006;1;1;1;1;1;0;0;0;1;1
Kupplungssatz;479;123511;2;0,0012;0;0;0;0;0;0;0;0;0;0
Kupplungssatz;479;18685;5;0,0031;2;3;2;3;2;2;0;2;1;1
Kupplungssatz;479;16480;1;0,0006;0;1;0;0;2;0;0;0;0;1
Kupplungssatz;479;3417;1;0,0006;1;0;0;1;0;0;0;1;1;0
Kupplungssatz;479;133200;2;0,0012;0;1;0;1;2;0;0;0;0;2
Kupplungssatz;479;19947;12;0,0075;2;3;0;2;3;2;0;1;2;3
Kupplungssatz;479;9438;1;0,0006;0;0;0;0;0;1;0;0;0;0
Kupplungssatz;479;31111;17;0,0106;1;1;2;1;1;1;0;1;1;2
Kupplungssatz;479;56172;7;0,0044;1;1;1;1;1;0;0;0;1;2
Kupplungssatz;479;15109;93;0,0581;1;1;0;1;2;1;0;0;1;1
Kupplungssatz;479;17569;86;0,0537;2;1;1;3;1;1;0;1;1;1
Kupplungssatz;479;26552;20;0,0125;1;1;0;1;2;1;0;1;1;2
Kupplungssatz;479;8211;13;0,0081;1;1;1;1;3;1;0;1;1;1
Kupplungssatz;479;16685;4;0,0025;1;2;3;2;2;2;0;2;2;2
Kupplungssatz;479;58663;14;0,0087;1;2;1;1;4;1;0;1;2;1
Kupplungssatz;479;3520;18;0,0112;1;2;0;1;1;1;0;1;1;0
Kupplungssatz;479;112374;6;0,0037;3;2;2;2;4;0;0;0;3;4
Kupplungssatz;479;58618;4;0,0025;2;2;1;2;1;0;0;1;0;2
Kupplungssatz;479;107761;33;0,0206;0;3;2;2;4;0;0;0;2;3
Kupplungssatz;479;16249;1;0,0006;0;1;0;1;2;1;0;0;1;2
Kupplungssatz;479;18144;3;0,0019;0;0;0;0;4;0;0;0;0;2
Kupplungssatz;479;16053;21;0,0131;0;1;1;1;1;0;0;0;1;1
Kupplungssatz;479;133594;2;0,0012;1;5;0;0;3;1;0;1;0;3
Kupplungssatz;479;139348;1;0,0006;0;2;0;2;0;0;0;1;6;6
Kupplungssatz;479;130738;4;0,0025;1;2;1;0;2;0;0;0;2;2
Kupplungssatz;479;27332;38;0,0237;3;2;2;2;1;0;0;2;0;1
Kupplungssatz;479;3970;1;0,0006;0;3;0;0;0;0;0;0;2;1
Kupplungssatz;479;110001;2;0,0012;1;1;1;1;2;2;0;1;0;0
Kupplungssatz;479;19725;144;0,0899;9;8;7;6;10;2;0;1;8;8
Kupplungssatz;479;56730;40;0,025;2;2;1;2;4;1;0;2;3;2
Kupplungssatz;479;986;13;0,0081;2;5;4;2;6;0;0;1;4;5
Kupplungssatz;479;13994;21;0,0131;1;1;1;1;0;1;0;1;1;2
Kupplungssatz;479;5220;6;0,0037;1;2;2;2;3;3;0;0;2;1
Kupplungssatz;479;111989;45;0,0281;3;4;3;3;6;1;0;1;6;4
Kupplungssatz;479;145196;6;0,0037;0;2;0;2;2;0;0;1;3;3
Kupplungssatz;479;116185;12;0,0075;0;6;0;3;5;0;0;0;0;5
Kupplungssatz;479;5540;1;0,0006;0;6;0;1;5;0;0;0;3;3
Kupplungssatz;479;133169;5;0,0031;0;1;0;1;0;0;0;0;0;3
Kupplungssatz;479;60;10;0,0062;0;3;1;2;2;0;0;0;2;2
Kupplungssatz;479;126414;26;0,0162;0;3;2;3;3;0;0;0;3;5
Kupplungssatz;479;17257;3;0,0019;1;1;1;1;0;1;0;1;0;0
Kupplungssatz;479;10064;11;0,0069;2;2;2;3;2;0;0;0;2;2
Kupplungssatz;479;16286;4;0,0025;1;1;1;2;3;2;0;1;2;1
Kupplungssatz;479;9707;3;0,0019;3;3;3;3;3;0;0;2;5;6
Kupplungssatz;479;114870;1;0,0006;0;5;1;3;3;0;0;0;2;5
Kupplungssatz;479;136121;1;0,0006;0;0;0;0;0;0;0;0;0;0
Kupplungssatz;479;14797;47;0,0294;8;5;5;5;6;1;0;1;7;6
Kupplungssatz;479;57456;47;0,0294;0;3;0;2;2;0;0;1;1;2
Kupplungssatz;479;57401;69;0,0431;2;4;1;2;3;0;0;1;2;2
Kupplungssatz;479;16565;1;0,0006;0;0;0;0;0;0;0;0;0;0
Kupplungssatz;479;18913;1;0,0006;2;3;2;1;3;1;0;1;2;2
Kupplungssatz;479;17978;23;0,0144;2;3;4;1;2;1;0;1;2;2
Kupplungssatz;479;6763;2;0,0012;2;0;0;1;1;2;0;0;1;0
Kupplungssatz;479;7888;9;0,0056;2;2;1;0;2;2;0;1;1;2
Kupplungssatz;479;133535;1;0,0006;0;0;1;0;0;0;0;1;0;0
Kupplungssatz;479;100941;1;0,0006;0;1;1;1;2;0;0;1;1;2
Kupplungssatz;479;58284;1;0,0006;0;2;1;1;3;0;0;1;0;2
Kupplungssatz;479;15332;5;0,0031;1;2;2;0;2;0;0;0;2;1
Kupplungssatz;479;11884;1;0,0006;0;0;0;0;0;0;0;0;0;0
Kupplungssatz;479;133176;7;0,0044;1;1;1;0;2;2;0;1;0;1
Kupplungssatz;479;33780;18;0,0112;1;1;1;1;4;1;0;1;1;2
Kupplungssatz;479;19524;11;0,0069;1;2;2;1;7;1;0;1;2;5
Kupplungssatz;479;8769;2;0,0012;1;1;1;0;0;0;0;0;1;2
Kupplungssatz;479;20785;5;0,0031;0;0;0;0;1;2;0;0;0;0
Kupplungssatz;479;1837;2;0,0012;1;1;2;1;1;0;0;0;1;1
Kupplungssatz;479;131412;22;0,0137;1;1;1;1;3;1;0;1;1;1
Kupplungssatz;479;20110;1;0,0006;0;1;0;0;1;0;0;0;0;1
Kupplungssatz;479;2988;1;0,0006;0;0;0;0;1;0;0;0;0;1
Kupplungssatz;479;8715;2;0,0012;3;2;0;1;0;2;0;0;0;0
Kupplungssatz;479;58945;35;0,0219;2;3;1;2;4;0;0;1;1;2
Kupplungssatz;479;689;1;0,0006;1;2;0;1;1;0;0;0;1;1
Kupplungssatz;479;128525;1;0,0006;0;2;0;0;0;0;0;2;0;2
Kupplungssatz;479;27101;1;0,0006;0;1;0;1;3;0;0;0;0;0
Kupplungssatz;479;10274;4;0,0025;2;2;2;2;3;0;0;0;2;2
Kupplungssatz;479;59263;21;0,0131;2;2;0;2;1;0;0;0;0;3
Kupplungssatz;479;4772;6;0,0037;1;1;1;1;4;1;0;1;1;2
Kupplungssatz;479;23498;3;0,0019;3;2;1;2;2;1;0;2;2;3
Kupplungssatz;479;58360;4;0,0025;2;2;1;1;2;0;0;1;2;2
Kupplungssatz;479;120723;4;0,0025;0;1;0;2;1;1;0;0;0;2
Kupplungssatz;479;32071;10;0,0062;0;2;2;2;2;0;0;0;2;4
Kupplungssatz;479;15436;3;0,0019;0;1;0;2;1;1;0;0;0;0
Kupplungssatz;479;2322;1;0,0006;1;2;0;2;4;1;0;0;1;1
Kupplungssatz;479;19546;1;0,0006;0;1;0;1;2;0;0;0;0;2
Kupplungssatz;479;2966;2;0,0012;0;0;0;0;1;0;0;0;0;6
Kupplungssatz;479;5217;9;0,0056;1;2;1;2;2;1;0;1;2;1
Kupplungssatz;479;17991;1;0,0006;1;2;2;0;7;1;0;1;2;2
Kupplungssatz;479;114890;4;0,0025;0;4;0;1;0;0;0;0;0;1
Kupplungssatz;479;9814;4;0,0025;1;2;1;1;2;1;0;1;1;1
Kupplungssatz;479;18956;2;0,0012;3;3;3;2;3;2;0;1;5;3
Kupplungssatz;479;14772;2;0,0012;0;2;1;1;2;0;0;0;1;2
Kupplungssatz;479;18380;4;0,0025;1;2;1;1;2;1;0;1;1;1
Kupplungssatz;479;4612;2;0,0012;0;1;1;1;1;1;0;0;0;0
Kupplungssatz;479;57157;2;0,0012;1;0;0;0;0;0;0;0;0;0
Kupplungssatz;479;19155;1;0,0006;1;1;0;1;3;0;0;1;0;0
Kupplungssatz;479;8036;2;0,0012;1;1;1;1;4;2;0;1;1;1
Kupplungssatz;479;33372;7;0,0044;1;3;1;1;2;1;0;1;1;3
Kupplungssatz;479;113328;4;0,0025;2;6;4;4;2;0;0;3;2;2
Kupplungssatz;479;59602;12;0,0075;2;5;1;2;3;1;0;2;0;1
Kupplungssatz;479;138845;4;0,0025;0;1;0;1;2;0;0;0;0;3
Kupplungssatz;479;58800;4;0,0025;0;2;1;2;3;0;0;1;0;3
Kupplungssatz;479;111083;7;0,0044;0;0;0;0;1;0;0;0;2;0
Kupplungssatz;479;107511;4;0,0025;3;3;5;3;3;0;0;2;3;8
Kupplungssatz;479;13163;6;0,0037;0;6;2;0;5;0;0;0;2;3
Kupplungssatz;479;11783;12;0,0075;0;3;2;1;1;0;0;1;1;2
Kupplungssatz;479;18006;1;0,0006;0;0;0;0;2;0;0;0;0;2
Kupplungssatz;479;19715;252;0,1574;1;1;1;1;2;1;0;1;1;1
Kupplungssatz;479;3638;1;0,0006;2;1;1;1;2;1;0;1;1;1
Kupplungssatz;479;19864;5;0,0031;2;2;3;2;2;1;0;2;2;3
Kupplungssatz;479;19468;188;0,1174;1;4;2;1;2;1;0;1;1;2
Kupplungssatz;479;118960;2;0,0012;0;1;1;0;1;0;0;1;0;1
Kupplungssatz;479;8996;9;0,0056;3;4;4;2;4;0;0;1;2;7
Kupplungssatz;479;30372;2;0,0012;1;2;0;2;2;0;0;0;0;1
Kupplungssatz;479;19844;10;0,0062;0;1;2;1;2;0;0;0;1;1
Kupplungssatz;479;19027;17;0,0106;1;2;2;1;6;1;0;1;2;5
Kupplungssatz;479;15101;4;0,0025;1;1;1;1;4;1;0;1;1;2
Kupplungssatz;479;134116;2;0,0012;0;0;0;0;1;0;0;0;0;0
Kupplungssatz;479;2470;1;0,0006;1;1;0;0;1;0;0;0;1;2
Kupplungssatz;479;2477;57;0,0356;1;1;1;1;3;1;0;1;1;2
Kupplungssatz;479;143034;1;0,0006;0;0;0;0;1;0;0;0;0;0
Kupplungssatz;479;135596;1;0,0006;0;0;0;0;1;0;0;0;0;1
Kupplungssatz;479;58058;1;0,0006;1;1;0;1;3;0;0;0;0;2
Kupplungssatz;479;16004;1;0,0006;0;1;0;1;1;0;0;0;1;1
Kupplungssatz;479;10590;2;0,0012;0;2;0;0;1;0;0;0;1;1
Kupplungssatz;479;7938;19;0,0119;0;1;0;1;1;0;0;0;0;1
Kupplungssatz;479;10697;2;0,0012;1;1;2;1;4;0;0;0;1;1
Kupplungssatz;479;10765;1;0,0006;2;0;0;1;0;1;0;0;0;0
Kupplungssatz;479;3419;3;0,0019;1;1;1;1;2;1;0;1;1;0
Kupplungssatz;479;32589;3;0,0019;1;1;1;1;2;1;0;1;1;2
Kupplungssatz;479;135552;1;0,0006;2;2;0;1;0;0;0;0;0;1
Kupplungssatz;479;19172;2;0,0012;0;1;1;1;1;0;0;0;1;1
Kupplungssatz;479;136152;1;0,0006;0;1;1;2;2;0;0;2;0;3
Kupplungssatz;479;59311;8;0,005;1;1;1;1;4;1;0;1;2;2
Kupplungssatz;479;5037;1;0,0006;1;1;1;1;2;2;0;0;1;1
Kupplungssatz;479;153853;2;0,0012;0;0;0;0;0;0;0;0;0;0
Kupplungssatz;479;139307;41;0,0256;0;3;0;1;4;1;0;2;0;1
Kupplungssatz;479;19970;16;0,01;2;3;2;2;2;0;0;0;3;3
Kupplungssatz;479;57464;15;0,0094;2;2;1;1;2;0;0;1;2;2
Kupplungssatz;479;139021;54;0,0337;1;1;1;1;1;0;0;0;1;1
Kupplungssatz;479;19865;4;0,0025;2;2;3;2;2;1;0;2;2;3
Kupplungssatz;479;135073;1;0,0006;0;0;0;0;1;0;0;0;0;1
Kupplungssatz;479;15770;1;0,0006;0;2;0;0;0;0;0;0;0;0
Kupplungssatz;479;3740;2;0,0012;1;2;1;0;2;0;0;0;2;3
Kupplungssatz;479;1077;1;0,0006;1;1;1;0;1;0;0;0;1;0
Kupplungssatz;479;18891;1;0,0006;2;2;1;0;5;0;0;0;0;0
Kupplungssatz;479;19785;1;0,0006;0;2;2;3;3;0;0;0;0;2
Kupplungssatz;479;17268;3;0,0019;0;1;0;1;1;0;0;0;0;1
Kupplungssatz;479;13647;1;0,0006;0;2;0;0;0;0;0;0;0;1
Kupplungssatz;479;126877;1;0,0006;1;3;0;2;3;0;0;1;0;0
Kupplungssatz;479;58545;13;0,0081;2;3;2;3;5;0;0;2;1;3
Kupplungssatz;479;26742;3;0,0019;0;1;1;1;1;1;0;0;2;1
Kupplungssatz;479;10825;10;0,0062;0;3;2;2;3;0;0;1;2;3
Kupplungssatz;479;117957;5;0,0031;2;0;3;0;4;0;0;1;0;4
Kupplungssatz;479;16726;5;0,0031;1;2;1;0;7;1;0;1;2;2
Kupplungssatz;479;25499;2;0,0012;3;6;5;4;9;0;0;2;4;7
Kupplungssatz;479;108178;28;0,0175;3;2;3;2;4;0;0;1;1;3
Kupplungssatz;479;59931;3;0,0019;1;1;0;0;0;0;0;0;1;0
Kupplungssatz;479;14232;1;0,0006;0;0;1;0;0;1;0;0;0;0
Kupplungssatz;479;28288;1;0,0006;0;1;0;0;2;0;0;0;0;0
Kupplungssatz;479;9324;1;0,0006;1;0;0;0;1;1;0;0;0;1
Kupplungssatz;479;57391;1;0,0006;1;2;2;2;3;0;0;2;2;4
Kupplungssatz;479;23308;4;0,0025;5;4;2;4;4;3;0;3;2;2
Kupplungssatz;479;16209;85;0,0531;1;1;1;1;4;1;0;1;1;1
Kupplungssatz;479;127928;1;0,0006;0;3;2;1;5;0;0;0;1;1
Kupplungssatz;479;34154;1;0,0006;0;1;0;0;0;0;0;0;1;2
Kupplungssatz;479;119333;1;0,0006;0;0;1;0;1;1;0;0;0;0
Kupplungssatz;479;28240;2;0,0012;0;1;0;0;1;0;0;0;0;1
Kupplungssatz;479;137226;4;0,0025;0;3;0;2;2;0;0;0;0;0
Kupplungssatz;479;29491;2;0,0012;4;5;2;3;1;1;0;1;2;1
Kupplungssatz;479;19826;1;0,0006;1;1;1;1;3;0;0;0;1;1
Kupplungssatz;479;25456;25;0,0156;0;4;2;1;4;0;0;0;0;1
Kupplungssatz;479;3388;1;0,0006;1;1;1;1;1;1;0;1;0;1
Kupplungssatz;479;32129;2;0,0012;1;1;0;1;2;0;0;1;0;0
Kupplungssatz;479;58700;7;0,0044;1;1;0;1;0;1;0;1;0;0
Kupplungssatz;479;123961;1;0,0006;1;2;0;0;0;0;0;0;0;0
Kupplungssatz;479;2482;5;0,0031;1;1;1;1;4;0;0;0;1;1
Kupplungssatz;479;1753;4;0,0025;1;0;1;1;2;0;0;0;1;2
Kupplungssatz;479;57455;25;0,0156;2;2;2;3;2;1;0;2;2;1
Kupplungssatz;479;143419;2;0,0012;2;1;0;1;1;0;0;0;0;1
Kupplungssatz;479;2783;2;0,0012;0;3;0;2;1;0;0;0;2;3
Kupplungssatz;479;17755;20;0,0125;1;1;1;2;1;1;0;1;0;0
Kupplungssatz;479;10235;2;0,0012;1;1;1;1;1;0;0;0;0;0
Kupplungssatz;479;140385;2;0,0012;0;0;0;0;1;0;0;0;0;0
Kupplungssatz;479;12053;30;0,0187;1;2;1;1;1;0;0;0;1;1
Kupplungssatz;479;7378;19;0,0119;1;6;6;4;9;1;0;0;5;5
Kupplungssatz;479;32076;12;0,0075;4;3;0;3;2;0;0;0;0;2
Kupplungssatz;479;8766;4;0,0025;1;1;1;0;0;0;0;0;1;2
Kupplungssatz;479;129654;4;0,0025;0;0;0;2;0;0;0;0;2;1
Kupplungssatz;479;19833;1;0,0006;1;1;1;1;0;0;0;0;1;1
Kupplungssatz;479;137990;9;0,0056;0;1;1;0;5;0;0;1;1;1
Kupplungssatz;479;8539;2;0,0012;0;1;0;0;0;0;0;0;0;0
Kupplungssatz;479;128188;1;0,0006;0;2;1;2;5;0;0;2;2;2
Kupplungssatz;479;141854;1;0,0006;0;3;1;0;1;0;0;0;0;2
Kupplungssatz;479;137731;2;0,0012;0;1;0;0;0;0;0;0;0;1
Kupplungssatz;479;5098;1;0,0006;3;2;1;2;3;0;0;0;1;2
Kupplungssatz;479;23234;4;0,0025;0;0;0;0;1;0;0;0;0;3
Kupplungssatz;479;18953;10;0,0062;4;3;4;2;3;0;0;3;3;3
Kupplungssatz;479;124634;3;0,0019;2;3;0;2;1;1;0;3;0;2
Kupplungssatz;479;135292;8;0,005;2;4;1;2;5;1;0;2;0;3
Kupplungssatz;479;9565;1;0,0006;1;2;0;1;1;1;0;1;1;1
Kupplungssatz;479;126600;30;0,0187;0;2;2;1;1;0;0;1;3;2
Kupplungssatz;479;16596;4;0,0025;1;2;3;1;3;0;0;0;2;2
Kupplungssatz;479;120847;5;0,0031;1;1;1;1;2;0;0;0;1;1
Kupplungssatz;479;3304;1;0,0006;1;1;1;1;1;1;0;1;1;0
Kupplungssatz;479;11146;3;0,0019;1;3;1;1;2;2;0;2;2;1
Kupplungssatz;479;141657;2;0,0012;0;0;0;0;1;0;0;1;0;0
Kupplungssatz;479;6837;8;0,005;1;3;2;2;4;0;0;1;4;4
Kupplungssatz;479;18425;1;0,0006;0;1;0;0;1;0;0;0;0;1
Kupplungssatz;479;120720;12;0,0075;1;1;1;1;2;0;0;0;1;1
Kupplungssatz;479;4826;3;0,0019;0;2;0;1;0;0;0;0;1;2
Kupplungssatz;479;18247;10;0,0062;1;2;1;1;3;1;0;1;1;1
Kupplungssatz;479;121230;1;0,0006;2;0;0;2;2;0;0;1;2;2
Kupplungssatz;479;8446;1;0,0006;1;4;1;1;0;1;0;1;1;1
Kupplungssatz;479;116704;5;0,0031;0;2;2;1;0;0;0;0;0;1
Kupplungssatz;479;5222;1;0,0006;0;2;2;1;1;1;0;1;1;1
Kupplungssatz;479;20183;1;0,0006;0;1;0;1;0;0;0;0;0;0
Kupplungssatz;479;15437;1;0,0006;0;0;0;2;0;1;0;0;0;0
Kupplungssatz;479;33529;2;0,0012;7;8;5;12;2;1;0;2;5;2
Kupplungssatz;479;17106;2;0,0012;0;0;0;0;2;0;0;0;0;2
Kupplungssatz;479;133106;1;0,0006;0;2;1;2;3;1;0;2;0;3
Kupplungssatz;479;3608;1;0,0006;2;0;1;2;1;1;0;0;0;0
Kupplungssatz;479;125092;3;0,0019;2;2;0;2;1;0;0;1;0;2
Kupplungssatz;479;4695;1;0,0006;1;1;1;1;1;1;0;1;1;0
Kupplungssatz;479;31352;7;0,0044;2;3;2;2;2;0;0;0;3;3
Kupplungssatz;479;137724;50;0,0312;0;1;1;0;5;2;0;1;0;1
Kupplungssatz;479;23176;50;0,0312;1;2;1;1;2;1;0;1;1;2
Kupplungssatz;479;22470;107;0,0668;1;3;1;1;1;1;0;1;2;0
Kupplungssatz;479;13085;2;0,0012;2;2;1;1;5;0;0;0;2;2
Kupplungssatz;479;16332;412;0,2573;1;4;1;1;4;2;0;2;2;1
Kupplungssatz;479;15722;5;0,0031;1;3;2;0;6;0;0;0;2;3
Kupplungssatz;479;23175;503;0,3142;1;2;1;1;2;1;0;1;1;2
Kupplungssatz;479;129815;7;0,0044;0;1;0;1;5;0;0;0;0;2
Kupplungssatz;479;2927;1;0,0006;0;0;0;0;1;0;0;0;0;1
Kupplungssatz;479;17079;21;0,0131;1;1;1;1;3;1;0;0;0;1
Kupplungssatz;479;123345;5;0,0031;0;1;0;1;1;0;0;0;1;1
Kupplungssatz;479;19905;15;0,0094;1;4;2;1;2;1;0;1;1;2
Kupplungssatz;479;18469;16;0,01;1;1;2;1;2;1;0;1;1;1
Kupplungssatz;479;122662;4;0,0025;2;2;0;1;7;0;0;0;0;5
Kupplungssatz;479;18796;60;0,0375;1;2;2;1;4;0;0;1;2;1
Kupplungssatz;479;10044;7;0,0044;0;1;0;1;1;0;0;0;1;1
Kupplungssatz;479;10539;5;0,0031;0;1;1;1;1;1;0;1;1;1
Kupplungssatz;479;59057;5;0,0031;2;3;1;2;5;0;0;1;1;2
Kupplungssatz;479;31544;37;0,0231;1;2;2;0;3;1;0;0;2;1
Kupplungssatz;479;30976;3;0,0019;1;3;1;1;1;0;0;0;1;3
Kupplungssatz;479;16892;1;0,0006;1;2;3;0;4;1;0;1;2;2
Kupplungssatz;479;4077;6;0,0037;1;1;2;1;0;0;0;0;1;1
Kupplungssatz;479;147920;5;0,0031;0;1;2;0;2;0;0;0;0;2
Kupplungssatz;479;112021;21;0,0131;0;2;1;2;3;0;0;1;1;2
Kupplungssatz;479;21555;1;0,0006;2;1;1;1;0;1;0;0;0;1
Kupplungssatz;479;100069;6;0,0037;0;3;2;2;3;0;0;1;2;3
Kupplungssatz;479;9909;1;0,0006;1;1;1;1;0;1;0;1;0;1
Kupplungssatz;479;23297;5;0,0031;1;1;1;1;1;1;0;1;1;1
Kupplungssatz;479;7828;2;0,0012;1;1;1;1;3;0;0;0;1;1
Kupplungssatz;479;105911;58;0,0362;1;5;3;2;4;0;0;2;0;2
Kupplungssatz;479;135709;6;0,0037;0;3;0;2;2;0;0;0;0;0
Kupplungssatz;479;111846;1;0,0006;0;0;0;0;0;0;0;0;0;1
Kupplungssatz;479;139136;3;0,0019;0;1;1;0;3;1;0;0;0;1
Kupplungssatz;479;18066;65;0,0406;1;5;1;3;4;1;0;2;1;4
Kupplungssatz;479;34172;1;0,0006;0;2;0;1;1;0;0;0;1;1
Kupplungssatz;479;118595;5;0,0031;0;2;0;3;0;0;0;0;0;2
Kupplungssatz;479;55124;9;0,0056;0;1;1;1;1;0;0;1;1;1
Kupplungssatz;479;107512;10;0,0062;3;3;5;3;3;0;0;2;3;8
Kupplungssatz;479;26648;1;0,0006;0;3;0;3;4;0;0;1;0;1
Kupplungssatz;479;113409;2;0,0012;1;1;1;1;0;0;0;0;0;1
Kupplungssatz;479;55605;1;0,0006;1;0;1;1;1;2;0;0;0;0
Kupplungssatz;479;9516;1;0,0006;2;2;1;1;5;1;0;0;2;2
Kupplungssatz;479;111894;1;0,0006;2;1;1;1;2;0;0;1;1;1
Kupplungssatz;479;18801;1;0,0006;1;1;1;1;1;1;0;1;1;2
Kupplungssatz;479;110549;1;0,0006;0;3;2;1;4;0;0;0;2;3
Kupplungssatz;479;143090;1;0,0006;0;0;3;0;1;0;0;0;0;0
Kupplungssatz;479;128596;1;0,0006;0;2;0;0;1;0;0;0;0;1
Kupplungssatz;479;25762;2;0,0012;1;3;1;1;3;1;0;1;1;2
Kupplungssatz;479;116493;3;0,0019;1;1;0;1;1;1;0;1;1;0
Kupplungssatz;479;141048;7;0,0044;1;1;0;2;0;0;0;0;0;1
Kupplungssatz;479;15584;14;0,0087;0;1;1;1;1;0;0;0;1;1
Kupplungssatz;479;16263;1;0,0006;0;1;0;1;1;0;0;0;0;0
Kupplungssatz;479;15587;3;0,0019;2;2;1;1;1;3;0;1;1;0
Kupplungssatz;479;3980;10;0,0062;3;2;2;2;4;0;0;1;3;2
Kupplungssatz;479;16358;10;0,0062;1;1;1;1;1;2;0;1;1;2
Kupplungssatz;479;29929;63;0,0393;3;3;3;4;6;1;0;1;2;6
Kupplungssatz;479;143426;1;0,0006;0;2;1;1;1;0;0;0;0;1
Kupplungssatz;479;55111;1;0,0006;0;0;0;1;0;0;0;0;0;1
Kupplungssatz;479;5821;5;0,0031;2;2;2;2;2;0;0;0;2;2
Kupplungssatz;479;15111;2;0,0012;2;1;0;1;3;0;0;0;1;2
Kupplungssatz;479;26585;3;0,0019;1;1;1;1;1;1;0;0;0;1
Kupplungssatz;479;29286;55;0,0344;1;1;1;2;1;1;0;0;0;3
Kupplungssatz;479;2150;6;0,0037;3;3;2;3;4;0;0;0;0;3
Kupplungssatz;479;31080;21;0,0131;1;1;1;1;1;0;0;0;1;1
Kupplungssatz;479;7722;1;0,0006;1;0;1;1;1;2;0;0;0;1
Kupplungssatz;479;15554;1;0,0006;1;2;2;2;4;1;0;0;2;3
Kupplungssatz;479;7890;3;0,0019;1;1;2;1;7;1;0;0;3;3
Kupplungssatz;479;4650;10;0,0062;1;1;1;1;2;0;0;0;1;1
Kupplungssatz;479;33328;11;0,0069;1;1;1;1;2;1;0;1;1;2
Kupplungssatz;479;34929;1;0,0006;1;0;0;2;0;0;0;0;0;0
Kupplungssatz;479;2923;1;0,0006;0;1;0;0;1;0;0;0;0;1
Kupplungssatz;479;127208;3;0,0019;0;1;0;1;1;0;0;0;1;1
Kupplungssatz;479;30765;7;0,0044;0;2;2;2;1;0;0;0;2;2
Kupplungssatz;479;17235;36;0,0225;1;2;2;1;0;1;0;1;1;1
Kupplungssatz;479;14696;1;0,0006;3;1;1;1;2;2;0;1;1;1
Kupplungssatz;479;103626;1;0,0006;0;0;0;0;0;0;0;0;0;0
Kupplungssatz;479;55912;2;0,0012;3;2;1;2;4;0;0;1;0;3
Kupplungssatz;479;2852;1;0,0006;0;2;0;1;0;0;0;0;1;2
Kupplungssatz;479;16161;2;0,0012;2;2;1;1;2;2;0;0;2;3
Kupplungssatz;479;1666;2;0,0012;1;3;1;1;2;0;0;0;1;1
Kupplungssatz;479;120721;2;0,0012;0;1;0;2;1;1;0;0;0;2
Kupplungssatz;479;100054;1;0,0006;0;1;0;1;1;0;0;0;0;0
Kupplungssatz;479;56779;6;0,0037;1;1;1;1;3;0;0;1;1;1
Kupplungssatz;479;1305;1;0,0006;0;3;2;0;0;0;0;0;3;3
Kupplungssatz;479;18209;1;0,0006;1;2;0;2;1;0;0;2;2;0
Kupplungssatz;479;117579;3;0,0019;0;1;1;1;4;0;0;0;0;2
Kupplungssatz;479;113310;6;0,0037;1;3;1;1;6;0;0;1;1;2
Kupplungssatz;479;29298;1;0,0006;0;0;2;0;0;0;0;0;0;0
Kupplungssatz;479;11307;1;0,0006;2;1;0;1;1;0;0;0;0;0
Kupplungssatz;479;111790;14;0,0087;0;2;1;0;1;0;0;0;2;2
Kupplungssatz;479;29733;2;0,0012;0;0;0;0;0;0;0;0;0;0
Kupplungssatz;479;1421;1;0,0006;0;1;0;0;1;0;0;0;0;0
Kupplungssatz;479;5188;2;0,0012;2;2;2;1;1;0;0;0;2;1
Kupplungssatz;479;9258;3;0,0019;1;2;1;1;2;1;0;1;1;2
Kupplungssatz;479;16099;6;0,0037;0;1;0;0;0;0;0;0;0;1
Kupplungssatz;479;17849;3;0,0019;1;2;1;0;7;1;0;1;2;3
Kupplungssatz;479;17394;10;0,0062;1;4;1;1;2;2;0;2;1;1
Kupplungssatz;479;56127;16;0,01;1;1;1;0;3;1;0;0;1;0
Kupplungssatz;479;17345;7;0,0044;1;1;2;1;1;1;0;1;1;1
Kupplungssatz;479;137033;10;0,0062;0;1;0;1;2;0;0;0;1;0
Kupplungssatz;479;115216;104;0,065;1;2;1;2;0;0;0;1;1;3
Kupplungssatz;479;8373;2;0,0012;1;1;0;1;0;1;0;1;1;1
Kupplungssatz;479;138881;5;0,0031;0;3;0;2;4;1;0;1;0;2
Kupplungssatz;479;8170;37;0,0231;3;4;2;3;7;0;0;2;5;3
Kupplungssatz;479;59584;27;0,0169;1;1;1;1;0;0;0;0;1;1
Kupplungssatz;479;100798;32;0,02;2;3;1;2;4;0;0;1;1;2
Kupplungssatz;479;112245;5;0,0031;0;3;2;2;4;0;0;0;2;3
Kupplungssatz;479;147975;2;0,0012;0;1;0;0;0;0;0;0;0;0
Kupplungssatz;479;57731;26;0,0162;1;2;1;1;3;0;0;0;1;1
Kupplungssatz;479;113905;2;0,0012;1;3;0;2;4;1;0;0;1;3
Kupplungssatz;479;122439;9;0,0056;1;5;1;4;2;0;0;2;0;8
Kupplungssatz;479;117721;69;0,0431;0;4;0;3;4;0;0;0;0;3
Kupplungssatz;479;131971;1;0,0006;0;0;1;0;1;0;0;0;1;1
Kupplungssatz;479;33230;3;0,0019;1;2;1;1;4;1;0;1;2;2
Kupplungssatz;479;7752;30;0,0187;1;4;1;2;3;1;0;2;1;4
Kupplungssatz;479;30437;5;0,0031;0;3;1;1;2;0;0;0;2;2
Kupplungssatz;479;1954;1;0,0006;1;0;1;1;2;1;0;0;1;1
Kupplungssatz;479;124859;1;0,0006;0;1;0;0;0;0;0;0;0;2
Kupplungssatz;479;55134;4;0,0025;0;2;0;2;2;0;0;0;0;2
Kupplungssatz;479;23857;5;0,0031;1;2;1;1;3;1;0;1;2;2
Kupplungssatz;479;113872;4;0,0025;1;3;0;2;4;1;0;0;1;2
Kupplungssatz;479;10079;42;0,0262;2;1;1;2;2;2;0;1;1;0
Kupplungssatz;479;34294;2;0,0012;2;3;0;1;5;0;0;0;1;4
Kupplungssatz;479;5337;7;0,0044;0;1;2;1;1;1;0;0;1;1
Kupplungssatz;479;133038;5;0,0031;0;2;2;1;4;0;0;0;0;3
Kupplungssatz;479;34097;3;0,0019;1;1;0;2;2;1;0;0;1;3
Kupplungssatz;479;3778;3;0,0019;1;2;1;2;1;0;0;0;1;3
Kupplungssatz;479;152692;1;0,0006;0;0;0;0;0;0;0;0;0;0
Kupplungssatz;479;100491;22;0,0137;2;1;0;2;2;1;0;0;1;2
Kupplungssatz;479;8014;6;0,0037;0;4;1;3;3;0;0;0;2;3
Kupplungssatz;479;109838;3;0,0019;0;2;1;1;5;0;0;2;2;3
Kupplungssatz;479;18909;1;0,0006;2;3;2;1;3;1;0;1;2;2
Kupplungssatz;479;56897;16;0,01;2;3;1;3;1;0;0;0;2;7
Kupplungssatz;479;23462;101;0,0631;4;4;4;2;4;1;0;2;2;5
Kupplungssatz;479;116702;6;0,0037;0;3;2;1;2;0;0;2;2;2
Kupplungssatz;479;30670;2;0,0012;0;1;0;0;0;0;0;0;0;0
Kupplungssatz;479;18087;4;0,0025;0;2;1;2;4;0;0;0;1;2
Kupplungssatz;479;33713;7;0,0044;1;1;1;2;2;3;0;0;0;1
Kupplungssatz;479;8206;2;0,0012;1;3;2;2;4;0;0;1;4;5
Kupplungssatz;479;15696;4;0,0025;2;2;1;2;2;2;0;0;2;4
Kupplungssatz;479;127360;1;0,0006;4;2;1;1;7;3;0;1;2;3
Kupplungssatz;479;33399;26;0,0162;4;4;1;4;4;3;0;3;3;4
Kupplungssatz;479;142450;2;0,0012;0;1;0;1;5;0;0;0;0;2
Kupplungssatz;479;138164;1;0,0006;0;5;0;3;3;0;0;0;1;4
Kupplungssatz;479;120126;1;0,0006;0;0;0;0;0;0;0;0;0;0
Kupplungssatz;479;469;1;0,0006;1;3;0;0;3;0;0;0;1;3
Kupplungssatz;479;56736;1;0,0006;4;2;0;2;8;1;0;2;2;2
Kupplungssatz;479;29583;1;0,0006;0;2;0;3;1;0;0;0;0;1
Kupplungssatz;479;112379;1;0,0006;0;2;0;2;3;1;0;2;2;2
Kupplungssatz;479;30635;1;0,0006;1;1;1;1;1;0;0;0;0;0
Kupplungssatz;479;11806;1;0,0006;1;2;2;1;2;1;0;0;0;0
Kupplungssatz;479;108398;6;0,0037;0;3;2;2;3;0;0;2;2;3
Kupplungssatz;479;4532;1;0,0006;0;0;1;1;0;1;0;0;0;0
Kupplungssatz;479;111782;1;0,0006;3;3;2;3;5;0;0;2;5;3
Kupplungssatz;479;12959;4;0,0025;4;2;2;2;2;0;0;0;1;3
Kupplungssatz;479;25503;54;0,0337;3;4;2;0;3;0;0;0;2;3
Kupplungssatz;479;16034;1;0,0006;0;0;0;0;1;0;0;0;0;2
Kupplungssatz;479;29568;1;0,0006;0;1;1;0;0;0;0;0;0;0
Kupplungssatz;479;34507;1;0,0006;2;4;0;1;2;0;0;1;2;5
Kupplungssatz;479;2983;3;0,0019;0;0;0;0;1;0;0;0;0;1
Kupplungssatz;479;120597;16;0,01;1;1;1;1;2;0;0;0;1;1
Kupplungssatz;479;19116;3;0,0019;0;2;2;0;2;0;0;0;2;2
Kupplungssatz;479;20884;9;0,0056;0;1;2;3;0;0;0;1;2;0
Kupplungssatz;479;138535;7;0,0044;2;2;4;2;3;1;0;0;2;4
Kupplungssatz;479;18388;31;0,0194;1;4;1;1;2;1;0;1;1;2
Kupplungssatz;479;106513;22;0,0137;2;1;1;1;1;0;0;1;1;1
Kupplungssatz;479;33231;2;0,0012;2;1;1;1;4;2;0;1;1;2
Kupplungssatz;479;8210;2;0,0012;1;2;3;2;5;0;0;2;2;1
Kupplungssatz;479;58926;5;0,0031;0;1;0;1;1;0;0;0;1;1
Kupplungssatz;479;19008;52;0,0325;1;1;1;0;7;2;0;1;1;1
Kupplungssatz;479;111078;35;0,0219;1;1;0;1;5;1;0;1;1;1
Kupplungssatz;479;19152;2;0,0012;1;1;0;1;3;0;0;1;0;0
Kupplungssatz;479;4543;2;0,0012;1;1;2;1;1;1;0;0;1;1
Kupplungssatz;479;8924;2;0,0012;3;1;1;2;2;1;0;1;1;1
Kupplungssatz;479;34919;8;0,005;3;1;1;1;2;1;0;0;2;3
Kupplungssatz;479;34953;12;0,0075;1;1;1;1;3;1;0;1;1;2
Kupplungssatz;479;15832;2;0,0012;0;3;0;0;8;0;0;0;2;3
Kupplungssatz;479;58664;52;0,0325;1;2;1;1;4;1;0;1;2;1
Kupplungssatz;479;31001;1;0,0006;0;1;2;1;1;0;0;0;1;1
Kupplungssatz;479;23235;2;0,0012;2;3;0;2;2;2;0;1;2;3
Kupplungssatz;479;20055;5;0,0031;1;2;1;1;2;1;0;1;1;2
Kupplungssatz;479;16059;3;0,0019;0;1;1;1;1;0;0;0;1;2
Kupplungssatz;479;1396;19;0,0119;0;1;1;0;0;0;0;0;1;1
Kupplungssatz;479;3415;8;0,005;0;2;1;2;1;1;0;1;0;1
Kupplungssatz;479;18789;12;0,0075;2;2;2;2;4;1;0;2;2;3
Kupplungssatz;479;1871;15;0,0094;1;4;2;2;3;0;0;0;2;2
Kupplungssatz;479;145071;2;0,0012;0;0;0;0;2;0;0;0;0;2
Kupplungssatz;479;1800;5;0,0031;4;3;0;2;4;0;0;0;0;2
Kupplungssatz;479;132309;21;0,0131;1;2;1;1;0;0;0;0;1;2
Kupplungssatz;479;129202;2;0,0012;1;2;1;1;2;1;0;1;1;2
Kupplungssatz;479;9541;1;0,0006;1;1;1;1;3;1;0;0;1;0
Kupplungssatz;479;4723;2;0,0012;0;1;1;1;1;0;0;0;1;1
Kupplungssatz;479;136628;2;0,0012;1;2;0;0;2;0;0;0;0;2
Kupplungssatz;479;34924;34;0,0212;3;1;1;1;2;1;0;0;2;3
Kupplungssatz;479;10922;1;0,0006;0;1;1;1;1;1;0;1;1;0
Kupplungssatz;479;125769;16;0,01;0;1;0;0;0;0;0;0;0;0
Kupplungssatz;479;21535;2;0,0012;1;0;0;1;0;1;0;1;0;0
Kupplungssatz;479;11414;3;0,0019;1;1;1;1;1;2;0;0;1;1
Kupplungssatz;479;138133;1;0,0006;3;3;3;0;3;0;0;1;0;7
Kupplungssatz;479;113863;15;0,0094;0;1;2;1;2;1;0;1;2;1
Kupplungssatz;479;11363;1;0,0006;0;3;3;1;3;0;0;0;2;1
Kupplungssatz;479;115158;26;0,0162;0;3;3;2;2;0;0;1;1;3
Kupplungssatz;479;56245;3;0,0019;0;0;1;0;0;0;0;0;0;0
Kupplungssatz;479;15959;3;0,0019;2;0;3;2;5;2;0;0;0;2
Kupplungssatz;479;115231;1;0,0006;0;1;0;1;2;1;0;0;1;1
Kupplungssatz;479;138216;1;0,0006;0;0;0;2;7;0;0;0;0;5
Kupplungssatz;479;131166;1;0,0006;2;2;0;1;0;0;0;0;0;1
Kupplungssatz;479;55115;1;0,0006;0;4;2;0;2;0;0;0;0;3
Kupplungssatz;479;19899;12;0,0075;2;2;1;2;4;3;0;2;2;4
Kupplungssatz;479;14426;1;0,0006;1;1;1;1;1;1;0;0;1;1
Kupplungssatz;479;19799;2;0,0012;2;3;2;2;3;0;0;0;3;3
Kupplungssatz;479;1936;1;0,0006;1;2;2;1;1;0;0;0;2;0
Kupplungssatz;479;6981;4;0,0025;0;3;0;2;3;0;0;0;0;3
Kupplungssatz;479;144673;2;0,0012;2;0;0;0;2;0;0;0;0;3
Kupplungssatz;479;25463;3;0,0019;1;1;0;1;0;1;0;1;0;1
Kupplungssatz;479;14791;31;0,0194;1;1;0;1;1;2;0;1;1;2
Kupplungssatz;479;100059;17;0,0106;0;5;1;4;0;0;0;0;0;4
Kupplungssatz;479;17076;2;0,0012;1;0;0;2;1;0;0;0;0;0
Kupplungssatz;479;55892;1;0,0006;0;1;0;0;0;0;0;0;0;0
Kupplungssatz;479;9809;4;0,0025;1;4;2;1;1;1;0;1;1;1
Kupplungssatz;479;123387;2;0,0012;0;2;0;0;0;0;0;0;0;0
Kupplungssatz;479;29480;8;0,005;1;1;0;1;1;1;0;1;0;0
Kupplungssatz;479;15518;6;0,0037;1;1;1;1;2;2;0;1;1;1
Kupplungssatz;479;349;21;0,0131;0;2;1;0;0;0;0;0;0;1
Kupplungssatz;479;127942;29;0,0181;0;2;0;2;3;0;0;1;1;2
Kupplungssatz;479;8384;1;0,0006;0;1;0;0;1;0;0;0;0;1
Kupplungssatz;479;13960;43;0,0269;2;2;1;1;1;0;0;0;1;1
Kupplungssatz;479;33209;26;0,0162;2;2;0;2;1;2;0;2;0;0
Kupplungssatz;479;154572;3;0,0019;0;1;0;0;0;0;0;0;0;0
Kupplungssatz;479;33324;30;0,0187;1;3;1;1;1;1;0;0;1;1
Kupplungssatz;479;34909;1;0,0006;1;2;1;2;3;0;0;2;1;6
Kupplungssatz;479;55512;2;0,0012;0;3;1;2;2;0;0;0;2;2
Kupplungssatz;479;1508;6;0,0037;0;1;1;0;0;0;0;0;1;1
Kupplungssatz;479;11193;1;0,0006;0;1;1;1;1;0;0;0;1;1
Kupplungssatz;479;7466;1;0,0006;1;2;0;1;0;0;0;0;2;1
Kupplungssatz;479;9308;6;0,0037;0;1;0;1;1;0;0;0;0;1
Kupplungssatz;479;18889;5;0,0031;2;2;2;2;2;0;0;0;1;2
Kupplungssatz;479;30992;1;0,0006;0;2;2;1;2;0;0;0;0;2
Kupplungssatz;479;309;12;0,0075;0;1;1;1;0;0;0;0;0;1
Kupplungssatz;479;6669;1;0,0006;1;1;0;1;0;0;0;0;1;1
Kupplungssatz;479;32888;21;0,0131;0;3;1;3;3;0;0;0;0;2
Kupplungssatz;479;4820;5;0,0031;0;1;1;0;2;0;0;0;1;1
Kupplungssatz;479;58601;1;0,0006;0;5;3;4;3;0;0;0;0;2
Kupplungssatz;479;5858;1;0,0006;0;4;0;2;2;0;0;0;0;2
Kupplungssatz;479;1446;1;0,0006;0;2;0;0;2;0;0;0;1;1
Kupplungssatz;479;28249;13;0,0081;0;2;1;1;2;1;0;0;1;1
Kupplungssatz;479;133043;4;0,0025;2;4;0;0;2;0;0;2;2;2
Kupplungssatz;479;34423;1;0,0006;2;3;1;1;1;0;0;0;1;1
Kupplungssatz;479;131317;170;0,1062;2;2;1;2;0;0;0;2;1;2
Kupplungssatz;479;17349;2;0,0012;1;1;1;1;1;1;0;2;1;1
Kupplungssatz;479;1876;49;0,0306;3;2;2;2;4;1;0;0;2;2
Kupplungssatz;479;16385;7;0,0044;1;1;2;1;1;3;0;1;1;1
Kupplungssatz;479;55596;25;0,0156;1;3;2;2;4;0;0;2;1;3
Kupplungssatz;479;59058;7;0,0044;1;1;0;1;1;1;0;1;1;0
Kupplungssatz;479;19751;22;0,0137;1;0;1;1;1;2;0;0;1;1
Kupplungssatz;479;31605;87;0,0543;4;10;6;7;12;2;0;2;8;12
Kupplungssatz;479;11996;3;0,0019;0;2;1;2;4;0;0;0;0;4
Kupplungssatz;479;18404;8;0,005;0;3;3;1;3;0;0;0;1;2
Kupplungssatz;479;4630;3;0,0019;0;3;1;0;0;0;0;0;1;1
Kupplungssatz;479;137831;1;0,0006;0;2;0;1;0;0;0;0;0;1
Kupplungssatz;479;11421;1;0,0006;4;2;0;0;4;0;0;0;3;1
Kupplungssatz;479;8995;63;0,0393;3;3;2;2;5;0;0;2;3;3
Kupplungssatz;479;13364;36;0,0225;1;2;2;1;2;0;0;0;1;1
Kupplungssatz;479;100581;518;0,3235;1;1;1;1;2;1;0;1;1;2
Kupplungssatz;479;8886;3;0,0019;2;2;0;1;2;0;0;0;2;1
Kupplungssatz;479;17148;1;0,0006;0;1;0;1;0;0;0;0;1;1
Kupplungssatz;479;58880;33;0,0206;4;8;4;6;2;1;0;1;11;4
Kupplungssatz;479;55801;13;0,0081;1;3;2;3;1;0;0;1;1;3
Kupplungssatz;479;30435;1;0,0006;1;1;1;4;1;1;0;0;1;3
Kupplungssatz;479;19115;22;0,0137;2;7;3;3;4;1;0;1;5;5
Kupplungssatz;479;33053;43;0,0269;1;1;2;1;1;1;0;1;1;2
Kupplungssatz;479;14416;2;0,0012;4;4;2;2;2;0;0;0;3;2
Kupplungssatz;479;108019;17;0,0106;2;4;1;1;3;1;0;1;1;2
Kupplungssatz;479;59637;3;0,0019;0;1;0;1;0;0;0;0;0;0
Kupplungssatz;479;59407;2;0,0012;0;1;1;1;2;0;0;1;1;1
Kupplungssatz;479;137655;4;0,0025;0;2;0;0;4;0;0;0;0;3
Kupplungssatz;479;5673;1;0,0006;0;1;1;1;2;0;0;0;1;1
Kupplungssatz;479;18185;40;0,025;3;3;3;3;4;0;0;0;3;3
Kupplungssatz;479;16715;4;0,0025;5;8;1;2;13;0;0;0;4;7
Kupplungssatz;479;1656;5;0,0031;1;2;1;1;3;0;0;0;1;1
Kupplungssatz;479;109675;1;0,0006;0;1;0;0;0;0;0;0;0;0
Kupplungssatz;479;132783;1;0,0006;1;0;2;0;1;0;0;0;0;0
Kupplungssatz;479;135749;1;0,0006;0;3;0;4;0;0;0;0;2;4
Kupplungssatz;479;142410;5;0,0031;0;1;0;1;2;0;0;0;0;2
Kupplungssatz;479;112243;19;0,0119;0;3;2;2;4;0;0;0;2;3
Kupplungssatz;479;121235;6;0,0037;0;7;0;2;4;1;0;1;4;1
Kupplungssatz;479;58541;13;0,0081;2;3;2;3;5;0;0;2;1;3
Kupplungssatz;479;16612;55;0,0344;1;3;3;1;5;2;0;2;3;3
Kupplungssatz;479;15735;26;0,0162;3;6;6;6;8;2;0;3;6;7
Kupplungssatz;479;17369;24;0,015;1;3;3;2;7;0;0;2;5;4
Kupplungssatz;479;12484;1;0,0006;2;2;0;2;1;0;0;2;0;0
Kupplungssatz;479;2471;4;0,0025;1;1;0;0;1;0;0;0;1;2
Kupplungssatz;479;4540;1;0,0006;1;1;0;1;3;1;0;1;2;1
Kupplungssatz;479;4639;7;0,0044;0;2;1;0;2;0;0;0;1;1
Kupplungssatz;479;100739;4;0,0025;3;3;2;2;3;0;0;1;3;3
Kupplungssatz;479;56859;3;0,0019;1;3;0;1;4;1;0;2;1;1
Kupplungssatz;479;122096;1;0,0006;0;0;1;0;0;0;0;1;0;1
Kupplungssatz;479;22463;6;0,0037;1;2;1;1;1;1;0;1;1;1
Kupplungssatz;479;111089;5;0,0031;0;2;1;1;4;2;0;1;1;5
Kupplungssatz;479;133853;3;0,0019;0;0;2;0;1;0;0;1;0;0
Kupplungssatz;479;106338;141;0,0881;6;1;1;4;2;1;0;4;2;2
Kupplungssatz;479;22555;124;0,0774;4;5;5;3;16;2;0;2;6;6
Kupplungssatz;479;5548;11;0,0069;2;2;2;2;7;1;0;1;2;3
Kupplungssatz;479;6761;1;0,0006;1;0;1;1;1;1;0;0;0;0
Kupplungssatz;479;123836;8;0,005;1;2;2;2;3;2;0;2;2;2
Kupplungssatz;479;133105;4;0,0025;2;0;1;0;6;0;0;0;0;1
Kupplungssatz;479;109519;5;0,0031;1;2;2;1;2;0;0;1;1;2
Kupplungssatz;479;9792;9;0,0056;2;2;2;2;6;1;0;2;2;1
Kupplungssatz;479;59558;4;0,0025;3;2;1;2;3;0;0;0;2;1
Kupplungssatz;479;117726;10;0,0062;0;0;0;2;4;0;0;0;2;2
Kupplungssatz;479;30874;15;0,0094;2;5;3;2;4;2;0;2;2;1
Kupplungssatz;479;1383;1;0,0006;0;1;1;0;0;0;0;0;1;1
Kupplungssatz;479;140667;2;0,0012;0;2;0;2;1;0;0;1;0;2
Kupplungssatz;479;25482;46;0,0287;1;2;2;2;4;0;0;0;3;2
Kupplungssatz;479;59680;21;0,0131;0;3;1;3;5;0;0;2;2;3
Kupplungssatz;479;126611;3;0,0019;1;1;0;1;2;1;0;0;1;2
Kupplungssatz;479;6145;1;0,0006;0;0;0;0;0;0;0;0;0;2
Kupplungssatz;479;16331;96;0,06;1;2;1;1;3;1;0;1;2;2
Kupplungssatz;479;56205;8;0,005;2;4;2;2;3;0;0;2;0;3
Kupplungssatz;479;108576;18;0,0112;0;2;3;2;5;0;0;0;2;3
Kupplungssatz;479;15239;1;0,0006;0;1;1;1;1;1;0;0;1;2
Kupplungssatz;479;113151;111;0,0693;4;5;5;4;8;0;0;2;3;4
Kupplungssatz;479;17485;28;0,0175;2;2;1;2;2;2;0;1;2;2
Kupplungssatz;479;19574;22;0,0137;2;2;2;2;2;0;0;0;2;2
Kupplungssatz;479;19914;6;0,0037;1;3;4;2;4;0;0;0;2;2
Kupplungssatz;479;133437;2;0,0012;0;0;0;0;2;0;0;0;0;0
Kupplungssatz;479;69;6;0,0037;3;2;0;3;3;0;0;2;2;3
Kupplungssatz;479;3842;1;0,0006;0;1;0;0;0;0;0;0;0;0
Kupplungssatz;479;127209;30;0,0187;0;3;0;2;3;0;0;1;1;1
Kupplungssatz;479;18449;25;0,0156;2;2;2;1;4;0;0;0;2;3
Kupplungssatz;479;113318;30;0,0187;1;2;2;2;3;1;0;2;2;2
Kupplungssatz;479;17752;1;0,0006;1;1;1;1;1;1;0;1;1;1
Kupplungssatz;479;107444;2;0,0012;2;4;1;1;4;0;0;0;0;2
Kupplungssatz;479;1819;3;0,0019;0;2;0;1;1;0;0;0;1;1
Kupplungssatz;479;107747;65;0,0406;0;4;0;2;4;1;0;2;1;2
Kupplungssatz;479;55798;6;0,0037;2;2;1;2;0;0;0;1;3;2
Kupplungssatz;479;15797;5;0,0031;1;1;1;2;0;1;0;1;1;1
Kupplungssatz;479;111453;1;0,0006;0;2;2;2;1;1;0;1;0;2
Kupplungssatz;479;120604;2;0,0012;0;4;1;2;6;0;0;1;1;1
Kupplungssatz;479;361;3;0,0019;1;4;0;2;2;0;0;1;1;4
Kupplungssatz;479;7068;1;0,0006;1;2;1;1;1;1;0;1;1;1
Kupplungssatz;479;55456;1;0,0006;1;1;0;0;1;1;0;1;0;0
Kupplungssatz;479;19750;12;0,0075;2;5;3;4;7;1;0;0;5;5
Kupplungssatz;479;2910;1;0,0006;0;1;1;1;2;0;0;0;1;1
Kupplungssatz;479;20058;9;0,0056;1;1;2;1;4;1;0;1;1;2
Kupplungssatz;479;17746;5;0,0031;0;1;2;1;2;1;0;0;1;1
Kupplungssatz;479;15463;1;0,0006;6;3;6;1;3;1;0;0;5;3
Kupplungssatz;479;24454;4;0,0025;0;3;0;2;3;0;0;0;0;3
Kupplungssatz;479;5166;23;0,0144;3;6;6;6;5;0;0;1;3;5
Kupplungssatz;479;137776;1;0,0006;0;1;0;1;4;0;0;0;2;0
Kupplungssatz;479;4053;1;0,0006;2;2;1;0;2;0;0;0;2;2
Kupplungssatz;479;10966;4;0,0025;0;1;1;0;0;0;0;0;0;1
Kupplungssatz;479;18086;4;0,0025;0;2;1;2;4;0;0;0;2;2
Kupplungssatz;479;10935;12;0,0075;0;7;0;3;3;0;0;0;0;3
Kupplungssatz;479;21;1;0,0006;1;1;1;1;2;0;0;0;1;1
Kupplungssatz;479;2979;1;0,0006;0;0;0;0;1;0;0;0;0;1
Kupplungssatz;479;19881;1;0,0006;0;3;2;2;5;2;0;1;3;4
Kupplungssatz;479;5167;7;0,0044;2;3;6;3;4;0;0;2;3;7
Kupplungssatz;479;16679;7;0,0044;1;1;1;1;2;1;0;1;1;1
Kupplungssatz;479;136728;31;0,0194;0;2;0;1;0;0;0;0;0;1
Kupplungssatz;479;5700;2;0,0012;1;1;0;1;1;1;0;0;1;2
Kupplungssatz;479;108655;68;0,0425;1;1;2;1;3;2;0;1;1;1
Kupplungssatz;479;14802;2;0,0012;0;3;0;0;4;0;0;0;1;3
Kupplungssatz;479;34518;2;0,0012;0;1;0;2;1;1;0;0;0;1
Kupplungssatz;479;123868;1;0,0006;0;0;0;0;0;0;0;0;0;1
Kupplungssatz;479;3873;1;0,0006;3;7;2;5;4;0;0;1;2;7
Kupplungssatz;479;6317;1;0,0006;1;1;0;1;1;0;0;0;1;3
Kupplungssatz;479;95;1;0,0006;0;1;0;1;1;0;0;0;1;0
Kupplungssatz;479;2948;2;0,0012;0;0;0;0;1;0;0;0;0;2
Kupplungssatz;479;129119;1;0,0006;2;2;1;1;3;0;0;1;0;1
Kupplungssatz;479;7239;5;0,0031;0;1;0;0;0;0;0;0;0;2
Kupplungssatz;479;17363;64;0,04;1;3;3;2;7;0;0;2;5;4
Kupplungssatz;479;15444;4;0,0025;3;6;4;5;9;0;0;0;6;6
Kupplungssatz;479;127522;5;0,0031;0;0;0;0;1;0;0;0;0;1
Kupplungssatz;479;129099;3;0,0019;1;0;0;0;0;0;0;0;0;0
Kupplungssatz;479;22686;14;0,0087;2;3;3;1;5;0;0;1;4;3
Kupplungssatz;479;113260;3;0,0019;0;2;0;2;3;0;0;0;2;1
Kupplungssatz;479;133896;1;0,0006;1;1;0;0;2;1;0;1;0;0
Kupplungssatz;479;15609;6;0,0037;3;3;3;2;2;0;0;0;3;2
Kupplungssatz;479;15525;33;0,0206;1;1;1;1;3;2;0;1;1;1
Kupplungssatz;479;153290;1;0,0006;0;0;0;0;0;0;0;0;0;0
Kupplungssatz;479;55577;13;0,0081;6;3;0;4;2;2;0;1;0;3
Kupplungssatz;479;17378;8;0,005;2;7;0;0;11;0;0;0;6;3
Kupplungssatz;479;18777;17;0,0106;5;5;5;3;5;1;0;0;6;3
Kupplungssatz;479;14824;3;0,0019;6;6;4;6;9;0;0;0;7;6
Kupplungssatz;479;122843;2;0,0012;0;1;0;1;0;0;0;0;0;1
Kupplungssatz;479;5859;11;0,0069;7;4;1;3;6;3;0;3;5;4
Kupplungssatz;479;34979;5;0,0031;2;3;1;3;1;0;0;0;2;5
Kupplungssatz;479;109420;46;0,0287;4;4;3;3;5;0;0;2;3;3
Kupplungssatz;479;25443;14;0,0087;1;2;2;1;4;0;0;0;3;3
Kupplungssatz;479;33415;3;0,0019;2;2;0;2;2;0;0;0;0;3
Kupplungssatz;479;28593;3;0,0019;1;4;2;4;3;0;0;0;4;4
Kupplungssatz;479;122443;2;0,0012;1;5;1;4;2;0;0;2;0;8
Kupplungssatz;479;15656;3;0,0019;2;5;2;3;5;1;0;0;3;3
Kupplungssatz;479;119766;8;0,005;0;2;2;1;1;0;0;0;0;1
Kupplungssatz;479;133392;2;0,0012;0;0;4;0;2;0;0;1;0;0
Kupplungssatz;479;17350;2;0,0012;0;1;0;0;0;0;0;0;0;1
Kupplungssatz;479;116673;1;0,0006;0;0;0;0;2;0;0;0;0;3
Kupplungssatz;479;137772;5;0,0031;0;2;0;1;0;0;0;0;0;1
Kupplungssatz;479;19406;1;0,0006;1;8;2;3;5;0;0;1;2;5
Kupplungssatz;479;124234;1;0,0006;2;2;2;2;1;0;0;2;0;0
Kupplungssatz;479;129241;1;0,0006;1;0;3;0;3;2;0;0;0;2
Kupplungssatz;479;136894;1;0,0006;0;2;0;0;0;0;0;0;0;1
Kupplungssatz;479;108637;1;0,0006;0;1;1;1;3;0;0;0;4;2
Kupplungssatz;479;16808;2;0,0012;2;1;0;0;4;1;0;0;0;1
Kupplungssatz;479;10036661;1;0,0006;0;0;0;0;0;0;0;0;0;0
Kupplungssatz;479;31142;123;0,0768;2;2;2;2;2;1;0;1;2;0
Kupplungssatz;479;119579;4;0,0025;3;3;3;3;4;0;0;1;3;3
Kupplungssatz;479;132841;4;0,0025;2;2;1;1;2;0;0;0;2;2
Kupplungssatz;479;145879;1;0,0006;0;3;2;0;1;0;0;0;0;3
Kupplungssatz;479;16635;4;0,0025;2;1;1;1;2;0;0;0;0;0
Kupplungssatz;479;3448;1;0,0006;1;0;0;1;1;1;0;0;1;0
Kupplungssatz;479;6931;1;0,0006;0;1;0;0;0;0;0;0;0;0
Kupplungssatz;479;247;1;0,0006;0;0;0;0;0;0;0;0;0;1
Kupplungssatz;479;15629;1;0,0006;0;3;0;0;1;0;0;0;0;1
Kupplungssatz;479;17576;2;0,0012;0;1;0;1;2;1;0;0;1;2
Kupplungssatz;479;58762;1;0,0006;0;1;0;1;1;0;0;0;1;2
Kupplungssatz;479;22499;33;0,0206;1;1;0;2;1;1;0;0;0;1
Kupplungssatz;479;8786;20;0,0125;1;1;1;1;1;1;0;1;1;1
Kupplungssatz;479;19994;6;0,0037;1;1;1;1;1;2;0;0;1;1
Kupplungssatz;479;14436;2;0,0012;1;1;2;1;3;1;0;1;1;0
Kupplungssatz;479;138017;6;0,0037;0;1;2;2;3;0;0;1;1;1
Kupplungssatz;479;33252;20;0,0125;1;4;1;2;4;1;0;2;1;3
Kupplungssatz;479;118776;1;0,0006;0;1;0;0;3;1;0;0;0;2
Kupplungssatz;479;33847;4;0,0025;3;3;3;4;4;1;0;1;2;6
Kupplungssatz;479;237;2;0,0012;0;1;0;0;1;0;0;0;1;1
Kupplungssatz;479;12539;1;0,0006;2;2;1;2;3;0;0;3;1;6
Kupplungssatz;479;31587;7;0,0044;1;3;2;2;3;0;0;0;2;2
Kupplungssatz;479;111899;14;0,0087;1;4;1;1;3;1;0;1;1;2
Kupplungssatz;479;114883;23;0,0144;0;4;0;1;0;0;0;0;0;1
Kupplungssatz;479;7071;2;0,0012;2;1;1;1;2;0;0;0;2;2
Kupplungssatz;479;154655;2;0,0012;1;2;0;0;2;1;0;1;0;0
Kupplungssatz;479;138771;10;0,0062;0;2;0;3;1;0;0;0;0;3
Kupplungssatz;479;126612;14;0,0087;1;1;0;1;2;1;0;0;1;2
Kupplungssatz;479;32625;115;0,0718;1;4;1;2;4;1;0;2;1;4
Kupplungssatz;479;5397;10;0,0062;1;1;1;1;2;1;0;1;1;1
Kupplungssatz;479;16748;1;0,0006;1;1;1;1;5;1;0;0;1;1
Kupplungssatz;479;14095;21;0,0131;2;3;2;1;3;0;0;0;2;1
Kupplungssatz;479;113458;4;0,0025;1;1;0;1;1;0;0;1;0;1
Kupplungssatz;479;30938;2;0,0012;3;3;4;3;4;0;0;1;3;7
Kupplungssatz;479;130625;7;0,0044;0;0;0;0;0;0;0;0;0;1
Kupplungssatz;479;142444;6;0,0037;0;3;0;3;1;0;0;0;0;4
Kupplungssatz;479;134072;3;0,0019;1;0;1;0;0;0;0;0;0;0
Kupplungssatz;479;19925;1;0,0006;1;2;2;2;2;1;0;1;2;1
Kupplungssatz;479;116123;1;0,0006;0;5;0;4;0;0;0;1;0;0
Kupplungssatz;479;55925;1;0,0006;0;1;0;0;0;0;0;0;0;0
Kupplungssatz;479;11844;3;0,0019;2;2;1;4;5;0;0;0;2;2
Kupplungssatz;479;12076;1;0,0006;0;0;2;0;0;0;0;0;0;0
Kupplungssatz;479;26495;4;0,0025;1;2;0;1;5;1;0;1;2;2
Kupplungssatz;479;56033;13;0,0081;0;1;0;0;0;0;0;0;0;0
Kupplungssatz;479;59647;1;0,0006;0;1;0;0;0;0;0;0;0;0
Kupplungssatz;479;138701;17;0,0106;0;5;0;4;1;0;0;0;0;4
Kupplungssatz;479;17751;10;0,0062;1;1;1;1;1;2;0;1;1;1
Kupplungssatz;479;30990;1;0,0006;2;2;2;2;2;0;0;0;0;3
Kupplungssatz;479;8670;3;0,0019;1;1;2;1;1;0;0;0;1;2
Kupplungssatz;479;2296;2;0,0012;1;1;0;1;3;1;0;0;1;1
Kupplungssatz;479;14694;3;0,0019;3;1;1;1;2;1;0;1;0;1
Kupplungssatz;479;451;9;0,0056;0;2;1;0;1;0;0;0;0;1
Kupplungssatz;479;18739;1;0,0006;1;2;0;1;2;1;0;0;1;0
Kupplungssatz;479;7866;1;0,0006;3;2;2;2;5;0;0;0;2;2
Kupplungssatz;479;19490;1;0,0006;0;1;0;1;1;0;0;0;1;1
Kupplungssatz;479;135394;2;0,0012;2;3;1;2;7;1;0;2;0;3
Kupplungssatz;479;11191;1;0,0006;0;1;0;1;0;0;0;0;1;1
Kupplungssatz;479;10502;6;0,0037;0;2;1;2;2;0;0;0;2;2
Kupplungssatz;479;142641;1;0,0006;1;0;1;0;1;0;0;0;0;0
Kupplungssatz;479;17115;1;0,0006;2;1;1;1;1;2;0;1;1;0
Kupplungssatz;479;18646;1;0,0006;2;3;1;0;3;0;0;0;0;3
Kupplungssatz;479;1846;2;0,0012;0;1;0;0;2;0;0;0;1;4
Kupplungssatz;479;18829;2;0,0012;2;3;1;2;2;2;0;1;1;1
Kupplungssatz;479;24263;1;0,0006;0;0;0;0;2;0;0;0;0;2
Kupplungssatz;479;1799;3;0,0019;4;3;0;2;5;0;0;0;0;2
Kupplungssatz;479;133086;1;0,0006;1;0;1;0;1;1;0;0;0;1
Kupplungssatz;479;7190;1;0,0006;2;2;2;2;5;2;0;2;0;2
Kupplungssatz;479;5199;12;0,0075;1;1;1;1;2;1;0;1;1;1
Kupplungssatz;479;16786;1;0,0006;1;0;0;0;0;0;0;1;0;0
Kupplungssatz;479;15532;16;0,01;1;3;3;1;3;0;0;0;2;2
Kupplungssatz;479;57551;11;0,0069;0;1;0;1;1;0;0;0;1;1
Kupplungssatz;479;18038;16;0,01;2;1;1;1;0;1;0;1;1;1
Kupplungssatz;479;118592;14;0,0087;4;1;0;2;6;1;0;1;2;2
Kupplungssatz;479;15091;3;0,0019;1;2;2;0;6;1;0;1;2;2
Kupplungssatz;479;106379;8;0,005;0;2;3;2;4;1;0;2;1;2
Kupplungssatz;479;25475;88;0,055;3;2;2;2;5;0;0;1;3;2
Kupplungssatz;479;26;92;0,0575;1;1;0;1;0;0;0;1;1;0
Kupplungssatz;479;20893;5;0,0031;2;3;2;2;3;0;0;0;2;2
Kupplungssatz;479;16653;3;0,0019;1;1;2;1;1;1;0;1;1;1
Kupplungssatz;479;136545;1;0,0006;0;2;0;1;0;0;0;0;2;1
Kupplungssatz;479;19927;95;0,0593;3;2;3;2;2;1;0;2;2;3
Kupplungssatz;479;120277;2;0,0012;0;0;0;0;2;0;0;0;0;0
Kupplungssatz;479;19603;4;0,0025;2;0;1;0;0;2;0;0;0;0
Kupplungssatz;479;56170;15;0,0094;1;1;1;1;3;0;0;1;1;1
Kupplungssatz;479;107473;6;0,0037;0;1;0;1;1;0;0;0;0;1
Kupplungssatz;479;16613;4;0,0025;1;2;2;0;7;1;0;1;2;2
Kupplungssatz;479;15645;1;0,0006;2;2;2;3;1;0;0;0;3;2
Kupplungssatz;479;28121;7;0,0044;1;0;0;1;1;1;0;1;0;0
Kupplungssatz;479;7636;1;0,0006;1;1;0;0;1;0;0;0;2;1
Kupplungssatz;479;230;1;0,0006;1;2;1;1;0;0;0;0;2;2
Kupplungssatz;479;28596;23;0,0144;0;2;1;1;1;0;0;0;1;1
Kupplungssatz;479;145221;11;0,0069;1;3;0;2;4;0;0;0;0;2
Kupplungssatz;479;12020;1;0,0006;1;1;0;1;0;1;0;0;1;0
Kupplungssatz;479;17707;8;0,005;3;1;1;1;1;1;0;1;1;1
Kupplungssatz;479;131282;1;0,0006;0;2;0;1;0;0;0;0;0;1
Kupplungssatz;479;34106;1;0,0006;0;2;0;0;1;0;0;0;1;3
Kupplungssatz;479;18850;1;0,0006;1;0;0;0;1;1;0;0;1;0
Kupplungssatz;479;108615;6;0,0037;0;2;3;2;2;0;0;0;0;2
Kupplungssatz;479;100922;1;0,0006;0;0;0;1;1;0;0;0;0;0
Kupplungssatz;479;7891;1;0,0006;0;1;1;1;2;0;0;0;1;2
Kupplungssatz;479;3043;2;0,0012;1;2;0;1;1;1;0;0;1;2
Kupplungssatz;479;11952;1;0,0006;1;1;1;1;2;0;0;0;1;1
Kupplungssatz;479;58477;9;0,0056;2;2;1;2;4;0;0;0;2;1
Kupplungssatz;479;129121;26;0,0162;1;2;1;1;5;0;0;1;0;2
Kupplungssatz;479;31278;1;0,0006;0;0;0;1;0;1;0;0;0;1
Kupplungssatz;479;108591;2;0,0012;0;0;2;0;0;0;0;0;0;0
Kupplungssatz;479;140974;1;0,0006;2;2;0;2;0;0;0;0;0;1
Kupplungssatz;479;15789;1;0,0006;1;1;1;1;4;2;0;1;1;1
Kupplungssatz;479;155005;1;0,0006;0;0;2;0;0;0;0;0;0;0
Kupplungssatz;479;19623;6;0,0037;5;4;2;4;3;6;0;3;2;2
Kupplungssatz;479;11001;1;0,0006;3;3;0;3;2;0;0;2;2;1
Kupplungssatz;479;2799;2;0,0012;0;0;0;0;1;0;0;0;0;1
Kupplungssatz;479;17215;1;0,0006;0;2;0;1;2;0;0;0;1;2
Kupplungssatz;479;3811;7;0,0044;1;1;1;1;1;0;0;0;1;1
Kupplungssatz;479;1556;1;0,0006;0;1;0;0;1;0;0;0;1;2
Kupplungssatz;479;31120;6;0,0037;0;2;1;2;1;0;0;0;2;3
Kupplungssatz;479;31096;38;0,0237;1;1;1;1;2;0;0;1;1;1
Kupplungssatz;479;110060;47;0,0294;1;2;2;1;2;0;0;1;1;2
Kupplungssatz;479;108277;7;0,0044;0;2;2;2;1;0;0;1;2;1
Kupplungssatz;479;19500;13;0,0081;1;2;3;1;0;0;0;1;1;1
Kupplungssatz;479;133515;3;0,0019;1;0;2;0;0;0;0;0;0;1
Kupplungssatz;479;115148;3;0,0019;1;2;1;2;2;0;0;0;0;2
Kupplungssatz;479;28585;23;0,0144;1;4;1;1;1;2;0;1;1;1
Kupplungssatz;479;34292;6;0,0037;2;3;1;1;2;0;0;1;1;4
Kupplungssatz;479;9611;4;0,0025;0;1;0;1;1;0;0;1;2;0
Kupplungssatz;479;15903;24;0,015;1;2;2;1;6;1;0;1;2;1
Kupplungssatz;479;129060;2;0,0012;1;0;1;0;0;0;0;1;0;0
Kupplungssatz;479;140681;10;0,0062;0;2;0;2;4;0;0;0;0;1
Kupplungssatz;479;11068;152;0,0949;5;6;5;6;8;2;0;4;6;4
Kupplungssatz;479;117453;50;0,0312;0;3;4;2;4;0;0;0;2;1
Kupplungssatz;479;132701;11;0,0069;1;2;1;0;4;1;0;1;0;0
Kupplungssatz;479;130706;16;0,01;1;1;1;1;1;1;0;1;0;1
Kupplungssatz;479;28031;3;0,0019;0;0;0;1;0;0;0;0;1;0
Kupplungssatz;479;120609;2;0,0012;0;2;1;2;3;0;0;0;4;3
Kupplungssatz;479;120596;50;0,0312;2;3;0;3;1;0;0;0;2;2
Kupplungssatz;479;385;1;0,0006;0;1;1;0;0;0;0;0;0;2
Kupplungssatz;479;18295;26;0,0162;1;4;3;2;4;1;0;2;3;5
Kupplungssatz;479;59293;1;0,0006;1;4;1;1;2;1;0;1;2;1
Kupplungssatz;479;129779;1;0,0006;0;0;0;0;0;0;0;0;0;0
Kupplungssatz;479;15129;15;0,0094;1;1;1;1;0;1;0;2;1;1
Kupplungssatz;479;132838;1;0,0006;0;2;1;0;1;0;0;0;2;2
Kupplungssatz;479;117100;3;0,0019;0;6;0;3;4;0;0;0;0;4
Kupplungssatz;479;118550;1;0,0006;1;2;1;1;3;1;0;1;1;5
Kupplungssatz;479;5682;3;0,0019;1;1;1;1;1;1;0;1;1;2
Kupplungssatz;479;31601;4;0,0025;1;1;2;1;2;1;0;2;1;2
Kupplungssatz;479;22546;51;0,0319;1;2;1;1;2;1;0;1;1;2
Kupplungssatz;479;4962;3;0,0019;1;2;1;1;2;1;0;1;1;1
Kupplungssatz;479;6266;5;0,0031;0;4;1;1;1;0;0;0;1;1
Kupplungssatz;479;56795;7;0,0044;0;2;1;3;4;0;0;0;2;3
Kupplungssatz;479;137594;2;0,0012;1;1;0;1;2;0;0;0;0;2
Kupplungssatz;479;33397;16;0,01;1;2;1;1;4;2;0;1;2;2
Kupplungssatz;479;12037;3;0,0019;0;2;2;2;2;0;0;0;2;6
Kupplungssatz;479;55881;3;0,0019;1;1;1;1;3;0;0;0;1;0
Kupplungssatz;479;113442;2;0,0012;1;1;0;1;1;1;0;0;0;0
Kupplungssatz;479;16233;1;0,0006;0;1;1;1;3;0;0;0;1;1
Kupplungssatz;479;50725;10;0,0062;1;1;0;1;0;1;0;1;1;1
Kupplungssatz;479;11850;2;0,0012;1;1;0;1;2;0;0;0;1;1
Kupplungssatz;479;134606;5;0,0031;1;2;0;2;4;0;0;2;2;3
Kupplungssatz;479;6932;3;0,0019;1;2;1;3;2;0;0;0;2;2
Kupplungssatz;479;125133;1;0,0006;1;2;1;2;4;1;0;1;1;1
Kupplungssatz;479;29516;8;0,005;1;1;1;1;1;2;0;0;0;0
Kupplungssatz;479;16868;2;0,0012;1;1;1;1;1;1;0;0;1;1
Kupplungssatz;479;3745;1;0,0006;1;2;1;1;3;0;0;0;1;1
Kupplungssatz;479;440;2;0,0012;1;2;1;0;1;0;0;0;1;2
Kupplungssatz;479;8762;1;0,0006;1;1;1;1;2;0;0;0;1;1
Kupplungssatz;479;100230;2;0,0012;1;1;0;1;1;0;0;1;0;0
Kupplungssatz;479;18489;2;0,0012;2;1;1;1;2;0;0;0;1;1
Kupplungssatz;479;14397;8;0,005;0;2;1;2;2;0;0;0;2;2
Kupplungssatz;479;16097;7;0,0044;2;2;2;3;1;0;0;0;3;2
Kupplungssatz;479;110066;1;0,0006;0;1;0;0;0;0;0;0;0;1
Kupplungssatz;479;17669;199;0,1243;1;1;1;1;0;1;0;1;1;1
Kupplungssatz;479;100823;2;0,0012;2;2;1;1;2;0;0;1;2;2
Kupplungssatz;479;5359;5;0,0031;1;1;1;1;2;1;0;1;1;0
Kupplungssatz;479;106597;1;0,0006;0;0;1;0;1;0;0;1;2;0
Kupplungssatz;479;32068;1;0,0006;0;1;0;0;3;0;0;0;0;1
Kupplungssatz;479;9542;9;0,0056;1;1;1;1;2;1;0;1;1;1
Kupplungssatz;479;3604;4;0,0025;1;1;1;1;1;2;0;1;0;1
Kupplungssatz;479;116010;1;0,0006;0;1;1;1;1;0;0;1;0;1
Kupplungssatz;479;4734;2;0,0012;1;1;0;0;1;0;0;0;1;1
Kupplungssatz;479;19789;1;0,0006;2;2;1;2;4;0;0;0;0;2
Kupplungssatz;479;15977;5;0,0031;1;1;0;1;1;0;0;0;0;0
Kupplungssatz;479;11125;2;0,0012;1;2;1;1;1;0;0;0;1;1
Kupplungssatz;479;3809;1;0,0006;1;1;1;0;1;0;0;0;1;1
Kupplungssatz;479;16860;5;0,0031;0;0;0;0;1;0;0;0;0;1
Kupplungssatz;479;15082;2;0,0012;1;1;0;0;0;0;0;0;1;1
Kupplungssatz;479;100807;1;0,0006;0;1;0;2;3;1;0;0;1;2
Kupplungssatz;479;25446;2;0,0012;2;1;1;2;2;0;0;0;1;1
Kupplungssatz;479;57453;6;0,0037;6;4;3;4;4;2;0;4;4;4
Kupplungssatz;479;138028;1;0,0006;0;1;0;1;2;0;0;0;0;3
Kupplungssatz;479;145882;1;0,0006;0;0;0;0;0;0;0;0;0;2
Kupplungssatz;479;1710;2;0,0012;1;1;1;1;1;0;0;0;1;3
Kupplungssatz;479;140275;3;0,0019;0;0;0;0;0;0;0;0;0;0
Kupplungssatz;479;17137;7;0,0044;0;2;2;0;8;1;0;0;2;2
Kupplungssatz;479;14637;1;0,0006;0;1;1;1;2;0;0;0;2;2
Kupplungssatz;479;17006;1;0,0006;0;1;0;1;0;0;0;0;1;0
Kupplungssatz;479;138490;1;0,0006;1;0;0;2;1;1;0;0;1;2
Kupplungssatz;479;19722;67;0,0418;0;2;1;2;3;2;0;0;3;2
Kupplungssatz;479;14008;3;0,0019;2;4;1;4;5;3;0;1;2;4
Kupplungssatz;479;18899;65;0,0406;1;2;1;1;4;2;0;1;2;2
Kupplungssatz;479;58912;7;0,0044;1;1;0;0;0;0;0;0;0;0
Kupplungssatz;479;146891;2;0,0012;0;0;0;0;0;0;0;0;0;1
Kupplungssatz;479;141039;15;0,0094;1;1;0;2;0;0;0;0;0;1
Kupplungssatz;479;33078;34;0,0212;1;1;2;1;1;1;0;1;1;2
Kupplungssatz;479;5658;9;0,0056;0;2;2;1;3;1;0;1;2;2
Kupplungssatz;479;14877;1;0,0006;3;1;1;2;2;0;0;0;6;6
Kupplungssatz;479;5362;3;0,0019;0;0;0;0;0;1;0;0;0;1
Kupplungssatz;479;120679;8;0,005;1;2;1;1;3;0;0;0;1;1
Kupplungssatz;479;4511;2;0,0012;0;0;0;1;1;1;0;0;0;0
Kupplungssatz;479;4623;3;0,0019;0;3;1;2;0;0;0;0;1;1
Kupplungssatz;479;15813;2;0,0012;0;1;0;0;2;0;0;0;1;2
Kupplungssatz;479;139347;3;0,0019;2;2;0;0;1;0;0;0;2;2
Kupplungssatz;479;147258;1;0,0006;0;0;0;0;0;0;0;0;0;0
Kupplungssatz;479;12038;6;0,0037;3;3;2;2;3;0;0;1;3;3
Kupplungssatz;479;3864;2;0,0012;0;2;0;0;1;0;0;0;0;3
Kupplungssatz;479;16382;15;0,0094;2;3;1;1;1;2;0;1;1;2
Kupplungssatz;479;114560;1;0,0006;2;0;0;2;0;1;0;1;0;0
Kupplungssatz;479;130756;8;0,005;1;2;1;1;4;1;0;0;2;2
Kupplungssatz;479;138121;7;0,0044;0;0;0;0;2;0;0;0;0;5
Kupplungssatz;479;119479;23;0,0144;0;3;0;3;12;0;0;0;0;5
Kupplungssatz;479;15455;3;0,0019;0;5;1;3;4;0;0;0;3;3
Kupplungssatz;479;3428;2;0,0012;1;1;1;1;2;1;0;1;1;1
Kupplungssatz;479;18608;206;0,1287;1;4;1;1;2;2;0;2;1;1
Kupplungssatz;479;5150;1;0,0006;1;1;1;1;2;1;0;0;2;0
Kupplungssatz;479;17900;34;0,0212;1;3;1;1;2;1;0;0;1;2
Kupplungssatz;479;128422;1;0,0006;1;0;1;4;0;0;0;0;0;0
Kupplungssatz;479;59318;7;0,0044;1;2;0;1;6;1;0;2;1;1
Kupplungssatz;479;21593;2;0,0012;3;3;2;3;3;0;0;0;0;3
Kupplungssatz;479;56745;2;0,0012;2;5;0;1;2;1;0;1;0;1
Kupplungssatz;479;129821;9;0,0056;0;2;0;1;2;0;0;0;0;2
Kupplungssatz;479;19226;3;0,0019;1;1;0;1;1;1;0;0;1;1
Kupplungssatz;479;59682;1;0,0006;0;1;0;0;0;0;0;0;0;0
Kupplungssatz;479;142888;2;0,0012;2;3;1;1;3;1;0;1;2;4
Kupplungssatz;479;100283;2;0,0012;0;2;0;2;3;0;0;0;0;2
Kupplungssatz;479;8510;21;0,0131;0;1;0;3;0;3;0;0;2;3
Kupplungssatz;479;8151;43;0,0269;3;2;0;2;3;0;0;2;2;3
Kupplungssatz;479;57761;5;0,0031;1;4;2;2;3;0;0;0;1;2
Kupplungssatz;479;23816;2;0,0012;1;1;1;1;2;0;0;1;0;0
Kupplungssatz;479;118004;3;0,0019;1;2;1;1;2;1;0;1;0;2
Kupplungssatz;479;15686;1;0,0006;0;1;0;1;1;0;0;0;0;0
Kupplungssatz;479;19103;1;0,0006;0;1;1;1;2;0;0;0;1;1
Kupplungssatz;479;16173;1;0,0006;1;1;1;1;2;2;0;1;1;1
Kupplungssatz;479;127127;10;0,0062;0;0;1;0;3;0;0;0;0;2
Kupplungssatz;479;32742;4;0,0025;1;2;0;2;3;0;0;1;2;2
Kupplungssatz;479;446;1;0,0006;0;1;0;1;1;0;0;0;1;1
Kupplungssatz;479;110035;3;0,0019;1;2;1;2;4;0;0;0;2;1
Kupplungssatz;479;17625;8;0,005;0;2;0;0;1;0;0;0;0;2
Kupplungssatz;479;134288;1;0,0006;0;4;1;2;0;0;0;0;0;4
Kupplungssatz;479;13081;1;0,0006;0;2;1;0;5;1;0;1;2;2
Kupplungssatz;479;3797;12;0,0075;1;1;2;1;2;1;0;1;1;1
Kupplungssatz;479;9673;1;0,0006;0;0;0;0;0;0;0;0;0;0
Kupplungssatz;479;19328;25;0,0156;0;2;1;1;3;1;0;1;1;3
Kupplungssatz;479;15901;93;0,0581;1;5;3;1;6;2;0;2;3;4
Kupplungssatz;479;15504;10;0,0062;1;2;2;1;2;0;0;0;1;1
Kupplungssatz;479;5371;1;0,0006;1;1;0;0;1;0;0;0;0;1
Kupplungssatz;479;8429;7;0,0044;2;1;1;1;3;1;0;0;0;1
Kupplungssatz;479;10000;31;0,0194;1;4;2;1;4;0;0;0;1;1
Kupplungssatz;479;130838;1;0,0006;0;2;0;1;2;0;0;0;2;1
Kupplungssatz;479;33198;1;0,0006;0;1;1;2;0;1;0;1;0;0
Kupplungssatz;479;16836;5;0,0031;1;2;2;1;6;1;0;1;2;1
Kupplungssatz;479;32040;2;0,0012;2;2;1;2;3;1;0;0;1;3
Kupplungssatz;479;18042;361;0,2255;1;2;2;1;2;2;0;1;1;2
Kupplungssatz;479;58184;19;0,0119;1;2;2;1;4;0;0;0;3;3
Kupplungssatz;479;8714;13;0,0081;2;1;2;1;5;2;0;1;1;0
Kupplungssatz;479;14586;1;0,0006;0;2;1;1;2;0;0;0;1;2
Kupplungssatz;479;1905;10;0,0062;0;2;1;1;2;0;0;0;1;1
Kupplungssatz;479;34960;4;0,0025;4;4;3;3;2;2;0;2;2;3
Kupplungssatz;479;57403;11;0,0069;1;1;1;1;4;1;0;1;1;2
Kupplungssatz;479;51957;1;0,0006;0;5;0;3;1;0;0;1;2;1
Kupplungssatz;479;1566;1;0,0006;0;2;0;1;0;0;0;0;1;0
Kupplungssatz;479;15688;2;0,0012;2;2;1;1;3;2;0;0;2;3
Kupplungssatz;479;114337;3;0,0019;1;1;1;1;4;1;0;1;1;1
Kupplungssatz;479;15009;3;0,0019;1;1;2;1;1;0;0;0;1;2
Kupplungssatz;479;17162;2;0,0012;2;2;1;1;3;2;0;0;2;3
Kupplungssatz;479;11379;2;0,0012;1;1;1;1;3;1;0;1;1;1
Kupplungssatz;479;133475;31;0,0194;0;0;0;1;1;0;0;0;0;1
Kupplungssatz;479;5677;3;0,0019;0;1;2;2;5;0;0;0;1;2
Kupplungssatz;479;145733;1;0,0006;0;4;2;2;0;0;0;1;0;0
Kupplungssatz;479;9907;2;0,0012;1;1;1;1;2;2;0;1;1;1
Kupplungssatz;479;55626;1;0,0006;0;0;1;0;0;0;0;0;0;1
Kupplungssatz;479;22692;2;0,0012;1;2;2;0;7;1;0;1;1;2
Kupplungssatz;479;111911;1;0,0006;0;0;0;0;0;0;0;0;0;0
Kupplungssatz;479;135289;1;0,0006;0;1;0;1;0;0;0;0;0;0
Kupplungssatz;479;33409;2;0,0012;0;2;2;1;3;0;0;0;0;1
Kupplungssatz;479;10319;42;0,0262;1;1;1;2;2;1;0;1;1;1
Kupplungssatz;479;119891;12;0,0075;0;3;1;1;1;0;0;0;0;1
Kupplungssatz;479;35422;12;0,0075;1;2;0;2;1;1;0;1;1;0
Kupplungssatz;479;17574;26;0,0162;1;1;1;0;1;2;0;1;1;2
Kupplungssatz;479;5290;2;0,0012;0;2;0;2;2;0;0;1;0;1
Kupplungssatz;479;4785;3;0,0019;1;1;1;2;1;1;0;2;1;1
Kupplungssatz;479;12495;7;0,0044;1;1;0;1;0;0;0;1;0;1
Kupplungssatz;479;145025;3;0,0019;0;0;1;0;1;0;0;0;0;2
Kupplungssatz;479;128761;2;0,0012;0;1;0;1;0;0;0;0;2;0
Kupplungssatz;479;28765;1;0,0006;1;1;1;1;1;0;0;0;1;3
Kupplungssatz;479;145018;5;0,0031;0;1;0;1;2;0;0;0;1;1
Kupplungssatz;479;1785;1;0,0006;0;1;0;0;1;0;0;0;1;2
Kupplungssatz;479;18092;23;0,0144;1;2;1;1;1;1;0;1;1;2
Kupplungssatz;479;30855;4;0,0025;0;2;0;0;1;0;0;0;0;4
Kupplungssatz;479;116263;1;0,0006;0;0;0;0;0;0;0;0;0;0
Kupplungssatz;479;4126;1;0,0006;0;1;0;1;0;1;0;0;1;1
Kupplungssatz;479;16185;3;0,0019;2;3;2;2;2;0;0;0;2;2
Kupplungssatz;479;20682;1;0,0006;0;2;0;0;1;0;0;0;0;1
Kupplungssatz;479;30944;2;0,0012;1;3;0;1;0;0;0;0;0;0
Kupplungssatz;479;1154;1;0,0006;2;1;1;1;2;0;0;0;1;1
Kupplungssatz;479;679;1;0,0006;0;1;2;1;0;0;0;0;1;1
Kupplungssatz;479;19841;3;0,0019;4;3;3;3;2;4;0;2;0;2
Kupplungssatz;479;15070;2;0,0012;0;2;0;1;1;0;0;0;1;1
Kupplungssatz;479;138725;1;0,0006;0;3;1;1;0;0;0;2;0;2
Kupplungssatz;479;6302;2;0,0012;2;4;1;3;1;2;0;2;2;3
Kupplungssatz;479;14066;22;0,0137;1;1;1;1;1;1;0;0;1;1
Kupplungssatz;479;15419;3;0,0019;0;2;1;1;1;0;0;0;1;1
Kupplungssatz;479;58677;4;0,0025;2;2;1;1;4;0;0;2;4;5
Kupplungssatz;479;139171;9;0,0056;1;3;1;2;6;1;0;2;0;2
Kupplungssatz;479;15533;4;0,0025;0;4;1;1;2;0;0;0;1;2
Kupplungssatz;479;137666;10;0,0062;2;1;0;2;0;0;0;0;0;0
Kupplungssatz;479;5170;2;0,0012;0;2;2;0;3;0;0;0;2;2
Kupplungssatz;479;34284;3;0,0019;2;4;0;1;4;0;0;1;1;4
Kupplungssatz;479;27967;1;0,0006;0;1;0;2;1;1;0;0;0;1
Kupplungssatz;479;4809;5;0,0031;1;1;1;1;3;1;0;0;1;0
Kupplungssatz;479;16551;2;0,0012;1;4;4;4;5;0;0;0;3;3
Kupplungssatz;479;8209;7;0,0044;1;5;1;2;2;0;0;1;1;4
Kupplungssatz;479;19576;11;0,0069;5;5;4;3;5;0;0;1;7;5
Kupplungssatz;479;19907;4;0,0025;1;1;1;1;2;1;0;1;0;2
Kupplungssatz;479;29958;7;0,0044;1;2;2;0;3;0;0;0;2;1
Kupplungssatz;479;17674;2;0,0012;1;1;2;1;5;1;0;0;1;2
Kupplungssatz;479;14814;7;0,0044;0;3;0;0;8;0;0;0;2;3
Kupplungssatz;479;1642;1;0,0006;0;1;2;1;1;0;0;0;1;1
Kupplungssatz;479;123425;1;0,0006;0;3;2;3;1;0;0;2;0;1
Kupplungssatz;479;16547;5;0,0031;2;3;1;2;3;2;0;1;2;0
Kupplungssatz;479;33016;117;0,0731;2;3;2;1;2;1;0;2;1;2
Kupplungssatz;479;8709;5;0,0031;2;2;1;2;2;1;0;2;2;1
Kupplungssatz;479;136530;11;0,0069;0;1;0;0;2;0;0;0;0;2
Kupplungssatz;479;108027;26;0,0162;0;3;1;1;3;1;0;1;1;4
Kupplungssatz;479;20406;1;0,0006;1;0;1;0;0;0;0;0;0;2
Kupplungssatz;479;123431;3;0,0019;3;3;2;3;3;0;0;2;3;4
Kupplungssatz;479;350;1;0,0006;1;2;1;0;1;0;0;0;1;2
Kupplungssatz;479;58708;12;0,0075;3;3;2;2;3;0;0;1;3;3
Kupplungssatz;479;3721;1;0,0006;1;1;0;1;1;1;0;1;1;1
Kupplungssatz;479;238;8;0,005;1;4;1;3;4;0;0;0;2;2
Kupplungssatz;479;59247;6;0,0037;0;3;1;2;2;0;0;1;1;2
Kupplungssatz;479;155677;1;0,0006;0;2;0;0;0;0;0;0;0;0
Kupplungssatz;479;19516;20;0,0125;2;2;2;2;3;2;0;0;4;3
Kupplungssatz;479;128681;1;0,0006;2;1;0;2;1;1;0;0;1;2
Kupplungssatz;479;20739;2;0,0012;2;3;3;3;5;0;0;1;2;6
Kupplungssatz;479;11437;6;0,0037;0;1;0;0;1;0;0;0;0;3
Kupplungssatz;479;136004;1;0,0006;0;4;0;2;0;0;0;1;0;0
Kupplungssatz;479;117731;11;0,0069;0;3;2;2;3;0;0;1;2;3
Kupplungssatz;479;5229;2;0,0012;2;2;2;2;4;0;0;0;2;2
Kupplungssatz;479;6934;1;0,0006;0;2;2;0;0;0;0;0;1;2
Kupplungssatz;479;16665;1;0,0006;1;1;1;1;2;1;0;0;1;1
Kupplungssatz;479;7705;5;0,0031;0;0;0;1;0;1;0;0;0;0
Kupplungssatz;479;128616;2;0,0012;0;2;0;0;0;0;0;0;0;0
Kupplungssatz;479;131255;5;0,0031;0;3;1;2;0;0;0;0;2;2
Kupplungssatz;479;861;2;0,0012;0;1;0;1;0;0;0;0;1;0
Kupplungssatz;479;7929;6;0,0037;1;1;1;0;0;0;0;0;1;2
Kupplungssatz;479;4420;1;0,0006;1;1;1;1;0;1;0;1;1;1
Kupplungssatz;479;7170;4;0,0025;0;2;0;1;1;0;0;0;0;0
Kupplungssatz;479;19285;3;0,0019;10;12;6;12;7;1;0;1;12;6
Kupplungssatz;479;31599;1;0,0006;0;3;0;1;1;0;0;1;0;2
Kupplungssatz;479;155852;1;0,0006;0;0;0;0;0;0;0;0;0;1
Kupplungssatz;479;19513;1;0,0006;3;6;6;6;7;2;0;3;6;5
Kupplungssatz;479;12753;2;0,0012;0;0;0;1;1;0;0;0;1;1
Kupplungssatz;479;16549;28;0,0175;2;2;1;1;3;1;0;1;1;0
Kupplungssatz;479;137258;11;0,0069;1;1;1;1;0;0;0;0;2;2
Kupplungssatz;479;16207;7;0,0044;2;2;2;2;5;0;0;1;2;5
Kupplungssatz;479;24501;11;0,0069;3;3;4;1;6;2;0;1;3;3
Kupplungssatz;479;28231;18;0,0112;1;5;1;2;2;0;0;1;1;4
Kupplungssatz;479;8461;46;0,0287;1;7;6;4;10;2;0;0;5;5
Kupplungssatz;479;12054;49;0,0306;1;2;1;1;1;0;0;0;1;1
Kupplungssatz;479;30715;2;0,0012;5;4;2;2;3;4;0;0;0;3
Kupplungssatz;479;5399;3;0,0019;2;0;1;1;3;3;0;1;0;1
Kupplungssatz;479;2464;5;0,0031;1;1;0;1;3;1;0;0;1;1
Kupplungssatz;479;146464;1;0,0006;0;0;0;0;0;0;0;0;0;0
Kupplungssatz;479;17914;21;0,0131;1;5;3;1;5;2;0;2;3;3
Kupplungssatz;479;22529;13;0,0081;1;3;3;3;3;2;0;1;5;3
Kupplungssatz;479;116213;22;0,0137;3;3;3;3;8;0;0;2;5;4
Kupplungssatz;479;20111;13;0,0081;3;4;4;4;7;0;0;2;4;5
Kupplungssatz;479;129636;7;0,0044;1;1;1;1;2;1;0;1;0;1
Kupplungssatz;479;17507;1;0,0006;0;0;0;0;1;0;0;0;0;1
Kupplungssatz;479;32992;3;0,0019;1;1;1;1;3;1;0;1;1;0
Kupplungssatz;479;18141;17;0,0106;2;1;0;1;1;2;0;2;1;1
Kupplungssatz;479;135808;2;0,0012;0;2;0;2;1;0;0;0;0;1
Kupplungssatz;479;28204;29;0,0181;2;5;3;3;4;0;0;2;1;5
Kupplungssatz;479;11986;1;0,0006;0;1;0;1;1;0;0;0;0;1
Kupplungssatz;479;141869;3;0,0019;0;2;0;2;4;0;0;1;1;1
Kupplungssatz;479;115118;40;0,025;1;5;0;2;2;1;0;1;1;3
Kupplungssatz;479;19236;38;0,0237;1;1;1;1;4;1;0;0;1;1
Kupplungssatz;479;4144;39;0,0244;1;4;1;2;1;1;0;1;2;1
Kupplungssatz;479;30388;2;0,0012;4;4;4;2;4;1;0;2;2;5
Kupplungssatz;479;138894;8;0,005;0;1;1;1;5;1;0;1;1;1
Kupplungssatz;479;26620;2;0,0012;1;3;0;1;1;1;0;0;0;0
Kupplungssatz;479;18437;1;0,0006;0;2;0;2;1;0;0;2;2;2
Kupplungssatz;479;107958;19;0,0119;1;1;1;1;4;1;0;1;1;2
Kupplungssatz;479;118600;24;0,015;2;5;2;3;4;0;0;2;4;8
Kupplungssatz;479;5214;2;0,0012;2;1;0;1;2;1;0;1;1;1
Kupplungssatz;479;19867;17;0,0106;0;5;1;2;4;1;0;0;1;1
Kupplungssatz;479;2111;1;0,0006;2;1;1;1;3;0;0;0;1;1
Kupplungssatz;479;2834;1;0,0006;0;1;0;0;0;0;0;0;1;2
Kupplungssatz;479;114327;13;0,0081;0;1;0;1;3;1;0;1;1;1
Kupplungssatz;479;7474;1;0,0006;0;0;1;1;2;1;0;0;1;0
Kupplungssatz;479;8027;31;0,0194;3;4;2;3;5;0;0;2;5;3
Kupplungssatz;479;3777;3;0,0019;1;1;0;1;1;0;0;0;1;1
Kupplungssatz;479;15631;3;0,0019;2;5;4;2;6;1;0;1;3;3
Kupplungssatz;479;15969;31;0,0194;3;1;1;1;2;2;0;1;1;1
Kupplungssatz;479;14884;4;0,0025;2;3;2;3;0;0;0;2;3;3
Kupplungssatz;479;30853;4;0,0025;0;0;0;0;1;1;0;0;0;3
Kupplungssatz;479;11112;6;0,0037;1;1;1;1;1;0;0;0;1;1
Kupplungssatz;479;31073;2;0,0012;1;2;1;1;3;1;0;1;1;1
Kupplungssatz;479;19580;2;0,0012;3;3;2;3;3;0;0;0;0;3
Kupplungssatz;479;145676;1;0,0006;1;0;0;0;3;0;0;0;0;0
Kupplungssatz;479;19021;7;0,0044;0;1;0;0;1;0;0;0;0;2
Kupplungssatz;479;16503;9;0,0056;1;1;1;1;4;1;0;1;1;1
Kupplungssatz;479;27978;1;0,0006;0;1;1;1;2;0;0;0;1;2
Kupplungssatz;479;154574;1;0,0006;2;4;1;0;1;1;0;1;0;0
Kupplungssatz;479;119202;4;0,0025;0;2;1;1;2;1;0;1;1;2
Kupplungssatz;479;19639;8;0,005;3;4;3;3;4;0;0;0;2;6
Kupplungssatz;479;5092;2;0,0012;0;0;1;1;1;1;0;1;1;0
Kupplungssatz;479;56161;6;0,0037;1;1;1;1;1;1;0;1;1;1
Kupplungssatz;479;9778;1;0,0006;1;1;0;2;0;2;0;1;0;0
Kupplungssatz;479;28168;3;0,0019;0;1;0;0;1;0;0;0;0;0
Kupplungssatz;479;138018;1;0,0006;0;1;2;0;3;0;0;0;1;1
Kupplungssatz;479;16082;33;0,0206;1;4;2;4;3;0;0;0;2;4
Kupplungssatz;479;140436;1;0,0006;0;0;0;0;0;0;0;0;0;0
Kupplungssatz;479;1869;6;0,0037;2;2;1;2;3;1;0;0;2;2
Kupplungssatz;479;122417;2;0,0012;0;2;0;0;0;1;0;0;0;2
Kupplungssatz;479;19093;26;0,0162;1;2;1;2;1;1;0;2;2;2
Kupplungssatz;479;8386;32;0,02;2;3;2;2;2;0;0;0;2;2
Kupplungssatz;479;132343;2;0,0012;1;2;3;2;2;0;0;0;2;0
Kupplungssatz;479;125056;1;0,0006;0;2;0;1;1;0;0;0;0;0
Kupplungssatz;479;5606;6;0,0037;1;2;2;1;2;0;0;0;2;2
Kupplungssatz;479;23186;8;0,005;0;2;2;2;1;0;0;1;2;2
Kupplungssatz;479;16877;9;0,0056;0;2;2;0;2;0;0;0;2;2
Kupplungssatz;479;16522;5;0,0031;1;1;1;1;1;1;0;1;0;0
Kupplungssatz;479;5333;1;0,0006;1;1;1;1;1;1;0;1;1;1
Kupplungssatz;479;14245;1;0,0006;1;0;0;1;0;1;0;0;0;0
Kupplungssatz;479;135622;1;0,0006;0;1;2;0;2;0;0;0;0;0
Kupplungssatz;479;19777;3;0,0019;0;2;0;0;5;0;0;0;0;2
Kupplungssatz;479;134287;1;0,0006;0;0;2;0;2;0;0;0;0;1
Kupplungssatz;479;32621;32;0,02;1;4;1;2;4;1;0;2;1;3
Kupplungssatz;479;56431;3;0,0019;1;4;2;2;2;0;0;0;1;2
Kupplungssatz;479;8757;1;0,0006;0;1;0;0;1;0;0;0;0;0
Kupplungssatz;479;58791;9;0,0056;1;2;0;2;1;1;0;1;1;0
Kupplungssatz;479;113728;6;0,0037;1;2;0;2;0;0;0;1;1;1
Kupplungssatz;479;33169;5;0,0031;0;1;1;0;1;1;0;0;0;1
Kupplungssatz;479;134045;1;0,0006;0;0;0;0;0;0;0;0;0;0
Kupplungssatz;479;18187;31;0,0194;3;4;3;3;4;0;0;0;3;3
Kupplungssatz;479;133312;4;0,0025;0;0;1;0;2;1;0;0;0;1
Kupplungssatz;479;134712;1;0,0006;4;4;2;3;3;1;0;1;0;0
Kupplungssatz;479;15147;3;0,0019;1;2;1;1;3;1;0;1;1;1
Kupplungssatz;479;20472;9;0,0056;1;0;0;1;1;1;0;1;0;1
Kupplungssatz;479;30477;3;0,0019;0;1;0;1;1;0;0;0;0;1
Kupplungssatz;479;14903;8;0,005;6;3;6;1;4;1;0;0;5;3
Kupplungssatz;479;17125;4;0,0025;5;7;5;0;12;0;0;0;4;3
Kupplungssatz;479;4628;4;0,0025;3;6;2;1;0;0;0;0;3;2
Kupplungssatz;479;18342;1;0,0006;1;2;2;1;7;1;0;1;2;2
Kupplungssatz;479;59928;2;0,0012;3;3;2;3;3;0;0;0;0;3
Kupplungssatz;479;9446;4;0,0025;1;3;2;3;4;1;0;2;2;2
Kupplungssatz;479;31032;2;0,0012;1;1;1;1;4;0;0;0;1;1
Kupplungssatz;479;123315;1;0,0006;0;0;4;0;0;0;0;0;0;0
Kupplungssatz;479;19214;9;0,0056;1;1;2;1;1;1;0;0;0;1
Kupplungssatz;479;24242;2;0,0012;0;3;2;2;6;0;0;0;2;2
Kupplungssatz;479;20026;2;0,0012;1;1;4;0;4;1;0;1;0;1
Kupplungssatz;479;3317;17;0,0106;1;3;1;1;3;1;0;1;1;2
Kupplungssatz;479;115210;10;0,0062;0;2;1;1;5;0;0;2;2;4
Kupplungssatz;479;57398;29;0,0181;1;2;0;2;6;1;0;2;0;2
Kupplungssatz;479;58143;140;0,0874;2;3;1;2;3;0;0;1;3;2
Kupplungssatz;479;106490;15;0,0094;2;3;1;1;5;0;0;1;1;2
Kupplungssatz;479;55784;1;0,0006;1;1;0;0;1;0;0;0;0;0
Kupplungssatz;479;2575;1;0,0006;0;0;2;0;1;1;0;0;1;0
Kupplungssatz;479;9055;7;0,0044;2;1;2;1;4;1;0;0;2;3
Kupplungssatz;479;5386;3;0,0019;1;1;2;1;3;2;0;1;0;1
Kupplungssatz;479;5535;22;0,0137;1;1;2;1;1;0;0;0;1;1
Kupplungssatz;479;100770;11;0,0069;2;4;1;1;3;2;0;1;1;2
Kupplungssatz;479;57598;2;0,0012;2;1;1;2;1;1;0;1;1;1
Kupplungssatz;479;128981;1;0,0006;0;2;0;2;0;0;0;1;0;2
Kupplungssatz;479;17277;9;0,0056;2;2;1;1;4;1;0;1;2;1
Kupplungssatz;479;19657;11;0,0069;3;5;3;3;4;0;0;0;2;7
Kupplungssatz;479;30901;329;0,2055;2;1;1;1;5;1;0;1;1;1
Kupplungssatz;479;129970;1;0,0006;4;4;0;3;4;2;0;3;0;0
Kupplungssatz;479;10769;4;0,0025;1;2;0;0;3;1;0;1;0;2
Kupplungssatz;479;128972;3;0,0019;1;0;0;0;3;1;0;1;0;1
Kupplungssatz;479;101074;3;0,0019;0;0;2;1;3;1;0;0;1;0
Kupplungssatz;479;108301;11;0,0069;0;3;1;3;3;1;0;0;2;3
Kupplungssatz;479;10014;21;0,0131;1;1;1;1;1;1;0;0;1;0
Kupplungssatz;479;3311;1;0,0006;1;1;1;2;2;1;0;0;1;1
Kupplungssatz;479;121750;2;0,0012;0;0;1;1;0;0;0;0;0;0
Kupplungssatz;479;1858;1;0,0006;0;0;0;0;0;0;0;0;0;0
Kupplungssatz;479;115056;12;0,0075;0;2;1;1;2;1;0;1;0;2
Kupplungssatz;479;8807;2;0,0012;0;1;1;1;5;0;0;0;1;1
Kupplungssatz;479;10170;2;0,0012;1;1;1;1;1;1;0;0;1;1
Kupplungssatz;479;138898;2;0,0012;0;5;0;4;2;0;0;0;1;4
Kupplungssatz;479;100550;1;0,0006;1;2;0;2;0;0;0;0;0;0
Kupplungssatz;479;20915;2;0,0012;2;1;2;2;2;1;0;2;2;2
Kupplungssatz;479;4627;1;0,0006;0;3;1;0;0;0;0;0;1;1
Kupplungssatz;479;27485;2;0,0012;1;1;0;1;1;1;0;1;0;0
Kupplungssatz;479;8388;2;0,0012;0;2;0;0;1;0;0;0;0;2
Kupplungssatz;479;132357;6;0,0037;0;2;2;2;3;0;0;0;0;1
Kupplungssatz;479;23158;1;0,0006;1;2;0;2;2;0;0;0;0;2
Kupplungssatz;479;32127;22;0,0137;1;1;1;4;1;1;0;0;1;3
Kupplungssatz;479;147339;1;0,0006;0;0;0;0;0;0;0;0;0;0
Kupplungssatz;479;4729;1;0,0006;2;1;1;1;2;1;0;1;1;1
Kupplungssatz;479;16734;1;0,0006;1;1;3;1;2;1;0;1;0;2
Kupplungssatz;479;3986;1;0,0006;0;1;0;0;1;0;0;0;1;1
Kupplungssatz;479;113153;2;0,0012;0;0;0;0;0;0;0;0;0;0
Kupplungssatz;479;32250;9;0,0056;2;3;0;2;4;1;0;0;2;1
Kupplungssatz;479;55549;5;0,0031;2;1;0;0;2;1;0;1;0;1
Kupplungssatz;479;30968;215;0,1343;1;3;0;1;3;2;0;1;1;1
Kupplungssatz;479;152884;4;0,0025;0;2;0;0;0;0;0;0;0;0
Kupplungssatz;479;18099;14;0,0087;1;1;1;1;0;1;0;1;1;1
Kupplungssatz;479;126889;22;0,0137;2;2;0;2;0;0;0;3;2;0
Kupplungssatz;479;3625;11;0,0069;2;1;1;1;2;1;0;1;0;1
Kupplungssatz;479;15848;3;0,0019;0;1;1;2;0;1;0;0;0;0
Kupplungssatz;479;12174;9;0,0056;3;2;1;2;2;0;0;0;2;1
Kupplungssatz;479;57481;58;0,0362;2;2;3;2;6;1;0;2;2;1
Kupplungssatz;479;16891;2;0,0012;0;1;0;1;2;0;0;0;1;0
Kupplungssatz;479;5242;1;0,0006;0;1;1;1;3;0;0;0;1;1
Kupplungssatz;479;4728;1;0,0006;0;1;0;0;1;0;0;0;0;1
Kupplungssatz;479;1651;10;0,0062;1;1;1;1;2;0;0;0;1;1
Kupplungssatz;479;801347;1;0,0006;3;3;0;0;5;0;0;0;0;0
Kupplungssatz;479;41701;1;0,0006;0;0;0;0;0;0;0;0;0;0
Kupplungssatz;479;22674;3;0,0019;0;5;0;0;3;0;0;0;2;1
Kupplungssatz;479;17258;2;0,0012;0;1;1;2;1;1;0;0;1;1
Kupplungssatz;479;17780;25;0,0156;1;1;2;1;2;2;0;1;1;1
Kupplungssatz;479;53386;2;0,0012;3;2;2;2;6;1;0;2;2;1
Kupplungssatz;479;55819;1;0,0006;0;1;0;0;0;0;0;0;0;0
Kupplungssatz;479;126577;2;0,0012;2;2;0;2;1;0;0;1;0;2
Kupplungssatz;479;118578;4;0,0025;0;0;0;0;1;0;0;0;0;0
Kupplungssatz;479;3271;1;0,0006;1;1;0;1;2;1;0;0;1;1
Kupplungssatz;479;131373;1;0,0006;0;2;0;1;0;0;0;0;0;1
Kupplungssatz;479;100490;1;0,0006;3;1;1;2;1;1;0;1;0;1
Kupplungssatz;479;8765;3;0,0019;2;1;1;1;2;0;0;0;1;1
Kupplungssatz;479;3454;1;0,0006;2;0;0;0;1;1;0;0;1;0
Kupplungssatz;479;55968;4;0,0025;1;0;0;0;1;0;0;0;2;0
Kupplungssatz;479;105917;19;0,0119;0;3;0;2;2;0;0;1;1;2
Kupplungssatz;479;59568;10;0,0062;0;1;0;1;1;0;0;0;0;2
Kupplungssatz;479;123395;2;0,0012;0;5;0;3;3;1;0;0;0;2
Kupplungssatz;479;151928;1;0,0006;0;1;0;0;0;0;0;0;0;0
Kupplungssatz;479;18486;1;0,0006;0;1;1;0;1;0;0;0;1;1
Kupplungssatz;479;23293;1;0,0006;2;3;4;2;2;0;0;0;2;2
Kupplungssatz;479;17506;1;0,0006;0;0;0;0;1;0;0;0;0;1
Kupplungssatz;479;23557;1;0,0006;0;0;0;0;3;1;0;0;0;0
Kupplungssatz;479;118482;1;0,0006;0;1;0;0;1;0;0;0;0;1
Kupplungssatz;479;3979;1;0,0006;0;2;0;2;4;0;0;0;0;0
Kupplungssatz;479;2694;20;0,0125;1;1;1;1;2;1;0;0;1;0
Kupplungssatz;479;9515;3;0,0019;1;3;2;1;4;0;0;0;1;1
Kupplungssatz;479;15268;3;0,0019;0;1;0;2;1;0;0;0;1;1
Kupplungssatz;479;1808;10;0,0062;1;1;1;1;3;1;0;0;1;1
Kupplungssatz;479;3762;1;0,0006;0;2;2;1;4;0;0;0;2;3
Kupplungssatz;479;124243;47;0,0294;2;3;1;2;5;0;0;1;0;2
Kupplungssatz;479;106374;3;0,0019;0;2;3;2;4;1;0;2;1;1
Kupplungssatz;479;17874;5;0,0031;0;1;2;1;2;0;0;0;1;1
Kupplungssatz;479;1914;12;0,0075;1;1;1;1;5;1;0;0;1;2
Kupplungssatz;479;113673;18;0,0112;1;1;1;1;4;2;0;1;1;1
Kupplungssatz;479;10250;33;0,0206;0;2;2;2;3;0;0;2;3;3
Kupplungssatz;479;100630;22;0,0137;1;3;1;1;4;0;0;1;1;2
Kupplungssatz;479;5938;19;0,0119;1;3;2;1;3;1;0;1;1;2
Kupplungssatz;479;133159;3;0,0019;0;2;0;0;2;0;0;0;0;2
Kupplungssatz;479;20542;3;0,0019;1;2;1;1;4;0;0;1;1;0
Kupplungssatz;479;138985;4;0,0025;1;5;4;4;3;0;0;1;0;5
Kupplungssatz;479;100393;1;0,0006;0;2;0;2;3;0;0;0;2;1
Kupplungssatz;479;9430;6;0,0037;1;1;1;2;0;1;0;1;1;1
Kupplungssatz;479;31167;1;0,0006;1;2;1;1;2;1;0;1;2;2
Kupplungssatz;479;992;155;0,0968;1;3;2;3;3;1;0;1;1;3
Kupplungssatz;479;5238;1;0,0006;0;0;0;0;1;0;0;0;0;2
Kupplungssatz;479;17344;48;0,03;1;1;1;1;2;2;0;1;1;1
Kupplungssatz;479;120504;14;0,0087;1;2;0;2;1;0;0;2;2;2
Kupplungssatz;479;14760;4;0,0025;0;0;0;0;3;0;0;0;3;1
Kupplungssatz;479;33258;29;0,0181;0;2;1;1;1;0;0;0;1;1
Kupplungssatz;479;4124;1;0,0006;1;1;0;1;1;1;0;0;1;1
Kupplungssatz;479;15285;7;0,0044;1;1;2;1;1;1;0;1;1;2
Kupplungssatz;479;1920;2;0,0012;1;1;0;0;1;0;0;0;0;1
Kupplungssatz;479;125841;2;0,0012;1;1;0;1;2;0;0;0;1;4
Kupplungssatz;479;19944;14;0,0087;0;1;0;0;2;1;0;0;0;3
Kupplungssatz;479;106544;9;0,0056;1;3;2;2;3;0;0;2;0;2
Kupplungssatz;479;39271;14;0,0087;1;3;1;2;4;0;0;1;1;1
Kupplungssatz;479;507;1;0,0006;1;5;0;1;5;0;0;0;4;0
Kupplungssatz;479;15699;1;0,0006;0;1;1;1;2;1;0;0;1;1
Kupplungssatz;479;1959;1;0,0006;0;0;0;0;1;0;0;0;1;0
Kupplungssatz;479;5285;5;0,0031;1;1;1;1;2;0;0;0;1;1
Kupplungssatz;479;107049;1;0,0006;0;2;0;2;2;1;0;0;0;0
Kupplungssatz;479;21542;4;0,0025;0;0;0;0;1;0;0;0;0;0
Kupplungssatz;479;3859;3;0,0019;0;2;0;0;1;0;0;0;0;3
Kupplungssatz;479;4202;1;0,0006;0;0;0;1;0;1;0;0;0;0
Kupplungssatz;479;4109;2;0,0012;1;1;1;1;1;1;0;1;1;1
Kupplungssatz;479;29522;1;0,0006;0;1;1;0;1;0;0;0;0;0
Kupplungssatz;479;16788;4;0,0025;1;1;0;1;1;0;0;1;1;0
Kupplungssatz;479;125516;2;0,0012;0;1;0;0;0;0;0;0;0;0
Kupplungssatz;479;134225;2;0,0012;0;0;0;0;0;0;0;0;0;0
Kupplungssatz;479;16278;5;0,0031;2;1;1;1;1;1;0;1;1;0
Kupplungssatz;479;34767;1;0,0006;0;1;0;1;1;0;0;0;1;1
Kupplungssatz;479;111075;11;0,0069;0;1;1;1;3;0;0;0;0;2
Kupplungssatz;479;15381;11;0,0069;2;1;1;1;4;1;0;1;1;1
Kupplungssatz;479;59322;1;0,0006;2;0;1;0;3;0;0;0;1;7
Kupplungssatz;479;115184;3;0,0019;0;2;0;1;1;0;0;1;0;2
Kupplungssatz;479;125321;4;0,0025;1;2;0;2;3;1;0;1;0;1
Kupplungssatz;479;5538;1;0,0006;1;1;1;1;2;1;0;0;1;1
Kupplungssatz;479;57219;4;0,0025;0;0;1;0;0;0;0;0;0;0
Kupplungssatz;479;1437;2;0,0012;0;1;2;1;0;0;0;0;1;1
Kupplungssatz;479;1938;1;0,0006;0;2;2;1;0;0;0;0;0;0
Kupplungssatz;479;1980;1;0,0006;1;1;1;1;2;0;0;0;1;1
Kupplungssatz;479;242202;1;0,0006;0;0;0;0;0;0;0;0;0;0
Kupplungssatz;479;22627;3;0,0019;0;1;1;0;0;0;0;0;0;1
Kupplungssatz;479;57651;2;0,0012;0;1;0;0;0;0;0;0;0;0
Kupplungssatz;479;108798;70;0,0437;1;1;1;1;1;1;0;2;1;1
Kupplungssatz;479;3634;29;0,0181;2;1;1;1;3;4;0;1;0;1
Kupplungssatz;479;108164;5;0,0031;1;3;1;2;4;0;0;1;1;2
Kupplungssatz;479;12244;4;0,0025;1;0;1;1;2;1;0;1;1;0
Kupplungssatz;479;57450;23;0,0144;2;4;1;2;3;0;0;1;2;2
Kupplungssatz;479;111073;15;0,0094;0;1;0;1;3;0;0;0;0;1
Kupplungssatz;479;14315;5;0,0031;2;1;1;1;3;4;0;0;0;1
Kupplungssatz;479;109439;1;0,0006;0;3;1;1;9;0;0;1;4;1
Kupplungssatz;479;16579;6;0,0037;2;2;1;0;2;0;0;0;2;0
Kupplungssatz;479;17301;1;0,0006;2;1;1;1;2;1;0;1;0;1
Kupplungssatz;479;9994;7;0,0044;1;1;1;3;2;1;0;1;1;0
Kupplungssatz;479;14064;33;0,0206;0;1;1;0;2;0;0;0;1;2
Kupplungssatz;479;117089;2;0,0012;0;1;0;0;0;0;0;0;0;2
Kupplungssatz;479;17841;11;0,0069;1;3;1;2;2;1;0;0;2;1
Kupplungssatz;479;105916;14;0,0087;1;4;0;3;4;0;0;0;6;4
Kupplungssatz;479;10934;66;0,0412;4;3;1;3;5;3;0;3;5;4
Kupplungssatz;479;100898;8;0,005;1;1;1;1;1;0;0;1;1;1
Kupplungssatz;479;143537;1;0,0006;0;3;0;3;1;0;0;0;0;4
Kupplungssatz;479;117770;6;0,0037;0;0;0;2;0;1;0;0;0;2
Kupplungssatz;479;3397;1;0,0006;0;2;0;1;2;0;0;0;0;1
Kupplungssatz;479;4344;1;0,0006;2;1;0;1;1;1;0;0;0;1
Kupplungssatz;479;3786;1;0,0006;0;1;1;0;2;0;0;0;2;3
Kupplungssatz;479;131826;1;0,0006;0;1;0;0;2;0;0;0;0;2
Kupplungssatz;479;16695;1;0,0006;0;0;0;0;0;0;0;0;0;0
Kupplungssatz;479;55578;6;0,0037;6;5;0;6;2;2;0;1;0;5
Kupplungssatz;479;55099;1;0,0006;1;1;1;2;1;1;0;1;1;0
Kupplungssatz;479;129736;1;0,0006;0;0;0;1;0;0;0;0;0;0
Kupplungssatz;479;140416;1;0,0006;0;2;0;2;0;0;0;0;0;0
Kupplungssatz;479;132139;3;0,0019;0;1;0;0;3;0;0;0;0;2
Kupplungssatz;479;120298;2;0,0012;2;1;1;1;1;1;0;0;2;1
Kupplungssatz;479;1555;1;0,0006;0;3;0;0;0;0;0;0;0;2
Kupplungssatz;479;5413;1;0,0006;0;4;1;2;3;0;0;0;2;2
Kupplungssatz;479;22676;5;0,0031;0;2;0;0;3;0;0;0;2;3
Kupplungssatz;479;9366;1;0,0006;0;2;1;1;2;1;0;1;1;2
Kupplungssatz;479;13881;1;0,0006;0;1;1;1;2;0;0;1;0;0
Kupplungssatz;479;19804;77;0,0481;1;2;1;1;3;1;0;2;1;1
Kupplungssatz;479;137032;18;0,0112;0;1;1;1;2;0;0;0;1;1
Kupplungssatz;479;9465;175;0,1093;1;1;1;1;7;1;0;1;1;2
Kupplungssatz;479;2374;1;0,0006;1;1;0;1;1;0;0;0;1;0
Kupplungssatz;479;23170;4;0,0025;0;1;1;1;1;0;0;0;1;1
Kupplungssatz;479;16765;5;0,0031;1;1;1;0;2;1;0;0;1;2
Kupplungssatz;479;16162;39;0,0244;2;2;1;1;5;2;0;0;2;3
Kupplungssatz;479;7849;1;0,0006;0;1;1;1;1;0;0;1;0;0
Kupplungssatz;479;5765;1;0,0006;1;1;0;1;0;0;0;0;0;0
Kupplungssatz;479;111897;1;0,0006;2;4;1;1;3;2;0;1;1;5
Kupplungssatz;479;18307;12;0,0075;2;2;1;1;3;0;0;0;2;3
Kupplungssatz;479;106596;15;0,0094;0;1;1;1;3;0;0;1;4;2
Kupplungssatz;479;128786;4;0,0025;0;2;1;0;4;0;0;1;0;2
Kupplungssatz;479;26644;9;0,0056;1;2;1;2;0;0;0;0;0;0
Kupplungssatz;479;139745;2;0,0012;0;4;0;1;0;0;0;0;0;2
Kupplungssatz;479;129754;5;0,0031;2;1;1;1;2;0;0;1;0;1
Kupplungssatz;479;100560;20;0,0125;0;2;0;1;0;0;0;0;0;1
Kupplungssatz;479;15926;4;0,0025;1;2;2;0;7;1;0;1;2;2
Kupplungssatz;479;3246;1;0,0006;0;0;0;0;0;0;0;0;0;0
Kupplungssatz;479;18494;2;0,0012;1;1;1;1;2;1;0;0;0;0
Kupplungssatz;479;135343;2;0,0012;0;0;1;1;3;0;0;1;0;2
Kupplungssatz;479;100766;1;0,0006;1;1;1;1;1;1;0;1;0;1
Kupplungssatz;479;17200;7;0,0044;0;0;0;0;4;0;0;0;0;2
Kupplungssatz;479;16507;2;0,0012;1;1;1;1;0;1;0;1;1;1
Kupplungssatz;479;25488;13;0,0081;1;2;2;1;3;0;0;0;3;3
Kupplungssatz;479;119483;4;0,0025;2;3;0;2;7;0;0;0;0;3
Kupplungssatz;479;23299;35;0,0219;0;4;2;1;4;0;0;0;0;1
Kupplungssatz;479;23497;21;0,0131;0;2;0;0;2;0;0;0;2;3
Kupplungssatz;479;115209;1;0,0006;0;2;1;1;5;0;0;2;0;4
Kupplungssatz;479;27981;1;0,0006;4;3;3;0;3;1;0;0;4;3
Kupplungssatz;479;8925;4;0,0025;3;1;1;1;2;1;0;1;1;1
Kupplungssatz;479;14677;12;0,0075;1;3;1;1;6;0;0;0;1;1
Kupplungssatz;479;2913;1;0,0006;2;1;1;1;3;1;0;0;0;1
Kupplungssatz;479;34104;1;0,0006;0;2;0;0;1;0;0;0;1;3
Kupplungssatz;479;14365;1;0,0006;0;0;0;1;2;0;0;0;0;1
Kupplungssatz;479;19230;1;0,0006;1;1;0;1;1;1;0;0;1;1
Kupplungssatz;479;3939;1;0,0006;0;1;1;1;2;0;0;0;1;1
Kupplungssatz;479;1441;1;0,0006;1;0;0;1;1;0;0;0;1;1
Kupplungssatz;479;28638;2;0,0012;0;1;0;1;3;0;0;0;1;0
Kupplungssatz;479;34978;4;0,0025;4;2;2;1;1;3;0;2;0;1
Kupplungssatz;479;58875;8;0,005;0;2;1;1;1;0;0;0;1;1
Kupplungssatz;479;14379;4;0,0025;1;1;1;1;1;0;0;0;1;1
Kupplungssatz;479;30897;27;0,0169;1;1;1;2;1;1;0;0;1;3
Kupplungssatz;479;32126;4;0,0025;1;1;1;4;1;1;0;0;1;3
Kupplungssatz;479;15767;5;0,0031;0;1;0;1;2;0;0;0;1;2
Kupplungssatz;479;55096;10;0,0062;3;2;0;3;2;0;0;2;2;3
Kupplungssatz;479;4607;1;0,0006;0;1;0;1;0;1;0;0;0;0
Kupplungssatz;479;22948;4;0,0025;1;1;1;1;1;0;0;0;1;1
Kupplungssatz;479;11262;4;0,0025;1;1;1;1;1;1;0;1;1;2
Kupplungssatz;479;19847;4;0,0025;0;1;1;1;1;0;0;0;1;1
Kupplungssatz;479;142867;1;0,0006;0;2;0;2;1;0;0;1;0;1
Kupplungssatz;479;7855;1;0,0006;2;0;1;2;1;0;0;1;1;1
Kupplungssatz;479;55875;4;0,0025;0;1;0;0;0;0;0;0;0;0
Kupplungssatz;479;136154;2;0,0012;2;2;1;0;3;0;0;2;1;3
Kupplungssatz;479;19578;1;0,0006;1;1;1;1;1;0;0;0;1;1
Kupplungssatz;479;57383;4;0,0025;1;1;0;1;1;0;0;0;0;0
Kupplungssatz;479;59663;2;0,0012;0;2;0;1;0;0;0;0;0;1
Kupplungssatz;479;1124;1;0,0006;0;0;1;0;0;0;0;0;1;1
Kupplungssatz;479;34950;50;0,0312;1;1;1;1;4;1;0;2;1;1
Kupplungssatz;479;17466;4;0,0025;1;1;1;1;3;1;0;1;1;0
Kupplungssatz;479;7015;20;0,0125;1;2;1;3;2;0;0;0;2;2
Kupplungssatz;479;136204;18;0,0112;0;0;1;0;2;0;0;0;0;1
Kupplungssatz;479;4753;1;0,0006;0;1;0;1;1;0;0;0;1;0
Kupplungssatz;479;14172;49;0,0306;1;1;1;1;3;1;0;0;1;1
Kupplungssatz;479;31593;68;0,0425;1;4;1;2;3;0;0;2;1;3
Kupplungssatz;479;14904;1;0,0006;4;4;2;2;5;0;0;0;3;2
Kupplungssatz;479;59408;5;0,0031;1;3;1;3;3;1;0;1;1;1
Kupplungssatz;479;32606;4;0,0025;1;4;1;2;2;0;0;1;1;4
Kupplungssatz;479;134555;1;0,0006;0;3;0;1;0;0;0;0;0;1
Kupplungssatz;479;58336;7;0,0044;0;1;1;1;2;0;0;1;1;1
Kupplungssatz;479;59794;1;0,0006;1;2;1;1;0;0;0;0;2;2
Kupplungssatz;479;134099;4;0,0025;1;4;1;2;2;1;0;2;0;2
Kupplungssatz;479;9610;31;0,0194;0;1;0;1;2;1;0;1;2;3
Kupplungssatz;479;1878;79;0,0493;1;3;1;1;3;1;0;1;1;2
Kupplungssatz;479;19872;58;0,0362;3;3;2;2;4;0;0;0;1;3
Kupplungssatz;479;5671;2;0,0012;2;2;1;1;2;0;0;1;2;2
Kupplungssatz;479;19959;126;0,0787;5;6;6;3;9;1;0;3;7;6
Kupplungssatz;479;57502;1;0,0006;0;0;1;1;1;0;0;1;1;1
Kupplungssatz;479;12290;1;0,0006;3;4;2;4;2;0;0;0;4;2
Kupplungssatz;479;17834;32;0,02;0;2;1;1;2;1;0;0;1;1
Kupplungssatz;479;23078;10;0,0062;3;2;3;2;2;1;0;2;2;4
Kupplungssatz;479;2998;1;0,0006;0;0;0;0;1;0;0;0;0;6
Kupplungssatz;479;107503;22;0,0137;3;3;3;3;3;0;0;2;3;6
Kupplungssatz;479;7896;5;0,0031;2;1;1;1;3;1;0;0;1;2
Kupplungssatz;479;4613;99;0,0618;1;4;4;2;2;0;0;0;2;2
Kupplungssatz;479;965;4;0,0025;1;1;1;1;3;1;0;0;1;1
Kupplungssatz;479;32986;1;0,0006;2;3;2;3;6;2;0;3;1;1
Kupplungssatz;479;16158;11;0,0069;2;2;1;1;1;1;0;0;2;3
Kupplungssatz;479;14729;3;0,0019;1;4;4;4;6;0;0;0;3;3
Kupplungssatz;479;115229;5;0,0031;4;2;1;3;6;0;0;2;3;3
Kupplungssatz;479;121779;75;0,0468;1;6;3;3;4;0;0;2;2;10
Kupplungssatz;479;16190;8;0,005;3;4;2;3;6;1;0;0;4;3
Kupplungssatz;479;17974;12;0,0075;1;2;1;1;3;1;0;1;1;1
Kupplungssatz;479;29924;7;0,0044;0;2;1;2;1;0;0;0;2;3
Kupplungssatz;479;58944;22;0,0137;1;3;1;2;4;0;0;2;1;2
Kupplungssatz;479;33280;10;0,0062;2;2;3;2;4;0;0;2;1;3
Kupplungssatz;479;111780;21;0,0131;2;2;0;3;4;0;0;2;2;3
Kupplungssatz;479;12008;58;0,0362;2;1;0;0;1;0;0;0;0;3
Kupplungssatz;479;20003;3;0,0019;2;3;2;2;2;0;0;0;3;3
Kupplungssatz;479;113381;1;0,0006;0;1;0;1;3;1;0;1;1;1
Kupplungssatz;479;106267;39;0,0244;3;3;2;3;3;0;0;2;3;4
Kupplungssatz;479;16827;3;0,0019;0;5;0;4;7;0;0;0;0;4
Kupplungssatz;479;31995;6;0,0037;1;2;1;1;3;1;0;0;2;1
Kupplungssatz;479;26550;2;0,0012;2;3;2;2;3;0;0;0;3;3
Kupplungssatz;479;133818;2;0,0012;1;0;0;1;0;0;0;1;0;0
Kupplungssatz;479;58886;2;0,0012;4;5;2;3;5;1;0;1;9;7
Kupplungssatz;479;15973;1;0,0006;1;1;1;1;1;2;0;1;1;1
Kupplungssatz;479;4726;2;0,0012;1;1;1;1;1;1;0;0;0;1
Kupplungssatz;479;1123;2;0,0012;0;1;1;0;0;0;0;0;1;1
Kupplungssatz;479;720;2;0,0012;0;1;0;0;0;0;0;0;0;0
Kupplungssatz;479;409;1;0,0006;0;4;3;0;0;0;0;0;0;4
Kupplungssatz;479;3000;4;0,0025;0;0;0;0;0;0;0;0;0;1
Kupplungssatz;479;9302;1;0,0006;1;3;1;1;2;1;0;1;1;3
Kupplungssatz;479;11780;1;0,0006;0;1;0;1;1;0;0;0;1;2
Kupplungssatz;479;26651;3;0,0019;0;4;1;0;2;0;0;0;2;1
Kupplungssatz;479;836;3;0,0019;2;3;2;3;1;0;0;0;0;2
Kupplungssatz;479;158603;2;0,0012;0;1;0;1;0;0;0;0;0;1
Kupplungssatz;479;107075;2;0,0012;0;2;0;2;3;0;0;0;0;2
Kupplungssatz;479;16202;32;0,02;4;4;2;3;6;1;0;0;4;3
Kupplungssatz;479;119609;3;0,0019;1;2;1;1;0;2;0;0;1;1
Kupplungssatz;479;34724;7;0,0044;3;2;2;3;1;1;0;1;2;2
Kupplungssatz;479;53303;24;0,015;1;5;1;3;7;2;0;2;2;3
Kupplungssatz;479;6323;19;0,0119;1;1;2;1;1;0;0;0;1;3
Kupplungssatz;479;20694;1;0,0006;1;1;0;1;0;0;0;0;0;0
Kupplungssatz;479;31531;5;0,0031;2;2;2;2;4;1;0;2;2;3
Kupplungssatz;479;33195;5;0,0031;2;2;2;1;2;2;0;1;2;2
Kupplungssatz;479;26624;33;0,0206;8;10;10;9;14;1;0;6;12;7
Kupplungssatz;479;15515;40;0,025;3;1;1;1;2;1;0;1;1;1
Kupplungssatz;479;13002;9;0,0056;1;0;1;0;6;2;0;0;0;0
Kupplungssatz;479;115155;2;0,0012;1;4;0;3;4;1;0;0;3;3
Kupplungssatz;479;30840;22;0,0137;1;2;1;1;1;1;0;1;1;2
Kupplungssatz;479;34308;8;0,005;2;3;1;1;2;0;0;1;1;4
Kupplungssatz;479;5052;27;0,0169;0;4;0;4;5;0;0;0;3;3
Kupplungssatz;479;4027;2;0,0012;1;2;1;2;1;1;0;1;0;1
Kupplungssatz;479;19926;1;0,0006;1;2;2;2;2;1;0;1;2;1
Kupplungssatz;479;24498;2;0,0012;1;1;0;1;6;1;0;0;1;2
Kupplungssatz;479;34443;2;0,0012;2;4;1;1;2;0;0;1;1;4
Kupplungssatz;479;100942;9;0,0056;0;1;0;0;1;0;0;0;1;1
Kupplungssatz;479;8324;2;0,0012;1;0;0;1;1;0;0;0;1;1
Kupplungssatz;479;57648;77;0,0481;0;1;1;1;2;2;0;1;0;1
Kupplungssatz;479;17219;89;0,0556;1;1;1;1;2;2;0;1;1;1
Kupplungssatz;479;101119;5;0,0031;4;6;6;8;2;1;0;3;5;5
Kupplungssatz;479;114584;1;0,0006;2;4;1;1;2;1;0;1;2;0
Kupplungssatz;479;11131;3;0,0019;1;1;0;1;3;1;0;1;1;1
Kupplungssatz;479;15580;1;0,0006;1;1;1;1;2;0;0;1;0;0
Kupplungssatz;479;57284;78;0,0487;2;1;1;0;4;1;0;0;2;1
Kupplungssatz;479;114892;91;0,0568;0;5;0;3;2;0;0;0;2;3
Kupplungssatz;479;15292;13;0,0081;0;3;1;1;3;0;0;0;1;1
Kupplungssatz;479;11487;18;0,0112;1;1;1;1;3;2;0;1;1;1
Kupplungssatz;479;119612;2;0,0012;1;2;2;1;1;0;0;1;2;0
Kupplungssatz;479;14366;1;0,0006;1;1;0;1;1;0;0;0;1;1
Kupplungssatz;479;17821;8;0,005;0;3;0;2;4;0;0;0;2;2
Kupplungssatz;479;15551;53;0,0331;2;1;1;1;1;1;0;1;1;0
Kupplungssatz;479;52004;10;0,0062;2;2;0;2;3;0;0;2;2;2
Kupplungssatz;479;5328;1;0,0006;0;1;1;1;1;0;0;0;1;1
Kupplungssatz;479;1559;14;0,0087;0;1;0;0;1;0;0;0;1;1
Kupplungssatz;479;100784;2;0,0012;2;4;1;1;2;1;0;1;2;2
Kupplungssatz;479;9099;1;0,0006;1;3;0;0;3;0;0;0;1;1
Kupplungssatz;479;17243;2;0,0012;1;2;0;1;1;1;0;1;1;1
Kupplungssatz;479;24453;1;0,0006;0;3;0;2;3;0;0;0;0;3
Kupplungssatz;479;8890;1;0,0006;0;1;0;0;1;0;0;0;1;4
Kupplungssatz;479;17948;6;0,0037;1;1;1;0;1;1;0;0;0;1
Kupplungssatz;479;17068;3;0,0019;4;4;3;4;4;0;0;0;4;4
Kupplungssatz;479;7678;1;0,0006;0;0;0;0;0;0;0;0;0;0
Kupplungssatz;479;10018;4;0,0025;0;1;1;1;1;2;0;0;1;0
Kupplungssatz;479;55733;1;0,0006;0;1;0;0;0;0;0;0;0;0
Kupplungssatz;479;23476;1;0,0006;2;3;0;3;2;1;0;2;2;2
Kupplungssatz;479;57692;1;0,0006;1;1;1;1;0;0;0;0;0;1
Kupplungssatz;479;16326;7;0,0044;2;5;0;2;6;0;0;0;2;2
Kupplungssatz;479;116489;1;0,0006;1;1;0;1;1;1;0;1;1;1
Kupplungssatz;479;126186;2;0,0012;2;4;1;2;0;0;0;1;0;2
Kupplungssatz;479;18028;3;0,0019;2;0;0;0;0;0;0;1;0;0
Kupplungssatz;479;18879;45;0,0281;3;1;1;1;2;1;0;1;1;1
Kupplungssatz;479;137585;1;0,0006;1;2;0;0;1;0;0;0;1;2
Kupplungssatz;479;523;20;0,0125;1;1;2;1;4;1;0;2;2;2
Kupplungssatz;479;5660;2;0,0012;0;1;1;1;1;0;0;0;1;1
Kupplungssatz;479;145871;18;0,0112;0;3;2;2;4;0;0;0;1;1
Kupplungssatz;479;17482;13;0,0081;2;3;2;1;2;0;0;1;2;2
Kupplungssatz;479;16067;1;0,0006;6;5;6;5;4;0;0;1;5;5
Kupplungssatz;479;3233;2;0,0012;1;0;0;0;1;0;0;0;0;0
Kupplungssatz;479;3287;1;0,0006;0;1;0;1;1;0;0;1;1;0
Kupplungssatz;479;142176;1;0,0006;0;1;0;0;1;0;0;0;0;2
Kupplungssatz;479;3413;6;0,0037;1;1;1;2;1;2;0;1;1;1
Kupplungssatz;479;25454;29;0,0181;3;5;0;5;2;0;0;0;0;3
Kupplungssatz;479;28516;1;0,0006;1;2;0;2;2;1;0;2;0;2
Kupplungssatz;479;4739;7;0,0044;0;2;0;0;2;0;0;0;1;2
Kupplungssatz;479;32913;4;0,0025;3;3;4;3;4;0;0;1;3;7
Kupplungssatz;479;55635;25;0,0156;2;4;0;1;4;2;0;1;2;2
Kupplungssatz;479;8009;6;0,0037;1;3;2;1;4;0;0;0;1;1
Kupplungssatz;479;16046;5;0,0031;0;2;3;1;3;0;0;0;2;2
Kupplungssatz;479;9043;9;0,0056;1;1;1;1;4;2;0;1;1;1
Kupplungssatz;479;28276;11;0,0069;0;2;1;2;4;0;0;0;0;3
Kupplungssatz;479;11705;1;0,0006;3;1;1;1;2;1;0;0;2;3
Kupplungssatz;479;53388;15;0,0094;0;2;0;3;4;0;0;0;0;3
Kupplungssatz;479;5017;4;0,0025;1;1;1;1;2;1;0;1;1;1
Kupplungssatz;479;127510;1;0,0006;1;4;0;1;3;1;0;1;1;2
Kupplungssatz;479;108560;1;0,0006;0;4;0;4;0;0;0;0;0;2
Kupplungssatz;479;3824;3;0,0019;1;1;0;1;1;0;0;0;0;1
Kupplungssatz;479;119193;3;0,0019;1;1;1;1;3;1;0;1;0;1
Kupplungssatz;479;12180;30;0,0187;0;0;0;0;2;1;0;0;0;2
Kupplungssatz;479;147903;1;0,0006;0;3;0;2;4;0;0;0;3;1
Kupplungssatz;479;113405;5;0,0031;1;2;2;1;2;0;0;1;1;2
Kupplungssatz;479;20710;2;0,0012;1;1;0;0;4;0;0;0;0;0
Kupplungssatz;479;1314;1;0,0006;0;1;0;0;1;0;0;0;0;0
Kupplungssatz;479;130805;2;0,0012;0;0;1;0;0;1;0;0;0;0
Kupplungssatz;479;7813;2;0,0012;0;2;0;0;5;0;0;0;2;0
Kupplungssatz;479;450;1;0,0006;0;2;0;0;1;0;0;0;0;1
Kupplungssatz;479;14369;1;0,0006;1;1;0;0;1;0;0;0;0;1
Kupplungssatz;479;117954;1;0,0006;1;1;1;1;7;2;0;1;0;2
Kupplungssatz;479;30000;1;0,0006;0;2;2;1;3;0;0;0;0;1
Kupplungssatz;479;117983;6;0,0037;0;2;0;2;2;0;0;0;0;1
Kupplungssatz;479;2301;1;0,0006;1;1;0;1;3;1;0;0;1;1
Kupplungssatz;479;23796;1;0,0006;1;1;1;1;1;1;0;1;1;1
Kupplungssatz;479;34293;4;0,0025;2;4;1;1;4;0;0;1;1;4
Kupplungssatz;479;31588;3;0,0019;2;3;2;2;2;0;0;0;3;3
Kupplungssatz;479;4693;2;0,0012;0;1;0;0;1;0;0;0;0;1
Kupplungssatz;479;152;1;0,0006;1;1;0;1;1;0;0;0;1;1
Kupplungssatz;479;110041;32;0,02;2;4;0;3;3;0;0;0;0;3
Kupplungssatz;479;18536;12;0,0075;2;2;0;2;1;1;0;1;2;2
Kupplungssatz;479;131487;5;0,0031;0;1;1;0;4;1;0;0;0;1
Kupplungssatz;479;34169;7;0,0044;0;2;0;1;1;0;0;0;1;1
Kupplungssatz;479;15628;12;0,0075;1;1;1;1;1;1;0;0;1;1
Kupplungssatz;479;755;1;0,0006;0;0;0;0;0;0;0;0;1;0
Kupplungssatz;479;14473;37;0,0231;1;1;1;1;2;2;0;0;1;0
Kupplungssatz;479;26626;1;0,0006;2;2;1;0;2;0;0;0;0;2
Kupplungssatz;479;1404;2;0,0012;0;1;1;0;0;0;0;0;1;1
Kupplungssatz;479;16075;4;0,0025;2;1;1;1;2;1;0;1;1;0
Kupplungssatz;479;9163;6;0,0037;1;1;1;1;1;1;0;0;1;1
Kupplungssatz;479;30438;91;0,0568;2;6;4;6;4;0;0;3;2;2
Kupplungssatz;479;412;3;0,0019;0;3;3;0;0;0;0;0;0;4
Kupplungssatz;479;118535;27;0,0169;2;3;0;2;7;0;0;0;0;3
Kupplungssatz;479;34167;11;0,0069;1;1;1;1;3;1;0;0;1;2
Kupplungssatz;479;29481;4;0,0025;1;1;0;1;1;1;0;0;0;1
Kupplungssatz;479;130999;1;0,0006;1;1;1;0;3;1;0;1;0;1
Kupplungssatz;479;14816;2;0,0012;2;3;1;0;7;0;0;0;1;4
Kupplungssatz;479;142440;8;0,005;0;2;0;2;1;0;0;1;0;2
Kupplungssatz;479;17786;1;0,0006;1;4;2;1;3;0;0;0;2;1
Kupplungssatz;479;138446;1;0,0006;0;3;2;1;1;0;0;0;0;5
Kupplungssatz;479;10103;1;0,0006;1;2;1;1;2;1;0;1;1;0
Kupplungssatz;479;7933;1;0,0006;1;3;5;1;4;0;0;0;2;3
Kupplungssatz;479;3410;1;0,0006;1;1;1;2;0;3;0;1;1;1
Kupplungssatz;479;443;1;0,0006;1;2;1;0;1;0;0;0;1;2
Kupplungssatz;479;154578;1;0,0006;2;0;0;1;0;0;0;0;0;1
Kupplungssatz;479;113894;2;0,0012;0;2;0;2;2;0;0;1;1;1
Kupplungssatz;479;18508;24;0,015;8;5;2;2;8;1;0;0;0;5
Kupplungssatz;479;19220;21;0,0131;1;1;1;1;3;1;0;0;1;1
Kupplungssatz;479;100834;15;0,0094;0;3;3;1;4;1;0;1;1;4
Kupplungssatz;479;114841;13;0,0081;1;1;1;2;6;0;0;2;3;1
Kupplungssatz;479;8335;19;0,0119;2;1;1;1;3;4;0;1;0;2
Kupplungssatz;479;4382;16;0,01;1;1;1;2;1;2;0;1;1;0
Kupplungssatz;479;4278;1;0,0006;1;1;1;1;1;3;0;0;1;0
Kupplungssatz;479;115685;42;0,0262;2;1;0;2;2;1;0;0;1;2
Kupplungssatz;479;18778;3;0,0019;6;5;2;3;4;1;0;1;2;1
Kupplungssatz;479;5940;3;0,0019;1;2;1;1;2;1;0;0;2;0
Kupplungssatz;479;31147;3;0,0019;2;4;0;2;4;1;0;2;0;1
Kupplungssatz;479;16680;22;0,0137;1;1;1;1;0;1;0;1;1;1
Kupplungssatz;479;19466;4;0,0025;0;2;2;1;4;0;0;0;1;2
Kupplungssatz;479;130861;1;0,0006;2;2;0;1;0;0;0;0;0;1
Kupplungssatz;479;14956;1;0,0006;3;3;0;3;4;1;0;0;2;1
Kupplungssatz;479;58482;3;0,0019;3;2;1;2;2;0;0;0;2;0
Kupplungssatz;479;8242;2;0,0012;1;1;0;1;2;1;0;0;1;1
Kupplungssatz;479;714583;1;0,0006;0;0;0;0;0;0;0;0;0;0
Kupplungssatz;479;117834;12;0,0075;2;4;0;2;1;1;0;2;0;2
Kupplungssatz;479;11805;1;0,0006;1;2;1;0;1;1;0;0;0;0
Kupplungssatz;479;20752;2;0,0012;0;0;0;0;0;0;0;0;0;0
Kupplungssatz;479;55726;1;0,0006;0;0;0;0;0;0;0;0;0;0
Kupplungssatz;479;142763;1;0,0006;0;0;4;0;2;0;0;0;0;0
Kupplungssatz;479;33461;1;0,0006;0;3;0;0;0;0;0;0;0;0
Kupplungssatz;479;131529;74;0,0462;2;2;1;2;0;0;0;1;1;2
Kupplungssatz;479;23455;9;0,0056;3;3;3;3;6;2;0;3;3;5
Kupplungssatz;479;31148;7;0,0044;2;2;3;2;5;1;0;2;2;1
Kupplungssatz;479;713;9;0,0056;3;10;5;6;10;3;0;2;11;6
Kupplungssatz;479;18079;61;0,0381;7;6;4;7;9;2;0;0;8;6
Kupplungssatz;479;20030;13;0,0081;3;2;3;1;6;2;0;1;3;3
Kupplungssatz;479;17366;14;0,0087;0;3;2;3;4;0;0;0;2;5
Kupplungssatz;479;4132;2;0,0012;1;4;1;1;2;4;0;0;1;1
Kupplungssatz;479;13863;1;0,0006;1;2;2;4;2;3;0;0;1;0
Kupplungssatz;479;7918;4;0,0025;1;2;1;1;2;0;0;1;1;1
Kupplungssatz;479;17764;17;0,0106;1;1;0;1;1;2;0;1;1;1
Kupplungssatz;479;15890;148;0,0924;2;5;2;2;2;1;0;2;2;3
Kupplungssatz;479;717;10;0,0062;5;4;3;4;4;1;0;0;4;6
Kupplungssatz;479;17968;9;0,0056;2;2;1;4;2;0;0;0;1;2
Kupplungssatz;479;59426;4;0,0025;3;3;0;2;2;0;0;1;3;3
Kupplungssatz;479;8460;142;0,0887;1;5;2;1;4;0;0;0;1;1
Kupplungssatz;479;1631;5;0,0031;1;2;2;1;3;0;0;0;1;2
Kupplungssatz;479;108163;4;0,0025;2;3;2;2;1;0;0;0;3;3
Kupplungssatz;479;6635;29;0,0181;5;8;1;6;7;1;0;1;11;4
Kupplungssatz;479;117964;4;0,0025;3;2;1;2;9;1;0;1;2;2
Kupplungssatz;479;31162;32;0,02;3;2;2;2;2;0;0;0;2;4
Kupplungssatz;479;1573;1;0,0006;0;3;0;1;2;0;0;0;2;1
Kupplungssatz;479;119521;1;0,0006;3;3;3;2;3;1;0;0;0;3
Kupplungssatz;479;22944;88;0,055;1;2;1;1;3;2;0;2;2;2
Kupplungssatz;479;19051;49;0,0306;3;3;3;3;5;2;0;3;3;5
Kupplungssatz;479;100836;13;0,0081;2;3;3;1;4;0;0;0;3;5
Kupplungssatz;479;29983;18;0,0112;2;5;1;3;3;1;0;0;2;3
Kupplungssatz;479;17852;30;0,0187;5;5;5;3;5;1;0;0;6;3
Kupplungssatz;479;114888;18;0,0112;0;4;0;1;0;0;0;0;0;1
Kupplungssatz;479;12574;4;0,0025;3;5;1;4;0;1;0;2;2;1
Kupplungssatz;479;18340;16;0,01;1;5;3;1;4;1;0;2;3;3
Kupplungssatz;479;4380;2;0,0012;1;1;1;1;1;2;0;1;1;0
Kupplungssatz;479;33866;63;0,0393;4;8;4;6;8;1;0;1;11;4
Kupplungssatz;479;8450;12;0,0075;1;4;1;1;2;1;0;1;2;1
Kupplungssatz;479;15095;3;0,0019;2;2;2;1;2;1;0;1;2;2
Kupplungssatz;479;56903;5;0,0031;7;6;4;6;6;0;0;4;9;6
Kupplungssatz;479;11965;1;0,0006;3;5;7;8;1;1;0;3;5;5
Kupplungssatz;479;26883;7;0,0044;3;3;3;4;4;1;0;1;2;6
Kupplungssatz;479;128563;2;0,0012;4;3;3;3;4;0;0;1;1;6
Kupplungssatz;479;20104;9;0,0056;4;3;3;3;2;4;0;2;0;2
Kupplungssatz;479;34310;2;0,0012;2;3;0;1;2;0;0;0;1;2
Kupplungssatz;479;15916;4;0,0025;2;5;6;3;3;2;0;1;2;3
Kupplungssatz;479;29569;1;0,0006;0;1;0;0;0;0;0;0;0;0
Kupplungssatz;479;17476;1;0,0006;8;5;6;5;4;1;0;1;5;4
Kupplungssatz;479;19117;5;0,0031;6;6;5;6;7;0;0;0;7;6
Kupplungssatz;479;8764;4;0,0025;2;1;1;1;2;0;0;0;1;1
Kupplungssatz;479;18570;8;0,005;4;6;2;3;5;1;0;2;5;4
Kupplungssatz;479;18757;4;0,0025;4;4;3;2;2;0;0;0;3;3
Kupplungssatz;479;16120;1;0,0006;1;1;1;1;2;1;0;0;1;1
Kupplungssatz;479;9462;7;0,0044;3;6;0;4;8;0;0;0;4;5
Kupplungssatz;479;108062;182;0,1137;2;3;0;3;1;0;0;0;2;2
Kupplungssatz;479;8981;5;0,0031;3;3;2;1;3;2;0;2;3;3
Kupplungssatz;479;129755;17;0,0106;2;2;1;1;4;0;0;1;0;2
Kupplungssatz;479;19671;2;0,0012;3;5;3;3;4;0;0;0;2;7
Kupplungssatz;479;140392;1;0,0006;0;0;0;1;2;0;0;0;0;2
Kupplungssatz;479;34283;3;0,0019;2;4;1;1;3;0;0;1;1;3
Kupplungssatz;479;6711;9;0,0056;2;2;2;2;5;2;0;2;0;2
Kupplungssatz;479;127899;2;0,0012;0;1;0;0;1;0;0;0;0;1
Kupplungssatz;479;17335;12;0,0075;4;7;6;3;12;0;0;3;9;7
Kupplungssatz;479;10691;7;0,0044;2;3;5;1;1;0;0;0;2;1
Kupplungssatz;479;27950;13;0,0081;2;1;1;1;4;2;0;1;0;3
Kupplungssatz;479;115167;17;0,0106;4;6;5;2;8;0;0;2;3;3
Kupplungssatz;479;11270;1;0,0006;4;2;0;0;4;0;0;0;3;1
Kupplungssatz;479;16615;7;0,0044;4;3;4;2;4;0;0;1;5;5
Kupplungssatz;479;66;7;0,0044;0;3;1;2;4;0;0;0;2;2
Kupplungssatz;479;32586;10;0,0062;1;1;0;1;2;1;0;1;1;1
Kupplungssatz;479;14823;5;0,0031;5;6;3;7;10;0;0;0;8;6
Kupplungssatz;479;4646;1;0,0006;0;2;1;0;2;0;0;0;1;1
Kupplungssatz;479;107642;1;0,0006;3;4;1;2;2;0;0;1;0;3
Kupplungssatz;479;100449;2;0,0012;2;2;1;2;4;0;0;0;2;1
Kupplungssatz;479;124839;9;0,0056;4;2;1;1;7;3;0;1;2;3
Kupplungssatz;479;26732;1;0,0006;6;4;4;4;5;0;0;2;6;2
Kupplungssatz;479;143056;1;0,0006;2;0;5;0;4;1;0;0;0;0
Kupplungssatz;479;14428;1;0,0006;0;1;0;0;1;0;0;0;0;2
Kupplungssatz;479;109492;6;0,0037;0;2;0;2;3;0;0;1;1;2
Kupplungssatz;479;19499;18;0,0112;11;12;9;11;13;2;0;6;13;7
Kupplungssatz;479;13620;3;0,0019;0;1;1;1;1;1;0;0;1;1
Kupplungssatz;479;816;2;0,0012;2;2;2;4;2;2;0;2;2;4
Kupplungssatz;479;12340;1;0,0006;1;3;0;0;3;0;0;0;1;1
Kupplungssatz;479;16658;4;0,0025;3;5;1;4;10;0;0;0;3;4
Kupplungssatz;479;16844;2;0,0012;5;4;2;4;2;4;0;2;3;2
Kupplungssatz;479;100776;1;0,0006;3;4;2;4;5;0;0;2;5;3
Kupplungssatz;479;121619;1;0,0006;3;3;3;3;4;0;0;1;1;0
Kupplungssatz;479;116161;24;0,015;2;3;2;9;0;1;0;1;4;2
Kupplungssatz;479;31026;1;0,0006;2;1;1;2;2;0;0;0;1;1
Kupplungssatz;479;5281;320;0,1999;2;4;7;2;3;0;0;0;4;4
Kupplungssatz;479;3865;2;0,0012;0;3;1;0;2;0;0;0;2;0
Kupplungssatz;479;39231;6;0,0037;1;1;1;1;3;1;0;1;1;1
Kupplungssatz;479;17950;28;0,0175;2;1;1;0;2;1;0;2;2;1
Kupplungssatz;479;19557;1;0,0006;6;7;5;6;8;2;0;4;7;5
Kupplungssatz;479;14590;151;0,0943;2;3;1;1;6;0;0;0;1;1
Kupplungssatz;479;100498;25;0,0156;2;1;0;2;2;1;0;0;1;2
Kupplungssatz;479;116212;7;0,0044;0;6;0;3;4;0;0;0;0;5
Kupplungssatz;479;25198;33;0,0206;1;3;2;9;3;2;0;2;3;2
Kupplungssatz;479;126725;2;0,0012;0;1;0;0;0;0;0;0;0;1
Kupplungssatz;479;58617;13;0,0081;5;8;4;4;9;2;0;4;7;6
Kupplungssatz;479;10101;4;0,0025;0;3;4;3;3;1;0;2;3;5
Kupplungssatz;479;16175;2;0,0012;3;8;0;6;8;0;0;0;6;2
Kupplungssatz;479;19756;2;0,0012;2;3;2;1;3;0;0;0;2;2
Kupplungssatz;479;1644;3;0,0019;1;3;1;2;3;1;0;0;2;2
Kupplungssatz;479;19962;5;0,0031;5;6;3;5;7;1;0;3;7;6
Kupplungssatz;479;33135;30;0,0187;0;5;2;5;4;2;0;2;2;4
Kupplungssatz;479;100647;12;0,0075;4;6;5;3;9;1;0;0;8;8
Kupplungssatz;479;8778;1;0,0006;1;3;2;1;3;1;0;0;1;1
Kupplungssatz;479;15625;5;0,0031;1;2;1;1;3;0;0;0;0;1
Kupplungssatz;479;11771;2;0,0012;2;2;1;1;4;2;0;0;2;3
Kupplungssatz;479;17249;3;0,0019;1;2;3;2;4;0;0;2;2;2
Kupplungssatz;479;128141;7;0,0044;0;2;0;2;3;0;0;1;1;2
Kupplungssatz;479;135617;1;0,0006;0;1;0;1;0;0;0;0;0;1
Kupplungssatz;479;31187;1;0,0006;0;0;0;0;0;0;0;0;0;0
Kupplungssatz;479;106389;1;0,0006;0;3;4;1;2;1;0;2;1;4
Kupplungssatz;479;9931;79;0,0493;1;4;1;2;1;1;0;1;2;1
Kupplungssatz;479;115777;16;0,01;1;1;1;1;3;1;0;0;1;3
Kupplungssatz;479;18344;15;0,0094;5;6;7;4;9;2;0;1;9;6
Kupplungssatz;479;19572;6;0,0037;5;5;4;3;5;0;0;1;7;5
Kupplungssatz;479;18514;238;0,1487;4;3;4;2;3;0;0;3;3;3
Kupplungssatz;479;55634;40;0,025;1;2;1;1;2;1;0;1;1;2
Kupplungssatz;479;5841;26;0,0162;1;5;0;6;2;2;0;1;2;0
Kupplungssatz;479;50841;17;0,0106;2;1;1;2;0;0;0;2;1;1
Kupplungssatz;479;23283;3;0,0019;1;7;2;0;7;0;0;0;2;2
Kupplungssatz;479;33679;7;0,0044;3;5;7;3;6;2;0;2;4;3
Kupplungssatz;479;117017;6;0,0037;2;4;0;2;1;1;0;2;0;2
Kupplungssatz;479;16825;3;0,0019;0;5;0;8;9;0;0;0;0;8
Kupplungssatz;479;15573;7;0,0044;4;4;3;3;6;3;0;3;5;4
Kupplungssatz;479;119511;22;0,0137;1;4;0;2;4;0;0;3;6;6
Kupplungssatz;479;17298;2;0,0012;2;4;5;2;4;1;0;1;1;3
Kupplungssatz;479;2562;1;0,0006;0;1;1;0;1;1;0;0;1;1
Kupplungssatz;479;119962;5;0,0031;0;4;0;2;6;0;0;1;1;2
Kupplungssatz;479;143245;1;0,0006;0;0;1;0;2;1;0;0;0;0
Kupplungssatz;479;1874;15;0,0094;0;7;3;2;3;0;0;0;2;4
Kupplungssatz;479;20433;2;0,0012;2;3;2;4;2;3;0;1;2;1
Kupplungssatz;479;133291;1;0,0006;0;4;0;2;2;0;0;0;0;2
Kupplungssatz;479;34939;1;0,0006;0;0;2;0;0;0;0;0;0;0
Kupplungssatz;479;17915;11;0,0069;1;2;2;1;6;1;0;1;2;1
Kupplungssatz;479;16691;16;0,01;3;4;1;2;3;3;0;2;2;1
Kupplungssatz;479;9987;1;0,0006;3;4;0;4;3;0;0;0;4;0
Kupplungssatz;479;6915;11;0,0069;1;2;1;3;3;0;0;0;2;2
Kupplungssatz;479;18555;8;0,005;2;2;1;2;2;1;0;2;2;3
Kupplungssatz;479;17234;10;0,0062;1;2;2;1;1;3;0;1;1;2
Kupplungssatz;479;33133;28;0,0175;4;6;3;5;2;1;0;3;5;4
Kupplungssatz;479;32251;6;0,0037;2;5;3;2;6;2;0;1;6;2
Kupplungssatz;479;137844;13;0,0081;0;2;1;1;0;0;0;0;0;1
Kupplungssatz;479;34074;3;0,0019;0;3;1;1;1;0;0;0;1;0
Kupplungssatz;479;20640;1;0,0006;0;2;0;0;3;0;0;0;0;3
Kupplungssatz;479;123539;3;0,0019;2;2;0;2;1;0;0;1;0;2
Kupplungssatz;479;18035;4;0,0025;0;2;2;2;2;2;0;2;1;2
Kupplungssatz;479;108280;6;0,0037;0;0;0;0;0;0;0;0;0;1
Kupplungssatz;479;34075;2;0,0012;0;2;0;1;1;0;0;0;1;3
Kupplungssatz;479;19317;5;0,0031;4;6;5;4;6;0;0;1;4;8
Kupplungssatz;479;136202;6;0,0037;2;3;0;2;5;1;0;2;0;2
Kupplungssatz;479;5592;1;0,0006;0;1;0;0;3;0;0;0;0;2
Kupplungssatz;479;18490;4;0,0025;2;3;3;1;2;0;0;0;2;2
Kupplungssatz;479;8019;30;0,0187;3;2;0;3;3;0;0;2;2;3
Kupplungssatz;479;112368;2;0,0012;1;1;1;1;4;1;0;1;1;1
Kupplungssatz;479;24451;4;0,0025;2;4;3;3;9;0;0;1;5;6
Kupplungssatz;479;9204;10;0,0062;1;1;1;1;1;0;0;0;1;3
Kupplungssatz;479;56871;33;0,0206;0;3;5;2;6;0;0;2;2;3
Kupplungssatz;479;15618;2;0,0012;0;2;1;0;3;0;0;0;2;3
Kupplungssatz;479;100050;4;0,0025;1;3;2;2;6;0;0;2;1;2
Kupplungssatz;479;18706;1;0,0006;1;4;0;2;3;0;0;0;2;3
Kupplungssatz;479;118529;2;0,0012;2;3;0;1;4;0;0;0;1;4
Kupplungssatz;479;5301;1;0,0006;0;1;3;3;5;0;0;0;3;3
Kupplungssatz;479;143481;11;0,0069;0;2;0;2;0;0;0;0;0;3
Kupplungssatz;479;19554;1;0,0006;0;4;1;0;3;0;0;0;2;2
Kupplungssatz;479;7905;3;0,0019;1;4;7;3;3;1;0;1;3;4
Kupplungssatz;479;18507;45;0,0281;8;5;2;2;9;1;0;0;0;5
Kupplungssatz;479;32030;6;0,0037;1;2;1;1;3;1;0;1;1;1
Kupplungssatz;479;28155;26;0,0162;3;3;2;2;3;0;0;0;4;2
Kupplungssatz;479;133445;1;0,0006;3;5;1;3;3;0;0;0;0;1
Kupplungssatz;479;23478;1;0,0006;0;0;0;0;0;0;0;0;0;0
Kupplungssatz;479;11969;4;0,0025;3;6;8;8;1;1;0;3;5;5
Kupplungssatz;479;17759;1;0,0006;0;7;0;6;10;0;0;0;0;8
Kupplungssatz;479;15365;3;0,0019;4;3;0;3;5;2;0;0;2;1
Kupplungssatz;479;32954;2;0,0012;4;7;2;3;6;3;0;3;5;4
Kupplungssatz;479;15466;2;0,0012;8;5;6;5;4;1;0;1;5;5
Kupplungssatz;479;4569;2;0,0012;2;2;1;1;1;1;0;1;1;1
Kupplungssatz;479;9697;3;0,0019;1;3;2;3;2;1;0;1;1;3
Kupplungssatz;479;343;1;0,0006;0;2;0;1;0;0;0;0;1;0
Kupplungssatz;479;19022;1;0,0006;0;1;0;0;1;0;0;0;0;2
Kupplungssatz;479;19642;10;0,0062;3;4;3;3;4;0;0;0;2;6
Kupplungssatz;479;107480;8;0,005;2;1;0;2;2;1;0;0;1;2
Kupplungssatz;479;108616;1;0,0006;0;2;3;2;2;0;0;0;0;2
Kupplungssatz;479;19149;1;0,0006;1;1;0;1;0;0;0;0;0;1
Kupplungssatz;479;34938;3;0,0019;4;2;1;2;3;5;0;1;2;3
Kupplungssatz;479;137725;33;0,0206;0;1;0;1;2;0;0;0;0;2
Kupplungssatz;479;10047;1;0,0006;2;3;1;1;4;0;0;0;2;3
Kupplungssatz;479;9196;1;0,0006;1;0;0;1;1;1;0;0;0;0
Kupplungssatz;479;137282;14;0,0087;0;2;0;1;2;0;0;1;3;3
Kupplungssatz;479;59321;1;0,0006;5;6;1;1;8;2;0;2;6;2
Kupplungssatz;479;53393;8;0,005;0;6;2;4;4;0;0;2;2;2
Kupplungssatz;479;33681;3;0,0019;0;3;0;1;1;0;0;1;0;2
Kupplungssatz;479;8724;1;0,0006;1;1;3;1;2;0;0;0;1;2
Kupplungssatz;479;146019;1;0,0006;0;2;0;2;0;0;0;0;0;2
Kupplungssatz;479;14725;1;0,0006;6;3;6;1;4;1;0;0;5;3
Kupplungssatz;479;32887;4;0,0025;0;3;1;3;3;0;0;0;0;2
Kupplungssatz;479;15270;14;0,0087;0;2;1;2;2;0;0;0;2;2
Kupplungssatz;479;2790;1;0,0006;0;3;0;2;1;0;0;0;2;3
Kupplungssatz;479;106245;1;0,0006;1;5;1;3;3;0;0;2;2;8
Kupplungssatz;479;136011;1;0,0006;0;2;0;1;0;0;0;0;0;0
Kupplungssatz;479;17699;6;0,0037;1;1;1;1;0;1;0;0;1;1
Kupplungssatz;479;157841;1;0,0006;0;0;0;0;0;0;0;0;0;0
Kupplungssatz;479;132854;1;0,0006;0;3;1;1;6;1;0;2;0;2
Kupplungssatz;479;16500;2;0,0012;1;0;0;0;6;1;0;0;3;2
Kupplungssatz;479;128967;1;0,0006;2;5;4;1;1;0;0;0;0;2
Kupplungssatz;479;34982;52;0,0325;2;2;3;2;4;1;0;2;2;1
Kupplungssatz;479;16921;9;0,0056;0;2;2;2;1;1;0;1;2;2
Kupplungssatz;479;132161;19;0,0119;2;3;2;2;7;1;0;2;2;3
Kupplungssatz;479;133559;1;0,0006;2;0;6;0;10;1;0;1;0;8
Kupplungssatz;479;143036;3;0,0019;0;2;0;2;2;0;0;1;3;3
Kupplungssatz;479;371;25;0,0156;7;4;2;3;6;3;0;3;5;4
Kupplungssatz;479;15898;6;0,0037;6;5;7;5;6;1;0;1;7;6
Kupplungssatz;479;33057;9;0,0056;1;1;0;0;4;0;0;0;1;1
Kupplungssatz;479;31341;9;0,0056;4;4;5;3;13;2;0;2;6;2
Kupplungssatz;479;16674;5;0,0031;1;1;1;1;7;1;0;1;1;2
Kupplungssatz;479;472;5;0,0031;5;7;4;5;6;1;0;0;8;5
Kupplungssatz;479;5860;3;0,0019;1;1;0;0;0;0;0;0;1;0
Kupplungssatz;479;12960;7;0,0044;5;10;5;6;11;3;0;1;11;6
Kupplungssatz;479;58950;6;0,0037;2;2;2;0;2;0;0;0;2;2
Kupplungssatz;479;138788;1;0,0006;0;1;1;1;1;0;0;0;0;2
Kupplungssatz;479;108132;2;0,0012;5;3;7;1;8;0;0;3;3;5
Kupplungssatz;479;17175;38;0,0237;5;6;5;5;10;1;0;4;7;6
Kupplungssatz;479;16252;142;0,0887;4;3;4;2;3;5;0;2;3;2
Kupplungssatz;479;11301;26;0,0162;3;3;8;2;2;0;0;0;3;2
Kupplungssatz;479;17153;4;0,0025;1;1;1;1;2;1;0;0;1;1
Kupplungssatz;479;10427;1;0,0006;3;3;2;1;2;0;0;0;2;2
Kupplungssatz;479;30419;8;0,005;1;3;4;2;6;0;0;1;3;2
Kupplungssatz;479;33710;8;0,005;2;2;3;2;4;0;0;2;1;6
Kupplungssatz;479;19200;38;0,0237;2;3;5;5;8;1;0;2;7;5
Kupplungssatz;479;16378;22;0,0137;2;2;0;1;1;1;0;1;1;1
Kupplungssatz;479;33405;9;0,0056;1;3;1;1;3;1;0;1;1;3
Kupplungssatz;479;33690;2;0,0012;1;4;2;2;4;1;0;2;1;3
Kupplungssatz;479;16109;22;0,0137;2;1;1;1;6;1;0;2;1;1
Kupplungssatz;479;108661;36;0,0225;1;1;2;1;2;2;0;2;1;1
Kupplungssatz;479;20050;2;0,0012;1;1;2;1;4;1;0;1;1;2
Kupplungssatz;479;24463;7;0,0044;2;4;3;3;6;0;0;1;7;6
Kupplungssatz;479;34371;2;0,0012;1;3;2;2;0;1;0;0;1;3
Kupplungssatz;479;28277;5;0,0031;2;2;2;3;2;0;0;0;0;3
Kupplungssatz;479;31113;1;0,0006;1;4;1;2;4;1;0;2;1;3
Kupplungssatz;479;15452;23;0,0144;0;5;1;4;4;0;0;0;2;3
Kupplungssatz;479;32072;23;0,0144;2;2;2;4;2;2;0;2;2;4
Kupplungssatz;479;22691;20;0,0125;2;3;3;1;5;0;0;1;4;3
Kupplungssatz;479;154626;2;0,0012;0;0;0;0;0;0;0;0;0;0
Kupplungssatz;479;18718;1;0,0006;1;4;0;2;2;0;0;0;2;3
Kupplungssatz;479;14913;10;0,0062;1;2;2;2;4;0;0;0;2;4
Kupplungssatz;479;24517;5;0,0031;1;2;2;0;6;2;0;1;1;1
Kupplungssatz;479;31320;6;0,0037;3;6;4;5;9;1;0;1;7;8
Kupplungssatz;479;542;2;0,0012;1;1;2;1;1;0;0;0;2;2
Kupplungssatz;479;111113;8;0,005;0;1;0;1;1;0;0;0;0;1
Kupplungssatz;479;25509;13;0,0081;0;3;1;2;2;0;0;0;0;2
Kupplungssatz;479;118553;1;0,0006;1;2;2;1;4;0;0;0;2;2
Kupplungssatz;479;59624;3;0,0019;4;3;4;3;11;0;0;3;5;5
Kupplungssatz;479;18923;11;0,0069;4;4;6;3;13;2;0;1;6;5
Kupplungssatz;479;17230;5;0,0031;1;3;2;3;2;2;0;2;1;1
Kupplungssatz;479;5676;2;0,0012;0;2;3;2;5;0;0;0;1;3
Kupplungssatz;479;58904;1;0,0006;2;2;3;2;5;0;0;2;1;6
Kupplungssatz;479;14734;8;0,005;1;4;4;4;6;0;0;0;3;3
Kupplungssatz;479;119967;1;0,0006;0;1;2;1;1;0;0;0;0;1
Kupplungssatz;479;108154;1;0,0006;2;5;2;4;4;0;0;2;4;8
Kupplungssatz;479;11992;1;0,0006;0;1;0;1;1;0;0;0;0;1
Kupplungssatz;479;124025;2;0,0012;0;0;1;0;1;0;0;0;0;0
Kupplungssatz;479;100777;1;0,0006;1;3;2;2;4;0;0;2;1;2
Kupplungssatz;479;55395;1;0,0006;1;1;0;0;0;0;0;0;1;0
Kupplungssatz;479;30823;33;0,0206;5;5;3;3;5;0;0;0;7;6
Kupplungssatz;479;114879;2;0,0012;0;0;0;1;0;0;0;0;0;1
Kupplungssatz;479;8836;1;0,0006;1;1;1;1;2;0;0;0;1;1
Kupplungssatz;479;32810;1;0,0006;0;2;1;1;1;0;0;0;1;1
Kupplungssatz;479;130536;5;0,0031;2;2;0;3;4;0;0;1;6;6
Kupplungssatz;479;29989;1;0,0006;3;2;2;2;1;1;0;1;2;3
Kupplungssatz;479;31079;2;0,0012;1;1;1;2;1;1;0;1;1;1
Kupplungssatz;479;23296;1;0,0006;1;1;1;1;1;1;0;1;1;1
Kupplungssatz;479;100763;1;0,0006;0;1;0;1;1;0;0;0;0;1
Kupplungssatz;479;16809;81;0,0506;1;2;1;1;2;1;0;1;1;2
Kupplungssatz;479;22491;40;0,025;4;3;2;3;4;1;0;1;2;1
Kupplungssatz;479;125997;11;0,0069;0;2;0;0;0;0;0;0;0;1
Kupplungssatz;479;146021;1;0,0006;0;2;0;2;0;0;0;0;0;2
Kupplungssatz;479;17114;35;0,0219;1;2;0;0;4;0;0;0;2;2
Kupplungssatz;479;16027;7;0,0044;1;1;1;1;1;3;0;1;1;1
Kupplungssatz;479;106260;9;0,0056;3;3;2;3;3;0;0;2;3;4
Kupplungssatz;479;34585;1;0,0006;0;3;0;7;1;1;0;2;0;0
Kupplungssatz;479;9159;5;0,0031;1;1;0;1;4;2;0;1;0;2
Kupplungssatz;479;15736;9;0,0056;3;6;6;6;9;2;0;3;6;7
Kupplungssatz;479;2138;3;0,0019;1;1;0;0;1;0;0;0;1;1
Kupplungssatz;479;111759;6;0,0037;3;3;1;2;2;0;0;2;3;3
Kupplungssatz;479;18924;90;0,0562;1;5;2;3;4;1;0;1;1;4
Kupplungssatz;479;18784;8;0,005;2;2;2;2;4;1;0;2;2;3
Kupplungssatz;479;10445;5;0,0031;1;2;2;2;3;0;0;2;2;4
Kupplungssatz;479;12173;19;0,0119;3;2;1;2;2;0;0;0;2;1
Kupplungssatz;479;4536;6;0,0037;4;7;5;6;10;2;0;2;8;10
Kupplungssatz;479;107755;6;0,0037;1;2;0;3;3;0;0;1;2;2
Kupplungssatz;479;107961;3;0,0019;0;1;1;1;1;0;0;1;1;2
Kupplungssatz;479;11754;5;0,0031;2;4;2;3;3;0;0;2;2;3
Kupplungssatz;479;57306;7;0,0044;3;3;4;3;4;0;0;1;3;4
Kupplungssatz;479;14491;19;0,0119;1;2;2;2;5;1;0;1;2;2
Kupplungssatz;479;55076;11;0,0069;1;4;1;2;1;1;0;1;2;1
Kupplungssatz;479;121243;2;0,0012;0;2;2;2;4;0;0;0;0;3
Kupplungssatz;479;19595;39;0,0244;9;10;8;6;11;2;0;1;10;10
Kupplungssatz;479;28137;3;0,0019;0;2;1;1;2;0;0;0;0;1
Kupplungssatz;479;118008;1;0,0006;1;2;1;1;2;1;0;1;0;2
Kupplungssatz;479;17806;98;0,0612;1;3;1;1;3;1;0;0;1;1
Kupplungssatz;479;17325;40;0,025;1;1;1;1;1;1;0;1;0;1
Kupplungssatz;479;8040;31;0,0194;1;2;1;1;3;1;0;0;1;1
Kupplungssatz;479;23178;373;0,233;11;24;9;14;21;1;0;5;18;11
Kupplungssatz;479;139017;12;0,0075;1;1;1;1;2;0;0;2;1;2
Kupplungssatz;479;123432;1;0,0006;3;3;2;3;3;0;0;2;3;4
Kupplungssatz;479;56850;5;0,0031;3;7;2;2;5;0;0;0;0;1
Kupplungssatz;479;19961;45;0,0281;5;6;6;5;9;1;0;3;7;6
Kupplungssatz;479;17501;12;0,0075;2;4;6;2;10;0;0;2;7;8
Kupplungssatz;479;19934;9;0,0056;3;6;5;4;6;1;0;2;4;4
Kupplungssatz;479;8842;1;0,0006;7;4;2;3;6;3;0;1;5;4
Kupplungssatz;479;12605;57;0,0356;2;5;1;4;0;1;0;2;2;1
Kupplungssatz;479;32252;3;0,0019;3;6;3;3;6;2;0;1;8;5
Kupplungssatz;479;1804;3;0,0019;0;3;0;1;2;0;0;0;1;4
Kupplungssatz;479;55097;3;0,0019;3;2;0;3;2;0;0;2;2;3
Kupplungssatz;479;130610;12;0,0075;1;2;0;2;2;0;0;2;6;6
Kupplungssatz;479;133314;4;0,0025;0;0;0;1;4;1;0;0;2;2
Kupplungssatz;479;26913;2;0,0012;2;2;2;3;3;0;0;0;0;3
Kupplungssatz;479;5601;34;0,0212;2;4;1;1;5;0;0;0;2;2
Kupplungssatz;479;20540;1;0,0006;0;1;0;1;2;0;0;0;0;1
Kupplungssatz;479;12485;17;0,0106;1;1;3;1;1;2;0;1;1;1
Kupplungssatz;479;33354;7;0,0044;1;3;2;2;4;0;0;1;4;4
Kupplungssatz;479;32263;36;0,0225;3;7;2;5;5;0;0;1;2;7
Kupplungssatz;479;17458;6;0,0037;11;12;10;11;16;2;0;6;14;12
Kupplungssatz;479;58824;2;0,0012;1;5;3;3;3;0;0;2;5;9
Kupplungssatz;479;26654;12;0,0075;4;5;4;3;5;3;0;1;4;6
Kupplungssatz;479;142130;1;0,0006;0;2;0;1;1;0;0;0;0;2
Kupplungssatz;479;5024;4;0,0025;0;0;0;0;0;1;0;0;0;0
Kupplungssatz;479;119854;4;0,0025;1;4;0;0;4;2;0;0;2;2
Kupplungssatz;479;358;30;0,0187;5;5;5;7;10;2;0;2;8;1
Kupplungssatz;479;33342;1;0,0006;0;3;1;1;4;0;0;0;2;5
Kupplungssatz;479;23647;3;0,0019;1;1;1;1;1;1;0;0;2;1
Kupplungssatz;479;58972;1;0,0006;2;2;2;2;3;1;0;2;2;2
Kupplungssatz;479;23445;12;0,0075;2;1;1;1;3;0;0;1;1;1
Kupplungssatz;479;100509;18;0,0112;3;3;1;3;4;1;0;2;3;2
Kupplungssatz;479;27619;2;0,0012;3;7;3;3;7;0;0;0;6;7
Kupplungssatz;479;59115;31;0,0194;0;2;2;2;4;0;0;2;2;2
Kupplungssatz;479;32121;7;0,0044;1;1;1;4;1;1;0;0;1;3
Kupplungssatz;479;16826;1;0,0006;0;5;0;4;6;0;0;0;0;4
Kupplungssatz;479;1119;1;0,0006;0;1;1;0;0;0;0;0;1;1
Kupplungssatz;479;2193;2;0,0012;1;1;1;0;3;0;0;0;1;2
Kupplungssatz;479;32114;48;0,03;1;3;0;2;4;0;0;0;3;3
Kupplungssatz;479;10876;70;0,0437;6;13;2;8;11;1;0;2;18;2
Kupplungssatz;479;15786;16;0,01;4;5;3;3;5;0;0;0;3;7
Kupplungssatz;479;13971;26;0,0162;2;5;1;0;3;1;0;0;3;3
Kupplungssatz;479;10431;1;0,0006;2;4;3;2;4;0;0;1;0;6
Kupplungssatz;479;137822;4;0,0025;2;3;2;3;4;0;0;2;3;4
Kupplungssatz;479;19906;2;0,0012;1;4;1;2;2;2;0;1;2;1
Kupplungssatz;479;19361;1;0,0006;4;6;5;4;8;0;0;1;4;8
Kupplungssatz;479;3463;2;0,0012;1;0;0;1;0;0;0;0;1;0
Kupplungssatz;479;14998;11;0,0069;5;6;3;7;11;0;0;0;8;6
Kupplungssatz;479;3743;9;0,0056;1;2;2;2;5;1;0;1;2;3
Kupplungssatz;479;23849;2;0,0012;3;3;3;4;4;0;0;1;2;6
Kupplungssatz;479;108182;2;0,0012;0;1;1;1;4;0;0;0;0;2
Kupplungssatz;479;33689;4;0,0025;1;4;2;2;4;1;0;2;1;3
Kupplungssatz;479;5855;71;0,0443;7;6;1;4;7;3;0;3;5;5
Kupplungssatz;479;118561;7;0,0044;4;6;1;4;6;3;0;3;5;4
Kupplungssatz;479;108600;1;0,0006;2;4;1;3;2;1;0;1;1;2
Kupplungssatz;479;129107;1;0,0006;1;0;0;2;1;1;0;0;0;1
Kupplungssatz;479;115677;4;0,0025;0;3;1;2;2;0;0;1;0;6
Kupplungssatz;479;15802;7;0,0044;1;3;1;1;3;0;0;0;1;1
Kupplungssatz;479;16352;2;0,0012;3;6;0;4;9;0;0;0;4;5
Kupplungssatz;479;151593;2;0,0012;1;3;0;2;1;0;0;0;0;2
Kupplungssatz;479;14488;1;0,0006;1;1;0;1;1;0;0;1;1;1
Kupplungssatz;479;108147;1;0,0006;0;4;3;2;3;0;0;1;2;5
Kupplungssatz;479;31972;1;0,0006;6;6;6;5;10;1;0;3;7;6
Kupplungssatz;479;31041;1;0,0006;1;4;0;2;5;0;0;0;0;1
Kupplungssatz;479;57160;1;0,0006;1;1;0;0;0;0;0;0;0;0
Kupplungssatz;479;17172;101;0,0631;1;6;1;3;4;1;0;2;1;4
Kupplungssatz;479;8711;21;0,0131;2;2;2;2;2;2;0;1;2;2
Kupplungssatz;479;4688;3;0,0019;0;2;0;1;5;0;0;0;2;2
Kupplungssatz;479;71;56;0,035;3;4;2;3;5;0;0;2;5;3
Kupplungssatz;479;6345;7;0,0044;1;3;1;2;6;1;0;2;1;2
Kupplungssatz;479;57118;8;0,005;1;3;1;3;0;0;0;1;1;1
Kupplungssatz;479;19066;5;0,0031;1;1;1;1;1;1;0;0;0;0
Kupplungssatz;479;23268;11;0,0069;3;6;5;4;4;2;0;1;5;5
Kupplungssatz;479;4506;69;0,0431;1;1;2;1;3;1;0;1;1;1
Kupplungssatz;479;19018;1;0,0006;0;2;1;1;2;0;0;0;2;1
Kupplungssatz;479;18229;84;0,0525;1;4;4;4;7;2;0;2;4;1
Kupplungssatz;479;58549;8;0,005;1;2;2;2;3;0;0;1;4;5
Kupplungssatz;479;4814;6;0,0037;0;1;1;1;4;0;0;1;1;0
Kupplungssatz;479;33244;11;0,0069;1;4;1;2;4;1;0;2;1;3
Kupplungssatz;479;117610;7;0,0044;0;1;1;1;5;0;0;0;0;2
Kupplungssatz;479;16663;8;0,005;1;1;0;1;5;1;0;1;1;1
Kupplungssatz;479;17246;3;0,0019;1;2;3;2;4;0;0;2;2;2
Kupplungssatz;479;136698;3;0,0019;2;3;2;9;0;0;0;1;4;2
Kupplungssatz;479;120209;3;0,0019;0;2;1;2;5;0;0;2;2;2
Kupplungssatz;479;33407;2;0,0012;3;3;0;3;3;0;0;0;0;4
Kupplungssatz;479;8797;2;0,0012;0;1;0;0;0;0;0;0;0;0
Kupplungssatz;479;20002;34;0,0212;6;7;5;6;10;1;0;4;7;8
Kupplungssatz;479;32693;1;0,0006;0;5;1;2;3;0;0;0;5;3
Kupplungssatz;479;20881;1;0,0006;0;3;3;3;4;0;0;0;2;5
Kupplungssatz;479;55441;12;0,0075;1;3;1;1;3;1;0;1;1;3
Kupplungssatz;479;124833;4;0,0025;3;2;1;1;7;2;0;1;2;3
Kupplungssatz;479;5311;23;0,0144;1;2;2;1;2;0;0;0;2;2
Kupplungssatz;479;32256;134;0,0837;1;3;3;4;6;0;0;3;5;3
Kupplungssatz;479;10418;5;0,0031;0;0;2;0;0;0;0;0;0;0
Kupplungssatz;479;119850;18;0,0112;4;4;1;4;4;2;0;3;0;2
Kupplungssatz;479;119897;49;0,0306;3;3;3;3;4;0;0;1;3;3
Kupplungssatz;479;5941;3;0,0019;1;4;1;2;4;1;0;2;1;4
Kupplungssatz;479;16732;11;0,0069;1;4;1;1;2;1;0;1;1;2
Kupplungssatz;479;19936;15;0,0094;3;2;1;2;4;1;0;0;2;2
Kupplungssatz;479;19411;27;0,0169;2;2;1;1;4;1;0;1;1;1
Kupplungssatz;479;56225;4;0,0025;0;3;1;3;2;0;0;2;0;2
Kupplungssatz;479;24514;11;0,0069;1;1;1;1;4;1;0;1;1;4
Kupplungssatz;479;33017;105;0,0656;2;4;2;1;3;1;0;2;1;2
Kupplungssatz;479;55118;75;0,0468;3;3;2;2;3;0;0;1;3;3
Kupplungssatz;479;122135;7;0,0044;1;4;2;2;5;1;0;2;0;2
Kupplungssatz;479;15599;18;0,0112;1;1;0;1;5;1;0;0;1;3
Kupplungssatz;479;59342;20;0,0125;1;5;1;4;5;1;0;2;2;2
Kupplungssatz;479;6087;7;0,0044;1;2;1;3;3;0;0;0;2;2
Kupplungssatz;479;3616;1;0,0006;1;1;1;2;4;1;0;1;1;1
Kupplungssatz;479;107956;2;0,0012;1;1;1;1;4;1;0;1;1;2
Kupplungssatz;479;129630;2;0,0012;1;2;0;1;4;1;0;1;1;3
Kupplungssatz;479;23285;24;0,015;1;3;3;2;7;0;0;2;5;4
Kupplungssatz;479;33325;18;0,0112;1;4;2;2;4;1;0;2;1;3
Kupplungssatz;479;100796;63;0,0393;1;1;1;1;2;2;0;2;1;1
Kupplungssatz;479;112955;36;0,0225;4;3;3;3;3;0;0;2;3;2
Kupplungssatz;479;23064;3;0,0019;7;4;1;3;6;3;0;3;5;4
Kupplungssatz;479;27460;7;0,0044;1;1;1;1;3;0;0;0;0;0
Kupplungssatz;479;134386;6;0,0037;1;1;1;1;1;1;0;0;1;1
Kupplungssatz;479;45814;11;0,0069;1;4;4;2;4;0;0;2;1;2
Kupplungssatz;479;24509;7;0,0044;4;4;3;3;4;1;0;0;3;6
Kupplungssatz;479;22556;11;0,0069;5;6;5;5;10;1;0;3;7;6
Kupplungssatz;479;59679;22;0,0137;0;5;4;3;6;0;0;2;2;4
Kupplungssatz;479;128418;3;0,0019;0;5;1;3;3;0;0;0;1;2
Kupplungssatz;479;34913;16;0,01;3;3;3;3;3;0;0;2;5;6
Kupplungssatz;479;17187;2;0,0012;3;5;1;4;10;0;0;0;3;4
Kupplungssatz;479;22680;34;0,0212;3;6;4;4;10;0;0;2;4;7
Kupplungssatz;479;139644;2;0,0012;0;0;0;2;10;0;0;0;0;3
Kupplungssatz;479;4431;1;0,0006;2;0;0;1;1;1;0;0;0;1
Kupplungssatz;479;7761;8;0,005;1;3;1;3;4;1;0;1;3;1
Kupplungssatz;479;31616;1;0,0006;3;4;1;2;3;2;0;0;3;2
Kupplungssatz;479;26629;9;0,0056;3;3;3;2;5;2;0;2;2;2
Kupplungssatz;479;59339;1;0,0006;1;5;1;3;6;1;0;2;2;2
Kupplungssatz;479;16055;1;0,0006;0;2;0;0;2;0;0;0;2;1
Kupplungssatz;479;29949;7;0,0044;7;4;1;3;6;3;0;3;5;8
Kupplungssatz;479;132796;28;0,0175;0;0;0;1;6;0;0;3;0;4
Kupplungssatz;479;10071;1;0,0006;0;3;1;3;3;0;0;0;0;2
Kupplungssatz;479;24465;32;0,02;1;1;1;1;4;1;0;0;1;1
Kupplungssatz;479;119495;5;0,0031;3;5;1;3;7;2;0;2;0;3
Kupplungssatz;479;106261;1;0,0006;3;3;2;3;3;0;0;2;3;4
Kupplungssatz;479;14691;10;0,0062;1;1;1;1;2;1;0;1;0;1
Kupplungssatz;479;100883;11;0,0069;0;3;1;1;3;1;0;1;1;2
Kupplungssatz;479;15344;12;0,0075;2;3;1;3;5;0;0;0;3;3
Kupplungssatz;479;31108;6;0,0037;5;6;6;5;11;1;0;3;7;6
Kupplungssatz;479;19769;1;0,0006;2;2;0;2;3;1;0;0;2;2
Kupplungssatz;479;117723;182;0,1137;0;1;0;5;7;1;0;0;4;4
Kupplungssatz;479;11074;17;0,0106;1;1;1;2;4;1;0;1;1;2
Kupplungssatz;479;18264;38;0,0237;8;5;2;2;5;1;0;0;0;5
Kupplungssatz;479;11955;24;0,015;3;3;8;3;4;1;0;2;3;3
Kupplungssatz;479;133303;1;0,0006;0;5;2;2;4;0;0;0;1;2
Kupplungssatz;479;19043;4;0,0025;4;6;2;1;3;2;0;1;4;4
Kupplungssatz;479;22484;13;0,0081;2;5;3;4;7;1;0;0;5;5
Kupplungssatz;479;4959;2;0,0012;5;4;2;4;3;3;0;2;3;0
Kupplungssatz;479;124783;1;0,0006;3;3;2;3;5;0;0;2;5;3
Kupplungssatz;479;19931;1;0,0006;1;1;0;1;5;1;0;0;1;2
Kupplungssatz;479;17675;1;0,0006;1;1;1;1;5;1;0;0;1;2
Kupplungssatz;479;756;3;0,0019;1;4;2;2;8;1;0;3;6;7
Kupplungssatz;479;15579;11;0,0069;2;3;0;3;3;0;0;0;3;2
Kupplungssatz;479;14848;1;0,0006;1;4;4;4;4;0;0;0;3;3
Kupplungssatz;479;17802;4;0,0025;1;0;1;1;0;0;0;0;0;0
Kupplungssatz;479;19474;2;0,0012;0;1;1;1;1;0;0;0;1;1
Kupplungssatz;479;32914;1;0,0006;3;3;4;3;4;0;0;1;3;7
Kupplungssatz;479;15104;2;0,0012;1;2;1;0;1;0;0;0;1;2
Kupplungssatz;479;5741;2;0,0012;1;2;1;1;2;1;0;0;2;0
Kupplungssatz;479;293;30;0,0187;1;3;1;2;5;1;0;1;1;2
Kupplungssatz;479;9511;2;0,0012;1;6;5;4;10;2;0;0;5;5
Kupplungssatz;479;133569;2;0,0012;0;1;0;2;5;0;0;0;0;3
Kupplungssatz;479;454;2;0,0012;1;3;0;1;3;0;0;0;3;2
Kupplungssatz;479;2245;4;0,0025;2;2;3;2;6;1;0;0;3;2
Kupplungssatz;479;135261;3;0,0019;0;0;0;1;10;1;0;3;0;4
Kupplungssatz;479;118697;2;0,0012;1;1;1;1;5;1;0;1;0;1
Kupplungssatz;479;801385;2;0,0012;0;4;2;1;5;0;0;0;0;0
Kupplungssatz;479;23437;2;0,0012;4;3;2;3;2;2;0;2;2;3
Kupplungssatz;479;8412;3;0,0019;0;1;1;1;1;0;0;0;1;1
Kupplungssatz;479;16259;1;0,0006;0;1;0;1;5;1;0;1;2;3
Kupplungssatz;479;126840;9;0,0056;0;5;0;3;3;0;0;0;1;3
Kupplungssatz;479;58822;10;0,0062;1;5;3;3;3;0;0;2;5;9
Kupplungssatz;479;8375;1;0,0006;0;3;0;1;1;0;0;0;2;2
Kupplungssatz;479;10942;1;0,0006;0;0;0;1;2;0;0;0;0;3
Kupplungssatz;479;138108;2;0,0012;3;3;3;0;3;0;0;1;0;7
Kupplungssatz;479;56585;1;0,0006;2;4;0;2;6;2;0;1;0;0
Kupplungssatz;479;32971;1;0,0006;1;2;1;1;3;1;0;1;2;2
Kupplungssatz;479;8993;5;0,0031;0;2;4;2;4;1;0;1;3;3
Kupplungssatz;479;25447;3;0,0019;2;1;1;2;2;0;0;0;1;1
Kupplungssatz;479;143054;1;0,0006;1;0;4;0;8;1;0;0;0;0
Kupplungssatz;479;55598;2;0,0012;0;3;2;3;4;0;0;2;0;1
Kupplungssatz;479;2237;1;0,0006;1;1;0;0;1;0;0;0;1;1
Kupplungssatz;479;15295;10;0,0062;1;2;2;2;4;1;0;1;2;2
Kupplungssatz;479;6757;1;0,0006;2;2;1;1;2;3;0;0;1;1
Kupplungssatz;479;17901;2;0,0012;2;3;3;1;10;1;0;2;3;3
Kupplungssatz;479;114522;1;0,0006;0;1;0;0;3;0;0;0;2;0
Kupplungssatz;479;143049;1;0,0006;1;0;5;0;12;1;0;1;0;0
Kupplungssatz;479;134380;1;0,0006;2;2;0;3;5;0;0;1;2;3
Kupplungssatz;479;57431;3;0,0019;0;2;0;3;3;0;0;0;0;3
Kupplungssatz;479;118026;1;0,0006;0;2;0;2;3;0;0;1;1;1
Kupplungssatz;479;5113;3;0,0019;1;1;0;1;1;0;0;0;0;1
Kupplungssatz;479;18936;13;0,0081;2;3;1;1;3;1;0;0;5;4
Kupplungssatz;479;139280;5;0,0031;0;3;0;1;4;0;0;1;0;2
Kupplungssatz;479;18947;8;0,005;4;8;8;4;12;0;0;3;4;9
Kupplungssatz;479;29991;42;0,0262;1;5;1;2;3;1;0;1;1;3
Kupplungssatz;479;132855;33;0,0206;0;3;1;1;7;1;0;2;0;2
Kupplungssatz;479;22534;6;0,0037;1;2;2;2;3;0;0;0;3;2
Kupplungssatz;479;8334;2;0,0012;3;1;1;1;2;1;0;1;0;1
Kupplungssatz;479;14076;4;0,0025;1;1;1;1;1;3;0;0;1;0
Kupplungssatz;479;19859;126;0,0787;1;1;2;1;1;1;0;1;1;2
Kupplungssatz;479;195;1;0,0006;0;1;0;0;0;0;0;0;0;1
Kupplungssatz;479;1647;7;0,0044;2;2;1;1;3;0;0;0;1;1
Kupplungssatz;479;100835;22;0,0137;2;4;2;2;3;0;0;0;3;5
Kupplungssatz;479;131604;56;0,035;2;2;0;2;0;0;0;0;0;1
Kupplungssatz;479;20920;11;0,0069;2;2;3;1;2;1;0;1;1;0
Kupplungssatz;479;18724;3;0,0019;0;1;0;0;0;2;0;1;1;1
Kupplungssatz;479;7293;3;0,0019;1;2;0;1;1;2;0;0;1;1
Kupplungssatz;479;5101;4;0,0025;1;1;1;1;2;0;0;0;1;1
Kupplungssatz;479;138605;1;0,0006;0;1;1;0;2;0;0;0;1;1
Kupplungssatz;479;29982;2;0,0012;2;5;1;3;3;1;0;0;2;3
Kupplungssatz;479;11091;1;0,0006;2;2;0;3;4;0;0;0;1;2
Kupplungssatz;479;23818;7;0,0044;2;1;1;1;1;1;0;1;1;0
Kupplungssatz;479;17467;4;0,0025;1;1;2;1;3;1;0;1;2;2
Kupplungssatz;479;3355;3;0,0019;1;1;1;2;3;1;0;1;1;1
Kupplungssatz;479;16650;23;0,0144;1;1;2;0;2;0;0;0;1;1
Kupplungssatz;479;108604;1;0,0006;0;0;2;0;0;0;0;0;0;0
Kupplungssatz;479;59292;3;0,0019;0;4;1;2;5;1;0;1;4;5
Kupplungssatz;479;29943;19;0,0119;3;2;2;2;2;0;0;1;3;2
Kupplungssatz;479;56810;2;0,0012;1;2;2;0;4;0;0;0;1;2
Kupplungssatz;479;4580;13;0,0081;1;1;1;2;1;1;0;1;1;2
Kupplungssatz;479;19026;10;0,0062;1;2;2;1;5;1;0;1;2;2
Kupplungssatz;479;15120;2;0,0012;0;2;6;1;0;0;0;0;1;2
Kupplungssatz;479;52464;14;0,0087;1;1;1;1;3;1;0;1;2;1
Kupplungssatz;479;27585;69;0,0431;1;1;1;1;2;1;0;1;1;2
Kupplungssatz;479;17244;2;0,0012;1;2;2;2;2;1;0;2;2;1
Kupplungssatz;479;58479;5;0,0031;2;2;1;2;4;0;0;0;2;1
Kupplungssatz;479;132825;1;0,0006;0;1;0;0;2;0;0;0;0;3
Kupplungssatz;479;6324;12;0,0075;2;4;6;1;3;0;0;0;3;3
Kupplungssatz;479;5533;2;0,0012;1;1;1;1;3;1;0;0;1;1
Kupplungssatz;479;9523;1;0,0006;1;0;1;1;1;1;0;1;1;1
Kupplungssatz;479;141711;1;0,0006;1;2;0;2;0;1;0;0;0;2
Kupplungssatz;479;20034;1;0,0006;1;2;0;1;5;1;0;1;2;2
Kupplungssatz;479;111858;2;0,0012;0;3;0;2;2;0;0;0;3;1
Kupplungssatz;479;18428;3;0,0019;0;1;0;0;1;0;0;0;0;0
Kupplungssatz;479;106070;2;0,0012;0;1;1;1;4;0;0;1;1;2
Kupplungssatz;479;117830;2;0,0012;4;3;3;3;4;0;0;1;3;6
Kupplungssatz;479;120206;3;0,0019;0;4;1;2;3;0;0;0;1;2
Kupplungssatz;479;16314;4;0,0025;4;4;3;2;3;1;0;0;3;2
Kupplungssatz;479;14184;11;0,0069;1;1;1;1;3;2;0;1;1;1
Kupplungssatz;479;120261;9;0,0056;2;2;0;2;2;0;0;2;6;6
Kupplungssatz;479;2747;12;0,0075;1;1;1;1;1;1;0;0;2;1
Kupplungssatz;479;14976;14;0,0087;6;6;0;6;5;0;0;0;7;6
Kupplungssatz;479;121982;1;0,0006;1;1;1;1;3;1;0;1;1;1
Kupplungssatz;479;30720;3;0,0019;1;1;0;1;1;1;0;0;1;0
Kupplungssatz;479;16134;2;0,0012;0;2;0;2;2;0;0;0;2;2
Kupplungssatz;479;17303;2;0,0012;2;1;1;1;2;1;0;1;0;0
Kupplungssatz;479;3056;1;0,0006;1;1;1;0;3;0;0;0;0;4
Kupplungssatz;479;13200;4;0,0025;0;1;0;0;2;0;0;0;0;2
Kupplungssatz;479;7904;31;0,0194;9;12;8;11;19;1;0;6;15;10
Kupplungssatz;479;108610;2;0,0012;0;2;0;1;0;0;0;0;0;1
Kupplungssatz;479;32612;13;0,0081;4;4;2;4;5;2;0;3;4;5
Kupplungssatz;479;116508;4;0,0025;1;1;1;1;2;0;0;0;1;1
Kupplungssatz;479;133425;1;0,0006;2;4;2;0;2;1;0;2;0;2
Kupplungssatz;479;11794;33;0,0206;2;3;0;2;2;0;0;2;2;3
Kupplungssatz;479;2472;3;0,0019;1;1;0;0;1;0;0;0;1;1
Kupplungssatz;479;17926;1;0,0006;4;4;2;2;2;0;0;0;3;2
Kupplungssatz;479;145194;9;0,0056;0;2;0;2;2;0;0;1;3;3
Kupplungssatz;479;22259;1;0,0006;2;2;2;0;5;0;0;0;0;0
Kupplungssatz;479;16253;7;0,0044;4;5;2;2;3;0;0;0;3;2
Kupplungssatz;479;32267;82;0,0512;3;4;2;4;5;0;0;1;2;6
Kupplungssatz;479;10615;22;0,0137;7;5;4;4;13;1;0;4;4;5
Kupplungssatz;479;32835;1;0,0006;0;5;0;4;2;0;0;0;0;1
Kupplungssatz;479;6321;5;0,0031;3;4;6;1;3;0;0;0;3;3
Kupplungssatz;479;7981;2;0,0012;1;1;0;1;0;2;0;1;1;1
Kupplungssatz;479;126599;17;0,0106;1;1;0;1;2;1;0;0;1;2
Kupplungssatz;479;8977;3;0,0019;1;1;0;1;0;0;0;1;1;1
Kupplungssatz;479;19233;5;0,0031;2;3;2;2;3;0;0;0;3;3
Kupplungssatz;479;3698;1;0,0006;1;1;1;1;1;1;0;1;1;1
Kupplungssatz;479;17547;9;0,0056;4;5;3;3;4;0;0;0;6;5
Kupplungssatz;479;56748;52;0,0325;2;4;1;1;3;1;0;1;1;2
Kupplungssatz;479;58876;15;0,0094;3;6;3;3;8;1;0;1;7;4
Kupplungssatz;479;55895;1;0,0006;2;0;0;0;0;0;0;0;0;0
Kupplungssatz;479;20769;1;0,0006;0;0;1;0;1;1;0;0;0;2
Kupplungssatz;479;34906;29;0,0181;3;3;3;3;3;0;0;2;5;6
Kupplungssatz;479;139631;1;0,0006;0;0;0;0;0;0;0;0;0;1
Kupplungssatz;479;123182;2;0,0012;3;7;5;3;6;0;0;3;9;8
Kupplungssatz;479;14463;1;0,0006;1;1;1;1;0;0;0;0;2;3
Kupplungssatz;479;4429;1;0,0006;1;1;1;1;2;1;0;1;1;1
Kupplungssatz;479;111890;1;0,0006;1;1;1;2;0;0;0;1;1;1
Kupplungssatz;479;125718;1;0,0006;0;1;1;1;3;0;0;0;0;2
Kupplungssatz;479;5400;53;0,0331;2;1;1;1;2;2;0;1;1;1
Kupplungssatz;479;17126;27;0,0169;1;1;1;1;1;1;0;1;1;1
Kupplungssatz;479;33721;54;0,0337;4;8;4;5;8;1;0;2;8;9
Kupplungssatz;479;18405;9;0,0056;0;1;1;1;1;0;0;0;1;2
Kupplungssatz;479;5190;3;0,0019;3;2;2;1;2;0;0;0;2;2
Kupplungssatz;479;132157;22;0,0137;0;1;1;1;5;1;0;1;1;1
Kupplungssatz;479;12058;18;0,0112;1;1;1;1;1;0;0;0;1;1
Kupplungssatz;479;142443;6;0,0037;0;3;1;3;2;0;0;0;0;4
Kupplungssatz;479;150807;1;0,0006;0;1;0;0;0;0;0;0;0;0
Kupplungssatz;479;115220;5;0,0031;0;2;0;3;0;0;0;0;0;2
Kupplungssatz;479;147919;13;0,0081;0;3;2;0;3;0;0;1;0;2
Kupplungssatz;479;18732;7;0,0044;5;6;6;3;9;1;0;3;7;6
Kupplungssatz;479;11070;5;0,0031;2;2;3;2;2;1;0;2;2;4
Kupplungssatz;479;18798;15;0,0094;1;1;0;1;1;1;0;1;1;3
Kupplungssatz;479;22675;15;0,0094;0;2;0;0;3;0;0;0;2;3
Kupplungssatz;479;7192;5;0,0031;2;4;0;1;2;2;0;0;3;4
Kupplungssatz;479;19174;159;0,0993;2;2;3;2;2;1;0;1;2;2
Kupplungssatz;479;16285;23;0,0144;2;1;1;1;6;1;0;2;1;1
Kupplungssatz;479;133386;3;0,0019;1;0;1;0;1;0;0;0;0;0
Kupplungssatz;479;56761;61;0,0381;4;5;2;3;3;0;0;1;2;4
Kupplungssatz;479;19602;9;0,0056;5;5;3;3;5;0;0;1;7;5
Kupplungssatz;479;18210;4;0,0025;6;4;2;3;3;5;0;3;2;1
Kupplungssatz;479;14006;4;0,0025;4;2;0;0;4;0;0;0;3;1
Kupplungssatz;479;9032;4;0,0025;2;1;0;1;3;1;0;1;0;1
Kupplungssatz;479;33049;1;0,0006;1;1;1;1;2;1;0;1;0;1
Kupplungssatz;479;4614;41;0,0256;1;4;4;1;4;0;0;0;2;2
Kupplungssatz;479;150526;3;0,0019;1;1;0;1;2;0;0;0;0;2
Kupplungssatz;479;132162;12;0,0075;0;0;0;1;8;1;0;2;2;1
Kupplungssatz;479;12243;3;0,0019;1;6;6;4;10;1;0;0;5;5
Kupplungssatz;479;6755;1;0,0006;2;0;1;1;2;4;0;0;1;1
Kupplungssatz;479;5748;3;0,0019;1;1;1;1;1;0;0;0;1;1
Kupplungssatz;479;106367;3;0,0019;1;3;2;2;3;0;0;2;1;2
Kupplungssatz;479;141254;1;0,0006;0;2;0;2;0;0;0;0;0;2
Kupplungssatz;479;26549;1;0,0006;2;3;2;2;3;0;0;0;3;3
Kupplungssatz;479;28772;4;0,0025;1;1;1;1;2;1;0;1;1;1
Kupplungssatz;479;53397;2;0,0012;0;6;2;4;4;0;0;2;2;2
Kupplungssatz;479;5259;1;0,0006;0;1;1;1;1;0;0;0;1;1
Kupplungssatz;479;33788;2;0,0012;3;3;2;3;2;0;0;0;0;3
Kupplungssatz;479;17701;8;0,005;2;2;2;1;0;2;0;0;1;1
Kupplungssatz;479;17495;2;0,0012;3;4;5;2;4;1;0;0;3;2
Kupplungssatz;479;16688;2;0,0012;1;1;1;1;0;1;0;0;1;1
Kupplungssatz;479;5393;2;0,0012;1;1;0;1;1;0;0;0;1;2
Kupplungssatz;479;19400;1;0,0006;4;5;2;3;3;2;0;1;4;4
Kupplungssatz;479;19706;1;0,0006;1;2;2;1;4;0;0;0;1;2
Kupplungssatz;479;16718;2;0,0012;5;8;1;4;12;0;0;0;4;8
Kupplungssatz;479;11490;1;0,0006;0;1;1;1;2;0;0;0;1;1
Kupplungssatz;479;33783;29;0,0181;2;5;3;3;8;1;0;1;7;4
Kupplungssatz;479;18471;2;0,0012;1;1;1;1;1;1;0;1;1;1
Kupplungssatz;479;13161;14;0,0087;2;7;7;4;10;2;0;1;6;5
Kupplungssatz;479;2169;7;0,0044;1;3;1;1;2;1;0;1;1;2
Kupplungssatz;479;18515;64;0,04;4;3;4;2;3;0;0;3;3;5
Kupplungssatz;479;17358;14;0,0087;1;3;3;2;7;0;0;2;5;4
Kupplungssatz;479;29995;118;0,0737;4;5;6;4;15;2;0;2;6;7
Kupplungssatz;479;146475;9;0,0056;1;3;1;1;2;0;0;0;0;2
Kupplungssatz;479;15117;2;0,0012;3;5;2;4;8;2;0;0;4;3
Kupplungssatz;479;5263;6;0,0037;2;3;2;1;2;0;0;1;0;2
Kupplungssatz;479;19296;46;0,0287;4;2;1;2;3;5;0;1;2;3
Kupplungssatz;479;18795;96;0,06;8;8;5;12;4;4;0;3;5;2
Kupplungssatz;479;105885;20;0,0125;2;4;0;3;5;0;0;3;6;6
Kupplungssatz;479;16690;5;0,0031;1;1;2;2;1;2;0;1;2;1
Kupplungssatz;479;18522;58;0,0362;4;4;7;3;10;2;0;2;6;5
Kupplungssatz;479;32247;46;0,0287;1;3;1;1;3;1;0;1;1;2
Kupplungssatz;479;1825;3;0,0019;1;1;1;1;3;1;0;0;1;1
Kupplungssatz;479;105799;2;0,0012;1;1;1;3;0;1;0;0;0;0
Kupplungssatz;479;34952;53;0,0331;9;10;8;7;13;1;0;5;16;7
Kupplungssatz;479;18082;10;0,0062;4;8;6;4;8;0;0;2;5;8
Kupplungssatz;479;16454;5;0,0031;4;5;5;4;5;0;0;0;6;5
Kupplungssatz;479;5577;2;0,0012;1;3;1;1;6;1;0;2;2;0
Kupplungssatz;479;13727;3;0,0019;2;3;2;3;3;1;0;1;2;6
Kupplungssatz;479;5163;2;0,0012;0;1;0;1;2;0;0;0;1;0
Kupplungssatz;479;19662;1;0,0006;3;4;3;3;4;0;0;0;2;7
Kupplungssatz;479;18385;14;0,0087;5;6;5;5;7;1;0;3;7;6
Kupplungssatz;479;58543;48;0,03;2;3;2;3;2;0;0;2;3;3
Kupplungssatz;479;18113;26;0,0162;3;7;3;3;7;0;0;0;6;7
Kupplungssatz;479;5602;29;0,0181;3;6;5;4;7;1;0;0;5;4
Kupplungssatz;479;11190;3;0,0019;0;1;0;1;0;0;0;0;1;1
Kupplungssatz;479;112038;12;0,0075;1;1;1;2;0;0;0;0;1;0
Kupplungssatz;479;54979;3;0,0019;3;6;8;8;1;1;0;3;5;5
Kupplungssatz;479;128136;23;0,0144;0;3;1;1;3;1;0;1;1;4
Kupplungssatz;479;19046;9;0,0056;3;1;3;3;4;1;0;0;3;2
Kupplungssatz;479;58415;10;0,0062;9;10;9;9;13;1;0;5;14;7
Kupplungssatz;479;18245;4;0,0025;6;6;2;6;7;0;0;0;7;4
Kupplungssatz;479;55440;2;0,0012;2;3;2;1;0;1;0;2;1;2
Kupplungssatz;479;3049;2;0,0012;1;2;0;1;1;1;0;0;1;2
Kupplungssatz;479;19251;9;0,0056;4;2;1;2;2;5;0;1;2;3
Kupplungssatz;479;23457;1;0,0006;7;4;2;3;6;3;0;3;5;4
Kupplungssatz;479;13736;7;0,0044;2;3;2;3;3;1;0;1;2;6
Kupplungssatz;479;129087;1;0,0006;1;0;1;0;1;0;0;1;0;0
Kupplungssatz;479;19019;1;0,0006;0;2;1;1;2;0;0;0;2;1
Kupplungssatz;479;115417;6;0,0037;1;1;0;2;1;1;0;0;1;2
Kupplungssatz;479;34983;1;0,0006;4;3;3;1;2;3;0;3;0;2
Kupplungssatz;479;115568;3;0,0019;0;3;0;2;3;0;0;1;1;2
Kupplungssatz;479;56852;10;0,0062;0;1;0;0;1;0;0;0;0;2
Kupplungssatz;479;142437;1;0,0006;0;0;0;0;4;0;0;0;0;2
Kupplungssatz;479;58527;6;0,0037;3;1;1;1;2;1;0;0;2;3
Kupplungssatz;479;10316;9;0,0056;0;2;1;2;3;0;0;1;1;3
Kupplungssatz;479;11604;22;0,0137;2;2;1;1;6;0;0;0;2;2
Kupplungssatz;479;57351;41;0,0256;3;6;4;6;6;2;0;4;6;7
Kupplungssatz;479;1625;4;0,0025;1;1;3;0;1;0;0;0;2;2
Kupplungssatz;479;9165;3;0,0019;2;1;1;1;1;0;0;0;2;0
Kupplungssatz;479;108571;6;0,0037;3;3;2;3;6;0;0;2;5;4
Kupplungssatz;479;11058;2;0,0012;1;2;0;2;2;0;0;0;0;3
Kupplungssatz;479;107869;1;0,0006;1;1;1;1;0;0;0;0;0;1
Kupplungssatz;479;17322;2;0,0012;0;2;0;2;2;0;0;0;2;2
Kupplungssatz;479;105913;2;0,0012;0;1;1;1;1;0;0;1;1;1
Kupplungssatz;479;15764;2;0,0012;2;1;0;1;3;0;0;0;1;2
Kupplungssatz;479;11963;1;0,0006;3;5;8;8;1;1;0;3;5;5
Kupplungssatz;479;17951;1;0,0006;1;1;1;0;1;1;0;0;0;2
Kupplungssatz;479;5674;3;0,0019;1;4;0;0;2;0;0;0;4;3
Kupplungssatz;479;138674;1;0,0006;3;3;3;0;3;0;0;1;0;0
Kupplungssatz;479;113271;5;0,0031;0;2;0;2;3;0;0;0;2;1
Kupplungssatz;479;120264;19;0,0119;2;2;0;3;2;0;0;2;6;6
Kupplungssatz;479;18218;11;0,0069;2;2;2;2;4;1;0;2;2;3
Kupplungssatz;479;1549;1;0,0006;0;0;0;0;0;0;0;0;0;0
Kupplungssatz;479;16775;10;0,0062;0;1;1;1;0;1;0;0;0;0
Kupplungssatz;479;15341;1;0,0006;2;3;1;3;2;0;0;0;3;3
Kupplungssatz;479;19965;1;0,0006;5;6;6;5;9;1;0;3;7;6
Kupplungssatz;479;19515;2;0,0012;4;7;6;3;12;0;0;3;9;7
Kupplungssatz;479;9141;1;0,0006;0;0;0;0;0;0;0;0;0;0
Kupplungssatz;479;138950;2;0,0012;1;3;0;2;4;0;0;0;6;0
Kupplungssatz;479;4499;2;0,0012;0;1;0;1;0;1;0;0;0;0
Kupplungssatz;479;13162;24;0,015;1;6;7;4;9;1;0;1;5;5
Kupplungssatz;479;124784;4;0,0025;0;3;2;2;5;0;0;0;2;3
Kupplungssatz;479;5192;26;0,0162;4;4;2;1;5;2;0;2;3;6
Kupplungssatz;479;5294;2;0,0012;1;1;1;1;2;0;0;0;1;1
Kupplungssatz;479;18600;29;0,0181;4;3;3;2;3;0;0;3;3;3
Kupplungssatz;479;55439;12;0,0075;1;2;2;1;0;1;0;0;1;1
Kupplungssatz;479;1862;47;0,0294;1;1;2;1;1;0;0;0;1;3
Kupplungssatz;479;117016;5;0,0031;1;4;1;2;1;1;0;2;0;2
Kupplungssatz;479;119475;6;0,0037;2;3;0;2;7;0;0;0;0;3
Kupplungssatz;479;5552;12;0,0075;2;2;2;2;4;1;0;0;2;3
Kupplungssatz;479;18512;4;0,0025;6;6;2;2;5;1;0;0;2;5
Kupplungssatz;479;132163;8;0,005;1;2;1;0;2;0;0;0;2;2
Kupplungssatz;479;121645;2;0,0012;4;4;4;3;5;3;0;3;5;5
Kupplungssatz;479;19674;2;0,0012;0;3;1;3;3;0;0;0;0;2
Kupplungssatz;479;30335;1;0,0006;2;1;1;1;1;0;0;1;1;0
Kupplungssatz;479;31107;28;0,0175;5;6;3;5;6;1;0;2;7;8
Kupplungssatz;479;34725;74;0,0462;4;4;0;3;5;3;0;1;5;4
Kupplungssatz;479;31211;147;0,0918;1;1;0;1;0;1;0;1;1;1
Kupplungssatz;479;11018;173;0,1081;3;2;2;2;5;1;0;2;2;1
Kupplungssatz;479;30815;105;0,0656;1;1;2;4;0;1;0;0;1;3
Kupplungssatz;479;114333;25;0,0156;1;1;1;1;4;1;0;3;1;1
Kupplungssatz;479;12155;15;0,0094;1;3;1;1;3;1;0;1;2;1
Kupplungssatz;479;52441;1;0,0006;0;0;3;0;2;1;0;0;0;5
Kupplungssatz;479;119468;53;0,0331;2;3;0;2;7;0;0;0;0;3
Kupplungssatz;479;16087;2;0,0012;2;5;6;2;6;1;0;1;3;3
Kupplungssatz;479;126417;3;0,0019;0;1;1;1;3;1;0;1;1;2
Kupplungssatz;479;29941;1;0,0006;0;2;2;2;3;0;0;0;2;4
Kupplungssatz;479;32128;10;0,0062;1;1;0;2;1;0;0;1;0;0
Kupplungssatz;479;124837;1;0,0006;2;2;1;0;3;2;0;1;2;3
Kupplungssatz;479;34795;4;0,0025;9;11;9;10;11;1;0;6;16;8
Kupplungssatz;479;8369;12;0,0075;3;3;4;3;4;0;0;1;3;7
Kupplungssatz;479;131235;3;0,0019;0;3;0;4;0;0;0;0;2;4
Kupplungssatz;479;133831;2;0,0012;0;5;0;5;2;0;0;1;2;0
Kupplungssatz;479;31520;3;0,0019;2;2;2;2;3;1;0;2;2;2
Kupplungssatz;479;13300;2;0,0012;0;1;0;1;1;1;0;1;2;3
Kupplungssatz;479;32806;9;0,0056;3;3;2;2;2;0;0;0;2;4
Kupplungssatz;479;16864;4;0,0025;5;4;2;4;2;4;0;2;3;2
Kupplungssatz;479;16721;3;0,0019;2;2;4;1;0;2;0;1;3;2
Kupplungssatz;479;12033;32;0,02;1;2;2;2;3;0;0;2;2;4
Kupplungssatz;479;23468;8;0,005;4;5;0;5;3;1;0;0;2;4
Kupplungssatz;479;15059;1;0,0006;3;1;1;1;2;1;0;0;2;3
Kupplungssatz;479;34915;10;0,0062;3;5;3;3;4;0;0;2;5;6
Kupplungssatz;479;32069;2;0,0012;0;2;2;2;2;0;0;0;2;4
Kupplungssatz;479;16885;2;0,0012;0;2;1;1;2;0;0;0;1;3
Kupplungssatz;479;10273;112;0,07;0;2;2;0;3;0;0;0;2;2
Kupplungssatz;479;15420;11;0,0069;1;2;4;1;3;0;0;0;2;2
Kupplungssatz;479;112926;32;0,02;3;3;2;3;3;0;0;2;3;4
Kupplungssatz;479;26860;1;0,0006;0;3;2;2;10;0;0;1;1;4
Kupplungssatz;479;14888;10;0,0062;1;1;1;1;1;2;0;1;1;1
Kupplungssatz;479;133954;1;0,0006;0;1;1;1;0;0;0;0;0;1
Kupplungssatz;479;20096;1;0,0006;3;2;2;2;2;1;0;2;2;4
Kupplungssatz;479;116221;3;0,0019;3;5;1;4;0;0;0;2;0;1
Kupplungssatz;479;9500;2;0,0012;0;3;0;1;4;0;0;0;2;2
Kupplungssatz;479;57355;15;0,0094;3;6;4;6;6;2;0;4;6;7
Kupplungssatz;479;19049;13;0,0081;3;3;4;3;3;1;0;3;3;4
Kupplungssatz;479;23385;20;0,0125;1;2;0;1;5;1;0;1;2;1
Kupplungssatz;479;135341;3;0,0019;0;4;0;2;3;0;0;1;1;2
Kupplungssatz;479;17819;3;0,0019;0;3;0;2;4;0;0;0;2;2
Kupplungssatz;479;23198;14;0,0087;4;5;3;3;1;3;0;1;4;6
Kupplungssatz;479;135644;1;0,0006;0;5;1;2;1;0;0;0;0;5
Kupplungssatz;479;137763;4;0,0025;0;2;0;1;0;0;0;0;3;3
Kupplungssatz;479;3588;2;0,0012;1;1;3;1;3;4;0;0;1;1
Kupplungssatz;479;896;1;0,0006;0;1;1;0;0;0;0;0;1;1
Kupplungssatz;479;107426;3;0,0019;0;1;0;1;2;0;0;0;0;1
Kupplungssatz;479;19810;1;0,0006;3;7;2;3;7;0;0;0;6;6
Kupplungssatz;479;19783;1;0,0006;3;4;1;2;4;2;0;0;4;4
Kupplungssatz;479;136624;1;0,0006;0;1;0;0;3;0;0;0;0;2
Kupplungssatz;479;56744;1;0,0006;2;5;0;1;2;1;0;1;1;1
Kupplungssatz;479;31692;2;0,0012;2;2;2;2;2;1;0;1;2;4
Kupplungssatz;479;120808;1;0,0006;1;1;1;2;4;0;0;2;1;1
Kupplungssatz;479;14737;1;0,0006;1;2;1;2;1;2;0;0;1;0
Kupplungssatz;479;5236;1;0,0006;0;0;0;0;1;0;0;0;0;2
Kupplungssatz;479;18417;1;0,0006;0;1;0;0;1;0;0;0;0;1
Kupplungssatz;479;23465;28;0,0175;2;2;3;2;4;1;0;2;2;4
Kupplungssatz;479;115776;12;0,0075;1;3;1;1;2;1;0;1;1;3
Kupplungssatz;479;30883;4;0,0025;4;2;1;3;2;1;0;1;0;1
Kupplungssatz;479;8773;86;0,0537;2;4;7;2;3;0;0;0;4;4
Kupplungssatz;479;24578;1;0,0006;0;0;0;1;1;1;0;0;0;0
Kupplungssatz;479;9639;64;0,04;3;3;4;2;6;1;0;0;3;1
Kupplungssatz;479;58574;5;0,0031;7;4;3;3;6;3;0;3;5;4
Kupplungssatz;479;143333;1;0,0006;2;2;0;2;5;0;0;2;2;4
Kupplungssatz;479;15915;3;0,0019;3;3;2;1;2;0;0;0;3;3
Kupplungssatz;479;109333;2;0,0012;3;2;2;2;4;0;0;0;3;4
Kupplungssatz;479;14624;4;0,0025;0;4;0;0;6;0;0;0;3;3
Kupplungssatz;479;26752;22;0,0137;8;6;6;6;8;0;0;4;9;6
Kupplungssatz;479;7627;17;0,0106;2;3;3;2;4;0;0;1;3;0
Kupplungssatz;479;27278;16;0,01;2;2;1;1;2;2;0;1;1;0
Kupplungssatz;479;32886;92;0,0575;3;3;4;3;4;0;0;1;3;7
Kupplungssatz;479;109394;8;0,005;3;2;1;2;2;0;0;0;2;1
Kupplungssatz;479;18521;2;0,0012;3;4;3;2;11;1;0;2;5;3
Kupplungssatz;479;113450;6;0,0037;0;1;1;1;1;0;0;1;1;2
Kupplungssatz;479;25489;12;0,0075;1;3;2;2;3;0;0;0;3;2
Kupplungssatz;479;16066;1;0,0006;6;5;7;5;4;0;0;1;5;5
Kupplungssatz;479;26663;2;0,0012;0;2;0;0;2;0;0;0;0;0
Kupplungssatz;479;28144;14;0,0087;2;3;3;3;10;0;0;1;5;5
Kupplungssatz;479;59255;4;0,0025;2;3;3;3;4;1;0;1;2;6
Kupplungssatz;479;20028;12;0,0075;2;4;2;2;3;1;0;1;4;4
Kupplungssatz;479;58253;42;0,0262;2;2;2;2;3;1;0;0;3;2
Kupplungssatz;479;6667;19;0,0119;1;1;1;1;3;1;0;1;0;1
Kupplungssatz;479;14906;30;0,0187;1;2;1;1;1;2;0;1;1;1
Kupplungssatz;479;10932;46;0,0287;0;2;1;2;4;0;0;0;0;2
Kupplungssatz;479;137471;7;0,0044;0;3;0;4;0;0;0;0;2;4
Kupplungssatz;479;23062;8;0,005;2;2;2;2;2;0;0;2;2;3
Kupplungssatz;479;57119;2;0,0012;0;3;0;0;0;0;0;0;1;1
Kupplungssatz;479;18191;4;0,0025;3;3;3;3;3;0;0;0;3;3
Kupplungssatz;479;120606;5;0,0031;0;4;1;2;6;0;0;1;1;1
Kupplungssatz;479;11145;25;0,0156;3;2;2;1;4;0;0;1;3;2
Kupplungssatz;479;17740;1;0,0006;1;2;2;1;2;0;0;0;0;1
Kupplungssatz;479;19585;15;0,0094;3;3;2;2;4;0;0;0;1;3
Kupplungssatz;479;6339;1;0,0006;1;3;1;2;6;1;0;2;1;2
Kupplungssatz;479;34298;1;0,0006;2;4;1;1;4;0;0;1;1;4
Kupplungssatz;479;28019;1;0,0006;2;2;3;0;1;1;0;1;0;2
Kupplungssatz;479;32953;2;0,0012;5;2;2;2;4;1;0;1;2;4
Kupplungssatz;479;21092;1;0,0006;2;2;1;1;2;0;0;0;0;2
Kupplungssatz;479;19355;4;0,0025;0;2;0;2;0;0;0;0;0;2
Kupplungssatz;479;14681;1;0,0006;0;0;0;0;1;0;0;0;0;1
Kupplungssatz;479;17306;1;0,0006;0;2;1;1;2;0;0;0;1;2
Kupplungssatz;479;59317;5;0,0031;2;4;1;1;4;2;0;1;2;2
Kupplungssatz;479;800191;1;0,0006;0;1;0;0;1;0;0;0;0;2
Kupplungssatz;479;28405;2;0,0012;4;3;1;3;1;3;0;0;2;4
Kupplungssatz;479;123422;1;0,0006;0;2;0;2;3;0;0;2;2;2
Kupplungssatz;479;116390;4;0,0025;2;1;0;1;2;1;0;1;1;1
Kupplungssatz;479;17712;2;0,0012;1;2;3;2;4;0;0;2;2;2
Kupplungssatz;479;143449;1;0,0006;3;5;1;2;6;0;0;2;0;0
Kupplungssatz;479;23185;27;0,0169;1;2;2;2;1;0;0;1;2;2
Kupplungssatz;479;5283;14;0,0087;2;2;1;2;5;2;0;2;2;2
Kupplungssatz;479;118967;12;0,0075;2;4;0;2;4;0;0;3;6;6
Kupplungssatz;479;18966;19;0,0119;2;3;1;1;5;0;0;0;2;3
Kupplungssatz;479;128275;8;0,005;0;3;0;2;3;0;0;1;1;1
Kupplungssatz;479;19203;20;0,0125;3;3;2;3;6;4;0;1;2;6
Kupplungssatz;479;33795;3;0,0019;1;2;1;1;2;1;0;1;1;1
Kupplungssatz;479;31164;3;0,0019;1;2;0;2;4;0;0;1;2;1
Kupplungssatz;479;30373;2;0,0012;0;1;2;1;2;0;0;0;1;1
Kupplungssatz;479;113281;8;0,005;0;2;0;2;3;0;0;0;2;1
Kupplungssatz;479;55742;6;0,0037;0;1;0;0;0;0;0;0;0;0
Kupplungssatz;479;4724;1;0,0006;0;1;1;1;1;0;0;0;1;1
Kupplungssatz;479;14732;12;0,0075;1;4;4;4;6;0;0;0;3;3
Kupplungssatz;479;32626;5;0,0031;1;3;5;2;3;0;0;0;2;2
Kupplungssatz;479;33260;18;0,0112;1;2;1;1;4;1;0;1;1;2
Kupplungssatz;479;16686;4;0,0025;1;1;2;1;1;1;0;1;2;1
Kupplungssatz;479;34437;1;0,0006;2;3;1;1;2;0;0;0;1;0
Kupplungssatz;479;16195;3;0,0019;1;2;2;2;4;0;0;0;2;4
Kupplungssatz;479;132569;7;0,0044;3;2;0;2;4;0;0;2;2;3
Kupplungssatz;479;17105;8;0,005;3;2;2;2;3;1;0;0;3;2
Kupplungssatz;479;7702;1;0,0006;0;0;0;1;1;1;0;0;0;0
Kupplungssatz;479;19171;5;0,0031;2;3;2;2;3;0;0;0;3;3
Kupplungssatz;479;5300;4;0,0025;1;1;1;1;2;0;0;0;1;1
Kupplungssatz;479;17630;19;0,0119;3;3;1;1;6;0;0;0;4;5
Kupplungssatz;479;17704;1;0,0006;0;4;0;0;2;0;0;0;0;2
Kupplungssatz;479;18915;3;0,0019;0;2;2;3;1;0;0;0;2;1
Kupplungssatz;479;10604;1;0,0006;1;2;1;1;4;1;0;1;1;1
Kupplungssatz;479;141723;1;0,0006;0;0;0;0;0;0;0;0;0;0
Kupplungssatz;479;4447;3;0,0019;1;1;0;1;2;1;0;1;1;2
Kupplungssatz;479;56165;2;0,0012;1;1;1;1;3;1;0;1;1;1
Kupplungssatz;479;34487;1;0,0006;2;4;0;1;1;0;0;1;2;4
Kupplungssatz;479;108630;36;0,0225;0;2;3;2;3;0;0;0;0;2
Kupplungssatz;479;18769;50;0,0312;5;5;6;4;14;2;0;2;6;7
Kupplungssatz;479;108664;19;0,0119;0;4;1;3;7;1;0;0;1;4
Kupplungssatz;479;114346;5;0,0031;1;1;1;1;4;1;0;1;1;1
Kupplungssatz;479;130104;1;0,0006;1;4;1;2;5;1;0;2;0;2
Kupplungssatz;479;142458;1;0,0006;0;2;2;1;1;0;0;0;0;3
Kupplungssatz;479;16369;2;0,0012;1;1;1;1;1;1;0;2;1;1
Kupplungssatz;479;131930;4;0,0025;2;3;1;2;5;1;0;2;0;2
Kupplungssatz;479;31008;5;0,0031;1;1;1;1;3;0;0;0;1;2
Kupplungssatz;479;32861;6;0,0037;3;3;3;3;4;0;0;1;3;3
Kupplungssatz;479;8645;1;0,0006;0;3;1;2;1;1;0;0;3;2
Kupplungssatz;479;133292;1;0,0006;0;5;2;3;4;0;0;0;1;2
Kupplungssatz;479;118124;3;0,0019;1;4;1;2;2;0;0;0;0;2
Kupplungssatz;479;140459;8;0,005;0;2;0;0;0;0;0;0;0;0
Kupplungssatz;479;100090;7;0,0044;0;6;2;2;4;0;0;2;2;2
Kupplungssatz;479;122147;6;0,0037;0;1;0;3;2;0;0;0;0;3
Kupplungssatz;479;30885;2;0,0012;5;2;1;2;3;3;0;1;0;1
Kupplungssatz;479;15763;1;0,0006;2;1;0;1;3;0;0;0;1;2
Kupplungssatz;479;8396;10;0,0062;2;2;2;2;5;1;0;1;2;3
Kupplungssatz;479;15918;36;0,0225;1;3;2;1;4;0;0;0;1;1
Kupplungssatz;479;23488;6;0,0037;2;4;2;2;3;2;0;2;2;4
Kupplungssatz;479;129105;6;0,0037;1;1;0;2;1;1;0;0;0;1
Kupplungssatz;479;152885;2;0,0012;0;1;0;0;0;0;0;0;0;0
Kupplungssatz;479;5260;14;0,0087;1;2;1;1;4;1;0;1;2;2
Kupplungssatz;479;5191;15;0,0094;4;3;2;1;5;1;0;2;3;3
Kupplungssatz;479;114609;19;0,0119;4;1;0;2;5;1;0;1;2;3
Kupplungssatz;479;18941;4;0,0025;0;1;0;1;1;0;0;0;0;1
Kupplungssatz;479;131245;4;0,0025;0;3;0;4;0;0;0;0;2;4
Kupplungssatz;479;1910;3;0,0019;0;2;4;1;6;1;0;0;3;5
Kupplungssatz;479;11368;5;0,0031;0;2;1;2;2;0;0;0;2;2
Kupplungssatz;479;53392;39;0,0244;0;6;2;4;4;0;0;2;2;2
Kupplungssatz;479;10759;11;0,0069;2;3;1;3;2;3;0;1;1;1
Kupplungssatz;479;55743;3;0,0019;0;1;0;0;0;0;0;0;0;0
Kupplungssatz;479;15603;6;0,0037;3;3;3;3;3;1;0;3;3;5
Kupplungssatz;479;15236;4;0,0025;1;1;1;1;1;1;0;0;1;2
Kupplungssatz;479;118541;24;0,015;2;3;0;2;6;0;0;0;0;3
Kupplungssatz;479;32159;13;0,0081;2;3;4;2;7;0;0;2;2;6
Kupplungssatz;479;33127;4;0,0025;1;2;0;2;4;0;0;1;2;3
Kupplungssatz;479;17928;8;0,005;1;1;1;1;3;0;0;0;1;2
Kupplungssatz;479;12063;36;0,0225;1;1;1;1;2;0;0;0;1;1
Kupplungssatz;479;2544;1;0,0006;1;0;1;1;2;1;0;0;1;0
Kupplungssatz;479;19651;76;0,0475;1;3;2;1;3;0;0;0;1;3
Kupplungssatz;479;152521;3;0,0019;0;1;0;0;0;0;0;0;0;0
Kupplungssatz;479;32041;52;0,0325;1;2;2;1;3;1;0;1;1;1
Kupplungssatz;479;5105;2;0,0012;0;5;1;0;4;0;0;0;3;3
Kupplungssatz;479;23404;16;0,01;2;4;0;0;6;0;0;0;0;3
Kupplungssatz;479;17400;1;0,0006;1;2;0;1;2;1;0;0;1;0
Kupplungssatz;479;100492;4;0,0025;2;1;0;2;2;1;0;0;1;2
Kupplungssatz;479;19000;5;0,0031;1;2;1;1;8;1;0;1;2;2
Kupplungssatz;479;25130;2;0,0012;0;1;0;0;0;0;0;0;0;0
Kupplungssatz;479;33416;3;0,0019;0;2;2;1;3;0;0;0;0;1
Kupplungssatz;479;59600;6;0,0037;2;2;3;2;6;1;0;2;2;1
Kupplungssatz;479;144810;3;0,0019;0;2;0;2;6;0;0;0;0;3
Kupplungssatz;479;17801;4;0,0025;2;1;1;1;1;1;0;1;1;1
Kupplungssatz;479;16867;1;0,0006;1;1;1;1;1;1;0;0;1;1
Kupplungssatz;479;116491;3;0,0019;4;4;3;2;6;3;0;1;4;5
Kupplungssatz;479;20084;4;0,0025;3;2;2;2;3;1;0;0;2;3
Kupplungssatz;479;32788;36;0,0225;8;10;10;9;11;1;0;6;12;9
Kupplungssatz;479;7979;1;0,0006;2;2;2;1;6;1;0;0;2;2
Kupplungssatz;479;17181;2;0,0012;2;2;2;2;2;1;0;2;2;2
Kupplungssatz;479;116068;1;0,0006;1;0;0;0;1;2;0;0;0;0
Kupplungssatz;479;34305;9;0,0056;2;4;0;1;3;0;0;0;3;4
Kupplungssatz;479;115140;3;0,0019;0;3;1;1;3;0;0;0;1;2
Kupplungssatz;479;5651;2;0,0012;1;1;0;1;3;1;0;1;1;1
Kupplungssatz;479;19050;14;0,0087;3;3;3;3;4;1;0;3;3;4
Kupplungssatz;479;15417;65;0,0406;6;8;8;5;8;0;0;0;6;7
Kupplungssatz;479;18454;3;0,0019;1;2;1;1;7;1;0;1;2;2
Kupplungssatz;479;18244;2;0,0012;6;6;3;6;7;0;0;0;7;4
Kupplungssatz;479;17868;1;0,0006;3;2;1;2;3;1;0;2;2;2
Kupplungssatz;479;31086;148;0,0924;1;1;2;1;4;1;0;1;1;1
Kupplungssatz;479;30795;20;0,0125;2;4;0;3;4;0;0;0;0;3
Kupplungssatz;479;31150;8;0,005;6;5;5;5;4;4;0;5;3;1
Kupplungssatz;479;12088;38;0,0237;1;3;2;3;3;1;0;1;2;3
Kupplungssatz;479;18391;61;0,0381;1;2;2;2;2;1;0;1;1;2
Kupplungssatz;479;17902;34;0,0212;5;5;6;4;14;2;0;2;6;7
Kupplungssatz;479;132508;17;0,0106;1;2;0;2;0;1;0;0;0;2
Kupplungssatz;479;23286;12;0,0075;1;3;3;2;7;0;0;2;5;4
Kupplungssatz;479;10167;11;0,0069;1;2;3;3;3;1;0;2;3;3
Kupplungssatz;479;120007;1;0,0006;1;0;0;0;1;0;0;0;0;0
Kupplungssatz;479;33314;14;0,0087;3;5;7;3;6;2;0;2;4;3
Kupplungssatz;479;118445;2;0,0012;0;0;1;0;0;0;0;0;0;1
Kupplungssatz;479;114347;17;0,0106;2;4;1;2;6;1;0;2;1;2
Kupplungssatz;479;9158;18;0,0112;3;2;0;2;4;2;0;1;2;2
Kupplungssatz;479;18576;1;0,0006;0;1;0;1;1;0;0;0;0;1
Kupplungssatz;479;19404;2;0,0012;0;3;2;2;2;0;0;0;0;2
Kupplungssatz;479;13086;11;0,0069;2;2;1;1;5;0;0;0;2;2
Kupplungssatz;479;4619;3;0,0019;1;3;4;1;4;0;0;0;2;2
Kupplungssatz;479;5827;4;0,0025;2;2;2;2;2;0;0;0;2;2
Kupplungssatz;479;58188;3;0,0019;2;3;1;1;5;0;0;0;2;3
Kupplungssatz;479;27564;64;0,04;2;2;1;2;2;0;0;0;0;3
Kupplungssatz;479;119512;2;0,0012;0;1;0;1;0;0;0;0;0;0
Kupplungssatz;479;10285;4;0,0025;1;2;2;2;7;2;0;1;0;0
Kupplungssatz;479;135955;6;0,0037;0;3;0;1;7;0;0;1;0;0
Kupplungssatz;479;19678;2;0,0012;7;4;1;3;6;3;0;3;5;4
Kupplungssatz;479;133969;2;0,0012;1;2;0;1;1;1;0;1;1;0
Kupplungssatz;479;1395;1;0,0006;0;1;1;0;0;0;0;0;1;1
Kupplungssatz;479;34977;3;0,0019;4;6;5;5;15;3;0;2;8;7
Kupplungssatz;479;18969;3;0,0019;0;1;0;1;2;0;0;0;1;1
Kupplungssatz;479;16593;1;0,0006;3;4;1;0;8;0;0;0;4;2
Kupplungssatz;479;18788;71;0,0443;7;4;1;3;6;3;0;3;5;4
Kupplungssatz;479;56707;2;0,0012;0;0;5;0;0;0;0;1;0;0
Kupplungssatz;479;31573;4;0,0025;2;4;0;1;1;0;0;0;0;2
Kupplungssatz;479;17842;1;0,0006;0;2;0;0;2;1;0;0;0;2
Kupplungssatz;479;19454;2;0,0012;2;2;2;2;3;0;0;1;2;2
Kupplungssatz;479;137777;1;0,0006;0;1;0;1;3;0;0;0;2;0
Kupplungssatz;479;17729;1;0,0006;6;6;3;5;5;2;0;3;6;6
Kupplungssatz;479;3726;2;0,0012;1;1;1;1;1;0;0;0;1;1
Kupplungssatz;479;1791;2;0,0012;0;1;1;1;1;0;0;0;1;1
Kupplungssatz;479;13948;1;0,0006;0;2;2;2;3;2;0;1;2;2
Kupplungssatz;479;19550;49;0,0306;2;2;2;4;2;2;0;2;2;4
Kupplungssatz;479;18579;3;0,0019;2;3;1;0;6;0;0;0;0;3
Kupplungssatz;479;31671;19;0,0119;1;2;2;1;4;0;0;0;3;3
Kupplungssatz;479;19571;2;0,0012;0;2;2;2;2;0;0;0;0;2
Kupplungssatz;479;112391;25;0,0156;3;2;2;2;4;0;0;0;3;4
Kupplungssatz;479;17803;22;0,0137;1;2;1;2;3;1;0;1;1;1
Kupplungssatz;479;8573;2;0,0012;1;1;0;1;2;0;0;0;1;1
Kupplungssatz;479;3063;3;0,0019;1;2;0;1;1;1;0;0;1;2
Kupplungssatz;479;2267;1;0,0006;1;1;2;1;2;0;0;0;1;1
Kupplungssatz;479;33592;3;0,0019;1;2;1;1;5;1;0;1;2;2
Kupplungssatz;479;8798;33;0,0206;1;2;1;0;2;0;0;0;1;1
Kupplungssatz;479;8808;16;0,01;2;3;0;3;3;0;0;0;3;2
Kupplungssatz;479;14594;33;0,0206;1;2;1;1;2;1;0;1;1;1
Kupplungssatz;479;29515;2;0,0012;1;2;1;0;0;0;0;0;0;1
Kupplungssatz;479;30841;17;0,0106;2;2;2;2;2;1;0;1;2;2
Kupplungssatz;479;115147;10;0,0062;1;2;1;2;2;0;0;0;0;2
Kupplungssatz;479;9388;1;0,0006;1;1;1;1;2;0;0;1;1;0
Kupplungssatz;479;18359;4;0,0025;3;6;4;3;7;0;0;1;5;9
Kupplungssatz;479;15462;99;0,0618;2;5;6;2;3;2;0;1;4;3
Kupplungssatz;479;123365;17;0,0106;0;5;1;3;3;0;0;2;0;8
Kupplungssatz;479;119476;40;0,025;2;3;0;2;8;0;0;0;0;3
Kupplungssatz;479;16871;5;0,0031;0;0;1;1;0;0;0;1;1;0
Kupplungssatz;479;18516;8;0,005;3;7;2;3;8;0;0;0;6;10
Kupplungssatz;479;15876;1;0,0006;2;3;2;3;3;1;0;1;3;1
Kupplungssatz;479;8928;4;0,0025;3;1;1;2;2;1;0;0;1;1
Kupplungssatz;479;111071;9;0,0056;3;6;1;3;8;2;0;2;5;3
Kupplungssatz;479;19593;2;0,0012;8;8;4;5;12;2;0;1;11;4
Kupplungssatz;479;120250;1;0,0006;0;1;1;1;1;0;0;1;0;1
Kupplungssatz;479;18402;1;0,0006;0;2;1;1;2;0;0;0;1;2
Kupplungssatz;479;18146;12;0,0075;0;0;0;0;4;0;0;0;0;2
Kupplungssatz;479;30970;3;0,0019;1;1;1;1;2;1;0;1;1;1
Kupplungssatz;479;13937;5;0,0031;3;4;2;4;5;4;0;3;3;4
Kupplungssatz;479;30338;2;0,0012;2;2;2;2;2;2;0;2;2;4
Kupplungssatz;479;16625;73;0,0456;3;3;2;3;3;1;0;0;3;3
Kupplungssatz;479;23305;2;0,0012;2;1;1;1;4;0;0;0;1;1
Kupplungssatz;479;4819;6;0,0037;6;5;5;5;11;1;0;4;7;7
Kupplungssatz;479;133872;2;0,0012;0;3;0;1;0;0;0;0;0;1
Kupplungssatz;479;475;5;0,0031;3;4;1;3;6;1;0;3;4;6
Kupplungssatz;479;14957;2;0,0012;3;3;0;3;4;1;0;0;2;1
Kupplungssatz;479;131827;4;0,0025;0;1;0;1;3;0;0;0;0;2
Kupplungssatz;479;32643;1;0,0006;0;2;0;0;1;0;0;0;0;2
Kupplungssatz;479;49226;1;0,0006;0;1;1;1;1;0;0;1;1;1
Kupplungssatz;479;2321;1;0,0006;1;1;0;1;3;1;0;0;1;1
Kupplungssatz;479;18149;1;0,0006;1;4;1;1;2;2;0;2;1;1
Kupplungssatz;479;28214;6;0,0037;0;2;1;2;1;0;0;0;2;3
Kupplungssatz;479;19629;18;0,0112;1;3;3;2;7;0;0;2;5;4
Kupplungssatz;479;106221;1;0,0006;0;4;2;3;2;0;0;2;2;4
Kupplungssatz;479;56195;1;0,0006;0;0;1;0;0;0;0;0;0;1
Kupplungssatz;479;33667;7;0,0044;2;6;1;2;6;1;0;1;4;2
Kupplungssatz;479;108645;1;0,0006;2;7;1;5;10;0;0;0;5;6
Kupplungssatz;479;134534;6;0,0037;0;3;0;1;0;0;0;0;0;1
Kupplungssatz;479;117226;2;0,0012;1;4;2;3;1;1;0;2;2;3
Kupplungssatz;479;403;1;0,0006;0;2;1;0;0;0;0;0;0;2
Kupplungssatz;479;16169;29;0,0181;1;1;1;1;2;2;0;2;1;2
Kupplungssatz;479;27624;3;0,0019;3;7;3;3;7;0;0;0;6;7
Kupplungssatz;479;137656;13;0,0081;2;1;0;0;2;0;0;0;0;1
Kupplungssatz;479;25486;2;0,0012;1;1;1;1;2;0;0;0;1;1
Kupplungssatz;479;302;11;0,0069;1;4;1;3;4;0;0;0;2;2
Kupplungssatz;479;56433;1;0,0006;1;4;2;2;3;0;0;0;1;2
Kupplungssatz;479;55105;101;0,0631;2;2;2;2;2;0;0;2;2;2
Kupplungssatz;479;139765;2;0,0012;0;5;0;4;2;0;0;0;0;4
Kupplungssatz;479;13183;2;0,0012;1;3;2;2;7;1;0;1;3;2
Kupplungssatz;479;24466;37;0,0231;5;6;5;5;7;1;0;3;7;6
Kupplungssatz;479;18783;6;0,0037;4;3;3;2;4;2;0;3;4;3
Kupplungssatz;479;4505;9;0,0056;1;2;1;2;3;2;0;2;1;1
Kupplungssatz;479;17979;51;0,0319;2;3;4;1;2;0;0;1;2;2
Kupplungssatz;479;16941;12;0,0075;0;1;0;1;4;0;0;0;0;1
Kupplungssatz;479;24512;17;0,0106;1;1;1;0;6;2;0;1;1;1
Kupplungssatz;479;107050;25;0,0156;0;3;1;3;3;1;0;0;2;3
Kupplungssatz;479;138181;3;0,0019;0;0;0;0;7;0;0;0;0;5
Kupplungssatz;479;111796;12;0,0075;0;3;2;2;4;0;0;0;2;3
Kupplungssatz;479;18411;28;0,0175;2;1;1;1;1;0;0;0;1;1
Kupplungssatz;479;14837;2;0,0012;5;6;3;7;10;0;0;0;8;6
Kupplungssatz;479;138538;32;0,02;2;2;4;2;3;1;0;0;2;4
Kupplungssatz;479;8961;14;0,0087;0;1;2;1;1;1;0;0;1;1
Kupplungssatz;479;121220;6;0,0037;2;0;0;2;0;1;0;1;0;0
Kupplungssatz;479;28229;9;0,0056;0;3;0;2;5;0;0;0;0;2
Kupplungssatz;479;10021;14;0,0087;1;0;1;1;2;2;0;1;1;0
Kupplungssatz;479;121648;11;0,0069;1;3;0;2;4;0;0;3;3;3
Kupplungssatz;479;18387;35;0,0219;4;10;5;3;9;1;0;2;5;9
Kupplungssatz;479;24177;6;0,0037;1;3;3;2;8;1;0;2;1;3
Kupplungssatz;479;25480;2;0,0012;0;1;1;1;1;0;0;0;1;1
Kupplungssatz;479;120602;11;0,0069;1;1;1;1;2;0;0;0;1;1
Kupplungssatz;479;134068;1;0,0006;0;2;0;1;0;0;0;0;0;1
Kupplungssatz;479;119892;3;0,0019;2;4;1;0;2;0;0;0;0;1
Kupplungssatz;479;18414;3;0,0019;0;1;1;1;1;0;0;0;1;1
Kupplungssatz;479;3936;13;0,0081;0;2;1;1;2;0;0;0;1;1
Kupplungssatz;479;15521;1;0,0006;1;1;1;1;1;1;0;1;1;0
Kupplungssatz;479;30935;1;0,0006;7;6;4;2;6;1;0;0;8;6
Kupplungssatz;479;57587;1;0,0006;0;1;0;1;1;0;0;0;1;2
Kupplungssatz;479;143173;3;0,0019;3;6;1;4;6;0;0;0;0;1
Kupplungssatz;479;17988;47;0,0294;1;2;1;1;2;1;0;1;2;1
Kupplungssatz;479;125865;2;0,0012;0;2;2;0;0;0;0;0;0;0
Kupplungssatz;479;16279;48;0,03;1;1;1;1;3;1;0;0;1;1
Kupplungssatz;479;5697;8;0,005;3;4;2;2;2;2;0;2;1;1
Kupplungssatz;479;115181;8;0,005;1;4;0;3;7;1;0;0;1;2
Kupplungssatz;479;59616;2;0,0012;0;2;2;2;2;1;0;1;1;1
Kupplungssatz;479;10683;8;0,005;0;1;1;1;1;1;0;0;1;1
Kupplungssatz;479;18332;49;0,0306;1;2;2;1;2;1;0;1;2;1
Kupplungssatz;479;11961;2;0,0012;3;5;8;8;1;1;0;3;5;5
Kupplungssatz;479;4732;2;0,0012;2;1;1;1;1;1;0;1;1;1
Kupplungssatz;479;17775;3;0,0019;0;2;0;1;2;0;0;0;1;1
Kupplungssatz;479;11991;4;0,0025;0;2;2;1;2;0;0;0;0;2
Kupplungssatz;479;22490;3;0,0019;1;2;2;2;3;1;0;1;3;1
Kupplungssatz;479;23309;6;0,0037;5;4;2;4;4;3;0;3;3;2
Kupplungssatz;479;9086;14;0,0087;2;2;2;4;2;2;0;2;2;4
Kupplungssatz;479;14174;4;0,0025;0;1;1;0;2;0;0;0;1;2
Kupplungssatz;479;34485;5;0,0031;2;3;1;1;4;0;0;1;3;5
Kupplungssatz;479;123043;2;0,0012;0;3;0;3;8;0;0;0;0;3
Kupplungssatz;479;58767;179;0,1118;4;5;7;4;13;0;0;2;5;6
Kupplungssatz;479;1495;25;0,0156;1;2;2;2;4;1;0;1;2;4
Kupplungssatz;479;137759;23;0,0144;0;2;0;2;2;0;0;1;3;3
Kupplungssatz;479;12105;2;0,0012;0;0;2;0;0;0;0;0;0;0
Kupplungssatz;479;8725;2;0,0012;1;1;2;1;2;0;0;0;1;2
Kupplungssatz;479;49124;2;0,0012;1;0;0;0;0;0;0;0;1;0
Kupplungssatz;479;139160;38;0,0237;2;2;0;1;1;0;0;1;1;1
Kupplungssatz;479;4960;1;0,0006;5;4;0;4;3;3;0;3;2;1
Kupplungssatz;479;20630;1;0,0006;0;0;0;0;1;0;0;0;1;0
Kupplungssatz;479;32920;1;0,0006;0;0;1;1;0;0;0;0;1;0
Kupplungssatz;479;140450;1;0,0006;0;2;0;2;1;0;0;1;0;2
Kupplungssatz;479;33164;1;0,0006;0;0;0;0;0;0;0;0;0;0
Kupplungssatz;479;128834;3;0,0019;1;1;0;1;0;0;0;0;1;0
Kupplungssatz;479;13651;1;0,0006;1;1;0;1;0;1;0;1;1;1
Kupplungssatz;479;11312;30;0,0187;1;3;1;3;3;0;0;2;2;2
Kupplungssatz;479;17570;17;0,0106;1;1;1;1;0;1;0;2;1;1
Kupplungssatz;479;23434;12;0,0075;1;4;1;1;1;2;0;1;1;1
Kupplungssatz;479;19700;29;0,0181;4;2;1;0;2;1;0;0;3;1
Kupplungssatz;479;29565;1;0,0006;0;1;0;0;0;0;0;0;0;0
Kupplungssatz;479;33725;47;0,0294;0;2;3;3;3;2;0;2;3;3
Kupplungssatz;479;59604;10;0,0062;3;2;2;3;2;1;0;2;4;1
Kupplungssatz;479;8703;15;0,0094;1;1;1;0;3;0;0;0;1;1
Kupplungssatz;479;18114;83;0,0518;4;4;5;3;11;2;0;2;6;5
Kupplungssatz;479;101115;2;0,0012;4;6;6;9;2;1;0;3;5;5
Kupplungssatz;479;23289;3;0,0019;4;3;2;3;2;1;0;2;2;2
Kupplungssatz;479;20581;1;0,0006;1;1;1;1;2;0;0;1;0;2
Kupplungssatz;479;118966;3;0,0019;0;2;1;0;2;0;0;0;2;2
Kupplungssatz;479;56760;154;0,0962;4;5;2;3;3;0;0;1;2;4
Kupplungssatz;479;17266;17;0,0106;1;1;1;1;1;2;0;2;1;1
Kupplungssatz;479;150724;1;0,0006;0;2;0;2;0;0;0;1;0;0
Kupplungssatz;479;16319;2;0,0012;0;2;1;1;2;0;0;0;1;2
Kupplungssatz;479;23484;2;0,0012;1;2;1;1;3;1;0;0;1;1
Kupplungssatz;479;18397;2;0,0012;0;1;0;1;1;0;0;0;2;1
Kupplungssatz;479;117348;18;0,0112;1;1;0;1;4;1;0;1;1;1
Kupplungssatz;479;25093;3;0,0019;0;2;0;2;0;0;0;0;0;0
Kupplungssatz;479;134608;5;0,0031;1;2;0;2;7;0;0;2;2;3
Kupplungssatz;479;28592;5;0,0031;0;2;1;1;1;0;0;0;1;1
Kupplungssatz;479;31015;21;0,0131;1;2;2;1;1;2;0;1;1;2
Kupplungssatz;479;10009;1;0,0006;1;1;0;0;3;0;0;0;0;3
Kupplungssatz;479;107957;4;0,0025;1;1;1;1;3;1;0;1;1;2
Kupplungssatz;479;3982;2;0,0012;0;2;0;1;0;0;0;0;1;2
Kupplungssatz;479;1957;4;0,0025;1;2;0;1;4;1;0;0;1;1
Kupplungssatz;479;9164;1;0,0006;1;1;0;1;1;0;0;0;2;0
Kupplungssatz;479;118671;2;0,0012;0;0;0;0;0;0;0;0;0;0
Kupplungssatz;479;14826;2;0,0012;5;6;3;7;8;0;0;0;8;6
Kupplungssatz;479;115141;1;0,0006;0;2;0;2;2;0;0;0;0;2
Kupplungssatz;479;132643;2;0,0012;1;2;0;3;2;0;0;1;2;2
Kupplungssatz;479;3488;1;0,0006;2;1;3;1;6;2;0;1;0;2
Kupplungssatz;479;122102;1;0,0006;0;1;0;1;2;0;0;1;1;1
Kupplungssatz;479;138679;4;0,0025;0;6;3;4;1;0;0;0;7;0
Kupplungssatz;479;15564;3;0,0019;0;1;1;1;1;1;0;0;1;1
Kupplungssatz;479;8771;9;0,0056;2;2;1;2;2;2;0;1;2;2
Kupplungssatz;479;31469;7;0,0044;2;2;1;2;2;2;0;1;2;2
Kupplungssatz;479;18605;87;0,0543;2;2;1;2;4;1;0;0;2;2
Kupplungssatz;479;4378;3;0,0019;1;1;1;1;1;2;0;1;1;0
Kupplungssatz;479;17748;15;0,0094;2;3;2;2;2;1;0;2;2;2
Kupplungssatz;479;33123;2;0,0012;0;1;0;2;2;0;0;0;2;1
Kupplungssatz;479;12772;1;0,0006;5;4;3;4;7;1;0;0;4;6
Kupplungssatz;479;19941;16;0,01;2;5;2;2;2;2;0;2;3;2
Kupplungssatz;479;30931;2;0,0012;2;3;0;2;3;2;0;1;2;3
Kupplungssatz;479;17444;39;0,0244;4;4;4;1;5;0;0;0;4;5
Kupplungssatz;479;108658;4;0,0025;0;3;1;2;4;1;0;2;1;2
Kupplungssatz;479;16917;24;0,015;2;2;2;2;3;1;0;2;2;3
Kupplungssatz;479;15416;94;0,0587;2;3;4;2;2;0;0;0;2;2
Kupplungssatz;479;107967;265;0,1655;3;5;1;5;5;0;0;2;5;6
Kupplungssatz;479;5168;1;0,0006;1;4;5;2;4;0;0;0;4;4
Kupplungssatz;479;120598;43;0,0269;1;1;1;1;2;0;0;0;0;1
Kupplungssatz;479;122065;1;0,0006;1;2;1;1;4;1;0;1;1;1
Kupplungssatz;479;31069;3;0,0019;0;2;2;3;1;0;0;0;2;1
Kupplungssatz;479;544;1;0,0006;1;1;1;1;2;1;0;0;1;1
Kupplungssatz;479;106613;23;0,0144;0;4;4;2;3;1;0;2;3;4
Kupplungssatz;479;10017;22;0,0137;1;1;0;1;1;1;0;0;0;0
Kupplungssatz;479;16261;21;0,0131;2;3;4;2;2;0;0;0;2;2
Kupplungssatz;479;55746;9;0,0056;0;2;0;0;0;0;0;0;0;0
Kupplungssatz;479;131242;4;0,0025;0;3;0;4;0;0;0;0;2;4
Kupplungssatz;479;16080;5;0,0031;0;2;0;2;5;0;0;0;2;2
Kupplungssatz;479;109725;2;0,0012;0;1;1;1;0;0;0;0;1;1
Kupplungssatz;479;32862;12;0,0075;3;3;3;3;4;0;0;1;3;3
Kupplungssatz;479;28591;2;0,0012;1;4;0;4;2;0;0;0;4;4
Kupplungssatz;479;15026;2;0,0012;3;2;3;2;5;0;0;1;1;3
Kupplungssatz;479;29960;6;0,0037;0;2;0;2;4;0;0;1;0;1
Kupplungssatz;479;112266;11;0,0069;4;3;3;3;5;0;0;2;3;3
Kupplungssatz;479;22054;4;0,0025;1;1;1;1;3;0;0;1;0;0
Kupplungssatz;479;19001;1;0,0006;1;1;1;1;6;1;0;0;2;2
Kupplungssatz;479;8889;2;0,0012;0;1;1;0;0;0;0;0;0;1
Kupplungssatz;479;24494;2;0,0012;2;3;3;3;4;0;0;2;2;6
Kupplungssatz;479;105739;1;0,0006;2;1;1;1;2;0;0;1;1;1
Kupplungssatz;479;59387;1;0,0006;0;3;1;2;2;0;0;2;2;3
Kupplungssatz;479;11761;4;0,0025;0;4;1;1;2;0;0;0;2;2
Kupplungssatz;479;155197;2;0,0012;0;0;0;0;0;0;0;0;0;0
Kupplungssatz;479;11066;1;0,0006;3;6;0;4;8;0;0;0;4;5
Kupplungssatz;479;9341;5;0,0031;4;8;0;2;7;0;0;0;4;4
Kupplungssatz;479;8964;11;0,0069;0;2;0;0;2;0;0;0;2;2
Kupplungssatz;479;2266;2;0,0012;1;1;2;1;2;0;0;0;1;1
Kupplungssatz;479;23070;1;0,0006;7;4;1;3;6;3;0;3;5;4
Kupplungssatz;479;22687;5;0,0031;2;3;3;1;5;0;0;1;4;3
Kupplungssatz;479;107795;91;0,0568;0;2;2;2;3;0;0;2;2;1
Kupplungssatz;479;1552;5;0,0031;0;1;0;0;1;0;0;0;0;0
Kupplungssatz;479;16346;4;0,0025;0;2;3;1;3;0;0;0;2;2
Kupplungssatz;479;16796;6;0,0037;0;1;0;0;1;0;0;0;1;1
Kupplungssatz;479;4456;1;0,0006;1;1;2;1;5;1;0;1;1;1
Kupplungssatz;479;14377;1;0,0006;1;1;1;1;1;0;0;0;1;1
Kupplungssatz;479;18989;25;0,0156;5;6;6;5;9;1;0;3;7;6
Kupplungssatz;479;57282;91;0,0568;6;4;3;4;4;2;0;4;4;4
Kupplungssatz;479;116211;43;0,0269;3;3;3;3;8;0;0;2;5;4
Kupplungssatz;479;22533;6;0,0037;1;2;2;1;4;0;0;0;3;3
Kupplungssatz;479;33031;14;0,0087;4;6;5;5;15;3;0;2;8;7
Kupplungssatz;479;58544;49;0,0306;2;3;2;3;4;0;0;2;3;3
Kupplungssatz;479;17217;5;0,0031;1;1;2;1;1;1;0;1;1;1
Kupplungssatz;479;16986;7;0,0044;1;0;1;1;1;3;0;0;1;1
Kupplungssatz;479;17703;87;0,0543;3;3;3;3;4;2;0;2;3;3
Kupplungssatz;479;9089;1;0,0006;0;1;1;1;2;1;0;0;1;1
Kupplungssatz;479;13194;16;0,01;1;2;1;0;2;0;0;0;1;1
Kupplungssatz;479;18934;32;0,02;3;3;3;0;3;2;0;1;5;3
Kupplungssatz;479;5193;43;0,0269;3;3;2;1;3;2;0;2;3;3
Kupplungssatz;479;19600;4;0,0025;9;8;6;4;12;2;0;1;9;4
Kupplungssatz;479;8958;6;0,0037;1;8;4;0;4;0;0;0;4;3
Kupplungssatz;479;115493;6;0,0037;2;2;3;2;5;0;0;0;2;3
Kupplungssatz;479;10947;2;0,0012;0;2;0;1;2;0;0;0;1;4
Kupplungssatz;479;15835;6;0,0037;4;6;0;2;5;0;0;0;4;3
Kupplungssatz;479;23496;65;0,0406;0;1;1;1;1;1;0;1;1;0
Kupplungssatz;479;27569;3;0,0019;1;4;0;2;1;0;0;1;2;0
Kupplungssatz;479;14736;5;0,0031;1;2;2;2;2;3;0;1;1;1
Kupplungssatz;479;16269;8;0,005;2;2;2;2;4;1;0;1;2;2
Kupplungssatz;479;111898;6;0,0037;2;4;1;1;2;1;0;1;1;2
Kupplungssatz;479;18330;1;0,0006;0;2;2;2;2;0;0;0;0;2
Kupplungssatz;479;31198;1;0,0006;2;2;2;2;2;0;0;0;2;4
Kupplungssatz;479;59021;2;0,0012;2;3;3;2;2;0;0;0;2;4
Kupplungssatz;479;59567;17;0,0106;2;1;0;1;2;0;0;0;0;3
Kupplungssatz;479;126079;3;0,0019;0;3;1;2;6;0;0;0;1;1
Kupplungssatz;479;101156;61;0,0381;0;3;0;2;2;0;0;1;1;2
Kupplungssatz;479;6675;14;0,0087;2;2;2;2;5;2;0;2;2;2
Kupplungssatz;479;32249;13;0,0081;1;3;1;1;3;1;0;1;1;2
Kupplungssatz;479;107481;1;0,0006;3;6;4;3;5;0;0;1;7;5
Kupplungssatz;479;18206;10;0,0062;1;1;1;1;5;1;0;1;2;2
Kupplungssatz;479;19094;518;0,3235;3;2;2;2;1;0;0;2;2;1
Kupplungssatz;479;6653;5;0,0031;1;2;1;0;2;1;0;1;2;2
Kupplungssatz;479;31000;2;0,0012;2;3;2;2;2;0;0;0;3;3
Kupplungssatz;479;50618;8;0,005;1;1;0;1;0;1;0;1;1;1
Kupplungssatz;479;134271;3;0,0019;0;5;2;3;7;0;0;0;1;5
Kupplungssatz;479;59256;1;0,0006;2;3;3;3;4;1;0;1;2;6
Kupplungssatz;479;120076;13;0,0081;2;2;1;1;2;0;0;0;2;2
Kupplungssatz;479;151007;1;0,0006;0;1;0;0;0;0;0;0;0;0
Kupplungssatz;479;111845;9;0,0056;0;1;0;1;0;0;0;0;0;1
Kupplungssatz;479;10664;10;0,0062;2;0;1;1;0;0;0;0;0;0
Kupplungssatz;479;19443;20;0,0125;2;3;3;3;5;0;0;1;7;5
Kupplungssatz;479;117867;51;0,0319;1;2;1;1;2;1;0;1;1;2
Kupplungssatz;479;13860;41;0,0256;3;2;2;2;3;0;0;0;3;5
Kupplungssatz;479;136073;2;0,0012;0;1;0;1;0;0;0;0;0;1
Kupplungssatz;479;127057;9;0,0056;1;2;0;2;0;0;0;1;0;1
Kupplungssatz;479;10450;10;0,0062;3;3;2;2;3;0;0;1;3;3
Kupplungssatz;479;58385;6;0,0037;0;0;0;0;0;0;0;0;0;2
Kupplungssatz;479;14833;3;0,0019;5;6;3;7;10;0;0;0;8;6
Kupplungssatz;479;22457;10;0,0062;1;4;0;2;6;0;0;0;0;3
Kupplungssatz;479;15775;1;0,0006;2;5;2;3;9;1;0;2;6;4
Kupplungssatz;479;3272;2;0,0012;1;2;1;1;4;2;0;0;2;1
Kupplungssatz;479;24464;6;0,0037;0;3;0;2;2;0;0;0;0;3
Kupplungssatz;479;122462;4;0,0025;3;3;2;3;3;0;0;2;3;4
Kupplungssatz;479;19791;1;0,0006;3;3;2;0;3;0;0;0;3;2
Kupplungssatz;479;15271;3;0,0019;0;2;0;2;1;0;0;0;2;2
Kupplungssatz;479;19633;3;0,0019;2;2;1;0;2;0;0;0;0;2
Kupplungssatz;479;138631;6;0,0037;0;1;1;1;2;0;0;0;1;1
Kupplungssatz;479;122144;3;0,0019;0;1;0;3;2;0;0;0;0;3
Kupplungssatz;479;2647;1;0,0006;1;1;0;0;1;0;0;0;0;1
Kupplungssatz;479;4326;6;0,0037;1;2;2;6;1;4;0;1;2;0
Kupplungssatz;479;780;1;0,0006;0;1;0;1;0;0;0;0;2;0
Kupplungssatz;479;11816;549;0,3429;1;2;1;2;3;2;0;1;2;2
Kupplungssatz;479;24543;10;0,0062;4;5;2;3;1;1;0;1;2;1
Kupplungssatz;479;6315;11;0,0069;0;1;2;0;1;0;0;0;1;1
Kupplungssatz;479;27529;83;0,0518;1;1;2;1;2;2;0;1;1;1
Kupplungssatz;479;17726;13;0,0081;2;2;2;2;3;1;0;2;2;3
Kupplungssatz;479;110761;3;0,0019;1;2;1;2;1;0;0;0;2;2
Kupplungssatz;479;33247;17;0,0106;1;4;1;2;4;1;0;2;1;3
Kupplungssatz;479;18727;6;0,0037;3;4;3;2;10;1;0;2;5;3
Kupplungssatz;479;5625;1;0,0006;1;2;2;1;2;1;0;0;2;2
Kupplungssatz;479;19640;2;0,0012;3;4;3;3;4;0;0;0;2;6
Kupplungssatz;479;15298;11;0,0069;2;3;5;3;4;0;0;2;3;5
Kupplungssatz;479;133230;2;0,0012;0;0;0;0;4;0;0;0;0;0
Kupplungssatz;479;11344;1;0,0006;4;4;2;2;3;1;0;0;3;2
Kupplungssatz;479;119843;41;0,0256;1;2;1;1;2;1;0;1;1;2
Kupplungssatz;479;27952;1;0,0006;1;2;1;1;1;1;0;1;1;2
Kupplungssatz;479;19575;8;0,005;0;2;3;2;2;0;0;0;0;2
Kupplungssatz;479;130099;1;0,0006;4;4;2;3;5;2;0;1;5;3
Kupplungssatz;479;17154;1;0,0006;1;1;2;1;2;0;0;0;1;1
Kupplungssatz;479;2845;7;0,0044;0;2;0;0;2;0;0;0;1;2
Kupplungssatz;479;114889;4;0,0025;0;4;0;1;0;0;0;0;0;1
Kupplungssatz;479;129326;2;0,0012;0;0;0;0;0;0;0;0;0;3
Kupplungssatz;479;23205;86;0,0537;2;2;1;0;3;1;0;1;1;1
Kupplungssatz;479;10276;25;0,0156;1;3;1;1;1;1;0;1;1;2
Kupplungssatz;479;111070;15;0,0094;0;2;0;0;1;0;0;0;2;2
Kupplungssatz;479;4291;15;0,0094;1;1;1;1;1;0;0;1;1;0
Kupplungssatz;479;34972;2;0,0012;4;2;0;0;2;1;0;0;3;1
Kupplungssatz;479;17810;260;0,1624;4;4;6;3;13;2;0;2;6;7
Kupplungssatz;479;19763;4;0,0025;2;3;0;2;3;2;0;1;2;3
Kupplungssatz;479;7852;4;0,0025;1;1;1;1;1;2;0;1;1;1
Kupplungssatz;479;4760;5;0,0031;1;1;1;1;3;0;0;0;1;1
Kupplungssatz;479;118777;1;0,0006;0;1;0;1;1;0;0;0;0;2
Kupplungssatz;479;55585;2;0,0012;0;3;1;1;1;0;0;1;0;2
Kupplungssatz;479;23177;30;0,0187;1;2;1;1;1;1;0;1;1;2
Kupplungssatz;479;116117;1;0,0006;0;3;0;2;0;0;0;0;2;0
Kupplungssatz;479;10203;39;0,0244;0;2;1;2;2;0;0;0;2;2
Kupplungssatz;479;130303;1;0,0006;0;3;0;0;0;0;0;0;0;0
Kupplungssatz;479;56872;1;0,0006;0;3;3;2;6;0;0;2;2;3
Kupplungssatz;479;10144;3;0,0019;0;4;3;0;4;0;0;0;0;2
Kupplungssatz;479;17870;10;0,0062;0;1;0;1;0;1;0;1;1;1
Kupplungssatz;479;32009;7;0,0044;3;2;1;1;5;1;0;1;0;3
Kupplungssatz;479;31569;1;0,0006;0;2;1;2;4;0;0;0;0;3
Kupplungssatz;479;31723;2;0,0012;1;4;0;0;2;1;0;0;2;1
Kupplungssatz;479;33312;24;0,015;1;4;1;2;4;1;0;2;1;3
Kupplungssatz;479;6322;2;0,0012;1;1;0;1;1;0;0;0;1;3
Kupplungssatz;479;132856;8;0,005;0;4;0;2;4;0;0;1;1;2
Kupplungssatz;479;146536;1;0,0006;0;1;0;0;0;0;0;0;2;2
Kupplungssatz;479;19033;9;0,0056;1;1;1;1;3;0;0;0;1;2
Kupplungssatz;479;33374;6;0,0037;1;2;1;3;3;0;0;0;2;2
Kupplungssatz;479;12135;2;0,0012;0;2;0;0;0;0;0;0;0;2
Kupplungssatz;479;50757;16;0,01;2;1;1;2;1;1;0;2;1;1
Kupplungssatz;479;11135;20;0,0125;2;2;1;2;1;1;0;2;0;4
Kupplungssatz;479;108169;2;0,0012;0;3;0;0;1;0;0;0;0;1
Kupplungssatz;479;125164;1;0,0006;0;0;0;0;0;0;0;0;0;0
Kupplungssatz;479;4794;1;0,0006;0;3;0;0;1;0;0;0;1;2
Kupplungssatz;479;4679;2;0,0012;3;2;3;0;0;0;0;0;1;2
Kupplungssatz;479;7707;5;0,0031;0;1;1;1;1;2;0;1;1;1
Kupplungssatz;479;138124;2;0,0012;0;3;0;2;4;1;0;1;2;2
Kupplungssatz;479;8683;2;0,0012;3;3;2;2;2;0;0;0;2;4
Kupplungssatz;479;58539;9;0,0056;2;3;2;3;2;0;0;2;3;3
Kupplungssatz;479;22956;15;0,0094;1;2;2;2;2;0;0;0;3;2
Kupplungssatz;479;17877;4;0,0025;0;1;1;0;1;1;0;0;0;2
Kupplungssatz;479;32073;77;0,0481;2;2;2;4;2;2;0;2;2;4
Kupplungssatz;479;8452;65;0,0406;1;2;1;1;2;2;0;1;1;2
Kupplungssatz;479;113150;25;0,0156;2;3;1;2;5;0;0;1;1;2
Kupplungssatz;479;18529;15;0,0094;1;1;2;1;0;2;0;1;1;2
Kupplungssatz;479;13167;5;0,0031;3;3;1;1;1;0;0;0;3;3
Kupplungssatz;479;16601;17;0,0106;2;3;4;2;2;0;0;0;2;2
Kupplungssatz;479;8686;7;0,0044;1;2;2;2;3;0;0;0;5;3
Kupplungssatz;479;7021;5;0,0031;0;3;0;2;3;0;0;0;0;3
Kupplungssatz;479;13926;4;0,0025;1;2;1;2;3;1;0;1;1;3
Kupplungssatz;479;132537;5;0,0031;3;2;0;3;4;1;0;1;1;3
Kupplungssatz;479;18835;19;0,0119;0;3;2;2;8;1;0;0;2;4
Kupplungssatz;479;966;54;0,0337;1;5;0;2;5;0;0;0;5;5
Kupplungssatz;479;7291;1;0,0006;1;1;0;1;1;1;0;0;1;1
Kupplungssatz;479;16589;15;0,0094;1;2;0;1;1;1;0;0;1;1
Kupplungssatz;479;53335;8;0,005;0;6;2;4;4;0;0;2;2;2
Kupplungssatz;479;14661;6;0,0037;0;0;0;0;2;1;0;0;0;2
Kupplungssatz;479;145700;1;0,0006;0;1;0;2;0;0;0;0;0;2
Kupplungssatz;479;117272;1;0,0006;0;0;1;0;0;0;0;0;0;1
Kupplungssatz;479;14985;7;0,0044;6;6;4;6;9;0;0;0;5;6
Kupplungssatz;479;2698;12;0,0075;1;2;1;2;3;1;0;1;1;1
Kupplungssatz;479;10265;3;0,0019;0;1;1;1;3;0;0;0;1;1
Kupplungssatz;479;18792;2;0,0012;4;3;3;2;5;2;0;3;4;6
Kupplungssatz;479;16886;15;0,0094;1;1;1;1;1;1;0;1;1;0
Kupplungssatz;479;116112;1;0,0006;0;1;0;0;0;0;0;0;0;0
Kupplungssatz;479;131195;1;0,0006;0;0;0;1;2;0;0;1;3;3
Kupplungssatz;479;3525;1;0,0006;4;1;3;1;6;3;0;1;0;2
Kupplungssatz;479;4486;4;0,0025;1;1;2;2;1;0;0;1;1;1
Kupplungssatz;479;16750;3;0,0019;1;1;1;0;1;0;0;0;1;2
Kupplungssatz;479;19984;2;0,0012;1;1;1;0;3;2;0;0;0;2
Kupplungssatz;479;128502;3;0,0019;0;0;0;0;6;0;0;0;0;8
Kupplungssatz;479;117724;5;0,0031;0;2;0;3;3;0;0;0;0;1
Kupplungssatz;479;23443;22;0,0137;2;1;1;1;2;0;0;1;1;0
Kupplungssatz;479;15526;32;0,02;1;1;2;1;2;1;0;1;1;1
Kupplungssatz;479;118487;7;0,0044;6;5;4;5;9;0;0;4;0;5
Kupplungssatz;479;11178;12;0,0075;3;2;4;5;3;3;0;5;5;1
Kupplungssatz;479;15293;3;0,0019;1;4;4;2;6;1;0;1;3;3
Kupplungssatz;479;4023;5;0,0031;1;1;1;1;2;1;0;1;1;1
Kupplungssatz;479;17706;27;0,0169;3;1;1;1;1;1;0;1;1;1
Kupplungssatz;479;18856;10;0,0062;1;0;0;0;2;1;0;0;2;2
Kupplungssatz;479;15772;1;0,0006;2;5;2;3;9;1;0;2;6;4
Kupplungssatz;479;58526;2;0,0012;1;1;2;1;1;1;0;1;1;2
Kupplungssatz;479;17518;10;0,0062;1;1;1;1;2;1;0;0;1;1
Kupplungssatz;479;17903;23;0,0144;11;12;11;11;17;2;0;6;14;12
Kupplungssatz;479;11768;1;0,0006;1;1;0;1;1;1;0;0;1;1
Kupplungssatz;479;114838;13;0,0081;1;1;1;2;6;0;0;2;3;2
Kupplungssatz;479;133876;1;0,0006;1;1;0;0;4;0;0;1;0;0
Kupplungssatz;479;18558;15;0,0094;7;8;4;4;9;2;0;0;8;8
Kupplungssatz;479;801388;4;0,0025;0;4;2;1;5;0;0;0;0;0
Kupplungssatz;479;124738;1;0,0006;1;2;2;2;3;2;0;0;0;4
Kupplungssatz;479;114844;172;0,1074;1;1;1;2;6;0;0;2;3;1
Kupplungssatz;479;115191;7;0,0044;2;3;1;2;4;0;0;1;0;2
Kupplungssatz;479;1717;1;0,0006;1;1;1;1;1;0;0;0;1;3
Kupplungssatz;479;125350;8;0,005;0;4;1;3;1;1;0;0;2;2
Kupplungssatz;479;19180;1;0,0006;1;1;0;1;1;1;0;1;1;1
Kupplungssatz;479;113871;11;0,0069;1;3;0;2;4;1;0;0;1;3
Kupplungssatz;479;58731;3;0,0019;2;4;0;2;3;1;0;0;2;1
Kupplungssatz;479;1988;1;0,0006;0;0;1;1;0;0;0;0;1;1
Kupplungssatz;479;1413;1;0,0006;0;2;0;0;2;0;0;0;1;1
Kupplungssatz;479;22661;4;0,0025;1;2;1;2;3;0;0;0;1;1
Kupplungssatz;479;142476;2;0,0012;0;2;0;2;0;0;0;0;0;2
Kupplungssatz;479;3971;2;0,0012;0;2;0;0;1;0;0;0;3;2
Kupplungssatz;479;12590;1;0,0006;0;3;0;0;5;0;0;0;2;3
Kupplungssatz;479;33141;3;0,0019;0;0;0;0;0;0;0;0;0;0
Kupplungssatz;479;32034;20;0,0125;1;2;1;1;3;1;0;1;1;1
Kupplungssatz;479;109671;1;0,0006;1;1;0;1;1;0;0;1;1;1
Kupplungssatz;479;11247;5;0,0031;1;1;1;0;0;2;0;1;1;1
Kupplungssatz;479;112386;2;0,0012;0;3;2;2;2;0;0;2;0;2
Kupplungssatz;479;15494;2;0,0012;0;0;0;0;0;0;0;0;0;0
Kupplungssatz;479;20076;1;0,0006;1;1;2;1;7;2;0;1;1;2
Kupplungssatz;479;18143;34;0,0212;0;0;0;0;4;0;0;0;0;2
Kupplungssatz;479;18315;21;0,0131;5;5;3;2;8;1;0;3;2;2
Kupplungssatz;479;17524;2;0,0012;1;1;1;1;1;1;0;1;1;1
Kupplungssatz;479;126004;1;0,0006;0;0;0;0;2;0;0;0;0;0
Kupplungssatz;479;105910;38;0,0237;1;1;1;1;3;1;0;1;1;1
Kupplungssatz;479;12506;1;0,0006;3;3;2;3;1;3;0;3;1;3
Kupplungssatz;479;115206;65;0,0406;4;3;4;3;5;0;0;2;3;2
Kupplungssatz;479;1867;11;0,0069;2;2;2;0;4;0;0;0;2;2
Kupplungssatz;479;30937;3;0,0019;1;1;1;0;3;2;0;2;1;1
Kupplungssatz;479;1663;1;0,0006;1;3;1;2;3;1;0;0;2;1
Kupplungssatz;479;15454;6;0,0037;0;7;1;4;5;0;0;0;3;3
Kupplungssatz;479;110073;15;0,0094;1;1;1;1;1;0;0;1;1;1
Kupplungssatz;479;7919;4;0,0025;1;1;1;1;2;1;0;1;1;1
Kupplungssatz;479;56738;4;0,0025;1;1;1;2;3;1;0;0;1;2
Kupplungssatz;479;17804;5;0,0031;1;2;1;2;3;1;0;1;1;1
Kupplungssatz;479;139211;2;0,0012;1;3;0;2;4;1;0;1;0;2
Kupplungssatz;479;106385;17;0,0106;1;1;1;1;3;0;0;1;1;1
Kupplungssatz;479;131605;1;0,0006;1;0;3;0;3;2;0;0;0;3
Kupplungssatz;479;106982;1;0,0006;0;2;0;0;1;0;0;0;0;0
Kupplungssatz;479;128047;2;0,0012;0;2;0;2;0;0;0;0;0;0
Kupplungssatz;479;10264;1;0,0006;1;1;0;1;0;0;0;1;1;1
Kupplungssatz;479;106657;17;0,0106;0;2;2;1;0;0;0;0;0;1
Kupplungssatz;479;145029;9;0,0056;0;0;0;1;2;0;0;0;0;3
Kupplungssatz;479;8707;1;0,0006;3;2;2;2;5;0;0;0;2;2
Kupplungssatz;479;119482;84;0,0525;2;3;0;2;8;0;0;0;0;3
Kupplungssatz;479;114845;26;0,0162;1;1;2;2;6;0;0;2;3;1
Kupplungssatz;479;4264;5;0,0031;1;1;1;1;1;2;0;0;1;1
Kupplungssatz;479;5595;42;0,0262;2;2;2;2;6;1;0;0;2;3
Kupplungssatz;479;7043;351;0,2192;2;2;2;2;3;1;0;1;2;2
Kupplungssatz;479;25451;39;0,0244;1;2;2;9;3;2;0;2;3;0
Kupplungssatz;479;59251;2;0,0012;0;1;2;1;0;0;0;0;0;0
Kupplungssatz;479;23163;44;0,0275;1;2;3;1;2;0;0;1;1;2
Kupplungssatz;479;17631;27;0,0169;2;3;3;0;3;2;0;1;5;3
Kupplungssatz;479;34721;61;0,0381;2;4;0;2;4;2;0;2;2;2
Kupplungssatz;479;154984;4;0,0025;0;0;0;0;0;0;0;0;0;0
Kupplungssatz;479;10254;1;0,0006;1;1;1;1;3;1;0;1;1;1
Kupplungssatz;479;18561;3;0,0019;2;3;2;1;4;0;0;0;4;3
Kupplungssatz;479;10578;1;0,0006;1;2;1;2;3;0;0;0;1;1
Kupplungssatz;479;15435;3;0,0019;1;1;2;1;1;2;0;1;1;1
Kupplungssatz;479;14831;5;0,0031;5;6;3;7;10;0;0;0;8;6
Kupplungssatz;479;53686;7;0,0044;1;3;2;2;3;0;0;2;1;2
Kupplungssatz;479;108660;6;0,0037;0;4;1;3;7;1;0;0;1;4
Kupplungssatz;479;16790;2;0,0012;1;0;1;1;1;0;0;1;1;0
Kupplungssatz;479;24490;11;0,0069;2;2;2;2;4;2;0;2;2;1
Kupplungssatz;479;1948;1;0,0006;0;1;0;1;2;0;0;0;1;1
Kupplungssatz;479;59795;2;0,0012;1;2;1;1;0;0;0;0;2;1
Kupplungssatz;479;9031;12;0,0075;1;1;1;1;1;1;0;1;1;1
Kupplungssatz;479;5323;2;0,0012;0;2;1;1;2;0;0;0;1;1
Kupplungssatz;479;6030;1;0,0006;1;1;1;1;2;1;0;1;1;3
Kupplungssatz;479;59732;2;0,0012;1;1;0;2;3;0;0;0;0;2
Kupplungssatz;479;113165;7;0,0044;1;2;2;2;3;1;0;2;2;2
Kupplungssatz;479;7670;1;0,0006;0;0;0;1;1;0;0;0;0;0
Kupplungssatz;479;101049;4;0,0025;0;1;0;0;1;0;0;0;1;1
Kupplungssatz;479;34463;3;0,0019;2;4;0;1;1;0;0;1;2;5
Kupplungssatz;479;4193;2;0,0012;1;1;2;1;1;1;0;1;1;1
Kupplungssatz;479;1157;1;0,0006;1;1;1;0;0;0;0;0;1;0
Kupplungssatz;479;127519;11;0,0069;0;1;0;1;1;1;0;0;0;1
Kupplungssatz;479;30824;19;0,0119;3;3;1;3;7;1;0;0;4;6
Kupplungssatz;479;34926;25;0,0156;3;1;1;1;2;1;0;0;2;3
Kupplungssatz;479;20740;114;0,0712;3;3;2;2;3;0;0;1;3;3
Kupplungssatz;479;2136;2;0,0012;1;1;0;0;0;0;0;0;1;0
Kupplungssatz;479;19904;39;0,0244;1;2;2;1;1;0;0;1;2;1
Kupplungssatz;479;7565;2;0,0012;0;1;0;1;1;1;0;0;0;1
Kupplungssatz;479;16978;143;0,0893;1;1;2;1;3;1;0;1;1;1
Kupplungssatz;479;10682;17;0,0106;1;1;1;1;1;1;0;1;1;0
Kupplungssatz;479;1835;1;0,0006;1;1;1;1;0;2;0;1;1;1
Kupplungssatz;479;17183;13;0,0081;3;3;2;0;3;0;0;0;3;1
Kupplungssatz;479;5194;3;0,0019;0;2;2;1;3;1;0;0;3;0
Kupplungssatz;479;145028;15;0,0094;0;0;0;1;5;0;0;0;0;5
Kupplungssatz;479;130105;8;0,005;0;3;0;2;4;1;0;2;2;2
Kupplungssatz;479;58802;7;0,0044;1;1;1;1;2;1;0;2;2;1
Kupplungssatz;479;16525;8;0,005;1;1;2;2;2;1;0;1;2;4
Kupplungssatz;479;22518;12;0,0075;2;3;3;3;8;0;0;1;5;5
Kupplungssatz;479;22543;1;0,0006;1;1;1;0;2;0;0;0;1;1
Kupplungssatz;479;2474;3;0,0019;0;0;0;0;1;0;0;0;0;0
Kupplungssatz;479;15974;30;0,0187;3;1;4;3;2;5;0;3;2;1
Kupplungssatz;479;18503;61;0,0381;1;1;1;1;2;1;0;1;1;2
Kupplungssatz;479;17270;97;0,0606;3;3;3;3;4;0;0;0;3;3
Kupplungssatz;479;137267;1;0,0006;0;0;0;0;0;0;0;0;0;0
Kupplungssatz;479;138027;21;0,0131;0;1;0;1;1;0;0;0;0;2
Kupplungssatz;479;28149;21;0,0131;4;2;3;3;4;3;0;1;4;6
Kupplungssatz;479;9263;11;0,0069;1;3;0;1;2;1;0;1;1;2
Kupplungssatz;479;12751;379;0,2367;1;1;2;2;2;2;0;1;1;1
Kupplungssatz;479;23374;16;0,01;0;5;0;0;2;0;0;0;2;1
Kupplungssatz;479;33395;104;0,065;1;3;1;1;4;1;0;1;2;2
Kupplungssatz;479;29730;26;0,0162;1;1;1;1;2;1;0;0;1;1
Kupplungssatz;479;3953;36;0,0225;2;1;1;1;4;1;0;0;2;1
Kupplungssatz;479;1657;3;0,0019;0;0;1;1;2;0;0;0;1;2
Kupplungssatz;479;32784;13;0,0081;2;5;2;3;5;0;0;2;1;6
Kupplungssatz;479;23225;16;0,01;3;7;0;3;8;1;0;1;6;1
Kupplungssatz;479;54220;3;0,0019;1;0;0;0;0;0;0;0;0;0
Kupplungssatz;479;1466;1;0,0006;0;2;0;0;2;0;0;0;1;1
Kupplungssatz;479;124632;1;0,0006;0;0;1;0;1;1;0;0;0;1
Kupplungssatz;479;19414;8;0,005;0;6;4;3;4;0;0;0;0;6
Kupplungssatz;479;2394;1;0,0006;2;1;1;0;2;0;0;0;1;1
Kupplungssatz;479;18376;27;0,0169;2;3;2;2;2;0;0;0;3;3
Kupplungssatz;479;112234;1;0,0006;0;0;0;0;0;0;0;0;0;0
Kupplungssatz;479;110020;1;0,0006;0;1;1;1;1;0;0;1;1;2
Kupplungssatz;479;19918;11;0,0069;1;1;1;1;1;1;0;1;1;2
Kupplungssatz;479;18357;3;0,0019;11;12;9;10;16;2;0;6;14;12
Kupplungssatz;479;11954;2;0,0012;1;1;1;1;0;0;0;0;0;1
Kupplungssatz;479;114211;4;0,0025;3;3;2;3;9;2;0;1;1;4
Kupplungssatz;479;16002;1;0,0006;1;1;3;3;3;2;0;2;2;2
Kupplungssatz;479;17256;1;0,0006;1;1;2;1;1;1;0;1;1;2
Kupplungssatz;479;8364;2;0,0012;0;0;0;0;0;0;0;0;0;0
Kupplungssatz;479;33011;8;0,005;0;1;1;0;1;0;0;0;1;1
Kupplungssatz;479;11712;15;0,0094;0;2;0;2;1;0;0;0;2;2
Kupplungssatz;479;33486;195;0,1218;1;1;1;1;4;1;0;1;1;1
Kupplungssatz;479;107507;5;0,0031;0;1;0;1;3;0;0;0;0;0
Kupplungssatz;479;19930;3;0,0019;1;2;1;1;4;0;0;0;1;1
Kupplungssatz;479;106416;9;0,0056;0;2;1;1;5;0;0;2;2;3
Kupplungssatz;479;29998;2;0,0012;3;2;2;2;6;0;0;0;2;2
Kupplungssatz;479;142115;1;0,0006;0;0;0;0;2;0;0;0;0;1
Kupplungssatz;479;8050;7;0,0044;1;1;1;1;2;0;0;0;1;2
Kupplungssatz;479;15283;10;0,0062;1;2;1;2;4;1;0;2;3;3
Kupplungssatz;479;108336;2;0,0012;0;0;0;0;0;0;0;0;0;0
Kupplungssatz;479;14575;4;0,0025;2;1;0;1;3;0;0;0;1;2
Kupplungssatz;479;22474;361;0,2255;1;1;0;0;1;1;0;1;1;1
Kupplungssatz;479;32676;8;0,005;3;2;2;2;2;0;0;1;3;2
Kupplungssatz;479;29926;3;0,0019;0;2;2;2;2;0;0;0;2;4
Kupplungssatz;479;20054;3;0,0019;0;2;0;1;2;1;0;1;1;1
Kupplungssatz;479;19956;7;0,0044;2;2;2;2;3;1;0;0;3;2
Kupplungssatz;479;5252;3;0,0019;0;2;0;1;3;1;0;1;1;2
Kupplungssatz;479;19692;22;0,0137;1;2;1;2;3;1;0;1;1;1
Kupplungssatz;479;11343;4;0,0025;4;6;3;2;3;1;0;0;3;2
Kupplungssatz;479;101094;1;0,0006;2;2;2;2;3;1;0;2;2;3
Kupplungssatz;479;116794;4;0,0025;0;3;0;2;3;0;0;1;2;2
Kupplungssatz;479;120331;18;0,0112;2;2;0;2;2;0;0;2;6;6
Kupplungssatz;479;117636;2;0,0012;1;2;0;2;2;0;0;0;0;1
Kupplungssatz;479;10048;1;0,0006;0;4;1;1;3;0;0;0;2;2
Kupplungssatz;479;128301;5;0,0031;0;4;0;2;2;0;0;0;0;2
Kupplungssatz;479;16506;16;0,01;0;1;1;2;1;3;0;1;0;0
Kupplungssatz;479;30905;2;0,0012;1;2;2;1;4;0;0;0;3;3
Kupplungssatz;479;16682;5;0,0031;1;1;2;2;1;2;0;1;2;1
Kupplungssatz;479;17207;7;0,0044;2;2;3;2;4;0;0;2;2;5
Kupplungssatz;479;8767;1;0,0006;1;1;1;0;0;0;0;0;1;2
Kupplungssatz;479;4234;1;0,0006;1;0;0;1;1;2;0;1;0;0
Kupplungssatz;479;58761;28;0,0175;4;5;6;4;13;0;0;2;5;6
Kupplungssatz;479;11140;26;0,0162;4;5;2;3;1;1;0;1;2;1
Kupplungssatz;479;129062;11;0,0069;1;1;0;1;0;0;0;1;0;1
Kupplungssatz;479;4541;9;0,0056;1;1;2;1;0;1;0;0;1;1
Kupplungssatz;479;31523;1;0,0006;5;7;4;5;5;1;0;1;9;7
Kupplungssatz;479;17757;9;0,0056;3;3;3;3;1;4;0;2;3;3
Kupplungssatz;479;140387;3;0,0019;0;0;0;1;2;0;0;0;0;2
Kupplungssatz;479;145525;5;0,0031;0;1;0;1;1;0;0;0;0;2
Kupplungssatz;479;14595;4;0,0025;1;1;2;1;2;1;0;1;1;1
Kupplungssatz;479;129166;12;0,0075;2;2;0;2;1;0;0;1;0;2
Kupplungssatz;479;11873;17;0,0106;1;2;1;1;6;1;0;1;2;1
Kupplungssatz;479;108131;3;0,0019;0;2;0;1;4;0;0;1;0;2
Kupplungssatz;479;57436;1;0,0006;0;2;0;3;3;0;0;0;0;3
Kupplungssatz;479;17252;1;0,0006;2;2;0;0;2;0;0;0;2;2
Kupplungssatz;479;30002;2;0,0012;3;4;0;4;3;0;0;0;0;4
Kupplungssatz;479;32113;67;0,0418;3;2;2;2;3;0;0;1;3;2
Kupplungssatz;479;111760;34;0,0212;3;4;1;2;7;1;0;2;0;3
Kupplungssatz;479;54930;3;0,0019;1;3;2;0;5;0;0;0;2;3
Kupplungssatz;479;128651;5;0,0031;3;5;5;4;6;0;0;2;0;3
Kupplungssatz;479;59493;1;0,0006;2;2;2;2;3;1;0;2;2;2
Kupplungssatz;479;2555;4;0,0025;1;2;1;1;2;1;0;0;1;0
Kupplungssatz;479;8810;1;0,0006;0;2;1;0;3;0;0;0;2;3
Kupplungssatz;479;11113;42;0,0262;1;1;1;1;2;0;0;0;1;1
Kupplungssatz;479;149314;2;0,0012;0;0;0;0;1;0;0;0;0;3
Kupplungssatz;479;120682;1;0,0006;0;0;0;0;0;0;0;0;0;2
Kupplungssatz;479;4035;1;0,0006;1;1;1;1;1;0;0;0;1;1
Kupplungssatz;479;133534;1;0,0006;0;10;6;1;7;0;0;1;8;0
Kupplungssatz;479;7781;1;0,0006;1;1;0;1;0;0;0;0;0;1
Kupplungssatz;479;2973;2;0,0012;0;0;0;0;1;0;0;0;0;4
Kupplungssatz;479;112247;1;0,0006;0;2;0;1;2;0;0;0;2;2
Kupplungssatz;479;128278;4;0,0025;0;4;0;2;3;0;0;0;1;2
Kupplungssatz;479;28834;2;0,0012;1;3;1;2;4;1;0;3;4;3
Kupplungssatz;479;132714;2;0,0012;1;0;1;0;3;1;0;1;1;0
Kupplungssatz;479;16325;25;0,0156;1;4;2;4;7;0;0;0;2;2
Kupplungssatz;479;25403;2;0,0012;1;1;0;2;1;1;0;0;0;2
Kupplungssatz;479;12895;1;0,0006;1;2;1;0;2;0;0;0;1;1
Kupplungssatz;479;16513;13;0,0081;0;1;1;0;2;1;0;1;1;1
Kupplungssatz;479;16590;6;0,0037;3;2;4;1;3;2;0;2;3;2
Kupplungssatz;479;59601;2;0,0012;1;3;5;1;2;0;0;1;1;4
Kupplungssatz;479;23356;8;0,005;4;4;4;4;4;0;0;1;4;6
Kupplungssatz;479;17640;21;0,0131;1;2;1;1;1;1;0;1;1;2
Kupplungssatz;479;22494;6;0,0037;1;4;2;1;1;2;0;1;1;1
Kupplungssatz;479;16831;4;0,0025;2;1;2;1;6;1;0;2;1;1
Kupplungssatz;479;8973;3;0,0019;1;1;1;0;1;0;0;0;1;0
Kupplungssatz;479;14693;3;0,0019;1;1;1;1;1;1;0;1;1;1
Kupplungssatz;479;3528;2;0,0012;4;1;3;2;6;3;0;2;3;3
Kupplungssatz;479;3091;1;0,0006;0;0;0;0;1;0;0;0;1;0
Kupplungssatz;479;17155;12;0,0075;1;4;2;1;2;1;0;0;1;2
Kupplungssatz;479;14446;15;0,0094;4;7;7;3;3;0;0;0;6;5
Kupplungssatz;479;14835;2;0,0012;5;6;3;7;10;0;0;0;8;6
Kupplungssatz;479;8667;4;0,0025;1;1;3;1;1;0;0;0;1;2
Kupplungssatz;479;9251;1;0,0006;3;4;2;0;2;0;0;0;2;3
Kupplungssatz;479;34769;2;0,0012;0;7;1;5;3;0;0;0;0;2
Kupplungssatz;479;11498;1;0,0006;0;1;0;1;2;1;0;1;0;1
Kupplungssatz;479;25;3;0,0019;2;2;1;2;2;0;0;0;2;4
Kupplungssatz;479;10271;9;0,0056;3;4;1;4;4;2;0;1;2;4
Kupplungssatz;479;18329;7;0,0044;0;2;2;2;2;0;0;0;0;2
Kupplungssatz;479;612;2;0,0012;0;2;0;1;1;0;0;0;0;0
Kupplungssatz;479;34296;1;0,0006;2;3;0;1;1;0;0;0;1;2
Kupplungssatz;479;17908;1;0,0006;0;1;0;0;0;0;0;0;0;0
Kupplungssatz;479;4570;1;0,0006;2;2;1;1;3;1;0;1;1;1
Kupplungssatz;479;137056;3;0,0019;0;3;0;2;3;0;0;1;1;2
Kupplungssatz;479;8097;3;0,0019;1;3;3;1;4;0;0;0;2;2
Kupplungssatz;479;147259;4;0,0025;0;0;0;0;1;0;0;0;0;0
Kupplungssatz;479;133981;1;0,0006;0;0;0;1;3;0;0;0;0;2
Kupplungssatz;479;134243;1;0,0006;0;2;0;2;2;0;0;0;0;3
Kupplungssatz;479;125840;5;0,0031;1;1;0;1;4;1;0;1;1;1
Kupplungssatz;479;113168;6;0,0037;1;4;2;4;3;1;0;2;2;3
Kupplungssatz;479;17333;44;0,0275;1;1;1;1;3;1;0;1;2;2
Kupplungssatz;479;4482;6;0,0037;1;1;2;2;1;1;0;1;1;1
Kupplungssatz;479;33202;1;0,0006;0;1;1;1;1;0;0;1;0;0
Kupplungssatz;479;13104;7;0,0044;6;3;5;2;4;1;0;0;5;3
Kupplungssatz;479;11369;7;0,0044;0;2;1;1;2;0;0;0;1;1
Kupplungssatz;479;16787;1;0,0006;1;1;0;1;1;0;0;1;1;0
Kupplungssatz;479;22553;23;0,0144;1;2;1;1;2;1;0;1;1;1
Kupplungssatz;479;353;3;0,0019;1;2;1;0;1;0;0;0;1;2
Kupplungssatz;479;20623;31;0,0194;1;1;1;0;3;1;0;2;1;1
Kupplungssatz;479;10023;4;0,0025;0;1;1;1;1;2;0;1;0;0
Kupplungssatz;479;119840;8;0,005;2;2;0;2;3;2;0;0;2;2
Kupplungssatz;479;1810;2;0,0012;1;2;2;1;5;1;0;0;1;1
Kupplungssatz;479;137732;9;0,0056;0;3;0;1;4;1;0;2;0;2
Kupplungssatz;479;44;2;0,0012;1;1;1;1;2;0;0;0;1;1
Kupplungssatz;479;119332;4;0,0025;0;0;1;0;1;1;0;1;0;0
Kupplungssatz;479;18048;11;0,0069;0;6;2;2;3;0;0;0;4;3
Kupplungssatz;479;27316;1;0,0006;1;0;3;0;2;1;0;2;0;3
Kupplungssatz;479;5218;1;0,0006;0;1;1;1;1;1;0;0;1;0
Kupplungssatz;479;1792;1;0,0006;1;1;1;1;1;0;0;0;1;1
Kupplungssatz;479;7780;1;0,0006;0;1;0;1;0;0;0;0;0;0
Kupplungssatz;479;117717;6;0,0037;0;2;0;3;3;0;0;0;0;1
Kupplungssatz;479;59341;5;0,0031;1;5;1;4;6;1;0;2;2;2
Kupplungssatz;479;4288;1;0,0006;1;1;1;1;1;0;0;1;1;0
Kupplungssatz;479;123360;11;0,0069;0;5;1;3;3;0;0;2;0;8
Kupplungssatz;479;18419;3;0,0019;0;1;1;1;1;0;0;0;1;1
Kupplungssatz;479;122450;3;0,0019;1;3;1;3;2;0;0;1;0;8
Kupplungssatz;479;158044;1;0,0006;0;0;0;0;1;0;0;0;2;4
Kupplungssatz;479;3603;1;0,0006;1;3;2;2;3;2;0;1;2;2
Kupplungssatz;479;3784;91;0,0568;1;4;0;1;6;1;0;0;1;1
Kupplungssatz;479;15331;55;0,0344;1;2;4;2;3;0;0;2;3;7
Kupplungssatz;479;145875;1;0,0006;0;0;3;0;2;0;0;0;0;1
Kupplungssatz;479;10826;25;0,0156;0;4;2;3;3;0;0;0;0;3
Kupplungssatz;479;19861;156;0,0974;2;2;3;2;2;1;0;2;2;3
Kupplungssatz;479;16273;3;0,0019;1;1;1;4;1;1;0;0;0;1
Kupplungssatz;479;16881;7;0,0044;0;1;0;1;0;0;0;0;0;1
Kupplungssatz;479;17844;123;0,0768;1;4;3;2;3;1;0;2;3;5
Kupplungssatz;479;134392;2;0,0012;0;2;0;1;2;0;0;0;0;2
Kupplungssatz;479;114884;6;0,0037;0;4;0;1;0;0;0;0;0;1
Kupplungssatz;479;59569;5;0,0031;0;1;2;1;1;0;0;0;0;1
Kupplungssatz;479;15356;3;0,0019;3;3;3;3;3;1;0;3;3;6
Kupplungssatz;479;34986;1;0,0006;0;0;1;0;0;0;0;0;0;1
Kupplungssatz;479;28286;3;0,0019;0;1;1;0;1;0;0;0;0;1
Kupplungssatz;479;126924;5;0,0031;0;0;0;0;1;0;0;0;0;0
Kupplungssatz;479;24502;4;0,0025;4;4;3;3;4;1;0;0;3;6
Kupplungssatz;479;24240;23;0,0144;1;1;1;1;3;0;0;1;1;1
Kupplungssatz;479;150673;1;0,0006;0;1;0;1;1;0;0;0;0;0
Kupplungssatz;479;129098;1;0,0006;1;0;0;0;0;0;0;0;0;0
Kupplungssatz;479;118598;1;0,0006;2;2;2;2;1;0;0;0;3;3
Kupplungssatz;479;16595;6;0,0037;0;2;0;0;2;0;0;0;2;3
Kupplungssatz;479;31672;18;0,0112;3;2;2;2;2;0;0;1;3;2
Kupplungssatz;479;21804;50;0,0312;4;3;7;3;12;0;0;3;3;6
Kupplungssatz;479;8994;19;0,0119;1;2;3;2;4;2;0;1;2;3
Kupplungssatz;479;59476;3;0,0019;0;1;0;1;2;0;0;0;1;2
Kupplungssatz;479;5661;4;0,0025;0;1;1;1;1;0;0;0;1;1
Kupplungssatz;479;10924;1;0,0006;1;1;1;1;2;1;0;1;1;1
Kupplungssatz;479;7621;7;0,0044;3;3;3;2;5;0;0;1;3;3
Kupplungssatz;479;120608;1;0,0006;0;2;1;2;3;0;0;0;4;3
Kupplungssatz;479;136112;1;0,0006;0;2;0;0;0;0;0;0;0;2
Kupplungssatz;479;32001;2;0,0012;1;1;1;2;1;2;0;0;1;1
Kupplungssatz;479;5978;1;0,0006;1;1;2;0;1;0;0;0;1;1
Kupplungssatz;479;12060;1;0,0006;1;1;1;1;1;0;0;0;1;1
Kupplungssatz;479;303;1;0,0006;2;1;1;2;3;0;0;0;2;1
Kupplungssatz;479;57548;3;0,0019;2;2;2;1;2;0;0;1;3;2
Kupplungssatz;479;34303;1;0,0006;2;4;1;1;4;0;0;0;3;4
Kupplungssatz;479;4631;2;0,0012;3;3;1;2;2;0;0;0;1;2
Kupplungssatz;479;128193;4;0,0025;0;2;2;1;0;0;0;0;0;1
Kupplungssatz;479;34989;1;0,0006;1;1;2;1;3;0;0;0;0;3
Kupplungssatz;479;120328;3;0,0019;1;2;0;0;0;0;0;0;2;2
Kupplungssatz;479;134073;1;0,0006;1;0;1;0;0;0;0;0;0;0
Kupplungssatz;479;8987;15;0,0094;1;1;1;1;2;1;0;1;1;1
Kupplungssatz;479;13909;4;0,0025;1;3;2;3;1;0;0;1;1;3
Kupplungssatz;479;122458;8;0,005;3;3;2;3;3;0;0;2;3;4
Kupplungssatz;479;8316;14;0,0087;0;4;1;1;2;0;0;0;1;1
Kupplungssatz;479;107872;6;0,0037;3;2;0;3;4;0;0;2;2;3
Kupplungssatz;479;101086;1;0,0006;0;0;1;0;0;0;0;0;0;0
Kupplungssatz;479;107794;4;0,0025;0;2;0;2;0;0;0;0;0;2
Kupplungssatz;479;23166;33;0,0206;1;1;2;1;2;1;0;1;1;2
Kupplungssatz;479;31355;1;0,0006;0;2;1;2;2;0;0;1;0;1
Kupplungssatz;479;108011;14;0,0087;2;1;1;1;2;0;0;1;1;1
Kupplungssatz;479;5578;1;0,0006;1;1;1;1;2;1;0;1;1;0
Kupplungssatz;479;1660;5;0,0031;1;1;1;0;2;0;0;0;1;1
Kupplungssatz;479;12146;1;0,0006;0;2;0;2;0;0;0;1;0;0
Kupplungssatz;479;123531;12;0,0075;2;2;0;2;1;0;0;0;0;2
Kupplungssatz;479;136107;3;0,0019;0;6;0;4;0;0;0;0;0;2
Kupplungssatz;479;29602;7;0,0044;1;2;1;2;3;0;0;1;2;2
Kupplungssatz;479;31114;2;0,0012;1;3;2;1;4;0;0;0;1;1
Kupplungssatz;479;130752;4;0,0025;0;1;0;0;2;0;0;0;0;2
Kupplungssatz;479;28515;18;0,0112;2;4;4;8;4;2;0;0;3;2
Kupplungssatz;479;120260;21;0,0131;1;2;1;0;0;0;0;0;2;2
Kupplungssatz;479;9040;235;0,1468;1;1;1;1;4;1;0;1;1;1
Kupplungssatz;479;17450;8;0,005;0;1;1;1;1;1;0;0;1;1
Kupplungssatz;479;114567;1;0,0006;1;1;1;1;1;1;0;1;0;0
Kupplungssatz;479;117078;1;0,0006;0;3;0;3;0;0;0;0;0;2
Kupplungssatz;479;14895;10;0,0062;1;1;1;1;1;1;0;1;1;1
Kupplungssatz;479;15529;23;0,0144;2;3;0;3;3;0;0;0;3;2
Kupplungssatz;479;32037;1;0,0006;3;5;2;4;4;1;0;0;5;3
Kupplungssatz;479;55337;1;0,0006;3;2;1;2;2;0;0;0;2;1
Kupplungssatz;479;19120;34;0,0212;6;6;5;6;7;0;0;0;7;6
Kupplungssatz;479;1;78;0,0487;1;2;3;2;4;1;0;2;3;3
Kupplungssatz;479;5302;2;0,0012;2;2;3;2;5;1;0;0;3;5
Kupplungssatz;479;118012;3;0,0019;2;2;4;2;1;0;0;0;3;3
Kupplungssatz;479;16171;15;0,0094;3;1;3;3;5;3;0;2;2;2
Kupplungssatz;479;33008;1;0,0006;1;1;1;1;0;0;0;0;0;1
Kupplungssatz;479;32033;3;0,0019;1;2;1;1;4;1;0;1;2;1
Kupplungssatz;479;23292;26;0,0162;1;1;2;1;2;1;0;2;1;2
Kupplungssatz;479;124975;2;0,0012;4;3;3;2;4;1;0;1;3;0
Kupplungssatz;479;15668;4;0,0025;0;0;0;0;2;1;0;0;0;2
Kupplungssatz;479;8399;3;0,0019;2;3;2;1;4;0;0;0;1;2
Kupplungssatz;479;6939;1;0,0006;1;2;1;3;2;0;0;0;2;2
Kupplungssatz;479;33393;3;0,0019;0;2;1;2;3;0;0;1;1;3
Kupplungssatz;479;28483;1;0,0006;1;2;0;0;2;0;0;0;0;0
Kupplungssatz;479;18431;29;0,0181;1;2;1;1;4;1;0;1;2;1
Kupplungssatz;479;115232;2;0,0012;0;3;0;2;3;0;0;2;2;2
Kupplungssatz;479;11523;8;0,005;0;0;0;0;1;0;0;0;0;1
Kupplungssatz;479;20696;19;0,0119;1;1;0;1;1;0;0;0;0;1
Kupplungssatz;479;23453;54;0,0337;1;6;2;2;2;0;0;0;1;1
Kupplungssatz;479;22540;11;0,0069;1;2;1;1;2;1;0;1;1;2
Kupplungssatz;479;5931;2;0,0012;1;2;0;1;3;1;0;0;2;0
Kupplungssatz;479;14164;2;0,0012;1;0;2;1;0;0;0;0;1;0
Kupplungssatz;479;31012;9;0,0056;1;2;0;2;2;0;0;0;2;4
Kupplungssatz;479;16461;4;0,0025;0;0;0;0;2;0;0;0;0;1
Kupplungssatz;479;15491;4;0,0025;3;6;3;4;6;0;0;0;5;6
Kupplungssatz;479;8963;18;0,0112;0;2;2;1;3;0;0;0;1;1
Kupplungssatz;479;58902;6;0,0037;1;1;0;1;0;0;0;1;0;1
Kupplungssatz;479;107419;25;0,0156;1;1;1;1;5;1;0;1;1;2
Kupplungssatz;479;15421;16;0,01;0;2;0;1;2;0;0;0;1;1
Kupplungssatz;479;131583;1;0,0006;1;3;1;0;2;0;0;0;0;0
Kupplungssatz;479;15823;2;0,0012;1;1;1;1;2;1;0;0;1;0
Kupplungssatz;479;59370;17;0,0106;3;2;0;3;2;0;0;2;2;3
Kupplungssatz;479;144761;1;0,0006;0;1;2;0;1;0;0;0;0;1
Kupplungssatz;479;16689;6;0,0037;1;2;1;2;1;2;0;2;2;2
Kupplungssatz;479;843;4;0,0025;2;1;1;3;1;0;0;0;0;0
Kupplungssatz;479;33130;29;0,0181;2;1;0;4;2;1;0;1;1;0
Kupplungssatz;479;5267;6;0,0037;2;4;2;1;3;1;0;1;2;1
Kupplungssatz;479;108253;31;0,0194;2;5;2;3;4;0;0;2;4;10
Kupplungssatz;479;16846;2;0,0012;1;3;1;3;3;0;0;0;0;1
Kupplungssatz;479;28;4;0,0025;3;3;1;1;4;0;0;0;1;1
Kupplungssatz;479;23060;51;0,0319;2;2;2;2;2;0;0;2;2;3
Kupplungssatz;479;23053;11;0,0069;8;7;5;12;5;3;0;3;5;2
Kupplungssatz;479;106611;8;0,005;0;4;4;3;3;1;0;4;3;4
Kupplungssatz;479;7931;7;0,0044;0;1;1;0;0;0;0;0;1;2
Kupplungssatz;479;55107;7;0,0044;0;1;0;1;1;0;0;0;0;1
Kupplungssatz;479;3386;3;0,0019;1;1;1;2;0;2;0;2;1;1
Kupplungssatz;479;50842;10;0,0062;2;1;1;2;0;0;0;2;1;1
Kupplungssatz;479;22665;7;0,0044;2;1;1;2;2;0;0;0;1;1
Kupplungssatz;479;23652;1;0,0006;0;0;0;0;1;0;0;0;0;0
Kupplungssatz;479;128491;2;0,0012;2;2;2;0;3;0;0;2;0;0
Kupplungssatz;479;19972;8;0,005;6;7;8;6;11;1;0;4;7;8
Kupplungssatz;479;23456;18;0,0112;6;3;3;3;3;2;0;3;3;5
Kupplungssatz;479;416;2;0,0012;0;2;2;0;0;0;0;0;0;3
Kupplungssatz;479;100061;18;0,0112;0;1;1;1;1;0;0;0;0;1
Kupplungssatz;479;15955;1;0,0006;1;1;1;1;1;0;0;0;0;0
Kupplungssatz;479;56901;1;0,0006;0;3;3;2;5;0;0;2;2;3
Kupplungssatz;479;19023;8;0,005;2;3;2;2;5;1;0;0;6;3
Kupplungssatz;479;116637;1;0,0006;0;1;0;1;3;1;0;1;1;1
Kupplungssatz;479;10921;1;0,0006;1;0;0;1;1;2;0;1;1;0
Kupplungssatz;479;34878;1;0,0006;1;1;2;1;2;1;0;1;1;1
Kupplungssatz;479;129127;3;0,0019;2;2;1;1;3;0;0;1;0;1
Kupplungssatz;479;19407;14;0,0087;1;8;2;3;7;0;0;1;2;7
Kupplungssatz;479;134482;1;0,0006;3;3;3;0;3;1;0;0;5;0
Kupplungssatz;479;23245;1;0,0006;1;1;1;1;2;1;0;0;1;1
Kupplungssatz;479;26565;1;0,0006;2;6;0;4;4;0;0;0;2;5
Kupplungssatz;479;5205;5;0,0031;1;1;1;1;1;1;0;1;1;1
Kupplungssatz;479;18766;48;0,03;1;5;1;3;4;1;0;2;1;3
Kupplungssatz;479;28178;1;0,0006;0;2;0;2;1;0;0;0;0;2
Kupplungssatz;479;34454;1;0,0006;2;3;1;0;3;0;0;1;2;2
Kupplungssatz;479;131411;50;0,0312;0;1;0;1;3;0;0;0;0;2
Kupplungssatz;479;132646;10;0,0062;1;2;0;3;2;0;0;1;2;2
Kupplungssatz;479;145862;6;0,0037;0;3;0;2;2;0;0;0;0;3
Kupplungssatz;479;20475;5;0,0031;1;1;0;0;3;1;0;1;2;3
Kupplungssatz;479;142885;2;0,0012;1;2;1;1;2;1;0;0;1;2
Kupplungssatz;479;114334;51;0,0319;6;5;5;5;8;0;0;4;0;2
Kupplungssatz;479;56799;2;0,0012;1;5;2;2;7;1;0;2;2;2
Kupplungssatz;479;28672;4;0,0025;3;2;1;1;4;0;0;0;2;1
Kupplungssatz;479;11147;2;0,0012;1;5;1;2;2;1;0;1;2;1
Kupplungssatz;479;20239;1;0,0006;0;0;1;2;0;2;0;0;1;0
Kupplungssatz;479;53216;3;0,0019;0;2;0;1;1;0;0;0;1;1
Kupplungssatz;479;16779;3;0,0019;1;1;1;1;1;0;0;1;1;0
Kupplungssatz;479;129787;8;0,005;0;1;0;1;2;0;0;0;1;1
Kupplungssatz;479;120654;2;0,0012;2;3;2;3;4;0;0;2;3;4
Kupplungssatz;479;3387;3;0,0019;1;1;1;2;1;1;0;2;1;1
Kupplungssatz;479;32631;1;0,0006;1;3;4;2;4;0;0;0;2;2
Kupplungssatz;479;11416;1;0,0006;2;1;1;1;4;0;0;0;1;1
Kupplungssatz;479;5201;24;0,015;1;1;1;1;2;1;0;1;1;1
Kupplungssatz;479;33660;3;0,0019;0;0;0;1;2;0;0;0;0;0
Kupplungssatz;479;5278;58;0,0362;2;1;1;1;3;1;0;0;1;2
Kupplungssatz;479;17671;31;0,0194;1;1;1;1;0;1;0;1;1;1
Kupplungssatz;479;10004;10;0,0062;2;6;6;4;9;1;0;1;5;5
Kupplungssatz;479;12754;19;0,0119;2;3;2;1;2;0;0;1;2;2
Kupplungssatz;479;13949;5;0,0031;3;6;4;3;5;0;0;1;7;5
Kupplungssatz;479;16212;4;0,0025;1;2;2;0;2;2;0;0;0;3
Kupplungssatz;479;111765;16;0,01;3;3;2;3;6;0;0;2;5;4
Kupplungssatz;479;13953;2;0,0012;1;3;2;3;3;1;0;1;1;3
Kupplungssatz;479;18181;1;0,0006;2;0;1;1;0;2;0;1;0;0
Kupplungssatz;479;33350;23;0,0144;1;3;2;2;4;0;0;1;4;4
Kupplungssatz;479;34460;1;0,0006;2;3;0;1;2;0;0;0;1;2
Kupplungssatz;479;133864;19;0,0119;0;5;2;3;3;0;0;0;1;4
Kupplungssatz;479;61;7;0,0044;2;2;1;2;3;0;0;0;2;1
Kupplungssatz;479;107510;1;0,0006;0;3;0;2;0;0;0;0;0;0
Kupplungssatz;479;2017;2;0,0012;1;1;0;1;3;0;0;0;1;1
Kupplungssatz;479;16317;98;0,0612;2;1;1;1;2;1;0;1;1;1
Kupplungssatz;479;31585;4;0,0025;2;2;0;2;2;0;0;0;0;3
Kupplungssatz;479;27976;6;0,0037;1;1;1;1;5;1;0;1;2;2
Kupplungssatz;479;19034;16;0,01;2;2;2;2;4;2;0;2;2;4
Kupplungssatz;479;17972;1;0,0006;0;2;1;1;2;1;0;1;1;2
Kupplungssatz;479;113451;1;0,0006;0;1;0;1;0;0;0;0;0;2
Kupplungssatz;479;32809;1;0,0006;2;2;1;2;3;1;0;0;1;3
Kupplungssatz;479;34997;8;0,005;0;5;3;4;4;0;0;0;0;1
Kupplungssatz;479;117732;3;0,0019;0;3;2;2;3;0;0;1;2;3
Kupplungssatz;479;139714;1;0,0006;0;4;2;2;1;0;0;0;1;2
Kupplungssatz;479;25110;1;0,0006;3;3;3;3;3;1;0;1;3;2
Kupplungssatz;479;106480;3;0,0019;0;1;2;1;6;0;0;0;0;2
Kupplungssatz;479;59310;1;0,0006;1;1;1;2;3;1;0;0;0;3
Kupplungssatz;479;56036;1;0,0006;1;0;1;1;1;0;0;0;1;3
Kupplungssatz;479;16100;2;0,0012;2;2;2;3;1;0;0;0;3;2
Kupplungssatz;479;106419;2;0,0012;2;2;2;2;5;0;0;2;2;2
Kupplungssatz;479;2550;4;0,0025;1;0;0;0;3;1;0;0;0;0
Kupplungssatz;479;26614;7;0,0044;1;2;6;1;9;3;0;1;2;5
Kupplungssatz;479;18262;23;0,0144;2;4;0;2;4;0;0;0;2;3
Kupplungssatz;479;28273;4;0,0025;1;0;0;1;0;0;0;1;0;0
Kupplungssatz;479;1956;5;0,0031;1;1;1;1;4;1;0;0;1;1
Kupplungssatz;479;19352;37;0,0231;1;3;6;2;9;3;0;2;4;5
Kupplungssatz;479;15714;2;0,0012;2;3;2;3;3;1;0;1;3;1
Kupplungssatz;479;127061;4;0,0025;1;1;1;1;0;0;0;1;1;1
Kupplungssatz;479;1032;1;0,0006;2;2;1;1;1;0;0;0;1;1
Kupplungssatz;479;117722;7;0,0044;1;1;0;2;2;1;0;0;1;2
Kupplungssatz;479;18280;5;0,0031;1;1;1;1;3;1;0;1;1;1
Kupplungssatz;479;24539;12;0,0075;0;0;0;0;1;1;0;0;0;3
Kupplungssatz;479;10052;19;0,0119;1;1;1;1;2;0;0;0;1;1
Kupplungssatz;479;4710;8;0,005;1;1;1;1;3;1;0;1;1;2
Kupplungssatz;479;29944;1;0,0006;1;1;1;1;2;0;0;0;1;1
Kupplungssatz;479;4129;1;0,0006;2;1;1;1;1;4;0;0;1;1
Kupplungssatz;479;1993;1;0,0006;2;1;0;1;4;0;0;0;1;1
Kupplungssatz;479;116681;1;0,0006;1;3;1;2;1;0;0;0;2;2
Kupplungssatz;479;11852;3;0,0019;1;1;2;1;4;0;0;0;1;1
Kupplungssatz;479;34765;11;0,0069;7;4;1;3;6;3;0;3;5;4
Kupplungssatz;479;27539;4;0,0025;1;3;0;1;1;0;0;0;1;3
Kupplungssatz;479;2974;2;0,0012;0;0;0;0;0;0;0;0;0;2
Kupplungssatz;479;138286;12;0,0075;0;1;0;1;0;0;0;0;0;2
Kupplungssatz;479;10160;14;0,0087;1;1;1;1;1;0;0;1;1;0
Kupplungssatz;479;22955;37;0,0231;3;2;2;2;2;0;0;1;3;2
Kupplungssatz;479;127689;46;0,0287;0;3;2;3;3;0;0;0;3;5
Kupplungssatz;479;33299;17;0,0106;0;3;0;3;3;0;0;1;2;2
Kupplungssatz;479;23450;3;0,0019;1;1;0;1;1;0;0;0;0;2
Kupplungssatz;479;1623;5;0,0031;1;2;2;1;0;1;0;1;0;1
Kupplungssatz;479;1781;1;0,0006;0;1;0;0;1;0;0;0;1;2
Kupplungssatz;479;33298;28;0,0175;2;3;1;1;3;1;0;0;2;1
Kupplungssatz;479;10981;5;0,0031;2;1;0;5;2;1;0;1;1;0
Kupplungssatz;479;120075;5;0,0031;1;2;1;2;4;1;0;1;1;3
Kupplungssatz;479;11117;4;0,0025;1;1;1;1;2;0;0;0;1;1
Kupplungssatz;479;17165;4;0,0025;1;7;2;0;7;0;0;0;2;2
Kupplungssatz;479;115121;105;0,0656;1;2;2;1;2;0;0;1;0;2
Kupplungssatz;479;31542;3;0,0019;0;2;0;2;3;0;0;1;0;1
Kupplungssatz;479;782;1;0,0006;0;1;0;1;0;0;0;0;2;0
Kupplungssatz;479;124116;29;0,0181;1;0;1;1;0;0;0;0;0;0
Kupplungssatz;479;17194;10;0,0062;2;1;1;3;1;2;0;1;0;1
Kupplungssatz;479;32884;3;0,0019;0;3;1;3;3;0;0;0;0;2
Kupplungssatz;479;30008;11;0,0069;2;4;0;1;1;0;0;0;0;2
Kupplungssatz;479;136160;4;0,0025;1;2;1;1;2;1;0;1;0;2
Kupplungssatz;479;29482;1;0,0006;2;0;0;2;0;1;0;0;0;0
Kupplungssatz;479;12059;2;0,0012;3;3;2;1;3;2;0;2;3;3
Kupplungssatz;479;6857;1;0,0006;0;0;0;0;0;0;0;0;0;0
Kupplungssatz;479;7991;2;0,0012;3;4;2;3;5;0;0;2;5;3
Kupplungssatz;479;13734;2;0,0012;2;3;2;3;3;1;0;1;2;6
Kupplungssatz;479;23386;57;0,0356;1;3;1;1;4;1;0;1;2;1
Kupplungssatz;479;5228;1;0,0006;1;1;2;1;1;1;0;0;1;1
Kupplungssatz;479;4618;9;0,0056;0;3;6;1;2;0;0;0;3;3
Kupplungssatz;479;9737;17;0,0106;0;2;2;2;4;0;0;2;3;3
Kupplungssatz;479;18585;7;0,0044;1;1;1;1;1;1;0;1;1;1
Kupplungssatz;479;129081;4;0,0025;0;2;1;2;3;0;0;2;0;2
Kupplungssatz;479;4843;1;0,0006;1;1;0;1;4;1;0;0;3;2
Kupplungssatz;479;56;20;0,0125;1;2;0;2;0;0;0;0;0;0
Kupplungssatz;479;11842;3;0,0019;1;1;0;2;1;0;0;0;1;1
Kupplungssatz;479;17754;1;0,0006;1;1;1;1;1;1;0;1;1;0
Kupplungssatz;479;16368;1;0,0006;2;1;1;2;2;3;0;1;1;1
Kupplungssatz;479;4230;1;0,0006;1;0;0;1;0;2;0;0;0;0
Kupplungssatz;479;18844;1;0,0006;1;1;1;2;0;2;0;2;1;1
Kupplungssatz;479;59248;1;0,0006;0;1;2;1;1;0;0;0;0;0
Kupplungssatz;479;10915;38;0,0237;1;2;3;2;4;0;0;2;3;3
Kupplungssatz;479;33556;7;0,0044;0;1;3;1;1;2;0;1;0;1
Kupplungssatz;479;16335;15;0,0094;1;3;0;1;7;1;0;1;2;4
Kupplungssatz;479;11894;4;0,0025;2;3;3;3;4;0;0;1;5;5
Kupplungssatz;479;1760;3;0,0019;0;3;0;0;1;0;0;0;1;1
Kupplungssatz;479;33929;14;0,0087;1;2;1;1;3;1;0;1;1;1
Kupplungssatz;479;4221;1;0,0006;1;0;0;1;1;1;0;0;0;0
Kupplungssatz;479;137846;4;0,0025;0;2;0;1;0;0;0;0;0;1
Kupplungssatz;479;59076;23;0,0144;1;2;0;1;2;0;0;0;2;1
Kupplungssatz;479;20103;4;0,0025;3;2;3;2;2;1;0;1;2;4
Kupplungssatz;479;23510;1;0,0006;3;1;0;0;1;0;0;0;0;0
Kupplungssatz;479;8666;2;0,0012;1;2;2;1;0;1;0;1;1;1
Kupplungssatz;479;5219;15;0,0094;1;2;2;2;3;1;0;0;2;1
Kupplungssatz;479;120803;1;0,0006;1;1;1;2;4;0;0;1;1;1
Kupplungssatz;479;34739;1;0,0006;0;4;0;0;2;0;0;0;2;1
Kupplungssatz;479;120208;41;0,0256;2;3;1;2;4;0;0;1;1;2
Kupplungssatz;479;32254;8;0,005;1;3;3;4;6;0;0;3;5;3
Kupplungssatz;479;17452;5;0,0031;1;2;0;1;5;1;0;1;2;2
Kupplungssatz;479;982;3;0,0019;1;1;0;1;3;1;0;0;1;1
Kupplungssatz;479;11130;43;0,0269;1;2;1;1;1;0;0;0;1;1
Kupplungssatz;479;12520;5;0,0031;1;1;1;1;1;0;0;0;1;2
Kupplungssatz;479;4575;3;0,0019;1;1;0;1;1;1;0;0;1;0
Kupplungssatz;479;3572444;2;0,0012;0;0;0;0;0;0;0;0;0;0
Kupplungssatz;479;57428;1;0,0006;2;2;2;3;2;0;0;0;2;2
Kupplungssatz;479;117554;1;0,0006;0;2;0;2;0;0;0;0;0;2
Kupplungssatz;479;15801;1;0,0006;1;1;0;1;0;0;0;1;1;1
Kupplungssatz;479;18063;2;0,0012;0;0;1;1;1;1;0;0;0;0
Kupplungssatz;479;7743;2;0,0012;1;3;1;1;4;0;0;0;2;1
Kupplungssatz;479;33323;2;0,0012;1;1;1;1;3;1;0;1;1;2
Kupplungssatz;479;8915;1;0,0006;1;2;1;1;2;0;0;0;2;2
Kupplungssatz;479;140405;1;0,0006;0;0;0;1;3;0;0;0;0;5
Kupplungssatz;479;17747;19;0,0119;2;2;0;1;2;2;0;2;2;2
Kupplungssatz;479;865;3;0,0019;0;2;1;0;0;0;0;0;0;0
Kupplungssatz;479;18638;6;0,0037;1;3;1;1;7;1;0;1;2;2
Kupplungssatz;479;1838;40;0,025;1;1;2;1;1;0;0;0;1;1
Kupplungssatz;479;8433;2;0,0012;2;4;7;3;7;1;0;1;4;5
Kupplungssatz;479;7713;2;0,0012;2;6;6;6;9;2;0;3;6;7
Kupplungssatz;479;141863;1;0,0006;0;1;2;0;1;0;0;0;0;1
Kupplungssatz;479;52436;1;0,0006;3;2;3;2;3;1;0;1;2;0
Kupplungssatz;479;17994;3;0,0019;5;5;5;3;5;1;0;0;6;3
Kupplungssatz;479;118002;3;0,0019;0;1;3;1;4;0;0;0;4;3
Kupplungssatz;479;11030;1;0,0006;0;2;0;0;3;0;0;0;0;0
Kupplungssatz;479;8226;1;0,0006;1;1;1;1;2;0;0;0;1;1
Kupplungssatz;479;867;1;0,0006;0;2;2;0;0;0;0;0;0;3
Kupplungssatz;479;111849;1;0,0006;0;1;0;0;0;0;0;0;0;1
Kupplungssatz;479;10618;84;0,0525;1;2;1;2;2;2;0;1;1;3
Kupplungssatz;479;10210;32;0,02;3;3;2;3;3;0;0;0;0;3
Kupplungssatz;479;106453;17;0,0106;0;1;0;1;1;0;0;0;0;1
Kupplungssatz;479;3473;1;0,0006;2;0;1;2;2;2;0;0;1;1
Kupplungssatz;479;11400;1;0,0006;0;2;2;1;3;0;0;0;1;1
Kupplungssatz;479;121636;4;0,0025;1;0;1;0;3;0;0;0;0;0
Kupplungssatz;479;20569;1;0,0006;1;3;3;0;6;2;0;1;0;0
Kupplungssatz;479;146417;6;0,0037;1;2;1;0;0;0;0;0;0;2
Kupplungssatz;479;133206;1;0,0006;3;4;3;4;5;1;0;0;0;0
Kupplungssatz;479;8320;2;0,0012;0;4;0;2;3;0;0;0;2;2
Kupplungssatz;479;18523;78;0,0487;7;7;7;6;11;2;0;3;8;7
Kupplungssatz;479;134658;2;0,0012;2;3;2;2;5;1;0;2;2;2
Kupplungssatz;479;19673;4;0,0025;1;3;1;3;3;0;0;0;0;2
Kupplungssatz;479;57166;5;0,0031;0;1;0;1;2;0;0;0;1;0
Kupplungssatz;479;800801;1;0,0006;0;0;0;0;0;0;0;0;0;0
Kupplungssatz;479;19564;1;0,0006;2;3;0;2;2;0;0;0;2;2
Kupplungssatz;479;18667;1;0,0006;2;3;4;1;9;1;0;2;3;3
Kupplungssatz;479;16764;1;0,0006;1;1;1;1;5;1;0;1;1;1
Kupplungssatz;479;19217;1;0,0006;1;1;1;1;2;1;0;0;0;0
Kupplungssatz;479;5292;14;0,0087;1;1;1;1;1;0;0;0;1;1
Kupplungssatz;479;7857;7;0,0044;1;1;1;1;1;2;0;1;1;1
Kupplungssatz;479;142470;1;0,0006;0;1;0;1;5;0;0;0;0;2
Kupplungssatz;479;28153;3;0,0019;1;1;0;1;0;1;0;1;0;1
Kupplungssatz;479;9985;2;0,0012;3;4;4;2;4;0;0;1;2;7
Kupplungssatz;479;153507;1;0,0006;2;0;0;1;0;0;0;0;0;1
Kupplungssatz;479;5598;11;0,0069;1;1;1;2;1;4;0;1;1;1
Kupplungssatz;479;9036;2;0,0012;0;2;1;1;1;0;0;0;1;1
Kupplungssatz;479;18232;71;0,0443;1;2;1;1;6;1;0;0;0;3
Kupplungssatz;479;55792;1;0,0006;0;1;0;0;0;0;0;0;0;0
Kupplungssatz;479;33716;43;0,0269;4;4;2;2;3;2;0;1;3;2
Kupplungssatz;479;142774;1;0,0006;0;0;0;0;1;0;0;0;0;0
Kupplungssatz;479;30884;12;0,0075;5;2;1;2;2;2;0;1;0;1
Kupplungssatz;479;32675;2;0,0012;1;2;2;1;4;0;0;0;3;3
Kupplungssatz;479;5114;2;0,0012;1;1;0;1;1;0;0;0;0;1
Kupplungssatz;479;18991;4;0,0025;0;1;0;1;1;0;0;0;1;1
Kupplungssatz;479;10139;7;0,0044;1;1;1;3;0;1;0;0;1;1
Kupplungssatz;479;139153;9;0,0056;0;2;0;1;0;0;0;0;2;1
Kupplungssatz;479;56231;1;0,0006;0;0;2;0;0;0;0;0;0;1
Kupplungssatz;479;11671;20;0,0125;0;0;0;0;2;1;0;0;0;1
Kupplungssatz;479;56119;15;0,0094;0;2;1;0;0;0;0;0;0;0
Kupplungssatz;479;58612;17;0,0106;1;3;1;2;3;0;0;1;3;3
Kupplungssatz;479;10620;7;0,0044;0;1;0;1;2;2;0;0;1;1
Kupplungssatz;479;120080;5;0,0031;2;5;1;1;5;1;0;0;2;1
Kupplungssatz;479;10156;3;0,0019;0;2;0;0;1;1;0;0;0;1
Kupplungssatz;479;107350;1;0,0006;0;0;2;0;0;0;0;0;0;0
Kupplungssatz;479;122249;3;0,0019;1;2;0;1;2;1;0;1;1;1
Kupplungssatz;479;11485;12;0,0075;0;1;2;1;2;0;0;0;1;2
Kupplungssatz;479;14400;4;0,0025;0;0;0;0;0;0;0;0;0;2
Kupplungssatz;479;122436;1;0,0006;2;1;0;5;2;0;0;0;2;0
Kupplungssatz;479;8901;1;0,0006;0;2;2;2;1;0;0;0;1;2
Kupplungssatz;479;131769;10;0,0062;0;2;0;2;1;1;0;1;1;2
Kupplungssatz;479;7724;1;0,0006;1;0;1;1;1;1;0;0;0;1
Kupplungssatz;479;21315;1;0,0006;1;1;1;1;1;1;0;1;1;0
Kupplungssatz;479;120248;1;0,0006;0;1;0;0;1;0;0;0;0;1
Kupplungssatz;479;107982;1;0,0006;0;1;1;1;1;0;0;1;1;1
Kupplungssatz;479;16810;15;0,0094;1;1;2;1;2;0;0;0;1;1
Kupplungssatz;479;22650;38;0,0237;1;1;1;1;1;1;0;1;1;1
Kupplungssatz;479;11841;2;0,0012;2;2;1;4;6;0;0;0;2;2
Kupplungssatz;479;32274;13;0,0081;0;5;2;3;2;0;0;0;2;5
Kupplungssatz;479;2260;4;0,0025;1;1;0;1;4;1;0;0;1;1
Kupplungssatz;479;111758;6;0,0037;1;0;1;0;2;0;0;0;3;2
Kupplungssatz;479;110042;15;0,0094;1;2;2;1;2;0;0;1;1;2
Kupplungssatz;479;118509;2;0,0012;0;2;0;0;1;0;0;0;2;2
Kupplungssatz;479;56855;50;0,0312;1;5;1;1;7;1;0;2;1;1
Kupplungssatz;479;9292;2;0,0012;1;1;1;1;3;1;0;1;0;1
Kupplungssatz;479;150674;1;0,0006;0;0;0;0;0;0;0;0;0;0
Kupplungssatz;479;8207;16;0,01;1;1;1;1;3;1;0;1;1;2
Kupplungssatz;479;4577;1;0,0006;1;0;1;1;1;0;0;0;1;0
Kupplungssatz;479;18779;2;0,0012;2;2;2;2;4;2;0;2;2;1
Kupplungssatz;479;128814;1;0,0006;0;2;0;1;3;0;0;0;0;1
Kupplungssatz;479;14902;1;0,0006;2;2;1;10;2;4;0;1;0;1
Kupplungssatz;479;22659;1;0,0006;0;2;1;1;2;0;0;0;2;1
Kupplungssatz;479;130593;23;0,0144;0;2;0;2;2;0;0;0;0;3
Kupplungssatz;479;16095;83;0,0518;1;1;1;2;2;1;0;1;1;1
Kupplungssatz;479;28345;3;0,0019;1;2;0;1;1;1;0;0;0;1
Kupplungssatz;479;23081;4;0,0025;2;2;3;2;2;1;0;2;2;4
Kupplungssatz;479;115208;15;0,0094;2;2;3;2;5;0;0;0;2;3
Kupplungssatz;479;113756;3;0,0019;3;4;1;4;3;3;0;3;2;2
Kupplungssatz;479;15337;4;0,0025;0;2;4;2;5;2;0;1;3;3
Kupplungssatz;479;23156;8;0,005;0;3;0;2;4;0;0;0;0;2
Kupplungssatz;479;116488;3;0,0019;1;1;1;1;2;0;0;0;1;1
Kupplungssatz;479;8394;1;0,0006;1;2;2;2;5;1;0;1;2;3
Kupplungssatz;479;29950;34;0,0212;2;2;2;2;2;1;0;2;2;3
Kupplungssatz;479;9544;2;0,0012;1;1;1;1;1;0;0;1;1;0
Kupplungssatz;479;1511;4;0,0025;0;5;1;1;2;0;0;0;1;1
Kupplungssatz;479;101157;46;0,0287;1;3;1;2;4;0;0;2;1;2
Kupplungssatz;479;15451;20;0,0125;0;5;1;4;5;0;0;0;3;3
Kupplungssatz;479;33877;30;0,0187;1;3;1;1;1;1;0;0;1;1
Kupplungssatz;479;3423;1;0,0006;1;0;1;1;1;1;0;1;0;0
Kupplungssatz;479;23061;2;0,0012;7;4;1;3;6;3;0;3;5;3
Kupplungssatz;479;14618;1;0,0006;0;6;2;4;7;0;0;0;4;4
Kupplungssatz;479;8990;3;0,0019;1;1;0;1;1;0;0;0;1;3
Kupplungssatz;479;603;1;0,0006;1;2;1;1;2;1;0;0;1;1
Kupplungssatz;479;131119;10;0,0062;0;1;0;0;2;0;0;0;0;2
Kupplungssatz;479;118766;19;0,0119;0;1;2;1;2;1;0;1;1;1
Kupplungssatz;479;133157;2;0,0012;0;2;0;0;2;0;0;0;0;2
Kupplungssatz;479;17206;4;0,0025;0;1;1;0;1;0;0;0;0;1
Kupplungssatz;479;22950;3;0,0019;0;1;1;1;1;0;0;0;1;1
Kupplungssatz;479;101114;7;0,0044;4;3;6;3;4;1;0;2;3;3
Kupplungssatz;479;107438;3;0,0019;0;3;1;1;1;0;0;0;0;2
Kupplungssatz;479;32070;2;0,0012;0;2;2;2;2;0;0;0;2;4
Kupplungssatz;479;19363;6;0,0037;0;2;1;1;2;1;0;2;1;1
Kupplungssatz;479;9841;1;0,0006;0;0;0;0;0;0;0;0;0;1
Kupplungssatz;479;1560;2;0,0012;0;1;0;0;1;0;0;0;1;1
Kupplungssatz;479;8805;2;0,0012;2;1;1;1;3;0;0;0;1;1
Kupplungssatz;479;56338;4;0,0025;2;3;2;3;1;0;0;0;0;2
Kupplungssatz;479;16890;2;0,0012;3;3;0;3;4;1;0;0;2;1
Kupplungssatz;479;7915;1;0,0006;1;1;1;1;0;1;0;1;1;2
Kupplungssatz;479;113279;1;0,0006;1;1;1;1;3;1;0;1;0;1
Kupplungssatz;479;12066;19;0,0119;1;1;1;1;2;0;0;0;1;1
Kupplungssatz;479;19479;2;0,0012;0;1;1;1;1;0;0;0;1;1
Kupplungssatz;479;9331;1;0,0006;1;2;1;1;4;1;0;1;1;1
Kupplungssatz;479;28222;14;0,0087;0;2;1;2;2;0;0;0;2;3
Kupplungssatz;479;59406;7;0,0044;0;1;0;1;0;0;0;0;0;2
Kupplungssatz;479;13007;1;0,0006;0;1;0;1;2;1;0;1;0;0
Kupplungssatz;479;11222;2;0,0012;1;1;0;0;2;1;0;1;0;2
Kupplungssatz;479;145732;2;0,0012;0;2;0;0;0;0;0;0;0;0
Kupplungssatz;479;145847;1;0,0006;0;0;0;0;0;0;0;0;0;1
Kupplungssatz;479;10416;18;0,0112;0;1;0;1;1;0;0;0;0;1
Kupplungssatz;479;142257;1;0,0006;0;2;0;1;1;0;0;0;0;1
Kupplungssatz;479;139715;2;0,0012;0;5;0;4;2;0;0;0;0;5
Kupplungssatz;479;17698;61;0,0381;1;1;1;1;0;1;0;1;1;2
Kupplungssatz;479;14370;3;0,0019;2;2;0;1;2;0;0;0;0;2
Kupplungssatz;479;30091;9;0,0056;1;2;1;1;3;1;0;1;0;2
Kupplungssatz;479;116792;4;0,0025;1;2;0;2;1;0;0;0;2;2
Kupplungssatz;479;105905;29;0,0181;2;3;2;3;4;0;0;2;3;4
Kupplungssatz;479;118765;2;0,0012;0;1;2;1;2;1;0;1;1;1
Kupplungssatz;479;28350;1;0,0006;1;0;1;1;0;0;0;1;0;0
Kupplungssatz;479;138957;4;0,0025;0;1;0;1;3;1;0;1;1;1
Kupplungssatz;479;6074;1;0,0006;0;0;2;1;2;0;0;0;2;2
Kupplungssatz;479;34566;1;0,0006;1;2;1;0;2;0;0;0;0;0
Kupplungssatz;479;4078;1;0,0006;1;1;1;1;2;1;0;0;1;1
Kupplungssatz;479;15607;1;0,0006;0;2;0;1;1;0;0;0;0;1
Kupplungssatz;479;106417;4;0,0025;0;2;0;1;3;0;0;1;1;1
Kupplungssatz;479;10209;6;0,0037;3;3;2;3;3;0;0;0;0;3
Kupplungssatz;479;17970;107;0,0668;4;4;5;3;14;2;0;2;6;7
Kupplungssatz;479;107440;5;0,0031;0;3;1;1;2;0;0;0;0;2
Kupplungssatz;479;18040;215;0,1343;3;3;1;2;1;2;0;1;1;1
Kupplungssatz;479;115221;4;0,0025;0;2;0;3;0;0;0;0;0;2
Kupplungssatz;479;26598;2;0,0012;1;1;0;1;0;0;0;1;1;1
Kupplungssatz;479;18432;25;0,0156;1;3;2;1;3;1;0;1;2;2
Kupplungssatz;479;15238;1;0,0006;0;1;1;1;1;1;0;0;1;1
Kupplungssatz;479;115122;11;0,0069;1;2;2;1;2;0;0;1;1;2
Kupplungssatz;479;119839;24;0,015;0;5;0;3;3;1;0;0;0;2
Kupplungssatz;479;16673;9;0,0056;2;3;2;1;3;1;0;1;2;2
Kupplungssatz;479;6304;2;0,0012;1;1;1;1;1;0;0;0;1;1
Kupplungssatz;479;33337;1;0,0006;2;2;4;2;2;1;0;2;2;2
Kupplungssatz;479;19329;4;0,0025;0;1;1;0;2;1;0;1;1;1
Kupplungssatz;479;131829;1;0,0006;0;1;0;0;4;0;0;0;0;2
Kupplungssatz;479;59250;1;0,0006;0;1;0;1;1;0;0;0;0;0
Kupplungssatz;479;136956;9;0,0056;0;1;0;1;2;0;0;0;0;3
Kupplungssatz;479;2862;5;0,0031;3;7;1;2;4;1;0;1;4;6
Kupplungssatz;479;20709;8;0,005;2;2;2;6;0;1;0;1;2;1
Kupplungssatz;479;19211;1;0,0006;1;0;1;1;2;2;0;0;1;1
Kupplungssatz;479;16678;14;0,0087;1;2;1;1;3;1;0;1;2;2
Kupplungssatz;479;15536;2;0,0012;2;4;0;2;4;0;0;0;3;2
Kupplungssatz;479;15783;1;0,0006;1;2;4;1;3;0;0;0;2;2
Kupplungssatz;479;10499;3;0,0019;1;2;0;1;1;1;0;0;1;1
Kupplungssatz;479;27221;1;0,0006;0;1;0;0;0;0;0;0;0;1
Kupplungssatz;479;19382;4;0,0025;0;1;0;1;0;0;0;0;0;1
Kupplungssatz;479;137265;2;0,0012;0;2;1;1;2;0;0;0;2;2
Kupplungssatz;479;106508;4;0,0025;0;1;1;1;1;0;0;0;0;1
Kupplungssatz;479;1884;2;0,0012;0;2;0;1;3;0;0;0;2;3
Kupplungssatz;479;118645;1;0,0006;0;1;1;1;3;0;0;0;4;2
Kupplungssatz;479;11187;2;0,0012;1;1;0;0;0;0;0;0;1;1
Kupplungssatz;479;1500;31;0,0194;2;4;1;1;4;2;0;1;2;5
Kupplungssatz;479;32092;42;0,0262;1;3;2;3;3;1;0;1;1;3
Kupplungssatz;479;11090;2;0,0012;1;1;0;1;1;0;0;0;0;1
Kupplungssatz;479;18034;146;0,0912;1;3;2;2;2;2;0;2;2;2
Kupplungssatz;479;7241;17;0,0106;0;1;0;3;4;3;0;0;2;3
Kupplungssatz;479;10960;12;0,0075;2;4;7;2;4;0;0;0;4;4
Kupplungssatz;479;29567;65;0,0406;2;6;4;6;4;0;0;3;2;2
Kupplungssatz;479;55127;23;0,0144;0;2;1;1;3;0;0;1;1;3
Kupplungssatz;479;55595;1;0,0006;0;2;2;2;1;1;0;1;1;1
Kupplungssatz;479;33775;4;0,0025;0;1;0;0;1;0;0;0;1;1
Kupplungssatz;479;24195;1;0,0006;1;3;0;3;3;1;0;2;2;3
Kupplungssatz;479;3270;1;0,0006;1;1;1;1;2;2;0;1;1;1
Kupplungssatz;479;8417;1;0,0006;0;0;0;0;0;0;0;0;0;0
Kupplungssatz;479;19605;63;0,0393;1;3;1;1;1;1;0;1;1;0
Kupplungssatz;479;1899;1;0,0006;3;2;2;2;2;1;0;0;2;2
Kupplungssatz;479;117856;3;0,0019;0;0;0;0;2;0;0;0;0;1
Kupplungssatz;479;11375;1;0,0006;0;2;0;0;1;0;0;0;2;2
Kupplungssatz;479;6366;1;0,0006;0;1;1;1;0;0;0;0;0;0
Kupplungssatz;479;14461;5;0,0031;0;1;1;1;0;1;0;1;1;0
Kupplungssatz;479;42;1;0,0006;0;0;0;1;1;0;0;0;0;1
Kupplungssatz;479;119851;1;0,0006;4;4;2;4;4;2;0;3;0;2
Kupplungssatz;479;7710;1;0,0006;0;0;0;1;0;1;0;0;0;0
Kupplungssatz;479;57607;9;0,0056;2;1;1;2;1;1;0;1;1;1
Kupplungssatz;479;13080;4;0,0025;0;2;1;0;5;1;0;1;2;2
Kupplungssatz;479;105882;13;0,0081;1;1;1;1;4;1;0;1;1;1
Kupplungssatz;479;19698;10;0,0062;1;2;1;1;3;1;0;1;1;1
Kupplungssatz;479;143042;1;0,0006;2;0;8;0;16;1;0;2;0;0
Kupplungssatz;479;19545;1;0,0006;0;0;0;1;2;0;0;0;0;3
Kupplungssatz;479;9343;3;0,0019;1;1;0;1;2;1;0;1;0;1
Kupplungssatz;479;12208;7;0,0044;1;3;1;1;4;1;0;1;1;3
Kupplungssatz;479;16651;31;0,0194;1;1;1;1;1;1;0;0;1;1
Kupplungssatz;479;112128;10;0,0062;0;2;2;2;1;0;0;2;0;1
Kupplungssatz;479;59077;9;0,0056;1;3;1;2;3;0;0;1;1;1
Kupplungssatz;479;26235;5;0,0031;0;1;0;2;1;0;0;0;2;1
Kupplungssatz;479;1712;1;0,0006;1;3;4;2;6;1;0;0;3;6
Kupplungssatz;479;4279;2;0,0012;1;1;1;1;1;2;0;0;1;0
Kupplungssatz;479;22481;3;0,0019;1;1;1;1;6;1;0;1;1;2
Kupplungssatz;479;10266;1;0,0006;0;1;1;1;3;0;0;0;1;1
Kupplungssatz;479;28918;1;0,0006;1;1;0;1;2;1;0;0;0;0
Kupplungssatz;479;13363;46;0,0287;0;1;1;1;1;0;0;0;1;2
Kupplungssatz;479;31022;1;0,0006;2;1;1;1;2;0;0;0;0;1
Kupplungssatz;479;11097;2;0,0012;1;1;1;1;0;0;0;0;0;1
Kupplungssatz;479;15471;11;0,0069;1;1;1;1;1;1;0;1;1;1
Kupplungssatz;479;15470;19;0,0119;1;1;1;1;1;1;0;1;1;1
Kupplungssatz;479;19198;6;0,0037;2;1;2;5;1;2;0;1;1;1
Kupplungssatz;479;28261;2;0,0012;1;1;1;1;1;1;0;0;1;1
Kupplungssatz;479;140389;2;0,0012;0;0;0;0;1;0;0;0;0;2
Kupplungssatz;479;4155;4;0,0025;1;1;1;1;1;1;0;0;1;1
Kupplungssatz;479;8409;2;0,0012;0;1;1;1;1;0;0;0;1;1
Kupplungssatz;479;11693;4;0,0025;1;1;2;1;1;1;0;1;1;2
Kupplungssatz;479;57283;3;0,0019;0;2;0;2;6;0;0;0;0;2
Kupplungssatz;479;10046;10;0,0062;0;3;2;1;4;0;0;0;1;1
Kupplungssatz;479;58978;2;0,0012;0;2;0;2;0;0;0;0;0;0
Kupplungssatz;479;31110;3;0,0019;0;2;0;0;2;0;0;0;2;1
Kupplungssatz;479;127861;2;0,0012;0;2;0;1;5;0;0;0;0;2
Kupplungssatz;479;128492;1;0,0006;2;2;0;2;2;0;0;0;0;4
Kupplungssatz;479;20313;2;0,0012;0;1;0;1;0;0;0;0;0;0
Kupplungssatz;479;112382;2;0,0012;0;2;0;2;3;1;0;2;2;2
Kupplungssatz;479;19858;24;0,015;2;2;1;2;4;2;0;2;2;2
Kupplungssatz;479;118006;2;0,0012;1;1;0;1;5;1;0;1;0;1
Kupplungssatz;479;3045;2;0,0012;1;2;0;1;1;1;0;0;1;2
Kupplungssatz;479;18072;14;0,0087;6;6;5;6;8;0;0;0;7;6
Kupplungssatz;479;155415;7;0,0044;0;0;0;0;0;0;0;0;0;3
Kupplungssatz;479;25473;1;0,0006;1;1;1;1;4;0;0;0;0;2
Kupplungssatz;479;648;24;0,015;1;3;1;1;1;1;0;0;1;1
Kupplungssatz;479;32110;12;0,0075;0;2;0;2;1;1;0;0;0;1
Kupplungssatz;479;2739;1;0,0006;1;1;0;1;1;0;0;0;0;0
Kupplungssatz;479;114881;6;0,0037;0;0;0;1;0;0;0;0;0;1
Kupplungssatz;479;145758;1;0,0006;2;4;1;3;2;0;0;1;2;1
Kupplungssatz;479;128420;14;0,0087;0;5;1;3;3;0;0;0;1;2
Kupplungssatz;479;131273;11;0,0069;0;3;0;4;0;0;0;0;2;4
Kupplungssatz;479;131269;2;0,0012;0;3;0;4;0;0;0;0;2;4
Kupplungssatz;479;107641;3;0,0019;3;4;1;2;2;0;0;1;0;3
Kupplungssatz;479;34951;241;0,1505;1;4;1;2;6;1;0;2;1;3
Kupplungssatz;479;18080;23;0,0144;6;6;5;6;8;0;0;0;7;6
Kupplungssatz;479;118539;22;0,0137;2;3;0;2;7;0;0;0;0;3
Kupplungssatz;479;2330;1;0,0006;2;2;0;0;2;0;0;0;2;0
Kupplungssatz;479;19278;52;0,0325;0;1;1;1;1;0;0;0;1;1
Kupplungssatz;479;5266;2;0,0012;2;1;1;1;2;1;0;1;1;1
Kupplungssatz;479;110764;1;0,0006;1;2;1;2;5;1;0;1;0;2
Kupplungssatz;479;5286;5;0,0031;1;1;1;1;2;0;0;0;1;1
Kupplungssatz;479;32741;10;0,0062;2;4;0;3;5;1;0;0;2;2
Kupplungssatz;479;34486;1;0,0006;2;3;1;1;1;0;0;1;2;5
Kupplungssatz;479;128974;7;0,0044;0;3;1;1;3;0;0;1;1;2
Kupplungssatz;479;8952;1;0,0006;2;2;1;1;2;0;0;0;2;2
Kupplungssatz;479;15820;2;0,0012;0;3;0;3;4;0;0;0;3;2
Kupplungssatz;479;10214;1;0,0006;0;0;0;0;0;0;0;0;0;2
Kupplungssatz;479;6442;36;0,0225;5;8;1;6;7;1;0;1;11;4
Kupplungssatz;479;14261;1;0,0006;1;1;2;1;4;1;0;0;2;2
Kupplungssatz;479;3825;1;0,0006;4;3;1;2;4;0;0;0;1;2
Kupplungssatz;479;33126;4;0,0025;7;2;1;2;7;3;0;3;5;4
Kupplungssatz;479;30433;1;0,0006;0;1;2;1;1;0;0;0;1;2
Kupplungssatz;479;147974;5;0,0031;0;1;0;0;0;0;0;0;0;0
Kupplungssatz;479;57477;7;0,0044;1;6;1;1;5;1;0;1;4;5
Kupplungssatz;479;106283;15;0,0094;2;1;2;1;2;0;0;0;2;2
Kupplungssatz;479;300;7;0,0044;1;2;1;0;1;0;0;0;1;1
Kupplungssatz;479;9926;1;0,0006;0;0;0;0;0;0;0;0;0;0
Kupplungssatz;479;15934;2;0,0012;1;1;1;1;2;1;0;1;1;0
Kupplungssatz;479;59401;16;0,01;1;3;1;1;2;2;0;1;1;1
Kupplungssatz;479;108152;7;0,0044;2;5;2;3;4;0;0;2;4;10
Kupplungssatz;479;31596;22;0,0137;2;5;4;4;7;1;0;1;7;8
Kupplungssatz;479;9647;27;0,0169;3;4;5;4;8;1;0;0;4;4
Kupplungssatz;479;145876;4;0,0025;0;3;3;3;1;0;0;0;0;3
Kupplungssatz;479;27994;2;0,0012;1;3;1;1;3;0;0;0;1;1
Kupplungssatz;479;123367;16;0,01;1;0;0;5;6;1;0;0;2;5
Kupplungssatz;479;17293;1;0,0006;0;2;0;1;2;0;0;0;1;1
Kupplungssatz;479;16582;5;0,0031;2;3;4;0;2;1;0;0;6;5
Kupplungssatz;479;108484;2;0,0012;0;3;1;3;3;1;0;0;2;3
Kupplungssatz;479;1833;2;0,0012;0;2;0;0;2;0;0;0;0;1
Kupplungssatz;479;19939;22;0,0137;1;4;2;1;1;2;0;1;1;1
Kupplungssatz;479;135954;3;0,0019;0;3;0;1;7;0;0;1;0;0
Kupplungssatz;479;119329;29;0,0181;0;2;1;1;2;1;0;1;0;2
Kupplungssatz;479;27386;4;0,0025;1;1;0;1;1;0;0;0;0;0
Kupplungssatz;479;56557;3;0,0019;2;4;1;1;2;0;0;1;1;2
Kupplungssatz;479;19273;2;0,0012;2;4;1;1;4;2;0;2;1;1
Kupplungssatz;479;14695;4;0,0025;3;2;1;1;2;1;0;1;1;1
Kupplungssatz;479;31589;1;0,0006;2;6;1;4;7;1;0;2;0;5
Kupplungssatz;479;32086;51;0,0319;2;2;2;2;5;0;0;1;2;2
Kupplungssatz;479;5109;6;0,0037;2;2;0;1;2;0;0;0;0;1
Kupplungssatz;479;11983;2;0,0012;0;0;0;1;0;1;0;0;1;1
Kupplungssatz;479;137672;16;0,01;1;1;0;2;0;0;0;0;0;1
Kupplungssatz;479;114328;6;0,0037;1;2;2;1;2;0;0;0;1;2
Kupplungssatz;479;101107;1;0,0006;0;2;1;0;2;1;0;0;0;0
Kupplungssatz;479;133612;1;0,0006;0;0;1;1;3;0;0;1;0;2
Kupplungssatz;479;28831;1;0,0006;0;0;0;0;0;0;0;0;0;0
Kupplungssatz;479;2746;2;0,0012;1;1;0;1;1;0;0;0;0;1
Kupplungssatz;479;34552;1;0,0006;0;1;0;2;0;0;0;0;0;0
Kupplungssatz;479;17251;11;0,0069;1;2;3;2;4;0;0;2;2;2
Kupplungssatz;479;18389;116;0,0725;1;1;1;1;5;1;0;1;1;1
Kupplungssatz;479;21148;13;0,0081;2;1;1;2;1;1;0;1;1;1
Kupplungssatz;479;108611;1;0,0006;2;0;2;0;0;0;0;0;0;0
Kupplungssatz;479;126010;2;0,0012;2;0;0;0;8;0;0;0;0;0
Kupplungssatz;479;56168;1;0,0006;0;1;0;0;0;0;0;0;0;0
Kupplungssatz;479;5394;3;0,0019;1;5;1;7;4;0;0;0;3;5
Kupplungssatz;479;3007;1;0,0006;0;0;0;0;0;0;0;0;1;1
Kupplungssatz;479;15230;3;0,0019;0;1;1;1;1;1;0;0;1;1
Kupplungssatz;479;116186;9;0,0056;0;6;0;3;4;0;0;0;0;4
Kupplungssatz;479;131976;1;0,0006;0;1;0;1;0;0;0;0;0;1
Kupplungssatz;479;11480;12;0,0075;0;1;0;1;2;0;0;0;1;2
Kupplungssatz;479;33326;1;0,0006;1;1;2;1;2;1;0;2;1;2
Kupplungssatz;479;5894;1;0,0006;1;1;0;0;1;0;0;0;0;1
Kupplungssatz;479;19900;18;0,0112;1;2;2;1;1;0;0;1;2;1
Kupplungssatz;479;7549;1;0,0006;0;0;0;0;0;0;0;0;0;2
Kupplungssatz;479;125349;1;0,0006;0;0;0;0;0;1;0;0;0;0
Kupplungssatz;479;123220;4;0,0025;0;0;0;0;0;0;0;0;0;0
Kupplungssatz;479;19219;17;0,0106;1;1;1;1;1;0;0;0;1;1
Kupplungssatz;479;118702;2;0,0012;0;0;0;0;0;0;0;0;2;0
Kupplungssatz;479;115178;4;0,0025;0;3;0;2;4;1;0;2;1;2
Kupplungssatz;479;59316;2;0,0012;1;2;1;1;4;1;0;1;2;1
Kupplungssatz;479;112237;9;0,0056;0;2;1;0;1;0;0;0;2;2
Kupplungssatz;479;4854;1;0,0006;0;0;0;0;0;0;0;0;0;1
Kupplungssatz;479;4581;1;0,0006;0;0;0;0;0;0;0;0;0;0
Kupplungssatz;479;10171;3;0,0019;1;1;1;1;1;1;0;0;1;1
Kupplungssatz;479;10035;2;0,0012;0;2;0;0;1;1;0;0;1;1
Kupplungssatz;479;7470;5;0,0031;2;1;1;1;2;0;0;0;1;1
Kupplungssatz;479;4534;4;0,0025;2;1;1;1;1;2;0;1;0;1
Kupplungssatz;479;100339;42;0,0262;2;4;1;1;4;2;0;1;2;5
Kupplungssatz;479;20102;2;0,0012;3;2;3;2;2;1;0;2;2;4
Kupplungssatz;479;12139;3;0,0019;0;2;1;1;3;0;0;0;1;1
Kupplungssatz;479;157676;1;0,0006;0;0;0;0;0;0;0;0;0;0
Kupplungssatz;479;20474;9;0,0056;1;1;1;1;1;1;0;1;1;0
Kupplungssatz;479;28759;1;0,0006;2;1;1;1;2;1;0;1;0;1
Kupplungssatz;479;34750;5;0,0031;0;5;0;0;2;0;0;0;2;1
Kupplungssatz;479;28163;1;0,0006;3;4;2;0;2;0;0;0;4;2
Kupplungssatz;479;5134;2;0,0012;1;1;1;0;1;1;0;0;1;1
Kupplungssatz;479;133521;1;0,0006;0;0;6;0;2;0;0;1;0;2
Kupplungssatz;479;4277;2;0,0012;1;1;1;1;0;1;0;0;1;1
Kupplungssatz;479;7859;1;0,0006;1;0;1;2;1;1;0;1;1;1
Kupplungssatz;479;2130;2;0,0012;1;1;1;0;1;0;0;0;1;2
Kupplungssatz;479;17742;3;0,0019;8;5;6;5;4;1;0;1;5;5
Kupplungssatz;479;32701;1;0,0006;2;5;6;5;3;0;0;0;8;3
Kupplungssatz;479;115494;11;0,0069;0;3;0;2;4;1;0;2;2;2
Kupplungssatz;479;57;8;0,005;4;2;1;3;2;1;0;1;2;4
Kupplungssatz;479;124239;27;0,0169;0;4;0;2;3;0;0;1;1;1
Kupplungssatz;479;5196;16;0,01;1;1;1;1;2;1;0;1;1;1
Kupplungssatz;479;2887;2;0,0012;1;1;2;1;3;1;0;0;1;0
Kupplungssatz;479;15683;2;0,0012;1;2;1;1;3;1;0;0;1;3
Kupplungssatz;479;133770;1;0,0006;0;2;1;1;2;0;0;0;0;2
Kupplungssatz;479;8953;1;0,0006;0;1;1;1;1;0;0;0;1;1
Kupplungssatz;479;1803;6;0,0037;0;1;1;1;2;1;0;0;1;1
Kupplungssatz;479;4232;11;0,0069;3;2;3;1;3;1;0;1;1;2
Kupplungssatz;479;16603;9;0,0056;4;3;3;2;3;0;0;0;2;3
Kupplungssatz;479;15979;1;0,0006;0;1;0;1;1;0;0;0;0;1
Kupplungssatz;479;20118;5;0,0031;0;1;2;1;1;0;0;0;0;1
Kupplungssatz;479;22306;6;0,0037;0;2;2;1;1;0;0;1;1;2
Kupplungssatz;479;18338;1;0,0006;5;5;5;3;5;1;0;0;6;3
Kupplungssatz;479;801387;2;0,0012;0;4;2;1;5;0;0;0;0;0
Kupplungssatz;479;58889;6;0,0037;1;1;1;1;4;1;0;1;1;2
Kupplungssatz;479;1896;1;0,0006;1;3;2;2;2;0;0;0;3;3
Kupplungssatz;479;34164;2;0,0012;1;1;1;1;2;1;0;0;1;2
Kupplungssatz;479;138537;8;0,005;3;2;3;1;1;0;0;0;0;2
Kupplungssatz;479;116507;1;0,0006;2;4;1;1;6;1;0;1;4;5
Kupplungssatz;479;32029;37;0,0231;1;2;0;1;1;0;0;1;2;1
Kupplungssatz;479;115169;2;0,0012;0;2;3;1;2;0;0;0;0;1
Kupplungssatz;479;19704;56;0,035;8;5;4;5;4;1;0;1;7;5
Kupplungssatz;479;16942;1;0,0006;1;1;2;0;1;0;0;1;0;0
Kupplungssatz;479;218;1;0,0006;0;0;0;0;1;0;0;0;0;1
Kupplungssatz;479;16201;43;0,0269;4;4;2;3;6;1;0;0;4;3
Kupplungssatz;479;10999;2;0,0012;1;0;0;1;2;0;0;0;0;0
Kupplungssatz;479;10053;3;0,0019;1;1;1;0;6;1;0;0;1;2
Kupplungssatz;479;133128;1;0,0006;3;2;1;4;5;0;0;1;2;3
Kupplungssatz;479;16869;9;0,0056;0;3;3;0;5;0;0;0;3;1
Kupplungssatz;479;28152;7;0,0044;2;2;1;2;2;2;0;1;1;1
Kupplungssatz;479;117083;14;0,0087;0;6;0;4;0;0;0;0;0;2
Kupplungssatz;479;16130;3;0,0019;2;2;1;1;2;0;0;0;1;1
Kupplungssatz;479;31518;7;0,0044;1;2;1;1;3;1;0;1;2;2
Kupplungssatz;479;140121;8;0,005;0;2;1;1;1;0;0;0;0;1
Kupplungssatz;479;155004;3;0,0019;0;0;3;0;0;0;0;0;0;0
Kupplungssatz;479;1844;12;0,0075;1;1;1;1;1;0;0;0;1;1
Kupplungssatz;479;127927;7;0,0044;0;4;2;2;6;0;0;0;1;2
Kupplungssatz;479;8317;2;0,0012;0;4;1;1;2;0;0;0;1;1
Kupplungssatz;479;18753;2;0,0012;1;1;2;1;1;1;0;1;1;2
Kupplungssatz;479;19924;10;0,0062;3;2;1;2;3;1;0;2;2;3
Kupplungssatz;479;31115;88;0,055;2;2;3;2;4;1;0;2;2;1
Kupplungssatz;479;23566;3;0,0019;2;2;0;2;1;1;0;0;0;0
Kupplungssatz;479;17913;10;0,0062;1;2;1;1;2;1;0;1;2;1
Kupplungssatz;479;33796;1;0,0006;1;3;0;2;2;0;0;1;2;1
Kupplungssatz;479;25472;1;0,0006;1;1;2;1;4;0;0;0;2;1
Kupplungssatz;479;30818;1;0,0006;0;1;0;2;1;0;0;0;1;1
Kupplungssatz;479;20116;2;0,0012;0;0;2;0;0;0;0;0;0;0
Kupplungssatz;479;15380;16;0,01;3;1;3;1;0;3;0;1;1;1
Kupplungssatz;479;14849;1;0,0006;1;4;4;4;5;0;0;0;3;3
Kupplungssatz;479;152593;1;0,0006;0;0;0;0;0;0;0;0;0;0
Kupplungssatz;479;138959;4;0,0025;0;1;1;1;3;1;0;1;1;1
Kupplungssatz;479;113755;1;0,0006;3;4;1;4;3;2;0;3;0;2
Kupplungssatz;479;16085;390;0,2436;2;5;2;2;6;2;0;2;3;4
Kupplungssatz;479;23388;10;0,0062;3;3;5;2;9;2;0;2;4;5
Kupplungssatz;479;32885;211;0,1318;4;3;4;3;4;0;0;1;3;7
Kupplungssatz;479;11069;23;0,0144;7;4;3;3;6;3;0;3;5;4
Kupplungssatz;479;107528;2;0,0012;3;4;1;3;5;3;0;2;5;3
Kupplungssatz;479;113671;9;0,0056;3;2;2;2;4;0;0;0;3;4
Kupplungssatz;479;10019;8;0,005;2;2;2;2;2;1;0;2;2;2
Kupplungssatz;479;58707;4;0,0025;3;3;2;2;3;0;0;1;3;3
Kupplungssatz;479;115684;9;0,0056;2;1;0;2;2;1;0;0;1;2
Kupplungssatz;479;53293;37;0,0231;3;8;3;4;9;0;0;1;8;6
Kupplungssatz;479;31646;2;0,0012;3;3;2;2;6;1;0;0;4;2
Kupplungssatz;479;19047;28;0,0175;3;3;3;3;4;1;0;1;3;4
Kupplungssatz;479;11520;1;0,0006;1;6;7;4;7;1;0;1;4;4
Kupplungssatz;479;13670;2;0,0012;1;1;1;1;2;2;0;1;1;1
Kupplungssatz;479;115168;18;0,0112;1;3;3;2;2;0;0;0;0;2
Kupplungssatz;479;3390;2;0,0012;0;3;0;1;1;0;0;0;0;1
Kupplungssatz;479;8456;79;0,0493;2;7;6;4;10;2;0;1;6;5
Kupplungssatz;479;16283;23;0,0144;2;5;1;3;10;1;0;2;2;3
Kupplungssatz;479;33339;24;0,015;1;3;2;2;3;0;0;1;4;4
Kupplungssatz;479;137762;6;0,0037;0;2;1;1;1;0;0;0;2;2
Kupplungssatz;479;117852;8;0,005;1;4;1;2;5;1;0;1;2;2
Kupplungssatz;479;34746;27;0,0169;3;3;3;3;4;2;0;2;3;4
Kupplungssatz;479;34956;58;0,0362;9;10;8;10;13;1;0;5;16;7
Kupplungssatz;479;13365;2;0,0012;1;2;2;0;4;0;0;0;2;2
Kupplungssatz;479;56798;26;0,0162;1;4;0;1;6;1;0;1;1;1
Kupplungssatz;479;19350;14;0,0087;1;2;1;1;4;1;0;1;2;2
Kupplungssatz;479;1661;2;0,0012;3;7;2;5;5;0;0;1;2;7
Kupplungssatz;479;32751;41;0,0256;2;4;2;2;4;0;0;2;2;2
Kupplungssatz;479;8393;2;0,0012;0;1;1;1;3;0;0;0;1;1
Kupplungssatz;479;15297;1;0,0006;2;3;5;3;4;0;0;2;3;5
Kupplungssatz;479;1820;3;0,0019;0;1;1;1;1;0;0;0;1;1
Kupplungssatz;479;14761;42;0,0262;6;6;6;5;6;0;0;4;6;7
Kupplungssatz;479;1052;10;0,0062;1;7;1;2;4;1;0;1;4;1
Kupplungssatz;479;49;3;0,0019;1;1;1;1;2;0;0;0;1;1
Kupplungssatz;479;108167;1;0,0006;3;4;2;3;5;0;0;2;5;10
Kupplungssatz;479;8772;3;0,0019;0;2;0;0;1;0;0;0;0;0
Kupplungssatz;479;4366;1;0,0006;1;0;0;1;0;1;0;0;0;0
Kupplungssatz;479;108176;2;0,0012;3;6;2;4;5;0;0;2;5;10
Kupplungssatz;479;144747;1;0,0006;0;5;0;4;1;0;0;0;0;6
Kupplungssatz;479;23291;21;0,0131;3;6;5;4;3;2;0;1;5;5
Kupplungssatz;479;17364;58;0,0362;1;3;3;2;7;0;0;2;5;4
Kupplungssatz;479;26652;16;0,01;0;1;0;1;2;0;0;0;0;1
Kupplungssatz;479;16526;19;0,0119;8;5;6;5;4;1;0;1;5;5
Kupplungssatz;479;10559;1;0,0006;1;0;1;1;1;2;0;1;0;1
Kupplungssatz;479;100474;1;0,0006;1;1;1;2;0;0;0;0;2;0
Kupplungssatz;479;131549;1;0,0006;0;1;0;0;1;0;0;0;0;1
Kupplungssatz;479;1309;1;0,0006;1;2;2;0;0;0;0;0;2;1
Kupplungssatz;479;145886;41;0,0256;0;4;2;0;1;0;0;1;0;7
Kupplungssatz;479;17519;3;0,0019;1;1;1;1;2;1;0;0;1;1
Kupplungssatz;479;55494;2;0,0012;0;0;2;0;2;0;0;0;0;0
Kupplungssatz;479;16458;6;0,0037;3;3;4;2;3;1;0;0;4;3
Kupplungssatz;479;16246;1;0,0006;0;1;0;1;2;1;0;0;1;2
Kupplungssatz;479;57296;9;0,0056;1;2;2;2;3;0;0;2;2;4
Kupplungssatz;479;714;30;0,0187;3;10;5;7;10;3;0;2;11;6
Kupplungssatz;479;18794;4;0,0025;8;7;5;12;4;4;0;3;5;3
Kupplungssatz;479;9990;2;0,0012;0;2;0;0;2;0;0;0;0;2
Kupplungssatz;479;15272;7;0,0044;0;2;1;2;2;0;0;0;2;2
Kupplungssatz;479;32753;59;0,0369;7;8;7;8;13;1;0;5;12;7
Kupplungssatz;479;22483;41;0,0256;6;6;5;3;11;3;0;2;9;8
Kupplungssatz;479;10575;2;0,0012;0;2;0;2;2;0;0;0;2;4
Kupplungssatz;479;130349;54;0,0337;1;1;3;2;2;3;0;1;0;1
Kupplungssatz;479;25549;10;0,0062;1;1;1;0;1;0;0;0;0;0
Kupplungssatz;479;1875;1;0,0006;1;1;3;1;2;0;0;0;1;3
Kupplungssatz;479;111105;9;0,0056;3;3;2;3;5;0;0;2;5;3
Kupplungssatz;479;22303;8;0,005;0;1;2;1;1;0;0;1;0;0
Kupplungssatz;479;12093;1;0,0006;0;2;1;1;3;1;0;1;0;1
Kupplungssatz;479;135957;11;0,0069;2;3;1;2;6;1;0;2;0;2
Kupplungssatz;479;1807;1;0,0006;1;1;1;1;3;1;0;0;1;1
Kupplungssatz;479;29974;3;0,0019;0;2;1;2;4;0;0;0;0;3
Kupplungssatz;479;14960;4;0,0025;3;3;0;3;4;1;0;0;2;1
Kupplungssatz;479;5421;4;0,0025;0;3;1;3;3;0;0;0;0;2
Kupplungssatz;479;15562;34;0,0212;1;1;1;1;3;2;0;1;1;1
Kupplungssatz;479;58364;5;0,0031;2;2;1;1;2;0;0;1;2;2
Kupplungssatz;479;145769;3;0,0019;3;5;0;2;3;0;0;1;5;4
Kupplungssatz;479;9288;4;0,0025;0;2;0;2;2;0;0;0;0;2
Kupplungssatz;479;23183;152;0,0949;2;6;3;2;12;2;0;2;4;5
Kupplungssatz;479;108764;8;0,005;0;3;0;2;3;0;0;1;0;2
Kupplungssatz;479;17945;28;0,0175;4;6;3;6;5;0;0;2;5;4
Kupplungssatz;479;8988;20;0,0125;1;1;1;1;3;1;0;1;1;1
Kupplungssatz;479;1439;2;0,0012;0;1;1;0;0;0;0;0;1;1
Kupplungssatz;479;33402;110;0,0687;1;2;1;1;4;2;0;1;2;2
Kupplungssatz;479;18205;4;0,0025;2;2;1;1;4;2;0;0;2;3
Kupplungssatz;479;10084;5;0,0031;0;3;4;3;3;1;0;2;3;5
Kupplungssatz;479;139749;1;0,0006;0;2;0;1;1;0;0;0;0;1
Kupplungssatz;479;18089;10;0,0062;3;5;3;3;4;0;0;1;7;3
Kupplungssatz;479;117838;8;0,005;4;6;1;4;6;3;0;3;5;4
Kupplungssatz;479;16337;197;0,123;3;3;3;3;4;2;0;2;3;3
Kupplungssatz;479;107482;36;0,0225;1;0;0;3;6;0;0;0;2;5
Kupplungssatz;479;10105;33;0,0206;2;2;2;2;2;1;0;1;2;2
Kupplungssatz;479;18304;10;0,0062;3;7;2;3;9;0;0;0;6;10
Kupplungssatz;479;24436;8;0,005;0;2;1;1;1;0;0;0;2;1
Kupplungssatz;479;114214;18;0,0112;3;3;2;3;8;2;0;1;3;4
Kupplungssatz;479;17315;1;0,0006;0;1;0;1;1;1;0;1;1;1
Kupplungssatz;479;9644;6;0,0037;3;6;5;4;8;1;0;0;4;6
Kupplungssatz;479;22495;3;0,0019;1;2;2;1;2;2;0;1;1;1
Kupplungssatz;479;17379;2;0,0012;5;7;0;0;11;0;0;0;6;3
Kupplungssatz;479;9090;1;0,0006;1;5;1;0;4;0;0;0;3;3
Kupplungssatz;479;7968;1;0,0006;2;1;0;1;4;0;0;0;1;1
Kupplungssatz;479;122438;1;0,0006;1;2;1;1;5;2;0;0;0;0
Kupplungssatz;479;129814;1;0,0006;0;2;0;1;4;0;0;0;0;3
Kupplungssatz;479;58573;1;0,0006;1;1;1;0;6;0;0;1;1;0
Kupplungssatz;479;15970;12;0,0075;4;3;2;4;2;5;0;2;2;3
Kupplungssatz;479;15755;17;0,0106;1;2;2;2;5;1;0;1;2;2
Kupplungssatz;479;108177;4;0,0025;3;2;3;2;4;0;0;1;1;3
Kupplungssatz;479;11057;18;0,0112;0;2;2;3;2;0;0;0;3;1
Kupplungssatz;479;16020;4;0,0025;1;1;1;1;3;1;0;1;1;1
Kupplungssatz;479;31996;2;0,0012;1;2;0;2;2;1;0;2;0;2
Kupplungssatz;479;58465;2;0,0012;0;2;0;0;0;0;0;0;0;0
Kupplungssatz;479;18968;7;0,0044;0;1;1;1;2;0;0;0;1;1
Kupplungssatz;479;136596;2;0,0012;1;0;1;0;3;1;0;1;0;1
Kupplungssatz;479;126593;2;0,0012;0;2;0;0;3;0;0;0;0;1
Kupplungssatz;479;30719;4;0,0025;1;1;1;4;1;1;0;0;1;3
Kupplungssatz;479;15540;1;0,0006;0;3;0;0;1;0;0;0;0;1
Kupplungssatz;479;114535;1;0,0006;2;4;1;0;2;0;0;0;0;0
Kupplungssatz;479;19183;1;0,0006;4;2;1;1;3;4;0;0;0;1
Kupplungssatz;479;8354;1;0,0006;0;4;1;1;2;0;0;0;1;1
Kupplungssatz;479;884;66;0,0412;3;6;4;3;4;0;0;1;7;5
Kupplungssatz;479;19156;20;0,0125;1;1;1;1;2;1;0;0;1;0
Kupplungssatz;479;9752;5;0,0031;2;6;3;4;10;1;0;1;5;3
Kupplungssatz;479;17413;16;0,01;3;4;3;6;9;0;0;0;5;2
Kupplungssatz;479;17098;3;0,0019;0;3;3;0;7;0;0;1;3;1
Kupplungssatz;479;22186;6;0,0037;0;2;0;0;2;0;0;0;0;2
Kupplungssatz;479;127363;2;0,0012;0;0;0;0;0;0;0;0;0;0
Kupplungssatz;479;56860;4;0,0025;1;4;1;2;7;1;0;2;2;1
Kupplungssatz;479;10279;3;0,0019;0;4;1;0;2;0;0;0;0;0
Kupplungssatz;479;33437;8;0,005;3;3;2;3;1;0;0;0;0;2
Kupplungssatz;479;18334;5;0,0031;1;2;1;0;7;1;0;1;2;2
Kupplungssatz;479;56749;5;0,0031;1;4;1;1;3;1;0;1;1;2
Kupplungssatz;479;268;1;0,0006;0;0;0;0;1;0;0;0;0;1
Kupplungssatz;479;15708;2;0,0012;1;3;3;2;2;0;0;1;2;2
Kupplungssatz;479;1840;11;0,0069;1;1;1;1;2;1;0;0;1;1
Kupplungssatz;479;30023;2;0,0012;0;1;5;1;4;1;0;2;0;3
Kupplungssatz;479;32027;30;0,0187;1;2;1;1;3;1;0;0;2;1
Kupplungssatz;479;32038;5;0,0031;2;3;2;2;3;0;0;0;2;4
Kupplungssatz;479;1009;4;0,0025;1;1;1;1;1;0;0;0;1;1
Kupplungssatz;479;19013;3;0,0019;0;2;1;1;2;0;0;0;2;1
Kupplungssatz;479;5648;2;0,0012;1;1;0;1;3;1;0;1;1;2
Kupplungssatz;479;16465;3;0,0019;0;1;0;1;2;0;0;0;1;2
Kupplungssatz;479;29957;1;0,0006;0;2;1;3;5;0;0;0;2;3
Kupplungssatz;479;33398;48;0,03;1;3;1;1;2;1;0;1;1;3
Kupplungssatz;479;19139;2;0,0012;2;2;4;2;5;0;0;2;3;5
Kupplungssatz;479;152932;1;0,0006;0;1;0;0;0;0;0;0;0;0
Kupplungssatz;479;16124;8;0,005;3;2;2;2;2;0;0;0;2;4
Kupplungssatz;479;126602;7;0,0044;2;2;0;2;1;0;0;1;0;2
Kupplungssatz;479;25487;5;0,0031;1;3;2;2;4;0;0;0;3;4
Kupplungssatz;479;25465;38;0,0237;1;2;2;1;4;0;0;0;3;3
Kupplungssatz;479;30417;2;0,0012;1;3;4;0;5;0;0;1;3;2
Kupplungssatz;479;124952;11;0,0069;1;2;0;2;3;0;0;1;0;3
Kupplungssatz;479;9299;1;0,0006;0;3;2;1;2;1;0;0;2;1
Kupplungssatz;479;127357;7;0,0044;1;3;0;1;4;1;0;1;1;3
Kupplungssatz;479;9958;3;0,0019;1;1;1;1;3;1;0;0;1;1
Kupplungssatz;479;119877;14;0,0087;0;3;1;1;1;0;0;0;0;1
Kupplungssatz;479;106464;11;0,0069;3;3;1;3;4;1;0;2;3;2
Kupplungssatz;479;22515;12;0,0075;0;4;1;3;2;0;0;0;3;3
Kupplungssatz;479;126530;3;0,0019;0;3;1;1;6;2;0;1;4;8
Kupplungssatz;479;19816;4;0,0025;4;4;4;4;4;0;0;1;4;6
Kupplungssatz;479;114582;2;0,0012;2;4;1;4;5;3;0;1;2;4
Kupplungssatz;479;17937;3;0,0019;4;4;3;4;4;0;0;0;4;4
Kupplungssatz;479;118003;4;0,0025;1;1;1;1;3;1;0;1;0;1
Kupplungssatz;479;27483;7;0,0044;2;3;3;3;5;0;0;1;2;6
Kupplungssatz;479;16476;2;0,0012;0;2;0;3;5;0;0;0;2;2
Kupplungssatz;479;15852;1;0,0006;3;3;1;1;2;0;0;0;3;3
Kupplungssatz;479;133524;1;0,0006;1;10;5;1;12;1;0;1;8;0
Kupplungssatz;479;33030;36;0,0225;4;7;5;6;11;2;0;2;8;10
Kupplungssatz;479;34072;1;0,0006;1;1;1;1;1;1;0;0;1;4
Kupplungssatz;479;26655;17;0,0106;0;3;4;3;4;1;0;0;2;5
Kupplungssatz;479;10313;36;0,0225;2;2;1;1;2;0;0;1;2;2
Kupplungssatz;479;6307;1;0,0006;0;2;0;1;2;0;0;0;1;4
Kupplungssatz;479;9982;4;0,0025;3;4;5;2;4;1;0;0;4;4
Kupplungssatz;479;15641;1;0,0006;2;2;2;3;1;0;0;0;3;2
Kupplungssatz;479;30854;1;0,0006;2;2;1;4;2;2;0;2;2;4
Kupplungssatz;479;108435;1;0,0006;0;0;0;0;0;0;0;0;0;0
Kupplungssatz;479;107960;10;0,0062;0;3;0;2;3;0;0;1;2;2
Kupplungssatz;479;19697;120;0,075;1;4;2;1;2;1;0;1;1;2
Kupplungssatz;479;30006;43;0,0269;3;5;0;5;2;0;0;0;0;3
Kupplungssatz;479;14034;1;0,0006;1;1;1;1;3;0;0;1;0;2
Kupplungssatz;479;33132;1;0,0006;1;1;1;1;1;2;0;0;1;2
Kupplungssatz;479;20031;1;0,0006;6;6;5;5;9;1;0;3;7;7
Kupplungssatz;479;107857;107;0,0668;0;2;1;1;0;1;0;1;1;1
Kupplungssatz;479;16333;29;0,0181;1;2;2;1;2;0;0;0;1;1
Kupplungssatz;479;10751;3;0,0019;1;0;1;0;1;0;0;0;1;1
Kupplungssatz;479;11052;5;0,0031;1;1;1;1;3;0;0;1;1;1
Kupplungssatz;479;19025;1;0,0006;1;2;1;2;3;0;0;0;1;1
Kupplungssatz;479;18640;5;0,0031;1;2;1;0;7;1;0;1;2;2
Kupplungssatz;479;141526;6;0,0037;1;0;1;0;0;0;0;1;0;0
Kupplungssatz;479;55130;4;0,0025;0;2;0;2;2;0;0;0;0;2
Kupplungssatz;479;5197;16;0,01;1;1;1;1;2;0;0;1;1;1
Kupplungssatz;479;111924;13;0,0081;1;2;1;2;5;1;0;1;1;3
Kupplungssatz;479;10469;3;0,0019;1;0;0;1;0;1;0;1;0;0
Kupplungssatz;479;15464;11;0,0069;2;5;5;2;4;2;0;1;4;3
Kupplungssatz;479;59303;9;0,0056;6;7;5;12;5;5;0;3;5;1
Kupplungssatz;479;115671;85;0,0531;0;4;0;3;4;0;0;0;0;3
Kupplungssatz;479;19869;7;0,0044;3;3;2;2;4;0;0;0;1;3
Kupplungssatz;479;18301;14;0,0087;6;6;5;6;7;0;0;0;7;6
Kupplungssatz;479;131567;7;0,0044;0;1;0;1;3;0;0;0;0;2
Kupplungssatz;479;33261;2;0,0012;3;5;2;4;4;1;0;0;5;2
Kupplungssatz;479;711;2;0,0012;2;3;2;2;2;0;0;0;2;4
Kupplungssatz;479;123031;3;0,0019;0;3;0;3;9;0;0;0;0;5
Kupplungssatz;479;7251;1;0,0006;3;8;0;5;6;0;0;0;7;5
Kupplungssatz;479;10929;91;0,0568;0;3;3;2;5;0;0;0;2;2
Kupplungssatz;479;17899;1;0,0006;2;2;1;2;3;0;0;0;2;2
Kupplungssatz;479;14631;2;0,0012;0;1;1;1;2;0;0;0;2;2
Kupplungssatz;479;18311;144;0,0899;2;2;2;2;2;1;0;1;2;3
Kupplungssatz;479;27308;7;0,0044;1;3;0;1;4;1;0;1;1;3
Kupplungssatz;479;17332;1;0,0006;1;2;3;2;8;2;0;1;2;4
Kupplungssatz;479;24544;10;0,0062;2;1;0;4;0;1;0;1;1;0
Kupplungssatz;479;1949;40;0,025;1;2;2;2;3;0;0;0;1;2
Kupplungssatz;479;127060;4;0,0025;0;1;1;2;1;0;0;1;0;1
Kupplungssatz;479;113334;68;0,0425;0;3;2;2;2;0;0;0;2;2
Kupplungssatz;479;19506;13;0,0081;2;1;1;2;1;2;0;0;0;2
Kupplungssatz;479;15964;5;0,0031;6;5;7;5;7;0;0;1;7;6
Kupplungssatz;479;2129;1;0,0006;2;1;1;1;3;0;0;0;1;1
Kupplungssatz;479;6850;1;0,0006;1;3;0;2;1;0;0;1;4;4
Kupplungssatz;479;26914;6;0,0037;0;2;1;2;4;0;0;0;0;3
Kupplungssatz;479;55793;1;0,0006;1;1;0;0;1;0;0;1;0;0
Kupplungssatz;479;9410;1;0,0006;1;1;2;1;1;2;0;2;1;1
Kupplungssatz;479;134620;3;0,0019;0;1;1;1;4;1;0;1;0;1
Kupplungssatz;479;145493;2;0,0012;1;1;0;0;5;0;0;0;0;2
Kupplungssatz;479;15145;17;0,0106;1;1;1;0;1;2;0;1;2;2
Kupplungssatz;479;57592;7;0,0044;1;3;5;2;2;0;0;1;1;4
Kupplungssatz;479;56757;47;0,0294;4;5;2;3;3;0;0;1;2;4
Kupplungssatz;479;19335;1;0,0006;0;1;1;1;1;0;0;0;1;2
Kupplungssatz;479;18614;1;0,0006;1;1;0;1;6;1;0;0;1;2
Kupplungssatz;479;53339;28;0,0175;0;6;2;2;5;0;0;2;2;2
Kupplungssatz;479;118109;1;0,0006;0;2;0;2;0;0;0;0;0;0
Kupplungssatz;479;21803;6;0,0037;0;3;3;2;2;1;0;1;3;4
Kupplungssatz;479;23188;1;0,0006;0;2;0;1;2;0;0;0;1;1
Kupplungssatz;479;135288;1;0,0006;2;3;1;2;7;1;0;2;0;3
Kupplungssatz;479;1888;70;0,0437;3;3;3;6;2;3;0;1;3;2
Kupplungssatz;479;108300;7;0,0044;0;2;0;3;2;1;0;0;0;3
Kupplungssatz;479;32060;1;0,0006;0;0;0;0;1;0;0;0;0;0
Kupplungssatz;479;17992;48;0,03;3;4;4;2;8;2;0;1;5;3
Kupplungssatz;479;55077;15;0,0094;1;4;1;1;5;1;0;2;2;1
Kupplungssatz;479;136083;1;0,0006;0;2;0;2;2;0;0;0;0;3
Kupplungssatz;479;11136;68;0,0425;4;4;2;3;5;3;0;1;5;4
Kupplungssatz;479;9911;1;0,0006;1;1;0;1;0;1;0;1;1;1
Kupplungssatz;479;24440;6;0,0037;1;2;2;1;4;0;0;0;3;3
Kupplungssatz;479;23230;3;0,0019;3;2;4;1;6;2;0;1;3;3
Kupplungssatz;479;33357;1;0,0006;0;0;1;0;1;1;0;0;0;0
Kupplungssatz;479;33176;39;0,0244;1;4;2;1;2;2;0;1;1;1
Kupplungssatz;479;18556;2;0,0012;1;3;1;2;4;1;0;1;2;1
Kupplungssatz;479;197;1;0,0006;0;1;0;0;0;0;0;0;0;1
Kupplungssatz;479;18959;1;0,0006;3;8;7;5;11;0;0;1;10;5
Kupplungssatz;479;10479;2;0,0012;1;1;1;1;3;1;0;0;1;1
Kupplungssatz;479;9114;1;0,0006;0;0;0;0;0;0;0;0;0;0
Kupplungssatz;479;23139;14;0,0087;3;2;2;2;2;0;0;2;2;2
Kupplungssatz;479;34265;4;0,0025;0;1;1;1;3;0;0;0;2;3
Kupplungssatz;479;18358;3;0,0019;4;6;6;3;8;0;0;2;5;9
Kupplungssatz;479;13043;3;0,0019;0;1;0;2;1;0;0;0;1;1
Kupplungssatz;479;15135;10;0,0062;2;4;1;3;8;1;0;1;5;2
Kupplungssatz;479;30493;2;0,0012;1;2;1;0;3;0;0;0;0;1
Kupplungssatz;479;1599;1;0,0006;1;2;1;2;3;1;0;0;3;2
Kupplungssatz;479;27279;65;0,0406;2;2;1;1;2;1;0;0;0;0
Kupplungssatz;479;55333;4;0,0025;2;2;1;2;4;0;0;0;2;1
Kupplungssatz;479;14097;31;0,0194;2;3;2;1;3;0;0;0;2;1
Kupplungssatz;479;17890;5;0,0031;1;1;1;1;2;0;0;0;1;0
Kupplungssatz;479;138599;9;0,0056;1;1;1;1;2;0;0;0;1;1
Kupplungssatz;479;58646;1;0,0006;0;2;0;0;2;0;0;0;2;2
Kupplungssatz;479;18433;9;0,0056;1;2;1;1;3;1;0;1;2;2
Kupplungssatz;479;7787;5;0,0031;1;1;0;1;1;0;0;0;1;1
Kupplungssatz;479;19417;9;0,0056;1;8;2;3;7;0;0;1;4;7
Kupplungssatz;479;146319;3;0,0019;0;1;1;0;2;0;0;0;1;1
Kupplungssatz;479;55120;61;0,0381;1;3;1;3;4;1;0;1;1;3
Kupplungssatz;479;17661;6;0,0037;1;1;1;2;1;2;0;1;1;1
Kupplungssatz;479;5157;1;0,0006;1;1;1;1;1;0;0;0;0;0
Kupplungssatz;479;1978;7;0,0044;2;2;1;2;3;1;0;0;0;3
Kupplungssatz;479;58967;96;0,06;2;3;2;4;3;0;0;2;2;3
Kupplungssatz;479;59714;17;0,0106;1;3;2;1;6;2;0;1;1;4
Kupplungssatz;479;1902;1;0,0006;0;2;2;2;2;0;0;0;2;2
Kupplungssatz;479;120779;27;0,0169;0;2;1;2;2;0;0;0;2;3
Kupplungssatz;479;908;59;0,0369;3;6;4;3;5;0;0;1;7;5
Kupplungssatz;479;18843;6;0,0037;1;1;1;2;2;2;0;2;1;1
Kupplungssatz;479;114586;12;0,0075;1;3;1;1;1;1;0;1;1;2
Kupplungssatz;479;15782;9;0,0056;4;5;3;3;5;0;0;0;3;7
Kupplungssatz;479;15768;1;0,0006;0;1;0;1;2;1;0;0;1;2
Kupplungssatz;479;18384;12;0,0075;5;6;5;5;9;3;0;3;7;6
Kupplungssatz;479;115781;4;0,0025;1;2;0;2;2;1;0;0;2;2
Kupplungssatz;479;13361;2;0,0012;0;1;0;0;2;0;0;0;0;0
Kupplungssatz;479;5342;1;0,0006;2;2;2;1;2;0;0;0;2;2
Kupplungssatz;479;11137;110;0,0687;2;4;2;2;3;2;0;2;2;2
Kupplungssatz;479;58986;5;0,0031;2;4;1;1;4;2;0;1;2;2
Kupplungssatz;479;57117;12;0,0075;1;1;0;1;0;0;0;0;3;3
Kupplungssatz;479;20088;2;0,0012;1;2;1;1;3;1;0;1;1;2
Kupplungssatz;479;30359;36;0,0225;4;3;1;1;2;1;0;1;1;1
Kupplungssatz;479;15294;14;0,0087;6;3;5;5;3;1;0;0;5;3
Kupplungssatz;479;22517;2;0,0012;2;5;6;5;3;0;0;0;8;3
Kupplungssatz;479;143418;1;0,0006;1;1;0;2;1;0;0;0;0;1
Kupplungssatz;479;19863;16;0,01;2;2;1;2;2;1;0;2;2;2
Kupplungssatz;479;8330;22;0,0137;2;1;1;1;3;4;0;1;0;2
Kupplungssatz;479;6789;1;0,0006;0;0;0;0;0;0;0;0;0;1
Kupplungssatz;479;33413;7;0,0044;3;3;0;3;2;0;0;0;0;3
Kupplungssatz;479;18420;2;0,0012;0;1;1;1;1;0;0;0;1;1
Kupplungssatz;479;114200;3;0,0019;0;2;0;2;2;0;0;0;2;1
Kupplungssatz;479;123999;1;0,0006;0;2;0;2;3;0;0;0;2;1
Kupplungssatz;479;117339;2;0,0012;1;2;1;1;4;1;0;1;2;1
Kupplungssatz;479;131568;55;0,0344;2;2;1;2;0;0;0;1;1;2
Kupplungssatz;479;20735;6;0,0037;2;3;0;4;3;0;0;0;0;3
Kupplungssatz;479;132931;3;0,0019;0;4;1;2;6;0;0;0;1;2
Kupplungssatz;479;9467;3;0,0019;1;1;1;1;3;0;0;0;1;1
Kupplungssatz;479;29961;1;0,0006;2;2;2;2;4;1;0;2;2;2
Kupplungssatz;479;18780;36;0,0225;4;4;2;3;6;3;0;3;5;3
Kupplungssatz;479;4483;3;0,0019;1;1;1;2;1;1;0;1;1;1
Kupplungssatz;479;10609;5;0,0031;1;4;2;1;2;2;0;1;1;1
Kupplungssatz;479;109980;14;0,0087;2;2;1;2;4;0;0;2;0;0
Kupplungssatz;479;6296;2;0,0012;0;2;0;0;1;0;0;0;1;1
Kupplungssatz;479;152695;1;0,0006;0;0;0;0;0;0;0;0;0;0
Kupplungssatz;479;5230;9;0,0056;3;2;2;2;5;0;0;0;2;2
Kupplungssatz;479;16862;12;0,0075;2;3;2;1;3;2;0;1;1;2
Kupplungssatz;479;6303;8;0,005;1;1;1;1;1;0;0;0;1;1
Kupplungssatz;479;9380;2;0,0012;0;2;0;0;2;0;0;0;2;0
Kupplungssatz;479;9283;2;0,0012;2;2;0;1;1;2;0;0;0;1
Kupplungssatz;479;540;1;0,0006;1;1;2;1;1;0;0;0;1;1
Kupplungssatz;479;10311;41;0,0256;0;1;1;1;2;0;0;1;1;1
Kupplungssatz;479;137264;4;0,0025;0;2;1;1;2;0;0;0;2;2
Kupplungssatz;479;7864;2;0,0012;1;1;1;1;3;1;0;1;1;2
Kupplungssatz;479;32752;30;0,0187;3;6;2;4;9;1;0;1;5;5
Kupplungssatz;479;34749;1;0,0006;2;4;3;2;3;1;0;2;3;2
Kupplungssatz;479;22458;6;0,0037;1;4;0;2;5;0;0;0;0;3
Kupplungssatz;479;1793;1;0,0006;1;1;1;1;1;0;0;0;1;1
Kupplungssatz;479;8058;1;0,0006;1;3;2;2;4;0;0;1;4;5
Kupplungssatz;479;15769;2;0,0012;2;1;0;1;3;0;0;0;1;2
Kupplungssatz;479;18543;69;0,0431;3;1;2;1;1;3;0;1;1;1
Kupplungssatz;479;33305;17;0,0106;0;4;2;1;1;0;0;1;1;3
Kupplungssatz;479;8042;5;0,0031;1;2;1;1;3;1;0;0;1;1
Kupplungssatz;479;7793;2;0,0012;0;0;0;0;0;0;0;0;0;1
Kupplungssatz;479;100855;113;0,0706;2;1;0;2;2;1;0;0;1;2
Kupplungssatz;479;107797;45;0,0281;1;2;1;2;2;0;0;1;2;2
Kupplungssatz;479;108574;4;0,0025;0;2;2;2;5;0;0;0;2;3
Kupplungssatz;479;33243;15;0,0094;1;4;1;2;4;1;0;2;1;3
Kupplungssatz;479;34459;1;0,0006;2;3;0;1;3;0;0;0;1;0
Kupplungssatz;479;107970;67;0,0418;0;4;3;2;5;0;0;1;6;7
Kupplungssatz;479;138134;12;0,0075;3;3;3;0;3;0;0;1;0;5
Kupplungssatz;479;16556;2;0,0012;1;1;0;1;2;0;0;0;0;0
Kupplungssatz;479;137972;53;0,0331;0;1;1;2;5;0;0;2;1;1
Kupplungssatz;479;100793;13;0,0081;2;3;1;1;5;0;0;1;1;2
Kupplungssatz;479;55380;1;0,0006;0;2;2;2;2;0;0;0;2;3
Kupplungssatz;479;118486;14;0,0087;0;1;6;1;5;1;0;2;0;1
Kupplungssatz;479;7740;1;0,0006;2;2;1;3;4;0;0;0;2;2
Kupplungssatz;479;57184;9;0,0056;3;2;1;8;1;3;0;1;2;1
Kupplungssatz;479;115491;18;0,0112;2;4;1;2;1;1;0;2;0;2
Kupplungssatz;479;59219;1;0,0006;0;1;0;1;1;0;0;0;1;1
Kupplungssatz;479;4554;2;0,0012;1;1;0;1;1;1;0;0;2;0
Kupplungssatz;479;146151;2;0,0012;0;0;1;0;0;0;0;0;0;0
Kupplungssatz;479;19525;2;0,0012;2;2;1;0;2;0;0;0;0;2
Kupplungssatz;479;9992;21;0,0131;1;3;0;0;2;0;0;0;0;3
Kupplungssatz;479;731;6;0,0037;2;2;1;2;3;1;0;0;1;3
Kupplungssatz;479;28215;18;0,0112;0;2;1;2;1;0;0;0;2;3
Kupplungssatz;479;18024;2;0,0012;0;1;0;0;0;1;0;1;0;0
Kupplungssatz;479;17824;2;0,0012;0;3;3;3;7;0;0;0;2;4
Kupplungssatz;479;35666;1;0,0006;1;3;2;2;2;0;0;2;1;3
Kupplungssatz;479;16231;2;0,0012;0;1;1;1;3;0;0;0;1;1
Kupplungssatz;479;16205;31;0,0194;1;1;1;1;6;1;0;1;4;2
Kupplungssatz;479;5943;14;0,0087;1;4;3;2;8;1;0;2;1;3
Kupplungssatz;479;19922;10;0,0062;3;2;3;2;2;1;0;2;2;3
Kupplungssatz;479;138125;1;0,0006;1;4;1;2;4;0;0;0;2;4
Kupplungssatz;479;5559;1;0,0006;0;1;0;1;0;0;0;0;0;0
Kupplungssatz;479;55485;3;0,0019;0;2;2;2;2;0;0;0;2;2
Kupplungssatz;479;11118;6;0,0037;3;3;2;3;3;0;0;0;0;3
Kupplungssatz;479;19067;4;0,0025;3;2;1;1;3;0;0;0;0;1
Kupplungssatz;479;18145;13;0,0081;0;0;0;0;2;1;0;0;0;2
Kupplungssatz;479;7686;2;0,0012;2;3;0;2;2;0;0;1;3;0
Kupplungssatz;479;112350;1;0,0006;0;1;0;1;1;0;0;0;0;1
Kupplungssatz;479;8043;1;0,0006;1;3;1;2;3;1;0;0;3;3
Kupplungssatz;479;9816;8;0,005;3;4;1;2;2;1;0;1;2;3
Kupplungssatz;479;14600;1;0,0006;2;2;1;2;1;0;0;0;1;1
Kupplungssatz;479;19241;114;0,0712;1;2;2;2;2;1;0;1;1;2
Kupplungssatz;479;14535;14;0,0087;4;2;1;1;1;2;0;1;1;1
Kupplungssatz;479;118007;4;0,0025;3;2;0;2;4;0;0;0;3;4
Kupplungssatz;479;59490;43;0,0269;3;7;4;5;11;0;0;2;5;6
Kupplungssatz;479;115218;54;0,0337;2;2;0;2;3;1;0;1;2;1
Kupplungssatz;479;16861;1;0,0006;1;2;3;1;3;0;0;0;2;2
Kupplungssatz;479;141045;3;0,0019;0;0;0;1;0;0;0;0;0;1
Kupplungssatz;479;18994;1;0,0006;1;2;1;1;7;1;0;1;2;2
Kupplungssatz;479;147260;5;0,0031;0;2;0;2;1;0;0;0;0;0
Kupplungssatz;479;9011;1;0,0006;6;6;4;5;4;0;0;0;4;0
Kupplungssatz;479;127646;2;0,0012;1;4;0;0;0;0;0;0;0;1
Kupplungssatz;479;155016;4;0,0025;0;1;1;0;0;0;0;0;0;0
Kupplungssatz;479;5310;9;0,0056;0;3;6;1;2;0;0;0;3;3
Kupplungssatz;479;33335;3;0,0019;2;2;2;2;4;1;0;2;2;2
Kupplungssatz;479;131238;14;0,0087;0;3;0;2;0;0;0;0;2;2
Kupplungssatz;479;107074;3;0,0019;0;2;0;2;3;0;0;0;0;2
Kupplungssatz;479;57475;1;0,0006;1;1;1;1;3;1;0;1;0;2
Kupplungssatz;479;16281;23;0,0144;1;3;1;1;4;2;0;1;1;4
Kupplungssatz;479;17515;4;0,0025;8;5;6;5;4;1;0;1;5;5
Kupplungssatz;479;14838;3;0,0019;5;6;3;7;9;0;0;0;8;6
Kupplungssatz;479;105988;1;0,0006;2;2;2;2;4;1;0;2;0;2
Kupplungssatz;479;58185;10;0,0062;2;2;1;1;4;0;0;0;2;3
Kupplungssatz;479;24090;1;0,0006;0;0;0;0;0;0;0;0;0;0
Kupplungssatz;479;18011;1;0,0006;1;4;5;2;5;1;0;1;3;3
Kupplungssatz;479;105880;3;0,0019;1;1;1;1;4;1;0;1;1;1
Kupplungssatz;479;115673;44;0,0275;0;1;0;2;2;0;0;0;2;2
Kupplungssatz;479;126615;53;0,0331;0;2;2;1;1;0;0;1;3;2
Kupplungssatz;479;18601;27;0,0169;2;3;3;2;3;2;0;1;5;3
Kupplungssatz;479;2911;1;0,0006;1;2;2;0;2;0;0;0;1;2
Kupplungssatz;479;5738;3;0,0019;1;2;1;1;2;1;0;0;2;0
Kupplungssatz;479;3895;1;0,0006;2;1;1;1;1;0;0;0;1;1
Kupplungssatz;479;34931;11;0,0069;1;1;1;2;0;0;0;1;0;0
Kupplungssatz;479;129687;2;0,0012;0;1;3;3;3;0;0;0;3;4
Kupplungssatz;479;8747;9;0,0056;1;2;2;1;2;0;0;0;1;2
Kupplungssatz;479;119697;3;0,0019;0;2;2;2;4;1;0;2;2;2
Kupplungssatz;479;118189;1;0,0006;0;0;0;0;1;0;0;0;0;2
Kupplungssatz;479;127905;2;0,0012;0;2;2;1;1;0;0;0;0;0
Kupplungssatz;479;30401;13;0,0081;6;7;6;6;12;3;0;5;7;6
Kupplungssatz;479;146316;5;0,0031;0;1;0;1;2;0;0;0;0;0
Kupplungssatz;479;105727;27;0,0169;0;3;0;2;1;2;0;0;1;2
Kupplungssatz;479;18547;3;0,0019;0;1;1;1;0;1;0;1;1;1
Kupplungssatz;479;50;26;0,0162;1;1;1;1;1;0;0;0;1;1
Kupplungssatz;479;105738;10;0,0062;0;1;0;1;1;0;0;0;0;1
Kupplungssatz;479;19845;7;0,0044;0;1;3;1;2;0;0;0;1;1
Kupplungssatz;479;11422;2;0,0012;0;1;1;1;3;1;0;0;1;2
Kupplungssatz;479;7337;2;0,0012;1;1;0;2;3;1;0;0;0;3
Kupplungssatz;479;34067;3;0,0019;0;1;0;1;2;1;0;0;0;1
Kupplungssatz;479;19649;2;0,0012;0;3;1;3;3;0;0;0;0;2
Kupplungssatz;479;141855;1;0,0006;0;4;0;1;2;0;0;0;0;2
Kupplungssatz;479;33183;3;0,0019;0;1;1;1;1;1;0;2;0;1
Kupplungssatz;479;1911;1;0,0006;1;1;1;1;1;0;0;0;1;3
Kupplungssatz;479;50239;13;0,0081;1;3;1;1;3;1;0;1;1;3
Kupplungssatz;479;8530;2;0,0012;0;1;1;0;0;0;0;0;1;1
Kupplungssatz;479;142905;2;0,0012;0;3;0;3;1;0;0;0;0;4
Kupplungssatz;479;100644;25;0,0156;2;4;2;2;3;0;0;0;3;5
Kupplungssatz;479;18903;13;0,0081;3;4;1;2;4;2;0;0;3;4
Kupplungssatz;479;8969;40;0,025;1;1;1;1;2;1;0;0;1;0
Kupplungssatz;479;151740;1;0,0006;0;0;0;0;0;0;0;0;0;0
Kupplungssatz;479;136136;1;0,0006;0;0;0;0;0;0;0;0;0;0
Kupplungssatz;479;120701;1;0,0006;0;0;0;0;0;0;0;0;0;0
Kupplungssatz;479;2987;1;0,0006;0;0;0;0;1;0;0;0;0;1
Kupplungssatz;479;55717;2;0,0012;0;1;0;0;0;0;0;0;0;0
Kupplungssatz;479;10570;1;0,0006;0;2;4;2;2;0;0;0;2;7
Kupplungssatz;479;108012;6;0,0037;1;1;1;1;1;0;0;1;1;1
Kupplungssatz;479;110017;1;0,0006;1;1;0;1;1;0;0;1;0;1
Kupplungssatz;479;145851;2;0,0012;0;4;0;1;0;0;0;0;0;1
Kupplungssatz;479;100794;3;0,0019;1;2;1;2;4;0;0;1;1;2
Kupplungssatz;479;18286;1;0,0006;1;0;1;0;2;1;0;0;0;0
Kupplungssatz;479;105914;40;0,025;1;2;1;1;3;1;0;1;2;1
Kupplungssatz;479;31165;10;0,0062;2;2;2;2;2;0;0;0;2;4
Kupplungssatz;479;11139;1;0,0006;1;1;2;2;1;1;0;2;1;1
Kupplungssatz;479;10413;17;0,0106;0;1;0;1;1;0;0;0;0;1
Kupplungssatz;479;12492;5;0,0031;1;2;1;1;3;1;0;1;2;2
Kupplungssatz;479;7275;1;0,0006;1;1;0;1;0;0;0;0;1;0
Kupplungssatz;479;139163;29;0,0181;2;2;0;1;1;0;0;1;1;1
Kupplungssatz;479;17766;11;0,0069;3;4;3;2;10;1;0;2;5;3
Kupplungssatz;479;30471;1;0,0006;0;2;1;0;1;0;0;0;0;0
Kupplungssatz;479;4848;1;0,0006;1;3;0;0;3;0;0;0;1;1
Kupplungssatz;479;5099;1;0,0006;3;6;2;1;0;0;0;0;3;2
Kupplungssatz;479;857;2;0,0012;0;1;1;0;0;0;0;0;0;2
Kupplungssatz;479;4672;2;0,0012;0;0;0;0;0;0;0;0;0;1
Kupplungssatz;479;31010;1;0,0006;2;1;0;2;4;0;0;0;1;2
Kupplungssatz;479;31091;3;0,0019;1;6;3;4;6;1;0;2;2;4
Kupplungssatz;479;59078;10;0,0062;1;3;1;2;3;0;0;1;1;1
Kupplungssatz;479;6795;5;0,0031;1;1;0;0;1;0;0;0;1;1
Kupplungssatz;479;5793;2;0,0012;1;1;0;0;1;1;0;1;1;1
Kupplungssatz;479;16812;7;0,0044;2;1;1;2;3;3;0;1;1;2
Kupplungssatz;479;21150;3;0,0019;1;1;0;1;0;0;0;1;1;1
Kupplungssatz;479;126883;29;0,0181;1;2;0;1;3;1;0;1;1;2
Kupplungssatz;479;16262;2;0,0012;0;1;0;1;1;0;0;0;0;0
Kupplungssatz;479;1491;1;0,0006;1;2;1;1;4;2;0;1;1;2
Kupplungssatz;479;57451;8;0,005;3;1;2;1;5;1;0;0;2;1
Kupplungssatz;479;11126;18;0,0112;1;2;1;1;1;0;0;0;1;1
Kupplungssatz;479;16798;3;0,0019;0;1;0;0;1;0;0;0;1;1
Kupplungssatz;479;5204;2;0,0012;1;1;1;1;1;2;0;1;1;1
Kupplungssatz;479;16753;3;0,0019;2;2;1;2;1;1;0;0;1;3
Kupplungssatz;479;122488;2;0,0012;2;1;0;1;3;1;0;0;0;1
Kupplungssatz;479;134141;1;0,0006;0;1;0;1;1;1;0;1;1;1
Kupplungssatz;479;126609;2;0,0012;0;2;0;0;3;0;0;0;0;1
Kupplungssatz;479;117081;1;0,0006;0;2;0;0;0;0;0;0;0;2
Kupplungssatz;479;139208;2;0,0012;0;0;0;0;1;0;0;0;0;2
Kupplungssatz;479;55572;1;0,0006;1;2;1;2;2;2;0;1;1;3
Kupplungssatz;479;28151;9;0,0056;1;1;2;1;0;1;0;1;1;1
Kupplungssatz;479;16104;192;0,1199;1;1;1;1;4;1;0;1;1;1
Kupplungssatz;479;117835;11;0,0069;4;4;1;3;6;3;0;3;5;5
Kupplungssatz;479;58823;2;0,0012;1;2;1;2;3;0;0;2;1;5
Kupplungssatz;479;1943;1;0,0006;1;1;1;0;1;0;0;0;1;1
Kupplungssatz;479;59642;4;0,0025;3;3;0;2;2;0;0;0;0;3
Kupplungssatz;479;15107;70;0,0437;1;4;2;1;2;1;0;1;1;2
Kupplungssatz;479;113148;39;0,0244;0;1;0;1;2;0;0;0;1;1
Kupplungssatz;479;1839;24;0,015;1;1;1;1;2;1;0;0;1;1
Kupplungssatz;479;5296;1;0,0006;2;2;2;1;2;0;0;0;2;1
Kupplungssatz;479;127891;3;0,0019;2;0;0;0;1;0;0;0;0;0
Kupplungssatz;479;115185;7;0,0044;1;4;0;3;7;1;0;0;1;2
Kupplungssatz;479;113399;5;0,0031;0;1;0;1;2;0;0;0;0;1
Kupplungssatz;479;9135;1;0,0006;1;2;0;0;0;1;0;1;0;0
Kupplungssatz;479;23182;47;0,0294;0;2;4;2;4;0;0;0;0;2
Kupplungssatz;479;9853;6;0,0037;0;3;0;2;2;0;0;2;0;2
Kupplungssatz;479;59676;5;0,0031;0;5;4;3;5;0;0;2;2;4
Kupplungssatz;479;58187;9;0,0056;1;2;2;1;5;0;0;0;3;3
Kupplungssatz;479;423;1;0,0006;0;2;2;0;0;0;0;0;0;2
Kupplungssatz;479;109331;7;0,0044;3;2;2;2;4;0;0;0;3;4
Kupplungssatz;479;18068;23;0,0144;1;2;1;2;2;1;0;1;1;1
Kupplungssatz;479;30739;9;0,0056;2;3;2;1;5;0;0;2;2;4
Kupplungssatz;479;119768;27;0,0169;0;2;1;2;6;0;0;2;2;2
Kupplungssatz;479;18528;130;0,0812;1;2;0;1;0;1;0;1;1;1
Kupplungssatz;479;55091;44;0,0275;1;1;1;2;1;1;0;1;1;0
Kupplungssatz;479;19638;8;0,005;1;2;1;1;2;1;0;1;1;1
Kupplungssatz;479;17959;11;0,0069;0;1;0;0;0;0;0;0;0;1
Kupplungssatz;479;5886;19;0,0119;0;2;3;2;3;1;0;1;0;1
Kupplungssatz;479;10818;32;0,02;0;4;2;3;3;0;0;0;0;3
Kupplungssatz;479;13979;1;0,0006;3;4;2;0;2;0;0;0;2;3
Kupplungssatz;479;18277;1;0,0006;2;1;0;2;1;0;0;1;0;1
Kupplungssatz;479;17770;65;0,0406;5;6;5;5;10;1;0;4;7;6
Kupplungssatz;479;24505;4;0,0025;1;1;0;1;6;1;0;0;1;2
Kupplungssatz;479;11038;21;0,0131;3;3;3;3;4;0;0;3;5;6
Kupplungssatz;479;133787;4;0,0025;1;2;0;1;2;0;0;0;2;2
Kupplungssatz;479;23491;5;0,0031;2;2;2;2;3;1;0;2;2;4
Kupplungssatz;479;134283;6;0,0037;1;1;0;1;0;0;0;0;1;1
Kupplungssatz;479;4451;13;0,0081;1;1;1;1;3;1;0;1;1;1
Kupplungssatz;479;18015;21;0,0131;3;4;4;2;8;2;0;1;5;3
Kupplungssatz;479;17255;1;0,0006;1;0;0;0;2;0;0;0;0;2
Kupplungssatz;479;19016;1;0,0006;0;0;0;0;0;0;0;0;0;0
Kupplungssatz;479;136677;1;0,0006;1;1;0;0;2;0;0;0;0;0
Kupplungssatz;479;30821;8;0,005;0;2;1;1;1;0;0;0;1;1
Kupplungssatz;479;19680;1;0,0006;2;2;1;0;2;0;0;0;0;2
Kupplungssatz;479;17578;48;0,03;1;2;1;2;2;1;0;1;1;1
Kupplungssatz;479;4531;1;0,0006;0;1;0;1;0;1;0;0;0;0
Kupplungssatz;479;116224;3;0,0019;0;3;0;2;4;0;0;0;3;1
Kupplungssatz;479;4444;3;0,0019;1;1;0;1;2;1;0;1;1;2
Kupplungssatz;479;6320;2;0,0012;0;1;1;0;0;0;0;0;1;2
Kupplungssatz;479;143032;1;0,0006;0;0;0;1;2;0;0;1;3;3
Kupplungssatz;479;20853;1;0,0006;1;1;1;1;2;1;0;1;1;2
Kupplungssatz;479;31550;21;0,0131;1;2;2;0;3;1;0;0;2;1
Kupplungssatz;479;16992;3;0,0019;2;5;1;0;5;0;0;0;4;5
Kupplungssatz;479;19903;1;0,0006;1;1;1;1;1;1;0;1;0;2
Kupplungssatz;479;1944;1;0,0006;2;1;1;0;5;1;0;0;1;1
Kupplungssatz;479;138869;9;0,0056;0;1;0;1;2;0;0;0;0;2
Kupplungssatz;479;3019;1;0,0006;0;0;0;0;0;0;0;0;0;2
Kupplungssatz;479;145361;4;0,0025;0;3;0;2;2;0;0;0;0;0
Kupplungssatz;479;32799;5;0,0031;0;2;0;2;6;0;0;0;0;2
Kupplungssatz;479;10997;1;0,0006;0;2;1;0;2;0;0;0;0;0
Kupplungssatz;479;3728;7;0,0044;1;1;1;1;2;0;0;0;1;1
Kupplungssatz;479;3931;7;0,0044;2;1;1;1;1;1;0;0;1;1
Kupplungssatz;479;15694;4;0,0025;0;0;0;0;2;0;0;0;0;1
Kupplungssatz;479;21592;2;0,0012;2;3;0;2;3;2;0;1;2;3
Kupplungssatz;479;19213;1;0,0006;5;3;2;3;3;2;0;2;2;3
Kupplungssatz;479;27461;4;0,0025;1;1;1;1;3;0;0;0;0;0
Kupplungssatz;479;18920;9;0,0056;1;4;3;2;11;1;0;1;3;3
Kupplungssatz;479;10969;1;0,0006;0;2;2;3;1;0;0;0;2;0
Kupplungssatz;479;5928;6;0,0037;1;3;1;1;3;1;0;1;1;0
Kupplungssatz;479;13973;4;0,0025;2;5;1;0;3;1;0;0;3;3
Kupplungssatz;479;4714;2;0,0012;9;7;10;5;9;1;0;1;9;8
Kupplungssatz;479;467;1;0,0006;2;3;2;2;2;0;0;0;2;2
Kupplungssatz;479;12319;5;0,0031;3;3;4;2;4;0;0;1;2;7
Kupplungssatz;479;31968;7;0,0044;0;4;5;4;7;2;0;2;3;5
Kupplungssatz;479;18952;2;0,0012;4;3;4;2;2;0;0;3;3;3
Kupplungssatz;479;116775;5;0,0031;0;1;0;1;4;0;0;0;0;1
Kupplungssatz;479;56739;21;0,0131;1;2;1;1;4;2;0;1;1;5
Kupplungssatz;479;11872;12;0,0075;1;2;2;1;7;1;0;1;2;3
Kupplungssatz;479;140419;1;0,0006;0;2;0;2;0;0;0;0;0;0
Kupplungssatz;479;7820;3;0,0019;1;1;0;1;0;1;0;0;0;1
Kupplungssatz;479;145369;3;0,0019;0;1;0;1;4;1;0;1;0;0
Kupplungssatz;479;26578;33;0,0206;2;6;5;3;9;0;0;1;5;6
Kupplungssatz;479;19159;2;0,0012;0;1;0;1;1;0;0;0;0;1
Kupplungssatz;479;20082;4;0,0025;3;2;0;2;2;3;0;1;2;2
Kupplungssatz;479;17436;1;0,0006;2;3;2;1;1;0;0;1;2;2
Kupplungssatz;479;114329;4;0,0025;1;4;3;2;2;0;0;1;1;3
Kupplungssatz;479;117583;5;0,0031;0;1;1;1;3;0;0;0;0;1
Kupplungssatz;479;34285;1;0,0006;2;4;1;1;3;0;0;0;1;4
Kupplungssatz;479;4637;2;0,0012;0;1;1;0;0;0;0;0;1;1
Kupplungssatz;479;19581;11;0,0069;1;1;1;1;1;0;0;0;1;1
Kupplungssatz;479;18761;47;0,0294;3;6;3;2;7;1;0;1;7;6
Kupplungssatz;479;131198;6;0,0037;2;3;2;2;3;0;0;0;3;5
Kupplungssatz;479;16982;9;0,0056;1;4;1;2;5;1;0;2;2;2
Kupplungssatz;479;14793;1;0,0006;0;3;1;2;2;0;0;0;2;2
Kupplungssatz;479;19206;12;0,0075;1;1;1;1;2;0;0;0;1;1
Kupplungssatz;479;55384;8;0,005;1;3;2;2;3;1;0;1;1;3
Kupplungssatz;479;18269;1;0,0006;0;2;2;3;2;0;0;0;2;2
Kupplungssatz;479;31130;2;0,0012;2;2;2;2;3;3;0;1;2;2
Kupplungssatz;479;12148;2;0,0012;1;2;1;1;4;1;0;1;1;4
Kupplungssatz;479;112393;2;0,0012;3;2;2;2;4;0;0;0;3;4
Kupplungssatz;479;31524;5;0,0031;3;4;2;4;4;0;0;0;4;6
Kupplungssatz;479;120275;5;0,0031;4;4;2;3;5;3;0;3;5;3
Kupplungssatz;479;113289;8;0,005;0;2;0;2;3;0;0;0;0;2
Kupplungssatz;479;56729;28;0,0175;2;2;2;2;4;1;0;2;3;2
Kupplungssatz;479;147105;3;0,0019;0;1;0;0;0;0;0;0;0;1
Kupplungssatz;479;16330;145;0,0906;1;2;1;1;4;1;0;1;2;1
Kupplungssatz;479;155002;1;0,0006;0;0;0;0;0;0;0;0;0;0
Kupplungssatz;479;26236;1;0,0006;1;0;1;1;1;0;0;0;0;0
Kupplungssatz;479;4480;47;0,0294;1;1;2;2;1;1;0;1;1;1
Kupplungssatz;479;10689;6;0,0037;2;3;5;1;1;0;0;0;2;1
Kupplungssatz;479;146617;9;0,0056;0;0;0;1;3;0;0;0;0;3
Kupplungssatz;479;16381;50;0,0312;1;3;0;1;1;1;0;1;1;1
Kupplungssatz;479;18908;3;0,0019;0;2;0;0;3;0;0;0;2;1
Kupplungssatz;479;12039;1;0,0006;2;3;2;1;3;2;0;1;1;2
Kupplungssatz;479;55636;7;0,0044;1;2;0;2;3;2;0;0;2;2
Kupplungssatz;479;8682;2;0,0012;1;1;1;1;4;0;0;0;1;1
Kupplungssatz;479;123363;8;0,005;0;3;1;2;3;0;0;1;0;8
Kupplungssatz;479;5269;9;0,0056;2;1;1;1;3;4;0;1;0;1
Kupplungssatz;479;31521;3;0,0019;3;2;2;2;3;1;0;0;3;3
Kupplungssatz;479;141268;5;0,0031;0;2;0;2;0;0;0;0;0;2
Kupplungssatz;479;7783;1;0,0006;1;1;0;0;1;0;0;0;1;2
Kupplungssatz;479;12928;8;0,005;2;0;0;2;2;1;0;1;2;2
Kupplungssatz;479;23276;1;0,0006;0;2;0;0;3;0;0;0;0;2
Kupplungssatz;479;967;5;0,0031;1;3;0;0;2;0;0;0;1;3
Kupplungssatz;479;801;2;0,0012;1;2;1;0;1;0;0;0;1;2
Kupplungssatz;479;123822;1;0,0006;0;0;0;0;1;0;0;0;0;1
Kupplungssatz;479;59059;1;0,0006;1;1;1;1;1;1;0;1;1;0
Kupplungssatz;479;15528;7;0,0044;0;3;1;0;4;0;0;0;3;3
Kupplungssatz;479;7977;5;0,0031;1;2;2;2;7;2;0;0;2;3
Kupplungssatz;479;3385;1;0,0006;1;1;0;2;0;2;0;1;1;1
Kupplungssatz;479;20790;1;0,0006;0;0;0;0;0;3;0;0;0;0
Kupplungssatz;479;105876;9;0,0056;0;3;3;1;4;1;0;1;1;4
Kupplungssatz;479;17973;47;0,0294;0;2;3;1;3;1;0;1;1;1
Kupplungssatz;479;15568;4;0,0025;1;1;1;1;4;1;0;0;1;0
Kupplungssatz;479;27254;3;0,0019;0;1;1;0;0;0;0;0;0;0
Kupplungssatz;479;30812;1;0,0006;3;3;4;1;3;0;0;0;3;2
Kupplungssatz;479;56734;2;0,0012;0;1;0;0;0;0;0;0;0;1
Kupplungssatz;479;115183;6;0,0037;0;1;1;1;3;1;0;1;1;1
Kupplungssatz;479;32902;2;0,0012;3;3;4;3;4;0;0;1;3;7
Kupplungssatz;479;108486;1;0,0006;0;1;0;2;2;1;0;0;0;3
Kupplungssatz;479;50282;5;0,0031;1;1;1;1;2;1;0;1;1;2
Kupplungssatz;479;5110;5;0,0031;2;2;0;1;2;0;0;0;0;1
Kupplungssatz;479;124225;6;0,0037;2;3;1;1;4;0;0;1;1;2
Kupplungssatz;479;4302;1;0,0006;1;1;1;1;1;0;0;1;1;1
Kupplungssatz;479;2437;1;0,0006;0;0;0;0;2;0;0;0;2;1
Kupplungssatz;479;107498;1;0,0006;3;2;1;2;2;0;0;0;2;0
Kupplungssatz;479;31100;3;0,0019;1;2;1;1;1;0;0;0;1;2
Kupplungssatz;479;14597;75;0,0468;1;3;3;3;0;4;0;2;3;3
Kupplungssatz;479;30974;79;0,0493;1;6;2;2;4;1;0;2;1;5
Kupplungssatz;479;133107;2;0,0012;1;2;1;4;4;1;0;2;1;3
Kupplungssatz;479;23162;57;0,0356;1;2;3;1;2;0;0;1;1;2
Kupplungssatz;479;11239;3;0,0019;1;2;0;1;1;1;0;1;0;0
Kupplungssatz;479;33054;22;0,0137;2;1;1;1;2;0;0;0;2;2
Kupplungssatz;479;120718;4;0,0025;1;1;1;1;2;0;0;0;1;1
Kupplungssatz;479;18106;20;0,0125;3;4;4;2;8;2;0;1;5;3
Kupplungssatz;479;106262;7;0,0044;3;3;2;3;3;0;0;2;3;4
Kupplungssatz;479;119841;18;0,0112;0;1;0;2;1;1;0;0;0;2
Kupplungssatz;479;5277;2;0,0012;2;1;0;1;3;1;0;0;1;2
Kupplungssatz;479;18933;17;0,0106;2;2;1;1;4;2;0;0;2;3
Kupplungssatz;479;122149;1;0,0006;0;0;0;0;1;0;0;0;0;1
Kupplungssatz;479;6308;2;0,0012;1;1;1;1;1;0;0;0;1;1
Kupplungssatz;479;121962;30;0,0187;3;3;2;3;3;0;0;2;3;4
