GENART_DESC;GENARTNR;TYPENR;BSK_POS;ART_CNT;KHER;KMOD;KW;BJVON;BJBIS;PS;CCMTECH
"Kupplungssatz";479;1;74;3;"OPEL";"CORSA D (S07)";66;200607;201408;90;1364
"Kupplungssatz";479;19;1;1;"BMW";"3 (E21)";105;197801;198210;143;2316
"Kupplungssatz";479;21;1;1;"BMW";"3 (E30)";73;198709;199106;100;1596
"Kupplungssatz";479;22;1;2;"BMW";"3 (E30)";75;198412;198808;102;1766
"Kupplungssatz";479;23;1;2;"BMW";"3 (E30)";77;198209;198708;105;1766
"Kupplungssatz";479;25;3;4;"RENAULT";"MEGANE CC (EZ0/1_)";81;201006;;110;1598
"Kupplungssatz";479;26;84;0;"SUZUKI";"SWIFT IV (FZ, NZ)";69;201010;;94;1242
"Kupplungssatz";479;27;5;1;"BMW";"3 (E30)";83;198706;199112;113;1796
"Kupplungssatz";479;28;4;1;"BMW";"3 (E30)";100;198909;199108;136;1796
"Kupplungssatz";479;29;4;1;"BMW";"3 (E30)";95;198610;199104;129;1990
"Kupplungssatz";479;32;1;1;"BMW";"3 (E30)";147;198702;198905;200;2302
"Kupplungssatz";479;35;1;1;"BMW";"3 (E30)";158;198601;199012;215;2302
"Kupplungssatz";479;37;3;1;"BMW";"3 (E30)";125;198612;199106;170;2494
"Kupplungssatz";479;42;1;1;"BMW";"3 (E30)";63;198509;199012;86;2443
"Kupplungssatz";479;44;2;1;"BMW";"3 Touring (E30)";83;198904;199406;113;1796
"Kupplungssatz";479;49;2;1;"BMW";"3 (E36)";73;199103;199308;100;1596
"Kupplungssatz";479;50;26;1;"BMW";"3 (E36)";75;199309;199805;102;1596
"Kupplungssatz";479;51;10;1;"BMW";"3 (E36)";83;199009;199308;113;1796
"Kupplungssatz";479;52;3;2;"BMW";"3 (E36)";103;199309;199512;140;1796
"Kupplungssatz";479;53;10;2;"BMW";"3 Coupe (E36)";103;199201;199512;140;1796
"Kupplungssatz";479;54;4;2;"BMW";"3 (E36)";110;199101;199802;150;1990
"Kupplungssatz";479;55;1;2;"BMW";"3 Coupe (E36)";110;199112;199811;150;1990
"Kupplungssatz";479;56;20;0;"SUZUKI";"SWIFT IV (FZ, NZ)";69;201010;;94;1242
"Kupplungssatz";479;57;5;4;"SUZUKI";"SWIFT IV (FZ, NZ)";55;201010;;75;1248
"Kupplungssatz";479;59;7;1;"BMW";"3 (E36)";141;199009;199512;192;2494
"Kupplungssatz";479;60;9;2;"FORD";"C-MAX II (DXA/CB7, DXA/CEU)";92;201012;201906;125;1596
"Kupplungssatz";479;61;7;1;"BMW";"3 Coupe (E36)";141;199110;199502;192;2494
"Kupplungssatz";479;62;2;1;"BMW";"3 (E36)";85;199109;199802;115;2497
"Kupplungssatz";479;66;7;2;"FORD";"C-MAX II (DXA/CB7, DXA/CEU)";77;201012;201906;105;1596
"Kupplungssatz";479;68;38;3;"FORD";"C-MAX II (DXA/CB7, DXA/CEU)";110;201012;201906;150;1596
"Kupplungssatz";479;69;6;3;"FORD";"C-MAX II (DXA/CB7, DXA/CEU)";134;201012;201906;182;1596
"Kupplungssatz";479;70;6;3;"FORD";"C-MAX II (DXA/CB7, DXA/CEU)";70;201012;201906;95;1560
"Kupplungssatz";479;71;55;3;"FORD";"C-MAX II (DXA/CB7, DXA/CEU)";85;201012;201906;115;1560
"Kupplungssatz";479;72;4;2;"FORD";"GRAND C-MAX (DXA/CB7, DXA/CEU)";77;201012;201906;105;1596
"Kupplungssatz";479;73;9;2;"FORD";"GRAND C-MAX (DXA/CB7, DXA/CEU)";92;201012;201906;125;1596
"Kupplungssatz";479;74;30;3;"FORD";"GRAND C-MAX (DXA/CB7, DXA/CEU)";110;201012;201906;150;1596
"Kupplungssatz";479;75;1;3;"FORD";"GRAND C-MAX (DXA/CB7, DXA/CEU)";134;201012;201906;182;1596
"Kupplungssatz";479;76;7;3;"FORD";"GRAND C-MAX (DXA/CB7, DXA/CEU)";70;201012;201906;95;1560
"Kupplungssatz";479;77;38;3;"FORD";"GRAND C-MAX (DXA/CB7, DXA/CEU)";85;201012;201906;115;1560
"Kupplungssatz";479;95;1;0;"ALFA ROMEO";"33 (905_)";77;198809;198912;105;1712
"Kupplungssatz";479;141;1;1;"ALFA ROMEO";"155 (167_)";93;199203;199612;127;1773
"Kupplungssatz";479;152;1;1;"ALFA ROMEO";"164 (164_)";109;198706;199209;148;1962
"Kupplungssatz";479;161;1;1;"ALFA ROMEO";"164 (164_)";135;198706;199209;184;2959
"Kupplungssatz";479;195;1;1;"ALFA ROMEO";"GIULIA (105_)";64;197401;197812;87;1290
"Kupplungssatz";479;197;1;1;"ALFA ROMEO";"SPIDER (105_)";64;196801;197712;87;1290
"Kupplungssatz";479;203;3;1;"ALFA ROMEO";"SPIDER (115_)";85;198608;199012;116;1962
"Kupplungssatz";479;205;8;1;"ALFA ROMEO";"SPIDER (115_)";93;197701;199312;126;1962
"Kupplungssatz";479;207;3;1;"ALFA ROMEO";"SPIDER (115_)";88;199001;199312;120;1962
"Kupplungssatz";479;214;11;3;"VW";"PASSAT B7 (362)";90;201008;201412;122;1390
"Kupplungssatz";479;218;1;1;"BMW";"5 (E12)";135;197908;198106;184;2788
"Kupplungssatz";479;226;1;1;"BMW";"5 (E28)";63;198603;198712;86;2443
"Kupplungssatz";479;230;1;2;"BMW";"5 (E28)";92;198303;198712;125;2693
"Kupplungssatz";479;237;2;1;"BMW";"5 (E34)";95;198706;199009;129;1990
"Kupplungssatz";479;238;8;2;"BMW";"5 (E34)";110;199004;199508;150;1990
"Kupplungssatz";479;241;1;2;"BMW";"5 (E34)";141;199003;199508;192;2494
"Kupplungssatz";479;243;3;1;"BMW";"5 (E34)";105;199109;199508;143;2497
"Kupplungssatz";479;247;1;1;"BMW";"5 (E34)";232;198809;199203;315;3535
"Kupplungssatz";479;251;1;2;"BMW";"5 Touring (E34)";110;199107;199607;150;1990
"Kupplungssatz";479;268;1;1;"BMW";"2.5-3.2 Coupe (E9)";147;197107;197603;200;2985
"Kupplungssatz";479;269;2;9;"VW";"PASSAT B7 (362)";118;201008;201412;160;1798
"Kupplungssatz";479;270;1;2;"BMW";"6 (E24)";135;197909;198708;184;2788
"Kupplungssatz";479;288;1;2;"BMW";"7 (E32)";155;198606;199207;211;3430
"Kupplungssatz";479;293;24;2;"VW";"PASSAT B7 (362)";77;201008;201412;105;1598
"Kupplungssatz";479;294;72;8;"VW";"PASSAT B7 (362)";103;201008;201412;140;1968
"Kupplungssatz";479;295;6;8;"VW";"PASSAT B7 (362)";103;201008;201412;140;1968
"Kupplungssatz";479;296;3;2;"VW";"PASSAT B7 (362)";125;201008;201412;170;1968
"Kupplungssatz";479;298;1;1;"BMW";"3 Cabriolet (E30)";83;199009;199310;113;1796
"Kupplungssatz";479;299;7;1;"BMW";"3 Cabriolet (E30)";95;198605;199311;129;1990
"Kupplungssatz";479;300;7;1;"BMW";"3 Cabriolet (E30)";125;198708;199311;170;2494
"Kupplungssatz";479;301;2;1;"BMW";"3 Cabriolet (E30)";126;198512;198712;171;2494
"Kupplungssatz";479;302;10;2;"BMW";"3 Cabriolet (E36)";110;199312;199911;150;1990
"Kupplungssatz";479;303;1;1;"BMW";"3 Cabriolet (E36)";141;199303;199508;192;2494
"Kupplungssatz";479;309;11;1;"MERCEDES-BENZ";"190 (W201)";80;199004;199308;109;1797
"Kupplungssatz";479;311;1;2;"MERCEDES-BENZ";"190 (W201)";83;198502;198612;113;1996
"Kupplungssatz";479;313;1;1;"MERCEDES-BENZ";"190 (W201)";75;198601;199005;102;1996
"Kupplungssatz";479;314;1;0;"VW";"PASSAT B7 (362)";125;201008;201301;170;1968
"Kupplungssatz";479;315;4;4;"VW";"PASSAT B7 (362)";110;201008;201412;150;1390
"Kupplungssatz";479;317;64;3;"VW";"PASSAT B7 Variant (365)";90;201008;201412;122;1390
"Kupplungssatz";479;318;2;2;"MERCEDES-BENZ";"190 (W201)";87;198501;199308;118;1996
"Kupplungssatz";479;319;5;2;"MERCEDES-BENZ";"190 (W201)";90;198210;199306;122;1996
"Kupplungssatz";479;322;1;1;"FORD";"FIESTA II (FBD)";36;198605;198902;49;1117
"Kupplungssatz";479;326;5;9;"VW";"PASSAT B7 Variant (365)";118;201008;201412;160;1798
"Kupplungssatz";479;327;89;2;"VW";"PASSAT B7 Variant (365)";77;201008;201412;105;1598
"Kupplungssatz";479;339;1;2;"MERCEDES-BENZ";"190 (W201)";100;198610;199308;136;2298
"Kupplungssatz";479;346;4;2;"VW";"PASSAT B7 Variant (365)";155;201011;201512;210;1984
"Kupplungssatz";479;348;10;1;"MERCEDES-BENZ";"190 (W201)";53;198308;198908;72;1997
"Kupplungssatz";479;349;20;1;"MERCEDES-BENZ";"190 (W201)";55;198908;199308;75;1997
"Kupplungssatz";479;350;1;2;"MERCEDES-BENZ";"190 (W201)";66;198504;199308;90;2497
"Kupplungssatz";479;353;3;2;"MERCEDES-BENZ";"190 (W201)";69;198908;199308;94;2497
"Kupplungssatz";479;354;2;1;"MERCEDES-BENZ";"190 (W201)";90;198802;199308;122;2497
"Kupplungssatz";479;356;445;8;"VW";"PASSAT B7 Variant (365)";103;201008;201412;140;1968
"Kupplungssatz";479;357;41;8;"VW";"PASSAT B7 Variant (365)";103;201008;201412;140;1968
"Kupplungssatz";479;358;30;1;"VW";"PASSAT B7 Variant (365)";125;201008;201412;170;1968
"Kupplungssatz";479;359;1;0;"VW";"PASSAT B7 Variant (365)";125;201008;201301;170;1968
"Kupplungssatz";479;361;2;4;"VW";"PASSAT B7 Variant (365)";110;201008;201412;150;1390
"Kupplungssatz";479;370;44;4;"RENAULT";"MEGANE III Grandtour (KZ0/1)";78;200902;;106;1461
"Kupplungssatz";479;371;24;4;"RENAULT";"MEGANE III Schrägheck (BZ0/1_, B3_)";78;200902;;106;1461
"Kupplungssatz";479;376;3;2;"MITSUBISHI";"ASX (GA_W_)";85;201006;;116;1798
"Kupplungssatz";479;377;2;2;"MERCEDES-BENZ";"/8 (W114)";88;196801;197611;120;2292
"Kupplungssatz";479;385;1;2;"MERCEDES-BENZ";"/8 Coupe (W114)";110;196904;197204;150;2496
"Kupplungssatz";479;401;2;3;"MERCEDES-BENZ";"123 Stufenheck (W123)";80;198006;198511;109;1996
"Kupplungssatz";479;402;1;2;"MERCEDES-BENZ";"123 Stufenheck (W123)";100;198004;198512;136;2299
"Kupplungssatz";479;409;1;4;"MERCEDES-BENZ";"123 Stufenheck (W123)";44;197903;198511;60;1988
"Kupplungssatz";479;412;3;4;"MERCEDES-BENZ";"123 Stufenheck (W123)";53;197903;198511;72;2399
"Kupplungssatz";479;413;1;3;"MERCEDES-BENZ";"123 Stufenheck (W123)";48;197602;197902;65;2399
"Kupplungssatz";479;416;2;3;"MERCEDES-BENZ";"123 Stufenheck (W123)";65;197903;198511;88;2998
"Kupplungssatz";479;418;1;6;"SAAB";"9-5 (YS3G)";140;201005;201201;190;1956
"Kupplungssatz";479;422;1;3;"MERCEDES-BENZ";"123 T-Model (S123)";80;198011;198511;109;1997
"Kupplungssatz";479;423;1;2;"MERCEDES-BENZ";"123 T-Model (S123)";100;198004;198511;136;2299
"Kupplungssatz";479;430;10;1;"CHEVROLET";"MATIZ (M200, M250)";38;200503;200712;52;796
"Kupplungssatz";479;434;16;1;"CITROËN";"C4 II (NC_)";88;200911;201612;120;1598
"Kupplungssatz";479;437;3;1;"MERCEDES-BENZ";"124 Stufenheck (W124)";87;198809;199308;118;1996
"Kupplungssatz";479;439;2;2;"MERCEDES-BENZ";"124 Stufenheck (W124)";97;198412;199203;132;2298
"Kupplungssatz";479;440;2;2;"MERCEDES-BENZ";"124 Stufenheck (W124)";100;198501;199306;136;2298
"Kupplungssatz";479;443;1;2;"MERCEDES-BENZ";"124 Stufenheck (W124)";122;198509;198912;166;2597
"Kupplungssatz";479;446;1;1;"MERCEDES-BENZ";"124 Stufenheck (W124)";132;198508;199208;180;2960
"Kupplungssatz";479;450;1;1;"MERCEDES-BENZ";"124 Stufenheck (W124)";53;198412;198908;72;1997
"Kupplungssatz";479;451;9;1;"MERCEDES-BENZ";"124 Stufenheck (W124)";55;198908;199306;75;1997
"Kupplungssatz";479;452;8;2;"MERCEDES-BENZ";"124 Stufenheck (W124)";66;198504;199306;90;2497
"Kupplungssatz";479;454;1;2;"MERCEDES-BENZ";"E-CLASS (W124)";83;199307;199506;113;2497
"Kupplungssatz";479;455;1;1;"MERCEDES-BENZ";"124 Stufenheck (W124)";93;198809;199306;126;2497
"Kupplungssatz";479;463;5;1;"CITROËN";"C4 II (NC_)";70;200911;;95;1397
"Kupplungssatz";479;467;1;2;"CITROËN";"C4 II (NC_)";115;200911;201612;156;1598
"Kupplungssatz";479;468;3;0;"MERCEDES-BENZ";"E-CLASS (W124)";100;199306;199506;136;1998
"Kupplungssatz";479;469;1;3;"MERCEDES-BENZ";"E-CLASS (W124)";110;199306;199506;150;2199
"Kupplungssatz";479;470;34;2;"CITROËN";"C4 II (NC_)";68;200911;;92;1560
"Kupplungssatz";479;471;2;0;"MITSUBISHI";"OUTLANDER II (CW_W)";108;200611;201211;147;1998
"Kupplungssatz";479;472;5;5;"CITROËN";"C4 II (NC_)";82;200911;;112;1560
"Kupplungssatz";479;475;5;6;"CITROËN";"C4 II (NC_)";110;200911;;150;1997
"Kupplungssatz";479;476;2;5;"MITSUBISHI";"OUTLANDER II (CW_W)";130;200611;201211;177;2268
"Kupplungssatz";479;484;2;1;"MERCEDES-BENZ";"124 T-Model (S124)";87;198809;199208;118;1996
"Kupplungssatz";479;494;2;2;"MERCEDES-BENZ";"124 T-Model (S124)";66;198509;199306;90;2497
"Kupplungssatz";479;497;1;2;"MERCEDES-BENZ";"124 T-Model (S124)";81;198901;199306;110;2996
"Kupplungssatz";479;500;3;5;"MITSUBISHI";"OUTLANDER II (CW_W)";130;200611;201211;177;2268
"Kupplungssatz";479;503;9;2;"CHEVROLET";"MATIZ (M200, M250)";49;200503;201103;67;995
"Kupplungssatz";479;504;95;2;"FIAT";"PANDA (169_)";51;201003;201308;69;1242
"Kupplungssatz";479;507;1;0;"MERCEDES-BENZ";"E-CLASS T-Model (S124)";100;199306;199606;136;1998
"Kupplungssatz";479;508;2;3;"MERCEDES-BENZ";"E-CLASS T-Model (S124)";110;199306;199606;150;2199
"Kupplungssatz";479;519;22;2;"SEAT";"ALHAMBRA (710, 711)";110;201006;201504;150;1390
"Kupplungssatz";479;520;75;8;"SEAT";"ALHAMBRA (710, 711)";103;201006;;140;1968
"Kupplungssatz";479;521;14;3;"SEAT";"ALHAMBRA (710, 711)";125;201006;201302;170;1968
"Kupplungssatz";479;523;18;2;"SEAT";"IBIZA IV (6J5, 6P1)";44;200907;201105;60;1198
"Kupplungssatz";479;527;1;2;"MERCEDES-BENZ";"S-CLASS Stufenheck (W108, W109)";118;196801;197208;160;2778
"Kupplungssatz";479;538;1;2;"OPEL";"CORSA A CC (S83)";51;198209;198910;70;1297
"Kupplungssatz";479;540;1;1;"OPEL";"CORSA A CC (S83)";37;198709;199303;50;1488
"Kupplungssatz";479;542;2;2;"OPEL";"CORSA A CC (S83)";33;198209;199008;45;1196
"Kupplungssatz";479;544;1;1;"OPEL";"CORSA A CC (S83)";44;199001;199303;60;1389
"Kupplungssatz";479;588;1;1;"OPEL";"KADETT D (31_-34_, 41_-44_)";44;197908;198408;60;1297
"Kupplungssatz";479;603;1;1;"OPEL";"KADETT E CC (T85)";55;199001;199108;75;1389
"Kupplungssatz";479;604;1;1;"OPEL";"KADETT E CC (T85)";55;198609;199108;75;1598
"Kupplungssatz";479;610;1;1;"OPEL";"KADETT E CC (T85)";85;198609;199108;115;1998
"Kupplungssatz";479;612;2;0;"OPEL";"KADETT E CC (T85)";110;198803;199108;150;1998
"Kupplungssatz";479;617;1;2;"OPEL";"KADETT E (T85)";40;198409;198607;55;1196
"Kupplungssatz";479;629;1;1;"OPEL";"KADETT E (T85)";44;199001;199108;60;1389
"Kupplungssatz";479;648;20;1;"SEAT";"IBIZA IV SC (6J1, 6P5)";55;201005;201505;75;1199
"Kupplungssatz";479;676;1;1;"FORD";"ESCORT IV (GAF, AWF, ABFT)";44;198601;199007;60;1297
"Kupplungssatz";479;679;1;1;"FORD";"ESCORT IV (GAF, AWF, ABFT)";55;198601;199007;75;1392
"Kupplungssatz";479;682;1;2;"MERCEDES-BENZ";"S-CLASS (W126)";115;197912;198507;156;2746
"Kupplungssatz";479;683;1;2;"MERCEDES-BENZ";"S-CLASS (W126)";136;197910;198507;185;2746
"Kupplungssatz";479;689;1;1;"FORD";"ESCORT IV (GAF, AWF, ABFT)";97;198601;199007;132;1597
"Kupplungssatz";479;711;2;4;"PEUGEOT";"508 I (8D_)";115;201011;201812;156;1598
"Kupplungssatz";479;712;5;4;"PEUGEOT";"508 SW I (8E_)";115;201011;201812;156;1598
"Kupplungssatz";479;713;9;6;"PEUGEOT";"508 I (8D_)";82;201011;201812;112;1560
"Kupplungssatz";479;714;27;6;"PEUGEOT";"508 SW I (8E_)";82;201011;201812;112;1560
"Kupplungssatz";479;717;10;6;"PEUGEOT";"508 I (8D_)";103;201011;201812;140;1997
"Kupplungssatz";479;720;2;0;"MERCEDES-BENZ";"PAGODE (W113)";110;196301;196701;150;2306
"Kupplungssatz";479;722;1;0;"MERCEDES-BENZ";"PAGODE (W113)";125;196801;197103;170;2780
"Kupplungssatz";479;730;17;6;"PEUGEOT";"508 SW I (8E_)";103;201011;201812;140;1997
"Kupplungssatz";479;731;6;3;"PEUGEOT";"508 I (8D_)";120;201011;201812;163;1997
"Kupplungssatz";479;732;7;3;"PEUGEOT";"508 SW I (8E_)";120;201011;201812;163;1997
"Kupplungssatz";479;741;2;0;"FORD";"SIERRA II (GBG, GB4)";55;198701;199302;75;1597
"Kupplungssatz";479;750;1;0;"FORD";"SIERRA II (GBG, GB4)";77;198701;199302;105;1993
"Kupplungssatz";479;755;1;0;"FORD";"SIERRA II (GBG, GB4)";55;198808;199302;75;1753
"Kupplungssatz";479;756;3;7;"SEAT";"LEON (1P1)";66;201011;201212;90;1598
"Kupplungssatz";479;762;29;9;"SEAT";"LEON (1P1)";77;201002;201212;105;1598
"Kupplungssatz";479;779;9;4;"SUZUKI";"SX4 Stufenheck (GY, RW)";88;200710;;120;1586
"Kupplungssatz";479;780;1;0;"FORD";"SIERRA II (GBG, GB4)";74;198701;199302;100;1993
"Kupplungssatz";479;782;1;0;"FORD";"SIERRA II Schrägheck (GBC, GBG)";85;198701;199302;115;1993
"Kupplungssatz";479;801;2;2;"MERCEDES-BENZ";"124 Coupe (C124)";100;198703;199212;136;2298
"Kupplungssatz";479;803;17;1;"NISSAN";"NP300 PICKUP (D22)";98;200804;;133;2488
"Kupplungssatz";479;816;2;4;"SUZUKI";"SX4 (EY, GY)";82;201007;;112;1490
"Kupplungssatz";479;835;23;1;"SUZUKI";"SPLASH (EX)";69;201009;;94;1242
"Kupplungssatz";479;836;2;2;"MITSUBISHI";"ASX (GA_W_)";85;201006;;116;1798
"Kupplungssatz";479;843;4;0;"TOYOTA";"LAND CRUISER PRADO (_J15_)";140;200908;;190;2982
"Kupplungssatz";479;848;1;1;"TOYOTA";"URBAN CRUISER (_P1_)";73;200901;201603;99;1329
"Kupplungssatz";479;850;18;2;"OPEL";"ASTRA J Caravan (P10)";74;201010;201510;101;1398
"Kupplungssatz";479;853;31;2;"OPEL";"ASTRA J Caravan (P10)";85;201010;201510;116;1598
"Kupplungssatz";479;854;3;0;"FORD";"GRANADA II (GU)";74;197908;198508;101;1993
"Kupplungssatz";479;857;2;2;"MERCEDES-BENZ";"G-CLASS (W460)";92;198204;199208;125;2299
"Kupplungssatz";479;861;2;0;"FORD";"GRANADA II (GU)";66;197708;198508;90;1998
"Kupplungssatz";479;865;2;0;"MERCEDES-BENZ";"G-CLASS (W460)";65;197912;199112;88;2998
"Kupplungssatz";479;867;1;3;"MERCEDES-BENZ";"T1 Kasten (601, 611)";77;198905;199602;105;2298
"Kupplungssatz";479;870;1;2;"MERCEDES-BENZ";"T1 Kasten (601, 611)";58;198811;199602;79;2299
"Kupplungssatz";479;884;64;5;"OPEL";"ASTRA J Caravan (P10)";88;201010;201510;120;1364
"Kupplungssatz";479;896;1;1;"MERCEDES-BENZ";"T1 Kasten (B602)";72;198906;199602;98;2874
"Kupplungssatz";479;905;2;2;"MERCEDES-BENZ";"T1 Bus (B601)";58;198810;199602;79;2299
"Kupplungssatz";479;908;59;5;"OPEL";"ASTRA J Caravan (P10)";103;201010;201510;140;1364
"Kupplungssatz";479;912;1;2;"MERCEDES-BENZ";"T1 Bus (B601)";48;197705;198212;65;2404
"Kupplungssatz";479;919;2;2;"MERCEDES-BENZ";"T1 Pritsche/Fahrgestell (601)";48;197704;198212;65;2404
"Kupplungssatz";479;921;1;2;"MERCEDES-BENZ";"T1 Pritsche/Fahrgestell (601)";58;198811;199602;79;2299
"Kupplungssatz";479;926;1;0;"MERCEDES-BENZ";"MB Bus (W631)";55;199012;199602;75;2399
"Kupplungssatz";479;927;9;3;"OPEL";"ASTRA J Caravan (P10)";132;201010;201510;180;1598
"Kupplungssatz";479;941;1;1;"MERCEDES-BENZ";"G-CLASS (W463)";93;199006;199306;126;2298
"Kupplungssatz";479;963;4;2;"MERCEDES-BENZ";"C-CLASS (W202)";70;199308;200005;95;2155
"Kupplungssatz";479;965;4;1;"OPEL";"VECTRA A (J89)";55;198809;199511;75;1598
"Kupplungssatz";479;966;37;5;"MERCEDES-BENZ";"C-CLASS (W202)";90;199303;200005;122;1799
"Kupplungssatz";479;967;5;3;"MERCEDES-BENZ";"C-CLASS (W202)";110;199303;200005;150;2199
"Kupplungssatz";479;968;1;2;"MERCEDES-BENZ";"C-CLASS (W202)";142;199305;200005;193;2799
"Kupplungssatz";479;982;3;1;"OPEL";"VECTRA A (J89)";60;198809;199305;82;1598
"Kupplungssatz";479;986;13;5;"OPEL";"ASTRA J Caravan (P10)";70;201010;201410;95;1248
"Kupplungssatz";479;992;149;3;"OPEL";"ASTRA J Caravan (P10)";81;201010;201510;110;1686
"Kupplungssatz";479;999;1;3;"OPEL";"VECTRA A (J89)";85;198809;199010;115;1998
"Kupplungssatz";479;1009;4;1;"OPEL";"VECTRA A (J89)";60;199003;199511;82;1686
"Kupplungssatz";479;1021;26;3;"OPEL";"ASTRA J Caravan (P10)";92;201010;201510;125;1686
"Kupplungssatz";479;1026;16;4;"OPEL";"ASTRA J Caravan (P10)";118;201010;201510;160;1956
"Kupplungssatz";479;1031;1;1;"FORD";"TRANSIT Bus (T_ _)";50;198512;198901;68;2496
"Kupplungssatz";479;1032;1;1;"FORD";"TRANSIT Bus (T_ _)";52;198809;199209;71;2496
"Kupplungssatz";479;1035;3;1;"FORD";"TRANSIT Kasten (T_ _)";52;198810;199109;71;2496
"Kupplungssatz";479;1046;29;4;"FIAT";"DOBLO Cargo (263_)";77;201002;;105;1598
"Kupplungssatz";479;1051;5;3;"FIAT";"DOBLO Bus (263_)";66;201002;;90;1598
"Kupplungssatz";479;1052;9;1;"ABARTH";"500 / 595 / 695";132;200808;;180;1368
"Kupplungssatz";479;1053;5;0;"ABARTH";"500 / 595 / 695";140;200808;;190;1368
"Kupplungssatz";479;1060;2;1;"ABARTH";"PUNTO";120;201203;;163;1368
"Kupplungssatz";479;1071;3;1;"FORD";"FIESTA III (GFJ)";40;198903;199512;55;1119
"Kupplungssatz";479;1074;1;0;"FORD";"FIESTA III (GFJ)";44;198903;199512;60;1753
"Kupplungssatz";479;1075;5;1;"FORD";"FIESTA III (GFJ)";37;198903;199512;50;1119
"Kupplungssatz";479;1077;1;0;"AUDI";"80 B2 Stufenheck (811, 813, 814, 819, 853)";82;198410;198608;112;1781
"Kupplungssatz";479;1087;1;1;"FORD";"ESCORT V (AAL, ABL)";44;199007;199501;60;1299
"Kupplungssatz";479;1093;1;0;"FORD";"ESCORT V (AAL, ABL)";110;199105;199501;150;1998
"Kupplungssatz";479;1113;2;1;"AUDI";"80 B3 Stufenheck (893, 894, 8A2)";65;198608;199001;88;1781
"Kupplungssatz";479;1115;14;1;"AUDI";"80 B3 Stufenheck (893, 894, 8A2)";66;198609;199110;90;1781
"Kupplungssatz";479;1119;1;1;"AUDI";"80 B3 Stufenheck (893, 894, 8A2)";83;198808;199010;113;1984
"Kupplungssatz";479;1121;1;1;"AUDI";"80 B3 Stufenheck (893, 894, 8A2)";40;198702;198907;54;1588
"Kupplungssatz";479;1122;4;1;"FORD";"TRANSIT Bus (E_ _)";51;199108;199407;70;2496
"Kupplungssatz";479;1123;2;1;"AUDI";"80 B3 Stufenheck (893, 894, 8A2)";59;198609;199108;80;1588
"Kupplungssatz";479;1124;1;1;"AUDI";"80 B3 Stufenheck (893, 894, 8A2)";50;198908;199108;68;1896
"Kupplungssatz";479;1154;1;1;"FORD";"TRANSIT Bus (E_ _)";59;199109;199407;80;2496
"Kupplungssatz";479;1157;1;0;"AUDI";"100 C2 Stufenheck (431, 433, 434)";63;197608;198207;85;1588
"Kupplungssatz";479;1230;1;1;"OPEL";"OMEGA A (V87)";73;199009;199403;99;1998
"Kupplungssatz";479;1231;2;1;"OPEL";"OMEGA A (V87)";85;198609;199403;115;1998
"Kupplungssatz";479;1294;1;0;"OPEL";"MANTA B CC (53_, 55_)";81;197708;198808;110;1979
"Kupplungssatz";479;1299;2;0;"AUDI";"100 C2 Stufenheck (431, 433, 434)";100;197703;198207;136;2144
"Kupplungssatz";479;1305;1;3;"FORD";"MONDEO I Stufenheck (GBP)";85;199302;199608;115;1796
"Kupplungssatz";479;1309;1;1;"AUDI";"100 C3 Stufenheck (443, 444)";65;198602;198807;88;1781
"Kupplungssatz";479;1314;1;0;"AUDI";"100 C3 Stufenheck (443, 444)";100;198208;198407;136;2144
"Kupplungssatz";479;1319;1;1;"AUDI";"100 C3 Stufenheck (443, 444)";100;198610;199011;136;2309
"Kupplungssatz";479;1358;2;0;"AUDI";"COUPE B2 (81, 855, 856)";100;198409;198810;136;2226
"Kupplungssatz";479;1361;1;1;"AUDI";"COUPE B3 (89, 8B3)";100;198810;199407;136;2309
"Kupplungssatz";479;1362;1;1;"AUDI";"COUPE B3 (89, 8B3)";85;198905;199612;115;1984
"Kupplungssatz";479;1370;1;1;"AUDI";"COUPE B3 (89, 8B3)";128;199109;199612;174;2771
"Kupplungssatz";479;1378;1;1;"AUDI";"COUPE B3 (89, 8B3)";128;199108;199612;174;2771
"Kupplungssatz";479;1381;1;1;"AUDI";"100 C4 Stufenheck (4A2)";74;199012;199407;100;1984
"Kupplungssatz";479;1383;1;1;"AUDI";"100 C4 Stufenheck (4A2)";85;199012;199407;115;1984
"Kupplungssatz";479;1384;1;1;"AUDI";"100 C4 Stufenheck (4A2)";98;199012;199407;133;2309
"Kupplungssatz";479;1388;1;1;"AUDI";"100 C4 Stufenheck (4A2)";98;199012;199407;133;2309
"Kupplungssatz";479;1391;1;1;"FORD";"ESCORT III (GAA)";51;198009;198512;69;1296
"Kupplungssatz";479;1392;2;1;"AUDI";"80 B4 Stufenheck (8C2)";55;199109;199412;75;1896
"Kupplungssatz";479;1393;3;1;"AUDI";"80 B4 Stufenheck (8C2)";66;199109;199412;90;1896
"Kupplungssatz";479;1395;1;1;"AUDI";"80 B4 Stufenheck (8C2)";74;199306;199412;101;1595
"Kupplungssatz";479;1396;18;1;"AUDI";"80 B4 Stufenheck (8C2)";66;199109;199412;90;1984
"Kupplungssatz";479;1397;14;1;"AUDI";"80 B4 Stufenheck (8C2)";85;199109;199412;115;1984
"Kupplungssatz";479;1399;1;1;"AUDI";"80 B4 Stufenheck (8C2)";98;199109;199412;133;2309
"Kupplungssatz";479;1404;2;1;"AUDI";"80 B4 Stufenheck (8C2)";103;199204;199412;140;1984
"Kupplungssatz";479;1413;1;1;"AUDI";"80 B4 Stufenheck (8C2)";110;199206;199412;150;2598
"Kupplungssatz";479;1421;1;0;"AUDI";"100 C3 Avant (445, 446)";100;198208;198407;136;2144
"Kupplungssatz";479;1437;2;1;"FORD";"ESCORT IV Cabriolet (ALF)";54;198702;199007;73;1392
"Kupplungssatz";479;1438;6;1;"AUDI";"80 B4 Avant (8C5)";66;199207;199601;90;1984
"Kupplungssatz";479;1439;2;1;"AUDI";"80 B4 Avant (8C5)";85;199207;199601;115;1984
"Kupplungssatz";479;1443;2;1;"AUDI";"80 B4 Avant (8C5)";98;199207;199601;133;2309
"Kupplungssatz";479;1446;1;1;"AUDI";"80 B4 Avant (8C5)";110;199207;199601;150;2598
"Kupplungssatz";479;1447;2;1;"AUDI";"100 C4 Avant (4A5)";74;199109;199407;100;1984
"Kupplungssatz";479;1450;1;1;"AUDI";"100 C4 Avant (4A5)";110;199203;199407;150;2598
"Kupplungssatz";479;1461;16;1;"CHEVROLET";"AVEO / KALOS Stufenheck (T250, T255)";62;200801;;84;1206
"Kupplungssatz";479;1466;1;1;"AUDI";"80 B4 Avant (8C5)";110;199207;199507;150;2598
"Kupplungssatz";479;1471;2;1;"AUDI";"100 C4 Avant (4A5)";128;199109;199407;174;2771
"Kupplungssatz";479;1491;1;2;"FIAT";"PANDA (169_)";57;201009;201308;78;1368
"Kupplungssatz";479;1495;20;4;"RENAULT";"MEGANE III Schrägheck (BZ0/1_, B3_)";63;200811;;86;1461
"Kupplungssatz";479;1498;3;2;"FIAT";"PANDA (169_)";55;201009;201308;75;1248
"Kupplungssatz";479;1500;29;5;"FIAT";"500 C (312_)";63;200909;;86;875
"Kupplungssatz";479;1505;1;1;"AUDI";"90 B3 (893, 894, 8A2)";98;198704;199109;133;2309
"Kupplungssatz";479;1508;6;1;"AUDI";"CABRIOLET B3 (8G7)";85;199301;199807;115;1984
"Kupplungssatz";479;1509;11;1;"AUDI";"CABRIOLET B3 (8G7)";98;199105;199407;133;2309
"Kupplungssatz";479;1510;2;1;"AUDI";"CABRIOLET B3 (8G7)";110;199306;200008;150;2598
"Kupplungssatz";479;1511;3;1;"AUDI";"CABRIOLET B3 (8G7)";128;199211;200008;174;2771
"Kupplungssatz";479;1518;2;0;"FORD";"SIERRA I Schrägheck (GBC)";77;198208;198612;105;1993
"Kupplungssatz";479;1549;1;0;"VW";"KAEFER";22;195401;196507;30;1192
"Kupplungssatz";479;1550;10;1;"VW";"KAEFER";25;196001;198512;34;1192
"Kupplungssatz";479;1552;5;0;"VW";"KAEFER";29;196508;197507;40;1285
"Kupplungssatz";479;1553;8;2;"FIAT";"PANDA (169_)";51;201004;201308;69;1242
"Kupplungssatz";479;1555;1;2;"VW";"KAEFER";32;196608;197311;44;1493
"Kupplungssatz";479;1556;1;2;"VW";"KAEFER";35;197208;197912;48;1584
"Kupplungssatz";479;1558;2;1;"VW";"KAEFER";37;197208;197912;50;1584
"Kupplungssatz";479;1559;14;1;"VW";"KAEFER Cabriolet (15)";37;197007;197906;50;1584
"Kupplungssatz";479;1560;2;1;"VW";"KAEFER";37;197007;197301;50;1584
"Kupplungssatz";479;1566;1;0;"VW";"KAEFER";32;197208;197507;44;1285
"Kupplungssatz";479;1568;2;0;"VW";"KAEFER";32;197001;197301;44;1285
"Kupplungssatz";479;1573;1;1;"VW";"KAEFER";25;197207;197602;34;1192
"Kupplungssatz";479;1599;1;2;"VW";"POLO II (86C, 80)";29;198110;198610;40;1043
"Kupplungssatz";479;1603;2;1;"VW";"POLO II (86C, 80)";35;199010;199409;48;1398
"Kupplungssatz";479;1604;3;1;"VW";"POLO II (86C, 80)";40;198707;199409;55;1272
"Kupplungssatz";479;1605;9;1;"VW";"POLO II (86C, 80)";33;198908;199409;45;1043
"Kupplungssatz";479;1611;22;0;"NISSAN";"NP300 NAVARA (D40)";140;200912;;190;2488
"Kupplungssatz";479;1616;1;1;"FORD";"ESCORT V Cabriolet (ALL)";66;199212;199501;90;1597
"Kupplungssatz";479;1618;2;1;"VW";"GOLF I Cabriolet (155)";51;197901;198311;70;1457
"Kupplungssatz";479;1623;5;1;"CHEVROLET";"AVEO / KALOS Schrägheck (T250, T255)";55;200804;;75;1206
"Kupplungssatz";479;1625;4;2;"VW";"GOLF I (17)";81;197608;198207;110;1588
"Kupplungssatz";479;1628;3;1;"VW";"GOLF I (17)";82;198208;198312;112;1781
"Kupplungssatz";479;1630;4;2;"FIAT";"BRAVO II (198_)";103;201004;201412;140;1368
"Kupplungssatz";479;1631;5;2;"VW";"GOLF I (17)";40;198008;198307;54;1588
"Kupplungssatz";479;1633;4;2;"VW";"GOLF I (17)";51;198203;198307;70;1588
"Kupplungssatz";479;1634;5;1;"FIAT";"DOBLO Bus (263_)";88;201002;;120;1368
"Kupplungssatz";479;1639;1;1;"VW";"JETTA I (16)";51;197808;198402;70;1457
"Kupplungssatz";479;1642;1;1;"VW";"JETTA I (16)";40;198008;198402;54;1588
"Kupplungssatz";479;1644;3;2;"VW";"GOLF II (19E, 1G1)";40;198308;198706;55;1272
"Kupplungssatz";479;1645;28;1;"VW";"GOLF II (19E, 1G1)";51;198610;199212;70;1595
"Kupplungssatz";479;1646;9;1;"VW";"GOLF II (19E, 1G1)";53;198602;199110;72;1595
"Kupplungssatz";479;1647;6;1;"VW";"GOLF II (19E, 1G1)";55;198308;199207;75;1595
"Kupplungssatz";479;1648;1;2;"VW";"GOLF II (19E, 1G1)";118;198808;199112;160;1781
"Kupplungssatz";479;1649;1;2;"VW";"GOLF II (19E, 1G1)";62;198608;199001;84;1781
"Kupplungssatz";479;1651;9;1;"VW";"GOLF II (19E, 1G1)";66;198708;199110;90;1781
"Kupplungssatz";479;1652;3;1;"VW";"GOLF II (19E, 1G1)";72;198808;199107;98;1781
"Kupplungssatz";479;1653;1;1;"VW";"GOLF II (19E, 1G1)";79;198701;199110;107;1781
"Kupplungssatz";479;1654;4;1;"VW";"GOLF II (19E, 1G1)";82;198308;199110;112;1781
"Kupplungssatz";479;1655;2;1;"VW";"GOLF II (19E, 1G1)";95;198602;199110;129;1781
"Kupplungssatz";479;1656;5;1;"VW";"GOLF II (19E, 1G1)";102;198602;199006;139;1781
"Kupplungssatz";479;1657;3;2;"VW";"GOLF II (19E, 1G1)";118;199004;199107;160;1781
"Kupplungssatz";479;1658;48;3;"VW";"GOLF II (19E, 1G1)";40;198308;199110;54;1588
"Kupplungssatz";479;1659;15;3;"VW";"GOLF II (19E, 1G1)";51;198308;199110;70;1588
"Kupplungssatz";479;1660;4;1;"VW";"GOLF II (19E, 1G1)";59;198904;199110;80;1588
"Kupplungssatz";479;1661;2;7;"VW";"TRANSPORTER T5 Bus (7HB, 7HJ, 7EB, 7EJ)";100;201005;201508;136;1968
"Kupplungssatz";479;1662;9;2;"VW";"GOLF II (19E, 1G1)";44;198908;199110;60;1588
"Kupplungssatz";479;1663;1;1;"VW";"JETTA II (19E, 1G2, 165)";40;198401;198706;55;1272
"Kupplungssatz";479;1664;3;1;"VW";"JETTA II (19E, 1G2, 165)";51;198610;199110;70;1595
"Kupplungssatz";479;1666;2;1;"VW";"JETTA II (19E, 1G2, 165)";55;198401;199207;75;1595
"Kupplungssatz";479;1668;1;1;"VW";"JETTA II (19E, 1G2, 165)";66;198708;199110;90;1781
"Kupplungssatz";479;1671;1;1;"VW";"JETTA II (19E, 1G2, 165)";95;198608;199110;129;1781
"Kupplungssatz";479;1673;3;3;"VW";"JETTA II (19E, 1G2, 165)";40;198401;199110;54;1588
"Kupplungssatz";479;1675;1;1;"VW";"JETTA II (19E, 1G2, 165)";59;198904;199110;80;1588
"Kupplungssatz";479;1679;1;1;"VW";"1500,1600 (31)";40;196508;197307;54;1584
"Kupplungssatz";479;1703;2;6;"VW";"TRANSPORTER T5 Bus (7HB, 7HJ, 7EB, 7EJ)";100;201005;201508;136;1968
"Kupplungssatz";479;1710;2;3;"VW";"PASSAT B3/B4 (3A2, 35I)";79;198804;199307;107;1781
"Kupplungssatz";479;1712;1;6;"VW";"PASSAT B3/B4 (3A2, 35I)";85;199002;199608;115;1984
"Kupplungssatz";479;1716;3;2;"VW";"PASSAT B3/B4 (3A2, 35I)";66;199310;199608;90;1896
"Kupplungssatz";479;1717;1;3;"VW";"PASSAT B3/B4 (3A2, 35I)";55;199008;199608;75;1781
"Kupplungssatz";479;1741;1;1;"VW";"SCIROCCO (53)";81;197606;198007;110;1588
"Kupplungssatz";479;1748;2;2;"VW";"SCIROCCO (53B)";66;198308;199207;90;1781
"Kupplungssatz";479;1749;9;1;"VW";"SCIROCCO (53B)";70;198511;199207;95;1781
"Kupplungssatz";479;1753;4;2;"VW";"CORRADO (53I)";118;198809;199309;160;1781
"Kupplungssatz";479;1754;2;2;"VW";"CORRADO (53I)";100;199108;199512;136;1984
"Kupplungssatz";479;1755;1;1;"VW";"CORRADO (53I)";140;199108;199512;190;2861
"Kupplungssatz";479;1756;3;4;"FIAT";"SEDICI (189_)";88;200606;201410;120;1586
"Kupplungssatz";479;1758;1;2;"VW";"181";35;197303;197902;48;1584
"Kupplungssatz";479;1760;3;1;"VW";"TRANSPORTER T2 Bus (22, 23, 24)";37;197008;197904;50;1584
"Kupplungssatz";479;1763;2;3;"VW";"TRANSPORTER T4 Bus (70B, 70C, 7DB, 7DK, 70J, 70K, 7DC, 7DJ)";57;199210;199809;78;2370
"Kupplungssatz";479;1768;1;2;"VW";"TRANSPORTER T4 Bus (70B, 70C, 7DB, 7DK, 70J, 70K, 7DC, 7DJ)";81;199208;200304;110;2461
"Kupplungssatz";479;1769;21;2;"VW";"TRANSPORTER T4 Bus (70B, 70C, 7DB, 7DK, 70J, 70K, 7DC, 7DJ)";81;199009;200306;110;2461
"Kupplungssatz";479;1774;8;1;"VW";"TRANSPORTER T3 Bus (25_)";37;198101;198707;50;1588
"Kupplungssatz";479;1775;18;1;"VW";"TRANSPORTER T3 Bus (25_)";51;198408;199207;70;1588
"Kupplungssatz";479;1779;1;2;"VW";"TRANSPORTER T3 Bus (25_)";44;198208;199207;60;1913
"Kupplungssatz";479;1781;1;2;"VW";"TRANSPORTER T3 Bus (25_)";57;198208;199207;78;1913
"Kupplungssatz";479;1783;6;4;"OPEL";"CALIBRA A (C89)";85;198908;199612;115;1998
"Kupplungssatz";479;1785;1;2;"VW";"TRANSPORTER T3 Bus (25_)";61;198301;198507;83;1913
"Kupplungssatz";479;1788;3;0;"OPEL";"CALIBRA A (C89)";150;199108;199707;204;1998
"Kupplungssatz";479;1790;16;4;"FIAT";"SEDICI (189_)";88;200606;201410;120;1586
"Kupplungssatz";479;1791;2;1;"OPEL";"ASTRA F CC (T92)";60;199112;199801;82;1686
"Kupplungssatz";479;1792;1;1;"OPEL";"ASTRA F (T92)";60;199203;199809;82;1686
"Kupplungssatz";479;1793;1;1;"OPEL";"ASTRA F CC (T92)";42;199112;199209;57;1699
"Kupplungssatz";479;1797;11;1;"OPEL";"ASTRA F CC (T92)";44;199109;199801;60;1389
"Kupplungssatz";479;1798;11;1;"OPEL";"ASTRA F (T92)";44;199109;199809;60;1389
"Kupplungssatz";479;1799;3;2;"FIAT";"SEDICI (189_)";99;200606;201410;135;1956
"Kupplungssatz";479;1800;4;2;"FIAT";"SEDICI (189_)";99;200606;201410;135;1956
"Kupplungssatz";479;1801;4;2;"VW";"TRANSPORTER T3 Bus (25_)";51;197905;198212;70;1970
"Kupplungssatz";479;1803;4;1;"OPEL";"ASTRA F (T92)";60;199203;199809;82;1389
"Kupplungssatz";479;1804;3;4;"VW";"TRANSPORTER T3 Bus (25_)";82;198408;199207;112;2109
"Kupplungssatz";479;1805;5;1;"OPEL";"ASTRA F CC (T92)";60;199203;199801;82;1389
"Kupplungssatz";479;1806;1;1;"OPEL";"ASTRA F Cabriolet (T92)";52;199303;199608;71;1598
"Kupplungssatz";479;1807;1;1;"OPEL";"ASTRA F (T92)";52;199305;199607;71;1598
"Kupplungssatz";479;1808;10;1;"OPEL";"ASTRA F CC (T92)";52;199305;199607;71;1598
"Kupplungssatz";479;1809;11;4;"OPEL";"ASTRA F CC (T92)";55;199109;199801;75;1598
"Kupplungssatz";479;1810;2;1;"OPEL";"ASTRA F (T92)";55;199203;199809;75;1598
"Kupplungssatz";479;1811;1;2;"OPEL";"ASTRA F CC (T92)";74;199203;199412;101;1598
"Kupplungssatz";479;1812;3;2;"OPEL";"ASTRA F (T92)";74;199205;199412;100;1598
"Kupplungssatz";479;1817;3;4;"OPEL";"ASTRA F CC (T92)";85;199109;199801;115;1998
"Kupplungssatz";479;1819;3;1;"OPEL";"ASTRA F CC (T92)";110;199109;199801;150;1998
"Kupplungssatz";479;1820;3;1;"OPEL";"ASTRA F Caravan (T92)";60;199112;199801;82;1686
"Kupplungssatz";479;1824;4;1;"OPEL";"ASTRA F Caravan (T92)";60;199203;199801;82;1389
"Kupplungssatz";479;1825;3;1;"OPEL";"ASTRA F Caravan (T92)";52;199305;199607;71;1598
"Kupplungssatz";479;1826;7;1;"OPEL";"ASTRA F Caravan (T92)";55;199109;199801;75;1598
"Kupplungssatz";479;1827;1;2;"OPEL";"ASTRA F Caravan (T92)";74;199203;199412;101;1598
"Kupplungssatz";479;1831;2;1;"OPEL";"ASTRA F Caravan (T92)";110;199303;199801;150;1998
"Kupplungssatz";479;1833;2;1;"OPEL";"FRONTERA A Sport (U92)";85;199203;199810;115;1998
"Kupplungssatz";479;1835;1;1;"OPEL";"MONTEREY A (M92)";84;199109;199807;114;3059
"Kupplungssatz";479;1837;2;1;"OPEL";"CORSA B (S93)";37;199303;200009;50;1488
"Kupplungssatz";479;1838;40;1;"OPEL";"CORSA B (S93)";49;199303;200009;67;1488
"Kupplungssatz";479;1839;19;1;"OPEL";"CORSA B (S93)";33;199303;200009;45;1195
"Kupplungssatz";479;1840;11;1;"OPEL";"CORSA B (S93)";44;199303;200009;60;1389
"Kupplungssatz";479;1844;12;1;"VW";"TRANSPORTER T3 Bus (25_)";42;198610;199207;57;1716
"Kupplungssatz";479;1845;1;1;"VW";"TRANSPORTER T3 Pritsche/Fahrgestell (24_)";42;198907;199207;57;1716
"Kupplungssatz";479;1846;2;4;"VW";"TRANSPORTER T3 Bus (25_)";68;198907;199207;92;2109
"Kupplungssatz";479;1849;5;3;"FIAT";"SCUDO Kasten (270_, 272_)";120;201007;201603;163;1997
"Kupplungssatz";479;1850;3;4;"VW";"TRANSPORTER T3 Kasten (24_, 25_)";70;198508;199207;95;2109
"Kupplungssatz";479;1851;1;2;"VW";"TRANSPORTER T3 Kasten (24_, 25_)";44;198210;199207;60;1913
"Kupplungssatz";479;1854;4;1;"VW";"TRANSPORTER T3 Bus (25_)";51;198603;199207;70;1588
"Kupplungssatz";479;1855;1;4;"VW";"TRANSPORTER T3 Kasten (24_, 25_)";70;198508;199207;95;2109
"Kupplungssatz";479;1856;14;2;"FIAT";"PUNTO EVO (199_)";57;200910;201202;78;1368
"Kupplungssatz";479;1857;5;4;"VW";"TRANSPORTER T3 Bus (25_)";82;198601;199207;112;2109
"Kupplungssatz";479;1858;1;0;"VW";"TARO";61;198904;199409;83;1812
"Kupplungssatz";479;1859;1;1;"VW";"TARO";59;199109;199407;80;2446
"Kupplungssatz";479;1860;1;1;"VW";"TRANSPORTER T4 Bus (70B, 70C, 7DB, 7DK, 70J, 70K, 7DC, 7DJ)";49;199012;199207;67;1781
"Kupplungssatz";479;1861;4;3;"VW";"TRANSPORTER T4 Bus (70B, 70C, 7DB, 7DK, 70J, 70K, 7DC, 7DJ)";44;199009;199512;60;1896
"Kupplungssatz";479;1862;46;3;"VW";"TRANSPORTER T4 Bus (70B, 70C, 7DB, 7DK, 70J, 70K, 7DC, 7DJ)";50;199210;200304;68;1896
"Kupplungssatz";479;1863;39;3;"VW";"TRANSPORTER T4 Bus (70B, 70C, 7DB, 7DK, 70J, 70K, 7DC, 7DJ)";57;199009;199804;78;2370
"Kupplungssatz";479;1864;15;1;"VW";"TRANSPORTER T4 Bus (70B, 70C, 7DB, 7DK, 70J, 70K, 7DC, 7DJ)";62;199009;200304;84;1968
"Kupplungssatz";479;1865;16;3;"FIAT";"PUNTO EVO (199_)";62;200910;201202;84;1248
"Kupplungssatz";479;1866;10;3;"VW";"GOLF III (1H1)";47;199111;199708;64;1896
"Kupplungssatz";479;1867;11;2;"VW";"GOLF III (1H1)";55;199111;199708;75;1896
"Kupplungssatz";479;1868;16;2;"VW";"GOLF III (1H1)";66;199308;199708;90;1896
"Kupplungssatz";479;1869;3;2;"VW";"GOLF III (1H1)";40;199111;199708;55;1390
"Kupplungssatz";479;1870;34;3;"VW";"GOLF III (1H1)";55;199209;199708;75;1598
"Kupplungssatz";479;1871;15;2;"VW";"GOLF III (1H1)";55;199111;199708;75;1781
"Kupplungssatz";479;1872;31;5;"VW";"GOLF III (1H1)";66;199111;199708;90;1781
"Kupplungssatz";479;1873;1;3;"VW";"GOLF III (1H1)";66;199301;199708;90;1781
"Kupplungssatz";479;1874;13;4;"VW";"GOLF III (1H1)";85;199111;199708;115;1984
"Kupplungssatz";479;1875;1;3;"VW";"GOLF III (1H1)";110;199208;199708;150;1984
"Kupplungssatz";479;1876;38;2;"VW";"GOLF III (1H1)";44;199110;199708;60;1390
"Kupplungssatz";479;1877;8;2;"VW";"GOLF III (1H1)";128;199201;199708;174;2792
"Kupplungssatz";479;1878;77;2;"FIAT";"PUNTO EVO (199_)";51;200910;201202;69;1242
"Kupplungssatz";479;1881;2;2;"VW";"VENTO (1H2)";66;199309;199809;90;1896
"Kupplungssatz";479;1884;2;3;"VW";"VENTO (1H2)";55;199209;199809;75;1598
"Kupplungssatz";479;1885;8;2;"VW";"VENTO (1H2)";55;199111;199809;75;1781
"Kupplungssatz";479;1886;6;5;"VW";"VENTO (1H2)";66;199111;199809;90;1781
"Kupplungssatz";479;1887;3;4;"VW";"VENTO (1H2)";85;199111;199809;115;1984
"Kupplungssatz";479;1888;53;2;"FORD";"RANGER (ET)";105;200605;201207;143;2499
"Kupplungssatz";479;1896;1;3;"VW";"GOLF III Variant (1H5)";47;199307;199904;64;1896
"Kupplungssatz";479;1899;1;2;"VW";"GOLF III Variant (1H5)";44;199307;199904;60;1390
"Kupplungssatz";479;1900;3;2;"VW";"GOLF III Variant (1H5)";55;199307;199904;75;1781
"Kupplungssatz";479;1901;3;2;"VW";"GOLF III Variant (1H5)";66;199307;199904;90;1781
"Kupplungssatz";479;1902;1;2;"VW";"GOLF III Variant (1H5)";85;199307;199904;115;1984
"Kupplungssatz";479;1903;11;1;"VW";"GOLF III Cabriolet (1E7)";55;199307;199805;75;1781
"Kupplungssatz";479;1904;17;1;"VW";"GOLF III Cabriolet (1E7)";66;199307;199805;90;1781
"Kupplungssatz";479;1905;10;1;"VW";"GOLF III Cabriolet (1E7)";85;199307;199805;115;1984
"Kupplungssatz";479;1910;3;5;"VW";"PASSAT B3/B4 Variant (3A5, 35I)";85;199002;199705;115;1984
"Kupplungssatz";479;1911;1;3;"VW";"PASSAT B3/B4 Variant (3A5, 35I)";59;198808;199310;80;1588
"Kupplungssatz";479;1913;1;3;"VW";"PASSAT B3/B4 Variant (3A5, 35I)";55;199103;199705;75;1896
"Kupplungssatz";479;1914;11;2;"VW";"PASSAT B3/B4 Variant (3A5, 35I)";66;199310;199705;90;1896
"Kupplungssatz";479;1915;1;3;"VW";"PASSAT B3/B4 Variant (3A5, 35I)";55;199008;199705;75;1781
"Kupplungssatz";479;1916;7;3;"VW";"PASSAT B3/B4 Variant (3A5, 35I)";66;198802;199705;90;1781
"Kupplungssatz";479;1918;6;2;"FORD";"RANGER (ET)";115;200605;201207;156;2953
"Kupplungssatz";479;1920;2;1;"VW";"PASSAT B3/B4 Variant (3A5, 35I)";128;199106;199705;174;2792
"Kupplungssatz";479;1936;1;0;"VW";"PASSAT B2 Variant (33B)";51;198204;198803;70;1588
"Kupplungssatz";479;1938;1;0;"VW";"PASSAT B1 Variant (33)";55;197310;197508;75;1471
"Kupplungssatz";479;1940;63;2;"FIAT";"GRANDE PUNTO (199_)";51;201009;;69;1242
"Kupplungssatz";479;1943;1;1;"VW";"GOLF I Cabriolet (155)";53;198604;199002;72;1595
"Kupplungssatz";479;1944;1;1;"VW";"GOLF I Cabriolet (155)";55;198308;199204;75;1595
"Kupplungssatz";479;1947;3;2;"VW";"GOLF I Cabriolet (155)";70;198308;199304;95;1781
"Kupplungssatz";479;1948;1;1;"VW";"GOLF I Cabriolet (155)";82;198208;198912;112;1781
"Kupplungssatz";479;1949;39;2;"VW";"GOLF I Cabriolet (155)";72;198908;199303;98;1781
"Kupplungssatz";479;1954;1;1;"VW";"POLO Coupe (86C, 80)";33;198608;199008;45;1272
"Kupplungssatz";479;1956;5;1;"VW";"POLO Coupe (86C, 80)";33;198908;199409;45;1043
"Kupplungssatz";479;1957;4;1;"VW";"POLO Coupe (86C, 80)";40;198707;199408;55;1272
"Kupplungssatz";479;1959;1;0;"VW";"POLO Coupe (86C, 80)";83;199008;199409;113;1272
"Kupplungssatz";479;1968;1;0;"RENAULT";"4 (112_)";19;196210;198309;26;845
"Kupplungssatz";479;1971;15;1;"RENAULT";"4 (112_)";25;197806;199006;34;1108
"Kupplungssatz";479;1978;7;3;"FIAT";"SCUDO Bus (270_, 272_)";120;201007;201603;163;1997
"Kupplungssatz";479;1980;1;1;"RENAULT";"5 (122_)";33;198009;198512;45;1108
"Kupplungssatz";479;1988;1;1;"RENAULT";"5 (122_)";79;198110;198501;108;1397
"Kupplungssatz";479;1993;1;1;"RENAULT";"SUPER 5 (B/C40_)";43;198410;198806;59;1397
"Kupplungssatz";479;2017;2;1;"RENAULT";"11 (B/C37_)";49;198303;198812;67;1397
"Kupplungssatz";479;2098;1;0;"RENAULT";"25 (B29_)";46;198404;198905;63;2068
"Kupplungssatz";479;2111;1;1;"RENAULT";"RAPID Kasten/Großraumlimousine (F40_, G40_)";33;198507;199504;45;1108
"Kupplungssatz";479;2113;2;3;"RENAULT";"RAPID Kasten/Großraumlimousine (F40_, G40_)";40;198603;199808;55;1595
"Kupplungssatz";479;2114;1;2;"RENAULT";"RAPID Kasten/Großraumlimousine (F40_, G40_)";47;199109;199803;64;1870
"Kupplungssatz";479;2115;2;1;"RENAULT";"RAPID Kasten/Großraumlimousine (F40_, G40_)";40;199109;199803;55;1239
"Kupplungssatz";479;2127;2;2;"RENAULT";"CLIO I (B/C57_, 5/357_)";47;199101;199809;64;1870
"Kupplungssatz";479;2128;7;1;"RENAULT";"CLIO I (B/C57_, 5/357_)";43;199005;199809;58;1171
"Kupplungssatz";479;2129;1;1;"RENAULT";"CLIO I (B/C57_, 5/357_)";58;199101;199809;79;1390
"Kupplungssatz";479;2130;2;2;"RENAULT";"CLIO I (B/C57_, 5/357_)";99;199101;199603;135;1764
"Kupplungssatz";479;2132;2;2;"RENAULT";"TWINGO I (C06_)";40;199303;199610;55;1239
"Kupplungssatz";479;2135;1;0;"CITROËN";"2 CV";17;197001;197512;23;435
"Kupplungssatz";479;2136;2;0;"CITROËN";"2 CV";18;197509;198106;24;602
"Kupplungssatz";479;2137;7;1;"CITROËN";"2 CV";20;197908;199007;27;602
"Kupplungssatz";479;2138;3;1;"CITROËN";"2 CV";21;197002;198510;29;602
"Kupplungssatz";479;2142;24;4;"FIAT";"FIORINO Kasten/Großraumlimousine (225_)";70;200907;;95;1248
"Kupplungssatz";479;2149;1;1;"CITROËN";"AX (ZA-_)";40;198612;199404;54;1124
"Kupplungssatz";479;2150;3;3;"FIAT";"DUCATO Kasten (250_)";100;200904;;136;2999
"Kupplungssatz";479;2157;2;3;"CITROËN";"AX (ZA-_)";44;198609;199712;60;1124
"Kupplungssatz";479;2159;32;1;"ALFA ROMEO";"GIULIETTA (940_)";103;201004;202012;140;1956
"Kupplungssatz";479;2169;7;2;"LANCIA";"YPSILON (843_)";51;201008;201112;69;1242
"Kupplungssatz";479;2193;2;2;"CITROËN";"BX (XB-_)";66;198803;199302;90;1769
"Kupplungssatz";479;2194;2;1;"CITROËN";"BX (XB-_)";47;198309;199309;64;1905
"Kupplungssatz";479;2237;1;1;"CITROËN";"C25 Bus (280_, 290_)";54;198510;199402;73;2498
"Kupplungssatz";479;2245;4;2;"CITROËN";"C15 Kasten/Großraumlimousine (VD_)";44;198607;200012;60;1769
"Kupplungssatz";479;2260;4;1;"CITROËN";"ZX (N2)";55;199103;199706;75;1360
"Kupplungssatz";479;2267;1;1;"CITROËN";"XANTIA (X1_, X2_)";74;199303;199801;101;1761
"Kupplungssatz";479;2269;1;1;"CITROËN";"XANTIA (X1_, X2_)";112;199303;199801;152;1998
"Kupplungssatz";479;2296;2;1;"PEUGEOT";"205 II (20A/C)";40;198710;199207;54;1124
"Kupplungssatz";479;2301;1;1;"PEUGEOT";"205 II (20A/C)";49;198710;199010;67;1360
"Kupplungssatz";479;2316;3;2;"PEUGEOT";"205 II (20A/C)";44;198707;199809;60;1769
"Kupplungssatz";479;2322;1;1;"PEUGEOT";"205 II (20A/C)";44;198907;199809;60;1124
"Kupplungssatz";479;2330;1;0;"PEUGEOT";"205 II (20A/C)";88;198710;199410;120;1905
"Kupplungssatz";479;2353;1;1;"PEUGEOT";"305 II Break (581E)";48;198210;198812;65;1905
"Kupplungssatz";479;2373;2;1;"PEUGEOT";"309 II (3C, 3A)";55;198907;199312;75;1360
"Kupplungssatz";479;2374;1;0;"PEUGEOT";"309 II (3C, 3A)";65;198907;199312;88;1580
"Kupplungssatz";479;2388;1;1;"PEUGEOT";"405 II (4B)";47;199208;199510;64;1905
"Kupplungssatz";479;2393;2;0;"PEUGEOT";"405 I (15B)";65;198707;199212;88;1580
"Kupplungssatz";479;2394;1;1;"PEUGEOT";"405 II (4B)";65;199208;199510;88;1580
"Kupplungssatz";479;2417;1;2;"PEUGEOT";"405 I Break (15E)";47;198810;199208;64;1905
"Kupplungssatz";479;2424;1;0;"PEUGEOT";"405 I Break (15E)";65;198810;199208;88;1580
"Kupplungssatz";479;2437;1;1;"PEUGEOT";"504 (A_, M_)";78;197101;198306;106;1971
"Kupplungssatz";479;2456;2;1;"PEUGEOT";"505 Break (551D)";55;198308;199312;75;2498
"Kupplungssatz";479;2464;5;1;"PEUGEOT";"106 I (1A, 1C)";33;199109;199604;45;954
"Kupplungssatz";479;2465;12;1;"PEUGEOT";"106 I (1A, 1C)";44;199109;199604;60;1124
"Kupplungssatz";479;2467;3;1;"PEUGEOT";"106 I (1A, 1C)";55;199109;199604;75;1360
"Kupplungssatz";479;2468;1;1;"PEUGEOT";"106 I (1A, 1C)";69;199109;199411;94;1361
"Kupplungssatz";479;2470;1;2;"PEUGEOT";"J5 Bus (280P)";54;198109;199009;73;2498
"Kupplungssatz";479;2471;4;2;"PEUGEOT";"J5 Pritsche/Fahrgestell (280L)";54;198109;199009;73;2500
"Kupplungssatz";479;2472;3;1;"PEUGEOT";"J5 Bus (290P)";70;199010;199402;95;2498
"Kupplungssatz";479;2474;3;0;"PEUGEOT";"J5 Bus (290P)";51;199010;199402;70;1905
"Kupplungssatz";479;2476;2;1;"PEUGEOT";"306 Schrägheck (7A, 7C, N3, N5)";66;199305;200105;90;1905
"Kupplungssatz";479;2477;50;2;"VW";"TOURAN (1T3)";77;201005;201505;105;1197
"Kupplungssatz";479;2480;8;3;"PEUGEOT";"306 Schrägheck (7A, 7C, N3, N5)";55;199304;200107;75;1360
"Kupplungssatz";479;2482;5;1;"PEUGEOT";"306 Schrägheck (7A, 7C, N3, N5)";65;199305;200010;89;1587
"Kupplungssatz";479;2494;2;4;"FORD";"GRAND C-MAX (DXA/CB7, DXA/CEU)";120;201012;201906;163;1997
"Kupplungssatz";479;2542;1;0;"FIAT";"500 Kombi (101_)";11;196001;196612;15;499
"Kupplungssatz";479;2544;1;0;"FIAT";"127 (127_)";33;197109;198412;45;903
"Kupplungssatz";479;2550;2;0;"FIAT";"PANDA (141_)";25;198601;200310;34;769
"Kupplungssatz";479;2555;3;0;"FIAT";"PANDA (141_)";37;198601;199212;50;999
"Kupplungssatz";479;2556;2;0;"FIAT";"PANDA (141_)";32;198601;199204;44;999
"Kupplungssatz";479;2557;77;1;"HYUNDAI";"ix20 (JC)";66;201011;201907;90;1396
"Kupplungssatz";479;2558;11;0;"FIAT";"PANDA (141_)";29;199204;199612;40;899
"Kupplungssatz";479;2560;2;0;"FIAT";"PANDA (141_)";33;198710;199808;45;999
"Kupplungssatz";479;2562;1;1;"FIAT";"PANDA (141_)";37;199105;199912;50;1108
"Kupplungssatz";479;2571;1;0;"FIAT";"124 Spider (124_)";87;197201;197712;118;1756
"Kupplungssatz";479;2597;1;0;"FIAT";"TIPO (160_)";51;198905;199504;70;1372
"Kupplungssatz";479;2621;41;1;"HYUNDAI";"ix20 (JC)";92;201011;201907;125;1591
"Kupplungssatz";479;2647;1;1;"FIAT";"UNO (146_)";44;198607;198908;60;1698
"Kupplungssatz";479;2658;2;0;"FIAT";"UNO (146_)";51;198909;199607;70;1372
"Kupplungssatz";479;2694;13;0;"FIAT";"CINQUECENTO (170_)";29;199107;199907;40;899
"Kupplungssatz";479;2698;12;1;"HYUNDAI";"ix20 (JC)";66;201011;201907;90;1396
"Kupplungssatz";479;2703;1;1;"LANCIA";"DELTA II (836_)";102;199306;199908;139;1995
"Kupplungssatz";479;2716;1;0;"FIAT";"FIORINO (147_)";40;198611;198804;55;1116
"Kupplungssatz";479;2723;106;5;"FIAT";"500 (312_)";63;201007;;86;875
"Kupplungssatz";479;2739;1;0;"FIAT";"DUCATO Panorama (280_)";53;198207;198512;72;2428
"Kupplungssatz";479;2740;2;1;"FIAT";"DUCATO Pritsche/Fahrgestell (280_)";68;198601;199008;92;2445
"Kupplungssatz";479;2741;5;2;"FIAT";"DUCATO Panorama (280_)";55;198601;199008;75;2500
"Kupplungssatz";479;2742;4;1;"FIAT";"DUCATO Kasten (290_)";70;199007;199403;95;2500
"Kupplungssatz";479;2746;2;1;"FIAT";"DUCATO Panorama (290_)";60;199007;199403;82;1929
"Kupplungssatz";479;2747;12;1;"FIAT";"DOBLO Cargo (263_)";88;201006;;120;1368
"Kupplungssatz";479;2748;1;1;"VOLVO";"140 (142, 144)";60;196808;197407;82;1986
"Kupplungssatz";479;2764;1;3;"VOLVO";"240 (P242, P244)";85;198608;199307;115;2316
"Kupplungssatz";479;2778;3;3;"VOLVO";"240 Kombi (P245)";85;198608;199307;115;2316
"Kupplungssatz";479;2783;2;3;"VOLVO";"740 (744)";83;198509;198912;113;2315
"Kupplungssatz";479;2790;1;3;"VOLVO";"740 (744)";85;198708;199207;115;2316
"Kupplungssatz";479;2791;3;3;"VOLVO";"740 Kombi (745)";83;198508;198912;113;2316
"Kupplungssatz";479;2798;1;3;"VOLVO";"740 Kombi (745)";85;198708;199207;115;2316
"Kupplungssatz";479;2799;2;1;"VOLVO";"740 Kombi (745)";114;198808;199007;156;2316
"Kupplungssatz";479;2834;1;2;"VOLVO";"440 (445)";75;198908;199612;102;1721
"Kupplungssatz";479;2843;1;2;"VOLVO";"940 (944)";96;199008;199412;131;2316
"Kupplungssatz";479;2844;2;2;"VOLVO";"940 Kombi (945)";82;199201;199407;112;1986
"Kupplungssatz";479;2845;7;2;"VOLVO";"940 Kombi (945)";96;199008;199412;131;2316
"Kupplungssatz";479;2852;1;2;"VOLVO";"850 (854)";103;199106;199407;140;2435
"Kupplungssatz";479;2853;1;2;"VOLVO";"850 (854)";125;199108;199612;170;2435
"Kupplungssatz";479;2862;5;6;"LAND ROVER";"FREELANDER 2 (L359)";110;201008;201410;150;2179
"Kupplungssatz";479;2879;34;6;"LAND ROVER";"FREELANDER 2 (L359)";110;200610;201410;150;2179
"Kupplungssatz";479;2881;4;0;"LAND ROVER";"FREELANDER 2 (L359)";140;201008;201410;190;2179
"Kupplungssatz";479;2886;1;0;"SEAT";"MARBELLA (28A)";25;198608;199312;34;843
"Kupplungssatz";479;2887;2;0;"SEAT";"MARBELLA (28A)";29;198701;199312;40;903
"Kupplungssatz";479;2905;1;2;"SEAT";"TOLEDO I (1L2)";55;199105;199903;75;1896
"Kupplungssatz";479;2906;3;2;"SEAT";"TOLEDO I (1L2)";52;199105;199312;71;1595
"Kupplungssatz";479;2910;1;1;"SEAT";"IBIZA II (6K1)";47;199608;199908;64;1896
"Kupplungssatz";479;2911;1;2;"SEAT";"IBIZA II (6K1)";55;199303;199608;75;1896
"Kupplungssatz";479;2913;1;1;"SEAT";"IBIZA II (6K1)";40;199303;199908;54;1272
"Kupplungssatz";479;2923;1;1;"SAAB";"900 I Combi Coupe";85;198011;198812;115;1985
"Kupplungssatz";479;2927;1;1;"SAAB";"900 I Combi Coupe";93;198901;199208;126;1985
"Kupplungssatz";479;2928;1;1;"SAAB";"900 I Combi Coupe";104;199109;199307;141;1985
"Kupplungssatz";479;2948;1;2;"PORSCHE";"911";121;197509;197706;165;2687
"Kupplungssatz";479;2949;1;2;"PORSCHE";"911 Targa";132;197707;198006;180;2993
"Kupplungssatz";479;2955;4;2;"PORSCHE";"911";150;198008;198307;204;2993
"Kupplungssatz";479;2956;1;2;"PORSCHE";"911 Cabriolet";150;198208;198307;204;2993
"Kupplungssatz";479;2960;5;4;"PORSCHE";"911";170;198308;198908;231;3164
"Kupplungssatz";479;2964;1;1;"PORSCHE";"911";221;197709;198706;301;3299
"Kupplungssatz";479;2966;2;6;"PORSCHE";"911 Cabriolet (964)";184;198905;199405;250;3600
"Kupplungssatz";479;2972;11;4;"PORSCHE";"911 (964)";184;198907;199309;250;3600
"Kupplungssatz";479;2973;2;4;"PORSCHE";"911 Cabriolet (964)";184;198907;199405;250;3600
"Kupplungssatz";479;2974;2;2;"PORSCHE";"924";92;197511;198908;125;1984
"Kupplungssatz";479;2977;2;1;"PORSCHE";"924";110;198509;198707;150;2479
"Kupplungssatz";479;2979;1;1;"PORSCHE";"924";118;198708;198807;160;2479
"Kupplungssatz";479;2983;3;1;"PORSCHE";"944";120;198106;198707;163;2479
"Kupplungssatz";479;2984;1;1;"PORSCHE";"944";140;198608;198807;190;2479
"Kupplungssatz";479;2986;1;1;"PORSCHE";"944";184;198709;199107;250;2479
"Kupplungssatz";479;2987;1;1;"PORSCHE";"944";121;198811;198908;165;2681
"Kupplungssatz";479;2988;1;1;"PORSCHE";"944";155;198812;199107;211;2990
"Kupplungssatz";479;2998;1;6;"PORSCHE";"911 (964)";184;198812;199309;250;3600
"Kupplungssatz";479;3000;4;1;"PORSCHE";"968";176;199106;199511;239;2990
"Kupplungssatz";479;3002;1;2;"PORSCHE";"911 (993)";200;199310;199508;272;3600
"Kupplungssatz";479;3007;1;1;"SAAB";"900 I Cabriolet";104;199109;199406;141;1985
"Kupplungssatz";479;3019;1;2;"PORSCHE";"911 Cabriolet";170;198608;198908;231;3164
"Kupplungssatz";479;3030;1;1;"SKODA";"FAVORIT (781)";43;198905;199409;58;1289
"Kupplungssatz";479;3040;13;3;"MINI";"MINI (R56)";66;201007;201311;90;1598
"Kupplungssatz";479;3041;1;2;"LADA";"1200-1600";44;197001;198606;60;1198
"Kupplungssatz";479;3043;2;2;"LADA";"1200-1600";51;197408;198408;69;1294
"Kupplungssatz";479;3045;2;2;"LADA";"1200-1600";55;197209;198408;75;1458
"Kupplungssatz";479;3046;1;2;"LADA";"1200-1500 Kombi";55;197309;198506;75;1452
"Kupplungssatz";479;3049;2;2;"LADA";"NOVA (2105)";48;198105;201204;65;1294
"Kupplungssatz";479;3056;1;4;"LADA";"SAMARA (2108, 2109, 2113, 2114)";53;198709;199612;72;1499
"Kupplungssatz";479;3063;3;2;"LADA";"NIVA Geländewagen geschlossen (2121, 2131)";54;198701;199503;73;1569
"Kupplungssatz";479;3064;3;2;"LADA";"NIVA Geländewagen geschlossen (2121, 2131)";56;197612;199312;76;1569
"Kupplungssatz";479;3083;26;2;"CITROËN";"NEMO Kasten/Großraumlimousine (AA_)";55;201010;;75;1248
"Kupplungssatz";479;3091;1;0;"AUSTIN";"MINI II";31;198208;199306;42;998
"Kupplungssatz";479;3216;9;1;"LAND ROVER";"DISCOVERY I (LJ)";83;198910;199810;113;2495
"Kupplungssatz";479;3219;1;0;"ROVER";"200 II Schrägheck (XW)";66;198910;199510;90;1396
"Kupplungssatz";479;3229;1;0;"ROVER";"200 Coupe (XW)";90;199210;199906;122;1590
"Kupplungssatz";479;3231;1;0;"ROVER";"400 II (XW)";66;199004;199504;90;1396
"Kupplungssatz";479;3233;2;0;"ROVER";"400 II (XW)";76;199210;199504;103;1396
"Kupplungssatz";479;3235;1;0;"ROVER";"400 II (XW)";90;199004;199504;122;1590
"Kupplungssatz";479;3246;1;0;"TRIUMPH";"TR 7 I Coupe";78;197501;198112;106;1998
"Kupplungssatz";479;3247;7;4;"FIAT";"QUBO (225_)";70;201007;;95;1248
"Kupplungssatz";479;3266;2;1;"RENAULT";"KANGOO Express (FC0/1_)";45;200510;;61;1461
"Kupplungssatz";479;3270;1;1;"MITSUBISHI";"COLT III (C5_A)";62;198804;199205;84;1468
"Kupplungssatz";479;3271;1;1;"MITSUBISHI";"COLT III (C5_A)";66;199007;199205;90;1468
"Kupplungssatz";479;3272;2;1;"MITSUBISHI";"COLT III (C5_A)";91;198804;199005;124;1596
"Kupplungssatz";479;3274;1;0;"MITSUBISHI";"LANCER I (A7_)";40;197801;197909;55;1238
"Kupplungssatz";479;3304;1;0;"MITSUBISHI";"LANCER IV (C6_A, C7_A)";44;198804;199205;60;1299
"Kupplungssatz";479;3311;1;1;"MITSUBISHI";"LANCER IV Schrägheck (C6_A, C7_A)";66;198905;199205;90;1468
"Kupplungssatz";479;3317;17;2;"ALFA ROMEO";"MITO (955_)";77;200909;201308;105;1368
"Kupplungssatz";479;3355;3;1;"MITSUBISHI";"GALANT VI (E3_A)";80;198904;199210;109;1997
"Kupplungssatz";479;3384;4;2;"MITSUBISHI";"PAJERO I Canvas Top (L04_G)";62;198605;198910;84;2477
"Kupplungssatz";479;3385;1;1;"MITSUBISHI";"PAJERO I (L04_G, L14_G)";64;198704;199112;87;2477
"Kupplungssatz";479;3386;3;1;"MITSUBISHI";"PAJERO I (L04_G, L14_G)";70;198911;199011;95;2477
"Kupplungssatz";479;3387;3;1;"MITSUBISHI";"PAJERO I Canvas Top (L04_G)";70;198911;199011;95;2477
"Kupplungssatz";479;3393;8;0;"MITSUBISHI";"LANCER VIII (CY_A, CZ_A)";86;201005;;117;1590
"Kupplungssatz";479;3396;1;1;"MITSUBISHI";"L 300 / DELICA II Bus (LO3_P/G, L0_2P)";50;198304;198610;68;2346
"Kupplungssatz";479;3397;1;1;"MITSUBISHI";"L 300 / DELICA II Kasten (L03_P)";48;198005;198610;65;1597
"Kupplungssatz";479;3399;10;2;"MITSUBISHI";"L 300 III Kasten (P0_V, P1_V, P2_V)";51;198611;200602;69;2477
"Kupplungssatz";479;3409;3;1;"MITSUBISHI";"L 300 III Bus (P0_W, P1_W, P2_W, P3_W)";51;198611;200405;69;2477
"Kupplungssatz";479;3410;1;1;"MITSUBISHI";"L 300 III Bus (P0_W, P1_W, P2_W, P3_W)";64;198712;200405;87;2477
"Kupplungssatz";479;3411;1;1;"MITSUBISHI";"L 300 III Bus (P0_W, P1_W, P2_W, P3_W)";66;198611;200405;90;1997
"Kupplungssatz";479;3413;6;1;"MITSUBISHI";"PAJERO II Canvas Top (V2_W, V4_W)";73;199012;200004;99;2477
"Kupplungssatz";479;3414;24;1;"MITSUBISHI";"PAJERO II (V3_W, V2_W, V4_W, V5_W)";73;199012;199910;99;2477
"Kupplungssatz";479;3415;7;1;"MITSUBISHI";"PAJERO II (V3_W, V2_W, V4_W, V5_W)";110;199012;199512;150;2972
"Kupplungssatz";479;3417;1;0;"MITSUBISHI";"SIGMA (F2_A, F1_A)";130;199012;199607;177;2972
"Kupplungssatz";479;3419;2;0;"MITSUBISHI";"COLT IV (CA_A)";55;199204;199604;75;1299
"Kupplungssatz";479;3423;1;0;"MITSUBISHI";"SPACE WAGON (N3_W, N4_W)";60;199210;199810;82;1998
"Kupplungssatz";479;3428;2;1;"MITSUBISHI";"SPACE WAGON (N3_W, N4_W)";98;199210;199810;133;1997
"Kupplungssatz";479;3443;6;0;"MITSUBISHI";"LANCER V (CB_A, CD_A, CE_A)";55;199206;199612;75;1299
"Kupplungssatz";479;3446;1;0;"TOYOTA";"STARLET (KP6_)";33;197802;198409;45;993
"Kupplungssatz";479;3448;1;0;"TOYOTA";"STARLET (KP6_)";48;198208;198409;65;1290
"Kupplungssatz";479;3453;13;0;"TOYOTA";"STARLET (_P8_)";55;198912;199603;75;1296
"Kupplungssatz";479;3463;2;0;"TOYOTA";"COROLLA Kombi (_E7_)";48;198202;198708;65;1290
"Kupplungssatz";479;3471;6;2;"RENAULT";"TRAFIC II Bus (JL)";84;200802;;114;2463
"Kupplungssatz";479;3473;1;1;"TOYOTA";"COROLLA (_E8_)";55;198410;198708;75;1295
"Kupplungssatz";479;3489;1;3;"TOYOTA";"COROLLA Liftback (_E9_)";66;198708;199204;90;1587
"Kupplungssatz";479;3496;3;1;"TOYOTA";"COROLLA Liftback (_E9_)";55;198708;199204;75;1296
"Kupplungssatz";479;3497;3;1;"TOYOTA";"COROLLA (_E9_)";55;198908;199204;75;1296
"Kupplungssatz";479;3498;1;0;"TOYOTA";"COROLLA Compact (_E9_)";55;198708;199204;75;1296
"Kupplungssatz";479;3520;16;0;"MITSUBISHI";"LANCER VIII Sportback (CX_A)";86;201005;;117;1590
"Kupplungssatz";479;3525;1;2;"TOYOTA";"CARINA V Stufenheck (_T17_)";66;198712;199008;90;1587
"Kupplungssatz";479;3527;2;2;"TOYOTA";"CARINA V Stufenheck (_T17_)";75;198712;199203;102;1587
"Kupplungssatz";479;3528;2;3;"TOYOTA";"CARINA V (_T17_)";75;198712;199203;102;1587
"Kupplungssatz";479;3553;1;1;"TOYOTA";"CAMRY Kombi (_V1_)";100;199109;199607;136;2164
"Kupplungssatz";479;3560;1;2;"MITSUBISHI";"LANCER VIII Sportback (CX_A)";85;201005;;116;1798
"Kupplungssatz";479;3583;1;0;"TOYOTA";"CELICA Cabriolet (_T16_)";103;198508;198908;140;1998
"Kupplungssatz";479;3585;2;0;"TOYOTA";"SUPRA (_A7_)";150;198601;198808;204;2954
"Kupplungssatz";479;3586;4;0;"TOYOTA";"SUPRA (_A7_)";173;198709;199304;235;2954
"Kupplungssatz";479;3588;2;1;"TOYOTA";"MR2 I (AW1_)";85;198411;199006;116;1587
"Kupplungssatz";479;3590;5;1;"TOYOTA";"MR2 II (SW2_)";115;198912;199909;156;1998
"Kupplungssatz";479;3595;1;0;"TOYOTA";"LITEACE Kasten (_M2_)";42;197910;198610;57;1290
"Kupplungssatz";479;3601;3;1;"TOYOTA";"LAND CRUISER (_J7_)";63;198510;199005;86;2446
"Kupplungssatz";479;3602;1;1;"TOYOTA";"LAND CRUISER (_J7_)";66;199001;199305;90;2446
"Kupplungssatz";479;3603;1;2;"TOYOTA";"LAND CRUISER Hardtop (_J7_)";66;199007;199605;90;2446
"Kupplungssatz";479;3604;4;1;"TOYOTA";"LAND CRUISER (_J7_)";92;199305;199605;125;2982
"Kupplungssatz";479;3608;1;0;"TOYOTA";"LAND CRUISER (_J6_)";100;198510;198912;136;3980
"Kupplungssatz";479;3612;15;1;"TOYOTA";"HILUX V Pick-up (_N_, KZN1_, VZN1_)";59;199110;199707;80;2446
"Kupplungssatz";479;3615;6;2;"TOYOTA";"CELICA Coupe (_T18_)";77;198909;199312;105;1587
"Kupplungssatz";479;3616;1;1;"TOYOTA";"CELICA Coupe (_T18_)";115;198910;199401;156;1998
"Kupplungssatz";479;3624;2;0;"TOYOTA";"PREVIA I (_R1_, _R2_)";97;199005;200008;132;2438
"Kupplungssatz";479;3625;11;1;"TOYOTA";"CARINA E VI Stufenheck (_T19_)";79;199301;199709;107;1587
"Kupplungssatz";479;3627;2;1;"TOYOTA";"CARINA E VI (_T19_)";79;199204;199709;107;1587
"Kupplungssatz";479;3628;1;1;"TOYOTA";"CARINA E VI Stufenheck (_T19_)";98;199301;199709;133;1998
"Kupplungssatz";479;3634;25;1;"TOYOTA";"COROLLA (_E10_)";65;199207;199509;88;1332
"Kupplungssatz";479;3635;12;1;"TOYOTA";"COROLLA Compact (_E10_)";65;199207;199509;88;1332
"Kupplungssatz";479;3636;4;1;"TOYOTA";"COROLLA Liftback (_E10_)";65;199207;199704;88;1332
"Kupplungssatz";479;3637;3;1;"TOYOTA";"COROLLA Compact (_E10_)";84;199207;199704;114;1587
"Kupplungssatz";479;3638;1;1;"TOYOTA";"COROLLA Liftback (_E10_)";84;199207;199704;114;1587
"Kupplungssatz";479;3696;2;1;"MAZDA";"323 S IV (BG)";49;198909;199106;67;1324
"Kupplungssatz";479;3698;1;1;"MAZDA";"323 S IV (BG)";62;198909;199106;84;1597
"Kupplungssatz";479;3707;8;1;"MAZDA";"323 F IV (BG)";65;199103;199410;88;1597
"Kupplungssatz";479;3712;12;0;"MAZDA";"MX-5 I (NA)";85;199005;199401;115;1597
"Kupplungssatz";479;3713;1;0;"MAZDA";"121 II (DB)";39;199011;199603;53;1324
"Kupplungssatz";479;3721;1;1;"MAZDA";"626 IV Hatchback (GE)";77;199108;199704;105;1840
"Kupplungssatz";479;3728;7;1;"BMW";"3 Cabriolet (E36)";85;199403;199911;115;1796
"Kupplungssatz";479;3734;2;2;"PEUGEOT";"BOXER Bus (230P)";63;199408;200204;86;2446
"Kupplungssatz";479;3739;1;1;"PEUGEOT";"806 (221)";108;199406;200208;147;1998
"Kupplungssatz";479;3740;2;3;"PEUGEOT";"806 (221)";89;199406;200208;121;1998
"Kupplungssatz";479;3743;9;3;"PEUGEOT";"306 (7B, N3, N5)";55;199406;200105;75;1360
"Kupplungssatz";479;3745;1;1;"PEUGEOT";"306 (7B, N3, N5)";65;199406;200010;89;1587
"Kupplungssatz";479;3762;1;3;"RENAULT";"LAGUNA I (B56_, 556_)";66;199311;200103;90;1794
"Kupplungssatz";479;3765;3;2;"RENAULT";"LAGUNA I (B56_, 556_)";83;199311;200103;113;1998
"Kupplungssatz";479;3771;3;2;"RENAULT";"RAPID Kasten/Großraumlimousine (F40_, G40_)";40;199409;199803;54;1870
"Kupplungssatz";479;3777;3;1;"FIAT";"DUCATO Bus (230_)";85;199403;200204;116;2499
"Kupplungssatz";479;3778;3;3;"FIAT";"DUCATO Bus (230_)";80;199403;200204;109;1998
"Kupplungssatz";479;3781;1;2;"FIAT";"DUCATO Bus (230_)";62;199408;200204;84;2500
"Kupplungssatz";479;3784;90;1;"HYUNDAI";"i30 (GD)";73;201112;201512;99;1396
"Kupplungssatz";479;3786;1;3;"FIAT";"ULYSSE (220_)";89;199406;200208;121;1998
"Kupplungssatz";479;3795;53;1;"FIAT";"PUNTO (176_)";40;199309;199909;54;1108
"Kupplungssatz";479;3796;4;1;"FIAT";"PUNTO (176_)";43;199401;199909;58;1242
"Kupplungssatz";479;3797;9;1;"FIAT";"PUNTO (176_)";54;199310;199909;73;1242
"Kupplungssatz";479;3800;1;1;"FIAT";"PUNTO (176_)";51;199401;199909;69;1698
"Kupplungssatz";479;3801;10;1;"FIAT";"PUNTO (176_)";44;199309;199909;60;1242
"Kupplungssatz";479;3807;6;2;"FIAT";"CINQUECENTO (170_)";40;199410;199801;54;1108
"Kupplungssatz";479;3811;6;1;"BMW";"3 Compact (E36)";75;199401;200008;102;1596
"Kupplungssatz";479;3824;3;1;"BMW";"3 Compact (E36)";66;199506;200008;90;1665
"Kupplungssatz";479;3825;1;2;"BMW";"3 Compact (E36)";103;199409;199512;140;1796
"Kupplungssatz";479;3842;1;0;"BMW";"3 Coupe (E36)";210;199211;199507;286;2990
"Kupplungssatz";479;3844;2;4;"MITSUBISHI";"OUTLANDER II (CW_W)";103;201009;201211;140;2268
"Kupplungssatz";479;3847;2;1;"TOYOTA";"CELICA Coupe (_T20_)";85;199311;199911;116;1762
"Kupplungssatz";479;3848;1;0;"TOYOTA";"CELICA Coupe (_T20_)";129;199311;199911;175;1998
"Kupplungssatz";479;3857;15;1;"TOYOTA";"RAV 4 I (_A1_)";95;199406;200006;129;1998
"Kupplungssatz";479;3859;3;3;"OPEL";"OMEGA B (V94)";100;199403;199909;136;1998
"Kupplungssatz";479;3864;2;3;"OPEL";"OMEGA B Caravan (V94)";100;199403;199909;136;1998
"Kupplungssatz";479;3865;1;0;"OPEL";"OMEGA B Caravan (V94)";125;199403;200009;170;2498
"Kupplungssatz";479;3873;1;7;"VW";"MULTIVAN T5 (7HM, 7HN, 7HF, 7EF, 7EM, 7EN)";100;201005;201508;136;1968
"Kupplungssatz";479;3878;2;2;"OPEL";"ASTRA F Caravan (T92)";50;199411;199801;68;1699
"Kupplungssatz";479;3895;1;1;"FORD";"ESCORT V Stufenheck (AFL)";55;199308;199501;75;1392
"Kupplungssatz";479;3897;2;1;"FORD";"ESCORT V (AAL, ABL)";65;199401;199501;88;1597
"Kupplungssatz";479;3905;1;1;"FORD";"TRANSIT Bus (E_ _)";56;199407;200003;76;2496
"Kupplungssatz";479;3924;2;1;"VW";"GOLF III (1H1)";140;199410;199708;190;2861
"Kupplungssatz";479;3926;5;1;"MAZDA";"6 Hatchback (GH)";114;201001;201212;155;1999
"Kupplungssatz";479;3929;5;2;"VW";"GOLF III Variant (1H5)";66;199403;199904;90;1896
"Kupplungssatz";479;3930;11;1;"MAZDA";"6 Kombi (GH)";114;201001;201307;155;1999
"Kupplungssatz";479;3931;6;1;"VW";"POLO III (6N1)";40;199410;199704;55;1296
"Kupplungssatz";479;3932;7;2;"VW";"POLO III (6N1)";55;199410;199910;75;1598
"Kupplungssatz";479;3933;8;1;"VW";"POLO III (6N1)";33;199410;199609;45;1043
"Kupplungssatz";479;3936;11;1;"VW";"GOLF III (1H1)";74;199507;199708;101;1595
"Kupplungssatz";479;3938;4;1;"VW";"GOLF III Variant (1H5)";74;199407;199904;101;1595
"Kupplungssatz";479;3939;1;1;"VW";"GOLF III Cabriolet (1E7)";74;199410;199802;101;1595
"Kupplungssatz";479;3945;2;4;"MERCEDES-BENZ";"C-CLASS (W202)";100;199401;200005;136;1998
"Kupplungssatz";479;3953;17;1;"SEAT";"CORDOBA (6K1, 6K2)";44;199406;200210;60;1389
"Kupplungssatz";479;3954;4;3;"SEAT";"CORDOBA (6K1, 6K2)";55;199302;200210;75;1598
"Kupplungssatz";479;3958;1;2;"SEAT";"CORDOBA (6K1, 6K2)";55;199302;199608;75;1896
"Kupplungssatz";479;3961;24;3;"SEAT";"IBIZA II (6K1)";44;199309;200202;60;1389
"Kupplungssatz";479;3962;1;2;"SEAT";"IBIZA II (6K1)";95;199311;199608;129;1781
"Kupplungssatz";479;3964;2;2;"SEAT";"TOLEDO I (1L2)";66;199311;199612;90;1781
"Kupplungssatz";479;3970;1;1;"SAAB";"900 II";96;199408;199802;131;1985
"Kupplungssatz";479;3971;2;2;"SAAB";"900 II Cabriolet";110;199312;199802;150;2290
"Kupplungssatz";479;3979;1;0;"MERCEDES-BENZ";"C-CLASS T-Model (S204)";150;200907;201408;204;1796
"Kupplungssatz";479;3980;10;2;"BMW";"3 Touring (E91)";100;200707;201206;136;1995
"Kupplungssatz";479;3982;2;2;"VOLVO";"850 Kombi (855)";125;199209;199612;170;2435
"Kupplungssatz";479;3985;1;1;"VOLVO";"960 II (964)";125;199407;199612;170;2473
"Kupplungssatz";479;3986;1;1;"VOLVO";"960 II Kombi (965)";125;199408;199612;170;2473
"Kupplungssatz";479;3991;1;2;"VOLVO";"940 II Kombi (945)";96;199408;199810;131;2316
"Kupplungssatz";479;4001;24;6;"VW";"CADDY III Kasten/Großraumlimousine (2KA, 2KH, 2CA, 2CH)";77;200811;201008;105;1896
"Kupplungssatz";479;4003;1;2;"PORSCHE";"911 (993)";200;199407;199508;272;3600
"Kupplungssatz";479;4022;11;1;"MITSUBISHI";"PAJERO II (V3_W, V2_W, V4_W, V5_W)";92;199406;199910;125;2835
"Kupplungssatz";479;4023;5;1;"MITSUBISHI";"GALANT VII Stufenheck (E5_A, E7_A, E8_A)";85;199402;199608;116;1834
"Kupplungssatz";479;4027;2;1;"MITSUBISHI";"PAJERO II (V3_W, V2_W, V4_W, V5_W)";133;199406;199705;181;2972
"Kupplungssatz";479;4035;1;1;"CITROËN";"JUMPER I Bus (230P)";68;199402;200204;92;1905
"Kupplungssatz";479;4057;1;2;"MAZDA";"MX-3 (EC)";79;199311;199809;107;1597
"Kupplungssatz";479;4059;2;1;"MAZDA";"323 S V (BA)";54;199408;199809;73;1324
"Kupplungssatz";479;4061;2;1;"MAZDA";"323 S V (BA)";65;199408;199809;88;1489
"Kupplungssatz";479;4062;2;1;"MAZDA";"323 C V (BA)";65;199408;199809;88;1489
"Kupplungssatz";479;4064;1;1;"MAZDA";"323 F V (BA)";65;199407;199809;88;1489
"Kupplungssatz";479;4074;7;1;"OPEL";"COMBO Kasten/Großraumlimousine (71_)";44;199407;200110;60;1389
"Kupplungssatz";479;4077;2;1;"OPEL";"COMBO Kasten/Großraumlimousine (71_)";44;199407;200110;60;1686
"Kupplungssatz";479;4078;1;1;"OPEL";"TIGRA (S93)";66;199407;200012;90;1389
"Kupplungssatz";479;4079;3;2;"OPEL";"TIGRA (S93)";78;199407;199808;106;1598
"Kupplungssatz";479;4084;2;0;"LAND ROVER";"RANGE ROVER II (P38A)";100;199407;200203;136;2497
"Kupplungssatz";479;4095;3;3;"OPEL";"CALIBRA A (C89)";100;199402;199707;136;1998
"Kupplungssatz";479;4109;2;1;"NISSAN";"MICRA I (K10)";44;198607;199207;60;1235
"Kupplungssatz";479;4112;52;2;"NISSAN";"MICRA II (K11)";40;199208;200007;54;998
"Kupplungssatz";479;4124;1;1;"NISSAN";"CHERRY III (N12)";44;198205;198610;60;1269
"Kupplungssatz";479;4125;1;1;"HONDA";"CIVIC IV Stufenheck (ED)";80;198711;199109;109;1590
"Kupplungssatz";479;4126;1;1;"NISSAN";"CHERRY III (N12)";55;198311;198610;75;1488
"Kupplungssatz";479;4129;1;1;"HONDA";"CIVIC IV Hatchback (EC, ED, EE)";55;198909;199109;75;1343
"Kupplungssatz";479;4144;38;1;"HYUNDAI";"i30 (GD)";66;201112;201612;90;1396
"Kupplungssatz";479;4155;2;1;"NISSAN";"SUNNY II (N13, B12)";55;198810;199108;75;1392
"Kupplungssatz";479;4185;4;1;"NISSAN";"SUNNY III (N14)";55;199010;199505;75;1392
"Kupplungssatz";479;4191;1;1;"NISSAN";"SUNNY III Hatchback (N14)";105;199010;199505;143;1998
"Kupplungssatz";479;4193;2;1;"NISSAN";"SUNNY III Traveller (Y10)";66;199106;200003;90;1597
"Kupplungssatz";479;4202;1;0;"NISSAN";"BLUEBIRD Stufenheck (910)";66;198001;198405;90;1770
"Kupplungssatz";479;4218;1;0;"HONDA";"PRELUDE I Coupe (SN)";59;197811;198210;80;1602
"Kupplungssatz";479;4221;1;0;"HONDA";"PRELUDE II (AB)";77;198311;198704;105;1829
"Kupplungssatz";479;4227;3;1;"HONDA";"CRX II (ED, EE)";91;198710;199202;124;1590
"Kupplungssatz";479;4230;1;0;"HONDA";"CRX II (ED, EE)";110;198910;199202;150;1595
"Kupplungssatz";479;4232;11;2;"HONDA";"CRX III (EH, EG)";92;199203;199812;125;1590
"Kupplungssatz";479;4233;1;1;"HONDA";"CRX III (EH, EG)";118;199203;199812;160;1595
"Kupplungssatz";479;4234;1;0;"HONDA";"PRELUDE III (BA)";80;198704;199201;109;1958
"Kupplungssatz";479;4259;1;1;"HONDA";"ACCORD IV Coupe (CB, CC)";98;199201;199309;133;1997
"Kupplungssatz";479;4262;3;0;"HONDA";"CIVIC V Hatchback (EG)";55;199110;199511;75;1343
"Kupplungssatz";479;4263;1;1;"HONDA";"CIVIC V Hatchback (EG)";69;199110;199511;94;1493
"Kupplungssatz";479;4264;2;1;"NISSAN";"PRIMERA (P10)";66;199006;199601;90;1597
"Kupplungssatz";479;4265;3;0;"HONDA";"CIVIC V Hatchback (EG)";92;199110;199511;125;1590
"Kupplungssatz";479;4271;1;0;"NISSAN";"PRIMERA Hatchback (P10)";85;199006;199601;116;1998
"Kupplungssatz";479;4277;1;1;"HONDA";"CIVIC V Stufenheck (EG, EH)";118;199110;199511;160;1595
"Kupplungssatz";479;4278;1;0;"HONDA";"CONCERTO (HW, MA)";66;198908;199503;90;1493
"Kupplungssatz";479;4279;2;0;"HONDA";"CONCERTO (HW, MA)";82;198908;199503;112;1590
"Kupplungssatz";479;4291;15;0;"HONDA";"CIVIC VI Fastback (MA, MB)";66;199506;200102;90;1396
"Kupplungssatz";479;4295;1;1;"HONDA";"ACCORD V Coupe (CD)";110;199309;199802;150;2156
"Kupplungssatz";479;4301;2;1;"NISSAN";"100NX (B13)";66;199003;199410;90;1597
"Kupplungssatz";479;4302;1;1;"NISSAN";"100NX (B13)";105;199103;199410;143;1998
"Kupplungssatz";479;4305;9;1;"NISSAN";"SERENA (C23)";55;199501;200109;75;2283
"Kupplungssatz";479;4307;1;2;"NISSAN";"SERENA (C23)";71;199302;200109;97;1597
"Kupplungssatz";479;4314;3;2;"NISSAN";"TERRANO II (R20)";74;199302;200201;101;2664
"Kupplungssatz";479;4315;1;1;"NISSAN";"TERRANO II (R20)";91;199302;199712;124;2389
"Kupplungssatz";479;4317;1;1;"NISSAN";"TERRANO I (WD21)";73;198902;199602;99;2664
"Kupplungssatz";479;4325;1;0;"NISSAN";"PATROL III/2 Station Wagon (W260)";85;198906;199511;116;2826
"Kupplungssatz";479;4326;6;0;"NISSAN";"PATROL GR IV (Y60, GR)";85;198809;199706;116;2826
"Kupplungssatz";479;4344;1;1;"DAIHATSU";"CUORE III (L201)";30;199010;199412;41;847
"Kupplungssatz";479;4351;9;1;"DACIA";"LOGAN (LS_)";55;200602;201212;75;1390
"Kupplungssatz";479;4365;1;0;"DAIHATSU";"ROCKY Soft Top (F7, F8)";65;198502;199304;88;1998
"Kupplungssatz";479;4366;1;0;"DAIHATSU";"ROCKY Hard Top (F7, F8)";65;198502;199304;88;1998
"Kupplungssatz";479;4378;2;0;"DAIHATSU";"FEROZA Soft Top (F300)";63;198810;199912;86;1590
"Kupplungssatz";479;4379;8;0;"DAIHATSU";"FEROZA Hard Top (F300)";63;198810;199912;86;1590
"Kupplungssatz";479;4380;2;0;"DAIHATSU";"FEROZA Soft Top (F300)";70;198810;199912;95;1590
"Kupplungssatz";479;4382;14;0;"DAIHATSU";"FEROZA Hard Top (F300)";70;198810;199912;95;1590
"Kupplungssatz";479;4413;1;1;"SUBARU";"JUSTY I (KAD)";55;199010;199604;75;1190
"Kupplungssatz";479;4420;1;1;"SUBARU";"LEGACY I (BC)";76;198901;199109;103;1820
"Kupplungssatz";479;4425;1;1;"SUBARU";"LEGACY I Kombi (BC, BF, BJ)";76;198901;199407;103;1820
"Kupplungssatz";479;4426;4;1;"KIA";"SORENTO I (JC)";120;200605;201112;163;2497
"Kupplungssatz";479;4427;1;1;"SUBARU";"LEGACY I Kombi (BC, BF, BJ)";85;199109;199407;116;1994
"Kupplungssatz";479;4429;1;1;"SUBARU";"LEGACY I Kombi (BC, BF, BJ)";100;198901;199407;136;2212
"Kupplungssatz";479;4435;1;2;"SUBARU";"IMPREZA Station Wagon (GF)";66;199208;200012;90;1597
"Kupplungssatz";479;4441;2;1;"SUBARU";"IMPREZA Stufenheck (GC)";155;199403;200012;211;1994
"Kupplungssatz";479;4444;3;2;"SUBARU";"LEGACY II (BD)";85;199409;199903;116;1994
"Kupplungssatz";479;4445;1;2;"SUBARU";"LEGACY II (BD)";94;199409;199903;128;2212
"Kupplungssatz";479;4447;3;2;"SUBARU";"LEGACY II Kombi (BG)";85;199409;199811;116;1994
"Kupplungssatz";479;4448;1;2;"SUBARU";"LEGACY II Kombi (BG)";94;199402;199812;128;2212
"Kupplungssatz";479;4450;6;2;"SUZUKI";"SWIFT II Schrägheck (EA, MA)";37;198903;200105;50;993
"Kupplungssatz";479;4451;12;1;"SUZUKI";"SWIFT II Schrägheck (EA, MA)";39;199501;200512;53;993
"Kupplungssatz";479;4453;6;1;"SUZUKI";"SWIFT II Schrägheck (EA, MA)";50;198903;200105;68;1298
"Kupplungssatz";479;4454;2;1;"SUZUKI";"SWIFT II Stufenheck (AH, AJ)";50;199101;199512;68;1298
"Kupplungssatz";479;4456;1;1;"SUZUKI";"SWIFT Cabriolet (SF413)";50;199109;199610;68;1298
"Kupplungssatz";479;4460;6;1;"SUZUKI";"SWIFT II Schrägheck (EA, MA)";74;198903;200105;101;1298
"Kupplungssatz";479;4477;1;0;"SUZUKI";"SJ410 Cabrio (OS)";33;198109;199107;45;970
"Kupplungssatz";479;4479;1;0;"SUZUKI";"SAMURAI Geländewagen geschlossen (SJ_)";33;198811;200412;45;970
"Kupplungssatz";479;4480;45;1;"SUZUKI";"SAMURAI Geländewagen geschlossen (SJ_)";51;198811;200412;70;1298
"Kupplungssatz";479;4482;2;1;"SUZUKI";"SAMURAI Geländewagen geschlossen (SJ_)";44;198811;200412;60;1324
"Kupplungssatz";479;4483;3;1;"SUZUKI";"SAMURAI Geländewagen geschlossen (SJ_)";47;198811;200412;64;1324
"Kupplungssatz";479;4485;2;1;"SUZUKI";"SJ413 (OS)";44;198608;199008;60;1324
"Kupplungssatz";479;4486;4;1;"SUZUKI";"SJ413 (OS)";47;198409;199008;64;1324
"Kupplungssatz";479;4493;15;1;"SUZUKI";"VITARA Cabrio (ET, TA)";59;198807;199501;80;1589
"Kupplungssatz";479;4496;19;1;"SUZUKI";"VITARA (ET, TA, TD)";59;198807;199803;80;1590
"Kupplungssatz";479;4499;2;0;"MAZDA";"E Pritsche/Fahrgestell (SD1)";60;198910;199505;82;1998
"Kupplungssatz";479;4502;2;1;"VW";"GOLF PLUS V (5M1, 521)";75;200905;201312;102;1595
"Kupplungssatz";479;4505;8;1;"SUZUKI";"VITARA (ET, TA, TD)";60;198807;199512;82;1589
"Kupplungssatz";479;4506;55;1;"SUZUKI";"VITARA (ET, TA, TD)";71;199007;199803;97;1590
"Kupplungssatz";479;4510;16;1;"SUZUKI";"VITARA Cabrio (ET, TA)";71;199007;199903;97;1590
"Kupplungssatz";479;4513;14;1;"SUZUKI";"ALTO IV (EF)";39;199409;200206;53;993
"Kupplungssatz";479;4531;1;0;"JEEP";"WRANGLER I (YJ, SJ_)";131;199112;199608;178;3964
"Kupplungssatz";479;4532;1;0;"MAZDA";"E Pritsche/Fahrgestell (SD1)";71;199101;199808;97;1998
"Kupplungssatz";479;4534;4;1;"FORD";"MAVERICK (UDS, UNS)";74;199302;199608;100;2663
"Kupplungssatz";479;4535;3;2;"VW";"GOLF VI (5K1)";75;200810;201211;102;1595
"Kupplungssatz";479;4536;6;10;"VW";"GOLF PLUS V (5M1, 521)";66;200902;201312;90;1598
"Kupplungssatz";479;4537;12;1;"HYUNDAI";"ACCENT I (X-3)";44;199410;200001;60;1341
"Kupplungssatz";479;4538;5;1;"HYUNDAI";"ACCENT I (X-3)";55;199410;200001;75;1341
"Kupplungssatz";479;4539;16;1;"HYUNDAI";"ACCENT I (X-3)";62;199410;200001;84;1341
"Kupplungssatz";479;4540;1;1;"HYUNDAI";"ACCENT I (X-3)";65;199410;200001;88;1495
"Kupplungssatz";479;4541;6;1;"HYUNDAI";"ACCENT Stufenheck (X-3)";44;199410;200001;60;1341
"Kupplungssatz";479;4543;1;1;"HYUNDAI";"ACCENT Stufenheck (X-3)";62;199410;200001;84;1341
"Kupplungssatz";479;4544;1;1;"HYUNDAI";"ACCENT Stufenheck (X-3)";65;199410;200001;88;1495
"Kupplungssatz";479;4554;1;0;"HYUNDAI";"PONY / EXCEL Stufenheck (X-2)";61;199001;199501;83;1468
"Kupplungssatz";479;4569;2;1;"DAEWOO";"NEXIA";52;199502;199708;71;1498
"Kupplungssatz";479;4570;1;1;"DAEWOO";"NEXIA";55;199502;199708;75;1498
"Kupplungssatz";479;4573;2;1;"DAEWOO";"NEXIA Stufenheck";55;199502;199708;75;1498
"Kupplungssatz";479;4575;3;0;"DAEWOO";"TICO (KLY3)";35;199502;200012;48;796
"Kupplungssatz";479;4577;1;0;"KIA";"SEPHIA Stufenheck (FA)";59;199309;199710;80;1598
"Kupplungssatz";479;4579;1;1;"KIA";"SPORTAGE SUV (K00)";70;199404;199908;95;1998
"Kupplungssatz";479;4580;11;2;"KIA";"SPORTAGE SUV (K00)";94;199404;200308;128;1998
"Kupplungssatz";479;4581;1;0;"TRABANT";"P 601";19;197003;199004;26;594
"Kupplungssatz";479;4612;2;0;"MAZDA";"E Pritsche/Fahrgestell (SD1, SL)";52;199909;200407;71;2184
"Kupplungssatz";479;4613;83;2;"AUDI";"A4 B5 (8D2)";74;199411;200010;100;1595
"Kupplungssatz";479;4614;40;2;"AUDI";"A4 B5 (8D2)";92;199411;200011;125;1781
"Kupplungssatz";479;4615;13;2;"AUDI";"A4 B5 (8D2)";110;199501;200011;150;1781
"Kupplungssatz";479;4616;8;1;"AUDI";"A4 B5 (8D2)";110;199501;200011;150;2598
"Kupplungssatz";479;4618;9;3;"AUDI";"A4 B5 (8D2)";66;199501;200011;90;1896
"Kupplungssatz";479;4619;3;2;"AUDI";"A4 B5 (8D2)";92;199501;200011;125;1781
"Kupplungssatz";479;4620;1;2;"AUDI";"A4 B5 (8D2)";110;199501;200011;150;1781
"Kupplungssatz";479;4621;1;1;"AUDI";"A4 B5 (8D2)";110;199501;200011;150;2598
"Kupplungssatz";479;4623;3;1;"BMW";"3 Touring (E36)";110;199501;199904;150;1990
"Kupplungssatz";479;4625;1;1;"BMW";"3 Touring (E36)";66;199503;199904;90;1665
"Kupplungssatz";479;4627;1;1;"BMW";"3 (E36)";142;199501;199804;193;2793
"Kupplungssatz";479;4628;4;2;"BMW";"3 (E36)";125;199505;199811;170;2494
"Kupplungssatz";479;4629;2;1;"BMW";"3 Coupe (E36)";142;199501;199904;193;2793
"Kupplungssatz";479;4630;3;1;"BMW";"3 Cabriolet (E36)";142;199501;199911;193;2793
"Kupplungssatz";479;4632;1;2;"BMW";"5 (E34)";83;198909;199404;113;1796
"Kupplungssatz";479;4637;2;1;"AUDI";"A6 C4 (4A2)";85;199406;199710;115;1984
"Kupplungssatz";479;4639;7;1;"AUDI";"A6 C4 (4A2)";110;199406;199710;150;2598
"Kupplungssatz";479;4645;1;1;"AUDI";"A6 C4 Avant (4A5)";103;199406;199712;140;1984
"Kupplungssatz";479;4646;1;1;"AUDI";"A6 C4 Avant (4A5)";110;199406;199712;150;2598
"Kupplungssatz";479;4647;1;1;"AUDI";"A6 C4 Avant (4A5)";128;199406;199712;174;2771
"Kupplungssatz";479;4650;9;1;"BMW";"3 (E36)";85;199309;199811;115;1796
"Kupplungssatz";479;4668;5;1;"AUDI";"80 B4 Avant (8C5)";66;199207;199601;90;1896
"Kupplungssatz";479;4672;2;1;"PORSCHE";"911 (993)";300;199503;199709;408;3600
"Kupplungssatz";479;4679;2;2;"VW";"POLO III (6N1)";47;199410;199910;64;1896
"Kupplungssatz";479;4682;4;10;"VW";"SHARAN (7M8, 7M9, 7M6)";66;199509;201003;90;1896
"Kupplungssatz";479;4683;21;3;"VW";"SHARAN (7M8, 7M9, 7M6)";85;199509;201003;115;1984
"Kupplungssatz";479;4688;3;2;"MERCEDES-BENZ";"C-CLASS (W202)";89;199411;200005;121;1799
"Kupplungssatz";479;4689;2;1;"MERCEDES-BENZ";"E-CLASS (W210)";70;199506;199907;95;2155
"Kupplungssatz";479;4693;2;1;"MERCEDES-BENZ";"E-CLASS (W210)";110;199506;199706;150;2295
"Kupplungssatz";479;4710;8;2;"HONDA";"PRELUDE IV (BB_)";136;199302;199609;185;2157
"Kupplungssatz";479;4714;2;8;"FORD";"GALAXY I (WGR)";66;199503;200605;90;1896
"Kupplungssatz";479;4723;2;1;"ROVER";"400 II Schrägheck (RT)";76;199505;200003;103;1396
"Kupplungssatz";479;4724;1;1;"ROVER";"400 II Schrägheck (RT)";82;199505;200003;112;1588
"Kupplungssatz";479;4726;2;1;"OPEL";"FRONTERA A (U92)";83;199503;199808;113;2771
"Kupplungssatz";479;4728;1;1;"OPEL";"FRONTERA A (U92)";100;199503;199810;136;2198
"Kupplungssatz";479;4729;1;1;"TOYOTA";"CARINA E VI Stufenheck (_T19_)";73;199501;199709;99;1587
"Kupplungssatz";479;4731;3;1;"TOYOTA";"CARINA E VI (_T19_)";73;199312;199709;99;1587
"Kupplungssatz";479;4732;2;1;"TOYOTA";"CARINA E VI (_T19_)";79;199501;199709;107;1762
"Kupplungssatz";479;4735;5;1;"SKODA";"FELICIA I (6U1)";50;199410;199803;68;1289
"Kupplungssatz";479;4739;7;2;"VOLVO";"940 II Kombi (945)";99;199501;199810;135;2316
"Kupplungssatz";479;4742;4;1;"OPEL";"VECTRA A (J89)";52;199309;199511;71;1598
"Kupplungssatz";479;4752;1;0;"ALFA ROMEO";"146 (930_)";76;199412;199612;103;1596
"Kupplungssatz";479;4755;7;1;"FIAT";"PANDA (141_)";40;199502;200309;54;1108
"Kupplungssatz";479;4756;8;1;"FIAT";"PANDA (141_)";40;199502;200407;54;1108
"Kupplungssatz";479;4760;5;1;"FIAT";"BARCHETTA (183_)";96;199504;200505;130;1747
"Kupplungssatz";479;4768;6;1;"SUZUKI";"VITARA (ET, TA, TD)";100;199412;199803;136;1998
"Kupplungssatz";479;4769;10;2;"SUZUKI";"BALENO Schrägheck (EG)";63;199507;200205;85;1298
"Kupplungssatz";479;4772;4;2;"SUZUKI";"BALENO (EG)";63;199507;200205;85;1298
"Kupplungssatz";479;4776;1;1;"TOYOTA";"CARINA E VI Sportswagon (_T19_)";79;199502;199709;107;1762
"Kupplungssatz";479;4779;9;1;"NISSAN";"MICRA II (K11)";55;199208;200009;75;1275
"Kupplungssatz";479;4785;3;1;"MITSUBISHI";"L400 Bus (PD_W, PC_W, PA_V, PB_V, PA_W)";73;199505;200005;99;2477
"Kupplungssatz";479;4786;1;1;"MITSUBISHI";"L400 Bus (PD_W, PC_W, PA_V, PB_V, PA_W)";73;199505;200005;99;2477
"Kupplungssatz";479;4787;3;1;"DAIHATSU";"CUORE IV (L501)";32;199501;199808;43;847
"Kupplungssatz";479;4788;10;0;"MAZDA";"MX-5 I (NA)";66;199501;199804;90;1598
"Kupplungssatz";479;4791;2;0;"VW";"KAEFER";32;197008;197208;44;1285
"Kupplungssatz";479;4794;1;2;"MERCEDES-BENZ";"T1 Bus (B601)";53;198207;199001;72;2376
"Kupplungssatz";479;4809;5;0;"TOYOTA";"COROLLA Compact (_E10_)";53;199207;199704;72;1974
"Kupplungssatz";479;4812;1;0;"TOYOTA";"LAND CRUISER 80 (_J8_)";118;199208;199712;160;4164
"Kupplungssatz";479;4814;6;0;"MITSUBISHI";"LANCER V Station Wagon (CB_W, CD_W)";83;199212;200310;113;1597
"Kupplungssatz";479;4818;1;1;"VW";"CADDY I (14)";70;198508;199207;95;1781
"Kupplungssatz";479;4819;6;7;"SKODA";"OCTAVIA II Combi (1Z5)";81;201105;201302;110;1968
"Kupplungssatz";479;4820;5;1;"VW";"CADDY I (14)";40;198208;199207;55;1588
"Kupplungssatz";479;4826;3;2;"VOLVO";"850 Kombi (855)";103;199208;199407;140;2435
"Kupplungssatz";479;4834;1;0;"MERCEDES-BENZ";"E-CLASS (W124)";55;199306;199506;75;1997
"Kupplungssatz";479;4843;1;2;"VW";"POLO CLASSIC (86C, 80)";33;198501;199409;45;1043
"Kupplungssatz";479;4847;3;1;"MERCEDES-BENZ";"124 Stufenheck (W124)";100;199210;199306;136;1998
"Kupplungssatz";479;4848;1;1;"MERCEDES-BENZ";"124 Stufenheck (W124)";110;199210;199306;150;2199
"Kupplungssatz";479;4851;6;1;"KIA";"CEE'D SW (ED)";66;200907;201212;90;1396
"Kupplungssatz";479;4852;9;1;"KIA";"CEE'D SW (ED)";92;200906;201212;125;1591
"Kupplungssatz";479;4853;13;2;"FIAT";"GRANDE PUNTO (199_)";57;200807;;78;1368
"Kupplungssatz";479;4854;1;1;"PORSCHE";"911 (997)";456;201005;201212;620;3600
"Kupplungssatz";479;4875;4;1;"KIA";"CEE'D SW (ED)";77;201010;201212;105;1396
"Kupplungssatz";479;4959;2;0;"KIA";"SPORTAGE II (JE_, KM)";100;200601;201005;136;1991
"Kupplungssatz";479;4960;1;1;"KIA";"SPORTAGE II (JE_, KM)";100;200601;201005;136;1991
"Kupplungssatz";479;4962;3;1;"KIA";"SOUL I (AM)";85;200902;201412;115;1582
"Kupplungssatz";479;5013;40;5;"SKODA";"OCTAVIA II Combi (1Z5)";77;200906;201302;105;1598
"Kupplungssatz";479;5015;1;0;"TOYOTA";"COROLLA FX Liftback (E8B)";55;198509;198708;75;1295
"Kupplungssatz";479;5017;4;1;"SKODA";"OCTAVIA II Combi (1Z5)";75;200908;201211;102;1595
"Kupplungssatz";479;5020;2;1;"SKODA";"OCTAVIA II (1Z3)";75;200908;201211;102;1595
"Kupplungssatz";479;5024;2;0;"PIAGGIO";"PORTER Pritsche/Fahrgestell";48;199806;201012;65;1296
"Kupplungssatz";479;5037;1;1;"NISSAN";"SUNNY II Hatchback (N13)";55;198901;199108;75;1392
"Kupplungssatz";479;5052;25;3;"BMW";"5 (E39)";110;199601;200306;150;1990
"Kupplungssatz";479;5053;8;2;"BMW";"5 (E39)";105;199601;200306;143;2497
"Kupplungssatz";479;5078;1;1;"SAAB";"900 I Cabriolet";93;199001;199406;126;1985
"Kupplungssatz";479;5089;1;4;"RENAULT";"FLUENCE (L3_)";82;201002;;111;1598
"Kupplungssatz";479;5092;2;0;"MITSUBISHI";"LANCER V Station Wagon (CB_W, CD_W)";83;199212;200310;113;1597
"Kupplungssatz";479;5093;18;3;"BMW";"5 (E39)";125;199509;200008;170;2494
"Kupplungssatz";479;5094;12;3;"BMW";"5 (E39)";142;199509;200008;193;2793
"Kupplungssatz";479;5098;1;2;"BMW";"3 Coupe (E36)";103;199509;199904;140;1895
"Kupplungssatz";479;5099;1;2;"BMW";"3 Coupe (E36)";125;199505;199904;170;2494
"Kupplungssatz";479;5101;4;1;"BMW";"3 Touring (E36)";85;199509;199904;116;1796
"Kupplungssatz";479;5103;3;2;"BMW";"3 Compact (E36)";103;199601;199908;140;1895
"Kupplungssatz";479;5105;2;3;"BMW";"7 (E38)";142;199508;200111;193;2793
"Kupplungssatz";479;5109;6;1;"BMW";"Z3 Roadster (E36)";103;199511;199903;140;1895
"Kupplungssatz";479;5110;5;1;"BMW";"Z3 Roadster (E36)";85;199510;199810;116;1796
"Kupplungssatz";479;5113;3;1;"BMW";"3 Coupe (E36)";236;199510;199811;321;3201
"Kupplungssatz";479;5114;2;1;"BMW";"3 Cabriolet (E36)";236;199603;199909;321;3201
"Kupplungssatz";479;5117;3;1;"MERCEDES-BENZ";"C-CLASS (W202)";110;199510;200005;150;2497
"Kupplungssatz";479;5118;16;5;"OPEL";"VECTRA B CC (J96)";74;199510;200207;101;1598
"Kupplungssatz";479;5124;1;1;"AUDI";"CABRIOLET B3 (8G7)";66;199506;200008;90;1896
"Kupplungssatz";479;5125;29;2;"AUDI";"A4 B5 (8D2)";81;199510;200011;110;1896
"Kupplungssatz";479;5126;1;1;"AUDI";"A6 C4 Avant (4A5)";103;199507;199712;140;2461
"Kupplungssatz";479;5131;1;0;"CHRYSLER";"VOYAGER / GRAND VOYAGER III (GS_, NS_)";111;199501;200103;151;2429
"Kupplungssatz";479;5134;2;1;"CHRYSLER";"VOYAGER / GRAND VOYAGER III (GS_, NS_)";85;199501;200103;116;2499
"Kupplungssatz";479;5135;7;1;"KIA";"CEE'D SW (ED)";85;200709;201211;115;1591
"Kupplungssatz";479;5141;2;1;"CITROËN";"XANTIA (X1_, X2_)";81;199506;200112;110;1761
"Kupplungssatz";479;5150;1;0;"FIAT";"BRAVA (182_)";55;199510;200110;75;1370
"Kupplungssatz";479;5155;1;1;"FIAT";"BRAVO I (182_)";66;199510;200110;90;1581
"Kupplungssatz";479;5162;1;0;"ALFA ROMEO";"GTV (916_)";110;199506;200510;150;1970
"Kupplungssatz";479;5163;2;0;"ALFA ROMEO";"SPIDER (916_)";141;199506;200504;192;2959
"Kupplungssatz";479;5164;7;0;"ALFA ROMEO";"SPIDER (916_)";110;199506;200504;150;1970
"Kupplungssatz";479;5166;21;5;"OPEL";"VECTRA B (J96)";74;199510;200204;100;1598
"Kupplungssatz";479;5167;4;7;"OPEL";"VECTRA B (J96)";85;199510;200009;115;1796
"Kupplungssatz";479;5168;1;4;"OPEL";"VECTRA B (J96)";100;199509;200006;136;1998
"Kupplungssatz";479;5170;2;2;"OPEL";"VECTRA B (J96)";60;199510;199812;82;1686
"Kupplungssatz";479;5178;3;1;"FORD";"ESCORT VI (GAL, AAL, ABL)";55;199501;199810;75;1392
"Kupplungssatz";479;5186;3;2;"FORD";"ESCORT VI Turnier (GAL, ANL)";66;199501;199902;90;1597
"Kupplungssatz";479;5188;2;1;"FORD";"ESCORT VI Cabriolet (ALL)";55;199502;199808;75;1392
"Kupplungssatz";479;5190;3;2;"FORD";"ESCORT VI Cabriolet (ALL)";66;199502;199909;90;1597
"Kupplungssatz";479;5191;15;3;"FORD";"FIESTA IV (JA_, JB_)";37;199508;200201;50;1299
"Kupplungssatz";479;5192;26;6;"FORD";"FIESTA IV (JA_, JB_)";44;199508;200201;60;1299
"Kupplungssatz";479;5193;38;3;"FORD";"FIESTA IV (JA_, JB_)";55;199508;200201;75;1242
"Kupplungssatz";479;5194;3;0;"FORD";"FIESTA IV (JA_, JB_)";44;199508;200004;60;1753
"Kupplungssatz";479;5196;14;1;"HONDA";"CIVIC VI Hatchback (EJ, EK)";55;199511;200102;75;1396
"Kupplungssatz";479;5197;14;1;"HONDA";"CIVIC VI Hatchback (EJ, EK)";66;199511;200102;90;1396
"Kupplungssatz";479;5199;10;1;"HONDA";"CIVIC VI Hatchback (EJ, EK)";84;199511;200102;114;1493
"Kupplungssatz";479;5200;7;0;"HONDA";"CIVIC VI Hatchback (EJ, EK)";118;199511;200102;160;1595
"Kupplungssatz";479;5201;12;1;"HONDA";"CIVIC VI Stufenheck (EJ, EK, SO)";66;199511;200102;90;1396
"Kupplungssatz";479;5202;6;1;"HONDA";"CIVIC VI Stufenheck (EJ, EK, SO)";84;199511;200102;114;1493
"Kupplungssatz";479;5203;2;0;"HONDA";"CIVIC VI Stufenheck (EJ, EK, SO)";118;199511;200102;160;1595
"Kupplungssatz";479;5204;2;1;"HYUNDAI";"LANTRA II (J-2)";66;199511;200009;90;1599
"Kupplungssatz";479;5205;4;1;"HYUNDAI";"LANTRA II (J-2)";84;199511;200009;114;1599
"Kupplungssatz";479;5212;1;1;"PROTON";"PERSONA 400 (C9_S)";66;199401;200007;90;1468
"Kupplungssatz";479;5214;2;1;"SUBARU";"JUSTY II (JMA, MS)";50;199510;200311;68;1298
"Kupplungssatz";479;5217;4;1;"MITSUBISHI";"CARISMA (DA_)";66;199507;200606;90;1597
"Kupplungssatz";479;5218;1;0;"MITSUBISHI";"CARISMA (DA_)";85;199507;199707;116;1834
"Kupplungssatz";479;5219;8;1;"NISSAN";"ALMERA I Hatchback (N15)";55;199509;200003;75;1392
"Kupplungssatz";479;5220;4;1;"NISSAN";"ALMERA I Hatchback (N15)";64;199509;200003;87;1392
"Kupplungssatz";479;5224;20;1;"NISSAN";"ALMERA I (N15)";55;199509;200007;75;1392
"Kupplungssatz";479;5225;19;1;"NISSAN";"ALMERA I (N15)";64;199509;200007;87;1392
"Kupplungssatz";479;5226;1;1;"NISSAN";"ALMERA I (N15)";66;199509;200007;90;1597
"Kupplungssatz";479;5227;3;1;"NISSAN";"ALMERA I (N15)";73;199509;200007;99;1597
"Kupplungssatz";479;5228;1;1;"NISSAN";"ALMERA I (N15)";55;199511;200007;75;1974
"Kupplungssatz";479;5229;1;2;"PEUGEOT";"406 (8B)";65;199511;200405;88;1580
"Kupplungssatz";479;5230;7;2;"PEUGEOT";"406 (8B)";81;199511;200010;110;1761
"Kupplungssatz";479;5234;1;2;"PORSCHE";"911 (993)";221;199508;199709;300;3800
"Kupplungssatz";479;5236;1;2;"PORSCHE";"911 Cabriolet (993)";210;199508;199709;286;3600
"Kupplungssatz";479;5238;1;2;"PORSCHE";"911 (993)";210;199508;199709;286;3600
"Kupplungssatz";479;5242;1;1;"RENAULT";"LAGUNA I (B56_, 556_)";66;199508;200103;90;1794
"Kupplungssatz";479;5244;3;3;"CITROËN";"C8 (EA_, EB_)";120;200603;;163;1997
"Kupplungssatz";479;5245;1;2;"RENAULT";"LAGUNA I Grandtour (K56_)";102;199509;200103;139;1948
"Kupplungssatz";479;5251;8;2;"RENAULT";"MEGANE I (BA0/1_)";55;199601;200308;75;1390
"Kupplungssatz";479;5252;3;2;"RENAULT";"MEGANE I (BA0/1_)";66;199601;199903;90;1598
"Kupplungssatz";479;5256;1;1;"SKODA";"FELICIA I (6U1)";55;199508;199803;75;1598
"Kupplungssatz";479;5259;1;1;"SKODA";"FELICIA I Kombi (6U5)";55;199508;199803;75;1598
"Kupplungssatz";479;5260;12;2;"FIAT";"DOBLO Kasten/Großraumlimousine (223_)";62;200608;;84;1248
"Kupplungssatz";479;5262;6;1;"TOYOTA";"COROLLA Compact (_E10_)";55;199508;199704;75;1332
"Kupplungssatz";479;5263;6;2;"FIAT";"DOBLO Kasten/Großraumlimousine (223_)";88;200612;;120;1910
"Kupplungssatz";479;5264;1;1;"TOYOTA";"COROLLA Kombi (_E10_)";55;199509;199704;75;1332
"Kupplungssatz";479;5266;2;1;"TOYOTA";"COROLLA Kombi (_E10_)";84;199207;199704;114;1587
"Kupplungssatz";479;5267;6;1;"RENAULT";"MODUS / GRAND MODUS (F/JP0_)";65;201010;;88;1461
"Kupplungssatz";479;5269;8;1;"TOYOTA";"COROLLA (_E10_)";55;199509;199704;75;1332
"Kupplungssatz";479;5270;1;1;"TOYOTA";"COROLLA (_E10_)";84;199509;199704;114;1587
"Kupplungssatz";479;5273;1;6;"VW";"GOLF III (1H1)";66;199508;199708;90;1896
"Kupplungssatz";479;5276;3;4;"VW";"PASSAT B3/B4 Variant (3A5, 35I)";81;199603;199705;110;1896
"Kupplungssatz";479;5277;2;2;"VW";"POLO III (6N1)";40;199508;199910;55;1390
"Kupplungssatz";479;5278;51;2;"VW";"POLO III (6N1)";44;199507;199910;60;1390
"Kupplungssatz";479;5279;4;2;"VW";"POLO III (6N1)";74;199604;199910;100;1390
"Kupplungssatz";479;5280;4;2;"VW";"POLO III CLASSIC (6V2)";55;199511;200109;75;1598
"Kupplungssatz";479;5281;309;4;"VW";"TRANSPORTER T4 Bus (70B, 70C, 7DB, 7DK, 70J, 70K, 7DC, 7DJ)";75;199509;200304;102;2461
"Kupplungssatz";479;5283;14;2;"RENAULT";"TWINGO II (CN0_)";55;201010;;75;1461
"Kupplungssatz";479;5284;1;2;"RENAULT";"TWINGO II (CN0_)";63;201010;;86;1461
"Kupplungssatz";479;5285;5;1;"FORD";"TRANSIT Bus (E_ _)";63;199501;200003;85;2496
"Kupplungssatz";479;5286;5;1;"FORD";"TRANSIT Bus (E_ _)";74;199407;200003;100;2496
"Kupplungssatz";479;5290;2;1;"RENAULT";"MEGANE CC (EZ0/1_)";132;201006;;180;1998
"Kupplungssatz";479;5291;31;4;"PEUGEOT";"5008 (0U_, 0E_)";82;201008;201703;112;1560
"Kupplungssatz";479;5292;14;1;"FORD";"TRANSIT Kasten (E_ _)";56;199406;200003;76;2496
"Kupplungssatz";479;5293;2;1;"FORD";"TRANSIT Kasten (E_ _)";63;199406;200003;85;2496
"Kupplungssatz";479;5294;2;1;"FORD";"TRANSIT Kasten (E_ _)";74;199406;200003;101;2496
"Kupplungssatz";479;5296;1;1;"FORD";"ESCORT VI (GAL, AAL, ABL)";44;199501;199810;60;1299
"Kupplungssatz";479;5298;3;3;"PEUGEOT";"807 (EB_)";120;200906;;163;1997
"Kupplungssatz";479;5299;8;3;"VW";"POLO III CLASSIC (6V2)";44;199512;200109;60;1390
"Kupplungssatz";479;5300;4;1;"VW";"POLO III CLASSIC (6V2)";47;199512;199908;64;1896
"Kupplungssatz";479;5301;1;3;"VW";"POLO III CLASSIC (6V2)";74;199512;200109;100;1595
"Kupplungssatz";479;5302;2;5;"VW";"CADDY II Kasten/Großraumlimousine (9K9A)";44;199511;200401;60;1390
"Kupplungssatz";479;5303;19;2;"VW";"CADDY II Kasten/Großraumlimousine (9K9A)";47;199511;200401;64;1896
"Kupplungssatz";479;5305;11;2;"AUDI";"A4 B5 Avant (8D5)";74;199411;200109;100;1595
"Kupplungssatz";479;5306;9;2;"AUDI";"A4 B5 Avant (8D5)";92;199602;200109;125;1781
"Kupplungssatz";479;5307;4;2;"AUDI";"A4 B5 Avant (8D5)";110;199603;200109;150;1781
"Kupplungssatz";479;5310;9;3;"AUDI";"A4 B5 Avant (8D5)";66;199602;200109;90;1896
"Kupplungssatz";479;5311;23;2;"AUDI";"A4 B5 Avant (8D5)";81;199602;200109;110;1896
"Kupplungssatz";479;5314;3;2;"AUDI";"A4 B5 Avant (8D5)";110;199601;200109;150;1781
"Kupplungssatz";479;5315;1;1;"AUDI";"A4 B5 Avant (8D5)";110;199601;200109;150;2598
"Kupplungssatz";479;5322;1;1;"AUDI";"A6 C4 (4A2)";142;199512;199710;193;2771
"Kupplungssatz";479;5323;2;1;"AUDI";"A6 C4 Avant (4A5)";142;199512;199712;193;2771
"Kupplungssatz";479;5328;1;1;"ROVER";"200 II Schrägheck (RF)";55;199511;200003;75;1396
"Kupplungssatz";479;5329;4;1;"ROVER";"200 II Schrägheck (RF)";76;199511;200003;103;1396
"Kupplungssatz";479;5333;1;1;"ROVER";"200 II Schrägheck (RF)";77;199511;200003;105;1994
"Kupplungssatz";479;5335;38;2;"BMW";"1 (F20)";85;201203;201502;116;1598
"Kupplungssatz";479;5337;7;1;"LAND ROVER";"DEFENDER Station Wagon (L316)";83;199008;199812;113;2495
"Kupplungssatz";479;5338;3;1;"LAND ROVER";"DEFENDER Cabrio (L316)";83;199008;199811;113;2495
"Kupplungssatz";479;5342;1;2;"FORD";"ESCORT VI Cabriolet (ALL)";85;199510;199808;115;1796
"Kupplungssatz";479;5345;4;2;"RENAULT";"MEGANE I (BA0/1_)";55;199601;199903;75;1598
"Kupplungssatz";479;5347;3;1;"RENAULT";"MEGANE I Coach (DA0/1_)";66;199603;199903;90;1598
"Kupplungssatz";479;5348;1;1;"RENAULT";"MEGANE I Coach (DA0/1_)";84;199603;200308;114;1998
"Kupplungssatz";479;5359;4;0;"HONDA";"CIVIC VI Fastback (MA, MB)";55;199509;200102;75;1396
"Kupplungssatz";479;5362;3;1;"JEEP";"GRAND CHEROKEE I (ZJ, ZG)";85;199510;199904;115;2499
"Kupplungssatz";479;5371;1;1;"MERCEDES-BENZ";"E-CLASS (W210)";95;199603;199907;129;2874
"Kupplungssatz";479;5373;4;2;"MINI";"MINI (R56)";85;200609;201311;115;1598
"Kupplungssatz";479;5377;25;4;"DACIA";"DUSTER (HS_)";66;201010;201801;90;1461
"Kupplungssatz";479;5378;3;4;"DACIA";"DUSTER (HS_)";66;201010;201801;90;1461
"Kupplungssatz";479;5386;3;1;"TOYOTA";"HIACE IV Bus (__H1_, __H2_)";58;199508;200108;79;2446
"Kupplungssatz";479;5387;1;1;"TOYOTA";"HIACE IV Bus (__H1_, __H2_)";66;199508;200108;90;2446
"Kupplungssatz";479;5389;94;6;"DACIA";"DUSTER (HS_)";81;201010;201801;110;1461
"Kupplungssatz";479;5393;2;2;"VOLVO";"S40 I (644)";85;199507;199908;115;1731
"Kupplungssatz";479;5394;3;5;"VOLVO";"S40 I (644)";100;199507;200312;136;1948
"Kupplungssatz";479;5396;4;5;"VOLVO";"V40 Kombi (645)";100;199507;200406;136;1948
"Kupplungssatz";479;5397;10;1;"LANCIA";"Y (840_)";44;199603;200309;60;1242
"Kupplungssatz";479;5399;3;1;"TOYOTA";"PASEO Coupe (_L5_)";66;199508;199906;90;1497
"Kupplungssatz";479;5400;46;1;"TOYOTA";"STARLET (_P9_)";55;199601;199907;75;1332
"Kupplungssatz";479;5403;1;2;"BMW";"7 (E38)";105;199604;200111;143;2497
"Kupplungssatz";479;5405;2;5;"MERCEDES-BENZ";"C-CLASS T-Model (S202)";90;199606;200009;122;1799
"Kupplungssatz";479;5407;1;2;"MERCEDES-BENZ";"C-CLASS T-Model (S202)";70;199606;199809;95;2155
"Kupplungssatz";479;5408;1;1;"MERCEDES-BENZ";"C-CLASS T-Model (S202)";110;199606;200103;150;2497
"Kupplungssatz";479;5409;1;2;"AUDI";"A8 D2 (4D2, 4D8)";142;199604;200209;193;2771
"Kupplungssatz";479;5412;2;2;"AUDI";"A4 B5 Avant (8D5)";142;199610;200109;193;2771
"Kupplungssatz";479;5413;1;2;"AUDI";"A4 B5 (8D2)";142;199610;200108;193;2771
"Kupplungssatz";479;5414;2;2;"AUDI";"A4 B5 Avant (8D5)";142;199610;200109;193;2771
"Kupplungssatz";479;5421;4;2;"MERCEDES-BENZ";"SPRINTER 3,5-t Bus (B906)";135;200802;200912;184;2987
"Kupplungssatz";479;5521;12;2;"MERCEDES-BENZ";"SPRINTER 3,5-t Bus (B906)";140;200903;;190;2987
"Kupplungssatz";479;5530;1;1;"MAZDA";"6 Kombi (GH)";132;201001;201307;180;2183
"Kupplungssatz";479;5533;2;1;"OPEL";"ASTRA F CC (T92)";66;199609;199802;90;1389
"Kupplungssatz";479;5534;1;1;"OPEL";"ASTRA F (T92)";66;199602;199809;90;1389
"Kupplungssatz";479;5535;22;1;"OPEL";"CORSA B (S93)";44;199602;200009;60;1686
"Kupplungssatz";479;5536;4;1;"OPEL";"ASTRA F Caravan (T92)";66;199602;199801;90;1389
"Kupplungssatz";479;5538;1;1;"OPEL";"ASTRA F Cabriolet (T92)";55;199601;200103;75;1598
"Kupplungssatz";479;5540;1;3;"MERCEDES-BENZ";"E-CLASS T-Model (S210)";100;199606;200008;136;1998
"Kupplungssatz";479;5548;6;3;"CITROËN";"SAXO (S0, S1)";40;199605;200309;54;1124
"Kupplungssatz";479;5549;21;3;"CITROËN";"SAXO (S0, S1)";55;199605;200306;75;1360
"Kupplungssatz";479;5550;1;3;"CITROËN";"SAXO (S0, S1)";65;199605;200306;88;1587
"Kupplungssatz";479;5551;1;2;"CITROËN";"SAXO (S0, S1)";40;199609;200309;54;1527
"Kupplungssatz";479;5552;11;3;"CITROËN";"SAXO (S0, S1)";87;199606;200309;118;1587
"Kupplungssatz";479;5554;2;3;"CITROËN";"JUMPY I (U6U_)";51;199510;199808;69;1905
"Kupplungssatz";479;5556;1;1;"CITROËN";"XANTIA (X1_, X2_)";55;199602;200304;75;1905
"Kupplungssatz";479;5557;1;1;"FIAT";"SCUDO Bus (220_)";68;199602;200612;92;1905
"Kupplungssatz";479;5567;1;2;"FIAT";"BRAVA (182_)";76;199602;200110;103;1581
"Kupplungssatz";479;5573;1;7;"OPEL";"ASTRA H Caravan (A04)";85;200908;201010;116;1598
"Kupplungssatz";479;5575;4;4;"FORD";"GALAXY II (WA6)";100;200605;201506;136;1997
"Kupplungssatz";479;5577;2;0;"MITSUBISHI";"COLT V (CJ_, CP_)";55;199605;200006;75;1299
"Kupplungssatz";479;5579;6;0;"MITSUBISHI";"LANCER VI (CJ_, CP_)";55;199512;200308;75;1299
"Kupplungssatz";479;5583;1;1;"PEUGEOT";"306 Schrägheck (7A, 7C, N3, N5)";120;199606;200105;163;1998
"Kupplungssatz";479;5589;3;5;"SEAT";"INCA (6K9)";44;199511;200306;60;1389
"Kupplungssatz";479;5591;3;1;"SEAT";"INCA (6K9)";47;199511;200306;64;1896
"Kupplungssatz";479;5594;2;3;"CITROËN";"BERLINGO / BERLINGO FIRST Kasten/Großraumlimousine (M_)";44;199607;200803;60;1124
"Kupplungssatz";479;5595;40;3;"CITROËN";"BERLINGO / BERLINGO FIRST Kasten/Großraumlimousine (M_)";55;199607;201112;75;1360
"Kupplungssatz";479;5598;10;1;"MITSUBISHI";"L200 (K3_T, K2_T, K1_T, K0_T)";64;199211;199608;87;2477
"Kupplungssatz";479;5600;53;2;"AUDI";"A3 (8L1)";74;199609;200305;101;1595
"Kupplungssatz";479;5601;33;2;"AUDI";"A3 (8L1)";92;199609;200305;125;1781
"Kupplungssatz";479;5602;26;4;"AUDI";"A3 (8L1)";110;199612;200305;150;1781
"Kupplungssatz";479;5603;11;6;"AUDI";"A3 (8L1)";66;199609;200107;90;1896
"Kupplungssatz";479;5605;2;2;"AUDI";"A4 B5 (8D2)";81;199609;200011;110;1896
"Kupplungssatz";479;5606;6;2;"AUDI";"A4 B5 Avant (8D5)";81;199609;200109;110;1896
"Kupplungssatz";479;5607;43;3;"MAZDA";"5 (CW)";85;201007;;116;1560
"Kupplungssatz";479;5613;3;0;"JEEP";"WRANGLER II (TJ)";130;199608;200704;177;3960
"Kupplungssatz";479;5614;3;4;"FORD";"S-MAX (WA6)";100;200605;201412;136;1997
"Kupplungssatz";479;5616;9;2;"CITROËN";"SAXO (S0, S1)";42;199609;200106;57;1527
"Kupplungssatz";479;5619;1;3;"PEUGEOT";"106 II (1A_, 1C_)";33;199605;199910;45;954
"Kupplungssatz";479;5620;26;2;"PEUGEOT";"106 II (1A_, 1C_)";44;199605;200407;60;1124
"Kupplungssatz";479;5621;11;3;"PEUGEOT";"106 II (1A_, 1C_)";55;199605;200407;75;1360
"Kupplungssatz";479;5623;12;3;"PEUGEOT";"106 II (1A_, 1C_)";87;199605;200407;118;1587
"Kupplungssatz";479;5625;1;2;"PEUGEOT";"106 II (1A_, 1C_)";40;199605;200103;55;1527
"Kupplungssatz";479;5626;3;1;"PEUGEOT";"306 Cabriolet (7D, N3, N5)";65;199604;200010;89;1587
"Kupplungssatz";479;5633;5;1;"PORSCHE";"BOXSTER (986)";150;199609;199908;204;2480
"Kupplungssatz";479;5640;32;1;"MAZDA";"5 (CW)";110;201009;;150;1999
"Kupplungssatz";479;5645;2;2;"RENAULT";"CLIO I (B/C57_, 5/357_)";43;199601;199809;58;1149
"Kupplungssatz";479;5646;3;2;"RENAULT";"MEGANE I Classic (LA0/1_)";55;199609;200308;75;1390
"Kupplungssatz";479;5648;2;2;"RENAULT";"MEGANE I Classic (LA0/1_)";55;199609;199903;75;1598
"Kupplungssatz";479;5651;2;1;"RENAULT";"MEGANE I Classic (LA0/1_)";66;199609;199903;90;1598
"Kupplungssatz";479;5652;1;2;"RENAULT";"MEGANE I Classic (LA0/1_)";47;199609;200308;64;1870
"Kupplungssatz";479;5653;3;2;"RENAULT";"MEGANE Scenic (JA0/1_)";55;199701;199909;75;1390
"Kupplungssatz";479;5654;2;1;"RENAULT";"MEGANE Scenic (JA0/1_)";55;199701;199909;75;1598
"Kupplungssatz";479;5655;2;1;"RENAULT";"MEGANE Scenic (JA0/1_)";66;199610;199910;90;1598
"Kupplungssatz";479;5656;1;1;"RENAULT";"MEGANE Scenic (JA0/1_)";84;199701;199909;114;1998
"Kupplungssatz";479;5658;7;2;"RENAULT";"TWINGO I (C06_)";40;199605;200703;54;1149
"Kupplungssatz";479;5660;2;1;"ROVER";"400 II (RT)";76;199505;200003;103;1396
"Kupplungssatz";479;5661;4;1;"ROVER";"400 II (RT)";82;199505;200003;112;1588
"Kupplungssatz";479;5671;2;2;"BMW";"1 (F20)";100;201107;201906;136;1995
"Kupplungssatz";479;5673;1;1;"SEAT";"CORDOBA (6K1, 6K2)";47;199608;199906;64;1896
"Kupplungssatz";479;5674;3;3;"SEAT";"ALHAMBRA (7V8, 7V9)";85;199604;201003;115;1984
"Kupplungssatz";479;5675;1;8;"SEAT";"ALHAMBRA (7V8, 7V9)";66;199604;201003;90;1896
"Kupplungssatz";479;5676;2;3;"SEAT";"CORDOBA (6K1, 6K2)";74;199607;200210;101;1595
"Kupplungssatz";479;5677;3;2;"SEAT";"IBIZA II (6K1)";74;199604;200202;101;1595
"Kupplungssatz";479;5678;4;1;"SKODA";"FELICIA I (6U1)";47;199510;199803;64;1896
"Kupplungssatz";479;5679;1;1;"SKODA";"FELICIA I Kombi (6U5)";47;199510;199803;64;1896
"Kupplungssatz";479;5682;1;2;"SUZUKI";"BALENO Kombi (EG)";72;199608;200205;98;1590
"Kupplungssatz";479;5686;1;1;"TOYOTA";"CARINA E VI Stufenheck (_T19_)";54;199208;199601;73;1974
"Kupplungssatz";479;5696;2;2;"MERCEDES-BENZ";"SPRINTER 3,5-t Kasten (B906)";140;200903;;190;2987
"Kupplungssatz";479;5697;8;1;"TOYOTA";"LAND CRUISER 90 (_J9_)";92;199604;200212;125;2982
"Kupplungssatz";479;5700;2;2;"LADA";"NOVA (2105)";62;199606;201204;84;1690
"Kupplungssatz";479;5701;5;3;"LADA";"NIVA Geländewagen geschlossen (2121, 2131)";59;199606;200612;80;1690
"Kupplungssatz";479;5706;1;2;"VOLVO";"850 Kombi (855)";106;199408;199612;144;2435
"Kupplungssatz";479;5709;5;7;"MERCEDES-BENZ";"SPRINTER 3,5-t Pritsche/Fahrgestell (B906)";95;200606;201605;129;2143
"Kupplungssatz";479;5710;9;3;"SUBARU";"XV (_GP_)";80;201203;;109;1998
"Kupplungssatz";479;5712;16;1;"VW";"POLO III (6N1)";37;199609;199910;50;999
"Kupplungssatz";479;5714;21;3;"CHEVROLET";"ORLANDO (J309)";104;201102;;141;1796
"Kupplungssatz";479;5717;2;4;"VW";"GOLF III (1H1)";81;199604;199708;110;1896
"Kupplungssatz";479;5719;32;3;"CITROËN";"BERLINGO / BERLINGO FIRST Großraumlimousine (MF_, GJK_, GFK_";55;199607;201112;75;1360
"Kupplungssatz";479;5721;1;4;"VW";"GOLF III Variant (1H5)";81;199604;199904;110;1896
"Kupplungssatz";479;5724;32;2;"VW";"PASSAT B5 (3B2)";74;199610;200011;101;1595
"Kupplungssatz";479;5725;18;3;"VW";"PASSAT B5 (3B2)";92;199610;200011;125;1781
"Kupplungssatz";479;5726;6;3;"VW";"PASSAT B5 (3B2)";110;199610;200011;150;1781
"Kupplungssatz";479;5727;1;1;"VW";"PASSAT B5 (3B2)";110;199610;200011;150;2324
"Kupplungssatz";479;5729;7;3;"VW";"PASSAT B5 (3B2)";66;199610;200011;90;1896
"Kupplungssatz";479;5730;20;2;"VW";"PASSAT B5 (3B2)";81;199610;200011;110;1896
"Kupplungssatz";479;5736;1;6;"FORD";"FIESTA IV (JA_, JB_)";66;199604;200201;90;1388
"Kupplungssatz";479;5738;2;0;"FIAT";"BRAVA (182_)";59;199510;199808;80;1370
"Kupplungssatz";479;5743;1;0;"FIAT";"BRAVO I (182_)";74;199603;200110;100;1910
"Kupplungssatz";479;5745;14;1;"CHEVROLET";"ORLANDO (J309)";96;201102;201512;131;1998
"Kupplungssatz";479;5748;3;1;"ALFA ROMEO";"155 (167_)";103;199605;199712;140;1747
"Kupplungssatz";479;5750;23;1;"CHEVROLET";"ORLANDO (J309)";120;201102;;163;1998
"Kupplungssatz";479;5765;1;0;"FIAT";"MAREA (185_)";74;199605;200212;100;1910
"Kupplungssatz";479;5768;10;2;"BMW";"3 (E90)";100;200709;201110;136;1995
"Kupplungssatz";479;5792;1;1;"FORD";"MAVERICK (UDS, UNS)";87;199609;199804;118;2389
"Kupplungssatz";479;5793;2;1;"FORD";"MAVERICK (UDS, UNS)";92;199609;199804;125;2664
"Kupplungssatz";479;5801;2;3;"FORD";"KA (RB_)";37;199609;200210;50;1299
"Kupplungssatz";479;5802;34;4;"FORD";"KA (RB_)";44;199609;200811;60;1299
"Kupplungssatz";479;5817;1;2;"FORD";"MONDEO II (BAP)";85;199608;200009;115;1796
"Kupplungssatz";479;5818;1;2;"FORD";"MONDEO II (BAP)";96;199608;200009;131;1988
"Kupplungssatz";479;5821;2;2;"FORD";"MONDEO II Stufenheck (BFP)";66;199608;200009;90;1597
"Kupplungssatz";479;5822;2;2;"FORD";"MONDEO II Stufenheck (BFP)";85;199608;200009;115;1796
"Kupplungssatz";479;5827;4;2;"FORD";"MONDEO II Turnier (BNP)";85;199608;200009;115;1796
"Kupplungssatz";479;5841;25;0;"NISSAN";"NP300 NAVARA Pritsche/Fahrgestell (D40)";140;201003;;190;2488
"Kupplungssatz";479;5853;126;5;"RENAULT";"SCÉNIC III (JZ0/1_)";81;200904;;110;1461
"Kupplungssatz";479;5854;2;1;"HYUNDAI";"COUPE I (RD)";102;199608;200204;139;1975
"Kupplungssatz";479;5855;70;5;"RENAULT";"GRAND SCÉNIC III (JZ0/1_)";81;200904;;110;1461
"Kupplungssatz";479;5857;3;0;"OPEL";"FRONTERA A Sport (U92)";85;199609;199810;115;2499
"Kupplungssatz";479;5858;1;2;"RENAULT";"SCÉNIC III (JZ0/1_)";63;200904;;86;1461
"Kupplungssatz";479;5859;9;4;"RENAULT";"SCÉNIC III (JZ0/1_)";70;201011;;95;1461
"Kupplungssatz";479;5860;3;0;"OPEL";"FRONTERA A (U92)";85;199609;199810;115;2499
"Kupplungssatz";479;5882;1;6;"VAUXHALL";"INSIGNIA Mk I (A) Sports Tourer (G09)";103;201307;201705;140;1956
"Kupplungssatz";479;5886;14;1;"TOYOTA";"YARIS (_P13_)";70;201012;;95;1329
"Kupplungssatz";479;5887;188;1;"TOYOTA";"YARIS (_P13_)";51;201012;;69;998
"Kupplungssatz";479;5894;1;1;"VW";"GOLF III Variant (1H5)";140;199410;199904;190;2861
"Kupplungssatz";479;5896;2;1;"CITROËN";"XSARA PICASSO (N68)";81;200506;200609;110;1587
"Kupplungssatz";479;5904;11;1;"HYUNDAI";"i20 I (PB, PBT)";55;200809;201212;75;1396
"Kupplungssatz";479;5913;2;3;"OPEL";"VECTRA B Caravan (J96)";55;199611;200006;75;1598
"Kupplungssatz";479;5914;4;5;"OPEL";"VECTRA B Caravan (J96)";74;199611;200207;100;1598
"Kupplungssatz";479;5916;4;7;"OPEL";"VECTRA B Caravan (J96)";85;199611;200009;115;1796
"Kupplungssatz";479;5917;1;4;"OPEL";"VECTRA B Caravan (J96)";100;199611;200006;136;1998
"Kupplungssatz";479;5928;6;0;"FIAT";"PUNTO EVO (199_)";55;200907;201202;75;1368
"Kupplungssatz";479;5931;2;0;"FIAT";"GRANDE PUNTO (199_)";51;200807;;69;1248
"Kupplungssatz";479;5938;19;2;"FIAT";"GRANDE PUNTO (199_)";55;200510;200707;75;1368
"Kupplungssatz";479;5940;3;0;"FIAT";"PUNTO EVO (199_)";51;200807;201202;69;1248
"Kupplungssatz";479;5941;3;4;"VW";"JETTA IV (162, 163, AV3, AV2)";77;201010;201712;105;1197
"Kupplungssatz";479;5942;1;1;"MERCEDES-BENZ";"C-CLASS (W202)";65;199610;200005;88;1997
"Kupplungssatz";479;5943;14;3;"VW";"JETTA IV (162, 163, AV3, AV2)";77;201004;201507;105;1598
"Kupplungssatz";479;5946;7;6;"VW";"JETTA IV (162, 163, AV3, AV2)";103;201102;;140;1968
"Kupplungssatz";479;5948;1;0;"KIA";"SEPHIA (FA)";59;199602;199710;80;1498
"Kupplungssatz";479;5950;11;1;"SKODA";"ROOMSTER (5J7)";55;201003;201505;75;1199
"Kupplungssatz";479;5962;41;4;"VW";"TRANSPORTER T4 Bus (70B, 70C, 7DB, 7DK, 70J, 70K, 7DC, 7DJ)";75;199601;200304;102;2461
"Kupplungssatz";479;5966;9;2;"VW";"SHARAN (7M8, 7M9, 7M6)";81;199609;200004;110;1896
"Kupplungssatz";479;5970;1;3;"KIA";"CARNIVAL / GRAND CARNIVAL III (VQ)";143;201001;;194;2199
"Kupplungssatz";479;5972;13;1;"KIA";"CEE'D Schrägheck (ED)";66;200908;201212;90;1396
"Kupplungssatz";479;5973;7;2;"MERCEDES-BENZ";"SLK (R170)";100;199609;200003;136;1998
"Kupplungssatz";479;5974;5;1;"MERCEDES-BENZ";"SLK (R170)";142;199609;200003;193;2295
"Kupplungssatz";479;5975;1;2;"PEUGEOT";"308 I (4A_, 4C_)";80;200804;201410;109;1587
"Kupplungssatz";479;5976;1;1;"MERCEDES-BENZ";"SLK (R170)";141;199610;200003;192;1998
"Kupplungssatz";479;5977;1;1;"MERCEDES-BENZ";"C-CLASS T-Model (S202)";65;199610;200103;88;1997
"Kupplungssatz";479;5978;1;1;"MERCEDES-BENZ";"V-CLASS (638/2)";72;199609;200307;98;2299
"Kupplungssatz";479;5984;1;0;"MITSUBISHI";"CARISMA (DA_)";66;199610;200009;90;1870
"Kupplungssatz";479;5989;5;1;"NISSAN";"TERRANO II (R20)";87;199605;200709;118;2389
"Kupplungssatz";479;5990;27;1;"NISSAN";"TERRANO II (R20)";92;199605;200709;125;2664
"Kupplungssatz";479;5995;1;6;"VAUXHALL";"MOVANO Mk II (B) Chassis/Cab (X62)";92;201005;;125;2298
"Kupplungssatz";479;5997;1;0;"SUBARU";"IMPREZA Stufenheck (GE, GV)";79;200802;;107;1498
"Kupplungssatz";479;6003;6;1;"FIAT";"DUCATO Kasten (230_)";85;199403;200204;116;2500
"Kupplungssatz";479;6028;1;2;"MERCEDES-BENZ";"E-CLASS (W210)";120;199907;200203;163;2685
"Kupplungssatz";479;6030;1;3;"AUDI";"A3 (8P1)";75;201101;201208;102;1595
"Kupplungssatz";479;6034;1;0;"MAZDA";"626 III (GD)";65;198711;199205;88;1789
"Kupplungssatz";479;6042;41;7;"SKODA";"OCTAVIA II Combi (1Z5)";103;201005;201302;140;1968
"Kupplungssatz";479;6047;4;2;"VOLVO";"V60 I (155)";149;201007;201212;203;1999
"Kupplungssatz";479;6051;11;2;"VOLVO";"V60 I (155)";120;201007;201412;163;1984
"Kupplungssatz";479;6066;1;2;"VOLVO";"V60 I (155)";151;201007;201112;205;2400
"Kupplungssatz";479;6074;1;2;"MINI";"MINI COUNTRYMAN (R60)";120;201008;201610;163;1598
"Kupplungssatz";479;6087;7;2;"VOLVO";"V60 I (155)";110;201009;201512;150;1596
"Kupplungssatz";479;6117;3;0;"MITSUBISHI";"L200 (K3_T, K2_T, K1_T, K0_T)";51;198611;199610;70;2476
"Kupplungssatz";479;6118;4;0;"MITSUBISHI";"L200 (K3_T, K2_T, K1_T, K0_T)";51;198712;199305;70;2476
"Kupplungssatz";479;6124;2;2;"VOLVO";"V60 I (155)";132;201009;201512;180;1596
"Kupplungssatz";479;6145;1;2;"BMW";"3 (E30)";66;198309;198806;90;1766
"Kupplungssatz";479;6158;5;2;"VOLVO";"V70 III (135)";132;201010;201512;180;1596
"Kupplungssatz";479;6185;2;1;"VW";"KAEFER Cabriolet (15)";25;197504;197912;34;1192
"Kupplungssatz";479;6236;1;1;"VW";"JETTA I (16)";82;198208;198402;112;1781
"Kupplungssatz";479;6253;20;3;"VOLVO";"C30 (533)";84;201010;201212;115;1560
"Kupplungssatz";479;6266;3;1;"VW";"TARO";58;199407;199703;79;2446
"Kupplungssatz";479;6267;1;2;"VW";"TRANSPORTER T3 Kasten (24_, 25_)";51;197905;198604;69;1970
"Kupplungssatz";479;6270;2;2;"VOLVO";"C70 II Cabriolet (542)";110;201010;201306;150;1984
"Kupplungssatz";479;6296;2;1;"VW";"TRANSPORTER T2 Kasten (21, 23)";37;197008;197907;50;1584
"Kupplungssatz";479;6300;3;3;"KIA";"SORENTO II (XM)";110;201011;201512;150;1995
"Kupplungssatz";479;6301;5;2;"VW";"TRANSPORTER T3 Kasten (24_, 25_)";57;198210;199207;78;1913
"Kupplungssatz";479;6302;2;3;"KIA";"SORENTO II (XM)";110;201011;201512;150;1995
"Kupplungssatz";479;6303;8;1;"VW";"TRANSPORTER T3 Kasten (24_, 25_)";51;198410;199207;69;1588
"Kupplungssatz";479;6304;2;1;"VW";"TRANSPORTER T3 Kasten (24_, 25_)";42;198408;199207;57;1715
"Kupplungssatz";479;6307;1;4;"VW";"TRANSPORTER T3 Kasten (24_, 25_)";82;198603;199207;112;2109
"Kupplungssatz";479;6308;2;1;"VW";"TRANSPORTER T3 Kasten (24_, 25_)";51;198603;199207;69;1588
"Kupplungssatz";479;6314;4;2;"SKODA";"SUPERB II (3T4)";77;201009;201505;105;1598
"Kupplungssatz";479;6315;11;1;"VW";"TRANSPORTER T4 Kasten (70A, 70H, 7DA, 7DH)";62;199007;200304;84;1968
"Kupplungssatz";479;6316;3;2;"VW";"TRANSPORTER T4 Kasten (70A, 70H, 7DA, 7DH)";81;199011;200304;110;2461
"Kupplungssatz";479;6317;1;3;"VW";"TRANSPORTER T4 Kasten (70A, 70H, 7DA, 7DH)";45;199007;199512;61;1896
"Kupplungssatz";479;6318;44;3;"VW";"TRANSPORTER T4 Kasten (70A, 70H, 7DA, 7DH)";50;199210;200304;68;1896
"Kupplungssatz";479;6319;18;3;"VW";"TRANSPORTER T4 Kasten (70A, 70H, 7DA, 7DH)";57;199007;199804;78;2370
"Kupplungssatz";479;6320;2;2;"VW";"TRANSPORTER T4 Kasten (70A, 70H, 7DA, 7DH)";81;199601;200111;110;2461
"Kupplungssatz";479;6321;5;3;"VW";"TRANSPORTER T4 Kasten (70A, 70H, 7DA, 7DH)";57;199210;199809;78;2370
"Kupplungssatz";479;6322;2;3;"VW";"TRANSPORTER T4 Pritsche/Fahrgestell (70E, 70L, 70M, 7DE, 7DL";45;199007;199512;61;1896
"Kupplungssatz";479;6323;17;3;"VW";"TRANSPORTER T4 Pritsche/Fahrgestell (70E, 70L, 70M, 7DE, 7DL";50;199210;200304;68;1896
"Kupplungssatz";479;6324;11;3;"VW";"TRANSPORTER T4 Pritsche/Fahrgestell (70E, 70L, 70M, 7DE, 7DL";57;199009;199804;78;2370
"Kupplungssatz";479;6339;1;2;"SKODA";"SUPERB II Kombi (3T5)";77;201009;201505;105;1598
"Kupplungssatz";479;6342;6;1;"VW";"TRANSPORTER T3 Kasten (24_, 25_)";37;198101;198707;50;1588
"Kupplungssatz";479;6345;6;2;"SKODA";"YETI (5L)";77;201011;201505;105;1598
"Kupplungssatz";479;6346;1;2;"SSANGYONG";"KORANDO (CK)";129;201011;;175;1998
"Kupplungssatz";479;6347;3;2;"SSANGYONG";"KORANDO (CK)";129;201011;;175;1998
"Kupplungssatz";479;6348;10;1;"CITROËN";"DS4 (NX_)";88;201104;201507;120;1598
"Kupplungssatz";479;6349;1;2;"CITROËN";"DS4 (NX_)";115;201104;201507;156;1598
"Kupplungssatz";479;6360;4;4;"CITROËN";"DS4 (NX_)";147;201104;201507;200;1598
"Kupplungssatz";479;6362;1;0;"VW";"LT 28-35 I Kasten (281-363)";55;197901;199207;75;2383
"Kupplungssatz";479;6366;1;0;"VW";"LT 28-35 I Kasten (281-363)";51;199007;199605;69;2383
"Kupplungssatz";479;6369;1;0;"VW";"LT 28-35 I Pritsche/Fahrgestell (281-363)";68;199008;199208;92;2384
"Kupplungssatz";479;6371;12;5;"CITROËN";"DS4 (NX_)";82;201104;201507;112;1560
"Kupplungssatz";479;6377;4;3;"CITROËN";"DS4 (NX_)";120;201104;201507;163;1997
"Kupplungssatz";479;6381;4;1;"JEEP";"WRANGLER III (JK)";147;201011;;200;2776
"Kupplungssatz";479;6382;6;2;"CITROËN";"NEMO Großraumlimousine";55;201010;;75;1248
"Kupplungssatz";479;6440;1;2;"CITROËN";"C4 PICASSO I Großraumlimousine (UD_)";115;201009;201308;156;1598
"Kupplungssatz";479;6441;1;2;"AUDI";"TT (8J3)";155;201005;201406;211;1984
"Kupplungssatz";479;6442;33;4;"CITROËN";"C4 PICASSO I Großraumlimousine (UD_)";82;201009;201308;112;1560
"Kupplungssatz";479;6443;3;3;"MINI";"MINI COUNTRYMAN (R60)";100;201103;201610;136;1995
"Kupplungssatz";479;6579;1;0;"FORD";"TAUNUS (GBFK)";53;197008;197602;72;1593
"Kupplungssatz";479;6612;13;6;"MAZDA";"3 (BL)";85;201009;201305;116;1560
"Kupplungssatz";479;6625;3;2;"AUDI";"TT Roadster (8J9)";155;201005;201406;211;1984
"Kupplungssatz";479;6627;1;2;"LADA";"1200-1600";55;197511;198610;75;1452
"Kupplungssatz";479;6635;29;4;"CITROËN";"C4 GRAND PICASSO I (UA_)";82;201009;201308;112;1560
"Kupplungssatz";479;6647;3;3;"HYUNDAI";"SANTA FÉ II (CM)";110;201012;201212;150;1995
"Kupplungssatz";479;6653;5;2;"PEUGEOT";"BIPPER TEPEE";55;201010;;75;1248
"Kupplungssatz";479;6655;22;2;"PEUGEOT";"BIPPER (AA_)";55;201010;;75;1248
"Kupplungssatz";479;6664;1;4;"PEUGEOT";"308 CC (4B_)";147;201010;201412;200;1598
"Kupplungssatz";479;6666;3;2;"DACIA";"SANDERO";55;201005;;75;1461
"Kupplungssatz";479;6667;19;1;"DACIA";"SANDERO";62;201005;201306;84;1598
"Kupplungssatz";479;6669;1;1;"PEUGEOT";"205 I Cabriolet (741B, 20D)";44;198901;199309;60;1361
"Kupplungssatz";479;6675;14;2;"DACIA";"SANDERO";65;201005;;88;1461
"Kupplungssatz";479;6691;4;4;"DACIA";"LOGAN (LS_)";62;201005;;84;1598
"Kupplungssatz";479;6696;5;1;"DACIA";"LOGAN (LS_)";55;201005;201212;75;1461
"Kupplungssatz";479;6698;8;1;"DACIA";"LOGAN (LS_)";55;200602;;75;1149
"Kupplungssatz";479;6710;40;4;"DACIA";"LOGAN MCV (KS_)";62;201005;;84;1598
"Kupplungssatz";479;6711;9;2;"DACIA";"LOGAN MCV (KS_)";55;201005;201306;75;1461
"Kupplungssatz";479;6719;2;2;"TOYOTA";"COROLLA (_E9_)";77;198705;199205;105;1587
"Kupplungssatz";479;6722;15;2;"DACIA";"LOGAN MCV (KS_)";65;201005;;88;1461
"Kupplungssatz";479;6739;1;1;"TOYOTA";"COROLLA (_E8_)";54;198512;198805;73;1587
"Kupplungssatz";479;6754;2;1;"TOYOTA";"HIACE III Bus (_H5_, _H6_, _H7_, _H8_, _H9_)";49;198212;198911;67;2188
"Kupplungssatz";479;6755;1;1;"TOYOTA";"HIACE III Bus (_H5_, _H6_, _H7_, _H8_, _H9_)";58;198303;198907;79;1812
"Kupplungssatz";479;6760;2;1;"TOYOTA";"HIACE IV Kasten (_H1_)";55;198908;200408;75;2446
"Kupplungssatz";479;6763;2;0;"TOYOTA";"LITEACE Kasten (_M3_, _M4_)";51;198605;199109;69;1486
"Kupplungssatz";479;6789;1;1;"PEUGEOT";"J5 Bus (290P)";62;199010;199402;84;1971
"Kupplungssatz";479;6795;5;1;"PEUGEOT";"J5 Pritsche/Fahrgestell (290L)";70;199010;199402;95;2500
"Kupplungssatz";479;6799;1;2;"SKODA";"OCTAVIA II Combi (1Z5)";55;200405;200605;75;1390
"Kupplungssatz";479;6802;8;3;"FORD";"GALAXY II (WA6)";85;201102;201506;115;1560
"Kupplungssatz";479;6803;24;3;"FORD";"S-MAX (WA6)";85;201102;201412;115;1560
"Kupplungssatz";479;6837;7;4;"FORD";"GRAND C-MAX (DXA/CB7, DXA/CEU)";103;201102;201906;140;1997
"Kupplungssatz";479;6839;1;4;"FORD";"C-MAX II (DXA/CB7, DXA/CEU)";120;201012;201906;163;1997
"Kupplungssatz";479;6850;1;4;"FORD";"C-MAX II (DXA/CB7, DXA/CEU)";85;201102;201906;115;1997
"Kupplungssatz";479;6882;2;4;"RENAULT";"CLIO III Kasten/Schrägheck (SB_, SR_)";50;200510;201007;68;1461
"Kupplungssatz";479;6886;12;4;"FORD";"C-MAX II (DXA/CB7, DXA/CEU)";103;201004;201906;140;1997
"Kupplungssatz";479;6915;11;2;"FORD";"S-MAX (WA6)";118;201102;201412;160;1596
"Kupplungssatz";479;6918;2;3;"FORD";"S-MAX (WA6)";147;201007;201412;200;2179
"Kupplungssatz";479;6931;1;0;"MERCEDES-BENZ";"G-CLASS (W460)";62;198710;199212;84;2497
"Kupplungssatz";479;6932;3;2;"FORD";"GALAXY II (WA6)";118;201011;201506;160;1596
"Kupplungssatz";479;6934;1;2;"MERCEDES-BENZ";"T1 Kasten (B602)";53;198210;199001;72;2399
"Kupplungssatz";479;6939;1;2;"FORD";"MONDEO IV (BA7)";118;201102;201501;160;1596
"Kupplungssatz";479;6979;8;3;"FORD";"MONDEO IV (BA7)";85;201102;201501;115;1560
"Kupplungssatz";479;6981;4;3;"FORD";"MONDEO IV (BA7)";147;201007;201501;200;2179
"Kupplungssatz";479;7002;5;2;"FORD";"MONDEO IV Turnier (BA7)";88;201007;201501;120;1596
"Kupplungssatz";479;7015;19;2;"FORD";"MONDEO IV Turnier (BA7)";118;201102;201501;160;1596
"Kupplungssatz";479;7020;40;3;"FORD";"MONDEO IV Turnier (BA7)";85;201102;201501;115;1560
"Kupplungssatz";479;7021;5;3;"FORD";"MONDEO IV Turnier (BA7)";147;201007;201501;200;2179
"Kupplungssatz";479;7043;321;2;"NISSAN";"MICRA IV (K13K)";59;201005;201509;80;1198
"Kupplungssatz";479;7050;24;1;"NISSAN";"MICRA IV (K13K)";72;201103;201509;98;1198
"Kupplungssatz";479;7067;136;1;"KIA";"PICANTO II (TA)";51;201105;201703;69;998
"Kupplungssatz";479;7068;1;1;"KIA";"PICANTO II (TA)";60;201105;201410;82;998
"Kupplungssatz";479;7069;3;1;"BMW";"5 (E34)";85;199303;199508;115;2497
"Kupplungssatz";479;7071;2;2;"MINI";"MINI (R56)";120;201003;201311;163;1598
"Kupplungssatz";479;7072;50;2;"KIA";"PICANTO II (TA)";63;201109;201703;85;1248
"Kupplungssatz";479;7079;7;3;"VOLVO";"S40 II (544)";84;201010;201212;115;1560
"Kupplungssatz";479;7100;4;1;"OPEL";"CORSA A CC (S83)";33;198909;199303;45;1195
"Kupplungssatz";479;7116;2;4;"RENAULT";"LATITUDE (L70_)";110;201102;;150;1995
"Kupplungssatz";479;7123;1;1;"OPEL";"CORSA A Kasten/Schrägheck (S83)";37;198706;198904;50;1488
"Kupplungssatz";479;7158;5;2;"DACIA";"LOGAN MCV (KS_)";77;200911;;105;1598
"Kupplungssatz";479;7170;4;0;"OPEL";"KADETT E CC (T85)";110;198803;199108;150;1998
"Kupplungssatz";479;7174;1;1;"OPEL";"KADETT E Cabriolet (T85)";55;198710;199302;75;1598
"Kupplungssatz";479;7175;1;1;"OPEL";"KADETT E Cabriolet (T85)";85;198610;199302;116;1998
"Kupplungssatz";479;7190;1;2;"DACIA";"LOGAN EXPRESS (FS_)";55;201005;;75;1461
"Kupplungssatz";479;7191;2;2;"DACIA";"LOGAN EXPRESS (FS_)";65;201005;;88;1461
"Kupplungssatz";479;7192;5;4;"DACIA";"LOGAN EXPRESS (FS_)";62;201005;;84;1598
"Kupplungssatz";479;7193;1;3;"DACIA";"LOGAN Pick-up (US_)";62;201005;;84;1598
"Kupplungssatz";479;7195;4;2;"DACIA";"LOGAN Pick-up (US_)";55;201005;;75;1461
"Kupplungssatz";479;7197;7;1;"DACIA";"SANDERO";53;200901;;72;1390
"Kupplungssatz";479;7213;3;3;"FIAT";"DOBLO Cargo (263_)";66;201002;;90;1598
"Kupplungssatz";479;7221;17;1;"TOYOTA";"VERSO S (_P12_)";73;201011;201610;99;1329
"Kupplungssatz";479;7235;10;1;"TOYOTA";"VERSO S (_P12_)";66;201011;201610;90;1364
"Kupplungssatz";479;7239;5;2;"OPEL";"ANTARA A (L07)";123;201012;;167;2384
"Kupplungssatz";479;7240;10;3;"OPEL";"ANTARA A (L07)";120;201012;201512;163;2231
"Kupplungssatz";479;7241;17;3;"OPEL";"ANTARA A (L07)";120;201012;201512;163;2231
"Kupplungssatz";479;7242;3;3;"OPEL";"ANTARA A (L07)";135;201012;201512;184;2231
"Kupplungssatz";479;7244;2;3;"CITROËN";"C3 PICASSO (SH_)";82;201005;;112;1560
"Kupplungssatz";479;7247;58;6;"CITROËN";"BERLINGO MULTISPACE (B9)";68;201007;;92;1560
"Kupplungssatz";479;7256;1;6;"VOLVO";"V70 I (875, 876)";93;199512;200003;126;1984
"Kupplungssatz";479;7257;15;6;"VOLVO";"V70 I (875, 876)";106;199512;200003;144;2435
"Kupplungssatz";479;7258;1;6;"VOLVO";"V70 I (875, 876)";125;199512;200005;170;2435
"Kupplungssatz";479;7262;2;2;"VOLVO";"V70 I (875, 876)";103;199512;200012;140;2460
"Kupplungssatz";479;7265;1;0;"VOLVO";"V90 I Kombi (965)";132;199701;199812;180;2922
"Kupplungssatz";479;7291;1;1;"NISSAN";"SUNNY I (B11)";44;198203;198709;60;1269
"Kupplungssatz";479;7293;1;1;"NISSAN";"SUNNY II (N13, B12)";44;198607;199110;60;1269
"Kupplungssatz";479;7310;1;1;"NISSAN";"SUNNY III (N14)";75;199210;199505;102;1597
"Kupplungssatz";479;7337;2;3;"HYUNDAI";"GENESIS Coupe";157;200801;201212;214;1998
"Kupplungssatz";479;7378;19;5;"AUDI";"A3 (8L1)";81;199708;200107;110;1896
"Kupplungssatz";479;7466;1;1;"FORD";"TRANSIT Kasten (T_ _)";57;198509;199209;78;1994
"Kupplungssatz";479;7469;5;1;"FORD";"TRANSIT Kasten (E_ _)";51;199105;199406;70;2496
"Kupplungssatz";479;7470;5;1;"FORD";"TRANSIT Kasten (E_ _)";59;199105;199406;80;2496
"Kupplungssatz";479;7474;1;0;"FIAT";"TIPO (160_)";41;198801;199110;56;1108
"Kupplungssatz";479;7500;1;0;"PININFARINA";"SPIDEREUROPA (P124DS)";77;198203;198509;105;1995
"Kupplungssatz";479;7507;7;2;"MERCEDES-BENZ";"C-CLASS (W204)";88;201004;201403;120;2143
"Kupplungssatz";479;7518;46;2;"MERCEDES-BENZ";"C-CLASS (W204)";100;200911;201403;136;2143
"Kupplungssatz";479;7545;1;2;"PORSCHE";"911";154;197208;197901;209;2687
"Kupplungssatz";479;7549;1;2;"PORSCHE";"911";154;197403;198310;209;2993
"Kupplungssatz";479;7560;2;0;"FIAT";"FIORINO Kasten/Großraumlimousine (146_)";40;198805;199312;54;1116
"Kupplungssatz";479;7565;1;1;"FIAT";"FIORINO Kasten/Großraumlimousine (146_)";42;198805;199610;57;1697
"Kupplungssatz";479;7605;36;3;"MERCEDES-BENZ";"VITO / MIXTO Kasten (W639)";70;201009;;95;2143
"Kupplungssatz";479;7606;61;3;"MERCEDES-BENZ";"VITO / MIXTO Kasten (W639)";100;201009;;136;2143
"Kupplungssatz";479;7610;18;0;"MERCEDES-BENZ";"VITO / MIXTO Kasten (W639)";120;201009;;163;2143
"Kupplungssatz";479;7621;6;3;"MERCEDES-BENZ";"VITO Bus (W639)";70;201009;201408;95;2143
"Kupplungssatz";479;7625;18;3;"MERCEDES-BENZ";"VITO Bus (W639)";100;201009;;136;2143
"Kupplungssatz";479;7627;16;0;"MERCEDES-BENZ";"VITO Bus (W639)";120;201009;;163;2143
"Kupplungssatz";479;7636;1;1;"LANCIA";"DELTA I (831_)";103;198608;198808;140;1585
"Kupplungssatz";479;7659;18;3;"MERCEDES-BENZ";"VIANO (W639)";100;201007;;136;2143
"Kupplungssatz";479;7677;13;0;"MERCEDES-BENZ";"VIANO (W639)";120;201007;;163;2143
"Kupplungssatz";479;7686;2;0;"MERCEDES-BENZ";"VITO Bus (W639)";120;201009;201408;163;2143
"Kupplungssatz";479;7692;2;1;"SUZUKI";"VITARA (ET, TA, TD)";97;199612;199803;132;1995
"Kupplungssatz";479;7696;1;2;"SUZUKI";"VITARA (ET, TA, TD)";50;199501;199803;68;1905
"Kupplungssatz";479;7699;11;2;"SUZUKI";"VITARA (ET, TA, TD)";55;199608;199803;75;1905
"Kupplungssatz";479;7702;1;0;"MAZDA";"323 C IV (BG)";120;199009;199212;163;1840
"Kupplungssatz";479;7703;2;0;"OPEL";"CAMPO (TF0, TF1)";69;199108;199408;94;2254
"Kupplungssatz";479;7704;3;0;"OPEL";"CAMPO (TF0, TF1)";56;199108;199406;76;2499
"Kupplungssatz";479;7705;4;0;"OPEL";"CAMPO (TF0, TF1)";69;199108;199408;94;2254
"Kupplungssatz";479;7706;1;0;"OPEL";"CAMPO (TF0, TF1)";56;199108;199406;76;2499
"Kupplungssatz";479;7707;5;1;"OPEL";"CAMPO (TF0, TF1)";80;199212;200106;109;3059
"Kupplungssatz";479;7710;1;0;"OPEL";"CAMPO (TF0, TF1)";72;199408;199609;98;2254
"Kupplungssatz";479;7713;1;7;"OPEL";"VIVARO A Pritsche/Fahrgestell (X83)";60;200108;201407;82;1870
"Kupplungssatz";479;7714;1;1;"ROVER";"100 / METRO Schrägheck (XP)";42;199412;199812;57;1527
"Kupplungssatz";479;7720;2;8;"OPEL";"VIVARO A Pritsche/Fahrgestell (X83)";99;200304;201003;135;2463
"Kupplungssatz";479;7722;1;1;"DAIHATSU";"MOVE (L6_)";31;199701;199911;42;847
"Kupplungssatz";479;7739;2;1;"FIAT";"DUCATO Kasten (230_)";80;199403;200204;109;2500
"Kupplungssatz";479;7740;1;2;"FIAT";"DUCATO Kasten (230_)";62;199403;200204;84;2500
"Kupplungssatz";479;7741;11;2;"AUDI";"A6 C5 (4B2)";110;199701;200501;150;1781
"Kupplungssatz";479;7743;2;1;"AUDI";"CABRIOLET B3 (8G7)";92;199701;200008;125;1781
"Kupplungssatz";479;7744;1;0;"RENAULT";"19 II Cabriolet (D53_, 853_)";66;199309;199606;90;1794
"Kupplungssatz";479;7745;2;3;"BMW";"5 Touring (E39)";110;199703;200108;150;1990
"Kupplungssatz";479;7746;1;3;"BMW";"Z3 Roadster (E36)";142;199611;200005;193;2793
"Kupplungssatz";479;7747;2;3;"BMW";"5 Touring (E39)";125;199703;200008;170;2494
"Kupplungssatz";479;7752;28;4;"VW";"GOLF PLUS V (5M1, 521)";63;201005;201312;86;1197
"Kupplungssatz";479;7755;1;1;"CITROËN";"JUMPER I Bus (230P)";79;199612;200011;107;2446
"Kupplungssatz";479;7760;4;1;"FIAT";"COUPE (175_)";162;199608;200008;220;1998
"Kupplungssatz";479;7761;6;1;"TOYOTA";"YARIS (_P9_)";63;200511;201212;86;1299
"Kupplungssatz";479;7762;1;0;"FIAT";"PUNTO (176_)";96;199609;199907;131;1372
"Kupplungssatz";479;7764;1;1;"ALFA ROMEO";"GTV (916_)";162;199610;200010;220;2959
"Kupplungssatz";479;7765;2;1;"ALFA ROMEO";"145 (930_)";76;199612;200101;103;1370
"Kupplungssatz";479;7766;1;1;"ALFA ROMEO";"146 (930_)";76;199611;200101;103;1370
"Kupplungssatz";479;7769;1;1;"ALFA ROMEO";"145 (930_)";88;199612;200101;120;1598
"Kupplungssatz";479;7771;1;1;"FIAT";"FIORINO Kasten/Großraumlimousine (146_)";46;199701;200105;63;1698
"Kupplungssatz";479;7777;14;2;"NISSAN";"MICRA IV (K13K)";56;201005;201509;76;1198
"Kupplungssatz";479;7780;1;0;"FIAT";"DUCATO Kasten (280_)";52;198801;199008;71;1929
"Kupplungssatz";479;7781;1;1;"FIAT";"DUCATO Kasten (280_)";60;198903;199008;82;1929
"Kupplungssatz";479;7783;1;2;"FIAT";"DUCATO Kasten (280_)";58;198201;199008;79;1971
"Kupplungssatz";479;7787;5;1;"FIAT";"DUCATO Panorama (290_)";55;199007;199403;75;2500
"Kupplungssatz";479;7788;1;1;"FIAT";"DUCATO Panorama (290_)";70;199006;199405;95;2499
"Kupplungssatz";479;7792;1;1;"FIAT";"DUCATO Kasten (290_)";60;198903;199403;82;1929
"Kupplungssatz";479;7793;2;1;"FIAT";"DUCATO Pritsche/Fahrgestell (290_)";62;199007;199403;84;1971
"Kupplungssatz";479;7794;1;1;"FIAT";"DUCATO Kasten (290_)";70;199007;199403;95;2500
"Kupplungssatz";479;7795;8;1;"FIAT";"DUCATO Pritsche/Fahrgestell (290_)";55;198903;199403;75;2500
"Kupplungssatz";479;7812;8;2;"FORD";"GALAXY I (WGR)";107;199701;200605;146;2295
"Kupplungssatz";479;7813;2;0;"FORD";"PUMA (EC_)";92;199703;200206;125;1679
"Kupplungssatz";479;7816;2;0;"HONDA";"CIVIC VI Fastback (MA, MB)";84;199701;200102;114;1493
"Kupplungssatz";479;7820;3;1;"HONDA";"PRELUDE V (BB_)";98;199610;200010;133;1997
"Kupplungssatz";479;7821;1;1;"HONDA";"PRELUDE V (BB_)";136;199610;200010;185;2156
"Kupplungssatz";479;7825;1;1;"KIA";"PRIDE (DA)";47;199610;200105;64;1324
"Kupplungssatz";479;7828;2;1;"RENAULT";"ESPACE III (JE0_)";84;199611;200010;114;1998
"Kupplungssatz";479;7830;3;5;"RENAULT";"ESPACE III (JE0_)";83;199611;200010;113;2188
"Kupplungssatz";479;7832;1;3;"MERCEDES-BENZ";"E-CLASS (W210)";150;199612;200203;204;2799
"Kupplungssatz";479;7844;1;1;"MITSUBISHI";"GALANT VIII (EA_)";100;199609;200009;136;1997
"Kupplungssatz";479;7849;1;0;"MITSUBISHI";"GALANT VIII Kombi (EA_, EC_)";120;199609;200009;163;2498
"Kupplungssatz";479;7851;11;1;"NISSAN";"PRIMERA (P11)";73;199609;200010;99;1597
"Kupplungssatz";479;7852;4;1;"NISSAN";"PRIMERA (P11)";66;199609;200112;90;1597
"Kupplungssatz";479;7853;2;1;"NISSAN";"PRIMERA (P11)";96;199609;200112;131;1998
"Kupplungssatz";479;7855;1;1;"NISSAN";"PRIMERA (P11)";110;199609;200112;150;1998
"Kupplungssatz";479;7857;6;1;"NISSAN";"PRIMERA Hatchback (P11)";73;199609;200207;99;1597
"Kupplungssatz";479;7858;4;1;"NISSAN";"PRIMERA Hatchback (P11)";66;199609;200207;90;1597
"Kupplungssatz";479;7859;1;1;"NISSAN";"PRIMERA Hatchback (P11)";96;199609;200207;131;1998
"Kupplungssatz";479;7863;40;1;"OPEL";"CORSA B (S93)";40;199611;200009;54;973
"Kupplungssatz";479;7864;2;2;"FIAT";"PUNTO Kasten/Schrägheck (199_)";55;200804;;75;1248
"Kupplungssatz";479;7866;1;2;"PEUGEOT";"406 Break (8E/F)";81;199610;200010;110;1761
"Kupplungssatz";479;7867;1;5;"SKODA";"OCTAVIA II (1Z3)";112;200903;201306;152;1798
"Kupplungssatz";479;7868;1;5;"SKODA";"OCTAVIA II Combi (1Z5)";112;200903;201306;152;1798
"Kupplungssatz";479;7876;191;2;"RENAULT";"TWINGO I (C06_)";43;199605;200706;58;1149
"Kupplungssatz";479;7888;8;2;"SUZUKI";"VITARA Cabrio (ET, TA)";55;199608;199903;75;1905
"Kupplungssatz";479;7891;1;2;"SEAT";"IBIZA II (6K1)";110;199608;199908;150;1984
"Kupplungssatz";479;7892;18;3;"SEAT";"IBIZA II (6K1)";66;199608;200202;90;1896
"Kupplungssatz";479;7893;3;2;"SEAT";"ALHAMBRA (7V8, 7V9)";81;199608;200006;110;1896
"Kupplungssatz";479;7894;1;10;"SKODA";"OCTAVIA II (1Z3)";81;201003;201306;110;1968
"Kupplungssatz";479;7895;26;2;"SEAT";"AROSA (6H1)";37;199705;200406;50;999
"Kupplungssatz";479;7896;5;2;"SEAT";"AROSA (6H1)";44;199705;200406;60;1389
"Kupplungssatz";479;7897;9;5;"SEAT";"IBIZA II (6K1)";81;199702;200202;110;1896
"Kupplungssatz";479;7898;12;2;"SEAT";"IBIZA II (6K1)";74;199706;200202;101;1390
"Kupplungssatz";479;7899;5;2;"SEAT";"IBIZA II (6K1)";47;199304;199608;64;1896
"Kupplungssatz";479;7903;5;2;"SEAT";"TOLEDO I (1L2)";74;199611;199903;101;1595
"Kupplungssatz";479;7904;30;10;"SKODA";"OCTAVIA II Combi (1Z5)";81;201003;201306;110;1968
"Kupplungssatz";479;7905;3;4;"SEAT";"TOLEDO I (1L2)";81;199611;199903;110;1896
"Kupplungssatz";479;7907;4;1;"SKODA";"OCTAVIA I (1U2)";55;199609;200409;75;1598
"Kupplungssatz";479;7908;2;2;"SKODA";"OCTAVIA I (1U2)";92;199609;200007;125;1781
"Kupplungssatz";479;7909;45;7;"SKODA";"OCTAVIA I (1U2)";66;199609;201003;90;1896
"Kupplungssatz";479;7915;1;2;"SUZUKI";"BALENO Schrägheck (EG)";52;199609;200205;71;1298
"Kupplungssatz";479;7918;4;1;"TOYOTA";"CAMRY (_V2_)";96;199608;200111;131;2164
"Kupplungssatz";479;7919;4;1;"TOYOTA";"PICNIC (_XM1_)";94;199608;200009;128;1998
"Kupplungssatz";479;7924;2;2;"VOLVO";"S70 (874)";132;199701;200011;180;1984
"Kupplungssatz";479;7925;1;2;"VOLVO";"V70 I (875, 876)";166;199611;200012;226;1984
"Kupplungssatz";479;7929;6;2;"VW";"TRANSPORTER T4 Bus (70B, 70C, 7DB, 7DK, 70J, 70K, 7DC, 7DJ)";85;199607;200304;115;2461
"Kupplungssatz";479;7930;1;0;"AUDI";"A6 C7 (4G2, 4GC)";220;201011;201205;300;2995
"Kupplungssatz";479;7931;7;2;"VW";"TRANSPORTER T4 Bus (70B, 70C, 7DB, 7DK, 70J, 70K, 7DC, 7DJ)";85;199608;200304;115;2461
"Kupplungssatz";479;7932;17;2;"VW";"PASSAT B5 Variant (3B5)";74;199706;200011;101;1595
"Kupplungssatz";479;7933;1;3;"VW";"PASSAT B5 Variant (3B5)";92;199706;200011;125;1781
"Kupplungssatz";479;7934;5;3;"VW";"PASSAT B5 Variant (3B5)";110;199705;200011;150;1781
"Kupplungssatz";479;7937;11;3;"VW";"PASSAT B5 Variant (3B5)";66;199706;200011;90;1896
"Kupplungssatz";479;7938;19;1;"AUDI";"A6 C7 (4G2, 4GC)";130;201103;201809;177;1968
"Kupplungssatz";479;7939;13;2;"VW";"PASSAT B5 Variant (3B5)";81;199706;200011;110;1896
"Kupplungssatz";479;7940;6;3;"VW";"CADDY II Kasten/Großraumlimousine (9K9A)";66;199609;200401;90;1896
"Kupplungssatz";479;7944;5;0;"AUDI";"A6 C7 (4G2, 4GC)";150;201103;201809;204;2967
"Kupplungssatz";479;7953;1;0;"RENAULT";"TRAFIC Kasten (T_, P_, V_)";43;198905;199406;58;2068
"Kupplungssatz";479;7956;1;0;"RENAULT";"TRAFIC Kasten (T_, P_, V_)";47;199406;199710;64;2068
"Kupplungssatz";479;7960;2;0;"AUDI";"A6 C7 (4G2, 4GC)";180;201103;201809;245;2967
"Kupplungssatz";479;7963;2;2;"PEUGEOT";"BOXER Kasten (230L)";63;199403;200204;86;2446
"Kupplungssatz";479;7966;1;3;"FORD";"FOCUS III Stufenheck";92;201007;;125;1596
"Kupplungssatz";479;7968;1;1;"RENAULT";"SUPER 5 (B/C40_)";43;198510;199612;58;1390
"Kupplungssatz";479;7977;4;3;"PEUGEOT";"PARTNER Kasten/Großraumlimousine (5_, G_)";55;199606;201512;75;1360
"Kupplungssatz";479;7978;1;2;"PEUGEOT";"PARTNER Kasten/Großraumlimousine (5_, G_)";43;199606;200212;58;1769
"Kupplungssatz";479;7979;1;2;"PEUGEOT";"PARTNER Kasten/Großraumlimousine (5_, G_)";51;199606;200212;69;1905
"Kupplungssatz";479;7981;2;1;"ASIA MOTORS";"ROCSTA Geländewagen offen (AM102)";57;199306;199912;77;1789
"Kupplungssatz";479;7985;1;0;"VOLVO";"850 Kombi (855)";166;199302;199612;226;2319
"Kupplungssatz";479;7991;2;3;"FORD";"FOCUS III Stufenheck";70;201007;;95;1560
"Kupplungssatz";479;7993;2;3;"FORD";"FOCUS III Stufenheck";85;201007;;115;1560
"Kupplungssatz";479;8009;6;1;"SKODA";"OCTAVIA I (1U2)";74;199702;200712;101;1595
"Kupplungssatz";479;8014;6;3;"FORD";"FOCUS III";77;201007;201805;105;1596
"Kupplungssatz";479;8015;9;3;"FORD";"FOCUS III";92;201007;201712;125;1596
"Kupplungssatz";479;8019;30;3;"FORD";"FOCUS III";110;201007;201406;150;1596
"Kupplungssatz";479;8022;8;3;"FORD";"FOCUS III";134;201007;201406;182;1596
"Kupplungssatz";479;8027;31;3;"FORD";"FOCUS III";70;201007;201712;95;1560
"Kupplungssatz";479;8036;2;1;"MAZDA";"323 P V (BA)";65;199610;199809;88;1489
"Kupplungssatz";479;8039;40;3;"FORD";"FOCUS III";85;201007;201712;115;1560
"Kupplungssatz";479;8040;30;1;"VW";"GOLF II (19E, 1G1)";40;198606;199212;55;1272
"Kupplungssatz";479;8042;5;1;"VW";"JETTA II (19E, 1G2, 165)";40;198706;199112;55;1272
"Kupplungssatz";479;8043;1;3;"VW";"POLO Coupe (86C, 80)";40;198308;198706;55;1272
"Kupplungssatz";479;8046;3;2;"VW";"POLO II (86C, 80)";33;198508;199201;45;1043
"Kupplungssatz";479;8047;1;2;"VW";"POLO Coupe (86C, 80)";33;198508;199201;45;1043
"Kupplungssatz";479;8050;7;2;"VW";"GOLF II (19E, 1G1)";66;198408;199110;90;1781
"Kupplungssatz";479;8055;2;1;"AUDI";"100 C3 Stufenheck (443, 444)";66;198308;198907;90;1781
"Kupplungssatz";479;8058;1;5;"FORD";"FOCUS III";103;201007;201406;140;1997
"Kupplungssatz";479;8096;22;3;"FORD";"FOCUS III Turnier";77;201007;;105;1596
"Kupplungssatz";479;8097;3;2;"SEAT";"INCA (6K9)";47;199511;200306;64;1896
"Kupplungssatz";479;8111;14;3;"FORD";"FOCUS III Turnier";92;201007;;125;1596
"Kupplungssatz";479;8151;41;3;"FORD";"FOCUS III Turnier";110;201007;;150;1596
"Kupplungssatz";479;8165;3;3;"FORD";"FOCUS III Turnier";134;201007;;182;1596
"Kupplungssatz";479;8169;1;1;"HYUNDAI";"H100 Bus (P)";57;199412;200003;78;2476
"Kupplungssatz";479;8170;36;3;"FORD";"FOCUS III Turnier";70;201007;;95;1560
"Kupplungssatz";479;8175;129;3;"FORD";"FOCUS III Turnier";85;201007;;115;1560
"Kupplungssatz";479;8178;1;3;"RENAULT";"MEGANE II Kombi (KM0/1_)";75;200505;200907;102;1598
"Kupplungssatz";479;8205;14;5;"FORD";"FOCUS III Turnier";103;201007;;140;1997
"Kupplungssatz";479;8206;2;5;"FORD";"FOCUS III Turnier";120;201007;;163;1997
"Kupplungssatz";479;8207;16;2;"VW";"GOLF VI Cabriolet (517)";77;201103;201605;105;1197
"Kupplungssatz";479;8208;9;2;"VW";"GOLF VI Cabriolet (517)";90;201111;201605;122;1390
"Kupplungssatz";479;8209;7;4;"VW";"GOLF VI Cabriolet (517)";118;201103;201605;160;1390
"Kupplungssatz";479;8210;2;1;"VW";"GOLF VI Cabriolet (517)";155;201205;201605;211;1984
"Kupplungssatz";479;8211;13;1;"VW";"GOLF VI Cabriolet (517)";77;201103;201605;105;1598
"Kupplungssatz";479;8212;18;6;"VW";"GOLF VI Cabriolet (517)";103;201111;201605;140;1968
"Kupplungssatz";479;8217;2;3;"PEUGEOT";"PARTNER Großraumlimousine (5_, G_)";55;199606;201512;75;1360
"Kupplungssatz";479;8226;1;1;"PEUGEOT";"EXPERT Kasten (222)";68;199602;199805;92;1905
"Kupplungssatz";479;8230;1;1;"PEUGEOT";"J5 Pritsche/Fahrgestell (290L)";54;199010;199402;73;2500
"Kupplungssatz";479;8242;2;1;"PEUGEOT";"106 I (1A, 1C)";37;199109;199604;50;954
"Kupplungssatz";479;8246;1;1;"RENAULT";"19 II (B/C53_)";59;199201;199512;80;1390
"Kupplungssatz";479;8247;2;1;"RENAULT";"CLIO I (B/C57_, 5/357_)";34;199101;199809;46;1108
"Kupplungssatz";479;8300;1;0;"RENAULT";"4 Kasten/Großraumlimousine (R21_, R23_)";25;196609;198812;34;845
"Kupplungssatz";479;8302;1;2;"FORD";"FIESTA III (GFJ)";33;198903;199512;45;1001
"Kupplungssatz";479;8315;1;2;"AUDI";"A6 C5 (4B2)";110;199702;200501;150;1781
"Kupplungssatz";479;8316;11;1;"AUDI";"A6 C5 (4B2)";121;199702;200501;165;2393
"Kupplungssatz";479;8317;2;1;"AUDI";"A6 C5 (4B2)";121;199702;200501;165;2393
"Kupplungssatz";479;8318;6;2;"AUDI";"A6 C5 (4B2)";81;199704;200010;110;1896
"Kupplungssatz";479;8319;1;1;"AUDI";"A6 C5 (4B2)";110;199707;200501;150;2496
"Kupplungssatz";479;8320;2;2;"AUDI";"A6 C5 (4B2)";142;199702;200501;193;2771
"Kupplungssatz";479;8324;2;1;"TOYOTA";"COROLLA Kombi (_E11_)";81;199704;200110;110;1762
"Kupplungssatz";479;8325;1;0;"TOYOTA";"COROLLA Kombi (_E11_)";53;199704;200002;72;1975
"Kupplungssatz";479;8326;21;2;"TOYOTA";"COROLLA (_E11_)";63;199705;199909;86;1332
"Kupplungssatz";479;8329;1;0;"TOYOTA";"COROLLA (_E11_)";53;199704;200002;72;1975
"Kupplungssatz";479;8330;17;2;"TOYOTA";"COROLLA Compact (_E11_)";63;199705;199909;86;1332
"Kupplungssatz";479;8331;7;1;"TOYOTA";"COROLLA Compact (_E11_)";81;199705;200002;110;1587
"Kupplungssatz";479;8333;4;0;"TOYOTA";"COROLLA Compact (_E11_)";53;199704;200002;72;1975
"Kupplungssatz";479;8334;2;1;"TOYOTA";"COROLLA Liftback (_E11_)";81;199705;200002;110;1587
"Kupplungssatz";479;8335;15;2;"TOYOTA";"COROLLA Liftback (_E11_)";63;199705;199909;86;1332
"Kupplungssatz";479;8352;1;1;"AUDI";"A4 B5 (8D2)";121;199703;200011;165;2393
"Kupplungssatz";479;8354;1;1;"AUDI";"A4 B5 Avant (8D5)";121;199703;200109;165;2393
"Kupplungssatz";479;8355;1;1;"AUDI";"A4 B5 Avant (8D5)";121;199703;200109;165;2393
"Kupplungssatz";479;8364;2;0;"CHEVROLET";"BLAZER S10";142;199401;200509;193;4300
"Kupplungssatz";479;8366;15;0;"HONDA";"CR-V I (RD)";94;199510;200112;128;1973
"Kupplungssatz";479;8369;12;7;"MERCEDES-BENZ";"SPRINTER 3,5-t Bus (B906)";95;201108;201605;129;2143
"Kupplungssatz";479;8372;1;1;"MAZDA";"626 V Hatchback (GF)";66;199705;199912;90;1840
"Kupplungssatz";479;8373;2;1;"MAZDA";"626 V Hatchback (GF)";85;199705;200210;115;1991
"Kupplungssatz";479;8375;1;2;"MERCEDES-BENZ";"CLK (C208)";100;199706;200206;136;1998
"Kupplungssatz";479;8384;1;1;"MERCEDES-BENZ";"C-CLASS (W202)";125;199706;200005;170;2398
"Kupplungssatz";479;8386;29;2;"MERCEDES-BENZ";"A-CLASS (W168)";60;199707;200408;82;1397
"Kupplungssatz";479;8387;13;2;"MERCEDES-BENZ";"A-CLASS (W168)";75;199707;200408;102;1598
"Kupplungssatz";479;8388;2;2;"MERCEDES-BENZ";"E-CLASS (W210)";110;199706;199907;150;2497
"Kupplungssatz";479;8393;2;1;"PEUGEOT";"406 Coupe (8C)";97;199703;200412;132;1998
"Kupplungssatz";479;8394;1;3;"PEUGEOT";"306 Break (7E, N3, N5)";55;199703;200204;75;1360
"Kupplungssatz";479;8396;8;3;"PEUGEOT";"106 II (1A_, 1C_)";37;199604;200103;50;954
"Kupplungssatz";479;8397;1;1;"PEUGEOT";"306 Break (7E, N3, N5)";66;199702;200204;90;1905
"Kupplungssatz";479;8399;3;2;"PEUGEOT";"306 Schrägheck (7A, 7C, N3, N5)";81;199703;200105;110;1761
"Kupplungssatz";479;8403;1;2;"PEUGEOT";"306 Break (7E, N3, N5)";81;199703;200204;110;1761
"Kupplungssatz";479;8407;1;1;"PEUGEOT";"406 Coupe (8C)";140;199703;200412;190;2946
"Kupplungssatz";479;8409;2;1;"PEUGEOT";"306 Schrägheck (7A, 7C, N3, N5)";97;199703;200105;132;1998
"Kupplungssatz";479;8412;3;1;"PEUGEOT";"306 Cabriolet (7D, N3, N5)";97;199703;200204;132;1998
"Kupplungssatz";479;8419;2;2;"RENAULT";"MEGANE I Classic (LA0/1_)";72;199703;200102;98;1870
"Kupplungssatz";479;8422;2;1;"HYUNDAI";"H-1 / STAREX Bus (A1)";59;199706;200404;80;2476
"Kupplungssatz";479;8429;7;1;"SEAT";"CORDOBA Vario (6K5)";44;199609;200212;60;1389
"Kupplungssatz";479;8431;1;1;"VW";"POLO III (6N1)";44;199708;199910;60;1716
"Kupplungssatz";479;8433;2;5;"SEAT";"CORDOBA (6K1, 6K2)";81;199703;200210;110;1896
"Kupplungssatz";479;8434;1;3;"SEAT";"CORDOBA Vario (6K5)";74;199609;200212;101;1595
"Kupplungssatz";479;8438;7;1;"SEAT";"IBIZA II (6K1)";37;199609;200202;50;999
"Kupplungssatz";479;8439;2;2;"VW";"PASSAT B5 Variant (3B5)";142;199706;200011;193;2771
"Kupplungssatz";479;8441;1;1;"SEAT";"CORDOBA (6K1, 6K2)";37;199609;200210;50;999
"Kupplungssatz";479;8443;2;2;"VW";"PASSAT B5 (3B2)";81;199706;200008;110;1896
"Kupplungssatz";479;8444;1;2;"VW";"PASSAT B5 Variant (3B5)";81;199706;200008;110;1896
"Kupplungssatz";479;8446;1;1;"KIA";"PRO CEE'D (ED)";92;201010;201302;125;1591
"Kupplungssatz";479;8447;1;1;"KIA";"PRO CEE'D (ED)";94;201010;201209;128;1582
"Kupplungssatz";479;8448;3;1;"KIA";"CEE'D Schrägheck (ED)";92;201010;201212;125;1591
"Kupplungssatz";479;8449;7;1;"KIA";"CEE'D Schrägheck (ED)";94;201010;201212;128;1582
"Kupplungssatz";479;8450;12;1;"KIA";"CEE'D SW (ED)";94;201010;201212;128;1582
"Kupplungssatz";479;8452;63;2;"KIA";"SPORTAGE III (SL)";99;201102;;135;1591
"Kupplungssatz";479;8453;4;2;"VW";"GOLF III (1H1)";47;199507;199708;64;1896
"Kupplungssatz";479;8454;72;1;"KIA";"SPORTAGE III (SL)";85;201012;;116;1685
"Kupplungssatz";479;8456;76;5;"VW";"GOLF IV (1J1)";66;199710;200405;90;1896
"Kupplungssatz";479;8460;134;1;"VW";"GOLF IV (1J1)";74;199708;200405;100;1595
"Kupplungssatz";479;8461;41;5;"VW";"GOLF IV (1J1)";81;199708;200405;110;1896
"Kupplungssatz";479;8469;6;1;"KIA";"CARENS III Großraumlimousine (UN)";94;201010;;128;1582
"Kupplungssatz";479;8471;37;1;"OPEL";"AGILA (B) (H08)";69;201004;201410;94;1242
"Kupplungssatz";479;8484;3;1;"PEUGEOT";"PARTNER Kasten/Großraumlimousine";72;201011;;98;1598
"Kupplungssatz";479;8510;20;3;"CHEVROLET";"CAPTIVA (C100, C140)";120;201103;;163;2231
"Kupplungssatz";479;8513;10;3;"CHEVROLET";"CAPTIVA (C100, C140)";135;201103;;184;2231
"Kupplungssatz";479;8519;6;4;"CHEVROLET";"CAPTIVA (C100, C140)";93;200610;200912;126;1991
"Kupplungssatz";479;8530;2;1;"MERCEDES-BENZ";"T1 Kasten (B602)";70;198906;199602;95;2874
"Kupplungssatz";479;8539;2;0;"MERCEDES-BENZ";"G-CLASS (W460)";68;198812;199208;92;2497
"Kupplungssatz";479;8573;2;1;"NISSAN";"SUNNY III Hatchback (N14)";64;199010;199505;87;1392
"Kupplungssatz";479;8582;1;1;"PEUGEOT";"106 I (1A, 1C)";43;199406;199604;58;1527
"Kupplungssatz";479;8602;1;1;"RENAULT";"4 (112_)";31;198512;199306;42;956
"Kupplungssatz";479;8642;1;0;"VW";"GOLF II (19E, 1G1)";37;198308;199110;50;1588
"Kupplungssatz";479;8645;1;2;"VW";"GOLF II (19E, 1G1)";43;198308;198610;58;1272
"Kupplungssatz";479;8666;2;1;"CHEVROLET";"AVEO / KALOS Stufenheck (T250, T255)";55;200801;;75;1206
"Kupplungssatz";479;8667;3;2;"MERCEDES-BENZ";"SPRINTER 2-t Kasten (B901, B902)";75;199701;200004;102;2874
"Kupplungssatz";479;8668;7;1;"CHEVROLET";"CRUZE (J300)";120;201008;;163;1998
"Kupplungssatz";479;8670;3;2;"MERCEDES-BENZ";"SPRINTER 2-t Pritsche/Fahrgestell (B901, B902)";90;199502;200004;122;2874
"Kupplungssatz";479;8682;2;1;"RENAULT";"19 I (B/C53_)";59;198801;199212;80;1390
"Kupplungssatz";479;8683;2;4;"PEUGEOT";"208 I (CA_, CC_)";115;201203;;156;1598
"Kupplungssatz";479;8684;96;1;"PEUGEOT";"208 I (CA_, CC_)";50;201203;;68;1398
"Kupplungssatz";479;8685;21;4;"PEUGEOT";"208 I (CA_, CC_)";68;201203;;92;1560
"Kupplungssatz";479;8686;7;3;"PEUGEOT";"208 I (CA_, CC_)";84;201203;;114;1560
"Kupplungssatz";479;8696;7;1;"PORSCHE";"911 (996)";221;199708;200109;301;3387
"Kupplungssatz";479;8703;10;1;"SKODA";"FELICIA I Pick-up (6UF, 6U7)";47;199706;200204;64;1896
"Kupplungssatz";479;8704;2;1;"SKODA";"OCTAVIA I (1U2)";50;199706;200312;68;1896
"Kupplungssatz";479;8707;1;2;"PEUGEOT";"406 (8B)";66;199705;200405;90;1761
"Kupplungssatz";479;8708;1;2;"PEUGEOT";"406 Break (8E/F)";66;199705;200410;90;1761
"Kupplungssatz";479;8709;5;1;"MITSUBISHI";"CARISMA Stufenheck (DA_)";73;199705;200606;99;1597
"Kupplungssatz";479;8711;18;2;"CHEVROLET";"CRUZE (J300)";91;200905;;124;1598
"Kupplungssatz";479;8714;8;0;"TOYOTA";"HILUX V Pick-up (_N_, KZN1_, VZN1_)";58;199401;199712;79;2446
"Kupplungssatz";479;8715;2;0;"TOYOTA";"HILUX IV Pick-up (_N5_, _N6_)";65;198308;198807;88;1998
"Kupplungssatz";479;8716;7;0;"TOYOTA";"HILUX IV Pick-up (_N5_, _N6_)";69;198511;198912;94;2237
"Kupplungssatz";479;8724;1;2;"MERCEDES-BENZ";"SPRINTER 3-t Kasten (B903)";75;199502;200004;102;2874
"Kupplungssatz";479;8729;1;1;"MERCEDES-BENZ";"SPRINTER 2-t Pritsche/Fahrgestell (B901, B902)";58;199501;200004;79;2299
"Kupplungssatz";479;8730;4;2;"MERCEDES-BENZ";"SPRINTER 3-t Bus (B903)";90;199502;200004;122;2874
"Kupplungssatz";479;8737;2;0;"MITSUBISHI";"L200 (K7_T, K6_T, K5_T)";90;199606;200712;122;1997
"Kupplungssatz";479;8738;4;0;"MITSUBISHI";"L200 (K7_T, K6_T, K5_T)";97;199606;200712;132;2351
"Kupplungssatz";479;8739;8;2;"MITSUBISHI";"L200 (K7_T, K6_T, K5_T)";55;199606;200712;75;2477
"Kupplungssatz";479;8740;101;2;"MITSUBISHI";"L200 (K7_T, K6_T, K5_T)";73;199606;200712;99;2477
"Kupplungssatz";479;8745;1;2;"MERCEDES-BENZ";"SPRINTER 2-t Pritsche/Fahrgestell (B901, B902)";75;199701;200004;102;2874
"Kupplungssatz";479;8747;9;2;"MERCEDES-BENZ";"SPRINTER 3-t Kasten (B903)";90;199502;200004;122;2874
"Kupplungssatz";479;8753;1;2;"CITROËN";"XSARA (N1)";66;199704;200009;90;1761
"Kupplungssatz";479;8757;1;0;"MERCEDES-BENZ";"MB Kasten (W631)";53;198802;199205;72;2399
"Kupplungssatz";479;8760;1;2;"VW";"TRANSPORTER T4 Pritsche/Fahrgestell (70E, 70L, 70M, 7DE, 7DL";81;199211;200111;110;2461
"Kupplungssatz";479;8762;1;1;"FORD";"TRANSIT Pritsche/Fahrgestell (E_ _)";63;199408;200003;85;2496
"Kupplungssatz";479;8763;1;0;"FORD";"TRANSIT Pritsche/Fahrgestell (E_ _)";84;199408;200003;114;1998
"Kupplungssatz";479;8764;4;1;"FORD";"TRANSIT Pritsche/Fahrgestell (E_ _)";56;199408;200003;76;2496
"Kupplungssatz";479;8765;3;1;"FORD";"TRANSIT Pritsche/Fahrgestell (E_ _)";59;199109;199408;80;2496
"Kupplungssatz";479;8766;4;2;"VW";"TRANSPORTER T4 Pritsche/Fahrgestell (70E, 70L, 70M, 7DE, 7DL";85;199608;200304;115;2461
"Kupplungssatz";479;8767;1;2;"VW";"TRANSPORTER T4 Pritsche/Fahrgestell (70E, 70L, 70M, 7DE, 7DL";85;199608;200304;115;2461
"Kupplungssatz";479;8768;2;3;"VW";"TRANSPORTER T4 Kasten (70A, 70H, 7DA, 7DH)";85;199608;200304;115;2461
"Kupplungssatz";479;8769;2;2;"VW";"TRANSPORTER T4 Kasten (70A, 70H, 7DA, 7DH)";85;199608;200304;115;2461
"Kupplungssatz";479;8770;1;3;"VW";"TRANSPORTER T4 Pritsche/Fahrgestell (70E, 70L, 70M, 7DE, 7DL";57;199210;199809;78;2370
"Kupplungssatz";479;8771;6;2;"CHEVROLET";"CRUZE (J300)";80;200905;;109;1598
"Kupplungssatz";479;8772;3;0;"VW";"TRANSPORTER T4 Bus (70B, 70C, 7DB, 7DK, 70J, 70K, 7DC, 7DJ)";103;199511;200004;140;2792
"Kupplungssatz";479;8773;85;4;"VW";"TRANSPORTER T4 Kasten (70A, 70H, 7DA, 7DH)";75;199509;200304;102;2461
"Kupplungssatz";479;8774;16;4;"VW";"TRANSPORTER T4 Pritsche/Fahrgestell (70E, 70L, 70M, 7DE, 7DL";75;199509;200304;102;2461
"Kupplungssatz";479;8775;3;2;"SAAB";"9-5 (YS3E)";110;199709;200912;150;1985
"Kupplungssatz";479;8778;1;1;"FIAT";"PALIO (178_, 171_)";54;199806;;73;1242
"Kupplungssatz";479;8781;2;2;"FIAT";"PALIO Weekend (178_, 173_, 373_, 374_, 171_)";54;199604;200402;73;1242
"Kupplungssatz";479;8783;2;1;"FIAT";"PALIO Weekend (178_, 173_, 373_, 374_, 171_)";51;199604;200103;70;1698
"Kupplungssatz";479;8784;5;3;"BMW";"3 Compact (E36)";125;199709;200008;170;2494
"Kupplungssatz";479;8785;6;0;"SUBARU";"FORESTER (SF_)";90;199708;200209;122;1994
"Kupplungssatz";479;8786;14;1;"DAIHATSU";"TERIOS (J1_)";61;199710;200010;83;1296
"Kupplungssatz";479;8789;3;1;"FORD";"TRANSIT Pritsche/Fahrgestell (E_ _)";74;199408;200003;101;2496
"Kupplungssatz";479;8792;1;1;"FORD";"TRANSIT Pritsche/Fahrgestell (E_ _)";74;199109;199408;100;2496
"Kupplungssatz";479;8794;2;1;"FORD";"TRANSIT Kasten (E_ _)";51;199406;200003;69;2496
"Kupplungssatz";479;8797;2;0;"MERCEDES-BENZ";"MB Kasten (W631)";55;199012;199602;75;2399
"Kupplungssatz";479;8798;33;1;"VW";"GOLF IV (1J1)";50;199708;200506;68;1896
"Kupplungssatz";479;8799;464;1;"VW";"GOLF IV (1J1)";55;199710;200405;75;1390
"Kupplungssatz";479;8800;3;3;"VW";"GOLF IV (1J1)";92;199708;200506;125;1781
"Kupplungssatz";479;8801;28;4;"VW";"GOLF IV (1J1)";110;199708;200506;150;1781
"Kupplungssatz";479;8802;3;2;"VW";"GOLF IV (1J1)";110;199708;200010;150;2324
"Kupplungssatz";479;8803;26;3;"CITROËN";"XSARA (N1)";55;199704;200503;75;1360
"Kupplungssatz";479;8805;2;1;"CITROËN";"XSARA (N1)";65;199704;200009;88;1587
"Kupplungssatz";479;8807;2;1;"CITROËN";"XSARA (N1)";66;199704;200009;90;1905
"Kupplungssatz";479;8808;8;2;"ALFA ROMEO";"156 (932_)";88;199709;200509;120;1598
"Kupplungssatz";479;8809;1;2;"ALFA ROMEO";"156 (932_)";106;199709;200010;144;1747
"Kupplungssatz";479;8810;1;3;"ALFA ROMEO";"156 (932_)";114;199709;200206;155;1970
"Kupplungssatz";479;8811;3;0;"ALFA ROMEO";"156 (932_)";140;199709;200209;190;2492
"Kupplungssatz";479;8813;1;3;"ALFA ROMEO";"156 (932_)";100;199709;200309;136;2387
"Kupplungssatz";479;8829;1;3;"BMW";"Z3 Coupe (E36)";142;199801;200005;193;2793
"Kupplungssatz";479;8835;7;2;"FORD";"GALAXY I (WGR)";81;199708;200004;110;1896
"Kupplungssatz";479;8842;1;4;"RENAULT";"KANGOO BE BOP (KW0/1_)";80;200906;;110;1461
"Kupplungssatz";479;8851;3;1;"VW";"LT 28-35 II Bus (2DB, 2DE, 2DK)";75;199605;199908;102;2461
"Kupplungssatz";479;8852;1;1;"VW";"LT 28-46 II Kasten (2DA, 2DD, 2DH)";105;199605;200607;143;2295
"Kupplungssatz";479;8855;1;1;"VW";"LT 28-46 II Kasten (2DA, 2DD, 2DH)";75;199605;199908;102;2461
"Kupplungssatz";479;8859;3;1;"VW";"LT 28-46 II Pritsche/Fahrgestell (2DC, 2DF, 2DG, 2DL, 2DM)";75;199606;199908;102;2461
"Kupplungssatz";479;8862;3;2;"FIAT";"UNO (146_)";37;199001;199312;50;1108
"Kupplungssatz";479;8886;3;1;"AUDI";"A4 B5 (8D2)";110;199709;200011;150;2496
"Kupplungssatz";479;8888;4;1;"MERCEDES-BENZ";"C-CLASS (W202)";92;199709;200005;125;2151
"Kupplungssatz";479;8889;2;1;"MERCEDES-BENZ";"C-CLASS T-Model (S202)";92;199709;200103;125;2151
"Kupplungssatz";479;8890;1;4;"VW";"KAEFER";34;197305;199209;46;1584
"Kupplungssatz";479;8892;6;0;"AUDI";"A4 B5 Avant (8D5)";195;199709;200109;265;2671
"Kupplungssatz";479;8897;7;1;"SEAT";"AROSA (6H1)";44;199708;200406;60;1716
"Kupplungssatz";479;8899;1;2;"OPEL";"ASTRA F (T92)";74;199408;199809;100;1598
"Kupplungssatz";479;8901;1;2;"OPEL";"ASTRA F Caravan (T92)";74;199408;199801;100;1598
"Kupplungssatz";479;8913;4;3;"CITROËN";"XSARA Break (N2)";55;199710;200508;75;1360
"Kupplungssatz";479;8915;1;2;"CITROËN";"XSARA Break (N2)";66;199710;200009;90;1761
"Kupplungssatz";479;8923;12;1;"TOYOTA";"AVENSIS (_T22_)";74;199709;200010;101;1587
"Kupplungssatz";479;8924;1;1;"TOYOTA";"AVENSIS (_T22_)";81;199710;200006;110;1587
"Kupplungssatz";479;8925;3;1;"TOYOTA";"AVENSIS (_T22_)";81;199709;200010;110;1762
"Kupplungssatz";479;8927;1;1;"TOYOTA";"AVENSIS (_T22_)";66;199709;200302;90;1974
"Kupplungssatz";479;8928;3;1;"TOYOTA";"AVENSIS Liftback (_T22_)";74;199709;200010;101;1587
"Kupplungssatz";479;8929;5;1;"TOYOTA";"AVENSIS Liftback (_T22_)";81;199709;200010;110;1587
"Kupplungssatz";479;8934;2;1;"TOYOTA";"AVENSIS Kombi (_T22_)";81;199709;200010;110;1587
"Kupplungssatz";479;8936;1;1;"TOYOTA";"AVENSIS Kombi (_T22_)";94;199709;200010;128;1998
"Kupplungssatz";479;8937;1;1;"TOYOTA";"AVENSIS Kombi (_T22_)";66;199709;200302;90;1974
"Kupplungssatz";479;8939;1;2;"AUDI";"A6 C5 Avant (4B5)";81;199802;200104;110;1896
"Kupplungssatz";479;8942;3;2;"AUDI";"A6 C5 Avant (4B5)";110;199712;200501;150;1781
"Kupplungssatz";479;8943;3;1;"AUDI";"A6 C5 Avant (4B5)";121;199712;200501;165;2393
"Kupplungssatz";479;8948;1;1;"AUDI";"A6 C5 Avant (4B5)";110;199712;200501;150;2496
"Kupplungssatz";479;8949;1;3;"CITROËN";"JUMPER I Kasten (230L)";80;199403;200204;109;1998
"Kupplungssatz";479;8952;1;2;"CITROËN";"JUMPER I Kasten (230L)";63;199403;200204;86;2446
"Kupplungssatz";479;8953;1;1;"CITROËN";"JUMPER I Kasten (230L)";76;199403;200204;103;2446
"Kupplungssatz";479;8955;2;2;"CITROËN";"BERLINGO / BERLINGO FIRST Großraumlimousine (MF_, GJK_, GFK_";66;199705;200210;90;1761
"Kupplungssatz";479;8958;6;3;"VW";"SHARAN (7M8, 7M9, 7M6)";110;199709;201003;150;1781
"Kupplungssatz";479;8959;4;3;"FIAT";"DUCATO Kasten (230_)";80;199403;200204;109;1998
"Kupplungssatz";479;8960;5;3;"FIAT";"DUCATO Bus (230_)";90;199710;200204;122;2800
"Kupplungssatz";479;8961;10;1;"FIAT";"PUNTO (176_)";63;199704;199909;86;1242
"Kupplungssatz";479;8962;1;1;"FIAT";"PUNTO Cabriolet (176_)";63;199704;200006;86;1242
"Kupplungssatz";479;8963;18;1;"BMW";"3 (E46)";87;199712;200109;118;1895
"Kupplungssatz";479;8964;11;2;"BMW";"3 (E46)";142;199802;200006;193;2793
"Kupplungssatz";479;8969;29;0;"FIAT";"SEICENTO / 600 (187_)";29;199711;200812;39;899
"Kupplungssatz";479;8970;82;2;"FIAT";"SEICENTO / 600 (187_)";40;199801;201001;54;1108
"Kupplungssatz";479;8971;114;2;"VW";"LUPO I (6X1, 6E1)";37;199809;200507;50;999
"Kupplungssatz";479;8972;26;2;"VW";"LUPO I (6X1, 6E1)";55;199809;200507;75;1390
"Kupplungssatz";479;8973;3;0;"VW";"LUPO I (6X1, 6E1)";44;199809;200507;60;1716
"Kupplungssatz";479;8974;1;1;"MAZDA";"626 V Station Wagon (GW)";66;199802;200001;90;1840
"Kupplungssatz";479;8975;2;1;"MAZDA";"626 V Station Wagon (GW)";85;199802;200210;116;1991
"Kupplungssatz";479;8977;3;1;"MAZDA";"626 V Hatchback (GF)";100;199802;200210;136;1991
"Kupplungssatz";479;8978;22;2;"SMART";"CITY-COUPE (450)";33;199807;200401;45;599
"Kupplungssatz";479;8979;14;3;"VW";"NEW BEETLE (9C1, 1C1)";85;199801;201009;115;1984
"Kupplungssatz";479;8980;2;4;"VW";"NEW BEETLE (9C1, 1C1)";66;199801;200406;90;1896
"Kupplungssatz";479;8981;5;3;"FORD";"PUMA (EC_)";66;199711;200010;90;1388
"Kupplungssatz";479;8982;34;1;"HYUNDAI";"ATOS (MX)";40;199802;200012;54;999
"Kupplungssatz";479;8984;7;1;"SUZUKI";"WAGON R+ Schrägheck (EM)";48;199802;200005;65;996
"Kupplungssatz";479;8985;5;1;"LAND ROVER";"FREELANDER I (L314)";88;199802;200011;120;1796
"Kupplungssatz";479;8986;11;1;"LAND ROVER";"FREELANDER I (L314)";72;199802;200011;98;1994
"Kupplungssatz";479;8987;14;1;"RENAULT";"KANGOO (KC0/1_)";43;199708;;58;1149
"Kupplungssatz";479;8988;20;1;"RENAULT";"KANGOO (KC0/1_)";55;199708;;75;1390
"Kupplungssatz";479;8989;2;3;"RENAULT";"KANGOO (KC0/1_)";40;199708;;54;1870
"Kupplungssatz";479;8990;3;3;"RENAULT";"KANGOO (KC0/1_)";47;199708;200106;64;1870
"Kupplungssatz";479;8991;5;2;"RENAULT";"LAGUNA I (B56_, 556_)";72;199710;200103;98;1870
"Kupplungssatz";479;8993;5;3;"OPEL";"ASTRA G CC (T98)";48;199802;200009;65;1199
"Kupplungssatz";479;8994;17;3;"OPEL";"ASTRA G CC (T98)";55;199802;200009;75;1598
"Kupplungssatz";479;8995;54;3;"OPEL";"ASTRA G CC (T98)";74;199802;200501;101;1598
"Kupplungssatz";479;8996;8;7;"OPEL";"ASTRA G CC (T98)";85;199802;200009;116;1796
"Kupplungssatz";479;8997;3;4;"OPEL";"ASTRA G CC (T98)";100;199802;200501;136;1998
"Kupplungssatz";479;8998;3;3;"OPEL";"ASTRA G CC (T98)";50;199802;200008;68;1699
"Kupplungssatz";479;8999;1;0;"OPEL";"ASTRA G CC (T98)";60;199802;200501;82;1995
"Kupplungssatz";479;9001;4;3;"OPEL";"ASTRA G Caravan (T98)";55;199802;200009;75;1598
"Kupplungssatz";479;9002;25;3;"OPEL";"ASTRA G Caravan (T98)";74;199802;200407;101;1598
"Kupplungssatz";479;9005;2;3;"OPEL";"ASTRA G Caravan (T98)";50;199802;200008;68;1699
"Kupplungssatz";479;9006;2;0;"OPEL";"ASTRA G Caravan (T98)";60;199802;200407;82;1995
"Kupplungssatz";479;9009;4;0;"OPEL";"VECTRA B (J96)";74;199706;200204;101;1995
"Kupplungssatz";479;9011;1;0;"OPEL";"VECTRA B Caravan (J96)";74;199706;200307;101;1995
"Kupplungssatz";479;9012;15;1;"OPEL";"CORSA B (S93)";48;199803;200009;65;1199
"Kupplungssatz";479;9027;2;2;"DAEWOO";"NUBIRA Wagon (J100)";78;199705;199905;106;1598
"Kupplungssatz";479;9030;44;1;"DAEWOO";"LANOS (KLAT)";55;199705;;75;1349
"Kupplungssatz";479;9031;11;1;"DAEWOO";"LANOS Stufenheck (KLAT)";55;199705;;75;1349
"Kupplungssatz";479;9032;4;1;"DAEWOO";"LANOS (KLAT)";63;199705;;86;1498
"Kupplungssatz";479;9033;2;1;"DAEWOO";"LANOS Stufenheck (KLAT)";63;199705;;86;1498
"Kupplungssatz";479;9036;2;1;"VW";"PASSAT B5 (3B2)";110;199710;200011;150;2324
"Kupplungssatz";479;9038;1;1;"MERCEDES-BENZ";"M-CLASS (W163)";110;199802;200506;150;2295
"Kupplungssatz";479;9040;225;1;"RENAULT";"CLIO II (BB_, CB_)";43;199809;201002;58;1149
"Kupplungssatz";479;9041;8;1;"RENAULT";"CLIO II (BB_, CB_)";55;199809;200505;75;1390
"Kupplungssatz";479;9043;8;1;"RENAULT";"CLIO II (BB_, CB_)";79;199809;200504;107;1598
"Kupplungssatz";479;9044;2;3;"RENAULT";"CLIO II (BB_, CB_)";47;199809;200505;64;1870
"Kupplungssatz";479;9045;31;1;"BMW";"3 (E46)";100;199804;200109;136;1951
"Kupplungssatz";479;9048;2;3;"SEAT";"ALHAMBRA (7V8, 7V9)";110;199710;201003;150;1781
"Kupplungssatz";479;9055;7;3;"VW";"POLO Variant (6V5)";44;199705;200109;60;1390
"Kupplungssatz";479;9056;1;2;"VW";"POLO Variant (6V5)";55;199705;200109;75;1598
"Kupplungssatz";479;9058;6;3;"VW";"POLO Variant (6V5)";66;199705;200109;90;1896
"Kupplungssatz";479;9061;1;4;"RENAULT";"CLIO III Kasten/Schrägheck (SB_, SR_)";63;200506;201007;86;1461
"Kupplungssatz";479;9063;14;5;"SKODA";"OCTAVIA I (1U2)";81;199708;200601;110;1896
"Kupplungssatz";479;9066;6;1;"LANCIA";"Y (840_)";40;199511;200309;54;1108
"Kupplungssatz";479;9067;3;1;"LANCIA";"Y (840_)";63;199704;200309;86;1242
"Kupplungssatz";479;9086;9;4;"SUZUKI";"SX4 (EY, GY)";82;200907;;112;1586
"Kupplungssatz";479;9087;6;1;"SUZUKI";"SWIFT IV (FZ, NZ)";66;201010;;90;1242
"Kupplungssatz";479;9089;1;1;"FIAT";"BRAVO I (182_)";48;199510;200110;65;1929
"Kupplungssatz";479;9090;1;3;"BMW";"5 Touring (E39)";142;199611;200008;193;2793
"Kupplungssatz";479;9091;5;2;"BMW";"3 (E46)";125;199803;200009;170;2494
"Kupplungssatz";479;9092;5;2;"BMW";"3 (E46)";110;199803;200009;150;1990
"Kupplungssatz";479;9099;1;1;"MERCEDES-BENZ";"124 T-Model (S124)";110;199210;199305;150;2199
"Kupplungssatz";479;9113;5;0;"SUZUKI";"SWIFT IV (FZ, NZ)";66;201010;;90;1242
"Kupplungssatz";479;9129;1;3;"FIAT";"DUCATO Bus (250_)";107;201004;;146;2999
"Kupplungssatz";479;9130;2;3;"FIAT";"DUCATO Pritsche/Fahrgestell (250_)";107;201004;;146;2999
"Kupplungssatz";479;9132;1;2;"SAAB";"9-3 Cabriolet (YS3F)";118;200712;201502;160;1910
"Kupplungssatz";479;9135;1;0;"HYUNDAI";"GRAND SANTA FÉ";145;201306;;197;2199
"Kupplungssatz";479;9139;3;1;"OPEL";"AGILA (B) (H08)";48;201001;201106;65;996
"Kupplungssatz";479;9140;3;1;"OPEL";"AGILA (B) (H08)";63;200804;201010;86;1242
"Kupplungssatz";479;9157;3;2;"OPEL";"CORSA D (S07)";48;200912;201408;65;998
"Kupplungssatz";479;9158;13;2;"FIAT";"GRANDE PUNTO (199_)";62;201004;;84;1248
"Kupplungssatz";479;9159;4;2;"FIAT";"PANDA (169_)";51;201011;201308;69;1242
"Kupplungssatz";479;9160;54;5;"OPEL";"ASTRA J (P10)";88;201010;201510;120;1364
"Kupplungssatz";479;9163;4;1;"NISSAN";"PICK UP (D21)";74;198603;199204;101;2389
"Kupplungssatz";479;9164;1;0;"NISSAN";"PICK UP (D21)";91;199204;199802;124;2389
"Kupplungssatz";479;9171;5;8;"OPEL";"CORSA D Kasten/Schrägheck (S07)";55;200607;201408;75;1248
"Kupplungssatz";479;9172;2;5;"OPEL";"CORSA D Kasten/Schrägheck (S07)";66;200607;201006;90;1248
"Kupplungssatz";479;9175;2;9;"OPEL";"CORSA D Kasten/Schrägheck (S07)";70;200911;201408;95;1248
"Kupplungssatz";479;9200;4;1;"RENAULT";"KANGOO Express (FC0/1_)";43;199708;;58;1149
"Kupplungssatz";479;9202;8;1;"RENAULT";"KANGOO Express (FC0/1_)";55;199708;200806;75;1390
"Kupplungssatz";479;9203;14;3;"RENAULT";"KANGOO Express (FC0/1_)";40;199708;;54;1870
"Kupplungssatz";479;9204;9;3;"RENAULT";"KANGOO Express (FC0/1_)";47;199708;;64;1870
"Kupplungssatz";479;9221;1;0;"MITSUBISHI";"L200 (K3_T, K2_T, K1_T, K0_T)";76;198911;199505;103;2555
"Kupplungssatz";479;9248;1;5;"OPEL";"ASTRA H Kasten/Kombi (L70)";66;200508;201010;90;1248
"Kupplungssatz";479;9251;1;3;"OPEL";"ZAFIRA B Kasten/Großraumlimousine (A05)";81;200801;201504;110;1686
"Kupplungssatz";479;9252;4;2;"OPEL";"ZAFIRA B Kasten/Großraumlimousine (A05)";110;200902;201504;150;1598
"Kupplungssatz";479;9253;9;8;"OPEL";"ZAFIRA B Kasten/Großraumlimousine (A05)";103;200507;201504;140;1796
"Kupplungssatz";479;9255;4;1;"RENAULT";"TWINGO II (CN0_)";75;201102;;102;1149
"Kupplungssatz";479;9256;7;2;"FIAT";"500 (312_)";51;201012;;69;1242
"Kupplungssatz";479;9257;49;1;"TOYOTA";"YARIS (_P9_)";73;201007;201105;99;1329
"Kupplungssatz";479;9258;3;2;"LANCIA";"YPSILON (843_)";57;201011;201112;78;1368
"Kupplungssatz";479;9260;4;2;"LANCIA";"MUSA (350_)";57;201011;201209;78;1368
"Kupplungssatz";479;9262;2;2;"FIAT";"BRAVO II (198_)";66;200812;201412;90;1368
"Kupplungssatz";479;9263;11;2;"FIAT";"GRANDE PUNTO (199_)";57;200812;;78;1368
"Kupplungssatz";479;9280;1;0;"TOYOTA";"HIACE IV Kasten (_H1_)";88;198908;199508;120;2438
"Kupplungssatz";479;9283;2;1;"TOYOTA";"LAND CRUISER (_J7_)";84;198812;199612;114;2367
"Kupplungssatz";479;9284;3;4;"CITROËN";"DS3 (SA_)";152;201102;201507;207;1598
"Kupplungssatz";479;9285;36;2;"PEUGEOT";"206+ (2L_, 2M_)";54;201009;201306;73;1360
"Kupplungssatz";479;9288;4;2;"MERCEDES-BENZ";"SLK (R172)";135;201102;;184;1796
"Kupplungssatz";479;9292;2;1;"RENAULT";"THALIA II (LU_)";55;200809;201406;75;1149
"Kupplungssatz";479;9296;1;6;"OPEL";"INSIGNIA A Sports Tourer (G09)";162;201009;201111;220;1998
"Kupplungssatz";479;9298;5;2;"FIAT";"DOBLO Pritsche/Fahrgestell (263_)";66;201002;;90;1248
"Kupplungssatz";479;9299;1;1;"FIAT";"UNO (146_)";33;198410;199510;45;999
"Kupplungssatz";479;9300;7;4;"FIAT";"DOBLO Pritsche/Fahrgestell (263_)";77;201002;;105;1598
"Kupplungssatz";479;9302;1;3;"FIAT";"DOBLO Pritsche/Fahrgestell (263_)";70;201004;;95;1368
"Kupplungssatz";479;9303;7;2;"ALFA ROMEO";"MITO (955_)";62;201101;201512;84;1248
"Kupplungssatz";479;9304;3;2;"AUDI";"A1 (8X1, 8XK)";136;201101;201504;185;1390
"Kupplungssatz";479;9305;8;5;"AUDI";"A1 (8X1, 8XK)";66;201103;201504;90;1598
"Kupplungssatz";479;9306;17;3;"AUDI";"A1 (8X1, 8XK)";105;201109;201504;143;1968
"Kupplungssatz";479;9308;6;1;"AUDI";"A6 C7 (4G2, 4GC)";120;201103;201809;163;1968
"Kupplungssatz";479;9309;8;3;"AUDI";"A6 C7 (4G2, 4GC)";132;201105;201809;180;1984
"Kupplungssatz";479;9313;1;2;"FIAT";"IDEA (350_)";57;200903;;78;1368
"Kupplungssatz";479;9324;1;1;"NISSAN";"VANETTE CARGO Kasten (HC 23)";71;199409;200105;97;1597
"Kupplungssatz";479;9326;2;1;"NISSAN";"VANETTE CARGO Kasten (HC 23)";55;199409;200205;75;2283
"Kupplungssatz";479;9327;2;1;"NISSAN";"VANETTE CARGO Bus (HC 23)";55;199409;200105;75;2283
"Kupplungssatz";479;9331;1;1;"FIAT";"GRANDE PUNTO (199_)";88;200807;;120;1598
"Kupplungssatz";479;9332;4;0;"AUDI";"A7 Sportback (4GA, 4GF)";150;201012;201503;204;2967
"Kupplungssatz";479;9339;30;2;"SMART";"CITY-COUPE (450)";40;199807;200401;55;599
"Kupplungssatz";479;9341;5;4;"MERCEDES-BENZ";"A-CLASS (W168)";44;199807;200102;60;1689
"Kupplungssatz";479;9342;2;3;"MERCEDES-BENZ";"A-CLASS (W168)";66;199807;200102;90;1689
"Kupplungssatz";479;9343;1;1;"DAIHATSU";"SIRION (M1)";41;199804;200009;56;989
"Kupplungssatz";479;9366;1;2;"LANCIA";"MUSA (350_)";66;200710;201209;90;1368
"Kupplungssatz";479;9379;1;0;"SAAB";"9-3 (YS3D)";96;199802;200209;131;1985
"Kupplungssatz";479;9380;2;0;"SAAB";"9-3 (YS3D)";136;199802;200209;185;1985
"Kupplungssatz";479;9389;1;1;"MAZDA";"CX-7 (ER)";120;201201;201303;163;2184
"Kupplungssatz";479;9399;13;1;"VW";"GOLF IV Cabriolet (1E7)";55;199806;200206;75;1781
"Kupplungssatz";479;9400;3;1;"VW";"GOLF IV Cabriolet (1E7)";66;199806;200206;90;1781
"Kupplungssatz";479;9409;44;1;"SKODA";"FABIA II (542)";44;201111;201412;60;1198
"Kupplungssatz";479;9410;1;1;"SKODA";"FABIA II Combi (545)";44;201111;201412;60;1198
"Kupplungssatz";479;9424;2;0;"ALFA ROMEO";"SPIDER (916_)";114;199805;200008;155;1970
"Kupplungssatz";479;9427;1;0;"ALFA ROMEO";"GTV (916_)";114;199709;200303;155;1970
"Kupplungssatz";479;9429;48;1;"MAZDA";"MX-5 II (NB)";81;199805;200510;110;1597
"Kupplungssatz";479;9430;5;1;"MAZDA";"MX-5 II (NB)";103;199805;200510;140;1840
"Kupplungssatz";479;9438;1;0;"PIAGGIO";"PORTER Pritsche/Fahrgestell";52;201101;;71;1308
"Kupplungssatz";479;9439;1;0;"PIAGGIO";"PORTER Pritsche/Fahrgestell";53;201101;;72;1308
"Kupplungssatz";479;9446;4;2;"HYUNDAI";"ix35 (LM, EL, ELH)";135;201201;;184;1995
"Kupplungssatz";479;9447;3;3;"FIAT";"FREEMONT (345_)";120;201108;;163;1956
"Kupplungssatz";479;9462;7;5;"VOLVO";"S80 I (184)";103;199901;200607;140;2435
"Kupplungssatz";479;9465;163;2;"PEUGEOT";"206 Schrägheck (2A/C)";44;199809;200702;60;1124
"Kupplungssatz";479;9466;182;4;"PEUGEOT";"206 Schrägheck (2A/C)";55;199809;201212;75;1360
"Kupplungssatz";479;9467;3;1;"PEUGEOT";"206 Schrägheck (2A/C)";65;199809;200012;89;1587
"Kupplungssatz";479;9468;9;3;"PEUGEOT";"206 Schrägheck (2A/C)";51;199809;200111;69;1868
"Kupplungssatz";479;9469;2;2;"FORD";"COUGAR (EC_)";96;199808;200112;131;1988
"Kupplungssatz";479;9491;1;4;"SKODA";"YETI (5L)";112;200911;201712;152;1798
"Kupplungssatz";479;9500;2;2;"MERCEDES-BENZ";"CLK Cabriolet (A208)";100;199803;200203;136;1998
"Kupplungssatz";479;9501;4;1;"MERCEDES-BENZ";"CLK Cabriolet (A208)";142;199803;200006;193;2295
"Kupplungssatz";479;9511;2;5;"VW";"GOLF IV (1J1)";66;199807;200204;90;1896
"Kupplungssatz";479;9515;3;1;"SKODA";"OCTAVIA I Combi (1U5)";74;199807;200712;101;1595
"Kupplungssatz";479;9516;1;2;"SKODA";"OCTAVIA I Combi (1U5)";92;199807;200007;125;1781
"Kupplungssatz";479;9518;16;7;"SKODA";"OCTAVIA I Combi (1U5)";66;199807;201003;90;1896
"Kupplungssatz";479;9519;14;5;"SKODA";"OCTAVIA I Combi (1U5)";81;199807;200601;110;1896
"Kupplungssatz";479;9523;1;1;"NISSAN";"PRIMERA Traveller (WP11)";96;199804;200112;131;1998
"Kupplungssatz";479;9538;2;2;"CHEVROLET";"CAPTIVA (C100, C140)";123;201103;;167;2384
"Kupplungssatz";479;9540;3;1;"MITSUBISHI";"CARISMA (DA_)";92;199709;200606;125;1834
"Kupplungssatz";479;9541;1;0;"MITSUBISHI";"CARISMA Stufenheck (DA_)";92;199709;200606;125;1834
"Kupplungssatz";479;9542;9;1;"KIA";"SPORTAGE SUV (K00)";61;199710;200308;83;1998
"Kupplungssatz";479;9544;2;0;"HONDA";"CIVIC VI Aerodeck (MB, MC)";66;199804;200102;90;1396
"Kupplungssatz";479;9545;2;0;"HONDA";"CIVIC VI Aerodeck (MB, MC)";84;199804;200102;114;1493
"Kupplungssatz";479;9546;2;0;"HONDA";"CIVIC VI Aerodeck (MB, MC)";85;199804;200102;116;1590
"Kupplungssatz";479;9550;4;0;"KIA";"SHUMA Stufenheck (FB)";65;199710;200110;88;1498
"Kupplungssatz";479;9552;8;0;"KIA";"SHUMA I (FB)";65;199710;200103;88;1498
"Kupplungssatz";479;9565;1;1;"TOYOTA";"RAV 4 I Cabrio (_A1_)";94;199712;200006;129;1998
"Kupplungssatz";479;9609;9;3;"FIAT";"FREEMONT (345_)";103;201108;;140;1956
"Kupplungssatz";479;9610;30;3;"FIAT";"FREEMONT (345_)";125;201108;;170;1956
"Kupplungssatz";479;9611;4;0;"FIAT";"FREEMONT (345_)";125;201108;;170;1956
"Kupplungssatz";479;9620;3;3;"VW";"TOURAN (1T3)";81;201011;201505;110;1968
"Kupplungssatz";479;9621;35;4;"VW";"GOLF VI (5K1)";63;201005;201211;86;1197
"Kupplungssatz";479;9630;1;4;"VW";"JETTA IV (162, 163, AV3, AV2)";147;201012;;200;1984
"Kupplungssatz";479;9639;52;1;"FORD";"FOCUS I (DAW, DBW)";55;199810;200411;75;1388
"Kupplungssatz";479;9640;120;3;"FORD";"FOCUS I (DAW, DBW)";74;199810;200411;100;1596
"Kupplungssatz";479;9641;19;6;"FORD";"FOCUS I (DAW, DBW)";85;199810;200411;115;1796
"Kupplungssatz";479;9642;11;1;"FORD";"FOCUS I Stufenheck (DFW)";55;199902;200411;75;1388
"Kupplungssatz";479;9643;24;3;"FORD";"FOCUS I Stufenheck (DFW)";74;199902;200411;100;1596
"Kupplungssatz";479;9644;6;6;"FORD";"FOCUS I Stufenheck (DFW)";85;199902;200411;115;1796
"Kupplungssatz";479;9645;9;1;"FORD";"FOCUS I Turnier (DNW)";55;199902;200411;75;1388
"Kupplungssatz";479;9646;96;3;"FORD";"FOCUS I Turnier (DNW)";74;199902;200411;100;1596
"Kupplungssatz";479;9647;26;4;"FORD";"FOCUS I Turnier (DNW)";85;199902;200411;115;1796
"Kupplungssatz";479;9648;2;3;"SAAB";"9-5 Kombi (YS3E)";110;199810;200912;150;1985
"Kupplungssatz";479;9685;1;2;"SAAB";"9-3 (YS3F, E79, D79, D75)";96;200712;201502;130;1910
"Kupplungssatz";479;9695;1;0;"OPEL";"ASTRA G Coupe (T98)";74;200003;200505;101;1598
"Kupplungssatz";479;9697;3;3;"OPEL";"ASTRA J Caravan (P10)";74;201010;201510;101;1686
"Kupplungssatz";479;9698;1;6;"OPEL";"MOVANO B Bus (X62)";74;201012;;101;2298
"Kupplungssatz";479;9707;3;6;"OPEL";"MOVANO B Bus (X62)";92;201012;;125;2298
"Kupplungssatz";479;9708;4;9;"OPEL";"MOVANO B Bus (X62)";107;201012;;146;2298
"Kupplungssatz";479;9712;1;0;"OPEL";"ZAFIRA A Großraumlimousine (T98)";86;200201;200506;117;2172
"Kupplungssatz";479;9716;1;3;"LANCIA";"DELTA III (844_)";77;201104;201408;105;1598
"Kupplungssatz";479;9737;15;3;"VOLVO";"S60 II (134)";84;201101;201512;114;1560
"Kupplungssatz";479;9752;5;3;"VW";"JETTA IV (162, 163, AV3, AV2)";81;201010;;110;1968
"Kupplungssatz";479;9777;13;0;"SUBARU";"FORESTER (SH_)";110;201001;;150;1995
"Kupplungssatz";479;9778;1;0;"SUBARU";"FORESTER (SH_)";126;200901;201309;171;2457
"Kupplungssatz";479;9792;9;1;"SUBARU";"TREZIA";73;201103;;99;1329
"Kupplungssatz";479;9793;10;1;"SUBARU";"TREZIA";66;201103;;90;1364
"Kupplungssatz";479;9809;3;1;"KIA";"CEE'D Schrägheck (ED)";85;200709;201212;115;1591
"Kupplungssatz";479;9810;9;1;"KIA";"CEE'D Schrägheck (ED)";77;200612;201212;105;1396
"Kupplungssatz";479;9814;4;1;"KIA";"VENGA (YN)";57;201002;;78;1396
"Kupplungssatz";479;9815;8;2;"HYUNDAI";"VELOSTER (FS)";103;201103;201712;140;1591
"Kupplungssatz";479;9816;8;3;"LAND ROVER";"RANGE ROVER EVOQUE (L538)";110;201106;201912;150;2179
"Kupplungssatz";479;9817;22;3;"LAND ROVER";"RANGE ROVER EVOQUE (L538)";110;201106;201912;150;2179
"Kupplungssatz";479;9818;8;3;"LAND ROVER";"RANGE ROVER EVOQUE (L538)";140;201106;201912;190;2179
"Kupplungssatz";479;9841;1;1;"ALFA ROMEO";"GIULIA GT (105_)";64;197401;197812;87;1290
"Kupplungssatz";479;9853;6;2;"MITSUBISHI";"COLT VI (Z3_A, Z2_A)";68;200410;201206;92;1332
"Kupplungssatz";479;9854;10;3;"FORD";"GALAXY II (WA6)";147;201011;201506;200;2179
"Kupplungssatz";479;9867;20;1;"JEEP";"COMPASS (MK49)";120;201012;;163;2143
"Kupplungssatz";479;9891;48;2;"MERCEDES-BENZ";"C-CLASS T-Model (S204)";100;201008;201408;136;2143
"Kupplungssatz";479;9892;235;2;"HYUNDAI";"i10 I (PA)";51;201104;201312;69;1086
"Kupplungssatz";479;9893;22;2;"HYUNDAI";"i10 I (PA)";63;201104;201312;86;1248
"Kupplungssatz";479;9895;7;3;"MINI";"MINI (R56)";105;201102;201311;143;1995
"Kupplungssatz";479;9897;5;3;"MINI";"MINI CLUBMAN (R55)";105;201102;201406;143;1995
"Kupplungssatz";479;9899;1;2;"FORD";"FOCUS I (DAW, DBW)";96;199810;200411;131;1988
"Kupplungssatz";479;9900;19;3;"FORD";"FOCUS I (DAW, DBW)";66;199810;200411;90;1753
"Kupplungssatz";479;9901;32;4;"AUDI";"TT (8N3)";132;199810;200606;180;1781
"Kupplungssatz";479;9902;2;2;"AUDI";"TT (8N3)";132;199810;200606;180;1781
"Kupplungssatz";479;9903;12;2;"AUDI";"TT (8N3)";165;199810;200606;224;1781
"Kupplungssatz";479;9904;4;3;"VW";"POLO III (6N1)";88;199809;199910;120;1598
"Kupplungssatz";479;9905;1;1;"MAZDA";"323 S VI (BJ)";54;199809;200101;73;1324
"Kupplungssatz";479;9906;4;1;"MAZDA";"323 S VI (BJ)";65;199809;200101;88;1498
"Kupplungssatz";479;9907;2;1;"MAZDA";"323 F VI (BJ)";54;199809;200101;73;1324
"Kupplungssatz";479;9908;8;1;"MAZDA";"323 F VI (BJ)";65;199809;200101;88;1498
"Kupplungssatz";479;9909;1;1;"MAZDA";"323 F VI (BJ)";84;199809;200101;114;1840
"Kupplungssatz";479;9911;1;1;"MAZDA";"323 S VI (BJ)";66;199809;200405;90;1998
"Kupplungssatz";479;9915;4;3;"MINI";"MINI Cabriolet (R57)";105;200906;201505;143;1995
"Kupplungssatz";479;9917;8;3;"MINI";"MINI COUNTRYMAN (R60)";105;201103;201610;143;1995
"Kupplungssatz";479;9918;22;3;"MINI";"MINI COUNTRYMAN (R60)";105;201103;201610;143;1995
"Kupplungssatz";479;9926;1;0;"MINI";"MINI COUNTRYMAN (R60)";82;201103;201610;112;1995
"Kupplungssatz";479;9930;90;2;"HYUNDAI";"ix35 (LM, EL, ELH)";99;201011;;135;1591
"Kupplungssatz";479;9931;77;1;"HYUNDAI";"ix35 (LM, EL, ELH)";85;201011;;116;1685
"Kupplungssatz";479;9934;13;1;"KIA";"PRO CEE'D (ED)";77;200802;201209;105;1396
"Kupplungssatz";479;9956;2;3;"OPEL";"ASTRA H (A04)";55;200404;200410;75;1364
"Kupplungssatz";479;9958;3;1;"SKODA";"ROOMSTER Praktik (5J)";63;201003;201505;86;1197
"Kupplungssatz";479;9961;2;1;"SKODA";"ROOMSTER Praktik (5J)";55;201003;201505;75;1199
"Kupplungssatz";479;9981;10;3;"PEUGEOT";"406 (8B)";80;199806;200108;109;1997
"Kupplungssatz";479;9982;4;4;"PEUGEOT";"406 Break (8E/F)";80;199902;200404;109;1997
"Kupplungssatz";479;9984;4;3;"OPEL";"ASTRA G Stufenheck (T98)";74;199809;200501;101;1598
"Kupplungssatz";479;9985;2;7;"OPEL";"ASTRA G Stufenheck (T98)";85;199809;200009;116;1796
"Kupplungssatz";479;9987;1;0;"OPEL";"ASTRA G Stufenheck (T98)";60;199809;200501;82;1995
"Kupplungssatz";479;9990;2;2;"OPEL";"FRONTERA B (U99)";100;199810;200407;136;2198
"Kupplungssatz";479;9992;20;3;"OPEL";"FRONTERA B (U99)";85;199809;200312;116;2171
"Kupplungssatz";479;9994;7;0;"NISSAN";"PATROL GR V Wagon (Y61)";95;199706;200005;129;2826
"Kupplungssatz";479;9998;6;2;"CHEVROLET";"AVEO Schrägheck (T300)";63;201103;;86;1229
"Kupplungssatz";479;9999;5;1;"MAZDA";"DEMIO (DW)";46;199808;200307;63;1324
"Kupplungssatz";479;10000;30;1;"VW";"BORA I (1J2)";74;199810;200505;101;1595
"Kupplungssatz";479;10001;14;3;"VW";"BORA I (1J2)";85;199810;201312;115;1984
"Kupplungssatz";479;10002;2;2;"VW";"BORA I (1J2)";110;199810;200010;150;2324
"Kupplungssatz";479;10003;9;5;"VW";"BORA I (1J2)";66;199810;200505;90;1896
"Kupplungssatz";479;10004;9;5;"VW";"BORA I (1J2)";81;199810;200106;110;1896
"Kupplungssatz";479;10005;99;1;"DAEWOO";"MATIZ (M100, M150)";38;199809;;52;796
"Kupplungssatz";479;10008;1;1;"ALFA ROMEO";"166 (936_)";166;199809;200706;226;2959
"Kupplungssatz";479;10009;1;3;"ALFA ROMEO";"166 (936_)";100;199809;200010;136;2387
"Kupplungssatz";479;10014;16;0;"NISSAN";"PICK UP (D22)";61;199802;200504;83;2494
"Kupplungssatz";479;10015;33;0;"NISSAN";"PICK UP (D22)";76;199805;200504;103;2494
"Kupplungssatz";479;10017;9;0;"NISSAN";"PICK UP (D22)";61;199802;200504;83;2494
"Kupplungssatz";479;10018;3;0;"NISSAN";"PICK UP (D21)";61;199603;199802;83;2494
"Kupplungssatz";479;10019;8;2;"CHEVROLET";"AVEO Schrägheck (T300)";74;201103;;101;1398
"Kupplungssatz";479;10021;9;0;"NISSAN";"PICK UP (D21)";61;199208;199802;83;2494
"Kupplungssatz";479;10022;17;0;"NISSAN";"PICK UP (D21)";59;198708;199802;80;2494
"Kupplungssatz";479;10023;2;0;"NISSAN";"PICK UP (D21)";55;198603;199108;75;2494
"Kupplungssatz";479;10025;1;1;"BMW";"5 (E39)";135;199808;200009;184;2926
"Kupplungssatz";479;10026;4;0;"HONDA";"ACCORD VI (CK, CG, CH, CF)";100;199810;200212;136;1850
"Kupplungssatz";479;10030;3;1;"BMW";"X1 (E84)";180;201103;201506;245;1997
"Kupplungssatz";479;10032;3;3;"CHEVROLET";"CAPTIVA (C100, C140)";120;201103;;163;2231
"Kupplungssatz";479;10034;1;2;"OPEL";"VECTRA B Caravan (J96)";85;199611;200009;116;1799
"Kupplungssatz";479;10035;2;1;"CHEVROLET";"AVEO Schrägheck (T300)";85;201103;;116;1598
"Kupplungssatz";479;10036;13;2;"MERCEDES-BENZ";"C-CLASS T-Model (S204)";115;200911;201408;156;1796
"Kupplungssatz";479;10041;2;3;"FORD";"FOCUS I Stufenheck (DFW)";66;199902;200411;90;1753
"Kupplungssatz";479;10042;2;1;"FORD";"FOCUS I Turnier (DNW)";96;199902;200411;131;1988
"Kupplungssatz";479;10043;15;3;"FORD";"FOCUS I Turnier (DNW)";66;199902;200411;90;1753
"Kupplungssatz";479;10044;7;1;"VW";"LUPO I (6X1, 6E1)";45;199907;200507;61;1191
"Kupplungssatz";479;10045;7;2;"VW";"LUPO I (6X1, 6E1)";74;199908;200507;100;1390
"Kupplungssatz";479;10046;9;1;"SEAT";"TOLEDO II (1M2)";74;199810;200407;100;1595
"Kupplungssatz";479;10047;1;3;"SEAT";"TOLEDO II (1M2)";92;199810;200407;125;1781
"Kupplungssatz";479;10048;1;2;"SEAT";"TOLEDO II (1M2)";110;199810;200011;150;2324
"Kupplungssatz";479;10049;3;5;"SEAT";"TOLEDO II (1M2)";66;199903;200407;90;1896
"Kupplungssatz";479;10050;18;5;"SEAT";"TOLEDO II (1M2)";81;199810;200407;110;1896
"Kupplungssatz";479;10052;19;1;"VW";"GOLF IV Cabriolet (1E7)";74;199806;200206;100;1595
"Kupplungssatz";479;10053;3;2;"VW";"GOLF IV Cabriolet (1E7)";66;199806;200206;90;1896
"Kupplungssatz";479;10054;17;3;"VW";"GOLF IV Cabriolet (1E7)";85;199806;200206;115;1984
"Kupplungssatz";479;10055;27;3;"VW";"PASSAT B5 (3B2)";85;199808;200011;115;1896
"Kupplungssatz";479;10056;18;3;"VW";"PASSAT B5 Variant (3B5)";85;199808;200011;115;1896
"Kupplungssatz";479;10059;2;0;"OPEL";"VECTRA B (J96)";143;199805;200009;194;2498
"Kupplungssatz";479;10064;11;2;"VOLVO";"V70 III (135)";120;201003;201512;163;1984
"Kupplungssatz";479;10071;1;2;"MERCEDES-BENZ";"SPRINTER 3,5-t Bus (B906)";140;200903;;190;2987
"Kupplungssatz";479;10079;26;0;"TOYOTA";"HILUX VI Pick-up (_N1_)";66;199808;200201;90;2446
"Kupplungssatz";479;10081;5;3;"RENAULT";"MASTER II Kasten (FD)";59;199807;200101;80;2499
"Kupplungssatz";479;10082;8;5;"RENAULT";"MASTER II Kasten (FD)";84;199807;200110;114;2799
"Kupplungssatz";479;10084;5;5;"RENAULT";"MASTER II Pritsche/Fahrgestell (ED/HD/UD)";84;199807;200110;114;2799
"Kupplungssatz";479;10088;1;1;"TOYOTA";"VERSO S (_P12_)";70;201011;201610;95;1329
"Kupplungssatz";479;10098;2;1;"FORD";"FIESTA VI (CB1, CCN)";99;201012;;134;1596
"Kupplungssatz";479;10099;2;3;"OPEL";"MOVANO A Kasten (X70)";59;199901;200009;80;2499
"Kupplungssatz";479;10101;4;5;"OPEL";"MOVANO A Kasten (X70)";84;199901;200110;114;2799
"Kupplungssatz";479;10102;1;5;"OPEL";"MOVANO A Pritsche/Fahrgestell (X70)";84;199807;200110;114;2799
"Kupplungssatz";479;10103;1;0;"MITSUBISHI";"SPACE WAGON (N9_W, N8_W)";110;199810;200412;150;2351
"Kupplungssatz";479;10105;30;2;"FORD";"FIESTA VI (CB1, CCN)";51;201007;201209;70;1399
"Kupplungssatz";479;10139;7;1;"LAND ROVER";"DISCOVERY II (L318)";102;199811;200406;139;2495
"Kupplungssatz";479;10144;2;2;"MERCEDES-BENZ";"E-CLASS (W210)";92;199806;199907;125;2151
"Kupplungssatz";479;10156;3;1;"JEEP";"PATRIOT (MK74)";120;201101;201712;163;2143
"Kupplungssatz";479;10160;14;0;"SUBARU";"FORESTER (SF_)";92;199806;200209;125;1994
"Kupplungssatz";479;10163;59;3;"OPEL";"ASTRA G CC (T98)";66;199802;200501;90;1389
"Kupplungssatz";479;10166;14;3;"OPEL";"ASTRA G Caravan (T98)";66;199806;200407;90;1389
"Kupplungssatz";479;10167;10;3;"OPEL";"ASTRA G Stufenheck (T98)";66;199809;200501;90;1389
"Kupplungssatz";479;10170;1;1;"SUZUKI";"WAGON R+ Schrägheck (EM)";51;199802;200005;69;1171
"Kupplungssatz";479;10171;2;1;"SUZUKI";"WAGON R+ Schrägheck (EM)";51;199802;200005;69;1171
"Kupplungssatz";479;10175;14;1;"VW";"BORA I (1J2)";55;200003;200505;75;1390
"Kupplungssatz";479;10176;1;1;"VW";"BORA I (1J2)";50;199810;200505;68;1896
"Kupplungssatz";479;10198;2;2;"FORD";"FIESTA VI Van";51;201007;;70;1399
"Kupplungssatz";479;10201;15;2;"FIAT";"DUCATO Bus (250_)";85;201106;;116;1956
"Kupplungssatz";479;10203;39;2;"FIAT";"DUCATO Kasten (250_)";85;201106;;116;1956
"Kupplungssatz";479;10204;10;2;"FIAT";"DUCATO Pritsche/Fahrgestell (250_)";85;201106;;116;1956
"Kupplungssatz";479;10205;22;11;"FIAT";"DUCATO Bus (250_)";96;201106;;131;2287
"Kupplungssatz";479;10206;7;7;"FIAT";"DUCATO Bus (250_)";109;201106;;148;2287
"Kupplungssatz";479;10207;20;7;"FIAT";"DUCATO Kasten (250_)";109;201106;;148;2287
"Kupplungssatz";479;10208;26;7;"FIAT";"DUCATO Pritsche/Fahrgestell (250_)";109;201106;;148;2287
"Kupplungssatz";479;10209;6;3;"FIAT";"DUCATO Bus (250_)";130;201106;;177;2999
"Kupplungssatz";479;10210;30;3;"FIAT";"DUCATO Kasten (250_)";130;201106;;177;2999
"Kupplungssatz";479;10211;28;3;"FIAT";"DUCATO Pritsche/Fahrgestell (250_)";130;201106;;177;2999
"Kupplungssatz";479;10212;11;5;"LANCIA";"YPSILON (312_)";63;201105;;86;875
"Kupplungssatz";479;10214;1;2;"VW";"GOL IV";53;200502;201005;72;999
"Kupplungssatz";479;10224;1;1;"AUDI";"A6 C5 (4B2)";132;199712;200501;180;1781
"Kupplungssatz";479;10227;7;4;"CITROËN";"BERLINGO / BERLINGO FIRST Großraumlimousine (MF_, GJK_, GFK_";51;199807;200510;70;1868
"Kupplungssatz";479;10228;6;1;"BMW";"Z3 Roadster (E36)";87;199807;200301;118;1895
"Kupplungssatz";479;10229;1;1;"MERCEDES-BENZ";"C-CLASS (W202)";75;199803;200005;102;2151
"Kupplungssatz";479;10235;2;0;"FIAT";"COUPE (175_)";113;199804;200008;154;1998
"Kupplungssatz";479;10248;61;3;"VOLVO";"V60 I (155)";84;201102;201512;114;1560
"Kupplungssatz";479;10250;32;3;"VOLVO";"V70 III (135)";84;201104;201512;114;1560
"Kupplungssatz";479;10254;1;1;"VW";"POLO V (6R1, 6C1)";60;201101;201405;82;1598
"Kupplungssatz";479;10264;1;1;"MAZDA";"626 V (GF)";100;199804;200210;136;1991
"Kupplungssatz";479;10265;3;1;"RENAULT";"LAGUNA I (B56_, 556_)";88;199804;200103;120;1783
"Kupplungssatz";479;10266;1;1;"RENAULT";"LAGUNA I Grandtour (K56_)";88;199804;200103;120;1783
"Kupplungssatz";479;10267;5;2;"RENAULT";"LAGUNA I Grandtour (K56_)";79;199711;200103;107;1598
"Kupplungssatz";479;10270;4;4;"SKODA";"OCTAVIA I Combi (1U5)";110;199807;201012;150;1781
"Kupplungssatz";479;10271;4;4;"LANCIA";"YPSILON (312_)";70;201105;;95;1248
"Kupplungssatz";479;10272;55;5;"VW";"TRANSPORTER T4 Bus (70B, 70C, 7DB, 7DK, 70J, 70K, 7DC, 7DJ)";65;199805;200304;88;2461
"Kupplungssatz";479;10273;108;2;"VW";"TRANSPORTER T4 Bus (70B, 70C, 7DB, 7DK, 70J, 70K, 7DC, 7DJ)";111;199805;200304;151;2461
"Kupplungssatz";479;10274;4;2;"VOLVO";"V70 III (135)";158;201104;201512;215;2400
"Kupplungssatz";479;10275;3;2;"VOLVO";"V60 I (155)";158;201104;201512;215;2400
"Kupplungssatz";479;10276;25;2;"LANCIA";"YPSILON (312_)";51;201105;;69;1242
"Kupplungssatz";479;10279;3;0;"JAGUAR";"S-TYPE II (X200)";175;199901;200710;238;2967
"Kupplungssatz";479;10281;5;0;"LEXUS";"IS I (_E1_)";114;199904;200507;155;1988
"Kupplungssatz";479;10285;4;0;"PEUGEOT";"206 Schrägheck (2A/C)";55;200605;200709;75;1360
"Kupplungssatz";479;10286;4;1;"PEUGEOT";"207 Stufenheck";54;200712;201212;73;1360
"Kupplungssatz";479;10289;2;2;"VOLVO";"S60 II (134)";158;201104;201512;215;2400
"Kupplungssatz";479;10292;13;2;"VOLVO";"XC60 I SUV (156)";158;201104;201512;215;2400
"Kupplungssatz";479;10304;4;3;"FORD";"FOCUS II Turnier (DA_, FFS, DS)";74;200407;201209;100;1560
"Kupplungssatz";479;10307;7;0;"HONDA";"JAZZ II (GD_, GE3, GE2)";63;200203;200709;86;1339
"Kupplungssatz";479;10311;40;1;"BMW";"1 (F20)";100;201107;201502;136;1598
"Kupplungssatz";479;10312;16;1;"BMW";"1 (F20)";125;201107;201502;170;1598
"Kupplungssatz";479;10313;36;2;"BMW";"1 (F20)";85;201107;201502;116;1995
"Kupplungssatz";479;10314;42;2;"BMW";"1 (F20)";105;201107;201502;143;1995
"Kupplungssatz";479;10316;9;3;"BMW";"1 (F20)";135;201107;201502;184;1995
"Kupplungssatz";479;10319;37;1;"SUZUKI";"JIMNY Geländewagen geschlossen (SN)";59;199809;;80;1298
"Kupplungssatz";479;10321;62;1;"SUZUKI";"JIMNY Geländewagen geschlossen (SN)";59;199809;;80;1298
"Kupplungssatz";479;10323;3;3;"FORD";"FOCUS II (DA_, HCP, DP)";74;200407;201209;100;1560
"Kupplungssatz";479;10330;3;1;"MERCEDES-BENZ";"C-CLASS Coupe (C204)";125;201106;;170;2143
"Kupplungssatz";479;10331;1;1;"MERCEDES-BENZ";"C-CLASS Coupe (C204)";150;201106;;204;2143
"Kupplungssatz";479;10343;5;2;"FORD";"MONDEO IV Stufenheck (BA7)";92;200703;201501;125;1596
"Kupplungssatz";479;10350;1;1;"CHEVROLET";"CRUZE Schrägheck (J305)";120;201106;;163;1998
"Kupplungssatz";479;10351;5;4;"CHEVROLET";"CRUZE Schrägheck (J305)";104;201106;;141;1796
"Kupplungssatz";479;10352;3;2;"CHEVROLET";"CRUZE Schrägheck (J305)";91;201106;;124;1598
"Kupplungssatz";479;10361;2;1;"RENAULT";"ESPACE III (JE0_)";103;199810;200210;140;1998
"Kupplungssatz";479;10399;1;0;"AUDI";"A6 C7 Avant (4G5, 4GD)";150;201105;201504;204;2773
"Kupplungssatz";479;10413;16;1;"AUDI";"A6 C7 Avant (4G5, 4GD)";130;201105;201809;177;1968
"Kupplungssatz";479;10416;18;1;"AUDI";"A6 C7 Avant (4G5, 4GD)";150;201105;201809;204;2967
"Kupplungssatz";479;10418;5;0;"AUDI";"A6 C7 Avant (4G5, 4GD)";150;201105;201809;204;2967
"Kupplungssatz";479;10427;1;2;"FORD";"ESCORT VI Stufenheck (GAL, AFL)";66;199501;199902;90;1597
"Kupplungssatz";479;10429;6;0;"AUDI";"A6 C7 Avant (4G5, 4GD)";180;201105;201809;245;2967
"Kupplungssatz";479;10431;1;6;"VW";"GOLF VI (5K1)";147;200906;201311;200;1984
"Kupplungssatz";479;10439;5;0;"ROVER";"75 (RJ)";88;199902;200505;120;1796
"Kupplungssatz";479;10444;1;2;"CHEVROLET";"AVEO Stufenheck (T300)";74;201107;;100;1398
"Kupplungssatz";479;10445;5;4;"OPEL";"ASTRA J (P10)";121;201106;201510;165;1956
"Kupplungssatz";479;10446;2;3;"OPEL";"CORSA D (S07)";155;201106;201408;211;1598
"Kupplungssatz";479;10448;13;7;"OPEL";"MERIVA B Großraumlimousine (S10)";88;201106;201703;120;1364
"Kupplungssatz";479;10450;10;3;"OPEL";"INSIGNIA A (G09)";103;201104;201703;140;1364
"Kupplungssatz";479;10458;6;5;"OPEL";"ASTRA J GTC";88;201110;;120;1364
"Kupplungssatz";479;10463;4;1;"ROVER";"75 (RJ)";85;199902;200505;115;1951
"Kupplungssatz";479;10466;146;1;"TOYOTA";"YARIS (_P1_)";50;199904;200509;68;998
"Kupplungssatz";479;10469;3;0;"HONDA";"S2000 (AP)";177;199906;;240;1997
"Kupplungssatz";479;10473;13;0;"TOYOTA";"HILUX V Pick-up (_N_, KZN1_, VZN1_)";61;198809;199806;83;1812
"Kupplungssatz";479;10474;7;3;"OPEL";"ASTRA J GTC";132;201110;;180;1598
"Kupplungssatz";479;10475;5;4;"OPEL";"ASTRA J GTC";121;201110;201510;165;1956
"Kupplungssatz";479;10476;11;0;"FORD";"FOCUS II Turnier (DA_, FFS, DS)";81;200712;201209;110;1560
"Kupplungssatz";479;10479;1;1;"TOYOTA";"HILUX V Pick-up (_N_, KZN1_, VZN1_)";58;199503;199708;79;2446
"Kupplungssatz";479;10480;5;1;"VW";"TARO";58;199407;199703;79;2446
"Kupplungssatz";479;10499;3;1;"FIAT";"MULTIPLA (186_)";76;199904;201006;103;1581
"Kupplungssatz";479;10502;6;2;"BMW";"3 Coupe (E46)";125;199904;200009;170;2494
"Kupplungssatz";479;10503;6;2;"BMW";"3 Coupe (E46)";142;199812;200005;193;2793
"Kupplungssatz";479;10518;10;2;"TOYOTA";"ETIOS Stufenheck (_K1_)";66;201012;;90;1496
"Kupplungssatz";479;10524;6;2;"VW";"GOLF VI (5K1)";173;201105;201211;235;1984
"Kupplungssatz";479;10527;20;3;"RENAULT";"SCÉNIC III (JZ0/1_)";96;201104;;130;1598
"Kupplungssatz";479;10528;16;3;"RENAULT";"GRAND SCÉNIC III (JZ0/1_)";96;201104;;130;1598
"Kupplungssatz";479;10539;5;1;"LAND ROVER";"FREELANDER I Soft Top (L314)";88;199802;200610;120;1796
"Kupplungssatz";479;10541;5;1;"LAND ROVER";"FREELANDER I Soft Top (L314)";72;199802;200610;98;1994
"Kupplungssatz";479;10543;3;3;"FIAT";"DOBLO Pritsche/Fahrgestell (263_)";74;201102;;101;1598
"Kupplungssatz";479;10559;1;1;"HYUNDAI";"H100 Kasten";57;199412;200003;78;2476
"Kupplungssatz";479;10570;1;7;"OPEL";"VECTRA B (J96)";85;199510;200009;116;1799
"Kupplungssatz";479;10573;9;7;"SKODA";"SUPERB II Kombi (3T5)";103;201011;201505;140;1968
"Kupplungssatz";479;10575;2;4;"BMW";"X3 (E83)";120;200809;201008;163;1995
"Kupplungssatz";479;10578;1;1;"BMW";"X3 (E83)";155;200809;201008;211;2993
"Kupplungssatz";479;10582;1;2;"FIAT";"BRAVO I (182_)";77;199812;200110;105;1910
"Kupplungssatz";479;10590;2;1;"VW";"TRANSPORTER T2 Pritsche/Fahrgestell (21, 26)";37;196808;197907;50;1584
"Kupplungssatz";479;10592;1;1;"VW";"CADDY II Pick-up (9U7)";55;199606;200012;75;1598
"Kupplungssatz";479;10593;8;1;"VW";"CADDY II Pick-up (9U7)";47;199606;200012;64;1896
"Kupplungssatz";479;10597;1;1;"MITSUBISHI";"L 300 / DELICA II Pritsche/Fahrgestell (L03_P)";51;198611;199404;69;2477
"Kupplungssatz";479;10599;4;1;"MITSUBISHI";"L 300 III Pritsche/Fahrgestell (P1_T )";64;199411;200004;87;2477
"Kupplungssatz";479;10602;26;1;"HYUNDAI";"ix20 (JC)";85;201106;201907;116;1582
"Kupplungssatz";479;10604;1;1;"HYUNDAI";"ix20 (JC)";57;201106;201907;78;1396
"Kupplungssatz";479;10609;5;1;"HYUNDAI";"i30 Kombi (FD)";77;200710;201206;105;1396
"Kupplungssatz";479;10615;22;5;"SEAT";"ALHAMBRA (710, 711)";85;201105;;115;1968
"Kupplungssatz";479;10618;83;3;"HYUNDAI";"i40 I CW (VF)";99;201107;201905;135;1591
"Kupplungssatz";479;10620;6;1;"HYUNDAI";"i40 I CW (VF)";130;201107;201905;177;1999
"Kupplungssatz";479;10621;50;8;"SEAT";"ALHAMBRA (710, 711)";103;201105;201504;140;1968
"Kupplungssatz";479;10622;53;3;"HYUNDAI";"i40 I CW (VF)";85;201107;201905;116;1685
"Kupplungssatz";479;10623;79;4;"HYUNDAI";"i40 I CW (VF)";100;201107;201905;136;1685
"Kupplungssatz";479;10625;2;6;"SEAT";"ALHAMBRA (710, 711)";100;201006;201105;136;1968
"Kupplungssatz";479;10642;1;0;"NISSAN";"PICK UP (720)";51;198304;198603;69;2289
"Kupplungssatz";479;10659;1;1;"NISSAN";"SUNNY III (N14)";66;199010;199505;90;1597
"Kupplungssatz";479;10664;8;0;"TOYOTA";"DYNA Pritsche/Fahrgestell (KD_, LY_, _Y2_, _U3_, _U4_, _U6_,";106;200910;;144;2982
"Kupplungssatz";479;10682;17;0;"MITSUBISHI";"PAJERO SPORT I (K7_, K9_)";73;199811;;99;2477
"Kupplungssatz";479;10683;7;1;"FIAT";"BRAVA (182_)";60;199812;200212;82;1242
"Kupplungssatz";479;10684;4;1;"FIAT";"BRAVO I (182_)";60;199812;200010;82;1242
"Kupplungssatz";479;10686;4;2;"VW";"TRANSPORTER T3 Pritsche/Fahrgestell (24_)";44;198209;199207;60;1913
"Kupplungssatz";479;10688;2;0;"VW";"LT 28-35 I Pritsche/Fahrgestell (281-363)";70;199208;199606;95;2384
"Kupplungssatz";479;10689;6;1;"VW";"TRANSPORTER T4 Kasten (70A, 70H, 7DA, 7DH)";55;199708;200304;75;2370
"Kupplungssatz";479;10690;7;1;"VW";"TRANSPORTER T4 Pritsche/Fahrgestell (70E, 70L, 70M, 7DE, 7DL";55;199708;200304;75;2370
"Kupplungssatz";479;10691;7;1;"VW";"TRANSPORTER T4 Bus (70B, 70C, 7DB, 7DK, 70J, 70K, 7DC, 7DJ)";55;199708;200304;75;2370
"Kupplungssatz";479;10692;1;1;"PEUGEOT";"BOXER Kasten (230L)";79;199701;200204;107;2446
"Kupplungssatz";479;10693;1;1;"RENAULT";"RAPID Kasten/Großraumlimousine (F40_, G40_)";27;198602;199205;37;956
"Kupplungssatz";479;10694;2;1;"RENAULT";"LAGUNA I (B56_, 556_)";79;199711;200103;107;1598
"Kupplungssatz";479;10695;7;3;"FIAT";"DUCATO Kasten (230_)";90;199710;200204;122;2800
"Kupplungssatz";479;10697;2;1;"FIAT";"SCUDO Kasten (220_)";68;199802;200612;92;1905
"Kupplungssatz";479;10699;2;2;"FIAT";"SCUDO Kasten (220_)";51;199602;200612;69;1905
"Kupplungssatz";479;10751;2;1;"VW";"CADDY III Großraumlimousine (2KB, 2KJ, 2CB, 2CJ)";75;201105;201505;102;1595
"Kupplungssatz";479;10759;8;1;"TOYOTA";"HILUX V Pick-up (_N_, KZN1_, VZN1_)";61;198809;199708;83;2446
"Kupplungssatz";479;10760;13;1;"TOYOTA";"HILUX V Pick-up (_N_, KZN1_, VZN1_)";61;198809;199708;83;2446
"Kupplungssatz";479;10765;1;0;"TOYOTA";"HIACE III Kasten (_H5_, _H6_, _H7_, _H8_, _H9_)";65;198212;198908;88;1998
"Kupplungssatz";479;10766;1;0;"TOYOTA";"HIACE IV Kasten (__H1_, __H2_)";85;199508;200311;116;2438
"Kupplungssatz";479;10768;17;0;"TOYOTA";"HIACE IV Kasten (__H1_, __H2_)";58;199508;200108;79;2446
"Kupplungssatz";479;10769;4;2;"FIAT";"GRANDE PUNTO (199_)";56;200906;201407;76;1248
"Kupplungssatz";479;10812;12;3;"VW";"CRAFTER 30-35 Bus (2E_)";80;201105;201612;109;1968
"Kupplungssatz";479;10813;11;3;"VW";"CRAFTER 30-35 Bus (2E_)";100;201105;201612;136;1968
"Kupplungssatz";479;10814;16;3;"VW";"CRAFTER 30-35 Bus (2E_)";120;201107;201612;163;1968
"Kupplungssatz";479;10815;28;3;"VW";"CRAFTER 30-50 Kasten (2E_)";80;201105;201612;109;1968
"Kupplungssatz";479;10817;67;3;"VW";"CRAFTER 30-50 Kasten (2E_)";100;201105;201612;136;1968
"Kupplungssatz";479;10818;32;3;"VW";"CRAFTER 30-50 Kasten (2E_)";120;201107;201612;163;1968
"Kupplungssatz";479;10821;6;1;"TOYOTA";"CARINA E VI Stufenheck (_T19_)";85;199412;199709;116;1587
"Kupplungssatz";479;10824;7;3;"VW";"CRAFTER 30-50 Pritsche/Fahrgestell (2F_)";80;201105;201612;109;1968
"Kupplungssatz";479;10825;10;3;"VW";"CRAFTER 30-50 Pritsche/Fahrgestell (2F_)";100;201105;201612;136;1968
"Kupplungssatz";479;10826;25;3;"VW";"CRAFTER 30-50 Pritsche/Fahrgestell (2F_)";120;201107;201612;163;1968
"Kupplungssatz";479;10827;2;3;"VW";"CRAFTER 30-50 Pritsche/Fahrgestell (2F_)";105;201110;201612;142;1968
"Kupplungssatz";479;10829;3;3;"VW";"CRAFTER 30-50 Kasten (2E_)";105;201110;201612;142;1968
"Kupplungssatz";479;10864;43;1;"FIAT";"SCUDO Bus (270_, 272_)";94;201104;201603;128;1997
"Kupplungssatz";479;10876;66;2;"VW";"SHARAN (7N1, 7N2)";103;201105;201511;140;1968
"Kupplungssatz";479;10885;4;6;"CITROËN";"DS5";82;201111;201507;112;1560
"Kupplungssatz";479;10915;37;3;"OPEL";"ZAFIRA A Großraumlimousine (T98)";74;199904;200506;101;1598
"Kupplungssatz";479;10917;8;7;"OPEL";"ZAFIRA A Großraumlimousine (T98)";85;199904;200009;116;1796
"Kupplungssatz";479;10924;1;1;"MITSUBISHI";"SPACE RUNNER Großraumlimousine (N1_W, N2_W)";85;199606;199908;116;1834
"Kupplungssatz";479;10929;88;2;"VW";"TIGUAN (5N_)";118;201105;201807;160;1390
"Kupplungssatz";479;10930;11;3;"NISSAN";"NV200 / EVALIA Bus";66;201104;;90;1461
"Kupplungssatz";479;10932;44;2;"VW";"TIGUAN (5N_)";118;201105;201807;160;1390
"Kupplungssatz";479;10933;61;5;"NISSAN";"NV200 Kasten";66;201104;;90;1461
"Kupplungssatz";479;10934;62;4;"NISSAN";"NV200 / EVALIA Bus";81;201104;;110;1461
"Kupplungssatz";479;10935;12;3;"VW";"TIGUAN (5N_)";132;201105;201807;180;1984
"Kupplungssatz";479;10937;13;4;"NISSAN";"NV200 Kasten";81;201104;;110;1461
"Kupplungssatz";479;10939;9;0;"MITSUBISHI";"SPACE STAR Großraumlimousine (DG_A)";63;199806;200412;86;1299
"Kupplungssatz";479;10942;1;3;"PORSCHE";"911 (996)";265;199903;200207;360;3600
"Kupplungssatz";479;10944;4;2;"VW";"GOLF IV (1J1)";150;199903;200506;204;2792
"Kupplungssatz";479;10947;2;4;"VW";"TRANSPORTER T3 Kasten (24_, 25_)";82;198603;199207;112;2109
"Kupplungssatz";479;10954;6;3;"VW";"TIGUAN (5N_)";155;201105;201807;211;1984
"Kupplungssatz";479;10955;13;1;"RENAULT";"MODUS / GRAND MODUS (F/JP0_)";76;201104;;103;1149
"Kupplungssatz";479;10959;1;1;"VW";"TRANSPORTER T3 Pritsche/Fahrgestell (24_)";37;198101;198707;50;1588
"Kupplungssatz";479;10960;12;4;"VW";"TRANSPORTER T4 Kasten (70A, 70H, 7DA, 7DH)";75;199509;200304;102;2461
"Kupplungssatz";479;10961;1;1;"MERCEDES-BENZ";"T1 Pritsche/Fahrgestell (B602)";70;198906;199602;95;2874
"Kupplungssatz";479;10966;3;1;"MERCEDES-BENZ";"C-CLASS T-Model (S202)";75;199803;200103;102;2151
"Kupplungssatz";479;10969;1;0;"JAGUAR";"X-TYPE I (X400)";110;200510;200911;150;2198
"Kupplungssatz";479;10972;4;3;"ALFA ROMEO";"MITO (955_)";51;201105;201810;69;1368
"Kupplungssatz";479;10974;12;6;"SKODA";"YETI (5L)";103;201111;201712;140;1968
"Kupplungssatz";479;10981;1;0;"MITSUBISHI";"L200 / TRITON (KA_T, KB_T)";123;200708;201512;167;2477
"Kupplungssatz";479;10998;4;3;"SKODA";"ROOMSTER Praktik (5J)";66;201003;201505;90;1598
"Kupplungssatz";479;11001;1;1;"ALFA ROMEO";"GIULIETTA (940_)";100;201004;201602;136;1956
"Kupplungssatz";479;11018;170;1;"KIA";"RIO III (UB)";63;201109;201712;86;1248
"Kupplungssatz";479;11021;1;1;"FORD";"TRANSIT Pritsche/Fahrgestell (T_ _)";50;198601;198901;68;2496
"Kupplungssatz";479;11030;1;0;"CHRYSLER";"NEON (PL)";85;199709;199908;116;1796
"Kupplungssatz";479;11033;25;1;"KIA";"RIO III (UB)";80;201109;201712;109;1396
"Kupplungssatz";479;11034;25;2;"KIA";"RIO III (UB)";55;201109;201712;75;1120
"Kupplungssatz";479;11036;18;1;"KIA";"RIO III (UB)";66;201109;201712;90;1396
"Kupplungssatz";479;11038;19;6;"RENAULT";"MASTER III Bus (JV)";92;201102;;125;2298
"Kupplungssatz";479;11042;16;1;"BMW";"3 (E46)";77;199812;200202;105;1895
"Kupplungssatz";479;11043;9;10;"RENAULT";"MASTER III Bus (JV)";107;201102;;146;2298
"Kupplungssatz";479;11044;31;4;"PEUGEOT";"PARTNER TEPEE";68;201004;;92;1560
"Kupplungssatz";479;11045;4;3;"PEUGEOT";"PARTNER Kasten/Großraumlimousine";68;201004;;92;1560
"Kupplungssatz";479;11048;8;4;"CITROËN";"BERLINGO Kasten/Großraumlimousine (B9)";68;201007;;92;1560
"Kupplungssatz";479;11052;4;1;"AUDI";"A3 Cabriolet (8P7)";92;201102;201305;125;1390
"Kupplungssatz";479;11056;15;1;"RENAULT";"CLIO III (BR0/1, CR0/1)";76;201009;201412;103;1149
"Kupplungssatz";479;11057;18;1;"RENAULT";"CLIO III Grandtour (KR0/1_)";76;201003;201212;103;1149
"Kupplungssatz";479;11058;2;3;"AUDI";"Q5 (8RB)";100;201011;201705;136;1968
"Kupplungssatz";479;11060;11;3;"AUDI";"Q5 (8RB)";105;201011;201305;143;1968
"Kupplungssatz";479;11066;1;5;"VOLVO";"S80 I (184)";125;199901;200607;170;2435
"Kupplungssatz";479;11068;144;4;"RENAULT";"KANGOO Express (FW0/1_)";55;201009;;75;1461
"Kupplungssatz";479;11069;23;4;"RENAULT";"KANGOO Express (FW0/1_)";80;201009;;109;1461
"Kupplungssatz";479;11070;5;4;"RENAULT";"KANGOO BE BOP (KW0/1_)";55;201009;;75;1461
"Kupplungssatz";479;11074;17;2;"PEUGEOT";"308 SW I (4E_, 4H_)";68;200911;201410;92;1560
"Kupplungssatz";479;11082;1;1;"CITROËN";"XANTIA Break (X1_, X2_)";81;199506;200304;110;1761
"Kupplungssatz";479;11084;3;2;"PEUGEOT";"BOXER Pritsche/Fahrgestell (ZCT_)";63;199403;200204;86;2446
"Kupplungssatz";479;11085;1;1;"PEUGEOT";"BOXER Pritsche/Fahrgestell (ZCT_)";76;199403;200204;103;2446
"Kupplungssatz";479;11089;9;0;"FIAT";"DUCATO Pritsche/Fahrgestell (290_)";70;199007;199403;95;2500
"Kupplungssatz";479;11090;2;1;"FIAT";"DUCATO Pritsche/Fahrgestell (290_)";60;198903;199403;82;1929
"Kupplungssatz";479;11091;1;2;"FIAT";"DUCATO Pritsche/Fahrgestell (230_)";62;199403;200204;84;2500
"Kupplungssatz";479;11097;2;1;"MERCEDES-BENZ";"VITO Kasten (W638)";58;199703;200307;79;2299
"Kupplungssatz";479;11098;2;1;"MERCEDES-BENZ";"VITO Kasten (W638)";72;199703;200307;98;2299
"Kupplungssatz";479;11107;1;1;"PEUGEOT";"BOXER Bus";81;201103;;110;2198
"Kupplungssatz";479;11108;5;1;"PEUGEOT";"BOXER Bus";96;201103;;131;2198
"Kupplungssatz";479;11109;2;1;"PEUGEOT";"BOXER Bus";110;201103;;150;2198
"Kupplungssatz";479;11110;2;3;"PEUGEOT";"BOXER Bus";130;201103;;177;2999
"Kupplungssatz";479;11111;4;3;"PEUGEOT";"BOXER Kasten";130;201103;;177;2999
"Kupplungssatz";479;11112;6;1;"PEUGEOT";"BOXER Kasten";81;201103;;110;2198
"Kupplungssatz";479;11113;41;1;"PEUGEOT";"BOXER Kasten";96;201103;;131;2198
"Kupplungssatz";479;11114;17;1;"PEUGEOT";"BOXER Kasten";110;201103;;150;2198
"Kupplungssatz";479;11116;8;1;"PEUGEOT";"BOXER Pritsche/Fahrgestell";96;201103;;131;2198
"Kupplungssatz";479;11117;4;1;"PEUGEOT";"BOXER Pritsche/Fahrgestell";110;201103;;150;2198
"Kupplungssatz";479;11118;6;3;"PEUGEOT";"BOXER Pritsche/Fahrgestell";130;201103;;177;2999
"Kupplungssatz";479;11121;38;1;"HONDA";"HR-V (GH)";77;199903;;105;1590
"Kupplungssatz";479;11125;2;1;"PEUGEOT";"EXPERT TEPEE (VF3X_)";72;201103;201603;98;1997
"Kupplungssatz";479;11126;18;1;"PEUGEOT";"EXPERT TEPEE (VF3X_)";94;201103;;128;1997
"Kupplungssatz";479;11130;42;1;"PEUGEOT";"EXPERT Kasten (VF3A_, VF3U_, VF3X_)";94;201103;;128;1997
"Kupplungssatz";479;11131;3;1;"DACIA";"SANDERO";55;200811;;75;1149
"Kupplungssatz";479;11132;2;3;"DACIA";"LOGAN (LS_)";62;201005;;84;1598
"Kupplungssatz";479;11134;2;3;"DACIA";"LOGAN Pick-up (US_)";62;201005;;84;1598
"Kupplungssatz";479;11135;20;4;"DACIA";"DUSTER (HS_)";77;201104;201801;105;1598
"Kupplungssatz";479;11136;65;4;"NISSAN";"QASHQAI / QASHQAI +2 I (J10, NJ10, JJ10E)";81;201001;201312;110;1461
"Kupplungssatz";479;11137;100;2;"NISSAN";"QASHQAI / QASHQAI +2 I (J10, NJ10, JJ10E)";86;201011;201312;117;1598
"Kupplungssatz";479;11138;126;2;"NISSAN";"QASHQAI / QASHQAI +2 I (J10, NJ10, JJ10E)";104;200702;201312;141;1997
"Kupplungssatz";479;11139;1;1;"HYUNDAI";"COUPE I (RD)";84;199612;200204;114;1599
"Kupplungssatz";479;11140;23;1;"NISSAN";"QASHQAI / QASHQAI +2 I (J10, NJ10, JJ10E)";104;200702;201312;141;1997
"Kupplungssatz";479;11145;25;2;"BMW";"3 Touring (E91)";85;200909;201206;116;1995
"Kupplungssatz";479;11146;3;1;"HYUNDAI";"i30 (FD)";94;201001;201111;128;1582
"Kupplungssatz";479;11147;2;1;"HYUNDAI";"i30 Kombi (FD)";94;201001;201206;128;1582
"Kupplungssatz";479;11155;1;7;"VW";"CADDY III Kasten/Großraumlimousine (2KA, 2KH, 2CA, 2CH)";62;201012;201505;85;1968
"Kupplungssatz";479;11156;4;7;"VW";"CADDY III Kasten/Großraumlimousine (2KA, 2KH, 2CA, 2CH)";62;201011;201505;85;1968
"Kupplungssatz";479;11158;5;7;"VW";"CADDY III Großraumlimousine (2KB, 2KJ, 2CB, 2CJ)";103;201011;201505;140;1968
"Kupplungssatz";479;11160;5;7;"VW";"CADDY III Kasten/Großraumlimousine (2KA, 2KH, 2CA, 2CH)";103;201011;201505;140;1968
"Kupplungssatz";479;11172;42;3;"CITROËN";"SAXO (S0, S1)";44;199605;200309;60;1124
"Kupplungssatz";479;11178;8;1;"NISSAN";"NOTE (E11, NE11)";66;201009;201206;90;1461
"Kupplungssatz";479;11187;2;1;"SKODA";"FELICIA I Pick-up (6UF, 6U7)";50;199706;200204;68;1289
"Kupplungssatz";479;11190;3;1;"SKODA";"FAVORIT Pick-up (787)";40;199212;199706;54;1289
"Kupplungssatz";479;11191;1;1;"SKODA";"FAVORIT Pick-up (787)";42;199212;199706;57;1289
"Kupplungssatz";479;11193;1;1;"SKODA";"FELICIA II (6U1)";50;199801;200106;68;1289
"Kupplungssatz";479;11195;1;1;"SKODA";"FELICIA II (6U1)";47;199801;200106;64;1896
"Kupplungssatz";479;11198;1;1;"SKODA";"FELICIA II Kombi (6U5)";47;199801;200106;64;1896
"Kupplungssatz";479;11208;1;5;"VW";"JETTA III (1K2)";66;200912;201010;90;1598
"Kupplungssatz";479;11222;2;2;"MITSUBISHI";"GALLOPER (JK-01)";73;199809;200312;99;2476
"Kupplungssatz";479;11228;1;8;"VW";"PASSAT B7 (362)";100;201008;201412;136;1968
"Kupplungssatz";479;11233;4;8;"VW";"PASSAT B7 Variant (365)";100;201008;201412;136;1968
"Kupplungssatz";479;11235;8;5;"HYUNDAI";"H-1 Travel (TQ)";100;200807;;136;2497
"Kupplungssatz";479;11236;3;2;"MERCEDES-BENZ";"E-CLASS (W211)";120;200303;200812;163;2149
"Kupplungssatz";479;11239;3;0;"SUZUKI";"GRAND VITARA I (FT, HT)";106;199804;200307;144;2493
"Kupplungssatz";479;11245;2;1;"SUBARU";"LEGACY III Kombi (BH)";115;199812;200308;156;2457
"Kupplungssatz";479;11246;13;1;"SUBARU";"LEGACY III Kombi (BH)";92;199812;200308;125;1994
"Kupplungssatz";479;11247;5;1;"SUZUKI";"SAMURAI Geländewagen geschlossen (SJ_)";46;199811;200412;63;1905
"Kupplungssatz";479;11253;68;1;"TOYOTA";"YARIS (_P13_)";66;201109;;90;1364
"Kupplungssatz";479;11255;1;6;"VW";"PASSAT CC B6 (357)";155;201011;201201;211;1984
"Kupplungssatz";479;11262;4;2;"NISSAN";"ALMERA TINO (V10)";84;200008;200602;114;1769
"Kupplungssatz";479;11267;5;2;"RENAULT";"MEGANE I Grandtour (KA0/1_)";72;199903;200102;98;1870
"Kupplungssatz";479;11268;6;2;"AUDI";"A3 (8L1)";154;199903;200204;210;1781
"Kupplungssatz";479;11270;1;1;"MERCEDES-BENZ";"V-CLASS (638/2)";90;199903;200307;122;2148
"Kupplungssatz";479;11293;19;3;"VW";"BEETLE (5C1, 5C2)";77;201107;201907;105;1197
"Kupplungssatz";479;11300;11;2;"AUDI";"A4 B5 (8D2)";85;200003;200011;116;1896
"Kupplungssatz";479;11301;26;2;"AUDI";"A4 B5 Avant (8D5)";85;200003;200109;115;1896
"Kupplungssatz";479;11312;29;2;"KIA";"SPORTAGE III (SL)";135;201008;;184;1995
"Kupplungssatz";479;11313;6;2;"KIA";"SPORTAGE III (SL)";135;201008;;184;1995
"Kupplungssatz";479;11324;16;3;"OPEL";"ZAFIRA TOURER C (P12)";88;201110;;120;1364
"Kupplungssatz";479;11325;103;3;"OPEL";"ZAFIRA TOURER C (P12)";103;201110;;140;1364
"Kupplungssatz";479;11329;23;4;"OPEL";"ZAFIRA TOURER C (P12)";121;201110;;165;1956
"Kupplungssatz";479;11330;33;8;"OPEL";"ZAFIRA TOURER C (P12)";96;201110;;130;1956
"Kupplungssatz";479;11340;1;7;"AUDI";"A3 (8L1)";132;199812;200305;180;1781
"Kupplungssatz";479;11342;17;4;"AUDI";"TT Roadster (8N9)";132;199910;200606;180;1781
"Kupplungssatz";479;11343;4;2;"AUDI";"TT Roadster (8N9)";132;200002;200606;180;1781
"Kupplungssatz";479;11344;1;2;"AUDI";"TT Roadster (8N9)";165;199910;200606;224;1781
"Kupplungssatz";479;11346;11;4;"SKODA";"OCTAVIA I (1U2)";110;199708;201012;150;1781
"Kupplungssatz";479;11348;1;1;"AUDI";"A4 B5 (8D2)";132;199712;200011;180;1781
"Kupplungssatz";479;11351;3;2;"AUDI";"A4 B5 Avant (8D5)";85;200003;200109;115;1896
"Kupplungssatz";479;11352;2;2;"AUDI";"A4 B5 (8D2)";85;200003;200011;116;1896
"Kupplungssatz";479;11363;1;1;"AUDI";"A6 C5 (4B2)";132;199712;200501;180;1781
"Kupplungssatz";479;11364;1;3;"AUDI";"A4 B5 (8D2)";55;199512;200011;75;1896
"Kupplungssatz";479;11368;4;2;"BMW";"3 Coupe (E46)";110;199902;200108;150;1990
"Kupplungssatz";479;11369;7;1;"BMW";"3 Compact (E36)";77;199901;200008;105;1895
"Kupplungssatz";479;11373;6;1;"MAZDA";"DEMIO (DW)";53;199808;200004;72;1324
"Kupplungssatz";479;11375;1;2;"SAAB";"9-3 Cabriolet (YS3D)";113;199810;200308;154;1985
"Kupplungssatz";479;11379;2;1;"MITSUBISHI";"SPACE STAR Großraumlimousine (DG_A)";90;199806;200412;122;1834
"Kupplungssatz";479;11400;1;1;"BMW";"3 Coupe (E46)";87;199912;200108;118;1895
"Kupplungssatz";479;11406;11;1;"RENAULT";"MEGANE Scenic (JA0/1_)";79;199804;199910;107;1598
"Kupplungssatz";479;11408;1;2;"FIAT";"DUCATO Bus (230_)";64;199802;200204;87;2800
"Kupplungssatz";479;11410;1;1;"FIAT";"DUCATO Bus (230_)";66;199804;200204;90;1905
"Kupplungssatz";479;11414;3;1;"SUBARU";"IMPREZA Stufenheck (GC)";160;199806;200012;218;1994
"Kupplungssatz";479;11416;1;1;"RENAULT";"CLIO I (B/C57_, 5/357_)";40;199101;199606;54;1171
"Kupplungssatz";479;11419;3;1;"MERCEDES-BENZ";"VITO Bus (W638)";60;199903;200307;82;2148
"Kupplungssatz";479;11420;3;1;"MERCEDES-BENZ";"VITO Bus (W638)";75;199903;200307;102;2148
"Kupplungssatz";479;11421;1;1;"MERCEDES-BENZ";"VITO Bus (W638)";90;199903;200307;122;2148
"Kupplungssatz";479;11422;2;2;"PEUGEOT";"306 Schrägheck (7A, 7C, N3, N5)";51;199809;200105;69;1868
"Kupplungssatz";479;11424;1;2;"PEUGEOT";"306 (7B, N3, N5)";51;199809;200105;69;1868
"Kupplungssatz";479;11437;6;3;"JEEP";"COMPASS (MK49)";115;201105;;156;1998
"Kupplungssatz";479;11441;2;0;"NISSAN";"PATROL III/2 Hardtop (K260)";85;198605;199006;116;2826
"Kupplungssatz";479;11453;3;1;"JEEP";"COMPASS (MK49)";100;201105;;136;2143
"Kupplungssatz";479;11479;4;1;"RENAULT";"MEGANE I Grandtour (KA0/1_)";70;199903;200308;95;1390
"Kupplungssatz";479;11480;12;2;"RENAULT";"MEGANE I Grandtour (KA0/1_)";79;199903;200308;107;1598
"Kupplungssatz";479;11484;2;2;"RENAULT";"MEGANE I Coach (DA0/1_)";79;199903;200307;107;1598
"Kupplungssatz";479;11485;12;2;"RENAULT";"MEGANE I (BA0/1_)";79;199903;200208;107;1598
"Kupplungssatz";479;11486;4;1;"RENAULT";"MEGANE I Coach (DA0/1_)";70;199903;200307;95;1390
"Kupplungssatz";479;11487;17;1;"RENAULT";"MEGANE I (BA0/1_)";70;199903;200308;95;1390
"Kupplungssatz";479;11488;2;1;"RENAULT";"MEGANE I Classic (LA0/1_)";70;199903;200308;95;1390
"Kupplungssatz";479;11489;4;2;"RENAULT";"MEGANE I Classic (LA0/1_)";79;199903;200307;107;1598
"Kupplungssatz";479;11490;1;1;"RENAULT";"MEGANE I Cabriolet (EA0/1_)";79;199903;200307;107;1598
"Kupplungssatz";479;11491;12;1;"RENAULT";"SCÉNIC I Großraumlimousine (JA0/1_, FA0_)";70;199909;200308;95;1390
"Kupplungssatz";479;11494;1;1;"RENAULT";"MEGANE I Cabriolet (EA0/1_)";70;199903;200308;95;1390
"Kupplungssatz";479;11498;1;1;"DAIHATSU";"MOVE (L9_)";41;199810;200209;55;989
"Kupplungssatz";479;11500;2;0;"SUBARU";"IMPREZA Station Wagon (GF)";92;199806;200012;125;1994
"Kupplungssatz";479;11502;1;0;"SUBARU";"IMPREZA Station Wagon (GF)";70;199806;200012;95;1597
"Kupplungssatz";479;11508;2;2;"VOLVO";"XC70 II (136)";120;201004;201512;163;1984
"Kupplungssatz";479;11516;67;1;"SUZUKI";"GRAND VITARA I (FT, HT)";69;199803;200307;94;1590
"Kupplungssatz";479;11517;28;1;"SUZUKI";"GRAND VITARA I (FT, HT)";94;199803;200307;128;1995
"Kupplungssatz";479;11518;4;0;"SUZUKI";"GRAND VITARA I (FT, HT)";64;199803;200307;87;1998
"Kupplungssatz";479;11520;1;4;"VW";"POLO Variant (6V5)";81;199806;200109;110;1896
"Kupplungssatz";479;11522;4;1;"PORSCHE";"BOXSTER (986)";162;199908;200207;220;2687
"Kupplungssatz";479;11523;8;1;"PORSCHE";"BOXSTER (986)";185;199908;200207;252;3179
"Kupplungssatz";479;11599;29;1;"VW";"GOLF IV Variant (1J5)";55;199905;200606;75;1390
"Kupplungssatz";479;11603;12;1;"VW";"GOLF IV Variant (1J5)";74;199905;200204;101;1595
"Kupplungssatz";479;11604;22;2;"VW";"GOLF IV Variant (1J5)";85;199905;200606;115;1984
"Kupplungssatz";479;11605;4;1;"VW";"GOLF IV Variant (1J5)";50;199905;200606;68;1896
"Kupplungssatz";479;11606;18;5;"VW";"GOLF IV Variant (1J5)";66;199905;200605;90;1896
"Kupplungssatz";479;11607;7;5;"VW";"GOLF IV Variant (1J5)";81;199905;200106;110;1896
"Kupplungssatz";479;11626;36;1;"LAND ROVER";"DEFENDER Station Wagon (L316)";90;199806;201602;122;2495
"Kupplungssatz";479;11693;4;2;"MINI";"MINI Coupe (R58)";90;201012;201504;122;1598
"Kupplungssatz";479;11701;2;3;"MINI";"MINI Coupe (R58)";155;201012;201505;211;1598
"Kupplungssatz";479;11705;1;3;"MINI";"MINI Coupe (R58)";105;201012;201505;143;1995
"Kupplungssatz";479;11710;7;4;"OPEL";"ZAFIRA TOURER C (P12)";81;201110;;110;1956
"Kupplungssatz";479;11712;15;2;"OPEL";"ZAFIRA TOURER C (P12)";110;201110;;150;1598
"Kupplungssatz";479;11732;3;1;"DAIHATSU";"CHARADE VIII";73;201105;;99;1329
"Kupplungssatz";479;11746;21;2;"SUZUKI";"SWIFT IV (FZ, NZ)";100;201201;;136;1586
"Kupplungssatz";479;11752;6;2;"FIAT";"SCUDO Kasten (220_)";80;199905;200612;109;1997
"Kupplungssatz";479;11754;5;3;"AUDI";"A1 (8X1, 8XK)";103;201204;201504;140;1395
"Kupplungssatz";479;11757;26;2;"NISSAN";"QASHQAI / QASHQAI +2 I (J10, NJ10, JJ10E)";96;201110;201312;130;1598
"Kupplungssatz";479;11758;58;2;"NISSAN";"QASHQAI / QASHQAI +2 I (J10, NJ10, JJ10E)";96;201110;201312;130;1598
"Kupplungssatz";479;11759;3;1;"FIAT";"MULTIPLA (186_)";76;199904;201006;103;1581
"Kupplungssatz";479;11760;4;2;"VW";"BORA Variant (1J6)";85;199905;200505;115;1984
"Kupplungssatz";479;11761;4;2;"VW";"BORA Variant (1J6)";110;199905;200010;150;2324
"Kupplungssatz";479;11762;6;3;"VW";"BORA Variant (1J6)";85;199905;200106;115;1896
"Kupplungssatz";479;11763;17;3;"VW";"GOLF IV Variant (1J5)";85;199908;200106;115;1896
"Kupplungssatz";479;11771;2;3;"LANCIA";"LYBRA (839_)";77;199907;200009;105;1910
"Kupplungssatz";479;11778;4;0;"OPEL";"ZAFIRA A Großraumlimousine (T98)";60;199907;200506;82;1995
"Kupplungssatz";479;11779;16;4;"VW";"GOLF IV (1J1)";85;199807;200405;115;1984
"Kupplungssatz";479;11780;1;2;"VW";"TRANSPORTER T3 Kasten (24_, 25_)";66;198308;198902;90;1913
"Kupplungssatz";479;11782;26;1;"AUDI";"A1 Sportback (8XA, 8XF)";63;201201;201504;86;1197
"Kupplungssatz";479;11783;12;2;"AUDI";"A1 Sportback (8XA, 8XF)";90;201111;201504;122;1390
"Kupplungssatz";479;11784;5;3;"AUDI";"A1 Sportback (8XA, 8XF)";103;201204;201504;140;1395
"Kupplungssatz";479;11786;5;2;"AUDI";"A1 Sportback (8XA, 8XF)";66;201111;201504;90;1598
"Kupplungssatz";479;11787;2;1;"AUDI";"A1 Sportback (8XA, 8XF)";77;201111;201504;105;1598
"Kupplungssatz";479;11791;7;4;"AUDI";"Q3 (8UB, 8UG)";130;201106;201810;177;1968
"Kupplungssatz";479;11793;74;6;"AUDI";"Q3 (8UB, 8UG)";103;201109;201810;140;1968
"Kupplungssatz";479;11794;32;3;"AUDI";"Q3 (8UB, 8UG)";125;201106;201504;170;1984
"Kupplungssatz";479;11805;1;0;"TOYOTA";"HIACE / COMMUTER V Bus (TRH2__, KDH2__, LH2__, GDH2__)";75;200609;;102;2494
"Kupplungssatz";479;11806;1;0;"TOYOTA";"HIACE V Kasten (TRH2__, KDH2__, LH2__, GDH2__)";75;200406;;102;2494
"Kupplungssatz";479;11816;509;2;"VW";"UP! (121, 122, BL1, BL2, BL3, 123)";44;201108;202008;60;999
"Kupplungssatz";479;11817;172;3;"VW";"UP! (121, 122, BL1, BL2, BL3, 123)";55;201108;201911;75;999
"Kupplungssatz";479;11829;9;4;"VW";"JETTA IV (162, 163, AV3, AV2)";90;201105;;122;1390
"Kupplungssatz";479;11830;114;1;"TOYOTA";"YARIS (_P13_)";73;201109;;99;1329
"Kupplungssatz";479;11836;2;2;"BMW";"5 (F10)";160;201109;201610;218;1995
"Kupplungssatz";479;11841;2;2;"FIAT";"DUCATO Kasten (230_)";64;199805;200204;87;2800
"Kupplungssatz";479;11842;2;1;"FIAT";"DUCATO Kasten (230_)";66;199804;200204;90;1905
"Kupplungssatz";479;11843;1;1;"FIAT";"DUCATO Kasten (230_)";50;199804;200204;68;1905
"Kupplungssatz";479;11844;3;2;"FIAT";"DUCATO Pritsche/Fahrgestell (230_)";64;199802;200204;87;2800
"Kupplungssatz";479;11845;26;3;"FIAT";"DUCATO Pritsche/Fahrgestell (230_)";90;199812;200204;122;2800
"Kupplungssatz";479;11847;1;3;"FIAT";"DUCATO Pritsche/Fahrgestell (230_)";80;199403;200204;109;1998
"Kupplungssatz";479;11850;2;1;"FIAT";"DUCATO Pritsche/Fahrgestell (230_)";60;199403;200204;82;1929
"Kupplungssatz";479;11852;3;1;"FIAT";"SCUDO Kasten (220_)";66;199602;200612;90;1905
"Kupplungssatz";479;11857;3;1;"BMW";"5 Touring (F11)";135;201010;201702;184;1997
"Kupplungssatz";479;11858;3;2;"BMW";"5 Touring (F11)";180;201109;201702;245;1997
"Kupplungssatz";479;11871;3;2;"CITROËN";"XSARA PICASSO (N68)";65;199912;200109;88;1587
"Kupplungssatz";479;11872;12;3;"CITROËN";"XSARA PICASSO (N68)";85;200002;200508;115;1749
"Kupplungssatz";479;11873;17;1;"CITROËN";"XSARA PICASSO (N68)";66;199912;201112;90;1997
"Kupplungssatz";479;11877;2;2;"BMW";"5 Touring (F11)";160;201109;201702;218;1995
"Kupplungssatz";479;11883;1;1;"BMW";"5 Touring (F11)";190;201109;201702;258;2993
"Kupplungssatz";479;11892;3;5;"FORD";"FOCUS III";100;201007;201406;136;1997
"Kupplungssatz";479;11894;4;5;"FORD";"C-MAX (DM2)";98;200702;201009;133;1997
"Kupplungssatz";479;11896;47;3;"VW";"POLO V (6R1, 6C1)";66;201105;201405;90;1197
"Kupplungssatz";479;11952;1;1;"BMW";"X1 (E84)";135;201109;201506;184;1997
"Kupplungssatz";479;11953;5;1;"BMW";"X1 (E84)";135;201109;201506;184;1997
"Kupplungssatz";479;11954;2;1;"BMW";"X3 (F25)";135;201110;201708;184;1997
"Kupplungssatz";479;11955;23;3;"FORD";"TRANSIT Bus (FD_ _, FB_ _, FS_ _, FZ_ _, FC_ _)";74;201110;201408;100;2198
"Kupplungssatz";479;11956;19;3;"FORD";"TRANSIT Bus (FD_ _, FB_ _, FS_ _, FZ_ _, FC_ _)";92;201110;201408;125;2198
"Kupplungssatz";479;11957;3;5;"FORD";"TRANSIT Bus (FD_ _, FB_ _, FS_ _, FZ_ _, FC_ _)";74;201110;201408;100;2198
"Kupplungssatz";479;11960;55;3;"FORD";"TRANSIT Kasten (FA_ _)";74;201110;201408;100;2198
"Kupplungssatz";479;11961;2;5;"FORD";"TRANSIT Kasten (FA_ _)";74;201110;201408;100;2198
"Kupplungssatz";479;11962;23;3;"FORD";"TRANSIT Kasten (FA_ _)";92;201110;201408;125;2198
"Kupplungssatz";479;11963;1;5;"FORD";"TRANSIT Kasten (FA_ _)";92;201109;201412;125;2198
"Kupplungssatz";479;11965;1;5;"FORD";"TRANSIT Kasten (FA_ _)";92;201110;201408;125;2198
"Kupplungssatz";479;11966;3;3;"FORD";"TRANSIT Pritsche/Fahrgestell (FM_ _, FN_ _, FF_ _)";74;201110;201408;100;2198
"Kupplungssatz";479;11968;4;3;"FORD";"TRANSIT Pritsche/Fahrgestell (FM_ _, FN_ _, FF_ _)";92;201110;201408;125;2198
"Kupplungssatz";479;11969;4;5;"FORD";"TRANSIT Pritsche/Fahrgestell (FM_ _, FN_ _, FF_ _)";92;201110;201408;125;2198
"Kupplungssatz";479;11970;1;5;"FORD";"TRANSIT Pritsche/Fahrgestell (FM_ _, FN_ _, FF_ _)";92;201110;201408;125;2198
"Kupplungssatz";479;11971;8;5;"FORD";"TRANSIT Pritsche/Fahrgestell (FM_ _, FN_ _, FF_ _)";114;201110;201408;155;2198
"Kupplungssatz";479;11980;2;3;"MERCEDES-BENZ";"A-CLASS (W168)";92;199903;200408;125;1898
"Kupplungssatz";479;11983;1;1;"KIA";"PRIDE (DA)";51;199001;199705;69;1324
"Kupplungssatz";479;11986;1;1;"AUDI";"A5 (8T3)";130;201110;201701;177;1968
"Kupplungssatz";479;11987;3;1;"AUDI";"A5 (8T3)";150;201110;201701;204;2967
"Kupplungssatz";479;11988;2;2;"AUDI";"A5 (8T3)";180;201110;201701;245;2967
"Kupplungssatz";479;11989;13;1;"AUDI";"A5 Sportback (8TA)";130;201110;201701;177;1968
"Kupplungssatz";479;11991;4;2;"AUDI";"A5 Sportback (8TA)";180;201110;201701;245;2967
"Kupplungssatz";479;11992;1;1;"AUDI";"A5 Cabriolet (8F7)";130;201110;201701;177;1968
"Kupplungssatz";479;11995;8;3;"AUDI";"A5 Sportback (8TA)";125;201108;201701;170;1798
"Kupplungssatz";479;11996;3;4;"AUDI";"A5 Cabriolet (8F7)";125;201109;201603;170;1798
"Kupplungssatz";479;12007;18;0;"MITSUBISHI";"ASX (GA_W_)";85;201005;;116;1590
"Kupplungssatz";479;12008;57;3;"LADA";"NIVA Geländewagen geschlossen (2121, 2131)";61;200405;;83;1690
"Kupplungssatz";479;12017;6;1;"ALFA ROMEO";"GIULIETTA (940_)";77;201104;201702;105;1368
"Kupplungssatz";479;12020;1;0;"MITSUBISHI";"ECLIPSE II (D3_A)";157;199512;199904;214;1997
"Kupplungssatz";479;12028;2;10;"FIAT";"DUCATO Kasten (250_)";88;201003;;120;2287
"Kupplungssatz";479;12033;32;4;"OPEL";"ASTRA J Caravan (P10)";121;201108;201510;165;1956
"Kupplungssatz";479;12034;3;5;"OPEL";"CORSA D (S07)";63;201106;201408;86;1229
"Kupplungssatz";479;12037;3;6;"OPEL";"INSIGNIA A Sports Tourer (G09)";184;201109;201306;250;1998
"Kupplungssatz";479;12038;6;3;"OPEL";"INSIGNIA A Sports Tourer (G09)";103;201104;201703;140;1364
"Kupplungssatz";479;12039;1;2;"FIAT";"MAREA (185_)";77;199812;200212;105;1910
"Kupplungssatz";479;12042;1;2;"FIAT";"MAREA Weekend (185_)";77;199812;200212;105;1910
"Kupplungssatz";479;12045;5;6;"OPEL";"INSIGNIA A (G09)";184;201107;201703;250;1998
"Kupplungssatz";479;12049;3;1;"CITROËN";"JUMPY II (VF7)";72;201107;201603;98;1997
"Kupplungssatz";479;12053;30;1;"CITROËN";"JUMPY II (VF7)";94;201107;201603;128;1997
"Kupplungssatz";479;12054;48;1;"CITROËN";"JUMPY II Kasten";94;201107;201603;128;1997
"Kupplungssatz";479;12055;40;1;"SUZUKI";"SPLASH (EX)";50;201106;;68;996
"Kupplungssatz";479;12057;2;1;"CITROËN";"JUMPER II Bus";81;201107;;110;2198
"Kupplungssatz";479;12058;18;1;"CITROËN";"JUMPER II Kasten";81;201107;;110;2198
"Kupplungssatz";479;12059;2;3;"FORD";"KA (RB_)";36;199806;200811;49;1299
"Kupplungssatz";479;12060;1;1;"CITROËN";"JUMPER II Pritsche/Fahrgestell";81;201107;;110;2198
"Kupplungssatz";479;12061;3;1;"SUZUKI";"SPLASH (EX)";66;201106;;90;1242
"Kupplungssatz";479;12062;3;1;"CITROËN";"JUMPER II Bus";96;201107;;130;2198
"Kupplungssatz";479;12063;36;1;"CITROËN";"JUMPER II Kasten";96;201107;;130;2198
"Kupplungssatz";479;12064;9;1;"CITROËN";"JUMPER II Pritsche/Fahrgestell";96;201107;;130;2198
"Kupplungssatz";479;12065;7;1;"CITROËN";"JUMPER II Bus";110;201107;;150;2198
"Kupplungssatz";479;12066;19;1;"CITROËN";"JUMPER II Kasten";110;201107;;150;2198
"Kupplungssatz";479;12067;7;1;"CITROËN";"JUMPER II Pritsche/Fahrgestell";110;201107;;150;2198
"Kupplungssatz";479;12069;20;3;"CITROËN";"JUMPER II Kasten";130;201107;;177;2999
"Kupplungssatz";479;12070;5;3;"CITROËN";"JUMPER II Pritsche/Fahrgestell";130;201107;;177;2999
"Kupplungssatz";479;12076;1;0;"AUDI";"A6 C7 Avant (4G5, 4GD)";228;201111;201809;310;2995
"Kupplungssatz";479;12087;20;3;"OPEL";"ASTRA J (P10)";96;201107;201510;131;1686
"Kupplungssatz";479;12088;37;3;"OPEL";"ASTRA J Caravan (P10)";96;201010;201510;131;1686
"Kupplungssatz";479;12089;18;5;"VW";"SHARAN (7N1, 7N2)";85;201105;201907;115;1968
"Kupplungssatz";479;12093;1;1;"VW";"POLO V Stufenheck (602, 604, 612, 614)";77;201005;;105;1598
"Kupplungssatz";479;12102;1;2;"PEUGEOT";"206 Schrägheck (2A/C)";99;199904;200010;135;1997
"Kupplungssatz";479;12105;2;0;"VW";"TARO";69;198906;199407;94;2237
"Kupplungssatz";479;12135;2;2;"FORD AUSTRALIA";"RANGER Pritsche/Fahrgestell (PX)";110;201111;201506;150;2198
"Kupplungssatz";479;12139;3;1;"BMW";"3 Touring (E46)";87;199910;200109;118;1895
"Kupplungssatz";479;12141;11;1;"BMW";"3 Touring (E46)";100;200003;200109;136;1951
"Kupplungssatz";479;12144;1;3;"FIAT";"SCUDO Bus (270_, 272_)";88;200701;201603;120;1997
"Kupplungssatz";479;12145;3;3;"FIAT";"SCUDO Kasten (270_, 272_)";88;200701;201603;120;1997
"Kupplungssatz";479;12146;1;0;"MITSUBISHI";"OUTLANDER II (CW_W)";108;200611;201211;147;1998
"Kupplungssatz";479;12148;2;4;"PEUGEOT";"PARTNER Pritsche/Fahrgestell";55;200901;;75;1560
"Kupplungssatz";479;12149;1;6;"PEUGEOT";"PARTNER Pritsche/Fahrgestell";66;200901;;90;1560
"Kupplungssatz";479;12155;10;1;"TOYOTA";"COROLLA Stufenheck (_E15_)";71;200611;201311;97;1398
"Kupplungssatz";479;12171;23;1;"MERCEDES-BENZ";"B-CLASS Sports Tourer (W246, W242)";90;201111;201812;122;1595
"Kupplungssatz";479;12172;5;1;"MERCEDES-BENZ";"B-CLASS Sports Tourer (W246, W242)";115;201111;201812;156;1595
"Kupplungssatz";479;12173;19;1;"MERCEDES-BENZ";"B-CLASS Sports Tourer (W246, W242)";80;201111;201408;109;1796
"Kupplungssatz";479;12174;9;1;"MERCEDES-BENZ";"B-CLASS Sports Tourer (W246, W242)";100;201111;201408;136;1796
"Kupplungssatz";479;12180;30;2;"SMART";"CITY-COUPE (450)";30;199911;200401;41;799
"Kupplungssatz";479;12208;7;3;"FIAT";"PUNTO EVO (199_)";57;200906;201202;78;1368
"Kupplungssatz";479;12239;3;4;"FIAT";"STRADA Pick-up (178_, 278_)";54;199906;200612;73;1242
"Kupplungssatz";479;12240;14;1;"FIAT";"STRADA Pick-up (178_, 278_)";51;199906;200612;69;1698
"Kupplungssatz";479;12243;3;5;"SKODA";"OCTAVIA I Combi (1U5)";66;199911;200602;90;1896
"Kupplungssatz";479;12244;4;0;"MAZDA";"B-SERIE (UN)";57;199906;200611;78;2499
"Kupplungssatz";479;12245;14;0;"MAZDA";"B-SERIE (UN)";80;199906;200607;109;2499
"Kupplungssatz";479;12246;2;1;"PEUGEOT";"406 (8B)";66;199902;200405;90;1997
"Kupplungssatz";479;12272;2;2;"BMW";"1 Coupe (E82)";100;200909;201310;136;1995
"Kupplungssatz";479;12290;1;2;"CITROËN";"DS3 (SA_)";110;201001;201507;150;1598
"Kupplungssatz";479;12291;2;1;"CITROËN";"DS3 (SA_)";50;201004;201507;68;1398
"Kupplungssatz";479;12292;3;1;"CITROËN";"C3 II (SC_)";44;201011;;60;1124
"Kupplungssatz";479;12313;13;2;"MERCEDES-BENZ";"C-CLASS T-Model (S204)";88;201004;201408;120;2143
"Kupplungssatz";479;12319;5;7;"OPEL";"ASTRA G Coupe (T98)";85;200003;200010;116;1796
"Kupplungssatz";479;12340;1;1;"MERCEDES-BENZ";"124 Coupe (C124)";110;199210;199305;150;2199
"Kupplungssatz";479;12344;1;2;"VW";"BORA I (1J2)";150;199903;200505;204;2792
"Kupplungssatz";479;12360;2;1;"VOLVO";"S40 I (644)";92;199803;200312;125;1834
"Kupplungssatz";479;12435;2;1;"FORD";"ESCORT V Stufenheck (AFL)";52;199308;199404;71;1392
"Kupplungssatz";479;12470;3;1;"BMW";"3 (F30, F80)";180;201111;201810;245;1997
"Kupplungssatz";479;12471;3;1;"BMW";"3 (F30, F80)";225;201111;201507;306;2979
"Kupplungssatz";479;12472;20;3;"BMW";"3 (F30, F80)";135;201111;201603;184;1995
"Kupplungssatz";479;12473;8;2;"BMW";"3 (F30, F80)";120;201111;201810;163;1995
"Kupplungssatz";479;12474;1;2;"MITSUBISHI";"ASX Van (GA_W_)";110;201006;;150;1798
"Kupplungssatz";479;12475;1;3;"BMW";"3 Coupe (E92)";105;201003;201312;143;1995
"Kupplungssatz";479;12484;1;0;"MITSUBISHI";"PAJERO IV Van (V9_, V8_, V8_V)";147;201001;;200;3200
"Kupplungssatz";479;12485;17;1;"OPEL";"AGILA (B) (H08)";50;201107;201407;68;996
"Kupplungssatz";479;12491;1;1;"BMW";"3 Cabriolet (E93)";150;200909;201309;204;2993
"Kupplungssatz";479;12492;5;2;"PEUGEOT";"206 Van";50;200109;200903;68;1398
"Kupplungssatz";479;12493;1;3;"PEUGEOT";"206 Van";51;199904;200705;69;1868
"Kupplungssatz";479;12494;13;1;"NISSAN";"NP300 PICKUP (D22)";98;200804;;133;2488
"Kupplungssatz";479;12495;6;1;"NISSAN";"TERRANO II Van (R20)";92;199806;200709;125;2664
"Kupplungssatz";479;12503;1;2;"RENAULT";"CLIO I Kasten/Schrägheck (S57_)";48;199101;199809;65;1870
"Kupplungssatz";479;12506;1;3;"DACIA";"SANDERO";77;201101;;105;1598
"Kupplungssatz";479;12516;22;6;"NISSAN";"NV400 Kasten (X62, X62B)";92;201111;201609;125;2299
"Kupplungssatz";479;12519;8;3;"VOLVO";"S40 I (644)";80;199903;200312;109;1587
"Kupplungssatz";479;12520;4;2;"VOLVO";"V40 Kombi (645)";80;199903;200406;109;1587
"Kupplungssatz";479;12526;1;4;"VOLVO";"S40 I (644)";90;199903;200312;122;1783
"Kupplungssatz";479;12528;17;4;"VOLVO";"V40 Kombi (645)";90;199903;200406;122;1783
"Kupplungssatz";479;12536;1;1;"RENAULT";"SUPER 5 Kasten/Schrägheck (S40_)";40;198410;199612;54;1595
"Kupplungssatz";479;12539;1;6;"NISSAN";"NV400 Kasten (X62, X62B)";107;201111;201402;146;2299
"Kupplungssatz";479;12550;1;6;"NISSAN";"NV400 Pritsche/Fahrgestell (X62, X62B)";92;201111;201609;125;2299
"Kupplungssatz";479;12552;1;10;"NISSAN";"NV400 Pritsche/Fahrgestell (X62, X62B)";107;201111;;146;2299
"Kupplungssatz";479;12574;3;1;"FORD";"RANGER (TKE)";92;201104;;125;2198
"Kupplungssatz";479;12583;4;4;"MERCEDES-BENZ";"E-CLASS (W210)";105;199907;200203;143;2148
"Kupplungssatz";479;12605;53;1;"FORD";"RANGER (TKE)";110;201104;;150;2198
"Kupplungssatz";479;12606;23;1;"FORD";"RANGER (TKE)";147;201104;;200;3198
"Kupplungssatz";479;12643;17;1;"MAZDA";"PREMACY (CP)";74;199907;200503;100;1840
"Kupplungssatz";479;12644;2;1;"MAZDA";"PREMACY (CP)";84;199907;200503;114;1840
"Kupplungssatz";479;12751;334;1;"FIAT";"PUNTO (188_)";44;199909;201012;60;1242
"Kupplungssatz";479;12752;74;1;"FIAT";"PUNTO (188_)";59;199909;200604;80;1242
"Kupplungssatz";479;12753;2;1;"FIAT";"PUNTO (188_)";96;199909;201203;130;1747
"Kupplungssatz";479;12754;19;2;"FIAT";"PUNTO (188_)";59;199909;201203;80;1910
"Kupplungssatz";479;12772;1;6;"PEUGEOT";"508 I (8D_)";100;201011;201812;136;1997
"Kupplungssatz";479;12783;2;6;"PEUGEOT";"508 SW I (8E_)";100;201011;201812;136;1997
"Kupplungssatz";479;12894;1;1;"SEAT";"CORDOBA (6K1, 6K2)";50;199906;200210;68;1896
"Kupplungssatz";479;12895;1;1;"SEAT";"CORDOBA Vario (6K5)";50;199906;200212;68;1896
"Kupplungssatz";479;12928;4;2;"SUZUKI";"SX4 S-CROSS (JY)";88;201308;;120;1586
"Kupplungssatz";479;12959;3;3;"HONDA";"JAZZ III (GE_, GG_, GP_, ZA_)";74;200811;;101;1339
"Kupplungssatz";479;12960;3;6;"PEUGEOT";"508 I (8D_)";84;201202;201812;115;1560
"Kupplungssatz";479;12961;18;6;"PEUGEOT";"508 SW I (8E_)";84;201202;201812;115;1560
"Kupplungssatz";479;13002;4;0;"PEUGEOT";"307 (3A/C)";81;200607;201204;110;1587
"Kupplungssatz";479;13007;1;0;"PEUGEOT";"207 (WA_, WC_)";79;200808;201312;106;1587
"Kupplungssatz";479;13008;4;1;"PEUGEOT";"207 (WA_, WC_)";55;200808;201512;75;1360
"Kupplungssatz";479;13043;3;1;"BMW";"X5 (E53)";135;200104;200309;184;2925
"Kupplungssatz";479;13080;4;2;"PEUGEOT";"406 (8B)";99;199901;200008;135;1997
"Kupplungssatz";479;13081;1;2;"PEUGEOT";"406 Break (8E/F)";99;199901;200010;135;1997
"Kupplungssatz";479;13084;1;1;"PEUGEOT";"306 Break (7E, N3, N5)";66;199906;200204;90;1997
"Kupplungssatz";479;13085;2;2;"SKODA";"OCTAVIA I (1U2)";85;199904;200705;116;1984
"Kupplungssatz";479;13086;9;2;"SKODA";"OCTAVIA I Combi (1U5)";85;199904;200705;116;1984
"Kupplungssatz";479;13100;39;3;"VW";"GOLF IV (1J1)";85;199812;200106;115;1896
"Kupplungssatz";479;13104;7;3;"VW";"BORA I (1J2)";85;199812;200201;115;1896
"Kupplungssatz";479;13106;1;3;"VW";"BORA Variant (1J6)";85;199905;200106;115;1896
"Kupplungssatz";479;13108;8;1;"VW";"LUPO I (6X1, 6E1)";55;199901;200507;75;1422
"Kupplungssatz";479;13159;9;1;"SEAT";"LEON (1M1)";74;199911;200606;100;1595
"Kupplungssatz";479;13160;3;3;"SEAT";"LEON (1M1)";92;199911;200606;125;1781
"Kupplungssatz";479;13161;13;5;"SEAT";"LEON (1M1)";66;199911;200606;90;1896
"Kupplungssatz";479;13162;24;5;"SEAT";"LEON (1M1)";81;199911;200606;110;1896
"Kupplungssatz";479;13163;6;3;"MERCEDES-BENZ";"M-CLASS (W163)";120;199912;200506;163;2685
"Kupplungssatz";479;13166;1;1;"PEUGEOT";"607 (9D, 9U)";152;200002;200407;207;2946
"Kupplungssatz";479;13167;5;3;"PEUGEOT";"607 (9D, 9U)";98;200002;200602;133;2179
"Kupplungssatz";479;13176;3;2;"FIAT";"PUNTO (188_)";64;201008;201203;87;1368
"Kupplungssatz";479;13180;27;0;"HONDA";"CR-V I (RD)";108;199901;200202;147;1973
"Kupplungssatz";479;13181;2;2;"CITROËN";"JUMPY I (U6U_)";51;199804;200311;69;1868
"Kupplungssatz";479;13182;5;2;"CITROËN";"XSARA (N1)";66;199902;200503;90;1997
"Kupplungssatz";479;13183;2;2;"CITROËN";"XSARA Break (N2)";66;199902;200508;90;1997
"Kupplungssatz";479;13194;16;1;"SEAT";"IBIZA II (6K1)";50;199908;200202;68;1896
"Kupplungssatz";479;13198;7;2;"SEAT";"IBIZA II (6K1)";55;200005;200202;75;1390
"Kupplungssatz";479;13200;3;2;"SEAT";"CORDOBA (6K1, 6K2)";55;200005;200210;75;1390
"Kupplungssatz";479;13201;1;2;"SEAT";"CORDOBA Vario (6K5)";55;199906;200212;75;1390
"Kupplungssatz";479;13279;1;1;"CHRYSLER";"NEON II";98;199908;200612;133;1996
"Kupplungssatz";479;13300;2;3;"FIAT";"FREEMONT (345_)";100;201108;;136;1956
"Kupplungssatz";479;13359;21;1;"AUDI";"A2 (8Z0)";55;200002;200508;75;1422
"Kupplungssatz";479;13360;82;2;"AUDI";"A2 (8Z0)";55;200002;200508;75;1390
"Kupplungssatz";479;13361;2;0;"AUDI";"A4 B5 Avant (8D5)";280;200005;200109;380;2671
"Kupplungssatz";479;13362;25;2;"SKODA";"FABIA I (6Y2)";74;199912;200803;100;1390
"Kupplungssatz";479;13363;39;2;"SKODA";"FABIA I (6Y2)";50;199908;200305;68;1397
"Kupplungssatz";479;13364;36;1;"SKODA";"FABIA I (6Y2)";47;199912;200803;64;1896
"Kupplungssatz";479;13365;1;2;"OPEL";"ASTRA G CC (T98)";118;199911;200209;160;1998
"Kupplungssatz";479;13408;1;0;"RENAULT";"MASTER I Kasten (T__)";69;198908;199807;94;2499
"Kupplungssatz";479;13490;1;0;"PUCH";"G-MODELL (W460)";62;198710;199112;84;2497
"Kupplungssatz";479;13492;1;0;"PUCH";"G-MODELL (W460)";65;197909;199112;88;2998
"Kupplungssatz";479;13620;3;1;"FIAT";"PUNTO (188_)";44;199909;201203;60;1910
"Kupplungssatz";479;13647;1;1;"OPEL";"OMEGA B (V94)";106;199909;200307;144;2198
"Kupplungssatz";479;13648;1;1;"OPEL";"OMEGA B Caravan (V94)";106;199909;200307;144;2198
"Kupplungssatz";479;13651;1;1;"MAZDA";"MPV II (LW)";90;199909;200008;122;1991
"Kupplungssatz";479;13657;1;0;"FORD";"FIESTA IV (JA_, JB_)";76;200002;200201;103;1596
"Kupplungssatz";479;13663;17;1;"TOYOTA";"YARIS VERSO (_P2_)";63;199908;200210;86;1299
"Kupplungssatz";479;13672;1;0;"NISSAN";"PRIMERA Traveller (WP11)";84;199908;200112;114;1769
"Kupplungssatz";479;13727;3;6;"OPEL";"INSIGNIA A (G09)";143;201201;201703;195;1956
"Kupplungssatz";479;13732;2;6;"OPEL";"INSIGNIA A Stufenheck (G09)";143;201201;201703;195;1956
"Kupplungssatz";479;13734;2;6;"OPEL";"INSIGNIA A Stufenheck (G09)";143;201201;201703;195;1956
"Kupplungssatz";479;13736;7;6;"OPEL";"INSIGNIA A Sports Tourer (G09)";143;201201;201506;195;1956
"Kupplungssatz";479;13737;7;6;"OPEL";"INSIGNIA A Sports Tourer (G09)";143;201201;201506;195;1956
"Kupplungssatz";479;13742;5;3;"OPEL";"ASTRA G CC (T98)";74;199908;200501;101;1995
"Kupplungssatz";479;13809;3;1;"CITROËN";"ZX (N2)";55;199103;199706;75;1360
"Kupplungssatz";479;13821;1;0;"NISSAN";"NAVARA (D22)";76;199801;200110;103;3153
"Kupplungssatz";479;13860;39;5;"OPEL";"ASTRA G CC (T98)";55;200002;200501;75;1686
"Kupplungssatz";479;13861;3;5;"OPEL";"ASTRA G Stufenheck (T98)";55;200002;200501;75;1686
"Kupplungssatz";479;13863;1;0;"MITSUBISHI";"PAJERO PININ I (H6_W, H7_W)";88;199910;200110;120;1834
"Kupplungssatz";479;13874;12;1;"BMW";"3 (E46)";135;199910;200502;184;2926
"Kupplungssatz";479;13881;1;0;"MITSUBISHI";"SPACE RUNNER (N6_W)";100;199908;200208;136;1997
"Kupplungssatz";479;13887;6;0;"TOYOTA";"DYNA Pritsche/Fahrgestell (KD_, LY_, _Y2_, _U3_, _U4_, _U6_,";100;200910;;136;2982
"Kupplungssatz";479;13901;1;1;"MG";"MGF (RD)";88;199503;200203;120;1796
"Kupplungssatz";479;13909;4;3;"CHEVROLET";"CRUZE (J300)";96;201201;;131;1686
"Kupplungssatz";479;13914;3;3;"CHEVROLET";"CRUZE Schrägheck (J305)";96;201201;201512;131;1686
"Kupplungssatz";479;13918;21;1;"HONDA";"CIVIC IX (FK)";73;201202;;99;1339
"Kupplungssatz";479;13926;4;3;"HONDA";"CIVIC IX (FK)";104;201202;;141;1798
"Kupplungssatz";479;13927;3;2;"HONDA";"CIVIC IX (FK)";110;201202;;150;2199
"Kupplungssatz";479;13928;16;3;"OPEL";"COMBO Kasten/Großraumlimousine (X12)";70;201202;;95;1368
"Kupplungssatz";479;13929;2;1;"OPEL";"COMBO Kasten/Großraumlimousine (X12)";88;201202;;120;1368
"Kupplungssatz";479;13930;3;4;"OPEL";"COMBO Kasten/Großraumlimousine (X12)";66;201202;;90;1598
"Kupplungssatz";479;13931;25;3;"OPEL";"COMBO Kasten/Großraumlimousine (X12)";77;201202;;105;1598
"Kupplungssatz";479;13932;54;2;"OPEL";"COMBO Kasten/Großraumlimousine (X12)";66;201202;;90;1248
"Kupplungssatz";479;13933;3;3;"OPEL";"COMBO Kasten/Großraumlimousine (X12)";74;201202;;101;1598
"Kupplungssatz";479;13934;1;2;"OPEL";"COMBO Kasten/Großraumlimousine (X12)";99;201202;;135;1956
"Kupplungssatz";479;13935;7;3;"OPEL";"COMBO Tour (X12)";70;201202;;95;1368
"Kupplungssatz";479;13937;5;4;"OPEL";"COMBO Tour (X12)";66;201202;;90;1598
"Kupplungssatz";479;13945;10;3;"OPEL";"COMBO Tour (X12)";77;201202;;105;1598
"Kupplungssatz";479;13948;1;2;"OPEL";"COMBO Tour (X12)";99;201202;;135;1956
"Kupplungssatz";479;13949;5;5;"OPEL";"ASTRA J Caravan (P10)";103;201112;201510;140;1364
"Kupplungssatz";479;13950;3;5;"OPEL";"ASTRA J (P10)";103;201201;201510;140;1364
"Kupplungssatz";479;13951;18;5;"OPEL";"ASTRA J GTC";103;201110;;140;1364
"Kupplungssatz";479;13953;2;3;"OPEL";"ASTRA J GTC";81;201110;201510;110;1686
"Kupplungssatz";479;13954;2;3;"OPEL";"ASTRA J GTC";96;201110;201510;131;1686
"Kupplungssatz";479;13956;9;2;"ALFA ROMEO";"MITO (955_)";63;201107;201312;86;875
"Kupplungssatz";479;13960;43;1;"FIAT";"SCUDO Kasten (270_, 272_)";94;201105;201603;128;1997
"Kupplungssatz";479;13971;26;3;"LAND ROVER";"DEFENDER Station Wagon (L316)";90;201108;201602;122;2198
"Kupplungssatz";479;13973;4;3;"LAND ROVER";"DEFENDER Pick Up (L316)";90;201108;201602;122;2198
"Kupplungssatz";479;13979;1;3;"OPEL";"ZAFIRA B Kasten/Großraumlimousine (A05)";92;200801;201504;125;1686
"Kupplungssatz";479;13994;18;2;"OPEL";"AGILA (A) (H00)";43;200009;200712;58;973
"Kupplungssatz";479;13995;41;2;"OPEL";"AGILA (A) (H00)";55;200009;200712;75;1199
"Kupplungssatz";479;14002;162;2;"FIAT";"PANDA (312_, 319_)";51;201202;;69;1242
"Kupplungssatz";479;14005;7;1;"MERCEDES-BENZ";"VITO Kasten (W638)";60;199903;200307;82;2148
"Kupplungssatz";479;14006;4;1;"MERCEDES-BENZ";"VITO Kasten (W638)";75;199903;200307;102;2148
"Kupplungssatz";479;14007;5;1;"MERCEDES-BENZ";"VITO Kasten (W638)";90;199903;200307;122;2148
"Kupplungssatz";479;14008;3;4;"FIAT";"PANDA (312_, 319_)";55;201202;;75;1248
"Kupplungssatz";479;14015;39;5;"FIAT";"PANDA (312_, 319_)";63;201202;;86;875
"Kupplungssatz";479;14017;4;1;"TOYOTA";"AVENSIS Stufenheck (_T27_)";91;201111;201810;124;1998
"Kupplungssatz";479;14018;2;1;"TOYOTA";"AVENSIS Kombi (_T27_)";91;201111;201810;124;1998
"Kupplungssatz";479;14034;1;2;"HYUNDAI";"i10 I (PA)";51;201104;201312;69;1086
"Kupplungssatz";479;14064;27;2;"VW";"POLO (6N2)";55;199910;200109;75;1390
"Kupplungssatz";479;14065;2;3;"VW";"POLO (6N2)";92;199910;200109;125;1598
"Kupplungssatz";479;14066;22;1;"VW";"POLO (6N2)";55;199910;200109;75;1422
"Kupplungssatz";479;14070;5;0;"MITSUBISHI";"L400 Kasten (PD_W, PC_W, PB_V, PA_W, PA_V)";64;199609;200506;87;2477
"Kupplungssatz";479;14076;3;0;"HONDA";"CONCERTO (HW, MA)";66;198908;199110;90;1396
"Kupplungssatz";479;14092;3;0;"VW";"LT 40-55 I Pritsche/Fahrgestell (293-909)";70;199208;199606;95;2384
"Kupplungssatz";479;14095;20;1;"VW";"LT 28-35 II Bus (2DB, 2DE, 2DK)";80;199905;200607;109;2461
"Kupplungssatz";479;14097;29;1;"VW";"LT 28-46 II Kasten (2DA, 2DD, 2DH)";80;199905;200607;109;2461
"Kupplungssatz";479;14098;3;1;"VW";"LT 28-46 II Kasten (2DA, 2DD, 2DH)";96;199901;200607;130;2799
"Kupplungssatz";479;14099;1;0;"VW";"LT 28-46 II Pritsche/Fahrgestell (2DC, 2DF, 2DG, 2DL, 2DM)";66;199905;200607;90;2461
"Kupplungssatz";479;14100;22;1;"VW";"LT 28-46 II Pritsche/Fahrgestell (2DC, 2DF, 2DG, 2DL, 2DM)";80;199905;200607;109;2461
"Kupplungssatz";479;14101;1;1;"VW";"LT 28-46 II Pritsche/Fahrgestell (2DC, 2DF, 2DG, 2DL, 2DM)";96;199901;200607;130;2799
"Kupplungssatz";479;14104;1;0;"DAIHATSU";"HIJET Kasten (S85)";48;199805;200510;65;1295
"Kupplungssatz";479;14105;1;2;"TOYOTA";"AVENSIS Liftback (_T22_)";81;199910;200302;110;1995
"Kupplungssatz";479;14106;3;2;"TOYOTA";"AVENSIS (_T22_)";81;199910;200302;110;1995
"Kupplungssatz";479;14107;3;2;"TOYOTA";"AVENSIS Kombi (_T22_)";81;199910;200302;110;1995
"Kupplungssatz";479;14136;1;1;"CITROËN";"ACADIANE";23;197808;198810;31;602
"Kupplungssatz";479;14158;1;2;"OPEL";"ASTRA G Coupe (T98)";140;200009;200108;190;1998
"Kupplungssatz";479;14160;10;1;"PEUGEOT";"206 Schrägheck (2A/C)";66;199912;200909;90;1997
"Kupplungssatz";479;14161;2;2;"VW";"POLO III CLASSIC (6V2)";55;199910;200109;75;1390
"Kupplungssatz";479;14162;6;2;"VW";"POLO Variant (6V5)";55;199910;200109;75;1390
"Kupplungssatz";479;14163;19;0;"FORD";"RANGER (ER, EQ, R_)";80;199910;200606;109;2500
"Kupplungssatz";479;14164;1;0;"FORD";"RANGER (ER, EQ, R_)";57;199910;200204;78;2499
"Kupplungssatz";479;14169;14;1;"TOYOTA";"CELICA Coupe (_T23_)";105;199908;200507;143;1794
"Kupplungssatz";479;14172;47;1;"VW";"POLO (6N2)";37;199910;200109;50;999
"Kupplungssatz";479;14174;4;2;"VW";"POLO (6N2)";74;199910;200109;101;1390
"Kupplungssatz";479;14175;1;0;"VW";"POLO (6N2)";44;199910;200109;60;1716
"Kupplungssatz";479;14181;6;3;"OPEL";"ASTRA G Caravan (T98)";74;199908;200407;101;1995
"Kupplungssatz";479;14182;17;5;"OPEL";"ASTRA G Caravan (T98)";55;200002;200407;75;1686
"Kupplungssatz";479;14184;6;1;"RENAULT";"CLIO II (BB_, CB_)";70;199910;200409;95;1390
"Kupplungssatz";479;14185;2;1;"BMW";"3 Touring (E46)";135;199910;200502;184;2926
"Kupplungssatz";479;14232;1;0;"FIAT";"FIORINO Pick up (146_)";44;198805;199910;60;1698
"Kupplungssatz";479;14233;1;1;"FIAT";"FIORINO Pick up (146_)";42;199310;199910;57;1697
"Kupplungssatz";479;14238;2;4;"VW";"NEW BEETLE (9C1, 1C1)";110;199910;201009;150;1781
"Kupplungssatz";479;14245;1;0;"ISUZU";"CAMPO (KB)";39;198604;199012;53;2238
"Kupplungssatz";479;14248;1;0;"ZASTAVA";"YUGO";33;198004;199206;45;903
"Kupplungssatz";479;14261;1;2;"RENAULT";"CLIO I (B/C57_, 5/357_)";40;199601;199809;54;1149
"Kupplungssatz";479;14268;10;1;"SEAT";"LEON (1M1)";55;199911;200606;75;1390
"Kupplungssatz";479;14278;4;1;"SKODA";"FABIA I (6Y2)";74;200001;200803;100;1896
"Kupplungssatz";479;14285;3;1;"VW";"POLO Variant (6V5)";50;199908;200109;68;1896
"Kupplungssatz";479;14287;83;1;"TOYOTA";"YARIS (_P1_)";63;199908;200511;86;1299
"Kupplungssatz";479;14292;1;0;"PEUGEOT";"504 Cabriolet";78;198208;198408;106;1971
"Kupplungssatz";479;14315;5;1;"TOYOTA";"STARLET (_P8_)";40;198912;199603;54;1453
"Kupplungssatz";479;14324;1;0;"TOYOTA";"HIACE IV Kasten (__H1_, __H2_)";85;199508;199804;116;2438
"Kupplungssatz";479;14327;2;1;"TOYOTA";"HIACE IV Kasten (__H1_, __H2_)";105;199804;200506;143;2694
"Kupplungssatz";479;14328;9;1;"TOYOTA";"HIACE IV Kasten (__H1_, __H2_)";66;199508;200108;90;2446
"Kupplungssatz";479;14331;7;1;"TOYOTA";"HIACE IV Kasten (__H1_, __H2_)";106;199807;200506;144;2694
"Kupplungssatz";479;14365;1;1;"FIAT";"DUCATO Kasten (290_)";55;199007;199403;75;2500
"Kupplungssatz";479;14366;1;1;"FIAT";"DUCATO Pritsche/Fahrgestell (230_)";80;199403;200204;109;2500
"Kupplungssatz";479;14368;1;1;"FIAT";"DUCATO Bus (230_)";85;199704;200204;116;2500
"Kupplungssatz";479;14370;3;2;"FIAT";"DUCATO Pritsche/Fahrgestell (280_)";55;198207;199008;75;2500
"Kupplungssatz";479;14373;1;1;"FIAT";"DUCATO Pritsche/Fahrgestell (280_)";60;198903;199008;82;1929
"Kupplungssatz";479;14377;1;1;"CITROËN";"JUMPER I Pritsche/Fahrgestell (230)";66;199403;200204;90;1905
"Kupplungssatz";479;14379;4;1;"CITROËN";"JUMPER I Kasten (230L)";66;199403;200204;90;1905
"Kupplungssatz";479;14391;2;0;"SUBARU";"REX III";31;198906;199203;42;758
"Kupplungssatz";479;14397;8;2;"BMW";"3 Cabriolet (E46)";125;200004;200009;170;2494
"Kupplungssatz";479;14399;24;2;"PEUGEOT";"206 CC (2D)";100;200009;200712;136;1997
"Kupplungssatz";479;14400;4;2;"PORSCHE";"911 (996)";309;200006;200508;420;3600
"Kupplungssatz";479;14401;2;1;"CITROËN";"JUMPER I Pritsche/Fahrgestell (230)";79;199612;200204;107;2446
"Kupplungssatz";479;14402;13;1;"AUDI";"A2 (8Z0)";45;200103;200508;61;1191
"Kupplungssatz";479;14406;72;2;"VW";"POLO (6N2)";44;199910;200109;60;1390
"Kupplungssatz";479;14411;3;0;"HONDA";"ACCORD VI Hatchback (CH, CL)";100;199912;200212;136;1850
"Kupplungssatz";479;14413;10;2;"SEAT";"LEON (1M1)";132;199911;200606;180;1781
"Kupplungssatz";479;14416;2;2;"SEAT";"LEON (1M1)";132;199911;200606;180;1781
"Kupplungssatz";479;14426;1;1;"SEAT";"AROSA (6H1)";55;200001;200406;75;1422
"Kupplungssatz";479;14428;1;2;"PORSCHE";"911 (996)";235;200105;200408;320;3387
"Kupplungssatz";479;14434;9;4;"PEUGEOT";"PARTNER Großraumlimousine (5_, G_)";51;199901;200807;69;1868
"Kupplungssatz";479;14436;2;0;"TOYOTA";"HIACE IV Bus (__H1_, __H2_)";55;199508;200108;75;2446
"Kupplungssatz";479;14440;1;4;"VOLVO";"V70 I (875, 876)";103;199903;200012;140;2435
"Kupplungssatz";479;14442;2;0;"MITSUBISHI";"SPACE STAR Großraumlimousine (DG_A)";61;199812;200412;83;1299
"Kupplungssatz";479;14443;31;4;"CITROËN";"BERLINGO / BERLINGO FIRST Kasten/Großraumlimousine (M_)";51;199904;201112;69;1868
"Kupplungssatz";479;14445;38;5;"VW";"TRANSPORTER T4 Kasten (70A, 70H, 7DA, 7DH)";65;199812;200304;88;2461
"Kupplungssatz";479;14446;15;5;"VW";"TRANSPORTER T4 Pritsche/Fahrgestell (70E, 70L, 70M, 7DE, 7DL";65;199805;200304;88;2461
"Kupplungssatz";479;14461;5;0;"MAZDA";"B-SERIE (UF)";57;199809;199906;77;2499
"Kupplungssatz";479;14466;7;1;"FIAT";"DUCATO Pritsche/Fahrgestell (230_)";66;199804;200204;90;1905
"Kupplungssatz";479;14473;32;0;"TOYOTA";"HILUX VI Pick-up (_N1_)";55;199708;200504;75;2446
"Kupplungssatz";479;14485;3;3;"FORD";"FOCUS I (DAW, DBW)";55;199908;200411;75;1753
"Kupplungssatz";479;14486;3;3;"FORD";"FOCUS I Turnier (DNW)";55;199908;200411;75;1753
"Kupplungssatz";479;14488;1;1;"MAZDA";"626 V Hatchback (GF)";74;199912;200210;100;1840
"Kupplungssatz";479;14491;18;2;"CITROËN";"BERLINGO / BERLINGO FIRST Großraumlimousine (MF_, GJK_, GFK_";66;199912;200510;90;1997
"Kupplungssatz";479;14533;1;4;"PEUGEOT";"607 (9D, 9U)";116;200002;200508;158;2230
"Kupplungssatz";479;14534;1;0;"TOYOTA";"CELICA Coupe (_T23_)";141;199908;200509;192;1796
"Kupplungssatz";479;14535;14;1;"TOYOTA";"MR2 III (ZZW3_)";103;199910;200706;140;1794
"Kupplungssatz";479;14560;1;3;"VW";"BORA I (1J2)";85;199902;200106;115;1896
"Kupplungssatz";479;14569;1;0;"MAZDA";"B-SERIE (UN)";57;199906;200611;78;2499
"Kupplungssatz";479;14575;4;2;"RENAULT";"KANGOO (KC0/1_)";59;200002;;80;1870
"Kupplungssatz";479;14577;3;2;"RENAULT";"CLIO II (BB_, CB_)";59;199912;200505;80;1870
"Kupplungssatz";479;14586;1;2;"AUDI";"A6 C5 (4B2)";132;200002;200501;180;2496
"Kupplungssatz";479;14588;4;2;"AUDI";"A6 C5 Avant (4B5)";132;200002;200501;180;2496
"Kupplungssatz";479;14590;144;1;"VW";"GOLF IV (1J1)";77;200002;200506;105;1598
"Kupplungssatz";479;14591;58;1;"VW";"GOLF IV Variant (1J5)";77;200002;200606;105;1598
"Kupplungssatz";479;14593;2;1;"SSANGYONG";"RODIUS I";121;200505;;165;2696
"Kupplungssatz";479;14594;21;1;"HONDA";"HR-V (GH)";91;199910;200509;124;1590
"Kupplungssatz";479;14595;4;1;"HONDA";"HR-V (GH)";77;199903;;105;1590
"Kupplungssatz";479;14597;49;3;"HYUNDAI";"ACCENT II (LC)";55;200001;200511;75;1341
"Kupplungssatz";479;14599;2;1;"BMW";"5 (E39)";100;200002;200306;136;1951
"Kupplungssatz";479;14600;1;1;"BMW";"5 Touring (E39)";100;200002;200309;136;1951
"Kupplungssatz";479;14601;12;0;"FORD";"RANGER (ER, EQ, R_)";57;199910;200204;78;2499
"Kupplungssatz";479;14606;3;2;"CHEVROLET";"MATIZ (M200, M250)";48;200701;;65;995
"Kupplungssatz";479;14610;4;2;"RENAULT";"KANGOO Express (FC0/1_)";59;200002;;80;1870
"Kupplungssatz";479;14618;1;4;"VOLVO";"V70 II (285)";147;199911;200308;200;2435
"Kupplungssatz";479;14619;3;1;"VOLVO";"V70 II (285)";103;199911;200708;140;2460
"Kupplungssatz";479;14623;7;3;"MERCEDES-BENZ";"SLK (R170)";120;200003;200404;163;1998
"Kupplungssatz";479;14624;4;3;"MERCEDES-BENZ";"SLK (R170)";145;200003;200404;197;2295
"Kupplungssatz";479;14631;2;2;"ROVER";"25 I Schrägheck (RF)";76;199910;200505;103;1396
"Kupplungssatz";479;14632;1;2;"ROVER";"25 I Schrägheck (RF)";80;199910;200505;109;1588
"Kupplungssatz";479;14636;2;2;"ROVER";"45 I Schrägheck (RT)";76;200002;200505;103;1396
"Kupplungssatz";479;14637;1;2;"ROVER";"45 I Schrägheck (RT)";80;200002;200505;109;1588
"Kupplungssatz";479;14652;1;2;"CHRYSLER";"PT CRUISER (PT_)";104;200006;200409;141;1996
"Kupplungssatz";479;14657;51;2;"NISSAN";"ALMERA II Hatchback (N16)";66;200003;200611;90;1498
"Kupplungssatz";479;14658;3;1;"NISSAN";"ALMERA II Hatchback (N16)";84;200001;200211;114;1769
"Kupplungssatz";479;14659;3;1;"NISSAN";"ALMERA II Hatchback (N16)";81;200003;200304;110;2184
"Kupplungssatz";479;14661;6;2;"SMART";"CABRIO (450)";40;200003;200401;55;599
"Kupplungssatz";479;14663;1;0;"HONDA";"CIVIC III Stufenheck (AM, AK, AU)";40;198501;198710;54;1187
"Kupplungssatz";479;14664;1;1;"HONDA";"CIVIC III Stufenheck (AM, AK, AU)";52;198310;198710;71;1342
"Kupplungssatz";479;14676;23;1;"VW";"BORA I (1J2)";77;200005;200505;105;1598
"Kupplungssatz";479;14677;11;1;"VW";"BORA Variant (1J6)";77;200002;200505;105;1598
"Kupplungssatz";479;14679;5;1;"BMW";"5 (E39)";120;200002;200306;163;2497
"Kupplungssatz";479;14681;1;1;"CHRYSLER";"VOYAGER IV (RG, RS)";108;200002;200812;147;2429
"Kupplungssatz";479;14684;3;7;"OPEL";"ASTRA G Coupe (T98)";92;200009;200505;125;1796
"Kupplungssatz";479;14689;17;1;"TOYOTA";"COROLLA Compact (_E11_)";71;199910;200201;97;1398
"Kupplungssatz";479;14690;4;1;"TOYOTA";"COROLLA Compact (_E11_)";81;199910;200110;110;1598
"Kupplungssatz";479;14691;10;1;"TOYOTA";"COROLLA Liftback (_E11_)";71;199910;200201;97;1398
"Kupplungssatz";479;14692;26;1;"TOYOTA";"COROLLA (_E11_)";71;200002;200111;97;1398
"Kupplungssatz";479;14693;3;1;"TOYOTA";"COROLLA Kombi (_E11_)";71;200002;200110;97;1398
"Kupplungssatz";479;14694;3;1;"TOYOTA";"COROLLA Liftback (_E11_)";81;200002;200201;110;1598
"Kupplungssatz";479;14695;3;1;"TOYOTA";"COROLLA (_E11_)";81;199910;200112;110;1598
"Kupplungssatz";479;14696;1;1;"TOYOTA";"COROLLA Kombi (_E11_)";81;200002;200110;110;1598
"Kupplungssatz";479;14700;2;2;"ROVER";"45 I Stufenheck (RT)";76;200002;200505;103;1396
"Kupplungssatz";479;14701;1;2;"ROVER";"45 I Stufenheck (RT)";80;200002;200505;109;1588
"Kupplungssatz";479;14725;1;3;"VW";"GOLF IV Variant (1J5)";85;199905;200106;115;1896
"Kupplungssatz";479;14729;3;3;"FORD";"TRANSIT Bus (FD_ _, FB_ _, FS_ _, FZ_ _, FC_ _)";88;200001;200605;120;2402
"Kupplungssatz";479;14730;4;3;"FORD";"TRANSIT Bus (FD_ _, FB_ _, FS_ _, FZ_ _, FC_ _)";66;200001;200605;90;2402
"Kupplungssatz";479;14731;9;3;"FORD";"TRANSIT Kasten (FA_ _)";66;200001;200605;90;2402
"Kupplungssatz";479;14732;6;3;"FORD";"TRANSIT Kasten (FA_ _)";88;200001;200605;120;2402
"Kupplungssatz";479;14733;20;3;"FORD";"TRANSIT Pritsche/Fahrgestell (FM_ _, FN_ _)";66;200001;200605;90;2402
"Kupplungssatz";479;14734;8;3;"FORD";"TRANSIT Pritsche/Fahrgestell (FM_ _, FN_ _)";88;200001;200605;120;2402
"Kupplungssatz";479;14736;5;1;"HYUNDAI";"H-1 Kasten (A1)";59;200003;200009;80;2476
"Kupplungssatz";479;14737;1;0;"HYUNDAI";"H-1 Kasten (A1)";82;200003;200404;112;2351
"Kupplungssatz";479;14750;1;1;"CITROËN";"JUMPER I Kasten (230L)";50;199907;200204;68;1905
"Kupplungssatz";479;14752;2;1;"OPEL";"CORSA B Kasten/Schrägheck (S93)";44;199908;200009;60;1686
"Kupplungssatz";479;14760;3;1;"RENAULT";"SCÉNIC I Großraumlimousine (JA0/1_, FA0_)";102;200006;200308;139;1998
"Kupplungssatz";479;14761;37;7;"AUDI";"Q3 (8UB, 8UG)";103;201201;201810;140;1968
"Kupplungssatz";479;14766;15;2;"PEUGEOT";"PARTNER Großraumlimousine (5_, G_)";66;200002;200807;90;1997
"Kupplungssatz";479;14772;2;2;"AUDI";"ALLROAD C5 (4BH)";132;200005;200508;180;2496
"Kupplungssatz";479;14773;2;1;"BMW";"3 Touring (E46)";135;200001;200303;184;2926
"Kupplungssatz";479;14774;2;1;"BMW";"3 (E46)";135;200001;200302;184;2926
"Kupplungssatz";479;14776;7;1;"BMW";"3 Coupe (E46)";252;200007;200605;343;3246
"Kupplungssatz";479;14777;6;2;"RENAULT";"SCÉNIC I Großraumlimousine (JA0/1_, FA0_)";75;200011;200308;102;1870
"Kupplungssatz";479;14782;23;0;"MAZDA";"TRIBUTE (EP)";91;200003;200805;124;1988
"Kupplungssatz";479;14783;1;1;"PEUGEOT";"205 Kasten/Schrägheck";44;199403;199705;60;1769
"Kupplungssatz";479;14784;2;2;"ALFA ROMEO";"156 Sportwagon (932_)";88;200005;200605;120;1598
"Kupplungssatz";479;14790;4;1;"MAZDA";"DEMIO (DW)";55;200004;200307;75;1498
"Kupplungssatz";479;14791;23;2;"SUZUKI";"WAGON R+ Schrägheck (MM)";56;200005;200412;76;1298
"Kupplungssatz";479;14797;44;6;"FORD";"GALAXY I (WGR)";85;200004;200605;115;1896
"Kupplungssatz";479;14799;7;2;"FORD";"FOCUS III";63;201108;201712;85;1596
"Kupplungssatz";479;14802;2;3;"BMW";"3 (E46)";170;200006;200502;231;2979
"Kupplungssatz";479;14810;53;5;"VOLVO";"V70 II (285)";103;200003;200708;140;2435
"Kupplungssatz";479;14811;17;5;"VOLVO";"V70 II (285)";125;200003;200708;170;2435
"Kupplungssatz";479;14813;2;2;"FORD";"FIESTA IV (JA_, JB_)";55;200004;200201;75;1753
"Kupplungssatz";479;14814;7;3;"MERCEDES-BENZ";"C-CLASS (W203)";95;200010;200205;129;1998
"Kupplungssatz";479;14815;3;3;"MERCEDES-BENZ";"C-CLASS (W203)";120;200005;200206;163;1998
"Kupplungssatz";479;14816;2;4;"MERCEDES-BENZ";"C-CLASS (W203)";125;200005;200702;170;2597
"Kupplungssatz";479;14818;13;3;"MERCEDES-BENZ";"C-CLASS (W203)";85;200009;200306;116;2148
"Kupplungssatz";479;14819;1;3;"MERCEDES-BENZ";"C-CLASS (W203)";125;200012;200702;170;2685
"Kupplungssatz";479;14820;9;3;"MERCEDES-BENZ";"C-CLASS (W203)";105;200005;200702;143;2148
"Kupplungssatz";479;14821;1;6;"MERCEDES-BENZ";"SPRINTER 2-t Bus (B901, B902)";60;200004;200605;82;2148
"Kupplungssatz";479;14822;1;6;"MERCEDES-BENZ";"SPRINTER 2-t Bus (B901, B902)";80;200004;200605;109;2148
"Kupplungssatz";479;14823;4;6;"MERCEDES-BENZ";"SPRINTER 2-t Bus (B901, B902)";95;200004;200605;129;2148
"Kupplungssatz";479;14824;3;6;"MERCEDES-BENZ";"SPRINTER 2-t Bus (B901, B902)";115;200004;200605;156;2685
"Kupplungssatz";479;14826;2;6;"MERCEDES-BENZ";"SPRINTER 3-t Bus (B903)";80;200004;200605;109;2148
"Kupplungssatz";479;14827;13;6;"MERCEDES-BENZ";"SPRINTER 3-t Bus (B903)";95;200004;200605;129;2148
"Kupplungssatz";479;14828;7;6;"MERCEDES-BENZ";"SPRINTER 3-t Bus (B903)";115;200004;200605;156;2685
"Kupplungssatz";479;14829;1;6;"MERCEDES-BENZ";"SPRINTER 2-t Kasten (B901, B902)";60;200004;200605;82;2148
"Kupplungssatz";479;14830;3;6;"MERCEDES-BENZ";"SPRINTER 2-t Kasten (B901, B902)";80;200004;200605;109;2148
"Kupplungssatz";479;14831;4;6;"MERCEDES-BENZ";"SPRINTER 2-t Kasten (B901, B902)";95;200004;200605;129;2148
"Kupplungssatz";479;14832;1;6;"MERCEDES-BENZ";"SPRINTER 2-t Kasten (B901, B902)";115;200004;200605;156;2685
"Kupplungssatz";479;14833;3;6;"MERCEDES-BENZ";"SPRINTER 2-t Pritsche/Fahrgestell (B901, B902)";60;200004;200605;82;2148
"Kupplungssatz";479;14834;1;6;"MERCEDES-BENZ";"SPRINTER 2-t Pritsche/Fahrgestell (B901, B902)";80;200004;200605;109;2148
"Kupplungssatz";479;14835;2;6;"MERCEDES-BENZ";"SPRINTER 2-t Pritsche/Fahrgestell (B901, B902)";95;200004;200605;129;2148
"Kupplungssatz";479;14836;1;6;"MERCEDES-BENZ";"SPRINTER 2-t Pritsche/Fahrgestell (B901, B902)";115;200004;200605;156;2685
"Kupplungssatz";479;14837;2;6;"MERCEDES-BENZ";"SPRINTER 3-t Kasten (B903)";60;200004;200605;82;2148
"Kupplungssatz";479;14838;3;6;"MERCEDES-BENZ";"SPRINTER 3-t Kasten (B903)";80;200004;200605;109;2148
"Kupplungssatz";479;14839;17;6;"MERCEDES-BENZ";"SPRINTER 3-t Kasten (B903)";95;200004;200605;129;2148
"Kupplungssatz";479;14840;15;6;"MERCEDES-BENZ";"SPRINTER 3-t Kasten (B903)";115;200004;200605;156;2685
"Kupplungssatz";479;14842;2;6;"MERCEDES-BENZ";"SPRINTER 3-t Pritsche/Fahrgestell (B903)";80;200004;200605;109;2148
"Kupplungssatz";479;14843;20;6;"MERCEDES-BENZ";"SPRINTER 3-t Pritsche/Fahrgestell (B903)";95;200004;200605;129;2148
"Kupplungssatz";479;14844;10;6;"MERCEDES-BENZ";"SPRINTER 3-t Pritsche/Fahrgestell (B903)";115;200004;200605;156;2685
"Kupplungssatz";479;14849;1;3;"FORD";"TRANSIT Kasten (FA_ _)";55;200001;200605;75;2402
"Kupplungssatz";479;14852;8;2;"FORD";"MAVERICK";91;200102;;124;1989
"Kupplungssatz";479;14855;101;6;"VW";"SHARAN (7M8, 7M9, 7M6)";85;200004;201003;115;1896
"Kupplungssatz";479;14871;1;2;"PEUGEOT";"BOXER Kasten (230L)";63;199907;200204;86;2446
"Kupplungssatz";479;14877;1;6;"MERCEDES-BENZ";"SPRINTER 3-t Kasten (B903)";95;199502;200605;129;2295
"Kupplungssatz";479;14882;3;2;"VW";"POLO (6N2)";40;199910;200109;54;1390
"Kupplungssatz";479;14884;2;3;"HYUNDAI";"ACCENT II (LC)";61;200001;200511;83;1341
"Kupplungssatz";479;14887;3;1;"KIA";"RIO I Schrägheck (DC)";60;200008;200502;82;1343
"Kupplungssatz";479;14888;10;1;"TOYOTA";"PREVIA II (_R3_)";115;200002;200602;156;2362
"Kupplungssatz";479;14895;8;1;"CHRYSLER";"VOYAGER IV (RG, RS)";105;200002;200812;141;2499
"Kupplungssatz";479;14902;1;1;"NISSAN";"PATROL GR V Wagon (Y61)";116;200005;;158;2953
"Kupplungssatz";479;14903;8;3;"VW";"GOLF IV (1J1)";85;199909;200106;115;1896
"Kupplungssatz";479;14904;1;2;"FIAT";"SCUDO Bus (220_)";80;199912;200612;109;1997
"Kupplungssatz";479;14905;8;2;"FIAT";"SCUDO Kasten (220_)";69;199910;200612;94;1997
"Kupplungssatz";479;14906;30;1;"TOYOTA";"RAV 4 II (_A2_)";92;200008;200511;125;1794
"Kupplungssatz";479;14907;123;1;"TOYOTA";"RAV 4 II (_A2_)";110;200005;200511;150;1998
"Kupplungssatz";479;14910;61;2;"OPEL";"CORSA C (X01)";43;200009;200306;58;973
"Kupplungssatz";479;14911;100;1;"OPEL";"CORSA C (X01)";55;200009;200912;75;1199
"Kupplungssatz";479;14912;5;5;"OPEL";"CORSA C (X01)";92;200009;200912;125;1796
"Kupplungssatz";479;14913;9;4;"OPEL";"CORSA C (X01)";55;200009;200912;75;1686
"Kupplungssatz";479;14914;6;3;"OPEL";"CORSA C (X01)";48;200009;200912;65;1686
"Kupplungssatz";479;14915;48;2;"NISSAN";"ALMERA II (N16)";66;200007;200611;90;1498
"Kupplungssatz";479;14922;14;4;"BMW";"3 (E46)";170;200006;200502;231;2979
"Kupplungssatz";479;14923;5;4;"BMW";"3 Touring (E46)";170;200006;200502;231;2979
"Kupplungssatz";479;14924;1;2;"BMW";"Z3 Roadster (E36)";170;200006;200301;231;2979
"Kupplungssatz";479;14925;2;2;"BMW";"Z3 Coupe (E36)";170;200006;200306;231;2979
"Kupplungssatz";479;14926;6;4;"BMW";"3 Cabriolet (E46)";170;200006;200608;231;2979
"Kupplungssatz";479;14940;36;6;"SEAT";"ALHAMBRA (7V8, 7V9)";85;200006;201003;115;1896
"Kupplungssatz";479;14956;1;1;"VOLVO";"S40 I (644)";75;200007;200312;102;1870
"Kupplungssatz";479;14957;1;1;"VOLVO";"S40 I (644)";85;200007;200312;115;1870
"Kupplungssatz";479;14960;4;1;"VOLVO";"V40 Kombi (645)";75;200007;200406;102;1870
"Kupplungssatz";479;14961;2;1;"VOLVO";"V40 Kombi (645)";85;200007;200406;115;1870
"Kupplungssatz";479;14963;2;2;"VOLVO";"V40 Kombi (645)";121;199907;200406;165;1948
"Kupplungssatz";479;14964;2;4;"MERCEDES-BENZ";"CLK (C208)";120;200006;200206;163;1998
"Kupplungssatz";479;14975;5;6;"MERCEDES-BENZ";"SPRINTER 4-t Bus (B904)";95;200004;200605;129;2148
"Kupplungssatz";479;14976;12;6;"MERCEDES-BENZ";"SPRINTER 4-t Bus (B904)";115;200004;200605;156;2685
"Kupplungssatz";479;14981;1;6;"MERCEDES-BENZ";"SPRINTER 4-t Pritsche/Fahrgestell (B904)";80;200004;200605;109;2148
"Kupplungssatz";479;14983;3;6;"MERCEDES-BENZ";"SPRINTER 4-t Pritsche/Fahrgestell (B904)";95;200004;200605;129;2148
"Kupplungssatz";479;14985;7;6;"MERCEDES-BENZ";"SPRINTER 4-t Pritsche/Fahrgestell (B904)";115;200004;200605;156;2685
"Kupplungssatz";479;14986;2;6;"MERCEDES-BENZ";"SPRINTER 4-t Pritsche/Fahrgestell (B904)";115;200004;200605;156;2685
"Kupplungssatz";479;14988;1;2;"MERCEDES-BENZ";"SPRINTER 4-t Pritsche/Fahrgestell (B904)";75;199602;200605;102;2874
"Kupplungssatz";479;14998;11;6;"MERCEDES-BENZ";"SPRINTER 4-t Kasten (B904)";95;200004;200605;129;2148
"Kupplungssatz";479;15000;2;6;"MERCEDES-BENZ";"SPRINTER 4-t Kasten (B904)";115;200004;200605;156;2685
"Kupplungssatz";479;15009;2;2;"MERCEDES-BENZ";"SPRINTER 4-t Kasten (B904)";90;199602;200605;122;2874
"Kupplungssatz";479;15011;35;6;"AUDI";"A3 (8L1)";96;200008;200305;130;1896
"Kupplungssatz";479;15012;56;1;"AUDI";"A3 (8L1)";75;200008;200305;102;1595
"Kupplungssatz";479;15026;2;3;"RENAULT";"MASTER III Pritsche/Fahrgestell (EV, HV, UV)";74;201002;;101;2298
"Kupplungssatz";479;15031;3;3;"RENAULT";"MASTER III Kasten (FV)";74;201002;;101;2298
"Kupplungssatz";479;15051;2;2;"CITROËN";"BERLINGO / BERLINGO FIRST Kasten/Großraumlimousine (M_)";51;199807;200603;69;1868
"Kupplungssatz";479;15059;1;3;"MINI";"MINI CLUBMAN (R55)";100;201102;201406;136;1995
"Kupplungssatz";479;15061;1;3;"MERCEDES-BENZ";"E-CLASS (W210)";120;200008;200203;163;1998
"Kupplungssatz";479;15070;2;1;"AUDI";"A4 B5 (8D2)";75;200007;200011;102;1595
"Kupplungssatz";479;15071;1;1;"AUDI";"A4 B5 Avant (8D5)";75;200007;200109;102;1595
"Kupplungssatz";479;15082;2;1;"CITROËN";"MEHARI";21;197910;198710;29;602
"Kupplungssatz";479;15091;3;2;"CITROËN";"JUMPY I (U6U_)";100;200004;200612;136;1997
"Kupplungssatz";479;15094;3;3;"CITROËN";"JUMPY I Kasten (BS_, BT_, BY_, BZ_)";69;199910;200610;94;1997
"Kupplungssatz";479;15095;3;2;"CITROËN";"JUMPY I Kasten (BS_, BT_, BY_, BZ_)";51;199804;200610;69;1868
"Kupplungssatz";479;15097;1;2;"CITROËN";"JUMPY I (U6U_)";80;200003;200610;109;1997
"Kupplungssatz";479;15100;2;1;"CITROËN";"JUMPY I Kasten (BS_, BT_, BY_, BZ_)";66;199510;200008;90;1905
"Kupplungssatz";479;15101;3;2;"CITROËN";"SAXO (S0, S1)";37;199805;200306;50;954
"Kupplungssatz";479;15103;2;3;"MERCEDES-BENZ";"124 Stufenheck (W124)";97;198906;199306;132;2298
"Kupplungssatz";479;15104;2;2;"MERCEDES-BENZ";"124 Coupe (C124)";97;198703;199212;132;2298
"Kupplungssatz";479;15105;4;2;"MERCEDES-BENZ";"124 T-Model (S124)";97;198509;199208;132;2298
"Kupplungssatz";479;15106;25;2;"SKODA";"FABIA I (6Y2)";44;200008;200208;60;1397
"Kupplungssatz";479;15107;64;2;"SKODA";"FABIA I (6Y2)";55;199912;200803;75;1390
"Kupplungssatz";479;15109;93;1;"RENAULT";"TWINGO I (C06_)";55;200101;200706;75;1149
"Kupplungssatz";479;15111;2;2;"RENAULT";"SCÉNIC I Großraumlimousine (JA0/1_, FA0_)";72;199909;200308;98;1870
"Kupplungssatz";479;15112;6;2;"VW";"NEW BEETLE (9C1, 1C1)";75;200006;201009;102;1595
"Kupplungssatz";479;15113;30;3;"VW";"TRANSPORTER T5 Bus (7HB, 7HJ, 7EB, 7EJ)";84;201105;201508;114;1968
"Kupplungssatz";479;15116;1;2;"PEUGEOT";"EXPERT (224_)";80;200007;200612;109;1997
"Kupplungssatz";479;15117;2;3;"PEUGEOT";"EXPERT Kasten (222)";69;200007;200612;94;1997
"Kupplungssatz";479;15120;2;2;"VW";"PASSAT B5 Variant (3B5)";85;199908;200011;115;1896
"Kupplungssatz";479;15123;2;2;"CITROËN";"XSARA Coupe (N0)";55;199803;200503;75;1360
"Kupplungssatz";479;15125;1;4;"CITROËN";"XSARA Coupe (N0)";51;199902;200503;70;1868
"Kupplungssatz";479;15127;6;1;"HYUNDAI";"ELANTRA III (XD)";79;200006;200607;107;1599
"Kupplungssatz";479;15129;10;1;"HYUNDAI";"ELANTRA III Stufenheck (XD)";79;200006;200607;107;1599
"Kupplungssatz";479;15135;7;2;"VW";"CADDY III Großraumlimousine (2KB, 2KJ, 2CB, 2CJ)";81;201008;201505;110;1968
"Kupplungssatz";479;15143;3;2;"VW";"CADDY III Kasten/Großraumlimousine (2KA, 2KH, 2CA, 2CH)";81;201008;201505;110;1968
"Kupplungssatz";479;15145;17;2;"HYUNDAI";"GALLOPER II (JK-01)";73;199808;200312;99;2476
"Kupplungssatz";479;15146;4;3;"RENAULT";"MEGANE III Schrägheck (BZ0/1_, B3_)";96;201104;201508;130;1598
"Kupplungssatz";479;15147;3;1;"VW";"LUPO I (6X1, 6E1)";92;200009;200507;125;1598
"Kupplungssatz";479;15148;13;5;"VOLVO";"S60 I (384)";103;200007;201004;140;2435
"Kupplungssatz";479;15149;6;5;"VOLVO";"S60 I (384)";125;200011;201004;170;2435
"Kupplungssatz";479;15150;1;4;"VOLVO";"S60 I (384)";147;200007;201004;200;2435
"Kupplungssatz";479;15230;3;1;"OPEL";"ASTRA F CLASSIC CC (T92)";44;199801;200208;60;1389
"Kupplungssatz";479;15236;4;2;"OPEL";"ASTRA F CLASSIC CC (T92)";55;199801;200208;75;1598
"Kupplungssatz";479;15238;1;1;"OPEL";"ASTRA F CLASSIC Stufenheck (T92)";44;199801;200208;60;1389
"Kupplungssatz";479;15239;1;2;"OPEL";"ASTRA F CLASSIC Stufenheck (T92)";55;199801;200208;75;1598
"Kupplungssatz";479;15242;1;2;"OPEL";"ASTRA F CLASSIC Caravan (T92)";55;199801;200501;75;1598
"Kupplungssatz";479;15243;1;1;"OPEL";"ASTRA F CLASSIC Caravan (T92)";74;199801;200501;101;1598
"Kupplungssatz";479;15261;1;1;"MITSUBISHI";"PAJERO II (V3_W, V2_W, V4_W, V5_W)";130;199706;199910;177;2972
"Kupplungssatz";479;15263;2;3;"MERCEDES-BENZ";"C-CLASS Coupe (CL203)";120;200103;200205;163;1998
"Kupplungssatz";479;15264;3;3;"MERCEDES-BENZ";"C-CLASS Coupe (CL203)";105;200103;200401;143;2148
"Kupplungssatz";479;15266;13;2;"BMW";"5 (E39)";125;200009;200306;170;2171
"Kupplungssatz";479;15267;2;1;"BMW";"5 (E39)";142;199809;200306;193;2926
"Kupplungssatz";479;15268;3;1;"BMW";"5 Touring (E39)";142;200009;200405;193;2926
"Kupplungssatz";479;15269;3;2;"BMW";"5 Touring (E39)";125;200009;200312;170;2171
"Kupplungssatz";479;15270;14;2;"BMW";"5 (E39)";141;200009;200306;192;2494
"Kupplungssatz";479;15271;3;2;"BMW";"5 (E39)";170;200009;200306;231;2979
"Kupplungssatz";479;15272;7;2;"BMW";"5 Touring (E39)";141;200009;200405;192;2494
"Kupplungssatz";479;15273;1;2;"BMW";"5 Touring (E39)";170;200009;200312;231;2979
"Kupplungssatz";479;15283;9;3;"RENAULT";"MEGANE III Grandtour (KZ0/1)";96;201104;;130;1598
"Kupplungssatz";479;15285;7;2;"MINI";"MINI Roadster (R59)";90;201111;201504;122;1598
"Kupplungssatz";479;15286;5;2;"MINI";"MINI Roadster (R59)";135;201111;201504;184;1598
"Kupplungssatz";479;15287;1;3;"MINI";"MINI Roadster (R59)";155;201111;201504;211;1598
"Kupplungssatz";479;15288;1;3;"MINI";"MINI Roadster (R59)";105;201111;201504;143;1995
"Kupplungssatz";479;15292;11;1;"SKODA";"OCTAVIA I (1U2)";55;200009;201012;75;1390
"Kupplungssatz";479;15293;2;3;"SKODA";"OCTAVIA I (1U2)";132;200105;200601;180;1781
"Kupplungssatz";479;15294;13;3;"SKODA";"OCTAVIA I Combi (1U5)";74;200009;200601;100;1896
"Kupplungssatz";479;15295;9;2;"OPEL";"CORSA C (X01)";66;200009;200912;90;1389
"Kupplungssatz";479;15297;1;5;"OPEL";"VECTRA B CC (J96)";92;200009;200307;125;1796
"Kupplungssatz";479;15298;11;5;"OPEL";"VECTRA B (J96)";92;200009;200204;125;1796
"Kupplungssatz";479;15299;3;5;"OPEL";"VECTRA B Caravan (J96)";92;200009;200307;125;1796
"Kupplungssatz";479;15326;1;0;"OPEL";"OMEGA B Caravan (V94)";132;200009;200307;180;2597
"Kupplungssatz";479;15331;52;7;"OPEL";"ZAFIRA A Großraumlimousine (T98)";92;200009;200506;125;1796
"Kupplungssatz";479;15332;5;1;"OPEL";"ZAFIRA A Großraumlimousine (T98)";108;200009;200506;147;2198
"Kupplungssatz";479;15333;40;3;"OPEL";"ZAFIRA A Großraumlimousine (T98)";74;200009;200506;101;1995
"Kupplungssatz";479;15337;4;3;"OPEL";"ASTRA G CC (T98)";55;200009;200501;75;1199
"Kupplungssatz";479;15338;33;3;"OPEL";"ASTRA G CC (T98)";62;200009;200501;84;1598
"Kupplungssatz";479;15339;7;7;"OPEL";"ASTRA G CC (T98)";92;200009;200501;125;1796
"Kupplungssatz";479;15341;1;3;"OPEL";"ASTRA G Stufenheck (T98)";62;200009;200501;84;1598
"Kupplungssatz";479;15344;12;3;"OPEL";"ASTRA G Caravan (T98)";62;200009;200407;84;1598
"Kupplungssatz";479;15345;7;7;"OPEL";"ASTRA G Caravan (T98)";92;200009;200407;125;1796
"Kupplungssatz";479;15356;3;6;"OPEL";"MOVANO A Bus (X70)";66;200009;;90;2188
"Kupplungssatz";479;15358;1;6;"OPEL";"MOVANO A Pritsche/Fahrgestell (X70)";66;200009;;90;2188
"Kupplungssatz";479;15365;3;1;"MITSUBISHI";"CARISMA (DA_)";75;200009;200606;102;1870
"Kupplungssatz";479;15369;9;1;"MITSUBISHI";"SPACE STAR Großraumlimousine (DG_A)";75;200102;200412;102;1870
"Kupplungssatz";479;15380;11;1;"HYUNDAI";"ACCENT II (LC)";75;200009;200511;102;1495
"Kupplungssatz";479;15381;4;1;"HYUNDAI";"H-1 Kasten (A1)";73;200003;200610;99;2476
"Kupplungssatz";479;15411;11;1;"VW";"CADDY II Kasten/Großraumlimousine (9K9A)";47;199511;200401;64;1896
"Kupplungssatz";479;15414;30;1;"VW";"PASSAT B5.5 (3B3)";75;200011;200505;102;1595
"Kupplungssatz";479;15415;76;2;"VW";"PASSAT B5.5 (3B3)";74;200011;200505;101;1896
"Kupplungssatz";479;15416;85;2;"VW";"PASSAT B5.5 Variant (3B6)";74;200011;200505;101;1896
"Kupplungssatz";479;15417;61;7;"VW";"PASSAT B5.5 (3B3)";96;200011;200505;130;1896
"Kupplungssatz";479;15418;109;7;"VW";"PASSAT B5.5 Variant (3B6)";96;200011;200505;130;1896
"Kupplungssatz";479;15419;3;1;"VW";"PASSAT B5.5 (3B3)";125;200011;200505;170;2324
"Kupplungssatz";479;15420;11;2;"VW";"PASSAT B5.5 (3B3)";85;200011;200505;115;1984
"Kupplungssatz";479;15421;16;1;"VW";"PASSAT B5.5 Variant (3B6)";75;200011;200505;102;1595
"Kupplungssatz";479;15422;19;2;"VW";"PASSAT B5.5 Variant (3B6)";85;200011;200505;115;1984
"Kupplungssatz";479;15429;74;2;"LAND ROVER";"FREELANDER I (L314)";82;200011;200610;112;1951
"Kupplungssatz";479;15431;2;1;"RENAULT";"SCÉNIC I Großraumlimousine (JA0/1_, FA0_)";102;200007;200308;139;1998
"Kupplungssatz";479;15432;1;1;"SUBARU";"IMPREZA Stufenheck (GD)";70;200012;200906;95;1597
"Kupplungssatz";479;15433;6;1;"SUBARU";"IMPREZA Station Wagon (GG)";70;200012;200609;95;1597
"Kupplungssatz";479;15434;5;1;"SUBARU";"IMPREZA Station Wagon (GG)";92;200012;200712;125;1994
"Kupplungssatz";479;15435;2;1;"SUBARU";"IMPREZA Stufenheck (GD)";92;200012;200906;125;1994
"Kupplungssatz";479;15436;2;0;"SUBARU";"IMPREZA Stufenheck (GD)";160;200012;200512;218;1994
"Kupplungssatz";479;15437;1;0;"SUBARU";"IMPREZA Station Wagon (GG)";160;200012;200512;218;1994
"Kupplungssatz";479;15442;1;6;"FORD";"MONDEO III Stufenheck (B4Y)";81;200010;200703;110;1798
"Kupplungssatz";479;15443;10;6;"FORD";"MONDEO III Stufenheck (B4Y)";92;200010;200703;125;1798
"Kupplungssatz";479;15444;4;6;"FORD";"MONDEO III Stufenheck (B4Y)";107;200010;200703;146;1999
"Kupplungssatz";479;15447;3;4;"FORD";"MONDEO III Stufenheck (B4Y)";85;200010;200703;115;1998
"Kupplungssatz";479;15448;9;3;"BMW";"3 Coupe (E46)";125;200001;200605;170;2171
"Kupplungssatz";479;15449;6;3;"BMW";"3 Coupe (E46)";141;200009;200605;192;2494
"Kupplungssatz";479;15450;19;3;"BMW";"3 Cabriolet (E46)";125;200009;200712;170;2171
"Kupplungssatz";479;15451;20;3;"BMW";"3 Cabriolet (E46)";141;200009;200608;192;2494
"Kupplungssatz";479;15452;22;3;"BMW";"3 (E46)";125;200009;200502;170;2171
"Kupplungssatz";479;15453;6;3;"BMW";"3 Touring (E46)";125;200009;200502;170;2171
"Kupplungssatz";479;15454;6;3;"BMW";"3 (E46)";141;200009;200502;192;2494
"Kupplungssatz";479;15455;3;3;"BMW";"3 Touring (E46)";141;200009;200502;192;2494
"Kupplungssatz";479;15456;1;4;"BMW";"3 (E46)";141;200009;200502;192;2494
"Kupplungssatz";479;15457;2;4;"BMW";"3 Touring (E46)";141;200009;200502;192;2494
"Kupplungssatz";479;15458;137;3;"VW";"GOLF IV (1J1)";74;200009;200506;101;1896
"Kupplungssatz";479;15459;11;3;"VW";"GOLF IV (1J1)";74;200009;200506;101;1896
"Kupplungssatz";479;15460;13;5;"VW";"GOLF IV (1J1)";110;200005;200506;150;1896
"Kupplungssatz";479;15462;97;3;"VW";"GOLF IV Variant (1J5)";74;200009;200606;101;1896
"Kupplungssatz";479;15463;1;3;"VW";"GOLF IV Variant (1J5)";74;200009;200606;101;1896
"Kupplungssatz";479;15464;11;3;"VW";"BORA I (1J2)";74;200009;200505;101;1896
"Kupplungssatz";479;15465;2;0;"VW";"BORA I (1J2)";74;200009;200505;101;1896
"Kupplungssatz";479;15466;2;5;"VW";"BORA I (1J2)";110;200005;200505;150;1896
"Kupplungssatz";479;15468;10;3;"VW";"BORA Variant (1J6)";74;200009;200505;101;1896
"Kupplungssatz";479;15470;14;1;"NISSAN";"MICRA II (K11)";44;200007;200302;60;998
"Kupplungssatz";479;15471;9;1;"NISSAN";"MICRA II (K11)";60;200009;200302;82;1348
"Kupplungssatz";479;15472;24;2;"CITROËN";"XSARA PICASSO (N68)";70;199912;201012;95;1587
"Kupplungssatz";479;15473;13;2;"RENAULT";"LAGUNA II (BG0/1_)";79;200103;200505;107;1598
"Kupplungssatz";479;15474;6;1;"RENAULT";"LAGUNA II (BG0/1_)";89;200103;200505;121;1783
"Kupplungssatz";479;15476;7;5;"RENAULT";"LAGUNA II (BG0/1_)";88;200103;200709;120;1870
"Kupplungssatz";479;15477;5;2;"RENAULT";"LAGUNA II Grandtour (KG0/1_)";79;200103;200712;107;1598
"Kupplungssatz";479;15478;1;1;"RENAULT";"LAGUNA II Grandtour (KG0/1_)";89;200103;200505;121;1783
"Kupplungssatz";479;15480;7;5;"RENAULT";"LAGUNA II Grandtour (KG0/1_)";88;200103;200709;120;1870
"Kupplungssatz";479;15481;12;1;"MITSUBISHI";"PAJERO PININ I (H6_W, H7_W)";95;200010;200706;129;1999
"Kupplungssatz";479;15482;12;6;"FORD";"MONDEO III (B5Y)";81;200010;200703;110;1798
"Kupplungssatz";479;15483;7;6;"FORD";"MONDEO III Turnier (BWY)";81;200010;200703;110;1798
"Kupplungssatz";479;15484;24;6;"FORD";"MONDEO III (B5Y)";92;200010;200703;125;1798
"Kupplungssatz";479;15485;30;6;"FORD";"MONDEO III Turnier (BWY)";92;200010;200703;125;1798
"Kupplungssatz";479;15486;9;6;"FORD";"MONDEO III (B5Y)";107;200010;200703;146;1999
"Kupplungssatz";479;15487;15;6;"FORD";"MONDEO III Turnier (BWY)";107;200010;200703;146;1999
"Kupplungssatz";479;15488;1;2;"FORD";"MONDEO III (B5Y)";125;200010;200703;170;2495
"Kupplungssatz";479;15491;4;6;"FORD";"MONDEO III Turnier (BWY)";66;200010;200703;90;1998
"Kupplungssatz";479;15492;9;4;"FORD";"MONDEO III (B5Y)";85;200010;200703;115;1998
"Kupplungssatz";479;15493;7;5;"FORD";"MONDEO III Turnier (BWY)";85;200010;200703;115;1998
"Kupplungssatz";479;15494;2;0;"VW";"LUPO I (6X1, 6E1)";77;200102;200507;105;1390
"Kupplungssatz";479;15499;1;1;"MITSUBISHI";"CARISMA (DA_)";90;200010;200606;122;1834
"Kupplungssatz";479;15503;16;2;"SKODA";"FABIA I Combi (6Y5)";50;200004;200305;68;1397
"Kupplungssatz";479;15504;10;1;"SKODA";"FABIA I Combi (6Y5)";47;200004;200712;64;1896
"Kupplungssatz";479;15506;6;2;"AUDI";"A4 B6 (8E2)";110;200011;200207;150;1781
"Kupplungssatz";479;15507;39;2;"AUDI";"A4 B6 (8E2)";96;200011;200412;130;1984
"Kupplungssatz";479;15508;6;2;"AUDI";"A4 B6 (8E2)";110;200011;200207;150;1781
"Kupplungssatz";479;15510;6;2;"AUDI";"A4 B6 (8E2)";162;200011;200412;220;2976
"Kupplungssatz";479;15511;77;5;"AUDI";"A4 B6 (8E2)";96;200011;200412;130;1896
"Kupplungssatz";479;15512;1;2;"AUDI";"A4 B6 (8E2)";132;200011;200412;180;2496
"Kupplungssatz";479;15514;4;1;"TOYOTA";"AVENSIS Liftback (_T22_)";81;200010;200302;110;1598
"Kupplungssatz";479;15515;33;1;"TOYOTA";"AVENSIS (_T22_)";81;200010;200302;110;1598
"Kupplungssatz";479;15516;2;1;"TOYOTA";"AVENSIS Kombi (_T22_)";81;200007;200302;110;1598
"Kupplungssatz";479;15517;1;1;"TOYOTA";"AVENSIS Liftback (_T22_)";95;200010;200302;129;1794
"Kupplungssatz";479;15518;6;1;"TOYOTA";"AVENSIS (_T22_)";95;200010;200302;129;1794
"Kupplungssatz";479;15521;1;0;"TOYOTA";"AVENSIS Kombi (_T22_)";110;200010;200302;150;1998
"Kupplungssatz";479;15522;1;1;"TOYOTA";"AVENSIS Kombi (_T22_)";95;200010;200302;129;1794
"Kupplungssatz";479;15523;41;2;"SUZUKI";"IGNIS I (FH)";61;200010;200309;83;1328
"Kupplungssatz";479;15524;13;2;"SUZUKI";"IGNIS I (FH)";61;200010;200309;83;1328
"Kupplungssatz";479;15525;29;1;"HONDA";"CIVIC VII Hatchback (EU, EP, EV)";66;200011;200509;90;1396
"Kupplungssatz";479;15526;26;1;"HONDA";"CIVIC VII Hatchback (EU, EP, EV)";81;200102;200509;110;1590
"Kupplungssatz";479;15528;7;3;"ALFA ROMEO";"147 (937_)";110;200101;201003;150;1970
"Kupplungssatz";479;15529;21;2;"ALFA ROMEO";"147 (937_)";88;200101;201003;120;1598
"Kupplungssatz";479;15530;1;2;"RENAULT";"MEGANE III Coupe (DZ0/1_)";85;201203;201508;116;1198
"Kupplungssatz";479;15532;14;2;"VW";"PASSAT B5.5 (3B3)";110;200011;200505;150;1781
"Kupplungssatz";479;15533;4;2;"VW";"PASSAT B5.5 (3B3)";142;200011;200505;193;2771
"Kupplungssatz";479;15534;14;3;"VW";"PASSAT B5.5 Variant (3B6)";110;200011;200505;150;1781
"Kupplungssatz";479;15535;3;2;"VW";"PASSAT B5.5 Variant (3B6)";142;200011;200505;193;2771
"Kupplungssatz";479;15536;2;2;"VW";"PASSAT B5.5 Variant (3B6)";110;200011;200505;150;2496
"Kupplungssatz";479;15537;1;1;"DAIHATSU";"SIRION (M1)";43;200009;200501;58;989
"Kupplungssatz";479;15539;6;1;"VW";"GOLF IV (1J1)";75;200008;200506;102;1595
"Kupplungssatz";479;15540;1;1;"VW";"GOLF IV (1J1)";125;200010;200506;170;2324
"Kupplungssatz";479;15541;1;2;"VW";"GOLF IV (1J1)";125;200010;200506;170;2324
"Kupplungssatz";479;15550;77;2;"VW";"LUPO I (6X1, 6E1)";44;200010;200507;60;1390
"Kupplungssatz";479;15551;41;0;"DAIHATSU";"TERIOS (J1_)";63;200010;200510;86;1298
"Kupplungssatz";479;15552;2;2;"PEUGEOT";"206 Schrägheck (2A/C)";100;199906;200712;136;1997
"Kupplungssatz";479;15554;1;3;"PEUGEOT";"306 (7B, N3, N5)";72;200010;200105;98;1587
"Kupplungssatz";479;15555;1;3;"PEUGEOT";"306 Break (7E, N3, N5)";72;200010;200204;98;1587
"Kupplungssatz";479;15557;1;2;"PEUGEOT";"406 (8B)";85;200010;200405;116;1749
"Kupplungssatz";479;15558;1;2;"PEUGEOT";"406 Break (8E/F)";85;200010;200410;116;1749
"Kupplungssatz";479;15559;1;2;"PEUGEOT";"406 (8B)";100;200008;200406;136;1997
"Kupplungssatz";479;15562;28;1;"RENAULT";"CLIO II (BB_, CB_)";72;200002;200807;98;1390
"Kupplungssatz";479;15563;4;1;"FIAT";"BRAVA (182_)";59;200010;200110;80;1242
"Kupplungssatz";479;15564;3;1;"FIAT";"BRAVO I (182_)";59;200010;200110;80;1242
"Kupplungssatz";479;15565;1;1;"TOYOTA";"COROLLA Compact (_E11_)";66;200009;200201;90;1995
"Kupplungssatz";479;15566;1;1;"TOYOTA";"COROLLA Liftback (_E11_)";66;200009;200201;90;1995
"Kupplungssatz";479;15568;4;0;"MITSUBISHI";"COLT V (CJ_, CP_)";60;200006;200309;82;1299
"Kupplungssatz";479;15573;7;4;"RENAULT";"KANGOO / GRAND KANGOO II (KW0/1_)";80;201009;;110;1461
"Kupplungssatz";479;15579;7;2;"ALFA ROMEO";"147 (937_)";77;200101;201003;105;1598
"Kupplungssatz";479;15582;84;2;"SKODA";"FABIA I Combi (6Y5)";55;200005;200712;75;1390
"Kupplungssatz";479;15583;7;2;"SKODA";"FABIA I Combi (6Y5)";74;200004;200712;100;1390
"Kupplungssatz";479;15584;14;1;"SKODA";"FABIA I Combi (6Y5)";74;200004;200712;100;1896
"Kupplungssatz";479;15585;2;1;"SKODA";"FABIA I Combi (6Y5)";85;200004;200712;116;1984
"Kupplungssatz";479;15586;1;1;"SKODA";"FABIA I (6Y2)";85;199912;200803;116;1984
"Kupplungssatz";479;15587;3;0;"TOYOTA";"LAND CRUISER 90 (_J9_)";120;200008;200208;163;2982
"Kupplungssatz";479;15591;9;1;"LAND ROVER";"FREELANDER I (L314)";86;199804;200610;117;1796
"Kupplungssatz";479;15599;14;3;"CITROËN";"XSARA (N1)";80;200009;200503;109;1587
"Kupplungssatz";479;15601;1;2;"CITROËN";"XSARA Break (N2)";80;200009;200508;109;1587
"Kupplungssatz";479;15602;1;2;"CITROËN";"XSARA Break (N2)";100;200009;200508;136;1997
"Kupplungssatz";479;15603;5;5;"RENAULT";"MASTER II Bus (JD)";66;200009;;90;2188
"Kupplungssatz";479;15604;14;5;"RENAULT";"MASTER II Kasten (FD)";66;200009;;90;2188
"Kupplungssatz";479;15606;3;1;"LANCIA";"Y (840_)";59;200010;200309;80;1242
"Kupplungssatz";479;15607;1;1;"JAGUAR";"X-TYPE I (X400)";144;200106;200911;196;2495
"Kupplungssatz";479;15609;5;2;"AUDI";"A6 C5 (4B2)";85;200007;200501;115;1896
"Kupplungssatz";479;15614;1;1;"DAIHATSU";"YRV (M2)";64;200102;;87;1298
"Kupplungssatz";479;15616;1;2;"ALFA ROMEO";"156 Sportwagon (932_)";103;199702;200605;140;1747
"Kupplungssatz";479;15618;2;3;"ALFA ROMEO";"156 Sportwagon (932_)";110;200010;200203;150;1970
"Kupplungssatz";479;15619;1;3;"ALFA ROMEO";"156 (932_)";110;200010;200203;150;1970
"Kupplungssatz";479;15621;1;1;"ALFA ROMEO";"166 (936_)";162;200010;200706;220;2959
"Kupplungssatz";479;15625;5;1;"FIAT";"DOBLO Großraumlimousine (119_, 223_)";48;200103;;65;1242
"Kupplungssatz";479;15626;5;1;"FIAT";"DOBLO Großraumlimousine (119_, 223_)";46;200103;;63;1910
"Kupplungssatz";479;15627;5;1;"FIAT";"DOBLO Kasten/Großraumlimousine (223_)";48;200103;200401;65;1242
"Kupplungssatz";479;15628;11;1;"FIAT";"DOBLO Kasten/Großraumlimousine (223_)";46;200103;;63;1910
"Kupplungssatz";479;15629;1;1;"VW";"NEW BEETLE (9C1, 1C1)";125;200010;201009;170;2324
"Kupplungssatz";479;15631;3;3;"VW";"BORA I (1J2)";110;200005;200505;150;1781
"Kupplungssatz";479;15632;3;3;"VW";"BORA Variant (1J6)";110;200005;200505;150;1781
"Kupplungssatz";479;15635;2;1;"BMW";"3 Cabriolet (E46)";252;200103;200608;343;3246
"Kupplungssatz";479;15638;2;2;"CITROËN";"XSARA Coupe (N0)";80;200009;200503;109;1587
"Kupplungssatz";479;15640;49;1;"SEAT";"LEON (1M1)";77;200009;200606;105;1598
"Kupplungssatz";479;15641;1;2;"FORD";"TRANSIT Bus (FD_ _, FB_ _, FS_ _, FZ_ _, FC_ _)";55;200008;200605;75;1998
"Kupplungssatz";479;15642;8;2;"FORD";"TRANSIT Bus (FD_ _, FB_ _, FS_ _, FZ_ _, FC_ _)";74;200008;200605;100;1998
"Kupplungssatz";479;15643;4;2;"FORD";"TRANSIT Kasten (FA_ _)";55;200008;200605;75;1998
"Kupplungssatz";479;15644;15;2;"FORD";"TRANSIT Kasten (FA_ _)";74;200008;200605;100;1998
"Kupplungssatz";479;15645;1;2;"FORD";"TRANSIT Pritsche/Fahrgestell (FM_ _, FN_ _)";55;200008;200605;75;1998
"Kupplungssatz";479;15646;4;2;"FORD";"TRANSIT Pritsche/Fahrgestell (FM_ _, FN_ _)";74;200008;200605;100;1998
"Kupplungssatz";479;15656;3;3;"AUDI";"TT Roadster (8N9)";110;200101;200606;150;1781
"Kupplungssatz";479;15657;6;2;"CITROËN";"C5 I (DC_)";85;200103;200408;115;1749
"Kupplungssatz";479;15664;1;2;"AUDI";"A6 C5 Avant (4B5)";132;199712;200005;180;2771
"Kupplungssatz";479;15668;4;2;"SMART";"CABRIO (450)";30;200103;200401;41;799
"Kupplungssatz";479;15669;6;2;"SMART";"CITY-COUPE (450)";45;200101;200401;61;599
"Kupplungssatz";479;15670;2;2;"SMART";"CABRIO (450)";45;200101;200401;61;599
"Kupplungssatz";479;15672;6;1;"KIA";"RIO I Stufenheck (DC_)";72;200009;200502;98;1493
"Kupplungssatz";479;15682;1;3;"LANCIA";"LYBRA (839_)";81;200009;200105;110;1910
"Kupplungssatz";479;15683;2;3;"LANCIA";"LYBRA SW (839_)";81;200009;200105;110;1910
"Kupplungssatz";479;15686;1;0;"ALFA ROMEO";"156 (932_)";141;200010;200509;192;2492
"Kupplungssatz";479;15688;2;3;"ALFA ROMEO";"156 (932_)";81;200010;200105;110;1910
"Kupplungssatz";479;15694;4;1;"ALFA ROMEO";"166 (936_)";138;200010;200706;188;2492
"Kupplungssatz";479;15696;4;4;"PEUGEOT";"BOXER Bus (230P)";94;200011;200204;128;2798
"Kupplungssatz";479;15698;2;4;"PEUGEOT";"BOXER Kasten (230L)";94;200011;200204;128;2798
"Kupplungssatz";479;15699;1;1;"FIAT";"MAREA (185_)";60;199810;200205;82;1242
"Kupplungssatz";479;15704;174;4;"PEUGEOT";"206 CC (2D)";80;200009;200712;109;1587
"Kupplungssatz";479;15705;26;5;"PEUGEOT";"206 Schrägheck (2A/C)";80;200007;200904;109;1587
"Kupplungssatz";479;15708;2;2;"OPEL";"MOVANO A Kasten (X70)";59;200009;200110;80;1870
"Kupplungssatz";479;15711;10;5;"RENAULT";"TRAFIC II Bus (JL)";60;200103;200610;82;1870
"Kupplungssatz";479;15712;35;5;"RENAULT";"TRAFIC II Bus (JL)";74;200103;200610;101;1870
"Kupplungssatz";479;15714;2;1;"RENAULT";"TRAFIC II Kasten (FL)";88;200103;;120;1998
"Kupplungssatz";479;15715;14;5;"RENAULT";"TRAFIC II Kasten (FL)";60;200103;200610;82;1870
"Kupplungssatz";479;15716;55;5;"RENAULT";"TRAFIC II Kasten (FL)";74;200103;200610;101;1870
"Kupplungssatz";479;15717;2;1;"TOYOTA";"COROLLA Compact (_E11_)";51;200002;200201;69;1867
"Kupplungssatz";479;15721;4;4;"MERCEDES-BENZ";"C-CLASS T-Model (S203)";85;200103;200708;116;2148
"Kupplungssatz";479;15722;5;3;"MERCEDES-BENZ";"C-CLASS T-Model (S203)";105;200103;200708;143;2148
"Kupplungssatz";479;15723;2;3;"MERCEDES-BENZ";"C-CLASS T-Model (S203)";125;200103;200708;170;2685
"Kupplungssatz";479;15725;16;5;"SEAT";"LEON (1M1)";110;200009;200606;150;1896
"Kupplungssatz";479;15734;6;7;"OPEL";"VIVARO A Bus (X83)";60;200108;200607;80;1870
"Kupplungssatz";479;15735;24;7;"OPEL";"VIVARO A Bus (X83)";74;200108;201407;101;1870
"Kupplungssatz";479;15736;8;7;"OPEL";"VIVARO A Kasten (X83)";60;200108;200607;80;1870
"Kupplungssatz";479;15737;37;7;"OPEL";"VIVARO A Kasten (X83)";74;200108;201407;101;1870
"Kupplungssatz";479;15752;2;0;"TOYOTA";"LAND CRUISER (_J7_)";96;199001;;131;4164
"Kupplungssatz";479;15754;22;1;"AUDI";"A4 B6 (8E2)";75;200011;200412;102;1595
"Kupplungssatz";479;15755;15;2;"CITROËN";"BERLINGO / BERLINGO FIRST Kasten/Großraumlimousine (M_)";66;199912;201112;90;1997
"Kupplungssatz";479;15756;11;3;"OPEL";"ASTRA G Cabriolet (T98)";74;200103;200510;101;1598
"Kupplungssatz";479;15757;2;7;"OPEL";"ASTRA G Cabriolet (T98)";92;200103;200510;125;1796
"Kupplungssatz";479;15758;4;1;"OPEL";"ASTRA G Cabriolet (T98)";108;200103;200510;147;2198
"Kupplungssatz";479;15759;2;2;"VW";"GOLF IV (1J1)";85;200010;200506;115;1984
"Kupplungssatz";479;15760;5;2;"VW";"GOLF IV Variant (1J5)";85;200010;200606;115;1984
"Kupplungssatz";479;15761;5;2;"RENAULT";"MEGANE I (BA0/1_)";75;200102;200308;102;1870
"Kupplungssatz";479;15762;16;2;"RENAULT";"SCÉNIC I Großraumlimousine (JA0/1_, FA0_)";75;199909;200308;102;1870
"Kupplungssatz";479;15763;1;2;"RENAULT";"MEGANE I Classic (LA0/1_)";75;200102;200308;102;1870
"Kupplungssatz";479;15764;2;2;"RENAULT";"MEGANE I Grandtour (KA0/1_)";75;200102;200308;102;1870
"Kupplungssatz";479;15766;3;2;"RENAULT";"MEGANE I (BA0/1_)";59;200102;200308;80;1870
"Kupplungssatz";479;15767;5;2;"RENAULT";"MEGANE I Classic (LA0/1_)";59;200102;200308;80;1870
"Kupplungssatz";479;15768;1;2;"RENAULT";"MEGANE I Grandtour (KA0/1_)";59;200102;200308;80;1870
"Kupplungssatz";479;15769;2;2;"RENAULT";"SCÉNIC I Großraumlimousine (JA0/1_, FA0_)";59;200102;200308;80;1870
"Kupplungssatz";479;15770;1;0;"RENAULT";"LAGUNA II (BG0/1_)";103;200104;200709;140;1998
"Kupplungssatz";479;15772;1;4;"RENAULT";"LAGUNA II (BG0/1_)";110;200110;200608;150;2188
"Kupplungssatz";479;15775;1;4;"RENAULT";"LAGUNA II Grandtour (KG0/1_)";110;200110;200608;150;2188
"Kupplungssatz";479;15782;9;7;"VW";"PASSAT B5.5 (3B3)";96;200011;200505;130;1896
"Kupplungssatz";479;15783;1;2;"VW";"PASSAT B5.5 (3B3)";85;200011;200505;115;1984
"Kupplungssatz";479;15786;16;7;"VW";"PASSAT B5.5 Variant (3B6)";96;200011;200505;130;1896
"Kupplungssatz";479;15789;1;1;"MAZDA";"323 F VI (BJ)";53;200101;200405;72;1324
"Kupplungssatz";479;15790;14;1;"MAZDA";"323 F VI (BJ)";72;200101;200405;98;1598
"Kupplungssatz";479;15791;1;1;"MAZDA";"323 F VI (BJ)";70;200101;200405;95;1598
"Kupplungssatz";479;15794;1;1;"MAZDA";"323 S VI (BJ)";53;200101;200405;72;1324
"Kupplungssatz";479;15797;5;1;"MAZDA";"MX-5 II (NB)";107;200011;200510;146;1840
"Kupplungssatz";479;15801;1;1;"MAZDA";"MPV II (LW)";88;200008;200207;120;1991
"Kupplungssatz";479;15802;5;1;"SEAT";"TOLEDO II (1M2)";77;200006;200605;105;1598
"Kupplungssatz";479;15810;8;4;"FORD";"FOCUS I (DAW, DBW)";85;200103;200411;115;1753
"Kupplungssatz";479;15812;7;4;"FORD";"FOCUS I Turnier (DNW)";85;200103;200411;115;1753
"Kupplungssatz";479;15813;2;2;"VW";"CADDY II Kasten/Großraumlimousine (9K9A)";55;200008;200401;75;1390
"Kupplungssatz";479;15818;4;2;"SAAB";"9-3 (YS3D)";110;199903;200209;150;1985
"Kupplungssatz";479;15819;1;2;"SAAB";"9-3 Cabriolet (YS3D)";110;200101;200308;150;1985
"Kupplungssatz";479;15820;2;2;"SAAB";"9-5 (YS3E)";136;200101;200912;185;2290
"Kupplungssatz";479;15821;1;2;"SAAB";"9-5 Kombi (YS3E)";136;200101;200912;185;2290
"Kupplungssatz";479;15823;1;0;"FIAT";"CINQUECENTO (170_)";30;199107;199409;41;903
"Kupplungssatz";479;15827;3;2;"FIAT";"MAREA Weekend (185_)";81;200009;200208;110;1910
"Kupplungssatz";479;15828;1;2;"FIAT";"MULTIPLA (186_)";81;200103;200207;110;1910
"Kupplungssatz";479;15832;2;3;"MERCEDES-BENZ";"C-CLASS T-Model (S203)";95;200103;200205;129;1998
"Kupplungssatz";479;15834;1;2;"MERCEDES-BENZ";"A-CLASS (W168)";55;200102;200408;75;1689
"Kupplungssatz";479;15835;5;3;"MERCEDES-BENZ";"A-CLASS (W168)";70;200102;200408;95;1689
"Kupplungssatz";479;15847;5;0;"OPEL";"CAMPO (TF0, TF1)";56;199407;200106;76;2499
"Kupplungssatz";479;15848;2;0;"OPEL";"CAMPO (TF0, TF1)";56;199407;200106;76;2499
"Kupplungssatz";479;15852;1;3;"PEUGEOT";"406 (8B)";98;200003;200405;133;2179
"Kupplungssatz";479;15863;2;0;"TOYOTA";"LITEACE Bus (_R2_)";72;199201;199501;98;2237
"Kupplungssatz";479;15875;2;1;"OPEL";"VIVARO A Bus (X83)";88;200108;200607;120;1998
"Kupplungssatz";479;15889;125;3;"MINI";"MINI (R50, R53)";66;200106;200609;90;1598
"Kupplungssatz";479;15890;145;3;"MINI";"MINI (R50, R53)";85;200106;200609;116;1598
"Kupplungssatz";479;15891;22;1;"FIAT";"PUNTO Kasten/Schrägheck (188_)";44;200002;200910;60;1242
"Kupplungssatz";479;15893;140;2;"SEAT";"Mii (KF1, KE1)";44;201110;201907;60;999
"Kupplungssatz";479;15894;4;1;"BMW";"3 (E46)";77;200004;200502;105;1596
"Kupplungssatz";479;15895;1;1;"BMW";"3 Coupe (E46)";77;200004;200607;105;1596
"Kupplungssatz";479;15898;6;6;"AUDI";"A3 (8L1)";96;200008;200305;130;1896
"Kupplungssatz";479;15899;15;3;"AUDI";"A3 (8L1)";74;200010;200305;100;1896
"Kupplungssatz";479;15901;74;4;"PEUGEOT";"307 (3A/C)";80;200008;200711;109;1587
"Kupplungssatz";479;15902;2;2;"PEUGEOT";"307 (3A/C)";100;200008;200506;136;1997
"Kupplungssatz";479;15903;23;1;"PEUGEOT";"307 (3A/C)";66;200008;200703;90;1997
"Kupplungssatz";479;15904;21;5;"PEUGEOT";"307 (3A/C)";79;200008;200703;107;1997
"Kupplungssatz";479;15908;1;0;"ROVER";"75 I Tourer (RJ)";130;200108;200505;177;2497
"Kupplungssatz";479;15909;2;1;"ROVER";"75 I Tourer (RJ)";85;200108;200505;115;1951
"Kupplungssatz";479;15910;37;1;"SKODA";"OCTAVIA I (1U2)";75;200011;201012;102;1595
"Kupplungssatz";479;15911;2;2;"CITROËN";"C5 I (DC_)";100;200103;200408;136;1997
"Kupplungssatz";479;15912;3;3;"CITROËN";"C5 I (DC_)";103;200103;200408;140;1997
"Kupplungssatz";479;15914;11;2;"CITROËN";"C5 I (DC_)";80;200103;200408;109;1997
"Kupplungssatz";479;15915;3;3;"CITROËN";"C5 I (DC_)";98;200103;200408;133;2179
"Kupplungssatz";479;15916;4;3;"VW";"NEW BEETLE (9C1, 1C1)";74;200102;201009;101;1896
"Kupplungssatz";479;15917;1;1;"SKODA";"OCTAVIA I Combi (1U5)";55;200008;201012;75;1390
"Kupplungssatz";479;15918;33;1;"SKODA";"OCTAVIA I Combi (1U5)";75;200009;201012;102;1595
"Kupplungssatz";479;15924;13;2;"BMW";"3 Compact (E46)";85;200106;200502;115;1796
"Kupplungssatz";479;15926;4;2;"CITROËN";"C5 I Break (DE_)";100;200106;200408;136;1997
"Kupplungssatz";479;15932;13;5;"OPEL";"ZAFIRA A Großraumlimousine (T98)";71;200109;200506;97;1598
"Kupplungssatz";479;15934;1;0;"HONDA";"CIVIC VII Hatchback (EU, EP, EV)";55;200102;200509;75;1396
"Kupplungssatz";479;15937;1;1;"SKODA";"FABIA I Stufenheck (6Y3)";74;200001;200712;100;1896
"Kupplungssatz";479;15938;6;2;"SKODA";"FABIA I Stufenheck (6Y3)";55;199910;200712;75;1390
"Kupplungssatz";479;15944;28;2;"SEAT";"Mii (KF1, KE1)";55;201110;201907;75;999
"Kupplungssatz";479;15952;17;3;"HYUNDAI";"ACCENT II (LC)";63;200001;200511;86;1341
"Kupplungssatz";479;15955;1;0;"HONDA";"STREAM (RN)";92;200105;200609;125;1668
"Kupplungssatz";479;15959;2;2;"FIAT";"DUCATO Pritsche/Fahrgestell (250_)";83;201110;;113;2287
"Kupplungssatz";479;15964;4;6;"SEAT";"ALHAMBRA (7V8, 7V9)";85;200006;201003;115;1896
"Kupplungssatz";479;15965;142;3;"MERCEDES-BENZ";"SPRINTER 3,5-t Kasten (B906)";95;200905;;129;2143
"Kupplungssatz";479;15966;2;3;"MERCEDES-BENZ";"SPRINTER 3,5-t Kasten (B906)";95;200905;;129;2143
"Kupplungssatz";479;15968;30;0;"SUZUKI";"GRAND VITARA I (FT, HT)";80;200107;200509;109;1997
"Kupplungssatz";479;15969;21;1;"NISSAN";"X-TRAIL I (T30)";103;200107;201301;140;1998
"Kupplungssatz";479;15970;11;3;"NISSAN";"X-TRAIL I (T30)";84;200107;200510;114;2184
"Kupplungssatz";479;15973;1;1;"HYUNDAI";"TRAJET (FO)";83;200104;200807;113;1991
"Kupplungssatz";479;15974;26;1;"HYUNDAI";"SANTA FÉ I (SM)";83;200104;200603;113;1991
"Kupplungssatz";479;15977;5;0;"TOYOTA";"GT 86 Coupe (ZN6_)";147;201203;;200;1998
"Kupplungssatz";479;15979;1;1;"PORSCHE";"BOXSTER (981)";232;201204;;315;3436
"Kupplungssatz";479;15984;4;1;"TOYOTA";"YARIS (_P1_)";78;200104;200509;106;1497
"Kupplungssatz";479;15989;221;2;"SKODA";"CITIGO (NF1)";44;201110;201908;60;999
"Kupplungssatz";479;15992;7;0;"TOYOTA";"STARLET (_P8_)";55;198912;199212;75;1296
"Kupplungssatz";479;15995;62;2;"SKODA";"CITIGO (NF1)";55;201110;201908;75;999
"Kupplungssatz";479;15997;5;1;"AUDI";"A4 Allroad B8 (8KH)";130;201111;201605;177;1968
"Kupplungssatz";479;16001;75;1;"HYUNDAI";"MATRIX (FC)";76;200106;201008;103;1599
"Kupplungssatz";479;16004;1;1;"AUDI";"A6 C5 (4B2)";162;200108;200501;220;2976
"Kupplungssatz";479;16006;2;1;"AUDI";"A6 C5 (4B2)";125;200108;200501;170;2393
"Kupplungssatz";479;16010;18;4;"AUDI";"A6 C5 (4B2)";96;200108;200501;130;1896
"Kupplungssatz";479;16011;4;2;"AUDI";"A6 C5 Avant (4B5)";96;200108;200501;130;1984
"Kupplungssatz";479;16019;1;3;"RENAULT";"CLIO II Kasten/Schrägheck (SB0/1/2_)";47;199809;;64;1870
"Kupplungssatz";479;16020;4;1;"RENAULT";"CLIO II Kasten/Schrägheck (SB0/1/2_)";43;199809;;58;1149
"Kupplungssatz";479;16025;1;1;"TOYOTA";"PREVIA II (_R3_)";85;200103;200601;116;1995
"Kupplungssatz";479;16026;3;1;"TOYOTA";"AVENSIS VERSO (_M2_)";110;200108;200911;150;1998
"Kupplungssatz";479;16027;7;1;"TOYOTA";"AVENSIS VERSO (_M2_)";85;200108;200508;116;1995
"Kupplungssatz";479;16029;1;2;"KIA";"MAGENTIS I (GD, MS)";124;200105;200509;169;2493
"Kupplungssatz";479;16030;1;1;"KIA";"SHUMA II (FB)";75;200105;200408;101;1594
"Kupplungssatz";479;16034;1;2;"PORSCHE";"911 (993)";210;199508;199709;286;3600
"Kupplungssatz";479;16040;13;3;"AUDI";"A4 B8 (8K2)";125;201111;201512;170;1798
"Kupplungssatz";479;16043;3;1;"AUDI";"A4 B6 Avant (8E5)";75;200109;200412;102;1595
"Kupplungssatz";479;16044;13;2;"AUDI";"A4 B6 Avant (8E5)";96;200109;200412;130;1984
"Kupplungssatz";479;16045;6;1;"AUDI";"A4 B8 (8K2)";130;201111;201512;177;1968
"Kupplungssatz";479;16046;4;2;"AUDI";"A4 B6 Avant (8E5)";110;200109;200207;150;1781
"Kupplungssatz";479;16047;1;1;"AUDI";"A4 B6 Avant (8E5)";162;200109;200412;220;2976
"Kupplungssatz";479;16048;3;1;"AUDI";"A4 B8 (8K2)";130;201111;201512;177;1968
"Kupplungssatz";479;16049;70;5;"AUDI";"A4 B6 Avant (8E5)";96;200109;200412;130;1896
"Kupplungssatz";479;16053;8;1;"FIAT";"STILO (192_)";59;200202;200611;80;1242
"Kupplungssatz";479;16054;9;1;"FIAT";"STILO (192_)";76;200110;200611;103;1596
"Kupplungssatz";479;16055;1;1;"FIAT";"STILO (192_)";98;200110;200704;133;1747
"Kupplungssatz";479;16056;6;2;"FIAT";"STILO (192_)";59;200202;200611;80;1910
"Kupplungssatz";479;16057;9;2;"FIAT";"STILO (192_)";85;200110;200611;115;1910
"Kupplungssatz";479;16058;1;1;"SKODA";"FABIA I Stufenheck (6Y3)";47;199911;200712;64;1896
"Kupplungssatz";479;16059;3;2;"SKODA";"FABIA I Stufenheck (6Y3)";50;200107;200305;68;1397
"Kupplungssatz";479;16060;2;2;"SKODA";"FABIA I Stufenheck (6Y3)";74;199912;200712;100;1390
"Kupplungssatz";479;16062;13;6;"VW";"SHARAN (7M8, 7M9, 7M6)";85;200003;201003;115;1896
"Kupplungssatz";479;16063;40;5;"VW";"GOLF IV (1J1)";96;200011;200506;130;1896
"Kupplungssatz";479;16064;7;5;"VW";"GOLF IV (1J1)";96;200011;200506;130;1896
"Kupplungssatz";479;16065;10;5;"VW";"GOLF IV Variant (1J5)";96;200011;200606;130;1896
"Kupplungssatz";479;16066;1;5;"VW";"GOLF IV Variant (1J5)";96;200011;200606;130;1896
"Kupplungssatz";479;16067;1;5;"VW";"BORA I (1J2)";96;200011;200505;130;1896
"Kupplungssatz";479;16069;5;5;"VW";"BORA Variant (1J6)";96;200011;200505;130;1896
"Kupplungssatz";479;16074;2;0;"SUZUKI";"LIANA Schrägheck";66;200107;200712;90;1328
"Kupplungssatz";479;16075;3;0;"SUZUKI";"LIANA Schrägheck";76;200107;200712;103;1586
"Kupplungssatz";479;16080;5;2;"VOLVO";"S80 I (184)";120;200108;200607;163;2401
"Kupplungssatz";479;16082;32;4;"VOLVO";"V70 II (285)";120;200101;200812;163;2401
"Kupplungssatz";479;16083;2;5;"VOLVO";"V70 II (285)";103;200109;200708;140;2435
"Kupplungssatz";479;16085;336;4;"FORD";"FIESTA V (JH_, JD_)";59;200111;200806;80;1388
"Kupplungssatz";479;16086;3;3;"SKODA";"OCTAVIA I (1U2)";110;200105;200605;150;1781
"Kupplungssatz";479;16087;2;3;"SKODA";"OCTAVIA I Combi (1U5)";110;200105;200605;150;1781
"Kupplungssatz";479;16094;35;1;"SUZUKI";"JIMNY Geländewagen geschlossen (SN)";60;200102;;82;1328
"Kupplungssatz";479;16095;78;1;"SUZUKI";"JIMNY Geländewagen geschlossen (SN)";60;200102;;82;1328
"Kupplungssatz";479;16097;7;2;"FORD";"TRANSIT Bus (FD_ _, FB_ _, FS_ _, FZ_ _, FC_ _)";63;200008;200605;86;1998
"Kupplungssatz";479;16098;10;2;"FORD";"TRANSIT Kasten (FA_ _)";63;200008;200605;86;1998
"Kupplungssatz";479;16099;5;1;"FORD";"TRANSIT Kasten (FA_ _)";107;200104;200605;146;2295
"Kupplungssatz";479;16100;2;2;"FORD";"TRANSIT Pritsche/Fahrgestell (FM_ _, FN_ _)";63;200008;200605;86;1998
"Kupplungssatz";479;16102;123;5;"FORD";"FIESTA V (JH_, JD_)";50;200111;200806;68;1399
"Kupplungssatz";479;16104;187;1;"RENAULT";"CLIO II (BB_, CB_)";55;200106;201608;75;1149
"Kupplungssatz";479;16105;56;3;"VW";"POLO (9N_, 9A_)";74;200110;200911;101;1896
"Kupplungssatz";479;16107;3;1;"NISSAN";"PRIMERA (P11)";78;199606;200112;106;1597
"Kupplungssatz";479;16108;55;1;"RENAULT";"CLIO II (BB_, CB_)";48;200106;200907;65;1461
"Kupplungssatz";479;16109;22;1;"RENAULT";"CLIO II (BB_, CB_)";60;200106;200504;82;1461
"Kupplungssatz";479;16110;5;3;"VOLVO";"S60 I (384)";120;200101;201004;163;2401
"Kupplungssatz";479;16117;1;1;"OPEL";"ASTRA F CC (T92)";55;199109;199309;75;1389
"Kupplungssatz";479;16119;1;1;"OPEL";"ASTRA F Caravan (T92)";55;199109;199309;75;1389
"Kupplungssatz";479;16120;1;1;"OPEL";"ASTRA F CC (T92)";60;199209;199801;82;1389
"Kupplungssatz";479;16122;1;1;"OPEL";"ASTRA F Caravan (T92)";60;199209;199801;82;1389
"Kupplungssatz";479;16124;8;4;"RENAULT";"MEGANE III Schrägheck (BZ0/1_, B3_)";82;200811;;111;1598
"Kupplungssatz";479;16130;3;1;"VW";"LT 28-35 II Bus (2DB, 2DE, 2DK)";61;200105;200607;83;2461
"Kupplungssatz";479;16134;2;2;"MERCEDES-BENZ";"A-CLASS (W168)";60;200101;200408;82;1598
"Kupplungssatz";479;16136;5;1;"VW";"LT 28-46 II Kasten (2DA, 2DD, 2DH)";70;200105;200607;95;2461
"Kupplungssatz";479;16143;1;3;"MERCEDES-BENZ";"VANEO (414)";55;200202;200507;75;1689
"Kupplungssatz";479;16155;55;1;"CITROËN";"BERLINGO / BERLINGO FIRST Großraumlimousine (MF_, GJK_, GFK_";80;200010;201112;109;1587
"Kupplungssatz";479;16156;5;1;"PEUGEOT";"106 II (1A_, 1C_)";42;199804;200407;57;1527
"Kupplungssatz";479;16157;4;2;"FIAT";"SCUDO Bus (220_)";100;200006;200612;136;1997
"Kupplungssatz";479;16158;11;3;"FIAT";"DUCATO Bus (230_)";94;200011;200204;128;2798
"Kupplungssatz";479;16160;3;3;"FIAT";"DUCATO Kasten (230_)";94;200011;200204;128;2798
"Kupplungssatz";479;16161;2;3;"FIAT";"DUCATO Kasten (230_)";94;200011;200204;128;2798
"Kupplungssatz";479;16162;36;3;"FIAT";"DUCATO Pritsche/Fahrgestell (230_)";94;200011;200204;128;2798
"Kupplungssatz";479;16167;1;0;"MITSUBISHI";"SPACE WAGON (N9_W, N8_W)";108;200009;200412;147;2351
"Kupplungssatz";479;16169;25;2;"HYUNDAI";"ATOS (MX)";43;200103;200307;58;999
"Kupplungssatz";479;16171;14;2;"HYUNDAI";"SANTA FÉ I (SM)";107;200102;200603;146;2351
"Kupplungssatz";479;16172;1;2;"HYUNDAI";"SANTA FÉ I (SM)";107;200102;200603;146;2351
"Kupplungssatz";479;16173;1;1;"KIA";"RIO I Schrägheck (DC)";72;200008;200502;98;1493
"Kupplungssatz";479;16175;2;2;"VOLVO";"C70 I Coupe (872)";120;200003;200209;163;1984
"Kupplungssatz";479;16177;14;0;"MITSUBISHI";"SPACE STAR Großraumlimousine (DG_A)";60;200009;200412;82;1299
"Kupplungssatz";479;16181;5;1;"OPEL";"CORSA B (S93)";33;199303;200009;45;1195
"Kupplungssatz";479;16182;7;1;"PEUGEOT";"307 (3A/C)";55;200008;200309;75;1360
"Kupplungssatz";479;16184;14;4;"AUDI";"A6 C5 Avant (4B5)";96;200108;200501;130;1896
"Kupplungssatz";479;16185;3;2;"MERCEDES-BENZ";"VANEO (414)";75;200202;200507;102;1598
"Kupplungssatz";479;16189;1;2;"BMW";"3 Compact (E46)";105;200103;200412;143;1995
"Kupplungssatz";479;16190;8;3;"BMW";"3 Compact (E46)";110;200109;200502;150;1995
"Kupplungssatz";479;16191;14;4;"OPEL";"COMBO Kasten/Großraumlimousine";48;200110;;65;1686
"Kupplungssatz";479;16195;3;4;"OPEL";"CORSA C Kasten/Schrägheck (X01)";55;200009;200307;75;1686
"Kupplungssatz";479;16198;14;2;"BMW";"3 (E46)";105;200109;200502;143;1995
"Kupplungssatz";479;16199;7;2;"BMW";"3 Coupe (E46)";105;200109;200402;143;1995
"Kupplungssatz";479;16201;43;3;"BMW";"3 (E46)";110;200109;200505;150;1995
"Kupplungssatz";479;16202;29;3;"BMW";"3 Touring (E46)";110;200109;200502;150;1995
"Kupplungssatz";479;16205;30;2;"RENAULT";"KANGOO (KC0/1_)";70;200106;;95;1598
"Kupplungssatz";479;16206;9;2;"RENAULT";"KANGOO (KC0/1_)";70;200110;;95;1598
"Kupplungssatz";479;16207;6;5;"OPEL";"COMBO Kasten/Großraumlimousine";64;200110;;87;1598
"Kupplungssatz";479;16208;8;4;"OPEL";"COMBO Kasten/Großraumlimousine";55;200110;;75;1686
"Kupplungssatz";479;16209;83;1;"RENAULT";"KANGOO (KC0/1_)";55;200106;;75;1149
"Kupplungssatz";479;16211;4;2;"RENAULT";"MEGANE III Grandtour (KZ0/1)";85;201203;;116;1198
"Kupplungssatz";479;16212;3;3;"HYUNDAI";"MATRIX (FC)";90;200106;201008;122;1795
"Kupplungssatz";479;16223;5;1;"JEEP";"CHEROKEE (KJ)";108;200109;200801;147;2429
"Kupplungssatz";479;16225;8;1;"JEEP";"CHEROKEE (KJ)";105;200109;200801;143;2499
"Kupplungssatz";479;16226;13;1;"RENAULT";"LAGUNA II (BG0/1_)";88;200103;200709;120;1783
"Kupplungssatz";479;16227;2;1;"RENAULT";"LAGUNA II (BG0/1_)";85;200103;200712;116;1783
"Kupplungssatz";479;16228;2;1;"RENAULT";"LAGUNA II Grandtour (KG0/1_)";85;200103;200505;116;1783
"Kupplungssatz";479;16229;5;1;"RENAULT";"LAGUNA II Grandtour (KG0/1_)";88;200103;200505;120;1783
"Kupplungssatz";479;16231;2;1;"RENAULT";"SCÉNIC I Großraumlimousine (JA0/1_, FA0_)";85;200101;200308;115;1783
"Kupplungssatz";479;16233;1;1;"RENAULT";"MEGANE I Classic (LA0/1_)";85;200101;200308;115;1783
"Kupplungssatz";479;16242;1;2;"MERCEDES-BENZ";"VANEO (414)";60;200202;200507;82;1598
"Kupplungssatz";479;16243;2;3;"MERCEDES-BENZ";"VANEO (414)";92;200202;200507;125;1898
"Kupplungssatz";479;16244;6;3;"MERCEDES-BENZ";"VANEO (414)";67;200202;200507;91;1689
"Kupplungssatz";479;16245;1;2;"CITROËN";"C5 I Break (DE_)";85;200106;200408;115;1749
"Kupplungssatz";479;16246;1;2;"CITROËN";"XSARA (N1)";80;200105;200503;109;1997
"Kupplungssatz";479;16249;1;2;"CITROËN";"XSARA Break (N2)";80;200105;200508;109;1997
"Kupplungssatz";479;16252;126;2;"TOYOTA";"RAV 4 II (_A2_)";85;200105;200511;116;1995
"Kupplungssatz";479;16253;7;2;"VW";"GOLF IV (1J1)";132;200108;200506;180;1781
"Kupplungssatz";479;16259;1;3;"PEUGEOT";"406 (8B)";103;200105;200405;140;1997
"Kupplungssatz";479;16261;21;2;"AUDI";"A4 B6 (8E2)";74;200105;200412;101;1896
"Kupplungssatz";479;16263;1;0;"HONDA";"CIVIC VII Coupe (EM2)";92;200105;200512;125;1668
"Kupplungssatz";479;16266;1;4;"CITROËN";"JUMPER I Pritsche/Fahrgestell (230)";94;200009;200204;128;2798
"Kupplungssatz";479;16269;7;2;"PEUGEOT";"PARTNER Kasten/Großraumlimousine (5_, G_)";66;200004;200807;90;1997
"Kupplungssatz";479;16270;46;2;"PEUGEOT";"206 Schrägheck (2A/C)";50;200109;200904;68;1398
"Kupplungssatz";479;16272;4;1;"NISSAN";"PRIMERA (P12)";85;200203;200810;115;1769
"Kupplungssatz";479;16273;3;1;"NISSAN";"PRIMERA (P12)";103;200203;200810;140;1998
"Kupplungssatz";479;16274;1;3;"NISSAN";"PRIMERA (P12)";93;200203;200705;126;2184
"Kupplungssatz";479;16275;9;1;"NISSAN";"PRIMERA Kombi (WP12)";85;200203;200705;115;1769
"Kupplungssatz";479;16277;2;1;"NISSAN";"PRIMERA Kombi (WP12)";93;200203;200304;126;2184
"Kupplungssatz";479;16278;3;0;"DAIHATSU";"TERIOS (J1_)";63;200007;200610;86;1298
"Kupplungssatz";479;16279;46;1;"VW";"POLO (9N_, 9A_)";55;200110;200506;75;1422
"Kupplungssatz";479;16281;23;4;"PEUGEOT";"PARTNER Großraumlimousine (5_, G_)";80;200107;200803;109;1587
"Kupplungssatz";479;16282;1;1;"HYUNDAI";"SANTA FÉ I (SM)";83;200108;200603;113;1991
"Kupplungssatz";479;16283;23;3;"HYUNDAI";"i30 (GD)";99;201112;201612;135;1591
"Kupplungssatz";479;16285;23;1;"RENAULT";"KANGOO (KC0/1_)";48;200112;;65;1461
"Kupplungssatz";479;16286;4;1;"HYUNDAI";"MATRIX (FC)";60;200110;201008;82;1493
"Kupplungssatz";479;16287;6;0;"HONDA";"CIVIC VII Hatchback (EU, EP, EV)";147;200109;200509;200;1998
"Kupplungssatz";479;16288;2;2;"PEUGEOT";"406 (8B)";79;200108;200405;107;1997
"Kupplungssatz";479;16291;8;2;"SKODA";"SUPERB I (3U4)";110;200112;200803;150;1781
"Kupplungssatz";479;16294;6;2;"SKODA";"SUPERB I (3U4)";96;200112;200803;130;1896
"Kupplungssatz";479;16298;7;2;"VW";"PASSAT B5 (3B2)";74;200002;200011;101;1896
"Kupplungssatz";479;16299;6;2;"VW";"PASSAT B5 Variant (3B5)";74;200002;200011;101;1896
"Kupplungssatz";479;16300;208;2;"VW";"POLO (9N_, 9A_)";55;200110;200805;75;1390
"Kupplungssatz";479;16304;3;1;"FORD";"TRANSIT Kasten (E_ _)";55;199406;200003;75;2496
"Kupplungssatz";479;16306;1;2;"VW";"PASSAT B5 (3B2)";85;199701;200011;115;1781
"Kupplungssatz";479;16314;4;2;"AUDI";"A3 (8L1)";165;200110;200305;224;1781
"Kupplungssatz";479;16315;8;1;"BMW";"3 (E46)";85;200109;200303;116;1951
"Kupplungssatz";479;16316;1;1;"SUBARU";"IMPREZA Stufenheck (GD)";195;200111;200507;265;1994
"Kupplungssatz";479;16317;92;1;"HONDA";"JAZZ II (GD_, GE3, GE2)";61;200203;200807;83;1339
"Kupplungssatz";479;16318;3;2;"AUDI";"A4 B6 (8E2)";125;200109;200412;170;2393
"Kupplungssatz";479;16319;2;2;"AUDI";"A4 B6 Avant (8E5)";125;200109;200412;170;2393
"Kupplungssatz";479;16322;1;2;"AUDI";"A4 B6 Avant (8E5)";132;200109;200412;180;2496
"Kupplungssatz";479;16323;5;2;"AUDI";"A4 B6 Cabriolet (8H7)";125;200204;200512;170;2393
"Kupplungssatz";479;16325;25;2;"BMW";"3 (E46)";85;200202;200502;115;1796
"Kupplungssatz";479;16326;6;2;"BMW";"3 Touring (E46)";105;200109;200507;143;1995
"Kupplungssatz";479;16327;11;2;"BMW";"3 Cabriolet (E46)";105;200109;200712;143;1995
"Kupplungssatz";479;16330;138;1;"CITROËN";"C3 I (FC_, FN_)";44;200202;;60;1124
"Kupplungssatz";479;16331;94;2;"CITROËN";"C3 I (FC_, FN_)";50;200202;;68;1398
"Kupplungssatz";479;16332;392;1;"VW";"POLO (9N_, 9A_)";47;200110;200707;64;1198
"Kupplungssatz";479;16333;28;1;"VW";"POLO (9N_, 9A_)";47;200110;200911;64;1896
"Kupplungssatz";479;16334;18;3;"CITROËN";"C3 I (FC_, FN_)";54;200202;;73;1360
"Kupplungssatz";479;16335;12;4;"CITROËN";"C3 I (FC_, FN_)";80;200202;201008;109;1587
"Kupplungssatz";479;16336;6;1;"CITROËN";"C3 I (FC_, FN_)";66;200202;;90;1398
"Kupplungssatz";479;16337;190;3;"FORD";"FIESTA V (JH_, JD_)";44;200111;200806;60;1299
"Kupplungssatz";479;16338;266;3;"FORD";"FIESTA V (JH_, JD_)";51;200111;200806;69;1299
"Kupplungssatz";479;16340;14;2;"VW";"NEW BEETLE (9C1, 1C1)";55;200111;201009;75;1390
"Kupplungssatz";479;16346;3;2;"VW";"PASSAT B5.5 (3B3)";96;200111;200505;130;1984
"Kupplungssatz";479;16347;7;2;"VW";"PASSAT B5.5 Variant (3B6)";96;200111;200505;130;1984
"Kupplungssatz";479;16348;1;2;"VW";"GOLF IV Variant (1J5)";85;200202;200606;116;1984
"Kupplungssatz";479;16352;2;5;"VOLVO";"S60 I (384)";132;200007;201004;180;1984
"Kupplungssatz";479;16357;3;1;"KIA";"CARNIVAL II (GQ)";106;200110;200606;144;2902
"Kupplungssatz";479;16358;9;2;"SUZUKI";"WAGON R+ Schrägheck (MM)";56;200110;;76;1298
"Kupplungssatz";479;16361;35;5;"FORD";"FIESTA V (JH_, JD_)";74;200111;200806;100;1596
"Kupplungssatz";479;16362;2;1;"TOYOTA";"CAMRY Stufenheck (_V3_)";112;200111;200611;152;2362
"Kupplungssatz";479;16364;33;1;"TOYOTA";"YARIS (_P1_)";55;200110;200509;75;1364
"Kupplungssatz";479;16365;6;1;"TOYOTA";"YARIS VERSO (_P2_)";55;200009;200509;75;1364
"Kupplungssatz";479;16368;1;1;"HYUNDAI";"SONATA IV (EF)";127;200110;200411;173;2656
"Kupplungssatz";479;16369;2;1;"HYUNDAI";"COUPE II (GK)";102;200203;200908;139;1975
"Kupplungssatz";479;16370;4;1;"HYUNDAI";"COUPE II (GK)";123;200203;200908;167;2656
"Kupplungssatz";479;16373;245;1;"TOYOTA";"COROLLA (_E12_)";71;200111;200702;97;1398
"Kupplungssatz";479;16374;121;1;"TOYOTA";"COROLLA (_E12_)";81;200201;200612;110;1598
"Kupplungssatz";479;16375;5;0;"TOYOTA";"COROLLA (_E12_)";141;200111;200702;192;1796
"Kupplungssatz";479;16376;1;3;"TOYOTA";"COROLLA (_E12_)";66;200201;200612;90;1995
"Kupplungssatz";479;16377;2;3;"TOYOTA";"COROLLA (_E12_)";81;200201;200612;110;1995
"Kupplungssatz";479;16378;22;1;"TOYOTA";"COROLLA Kombi (_E12_)";71;200201;200702;97;1398
"Kupplungssatz";479;16379;25;1;"TOYOTA";"COROLLA Kombi (_E12_)";81;200201;200708;110;1598
"Kupplungssatz";479;16381;43;1;"TOYOTA";"COROLLA Stufenheck (_E12_)";71;200110;200610;97;1398
"Kupplungssatz";479;16382;11;2;"TOYOTA";"COROLLA Stufenheck (_E12_)";81;200110;200803;110;1598
"Kupplungssatz";479;16384;21;2;"TOYOTA";"COROLLA Verso (_E12_)";81;200108;200405;110;1598
"Kupplungssatz";479;16385;7;1;"TOYOTA";"COROLLA Verso (_E12_)";66;200201;200405;90;1995
"Kupplungssatz";479;16409;1;1;"PORSCHE";"911 Targa (996)";235;200112;200508;320;3596
"Kupplungssatz";479;16441;8;4;"ALFA ROMEO";"147 (937_)";85;200104;201003;115;1910
"Kupplungssatz";479;16442;2;2;"SAAB";"9-5 Kombi (YS3E)";184;200109;200912;250;2290
"Kupplungssatz";479;16443;13;0;"MITSUBISHI";"SPACE STAR Großraumlimousine (DG_A)";72;200101;200412;98;1584
"Kupplungssatz";479;16451;4;2;"OPEL";"VECTRA C (Z02)";92;200204;200407;125;2172
"Kupplungssatz";479;16452;6;5;"FORD";"MONDEO III (B5Y)";96;200110;200703;130;1998
"Kupplungssatz";479;16453;1;5;"FORD";"MONDEO III Stufenheck (B4Y)";96;200110;200703;130;1998
"Kupplungssatz";479;16454;5;5;"FORD";"MONDEO III Turnier (BWY)";96;200110;200703;130;1998
"Kupplungssatz";479;16456;4;2;"FIAT";"SCUDO Kasten (220_)";51;199804;200612;69;1868
"Kupplungssatz";479;16457;25;2;"FIAT";"DOBLO Großraumlimousine (119_, 223_)";74;200110;;100;1910
"Kupplungssatz";479;16458;6;3;"OPEL";"VECTRA C (Z02)";74;200204;200608;101;1995
"Kupplungssatz";479;16459;42;4;"OPEL";"VECTRA C (Z02)";90;200204;200809;122;1796
"Kupplungssatz";479;16460;2;1;"PORSCHE";"911 (996)";235;200110;200408;320;3596
"Kupplungssatz";479;16461;4;1;"PORSCHE";"911 (996)";235;200110;200408;320;3596
"Kupplungssatz";479;16462;2;1;"PORSCHE";"911 Cabriolet (996)";235;200110;200508;320;3596
"Kupplungssatz";479;16463;1;1;"PORSCHE";"911 Cabriolet (996)";235;200110;200508;320;3596
"Kupplungssatz";479;16464;1;2;"AUDI";"A4 B6 Avant (8E5)";110;200109;200207;150;1781
"Kupplungssatz";479;16465;1;2;"AUDI";"A4 B6 Avant (8E5)";162;200109;200412;220;2976
"Kupplungssatz";479;16468;8;3;"OPEL";"MOVANO A Bus (X70)";84;200110;;115;2463
"Kupplungssatz";479;16470;22;3;"OPEL";"MOVANO A Kasten (X70)";84;200110;;115;2463
"Kupplungssatz";479;16471;2;3;"OPEL";"MOVANO A Pritsche/Fahrgestell (X70)";84;200110;;115;2463
"Kupplungssatz";479;16476;2;2;"VOLVO";"S80 I (184)";96;200110;200607;131;2401
"Kupplungssatz";479;16480;1;1;"LADA";"110 (2110)";67;200010;201012;91;1499
"Kupplungssatz";479;16485;50;3;"LADA";"NIVA Geländewagen geschlossen (2121, 2131)";60;200010;201512;82;1690
"Kupplungssatz";479;16488;10;3;"RENAULT";"MASTER II Bus (JD)";84;200110;;115;2463
"Kupplungssatz";479;16489;56;3;"RENAULT";"MASTER II Kasten (FD)";84;200110;;115;2463
"Kupplungssatz";479;16490;11;3;"RENAULT";"MASTER II Pritsche/Fahrgestell (ED/HD/UD)";84;200110;;115;2463
"Kupplungssatz";479;16494;2;1;"SUBARU";"OUTBACK (BE, BH)";115;200010;200308;156;2457
"Kupplungssatz";479;16500;2;2;"RENAULT";"KANGOO (KC0/1_)";59;200110;;80;1870
"Kupplungssatz";479;16501;3;3;"RENAULT";"KANGOO Express (FC0/1_)";70;200110;;95;1598
"Kupplungssatz";479;16503;9;1;"RENAULT";"KANGOO Express (FC0/1_)";55;200110;;75;1149
"Kupplungssatz";479;16504;2;2;"RENAULT";"KANGOO Express (FC0/1_)";70;200110;;95;1598
"Kupplungssatz";479;16506;12;0;"MITSUBISHI";"PAJERO PININ I (H6_W, H7_W)";84;200111;200706;114;1834
"Kupplungssatz";479;16507;2;1;"MAZDA";"PREMACY (CP)";96;200111;200503;131;1991
"Kupplungssatz";479;16509;3;1;"VW";"GOLF IV (1J1)";81;200201;200506;110;1598
"Kupplungssatz";479;16510;6;1;"VW";"GOLF IV Variant (1J5)";81;200201;200606;110;1598
"Kupplungssatz";479;16512;1;1;"VW";"BORA Variant (1J6)";81;200201;200505;110;1598
"Kupplungssatz";479;16513;10;1;"FIAT";"DOBLO Großraumlimousine (119_, 223_)";76;200110;;103;1596
"Kupplungssatz";479;16514;9;2;"TOYOTA";"COROLLA Verso (_E12_)";99;200112;200405;135;1794
"Kupplungssatz";479;16517;2;1;"DAEWOO";"REZZO (U100)";77;200009;;105;1598
"Kupplungssatz";479;16521;134;1;"VW";"POLO (9N_, 9A_)";40;200201;200705;54;1198
"Kupplungssatz";479;16522;5;0;"HONDA";"CIVIC VII Hatchback (EU, EP, EV)";74;200201;200509;100;1686
"Kupplungssatz";479;16523;65;1;"SEAT";"IBIZA III (6L1)";47;200202;200606;64;1198
"Kupplungssatz";479;16524;24;2;"SEAT";"IBIZA III (6L1)";74;200202;200911;100;1390
"Kupplungssatz";479;16525;8;4;"SEAT";"IBIZA III (6L1)";74;200202;200911;100;1896
"Kupplungssatz";479;16526;19;5;"SEAT";"IBIZA III (6L1)";96;200202;200911;131;1896
"Kupplungssatz";479;16539;1;2;"VAUXHALL";"MOVANO Mk I (A) Van (X70)";84;200110;201005;115;2463
"Kupplungssatz";479;16545;10;1;"PEUGEOT";"307 (3A/C)";50;200110;200506;68;1398
"Kupplungssatz";479;16546;6;0;"TOYOTA";"HIACE IV Bus (__H1_, __H2_)";65;200108;200608;88;2494
"Kupplungssatz";479;16547;5;0;"TOYOTA";"HIACE IV Bus (__H1_, __H2_)";75;200108;200608;102;2494
"Kupplungssatz";479;16548;13;0;"TOYOTA";"HILUX VI Pick-up (_N1_)";65;200111;200507;88;2494
"Kupplungssatz";479;16549;20;0;"TOYOTA";"HILUX VI Pick-up (_N1_)";75;200111;200507;102;2494
"Kupplungssatz";479;16550;3;0;"SUZUKI";"GRAND VITARA I (FT, HT)";127;200109;200307;173;2736
"Kupplungssatz";479;16551;2;3;"FORD";"TRANSIT Bus (FD_ _, FB_ _, FS_ _, FZ_ _, FC_ _)";92;200107;200605;125;2402
"Kupplungssatz";479;16552;22;2;"VW";"POLO (9N_, 9A_)";74;200110;200805;101;1390
"Kupplungssatz";479;16553;9;1;"RENAULT";"THALIA I (LB_)";55;200008;;75;1390
"Kupplungssatz";479;16554;1;1;"RENAULT";"THALIA I (LB_)";72;200008;;98;1390
"Kupplungssatz";479;16555;15;1;"RENAULT";"KANGOO Express (FC0/1_)";48;200112;;65;1461
"Kupplungssatz";479;16556;2;0;"TOYOTA";"HIACE IV Bus (__H1_, __H2_)";106;199807;200612;144;2694
"Kupplungssatz";479;16557;16;0;"TOYOTA";"HIACE IV Kasten (__H1_, __H2_)";65;200108;200608;88;2494
"Kupplungssatz";479;16558;2;0;"TOYOTA";"HIACE IV Kasten (__H1_, __H2_)";75;200108;200608;102;2494
"Kupplungssatz";479;16569;1;0;"VOLVO";"V40 Kombi (645)";120;200106;200406;163;1948
"Kupplungssatz";479;16570;2;1;"VOLVO";"XC90 I (275)";154;200210;201409;209;2521
"Kupplungssatz";479;16572;6;2;"VOLVO";"XC90 I (275)";120;200210;200612;163;2401
"Kupplungssatz";479;16573;52;1;"HONDA";"CR-V II (RD_)";110;200109;200703;150;1998
"Kupplungssatz";479;16574;1;7;"MERCEDES-BENZ";"SPRINTER 5-t Pritsche/Fahrgestell (B906)";120;201105;;163;2143
"Kupplungssatz";479;16575;5;3;"MERCEDES-BENZ";"SPRINTER 3,5-t Bus (B906)";120;201108;;163;2143
"Kupplungssatz";479;16576;1;1;"JAGUAR";"X-TYPE I (X400)";115;200203;200911;156;2099
"Kupplungssatz";479;16579;6;0;"OPEL";"ZAFIRA A Großraumlimousine (T98)";92;200201;200506;125;2172
"Kupplungssatz";479;16582;5;5;"RENAULT";"LAGUNA II (BG0/1_)";74;200110;200505;100;1870
"Kupplungssatz";479;16583;1;5;"RENAULT";"LAGUNA II Grandtour (KG0/1_)";74;200110;200505;100;1870
"Kupplungssatz";479;16584;5;3;"ALFA ROMEO";"156 (932_)";85;200105;200509;115;1910
"Kupplungssatz";479;16586;4;3;"ALFA ROMEO";"156 Sportwagon (932_)";85;200105;200605;115;1910
"Kupplungssatz";479;16587;1;3;"LANCIA";"LYBRA (839_)";85;200105;200510;116;1910
"Kupplungssatz";479;16588;3;3;"LANCIA";"LYBRA SW (839_)";85;200105;200510;116;1910
"Kupplungssatz";479;16589;15;1;"FIAT";"MULTIPLA (186_)";76;200110;201006;103;1596
"Kupplungssatz";479;16590;4;2;"HYUNDAI";"ACCENT II (LC)";66;200001;200511;90;1495
"Kupplungssatz";479;16591;12;2;"NISSAN";"PRIMERA (P12)";78;200203;200808;106;1597
"Kupplungssatz";479;16593;1;2;"MERCEDES-BENZ";"E-CLASS (W211)";130;200203;200812;177;2597
"Kupplungssatz";479;16594;19;2;"MERCEDES-BENZ";"E-CLASS (W211)";110;200203;200812;150;2148
"Kupplungssatz";479;16595;6;3;"MERCEDES-BENZ";"E-CLASS (W211)";130;200203;200812;177;2685
"Kupplungssatz";479;16596;4;2;"AUDI";"A4 B6 (8E2)";110;200207;200412;150;1984
"Kupplungssatz";479;16599;8;2;"VOLVO";"V70 II (285)";96;200107;200708;131;2401
"Kupplungssatz";479;16600;27;2;"MINI";"MINI (R50, R53)";120;200203;200609;163;1598
"Kupplungssatz";479;16601;15;2;"AUDI";"A4 B6 Avant (8E5)";74;200111;200412;101;1896
"Kupplungssatz";479;16602;1;3;"AUDI";"A4 B6 (8E2)";96;200111;200412;130;1896
"Kupplungssatz";479;16603;9;3;"AUDI";"A4 B6 Avant (8E5)";96;200111;200412;130;1896
"Kupplungssatz";479;16611;2;0;"ALFA ROMEO";"156 Sportwagon (932_)";184;200203;200605;250;3179
"Kupplungssatz";479;16612;54;3;"PEUGEOT";"307 SW (3H)";80;200203;200804;109;1587
"Kupplungssatz";479;16613;3;2;"PEUGEOT";"307 SW (3H)";100;200203;200506;136;1997
"Kupplungssatz";479;16614;10;1;"PEUGEOT";"307 SW (3H)";66;200203;200804;90;1997
"Kupplungssatz";479;16615;6;5;"PEUGEOT";"307 SW (3H)";79;200203;200912;107;1997
"Kupplungssatz";479;16620;1;3;"ALFA ROMEO";"156 Sportwagon (932_)";110;200203;200605;150;2387
"Kupplungssatz";479;16624;245;4;"FORD";"FUSION (JU_)";59;200208;201212;80;1388
"Kupplungssatz";479;16625;65;3;"FORD";"FUSION (JU_)";74;200208;200911;100;1596
"Kupplungssatz";479;16626;34;5;"FORD";"FUSION (JU_)";50;200208;201212;68;1399
"Kupplungssatz";479;16632;2;2;"FORD";"MONDEO III (B5Y)";166;200204;200703;226;2967
"Kupplungssatz";479;16634;2;2;"FORD";"MONDEO III Turnier (BWY)";166;200204;200703;226;2967
"Kupplungssatz";479;16635;1;0;"SUZUKI";"LIANA (ER, RH_)";66;200203;;90;1328
"Kupplungssatz";479;16644;2;2;"PEUGEOT";"BOXER Bus (244, Z_)";74;200112;200606;101;2179
"Kupplungssatz";479;16646;1;1;"SUZUKI";"LIANA (ER, RH_)";76;200203;;103;1586
"Kupplungssatz";479;16649;12;1;"FIAT";"DUCATO Kasten (244_)";62;200112;200607;84;1997
"Kupplungssatz";479;16650;23;1;"FIAT";"DUCATO Kasten (244_)";81;200112;200607;110;2286
"Kupplungssatz";479;16651;29;1;"FIAT";"DUCATO Kasten (244_)";94;200112;201112;128;2798
"Kupplungssatz";479;16653;3;1;"FIAT";"DUCATO Bus (244_)";62;200112;200607;84;1997
"Kupplungssatz";479;16654;11;1;"FIAT";"DUCATO Bus (244_)";81;200112;200607;110;2286
"Kupplungssatz";479;16655;19;1;"FIAT";"DUCATO Bus (244_)";94;200112;;128;2798
"Kupplungssatz";479;16658;4;4;"MERCEDES-BENZ";"CLK (C209)";120;200209;200905;163;1796
"Kupplungssatz";479;16660;6;1;"FIAT";"DOBLO Kasten/Großraumlimousine (223_)";76;200110;;103;1596
"Kupplungssatz";479;16661;31;2;"FIAT";"DOBLO Kasten/Großraumlimousine (223_)";74;200110;;100;1910
"Kupplungssatz";479;16663;8;1;"CITROËN";"JUMPER I Bus (244, Z_)";62;200204;200606;84;1997
"Kupplungssatz";479;16664;2;2;"CITROËN";"JUMPER I Bus (244, Z_)";74;200204;200606;101;2179
"Kupplungssatz";479;16665;1;1;"CITROËN";"JUMPER I Bus (244, Z_)";94;200204;200606;128;2798
"Kupplungssatz";479;16666;1;2;"PEUGEOT";"807 (EB_)";100;200206;;136;1997
"Kupplungssatz";479;16667;2;2;"PEUGEOT";"807 (EB_)";116;200206;;158;2230
"Kupplungssatz";479;16669;4;3;"PEUGEOT";"807 (EB_)";79;200206;200605;107;1997
"Kupplungssatz";479;16670;9;3;"PEUGEOT";"807 (EB_)";94;200206;;128;2179
"Kupplungssatz";479;16673;9;2;"FIAT";"PUNTO (188_)";63;200110;201203;86;1910
"Kupplungssatz";479;16674;4;2;"PEUGEOT";"206 SW (2E/K)";44;200207;200702;60;1124
"Kupplungssatz";479;16675;15;4;"PEUGEOT";"206 SW (2E/K)";55;200207;200702;75;1360
"Kupplungssatz";479;16676;11;5;"PEUGEOT";"206 SW (2E/K)";80;200207;;109;1587
"Kupplungssatz";479;16678;14;2;"PEUGEOT";"206 SW (2E/K)";50;200207;200702;68;1398
"Kupplungssatz";479;16679;7;1;"AUDI";"A2 (8Z0)";81;200205;200508;110;1598
"Kupplungssatz";479;16680;12;1;"MAZDA";"6 Hatchback (GG)";88;200208;200708;120;1798
"Kupplungssatz";479;16681;4;2;"MAZDA";"6 Hatchback (GG)";104;200208;200708;141;1999
"Kupplungssatz";479;16682;5;1;"MAZDA";"6 Hatchback (GG)";122;200208;200708;166;2261
"Kupplungssatz";479;16683;4;1;"MAZDA";"6 Hatchback (GG)";100;200208;200708;136;1998
"Kupplungssatz";479;16684;27;1;"MAZDA";"6 Stufenheck (GG)";88;200208;200708;120;1798
"Kupplungssatz";479;16685;3;2;"MAZDA";"6 Stufenheck (GG)";104;200206;200708;141;1999
"Kupplungssatz";479;16686;3;1;"MAZDA";"6 Stufenheck (GG)";122;200206;200708;166;2261
"Kupplungssatz";479;16687;7;1;"MAZDA";"6 Stufenheck (GG)";100;200206;200708;136;1998
"Kupplungssatz";479;16688;2;1;"MAZDA";"6 Station Wagon (GY)";88;200208;200708;120;1798
"Kupplungssatz";479;16689;6;2;"MAZDA";"6 Station Wagon (GY)";104;200208;200708;141;1999
"Kupplungssatz";479;16690;5;1;"MAZDA";"6 Station Wagon (GY)";122;200201;200802;166;2261
"Kupplungssatz";479;16691;14;1;"MAZDA";"6 Station Wagon (GY)";100;200208;200502;136;1998
"Kupplungssatz";479;16692;1;2;"SEAT";"LEON (1M1)";154;200202;200606;209;1781
"Kupplungssatz";479;16693;1;1;"VW";"PHAETON (3D1, 3D2, 3D3, 3D4, 3D6, 3D7, 3D8, 3D9)";177;200204;200505;241;3189
"Kupplungssatz";479;16694;2;3;"PEUGEOT";"406 Coupe (8C)";116;200203;200412;158;2230
"Kupplungssatz";479;16696;4;0;"JAGUAR";"S-TYPE II (X200)";147;200204;200710;200;2497
"Kupplungssatz";479;16700;1;2;"VW";"BORA I (1J2)";132;200203;200505;180;1781
"Kupplungssatz";479;16713;7;1;"SUZUKI";"ALTO VI (FF)";46;200409;200812;63;1061
"Kupplungssatz";479;16714;14;7;"MERCEDES-BENZ";"C-CLASS (W203)";105;200205;200702;143;1796
"Kupplungssatz";479;16715;4;7;"MERCEDES-BENZ";"C-CLASS (W203)";120;200205;200702;163;1796
"Kupplungssatz";479;16716;5;4;"MERCEDES-BENZ";"C-CLASS T-Model (S203)";105;200205;200708;143;1796
"Kupplungssatz";479;16717;1;4;"MERCEDES-BENZ";"C-CLASS T-Model (S203)";120;200205;200708;163;1796
"Kupplungssatz";479;16718;1;8;"MERCEDES-BENZ";"C-CLASS Coupe (CL203)";105;200205;200805;143;1796
"Kupplungssatz";479;16719;3;8;"MERCEDES-BENZ";"C-CLASS Coupe (CL203)";120;200205;200805;163;1796
"Kupplungssatz";479;16721;3;2;"HYUNDAI";"ACCENT II Stufenheck (LC)";66;200001;200511;90;1495
"Kupplungssatz";479;16726;5;2;"CITROËN";"C8 (EA_, EB_)";100;200207;;136;1997
"Kupplungssatz";479;16730;5;3;"CITROËN";"C8 (EA_, EB_)";94;200207;;128;2179
"Kupplungssatz";479;16732;11;2;"VW";"POLO (9N_, 9A_)";63;200202;200607;86;1390
"Kupplungssatz";479;16734;1;2;"FIAT";"SEICENTO / 600 Kasten/Schrägheck (287_)";40;199801;201001;54;1108
"Kupplungssatz";479;16738;10;1;"FIAT";"DUCATO Pritsche/Fahrgestell (244_)";62;200112;200607;84;1997
"Kupplungssatz";479;16739;31;1;"FIAT";"DUCATO Pritsche/Fahrgestell (244_)";81;200112;200607;110;2286
"Kupplungssatz";479;16740;63;1;"FIAT";"DUCATO Pritsche/Fahrgestell (244_)";94;200112;200607;128;2798
"Kupplungssatz";479;16741;5;2;"BMW";"3 Touring (E46)";85;200203;200502;115;1796
"Kupplungssatz";479;16742;2;1;"BMW";"3 Touring (E46)";85;200210;200303;115;1951
"Kupplungssatz";479;16743;11;4;"OPEL";"VECTRA C CC (Z02)";90;200208;200809;122;1796
"Kupplungssatz";479;16744;1;2;"OPEL";"VECTRA C CC (Z02)";108;200208;200808;147;2198
"Kupplungssatz";479;16745;1;3;"OPEL";"VECTRA C CC (Z02)";74;200208;200508;101;1995
"Kupplungssatz";479;16746;1;2;"OPEL";"VECTRA C CC (Z02)";92;200208;200607;125;2172
"Kupplungssatz";479;16748;1;1;"PEUGEOT";"BOXER Pritsche/Fahrgestell (244)";62;200112;200606;84;1997
"Kupplungssatz";479;16749;13;3;"PEUGEOT";"BOXER Pritsche/Fahrgestell (244)";94;200112;200606;128;2798
"Kupplungssatz";479;16750;3;2;"PEUGEOT";"BOXER Pritsche/Fahrgestell (244)";74;200112;200606;101;2179
"Kupplungssatz";479;16752;6;1;"PEUGEOT";"BOXER Kasten (244)";62;200204;200606;84;1997
"Kupplungssatz";479;16753;2;3;"PEUGEOT";"BOXER Kasten (244)";94;200112;200606;128;2798
"Kupplungssatz";479;16754;6;2;"PEUGEOT";"BOXER Kasten (244)";74;200112;200606;101;2179
"Kupplungssatz";479;16760;6;1;"CITROËN";"JUMPER I Kasten (244)";62;200204;200606;84;1997
"Kupplungssatz";479;16761;6;2;"CITROËN";"JUMPER I Kasten (244)";74;200204;200606;101;2179
"Kupplungssatz";479;16762;10;1;"CITROËN";"JUMPER I Kasten (244)";94;200204;200606;128;2798
"Kupplungssatz";479;16764;1;1;"CITROËN";"JUMPER I Pritsche/Fahrgestell (244)";62;200204;200606;84;1997
"Kupplungssatz";479;16765;5;2;"CITROËN";"JUMPER I Pritsche/Fahrgestell (244)";74;200204;200606;101;2179
"Kupplungssatz";479;16766;2;1;"CITROËN";"JUMPER I Pritsche/Fahrgestell (244)";94;200204;200606;128;2798
"Kupplungssatz";479;16773;2;2;"NISSAN";"TERRANO II (R20)";113;200205;200709;154;2953
"Kupplungssatz";479;16775;5;0;"NISSAN";"PICK UP (D22)";98;200203;200504;133;2389
"Kupplungssatz";479;16779;3;0;"MITSUBISHI";"SPACE WAGON (N9_W, N8_W)";98;199810;200412;133;1997
"Kupplungssatz";479;16787;1;0;"MAZDA";"B-SERIE (UF)";62;198501;199112;84;1998
"Kupplungssatz";479;16788;3;0;"MAZDA";"B-SERIE (UF)";65;198501;199603;88;1998
"Kupplungssatz";479;16790;2;0;"MAZDA";"B-SERIE (UF)";47;198501;199603;64;2184
"Kupplungssatz";479;16796;6;1;"VW";"LT 28-46 II Kasten (2DA, 2DD, 2DH)";116;200204;200607;158;2799
"Kupplungssatz";479;16798;3;1;"VW";"LT 28-46 II Pritsche/Fahrgestell (2DC, 2DF, 2DG, 2DL, 2DM)";116;200204;200607;158;2799
"Kupplungssatz";479;16807;1;3;"LANCIA";"PHEDRA (179_)";94;200209;201011;128;2179
"Kupplungssatz";479;16808;1;1;"ALFA ROMEO";"166 (936_)";110;200204;200706;150;2387
"Kupplungssatz";479;16809;72;2;"SEAT";"IBIZA III (6L1)";55;200202;200712;75;1390
"Kupplungssatz";479;16810;13;1;"SEAT";"IBIZA III (6L1)";47;200202;200512;64;1896
"Kupplungssatz";479;16812;6;2;"HYUNDAI";"GETZ (TB)";60;200303;200509;82;1493
"Kupplungssatz";479;16813;2;1;"HYUNDAI";"GETZ (TB)";77;200209;200509;106;1599
"Kupplungssatz";479;16814;28;1;"HYUNDAI";"GETZ (TB)";60;200209;200403;82;1341
"Kupplungssatz";479;16816;88;1;"HONDA";"JAZZ II (GD_, GE3, GE2)";57;200203;200807;78;1243
"Kupplungssatz";479;16819;1;1;"VW";"TOUAREG (7LA, 7L6, 7L7)";162;200210;200611;220;3189
"Kupplungssatz";479;16825;2;8;"SAAB";"9-3 (YS3F, E79, D79, D75)";110;200209;201502;150;1998
"Kupplungssatz";479;16826;1;4;"SAAB";"9-3 (YS3F, E79, D79, D75)";154;200209;201502;210;1998
"Kupplungssatz";479;16827;2;4;"SAAB";"9-3 (YS3F, E79, D79, D75)";92;200209;201502;125;2171
"Kupplungssatz";479;16828;4;1;"BMW";"Z4 Roadster (E85)";170;200212;200512;231;2979
"Kupplungssatz";479;16829;1;2;"BMW";"Z4 Roadster (E85)";141;200212;200512;192;2494
"Kupplungssatz";479;16831;4;1;"RENAULT";"THALIA I (LB_)";48;200204;;65;1461
"Kupplungssatz";479;16835;1;2;"FIAT";"PUNTO Kasten/Schrägheck (188_)";63;200002;200910;86;1910
"Kupplungssatz";479;16836;5;1;"PEUGEOT";"206 SW (2E/K)";66;200207;200702;90;1997
"Kupplungssatz";479;16841;24;5;"OPEL";"MERIVA A Großraumlimousine (X03)";92;200305;201005;125;1796
"Kupplungssatz";479;16842;3;4;"OPEL";"MERIVA A Großraumlimousine (X03)";55;200309;201005;75;1686
"Kupplungssatz";479;16844;2;2;"MAZDA";"6 Hatchback (GG)";89;200208;200708;121;1998
"Kupplungssatz";479;16846;2;1;"VW";"GOLF IV (1J1)";177;200209;200506;241;3189
"Kupplungssatz";479;16857;1;1;"MAZDA";"MPV II (LW)";100;200207;200602;136;1998
"Kupplungssatz";479;16859;4;1;"PORSCHE";"BOXSTER (986)";168;200207;200412;228;2687
"Kupplungssatz";479;16860;5;1;"PORSCHE";"BOXSTER (986)";191;200207;200412;260;3179
"Kupplungssatz";479;16861;1;2;"AUDI";"A4 B6 Avant (8E5)";110;200207;200412;150;1984
"Kupplungssatz";479;16862;10;2;"FIAT";"MULTIPLA (186_)";85;200207;201006;115;1910
"Kupplungssatz";479;16863;1;1;"MAZDA";"MPV II (LW)";104;200207;200602;141;2261
"Kupplungssatz";479;16864;4;2;"MAZDA";"6 Station Wagon (GY)";89;200208;200708;121;1998
"Kupplungssatz";479;16865;5;2;"MAZDA";"6 Stufenheck (GG)";89;200208;200708;121;1998
"Kupplungssatz";479;16867;1;1;"FIAT";"DUCATO Kasten (244_)";94;200112;200607;128;2798
"Kupplungssatz";479;16868;2;1;"FIAT";"DUCATO Pritsche/Fahrgestell (244_)";94;200112;200607;128;2798
"Kupplungssatz";479;16869;9;1;"RENAULT";"ESPACE IV (JK0/1_)";120;200211;;163;1998
"Kupplungssatz";479;16870;5;3;"RENAULT";"ESPACE IV (JK0/1_)";110;200211;200608;150;2188
"Kupplungssatz";479;16871;3;0;"FORD";"RANGER (ER, EQ, R_)";62;200204;200606;84;2500
"Kupplungssatz";479;16872;3;0;"FORD";"RANGER (ER, EQ, R_)";62;200204;200606;84;2500
"Kupplungssatz";479;16877;9;2;"FORD";"TRANSIT Bus (FD_ _, FB_ _, FS_ _, FZ_ _, FC_ _)";92;200208;200605;125;1998
"Kupplungssatz";479;16878;2;2;"FORD";"TRANSIT Pritsche/Fahrgestell (FM_ _, FN_ _)";92;200208;200605;125;1998
"Kupplungssatz";479;16879;5;1;"FORD";"TRANSIT Kasten (FA_ _)";92;200208;200605;125;1998
"Kupplungssatz";479;16880;10;2;"AUDI";"A4 B6 (8E2)";120;200207;200412;163;1781
"Kupplungssatz";479;16881;6;1;"AUDI";"A4 B6 (8E2)";120;200207;200412;163;1781
"Kupplungssatz";479;16882;1;3;"AUDI";"A4 B6 (8E2)";120;200207;200412;163;2496
"Kupplungssatz";479;16883;12;2;"AUDI";"A4 B6 Avant (8E5)";120;200207;200412;163;1781
"Kupplungssatz";479;16884;1;1;"AUDI";"A4 B6 Avant (8E5)";120;200207;200412;163;1781
"Kupplungssatz";479;16885;2;3;"AUDI";"A4 B6 Avant (8E5)";120;200207;200412;163;2496
"Kupplungssatz";479;16886;13;0;"MITSUBISHI";"PAJERO SPORT I (K7_, K9_)";85;200207;;115;2477
"Kupplungssatz";479;16889;12;1;"RENAULT";"KANGOO (KC0/1_)";60;200207;;82;1461
"Kupplungssatz";479;16890;2;1;"MITSUBISHI";"SPACE STAR Großraumlimousine (DG_A)";85;200210;200412;115;1870
"Kupplungssatz";479;16891;2;0;"MITSUBISHI";"SPACE STAR Großraumlimousine (DG_A)";82;200210;200412;112;1834
"Kupplungssatz";479;16892;1;2;"FIAT";"ULYSSE (179_)";100;200208;201106;136;1997
"Kupplungssatz";479;16912;2;1;"KIA";"SORENTO I (JC)";102;200208;200906;139;2351
"Kupplungssatz";479;16914;14;3;"KIA";"SORENTO I (JC)";103;200208;201103;140;2497
"Kupplungssatz";479;16915;5;0;"MITSUBISHI";"PAJERO CLASSIC (V2_W, V6_W, V7_W)";85;200107;;115;2477
"Kupplungssatz";479;16916;10;3;"RENAULT";"MEGANE II (BM0/1_, CM0/1_)";72;200211;200802;98;1390
"Kupplungssatz";479;16917;22;3;"RENAULT";"MEGANE II (BM0/1_, CM0/1_)";83;200211;200802;113;1598
"Kupplungssatz";479;16918;1;4;"RENAULT";"MEGANE II (BM0/1_, CM0/1_)";99;200211;200802;135;1998
"Kupplungssatz";479;16919;27;2;"RENAULT";"MEGANE II (BM0/1_, CM0/1_)";60;200209;200802;82;1461
"Kupplungssatz";479;16920;7;3;"RENAULT";"MEGANE II (BM0/1_, CM0/1_)";88;200211;200802;120;1870
"Kupplungssatz";479;16921;5;2;"NISSAN";"PRIMERA Hatchback (P12)";78;200207;200808;106;1597
"Kupplungssatz";479;16922;6;1;"NISSAN";"PRIMERA Hatchback (P12)";85;200207;200810;115;1769
"Kupplungssatz";479;16939;3;3;"FORD";"TOURNEO CONNECT";55;200206;201312;75;1753
"Kupplungssatz";479;16940;41;7;"FORD";"TOURNEO CONNECT";66;200206;201312;90;1753
"Kupplungssatz";479;16941;10;1;"FORD";"TOURNEO CONNECT";85;200206;201312;116;1796
"Kupplungssatz";479;16942;1;0;"MITSUBISHI";"GALLOPER (JK-01)";65;199809;200312;88;2476
"Kupplungssatz";479;16944;60;1;"SKODA";"FABIA I (6Y2)";40;200107;200704;54;1198
"Kupplungssatz";479;16952;1;4;"NISSAN";"INTERSTAR Kasten (X70)";84;200204;;115;2463
"Kupplungssatz";479;16956;1;2;"MERCEDES-BENZ";"E-CLASS T-Model (S211)";130;200303;200907;177;2597
"Kupplungssatz";479;16965;5;1;"FORD";"TRANSIT CONNECT (P65_, P70_, P80_)";85;200206;201312;116;1796
"Kupplungssatz";479;16966;56;3;"FORD";"TRANSIT CONNECT (P65_, P70_, P80_)";55;200206;201312;75;1753
"Kupplungssatz";479;16967;4;4;"FORD";"FOCUS I (DAW, DBW)";74;200208;200411;100;1753
"Kupplungssatz";479;16969;1;4;"FORD";"FOCUS I Stufenheck (DFW)";74;200208;200411;100;1753
"Kupplungssatz";479;16970;5;4;"FORD";"FOCUS I Turnier (DNW)";74;200208;200411;100;1753
"Kupplungssatz";479;16975;1;0;"OPEL";"ASTRA G Caravan (T98)";92;200209;200407;125;2172
"Kupplungssatz";479;16978;119;1;"HYUNDAI";"GETZ (TB)";46;200209;200509;63;1086
"Kupplungssatz";479;16980;2;7;"NISSAN";"PRIMASTAR Bus (X83)";60;200103;;80;1870
"Kupplungssatz";479;16981;1;7;"NISSAN";"PRIMASTAR Bus (X83)";74;200103;;101;1870
"Kupplungssatz";479;16982;9;2;"RENAULT";"MEGANE III Schrägheck (BZ0/1_, B3_)";85;201203;201508;116;1198
"Kupplungssatz";479;16986;6;1;"DAEWOO";"KALOS (KLAS)";61;200209;;83;1399
"Kupplungssatz";479;16992;3;5;"MERCEDES-BENZ";"E-CLASS (W211)";90;200207;200812;122;2148
"Kupplungssatz";479;16995;1;2;"VOLVO";"XC70 I Cross Country (295)";154;200209;200708;209;2521
"Kupplungssatz";479;16996;3;1;"BMW";"1 (F20)";160;201203;201502;218;1995
"Kupplungssatz";479;16998;15;0;"SUBARU";"FORESTER (SG_)";92;200206;200505;125;1994
"Kupplungssatz";479;16999;2;1;"SUBARU";"FORESTER (SG_)";130;200202;200505;177;1994
"Kupplungssatz";479;17006;1;0;"MG";"MGF (RD)";118;200110;200203;160;1796
"Kupplungssatz";479;17009;10;3;"AUDI";"A3 (8P1)";110;200305;200806;150;1984
"Kupplungssatz";479;17068;3;4;"OPEL";"SIGNUM CC (Z03)";114;200305;200809;155;2198
"Kupplungssatz";479;17073;14;2;"VW";"NEW BEETLE Cabriolet (1Y7)";75;200301;201009;102;1595
"Kupplungssatz";479;17074;1;2;"VW";"NEW BEETLE Cabriolet (1Y7)";85;200209;201010;115;1984
"Kupplungssatz";479;17079;21;1;"SEAT";"IBIZA III (6L1)";55;200205;200512;75;1422
"Kupplungssatz";479;17081;6;1;"NISSAN";"PICK UP (D21)";66;198809;199712;90;1952
"Kupplungssatz";479;17084;6;0;"NISSAN";"PICK UP (D21)";55;198709;199802;75;2494
"Kupplungssatz";479;17086;1;0;"OPEL";"CAMPO (TF0, TF1)";45;198708;199008;61;2238
"Kupplungssatz";479;17095;2;2;"OPEL";"ASTRA G Coupe (T98)";141;200108;200505;192;1998
"Kupplungssatz";479;17098;3;1;"RENAULT";"ESPACE IV (JK0/1_)";100;200211;201501;136;1998
"Kupplungssatz";479;17100;5;3;"OPEL";"FRONTERA B (U99)";88;200209;200407;120;2171
"Kupplungssatz";479;17104;125;4;"MAZDA";"2 (DY)";59;200304;200706;80;1388
"Kupplungssatz";479;17105;8;2;"MAZDA";"2 (DY)";74;200304;200706;100;1596
"Kupplungssatz";479;17106;2;2;"SMART";"ROADSTER (452)";60;200304;200511;82;698
"Kupplungssatz";479;17107;7;2;"SMART";"ROADSTER Coupe (452)";60;200304;200511;82;698
"Kupplungssatz";479;17114;33;2;"FORD";"STREET KA (RL2)";70;200305;200507;95;1599
"Kupplungssatz";479;17115;1;0;"LEXUS";"IS SportCross (_E1_)";114;200210;200510;155;1988
"Kupplungssatz";479;17116;2;1;"SEAT";"CORDOBA (6L2)";47;200210;200606;64;1198
"Kupplungssatz";479;17117;13;2;"SEAT";"CORDOBA (6L2)";55;200209;200712;75;1390
"Kupplungssatz";479;17118;2;5;"SEAT";"CORDOBA (6L2)";96;200210;200911;131;1896
"Kupplungssatz";479;17119;57;5;"VW";"TOURAN (1T1, 1T2)";74;200302;200405;100;1896
"Kupplungssatz";479;17122;8;3;"VW";"NEW BEETLE Cabriolet (1Y7)";74;200306;201009;100;1896
"Kupplungssatz";479;17125;4;3;"RENAULT";"ESPACE IV (JK0/1_)";88;200211;;120;1870
"Kupplungssatz";479;17126;27;1;"HONDA";"ACCORD VII (CL, CN)";114;200302;200805;155;1998
"Kupplungssatz";479;17127;8;0;"HONDA";"ACCORD VII (CL, CN)";140;200302;200805;190;2354
"Kupplungssatz";479;17128;1;6;"MERCEDES-BENZ";"E-CLASS (W211)";120;200211;200812;163;1796
"Kupplungssatz";479;17130;2;1;"MERCEDES-BENZ";"C-CLASS Coupe (CL203)";160;200209;200805;218;3199
"Kupplungssatz";479;17132;8;2;"VW";"NEW BEETLE Cabriolet (1Y7)";55;200301;201009;75;1390
"Kupplungssatz";479;17134;11;1;"FIAT";"STILO Multi Wagon (192_)";76;200301;200808;103;1596
"Kupplungssatz";479;17137;7;2;"FIAT";"STILO Multi Wagon (192_)";85;200301;200808;115;1910
"Kupplungssatz";479;17139;2;2;"VOLVO";"V70 II (285)";154;200207;200708;209;2521
"Kupplungssatz";479;17141;10;7;"NISSAN";"PRIMASTAR Kasten (X83)";74;200209;;100;1870
"Kupplungssatz";479;17142;20;2;"AUDI";"A4 B6 Cabriolet (8H7)";120;200207;200512;163;1781
"Kupplungssatz";479;17143;3;3;"AUDI";"TT (8N3)";110;200209;200606;150;1781
"Kupplungssatz";479;17147;2;1;"AUDI";"A4 B6 (8E2)";140;200211;200412;190;1781
"Kupplungssatz";479;17149;2;1;"AUDI";"A4 B6 Avant (8E5)";140;200211;200412;190;1781
"Kupplungssatz";479;17150;58;3;"VW";"SHARAN (7M8, 7M9, 7M6)";96;200211;201003;130;1896
"Kupplungssatz";479;17153;4;1;"SEAT";"CORDOBA (6L2)";74;200209;200911;100;1896
"Kupplungssatz";479;17154;1;1;"SEAT";"CORDOBA (6L2)";47;200209;200911;64;1896
"Kupplungssatz";479;17155;10;2;"SEAT";"CORDOBA (6L2)";74;200210;200911;100;1390
"Kupplungssatz";479;17157;15;3;"SEAT";"ALHAMBRA (7V8, 7V9)";96;200211;200811;131;1896
"Kupplungssatz";479;17158;115;2;"NISSAN";"MICRA III (K12)";59;200301;201006;80;1240
"Kupplungssatz";479;17159;26;2;"NISSAN";"MICRA III (K12)";65;200301;201006;88;1386
"Kupplungssatz";479;17161;10;3;"ALFA ROMEO";"147 (937_)";103;200211;201003;140;1910
"Kupplungssatz";479;17162;2;3;"ALFA ROMEO";"156 (932_)";103;200211;200509;140;1910
"Kupplungssatz";479;17163;5;3;"ALFA ROMEO";"156 Sportwagon (932_)";103;200211;200605;140;1910
"Kupplungssatz";479;17164;2;4;"MERCEDES-BENZ";"E-CLASS T-Model (S211)";120;200303;200907;163;1796
"Kupplungssatz";479;17165;4;2;"MERCEDES-BENZ";"E-CLASS T-Model (S211)";110;200303;200907;150;2148
"Kupplungssatz";479;17166;3;3;"MERCEDES-BENZ";"E-CLASS T-Model (S211)";130;200303;200907;177;2685
"Kupplungssatz";479;17171;8;1;"MINI";"MINI (R50, R53)";55;200306;200609;75;1364
"Kupplungssatz";479;17172;87;4;"AUDI";"A3 (8P1)";75;200305;201208;102;1595
"Kupplungssatz";479;17173;94;12;"AUDI";"A3 (8P1)";103;200305;201208;140;1968
"Kupplungssatz";479;17174;42;1;"VW";"TOURAN (1T1, 1T2)";85;200302;200701;115;1598
"Kupplungssatz";479;17175;36;6;"VW";"TOURAN (1T1, 1T2)";100;200302;201005;136;1968
"Kupplungssatz";479;17176;3;1;"BMW";"X5 (E53)";170;200004;200610;231;2979
"Kupplungssatz";479;17177;11;1;"FORD";"KA (RB_)";51;200208;200811;70;1299
"Kupplungssatz";479;17179;4;1;"SEAT";"CORDOBA (6L2)";55;200210;200512;75;1422
"Kupplungssatz";479;17180;205;2;"NISSAN";"MICRA III (K12)";48;200301;201006;65;1240
"Kupplungssatz";479;17181;1;2;"NISSAN";"MICRA III (K12)";48;200301;201006;65;1461
"Kupplungssatz";479;17182;21;1;"VW";"TOUAREG (7LA, 7L6, 7L7)";128;200301;201005;174;2461
"Kupplungssatz";479;17183;12;1;"RENAULT";"LAGUNA II (BG0/1_)";99;200208;200712;135;1998
"Kupplungssatz";479;17184;1;1;"RENAULT";"LAGUNA II (BG0/1_)";120;200301;200503;163;1998
"Kupplungssatz";479;17185;12;1;"RENAULT";"LAGUNA II Grandtour (KG0/1_)";99;200208;200712;135;1998
"Kupplungssatz";479;17186;1;1;"RENAULT";"LAGUNA II Grandtour (KG0/1_)";120;200301;200508;163;1998
"Kupplungssatz";479;17187;2;4;"MERCEDES-BENZ";"CLK Cabriolet (A209)";120;200302;201003;163;1796
"Kupplungssatz";479;17194;9;1;"NISSAN";"X-TRAIL I (T30)";121;200209;201301;165;2488
"Kupplungssatz";479;17197;13;2;"SMART";"CITY-COUPE (450)";37;200301;200401;50;698
"Kupplungssatz";479;17198;12;2;"SMART";"CITY-COUPE (450)";45;200301;200401;61;698
"Kupplungssatz";479;17200;6;2;"SMART";"CABRIO (450)";45;200301;200401;61;698
"Kupplungssatz";479;17203;17;5;"OPEL";"MERIVA A Großraumlimousine (X03)";64;200305;201005;87;1598
"Kupplungssatz";479;17204;123;9;"OPEL";"MERIVA A Großraumlimousine (X03)";74;200305;200601;100;1598
"Kupplungssatz";479;17205;43;7;"OPEL";"MERIVA A Großraumlimousine (X03)";74;200309;201005;100;1686
"Kupplungssatz";479;17206;4;1;"BMW";"3 Coupe (E46)";150;200303;200607;204;2993
"Kupplungssatz";479;17207;7;5;"OPEL";"SIGNUM CC (Z03)";90;200305;200507;122;1796
"Kupplungssatz";479;17208;1;2;"OPEL";"SIGNUM CC (Z03)";129;200305;200812;175;1998
"Kupplungssatz";479;17211;1;2;"OPEL";"SIGNUM CC (Z03)";92;200305;200404;125;2172
"Kupplungssatz";479;17215;1;2;"VW";"PASSAT B5.5 Variant (3B6)";132;200301;200505;180;2496
"Kupplungssatz";479;17216;57;1;"TOYOTA";"AVENSIS Stufenheck (_T25_)";95;200304;200811;129;1794
"Kupplungssatz";479;17217;5;1;"TOYOTA";"AVENSIS Stufenheck (_T25_)";108;200304;200811;147;1998
"Kupplungssatz";479;17218;13;2;"TOYOTA";"AVENSIS Stufenheck (_T25_)";85;200304;200811;116;1995
"Kupplungssatz";479;17219;87;1;"TOYOTA";"AVENSIS Kombi (_T25_)";95;200304;200811;129;1794
"Kupplungssatz";479;17220;23;1;"TOYOTA";"AVENSIS Kombi (_T25_)";108;200304;200811;147;1998
"Kupplungssatz";479;17221;34;2;"TOYOTA";"AVENSIS Kombi (_T25_)";85;200304;200811;116;1995
"Kupplungssatz";479;17226;3;2;"PEUGEOT";"EXPERT Kasten (222)";80;200007;200612;109;1997
"Kupplungssatz";479;17230;4;1;"TOYOTA";"LAND CRUISER PRADO (_J12_)";120;200209;200908;163;2982
"Kupplungssatz";479;17232;1;1;"AUDI";"A6 C5 Avant (4B5)";120;200207;200501;163;2496
"Kupplungssatz";479;17234;6;2;"DAEWOO";"MATIZ (M100, M150)";47;200301;;64;995
"Kupplungssatz";479;17235;34;1;"DAEWOO";"KALOS (KLAS)";53;200304;;72;1150
"Kupplungssatz";479;17236;7;1;"DAEWOO";"KALOS (KLAS)";69;200304;;94;1399
"Kupplungssatz";479;17239;31;2;"NISSAN";"ALMERA II Hatchback (N16)";72;200210;200609;98;1497
"Kupplungssatz";479;17240;1;1;"NISSAN";"ALMERA II Hatchback (N16)";85;200210;200609;116;1769
"Kupplungssatz";479;17241;7;1;"NISSAN";"ALMERA II Hatchback (N16)";60;200301;200609;82;1461
"Kupplungssatz";479;17242;31;2;"NISSAN";"ALMERA II (N16)";72;200210;200609;98;1497
"Kupplungssatz";479;17243;2;1;"NISSAN";"ALMERA II (N16)";85;200210;200609;116;1769
"Kupplungssatz";479;17244;2;1;"NISSAN";"ALMERA II (N16)";60;200301;200609;82;1461
"Kupplungssatz";479;17245;5;5;"OPEL";"ASTRA G CC (T98)";59;200304;200501;80;1686
"Kupplungssatz";479;17246;2;2;"OPEL";"ASTRA G CC (T98)";76;200211;200501;103;1598
"Kupplungssatz";479;17248;1;5;"OPEL";"ASTRA G Stufenheck (T98)";59;200304;200912;80;1686
"Kupplungssatz";479;17249;3;2;"OPEL";"ASTRA G Stufenheck (T98)";76;200212;200912;103;1598
"Kupplungssatz";479;17250;5;5;"OPEL";"ASTRA G Caravan (T98)";59;200304;200405;80;1686
"Kupplungssatz";479;17251;11;2;"OPEL";"ASTRA G Caravan (T98)";76;200212;200405;103;1598
"Kupplungssatz";479;17252;1;2;"OPEL";"ASTRA G Caravan (T98)";147;200211;200407;200;1998
"Kupplungssatz";479;17255;1;2;"HYUNDAI";"ELANTRA V Stufenheck (MD, UD)";110;201009;;150;1797
"Kupplungssatz";479;17256;1;2;"MINI";"MINI CLUBMAN (R55)";85;201003;201406;115;1598
"Kupplungssatz";479;17257;3;0;"TOYOTA";"4 RUNNER III (_N18_)";92;199511;200211;125;2982
"Kupplungssatz";479;17258;2;1;"JEEP";"CHEROKEE (KJ)";110;200211;200801;150;2776
"Kupplungssatz";479;17260;5;5;"OPEL";"COMBO Tour";64;200110;200609;87;1598
"Kupplungssatz";479;17261;1;4;"OPEL";"COMBO Tour";48;200110;200406;65;1686
"Kupplungssatz";479;17262;4;4;"OPEL";"COMBO Tour";55;200110;200406;75;1686
"Kupplungssatz";479;17263;16;1;"HONDA";"ACCORD VII Tourer (CM, CN)";114;200304;200805;155;1998
"Kupplungssatz";479;17266;17;1;"HYUNDAI";"COUPE II (GK)";105;200302;200908;143;1975
"Kupplungssatz";479;17267;2;1;"RENAULT";"KANGOO Express (FC0/1_)";42;200212;;57;1461
"Kupplungssatz";479;17268;3;1;"VW";"MULTIVAN T5 (7HM, 7HN, 7HF, 7EF, 7EM, 7EN)";85;200311;201508;115;1984
"Kupplungssatz";479;17270;96;3;"VW";"MULTIVAN T5 (7HM, 7HN, 7HF, 7EF, 7EM, 7EN)";96;200304;200911;130;2461
"Kupplungssatz";479;17271;95;5;"VW";"MULTIVAN T5 (7HM, 7HN, 7HF, 7EF, 7EM, 7EN)";128;200304;200911;174;2461
"Kupplungssatz";479;17272;8;4;"VW";"MULTIVAN T5 (7HM, 7HN, 7HF, 7EF, 7EM, 7EN)";77;200304;200911;105;1896
"Kupplungssatz";479;17276;5;2;"CITROËN";"C3 Pluriel (HB_)";80;200305;;109;1587
"Kupplungssatz";479;17277;9;1;"CITROËN";"C3 Pluriel (HB_)";54;200305;;73;1360
"Kupplungssatz";479;17278;158;2;"VW";"GOLF V (1K1)";55;200310;200605;75;1390
"Kupplungssatz";479;17280;66;6;"VW";"GOLF V (1K1)";103;200310;200811;140;1968
"Kupplungssatz";479;17281;3;3;"VW";"GOLF V (1K1)";110;200401;200811;150;1984
"Kupplungssatz";479;17282;4;2;"BMW";"3 Coupe (E46)";110;200311;200607;150;1995
"Kupplungssatz";479;17284;20;1;"MITSUBISHI";"OUTLANDER I (CU_W)";100;200305;200610;136;1997
"Kupplungssatz";479;17290;14;1;"BMW";"5 (E60)";125;200307;201003;170;2171
"Kupplungssatz";479;17291;2;2;"BMW";"5 (E60)";170;200112;200502;231;2979
"Kupplungssatz";479;17292;17;2;"BMW";"5 (E60)";160;200209;200509;218;2993
"Kupplungssatz";479;17293;1;1;"BMW";"5 (E60)";141;200309;200502;192;2494
"Kupplungssatz";479;17294;1;1;"BMW";"5 (E60)";245;200309;200508;333;4398
"Kupplungssatz";479;17295;8;2;"PEUGEOT";"206 Schrägheck (2A/C)";130;200307;200712;177;1997
"Kupplungssatz";479;17297;2;2;"SEAT";"LEON (1M1)";165;200307;200606;225;1781
"Kupplungssatz";479;17298;2;3;"SEAT";"IBIZA III (6L1)";132;200401;200802;180;1781
"Kupplungssatz";479;17301;1;1;"SUZUKI";"LIANA (ER, RH_)";78;200204;;106;1586
"Kupplungssatz";479;17303;2;0;"SUZUKI";"LIANA Schrägheck";78;200204;200712;106;1586
"Kupplungssatz";479;17304;1;0;"SUZUKI";"LIANA Schrägheck";78;200204;200712;106;1586
"Kupplungssatz";479;17306;1;2;"AUDI";"ALLROAD C5 (4BH)";120;200305;200508;163;2496
"Kupplungssatz";479;17307;1;2;"FORD";"GALAXY I (WGR)";103;200109;200605;140;2295
"Kupplungssatz";479;17308;8;1;"KIA";"RIO I Stufenheck (DC_)";55;200009;200502;75;1343
"Kupplungssatz";479;17310;2;1;"KIA";"RIO I Schrägheck (DC)";71;200209;200502;97;1493
"Kupplungssatz";479;17313;5;2;"LAND ROVER";"FREELANDER I (L314)";80;200103;200610;109;1951
"Kupplungssatz";479;17315;1;1;"MAZDA";"626 V (GF)";81;200010;200210;110;1998
"Kupplungssatz";479;17317;53;3;"MAZDA";"2 (DY)";55;200304;200706;75;1242
"Kupplungssatz";479;17318;22;5;"MAZDA";"2 (DY)";50;200304;200706;68;1399
"Kupplungssatz";479;17319;108;1;"TOYOTA";"YARIS (_P1_)";64;200204;200509;87;1298
"Kupplungssatz";479;17321;1;2;"SKODA";"FABIA I Combi (6Y5)";44;200004;200303;60;1397
"Kupplungssatz";479;17322;2;2;"VOLVO";"S60 I (384)";96;200105;201004;130;2401
"Kupplungssatz";479;17323;1;1;"AUDI";"A4 B6 Cabriolet (8H7)";120;200305;200512;163;1781
"Kupplungssatz";479;17325;38;1;"DAIHATSU";"CUORE VI (L251, L250_, L260_)";43;200305;;58;989
"Kupplungssatz";479;17326;7;2;"RENAULT";"KANGOO (KC0/1_)";62;200310;;84;1870
"Kupplungssatz";479;17327;2;2;"NISSAN";"MICRA III (K12)";60;200309;201006;82;1461
"Kupplungssatz";479;17328;1;0;"KIA";"SHUMA II (FB)";84;200304;200408;114;1793
"Kupplungssatz";479;17330;83;1;"CITROËN";"C2 (JM_)";44;200309;201209;60;1124
"Kupplungssatz";479;17331;65;1;"CITROËN";"C2 (JM_)";54;200309;200912;73;1360
"Kupplungssatz";479;17332;1;4;"CITROËN";"C2 (JM_)";80;200307;201010;109;1587
"Kupplungssatz";479;17333;42;2;"CITROËN";"C2 (JM_)";50;200307;200912;68;1398
"Kupplungssatz";479;17335;11;7;"RENAULT";"TRAFIC II Kasten (FL)";99;200305;200610;135;2463
"Kupplungssatz";479;17344;45;1;"TOYOTA";"AVENSIS (_T25_)";95;200303;200810;129;1794
"Kupplungssatz";479;17345;7;1;"TOYOTA";"AVENSIS (_T25_)";108;200303;200811;147;1998
"Kupplungssatz";479;17347;19;2;"TOYOTA";"AVENSIS (_T25_)";85;200304;200811;116;1995
"Kupplungssatz";479;17348;2;0;"MITSUBISHI";"CARISMA (DA_)";76;200009;200606;103;1597
"Kupplungssatz";479;17349;1;1;"MITSUBISHI";"CARISMA Stufenheck (DA_)";76;200009;200606;103;1597
"Kupplungssatz";479;17350;2;1;"BMW";"3 Compact (E46)";85;200303;200502;115;1995
"Kupplungssatz";479;17351;8;1;"BMW";"3 (E46)";150;200303;200502;204;2993
"Kupplungssatz";479;17353;1;1;"BMW";"3 Touring (E46)";150;200303;200502;204;2993
"Kupplungssatz";479;17357;13;4;"VW";"TRANSPORTER T5 Pritsche/Fahrgestell (7JD, 7JE, 7JL, 7JY, 7JZ";63;200304;200911;85;1896
"Kupplungssatz";479;17358;14;4;"VW";"TRANSPORTER T5 Pritsche/Fahrgestell (7JD, 7JE, 7JL, 7JY, 7JZ";77;200304;200911;105;1896
"Kupplungssatz";479;17359;16;3;"VW";"TRANSPORTER T5 Pritsche/Fahrgestell (7JD, 7JE, 7JL, 7JY, 7JZ";96;200304;200911;130;2461
"Kupplungssatz";479;17361;1;1;"VW";"TRANSPORTER T5 Pritsche/Fahrgestell (7JD, 7JE, 7JL, 7JY, 7JZ";85;200311;201305;115;1984
"Kupplungssatz";479;17363;58;4;"VW";"TRANSPORTER T5 Kasten (7HA, 7HH, 7EA, 7EH)";63;200304;200911;85;1896
"Kupplungssatz";479;17364;56;4;"VW";"TRANSPORTER T5 Kasten (7HA, 7HH, 7EA, 7EH)";77;200304;200911;105;1896
"Kupplungssatz";479;17365;60;3;"VW";"TRANSPORTER T5 Kasten (7HA, 7HH, 7EA, 7EH)";96;200304;200911;130;2461
"Kupplungssatz";479;17366;14;5;"VW";"TRANSPORTER T5 Kasten (7HA, 7HH, 7EA, 7EH)";128;200304;200911;174;2461
"Kupplungssatz";479;17367;10;1;"VW";"TRANSPORTER T5 Kasten (7HA, 7HH, 7EA, 7EH)";85;200311;201508;115;1984
"Kupplungssatz";479;17369;24;4;"VW";"TRANSPORTER T5 Bus (7HB, 7HJ, 7EB, 7EJ)";63;200304;200911;85;1896
"Kupplungssatz";479;17370;65;4;"VW";"TRANSPORTER T5 Bus (7HB, 7HJ, 7EB, 7EJ)";77;200304;200911;105;1896
"Kupplungssatz";479;17371;118;3;"VW";"TRANSPORTER T5 Bus (7HB, 7HJ, 7EB, 7EJ)";96;200304;200911;130;2461
"Kupplungssatz";479;17372;25;5;"VW";"TRANSPORTER T5 Bus (7HB, 7HJ, 7EB, 7EJ)";128;200304;200911;174;2461
"Kupplungssatz";479;17373;3;1;"VW";"TRANSPORTER T5 Bus (7HB, 7HJ, 7EB, 7EJ)";85;200311;201508;115;1984
"Kupplungssatz";479;17375;14;3;"MERCEDES-BENZ";"C-CLASS (W203)";90;200304;200702;122;2148
"Kupplungssatz";479;17378;8;3;"MERCEDES-BENZ";"C-CLASS T-Model (S203)";90;200304;200708;122;2148
"Kupplungssatz";479;17379;1;3;"MERCEDES-BENZ";"C-CLASS Coupe (CL203)";90;200303;200805;122;2148
"Kupplungssatz";479;17380;1;2;"PORSCHE";"911 (996)";331;200302;200508;450;3600
"Kupplungssatz";479;17392;26;2;"FIAT";"PUNTO (188_)";51;200306;201203;70;1248
"Kupplungssatz";479;17393;47;1;"SKODA";"FABIA I (6Y2)";47;200301;200803;64;1198
"Kupplungssatz";479;17394;10;1;"SKODA";"FABIA I Stufenheck (6Y3)";47;200301;200712;64;1198
"Kupplungssatz";479;17395;29;1;"SKODA";"FABIA I Combi (6Y5)";47;200301;200712;64;1198
"Kupplungssatz";479;17398;78;7;"AUDI";"A3 (8P1)";77;200305;201005;105;1896
"Kupplungssatz";479;17400;1;0;"MITSUBISHI";"OUTLANDER I (CU_W)";118;200311;200709;160;2378
"Kupplungssatz";479;17402;14;2;"PEUGEOT";"307 CC (3B)";100;200310;200506;136;1997
"Kupplungssatz";479;17403;4;2;"PEUGEOT";"307 CC (3B)";130;200310;200904;177;1997
"Kupplungssatz";479;17404;3;0;"MAZDA";"RX-8 (SE, FE)";170;200310;201206;231;1308
"Kupplungssatz";479;17405;15;0;"MAZDA";"RX-8 (SE, FE)";141;200310;201206;192;1308
"Kupplungssatz";479;17407;2;2;"VW";"PASSAT B5.5 Variant (3B6)";120;200305;200505;163;2496
"Kupplungssatz";479;17410;5;2;"MERCEDES-BENZ";"VIANO (W639)";110;200309;;150;2148
"Kupplungssatz";479;17412;18;2;"MERCEDES-BENZ";"VITO / MIXTO Kasten (W639)";110;200309;;150;2148
"Kupplungssatz";479;17413;16;2;"MERCEDES-BENZ";"VITO / MIXTO Kasten (W639)";80;200309;;109;2148
"Kupplungssatz";479;17417;8;2;"MERCEDES-BENZ";"VITO Bus (W639)";80;200309;;109;2148
"Kupplungssatz";479;17418;12;2;"MERCEDES-BENZ";"VITO Bus (W639)";110;200309;;150;2148
"Kupplungssatz";479;17424;4;2;"HYUNDAI";"TERRACAN (HP)";110;200112;200612;150;2902
"Kupplungssatz";479;17435;9;1;"NISSAN";"350Z Coupe (Z33)";206;200310;200612;280;3498
"Kupplungssatz";479;17436;1;2;"ALFA ROMEO";"147 (937_)";74;200306;201003;101;1910
"Kupplungssatz";479;17439;9;3;"TOYOTA";"COROLLA (_E12_)";85;200305;200702;116;1995
"Kupplungssatz";479;17441;4;3;"RENAULT";"SCÉNIC II (JM0/1_)";88;200306;200605;120;1870
"Kupplungssatz";479;17442;10;3;"RENAULT";"SCÉNIC II (JM0/1_)";99;200306;200906;135;1998
"Kupplungssatz";479;17443;4;2;"RENAULT";"SCÉNIC II (JM0/1_)";60;200306;200605;82;1461
"Kupplungssatz";479;17444;37;5;"RENAULT";"SCÉNIC II (JM0/1_)";83;200306;200610;113;1598
"Kupplungssatz";479;17445;3;1;"RENAULT";"SCÉNIC II (JM0/1_)";72;200306;200811;98;1390
"Kupplungssatz";479;17449;48;3;"LANCIA";"YPSILON (843_)";44;200310;201112;60;1242
"Kupplungssatz";479;17450;8;1;"LANCIA";"YPSILON (843_)";59;200310;201112;80;1242
"Kupplungssatz";479;17451;17;2;"LANCIA";"YPSILON (843_)";70;200310;201112;95;1368
"Kupplungssatz";479;17452;5;2;"LANCIA";"YPSILON (843_)";51;200310;201112;70;1248
"Kupplungssatz";479;17456;4;5;"SKODA";"FABIA I (6Y2)";96;200306;200803;130;1896
"Kupplungssatz";479;17458;6;12;"AUDI";"A3 (8P1)";100;200305;201208;136;1968
"Kupplungssatz";479;17459;47;1;"MITSUBISHI";"L200 (K7_T, K6_T, K5_T)";85;200109;200712;115;2477
"Kupplungssatz";479;17463;5;1;"FIAT";"STRADA Pick-up (178_, 278_)";46;200012;;63;1910
"Kupplungssatz";479;17466;4;0;"HYUNDAI";"H-1 Kasten (A1)";74;200110;200708;101;2476
"Kupplungssatz";479;17467;1;2;"FIAT";"SCUDO Kasten (220_)";100;200005;200612;136;1997
"Kupplungssatz";479;17468;1;0;"DAIHATSU";"COPEN (L880_, L881_)";50;200309;200712;68;659
"Kupplungssatz";479;17472;1;1;"AUDI";"TT Roadster (8N9)";184;200307;200606;250;3189
"Kupplungssatz";479;17473;6;1;"LAND ROVER";"DEFENDER Pick Up (L316)";90;199806;201602;122;2495
"Kupplungssatz";479;17474;4;1;"LAND ROVER";"DEFENDER Cabrio (L316)";90;199806;201602;122;2495
"Kupplungssatz";479;17475;3;4;"SKODA";"OCTAVIA I (1U2)";96;200209;200409;130;1896
"Kupplungssatz";479;17476;1;4;"SKODA";"OCTAVIA I Combi (1U5)";96;200209;200409;130;1896
"Kupplungssatz";479;17481;2;2;"CITROËN";"JUMPY I Kasten (BS_, BT_, BY_, BZ_)";80;200110;200610;109;1997
"Kupplungssatz";479;17482;9;2;"FIAT";"STRADA Pick-up (178_, 278_)";59;200304;;80;1910
"Kupplungssatz";479;17484;361;6;"VW";"GOLF V (1K1)";77;200310;200811;105;1896
"Kupplungssatz";479;17485;27;2;"HONDA";"ACCORD VII (CL, CN)";103;200401;200805;140;2204
"Kupplungssatz";479;17486;8;2;"HONDA";"ACCORD VII Tourer (CM, CN)";103;200401;200805;140;2204
"Kupplungssatz";479;17493;7;4;"FIAT";"STRADA Pick-up (178_, 278_)";44;200304;;60;1242
"Kupplungssatz";479;17495;2;2;"FIAT";"SCUDO Kasten (220_)";80;200212;200612;109;1997
"Kupplungssatz";479;17501;12;8;"OPEL";"VIVARO A Bus (X83)";99;200304;201003;135;2463
"Kupplungssatz";479;17502;8;8;"OPEL";"VIVARO A Kasten (X83)";99;200304;201003;135;2463
"Kupplungssatz";479;17506;1;1;"PORSCHE";"911 (996)";254;200302;200508;345;3596
"Kupplungssatz";479;17507;1;1;"PORSCHE";"911 (996)";254;200302;200407;345;3596
"Kupplungssatz";479;17511;14;7;"RENAULT";"TRAFIC II Bus (JL)";99;200305;200610;135;2463
"Kupplungssatz";479;17512;9;1;"RENAULT";"KANGOO Express (FC0/1_)";60;200304;;82;1461
"Kupplungssatz";479;17515;4;5;"SEAT";"LEON (1M1)";96;200305;200606;130;1896
"Kupplungssatz";479;17517;3;1;"SKODA";"FABIA I Stufenheck (6Y3)";55;200304;200712;75;1422
"Kupplungssatz";479;17518;10;1;"SKODA";"FABIA I Combi (6Y5)";55;200304;200712;75;1422
"Kupplungssatz";479;17519;3;1;"SKODA";"FABIA I (6Y2)";55;200304;200803;75;1422
"Kupplungssatz";479;17524;2;1;"HONDA";"CIVIC VI Coupe (EJ, EM1)";92;199603;200003;125;1590
"Kupplungssatz";479;17525;3;1;"HONDA";"CIVIC VI Coupe (EJ, EM1)";77;199603;200003;105;1590
"Kupplungssatz";479;17536;1;3;"NISSAN";"PRIMERA (P12)";88;200304;200710;120;1870
"Kupplungssatz";479;17547;9;5;"JAGUAR";"X-TYPE I (X400)";96;200307;200911;130;1998
"Kupplungssatz";479;17561;5;0;"MAZDA";"B-SERIE (UN)";62;200212;200611;84;2499
"Kupplungssatz";479;17562;6;0;"MAZDA";"B-SERIE (UN)";62;200212;200611;84;2499
"Kupplungssatz";479;17564;4;2;"SMART";"CITY-COUPE (450)";52;200206;200401;71;599
"Kupplungssatz";479;17569;79;1;"TOYOTA";"YARIS (_P1_)";48;200303;200509;65;998
"Kupplungssatz";479;17570;16;1;"HYUNDAI";"ELANTRA III Stufenheck (XD)";77;200305;200605;105;1599
"Kupplungssatz";479;17571;2;1;"HYUNDAI";"ELANTRA III (XD)";77;200305;200607;105;1599
"Kupplungssatz";479;17572;75;1;"VW";"TOURAN (1T1, 1T2)";75;200307;201005;102;1595
"Kupplungssatz";479;17574;24;2;"OPEL";"AGILA (A) (H00)";44;200308;200712;60;998
"Kupplungssatz";479;17575;13;1;"OPEL";"AGILA (A) (H00)";51;200308;200712;70;1248
"Kupplungssatz";479;17576;1;2;"PEUGEOT";"PARTNER Kasten/Großraumlimousine (5_, G_)";55;200304;200610;75;1360
"Kupplungssatz";479;17577;2;2;"AUDI";"A3 (8P1)";184;200307;200905;250;3189
"Kupplungssatz";479;17578;44;1;"AUDI";"A3 (8P1)";85;200308;200709;115;1598
"Kupplungssatz";479;17580;12;2;"DAEWOO";"LACETTI Schrägheck (KLAN)";70;200402;;95;1399
"Kupplungssatz";479;17611;12;3;"FORD";"GALAXY I (WGR)";96;200302;200605;130;1896
"Kupplungssatz";479;17613;2;1;"FORD";"MONDEO III Turnier (BWY)";96;200306;200703;130;1798
"Kupplungssatz";479;17622;4;2;"ALFA ROMEO";"156 (932_)";129;200310;200509;175;2387
"Kupplungssatz";479;17623;2;2;"ALFA ROMEO";"156 Sportwagon (932_)";129;200310;200605;175;2387
"Kupplungssatz";479;17625;8;2;"BMW";"X5 (E53)";160;200310;200609;218;2993
"Kupplungssatz";479;17626;12;2;"AUDI";"A2 (8Z0)";66;200311;200508;90;1422
"Kupplungssatz";479;17627;209;1;"FIAT";"PANDA (169_)";40;200309;;54;1108
"Kupplungssatz";479;17628;278;3;"FIAT";"PANDA (169_)";44;200309;;60;1242
"Kupplungssatz";479;17630;19;5;"FORD";"FOCUS C-MAX (DM2)";88;200310;200703;120;1798
"Kupplungssatz";479;17631;25;3;"FORD";"FOCUS C-MAX (DM2)";80;200310;200703;109;1560
"Kupplungssatz";479;17632;17;5;"FORD";"FOCUS C-MAX (DM2)";100;200310;200703;136;1997
"Kupplungssatz";479;17640;18;2;"FIAT";"PANDA (169_)";51;200309;;70;1248
"Kupplungssatz";479;17645;117;1;"VW";"GOLF V (1K1)";85;200310;200807;115;1598
"Kupplungssatz";479;17646;1;2;"OPEL";"VECTRA C Caravan (Z02)";92;200310;200512;125;2172
"Kupplungssatz";479;17648;1;0;"OPEL";"VECTRA C Caravan (Z02)";155;200310;200507;211;3175
"Kupplungssatz";479;17650;11;4;"OPEL";"VECTRA C Caravan (Z02)";114;200310;200808;155;2198
"Kupplungssatz";479;17651;2;2;"OPEL";"VECTRA C Caravan (Z02)";129;200310;200808;175;1998
"Kupplungssatz";479;17653;4;4;"OPEL";"VECTRA C Caravan (Z02)";90;200310;200609;122;1796
"Kupplungssatz";479;17656;72;1;"SUBARU";"JUSTY III (G3X)";69;200309;;94;1328
"Kupplungssatz";479;17657;14;1;"SUBARU";"JUSTY III (G3X)";73;200309;;99;1490
"Kupplungssatz";479;17658;8;1;"SUBARU";"OUTBACK (BL, BP)";121;200311;200909;165;2457
"Kupplungssatz";479;17660;1;1;"SUBARU";"LEGACY IV (BL)";101;200309;200510;138;1994
"Kupplungssatz";479;17661;6;1;"SUBARU";"LEGACY IV Kombi (BP)";101;200309;200510;138;1994
"Kupplungssatz";479;17662;5;1;"SUBARU";"LEGACY IV Kombi (BP)";121;200309;200904;165;2457
"Kupplungssatz";479;17666;1;0;"MERCEDES-BENZ";"E-CLASS T-Model (S124)";93;199306;199606;126;2497
"Kupplungssatz";479;17669;190;1;"MAZDA";"3 (BK)";77;200310;200906;105;1598
"Kupplungssatz";479;17670;9;1;"MAZDA";"3 (BK)";110;200310;200912;150;1999
"Kupplungssatz";479;17671;28;1;"MAZDA";"3 Stufenheck (BK)";77;200402;200906;105;1598
"Kupplungssatz";479;17672;2;2;"MAZDA";"3 Stufenheck (BK)";110;200310;200912;150;1999
"Kupplungssatz";479;17674;2;2;"CITROËN";"BERLINGO / BERLINGO FIRST Kasten/Großraumlimousine (M_)";55;200304;200510;75;1360
"Kupplungssatz";479;17675;1;2;"CITROËN";"BERLINGO / BERLINGO FIRST Großraumlimousine (MF_, GJK_, GFK_";55;200304;200810;75;1360
"Kupplungssatz";479;17678;3;1;"CITROËN";"XSARA (N1)";50;200301;200503;68;1398
"Kupplungssatz";479;17686;1;3;"NISSAN";"ALMERA TINO (V10)";100;200309;200602;136;2184
"Kupplungssatz";479;17687;2;8;"NISSAN";"PRIMASTAR Kasten (X83)";99;200307;;135;2463
"Kupplungssatz";479;17689;1;8;"NISSAN";"PRIMASTAR Bus (X83)";99;200307;;135;2463
"Kupplungssatz";479;17690;8;1;"NISSAN";"ALMERA TINO (V10)";85;200212;200602;116;1769
"Kupplungssatz";479;17695;52;2;"OPEL";"CORSA C (X01)";44;200306;200912;60;998
"Kupplungssatz";479;17696;76;8;"OPEL";"CORSA C (X01)";51;200306;200912;70;1248
"Kupplungssatz";479;17698;54;2;"SUZUKI";"IGNIS II (MH)";69;200309;;94;1328
"Kupplungssatz";479;17699;6;1;"SUZUKI";"IGNIS II (MH)";73;200309;;99;1490
"Kupplungssatz";479;17700;8;1;"SUZUKI";"IGNIS II (MH)";73;200309;;99;1490
"Kupplungssatz";479;17701;8;1;"SUZUKI";"IGNIS II (MH)";51;200309;;70;1248
"Kupplungssatz";479;17702;67;2;"FORD";"FIESTA V (JH_, JD_)";51;200303;200806;70;1242
"Kupplungssatz";479;17703;69;3;"FORD";"FIESTA V (JH_, JD_)";55;200205;200806;75;1242
"Kupplungssatz";479;17704;1;2;"ALFA ROMEO";"166 (936_)";129;200310;200706;175;2387
"Kupplungssatz";479;17705;6;1;"TOYOTA";"YARIS (_P1_)";77;200301;200511;105;1497
"Kupplungssatz";479;17706;25;1;"TOYOTA";"YARIS VERSO (_P2_)";62;200211;200509;84;1299
"Kupplungssatz";479;17707;8;1;"TOYOTA";"YARIS VERSO (_P2_)";77;200003;200509;105;1497
"Kupplungssatz";479;17712;2;2;"OPEL";"ASTRA G Cabriolet (T98)";76;200301;200510;103;1598
"Kupplungssatz";479;17717;20;1;"NISSAN";"PICK UP (D22)";98;200203;201012;133;2488
"Kupplungssatz";479;17718;15;3;"RENAULT";"MEGANE II (BM0/1_, CM0/1_)";74;200310;200802;101;1461
"Kupplungssatz";479;17719;2;3;"RENAULT";"MEGANE II (BM0/1_, CM0/1_)";60;200310;200802;82;1390
"Kupplungssatz";479;17720;3;0;"CHRYSLER";"PT CRUISER (PT_)";164;200308;201012;223;2429
"Kupplungssatz";479;17721;20;3;"RENAULT";"MEGANE II Coupé-Cabriolet (EM0/1_)";83;200309;200903;113;1598
"Kupplungssatz";479;17722;13;3;"RENAULT";"MEGANE II Coupé-Cabriolet (EM0/1_)";99;200309;200912;135;1998
"Kupplungssatz";479;17724;2;3;"RENAULT";"MEGANE II Stufenheck (LM0/1_)";60;200309;;82;1390
"Kupplungssatz";479;17725;7;3;"RENAULT";"MEGANE II Stufenheck (LM0/1_)";72;200309;;98;1390
"Kupplungssatz";479;17726;13;3;"RENAULT";"MEGANE II Stufenheck (LM0/1_)";83;200309;;113;1598
"Kupplungssatz";479;17728;3;3;"RENAULT";"MEGANE II Stufenheck (LM0/1_)";60;200308;201012;82;1461
"Kupplungssatz";479;17729;1;6;"RENAULT";"MEGANE II Stufenheck (LM0/1_)";88;200309;;120;1870
"Kupplungssatz";479;17730;3;3;"RENAULT";"MEGANE II Kombi (KM0/1_)";72;200308;200907;98;1390
"Kupplungssatz";479;17731;19;3;"RENAULT";"MEGANE II Kombi (KM0/1_)";83;200308;200907;113;1598
"Kupplungssatz";479;17733;6;2;"RENAULT";"MEGANE II Kombi (KM0/1_)";60;200308;200605;82;1461
"Kupplungssatz";479;17734;8;6;"RENAULT";"MEGANE II Kombi (KM0/1_)";88;200308;200907;120;1870
"Kupplungssatz";479;17738;3;2;"VW";"POLO IV Stufenheck (9A4, 9A2, 9N2, 9A6)";55;200211;201204;75;1390
"Kupplungssatz";479;17739;1;2;"VW";"POLO IV Stufenheck (9A4, 9A2, 9N2, 9A6)";74;200311;200506;101;1390
"Kupplungssatz";479;17740;1;1;"VW";"POLO IV Stufenheck (9A4, 9A2, 9N2, 9A6)";47;200209;201204;64;1896
"Kupplungssatz";479;17742;3;5;"VW";"POLO (9N_, 9A_)";96;200311;200911;130;1896
"Kupplungssatz";479;17743;45;2;"VW";"GOLF V (1K1)";66;200310;200607;90;1390
"Kupplungssatz";479;17745;76;3;"FORD";"FOCUS C-MAX (DM2)";74;200310;200703;100;1596
"Kupplungssatz";479;17746;5;1;"PEUGEOT";"206 SW (2E/K)";65;200310;;88;1360
"Kupplungssatz";479;17747;19;2;"SMART";"FORFOUR (454)";55;200401;200606;75;1124
"Kupplungssatz";479;17748;15;2;"SMART";"FORFOUR (454)";70;200401;200606;95;1332
"Kupplungssatz";479;17749;11;2;"SMART";"FORFOUR (454)";80;200401;200606;109;1499
"Kupplungssatz";479;17750;2;1;"MITSUBISHI";"LANCER VII (CS_A, CT_A)";60;200309;201312;82;1299
"Kupplungssatz";479;17751;8;1;"MITSUBISHI";"LANCER VII (CS_A, CT_A)";72;200309;201312;98;1584
"Kupplungssatz";479;17752;1;1;"MITSUBISHI";"LANCER VII Kombi (CS_W, CT_W)";72;200309;200810;98;1584
"Kupplungssatz";479;17753;5;0;"MITSUBISHI";"LANCER VII Kombi (CS_W, CT_W)";99;200309;200712;135;1997
"Kupplungssatz";479;17754;1;0;"MITSUBISHI";"PAJERO SPORT I (K7_, K9_)";98;200308;;133;2477
"Kupplungssatz";479;17755;11;0;"MITSUBISHI";"L200 (K7_T, K6_T, K5_T)";98;200108;200712;133;2477
"Kupplungssatz";479;17757;8;3;"HYUNDAI";"ACCENT II (LC)";62;200208;200511;84;1341
"Kupplungssatz";479;17758;1;1;"HYUNDAI";"H-1 Kasten (A1)";103;200308;200712;140;2497
"Kupplungssatz";479;17759;1;8;"SAAB";"9-3 Cabriolet (YS3F)";129;200308;201502;175;1998
"Kupplungssatz";479;17764;15;1;"SUZUKI";"WAGON R+ Schrägheck (MM)";69;200309;;94;1328
"Kupplungssatz";479;17765;6;1;"SUZUKI";"WAGON R+ Schrägheck (MM)";51;200309;;70;1248
"Kupplungssatz";479;17766;11;3;"VW";"TOURAN (1T1, 1T2)";110;200310;200701;150;1984
"Kupplungssatz";479;17767;3;1;"HYUNDAI";"ACCENT II (LC)";77;200212;200511;105;1599
"Kupplungssatz";479;17768;261;13;"VW";"TOURAN (1T1, 1T2)";77;200308;201005;105;1896
"Kupplungssatz";479;17770;62;6;"VW";"TOURAN (1T1, 1T2)";103;200308;201005;140;1968
"Kupplungssatz";479;17775;3;1;"BMW";"5 Touring (E61)";141;200406;201012;192;2494
"Kupplungssatz";479;17778;3;2;"BMW";"5 Touring (E61)";160;200403;200509;218;2993
"Kupplungssatz";479;17779;23;2;"FIAT";"PUNTO (188_)";70;200309;201203;95;1368
"Kupplungssatz";479;17780;25;1;"FIAT";"PUNTO (188_)";44;200309;201203;60;1242
"Kupplungssatz";479;17781;13;3;"FORD";"TRANSIT Pritsche/Fahrgestell (FM_ _, FN_ _)";92;200107;200605;125;2402
"Kupplungssatz";479;17782;3;3;"FORD";"TRANSIT Kasten (FA_ _)";92;200107;200605;125;2402
"Kupplungssatz";479;17783;66;7;"FORD";"TRANSIT CONNECT (P65_, P70_, P80_)";66;200206;201312;90;1753
"Kupplungssatz";479;17790;4;2;"ALFA ROMEO";"GT (937_)";121;200311;201009;165;1970
"Kupplungssatz";479;17791;3;0;"ALFA ROMEO";"GT (937_)";176;200311;201009;240;3179
"Kupplungssatz";479;17792;27;3;"ALFA ROMEO";"GT (937_)";110;200311;201009;150;1910
"Kupplungssatz";479;17794;2;1;"ROVER";"STREETWISE Schrägheck";76;200308;200505;103;1396
"Kupplungssatz";479;17795;1;0;"ROVER";"STREETWISE Schrägheck";74;200308;200505;101;1994
"Kupplungssatz";479;17800;4;1;"SMART";"FORFOUR (454)";50;200409;200606;68;1493
"Kupplungssatz";479;17801;4;1;"SMART";"FORFOUR (454)";70;200409;200606;95;1493
"Kupplungssatz";479;17802;3;0;"HONDA";"CIVIC VII Stufenheck (ES, ET)";61;200310;200509;83;1339
"Kupplungssatz";479;17803;21;1;"VW";"CADDY III Großraumlimousine (2KB, 2KJ, 2CB, 2CJ)";55;200403;200605;75;1390
"Kupplungssatz";479;17804;5;1;"VW";"CADDY III Kasten/Großraumlimousine (2KA, 2KH, 2CA, 2CH)";55;200403;200605;75;1390
"Kupplungssatz";479;17805;8;1;"VW";"CADDY III Kasten/Großraumlimousine (2KA, 2KH, 2CA, 2CH)";75;200404;201505;102;1595
"Kupplungssatz";479;17806;92;1;"VW";"CADDY III Großraumlimousine (2KB, 2KJ, 2CB, 2CJ)";75;200404;201505;102;1595
"Kupplungssatz";479;17807;23;1;"VW";"CADDY III Großraumlimousine (2KB, 2KJ, 2CB, 2CJ)";51;200403;201008;70;1968
"Kupplungssatz";479;17808;83;1;"VW";"CADDY III Kasten/Großraumlimousine (2KA, 2KH, 2CA, 2CH)";51;200403;201008;70;1968
"Kupplungssatz";479;17809;134;7;"VW";"CADDY III Kasten/Großraumlimousine (2KA, 2KH, 2CA, 2CH)";77;200404;201008;105;1896
"Kupplungssatz";479;17810;245;7;"VW";"CADDY III Großraumlimousine (2KB, 2KJ, 2CB, 2CJ)";77;200404;201008;105;1896
"Kupplungssatz";479;17811;1;1;"BMW";"X3 (E83)";170;200309;200607;231;2979
"Kupplungssatz";479;17812;2;2;"BMW";"X3 (E83)";141;200403;200607;192;2494
"Kupplungssatz";479;17813;7;2;"BMW";"X3 (E83)";150;200401;200508;204;2993
"Kupplungssatz";479;17816;60;2;"MINI";"MINI Cabriolet (R52)";66;200407;200711;90;1598
"Kupplungssatz";479;17817;82;2;"MINI";"MINI Cabriolet (R52)";85;200404;200807;116;1598
"Kupplungssatz";479;17818;17;3;"MINI";"MINI Cabriolet (R52)";125;200407;200711;170;1598
"Kupplungssatz";479;17819;3;2;"VOLVO";"S40 II (544)";103;200401;201012;140;2435
"Kupplungssatz";479;17820;3;2;"VOLVO";"V50 (545)";103;200404;201012;140;2435
"Kupplungssatz";479;17821;8;2;"VOLVO";"V50 (545)";125;200404;201012;170;2435
"Kupplungssatz";479;17822;1;2;"VOLVO";"S40 II (544)";125;200401;201212;170;2435
"Kupplungssatz";479;17824;2;4;"VOLVO";"V50 (545)";162;200404;200712;220;2521
"Kupplungssatz";479;17830;2;1;"BMW";"Z4 Roadster (E85)";125;200310;200510;170;2171
"Kupplungssatz";479;17834;28;1;"PEUGEOT";"206 Schrägheck (2A/C)";65;200310;200802;88;1360
"Kupplungssatz";479;17836;1;3;"SEAT";"IBIZA III (6L1)";110;200312;200805;150;1781
"Kupplungssatz";479;17839;4;4;"FIAT";"IDEA (350_)";59;200401;;80;1242
"Kupplungssatz";479;17840;15;2;"FIAT";"IDEA (350_)";70;200401;;95;1368
"Kupplungssatz";479;17841;11;1;"FIAT";"IDEA (350_)";51;200401;;70;1248
"Kupplungssatz";479;17842;1;2;"FIAT";"IDEA (350_)";74;200401;;101;1910
"Kupplungssatz";479;17844;110;5;"OPEL";"ASTRA H (A04)";66;200403;201010;90;1364
"Kupplungssatz";479;17845;159;9;"OPEL";"ASTRA H (A04)";77;200403;201010;105;1598
"Kupplungssatz";479;17846;15;5;"OPEL";"ASTRA H (A04)";92;200401;201010;125;1796
"Kupplungssatz";479;17847;14;4;"OPEL";"ASTRA H (A04)";59;200403;201010;80;1686
"Kupplungssatz";479;17848;79;6;"OPEL";"ASTRA H (A04)";74;200403;201010;100;1686
"Kupplungssatz";479;17849;1;3;"PEUGEOT";"407 (6D_)";100;200403;200507;136;1997
"Kupplungssatz";479;17852;29;3;"PEUGEOT";"407 (6D_)";100;200405;201010;136;1997
"Kupplungssatz";479;17854;3;2;"RENAULT";"CLIO I (B/C57_, 5/357_)";55;199101;199809;75;1390
"Kupplungssatz";479;17863;10;3;"MERCEDES-BENZ";"C-CLASS T-Model (S203)";110;200402;200708;150;2148
"Kupplungssatz";479;17864;2;3;"MERCEDES-BENZ";"C-CLASS (W203)";110;200302;200702;150;2148
"Kupplungssatz";479;17868;1;2;"RENAULT";"CLIO II (BB_, CB_)";74;200310;200504;100;1461
"Kupplungssatz";479;17870;8;1;"SUZUKI";"IGNIS I (FH)";80;200312;200512;109;1490
"Kupplungssatz";479;17871;8;1;"VW";"GOLF V (1K1)";55;200401;200811;75;1968
"Kupplungssatz";479;17872;160;1;"VW";"GOLF V (1K1)";75;200401;200811;102;1595
"Kupplungssatz";479;17873;4;1;"VW";"PASSAT B5.5 (3B3)";100;200312;200505;136;1968
"Kupplungssatz";479;17874;5;1;"VW";"PASSAT B5.5 Variant (3B6)";100;200312;200505;136;1968
"Kupplungssatz";479;17875;9;3;"MAZDA";"3 Stufenheck (BK)";80;200406;200906;109;1560
"Kupplungssatz";479;17876;11;3;"MAZDA";"3 (BK)";80;200406;200906;109;1560
"Kupplungssatz";479;17877;4;2;"CHRYSLER";"PT CRUISER Cabriolet";105;200403;200803;143;2429
"Kupplungssatz";479;17881;1;1;"JAGUAR";"X-TYPE I Kombi (X400)";169;200402;200912;230;2967
"Kupplungssatz";479;17884;2;0;"MERCEDES-BENZ";"SLK (R171)";120;200403;201102;163;1796
"Kupplungssatz";479;17887;49;2;"NISSAN";"X-TRAIL I (T30)";100;200106;200812;136;2184
"Kupplungssatz";479;17890;4;0;"NISSAN";"SUNNY III Liftback (N14)";64;199010;199506;87;1392
"Kupplungssatz";479;17891;3;0;"NISSAN";"SUNNY III (N14)";64;199010;199506;87;1392
"Kupplungssatz";479;17892;25;1;"CITROËN";"C3 I (FC_, FN_)";65;200312;;88;1360
"Kupplungssatz";479;17893;12;1;"AUDI";"A6 C6 (4F2)";130;200405;200810;177;2393
"Kupplungssatz";479;17896;23;3;"AUDI";"A6 C6 (4F2)";103;200407;200810;140;1968
"Kupplungssatz";479;17898;1;1;"AUDI";"A6 C6 (4F2)";165;200405;200605;225;2967
"Kupplungssatz";479;17899;1;2;"OPEL";"ASTRA H (A04)";125;200403;201010;170;1998
"Kupplungssatz";479;17900;34;2;"SEAT";"ALTEA (5P1)";75;200403;;102;1595
"Kupplungssatz";479;17901;2;3;"SEAT";"ALTEA (5P1)";110;200405;200903;150;1984
"Kupplungssatz";479;17902;33;7;"SEAT";"ALTEA (5P1)";77;200404;;105;1896
"Kupplungssatz";479;17903;22;12;"SEAT";"ALTEA (5P1)";103;200403;;140;1968
"Kupplungssatz";479;17905;24;4;"VOLVO";"S40 II (544)";100;200401;201012;136;1998
"Kupplungssatz";479;17906;68;6;"VOLVO";"V50 (545)";100;200404;201012;136;1998
"Kupplungssatz";479;17907;19;2;"FIAT";"STILO (192_)";70;200310;200612;95;1368
"Kupplungssatz";479;17908;1;0;"FIAT";"STILO (192_)";103;200401;200611;140;1910
"Kupplungssatz";479;17910;2;2;"FIAT";"STILO Multi Wagon (192_)";70;200401;200808;95;1368
"Kupplungssatz";479;17913;8;1;"PEUGEOT";"307 Break (3E)";65;200311;200707;88;1360
"Kupplungssatz";479;17914;17;3;"PEUGEOT";"307 Break (3E)";80;200203;200804;109;1587
"Kupplungssatz";479;17915;11;1;"PEUGEOT";"307 Break (3E)";66;200203;200804;90;1997
"Kupplungssatz";479;17920;1;0;"AUDI";"A8 D3 (4E2, 4E8)";171;200308;201007;233;2967
"Kupplungssatz";479;17926;1;2;"SEAT";"TOLEDO II (1M2)";132;200009;200407;180;1781
"Kupplungssatz";479;17928;5;2;"BMW";"1 (E81)";85;200709;201112;115;1596
"Kupplungssatz";479;17931;5;2;"BMW";"1 (E81)";120;200703;201112;163;1995
"Kupplungssatz";479;17934;4;12;"OPEL";"SIGNUM CC (Z03)";88;200404;200802;120;1910
"Kupplungssatz";479;17936;1;4;"OPEL";"VECTRA C CC (Z02)";114;200310;200808;155;2198
"Kupplungssatz";479;17937;3;4;"OPEL";"VECTRA C (Z02)";114;200310;200808;155;2198
"Kupplungssatz";479;17938;29;12;"OPEL";"VECTRA C Caravan (Z02)";88;200404;200901;120;1910
"Kupplungssatz";479;17939;8;12;"OPEL";"VECTRA C (Z02)";88;200404;200901;120;1910
"Kupplungssatz";479;17940;5;12;"OPEL";"VECTRA C CC (Z02)";88;200404;200901;120;1910
"Kupplungssatz";479;17941;3;4;"OPEL";"VECTRA C CC (Z02)";110;200404;200808;150;1910
"Kupplungssatz";479;17942;3;4;"OPEL";"VECTRA C (Z02)";110;200404;200808;150;1910
"Kupplungssatz";479;17945;26;4;"OPEL";"VECTRA C Caravan (Z02)";110;200404;200808;150;1910
"Kupplungssatz";479;17946;17;4;"OPEL";"SIGNUM CC (Z03)";110;200404;200802;150;1910
"Kupplungssatz";479;17948;6;1;"KIA";"CERATO I Stufenheck (LD)";105;200404;200701;143;1975
"Kupplungssatz";479;17950;14;1;"KIA";"CERATO I Schrägheck (LD)";77;200407;200701;105;1599
"Kupplungssatz";479;17951;1;2;"KIA";"CERATO I Schrägheck (LD)";105;200403;200705;143;1975
"Kupplungssatz";479;17954;1;1;"PORSCHE";"911 Cabriolet (996)";221;199802;200109;301;3387
"Kupplungssatz";479;17959;10;1;"FORD";"MAVERICK";110;200403;;150;2261
"Kupplungssatz";479;17961;34;3;"CITROËN";"XSARA PICASSO (N68)";80;200405;201112;109;1560
"Kupplungssatz";479;17962;5;2;"DAEWOO";"LACETTI Schrägheck (KLAN)";80;200402;;109;1598
"Kupplungssatz";479;17968;9;2;"BMW";"5 (E60)";130;200406;201003;177;2497
"Kupplungssatz";479;17969;4;2;"BMW";"5 Touring (E61)";130;200403;200703;177;2497
"Kupplungssatz";479;17970;100;7;"SKODA";"OCTAVIA II (1Z3)";77;200406;201012;105;1896
"Kupplungssatz";479;17971;24;11;"SKODA";"OCTAVIA II (1Z3)";103;200402;201304;140;1968
"Kupplungssatz";479;17972;1;2;"SKODA";"OCTAVIA II (1Z3)";55;200405;200605;75;1390
"Kupplungssatz";479;17973;47;1;"SKODA";"OCTAVIA II (1Z3)";75;200406;201306;102;1595
"Kupplungssatz";479;17974;10;1;"SKODA";"OCTAVIA II (1Z3)";85;200402;200810;115;1598
"Kupplungssatz";479;17978;20;2;"FIAT";"DOBLO Großraumlimousine (119_, 223_)";77;200307;;105;1910
"Kupplungssatz";479;17979;43;2;"FIAT";"DOBLO Kasten/Großraumlimousine (223_)";77;200307;;105;1910
"Kupplungssatz";479;17986;21;3;"PEUGEOT";"407 (6D_)";80;200405;201012;109;1560
"Kupplungssatz";479;17987;3;2;"PEUGEOT";"407 (6D_)";85;200403;200507;116;1749
"Kupplungssatz";479;17988;41;1;"PEUGEOT";"307 (3A/C)";65;200311;200707;88;1360
"Kupplungssatz";479;17989;36;3;"PEUGEOT";"307 (3A/C)";80;200402;200903;109;1560
"Kupplungssatz";479;17990;3;1;"PEUGEOT";"307 SW (3H)";65;200311;200707;88;1360
"Kupplungssatz";479;17991;1;2;"PEUGEOT";"307 Break (3E)";100;200203;200506;136;1997
"Kupplungssatz";479;17992;47;3;"PEUGEOT";"307 SW (3H)";80;200311;200712;109;1560
"Kupplungssatz";479;17993;14;3;"PEUGEOT";"307 Break (3E)";80;200402;200804;109;1560
"Kupplungssatz";479;17994;3;3;"PEUGEOT";"307 Break (3E)";100;200402;200804;136;1997
"Kupplungssatz";479;17995;5;3;"PEUGEOT";"307 SW (3H)";100;200402;200804;136;1997
"Kupplungssatz";479;17997;8;3;"RENAULT";"MASTER II Pritsche/Fahrgestell (ED/HD/UD)";100;200310;;136;2953
"Kupplungssatz";479;17998;2;2;"RENAULT";"MASTER II Pritsche/Fahrgestell (ED/HD/UD)";73;200310;;99;2463
"Kupplungssatz";479;17999;7;2;"RENAULT";"MASTER II Kasten (FD)";73;200310;;99;2463
"Kupplungssatz";479;18000;2;3;"RENAULT";"MASTER II Kasten (FD)";100;200310;200610;136;2953
"Kupplungssatz";479;18003;5;1;"RENAULT";"SCÉNIC II (JM0/1_)";74;200311;200508;101;1461
"Kupplungssatz";479;18004;4;8;"SAAB";"9-3 Cabriolet (YS3F)";110;200308;201502;150;1998
"Kupplungssatz";479;18006;1;2;"SMART";"ROADSTER (452)";74;200312;200511;101;698
"Kupplungssatz";479;18007;1;2;"SMART";"ROADSTER Coupe (452)";74;200312;200511;101;698
"Kupplungssatz";479;18010;2;2;"PEUGEOT";"407 SW (6E_, 6D_)";85;200405;200507;116;1749
"Kupplungssatz";479;18011;1;3;"VW";"NEW BEETLE Cabriolet (1Y7)";110;200301;201009;150;1781
"Kupplungssatz";479;18012;3;2;"PEUGEOT";"407 SW (6E_, 6D_)";100;200405;200507;136;1997
"Kupplungssatz";479;18015;21;3;"PEUGEOT";"407 SW (6E_, 6D_)";80;200405;201012;109;1560
"Kupplungssatz";479;18016;21;3;"PEUGEOT";"407 SW (6E_, 6D_)";100;200407;201012;136;1997
"Kupplungssatz";479;18020;3;1;"HONDA";"CIVIC V Hatchback (EG)";66;199110;199511;90;1493
"Kupplungssatz";479;18021;1;2;"JAGUAR";"S-TYPE II (X200)";152;200406;200710;207;2720
"Kupplungssatz";479;18023;8;0;"MITSUBISHI";"GRANDIS (NA_W)";121;200404;201112;165;2378
"Kupplungssatz";479;18024;2;0;"HYUNDAI";"SANTA FÉ I (SM)";99;200108;200603;135;1997
"Kupplungssatz";479;18027;18;1;"HYUNDAI";"GETZ (TB)";63;200309;200509;85;1341
"Kupplungssatz";479;18028;3;0;"HYUNDAI";"TRAJET (FO)";103;200401;200807;140;1975
"Kupplungssatz";479;18031;3;2;"HYUNDAI";"TERRACAN (HP)";120;200311;200612;163;2902
"Kupplungssatz";479;18034;134;2;"MITSUBISHI";"COLT VI (Z3_A, Z2_A)";70;200406;201206;95;1332
"Kupplungssatz";479;18035;4;2;"MITSUBISHI";"COLT VI (Z3_A, Z2_A)";80;200406;201206;109;1499
"Kupplungssatz";479;18036;85;1;"MITSUBISHI";"COLT VI (Z3_A, Z2_A)";55;200410;201206;75;1124
"Kupplungssatz";479;18037;1;1;"MITSUBISHI";"COLT VI (Z3_A, Z2_A)";50;200408;201206;68;1493
"Kupplungssatz";479;18038;13;1;"MITSUBISHI";"COLT VI (Z3_A, Z2_A)";70;200408;201206;95;1493
"Kupplungssatz";479;18039;32;1;"TOYOTA";"COROLLA Verso (ZER_, ZZE12_, R1_)";81;200404;200903;110;1598
"Kupplungssatz";479;18040;207;1;"TOYOTA";"COROLLA Verso (ZER_, ZZE12_, R1_)";95;200404;200903;129;1794
"Kupplungssatz";479;18041;13;2;"TOYOTA";"COROLLA Verso (ZER_, ZZE12_, R1_)";85;200404;200903;116;1995
"Kupplungssatz";479;18042;334;2;"KIA";"PICANTO I (SA)";48;200404;201109;65;1086
"Kupplungssatz";479;18043;3;1;"KIA";"K2500 Pritsche/Fahrgestell (SD)";69;200301;;94;2476
"Kupplungssatz";479;18047;15;2;"RENAULT";"GRAND SCÉNIC II (JM0/1_)";83;200404;200608;113;1598
"Kupplungssatz";479;18048;11;3;"RENAULT";"GRAND SCÉNIC II (JM0/1_)";99;200404;200906;135;1998
"Kupplungssatz";479;18049;3;3;"RENAULT";"GRAND SCÉNIC II (JM0/1_)";74;200404;200811;101;1461
"Kupplungssatz";479;18050;3;3;"RENAULT";"GRAND SCÉNIC II (JM0/1_)";88;200404;200605;120;1870
"Kupplungssatz";479;18060;5;1;"PORSCHE";"911 (997)";239;200407;200812;325;3596
"Kupplungssatz";479;18061;5;1;"PORSCHE";"911 (997)";261;200407;200812;355;3824
"Kupplungssatz";479;18063;2;0;"HONDA";"CIVIC VII Hatchback (EU, EP, EV)";118;200109;200509;160;1998
"Kupplungssatz";479;18066;61;4;"AUDI";"A3 Sportback (8PA)";75;200409;201303;102;1595
"Kupplungssatz";479;18067;56;7;"AUDI";"A3 Sportback (8PA)";77;200409;201005;105;1896
"Kupplungssatz";479;18068;23;1;"AUDI";"A3 Sportback (8PA)";85;200409;200709;115;1598
"Kupplungssatz";479;18069;4;3;"AUDI";"A3 Sportback (8PA)";110;200409;200806;150;1984
"Kupplungssatz";479;18071;112;12;"AUDI";"A3 Sportback (8PA)";103;200409;201303;140;1968
"Kupplungssatz";479;18072;10;6;"OPEL";"ASTRA H (A04)";110;200409;201010;150;1910
"Kupplungssatz";479;18073;12;5;"OPEL";"ASTRA H Caravan (A04)";66;200408;201010;90;1364
"Kupplungssatz";479;18074;67;9;"OPEL";"ASTRA H Caravan (A04)";77;200408;201010;105;1598
"Kupplungssatz";479;18075;9;5;"OPEL";"ASTRA H Caravan (A04)";92;200408;201010;125;1796
"Kupplungssatz";479;18076;3;2;"OPEL";"ASTRA H Caravan (A04)";125;200408;201010;170;1998
"Kupplungssatz";479;18077;2;2;"OPEL";"ASTRA H Caravan (A04)";147;200409;201010;200;1998
"Kupplungssatz";479;18078;3;4;"OPEL";"ASTRA H Caravan (A04)";59;200408;201010;80;1686
"Kupplungssatz";479;18079;58;6;"OPEL";"ASTRA H Caravan (A04)";74;200408;201010;101;1686
"Kupplungssatz";479;18080;22;6;"OPEL";"ASTRA H Caravan (A04)";110;200409;201010;150;1910
"Kupplungssatz";479;18081;1;4;"RENAULT";"MEGANE II (BM0/1_, CM0/1_)";165;200405;200910;224;1998
"Kupplungssatz";479;18082;9;8;"AUDI";"A3 Sportback (8PA)";147;200409;201303;200;1984
"Kupplungssatz";479;18083;12;8;"AUDI";"A3 Sportback (8PA)";147;200409;201303;200;1984
"Kupplungssatz";479;18085;11;2;"CITROËN";"C3 Pluriel (HB_)";50;200404;;68;1398
"Kupplungssatz";479;18086;4;2;"FORD";"TRANSIT Bus (FD_ _, FB_ _, FS_ _, FZ_ _, FC_ _)";85;200403;200605;115;2402
"Kupplungssatz";479;18087;3;2;"FORD";"TRANSIT Kasten (FA_ _)";85;200403;200605;115;2402
"Kupplungssatz";479;18088;3;2;"FORD";"TRANSIT Pritsche/Fahrgestell (FM_ _, FN_ _)";85;200403;200605;115;2402
"Kupplungssatz";479;18089;9;3;"FORD";"TRANSIT Pritsche/Fahrgestell (FM_ _, FN_ _)";101;200403;200605;137;2402
"Kupplungssatz";479;18090;3;3;"FORD";"TRANSIT Kasten (FA_ _)";101;200403;200605;137;2402
"Kupplungssatz";479;18091;1;3;"FORD";"TRANSIT Bus (FD_ _, FB_ _, FS_ _, FZ_ _, FC_ _)";101;200403;200605;137;2402
"Kupplungssatz";479;18092;16;2;"FIAT";"PANDA (169_)";51;200410;;70;1248
"Kupplungssatz";479;18093;35;1;"FIAT";"PANDA (169_)";44;200410;;60;1242
"Kupplungssatz";479;18095;6;5;"FORD";"FOCUS C-MAX (DM2)";107;200403;200703;145;1999
"Kupplungssatz";479;18096;49;3;"FORD";"FOCUS C-MAX (DM2)";92;200404;200703;125;1798
"Kupplungssatz";479;18099;12;1;"MAZDA";"3 (BK)";62;200310;200906;84;1349
"Kupplungssatz";479;18101;4;2;"MERCEDES-BENZ";"VITO / MIXTO Kasten (W639)";65;200309;;88;2148
"Kupplungssatz";479;18102;1;2;"MERCEDES-BENZ";"VITO Bus (W639)";65;200309;;88;2148
"Kupplungssatz";479;18105;1;4;"NISSAN";"INTERSTAR Kasten (X70)";73;200311;200603;99;2463
"Kupplungssatz";479;18106;19;3;"PEUGEOT";"206 Schrägheck (2A/C)";80;200405;200702;109;1560
"Kupplungssatz";479;18111;17;7;"VOLVO";"S40 II (544)";92;200404;201012;125;1798
"Kupplungssatz";479;18112;1;2;"VOLVO";"V50 (545)";162;200404;200712;220;2521
"Kupplungssatz";479;18113;26;7;"VOLVO";"V50 (545)";92;200404;201012;125;1798
"Kupplungssatz";479;18114;83;5;"VW";"GOLF V (1K1)";66;200405;200811;90;1896
"Kupplungssatz";479;18141;16;1;"SUZUKI";"JIMNY Geländewagen geschlossen (SN)";48;200312;;65;1461
"Kupplungssatz";479;18142;12;2;"SMART";"FORTWO Coupe (450)";37;200401;200701;50;698
"Kupplungssatz";479;18143;34;2;"SMART";"FORTWO Coupe (450)";45;200401;200701;61;698
"Kupplungssatz";479;18144;3;2;"SMART";"FORTWO Coupe (450)";55;200401;200701;75;698
"Kupplungssatz";479;18145;13;2;"SMART";"FORTWO Coupe (450)";30;200401;200701;41;799
"Kupplungssatz";479;18146;12;2;"SMART";"FORTWO Cabrio (450)";45;200401;200701;61;698
"Kupplungssatz";479;18147;2;2;"SMART";"FORTWO Cabrio (450)";55;200401;200701;75;698
"Kupplungssatz";479;18148;3;2;"SMART";"FORTWO Cabrio (450)";30;200401;200701;41;799
"Kupplungssatz";479;18155;2;1;"VW";"POLO III CLASSIC (6V2)";55;199511;199709;75;1595
"Kupplungssatz";479;18159;4;2;"VW";"TRANSPORTER T4 Kasten (70A, 70H, 7DA, 7DH)";111;200009;200304;151;2461
"Kupplungssatz";479;18160;8;4;"VW";"TRANSPORTER T4 Pritsche/Fahrgestell (70E, 70L, 70M, 7DE, 7DL";75;199805;200304;102;2461
"Kupplungssatz";479;18177;13;4;"OPEL";"TIGRA TwinTop (X04)";66;200406;201012;90;1364
"Kupplungssatz";479;18178;2;5;"OPEL";"TIGRA TwinTop (X04)";92;200406;201012;125;1796
"Kupplungssatz";479;18181;1;0;"PIAGGIO";"PORTER Kasten";48;199805;;65;1295
"Kupplungssatz";479;18185;39;3;"VW";"TRANSPORTER T5 Kasten (7HA, 7HH, 7EA, 7EH)";96;200407;200911;130;2461
"Kupplungssatz";479;18186;3;5;"VW";"TRANSPORTER T5 Kasten (7HA, 7HH, 7EA, 7EH)";128;200407;200911;174;2461
"Kupplungssatz";479;18187;30;3;"VW";"TRANSPORTER T5 Bus (7HB, 7HJ, 7EB, 7EJ)";96;200407;200911;130;2461
"Kupplungssatz";479;18188;11;5;"VW";"TRANSPORTER T5 Bus (7HB, 7HJ, 7EB, 7EJ)";128;200407;200911;174;2461
"Kupplungssatz";479;18191;4;3;"VW";"MULTIVAN T5 (7HM, 7HN, 7HF, 7EF, 7EM, 7EN)";96;200407;200911;130;2461
"Kupplungssatz";479;18192;25;5;"VW";"MULTIVAN T5 (7HM, 7HN, 7HF, 7EF, 7EM, 7EN)";128;200407;200911;174;2461
"Kupplungssatz";479;18193;12;3;"VW";"TRANSPORTER T5 Pritsche/Fahrgestell (7JD, 7JE, 7JL, 7JY, 7JZ";96;200407;200911;130;2461
"Kupplungssatz";479;18205;4;3;"ALFA ROMEO";"156 Sportwagon (932_)";110;200407;200605;150;1910
"Kupplungssatz";479;18206;9;2;"FIAT";"DOBLO Kasten/Großraumlimousine (223_)";51;200405;200612;70;1248
"Kupplungssatz";479;18207;94;2;"HYUNDAI";"TUCSON (JM)";104;200408;;141;1975
"Kupplungssatz";479;18208;44;2;"HYUNDAI";"TUCSON (JM)";104;200408;201003;141;1975
"Kupplungssatz";479;18209;1;0;"HYUNDAI";"TUCSON (JM)";129;200408;201011;175;2656
"Kupplungssatz";479;18210;4;1;"HYUNDAI";"TUCSON (JM)";83;200408;201003;113;1991
"Kupplungssatz";479;18211;9;1;"HYUNDAI";"TUCSON (JM)";83;200408;201003;113;1991
"Kupplungssatz";479;18216;1;6;"RENAULT";"MEGANE II Stufenheck (LM0/1_)";68;200403;;92;1870
"Kupplungssatz";479;18218;11;3;"RENAULT";"MEGANE II Kombi (KM0/1_)";74;200402;200603;101;1461
"Kupplungssatz";479;18219;1;3;"RENAULT";"MEGANE II Stufenheck (LM0/1_)";74;200402;201012;101;1461
"Kupplungssatz";479;18220;5;3;"TOYOTA";"COROLLA Kombi (_E12_)";85;200404;200702;116;1995
"Kupplungssatz";479;18221;1;2;"VOLVO";"V70 II (285)";154;200107;200708;209;2521
"Kupplungssatz";479;18225;12;3;"AUDI";"A4 B6 (8E2)";85;200406;200412;116;1896
"Kupplungssatz";479;18226;6;3;"AUDI";"A4 B6 Avant (8E5)";85;200406;200412;116;1896
"Kupplungssatz";479;18228;93;4;"OPEL";"MERIVA A Großraumlimousine (X03)";66;200407;201005;90;1364
"Kupplungssatz";479;18229;74;1;"OPEL";"CORSA C (X01)";59;200407;200912;80;1229
"Kupplungssatz";479;18230;7;2;"OPEL";"AGILA (A) (H00)";59;200407;200712;80;1229
"Kupplungssatz";479;18231;19;2;"HONDA";"FR-V (BE)";103;200507;;140;2204
"Kupplungssatz";479;18232;70;3;"BMW";"X3 (E83)";110;200409;200708;150;1995
"Kupplungssatz";479;18235;2;1;"CITROËN";"JUMPER I Pritsche/Fahrgestell (244)";107;200405;200606;146;2798
"Kupplungssatz";479;18239;2;2;"LAND ROVER";"DISCOVERY III (L319)";140;200407;200909;190;2720
"Kupplungssatz";479;18242;10;5;"OPEL";"VECTRA C (Z02)";74;200204;200510;100;1598
"Kupplungssatz";479;18244;2;4;"OPEL";"ASTRA H (A04)";88;200404;201010;120;1910
"Kupplungssatz";479;18245;4;4;"OPEL";"ASTRA H Caravan (A04)";88;200408;201010;120;1910
"Kupplungssatz";479;18246;31;1;"SKODA";"OCTAVIA II Combi (1Z5)";75;200409;201306;102;1595
"Kupplungssatz";479;18247;9;1;"SKODA";"OCTAVIA II Combi (1Z5)";85;200402;200810;115;1598
"Kupplungssatz";479;18248;62;7;"SKODA";"OCTAVIA II Combi (1Z5)";77;200409;201012;105;1896
"Kupplungssatz";479;18249;62;11;"SKODA";"OCTAVIA II Combi (1Z5)";103;200402;201305;140;1968
"Kupplungssatz";479;18251;4;1;"LANCIA";"MUSA (350_)";51;200410;201209;70;1248
"Kupplungssatz";479;18252;4;1;"BMW";"5 (E60)";373;200409;200912;507;4999
"Kupplungssatz";479;18254;11;6;"SAAB";"9-3 (YS3F, E79, D79, D75)";88;200409;201502;120;1910
"Kupplungssatz";479;18258;11;4;"SAAB";"9-3 (YS3F, E79, D79, D75)";110;200409;201502;150;1910
"Kupplungssatz";479;18260;41;3;"MERCEDES-BENZ";"A-CLASS (W169)";85;200409;201206;116;1699
"Kupplungssatz";479;18261;89;3;"MERCEDES-BENZ";"A-CLASS (W169)";70;200409;201206;95;1498
"Kupplungssatz";479;18262;23;3;"MERCEDES-BENZ";"A-CLASS (W169)";100;200409;201206;136;2034
"Kupplungssatz";479;18263;35;2;"MERCEDES-BENZ";"A-CLASS (W169)";60;200409;201206;82;1991
"Kupplungssatz";479;18264;37;5;"MERCEDES-BENZ";"A-CLASS (W169)";80;200409;201206;109;1991
"Kupplungssatz";479;18265;10;5;"MERCEDES-BENZ";"A-CLASS (W169)";103;200409;201206;140;1991
"Kupplungssatz";479;18269;1;2;"FORD";"MONDEO III (B5Y)";114;200409;200703;155;2198
"Kupplungssatz";479;18271;3;2;"FORD";"MONDEO III Turnier (BWY)";114;200409;200703;155;2198
"Kupplungssatz";479;18277;1;1;"NISSAN";"350Z Roadster (Z33)";206;200503;200712;280;3498
"Kupplungssatz";479;18280;4;1;"RENAULT";"TWINGO I (C06_)";44;200408;200706;60;1149
"Kupplungssatz";479;18286;1;0;"KIA";"CARENS II Großraumlimousine (FJ)";102;200408;;139;1975
"Kupplungssatz";479;18287;1;0;"SUZUKI";"GRAND VITARA I (FT, HT)";116;200104;200307;158;2493
"Kupplungssatz";479;18288;4;2;"BMW";"3 Cabriolet (E46)";110;200502;200712;150;1995
"Kupplungssatz";479;18289;1;2;"PORSCHE";"BOXSTER (987)";176;200411;200612;240;2687
"Kupplungssatz";479;18294;2;2;"OPEL";"ASTRA H GTC (A04)";147;200503;201010;200;1998
"Kupplungssatz";479;18295;24;5;"OPEL";"ASTRA H GTC (A04)";66;200503;201010;90;1364
"Kupplungssatz";479;18296;19;9;"OPEL";"ASTRA H GTC (A04)";77;200503;201010;105;1598
"Kupplungssatz";479;18297;1;5;"OPEL";"ASTRA H GTC (A04)";92;200503;201010;125;1796
"Kupplungssatz";479;18298;2;2;"OPEL";"ASTRA H GTC (A04)";125;200503;201010;170;1998
"Kupplungssatz";479;18299;9;6;"OPEL";"ASTRA H GTC (A04)";74;200503;201010;101;1686
"Kupplungssatz";479;18301;14;6;"OPEL";"ASTRA H GTC (A04)";110;200503;201010;150;1910
"Kupplungssatz";479;18302;249;3;"FORD";"FOCUS II (DA_, HCP, DP)";74;200407;201209;100;1596
"Kupplungssatz";479;18303;106;5;"FORD";"FOCUS II (DA_, HCP, DP)";85;200407;201209;115;1596
"Kupplungssatz";479;18304;10;10;"FORD";"FOCUS II (DA_, HCP, DP)";107;200407;201209;145;1999
"Kupplungssatz";479;18305;57;3;"FORD";"FOCUS II (DA_, HCP, DP)";59;200407;201209;80;1388
"Kupplungssatz";479;18307;11;3;"MINI";"MINI (R50, R53)";125;200407;200609;170;1598
"Kupplungssatz";479;18311;140;3;"RENAULT";"MODUS / GRAND MODUS (F/JP0_)";55;200412;;75;1149
"Kupplungssatz";479;18312;36;3;"RENAULT";"MODUS / GRAND MODUS (F/JP0_)";65;200412;;88;1598
"Kupplungssatz";479;18313;15;3;"RENAULT";"MODUS / GRAND MODUS (F/JP0_)";82;200412;;112;1598
"Kupplungssatz";479;18314;8;4;"RENAULT";"MODUS / GRAND MODUS (F/JP0_)";50;200412;;68;1461
"Kupplungssatz";479;18315;17;2;"RENAULT";"MODUS / GRAND MODUS (F/JP0_)";63;200412;;86;1461
"Kupplungssatz";479;18325;1;1;"BMW";"6 Cabriolet (E64)";190;200409;200708;258;2996
"Kupplungssatz";479;18326;28;2;"LANCIA";"MUSA (350_)";70;200410;201209;95;1368
"Kupplungssatz";479;18329;7;2;"FORD";"FIESTA V (JH_, JD_)";66;200411;200806;90;1560
"Kupplungssatz";479;18332;45;1;"CITROËN";"C4 I (LC_)";65;200411;201107;88;1360
"Kupplungssatz";479;18333;35;2;"CITROËN";"C4 I (LC_)";80;200411;201107;109;1587
"Kupplungssatz";479;18334;5;2;"CITROËN";"C4 I (LC_)";100;200411;200707;136;1997
"Kupplungssatz";479;18335;1;3;"CITROËN";"C4 I (LC_)";103;200411;201107;140;1997
"Kupplungssatz";479;18336;29;5;"CITROËN";"C4 I (LC_)";66;200411;201107;90;1560
"Kupplungssatz";479;18337;11;6;"CITROËN";"C4 I (LC_)";80;200411;201107;109;1560
"Kupplungssatz";479;18339;16;1;"CITROËN";"C4 Coupe (LA_)";65;200411;201107;88;1360
"Kupplungssatz";479;18340;14;3;"CITROËN";"C4 Coupe (LA_)";80;200411;201107;109;1587
"Kupplungssatz";479;18341;1;2;"CITROËN";"C4 Coupe (LA_)";100;200411;200707;136;1997
"Kupplungssatz";479;18342;1;2;"CITROËN";"C4 Coupe (LA_)";130;200411;201012;177;1997
"Kupplungssatz";479;18343;2;5;"CITROËN";"C4 Coupe (LA_)";66;200411;201107;90;1560
"Kupplungssatz";479;18344;15;6;"CITROËN";"C4 Coupe (LA_)";80;200411;201107;109;1560
"Kupplungssatz";479;18346;1;0;"TATA";"INDIGO (4_V2)";62;200301;;85;1405
"Kupplungssatz";479;18348;1;0;"TATA";"INDIGO MARINA (4_V2)";62;200301;201012;85;1405
"Kupplungssatz";479;18356;2;6;"AUDI";"A3 (8P1)";100;200305;200806;136;1968
"Kupplungssatz";479;18357;3;12;"AUDI";"A3 Sportback (8PA)";100;200409;201303;136;1968
"Kupplungssatz";479;18358;3;9;"AUDI";"A3 (8P1)";147;200409;201208;200;1984
"Kupplungssatz";479;18359;4;9;"AUDI";"A3 (8P1)";147;200409;201208;200;1984
"Kupplungssatz";479;18360;8;12;"AUDI";"A3 (8P1)";103;200408;201208;140;1968
"Kupplungssatz";479;18367;1;6;"OPEL";"TIGRA TwinTop (X04)";51;200406;201012;69;1248
"Kupplungssatz";479;18372;4;1;"AUDI";"A4 B7 (8EC)";147;200411;200806;200;1984
"Kupplungssatz";479;18376;27;3;"AUDI";"A4 B7 (8EC)";103;200411;200806;140;1968
"Kupplungssatz";479;18378;59;3;"FORD";"FOCUS II (DA_, HCP, DP)";80;200407;201209;109;1560
"Kupplungssatz";479;18379;15;5;"FORD";"FOCUS II (DA_, HCP, DP)";100;200407;201209;136;1997
"Kupplungssatz";479;18380;4;1;"SEAT";"TOLEDO III (5P2)";75;200410;200905;102;1595
"Kupplungssatz";479;18382;7;5;"SEAT";"TOLEDO III (5P2)";77;200410;200905;105;1896
"Kupplungssatz";479;18383;1;5;"SEAT";"TOLEDO III (5P2)";103;200404;200905;140;1968
"Kupplungssatz";479;18384;12;6;"VW";"GOLF V (1K1)";77;200408;200811;105;1896
"Kupplungssatz";479;18385;14;6;"VW";"GOLF V (1K1)";103;200408;200811;140;1968
"Kupplungssatz";479;18386;2;1;"VW";"GOLF V (1K1)";110;200408;200811;150;1984
"Kupplungssatz";479;18387;30;9;"VW";"GOLF V (1K1)";147;200410;200902;200;1984
"Kupplungssatz";479;18388;28;2;"VW";"GOLF PLUS V (5M1, 521)";55;200501;200611;75;1390
"Kupplungssatz";479;18389;115;1;"DACIA";"LOGAN (LS_)";55;200409;;75;1390
"Kupplungssatz";479;18390;34;3;"DACIA";"LOGAN (LS_)";64;200409;;87;1598
"Kupplungssatz";479;18391;57;2;"VW";"GOLF PLUS V (5M1, 521)";85;200412;200805;115;1598
"Kupplungssatz";479;18392;116;6;"VW";"GOLF PLUS V (5M1, 521)";77;200501;200901;105;1896
"Kupplungssatz";479;18393;34;12;"VW";"GOLF PLUS V (5M1, 521)";103;200501;201312;140;1968
"Kupplungssatz";479;18396;3;2;"AUDI";"A4 B7 (8EC)";120;200411;200806;163;1781
"Kupplungssatz";479;18397;2;1;"AUDI";"A4 B7 (8EC)";120;200411;200806;163;1781
"Kupplungssatz";479;18398;15;2;"AUDI";"A4 B7 (8EC)";96;200411;200806;130;1984
"Kupplungssatz";479;18399;10;1;"AUDI";"A4 B7 (8EC)";75;200411;200806;102;1595
"Kupplungssatz";479;18400;38;1;"AUDI";"A4 B7 (8EC)";85;200411;200806;116;1896
"Kupplungssatz";479;18401;2;0;"MITSUBISHI";"L400 Kasten (PD_W, PC_W, PB_V, PA_W, PA_V)";64;199609;200506;87;2477
"Kupplungssatz";479;18402;1;2;"AUDI";"A4 B7 (8EC)";120;200411;200605;163;2496
"Kupplungssatz";479;18403;4;1;"AUDI";"A4 B7 Avant (8ED)";75;200411;200806;102;1595
"Kupplungssatz";479;18404;8;2;"AUDI";"A4 B7 Avant (8ED)";96;200411;200806;130;1984
"Kupplungssatz";479;18405;9;2;"AUDI";"A4 B7 Avant (8ED)";120;200411;200806;163;1781
"Kupplungssatz";479;18406;6;1;"AUDI";"A4 B7 Avant (8ED)";120;200411;200806;163;1781
"Kupplungssatz";479;18407;4;1;"AUDI";"A4 B7 Avant (8ED)";147;200411;200806;200;1984
"Kupplungssatz";479;18408;1;1;"AUDI";"A4 B7 Avant (8ED)";147;200411;200806;200;1984
"Kupplungssatz";479;18411;25;1;"AUDI";"A4 B7 Avant (8ED)";85;200411;200806;116;1896
"Kupplungssatz";479;18412;31;3;"AUDI";"A4 B7 Avant (8ED)";103;200411;200806;140;1968
"Kupplungssatz";479;18414;3;1;"AUDI";"A4 B7 Avant (8ED)";150;200411;200806;204;2967
"Kupplungssatz";479;18415;5;1;"AUDI";"A6 C6 (4F2)";132;200411;200810;180;2698
"Kupplungssatz";479;18417;1;1;"AUDI";"A6 C6 (4F2)";130;200501;200810;177;2393
"Kupplungssatz";479;18418;10;3;"AUDI";"A6 C6 Avant (4F5)";103;200506;200810;140;1968
"Kupplungssatz";479;18419;3;1;"AUDI";"A6 C6 Avant (4F5)";120;200503;201108;163;2698
"Kupplungssatz";479;18420;2;1;"AUDI";"A6 C6 Avant (4F5)";165;200503;200605;225;2967
"Kupplungssatz";479;18424;3;1;"AUDI";"A6 C6 Avant (4F5)";130;200503;200810;177;2393
"Kupplungssatz";479;18425;1;1;"AUDI";"A6 C6 Avant (4F5)";130;200503;200810;177;2393
"Kupplungssatz";479;18428;2;0;"VW";"TOUAREG (7LA, 7L6, 7L7)";165;200411;201005;225;2967
"Kupplungssatz";479;18429;1;0;"SUBARU";"FORESTER (SG_)";155;200312;200505;211;2457
"Kupplungssatz";479;18431;27;1;"PEUGEOT";"1007 (KM_)";54;200504;;75;1360
"Kupplungssatz";479;18432;25;2;"PEUGEOT";"1007 (KM_)";80;200504;;109;1587
"Kupplungssatz";479;18433;9;2;"PEUGEOT";"1007 (KM_)";50;200504;;68;1398
"Kupplungssatz";479;18436;1;2;"RENAULT";"SCÉNIC II (JM0/1_)";120;200405;200811;163;1998
"Kupplungssatz";479;18437;1;2;"RENAULT";"MEGANE II (BM0/1_, CM0/1_)";120;200405;200802;163;1998
"Kupplungssatz";479;18438;2;0;"RENAULT";"MEGANE II Coupé-Cabriolet (EM0/1_)";120;200405;200903;163;1998
"Kupplungssatz";479;18442;25;5;"SAAB";"9-3 (YS3F, E79, D79, D75)";90;200401;201502;122;1796
"Kupplungssatz";479;18449;24;3;"BMW";"3 (E90)";110;200412;200708;150;1995
"Kupplungssatz";479;18450;4;1;"BMW";"3 (E90)";160;200412;201112;218;2497
"Kupplungssatz";479;18451;3;1;"BMW";"3 (E90)";190;200412;201110;258;2996
"Kupplungssatz";479;18452;62;6;"BMW";"3 (E90)";120;200412;201110;163;1995
"Kupplungssatz";479;18454;3;2;"CITROËN";"C5 II (RC_)";103;200409;200808;140;1997
"Kupplungssatz";479;18456;15;3;"CITROËN";"C5 II (RC_)";80;200409;200801;109;1560
"Kupplungssatz";479;18457;5;3;"CITROËN";"C5 II (RC_)";100;200409;200801;136;1997
"Kupplungssatz";479;18460;3;2;"CITROËN";"C5 II Break (RE_)";103;200409;;140;1997
"Kupplungssatz";479;18462;7;3;"CITROËN";"C5 II Break (RE_)";80;200409;200801;109;1560
"Kupplungssatz";479;18463;3;3;"CITROËN";"C5 II Break (RE_)";100;200409;;136;1997
"Kupplungssatz";479;18465;2;1;"BMW";"3 (E46)";85;200303;200502;116;1995
"Kupplungssatz";479;18466;7;1;"BMW";"3 Touring (E46)";85;200303;200502;116;1995
"Kupplungssatz";479;18467;13;4;"OPEL";"CORSA C (X01)";66;200306;200912;90;1364
"Kupplungssatz";479;18468;10;0;"HONDA";"CIVIC VII Stufenheck (ES, ET)";66;200012;200509;90;1396
"Kupplungssatz";479;18469;15;1;"HONDA";"CIVIC VII Stufenheck (ES, ET)";81;200102;200509;110;1590
"Kupplungssatz";479;18471;2;1;"HONDA";"FR-V (BE)";110;200502;;150;1998
"Kupplungssatz";479;18472;3;0;"HONDA";"FR-V (BE)";92;200408;;125;1668
"Kupplungssatz";479;18473;21;2;"HONDA";"CR-V II (RD_)";103;200502;200609;140;2204
"Kupplungssatz";479;18475;2;2;"NISSAN";"MICRA III (K12)";48;200301;201006;65;998
"Kupplungssatz";479;18476;1;1;"MITSUBISHI";"PAJERO SPORT I (K7_, K9_)";125;200006;;170;2972
"Kupplungssatz";479;18477;4;3;"PEUGEOT";"206 CC (2D)";80;200504;200702;109;1560
"Kupplungssatz";479;18478;2;3;"SKODA";"OCTAVIA II (1Z3)";110;200411;200810;150;1984
"Kupplungssatz";479;18479;4;3;"SKODA";"OCTAVIA II Combi (1Z5)";110;200411;200810;150;1984
"Kupplungssatz";479;18480;5;3;"SKODA";"OCTAVIA II Combi (1Z5)";110;200411;200904;150;1984
"Kupplungssatz";479;18481;35;6;"SKODA";"OCTAVIA II Combi (1Z5)";77;200411;201012;105;1896
"Kupplungssatz";479;18482;70;0;"DAIHATSU";"SIRION (M3_)";51;200501;201306;70;998
"Kupplungssatz";479;18483;30;1;"DAIHATSU";"SIRION (M3_)";64;200501;;87;1298
"Kupplungssatz";479;18484;2;5;"VW";"CADDY II Großraumlimousine (9K9B)";44;199511;200306;60;1390
"Kupplungssatz";479;18485;2;2;"VW";"CADDY II Großraumlimousine (9K9B)";55;200008;200401;75;1390
"Kupplungssatz";479;18486;1;1;"VW";"CADDY II Großraumlimousine (9K9B)";55;199511;199705;75;1595
"Kupplungssatz";479;18489;1;1;"VW";"CADDY II Großraumlimousine (9K9B)";47;199511;200401;64;1896
"Kupplungssatz";479;18490;4;2;"VW";"CADDY II Großraumlimousine (9K9B)";47;199511;200401;64;1896
"Kupplungssatz";479;18491;2;3;"VW";"CADDY II Großraumlimousine (9K9B)";66;199610;200401;90;1896
"Kupplungssatz";479;18494;2;0;"NISSAN";"VANETTE Kasten (_C22)";51;198610;199512;69;1488
"Kupplungssatz";479;18496;2;3;"CITROËN";"SAXO (S0, S1)";72;200009;200309;98;1587
"Kupplungssatz";479;18499;12;1;"FORD";"FIESTA V (JH_, JD_)";110;200503;200806;150;1999
"Kupplungssatz";479;18500;16;3;"FORD";"FOCUS C-MAX (DM2)";85;200408;200703;115;1596
"Kupplungssatz";479;18501;2;3;"FORD";"FOCUS C-MAX (DM2)";66;200502;200703;90;1560
"Kupplungssatz";479;18502;43;2;"KIA";"SPORTAGE II (JE_, KM)";104;200409;;141;1975
"Kupplungssatz";479;18503;48;2;"KIA";"SPORTAGE II (JE_, KM)";104;200409;;141;1975
"Kupplungssatz";479;18505;8;1;"KIA";"SPORTAGE II (JE_, KM)";83;200409;;113;1991
"Kupplungssatz";479;18506;19;2;"NISSAN";"PATHFINDER III (R51)";128;200503;;174;2488
"Kupplungssatz";479;18507;44;5;"MERCEDES-BENZ";"B-CLASS Sports Tourer (W245)";80;200503;201111;109;1991
"Kupplungssatz";479;18508;24;5;"MERCEDES-BENZ";"B-CLASS Sports Tourer (W245)";103;200503;201111;140;1991
"Kupplungssatz";479;18510;67;3;"MERCEDES-BENZ";"B-CLASS Sports Tourer (W245)";85;200503;201111;116;1699
"Kupplungssatz";479;18511;40;3;"MERCEDES-BENZ";"B-CLASS Sports Tourer (W245)";100;200503;201111;136;2034
"Kupplungssatz";479;18512;4;5;"MERCEDES-BENZ";"B-CLASS Sports Tourer (W245)";142;200503;201111;193;2034
"Kupplungssatz";479;18513;16;3;"FORD";"FOCUS II Turnier (DA_, FFS, DS)";59;200407;201209;80;1388
"Kupplungssatz";479;18514;220;3;"FORD";"FOCUS II Turnier (DA_, FFS, DS)";74;200407;201107;100;1596
"Kupplungssatz";479;18515;59;5;"FORD";"FOCUS II Turnier (DA_, FFS, DS)";85;200407;201209;115;1596
"Kupplungssatz";479;18516;7;10;"FORD";"FOCUS II Turnier (DA_, FFS, DS)";107;200407;201209;145;1999
"Kupplungssatz";479;18517;79;3;"FORD";"FOCUS II Turnier (DA_, FFS, DS)";80;200407;201209;109;1560
"Kupplungssatz";479;18518;22;5;"FORD";"FOCUS II Turnier (DA_, FFS, DS)";100;200407;201209;136;1997
"Kupplungssatz";479;18519;22;3;"FORD";"FOCUS II Turnier (DA_, FFS, DS)";66;200407;201209;90;1560
"Kupplungssatz";479;18520;27;1;"VW";"PASSAT B6 (3C2)";85;200503;200806;115;1598
"Kupplungssatz";479;18521;1;3;"VW";"PASSAT B6 (3C2)";110;200503;201007;150;1984
"Kupplungssatz";479;18522;58;5;"VW";"PASSAT B6 (3C2)";77;200503;201007;105;1896
"Kupplungssatz";479;18523;78;7;"VW";"PASSAT B6 (3C2)";103;200503;201007;140;1968
"Kupplungssatz";479;18528;109;1;"CHEVROLET";"MATIZ (M200, M250)";38;200503;201312;52;796
"Kupplungssatz";479;18529;7;2;"CHEVROLET";"MATIZ (M200, M250)";47;200503;200712;64;995
"Kupplungssatz";479;18531;3;1;"CHEVROLET";"AVEO / KALOS Schrägheck (T200)";61;200503;200805;83;1399
"Kupplungssatz";479;18534;17;1;"CHEVROLET";"AVEO / KALOS Schrägheck (T200)";69;200305;200805;94;1399
"Kupplungssatz";479;18536;10;2;"CHEVROLET";"LACETTI (J200)";70;200503;201303;95;1399
"Kupplungssatz";479;18537;9;2;"CHEVROLET";"LACETTI (J200)";80;200503;;109;1598
"Kupplungssatz";479;18541;32;1;"MAZDA";"5 (CR19)";85;200502;201005;116;1798
"Kupplungssatz";479;18542;11;2;"CHEVROLET";"NUBIRA Kombi";80;200503;201112;109;1598
"Kupplungssatz";479;18543;67;1;"MAZDA";"5 (CR19)";107;200502;201005;146;1999
"Kupplungssatz";479;18545;7;1;"MAZDA";"5 (CR19)";81;200502;201005;110;1998
"Kupplungssatz";479;18547;3;1;"CHEVROLET";"REZZO Großraumlimousine (U100)";77;200503;;105;1598
"Kupplungssatz";479;18550;25;3;"PEUGEOT";"307 CC (3B)";80;200303;200904;110;1587
"Kupplungssatz";479;18551;3;1;"PORSCHE";"911 Cabriolet (997)";239;200504;200812;325;3596
"Kupplungssatz";479;18552;1;1;"PORSCHE";"911 Cabriolet (997)";261;200504;200812;355;3824
"Kupplungssatz";479;18555;8;3;"RENAULT";"MODUS / GRAND MODUS (F/JP0_)";72;200412;;98;1390
"Kupplungssatz";479;18556;2;1;"KIA";"SOUL I (AM)";103;201106;201412;140;1591
"Kupplungssatz";479;18557;16;4;"OPEL";"COMBO Tour";66;200410;201112;90;1364
"Kupplungssatz";479;18558;15;8;"OPEL";"COMBO Tour";51;200406;201101;69;1248
"Kupplungssatz";479;18559;4;2;"OPEL";"ASTRA G Coupe (T98)";76;200003;200505;103;1598
"Kupplungssatz";479;18560;2;1;"BMW";"1 (E81)";195;200609;201112;265;2996
"Kupplungssatz";479;18561;3;3;"BMW";"Z4 Roadster (E85)";110;200503;200902;150;1995
"Kupplungssatz";479;18566;7;6;"SAAB";"9-3 Kombi (E50)";110;200503;201502;150;1998
"Kupplungssatz";479;18569;8;6;"SAAB";"9-3 Kombi (E50)";88;200503;201502;120;1910
"Kupplungssatz";479;18570;7;4;"SAAB";"9-3 Kombi (E50)";110;200503;201502;150;1910
"Kupplungssatz";479;18575;2;1;"MITSUBISHI";"COLT VI (Z3_A, Z2_A)";110;200503;201206;150;1468
"Kupplungssatz";479;18576;1;1;"SMART";"FORFOUR (454)";130;200505;200606;177;1468
"Kupplungssatz";479;18579;3;3;"RENAULT";"LAGUNA II (BG0/1_)";81;200501;200708;110;1870
"Kupplungssatz";479;18584;708;1;"CITROËN";"C1 (PM_, PN_)";50;200506;201409;68;998
"Kupplungssatz";479;18585;7;1;"CITROËN";"C1 (PM_, PN_)";40;200506;201409;54;1398
"Kupplungssatz";479;18586;552;1;"PEUGEOT";"107 (PM_, PN_)";50;200506;201405;68;998
"Kupplungssatz";479;18587;7;1;"PEUGEOT";"107 (PM_, PN_)";40;200506;201405;54;1398
"Kupplungssatz";479;18590;23;3;"MERCEDES-BENZ";"B-CLASS Sports Tourer (W245)";70;200503;201111;95;1498
"Kupplungssatz";479;18599;56;1;"VW";"POLO (9N_, 9A_)";59;200504;200911;80;1422
"Kupplungssatz";479;18600;23;3;"VOLVO";"S40 II (544)";74;200501;201212;101;1596
"Kupplungssatz";479;18601;27;3;"VOLVO";"S40 II (544)";81;200501;201212;110;1560
"Kupplungssatz";479;18603;15;3;"VOLVO";"V50 (545)";74;200501;201212;101;1596
"Kupplungssatz";479;18604;14;3;"VOLVO";"V50 (545)";81;200501;201112;110;1560
"Kupplungssatz";479;18605;84;2;"VW";"POLO (9N_, 9A_)";51;200504;200911;70;1422
"Kupplungssatz";479;18606;2;0;"SUZUKI";"LIANA (ER, RH_)";66;200404;;90;1398
"Kupplungssatz";479;18608;197;1;"VW";"FOX Schrägheck (5Z1, 5Z3, 5Z4)";40;200504;201107;55;1198
"Kupplungssatz";479;18609;30;1;"VW";"FOX Schrägheck (5Z1, 5Z3, 5Z4)";55;200504;200912;75;1390
"Kupplungssatz";479;18610;13;1;"VW";"FOX Schrägheck (5Z1, 5Z3, 5Z4)";51;200504;200912;70;1422
"Kupplungssatz";479;18613;15;2;"CITROËN";"C2 (JM_)";90;200410;200912;122;1587
"Kupplungssatz";479;18614;1;2;"CITROËN";"BERLINGO / BERLINGO FIRST Großraumlimousine (MF_, GJK_, GFK_";48;200211;201112;65;1360
"Kupplungssatz";479;18617;1;1;"MITSUBISHI";"OUTLANDER I (CU_W)";148;200404;200610;201;1997
"Kupplungssatz";479;18618;2;1;"RENAULT";"KANGOO (KC0/1_)";42;200307;;57;1461
"Kupplungssatz";479;18620;1;2;"RENAULT";"KANGOO Express (FC0/1_)";62;200307;;84;1870
"Kupplungssatz";479;18621;1;1;"MG";"MG ZT";96;200211;200507;131;1951
"Kupplungssatz";479;18622;1;1;"MG";"MG ZT- T";96;200211;200507;131;1951
"Kupplungssatz";479;18624;2;0;"VW";"TARO";61;198904;199703;83;2446
"Kupplungssatz";479;18632;2;3;"MERCEDES-BENZ";"E-CLASS (W211)";140;200503;200812;190;2987
"Kupplungssatz";479;18635;4;3;"MERCEDES-BENZ";"E-CLASS T-Model (S211)";140;200503;200907;190;2987
"Kupplungssatz";479;18638;6;2;"PEUGEOT";"307 (3A/C)";103;200503;200711;140;1997
"Kupplungssatz";479;18640;5;2;"PEUGEOT";"307 SW (3H)";103;200503;200804;140;1997
"Kupplungssatz";479;18641;8;2;"PEUGEOT";"307 CC (3B)";103;200412;200904;140;1997
"Kupplungssatz";479;18642;2;3;"RENAULT";"MODUS / GRAND MODUS (F/JP0_)";78;200505;;106;1461
"Kupplungssatz";479;18643;2;3;"RENAULT";"LAGUNA II (BG0/1_)";96;200505;200708;130;1870
"Kupplungssatz";479;18646;1;3;"RENAULT";"LAGUNA II Grandtour (KG0/1_)";96;200505;200712;130;1870
"Kupplungssatz";479;18665;34;1;"VW";"JETTA III (1K2)";75;200409;201010;102;1595
"Kupplungssatz";479;18666;1;1;"VW";"JETTA III (1K2)";85;200509;201010;115;1598
"Kupplungssatz";479;18667;1;3;"VW";"JETTA III (1K2)";110;200508;201010;150;1984
"Kupplungssatz";479;18668;35;8;"VW";"JETTA III (1K2)";77;200508;201010;105;1896
"Kupplungssatz";479;18669;5;8;"VW";"JETTA III (1K2)";103;200508;201010;140;1968
"Kupplungssatz";479;18671;10;5;"VW";"PASSAT B6 (3C2)";125;200508;201007;170;1968
"Kupplungssatz";479;18675;13;1;"AUDI";"A6 C6 Avant (4F5)";132;200503;200810;180;2698
"Kupplungssatz";479;18679;16;4;"RENAULT";"ESPACE IV (JK0/1_)";125;200504;;170;1998
"Kupplungssatz";479;18680;5;3;"RENAULT";"MODUS / GRAND MODUS (F/JP0_)";48;200505;;65;1149
"Kupplungssatz";479;18681;4;1;"RENAULT";"LAGUNA II (BG0/1_)";82;200502;200708;112;1598
"Kupplungssatz";479;18685;5;1;"TOYOTA";"LAND CRUISER PRADO (_J12_)";122;200407;200908;166;2982
"Kupplungssatz";479;18686;48;5;"OPEL";"ZAFIRA / ZAFIRA FAMILY B (A05)";77;200507;201209;105;1598
"Kupplungssatz";479;18687;1;2;"OPEL";"ZAFIRA / ZAFIRA FAMILY B (A05)";147;200507;201012;200;1998
"Kupplungssatz";479;18688;9;2;"OPEL";"ZAFIRA / ZAFIRA FAMILY B (A05)";110;200507;201212;150;2198
"Kupplungssatz";479;18689;38;6;"OPEL";"ZAFIRA / ZAFIRA FAMILY B (A05)";110;200507;201504;150;1910
"Kupplungssatz";479;18690;15;6;"OPEL";"ZAFIRA / ZAFIRA FAMILY B (A05)";74;200507;201012;100;1910
"Kupplungssatz";479;18691;68;6;"OPEL";"ZAFIRA / ZAFIRA FAMILY B (A05)";88;200507;201504;120;1910
"Kupplungssatz";479;18692;34;2;"FORD";"FUSION (JU_)";55;200408;201212;75;1242
"Kupplungssatz";479;18693;33;3;"HYUNDAI";"ACCENT II Stufenheck (LC)";55;200001;200511;75;1341
"Kupplungssatz";479;18694;19;3;"HYUNDAI";"ACCENT II Stufenheck (LC)";63;200001;200511;86;1341
"Kupplungssatz";479;18695;2;1;"HYUNDAI";"ACCENT II Stufenheck (LC)";60;200201;200511;82;1493
"Kupplungssatz";479;18696;2;2;"HYUNDAI";"SONATA V (NF)";119;200501;201012;162;2359
"Kupplungssatz";479;18699;1;2;"MERCEDES-BENZ";"C-CLASS Coupe (CL203)";150;200501;200805;204;2496
"Kupplungssatz";479;18700;24;10;"VW";"TOURAN (1T1, 1T2)";66;200411;201005;90;1896
"Kupplungssatz";479;18706;1;3;"MERCEDES-BENZ";"CLK (C209)";170;200501;200905;231;2996
"Kupplungssatz";479;18710;18;12;"AUDI";"A3 Sportback (8PA)";103;200511;201303;140;1968
"Kupplungssatz";479;18718;1;3;"MERCEDES-BENZ";"C-CLASS T-Model (S203)";170;200501;200708;231;2996
"Kupplungssatz";479;18724;1;1;"SUZUKI";"ALTO V (HA12, HA23)";43;200001;200206;58;993
"Kupplungssatz";479;18726;8;1;"VW";"PASSAT B6 Variant (3C5)";85;200508;200806;115;1598
"Kupplungssatz";479;18727;5;3;"VW";"PASSAT B6 Variant (3C5)";110;200508;201011;150;1984
"Kupplungssatz";479;18728;85;5;"VW";"PASSAT B6 Variant (3C5)";77;200508;201011;105;1896
"Kupplungssatz";479;18729;127;7;"VW";"PASSAT B6 Variant (3C5)";103;200508;201011;140;1968
"Kupplungssatz";479;18730;11;1;"VW";"PASSAT B6 Variant (3C5)";75;200508;201011;102;1595
"Kupplungssatz";479;18732;7;6;"VW";"PASSAT B6 Variant (3C5)";100;200508;201011;136;1968
"Kupplungssatz";479;18733;9;1;"TOYOTA";"COROLLA Kombi (_E12_)";66;200406;200710;90;1364
"Kupplungssatz";479;18734;40;1;"TOYOTA";"COROLLA (_E12_)";66;200407;200702;90;1364
"Kupplungssatz";479;18735;2;1;"TOYOTA";"COROLLA Stufenheck (_E12_)";66;200406;200610;90;1364
"Kupplungssatz";479;18739;1;0;"MITSUBISHI";"OUTLANDER I (CU_W)";119;200305;200709;162;2378
"Kupplungssatz";479;18753;1;2;"HYUNDAI";"MATRIX (FC)";75;200412;201008;102;1493
"Kupplungssatz";479;18755;4;3;"FORD";"GALAXY I (WGR)";110;200505;200605;150;1896
"Kupplungssatz";479;18757;4;3;"SEAT";"ALHAMBRA (7V8, 7V9)";110;200505;200705;150;1896
"Kupplungssatz";479;18758;8;3;"BMW";"3 Touring (E91)";110;200509;201206;150;1995
"Kupplungssatz";479;18759;1;1;"BMW";"3 Touring (E91)";160;200412;200808;218;2497
"Kupplungssatz";479;18761;41;6;"BMW";"3 Touring (E91)";120;200506;201206;163;1995
"Kupplungssatz";479;18766;43;3;"SEAT";"LEON (1P1)";75;200507;201212;102;1595
"Kupplungssatz";479;18768;2;7;"SEAT";"LEON (1P1)";136;200509;200605;185;1984
"Kupplungssatz";479;18769;50;7;"SEAT";"LEON (1P1)";77;200507;201012;105;1896
"Kupplungssatz";479;18770;16;10;"SEAT";"LEON (1P1)";103;200507;201212;140;1968
"Kupplungssatz";479;18776;2;2;"PEUGEOT";"307 (3A/C)";130;200506;200711;177;1997
"Kupplungssatz";479;18777;16;3;"PEUGEOT";"307 CC (3B)";100;200506;200904;136;1997
"Kupplungssatz";479;18778;3;1;"MITSUBISHI";"GRANDIS (NA_W)";100;200509;201003;136;1968
"Kupplungssatz";479;18779;2;1;"RENAULT";"SCÉNIC II (JM0/1_)";63;200505;200811;86;1461
"Kupplungssatz";479;18780;33;3;"RENAULT";"SCÉNIC II (JM0/1_)";78;200505;200811;106;1461
"Kupplungssatz";479;18781;9;6;"RENAULT";"SCÉNIC II (JM0/1_)";96;200505;200811;131;1870
"Kupplungssatz";479;18783;6;3;"RENAULT";"MEGANE II Coupé-Cabriolet (EM0/1_)";96;200505;200702;131;1870
"Kupplungssatz";479;18784;8;3;"RENAULT";"MEGANE II Stufenheck (LM0/1_)";63;200505;201012;86;1461
"Kupplungssatz";479;18785;10;4;"RENAULT";"MEGANE II Stufenheck (LM0/1_)";78;200505;201012;106;1461
"Kupplungssatz";479;18786;1;0;"RENAULT";"MEGANE II Stufenheck (LM0/1_)";96;200505;;131;1870
"Kupplungssatz";479;18787;4;5;"RENAULT";"MEGANE II Kombi (KM0/1_)";96;200505;200907;131;1870
"Kupplungssatz";479;18788;66;4;"RENAULT";"MEGANE II Kombi (KM0/1_)";78;200505;200806;106;1461
"Kupplungssatz";479;18789;12;3;"RENAULT";"MEGANE II Kombi (KM0/1_)";63;200505;200907;86;1461
"Kupplungssatz";479;18790;16;3;"RENAULT";"MEGANE II (BM0/1_, CM0/1_)";63;200505;200802;86;1461
"Kupplungssatz";479;18791;23;4;"RENAULT";"MEGANE II (BM0/1_, CM0/1_)";78;200505;200806;106;1461
"Kupplungssatz";479;18792;2;6;"RENAULT";"MEGANE II (BM0/1_, CM0/1_)";96;200505;200912;131;1870
"Kupplungssatz";479;18793;1;1;"JEEP";"CHEROKEE (KJ)";120;200411;200801;163;2776
"Kupplungssatz";479;18794;3;3;"NISSAN";"NP300 NAVARA (D40)";106;200507;;144;2488
"Kupplungssatz";479;18795;70;2;"NISSAN";"NP300 NAVARA (D40)";128;200507;;174;2488
"Kupplungssatz";479;18796;58;1;"KIA";"RIO II (JB)";71;200503;201112;97;1399
"Kupplungssatz";479;18797;5;1;"KIA";"RIO II (JB)";82;200503;201112;112;1599
"Kupplungssatz";479;18798;15;3;"KIA";"RIO II (JB)";81;200503;201112;110;1493
"Kupplungssatz";479;18799;1;1;"KIA";"RIO II Stufenheck (JB)";71;200503;201112;97;1399
"Kupplungssatz";479;18801;1;2;"KIA";"RIO II Stufenheck (JB)";81;200503;201112;110;1493
"Kupplungssatz";479;18813;986;1;"TOYOTA";"AYGO (_B1_)";50;200507;201405;68;998
"Kupplungssatz";479;18822;3;2;"BMW";"3 (E46)";85;200206;200502;115;1596
"Kupplungssatz";479;18823;1;2;"BMW";"3 Coupe (E46)";85;200206;200607;115;1596
"Kupplungssatz";479;18827;1;1;"MAZDA";"6 Hatchback (GG)";105;200506;200708;143;1998
"Kupplungssatz";479;18828;4;1;"MAZDA";"6 Stufenheck (GG)";105;200506;200708;143;1998
"Kupplungssatz";479;18829;2;1;"MAZDA";"6 Station Wagon (GY)";105;200506;200708;143;1998
"Kupplungssatz";479;18830;17;1;"MAZDA";"5 (CR19)";105;200502;201005;143;1998
"Kupplungssatz";479;18831;2;1;"MAZDA";"626 V Hatchback (GF)";66;199804;200210;90;1998
"Kupplungssatz";479;18835;18;4;"PEUGEOT";"PARTNER Kasten/Großraumlimousine (5_, G_)";51;199606;201512;69;1868
"Kupplungssatz";479;18843;6;1;"HYUNDAI";"COUPE II (GK)";77;200203;200908;105;1599
"Kupplungssatz";479;18844;1;1;"HYUNDAI";"COUPE II (GK)";79;200203;200908;107;1599
"Kupplungssatz";479;18856;10;2;"RENAULT";"KANGOO Express (FC0/1_)";62;200307;;84;1870
"Kupplungssatz";479;18857;1;1;"PORSCHE";"911 (997)";239;200407;200812;325;3596
"Kupplungssatz";479;18858;4;1;"PORSCHE";"911 (997)";261;200407;200812;355;3824
"Kupplungssatz";479;18859;55;2;"CHEVROLET";"MATIZ (M200, M250)";49;200503;;67;995
"Kupplungssatz";479;18873;1;1;"CITROËN";"BERLINGO / BERLINGO FIRST Kasten/Großraumlimousine (M_)";66;199805;200210;90;1761
"Kupplungssatz";479;18878;10;1;"TOYOTA";"AVENSIS (_T25_)";81;200304;200811;110;1598
"Kupplungssatz";479;18879;31;1;"TOYOTA";"AVENSIS Stufenheck (_T25_)";81;200304;200811;110;1598
"Kupplungssatz";479;18886;337;8;"OPEL";"ZAFIRA / ZAFIRA FAMILY B (A05)";103;200507;201504;140;1796
"Kupplungssatz";479;18887;11;1;"MAZDA";"MX-5 III (NC)";118;200507;201412;160;1999
"Kupplungssatz";479;18888;26;0;"MAZDA";"MX-5 III (NC)";93;200503;201412;126;1798
"Kupplungssatz";479;18889;5;2;"FIAT";"CROMA (194_)";108;200506;;147;2198
"Kupplungssatz";479;18891;1;0;"RENAULT";"LAGUNA II (BG0/1_)";76;200103;200505;103;1598
"Kupplungssatz";479;18897;187;2;"FIAT";"GRANDE PUNTO (199_)";48;200510;;65;1242
"Kupplungssatz";479;18898;274;2;"FIAT";"GRANDE PUNTO (199_)";57;200506;201512;77;1368
"Kupplungssatz";479;18899;63;2;"FIAT";"GRANDE PUNTO (199_)";55;200510;;75;1248
"Kupplungssatz";479;18900;31;4;"FIAT";"GRANDE PUNTO (199_)";66;200510;201012;90;1248
"Kupplungssatz";479;18901;5;2;"FIAT";"GRANDE PUNTO (199_)";88;200510;;120;1910
"Kupplungssatz";479;18902;6;2;"FIAT";"GRANDE PUNTO (199_)";96;200510;;130;1910
"Kupplungssatz";479;18903;13;4;"FIAT";"CROMA (194_)";88;200506;201112;120;1910
"Kupplungssatz";479;18904;14;4;"FIAT";"CROMA (194_)";110;200506;201112;150;1910
"Kupplungssatz";479;18906;1;2;"FIAT";"STILO (192_)";66;200503;200611;90;1368
"Kupplungssatz";479;18907;5;2;"FIAT";"STILO (192_)";88;200509;200611;120;1910
"Kupplungssatz";479;18908;2;1;"FIAT";"STILO (192_)";110;200509;200611;150;1910
"Kupplungssatz";479;18909;1;2;"FIAT";"STILO (192_)";74;200509;200611;100;1910
"Kupplungssatz";479;18910;1;2;"FIAT";"STILO Multi Wagon (192_)";66;200503;200808;90;1368
"Kupplungssatz";479;18911;3;2;"FIAT";"STILO Multi Wagon (192_)";88;200509;200808;120;1910
"Kupplungssatz";479;18913;1;2;"FIAT";"STILO Multi Wagon (192_)";74;200509;200808;100;1910
"Kupplungssatz";479;18915;3;1;"JAGUAR";"X-TYPE I Kombi (X400)";114;200510;200912;155;2198
"Kupplungssatz";479;18916;1;1;"JAGUAR";"X-TYPE I (X400)";114;200510;200911;155;2198
"Kupplungssatz";479;18917;8;1;"PORSCHE";"CAYMAN (987)";217;200511;200912;295;3387
"Kupplungssatz";479;18919;15;5;"VW";"GOLF V (1K1)";125;200511;200811;170;1968
"Kupplungssatz";479;18920;8;3;"VW";"GOLF V (1K1)";125;200511;200811;170;1390
"Kupplungssatz";479;18921;7;2;"VW";"GOLF V (1K1)";184;200511;200811;250;3189
"Kupplungssatz";479;18922;1;3;"VW";"GOLF PLUS V (5M1, 521)";110;200505;200806;150;1984
"Kupplungssatz";479;18923;11;5;"VW";"GOLF PLUS V (5M1, 521)";66;200505;200812;90;1896
"Kupplungssatz";479;18924;89;4;"VW";"GOLF PLUS V (5M1, 521)";75;200505;201312;102;1595
"Kupplungssatz";479;18926;2;1;"ALFA ROMEO";"159 (939_)";118;200509;201111;160;1859
"Kupplungssatz";479;18927;3;1;"ALFA ROMEO";"159 (939_)";136;200509;201111;185;2198
"Kupplungssatz";479;18929;7;4;"ALFA ROMEO";"159 (939_)";88;200509;201111;120;1910
"Kupplungssatz";479;18930;16;4;"ALFA ROMEO";"159 (939_)";110;200509;201111;150;1910
"Kupplungssatz";479;18931;2;2;"ALFA ROMEO";"159 (939_)";147;200509;201111;200;2387
"Kupplungssatz";479;18932;22;3;"ALFA ROMEO";"147 (937_)";88;200507;201003;120;1910
"Kupplungssatz";479;18933;17;3;"ALFA ROMEO";"147 (937_)";110;200409;201003;150;1910
"Kupplungssatz";479;18934;32;3;"FORD";"FOCUS II (DA_, HCP, DP)";66;200501;201209;90;1560
"Kupplungssatz";479;18935;25;4;"FORD";"FOCUS II (DA_, HCP, DP)";85;200501;201209;115;1753
"Kupplungssatz";479;18936;13;4;"FORD";"FOCUS II Turnier (DA_, FFS, DS)";85;200407;201209;115;1753
"Kupplungssatz";479;18937;11;4;"FORD";"FOCUS C-MAX (DM2)";85;200501;200703;115;1753
"Kupplungssatz";479;18938;1;1;"AUDI";"A4 B7 (8EC)";162;200506;200806;220;1984
"Kupplungssatz";479;18940;6;1;"AUDI";"A6 C6 (4F2)";125;200506;201103;170;1984
"Kupplungssatz";479;18941;2;1;"AUDI";"A6 C6 Avant (4F5)";125;200506;201108;170;1984
"Kupplungssatz";479;18947;7;9;"OPEL";"ASTRA H TwinTop (A04)";77;200509;201010;105;1598
"Kupplungssatz";479;18950;3;2;"OPEL";"ASTRA H TwinTop (A04)";147;200509;201010;200;1998
"Kupplungssatz";479;18951;14;6;"OPEL";"ASTRA H TwinTop (A04)";110;200509;201010;150;1910
"Kupplungssatz";479;18952;2;3;"FORD";"FOCUS II Stufenheck (DB_, FCH, DH)";59;200504;201209;80;1388
"Kupplungssatz";479;18953;10;3;"FORD";"FOCUS II Stufenheck (DB_, FCH, DH)";74;200504;201209;100;1596
"Kupplungssatz";479;18954;10;3;"FORD";"FOCUS II Stufenheck (DB_, FCH, DH)";85;200504;201209;115;1596
"Kupplungssatz";479;18956;2;3;"FORD";"FOCUS II Stufenheck (DB_, FCH, DH)";66;200504;201209;90;1560
"Kupplungssatz";479;18957;5;3;"FORD";"FOCUS II Stufenheck (DB_, FCH, DH)";80;200504;201209;109;1560
"Kupplungssatz";479;18958;4;4;"FORD";"FOCUS II Stufenheck (DB_, FCH, DH)";85;200504;201209;115;1753
"Kupplungssatz";479;18959;1;5;"FORD";"FOCUS II Stufenheck (DB_, FCH, DH)";100;200504;201209;136;1997
"Kupplungssatz";479;18966;16;3;"BMW";"3 (E90)";95;200509;200708;129;1995
"Kupplungssatz";479;18967;18;2;"BMW";"3 (E90)";90;200503;200708;122;1995
"Kupplungssatz";479;18968;7;1;"BMW";"3 (E90)";170;200509;200809;231;2993
"Kupplungssatz";479;18969;3;1;"BMW";"3 Touring (E91)";170;200412;200808;231;2993
"Kupplungssatz";479;18970;3;2;"NISSAN";"MICRA C+C III (K12)";65;200508;;88;1386
"Kupplungssatz";479;18971;13;1;"VW";"EOS (1F7, 1F8)";85;200606;200805;115;1598
"Kupplungssatz";479;18972;6;4;"NISSAN";"MICRA C+C III (K12)";81;200508;;110;1598
"Kupplungssatz";479;18974;4;3;"VW";"EOS (1F7, 1F8)";110;200603;200805;150;1984
"Kupplungssatz";479;18976;9;9;"VW";"EOS (1F7, 1F8)";147;200603;201508;200;1984
"Kupplungssatz";479;18979;11;1;"DACIA";"LOGAN (LS_)";48;200509;;65;1461
"Kupplungssatz";479;18980;3;2;"LANCIA";"MUSA (350_)";57;200509;201209;78;1368
"Kupplungssatz";479;18981;4;1;"KIA";"CERATO I Schrägheck (LD)";75;200507;200608;102;1493
"Kupplungssatz";479;18983;2;1;"MITSUBISHI";"OUTLANDER I (CU_W)";100;200305;200610;136;1997
"Kupplungssatz";479;18989;24;6;"VW";"EOS (1F7, 1F8)";103;200606;200805;140;1968
"Kupplungssatz";479;18990;3;2;"PEUGEOT";"407 Coupe (6C_)";120;200510;;163;2230
"Kupplungssatz";479;18991;4;1;"PEUGEOT";"407 Coupe (6C_)";155;200510;;211;2946
"Kupplungssatz";479;18994;1;2;"PEUGEOT";"407 SW (6E_, 6D_)";92;200508;201012;125;1749
"Kupplungssatz";479;18995;1;2;"PEUGEOT";"407 SW (6E_, 6D_)";103;200508;201012;140;1997
"Kupplungssatz";479;18998;8;2;"PEUGEOT";"407 (6D_)";92;200508;201012;125;1749
"Kupplungssatz";479;19000;5;2;"PEUGEOT";"407 (6D_)";103;200509;201012;140;1997
"Kupplungssatz";479;19001;1;2;"PEUGEOT";"407 (6D_)";120;200508;201012;163;2230
"Kupplungssatz";479;19003;1;3;"PEUGEOT";"607 (9D, 9U)";100;200509;201107;136;1997
"Kupplungssatz";479;19008;51;1;"CITROËN";"XSARA PICASSO (N68)";80;200509;201112;109;1587
"Kupplungssatz";479;19009;1;1;"BMW";"5 Touring (E61)";190;200409;200702;258;2996
"Kupplungssatz";479;19010;19;2;"CITROËN";"XSARA PICASSO (N68)";66;200509;201112;90;1560
"Kupplungssatz";479;19011;17;2;"CITROËN";"C8 (EA_, EB_)";103;200509;;140;1997
"Kupplungssatz";479;19013;3;1;"BMW";"5 (E60)";130;200410;200702;177;2497
"Kupplungssatz";479;19014;6;2;"CITROËN";"C5 II (RC_)";92;200509;200801;125;1749
"Kupplungssatz";479;19015;1;1;"BMW";"5 Touring (E61)";130;200410;200702;177;2497
"Kupplungssatz";479;19016;1;0;"AUDI";"Q7 (4LB)";171;200603;200805;233;2967
"Kupplungssatz";479;19019;1;1;"BMW";"5 Touring (E61)";160;200503;201005;218;2497
"Kupplungssatz";479;19021;7;2;"BMW";"5 (E60)";270;200509;200912;367;4799
"Kupplungssatz";479;19022;1;2;"BMW";"5 Touring (E61)";270;200507;201012;367;4799
"Kupplungssatz";479;19023;8;3;"BMW";"5 (E60)";120;200509;200912;163;1995
"Kupplungssatz";479;19024;2;1;"BMW";"5 (E60)";170;200509;200703;231;2993
"Kupplungssatz";479;19025;1;1;"BMW";"5 Touring (E61)";170;200502;200702;231;2993
"Kupplungssatz";479;19026;9;2;"CITROËN";"BERLINGO / BERLINGO FIRST Großraumlimousine (MF_, GJK_, GFK_";55;200507;201112;75;1560
"Kupplungssatz";479;19027;17;5;"CITROËN";"BERLINGO / BERLINGO FIRST Großraumlimousine (MF_, GJK_, GFK_";66;200507;200805;90;1560
"Kupplungssatz";479;19033;9;2;"BMW";"X3 (E83)";110;200507;200808;150;1995
"Kupplungssatz";479;19034;16;4;"RENAULT";"KANGOO (KC0/1_)";50;200506;;68;1461
"Kupplungssatz";479;19035;26;4;"RENAULT";"KANGOO (KC0/1_)";62;200506;;84;1461
"Kupplungssatz";479;19036;1;3;"RENAULT";"SCÉNIC II (JM0/1_)";81;200505;200811;110;1870
"Kupplungssatz";479;19037;3;1;"BMW";"X3 (E83)";160;200509;200808;218;2993
"Kupplungssatz";479;19039;11;3;"RENAULT";"GRAND SCÉNIC II (JM0/1_)";96;200404;200802;131;1870
"Kupplungssatz";479;19040;1;3;"RENAULT";"MEGANE II (BM0/1_, CM0/1_)";81;200505;200802;110;1870
"Kupplungssatz";479;19042;2;6;"RENAULT";"MEGANE II Kombi (KM0/1_)";81;200505;200907;110;1870
"Kupplungssatz";479;19043;4;4;"RENAULT";"LAGUNA II (BG0/1_)";110;200508;200608;150;1995
"Kupplungssatz";479;19044;4;4;"RENAULT";"LAGUNA II Grandtour (KG0/1_)";110;200508;200608;150;1995
"Kupplungssatz";479;19045;382;4;"RENAULT";"CLIO III (BR0/1, CR0/1)";55;200506;201412;75;1149
"Kupplungssatz";479;19046;9;2;"RENAULT";"CLIO III (BR0/1, CR0/1)";58;200506;201412;78;1149
"Kupplungssatz";479;19047;27;4;"RENAULT";"CLIO III (BR0/1, CR0/1)";48;200506;201412;65;1149
"Kupplungssatz";479;19048;37;4;"RENAULT";"CLIO III (BR0/1, CR0/1)";65;200506;200710;88;1598
"Kupplungssatz";479;19049;13;4;"RENAULT";"CLIO III (BR0/1, CR0/1)";82;200506;201412;112;1598
"Kupplungssatz";479;19050;14;4;"RENAULT";"CLIO III (BR0/1, CR0/1)";72;200506;201212;98;1390
"Kupplungssatz";479;19051;46;5;"RENAULT";"CLIO III (BR0/1, CR0/1)";50;200506;201212;68;1461
"Kupplungssatz";479;19052;61;5;"RENAULT";"CLIO III (BR0/1, CR0/1)";63;200506;201212;86;1461
"Kupplungssatz";479;19053;5;4;"RENAULT";"CLIO III (BR0/1, CR0/1)";78;200506;201412;106;1461
"Kupplungssatz";479;19066;5;0;"LEXUS";"IS II (_E2_)";153;200508;201303;208;2499
"Kupplungssatz";479;19067;4;1;"LEXUS";"IS II (_E2_)";130;200508;201207;177;2231
"Kupplungssatz";479;19068;10;3;"TOYOTA";"COROLLA Verso (ZER_, ZZE12_, R1_)";130;200510;200903;177;2231
"Kupplungssatz";479;19069;3;1;"NISSAN";"X-TRAIL I (T30)";103;200107;201301;140;1998
"Kupplungssatz";479;19070;1;2;"NISSAN";"X-TRAIL I (T30)";100;200312;201301;136;2184
"Kupplungssatz";479;19093;25;2;"SUZUKI";"SWIFT III (MZ, EZ)";75;200502;;102;1490
"Kupplungssatz";479;19094;447;1;"SUZUKI";"SWIFT III (MZ, EZ)";68;200502;;92;1328
"Kupplungssatz";479;19103;1;1;"BMW";"3 (E90)";170;200509;200808;231;2993
"Kupplungssatz";479;19104;1;1;"BMW";"3 Touring (E91)";160;200508;200808;218;2497
"Kupplungssatz";479;19106;3;1;"BMW";"3 Touring (E91)";170;200509;201206;231;2993
"Kupplungssatz";479;19107;1;2;"MAZDA";"6 Hatchback (GG)";108;200503;200708;147;1999
"Kupplungssatz";479;19108;2;2;"MAZDA";"6 Stufenheck (GG)";108;200503;200708;147;1999
"Kupplungssatz";479;19109;14;2;"MAZDA";"6 Station Wagon (GY)";108;200503;200708;147;1999
"Kupplungssatz";479;19113;32;5;"OPEL";"ASTRA H (A04)";66;200508;201010;90;1248
"Kupplungssatz";479;19115;19;5;"OPEL";"ASTRA H Caravan (A04)";66;200508;201010;90;1248
"Kupplungssatz";479;19116;3;2;"OPEL";"ASTRA H (A04)";177;200503;201010;240;1998
"Kupplungssatz";479;19117;5;6;"OPEL";"ASTRA H (A04)";88;200406;201010;120;1910
"Kupplungssatz";479;19118;14;6;"OPEL";"ASTRA H Caravan (A04)";88;200509;201010;120;1910
"Kupplungssatz";479;19119;4;6;"OPEL";"ASTRA H (A04)";74;200509;201010;100;1910
"Kupplungssatz";479;19120;32;6;"OPEL";"ASTRA H Caravan (A04)";74;200509;201010;100;1910
"Kupplungssatz";479;19124;1;1;"AUDI";"A4 B8 (8K2)";150;201111;201512;204;2967
"Kupplungssatz";479;19125;25;3;"AUDI";"A4 B8 Avant (8K5)";125;201111;201512;170;1798
"Kupplungssatz";479;19139;2;5;"OPEL";"VECTRA C CC (Z02)";74;200508;200808;100;1598
"Kupplungssatz";479;19141;1;2;"OPEL";"VECTRA C CC (Z02)";188;200508;200809;255;2792
"Kupplungssatz";479;19145;2;8;"OPEL";"CORSA C Kasten/Schrägheck (X01)";51;200507;200606;69;1248
"Kupplungssatz";479;19147;15;8;"OPEL";"COMBO Kasten/Großraumlimousine";51;200508;;69;1248
"Kupplungssatz";479;19149;1;1;"PROTON";"GEN 2 (CM_)";82;200406;;110;1597
"Kupplungssatz";479;19152;2;0;"SUBARU";"IMPREZA Stufenheck (GD)";169;200509;200812;230;2457
"Kupplungssatz";479;19154;7;0;"SUBARU";"IMPREZA Station Wagon (GG)";118;200509;200706;160;1994
"Kupplungssatz";479;19155;1;0;"SUBARU";"IMPREZA Station Wagon (GG)";169;200509;200812;230;2457
"Kupplungssatz";479;19156;19;0;"SUBARU";"FORESTER (SG_)";116;200506;200805;158;1994
"Kupplungssatz";479;19157;1;0;"SUBARU";"FORESTER (SG_)";169;200506;200805;230;2457
"Kupplungssatz";479;19159;2;1;"PORSCHE";"911 Cabriolet (997)";261;200504;200812;355;3824
"Kupplungssatz";479;19163;2;1;"ALFA ROMEO";"BRERA (939_)";136;200601;201105;185;2198
"Kupplungssatz";479;19167;10;2;"FORD";"FOCUS II (DA_, HCP, DP)";166;200510;201209;225;2522
"Kupplungssatz";479;19171;5;3;"AUDI";"A4 B7 Cabriolet (8HE)";103;200601;200903;140;1968
"Kupplungssatz";479;19172;2;1;"AUDI";"A4 B7 Cabriolet (8HE)";171;200601;200903;233;2967
"Kupplungssatz";479;19174;144;2;"NISSAN";"NOTE (E11, NE11)";65;200603;201206;88;1386
"Kupplungssatz";479;19175;39;4;"NISSAN";"NOTE (E11, NE11)";81;200603;201206;110;1598
"Kupplungssatz";479;19176;2;1;"NISSAN";"NOTE (E11, NE11)";50;200603;201206;68;1461
"Kupplungssatz";479;19177;12;1;"NISSAN";"NOTE (E11, NE11)";63;200603;201206;86;1461
"Kupplungssatz";479;19178;4;1;"RENAULT";"CLIO II Kasten/Schrägheck (SB0/1/2_)";48;200106;;65;1461
"Kupplungssatz";479;19179;1;9;"VW";"JETTA III (1K2)";147;200510;201010;200;1984
"Kupplungssatz";479;19180;1;1;"MAZDA";"626 V (GF)";66;199804;200210;90;1998
"Kupplungssatz";479;19183;1;1;"SSANGYONG";"KYRON";104;200505;;141;1998
"Kupplungssatz";479;19193;30;2;"SUZUKI";"GRAND VITARA II (JT, TE, TD)";78;200504;201502;106;1586
"Kupplungssatz";479;19194;34;2;"SUZUKI";"GRAND VITARA II (JT, TE, TD)";103;200510;201502;140;1995
"Kupplungssatz";479;19195;103;2;"KIA";"PICANTO I (SA)";45;200404;201104;61;999
"Kupplungssatz";479;19198;5;1;"ISUZU";"D-MAX I (TFR, TFS)";74;200205;201206;101;2499
"Kupplungssatz";479;19199;11;0;"ISUZU";"D-MAX I (TFR, TFS)";96;200205;201206;131;2999
"Kupplungssatz";479;19200;37;5;"VW";"PASSAT B6 Variant (3C5)";125;200508;201011;170;1968
"Kupplungssatz";479;19203;16;6;"SUZUKI";"SWIFT III (MZ, EZ)";51;200508;;69;1248
"Kupplungssatz";479;19205;40;1;"SUZUKI";"SWIFT III (MZ, EZ)";66;200601;;90;1328
"Kupplungssatz";479;19206;5;1;"SUZUKI";"CARRY Kasten (FD)";58;200003;;79;1298
"Kupplungssatz";479;19211;1;1;"KIA";"MAGENTIS II (MG)";106;200511;201012;144;1998
"Kupplungssatz";479;19213;1;3;"KIA";"MAGENTIS II (MG)";103;200604;201012;140;1991
"Kupplungssatz";479;19214;8;1;"KIA";"PICANTO I (SA)";55;200510;201104;75;1120
"Kupplungssatz";479;19215;7;3;"KIA";"SPORTAGE II (JE_, KM)";103;200601;;140;1991
"Kupplungssatz";479;19216;8;1;"VW";"PASSAT B6 (3C2)";75;200505;201007;102;1595
"Kupplungssatz";479;19217;1;0;"KIA";"K2700 (SD)";59;199910;;80;2665
"Kupplungssatz";479;19218;9;4;"RENAULT";"KANGOO Express (FC0/1_)";62;200506;;84;1461
"Kupplungssatz";479;19219;17;1;"SEAT";"IBIZA III (6L1)";51;200505;200911;70;1422
"Kupplungssatz";479;19220;21;1;"SEAT";"IBIZA III (6L1)";59;200506;200911;80;1422
"Kupplungssatz";479;19221;3;1;"SEAT";"CORDOBA (6L2)";51;200505;200911;70;1422
"Kupplungssatz";479;19222;2;1;"SEAT";"CORDOBA (6L2)";59;200506;200911;80;1422
"Kupplungssatz";479;19223;9;3;"BMW";"5 Touring (E61)";120;200504;201005;163;1995
"Kupplungssatz";479;19225;11;1;"SKODA";"FABIA I (6Y2)";51;200510;200803;70;1422
"Kupplungssatz";479;19226;3;1;"SKODA";"FABIA I (6Y2)";59;200510;200803;80;1422
"Kupplungssatz";479;19228;1;1;"SKODA";"FABIA I Stufenheck (6Y3)";59;200510;200712;80;1422
"Kupplungssatz";479;19229;7;1;"SKODA";"FABIA I Combi (6Y5)";51;200510;200712;70;1422
"Kupplungssatz";479;19230;1;1;"SKODA";"FABIA I Combi (6Y5)";59;200510;200712;80;1422
"Kupplungssatz";479;19232;6;3;"AUDI";"A6 C6 (4F2)";100;200407;201103;136;1968
"Kupplungssatz";479;19233;5;3;"AUDI";"A6 C6 Avant (4F5)";100;200506;201108;136;1968
"Kupplungssatz";479;19236;37;1;"VW";"CADDY III Großraumlimousine (2KB, 2KJ, 2CB, 2CJ)";55;200509;201008;75;1896
"Kupplungssatz";479;19237;3;3;"VW";"NEW BEETLE (9C1, 1C1)";77;200507;201009;105;1896
"Kupplungssatz";479;19238;2;3;"VW";"NEW BEETLE Cabriolet (1Y7)";77;200507;201009;105;1896
"Kupplungssatz";479;19240;55;1;"HONDA";"CIVIC VIII Hatchback (FN, FK)";61;200509;;83;1339
"Kupplungssatz";479;19241;107;2;"HONDA";"CIVIC VIII Hatchback (FN, FK)";103;200509;;140;1799
"Kupplungssatz";479;19242;29;2;"HONDA";"CIVIC VIII Hatchback (FN, FK)";103;200509;;140;2204
"Kupplungssatz";479;19243;2;1;"TOYOTA";"AYGO (_B1_)";40;200507;201008;54;1398
"Kupplungssatz";479;19245;11;3;"TOYOTA";"COROLLA Verso (ZER_, ZZE12_, R1_)";100;200510;200903;136;2231
"Kupplungssatz";479;19248;5;3;"TOYOTA";"AVENSIS Kombi (_T25_)";110;200510;200811;150;2231
"Kupplungssatz";479;19249;2;3;"TOYOTA";"AVENSIS (_T25_)";130;200507;200811;177;2231
"Kupplungssatz";479;19251;9;3;"TOYOTA";"AVENSIS Kombi (_T25_)";130;200507;200811;177;2231
"Kupplungssatz";479;19253;9;3;"VW";"POLO (9N_, 9A_)";110;200509;200911;150;1781
"Kupplungssatz";479;19254;313;2;"TOYOTA";"YARIS (_P9_)";51;200508;201112;69;998
"Kupplungssatz";479;19255;96;2;"TOYOTA";"YARIS (_P9_)";66;200508;201212;90;1364
"Kupplungssatz";479;19256;282;1;"TOYOTA";"YARIS (_P9_)";64;200508;201011;87;1298
"Kupplungssatz";479;19258;3;1;"BMW";"Z4 Roadster (E85)";130;200509;200902;177;2497
"Kupplungssatz";479;19259;2;1;"BMW";"Z4 Roadster (E85)";160;200601;200808;218;2497
"Kupplungssatz";479;19260;1;1;"BMW";"Z4 Roadster (E85)";195;200601;200808;265;2996
"Kupplungssatz";479;19261;4;2;"OPEL";"ZAFIRA / ZAFIRA FAMILY B (A05)";177;200601;201012;241;1998
"Kupplungssatz";479;19264;5;3;"FORD";"FOCUS II (DA_, HCP, DP)";92;200601;201209;125;1798
"Kupplungssatz";479;19265;2;3;"FORD";"FOCUS II Turnier (DA_, FFS, DS)";92;200601;201209;125;1798
"Kupplungssatz";479;19268;7;8;"OPEL";"VECTRA C CC (Z02)";103;200508;200808;140;1796
"Kupplungssatz";479;19269;4;7;"OPEL";"VECTRA C CC (Z02)";77;200601;200808;105;1598
"Kupplungssatz";479;19271;1;1;"SKODA";"FABIA I Praktik (6Y5)";40;200107;200712;54;1198
"Kupplungssatz";479;19273;2;1;"SKODA";"ROOMSTER (5J7)";47;200605;200701;64;1198
"Kupplungssatz";479;19274;46;2;"SKODA";"ROOMSTER (5J7)";63;200609;201505;86;1390
"Kupplungssatz";479;19275;18;1;"SKODA";"ROOMSTER (5J7)";77;200609;201505;105;1598
"Kupplungssatz";479;19276;8;1;"SKODA";"ROOMSTER (5J7)";51;200607;201003;70;1422
"Kupplungssatz";479;19277;11;1;"SKODA";"ROOMSTER (5J7)";59;200609;201003;80;1422
"Kupplungssatz";479;19278;52;1;"SKODA";"ROOMSTER (5J7)";77;200609;201003;105;1896
"Kupplungssatz";479;19280;3;7;"OPEL";"VECTRA C (Z02)";77;200508;200808;105;1598
"Kupplungssatz";479;19281;15;8;"OPEL";"VECTRA C (Z02)";103;200508;200808;140;1796
"Kupplungssatz";479;19285;3;6;"OPEL";"VECTRA C (Z02)";74;200510;200808;100;1910
"Kupplungssatz";479;19286;1;6;"OPEL";"VECTRA C CC (Z02)";74;200506;200808;100;1910
"Kupplungssatz";479;19288;2;1;"ALFA ROMEO";"GIULIETTA (940_)";88;201112;201702;120;1368
"Kupplungssatz";479;19289;116;9;"OPEL";"MERIVA A Großraumlimousine (X03)";77;200601;201005;105;1598
"Kupplungssatz";479;19290;24;6;"OPEL";"MERIVA A Großraumlimousine (X03)";55;200309;201005;75;1248
"Kupplungssatz";479;19295;88;2;"TOYOTA";"RAV 4 III (_A3_)";112;200602;201306;152;1998
"Kupplungssatz";479;19296;46;3;"TOYOTA";"RAV 4 III (_A3_)";100;200602;201212;136;2231
"Kupplungssatz";479;19297;24;3;"TOYOTA";"RAV 4 III (_A3_)";130;200602;201306;177;2231
"Kupplungssatz";479;19298;20;2;"BMW";"3 Touring (E91)";90;200509;200708;122;1995
"Kupplungssatz";479;19299;3;3;"BMW";"3 Touring (E91)";95;200601;200708;129;1995
"Kupplungssatz";479;19301;1;1;"BMW";"3 Cabriolet (E46)";150;200508;200712;204;2993
"Kupplungssatz";479;19304;6;1;"MINI";"MINI (R50, R53)";65;200306;200609;88;1364
"Kupplungssatz";479;19305;1;2;"CHRYSLER";"PT CRUISER (PT_)";105;200508;201012;143;2429
"Kupplungssatz";479;19306;1;0;"CHRYSLER";"PT CRUISER (PT_)";110;200508;201012;150;2148
"Kupplungssatz";479;19312;6;1;"FIAT";"DUCATO Kasten (244_)";107;200404;200607;146;2800
"Kupplungssatz";479;19313;12;1;"FIAT";"DUCATO Pritsche/Fahrgestell (244_)";107;200404;200607;146;2800
"Kupplungssatz";479;19317;5;8;"OPEL";"VECTRA C Caravan (Z02)";103;200508;200808;140;1796
"Kupplungssatz";479;19318;1;1;"DAIHATSU";"COPEN (L880_, L881_)";64;200603;201209;87;1298
"Kupplungssatz";479;19319;5;5;"PEUGEOT";"307 Break (3E)";79;200203;200912;107;1997
"Kupplungssatz";479;19322;1;7;"PEUGEOT";"5008 (0U_, 0E_)";100;201202;201703;136;1997
"Kupplungssatz";479;19323;3;2;"SMART";"FORFOUR (454)";47;200502;200606;64;1124
"Kupplungssatz";479;19324;11;2;"FIAT";"DOBLO Großraumlimousine (119_, 223_)";62;200510;;84;1248
"Kupplungssatz";479;19325;14;2;"FIAT";"DOBLO Großraumlimousine (119_, 223_)";88;200510;;120;1910
"Kupplungssatz";479;19326;52;3;"FIAT";"DOBLO Großraumlimousine (119_, 223_)";57;200510;;77;1368
"Kupplungssatz";479;19327;6;1;"FIAT";"DOBLO Großraumlimousine (119_, 223_)";76;200209;;103;1596
"Kupplungssatz";479;19328;24;3;"FIAT";"DOBLO Kasten/Großraumlimousine (223_)";57;200510;;77;1368
"Kupplungssatz";479;19329;4;1;"FIAT";"DOBLO Kasten/Großraumlimousine (223_)";76;200209;;103;1596
"Kupplungssatz";479;19330;47;2;"FIAT";"DOBLO Kasten/Großraumlimousine (223_)";55;200510;201001;75;1248
"Kupplungssatz";479;19331;18;5;"OPEL";"ASTRA H GTC (A04)";66;200504;201010;90;1248
"Kupplungssatz";479;19332;3;6;"VW";"GOLF V (1K1)";100;200310;200811;136;1968
"Kupplungssatz";479;19334;2;1;"BMW";"3 Cabriolet (E46)";110;200403;200608;150;1995
"Kupplungssatz";479;19335;1;2;"SKODA";"FABIA I Praktik (6Y5)";50;200107;200305;68;1397
"Kupplungssatz";479;19340;1;5;"CITROËN";"C3 I (FC_, FN_)";66;200510;;90;1560
"Kupplungssatz";479;19341;17;5;"PEUGEOT";"307 (3A/C)";66;200504;200903;90;1560
"Kupplungssatz";479;19349;90;1;"PEUGEOT";"207 (WA_, WC_)";65;200602;201310;88;1360
"Kupplungssatz";479;19350;14;2;"PEUGEOT";"207 (WA_, WC_)";80;200602;201310;109;1587
"Kupplungssatz";479;19351;11;4;"PEUGEOT";"207 (WA_, WC_)";110;200602;201310;150;1598
"Kupplungssatz";479;19352;34;5;"PEUGEOT";"207 (WA_, WC_)";66;200602;201310;90;1560
"Kupplungssatz";479;19353;16;3;"PEUGEOT";"207 (WA_, WC_)";80;200602;201310;109;1560
"Kupplungssatz";479;19354;119;2;"PEUGEOT";"207 (WA_, WC_)";50;200602;201512;68;1398
"Kupplungssatz";479;19355;4;2;"RENAULT";"CLIO III (BR0/1, CR0/1)";145;200602;201212;197;1998
"Kupplungssatz";479;19358;18;4;"RENAULT";"ESPACE IV (JK0/1_)";110;200601;;150;1995
"Kupplungssatz";479;19359;15;2;"RENAULT";"ESPACE IV (JK0/1_)";127;200601;;173;1995
"Kupplungssatz";479;19361;1;8;"OPEL";"SIGNUM CC (Z03)";103;200509;200812;140;1796
"Kupplungssatz";479;19362;14;6;"OPEL";"ASTRA H TwinTop (A04)";103;200509;201010;140;1796
"Kupplungssatz";479;19363;6;1;"MITSUBISHI";"COLT CZC VI Cabriolet (RG)";80;200605;200907;109;1499
"Kupplungssatz";479;19365;65;1;"MITSUBISHI";"L200 / TRITON (KA_T, KB_T)";100;200511;201512;136;2477
"Kupplungssatz";479;19368;2;1;"DACIA";"LOGAN (LS_)";77;200602;;105;1598
"Kupplungssatz";479;19382;4;1;"VW";"JETTA I (16)";43;198208;198402;58;1272
"Kupplungssatz";479;19393;73;1;"SUZUKI";"GRAND VITARA II (JT, TE, TD)";95;200510;201502;129;1870
"Kupplungssatz";479;19395;7;9;"VW";"PASSAT B6 (3C2)";147;200507;201007;200;1984
"Kupplungssatz";479;19396;7;9;"VW";"PASSAT B6 Variant (3C5)";147;200508;201011;200;1984
"Kupplungssatz";479;19398;3;4;"RENAULT";"MEGANE II (BM0/1_, CM0/1_)";110;200509;200802;150;1995
"Kupplungssatz";479;19401;8;4;"RENAULT";"SCÉNIC II (JM0/1_)";110;200509;200811;150;1995
"Kupplungssatz";479;19402;2;2;"VOLVO";"V70 II (285)";136;200504;200812;185;2401
"Kupplungssatz";479;19404;2;2;"VOLVO";"XC70 I Cross Country (295)";136;200512;200708;185;2401
"Kupplungssatz";479;19405;3;5;"PEUGEOT";"307 Break (3E)";66;200504;200804;90;1560
"Kupplungssatz";479;19406;1;5;"VW";"CRAFTER 30-35 Bus (2E_)";65;200604;201107;88;2461
"Kupplungssatz";479;19407;13;7;"VW";"CRAFTER 30-35 Bus (2E_)";80;200604;201305;109;2461
"Kupplungssatz";479;19408;18;7;"VW";"CRAFTER 30-35 Bus (2E_)";100;200604;201305;136;2461
"Kupplungssatz";479;19409;3;6;"VW";"CRAFTER 30-35 Bus (2E_)";120;200604;201107;163;2461
"Kupplungssatz";479;19410;2;5;"VW";"CRAFTER 30-50 Kasten (2E_)";65;200604;201107;88;2461
"Kupplungssatz";479;19411;26;1;"CITROËN";"BERLINGO / BERLINGO FIRST Kasten/Großraumlimousine (M_)";80;200010;200803;109;1587
"Kupplungssatz";479;19412;31;7;"VW";"CRAFTER 30-50 Kasten (2E_)";80;200604;201305;109;2461
"Kupplungssatz";479;19413;28;7;"VW";"CRAFTER 30-50 Kasten (2E_)";100;200604;201305;136;2461
"Kupplungssatz";479;19414;7;6;"VW";"CRAFTER 30-50 Kasten (2E_)";120;200604;201107;163;2461
"Kupplungssatz";479;19415;2;5;"VW";"CRAFTER 30-50 Pritsche/Fahrgestell (2F_)";65;200604;201107;88;2461
"Kupplungssatz";479;19416;3;7;"VW";"CRAFTER 30-50 Pritsche/Fahrgestell (2F_)";80;200604;201305;109;2461
"Kupplungssatz";479;19417;9;7;"VW";"CRAFTER 30-50 Pritsche/Fahrgestell (2F_)";100;200604;201305;136;2461
"Kupplungssatz";479;19418;1;6;"VW";"CRAFTER 30-50 Pritsche/Fahrgestell (2F_)";120;200604;201107;163;2461
"Kupplungssatz";479;19427;15;6;"OPEL";"ASTRA H (A04)";103;200601;201010;140;1796
"Kupplungssatz";479;19428;15;6;"OPEL";"ASTRA H GTC (A04)";103;200601;201010;140;1796
"Kupplungssatz";479;19437;3;3;"FORD";"GALAXY II (WA6)";107;200605;201506;145;1999
"Kupplungssatz";479;19439;11;5;"FORD";"GALAXY II (WA6)";96;200605;201506;130;1997
"Kupplungssatz";479;19440;75;6;"FORD";"GALAXY II (WA6)";103;200605;201506;140;1997
"Kupplungssatz";479;19441;18;3;"FORD";"S-MAX (WA6)";107;200605;201412;145;1999
"Kupplungssatz";479;19442;6;2;"FORD";"S-MAX (WA6)";162;200605;201412;220;2521
"Kupplungssatz";479;19443;19;5;"FORD";"S-MAX (WA6)";96;200605;201412;130;1997
"Kupplungssatz";479;19444;119;6;"FORD";"S-MAX (WA6)";103;200605;201412;140;1997
"Kupplungssatz";479;19448;14;4;"ALFA ROMEO";"159 Sportwagon (939_)";88;200603;201111;120;1910
"Kupplungssatz";479;19449;24;4;"ALFA ROMEO";"159 Sportwagon (939_)";110;200603;201111;150;1910
"Kupplungssatz";479;19450;2;2;"ALFA ROMEO";"159 Sportwagon (939_)";147;200603;201111;200;2387
"Kupplungssatz";479;19453;6;9;"AUDI";"TT (8J3)";147;200608;201006;200;1984
"Kupplungssatz";479;19454;2;2;"AUDI";"TT (8J3)";184;200608;201006;250;3189
"Kupplungssatz";479;19458;4;9;"SKODA";"OCTAVIA II (1Z3)";147;200510;201302;200;1984
"Kupplungssatz";479;19459;23;9;"SKODA";"OCTAVIA II Combi (1Z5)";147;200510;201302;200;1984
"Kupplungssatz";479;19464;3;6;"OPEL";"ASTRA H GTC (A04)";88;200509;201010;120;1910
"Kupplungssatz";479;19465;64;2;"VW";"GOLF PLUS V (5M1, 521)";59;200605;201312;80;1390
"Kupplungssatz";479;19466;4;2;"VW";"GOLF PLUS V (5M1, 521)";103;200605;200806;140;1390
"Kupplungssatz";479;19468;180;2;"VW";"GOLF V (1K1)";59;200605;200811;80;1390
"Kupplungssatz";479;19469;26;3;"VW";"GOLF V (1K1)";103;200605;200811;140;1390
"Kupplungssatz";479;19470;6;4;"ALFA ROMEO";"159 (939_)";85;200509;201111;115;1910
"Kupplungssatz";479;19474;2;1;"AUDI";"A6 Allroad C6 (4FH)";171;200605;200810;233;2967
"Kupplungssatz";479;19477;1;1;"AUDI";"A6 C6 (4F2)";171;200606;200810;233;2967
"Kupplungssatz";479;19479;2;1;"AUDI";"A6 C6 Avant (4F5)";171;200606;200810;233;2967
"Kupplungssatz";479;19490;1;1;"AUDI";"A4 B7 Avant (8ED)";309;200509;200806;420;4163
"Kupplungssatz";479;19493;5;1;"OPEL";"ANTARA A (L07)";104;200607;201112;141;2405
"Kupplungssatz";479;19495;29;4;"OPEL";"ANTARA A (L07)";110;200607;201112;150;1991
"Kupplungssatz";479;19496;1;3;"BMW";"3 (E90)";127;200509;200608;173;1997
"Kupplungssatz";479;19499;18;7;"SEAT";"LEON (1P1)";125;200605;201212;170;1968
"Kupplungssatz";479;19500;11;1;"CHEVROLET";"AVEO / KALOS Stufenheck (T250, T255)";53;200503;200712;72;1150
"Kupplungssatz";479;19501;6;1;"CHEVROLET";"AVEO / KALOS Stufenheck (T250, T255)";69;200503;201305;94;1399
"Kupplungssatz";479;19506;12;2;"KIA";"SORENTO I (JC)";125;200612;201112;170;2497
"Kupplungssatz";479;19508;1;1;"KIA";"CARNIVAL / GRAND CARNIVAL III (VQ)";136;200604;;185;2902
"Kupplungssatz";479;19513;1;5;"RENAULT";"TRAFIC II Pritsche/Fahrgestell (EL)";60;200103;200610;82;1870
"Kupplungssatz";479;19514;5;5;"RENAULT";"TRAFIC II Pritsche/Fahrgestell (EL)";74;200103;200610;101;1870
"Kupplungssatz";479;19515;2;7;"RENAULT";"TRAFIC II Pritsche/Fahrgestell (EL)";99;200103;200610;135;2463
"Kupplungssatz";479;19516;20;3;"FIAT";"SEDICI (189_)";88;200606;201110;120;1910
"Kupplungssatz";479;19517;18;4;"FIAT";"SEDICI (189_)";79;200606;201410;107;1586
"Kupplungssatz";479;19518;18;5;"PEUGEOT";"PARTNER Großraumlimousine (5_, G_)";66;200508;201512;90;1560
"Kupplungssatz";479;19519;6;2;"FORD";"FOCUS II Cabriolet";74;200610;201009;100;1596
"Kupplungssatz";479;19520;8;8;"FORD";"FOCUS II Cabriolet";107;200610;201009;145;1999
"Kupplungssatz";479;19521;4;2;"PEUGEOT";"PARTNER Großraumlimousine (5_, G_)";55;200508;200807;75;1560
"Kupplungssatz";479;19522;4;5;"FORD";"FOCUS II Cabriolet";100;200610;201009;136;1997
"Kupplungssatz";479;19523;20;2;"PEUGEOT";"PARTNER Kasten/Großraumlimousine (5_, G_)";55;200508;200807;75;1560
"Kupplungssatz";479;19524;11;5;"PEUGEOT";"PARTNER Kasten/Großraumlimousine (5_, G_)";66;200508;201512;90;1560
"Kupplungssatz";479;19525;2;2;"PEUGEOT";"607 (9D, 9U)";125;200605;201006;170;2179
"Kupplungssatz";479;19545;1;3;"PORSCHE";"911 (997)";305;200603;200912;415;3600
"Kupplungssatz";479;19546;1;2;"PORSCHE";"CAYMAN (987)";180;200607;200912;245;2687
"Kupplungssatz";479;19547;82;4;"SUZUKI";"SX4 (EY, GY)";79;200606;;107;1586
"Kupplungssatz";479;19548;13;3;"SUZUKI";"SX4 (EY, GY)";88;200606;;120;1910
"Kupplungssatz";479;19549;14;4;"SUZUKI";"SX4 (EY, GY)";73;200606;201007;99;1490
"Kupplungssatz";479;19550;43;4;"SUZUKI";"SX4 (EY, GY)";79;200606;;107;1586
"Kupplungssatz";479;19551;7;3;"SUZUKI";"SX4 (EY, GY)";88;200606;;120;1910
"Kupplungssatz";479;19552;1;1;"ALFA ROMEO";"SPIDER (939_)";136;200603;201103;185;2198
"Kupplungssatz";479;19554;1;2;"RENAULT";"VEL SATIS (BJ0_)";110;200508;;150;1995
"Kupplungssatz";479;19557;1;5;"SEAT";"ALTEA (5P1)";125;200603;;170;1968
"Kupplungssatz";479;19559;3;1;"NISSAN";"350Z Coupe (Z33)";221;200209;200812;301;3498
"Kupplungssatz";479;19562;5;2;"VOLVO";"C70 II Cabriolet (542)";125;200603;200910;170;2435
"Kupplungssatz";479;19564;1;2;"VOLVO";"C70 II Cabriolet (542)";132;200603;201306;180;2400
"Kupplungssatz";479;19565;2;2;"VOLVO";"S60 I (384)";136;200503;201004;185;2401
"Kupplungssatz";479;19567;6;2;"BMW";"3 Coupe (E92)";225;200606;201306;306;2979
"Kupplungssatz";479;19570;1;1;"FORD";"TRANSIT TOURNEO Bus";81;200607;201408;110;2198
"Kupplungssatz";479;19571;2;2;"FORD";"TRANSIT TOURNEO Bus";96;200607;201408;131;2198
"Kupplungssatz";479;19572;5;5;"FORD";"TRANSIT Bus (FD_ _, FB_ _, FS_ _, FZ_ _, FC_ _)";85;200604;201408;115;2402
"Kupplungssatz";479;19573;6;5;"FORD";"TRANSIT Bus (FD_ _, FB_ _, FS_ _, FZ_ _, FC_ _)";103;200604;201408;140;2402
"Kupplungssatz";479;19574;21;2;"FORD";"TRANSIT Kasten (FA_ _)";81;200604;201408;110;2198
"Kupplungssatz";479;19575;8;2;"FORD";"TRANSIT Kasten (FA_ _)";96;200604;201408;130;2198
"Kupplungssatz";479;19576;9;5;"FORD";"TRANSIT Kasten (FA_ _)";85;200604;201408;115;2402
"Kupplungssatz";479;19577;13;5;"FORD";"TRANSIT Kasten (FA_ _)";103;200604;201408;140;2402
"Kupplungssatz";479;19578;1;1;"CITROËN";"JUMPER II Bus";74;200604;;101;2198
"Kupplungssatz";479;19579;5;3;"CITROËN";"JUMPER II Bus";88;200604;;120;2198
"Kupplungssatz";479;19580;2;3;"CITROËN";"JUMPER II Bus";116;200609;;157;2999
"Kupplungssatz";479;19581;11;1;"CITROËN";"JUMPER II Kasten";74;200604;201212;101;2198
"Kupplungssatz";479;19582;55;3;"CITROËN";"JUMPER II Kasten";88;200604;;120;2198
"Kupplungssatz";479;19583;18;3;"CITROËN";"JUMPER II Kasten";116;200609;;157;2999
"Kupplungssatz";479;19584;8;1;"CITROËN";"JUMPER II Pritsche/Fahrgestell";74;200604;;101;2198
"Kupplungssatz";479;19585;14;3;"CITROËN";"JUMPER II Pritsche/Fahrgestell";88;200604;;120;2198
"Kupplungssatz";479;19586;43;2;"FORD";"TRANSIT Kasten (FA_ _)";63;200604;201408;85;2198
"Kupplungssatz";479;19587;7;3;"CITROËN";"JUMPER II Pritsche/Fahrgestell";116;200609;;157;2999
"Kupplungssatz";479;19588;11;4;"FORD";"TRANSIT Kasten (FA_ _)";74;200604;201408;100;2402
"Kupplungssatz";479;19589;3;3;"FORD";"TRANSIT Kasten (FA_ _)";107;200604;201408;145;2261
"Kupplungssatz";479;19590;28;2;"FORD";"TRANSIT Bus (FD_ _, FB_ _, FS_ _, FZ_ _, FC_ _)";63;200604;201408;85;2198
"Kupplungssatz";479;19591;12;2;"FORD";"TRANSIT Bus (FD_ _, FB_ _, FS_ _, FZ_ _, FC_ _)";81;200604;201408;110;2198
"Kupplungssatz";479;19592;6;2;"FORD";"TRANSIT Bus (FD_ _, FB_ _, FS_ _, FZ_ _, FC_ _)";96;200604;201408;130;2198
"Kupplungssatz";479;19593;2;4;"FORD";"TRANSIT Bus (FD_ _, FB_ _, FS_ _, FZ_ _, FC_ _)";74;200604;201408;100;2402
"Kupplungssatz";479;19594;17;10;"OPEL";"COMBO Tour";55;200510;201112;75;1248
"Kupplungssatz";479;19595;33;10;"OPEL";"COMBO Kasten/Großraumlimousine";55;200510;201212;75;1248
"Kupplungssatz";479;19596;1;3;"FORD";"TRANSIT Pritsche/Fahrgestell (FM_ _, FN_ _, FF_ _)";107;200604;201408;145;2261
"Kupplungssatz";479;19597;2;2;"FORD";"TRANSIT Pritsche/Fahrgestell (FM_ _, FN_ _, FF_ _)";81;200604;201408;110;2198
"Kupplungssatz";479;19598;6;2;"FORD";"TRANSIT Pritsche/Fahrgestell (FM_ _, FN_ _, FF_ _)";63;200604;201408;85;2198
"Kupplungssatz";479;19599;4;2;"FORD";"TRANSIT Pritsche/Fahrgestell (FM_ _, FN_ _, FF_ _)";96;200604;201408;130;2198
"Kupplungssatz";479;19600;4;4;"FORD";"TRANSIT Pritsche/Fahrgestell (FM_ _, FN_ _, FF_ _)";74;200604;201408;100;2402
"Kupplungssatz";479;19601;13;5;"FORD";"TRANSIT Pritsche/Fahrgestell (FM_ _, FN_ _, FF_ _)";85;200604;201408;115;2402
"Kupplungssatz";479;19602;9;5;"FORD";"TRANSIT Pritsche/Fahrgestell (FM_ _, FN_ _, FF_ _)";103;200604;201408;140;2402
"Kupplungssatz";479;19603;4;0;"CHEVROLET";"EPICA (KL1_)";105;200606;201112;144;1993
"Kupplungssatz";479;19605;58;0;"DAIHATSU";"TERIOS (J2_)";77;200605;;105;1495
"Kupplungssatz";479;19611;1;1;"HYUNDAI";"SANTA FÉ I (SM)";92;200308;200603;125;1991
"Kupplungssatz";479;19614;12;6;"AUDI";"A3 (8P1)";125;200603;201208;170;1968
"Kupplungssatz";479;19615;7;6;"AUDI";"A3 (8P1)";125;200603;201208;170;1968
"Kupplungssatz";479;19616;18;6;"AUDI";"A3 Sportback (8PA)";125;200603;201303;170;1968
"Kupplungssatz";479;19617;6;6;"AUDI";"A3 Sportback (8PA)";125;200603;201303;170;1968
"Kupplungssatz";479;19618;7;5;"OPEL";"COMBO Kasten/Großraumlimousine";69;200606;;94;1598
"Kupplungssatz";479;19620;1;4;"KIA";"SPORTAGE II (JE_, KM)";103;200601;;140;1991
"Kupplungssatz";479;19623;6;2;"HYUNDAI";"TUCSON (JM)";103;200601;201003;140;1991
"Kupplungssatz";479;19624;18;2;"HYUNDAI";"TUCSON (JM)";103;200601;201003;140;1991
"Kupplungssatz";479;19625;10;0;"TOYOTA";"HIACE IV Kasten (__H1_, __H2_)";75;200108;200608;102;2494
"Kupplungssatz";479;19626;31;4;"VW";"MULTIVAN T5 (7HM, 7HN, 7HF, 7EF, 7EM, 7EN)";75;200606;200911;102;1896
"Kupplungssatz";479;19627;113;4;"VW";"TRANSPORTER T5 Bus (7HB, 7HJ, 7EB, 7EJ)";75;200606;200911;102;1896
"Kupplungssatz";479;19628;117;4;"VW";"TRANSPORTER T5 Kasten (7HA, 7HH, 7EA, 7EH)";75;200606;200911;102;1896
"Kupplungssatz";479;19629;18;4;"VW";"TRANSPORTER T5 Pritsche/Fahrgestell (7JD, 7JE, 7JL, 7JY, 7JZ";75;200606;200911;102;1896
"Kupplungssatz";479;19630;2;7;"VW";"PASSAT B6 (3C2)";103;200503;201008;140;1968
"Kupplungssatz";479;19632;14;7;"VW";"PASSAT B6 Variant (3C5)";103;200508;201011;140;1968
"Kupplungssatz";479;19633;3;2;"PEUGEOT";"407 SW (6E_, 6D_)";125;200603;201012;170;2179
"Kupplungssatz";479;19634;17;5;"VW";"TOURAN (1T1, 1T2)";125;200512;201005;170;1968
"Kupplungssatz";479;19636;1;0;"MERCEDES-BENZ";"SPRINTER 3-t Kasten (B906)";190;200606;;258;3498
"Kupplungssatz";479;19638;8;1;"VW";"TOURAN (1T1, 1T2)";80;200602;200905;109;1984
"Kupplungssatz";479;19639;8;6;"MERCEDES-BENZ";"SPRINTER 3-t Kasten (B906)";65;200606;200912;88;2148
"Kupplungssatz";479;19640;2;6;"MERCEDES-BENZ";"SPRINTER 3-t Pritsche/Fahrgestell (B906)";65;200606;200912;88;2148
"Kupplungssatz";479;19641;1;6;"MERCEDES-BENZ";"SPRINTER 3-t Bus (B906)";80;200606;200912;109;2148
"Kupplungssatz";479;19642;10;6;"MERCEDES-BENZ";"SPRINTER 3-t Kasten (B906)";80;200606;200912;109;2148
"Kupplungssatz";479;19643;2;6;"MERCEDES-BENZ";"SPRINTER 3-t Pritsche/Fahrgestell (B906)";80;200606;200912;109;2148
"Kupplungssatz";479;19644;2;6;"MERCEDES-BENZ";"SPRINTER 3-t Kasten (B906)";95;200606;200912;129;2148
"Kupplungssatz";479;19647;1;6;"MERCEDES-BENZ";"SPRINTER 3-t Kasten (B906)";110;200606;200912;150;2148
"Kupplungssatz";479;19648;1;6;"MERCEDES-BENZ";"SPRINTER 3-t Pritsche/Fahrgestell (B906)";110;200606;200912;150;2148
"Kupplungssatz";479;19649;2;2;"MERCEDES-BENZ";"SPRINTER 3-t Kasten (B906)";135;200606;200912;184;2987
"Kupplungssatz";479;19650;2;2;"MERCEDES-BENZ";"SPRINTER 3-t Pritsche/Fahrgestell (B906)";135;200606;200912;184;2987
"Kupplungssatz";479;19651;76;3;"VW";"TOURAN (1T1, 1T2)";103;200602;201005;140;1390
"Kupplungssatz";479;19653;3;7;"MERCEDES-BENZ";"SPRINTER 3,5-t Bus (B906)";80;200606;200912;109;2148
"Kupplungssatz";479;19654;10;7;"MERCEDES-BENZ";"SPRINTER 3,5-t Bus (B906)";110;200606;200912;150;2148
"Kupplungssatz";479;19656;18;7;"MERCEDES-BENZ";"SPRINTER 3,5-t Kasten (B906)";80;200606;200912;109;2148
"Kupplungssatz";479;19657;11;7;"MERCEDES-BENZ";"SPRINTER 3,5-t Kasten (B906)";110;200606;200912;150;2148
"Kupplungssatz";479;19659;6;7;"MERCEDES-BENZ";"SPRINTER 3,5-t Pritsche/Fahrgestell (B906)";80;200606;200912;109;2148
"Kupplungssatz";479;19660;5;7;"MERCEDES-BENZ";"SPRINTER 3,5-t Pritsche/Fahrgestell (B906)";110;200606;200912;150;2148
"Kupplungssatz";479;19661;2;7;"MERCEDES-BENZ";"SPRINTER 3,5-t Kasten (B906)";65;200606;200912;88;2148
"Kupplungssatz";479;19662;1;7;"MERCEDES-BENZ";"SPRINTER 3,5-t Pritsche/Fahrgestell (B906)";65;200606;200912;88;2148
"Kupplungssatz";479;19663;8;2;"MERCEDES-BENZ";"SPRINTER 3,5-t Kasten (B906)";135;200606;200912;184;2987
"Kupplungssatz";479;19666;28;1;"VW";"CADDY III Großraumlimousine (2KB, 2KJ, 2CB, 2CJ)";80;200604;201505;109;1984
"Kupplungssatz";479;19668;2;7;"MERCEDES-BENZ";"SPRINTER 5-t Pritsche/Fahrgestell (B906)";65;200606;200912;88;2148
"Kupplungssatz";479;19669;1;7;"MERCEDES-BENZ";"SPRINTER 5-t Kasten (B906)";80;200606;200912;109;2148
"Kupplungssatz";479;19670;3;7;"MERCEDES-BENZ";"SPRINTER 5-t Pritsche/Fahrgestell (B906)";80;200606;200912;109;2148
"Kupplungssatz";479;19671;2;7;"MERCEDES-BENZ";"SPRINTER 5-t Kasten (B906)";110;200606;200912;150;2148
"Kupplungssatz";479;19672;10;7;"MERCEDES-BENZ";"SPRINTER 5-t Pritsche/Fahrgestell (B906)";110;200606;200912;150;2148
"Kupplungssatz";479;19673;3;2;"MERCEDES-BENZ";"SPRINTER 5-t Kasten (B906)";135;200606;200912;184;2987
"Kupplungssatz";479;19674;2;2;"MERCEDES-BENZ";"SPRINTER 5-t Pritsche/Fahrgestell (B906)";135;200606;200912;184;2987
"Kupplungssatz";479;19676;4;1;"RENAULT";"THALIA I (LB_)";55;200204;;75;1149
"Kupplungssatz";479;19677;3;1;"RENAULT";"THALIA I (LB_)";50;200302;;68;1461
"Kupplungssatz";479;19678;2;4;"RENAULT";"MEGANE II Coupé-Cabriolet (EM0/1_)";78;200603;200901;106;1461
"Kupplungssatz";479;19679;1;2;"CITROËN";"C5 II (RC_)";125;200604;200808;170;2179
"Kupplungssatz";479;19680;1;2;"CITROËN";"C5 II Break (RE_)";125;200604;200808;170;2179
"Kupplungssatz";479;19681;10;6;"CITROËN";"C8 (EA_, EB_)";100;200603;;136;1997
"Kupplungssatz";479;19683;3;1;"NISSAN";"PATROL GR V Wagon (Y61)";118;200005;;160;2953
"Kupplungssatz";479;19692;21;1;"VW";"CADDY III Kasten/Großraumlimousine (2KA, 2KH, 2CA, 2CH)";80;200604;201505;109;1984
"Kupplungssatz";479;19693;68;1;"VW";"CADDY III Großraumlimousine (2KB, 2KJ, 2CB, 2CJ)";59;200605;201008;80;1390
"Kupplungssatz";479;19694;9;1;"VW";"CADDY III Kasten/Großraumlimousine (2KA, 2KH, 2CA, 2CH)";59;200605;201008;80;1390
"Kupplungssatz";479;19696;3;1;"NISSAN";"PRIMERA (P10)";75;199306;199601;102;1597
"Kupplungssatz";479;19697;113;2;"VW";"POLO (9N_, 9A_)";59;200605;200911;80;1390
"Kupplungssatz";479;19698;10;1;"VW";"POLO (9N_, 9A_)";77;200605;200911;105;1598
"Kupplungssatz";479;19700;27;1;"CHEVROLET";"CAPTIVA (C100, C140)";100;200606;;136;2405
"Kupplungssatz";479;19701;5;1;"CHEVROLET";"CAPTIVA (C100, C140)";100;200606;201102;136;2405
"Kupplungssatz";479;19703;2;3;"VW";"PASSAT B6 Variant (3C5)";110;200509;201011;150;1984
"Kupplungssatz";479;19704;56;5;"VW";"SHARAN (7M8, 7M9, 7M6)";103;200511;201003;140;1968
"Kupplungssatz";479;19706;1;2;"VW";"JETTA III (1K2)";103;200607;201010;140;1390
"Kupplungssatz";479;19708;31;9;"FORD";"S-MAX (WA6)";92;200605;201412;125;1753
"Kupplungssatz";479;19715;240;1;"HYUNDAI";"GETZ (TB)";49;200509;200906;67;1086
"Kupplungssatz";479;19722;63;2;"OPEL";"CORSA D (S07)";44;200607;201012;60;998
"Kupplungssatz";479;19723;216;5;"OPEL";"CORSA D (S07)";59;200607;201408;80;1229
"Kupplungssatz";479;19724;1;3;"OPEL";"CORSA D (S07)";66;200608;201112;90;1364
"Kupplungssatz";479;19725;121;8;"OPEL";"CORSA D (S07)";55;200607;201408;75;1248
"Kupplungssatz";479;19726;20;5;"OPEL";"CORSA D (S07)";66;200607;201106;90;1248
"Kupplungssatz";479;19727;7;3;"OPEL";"CORSA D (S07)";92;200608;201112;125;1686
"Kupplungssatz";479;19733;2;2;"HYUNDAI";"SANTA FÉ II (CM)";102;200603;201212;139;2188
"Kupplungssatz";479;19734;3;5;"MERCEDES-BENZ";"A-CLASS (W169)";142;200509;201206;193;2034
"Kupplungssatz";479;19739;2;1;"AUDI";"A4 B7 (8EC)";253;200411;200806;344;4163
"Kupplungssatz";479;19747;6;2;"CITROËN";"C4 PICASSO I Großraumlimousine (UD_)";92;200702;201112;125;1749
"Kupplungssatz";479;19748;4;2;"CITROËN";"C4 PICASSO I Großraumlimousine (UD_)";103;200709;201308;140;1997
"Kupplungssatz";479;19749;21;8;"CITROËN";"C4 PICASSO I Großraumlimousine (UD_)";80;200702;201308;109;1560
"Kupplungssatz";479;19750;12;5;"CITROËN";"C4 PICASSO I Großraumlimousine (UD_)";100;200610;201308;136;1997
"Kupplungssatz";479;19751;22;1;"KIA";"CARENS III Großraumlimousine (UN)";106;200609;;144;1998
"Kupplungssatz";479;19752;13;3;"KIA";"CARENS III Großraumlimousine (UN)";103;200609;;140;1991
"Kupplungssatz";479;19753;5;2;"VOLVO";"S80 II (124)";147;200603;201112;200;2521
"Kupplungssatz";479;19756;2;2;"VOLVO";"S80 II (124)";120;200603;201103;163;2400
"Kupplungssatz";479;19762;13;3;"JEEP";"COMPASS (MK49)";125;200609;;170;2360
"Kupplungssatz";479;19763;4;3;"JEEP";"COMPASS (MK49)";103;200609;;140;1968
"Kupplungssatz";479;19767;1;1;"CHEVROLET";"REZZO Großraumlimousine (U100)";79;200508;;107;1598
"Kupplungssatz";479;19768;3;1;"CHEVROLET";"REZZO Großraumlimousine (U100)";90;200508;200909;122;1998
"Kupplungssatz";479;19769;1;2;"CHEVROLET";"NUBIRA Kombi";89;200508;201112;121;1796
"Kupplungssatz";479;19771;13;6;"PEUGEOT";"807 (EB_)";100;200606;;136;1997
"Kupplungssatz";479;19777;3;2;"MERCEDES-BENZ";"E-CLASS (W211)";100;200604;200812;136;2148
"Kupplungssatz";479;19778;4;2;"MERCEDES-BENZ";"E-CLASS (W211)";125;200604;200812;170;2148
"Kupplungssatz";479;19779;3;2;"MERCEDES-BENZ";"E-CLASS T-Model (S211)";125;200604;200907;170;2148
"Kupplungssatz";479;19781;2;3;"ALFA ROMEO";"147 (937_)";100;200410;201003;136;1910
"Kupplungssatz";479;19783;1;4;"ALFA ROMEO";"159 Sportwagon (939_)";100;200603;201111;136;1910
"Kupplungssatz";479;19785;1;2;"ALFA ROMEO";"BRERA (939_)";147;200601;201103;200;2387
"Kupplungssatz";479;19789;1;2;"MERCEDES-BENZ";"E-CLASS (W211)";135;200604;200812;184;1796
"Kupplungssatz";479;19791;1;2;"VW";"NEW BEETLE (9C1, 1C1)";132;200111;200506;180;1781
"Kupplungssatz";479;19797;2;1;"KIA";"CARNIVAL II (GQ)";93;199908;200709;126;2903
"Kupplungssatz";479;19798;2;3;"AUDI";"A4 B7 (8EC)";103;200601;200806;140;1968
"Kupplungssatz";479;19799;2;3;"AUDI";"A4 B7 Avant (8ED)";103;200601;200806;140;1968
"Kupplungssatz";479;19800;3;0;"DAEWOO";"NUBIRA Wagon (J200)";80;200307;;109;1598
"Kupplungssatz";479;19804;71;1;"HYUNDAI";"ATOS (MX)";46;200308;200812;63;1086
"Kupplungssatz";479;19806;3;9;"AUDI";"TT Roadster (8J9)";147;200703;201006;200;1984
"Kupplungssatz";479;19807;1;2;"AUDI";"TT Roadster (8J9)";184;200703;201006;250;3189
"Kupplungssatz";479;19808;21;2;"VOLVO";"C30 (533)";74;200610;201212;100;1596
"Kupplungssatz";479;19809;9;6;"VOLVO";"C30 (533)";92;200610;201212;125;1798
"Kupplungssatz";479;19810;1;6;"VOLVO";"C30 (533)";107;200610;201212;145;1999
"Kupplungssatz";479;19813;27;3;"VOLVO";"C30 (533)";80;200610;201212;109;1560
"Kupplungssatz";479;19814;8;5;"VOLVO";"C30 (533)";100;200610;201212;136;1998
"Kupplungssatz";479;19816;3;6;"FIAT";"CROMA (194_)";103;200512;;140;1796
"Kupplungssatz";479;19817;52;2;"FIAT";"GRANDE PUNTO (199_)";70;200510;201108;95;1368
"Kupplungssatz";479;19820;4;2;"SKODA";"OCTAVIA II (1Z3)";59;200406;201304;80;1390
"Kupplungssatz";479;19821;28;8;"SKODA";"OCTAVIA II Combi (1Z5)";103;200607;201005;140;1968
"Kupplungssatz";479;19826;1;1;"AUDI";"A4 B7 Avant (8ED)";162;200506;200806;220;1984
"Kupplungssatz";479;19827;1;2;"BMW";"X3 (E83)";200;200608;200808;272;2996
"Kupplungssatz";479;19830;1;3;"TOYOTA";"AVENSIS (_T25_)";93;200603;200811;126;1998
"Kupplungssatz";479;19831;1;3;"TOYOTA";"AVENSIS Stufenheck (_T25_)";93;200603;200810;126;1998
"Kupplungssatz";479;19832;7;3;"TOYOTA";"AVENSIS Kombi (_T25_)";93;200603;200811;126;1998
"Kupplungssatz";479;19833;1;1;"BMW";"3 (E90)";225;200609;201112;306;2979
"Kupplungssatz";479;19838;2;3;"HYUNDAI";"SANTA FÉ II (CM)";139;200603;200912;189;2656
"Kupplungssatz";479;19839;4;3;"HYUNDAI";"SANTA FÉ II (CM)";139;200603;200912;189;2656
"Kupplungssatz";479;19840;4;2;"HYUNDAI";"SANTA FÉ II (CM)";110;200603;200912;150;2188
"Kupplungssatz";479;19841;3;2;"HYUNDAI";"SANTA FÉ II (CM)";110;200603;200912;150;2188
"Kupplungssatz";479;19842;6;1;"AUDI";"A4 B7 (8EC)";125;200606;200806;170;1968
"Kupplungssatz";479;19844;10;1;"AUDI";"A4 B7 Avant (8ED)";125;200606;200806;170;1968
"Kupplungssatz";479;19845;7;1;"AUDI";"A4 B7 Avant (8ED)";125;200606;200806;170;1968
"Kupplungssatz";479;19847;4;1;"AUDI";"A4 B7 Avant (8ED)";132;200601;200806;180;2698
"Kupplungssatz";479;19849;2;3;"AUDI";"A4 B7 Avant (8ED)";100;200411;200806;136;1968
"Kupplungssatz";479;19850;3;1;"AUDI";"A4 B7 Avant (8ED)";171;200601;200806;233;2967
"Kupplungssatz";479;19856;15;3;"RENAULT";"TRAFIC II Bus (JL)";66;200608;;90;1995
"Kupplungssatz";479;19857;63;3;"RENAULT";"TRAFIC II Bus (JL)";84;200608;;114;1995
"Kupplungssatz";479;19858;22;2;"RENAULT";"TRAFIC II Bus (JL)";107;200608;;146;2463
"Kupplungssatz";479;19859;122;2;"MINI";"MINI (R56)";88;200610;201202;120;1598
"Kupplungssatz";479;19860;94;3;"RENAULT";"TRAFIC II Kasten (FL)";66;200608;;90;1995
"Kupplungssatz";479;19861;152;3;"RENAULT";"TRAFIC II Kasten (FL)";84;200608;;114;1995
"Kupplungssatz";479;19862;25;1;"MINI";"MINI (R56)";128;200610;201002;174;1598
"Kupplungssatz";479;19863;16;2;"RENAULT";"TRAFIC II Kasten (FL)";107;200608;;146;2463
"Kupplungssatz";479;19864;5;3;"RENAULT";"TRAFIC II Pritsche/Fahrgestell (EL)";66;200608;;90;1995
"Kupplungssatz";479;19865;4;3;"RENAULT";"TRAFIC II Pritsche/Fahrgestell (EL)";84;200608;;114;1995
"Kupplungssatz";479;19867;17;1;"RENAULT";"TWINGO II (CN0_)";74;200703;201409;100;1149
"Kupplungssatz";479;19868;3;1;"PEUGEOT";"BOXER Bus";74;200604;;101;2198
"Kupplungssatz";479;19869;7;3;"PEUGEOT";"BOXER Bus";88;200604;;120;2198
"Kupplungssatz";479;19870;1;3;"PEUGEOT";"BOXER Bus";116;200604;;156;2999
"Kupplungssatz";479;19871;9;1;"PEUGEOT";"BOXER Kasten";74;200604;;101;2198
"Kupplungssatz";479;19872;57;3;"PEUGEOT";"BOXER Kasten";88;200604;;120;2198
"Kupplungssatz";479;19873;9;3;"PEUGEOT";"BOXER Kasten";116;200604;;156;2999
"Kupplungssatz";479;19875;15;3;"PEUGEOT";"BOXER Pritsche/Fahrgestell";88;200604;;120;2198
"Kupplungssatz";479;19876;5;3;"PEUGEOT";"BOXER Pritsche/Fahrgestell";116;200604;;156;2999
"Kupplungssatz";479;19879;2;1;"PEUGEOT";"206 Stufenheck";55;200703;;75;1360
"Kupplungssatz";479;19881;1;4;"PEUGEOT";"206 Stufenheck";80;200703;;109;1587
"Kupplungssatz";479;19882;2;0;"SUBARU";"IMPREZA Station Wagon (GG)";77;200605;200703;105;1498
"Kupplungssatz";479;19883;183;6;"NISSAN";"QASHQAI / QASHQAI +2 I (J10, NJ10, JJ10E)";84;200702;201312;114;1598
"Kupplungssatz";479;19887;65;4;"NISSAN";"QASHQAI / QASHQAI +2 I (J10, NJ10, JJ10E)";78;200611;201311;106;1461
"Kupplungssatz";479;19888;15;8;"NISSAN";"QASHQAI / QASHQAI +2 I (J10, NJ10, JJ10E)";110;200702;201312;150;1995
"Kupplungssatz";479;19893;3;1;"SSANGYONG";"ACTYON I";104;200610;;141;1998
"Kupplungssatz";479;19894;1;1;"SSANGYONG";"KYRON";121;200505;;165;2696
"Kupplungssatz";479;19896;47;1;"DACIA";"LOGAN MCV (KS_)";55;200702;;75;1390
"Kupplungssatz";479;19897;82;4;"DACIA";"LOGAN MCV (KS_)";64;200702;201306;87;1598
"Kupplungssatz";479;19898;45;2;"DACIA";"LOGAN MCV (KS_)";77;200702;;105;1598
"Kupplungssatz";479;19899;12;4;"DACIA";"LOGAN MCV (KS_)";50;200702;;68;1461
"Kupplungssatz";479;19900;15;1;"HYUNDAI";"ACCENT III (MC)";71;200511;201011;97;1399
"Kupplungssatz";479;19902;1;1;"HYUNDAI";"ACCENT III (MC)";82;200511;201011;112;1599
"Kupplungssatz";479;19903;1;2;"HYUNDAI";"ACCENT III (MC)";81;200511;201011;110;1493
"Kupplungssatz";479;19904;32;1;"HYUNDAI";"ACCENT III Stufenheck (MC)";71;200511;201011;97;1399
"Kupplungssatz";479;19905;15;2;"SKODA";"FABIA I Combi (6Y5)";59;200604;200712;80;1390
"Kupplungssatz";479;19906;2;1;"HYUNDAI";"ACCENT III Stufenheck (MC)";82;200511;201011;112;1599
"Kupplungssatz";479;19907;4;2;"HYUNDAI";"ACCENT III Stufenheck (MC)";81;200511;201011;110;1493
"Kupplungssatz";479;19914;5;2;"AUDI";"A3 (8P1)";195;200611;201208;265;1984
"Kupplungssatz";479;19917;22;1;"HYUNDAI";"GETZ (TB)";71;200508;201012;97;1399
"Kupplungssatz";479;19918;11;2;"HYUNDAI";"GETZ (TB)";65;200508;200906;88;1493
"Kupplungssatz";479;19919;2;1;"BMW";"3 Coupe (E92)";160;200606;201002;218;2497
"Kupplungssatz";479;19922;9;3;"OPEL";"VIVARO A Bus (X83)";66;200608;201407;90;1995
"Kupplungssatz";479;19923;51;3;"OPEL";"VIVARO A Bus (X83)";84;200608;201407;114;1995
"Kupplungssatz";479;19924;10;3;"OPEL";"VIVARO A Bus (X83)";107;200608;201407;146;2463
"Kupplungssatz";479;19925;1;1;"OPEL";"VIVARO A Bus (X83)";86;200608;201407;117;1998
"Kupplungssatz";479;19926;1;1;"OPEL";"VIVARO A Kasten (X83)";86;200608;201407;117;1998
"Kupplungssatz";479;19927;85;3;"OPEL";"VIVARO A Kasten (X83)";66;200608;201407;90;1995
"Kupplungssatz";479;19928;199;3;"OPEL";"VIVARO A Kasten (X83)";84;200608;201407;114;1995
"Kupplungssatz";479;19929;35;3;"OPEL";"VIVARO A Kasten (X83)";107;200608;201407;146;2463
"Kupplungssatz";479;19930;3;1;"BMW";"3 Coupe (E92)";160;200609;201002;218;2497
"Kupplungssatz";479;19933;3;3;"OPEL";"MERIVA A Großraumlimousine (X03)";132;200509;201005;180;1598
"Kupplungssatz";479;19934;7;4;"OPEL";"MERIVA A Großraumlimousine (X03)";92;200609;201005;125;1686
"Kupplungssatz";479;19935;4;3;"HYUNDAI";"SONATA V (NF)";103;200602;201012;140;1991
"Kupplungssatz";479;19936;14;2;"DACIA";"LOGAN (LS_)";50;200601;201212;68;1461
"Kupplungssatz";479;19937;19;2;"FIAT";"STRADA Pick-up (178_, 278_)";62;200605;;85;1248
"Kupplungssatz";479;19938;55;1;"KIA";"CEE'D Schrägheck (ED)";80;200612;201212;109;1396
"Kupplungssatz";479;19939;19;1;"KIA";"CEE'D Schrägheck (ED)";90;200612;201212;122;1591
"Kupplungssatz";479;19940;3;1;"KIA";"CEE'D Schrägheck (ED)";105;200612;201212;143;1975
"Kupplungssatz";479;19941;15;2;"KIA";"CEE'D Schrägheck (ED)";66;200612;201212;90;1582
"Kupplungssatz";479;19942;31;2;"KIA";"CEE'D Schrägheck (ED)";85;200612;201212;115;1582
"Kupplungssatz";479;19943;26;4;"CHEVROLET";"CAPTIVA (C100, C140)";110;200610;;150;1991
"Kupplungssatz";479;19944;13;3;"DODGE";"CALIBER";110;200606;200912;150;1798
"Kupplungssatz";479;19945;3;3;"DODGE";"CALIBER";115;200606;;156;1998
"Kupplungssatz";479;19947;12;3;"DODGE";"CALIBER";103;200606;;140;1968
"Kupplungssatz";479;19948;36;3;"OPEL";"COMBO Kasten/Großraumlimousine";74;200412;;101;1686
"Kupplungssatz";479;19950;3;1;"BMW";"5 (E60)";120;200412;201003;163;2497
"Kupplungssatz";479;19951;1;1;"BMW";"3 Coupe (E46)";110;200403;200605;150;1995
"Kupplungssatz";479;19953;17;2;"BMW";"3 (E90)";110;200412;200709;150;1995
"Kupplungssatz";479;19954;1;2;"BMW";"3 Touring (E91)";110;200412;200708;150;1995
"Kupplungssatz";479;19956;7;2;"BMW";"5 Touring (E61)";110;200509;200702;150;1995
"Kupplungssatz";479;19957;54;6;"VW";"PASSAT B6 (3C2)";103;200503;200905;140;1968
"Kupplungssatz";479;19959;120;6;"VW";"PASSAT B6 Variant (3C5)";103;200508;200905;140;1968
"Kupplungssatz";479;19960;13;6;"VW";"PASSAT B6 Variant (3C5)";103;200508;200905;140;1968
"Kupplungssatz";479;19961;44;6;"VW";"GOLF V (1K1)";103;200412;200811;140;1968
"Kupplungssatz";479;19962;5;6;"VW";"GOLF V (1K1)";103;200701;200811;140;1968
"Kupplungssatz";479;19963;15;6;"VW";"GOLF PLUS V (5M1, 521)";103;200512;201105;140;1968
"Kupplungssatz";479;19964;115;6;"VW";"TOURAN (1T1, 1T2)";103;200512;201005;140;1968
"Kupplungssatz";479;19965;1;6;"VW";"JETTA III (1K2)";103;200510;201010;140;1968
"Kupplungssatz";479;19966;41;6;"AUDI";"A3 (8P1)";103;200506;200806;140;1968
"Kupplungssatz";479;19967;1;6;"AUDI";"A3 (8P1)";103;200601;200806;140;1968
"Kupplungssatz";479;19968;24;6;"AUDI";"A3 Sportback (8PA)";103;200506;200806;140;1968
"Kupplungssatz";479;19969;3;6;"AUDI";"A3 Sportback (8PA)";103;200601;200806;140;1968
"Kupplungssatz";479;19970;15;3;"AUDI";"A4 B7 (8EC)";103;200411;200806;140;1968
"Kupplungssatz";479;19971;37;3;"AUDI";"A4 B7 Avant (8ED)";103;200411;200806;140;1968
"Kupplungssatz";479;19972;8;8;"SEAT";"LEON (1P1)";103;200510;201010;140;1968
"Kupplungssatz";479;19974;7;1;"FIAT";"DUCATO Bus (250_)";74;200607;201105;100;2198
"Kupplungssatz";479;19975;27;11;"FIAT";"DUCATO Bus (250_)";88;200607;;120;2287
"Kupplungssatz";479;19976;6;3;"FIAT";"DUCATO Bus (250_)";116;200607;;158;2999
"Kupplungssatz";479;19977;34;1;"FIAT";"DUCATO Kasten (250_)";74;200607;;100;2198
"Kupplungssatz";479;19978;104;11;"FIAT";"DUCATO Kasten (250_)";88;200607;;120;2287
"Kupplungssatz";479;19979;22;3;"FIAT";"DUCATO Kasten (250_)";116;200607;;158;2999
"Kupplungssatz";479;19980;12;1;"FIAT";"DUCATO Pritsche/Fahrgestell (250_)";74;200607;;100;2198
"Kupplungssatz";479;19981;36;11;"FIAT";"DUCATO Pritsche/Fahrgestell (250_)";88;200607;;120;2287
"Kupplungssatz";479;19982;24;3;"FIAT";"DUCATO Pritsche/Fahrgestell (250_)";116;200607;;158;2999
"Kupplungssatz";479;19984;2;2;"FIAT";"MULTIPLA (186_)";88;200204;201006;120;1910
"Kupplungssatz";479;19987;4;2;"OPEL";"VECTRA C Caravan (Z02)";135;200508;200808;184;2958
"Kupplungssatz";479;19989;4;2;"VOLVO";"V70 II (285)";93;200504;200812;126;2400
"Kupplungssatz";479;19990;14;2;"VOLVO";"XC90 I (275)";136;200504;201012;185;2401
"Kupplungssatz";479;19991;383;1;"SUZUKI";"JIMNY Geländewagen geschlossen (SN)";63;200508;;86;1328
"Kupplungssatz";479;19992;24;1;"SUZUKI";"JIMNY Geländewagen geschlossen (SN)";63;200508;;86;1461
"Kupplungssatz";479;19994;5;1;"SUZUKI";"WAGON R+ Schrägheck (MM)";69;200309;;94;1328
"Kupplungssatz";479;19995;14;1;"BMW";"3 Touring (E91)";145;200609;201206;197;2993
"Kupplungssatz";479;19997;3;2;"OPEL";"MOVANO A Kasten (X70)";73;200310;;99;2463
"Kupplungssatz";479;19998;3;1;"BMW";"3 (E90)";145;200609;201002;197;2993
"Kupplungssatz";479;20001;6;8;"SKODA";"OCTAVIA II (1Z3)";103;200511;201005;140;1968
"Kupplungssatz";479;20002;32;8;"SKODA";"OCTAVIA II Combi (1Z5)";103;200511;201005;140;1968
"Kupplungssatz";479;20003;1;3;"SKODA";"SUPERB I (3U4)";103;200510;200803;140;1968
"Kupplungssatz";479;20010;36;6;"OPEL";"ASTRA H Caravan (A04)";103;200508;201405;140;1796
"Kupplungssatz";479;20011;2;2;"OPEL";"VECTRA C (Z02)";184;200508;200808;250;2792
"Kupplungssatz";479;20025;10;2;"CITROËN";"BERLINGO / BERLINGO FIRST Kasten/Großraumlimousine (M_)";55;200507;201112;75;1560
"Kupplungssatz";479;20026;2;1;"FIAT";"SCUDO Bus (220_)";69;200401;200612;94;1997
"Kupplungssatz";479;20027;233;1;"PEUGEOT";"207 CC (WD_)";88;200702;201310;120;1598
"Kupplungssatz";479;20028;12;4;"PEUGEOT";"207 CC (WD_)";110;200702;201212;150;1598
"Kupplungssatz";479;20030;13;3;"PEUGEOT";"207 CC (WD_)";80;200702;201501;109;1560
"Kupplungssatz";479;20031;1;7;"VW";"JETTA III (1K2)";125;200610;201010;170;1968
"Kupplungssatz";479;20032;3;2;"LANCIA";"YPSILON (843_)";57;200602;201112;78;1368
"Kupplungssatz";479;20033;2;2;"LANCIA";"YPSILON (843_)";55;200609;201112;75;1248
"Kupplungssatz";479;20034;1;2;"LANCIA";"YPSILON (843_)";66;200609;201112;90;1248
"Kupplungssatz";479;20035;1;2;"CITROËN";"JUMPY II (VF7)";103;200701;201603;140;1997
"Kupplungssatz";479;20036;8;2;"CITROËN";"JUMPY II (VF7)";66;200701;201603;90;1560
"Kupplungssatz";479;20037;22;3;"CITROËN";"JUMPY II (VF7)";88;200701;201603;120;1997
"Kupplungssatz";479;20038;8;3;"CITROËN";"JUMPY II (VF7)";100;200701;201603;136;1997
"Kupplungssatz";479;20039;1;2;"CITROËN";"JUMPY II Kasten";103;200701;201603;140;1997
"Kupplungssatz";479;20040;26;2;"CITROËN";"JUMPY II Kasten";66;200701;201603;90;1560
"Kupplungssatz";479;20041;17;3;"CITROËN";"JUMPY II Kasten";88;200701;201603;120;1997
"Kupplungssatz";479;20042;6;3;"CITROËN";"JUMPY II Kasten";100;200701;201603;136;1997
"Kupplungssatz";479;20043;21;5;"SEAT";"ALHAMBRA (7V8, 7V9)";103;200511;201003;140;1968
"Kupplungssatz";479;20049;1;2;"SEAT";"LEON (1P1)";177;200611;201105;240;1984
"Kupplungssatz";479;20050;2;2;"PEUGEOT";"EXPERT TEPEE (VF3X_)";66;200701;201603;90;1560
"Kupplungssatz";479;20051;12;3;"PEUGEOT";"EXPERT TEPEE (VF3X_)";88;200701;201603;120;1997
"Kupplungssatz";479;20052;1;3;"PEUGEOT";"EXPERT TEPEE (VF3X_)";100;200701;;136;1997
"Kupplungssatz";479;20053;26;1;"SEAT";"IBIZA III (6L1)";51;200605;200911;70;1198
"Kupplungssatz";479;20054;3;1;"SEAT";"CORDOBA (6L2)";51;200605;200911;70;1198
"Kupplungssatz";479;20055;5;2;"SEAT";"CORDOBA (6L2)";63;200605;200911;86;1390
"Kupplungssatz";479;20057;3;1;"SEAT";"IBIZA III (6L1)";77;200611;200911;105;1598
"Kupplungssatz";479;20058;9;2;"PEUGEOT";"EXPERT Kasten (VF3A_, VF3U_, VF3X_)";66;200701;;90;1560
"Kupplungssatz";479;20059;11;3;"PEUGEOT";"EXPERT Kasten (VF3A_, VF3U_, VF3X_)";88;200701;;120;1997
"Kupplungssatz";479;20060;6;3;"PEUGEOT";"EXPERT Kasten (VF3A_, VF3U_, VF3X_)";100;200701;;136;1997
"Kupplungssatz";479;20062;2;3;"PEUGEOT";"EXPERT Pritsche/Fahrgestell";88;200701;;120;1997
"Kupplungssatz";479;20063;1;3;"PEUGEOT";"EXPERT Pritsche/Fahrgestell";100;200701;;136;1997
"Kupplungssatz";479;20064;4;2;"VW";"GOLF V (1K1)";169;200609;200812;230;1984
"Kupplungssatz";479;20068;27;4;"RENAULT";"KANGOO Express (FC0/1_)";50;200506;;68;1461
"Kupplungssatz";479;20074;1;2;"MERCEDES-BENZ";"VITO Bus (W639)";70;200609;;95;2148
"Kupplungssatz";479;20075;1;2;"ALFA ROMEO";"166 (936_)";136;200507;200706;185;2387
"Kupplungssatz";479;20076;1;2;"FIAT";"SCUDO Bus (270_, 272_)";66;200701;201603;90;1560
"Kupplungssatz";479;20077;19;3;"FIAT";"SCUDO Bus (270_, 272_)";88;200701;201603;120;1997
"Kupplungssatz";479;20078;6;4;"RENAULT";"CLIO III (BR0/1, CR0/1)";76;200506;201212;103;1461
"Kupplungssatz";479;20079;8;3;"FIAT";"SCUDO Bus (270_, 272_)";100;200701;201603;136;1997
"Kupplungssatz";479;20080;2;2;"NISSAN";"MICRA III (K12)";50;200506;201006;68;1461
"Kupplungssatz";479;20081;13;2;"FIAT";"SCUDO Kasten (270_, 272_)";66;200701;201603;90;1560
"Kupplungssatz";479;20082;4;2;"NISSAN";"MICRA III (K12)";63;200506;201006;86;1461
"Kupplungssatz";479;20083;36;3;"FIAT";"SCUDO Kasten (270_, 272_)";88;200701;201603;120;1997
"Kupplungssatz";479;20084;4;3;"FIAT";"SCUDO Kasten (270_, 272_)";100;200701;201603;136;1997
"Kupplungssatz";479;20088;2;2;"FIAT";"IDEA (350_)";57;200510;;77;1368
"Kupplungssatz";479;20089;3;2;"FIAT";"IDEA (350_)";66;200510;;90;1248
"Kupplungssatz";479;20090;3;7;"VOLVO";"S40 II (544)";107;200610;201212;146;1999
"Kupplungssatz";479;20092;7;7;"VOLVO";"V50 (545)";107;200610;201212;146;1999
"Kupplungssatz";479;20093;2;0;"TOYOTA";"HILUX IV Pick-up (_N5_, _N6_)";55;198308;198807;75;2446
"Kupplungssatz";479;20094;2;4;"NISSAN";"INTERSTAR Bus (X70)";88;200609;201103;120;2463
"Kupplungssatz";479;20095;4;4;"NISSAN";"INTERSTAR Kasten (X70)";88;200609;;120;2463
"Kupplungssatz";479;20096;1;4;"NISSAN";"INTERSTAR Bus (X70)";107;200609;201103;145;2463
"Kupplungssatz";479;20097;1;4;"NISSAN";"INTERSTAR Kasten (X70)";107;200609;;145;2463
"Kupplungssatz";479;20099;3;4;"NISSAN";"PRIMASTAR Kasten (X83)";107;200609;;145;2463
"Kupplungssatz";479;20100;19;4;"NISSAN";"PRIMASTAR Bus (X83)";84;200609;;114;1995
"Kupplungssatz";479;20101;31;4;"NISSAN";"PRIMASTAR Kasten (X83)";84;200609;;114;1995
"Kupplungssatz";479;20102;2;4;"NISSAN";"PRIMASTAR Bus (X83)";66;200609;;90;1995
"Kupplungssatz";479;20103;4;4;"NISSAN";"PRIMASTAR Kasten (X83)";66;200609;;90;1995
"Kupplungssatz";479;20104;9;2;"HYUNDAI";"SANTA FÉ II (CM)";114;200603;200912;155;2188
"Kupplungssatz";479;20105;13;2;"HYUNDAI";"SANTA FÉ II (CM)";114;200603;200912;155;2188
"Kupplungssatz";479;20110;1;1;"AUDI";"A6 C6 Avant (4F5)";154;200611;200810;210;2773
"Kupplungssatz";479;20111;13;5;"OPEL";"ZAFIRA / ZAFIRA FAMILY B (A05)";69;200507;201504;94;1598
"Kupplungssatz";479;20115;7;3;"AUDI";"A4 B8 Avant (8K5)";125;201111;201512;170;1798
"Kupplungssatz";479;20116;2;0;"AUDI";"A4 B8 Avant (8K5)";200;201202;201512;272;2995
"Kupplungssatz";479;20117;27;1;"AUDI";"A4 B8 Avant (8K5)";130;201111;201512;177;1968
"Kupplungssatz";479;20118;5;1;"AUDI";"A4 B8 Avant (8K5)";130;201111;201512;177;1968
"Kupplungssatz";479;20119;4;2;"AUDI";"A4 B8 Avant (8K5)";180;201111;201512;245;2967
"Kupplungssatz";479;20176;4;2;"TOYOTA";"COROLLA Stufenheck (_E12_)";100;200111;200610;136;1794
"Kupplungssatz";479;20239;1;0;"TOYOTA";"4 RUNNER II (_N1_)";66;198908;199511;90;2446
"Kupplungssatz";479;20313;2;0;"RENAULT";"19 II Chamade (L53_)";59;199410;199511;80;1390
"Kupplungssatz";479;20323;1;1;"TOYOTA";"HILUX VI Pick-up (_N1_)";107;199801;200407;145;2694
"Kupplungssatz";479;20348;20;1;"HONDA";"CIVIC VIII Stufenheck (FD, FA)";103;200509;201202;140;1799
"Kupplungssatz";479;20403;1;2;"NISSAN";"PRIMERA Kombi (WP12)";80;200201;200604;109;1597
"Kupplungssatz";479;20406;1;2;"NISSAN";"SERENA (C23)";75;199409;200008;102;1597
"Kupplungssatz";479;20433;2;1;"KIA";"SPORTAGE II (JE_, KM)";83;200502;;113;1991
"Kupplungssatz";479;20472;4;1;"MITSUBISHI";"L200 (K3_T, K2_T, K1_T, K0_T)";75;198611;199608;102;1997
"Kupplungssatz";479;20473;2;0;"MITSUBISHI";"L200 (K3_T, K2_T, K1_T, K0_T)";75;198611;199608;102;1997
"Kupplungssatz";479;20474;8;0;"MITSUBISHI";"L200 (K7_T, K6_T, K5_T)";66;200108;200511;90;2477
"Kupplungssatz";479;20475;4;3;"FIAT";"PANDA (312_, 319_)";48;201202;;65;964
"Kupplungssatz";479;20479;1;0;"CITROËN";"BERLINGO / BERLINGO FIRST Großraumlimousine (MF_, GJK_, GFK_";81;200211;200810;110;1587
"Kupplungssatz";479;20540;1;1;"HONDA";"CR-V II (RD_)";118;200109;200609;160;2354
"Kupplungssatz";479;20542;3;0;"HYUNDAI";"H-1 / STAREX Bus (A1)";73;199710;200712;99;2476
"Kupplungssatz";479;20543;1;0;"HYUNDAI";"H-1 / STAREX Bus (A1)";74;200405;200712;101;2476
"Kupplungssatz";479;20544;2;0;"HYUNDAI";"H-1 / STAREX Bus (A1)";103;200212;200709;140;2497
"Kupplungssatz";479;20545;2;1;"OPEL";"ANTARA A (L07)";103;200608;201112;140;2405
"Kupplungssatz";479;20556;1;5;"VW";"GOLF IV Variant (1J5)";110;200106;200606;150;1896
"Kupplungssatz";479;20569;1;0;"FIAT";"PALIO (178_, 171_)";44;199707;200208;60;1242
"Kupplungssatz";479;20581;1;2;"FIAT";"PALIO Weekend (178_, 173_, 373_, 374_, 171_)";59;200109;;80;1910
"Kupplungssatz";479;20623;22;1;"HYUNDAI";"ATOS (MX)";43;200308;200812;58;1086
"Kupplungssatz";479;20630;1;0;"CITROËN";"C25 Kasten (280_, 290_)";55;198111;199401;75;2498
"Kupplungssatz";479;20633;2;0;"CITROËN";"C25 Pritsche/Fahrgestell (280_, 290_)";70;198701;199401;95;2498
"Kupplungssatz";479;20634;7;1;"DAIHATSU";"SIRION (M3_)";64;200504;;87;1298
"Kupplungssatz";479;20640;1;3;"MERCEDES-BENZ";"CLK Cabriolet (A209)";165;200503;201003;224;2987
"Kupplungssatz";479;20643;2;2;"NISSAN";"PATHFINDER III (R51)";128;200501;;174;2488
"Kupplungssatz";479;20682;1;1;"FIAT";"MULTIPLA (186_)";74;200103;200508;101;1596
"Kupplungssatz";479;20694;1;0;"FIAT";"DUCATO Pritsche/Fahrgestell (230_)";80;199406;199808;109;2499
"Kupplungssatz";479;20696;19;1;"FIAT";"DUCATO Pritsche/Fahrgestell (230_)";85;199406;199804;116;2499
"Kupplungssatz";479;20709;6;1;"TOYOTA";"HILUX VII Pick-up (_N1_, _N2_, _N3_)";106;201001;201505;144;2494
"Kupplungssatz";479;20710;2;0;"FIAT";"STRADA Pick-up (178_, 278_)";60;200511;;82;1242
"Kupplungssatz";479;20717;1;1;"JEEP";"CHEROKEE (KJ)";108;200110;200409;147;2429
"Kupplungssatz";479;20735;6;3;"SUZUKI";"SX4 S-CROSS (JY)";88;201308;;120;1598
"Kupplungssatz";479;20737;3;6;"OPEL";"INSIGNIA A Stufenheck (G09)";103;201306;201703;140;1956
"Kupplungssatz";479;20739;2;6;"OPEL";"INSIGNIA A (G09)";103;201306;201703;140;1956
"Kupplungssatz";479;20740;114;3;"OPEL";"MOKKA / MOKKA X (J13)";103;201304;;140;1364
"Kupplungssatz";479;20754;1;2;"FORD";"RANGER (ET)";105;200605;201207;143;2499
"Kupplungssatz";479;20769;1;2;"CHRYSLER";"PT CRUISER (PT_)";100;200410;201012;136;1996
"Kupplungssatz";479;20785;4;0;"TATA";"INDICA";62;200307;;84;1405
"Kupplungssatz";479;20795;1;1;"LAND ROVER";"RANGE ROVER I";83;199211;199604;113;2495
"Kupplungssatz";479;20821;2;1;"KIA";"RIO I Stufenheck (DC_)";60;200208;200502;82;1343
"Kupplungssatz";479;20825;8;2;"HYUNDAI";"MATRIX (FC)";81;200508;201008;110;1493
"Kupplungssatz";479;20831;3;3;"VW";"POLO (9N_, 9A_)";74;200208;200505;101;1598
"Kupplungssatz";479;20846;1;2;"SEAT";"IBIZA III (6L1)";85;200204;200911;116;1984
"Kupplungssatz";479;20853;1;2;"HYUNDAI";"GETZ (TB)";81;200508;200906;110;1493
"Kupplungssatz";479;20862;29;2;"FORD";"TRANSIT CONNECT (P65_, P70_, P80_)";81;200608;201312;110;1753
"Kupplungssatz";479;20864;22;8;"AUDI";"A3 (8P1)";118;200611;201208;160;1798
"Kupplungssatz";479;20872;5;2;"ABARTH";"500C / 595C / 695C";118;201105;;160;1368
"Kupplungssatz";479;20881;1;5;"VW";"TRANSPORTER T5 Bus (7HB, 7HJ, 7EB, 7EJ)";120;200311;200911;163;2461
"Kupplungssatz";479;20884;9;0;"SUBARU";"LEGACY IV Kombi (BP)";121;200506;200904;165;1994
"Kupplungssatz";479;20893;5;2;"VOLVO";"V50 (545)";132;200603;201012;179;2400
"Kupplungssatz";479;20897;2;1;"PORSCHE";"911 (997)";280;200508;200812;381;3824
"Kupplungssatz";479;20898;40;7;"AUDI";"A3 Sportback (8PA)";118;200611;201303;160;1798
"Kupplungssatz";479;20911;1;0;"AUDI";"A4 B7 Avant (8ED)";125;200610;200806;170;1984
"Kupplungssatz";479;20915;2;2;"HYUNDAI";"SONATA V (NF)";106;200505;201012;144;1998
"Kupplungssatz";479;20919;6;0;"TOYOTA";"DYNA Pritsche/Fahrgestell (KD_, LY_, _Y2_, _U3_, _U4_, _U6_,";65;200107;;88;2494
"Kupplungssatz";479;20920;9;0;"TOYOTA";"DYNA Pritsche/Fahrgestell (KD_, LY_, _Y2_, _U3_, _U4_, _U6_,";75;200108;;102;2494
"Kupplungssatz";479;21092;1;2;"MINI";"MINI Cabriolet (R52)";120;200407;200711;163;1598
"Kupplungssatz";479;21097;1;0;"TOYOTA";"COROLLA (_E9_)";85;198705;199404;116;1587
"Kupplungssatz";479;21137;2;1;"MAZDA";"3 (BM, BN)";74;201309;201905;100;1496
"Kupplungssatz";479;21146;16;1;"MAZDA";"3 (BM, BN)";88;201309;201905;120;1998
"Kupplungssatz";479;21148;13;1;"MAZDA";"3 (BM, BN)";110;201309;201905;150;2191
"Kupplungssatz";479;21150;3;1;"MAZDA";"3 (BM, BN)";121;201307;201905;165;1998
"Kupplungssatz";479;21156;3;1;"MAZDA";"3 Stufenheck (BM_, BN_)";88;201309;201905;120;1998
"Kupplungssatz";479;21157;1;1;"MAZDA";"3 Stufenheck (BM_, BN_)";110;201309;201905;150;2191
"Kupplungssatz";479;21315;1;0;"MITSUBISHI";"PAJERO III Canvas Top (V6_W, V7_W)";85;200109;200612;115;2477
"Kupplungssatz";479;21346;1;0;"MITSUBISHI";"LANCER V (CB_A, CD_A, CE_A)";55;199206;199502;75;1298
"Kupplungssatz";479;21378;1;1;"VW";"GOLF III (1H1)";120;199508;199709;163;2792
"Kupplungssatz";479;21501;3;0;"PEUGEOT";"206 Schrägheck (2A/C)";40;199808;200007;54;1124
"Kupplungssatz";479;21535;2;0;"MITSUBISHI";"L400 Bus (PD_W, PC_W, PA_V, PB_V, PA_W)";83;199509;200210;113;1997
"Kupplungssatz";479;21542;3;0;"MAZDA";"B-SERIE (UF)";60;198501;199603;82;1587
"Kupplungssatz";479;21555;1;1;"NISSAN";"X-TRAIL I (T30)";110;200109;201301;150;1998
"Kupplungssatz";479;21592;2;3;"JEEP";"COMPASS (MK49)";103;200608;;140;1968
"Kupplungssatz";479;21593;2;3;"PEUGEOT";"BOXER Kasten";115;200607;;156;2999
"Kupplungssatz";479;21760;8;0;"DAIHATSU";"TERIOS (J2_)";77;200511;;105;1495
"Kupplungssatz";479;21803;6;4;"SEAT";"LEON ST (5F8)";103;201310;202008;140;1395
"Kupplungssatz";479;21804;50;6;"SEAT";"LEON ST (5F8)";110;201310;201808;150;1968
"Kupplungssatz";479;21873;1;0;"HONDA";"CITY IV Stufenheck (GE4)";60;200510;200807;82;1339
"Kupplungssatz";479;21899;11;0;"HYUNDAI";"ATOS (MX)";41;199802;200203;56;999
"Kupplungssatz";479;22054;4;0;"HYUNDAI";"H-1 Pritsche/Fahrgestell";73;200006;200610;99;2476
"Kupplungssatz";479;22061;3;0;"DAIHATSU";"HIJET Pritsche/Fahrgestell";48;199806;;65;1295
"Kupplungssatz";479;22186;2;2;"CHEVROLET";"OPTRA (1J_)";80;200308;200812;109;1598
"Kupplungssatz";479;22259;1;0;"RENAULT";"LAGUNA II Grandtour (KG0/1_)";79;200506;200712;107;1598
"Kupplungssatz";479;22303;5;0;"CHEVROLET";"SPARK (M150)";38;200009;200612;52;796
"Kupplungssatz";479;22305;19;1;"CHEVROLET";"SPARK";37;200505;201002;50;796
"Kupplungssatz";479;22306;6;2;"CHEVROLET";"SPARK";46;200505;;63;995
"Kupplungssatz";479;22327;3;0;"SUZUKI";"GRAND VITARA II (JT, TE, TD)";103;200510;201502;140;1995
"Kupplungssatz";479;22449;3;0;"SUZUKI";"GRAND VITARA II (JT, TE, TD)";78;200510;;106;1586
"Kupplungssatz";479;22453;4;0;"SUZUKI";"GRAND VITARA I (FT, HT)";71;200309;200509;97;1590
"Kupplungssatz";479;22457;9;3;"MERCEDES-BENZ";"C-CLASS (W204)";100;200701;200912;136;2148
"Kupplungssatz";479;22458;3;3;"MERCEDES-BENZ";"C-CLASS (W204)";125;200701;200811;170;2148
"Kupplungssatz";479;22459;3;1;"MERCEDES-BENZ";"C-CLASS (W204)";165;200701;201401;224;2987
"Kupplungssatz";479;22460;3;4;"MERCEDES-BENZ";"C-CLASS (W204)";115;200701;201401;156;1796
"Kupplungssatz";479;22461;6;4;"MERCEDES-BENZ";"C-CLASS (W204)";135;200701;201401;184;1796
"Kupplungssatz";479;22463;6;1;"DAIHATSU";"MATERIA (M4_)";67;200610;;91;1298
"Kupplungssatz";479;22464;8;0;"DAIHATSU";"MATERIA (M4_)";76;200610;;103;1495
"Kupplungssatz";479;22466;5;4;"TOYOTA";"AURIS (_E15_)";93;200610;201209;126;1998
"Kupplungssatz";479;22467;71;1;"TOYOTA";"AURIS (_E15_)";66;200703;201209;90;1364
"Kupplungssatz";479;22469;97;1;"TOYOTA";"AURIS (_E15_)";91;200703;201209;124;1598
"Kupplungssatz";479;22470;92;0;"TOYOTA";"AURIS (_E15_)";71;200703;201209;97;1398
"Kupplungssatz";479;22471;34;0;"DAIHATSU";"TREVIS";43;200606;;58;989
"Kupplungssatz";479;22472;63;1;"SMART";"FORTWO Coupe (451)";62;200701;;84;999
"Kupplungssatz";479;22473;151;1;"SMART";"FORTWO Coupe (451)";45;200701;;61;999
"Kupplungssatz";479;22474;348;1;"SMART";"FORTWO Coupe (451)";52;200701;;71;999
"Kupplungssatz";479;22475;4;0;"TOYOTA";"YARIS (_P9_)";98;200701;201112;133;1798
"Kupplungssatz";479;22476;46;1;"SMART";"FORTWO Coupe (451)";33;200701;;45;799
"Kupplungssatz";479;22477;105;1;"SMART";"FORTWO Cabrio (451)";52;200701;;71;999
"Kupplungssatz";479;22478;23;1;"SMART";"FORTWO Cabrio (451)";62;200701;;84;999
"Kupplungssatz";479;22479;6;1;"SMART";"FORTWO Cabrio (451)";33;200701;;45;799
"Kupplungssatz";479;22480;18;3;"CITROËN";"C-CROSSER (VU_, VV_)";115;200702;201212;156;2179
"Kupplungssatz";479;22481;3;2;"CITROËN";"C4 GRAND PICASSO I (UA_)";92;200610;201012;125;1749
"Kupplungssatz";479;22482;1;1;"CITROËN";"C4 GRAND PICASSO I (UA_)";103;200610;201308;140;1997
"Kupplungssatz";479;22483;41;8;"CITROËN";"C4 GRAND PICASSO I (UA_)";80;200610;201106;109;1560
"Kupplungssatz";479;22484;13;5;"CITROËN";"C4 GRAND PICASSO I (UA_)";100;200610;201312;136;1997
"Kupplungssatz";479;22485;33;2;"MINI";"MINI (R56)";70;200611;201003;95;1397
"Kupplungssatz";479;22486;71;1;"MINI";"MINI (R56)";80;200611;201009;109;1560
"Kupplungssatz";479;22487;13;3;"PEUGEOT";"4007 (VU_, VV_)";115;200702;201303;156;2179
"Kupplungssatz";479;22488;9;4;"RENAULT";"ESPACE IV (JK0/1_)";96;200601;;131;1995
"Kupplungssatz";479;22489;4;1;"RENAULT";"TRAFIC II Bus (JL)";86;200608;;117;1998
"Kupplungssatz";479;22490;1;1;"RENAULT";"TRAFIC II Kasten (FL)";86;200608;;117;1998
"Kupplungssatz";479;22491;37;1;"MITSUBISHI";"OUTLANDER II (CW_W)";103;200702;201211;140;1968
"Kupplungssatz";479;22492;7;0;"MITSUBISHI";"OUTLANDER II (CW_W)";125;200709;201211;170;2360
"Kupplungssatz";479;22493;19;1;"KIA";"CEE'D SW (ED)";80;200709;201212;109;1396
"Kupplungssatz";479;22494;6;1;"KIA";"CEE'D SW (ED)";90;200709;201212;122;1591
"Kupplungssatz";479;22495;3;1;"KIA";"CEE'D SW (ED)";105;200709;201212;143;1975
"Kupplungssatz";479;22496;12;2;"KIA";"CEE'D SW (ED)";66;200709;201212;90;1582
"Kupplungssatz";479;22497;31;2;"KIA";"CEE'D SW (ED)";85;200709;201212;115;1582
"Kupplungssatz";479;22498;28;0;"ISUZU";"D-MAX I (TFR, TFS)";100;200701;201206;136;2499
"Kupplungssatz";479;22499;27;1;"ISUZU";"D-MAX I (TFR, TFS)";120;200701;201206;163;2999
"Kupplungssatz";479;22500;11;2;"SEAT";"ALTEA XL (5P5, 5P8)";75;200610;;102;1595
"Kupplungssatz";479;22502;11;7;"SEAT";"ALTEA XL (5P5, 5P8)";77;200610;201012;105;1896
"Kupplungssatz";479;22503;6;12;"SEAT";"ALTEA XL (5P5, 5P8)";103;200610;;140;1968
"Kupplungssatz";479;22504;11;8;"SEAT";"ALTEA XL (5P5, 5P8)";103;200610;;140;1968
"Kupplungssatz";479;22505;5;8;"SEAT";"ALTEA (5P1)";103;200511;;140;1968
"Kupplungssatz";479;22506;8;2;"FORD";"MONDEO IV (BA7)";81;200703;201501;110;1596
"Kupplungssatz";479;22507;15;2;"FORD";"MONDEO IV (BA7)";92;200703;201501;125;1596
"Kupplungssatz";479;22508;12;3;"FORD";"MONDEO IV (BA7)";107;200703;201501;145;1999
"Kupplungssatz";479;22511;2;5;"FORD";"MONDEO IV (BA7)";96;200703;201501;130;1997
"Kupplungssatz";479;22512;14;6;"FORD";"MONDEO IV (BA7)";103;200703;201501;140;1997
"Kupplungssatz";479;22513;1;2;"FORD";"MONDEO IV Turnier (BA7)";81;200703;201212;110;1596
"Kupplungssatz";479;22514;22;2;"FORD";"MONDEO IV Turnier (BA7)";92;200703;201012;125;1596
"Kupplungssatz";479;22515;12;3;"FORD";"MONDEO IV Turnier (BA7)";107;200703;201501;145;1999
"Kupplungssatz";479;22516;1;2;"FORD";"MONDEO IV Turnier (BA7)";162;200703;201212;220;2521
"Kupplungssatz";479;22517;2;3;"FORD";"MONDEO IV Turnier (BA7)";74;200703;201212;100;1753
"Kupplungssatz";479;22518;12;5;"FORD";"MONDEO IV Turnier (BA7)";96;200703;201212;130;1997
"Kupplungssatz";479;22519;93;6;"FORD";"MONDEO IV Turnier (BA7)";103;200703;201501;140;1997
"Kupplungssatz";479;22520;1;3;"FORD";"MONDEO IV Stufenheck (BA7)";107;200703;201501;145;1999
"Kupplungssatz";479;22523;1;6;"FORD";"MONDEO IV Stufenheck (BA7)";103;200703;201501;140;1997
"Kupplungssatz";479;22524;54;2;"FORD";"C-MAX (DM2)";74;200702;201009;100;1596
"Kupplungssatz";479;22525;65;2;"FORD";"C-MAX (DM2)";92;200702;201009;125;1798
"Kupplungssatz";479;22526;1;2;"FORD";"C-MAX (DM2)";92;200702;201009;125;1798
"Kupplungssatz";479;22527;1;8;"FORD";"C-MAX (DM2)";107;200702;201009;145;1999
"Kupplungssatz";479;22528;9;3;"FORD";"C-MAX (DM2)";66;200702;201009;90;1560
"Kupplungssatz";479;22529;12;3;"FORD";"C-MAX (DM2)";80;200702;201009;109;1560
"Kupplungssatz";479;22530;9;5;"FORD";"C-MAX (DM2)";100;200702;201009;136;1997
"Kupplungssatz";479;22533;5;3;"BMW";"3 Coupe (E92)";125;200703;201312;170;1995
"Kupplungssatz";479;22534;6;2;"BMW";"3 Coupe (E92)";130;200609;201002;177;1995
"Kupplungssatz";479;22535;10;3;"BMW";"3 Cabriolet (E93)";125;200703;201310;170;1995
"Kupplungssatz";479;22536;8;1;"BMW";"3 Cabriolet (E93)";160;200703;201312;218;2996
"Kupplungssatz";479;22537;3;1;"BMW";"3 Cabriolet (E93)";200;200703;201310;272;2996
"Kupplungssatz";479;22538;2;2;"BMW";"3 Cabriolet (E93)";225;200612;201310;306;2979
"Kupplungssatz";479;22540;11;2;"FIAT";"PANDA (169_)";74;200610;;100;1368
"Kupplungssatz";479;22542;3;1;"PORSCHE";"BOXSTER (987)";217;200607;200912;295;3387
"Kupplungssatz";479;22543;1;1;"BMW";"3 Coupe (E92)";145;200702;201002;197;2993
"Kupplungssatz";479;22544;8;3;"FIAT";"BRAVO II (198_)";88;200704;201412;120;1910
"Kupplungssatz";479;22545;8;2;"FIAT";"BRAVO II (198_)";110;200704;201412;150;1910
"Kupplungssatz";479;22546;51;2;"FIAT";"BRAVO II (198_)";66;200704;201412;90;1368
"Kupplungssatz";479;22547;19;4;"AUDI";"A5 (8T3)";125;200710;201701;170;1798
"Kupplungssatz";479;22549;6;1;"AUDI";"A5 (8T3)";260;200706;201203;354;4163
"Kupplungssatz";479;22550;2;2;"AUDI";"A5 (8T3)";140;200706;201203;190;2698
"Kupplungssatz";479;22551;13;2;"AUDI";"A5 (8T3)";176;200706;201203;240;2967
"Kupplungssatz";479;22552;1;0;"AUDI";"R8 (422, 423)";309;200704;201009;420;4163
"Kupplungssatz";479;22553;23;1;"VW";"GOLF V Variant (1K5)";75;200706;200907;102;1595
"Kupplungssatz";479;22554;7;2;"VW";"GOLF V Variant (1K5)";103;200706;200907;140;1390
"Kupplungssatz";479;22555;120;6;"VW";"GOLF V Variant (1K5)";77;200706;200907;105;1896
"Kupplungssatz";479;22556;9;6;"VW";"GOLF V Variant (1K5)";103;200706;200907;140;1968
"Kupplungssatz";479;22557;1;2;"VW";"GOLF PLUS V (5M1, 521)";66;200507;200611;90;1390
"Kupplungssatz";479;22559;42;2;"MAZDA";"BT-50 Pick-up (CD, UN)";105;200612;201512;143;2499
"Kupplungssatz";479;22560;2;6;"OPEL";"MERIVA A Großraumlimousine (X03)";51;200504;201005;69;1248
"Kupplungssatz";479;22562;1;2;"ALFA ROMEO";"SPIDER (939_)";147;200603;201103;200;2387
"Kupplungssatz";479;22627;3;1;"CHEVROLET";"AVEO / KALOS Stufenheck (T250, T255)";62;200505;;84;1498
"Kupplungssatz";479;22650;34;1;"HONDA";"CR-V III (RE_)";110;200610;201206;150;1997
"Kupplungssatz";479;22651;37;2;"HONDA";"CR-V III (RE_)";103;200701;;140;2204
"Kupplungssatz";479;22653;3;1;"MITSUBISHI";"PAJERO IV (V8_W, V9_W)";118;200702;;160;3200
"Kupplungssatz";479;22657;1;1;"BMW";"5 (E60)";160;200701;201003;218;2996
"Kupplungssatz";479;22659;1;1;"BMW";"5 (E60)";140;200703;200912;190;2497
"Kupplungssatz";479;22660;5;1;"BMW";"5 (E60)";145;200701;201003;197;2993
"Kupplungssatz";479;22661;4;1;"BMW";"5 (E60)";173;200702;200912;235;2993
"Kupplungssatz";479;22665;7;1;"BMW";"5 Touring (E61)";145;200703;201005;197;2993
"Kupplungssatz";479;22666;1;1;"BMW";"5 Touring (E61)";173;200702;201005;235;2993
"Kupplungssatz";479;22673;1;1;"BMW";"5 Touring (E61)";140;200703;201001;190;2497
"Kupplungssatz";479;22674;3;1;"RENAULT";"CLIO III (BR0/1, CR0/1)";102;200609;201412;139;1997
"Kupplungssatz";479;22675;13;3;"OPEL";"CORSA D (S07)";141;200611;201408;192;1598
"Kupplungssatz";479;22676;2;3;"OPEL";"ASTRA H (A04)";132;200702;201010;180;1598
"Kupplungssatz";479;22677;5;3;"OPEL";"ASTRA H TwinTop (A04)";132;200702;201010;180;1598
"Kupplungssatz";479;22678;2;3;"OPEL";"ASTRA H Caravan (A04)";132;200702;201010;180;1598
"Kupplungssatz";479;22679;4;3;"OPEL";"ASTRA H GTC (A04)";132;200702;201010;180;1598
"Kupplungssatz";479;22680;33;7;"OPEL";"ASTRA H GTC (A04)";85;200612;201010;116;1598
"Kupplungssatz";479;22681;42;1;"PEUGEOT";"207 (WA_, WC_)";88;200702;201212;120;1598
"Kupplungssatz";479;22682;82;7;"OPEL";"ASTRA H (A04)";85;200612;201405;116;1598
"Kupplungssatz";479;22683;126;7;"OPEL";"ASTRA H Caravan (A04)";85;200612;201405;116;1598
"Kupplungssatz";479;22684;11;7;"OPEL";"ASTRA H TwinTop (A04)";85;200612;201010;116;1598
"Kupplungssatz";479;22685;2;2;"PEUGEOT";"207 (WA_, WC_)";128;200702;201212;174;1598
"Kupplungssatz";479;22686;13;3;"OPEL";"ASTRA H (A04)";81;200702;201405;110;1686
"Kupplungssatz";479;22687;5;3;"OPEL";"ASTRA H GTC (A04)";81;200702;201010;110;1686
"Kupplungssatz";479;22688;58;3;"OPEL";"ASTRA H Caravan (A04)";81;200702;201405;110;1686
"Kupplungssatz";479;22689;11;3;"OPEL";"ASTRA H (A04)";92;200702;201405;125;1686
"Kupplungssatz";479;22690;4;3;"OPEL";"ASTRA H GTC (A04)";92;200702;201010;125;1686
"Kupplungssatz";479;22691;20;3;"OPEL";"ASTRA H Caravan (A04)";92;200702;201405;125;1686
"Kupplungssatz";479;22692;2;2;"PEUGEOT";"EXPERT TEPEE (VF3X_)";103;200701;201603;140;1997
"Kupplungssatz";479;22693;2;2;"PEUGEOT";"EXPERT Kasten (VF3A_, VF3U_, VF3X_)";103;200701;;140;1997
"Kupplungssatz";479;22695;4;10;"SEAT";"ALTEA XL (5P5, 5P8)";118;200701;;160;1798
"Kupplungssatz";479;22697;10;1;"TOYOTA";"LAND CRUISER PRADO (_J12_)";127;200209;201012;173;2982
"Kupplungssatz";479;22698;7;0;"TOYOTA";"HIACE IV Bus (__H1_, __H2_)";70;200609;201212;95;2494
"Kupplungssatz";479;22699;2;0;"TOYOTA";"HIACE IV Bus (__H1_, __H2_)";86;200608;201212;117;2494
"Kupplungssatz";479;22732;4;1;"AUDI";"A4 B8 Avant (8K5)";150;201111;201512;204;2967
"Kupplungssatz";479;22740;2;3;"FIAT";"SEDICI (189_)";88;200606;201110;120;1910
"Kupplungssatz";479;22769;1;1;"AUDI";"A5 Cabriolet (8F7)";130;201201;201505;177;1968
"Kupplungssatz";479;22792;1;1;"TOYOTA";"CORONA Liftback (_T19_)";73;199202;199709;99;1587
"Kupplungssatz";479;22830;1;0;"TOYOTA";"COROLLA LEVIN Coupe (_E10_)";85;199106;199708;116;1587
"Kupplungssatz";479;22928;2;1;"AUDI";"A6 C7 (4G2, 4GC)";100;201201;201809;136;1968
"Kupplungssatz";479;22936;17;5;"VW";"AMAROK (2HA, 2HB, S1B, S6B, S7A, S7B)";132;201111;;180;1968
"Kupplungssatz";479;22940;13;6;"VW";"GOLF V Variant (1K5)";103;200706;200907;140;1968
"Kupplungssatz";479;22942;14;7;"NISSAN";"QASHQAI / QASHQAI +2 I (J10, NJ10, JJ10E)";110;200702;201312;150;1995
"Kupplungssatz";479;22944;84;2;"SKODA";"FABIA II (542)";44;200612;201412;60;1198
"Kupplungssatz";479;22945;100;2;"SKODA";"FABIA II (542)";51;200701;201412;70;1198
"Kupplungssatz";479;22946;59;2;"SKODA";"FABIA II (542)";63;200701;201412;86;1390
"Kupplungssatz";479;22947;6;1;"SKODA";"FABIA II (542)";77;200704;201412;105;1598
"Kupplungssatz";479;22948;4;1;"SKODA";"FABIA II (542)";51;200702;201003;70;1422
"Kupplungssatz";479;22949;7;1;"SKODA";"FABIA II (542)";59;200701;201003;80;1422
"Kupplungssatz";479;22950;3;1;"SKODA";"FABIA II (542)";77;200704;201003;105;1896
"Kupplungssatz";479;22951;6;2;"ALFA ROMEO";"159 Sportwagon (939_)";154;200705;201111;210;2387
"Kupplungssatz";479;22953;3;3;"BMW";"1 (E81)";105;200609;201112;143;1995
"Kupplungssatz";479;22954;1;3;"BMW";"1 (E81)";125;200703;201209;170;1995
"Kupplungssatz";479;22955;37;2;"BMW";"1 (E81)";105;200609;201112;143;1995
"Kupplungssatz";479;22956;15;2;"BMW";"1 (E81)";130;200703;201112;177;1995
"Kupplungssatz";479;23045;80;2;"RENAULT";"CLIO III (BR0/1, CR0/1)";74;200705;201412;101;1149
"Kupplungssatz";479;23046;41;2;"RENAULT";"MODUS / GRAND MODUS (F/JP0_)";74;200705;;101;1149
"Kupplungssatz";479;23047;2;2;"RENAULT";"MODUS / GRAND MODUS (F/JP0_)";76;200705;;103;1461
"Kupplungssatz";479;23048;3;3;"CITROËN";"C8 (EA_, EB_)";88;200607;;120;1997
"Kupplungssatz";479;23049;16;6;"LAND ROVER";"FREELANDER 2 (L359)";112;200701;201410;152;2179
"Kupplungssatz";479;23053;10;2;"NISSAN";"PATHFINDER III (R51)";126;200610;;171;2488
"Kupplungssatz";479;23054;49;3;"NISSAN";"NP300 NAVARA (D40)";126;200610;;171;2488
"Kupplungssatz";479;23060;51;3;"RENAULT";"MEGANE II Kombi (KM0/1_)";82;200601;200908;112;1598
"Kupplungssatz";479;23061;2;3;"RENAULT";"MEGANE II Kombi (KM0/1_)";76;200701;200907;103;1461
"Kupplungssatz";479;23062;8;3;"RENAULT";"MEGANE II Stufenheck (LM0/1_)";82;200601;;112;1598
"Kupplungssatz";479;23064;3;4;"RENAULT";"MEGANE II (BM0/1_, CM0/1_)";76;200701;200903;103;1461
"Kupplungssatz";479;23065;13;3;"RENAULT";"MEGANE II (BM0/1_, CM0/1_)";82;200601;200806;112;1598
"Kupplungssatz";479;23069;32;3;"RENAULT";"MEGANE II Coupé-Cabriolet (EM0/1_)";82;200601;200806;112;1598
"Kupplungssatz";479;23070;1;4;"RENAULT";"MEGANE II Coupé-Cabriolet (EM0/1_)";76;200701;200906;103;1461
"Kupplungssatz";479;23071;4;1;"RENAULT";"SCÉNIC II (JM0/1_)";76;200701;200811;103;1461
"Kupplungssatz";479;23072;83;8;"RENAULT";"SCÉNIC II (JM0/1_)";82;200510;200811;112;1598
"Kupplungssatz";479;23073;2;4;"RENAULT";"MASTER II Bus (JD)";74;200608;;101;2463
"Kupplungssatz";479;23074;11;4;"RENAULT";"MASTER II Bus (JD)";88;200608;;120;2463
"Kupplungssatz";479;23075;6;4;"RENAULT";"MASTER II Bus (JD)";107;200608;;146;2463
"Kupplungssatz";479;23076;16;4;"RENAULT";"MASTER II Kasten (FD)";74;200608;201001;101;2463
"Kupplungssatz";479;23077;58;4;"RENAULT";"MASTER II Kasten (FD)";88;200608;;120;2463
"Kupplungssatz";479;23078;10;4;"RENAULT";"MASTER II Kasten (FD)";107;200608;;146;2463
"Kupplungssatz";479;23079;5;4;"RENAULT";"MASTER II Pritsche/Fahrgestell (ED/HD/UD)";74;200608;;101;2463
"Kupplungssatz";479;23080;21;4;"RENAULT";"MASTER II Pritsche/Fahrgestell (ED/HD/UD)";88;200608;;120;2463
"Kupplungssatz";479;23081;3;4;"RENAULT";"MASTER II Pritsche/Fahrgestell (ED/HD/UD)";107;200608;;146;2463
"Kupplungssatz";479;23083;1;1;"ISUZU";"D-MAX I (TFR, TFS)";74;200210;201206;101;2499
"Kupplungssatz";479;23128;51;2;"SEAT";"IBIZA III (6L1)";63;200605;200911;86;1390
"Kupplungssatz";479;23132;16;3;"OPEL";"COMBO Tour";74;200407;201112;101;1686
"Kupplungssatz";479;23139;13;2;"FORD";"TOURNEO CONNECT";81;200608;201312;110;1753
"Kupplungssatz";479;23149;1;4;"VOLVO";"C70 II Cabriolet (542)";169;200703;201306;230;2521
"Kupplungssatz";479;23150;5;2;"VOLVO";"V70 III (135)";147;200708;200912;200;2521
"Kupplungssatz";479;23153;4;2;"VOLVO";"V70 III (135)";120;200704;201012;163;2400
"Kupplungssatz";479;23154;7;2;"VOLVO";"V70 III (135)";136;200704;200912;185;2400
"Kupplungssatz";479;23156;8;2;"VOLVO";"XC70 II (136)";136;200704;200912;185;2400
"Kupplungssatz";479;23157;3;2;"MERCEDES-BENZ";"CLK (C209)";135;200610;200905;184;1796
"Kupplungssatz";479;23158;1;2;"MERCEDES-BENZ";"CLK Cabriolet (A209)";135;200610;201003;184;1796
"Kupplungssatz";479;23162;53;2;"VW";"GOLF V (1K1)";90;200705;200811;122;1390
"Kupplungssatz";479;23163;42;2;"VW";"GOLF V Variant (1K5)";90;200706;200907;122;1390
"Kupplungssatz";479;23164;218;3;"VW";"GOLF PLUS V (5M1, 521)";90;200706;201312;122;1390
"Kupplungssatz";479;23165;51;2;"SKODA";"FABIA II Combi (545)";51;200710;201412;70;1198
"Kupplungssatz";479;23166;31;2;"SKODA";"FABIA II Combi (545)";63;200710;201412;86;1390
"Kupplungssatz";479;23167;14;1;"SKODA";"FABIA II Combi (545)";77;200710;201412;105;1598
"Kupplungssatz";479;23168;5;1;"SKODA";"FABIA II Combi (545)";51;200710;201003;70;1422
"Kupplungssatz";479;23169;13;1;"SKODA";"FABIA II Combi (545)";59;200710;201003;80;1422
"Kupplungssatz";479;23170;4;1;"SKODA";"FABIA II Combi (545)";77;200710;201003;105;1896
"Kupplungssatz";479;23171;1;2;"ALFA ROMEO";"BRERA (939_)";154;200705;201103;210;2387
"Kupplungssatz";479;23175;481;2;"FIAT";"500 (312_)";51;200707;;69;1242
"Kupplungssatz";479;23176;46;2;"FIAT";"500 (312_)";74;200710;;100;1368
"Kupplungssatz";479;23177;28;2;"FIAT";"500 (312_)";55;200710;;75;1248
"Kupplungssatz";479;23178;349;11;"VW";"TIGUAN (5N_)";103;200709;201807;140;1968
"Kupplungssatz";479;23179;110;3;"VW";"TIGUAN (5N_)";125;200709;201807;170;1968
"Kupplungssatz";479;23180;22;3;"VW";"TIGUAN (5N_)";147;200709;201807;200;1984
"Kupplungssatz";479;23181;21;3;"VW";"TIGUAN (5N_)";125;200709;201807;170;1984
"Kupplungssatz";479;23182;43;2;"VW";"TIGUAN (5N_)";110;200709;201807;150;1390
"Kupplungssatz";479;23183;144;5;"CITROËN";"C3 I (FC_, FN_)";54;200202;201011;73;1360
"Kupplungssatz";479;23185;13;2;"NISSAN";"PRIMERA (P12)";80;200201;200604;109;1597
"Kupplungssatz";479;23186;7;2;"NISSAN";"PRIMERA Hatchback (P12)";80;200207;200604;109;1597
"Kupplungssatz";479;23187;2;1;"AUDI";"A6 C6 (4F2)";154;200706;200810;210;2773
"Kupplungssatz";479;23194;26;1;"FIAT";"GRANDE PUNTO (199_)";88;200709;;120;1368
"Kupplungssatz";479;23196;12;5;"NISSAN";"X-TRAIL II (T31)";127;200706;201311;173;1995
"Kupplungssatz";479;23197;15;1;"NISSAN";"X-TRAIL II (T31)";104;200706;201311;141;1997
"Kupplungssatz";479;23198;14;6;"NISSAN";"X-TRAIL II (T31)";110;200706;201311;150;1995
"Kupplungssatz";479;23205;85;1;"VW";"POLO (9N_, 9A_)";44;200705;200911;60;1198
"Kupplungssatz";479;23207;74;1;"VW";"POLO (9N_, 9A_)";51;200705;200911;69;1198
"Kupplungssatz";479;23225;15;1;"FIAT";"BRAVO II (198_)";88;200710;201412;120;1368
"Kupplungssatz";479;23226;6;1;"FIAT";"BRAVO II (198_)";110;200709;201412;150;1368
"Kupplungssatz";479;23227;1;3;"FIAT";"LINEA (323_, 110_)";66;200706;;90;1248
"Kupplungssatz";479;23228;11;2;"FIAT";"LINEA (323_, 110_)";57;200706;;77;1368
"Kupplungssatz";479;23229;1;1;"FIAT";"LINEA (323_, 110_)";88;200705;;120;1368
"Kupplungssatz";479;23230;3;3;"PEUGEOT";"1007 (KM_)";80;200706;;109;1560
"Kupplungssatz";479;23232;2;10;"SEAT";"ALTEA (5P1)";118;200701;;160;1798
"Kupplungssatz";479;23234;4;3;"DODGE";"AVENGER";115;200706;201112;156;1998
"Kupplungssatz";479;23235;2;3;"DODGE";"AVENGER";103;200706;201112;140;1968
"Kupplungssatz";479;23240;5;2;"SKODA";"ROOMSTER Praktik (5J)";51;200703;201505;70;1198
"Kupplungssatz";479;23243;1;2;"SKODA";"ROOMSTER Praktik (5J)";63;200703;201505;86;1390
"Kupplungssatz";479;23245;1;1;"SKODA";"ROOMSTER Praktik (5J)";59;200703;201003;80;1422
"Kupplungssatz";479;23247;7;1;"SKODA";"ROOMSTER Praktik (5J)";51;200703;201003;70;1422
"Kupplungssatz";479;23263;3;2;"VW";"GOLF V Variant (1K5)";59;200706;200907;80;1390
"Kupplungssatz";479;23264;7;1;"MAZDA";"3 (BK)";191;200612;200906;260;2261
"Kupplungssatz";479;23265;4;2;"OPEL";"MOVANO A Pritsche/Fahrgestell (X70)";73;200310;;99;2463
"Kupplungssatz";479;23267;102;4;"VW";"TRANSPORTER T5 Kasten (7HA, 7HH, 7EA, 7EH)";62;200601;200911;84;1896
"Kupplungssatz";479;23268;11;5;"SKODA";"OCTAVIA I Combi (1U5)";74;200008;201012;100;1896
"Kupplungssatz";479;23276;1;2;"OPEL";"VECTRA C Caravan (Z02)";206;200607;200808;280;2792
"Kupplungssatz";479;23277;5;1;"SUZUKI";"SAMURAI Geländewagen geschlossen (SJ_)";59;200001;200412;80;1298
"Kupplungssatz";479;23283;3;2;"MERCEDES-BENZ";"E-CLASS (W211)";100;200203;200812;136;2148
"Kupplungssatz";479;23285;21;4;"VW";"TRANSPORTER T5 Bus (7HB, 7HJ, 7EB, 7EJ)";62;200601;200911;84;1896
"Kupplungssatz";479;23286;12;4;"VW";"TRANSPORTER T5 Pritsche/Fahrgestell (7JD, 7JE, 7JL, 7JY, 7JZ";62;200601;200911;84;1896
"Kupplungssatz";479;23288;2;2;"KIA";"CEE'D SW (ED)";103;200707;201212;140;1991
"Kupplungssatz";479;23289;2;2;"KIA";"CEE'D Schrägheck (ED)";103;200709;201212;140;1991
"Kupplungssatz";479;23290;1;2;"SKODA";"OCTAVIA II Combi (1Z5)";59;200605;201306;80;1390
"Kupplungssatz";479;23291;16;5;"SKODA";"OCTAVIA I (1U2)";74;200510;201012;100;1896
"Kupplungssatz";479;23292;26;2;"SKODA";"ROOMSTER (5J7)";51;200701;201505;70;1198
"Kupplungssatz";479;23293;1;2;"SKODA";"SUPERB I (3U4)";85;200701;200803;115;1896
"Kupplungssatz";479;23295;13;2;"VW";"JETTA III (1K2)";90;200705;201010;122;1390
"Kupplungssatz";479;23296;1;1;"KIA";"CERATO I Stufenheck (LD)";85;200506;200912;115;1582
"Kupplungssatz";479;23297;5;1;"KIA";"CERATO I Schrägheck (LD)";85;200506;200806;115;1582
"Kupplungssatz";479;23299;33;1;"AUDI";"A4 B8 (8K2)";118;200711;201203;160;1798
"Kupplungssatz";479;23301;63;3;"AUDI";"A4 B8 (8K2)";105;200711;201512;143;1968
"Kupplungssatz";479;23303;6;2;"AUDI";"A4 B8 (8K2)";176;200711;201203;240;2967
"Kupplungssatz";479;23305;2;1;"RENAULT";"CLIO I (B/C57_, 5/357_)";44;199005;199603;60;1171
"Kupplungssatz";479;23308;4;2;"HYUNDAI";"TUCSON (JM)";100;200601;201003;136;1991
"Kupplungssatz";479;23309;6;2;"HYUNDAI";"TUCSON (JM)";100;200601;201003;136;1991
"Kupplungssatz";479;23354;1;3;"FIAT";"ULYSSE (179_)";100;200605;201106;136;1997
"Kupplungssatz";479;23356;4;6;"ALFA ROMEO";"159 (939_)";103;200506;201111;140;1796
"Kupplungssatz";479;23357;5;2;"LANCIA";"MUSA (350_)";66;200609;201209;90;1248
"Kupplungssatz";479;23358;2;3;"LANCIA";"PHEDRA (179_)";100;200607;201011;136;1997
"Kupplungssatz";479;23369;10;1;"RENAULT";"LAGUNA III (BT0/1)";103;200710;201212;140;1998
"Kupplungssatz";479;23371;12;4;"RENAULT";"LAGUNA III (BT0/1)";81;200710;201512;110;1461
"Kupplungssatz";479;23373;4;7;"RENAULT";"LAGUNA III (BT0/1)";110;200710;201512;150;1995
"Kupplungssatz";479;23374;15;1;"RENAULT";"LAGUNA III Grandtour (KT0/1)";103;200710;201512;140;1998
"Kupplungssatz";479;23376;13;4;"RENAULT";"LAGUNA III Grandtour (KT0/1)";81;200710;201512;110;1461
"Kupplungssatz";479;23377;4;5;"RENAULT";"LAGUNA III Grandtour (KT0/1)";96;200710;201512;131;1995
"Kupplungssatz";479;23378;23;7;"RENAULT";"LAGUNA III Grandtour (KT0/1)";110;200710;201512;150;1995
"Kupplungssatz";479;23379;4;1;"PEUGEOT";"308 I (4A_, 4C_)";70;200709;201410;95;1397
"Kupplungssatz";479;23380;28;1;"PEUGEOT";"308 I (4A_, 4C_)";88;200709;201410;120;1598
"Kupplungssatz";479;23381;2;6;"PEUGEOT";"308 I (4A_, 4C_)";110;200709;201410;150;1598
"Kupplungssatz";479;23382;19;7;"PEUGEOT";"308 I (4A_, 4C_)";66;200709;201410;90;1560
"Kupplungssatz";479;23383;21;9;"PEUGEOT";"308 I (4A_, 4C_)";80;200709;201410;109;1560
"Kupplungssatz";479;23384;2;3;"PEUGEOT";"308 I (4A_, 4C_)";100;200709;201410;136;1997
"Kupplungssatz";479;23385;20;1;"PEUGEOT";"207 SW (WK_)";54;200706;201212;73;1360
"Kupplungssatz";479;23386;55;1;"PEUGEOT";"207 SW (WK_)";70;200706;201310;95;1397
"Kupplungssatz";479;23387;32;1;"PEUGEOT";"207 SW (WK_)";88;200706;201310;120;1598
"Kupplungssatz";479;23388;10;5;"PEUGEOT";"207 SW (WK_)";66;200706;201212;90;1560
"Kupplungssatz";479;23389;12;3;"PEUGEOT";"207 SW (WK_)";80;200706;201212;109;1560
"Kupplungssatz";479;23395;7;1;"MAZDA";"CX-7 (ER)";190;200710;200908;258;2261
"Kupplungssatz";479;23396;88;1;"MAZDA";"2 (DE_, DH_)";55;200710;201506;75;1349
"Kupplungssatz";479;23397;7;2;"MAZDA";"2 (DE_, DH_)";76;200707;201506;103;1498
"Kupplungssatz";479;23398;32;1;"MAZDA";"2 (DE_, DH_)";63;200710;201506;86;1349
"Kupplungssatz";479;23399;5;4;"MERCEDES-BENZ";"C-CLASS T-Model (S204)";115;200708;201408;156;1796
"Kupplungssatz";479;23400;2;4;"MERCEDES-BENZ";"C-CLASS T-Model (S204)";135;200708;201408;184;1796
"Kupplungssatz";479;23404;15;3;"MERCEDES-BENZ";"C-CLASS T-Model (S204)";100;200708;200912;136;2148
"Kupplungssatz";479;23408;9;1;"MERCEDES-BENZ";"C-CLASS T-Model (S204)";125;200708;200811;170;2148
"Kupplungssatz";479;23425;121;1;"OPEL";"AGILA (B) (H08)";48;200804;201106;65;996
"Kupplungssatz";479;23426;105;1;"OPEL";"AGILA (B) (H08)";63;200804;201210;86;1242
"Kupplungssatz";479;23427;1;4;"OPEL";"AGILA (B) (H08)";55;200804;201004;75;1248
"Kupplungssatz";479;23430;14;2;"BMW";"1 Coupe (E82)";130;200709;201310;177;1995
"Kupplungssatz";479;23431;4;1;"BMW";"1 Coupe (E82)";150;200710;201310;204;1995
"Kupplungssatz";479;23432;4;1;"BMW";"1 (E81)";150;200703;201112;204;1995
"Kupplungssatz";479;23433;170;1;"HYUNDAI";"i30 (FD)";80;200710;201111;109;1396
"Kupplungssatz";479;23434;12;1;"HYUNDAI";"i30 (FD)";90;200710;201111;122;1591
"Kupplungssatz";479;23435;3;1;"HYUNDAI";"i30 (FD)";105;200710;201111;143;1975
"Kupplungssatz";479;23436;36;3;"HYUNDAI";"i30 (FD)";85;200710;201111;116;1582
"Kupplungssatz";479;23437;2;3;"HYUNDAI";"i30 (FD)";103;200710;201111;140;1991
"Kupplungssatz";479;23441;3;2;"CITROËN";"C5 I Break (DE_)";80;200106;200408;109;1997
"Kupplungssatz";479;23443;18;0;"SUZUKI";"SWIFT III (MZ, EZ)";92;200605;;125;1586
"Kupplungssatz";479;23444;1;1;"MINI";"MINI CLUBMAN (R55)";120;200710;201406;163;1598
"Kupplungssatz";479;23445;11;1;"MINI";"MINI CLUBMAN (R55)";128;200708;201007;174;1598
"Kupplungssatz";479;23446;48;2;"MINI";"MINI CLUBMAN (R55)";88;200710;201312;120;1598
"Kupplungssatz";479;23447;22;1;"MINI";"MINI CLUBMAN (R55)";80;200710;201002;109;1560
"Kupplungssatz";479;23449;3;1;"DACIA";"SOLENZA (B41_)";55;200302;200510;75;1390
"Kupplungssatz";479;23450;3;2;"DACIA";"SOLENZA (B41_)";46;200302;;63;1870
"Kupplungssatz";479;23451;50;4;"RENAULT";"CLIO III Grandtour (KR0/1_)";55;200802;201412;75;1149
"Kupplungssatz";479;23453;54;1;"RENAULT";"CLIO III Grandtour (KR0/1_)";74;200711;201212;101;1149
"Kupplungssatz";479;23455;9;5;"RENAULT";"CLIO III Grandtour (KR0/1_)";50;200711;201212;68;1461
"Kupplungssatz";479;23456;16;5;"RENAULT";"CLIO III Grandtour (KR0/1_)";63;200711;201212;86;1461
"Kupplungssatz";479;23457;1;4;"RENAULT";"CLIO III Grandtour (KR0/1_)";76;200711;201212;103;1461
"Kupplungssatz";479;23458;4;4;"RENAULT";"CLIO III Grandtour (KR0/1_)";78;200802;201212;106;1461
"Kupplungssatz";479;23459;1;1;"MERCEDES-BENZ";"C-CLASS T-Model (S204)";165;200708;201408;224;2987
"Kupplungssatz";479;23460;46;4;"RENAULT";"KANGOO / GRAND KANGOO II (KW0/1_)";64;200802;;87;1598
"Kupplungssatz";479;23462;95;5;"RENAULT";"KANGOO / GRAND KANGOO II (KW0/1_)";78;200802;;106;1598
"Kupplungssatz";479;23464;27;1;"RENAULT";"KANGOO / GRAND KANGOO II (KW0/1_)";50;200802;;68;1461
"Kupplungssatz";479;23465;27;4;"RENAULT";"KANGOO / GRAND KANGOO II (KW0/1_)";63;200802;;86;1461
"Kupplungssatz";479;23466;7;4;"RENAULT";"KANGOO / GRAND KANGOO II (KW0/1_)";76;200802;;103;1461
"Kupplungssatz";479;23467;41;4;"NISSAN";"TIIDA Schrägheck (C11)";81;200709;201112;110;1598
"Kupplungssatz";479;23468;8;4;"NISSAN";"TIIDA Schrägheck (C11)";93;200709;201112;126;1798
"Kupplungssatz";479;23469;8;4;"NISSAN";"TIIDA Schrägheck (C11)";78;200709;201112;106;1461
"Kupplungssatz";479;23470;5;1;"KIA";"PRO CEE'D (ED)";80;200802;201209;109;1396
"Kupplungssatz";479;23471;2;1;"KIA";"PRO CEE'D (ED)";90;200802;201209;122;1591
"Kupplungssatz";479;23472;1;1;"KIA";"PRO CEE'D (ED)";105;200802;201209;143;1975
"Kupplungssatz";479;23474;5;2;"KIA";"PRO CEE'D (ED)";66;200802;201209;90;1582
"Kupplungssatz";479;23475;10;2;"KIA";"PRO CEE'D (ED)";85;200802;201209;115;1582
"Kupplungssatz";479;23476;1;2;"KIA";"PRO CEE'D (ED)";103;200802;201209;140;1991
"Kupplungssatz";479;23484;2;1;"ABARTH";"GRANDE PUNTO";114;200707;201006;155;1368
"Kupplungssatz";479;23485;83;1;"RENAULT";"TWINGO II (CN0_)";43;200703;201409;58;1149
"Kupplungssatz";479;23486;108;1;"RENAULT";"TWINGO II (CN0_)";56;200703;;76;1149
"Kupplungssatz";479;23487;8;2;"RENAULT";"TWINGO II (CN0_)";47;200703;201409;64;1461
"Kupplungssatz";479;23488;4;4;"NISSAN";"TIIDA Stufenheck (SC11)";81;200709;201212;110;1598
"Kupplungssatz";479;23491;5;4;"RENAULT";"KANGOO Express (FW0/1_)";64;200802;;87;1598
"Kupplungssatz";479;23492;12;5;"RENAULT";"KANGOO Express (FW0/1_)";78;200802;;106;1598
"Kupplungssatz";479;23493;40;4;"RENAULT";"KANGOO Express (FW0/1_)";50;200802;;68;1461
"Kupplungssatz";479;23494;45;4;"RENAULT";"KANGOO Express (FW0/1_)";63;200802;;86;1461
"Kupplungssatz";479;23496;58;0;"DAIHATSU";"CUORE VII (L275_, L285_, L276_)";51;200704;;70;998
"Kupplungssatz";479;23497;20;3;"OPEL";"CORSA D (S07)";110;200705;201408;150;1598
"Kupplungssatz";479;23498;3;3;"OPEL";"VIVARO A Kasten (X83)";84;200608;201003;114;2464
"Kupplungssatz";479;23500;7;4;"OPEL";"MOVANO A Kasten (X70)";107;200310;;146;2464
"Kupplungssatz";479;23501;1;4;"OPEL";"MOVANO A Bus (X70)";107;200608;;146;2464
"Kupplungssatz";479;23502;3;4;"OPEL";"MOVANO A Pritsche/Fahrgestell (X70)";107;200608;;146;2464
"Kupplungssatz";479;23503;1;4;"OPEL";"MOVANO A Bus (X70)";88;200608;;120;2464
"Kupplungssatz";479;23504;5;4;"OPEL";"MOVANO A Kasten (X70)";88;200310;;120;2464
"Kupplungssatz";479;23505;4;4;"OPEL";"MOVANO A Pritsche/Fahrgestell (X70)";88;200608;;120;2464
"Kupplungssatz";479;23507;1;0;"RENAULT";"RAPID Kasten/Großraumlimousine (F40_, G40_)";40;199109;199308;54;1237
"Kupplungssatz";479;23510;1;0;"RENAULT";"RAPID Kasten/Großraumlimousine (F40_, G40_)";40;199309;199504;54;1595
"Kupplungssatz";479;23566;3;0;"TOYOTA";"HILUX IV Pick-up (_N5_, _N6_)";65;198501;198812;88;1998
"Kupplungssatz";479;23647;3;1;"FIAT";"DOBLO Cargo (263_)";88;201110;;120;1368
"Kupplungssatz";479;23650;1;3;"FIAT";"PALIO (178_, 171_)";57;200510;;78;1368
"Kupplungssatz";479;23659;11;3;"OPEL";"ASTRA G CC (T98)";66;200709;200912;90;1364
"Kupplungssatz";479;23662;2;1;"KIA";"CEE'D (JD)";66;201205;201807;90;1396
"Kupplungssatz";479;23681;2;0;"CITROËN";"C25 Pritsche/Fahrgestell (280_, 290_)";55;198311;199401;75;2498
"Kupplungssatz";479;23685;1;3;"OPEL";"ASTRA G Stufenheck (T98)";66;200709;200912;90;1364
"Kupplungssatz";479;23695;2;4;"SEAT";"LEON ST (5F8)";135;201308;202008;184;1968
"Kupplungssatz";479;23703;3;1;"FIAT";"DOBLO Bus (263_)";88;201110;;120;1368
"Kupplungssatz";479;23718;3;1;"HYUNDAI";"ELANTRA III Stufenheck (XD)";66;200006;200607;90;1599
"Kupplungssatz";479;23722;9;5;"PEUGEOT";"307 SW (3H)";66;200504;200804;90;1560
"Kupplungssatz";479;23742;1;0;"SSANGYONG";"ACTYON I";110;200611;;150;2295
"Kupplungssatz";479;23796;1;1;"CHRYSLER";"VOYAGER IV (RG, RS)";88;200508;200812;120;2499
"Kupplungssatz";479;23812;1;0;"PEUGEOT";"J5 Kasten (290L)";70;199009;199401;95;2498
"Kupplungssatz";479;23818;4;0;"DAIHATSU";"TERIOS (J2_)";63;200511;;86;1298
"Kupplungssatz";479;23829;2;2;"CITROËN";"C3 I (FC_, FN_)";55;200505;;75;1398
"Kupplungssatz";479;23849;2;6;"OPEL";"INSIGNIA A Sports Tourer (G09)";120;201307;201506;163;1956
"Kupplungssatz";479;23856;1;1;"VW";"LT 28-35 II Bus (2DB, 2DE, 2DK)";116;200105;200606;158;2799
"Kupplungssatz";479;23857;4;2;"FIAT";"STRADA Pick-up (178_, 278_)";70;201010;;95;1248
"Kupplungssatz";479;24090;1;0;"GREAT WALL";"SING";70;200801;201005;95;2771
"Kupplungssatz";479;24176;7;3;"VW";"BEETLE (5C1, 5C2)";118;201110;201607;160;1390
"Kupplungssatz";479;24177;5;3;"VW";"BEETLE (5C1, 5C2)";77;201110;201607;105;1598
"Kupplungssatz";479;24179;13;5;"VW";"BEETLE (5C1, 5C2)";103;201104;201607;140;1968
"Kupplungssatz";479;24194;3;4;"NISSAN";"INTERSTAR Bus (X70)";74;200604;201103;101;2463
"Kupplungssatz";479;24195;1;3;"NISSAN";"INTERSTAR Kasten (X70)";74;200604;;101;2463
"Kupplungssatz";479;24199;1;4;"NISSAN";"INTERSTAR Pritsche/Fahrgestell (X70)";107;200608;;145;2463
"Kupplungssatz";479;24240;22;1;"SEAT";"ALTEA (5P1)";92;200711;;125;1390
"Kupplungssatz";479;24241;20;1;"SEAT";"ALTEA XL (5P5, 5P8)";92;200711;;125;1390
"Kupplungssatz";479;24242;2;2;"SEAT";"ALTEA XL (5P5, 5P8)";147;200706;200905;200;1984
"Kupplungssatz";479;24243;9;6;"SEAT";"ALTEA XL (5P5, 5P8)";125;200706;201306;170;1968
"Kupplungssatz";479;24257;1;6;"VW";"PASSAT B6 (3C2)";90;200508;200607;122;1968
"Kupplungssatz";479;24263;1;2;"VW";"GOL III";48;200206;200609;65;999
"Kupplungssatz";479;24303;4;6;"OPEL";"INSIGNIA A (G09)";120;201307;201703;163;1956
"Kupplungssatz";479;24304;1;1;"SEAT";"LEON (1P1)";75;200507;201308;102;1595
"Kupplungssatz";479;24313;2;1;"SUZUKI";"JIMNY Geländewagen geschlossen (SN)";63;200408;;86;1328
"Kupplungssatz";479;24367;2;4;"VW";"MULTIVAN T5 (7HM, 7HN, 7HF, 7EF, 7EM, 7EN)";63;200304;200911;85;1896
"Kupplungssatz";479;24375;39;3;"VW";"TRANSPORTER T5 Kasten (7HA, 7HH, 7EA, 7EH)";84;201105;201508;114;1968
"Kupplungssatz";479;24380;1;1;"FIAT";"SCUDO Bus (270_, 272_)";94;201104;201603;128;1997
"Kupplungssatz";479;24388;33;3;"VW";"TRANSPORTER T5 Pritsche/Fahrgestell (7JD, 7JE, 7JL, 7JY, 7JZ";84;201105;201508;114;1968
"Kupplungssatz";479;24431;3;3;"OPEL";"VIVARO A Pritsche/Fahrgestell (X83)";66;200601;201407;90;1995
"Kupplungssatz";479;24433;6;3;"OPEL";"VIVARO A Pritsche/Fahrgestell (X83)";84;200608;201407;114;1995
"Kupplungssatz";479;24436;8;1;"VOLVO";"V70 III (135)";107;200710;201112;145;1999
"Kupplungssatz";479;24438;21;5;"VOLVO";"V70 III (135)";100;200710;201512;136;1998
"Kupplungssatz";479;24440;6;3;"BMW";"1 Cabriolet (E88)";125;200712;201310;170;1995
"Kupplungssatz";479;24441;3;1;"BMW";"1 Cabriolet (E88)";160;200712;201310;218;2996
"Kupplungssatz";479;24451;4;6;"FORD";"MONDEO IV (BA7)";85;200711;201501;115;1997
"Kupplungssatz";479;24452;2;3;"FORD";"MONDEO IV (BA7)";129;200803;201010;175;2179
"Kupplungssatz";479;24453;1;3;"FORD";"MONDEO IV Stufenheck (BA7)";129;200803;201010;175;2179
"Kupplungssatz";479;24454;4;3;"FORD";"MONDEO IV Turnier (BA7)";129;200803;201010;175;2179
"Kupplungssatz";479;24458;15;6;"FORD";"MONDEO IV Turnier (BA7)";85;200711;201501;115;1997
"Kupplungssatz";479;24459;9;3;"FORD";"S-MAX (WA6)";129;200803;201212;175;2179
"Kupplungssatz";479;24461;3;6;"FORD";"S-MAX (WA6)";85;200711;201412;115;1997
"Kupplungssatz";479;24463;6;6;"FORD";"GALAXY II (WA6)";85;200711;201506;115;1997
"Kupplungssatz";479;24464;6;3;"FORD";"GALAXY II (WA6)";129;200803;201212;175;2179
"Kupplungssatz";479;24465;29;1;"VW";"CADDY III Kasten/Großraumlimousine (2KA, 2KH, 2CA, 2CH)";55;200509;201008;75;1896
"Kupplungssatz";479;24466;36;6;"VW";"CADDY III Großraumlimousine (2KB, 2KJ, 2CB, 2CJ)";103;200709;201008;140;1968
"Kupplungssatz";479;24467;11;6;"VW";"CADDY III Kasten/Großraumlimousine (2KA, 2KH, 2CA, 2CH)";103;200709;201008;140;1968
"Kupplungssatz";479;24469;1;4;"CHEVROLET";"LACETTI (J200)";89;200701;;121;1991
"Kupplungssatz";479;24470;4;4;"CHEVROLET";"EPICA (KL1_)";110;200701;201112;150;1991
"Kupplungssatz";479;24471;9;4;"CHEVROLET";"CAPTIVA (C100, C140)";110;200709;;150;1991
"Kupplungssatz";479;24472;2;2;"AUDI";"TT (8J3)";200;200805;201406;272;1984
"Kupplungssatz";479;24490;11;1;"DACIA";"LOGAN (LS_)";63;200709;201112;86;1461
"Kupplungssatz";479;24491;24;2;"DACIA";"LOGAN MCV (KS_)";63;200709;201212;86;1461
"Kupplungssatz";479;24492;5;6;"VW";"GOLF V Variant (1K5)";77;200801;200907;105;1896
"Kupplungssatz";479;24493;13;5;"AUDI";"A3 Cabriolet (8P7)";118;200804;201305;160;1798
"Kupplungssatz";479;24494;2;6;"AUDI";"A3 Cabriolet (8P7)";147;200804;201305;200;1984
"Kupplungssatz";479;24495;9;5;"AUDI";"A3 Cabriolet (8P7)";77;200804;200910;105;1896
"Kupplungssatz";479;24496;3;12;"AUDI";"A3 Cabriolet (8P7)";103;200804;201305;140;1968
"Kupplungssatz";479;24498;2;2;"CITROËN";"C5 III (RD_)";92;200802;;125;1749
"Kupplungssatz";479;24499;1;2;"CITROËN";"C5 III (RD_)";103;200802;;140;1997
"Kupplungssatz";479;24501;11;3;"CITROËN";"C5 III (RD_)";80;200802;;109;1560
"Kupplungssatz";479;24502;4;6;"CITROËN";"C5 III (RD_)";100;200802;;136;1997
"Kupplungssatz";479;24505;4;2;"CITROËN";"C5 III Break (RW_)";92;200802;200912;125;1749
"Kupplungssatz";479;24508;1;3;"CITROËN";"C5 III Break (RW_)";80;200802;;109;1560
"Kupplungssatz";479;24509;7;6;"CITROËN";"C5 III Break (RW_)";100;200802;;136;1997
"Kupplungssatz";479;24510;1;2;"CITROËN";"C5 III Break (RW_)";125;200802;201112;170;2179
"Kupplungssatz";479;24512;17;1;"CITROËN";"BERLINGO MULTISPACE (B9)";66;200804;;90;1587
"Kupplungssatz";479;24513;30;1;"CITROËN";"BERLINGO MULTISPACE (B9)";80;200804;;109;1587
"Kupplungssatz";479;24514;11;4;"CITROËN";"BERLINGO MULTISPACE (B9)";55;200804;;75;1560
"Kupplungssatz";479;24515;22;8;"CITROËN";"BERLINGO MULTISPACE (B9)";66;200804;;90;1560
"Kupplungssatz";479;24516;36;5;"CITROËN";"BERLINGO MULTISPACE (B9)";80;200804;;109;1560
"Kupplungssatz";479;24517;5;1;"CITROËN";"BERLINGO Kasten/Großraumlimousine (B9)";66;200804;;90;1587
"Kupplungssatz";479;24518;1;1;"CITROËN";"BERLINGO Kasten/Großraumlimousine (B9)";80;200804;;109;1587
"Kupplungssatz";479;24519;40;4;"CITROËN";"BERLINGO Kasten/Großraumlimousine (B9)";55;200804;;75;1560
"Kupplungssatz";479;24520;37;7;"CITROËN";"BERLINGO Kasten/Großraumlimousine (B9)";66;200804;;90;1560
"Kupplungssatz";479;24521;1;5;"CITROËN";"BERLINGO Kasten/Großraumlimousine (B9)";80;200804;;109;1560
"Kupplungssatz";479;24522;8;2;"CITROËN";"NEMO Kasten/Großraumlimousine (AA_)";54;200802;;73;1360
"Kupplungssatz";479;24523;41;2;"CITROËN";"NEMO Kasten/Großraumlimousine (AA_)";50;200802;;68;1398
"Kupplungssatz";479;24527;5;2;"PEUGEOT";"BIPPER (AA_)";54;200802;;73;1360
"Kupplungssatz";479;24528;33;2;"PEUGEOT";"BIPPER (AA_)";50;200802;;68;1398
"Kupplungssatz";479;24529;9;1;"PEUGEOT";"PARTNER TEPEE";66;200804;;90;1587
"Kupplungssatz";479;24530;24;1;"PEUGEOT";"PARTNER TEPEE";80;200804;;109;1587
"Kupplungssatz";479;24532;13;7;"PEUGEOT";"PARTNER TEPEE";66;200804;;90;1560
"Kupplungssatz";479;24533;28;5;"PEUGEOT";"PARTNER TEPEE";80;200804;;109;1560
"Kupplungssatz";479;24534;5;1;"PEUGEOT";"PARTNER Kasten/Großraumlimousine";66;200804;;90;1587
"Kupplungssatz";479;24536;22;4;"PEUGEOT";"PARTNER Kasten/Großraumlimousine";55;200804;;75;1560
"Kupplungssatz";479;24537;24;7;"PEUGEOT";"PARTNER Kasten/Großraumlimousine";66;200804;;90;1560
"Kupplungssatz";479;24538;1;5;"PEUGEOT";"PARTNER Kasten/Großraumlimousine";80;200804;;109;1560
"Kupplungssatz";479;24539;12;3;"JEEP";"PATRIOT (MK74)";125;200801;201712;170;2360
"Kupplungssatz";479;24540;21;3;"JEEP";"PATRIOT (MK74)";103;200702;201712;140;1968
"Kupplungssatz";479;24543;10;1;"MITSUBISHI";"LANCER VIII (CY_A, CZ_A)";103;200801;;140;1968
"Kupplungssatz";479;24544;9;0;"MITSUBISHI";"L200 / TRITON (KA_T, KB_T)";123;200710;201512;167;2477
"Kupplungssatz";479;24547;8;1;"SMART";"FORTWO Coupe (451)";72;200801;;98;999
"Kupplungssatz";479;24548;7;0;"HONDA";"FR-V (BE)";103;200701;;140;1799
"Kupplungssatz";479;24555;4;0;"MITSUBISHI";"PAJERO II (V3_W, V2_W, V4_W, V5_W)";73;199103;199908;99;2477
"Kupplungssatz";479;24561;6;0;"TOYOTA";"HILUX IV Pick-up (_N5_, _N6_)";58;198308;198903;79;1812
"Kupplungssatz";479;24578;1;0;"MITSUBISHI";"L 300 III Kasten (P0_V, P1_V, P2_V)";82;199406;200205;111;1997
"Kupplungssatz";479;24597;2;4;"ALFA ROMEO";"GIULIETTA (940_)";110;201308;201810;150;1956
"Kupplungssatz";479;24669;1;1;"LADA";"110 (2110)";66;200001;200812;90;1596
"Kupplungssatz";479;24944;4;2;"PEUGEOT";"206 Schrägheck (2A/C)";79;200106;200904;107;1587
"Kupplungssatz";479;24976;1;0;"VW";"POLO PLAYA";62;199605;200207;84;1390
"Kupplungssatz";479;25056;2;0;"VW";"PASSAT B3/B4 Variant (3A5, 35I)";85;199310;199610;116;1984
"Kupplungssatz";479;25093;3;0;"NISSAN";"350Z Coupe (Z33)";230;200509;200812;313;3498
"Kupplungssatz";479;25108;3;0;"RENAULT";"MEGANE II (BM0/1_, CM0/1_)";77;200506;200802;105;1598
"Kupplungssatz";479;25110;1;2;"RENAULT";"CLIO III (BR0/1, CR0/1)";57;200510;201212;78;1149
"Kupplungssatz";479;25113;3;0;"VW";"GOLF II (19E, 1G1)";51;198608;199107;69;1595
"Kupplungssatz";479;25130;2;0;"VW";"POLO III CLASSIC (6V2)";82;200008;200207;111;1781
"Kupplungssatz";479;25155;1;0;"HONDA";"CIVIC VI Hatchback (EJ, EK)";66;199511;199612;90;1493
"Kupplungssatz";479;25198;19;2;"TOYOTA";"HILUX VII Pick-up (_N1_, _N2_, _N3_)";75;200503;201505;102;2494
"Kupplungssatz";479;25248;2;0;"NISSAN";"BLUEBIRD SYLPHY I (G10, N16)";81;200008;200608;110;1597
"Kupplungssatz";479;25396;2;0;"CHERY";"QQ3";38;200403;201212;51;812
"Kupplungssatz";479;25402;3;2;"SSANGYONG";"KORANDO (CK)";110;201202;;150;1998
"Kupplungssatz";479;25403;2;2;"SSANGYONG";"KORANDO (CK)";110;201202;;150;1998
"Kupplungssatz";479;25442;1;1;"BMW";"1 Coupe (E82)";160;200803;201310;218;2996
"Kupplungssatz";479;25443;14;3;"BMW";"1 Cabriolet (E88)";105;200803;201312;143;1995
"Kupplungssatz";479;25445;7;2;"BMW";"1 Cabriolet (E88)";130;200803;201312;177;1995
"Kupplungssatz";479;25446;2;1;"BMW";"5 (E60)";145;200611;200708;197;2993
"Kupplungssatz";479;25447;3;1;"BMW";"5 Touring (E61)";145;200709;200809;197;2993
"Kupplungssatz";479;25448;1;1;"HYUNDAI";"i30 Kombi (FD)";90;200802;201206;122;1591
"Kupplungssatz";479;25450;15;3;"HYUNDAI";"i30 Kombi (FD)";85;200802;201206;116;1582
"Kupplungssatz";479;25451;20;0;"TOYOTA";"HILUX VII Pick-up (_N1_, _N2_, _N3_)";88;200606;201505;120;2494
"Kupplungssatz";479;25452;10;0;"TOYOTA";"HILUX VII Pick-up (_N1_, _N2_, _N3_)";88;200606;201505;120;2494
"Kupplungssatz";479;25453;17;1;"TOYOTA";"HILUX VII Pick-up (_N1_, _N2_, _N3_)";126;200508;201509;171;2982
"Kupplungssatz";479;25454;28;3;"AUDI";"A4 B8 (8K2)";100;200711;201512;136;1968
"Kupplungssatz";479;25456;24;1;"AUDI";"A4 B8 (8K2)";88;200801;201512;120;1798
"Kupplungssatz";479;25457;11;1;"MAZDA";"6 Stufenheck (GH)";88;200708;201307;120;1798
"Kupplungssatz";479;25458;6;1;"MAZDA";"6 Stufenheck (GH)";108;200708;201212;147;1999
"Kupplungssatz";479;25461;7;1;"MAZDA";"6 Hatchback (GH)";88;200708;201307;120;1798
"Kupplungssatz";479;25462;1;1;"MAZDA";"6 Hatchback (GH)";108;200708;201307;147;1999
"Kupplungssatz";479;25463;3;1;"MAZDA";"6 Hatchback (GH)";125;200708;201303;170;2488
"Kupplungssatz";479;25464;4;1;"MAZDA";"6 Hatchback (GH)";103;200708;200910;140;1998
"Kupplungssatz";479;25465;38;3;"BMW";"3 (E90)";105;200709;201110;143;1995
"Kupplungssatz";479;25466;42;2;"BMW";"3 (E90)";105;200702;201110;143;1995
"Kupplungssatz";479;25468;3;1;"BMW";"3 (E90)";160;200703;201112;218;2996
"Kupplungssatz";479;25470;6;3;"BMW";"3 (E90)";125;200709;201110;170;1995
"Kupplungssatz";479;25471;19;2;"BMW";"3 (E90)";130;200709;201002;177;1995
"Kupplungssatz";479;25472;1;1;"BMW";"3 (E90)";200;200709;201110;272;2996
"Kupplungssatz";479;25473;1;2;"BMW";"3 (E90)";200;200709;200808;272;2996
"Kupplungssatz";479;25474;26;3;"BMW";"3 Touring (E91)";105;200705;201205;143;1995
"Kupplungssatz";479;25475;85;2;"BMW";"3 Touring (E91)";105;200709;201206;143;1995
"Kupplungssatz";479;25476;5;3;"BMW";"3 Touring (E91)";125;200702;201212;170;1995
"Kupplungssatz";479;25480;2;1;"BMW";"3 Touring (E91)";160;200709;201206;218;2996
"Kupplungssatz";479;25482;45;2;"BMW";"3 Touring (E91)";130;200702;201012;177;1995
"Kupplungssatz";479;25483;1;1;"BMW";"3 Coupe (E92)";160;200709;201306;218;2996
"Kupplungssatz";479;25486;2;1;"BMW";"3 Cabriolet (E93)";145;200703;201012;197;2993
"Kupplungssatz";479;25487;5;4;"BMW";"3 Cabriolet (E93)";130;200803;201002;177;1995
"Kupplungssatz";479;25488;13;3;"BMW";"1 (E81)";90;200703;201112;122;1599
"Kupplungssatz";479;25489;12;2;"BMW";"5 (E60)";130;200709;200912;177;1995
"Kupplungssatz";479;25490;7;2;"BMW";"5 Touring (E61)";130;200709;201005;177;1995
"Kupplungssatz";479;25491;2;3;"BMW";"5 (E60)";125;200709;200912;170;1995
"Kupplungssatz";479;25497;11;4;"BMW";"X3 (E83)";130;200709;200808;177;1995
"Kupplungssatz";479;25499;2;7;"OPEL";"VECTRA C Caravan (Z02)";77;200512;200808;105;1598
"Kupplungssatz";479;25501;166;7;"OPEL";"ZAFIRA / ZAFIRA FAMILY B (A05)";85;200801;201504;115;1598
"Kupplungssatz";479;25502;23;3;"OPEL";"ZAFIRA / ZAFIRA FAMILY B (A05)";81;200801;201504;110;1686
"Kupplungssatz";479;25503;54;3;"OPEL";"ZAFIRA / ZAFIRA FAMILY B (A05)";92;200703;201504;125;1686
"Kupplungssatz";479;25506;37;1;"AUDI";"A4 B8 Avant (8K5)";118;200711;201203;160;1798
"Kupplungssatz";479;25507;1;0;"AUDI";"A4 B8 Avant (8K5)";195;200804;201203;265;3197
"Kupplungssatz";479;25508;171;3;"AUDI";"A4 B8 Avant (8K5)";105;200804;201512;143;1968
"Kupplungssatz";479;25509;12;2;"AUDI";"A4 B8 Avant (8K5)";176;200804;201203;240;2967
"Kupplungssatz";479;25510;35;3;"AUDI";"A4 B8 Avant (8K5)";125;200804;201203;170;1968
"Kupplungssatz";479;25511;6;0;"SUZUKI";"SAMURAI Geländewagen geschlossen (SJ_)";47;199811;200412;64;1870
"Kupplungssatz";479;25549;1;0;"NISSAN";"PICK UP (D21)";79;198801;199612;107;2389
"Kupplungssatz";479;25762;2;2;"FIAT";"PUNTO (199_)";77;201203;;105;1368
"Kupplungssatz";479;25866;4;1;"VW";"POLO VIVO Schrägheck (6S1, 6S3)";63;201002;201709;86;1390
"Kupplungssatz";479;25909;42;2;"FIAT";"PUNTO (199_)";57;201203;;78;1368
"Kupplungssatz";479;26003;104;2;"FIAT";"PUNTO (199_)";51;201203;;69;1242
"Kupplungssatz";479;26004;4;2;"FIAT";"PUNTO (199_)";55;201203;;75;1368
"Kupplungssatz";479;26018;40;3;"MERCEDES-BENZ";"SPRINTER 3,5-t Pritsche/Fahrgestell (B906)";95;200606;201605;129;2143
"Kupplungssatz";479;26058;1;0;"TOYOTA";"CORSA Liftback";65;199411;199909;88;1332
"Kupplungssatz";479;26235;5;1;"ALFA ROMEO";"GIULIETTA (940_)";177;201309;201810;241;1742
"Kupplungssatz";479;26236;1;0;"TOYOTA";"DYNA 200 Pritsche/Fahrgestell";71;198808;199505;97;3661
"Kupplungssatz";479;26324;3;2;"FIAT";"PUNTO (199_)";63;201203;;86;875
"Kupplungssatz";479;26491;8;2;"FIAT";"PUNTO (199_)";55;201203;;75;1248
"Kupplungssatz";479;26492;7;2;"FIAT";"PUNTO (199_)";62;201203;;84;1248
"Kupplungssatz";479;26495;4;2;"FIAT";"PUNTO (199_)";99;201203;;135;1368
"Kupplungssatz";479;26549;1;3;"AUDI";"A6 C6 (4F2)";89;200509;200606;121;1968
"Kupplungssatz";479;26550;2;3;"AUDI";"A6 C6 Avant (4F5)";89;200509;200606;121;1968
"Kupplungssatz";479;26552;19;2;"SEAT";"LEON (1P1)";63;200606;201212;86;1390
"Kupplungssatz";479;26555;1;1;"AUDI";"A4 B7 Avant (8ED)";120;200606;200806;163;1968
"Kupplungssatz";479;26560;9;5;"CITROËN";"BERLINGO / BERLINGO FIRST Kasten/Großraumlimousine (M_)";66;200507;201112;90;1560
"Kupplungssatz";479;26565;1;5;"MERCEDES-BENZ";"CLC-CLASS (CL203)";135;200805;201106;184;1796
"Kupplungssatz";479;26577;10;6;"FORD";"KUGA I";100;200803;201211;136;1997
"Kupplungssatz";479;26578;32;6;"FORD";"KUGA I";100;200803;201211;136;1997
"Kupplungssatz";479;26581;72;3;"AUDI";"A3 (8P1)";92;200709;201208;125;1390
"Kupplungssatz";479;26582;58;3;"AUDI";"A3 Sportback (8PA)";92;200709;201303;125;1390
"Kupplungssatz";479;26583;13;2;"MAZDA";"2 (DE_, DH_)";50;200801;201506;68;1399
"Kupplungssatz";479;26584;327;2;"HYUNDAI";"i10 I (PA)";49;200801;201312;67;1086
"Kupplungssatz";479;26585;3;1;"HYUNDAI";"i10 I (PA)";55;200801;201112;75;1120
"Kupplungssatz";479;26588;7;0;"HONDA";"CIVIC VIII Hatchback (FN, FK)";148;200609;;201;1998
"Kupplungssatz";479;26594;2;2;"SAAB";"9-3 (YS3F, E79, D79, D75)";132;200712;201502;180;1910
"Kupplungssatz";479;26596;3;2;"SAAB";"9-3 Kombi (E50)";132;200712;201502;180;1910
"Kupplungssatz";479;26597;2;2;"MERCEDES-BENZ";"E-CLASS T-Model (S211)";100;200604;200907;136;2148
"Kupplungssatz";479;26598;2;1;"SMART";"FORTWO Cabrio (451)";72;200801;;98;999
"Kupplungssatz";479;26602;9;1;"FIAT";"BRAVO II (198_)";77;200709;201412;105;1598
"Kupplungssatz";479;26603;25;4;"FIAT";"BRAVO II (198_)";88;200803;201412;120;1598
"Kupplungssatz";479;26604;8;1;"CHEVROLET";"AVEO / KALOS Schrägheck (T250, T255)";74;200804;;101;1399
"Kupplungssatz";479;26605;85;1;"CHEVROLET";"AVEO / KALOS Schrägheck (T250, T255)";62;200804;;84;1206
"Kupplungssatz";479;26606;1;4;"PEUGEOT";"308 I (4A_, 4C_)";128;200803;201410;174;1598
"Kupplungssatz";479;26607;22;6;"VW";"PASSAT CC B6 (357)";118;200806;201201;160;1798
"Kupplungssatz";479;26609;29;11;"VW";"PASSAT CC B6 (357)";103;200806;201201;140;1968
"Kupplungssatz";479;26611;23;1;"PEUGEOT";"308 SW I (4E_, 4H_)";88;200709;201410;120;1598
"Kupplungssatz";479;26612;4;6;"PEUGEOT";"308 SW I (4E_, 4H_)";110;200709;201410;150;1598
"Kupplungssatz";479;26613;3;4;"PEUGEOT";"308 SW I (4E_, 4H_)";128;200803;201410;174;1598
"Kupplungssatz";479;26614;6;5;"PEUGEOT";"308 SW I (4E_, 4H_)";66;200709;201410;90;1560
"Kupplungssatz";479;26615;27;9;"PEUGEOT";"308 SW I (4E_, 4H_)";80;200709;201410;109;1560
"Kupplungssatz";479;26616;6;3;"PEUGEOT";"308 SW I (4E_, 4H_)";100;200709;201212;136;1997
"Kupplungssatz";479;26618;20;1;"DAIHATSU";"SIRION (M3_)";67;200803;;91;1298
"Kupplungssatz";479;26619;3;1;"DAIHATSU";"SIRION (M3_)";67;200803;;91;1298
"Kupplungssatz";479;26620;2;0;"DAIHATSU";"SIRION (M3_)";76;200803;;103;1495
"Kupplungssatz";479;26621;25;1;"FIAT";"PANDA (169_)";44;200701;201112;60;1242
"Kupplungssatz";479;26623;1;7;"SKODA";"OCTAVIA II (1Z3)";125;200604;201302;170;1968
"Kupplungssatz";479;26624;32;7;"SKODA";"OCTAVIA II Combi (1Z5)";125;200604;201302;170;1968
"Kupplungssatz";479;26626;1;2;"CITROËN";"C8 (EA_, EB_)";125;200606;201212;170;2179
"Kupplungssatz";479;26628;5;3;"RENAULT";"MODUS / GRAND MODUS (F/JP0_)";58;200412;;78;1149
"Kupplungssatz";479;26629;9;2;"RENAULT";"MODUS / GRAND MODUS (F/JP0_)";48;200412;;65;1461
"Kupplungssatz";479;26630;100;1;"PEUGEOT";"207 (WA_, WC_)";70;200706;201310;95;1397
"Kupplungssatz";479;26631;1;3;"PEUGEOT";"407 Coupe (6C_)";100;200510;;136;1997
"Kupplungssatz";479;26632;1;2;"PEUGEOT";"807 (EB_)";125;200606;201006;170;2179
"Kupplungssatz";479;26633;13;5;"MITSUBISHI";"OUTLANDER II (CW_W)";115;200708;201211;156;2179
"Kupplungssatz";479;26634;7;1;"MITSUBISHI";"GRANDIS (NA_W)";103;200702;201003;140;1968
"Kupplungssatz";479;26635;2;1;"KIA";"PRO CEE'D (ED)";93;200802;201209;126;1591
"Kupplungssatz";479;26636;2;1;"KIA";"CEE'D SW (ED)";93;200709;201212;126;1591
"Kupplungssatz";479;26637;3;1;"KIA";"CEE'D Schrägheck (ED)";93;200802;201212;126;1591
"Kupplungssatz";479;26644;9;0;"AUDI";"A5 (8T3)";195;200706;201203;265;3197
"Kupplungssatz";479;26645;4;0;"MITSUBISHI";"LANCER VIII Sportback (CX_A)";105;200806;;143;1798
"Kupplungssatz";479;26646;1;1;"MITSUBISHI";"LANCER VIII Sportback (CX_A)";103;200806;;140;1968
"Kupplungssatz";479;26648;1;1;"RENAULT";"LAGUNA III (BT0/1)";150;200803;201512;204;1998
"Kupplungssatz";479;26651;3;1;"RENAULT";"LAGUNA III Grandtour (KT0/1)";131;200803;201512;178;1995
"Kupplungssatz";479;26652;16;1;"RENAULT";"TWINGO II (CN0_)";98;200805;201409;133;1598
"Kupplungssatz";479;26653;9;6;"RENAULT";"KOLEOS I (HY_)";110;200809;;150;1995
"Kupplungssatz";479;26654;12;6;"RENAULT";"KOLEOS I (HY_)";110;200809;;150;1995
"Kupplungssatz";479;26655;16;5;"RENAULT";"KOLEOS I (HY_)";127;200809;;173;1995
"Kupplungssatz";479;26659;20;2;"FIAT";"FIORINO Kasten/Großraumlimousine (225_)";54;200711;;73;1360
"Kupplungssatz";479;26660;47;5;"FIAT";"FIORINO Kasten/Großraumlimousine (225_)";55;200711;;75;1248
"Kupplungssatz";479;26661;28;2;"SUZUKI";"IGNIS II (MH)";69;200309;;94;1328
"Kupplungssatz";479;26663;2;0;"MERCEDES-BENZ";"SLK (R171)";135;200801;201102;184;1796
"Kupplungssatz";479;26670;14;3;"FORD";"FIESTA V Van";50;200310;201012;68;1399
"Kupplungssatz";479;26732;1;2;"VW";"CC B7 (358)";125;201111;201612;170;1968
"Kupplungssatz";479;26742;2;1;"OPEL";"COMBO Tour (X12)";88;201202;;120;1368
"Kupplungssatz";479;26743;16;5;"VW";"GOLF VII Variant (BA5, BV5)";110;201304;201805;150;1968
"Kupplungssatz";479;26752;22;6;"VW";"CC B7 (358)";103;201111;201612;140;1968
"Kupplungssatz";479;26753;6;3;"VW";"GOLF VII Variant (BA5, BV5)";103;201305;202008;140;1395
"Kupplungssatz";479;26760;14;3;"VW";"GOLF VII Variant (BA5, BV5)";77;201305;201703;105;1598
"Kupplungssatz";479;26762;4;1;"VW";"GOLF VII Variant (BA5, BV5)";66;201305;201807;90;1598
"Kupplungssatz";479;26765;1;0;"MERCEDES-BENZ";"CLA Coupe (C117)";155;201307;201903;211;1991
"Kupplungssatz";479;26808;30;2;"HYUNDAI";"i10 I (PA)";48;200712;201312;65;1086
"Kupplungssatz";479;26831;1;6;"OPEL";"INSIGNIA A Stufenheck (G09)";120;201307;201703;163;1956
"Kupplungssatz";479;26836;17;3;"AUDI";"A4 B8 (8K2)";125;200801;201203;170;1968
"Kupplungssatz";479;26847;3;3;"AUDI";"A4 B8 (8K2)";125;200801;201203;170;1968
"Kupplungssatz";479;26848;16;3;"AUDI";"A4 B8 (8K2)";88;200806;201512;120;1968
"Kupplungssatz";479;26860;1;4;"VW";"GOLF VII Variant (BA5, BV5)";81;201305;202008;110;1968
"Kupplungssatz";479;26883;7;6;"OPEL";"INSIGNIA A Sports Tourer (G09)";120;201307;201506;163;1956
"Kupplungssatz";479;26911;3;3;"AUDI";"A4 B8 (8K2)";132;200806;201512;180;1984
"Kupplungssatz";479;26912;7;3;"AUDI";"A4 B8 (8K2)";155;200806;201305;211;1984
"Kupplungssatz";479;26913;2;3;"AUDI";"A4 B8 (8K2)";155;200806;201512;211;1984
"Kupplungssatz";479;26914;6;3;"AUDI";"A4 B8 Avant (8K5)";155;200806;201305;211;1984
"Kupplungssatz";479;26916;29;1;"AUDI";"A4 B8 Avant (8K5)";88;200804;201512;120;1798
"Kupplungssatz";479;26977;64;2;"VW";"GOLF VII Variant (BA5, BV5)";81;201305;201703;110;1598
"Kupplungssatz";479;27009;4;2;"VW";"GOLF VII Variant (BA5, BV5)";81;201309;201807;110;1395
"Kupplungssatz";479;27101;1;0;"RENAULT";"19 I Chamade (L53_)";58;198906;199008;79;1390
"Kupplungssatz";479;27130;2;1;"SUZUKI";"SWIFT II Schrägheck (EA, MA)";63;200106;200312;86;1298
"Kupplungssatz";479;27168;21;3;"VW";"MULTIVAN T5 (7HM, 7HN, 7HF, 7EF, 7EM, 7EN)";84;201105;201508;114;1968
"Kupplungssatz";479;27170;1;2;"PEUGEOT";"PARTNER Kasten/Großraumlimousine (5_, G_)";54;200211;200610;73;1360
"Kupplungssatz";479;27208;2;2;"ALFA ROMEO";"156 (932_)";110;200407;200509;150;1910
"Kupplungssatz";479;27216;2;1;"TOYOTA";"HIACE IV Kasten (_H1_)";57;198909;199508;78;2446
"Kupplungssatz";479;27221;1;1;"HYUNDAI";"H100 Pritsche/Fahrgestell";63;199604;199712;86;2607
"Kupplungssatz";479;27275;1;0;"TOYOTA";"HIACE IV Kasten (__H1_, __H2_)";55;199508;200108;75;2446
"Kupplungssatz";479;27277;1;0;"TOYOTA";"HIACE V Kasten (TRH2__, KDH2__, LH2__, GDH2__)";70;200609;;95;2494
"Kupplungssatz";479;27278;14;0;"TOYOTA";"HIACE IV Kasten (__H1_, __H2_)";86;200609;201212;117;2494
"Kupplungssatz";479;27279;64;0;"TOYOTA";"HIACE IV Kasten (__H1_, __H2_)";86;200609;201212;117;2494
"Kupplungssatz";479;27308;7;3;"FIAT";"PUNTO (199_)";57;201203;;78;1368
"Kupplungssatz";479;27316;1;3;"FORD";"FUSION (JU_)";44;200211;200507;60;1299
"Kupplungssatz";479;27332;38;1;"SUZUKI";"SWIFT III (MZ, EZ)";68;200502;;92;1328
"Kupplungssatz";479;27347;4;5;"VW";"CC B7 (358)";118;201111;201612;160;1798
"Kupplungssatz";479;27386;1;0;"TOYOTA";"HILUX III Pick-up (_N3_, _N4_)";49;197808;198307;67;1588
"Kupplungssatz";479;27416;1;1;"VW";"MULTIVAN T5 (7HM, 7HN, 7HF, 7EF, 7EM, 7EN)";150;201105;201508;204;1984
"Kupplungssatz";479;27446;1;0;"ISUZU";"TFR/TFS Pick-up (TF_)";86;198809;199108;117;2499
"Kupplungssatz";479;27460;5;0;"TOYOTA";"DYNA 150 Pritsche/Fahrgestell (LY_)";61;199505;199808;83;2779
"Kupplungssatz";479;27461;4;0;"TOYOTA";"DYNA 150 Pritsche/Fahrgestell (LY_)";65;199809;200107;88;2986
"Kupplungssatz";479;27483;7;6;"OPEL";"INSIGNIA A Sports Tourer (G09)";103;201307;201506;140;1956
"Kupplungssatz";479;27485;2;0;"SUZUKI";"WAGON R Schrägheck";39;200307;200508;53;993
"Kupplungssatz";479;27512;3;4;"OPEL";"MOVANO A Kasten (X70)";74;200310;;101;2464
"Kupplungssatz";479;27513;1;4;"OPEL";"MOVANO A Pritsche/Fahrgestell (X70)";74;200608;;101;2464
"Kupplungssatz";479;27518;1;7;"OPEL";"VIVARO A Pritsche/Fahrgestell (X83)";74;200102;201012;101;1870
"Kupplungssatz";479;27528;72;1;"SUZUKI";"SPLASH (EX)";48;200801;;65;996
"Kupplungssatz";479;27529;79;1;"SUZUKI";"SPLASH (EX)";63;200801;;86;1242
"Kupplungssatz";479;27530;2;4;"SUZUKI";"SPLASH (EX)";55;200801;;75;1248
"Kupplungssatz";479;27537;16;4;"VW";"GOLF PLUS V (5M1, 521)";118;200806;201312;160;1390
"Kupplungssatz";479;27539;4;3;"VW";"GOLF V Variant (1K5)";118;200807;200907;160;1390
"Kupplungssatz";479;27540;23;2;"VW";"PASSAT B6 Variant (3C5)";90;200705;201011;122;1390
"Kupplungssatz";479;27541;35;4;"VW";"PASSAT B6 Variant (3C5)";118;200705;201110;160;1798
"Kupplungssatz";479;27544;14;2;"VW";"PASSAT B6 (3C2)";90;200705;201007;122;1390
"Kupplungssatz";479;27545;13;4;"VW";"PASSAT B6 (3C2)";118;200705;201007;160;1798
"Kupplungssatz";479;27547;1;6;"VW";"PASSAT B6 (3C2)";100;200503;201011;136;1968
"Kupplungssatz";479;27549;4;1;"RENAULT";"KOLEOS I (HY_)";126;200809;;171;2488
"Kupplungssatz";479;27555;3;2;"BMW";"3 (E90)";85;200509;201110;115;1596
"Kupplungssatz";479;27562;8;2;"AUDI";"A3 Sportback (8PA)";195;200806;201303;265;1984
"Kupplungssatz";479;27563;6;3;"AUDI";"Q5 (8RB)";155;200811;201209;211;1984
"Kupplungssatz";479;27564;64;3;"AUDI";"Q5 (8RB)";125;200811;201209;170;1968
"Kupplungssatz";479;27565;13;0;"AUDI";"Q5 (8RB)";176;200811;201705;240;2967
"Kupplungssatz";479;27568;12;1;"MITSUBISHI";"LANCER VIII (CY_A, CZ_A)";80;200806;;109;1499
"Kupplungssatz";479;27569;1;0;"PEUGEOT";"4007 (VU_, VV_)";125;200702;201303;170;2360
"Kupplungssatz";479;27570;1;3;"PEUGEOT";"807 (EB_)";88;200602;;120;1997
"Kupplungssatz";479;27576;204;1;"DACIA";"SANDERO";55;200806;;75;1390
"Kupplungssatz";479;27577;29;3;"DACIA";"SANDERO";64;200806;;87;1598
"Kupplungssatz";479;27584;65;2;"SEAT";"IBIZA IV (6J5, 6P1)";51;200803;201505;70;1198
"Kupplungssatz";479;27585;63;2;"SEAT";"IBIZA IV (6J5, 6P1)";63;200803;201505;85;1390
"Kupplungssatz";479;27586;9;1;"SEAT";"IBIZA IV (6J5, 6P1)";59;200807;201006;80;1422
"Kupplungssatz";479;27593;1;3;"PEUGEOT";"307 SW (3H)";80;200709;200804;109;1587
"Kupplungssatz";479;27618;2;5;"VOLVO";"C30 (533)";92;200701;201212;125;1798
"Kupplungssatz";479;27619;2;7;"VOLVO";"S40 II (544)";92;200601;201012;125;1798
"Kupplungssatz";479;27624;3;7;"VOLVO";"V50 (545)";92;200501;201012;125;1798
"Kupplungssatz";479;27625;1;2;"VOLVO";"V70 III (135)";147;200805;200912;200;2521
"Kupplungssatz";479;27626;1;1;"VOLVO";"V70 III (135)";107;200801;201112;146;1999
"Kupplungssatz";479;27670;8;1;"BMW";"3 (F30, F80)";135;201203;201810;184;1997
"Kupplungssatz";479;27674;11;2;"BMW";"3 (F30, F80)";85;201203;201810;116;1995
"Kupplungssatz";479;27765;30;2;"BMW";"3 (F30, F80)";105;201203;201506;143;1995
"Kupplungssatz";479;27769;1;7;"VW";"TRANSPORTER T5 Kasten (7HA, 7HH, 7EA, 7EH)";100;201005;201508;136;1968
"Kupplungssatz";479;27774;1;6;"VW";"TRANSPORTER T5 Kasten (7HA, 7HH, 7EA, 7EH)";100;201005;201508;136;1968
"Kupplungssatz";479;27837;1;2;"PEUGEOT";"PARTNER Großraumlimousine (5_, G_)";54;200211;200610;73;1360
"Kupplungssatz";479;27949;2;1;"FIAT";"PANDA Kasten/Schrägheck (169_)";44;200409;;60;1242
"Kupplungssatz";479;27950;13;3;"FIAT";"PANDA Kasten/Schrägheck (169_)";44;200409;;60;1242
"Kupplungssatz";479;27952;1;2;"FIAT";"PANDA Kasten/Schrägheck (169_)";51;200403;;70;1248
"Kupplungssatz";479;27967;1;1;"HYUNDAI";"ELANTRA III (XD)";66;200006;200607;90;1599
"Kupplungssatz";479;27975;1;3;"MINI";"MINI (R50, R53)";55;200304;200609;75;1398
"Kupplungssatz";479;27976;5;2;"FIAT";"PUNTO Kasten/Schrägheck (188_)";51;200306;200510;69;1248
"Kupplungssatz";479;27978;1;2;"RENAULT";"CLIO II Kasten/Schrägheck (SB0/1/2_)";59;200002;200105;80;1870
"Kupplungssatz";479;27981;1;3;"OPEL";"CORSA C Kasten/Schrägheck (X01)";74;200308;201212;101;1686
"Kupplungssatz";479;27989;2;1;"HYUNDAI";"GETZ (TB)";78;200506;200906;106;1599
"Kupplungssatz";479;27994;2;1;"VW";"TOURAN (1T1, 1T2)";125;200611;201005;170;1390
"Kupplungssatz";479;28019;1;2;"CHEVROLET";"NUBIRA Stufenheck";69;200501;200712;94;1399
"Kupplungssatz";479;28031;3;0;"LDV";"MAXUS Kasten";88;200510;200912;120;2499
"Kupplungssatz";479;28039;1;6;"VW";"TRANSPORTER T5 Pritsche/Fahrgestell (7JD, 7JE, 7JL, 7JY, 7JZ";100;201005;201508;136;1968
"Kupplungssatz";479;28040;6;0;"DAIHATSU";"TERIOS (J2_)";75;201009;;102;1495
"Kupplungssatz";479;28044;3;0;"MITSUBISHI";"OUTLANDER II (CW_W)";125;200611;201211;170;2360
"Kupplungssatz";479;28045;3;2;"SEAT";"ALTEA XL (5P5, 5P8)";63;200610;;86;1390
"Kupplungssatz";479;28120;1;1;"KIA";"PRO CEE'D (ED)";66;201006;201209;90;1396
"Kupplungssatz";479;28121;7;0;"SUBARU";"XV (_GP_)";84;201203;;114;1600
"Kupplungssatz";479;28125;24;0;"SUBARU";"XV (_GP_)";110;201203;;150;1995
"Kupplungssatz";479;28130;21;2;"SEAT";"IBIZA IV SC (6J1, 6P5)";51;200807;201505;70;1198
"Kupplungssatz";479;28131;16;2;"SEAT";"IBIZA IV SC (6J1, 6P5)";63;200807;201505;85;1390
"Kupplungssatz";479;28132;2;1;"SEAT";"IBIZA IV SC (6J1, 6P5)";59;200807;201006;80;1422
"Kupplungssatz";479;28134;13;2;"LANCIA";"DELTA III (844_)";88;200809;201408;120;1368
"Kupplungssatz";479;28135;8;1;"LANCIA";"DELTA III (844_)";110;200809;201408;150;1368
"Kupplungssatz";479;28136;9;4;"LANCIA";"DELTA III (844_)";88;200809;201408;120;1598
"Kupplungssatz";479;28137;3;1;"LANCIA";"DELTA III (844_)";140;200901;201408;190;1910
"Kupplungssatz";479;28140;7;3;"PEUGEOT";"407 (6D_)";103;200906;201012;140;1997
"Kupplungssatz";479;28141;7;3;"PEUGEOT";"407 SW (6E_, 6D_)";103;200808;201012;140;1997
"Kupplungssatz";479;28144;14;5;"VOLVO";"C70 II Cabriolet (542)";100;200801;200910;136;1998
"Kupplungssatz";479;28145;9;2;"VOLVO";"XC70 II (136)";120;200708;201604;163;2400
"Kupplungssatz";479;28148;1;5;"OPEL";"COMBO Tour";71;200504;201101;97;1598
"Kupplungssatz";479;28149;16;6;"SUZUKI";"SWIFT III (MZ, EZ)";55;200508;;75;1248
"Kupplungssatz";479;28150;11;1;"MAZDA";"6 Kombi (GH)";88;200802;201307;120;1798
"Kupplungssatz";479;28151;9;1;"MAZDA";"6 Kombi (GH)";108;200712;201307;147;1999
"Kupplungssatz";479;28152;7;1;"MAZDA";"6 Kombi (GH)";103;200712;201012;140;1998
"Kupplungssatz";479;28153;3;1;"MAZDA";"6 Kombi (GH)";125;200802;201307;170;2488
"Kupplungssatz";479;28154;10;2;"MERCEDES-BENZ";"VITO Bus (W639)";70;200709;201408;95;2148
"Kupplungssatz";479;28155;26;2;"MERCEDES-BENZ";"VITO / MIXTO Kasten (W639)";85;200709;;116;2148
"Kupplungssatz";479;28158;3;2;"MERCEDES-BENZ";"VITO / MIXTO Kasten (W639)";110;200607;;150;2148
"Kupplungssatz";479;28162;6;2;"MERCEDES-BENZ";"VITO Bus (W639)";85;200709;;116;2148
"Kupplungssatz";479;28163;1;2;"MERCEDES-BENZ";"VITO Bus (W639)";110;200709;201408;150;2148
"Kupplungssatz";479;28168;3;0;"VW";"TOUAREG (7LA, 7L6, 7L7)";176;200711;201005;240;2967
"Kupplungssatz";479;28172;2;7;"SEAT";"LEON (1P1)";66;200706;201012;90;1896
"Kupplungssatz";479;28173;51;1;"SEAT";"LEON (1P1)";92;200711;201212;125;1390
"Kupplungssatz";479;28174;7;6;"SEAT";"LEON (1P1)";118;200706;201212;160;1798
"Kupplungssatz";479;28175;5;2;"SKODA";"FABIA II Combi (545)";44;200710;201411;60;1198
"Kupplungssatz";479;28178;1;2;"FORD";"TRANSIT Pritsche/Fahrgestell (FM_ _, FN_ _, FF_ _)";147;200709;201408;200;3199
"Kupplungssatz";479;28179;11;3;"DODGE";"JOURNEY";103;200806;;140;1968
"Kupplungssatz";479;28180;2;1;"DODGE";"NITRO";130;200706;201212;177;2777
"Kupplungssatz";479;28181;1;1;"DODGE";"NITRO";130;200706;201212;177;2777
"Kupplungssatz";479;28183;8;2;"JEEP";"WRANGLER III (JK)";130;200704;;177;2777
"Kupplungssatz";479;28198;29;1;"CITROËN";"C3 PICASSO (SH_)";70;200902;;95;1397
"Kupplungssatz";479;28199;37;3;"CITROËN";"C3 PICASSO (SH_)";88;200902;;120;1598
"Kupplungssatz";479;28200;10;3;"CITROËN";"C3 PICASSO (SH_)";80;200902;;109;1560
"Kupplungssatz";479;28201;1;4;"PEUGEOT";"308 CC (4B_)";110;200906;201412;150;1598
"Kupplungssatz";479;28202;3;3;"PEUGEOT";"308 CC (4B_)";103;200904;201212;140;1997
"Kupplungssatz";479;28203;11;5;"SKODA";"OCTAVIA II (1Z3)";118;200706;201304;160;1798
"Kupplungssatz";479;28204;26;5;"SKODA";"OCTAVIA II Combi (1Z5)";118;200706;201304;160;1798
"Kupplungssatz";479;28206;1;8;"SKODA";"OCTAVIA II (1Z3)";100;200402;201005;136;1968
"Kupplungssatz";479;28207;2;8;"SKODA";"OCTAVIA II Combi (1Z5)";100;200402;201005;136;1968
"Kupplungssatz";479;28213;1;5;"VW";"TRANSPORTER T5 Pritsche/Fahrgestell (7JD, 7JE, 7JL, 7JY, 7JZ";128;200404;200911;174;2461
"Kupplungssatz";479;28214;6;3;"OPEL";"INSIGNIA A (G09)";85;200807;201703;116;1598
"Kupplungssatz";479;28215;13;3;"OPEL";"INSIGNIA A (G09)";103;200807;201703;140;1796
"Kupplungssatz";479;28218;6;4;"OPEL";"INSIGNIA A (G09)";81;200807;201703;110;1956
"Kupplungssatz";479;28219;28;4;"OPEL";"INSIGNIA A (G09)";96;200807;201703;131;1956
"Kupplungssatz";479;28220;19;6;"OPEL";"INSIGNIA A (G09)";118;200807;201703;160;1956
"Kupplungssatz";479;28221;2;3;"OPEL";"INSIGNIA A Stufenheck (G09)";85;200807;201703;116;1598
"Kupplungssatz";479;28222;14;3;"OPEL";"INSIGNIA A Stufenheck (G09)";103;200807;201703;140;1796
"Kupplungssatz";479;28223;1;6;"OPEL";"INSIGNIA A Stufenheck (G09)";162;200807;201703;220;1998
"Kupplungssatz";479;28225;1;4;"OPEL";"INSIGNIA A Stufenheck (G09)";81;200807;201703;110;1956
"Kupplungssatz";479;28226;17;4;"OPEL";"INSIGNIA A Stufenheck (G09)";96;200807;201703;131;1956
"Kupplungssatz";479;28227;5;6;"OPEL";"INSIGNIA A Stufenheck (G09)";118;200807;201703;160;1956
"Kupplungssatz";479;28229;9;2;"VOLVO";"XC60 I SUV (156)";120;200805;201702;163;2400
"Kupplungssatz";479;28230;1;2;"VOLVO";"XC60 I SUV (156)";136;200805;200912;185;2400
"Kupplungssatz";479;28231;17;4;"VW";"SCIROCCO III (137, 138)";118;200805;201711;160;1390
"Kupplungssatz";479;28232;27;3;"VW";"SCIROCCO III (137, 138)";90;200808;201711;122;1390
"Kupplungssatz";479;28233;20;6;"VW";"SCIROCCO III (137, 138)";103;200808;201711;140;1968
"Kupplungssatz";479;28234;15;6;"VW";"SCIROCCO III (137, 138)";147;200805;200911;200;1984
"Kupplungssatz";479;28235;267;2;"FORD";"FIESTA VI (CB1, CCN)";44;200806;201704;60;1242
"Kupplungssatz";479;28236;428;2;"FORD";"FIESTA VI (CB1, CCN)";60;200806;201704;82;1242
"Kupplungssatz";479;28237;19;2;"FORD";"FIESTA VI (CB1, CCN)";66;200806;201212;90;1560
"Kupplungssatz";479;28238;90;2;"FORD";"FIESTA VI (CB1, CCN)";71;200810;;97;1388
"Kupplungssatz";479;28239;21;2;"FORD";"FIESTA VI (CB1, CCN)";88;200806;201209;120;1596
"Kupplungssatz";479;28240;2;1;"PORSCHE";"911 (997)";254;200806;201112;345;3614
"Kupplungssatz";479;28243;1;1;"PORSCHE";"911 Cabriolet (997)";283;200806;201112;385;3800
"Kupplungssatz";479;28248;25;2;"ALFA ROMEO";"MITO (955_)";70;200809;201308;95;1368
"Kupplungssatz";479;28249;12;1;"ALFA ROMEO";"MITO (955_)";114;200808;201106;155;1368
"Kupplungssatz";479;28250;18;1;"ALFA ROMEO";"MITO (955_)";88;200808;201508;120;1598
"Kupplungssatz";479;28251;12;1;"ABARTH";"500 / 595 / 695";99;200808;;135;1368
"Kupplungssatz";479;28252;8;1;"SKODA";"SUPERB II (3T4)";92;200807;201505;125;1390
"Kupplungssatz";479;28253;16;6;"SKODA";"SUPERB II (3T4)";118;200803;201505;160;1798
"Kupplungssatz";479;28255;1;7;"SKODA";"SUPERB II (3T4)";77;200803;201011;105;1896
"Kupplungssatz";479;28256;6;8;"SKODA";"SUPERB II (3T4)";103;200803;201005;140;1968
"Kupplungssatz";479;28257;10;7;"SKODA";"SUPERB II (3T4)";125;200807;201505;170;1968
"Kupplungssatz";479;28261;2;1;"SEAT";"IBIZA IV (6J5, 6P1)";77;200803;201006;105;1896
"Kupplungssatz";479;28262;3;1;"SEAT";"IBIZA IV SC (6J1, 6P5)";77;200807;201006;105;1896
"Kupplungssatz";479;28273;4;0;"SUBARU";"IMPREZA Schrägheck (GR, GH, G3)";79;200802;201203;107;1498
"Kupplungssatz";479;28276;10;3;"AUDI";"A4 B8 Avant (8K5)";132;200806;201512;180;1984
"Kupplungssatz";479;28277;5;3;"AUDI";"A4 B8 Avant (8K5)";155;200806;201512;211;1984
"Kupplungssatz";479;28278;17;5;"AUDI";"TT (8J3)";118;200806;201406;160;1798
"Kupplungssatz";479;28279;5;4;"AUDI";"TT (8J3)";125;200806;201406;170;1968
"Kupplungssatz";479;28280;5;6;"AUDI";"TT Roadster (8J9)";118;200806;201406;160;1798
"Kupplungssatz";479;28281;2;4;"AUDI";"TT Roadster (8J9)";125;200806;201406;170;1968
"Kupplungssatz";479;28282;3;7;"SKODA";"SUPERB II (3T4)";125;200809;201505;170;1968
"Kupplungssatz";479;28283;7;7;"VW";"PASSAT CC B6 (357)";125;200806;201201;170;1968
"Kupplungssatz";479;28285;2;8;"VW";"PASSAT CC B6 (357)";100;200806;201105;136;1968
"Kupplungssatz";479;28286;3;1;"VW";"TOUAREG (7LA, 7L6, 7L7)";120;200308;201005;163;2461
"Kupplungssatz";479;28345;3;1;"FIAT";"MULTIPLA (186_)";76;200009;201006;103;1596
"Kupplungssatz";479;28363;1;1;"MINI";"MINI (R50, R53)";160;200603;200609;218;1598
"Kupplungssatz";479;28405;2;4;"CHEVROLET";"CAPTIVA (C100, C140)";93;200610;200912;126;1991
"Kupplungssatz";479;28483;1;0;"TOYOTA";"HILUX VII Pick-up (_N1_, _N2_, _N3_)";118;200508;201505;160;2694
"Kupplungssatz";479;28507;15;2;"MERCEDES-BENZ";"VITO / MIXTO Kasten (W639)";70;200608;;95;2148
"Kupplungssatz";479;28514;9;0;"TOYOTA";"DYNA Pritsche/Fahrgestell (KD_, LY_, _Y2_, _U3_, _U4_, _U6_,";80;200609;;109;2982
"Kupplungssatz";479;28515;10;2;"TOYOTA";"HILUX VII Pick-up (_N1_, _N2_, _N3_)";75;200503;201505;102;2494
"Kupplungssatz";479;28516;1;2;"RENAULT";"TRAFIC II Pritsche/Fahrgestell (EL)";84;200708;;114;2463
"Kupplungssatz";479;28517;2;0;"MITSUBISHI";"L200 / TRITON (KA_T, KB_T)";100;200511;201512;136;2477
"Kupplungssatz";479;28536;10;2;"FIAT";"DOBLO Großraumlimousine (119_, 223_)";55;200505;;75;1248
"Kupplungssatz";479;28579;18;1;"HYUNDAI";"i30 (FD)";77;200710;201111;105;1396
"Kupplungssatz";479;28580;1;1;"HYUNDAI";"i30 (FD)";85;200710;201111;116;1591
"Kupplungssatz";479;28581;78;3;"HYUNDAI";"i30 (FD)";66;200710;201111;90;1582
"Kupplungssatz";479;28582;1;1;"HYUNDAI";"i30 Kombi (FD)";85;200802;201206;116;1591
"Kupplungssatz";479;28583;76;3;"HYUNDAI";"i30 Kombi (FD)";66;200802;201206;90;1582
"Kupplungssatz";479;28585;23;1;"HYUNDAI";"i30 Kombi (FD)";93;200802;201206;126;1591
"Kupplungssatz";479;28589;2;1;"CITROËN";"C4 I (LC_)";88;200807;201107;120;1598
"Kupplungssatz";479;28591;2;4;"CITROËN";"C4 I (LC_)";103;200807;201107;140;1598
"Kupplungssatz";479;28592;5;1;"CITROËN";"C4 Coupe (LA_)";88;200807;201107;120;1598
"Kupplungssatz";479;28593;3;4;"CITROËN";"C4 Coupe (LA_)";110;200807;201107;150;1598
"Kupplungssatz";479;28594;11;1;"CITROËN";"C4 GRAND PICASSO I (UA_)";88;200807;201308;120;1598
"Kupplungssatz";479;28596;23;1;"CITROËN";"C4 PICASSO I Großraumlimousine (UD_)";88;200807;201308;120;1598
"Kupplungssatz";479;28619;2;1;"CHEVROLET";"AVEO / KALOS Stufenheck (T250, T255)";74;200809;;101;1399
"Kupplungssatz";479;28638;2;0;"RENAULT";"LAGUNA I (B56_, 556_)";84;199506;200102;114;1998
"Kupplungssatz";479;28643;2;2;"PEUGEOT";"205 II (20A/C)";58;199008;199705;79;1769
"Kupplungssatz";479;28672;4;1;"MERCEDES-BENZ";"CLA Coupe (C117)";80;201310;201805;109;1461
"Kupplungssatz";479;28759;1;1;"TOYOTA";"COROLLA (_E10_)";85;199205;199704;115;1587
"Kupplungssatz";479;28765;1;3;"RENAULT";"CLIO II (BB_, CB_)";48;200002;200105;65;1870
"Kupplungssatz";479;28768;1;1;"RENAULT";"CLIO II (BB_, CB_)";44;199903;200105;60;1149
"Kupplungssatz";479;28769;6;2;"RENAULT";"CLIO II (BB_, CB_)";50;200408;201212;68;1461
"Kupplungssatz";479;28772;4;1;"RENAULT";"KANGOO Express (FC0/1_)";44;199807;200107;60;1149
"Kupplungssatz";479;28822;1;1;"HYUNDAI";"SANTA FÉ I (SM)";107;200311;200602;145;1991
"Kupplungssatz";479;28828;1;3;"PEUGEOT";"807 (EB_)";80;200404;;109;1997
"Kupplungssatz";479;28831;1;0;"DODGE";"RAM 2500 Pick-up (DJ, DS)";291;201101;;396;5654
"Kupplungssatz";479;28834;2;3;"RENAULT";"SCÉNIC II (JM0/1_)";85;200606;200811;116;1870
"Kupplungssatz";479;28835;1;3;"RENAULT";"MEGANE II Stufenheck (LM0/1_)";77;200505;;105;1598
"Kupplungssatz";479;28839;1;2;"RENAULT";"CLIO III (BR0/1, CR0/1)";60;200711;201212;82;1461
"Kupplungssatz";479;28918;1;0;"NISSAN";"TRADE Pritsche/Fahrgestell";78;199606;200110;106;2953
"Kupplungssatz";479;28919;1;0;"NISSAN";"TRADE Kasten";78;199606;200110;106;2953
"Kupplungssatz";479;28924;1;0;"NISSAN";"TRADE Pritsche/Fahrgestell";63;199304;199810;86;2953
"Kupplungssatz";479;28938;1;0;"PEUGEOT";"205 Kasten/Schrägheck";44;198302;199007;60;1769
"Kupplungssatz";479;28981;1;2;"HYUNDAI";"H100 Pritsche/Fahrgestell";59;199605;199712;80;2476
"Kupplungssatz";479;29286;53;3;"SUBARU";"XV (_GP_)";108;201203;;147;1998
"Kupplungssatz";479;29298;1;0;"AUDI";"A6 Allroad C7 (4GH, 4GJ)";180;201201;201606;245;2967
"Kupplungssatz";479;29401;6;2;"OPEL";"ADAM (M13)";64;201307;201811;87;1398
"Kupplungssatz";479;29480;8;0;"HONDA";"ACCORD VIII (CU)";115;200806;201506;156;1997
"Kupplungssatz";479;29481;2;1;"HONDA";"ACCORD VIII (CU)";148;200807;201506;201;2356
"Kupplungssatz";479;29482;1;0;"HONDA";"ACCORD VIII (CU)";110;200807;201506;150;2199
"Kupplungssatz";479;29483;5;0;"HONDA";"ACCORD VIII Kombi (CW)";115;200807;201506;156;1997
"Kupplungssatz";479;29484;1;1;"HONDA";"ACCORD VIII Kombi (CW)";148;200807;;201;2356
"Kupplungssatz";479;29485;1;0;"HONDA";"ACCORD VIII Kombi (CW)";110;200807;201506;150;2199
"Kupplungssatz";479;29486;29;2;"FIAT";"QUBO (225_)";54;200802;;73;1360
"Kupplungssatz";479;29487;7;5;"FIAT";"QUBO (225_)";55;200802;;75;1248
"Kupplungssatz";479;29491;1;1;"NISSAN";"X-TRAIL II (T31)";103;200806;201311;140;1998
"Kupplungssatz";479;29515;2;1;"TOYOTA";"HILUX VI Pick-up (_N1_)";108;199711;200504;147;2694
"Kupplungssatz";479;29516;4;0;"TOYOTA";"HILUX V Pick-up (_N_, KZN1_, VZN1_)";55;198810;199707;75;2446
"Kupplungssatz";479;29521;1;0;"TOYOTA";"HILUX VI Pick-up (_N1_)";71;199801;200507;97;2986
"Kupplungssatz";479;29522;1;0;"TOYOTA";"HILUX VI Pick-up (_N1_)";85;200111;200504;116;2982
"Kupplungssatz";479;29528;1;0;"HONDA";"CIVIC V Stufenheck (EG, EH)";67;199310;199512;91;1493
"Kupplungssatz";479;29566;102;3;"FORD";"FOCUS III";92;201202;201712;125;998
"Kupplungssatz";479;29567;63;2;"FORD";"FOCUS III";74;201202;201712;100;998
"Kupplungssatz";479;29583;1;1;"SUBARU";"IMPREZA Stufenheck (GD)";112;200212;200509;152;2457
"Kupplungssatz";479;29602;7;2;"SUZUKI";"GRAND VITARA II (JT, TE, TD)";73;200509;201502;99;1586
"Kupplungssatz";479;29685;2;2;"SEAT";"LEON ST (5F8)";77;201308;202008;105;1197
"Kupplungssatz";479;29716;2;2;"FORD";"FOCUS III";88;201202;;120;1596
"Kupplungssatz";479;29717;4;4;"DACIA";"LODGY (JS_)";61;201203;;83;1598
"Kupplungssatz";479;29730;26;1;"SUBARU";"IMPREZA Schrägheck (GR, GH, G3)";110;200801;201203;150;1994
"Kupplungssatz";479;29731;3;0;"SUBARU";"IMPREZA Schrägheck (GR, GH, G3)";169;200801;201109;230;2457
"Kupplungssatz";479;29733;2;0;"NISSAN";"VANETTE Kasten (C120)";47;198207;198410;64;1171
"Kupplungssatz";479;29803;18;6;"DACIA";"LODGY (JS_)";66;201203;;90;1461
"Kupplungssatz";479;29869;1;0;"RENAULT";"CLIO I (B/C57_, 5/357_)";36;199204;199208;49;1108
"Kupplungssatz";479;29917;15;2;"RENAULT";"GRAND SCÉNIC II (JM0/1_)";78;200505;200901;106;1461
"Kupplungssatz";479;29923;5;3;"OPEL";"INSIGNIA A Sports Tourer (G09)";85;200807;201206;116;1598
"Kupplungssatz";479;29924;6;3;"OPEL";"INSIGNIA A Sports Tourer (G09)";103;200807;201703;140;1796
"Kupplungssatz";479;29925;3;6;"OPEL";"INSIGNIA A Sports Tourer (G09)";162;200807;201306;220;1998
"Kupplungssatz";479;29926;3;4;"OPEL";"INSIGNIA A Sports Tourer (G09)";191;200810;201306;260;2792
"Kupplungssatz";479;29927;12;4;"OPEL";"INSIGNIA A Sports Tourer (G09)";81;200807;201306;110;1956
"Kupplungssatz";479;29928;58;4;"OPEL";"INSIGNIA A Sports Tourer (G09)";96;200807;201506;131;1956
"Kupplungssatz";479;29929;61;6;"OPEL";"INSIGNIA A Sports Tourer (G09)";118;200807;201506;160;1956
"Kupplungssatz";479;29941;1;4;"VAUXHALL";"INSIGNIA Mk I (A) Sports Tourer (G09)";96;200807;201412;130;1956
"Kupplungssatz";479;29943;19;2;"BMW";"1 Cabriolet (E88)";105;200809;201312;143;1995
"Kupplungssatz";479;29948;22;5;"RENAULT";"KANGOO BE BOP (KW0/1_)";78;200902;201212;106;1598
"Kupplungssatz";479;29949;7;8;"RENAULT";"KANGOO BE BOP (KW0/1_)";76;200902;201212;103;1461
"Kupplungssatz";479;29950;34;3;"RENAULT";"MEGANE III Schrägheck (BZ0/1_, B3_)";74;200811;201508;101;1598
"Kupplungssatz";479;29951;1;1;"RENAULT";"MEGANE III Schrägheck (BZ0/1_, B3_)";132;200811;201508;180;1998
"Kupplungssatz";479;29953;19;1;"RENAULT";"MEGANE III Schrägheck (BZ0/1_, B3_)";96;200904;;131;1397
"Kupplungssatz";479;29954;44;4;"RENAULT";"MEGANE III Schrägheck (BZ0/1_, B3_)";66;200811;201508;90;1461
"Kupplungssatz";479;29956;92;5;"RENAULT";"MEGANE III Schrägheck (BZ0/1_, B3_)";81;200902;;110;1461
"Kupplungssatz";479;29957;1;3;"RENAULT";"MEGANE III Schrägheck (BZ0/1_, B3_)";118;200904;201508;160;1995
"Kupplungssatz";479;29958;7;1;"RENAULT";"MEGANE III Coupe (DZ0/1_)";96;200904;;131;1397
"Kupplungssatz";479;29959;1;3;"RENAULT";"MEGANE III Coupe (DZ0/1_)";74;200811;;101;1598
"Kupplungssatz";479;29960;5;1;"RENAULT";"MEGANE III Coupe (DZ0/1_)";132;200811;201508;180;1998
"Kupplungssatz";479;29961;1;2;"RENAULT";"MEGANE III Coupe (DZ0/1_)";66;200811;201508;90;1461
"Kupplungssatz";479;29962;12;5;"RENAULT";"MEGANE III Coupe (DZ0/1_)";81;200902;201508;110;1461
"Kupplungssatz";479;29963;1;3;"RENAULT";"MEGANE III Coupe (DZ0/1_)";118;200904;201508;160;1995
"Kupplungssatz";479;29964;2;1;"RENAULT";"LAGUNA Coupe (DT0/1)";150;200809;201512;204;1998
"Kupplungssatz";479;29965;2;5;"RENAULT";"LAGUNA Coupe (DT0/1)";110;200809;201512;150;1995
"Kupplungssatz";479;29967;1;5;"FORD";"TRANSIT Kasten (FA_ _)";103;200611;201408;140;2402
"Kupplungssatz";479;29968;6;5;"FORD";"TRANSIT Pritsche/Fahrgestell (FM_ _, FN_ _, FF_ _)";103;200611;201408;140;2402
"Kupplungssatz";479;29969;19;5;"FORD";"TRANSIT Kasten (FA_ _)";103;200710;201408;140;2198
"Kupplungssatz";479;29970;24;5;"FORD";"TRANSIT Bus (FD_ _, FB_ _, FS_ _, FZ_ _, FC_ _)";103;200710;201408;140;2198
"Kupplungssatz";479;29971;9;2;"FORD";"TRANSIT Pritsche/Fahrgestell (FM_ _, FN_ _, FF_ _)";103;200710;201109;140;2198
"Kupplungssatz";479;29972;4;5;"FORD";"TRANSIT TOURNEO Bus";103;200710;201408;140;2198
"Kupplungssatz";479;29973;13;3;"AUDI";"A5 (8T3)";132;200811;201203;180;1984
"Kupplungssatz";479;29974;3;3;"AUDI";"A5 (8T3)";155;200806;201311;211;1984
"Kupplungssatz";479;29975;7;3;"AUDI";"A5 (8T3)";155;200806;201701;211;1984
"Kupplungssatz";479;29980;2;2;"HYUNDAI";"SONATA V (NF)";121;200801;201012;165;1998
"Kupplungssatz";479;29982;2;3;"LAND ROVER";"DEFENDER Cabrio (L316)";90;200705;201602;122;2402
"Kupplungssatz";479;29983;18;3;"LAND ROVER";"DEFENDER Station Wagon (L316)";90;200610;201602;122;2402
"Kupplungssatz";479;29984;1;3;"LAND ROVER";"DEFENDER Pick Up (L316)";90;200705;201602;122;2402
"Kupplungssatz";479;29986;10;2;"ALFA ROMEO";"MITO (955_)";58;200808;201308;78;1368
"Kupplungssatz";479;29988;13;4;"RENAULT";"CLIO III (BR0/1, CR0/1)";55;200807;201412;75;1149
"Kupplungssatz";479;29989;1;3;"RENAULT";"MODUS / GRAND MODUS (F/JP0_)";55;200810;;75;1149
"Kupplungssatz";479;29990;198;2;"VW";"GOLF VI (5K1)";59;200810;201211;80;1390
"Kupplungssatz";479;29991;40;3;"VW";"GOLF VI (5K1)";75;200810;201211;102;1595
"Kupplungssatz";479;29992;185;5;"VW";"GOLF VI (5K1)";90;200810;201211;122;1390
"Kupplungssatz";479;29993;32;4;"VW";"GOLF VI (5K1)";118;200810;201211;160;1390
"Kupplungssatz";479;29994;84;11;"VW";"GOLF VI (5K1)";103;200810;201305;140;1968
"Kupplungssatz";479;29995;116;7;"VW";"GOLF VI (5K1)";81;200810;201211;110;1968
"Kupplungssatz";479;29996;67;2;"VW";"TIGUAN (5N_)";110;200805;201807;150;1390
"Kupplungssatz";479;29997;194;10;"VW";"TIGUAN (5N_)";103;200803;201807;140;1968
"Kupplungssatz";479;29998;2;2;"RENAULT";"CLIO II (BB_, CB_)";47;200506;201012;64;1461
"Kupplungssatz";479;30000;1;1;"AUDI";"A4 B8 (8K2)";118;200809;201203;160;1798
"Kupplungssatz";479;30001;1;1;"AUDI";"A4 B8 (8K2)";245;200811;201512;333;2995
"Kupplungssatz";479;30002;2;4;"AUDI";"A4 B8 (8K2)";120;200808;201512;163;1968
"Kupplungssatz";479;30004;11;1;"AUDI";"A4 B8 Avant (8K5)";118;200809;201203;160;1798
"Kupplungssatz";479;30005;5;1;"AUDI";"A4 B8 Avant (8K5)";245;200811;201512;333;2995
"Kupplungssatz";479;30006;41;3;"AUDI";"A4 B8 Avant (8K5)";100;200804;201512;136;1968
"Kupplungssatz";479;30007;25;3;"AUDI";"A4 B8 Avant (8K5)";125;200808;201203;170;1968
"Kupplungssatz";479;30008;11;2;"AUDI";"A4 B8 Avant (8K5)";140;200804;201203;190;2698
"Kupplungssatz";479;30023;2;3;"PEUGEOT";"PARTNER Kasten/Großraumlimousine";66;201204;;90;1560
"Kupplungssatz";479;30091;9;2;"PEUGEOT";"206 Schrägheck (2A/C)";51;200209;200702;69;1398
"Kupplungssatz";479;30128;1;7;"SAAB";"9-3 Cabriolet (YS3F)";143;200604;200709;194;1998
"Kupplungssatz";479;30141;2;2;"RENAULT";"CLIO III (BR0/1, CR0/1)";48;200505;201007;65;1461
"Kupplungssatz";479;30143;1;1;"SSANGYONG";"ACTYON I";104;200511;;141;1998
"Kupplungssatz";479;30149;1;1;"HONDA";"CR-V III (RE_)";118;200610;;160;2354
"Kupplungssatz";479;30235;1;0;"HYUNDAI";"TIBURON Coupe";105;200610;200812;143;1975
"Kupplungssatz";479;30325;13;4;"BMW";"3 Coupe (E46)";170;200006;200605;231;2979
"Kupplungssatz";479;30326;122;11;"FIAT";"DUCATO Kasten (250_)";96;201106;;131;2287
"Kupplungssatz";479;30334;1;0;"SUZUKI";"LIANA Schrägheck";79;200501;200712;107;1586
"Kupplungssatz";479;30335;1;0;"SUZUKI";"LIANA Schrägheck";79;200501;200708;107;1586
"Kupplungssatz";479;30338;2;4;"FIAT";"SEDICI (189_)";79;200606;201410;107;1586
"Kupplungssatz";479;30355;10;0;"SUBARU";"IMPREZA Schrägheck (GR, GH, G3)";79;200802;201203;107;1498
"Kupplungssatz";479;30357;47;1;"HONDA";"CIVIC VIII Hatchback (FN, FK)";73;200810;;100;1339
"Kupplungssatz";479;30358;26;1;"HONDA";"JAZZ III (GE_, GG_, GP_, ZA_)";73;200807;;100;1339
"Kupplungssatz";479;30359;34;1;"HONDA";"JAZZ III (GE_, GG_, GP_, ZA_)";66;200807;;90;1198
"Kupplungssatz";479;30361;6;1;"AUDI";"A6 C6 (4F2)";125;200811;201103;170;1968
"Kupplungssatz";479;30362;1;1;"AUDI";"A6 C6 (4F2)";140;200810;201103;190;2698
"Kupplungssatz";479;30369;7;1;"AUDI";"A6 C6 (4F2)";176;200810;201103;240;2967
"Kupplungssatz";479;30372;2;1;"MERCEDES-BENZ";"C-CLASS T-Model (S204)";115;200801;201408;156;1597
"Kupplungssatz";479;30373;2;1;"AUDI";"A6 C6 Avant (4F5)";125;200810;201108;170;1968
"Kupplungssatz";479;30380;4;1;"AUDI";"A6 C6 Avant (4F5)";176;200810;201108;240;2967
"Kupplungssatz";479;30388;2;5;"RENAULT";"KANGOO / GRAND KANGOO II (KW0/1_)";78;200802;;106;1598
"Kupplungssatz";479;30390;60;3;"AUDI";"A4 B8 Avant (8K5)";88;200806;201512;120;1968
"Kupplungssatz";479;30392;1;3;"RENAULT";"MEGANE II Kombi (KM0/1_)";77;200505;200907;105;1598
"Kupplungssatz";479;30397;6;6;"VW";"TIGUAN (5N_)";100;200711;201807;136;1968
"Kupplungssatz";479;30401;12;6;"VW";"CADDY III Großraumlimousine (2KB, 2KJ, 2CB, 2CJ)";77;200805;201008;105;1896
"Kupplungssatz";479;30403;9;2;"FORD";"C-MAX (DM2)";85;200702;201009;115;1753
"Kupplungssatz";479;30408;4;1;"SUZUKI";"SX4 (EY, GY)";66;200704;;90;1560
"Kupplungssatz";479;30417;2;2;"FORD";"TRANSIT TOURNEO Bus";85;200810;201408;115;2198
"Kupplungssatz";479;30418;55;2;"FORD";"TRANSIT Kasten (FA_ _)";85;200810;201408;115;2198
"Kupplungssatz";479;30419;8;2;"FORD";"TRANSIT Bus (FD_ _, FB_ _, FS_ _, FZ_ _, FC_ _)";85;200810;201408;115;2198
"Kupplungssatz";479;30420;2;2;"FORD";"TRANSIT Pritsche/Fahrgestell (FM_ _, FN_ _, FF_ _)";85;200810;201408;115;2198
"Kupplungssatz";479;30428;3;1;"PORSCHE";"911 Targa (997)";261;200607;200812;355;3824
"Kupplungssatz";479;30433;1;2;"SAAB";"9-3 Kombi (E50)";206;200805;201112;280;2792
"Kupplungssatz";479;30435;1;3;"SUBARU";"LEGACY IV Kombi (BP)";110;200802;200912;150;1998
"Kupplungssatz";479;30436;31;0;"SUBARU";"JUSTY IV";51;200701;;69;998
"Kupplungssatz";479;30437;5;2;"FORD";"FOCUS III Turnier";63;201108;;85;1596
"Kupplungssatz";479;30438;86;2;"FORD";"FOCUS III Turnier";74;201202;;100;998
"Kupplungssatz";479;30441;1;1;"SKODA";"OCTAVIA II (1Z3)";75;200801;201306;102;1595
"Kupplungssatz";479;30471;1;0;"FIAT";"SIENA (178_, 172_)";57;200701;200912;77;1368
"Kupplungssatz";479;30473;78;11;"FIAT";"DUCATO Pritsche/Fahrgestell (250_)";96;200607;;131;2287
"Kupplungssatz";479;30474;9;7;"OPEL";"ASTRA H Stufenheck (A04)";85;200702;201405;116;1598
"Kupplungssatz";479;30477;1;1;"TOYOTA";"RAV 4 I (_A1_)";99;199401;199909;135;1998
"Kupplungssatz";479;30483;3;1;"TOYOTA";"HIACE / COMMUTER V Bus (TRH2__, KDH2__, LH2__, GDH2__)";111;200501;;151;2694
"Kupplungssatz";479;30487;254;3;"FORD";"FOCUS III Turnier";92;201202;;125;998
"Kupplungssatz";479;30493;2;1;"TOYOTA";"HIACE V Kasten (TRH2__, KDH2__, LH2__, GDH2__)";111;200501;;151;2694
"Kupplungssatz";479;30514;10;1;"ISUZU";"D-MAX I (TFR, TFS)";100;200610;201206;136;2499
"Kupplungssatz";479;30553;1;0;"GREAT WALL";"STEED";93;201301;;126;2378
"Kupplungssatz";479;30569;1;1;"SEAT";"LEON ST (5F8)";90;201209;201506;122;1395
"Kupplungssatz";479;30670;2;0;"NISSAN";"NAVARA (D22)";110;199709;200409;150;2389
"Kupplungssatz";479;30688;9;2;"CHRYSLER";"SEBRING (JS)";115;200707;201012;156;1998
"Kupplungssatz";479;30691;11;4;"AUDI";"A4 B8 Avant (8K5)";120;200808;201512;163;1968
"Kupplungssatz";479;30692;3;1;"SSANGYONG";"ACTYON SPORTS I (QJ)";104;200704;;141;1998
"Kupplungssatz";479;30715;1;3;"TOYOTA";"COROLLA Stufenheck (_E15_)";93;200611;201407;126;1998
"Kupplungssatz";479;30716;5;1;"TOYOTA";"COROLLA Stufenheck (_E15_)";91;200701;201407;124;1598
"Kupplungssatz";479;30719;4;3;"SUBARU";"OUTBACK (BL, BP)";110;200809;200909;150;1998
"Kupplungssatz";479;30720;3;0;"SUBARU";"OUTBACK (BL, BP)";127;200809;200909;173;2457
"Kupplungssatz";479;30738;9;4;"AUDI";"A3 (8P1)";118;200807;201208;160;1798
"Kupplungssatz";479;30739;8;4;"AUDI";"A3 Sportback (8PA)";118;200807;201303;160;1798
"Kupplungssatz";479;30755;10;2;"FIAT";"PANDA (169_)";55;200606;201308;75;1248
"Kupplungssatz";479;30763;1;1;"OPEL";"ANTARA A (L07)";103;200809;201112;140;2405
"Kupplungssatz";479;30765;7;2;"OPEL";"ZAFIRA / ZAFIRA FAMILY B (A05)";110;201004;201504;150;1598
"Kupplungssatz";479;30795;17;3;"SUZUKI";"SX4 S-CROSS (JY)";88;201308;;120;1598
"Kupplungssatz";479;30812;1;2;"CITROËN";"EVASION Großraumlimousine (22, U6)";80;199909;200207;109;1997
"Kupplungssatz";479;30814;32;0;"SUBARU";"FORESTER (SH_)";110;200801;201309;150;1994
"Kupplungssatz";479;30815;101;3;"SUBARU";"FORESTER (SH_)";108;200809;201309;147;1998
"Kupplungssatz";479;30818;1;1;"SUBARU";"LEGACY IV (BL)";110;200709;200912;150;1994
"Kupplungssatz";479;30821;8;1;"PEUGEOT";"3008 Großraumlimousine (0U_)";88;200906;201608;120;1598
"Kupplungssatz";479;30822;8;2;"PEUGEOT";"3008 Großraumlimousine (0U_)";110;200906;201608;150;1598
"Kupplungssatz";479;30823;29;6;"PEUGEOT";"3008 Großraumlimousine (0U_)";80;200906;201608;109;1560
"Kupplungssatz";479;30824;18;6;"PEUGEOT";"3008 Großraumlimousine (0U_)";110;200906;201608;150;1997
"Kupplungssatz";479;30830;6;0;"NISSAN";"PATROL III/2 Station Wagon (W260)";68;199001;199101;92;2826
"Kupplungssatz";479;30831;1;0;"NISSAN";"PATROL III/2 Station Wagon (W260)";86;199203;199306;117;2826
"Kupplungssatz";479;30832;1;0;"NISSAN";"PATROL GR IV (Y60, GR)";82;199510;199802;111;2826
"Kupplungssatz";479;30834;27;2;"FORD";"FOCUS II (DA_, HCP, DP)";92;200603;201209;125;1798
"Kupplungssatz";479;30836;38;2;"FORD";"FOCUS II Turnier (DA_, FFS, DS)";92;200603;201209;125;1798
"Kupplungssatz";479;30837;3;2;"FORD";"FOCUS II (DA_, HCP, DP)";224;200901;201107;305;2521
"Kupplungssatz";479;30839;349;2;"FORD";"KA (RU8)";51;200810;201605;69;1242
"Kupplungssatz";479;30840;20;2;"FORD";"KA (RU8)";55;200810;201605;75;1248
"Kupplungssatz";479;30841;16;2;"FORD";"FIESTA VI (CB1, CCN)";50;200808;201209;68;1399
"Kupplungssatz";479;30842;81;2;"HYUNDAI";"i10 I (PA)";57;200811;201112;78;1248
"Kupplungssatz";479;30843;3;1;"MERCEDES-BENZ";"B-CLASS Sports Tourer (W245)";85;200804;201111;116;2034
"Kupplungssatz";479;30845;168;1;"TOYOTA";"YARIS (_P9_)";74;200811;201112;100;1329
"Kupplungssatz";479;30853;4;3;"DODGE";"JOURNEY";125;200901;;170;2360
"Kupplungssatz";479;30854;1;4;"SUZUKI";"SX4 Stufenheck (GY, RW)";79;200710;;107;1586
"Kupplungssatz";479;30855;3;4;"SUZUKI";"SX4 (EY, GY)";74;200606;;101;1586
"Kupplungssatz";479;30862;22;2;"SUZUKI";"GRAND VITARA II (JT, TE, TD)";124;200901;;169;2393
"Kupplungssatz";479;30864;2;1;"BMW";"3 (E90)";180;200809;201110;245;2993
"Kupplungssatz";479;30870;2;2;"MERCEDES-BENZ";"C-CLASS (W204)";150;200808;201401;204;2143
"Kupplungssatz";479;30874;12;1;"TOYOTA";"AVENSIS Stufenheck (_T27_)";97;200811;201810;132;1598
"Kupplungssatz";479;30875;31;1;"TOYOTA";"AVENSIS Stufenheck (_T27_)";108;200811;201810;147;1798
"Kupplungssatz";479;30876;1;0;"TOYOTA";"AVENSIS Stufenheck (_T27_)";112;200811;201810;152;1987
"Kupplungssatz";479;30877;5;1;"TOYOTA";"AVENSIS Stufenheck (_T27_)";93;200811;201810;126;1998
"Kupplungssatz";479;30880;10;1;"TOYOTA";"AVENSIS Kombi (_T27_)";97;200811;201810;132;1598
"Kupplungssatz";479;30881;110;1;"TOYOTA";"AVENSIS Kombi (_T27_)";108;200811;201810;147;1798
"Kupplungssatz";479;30883;4;1;"TOYOTA";"AVENSIS Kombi (_T27_)";93;200811;201810;126;1998
"Kupplungssatz";479;30884;12;1;"TOYOTA";"AVENSIS Kombi (_T27_)";110;200811;201810;150;2231
"Kupplungssatz";479;30885;2;1;"TOYOTA";"AVENSIS Kombi (_T27_)";130;200811;201810;177;2231
"Kupplungssatz";479;30887;2;6;"OPEL";"INSIGNIA A Sports Tourer (G09)";162;200807;201106;220;1998
"Kupplungssatz";479;30889;1;1;"MAZDA";"6 Stufenheck (GH)";120;200901;201212;163;2184
"Kupplungssatz";479;30892;3;1;"MAZDA";"6 Hatchback (GH)";120;200901;201212;163;2184
"Kupplungssatz";479;30894;2;1;"MAZDA";"6 Kombi (GH)";92;200901;201012;125;2184
"Kupplungssatz";479;30895;4;1;"MAZDA";"6 Kombi (GH)";120;200808;201307;163;2184
"Kupplungssatz";479;30897;26;3;"SUBARU";"IMPREZA Schrägheck (GR, GH, G3)";110;200901;201203;150;1998
"Kupplungssatz";479;30899;3;1;"FORD";"KUGA I";147;200802;201211;200;2522
"Kupplungssatz";479;30900;9;1;"HYUNDAI";"i30 (FD)";93;200802;201111;126;1591
"Kupplungssatz";479;30901;310;1;"HYUNDAI";"i20 I (PB, PBT)";57;200809;201212;78;1248
"Kupplungssatz";479;30902;22;2;"HYUNDAI";"i20 I (PB, PBT)";74;200809;201512;101;1396
"Kupplungssatz";479;30905;1;3;"BMW";"3 (E90)";90;200709;201110;122;1599
"Kupplungssatz";479;30930;2;3;"CHRYSLER";"SEBRING (JS)";103;200707;201012;140;1968
"Kupplungssatz";479;30931;2;3;"CHRYSLER";"SEBRING Cabriolet (JS)";103;200707;201012;140;1968
"Kupplungssatz";479;30934;2;5;"OPEL";"ASTRA H Stufenheck (A04)";66;200702;201010;90;1248
"Kupplungssatz";479;30935;1;6;"OPEL";"ASTRA H Stufenheck (A04)";74;200702;201010;101;1686
"Kupplungssatz";479;30937;3;1;"SEAT";"IBIZA III (6L1)";44;200706;200805;60;1198
"Kupplungssatz";479;30938;2;7;"MERCEDES-BENZ";"SPRINTER 3,5-t Pritsche/Fahrgestell (B906)";70;200903;201605;95;2143
"Kupplungssatz";479;30939;2;7;"MERCEDES-BENZ";"SPRINTER 3,5-t Bus (B906)";70;200903;201312;95;2143
"Kupplungssatz";479;30940;5;7;"MERCEDES-BENZ";"SPRINTER 3,5-t Kasten (B906)";70;200903;;95;2143
"Kupplungssatz";479;30942;23;3;"MERCEDES-BENZ";"SPRINTER 3-t Kasten (B906)";70;200903;;95;2143
"Kupplungssatz";479;30944;2;0;"TOYOTA";"HILUX IV Pick-up (_N5_, _N6_)";69;198308;198912;94;2237
"Kupplungssatz";479;30950;1;0;"FIAT";"STILO (192_)";77;200505;200611;105;1598
"Kupplungssatz";479;30962;3;3;"OPEL";"INSIGNIA A Stufenheck (G09)";132;200807;201703;180;1598
"Kupplungssatz";479;30963;15;3;"OPEL";"INSIGNIA A Sports Tourer (G09)";132;200901;201306;180;1598
"Kupplungssatz";479;30968;186;1;"SUZUKI";"ALTO VII (GF)";50;200901;;68;996
"Kupplungssatz";479;30969;27;7;"VW";"GOLF VI (5K1)";125;200904;201211;170;1968
"Kupplungssatz";479;30970;3;1;"VW";"GOLF VI (5K1)";75;200903;201211;102;1595
"Kupplungssatz";479;30971;62;6;"VW";"GOLF VI (5K1)";155;200904;201211;210;1984
"Kupplungssatz";479;30972;176;2;"VW";"POLO V (6R1, 6C1)";44;200906;;60;1198
"Kupplungssatz";479;30973;171;2;"VW";"POLO V (6R1, 6C1)";51;200906;;70;1198
"Kupplungssatz";479;30974;73;5;"VW";"POLO V (6R1, 6C1)";63;200903;201405;85;1390
"Kupplungssatz";479;30975;36;5;"VW";"POLO V (6R1, 6C1)";55;200906;;75;1598
"Kupplungssatz";479;30976;3;3;"VW";"PASSAT B6 (3C2)";110;200901;201007;150;1390
"Kupplungssatz";479;30978;3;3;"VW";"TOURAN (1T1, 1T2)";110;200905;201005;150;1390
"Kupplungssatz";479;30980;2;3;"AUDI";"A5 Cabriolet (8F7)";155;200903;201406;211;1984
"Kupplungssatz";479;30981;3;3;"AUDI";"A5 Cabriolet (8F7)";155;200903;201701;211;1984
"Kupplungssatz";479;30984;2;2;"AUDI";"A5 Cabriolet (8F7)";140;200903;201203;190;2698
"Kupplungssatz";479;30986;11;3;"AUDI";"A5 (8T3)";125;200808;201203;170;1968
"Kupplungssatz";479;30987;4;3;"AUDI";"A5 Cabriolet (8F7)";125;200905;201203;170;1968
"Kupplungssatz";479;30990;1;3;"AUDI";"A4 Allroad B8 (8KH)";155;200904;201605;211;1984
"Kupplungssatz";479;30991;16;3;"AUDI";"A4 Allroad B8 (8KH)";125;200904;201605;170;1968
"Kupplungssatz";479;30992;1;2;"AUDI";"A4 Allroad B8 (8KH)";176;200904;201201;240;2967
"Kupplungssatz";479;30994;3;3;"AUDI";"A4 B8 (8K2)";105;200811;201512;143;1968
"Kupplungssatz";479;30996;6;3;"AUDI";"A4 B8 Avant (8K5)";105;200804;201512;143;1968
"Kupplungssatz";479;30998;2;1;"SEAT";"EXEO (3R2)";110;200812;201005;150;1781
"Kupplungssatz";479;31000;2;3;"SEAT";"EXEO (3R2)";105;200812;201305;143;1968
"Kupplungssatz";479;31001;1;1;"SEAT";"EXEO (3R2)";125;200902;201305;170;1968
"Kupplungssatz";479;31008;5;2;"BMW";"X3 (E83)";110;200809;201108;150;1995
"Kupplungssatz";479;31010;1;2;"BMW";"X3 (E83)";200;200809;201008;272;2996
"Kupplungssatz";479;31011;12;4;"BMW";"X3 (E83)";130;200809;201008;177;1995
"Kupplungssatz";479;31012;9;4;"BMW";"X3 (E83)";105;200809;201112;143;1995
"Kupplungssatz";479;31013;5;1;"BMW";"X3 (E83)";160;200809;201008;218;2993
"Kupplungssatz";479;31015;20;2;"KIA";"SOUL I (AM)";93;200902;201112;126;1591
"Kupplungssatz";479;31016;5;1;"BMW";"Z4 Roadster (E89)";150;200903;201108;204;2497
"Kupplungssatz";479;31017;10;1;"KIA";"SOUL I (AM)";94;200902;201412;126;1582
"Kupplungssatz";479;31018;1;1;"BMW";"Z4 Roadster (E89)";190;200902;201108;258;2996
"Kupplungssatz";479;31022;1;1;"BMW";"5 (E60)";145;200709;200912;197;2993
"Kupplungssatz";479;31023;2;1;"BMW";"5 (E60)";173;200709;200912;235;2993
"Kupplungssatz";479;31026;1;1;"BMW";"5 Touring (E61)";145;200809;201005;197;2993
"Kupplungssatz";479;31032;2;1;"BMW";"3 Touring (E91)";160;200809;201206;218;2996
"Kupplungssatz";479;31034;1;1;"BMW";"3 Touring (E91)";225;200809;201206;306;2979
"Kupplungssatz";479;31035;6;4;"BMW";"3 Touring (E91)";130;200809;201002;177;1995
"Kupplungssatz";479;31041;1;1;"MERCEDES-BENZ";"B-CLASS Sports Tourer (W245)";85;200804;201111;116;2034
"Kupplungssatz";479;31043;3;0;"VW";"POLO (9N_, 9A_)";61;200208;200911;83;1390
"Kupplungssatz";479;31048;6;2;"MERCEDES-BENZ";"E-CLASS (W212)";125;200901;201612;170;2143
"Kupplungssatz";479;31049;1;2;"MERCEDES-BENZ";"E-CLASS (W212)";150;200901;201612;204;2143
"Kupplungssatz";479;31056;1;2;"MERCEDES-BENZ";"E-CLASS Coupe (C207)";150;200901;201612;204;2143
"Kupplungssatz";479;31058;18;4;"NISSAN";"QASHQAI / QASHQAI +2 I (J10, NJ10, JJ10E)";76;200808;201001;103;1461
"Kupplungssatz";479;31059;39;1;"MERCEDES-BENZ";"A-CLASS (W169)";70;200904;201206;95;1498
"Kupplungssatz";479;31060;14;1;"MERCEDES-BENZ";"A-CLASS (W169)";85;200904;201206;116;1699
"Kupplungssatz";479;31061;9;1;"MERCEDES-BENZ";"B-CLASS Sports Tourer (W245)";70;200904;201111;95;1498
"Kupplungssatz";479;31062;14;1;"MERCEDES-BENZ";"B-CLASS Sports Tourer (W245)";85;200904;201111;116;1699
"Kupplungssatz";479;31069;3;1;"JAGUAR";"X-TYPE I Kombi (X400)";107;200701;200912;146;2198
"Kupplungssatz";479;31073;2;1;"AUDI";"A3 Cabriolet (8P7)";75;200809;201005;102;1595
"Kupplungssatz";479;31074;136;1;"MAZDA";"3 (BL)";77;200812;201409;105;1598
"Kupplungssatz";479;31075;8;1;"MAZDA";"3 (BL)";111;200812;201305;151;1999
"Kupplungssatz";479;31076;7;1;"MAZDA";"3 (BL)";110;200901;201409;150;1999
"Kupplungssatz";479;31077;2;6;"MAZDA";"3 (BL)";80;200812;201305;109;1560
"Kupplungssatz";479;31079;2;1;"MAZDA";"3 (BL)";136;200901;201305;185;2184
"Kupplungssatz";479;31080;18;1;"MAZDA";"3 Stufenheck (BL)";77;200812;201409;105;1598
"Kupplungssatz";479;31083;12;2;"DACIA";"SANDERO";50;200811;;68;1461
"Kupplungssatz";479;31084;1;2;"DACIA";"SANDERO";63;200811;;86;1461
"Kupplungssatz";479;31086;145;1;"DACIA";"SANDERO";55;200811;;75;1149
"Kupplungssatz";479;31091;2;4;"FIAT";"BRAVO II (198_)";121;200809;201412;165;1956
"Kupplungssatz";479;31095;4;3;"FORD";"FOCUS III Stufenheck";92;201202;;125;998
"Kupplungssatz";479;31096;33;1;"VW";"EOS (1F7, 1F8)";90;200711;201508;122;1390
"Kupplungssatz";479;31100;3;2;"VW";"EOS (1F7, 1F8)";118;200805;201508;160;1390
"Kupplungssatz";479;31106;29;8;"VW";"PASSAT B6 (3C2)";81;200811;201007;110;1968
"Kupplungssatz";479;31107;28;8;"VW";"PASSAT B6 Variant (3C5)";81;200811;201011;110;1968
"Kupplungssatz";479;31108;6;6;"VW";"PASSAT B6 Variant (3C5)";105;200901;201011;143;1968
"Kupplungssatz";479;31109;2;6;"VW";"PASSAT B6 (3C2)";105;200901;201011;143;1968
"Kupplungssatz";479;31110;3;1;"VW";"SHARAN (7M8, 7M9, 7M6)";85;200604;201003;115;1984
"Kupplungssatz";479;31111;17;2;"MINI";"MINI (R56)";55;200903;201003;75;1397
"Kupplungssatz";479;31112;5;3;"SEAT";"IBIZA IV (6J5, 6P1)";77;200805;201203;105;1598
"Kupplungssatz";479;31113;1;3;"SEAT";"IBIZA IV SC (6J1, 6P5)";77;200807;201505;105;1598
"Kupplungssatz";479;31114;2;1;"SEAT";"LEON (1M1)";75;200510;200606;102;1595
"Kupplungssatz";479;31115;79;1;"TOYOTA";"AURIS (_E15_)";74;200905;201209;101;1329
"Kupplungssatz";479;31116;48;1;"TOYOTA";"AURIS (_E15_)";97;200905;201209;132;1598
"Kupplungssatz";479;31120;4;3;"OPEL";"INSIGNIA A (G09)";132;200807;201703;180;1598
"Kupplungssatz";479;31121;3;6;"OPEL";"INSIGNIA A (G09)";162;200807;201703;220;1998
"Kupplungssatz";479;31125;11;1;"DACIA";"LOGAN EXPRESS (FS_)";55;200903;;75;1390
"Kupplungssatz";479;31126;1;4;"DACIA";"LOGAN EXPRESS (FS_)";64;200903;;87;1598
"Kupplungssatz";479;31127;1;2;"DACIA";"LOGAN EXPRESS (FS_)";50;200903;;68;1461
"Kupplungssatz";479;31128;1;2;"DACIA";"LOGAN EXPRESS (FS_)";63;200903;;86;1461
"Kupplungssatz";479;31129;1;4;"DACIA";"LOGAN Pick-up (US_)";64;200803;;87;1598
"Kupplungssatz";479;31130;2;2;"DACIA";"LOGAN Pick-up (US_)";50;200803;;68;1461
"Kupplungssatz";479;31131;1;2;"DACIA";"LOGAN Pick-up (US_)";63;200803;;86;1461
"Kupplungssatz";479;31132;18;5;"HYUNDAI";"H-1 Travel (TQ)";125;200805;;170;2497
"Kupplungssatz";479;31135;4;2;"TOYOTA";"RAV 4 III (_A3_)";116;200812;201306;158;1987
"Kupplungssatz";479;31136;15;2;"TOYOTA";"RAV 4 III (_A3_)";116;200812;201306;158;1987
"Kupplungssatz";479;31139;9;3;"TOYOTA";"RAV 4 III (_A3_)";110;200812;201306;150;2231
"Kupplungssatz";479;31140;18;2;"MINI";"MINI Cabriolet (R57)";88;200812;201007;120;1598
"Kupplungssatz";479;31141;6;1;"MINI";"MINI Cabriolet (R57)";128;200804;201007;174;1598
"Kupplungssatz";479;31142;119;0;"TOYOTA";"IQ (_J1_)";50;200901;201512;68;998
"Kupplungssatz";479;31143;3;1;"TOYOTA";"IQ (_J1_)";72;200901;201512;98;1329
"Kupplungssatz";479;31144;3;0;"TOYOTA";"IQ (_J1_)";66;200901;201512;90;1364
"Kupplungssatz";479;31147;3;1;"TOYOTA";"AURIS (_E15_)";108;200902;201209;147;1798
"Kupplungssatz";479;31148;7;1;"TOYOTA";"COROLLA Stufenheck (_E15_)";74;200812;201407;101;1329
"Kupplungssatz";479;31149;12;1;"TOYOTA";"COROLLA Stufenheck (_E15_)";97;200611;201311;132;1598
"Kupplungssatz";479;31150;8;1;"TOYOTA";"COROLLA Stufenheck (_E15_)";66;200610;201407;90;1364
"Kupplungssatz";479;31152;6;2;"MERCEDES-BENZ";"C-CLASS (W204)";125;200812;201401;170;2143
"Kupplungssatz";479;31153;31;2;"MERCEDES-BENZ";"C-CLASS T-Model (S204)";125;200812;201408;170;2143
"Kupplungssatz";479;31156;12;7;"MERCEDES-BENZ";"SPRINTER 3,5-t Kasten (B906)";95;200606;;129;2148
"Kupplungssatz";479;31157;8;7;"MERCEDES-BENZ";"SPRINTER 3,5-t Pritsche/Fahrgestell (B906)";95;200606;201605;129;2148
"Kupplungssatz";479;31162;32;4;"RENAULT";"MEGANE III Schrägheck (BZ0/1_, B3_)";81;200811;;110;1598
"Kupplungssatz";479;31163;9;1;"RENAULT";"MEGANE III Schrägheck (BZ0/1_, B3_)";96;200811;;131;1870
"Kupplungssatz";479;31164;3;1;"RENAULT";"MEGANE III Coupe (DZ0/1_)";96;200811;201508;131;1870
"Kupplungssatz";479;31165;10;4;"RENAULT";"MEGANE III Coupe (DZ0/1_)";81;200811;201508;110;1598
"Kupplungssatz";479;31167;1;2;"PEUGEOT";"207 SW (WK_)";128;200702;201212;174;1598
"Kupplungssatz";479;31174;2;4;"NISSAN";"NOTE (E11, NE11)";76;200807;201206;103;1461
"Kupplungssatz";479;31175;2;0;"CITROËN";"C-CROSSER (VU_, VV_)";125;200808;201212;170;2360
"Kupplungssatz";479;31187;1;0;"SAAB";"9-3 Kombi (E50)";110;200503;201502;150;1998
"Kupplungssatz";479;31189;1;3;"KIA";"SPORTAGE II (JE_, KM)";110;200709;;150;1991
"Kupplungssatz";479;31191;3;3;"KIA";"SPORTAGE II (JE_, KM)";110;200809;201005;150;1991
"Kupplungssatz";479;31196;1;3;"RENAULT";"MEGANE II Stufenheck (LM0/1_)";66;200309;200512;90;1870
"Kupplungssatz";479;31198;1;4;"RENAULT";"LAGUNA III (BT0/1)";81;200710;201512;110;1598
"Kupplungssatz";479;31211;115;1;"NISSAN";"PIXO (UA0)";50;200903;;68;996
"Kupplungssatz";479;31271;1;3;"HYUNDAI";"TUCSON (JM)";110;200901;201003;150;1991
"Kupplungssatz";479;31278;1;1;"JEEP";"CHEROKEE (KK)";130;200805;;177;2777
"Kupplungssatz";479;31316;9;8;"AUDI";"A3 (8P1)";66;200905;201208;90;1598
"Kupplungssatz";479;31317;45;10;"AUDI";"A3 (8P1)";77;200905;201208;105;1598
"Kupplungssatz";479;31318;26;8;"AUDI";"A3 Sportback (8PA)";66;200905;201303;90;1598
"Kupplungssatz";479;31319;60;10;"AUDI";"A3 Sportback (8PA)";77;200905;201303;105;1598
"Kupplungssatz";479;31320;6;8;"AUDI";"A3 Cabriolet (8P7)";77;200905;201305;105;1598
"Kupplungssatz";479;31321;2;1;"AUDI";"A5 (8T3)";118;200905;201109;160;1798
"Kupplungssatz";479;31338;17;7;"VW";"GOLF PLUS V (5M1, 521)";81;200901;201312;110;1968
"Kupplungssatz";479;31340;250;12;"VW";"GOLF VI (5K1)";77;200902;201211;105;1598
"Kupplungssatz";479;31341;9;2;"VW";"SCIROCCO III (137, 138)";125;200905;201711;170;1968
"Kupplungssatz";479;31346;1;2;"ALFA ROMEO";"SPIDER (939_)";147;200905;201103;200;1742
"Kupplungssatz";479;31350;17;3;"SEAT";"EXEO ST (3R5)";105;200905;201305;143;1968
"Kupplungssatz";479;31351;8;1;"SEAT";"EXEO ST (3R5)";125;200905;201305;170;1968
"Kupplungssatz";479;31352;7;3;"SEAT";"EXEO ST (3R5)";88;200907;201305;120;1968
"Kupplungssatz";479;31354;1;2;"ALFA ROMEO";"BRERA (939_)";147;200905;201006;200;1742
"Kupplungssatz";479;31355;1;1;"ALFA ROMEO";"BRERA (939_)";125;200905;201006;170;1956
"Kupplungssatz";479;31357;3;4;"ALFA ROMEO";"159 (939_)";125;200905;201111;170;1956
"Kupplungssatz";479;31358;3;2;"ALFA ROMEO";"159 Sportwagon (939_)";147;200907;201111;200;1742
"Kupplungssatz";479;31359;1;4;"ALFA ROMEO";"159 Sportwagon (939_)";125;200907;201111;170;1956
"Kupplungssatz";479;31365;2;2;"PORSCHE";"911 (997)";320;200905;201112;435;3797
"Kupplungssatz";479;31372;2;1;"SEAT";"LEON ST (5F8)";66;201311;201808;90;1598
"Kupplungssatz";479;31377;8;2;"SEAT";"LEON ST (5F8)";77;201310;202008;105;1598
"Kupplungssatz";479;31383;11;2;"SUZUKI";"GRAND VITARA II (JT, TE, TD)";122;200901;;166;2393
"Kupplungssatz";479;31387;1;0;"NISSAN";"370Z Coupe (Z34)";241;200906;;328;3696
"Kupplungssatz";479;31423;1;0;"PROTON";"SAVVY";55;200510;201212;75;1149
"Kupplungssatz";479;31469;5;2;"CHEVROLET";"CRUZE (J300)";83;200905;;113;1598
"Kupplungssatz";479;31470;15;2;"CHEVROLET";"CRUZE (J300)";104;200905;;141;1796
"Kupplungssatz";479;31471;13;1;"CHEVROLET";"CRUZE (J300)";110;200905;;150;1991
"Kupplungssatz";479;31518;7;2;"CITROËN";"NEMO Großraumlimousine";50;200904;;68;1399
"Kupplungssatz";479;31519;12;2;"CITROËN";"NEMO Großraumlimousine";54;200904;;73;1360
"Kupplungssatz";479;31520;3;2;"FORD";"FIESTA VI (CB1, CCN)";55;200806;201212;75;1560
"Kupplungssatz";479;31521;3;3;"PEUGEOT";"308 SW I (4E_, 4H_)";103;200709;201410;140;1997
"Kupplungssatz";479;31522;8;1;"PEUGEOT";"308 CC (4B_)";88;200906;201412;120;1598
"Kupplungssatz";479;31523;1;7;"PEUGEOT";"308 CC (4B_)";82;200906;201412;112;1560
"Kupplungssatz";479;31524;5;6;"PEUGEOT";"3008 Großraumlimousine (0U_)";115;200906;201608;156;1598
"Kupplungssatz";479;31525;17;2;"PEUGEOT";"BIPPER TEPEE";54;200804;;73;1360
"Kupplungssatz";479;31526;13;2;"PEUGEOT";"BIPPER TEPEE";50;200804;;68;1398
"Kupplungssatz";479;31527;5;2;"RENAULT";"CLIO III (BR0/1, CR0/1)";148;200809;201412;200;1998
"Kupplungssatz";479;31531;5;3;"RENAULT";"MEGANE III Grandtour (KZ0/1)";74;200905;;101;1598
"Kupplungssatz";479;31532;23;4;"RENAULT";"MEGANE III Grandtour (KZ0/1)";81;200905;;110;1598
"Kupplungssatz";479;31534;33;1;"RENAULT";"MEGANE III Grandtour (KZ0/1)";96;200905;;130;1397
"Kupplungssatz";479;31535;28;4;"RENAULT";"MEGANE III Grandtour (KZ0/1)";66;200905;;90;1461
"Kupplungssatz";479;31536;265;5;"RENAULT";"MEGANE III Grandtour (KZ0/1)";81;200902;;110;1461
"Kupplungssatz";479;31537;9;1;"RENAULT";"MEGANE III Grandtour (KZ0/1)";96;200905;;131;1870
"Kupplungssatz";479;31541;2;3;"RENAULT";"MEGANE III Grandtour (KZ0/1)";118;200904;;160;1995
"Kupplungssatz";479;31542;3;1;"RENAULT";"MEGANE III Grandtour (KZ0/1)";132;200811;;180;1998
"Kupplungssatz";479;31543;37;4;"RENAULT";"SCÉNIC III (JZ0/1_)";81;200902;;110;1598
"Kupplungssatz";479;31544;35;1;"RENAULT";"SCÉNIC III (JZ0/1_)";96;200902;;131;1397
"Kupplungssatz";479;31546;22;4;"RENAULT";"SCÉNIC III (JZ0/1_)";78;200902;;106;1461
"Kupplungssatz";479;31548;7;1;"RENAULT";"SCÉNIC III (JZ0/1_)";96;200902;;131;1870
"Kupplungssatz";479;31549;1;3;"RENAULT";"SCÉNIC III (JZ0/1_)";118;200904;;160;1995
"Kupplungssatz";479;31550;21;1;"RENAULT";"GRAND SCÉNIC III (JZ0/1_)";96;200902;;131;1397
"Kupplungssatz";479;31551;7;4;"RENAULT";"GRAND SCÉNIC III (JZ0/1_)";81;200902;;109;1598
"Kupplungssatz";479;31553;8;4;"RENAULT";"GRAND SCÉNIC III (JZ0/1_)";78;200902;;106;1461
"Kupplungssatz";479;31554;4;1;"RENAULT";"GRAND SCÉNIC III (JZ0/1_)";96;200902;;131;1870
"Kupplungssatz";479;31556;2;3;"RENAULT";"GRAND SCÉNIC III (JZ0/1_)";118;200904;;160;1995
"Kupplungssatz";479;31564;33;2;"TOYOTA";"VERSO (_R2_)";97;200904;201808;132;1598
"Kupplungssatz";479;31565;105;1;"TOYOTA";"VERSO (_R2_)";108;200904;201808;147;1798
"Kupplungssatz";479;31566;4;1;"TOYOTA";"VERSO (_R2_)";93;200904;201808;126;1998
"Kupplungssatz";479;31568;7;1;"TOYOTA";"VERSO (_R2_)";130;200904;201808;177;2231
"Kupplungssatz";479;31569;1;3;"AUDI";"A5 Sportback (8TA)";132;200909;201406;180;1984
"Kupplungssatz";479;31570;7;3;"AUDI";"A5 Sportback (8TA)";155;200909;201701;211;1984
"Kupplungssatz";479;31572;13;3;"AUDI";"A5 Sportback (8TA)";125;200909;201203;170;1968
"Kupplungssatz";479;31573;4;2;"AUDI";"A5 Sportback (8TA)";140;200909;201203;190;2698
"Kupplungssatz";479;31574;3;2;"AUDI";"A5 Sportback (8TA)";176;200909;201203;240;2967
"Kupplungssatz";479;31575;10;2;"MERCEDES-BENZ";"E-CLASS T-Model (S212)";100;200911;201612;136;2143
"Kupplungssatz";479;31576;7;2;"MERCEDES-BENZ";"E-CLASS T-Model (S212)";125;200911;201612;170;2143
"Kupplungssatz";479;31585;4;3;"AUDI";"A4 Allroad B8 (8KH)";105;200909;201605;143;1968
"Kupplungssatz";479;31586;7;4;"SEAT";"LEON (1P1)";155;200906;201212;211;1984
"Kupplungssatz";479;31587;6;2;"SEAT";"LEON (1P1)";195;200909;201212;265;1984
"Kupplungssatz";479;31588;3;3;"SEAT";"EXEO (3R2)";88;200812;201305;120;1968
"Kupplungssatz";479;31589;1;5;"RENAULT";"TRAFIC II Kasten (FL)";75;200103;;102;1870
"Kupplungssatz";479;31590;22;12;"SKODA";"OCTAVIA II (1Z3)";77;200906;201304;105;1598
"Kupplungssatz";479;31591;98;12;"SKODA";"OCTAVIA II Combi (1Z5)";77;200906;201304;105;1598
"Kupplungssatz";479;31592;18;3;"SKODA";"OCTAVIA II (1Z3)";90;200811;201306;122;1390
"Kupplungssatz";479;31593;66;3;"SKODA";"OCTAVIA II Combi (1Z5)";90;200811;201306;122;1390
"Kupplungssatz";479;31594;8;2;"SKODA";"OCTAVIA II Combi (1Z5)";118;200811;201302;160;1798
"Kupplungssatz";479;31595;6;8;"VW";"PASSAT B6 (3C2)";77;200908;201007;105;1598
"Kupplungssatz";479;31596;21;8;"VW";"PASSAT B6 Variant (3C5)";77;200908;201011;105;1598
"Kupplungssatz";479;31599;1;2;"SEAT";"IBIZA IV (6J5, 6P1)";110;200906;201505;150;1390
"Kupplungssatz";479;31600;21;6;"SEAT";"IBIZA IV (6J5, 6P1)";66;200905;201505;90;1598
"Kupplungssatz";479;31601;4;2;"SEAT";"IBIZA IV SC (6J1, 6P5)";44;200907;201505;60;1198
"Kupplungssatz";479;31602;2;2;"SEAT";"IBIZA IV SC (6J1, 6P5)";110;200901;201505;150;1390
"Kupplungssatz";479;31603;2;2;"SEAT";"IBIZA IV SC (6J1, 6P5)";132;200906;201505;180;1390
"Kupplungssatz";479;31604;2;6;"SEAT";"IBIZA IV SC (6J1, 6P5)";66;200905;201505;90;1598
"Kupplungssatz";479;31605;81;12;"VW";"GOLF PLUS V (5M1, 521)";77;200903;201312;105;1598
"Kupplungssatz";479;31606;69;7;"VW";"POLO V (6R1, 6C1)";66;200906;;90;1598
"Kupplungssatz";479;31607;26;5;"VW";"POLO V (6R1, 6C1)";77;200906;;105;1598
"Kupplungssatz";479;31616;1;2;"FIAT";"CROMA (194_)";85;200506;;115;1910
"Kupplungssatz";479;31645;5;1;"ALFA ROMEO";"MITO (955_)";88;200808;201308;120;1368
"Kupplungssatz";479;31646;2;2;"ALFA ROMEO";"MITO (955_)";66;200808;201008;90;1248
"Kupplungssatz";479;31648;3;0;"TOYOTA";"DYNA 150 Pritsche/Fahrgestell (LY_)";61;198808;199505;83;2779
"Kupplungssatz";479;31671;18;3;"BMW";"1 (E81)";90;200811;201112;122;1995
"Kupplungssatz";479;31672;18;2;"BMW";"1 (E81)";85;200811;201112;116;1995
"Kupplungssatz";479;31692;2;4;"RENAULT";"MEGANE III Coupe (DZ0/1_)";81;200811;;110;1598
"Kupplungssatz";479;31722;12;3;"RENAULT";"FLUENCE (L3_)";81;201002;;110;1598
"Kupplungssatz";479;31723;2;1;"RENAULT";"FLUENCE (L3_)";103;201002;;140;1997
"Kupplungssatz";479;31724;8;3;"RENAULT";"FLUENCE (L3_)";66;201002;;90;1461
"Kupplungssatz";479;31725;10;5;"RENAULT";"FLUENCE (L3_)";81;201002;;110;1461
"Kupplungssatz";479;31733;5;1;"PEUGEOT";"5008 (0U_, 0E_)";88;200909;201703;120;1598
"Kupplungssatz";479;31734;10;6;"PEUGEOT";"5008 (0U_, 0E_)";115;200909;201703;156;1598
"Kupplungssatz";479;31737;6;6;"PEUGEOT";"5008 (0U_, 0E_)";80;200909;201703;110;1560
"Kupplungssatz";479;31739;21;7;"PEUGEOT";"5008 (0U_, 0E_)";110;200906;201703;150;1997
"Kupplungssatz";479;31742;1;2;"CITROËN";"C3 PICASSO (SH_)";66;200902;;90;1560
"Kupplungssatz";479;31743;8;5;"CITROËN";"C4 PICASSO I Großraumlimousine (UD_)";110;200907;201308;150;1997
"Kupplungssatz";479;31757;1;2;"KIA";"PICANTO II (TA)";65;201301;201703;88;1248
"Kupplungssatz";479;31955;8;3;"AUDI";"Q5 (8RB)";132;200908;201705;180;1984
"Kupplungssatz";479;31956;29;3;"AUDI";"Q5 (8RB)";105;200908;201305;143;1968
"Kupplungssatz";479;31957;2;3;"AUDI";"Q5 (8RB)";100;200908;201705;136;1968
"Kupplungssatz";479;31959;5;4;"AUDI";"Q5 (8RB)";120;200811;201705;163;1968
"Kupplungssatz";479;31965;10;9;"SKODA";"SUPERB II (3T4)";103;200901;201505;140;1968
"Kupplungssatz";479;31968;5;5;"OPEL";"CORSA D (S07)";59;200608;201408;80;1229
"Kupplungssatz";479;31969;82;3;"OPEL";"CORSA D (S07)";64;200909;201408;87;1398
"Kupplungssatz";479;31972;1;6;"VW";"PASSAT CC B6 (357)";105;200905;201011;143;1968
"Kupplungssatz";479;31974;1;9;"VW";"PASSAT CC B6 (357)";103;200908;201201;140;1968
"Kupplungssatz";479;31992;34;8;"VW";"GOLF VI (5K1)";103;200905;201211;140;1968
"Kupplungssatz";479;31995;5;1;"CITROËN";"C2 (JM_)";55;200610;200912;75;1360
"Kupplungssatz";479;31996;2;2;"RENAULT";"TRAFIC II Kasten (FL)";84;200708;;114;2463
"Kupplungssatz";479;31997;5;6;"CITROËN";"C5 III (RD_)";103;200811;;140;1997
"Kupplungssatz";479;31998;11;6;"CITROËN";"C5 III Break (RW_)";103;200904;;140;1997
"Kupplungssatz";479;32001;2;1;"HYUNDAI";"COUPE II (GK)";121;200101;200908;165;2656
"Kupplungssatz";479;32009;7;3;"MINI";"MINI (R56)";155;200711;201311;211;1598
"Kupplungssatz";479;32010;2;3;"MINI";"MINI Cabriolet (R57)";155;200808;201505;211;1598
"Kupplungssatz";479;32012;2;3;"MINI";"MINI CLUBMAN (R55)";155;200711;201406;211;1598
"Kupplungssatz";479;32024;13;1;"TOYOTA";"URBAN CRUISER (_P1_)";74;200904;201603;101;1329
"Kupplungssatz";479;32025;4;1;"TOYOTA";"URBAN CRUISER (_P1_)";66;200901;201404;90;1364
"Kupplungssatz";479;32026;25;0;"TOYOTA";"URBAN CRUISER (_P1_)";66;200901;201404;90;1364
"Kupplungssatz";479;32027;29;1;"CITROËN";"C3 II (SC_)";44;200909;201301;60;1124
"Kupplungssatz";479;32028;68;1;"CITROËN";"C3 II (SC_)";54;200911;201609;73;1360
"Kupplungssatz";479;32029;35;1;"CITROËN";"C3 II (SC_)";70;200911;;95;1397
"Kupplungssatz";479;32030;6;1;"CITROËN";"C3 II (SC_)";88;200911;;120;1598
"Kupplungssatz";479;32031;10;4;"CITROËN";"C3 II (SC_)";68;200911;201609;92;1560
"Kupplungssatz";479;32032;2;3;"CITROËN";"C3 II (SC_)";82;200911;;112;1560
"Kupplungssatz";479;32033;3;1;"CITROËN";"DS3 (SA_)";70;201004;201507;95;1397
"Kupplungssatz";479;32034;20;1;"CITROËN";"DS3 (SA_)";88;201004;201507;120;1598
"Kupplungssatz";479;32035;6;6;"CITROËN";"DS3 (SA_)";115;201004;201507;156;1598
"Kupplungssatz";479;32036;9;5;"CITROËN";"DS3 (SA_)";68;200911;201507;92;1560
"Kupplungssatz";479;32037;1;3;"CITROËN";"DS3 (SA_)";82;200911;201507;112;1560
"Kupplungssatz";479;32038;5;4;"PEUGEOT";"RCZ";115;201003;201512;156;1598
"Kupplungssatz";479;32039;3;4;"PEUGEOT";"RCZ";147;201006;201512;200;1598
"Kupplungssatz";479;32040;2;3;"PEUGEOT";"RCZ";120;201003;201512;163;1997
"Kupplungssatz";479;32041;48;1;"KIA";"VENGA (YN)";66;201002;;90;1396
"Kupplungssatz";479;32042;37;1;"KIA";"VENGA (YN)";92;201002;;125;1591
"Kupplungssatz";479;32043;24;1;"KIA";"VENGA (YN)";66;201002;;90;1396
"Kupplungssatz";479;32044;13;1;"KIA";"VENGA (YN)";94;201002;;128;1582
"Kupplungssatz";479;32045;1;2;"KIA";"SORENTO II (XM)";128;200911;201512;174;2359
"Kupplungssatz";479;32048;14;3;"KIA";"SORENTO II (XM)";145;200911;201512;197;2199
"Kupplungssatz";479;32060;1;0;"AUDI";"R8 (422, 423)";386;200904;201507;525;5204
"Kupplungssatz";479;32063;2;11;"VW";"GOLF VI (5K1)";100;200810;201211;136;1968
"Kupplungssatz";479;32068;1;1;"PORSCHE";"BOXSTER (987)";188;200906;201203;255;2893
"Kupplungssatz";479;32069;2;4;"OPEL";"INSIGNIA A (G09)";239;200907;201703;325;2792
"Kupplungssatz";479;32070;2;4;"OPEL";"INSIGNIA A Stufenheck (G09)";239;200907;201703;325;2792
"Kupplungssatz";479;32071;10;4;"OPEL";"INSIGNIA A Sports Tourer (G09)";239;200907;201703;325;2792
"Kupplungssatz";479;32072;23;4;"SUZUKI";"SX4 (EY, GY)";88;200907;;120;1586
"Kupplungssatz";479;32073;75;4;"SUZUKI";"SX4 (EY, GY)";88;200907;;120;1586
"Kupplungssatz";479;32074;1;2;"SUZUKI";"SX4 (EY, GY)";99;200907;;135;1956
"Kupplungssatz";479;32076;12;2;"SUZUKI";"SX4 (EY, GY)";99;200907;;135;1956
"Kupplungssatz";479;32080;2;1;"LAND ROVER";"DEFENDER Station Wagon (L316)";51;199009;199407;69;2495
"Kupplungssatz";479;32085;18;2;"OPEL";"ASTRA J (P10)";64;200912;201510;87;1398
"Kupplungssatz";479;32086;47;2;"OPEL";"ASTRA J (P10)";74;200912;201510;100;1398
"Kupplungssatz";479;32087;63;2;"OPEL";"ASTRA J (P10)";85;200912;201510;115;1598
"Kupplungssatz";479;32088;76;5;"OPEL";"ASTRA J (P10)";103;200912;201510;140;1364
"Kupplungssatz";479;32089;16;3;"OPEL";"ASTRA J (P10)";132;200912;201510;180;1598
"Kupplungssatz";479;32090;16;5;"OPEL";"ASTRA J (P10)";70;200912;201510;95;1248
"Kupplungssatz";479;32091;73;3;"OPEL";"ASTRA J (P10)";81;200909;201510;110;1686
"Kupplungssatz";479;32092;38;3;"OPEL";"ASTRA J (P10)";92;200912;201510;125;1686
"Kupplungssatz";479;32093;8;4;"OPEL";"ASTRA J (P10)";118;200909;201510;160;1956
"Kupplungssatz";479;32110;12;1;"MAZDA";"CX-7 (ER)";191;200906;201303;260;2261
"Kupplungssatz";479;32111;11;1;"MAZDA";"CX-7 (ER)";127;200907;201303;173;2184
"Kupplungssatz";479;32113;67;2;"BMW";"X1 (E84)";105;200912;201506;143;1995
"Kupplungssatz";479;32114;45;3;"BMW";"X1 (E84)";105;200910;201506;143;1995
"Kupplungssatz";479;32115;10;4;"BMW";"X1 (E84)";130;200909;201206;177;1995
"Kupplungssatz";479;32116;16;3;"BMW";"X1 (E84)";130;200910;201506;177;1995
"Kupplungssatz";479;32118;6;2;"VOLVO";"XC60 I SUV (156)";151;200907;201106;205;2400
"Kupplungssatz";479;32119;21;2;"VOLVO";"XC60 I SUV (156)";129;200904;201012;175;2400
"Kupplungssatz";479;32121;7;3;"SUBARU";"OUTBACK (BR)";110;200909;;150;1998
"Kupplungssatz";479;32122;1;0;"SUBARU";"OUTBACK (BR)";123;200909;;167;2457
"Kupplungssatz";479;32126;4;3;"SUBARU";"LEGACY V (BM)";110;200909;201412;150;1998
"Kupplungssatz";479;32127;21;3;"SUBARU";"LEGACY V Kombi (BR)";110;200909;201412;150;1998
"Kupplungssatz";479;32128;10;0;"SUBARU";"LEGACY V Kombi (BR)";110;200909;201412;150;1994
"Kupplungssatz";479;32129;2;0;"SUBARU";"LEGACY V Kombi (BR)";123;200909;201412;167;2457
"Kupplungssatz";479;32150;2;3;"VAUXHALL";"ASTRA Mk VI (J) (P10)";81;200912;201510;110;1686
"Kupplungssatz";479;32159;12;6;"VW";"SCIROCCO III (137, 138)";155;200911;201711;210;1984
"Kupplungssatz";479;32161;11;2;"MERCEDES-BENZ";"E-CLASS (W212)";100;200901;201512;136;2143
"Kupplungssatz";479;32162;2;2;"MERCEDES-BENZ";"E-CLASS (W212)";135;200908;201512;184;1796
"Kupplungssatz";479;32171;1;0;"GREAT WALL";"SAILING Pick-up";78;200907;;106;2237
"Kupplungssatz";479;32172;2;2;"BMW";"1 (E81)";100;200609;201112;136;1995
"Kupplungssatz";479;32176;2;2;"BMW";"1 Cabriolet (E88)";100;200809;201312;136;1995
"Kupplungssatz";479;32247;43;2;"FIAT";"PUNTO EVO (199_)";48;200910;201202;65;1242
"Kupplungssatz";479;32248;80;2;"FIAT";"PUNTO EVO (199_)";57;200910;201202;77;1368
"Kupplungssatz";479;32249;12;2;"FIAT";"PUNTO EVO (199_)";77;200910;201202;105;1368
"Kupplungssatz";479;32250;7;1;"FIAT";"PUNTO EVO (199_)";99;200910;201202;135;1368
"Kupplungssatz";479;32251;6;2;"FIAT";"PUNTO EVO (199_)";55;200910;201202;75;1248
"Kupplungssatz";479;32252;3;5;"FIAT";"PUNTO EVO (199_)";70;200910;201202;95;1248
"Kupplungssatz";479;32254;8;3;"VW";"MULTIVAN T5 (7HM, 7HN, 7HF, 7EF, 7EM, 7EN)";62;200909;201508;84;1968
"Kupplungssatz";479;32255;38;3;"VW";"TRANSPORTER T5 Bus (7HB, 7HJ, 7EB, 7EJ)";62;200909;201508;84;1968
"Kupplungssatz";479;32256;122;3;"VW";"TRANSPORTER T5 Kasten (7HA, 7HH, 7EA, 7EH)";62;200909;201508;84;1968
"Kupplungssatz";479;32257;37;3;"VW";"TRANSPORTER T5 Pritsche/Fahrgestell (7JD, 7JE, 7JL, 7JY, 7JZ";62;200909;201508;84;1968
"Kupplungssatz";479;32258;68;3;"VW";"TRANSPORTER T5 Pritsche/Fahrgestell (7JD, 7JE, 7JL, 7JY, 7JZ";75;200909;201508;102;1968
"Kupplungssatz";479;32259;251;3;"VW";"TRANSPORTER T5 Kasten (7HA, 7HH, 7EA, 7EH)";75;200909;201508;102;1968
"Kupplungssatz";479;32260;126;3;"VW";"TRANSPORTER T5 Bus (7HB, 7HJ, 7EB, 7EJ)";75;200909;201508;102;1968
"Kupplungssatz";479;32261;15;3;"VW";"MULTIVAN T5 (7HM, 7HN, 7HF, 7EF, 7EM, 7EN)";75;200909;201508;102;1968
"Kupplungssatz";479;32262;164;7;"VW";"MULTIVAN T5 (7HM, 7HN, 7HF, 7EF, 7EM, 7EN)";103;200909;201508;140;1968
"Kupplungssatz";479;32263;35;7;"VW";"TRANSPORTER T5 Pritsche/Fahrgestell (7JD, 7JE, 7JL, 7JY, 7JZ";103;200909;201508;140;1968
"Kupplungssatz";479;32264;166;7;"VW";"TRANSPORTER T5 Kasten (7HA, 7HH, 7EA, 7EH)";103;200909;201508;140;1968
"Kupplungssatz";479;32265;142;7;"VW";"TRANSPORTER T5 Bus (7HB, 7HJ, 7EB, 7EJ)";103;200909;201508;140;1968
"Kupplungssatz";479;32266;100;6;"VW";"TRANSPORTER T5 Bus (7HB, 7HJ, 7EB, 7EJ)";103;200909;201508;140;1968
"Kupplungssatz";479;32267;81;6;"VW";"TRANSPORTER T5 Kasten (7HA, 7HH, 7EA, 7EH)";103;200909;201508;140;1968
"Kupplungssatz";479;32268;34;6;"VW";"TRANSPORTER T5 Pritsche/Fahrgestell (7JD, 7JE, 7JL, 7JY, 7JZ";103;200909;201508;140;1968
"Kupplungssatz";479;32269;20;6;"VW";"MULTIVAN T5 (7HM, 7HN, 7HF, 7EF, 7EM, 7EN)";103;200909;201508;140;1968
"Kupplungssatz";479;32270;54;5;"VW";"MULTIVAN T5 (7HM, 7HN, 7HF, 7EF, 7EM, 7EN)";132;200909;201508;180;1968
"Kupplungssatz";479;32271;30;4;"VW";"MULTIVAN T5 (7HM, 7HN, 7HF, 7EF, 7EM, 7EN)";132;200909;201508;180;1968
"Kupplungssatz";479;32272;1;5;"VW";"TRANSPORTER T5 Pritsche/Fahrgestell (7JD, 7JE, 7JL, 7JY, 7JZ";132;200909;201508;180;1968
"Kupplungssatz";479;32273;14;5;"VW";"TRANSPORTER T5 Kasten (7HA, 7HH, 7EA, 7EH)";132;200909;201508;180;1968
"Kupplungssatz";479;32274;11;5;"VW";"TRANSPORTER T5 Bus (7HB, 7HJ, 7EB, 7EJ)";132;200909;201508;180;1968
"Kupplungssatz";479;32275;1;5;"VW";"TRANSPORTER T5 Pritsche/Fahrgestell (7JD, 7JE, 7JL, 7JY, 7JZ";132;200909;201508;180;1968
"Kupplungssatz";479;32276;5;5;"VW";"TRANSPORTER T5 Kasten (7HA, 7HH, 7EA, 7EH)";132;200909;201508;180;1968
"Kupplungssatz";479;32277;14;5;"VW";"TRANSPORTER T5 Bus (7HB, 7HJ, 7EB, 7EJ)";132;200909;201508;180;1968
"Kupplungssatz";479;32387;17;3;"FORD";"MONDEO IV (BA7)";92;200706;201501;125;1753
"Kupplungssatz";479;32388;5;3;"FORD";"MONDEO IV Stufenheck (BA7)";92;200706;201501;125;1753
"Kupplungssatz";479;32389;5;3;"FORD";"MONDEO IV Turnier (BA7)";92;200706;201212;125;1753
"Kupplungssatz";479;32396;4;1;"ALFA ROMEO";"MITO (955_)";85;200808;201508;115;1598
"Kupplungssatz";479;32406;3;0;"ZASTAVA";"10";44;200510;;60;1242
"Kupplungssatz";479;32585;53;7;"VW";"GOLF VI Variant (AJ5)";103;200907;201307;140;1968
"Kupplungssatz";479;32586;10;1;"VW";"GOLF VI Variant (AJ5)";75;200907;201307;102;1595
"Kupplungssatz";479;32589;3;2;"VW";"GOLF VI Variant (AJ5)";59;200907;201307;80;1390
"Kupplungssatz";479;32601;62;3;"VW";"GOLF VI Variant (AJ5)";90;200907;201307;122;1390
"Kupplungssatz";479;32606;4;4;"VW";"GOLF VI Variant (AJ5)";118;200907;201307;160;1390
"Kupplungssatz";479;32609;220;12;"VW";"GOLF VI Variant (AJ5)";77;200907;201307;105;1598
"Kupplungssatz";479;32612;12;5;"VW";"GOLF VI Variant (AJ5)";77;200907;201307;105;1598
"Kupplungssatz";479;32621;31;3;"VW";"GOLF VI Variant (AJ5)";77;200907;201307;105;1197
"Kupplungssatz";479;32625;102;4;"VW";"GOLF VI (5K1)";77;200811;201211;105;1197
"Kupplungssatz";479;32626;5;2;"VW";"GOLF VI (5K1)";199;200911;201211;270;1984
"Kupplungssatz";479;32629;4;9;"VW";"JETTA III (1K2)";77;200906;201010;105;1598
"Kupplungssatz";479;32630;90;4;"VW";"GOLF PLUS V (5M1, 521)";77;200911;201312;105;1197
"Kupplungssatz";479;32631;1;2;"VW";"SCIROCCO III (137, 138)";195;200911;201711;265;1984
"Kupplungssatz";479;32643;1;2;"FORD AUSTRALIA";"RANGER Pritsche/Fahrgestell (PK)";105;200904;201111;143;2499
"Kupplungssatz";479;32675;2;3;"BMW";"1 Coupe (E82)";125;200710;201310;170;1995
"Kupplungssatz";479;32676;8;2;"BMW";"1 Coupe (E82)";105;200909;201310;143;1995
"Kupplungssatz";479;32682;2;3;"RENAULT";"SCÉNIC II (JM0/1_)";92;200306;200811;125;1870
"Kupplungssatz";479;32686;2;3;"RENAULT";"MEGANE II (BM0/1_, CM0/1_)";85;200211;200802;115;1870
"Kupplungssatz";479;32687;1;6;"RENAULT";"MEGANE II Coupé-Cabriolet (EM0/1_)";85;200309;200903;115;1870
"Kupplungssatz";479;32690;2;12;"AUDI";"A3 Cabriolet (8P7)";100;200804;201305;136;1968
"Kupplungssatz";479;32691;4;0;"CHEVROLET";"NUBIRA Stufenheck";89;200601;200709;121;1796
"Kupplungssatz";479;32692;2;0;"FIAT";"BRAVA (182_)";76;199901;200212;103;1596
"Kupplungssatz";479;32693;1;3;"FORD";"GALAXY II (WA6)";107;200605;201506;145;1999
"Kupplungssatz";479;32701;1;3;"FORD";"MONDEO IV Stufenheck (BA7)";74;200703;201501;100;1753
"Kupplungssatz";479;32705;1;9;"FORD";"S-MAX (WA6)";74;200701;201012;100;1753
"Kupplungssatz";479;32741;5;2;"ALFA ROMEO";"MITO (955_)";99;200910;201412;135;1368
"Kupplungssatz";479;32742;4;2;"ALFA ROMEO";"MITO (955_)";125;200909;201810;170;1368
"Kupplungssatz";479;32743;4;4;"ALFA ROMEO";"MITO (955_)";70;200909;201810;95;1248
"Kupplungssatz";479;32744;18;10;"SEAT";"ALTEA (5P1)";77;200910;;105;1598
"Kupplungssatz";479;32745;21;10;"SEAT";"ALTEA XL (5P5, 5P8)";77;200910;;105;1598
"Kupplungssatz";479;32746;13;5;"SEAT";"IBIZA IV (6J5, 6P1)";77;200905;201505;105;1598
"Kupplungssatz";479;32747;7;3;"SEAT";"IBIZA IV (6J5, 6P1)";105;201001;201505;143;1968
"Kupplungssatz";479;32748;3;5;"SEAT";"IBIZA IV SC (6J1, 6P5)";77;200905;201505;105;1598
"Kupplungssatz";479;32749;5;3;"SEAT";"IBIZA IV SC (6J1, 6P5)";105;201001;201505;143;1968
"Kupplungssatz";479;32750;72;4;"SKODA";"YETI (5L)";77;200909;201505;105;1197
"Kupplungssatz";479;32751;39;2;"SKODA";"YETI (5L)";118;200905;201712;160;1798
"Kupplungssatz";479;32752;28;5;"SKODA";"YETI (5L)";81;200911;201712;110;1968
"Kupplungssatz";479;32753;55;7;"SKODA";"YETI (5L)";81;200911;201712;110;1968
"Kupplungssatz";479;32754;68;11;"SKODA";"YETI (5L)";103;200905;201712;140;1968
"Kupplungssatz";479;32755;9;4;"SKODA";"YETI (5L)";125;200911;201505;170;1968
"Kupplungssatz";479;32783;11;1;"SKODA";"SUPERB II Kombi (3T5)";92;200910;201505;125;1390
"Kupplungssatz";479;32784;13;6;"SKODA";"SUPERB II Kombi (3T5)";118;200910;201505;160;1798
"Kupplungssatz";479;32785;7;4;"SKODA";"SUPERB II Kombi (3T5)";118;200910;201505;160;1798
"Kupplungssatz";479;32787;56;9;"SKODA";"SUPERB II Kombi (3T5)";103;200910;201505;140;1968
"Kupplungssatz";479;32788;32;9;"SKODA";"SUPERB II Kombi (3T5)";125;200910;201505;170;1968
"Kupplungssatz";479;32789;19;9;"SKODA";"SUPERB II Kombi (3T5)";125;200910;201505;170;1968
"Kupplungssatz";479;32794;2;3;"CITROËN";"C5 III (RD_)";120;200904;;163;1997
"Kupplungssatz";479;32795;2;4;"CITROËN";"C5 III Break (RW_)";115;200904;;156;1598
"Kupplungssatz";479;32796;4;3;"CITROËN";"C5 III Break (RW_)";120;200904;;163;1997
"Kupplungssatz";479;32798;12;2;"MERCEDES-BENZ";"C-CLASS (W204)";115;200701;201401;156;1796
"Kupplungssatz";479;32799;5;2;"MERCEDES-BENZ";"C-CLASS (W204)";135;200701;201401;184;1796
"Kupplungssatz";479;32803;3;4;"NISSAN";"CUBE (Z12)";81;200908;;110;1598
"Kupplungssatz";479;32805;193;7;"RENAULT";"KANGOO Express (FW0/1_)";66;200906;;90;1461
"Kupplungssatz";479;32806;9;4;"PEUGEOT";"308 CC (4B_)";115;200906;201412;156;1598
"Kupplungssatz";479;32809;1;3;"PEUGEOT";"308 CC (4B_)";120;200906;201412;163;1997
"Kupplungssatz";479;32810;1;1;"PEUGEOT";"308 SW I (4E_, 4H_)";72;200912;201410;98;1397
"Kupplungssatz";479;32813;25;3;"VW";"POLO V (6R1, 6C1)";77;200911;;105;1197
"Kupplungssatz";479;32817;3;1;"SMART";"FORTWO Cabrio (451)";40;200908;;54;799
"Kupplungssatz";479;32819;220;1;"VW";"POLO V (6R1, 6C1)";55;200910;;75;1199
"Kupplungssatz";479;32820;33;1;"SMART";"FORTWO Coupe (451)";40;200908;;54;799
"Kupplungssatz";479;32824;3;4;"FIAT";"PUNTO EVO (199_)";66;200910;201202;90;1248
"Kupplungssatz";479;32825;228;2;"FIAT";"500 C (312_)";51;200909;;69;1242
"Kupplungssatz";479;32826;3;2;"FIAT";"500 C (312_)";55;200909;;75;1248
"Kupplungssatz";479;32827;13;2;"FIAT";"500 C (312_)";74;200909;;100;1368
"Kupplungssatz";479;32828;4;4;"FIAT";"500 C (312_)";70;200909;;95;1248
"Kupplungssatz";479;32834;2;2;"MERCEDES-BENZ";"GLK-CLASS (X204)";125;200812;201506;170;2143
"Kupplungssatz";479;32854;1;2;"VOLVO";"V70 III (135)";170;200904;201112;231;2521
"Kupplungssatz";479;32855;1;2;"VOLVO";"V70 III (135)";151;200810;201112;205;2400
"Kupplungssatz";479;32861;6;3;"MERCEDES-BENZ";"SPRINTER 3-t Pritsche/Fahrgestell (B906)";70;200903;201605;95;2143
"Kupplungssatz";479;32862;12;3;"MERCEDES-BENZ";"SPRINTER 3-t Pritsche/Fahrgestell (B906)";95;200903;201605;129;2143
"Kupplungssatz";479;32863;2;3;"MERCEDES-BENZ";"SPRINTER 3-t Pritsche/Fahrgestell (B906)";120;200903;;163;2143
"Kupplungssatz";479;32868;1;4;"MERCEDES-BENZ";"SPRINTER 3,5-t Kasten (B906)";115;200809;;156;1796
"Kupplungssatz";479;32870;31;3;"MERCEDES-BENZ";"SPRINTER 3-t Kasten (B906)";120;200903;;163;2143
"Kupplungssatz";479;32884;3;2;"MERCEDES-BENZ";"SPRINTER 5-t Pritsche/Fahrgestell (B906)";140;200903;;190;2987
"Kupplungssatz";479;32885;204;7;"MERCEDES-BENZ";"SPRINTER 3,5-t Kasten (B906)";120;200903;;163;2143
"Kupplungssatz";479;32886;85;7;"MERCEDES-BENZ";"SPRINTER 3,5-t Pritsche/Fahrgestell (B906)";120;200903;;163;2143
"Kupplungssatz";479;32887;3;2;"MERCEDES-BENZ";"SPRINTER 3,5-t Pritsche/Fahrgestell (B906)";140;200903;;190;2987
"Kupplungssatz";479;32888;21;2;"MERCEDES-BENZ";"SPRINTER 3,5-t Kasten (B906)";140;200903;;190;2987
"Kupplungssatz";479;32892;24;7;"MERCEDES-BENZ";"SPRINTER 5-t Pritsche/Fahrgestell (B906)";120;200903;;163;2143
"Kupplungssatz";479;32893;9;7;"MERCEDES-BENZ";"SPRINTER 5-t Kasten (B906)";120;200903;;163;2143
"Kupplungssatz";479;32895;1;7;"MERCEDES-BENZ";"SPRINTER 5-t Kasten (B906)";70;200903;201605;95;2143
"Kupplungssatz";479;32898;1;7;"MERCEDES-BENZ";"SPRINTER 4,6-t Kasten (B906)";120;200903;;163;2143
"Kupplungssatz";479;32902;2;7;"MERCEDES-BENZ";"SPRINTER 4,6-t Pritsche/Fahrgestell (B906)";120;200903;;163;2143
"Kupplungssatz";479;32908;2;7;"MERCEDES-BENZ";"SPRINTER 3,5-t Kasten (B906)";110;200802;200912;150;2148
"Kupplungssatz";479;32910;4;1;"VOLVO";"V70 III (135)";80;200907;201112;109;1560
"Kupplungssatz";479;32913;4;7;"MERCEDES-BENZ";"SPRINTER 3,5-t Pritsche/Fahrgestell (B906)";120;200903;;163;2143
"Kupplungssatz";479;32914;1;7;"MERCEDES-BENZ";"SPRINTER 3,5-t Kasten (B906)";120;200903;;163;2143
"Kupplungssatz";479;32949;1;2;"MERCEDES-BENZ";"E-CLASS Cabriolet (A207)";135;201001;201612;184;1796
"Kupplungssatz";479;32953;2;4;"RENAULT";"FLUENCE (L3_)";63;201002;;86;1461
"Kupplungssatz";479;32954;2;4;"RENAULT";"FLUENCE (L3_)";78;201002;;106;1461
"Kupplungssatz";479;32955;2;2;"MERCEDES-BENZ";"E-CLASS Coupe (C207)";125;201001;201612;170;2143
"Kupplungssatz";479;32956;3;2;"MERCEDES-BENZ";"E-CLASS Coupe (C207)";135;201001;201612;184;1796
"Kupplungssatz";479;32969;1;2;"CITROËN";"C4 PICASSO I Großraumlimousine (UD_)";110;200807;201308;150;1598
"Kupplungssatz";479;32971;1;2;"PEUGEOT";"206 Stufenheck";50;200809;;68;1398
"Kupplungssatz";479;32986;1;1;"NISSAN";"KUBISTAR Kasten (X76)";48;200308;;65;1461
"Kupplungssatz";479;32992;3;0;"RENAULT";"SANDERO/STEPWAY I (BS_)";55;200902;;75;1390
"Kupplungssatz";479;32993;1;1;"RENAULT";"SANDERO/STEPWAY I (BS_)";64;200902;;87;1598
"Kupplungssatz";479;33006;3;1;"BMW";"5 (F10)";150;200906;201108;204;2996
"Kupplungssatz";479;33008;1;1;"BMW";"5 (F10)";225;201001;201610;306;2979
"Kupplungssatz";479;33010;23;1;"BMW";"5 (F10)";135;201006;201406;184;1995
"Kupplungssatz";479;33011;8;1;"BMW";"5 (F10)";150;201003;201108;204;2993
"Kupplungssatz";479;33016;107;2;"CHEVROLET";"SPARK (M300)";50;201003;;68;995
"Kupplungssatz";479;33017;93;2;"CHEVROLET";"SPARK (M300)";60;201003;;82;1206
"Kupplungssatz";479;33030;35;10;"VW";"GOLF VI (5K1)";66;200902;201211;90;1598
"Kupplungssatz";479;33031;14;7;"VW";"GOLF VI Variant (AJ5)";66;200912;201307;90;1598
"Kupplungssatz";479;33039;67;4;"DACIA";"DUSTER (HS_)";77;201004;201801;105;1598
"Kupplungssatz";479;33040;51;2;"DACIA";"DUSTER (HS_)";77;201006;201801;105;1598
"Kupplungssatz";479;33041;6;5;"DACIA";"DUSTER (HS_)";63;201004;201801;86;1461
"Kupplungssatz";479;33042;31;4;"DACIA";"DUSTER (HS_)";79;201006;201801;107;1461
"Kupplungssatz";479;33047;8;1;"VW";"GOLF V (1K1)";75;200710;200811;102;1595
"Kupplungssatz";479;33049;1;1;"VW";"JETTA III (1K2)";75;200801;201010;102;1595
"Kupplungssatz";479;33051;115;2;"MINI";"MINI (R56)";55;201003;201311;75;1598
"Kupplungssatz";479;33052;73;2;"MINI";"MINI (R56)";72;201003;201311;98;1598
"Kupplungssatz";479;33053;43;2;"MINI";"MINI (R56)";90;200909;201311;122;1598
"Kupplungssatz";479;33054;22;2;"MINI";"MINI (R56)";135;201003;201311;184;1598
"Kupplungssatz";479;33056;6;1;"MINI";"MINI (R56)";66;200906;201007;90;1560
"Kupplungssatz";479;33057;9;1;"VW";"LUPO I (6X1, 6E1)";37;199810;200005;50;997
"Kupplungssatz";479;33059;84;4;"OPEL";"MERIVA B Großraumlimousine (S10)";74;201006;201703;100;1398
"Kupplungssatz";479;33060;128;7;"OPEL";"MERIVA B Großraumlimousine (S10)";88;201006;201703;120;1364
"Kupplungssatz";479;33061;52;5;"OPEL";"MERIVA B Großraumlimousine (S10)";103;201006;201703;140;1364
"Kupplungssatz";479;33074;12;2;"MINI";"MINI CLUBMAN (R55)";72;201003;201406;98;1598
"Kupplungssatz";479;33075;20;2;"MINI";"MINI CLUBMAN (R55)";90;201003;201406;122;1598
"Kupplungssatz";479;33076;9;2;"MINI";"MINI CLUBMAN (R55)";135;201003;201406;184;1598
"Kupplungssatz";479;33077;66;2;"MINI";"MINI Cabriolet (R57)";72;200909;201506;98;1598
"Kupplungssatz";479;33078;34;2;"MINI";"MINI Cabriolet (R57)";90;201003;201506;122;1598
"Kupplungssatz";479;33079;13;2;"MINI";"MINI Cabriolet (R57)";135;201002;201506;184;1598
"Kupplungssatz";479;33091;1;0;"RENAULT";"LAGUNA II (BG0/1_)";86;200103;200505;117;1783
"Kupplungssatz";479;33123;2;1;"RENAULT";"WIND (E4M_)";74;201007;;101;1149
"Kupplungssatz";479;33125;2;1;"RENAULT";"MEGANE CC (EZ0/1_)";96;201006;;131;1397
"Kupplungssatz";479;33126;4;4;"RENAULT";"MEGANE CC (EZ0/1_)";81;201006;;110;1461
"Kupplungssatz";479;33127;4;3;"RENAULT";"MEGANE CC (EZ0/1_)";96;201006;;131;1870
"Kupplungssatz";479;33128;1;3;"RENAULT";"MEGANE CC (EZ0/1_)";118;201006;;160;1995
"Kupplungssatz";479;33129;2;0;"MITSUBISHI";"L200 / TRITON (KA_T, KB_T)";94;201004;201512;128;2477
"Kupplungssatz";479;33130;23;0;"MITSUBISHI";"L200 / TRITON (KA_T, KB_T)";131;201004;201512;178;2477
"Kupplungssatz";479;33131;29;2;"HYUNDAI";"ix35 (LM, EL, ELH)";120;201001;201307;163;1998
"Kupplungssatz";479;33132;1;2;"HYUNDAI";"ix35 (LM, EL, ELH)";120;201001;;163;1998
"Kupplungssatz";479;33133;28;4;"HYUNDAI";"ix35 (LM, EL, ELH)";100;201001;;136;1995
"Kupplungssatz";479;33134;90;4;"HYUNDAI";"ix35 (LM, EL, ELH)";100;201001;;136;1995
"Kupplungssatz";479;33135;28;4;"HYUNDAI";"ix35 (LM, EL, ELH)";135;201001;;184;1995
"Kupplungssatz";479;33141;2;0;"MITSUBISHI";"L200";60;198003;198408;82;1598
"Kupplungssatz";479;33149;3;2;"HYUNDAI";"ix35 (LM, EL, ELH)";122;201001;;166;1998
"Kupplungssatz";479;33153;7;5;"HYUNDAI";"H-1 Cargo (TQ)";81;200802;;110;2497
"Kupplungssatz";479;33164;1;0;"FERRARI";"F430";357;200803;200912;486;4308
"Kupplungssatz";479;33168;1;0;"MITSUBISHI";"L200 (K7_T, K6_T, K5_T)";97;199610;200612;132;2351
"Kupplungssatz";479;33169;5;1;"MITSUBISHI";"L200 (K7_T, K6_T, K5_T)";92;200304;200606;125;2835
"Kupplungssatz";479;33176;39;1;"HYUNDAI";"i30 Kombi (FD)";80;200911;201206;109;1396
"Kupplungssatz";479;33183;2;1;"MITSUBISHI";"L200 (K7_T, K6_T, K5_T)";92;200304;200606;125;2835
"Kupplungssatz";479;33192;1;3;"SUZUKI";"SX4 S-CROSS (JY)";88;201308;;120;1586
"Kupplungssatz";479;33195;4;2;"RENAULT";"MODUS / GRAND MODUS (F/JP0_)";60;200409;;82;1461
"Kupplungssatz";479;33198;1;0;"MITSUBISHI";"PAJERO I (L04_G, L14_G)";62;198610;199105;84;2477
"Kupplungssatz";479;33209;25;0;"MITSUBISHI";"PAJERO IV (V8_W, V9_W)";147;200901;;200;3200
"Kupplungssatz";479;33216;1;0;"DAEWOO";"MATIZ Kasten/Schrägheck (KLA4)";38;199808;200208;52;796
"Kupplungssatz";479;33230;3;2;"PEUGEOT";"207 Kasten/Schrägheck (WA_, WC_)";50;200704;;68;1398
"Kupplungssatz";479;33231;2;2;"PEUGEOT";"207 Kasten/Schrägheck (WA_, WC_)";66;200704;201210;90;1560
"Kupplungssatz";479;33243;14;3;"SKODA";"FABIA II (542)";77;201003;201412;105;1197
"Kupplungssatz";479;33244;8;3;"SKODA";"FABIA II Combi (545)";77;201003;201412;105;1197
"Kupplungssatz";479;33245;14;3;"SKODA";"OCTAVIA II (1Z3)";77;201002;201306;105;1197
"Kupplungssatz";479;33246;21;3;"SKODA";"OCTAVIA II Combi (1Z5)";77;201002;201304;105;1197
"Kupplungssatz";479;33247;17;3;"SKODA";"ROOMSTER (5J7)";77;201003;201505;105;1197
"Kupplungssatz";479;33248;10;2;"SEAT";"ALTEA (5P1)";77;201004;;105;1197
"Kupplungssatz";479;33249;8;2;"SEAT";"ALTEA XL (5P5, 5P8)";77;201004;;105;1197
"Kupplungssatz";479;33250;26;1;"SEAT";"LEON (1P1)";77;201002;201212;105;1197
"Kupplungssatz";479;33251;19;3;"AUDI";"A3 (8P1)";77;201004;201208;105;1197
"Kupplungssatz";479;33252;19;3;"AUDI";"A3 Sportback (8PA)";77;201004;201303;105;1197
"Kupplungssatz";479;33258;25;1;"CITROËN";"BERLINGO MULTISPACE (B9)";88;200911;;120;1598
"Kupplungssatz";479;33260;18;2;"PEUGEOT";"207 (WA_, WC_)";68;200911;201212;92;1560
"Kupplungssatz";479;33261;2;2;"PEUGEOT";"207 (WA_, WC_)";82;200908;201212;112;1560
"Kupplungssatz";479;33262;2;2;"PEUGEOT";"207 CC (WD_)";82;200908;201310;112;1560
"Kupplungssatz";479;33263;4;3;"PEUGEOT";"207 CC (WD_)";115;200910;201312;156;1598
"Kupplungssatz";479;33264;2;2;"PEUGEOT";"207 SW (WK_)";82;200908;201310;112;1560
"Kupplungssatz";479;33265;13;2;"PEUGEOT";"207 SW (WK_)";68;200911;201312;92;1560
"Kupplungssatz";479;33267;4;1;"PEUGEOT";"308 I (4A_, 4C_)";72;200912;201410;98;1397
"Kupplungssatz";479;33270;28;2;"PEUGEOT";"308 I (4A_, 4C_)";68;200911;201410;92;1560
"Kupplungssatz";479;33271;7;7;"PEUGEOT";"308 I (4A_, 4C_)";82;200912;201410;112;1560
"Kupplungssatz";479;33273;10;7;"PEUGEOT";"308 SW I (4E_, 4H_)";82;200912;201410;112;1560
"Kupplungssatz";479;33278;17;6;"RENAULT";"MASTER III Kasten (FV)";74;201002;;101;2298
"Kupplungssatz";479;33279;132;7;"RENAULT";"MASTER III Kasten (FV)";92;201002;;125;2298
"Kupplungssatz";479;33280;10;3;"RENAULT";"MASTER III Kasten (FV)";92;201002;;125;2298
"Kupplungssatz";479;33281;14;6;"RENAULT";"MASTER III Kasten (FV)";107;201002;;146;2298
"Kupplungssatz";479;33298;28;1;"ALFA ROMEO";"GIULIETTA (940_)";88;201004;202012;120;1368
"Kupplungssatz";479;33299;17;2;"ALFA ROMEO";"GIULIETTA (940_)";125;201004;201810;170;1368
"Kupplungssatz";479;33300;6;3;"ALFA ROMEO";"GIULIETTA (940_)";173;201004;201602;235;1742
"Kupplungssatz";479;33301;10;4;"ALFA ROMEO";"GIULIETTA (940_)";125;201004;202012;170;1956
"Kupplungssatz";479;33302;19;2;"ALFA ROMEO";"GIULIETTA (940_)";77;201004;201602;105;1598
"Kupplungssatz";479;33303;41;1;"AUDI";"A1 (8X1, 8XK)";63;201005;201504;86;1197
"Kupplungssatz";479;33304;21;3;"AUDI";"A1 (8X1, 8XK)";77;201005;201504;105;1598
"Kupplungssatz";479;33305;17;3;"AUDI";"A1 (8X1, 8XK)";90;201005;201504;122;1390
"Kupplungssatz";479;33311;29;3;"SKODA";"FABIA II (542)";63;201003;201412;86;1197
"Kupplungssatz";479;33312;23;3;"SKODA";"FABIA II Combi (545)";63;201003;201412;86;1197
"Kupplungssatz";479;33313;42;1;"SKODA";"ROOMSTER (5J7)";63;201003;201505;86;1197
"Kupplungssatz";479;33314;14;3;"SKODA";"FABIA II (542)";66;201003;201412;90;1598
"Kupplungssatz";479;33315;4;3;"SKODA";"FABIA II (542)";77;201003;201412;105;1598
"Kupplungssatz";479;33316;9;3;"SKODA";"FABIA II Combi (545)";66;201003;201412;90;1598
"Kupplungssatz";479;33317;5;3;"SKODA";"FABIA II Combi (545)";77;201003;201412;105;1598
"Kupplungssatz";479;33320;11;3;"SKODA";"ROOMSTER (5J7)";66;201003;201505;90;1598
"Kupplungssatz";479;33321;1;3;"SKODA";"ROOMSTER (5J7)";77;201003;201505;105;1598
"Kupplungssatz";479;33322;2;8;"SKODA";"SUPERB II Kombi (3T5)";103;200910;201003;140;1968
"Kupplungssatz";479;33323;1;2;"CITROËN";"C2 ENTERPRISE (JG_)";50;200609;200912;68;1398
"Kupplungssatz";479;33324;30;1;"SEAT";"IBIZA IV ST (6J8, 6P8)";55;201004;201505;75;1199
"Kupplungssatz";479;33325;16;3;"SEAT";"IBIZA IV ST (6J8, 6P8)";77;201009;201505;105;1197
"Kupplungssatz";479;33326;1;2;"SEAT";"IBIZA IV ST (6J8, 6P8)";44;201005;201505;60;1198
"Kupplungssatz";479;33327;9;2;"SEAT";"IBIZA IV ST (6J8, 6P8)";51;201005;201505;70;1198
"Kupplungssatz";479;33328;11;2;"SEAT";"IBIZA IV ST (6J8, 6P8)";63;201003;201505;85;1390
"Kupplungssatz";479;33329;6;4;"SEAT";"IBIZA IV ST (6J8, 6P8)";66;201003;201505;90;1598
"Kupplungssatz";479;33330;10;3;"SEAT";"IBIZA IV ST (6J8, 6P8)";77;201003;201505;105;1598
"Kupplungssatz";479;33332;3;5;"FORD";"C-MAX (DM2)";107;200806;201009;145;1999
"Kupplungssatz";479;33333;25;2;"FORD";"FIESTA VI (CB1, CCN)";71;200901;201704;97;1388
"Kupplungssatz";479;33334;42;2;"FORD";"FIESTA VI (CB1, CCN)";70;201002;201512;95;1560
"Kupplungssatz";479;33335;2;2;"FORD";"FIESTA VI Van";60;200901;;82;1242
"Kupplungssatz";479;33336;2;2;"FORD";"FIESTA VI Van";50;200901;;68;1399
"Kupplungssatz";479;33337;1;2;"FORD";"FIESTA VI Van";66;200901;;90;1560
"Kupplungssatz";479;33338;26;4;"FORD";"KUGA I";103;201003;201211;140;1997
"Kupplungssatz";479;33339;23;4;"FORD";"KUGA I";103;201003;201211;140;1997
"Kupplungssatz";479;33340;15;4;"FORD";"KUGA I";120;201003;201211;163;1997
"Kupplungssatz";479;33342;1;5;"FORD";"FOCUS II (DA_, HCP, DP)";107;200904;201107;145;1999
"Kupplungssatz";479;33344;6;5;"FORD";"FOCUS II Turnier (DA_, FFS, DS)";107;200806;201107;145;1999
"Kupplungssatz";479;33347;30;4;"FORD";"S-MAX (WA6)";120;201003;201412;163;1997
"Kupplungssatz";479;33350;23;4;"FORD";"GALAXY II (WA6)";120;201003;201506;163;1997
"Kupplungssatz";479;33351;2;2;"FORD";"MONDEO IV (BA7)";149;201003;201501;203;1999
"Kupplungssatz";479;33352;14;4;"FORD";"MONDEO IV Turnier (BA7)";120;201003;201501;163;1997
"Kupplungssatz";479;33353;8;4;"FIAT";"500 (312_)";70;200912;;95;1248
"Kupplungssatz";479;33354;6;4;"FORD";"MONDEO IV (BA7)";120;201003;201501;163;1997
"Kupplungssatz";479;33356;4;4;"DACIA";"LOGAN MCV (KS_)";64;200811;;87;1598
"Kupplungssatz";479;33357;1;0;"KIA";"K2900";92;200801;;125;2902
"Kupplungssatz";479;33363;7;1;"AUDI";"A3 Cabriolet (8P7)";77;201003;201305;105;1197
"Kupplungssatz";479;33368;1;3;"AUDI";"A4 B8 Avant (8K5)";132;200911;201512;180;1984
"Kupplungssatz";479;33372;7;3;"FIAT";"QUBO (225_)";57;200910;;78;1368
"Kupplungssatz";479;33374;6;2;"VOLVO";"S60 II (134)";110;201004;201512;150;1596
"Kupplungssatz";479;33375;2;2;"VOLVO";"S60 II (134)";132;201004;201512;180;1596
"Kupplungssatz";479;33379;4;2;"VOLVO";"S60 II (134)";120;201004;201412;163;1984
"Kupplungssatz";479;33380;1;2;"VOLVO";"S60 II (134)";151;201004;201112;205;2400
"Kupplungssatz";479;33385;17;2;"VOLVO";"XC60 I SUV (156)";120;201003;201412;163;1984
"Kupplungssatz";479;33386;13;2;"BMW";"3 (E90)";85;200907;201112;116;1995
"Kupplungssatz";479;33387;6;3;"BMW";"3 (E90)";135;201003;201110;184;1995
"Kupplungssatz";479;33388;4;2;"BMW";"3 (E90)";135;201003;201110;184;1995
"Kupplungssatz";479;33389;34;3;"BMW";"3 Touring (E91)";135;201003;201205;184;1995
"Kupplungssatz";479;33390;16;2;"BMW";"3 Touring (E91)";135;201003;201206;184;1995
"Kupplungssatz";479;33392;6;3;"BMW";"3 Coupe (E92)";135;201003;201306;184;1995
"Kupplungssatz";479;33393;3;3;"BMW";"3 Cabriolet (E93)";135;201003;201310;184;1995
"Kupplungssatz";479;33394;1;2;"CITROËN";"C3 II (SC_)";66;200911;;90;1560
"Kupplungssatz";479;33395;91;2;"CITROËN";"C3 II (SC_)";50;200911;;68;1398
"Kupplungssatz";479;33396;2;1;"BMW";"3 (E90)";150;201003;201110;204;2993
"Kupplungssatz";479;33397;16;2;"FIAT";"DOBLO Bus (263_)";66;201002;;90;1248
"Kupplungssatz";479;33398;48;3;"FIAT";"DOBLO Bus (263_)";70;201002;;95;1368
"Kupplungssatz";479;33399;26;4;"FIAT";"DOBLO Bus (263_)";77;201001;;105;1598
"Kupplungssatz";479;33400;12;2;"FIAT";"DOBLO Bus (263_)";99;201001;;135;1956
"Kupplungssatz";479;33401;22;3;"FIAT";"DOBLO Cargo (263_)";70;201002;;95;1368
"Kupplungssatz";479;33402;103;2;"FIAT";"DOBLO Cargo (263_)";66;201002;;90;1248
"Kupplungssatz";479;33403;47;3;"FIAT";"DOBLO Cargo (263_)";74;201002;;100;1598
"Kupplungssatz";479;33404;11;2;"FIAT";"DOBLO Cargo (263_)";99;201002;;135;1956
"Kupplungssatz";479;33405;7;3;"FIAT";"FIORINO Kasten/Großraumlimousine (225_)";57;200806;;78;1368
"Kupplungssatz";479;33407;2;4;"AUDI";"A5 (8T3)";120;200808;201701;163;1968
"Kupplungssatz";479;33408;2;4;"AUDI";"A5 Sportback (8TA)";120;200909;201701;163;1968
"Kupplungssatz";479;33409;2;1;"AUDI";"A5 Sportback (8TA)";118;200911;201109;160;1798
"Kupplungssatz";479;33410;5;3;"AUDI";"A5 Sportback (8TA)";155;200909;201311;211;1984
"Kupplungssatz";479;33412;1;3;"AUDI";"A5 Sportback (8TA)";100;200909;201701;136;1968
"Kupplungssatz";479;33413;7;3;"AUDI";"A5 Sportback (8TA)";105;200909;201701;143;1968
"Kupplungssatz";479;33414;1;0;"AUDI";"A5 Sportback (8TA)";120;200909;201203;163;2698
"Kupplungssatz";479;33415;3;3;"AUDI";"A5 Sportback (8TA)";125;200909;201203;170;1968
"Kupplungssatz";479;33416;3;1;"AUDI";"A5 Cabriolet (8F7)";118;200909;201203;160;1798
"Kupplungssatz";479;33434;37;2;"VW";"SHARAN (7N1, 7N2)";110;201005;;150;1390
"Kupplungssatz";479;33435;217;6;"VW";"SHARAN (7N1, 7N2)";103;201005;;140;1968
"Kupplungssatz";479;33436;109;0;"MITSUBISHI";"ASX (GA_W_)";86;201006;;117;1590
"Kupplungssatz";479;33437;8;2;"MITSUBISHI";"ASX (GA_W_)";110;201006;;150;1798
"Kupplungssatz";479;33438;10;2;"MITSUBISHI";"ASX (GA_W_)";110;201006;;150;1798
"Kupplungssatz";479;33440;1;1;"MAZDA";"3 (BL)";191;200812;201409;260;2261
"Kupplungssatz";479;33467;3;2;"MAZDA";"BT-50 Pritsche/Fahrgestell (CD, UN)";105;200612;;143;2500
"Kupplungssatz";479;33470;4;6;"VW";"AMAROK (2HA, 2HB, S1B, S6B, S7A, S7B)";120;201009;201208;163;1968
"Kupplungssatz";479;33472;51;5;"VW";"AMAROK (2HA, 2HB, S1B, S6B, S7A, S7B)";120;201009;201208;163;1968
"Kupplungssatz";479;33482;1;1;"MAZDA";"CX-7 (ER)";175;200606;201412;238;2261
"Kupplungssatz";479;33486;190;1;"RENAULT";"TWINGO II (CN0_)";55;200703;201409;75;1149
"Kupplungssatz";479;33491;11;2;"VW";"POLO V (6R1, 6C1)";132;201005;;180;1390
"Kupplungssatz";479;33504;1;8;"SAAB";"9-5 (YS3G)";118;201005;201201;160;1956
"Kupplungssatz";479;33510;12;3;"KIA";"OPTIMA (FSGDS6B)";100;201203;;136;1685
"Kupplungssatz";479;33529;2;2;"NISSAN";"NP300 NAVARA (D40)";128;200512;;174;2488
"Kupplungssatz";479;33530;1;0;"NISSAN";"NP300 NAVARA (D40)";198;200410;;269;3954
"Kupplungssatz";479;33555;6;1;"NISSAN";"NAVARA Pritsche/Fahrgestell (D22)";98;200202;;133;2488
"Kupplungssatz";479;33556;2;1;"NISSAN";"NAVARA Pritsche/Fahrgestell (D22)";98;200202;;133;2488
"Kupplungssatz";479;33564;3;2;"NISSAN";"NP300 NAVARA Pritsche/Fahrgestell (D40)";126;200808;;171;2488
"Kupplungssatz";479;33565;5;2;"NISSAN";"NP300 NAVARA Pritsche/Fahrgestell (D40)";106;200808;;144;2488
"Kupplungssatz";479;33584;10;2;"NISSAN";"NV200 Kasten";81;201002;;110;1598
"Kupplungssatz";479;33585;17;3;"NISSAN";"NV200 Kasten";63;201002;;86;1461
"Kupplungssatz";479;33587;18;2;"NISSAN";"NV200 / EVALIA Bus";81;201007;;110;1598
"Kupplungssatz";479;33590;1;0;"MERCEDES-BENZ";"E-CLASS (W212)";155;201301;201612;211;1991
"Kupplungssatz";479;33592;3;2;"LANCIA";"MUSA (350_)";70;200903;201209;95;1248
"Kupplungssatz";479;33620;16;3;"PEUGEOT";"EXPERT TEPEE (VF3X_)";120;200909;;163;1997
"Kupplungssatz";479;33621;1;3;"PEUGEOT";"EXPERT Kasten (VF3A_, VF3U_, VF3X_)";120;200909;;163;1997
"Kupplungssatz";479;33640;1;0;"TOYOTA";"HIACE IV Kasten (__H1_, __H2_)";70;200609;201212;95;2494
"Kupplungssatz";479;33645;16;9;"VW";"EOS (1F7, 1F8)";103;200805;201508;140;1968
"Kupplungssatz";479;33660;3;0;"NISSAN";"PICK UP (720)";51;198012;198405;69;1567
"Kupplungssatz";479;33661;1;0;"TOYOTA";"HILUX II Pick-up (_N2_)";49;197205;197807;67;1588
"Kupplungssatz";479;33667;7;2;"ABARTH";"500 / 595 / 695";118;200808;;160;1368
"Kupplungssatz";479;33673;234;2;"VW";"TIGUAN (5N_)";90;201008;201807;122;1390
"Kupplungssatz";479;33674;133;7;"VW";"TIGUAN (5N_)";81;201005;201807;110;1968
"Kupplungssatz";479;33675;28;3;"VW";"SHARAN (7N1, 7N2)";125;201008;;170;1968
"Kupplungssatz";479;33679;7;3;"SKODA";"FABIA II (542)";55;201004;201412;75;1598
"Kupplungssatz";479;33680;1;3;"SKODA";"FABIA II Combi (545)";55;201004;201412;75;1598
"Kupplungssatz";479;33681;3;2;"SKODA";"FABIA II (542)";132;201005;201412;180;1390
"Kupplungssatz";479;33682;1;2;"SKODA";"FABIA II Combi (545)";132;201005;201412;180;1390
"Kupplungssatz";479;33683;38;3;"SKODA";"YETI (5L)";90;201006;201505;122;1390
"Kupplungssatz";479;33689;4;3;"SEAT";"IBIZA IV (6J5, 6P1)";77;201009;201203;105;1197
"Kupplungssatz";479;33690;2;3;"SEAT";"IBIZA IV SC (6J1, 6P5)";77;201009;201505;105;1197
"Kupplungssatz";479;33706;38;10;"RENAULT";"MASTER III Kasten (FV)";107;201002;;146;2298
"Kupplungssatz";479;33707;5;6;"RENAULT";"MASTER III Pritsche/Fahrgestell (EV, HV, UV)";74;201002;;101;2298
"Kupplungssatz";479;33708;44;7;"RENAULT";"MASTER III Pritsche/Fahrgestell (EV, HV, UV)";92;201002;;125;2298
"Kupplungssatz";479;33709;13;3;"RENAULT";"MASTER III Pritsche/Fahrgestell (EV, HV, UV)";92;201002;;125;2298
"Kupplungssatz";479;33710;7;6;"RENAULT";"MASTER III Pritsche/Fahrgestell (EV, HV, UV)";107;201002;;146;2298
"Kupplungssatz";479;33711;35;10;"RENAULT";"MASTER III Pritsche/Fahrgestell (EV, HV, UV)";107;201002;;146;2298
"Kupplungssatz";479;33712;6;1;"PEUGEOT";"PARTNER TEPEE";88;200909;201604;120;1598
"Kupplungssatz";479;33713;7;1;"KIA";"SPORTAGE III (SL)";120;201007;;163;1998
"Kupplungssatz";479;33714;1;1;"KIA";"SPORTAGE III (SL)";120;201007;;163;1998
"Kupplungssatz";479;33715;13;2;"KIA";"SPORTAGE III (SL)";100;201007;;136;1995
"Kupplungssatz";479;33716;43;2;"KIA";"SPORTAGE III (SL)";100;201007;;136;1995
"Kupplungssatz";479;33721;36;9;"OPEL";"CORSA D (S07)";70;200906;201408;95;1248
"Kupplungssatz";479;33722;3;3;"OPEL";"CORSA D (S07)";96;200912;201408;130;1686
"Kupplungssatz";479;33723;96;3;"OPEL";"CORSA D (S07)";51;200912;201408;69;1229
"Kupplungssatz";479;33724;57;5;"OPEL";"CORSA D (S07)";63;200912;201408;86;1229
"Kupplungssatz";479;33725;41;3;"OPEL";"CORSA D (S07)";74;200912;201408;100;1398
"Kupplungssatz";479;33773;35;2;"BMW";"5 Touring (F11)";135;201006;201406;184;1995
"Kupplungssatz";479;33774;2;1;"BMW";"5 Touring (F11)";150;201009;201108;204;2993
"Kupplungssatz";479;33775;4;1;"BMW";"5 Touring (F11)";180;201006;201108;245;2993
"Kupplungssatz";479;33778;41;2;"BMW";"X3 (F25)";135;201009;201403;184;1995
"Kupplungssatz";479;33779;10;1;"CITROËN";"BERLINGO MULTISPACE (B9)";72;201007;;98;1598
"Kupplungssatz";479;33780;17;2;"CITROËN";"BERLINGO MULTISPACE (B9)";82;201007;;112;1560
"Kupplungssatz";479;33781;4;1;"CITROËN";"BERLINGO Kasten/Großraumlimousine (B9)";72;201007;;98;1598
"Kupplungssatz";479;33783;25;4;"CITROËN";"C3 PICASSO (SH_)";68;201007;;92;1560
"Kupplungssatz";479;33785;5;5;"CITROËN";"C5 III (RD_)";82;201007;;112;1560
"Kupplungssatz";479;33786;2;5;"CITROËN";"C5 III Break (RW_)";82;201007;;112;1560
"Kupplungssatz";479;33787;2;3;"CITROËN";"JUMPER II Kasten";107;201007;;146;2999
"Kupplungssatz";479;33788;2;3;"CITROËN";"JUMPER II Kasten";115;201007;;156;2999
"Kupplungssatz";479;33791;3;3;"CITROËN";"JUMPY II (VF7)";120;201007;201603;163;1997
"Kupplungssatz";479;33794;3;1;"KIA";"VENGA (YN)";55;201002;;75;1396
"Kupplungssatz";479;33795;3;1;"KIA";"VENGA (YN)";85;201002;;116;1582
"Kupplungssatz";479;33796;1;1;"LANCIA";"DELTA III (844_)";103;201007;201408;140;1368
"Kupplungssatz";479;33804;27;1;"PEUGEOT";"208 I (CA_, CC_)";50;201203;;68;999
"Kupplungssatz";479;33806;47;3;"VOLVO";"V50 (545)";84;201001;201212;114;1560
"Kupplungssatz";479;33807;108;1;"PEUGEOT";"208 I (CA_, CC_)";60;201203;;82;1199
"Kupplungssatz";479;33815;1;2;"VOLVO";"V70 III (135)";170;200904;201212;231;2521
"Kupplungssatz";479;33818;1;5;"VOLVO";"C30 (533)";107;201001;201212;146;1999
"Kupplungssatz";479;33823;18;1;"PEUGEOT";"208 I (CA_, CC_)";70;201203;;95;1397
"Kupplungssatz";479;33837;83;2;"PEUGEOT";"206+ (2L_, 2M_)";44;200901;201306;60;1124
"Kupplungssatz";479;33838;75;2;"PEUGEOT";"206+ (2L_, 2M_)";55;200901;201308;75;1360
"Kupplungssatz";479;33839;27;2;"PEUGEOT";"206+ (2L_, 2M_)";50;200901;201306;68;1398
"Kupplungssatz";479;33844;1;6;"OPEL";"INSIGNIA A (G09)";118;201006;201703;160;1956
"Kupplungssatz";479;33847;4;6;"OPEL";"INSIGNIA A Sports Tourer (G09)";118;201006;201506;160;1956
"Kupplungssatz";479;33851;5;4;"OPEL";"MERIVA B Großraumlimousine (S10)";55;201006;201310;75;1248
"Kupplungssatz";479;33852;7;4;"OPEL";"MERIVA B Großraumlimousine (S10)";70;201006;201411;95;1248
"Kupplungssatz";479;33853;7;3;"OPEL";"MERIVA B Großraumlimousine (S10)";81;201006;201506;110;1686
"Kupplungssatz";479;33854;6;3;"OPEL";"MERIVA B Großraumlimousine (S10)";96;201006;201310;131;1686
"Kupplungssatz";479;33856;5;1;"SMART";"FORTWO Coupe (451)";75;201007;;102;999
"Kupplungssatz";479;33859;5;1;"SMART";"FORTWO Cabrio (451)";75;201007;;102;999
"Kupplungssatz";479;33866;60;4;"PEUGEOT";"3008 Großraumlimousine (0U_)";82;200912;201608;112;1560
"Kupplungssatz";479;33870;5;1;"PEUGEOT";"PARTNER TEPEE";72;201008;;98;1598
"Kupplungssatz";479;33871;7;2;"PEUGEOT";"PARTNER TEPEE";82;201008;;112;1560
"Kupplungssatz";479;33875;25;1;"SEAT";"IBIZA IV (6J5, 6P1)";55;201006;201505;75;1199
"Kupplungssatz";479;33876;22;1;"SKODA";"FABIA II (542)";55;201005;201412;75;1199
"Kupplungssatz";479;33877;30;1;"SKODA";"FABIA II Combi (545)";55;201005;201412;75;1199
"Kupplungssatz";479;33929;14;1;"PEUGEOT";"208 I (CA_, CC_)";88;201203;;120;1598
"Kupplungssatz";479;34004;1;0;"MERCEDES-BENZ";"T2/L Kasten";48;197501;198812;65;2404
"Kupplungssatz";479;34051;1;3;"IVECO";"DAILY II Pritsche/Fahrgestell";55;199201;199808;75;2499
"Kupplungssatz";479;34057;1;2;"IVECO";"DAILY II Kasten";60;198901;199808;82;2499
"Kupplungssatz";479;34061;4;3;"IVECO";"DAILY II Pritsche/Fahrgestell";55;198901;199808;75;2499
"Kupplungssatz";479;34062;1;2;"IVECO";"DAILY II Pritsche/Fahrgestell";62;199809;199905;84;2798
"Kupplungssatz";479;34067;3;1;"IVECO";"DAILY I Pritsche/Fahrgestell";68;198501;198912;92;2445
"Kupplungssatz";479;34069;2;6;"IVECO";"DAILY II Pritsche/Fahrgestell";76;199601;199905;103;2798
"Kupplungssatz";479;34072;1;4;"IVECO";"DAILY II Kasten";76;199601;199905;103;2798
"Kupplungssatz";479;34074;3;0;"IVECO";"DAILY II Pritsche/Fahrgestell";85;199001;199604;116;2499
"Kupplungssatz";479;34075;2;3;"IVECO";"DAILY II Pritsche/Fahrgestell";90;199605;199905;122;2798
"Kupplungssatz";479;34080;1;3;"IVECO";"DAILY II Kasten";76;199001;199604;103;2499
"Kupplungssatz";479;34082;2;3;"IVECO";"DAILY II Bus";76;199101;199612;103;2499
"Kupplungssatz";479;34097;3;3;"IVECO";"DAILY II Pritsche/Fahrgestell";76;198901;199604;103;2499
"Kupplungssatz";479;34098;1;4;"IVECO";"DAILY II Pritsche/Fahrgestell";76;199605;199905;103;2798
"Kupplungssatz";479;34104;1;3;"IVECO";"DAILY II Pritsche/Fahrgestell";90;199605;199905;122;2798
"Kupplungssatz";479;34109;1;3;"IVECO";"DAILY II Pritsche/Fahrgestell";90;199605;199905;122;2798
"Kupplungssatz";479;34132;1;4;"IVECO";"DAILY II Kasten";76;199701;199905;103;2798
"Kupplungssatz";479;34150;1;2;"RENAULT TRUCKS";"MASCOTT Kasten";78;199901;200406;106;2800
"Kupplungssatz";479;34152;2;2;"RENAULT TRUCKS";"MASCOTT Pritsche/Fahrgestell";63;199901;200112;86;2800
"Kupplungssatz";479;34154;1;2;"MERCEDES-BENZ";"T2/LN1 Pritsche/Fahrgestell";63;198604;199412;86;3972
"Kupplungssatz";479;34164;2;2;"IVECO";"DAILY III Kasten";78;199905;200707;106;2798
"Kupplungssatz";479;34167;11;2;"IVECO";"DAILY III Pritsche/Fahrgestell";78;199905;200604;106;2798
"Kupplungssatz";479;34168;5;2;"IVECO";"DAILY III Kasten";78;199905;200707;106;2798
"Kupplungssatz";479;34169;7;1;"IVECO";"DAILY III Pritsche/Fahrgestell";92;199905;200604;125;2798
"Kupplungssatz";479;34170;5;1;"IVECO";"DAILY III Kasten";92;199905;200707;125;2798
"Kupplungssatz";479;34172;1;1;"IVECO";"DAILY III Kasten";78;199905;200707;106;2798
"Kupplungssatz";479;34173;3;1;"IVECO";"DAILY III Pritsche/Fahrgestell";92;199905;200604;125;2798
"Kupplungssatz";479;34174;3;1;"IVECO";"DAILY III Kasten";92;199905;200707;125;2798
"Kupplungssatz";479;34184;4;2;"MERCEDES-BENZ";"T1/TN Kasten";65;198204;198901;88;2998
"Kupplungssatz";479;34224;1;4;"MERCEDES-BENZ";"VARIO Bus (B670)";100;199609;201012;136;4249
"Kupplungssatz";479;34243;1;3;"IVECO";"DAILY III Pritsche/Fahrgestell";107;200111;200604;146;2798
"Kupplungssatz";479;34244;3;3;"IVECO";"DAILY III Pritsche/Fahrgestell";70;200209;200604;95;2287
"Kupplungssatz";479;34246;1;3;"IVECO";"DAILY III Pritsche/Fahrgestell";85;200209;200604;116;2287
"Kupplungssatz";479;34247;1;3;"IVECO";"DAILY III Kasten";85;200209;200707;116;2287
"Kupplungssatz";479;34249;1;3;"IVECO";"DAILY III Kasten";107;200211;200707;146;2798
"Kupplungssatz";479;34264;7;3;"IVECO";"DAILY III Pritsche/Fahrgestell";85;200209;200604;116;2287
"Kupplungssatz";479;34265;4;3;"IVECO";"DAILY III Kasten";85;200209;200707;116;2287
"Kupplungssatz";479;34270;1;0;"RENAULT TRUCKS";"MASCOTT Pritsche/Fahrgestell";85;200405;201012;115;2953
"Kupplungssatz";479;34280;4;6;"MERCEDES-BENZ";"SPRINTER 5-t Pritsche/Fahrgestell (B905)";115;200104;200605;156;2685
"Kupplungssatz";479;34282;1;4;"IVECO";"DAILY III Pritsche/Fahrgestell";100;200511;200604;136;2287
"Kupplungssatz";479;34283;2;3;"IVECO";"DAILY IV Pritsche/Fahrgestell";107;200605;201108;146;2998
"Kupplungssatz";479;34284;3;4;"IVECO";"DAILY IV Pritsche/Fahrgestell";130;200605;201108;176;2998
"Kupplungssatz";479;34285;1;4;"IVECO";"DAILY IV Pritsche/Fahrgestell";130;200605;201108;176;2998
"Kupplungssatz";479;34286;2;4;"IVECO";"DAILY IV Pritsche/Fahrgestell";130;200605;201108;176;2998
"Kupplungssatz";479;34288;4;4;"IVECO";"DAILY IV Pritsche/Fahrgestell";85;200605;201108;116;2287
"Kupplungssatz";479;34291;8;3;"IVECO";"DAILY IV Pritsche/Fahrgestell";85;200605;201108;116;2287
"Kupplungssatz";479;34292;6;4;"IVECO";"DAILY IV Pritsche/Fahrgestell";107;200605;201108;146;2998
"Kupplungssatz";479;34293;4;4;"IVECO";"DAILY IV Pritsche/Fahrgestell";130;200605;201108;176;2998
"Kupplungssatz";479;34294;2;4;"IVECO";"DAILY IV Pritsche/Fahrgestell";100;200605;201108;136;2287
"Kupplungssatz";479;34296;1;2;"IVECO";"DAILY IV Pritsche/Fahrgestell";85;200605;201108;116;2287
"Kupplungssatz";479;34298;1;4;"IVECO";"DAILY IV Pritsche/Fahrgestell";130;200605;201108;176;2998
"Kupplungssatz";479;34303;1;4;"IVECO";"DAILY IV Kasten";70;200605;201108;95;2287
"Kupplungssatz";479;34304;3;4;"IVECO";"DAILY IV Kasten";100;200605;201108;136;2287
"Kupplungssatz";479;34305;8;4;"IVECO";"DAILY IV Kasten";85;200605;201108;116;2287
"Kupplungssatz";479;34307;3;3;"IVECO";"DAILY IV Kasten";85;200605;201108;116;2287
"Kupplungssatz";479;34308;7;4;"IVECO";"DAILY IV Kasten";107;200605;201108;146;2998
"Kupplungssatz";479;34309;4;4;"IVECO";"DAILY IV Kasten";130;200605;201108;176;2998
"Kupplungssatz";479;34310;2;2;"IVECO";"DAILY IV Kasten";100;200605;201108;136;2287
"Kupplungssatz";479;34317;1;3;"IVECO";"DAILY IV Kasten";107;200605;201108;146;2998
"Kupplungssatz";479;34318;1;4;"IVECO";"DAILY IV Kasten";130;200605;201108;176;2998
"Kupplungssatz";479;34322;2;4;"IVECO";"DAILY IV Kasten";130;200605;201108;176;2998
"Kupplungssatz";479;34371;2;3;"IVECO";"DAILY II Pritsche/Fahrgestell";76;198901;199612;103;2499
"Kupplungssatz";479;34423;1;1;"IVECO";"DAILY III Pritsche/Fahrgestell";92;199905;200604;125;2798
"Kupplungssatz";479;34424;1;0;"IVECO";"DAILY III Kasten";92;199905;200604;125;2798
"Kupplungssatz";479;34427;1;0;"IVECO";"DAILY III Kasten";100;200501;200604;136;2287
"Kupplungssatz";479;34437;1;0;"IVECO";"DAILY III Kasten";100;200409;200604;136;2998
"Kupplungssatz";479;34438;1;0;"IVECO";"DAILY III Kasten";107;200111;200604;146;2798
"Kupplungssatz";479;34441;1;0;"IVECO";"DAILY III Kasten";107;200111;200604;146;2798
"Kupplungssatz";479;34443;2;4;"IVECO";"DAILY III Pritsche/Fahrgestell";122;200501;200604;166;2998
"Kupplungssatz";479;34454;1;2;"IVECO";"DAILY IV Kasten";100;200707;201108;136;2998
"Kupplungssatz";479;34459;1;0;"IVECO";"DAILY IV Kasten";93;200707;201108;126;2287
"Kupplungssatz";479;34460;1;2;"IVECO";"DAILY IV Kasten";78;200707;201108;106;2287
"Kupplungssatz";479;34463;3;5;"IVECO";"DAILY IV Kasten";125;200707;201108;170;2998
"Kupplungssatz";479;34465;6;5;"IVECO";"DAILY IV Kasten";125;200707;201108;170;2998
"Kupplungssatz";479;34466;2;2;"IVECO";"DAILY IV Kasten";93;200707;201108;126;2287
"Kupplungssatz";479;34468;1;4;"IVECO";"DAILY IV Kasten";125;200707;201108;170;2998
"Kupplungssatz";479;34485;5;5;"IVECO";"DAILY IV Pritsche/Fahrgestell";125;200707;201108;170;2998
"Kupplungssatz";479;34486;1;5;"IVECO";"DAILY IV Pritsche/Fahrgestell";103;200909;201108;140;2998
"Kupplungssatz";479;34487;1;4;"IVECO";"DAILY IV Pritsche/Fahrgestell";125;200707;201108;170;2998
"Kupplungssatz";479;34488;2;2;"IVECO";"DAILY IV Pritsche/Fahrgestell";93;200707;201108;126;2287
"Kupplungssatz";479;34491;1;2;"IVECO";"DAILY IV Pritsche/Fahrgestell";100;200707;201108;136;2998
"Kupplungssatz";479;34492;2;5;"IVECO";"DAILY IV Pritsche/Fahrgestell";125;200707;201108;170;2998
"Kupplungssatz";479;34503;1;2;"IVECO";"DAILY IV Pritsche/Fahrgestell";103;200909;201108;140;2998
"Kupplungssatz";479;34506;5;2;"IVECO";"DAILY IV Pritsche/Fahrgestell";78;200707;201108;106;2287
"Kupplungssatz";479;34507;1;5;"IVECO";"DAILY IV Pritsche/Fahrgestell";125;200707;201108;170;2998
"Kupplungssatz";479;34517;2;1;"ISUZU";"D-MAX I Pritsche/Fahrgestell (TFR, TFS)";120;200701;201206;163;2999
"Kupplungssatz";479;34518;1;1;"ISUZU";"D-MAX I (TFR, TFS)";120;200701;201206;163;2999
"Kupplungssatz";479;34552;1;0;"NISSAN";"370Z Roadster (Z34)";241;201001;;328;3696
"Kupplungssatz";479;34566;1;0;"TOYOTA";"HILUX VI Pick-up (_N1_)";71;199801;200504;97;2986
"Kupplungssatz";479;34581;2;2;"TOYOTA";"HILUX VII Pick-up (_N1_, _N2_, _N3_)";120;200503;201505;163;2982
"Kupplungssatz";479;34586;1;1;"TOYOTA";"HILUX VII Pick-up (_N1_, _N2_, _N3_)";120;200508;201505;163;2982
"Kupplungssatz";479;34680;2;0;"TOYOTA";"LAND CRUISER Pick-up (_J7_)";96;199001;200702;131;4164
"Kupplungssatz";479;34691;2;0;"TOYOTA";"LAND CRUISER 100 (_J1_)";165;199803;200807;224;4477
"Kupplungssatz";479;34721;56;2;"NISSAN";"JUKE (F15)";86;201006;;117;1598
"Kupplungssatz";479;34723;1;0;"NISSAN";"JUKE (F15)";140;201006;;190;1618
"Kupplungssatz";479;34724;7;2;"NISSAN";"JUKE (F15)";140;201006;;190;1618
"Kupplungssatz";479;34725;64;4;"NISSAN";"JUKE (F15)";81;201006;;110;1461
"Kupplungssatz";479;34737;27;2;"KIA";"PICANTO I (SA)";46;200709;201104;63;999
"Kupplungssatz";479;34738;16;3;"RENAULT";"KANGOO BE BOP (KW0/1_)";66;200906;201212;90;1461
"Kupplungssatz";479;34739;1;1;"RENAULT";"LATITUDE (L70_)";103;201102;;140;1997
"Kupplungssatz";479;34744;23;4;"RENAULT";"CLIO III (BR0/1, CR0/1)";55;201008;201412;75;1461
"Kupplungssatz";479;34745;5;4;"RENAULT";"CLIO III Grandtour (KR0/1_)";55;201008;201212;75;1461
"Kupplungssatz";479;34746;25;4;"RENAULT";"CLIO III (BR0/1, CR0/1)";65;201008;201412;88;1461
"Kupplungssatz";479;34747;3;1;"RENAULT";"CLIO III Grandtour (KR0/1_)";65;201008;201212;88;1461
"Kupplungssatz";479;34749;1;2;"RENAULT";"CLIO III Grandtour (KR0/1_)";48;200711;201212;65;1461
"Kupplungssatz";479;34750;5;1;"RENAULT";"LAGUNA III Grandtour (KT0/1)";103;200710;201512;140;1997
"Kupplungssatz";479;34751;3;1;"RENAULT";"LAGUNA III (BT0/1)";103;200710;201512;140;1997
"Kupplungssatz";479;34757;10;0;"NISSAN";"PATHFINDER III (R51)";140;201008;;190;2488
"Kupplungssatz";479;34764;2;4;"RENAULT";"MEGANE III Coupe (DZ0/1_)";63;200811;201508;86;1461
"Kupplungssatz";479;34765;11;4;"RENAULT";"MEGANE III Coupe (DZ0/1_)";78;200902;;106;1461
"Kupplungssatz";479;34767;1;1;"BMW";"3 Touring (E91)";150;201002;201206;204;2993
"Kupplungssatz";479;34769;2;2;"MERCEDES-BENZ";"C-CLASS T-Model (S204)";150;200901;201408;204;2143
"Kupplungssatz";479;34793;4;1;"VW";"GOLF VI Variant (AJ5)";63;201007;201307;86;1197
"Kupplungssatz";479;34795;4;8;"VW";"GOLF VI Variant (AJ5)";100;200907;201307;136;1968
"Kupplungssatz";479;34801;5;1;"HYUNDAI";"i20 I (PB, PBT)";66;200808;201512;90;1396
"Kupplungssatz";479;34802;2;1;"CHEVROLET";"AVEO / KALOS Schrägheck (T250, T255)";56;200701;201209;76;1150
"Kupplungssatz";479;34859;1;7;"SEAT";"ALTEA XL (5P5, 5P8)";66;201011;;90;1598
"Kupplungssatz";479;34860;1;1;"MAZDA";"6 Stufenheck (GH)";114;201001;201212;155;1999
"Kupplungssatz";479;34878;1;1;"VAUXHALL";"AGILA Mk II (B) (H08)";69;200801;201411;94;1242
"Kupplungssatz";479;34879;7;5;"VW";"GOLF VI (5K1)";118;200906;201101;160;1798
"Kupplungssatz";479;34905;6;6;"OPEL";"MOVANO B Kasten (X62)";74;201005;;101;2298
"Kupplungssatz";479;34906;26;6;"OPEL";"MOVANO B Kasten (X62)";92;201005;;125;2298
"Kupplungssatz";479;34907;14;10;"OPEL";"MOVANO B Kasten (X62)";107;201005;;146;2298
"Kupplungssatz";479;34909;1;6;"OPEL";"MOVANO B Kasten (X62)";92;201005;;125;2298
"Kupplungssatz";479;34910;1;6;"OPEL";"MOVANO B Kasten (X62)";107;201005;;146;2298
"Kupplungssatz";479;34911;3;6;"OPEL";"MOVANO B Pritsche/Fahrgestell (X62)";74;201005;;101;2298
"Kupplungssatz";479;34913;16;6;"OPEL";"MOVANO B Pritsche/Fahrgestell (X62)";92;201005;;125;2298
"Kupplungssatz";479;34914;2;6;"OPEL";"MOVANO B Pritsche/Fahrgestell (X62)";92;201005;;125;2298
"Kupplungssatz";479;34915;10;6;"OPEL";"MOVANO B Pritsche/Fahrgestell (X62)";107;201005;;146;2298
"Kupplungssatz";479;34916;2;6;"OPEL";"MOVANO B Pritsche/Fahrgestell (X62)";107;201005;;146;2298
"Kupplungssatz";479;34917;10;3;"MINI";"MINI Cabriolet (R57)";82;200905;201311;112;1598
"Kupplungssatz";479;34918;6;3;"MINI";"MINI CLUBMAN (R55)";66;201003;201406;90;1598
"Kupplungssatz";479;34919;8;3;"MINI";"MINI CLUBMAN (R55)";82;201003;201406;112;1598
"Kupplungssatz";479;34920;26;3;"MINI";"MINI (R56)";82;201006;201311;112;1598
"Kupplungssatz";479;34921;21;2;"MINI";"MINI COUNTRYMAN (R60)";72;201008;201610;98;1598
"Kupplungssatz";479;34922;16;3;"MINI";"MINI COUNTRYMAN (R60)";66;201008;201610;90;1598
"Kupplungssatz";479;34923;35;2;"MINI";"MINI COUNTRYMAN (R60)";90;201008;201610;122;1598
"Kupplungssatz";479;34924;33;3;"MINI";"MINI COUNTRYMAN (R60)";82;201008;201610;112;1598
"Kupplungssatz";479;34925;15;2;"MINI";"MINI COUNTRYMAN (R60)";135;201008;201610;184;1598
"Kupplungssatz";479;34926;24;3;"MINI";"MINI COUNTRYMAN (R60)";82;201008;201610;112;1598
"Kupplungssatz";479;34927;21;2;"MINI";"MINI COUNTRYMAN (R60)";135;201008;201610;184;1598
"Kupplungssatz";479;34931;9;0;"HONDA";"CR-V III (RE_)";110;200701;;150;2199
"Kupplungssatz";479;34938;3;3;"TOYOTA";"RAV 4 III (_A3_)";110;200812;201306;150;2231
"Kupplungssatz";479;34939;1;0;"AUDI";"A7 Sportback (4GA, 4GF)";150;201010;201503;204;2773
"Kupplungssatz";479;34941;1;0;"AUDI";"A7 Sportback (4GA, 4GF)";180;201010;201606;245;2967
"Kupplungssatz";479;34943;34;0;"TOYOTA";"HILUX VII Pick-up (_N1_, _N2_, _N3_)";106;200712;201505;144;2494
"Kupplungssatz";479;34947;42;2;"VW";"CADDY III Großraumlimousine (2KB, 2KJ, 2CB, 2CJ)";63;201009;201505;86;1197
"Kupplungssatz";479;34948;52;2;"VW";"CADDY III Großraumlimousine (2KB, 2KJ, 2CB, 2CJ)";77;201009;201505;105;1197
"Kupplungssatz";479;34949;90;7;"VW";"CADDY III Großraumlimousine (2KB, 2KJ, 2CB, 2CJ)";103;201011;201505;140;1968
"Kupplungssatz";479;34950;50;1;"VW";"CADDY III Großraumlimousine (2KB, 2KJ, 2CB, 2CJ)";55;201008;201505;75;1598
"Kupplungssatz";479;34951;234;3;"VW";"CADDY III Großraumlimousine (2KB, 2KJ, 2CB, 2CJ)";75;201008;201505;102;1598
"Kupplungssatz";479;34952;49;7;"VW";"CADDY III Großraumlimousine (2KB, 2KJ, 2CB, 2CJ)";81;201008;201505;110;1968
"Kupplungssatz";479;34953;11;2;"VW";"CADDY III Kasten/Großraumlimousine (2KA, 2KH, 2CA, 2CH)";63;201009;201505;86;1197
"Kupplungssatz";479;34954;4;2;"VW";"CADDY III Kasten/Großraumlimousine (2KA, 2KH, 2CA, 2CH)";77;201009;201505;105;1197
"Kupplungssatz";479;34955;73;1;"VW";"CADDY III Kasten/Großraumlimousine (2KA, 2KH, 2CA, 2CH)";55;201008;201505;75;1598
"Kupplungssatz";479;34956;57;7;"VW";"CADDY III Kasten/Großraumlimousine (2KA, 2KH, 2CA, 2CH)";81;201008;201505;110;1968
"Kupplungssatz";479;34957;25;7;"VW";"CADDY III Kasten/Großraumlimousine (2KA, 2KH, 2CA, 2CH)";103;201011;201505;140;1968
"Kupplungssatz";479;34958;127;3;"VW";"CADDY III Kasten/Großraumlimousine (2KA, 2KH, 2CA, 2CH)";75;201008;201505;102;1598
"Kupplungssatz";479;34960;4;3;"HYUNDAI";"SANTA FÉ II (CM)";145;200901;201212;197;2199
"Kupplungssatz";479;34961;2;3;"HYUNDAI";"SANTA FÉ II (CM)";145;200901;201212;197;2199
"Kupplungssatz";479;34972;2;1;"CHEVROLET";"CAPTIVA (C100, C140)";100;200701;;136;2405
"Kupplungssatz";479;34974;4;2;"CHEVROLET";"CRUZE (J300)";92;200905;201105;125;1991
"Kupplungssatz";479;34975;8;7;"VW";"SHARAN (7N1, 7N2)";100;201005;;136;1968
"Kupplungssatz";479;34976;9;0;"SUZUKI";"GRAND VITARA I (FT, HT)";80;200102;200312;109;1997
"Kupplungssatz";479;34977;2;7;"VW";"TOURAN (1T3)";66;201005;201505;90;1598
"Kupplungssatz";479;34978;3;1;"TOYOTA";"AYGO (_B1_)";50;200507;201405;68;998
"Kupplungssatz";479;34979;5;5;"VW";"AMAROK (2HA, 2HB, S1B, S6B, S7A, S7B)";90;201009;201310;122;1968
"Kupplungssatz";479;34981;4;0;"VW";"FOX Schrägheck (5Z1, 5Z3, 5Z4)";44;201009;201112;60;1198
"Kupplungssatz";479;34982;49;1;"TOYOTA";"AURIS (_E15_)";73;201001;201209;99;1329
"Kupplungssatz";479;34986;1;1;"BMW";"Z4 Roadster (E89)";250;201003;201608;340;2979
"Kupplungssatz";479;34989;1;3;"BMW";"X1 (E84)";120;201003;201506;163;1995
"Kupplungssatz";479;34991;1;3;"BMW";"X1 (E84)";100;200903;201506;136;1995
"Kupplungssatz";479;34992;22;3;"BMW";"X1 (E84)";110;201003;201506;150;1995
"Kupplungssatz";479;34994;2;2;"MINI";"MINI CLUBMAN (R55)";70;200903;201002;95;1397
"Kupplungssatz";479;34997;8;1;"MERCEDES-BENZ";"GLK-CLASS (X204)";105;201007;201506;143;2143
"Kupplungssatz";479;35269;17;7;"DACIA";"SANDERO II";55;201210;;75;1461
"Kupplungssatz";479;35422;11;0;"HONDA";"CR-V IV (RM_)";88;201310;;120;1597
"Kupplungssatz";479;35456;14;2;"NISSAN";"NOTE (E12)";66;201306;;90;1461
"Kupplungssatz";479;35666;1;3;"AUDI";"A3 Limousine (8VS, 8VM)";90;201309;202010;122;1395
"Kupplungssatz";479;37793;1;2;"PEUGEOT";"BOXER Kasten (244)";93;200509;200909;126;2798
"Kupplungssatz";479;38703;81;2;"FORD";"ECOSPORT";92;201310;;125;998
"Kupplungssatz";479;39229;3;1;"SKODA";"RAPID Spaceback (NH1)";63;201207;201505;86;1197
"Kupplungssatz";479;39231;6;1;"SKODA";"RAPID Spaceback (NH1)";77;201207;201505;105;1197
"Kupplungssatz";479;39271;14;1;"SKODA";"RAPID Spaceback (NH1)";77;201207;201912;105;1598
"Kupplungssatz";479;39840;5;3;"FORD";"ECOSPORT";82;201310;;112;1499
"Kupplungssatz";479;39881;5;5;"FORD";"ECOSPORT";66;201310;;90;1499
"Kupplungssatz";479;42472;3;0;"TOYOTA";"RAV 4 IV (_A4_)";107;201212;;146;1987
"Kupplungssatz";479;45814;9;2;"VW";"GOLF VII (5G1, BQ1, BE1, BE2)";81;201306;201807;110;1395
"Kupplungssatz";479;46337;1;0;"NISSAN";"NAVARA (D21)";103;198601;198912;140;2960
"Kupplungssatz";479;49226;1;1;"BMW";"4 Coupe (F32, F82)";135;201311;201702;184;1997
"Kupplungssatz";479;50239;12;3;"ALFA ROMEO";"MITO (955_)";57;201103;201810;78;1368
"Kupplungssatz";479;50282;3;2;"FIAT";"500 (312_)";75;200809;;102;1368
"Kupplungssatz";479;50618;7;1;"MAZDA";"CX-5 (KE, GH)";121;201111;201702;165;1998
"Kupplungssatz";479;50635;12;0;"NISSAN";"CABSTAR (F24M, F24W)";81;200609;201312;110;2488
"Kupplungssatz";479;50655;1;0;"PEUGEOT";"206 CC (2D)";81;200109;200812;110;1587
"Kupplungssatz";479;50725;10;1;"MAZDA";"CX-5 (KE, GH)";118;201111;201702;160;1998
"Kupplungssatz";479;50757;16;1;"MAZDA";"CX-5 (KE, GH)";110;201204;201702;150;2191
"Kupplungssatz";479;50758;6;1;"TOYOTA";"AVANZA (F60_)";80;200609;201112;109;1495
"Kupplungssatz";479;50841;17;1;"MAZDA";"CX-5 (KE, GH)";110;201204;201702;150;2191
"Kupplungssatz";479;50842;10;1;"MAZDA";"CX-5 (KE, GH)";129;201204;201702;175;2191
"Kupplungssatz";479;52004;10;2;"KIA";"CEE'D (JD)";150;201306;201807;204;1591
"Kupplungssatz";479;52008;1;1;"PEUGEOT";"207 SW (WK_)";72;200911;201212;98;1397
"Kupplungssatz";479;52395;6;2;"SKODA";"RAPID Spaceback (NH1)";66;201308;201505;90;1598
"Kupplungssatz";479;52436;1;0;"RENAULT";"CLIO III (BR0/1, CR0/1)";55;200807;201212;75;1149
"Kupplungssatz";479;52438;6;1;"TOYOTA";"COROLLA Stufenheck (_E18_, ZRE1_)";73;201306;201812;99;1329
"Kupplungssatz";479;52439;11;1;"TOYOTA";"COROLLA Stufenheck (_E18_, ZRE1_)";66;201306;201812;90;1364
"Kupplungssatz";479;52440;7;1;"TOYOTA";"COROLLA Stufenheck (_E18_, ZRE1_)";97;201306;201812;132;1598
"Kupplungssatz";479;52441;1;5;"CITROËN";"C3 I (FC_, FN_)";58;200512;201207;79;1360
"Kupplungssatz";479;52464;13;1;"FIAT";"500L (351_, 352_)";88;201309;;120;1598
"Kupplungssatz";479;52465;1;2;"FIAT";"PUNTO (199_)";77;201307;;105;875
"Kupplungssatz";479;53215;1;0;"PEUGEOT";"3008 Großraumlimousine (0U_)";147;201102;201608;200;1997
"Kupplungssatz";479;53216;3;1;"CITROËN";"C4 GRAND PICASSO II (DA_, DE_)";88;201309;;120;1598
"Kupplungssatz";479;53217;5;4;"CITROËN";"C4 GRAND PICASSO II (DA_, DE_)";115;201309;;156;1598
"Kupplungssatz";479;53221;1;4;"CITROËN";"C4 GRAND PICASSO II (DA_, DE_)";68;201309;;92;1560
"Kupplungssatz";479;53234;1;1;"BMW";"3 (F30, F80)";100;201203;201810;136;1995
"Kupplungssatz";479;53293;33;6;"CITROËN";"C4 GRAND PICASSO II (DA_, DE_)";85;201309;;115;1560
"Kupplungssatz";479;53295;17;4;"CITROËN";"C4 PICASSO II";110;201309;;150;1997
"Kupplungssatz";479;53296;15;6;"CITROËN";"C4 GRAND PICASSO II (DA_, DE_)";110;201306;;150;1997
"Kupplungssatz";479;53300;27;7;"DACIA";"DUSTER (HS_)";80;201308;201801;109;1461
"Kupplungssatz";479;53301;9;2;"RENAULT";"KANGOO Express (FW0/1_)";84;201307;;115;1197
"Kupplungssatz";479;53302;6;1;"KIA";"PICANTO II (TA)";49;201308;201703;67;998
"Kupplungssatz";479;53303;23;3;"RENAULT";"KANGOO / GRAND KANGOO II (KW0/1_)";84;201307;;115;1197
"Kupplungssatz";479;53335;8;2;"FORD";"TOURNEO CONNECT / GRAND TOURNEO CONNECT V408 Großraumlimousi";70;201309;;95;1560
"Kupplungssatz";479;53336;36;0;"FORD";"TOURNEO CONNECT / GRAND TOURNEO CONNECT V408 Großraumlimousi";74;201311;;100;998
"Kupplungssatz";479;53339;27;2;"FORD";"TOURNEO CONNECT / GRAND TOURNEO CONNECT V408 Großraumlimousi";85;201309;;115;1560
"Kupplungssatz";479;53360;6;2;"AUDI";"A3 Limousine (8VS, 8VM)";77;201309;;105;1598
"Kupplungssatz";479;53382;15;6;"OPEL";"ZAFIRA / ZAFIRA FAMILY B (A05)";88;201306;201504;120;1796
"Kupplungssatz";479;53385;3;3;"OPEL";"ASTRA J GTC";147;201307;;200;1598
"Kupplungssatz";479;53386;2;1;"KIA";"RIO III (UB)";63;201109;201712;86;1248
"Kupplungssatz";479;53387;1;1;"CITROËN";"DS5";147;201112;201507;200;1997
"Kupplungssatz";479;53388;14;3;"OPEL";"ZAFIRA TOURER C (P12)";147;201307;;200;1598
"Kupplungssatz";479;53389;25;2;"FORD";"TRANSIT CONNECT V408 Kasten/Großraumlimousine";85;201302;;115;1560
"Kupplungssatz";479;53392;38;2;"FORD";"TRANSIT CONNECT V408 Kasten/Großraumlimousine";70;201302;;95;1560
"Kupplungssatz";479;53393;8;2;"FORD";"TRANSIT CONNECT V408 Kasten/Großraumlimousine";55;201302;;75;1560
"Kupplungssatz";479;53397;2;2;"FORD";"TOURNEO CONNECT / GRAND TOURNEO CONNECT V408 Großraumlimousi";55;201309;;75;1560
"Kupplungssatz";479;53399;34;0;"FORD";"TRANSIT CONNECT V408 Kasten/Großraumlimousine";74;201302;;100;998
"Kupplungssatz";479;53614;2;2;"NISSAN";"PATHFINDER III (R51)";120;200501;;163;2488
"Kupplungssatz";479;53618;3;2;"KIA";"CEE'D Schrägheck (ED)";100;200706;201212;136;1991
"Kupplungssatz";479;53686;7;2;"AUDI";"A3 Limousine (8VS, 8VM)";92;201309;;125;1395
"Kupplungssatz";479;54521;1;4;"RENAULT";"MEGANE III Grandtour (KZ0/1)";63;200903;;86;1461
"Kupplungssatz";479;54912;3;1;"MAZDA";"2 (DE_, DH_)";75;201106;201506;102;1498
"Kupplungssatz";479;54913;18;2;"MAZDA";"2 (DE_, DH_)";62;201001;201506;84;1349
"Kupplungssatz";479;54921;1;2;"OPEL";"VECTRA C (Z02)";86;200204;200412;117;2172
"Kupplungssatz";479;54930;3;3;"MERCEDES-BENZ";"C-CLASS (W203)";100;200005;200702;136;2148
"Kupplungssatz";479;54935;1;0;"MERCEDES-BENZ";"E-CLASS T-Model (S210)";100;199905;200303;136;2148
"Kupplungssatz";479;54937;2;2;"MERCEDES-BENZ";"E-CLASS (W211)";120;200203;200812;163;2685
"Kupplungssatz";479;54947;2;0;"RENAULT";"LAGUNA II (BG0/1_)";98;200208;200612;133;1998
"Kupplungssatz";479;54951;1;3;"MERCEDES-BENZ";"C-CLASS T-Model (S204)";120;200708;200811;163;2148
"Kupplungssatz";479;54958;2;1;"MERCEDES-BENZ";"B-CLASS Sports Tourer (W245)";100;200503;201111;136;1991
"Kupplungssatz";479;54979;2;5;"FORD";"TRANSIT Bus (FD_ _, FB_ _, FS_ _, FZ_ _, FC_ _)";100;201109;201408;135;2198
"Kupplungssatz";479;54980;4;1;"OPEL";"COMBO Kasten/Großraumlimousine (X12)";88;201202;;120;1368
"Kupplungssatz";479;55073;25;1;"KIA";"CEE'D (JD)";73;201205;201807;100;1396
"Kupplungssatz";479;55074;35;2;"KIA";"CEE'D (JD)";99;201205;201807;135;1591
"Kupplungssatz";479;55076;10;1;"KIA";"CEE'D (JD)";66;201205;201807;90;1396
"Kupplungssatz";479;55077;14;1;"KIA";"CEE'D (JD)";94;201205;201807;128;1582
"Kupplungssatz";479;55089;5;4;"OPEL";"ASTRA J GTC";206;201204;;280;1998
"Kupplungssatz";479;55091;43;0;"ISUZU";"D-MAX II (TFR, TFS)";120;201206;;163;2499
"Kupplungssatz";479;55092;9;2;"AUDI";"A3 (8V1, 8VK)";90;201204;201405;122;1395
"Kupplungssatz";479;55095;35;6;"AUDI";"A3 (8V1, 8VK)";110;201204;201712;150;1968
"Kupplungssatz";479;55096;10;3;"VOLVO";"V40 Schrägheck (525)";110;201203;201612;150;1596
"Kupplungssatz";479;55097;3;3;"VOLVO";"V40 Schrägheck (525)";132;201203;201612;180;1596
"Kupplungssatz";479;55098;71;3;"VOLVO";"V40 Schrägheck (525)";84;201203;201612;114;1560
"Kupplungssatz";479;55099;1;0;"ISUZU";"D-MAX II (TFR, TFS)";120;201206;;163;2499
"Kupplungssatz";479;55100;17;2;"VOLVO";"V40 Schrägheck (525)";110;201203;201503;150;1984
"Kupplungssatz";479;55101;1;6;"CHEVROLET";"MALIBU (V300)";118;201204;;160;1956
"Kupplungssatz";479;55103;3;3;"AUDI";"A1 Sportback (8XA, 8XF)";105;201109;201504;143;1968
"Kupplungssatz";479;55105;93;2;"FORD";"B-MAX (JK)";74;201210;;100;998
"Kupplungssatz";479;55106;8;2;"FORD";"B-MAX (JK)";88;201210;;120;998
"Kupplungssatz";479;55107;7;1;"FORD";"B-MAX (JK)";77;201210;;105;1596
"Kupplungssatz";479;55108;9;2;"FORD";"B-MAX (JK)";70;201210;;95;1560
"Kupplungssatz";479;55111;1;1;"VW";"TRANSPORTER T5 Pritsche/Fahrgestell (7JD, 7JE, 7JL, 7JY, 7JZ";110;201207;201508;150;1984
"Kupplungssatz";479;55112;2;1;"VW";"MULTIVAN T5 (7HM, 7HN, 7HF, 7EF, 7EM, 7EN)";110;201207;201508;150;1984
"Kupplungssatz";479;55115;1;3;"VW";"CRAFTER 30-50 Pritsche/Fahrgestell (2F_)";120;201111;201612;163;1968
"Kupplungssatz";479;55118;75;3;"OPEL";"MOKKA / MOKKA X (J13)";103;201206;;140;1364
"Kupplungssatz";479;55119;14;3;"OPEL";"MOKKA / MOKKA X (J13)";85;201206;;116;1598
"Kupplungssatz";479;55120;53;3;"OPEL";"MOKKA / MOKKA X (J13)";96;201206;;131;1686
"Kupplungssatz";479;55121;16;3;"OPEL";"MOKKA / MOKKA X (J13)";96;201206;;131;1686
"Kupplungssatz";479;55122;4;0;"SUBARU";"BRZ";147;201206;;200;1998
"Kupplungssatz";479;55123;1;1;"BMW";"3 Touring (F31)";135;201211;201506;184;1997
"Kupplungssatz";479;55124;9;1;"BMW";"3 Touring (F31)";180;201207;201506;245;1997
"Kupplungssatz";479;55125;13;2;"BMW";"3 Touring (F31)";85;201211;201906;116;1995
"Kupplungssatz";479;55126;24;2;"BMW";"3 Touring (F31)";105;201211;201506;143;1995
"Kupplungssatz";479;55127;21;3;"BMW";"3 Touring (F31)";135;201207;201602;184;1995
"Kupplungssatz";479;55130;4;2;"PEUGEOT";"4008";84;201205;;114;1560
"Kupplungssatz";479;55131;2;2;"PEUGEOT";"4008";110;201205;;150;1798
"Kupplungssatz";479;55133;2;0;"CITROËN";"C4 AIRCROSS";86;201204;;117;1590
"Kupplungssatz";479;55134;4;2;"CITROËN";"C4 AIRCROSS";84;201204;;114;1560
"Kupplungssatz";479;55298;1;3;"VAUXHALL";"MOKKA / MOKKA X (J13)";96;201206;;131;1686
"Kupplungssatz";479;55332;34;1;"MERCEDES-BENZ";"A-CLASS (W176)";90;201209;201805;122;1595
"Kupplungssatz";479;55333;4;1;"MERCEDES-BENZ";"A-CLASS (W176)";115;201206;201805;156;1595
"Kupplungssatz";479;55336;13;1;"MERCEDES-BENZ";"A-CLASS (W176)";80;201206;201805;109;1461
"Kupplungssatz";479;55337;1;1;"MERCEDES-BENZ";"A-CLASS (W176)";80;201206;201410;109;1796
"Kupplungssatz";479;55338;8;1;"MERCEDES-BENZ";"A-CLASS (W176)";100;201206;201410;136;1796
"Kupplungssatz";479;55380;1;3;"OPEL";"ASTRA J Stufenheck";132;201206;;180;1598
"Kupplungssatz";479;55382;14;5;"OPEL";"ASTRA J Stufenheck";103;201206;;140;1364
"Kupplungssatz";479;55384;7;3;"OPEL";"ASTRA J Stufenheck";81;201206;201510;110;1686
"Kupplungssatz";479;55385;2;3;"OPEL";"ASTRA J Stufenheck";96;201206;201510;131;1686
"Kupplungssatz";479;55395;1;0;"SMART";"FORTWO Cabrio (451)";88;201204;;120;999
"Kupplungssatz";479;55439;12;1;"CHEVROLET";"AVEO / KALOS Schrägheck (T250, T255)";62;200804;201112;84;1206
"Kupplungssatz";479;55440;2;2;"CHEVROLET";"SPARK (M300)";60;201003;;82;1206
"Kupplungssatz";479;55441;12;3;"FIAT";"PUNTO (199_)";57;201203;;78;1368
"Kupplungssatz";479;55442;4;2;"CHEVROLET";"SPARK (M300)";50;201003;;68;995
"Kupplungssatz";479;55443;4;3;"OPEL";"ZAFIRA TOURER C (P12)";103;201110;;140;1364
"Kupplungssatz";479;55446;4;1;"FIAT";"PUNTO (188_)";44;200708;201203;60;1242
"Kupplungssatz";479;55448;1;2;"MITSUBISHI";"COLT VI (Z3_A, Z2_A)";70;200406;201206;95;1332
"Kupplungssatz";479;55449;1;1;"OPEL";"ANTARA A (L07)";103;200810;;140;2405
"Kupplungssatz";479;55456;1;0;"MITSUBISHI";"LANCER VIII (CY_A, CZ_A)";80;201002;;109;1499
"Kupplungssatz";479;55466;38;2;"FORD";"B-MAX (JK)";66;201210;;90;1388
"Kupplungssatz";479;55485;3;2;"FORD";"FOCUS III Turnier";184;201207;;250;1999
"Kupplungssatz";479;55488;16;1;"BMW";"1 (F20)";75;201207;201502;102;1598
"Kupplungssatz";479;55494;2;0;"VW";"TOURAN (1T3)";125;201005;201301;170;1968
"Kupplungssatz";479;55508;199;9;"VW";"TOURAN (1T3)";77;201005;201505;105;1598
"Kupplungssatz";479;55510;37;4;"VW";"TOURAN (1T3)";103;201005;201505;140;1390
"Kupplungssatz";479;55511;29;3;"FORD";"FOCUS III Turnier";77;201205;;105;1560
"Kupplungssatz";479;55512;1;2;"FORD";"C-MAX II (DXA/CB7, DXA/CEU)";88;201202;201906;120;1596
"Kupplungssatz";479;55513;5;4;"VW";"TOURAN (1T3)";110;201005;201505;150;1390
"Kupplungssatz";479;55514;7;3;"FORD";"FOCUS III";77;201205;;105;1560
"Kupplungssatz";479;55526;217;8;"VW";"TOURAN (1T3)";103;201005;201505;140;1968
"Kupplungssatz";479;55537;6;2;"FORD";"B-MAX (JK)";55;201210;;75;1499
"Kupplungssatz";479;55540;11;2;"FORD";"FOCUS III";184;201207;201712;250;1999
"Kupplungssatz";479;55549;1;1;"TOYOTA";"COROLLA (_E10_)";78;199409;199712;106;1587
"Kupplungssatz";479;55571;7;1;"HYUNDAI";"i30 (GD)";94;201112;201512;128;1582
"Kupplungssatz";479;55572;1;3;"HYUNDAI";"i40 I (VF)";99;201203;201905;135;1591
"Kupplungssatz";479;55574;9;3;"HYUNDAI";"i40 I (VF)";85;201203;201905;116;1685
"Kupplungssatz";479;55575;5;3;"HYUNDAI";"i40 I (VF)";100;201203;201905;136;1685
"Kupplungssatz";479;55577;10;3;"HYUNDAI";"H-1 Cargo (TQ)";85;200901;;116;2497
"Kupplungssatz";479;55578;6;5;"HYUNDAI";"H-1 Cargo (TQ)";100;200908;;136;2497
"Kupplungssatz";479;55585;2;2;"VW";"TOURAN (1T3)";125;201005;201505;170;1390
"Kupplungssatz";479;55590;9;2;"AUDI";"A3 (8V1, 8VK)";77;201210;201505;105;1598
"Kupplungssatz";479;55592;6;5;"AUDI";"A3 (8V1, 8VK)";110;201210;201712;150;1968
"Kupplungssatz";479;55593;2;4;"AUDI";"A3 (8V1, 8VK)";135;201305;201608;184;1968
"Kupplungssatz";479;55595;1;1;"AUDI";"A3 (8V1, 8VK)";103;201303;201608;140;1395
"Kupplungssatz";479;55596;25;3;"AUDI";"A3 Sportback (8VA, 8VF)";90;201209;202010;122;1395
"Kupplungssatz";479;55597;94;6;"AUDI";"A3 Sportback (8VA, 8VF)";110;201209;202010;150;1968
"Kupplungssatz";479;55598;2;1;"AUDI";"A3 Sportback (8VA, 8VF)";135;201305;201807;184;1968
"Kupplungssatz";479;55600;3;4;"AUDI";"A3 Sportback (8VA, 8VF)";132;201209;;180;1798
"Kupplungssatz";479;55605;1;0;"TOYOTA";"DYNA Pritsche/Fahrgestell (LH8_)";61;198508;199505;83;2446
"Kupplungssatz";479;55609;3;1;"CHEVROLET";"AVEO / KALOS Schrägheck (T250, T255)";53;200606;;72;1150
"Kupplungssatz";479;55611;6;0;"CHEVROLET";"SPARK";49;200505;;67;995
"Kupplungssatz";479;55626;1;1;"HYUNDAI";"H100 Pritsche/Fahrgestell (HR)";58;200401;;79;2607
"Kupplungssatz";479;55634;40;2;"FIAT";"500L (351_, 352_)";70;201209;;95;1368
"Kupplungssatz";479;55635;24;2;"FIAT";"500L (351_, 352_)";77;201209;;105;875
"Kupplungssatz";479;55636;6;2;"FIAT";"500L (351_, 352_)";62;201209;;84;1248
"Kupplungssatz";479;55645;3;3;"HYUNDAI";"ACCENT IV Stufenheck (RB)";94;201011;201712;128;1582
"Kupplungssatz";479;55681;1;2;"HYUNDAI";"ELANTRA V Stufenheck (MD, UD)";94;201104;201604;128;1591
"Kupplungssatz";479;55711;5;0;"TOYOTA";"TAZZ (E9_)";53;199604;200607;72;1296
"Kupplungssatz";479;55717;1;0;"VW";"CITI GOLF";54;200202;200908;73;1423
"Kupplungssatz";479;55719;1;0;"VW";"CITI GOLF";74;199912;200908;101;1595
"Kupplungssatz";479;55723;1;0;"ISUZU";"KB";120;201008;;163;2999
"Kupplungssatz";479;55726;1;0;"ISUZU";"KB";85;200207;200406;116;1998
"Kupplungssatz";479;55728;5;0;"ISUZU";"KB";85;200810;;116;2499
"Kupplungssatz";479;55733;1;0;"ISUZU";"KB";120;201008;;163;2999
"Kupplungssatz";479;55734;1;0;"ISUZU";"KB";96;200210;200309;131;2999
"Kupplungssatz";479;55742;6;0;"ISUZU";"KB";58;200407;200809;79;2499
"Kupplungssatz";479;55743;3;0;"ISUZU";"KB";58;200407;200809;79;2499
"Kupplungssatz";479;55746;9;0;"NISSAN";"1400 BAKKIE (B140)";47;198909;200809;64;1397
"Kupplungssatz";479;55764;1;0;"MAZDA";"RUSTLER";63;199309;200410;86;1597
"Kupplungssatz";479;55784;1;0;"ISUZU";"KB";64;199012;200004;87;2254
"Kupplungssatz";479;55786;4;2;"HYUNDAI";"i30 (GD)";95;201112;201512;129;1591
"Kupplungssatz";479;55792;1;0;"TOYOTA";"QUALIS (_F5_)";97;199904;200306;132;2438
"Kupplungssatz";479;55793;1;0;"HYUNDAI";"COUPE I (RD)";79;200008;200201;107;1599
"Kupplungssatz";479;55795;1;3;"HYUNDAI";"SANTA FÉ III (DM, DMA)";110;201209;;150;1995
"Kupplungssatz";479;55796;2;3;"HYUNDAI";"SANTA FÉ III (DM, DMA)";145;201209;201512;197;2199
"Kupplungssatz";479;55797;2;3;"HYUNDAI";"SANTA FÉ III (DM, DMA)";145;201209;201512;197;2199
"Kupplungssatz";479;55798;6;2;"CHEVROLET";"CRUZE Station Wagon (J308)";103;201208;;140;1364
"Kupplungssatz";479;55799;6;2;"CHEVROLET";"CRUZE Station Wagon (J308)";91;201208;201512;124;1598
"Kupplungssatz";479;55801;13;3;"CHEVROLET";"CRUZE Station Wagon (J308)";96;201208;;131;1686
"Kupplungssatz";479;55802;3;1;"CHEVROLET";"CRUZE Station Wagon (J308)";120;201208;;163;1998
"Kupplungssatz";479;55826;1;0;"TOYOTA";"TAZZ (E9_)";85;199604;200607;116;1587
"Kupplungssatz";479;55853;1;0;"MAZDA";"B-SERIE (UF)";63;199602;199906;86;2499
"Kupplungssatz";479;55875;4;0;"ISUZU";"FRONTIER";74;199711;200308;101;2771
"Kupplungssatz";479;55881;3;0;"RENAULT";"CLIO I (B/C57_, 5/357_)";57;199005;199802;78;1390
"Kupplungssatz";479;55892;1;0;"NISSAN";"NAVARA (D22)";73;199701;200110;99;2664
"Kupplungssatz";479;55895;1;0;"NISSAN";"NAVARA (D22)";110;200111;200912;150;2953
"Kupplungssatz";479;55899;2;2;"BMW";"3 Touring (E91)";115;200509;201206;156;1995
"Kupplungssatz";479;55912;2;3;"OPEL";"ASTRA G CC (T98)";74;199803;200501;101;1598
"Kupplungssatz";479;55925;1;0;"NISSAN";"SANI Geländewagen geschlossen";120;199601;199912;163;2960
"Kupplungssatz";479;55932;1;0;"HONDA";"CIVIC V Stufenheck (EG, EH)";66;199310;199512;90;1493
"Kupplungssatz";479;55950;1;4;"MAZDA";"BT-50 II Pick-up (B22, B32, UP, UR)";110;201111;202006;150;2198
"Kupplungssatz";479;55952;1;0;"MAZDA";"BT-50 II Pick-up (B22, B32, UP, UR)";122;201111;;166;2488
"Kupplungssatz";479;55968;4;0;"LAND ROVER";"FREELANDER I Soft Top (L314)";82;200010;200610;112;1951
"Kupplungssatz";479;55974;1;0;"TOYOTA";"LAND CRUISER (_J7_)";123;199008;200108;167;4164
"Kupplungssatz";479;56011;1;1;"TOYOTA";"FORTUNER (_N5_, _N6_)";120;200908;201505;163;2982
"Kupplungssatz";479;56018;262;0;"MITSUBISHI";"MIRAGE / SPACE STAR VI Schrägheck (A0_A)";52;201205;;71;999
"Kupplungssatz";479;56030;1;0;"MITSUBISHI";"L200 / TRITON Pritsche/Fahrgestell (KA_T, KB_T)";100;200801;201512;136;2477
"Kupplungssatz";479;56033;13;0;"CHEVROLET";"MONTANA Pick-up";68;201101;;92;1389
"Kupplungssatz";479;56036;1;3;"HYUNDAI";"H100 Kasten";59;199806;200310;80;2476
"Kupplungssatz";479;56077;1;0;"NISSAN";"NP300 PICKUP (D22)";105;200808;;143;2389
"Kupplungssatz";479;56078;1;0;"NISSAN";"NP300 PICKUP (D22)";105;200808;;143;2389
"Kupplungssatz";479;56079;1;0;"NISSAN";"NP300 PICKUP (D22)";84;200808;;114;1998
"Kupplungssatz";479;56087;2;1;"KIA";"RIO III (UB)";79;201109;201712;107;1396
"Kupplungssatz";479;56108;11;1;"AUDI";"Q5 (8RB)";130;201206;201705;177;1968
"Kupplungssatz";479;56118;1;0;"NISSAN";"NP200";63;200810;;86;1461
"Kupplungssatz";479;56119;15;0;"NISSAN";"NP200";64;200810;;87;1598
"Kupplungssatz";479;56120;2;0;"NISSAN";"NP200";77;200810;;105;1598
"Kupplungssatz";479;56127;15;0;"HYUNDAI";"ATOS (MX)";45;200306;201012;61;1086
"Kupplungssatz";479;56142;71;1;"VW";"GOLF VII (5G1, BQ1, BE1, BE2)";63;201208;201703;86;1197
"Kupplungssatz";479;56144;46;4;"VW";"GOLF VII (5G1, BQ1, BE1, BE2)";103;201208;201703;140;1395
"Kupplungssatz";479;56145;86;2;"VW";"GOLF VII (5G1, BQ1, BE1, BE2)";77;201208;201703;105;1598
"Kupplungssatz";479;56147;192;6;"VW";"GOLF VII (5G1, BQ1, BE1, BE2)";110;201208;202008;150;1968
"Kupplungssatz";479;56161;6;1;"SKODA";"RAPID (NH3, NK3, NK6)";55;201207;201506;75;1198
"Kupplungssatz";479;56162;4;1;"SKODA";"RAPID (NH3, NK3, NK6)";63;201207;201505;86;1197
"Kupplungssatz";479;56165;2;1;"SKODA";"RAPID (NH3, NK3, NK6)";77;201207;201505;105;1197
"Kupplungssatz";479;56168;1;0;"MAHINDRA";"SCORPIO Pick-up";77;201201;;105;2498
"Kupplungssatz";479;56170;11;1;"SKODA";"RAPID (NH3, NK3, NK6)";77;201207;201912;105;1598
"Kupplungssatz";479;56172;7;2;"MINI";"MINI COUNTRYMAN (R60)";160;201211;201610;218;1598
"Kupplungssatz";479;56173;2;1;"MAHINDRA";"SCORPIO Pick-up";88;201201;;120;2179
"Kupplungssatz";479;56195;1;1;"HYUNDAI";"i20 I (PB, PBT)";91;200812;;124;1591
"Kupplungssatz";479;56201;1;3;"PEUGEOT";"308 I (4A_, 4C_)";110;201110;201410;150;1997
"Kupplungssatz";479;56205;7;3;"VW";"POLO V (6R1, 6C1)";103;201210;201405;140;1395
"Kupplungssatz";479;56210;1;3;"LAND ROVER";"DEFENDER Pritsche/Fahrgestell (L316)";90;201108;201602;122;2198
"Kupplungssatz";479;56222;4;0;"SUBARU";"IMPREZA Stufenheck (GE, GV)";221;201101;;301;2457
"Kupplungssatz";479;56223;6;0;"NISSAN";"NP300 NAVARA (D40)";120;200610;;163;2488
"Kupplungssatz";479;56225;4;2;"HYUNDAI";"ix35 (LM, EL, ELH)";130;201201;;177;1995
"Kupplungssatz";479;56229;1;1;"VW";"POLO VIVO Stufenheck (6S2, 6S4)";55;201002;201709;75;1390
"Kupplungssatz";479;56230;8;6;"NISSAN";"QASHQAI / QASHQAI +2 I (J10, NJ10, JJ10E)";81;200702;201312;110;1598
"Kupplungssatz";479;56231;1;1;"KIA";"CERATO II (TD)";91;200902;;124;1591
"Kupplungssatz";479;56243;8;1;"HONDA";"CR-V IV (RM_)";114;201210;;155;1997
"Kupplungssatz";479;56245;3;0;"AUDI";"A4 B8 Avant (8K5)";331;201205;201508;450;4163
"Kupplungssatz";479;56261;29;2;"CITROËN";"BERLINGO MULTISPACE (B9)";84;201007;;114;1560
"Kupplungssatz";479;56264;5;5;"CITROËN";"C5 III (RD_)";84;201201;;114;1560
"Kupplungssatz";479;56336;9;0;"MITSUBISHI";"OUTLANDER III (GG_W, GF_W, ZJ, ZL, ZK)";110;201208;;150;1998
"Kupplungssatz";479;56338;4;2;"MITSUBISHI";"OUTLANDER III (GG_W, GF_W, ZJ, ZL, ZK)";110;201208;;150;2268
"Kupplungssatz";479;56339;21;2;"MITSUBISHI";"OUTLANDER III (GG_W, GF_W, ZJ, ZL, ZK)";110;201208;;150;2268
"Kupplungssatz";479;56431;3;2;"IVECO";"DAILY V Pritsche/Fahrgestell";78;201109;201402;106;2287
"Kupplungssatz";479;56433;1;2;"IVECO";"DAILY V Pritsche/Fahrgestell";93;201109;201402;126;2287
"Kupplungssatz";479;56556;4;2;"IVECO";"DAILY V Pritsche/Fahrgestell";107;201109;201402;146;2998
"Kupplungssatz";479;56557;3;2;"IVECO";"DAILY V Pritsche/Fahrgestell";125;201109;201402;170;2998
"Kupplungssatz";479;56585;1;0;"FORD";"FUSION (JU_)";59;201001;201212;80;1388
"Kupplungssatz";479;56586;1;1;"IVECO";"DAILY V Pritsche/Fahrgestell";150;201109;201402;205;2998
"Kupplungssatz";479;56697;2;2;"IVECO";"DAILY V Kasten";125;201109;201402;170;2998
"Kupplungssatz";479;56729;27;2;"OPEL";"ADAM (M13)";51;201210;201902;69;1229
"Kupplungssatz";479;56730;38;2;"OPEL";"ADAM (M13)";64;201210;201902;87;1398
"Kupplungssatz";479;56731;11;2;"OPEL";"ADAM (M13)";74;201210;201902;101;1398
"Kupplungssatz";479;56734;1;1;"BMW";"1 (F20)";235;201207;201502;320;2979
"Kupplungssatz";479;56736;1;2;"HYUNDAI";"VELOSTER (FS)";137;201210;201712;186;1591
"Kupplungssatz";479;56738;3;2;"PEUGEOT";"308 SW I (4E_, 4H_)";110;201104;201410;150;1997
"Kupplungssatz";479;56739;18;5;"FIAT";"PANDA (312_, 319_)";63;201207;;86;875
"Kupplungssatz";479;56740;1;4;"FIAT";"PANDA (312_, 319_)";55;201206;;75;1248
"Kupplungssatz";479;56744;1;1;"FIAT";"500 (312_)";48;201209;;65;964
"Kupplungssatz";479;56745;2;1;"FIAT";"500 C (312_)";48;201209;;65;964
"Kupplungssatz";479;56748;52;2;"FIAT";"PANDA (312_, 319_)";63;201209;;86;875
"Kupplungssatz";479;56749;4;2;"FIAT";"PANDA (312_, 319_)";51;201206;;69;1242
"Kupplungssatz";479;56751;1;2;"MERCEDES-BENZ";"VIANO (W639)";85;200603;;116;2148
"Kupplungssatz";479;56753;2;2;"CHEVROLET";"CRUZE Schrägheck (J305)";103;201206;;140;1364
"Kupplungssatz";479;56755;8;2;"CHEVROLET";"ORLANDO (J309)";103;201206;;140;1362
"Kupplungssatz";479;56757;46;4;"FORD";"C-MAX II (DXA/CB7, DXA/CEU)";74;201210;201906;100;998
"Kupplungssatz";479;56758;3;4;"FORD";"GRAND C-MAX (DXA/CB7, DXA/CEU)";74;201210;201906;100;998
"Kupplungssatz";479;56760;150;4;"FORD";"C-MAX II (DXA/CB7, DXA/CEU)";92;201210;201906;125;998
"Kupplungssatz";479;56761;60;4;"FORD";"GRAND C-MAX (DXA/CB7, DXA/CEU)";92;201210;201906;125;998
"Kupplungssatz";479;56765;3;0;"HONDA";"CR-V IV (RM_)";114;201210;;155;1997
"Kupplungssatz";479;56772;1;2;"PORSCHE";"911 Cabriolet (991)";257;201211;201912;350;3436
"Kupplungssatz";479;56774;4;5;"OPEL";"ASTRA J Stufenheck";88;201206;201510;120;1364
"Kupplungssatz";479;56777;7;2;"SEAT";"LEON (5F1)";77;201209;202008;105;1598
"Kupplungssatz";479;56778;1;1;"SEAT";"LEON (5F1)";66;201211;201808;90;1598
"Kupplungssatz";479;56779;6;1;"SEAT";"LEON (5F1)";90;201211;201610;122;1395
"Kupplungssatz";479;56783;6;3;"VW";"BEETLE Cabriolet (5C7, 5C8)";77;201112;201907;105;1197
"Kupplungssatz";479;56784;3;3;"VW";"BEETLE Cabriolet (5C7, 5C8)";118;201112;201607;160;1390
"Kupplungssatz";479;56785;1;3;"VW";"BEETLE Cabriolet (5C7, 5C8)";77;201112;201607;105;1598
"Kupplungssatz";479;56790;11;5;"VW";"BEETLE Cabriolet (5C7, 5C8)";103;201204;201607;140;1968
"Kupplungssatz";479;56795;7;3;"RENAULT";"MEGANE III Grandtour (KZ0/1)";120;201207;;163;1995
"Kupplungssatz";479;56797;1;2;"HYUNDAI";"SANTA FÉ III (DM, DMA)";110;201209;;150;1995
"Kupplungssatz";479;56798;23;1;"HYUNDAI";"i30 Kombi (GD)";73;201206;201512;99;1396
"Kupplungssatz";479;56799;2;2;"HYUNDAI";"i30 Kombi (GD)";88;201206;;120;1591
"Kupplungssatz";479;56800;12;3;"HYUNDAI";"i30 Kombi (GD)";99;201206;;135;1591
"Kupplungssatz";479;56801;12;2;"HYUNDAI";"i30 Kombi (GD)";66;201206;;90;1396
"Kupplungssatz";479;56802;1;1;"HYUNDAI";"i30 Kombi (GD)";94;201206;201512;128;1582
"Kupplungssatz";479;56803;69;5;"HYUNDAI";"i30 Kombi (GD)";81;201206;;110;1582
"Kupplungssatz";479;56806;56;4;"HYUNDAI";"i30 (GD)";81;201112;201612;110;1582
"Kupplungssatz";479;56810;2;2;"BMW";"X3 (F25)";105;201210;201403;143;1995
"Kupplungssatz";479;56834;2;0;"ISUZU";"D-MAX I (TFR, TFS)";85;200610;201206;116;2499
"Kupplungssatz";479;56850;2;1;"TOYOTA";"COROLLA Stufenheck (_E15_)";90;201007;201405;122;1598
"Kupplungssatz";479;56852;10;2;"TOYOTA";"ETIOS (_K1_)";66;201105;;90;1496
"Kupplungssatz";479;56853;1;1;"TOYOTA";"YARIS / VIOS Stufenheck (_P9_)";63;200601;201304;86;1299
"Kupplungssatz";479;56854;9;1;"KIA";"CEE'D Sportswagon (JD)";73;201209;201507;100;1396
"Kupplungssatz";479;56855;48;1;"KIA";"CEE'D Sportswagon (JD)";99;201209;201807;135;1591
"Kupplungssatz";479;56856;10;1;"KIA";"CEE'D Sportswagon (JD)";66;201209;201807;90;1396
"Kupplungssatz";479;56858;37;1;"KIA";"CEE'D Sportswagon (JD)";94;201209;201507;128;1582
"Kupplungssatz";479;56859;3;1;"KIA";"PRO CEE'D (JD)";73;201303;201507;100;1396
"Kupplungssatz";479;56860;4;1;"KIA";"PRO CEE'D (JD)";99;201303;201807;135;1591
"Kupplungssatz";479;56862;3;1;"KIA";"PRO CEE'D (JD)";66;201303;201807;90;1396
"Kupplungssatz";479;56863;2;1;"KIA";"PRO CEE'D (JD)";94;201303;201507;128;1582
"Kupplungssatz";479;56871;32;3;"VW";"PASSAT B7 Variant (365)";130;201212;201412;177;1968
"Kupplungssatz";479;56872;1;3;"VW";"PASSAT B7 (362)";130;201212;201412;177;1968
"Kupplungssatz";479;56896;1;7;"VW";"AMAROK (2HA, 2HB, S1B, S6B, S7A, S7B)";103;201207;;140;1968
"Kupplungssatz";479;56897;16;7;"VW";"AMAROK (2HA, 2HB, S1B, S6B, S7A, S7B)";103;201206;;140;1968
"Kupplungssatz";479;56900;2;6;"VW";"CC B7 (358)";100;201111;201612;136;1968
"Kupplungssatz";479;56901;1;3;"VW";"CC B7 (358)";130;201212;201612;177;1968
"Kupplungssatz";479;56902;4;3;"VW";"CC B7 (358)";118;201111;201612;160;1390
"Kupplungssatz";479;56903;5;6;"VW";"CC B7 (358)";103;201111;201612;140;1968
"Kupplungssatz";479;57117;10;3;"CHEVROLET";"TRAX";103;201212;;140;1364
"Kupplungssatz";479;57118;8;1;"CHEVROLET";"TRAX";96;201212;;131;1686
"Kupplungssatz";479;57119;2;1;"CHEVROLET";"TRAX";96;201212;;131;1686
"Kupplungssatz";479;57126;3;1;"RENAULT";"CLIO II (BB_, CB_)";43;199809;200906;58;1149
"Kupplungssatz";479;57132;1;0;"CHEVROLET";"AVEO / KALOS Stufenheck (T200)";69;200305;200805;94;1399
"Kupplungssatz";479;57160;1;0;"NISSAN";"NAVARA (D21)";73;198709;199612;99;2664
"Kupplungssatz";479;57166;5;0;"RENAULT";"SCÉNIC I Großraumlimousine (JA0/1_, FA0_)";79;199909;200104;107;1598
"Kupplungssatz";479;57168;7;6;"DACIA";"LOGAN MCV II";55;201302;;75;1461
"Kupplungssatz";479;57170;1;1;"DACIA";"LOGAN II";55;201210;;75;1149
"Kupplungssatz";479;57184;9;1;"MITSUBISHI";"PAJERO III (V7_W, V6_W)";118;200004;200612;160;3200
"Kupplungssatz";479;57188;6;1;"MITSUBISHI";"PAJERO III (V7_W, V6_W)";121;200004;200610;165;3200
"Kupplungssatz";479;57219;4;0;"AUDI";"A5 Cabriolet (8F7)";331;201211;201508;450;4163
"Kupplungssatz";479;57251;1;1;"BMW";"X1 (E84)";160;200910;201506;218;1995
"Kupplungssatz";479;57259;33;3;"MERCEDES-BENZ";"SPRINTER 3,5-t Bus (B906)";120;201108;;163;2143
"Kupplungssatz";479;57261;1;1;"KIA";"K2700";61;200601;;83;2665
"Kupplungssatz";479;57267;5;3;"HYUNDAI";"H-1 Travel (TQ)";85;201108;;116;2497
"Kupplungssatz";479;57272;25;2;"HYUNDAI";"i20 I (PB, PBT)";55;201203;201512;75;1120
"Kupplungssatz";479;57273;319;1;"HYUNDAI";"i20 I (PB, PBT)";63;201203;201512;86;1248
"Kupplungssatz";479;57281;136;4;"RENAULT";"CLIO IV (BH_)";66;201211;;90;1461
"Kupplungssatz";479;57282;83;4;"RENAULT";"CLIO IV (BH_)";55;201211;;75;1461
"Kupplungssatz";479;57283;3;2;"MERCEDES-BENZ";"C-CLASS T-Model (S204)";135;200708;201408;184;1796
"Kupplungssatz";479;57284;74;1;"RENAULT";"CLIO IV (BH_)";54;201211;;73;1149
"Kupplungssatz";479;57291;1;2;"MERCEDES-BENZ";"C-CLASS Coupe (C204)";135;201106;;184;1796
"Kupplungssatz";479;57292;1;0;"MERCEDES-BENZ";"B-CLASS Sports Tourer (W246, W242)";125;201111;201812;170;2143
"Kupplungssatz";479;57293;4;2;"BMW";"3 (F30, F80)";135;201208;201506;184;1995
"Kupplungssatz";479;57296;9;4;"OPEL";"ZAFIRA TOURER C (P12)";143;201301;;194;1956
"Kupplungssatz";479;57306;5;4;"MERCEDES-BENZ";"SPRINTER 3-t Bus (B906)";95;200606;201605;129;2143
"Kupplungssatz";479;57307;6;7;"MERCEDES-BENZ";"SPRINTER 3-t Bus (B906)";120;200606;;163;2143
"Kupplungssatz";479;57309;2;3;"MERCEDES-BENZ";"SPRINTER 5-t Kasten (B906)";120;200606;;163;2143
"Kupplungssatz";479;57321;2;2;"MERCEDES-BENZ";"SPRINTER 5-t Pritsche/Fahrgestell (B906)";140;200903;;190;2987
"Kupplungssatz";479;57326;2;2;"FORD";"FOCUS III";125;201108;;170;1999
"Kupplungssatz";479;57328;2;1;"FORD";"RANGER (TKE)";110;201111;;150;2198
"Kupplungssatz";479;57348;4;1;"VW";"PASSAT B7 Variant (365)";118;201211;201412;160;1390
"Kupplungssatz";479;57351;38;7;"MERCEDES-BENZ";"CITAN Kasten/Großraumlimousine (W415)";55;201211;202108;75;1461
"Kupplungssatz";479;57352;63;7;"MERCEDES-BENZ";"CITAN Kasten/Großraumlimousine (W415)";66;201211;202108;90;1461
"Kupplungssatz";479;57353;29;7;"MERCEDES-BENZ";"CITAN Mixto (Double Cabin) (W415)";66;201211;202108;90;1461
"Kupplungssatz";479;57355;15;7;"MERCEDES-BENZ";"CITAN Tourer (W415)";66;201211;202108;90;1461
"Kupplungssatz";479;57359;6;7;"MERCEDES-BENZ";"SPRINTER 5-t Pritsche/Fahrgestell (B906)";95;200606;201605;129;2143
"Kupplungssatz";479;57360;6;3;"MERCEDES-BENZ";"SPRINTER 5-t Kasten (B906)";95;200606;;129;2143
"Kupplungssatz";479;57361;51;3;"MERCEDES-BENZ";"SPRINTER 3-t Kasten (B906)";95;200606;;129;2143
"Kupplungssatz";479;57383;4;0;"VW";"TRANSPORTER T4 Kasten (70A, 70H, 7DA, 7DH)";44;199009;199512;60;1896
"Kupplungssatz";479;57385;1;0;"VW";"TRANSPORTER T4 Pritsche/Fahrgestell (70E, 70L, 70M, 7DE, 7DL";44;199009;199512;60;1896
"Kupplungssatz";479;57389;1;1;"CHEVROLET";"AVEO / KALOS Stufenheck (T250, T255)";62;200901;;84;1206
"Kupplungssatz";479;57391;1;4;"OPEL";"ASTRA J GTC";143;201210;201510;194;1956
"Kupplungssatz";479;57393;13;2;"RENAULT";"SCÉNIC III (JZ0/1_)";85;201204;;116;1197
"Kupplungssatz";479;57394;6;2;"RENAULT";"GRAND SCÉNIC III (JZ0/1_)";85;201204;;116;1197
"Kupplungssatz";479;57396;10;8;"DACIA";"DOKKER Großraumlimousine (KE_)";55;201211;;75;1461
"Kupplungssatz";479;57397;35;6;"DACIA";"DOKKER Großraumlimousine (KE_)";66;201211;;90;1461
"Kupplungssatz";479;57398;26;2;"DACIA";"DOKKER Großraumlimousine (KE_)";85;201211;;115;1197
"Kupplungssatz";479;57399;12;3;"DACIA";"DOKKER Großraumlimousine (KE_)";61;201211;;83;1598
"Kupplungssatz";479;57401;69;2;"RENAULT";"CLIO IV (BH_)";66;201211;;90;898
"Kupplungssatz";479;57402;1;1;"CITROËN";"C-ELYSEE (DD_)";53;201211;201701;72;1199
"Kupplungssatz";479;57403;11;2;"CITROËN";"C-ELYSEE (DD_)";68;201211;;92;1560
"Kupplungssatz";479;57404;3;2;"CITROËN";"C-ELYSEE (DD_)";85;201211;;115;1587
"Kupplungssatz";479;57425;3;1;"SEAT";"IBIZA IV (6J5, 6P1)";63;201208;201505;86;1197
"Kupplungssatz";479;57428;1;2;"VOLVO";"S60 II (134)";100;201205;201512;136;1984
"Kupplungssatz";479;57430;24;2;"AUDI";"A3 Sportback (8VA, 8VF)";77;201210;;105;1598
"Kupplungssatz";479;57431;3;3;"OPEL";"ZAFIRA TOURER C (P12)";125;201212;;170;1598
"Kupplungssatz";479;57432;2;3;"OPEL";"ASTRA J (P10)";125;201212;201510;170;1598
"Kupplungssatz";479;57436;1;3;"OPEL";"ASTRA J Caravan (P10)";125;201212;201510;170;1598
"Kupplungssatz";479;57438;1;3;"AUDI";"A3 (8V1, 8VK)";221;201211;201608;300;1984
"Kupplungssatz";479;57440;13;2;"DACIA";"LODGY (JS_)";85;201203;;115;1197
"Kupplungssatz";479;57441;23;5;"DACIA";"LODGY (JS_)";79;201301;;107;1461
"Kupplungssatz";479;57443;1;4;"DACIA";"DUSTER (HS_)";77;201008;201801;105;1598
"Kupplungssatz";479;57446;7;3;"FIAT";"DUCATO Kasten (250_)";115;200607;201112;156;2999
"Kupplungssatz";479;57448;2;3;"FIAT";"DUCATO Pritsche/Fahrgestell (250_)";115;200607;201112;156;2999
"Kupplungssatz";479;57450;22;2;"RENAULT";"CLIO IV Grandtour (KH_)";66;201301;;90;898
"Kupplungssatz";479;57451;8;1;"RENAULT";"CLIO IV Grandtour (KH_)";54;201301;;73;1149
"Kupplungssatz";479;57453;6;4;"RENAULT";"CLIO IV Grandtour (KH_)";55;201301;;75;1461
"Kupplungssatz";479;57454;65;8;"RENAULT";"CLIO IV Grandtour (KH_)";66;201211;;90;1461
"Kupplungssatz";479;57455;19;1;"TOYOTA";"AURIS (_E18_)";66;201210;201812;90;1364
"Kupplungssatz";479;57456;45;2;"VW";"GOLF VII (5G1, BQ1, BE1, BE2)";77;201211;201703;105;1197
"Kupplungssatz";479;57457;26;1;"TOYOTA";"AURIS (_E18_)";97;201210;201812;132;1598
"Kupplungssatz";479;57459;36;2;"VW";"GOLF VII (5G1, BQ1, BE1, BE2)";90;201211;201703;122;1395
"Kupplungssatz";479;57460;15;3;"VW";"GOLF VII (5G1, BQ1, BE1, BE2)";77;201211;201703;105;1598
"Kupplungssatz";479;57461;20;6;"VW";"GOLF VII (5G1, BQ1, BE1, BE2)";110;201211;201807;150;1968
"Kupplungssatz";479;57464;15;2;"BMW";"1 (F20)";70;201211;201506;95;1598
"Kupplungssatz";479;57466;3;2;"BMW";"1 (F20)";135;201211;201502;184;1995
"Kupplungssatz";479;57467;1;2;"SSANGYONG";"KORANDO (CK)";110;201202;;150;1998
"Kupplungssatz";479;57471;2;0;"MITSUBISHI";"L200 / TRITON Pritsche/Fahrgestell (KA_T, KB_T)";131;200909;201512;178;2477
"Kupplungssatz";479;57472;4;1;"BMW";"3 (F30, F80)";100;201207;201608;136;1598
"Kupplungssatz";479;57475;1;2;"HONDA";"CIVIC IX Stufenheck (FB)";104;201202;;141;1798
"Kupplungssatz";479;57476;1;2;"OPEL";"COMBO Tour (X12)";66;201202;;90;1248
"Kupplungssatz";479;57477;7;5;"KIA";"CEE'D (JD)";81;201205;201807;110;1582
"Kupplungssatz";479;57481;49;1;"TOYOTA";"AURIS (_E18_)";73;201210;201812;99;1329
"Kupplungssatz";479;57495;24;2;"VOLVO";"V60 I (155)";100;201205;201512;136;1984
"Kupplungssatz";479;57502;1;1;"SUZUKI";"SPLASH (EX)";67;201208;;91;1242
"Kupplungssatz";479;57508;92;0;"MITSUBISHI";"MIRAGE / SPACE STAR VI Schrägheck (A0_A)";59;201210;;80;1193
"Kupplungssatz";479;57510;23;4;"VW";"TIGUAN (5N_)";130;201211;201807;177;1968
"Kupplungssatz";479;57513;28;1;"VW";"UP! (121, 122, BL1, BL2, BL3, 123)";50;201211;;68;999
"Kupplungssatz";479;57523;1;1;"SEAT";"TOLEDO IV (KG3)";63;201207;201506;86;1197
"Kupplungssatz";479;57524;2;1;"SEAT";"TOLEDO IV (KG3)";77;201207;201506;105;1197
"Kupplungssatz";479;57526;3;1;"SEAT";"TOLEDO IV (KG3)";77;201207;201506;105;1598
"Kupplungssatz";479;57548;2;2;"BMW";"X1 (E84)";85;201204;201506;116;1995
"Kupplungssatz";479;57551;11;1;"BMW";"X1 (E84)";135;201207;201506;184;1995
"Kupplungssatz";479;57587;1;2;"SEAT";"LEON (5F1)";63;201212;201808;86;1197
"Kupplungssatz";479;57589;19;3;"SEAT";"LEON (5F1)";77;201301;202008;105;1197
"Kupplungssatz";479;57590;11;4;"SEAT";"LEON (5F1)";103;201209;202008;140;1395
"Kupplungssatz";479;57592;7;4;"SEAT";"LEON (5F1)";132;201302;201808;180;1798
"Kupplungssatz";479;57594;43;6;"SEAT";"LEON (5F1)";110;201210;202008;150;1968
"Kupplungssatz";479;57597;13;4;"SEAT";"LEON (5F1)";135;201209;202008;184;1968
"Kupplungssatz";479;57598;2;1;"MAZDA";"6 Stufenheck (GJ, GL)";129;201212;;175;2191
"Kupplungssatz";479;57607;9;1;"MAZDA";"6 Kombi (GJ, GL)";129;201208;201802;175;2191
"Kupplungssatz";479;57621;4;2;"SEAT";"Mii (KF1, KE1)";50;201210;201907;68;999
"Kupplungssatz";479;57648;63;1;"NISSAN";"NAVARA (D22)";98;200111;;133;2488
"Kupplungssatz";479;57651;2;0;"NISSAN";"NAVARA (D22)";92;199701;200912;125;1998
"Kupplungssatz";479;57692;1;1;"RENAULT";"19 II (B/C53_)";57;199305;199812;78;1390
"Kupplungssatz";479;57731;26;1;"RENAULT";"SCÉNIC I Großraumlimousine (JA0/1_, FA0_)";79;199909;200309;107;1598
"Kupplungssatz";479;57760;4;2;"IVECO";"DAILY V Kasten";78;201109;201402;106;2287
"Kupplungssatz";479;57761;5;2;"IVECO";"DAILY V Kasten";93;201109;201402;126;2287
"Kupplungssatz";479;57763;3;2;"IVECO";"DAILY V Kasten";107;201109;201402;146;2287
"Kupplungssatz";479;57769;3;0;"RENAULT";"GRAND SCÉNIC II (JM0/1_)";82;200606;200811;112;1598
"Kupplungssatz";479;57771;1;7;"RENAULT";"GRAND SCÉNIC II (JM0/1_)";82;200606;200906;112;1598
"Kupplungssatz";479;57775;1;1;"IVECO";"DAILY V Kasten";150;201109;201402;204;2998
"Kupplungssatz";479;57779;1;2;"IVECO";"DAILY V Kasten";107;201109;201402;146;2998
"Kupplungssatz";479;57874;2;3;"NISSAN";"TIIDA Stufenheck (SC11)";76;200701;201212;103;1461
"Kupplungssatz";479;58058;1;2;"BMW";"3 (E90)";100;200709;201110;136;1995
"Kupplungssatz";479;58087;3;0;"NISSAN";"NAVARA (D22)";76;199805;200110;103;2494
"Kupplungssatz";479;58134;43;4;"DACIA";"SANDERO II";55;201210;;75;1149
"Kupplungssatz";479;58142;7;1;"DACIA";"SANDERO II";55;201210;;75;1149
"Kupplungssatz";479;58143;133;2;"DACIA";"SANDERO II";66;201210;;90;898
"Kupplungssatz";479;58144;42;5;"DACIA";"SANDERO II";66;201210;;90;1461
"Kupplungssatz";479;58168;37;2;"BMW";"1 (E87)";85;200406;201106;115;1596
"Kupplungssatz";479;58169;16;3;"BMW";"1 (E87)";90;200709;201106;122;1599
"Kupplungssatz";479;58184;18;3;"BMW";"1 (E87)";90;200901;201106;122;1995
"Kupplungssatz";479;58185;10;3;"BMW";"1 (E87)";95;200407;200702;129;1995
"Kupplungssatz";479;58187;9;3;"BMW";"1 (E87)";105;200609;201106;143;1995
"Kupplungssatz";479;58188;3;3;"BMW";"1 (E87)";110;200406;200702;150;1995
"Kupplungssatz";479;58238;1;1;"BMW";"1 (E87)";195;200509;200702;265;2996
"Kupplungssatz";479;58252;44;2;"BMW";"1 (E87)";85;200903;201106;116;1995
"Kupplungssatz";479;58253;42;2;"BMW";"1 (E87)";90;200406;200702;122;1995
"Kupplungssatz";479;58254;2;2;"BMW";"1 (E87)";100;200703;201106;136;1995
"Kupplungssatz";479;58256;90;2;"BMW";"1 (E87)";105;200703;201106;143;1995
"Kupplungssatz";479;58283;13;3;"BMW";"1 (E87)";120;200406;201106;163;1995
"Kupplungssatz";479;58284;1;2;"BMW";"2 Coupe (F22, F87)";135;201210;201411;184;1995
"Kupplungssatz";479;58291;4;1;"BMW";"2 Coupe (F22, F87)";135;201310;;184;1997
"Kupplungssatz";479;58292;1;1;"BMW";"4 Cabriolet (F33, F83)";225;201311;201602;306;2979
"Kupplungssatz";479;58299;3;1;"BMW";"4 Cabriolet (F33, F83)";180;201311;201702;245;1997
"Kupplungssatz";479;58303;13;2;"BMW";"1 (E87)";130;200703;201106;177;1995
"Kupplungssatz";479;58304;3;1;"BMW";"1 (E87)";150;200703;201106;204;1995
"Kupplungssatz";479;58336;7;1;"BMW";"1 (F21)";75;201112;;102;1598
"Kupplungssatz";479;58344;7;1;"BMW";"1 (F21)";100;201112;;136;1598
"Kupplungssatz";479;58355;1;1;"BMW";"1 (F21)";125;201207;;170;1598
"Kupplungssatz";479;58359;22;5;"SEAT";"ALHAMBRA (710, 711)";130;201211;;177;1968
"Kupplungssatz";479;58360;4;2;"BMW";"1 (F21)";70;201207;;95;1598
"Kupplungssatz";479;58364;5;2;"BMW";"1 (F21)";85;201112;;116;1598
"Kupplungssatz";479;58365;4;2;"BMW";"1 (F21)";85;201201;;116;1995
"Kupplungssatz";479;58369;4;2;"BMW";"1 (F21)";105;201112;;143;1995
"Kupplungssatz";479;58374;2;2;"BMW";"1 (F21)";135;201202;201502;184;1995
"Kupplungssatz";479;58375;2;1;"BMW";"1 (F21)";155;201112;201502;211;1995
"Kupplungssatz";479;58385;6;2;"VW";"POLO V (6R1, 6C1)";162;201308;201405;220;1984
"Kupplungssatz";479;58415;9;7;"SEAT";"ALTEA XL (5P5, 5P8)";103;201010;;140;1968
"Kupplungssatz";479;58465;2;0;"TOYOTA";"HILUX Pritsche/Fahrgestell (LN_, _N1_)";58;198308;198807;79;1812
"Kupplungssatz";479;58477;9;1;"MERCEDES-BENZ";"CLA Coupe (C117)";90;201301;201903;122;1595
"Kupplungssatz";479;58479;5;1;"MERCEDES-BENZ";"CLA Coupe (C117)";115;201301;201903;156;1595
"Kupplungssatz";479;58482;3;0;"MERCEDES-BENZ";"CLA Coupe (C117)";125;201301;201903;170;2143
"Kupplungssatz";479;58504;2;1;"MAZDA";"6 Stufenheck (GJ, GL)";107;201301;;146;1998
"Kupplungssatz";479;58507;1;1;"MAZDA";"6 Stufenheck (GJ, GL)";121;201301;;165;1998
"Kupplungssatz";479;58509;5;1;"MAZDA";"6 Stufenheck (GJ, GL)";110;201212;;150;2191
"Kupplungssatz";479;58526;2;2;"MINI";"MINI CLUBVAN (R55)";72;201212;201406;98;1598
"Kupplungssatz";479;58527;6;3;"MINI";"MINI CLUBVAN (R55)";82;201212;201406;112;1598
"Kupplungssatz";479;58528;10;1;"FIAT";"500L (351_, 352_)";77;201209;201805;105;1598
"Kupplungssatz";479;58531;13;6;"VW";"PASSAT ALLTRACK B7 (365)";103;201201;201412;140;1968
"Kupplungssatz";479;58532;23;6;"VW";"PASSAT ALLTRACK B7 (365)";103;201201;201412;140;1968
"Kupplungssatz";479;58535;7;3;"FORD";"TOURNEO CUSTOM V362 Bus (F3)";74;201204;201512;100;2198
"Kupplungssatz";479;58536;17;3;"FORD";"TOURNEO CUSTOM V362 Bus (F3)";92;201204;201512;125;2198
"Kupplungssatz";479;58537;28;3;"FORD";"TOURNEO CUSTOM V362 Bus (F3)";114;201204;201512;155;2198
"Kupplungssatz";479;58538;2;1;"MAZDA";"6 Kombi (GJ, GL)";107;201301;;146;1998
"Kupplungssatz";479;58539;7;3;"FORD";"TRANSIT CUSTOM V362 Bus (F3)";74;201204;201512;100;2198
"Kupplungssatz";479;58540;10;3;"FORD";"TRANSIT CUSTOM V362 Bus (F3)";92;201204;201512;125;2198
"Kupplungssatz";479;58541;13;3;"FORD";"TRANSIT CUSTOM V362 Bus (F3)";114;201204;201512;155;2198
"Kupplungssatz";479;58542;3;1;"MAZDA";"6 Kombi (GJ, GL)";121;201301;;165;1998
"Kupplungssatz";479;58543;48;3;"FORD";"TRANSIT CUSTOM V362 Kasten (FY, FZ)";74;201209;;100;2198
"Kupplungssatz";479;58544;49;3;"FORD";"TRANSIT CUSTOM V362 Kasten (FY, FZ)";92;201209;201604;125;2198
"Kupplungssatz";479;58545;13;3;"FORD";"TRANSIT CUSTOM V362 Kasten (FY, FZ)";114;201209;;155;2198
"Kupplungssatz";479;58546;41;2;"FORD";"KUGA II (DM2)";110;201303;201409;150;1596
"Kupplungssatz";479;58548;12;4;"FORD";"KUGA II (DM2)";103;201303;201409;140;1997
"Kupplungssatz";479;58549;8;5;"FORD";"KUGA II (DM2)";103;201303;201409;140;1997
"Kupplungssatz";479;58550;13;4;"FORD";"KUGA II (DM2)";120;201303;201409;163;1997
"Kupplungssatz";479;58565;220;1;"PEUGEOT";"207 (WA_, WC_)";54;200604;201310;73;1360
"Kupplungssatz";479;58573;1;0;"RENAULT";"KANGOO (KC0/1_)";45;200504;201006;61;1461
"Kupplungssatz";479;58574;5;4;"RENAULT";"KANGOO / GRAND KANGOO II (KW0/1_)";78;200802;;106;1461
"Kupplungssatz";479;58575;1;0;"RENAULT";"GRAND SCÉNIC II (JM0/1_)";85;200505;200901;116;1870
"Kupplungssatz";479;58578;12;1;"CITROËN";"DS3 (SA_)";60;201301;201503;82;1199
"Kupplungssatz";479;58582;1;3;"CITROËN";"DS3 (SA_)";84;201208;201507;114;1560
"Kupplungssatz";479;58585;1;4;"CITROËN";"DS3 Cabriolet";115;201301;201507;156;1598
"Kupplungssatz";479;58588;6;3;"CITROËN";"C3 PICASSO (SH_)";84;201301;;114;1560
"Kupplungssatz";479;58601;1;2;"MERCEDES-BENZ";"E-CLASS (W212)";120;200901;201512;163;2143
"Kupplungssatz";479;58607;6;3;"DACIA";"DOKKER Express Kasten/Großraumlimousine";61;201212;;83;1598
"Kupplungssatz";479;58608;30;8;"DACIA";"DOKKER Express Kasten/Großraumlimousine";55;201212;;75;1461
"Kupplungssatz";479;58609;36;6;"DACIA";"DOKKER Express Kasten/Großraumlimousine";66;201212;;90;1461
"Kupplungssatz";479;58612;17;3;"DACIA";"LOGAN II";66;201210;;90;898
"Kupplungssatz";479;58614;7;4;"DACIA";"LOGAN II";55;201210;;75;1149
"Kupplungssatz";479;58615;5;6;"DACIA";"LOGAN II";55;201210;;75;1461
"Kupplungssatz";479;58616;3;1;"TOYOTA";"RAV 4 IV (_A4_)";91;201212;201811;124;1998
"Kupplungssatz";479;58617;12;6;"DACIA";"LOGAN II";66;201210;;90;1461
"Kupplungssatz";479;58618;4;2;"TOYOTA";"RAV 4 IV (_A4_)";111;201212;;151;1987
"Kupplungssatz";479;58619;13;2;"KIA";"CARENS IV";99;201303;;135;1591
"Kupplungssatz";479;58621;17;3;"KIA";"CARENS IV";85;201303;;116;1685
"Kupplungssatz";479;58622;33;4;"KIA";"CARENS IV";100;201303;;136;1685
"Kupplungssatz";479;58623;4;1;"TOYOTA";"RAV 4 IV (_A4_)";110;201212;;150;2231
"Kupplungssatz";479;58646;1;2;"PEUGEOT";"508 I (8D_)";147;201011;201812;200;1997
"Kupplungssatz";479;58647;14;4;"RENAULT";"KANGOO / GRAND KANGOO II (KW0/1_)";55;201211;;75;1461
"Kupplungssatz";479;58648;61;4;"RENAULT";"KANGOO / GRAND KANGOO II (KW0/1_)";66;200806;;90;1461
"Kupplungssatz";479;58663;12;1;"CITROËN";"C3 II (SC_)";50;201208;;68;999
"Kupplungssatz";479;58664;51;1;"CITROËN";"C3 II (SC_)";60;201206;201609;82;1199
"Kupplungssatz";479;58666;1;3;"CITROËN";"C3 II (SC_)";84;201209;;114;1560
"Kupplungssatz";479;58667;3;5;"CITROËN";"C4 II (NC_)";84;201207;;114;1560
"Kupplungssatz";479;58670;5;2;"MERCEDES-BENZ";"C-CLASS Coupe (C204)";115;201301;;156;1595
"Kupplungssatz";479;58671;6;5;"CITROËN";"DS4 (NX_)";84;201208;201507;114;1560
"Kupplungssatz";479;58677;4;5;"CITROËN";"C5 III Break (RW_)";110;200904;201502;150;1997
"Kupplungssatz";479;58679;4;2;"HYUNDAI";"ELANTRA V Stufenheck (MD, UD)";97;201106;201512;132;1591
"Kupplungssatz";479;58700;6;0;"SUBARU";"FORESTER (SJ_)";110;201303;;150;1995
"Kupplungssatz";479;58701;54;3;"SUBARU";"FORESTER (SJ_)";108;201303;;147;1998
"Kupplungssatz";479;58707;4;3;"OPEL";"CASCADA (W13)";88;201304;201804;120;1364
"Kupplungssatz";479;58708;12;3;"OPEL";"CASCADA (W13)";103;201303;201804;140;1364
"Kupplungssatz";479;58709;3;3;"OPEL";"CASCADA (W13)";125;201304;201904;170;1598
"Kupplungssatz";479;58711;3;4;"OPEL";"CASCADA (W13)";143;201304;201506;194;1956
"Kupplungssatz";479;58731;3;1;"ABARTH";"500 / 595 / 695";103;201005;;140;1368
"Kupplungssatz";479;58732;2;1;"FIAT";"DUCATO Pritsche/Fahrgestell (230_)";62;200107;200204;84;1997
"Kupplungssatz";479;58735;4;2;"FIAT";"DOBLO Großraumlimousine (119_, 223_)";51;200412;200505;70;1248
"Kupplungssatz";479;58750;5;3;"SKODA";"OCTAVIA III (5E3, NL3, NR3)";103;201211;201702;140;1395
"Kupplungssatz";479;58757;2;2;"SKODA";"OCTAVIA III (5E3, NL3, NR3)";63;201211;201702;86;1197
"Kupplungssatz";479;58758;3;3;"SKODA";"OCTAVIA III (5E3, NL3, NR3)";77;201211;201702;105;1197
"Kupplungssatz";479;58760;25;2;"SKODA";"OCTAVIA III (5E3, NL3, NR3)";77;201211;201505;105;1598
"Kupplungssatz";479;58761;26;6;"SKODA";"OCTAVIA III (5E3, NL3, NR3)";110;201211;202010;150;1968
"Kupplungssatz";479;58763;8;3;"SKODA";"OCTAVIA III Combi (5E5, 5E6)";77;201211;201702;105;1197
"Kupplungssatz";479;58764;12;3;"SKODA";"OCTAVIA III Combi (5E5, 5E6)";103;201211;201702;140;1395
"Kupplungssatz";479;58765;4;5;"SKODA";"OCTAVIA III Combi (5E5, 5E6)";132;201211;202010;180;1798
"Kupplungssatz";479;58766;40;2;"SKODA";"OCTAVIA III Combi (5E5, 5E6)";77;201211;201505;105;1598
"Kupplungssatz";479;58767;166;6;"SKODA";"OCTAVIA III Combi (5E5, 5E6)";110;201211;202010;150;1968
"Kupplungssatz";479;58770;4;2;"PEUGEOT";"301";68;201211;;92;1560
"Kupplungssatz";479;58791;9;0;"HONDA";"CIVIC IX (FK)";88;201302;;120;1597
"Kupplungssatz";479;58792;10;2;"FIAT";"500L (351_, 352_)";63;201303;;86;875
"Kupplungssatz";479;58797;2;1;"BMW";"3 Gran Turismo (F34)";180;201303;201606;245;1997
"Kupplungssatz";479;58799;18;2;"BMW";"3 Gran Turismo (F34)";105;201303;201506;143;1995
"Kupplungssatz";479;58800;3;3;"BMW";"3 Gran Turismo (F34)";135;201303;201506;184;1995
"Kupplungssatz";479;58802;7;1;"SKODA";"CITIGO (NF1)";50;201211;201908;68;999
"Kupplungssatz";479;58803;3;1;"FIAT";"UNO (146_)";41;198604;200606;56;1108
"Kupplungssatz";479;58809;2;2;"VW";"SCIROCCO III (137, 138)";130;201301;201711;177;1968
"Kupplungssatz";479;58820;7;9;"OPEL";"MOVANO B Pritsche/Fahrgestell (X62)";110;201301;;150;2298
"Kupplungssatz";479;58821;1;5;"OPEL";"MOVANO B Pritsche/Fahrgestell (X62)";110;201301;;150;2298
"Kupplungssatz";479;58822;10;9;"OPEL";"MOVANO B Kasten (X62)";110;201301;;150;2298
"Kupplungssatz";479;58823;2;5;"OPEL";"MOVANO B Kasten (X62)";110;201301;;150;2298
"Kupplungssatz";479;58824;2;9;"OPEL";"MOVANO B Bus (X62)";110;201301;;150;2298
"Kupplungssatz";479;58825;112;5;"OPEL";"ZAFIRA TOURER C (P12)";100;201302;;136;1598
"Kupplungssatz";479;58868;1;2;"MINI";"MINI PACEMAN (R61)";90;201204;201609;122;1598
"Kupplungssatz";479;58873;2;3;"MINI";"MINI PACEMAN (R61)";82;201204;201609;112;1598
"Kupplungssatz";479;58874;47;1;"PEUGEOT";"2008 I (CU_)";60;201303;201812;82;1199
"Kupplungssatz";479;58875;8;1;"PEUGEOT";"2008 I (CU_)";88;201303;;120;1598
"Kupplungssatz";479;58876;14;4;"PEUGEOT";"2008 I (CU_)";68;201303;;92;1560
"Kupplungssatz";479;58877;5;2;"PEUGEOT";"2008 I (CU_)";84;201303;;114;1560
"Kupplungssatz";479;58878;25;8;"PEUGEOT";"5008 (0U_, 0E_)";84;201303;201703;114;1560
"Kupplungssatz";479;58880;29;4;"PEUGEOT";"3008 Großraumlimousine (0U_)";84;201303;201608;114;1560
"Kupplungssatz";479;58882;4;3;"MINI";"MINI PACEMAN (R61)";105;201203;201609;143;1995
"Kupplungssatz";479;58886;2;7;"PEUGEOT";"308 I (4A_, 4C_)";84;201303;201410;114;1560
"Kupplungssatz";479;58887;1;2;"MINI";"MINI PACEMAN (R61)";160;201303;201610;218;1598
"Kupplungssatz";479;58889;6;2;"PEUGEOT";"PARTNER TEPEE";84;201303;;114;1560
"Kupplungssatz";479;58890;9;2;"PEUGEOT";"PARTNER Kasten/Großraumlimousine";84;201303;;114;1560
"Kupplungssatz";479;58894;1;1;"KIA";"CARENS IV";122;201303;;166;1999
"Kupplungssatz";479;58898;1;1;"RENAULT";"CLIO IV (BH_)";88;201303;;120;1197
"Kupplungssatz";479;58900;24;9;"RENAULT";"MASTER III Kasten (FV)";110;201303;;150;2298
"Kupplungssatz";479;58901;4;6;"RENAULT";"MASTER III Kasten (FV)";110;201303;;150;2298
"Kupplungssatz";479;58902;6;1;"MAZDA";"5 (CW)";85;201009;;116;1798
"Kupplungssatz";479;58903;8;9;"RENAULT";"MASTER III Pritsche/Fahrgestell (EV, HV, UV)";110;201303;;150;2298
"Kupplungssatz";479;58904;1;6;"RENAULT";"MASTER III Pritsche/Fahrgestell (EV, HV, UV)";110;201303;;150;2298
"Kupplungssatz";479;58912;7;0;"TOYOTA";"HILUX VII Pick-up (_N1_, _N2_, _N3_)";100;200506;201505;136;1998
"Kupplungssatz";479;58926;5;1;"VW";"GOLF VII Variant (BA5, BV5)";63;201305;201703;86;1197
"Kupplungssatz";479;58943;19;2;"VW";"GOLF VII Variant (BA5, BV5)";77;201304;202008;105;1197
"Kupplungssatz";479;58944;18;2;"VW";"GOLF VII Variant (BA5, BV5)";90;201305;201703;122;1395
"Kupplungssatz";479;58945;34;2;"VW";"GOLF VII Variant (BA5, BV5)";77;201305;201703;105;1598
"Kupplungssatz";479;58946;134;6;"VW";"GOLF VII Variant (BA5, BV5)";110;201304;;150;1968
"Kupplungssatz";479;58947;1;2;"AUDI";"A3 Sportback (8VA, 8VF)";103;201303;;140;1395
"Kupplungssatz";479;58948;39;6;"AUDI";"A3 Sportback (8VA, 8VF)";110;201302;202010;150;1968
"Kupplungssatz";479;58950;6;2;"VOLVO";"XC60 I SUV (156)";100;201204;201512;136;1984
"Kupplungssatz";479;58951;5;2;"BMW";"X1 (E84)";135;201207;201506;184;1995
"Kupplungssatz";479;58964;3;2;"BMW";"1 (E87)";66;201101;201112;90;1995
"Kupplungssatz";479;58965;11;2;"BMW";"3 Touring (F31)";120;201207;201906;163;1995
"Kupplungssatz";479;58966;14;2;"FORD";"FIESTA VI (CB1, CCN)";48;201301;201704;65;998
"Kupplungssatz";479;58967;92;3;"FORD";"FIESTA VI (CB1, CCN)";74;201301;;100;998
"Kupplungssatz";479;58968;26;2;"FORD";"FIESTA VI (CB1, CCN)";92;201209;;125;998
"Kupplungssatz";479;58969;2;1;"FORD";"FIESTA VI (CB1, CCN)";77;201209;;105;1596
"Kupplungssatz";479;58970;51;2;"FORD";"FIESTA VI (CB1, CCN)";59;201210;201704;80;998
"Kupplungssatz";479;58971;27;2;"FORD";"FIESTA VI (CB1, CCN)";55;201209;201704;75;1499
"Kupplungssatz";479;58972;1;2;"FORD";"FIESTA VI (CB1, CCN)";68;200901;201704;92;1388
"Kupplungssatz";479;58978;2;0;"NISSAN";"370Z Coupe (Z34)";253;201306;;344;3696
"Kupplungssatz";479;58980;48;2;"NISSAN";"NOTE (E12)";59;201306;;80;1198
"Kupplungssatz";479;58981;18;1;"NISSAN";"NOTE (E12)";72;201306;;98;1198
"Kupplungssatz";479;58986;5;2;"ALFA ROMEO";"MITO (955_)";77;201304;201808;105;875
"Kupplungssatz";479;59001;31;2;"RENAULT";"CAPTUR I (J5_, H5_)";66;201306;;90;898
"Kupplungssatz";479;59002;2;3;"RENAULT";"CAPTUR I (J5_, H5_)";88;201306;;120;1197
"Kupplungssatz";479;59003;103;10;"RENAULT";"CAPTUR I (J5_, H5_)";66;201306;;90;1461
"Kupplungssatz";479;59020;1;7;"PEUGEOT";"308 SW I (4E_, 4H_)";84;201303;201410;114;1560
"Kupplungssatz";479;59021;2;4;"CITROËN";"C4 PICASSO II";115;201302;;156;1598
"Kupplungssatz";479;59022;1;1;"CITROËN";"C4 PICASSO II";88;201302;;120;1598
"Kupplungssatz";479;59023;4;4;"CITROËN";"C4 PICASSO II";68;201302;;92;1560
"Kupplungssatz";479;59024;53;6;"CITROËN";"C4 PICASSO II";85;201302;;115;1560
"Kupplungssatz";479;59050;1;0;"PORSCHE";"911 Targa (964)";184;198812;199309;250;3600
"Kupplungssatz";479;59057;5;2;"SEAT";"LEON (5F1)";81;201309;202008;110;1598
"Kupplungssatz";479;59058;7;0;"MITSUBISHI";"PAJERO III (V7_W, V6_W)";73;200004;200612;99;2477
"Kupplungssatz";479;59059;1;0;"MITSUBISHI";"PAJERO III (V7_W, V6_W)";85;200109;200612;115;2477
"Kupplungssatz";479;59062;1;2;"SKODA";"RAPID (NH3, NK3, NK6)";66;201308;201505;90;1598
"Kupplungssatz";479;59067;14;1;"VW";"GOLF VII (5G1, BQ1, BE1, BE2)";66;201304;201807;90;1598
"Kupplungssatz";479;59068;102;2;"VW";"GOLF VII (5G1, BQ1, BE1, BE2)";81;201301;201703;110;1598
"Kupplungssatz";479;59071;4;4;"VW";"GOLF VII (5G1, BQ1, BE1, BE2)";81;201211;202008;110;1968
"Kupplungssatz";479;59073;3;3;"CHEVROLET";"TRAX";103;201212;;140;1364
"Kupplungssatz";479;59076;23;1;"FORD";"FIESTA VI (CB1, CCN)";134;201303;201704;182;1596
"Kupplungssatz";479;59077;9;1;"SKODA";"OCTAVIA III (5E3, NL3, NR3)";66;201211;202010;90;1598
"Kupplungssatz";479;59078;10;1;"SKODA";"OCTAVIA III Combi (5E5, 5E6)";66;201211;202010;90;1598
"Kupplungssatz";479;59115;30;2;"VW";"GOLF VII (5G1, BQ1, BE1, BE2)";162;201304;202008;220;1984
"Kupplungssatz";479;59116;32;2;"VW";"GOLF VII (5G1, BQ1, BE1, BE2)";169;201304;202008;230;1984
"Kupplungssatz";479;59120;38;4;"VW";"GOLF VII (5G1, BQ1, BE1, BE2)";135;201304;202008;184;1968
"Kupplungssatz";479;59219;1;1;"BMW";"3 Touring (F31)";160;201303;201602;218;1995
"Kupplungssatz";479;59224;1;1;"ABARTH";"500C / 595C / 695C";132;201006;;180;1368
"Kupplungssatz";479;59244;2;3;"AUDI";"A3 Sportback (8VA, 8VF)";221;201211;202010;300;1984
"Kupplungssatz";479;59245;2;4;"OPEL";"ANTARA A (L07)";110;200608;201112;150;1991
"Kupplungssatz";479;59247;5;2;"AUDI";"A3 Sportback (8VA, 8VF)";77;201305;;105;1197
"Kupplungssatz";479;59248;1;0;"AUDI";"A4 B8 (8K2)";165;201305;201512;224;1984
"Kupplungssatz";479;59250;1;0;"AUDI";"A4 B8 Avant (8K5)";165;201305;201512;224;1984
"Kupplungssatz";479;59251;2;0;"AUDI";"A4 B8 Avant (8K5)";165;201305;201512;224;1984
"Kupplungssatz";479;59253;1;1;"OPEL";"INSIGNIA A Stufenheck (G09)";125;201303;201703;170;1598
"Kupplungssatz";479;59255;4;6;"OPEL";"INSIGNIA A Sports Tourer (G09)";88;201203;201506;120;1956
"Kupplungssatz";479;59256;1;6;"OPEL";"INSIGNIA A Stufenheck (G09)";88;201203;201703;120;1956
"Kupplungssatz";479;59263;21;3;"AUDI";"Q5 (8RB)";110;201305;201705;150;1968
"Kupplungssatz";479;59264;8;3;"AUDI";"Q5 (8RB)";110;201305;201705;150;1968
"Kupplungssatz";479;59273;2;3;"AUDI";"Q3 (8UB, 8UG)";130;201106;201504;177;1968
"Kupplungssatz";479;59289;6;3;"VW";"GOLF VII (5G1, BQ1, BE1, BE2)";81;201301;201703;110;1598
"Kupplungssatz";479;59291;3;1;"FIAT";"PANDA Kasten/Schrägheck (169_)";40;200409;;54;1108
"Kupplungssatz";479;59292;3;5;"KIA";"PRO CEE'D (JD)";81;201303;201807;110;1582
"Kupplungssatz";479;59293;1;1;"KIA";"CARENS III Großraumlimousine (UN)";85;201010;;116;1582
"Kupplungssatz";479;59295;7;5;"KIA";"CEE'D Sportswagon (JD)";81;201303;201807;110;1582
"Kupplungssatz";479;59296;4;1;"KIA";"RIO III Stufenheck (UB)";63;201110;201712;86;1248
"Kupplungssatz";479;59302;5;2;"NISSAN";"JUKE (F15)";69;201301;;94;1598
"Kupplungssatz";479;59303;7;1;"NISSAN";"NP300 NAVARA (D40)";106;200701;;144;2488
"Kupplungssatz";479;59306;2;4;"CITROËN";"DS5";84;201206;201507;114;1560
"Kupplungssatz";479;59311;6;2;"CITROËN";"DS4 (NX_)";68;201105;201507;92;1560
"Kupplungssatz";479;59312;4;7;"CITROËN";"BERLINGO Pritsche/Fahrgestell (B9)";66;200804;;90;1560
"Kupplungssatz";479;59316;2;1;"PEUGEOT";"2008 I (CU_)";50;201306;;68;1398
"Kupplungssatz";479;59317;5;2;"LANCIA";"YPSILON (312_)";63;201105;;86;875
"Kupplungssatz";479;59318;7;1;"HYUNDAI";"i30 Coupe";73;201305;;99;1396
"Kupplungssatz";479;59319;1;3;"HYUNDAI";"i30 Coupe";99;201305;;135;1591
"Kupplungssatz";479;59320;2;1;"HYUNDAI";"i30 Coupe";66;201305;;90;1396
"Kupplungssatz";479;59321;1;2;"HYUNDAI";"i30 Coupe";94;201305;;128;1582
"Kupplungssatz";479;59322;1;7;"PEUGEOT";"3008 Großraumlimousine (0U_)";100;201109;201608;136;1997
"Kupplungssatz";479;59324;1;0;"MITSUBISHI";"L200 (K3_T, K2_T, K1_T, K0_T)";63;198702;199405;86;1997
"Kupplungssatz";479;59333;3;9;"RENAULT";"MASTER III Bus (JV)";110;201210;;150;2298
"Kupplungssatz";479;59335;9;2;"RENAULT";"GRAND SCÉNIC III (JZ0/1_)";97;201301;;132;1197
"Kupplungssatz";479;59338;3;2;"RENAULT";"MEGANE CC (EZ0/1_)";97;201301;;132;1197
"Kupplungssatz";479;59339;1;2;"RENAULT";"MEGANE III Coupe (DZ0/1_)";97;201301;201508;132;1197
"Kupplungssatz";479;59340;6;2;"RENAULT";"MEGANE III Grandtour (KZ0/1)";97;201301;;132;1197
"Kupplungssatz";479;59341;5;2;"RENAULT";"MEGANE III Schrägheck (BZ0/1_, B3_)";97;201301;;132;1197
"Kupplungssatz";479;59342;17;2;"RENAULT";"SCÉNIC III (JZ0/1_)";97;201301;;132;1197
"Kupplungssatz";479;59353;3;5;"RENAULT";"LAGUNA Coupe (DT0/1)";81;201203;201512;110;1461
"Kupplungssatz";479;59370;17;3;"VOLVO";"V40 Schrägheck (525)";88;201304;201612;120;1596
"Kupplungssatz";479;59384;3;1;"MERCEDES-BENZ";"B-CLASS Sports Tourer (W246, W242)";66;201305;201812;90;1461
"Kupplungssatz";479;59385;10;2;"VOLVO";"V70 III (135)";100;200710;201512;136;1984
"Kupplungssatz";479;59387;1;3;"VW";"PASSAT B7 Variant (365)";130;201301;201412;177;1968
"Kupplungssatz";479;59401;16;1;"HYUNDAI";"i10 I (PA)";51;201101;201712;69;998
"Kupplungssatz";479;59406;7;2;"BMW";"3 Touring (F31)";135;201303;201506;184;1995
"Kupplungssatz";479;59407;2;1;"BMW";"3 Touring (F31)";100;201303;201506;136;1598
"Kupplungssatz";479;59408;4;1;"HYUNDAI";"ix20 (JC)";94;201106;201907;128;1582
"Kupplungssatz";479;59412;4;1;"MAZDA";"6 Kombi (GJ, GL)";110;201212;;150;2191
"Kupplungssatz";479;59416;1;0;"MINI";"MINI (R56)";141;200611;201002;192;1598
"Kupplungssatz";479;59423;2;3;"BMW";"3 Cabriolet (E93)";120;200801;201312;163;1995
"Kupplungssatz";479;59425;5;0;"SUBARU";"IMPREZA Schrägheck (GP_)";84;201206;;114;1600
"Kupplungssatz";479;59426;4;3;"MERCEDES-BENZ";"VITO / MIXTO Kasten (W639)";100;201009;;136;2143
"Kupplungssatz";479;59428;1;0;"MERCEDES-BENZ";"VITO / MIXTO Kasten (W639)";120;201009;;163;2143
"Kupplungssatz";479;59438;8;1;"MERCEDES-BENZ";"B-CLASS Sports Tourer (W246, W242)";80;201302;201812;109;1461
"Kupplungssatz";479;59444;20;3;"VW";"SHARAN (7N1, 7N2)";130;201301;;177;1968
"Kupplungssatz";479;59463;1;6;"MERCEDES-BENZ";"SPRINTER 4,6-t Pritsche/Fahrgestell (B906)";80;200906;201812;109;2148
"Kupplungssatz";479;59470;1;2;"MERCEDES-BENZ";"C-CLASS (W204)";120;200810;201401;163;2143
"Kupplungssatz";479;59471;1;2;"MERCEDES-BENZ";"C-CLASS T-Model (S204)";120;200812;201408;163;2143
"Kupplungssatz";479;59476;3;2;"MERCEDES-BENZ";"C-CLASS (W204)";115;200801;201401;156;1595
"Kupplungssatz";479;59488;17;4;"SKODA";"OCTAVIA III Combi (5E5, 5E6)";77;201211;201505;105;1598
"Kupplungssatz";479;59490;41;6;"SKODA";"OCTAVIA III Combi (5E5, 5E6)";110;201211;202010;150;1968
"Kupplungssatz";479;59492;49;2;"FORD";"B-MAX (JK)";92;201210;;125;998
"Kupplungssatz";479;59493;1;2;"FORD";"FIESTA VI Van";55;201210;;75;1499
"Kupplungssatz";479;59558;4;1;"MERCEDES-BENZ";"A-CLASS (W176)";66;201306;201805;90;1461
"Kupplungssatz";479;59562;6;3;"AUDI";"A4 B8 (8K2)";110;201305;201512;150;1968
"Kupplungssatz";479;59566;39;4;"AUDI";"A4 B8 Avant (8K5)";110;201305;201512;150;1968
"Kupplungssatz";479;59567;16;3;"AUDI";"A4 B8 Avant (8K5)";110;201305;201512;150;1968
"Kupplungssatz";479;59568;9;2;"AUDI";"A4 B8 Avant (8K5)";140;201309;201512;190;1968
"Kupplungssatz";479;59569;5;1;"AUDI";"A4 B8 Avant (8K5)";140;201309;201512;190;1968
"Kupplungssatz";479;59572;4;0;"AUDI";"A4 Allroad B8 (8KH)";110;201305;201605;150;1968
"Kupplungssatz";479;59583;12;2;"TOYOTA";"PROACE Kasten (MDX_)";66;201306;201603;90;1560
"Kupplungssatz";479;59584;26;1;"TOYOTA";"PROACE Kasten (MDX_)";94;201306;201603;128;1997
"Kupplungssatz";479;59599;7;4;"SEAT";"LEON SC (5F5)";103;201302;201611;140;1395
"Kupplungssatz";479;59600;6;1;"TOYOTA";"AURIS Kombi (_E18_)";73;201307;201812;99;1329
"Kupplungssatz";479;59601;2;4;"SEAT";"LEON SC (5F5)";132;201302;201808;180;1798
"Kupplungssatz";479;59602;12;1;"TOYOTA";"AURIS Kombi (_E18_)";97;201307;201812;132;1598
"Kupplungssatz";479;59603;1;1;"SEAT";"LEON SC (5F5)";66;201302;201808;90;1598
"Kupplungssatz";479;59604;9;1;"TOYOTA";"AURIS Kombi (_E18_)";66;201307;201812;90;1364
"Kupplungssatz";479;59605;3;2;"SEAT";"LEON SC (5F5)";77;201302;201808;105;1598
"Kupplungssatz";479;59610;3;6;"SEAT";"LEON SC (5F5)";110;201302;201808;150;1968
"Kupplungssatz";479;59611;1;4;"SEAT";"LEON SC (5F5)";135;201303;201808;184;1968
"Kupplungssatz";479;59616;2;1;"AUDI";"A3 Limousine (8VS, 8VM)";103;201305;;140;1395
"Kupplungssatz";479;59619;26;6;"AUDI";"A3 Limousine (8VS, 8VM)";110;201305;202010;150;1968
"Kupplungssatz";479;59621;1;4;"AUDI";"A3 Sportback (8VA, 8VF)";135;201305;201608;184;1968
"Kupplungssatz";479;59624;3;5;"AUDI";"A3 (8V1, 8VK)";100;201305;201608;136;1968
"Kupplungssatz";479;59634;2;0;"AUDI";"A5 Cabriolet (8F7)";165;201305;201605;224;1984
"Kupplungssatz";479;59637;3;0;"AUDI";"A5 Sportback (8TA)";165;201305;201605;224;1984
"Kupplungssatz";479;59638;2;0;"AUDI";"A5 Sportback (8TA)";165;201305;201605;224;1984
"Kupplungssatz";479;59642;3;3;"AUDI";"A5 Sportback (8TA)";110;201305;201701;150;1968
"Kupplungssatz";479;59645;1;0;"AUDI";"A5 (8T3)";165;201305;201605;224;1984
"Kupplungssatz";479;59663;2;1;"AUDI";"Q3 (8UB, 8UG)";228;201310;201810;310;2480
"Kupplungssatz";479;59676;5;4;"SKODA";"OCTAVIA III (5E3, NL3, NR3)";135;201305;202010;184;1968
"Kupplungssatz";479;59677;4;3;"SKODA";"OCTAVIA III (5E3, NL3, NR3)";162;201305;201702;220;1984
"Kupplungssatz";479;59678;1;0;"VW";"MICROBUS / VOLKSIEBUS T3 (25_)";100;199506;199912;136;2553
"Kupplungssatz";479;59679;21;4;"SKODA";"OCTAVIA III Combi (5E5, 5E6)";135;201305;202010;184;1968
"Kupplungssatz";479;59680;21;3;"SKODA";"OCTAVIA III Combi (5E5, 5E6)";162;201211;201702;220;1984
"Kupplungssatz";479;59682;1;0;"VW";"MICROBUS / VOLKSIEBUS T3 (25_)";70;199509;199912;95;1781
"Kupplungssatz";479;59698;3;1;"ABARTH";"500C / 595C / 695C";99;200805;;135;1368
"Kupplungssatz";479;59700;1;0;"NISSAN";"NAVARA (D22)";125;200111;200504;170;3275
"Kupplungssatz";479;59714;17;4;"DACIA";"LOGAN MCV II";55;201302;;75;1149
"Kupplungssatz";479;59716;54;3;"DACIA";"LOGAN MCV II";66;201302;;90;898
"Kupplungssatz";479;59719;33;6;"DACIA";"LOGAN MCV II";66;201302;;90;1461
"Kupplungssatz";479;59720;3;1;"DACIA";"LOGAN MCV II";55;201302;;75;1149
"Kupplungssatz";479;59722;2;2;"KIA";"PRO CEE'D (JD)";150;201306;201807;204;1591
"Kupplungssatz";479;59724;4;4;"PEUGEOT";"308 II (LB_, LP_, LW_, LH_, L3_)";115;201309;202106;156;1598
"Kupplungssatz";479;59725;2;4;"PEUGEOT";"308 II (LB_, LP_, LW_, LH_, L3_)";92;201309;202106;125;1598
"Kupplungssatz";479;59726;10;0;"PEUGEOT";"308 II (LB_, LP_, LW_, LH_, L3_)";60;201309;202106;82;1199
"Kupplungssatz";479;59728;18;2;"PEUGEOT";"308 II (LB_, LP_, LW_, LH_, L3_)";68;201309;202106;92;1560
"Kupplungssatz";479;59730;11;8;"PEUGEOT";"308 II (LB_, LP_, LW_, LH_, L3_)";85;201309;202106;115;1560
"Kupplungssatz";479;59731;1;2;"SSANGYONG";"RODIUS II";114;201307;;155;1998
"Kupplungssatz";479;59732;2;2;"SSANGYONG";"RODIUS II";114;201307;;155;1998
"Kupplungssatz";479;59794;1;2;"BMW";"5 Touring (F11)";105;201307;201406;143;1995
"Kupplungssatz";479;59795;2;1;"BMW";"5 (F10)";105;201307;201406;143;1995
"Kupplungssatz";479;59797;2;2;"BMW";"3 (F30, F80)";105;201307;201506;143;1995
"Kupplungssatz";479;59799;6;2;"BMW";"3 Touring (F31)";105;201307;201506;143;1995
"Kupplungssatz";479;59803;4;2;"BMW";"3 Gran Turismo (F34)";135;201307;201506;184;1995
"Kupplungssatz";479;59928;2;3;"FIAT";"DUCATO Bus (250_)";115;200610;;156;2999
"Kupplungssatz";479;59931;3;0;"FIAT";"DUCATO Pritsche/Fahrgestell (280_)";68;198609;199005;92;2499
"Kupplungssatz";479;65013;2;0;"NISSAN";"DATSUN";38;197201;199012;52;1171
"Kupplungssatz";479;100001;33;4;"DACIA";"DUSTER (HS_)";92;201310;201801;125;1197
"Kupplungssatz";479;100035;72;4;"AUDI";"Q3 (8UB, 8UG)";110;201310;201810;150;1395
"Kupplungssatz";479;100036;4;0;"AUDI";"A5 Sportback (8TA)";140;201309;201701;190;1968
"Kupplungssatz";479;100037;4;1;"AUDI";"A5 Sportback (8TA)";140;201309;201701;190;1968
"Kupplungssatz";479;100039;18;3;"AUDI";"A3 (8V1, 8VK)";81;201309;201712;110;1598
"Kupplungssatz";479;100040;29;3;"AUDI";"A3 Sportback (8VA, 8VF)";81;201309;202010;110;1598
"Kupplungssatz";479;100044;9;3;"AUDI";"A3 Cabriolet (8V7, 8VE)";110;201310;202010;150;1968
"Kupplungssatz";479;100046;7;6;"AUDI";"A3 Limousine (8VS, 8VM)";110;201310;202010;150;1968
"Kupplungssatz";479;100050;3;2;"AUDI";"A3 Sportback (8VA, 8VF)";81;201311;202010;110;1395
"Kupplungssatz";479;100054;1;0;"AUDI";"A5 Cabriolet (8F7)";140;201309;201701;190;1968
"Kupplungssatz";479;100059;16;4;"AUDI";"A6 C7 Avant (4G5, 4GD)";140;201311;201809;190;1968
"Kupplungssatz";479;100060;10;4;"AUDI";"A6 C7 (4G2, 4GC)";140;201311;201809;190;1968
"Kupplungssatz";479;100061;18;1;"AUDI";"Q5 (8RB)";140;201311;201705;190;1968
"Kupplungssatz";479;100069;6;3;"VW";"CRAFTER 30-35 Bus (2E_)";84;201311;201612;114;1968
"Kupplungssatz";479;100070;1;3;"VW";"CRAFTER 30-50 Kasten (2E_)";84;201311;201612;114;1968
"Kupplungssatz";479;100075;9;3;"VW";"GOLF VII (5G1, BQ1, BE1, BE2)";221;201311;202008;300;1984
"Kupplungssatz";479;100088;1;2;"FORD";"TRANSIT CONNECT Großraumlimousine";55;201302;;75;1560
"Kupplungssatz";479;100089;5;2;"FORD";"TRANSIT CONNECT Großraumlimousine";70;201302;;95;1560
"Kupplungssatz";479;100090;4;2;"FORD";"TRANSIT CONNECT Großraumlimousine";85;201302;;115;1560
"Kupplungssatz";479;100170;4;3;"MERCEDES-BENZ";"CITAN Kasten/Großraumlimousine (W415)";84;201306;202108;114;1197
"Kupplungssatz";479;100171;31;4;"MERCEDES-BENZ";"CITAN Kasten/Großraumlimousine (W415)";81;201306;202108;110;1461
"Kupplungssatz";479;100172;20;4;"MERCEDES-BENZ";"CITAN Mixto (Double Cabin) (W415)";81;201306;202108;110;1461
"Kupplungssatz";479;100180;66;4;"MERCEDES-BENZ";"CITAN Tourer (W415)";81;201306;202108;110;1461
"Kupplungssatz";479;100182;4;3;"MERCEDES-BENZ";"CITAN Tourer (W415)";84;201306;202108;114;1197
"Kupplungssatz";479;100230;2;0;"MITSUBISHI";"MIRAGE VI Stufenheck (A1_A)";59;201310;;80;1193
"Kupplungssatz";479;100283;2;2;"VOLVO";"XC70 II (136)";133;201310;201604;181;2400
"Kupplungssatz";479;100339;41;5;"FIAT";"500 (312_)";77;201310;;105;875
"Kupplungssatz";479;100340;9;2;"FIAT";"500L (351_, 352_)";88;201310;;120;1368
"Kupplungssatz";479;100369;3;1;"VOLVO";"V60 I (155)";133;201310;201512;181;1969
"Kupplungssatz";479;100378;9;1;"VOLVO";"V70 III (135)";133;201310;201604;181;1969
"Kupplungssatz";479;100381;3;1;"VOLVO";"XC60 I SUV (156)";133;201310;201512;181;1969
"Kupplungssatz";479;100393;1;1;"VOLVO";"XC70 II (136)";133;201310;201604;181;1969
"Kupplungssatz";479;100408;6;3;"DACIA";"DOKKER Großraumlimousine (KE_)";61;201311;;83;1598
"Kupplungssatz";479;100409;3;4;"DACIA";"LODGY (JS_)";61;201311;;83;1598
"Kupplungssatz";479;100413;8;4;"RENAULT";"MEGANE III Schrägheck (BZ0/1_, B3_)";70;201311;201508;95;1461
"Kupplungssatz";479;100414;15;4;"RENAULT";"MEGANE III Grandtour (KZ0/1)";70;201311;;95;1461
"Kupplungssatz";479;100449;2;1;"MERCEDES-BENZ";"GLA-CLASS (X156)";115;201312;;156;1595
"Kupplungssatz";479;100453;1;1;"MERCEDES-BENZ";"GLA-CLASS (X156)";100;201312;;136;2143
"Kupplungssatz";479;100474;1;0;"MERCEDES-BENZ";"GLA-CLASS (X156)";125;201312;;170;2143
"Kupplungssatz";479;100487;5;0;"HONDA";"CIVIC IX Tourer (FK)";88;201401;;120;1597
"Kupplungssatz";479;100489;1;2;"HONDA";"CIVIC IX Tourer (FK)";104;201401;;141;1798
"Kupplungssatz";479;100490;1;1;"TOYOTA";"RAV 4 IV (_A4_)";91;201301;201811;124;1998
"Kupplungssatz";479;100491;22;2;"OPEL";"ASTRA J (P10)";100;201311;201510;136;1598
"Kupplungssatz";479;100492;3;2;"OPEL";"ASTRA J Stufenheck";100;201401;;136;1598
"Kupplungssatz";479;100493;77;2;"OPEL";"ASTRA J Caravan (P10)";100;201311;201510;136;1598
"Kupplungssatz";479;100494;1;3;"OPEL";"CASCADA (W13)";147;201311;201804;200;1598
"Kupplungssatz";479;100498;24;2;"OPEL";"MERIVA B Großraumlimousine (S10)";81;201403;201703;110;1598
"Kupplungssatz";479;100506;130;2;"NISSAN";"QASHQAI II SUV (J11, J11_)";85;201311;;115;1197
"Kupplungssatz";479;100507;116;5;"NISSAN";"QASHQAI II SUV (J11, J11_)";81;201311;;110;1461
"Kupplungssatz";479;100508;19;3;"NISSAN";"QASHQAI II SUV (J11, J11_)";96;201311;;130;1598
"Kupplungssatz";479;100509;18;2;"NISSAN";"QASHQAI II SUV (J11, J11_)";96;201311;;130;1598
"Kupplungssatz";479;100514;1;3;"DACIA";"DOKKER Express Kasten/Großraumlimousine";61;201311;;83;1598
"Kupplungssatz";479;100515;31;5;"DACIA";"DUSTER (HS_)";80;201308;201801;109;1461
"Kupplungssatz";479;100541;4;1;"MERCEDES-BENZ";"CLA Coupe (C117)";100;201306;201408;136;1796
"Kupplungssatz";479;100548;1;2;"VAUXHALL";"ASTRA Mk VI (J) (P10)";81;201311;201510;110;1598
"Kupplungssatz";479;100550;1;0;"MERCEDES-BENZ";"B-CLASS Sports Tourer (W246, W242)";120;201306;201812;163;2143
"Kupplungssatz";479;100551;12;1;"MERCEDES-BENZ";"C-CLASS (W205)";135;201312;201808;184;1991
"Kupplungssatz";479;100560;19;1;"MERCEDES-BENZ";"C-CLASS (W205)";125;201402;201805;170;2143
"Kupplungssatz";479;100571;5;3;"MINI";"MINI (F56)";85;201312;;116;1496
"Kupplungssatz";479;100572;44;2;"MINI";"MINI (F56)";100;201312;;136;1499
"Kupplungssatz";479;100573;25;2;"MINI";"MINI (F56)";141;201312;;192;1998
"Kupplungssatz";479;100581;488;2;"HYUNDAI";"i10 II (BA, IA)";49;201308;;67;998
"Kupplungssatz";479;100584;198;1;"HYUNDAI";"i10 II (BA, IA)";64;201312;;87;1248
"Kupplungssatz";479;100629;10;2;"SKODA";"OCTAVIA III (5E3, NL3, NR3)";81;201305;201702;110;1598
"Kupplungssatz";479;100630;21;2;"SKODA";"OCTAVIA III Combi (5E5, 5E6)";81;201305;201702;110;1598
"Kupplungssatz";479;100639;1;0;"PORSCHE";"MACAN (95B)";294;201402;201809;400;3604
"Kupplungssatz";479;100640;1;0;"PORSCHE";"MACAN (95B)";190;201402;201809;258;2967
"Kupplungssatz";479;100644;22;5;"PEUGEOT";"308 SW II (LC_, LJ_, LR_, LX_, L4_)";96;201403;202106;131;1199
"Kupplungssatz";479;100646;9;2;"PEUGEOT";"308 SW II (LC_, LJ_, LR_, LX_, L4_)";68;201403;202106;92;1560
"Kupplungssatz";479;100647;11;8;"PEUGEOT";"308 SW II (LC_, LJ_, LR_, LX_, L4_)";85;201403;202106;115;1560
"Kupplungssatz";479;100648;25;6;"PEUGEOT";"308 SW II (LC_, LJ_, LR_, LX_, L4_)";110;201403;202106;150;1997
"Kupplungssatz";479;100738;11;2;"OPEL";"MERIVA B Großraumlimousine (S10)";100;201308;201701;136;1598
"Kupplungssatz";479;100739;3;3;"OPEL";"MOKKA / MOKKA X (J13)";103;201304;;140;1364
"Kupplungssatz";479;100750;33;1;"MERCEDES-BENZ";"C-CLASS (W205)";115;201403;;156;1595
"Kupplungssatz";479;100763;1;1;"ALFA ROMEO";"GIULIETTA (940_)";129;201311;201810;175;1956
"Kupplungssatz";479;100764;1;1;"ALFA ROMEO";"MITO (955_)";103;201312;201810;140;1368
"Kupplungssatz";479;100766;1;1;"TOYOTA";"VERSO (_R2_)";82;201311;201808;112;1598
"Kupplungssatz";479;100768;11;2;"FIAT";"DOBLO Cargo (263_)";55;201311;;75;1248
"Kupplungssatz";479;100770;11;2;"FIAT";"PUNTO (199_)";74;201312;;101;875
"Kupplungssatz";479;100771;1;2;"AUDI";"A1 (8X1, 8XK)";170;201403;201810;231;1984
"Kupplungssatz";479;100774;1;1;"AUDI";"A3 Cabriolet (8V7, 8VE)";81;201402;202010;110;1598
"Kupplungssatz";479;100776;1;3;"AUDI";"A3 Cabriolet (8V7, 8VE)";110;201403;202010;150;1968
"Kupplungssatz";479;100777;1;2;"AUDI";"A3 Cabriolet (8V7, 8VE)";92;201402;;125;1395
"Kupplungssatz";479;100778;2;3;"FIAT";"PANDA (312_, 319_)";44;201312;;60;964
"Kupplungssatz";479;100779;1;5;"FIAT";"PANDA (312_, 319_)";59;201312;;80;875
"Kupplungssatz";479;100780;1;0;"FIAT";"PUNTO (199_)";59;201312;;80;1248
"Kupplungssatz";479;100781;2;1;"FIAT";"500 (312_)";44;201312;;60;964
"Kupplungssatz";479;100782;19;0;"FIAT";"500 (312_)";59;201312;;80;875
"Kupplungssatz";479;100783;1;0;"ALFA ROMEO";"MITO (955_)";59;201312;201512;80;1248
"Kupplungssatz";479;100784;2;2;"ALFA ROMEO";"MITO (955_)";74;201312;201808;101;875
"Kupplungssatz";479;100787;2;2;"SEAT";"LEON (5F1)";206;201310;202008;280;1984
"Kupplungssatz";479;100789;4;2;"SEAT";"LEON (5F1)";81;201302;201808;110;1395
"Kupplungssatz";479;100790;1;2;"SEAT";"LEON SC (5F5)";195;201310;201611;265;1984
"Kupplungssatz";479;100791;1;2;"SEAT";"LEON SC (5F5)";206;201310;201611;280;1984
"Kupplungssatz";479;100792;19;1;"HYUNDAI";"i10 II (BA, IA)";49;201402;;67;998
"Kupplungssatz";479;100793;13;2;"SEAT";"LEON ST (5F8)";81;201309;202008;110;1598
"Kupplungssatz";479;100794;3;2;"SEAT";"LEON ST (5F8)";81;201310;201808;110;1395
"Kupplungssatz";479;100795;57;1;"VW";"POLO V (6R1, 6C1)";44;201401;;60;999
"Kupplungssatz";479;100796;58;1;"VW";"POLO V (6R1, 6C1)";55;201401;;75;999
"Kupplungssatz";479;100797;2;2;"VW";"POLO V (6R1, 6C1)";81;201401;;110;1197
"Kupplungssatz";479;100798;31;2;"VW";"GOLF SPORTSVAN VII (AM1, AN1)";81;201402;201611;110;1598
"Kupplungssatz";479;100799;37;3;"VW";"GOLF SPORTSVAN VII (AM1, AN1)";110;201402;202008;150;1968
"Kupplungssatz";479;100800;7;3;"VW";"GOLF SPORTSVAN VII (AM1, AN1)";110;201402;201807;150;1395
"Kupplungssatz";479;100805;2;2;"HYUNDAI";"ix35 (LM, EL, ELH)";122;201308;201512;166;1999
"Kupplungssatz";479;100807;1;2;"HYUNDAI";"ix35 (LM, EL, ELH)";122;201308;;166;1999
"Kupplungssatz";479;100810;13;5;"FIAT";"500 C (312_)";77;201312;;105;875
"Kupplungssatz";479;100816;12;1;"MERCEDES-BENZ";"A-CLASS (W176)";100;201402;201805;136;2143
"Kupplungssatz";479;100822;1;0;"MERCEDES-BENZ";"A-CLASS (W176)";100;201402;201805;136;2143
"Kupplungssatz";479;100823;2;2;"BMW";"2 Coupe (F22, F87)";105;201403;201506;143;1995
"Kupplungssatz";479;100826;1;3;"MERCEDES-BENZ";"V-CLASS (W447)";100;201403;;136;2143
"Kupplungssatz";479;100829;3;3;"MERCEDES-BENZ";"V-CLASS (W447)";120;201403;;163;2143
"Kupplungssatz";479;100831;1;0;"MERCEDES-BENZ";"V-CLASS (W447)";140;201403;;190;2143
"Kupplungssatz";479;100834;14;4;"PEUGEOT";"308 II (LB_, LP_, LW_, LH_, L3_)";81;201311;202106;110;1199
"Kupplungssatz";479;100835;22;5;"PEUGEOT";"308 II (LB_, LP_, LW_, LH_, L3_)";96;201311;202106;131;1199
"Kupplungssatz";479;100836;13;5;"PEUGEOT";"308 II (LB_, LP_, LW_, LH_, L3_)";88;201311;202106;120;1560
"Kupplungssatz";479;100837;7;6;"PEUGEOT";"308 II (LB_, LP_, LW_, LH_, L3_)";110;201311;202106;150;1997
"Kupplungssatz";479;100851;1;1;"BMW";"4 Gran Coupe (F36)";135;201403;201702;184;1997
"Kupplungssatz";479;100854;24;2;"OPEL";"ASTRA J (P10)";81;201402;201510;110;1598
"Kupplungssatz";479;100855;100;2;"OPEL";"ASTRA J Caravan (P10)";81;201402;201510;110;1598
"Kupplungssatz";479;100856;4;2;"OPEL";"MERIVA B Großraumlimousine (S10)";70;201401;201701;95;1598
"Kupplungssatz";479;100859;1;2;"FIAT";"500L (351_, 352_)";88;201402;;120;1368
"Kupplungssatz";479;100883;11;2;"FIAT";"PUNTO (199_)";49;201402;;67;1242
"Kupplungssatz";479;100885;3;2;"BMW";"3 (F30, F80)";147;201111;201603;200;1995
"Kupplungssatz";479;100886;4;2;"BMW";"1 (F20)";105;201307;201502;143;1995
"Kupplungssatz";479;100898;7;1;"MINI";"MINI (F56)";70;201403;;95;1496
"Kupplungssatz";479;100899;42;1;"MINI";"MINI (F56)";75;201404;201710;102;1198
"Kupplungssatz";479;100922;1;0;"SUBARU";"WRX Stufenheck (GJ)";221;201406;;301;2457
"Kupplungssatz";479;100928;2;0;"DATSUN";"GO";50;201403;;68;1198
"Kupplungssatz";479;100941;1;2;"BMW";"X3 (F25)";110;201404;201708;150;1995
"Kupplungssatz";479;100942;9;1;"BMW";"X3 (F25)";140;201404;201708;190;1995
"Kupplungssatz";479;101002;1;3;"SEAT";"LEON ST (5F8)";77;201404;202008;105;1598
"Kupplungssatz";479;101004;16;2;"SEAT";"LEON (5F1)";81;201404;202008;110;1197
"Kupplungssatz";479;101049;4;1;"BMW";"X4 (F26)";140;201404;201803;190;1995
"Kupplungssatz";479;101053;1;3;"FORD";"TRANSIT COURIER B460 Großraumlimousine";70;201402;;95;1560
"Kupplungssatz";479;101054;5;3;"FORD";"TRANSIT COURIER B460 Kasten/Großraumlimousine";70;201402;;95;1560
"Kupplungssatz";479;101055;9;4;"FORD";"TRANSIT COURIER B460 Großraumlimousine";55;201402;;75;1499
"Kupplungssatz";479;101056;33;4;"FORD";"TRANSIT COURIER B460 Kasten/Großraumlimousine";55;201402;;75;1499
"Kupplungssatz";479;101057;35;1;"FORD";"TRANSIT COURIER B460 Großraumlimousine";74;201402;;100;998
"Kupplungssatz";479;101058;40;1;"FORD";"TRANSIT COURIER B460 Kasten/Großraumlimousine";74;201402;;100;998
"Kupplungssatz";479;101074;2;0;"SUZUKI";"VITARA (ET, TA, TD)";70;199102;199803;95;1590
"Kupplungssatz";479;101088;8;1;"KIA";"SPORTAGE III (SL)";122;201402;;166;1998
"Kupplungssatz";479;101091;49;1;"FORD";"TOURNEO COURIER B460 Großraumlimousine";74;201402;;100;998
"Kupplungssatz";479;101092;2;4;"FORD";"TOURNEO COURIER B460 Großraumlimousine";55;201402;;75;1499
"Kupplungssatz";479;101094;1;3;"FORD";"TOURNEO COURIER B460 Großraumlimousine";70;201402;;95;1560
"Kupplungssatz";479;101100;5;5;"FORD";"TRANSIT V363 Bus (FAD, FBD)";92;201308;201812;125;2198
"Kupplungssatz";479;101101;4;5;"FORD";"TRANSIT V363 Bus (FAD, FBD)";114;201308;201812;155;2198
"Kupplungssatz";479;101102;2;5;"FORD";"TRANSIT V363 Kasten (FCD, FDD)";114;201308;201812;155;2198
"Kupplungssatz";479;101103;4;5;"FORD";"TRANSIT V363 Kasten (FCD, FDD)";114;201508;201812;155;2198
"Kupplungssatz";479;101104;13;3;"FORD";"TRANSIT V363 Kasten (FCD, FDD)";114;201308;201812;155;2198
"Kupplungssatz";479;101106;11;5;"FORD";"TRANSIT V363 Kasten (FCD, FDD)";92;201308;201812;125;2198
"Kupplungssatz";479;101107;1;0;"MITSUBISHI";"L200 (K7_T, K6_T, K5_T)";89;200401;200712;121;2477
"Kupplungssatz";479;101108;34;3;"FORD";"TRANSIT V363 Kasten (FCD, FDD)";92;201308;201812;125;2198
"Kupplungssatz";479;101109;2;5;"FORD";"TRANSIT V363 Kasten (FCD, FDD)";92;201308;201812;125;2198
"Kupplungssatz";479;101110;23;3;"FORD";"TRANSIT V363 Kasten (FCD, FDD)";74;201308;201812;100;2198
"Kupplungssatz";479;101112;2;3;"FORD";"TRANSIT V363 Pritsche/Fahrgestell (FED, FFD)";74;201308;201812;100;2198
"Kupplungssatz";479;101114;7;3;"FORD";"TRANSIT V363 Pritsche/Fahrgestell (FED, FFD)";92;201308;201812;125;2198
"Kupplungssatz";479;101115;2;5;"FORD";"TRANSIT V363 Pritsche/Fahrgestell (FED, FFD)";92;201308;201812;125;2198
"Kupplungssatz";479;101117;2;5;"FORD";"TRANSIT V363 Pritsche/Fahrgestell (FED, FFD)";92;201308;201812;125;2198
"Kupplungssatz";479;101118;4;3;"FORD";"TRANSIT V363 Pritsche/Fahrgestell (FED, FFD)";114;201308;201812;155;2198
"Kupplungssatz";479;101119;5;5;"FORD";"TRANSIT V363 Pritsche/Fahrgestell (FED, FFD)";114;201308;201812;155;2198
"Kupplungssatz";479;101150;113;3;"VW";"POLO V (6R1, 6C1)";66;201402;;90;1422
"Kupplungssatz";479;101154;90;2;"VW";"POLO V (6R1, 6C1)";55;201403;201710;75;1422
"Kupplungssatz";479;101156;55;2;"VW";"GOLF SPORTSVAN VII (AM1, AN1)";81;201404;201711;110;1197
"Kupplungssatz";479;101157;42;2;"VW";"GOLF SPORTSVAN VII (AM1, AN1)";92;201404;202008;125;1395
"Kupplungssatz";479;105577;449;2;"TOYOTA";"AYGO (_B4_)";51;201405;;69;998
"Kupplungssatz";479;105581;4;2;"OPEL";"ASTRA J Stufenheck";81;201404;;110;1598
"Kupplungssatz";479;105627;3;4;"AUDI";"A3 Limousine (8VS, 8VM)";135;201405;202010;184;1968
"Kupplungssatz";479;105717;2;3;"VW";"POLO V (6R1, 6C1)";110;201405;201710;150;1395
"Kupplungssatz";479;105727;27;2;"VW";"POLO V (6R1, 6C1)";77;201405;;105;1422
"Kupplungssatz";479;105738;9;1;"VW";"GOLF SPORTSVAN VII (AM1, AN1)";63;201405;201711;86;1197
"Kupplungssatz";479;105739;1;1;"VW";"GOLF SPORTSVAN VII (AM1, AN1)";66;201402;201807;90;1598
"Kupplungssatz";479;105741;1;1;"VW";"GOLF SPORTSVAN VII (AM1, AN1)";81;201405;201611;110;1598
"Kupplungssatz";479;105748;2;1;"VW";"GOLF SPORTSVAN VII (AM1, AN1)";92;201404;201711;125;1395
"Kupplungssatz";479;105759;1;1;"LADA";"KALINA II Schrägheck (2192_)";72;201306;201808;98;1597
"Kupplungssatz";479;105799;2;0;"LAND ROVER";"DISCOVERY II (L318)";100;199811;200406;136;2495
"Kupplungssatz";479;105875;1;1;"JEEP";"CHEROKEE (KL)";125;201404;201808;170;1956
"Kupplungssatz";479;105876;9;4;"PEUGEOT";"308 SW II (LC_, LJ_, LR_, LX_, L4_)";81;201403;202106;110;1199
"Kupplungssatz";479;105877;44;5;"PEUGEOT";"308 SW II (LC_, LJ_, LR_, LX_, L4_)";88;201403;202106;120;1560
"Kupplungssatz";479;105880;3;1;"PEUGEOT";"308 II (LB_, LP_, LW_, LH_, L3_)";73;201404;202106;99;1560
"Kupplungssatz";479;105882;13;1;"PEUGEOT";"308 SW II (LC_, LJ_, LR_, LX_, L4_)";73;201404;202106;99;1560
"Kupplungssatz";479;105885;19;6;"PEUGEOT";"508 SW I (8E_)";110;201404;201812;150;1997
"Kupplungssatz";479;105893;27;1;"BMW";"2 Active Tourer (F45)";100;201407;;136;1499
"Kupplungssatz";479;105894;5;1;"JEEP";"CHEROKEE (KL)";103;201404;201808;140;1956
"Kupplungssatz";479;105901;51;2;"VW";"GOLF VII (5G1, BQ1, BE1, BE2)";81;201404;201703;110;1197
"Kupplungssatz";479;105904;26;4;"RENAULT";"TRAFIC III Kasten (FG_)";66;201405;;90;1598
"Kupplungssatz";479;105905;27;4;"RENAULT";"TRAFIC III Kasten (FG_)";85;201405;;116;1598
"Kupplungssatz";479;105906;76;4;"RENAULT";"TRAFIC III Kasten (FG_)";88;201405;;120;1598
"Kupplungssatz";479;105907;13;4;"RENAULT";"TRAFIC III Kasten (FG_)";103;201405;;140;1598
"Kupplungssatz";479;105909;152;2;"CITROËN";"C1 II (PA_, PS_)";51;201404;;69;998
"Kupplungssatz";479;105910;37;1;"CITROËN";"C1 II (PA_, PS_)";60;201404;;82;1199
"Kupplungssatz";479;105911;55;2;"VW";"GOLF VII (5G1, BQ1, BE1, BE2)";92;201405;202008;125;1395
"Kupplungssatz";479;105912;25;4;"VW";"GOLF VII (5G1, BQ1, BE1, BE2)";110;201405;202103;150;1395
"Kupplungssatz";479;105913;2;1;"BMW";"4 Cabriolet (F33, F83)";135;201407;201602;184;1997
"Kupplungssatz";479;105914;38;1;"CITROËN";"C4 CACTUS";60;201409;;82;1199
"Kupplungssatz";479;105916;14;4;"CITROËN";"C4 CACTUS";68;201409;;92;1560
"Kupplungssatz";479;105917;19;2;"VW";"GOLF VII Variant (BA5, BV5)";81;201404;201703;110;1197
"Kupplungssatz";479;105919;16;2;"VW";"GOLF VII Variant (BA5, BV5)";92;201405;202008;125;1395
"Kupplungssatz";479;105988;1;2;"FORD";"B-MAX (JK)";66;201308;;90;1388
"Kupplungssatz";479;106070;2;2;"KIA";"SOUL II (PS)";97;201402;;132;1591
"Kupplungssatz";479;106071;2;2;"KIA";"SOUL II (PS)";94;201402;;126;1582
"Kupplungssatz";479;106226;7;6;"SEAT";"LEON ST (5F8)";110;201404;201808;150;1968
"Kupplungssatz";479;106229;3;2;"VW";"GOLF VII (5G1, BQ1, BE1, BE2)";155;201311;201703;210;1984
"Kupplungssatz";479;106231;9;3;"VW";"GOLF VII Variant (BA5, BV5)";110;201405;;150;1395
"Kupplungssatz";479;106243;4;6;"OPEL";"MOVANO B Bus (X62)";81;201405;;110;2298
"Kupplungssatz";479;106244;1;8;"OPEL";"MOVANO B Bus (X62)";100;201405;;136;2298
"Kupplungssatz";479;106245;1;8;"OPEL";"MOVANO B Bus (X62)";120;201405;;163;2298
"Kupplungssatz";479;106246;1;8;"OPEL";"MOVANO B Kasten (X62)";120;201405;;163;2298
"Kupplungssatz";479;106249;27;8;"OPEL";"MOVANO B Kasten (X62)";100;201405;;136;2298
"Kupplungssatz";479;106250;9;6;"OPEL";"MOVANO B Kasten (X62)";81;201202;;110;2298
"Kupplungssatz";479;106252;4;8;"OPEL";"MOVANO B Pritsche/Fahrgestell (X62)";100;201405;;136;2298
"Kupplungssatz";479;106255;2;3;"OPEL";"MOVANO B Pritsche/Fahrgestell (X62)";120;201405;;163;2298
"Kupplungssatz";479;106260;9;4;"OPEL";"VIVARO B Bus (X82)";85;201406;201612;116;1598
"Kupplungssatz";479;106261;1;4;"OPEL";"VIVARO B Bus (X82)";66;201406;201612;90;1598
"Kupplungssatz";479;106262;5;4;"OPEL";"VIVARO B Bus (X82)";88;201406;201912;120;1598
"Kupplungssatz";479;106263;6;4;"OPEL";"VIVARO B Bus (X82)";103;201406;201612;140;1598
"Kupplungssatz";479;106264;8;4;"OPEL";"VIVARO B Kasten (X82)";103;201406;201612;140;1598
"Kupplungssatz";479;106265;17;4;"OPEL";"VIVARO B Kasten (X82)";66;201406;201612;90;1598
"Kupplungssatz";479;106266;22;4;"OPEL";"VIVARO B Kasten (X82)";85;201406;201612;116;1598
"Kupplungssatz";479;106267;38;4;"OPEL";"VIVARO B Kasten (X82)";88;201406;201912;120;1598
"Kupplungssatz";479;106274;2;1;"BMW";"5 Touring (F11)";140;201407;201702;190;1995
"Kupplungssatz";479;106276;30;4;"NISSAN";"JUKE (F15)";85;201405;;115;1197
"Kupplungssatz";479;106279;4;1;"VOLVO";"V40 Schrägheck (525)";140;201405;201908;190;1969
"Kupplungssatz";479;106283;15;2;"MINI";"MINI COUNTRYMAN (R60)";140;201407;201610;190;1598
"Kupplungssatz";479;106289;6;1;"MERCEDES-BENZ";"C-CLASS (W205)";85;201405;201805;116;1598
"Kupplungssatz";479;106290;5;1;"MERCEDES-BENZ";"C-CLASS (W205)";100;201405;201805;136;1598
"Kupplungssatz";479;106326;124;1;"SUZUKI";"JIMNY Geländewagen geschlossen (SN)";62;201405;;85;1328
"Kupplungssatz";479;106338;124;2;"PEUGEOT";"108";51;201405;;69;998
"Kupplungssatz";479;106339;15;1;"PEUGEOT";"108";60;201405;;82;1199
"Kupplungssatz";479;106349;10;2;"FORD";"FIESTA VI (CB1, CCN)";103;201405;201704;140;998
"Kupplungssatz";479;106367;3;2;"AUDI";"A3 (8V1, 8VK)";92;201405;201608;125;1395
"Kupplungssatz";479;106374;3;1;"AUDI";"A3 Limousine (8VS, 8VM)";110;201405;202010;150;1395
"Kupplungssatz";479;106375;11;2;"AUDI";"A3 Limousine (8VS, 8VM)";81;201405;202010;110;1598
"Kupplungssatz";479;106377;13;2;"AUDI";"A3 Sportback (8VA, 8VF)";81;201405;201608;110;1197
"Kupplungssatz";479;106378;14;2;"AUDI";"A3 Sportback (8VA, 8VF)";92;201405;201608;125;1395
"Kupplungssatz";479;106379;8;2;"AUDI";"A3 Sportback (8VA, 8VF)";110;201405;202010;150;1395
"Kupplungssatz";479;106385;17;1;"SEAT";"LEON (5F1)";92;201405;202008;125;1395
"Kupplungssatz";479;106386;12;4;"SEAT";"LEON (5F1)";110;201405;202008;150;1395
"Kupplungssatz";479;106387;2;2;"SEAT";"LEON SC (5F5)";81;201405;201808;110;1197
"Kupplungssatz";479;106388;2;1;"SEAT";"LEON SC (5F5)";92;201405;201808;125;1395
"Kupplungssatz";479;106389;1;4;"SEAT";"LEON SC (5F5)";110;201405;201808;150;1395
"Kupplungssatz";479;106392;6;2;"SEAT";"LEON ST (5F8)";81;201405;202008;110;1197
"Kupplungssatz";479;106393;23;1;"SEAT";"LEON ST (5F8)";92;201405;201808;125;1395
"Kupplungssatz";479;106395;8;4;"SEAT";"LEON ST (5F8)";110;201405;202008;150;1395
"Kupplungssatz";479;106413;6;2;"MERCEDES-BENZ";"C-CLASS T-Model (S204)";115;201202;201408;156;1595
"Kupplungssatz";479;106416;9;3;"VW";"GOLF VII Variant (BA5, BV5)";81;201305;201703;110;1598
"Kupplungssatz";479;106417;4;1;"VW";"SCIROCCO III (137, 138)";92;201311;201711;125;1395
"Kupplungssatz";479;106418;5;2;"VW";"SCIROCCO III (137, 138)";110;201311;201711;150;1968
"Kupplungssatz";479;106419;2;2;"VW";"SCIROCCO III (137, 138)";132;201311;201711;180;1984
"Kupplungssatz";479;106451;7;1;"MERCEDES-BENZ";"C-CLASS T-Model (S205)";125;201409;201805;170;2143
"Kupplungssatz";479;106452;1;0;"MERCEDES-BENZ";"C-CLASS T-Model (S205)";150;201409;201805;204;2143
"Kupplungssatz";479;106453;17;1;"MERCEDES-BENZ";"C-CLASS T-Model (S205)";115;201409;;156;1595
"Kupplungssatz";479;106454;4;1;"MERCEDES-BENZ";"C-CLASS T-Model (S205)";135;201409;201805;184;1991
"Kupplungssatz";479;106458;2;1;"BMW";"5 (F10)";140;201407;201610;190;1995
"Kupplungssatz";479;106464;10;2;"NISSAN";"X-TRAIL III (T32_, T32R, T32RR)";96;201404;;130;1598
"Kupplungssatz";479;106465;8;2;"NISSAN";"X-TRAIL III (T32_, T32R, T32RR)";96;201404;;130;1598
"Kupplungssatz";479;106480;3;2;"MINI";"MINI (F55)";85;201310;;116;1496
"Kupplungssatz";479;106490;14;2;"MINI";"MINI (F55)";100;201309;;136;1499
"Kupplungssatz";479;106502;4;7;"FORD";"KUGA II (DM2)";100;201303;;136;1997
"Kupplungssatz";479;106504;1;3;"FORD";"FOCUS III";110;201310;201712;150;1999
"Kupplungssatz";479;106508;4;1;"MINI";"MINI (F56)";125;201406;201710;170;1995
"Kupplungssatz";479;106512;1;2;"PEUGEOT";"508 SW I (8E_)";120;201011;201812;163;1997
"Kupplungssatz";479;106513;22;1;"MINI";"MINI (F56)";55;201407;201710;75;1198
"Kupplungssatz";479;106520;2;0;"RENAULT";"GRAND SCÉNIC II (JM0/1_)";76;200606;200811;103;1461
"Kupplungssatz";479;106544;9;2;"SKODA";"OCTAVIA III (5E3, NL3, NR3)";81;201311;201702;110;1395
"Kupplungssatz";479;106545;9;2;"SKODA";"OCTAVIA III Combi (5E5, 5E6)";81;201211;201702;110;1395
"Kupplungssatz";479;106596;15;2;"AUDI";"TT (FV3, FVP)";169;201407;;230;1984
"Kupplungssatz";479;106597;1;0;"AUDI";"TT (FV3, FVP)";169;201407;;230;1984
"Kupplungssatz";479;106601;3;3;"AUDI";"TT (FV3, FVP)";135;201407;;184;1968
"Kupplungssatz";479;106611;8;4;"VW";"PASSAT B8 (3G2, CB2)";110;201411;;150;1395
"Kupplungssatz";479;106613;18;4;"VW";"PASSAT B8 Variant (3G5, CB5)";110;201411;;150;1395
"Kupplungssatz";479;106635;22;6;"VW";"PASSAT B8 (3G2, CB2)";110;201411;;150;1968
"Kupplungssatz";479;106644;280;6;"VW";"PASSAT B8 Variant (3G5, CB5)";110;201411;;150;1968
"Kupplungssatz";479;106654;1;1;"VW";"PASSAT B8 (3G2, CB2)";176;201408;;240;1968
"Kupplungssatz";479;106657;17;1;"VW";"PASSAT B8 Variant (3G5, CB5)";176;201408;;240;1968
"Kupplungssatz";479;106786;2;1;"NISSAN";"KUBISTAR Kasten (X76)";50;200509;200910;68;1461
"Kupplungssatz";479;107028;1;0;"FORD";"FIESTA VI (CB1, CCN)";147;201604;201704;200;1596
"Kupplungssatz";479;107045;2;0;"JEEP";"RENEGADE SUV (BU, B1, BV)";81;201407;;110;1598
"Kupplungssatz";479;107046;5;2;"JEEP";"RENEGADE SUV (BU, B1, BV)";103;201407;;140;1368
"Kupplungssatz";479;107049;1;0;"JEEP";"RENEGADE SUV (BU, B1, BV)";125;201407;;170;1368
"Kupplungssatz";479;107050;22;3;"JEEP";"RENEGADE SUV (BU, B1, BV)";88;201407;;120;1598
"Kupplungssatz";479;107074;3;2;"OPEL";"ADAM (M13)";66;201407;201811;90;999
"Kupplungssatz";479;107075;2;2;"OPEL";"ADAM (M13)";85;201407;201811;115;999
"Kupplungssatz";479;107340;79;2;"SMART";"FORTWO Coupe (453)";52;201407;;71;999
"Kupplungssatz";479;107341;70;2;"SMART";"FORFOUR Schrägheck (453)";52;201407;;71;999
"Kupplungssatz";479;107350;1;0;"AUDI";"A7 Sportback (4GA, 4GF)";200;201405;201805;272;2967
"Kupplungssatz";479;107418;14;4;"PEUGEOT";"208 I (CA_, CC_)";81;201301;;110;1199
"Kupplungssatz";479;107419;19;2;"PEUGEOT";"208 I (CA_, CC_)";55;201301;;75;1560
"Kupplungssatz";479;107420;2;2;"IVECO";"DAILY VI Pritsche/Fahrgestell";78;201403;;106;2287
"Kupplungssatz";479;107421;14;2;"IVECO";"DAILY VI Pritsche/Fahrgestell";93;201403;;126;2287
"Kupplungssatz";479;107422;1;2;"IVECO";"DAILY VI Pritsche/Fahrgestell";107;201403;;146;2998
"Kupplungssatz";479;107424;6;2;"IVECO";"DAILY VI Pritsche/Fahrgestell";125;201403;;170;2998
"Kupplungssatz";479;107426;3;1;"IVECO";"DAILY VI Pritsche/Fahrgestell";150;201403;;205;2998
"Kupplungssatz";479;107431;2;0;"IVECO";"DAILY VI Pritsche/Fahrgestell";100;201403;;136;2998
"Kupplungssatz";479;107438;3;2;"IVECO";"DAILY VI Pritsche/Fahrgestell";107;201403;;146;2287
"Kupplungssatz";479;107440;5;2;"IVECO";"DAILY VI Kasten";78;201403;;106;2287
"Kupplungssatz";479;107441;5;2;"IVECO";"DAILY VI Kasten";93;201403;;126;2287
"Kupplungssatz";479;107442;10;2;"IVECO";"DAILY VI Kasten";107;201403;;146;2287
"Kupplungssatz";479;107444;2;2;"IVECO";"DAILY VI Kasten";107;201403;201604;146;2998
"Kupplungssatz";479;107445;8;2;"IVECO";"DAILY VI Kasten";125;201403;201604;170;2998
"Kupplungssatz";479;107473;5;1;"MERCEDES-BENZ";"C-CLASS T-Model (S205)";85;201409;201805;116;1598
"Kupplungssatz";479;107474;10;1;"MERCEDES-BENZ";"C-CLASS T-Model (S205)";100;201409;201805;136;1598
"Kupplungssatz";479;107479;4;2;"OPEL";"ASTRA J GTC";81;201407;;110;1598
"Kupplungssatz";479;107480;7;2;"OPEL";"ASTRA J GTC";100;201407;;136;1598
"Kupplungssatz";479;107481;1;5;"OPEL";"ASTRA J Stufenheck";103;201407;;140;1364
"Kupplungssatz";479;107482;33;5;"OPEL";"ZAFIRA TOURER C (P12)";88;201407;;120;1598
"Kupplungssatz";479;107484;20;2;"NISSAN";"PULSAR Schrägheck (C13)";85;201410;;115;1197
"Kupplungssatz";479;107485;34;4;"NISSAN";"PULSAR Schrägheck (C13)";81;201410;;110;1461
"Kupplungssatz";479;107497;3;1;"MERCEDES-BENZ";"CLA Coupe (C117)";100;201407;201903;136;2143
"Kupplungssatz";479;107498;1;0;"MERCEDES-BENZ";"CLA Coupe (C117)";125;201407;201903;170;2143
"Kupplungssatz";479;107503;22;6;"MERCEDES-BENZ";"VITO Kasten (W447)";65;201410;;88;1598
"Kupplungssatz";479;107505;115;6;"MERCEDES-BENZ";"VITO Kasten (W447)";84;201410;;114;1598
"Kupplungssatz";479;107506;51;6;"MERCEDES-BENZ";"VITO Kasten (W447)";100;201410;;136;2143
"Kupplungssatz";479;107507;4;0;"AUDI";"A5 Sportback (8TA)";106;201409;201701;144;1798
"Kupplungssatz";479;107508;39;6;"MERCEDES-BENZ";"VITO Kasten (W447)";120;201410;;163;2143
"Kupplungssatz";479;107510;1;0;"MERCEDES-BENZ";"VITO Kasten (W447)";140;201410;;190;2143
"Kupplungssatz";479;107511;4;8;"MERCEDES-BENZ";"VITO Mixto (Double Cabin) (W447)";65;201410;;88;1598
"Kupplungssatz";479;107512;9;8;"MERCEDES-BENZ";"VITO Mixto (Double Cabin) (W447)";84;201410;;114;1598
"Kupplungssatz";479;107513;5;8;"MERCEDES-BENZ";"VITO Mixto (Double Cabin) (W447)";100;201410;;136;2143
"Kupplungssatz";479;107514;2;8;"MERCEDES-BENZ";"VITO Mixto (Double Cabin) (W447)";120;201410;;163;2143
"Kupplungssatz";479;107516;6;8;"MERCEDES-BENZ";"VITO Tourer (W447)";65;201410;;88;1598
"Kupplungssatz";479;107517;19;8;"MERCEDES-BENZ";"VITO Tourer (W447)";84;201410;;114;1598
"Kupplungssatz";479;107518;5;5;"MERCEDES-BENZ";"VITO Tourer (W447)";100;201410;;136;2143
"Kupplungssatz";479;107519;7;5;"MERCEDES-BENZ";"VITO Tourer (W447)";120;201410;;163;2143
"Kupplungssatz";479;107522;5;2;"FIAT";"500L (351_, 352_)";70;201406;;95;1248
"Kupplungssatz";479;107528;2;3;"RENAULT";"FLUENCE (L3_)";70;201407;;95;1461
"Kupplungssatz";479;107530;2;4;"RENAULT";"TRAFIC III Bus (JG_)";66;201405;;90;1598
"Kupplungssatz";479;107531;7;4;"RENAULT";"TRAFIC III Bus (JG_)";85;201405;;116;1598
"Kupplungssatz";479;107532;9;4;"RENAULT";"TRAFIC III Bus (JG_)";88;201405;;120;1598
"Kupplungssatz";479;107533;1;4;"RENAULT";"TRAFIC III Bus (JG_)";103;201405;;140;1598
"Kupplungssatz";479;107540;3;1;"MERCEDES-BENZ";"GLA-CLASS (X156)";80;201407;;109;1461
"Kupplungssatz";479;107547;10;1;"BMW";"2 Active Tourer (F45)";110;201311;;150;1995
"Kupplungssatz";479;107549;3;3;"MAZDA";"3 (BK)";66;200606;200912;90;1560
"Kupplungssatz";479;107550;1;3;"NISSAN";"QASHQAI / QASHQAI +2 I (J10, NJ10, JJ10E)";102;200702;201312;139;1997
"Kupplungssatz";479;107559;1;8;"NISSAN";"NV400 Bus (X62, X62B)";100;201406;201609;136;2299
"Kupplungssatz";479;107560;4;8;"NISSAN";"NV400 Kasten (X62, X62B)";100;201406;;136;2299
"Kupplungssatz";479;107562;1;7;"NISSAN";"NV400 Kasten (X62, X62B)";120;201406;201609;163;2299
"Kupplungssatz";479;107628;1;0;"NISSAN";"JUKE (F15)";160;201408;;218;1618
"Kupplungssatz";479;107640;9;2;"LAND ROVER";"DISCOVERY SPORT (L550)";110;201412;;150;1999
"Kupplungssatz";479;107641;3;3;"LAND ROVER";"DISCOVERY SPORT (L550)";110;201409;;150;2179
"Kupplungssatz";479;107642;1;3;"LAND ROVER";"DISCOVERY SPORT (L550)";140;201409;;190;2179
"Kupplungssatz";479;107657;1;5;"FORD";"TRANSIT V363 Bus (FAD, FBD)";74;201308;201812;100;2198
"Kupplungssatz";479;107747;62;2;"VW";"POLO V (6R1, 6C1)";66;201402;201710;90;1197
"Kupplungssatz";479;107749;4;2;"FORD";"MONDEO V Schrägheck (CE)";118;201409;;160;1499
"Kupplungssatz";479;107752;4;3;"FORD";"MONDEO V Schrägheck (CE)";85;201409;;115;1560
"Kupplungssatz";479;107753;8;3;"FORD";"MONDEO V Schrägheck (CE)";110;201409;;150;1998
"Kupplungssatz";479;107755;6;2;"FORD";"MONDEO V Turnier (CF)";118;201409;;160;1499
"Kupplungssatz";479;107760;5;3;"FORD";"MONDEO V Turnier (CF)";85;201409;;115;1560
"Kupplungssatz";479;107761;32;3;"FORD";"MONDEO V Turnier (CF)";110;201409;;150;1998
"Kupplungssatz";479;107762;20;3;"FORD";"MONDEO V Turnier (CF)";132;201409;;180;1998
"Kupplungssatz";479;107793;6;2;"OPEL";"CORSA E (X15)";66;201409;;90;999
"Kupplungssatz";479;107794;4;2;"OPEL";"CORSA E (X15)";85;201409;;115;999
"Kupplungssatz";479;107795;89;1;"OPEL";"CORSA E (X15)";51;201409;;69;1229
"Kupplungssatz";479;107796;156;1;"OPEL";"CORSA E (X15)";66;201409;;90;1398
"Kupplungssatz";479;107797;42;2;"OPEL";"CORSA E (X15)";74;201409;201906;101;1364
"Kupplungssatz";479;107798;5;1;"OPEL";"CORSA E (X15)";55;201409;;75;1248
"Kupplungssatz";479;107799;19;1;"OPEL";"CORSA E (X15)";70;201409;;95;1248
"Kupplungssatz";479;107811;12;3;"FORD";"TRANSIT V363 Bus (FAD, FBD)";74;201308;201812;100;2198
"Kupplungssatz";479;107814;17;3;"FORD";"TRANSIT V363 Bus (FAD, FBD)";92;201308;201812;125;2198
"Kupplungssatz";479;107857;87;1;"SUZUKI";"CELERIO (LF)";50;201403;;68;998
"Kupplungssatz";479;107859;1;0;"AUDI";"A7 Sportback (4GA, 4GF)";240;201409;201805;326;2967
"Kupplungssatz";479;107869;1;1;"BMW";"3 (F30, F80)";250;201307;201507;340;2979
"Kupplungssatz";479;107871;21;3;"FORD";"FOCUS III";110;201409;201712;150;1498
"Kupplungssatz";479;107872;6;3;"FORD";"FOCUS III";134;201409;201712;182;1498
"Kupplungssatz";479;107880;10;4;"FORD";"FOCUS III";70;201409;201712;95;1499
"Kupplungssatz";479;107882;11;4;"FORD";"FOCUS III";77;201409;201712;105;1499
"Kupplungssatz";479;107885;46;4;"FORD";"FOCUS III";88;201409;201712;120;1499
"Kupplungssatz";479;107886;36;3;"FORD";"FOCUS III Turnier";110;201409;;150;1498
"Kupplungssatz";479;107887;3;1;"MERCEDES-BENZ";"E-CLASS Coupe (C207)";120;201002;201412;163;2143
"Kupplungssatz";479;107888;7;3;"FORD";"FOCUS III Turnier";134;201409;;182;1498
"Kupplungssatz";479;107889;38;4;"FORD";"FOCUS III Turnier";70;201409;;95;1499
"Kupplungssatz";479;107891;19;4;"FORD";"FOCUS III Turnier";77;201409;;105;1499
"Kupplungssatz";479;107892;172;4;"FORD";"FOCUS III Turnier";88;201409;;120;1499
"Kupplungssatz";479;107895;2;1;"MERCEDES-BENZ";"B-CLASS Sports Tourer (W246, W242)";100;201408;201812;136;2143
"Kupplungssatz";479;107941;4;4;"PEUGEOT";"3008 Großraumlimousine (0U_)";88;201405;201608;120;1560
"Kupplungssatz";479;107943;3;1;"SKODA";"OCTAVIA III (5E3, NL3, NR3)";81;201401;202010;110;1598
"Kupplungssatz";479;107947;1;1;"VW";"POLO V (6R1, 6C1)";81;201407;201710;110;1598
"Kupplungssatz";479;107956;2;2;"CITROËN";"JUMPY II (VF7)";66;200701;201603;90;1560
"Kupplungssatz";479;107957;4;2;"PEUGEOT";"EXPERT TEPEE (VF3X_)";66;200701;201603;90;1560
"Kupplungssatz";479;107958;18;2;"PEUGEOT";"EXPERT Kasten (VF3A_, VF3U_, VF3X_)";66;200701;;90;1560
"Kupplungssatz";479;107959;15;2;"CITROËN";"JUMPY II Kasten";66;200701;201603;90;1560
"Kupplungssatz";479;107960;10;2;"SMART";"FORTWO Coupe (453)";66;201409;;90;898
"Kupplungssatz";479;107961;3;2;"BMW";"2 Coupe (F22, F87)";140;201403;;190;1995
"Kupplungssatz";479;107967;252;6;"FORD";"KUGA II (DM2)";110;201409;201906;150;1499
"Kupplungssatz";479;107968;9;0;"FORD";"KUGA II (DM2)";134;201409;201806;182;1499
"Kupplungssatz";479;107969;10;7;"FORD";"KUGA II (DM2)";88;201409;201906;120;1997
"Kupplungssatz";479;107970;57;7;"FORD";"KUGA II (DM2)";110;201409;201906;150;1997
"Kupplungssatz";479;107971;39;7;"FORD";"KUGA II (DM2)";110;201409;201906;150;1997
"Kupplungssatz";479;107972;15;7;"FORD";"KUGA II (DM2)";132;201409;201906;180;1997
"Kupplungssatz";479;107975;11;2;"BMW";"2 Active Tourer (F45)";85;201403;;116;1496
"Kupplungssatz";479;107982;1;1;"BMW";"2 Cabriolet (F23)";135;201404;201607;184;1997
"Kupplungssatz";479;108011;13;1;"MINI";"MINI (F55)";75;201405;201710;102;1198
"Kupplungssatz";479;108012;6;1;"MINI";"MINI (F55)";70;201402;;95;1496
"Kupplungssatz";479;108013;6;1;"JEEP";"COMPASS (MK49)";100;201105;;136;2143
"Kupplungssatz";479;108019;14;2;"FIAT";"PANDA (312_, 319_)";66;201406;;90;875
"Kupplungssatz";479;108026;3;1;"CITROËN";"C4 CACTUS";55;201409;;75;1199
"Kupplungssatz";479;108027;20;4;"CITROËN";"C4 CACTUS";81;201409;;110;1199
"Kupplungssatz";479;108028;20;3;"CITROËN";"C4 CACTUS";73;201409;;99;1560
"Kupplungssatz";479;108062;176;2;"RENAULT";"TWINGO III (BCM_, BCA_)";52;201409;;71;999
"Kupplungssatz";479;108063;30;3;"RENAULT";"TWINGO III (BCM_, BCA_)";66;201409;;90;898
"Kupplungssatz";479;108085;3;2;"CHEVROLET";"SPARK (M300)";48;201007;;65;995
"Kupplungssatz";479;108131;3;2;"VW";"JETTA IV (162, 163, AV3, AV2)";92;201408;;125;1395
"Kupplungssatz";479;108132;2;5;"VW";"JETTA IV (162, 163, AV3, AV2)";110;201407;;150;1968
"Kupplungssatz";479;108133;1;0;"DAIHATSU";"TERIOS (J2_)";87;201009;;118;1495
"Kupplungssatz";479;108147;1;5;"VW";"JETTA IV (162, 163, AV3, AV2)";110;201408;;150;1395
"Kupplungssatz";479;108149;1;4;"CITROËN";"DS5";88;201407;201507;120;1560
"Kupplungssatz";479;108150;32;10;"RENAULT";"MASTER III Kasten (FV)";81;201409;;110;2298
"Kupplungssatz";479;108151;24;6;"RENAULT";"MASTER III Kasten (FV)";120;201407;;163;2298
"Kupplungssatz";479;108152;7;10;"RENAULT";"MASTER III Bus (JV)";120;201407;;163;2298
"Kupplungssatz";479;108153;6;3;"RENAULT";"MASTER III Kasten (FV)";100;201407;;136;2298
"Kupplungssatz";479;108154;1;8;"RENAULT";"MASTER III Bus (JV)";100;201407;;136;2298
"Kupplungssatz";479;108155;3;2;"AUDI";"A1 (8X1, 8XK)";92;201411;201810;125;1395
"Kupplungssatz";479;108157;17;2;"AUDI";"A1 Sportback (8XA, 8XF)";92;201411;201810;125;1395
"Kupplungssatz";479;108162;2;2;"AUDI";"A1 (8X1, 8XK)";85;201411;201810;115;1598
"Kupplungssatz";479;108163;4;3;"CITROËN";"C4 II (NC_)";96;201404;;130;1199
"Kupplungssatz";479;108164;4;2;"AUDI";"A1 Sportback (8XA, 8XF)";85;201411;201810;115;1598
"Kupplungssatz";479;108165;7;3;"AUDI";"A1 (8X1, 8XK)";66;201411;201810;90;1422
"Kupplungssatz";479;108167;1;10;"RENAULT";"MASTER III Bus (JV)";81;201409;;110;2298
"Kupplungssatz";479;108168;7;3;"AUDI";"A1 Sportback (8XA, 8XF)";66;201411;201810;90;1422
"Kupplungssatz";479;108169;2;1;"HONDA";"MOBILIO (DD_)";88;201309;;119;1497
"Kupplungssatz";479;108171;2;4;"PEUGEOT";"308 II (LB_, LP_, LW_, LH_, L3_)";151;201406;202106;205;1598
"Kupplungssatz";479;108175;5;4;"PEUGEOT";"5008 (0U_, 0E_)";88;201405;201703;120;1560
"Kupplungssatz";479;108176;2;10;"RENAULT";"MASTER III Pritsche/Fahrgestell (EV, HV, UV)";81;201409;;110;2298
"Kupplungssatz";479;108177;4;3;"RENAULT";"MASTER III Pritsche/Fahrgestell (EV, HV, UV)";100;201407;;136;2298
"Kupplungssatz";479;108178;25;3;"RENAULT";"MASTER III Pritsche/Fahrgestell (EV, HV, UV)";120;201407;;163;2298
"Kupplungssatz";479;108182;2;2;"BMW";"2 Active Tourer (F45)";141;201403;;192;1998
"Kupplungssatz";479;108241;6;2;"IVECO";"DAILY V Pritsche/Fahrgestell";107;201109;201402;146;2287
"Kupplungssatz";479;108252;39;8;"RENAULT";"MASTER III Kasten (FV)";100;201407;;136;2298
"Kupplungssatz";479;108253;30;10;"RENAULT";"MASTER III Kasten (FV)";120;201407;;163;2298
"Kupplungssatz";479;108260;1;2;"FIAT";"500 C (312_)";75;201109;;102;1368
"Kupplungssatz";479;108276;7;1;"ALFA ROMEO";"GIULIETTA (940_)";110;201409;201810;150;1368
"Kupplungssatz";479;108277;7;1;"OPEL";"CORSA E (X15)";55;201409;;75;1398
"Kupplungssatz";479;108280;5;1;"MAZDA";"2 (DL, DJ)";77;201408;201802;105;1499
"Kupplungssatz";479;108300;6;3;"FIAT";"500X (334_)";103;201409;;140;1368
"Kupplungssatz";479;108301;10;3;"FIAT";"500X (334_)";88;201409;;120;1598
"Kupplungssatz";479;108306;1;1;"MAZDA";"CX-5 (KE, GH)";129;201204;201702;175;2188
"Kupplungssatz";479;108318;1;0;"NISSAN";"NV350 / CARAVAN Bus (E26)";108;201205;;147;2488
"Kupplungssatz";479;108336;2;0;"SUZUKI";"ERTIGA (AVI_)";70;201204;;95;1372
"Kupplungssatz";479;108398;4;3;"AUDI";"TT Roadster (FV9, FVR)";135;201411;;184;1968
"Kupplungssatz";479;108402;1;2;"AUDI";"TT (FV3, FVP)";228;201411;;310;1984
"Kupplungssatz";479;108435;1;0;"AUDI";"A6 C7 (4G2, 4GC)";160;201409;201809;218;2967
"Kupplungssatz";479;108436;3;0;"AUDI";"A6 C7 (4G2, 4GC)";160;201409;201809;218;2967
"Kupplungssatz";479;108444;34;4;"RENAULT";"KANGOO / GRAND KANGOO II (KW0/1_)";81;201303;;110;1461
"Kupplungssatz";479;108445;2;1;"MAZDA";"3 Stufenheck (BM_, BN_)";74;201410;201905;100;1496
"Kupplungssatz";479;108460;2;9;"NISSAN";"NV400 Kasten (X62, X62B)";110;201402;;150;2299
"Kupplungssatz";479;108461;1;9;"NISSAN";"NV400 Pritsche/Fahrgestell (X62, X62B)";110;201408;;150;2299
"Kupplungssatz";479;108463;85;2;"NISSAN";"QASHQAI II SUV (J11, J11_)";120;201410;;163;1618
"Kupplungssatz";479;108484;2;3;"FIAT";"500X (334_)";84;201409;;114;1598
"Kupplungssatz";479;108486;1;3;"FIAT";"500X (334_)";100;201409;;136;1368
"Kupplungssatz";479;108514;1;5;"VW";"BEETLE Cabriolet (5C7, 5C8)";110;201409;201809;150;1968
"Kupplungssatz";479;108555;5;4;"PEUGEOT";"PARTNER TEPEE";66;201303;;90;1560
"Kupplungssatz";479;108560;1;2;"AUDI";"A6 C7 Avant (4G5, 4GD)";140;201409;201809;190;1798
"Kupplungssatz";479;108564;2;3;"FORD";"FOCUS III Stufenheck";134;201411;;182;1498
"Kupplungssatz";479;108567;2;4;"FORD";"FOCUS III Stufenheck";70;201411;;95;1499
"Kupplungssatz";479;108570;1;4;"FORD";"FOCUS III Stufenheck";77;201411;;105;1499
"Kupplungssatz";479;108571;6;4;"FORD";"FOCUS III Stufenheck";88;201411;;120;1499
"Kupplungssatz";479;108574;3;3;"FORD";"FOCUS III";110;201411;201712;150;1997
"Kupplungssatz";479;108575;2;3;"FORD";"FOCUS III";136;201411;201712;185;1997
"Kupplungssatz";479;108576;16;3;"FORD";"FOCUS III Turnier";110;201411;;150;1997
"Kupplungssatz";479;108581;3;4;"AUDI";"A6 C7 Avant (4G5, 4GD)";110;201409;201809;150;1968
"Kupplungssatz";479;108591;2;0;"AUDI";"A6 C7 Avant (4G5, 4GD)";160;201409;201809;218;2967
"Kupplungssatz";479;108592;4;0;"AUDI";"A6 C7 Avant (4G5, 4GD)";200;201409;201809;272;2967
"Kupplungssatz";479;108600;1;2;"CITROËN";"DS3 (SA_)";81;201410;201503;110;1199
"Kupplungssatz";479;108602;1;0;"AUDI";"A6 Allroad C7 (4GH, 4GJ)";160;201409;201809;218;2967
"Kupplungssatz";479;108604;1;0;"AUDI";"A6 Allroad C7 (4GH, 4GJ)";200;201409;201809;272;2967
"Kupplungssatz";479;108610;2;1;"MERCEDES-BENZ";"C-CLASS T-Model (S205)";120;201409;201805;163;2143
"Kupplungssatz";479;108611;1;0;"MINI";"MINI COUNTRYMAN (R60)";90;201211;201610;122;1598
"Kupplungssatz";479;108612;2;2;"VW";"PASSAT B8 (3G2, CB2)";92;201411;;125;1395
"Kupplungssatz";479;108613;26;2;"VW";"PASSAT B8 (3G2, CB2)";88;201408;;120;1598
"Kupplungssatz";479;108615;5;2;"VW";"PASSAT B8 (3G2, CB2)";140;201411;;190;1968
"Kupplungssatz";479;108616;1;2;"VW";"PASSAT B8 (3G2, CB2)";140;201411;;190;1968
"Kupplungssatz";479;108624;5;2;"MINI";"MINI COUNTRYMAN (R60)";90;201211;201610;122;1598
"Kupplungssatz";479;108628;3;2;"VW";"PASSAT B8 Variant (3G5, CB5)";92;201411;;125;1395
"Kupplungssatz";479;108629;41;2;"VW";"PASSAT B8 Variant (3G5, CB5)";88;201408;;120;1598
"Kupplungssatz";479;108630;36;2;"VW";"PASSAT B8 Variant (3G5, CB5)";140;201411;;190;1968
"Kupplungssatz";479;108631;1;2;"VW";"PASSAT B8 Variant (3G5, CB5)";140;201411;;190;1968
"Kupplungssatz";479;108633;5;3;"SEAT";"LEON ST (5F8)";81;201411;202008;110;1598
"Kupplungssatz";479;108636;2;2;"SEAT";"LEON ST (5F8)";195;201310;202008;265;1984
"Kupplungssatz";479;108637;1;2;"SEAT";"LEON ST (5F8)";206;201310;202008;280;1984
"Kupplungssatz";479;108639;1;3;"FORD";"TRANSIT Kasten (FA_ _)";100;201110;201408;136;2198
"Kupplungssatz";479;108640;11;2;"VW";"POLO V (6R1, 6C1)";141;201411;;192;1798
"Kupplungssatz";479;108645;1;6;"SKODA";"OCTAVIA III (5E3, NL3, NR3)";110;201305;202010;150;1968
"Kupplungssatz";479;108648;1;4;"SKODA";"OCTAVIA III Combi (5E5, 5E6)";135;201305;202010;184;1968
"Kupplungssatz";479;108655;66;1;"SKODA";"FABIA III (NJ3)";44;201408;202106;60;999
"Kupplungssatz";479;108656;33;1;"SKODA";"FABIA III (NJ3)";55;201408;202106;75;999
"Kupplungssatz";479;108657;17;1;"SKODA";"FABIA III (NJ3)";66;201408;202106;90;1197
"Kupplungssatz";479;108658;4;2;"SKODA";"FABIA III (NJ3)";81;201408;202106;110;1197
"Kupplungssatz";479;108659;16;4;"SKODA";"FABIA III (NJ3)";66;201408;202106;90;1422
"Kupplungssatz";479;108660;5;4;"SKODA";"FABIA III (NJ3)";77;201408;202106;105;1422
"Kupplungssatz";479;108661;34;1;"SKODA";"FABIA III Kombi (NJ5)";55;201410;;75;999
"Kupplungssatz";479;108662;18;1;"SKODA";"FABIA III Kombi (NJ5)";66;201410;;90;1197
"Kupplungssatz";479;108663;6;2;"SKODA";"FABIA III Kombi (NJ5)";81;201410;;110;1197
"Kupplungssatz";479;108664;17;4;"SKODA";"FABIA III Kombi (NJ5)";66;201410;;90;1422
"Kupplungssatz";479;108665;14;4;"SKODA";"FABIA III Kombi (NJ5)";77;201410;;105;1422
"Kupplungssatz";479;108763;1;2;"SMART";"FORFOUR Schrägheck (453)";45;201411;;60;999
"Kupplungssatz";479;108764;8;2;"SMART";"FORFOUR Schrägheck (453)";66;201411;;90;898
"Kupplungssatz";479;108765;11;2;"SMART";"FORTWO Coupe (453)";45;201411;;60;999
"Kupplungssatz";479;108798;64;1;"HYUNDAI";"i20 II (GB, IB)";55;201411;;75;1248
"Kupplungssatz";479;108806;110;1;"HYUNDAI";"i20 II (GB, IB)";62;201411;;84;1248
"Kupplungssatz";479;108807;6;1;"HYUNDAI";"i20 II (GB, IB)";74;201411;;100;1368
"Kupplungssatz";479;108809;18;2;"HYUNDAI";"i20 II (GB, IB)";55;201411;;75;1120
"Kupplungssatz";479;108810;2;3;"HYUNDAI";"i20 II (GB, IB)";66;201411;;90;1396
"Kupplungssatz";479;108813;3;3;"FORD";"FIESTA VI Van";74;201301;;100;998
"Kupplungssatz";479;108814;2;3;"FORD";"C-MAX II Van";70;201012;201906;95;1560
"Kupplungssatz";479;108815;2;3;"FORD";"C-MAX II Van";85;201012;201906;115;1560
"Kupplungssatz";479;108850;13;3;"CITROËN";"C4 PICASSO II";88;201407;;120;1560
"Kupplungssatz";479;108851;2;3;"CITROËN";"C4 GRAND PICASSO II (DA_, DE_)";88;201407;;120;1560
"Kupplungssatz";479;108913;1;0;"MERCEDES-BENZ";"CLA Coupe (C117)";130;201409;201903;177;2143
"Kupplungssatz";479;109261;1;3;"CITROËN";"DS3 (SA_)";121;201410;201506;165;1598
"Kupplungssatz";479;109270;11;6;"OPEL";"INSIGNIA A (G09)";125;201411;201703;170;1956
"Kupplungssatz";479;109271;1;6;"OPEL";"INSIGNIA A (G09)";125;201411;201703;170;1956
"Kupplungssatz";479;109274;40;6;"OPEL";"INSIGNIA A Sports Tourer (G09)";125;201411;201612;170;1956
"Kupplungssatz";479;109279;4;2;"OPEL";"ADAM (M13)";110;201411;201901;150;1364
"Kupplungssatz";479;109326;6;2;"CITROËN";"C3 II (SC_)";81;201410;;110;1199
"Kupplungssatz";479;109331;6;4;"PEUGEOT";"2008 I (CU_)";88;201407;;120;1560
"Kupplungssatz";479;109333;2;4;"PEUGEOT";"208 I (CA_, CC_)";88;201311;;120;1560
"Kupplungssatz";479;109340;5;2;"VW";"POLO V (6R1, 6C1)";70;201411;;95;999
"Kupplungssatz";479;109341;32;4;"RENAULT";"KANGOO Express (FW0/1_)";81;201309;;110;1461
"Kupplungssatz";479;109390;1;1;"MERCEDES-BENZ";"CLA Shooting Brake (X117)";115;201501;201903;156;1595
"Kupplungssatz";479;109391;1;0;"MERCEDES-BENZ";"CLA Shooting Brake (X117)";155;201501;201903;211;1991
"Kupplungssatz";479;109394;8;1;"MERCEDES-BENZ";"CLA Shooting Brake (X117)";100;201501;201903;136;2143
"Kupplungssatz";479;109397;1;0;"MERCEDES-BENZ";"CLA Shooting Brake (X117)";130;201501;201903;177;2143
"Kupplungssatz";479;109420;45;3;"AUDI";"Q3 (8UB, 8UG)";110;201411;201810;150;1968
"Kupplungssatz";479;109421;11;3;"AUDI";"Q3 (8UB, 8UG)";110;201411;201810;150;1968
"Kupplungssatz";479;109422;6;4;"AUDI";"Q3 (8UB, 8UG)";135;201411;201810;184;1968
"Kupplungssatz";479;109431;2;3;"VW";"BEETLE (5C1, 5C2)";110;201412;201907;150;1395
"Kupplungssatz";479;109439;1;1;"VW";"BEETLE (5C1, 5C2)";81;201406;201809;110;1968
"Kupplungssatz";479;109454;2;1;"VW";"BEETLE (5C1, 5C2)";162;201412;201809;220;1984
"Kupplungssatz";479;109457;2;1;"VW";"BEETLE Cabriolet (5C7, 5C8)";162;201412;201809;220;1984
"Kupplungssatz";479;109462;2;3;"VW";"BEETLE Cabriolet (5C7, 5C8)";110;201412;201809;150;1395
"Kupplungssatz";479;109467;6;1;"VW";"BEETLE Cabriolet (5C7, 5C8)";81;201406;201809;110;1968
"Kupplungssatz";479;109492;6;2;"VW";"POLO V (6R1, 6C1)";81;201411;;110;999
"Kupplungssatz";479;109519;5;2;"BMW";"2 Cabriolet (F23)";100;201503;;136;1499
"Kupplungssatz";479;109624;1;1;"TOYOTA";"RAV 4 I (_A1_)";95;199709;200009;129;1998
"Kupplungssatz";479;109636;2;2;"NISSAN";"X-TRAIL III (T32_, T32R, T32RR)";106;201409;;144;1997
"Kupplungssatz";479;109644;1;0;"TOYOTA";"COROLLA (_E9_)";76;198909;199212;103;1587
"Kupplungssatz";479;109671;1;1;"MITSUBISHI";"MIRAGE / SPACE STAR VI Schrägheck (A0_A)";57;201201;;78;1193
"Kupplungssatz";479;109675;1;0;"DAIHATSU";"GRAN MAX Pritsche/Fahrgestell (S40_)";71;200710;;97;1495
"Kupplungssatz";479;109725;2;1;"PEUGEOT";"EXPERT Kasten (VF3A_, VF3U_, VF3X_)";94;201201;201603;128;1997
"Kupplungssatz";479;109831;5;0;"SUZUKI";"VITARA (ET, TA, TD)";55;198810;199812;75;1590
"Kupplungssatz";479;109838;3;3;"VW";"GOLF ALLTRACK VII Variant (BA5, BV5)";81;201412;201703;110;1598
"Kupplungssatz";479;109839;3;5;"VW";"GOLF ALLTRACK VII Variant (BA5, BV5)";110;201412;201805;150;1968
"Kupplungssatz";479;109842;9;4;"VW";"GOLF VII Variant (BA5, BV5)";135;201501;201907;184;1968
"Kupplungssatz";479;109843;3;1;"VW";"GOLF ALLTRACK VII Variant (BA5, BV5)";135;201412;202008;184;1968
"Kupplungssatz";479;109945;2;3;"KIA";"SORENTO III (UM)";147;201501;;200;2199
"Kupplungssatz";479;109947;1;3;"KIA";"SORENTO III (UM)";147;201501;;200;2199
"Kupplungssatz";479;109967;2;2;"NISSAN";"PULSAR Schrägheck (C13)";140;201502;;190;1618
"Kupplungssatz";479;109978;11;1;"HYUNDAI";"i30 Kombi (GD)";74;201501;;101;1368
"Kupplungssatz";479;109979;14;3;"HYUNDAI";"i30 Kombi (GD)";100;201501;;136;1582
"Kupplungssatz";479;109980;12;0;"HYUNDAI";"i30 (GD)";137;201501;;186;1591
"Kupplungssatz";479;110001;2;0;"FIAT";"PANDA Kasten/Schrägheck (169_)";44;200904;;60;1242
"Kupplungssatz";479;110017;1;1;"BMW";"4 Coupe (F32, F82)";110;201503;201710;150;1995
"Kupplungssatz";479;110020;1;2;"BMW";"4 Gran Coupe (F36)";140;201503;;190;1995
"Kupplungssatz";479;110023;46;2;"OPEL";"MOKKA / MOKKA X (J13)";100;201501;;136;1598
"Kupplungssatz";479;110024;32;2;"OPEL";"MOKKA / MOKKA X (J13)";100;201501;;136;1598
"Kupplungssatz";479;110025;26;6;"OPEL";"ZAFIRA TOURER C (P12)";125;201501;;170;1956
"Kupplungssatz";479;110028;1;1;"OPEL";"CORSA E Kasten/Schrägheck (X15)";55;201501;;75;1248
"Kupplungssatz";479;110029;3;1;"OPEL";"CORSA E Kasten/Schrägheck (X15)";70;201409;;95;1248
"Kupplungssatz";479;110035;3;1;"MERCEDES-BENZ";"GLA-CLASS (X156)";90;201502;;122;1595
"Kupplungssatz";479;110038;2;2;"SUZUKI";"VITARA (LY)";88;201502;;120;1586
"Kupplungssatz";479;110039;10;2;"SUZUKI";"VITARA (LY)";88;201502;;120;1586
"Kupplungssatz";479;110040;16;2;"SUZUKI";"VITARA (LY)";88;201502;;120;1598
"Kupplungssatz";479;110041;30;3;"SUZUKI";"VITARA (LY)";88;201502;;120;1598
"Kupplungssatz";479;110042;14;2;"BMW";"1 (F21)";80;201503;;109;1499
"Kupplungssatz";479;110048;3;0;"BMW";"1 (F21)";85;201503;;116;1496
"Kupplungssatz";479;110049;3;1;"BMW";"1 (F21)";110;201503;;150;1995
"Kupplungssatz";479;110051;2;2;"BMW";"1 (F21)";140;201503;;190;1995
"Kupplungssatz";479;110060;46;2;"BMW";"1 (F20)";80;201503;201906;109;1499
"Kupplungssatz";479;110061;1;1;"BMW";"1 (F20)";100;201503;201506;136;1598
"Kupplungssatz";479;110066;1;1;"BMW";"1 (F20)";240;201503;201606;326;2979
"Kupplungssatz";479;110072;71;2;"BMW";"1 (F20)";85;201503;201906;116;1496
"Kupplungssatz";479;110073;15;1;"BMW";"1 (F20)";110;201503;201906;150;1995
"Kupplungssatz";479;110549;1;3;"FORD";"MONDEO V Stufenheck (CD)";132;201505;;180;1998
"Kupplungssatz";479;110761;3;2;"DACIA";"SANDERO II";63;201301;;84;1461
"Kupplungssatz";479;110763;7;2;"DACIA";"LOGAN II";63;201301;;84;1461
"Kupplungssatz";479;110764;1;2;"DACIA";"LOGAN MCV II";63;201302;;84;1461
"Kupplungssatz";479;111070;13;2;"OPEL";"KARL (C16)";55;201501;201803;75;999
"Kupplungssatz";479;111071;9;3;"HYUNDAI";"i30 (GD)";100;201111;201612;136;1582
"Kupplungssatz";479;111073;15;1;"BMW";"2 Gran Tourer (F46)";100;201503;;136;1499
"Kupplungssatz";479;111075;9;2;"BMW";"2 Gran Tourer (F46)";85;201408;;116;1496
"Kupplungssatz";479;111076;7;1;"BMW";"2 Gran Tourer (F46)";110;201407;;150;1995
"Kupplungssatz";479;111078;33;1;"HYUNDAI";"i30 (GD)";74;201412;201612;101;1368
"Kupplungssatz";479;111080;3;1;"HYUNDAI";"i40 I (VF)";121;201412;201905;165;1999
"Kupplungssatz";479;111083;7;0;"FIAT";"500X (334_)";81;201411;202009;110;1598
"Kupplungssatz";479;111089;5;5;"FIAT";"PANDA (312_, 319_)";59;201501;;80;875
"Kupplungssatz";479;111097;1;2;"FORD";"MONDEO V Schrägheck (CE)";110;201502;;150;1998
"Kupplungssatz";479;111099;16;2;"MITSUBISHI";"L200 / TRITON (KJ_, KK_, KL_)";133;201411;;181;2442
"Kupplungssatz";479;111105;9;3;"FORD";"MONDEO V Turnier (CF)";88;201503;;120;1499
"Kupplungssatz";479;111110;1;2;"FORD";"MONDEO V Turnier (CF)";110;201502;;150;1998
"Kupplungssatz";479;111113;8;1;"MINI";"MINI (F56)";170;201503;;231;1998
"Kupplungssatz";479;111688;2;3;"SUBARU";"OUTBACK (BS)";110;201503;;150;1998
"Kupplungssatz";479;111749;27;3;"FORD";"C-MAX II (DXA/CB7, DXA/CEU)";110;201503;201906;150;1498
"Kupplungssatz";479;111755;1;3;"FORD";"C-MAX II (DXA/CB7, DXA/CEU)";70;201503;201906;95;1499
"Kupplungssatz";479;111757;31;5;"RENAULT";"KADJAR (HA_, HL_)";81;201506;;110;1461
"Kupplungssatz";479;111758;5;2;"RENAULT";"KADJAR (HA_, HL_)";96;201506;;130;1598
"Kupplungssatz";479;111759;5;3;"RENAULT";"KADJAR (HA_, HL_)";96;201506;;130;1598
"Kupplungssatz";479;111760;34;3;"RENAULT";"KADJAR (HA_, HL_)";96;201506;;130;1197
"Kupplungssatz";479;111761;1;1;"RENAULT";"ESPACE V (JR_)";147;201502;;200;1618
"Kupplungssatz";479;111762;1;3;"RENAULT";"ESPACE V (JR_)";96;201506;;130;1598
"Kupplungssatz";479;111764;7;3;"FORD";"C-MAX II (DXA/CB7, DXA/CEU)";77;201503;201906;105;1499
"Kupplungssatz";479;111765;16;4;"FORD";"C-MAX II (DXA/CB7, DXA/CEU)";88;201503;201906;120;1499
"Kupplungssatz";479;111766;9;3;"FORD";"C-MAX II (DXA/CB7, DXA/CEU)";110;201503;201906;150;1997
"Kupplungssatz";479;111780;21;3;"FORD";"GRAND C-MAX (DXA/CB7, DXA/CEU)";110;201503;201906;150;1498
"Kupplungssatz";479;111782;1;3;"FORD";"GRAND C-MAX (DXA/CB7, DXA/CEU)";70;201503;201906;95;1499
"Kupplungssatz";479;111783;20;4;"FORD";"GRAND C-MAX (DXA/CB7, DXA/CEU)";88;201503;201906;120;1499
"Kupplungssatz";479;111784;14;3;"FORD";"GRAND C-MAX (DXA/CB7, DXA/CEU)";110;201503;201906;150;1997
"Kupplungssatz";479;111790;14;2;"FORD";"S-MAX (CJ, WA6)";118;201501;201806;160;1499
"Kupplungssatz";479;111792;3;3;"FORD";"S-MAX (CJ, WA6)";88;201501;201806;120;1997
"Kupplungssatz";479;111794;12;3;"FORD";"S-MAX (CJ, WA6)";110;201501;201806;150;1997
"Kupplungssatz";479;111795;1;2;"FORD";"S-MAX (CJ, WA6)";110;201501;201806;150;1997
"Kupplungssatz";479;111796;12;3;"FORD";"S-MAX (CJ, WA6)";132;201501;201806;180;1997
"Kupplungssatz";479;111845;9;1;"MAZDA";"CX-3 (DK)";77;201502;201801;105;1499
"Kupplungssatz";479;111846;1;1;"MAZDA";"CX-3 (DK)";77;201502;201801;105;1499
"Kupplungssatz";479;111848;1;2;"ISUZU";"D-MAX II (TFR, TFS)";100;201206;;136;2499
"Kupplungssatz";479;111849;1;1;"ISUZU";"D-MAX II (TFR, TFS)";58;201206;;79;2499
"Kupplungssatz";479;111857;13;1;"VOLVO";"V40 Schrägheck (525)";90;201502;201908;122;1969
"Kupplungssatz";479;111858;1;1;"VOLVO";"V40 Schrägheck (525)";112;201502;201908;152;1969
"Kupplungssatz";479;111861;30;1;"VOLVO";"V40 Schrägheck (525)";88;201502;201908;120;1969
"Kupplungssatz";479;111890;1;1;"MAZDA";"6 Kombi (GJ, GL)";110;201212;;150;2191
"Kupplungssatz";479;111894;1;1;"MINI";"MINI (F55)";55;201406;201710;75;1198
"Kupplungssatz";479;111897;1;5;"FIAT";"PANDA VAN (312_, 519_)";63;201202;;86;875
"Kupplungssatz";479;111898;6;2;"FIAT";"PANDA VAN (312_, 519_)";63;201209;;86;875
"Kupplungssatz";479;111899;14;2;"FIAT";"PANDA VAN (312_, 519_)";51;201202;;69;1242
"Kupplungssatz";479;111911;1;0;"MAZDA";"3 (BM, BN)";77;201309;201905;105;1598
"Kupplungssatz";479;111912;70;1;"KIA";"RIO III (UB)";62;201411;201712;84;1248
"Kupplungssatz";479;111914;1;1;"KIA";"RIO III Stufenheck (UB)";64;201411;201712;87;1248
"Kupplungssatz";479;111916;43;2;"PEUGEOT";"2008 I (CU_)";81;201501;;110;1199
"Kupplungssatz";479;111917;10;5;"PEUGEOT";"2008 I (CU_)";96;201501;;130;1199
"Kupplungssatz";479;111920;9;3;"PEUGEOT";"2008 I (CU_)";73;201501;;100;1560
"Kupplungssatz";479;111924;11;3;"PEUGEOT";"208 I (CA_, CC_)";73;201501;;100;1560
"Kupplungssatz";479;111986;1;3;"PEUGEOT";"5008 (0U_, 0E_)";96;201501;201703;131;1199
"Kupplungssatz";479;111989;43;4;"PEUGEOT";"PARTNER Kasten/Großraumlimousine";66;201112;;90;1560
"Kupplungssatz";479;112018;11;2;"AUDI";"A1 (8X1, 8XK)";70;201503;201810;95;999
"Kupplungssatz";479;112021;19;2;"AUDI";"A1 Sportback (8XA, 8XF)";70;201503;201810;95;999
"Kupplungssatz";479;112027;2;4;"CITROËN";"C4 II (NC_)";88;201502;;120;1560
"Kupplungssatz";479;112038;12;0;"HONDA";"CR-V IV (RM_)";118;201502;;160;1597
"Kupplungssatz";479;112058;3;1;"RENAULT";"CLIO IV (BH_)";162;201503;;220;1618
"Kupplungssatz";479;112128;7;1;"OPEL";"CORSA E (X15)";66;201503;;90;1398
"Kupplungssatz";479;112130;5;2;"OPEL";"CORSA E (X15)";110;201503;;150;1364
"Kupplungssatz";479;112138;4;3;"ALFA ROMEO";"GIULIETTA (940_)";88;201502;202012;120;1598
"Kupplungssatz";479;112141;1;0;"OPEL";"CORSA E (X15)";152;201503;;207;1598
"Kupplungssatz";479;112181;1;3;"LAND ROVER";"DEFENDER Station Wagon (L316)";110;201502;201602;150;2198
"Kupplungssatz";479;112234;1;0;"MERCEDES-BENZ";"GLE (W166)";150;201504;201810;204;2143
"Kupplungssatz";479;112237;9;2;"FORD";"GALAXY III (CK)";118;201501;201806;160;1499
"Kupplungssatz";479;112242;2;2;"FORD";"GALAXY III (CK)";88;201501;201806;120;1997
"Kupplungssatz";479;112243;19;3;"FORD";"GALAXY III (CK)";110;201501;201806;150;1997
"Kupplungssatz";479;112245;5;3;"FORD";"GALAXY III (CK)";132;201501;201806;180;1997
"Kupplungssatz";479;112247;1;2;"FORD";"GALAXY III (CK)";154;201501;201806;210;1997
"Kupplungssatz";479;112266;11;3;"AUDI";"Q3 (8UB, 8UG)";88;201503;201810;120;1968
"Kupplungssatz";479;112330;11;3;"PEUGEOT";"PARTNER TEPEE";73;201412;;100;1560
"Kupplungssatz";479;112331;9;4;"PEUGEOT";"PARTNER TEPEE";88;201412;;120;1560
"Kupplungssatz";479;112332;22;6;"RENAULT";"CAPTUR I (J5_, H5_)";81;201501;;110;1461
"Kupplungssatz";479;112336;10;2;"CITROËN";"C3 PICASSO (SH_)";81;201501;;110;1199
"Kupplungssatz";479;112338;9;1;"CITROËN";"C3 PICASSO (SH_)";73;201501;;99;1560
"Kupplungssatz";479;112350;1;1;"MERCEDES-BENZ";"C-CLASS (W205)";95;201504;;129;1595
"Kupplungssatz";479;112366;8;3;"CITROËN";"C4 PICASSO II";96;201404;;130;1199
"Kupplungssatz";479;112367;11;3;"CITROËN";"C4 GRAND PICASSO II (DA_, DE_)";96;201404;;130;1199
"Kupplungssatz";479;112368;2;1;"CITROËN";"C4 PICASSO II";73;201412;;99;1560
"Kupplungssatz";479;112373;38;3;"PEUGEOT";"PARTNER Kasten/Großraumlimousine";73;201504;;100;1560
"Kupplungssatz";479;112374;3;4;"PEUGEOT";"PARTNER Kasten/Großraumlimousine";88;201504;;120;1560
"Kupplungssatz";479;112375;4;2;"SSANGYONG";"TIVOLI";94;201504;;128;1597
"Kupplungssatz";479;112379;1;2;"VW";"PASSAT B8 (3G2, CB2)";110;201502;;150;1395
"Kupplungssatz";479;112382;2;2;"VW";"PASSAT B8 Variant (3G5, CB5)";110;201502;;150;1395
"Kupplungssatz";479;112383;3;3;"VW";"PASSAT B8 (3G2, CB2)";132;201502;;180;1798
"Kupplungssatz";479;112384;2;3;"VW";"PASSAT B8 Variant (3G5, CB5)";132;201502;;180;1798
"Kupplungssatz";479;112385;22;2;"VW";"PASSAT B8 Variant (3G5, CB5)";110;201408;;150;1968
"Kupplungssatz";479;112386;2;2;"VW";"PASSAT B8 (3G2, CB2)";110;201408;;150;1968
"Kupplungssatz";479;112390;21;3;"CITROËN";"BERLINGO MULTISPACE (B9)";73;201412;;99;1560
"Kupplungssatz";479;112391;25;4;"CITROËN";"BERLINGO MULTISPACE (B9)";88;201412;;120;1560
"Kupplungssatz";479;112392;11;3;"CITROËN";"BERLINGO Kasten/Großraumlimousine (B9)";73;201412;;99;1560
"Kupplungssatz";479;112393;2;4;"CITROËN";"BERLINGO Kasten/Großraumlimousine (B9)";88;201412;;120;1560
"Kupplungssatz";479;112394;11;3;"SKODA";"SUPERB III (3V3)";110;201503;;150;1968
"Kupplungssatz";479;112397;8;2;"SKODA";"SUPERB III (3V3)";140;201503;;190;1968
"Kupplungssatz";479;112925;11;4;"OPEL";"VIVARO B Bus (X82)";70;201504;201912;95;1598
"Kupplungssatz";479;112926;30;4;"OPEL";"VIVARO B Bus (X82)";92;201504;201912;125;1598
"Kupplungssatz";479;112927;10;4;"OPEL";"VIVARO B Bus (X82)";107;201504;201912;145;1598
"Kupplungssatz";479;112955;35;2;"VW";"TIGUAN (5N_)";110;201505;201807;150;1968
"Kupplungssatz";479;112956;23;3;"VW";"TIGUAN (5N_)";110;201505;201807;150;1968
"Kupplungssatz";479;113119;17;3;"HYUNDAI";"H350 Kasten";110;201504;;150;2497
"Kupplungssatz";479;113120;7;3;"HYUNDAI";"H350 Kasten";125;201504;;170;2497
"Kupplungssatz";479;113122;1;3;"HYUNDAI";"H350 Pritsche/Fahrgestell";125;201504;;170;2497
"Kupplungssatz";479;113136;58;4;"HYUNDAI";"i40 I CW (VF)";104;201501;201905;141;1685
"Kupplungssatz";479;113148;39;1;"VW";"TOURAN (5T1)";81;201505;;110;1197
"Kupplungssatz";479;113149;26;3;"VW";"TOURAN (5T1)";110;201505;;150;1395
"Kupplungssatz";479;113150;24;2;"VW";"TOURAN (5T1)";81;201505;201605;110;1598
"Kupplungssatz";479;113151;107;4;"VW";"TOURAN (5T1)";110;201505;;150;1968
"Kupplungssatz";479;113153;2;0;"AUDI";"Q7 (4MB, 4MG)";200;201501;201912;272;2967
"Kupplungssatz";479;113165;6;2;"FORD";"B-MAX (JK)";70;201504;;95;1499
"Kupplungssatz";479;113168;6;3;"FORD";"ECOSPORT";70;201505;;95;1499
"Kupplungssatz";479;113171;6;2;"TOYOTA";"RAV 4 IV (_A4_)";112;201504;;151;1987
"Kupplungssatz";479;113191;15;2;"FIAT";"DOBLO Bus (263_)";88;201503;;120;1598
"Kupplungssatz";479;113242;12;0;"CHEVROLET";"AVEO / KALOS Schrägheck (T200)";53;200401;200805;72;1150
"Kupplungssatz";479;113243;3;0;"CHEVROLET";"LACETTI Stufenheck (J200)";80;200503;201303;109;1598
"Kupplungssatz";479;113244;1;0;"CHEVROLET";"LACETTI Stufenheck (J200)";69;200503;201303;94;1399
"Kupplungssatz";479;113250;10;2;"FORD";"C-MAX (DM2)";85;200704;201009;116;1596
"Kupplungssatz";479;113260;3;1;"VOLVO";"S60 II (134)";88;201503;201805;120;1969
"Kupplungssatz";479;113262;3;1;"VOLVO";"S60 II (134)";110;201503;201805;150;1969
"Kupplungssatz";479;113270;7;1;"VOLVO";"V60 I (155)";88;201503;201805;120;1969
"Kupplungssatz";479;113271;5;1;"VOLVO";"V60 I (155)";110;201503;201805;150;1969
"Kupplungssatz";479;113272;5;1;"VOLVO";"V60 I (155)";140;201503;201805;190;1969
"Kupplungssatz";479;113279;1;1;"RENAULT";"THALIA II (LU_)";55;200809;201406;75;1390
"Kupplungssatz";479;113280;2;1;"VOLVO";"V60 I (155)";112;201503;201805;152;1969
"Kupplungssatz";479;113281;8;1;"VOLVO";"V70 III (135)";88;201503;201604;120;1969
"Kupplungssatz";479;113283;5;1;"VOLVO";"V70 III (135)";110;201503;201604;150;1969
"Kupplungssatz";479;113285;6;1;"VOLVO";"XC60 I SUV (156)";110;201503;201704;150;1969
"Kupplungssatz";479;113286;10;1;"VOLVO";"XC60 I SUV (156)";140;201503;201702;190;1969
"Kupplungssatz";479;113289;8;2;"VOLVO";"XC60 I SUV (156)";140;201503;201702;190;2400
"Kupplungssatz";479;113291;1;2;"VOLVO";"XC60 I SUV (156)";162;201503;201702;220;2400
"Kupplungssatz";479;113293;3;2;"KIA";"SOUL II (PS)";100;201504;;136;1582
"Kupplungssatz";479;113301;1;2;"FORD";"GRAND C-MAX Van";110;201503;201906;150;1997
"Kupplungssatz";479;113303;1;4;"RENAULT";"MEGANE III Coupe (DZ0/1_)";70;201407;;95;1461
"Kupplungssatz";479;113310;6;2;"SKODA";"SUPERB III (3V3)";88;201503;;120;1598
"Kupplungssatz";479;113318;26;2;"FORD";"FIESTA VI (CB1, CCN)";70;201505;201704;95;1499
"Kupplungssatz";479;113327;1;1;"TOYOTA";"AVENSIS Kombi (_T27_)";82;201504;201810;112;1598
"Kupplungssatz";479;113328;4;2;"FORD";"FOCUS III Kasten/Kombi";74;201202;;100;998
"Kupplungssatz";479;113330;1;3;"FORD";"FOCUS III Kasten/Kombi";92;201202;;125;998
"Kupplungssatz";479;113334;68;2;"VW";"TIGUAN (5N_)";92;201505;201807;125;1395
"Kupplungssatz";479;113336;1;4;"FORD";"FOCUS III Kasten/Kombi";70;201409;;95;1499
"Kupplungssatz";479;113339;1;1;"TOYOTA";"AVENSIS Stufenheck (_T27_)";105;201504;201810;143;1995
"Kupplungssatz";479;113340;2;1;"VW";"TIGUAN (5N_)";135;201505;201807;184;1968
"Kupplungssatz";479;113342;6;1;"TOYOTA";"AVENSIS Kombi (_T27_)";105;201504;201810;143;1995
"Kupplungssatz";479;113343;2;4;"FORD";"FOCUS III Kasten/Kombi";88;201409;;120;1499
"Kupplungssatz";479;113347;2;1;"BMW";"2 Coupe (F22, F87)";110;201507;;150;1995
"Kupplungssatz";479;113349;2;1;"BMW";"2 Cabriolet (F23)";110;201507;;150;1995
"Kupplungssatz";479;113381;1;1;"VW";"POLO V (6R1, 6C1)";66;201407;201710;90;1598
"Kupplungssatz";479;113399;5;1;"BMW";"2 Gran Tourer (F46)";75;201409;201802;102;1499
"Kupplungssatz";479;113405;2;2;"BMW";"3 (F30, F80)";100;201507;201810;136;1499
"Kupplungssatz";479;113409;2;1;"BMW";"3 (F30, F80)";240;201507;201810;326;2998
"Kupplungssatz";479;113430;10;1;"BMW";"3 (F30, F80)";110;201507;201810;150;1995
"Kupplungssatz";479;113434;3;2;"BMW";"3 (F30, F80)";140;201507;201810;190;1995
"Kupplungssatz";479;113440;3;2;"BMW";"3 Touring (F31)";100;201507;201906;136;1499
"Kupplungssatz";479;113442;2;0;"FIAT";"MULTIPLA (186_)";76;200110;201006;103;1596
"Kupplungssatz";479;113448;11;1;"BMW";"3 Touring (F31)";110;201507;201906;150;1995
"Kupplungssatz";479;113450;6;2;"BMW";"3 Touring (F31)";140;201507;201906;190;1995
"Kupplungssatz";479;113451;1;2;"BMW";"3 Touring (F31)";140;201507;201906;190;1995
"Kupplungssatz";479;113458;4;1;"BMW";"4 Gran Coupe (F36)";110;201507;202012;150;1995
"Kupplungssatz";479;113463;1;0;"ISUZU";"D-MAX II Pritsche/Fahrgestell (TFR, TFS)";120;201206;;163;2499
"Kupplungssatz";479;113464;3;0;"ISUZU";"D-MAX II Pritsche/Fahrgestell (TFR, TFS)";120;201206;;163;2499
"Kupplungssatz";479;113664;11;1;"CITROËN";"C4 II (NC_)";73;201407;;99;1560
"Kupplungssatz";479;113665;3;1;"CITROËN";"C3 II (SC_)";73;201407;;99;1560
"Kupplungssatz";479;113666;8;1;"CITROËN";"C3 II (SC_)";55;201504;;75;1560
"Kupplungssatz";479;113667;39;1;"CITROËN";"BERLINGO Kasten/Großraumlimousine (B9)";55;201007;;75;1560
"Kupplungssatz";479;113668;8;1;"CITROËN";"BERLINGO MULTISPACE (B9)";55;200804;;75;1560
"Kupplungssatz";479;113670;5;4;"PEUGEOT";"508 I (8D_)";88;201403;201812;120;1560
"Kupplungssatz";479;113671;9;4;"PEUGEOT";"508 SW I (8E_)";88;201403;201812;120;1560
"Kupplungssatz";479;113672;1;1;"PEUGEOT";"2008 I (CU_)";55;201501;;75;1560
"Kupplungssatz";479;113673;18;1;"PEUGEOT";"PARTNER TEPEE";55;200806;201812;75;1560
"Kupplungssatz";479;113674;20;1;"PEUGEOT";"PARTNER Kasten/Großraumlimousine";55;201107;;75;1560
"Kupplungssatz";479;113728;6;1;"MAZDA";"CX-3 (DK)";88;201505;;120;1998
"Kupplungssatz";479;113730;1;1;"MAZDA";"CX-3 (DK)";110;201505;;150;1998
"Kupplungssatz";479;113755;1;2;"OPEL";"COMBO Tour (X12)";70;201503;;95;1598
"Kupplungssatz";479;113756;3;2;"OPEL";"COMBO Tour (X12)";88;201503;;120;1598
"Kupplungssatz";479;113863;14;1;"SEAT";"IBIZA IV (6J5, 6P1)";55;201505;201706;75;999
"Kupplungssatz";479;113864;17;1;"SEAT";"IBIZA IV (6J5, 6P1)";66;201505;201706;90;1197
"Kupplungssatz";479;113866;6;1;"SEAT";"IBIZA IV (6J5, 6P1)";81;201505;201706;110;999
"Kupplungssatz";479;113867;1;1;"SEAT";"IBIZA IV (6J5, 6P1)";70;201505;201706;95;999
"Kupplungssatz";479;113868;2;2;"SEAT";"IBIZA IV (6J5, 6P1)";55;201505;201706;75;1422
"Kupplungssatz";479;113871;8;3;"SEAT";"IBIZA IV (6J5, 6P1)";66;201505;201706;90;1422
"Kupplungssatz";479;113872;4;2;"SEAT";"IBIZA IV (6J5, 6P1)";77;201505;201706;105;1422
"Kupplungssatz";479;113886;7;1;"SEAT";"IBIZA IV SC (6J1, 6P5)";55;201505;201612;75;999
"Kupplungssatz";479;113893;1;1;"SEAT";"IBIZA IV SC (6J1, 6P5)";66;201505;201612;90;1197
"Kupplungssatz";479;113894;2;1;"SEAT";"IBIZA IV SC (6J1, 6P5)";70;201505;201612;95;999
"Kupplungssatz";479;113895;1;1;"SEAT";"IBIZA IV SC (6J1, 6P5)";81;201505;201612;110;999
"Kupplungssatz";479;113900;5;1;"SEAT";"IBIZA IV ST (6J8, 6P8)";55;201505;201607;75;999
"Kupplungssatz";479;113901;6;1;"SEAT";"IBIZA IV ST (6J8, 6P8)";66;201505;201607;90;1197
"Kupplungssatz";479;113903;1;1;"SEAT";"IBIZA IV ST (6J8, 6P8)";81;201505;201607;110;999
"Kupplungssatz";479;113904;1;2;"SEAT";"IBIZA IV ST (6J8, 6P8)";55;201505;201607;75;1422
"Kupplungssatz";479;113905;2;3;"SEAT";"IBIZA IV ST (6J8, 6P8)";66;201505;201607;90;1422
"Kupplungssatz";479;114071;2;0;"GREAT WALL";"HOVER H6";105;201108;;143;1497
"Kupplungssatz";479;114196;2;2;"OPEL";"COMBO Kasten/Großraumlimousine (X12)";88;201504;;120;1598
"Kupplungssatz";479;114200;2;1;"VOLVO";"V60 I (155)";140;201503;201805;190;1969
"Kupplungssatz";479;114210;73;1;"KIA";"PICANTO II (TA)";49;201105;201703;67;998
"Kupplungssatz";479;114211;4;4;"DACIA";"LOGAN II";54;201505;;73;1149
"Kupplungssatz";479;114212;17;4;"DACIA";"LOGAN MCV II";54;201505;;73;1149
"Kupplungssatz";479;114214;17;4;"DACIA";"SANDERO II";54;201505;;73;1149
"Kupplungssatz";479;114327;13;1;"VW";"CADDY IV Großraumlimousine (SAB, SAJ)";62;201506;202009;84;1197
"Kupplungssatz";479;114328;6;2;"VW";"CADDY IV Großraumlimousine (SAB, SAJ)";81;201506;202009;110;1395
"Kupplungssatz";479;114329;2;3;"VW";"CADDY IV Großraumlimousine (SAB, SAJ)";92;201505;202009;125;1395
"Kupplungssatz";479;114330;4;6;"VW";"CADDY IV Großraumlimousine (SAB, SAJ)";81;201505;202009;110;1968
"Kupplungssatz";479;114332;129;1;"VW";"CADDY IV Großraumlimousine (SAB, SAJ)";75;201505;202009;102;1968
"Kupplungssatz";479;114333;25;1;"VW";"CADDY IV Großraumlimousine (SAB, SAJ)";55;201505;202009;75;1968
"Kupplungssatz";479;114334;50;2;"VW";"CADDY IV Großraumlimousine (SAB, SAJ)";110;201505;202009;150;1968
"Kupplungssatz";479;114336;32;5;"VW";"CADDY IV Großraumlimousine (SAB, SAJ)";90;201505;202009;122;1968
"Kupplungssatz";479;114337;3;1;"VW";"CADDY IV Großraumlimousine (SAB, SAJ)";55;201505;201711;75;1598
"Kupplungssatz";479;114339;10;2;"VW";"CADDY IV Großraumlimousine (SAB, SAJ)";75;201505;202009;102;1598
"Kupplungssatz";479;114341;6;6;"VW";"CADDY IV Großraumlimousine (SAB, SAJ)";103;201505;202009;140;1968
"Kupplungssatz";479;114343;9;1;"VW";"CADDY IV Kasten/Großraumlimousine (SAA, SAH)";62;201506;202009;84;1197
"Kupplungssatz";479;114344;3;2;"VW";"CADDY IV Kasten/Großraumlimousine (SAA, SAH)";81;201506;202009;110;1395
"Kupplungssatz";479;114346;5;1;"VW";"CADDY IV Kasten/Großraumlimousine (SAA, SAH)";55;201505;201711;75;1598
"Kupplungssatz";479;114347;16;2;"VW";"CADDY IV Kasten/Großraumlimousine (SAA, SAH)";75;201505;202009;102;1598
"Kupplungssatz";479;114348;30;1;"VW";"CADDY IV Kasten/Großraumlimousine (SAA, SAH)";55;201505;202009;75;1968
"Kupplungssatz";479;114349;119;1;"VW";"CADDY IV Kasten/Großraumlimousine (SAA, SAH)";75;201505;202009;102;1968
"Kupplungssatz";479;114351;34;5;"VW";"CADDY IV Kasten/Großraumlimousine (SAA, SAH)";90;201505;202009;122;1968
"Kupplungssatz";479;114352;1;6;"VW";"CADDY IV Kasten/Großraumlimousine (SAA, SAH)";103;201505;202009;140;1968
"Kupplungssatz";479;114357;10;2;"VW";"CADDY IV Kasten/Großraumlimousine (SAA, SAH)";110;201505;202009;150;1968
"Kupplungssatz";479;114522;1;0;"IVECO";"DAILY III Bus";85;200301;200605;116;2287
"Kupplungssatz";479;114535;1;0;"IVECO";"DAILY III Bus";100;200401;200605;136;2998
"Kupplungssatz";479;114560;1;0;"TOYOTA";"AURIS Kombi (_E18_)";85;201503;201812;116;1197
"Kupplungssatz";479;114562;1;1;"IVECO";"DAILY VI Bus";107;201403;;146;2998
"Kupplungssatz";479;114567;1;0;"TOYOTA";"AURIS (_E18_)";82;201504;201812;112;1598
"Kupplungssatz";479;114568;3;1;"TOYOTA";"AURIS Kombi (_E18_)";82;201504;201812;112;1598
"Kupplungssatz";479;114583;1;4;"FIAT";"PANDA (312_, 319_)";70;201504;;95;1248
"Kupplungssatz";479;114584;1;0;"FIAT";"500 C (312_)";59;201312;;80;875
"Kupplungssatz";479;114586;12;2;"LANCIA";"YPSILON (312_)";51;201105;;69;1242
"Kupplungssatz";479;114608;8;2;"HYUNDAI";"TUCSON (TL, TLE)";100;201506;202009;136;1995
"Kupplungssatz";479;114609;18;3;"HYUNDAI";"TUCSON (TL, TLE)";130;201506;202009;177;1591
"Kupplungssatz";479;114617;1;1;"HYUNDAI";"i20 II Coupe (GB)";74;201505;;100;1368
"Kupplungssatz";479;114838;13;2;"VW";"TRANSPORTER T6 / CARAVELLE T6 Bus (SGB, SGJ, SHB, SHJ)";62;201504;201907;84;1968
"Kupplungssatz";479;114839;22;3;"VW";"TRANSPORTER T6 Kasten (SGA, SGH, SHA, SHH)";62;201504;201907;84;1968
"Kupplungssatz";479;114840;5;1;"VW";"TRANSPORTER T6 Pritsche/Fahrgestell (SFD, SFE, SFL, SFZ, SJD";62;201504;201911;84;1968
"Kupplungssatz";479;114841;12;1;"VW";"MULTIVAN T6 (SGF, SGM, SGN, SHM, SHN)";75;201504;201912;102;1968
"Kupplungssatz";479;114842;80;1;"VW";"TRANSPORTER T6 / CARAVELLE T6 Bus (SGB, SGJ, SHB, SHJ)";75;201504;201912;102;1968
"Kupplungssatz";479;114844;164;1;"VW";"TRANSPORTER T6 Kasten (SGA, SGH, SHA, SHH)";75;201504;201912;102;1968
"Kupplungssatz";479;114845;23;1;"VW";"TRANSPORTER T6 Pritsche/Fahrgestell (SFD, SFE, SFL, SFZ, SJD";75;201504;201911;102;1968
"Kupplungssatz";479;114846;7;6;"VW";"MULTIVAN T6 (SGF, SGM, SGN, SHM, SHN)";103;201504;201912;140;1968
"Kupplungssatz";479;114848;16;6;"VW";"TRANSPORTER T6 / CARAVELLE T6 Bus (SGB, SGJ, SHB, SHJ)";103;201504;201912;140;1968
"Kupplungssatz";479;114851;52;6;"VW";"TRANSPORTER T6 Kasten (SGA, SGH, SHA, SHH)";103;201504;201912;140;1968
"Kupplungssatz";479;114855;10;6;"VW";"TRANSPORTER T6 Pritsche/Fahrgestell (SFD, SFE, SFL, SFZ, SJD";103;201504;201911;140;1968
"Kupplungssatz";479;114856;2;5;"VW";"TRANSPORTER T6 / CARAVELLE T6 Bus (SGB, SGJ, SHB, SHJ)";103;201506;201912;140;1968
"Kupplungssatz";479;114857;17;5;"VW";"TRANSPORTER T6 Kasten (SGA, SGH, SHA, SHH)";103;201506;201912;140;1968
"Kupplungssatz";479;114858;12;5;"VW";"TRANSPORTER T6 Pritsche/Fahrgestell (SFD, SFE, SFL, SFZ, SJD";103;201506;201911;140;1968
"Kupplungssatz";479;114860;2;1;"VW";"MULTIVAN T6 (SGF, SGM, SGN, SHM, SHN)";132;201504;201912;180;1968
"Kupplungssatz";479;114868;1;1;"VW";"MULTIVAN T6 (SGF, SGM, SGN, SHM, SHN)";132;201506;201912;180;1968
"Kupplungssatz";479;114870;1;5;"VW";"TRANSPORTER T6 Kasten (SGA, SGH, SHA, SHH)";132;201506;201912;180;1968
"Kupplungssatz";479;114879;2;1;"VW";"MULTIVAN T6 (SGF, SGM, SGN, SHM, SHN)";110;201504;201907;150;1984
"Kupplungssatz";479;114880;2;1;"VW";"TRANSPORTER T6 / CARAVELLE T6 Bus (SGB, SGJ, SHB, SHJ)";110;201504;201907;150;1984
"Kupplungssatz";479;114881;6;1;"VW";"TRANSPORTER T6 Kasten (SGA, SGH, SHA, SHH)";110;201504;201907;150;1984
"Kupplungssatz";479;114882;2;1;"VW";"TRANSPORTER T6 Pritsche/Fahrgestell (SFD, SFE, SFL, SFZ, SJD";110;201504;201906;150;1984
"Kupplungssatz";479;114883;20;1;"VW";"MULTIVAN T6 (SGF, SGM, SGN, SHM, SHN)";150;201506;;204;1968
"Kupplungssatz";479;114884;6;1;"VW";"TRANSPORTER T6 / CARAVELLE T6 Bus (SGB, SGJ, SHB, SHJ)";150;201506;;204;1968
"Kupplungssatz";479;114886;1;1;"VW";"TRANSPORTER T6 Kasten (SGA, SGH, SHA, SHH)";150;201506;;204;1968
"Kupplungssatz";479;114888;17;1;"VW";"MULTIVAN T6 (SGF, SGM, SGN, SHM, SHN)";150;201506;;204;1968
"Kupplungssatz";479;114889;4;1;"VW";"TRANSPORTER T6 / CARAVELLE T6 Bus (SGB, SGJ, SHB, SHJ)";150;201506;;204;1968
"Kupplungssatz";479;114890;4;1;"VW";"TRANSPORTER T6 Kasten (SGA, SGH, SHA, SHH)";150;201506;;204;1968
"Kupplungssatz";479;114891;61;3;"VW";"MULTIVAN T6 (SGF, SGM, SGN, SHM, SHN)";110;201504;;150;1968
"Kupplungssatz";479;114892;88;3;"VW";"TRANSPORTER T6 / CARAVELLE T6 Bus (SGB, SGJ, SHB, SHJ)";110;201504;;150;1968
"Kupplungssatz";479;114894;159;3;"VW";"TRANSPORTER T6 Kasten (SGA, SGH, SHA, SHH)";110;201504;;150;1968
"Kupplungssatz";479;114944;3;1;"MERCEDES-BENZ";"A-CLASS (W176)";75;201507;201805;102;1595
"Kupplungssatz";479;114947;2;0;"MERCEDES-BENZ";"A-CLASS (W176)";160;201507;201805;218;1991
"Kupplungssatz";479;115004;1;0;"FORD";"FIESTA V Van";66;200704;200909;90;1560
"Kupplungssatz";479;115043;3;1;"MERCEDES-BENZ";"CLA Shooting Brake (X117)";80;201507;201805;109;1461
"Kupplungssatz";479;115056;11;2;"CITROËN";"C4 II (NC_)";81;201502;201712;110;1199
"Kupplungssatz";479;115103;3;4;"AUDI";"TT Roadster (FV9, FVR)";132;201507;201808;180;1798
"Kupplungssatz";479;115109;4;0;"AUDI";"A5 Cabriolet (8F7)";130;201505;201701;177;1798
"Kupplungssatz";479;115112;2;0;"AUDI";"A5 Sportback (8TA)";130;201505;201701;177;1798
"Kupplungssatz";479;115114;4;3;"TOYOTA";"HILUX VIII Pick-up (_N1_)";110;201505;;150;2393
"Kupplungssatz";479;115115;9;1;"MINI";"MINI CLUBMAN (F54)";100;201412;;136;1499
"Kupplungssatz";479;115116;3;1;"MINI";"MINI CLUBMAN (F54)";141;201411;;192;1998
"Kupplungssatz";479;115117;1;1;"MINI";"MINI CLUBMAN (F54)";110;201412;;150;1995
"Kupplungssatz";479;115118;37;3;"TOYOTA";"HILUX VIII Pick-up (_N1_)";110;201505;;150;2393
"Kupplungssatz";479;115121;102;2;"BMW";"1 (F20)";100;201507;201906;136;1499
"Kupplungssatz";479;115122;11;2;"BMW";"1 (F21)";100;201503;;136;1499
"Kupplungssatz";479;115124;3;2;"TOYOTA";"HILUX VIII Pick-up (_N1_)";130;201505;;177;2755
"Kupplungssatz";479;115140;3;2;"SEAT";"LEON (5F1)";85;201505;202008;115;999
"Kupplungssatz";479;115141;1;2;"LAND ROVER";"DISCOVERY SPORT (L550)";132;201506;;180;1999
"Kupplungssatz";479;115145;1;1;"SEAT";"TOLEDO IV (KG3)";81;201505;201705;110;1197
"Kupplungssatz";479;115147;10;2;"LAND ROVER";"RANGE ROVER EVOQUE (L538)";110;201506;201912;150;1999
"Kupplungssatz";479;115148;3;2;"LAND ROVER";"RANGE ROVER EVOQUE (L538)";110;201506;201912;150;1999
"Kupplungssatz";479;115152;1;2;"SKODA";"OCTAVIA III (5E3, NL3, NR3)";81;201505;201702;110;1197
"Kupplungssatz";479;115153;9;3;"FIAT";"FIORINO Kasten/Großraumlimousine (225_)";59;201503;;80;1248
"Kupplungssatz";479;115154;1;2;"SKODA";"OCTAVIA III Combi (5E5, 5E6)";81;201505;201702;110;1197
"Kupplungssatz";479;115155;2;3;"FIAT";"QUBO (225_)";59;201503;;80;1248
"Kupplungssatz";479;115156;3;3;"SKODA";"OCTAVIA III (5E3, NL3, NR3)";110;201408;202010;150;1395
"Kupplungssatz";479;115158;25;3;"SKODA";"OCTAVIA III Combi (5E5, 5E6)";110;201408;202010;150;1395
"Kupplungssatz";479;115161;20;3;"SKODA";"OCTAVIA III Combi (5E5, 5E6)";169;201505;202010;230;1984
"Kupplungssatz";479;115162;3;4;"FORD";"TOURNEO COURIER B460 Großraumlimousine";70;201505;;95;1499
"Kupplungssatz";479;115164;5;3;"SKODA";"SUPERB III Kombi (3V5)";110;201503;;150;1395
"Kupplungssatz";479;115166;4;2;"SKODA";"SUPERB III Kombi (3V5)";88;201503;;120;1598
"Kupplungssatz";479;115167;16;3;"SKODA";"SUPERB III Kombi (3V5)";110;201503;;150;1968
"Kupplungssatz";479;115168;18;2;"SKODA";"SUPERB III Kombi (3V5)";140;201503;;190;1968
"Kupplungssatz";479;115169;2;1;"SKODA";"SUPERB III Kombi (3V5)";140;201503;;190;1968
"Kupplungssatz";479;115170;2;4;"FORD";"TRANSIT COURIER B460 Kasten/Großraumlimousine";70;201505;;95;1499
"Kupplungssatz";479;115171;3;2;"VW";"GOLF VI Cabriolet (517)";92;201311;201605;125;1395
"Kupplungssatz";479;115174;5;4;"FORD";"TRANSIT COURIER B460 Großraumlimousine";70;201505;;95;1499
"Kupplungssatz";479;115178;4;2;"SKODA";"RAPID (NH3, NK3, NK6)";66;201505;201912;90;1197
"Kupplungssatz";479;115179;4;2;"SKODA";"RAPID (NH3, NK3, NK6)";81;201505;201912;110;1197
"Kupplungssatz";479;115181;8;2;"SKODA";"RAPID (NH3, NK3, NK6)";66;201505;201912;90;1422
"Kupplungssatz";479;115182;11;2;"SKODA";"RAPID Spaceback (NH1)";66;201505;201912;90;1197
"Kupplungssatz";479;115183;6;1;"SKODA";"RAPID Spaceback (NH1)";81;201505;201912;110;1197
"Kupplungssatz";479;115184;3;2;"SKODA";"RAPID Spaceback (NH1)";92;201505;201912;125;1395
"Kupplungssatz";479;115185;7;2;"SKODA";"RAPID Spaceback (NH1)";66;201505;201912;90;1422
"Kupplungssatz";479;115186;2;1;"SKODA";"RAPID (NH3, NK3, NK6)";85;201505;201912;115;1598
"Kupplungssatz";479;115187;3;1;"SKODA";"RAPID Spaceback (NH1)";85;201505;201912;115;1598
"Kupplungssatz";479;115188;25;2;"SKODA";"YETI (5L)";81;201505;201712;110;1197
"Kupplungssatz";479;115189;19;2;"SKODA";"YETI (5L)";92;201505;201712;125;1395
"Kupplungssatz";479;115190;5;2;"SKODA";"YETI (5L)";110;201505;201712;150;1395
"Kupplungssatz";479;115191;7;2;"SKODA";"YETI (5L)";110;201505;201712;150;1968
"Kupplungssatz";479;115192;17;2;"SKODA";"YETI (5L)";110;201505;201712;150;1968
"Kupplungssatz";479;115198;3;2;"VW";"CC B7 (358)";110;201505;201612;150;1968
"Kupplungssatz";479;115199;3;3;"VW";"CC B7 (358)";135;201505;201612;184;1968
"Kupplungssatz";479;115202;14;1;"BMW";"X1 (F48)";110;201507;;150;1995
"Kupplungssatz";479;115204;28;2;"VW";"SHARAN (7N1, 7N2)";110;201505;;150;1395
"Kupplungssatz";479;115206;63;2;"VW";"SHARAN (7N1, 7N2)";110;201505;202010;150;1968
"Kupplungssatz";479;115207;18;2;"VW";"SHARAN (7N1, 7N2)";110;201505;;150;1968
"Kupplungssatz";479;115208;14;3;"VW";"SHARAN (7N1, 7N2)";135;201505;;184;1968
"Kupplungssatz";479;115209;1;4;"SKODA";"OCTAVIA III (5E3, NL3, NR3)";81;201505;201702;110;1598
"Kupplungssatz";479;115210;10;4;"SKODA";"OCTAVIA III Combi (5E5, 5E6)";81;201505;201702;110;1598
"Kupplungssatz";479;115212;19;2;"HYUNDAI";"TUCSON (TL, TLE)";130;201506;202009;177;1591
"Kupplungssatz";479;115216;100;3;"HYUNDAI";"TUCSON (TL, TLE)";97;201506;202009;132;1591
"Kupplungssatz";479;115218;50;1;"HYUNDAI";"TUCSON (TL, TLE)";85;201506;202009;116;1685
"Kupplungssatz";479;115220;5;2;"HYUNDAI";"TUCSON (TL, TLE)";136;201506;202009;185;1995
"Kupplungssatz";479;115221;4;2;"HYUNDAI";"TUCSON (TL, TLE)";100;201506;202009;136;1995
"Kupplungssatz";479;115229;5;3;"HYUNDAI";"i40 I (VF)";104;201501;201905;141;1685
"Kupplungssatz";479;115231;1;1;"HYUNDAI";"i40 I CW (VF)";121;201412;201905;165;1999
"Kupplungssatz";479;115232;2;2;"SKODA";"SUPERB III Kombi (3V5)";110;201503;;150;1395
"Kupplungssatz";479;115236;7;3;"SKODA";"SUPERB III Kombi (3V5)";132;201503;;180;1798
"Kupplungssatz";479;115237;1;2;"SKODA";"SUPERB III (3V3)";110;201503;;150;1968
"Kupplungssatz";479;115238;4;2;"SKODA";"SUPERB III Kombi (3V5)";110;201503;;150;1968
"Kupplungssatz";479;115265;3;0;"MAZDA";"MX-5 IV (ND)";118;201506;;160;1998
"Kupplungssatz";479;115277;1;2;"BMW";"1 (F21)";70;201506;;95;1496
"Kupplungssatz";479;115279;5;2;"BMW";"1 (F20)";70;201507;201906;95;1496
"Kupplungssatz";479;115396;1;2;"FIAT";"PUNTO EVO (199_)";56;201009;;76;1248
"Kupplungssatz";479;115417;5;2;"OPEL";"MOKKA / MOKKA X (J13)";81;201506;;110;1598
"Kupplungssatz";479;115487;66;2;"SEAT";"ALHAMBRA (710, 711)";110;201505;;150;1968
"Kupplungssatz";479;115489;11;2;"DACIA";"DOKKER Großraumlimousine (KE_)";75;201504;;102;1598
"Kupplungssatz";479;115490;26;2;"SEAT";"ALHAMBRA (710, 711)";110;201505;;150;1968
"Kupplungssatz";479;115491;18;2;"DACIA";"DOKKER Express Kasten/Großraumlimousine";75;201504;;102;1598
"Kupplungssatz";479;115493;5;3;"SEAT";"ALHAMBRA (710, 711)";135;201505;;184;1968
"Kupplungssatz";479;115494;11;2;"DACIA";"DUSTER (HS_)";92;201506;201801;125;1197
"Kupplungssatz";479;115497;11;2;"DACIA";"DUSTER (HS_)";84;201506;201801;115;1598
"Kupplungssatz";479;115498;16;2;"DACIA";"DUSTER (HS_)";84;201506;201801;115;1598
"Kupplungssatz";479;115499;2;2;"DACIA";"DUSTER (HS_)";84;201506;201801;115;1598
"Kupplungssatz";479;115501;2;2;"VW";"GOLF SPORTSVAN VII (AM1, AN1)";85;201505;202008;115;999
"Kupplungssatz";479;115506;8;4;"RENAULT";"TRAFIC III Bus (JG_)";70;201507;;95;1598
"Kupplungssatz";479;115519;29;4;"RENAULT";"TRAFIC III Bus (JG_)";92;201507;;125;1598
"Kupplungssatz";479;115520;22;4;"RENAULT";"TRAFIC III Bus (JG_)";107;201507;;145;1598
"Kupplungssatz";479;115521;1;1;"HYUNDAI";"i10 II Stufenheck";64;201508;;87;1248
"Kupplungssatz";479;115566;11;2;"VW";"GOLF VII (5G1, BQ1, BE1, BE2)";85;201505;201907;115;999
"Kupplungssatz";479;115568;3;2;"VW";"GOLF VII Variant (BA5, BV5)";85;201505;202008;115;999
"Kupplungssatz";479;115671;80;3;"OPEL";"ASTRA K (B16)";92;201506;;125;1399
"Kupplungssatz";479;115672;44;3;"OPEL";"ASTRA K (B16)";110;201506;;150;1399
"Kupplungssatz";479;115673;40;2;"OPEL";"ASTRA K (B16)";77;201506;;105;999
"Kupplungssatz";479;115675;75;4;"OPEL";"ASTRA K (B16)";81;201506;;110;1598
"Kupplungssatz";479;115676;25;2;"OPEL";"ASTRA K (B16)";100;201506;;136;1598
"Kupplungssatz";479;115677;4;6;"OPEL";"CASCADA (W13)";125;201507;201804;170;1956
"Kupplungssatz";479;115678;8;2;"OPEL";"INSIGNIA A (G09)";100;201507;201703;136;1598
"Kupplungssatz";479;115682;4;2;"OPEL";"INSIGNIA A Stufenheck (G09)";100;201507;201703;136;1598
"Kupplungssatz";479;115684;8;2;"OPEL";"INSIGNIA A Sports Tourer (G09)";88;201507;201701;120;1598
"Kupplungssatz";479;115685;40;2;"OPEL";"INSIGNIA A Sports Tourer (G09)";100;201507;201612;136;1598
"Kupplungssatz";479;115686;8;2;"OPEL";"ASTRA K (B16)";70;201506;;95;1598
"Kupplungssatz";479;115706;6;2;"MITSUBISHI";"ASX (GA_W_)";84;201507;;114;1560
"Kupplungssatz";479;115709;4;2;"MITSUBISHI";"ASX (GA_W_)";84;201507;;114;1560
"Kupplungssatz";479;115776;12;3;"FIAT";"QUBO (225_)";57;200910;;78;1368
"Kupplungssatz";479;115777;16;3;"FIAT";"FIORINO Kasten/Großraumlimousine (225_)";57;200910;;78;1368
"Kupplungssatz";479;115779;3;0;"TOYOTA";"LAND CRUISER PRADO (_J15_)";130;201506;;177;2755
"Kupplungssatz";479;115781;4;2;"FIAT";"500X (334_)";70;201411;;95;1248
"Kupplungssatz";479;115782;3;0;"SUZUKI";"GRAND VITARA I Geländewagen offen (GT)";69;199803;200307;94;1590
"Kupplungssatz";479;115783;3;0;"SUZUKI";"GRAND VITARA I Geländewagen offen (GT)";94;199803;200307;128;1995
"Kupplungssatz";479;115815;2;3;"FORD";"TRANSIT V363 Bus (FAD, FBD)";114;201412;201812;155;2198
"Kupplungssatz";479;115879;3;0;"NISSAN";"NP300 NAVARA Pick-up (D23, D23T)";120;201501;;163;2298
"Kupplungssatz";479;116010;1;1;"BMW";"3 (F30, F80)";135;201507;201810;184;1998
"Kupplungssatz";479;116013;2;1;"BMW";"3 Touring (F31)";135;201507;201906;184;1998
"Kupplungssatz";479;116060;1;2;"FIAT";"DUCATO Kasten (230_)";62;199403;200204;84;2500
"Kupplungssatz";479;116064;2;0;"HONDA";"CIVIC IX (FK)";228;201508;;310;1996
"Kupplungssatz";479;116065;29;3;"VW";"MULTIVAN T6 (SGF, SGM, SGN, SHM, SHN)";110;201508;;150;1968
"Kupplungssatz";479;116067;5;0;"HONDA";"HR-V (RU)";88;201508;;120;1597
"Kupplungssatz";479;116068;1;0;"HONDA";"HR-V (RU)";96;201508;;130;1498
"Kupplungssatz";479;116109;7;2;"BMW";"X1 (F48)";100;201511;;136;1499
"Kupplungssatz";479;116112;1;0;"BMW";"X1 (F48)";110;201411;;150;1995
"Kupplungssatz";479;116117;1;0;"MERCEDES-BENZ";"VITO Kasten (W447)";100;201507;;136;2143
"Kupplungssatz";479;116130;18;2;"VW";"TIGUAN (5N_)";110;201505;201807;150;1395
"Kupplungssatz";479;116161;24;2;"MITSUBISHI";"L200 / TRITON (KJ_, KK_, KL_)";113;201509;;154;2442
"Kupplungssatz";479;116185;11;5;"FORD";"TOURNEO CONNECT / GRAND TOURNEO CONNECT V408 Großraumlimousi";74;201505;;101;1499
"Kupplungssatz";479;116186;9;4;"FORD";"TOURNEO CONNECT / GRAND TOURNEO CONNECT V408 Großraumlimousi";55;201505;;75;1499
"Kupplungssatz";479;116187;73;4;"FORD";"TOURNEO CONNECT / GRAND TOURNEO CONNECT V408 Großraumlimousi";88;201505;;120;1499
"Kupplungssatz";479;116196;2;0;"MITSUBISHI";"L200 / TRITON (KA_T, KB_T)";98;200704;201512;133;2477
"Kupplungssatz";479;116203;21;3;"VW";"TRANSPORTER T6 / CARAVELLE T6 Bus (SGB, SGJ, SHB, SHJ)";110;201508;;150;1968
"Kupplungssatz";479;116204;45;3;"VW";"TRANSPORTER T6 Kasten (SGA, SGH, SHA, SHH)";110;201508;;150;1968
"Kupplungssatz";479;116210;38;5;"FORD";"TRANSIT CONNECT V408 Kasten/Großraumlimousine";74;201505;;101;1499
"Kupplungssatz";479;116211;42;4;"FORD";"TRANSIT CONNECT V408 Kasten/Großraumlimousine";88;201505;;120;1499
"Kupplungssatz";479;116212;6;5;"FORD";"TRANSIT CONNECT Großraumlimousine";74;201505;;101;1499
"Kupplungssatz";479;116213;22;4;"FORD";"TRANSIT CONNECT Großraumlimousine";88;201505;;120;1499
"Kupplungssatz";479;116219;38;1;"FORD";"RANGER (TKE)";118;201505;;160;2198
"Kupplungssatz";479;116221;3;1;"FORD";"RANGER (TKE)";96;201505;;131;2198
"Kupplungssatz";479;116222;38;4;"CITROËN";"BERLINGO Kasten/Großraumlimousine (B9)";66;201007;201712;90;1560
"Kupplungssatz";479;116224;3;1;"VOLVO";"V40 Schrägheck (525)";110;201504;201908;150;1969
"Kupplungssatz";479;116369;1;3;"TOYOTA";"FORTUNER (_N15_, _N16_)";110;201505;;150;2393
"Kupplungssatz";479;116390;4;1;"HONDA";"JAZZ IV (GK_)";75;201509;;102;1318
"Kupplungssatz";479;116453;2;1;"PEUGEOT";"BOXER Bus";81;201507;201909;110;1997
"Kupplungssatz";479;116454;1;1;"PEUGEOT";"BOXER Bus";96;201507;201909;130;1997
"Kupplungssatz";479;116478;2;8;"RENAULT";"MASTER III Bus (JV)";125;201507;;170;2298
"Kupplungssatz";479;116487;3;1;"CITROËN";"JUMPER II Bus";96;201507;201909;130;1997
"Kupplungssatz";479;116488;3;1;"CITROËN";"JUMPER II Bus";120;201507;201909;163;1997
"Kupplungssatz";479;116489;1;1;"KIA";"CEE'D (JD)";74;201507;201807;100;998
"Kupplungssatz";479;116490;1;1;"KIA";"CEE'D (JD)";88;201507;201807;120;998
"Kupplungssatz";479;116491;3;5;"KIA";"CEE'D (JD)";100;201507;201807;136;1582
"Kupplungssatz";479;116493;3;0;"KIA";"CEE'D Sportswagon (JD)";88;201507;201807;120;998
"Kupplungssatz";479;116503;12;5;"KIA";"CEE'D Sportswagon (JD)";100;201507;201807;136;1582
"Kupplungssatz";479;116507;1;5;"KIA";"PRO CEE'D (JD)";100;201507;201807;136;1582
"Kupplungssatz";479;116508;4;1;"PEUGEOT";"BOXER Bus";120;201507;201909;163;1997
"Kupplungssatz";479;116533;44;2;"NISSAN";"X-TRAIL III (T32_, T32R, T32RR)";120;201506;;163;1618
"Kupplungssatz";479;116536;1;8;"OPEL";"MOVANO B Bus (X62)";125;201507;;170;2298
"Kupplungssatz";479;116551;9;7;"FIAT";"DUCATO Bus (250_)";110;201504;;150;2287
"Kupplungssatz";479;116624;1;1;"BMW";"2 Active Tourer (F45)";100;201311;;136;1995
"Kupplungssatz";479;116633;2;1;"BMW";"X1 (F48)";100;201507;;136;1995
"Kupplungssatz";479;116637;1;1;"SEAT";"IBIZA IV ST (6J8, 6P8)";81;201509;201607;110;1197
"Kupplungssatz";479;116645;1;2;"BMW";"3 Touring (F31)";120;201303;201906;163;1995
"Kupplungssatz";479;116646;9;1;"BMW";"3 Touring (F31)";100;201211;201906;136;1995
"Kupplungssatz";479;116654;2;1;"BMW";"3 Gran Turismo (F34)";100;201303;201506;136;1995
"Kupplungssatz";479;116673;1;3;"BMW";"4 Gran Coupe (F36)";120;201403;202012;163;1995
"Kupplungssatz";479;116680;6;1;"BMW";"5 (F10)";120;201006;201610;163;1995
"Kupplungssatz";479;116681;1;2;"BMW";"5 Touring (F11)";120;201006;201702;163;1995
"Kupplungssatz";479;116691;1;2;"BMW";"5 Touring (F11)";100;201307;201702;136;1995
"Kupplungssatz";479;116702;6;2;"VW";"PASSAT ALLTRACK B8 Variant (3G5, CB5)";110;201505;201711;150;1968
"Kupplungssatz";479;116703;1;1;"VW";"PASSAT ALLTRACK B8 Variant (3G5, CB5)";140;201505;;190;1968
"Kupplungssatz";479;116704;5;1;"VW";"PASSAT ALLTRACK B8 Variant (3G5, CB5)";176;201505;;240;1968
"Kupplungssatz";479;116775;5;1;"BMW";"2 Active Tourer (F45)";75;201502;201802;102;1499
"Kupplungssatz";479;116792;4;2;"SMART";"FORTWO Cabriolet (453)";52;201509;;71;999
"Kupplungssatz";479;116794;3;2;"SMART";"FORTWO Cabriolet (453)";66;201509;;90;898
"Kupplungssatz";479;116873;2;1;"TOYOTA";"AYGO (_B4_)";60;201405;;82;1199
"Kupplungssatz";479;116936;1;1;"MERCEDES-BENZ";"C-CLASS Coupe (C205)";125;201510;201805;170;2143
"Kupplungssatz";479;116996;2;0;"TOYOTA";"HILUX VII Pick-up (_N1_, _N2_, _N3_)";145;200805;201212;197;2982
"Kupplungssatz";479;117015;4;2;"DACIA";"DOKKER Großraumlimousine (KE_)";75;201504;;102;1598
"Kupplungssatz";479;117016;5;2;"DACIA";"DOKKER Express Kasten/Großraumlimousine";75;201504;;102;1598
"Kupplungssatz";479;117017;6;2;"DACIA";"LODGY (JS_)";75;201504;;102;1598
"Kupplungssatz";479;117064;7;2;"VW";"BEETLE Cabriolet (5C7, 5C8)";77;201412;201907;105;1197
"Kupplungssatz";479;117077;3;1;"AUDI";"A4 B9 (8W2, 8WC)";110;201508;201911;150;1395
"Kupplungssatz";479;117078;1;2;"AUDI";"A4 B9 (8W2, 8WC)";140;201505;;190;1984
"Kupplungssatz";479;117081;1;2;"AUDI";"A4 B9 (8W2, 8WC)";140;201505;;190;1968
"Kupplungssatz";479;117083;12;2;"AUDI";"A4 B9 (8W2, 8WC)";110;201505;201911;150;1968
"Kupplungssatz";479;117087;1;2;"AUDI";"A4 B9 Avant (8W5, 8WD)";140;201508;;190;1984
"Kupplungssatz";479;117089;2;2;"AUDI";"A4 B9 Avant (8W5, 8WD)";140;201508;201809;190;1968
"Kupplungssatz";479;117091;28;2;"AUDI";"A4 B9 Avant (8W5, 8WD)";110;201508;201809;150;1968
"Kupplungssatz";479;117100;3;4;"FORD";"TRANSIT CONNECT Großraumlimousine";55;201508;;75;1499
"Kupplungssatz";479;117226;2;3;"HYUNDAI";"SANTA FÉ III (DM, DMA)";147;201510;;200;2199
"Kupplungssatz";479;117272;1;1;"BMW";"2 Coupe (F22, F87)";272;201511;201806;370;2979
"Kupplungssatz";479;117339;2;1;"PEUGEOT";"301";60;201412;;82;1199
"Kupplungssatz";479;117340;7;1;"CITROËN";"C-ELYSEE (DD_)";73;201411;;99;1560
"Kupplungssatz";479;117342;4;1;"CITROËN";"C-ELYSEE (DD_)";60;201412;;82;1199
"Kupplungssatz";479;117347;17;1;"KIA";"CEE'D (JD)";74;201504;201807;101;1368
"Kupplungssatz";479;117348;18;1;"KIA";"CEE'D Sportswagon (JD)";74;201504;201807;101;1368
"Kupplungssatz";479;117350;1;1;"KIA";"PRO CEE'D (JD)";74;201504;201807;101;1368
"Kupplungssatz";479;117382;4;1;"SEAT";"IBIZA IV SC (6J1, 6P5)";141;201511;201612;192;1798
"Kupplungssatz";479;117411;4;2;"LAND ROVER";"DISCOVERY SPORT (L550)";110;201508;;150;1999
"Kupplungssatz";479;117453;48;1;"SEAT";"ALHAMBRA (710, 711)";110;201505;;150;1395
"Kupplungssatz";479;117553;1;2;"LAND ROVER";"RANGE ROVER EVOQUE Cabriolet (L538)";110;201511;201912;150;1999
"Kupplungssatz";479;117554;1;2;"LAND ROVER";"RANGE ROVER EVOQUE Cabriolet (L538)";132;201511;201912;180;1999
"Kupplungssatz";479;117578;9;2;"MINI";"MINI Cabriolet (F57)";100;201411;;136;1499
"Kupplungssatz";479;117579;3;2;"MINI";"MINI Cabriolet (F57)";141;201411;;192;1998
"Kupplungssatz";479;117581;2;1;"MINI";"MINI CLUBMAN (F54)";75;201502;;102;1499
"Kupplungssatz";479;117583;5;1;"MINI";"MINI CLUBMAN (F54)";85;201502;;116;1496
"Kupplungssatz";479;117610;5;2;"BMW";"X1 (F48)";85;201411;;116;1496
"Kupplungssatz";479;117613;27;3;"VW";"TRANSPORTER T6 Pritsche/Fahrgestell (SFD, SFE, SFL, SFZ, SJD";110;201508;;150;1968
"Kupplungssatz";479;117636;2;1;"TOYOTA";"HILUX VIII Pritsche/Fahrgestell (_N1_)";110;201507;;150;2393
"Kupplungssatz";479;117640;4;1;"TOYOTA";"HILUX VIII Pritsche/Fahrgestell (_N1_)";110;201507;;150;2393
"Kupplungssatz";479;117710;1;1;"LADA";"VESTA (GFL_)";78;201511;;106;1597
"Kupplungssatz";479;117717;5;1;"OPEL";"ASTRA K (B16)";147;201511;;200;1598
"Kupplungssatz";479;117718;1;0;"OPEL";"ASTRA K Sports Tourer (B16)";74;201511;;100;1399
"Kupplungssatz";479;117719;26;2;"OPEL";"ASTRA K Sports Tourer (B16)";77;201511;;105;999
"Kupplungssatz";479;117720;74;3;"OPEL";"ASTRA K Sports Tourer (B16)";92;201511;;125;1399
"Kupplungssatz";479;117721;68;3;"OPEL";"ASTRA K Sports Tourer (B16)";110;201511;;150;1399
"Kupplungssatz";479;117722;7;2;"OPEL";"ASTRA K Sports Tourer (B16)";70;201511;;95;1598
"Kupplungssatz";479;117723;174;4;"OPEL";"ASTRA K Sports Tourer (B16)";81;201511;;110;1598
"Kupplungssatz";479;117724;4;1;"OPEL";"ASTRA K Sports Tourer (B16)";147;201511;;200;1598
"Kupplungssatz";479;117725;63;2;"OPEL";"ASTRA K Sports Tourer (B16)";100;201511;;136;1598
"Kupplungssatz";479;117726;10;2;"OPEL";"ASTRA K (B16)";118;201511;;160;1598
"Kupplungssatz";479;117727;30;2;"OPEL";"ASTRA K Sports Tourer (B16)";118;201511;;160;1598
"Kupplungssatz";479;117731;11;3;"VW";"CRAFTER 30-50 Kasten (2E_)";103;201511;201612;140;1968
"Kupplungssatz";479;117732;3;3;"VW";"CRAFTER 30-50 Pritsche/Fahrgestell (2F_)";103;201511;201612;140;1968
"Kupplungssatz";479;117762;14;0;"MITSUBISHI";"CARISMA Stufenheck (DA_)";60;200009;200410;82;1299
"Kupplungssatz";479;117766;1;0;"AUDI";"A6 Allroad C7 (4GH, 4GJ)";140;201511;201809;190;2967
"Kupplungssatz";479;117770;6;2;"SSANGYONG";"RODIUS II";131;201507;;178;2157
"Kupplungssatz";479;117771;1;2;"SSANGYONG";"RODIUS II";131;201507;;178;2157
"Kupplungssatz";479;117776;3;2;"SSANGYONG";"KORANDO (CK)";131;201507;;178;2157
"Kupplungssatz";479;117805;1;0;"NISSAN";"NP300 NAVARA Pick-up (D23, D23T)";140;201510;;190;2298
"Kupplungssatz";479;117809;1;1;"TOYOTA";"RAV 4 IV (_A4_)";105;201510;201811;143;1995
"Kupplungssatz";479;117811;7;4;"VW";"TOURAN (5T1)";81;201511;201907;110;1968
"Kupplungssatz";479;117828;1;0;"MERCEDES-BENZ";"SPRINTER 5-t Bus (B906)";120;200903;;163;2143
"Kupplungssatz";479;117830;2;6;"MERCEDES-BENZ";"SPRINTER 4,6-t Kasten (B906)";95;200606;201605;129;2143
"Kupplungssatz";479;117834;12;2;"DACIA";"LODGY (JS_)";75;201506;;102;1598
"Kupplungssatz";479;117835;11;5;"DACIA";"LODGY (JS_)";80;201506;;109;1461
"Kupplungssatz";479;117838;8;4;"RENAULT";"TALISMAN (LP_)";81;201511;;110;1461
"Kupplungssatz";479;117839;1;1;"RENAULT";"TALISMAN (LP_)";96;201511;;130;1598
"Kupplungssatz";479;117850;19;3;"RENAULT";"MEGANE IV Schrägheck (B9A/M/N_)";97;201511;;130;1197
"Kupplungssatz";479;117852;8;2;"RENAULT";"MEGANE IV Schrägheck (B9A/M/N_)";74;201511;;100;1197
"Kupplungssatz";479;117854;17;4;"RENAULT";"MEGANE IV Schrägheck (B9A/M/N_)";66;201511;;90;1461
"Kupplungssatz";479;117855;26;5;"RENAULT";"MEGANE IV Schrägheck (B9A/M/N_)";81;201511;;110;1461
"Kupplungssatz";479;117856;1;1;"RENAULT";"MEGANE IV Schrägheck (B9A/M/N_)";96;201511;;130;1598
"Kupplungssatz";479;117867;50;2;"FIAT";"TIPO Stufenheck (356_, 357_)";70;201510;202010;95;1368
"Kupplungssatz";479;117869;2;4;"FIAT";"TIPO Stufenheck (356_, 357_)";70;201510;202010;95;1248
"Kupplungssatz";479;117870;9;2;"FIAT";"TIPO Stufenheck (356_, 357_)";88;201510;202010;120;1598
"Kupplungssatz";479;117884;2;1;"VW";"TOURAN (5T1)";140;201511;201907;190;1968
"Kupplungssatz";479;117893;3;1;"CITROËN";"DS3 (SA_)";55;201503;201507;75;1560
"Kupplungssatz";479;117951;1;0;"VW";"CADDY IV Großraumlimousine (SAB, SAJ)";110;201511;202009;150;1968
"Kupplungssatz";479;117952;3;0;"VW";"CADDY IV Großraumlimousine (SAB, SAJ)";75;201511;202009;102;999
"Kupplungssatz";479;117954;1;2;"FIAT";"SCUDO Bus (270_, 272_)";66;201102;201603;90;1560
"Kupplungssatz";479;117955;7;2;"FIAT";"SCUDO Kasten (270_, 272_)";66;201102;201603;90;1560
"Kupplungssatz";479;117957;4;4;"VW";"CADDY IV Kasten/Großraumlimousine (SAA, SAH)";55;201511;201907;75;1968
"Kupplungssatz";479;117961;2;0;"VW";"CADDY IV Kasten/Großraumlimousine (SAA, SAH)";110;201511;202009;150;1968
"Kupplungssatz";479;117964;4;2;"HYUNDAI";"i30 Coupe";81;201511;;110;1582
"Kupplungssatz";479;117970;4;1;"HYUNDAI";"i30 Coupe";74;201412;;101;1368
"Kupplungssatz";479;117983;6;1;"FORD";"FOCUS III";257;201507;;350;2261
"Kupplungssatz";479;117986;1;2;"DACIA";"DOKKER Express Kasten/Großraumlimousine";85;201507;;116;1197
"Kupplungssatz";479;117995;4;6;"DACIA";"DUSTER Kasten/SUV";66;201104;;90;1461
"Kupplungssatz";479;117999;1;4;"DACIA";"DUSTER Kasten/SUV";80;201304;;109;1461
"Kupplungssatz";479;118000;3;3;"SEAT";"LEON (5F1)";213;201510;202008;290;1984
"Kupplungssatz";479;118003;4;1;"DS";"DS 3 (SA_)";60;201504;201907;82;1199
"Kupplungssatz";479;118004;3;2;"DS";"DS 3 (SA_)";81;201504;201907;110;1199
"Kupplungssatz";479;118006;2;1;"DS";"DS 3 (SA_)";73;201504;201907;99;1560
"Kupplungssatz";479;118007;4;4;"DS";"DS 3 (SA_)";88;201507;201907;120;1560
"Kupplungssatz";479;118008;1;2;"DS";"DS 3 Cabriolet (SB_)";81;201507;201907;110;1199
"Kupplungssatz";479;118012;3;3;"DS";"DS 4 / DS 4 CROSSBACK (NX_)";96;201507;201812;130;1199
"Kupplungssatz";479;118016;1;4;"DS";"DS 4 / DS 4 CROSSBACK (NX_)";110;201507;201812;150;1997
"Kupplungssatz";479;118023;39;5;"FORD";"KUGA II (DM2)";88;201601;201906;120;1499
"Kupplungssatz";479;118024;2;1;"AUDI";"A1 (8X1, 8XK)";60;201601;201810;82;999
"Kupplungssatz";479;118026;1;1;"AUDI";"A1 Sportback (8XA, 8XF)";60;201601;201810;82;999
"Kupplungssatz";479;118034;4;1;"AUDI";"A4 B9 Avant (8W5, 8WD)";110;201602;201910;150;1395
"Kupplungssatz";479;118107;2;3;"CITROËN";"BERLINGO Pritsche/Fahrgestell (B9)";73;201412;;99;1560
"Kupplungssatz";479;118109;1;0;"MERCEDES-BENZ";"VITO Tourer (W447)";155;201601;;211;1991
"Kupplungssatz";479;118124;3;2;"RENAULT";"SANDERO/STEPWAY II (B8_)";66;201509;;90;898
"Kupplungssatz";479;118189;1;2;"BMW";"4 Gran Coupe (F36)";165;201603;201802;224;1995
"Kupplungssatz";479;118415;2;1;"FORD";"KA+ III (UK, FK)";82;201509;201801;112;1499
"Kupplungssatz";479;118445;2;1;"FORD";"KA+ III Stufenheck (TK, FK)";82;201509;201801;112;1499
"Kupplungssatz";479;118482;1;1;"VW";"CADDY ALLTRACK Großraumlimousine (SAB)";62;201506;;84;1197
"Kupplungssatz";479;118485;2;0;"VW";"CADDY ALLTRACK Großraumlimousine (SAB)";55;201505;;75;1968
"Kupplungssatz";479;118486;14;1;"VW";"CADDY ALLTRACK Großraumlimousine (SAB)";75;201505;;102;1968
"Kupplungssatz";479;118487;5;5;"VW";"CADDY ALLTRACK Großraumlimousine (SAB)";90;201505;;122;1968
"Kupplungssatz";479;118494;3;5;"VW";"CADDY ALLTRACK Kasten/Großraumlimousine (SAA)";55;201505;;75;1968
"Kupplungssatz";479;118495;18;5;"VW";"CADDY ALLTRACK Kasten/Großraumlimousine (SAA)";75;201505;;102;1968
"Kupplungssatz";479;118496;4;5;"VW";"CADDY ALLTRACK Kasten/Großraumlimousine (SAA)";90;201505;;122;1968
"Kupplungssatz";479;118498;2;0;"VW";"CADDY ALLTRACK Kasten/Großraumlimousine (SAA)";110;201511;;150;1968
"Kupplungssatz";479;118509;2;2;"OPEL";"KARL (C16)";54;201502;201803;73;999
"Kupplungssatz";479;118529;2;4;"HYUNDAI";"i20 II (GB, IB)";88;201601;;120;998
"Kupplungssatz";479;118530;7;2;"HYUNDAI";"i20 II (GB, IB)";74;201601;;101;998
"Kupplungssatz";479;118533;165;3;"FORD";"TRANSIT CUSTOM V362 Kasten (FY, FZ)";77;201512;;105;1995
"Kupplungssatz";479;118534;162;3;"FORD";"TRANSIT CUSTOM V362 Kasten (FY, FZ)";96;201512;;130;1995
"Kupplungssatz";479;118535;23;3;"FORD";"TRANSIT CUSTOM V362 Kasten (FY, FZ)";125;201512;;170;1995
"Kupplungssatz";479;118536;37;3;"FORD";"TRANSIT CUSTOM V362 Bus (F3)";77;201512;;105;1995
"Kupplungssatz";479;118537;53;3;"FORD";"TRANSIT CUSTOM V362 Bus (F3)";96;201512;;130;1995
"Kupplungssatz";479;118538;16;3;"FORD";"TRANSIT CUSTOM V362 Bus (F3)";125;201512;;170;1995
"Kupplungssatz";479;118539;21;3;"FORD";"TOURNEO CUSTOM V362 Bus (F3)";77;201512;;105;1995
"Kupplungssatz";479;118540;24;3;"FORD";"TOURNEO CUSTOM V362 Bus (F3)";96;201512;;130;1995
"Kupplungssatz";479;118541;24;3;"FORD";"TOURNEO CUSTOM V362 Bus (F3)";125;201512;;170;1995
"Kupplungssatz";479;118542;7;1;"MAZDA";"3 (BM, BN)";77;201602;201905;105;1499
"Kupplungssatz";479;118543;1;1;"MAZDA";"3 Stufenheck (BM_, BN_)";77;201606;201905;105;1499
"Kupplungssatz";479;118550;1;5;"FIAT";"PANDA VAN (312_, 519_)";63;201207;;86;875
"Kupplungssatz";479;118553;1;2;"BMW";"3 Cabriolet (E93)";200;200703;201002;272;2996
"Kupplungssatz";479;118560;1;1;"RENAULT";"TALISMAN Grandtour (KP_)";147;201603;;200;1618
"Kupplungssatz";479;118561;7;4;"RENAULT";"TALISMAN Grandtour (KP_)";81;201603;;110;1461
"Kupplungssatz";479;118562;4;1;"RENAULT";"TALISMAN Grandtour (KP_)";96;201603;;130;1598
"Kupplungssatz";479;118578;2;0;"SUZUKI";"BALENO (FW, EW)";66;201602;;90;1242
"Kupplungssatz";479;118592;12;2;"KIA";"SPORTAGE IV (QL, QLE)";130;201509;;177;1591
"Kupplungssatz";479;118593;9;2;"KIA";"SPORTAGE IV (QL, QLE)";130;201509;;177;1591
"Kupplungssatz";479;118594;31;3;"KIA";"SPORTAGE IV (QL, QLE)";85;201509;;116;1685
"Kupplungssatz";479;118595;5;2;"KIA";"SPORTAGE IV (QL, QLE)";100;201509;;136;1995
"Kupplungssatz";479;118596;5;2;"KIA";"SPORTAGE IV (QL, QLE)";136;201509;;185;1995
"Kupplungssatz";479;118597;62;3;"KIA";"SPORTAGE IV (QL, QLE)";97;201509;;132;1591
"Kupplungssatz";479;118598;1;3;"DS";"DS 3 (SA_)";96;201509;201907;130;1199
"Kupplungssatz";479;118600;24;8;"RENAULT";"MASTER III Pritsche/Fahrgestell (EV, HV, UV)";120;201407;;163;2298
"Kupplungssatz";479;118609;3;4;"OPEL";"ANTARA A (L07)";125;201601;;170;1956
"Kupplungssatz";479;118620;3;2;"FORD";"ECOSPORT";103;201603;;140;998
"Kupplungssatz";479;118645;1;2;"VW";"GOLF VII (5G1, BQ1, BE1, BE2)";195;201602;201703;265;1984
"Kupplungssatz";479;118646;4;4;"VW";"TIGUAN (AD1, AX1)";132;201601;;180;1984
"Kupplungssatz";479;118647;72;3;"VW";"TIGUAN (AD1, AX1)";110;201601;;150;1968
"Kupplungssatz";479;118648;18;4;"VW";"TIGUAN (AD1, AX1)";110;201601;202007;150;1968
"Kupplungssatz";479;118671;2;0;"PIAGGIO";"PORTER Pritsche/Fahrgestell";52;201101;;71;1308
"Kupplungssatz";479;118672;1;0;"CITROËN";"NEMO Kasten/Großraumlimousine (AA_)";59;201602;;80;1248
"Kupplungssatz";479;118695;2;1;"PEUGEOT";"208 Kasten/Schrägheck (CR_)";50;201210;;68;1398
"Kupplungssatz";479;118697;2;1;"PEUGEOT";"208 Kasten/Schrägheck (CR_)";55;201504;;75;1560
"Kupplungssatz";479;118700;42;4;"KIA";"CARENS IV";104;201507;;141;1685
"Kupplungssatz";479;118701;5;4;"KIA";"OPTIMA (JF)";104;201511;;141;1685
"Kupplungssatz";479;118702;2;0;"PEUGEOT";"BIPPER TEPEE";59;201512;;80;1248
"Kupplungssatz";479;118703;3;2;"DACIA";"LOGAN MCV II";66;201509;;90;898
"Kupplungssatz";479;118704;7;2;"DACIA";"SANDERO II";66;201509;;90;898
"Kupplungssatz";479;118727;2;0;"CHEVROLET";"MATIZ (M200, M250)";46;200801;201312;62;995
"Kupplungssatz";479;118765;1;1;"VW";"LOAD UP (121, 122, BL1, BL2)";50;201412;202008;68;999
"Kupplungssatz";479;118766;17;1;"VW";"LOAD UP (121, 122, BL1, BL2)";44;201412;201911;60;999
"Kupplungssatz";479;118776;1;2;"HYUNDAI";"CRETA";94;201601;202101;128;1582
"Kupplungssatz";479;118777;1;2;"HYUNDAI";"CRETA";90;201601;202101;123;1591
"Kupplungssatz";479;118804;10;3;"RENAULT";"MASTER III Kasten (FV)";96;201203;;130;2298
"Kupplungssatz";479;118954;3;1;"BMW";"4 Gran Coupe (F36)";135;201603;;184;1998
"Kupplungssatz";479;118960;2;1;"BMW";"4 Cabriolet (F33, F83)";135;201603;;184;1998
"Kupplungssatz";479;118966;3;2;"CITROËN";"SPACETOURER Bus (V_)";85;201604;;115;1560
"Kupplungssatz";479;118967;11;6;"CITROËN";"SPACETOURER Bus (V_)";110;201604;;150;1997
"Kupplungssatz";479;118974;2;2;"FIAT";"FULLBACK Pick-up (502_, 503_)";113;201604;;154;2442
"Kupplungssatz";479;118975;4;2;"FIAT";"FULLBACK Pick-up (502_, 503_)";133;201604;;181;2442
"Kupplungssatz";479;118978;4;2;"KIA";"SPORTAGE IV (QL, QLE)";100;201509;;136;1995
"Kupplungssatz";479;119014;3;1;"MINI";"MINI Cabriolet (F57)";75;201506;201710;102;1198
"Kupplungssatz";479;119016;1;2;"HYUNDAI";"TUCSON (TL, TLE)";136;201506;202009;185;1995
"Kupplungssatz";479;119113;1;2;"MITSUBISHI";"L200 / TRITON (KJ_, KK_, KL_)";113;201509;;154;2442
"Kupplungssatz";479;119122;19;1;"HYUNDAI";"TUCSON (TL, TLE)";104;201506;202009;141;1685
"Kupplungssatz";479;119123;1;2;"HYUNDAI";"i20 II Coupe (GB)";74;201601;;101;998
"Kupplungssatz";479;119148;2;2;"AUDI";"A4 B9 (8W2, 8WC)";90;201605;201911;122;1968
"Kupplungssatz";479;119152;2;2;"AUDI";"A4 B9 Avant (8W5, 8WD)";90;201604;201809;122;1968
"Kupplungssatz";479;119193;3;1;"DACIA";"SANDERO";62;201005;201210;84;1598
"Kupplungssatz";479;119202;4;2;"PEUGEOT";"PARTNER TEPEE";81;201602;;110;1199
"Kupplungssatz";479;119222;1;1;"HYUNDAI";"i20 II (GB, IB)";61;201411;;83;1248
"Kupplungssatz";479;119278;21;8;"RENAULT";"MASTER III Pritsche/Fahrgestell (EV, HV, UV)";96;201203;;130;2298
"Kupplungssatz";479;119280;6;0;"SUZUKI";"GRAND VITARA II (JT, TE, TD)";95;200707;201002;129;1995
"Kupplungssatz";479;119329;25;2;"CITROËN";"BERLINGO MULTISPACE (B9)";81;201602;;110;1199
"Kupplungssatz";479;119333;1;0;"MITSUBISHI";"L200 (K7_T, K6_T, K5_T)";73;199707;200101;99;2477
"Kupplungssatz";479;119467;157;3;"FORD";"TRANSIT V363 Kasten (FCD, FDD)";96;201603;;130;1995
"Kupplungssatz";479;119468;50;3;"FORD";"TRANSIT V363 Kasten (FCD, FDD)";77;201603;;105;1995
"Kupplungssatz";479;119470;45;3;"FORD";"TRANSIT V363 Kasten (FCD, FDD)";125;201603;;170;1995
"Kupplungssatz";479;119471;3;5;"FORD";"TRANSIT V363 Kasten (FCD, FDD)";77;201603;;105;1995
"Kupplungssatz";479;119472;39;5;"FORD";"TRANSIT V363 Kasten (FCD, FDD)";96;201603;;130;1995
"Kupplungssatz";479;119473;33;5;"FORD";"TRANSIT V363 Kasten (FCD, FDD)";125;201603;;170;1995
"Kupplungssatz";479;119475;6;3;"FORD";"TRANSIT V363 Pritsche/Fahrgestell (FED, FFD)";77;201603;;105;1995
"Kupplungssatz";479;119476;40;3;"FORD";"TRANSIT V363 Pritsche/Fahrgestell (FED, FFD)";96;201603;;130;1995
"Kupplungssatz";479;119477;12;3;"FORD";"TRANSIT V363 Pritsche/Fahrgestell (FED, FFD)";125;201603;;170;1995
"Kupplungssatz";479;119478;1;5;"FORD";"TRANSIT V363 Pritsche/Fahrgestell (FED, FFD)";77;201603;;105;1995
"Kupplungssatz";479;119479;21;5;"FORD";"TRANSIT V363 Pritsche/Fahrgestell (FED, FFD)";96;201603;;130;1995
"Kupplungssatz";479;119480;17;5;"FORD";"TRANSIT V363 Pritsche/Fahrgestell (FED, FFD)";125;201603;;170;1995
"Kupplungssatz";479;119481;25;3;"FORD";"TRANSIT V363 Bus (FAD, FBD)";77;201603;;105;1995
"Kupplungssatz";479;119482;80;3;"FORD";"TRANSIT V363 Bus (FAD, FBD)";96;201603;;130;1995
"Kupplungssatz";479;119483;4;3;"FORD";"TRANSIT V363 Bus (FAD, FBD)";125;201603;;170;1995
"Kupplungssatz";479;119484;12;3;"CITROËN";"JUMPY III Kasten (V_)";70;201604;;95;1560
"Kupplungssatz";479;119485;12;2;"CITROËN";"JUMPY III Kasten (V_)";85;201604;;115;1560
"Kupplungssatz";479;119486;61;6;"CITROËN";"JUMPY III Kasten (V_)";90;201604;;122;1997
"Kupplungssatz";479;119487;16;6;"CITROËN";"JUMPY III Kasten (V_)";110;201604;;150;1997
"Kupplungssatz";479;119493;16;3;"RENAULT";"CAPTUR I (J5_, H5_)";87;201601;;118;1197
"Kupplungssatz";479;119495;2;3;"RENAULT";"CLIO IV (BH_)";87;201601;;118;1197
"Kupplungssatz";479;119503;2;1;"PEUGEOT";"TRAVELLER Bus (V_)";85;201604;;115;1560
"Kupplungssatz";479;119511;22;6;"PEUGEOT";"TRAVELLER Bus (V_)";110;201604;;150;1997
"Kupplungssatz";479;119512;2;0;"ABARTH";"124 Spider";125;201603;;170;1368
"Kupplungssatz";479;119514;1;0;"PEUGEOT";"207 (WA_, WC_)";52;201102;201512;70;1398
"Kupplungssatz";479;119515;13;7;"FIAT";"DUCATO Kasten (250_)";110;201512;;150;2287
"Kupplungssatz";479;119519;9;7;"FIAT";"DUCATO Pritsche/Fahrgestell (250_)";110;201512;;150;2287
"Kupplungssatz";479;119521;1;3;"FIAT";"DUCATO Pritsche/Fahrgestell (250_)";130;201512;;177;2287
"Kupplungssatz";479;119523;32;3;"FIAT";"DUCATO Kasten (250_)";130;201512;;177;2287
"Kupplungssatz";479;119540;2;1;"MAHINDRA";"KUV100 (K1)";61;201601;;83;1198
"Kupplungssatz";479;119576;8;3;"MERCEDES-BENZ";"SPRINTER 3-t Kasten (B906)";84;201604;;114;2143
"Kupplungssatz";479;119579;4;3;"MERCEDES-BENZ";"SPRINTER 3-t Kasten (B906)";105;201604;;143;2143
"Kupplungssatz";479;119580;5;3;"MERCEDES-BENZ";"SPRINTER 3-t Pritsche/Fahrgestell (B906)";105;201604;;143;2143
"Kupplungssatz";479;119589;10;1;"NISSAN";"CABSTAR E (TL_, VL_)";78;199810;200610;106;2953
"Kupplungssatz";479;119591;16;1;"NISSAN";"CABSTAR E (TL_, VL_)";88;199810;200610;120;2953
"Kupplungssatz";479;119597;7;1;"NISSAN";"CABSTAR E (TL_, VL_)";92;199810;200610;125;2953
"Kupplungssatz";479;119607;9;1;"NISSAN";"CABSTAR (F24M, F24W)";96;200609;201212;131;2488
"Kupplungssatz";479;119609;3;1;"NISSAN";"CABSTAR (F24M, F24W)";101;200609;201312;137;2953
"Kupplungssatz";479;119611;3;0;"NISSAN";"CABSTAR (F24M, F24W)";90;200609;201312;122;2488
"Kupplungssatz";479;119612;2;0;"NISSAN";"CABSTAR (F24M, F24W)";100;200609;201312;136;2488
"Kupplungssatz";479;119690;1;1;"VW";"TIGUAN (AD1, AX1)";140;201604;202007;190;1968
"Kupplungssatz";479;119695;14;2;"SEAT";"ATECA (KH7, KHP)";85;201605;;115;999
"Kupplungssatz";479;119696;7;2;"SEAT";"ATECA (KH7, KHP)";110;201606;;150;1395
"Kupplungssatz";479;119697;2;2;"SEAT";"ATECA (KH7, KHP)";110;201606;;150;1395
"Kupplungssatz";479;119698;3;3;"SEAT";"ATECA (KH7, KHP)";85;201604;;115;1598
"Kupplungssatz";479;119699;3;0;"NISSAN";"NT400 CABSTAR (F24M)";90;201401;;122;2488
"Kupplungssatz";479;119700;5;3;"SEAT";"ATECA (KH7, KHP)";110;201604;;150;1968
"Kupplungssatz";479;119701;7;2;"SEAT";"ATECA (KH7, KHP)";110;201604;;150;1968
"Kupplungssatz";479;119702;7;0;"SEAT";"ATECA (KH7, KHP)";140;201606;;190;1968
"Kupplungssatz";479;119703;5;0;"NISSAN";"NT400 CABSTAR (F24M)";100;201401;;136;2488
"Kupplungssatz";479;119766;8;1;"VW";"TIGUAN (AD1, AX1)";176;201605;202007;240;1968
"Kupplungssatz";479;119767;40;2;"VW";"TIGUAN (AD1, AX1)";92;201601;;125;1395
"Kupplungssatz";479;119768;24;2;"VW";"TIGUAN (AD1, AX1)";110;201605;;150;1395
"Kupplungssatz";479;119838;21;2;"FIAT";"TIPO Schrägheck (356_, 357_)";70;201603;202010;95;1368
"Kupplungssatz";479;119839;22;2;"FIAT";"TIPO Schrägheck (356_, 357_)";88;201603;202010;120;1598
"Kupplungssatz";479;119840;6;2;"FIAT";"TIPO Schrägheck (356_, 357_)";70;201603;202010;95;1248
"Kupplungssatz";479;119841;18;2;"FIAT";"TIPO Schrägheck (356_, 357_)";88;201603;202010;120;1368
"Kupplungssatz";479;119843;41;2;"FIAT";"TIPO Kombi (356_, 357_)";70;201603;202010;95;1368
"Kupplungssatz";479;119847;22;2;"FIAT";"TIPO Kombi (356_, 357_)";88;201603;202010;120;1598
"Kupplungssatz";479;119848;7;2;"FIAT";"TIPO Kombi (356_, 357_)";70;201603;202010;95;1248
"Kupplungssatz";479;119849;17;2;"FIAT";"TIPO Kombi (356_, 357_)";88;201603;202010;120;1368
"Kupplungssatz";479;119850;18;2;"FIAT";"DOBLO Cargo (263_)";88;201602;;120;1598
"Kupplungssatz";479;119851;1;2;"FIAT";"DOBLO Pritsche/Fahrgestell (263_)";88;201602;;120;1598
"Kupplungssatz";479;119852;17;2;"FIAT";"DOBLO Cargo (263_)";70;201603;;95;1248
"Kupplungssatz";479;119853;3;2;"FIAT";"DOBLO Bus (263_)";70;201603;;95;1248
"Kupplungssatz";479;119854;3;2;"FIAT";"DOBLO Cargo (263_)";59;201603;;80;1248
"Kupplungssatz";479;119855;1;2;"FIAT";"DOBLO Pritsche/Fahrgestell (263_)";70;201603;;95;1248
"Kupplungssatz";479;119856;1;2;"FIAT";"DOBLO Pritsche/Fahrgestell (263_)";59;201603;;80;1248
"Kupplungssatz";479;119865;3;0;"FIAT";"DOBLO Bus (263_)";74;201603;;100;1598
"Kupplungssatz";479;119876;7;0;"IVECO";"DAILY VI Kasten";85;201604;;116;2287
"Kupplungssatz";479;119877;14;1;"IVECO";"DAILY VI Kasten";100;201604;;136;2287
"Kupplungssatz";479;119878;12;1;"IVECO";"DAILY VI Kasten";115;201604;;156;2287
"Kupplungssatz";479;119880;2;0;"IVECO";"DAILY VI Kasten";110;201604;;150;2998
"Kupplungssatz";479;119881;8;2;"IVECO";"DAILY VI Kasten";132;201604;;180;2998
"Kupplungssatz";479;119888;2;2;"MERCEDES-BENZ";"SPRINTER 3,5-t Bus (B906)";84;201605;;114;2143
"Kupplungssatz";479;119889;8;0;"IVECO";"DAILY VI Pritsche/Fahrgestell";85;201604;;116;2287
"Kupplungssatz";479;119890;16;1;"IVECO";"DAILY VI Pritsche/Fahrgestell";100;201604;;136;2287
"Kupplungssatz";479;119891;12;1;"IVECO";"DAILY VI Pritsche/Fahrgestell";115;201604;;156;2287
"Kupplungssatz";479;119892;3;1;"IVECO";"DAILY VI Pritsche/Fahrgestell";110;201604;;150;2998
"Kupplungssatz";479;119893;5;0;"IVECO";"DAILY VI Pritsche/Fahrgestell";132;201604;;179;2998
"Kupplungssatz";479;119896;5;2;"MERCEDES-BENZ";"SPRINTER 3,5-t Bus (B906)";105;201605;;143;2143
"Kupplungssatz";479;119897;49;3;"MERCEDES-BENZ";"SPRINTER 3,5-t Kasten (B906)";105;201605;;143;2143
"Kupplungssatz";479;119898;6;3;"MERCEDES-BENZ";"SPRINTER 3,5-t Kasten (B906)";84;201605;;114;2143
"Kupplungssatz";479;119922;12;3;"MERCEDES-BENZ";"SPRINTER 3,5-t Pritsche/Fahrgestell (B906)";105;201605;;143;2143
"Kupplungssatz";479;119943;2;5;"FORD";"ECOSPORT";74;201505;;100;1499
"Kupplungssatz";479;119960;2;2;"AUDI";"Q2 (GAB, GAG)";110;201606;;150;1395
"Kupplungssatz";479;119962;5;2;"AUDI";"Q2 (GAB, GAG)";85;201610;202010;115;999
"Kupplungssatz";479;119964;8;2;"AUDI";"Q2 (GAB, GAG)";85;201606;201810;115;1598
"Kupplungssatz";479;119967;1;1;"AUDI";"Q2 (GAB, GAG)";140;201607;201808;190;1968
"Kupplungssatz";479;119985;1;1;"SMART";"FORTWO Cabriolet (453)";80;201607;;109;898
"Kupplungssatz";479;120075;5;3;"PEUGEOT";"EXPERT Kasten (V_)";70;201604;;95;1560
"Kupplungssatz";479;120076;13;2;"PEUGEOT";"EXPERT Kasten (V_)";85;201604;;115;1560
"Kupplungssatz";479;120077;100;6;"PEUGEOT";"EXPERT Kasten (V_)";90;201604;;122;1997
"Kupplungssatz";479;120078;26;6;"PEUGEOT";"EXPERT Kasten (V_)";110;201604;;150;1997
"Kupplungssatz";479;120080;5;1;"ABARTH";"500 / 595 / 695";107;201605;;145;1368
"Kupplungssatz";479;120081;6;1;"ABARTH";"500 / 595 / 695";121;201605;;165;1368
"Kupplungssatz";479;120121;1;1;"MERCEDES-BENZ";"C-CLASS Cabriolet (A205)";115;201606;;156;1595
"Kupplungssatz";479;120122;1;1;"MERCEDES-BENZ";"C-CLASS Cabriolet (A205)";135;201606;201805;184;1991
"Kupplungssatz";479;120178;1;1;"VW";"SHARAN (7N1, 7N2)";135;201605;;184;1968
"Kupplungssatz";479;120206;3;2;"SKODA";"OCTAVIA III (5E3, NL3, NR3)";85;201605;202010;115;999
"Kupplungssatz";479;120207;11;2;"SKODA";"OCTAVIA III Combi (5E5, 5E6)";85;201605;202010;115;999
"Kupplungssatz";479;120208;39;2;"VW";"TOURAN (5T1)";85;201605;;115;1598
"Kupplungssatz";479;120209;3;2;"VW";"TIGUAN (AD1, AX1)";110;201605;201807;150;1395
"Kupplungssatz";479;120210;6;3;"VW";"TIGUAN (AD1, AX1)";85;201605;201907;115;1968
"Kupplungssatz";479;120218;6;1;"HONDA";"JAZZ II (GD_, GE3, GE2)";61;200612;200810;83;1339
"Kupplungssatz";479;120222;3;3;"OPEL";"COMBO Kasten/Großraumlimousine (X12)";70;201603;;95;1248
"Kupplungssatz";479;120237;38;4;"RENAULT";"TRAFIC III Kasten (FG_)";70;201507;;95;1598
"Kupplungssatz";479;120239;34;4;"RENAULT";"TRAFIC III Kasten (FG_)";92;201507;;125;1598
"Kupplungssatz";479;120240;4;1;"BMW";"1 (F20)";135;201607;201906;184;1998
"Kupplungssatz";479;120241;14;4;"RENAULT";"TRAFIC III Kasten (FG_)";107;201507;;145;1598
"Kupplungssatz";479;120248;1;1;"BMW";"2 Coupe (F22, F87)";250;201509;;340;2998
"Kupplungssatz";479;120250;1;1;"BMW";"2 Cabriolet (F23)";135;201509;;184;1998
"Kupplungssatz";479;120259;4;2;"TOYOTA";"PROACE Kasten (MDZ_)";70;201602;;95;1560
"Kupplungssatz";479;120260;21;2;"TOYOTA";"PROACE Kasten (MDZ_)";85;201602;;116;1560
"Kupplungssatz";479;120261;8;6;"TOYOTA";"PROACE Kasten (MDZ_)";110;201602;;150;1997
"Kupplungssatz";479;120264;19;6;"TOYOTA";"PROACE Kasten (MDZ_)";90;201602;;122;1997
"Kupplungssatz";479;120272;5;2;"RENAULT";"MEGANE IV Grandtour (K9A/M/N_)";74;201604;;100;1197
"Kupplungssatz";479;120273;20;2;"RENAULT";"MEGANE IV Grandtour (K9A/M/N_)";97;201604;;130;1197
"Kupplungssatz";479;120274;2;1;"RENAULT";"MEGANE IV Grandtour (K9A/M/N_)";151;201604;;205;1618
"Kupplungssatz";479;120275;3;3;"RENAULT";"MEGANE IV Grandtour (K9A/M/N_)";66;201604;;90;1461
"Kupplungssatz";479;120276;34;4;"RENAULT";"MEGANE IV Grandtour (K9A/M/N_)";81;201604;;110;1461
"Kupplungssatz";479;120277;2;0;"RENAULT";"MEGANE IV Grandtour (K9A/M/N_)";96;201604;;130;1598
"Kupplungssatz";479;120298;1;1;"FIAT";"DOBLO Pritsche/Fahrgestell (263_)";88;201006;;120;1368
"Kupplungssatz";479;120328;3;2;"TOYOTA";"PROACE Bus (MDZ_)";85;201602;;116;1560
"Kupplungssatz";479;120331;18;6;"TOYOTA";"PROACE Bus (MDZ_)";110;201602;;150;1997
"Kupplungssatz";479;120359;1;1;"OPEL";"CORSA E (X15)";64;201511;;87;1398
"Kupplungssatz";479;120503;1;2;"FORD";"KA+ III (UK, FK)";51;201606;;70;1198
"Kupplungssatz";479;120504;14;2;"FORD";"KA+ III (UK, FK)";63;201606;;85;1196
"Kupplungssatz";479;120574;1;2;"SSANGYONG";"XLV SUV";94;201604;;128;1597
"Kupplungssatz";479;120595;5;1;"AUDI";"Q3 (8UB, 8UG)";92;201607;201810;125;1395
"Kupplungssatz";479;120596;48;2;"RENAULT";"TWINGO III (BCM_, BCA_)";51;201509;;69;999
"Kupplungssatz";479;120597;15;1;"CITROËN";"JUMPER II Kasten";81;201511;201909;110;1997
"Kupplungssatz";479;120598;42;1;"CITROËN";"JUMPER II Kasten";96;201511;201909;130;1997
"Kupplungssatz";479;120599;12;1;"CITROËN";"JUMPER II Kasten";120;201511;201909;163;1997
"Kupplungssatz";479;120602;11;1;"CITROËN";"JUMPER II Pritsche/Fahrgestell";96;201511;201909;130;1997
"Kupplungssatz";479;120603;5;1;"CITROËN";"JUMPER II Pritsche/Fahrgestell";120;201511;201909;163;1997
"Kupplungssatz";479;120604;2;1;"AUDI";"A3 (8V1, 8VK)";85;201607;201712;115;999
"Kupplungssatz";479;120605;14;2;"AUDI";"A3 Sportback (8VA, 8VF)";85;201607;202010;115;999
"Kupplungssatz";479;120606;5;1;"AUDI";"A3 Limousine (8VS, 8VM)";85;201607;202010;115;999
"Kupplungssatz";479;120608;1;3;"AUDI";"A3 Sportback (8VA, 8VF)";228;201606;202010;310;1984
"Kupplungssatz";479;120609;1;3;"AUDI";"A3 Limousine (8VS, 8VM)";228;201606;202010;310;1984
"Kupplungssatz";479;120629;1;3;"AUDI";"A3 Sportback (8VA, 8VF)";140;201605;202010;190;1984
"Kupplungssatz";479;120653;2;4;"FIAT";"TALENTO Bus (296_)";70;201606;;95;1598
"Kupplungssatz";479;120654;2;4;"FIAT";"TALENTO Kasten (296_)";85;201606;;115;1598
"Kupplungssatz";479;120655;3;4;"FIAT";"TALENTO Bus (296_)";92;201606;;125;1598
"Kupplungssatz";479;120656;6;4;"FIAT";"TALENTO Bus (296_)";107;201606;;145;1598
"Kupplungssatz";479;120661;7;4;"FIAT";"TALENTO Kasten (296_)";70;201606;;95;1598
"Kupplungssatz";479;120662;8;4;"FIAT";"TALENTO Kasten (296_)";89;201606;;121;1598
"Kupplungssatz";479;120663;13;4;"FIAT";"TALENTO Kasten (296_)";92;201606;;125;1598
"Kupplungssatz";479;120670;1;1;"TOYOTA";"COROLLA Stufenheck (_E18_, ZRE1_)";90;201306;201812;122;1598
"Kupplungssatz";479;120679;8;1;"HYUNDAI";"i10 I (PA)";50;200811;201312;68;1086
"Kupplungssatz";479;120682;1;2;"HYUNDAI";"ix35 (LM, EL, ELH)";116;201409;;158;1999
"Kupplungssatz";479;120695;1;1;"KIA";"SPORTAGE III (SL)";116;201411;;158;1999
"Kupplungssatz";479;120701;1;0;"KIA";"SOUL II (PS)";116;201607;;158;1999
"Kupplungssatz";479;120717;6;1;"VW";"UP! (121, 122, BL1, BL2, BL3, 123)";66;201605;201809;90;999
"Kupplungssatz";479;120718;4;1;"PEUGEOT";"BOXER Kasten";81;201507;201909;110;1997
"Kupplungssatz";479;120719;29;1;"PEUGEOT";"BOXER Kasten";96;201507;;130;1997
"Kupplungssatz";479;120720;12;1;"PEUGEOT";"BOXER Kasten";120;201507;201909;163;1997
"Kupplungssatz";479;120721;2;2;"FIAT";"TIPO Schrägheck (356_, 357_)";88;201605;202010;120;1368
"Kupplungssatz";479;120723;4;2;"FIAT";"TIPO Kombi (356_, 357_)";88;201605;202010;120;1368
"Kupplungssatz";479;120779;27;3;"VW";"TRANSPORTER T6 Pritsche/Fahrgestell (SFD, SFE, SFL, SFZ, SJD";110;201605;;150;1968
"Kupplungssatz";479;120803;1;1;"VW";"MULTIVAN T6 (SGF, SGM, SGN, SHM, SHN)";84;201605;201908;114;1968
"Kupplungssatz";479;120808;1;1;"VW";"TRANSPORTER T6 / CARAVELLE T6 Bus (SGB, SGJ, SHB, SHJ)";84;201605;201908;114;1968
"Kupplungssatz";479;120813;17;1;"VW";"TRANSPORTER T6 Kasten (SGA, SGH, SHA, SHH)";84;201605;201908;114;1968
"Kupplungssatz";479;120815;5;1;"VW";"TRANSPORTER T6 Pritsche/Fahrgestell (SFD, SFE, SFL, SFZ, SJD";84;201605;201911;114;1968
"Kupplungssatz";479;120845;1;1;"PEUGEOT";"BOXER Pritsche/Fahrgestell";81;201507;201909;110;1997
"Kupplungssatz";479;120846;8;1;"PEUGEOT";"BOXER Pritsche/Fahrgestell";96;201507;201909;130;1997
"Kupplungssatz";479;120847;5;1;"PEUGEOT";"BOXER Pritsche/Fahrgestell";120;201507;201909;163;1997
"Kupplungssatz";479;121091;14;1;"HYUNDAI";"i20 II Coupe (GB)";62;201505;;84;1248
"Kupplungssatz";479;121177;1;1;"VW";"POLO Van (6R)";55;201401;;75;999
"Kupplungssatz";479;121186;2;2;"VW";"POLO Van (6R)";55;201403;;75;1422
"Kupplungssatz";479;121188;2;3;"VW";"POLO Van (6R)";66;201402;;90;1422
"Kupplungssatz";479;121220;6;0;"TOYOTA";"C-HR (_X1_)";85;201610;;116;1197
"Kupplungssatz";479;121226;6;4;"FORD";"TRANSIT CONNECT V408 Kasten/Großraumlimousine";55;201508;;75;1499
"Kupplungssatz";479;121229;1;2;"SUZUKI";"VITARA (LY)";86;201505;;117;1586
"Kupplungssatz";479;121230;1;2;"SUZUKI";"VITARA (LY)";86;201505;;117;1586
"Kupplungssatz";479;121235;6;1;"ABARTH";"500C / 595C / 695C";121;201605;;165;1368
"Kupplungssatz";479;121241;1;4;"FORD";"FOCUS III Kasten/Schrägheck";77;201409;;105;1499
"Kupplungssatz";479;121242;4;4;"FORD";"FOCUS III Kasten/Schrägheck";88;201409;;120;1499
"Kupplungssatz";479;121243;2;3;"FORD";"FOCUS III Kasten/Schrägheck";110;201411;;150;1997
"Kupplungssatz";479;121442;1;2;"FIAT";"TIPO Stufenheck (356_, 357_)";88;201605;202010;120;1368
"Kupplungssatz";479;121587;1;0;"SUZUKI";"SX4 S-CROSS (JY)";103;201608;;140;1373
"Kupplungssatz";479;121645;1;5;"RENAULT";"CLIO IV Grandtour (KH_)";81;201606;;110;1461
"Kupplungssatz";479;121646;6;2;"PEUGEOT";"3008 SUV (MC_, MR_, MJ_, M4_)";88;201605;;120;1560
"Kupplungssatz";479;121648;11;3;"PEUGEOT";"3008 SUV (MC_, MR_, MJ_, M4_)";110;201605;202009;150;1997
"Kupplungssatz";479;121650;20;5;"PEUGEOT";"3008 SUV (MC_, MR_, MJ_, M4_)";96;201605;;131;1199
"Kupplungssatz";479;121722;2;0;"RENAULT";"MEGANE III Schrägheck (BZ0/1_, B3_)";85;201301;;116;1598
"Kupplungssatz";479;121750;2;0;"DAIHATSU";"TERIOS (J1_)";62;199705;199912;84;1296
"Kupplungssatz";479;121778;23;8;"RENAULT";"MASTER III Pritsche/Fahrgestell (EV, HV, UV)";125;201606;;170;2298
"Kupplungssatz";479;121779;75;10;"RENAULT";"MASTER III Kasten (FV)";96;201606;;130;2298
"Kupplungssatz";479;121960;15;4;"OPEL";"VIVARO B Kasten (X82)";70;201603;201912;95;1598
"Kupplungssatz";479;121962;29;4;"OPEL";"VIVARO B Kasten (X82)";92;201603;201912;125;1598
"Kupplungssatz";479;121963;8;4;"OPEL";"VIVARO B Kasten (X82)";107;201603;201912;146;1598
"Kupplungssatz";479;121967;1;0;"BMW";"3 (E46)";100;200109;200502;136;1995
"Kupplungssatz";479;121982;1;1;"CITROËN";"C3 III (SX)";50;201607;;68;1199
"Kupplungssatz";479;122006;12;4;"KIA";"OPTIMA Sportswagon (JF)";104;201609;;141;1685
"Kupplungssatz";479;122007;6;3;"VW";"TIGUAN (AD1, AX1)";85;201605;202006;115;1598
"Kupplungssatz";479;122065;1;1;"PEUGEOT";"208 I (CA_, CC_)";60;201506;;82;1199
"Kupplungssatz";479;122096;1;1;"HYUNDAI";"i20 II (GB, IB)";61;201411;;83;1197
"Kupplungssatz";479;122102;1;1;"CITROËN";"BERLINGO MULTISPACE (B9)";84;201202;;114;1560
"Kupplungssatz";479;122103;1;1;"CITROËN";"BERLINGO Kasten/Großraumlimousine (B9)";55;201202;;75;1560
"Kupplungssatz";479;122104;1;2;"CITROËN";"BERLINGO Kasten/Großraumlimousine (B9)";66;201202;;90;1560
"Kupplungssatz";479;122129;16;8;"RENAULT";"MASTER III Kasten (FV)";125;201507;;170;2298
"Kupplungssatz";479;122130;4;5;"RENAULT";"CLIO IV (BH_)";81;201606;;110;1461
"Kupplungssatz";479;122135;7;2;"RENAULT";"SCÉNIC IV (J9_)";96;201609;;130;1197
"Kupplungssatz";479;122136;6;2;"RENAULT";"GRAND SCÉNIC IV (R9_)";96;201609;;130;1198
"Kupplungssatz";479;122138;9;2;"RENAULT";"SCÉNIC IV (J9_)";85;201609;;115;1198
"Kupplungssatz";479;122139;1;2;"RENAULT";"GRAND SCÉNIC IV (R9_)";85;201609;;115;1198
"Kupplungssatz";479;122140;1;2;"RENAULT";"SCÉNIC IV (J9_)";70;201609;;95;1461
"Kupplungssatz";479;122141;8;3;"RENAULT";"SCÉNIC IV (J9_)";81;201609;;110;1461
"Kupplungssatz";479;122142;5;2;"HYUNDAI";"i20 ACTIVE (IB, GB)";74;201509;;101;998
"Kupplungssatz";479;122143;10;3;"RENAULT";"GRAND SCÉNIC IV (R9_)";81;201609;;110;1461
"Kupplungssatz";479;122144;3;3;"RENAULT";"SCÉNIC IV (J9_)";96;201609;;130;1598
"Kupplungssatz";479;122145;1;4;"HYUNDAI";"i20 ACTIVE (IB, GB)";88;201509;;120;998
"Kupplungssatz";479;122147;6;3;"RENAULT";"GRAND SCÉNIC IV (R9_)";96;201609;;130;1598
"Kupplungssatz";479;122149;1;1;"RENAULT";"SCÉNIC IV (J9_)";118;201609;;160;1598
"Kupplungssatz";479;122150;1;3;"HYUNDAI";"i20 ACTIVE (IB, GB)";66;201509;;90;1396
"Kupplungssatz";479;122182;1;1;"HYUNDAI";"ELANTRA VI Stufenheck (AD, ADA)";100;201602;;136;1582
"Kupplungssatz";479;122220;2;1;"KIA";"RIO III (UB)";51;201109;201712;69;1248
"Kupplungssatz";479;122249;3;1;"HYUNDAI";"i20 ACTIVE (IB, GB)";74;201509;;101;1368
"Kupplungssatz";479;122417;1;2;"NISSAN";"MICRA IV (K13K)";58;201005;;79;1198
"Kupplungssatz";479;122425;1;0;"PEUGEOT";"PARTNER Pritsche/Fahrgestell (5_, G_)";51;199901;200807;69;1868
"Kupplungssatz";479;122430;2;4;"PEUGEOT";"3008 Großraumlimousine (0U_)";85;201302;201608;116;1560
"Kupplungssatz";479;122436;1;0;"TOYOTA";"HILUX VII Pick-up (_N1_, _N2_, _N3_)";65;200508;200610;88;2494
"Kupplungssatz";479;122438;1;0;"FIAT";"SCUDO Pritsche/Fahrgestell (220_)";69;199910;200612;94;1997
"Kupplungssatz";479;122439;9;8;"NISSAN";"NV400 Kasten (X62, X62B)";96;201609;;130;2299
"Kupplungssatz";479;122441;1;8;"NISSAN";"NV400 Kasten (X62, X62B)";125;201609;;170;2299
"Kupplungssatz";479;122443;1;8;"NISSAN";"NV400 Pritsche/Fahrgestell (X62, X62B)";96;201606;;130;2299
"Kupplungssatz";479;122445;1;3;"NISSAN";"NV400 Pritsche/Fahrgestell (X62, X62B)";96;201606;;130;2299
"Kupplungssatz";479;122450;3;8;"NISSAN";"NV400 Pritsche/Fahrgestell (X62, X62B)";125;201606;;170;2299
"Kupplungssatz";479;122458;8;4;"NISSAN";"NV300 Kasten (X82)";89;201609;;121;1598
"Kupplungssatz";479;122459;5;4;"NISSAN";"NV300 Kasten (X82)";92;201609;;125;1598
"Kupplungssatz";479;122462;4;4;"NISSAN";"NV300 Kasten (X82)";107;201609;;146;1598
"Kupplungssatz";479;122481;4;4;"NISSAN";"NV300 Kombi (X82)";92;201609;;125;1598
"Kupplungssatz";479;122486;5;4;"NISSAN";"NV300 Kombi (X82)";107;201609;;145;1598
"Kupplungssatz";479;122487;3;3;"DACIA";"LODGY (JS_)";81;201203;;110;1461
"Kupplungssatz";479;122488;2;1;"CITROËN";"C3 Pluriel (HB_)";55;200307;;75;1360
"Kupplungssatz";479;122614;3;2;"CITROËN";"JUMPY III Bus (V_)";85;201604;;115;1560
"Kupplungssatz";479;122624;5;5;"CITROËN";"JUMPY III Bus (V_)";110;201604;;150;1997
"Kupplungssatz";479;122662;3;5;"OPEL";"ASTRA H CLASSIC Schrägheck (A04)";85;200901;;116;1598
"Kupplungssatz";479;122714;7;0;"SUZUKI";"GRAND VITARA II (JT, TE, TD)";95;200603;200808;129;1870
"Kupplungssatz";479;122732;16;4;"FORD";"KUGA II (DM2)";88;201607;201906;120;1499
"Kupplungssatz";479;122843;2;1;"VW";"AMAROK (2HA, 2HB, S1B, S6B, S7A, S7B)";150;201606;;204;2967
"Kupplungssatz";479;122890;82;0;"SUZUKI";"IGNIS III (MF, FF)";66;201610;;90;1242
"Kupplungssatz";479;122891;50;0;"SUZUKI";"IGNIS III (MF, FF)";66;201610;;90;1242
"Kupplungssatz";479;122893;3;0;"SUZUKI";"IGNIS III (MF, FF)";66;201610;;90;1242
"Kupplungssatz";479;122967;26;1;"CITROËN";"C3 III (SX)";60;201607;;82;1199
"Kupplungssatz";479;122968;11;4;"CITROËN";"C3 III (SX)";81;201607;;110;1199
"Kupplungssatz";479;122970;8;1;"CITROËN";"C3 III (SX)";55;201607;;75;1560
"Kupplungssatz";479;122973;7;1;"CITROËN";"C3 III (SX)";73;201607;;99;1560
"Kupplungssatz";479;123018;2;0;"SUZUKI";"SWIFT IV (FZ, NZ)";63;201301;;86;1197
"Kupplungssatz";479;123031;3;5;"FORD";"TRANSIT V363 Pritsche/Fahrgestell (FED, FFD)";96;201701;;130;1995
"Kupplungssatz";479;123032;4;5;"FORD";"TRANSIT V363 Pritsche/Fahrgestell (FED, FFD)";125;201701;;170;1995
"Kupplungssatz";479;123043;2;3;"FORD";"TRANSIT V363 Kasten (FCD, FDD)";96;201701;;130;1995
"Kupplungssatz";479;123044;7;3;"FORD";"TRANSIT V363 Kasten (FCD, FDD)";125;201701;;170;1995
"Kupplungssatz";479;123048;4;5;"OPEL";"ASTRA H CLASSIC Kombi (A04)";85;200612;201405;116;1598
"Kupplungssatz";479;123049;1;3;"OPEL";"ASTRA H CLASSIC Kombi (A04)";81;200901;;110;1686
"Kupplungssatz";479;123114;2;2;"AUDI";"A5 Sportback (F5A, F5F)";140;201609;;190;1968
"Kupplungssatz";479;123145;7;1;"NISSAN";"NT400 CABSTAR (F24M)";96;201609;;130;2953
"Kupplungssatz";479;123182;2;8;"NISSAN";"PRIMASTAR Pritsche/Fahrgestell (X83)";99;200207;200608;135;2463
"Kupplungssatz";479;123227;13;3;"RENAULT";"MASTER III Pritsche/Fahrgestell (EV, HV, UV)";96;201607;;130;2298
"Kupplungssatz";479;123315;1;0;"VW";"GOLF II Van (19E, 1G1)";40;198308;199107;54;1588
"Kupplungssatz";479;123345;4;1;"BMW";"5 (G30, F90)";140;201609;;190;1995
"Kupplungssatz";479;123350;3;2;"MINI";"MINI COUNTRYMAN (F60)";100;201610;;136;1499
"Kupplungssatz";479;123359;12;8;"OPEL";"MOVANO B Pritsche/Fahrgestell (X62)";125;201611;;170;2298
"Kupplungssatz";479;123360;11;8;"OPEL";"MOVANO B Pritsche/Fahrgestell (X62)";96;201611;;131;2298
"Kupplungssatz";479;123361;6;3;"OPEL";"MOVANO B Pritsche/Fahrgestell (X62)";96;201611;;131;2298
"Kupplungssatz";479;123362;2;1;"MINI";"MINI COUNTRYMAN (F60)";110;201610;;150;1995
"Kupplungssatz";479;123363;7;8;"OPEL";"MOVANO B Kasten (X62)";125;201611;;170;2298
"Kupplungssatz";479;123365;17;8;"OPEL";"MOVANO B Kasten (X62)";96;201611;;131;2298
"Kupplungssatz";479;123366;1;3;"OPEL";"MOVANO B Kasten (X62)";96;201611;;131;2298
"Kupplungssatz";479;123367;16;5;"OPEL";"ZAFIRA TOURER C (P12)";99;201611;;134;1598
"Kupplungssatz";479;123387;2;0;"AUDI";"Q5 (FYB, FYG)";140;201606;201808;190;1968
"Kupplungssatz";479;123395;2;2;"FIAT";"TIPO Stufenheck (356_, 357_)";84;201609;202010;114;1598
"Kupplungssatz";479;123396;1;2;"FIAT";"TIPO Schrägheck (356_, 357_)";84;201609;202010;114;1598
"Kupplungssatz";479;123422;1;2;"SKODA";"KODIAQ (NS7, NV7, NS6)";92;201610;;125;1395
"Kupplungssatz";479;123424;4;2;"SKODA";"KODIAQ (NS7, NV7, NS6)";110;201610;;150;1395
"Kupplungssatz";479;123425;1;1;"SKODA";"KODIAQ (NS7, NV7, NS6)";132;201610;;180;1984
"Kupplungssatz";479;123426;10;3;"SKODA";"KODIAQ (NS7, NV7, NS6)";110;201610;;150;1968
"Kupplungssatz";479;123427;2;1;"SKODA";"KODIAQ (NS7, NV7, NS6)";140;201610;;190;1968
"Kupplungssatz";479;123431;3;4;"OPEL";"VIVARO B Pritsche/Fahrgestell (X82)";92;201611;201912;125;1598
"Kupplungssatz";479;123432;1;4;"OPEL";"VIVARO B Pritsche/Fahrgestell (X82)";107;201611;201912;146;1598
"Kupplungssatz";479;123447;6;8;"RENAULT";"MASTER III Pritsche/Fahrgestell (EV, HV, UV)";100;201407;;136;2298
"Kupplungssatz";479;123511;1;0;"MAZDA";"2 (DE_, DH_)";67;200707;201411;91;1349
"Kupplungssatz";479;123531;11;2;"VW";"CRAFTER Kasten (SY_, SX_)";75;201610;;102;1968
"Kupplungssatz";479;123535;115;2;"VW";"CRAFTER Kasten (SY_, SX_)";103;201609;;140;1968
"Kupplungssatz";479;123537;37;2;"VW";"CRAFTER Kasten (SY_, SX_)";130;201609;;177;1968
"Kupplungssatz";479;123538;1;2;"VW";"CRAFTER Pritsche/Fahrgestell (SZ_)";75;201611;;102;1968
"Kupplungssatz";479;123539;3;2;"VW";"CRAFTER Pritsche/Fahrgestell (SZ_)";103;201611;;140;1968
"Kupplungssatz";479;123540;13;2;"VW";"CRAFTER Pritsche/Fahrgestell (SZ_)";130;201611;;177;1968
"Kupplungssatz";479;123614;1;0;"MITSUBISHI";"MIRAGE / SPACE STAR VI Schrägheck (A0_A)";51;201205;;69;999
"Kupplungssatz";479;123760;3;1;"TOYOTA";"COROLLA (_E11_)";81;199704;200002;110;1587
"Kupplungssatz";479;123822;1;1;"BMW";"5 (G30, F90)";120;201609;;163;1995
"Kupplungssatz";479;123826;8;2;"NISSAN";"MICRA V (K14)";66;201612;;90;898
"Kupplungssatz";479;123827;1;3;"KIA";"SPORTAGE IV (QL, QLE)";104;201611;;141;1685
"Kupplungssatz";479;123836;6;2;"NISSAN";"MICRA V (K14)";66;201612;;90;1461
"Kupplungssatz";479;123883;3;2;"NISSAN";"MICRA III (K12)";66;200701;201006;90;1240
"Kupplungssatz";479;123934;5;2;"SKODA";"KODIAQ (NS7, NV7, NS6)";110;201610;;150;1968
"Kupplungssatz";479;123944;1;2;"NISSAN";"NOTE (E12)";58;201306;;79;1198
"Kupplungssatz";479;123958;1;2;"NISSAN";"MICRA III (K12)";59;200210;201006;80;1240
"Kupplungssatz";479;123961;1;0;"NISSAN";"ALMERA (N17)";73;201201;;99;1498
"Kupplungssatz";479;123999;1;1;"VOLVO";"V90 II Kombi (235)";110;201603;201808;150;1969
"Kupplungssatz";479;124051;7;2;"SEAT";"LEON ST (5F8)";85;201611;202008;115;1598
"Kupplungssatz";479;124116;17;0;"SUZUKI";"SWIFT III (MZ, EZ)";67;200502;201506;91;1328
"Kupplungssatz";479;124173;5;0;"DACIA";"LOGAN MCV (KS_)";62;201005;;84;1598
"Kupplungssatz";479;124225;5;2;"VW";"GOLF SPORTSVAN VII (AM1, AN1)";85;201611;202008;115;1598
"Kupplungssatz";479;124234;1;0;"RENAULT";"FLUENCE (L3_)";78;201002;;106;1598
"Kupplungssatz";479;124239;27;1;"VW";"GOLF VII (5G1, BQ1, BE1, BE2)";81;201611;202008;110;999
"Kupplungssatz";479;124240;51;2;"VW";"GOLF VII (5G1, BQ1, BE1, BE2)";85;201611;202008;115;1598
"Kupplungssatz";479;124242;8;2;"VW";"GOLF VII Variant (BA5, BV5)";81;201611;202008;110;999
"Kupplungssatz";479;124243;47;2;"VW";"GOLF VII Variant (BA5, BV5)";85;201611;202008;115;1598
"Kupplungssatz";479;124320;2;3;"RENAULT";"TWINGO III (BCM_, BCA_)";80;201611;;109;898
"Kupplungssatz";479;124632;1;1;"TOYOTA";"YARIS (_P1_)";65;199909;200501;88;1298
"Kupplungssatz";479;124634;1;2;"TOYOTA";"YARIS (_P9_)";52;200511;201011;71;998
"Kupplungssatz";479;124738;1;4;"RENAULT";"DOKKER";66;201312;;90;1461
"Kupplungssatz";479;124783;1;3;"FORD";"MONDEO V Stufenheck (CD)";88;201503;;120;1499
"Kupplungssatz";479;124784;4;3;"FORD";"MONDEO V Stufenheck (CD)";110;201409;;150;1998
"Kupplungssatz";479;124833;2;3;"HYUNDAI";"i30 (PDE, PD, PDEN)";100;201611;;136;1582
"Kupplungssatz";479;124834;2;3;"HYUNDAI";"i30 (PDE, PD, PDEN)";88;201611;;120;998
"Kupplungssatz";479;124837;1;3;"HYUNDAI";"i30 (PDE, PD, PDEN)";70;201611;;95;1582
"Kupplungssatz";479;124839;9;3;"HYUNDAI";"i30 (PDE, PD, PDEN)";81;201611;;110;1582
"Kupplungssatz";479;124859;1;2;"AUDI";"A4 Allroad B9 (8WH, 8WJ)";110;201611;201910;150;1968
"Kupplungssatz";479;124874;12;4;"RENAULT";"CLIO IV Kasten/Schrägheck (BH_)";55;201401;;75;1461
"Kupplungssatz";479;124875;1;5;"RENAULT";"CLIO IV Kasten/Schrägheck (BH_)";66;201401;;90;1461
"Kupplungssatz";479;124913;1;1;"DACIA";"LOGAN MCV II";62;201306;;84;1598
"Kupplungssatz";479;124914;6;1;"DACIA";"LOGAN II";66;201509;;90;898
"Kupplungssatz";479;124945;11;5;"PEUGEOT";"5008 II (MC_, MJ_, MR_, M4_)";96;201612;;131;1199
"Kupplungssatz";479;124950;4;2;"PEUGEOT";"5008 II (MC_, MJ_, MR_, M4_)";88;201612;;120;1560
"Kupplungssatz";479;124952;10;3;"PEUGEOT";"5008 II (MC_, MJ_, MR_, M4_)";110;201612;;150;1997
"Kupplungssatz";479;124975;2;0;"RENAULT";"CLIO III Kasten/Schrägheck (SB_, SR_)";55;200511;201412;75;1149
"Kupplungssatz";479;125056;1;0;"MAZDA";"MX-5 RF Targa (ND)";118;201612;;160;1998
"Kupplungssatz";479;125092;3;2;"VW";"CRAFTER Bus (SYI, SYJ)";75;201610;;102;1968
"Kupplungssatz";479;125093;2;2;"VW";"CRAFTER Bus (SYI, SYJ)";103;201609;;140;1968
"Kupplungssatz";479;125133;1;1;"PEUGEOT";"EXPERT Pritsche/Fahrgestell (V_)";70;201609;;95;1560
"Kupplungssatz";479;125134;4;3;"PEUGEOT";"EXPERT Pritsche/Fahrgestell (V_)";90;201609;;122;1997
"Kupplungssatz";479;125135;4;3;"PEUGEOT";"EXPERT Pritsche/Fahrgestell (V_)";110;201609;;150;1997
"Kupplungssatz";479;125183;2;2;"AUDI";"Q5 (FYB, FYG)";110;201701;202011;150;1968
"Kupplungssatz";479;125202;1;0;"TOYOTA";"DYNA Pritsche/Fahrgestell (_U_, _Y_)";60;197708;198410;82;2977
"Kupplungssatz";479;125213;2;3;"CITROËN";"JUMPY III Pritsche/Fahrgestell (V_)";90;201609;;122;1997
"Kupplungssatz";479;125321;4;1;"RENAULT";"CLIO IV (BH_)";54;201211;201506;73;1149
"Kupplungssatz";479;125345;1;0;"BMW";"5 (G30, F90)";185;201703;202006;252;1998
"Kupplungssatz";479;125350;8;2;"NISSAN";"X-TRAIL III (T32_, T32R, T32RR)";130;201610;;177;1995
"Kupplungssatz";479;125488;1;0;"TOYOTA";"HILUX V Pick-up (_N_, KZN1_, VZN1_)";55;199409;199707;75;2446
"Kupplungssatz";479;125703;3;2;"SEAT";"LEON (5F1)";221;201701;201808;300;1984
"Kupplungssatz";479;125718;1;2;"SEAT";"LEON SC (5F5)";221;201701;201808;300;1984
"Kupplungssatz";479;125719;1;2;"SEAT";"LEON ST (5F8)";221;201611;201808;300;1984
"Kupplungssatz";479;125769;11;0;"NISSAN";"NAVARA (D21)";62;198511;199701;84;1595
"Kupplungssatz";479;125790;1;0;"ISUZU";"KB";66;198804;198812;90;2254
"Kupplungssatz";479;125839;27;1;"KIA";"RIO IV (YB, SC, FB)";62;201701;;84;1248
"Kupplungssatz";479;125840;5;1;"KIA";"RIO IV (YB, SC, FB)";73;201701;;99;1368
"Kupplungssatz";479;125841;2;4;"KIA";"RIO IV (YB, SC, FB)";74;201701;;101;998
"Kupplungssatz";479;125842;2;4;"KIA";"RIO IV (YB, SC, FB)";88;201701;;120;998
"Kupplungssatz";479;125865;2;0;"NISSAN";"TIIDA Stufenheck (SC11)";80;200605;201306;109;1598
"Kupplungssatz";479;125943;7;3;"VW";"GOLF VII (5G1, BQ1, BE1, BE2)";228;201612;202008;310;1984
"Kupplungssatz";479;125992;10;2;"RENAULT";"KADJAR (HA_, HL_)";120;201611;;163;1618
"Kupplungssatz";479;125997;11;1;"VW";"GOLF VII (5G1, BQ1, BE1, BE2)";63;201701;201907;86;999
"Kupplungssatz";479;126000;20;2;"SKODA";"OCTAVIA III (5E3, NL3, NR3)";85;201702;202010;115;1598
"Kupplungssatz";479;126001;21;2;"SKODA";"OCTAVIA III Combi (5E5, 5E6)";85;201702;202010;115;1598
"Kupplungssatz";479;126003;4;3;"SKODA";"OCTAVIA III Combi (5E5, 5E6)";180;201702;202010;245;1984
"Kupplungssatz";479;126004;1;0;"IVECO";"DAILY VI Pritsche/Fahrgestell";132;201604;;180;2998
"Kupplungssatz";479;126007;16;3;"VW";"GOLF VII (5G1, BQ1, BE1, BE2)";180;201703;202008;245;1984
"Kupplungssatz";479;126010;2;0;"BMW";"3 Cabriolet (E46)";100;200012;200608;136;1995
"Kupplungssatz";479;126055;1;0;"ISUZU";"D-MAX II (TFR, TFS)";120;201703;;163;1898
"Kupplungssatz";479;126060;3;3;"PEUGEOT";"PARTNER TEPEE";73;201504;;100;1560
"Kupplungssatz";479;126079;2;1;"AUDI";"A3 (8V1, 8VK)";85;201702;202010;115;1598
"Kupplungssatz";479;126081;10;2;"AUDI";"A3 Sportback (8VA, 8VF)";85;201702;202010;115;1598
"Kupplungssatz";479;126082;2;1;"AUDI";"A3 Limousine (8VS, 8VM)";85;201703;202010;115;1598
"Kupplungssatz";479;126186;2;2;"RENAULT";"CLIO IV (BH_)";66;201606;;90;898
"Kupplungssatz";479;126188;1;2;"PEUGEOT";"3008 SUV (MC_, MR_, MJ_, M4_)";85;201611;201912;116;1560
"Kupplungssatz";479;126214;13;2;"DACIA";"SANDERO II";54;201612;;73;998
"Kupplungssatz";479;126215;10;2;"DACIA";"LOGAN MCV II";54;201612;;73;998
"Kupplungssatz";479;126219;3;1;"NISSAN";"PRIMASTAR Bus (X83)";86;200604;;117;1998
"Kupplungssatz";479;126342;1;1;"VW";"CADDY IV Kasten/Großraumlimousine (SAA, SAH)";81;201511;202009;110;1598
"Kupplungssatz";479;126404;6;1;"RENAULT";"CLIO IV (BH_)";55;201506;;75;1149
"Kupplungssatz";479;126414;23;5;"OPEL";"CROSSLAND X / CROSSLAND (P17, P2QO)";96;201703;;131;1199
"Kupplungssatz";479;126415;12;1;"OPEL";"CROSSLAND X / CROSSLAND (P17, P2QO)";60;201703;;82;1199
"Kupplungssatz";479;126416;56;8;"OPEL";"CROSSLAND X / CROSSLAND (P17, P2QO)";81;201703;;110;1199
"Kupplungssatz";479;126417;3;2;"OPEL";"CROSSLAND X / CROSSLAND (P17, P2QO)";73;201703;;99;1560
"Kupplungssatz";479;126418;1;3;"OPEL";"CROSSLAND X / CROSSLAND (P17, P2QO)";88;201703;;120;1560
"Kupplungssatz";479;126478;2;1;"VOLVO";"XC60 II (246)";140;201703;;190;1969
"Kupplungssatz";479;126486;1;2;"FIAT";"UNO (146_)";41;199305;200008;56;994
"Kupplungssatz";479;126522;2;0;"HONDA";"CIVIC X Schrägheck (FC_, FK_)";134;201702;;182;1498
"Kupplungssatz";479;126524;5;1;"HONDA";"CIVIC X Schrägheck (FC_, FK_)";95;201702;;129;988
"Kupplungssatz";479;126530;3;8;"VAUXHALL";"CROSSLAND X / CROSSLAND (P17)";81;201703;;110;1199
"Kupplungssatz";479;126554;41;1;"FORD";"FIESTA VII (HJ, HF)";74;201705;;101;998
"Kupplungssatz";479;126555;15;1;"FORD";"FIESTA VII (HJ, HF)";92;201705;;125;998
"Kupplungssatz";479;126556;19;4;"FORD";"FIESTA VII (HJ, HF)";63;201705;;85;1499
"Kupplungssatz";479;126557;1;4;"FORD";"FIESTA VII (HJ, HF)";88;201705;;120;1499
"Kupplungssatz";479;126566;60;1;"FORD";"FIESTA VII (HJ, HF)";52;201705;;70;1084
"Kupplungssatz";479;126567;90;1;"FORD";"FIESTA VII (HJ, HF)";63;201705;;86;1084
"Kupplungssatz";479;126572;7;2;"MAN";"TGE Kasten";103;201702;;140;1968
"Kupplungssatz";479;126573;2;2;"MAN";"TGE Kasten";130;201702;;177;1968
"Kupplungssatz";479;126577;2;2;"MAN";"TGE Kasten";103;201704;;140;1968
"Kupplungssatz";479;126582;2;2;"MAN";"TGE Pritsche/Fahrgestell (UZ_)";103;201611;;140;1968
"Kupplungssatz";479;126583;1;2;"MAN";"TGE Pritsche/Fahrgestell (UZ_)";130;201611;;177;1968
"Kupplungssatz";479;126593;2;1;"OPEL";"INSIGNIA B Grand Sport (Z18)";103;201703;;140;1490
"Kupplungssatz";479;126596;3;1;"OPEL";"INSIGNIA B Grand Sport (Z18)";121;201703;;165;1490
"Kupplungssatz";479;126598;1;2;"OPEL";"INSIGNIA B Grand Sport (Z18)";81;201703;;110;1598
"Kupplungssatz";479;126599;17;2;"OPEL";"INSIGNIA B Grand Sport (Z18)";100;201703;;136;1598
"Kupplungssatz";479;126600;29;2;"OPEL";"INSIGNIA B Grand Sport (Z18)";125;201703;;170;1956
"Kupplungssatz";479;126602;7;2;"VW";"CRAFTER Kasten (SY_, SX_)";130;201703;;177;1968
"Kupplungssatz";479;126609;2;1;"OPEL";"INSIGNIA B Sports Tourer (Z18)";103;201703;;140;1490
"Kupplungssatz";479;126610;4;1;"OPEL";"INSIGNIA B Sports Tourer (Z18)";121;201703;;165;1490
"Kupplungssatz";479;126611;3;2;"OPEL";"INSIGNIA B Sports Tourer (Z18)";81;201703;;110;1598
"Kupplungssatz";479;126612;14;2;"OPEL";"INSIGNIA B Sports Tourer (Z18)";100;201703;;136;1598
"Kupplungssatz";479;126615;50;2;"OPEL";"INSIGNIA B Sports Tourer (Z18)";125;201703;;170;1956
"Kupplungssatz";479;126627;2;4;"DACIA";"DUSTER (HS_)";81;201308;201801;110;1461
"Kupplungssatz";479;126647;10;1;"RENAULT";"TWINGO II (CN0_)";55;200803;;75;1149
"Kupplungssatz";479;126685;9;1;"PEUGEOT";"208 I (CA_, CC_)";50;201608;;68;1199
"Kupplungssatz";479;126695;4;1;"HYUNDAI";"TUCSON (TL, TLE)";115;201506;202009;156;1999
"Kupplungssatz";479;126725;2;1;"MAZDA";"CX-5 (KE, GH)";110;201202;201702;150;1998
"Kupplungssatz";479;126831;1;0;"VW";"ARTEON (3H7, 3H8)";176;201703;202007;240;1968
"Kupplungssatz";479;126840;9;3;"VW";"GOLF VII (5G1, BQ1, BE1, BE2)";110;201704;202008;150;1495
"Kupplungssatz";479;126844;9;3;"VW";"GOLF VII Variant (BA5, BV5)";110;201704;202008;150;1495
"Kupplungssatz";479;126863;1;1;"SSANGYONG";"TIVOLI";83;201504;;113;1597
"Kupplungssatz";479;126877;1;0;"FORD";"MONDEO IV Stufenheck (BA7)";100;200808;201412;136;1997
"Kupplungssatz";479;126883;27;2;"HYUNDAI";"i30 (PDE, PD, PDEN)";74;201611;;100;1368
"Kupplungssatz";479;126889;22;0;"TOYOTA";"YARIS (_P13_)";82;201703;;112;1496
"Kupplungssatz";479;126921;5;1;"SUZUKI";"SWIFT V (AZ)";66;201704;;90;1242
"Kupplungssatz";479;126924;5;0;"SUZUKI";"SWIFT V (AZ)";66;201704;;90;1242
"Kupplungssatz";479;127056;4;3;"VW";"ARTEON (3H7, 3H8)";110;201703;;150;1968
"Kupplungssatz";479;127057;9;1;"MAZDA";"CX-5 (KF)";121;201705;;165;1998
"Kupplungssatz";479;127058;3;1;"MAZDA";"CX-5 (KF)";118;201705;;160;1998
"Kupplungssatz";479;127060;4;1;"MAZDA";"CX-5 (KF)";110;201705;;150;2191
"Kupplungssatz";479;127061;3;1;"MAZDA";"CX-5 (KF)";110;201705;;150;2191
"Kupplungssatz";479;127065;70;1;"KIA";"PICANTO III (JA)";49;201703;;67;998
"Kupplungssatz";479;127066;18;1;"KIA";"PICANTO III (JA)";62;201703;;84;1248
"Kupplungssatz";479;127085;3;2;"RENAULT";"KOLEOS II (HC_)";130;201604;;177;1995
"Kupplungssatz";479;127127;10;2;"DACIA";"LOGAN II";54;201701;;73;998
"Kupplungssatz";479;127208;3;1;"SEAT";"IBIZA V (KJ1, KJG)";55;201701;;75;999
"Kupplungssatz";479;127209;27;1;"SEAT";"IBIZA V (KJ1, KJG)";70;201701;;95;999
"Kupplungssatz";479;127210;12;3;"SEAT";"IBIZA V (KJ1, KJG)";85;201701;;115;999
"Kupplungssatz";479;127239;2;2;"FIAT";"500X (334_)";88;201703;201809;120;1368
"Kupplungssatz";479;127326;1;2;"RENAULT";"SCÉNIC IV (J9_)";81;201704;;110;1461
"Kupplungssatz";479;127327;4;2;"RENAULT";"GRAND SCÉNIC IV (R9_)";81;201704;;110;1461
"Kupplungssatz";479;127357;7;3;"HYUNDAI";"i30 Kombi (PDE)";88;201703;;120;998
"Kupplungssatz";479;127358;3;3;"HYUNDAI";"i30 Kombi (PDE)";103;201703;;140;1353
"Kupplungssatz";479;127359;3;3;"HYUNDAI";"i30 Kombi (PDE)";81;201703;;110;1582
"Kupplungssatz";479;127360;1;3;"HYUNDAI";"i30 Kombi (PDE)";100;201703;;136;1582
"Kupplungssatz";479;127363;2;0;"CHEVROLET";"AVEO / KALOS Stufenheck (T250, T255)";77;200801;201212;105;1598
"Kupplungssatz";479;127507;1;2;"OPEL";"INSIGNIA B Grand Sport (Z18)";125;201703;;170;1956
"Kupplungssatz";479;127508;3;2;"OPEL";"INSIGNIA B Sports Tourer (Z18)";125;201703;;170;1956
"Kupplungssatz";479;127510;1;2;"FIAT";"500L (351_, 352_)";59;201704;;80;875
"Kupplungssatz";479;127518;6;1;"FORD";"FIESTA VII (HJ, HF)";103;201706;;140;998
"Kupplungssatz";479;127519;11;1;"JEEP";"COMPASS (MP, M6, MV, M7)";103;201703;;140;1368
"Kupplungssatz";479;127521;13;2;"JEEP";"COMPASS (MP, M6, MV, M7)";88;201703;;120;1598
"Kupplungssatz";479;127522;4;1;"JEEP";"COMPASS (MP, M6, MV, M7)";103;201703;;140;1956
"Kupplungssatz";479;127646;2;1;"IVECO";"DAILY VI Bus";110;201604;;150;2998
"Kupplungssatz";479;127689;43;5;"OPEL";"GRANDLAND / GRANDLAND X (A18, P1UO)";96;201706;;131;1199
"Kupplungssatz";479;127690;5;2;"OPEL";"GRANDLAND / GRANDLAND X (A18, P1UO)";88;201706;;120;1560
"Kupplungssatz";479;127858;9;2;"BMW";"X1 (F48)";103;201707;;140;1499
"Kupplungssatz";479;127861;2;2;"MINI";"MINI COUNTRYMAN (F60)";75;201707;;102;1499
"Kupplungssatz";479;127873;1;2;"HYUNDAI";"ELANTRA V Stufenheck (MD, UD)";96;201106;201512;131;1591
"Kupplungssatz";479;127891;2;0;"TOYOTA";"HILUX IV Pick-up (_N5_, _N6_)";55;198409;198807;75;2446
"Kupplungssatz";479;127899;2;1;"DACIA";"PICK UP";47;200002;200805;64;1870
"Kupplungssatz";479;127905;2;0;"SEAT";"ATECA (KH7, KHP)";140;201705;;190;1984
"Kupplungssatz";479;127927;7;2;"AUDI";"A3 Sportback (8VA, 8VF)";110;201705;201810;150;1495
"Kupplungssatz";479;127928;1;1;"AUDI";"A3 Limousine (8VS, 8VM)";110;201705;201810;150;1495
"Kupplungssatz";479;127941;19;2;"SKODA";"FABIA III (NJ3)";70;201408;202106;95;999
"Kupplungssatz";479;127942;27;2;"SKODA";"FABIA III Kombi (NJ5)";70;201408;;95;999
"Kupplungssatz";479;127975;1;2;"JAGUAR";"E-PACE (X540)";110;201709;;150;1999
"Kupplungssatz";479;128030;2;1;"HYUNDAI";"KONA (OS, OSE, OSI)";130;201707;;177;1591
"Kupplungssatz";479;128047;2;0;"AUDI";"A5 Sportback (F5A, F5F)";110;201701;202002;150;1968
"Kupplungssatz";479;128087;1;0;"HYUNDAI";"ACCENT II (LC)";76;200006;200212;103;1495
"Kupplungssatz";479;128113;10;2;"BMW";"2 Gran Tourer (F46)";103;201704;;140;1499
"Kupplungssatz";479;128133;1;1;"CITROËN";"C3 AIRCROSS II (2R_, 2C_)";73;201707;;99;1560
"Kupplungssatz";479;128135;2;1;"CITROËN";"C3 AIRCROSS II (2R_, 2C_)";60;201706;;82;1199
"Kupplungssatz";479;128136;20;4;"CITROËN";"C3 AIRCROSS II (2R_, 2C_)";81;201706;;110;1199
"Kupplungssatz";479;128141;7;2;"SKODA";"FABIA III (NJ3)";81;201408;202106;110;999
"Kupplungssatz";479;128142;7;2;"SKODA";"FABIA III Kombi (NJ5)";81;201408;;110;999
"Kupplungssatz";479;128148;1;5;"VAUXHALL";"GRANDLAND X / GRANDLAND (A18)";96;201706;;131;1199
"Kupplungssatz";479;128184;2;5;"CITROËN";"C3 AIRCROSS II (2R_, 2C_)";96;201707;;131;1199
"Kupplungssatz";479;128188;1;2;"VW";"TIGUAN ALLSPACE (BW2, BJ2)";110;201706;;150;1395
"Kupplungssatz";479;128190;5;4;"VW";"TIGUAN ALLSPACE (BW2, BJ2)";110;201706;;150;1968
"Kupplungssatz";479;128191;4;3;"VW";"TIGUAN ALLSPACE (BW2, BJ2)";110;201706;;150;1968
"Kupplungssatz";479;128193;4;1;"VW";"TIGUAN ALLSPACE (BW2, BJ2)";176;201706;202009;240;1968
"Kupplungssatz";479;128213;8;1;"VW";"POLO VI (AW1, BZ1, AE1)";55;201706;202108;75;999
"Kupplungssatz";479;128214;59;2;"VW";"POLO VI (AW1, BZ1, AE1)";70;201706;;95;999
"Kupplungssatz";479;128215;26;2;"VW";"POLO VI (AW1, BZ1, AE1)";48;201708;202002;65;999
"Kupplungssatz";479;128275;7;1;"SEAT";"ARONA (KJ7, KJP)";70;201707;;95;999
"Kupplungssatz";479;128277;11;2;"SEAT";"ARONA (KJ7, KJP)";85;201707;;115;999
"Kupplungssatz";479;128278;4;2;"SEAT";"ARONA (KJ7, KJP)";110;201707;;150;1495
"Kupplungssatz";479;128279;5;0;"DAEWOO";"MATIZ (M200, M250)";38;200501;201006;52;796
"Kupplungssatz";479;128286;9;2;"SKODA";"KAROQ (NU7, ND7)";85;201707;;115;999
"Kupplungssatz";479;128287;7;4;"SKODA";"KAROQ (NU7, ND7)";110;201707;;150;1495
"Kupplungssatz";479;128288;6;3;"SKODA";"KAROQ (NU7, ND7)";85;201707;;115;1598
"Kupplungssatz";479;128289;10;3;"SKODA";"KAROQ (NU7, ND7)";110;201707;;150;1968
"Kupplungssatz";479;128291;27;2;"HYUNDAI";"i30 Kombi (PDE)";74;201703;;101;1368
"Kupplungssatz";479;128292;3;1;"HYUNDAI";"KONA (OS, OSE, OSI)";130;201706;;177;1591
"Kupplungssatz";479;128293;8;1;"HYUNDAI";"KONA (OS, OSE, OSI)";88;201707;;120;998
"Kupplungssatz";479;128299;3;2;"VW";"GOLF SPORTSVAN VII (AM1, AN1)";81;201705;201807;110;999
"Kupplungssatz";479;128300;2;2;"VW";"GOLF SPORTSVAN VII (AM1, AN1)";110;201705;202008;150;1495
"Kupplungssatz";479;128301;5;2;"VW";"GOLF SPORTSVAN VII (AM1, AN1)";96;201705;202008;130;1495
"Kupplungssatz";479;128340;4;3;"VW";"GOLF VII Variant (BA5, BV5)";96;201707;202008;130;1495
"Kupplungssatz";479;128344;3;3;"VW";"GOLF VII (5G1, BQ1, BE1, BE2)";96;201705;202008;130;1495
"Kupplungssatz";479;128418;3;2;"SKODA";"OCTAVIA III (5E3, NL3, NR3)";110;201702;202010;150;1495
"Kupplungssatz";479;128420;14;2;"SKODA";"OCTAVIA III Combi (5E5, 5E6)";110;201702;202010;150;1495
"Kupplungssatz";479;128422;1;0;"ISUZU";"D-MAX I (TFR, TFS)";88;200306;200410;120;2999
"Kupplungssatz";479;128465;5;2;"SKODA";"RAPID (NH3, NK3, NK6)";70;201706;201912;95;999
"Kupplungssatz";479;128467;2;2;"SKODA";"RAPID (NH3, NK3, NK6)";81;201706;201912;110;999
"Kupplungssatz";479;128469;10;2;"SKODA";"RAPID Spaceback (NH1)";70;201706;201912;95;999
"Kupplungssatz";479;128470;7;2;"SKODA";"RAPID Spaceback (NH1)";81;201706;201912;110;999
"Kupplungssatz";479;128471;1;1;"SKODA";"KAROQ (NU7, ND7)";140;201707;;190;1968
"Kupplungssatz";479;128491;2;0;"RENAULT";"KANGOO / GRAND KANGOO II (KW0/1_)";78;200812;;106;1598
"Kupplungssatz";479;128492;1;4;"RENAULT";"MEGANE CC (EZ0/1_)";81;201006;;110;1598
"Kupplungssatz";479;128493;1;1;"VW";"T-ROC (A11, D11)";140;201707;;190;1984
"Kupplungssatz";479;128495;16;2;"VW";"T-ROC (A11, D11)";85;201707;202011;115;999
"Kupplungssatz";479;128502;3;8;"OPEL";"ZAFIRA / ZAFIRA FAMILY B (A05)";103;200907;201504;140;1796
"Kupplungssatz";479;128503;1;0;"VOLVO";"V40 Kombi (645)";90;199903;200406;122;1783
"Kupplungssatz";479;128504;28;3;"VOLVO";"V50 (545)";80;200503;201212;109;1560
"Kupplungssatz";479;128506;24;1;"KIA";"STONIC (YB)";62;201707;;84;1248
"Kupplungssatz";479;128507;12;1;"KIA";"STONIC (YB)";73;201707;;99;1368
"Kupplungssatz";479;128508;10;4;"KIA";"STONIC (YB)";88;201707;;120;998
"Kupplungssatz";479;128519;1;1;"KIA";"PICANTO III (JA)";74;201703;;100;998
"Kupplungssatz";479;128521;1;0;"SUZUKI";"BALENO (FW, EW)";67;201602;;91;1242
"Kupplungssatz";479;128525;1;2;"FORD";"KA+ III Stufenheck (TK, FK)";63;201606;;85;1196
"Kupplungssatz";479;128526;1;2;"SUZUKI";"VITARA (LY)";87;201502;;118;1586
"Kupplungssatz";479;128563;2;6;"MERCEDES-BENZ";"SPRINTER 4,6-t Pritsche/Fahrgestell (B906)";95;200903;;129;2143
"Kupplungssatz";479;128574;1;1;"RENAULT";"MEGANE IV Stufenheck";84;201610;;115;1598
"Kupplungssatz";479;128575;1;3;"RENAULT";"MEGANE IV Stufenheck";97;201610;;130;1197
"Kupplungssatz";479;128576;1;3;"RENAULT";"MEGANE IV Stufenheck";66;201610;;90;1461
"Kupplungssatz";479;128577;3;4;"RENAULT";"MEGANE IV Stufenheck";81;201610;;110;1461
"Kupplungssatz";479;128596;1;1;"JEEP";"PATRIOT (MK74)";100;201101;201712;136;2143
"Kupplungssatz";479;128598;2;2;"VW";"POLO VI (AW1, BZ1, AE1)";85;201709;;115;999
"Kupplungssatz";479;128599;2;1;"VW";"POLO VI (AW1, BZ1, AE1)";66;201709;;90;999
"Kupplungssatz";479;128616;2;0;"ISUZU";"KB";52;199407;200309;71;2499
"Kupplungssatz";479;128651;5;3;"VW";"T-ROC (A11, D11)";110;201709;;150;1968
"Kupplungssatz";479;128664;1;0;"OPEL";"INSIGNIA A Country Tourer (G09)";184;201309;201703;250;1998
"Kupplungssatz";479;128674;1;0;"OPEL";"INSIGNIA A Country Tourer (G09)";120;201407;201703;163;1956
"Kupplungssatz";479;128676;3;0;"OPEL";"INSIGNIA A Country Tourer (G09)";125;201411;201703;170;1956
"Kupplungssatz";479;128677;1;0;"OPEL";"INSIGNIA A Country Tourer (G09)";125;201411;201703;170;1956
"Kupplungssatz";479;128678;13;4;"OPEL";"INSIGNIA A Country Tourer (G09)";96;200807;201703;131;1956
"Kupplungssatz";479;128681;1;2;"OPEL";"INSIGNIA A Country Tourer (G09)";100;201507;201703;136;1598
"Kupplungssatz";479;128757;1;2;"HYUNDAI";"TUCSON (TL, TLE)";129;201601;202009;175;1591
"Kupplungssatz";479;128761;2;0;"HYUNDAI";"i30 (PDE, PD, PDEN)";184;201707;;250;1998
"Kupplungssatz";479;128762;15;0;"HYUNDAI";"i30 (PDE, PD, PDEN)";202;201707;;275;1998
"Kupplungssatz";479;128766;6;1;"VW";"AMAROK (2HA, 2HB, S1B, S6B, S7A, S7B)";120;201606;;163;2967
"Kupplungssatz";479;128786;3;2;"SEAT";"IBIZA V (KJ1, KJG)";70;201709;;95;1598
"Kupplungssatz";479;128796;4;2;"OPEL";"INSIGNIA B Country Tourer (Z18)";125;201706;;170;1956
"Kupplungssatz";479;128797;1;2;"OPEL";"INSIGNIA B Country Tourer (Z18)";125;201706;;170;1956
"Kupplungssatz";479;128802;1;1;"OPEL";"ASTRA K (B16)";81;201710;;110;1399
"Kupplungssatz";479;128814;1;1;"OPEL";"ASTRA K Sports Tourer (B16)";81;201710;;110;1399
"Kupplungssatz";479;128834;3;0;"RENAULT";"SUPER 5 (B/C40_)";43;198608;199612;58;1390
"Kupplungssatz";479;128928;1;2;"PEUGEOT";"206+ (2L_, 2M_)";44;200904;201306;60;1124
"Kupplungssatz";479;128940;17;4;"VW";"T-ROC (A11, D11)";110;201711;;150;1495
"Kupplungssatz";479;128944;1;0;"PEUGEOT";"PARTNER Kasten/Großraumlimousine (5_, G_)";55;200508;200807;75;1560
"Kupplungssatz";479;128959;1;2;"MAN";"TGE Kasten";90;201708;;122;1968
"Kupplungssatz";479;128967;1;2;"FIAT";"DUCATO Kasten (250_)";110;201504;;150;2287
"Kupplungssatz";479;128972;3;1;"CITROËN";"C3 I (FC_, FN_)";44;200606;200912;60;1124
"Kupplungssatz";479;128973;1;5;"VW";"PASSAT B8 (3G2, CB2)";81;201601;201705;110;1968
"Kupplungssatz";479;128974;6;2;"SEAT";"ARONA (KJ7, KJP)";70;201711;;95;1598
"Kupplungssatz";479;128980;6;2;"MAN";"TGE Kasten";130;201705;;177;1968
"Kupplungssatz";479;128981;1;2;"MAN";"TGE Pritsche/Fahrgestell (UZ_)";103;201711;;140;1968
"Kupplungssatz";479;128982;1;2;"MAN";"TGE Pritsche/Fahrgestell (UZ_)";130;201707;;177;1968
"Kupplungssatz";479;128983;1;1;"KIA";"K2700 (SD)";62;200210;200412;84;2665
"Kupplungssatz";479;129013;2;2;"FORD";"ECOSPORT";81;201310;;110;1498
"Kupplungssatz";479;129062;11;1;"OPEL";"ASTRA G CLASSIC (T98)";66;200405;200907;90;1389
"Kupplungssatz";479;129081;4;2;"VW";"POLO VI (AW1, BZ1, AE1)";147;201711;;200;1984
"Kupplungssatz";479;129082;1;1;"SEAT";"IBIZA V (KJ1, KJG)";59;201711;;80;1598
"Kupplungssatz";479;129087;1;0;"OPEL";"ASTRA G CLASSIC Caravan (F35)";74;200406;200602;101;1598
"Kupplungssatz";479;129093;4;1;"SEAT";"IBIZA V (KJ1, KJG)";66;201711;;90;999
"Kupplungssatz";479;129097;1;0;"SUZUKI";"SAMURAI Geländewagen offen (SJ_)";51;199208;199808;70;1298
"Kupplungssatz";479;129098;1;0;"SUZUKI";"SAMURAI Geländewagen offen (SJ_)";33;199005;199410;45;970
"Kupplungssatz";479;129099;3;0;"SUZUKI";"SAMURAI Geländewagen offen (SJ_)";47;198804;199207;64;1324
"Kupplungssatz";479;129101;2;1;"ABARTH";"PUNTO EVO";120;200910;201202;163;1368
"Kupplungssatz";479;129105;2;1;"SUZUKI";"JIMNY Geländewagen offen (SN)";59;199809;;80;1298
"Kupplungssatz";479;129107;1;1;"SUZUKI";"JIMNY Geländewagen offen (SN)";63;200408;;86;1328
"Kupplungssatz";479;129108;6;1;"SUZUKI";"JIMNY Geländewagen offen (SN)";63;201303;;86;1328
"Kupplungssatz";479;129118;4;2;"MINI";"MINI (F55)";75;201711;;102;1499
"Kupplungssatz";479;129119;1;1;"MINI";"MINI (F55)";55;201711;;75;1499
"Kupplungssatz";479;129121;25;2;"MINI";"MINI (F56)";75;201711;;102;1499
"Kupplungssatz";479;129127;3;1;"MINI";"MINI Cabriolet (F57)";75;201711;;102;1499
"Kupplungssatz";479;129166;12;2;"VW";"CRAFTER Kasten (SY_, SX_)";130;201705;;177;1968
"Kupplungssatz";479;129169;1;1;"OPEL";"CROSSLAND X / CROSSLAND (P17, P2QO)";60;201710;;82;1199
"Kupplungssatz";479;129170;11;3;"FORD";"FOCUS III Turnier";103;201710;;140;998
"Kupplungssatz";479;129171;2;3;"FORD";"FOCUS III";103;201710;201906;140;998
"Kupplungssatz";479;129174;2;2;"VW";"CRAFTER Kasten (SY_, SX_)";103;201704;;140;1968
"Kupplungssatz";479;129177;3;2;"VW";"CRAFTER Pritsche/Fahrgestell (SZ_)";130;201707;;177;1968
"Kupplungssatz";479;129195;6;2;"VW";"CRAFTER Kasten (SY_, SX_)";103;201710;;140;1968
"Kupplungssatz";479;129197;1;2;"VW";"CRAFTER Pritsche/Fahrgestell (SZ_)";103;201711;;140;1968
"Kupplungssatz";479;129198;1;2;"VW";"CRAFTER Pritsche/Fahrgestell (SZ_)";130;201703;;177;1968
"Kupplungssatz";479;129201;4;2;"MAN";"TGE Pritsche/Fahrgestell (UZ_)";103;201711;;140;1968
"Kupplungssatz";479;129202;2;2;"FIAT";"PUNTO EVO Kasten/Schrägheck (199_)";57;200903;201202;78;1368
"Kupplungssatz";479;129205;1;2;"SEAT";"LEON (5F1)";228;201711;201808;310;1984
"Kupplungssatz";479;129210;3;2;"CITROËN";"BERLINGO Pritsche/Fahrgestell (B9)";66;201007;;90;1560
"Kupplungssatz";479;129241;1;2;"FIAT";"DUCATO Pritsche/Fahrgestell (250_)";82;200608;;111;2287
"Kupplungssatz";479;129256;1;0;"IVECO";"DAILY IV Pritsche/Fahrgestell";130;200606;201108;177;2998
"Kupplungssatz";479;129326;2;3;"FORD";"ECOSPORT";92;201711;;125;1499
"Kupplungssatz";479;129447;1;2;"OPEL";"COMBO Tour (X12)";70;201603;;95;1248
"Kupplungssatz";479;129510;1;3;"RENAULT";"CLIO III Kasten/Schrägheck (SB_, SR_)";55;201008;201412;75;1461
"Kupplungssatz";479;129630;2;3;"HYUNDAI";"i30 FASTBACK (PDE, PDEN)";88;201706;;120;998
"Kupplungssatz";479;129636;7;1;"HYUNDAI";"i10 II (BA, IA)";51;201407;201608;69;998
"Kupplungssatz";479;129654;4;1;"SUZUKI";"SWIFT V (AZ)";103;201709;;140;1373
"Kupplungssatz";479;129687;2;4;"CITROËN";"C4 CACTUS";96;201711;;131;1199
"Kupplungssatz";479;129752;1;1;"KIA";"CEE'D Combi Van (JD)";94;201207;201807;128;1582
"Kupplungssatz";479;129754;5;1;"VW";"POLO VI (AW1, BZ1, AE1)";59;201711;201907;80;1598
"Kupplungssatz";479;129755;15;2;"VW";"POLO VI (AW1, BZ1, AE1)";70;201711;202102;95;1598
"Kupplungssatz";479;129779;1;0;"SUZUKI";"SWIFT IV (FZ, NZ)";64;201301;;87;1197
"Kupplungssatz";479;129782;5;1;"SUZUKI";"JIMNY Geländewagen geschlossen (SN)";59;200105;;80;1328
"Kupplungssatz";479;129787;7;1;"VW";"UP! (121, 122, BL1, BL2, BL3, 123)";85;201711;;115;999
"Kupplungssatz";479;129814;1;3;"BMW";"2 Active Tourer (F45)";80;201803;;109;1499
"Kupplungssatz";479;129815;6;2;"BMW";"2 Active Tourer (F45)";103;201803;;140;1499
"Kupplungssatz";479;129821;9;2;"BMW";"2 Gran Tourer (F46)";80;201803;;109;1499
"Kupplungssatz";479;129851;2;0;"CITROËN";"SAXO Hatchback van (S3_)";42;199908;200106;57;1527
"Kupplungssatz";479;129962;1;2;"PEUGEOT";"308 II (LB_, LP_, LW_, LH_, L3_)";96;201706;202106;131;1499
"Kupplungssatz";479;129964;8;2;"PEUGEOT";"308 SW II (LC_, LJ_, LR_, LX_, L4_)";96;201706;202106;131;1499
"Kupplungssatz";479;129970;1;0;"RENAULT";"MEGANE II Kasten/Kombi (KM_)";78;200308;200907;106;1461
"Kupplungssatz";479;130092;2;1;"BMW";"X2 (F39)";110;201803;;150;1995
"Kupplungssatz";479;130097;1;1;"KIA";"PICANTO III (JA)";51;201703;;69;998
"Kupplungssatz";479;130099;1;3;"DACIA";"DUSTER (HM_)";66;201710;;90;1461
"Kupplungssatz";479;130100;4;4;"DACIA";"DUSTER (HM_)";80;201710;;109;1461
"Kupplungssatz";479;130102;9;3;"DACIA";"DUSTER (HM_)";80;201710;;109;1461
"Kupplungssatz";479;130104;1;2;"DACIA";"DUSTER (HM_)";92;201710;;125;1197
"Kupplungssatz";479;130105;8;2;"DACIA";"DUSTER (HM_)";92;201710;;125;1197
"Kupplungssatz";479;130184;9;3;"RENAULT";"SCÉNIC IV (J9_)";103;201801;;140;1332
"Kupplungssatz";479;130186;4;3;"RENAULT";"GRAND SCÉNIC IV (R9_)";103;201801;;140;1332
"Kupplungssatz";479;130224;1;0;"HONDA";"CIVIC X Schrägheck (FC_, FK_)";88;201801;;120;1597
"Kupplungssatz";479;130228;2;1;"NISSAN";"KUBISTAR Kasten (X76)";42;200308;200910;57;1461
"Kupplungssatz";479;130303;1;0;"HONDA";"AMAZE MK I (DF1, DF2)";66;201604;;90;1198
"Kupplungssatz";479;130309;1;0;"NISSAN";"CABSTAR E (TL_, VL_)";77;200401;200611;105;2953
"Kupplungssatz";479;130348;2;2;"NISSAN";"MICRA IV (K13K)";57;201301;;77;1198
"Kupplungssatz";479;130349;45;1;"NISSAN";"PICK UP (D22)";98;200203;;133;2488
"Kupplungssatz";479;130536;5;6;"PEUGEOT";"EXPERT Bus (V_)";110;201604;;150;1997
"Kupplungssatz";479;130542;1;2;"RENAULT";"SCÉNIC IV (J9_)";85;201801;;115;1332
"Kupplungssatz";479;130543;2;2;"RENAULT";"GRAND SCÉNIC IV (R9_)";85;201801;;115;1332
"Kupplungssatz";479;130593;23;3;"MERCEDES-BENZ";"A-CLASS (W177)";85;201803;;116;1461
"Kupplungssatz";479;130594;4;3;"MERCEDES-BENZ";"A-CLASS (W177)";120;201803;;163;1332
"Kupplungssatz";479;130609;7;2;"TOYOTA";"PROACE VERSO Bus (MPY_)";85;201602;;116;1560
"Kupplungssatz";479;130610;12;6;"TOYOTA";"PROACE VERSO Bus (MPY_)";110;201602;;150;1997
"Kupplungssatz";479;130624;18;2;"DACIA";"DUSTER (HM_)";84;201710;;115;1598
"Kupplungssatz";479;130625;7;1;"DACIA";"DUSTER (HM_)";84;201710;;115;1598
"Kupplungssatz";479;130626;4;2;"DACIA";"DUSTER (HM_)";80;201710;;109;1598
"Kupplungssatz";479;130706;16;1;"TOYOTA";"RAV 4 I (_A1_)";94;199607;200006;128;1998
"Kupplungssatz";479;130708;10;2;"PEUGEOT";"3008 SUV (MC_, MR_, MJ_, M4_)";96;201802;;131;1499
"Kupplungssatz";479;130738;3;2;"PEUGEOT";"5008 II (MC_, MJ_, MR_, M4_)";96;201802;;131;1499
"Kupplungssatz";479;130752;4;2;"PEUGEOT";"RIFTER";81;201809;;110;1199
"Kupplungssatz";479;130755;9;1;"PEUGEOT";"RIFTER";75;201809;;102;1499
"Kupplungssatz";479;130756;8;2;"PEUGEOT";"RIFTER";96;201809;;130;1499
"Kupplungssatz";479;130805;2;0;"MG";"MG ZS SUV";82;201710;;111;999
"Kupplungssatz";479;130806;1;0;"MG";"MG ZS SUV";78;201710;;106;1498
"Kupplungssatz";479;130824;1;3;"VW";"T-ROC (A11, D11)";110;201803;;150;1968
"Kupplungssatz";479;130825;9;1;"VW";"T-ROC (A11, D11)";85;201803;202106;115;1598
"Kupplungssatz";479;130834;14;2;"OPEL";"GRANDLAND / GRANDLAND X (A18, P1UO)";96;201804;;131;1499
"Kupplungssatz";479;130838;1;1;"VOLVO";"V60 II (225)";110;201802;;150;1969
"Kupplungssatz";479;130839;1;1;"VOLVO";"V60 II (225)";140;201802;;190;1969
"Kupplungssatz";479;130857;4;2;"OPEL";"KARL (C16)";54;201801;201903;73;999
"Kupplungssatz";479;130861;1;1;"FORD";"FOCUS IV (HN)";74;201801;;101;999
"Kupplungssatz";479;130862;35;1;"FORD";"FOCUS IV (HN)";92;201801;;125;999
"Kupplungssatz";479;130885;1;3;"TOYOTA";"PROACE Kasten (MDZ_)";110;201804;;150;1997
"Kupplungssatz";479;130894;3;1;"VOLVO";"XC60 II (246)";140;201703;;190;1969
"Kupplungssatz";479;130895;1;1;"VOLVO";"XC60 II (246)";110;201703;;150;1969
"Kupplungssatz";479;130989;7;1;"PEUGEOT";"208 I (CA_, CC_)";61;201803;;82;1199
"Kupplungssatz";479;130999;1;1;"PEUGEOT";"2008 I (CU_)";61;201801;201912;82;1199
"Kupplungssatz";479;131119;7;2;"PEUGEOT";"308 SW II (LC_, LJ_, LR_, LX_, L4_)";75;201804;202106;102;1499
"Kupplungssatz";479;131121;6;2;"PEUGEOT";"308 II (LB_, LP_, LW_, LH_, L3_)";75;201805;202106;102;1499
"Kupplungssatz";479;131166;1;1;"FORD";"FOCUS IV (HN)";63;201805;;85;998
"Kupplungssatz";479;131184;4;5;"CITROËN";"C4 SPACETOURER (3D_)";96;201804;;131;1199
"Kupplungssatz";479;131194;2;0;"CITROËN";"C4 SPACETOURER (3D_)";88;201804;;120;1560
"Kupplungssatz";479;131195;1;3;"CITROËN";"C4 SPACETOURER (3D_)";110;201804;;150;1997
"Kupplungssatz";479;131198;6;5;"CITROËN";"GRAND C4 SPACETOURER (3A_, 3E_)";96;201804;;131;1199
"Kupplungssatz";479;131235;3;4;"MERCEDES-BENZ";"SPRINTER 3-t Tourer Bus (B907)";84;201802;;114;2143
"Kupplungssatz";479;131237;7;2;"MERCEDES-BENZ";"SPRINTER 3-t Kasten (B910)";84;201802;;114;2143
"Kupplungssatz";479;131238;14;2;"MERCEDES-BENZ";"SPRINTER 3-t Kasten (B910)";105;201802;;143;2143
"Kupplungssatz";479;131239;1;2;"MERCEDES-BENZ";"SPRINTER 3-t Pritsche/Fahrgestell (B910, B907)";84;201802;;114;2143
"Kupplungssatz";479;131240;3;2;"MERCEDES-BENZ";"SPRINTER 3-t Pritsche/Fahrgestell (B910, B907)";105;201802;;143;2143
"Kupplungssatz";479;131242;4;4;"MERCEDES-BENZ";"SPRINTER 3,5-t Tourer Bus (B907)";105;201802;;143;2143
"Kupplungssatz";479;131245;4;4;"MERCEDES-BENZ";"SPRINTER 3,5-t Tourer Bus (B907)";120;201802;;163;2143
"Kupplungssatz";479;131247;6;2;"MERCEDES-BENZ";"SPRINTER 3,5-t Kasten (B907, B910)";84;201802;;114;2143
"Kupplungssatz";479;131248;2;2;"MERCEDES-BENZ";"SPRINTER 3,5-t Kasten (B907, B910)";84;201802;;114;2143
"Kupplungssatz";479;131249;20;2;"MERCEDES-BENZ";"SPRINTER 3,5-t Kasten (B907, B910)";105;201802;;143;2143
"Kupplungssatz";479;131250;19;4;"MERCEDES-BENZ";"SPRINTER 3,5-t Kasten (B907, B910)";105;201802;;143;2143
"Kupplungssatz";479;131251;78;2;"MERCEDES-BENZ";"SPRINTER 3,5-t Kasten (B907, B910)";120;201802;;163;2143
"Kupplungssatz";479;131252;4;2;"MERCEDES-BENZ";"SPRINTER 3,5-t Kasten (B907, B910)";140;201802;;190;2987
"Kupplungssatz";479;131255;5;2;"MERCEDES-BENZ";"SPRINTER 3,5-t Pritsche/Fahrgestell (B907, B910)";105;201802;;143;2143
"Kupplungssatz";479;131256;3;4;"MERCEDES-BENZ";"SPRINTER 3,5-t Pritsche/Fahrgestell (B907, B910)";105;201802;;143;2143
"Kupplungssatz";479;131257;19;4;"MERCEDES-BENZ";"SPRINTER 3,5-t Pritsche/Fahrgestell (B907, B910)";120;201802;;163;2143
"Kupplungssatz";479;131261;2;4;"MERCEDES-BENZ";"SPRINTER 4-t Kasten (B907, B910)";120;201802;;163;2143
"Kupplungssatz";479;131269;2;4;"MERCEDES-BENZ";"SPRINTER 5-t Kasten (B907)";120;201802;;163;2143
"Kupplungssatz";479;131272;2;4;"MERCEDES-BENZ";"SPRINTER 5-t Pritsche/Fahrgestell (B907)";105;201802;;143;2143
"Kupplungssatz";479;131273;11;4;"MERCEDES-BENZ";"SPRINTER 5-t Pritsche/Fahrgestell (B907)";120;201802;;163;2143
"Kupplungssatz";479;131274;3;4;"MERCEDES-BENZ";"SPRINTER 5-t Pritsche/Fahrgestell (B907)";140;201802;;190;2987
"Kupplungssatz";479;131282;1;1;"FORD";"FOCUS IV (HN)";70;201801;;95;1499
"Kupplungssatz";479;131283;6;1;"FORD";"FOCUS IV (HN)";88;201801;;120;1499
"Kupplungssatz";479;131317;168;2;"TOYOTA";"AYGO (_B4_)";53;201803;;72;998
"Kupplungssatz";479;131339;2;2;"DACIA";"DOKKER Express Kasten/Großraumlimousine";62;201211;;84;1461
"Kupplungssatz";479;131369;3;1;"MERCEDES-BENZ";"C-CLASS T-Model (S205)";118;201805;;160;1597
"Kupplungssatz";479;131373;1;1;"MERCEDES-BENZ";"C-CLASS T-Model (S205)";90;201805;;122;1597
"Kupplungssatz";479;131391;6;1;"SUZUKI";"WAGON R Schrägheck";65;200309;201012;88;1328
"Kupplungssatz";479;131411;44;2;"CITROËN";"C3 III (SX)";75;201805;;102;1499
"Kupplungssatz";479;131412;22;1;"CITROËN";"C3 III (SX)";61;201805;;83;1199
"Kupplungssatz";479;131485;13;2;"OPEL";"COMBO E Tour / Life (K9)";81;201806;;110;1199
"Kupplungssatz";479;131486;1;1;"OPEL";"COMBO E Tour / Life (K9)";56;201806;;76;1499
"Kupplungssatz";479;131487;5;1;"OPEL";"COMBO E Tour / Life (K9)";75;201806;;102;1499
"Kupplungssatz";479;131488;10;2;"OPEL";"COMBO E Tour / Life (K9)";96;201806;;131;1499
"Kupplungssatz";479;131527;1;0;"FORD";"TRANSIT TOURNEO Bus";92;201110;201408;125;2198
"Kupplungssatz";479;131529;72;2;"CITROËN";"C1 II (PA_, PS_)";53;201806;;72;998
"Kupplungssatz";479;131549;1;1;"OPEL";"MOKKA / MOKKA X (J13)";88;201806;;120;1364
"Kupplungssatz";479;131564;15;2;"PEUGEOT";"208 I (CA_, CC_)";75;201805;;102;1499
"Kupplungssatz";479;131567;7;2;"PEUGEOT";"2008 I (CU_)";75;201805;;102;1499
"Kupplungssatz";479;131568;54;2;"PEUGEOT";"108";53;201805;;72;998
"Kupplungssatz";479;131583;1;0;"LAND ROVER";"DEFENDER Station Wagon (L316)";103;200707;201602;140;2402
"Kupplungssatz";479;131603;15;1;"FORD";"FOCUS IV Turnier (HP)";74;201809;;100;999
"Kupplungssatz";479;131604;55;1;"FORD";"FOCUS IV Turnier (HP)";92;201809;;125;999
"Kupplungssatz";479;131605;1;3;"CITROËN";"C3 I (FC_, FN_)";54;200809;200912;73;1360
"Kupplungssatz";479;131647;10;1;"FORD";"FOCUS IV Turnier (HP)";70;201809;;95;1499
"Kupplungssatz";479;131650;30;1;"FORD";"FOCUS IV Turnier (HP)";88;201809;;120;1499
"Kupplungssatz";479;131656;7;1;"FORD";"ECOSPORT";74;201804;;100;998
"Kupplungssatz";479;131678;1;1;"FORD";"FIESTA VII (HJ, HF)";63;201804;;85;998
"Kupplungssatz";479;131761;2;3;"MERCEDES-BENZ";"A-CLASS (W177)";100;201806;;136;1332
"Kupplungssatz";479;131762;2;3;"MERCEDES-BENZ";"A-CLASS (W177)";80;201806;;109;1332
"Kupplungssatz";479;131766;1;1;"KIA";"CEED (CD)";88;201803;;120;998
"Kupplungssatz";479;131769;9;2;"KIA";"CEED (CD)";73;201803;;99;1368
"Kupplungssatz";479;131771;4;3;"KIA";"CEED (CD)";85;201803;;116;1598
"Kupplungssatz";479;131826;1;2;"CITROËN";"C4 CACTUS";75;201806;;102;1499
"Kupplungssatz";479;131827;4;2;"CITROËN";"C-ELYSEE (DD_)";75;201805;;102;1499
"Kupplungssatz";479;131829;1;2;"PEUGEOT";"301";75;201805;;102;1499
"Kupplungssatz";479;131864;1;0;"RENAULT";"KOLEOS I (HY_)";127;201307;;173;1995
"Kupplungssatz";479;131880;2;0;"MITSUBISHI";"DELICA / SPACE GEAR";73;199505;200005;99;2477
"Kupplungssatz";479;131930;2;2;"RENAULT";"MEGANE IV Schrägheck (B9A/M/N_)";85;201801;;116;1332
"Kupplungssatz";479;131933;1;3;"RENAULT";"MEGANE IV Schrägheck (B9A/M/N_)";103;201801;;140;1332
"Kupplungssatz";479;131935;9;2;"RENAULT";"MEGANE IV Grandtour (K9A/M/N_)";85;201801;;116;1332
"Kupplungssatz";479;131936;9;3;"RENAULT";"MEGANE IV Grandtour (K9A/M/N_)";103;201801;;140;1332
"Kupplungssatz";479;131971;1;1;"MAZDA";"6 Kombi (GJ, GL)";135;201803;;184;2191
"Kupplungssatz";479;131976;1;1;"HONDA";"CIVIC X Schrägheck (FC_, FK_)";93;201807;;126;988
"Kupplungssatz";479;132062;2;1;"HONDA";"AMAZE MK II (DF_)";66;201804;;90;1198
"Kupplungssatz";479;132139;2;2;"CITROËN";"C3 AIRCROSS II (2R_, 2C_)";75;201808;;102;1499
"Kupplungssatz";479;132152;6;1;"MAZDA";"CX-5 (KF)";121;201806;;165;1998
"Kupplungssatz";479;132156;8;2;"CITROËN";"BERLINGO (ER_, EC_)";96;201806;;131;1499
"Kupplungssatz";479;132157;20;1;"CITROËN";"BERLINGO (ER_, EC_)";75;201806;;102;1499
"Kupplungssatz";479;132158;13;2;"CITROËN";"BERLINGO (ER_, EC_)";81;201806;;110;1199
"Kupplungssatz";479;132160;1;2;"TOYOTA";"PROACE VERSO Bus (MPY_)";75;201806;;102;1499
"Kupplungssatz";479;132161;16;3;"RENAULT";"KADJAR (HA_, HL_)";103;201808;;140;1332
"Kupplungssatz";479;132162;11;1;"RENAULT";"KADJAR (HA_, HL_)";85;201808;;116;1461
"Kupplungssatz";479;132163;8;2;"CITROËN";"SPACETOURER Bus (V_)";88;201806;;120;1499
"Kupplungssatz";479;132164;4;2;"TOYOTA";"PROACE VERSO Bus (MPY_)";88;201806;;120;1499
"Kupplungssatz";479;132184;5;2;"OPEL";"CROSSLAND X / CROSSLAND (P17, P2QO)";75;201806;;102;1499
"Kupplungssatz";479;132189;3;1;"OPEL";"INSIGNIA B Grand Sport (Z18)";147;201806;;200;1598
"Kupplungssatz";479;132282;1;0;"VW";"GOLF III Van (1H1)";44;199108;199605;60;1390
"Kupplungssatz";479;132309;20;2;"TOYOTA";"YARIS (_P13_)";53;201806;;72;998
"Kupplungssatz";479;132331;6;2;"JEEP";"RENEGADE SUV (BU, B1, BV)";88;201808;;120;999
"Kupplungssatz";479;132338;2;0;"FORD";"FOCUS I Kasten/Kombi (DNW)";74;199904;200503;101;1596
"Kupplungssatz";479;132341;2;3;"HYUNDAI";"i30 (PDE, PD, PDEN)";85;201808;;116;1598
"Kupplungssatz";479;132342;2;3;"HYUNDAI";"i30 Kombi (PDE)";85;201808;;116;1598
"Kupplungssatz";479;132343;2;0;"FORD";"FOCUS I Kasten/Kombi (DNW)";66;199808;200503;90;1753
"Kupplungssatz";479;132357;5;1;"FORD";"TOURNEO COURIER B460 Großraumlimousine";74;201804;;100;1499
"Kupplungssatz";479;132360;7;1;"FORD";"TRANSIT COURIER B460 Kasten/Großraumlimousine";74;201804;;100;1499
"Kupplungssatz";479;132431;1;0;"RENAULT";"MEGANE III Schrägheck (BZ0/1_, B3_)";78;201001;201508;106;1598
"Kupplungssatz";479;132439;2;2;"RENAULT";"CAPTUR I (J5_, H5_)";110;201803;;150;1332
"Kupplungssatz";479;132508;16;2;"FIAT";"500X (334_)";88;201809;;120;999
"Kupplungssatz";479;132515;6;0;"PEUGEOT";"BIPPER (AA_)";59;201512;;80;1248
"Kupplungssatz";479;132518;2;2;"FORD";"FOCUS IV (HN)";134;201809;;182;1496
"Kupplungssatz";479;132520;3;2;"FORD";"FOCUS IV Turnier (HP)";110;201809;;150;1496
"Kupplungssatz";479;132529;1;5;"KIA";"SPORTAGE IV (QL, QLE)";85;201807;;116;1598
"Kupplungssatz";479;132534;12;3;"KIA";"SPORTAGE IV (QL, QLE)";100;201807;;136;1598
"Kupplungssatz";479;132537;5;3;"KIA";"SPORTAGE IV (QL, QLE)";100;201807;;136;1598
"Kupplungssatz";479;132551;13;0;"PEUGEOT";"207 (WA_, WC_)";54;200708;201312;73;1360
"Kupplungssatz";479;132558;1;4;"DS";"DS 4 / DS 4 CROSSBACK (NX_)";85;201507;201812;116;1560
"Kupplungssatz";479;132568;1;2;"KIA";"CEED Sportswagon (CD)";73;201804;;99;1368
"Kupplungssatz";479;132569;7;3;"KIA";"CEED Sportswagon (CD)";103;201804;;140;1353
"Kupplungssatz";479;132581;1;3;"KIA";"CEED Sportswagon (CD)";100;201805;;136;1598
"Kupplungssatz";479;132590;2;1;"DS";"DS 5 (KF_)";100;201506;201812;136;1997
"Kupplungssatz";479;132619;1;0;"OPEL";"ASTRA G CC (T98)";76;200211;200706;103;1598
"Kupplungssatz";479;132630;4;3;"HYUNDAI";"KONA (OS, OSE, OSI)";100;201808;;136;1598
"Kupplungssatz";479;132643;2;2;"FORD";"MONDEO V Schrägheck (CE)";121;201805;;165;1499
"Kupplungssatz";479;132646;10;2;"FORD";"MONDEO V Turnier (CF)";121;201805;;165;1499
"Kupplungssatz";479;132654;3;2;"NISSAN";"MICRA IV (K13K)";59;201005;201509;80;1198
"Kupplungssatz";479;132701;10;0;"CITROËN";"C3 II Kasten/Schrägheck (SC_)";50;201006;201609;68;1398
"Kupplungssatz";479;132714;2;0;"CITROËN";"C2 ENTERPRISE (JG_)";51;200311;200504;69;1398
"Kupplungssatz";479;132752;1;0;"OPEL";"ASTRA H Kasten/Kombi (L70)";85;200610;201012;116;1598
"Kupplungssatz";479;132782;1;0;"OPEL";"CORSA B Kasten/Schrägheck (S93)";33;199408;200112;45;1195
"Kupplungssatz";479;132787;16;3;"RENAULT";"MEGANE IV Schrägheck (B9A/M/N_)";70;201808;;95;1461
"Kupplungssatz";479;132796;26;4;"RENAULT";"MEGANE IV Schrägheck (B9A/M/N_)";85;201808;;116;1461
"Kupplungssatz";479;132797;39;4;"RENAULT";"MEGANE IV Grandtour (K9A/M/N_)";85;201808;;116;1461
"Kupplungssatz";479;132806;6;2;"DACIA";"LODGY (JS_)";80;201808;;109;1598
"Kupplungssatz";479;132825;1;3;"OPEL";"ZAFIRA TOURER C (P12)";100;201809;201907;136;1598
"Kupplungssatz";479;132831;9;2;"FORD";"S-MAX (CJ, WA6)";121;201807;;165;1499
"Kupplungssatz";479;132833;1;1;"FORD";"GALAXY III (CK)";110;201807;;150;1995
"Kupplungssatz";479;132835;1;0;"FORD";"GALAXY III (CK)";140;201807;;190;1995
"Kupplungssatz";479;132838;1;2;"FORD";"GALAXY III (CK)";121;201807;;165;1499
"Kupplungssatz";479;132839;4;2;"CITROËN";"C5 AIRCROSS (A_)";96;201811;;131;1199
"Kupplungssatz";479;132841;4;2;"CITROËN";"C5 AIRCROSS (A_)";96;201811;;131;1499
"Kupplungssatz";479;132854;1;2;"DACIA";"DUSTER (HM_)";70;201710;;95;1461
"Kupplungssatz";479;132855;32;2;"DACIA";"DUSTER (HM_)";85;201710;;116;1461
"Kupplungssatz";479;132856;7;2;"AUDI";"A1 Sportback (GBA)";85;201807;;116;999
"Kupplungssatz";479;132857;31;2;"DACIA";"DUSTER (HM_)";85;201710;;116;1461
"Kupplungssatz";479;132930;6;2;"AUDI";"A3 Sportback (8VA, 8VF)";85;201807;202010;116;999
"Kupplungssatz";479;132931;2;2;"AUDI";"A3 Sportback (8VA, 8VF)";110;201810;202010;150;1495
"Kupplungssatz";479;132932;11;2;"AUDI";"A3 Sportback (8VA, 8VF)";85;201807;202010;115;1598
"Kupplungssatz";479;132935;3;0;"AUDI";"A3 Limousine (8VS, 8VM)";110;201810;202010;150;1495
"Kupplungssatz";479;132938;3;2;"RENAULT";"CLIO IV Grandtour (KH_)";56;201808;;76;898
"Kupplungssatz";479;132942;3;2;"AUDI";"Q2 (GAB, GAG)";85;201807;;115;1598
"Kupplungssatz";479;132946;1;0;"AUDI";"Q5 (FYB, FYG)";120;201808;202011;163;1968
"Kupplungssatz";479;132995;3;2;"PEUGEOT";"PARTNER Kasten/Großraumlimousine (K9)";96;201809;;131;1499
"Kupplungssatz";479;132997;3;1;"PEUGEOT";"PARTNER Kasten/Großraumlimousine (K9)";55;201809;;75;1560
"Kupplungssatz";479;132998;6;1;"PEUGEOT";"PARTNER Kasten/Großraumlimousine (K9)";73;201809;;99;1560
"Kupplungssatz";479;133018;2;0;"FORD";"KUGA II (DM2)";129;201808;201906;176;1499
"Kupplungssatz";479;133035;1;5;"AUDI";"Q3 (F3B)";110;201808;;150;1495
"Kupplungssatz";479;133038;5;3;"AUDI";"Q3 (F3B)";110;201809;;150;1968
"Kupplungssatz";479;133039;3;4;"AUDI";"Q3 (F3B)";110;201809;;150;1968
"Kupplungssatz";479;133043;4;2;"NISSAN";"JUKE (F15)";83;201807;;113;1598
"Kupplungssatz";479;133075;1;0;"SEAT";"IBIZA IV (6J5, 6P1)";63;200803;201105;85;1390
"Kupplungssatz";479;133086;1;1;"PEUGEOT";"308 SW II Kasten/Kombi (LC_)";73;201404;202106;99;1560
"Kupplungssatz";479;133090;3;0;"MITSUBISHI";"ASX (GA_W_)";86;201006;;117;1590
"Kupplungssatz";479;133096;1;0;"MITSUBISHI";"L200 (K7_T, K6_T, K5_T)";74;200108;200509;101;2477
"Kupplungssatz";479;133105;4;1;"HYUNDAI";"i30 FASTBACK (PDE, PDEN)";100;201808;;136;1582
"Kupplungssatz";479;133107;2;3;"HYUNDAI";"TUCSON (TL, TLE)";100;201808;;136;1598
"Kupplungssatz";479;133115;30;0;"DAIHATSU";"TERIOS (J2_)";77;200906;;105;1495
"Kupplungssatz";479;133128;1;3;"KIA";"OPTIMA Sportswagon (JF)";100;201801;;136;1598
"Kupplungssatz";479;133130;2;0;"SKODA";"ROOMSTER (5J7)";63;201003;201505;86;1390
"Kupplungssatz";479;133135;1;2;"SKODA";"FABIA II (542)";51;200707;201411;69;1198
"Kupplungssatz";479;133157;2;2;"RENAULT";"SCÉNIC IV (J9_)";88;201808;;120;1749
"Kupplungssatz";479;133158;1;1;"FIAT";"PUNTO (188_)";44;200108;200305;60;1242
"Kupplungssatz";479;133159;3;2;"RENAULT";"GRAND SCÉNIC IV (R9_)";88;201808;;120;1749
"Kupplungssatz";479;133169;5;3;"DACIA";"SANDERO II";70;201808;;95;1461
"Kupplungssatz";479;133176;7;1;"FIAT";"PUNTO (188_)";38;200404;200604;52;1242
"Kupplungssatz";479;133177;9;4;"SEAT";"ATECA (KH7, KHP)";110;201807;;150;1495
"Kupplungssatz";479;133179;1;0;"MITSUBISHI";"LANCER CARGO Kasten/Kombi (CS_W)";72;200309;200806;98;1584
"Kupplungssatz";479;133192;4;0;"MERCEDES-BENZ";"SPRINTER 3,5-t Bus (B906)";110;201306;;150;2143
"Kupplungssatz";479;133200;2;2;"CITROËN";"BERLINGO Kasten/Großraumlimousine (K9)";81;201806;;110;1199
"Kupplungssatz";479;133206;1;0;"FORD";"FOCUS I (DAW, DBW)";85;200209;200407;115;1796
"Kupplungssatz";479;133230;1;0;"JEEP";"COMPASS (MK49)";88;200702;;120;1968
"Kupplungssatz";479;133254;11;1;"CITROËN";"BERLINGO Kasten/Großraumlimousine (K9)";75;201806;;102;1499
"Kupplungssatz";479;133257;3;1;"CITROËN";"BERLINGO Kasten/Großraumlimousine (K9)";55;201806;;75;1560
"Kupplungssatz";479;133259;8;1;"CITROËN";"BERLINGO Kasten/Großraumlimousine (K9)";73;201806;;99;1560
"Kupplungssatz";479;133276;1;3;"RENAULT";"MEGANE IV Stufenheck";85;201801;;116;1332
"Kupplungssatz";479;133290;2;0;"CUPRA";"ATECA (KH7, KHP)";221;201809;;300;1984
"Kupplungssatz";479;133291;1;2;"SEAT";"LEON (5F1)";96;201809;202008;130;1495
"Kupplungssatz";479;133292;1;2;"SEAT";"LEON (5F1)";110;201809;202008;150;1495
"Kupplungssatz";479;133293;1;1;"SEAT";"LEON (5F1)";140;201809;202008;190;1984
"Kupplungssatz";479;133301;1;2;"SEAT";"LEON ST (5F8)";96;201809;202008;130;1495
"Kupplungssatz";479;133304;5;4;"SKODA";"OCTAVIA III Combi (5E5, 5E6)";85;201702;202010;115;1598
"Kupplungssatz";479;133312;4;1;"OPEL";"COMBO Kasten/Großraumlimousine (K9)";56;201808;;76;1499
"Kupplungssatz";479;133313;25;2;"OPEL";"COMBO Kasten/Großraumlimousine (K9)";75;201808;;102;1499
"Kupplungssatz";479;133314;4;2;"OPEL";"COMBO Kasten/Großraumlimousine (K9)";96;201808;;131;1499
"Kupplungssatz";479;133373;5;2;"VOLVO";"V40 Kasten/Schrägheck (525)";84;201309;201512;114;1560
"Kupplungssatz";479;133386;1;0;"VW";"GOLF VAN IV Variant (1J5)";55;200005;200606;75;1390
"Kupplungssatz";479;133392;2;0;"VW";"GOLF VAN IV Variant (1J5)";66;199905;200605;90;1896
"Kupplungssatz";479;133401;1;0;"VW";"GOLF VAN IV Variant (1J5)";96;200104;200605;131;1896
"Kupplungssatz";479;133419;2;0;"TOYOTA";"AYGO Kasten/Schrägheck (_B1_)";50;200507;201405;68;998
"Kupplungssatz";479;133425;1;2;"NISSAN";"QASHQAI / QASHQAI +2 I (J10, NJ10, JJ10E)";86;201011;201312;117;1598
"Kupplungssatz";479;133435;3;1;"RENAULT";"TALISMAN Grandtour (KP_)";110;201809;;150;1749
"Kupplungssatz";479;133437;2;0;"RENAULT";"TALISMAN Grandtour (KP_)";165;201809;;224;1798
"Kupplungssatz";479;133445;1;1;"TOYOTA";"COROLLA Stufenheck (_E15_)";100;200703;201012;136;1598
"Kupplungssatz";479;133455;6;2;"RENAULT";"CLIO IV (BH_)";56;201805;;76;898
"Kupplungssatz";479;133470;1;2;"CITROËN";"C3 AIRCROSS II (2R_, 2C_)";73;201808;;99;1499
"Kupplungssatz";479;133472;1;1;"TOYOTA";"YARIS Kasten/Schrägheck (_P13_)";51;201407;;69;998
"Kupplungssatz";479;133475;30;1;"SUZUKI";"JIMNY Geländewagen geschlossen (A6G)";75;201807;;102;1462
"Kupplungssatz";479;133493;1;2;"BMW";"X2 (F39)";85;201811;;116;1496
"Kupplungssatz";479;133510;7;0;"VW";"GOLF VI Van (5K1_)";77;200905;201211;105;1598
"Kupplungssatz";479;133511;1;0;"VW";"GOLF VI Van (5K1_)";90;200810;201211;122;1390
"Kupplungssatz";479;133515;3;1;"VW";"POLO Van (6R)";44;200903;201405;60;1198
"Kupplungssatz";479;133516;3;1;"VW";"POLO Van (6R)";51;200903;201405;69;1198
"Kupplungssatz";479;133517;1;1;"VW";"POLO Van (6R)";55;200910;201405;75;1199
"Kupplungssatz";479;133521;1;2;"VW";"POLO Van (6R)";66;200906;201405;90;1598
"Kupplungssatz";479;133524;1;0;"VW";"GOLF VAN VI Variant (AJ5)";77;200907;201405;105;1598
"Kupplungssatz";479;133534;1;0;"VW";"GOLF PLUS Van (521)";77;200902;201408;105;1598
"Kupplungssatz";479;133535;1;0;"VW";"GOLF PLUS Van (521)";90;200901;201408;122;1390
"Kupplungssatz";479;133559;1;8;"VW";"PASSAT B7 Kasten/Kombi (365)";103;201008;201412;140;1968
"Kupplungssatz";479;133569;2;3;"HYUNDAI";"i30 FASTBACK (PDE, PDEN)";100;201809;;136;1598
"Kupplungssatz";479;133575;2;4;"KIA";"OPTIMA (JF)";99;201609;;135;1685
"Kupplungssatz";479;133584;2;1;"FORD";"KA+ III (UK, FK)";51;201802;;70;1194
"Kupplungssatz";479;133590;1;2;"VW";"GOLF VII Van (5G1)";169;201504;201703;230;1984
"Kupplungssatz";479;133591;1;1;"VW";"GOLF VII Van (5G1)";63;201208;201703;86;1197
"Kupplungssatz";479;133594;2;3;"FIAT";"LINEA (323_, 110_)";63;200610;;86;1248
"Kupplungssatz";479;133612;1;2;"VW";"GOLF VAN VII Variant (BA5)";77;201305;201703;105;1598
"Kupplungssatz";479;133625;3;5;"CITROËN";"GRAND C4 SPACETOURER (3A_, 3E_)";85;201804;;116;1560
"Kupplungssatz";479;133658;1;2;"AUDI";"A4 B9 Avant (8W5, 8WD)";140;201705;201910;190;1984
"Kupplungssatz";479;133679;1;2;"AUDI";"Q2 (GAB, GAG)";85;201807;202010;115;999
"Kupplungssatz";479;133682;44;3;"NISSAN";"QASHQAI II SUV (J11, J11_)";103;201808;;140;1332
"Kupplungssatz";479;133683;23;3;"NISSAN";"QASHQAI II SUV (J11, J11_)";118;201808;;160;1332
"Kupplungssatz";479;133684;19;1;"NISSAN";"QASHQAI II SUV (J11, J11_)";85;201806;;116;1461
"Kupplungssatz";479;133699;1;2;"KIA";"SPORTAGE IV (QL, QLE)";136;201806;;185;1995
"Kupplungssatz";479;133719;1;0;"SUZUKI";"VITARA (LY)";82;201810;;111;998
"Kupplungssatz";479;133732;6;4;"SKODA";"SUPERB III Kombi (3V5)";110;201702;;150;1495
"Kupplungssatz";479;133770;1;2;"CITROËN";"JUMPY III Bus (V_)";88;201806;;120;1499
"Kupplungssatz";479;133787;4;2;"CITROËN";"JUMPY III Kasten (V_)";75;201806;;102;1499
"Kupplungssatz";479;133796;3;2;"PEUGEOT";"TRAVELLER Bus (V_)";88;201806;;120;1499
"Kupplungssatz";479;133798;3;2;"PEUGEOT";"EXPERT Bus (V_)";88;201806;;120;1499
"Kupplungssatz";479;133799;7;2;"PEUGEOT";"EXPERT Kasten (V_)";75;201806;;102;1499
"Kupplungssatz";479;133800;5;2;"PEUGEOT";"EXPERT Kasten (V_)";88;201806;;120;1499
"Kupplungssatz";479;133818;2;0;"SUBARU";"FORESTER (SJ_)";110;201303;;150;1995
"Kupplungssatz";479;133831;2;0;"NISSAN";"QASHQAI / QASHQAI +2 I (J10, NJ10, JJ10E)";103;201001;201404;140;1997
"Kupplungssatz";479;133853;1;0;"SUZUKI";"SX4 (EY, GY)";79;200606;201212;107;1586
"Kupplungssatz";479;133855;1;0;"SUZUKI";"SPLASH (EX)";63;200804;201412;86;1242
"Kupplungssatz";479;133857;1;5;"SKODA";"KODIAQ (NS7, NV7, NS6)";110;201807;;150;1495
"Kupplungssatz";479;133860;4;3;"VW";"CADDY IV Großraumlimousine (SAB, SAJ)";96;201807;202009;131;1395
"Kupplungssatz";479;133864;18;4;"VW";"TOURAN (5T1)";110;201811;;150;1495
"Kupplungssatz";479;133865;33;1;"VW";"POLO VI (AW1, BZ1, AE1)";59;201809;;80;999
"Kupplungssatz";479;133868;11;4;"VW";"PASSAT B8 Variant (3G5, CB5)";110;201808;;150;1495
"Kupplungssatz";479;133872;2;1;"VW";"TRANSPORTER T6 / CARAVELLE T6 Bus (SGB, SGJ, SHB, SHJ)";146;201811;;199;1968
"Kupplungssatz";479;133876;1;0;"RENAULT";"THALIA II (LU_)";72;200901;201112;98;1390
"Kupplungssatz";479;133896;1;0;"DACIA";"SANDERO";64;200806;201212;87;1598
"Kupplungssatz";479;133969;2;0;"KIA";"SPORTAGE III (SL)";99;201401;201512;135;1591
"Kupplungssatz";479;133978;1;2;"DS";"DS 3 / DS 3 CROSSBACK (UR_, UC_, UJ_)";74;201810;;101;1199
"Kupplungssatz";479;133981;1;2;"DS";"DS 3 / DS 3 CROSSBACK (UR_, UC_, UJ_)";75;201810;;102;1499
"Kupplungssatz";479;134046;4;0;"RENAULT";"MEGANE III Combi Van (KZ0/1)";81;200901;201508;110;1461
"Kupplungssatz";479;134048;1;2;"MERCEDES-BENZ";"A-CLASS (W177)";110;201811;;150;1950
"Kupplungssatz";479;134068;1;1;"FORD";"FOCUS IV Stufenheck (HM)";88;201811;;120;1499
"Kupplungssatz";479;134072;2;0;"SUBARU";"FORESTER (SH_)";110;200901;201112;150;1994
"Kupplungssatz";479;134073;1;0;"SUBARU";"IMPREZA Schrägheck (GR, GH, G3)";110;200901;201203;150;1994
"Kupplungssatz";479;134099;4;2;"DACIA";"DOKKER Großraumlimousine (KE_)";80;201808;;109;1598
"Kupplungssatz";479;134116;2;0;"MAHINDRA";"SCORPIO Pick-up";103;201709;;140;2179
"Kupplungssatz";479;134141;1;1;"KIA";"RIO IV (YB, SC, FB)";74;201701;;101;1368
"Kupplungssatz";479;134225;2;0;"TOYOTA";"HILUX VI Pick-up (_N1_)";61;199708;200108;83;2446
"Kupplungssatz";479;134243;1;3;"MERCEDES-BENZ";"B-CLASS Sports Tourer (W247)";120;201812;;163;1332
"Kupplungssatz";479;134265;4;1;"SEAT";"ARONA (KJ7, KJP)";66;201811;;90;999
"Kupplungssatz";479;134271;3;5;"AUDI";"Q2 (GAB, GAG)";110;201807;;150;1495
"Kupplungssatz";479;134283;4;1;"SEAT";"IBIZA V (KJ1, KJG)";59;201807;;80;999
"Kupplungssatz";479;134284;1;2;"AUDI";"Q3 (F3B)";140;201807;;190;1984
"Kupplungssatz";479;134288;1;4;"SEAT";"TARRACO (KN2)";110;201809;;150;1495
"Kupplungssatz";479;134289;7;3;"SEAT";"TARRACO (KN2)";110;201809;;150;1968
"Kupplungssatz";479;134294;13;2;"VW";"T-CROSS (C11)";70;201812;;95;999
"Kupplungssatz";479;134295;9;2;"VW";"T-CROSS (C11)";85;201812;;116;999
"Kupplungssatz";479;134325;1;1;"TOYOTA";"HILUX VIII Pick-up (_N1_)";125;201810;;170;2393
"Kupplungssatz";479;134333;1;2;"NISSAN";"JUKE (F15)";85;201603;;116;1598
"Kupplungssatz";479;134375;1;1;"HYUNDAI";"ix20 (JC)";66;201011;201907;90;1396
"Kupplungssatz";479;134380;1;3;"HYUNDAI";"i40 I CW (VF)";100;201807;201905;136;1598
"Kupplungssatz";479;134383;2;3;"HYUNDAI";"i30 Kombi (PDE)";100;201808;;136;1598
"Kupplungssatz";479;134384;2;3;"MERCEDES-BENZ";"B-CLASS Sports Tourer (W247)";85;201812;;116;1461
"Kupplungssatz";479;134385;1;1;"KIA";"STONIC (YB)";71;201811;;97;1368
"Kupplungssatz";479;134386;5;1;"KIA";"PICANTO III (JA)";48;201811;;65;998
"Kupplungssatz";479;134390;1;2;"SEAT";"LEON (5F1)";96;201810;202008;131;1498
"Kupplungssatz";479;134392;2;2;"SEAT";"LEON ST (5F8)";96;201810;202008;131;1498
"Kupplungssatz";479;134446;2;2;"AUDI";"A4 B9 Avant (8W5, 8WD)";110;201812;;150;1984
"Kupplungssatz";479;134482;1;0;"FORD";"FOCUS II Kasten/Kombi";80;200407;201107;109;1560
"Kupplungssatz";479;134483;2;0;"FORD";"FOCUS II Kasten/Kombi";100;200509;201107;136;1997
"Kupplungssatz";479;134486;1;3;"FORD";"FOCUS II Kasten/Kombi";74;200509;201107;101;1596
"Kupplungssatz";479;134487;2;0;"FORD";"FOCUS II Kasten/Kombi";66;200509;201107;90;1560
"Kupplungssatz";479;134495;1;3;"FORD";"FOCUS III Kasten/Schrägheck";70;201101;;95;1560
"Kupplungssatz";479;134534;6;1;"VW";"MULTIVAN T6 (SGF, SGM, SGN, SHM, SHN)";146;201812;;199;1968
"Kupplungssatz";479;134538;1;0;"NISSAN";"MICRA V (K14)";74;201812;;101;999
"Kupplungssatz";479;134555;1;1;"VW";"TRANSPORTER T6 / CARAVELLE T6 Bus (SGB, SGJ, SHB, SHJ)";146;201808;;199;1968
"Kupplungssatz";479;134606;5;3;"KIA";"PROCEED (CD)";103;201810;;140;1353
"Kupplungssatz";479;134608;5;3;"KIA";"PROCEED (CD)";150;201810;;204;1591
"Kupplungssatz";479;134610;1;3;"KIA";"CEED (CD)";150;201810;;204;1591
"Kupplungssatz";479;134620;3;1;"OPEL";"COMBO Kasten/Großraumlimousine (K9)";73;201806;;99;1560
"Kupplungssatz";479;134658;2;2;"RENAULT";"CAPTUR I (J5_, H5_)";96;201803;;131;1332
"Kupplungssatz";479;134712;1;0;"RENAULT";"MEGANE III Hatchback Van (BZ_)";81;200902;201508;110;1461
"Kupplungssatz";479;134730;6;0;"HYUNDAI";"i30 FASTBACK (PDE, PDEN)";202;201707;;275;1998
"Kupplungssatz";479;134740;10;5;"VW";"TIGUAN (AD1, AX1)";110;201811;;150;1495
"Kupplungssatz";479;134747;1;0;"MAZDA";"3 Schrägheck (BP)";90;201811;;122;1998
"Kupplungssatz";479;135019;1;0;"TOYOTA";"COROLLA Schrägheck (_E21_, _EA1_, _EH1_)";85;201901;;116;1197
"Kupplungssatz";479;135073;1;1;"RENAULT";"TALISMAN Grandtour (KP_)";147;201901;;200;1997
"Kupplungssatz";479;135143;4;2;"AUDI";"A1 Sportback (GBA)";70;201811;;95;999
"Kupplungssatz";479;135261;3;4;"RENAULT";"MEGANE IV Stufenheck";85;201902;;115;1461
"Kupplungssatz";479;135269;1;3;"HYUNDAI";"i30 (PDE, PD, PDEN)";70;201808;;95;1598
"Kupplungssatz";479;135282;17;4;"DACIA";"LODGY (JS_)";85;201808;;116;1461
"Kupplungssatz";479;135283;6;3;"DACIA";"LODGY (JS_)";70;201808;;95;1461
"Kupplungssatz";479;135288;1;3;"RENAULT";"MEGANE IV Schrägheck (B9A/M/N_)";117;201811;;159;1332
"Kupplungssatz";479;135289;1;0;"DACIA";"LOGAN MCV II";70;201810;;95;1461
"Kupplungssatz";479;135290;11;2;"DACIA";"DOKKER Großraumlimousine (KE_)";70;201812;;95;1461
"Kupplungssatz";479;135291;24;3;"DACIA";"DUSTER (HM_)";96;201901;;131;1332
"Kupplungssatz";479;135292;8;3;"DACIA";"DUSTER (HM_)";110;201901;;150;1332
"Kupplungssatz";479;135315;3;2;"SKODA";"KAROQ (NU7, ND7)";110;201707;;150;1968
"Kupplungssatz";479;135334;3;3;"RENAULT";"CLIO IV (BH_)";63;201211;;86;1461
"Kupplungssatz";479;135341;3;2;"SKODA";"SCALA (NW1)";85;201902;;116;999
"Kupplungssatz";479;135343;2;2;"SKODA";"SCALA (NW1)";85;201902;;116;1598
"Kupplungssatz";479;135359;6;1;"VW";"TOURAN (5T1)";85;201812;;116;999
"Kupplungssatz";479;135373;1;0;"FORD";"MONDEO V Turnier (CF)";110;201901;;150;1995
"Kupplungssatz";479;135394;2;3;"RENAULT";"MEGANE IV Grandtour (K9A/M/N_)";117;201807;;159;1332
"Kupplungssatz";479;135552;1;1;"FORD";"FOCUS IV Stufenheck (HM)";92;201811;;125;999
"Kupplungssatz";479;135596;1;1;"HYUNDAI";"ACCENT V Stufenheck (HC)";94;201701;;128;1582
"Kupplungssatz";479;135617;1;1;"NISSAN";"QASHQAI II SUV (J11, J11_)";110;201901;;150;1749
"Kupplungssatz";479;135621;2;1;"SKODA";"OCTAVIA III Combi (5E5, 5E6)";96;201901;202010;130;1498
"Kupplungssatz";479;135622;1;0;"VW";"GOLF VII (5G1, BQ1, BE1, BE2)";213;201811;202008;290;1984
"Kupplungssatz";479;135635;1;0;"PEUGEOT";"PARTNER Pritsche/Fahrgestell (5_, G_)";55;200602;200807;75;1560
"Kupplungssatz";479;135643;3;0;"DACIA";"LOGAN II";70;201805;;95;1461
"Kupplungssatz";479;135644;1;5;"VW";"TIGUAN ALLSPACE (BW2, BJ2)";110;201809;;150;1495
"Kupplungssatz";479;135652;1;0;"TOYOTA";"COROLLA Stufenheck (_E21_)";97;201901;;132;1598
"Kupplungssatz";479;135707;1;0;"MERCEDES-BENZ";"CITAN Tourer (W415)";59;201902;202108;80;1461
"Kupplungssatz";479;135709;6;0;"MERCEDES-BENZ";"CITAN Tourer (W415)";70;201902;202108;95;1461
"Kupplungssatz";479;135710;4;0;"MERCEDES-BENZ";"CITAN Tourer (W415)";85;201902;202108;116;1461
"Kupplungssatz";479;135749;1;4;"MERCEDES-BENZ";"SPRINTER 3,5-t Kasten (B907, B910)";120;201901;;163;2143
"Kupplungssatz";479;135806;2;1;"CITROËN";"C3 III (SX)";60;201607;;82;1199
"Kupplungssatz";479;135808;2;1;"FORD";"RANGER (TKE)";96;201903;;130;1995
"Kupplungssatz";479;135810;13;1;"FORD";"RANGER (TKE)";125;201903;;170;1995
"Kupplungssatz";479;135944;5;2;"VW";"T-CROSS (C11)";70;201812;;95;1598
"Kupplungssatz";479;135953;1;1;"RENAULT";"KADJAR (HA_, HL_)";110;201808;;150;1749
"Kupplungssatz";479;135954;2;0;"RENAULT";"KANGOO / GRAND KANGOO II (KW0/1_)";59;201903;;80;1461
"Kupplungssatz";479;135955;6;0;"RENAULT";"KANGOO / GRAND KANGOO II (KW0/1_)";85;201903;;115;1461
"Kupplungssatz";479;135957;11;2;"DACIA";"DOKKER Großraumlimousine (KE_)";96;201903;;131;1332
"Kupplungssatz";479;135975;1;2;"LAND ROVER";"RANGE ROVER EVOQUE (L551)";110;201812;;150;1999
"Kupplungssatz";479;136004;1;0;"MERCEDES-BENZ";"VITO Tourer (W447)";100;201903;;136;1950
"Kupplungssatz";479;136011;1;0;"MERCEDES-BENZ";"VITO Kasten (W447)";100;202004;;136;1950
"Kupplungssatz";479;136024;1;0;"MITSUBISHI";"PAJERO II (V3_W, V2_W, V4_W, V5_W)";130;199711;200004;177;2972
"Kupplungssatz";479;136072;1;1;"NISSAN";"X-TRAIL III (T32_, T32R, T32RR)";110;201904;;150;1749
"Kupplungssatz";479;136073;2;1;"NISSAN";"X-TRAIL III (T32_, T32R, T32RR)";110;201904;;150;1749
"Kupplungssatz";479;136077;3;3;"AUDI";"A3 Sportback (8VA, 8VF)";110;201807;202010;150;1968
"Kupplungssatz";479;136083;1;3;"MERCEDES-BENZ";"A-CLASS Stufenheck (V177)";100;201904;;136;1332
"Kupplungssatz";479;136107;3;2;"AUDI";"A4 B9 (8W2, 8WC)";110;201508;;150;1968
"Kupplungssatz";479;136112;1;2;"AUDI";"A4 B9 Avant (8W5, 8WD)";140;201810;202009;190;1968
"Kupplungssatz";479;136136;1;0;"AUDI";"A6 C8 Avant (4A5)";120;201903;;163;1968
"Kupplungssatz";479;136145;1;4;"FORD";"FIESTA VII Van";63;201904;;86;1499
"Kupplungssatz";479;136152;1;3;"HYUNDAI";"TUCSON (TL, TLE)";85;201903;;116;1598
"Kupplungssatz";479;136153;7;3;"HYUNDAI";"TUCSON (TL, TLE)";100;201903;;136;1598
"Kupplungssatz";479;136154;2;3;"HYUNDAI";"TUCSON (TL, TLE)";100;201903;;136;1598
"Kupplungssatz";479;136157;2;3;"KIA";"SPORTAGE IV (QL, QLE)";100;201903;;136;1598
"Kupplungssatz";479;136159;9;1;"SKODA";"SCALA (NW1)";70;201902;;95;999
"Kupplungssatz";479;136160;4;2;"FIAT";"PANDA (312_, 319_)";51;201903;;69;875
"Kupplungssatz";479;136202;6;2;"DACIA";"LODGY (JS_)";96;201901;;131;1332
"Kupplungssatz";479;136203;13;1;"RENAULT";"TWINGO III (BCM_, BCA_)";48;201903;;65;998
"Kupplungssatz";479;136204;16;1;"RENAULT";"TWINGO III (BCM_, BCA_)";54;201903;;73;999
"Kupplungssatz";479;136290;9;2;"BMW";"1 (F40)";103;201907;;140;1499
"Kupplungssatz";479;136292;3;2;"BMW";"1 (F40)";85;201907;;116;1496
"Kupplungssatz";479;136293;2;1;"BMW";"1 (F40)";110;201907;;150;1995
"Kupplungssatz";479;136389;1;1;"TOYOTA";"HIACE VI Kasten (__H3__)";130;201905;;177;2755
"Kupplungssatz";479;136464;2;2;"AUDI";"A4 B9 (8W2, 8WC)";90;201605;201911;122;1968
"Kupplungssatz";479;136521;1;3;"MERCEDES-BENZ";"CLA Shooting Brake (X118)";85;201906;;116;1461
"Kupplungssatz";479;136530;11;2;"PEUGEOT";"208 II (UB_, UP_, UW_, UJ_)";74;201906;;101;1199
"Kupplungssatz";479;136532;13;2;"PEUGEOT";"208 II (UB_, UP_, UW_, UJ_)";75;201906;;102;1499
"Kupplungssatz";479;136545;1;1;"FORD";"FIESTA VII Van";52;201904;;71;1084
"Kupplungssatz";479;136546;1;1;"FORD";"FIESTA VII Van";74;201904;;101;998
"Kupplungssatz";479;136596;2;1;"CITROËN";"C3 III Van (SX_, SY_)";61;201903;;83;1199
"Kupplungssatz";479;136619;1;4;"CITROËN";"C3 AIRCROSS II Van (2C_, 2R_)";81;201905;;110;1199
"Kupplungssatz";479;136624;1;2;"CITROËN";"C3 AIRCROSS II Van (2C_, 2R_)";73;201905;;99;1499
"Kupplungssatz";479;136628;2;2;"PEUGEOT";"308 SW II Kasten/Kombi (LC_)";96;201706;202106;131;1499
"Kupplungssatz";479;136698;3;2;"MITSUBISHI";"L200 / TRITON (KJ_, KK_, KL_)";110;201907;;150;2268
"Kupplungssatz";479;136701;8;1;"PEUGEOT";"208 II (UB_, UP_, UW_, UJ_)";55;201906;;75;1199
"Kupplungssatz";479;136728;31;1;"FORD";"TRANSIT CONNECT V408 Kasten/Großraumlimousine";74;201805;;101;1499
"Kupplungssatz";479;136729;3;3;"RENAULT";"TWINGO III (BCM_, BCA_)";68;201903;;92;898
"Kupplungssatz";479;136868;4;2;"OPEL";"COMBO Kasten/Großraumlimousine (K9)";81;201902;;110;1199
"Kupplungssatz";479;136872;4;1;"PEUGEOT";"BOXER Bus";103;201907;;140;2179
"Kupplungssatz";479;136878;4;2;"TOYOTA";"PROACE Bus (MDZ_)";88;201808;;120;1499
"Kupplungssatz";479;136894;1;1;"VW";"POLO IV Stufenheck (9N2)";61;200301;201012;83;1390
"Kupplungssatz";479;136916;5;1;"OPEL";"CROSSLAND X / CROSSLAND (P17, P2QO)";61;201907;;83;1199
"Kupplungssatz";479;136952;1;2;"TOYOTA";"PROACE Bus (MDZ_)";75;201808;;102;1499
"Kupplungssatz";479;136956;9;3;"RENAULT";"TRAFIC III Kasten (FG_)";107;201906;;145;1997
"Kupplungssatz";479;137031;12;1;"PEUGEOT";"BOXER Kasten";88;201907;;120;2179
"Kupplungssatz";479;137032;18;1;"PEUGEOT";"BOXER Kasten";103;201907;;140;2179
"Kupplungssatz";479;137033;10;0;"PEUGEOT";"BOXER Kasten";121;201907;;165;2179
"Kupplungssatz";479;137056;3;2;"SKODA";"KAMIQ (NW4)";70;201907;;95;999
"Kupplungssatz";479;137058;5;2;"SKODA";"KAMIQ (NW4)";85;201907;;115;999
"Kupplungssatz";479;137091;1;1;"CITROËN";"JUMPY III Kasten (V_)";66;201809;;90;1560
"Kupplungssatz";479;137217;4;0;"MERCEDES-BENZ";"CITAN Kasten/Großraumlimousine (W415)";59;201905;202108;80;1461
"Kupplungssatz";479;137221;5;0;"MERCEDES-BENZ";"CITAN Kasten/Großraumlimousine (W415)";70;201905;202108;95;1461
"Kupplungssatz";479;137226;4;0;"MERCEDES-BENZ";"CITAN Kasten/Großraumlimousine (W415)";85;201905;202108;116;1461
"Kupplungssatz";479;137257;2;2;"TOYOTA";"PROACE Kasten (MDZ_)";75;201905;;102;1499
"Kupplungssatz";479;137258;11;2;"TOYOTA";"PROACE Kasten (MDZ_)";88;201905;;120;1499
"Kupplungssatz";479;137264;4;2;"OPEL";"ZAFIRA LIFE Bus (K0)";88;201903;;120;1499
"Kupplungssatz";479;137265;2;2;"OPEL";"ZAFIRA LIFE Bus (K0)";75;201903;;102;1499
"Kupplungssatz";479;137278;2;0;"MITSUBISHI";"L200 (K7_T, K6_T, K5_T)";71;199606;200103;97;2835
"Kupplungssatz";479;137282;14;3;"OPEL";"ZAFIRA LIFE Bus (K0)";110;201903;;150;1997
"Kupplungssatz";479;137410;3;4;"MERCEDES-BENZ";"SPRINTER 3-t Pritsche/Fahrgestell (B910, B907)";105;201802;;143;2143
"Kupplungssatz";479;137471;7;4;"MERCEDES-BENZ";"SPRINTER 3-t Pritsche/Fahrgestell (B910, B907)";120;201802;;163;2143
"Kupplungssatz";479;137563;1;1;"FORD";"TRANSIT V363 Kasten (FCD, FDD)";125;201905;;170;1995
"Kupplungssatz";479;137585;1;2;"PEUGEOT";"2008 II (UD_, US_, UY_, UK_)";96;201908;;131;1499
"Kupplungssatz";479;137586;4;2;"PEUGEOT";"2008 II (UD_, US_, UY_, UK_)";75;201908;;102;1499
"Kupplungssatz";479;137587;6;2;"PEUGEOT";"2008 II (UD_, US_, UY_, UK_)";96;201908;;130;1199
"Kupplungssatz";479;137589;7;3;"DACIA";"DUSTER (HM_)";96;201901;;131;1332
"Kupplungssatz";479;137590;14;3;"DACIA";"DUSTER (HM_)";110;201901;;150;1332
"Kupplungssatz";479;137591;6;2;"DACIA";"DUSTER (HM_)";74;201901;;101;999
"Kupplungssatz";479;137594;2;2;"HYUNDAI";"KONA (OS, OSE, OSI)";104;201909;;141;1580
"Kupplungssatz";479;137624;2;3;"KIA";"XCEED (CD)";103;201906;;140;1353
"Kupplungssatz";479;137627;1;3;"KIA";"XCEED (CD)";100;201906;;136;1598
"Kupplungssatz";479;137641;2;1;"FORD";"PUMA (J2K, CF7)";92;201909;;125;999
"Kupplungssatz";479;137655;3;3;"FORD";"TOURNEO CUSTOM V362 Bus (F3)";136;201905;;185;1995
"Kupplungssatz";479;137656;11;1;"FORD";"TOURNEO CUSTOM V362 Bus (F3)";136;201905;;185;1995
"Kupplungssatz";479;137659;2;1;"FORD";"TOURNEO CUSTOM V362 Bus (F3)";96;201905;;130;1995
"Kupplungssatz";479;137660;2;1;"FORD";"TRANSIT CUSTOM V362 Bus (F3)";96;201905;;130;1995
"Kupplungssatz";479;137666;9;0;"FORD";"PUMA (J2K, CF7)";92;201909;;125;999
"Kupplungssatz";479;137668;9;3;"VW";"TOURAN (5T1)";85;201902;;116;1968
"Kupplungssatz";479;137672;16;1;"FORD";"PUMA (J2K, CF7)";114;201909;;155;999
"Kupplungssatz";479;137680;2;1;"NISSAN";"JUKE (F16_)";86;201908;;117;999
"Kupplungssatz";479;137698;1;1;"FORD";"TRANSIT CUSTOM V362 Kasten (FY, FZ)";96;201905;;130;1995
"Kupplungssatz";479;137711;3;3;"FORD";"TRANSIT CUSTOM V362 Kasten (FY, FZ)";136;201905;;185;1995
"Kupplungssatz";479;137724;40;1;"OPEL";"CORSA F (P2JO)";55;201907;;75;1199
"Kupplungssatz";479;137725;29;2;"OPEL";"CORSA F (P2JO)";74;201907;;101;1199
"Kupplungssatz";479;137727;20;2;"OPEL";"CORSA F (P2JO)";75;201907;;102;1499
"Kupplungssatz";479;137729;1;1;"OPEL";"ASTRA K (B16)";81;201908;;110;1199
"Kupplungssatz";479;137730;4;1;"OPEL";"ASTRA K (B16)";96;201908;;131;1199
"Kupplungssatz";479;137731;2;1;"OPEL";"ASTRA K (B16)";107;201908;;145;1199
"Kupplungssatz";479;137732;9;2;"RENAULT";"KANGOO / GRAND KANGOO II (KW0/1_)";70;201903;;95;1461
"Kupplungssatz";479;137736;10;1;"OPEL";"ASTRA K Sports Tourer (B16)";81;201908;;110;1199
"Kupplungssatz";479;137737;10;1;"OPEL";"ASTRA K Sports Tourer (B16)";96;201908;;131;1199
"Kupplungssatz";479;137756;11;2;"OPEL";"VIVARO C Kasten (K0)";75;201903;;102;1499
"Kupplungssatz";479;137757;29;2;"OPEL";"VIVARO C Kasten (K0)";88;201903;;120;1499
"Kupplungssatz";479;137758;42;3;"OPEL";"VIVARO C Kasten (K0)";90;201903;;122;1997
"Kupplungssatz";479;137759;22;3;"OPEL";"VIVARO C Kasten (K0)";110;201903;;150;1997
"Kupplungssatz";479;137761;1;2;"OPEL";"VIVARO C Bus (K0)";75;201903;;102;1499
"Kupplungssatz";479;137762;6;2;"OPEL";"VIVARO C Bus (K0)";88;201903;;120;1499
"Kupplungssatz";479;137763;4;3;"OPEL";"VIVARO C Bus (K0)";90;201903;;122;1997
"Kupplungssatz";479;137764;1;3;"OPEL";"VIVARO C Bus (K0)";110;201903;;150;1997
"Kupplungssatz";479;137771;18;1;"FORD";"TRANSIT CONNECT V408 Kasten/Großraumlimousine";88;201805;;120;1499
"Kupplungssatz";479;137772;5;1;"FORD";"TRANSIT CONNECT Großraumlimousine";74;201805;;101;1499
"Kupplungssatz";479;137773;2;1;"FORD";"TRANSIT CONNECT Großraumlimousine";88;201505;;120;1499
"Kupplungssatz";479;137776;1;0;"PEUGEOT";"PARTNER ORIGIN Großraumlimousine (G_)";55;200808;201312;75;1560
"Kupplungssatz";479;137777;1;0;"PEUGEOT";"PARTNER ORIGIN Großraumlimousine (G_)";51;200808;201312;69;1868
"Kupplungssatz";479;137822;4;4;"RENAULT";"TRAFIC III Bus (JG_)";89;201901;;121;1598
"Kupplungssatz";479;137831;1;1;"FORD";"TRANSIT CONNECT V408 Kasten/Großraumlimousine";55;201805;;75;1499
"Kupplungssatz";479;137844;13;1;"FORD";"TOURNEO CONNECT / GRAND TOURNEO CONNECT V408 Großraumlimousi";88;201805;;120;1499
"Kupplungssatz";479;137846;4;1;"FORD";"TOURNEO CONNECT / GRAND TOURNEO CONNECT V408 Großraumlimousi";74;201805;;101;1499
"Kupplungssatz";479;137905;1;0;"PEUGEOT";"PARTNER TEPEE";55;200806;;75;1560
"Kupplungssatz";479;137938;5;1;"VW";"MULTIVAN T6 (SGF, SGM, SGN, SHM, SHN)";81;201907;;110;1968
"Kupplungssatz";479;137946;14;1;"VW";"TRANSPORTER T6 / CARAVELLE T6 Bus (SGB, SGJ, SHB, SHJ)";81;201907;;110;1968
"Kupplungssatz";479;137972;52;1;"VW";"TRANSPORTER T6 Kasten (SGA, SGH, SHA, SHH)";81;201907;;110;1968
"Kupplungssatz";479;137990;8;1;"VW";"TRANSPORTER T6 Kasten (SGA, SGH, SHA, SHH)";66;201910;;90;1968
"Kupplungssatz";479;138017;6;1;"VW";"TRANSPORTER T6 Pritsche/Fahrgestell (SFD, SFE, SFL, SFZ, SJD";81;201907;;110;1968
"Kupplungssatz";479;138018;1;1;"VW";"TRANSPORTER T6 Pritsche/Fahrgestell (SFD, SFE, SFL, SFZ, SJD";66;201910;;90;1968
"Kupplungssatz";479;138027;19;2;"RENAULT";"TRAFIC III Kasten (FG_)";88;201906;;120;1997
"Kupplungssatz";479;138028;1;3;"RENAULT";"TRAFIC III Kasten (FG_)";125;201906;;170;1997
"Kupplungssatz";479;138074;24;4;"OPEL";"VIVARO B Kasten (X82)";89;201603;201912;121;1598
"Kupplungssatz";479;138108;2;7;"MERCEDES-BENZ";"VITO Tourer (W447)";75;201909;;102;1749
"Kupplungssatz";479;138121;5;5;"RENAULT";"CLIO V (B7_)";74;201906;;101;999
"Kupplungssatz";479;138123;9;2;"RENAULT";"CLIO V (B7_)";63;201906;;86;1461
"Kupplungssatz";479;138124;2;2;"RENAULT";"CLIO V (B7_)";85;201906;;116;1461
"Kupplungssatz";479;138125;1;4;"RENAULT";"DUSTER (HM_)";80;201907;;109;1461
"Kupplungssatz";479;138131;10;5;"MERCEDES-BENZ";"VITO Kasten (W447)";75;201909;;102;1749
"Kupplungssatz";479;138133;1;7;"MERCEDES-BENZ";"VITO Tourer (W447)";100;201909;;136;1749
"Kupplungssatz";479;138134;12;5;"MERCEDES-BENZ";"VITO Kasten (W447)";100;201909;;136;1749
"Kupplungssatz";479;138164;1;4;"SKODA";"KAMIQ (NW4)";110;201907;;150;1495
"Kupplungssatz";479;138181;3;5;"FORD";"TRANSIT V363 Kasten (FCD, FDD)";136;201905;;185;1995
"Kupplungssatz";479;138182;12;3;"FORD";"TRANSIT V363 Kasten (FCD, FDD)";136;201905;;185;1995
"Kupplungssatz";479;138216;1;5;"FORD";"TRANSIT V363 Pritsche/Fahrgestell (FED, FFD)";136;201905;;185;1995
"Kupplungssatz";479;138232;1;3;"OPEL";"MOVANO B Bus (X62)";132;201908;;179;2298
"Kupplungssatz";479;138233;7;3;"OPEL";"MOVANO B Kasten (X62)";132;201908;;179;2298
"Kupplungssatz";479;138242;1;2;"RENAULT";"CLIO V (B7_)";53;201906;;72;999
"Kupplungssatz";479;138286;12;2;"FIAT";"TALENTO Kasten (296_)";88;201907;;120;1997
"Kupplungssatz";479;138287;1;2;"FIAT";"TALENTO Kasten (296_)";107;201907;;145;1997
"Kupplungssatz";479;138446;1;5;"AUDI";"Q3 Sportback (F3N)";110;201909;;150;1495
"Kupplungssatz";479;138450;1;4;"AUDI";"Q3 Sportback (F3N)";110;201909;;150;1968
"Kupplungssatz";479;138488;1;3;"TOYOTA";"PROACE Bus (MDZ_)";90;201907;;122;1997
"Kupplungssatz";479;138493;2;3;"RENAULT";"MASTER III Pritsche/Fahrgestell (EV, HV, UV)";132;201907;;179;2298
"Kupplungssatz";479;138535;7;4;"FIAT";"DUCATO Pritsche/Fahrgestell (250_)";103;201905;;140;2287
"Kupplungssatz";479;138536;7;2;"FIAT";"DUCATO Pritsche/Fahrgestell (250_)";118;201905;;160;2287
"Kupplungssatz";479;138537;8;2;"FIAT";"DUCATO Kasten (250_)";118;201905;;160;2287
"Kupplungssatz";479;138538;32;4;"FIAT";"DUCATO Kasten (250_)";103;201905;;140;2287
"Kupplungssatz";479;138539;4;4;"FIAT";"DUCATO Bus (250_)";103;201905;;140;2287
"Kupplungssatz";479;138598;5;1;"CITROËN";"JUMPER II Kasten";88;201908;;120;2179
"Kupplungssatz";479;138599;9;1;"CITROËN";"JUMPER II Kasten";103;201908;;140;2179
"Kupplungssatz";479;138600;22;0;"CITROËN";"JUMPER II Kasten";121;201908;;165;2179
"Kupplungssatz";479;138603;2;1;"CITROËN";"JUMPER II Bus";103;201908;;140;2179
"Kupplungssatz";479;138605;1;1;"CITROËN";"JUMPER II Pritsche/Fahrgestell";88;201908;;120;2179
"Kupplungssatz";479;138606;7;1;"CITROËN";"JUMPER II Pritsche/Fahrgestell";103;201908;;140;2179
"Kupplungssatz";479;138607;3;0;"CITROËN";"JUMPER II Pritsche/Fahrgestell";121;201908;;165;2179
"Kupplungssatz";479;138631;6;1;"PEUGEOT";"BOXER Pritsche/Fahrgestell";103;201908;;140;2179
"Kupplungssatz";479;138632;6;0;"PEUGEOT";"BOXER Pritsche/Fahrgestell";121;201908;;165;2179
"Kupplungssatz";479;138646;1;0;"RENAULT";"MASTER PRO Kasten (FH__)";85;200506;201004;116;2953
"Kupplungssatz";479;138657;11;4;"RENAULT";"TRAFIC III Kasten (FG_)";89;201507;;121;1598
"Kupplungssatz";479;138674;1;0;"MERCEDES-BENZ";"SPRINTER 4,6-t Pritsche/Fahrgestell (B906)";84;201604;;114;2143
"Kupplungssatz";479;138677;1;0;"OPEL";"ZAFIRA B Kasten/Großraumlimousine (A05)";110;200507;201504;150;1910
"Kupplungssatz";479;138679;4;0;"OPEL";"ZAFIRA B Kasten/Großraumlimousine (A05)";88;200507;201504;120;1910
"Kupplungssatz";479;138682;1;0;"OPEL";"ZAFIRA B Kasten/Großraumlimousine (A05)";69;200507;201504;94;1598
"Kupplungssatz";479;138699;2;2;"VW";"GOLF VIII (CD1)";96;201907;;131;1495
"Kupplungssatz";479;138701;16;4;"VW";"GOLF VIII (CD1)";85;201908;;116;1968
"Kupplungssatz";479;138702;8;4;"VW";"GOLF VIII (CD1)";110;201908;;150;1968
"Kupplungssatz";479;138725;1;2;"HYUNDAI";"TUCSON (JM)";104;200406;201003;141;1975
"Kupplungssatz";479;138740;1;1;"HYUNDAI";"i10 I (PA)";48;200901;201312;65;1086
"Kupplungssatz";479;138767;5;4;"RENAULT";"MEGANE III Schrägheck (BZ0/1_, B3_)";81;200905;201508;110;1598
"Kupplungssatz";479;138771;10;3;"RENAULT";"MASTER III Kasten (FV)";132;201907;;179;2298
"Kupplungssatz";479;138773;2;0;"HYUNDAI";"i20 I (PB, PBT)";56;200812;201408;76;1197
"Kupplungssatz";479;138778;9;2;"DACIA";"DOKKER Express Kasten/Großraumlimousine";70;201906;;95;1461
"Kupplungssatz";479;138783;1;2;"NISSAN";"NV300 Kasten (X82)";88;201907;;120;1997
"Kupplungssatz";479;138788;1;2;"NISSAN";"NV300 Kombi (X82)";107;201907;;145;1997
"Kupplungssatz";479;138829;2;0;"ISUZU";"D-MAX I Pritsche/Fahrgestell (TFR, TFS)";100;200610;201210;136;2499
"Kupplungssatz";479;138844;4;2;"RENAULT";"TRAFIC III Bus (JG_)";88;201906;;120;1997
"Kupplungssatz";479;138845;4;3;"RENAULT";"TRAFIC III Bus (JG_)";107;201906;;145;1997
"Kupplungssatz";479;138869;7;2;"PEUGEOT";"2008 II (UD_, US_, UY_, UK_)";74;201911;;101;1199
"Kupplungssatz";479;138876;1;1;"AUDI";"Q3 (F3B)";110;201911;;150;1498
"Kupplungssatz";479;138880;2;2;"NISSAN";"NV250 Kasten (X61)";70;201907;;95;1461
"Kupplungssatz";479;138881;5;2;"NISSAN";"NV250 Kasten (X61)";85;201907;;116;1461
"Kupplungssatz";479;138894;8;1;"PEUGEOT";"PARTNER Kasten/Großraumlimousine (K9)";75;201907;;102;1499
"Kupplungssatz";479;138898;2;4;"VW";"T-ROC Cabriolet (AC7, AC8)";110;201912;;150;1495
"Kupplungssatz";479;138950;2;0;"CITROËN";"JUMPY III Bus (V_)";90;201912;;122;1997
"Kupplungssatz";479;138957;4;1;"PEUGEOT";"PARTNER Kasten/Großraumlimousine (K9)";55;201907;;75;1499
"Kupplungssatz";479;138959;4;1;"CITROËN";"BERLINGO Kasten/Großraumlimousine (K9)";55;201910;;75;1499
"Kupplungssatz";479;138985;2;5;"MERCEDES-BENZ";"MARCO POLO Camper (W447)";120;201503;;163;2143
"Kupplungssatz";479;138989;1;4;"MERCEDES-BENZ";"MARCO POLO Camper (W447)";140;201503;;190;2143
"Kupplungssatz";479;139017;9;2;"HYUNDAI";"i10 III (AC3, AI3)";62;201909;;84;1197
"Kupplungssatz";479;139021;49;1;"HYUNDAI";"i10 III (AC3, AI3)";49;201909;;67;998
"Kupplungssatz";479;139031;12;1;"FORD";"FIESTA VII (HJ, HF)";70;201912;;95;999
"Kupplungssatz";479;139095;1;2;"KIA";"CEED Sportswagon (CD)";104;201912;;141;1580
"Kupplungssatz";479;139136;3;1;"VW";"CADDY ALLTRACK Kasten/Großraumlimousine (SAA)";55;201505;201711;75;1598
"Kupplungssatz";479;139137;2;2;"VW";"CADDY ALLTRACK Kasten/Großraumlimousine (SAA)";75;201505;;102;1598
"Kupplungssatz";479;139153;9;1;"FORD";"FIESTA VII (HJ, HF)";55;201910;;75;1084
"Kupplungssatz";479;139160;37;1;"FIAT";"500 (312_)";51;202001;;69;999
"Kupplungssatz";479;139163;21;1;"FIAT";"PANDA (312_, 319_)";51;202001;;69;999
"Kupplungssatz";479;139171;9;2;"DACIA";"DOKKER Express Kasten/Großraumlimousine";75;201908;;102;1332
"Kupplungssatz";479;139173;2;2;"DACIA";"DOKKER Großraumlimousine (KE_)";75;201908;;102;1332
"Kupplungssatz";479;139208;2;2;"RENAULT";"CAPTUR II (HF_)";74;202001;;101;999
"Kupplungssatz";479;139209;6;3;"RENAULT";"CAPTUR II (HF_)";96;202001;;131;1332
"Kupplungssatz";479;139211;2;2;"RENAULT";"CAPTUR II (HF_)";70;202001;;95;1461
"Kupplungssatz";479;139212;6;3;"RENAULT";"CAPTUR II (HF_)";85;202001;;116;1461
"Kupplungssatz";479;139229;5;2;"TOYOTA";"PROACE CITY Kasten/Großraumlimousine";75;201910;;102;1499
"Kupplungssatz";479;139248;1;3;"SKODA";"OCTAVIA IV Combi (NX5)";110;201911;;150;1495
"Kupplungssatz";479;139249;3;4;"SKODA";"OCTAVIA IV Combi (NX5)";85;201911;;116;1968
"Kupplungssatz";479;139250;2;6;"SKODA";"OCTAVIA IV Combi (NX5)";110;201911;;150;1968
"Kupplungssatz";479;139280;5;2;"RENAULT";"KANGOO Express (FW0/1_)";59;201910;;80;1461
"Kupplungssatz";479;139307;39;1;"RENAULT";"KANGOO Express (FW0/1_)";70;201910;;95;1461
"Kupplungssatz";479;139308;19;0;"RENAULT";"KANGOO Express (FW0/1_)";85;201910;;116;1461
"Kupplungssatz";479;139309;1;1;"SKODA";"KAMIQ (NW4)";66;201911;;90;999
"Kupplungssatz";479;139310;2;1;"SKODA";"SCALA (NW1)";66;201911;;90;999
"Kupplungssatz";479;139339;1;6;"CITROËN";"JUMPY III Kasten (V_)";90;201604;;122;1997
"Kupplungssatz";479;139347;3;2;"PEUGEOT";"PARTNER Kasten/Großraumlimousine (K9)";96;201809;;131;1499
"Kupplungssatz";479;139348;1;6;"PEUGEOT";"EXPERT Kasten (V_)";90;201604;;122;1997
"Kupplungssatz";479;139354;7;6;"PEUGEOT";"EXPERT Kasten (V_)";110;201604;;150;1997
"Kupplungssatz";479;139507;6;1;"FIAT";"500 C (312_)";51;202001;;69;999
"Kupplungssatz";479;139643;1;3;"FORD";"TRANSIT V363 Bus (FAD, FBD)";96;201905;;130;1995
"Kupplungssatz";479;139644;2;3;"FORD";"TRANSIT V363 Bus (FAD, FBD)";125;201905;;170;1995
"Kupplungssatz";479;139657;4;1;"LANCIA";"YPSILON (312_)";51;202003;;69;999
"Kupplungssatz";479;139696;1;3;"KIA";"CEED Sportswagon (CD)";100;201912;;136;1598
"Kupplungssatz";479;139699;1;3;"KIA";"XCEED (CD)";100;201912;;136;1598
"Kupplungssatz";479;139714;1;2;"AUDI";"A3 Sportback (8YA)";110;201911;;150;1495
"Kupplungssatz";479;139715;2;5;"AUDI";"A3 Sportback (8YA)";85;201911;;116;1968
"Kupplungssatz";479;139716;1;5;"AUDI";"A3 Sportback (8YA)";110;201911;;150;1968
"Kupplungssatz";479;139744;1;1;"SEAT";"LEON Sportstourer (KL8)";96;202003;;131;1495
"Kupplungssatz";479;139745;2;2;"SEAT";"LEON Sportstourer (KL8)";110;202003;;150;1495
"Kupplungssatz";479;139749;1;1;"VW";"GOLF VIII (CD1)";110;201912;;150;1498
"Kupplungssatz";479;139764;3;3;"SKODA";"OCTAVIA IV (NX3, NN3)";110;202001;;150;1495
"Kupplungssatz";479;139765;2;4;"SKODA";"OCTAVIA IV (NX3, NN3)";85;202003;;116;1968
"Kupplungssatz";479;139824;1;3;"FORD";"ECOSPORT";74;201711;;100;1499
"Kupplungssatz";479;139926;1;4;"MERCEDES-BENZ";"SPRINTER 4-t Tourer Bus (B907)";105;201909;;143;2143
"Kupplungssatz";479;140109;1;1;"SEAT";"LEON (KL1)";110;201911;;150;1498
"Kupplungssatz";479;140121;8;1;"SEAT";"LEON Sportstourer (KL8)";110;202003;;150;1498
"Kupplungssatz";479;140122;3;5;"SEAT";"LEON Sportstourer (KL8)";110;202004;;150;1968
"Kupplungssatz";479;140275;3;0;"HYUNDAI";"SANTRO (AH2)";50;201810;;68;1086
"Kupplungssatz";479;140385;1;0;"RENAULT";"TRIBER (RBC)";52;201907;;71;999
"Kupplungssatz";479;140387;2;2;"DACIA";"SANDERO II";74;201911;;101;999
"Kupplungssatz";479;140388;5;2;"DACIA";"DUSTER (HM_)";74;201901;;101;999
"Kupplungssatz";479;140389;2;2;"DACIA";"LOGAN II";74;201911;;101;999
"Kupplungssatz";479;140391;1;2;"DACIA";"LOGAN MCV II";74;201911;;101;999
"Kupplungssatz";479;140392;1;2;"DACIA";"LOGAN MCV II";74;201911;;101;999
"Kupplungssatz";479;140404;1;5;"RENAULT";"CLIO V (B7_)";74;201906;;101;999
"Kupplungssatz";479;140405;1;5;"RENAULT";"CAPTUR II (HF_)";74;202001;;101;999
"Kupplungssatz";479;140415;1;0;"SUZUKI";"CARRY Pritsche/Fahrgestell (FD, DA5_T, DA6_T)";54;201605;;73;1196
"Kupplungssatz";479;140416;1;0;"SUZUKI";"SX4 S-CROSS (JY)";95;201908;;129;1373
"Kupplungssatz";479;140419;1;0;"SUZUKI";"VITARA (LY)";95;201907;;129;1373
"Kupplungssatz";479;140420;6;0;"SUZUKI";"VITARA (LY)";95;201907;;129;1373
"Kupplungssatz";479;140449;2;2;"SEAT";"LEON (KL1)";81;202003;;110;999
"Kupplungssatz";479;140450;1;2;"SEAT";"LEON Sportstourer (KL8)";81;202003;;110;999
"Kupplungssatz";479;140459;7;0;"MERCEDES-BENZ";"VITO Kasten (W447)";100;202004;;136;1950
"Kupplungssatz";479;140460;9;2;"MERCEDES-BENZ";"VITO Kasten (W447)";120;202004;;163;1950
"Kupplungssatz";479;140516;2;2;"AUDI";"A3 Sportback (8YA)";81;202006;;110;999
"Kupplungssatz";479;140517;1;3;"AUDI";"A3 Limousine (8YS)";110;202004;;150;1498
"Kupplungssatz";479;140667;2;2;"VW";"T-CROSS (C11)";81;202006;;110;999
"Kupplungssatz";479;140681;10;1;"NISSAN";"JUKE (F16_)";84;201908;;114;999
"Kupplungssatz";479;140708;2;4;"VW";"TIGUAN (AD1, AX1)";96;201807;;131;1498
"Kupplungssatz";479;140731;1;3;"HYUNDAI";"i30 (PDE, PD, PDEN)";88;202003;;120;998
"Kupplungssatz";479;140732;3;3;"HYUNDAI";"i30 Kombi (PDE)";88;202003;;120;998
"Kupplungssatz";479;140974;1;1;"FORD";"PUMA (J2K, CF7)";70;201909;;95;999
"Kupplungssatz";479;141039;14;1;"FORD";"FOCUS IV Turnier (HP)";92;202007;;125;999
"Kupplungssatz";479;141045;3;1;"HYUNDAI";"i30 (PDE, PD, PDEN)";81;202006;;110;1498
"Kupplungssatz";479;141046;3;1;"HYUNDAI";"i30 Kombi (PDE)";81;202006;;110;1498
"Kupplungssatz";479;141048;7;1;"FORD";"FOCUS IV (HN)";92;202006;;125;999
"Kupplungssatz";479;141059;5;1;"FORD";"FIESTA VII (HJ, HF)";92;201911;;125;999
"Kupplungssatz";479;141131;1;0;"TOYOTA";"YARIS (_P21_, _PA1_, _PH1_)";192;202002;;261;1618
"Kupplungssatz";479;141254;1;2;"MERCEDES-BENZ";"SPRINTER 3,5-t Kasten (B907, B910)";84;202006;;114;1950
"Kupplungssatz";479;141257;1;2;"TOYOTA";"YARIS (_P21_, _PA1_, _PH1_)";53;202002;;72;998
"Kupplungssatz";479;141267;22;2;"MERCEDES-BENZ";"SPRINTER 3,5-t Kasten (B907, B910)";110;202006;;150;1950
"Kupplungssatz";479;141268;5;2;"MERCEDES-BENZ";"SPRINTER 3,5-t Pritsche/Fahrgestell (B907, B910)";110;202006;;150;1950
"Kupplungssatz";479;141271;37;2;"MERCEDES-BENZ";"SPRINTER 3,5-t Kasten (B907, B910)";125;202006;;170;1950
"Kupplungssatz";479;141272;3;2;"MERCEDES-BENZ";"SPRINTER 3,5-t Pritsche/Fahrgestell (B907, B910)";125;202006;;170;1950
"Kupplungssatz";479;141273;2;2;"MERCEDES-BENZ";"SPRINTER 3-t Pritsche/Fahrgestell (B910, B907)";125;202006;;170;1950
"Kupplungssatz";479;141321;6;0;"LADA";"NIVA II Geländewagen geschlossen (2123)";59;202007;;80;1690
"Kupplungssatz";479;141350;1;4;"KIA";"RIO IV (YB, SC, FB)";88;201702;;120;998
"Kupplungssatz";479;141526;5;0;"DAIHATSU";"CUORE V (L7_)";41;199811;200212;56;989
"Kupplungssatz";479;141657;2;0;"HYUNDAI";"TERRACAN (HP)";120;200311;200612;163;2902
"Kupplungssatz";479;141676;1;0;"CITROËN";"SPACETOURER Bus (V_)";106;202009;;144;1997
"Kupplungssatz";479;141711;1;2;"FIAT";"500X (334_)";84;201806;;114;999
"Kupplungssatz";479;141723;1;0;"PORSCHE";"911 (992)";427;202003;;581;3745
"Kupplungssatz";479;141769;1;3;"VW";"GOLF VIII (CD1)";180;202008;;245;1984
"Kupplungssatz";479;141773;1;2;"OPEL";"ASTRA K Kasten/Kombi";77;201805;;105;999
"Kupplungssatz";479;141798;1;1;"OPEL";"CORSA F Kasten/Schrägheck";55;201907;;75;1199
"Kupplungssatz";479;141804;2;2;"OPEL";"GRANDLAND X Van";96;201804;;131;1499
"Kupplungssatz";479;141844;8;2;"SEAT";"IBIZA V (KJ1, KJG)";81;202006;;110;999
"Kupplungssatz";479;141855;1;2;"VW";"GOLF VIII Variant (CG5)";96;202008;;131;1495
"Kupplungssatz";479;141856;2;2;"VW";"GOLF VIII Variant (CG5)";81;202008;;110;999
"Kupplungssatz";479;141859;9;4;"VW";"GOLF VIII Variant (CG5)";85;202008;;116;1968
"Kupplungssatz";479;141863;1;1;"VW";"TIGUAN (AD1, AX1)";147;202006;;200;1968
"Kupplungssatz";479;141869;2;1;"AUDI";"A1 Sportback (GBA)";81;202009;;110;999
"Kupplungssatz";479;141968;5;5;"RENAULT";"CLIO V (B7_)";67;202008;;91;999
"Kupplungssatz";479;141969;6;3;"RENAULT";"CAPTUR II (HF_)";67;202009;;91;999
"Kupplungssatz";479;141975;1;2;"BMW";"1 (F40)";80;202011;;109;1499
"Kupplungssatz";479;142008;3;3;"RENAULT";"CAPTUR II (HF_)";103;202001;;140;1332
"Kupplungssatz";479;142013;6;2;"TOYOTA";"COROLLA (_E11_)";63;199705;199909;86;1332
"Kupplungssatz";479;142028;1;0;"MAZDA";"626 V Station Wagon (GW)";66;199802;200001;90;1840
"Kupplungssatz";479;142130;1;2;"SKODA";"OCTAVIA IV Combi (NX5)";96;202006;;131;1498
"Kupplungssatz";479;142176;1;2;"CITROËN";"C4 III (BA_, BB_, BC_)";96;202010;;130;1199
"Kupplungssatz";479;142191;1;1;"HYUNDAI";"i20 III (BC3, BI3)";74;202008;;101;998
"Kupplungssatz";479;142192;3;1;"KIA";"PICANTO III (JA)";62;202007;;84;1197
"Kupplungssatz";479;142224;2;2;"SEAT";"LEON (KL1)";96;202008;;131;1498
"Kupplungssatz";479;142232;1;2;"SEAT";"ARONA (KJ7, KJP)";81;202006;;110;999
"Kupplungssatz";479;142236;1;2;"SKODA";"OCTAVIA IV (NX3, NN3)";96;202006;;131;1495
"Kupplungssatz";479;142255;17;1;"VW";"UP! (121, 122, BL1, BL2, BL3, 123)";48;202008;;65;999
"Kupplungssatz";479;142257;1;1;"AUDI";"A3 Sportback (8YA)";96;202007;;131;1498
"Kupplungssatz";479;142263;2;1;"HYUNDAI";"i20 III (BC3, BI3)";74;202008;;101;998
"Kupplungssatz";479;142270;5;3;"VW";"TIGUAN (AD1, AX1)";90;202006;;122;1968
"Kupplungssatz";479;142410;5;2;"OPEL";"MOKKA";74;202010;;101;1199
"Kupplungssatz";479;142411;14;2;"OPEL";"MOKKA";96;202010;;131;1199
"Kupplungssatz";479;142421;1;2;"CITROËN";"C3 AIRCROSS II (2R_, 2C_)";81;202010;;110;1499
"Kupplungssatz";479;142437;1;2;"MINI";"MINI (F55)";131;202011;;178;1998
"Kupplungssatz";479;142438;1;2;"MINI";"MINI Cabriolet (F57)";131;202011;;178;1998
"Kupplungssatz";479;142440;8;2;"SKODA";"KAMIQ (NW4)";81;202008;;110;999
"Kupplungssatz";479;142441;5;2;"SKODA";"SCALA (NW1)";81;202008;;110;999
"Kupplungssatz";479;142442;19;4;"VW";"CADDY V Großraumlimousine (SBB, SBJ)";75;202009;;102;1968
"Kupplungssatz";479;142443;5;4;"VW";"CADDY V Großraumlimousine (SBB, SBJ)";90;202009;;122;1968
"Kupplungssatz";479;142444;6;4;"VW";"CADDY V Kasten/Großraumlimousine (SBA, SBH)";55;202009;;75;1968
"Kupplungssatz";479;142445;14;4;"VW";"CADDY V Kasten/Großraumlimousine (SBA, SBH)";75;202009;;102;1968
"Kupplungssatz";479;142446;3;4;"VW";"CADDY V Kasten/Großraumlimousine (SBA, SBH)";90;202009;;122;1968
"Kupplungssatz";479;142450;2;2;"BMW";"1 (F40)";100;202011;;136;1499
"Kupplungssatz";479;142458;1;3;"CUPRA";"FORMENTOR (KM7)";110;202011;;150;1498
"Kupplungssatz";479;142470;1;2;"BMW";"2 Gran Coupe (F44)";100;202011;;136;1499
"Kupplungssatz";479;142472;3;1;"VW";"PASSAT B8 Variant (3G5, CB5)";90;202007;;122;1968
"Kupplungssatz";479;142476;2;2;"MERCEDES-BENZ";"A-CLASS (W177)";85;202010;;116;1950
"Kupplungssatz";479;142598;1;2;"OPEL";"MOKKA";81;202010;;110;1499
"Kupplungssatz";479;142600;12;2;"OPEL";"CROSSLAND X / CROSSLAND (P17, P2QO)";81;202010;;110;1499
"Kupplungssatz";479;142641;1;0;"PEUGEOT";"3008 Van (0U_)";110;200906;201608;150;1997
"Kupplungssatz";479;142738;1;0;"FORD";"GALAXY MK II VAN (WA6)";107;200605;201506;145;1999
"Kupplungssatz";479;142748;1;0;"FORD";"GALAXY MK II VAN (WA6)";103;200605;201506;140;1997
"Kupplungssatz";479;142763;1;0;"FORD";"GALAXY MK I VAN (WGR)";85;200005;200603;116;1896
"Kupplungssatz";479;142767;2;2;"HYUNDAI";"KONA (OS, OSE, OSI)";88;202011;;120;998
"Kupplungssatz";479;142773;1;1;"HYUNDAI";"ix35 Van";85;201009;201512;116;1685
"Kupplungssatz";479;142774;1;0;"HYUNDAI";"KONA (OS, OSE, OSI)";146;202011;;199;1598
"Kupplungssatz";479;142779;4;3;"OPEL";"VIVARO B Bus (X82)";89;201901;201912;121;1598
"Kupplungssatz";479;142805;1;1;"HYUNDAI";"SANTA FÉ I Kasten/SUV (SM)";83;200104;200512;113;1991
"Kupplungssatz";479;142806;2;2;"HYUNDAI";"SANTA FÉ I Kasten/SUV (SM)";92;200308;200603;125;1991
"Kupplungssatz";479;142812;1;3;"HYUNDAI";"SANTA FÉ II Kasten/SUV (CM)";145;200901;201305;197;2199
"Kupplungssatz";479;142823;1;1;"HYUNDAI";"TUCSON Kasten/SUV (JM)";104;200406;201003;141;1975
"Kupplungssatz";479;142867;1;1;"SKODA";"KAROQ (NU7, ND7)";81;202009;;110;999
"Kupplungssatz";479;142883;1;2;"FIAT";"FIORINO Großraumlimousine (225_)";54;200711;;73;1360
"Kupplungssatz";479;142884;8;5;"FIAT";"FIORINO Großraumlimousine (225_)";55;200711;;75;1248
"Kupplungssatz";479;142885;2;2;"FIAT";"FIORINO Großraumlimousine (225_)";57;201407;;77;1368
"Kupplungssatz";479;142888;2;4;"FIAT";"FIORINO Großraumlimousine (225_)";70;201101;;95;1248
"Kupplungssatz";479;142905;2;4;"VW";"CADDY V Großraumlimousine (SBB, SBJ)";55;202009;;75;1968
"Kupplungssatz";479;142912;5;2;"VW";"T-ROC (A11, D11)";81;202009;;110;999
"Kupplungssatz";479;142956;3;2;"FIAT";"TIPO Schrägheck (356_, 357_)";74;202011;;101;999
"Kupplungssatz";479;142958;4;2;"FIAT";"TIPO Kombi (356_, 357_)";74;202011;;101;999
"Kupplungssatz";479;142981;1;2;"FIAT";"TIPO Kombi (356_, 357_)";96;202011;;131;1598
"Kupplungssatz";479;143002;1;2;"NISSAN";"QASHQAI II SUV (J11, J11_)";116;202010;;158;1332
"Kupplungssatz";479;143008;3;5;"VW";"SHARAN VAN (7N1, 7N2)";103;201005;201511;140;1968
"Kupplungssatz";479;143032;1;3;"OPEL";"ZAFIRA LIFE Bus (K0)";106;202009;;144;1997
"Kupplungssatz";479;143036;3;3;"OPEL";"VIVARO C Bus (K0)";106;202009;;144;1997
"Kupplungssatz";479;143040;1;0;"VW";"TIGUAN VAN (5N_)";81;201005;201107;110;1968
"Kupplungssatz";479;143041;1;0;"VW";"TIGUAN VAN (5N_)";103;200911;201807;140;1968
"Kupplungssatz";479;143042;1;0;"VW";"TIGUAN VAN (5N_)";103;200711;201807;140;1968
"Kupplungssatz";479;143048;1;3;"TOYOTA";"PROACE VERSO Bus (MPY_)";106;202009;;144;1997
"Kupplungssatz";479;143049;1;0;"VW";"TOURAN VAN (1T3)";77;201005;201505;105;1598
"Kupplungssatz";479;143051;1;0;"VW";"TOURAN VAN (1T1, 1T2)";85;200302;200611;116;1598
"Kupplungssatz";479;143054;1;0;"VW";"TOURAN VAN (1T1, 1T2)";74;200310;200505;101;1896
"Kupplungssatz";479;143055;2;0;"VW";"TOURAN VAN (1T1, 1T2)";77;200308;200611;105;1896
"Kupplungssatz";479;143056;1;0;"VW";"TOURAN VAN (1T1, 1T2)";100;200302;201005;136;1968
"Kupplungssatz";479;143090;1;0;"FORD";"S-MAX VAN (WA6)";103;201003;201412;140;1997
"Kupplungssatz";479;143138;1;0;"NISSAN";"QASHQAI / QASHQAI +2 I VAN (J10, JJ10E)";81;201303;201404;110;1461
"Kupplungssatz";479;143173;3;1;"RENAULT";"SCÉNIC III VAN (JZ0/1_)";81;200904;;110;1461
"Kupplungssatz";479;143245;1;0;"FIAT";"FIORINO Großraumlimousine (146_)";49;199611;200005;67;1372
"Kupplungssatz";479;143254;3;2;"PEUGEOT";"2008 II (UD_, US_, UY_, UK_)";81;202101;;110;1499
"Kupplungssatz";479;143264;5;2;"VW";"CADDY V Großraumlimousine (SBB, SBJ)";84;202101;;114;1498
"Kupplungssatz";479;143333;1;4;"KIA";"CEED Sportswagon (CD)";118;202101;;160;1482
"Kupplungssatz";479;143335;1;4;"KIA";"PROCEED (CD)";118;202101;;160;1482
"Kupplungssatz";479;143418;1;1;"FORD";"FIESTA VII (HJ, HF)";114;202101;;155;999
"Kupplungssatz";479;143419;2;1;"FORD";"FIESTA VII (HJ, HF)";92;202101;;125;999
"Kupplungssatz";479;143421;1;1;"FORD";"FOCUS IV (HN)";92;202101;;125;999
"Kupplungssatz";479;143426;1;1;"SKODA";"OCTAVIA IV Combi (NX5)";110;202011;;150;1498
"Kupplungssatz";479;143481;10;3;"VW";"T-ROC (A11, D11)";85;202011;;115;1968
"Kupplungssatz";479;143535;1;0;"JEEP";"COMPASS (MP, M6, MV, M7)";110;202008;;150;1332
"Kupplungssatz";479;143537;1;4;"CUPRA";"FORMENTOR (KM7)";110;202103;;150;1968
"Kupplungssatz";479;143680;1;1;"SEAT";"LEON Sportstourer (KL8)";81;202008;;110;999
"Kupplungssatz";479;143733;107;0;"MITSUBISHI";"MIRAGE / SPACE STAR VI Schrägheck (A0_A)";52;202008;;71;1193
"Kupplungssatz";479;143775;4;2;"VW";"CADDY V Großraumlimousine (SBB, SBJ)";90;202103;;122;1968
"Kupplungssatz";479;143793;4;2;"FORD";"KUGA III (DFK)";110;201907;;150;1496
"Kupplungssatz";479;144112;4;2;"JEEP";"RENEGADE SUV (BU, B1, BV)";96;202002;;130;1598
"Kupplungssatz";479;144208;1;2;"JEEP";"COMPASS (MP, M6, MV, M7)";96;202104;;130;1598
"Kupplungssatz";479;144424;14;2;"NISSAN";"QASHQAI III (J12)";103;202104;;140;1332
"Kupplungssatz";479;144425;2;2;"NISSAN";"QASHQAI III (J12)";116;202104;;158;1332
"Kupplungssatz";479;144440;4;2;"CITROËN";"C4 III (BA_, BB_, BC_)";75;202104;;102;1199
"Kupplungssatz";479;144519;1;2;"PEUGEOT";"308 III (FB_, FH_, FP_, F3_, FM_)";96;202107;;131;1199
"Kupplungssatz";479;144613;4;0;"TOYOTA";"STARLET (K14B)";68;202008;;92;1372
"Kupplungssatz";479;144673;2;3;"FORD";"TRANSIT V363 Pritsche/Fahrgestell (FED, FFD)";118;202101;;160;1995
"Kupplungssatz";479;144747;1;6;"SKODA";"KAROQ (NU7, ND7)";85;202011;;116;1968
"Kupplungssatz";479;144761;1;1;"VW";"TIGUAN ALLSPACE (BW2, BJ2)";147;202006;;200;1968
"Kupplungssatz";479;144808;3;3;"FIAT";"DUCATO Kasten (250_)";88;202107;;120;2184
"Kupplungssatz";479;144809;22;3;"FIAT";"DUCATO Kasten (250_)";103;202107;;140;2184
"Kupplungssatz";479;144810;3;3;"FIAT";"DUCATO Kasten (250_)";118;202107;;160;2184
"Kupplungssatz";479;144812;6;3;"FIAT";"DUCATO Kasten (250_)";132;202107;;179;2184
"Kupplungssatz";479;144861;1;3;"PEUGEOT";"EXPERT Bus (V_)";106;202107;;144;1997
"Kupplungssatz";479;144927;1;3;"RENAULT";"TRAFIC III Bus (JG_)";110;202105;;150;1997
"Kupplungssatz";479;145004;1;0;"HYUNDAI";"i30 (PDE, PD, PDEN)";206;202103;;280;1998
"Kupplungssatz";479;145017;1;2;"SKODA";"FABIA IV (PJ3)";81;202106;;110;999
"Kupplungssatz";479;145018;5;1;"SKODA";"FABIA IV (PJ3)";70;202106;;95;999
"Kupplungssatz";479;145019;2;1;"SKODA";"FABIA IV (PJ3)";59;202106;;80;999
"Kupplungssatz";479;145025;3;2;"DACIA";"SANDERO III";49;202101;;67;999
"Kupplungssatz";479;145027;7;5;"DACIA";"SANDERO III";74;202101;;101;999
"Kupplungssatz";479;145028;15;5;"DACIA";"SANDERO III";67;202101;;91;999
"Kupplungssatz";479;145029;9;3;"DACIA";"SANDERO III";67;202101;;91;999
"Kupplungssatz";479;145045;1;2;"RENAULT";"TRAFIC III Bus (JG_)";81;202105;;110;1997
"Kupplungssatz";479;145046;1;1;"NISSAN";"X-TRAIL III (T32_, T32R, T32RR)";116;202106;;158;1332
"Kupplungssatz";479;145071;2;2;"PEUGEOT";"308 SW III (FC_, FJ_, FR_, F4_, FN_)";96;202107;;131;1199
"Kupplungssatz";479;145126;6;0;"MERCEDES-BENZ";"VIANO (W639)";70;201009;;95;2143
"Kupplungssatz";479;145135;29;3;"OPEL";"VIVARO C Kasten (K0)";106;202108;;144;1997
"Kupplungssatz";479;145137;11;3;"PEUGEOT";"EXPERT Kasten (V_)";106;202108;;144;1997
"Kupplungssatz";479;145194;9;3;"CITROËN";"JUMPY III Kasten (V_)";106;202108;;144;1997
"Kupplungssatz";479;145196;6;3;"TOYOTA";"PROACE Kasten (MDZ_)";106;202108;;144;1997
"Kupplungssatz";479;145212;1;1;"RENAULT";"KADJAR (HA_, HL_)";116;202107;;158;1332
"Kupplungssatz";479;145220;6;2;"RENAULT";"EXPRESS Kasten/Großraumlimousine";75;202105;;102;1332
"Kupplungssatz";479;145221;11;2;"RENAULT";"EXPRESS Kasten/Großraumlimousine";55;202105;;75;1461
"Kupplungssatz";479;145222;11;2;"RENAULT";"EXPRESS Kasten/Großraumlimousine";70;202105;;95;1461
"Kupplungssatz";479;145226;3;6;"RENAULT";"KANGOO III Großraumlimousine";70;202107;;95;1461
"Kupplungssatz";479;145234;2;3;"DACIA";"DUSTER (HM_)";67;202105;;91;999
"Kupplungssatz";479;145240;1;3;"RENAULT";"MEGANE IV Schrägheck (B9A/M/N_)";116;202008;;158;1332
"Kupplungssatz";479;145243;12;6;"RENAULT";"KANGOO III Kasten/Großraumlimousine";70;202106;;95;1461
"Kupplungssatz";479;145246;2;3;"RENAULT";"KANGOO III Kasten/Großraumlimousine";96;202106;;131;1332
"Kupplungssatz";479;145287;3;3;"FIAT";"DUCATO Pritsche/Fahrgestell (250_)";103;202109;;140;2184
"Kupplungssatz";479;145288;4;3;"FIAT";"DUCATO Bus (250_)";103;202107;;140;2184
"Kupplungssatz";479;145290;1;3;"FIAT";"DUCATO Pritsche/Fahrgestell (250_)";132;202109;;179;2184
"Kupplungssatz";479;145292;1;2;"HYUNDAI";"IONIQ (AE)";77;201603;;105;1580
"Kupplungssatz";479;145359;3;0;"MERCEDES-BENZ";"CITAN Kasten/Großraumlimousine (W420)";55;202109;;75;1461
"Kupplungssatz";479;145360;4;0;"MERCEDES-BENZ";"CITAN Kasten/Großraumlimousine (W420)";70;202109;;95;1461
"Kupplungssatz";479;145361;4;0;"MERCEDES-BENZ";"CITAN Kasten/Großraumlimousine (W420)";85;202109;;116;1461
"Kupplungssatz";479;145363;1;0;"MERCEDES-BENZ";"CITAN Kasten/Großraumlimousine (W420)";96;202109;;131;1332
"Kupplungssatz";479;145369;3;0;"MERCEDES-BENZ";"CITAN Tourer (W420)";96;202109;;131;1332
"Kupplungssatz";479;145404;1;3;"FIAT";"TALENTO Bus (296_)";89;201805;;121;1598
"Kupplungssatz";479;145493;2;2;"KIA";"STONIC (YB)";74;202101;;101;998
"Kupplungssatz";479;145524;6;2;"RENAULT";"TRAFIC III Kasten (FG_)";81;202108;;110;1997
"Kupplungssatz";479;145525;5;2;"RENAULT";"TRAFIC III Kasten (FG_)";96;202108;;131;1997
"Kupplungssatz";479;145580;1;0;"RENAULT";"CLIO II Kasten/Schrägheck (SB0/1/2_)";47;200506;201012;64;1461
"Kupplungssatz";479;145700;1;2;"HYUNDAI";"TUCSON (NX4E, NX4A)";85;202011;;116;1598
"Kupplungssatz";479;145712;2;2;"RENAULT";"CLIO V (B7_)";103;202009;;140;1332
"Kupplungssatz";479;145732;2;0;"MERCEDES-BENZ";"VITO Kasten (W447)";75;202110;;102;1950
"Kupplungssatz";479;145733;1;0;"MERCEDES-BENZ";"VITO Mixto (Double Cabin) (W447)";75;202110;;102;1950
"Kupplungssatz";479;145756;7;2;"RENAULT";"CLIO V (B7_)";74;202111;;101;1461
"Kupplungssatz";479;145769;3;4;"FORD";"FIESTA VII (HJ, HF)";63;201804;;85;1499
"Kupplungssatz";479;145790;1;0;"FORD";"C-MAX II (DXA/CB7, DXA/CEU)";74;201807;201906;100;999
"Kupplungssatz";479;145815;2;2;"OPEL";"ASTRA L (O5)";96;202110;;131;1199
"Kupplungssatz";479;145820;9;0;"VW";"CALIFORNIA T4 Camper (7DJ, 7DK, 70J)";111;199907;200304;151;2461
"Kupplungssatz";479;145822;4;2;"VW";"CALIFORNIA T4 Camper (7DJ, 7DK, 70J)";50;199407;200204;68;1896
"Kupplungssatz";479;145824;25;4;"VW";"CALIFORNIA T4 Camper (7DJ, 7DK, 70J)";75;200104;200304;102;2461
"Kupplungssatz";479;145827;8;0;"FORD";"C-MAX II (DXA/CB7, DXA/CEU)";92;201807;201906;125;999
"Kupplungssatz";479;145831;1;1;"VW";"CALIFORNIA T6 Camper (SGC, SGG, SHC)";75;201504;201912;102;1968
"Kupplungssatz";479;145842;1;5;"VW";"CALIFORNIA T6 Camper (SGC, SGG, SHC)";103;201506;201912;140;1968
"Kupplungssatz";479;145843;1;1;"VW";"CALIFORNIA T6 Camper (SGC, SGG, SHC)";132;201504;201912;180;1968
"Kupplungssatz";479;145847;1;1;"VW";"CALIFORNIA T6 Camper (SGC, SGG, SHC)";110;201504;201907;150;1984
"Kupplungssatz";479;145848;2;1;"VW";"CALIFORNIA T6 Camper (SGC, SGG, SHC)";150;201506;;204;1968
"Kupplungssatz";479;145851;2;1;"VW";"CALIFORNIA T6 Camper (SGC, SGG, SHC)";150;201506;;204;1968
"Kupplungssatz";479;145861;12;3;"VW";"CALIFORNIA T6 Camper (SGC, SGG, SHC)";110;201504;;150;1968
"Kupplungssatz";479;145862;6;3;"VW";"CALIFORNIA T6 Camper (SGC, SGG, SHC)";110;201508;;150;1968
"Kupplungssatz";479;145869;2;1;"FORD";"FIESTA VII (HJ, HF)";92;202007;;125;999
"Kupplungssatz";479;145871;18;1;"VW";"CALIFORNIA T5 Camper (7EC, 7EF, 7EG, 7HF)";84;201105;201508;114;1968
"Kupplungssatz";479;145872;1;7;"VW";"CALIFORNIA T5 Camper (7EC, 7EF, 7EG, 7HF)";100;201005;201508;136;1968
"Kupplungssatz";479;145875;1;1;"VW";"CALIFORNIA T5 Camper (7EC, 7EF, 7EG, 7HF)";77;200705;200911;105;1896
"Kupplungssatz";479;145876;4;3;"VW";"CALIFORNIA T5 Camper (7EC, 7EF, 7EG, 7HF)";96;200705;200911;130;2461
"Kupplungssatz";479;145877;7;5;"VW";"CALIFORNIA T5 Camper (7EC, 7EF, 7EG, 7HF)";128;200705;200911;174;2461
"Kupplungssatz";479;145878;1;3;"VW";"CALIFORNIA T5 Camper (7EC, 7EF, 7EG, 7HF)";96;200705;200911;130;2461
"Kupplungssatz";479;145879;1;3;"VW";"CALIFORNIA T5 Camper (7EC, 7EF, 7EG, 7HF)";128;200705;200911;174;2461
"Kupplungssatz";479;145882;1;2;"VW";"CALIFORNIA T5 Camper (7EC, 7EF, 7EG, 7HF)";150;201105;201508;204;1984
"Kupplungssatz";479;145885;1;1;"VW";"CALIFORNIA T5 Camper (7EC, 7EF, 7EG, 7HF)";75;200909;201508;102;1968
"Kupplungssatz";479;145886;41;7;"VW";"CALIFORNIA T5 Camper (7EC, 7EF, 7EG, 7HF)";103;200909;201508;140;1968
"Kupplungssatz";479;145887;4;6;"VW";"CALIFORNIA T5 Camper (7EC, 7EF, 7EG, 7HF)";103;200910;201508;140;1968
"Kupplungssatz";479;145888;10;5;"VW";"CALIFORNIA T5 Camper (7EC, 7EF, 7EG, 7HF)";132;200909;201508;180;1968
"Kupplungssatz";479;145889;7;5;"VW";"CALIFORNIA T5 Camper (7EC, 7EF, 7EG, 7HF)";132;201001;201508;180;1968
"Kupplungssatz";479;145904;2;1;"MERCEDES-BENZ";"SPRINTER 3,5-t Kasten (B907, B910)";110;202110;;150;1950
"Kupplungssatz";479;146019;1;2;"MERCEDES-BENZ";"SPRINTER 5-t Kasten (B907)";140;202110;;190;1950
"Kupplungssatz";479;146021;1;2;"MERCEDES-BENZ";"SPRINTER 5-t Pritsche/Fahrgestell (B907)";140;202110;;190;1950
"Kupplungssatz";479;146121;3;3;"DACIA";"LOGAN III (3K_)";74;202105;;101;999
"Kupplungssatz";479;146122;2;2;"MERCEDES-BENZ";"SPRINTER 3,5-t Tourer Bus (B907)";140;202110;;190;1950
"Kupplungssatz";479;146128;15;3;"DACIA";"JOGGER (RK_)";81;202203;;110;999
"Kupplungssatz";479;146151;2;0;"NISSAN";"INTERSTAR Pritsche/Fahrgestell (X62B)";120;202111;;163;2298
"Kupplungssatz";479;146156;2;2;"NISSAN";"INTERSTAR Kasten (X62B)";120;202111;;163;2298
"Kupplungssatz";479;146184;1;2;"VW";"GOLF VIII (CD1)";96;202011;;131;1495
"Kupplungssatz";479;146313;1;1;"OPEL";"MOVANO C Kasten (U9)";88;202112;;120;2179
"Kupplungssatz";479;146315;14;1;"OPEL";"MOVANO C Kasten (U9)";103;202112;;140;2179
"Kupplungssatz";479;146316;4;0;"OPEL";"MOVANO C Kasten (U9)";121;202112;;165;2179
"Kupplungssatz";479;146319;3;1;"OPEL";"MOVANO C Pritsche/Fahrgestell (U9)";103;202112;;140;2179
"Kupplungssatz";479;146406;2;1;"KIA";"SPORTAGE V (NQ5)";100;202111;;136;1598
"Kupplungssatz";479;146417;4;2;"TOYOTA";"AYGO X (_B7_)";53;202203;;72;998
"Kupplungssatz";479;146464;1;0;"IVECO";"DAILY II Pritsche/Fahrgestell";76;199001;199701;103;2499
"Kupplungssatz";479;146475;9;2;"DACIA";"DUSTER (HM_)";84;202201;;114;1461
"Kupplungssatz";479;146535;1;2;"OPEL";"ASTRA L Sports Tourer (O5)";81;202110;;110;1199
"Kupplungssatz";479;146617;7;3;"DACIA";"JOGGER (RK_)";67;202203;;91;999
"Kupplungssatz";479;146729;2;1;"SKODA";"KAMIQ (NW4)";70;201909;;95;1598
"Kupplungssatz";479;146780;5;3;"VW";"CADDY CALIFORNIA V Camper (SBB, SBJ)";75;202009;;102;1968
"Kupplungssatz";479;146891;2;1;"SUZUKI";"SWIFT V (AZ)";61;201803;;83;1197
"Kupplungssatz";479;147105;3;1;"VW";"POLO VIVO Schrägheck (6R1, 6RS)";63;201707;;86;1390
"Kupplungssatz";479;147190;3;2;"FORD";"ECOSPORT";91;201801;;124;1496
"Kupplungssatz";479;147258;1;0;"FIAT";"SCUDO Kasten";75;202201;;102;1499
"Kupplungssatz";479;147259;4;0;"FIAT";"SCUDO Kasten";88;202201;;120;1499
"Kupplungssatz";479;147260;5;0;"FIAT";"SCUDO Kasten";106;202201;;144;1997
"Kupplungssatz";479;147266;8;3;"DACIA";"DUSTER (HM_)";67;202106;;91;999
"Kupplungssatz";479;147379;4;0;"MERCEDES-BENZ";"SPRINTER 5-t Pritsche/Fahrgestell (B907)";125;202201;;170;1950
"Kupplungssatz";479;147455;1;1;"FORD";"FIESTA VII (HJ, HF)";55;201910;;75;1084
"Kupplungssatz";479;147865;1;0;"TOYOTA";"DYNA Pritsche/Fahrgestell (_U_, _Y_)";72;199601;200212;98;3661
"Kupplungssatz";479;147901;4;1;"VOLVO";"V40 Cross Country (526)";88;201502;201908;120;1969
"Kupplungssatz";479;147903;1;1;"VOLVO";"V40 Cross Country (526)";110;201504;201908;150;1969
"Kupplungssatz";479;147919;13;2;"VOLVO";"V40 Cross Country (526)";84;201210;201612;114;1560
"Kupplungssatz";479;147920;5;2;"VOLVO";"V40 Cross Country (526)";110;201210;201503;150;1984
"Kupplungssatz";479;147928;8;0;"OPEL";"CORSA UTILITY C Pick-up";66;201001;201212;90;1389
"Kupplungssatz";479;147942;4;1;"VOLVO";"V60 I Cross Country (157)";110;201503;201805;150;1969
"Kupplungssatz";479;147974;5;0;"FORD AFRICA";"BANTAM Pick-up";55;200109;201111;75;1297
"Kupplungssatz";479;147975;2;0;"FORD AFRICA";"BANTAM Pick-up";70;200109;201111;95;1597
"Kupplungssatz";479;148078;2;3;"DACIA";"SANDERO III";81;202207;;110;999
"Kupplungssatz";479;148142;2;1;"MERCEDES-BENZ";"SPRINTER 3,5-t Kasten (B907, B910)";125;202203;;170;1950
"Kupplungssatz";479;148163;2;0;"FORD AFRICA";"BANTAM Pick-up";55;198603;199312;75;1391
"Kupplungssatz";479;149314;2;3;;;;;;;
"Kupplungssatz";479;150526;1;2;;;;;;;
"Kupplungssatz";479;150604;1;0;;;;;;;
"Kupplungssatz";479;150672;1;1;;;;;;;
"Kupplungssatz";479;150673;1;0;;;;;;;
"Kupplungssatz";479;150674;1;0;;;;;;;
"Kupplungssatz";479;150724;1;0;;;;;;;
"Kupplungssatz";479;150806;1;0;;;;;;;
"Kupplungssatz";479;150807;1;0;;;;;;;
"Kupplungssatz";479;151593;2;2;;;;;;;
"Kupplungssatz";479;151928;1;0;;;;;;;
"Kupplungssatz";479;152521;3;0;;;;;;;
"Kupplungssatz";479;152590;2;0;;;;;;;
"Kupplungssatz";479;152591;3;0;;;;;;;
"Kupplungssatz";479;152593;1;0;;;;;;;
"Kupplungssatz";479;152692;1;0;;;;;;;
"Kupplungssatz";479;152693;1;1;;;;;;;
"Kupplungssatz";479;152695;1;0;;;;;;;
"Kupplungssatz";479;152696;1;0;;;;;;;
"Kupplungssatz";479;152884;4;0;;;;;;;
"Kupplungssatz";479;152885;2;0;;;;;;;
"Kupplungssatz";479;152928;1;0;;;;;;;
"Kupplungssatz";479;152932;1;0;;;;;;;
"Kupplungssatz";479;153051;6;0;;;;;;;
"Kupplungssatz";479;153289;1;0;;;;;;;
"Kupplungssatz";479;153290;1;0;;;;;;;
"Kupplungssatz";479;153507;1;1;;;;;;;
"Kupplungssatz";479;153727;1;0;;;;;;;
"Kupplungssatz";479;153853;2;0;;;;;;;
"Kupplungssatz";479;154490;1;0;;;;;;;
"Kupplungssatz";479;154560;3;0;;;;;;;
"Kupplungssatz";479;154572;3;0;;;;;;;
"Kupplungssatz";479;154574;1;0;;;;;;;
"Kupplungssatz";479;154578;1;1;;;;;;;
"Kupplungssatz";479;154626;2;0;;;;;;;
"Kupplungssatz";479;154652;1;0;;;;;;;
"Kupplungssatz";479;154655;1;0;;;;;;;
"Kupplungssatz";479;154656;1;0;;;;;;;
"Kupplungssatz";479;154680;1;0;;;;;;;
"Kupplungssatz";479;154690;2;0;;;;;;;
"Kupplungssatz";479;154694;1;0;;;;;;;
"Kupplungssatz";479;154816;1;0;;;;;;;
"Kupplungssatz";479;154982;1;0;;;;;;;
"Kupplungssatz";479;154984;4;0;;;;;;;
"Kupplungssatz";479;154985;1;0;;;;;;;
"Kupplungssatz";479;155001;1;0;;;;;;;
"Kupplungssatz";479;155002;1;0;;;;;;;
"Kupplungssatz";479;155004;2;0;;;;;;;
"Kupplungssatz";479;155005;1;0;;;;;;;
"Kupplungssatz";479;155013;2;0;;;;;;;
"Kupplungssatz";479;155016;4;0;;;;;;;
"Kupplungssatz";479;155017;1;0;;;;;;;
"Kupplungssatz";479;155019;4;0;;;;;;;
"Kupplungssatz";479;155021;1;0;;;;;;;
"Kupplungssatz";479;155196;3;0;;;;;;;
"Kupplungssatz";479;155197;2;0;;;;;;;
"Kupplungssatz";479;155415;2;3;;;;;;;
"Kupplungssatz";479;155418;1;0;;;;;;;
"Kupplungssatz";479;155478;1;0;;;;;;;
"Kupplungssatz";479;155677;1;0;;;;;;;
"Kupplungssatz";479;155852;1;1;;;;;;;
"Kupplungssatz";479;156199;1;0;;;;;;;
"Kupplungssatz";479;156390;1;0;;;;;;;
"Kupplungssatz";479;156466;2;0;;;;;;;
"Kupplungssatz";479;156888;1;1;;;;;;;
"Kupplungssatz";479;157169;1;3;;;;;;;
"Kupplungssatz";479;157193;1;0;;;;;;;
"Kupplungssatz";479;157257;1;0;;;;;;;
"Kupplungssatz";479;157674;1;0;;;;;;;
"Kupplungssatz";479;157676;1;0;;;;;;;
"Kupplungssatz";479;157841;1;0;;;;;;;
"Kupplungssatz";479;157954;1;2;;;;;;;
"Kupplungssatz";479;158018;1;3;;;;;;;
"Kupplungssatz";479;158044;1;4;;;;;;;
"Kupplungssatz";479;158589;1;2;;;;;;;
"Kupplungssatz";479;158603;1;1;;;;;;;
"Kupplungssatz";479;158719;1;0;;;;;;;
"Kupplungssatz";479;159064;1;0;;;;;;;
"Kupplungssatz";479;800120;1;1;;;;;;;
"Kupplungssatz";479;800191;1;2;;;;;;;
"Kupplungssatz";479;800294;1;3;;;;;;;
"Kupplungssatz";479;800801;1;0;;;;;;;
"Kupplungssatz";479;801347;1;0;;;;;;;
"Kupplungssatz";479;801368;8;0;;;;;;;
"Kupplungssatz";479;801369;2;0;;;;;;;
"Kupplungssatz";479;801376;2;0;;;;;;;
"Kupplungssatz";479;801381;1;0;;;;;;;
"Kupplungssatz";479;801384;10;0;;;;;;;
"Kupplungssatz";479;801385;2;0;;;;;;;
"Kupplungssatz";479;801387;1;0;;;;;;;
"Kupplungssatz";479;801388;4;0;;;;;;;
"Kupplungssatz";479;801389;2;0;;;;;;;
