GENART_DESC;GENARTNR;TYPENR;BSK_POS;RATIO (%);MAXGEAR;Ac Rolcar;VAN WEZEL;DOGA;VALEO;FEBI BILSTEIN;LEMF?RDER;MAGNETI MARELLI;PMM;METZGER AUTOTEILE
Absolut;;;32804;;22628;28438;31458;30696;31579;17009;31169;30808;31641;27879
Prozent;;;;;69;87;96;94;96;52;95;94;96;85
Fensterheber;1561;19040;2;0,0061;6;20;14;16;15;0;15;20;15;5
Fensterheber;1561;32029;20;0,061;2;12;6;18;8;0;10;6;8;8
Fensterheber;1561;16917;38;0,1158;6;20;14;16;15;0;15;21;15;5
Fensterheber;1561;23430;7;0,0213;0;0;2;0;2;0;2;0;2;2
Fensterheber;1561;8995;17;0,0518;2;12;4;8;4;0;10;8;10;4
Fensterheber;1561;32787;23;0,0701;0;0;4;5;2;2;2;0;10;4
Fensterheber;1561;32825;103;0,314;0;0;2;6;4;0;4;2;4;2
Fensterheber;1561;16104;142;0,4329;6;14;10;7;10;0;6;17;10;5
Fensterheber;1561;16108;26;0,0793;6;14;10;7;10;0;6;17;10;5
Fensterheber;1561;17768;68;0,2073;4;8;8;5;4;2;4;6;6;4
Fensterheber;1561;16967;10;0,0305;6;24;14;18;17;0;16;27;10;4
Fensterheber;1561;13198;3;0,0091;4;8;14;12;10;0;10;12;14;2
Fensterheber;1561;11042;35;0,1067;6;12;8;8;8;2;8;18;8;4
Fensterheber;1561;18450;34;0,1036;4;4;6;6;4;4;6;14;4;4
Fensterheber;1561;33352;5;0,0152;4;8;4;8;6;0;7;4;4;2
Fensterheber;1561;108663;13;0,0396;0;3;4;4;0;0;0;4;4;4
Fensterheber;1561;18967;29;0,0884;4;4;6;6;4;4;6;14;4;4
Fensterheber;1561;17564;7;0,0213;4;4;4;4;4;0;4;4;4;2
Fensterheber;1561;16525;5;0,0152;2;6;10;6;16;4;8;5;6;6
Fensterheber;1561;18675;11;0,0335;4;4;4;4;4;2;3;3;4;4
Fensterheber;1561;17727;2;0,0061;4;10;10;16;9;0;15;20;9;4
Fensterheber;1561;11487;18;0,0549;2;4;4;7;4;0;8;14;4;2
Fensterheber;1561;17868;2;0,0061;6;16;10;7;10;0;6;15;10;5
Fensterheber;1561;16325;30;0,0915;6;12;8;8;8;2;8;16;8;4
Fensterheber;1561;17317;10;0,0305;0;2;4;2;2;0;2;2;2;0
Fensterheber;1561;19468;96;0,2926;4;2;6;6;6;6;6;13;8;6
Fensterheber;1561;16370;3;0,0091;0;2;2;2;4;0;3;6;2;0
Fensterheber;1561;1876;14;0,0427;2;0;12;14;10;4;12;8;10;6
Fensterheber;1561;19783;5;0,0152;4;12;8;8;8;0;8;8;8;0
Fensterheber;1561;9044;6;0,0183;6;10;10;7;10;0;6;15;10;5
Fensterheber;1561;22661;2;0,0061;4;4;4;4;4;0;4;6;4;2
Fensterheber;1561;120179;7;0,0213;2;4;4;1;2;2;4;0;4;4
Fensterheber;1561;19200;7;0,0213;4;10;6;9;4;2;4;10;6;4
Fensterheber;1561;19469;14;0,0427;6;6;6;6;6;6;6;13;8;6
Fensterheber;1561;7021;6;0,0183;4;8;4;8;6;0;7;4;4;2
Fensterheber;1561;22826;2;0,0061;0;0;2;4;2;2;2;2;2;2
Fensterheber;1561;9516;2;0,0061;4;10;8;4;6;4;8;8;6;4
Fensterheber;1561;19458;2;0,0061;4;8;8;6;4;0;6;4;8;4
Fensterheber;1561;15267;8;0,0244;6;10;8;6;8;2;10;2;8;4
Fensterheber;1561;14184;2;0,0061;6;16;10;7;10;0;6;15;10;5
Fensterheber;1561;9339;46;0,1402;4;4;4;4;4;0;4;4;4;2
Fensterheber;1561;6029;4;0,0122;0;0;4;1;2;4;4;0;4;4
Fensterheber;1561;32754;2;0,0061;0;2;2;4;2;0;4;4;4;2
Fensterheber;1561;24547;1;0,003;0;2;4;2;4;0;4;2;2;4
Fensterheber;1561;5676;1;0,003;4;8;14;8;6;0;6;6;10;3
Fensterheber;1561;9041;5;0,0152;6;10;10;7;10;0;6;15;10;5
Fensterheber;1561;16334;1;0,003;2;22;4;10;8;0;10;2;14;2
Fensterheber;1561;16596;1;0,003;4;4;4;4;4;4;4;7;4;4
Fensterheber;1561;34931;1;0,003;0;6;2;12;8;0;3;5;4;2
Fensterheber;1561;17613;1;0,003;2;8;6;8;8;2;7;10;4;4
Fensterheber;1561;10312;8;0,0244;2;2;6;2;4;4;8;4;4;4
Fensterheber;1561;19001;1;0,003;4;4;4;4;4;2;4;8;4;0
Fensterheber;1561;27541;1;0,003;2;4;6;9;4;2;4;10;6;4
Fensterheber;1561;126078;1;0,003;5;8;6;0;2;0;10;2;8;0
Fensterheber;1561;15772;4;0,0122;2;12;10;14;10;0;10;7;16;2
Fensterheber;1561;468;2;0,0061;2;0;8;6;4;0;4;7;4;3
Fensterheber;1561;34263;2;0,0061;4;16;6;4;4;4;8;10;16;2
Fensterheber;1561;12149;1;0,003;0;2;4;0;6;0;6;7;4;0
Fensterheber;1561;9315;1;0,003;6;14;9;10;10;2;14;12;14;2
Fensterheber;1561;24450;1;0,003;4;8;4;8;6;0;7;5;4;2
Fensterheber;1561;15063;1;0,003;4;4;4;6;4;4;5;8;4;4
Fensterheber;1561;23289;1;0,003;0;2;4;8;6;0;8;3;8;0
Fensterheber;1561;22489;2;0,0061;2;4;4;9;4;0;4;6;12;2
Fensterheber;1561;9308;1;0,003;2;4;4;4;0;0;2;0;4;4
Fensterheber;1561;10917;2;0,0061;0;12;4;6;6;0;5;4;6;0
Fensterheber;1561;1318;1;0,003;0;0;2;2;2;0;0;4;2;0
Fensterheber;1561;18614;1;0,003;4;8;6;6;6;2;6;10;6;8
Fensterheber;1561;10350;3;0,0091;0;4;4;3;6;0;2;6;4;0
Fensterheber;1561;18517;1;0,003;1;0;8;2;4;0;4;4;4;2
Fensterheber;1561;9533;1;0,003;4;10;2;4;2;2;10;2;2;4
Fensterheber;1561;113886;1;0,003;2;2;4;0;2;0;2;2;6;2
Fensterheber;1561;58482;1;0,003;0;0;2;0;0;0;0;0;4;2
Fensterheber;1561;119515;1;0,003;0;6;0;1;2;0;7;4;8;0
Fensterheber;1561;27584;10;0,0305;2;4;4;6;4;0;3;6;6;2
Fensterheber;1561;15452;40;0,1219;6;12;8;8;8;2;8;16;8;4
Fensterheber;1561;504;82;0,25;2;6;6;6;6;0;6;8;6;0
Fensterheber;1561;25482;21;0,064;0;0;6;4;4;4;6;8;4;4
Fensterheber;1561;15525;13;0,0396;0;10;0;11;2;0;3;8;4;0
Fensterheber;1561;15910;48;0,1463;5;8;8;4;6;4;8;8;6;4
Fensterheber;1561;15937;3;0,0091;2;8;6;8;6;2;4;6;8;2
Fensterheber;1561;1659;4;0,0122;5;2;8;4;4;0;2;2;6;6
Fensterheber;1561;19051;5;0,0152;2;24;12;19;12;0;16;10;18;6
Fensterheber;1561;4627;2;0,0061;2;6;3;5;6;2;4;7;4;2
Fensterheber;1561;17173;26;0,0793;6;6;2;6;2;4;4;11;2;2
Fensterheber;1561;17393;77;0,2347;2;6;6;8;6;2;6;8;8;2
Fensterheber;1561;5730;33;0,1006;0;0;8;8;6;2;7;8;4;4
Fensterheber;1561;11752;1;0,003;0;6;4;2;2;0;2;4;6;0
Fensterheber;1561;34951;5;0,0152;0;4;4;5;2;0;4;4;2;2
Fensterheber;1561;17204;17;0,0518;0;18;6;8;8;0;12;6;10;4
Fensterheber;1561;19289;112;0,3414;0;18;6;8;7;0;12;6;10;4
Fensterheber;1561;15482;2;0,0061;2;8;6;8;8;2;7;10;4;4
Fensterheber;1561;19579;1;0,003;2;4;6;8;8;0;6;10;8;2
Fensterheber;1561;15914;3;0,0091;0;6;4;4;4;0;4;2;4;2
Fensterheber;1561;18481;4;0,0122;3;8;8;6;4;0;6;5;8;4
Fensterheber;1561;13167;3;0,0091;0;4;0;4;4;0;4;0;2;0
Fensterheber;1561;1872;29;0,0884;2;11;12;14;10;4;12;8;10;6
Fensterheber;1561;19479;6;0,0183;4;4;4;4;4;2;3;3;4;4
Fensterheber;1561;18966;62;0,189;4;4;6;6;4;4;6;14;4;4
Fensterheber;1561;18218;10;0,0305;2;10;10;10;9;0;10;18;9;4
Fensterheber;1561;17892;5;0,0152;2;22;4;10;8;0;10;2;14;2
Fensterheber;1561;10040;2;0,0061;4;6;14;15;16;0;12;24;8;4
Fensterheber;1561;28234;7;0,0213;0;2;2;2;2;0;0;0;2;2
Fensterheber;1561;12472;9;0,0274;2;8;6;4;6;4;6;10;6;4
Fensterheber;1561;24201;7;0,0213;2;12;10;14;10;0;10;7;16;2
Fensterheber;1561;27992;5;0,0152;4;4;4;0;4;0;4;2;4;2
Fensterheber;1561;15480;12;0,0366;2;12;10;10;10;0;10;7;16;2
Fensterheber;1561;15778;2;0,0061;2;6;4;9;7;0;10;8;10;4
Fensterheber;1561;19698;10;0,0305;6;6;12;8;7;6;9;13;12;8
Fensterheber;1561;450;1;0,003;2;6;8;6;6;0;4;7;4;3
Fensterheber;1561;20072;1;0,003;0;4;6;0;0;0;2;0;12;2
Fensterheber;1561;17548;1;0,003;2;14;3;11;10;0;12;10;9;0
Fensterheber;1561;10974;1;0,003;0;6;2;4;2;0;4;3;4;2
Fensterheber;1561;8687;13;0,0396;4;6;4;9;4;4;5;9;4;4
Fensterheber;1561;5626;6;0,0183;0;0;0;12;0;0;6;2;2;0
Fensterheber;1561;19325;1;0,003;0;6;6;8;6;0;8;10;8;2
Fensterheber;1561;19026;8;0,0244;4;8;6;6;6;2;6;10;6;8
Fensterheber;1561;28173;1;0,003;2;4;4;4;4;0;4;2;4;2
Fensterheber;1561;16454;5;0,0152;2;8;6;8;8;2;7;10;4;4
Fensterheber;1561;6850;2;0,0061;0;4;2;8;0;0;4;6;4;0
Fensterheber;1561;18427;1;0,003;4;4;4;4;2;2;4;4;4;4
Fensterheber;1561;28204;20;0,061;3;8;8;6;4;0;6;5;8;4
Fensterheber;1561;23183;5;0,0152;2;22;4;10;8;0;10;2;14;2
Fensterheber;1561;15011;9;0,0274;4;10;6;6;6;4;8;6;6;4
Fensterheber;1561;11424;2;0,0061;0;4;2;12;4;0;6;8;6;2
Fensterheber;1561;17812;9;0,0274;4;4;4;4;4;2;4;7;4;4
Fensterheber;1561;14006;1;0,003;0;4;4;4;2;0;4;6;4;0
Fensterheber;1561;113665;3;0,0091;2;12;0;6;8;0;10;6;8;8
Fensterheber;1561;32074;2;0,0061;0;6;4;12;6;0;6;6;6;2
Fensterheber;1561;25449;1;0,003;0;12;2;8;4;0;12;4;6;2
Fensterheber;1561;105912;4;0,0122;4;4;4;8;2;4;6;6;4;4
Fensterheber;1561;17392;5;0,0152;2;8;4;8;4;0;14;4;4;2
Fensterheber;1561;16191;2;0,0061;0;4;0;4;4;0;2;2;8;0
Fensterheber;1561;33316;2;0,0061;2;6;4;2;2;2;4;2;4;2
Fensterheber;1561;12103;1;0,003;6;6;10;8;8;2;10;8;6;6
Fensterheber;1561;30867;1;0,003;0;2;2;0;2;0;2;2;0;2
Fensterheber;1561;19634;8;0,0244;4;8;8;5;4;2;4;6;6;4
Fensterheber;1561;966;3;0,0091;0;12;4;12;8;0;8;4;8;3
Fensterheber;1561;34724;1;0,003;0;8;4;8;6;0;6;6;6;0
Fensterheber;1561;5371;6;0,0183;4;6;4;9;4;4;5;9;4;4
Fensterheber;1561;17150;13;0,0396;4;10;2;4;2;2;10;2;2;4
Fensterheber;1561;17931;1;0,003;2;2;2;4;2;1;5;2;2;2
Fensterheber;1561;18246;23;0,0701;3;8;8;6;4;0;6;4;8;4
Fensterheber;1561;18072;2;0,0061;0;12;8;7;8;0;8;10;8;4
Fensterheber;1561;5914;1;0,003;0;10;3;7;6;0;8;6;6;2
Fensterheber;1561;118704;1;0,003;0;11;2;2;2;0;5;2;2;0
Fensterheber;1561;19449;15;0,0457;4;12;8;8;8;0;8;8;8;0
Fensterheber;1561;10179;4;0,0122;4;8;8;8;6;2;7;8;4;4
Fensterheber;1561;100648;2;0,0061;0;8;4;6;0;0;8;6;12;0
Fensterheber;1561;32974;1;0,003;2;4;6;5;4;2;4;10;6;2
Fensterheber;1561;18330;2;0,0061;0;6;2;6;4;0;2;6;4;0
Fensterheber;1561;8053;1;0,003;0;0;2;2;0;0;0;0;0;2
Fensterheber;1561;30372;2;0,0061;0;0;4;0;6;4;8;4;4;2
Fensterheber;1561;117870;1;0,003;0;10;4;4;4;0;8;4;4;0
Fensterheber;1561;17353;9;0,0274;6;12;8;8;8;2;8;16;8;4
Fensterheber;1561;33314;1;0,003;2;6;4;4;2;2;4;2;4;2
Fensterheber;1561;13108;7;0,0213;2;6;4;8;6;2;6;2;4;2
Fensterheber;1561;18102;2;0,0061;2;4;8;8;5;0;6;8;4;4
Fensterheber;1561;14479;1;0,003;0;4;2;2;4;0;2;2;2;0
Fensterheber;1561;19174;7;0,0213;0;10;6;6;6;0;4;4;10;0
Fensterheber;1561;55988;1;0,003;0;6;0;4;0;0;4;0;0;4
Fensterheber;1561;113868;1;0,003;2;4;4;0;4;0;3;2;6;2
Fensterheber;1561;8958;1;0,003;4;6;6;4;2;2;10;2;2;4
Fensterheber;1561;19269;2;0,0061;0;6;4;4;3;0;0;4;4;0
Fensterheber;1561;117089;1;0,003;0;2;4;8;0;0;0;4;4;2
Fensterheber;1561;27063;1;0,003;0;4;6;0;2;0;2;0;12;2
Fensterheber;1561;18496;1;0,003;0;8;4;6;4;0;4;4;8;0
Fensterheber;1561;26602;1;0,003;0;8;0;8;4;0;8;10;4;0
Fensterheber;1561;18295;5;0,0152;0;12;4;6;6;0;4;8;6;4
Fensterheber;1561;119841;12;0,0366;0;8;4;4;4;0;8;4;4;0
Fensterheber;1561;16885;5;0,0152;4;4;4;4;4;4;4;7;4;4
Fensterheber;1561;3825;1;0,003;2;6;2;4;4;0;4;3;4;2
Fensterheber;1561;19399;3;0,0091;2;10;10;10;9;0;10;18;9;4
Fensterheber;1561;8668;1;0,003;0;4;2;3;6;0;4;6;4;0
Fensterheber;1561;15485;4;0,0122;2;8;6;8;8;2;7;10;4;4
Fensterheber;1561;29928;1;0,003;0;4;4;4;4;0;3;8;4;4
Fensterheber;1561;19404;2;0,0061;0;4;2;0;2;0;4;0;2;0
Fensterheber;1561;19581;3;0,0091;2;8;6;10;8;0;6;10;4;2
Fensterheber;1561;3247;1;0,003;2;8;6;6;4;0;4;2;4;2
Fensterheber;1561;16252;1;0,003;0;8;6;8;8;0;4;8;8;0
Fensterheber;1561;1713;1;0,003;2;4;6;4;4;0;3;2;4;3
Fensterheber;1561;59302;3;0,0091;0;8;4;4;6;0;6;4;6;0
Fensterheber;1561;119329;2;0,0061;2;6;4;1;6;0;6;2;4;0
Fensterheber;1561;15787;1;0,003;2;2;6;6;6;2;7;5;6;4
Fensterheber;1561;10084;1;0,003;4;13;6;5;2;2;8;6;16;2
Fensterheber;1561;302;4;0,0122;2;6;2;2;2;0;4;0;2;0
Fensterheber;1561;58947;2;0,0061;0;6;4;4;4;0;2;4;4;4
Fensterheber;1561;1620;1;0,003;0;8;2;8;4;0;3;6;12;0
Fensterheber;1561;5017;1;0,003;3;4;8;6;4;0;6;5;8;0
Fensterheber;1561;5541;2;0,0061;4;4;4;6;4;4;5;7;4;4
Fensterheber;1561;106453;1;0,003;0;0;4;0;2;0;2;0;4;4
Fensterheber;1561;18931;1;0,003;4;12;8;8;8;0;8;8;8;0
Fensterheber;1561;15120;2;0,0061;6;10;6;6;6;2;7;10;4;4
Fensterheber;1561;17851;1;0,003;4;4;4;4;4;2;4;8;4;0
Fensterheber;1561;17697;1;0,003;0;16;4;10;8;0;10;8;14;2
Fensterheber;1561;18251;1;0,003;2;4;2;6;4;0;4;4;6;0
Fensterheber;1561;31360;1;0,003;0;6;0;4;0;0;4;0;0;4
Fensterheber;1561;17012;1;0,003;6;24;14;18;7;0;16;27;10;4
Fensterheber;1561;16882;1;0,003;4;4;4;4;4;4;4;7;4;4
Fensterheber;1561;15363;1;0,003;0;4;6;0;0;0;2;0;12;2
Fensterheber;1561;100340;1;0,003;0;13;8;16;4;0;12;7;12;0
Fensterheber;1561;34421;1;0,003;4;16;6;5;2;4;8;10;16;2
Fensterheber;1561;16381;1;0,003;0;7;0;4;2;0;10;8;4;0
Fensterheber;1561;19045;90;0,2744;2;24;12;19;12;0;16;10;18;6
Fensterheber;1561;17979;13;0,0396;2;6;6;2;4;0;4;8;8;2
Fensterheber;1561;15477;4;0,0122;2;12;10;10;10;0;10;11;16;2
Fensterheber;1561;31592;13;0,0396;4;4;8;6;4;0;6;4;8;4
Fensterheber;1561;5547;1;0,003;0;2;4;6;4;0;4;4;8;0
Fensterheber;1561;15443;2;0,0061;0;6;6;8;8;2;7;10;4;4
Fensterheber;1561;730;28;0,0854;0;8;6;9;4;2;8;8;4;2
Fensterheber;1561;57126;10;0,0305;8;8;10;2;10;0;6;17;10;5
Fensterheber;1561;11955;4;0,0122;0;2;4;2;2;0;2;1;6;0
Fensterheber;1561;19971;50;0,1524;2;0;4;4;4;4;4;8;0;0
Fensterheber;1561;5311;7;0,0213;4;10;8;8;8;0;8;8;8;2
Fensterheber;1561;18142;22;0,0671;4;4;4;4;4;0;4;4;4;2
Fensterheber;1561;15715;2;0,0061;2;4;4;9;4;0;4;8;12;2
Fensterheber;1561;10227;7;0,0213;4;8;6;6;6;2;6;8;6;8
Fensterheber;1561;19023;4;0,0122;4;4;4;4;4;0;4;6;4;2
Fensterheber;1561;16813;1;0,003;0;8;4;6;4;0;4;8;4;0
Fensterheber;1561;14681;1;0,003;0;4;2;4;4;0;8;4;2;0
Fensterheber;1561;28835;2;0,0061;4;8;10;16;9;0;15;20;9;4
Fensterheber;1561;2480;2;0,0061;0;4;4;12;6;0;6;8;4;2
Fensterheber;1561;15716;8;0,0244;2;4;4;9;4;0;4;8;12;2
Fensterheber;1561;17126;1;0,003;0;2;0;0;0;0;0;0;4;0
Fensterheber;1561;15463;2;0,0061;10;4;10;8;6;2;10;20;6;6
Fensterheber;1561;12754;3;0,0091;2;8;4;8;4;0;14;4;4;2
Fensterheber;1561;731;18;0,0549;0;8;6;15;4;2;8;8;4;2
Fensterheber;1561;58946;18;0,0549;2;2;4;8;2;2;4;6;4;4
Fensterheber;1561;19861;35;0,1067;2;4;4;9;4;0;4;6;12;2
Fensterheber;1561;121967;4;0,0122;6;12;8;0;8;2;8;0;8;0
Fensterheber;1561;58256;53;0,1616;2;4;8;4;4;4;7;4;4;2
Fensterheber;1561;10824;1;0,003;0;4;4;4;5;0;3;4;4;2
Fensterheber;1561;23232;5;0,0152;4;4;4;6;4;2;6;6;0;4
Fensterheber;1561;32160;6;0,0183;0;2;2;2;2;0;0;2;2;0
Fensterheber;1561;19048;7;0,0213;2;24;12;19;12;0;16;10;18;6
Fensterheber;1561;8935;2;0,0061;0;4;6;6;6;0;7;6;6;2
Fensterheber;1561;19601;1;0,003;0;2;4;2;2;0;2;2;2;0
Fensterheber;1561;19454;6;0,0183;0;2;2;2;2;0;2;2;2;2
Fensterheber;1561;370;17;0,0518;0;0;4;6;2;0;4;8;4;2
Fensterheber;1561;24478;1;0,003;2;2;4;4;4;2;4;4;4;4
Fensterheber;1561;25502;1;0,003;0;14;6;6;4;0;6;4;4;2
Fensterheber;1561;24243;3;0,0091;0;0;4;6;4;2;6;2;4;4
Fensterheber;1561;17811;12;0,0366;4;4;4;4;4;2;4;7;4;4
Fensterheber;1561;137726;1;0,003;0;4;2;0;0;0;0;4;2;2
Fensterheber;1561;33246;32;0,0975;3;4;8;6;4;0;6;5;8;4
Fensterheber;1561;10615;10;0,0305;2;4;4;1;2;4;4;0;4;4
Fensterheber;1561;5853;23;0,0701;2;2;4;4;4;0;4;8;4;2
Fensterheber;1561;8825;3;0,0091;5;2;8;4;4;0;2;2;6;6
Fensterheber;1561;17215;3;0,0091;2;2;6;6;4;2;7;5;6;4
Fensterheber;1561;16057;1;0,003;0;4;6;10;6;0;10;10;15;0
Fensterheber;1561;1,06000105E+11;1;0,003;0;0;0;0;0;0;0;0;0;0
Fensterheber;1561;15539;76;0,2317;10;4;12;8;8;4;12;22;8;8
Fensterheber;1561;33673;3;0,0091;0;6;6;4;4;4;4;6;6;4
Fensterheber;1561;1763;2;0,0061;6;4;8;4;2;4;4;4;2;3
Fensterheber;1561;16314;5;0,0152;4;10;6;6;2;4;8;2;6;4
Fensterheber;1561;31000;1;0,003;2;2;4;4;4;4;4;5;4;0
Fensterheber;1561;17098;1;0,003;2;14;8;8;8;0;6;4;9;2
Fensterheber;1561;1644;2;0,0061;3;2;6;4;2;0;1;1;6;4
Fensterheber;1561;21804;1;0,003;0;2;4;0;2;0;2;0;4;2
Fensterheber;1561;16510;1;0,003;10;4;10;8;6;2;10;20;6;6
Fensterheber;1561;16512;2;0,0061;6;0;10;8;8;2;10;8;6;6
Fensterheber;1561;113151;4;0,0122;2;4;4;4;0;0;4;2;4;2
Fensterheber;1561;108810;1;0,003;0;2;2;4;2;0;0;2;4;0
Fensterheber;1561;11607;6;0,0183;10;10;10;8;6;2;10;18;6;6
Fensterheber;1561;20060;3;0,0091;2;6;6;6;6;2;6;7;6;0
Fensterheber;1561;19820;3;0,0091;4;8;8;6;4;0;6;8;8;4
Fensterheber;1561;31096;36;0,1097;0;2;2;2;2;0;0;2;2;0
Fensterheber;1561;13959;1;0,003;0;0;9;2;4;2;6;12;14;2
Fensterheber;1561;5404;3;0,0091;6;10;8;8;10;4;10;2;8;4
Fensterheber;1561;22557;1;0,003;2;4;4;4;2;0;4;2;4;4
Fensterheber;1561;17201;2;0,0061;0;0;4;4;2;0;0;4;4;2
Fensterheber;1561;59342;3;0,0091;2;4;4;0;4;0;4;5;4;2
Fensterheber;1561;26553;1;0,003;2;0;4;2;4;4;4;8;0;0
Fensterheber;1561;13259;2;0,0061;2;6;3;3;6;0;4;5;4;2
Fensterheber;1561;10211;1;0,003;0;2;6;11;4;0;7;8;8;0
Fensterheber;1561;106310;2;0,0061;0;2;4;6;6;4;8;8;4;2
Fensterheber;1561;17732;6;0,0183;2;10;10;10;9;0;10;18;9;4
Fensterheber;1561;1658;23;0,0701;5;2;8;4;4;0;2;2;6;6
Fensterheber;1561;8904;1;0,003;0;0;6;8;10;2;8;6;8;2
Fensterheber;1561;18329;2;0,0061;2;10;8;10;10;0;10;15;10;4
Fensterheber;1561;8802;6;0,0183;8;8;12;8;8;4;12;22;8;8
Fensterheber;1561;18668;1;0,003;2;0;4;4;2;0;4;3;0;4
Fensterheber;1561;55123;1;0,003;0;2;6;2;6;4;6;8;6;4
Fensterheber;1561;100780;1;0,003;0;0;9;0;8;2;6;12;14;2
Fensterheber;1561;57454;1;0,003;0;0;4;0;4;0;0;2;4;2
Fensterheber;1561;100001;2;0,0061;0;6;4;2;6;0;6;4;6;0
Fensterheber;1561;34241;3;0,0091;4;16;6;4;4;4;8;10;16;2
Fensterheber;1561;11830;3;0,0091;0;2;6;3;6;0;4;2;6;0
Fensterheber;1561;18247;6;0,0183;3;8;8;6;4;0;6;4;8;4
Fensterheber;1561;16226;9;0,0274;2;12;10;14;10;0;10;7;16;2
Fensterheber;1561;34968;3;0,0091;4;8;8;0;8;0;8;15;8;4
Fensterheber;1561;13201;1;0,003;2;2;8;11;6;0;6;6;10;0
Fensterheber;1561;28131;5;0,0152;0;0;2;6;2;0;2;6;6;2
Fensterheber;1561;15271;1;0,003;5;8;6;6;8;2;10;2;8;2
Fensterheber;1561;17511;2;0,0061;2;4;4;9;4;0;4;6;12;2
Fensterheber;1561;20062;2;0,0061;2;6;6;6;6;2;6;10;6;0
Fensterheber;1561;5652;1;0,003;2;4;4;4;4;0;6;12;4;2
Fensterheber;1561;5646;1;0,003;2;6;4;4;4;0;6;12;4;2
Fensterheber;1561;139172;1;0,003;0;2;0;0;2;0;0;2;2;0
Fensterheber;1561;50895;1;0,003;0;0;4;0;4;0;0;4;4;4
Fensterheber;1561;52392;1;0,003;2;4;4;2;2;0;0;0;4;2
Fensterheber;1561;8766;1;0,003;2;2;6;4;2;2;4;4;2;3
Fensterheber;1561;31001;1;0,003;2;2;4;4;4;4;4;4;4;0
Fensterheber;1561;58949;1;0,003;2;8;6;4;6;4;6;10;6;4
Fensterheber;1561;34459;1;0,003;0;0;6;6;5;0;8;4;16;0
Fensterheber;1561;14571;3;0,0091;2;10;8;6;6;2;10;6;8;4
Fensterheber;1561;24498;5;0,0152;2;8;6;8;5;0;4;6;5;2
Fensterheber;1561;15460;1;0,003;10;4;12;8;8;4;12;22;8;8
Fensterheber;1561;112384;1;0,003;0;2;4;4;2;0;4;2;4;4
Fensterheber;1561;124781;1;0,003;2;4;8;0;4;4;6;1;4;2
Fensterheber;1561;17728;1;0,003;4;10;10;16;9;0;15;20;9;4
Fensterheber;1561;17321;4;0,0122;2;4;6;8;6;2;4;4;8;2
Fensterheber;1561;5714;2;0,0061;0;6;0;9;6;0;4;0;6;0
Fensterheber;1561;33806;1;0,003;1;0;8;6;4;0;2;4;4;0
Fensterheber;1561;136729;1;0,003;0;2;2;0;2;0;0;2;4;0
Fensterheber;1561;115180;1;0,003;2;4;4;2;2;0;0;0;4;2
Fensterheber;1561;5302;1;0,003;0;2;8;6;2;0;4;6;10;1
Fensterheber;1561;19253;1;0,003;6;6;12;8;7;6;9;13;12;8
Fensterheber;1561;18386;3;0,0091;6;6;6;6;8;6;6;13;8;6
Fensterheber;1561;100647;1;0,003;0;8;4;6;0;0;8;6;12;0
Fensterheber;1561;5396;1;0,003;0;2;2;4;4;0;4;4;4;0
Fensterheber;1561;143009;1;0,003;2;0;4;0;0;2;4;0;4;0
Fensterheber;1561;5677;1;0,003;4;8;14;8;10;0;6;8;14;3
Fensterheber;1561;11844;1;0,003;0;4;4;6;2;0;4;4;4;2
Fensterheber;1561;32905;1;0,003;0;4;4;4;5;0;3;4;4;2
Fensterheber;1561;19740;1;0,003;2;0;4;4;4;4;4;8;0;0
Fensterheber;1561;31602;1;0,003;0;0;2;6;2;0;2;6;6;2
Fensterheber;1561;8799;417;1,2712;8;8;12;8;8;4;12;22;8;8
Fensterheber;1561;7834;5;0,0152;4;6;4;9;4;4;5;9;4;4
Fensterheber;1561;17519;6;0,0183;2;4;6;8;6;2;6;8;8;2
Fensterheber;1561;11140;8;0,0244;0;13;6;13;9;0;12;4;16;3
Fensterheber;1561;31593;51;0,1555;3;4;8;6;4;0;6;5;8;4
Fensterheber;1561;1866;9;0,0274;2;11;12;14;10;4;12;8;10;6
Fensterheber;1561;18248;16;0,0488;3;8;8;6;4;0;6;4;8;4
Fensterheber;1561;10039;3;0,0091;6;10;8;8;10;4;10;2;8;4
Fensterheber;1561;34169;10;0,0305;4;16;6;4;4;4;8;10;16;2
Fensterheber;1561;17197;7;0,0213;4;4;4;4;4;0;4;4;4;2
Fensterheber;1561;17575;1;0,003;0;6;2;6;2;0;2;2;2;0
Fensterheber;1561;23079;1;0,003;2;3;6;4;6;2;6;5;16;2
Fensterheber;1561;17703;18;0,0549;2;10;8;10;10;0;10;16;10;4
Fensterheber;1561;8994;11;0,0335;2;12;4;8;8;0;10;8;10;4
Fensterheber;1561;14185;6;0,0183;6;12;8;8;8;2;8;16;8;4
Fensterheber;1561;31196;1;0,003;4;8;10;16;9;0;15;20;9;4
Fensterheber;1561;16715;8;0,0244;0;12;6;12;8;0;10;16;8;3
Fensterheber;1561;19313;2;0,0061;0;2;4;7;2;0;4;6;4;2
Fensterheber;1561;19966;21;0,064;6;6;2;6;2;4;4;10;2;2
Fensterheber;1561;27585;20;0,061;0;0;4;6;4;0;3;6;6;2
Fensterheber;1561;19865;3;0,0091;2;4;4;7;4;0;4;6;12;2
Fensterheber;1561;32746;2;0,0061;0;0;4;6;4;0;3;6;6;2
Fensterheber;1561;15526;5;0,0152;0;10;0;11;4;0;3;8;4;0
Fensterheber;1561;20898;10;0,0305;0;0;4;6;4;4;4;8;4;4
Fensterheber;1561;15512;3;0,0091;2;0;4;4;4;4;4;8;4;4
Fensterheber;1561;15542;6;0,0183;10;4;10;8;6;2;10;21;6;6
Fensterheber;1561;17271;38;0,1158;0;0;4;3;2;2;2;2;2;2
Fensterheber;1561;7832;2;0,0061;4;6;4;9;4;4;5;9;4;4
Fensterheber;1561;15422;13;0,0396;2;2;6;6;6;2;7;5;6;4
Fensterheber;1561;32819;64;0,1951;8;9;6;7;6;4;6;4;6;6
Fensterheber;1561;17358;3;0,0091;2;4;4;3;2;0;4;4;2;2
Fensterheber;1561;15924;31;0,0945;0;2;2;3;2;0;4;22;2;2
Fensterheber;1561;58970;2;0,0061;0;0;0;16;5;2;10;9;6;2
Fensterheber;1561;19883;15;0,0457;0;13;6;13;9;0;12;4;16;3
Fensterheber;1561;19723;26;0,0793;0;13;6;14;10;2;11;8;12;10
Fensterheber;1561;9930;25;0,0762;0;2;4;6;4;0;10;12;6;0
Fensterheber;1561;22540;9;0,0274;2;6;6;6;6;0;6;8;6;1
Fensterheber;1561;1052;5;0,0152;0;0;2;4;4;0;4;2;4;2
Fensterheber;1561;126076;2;0,0061;6;12;8;0;8;2;8;0;8;0
Fensterheber;1561;350;1;0,003;0;0;8;6;2;0;6;5;2;0
Fensterheber;1561;14277;4;0,0122;2;8;6;8;6;2;6;8;8;2
Fensterheber;1561;17671;5;0,0152;0;2;8;4;2;0;8;4;4;4
Fensterheber;1561;16468;1;0,003;4;14;6;6;6;2;8;9;14;2
Fensterheber;1561;6021;5;0,0152;2;4;4;4;2;4;4;6;4;4
Fensterheber;1561;100835;7;0,0213;0;11;4;11;0;0;6;6;12;0
Fensterheber;1561;56142;25;0,0762;4;4;4;8;2;4;6;6;4;4
Fensterheber;1561;107797;4;0,0122;0;0;0;0;6;2;5;1;4;6
Fensterheber;1561;523;1;0,003;0;0;4;6;4;0;3;6;6;2
Fensterheber;1561;15342;2;0,0061;0;6;4;7;4;0;10;8;10;2
Fensterheber;1561;16043;7;0,0213;4;4;4;4;4;4;4;8;4;4
Fensterheber;1561;32750;3;0,0091;0;4;2;4;2;0;4;3;4;2
Fensterheber;1561;16035;2;0,0061;4;8;8;6;6;2;7;9;4;4
Fensterheber;1561;23386;2;0,0061;0;6;8;16;4;0;14;9;12;2
Fensterheber;1561;9810;2;0,0061;0;2;4;8;4;0;8;4;8;0
Fensterheber;1561;7895;34;0,1036;2;2;4;10;6;2;6;5;4;2
Fensterheber;1561;5166;4;0,0122;0;10;3;7;6;0;8;6;6;2
Fensterheber;1561;3961;19;0,0579;4;8;14;8;10;0;6;8;14;3
Fensterheber;1561;22519;17;0,0518;4;10;4;8;6;0;7;5;4;2
Fensterheber;1561;10448;2;0,0061;0;4;4;4;4;0;4;6;4;2
Fensterheber;1561;1869;4;0,0122;0;11;12;14;10;4;12;8;10;6
Fensterheber;1561;8686;1;0,003;0;6;10;23;14;2;18;6;12;6
Fensterheber;1561;14416;8;0,0244;2;10;8;8;6;2;10;12;8;4
Fensterheber;1561;17572;36;0,1097;4;8;8;5;4;2;4;6;6;4
Fensterheber;1561;56798;1;0,003;0;4;0;2;0;0;2;0;2;0
Fensterheber;1561;117869;4;0,0122;0;10;4;4;4;0;8;4;4;0
Fensterheber;1561;31607;18;0,0549;8;10;6;7;6;4;6;8;6;6
Fensterheber;1561;19035;1;0,003;0;0;4;4;2;0;2;3;6;0
Fensterheber;1561;14591;36;0,1097;10;4;10;8;6;2;10;20;6;6
Fensterheber;1561;31543;17;0,0518;2;2;4;4;4;0;4;8;4;2
Fensterheber;1561;16814;3;0,0091;0;8;4;6;4;0;4;8;4;0
Fensterheber;1561;8943;6;0,0183;6;6;4;4;4;0;4;8;4;2
Fensterheber;1561;16382;1;0,003;0;7;0;4;2;0;10;8;4;0
Fensterheber;1561;19726;1;0,003;0;13;6;14;10;2;11;8;12;10
Fensterheber;1561;16825;2;0,0061;0;8;0;14;8;0;9;8;8;0
Fensterheber;1561;18765;2;0,0061;4;4;4;6;4;2;6;4;0;4
Fensterheber;1561;24496;3;0,0091;1;0;0;6;0;0;4;2;0;0
Fensterheber;1561;33434;31;0,0945;2;4;4;4;2;4;4;6;4;4
Fensterheber;1561;28229;8;0,0244;2;2;4;4;2;0;2;2;4;2
Fensterheber;1561;10502;3;0,0091;0;2;4;2;4;0;4;12;2;2
Fensterheber;1561;31058;1;0,003;0;13;6;13;9;0;12;4;16;3
Fensterheber;1561;20040;5;0,0152;2;6;6;9;9;2;6;10;10;0
Fensterheber;1561;15631;4;0,0122;6;6;10;8;8;2;10;17;6;6
Fensterheber;1561;31029;1;0,003;0;0;6;6;4;4;6;12;4;4
Fensterheber;1561;5928;7;0,0213;4;2;9;2;10;2;6;10;14;2
Fensterheber;1561;9342;2;0,0061;0;16;6;16;6;0;12;12;10;3
Fensterheber;1561;18149;1;0,003;2;8;6;8;6;2;4;6;8;2
Fensterheber;1561;15145;1;0,003;0;2;0;2;2;0;4;2;2;0
Fensterheber;1561;2935;3;0,0091;2;8;6;8;5;0;4;5;5;2
Fensterheber;1561;18994;2;0,0061;4;4;4;4;4;2;4;8;4;0
Fensterheber;1561;10010;1;0,003;0;6;0;12;24;0;4;0;6;0
Fensterheber;1561;19106;5;0,0152;4;4;6;4;4;4;6;10;4;4
Fensterheber;1561;16714;12;0,0366;0;12;6;12;8;0;10;16;8;3
Fensterheber;1561;19444;1;0,003;0;9;4;8;8;0;8;4;4;2
Fensterheber;1561;10064;1;0,003;0;4;0;2;2;0;1;2;4;0
Fensterheber;1561;14559;1;0,003;6;0;10;7;8;2;6;2;6;6
Fensterheber;1561;8897;1;0,003;2;5;4;10;6;2;6;2;4;2
Fensterheber;1561;5620;5;0,0152;0;4;4;6;4;0;4;2;10;0
Fensterheber;1561;10176;1;0,003;6;6;10;8;8;2;10;16;6;6
Fensterheber;1561;1769;3;0,0091;6;4;8;4;2;4;4;4;2;3
Fensterheber;1561;30368;1;0,003;0;4;4;6;6;4;8;8;4;2
Fensterheber;1561;17724;1;0,003;4;10;10;16;9;0;15;20;9;4
Fensterheber;1561;22517;1;0,003;4;10;4;8;6;0;7;5;4;2
Fensterheber;1561;20058;3;0,0091;2;6;6;6;6;2;6;8;6;0
Fensterheber;1561;18734;2;0,0061;0;4;2;4;4;0;10;8;4;0
Fensterheber;1561;17277;1;0,003;0;8;0;6;6;0;4;2;8;0
Fensterheber;1561;132501;1;0,003;0;0;2;4;0;0;2;2;4;0
Fensterheber;1561;57460;3;0,0091;4;4;4;8;2;4;6;6;4;4
Fensterheber;1561;137730;1;0,003;0;2;4;4;0;0;0;4;4;0
Fensterheber;1561;33325;1;0,003;0;0;2;6;2;0;3;6;6;2
Fensterheber;1561;137046;1;0,003;0;0;0;0;0;0;0;0;0;0
Fensterheber;1561;16452;4;0,0122;2;8;6;8;8;2;7;10;4;4
Fensterheber;1561;11081;1;0,003;4;6;4;9;4;4;5;9;4;4
Fensterheber;1561;128344;5;0,0152;4;4;4;4;2;1;6;6;4;4
Fensterheber;1561;15117;1;0,003;0;2;4;2;2;0;2;2;4;0
Fensterheber;1561;16180;2;0,0061;2;10;8;6;6;2;10;6;8;4
Fensterheber;1561;34307;2;0,0061;0;0;6;8;5;2;8;6;16;0
Fensterheber;1561;15782;1;0,003;0;0;8;6;4;2;7;9;4;4
Fensterheber;1561;33399;1;0,003;0;3;6;10;4;0;10;4;10;2
Fensterheber;1561;27993;1;0,003;2;6;8;8;6;0;6;4;9;0
Fensterheber;1561;10254;1;0,003;6;2;6;7;6;4;6;7;6;6
Fensterheber;1561;14913;1;0,003;0;16;4;10;8;0;10;8;14;2
Fensterheber;1561;19948;1;0,003;0;4;0;4;4;0;3;2;8;0
Fensterheber;1561;15657;1;0,003;0;6;4;4;4;0;4;2;4;2
Fensterheber;1561;8525;1;0,003;4;4;4;6;4;4;5;8;4;4
Fensterheber;1561;8456;90;0,2744;8;8;12;7;8;4;12;17;8;8
Fensterheber;1561;3936;14;0,0427;2;11;12;14;10;4;12;8;10;6
Fensterheber;1561;17627;109;0,3323;2;6;6;6;6;0;6;8;6;1
Fensterheber;1561;9982;1;0,003;0;4;4;8;9;0;12;4;8;0
Fensterheber;1561;1910;2;0,0061;2;2;6;4;6;0;3;2;4;3
Fensterheber;1561;9643;15;0,0457;4;6;14;15;16;0;12;24;8;4
Fensterheber;1561;28769;2;0,0061;6;8;10;6;10;0;2;17;10;5
Fensterheber;1561;8801;21;0,064;8;8;12;8;8;4;12;22;8;8
Fensterheber;1561;19970;13;0,0396;2;0;4;4;4;4;4;8;0;0
Fensterheber;1561;58650;2;0,0061;0;18;10;23;6;0;18;6;12;4
Fensterheber;1561;8526;3;0,0091;6;10;8;8;10;2;10;2;8;4
Fensterheber;1561;106420;1;0,003;0;2;2;2;2;0;0;0;2;2
Fensterheber;1561;108798;4;0,0122;0;2;2;4;2;0;0;2;4;0
Fensterheber;1561;131983;1;0,003;0;2;0;0;0;0;0;0;4;0
Fensterheber;1561;15344;2;0,0061;2;6;4;9;8;0;10;8;10;3
Fensterheber;1561;58766;1;0,003;4;4;4;0;4;2;4;4;4;4
Fensterheber;1561;17742;9;0,0274;6;8;12;8;7;6;9;13;12;8
Fensterheber;1561;19887;11;0,0335;0;13;6;13;9;0;12;4;16;3
Fensterheber;1561;17158;6;0,0183;0;3;4;4;2;0;2;4;4;0
Fensterheber;1561;58664;45;0,1372;2;12;6;6;8;0;10;6;8;8
Fensterheber;1561;17443;5;0,0152;2;14;8;8;8;0;8;10;12;2
Fensterheber;1561;23484;6;0,0183;0;0;9;12;4;0;12;12;14;0
Fensterheber;1561;17730;9;0,0274;2;10;10;10;9;0;10;18;9;4
Fensterheber;1561;18392;28;0,0854;2;4;4;4;2;0;4;2;4;4
Fensterheber;1561;30901;9;0,0274;0;2;4;4;2;0;2;4;4;0
Fensterheber;1561;115204;20;0,061;2;4;4;0;2;4;4;4;4;4
Fensterheber;1561;2142;11;0,0335;2;8;6;7;4;0;6;2;4;2
Fensterheber;1561;32030;7;0,0213;2;12;6;18;8;0;10;6;8;8
Fensterheber;1561;9981;1;0,003;2;8;4;8;9;0;12;4;8;0
Fensterheber;1561;19349;5;0,0152;0;12;6;16;7;0;8;8;12;2
Fensterheber;1561;1870;26;0,0793;2;11;12;14;10;4;12;8;10;6
Fensterheber;1561;8178;2;0,0061;0;4;10;1;4;0;10;8;9;0
Fensterheber;1561;8808;4;0,0122;0;6;2;4;6;0;6;4;6;0
Fensterheber;1561;3712;10;0,0305;0;0;2;2;5;0;0;2;2;0
Fensterheber;1561;24433;1;0,003;2;6;4;4;4;0;4;6;4;2
Fensterheber;1561;9057;4;0,0122;2;14;10;12;10;0;6;10;10;1
Fensterheber;1561;32031;8;0,0244;2;12;6;18;8;0;10;6;8;8
Fensterheber;1561;5729;21;0,064;0;0;8;10;6;2;7;8;4;4
Fensterheber;1561;16742;1;0,003;6;12;8;8;8;2;8;16;8;4
Fensterheber;1561;17182;30;0,0915;4;4;4;2;4;2;4;4;4;4
Fensterheber;1561;15270;11;0,0335;5;8;6;6;8;2;10;2;8;2
Fensterheber;1561;32892;1;0,003;0;4;4;4;4;0;3;4;4;2
Fensterheber;1561;8955;12;0,0366;4;8;6;6;6;2;6;8;6;4
Fensterheber;1561;15341;1;0,003;0;6;4;7;4;0;10;8;10;2
Fensterheber;1561;30000;1;0,003;6;4;4;4;4;0;4;6;4;3
Fensterheber;1561;15835;6;0,0183;0;18;6;16;12;0;12;10;10;3
Fensterheber;1561;55494;2;0,0061;2;2;8;3;2;2;4;6;6;0
Fensterheber;1561;19969;1;0,003;6;6;4;6;4;4;4;8;4;4
Fensterheber;1561;5855;9;0,0274;0;0;4;0;4;0;4;6;4;2
Fensterheber;1561;15821;2;0,0061;0;4;2;6;4;0;2;4;4;0
Fensterheber;1561;19324;6;0,0183;0;6;6;8;6;0;8;10;8;2
Fensterheber;1561;17266;1;0,003;0;2;2;2;4;0;3;6;2;0
Fensterheber;1561;17625;45;0,1372;4;8;8;8;8;4;8;15;8;4
Fensterheber;1561;134732;1;0,003;0;2;0;3;15;0;4;3;13;0
Fensterheber;1561;16471;1;0,003;4;14;6;6;6;2;8;9;14;2
Fensterheber;1561;132715;1;0,003;0;0;0;0;3;0;8;0;2;0
Fensterheber;1561;9056;3;0,0091;2;14;10;12;10;0;6;9;10;1
Fensterheber;1561;15325;2;0,0061;0;0;0;2;4;0;0;0;6;0
Fensterheber;1561;17779;2;0,0061;2;8;4;8;4;0;14;4;4;2
Fensterheber;1561;8354;1;0,003;4;10;8;8;8;0;8;8;8;2
Fensterheber;1561;14817;1;0,003;0;12;6;12;8;0;10;16;8;3
Fensterheber;1561;14278;19;0,0579;2;4;6;8;6;2;6;8;8;2
Fensterheber;1561;9257;6;0,0183;0;0;0;6;2;0;6;4;4;0
Fensterheber;1561;58252;6;0,0183;2;4;8;4;4;2;7;4;4;2
Fensterheber;1561;19388;3;0,0091;4;4;4;4;4;2;4;8;4;0
Fensterheber;1561;22660;4;0,0122;4;4;4;4;4;0;4;6;4;2
Fensterheber;1561;35422;1;0,003;0;2;0;0;6;0;2;8;4;0
Fensterheber;1561;118967;1;0,003;0;2;0;2;0;0;2;0;2;2
Fensterheber;1561;31157;1;0,003;0;4;4;4;4;0;3;4;4;2
Fensterheber;1561;3929;7;0,0213;2;11;12;14;10;4;6;8;10;6
Fensterheber;1561;57430;1;0,003;0;6;4;4;4;0;2;4;4;4
Fensterheber;1561;5099;4;0,0122;2;6;2;2;2;0;4;2;2;0
Fensterheber;1561;15464;3;0,0091;6;6;10;8;8;2;10;16;6;6
Fensterheber;1561;12055;1;0,003;0;4;4;10;6;0;4;2;6;2
Fensterheber;1561;56205;5;0,0152;4;0;6;1;6;4;6;7;6;6
Fensterheber;1561;16288;2;0,0061;0;4;4;6;7;0;8;6;8;0
Fensterheber;1561;19725;3;0,0091;0;13;6;14;10;2;11;8;12;10
Fensterheber;1561;113864;8;0,0244;2;4;4;0;4;0;3;4;6;2
Fensterheber;1561;442;1;0,003;2;6;8;6;6;0;4;7;4;3
Fensterheber;1561;18192;1;0,003;0;0;4;3;2;2;2;2;2;2
Fensterheber;1561;19043;1;0,003;2;12;10;14;10;0;10;7;16;2
Fensterheber;1561;22515;11;0,0335;4;10;4;8;6;0;7;5;4;2
Fensterheber;1561;5974;1;0,003;0;2;0;0;0;0;0;0;0;0
Fensterheber;1561;6438;1;0,003;0;10;6;12;8;2;8;4;8;2
Fensterheber;1561;9642;1;0,003;4;6;14;15;16;0;12;24;8;4
Fensterheber;1561;15627;1;0,003;2;4;4;2;4;0;4;8;8;2
Fensterheber;1561;10579;1;0,003;6;10;8;8;10;2;10;2;8;4
Fensterheber;1561;31057;2;0,0061;0;0;2;0;4;0;0;4;0;0
Fensterheber;1561;31116;1;0,003;0;2;2;1;2;0;2;2;2;2
Fensterheber;1561;2555;1;0,003;0;2;2;4;4;0;2;4;6;0
Fensterheber;1561;15834;1;0,003;0;18;6;16;8;0;12;10;10;3
Fensterheber;1561;112373;2;0,0061;0;4;4;2;6;0;6;4;4;0
Fensterheber;1561;12033;2;0,0061;0;4;4;6;4;0;4;6;6;4
Fensterheber;1561;16460;2;0,0061;2;2;2;2;2;0;2;0;2;2
Fensterheber;1561;115210;2;0,0061;4;4;4;0;4;2;4;4;4;2
Fensterheber;1561;20059;3;0,0091;2;6;6;6;6;2;6;8;6;0
Fensterheber;1561;503;1;0,003;0;6;2;8;2;0;4;2;2;0
Fensterheber;1561;13102;1;0,003;6;6;10;8;8;2;10;16;6;6
Fensterheber;1561;5858;1;0,003;2;2;4;4;4;0;4;8;4;2
Fensterheber;1561;16134;2;0,0061;0;18;6;16;8;0;12;10;10;3
Fensterheber;1561;18418;1;0,003;4;4;4;4;4;2;3;3;4;4
Fensterheber;1561;692;1;0,003;0;0;0;2;2;0;0;0;0;0
Fensterheber;1561;17840;1;0,003;0;4;2;6;4;0;4;4;6;0
Fensterheber;1561;18933;2;0,0061;2;4;2;6;4;2;4;4;4;2
Fensterheber;1561;6042;9;0,0274;3;4;8;6;4;0;6;5;8;0
Fensterheber;1561;11604;12;0,0366;10;10;10;8;6;2;10;20;6;6
Fensterheber;1561;17176;13;0,0396;4;8;8;8;8;4;8;15;8;4
Fensterheber;1561;31035;3;0,0091;0;0;6;4;4;4;6;8;4;4
Fensterheber;1561;356;13;0,0396;0;0;2;2;2;0;4;4;4;2
Fensterheber;1561;23205;59;0,1799;6;6;12;8;7;6;9;13;12;10
Fensterheber;1561;23268;27;0,0823;5;4;8;4;6;4;8;8;6;4
Fensterheber;1561;17396;5;0,0152;2;0;6;2;6;2;2;4;8;2
Fensterheber;1561;9707;2;0,0061;0;4;4;2;2;0;0;4;2;0
Fensterheber;1561;17852;48;0,1463;4;4;4;4;4;2;4;8;4;0
Fensterheber;1561;33195;2;0,0061;2;10;10;11;9;0;10;6;15;2
Fensterheber;1561;732;64;0,1951;0;8;6;5;4;2;8;8;4;2
Fensterheber;1561;35786;1;0,003;0;0;0;0;0;2;4;0;0;0
Fensterheber;1561;115208;21;0,064;2;4;4;0;2;4;4;4;4;4
Fensterheber;1561;16754;4;0,0122;0;2;4;6;4;0;4;6;4;4
Fensterheber;1561;10269;2;0,0061;4;12;6;5;2;2;8;6;16;2
Fensterheber;1561;31588;1;0,003;2;2;4;4;4;4;4;5;4;0
Fensterheber;1561;31646;1;0,003;0;6;2;2;2;0;4;2;2;0
Fensterheber;1561;4625;1;0,003;2;6;3;3;6;2;4;5;4;2
Fensterheber;1561;5603;14;0,0427;4;10;6;6;6;4;8;6;6;4
Fensterheber;1561;30357;2;0,0061;0;4;4;1;2;0;0;2;2;0
Fensterheber;1561;18927;7;0,0213;4;12;8;8;8;0;8;4;8;0
Fensterheber;1561;110072;1;0,003;4;4;6;2;4;4;8;4;4;4
Fensterheber;1561;5859;2;0,0061;2;2;4;4;4;0;4;7;4;2
Fensterheber;1561;17375;4;0,0122;0;16;6;11;2;0;10;17;8;3
Fensterheber;1561;106231;1;0,003;2;2;4;8;2;2;4;6;4;4
Fensterheber;1561;24466;2;0,0061;0;4;4;5;2;0;4;4;2;2
Fensterheber;1561;115220;5;0,0152;0;0;0;2;0;0;2;0;4;0
Fensterheber;1561;16181;1;0,003;0;4;0;8;4;0;7;8;8;0
Fensterheber;1561;24505;1;0,003;2;8;6;8;5;0;4;6;5;2
Fensterheber;1561;17965;20;0,061;0;0;4;0;0;0;0;0;0;0
Fensterheber;1561;30879;1;0,003;0;2;2;6;4;0;4;2;6;1
Fensterheber;1561;34946;1;0,003;0;0;6;0;4;4;6;8;4;4
Fensterheber;1561;19524;3;0,0091;2;8;6;6;6;2;6;10;7;4
Fensterheber;1561;136701;2;0,0061;0;4;2;0;0;0;0;3;4;2
Fensterheber;1561;29952;1;0,003;2;2;4;4;5;0;4;4;4;2
Fensterheber;1561;27998;1;0,003;4;4;6;6;4;6;6;13;8;6
Fensterheber;1561;16869;6;0,0183;2;14;8;8;8;0;6;4;9;2
Fensterheber;1561;30905;2;0,0061;0;0;6;0;4;4;6;12;4;4
Fensterheber;1561;9045;48;0,1463;6;12;8;8;8;2;8;16;8;4
Fensterheber;1561;8798;15;0,0457;8;8;12;8;8;4;12;22;8;8
Fensterheber;1561;16198;36;0,1097;6;12;8;8;8;2;8;16;8;4
Fensterheber;1561;16337;77;0,2347;2;10;8;10;10;0;10;12;10;4
Fensterheber;1561;5600;51;0,1555;4;10;6;6;6;4;8;6;6;4
Fensterheber;1561;14923;19;0,0579;6;12;8;8;8;2;8;16;8;4
Fensterheber;1561;8684;2;0,0061;0;6;10;23;14;2;18;6;12;6
Fensterheber;1561;15736;1;0,003;2;6;4;4;4;0;4;6;4;2
Fensterheber;1561;9900;10;0,0305;6;24;14;18;17;0;16;27;10;4
Fensterheber;1561;9090;2;0,0061;6;10;8;8;10;4;10;2;8;4
Fensterheber;1561;16827;1;0,003;0;6;0;14;8;0;9;8;8;0
Fensterheber;1561;19518;10;0,0305;2;8;6;6;6;2;6;10;7;4
Fensterheber;1561;55488;3;0,0091;2;2;6;2;4;4;8;4;4;4
Fensterheber;1561;119014;1;0,003;0;0;0;0;0;0;0;0;2;0
Fensterheber;1561;10576;2;0,0061;0;6;4;4;2;0;4;4;4;6
Fensterheber;1561;17416;1;0,003;2;4;8;8;5;0;6;10;4;4
Fensterheber;1561;8513;1;0,003;0;4;0;8;4;0;8;0;4;0
Fensterheber;1561;19226;5;0,0152;2;4;6;8;6;2;6;8;8;2
Fensterheber;1561;55634;4;0,0122;0;13;8;16;4;0;12;7;12;0
Fensterheber;1561;16511;1;0,003;6;6;10;8;8;2;10;16;6;6
Fensterheber;1561;25478;2;0,0061;0;0;6;4;4;4;6;8;4;4
Fensterheber;1561;4613;32;0,0975;4;10;8;8;8;0;8;8;8;2
Fensterheber;1561;11052;2;0,0061;1;0;0;6;0;0;4;2;0;0
Fensterheber;1561;14491;14;0,0427;4;8;6;6;6;2;6;8;6;8
Fensterheber;1561;12139;7;0,0213;6;12;8;8;8;2;8;16;8;4
Fensterheber;1561;106276;2;0,0061;0;8;4;2;6;0;6;2;6;0
Fensterheber;1561;19033;6;0,0183;4;4;4;4;4;2;4;8;4;4
Fensterheber;1561;19256;5;0,0152;0;6;0;6;2;0;6;4;4;0
Fensterheber;1561;23433;59;0,1799;0;12;4;8;4;0;12;6;6;4
Fensterheber;1561;15585;15;0,0457;2;4;6;8;6;2;4;4;8;2
Fensterheber;1561;7741;23;0,0701;6;6;4;4;4;0;4;8;4;2
Fensterheber;1561;116222;11;0,0335;2;6;4;3;6;0;6;2;4;0
Fensterheber;1561;115777;3;0,0091;2;8;6;4;4;0;6;0;4;2
Fensterheber;1561;33486;16;0,0488;0;2;4;4;4;0;2;2;4;2
Fensterheber;1561;24469;1;0,003;0;6;0;0;0;0;5;0;0;0
Fensterheber;1561;5938;18;0,0549;6;14;9;10;8;2;14;12;14;2
Fensterheber;1561;39231;10;0,0305;2;4;4;2;2;0;0;0;4;2
Fensterheber;1561;25450;6;0,0183;0;12;2;8;4;0;12;4;6;2
Fensterheber;1561;55;3;0,0091;2;6;2;2;2;0;4;2;2;0
Fensterheber;1561;31071;1;0,003;0;2;2;0;0;0;2;0;2;2
Fensterheber;1561;11319;2;0,0061;6;10;8;8;8;2;8;16;8;4
Fensterheber;1561;16717;1;0,003;0;0;6;8;8;0;10;16;8;3
Fensterheber;1561;8742;1;0,003;0;2;2;2;2;0;2;4;2;2
Fensterheber;1561;4051;3;0,0091;0;6;4;6;4;0;4;2;4;2
Fensterheber;1561;57284;4;0,0122;0;4;4;7;4;0;6;2;4;2
Fensterheber;1561;33686;3;0,0091;4;12;8;8;8;0;8;8;8;0
Fensterheber;1561;1868;29;0,0884;2;11;12;14;10;4;12;8;10;6
Fensterheber;1561;13088;1;0,003;6;10;6;8;8;2;10;3;8;4
Fensterheber;1561;15712;14;0,0427;2;4;4;9;4;0;4;8;12;2
Fensterheber;1561;58663;21;0,064;2;12;6;6;8;0;10;6;8;8
Fensterheber;1561;34795;1;0,003;2;0;2;0;2;0;2;0;4;2
Fensterheber;1561;31965;1;0,003;0;4;4;5;2;2;4;0;10;4
Fensterheber;1561;18983;2;0,0061;0;0;0;0;0;0;0;0;0;0
Fensterheber;1561;111916;2;0,0061;0;0;6;2;8;2;6;4;8;0
Fensterheber;1561;15723;1;0,003;0;0;6;8;8;0;10;16;8;3
Fensterheber;1561;17476;5;0,0152;4;10;8;4;6;4;8;8;6;4
Fensterheber;1561;1380;1;0,003;0;2;2;4;2;0;2;4;2;0
Fensterheber;1561;30937;3;0,0091;4;10;10;6;10;4;8;4;6;6
Fensterheber;1561;17129;2;0,0061;2;8;2;7;4;0;8;11;4;3
Fensterheber;1561;58761;1;0,003;4;4;4;4;4;2;4;4;4;4
Fensterheber;1561;33134;8;0,0244;0;2;4;6;4;0;10;12;6;0
Fensterheber;1561;107945;1;0,003;4;4;4;8;2;4;6;6;4;4
Fensterheber;1561;58294;1;0,003;0;0;2;0;2;0;0;2;2;2
Fensterheber;1561;16326;6;0,0183;6;12;8;8;8;2;8;16;8;4
Fensterheber;1561;18417;4;0,0122;4;4;4;4;4;2;3;3;4;4
Fensterheber;1561;28238;1;0,003;0;0;4;24;5;2;10;9;6;2
Fensterheber;1561;31551;2;0,0061;0;0;4;0;4;0;4;6;4;2
Fensterheber;1561;4618;8;0,0244;4;10;8;8;8;0;8;8;8;2
Fensterheber;1561;8936;1;0,003;0;4;6;6;6;0;7;6;6;2
Fensterheber;1561;56557;2;0,0061;0;2;6;6;2;4;2;2;12;0
Fensterheber;1561;31034;2;0,0061;0;0;6;4;4;4;6;8;4;4
Fensterheber;1561;5931;2;0,0061;6;14;9;10;8;2;14;12;14;2
Fensterheber;1561;18393;7;0,0213;2;4;4;4;2;0;4;2;4;4
Fensterheber;1561;4602;2;0,0061;0;0;0;4;16;0;2;0;6;0
Fensterheber;1561;31351;1;0,003;2;0;4;4;4;4;4;4;4;0
Fensterheber;1561;26610;1;0,003;0;9;4;7;4;0;9;4;6;2
Fensterheber;1561;3844;1;0,003;0;0;0;0;0;0;0;0;4;0
Fensterheber;1561;18902;7;0,0213;6;14;9;14;10;2;14;12;14;2
Fensterheber;1561;17941;1;0,003;0;6;4;4;3;0;0;4;4;0
Fensterheber;1561;7896;7;0,0213;2;2;4;10;6;2;6;5;4;2
Fensterheber;1561;31357;1;0,003;4;12;8;8;8;0;8;8;8;0
Fensterheber;1561;8685;1;0,003;0;6;10;23;14;2;18;6;12;6
Fensterheber;1561;19428;4;0,0122;0;12;4;6;6;0;4;8;6;4
Fensterheber;1561;18786;1;0,003;4;10;10;16;9;0;15;20;9;4
Fensterheber;1561;33689;3;0,0091;2;2;4;6;4;0;3;6;6;2
Fensterheber;1561;14162;2;0,0061;2;18;10;12;6;0;6;10;10;1
Fensterheber;1561;14816;3;0,0091;0;12;6;12;8;0;10;16;8;3
Fensterheber;1561;5668;1;0,003;2;8;6;9;4;2;4;10;6;2
Fensterheber;1561;9026;1;0,003;0;0;0;0;0;0;5;0;0;0
Fensterheber;1561;108648;2;0,0061;4;4;4;0;4;2;4;4;4;4
Fensterheber;1561;801367;1;0,003;0;0;6;0;0;0;0;0;9;0
Fensterheber;1561;18315;7;0,0213;2;12;10;11;9;0;10;1;15;2
Fensterheber;1561;19660;1;0,003;0;4;4;4;4;0;3;4;4;2
Fensterheber;1561;31575;1;0,003;0;0;4;0;6;4;8;4;4;2
Fensterheber;1561;17915;1;0,003;0;12;2;13;4;0;6;2;6;2
Fensterheber;1561;22507;3;0,0091;4;10;4;8;6;0;7;6;4;2
Fensterheber;1561;318;1;0,003;0;0;8;6;2;0;6;5;2;0
Fensterheber;1561;8683;3;0,0091;0;6;10;23;14;2;18;6;12;6
Fensterheber;1561;5375;1;0,003;4;6;4;9;4;4;5;9;4;4
Fensterheber;1561;17360;1;0,003;2;4;4;3;2;0;4;4;2;2
Fensterheber;1561;22529;1;0,003;1;0;8;2;4;0;4;4;4;2
Fensterheber;1561;13166;1;0,003;0;4;0;4;4;0;4;0;2;0
Fensterheber;1561;18002;1;0,003;2;5;6;6;6;2;8;7;16;2
Fensterheber;1561;123398;2;0,0061;0;8;4;4;4;0;8;4;4;0
Fensterheber;1561;59801;1;0,003;0;2;4;0;0;0;0;0;0;4
Fensterheber;1561;16970;1;0,003;6;14;10;15;16;0;12;21;8;4
Fensterheber;1561;34747;2;0,0061;0;0;6;0;8;0;4;5;11;4
Fensterheber;1561;111760;1;0,003;0;2;4;1;2;0;4;1;6;2
Fensterheber;1561;20623;25;0,0762;0;8;2;0;4;0;4;4;4;0
Fensterheber;1561;8942;3;0,0091;6;6;4;4;4;0;4;8;4;2
Fensterheber;1561;16594;6;0,0183;2;8;2;7;4;0;8;11;4;3
Fensterheber;1561;11599;42;0,128;10;10;10;8;6;2;10;20;6;6
Fensterheber;1561;18143;67;0,2042;4;4;4;4;4;0;4;4;4;2
Fensterheber;1561;17903;19;0,0579;4;4;4;6;4;2;6;6;0;4
Fensterheber;1561;15123;3;0,0091;0;2;2;2;4;0;8;6;4;0
Fensterheber;1561;22472;1;0,003;0;2;4;4;4;0;4;2;2;4
Fensterheber;1561;17418;17;0,0518;2;4;8;8;5;0;6;6;4;4
Fensterheber;1561;434;6;0,0183;0;6;6;12;4;0;8;4;6;4
Fensterheber;1561;30974;237;0,7225;8;10;6;7;6;4;6;8;6;6
Fensterheber;1561;18974;23;0,0701;0;2;2;2;2;0;0;2;2;0
Fensterheber;1561;57523;3;0,0091;2;3;4;2;2;0;0;0;4;2
Fensterheber;1561;9640;88;0,2683;6;24;14;18;17;0;16;27;10;4
Fensterheber;1561;23382;3;0,0091;0;9;4;7;4;0;11;4;8;2
Fensterheber;1561;16582;3;0,0091;2;10;10;14;10;0;10;7;16;2
Fensterheber;1561;20864;12;0,0366;6;6;2;6;2;4;4;10;2;2
Fensterheber;1561;15473;5;0,0152;2;12;10;14;10;0;10;8;16;2
Fensterheber;1561;9595;1;0,003;0;0;0;0;0;0;0;0;0;0
Fensterheber;1561;9092;31;0,0945;6;10;8;8;8;2;8;20;8;4
Fensterheber;1561;15540;3;0,0091;10;4;12;8;8;4;12;22;8;8
Fensterheber;1561;115183;4;0,0122;2;4;4;2;2;0;0;0;4;2
Fensterheber;1561;4614;19;0,0579;4;10;8;8;8;0;8;8;8;2
Fensterheber;1561;27544;2;0,0061;2;4;8;6;4;2;4;10;6;6
Fensterheber;1561;18073;13;0,0396;0;12;8;6;8;0;8;10;8;4
Fensterheber;1561;33078;1;0,003;0;2;4;2;4;0;0;4;2;2
Fensterheber;1561;31520;3;0,0091;2;16;4;24;6;2;10;9;6;2
Fensterheber;1561;18225;13;0,0396;4;4;4;4;4;4;4;7;4;4
Fensterheber;1561;19103;1;0,003;4;4;6;6;4;4;6;14;4;4
Fensterheber;1561;17705;4;0,0122;0;8;6;8;4;0;7;8;6;2
Fensterheber;1561;16716;3;0,0091;0;0;6;8;8;0;10;16;8;3
Fensterheber;1561;29986;4;0,0122;0;6;2;2;2;0;4;2;2;0
Fensterheber;1561;18835;8;0,0244;2;8;6;6;6;2;6;10;7;8
Fensterheber;1561;6710;10;0,0305;0;6;2;2;6;0;6;12;6;0
Fensterheber;1561;14988;1;0,003;0;2;2;2;2;0;2;3;2;2
Fensterheber;1561;14661;8;0,0244;0;0;4;4;2;0;0;4;4;2
Fensterheber;1561;14597;17;0,0518;0;8;2;8;8;0;10;12;8;0
Fensterheber;1561;59303;1;0,003;0;6;2;4;3;0;3;6;12;0
Fensterheber;1561;19268;1;0,003;0;6;4;4;3;0;0;4;4;0
Fensterheber;1561;18408;1;0,003;2;0;4;4;4;4;4;8;0;0
Fensterheber;1561;19860;17;0,0518;2;4;4;9;4;0;4;6;12;2
Fensterheber;1561;28286;5;0,0152;2;2;4;2;4;2;4;4;4;4
Fensterheber;1561;9091;13;0,0396;6;10;8;8;8;2;8;20;8;4
Fensterheber;1561;18521;6;0,0183;4;10;8;6;4;2;4;10;6;6
Fensterheber;1561;8689;3;0,0091;4;4;4;6;4;4;5;8;4;4
Fensterheber;1561;14486;1;0,003;6;14;10;15;16;0;12;22;8;4
Fensterheber;1561;19917;3;0,0091;0;8;4;6;6;0;4;8;4;0
Fensterheber;1561;19678;2;0,0061;2;7;2;4;4;0;7;8;6;0
Fensterheber;1561;11631;1;0,003;0;0;0;0;0;0;0;0;0;0
Fensterheber;1561;15427;2;0,0061;0;6;4;4;11;0;4;6;6;0
Fensterheber;1561;12141;6;0,0183;4;10;8;8;8;2;8;16;8;4
Fensterheber;1561;12528;6;0,0183;0;2;2;4;4;0;4;4;4;0
Fensterheber;1561;1553;6;0,0183;2;6;6;6;6;0;6;8;6;0
Fensterheber;1561;123313;1;0,003;0;2;0;0;0;0;0;0;0;0
Fensterheber;1561;16651;3;0,0091;0;0;4;6;2;0;4;6;4;2
Fensterheber;1561;33280;1;0,003;0;4;4;2;2;0;0;2;2;2
Fensterheber;1561;115221;2;0,0061;0;0;0;2;0;0;2;0;4;0
Fensterheber;1561;31594;1;0,003;3;4;8;6;4;0;6;5;8;4
Fensterheber;1561;24515;7;0,0213;2;6;4;5;5;0;6;5;4;0
Fensterheber;1561;33823;4;0,0122;0;18;8;23;14;2;18;6;12;6
Fensterheber;1561;32748;1;0,003;0;0;2;6;2;0;2;6;6;2
Fensterheber;1561;18522;7;0,0213;4;10;8;6;4;2;4;10;6;6
Fensterheber;1561;33583;1;0,003;0;0;0;0;0;0;0;0;0;0
Fensterheber;1561;18919;2;0,0061;6;6;6;6;6;6;6;13;8;6
Fensterheber;1561;17417;11;0,0335;2;4;8;8;5;0;6;10;4;4
Fensterheber;1561;28236;10;0,0305;0;0;4;24;7;2;10;9;6;2
Fensterheber;1561;10052;15;0,0457;0;2;2;8;2;0;6;6;0;2
Fensterheber;1561;122039;1;0,003;0;8;4;4;4;0;8;4;4;0
Fensterheber;1561;18402;2;0,0061;4;4;4;4;4;4;4;7;0;0
Fensterheber;1561;34265;1;0,003;0;4;6;4;4;4;8;10;16;2
Fensterheber;1561;22945;20;0,061;2;6;4;4;2;2;4;6;4;2
Fensterheber;1561;108563;2;0,0061;0;4;6;2;4;2;8;4;4;0
Fensterheber;1561;15755;5;0,0152;0;2;6;4;6;2;6;6;6;8
Fensterheber;1561;19331;1;0,003;0;0;4;6;6;0;4;8;6;4
Fensterheber;1561;16234;2;0,0061;2;4;4;4;4;0;6;8;4;2
Fensterheber;1561;58254;5;0,0152;2;4;8;4;4;2;7;4;4;2
Fensterheber;1561;11523;3;0,0091;2;2;2;0;2;0;2;0;2;0
Fensterheber;1561;12068;1;0,003;0;2;6;1;8;0;4;8;8;2
Fensterheber;1561;18005;4;0,0122;4;8;6;2;4;2;4;6;4;4
Fensterheber;1561;58364;2;0,0061;0;2;2;0;4;0;0;2;2;2
Fensterheber;1561;2698;3;0,0091;0;4;4;4;4;0;4;4;4;0
Fensterheber;1561;31541;2;0,0061;0;0;4;6;2;0;4;8;4;2
Fensterheber;1561;27576;1;0,003;0;6;4;6;6;0;6;4;4;0
Fensterheber;1561;23453;20;0,061;0;0;6;0;8;0;4;5;11;4
Fensterheber;1561;9263;2;0,0061;6;14;9;10;10;0;14;12;14;2
Fensterheber;1561;20079;9;0,0274;2;6;6;6;6;2;6;11;6;0
Fensterheber;1561;19939;4;0,0122;0;5;4;8;6;0;8;4;8;0
Fensterheber;1561;1491;4;0,0122;2;6;6;6;6;0;6;8;6;1
Fensterheber;1561;33130;2;0,0061;0;2;0;4;2;0;4;2;4;0
Fensterheber;1561;16660;1;0,003;2;8;6;2;4;0;4;8;8;2
Fensterheber;1561;12519;1;0,003;0;4;2;4;4;0;4;3;4;0
Fensterheber;1561;56264;2;0,0061;2;8;6;8;5;0;4;5;5;2
Fensterheber;1561;16318;13;0,0396;4;4;4;4;4;4;4;8;4;4
Fensterheber;1561;9639;32;0,0975;6;24;14;18;17;0;16;27;10;4
Fensterheber;1561;8403;1;0,003;0;2;2;12;4;0;6;6;4;2
Fensterheber;1561;5606;1;0,003;4;10;8;8;8;0;8;8;8;2
Fensterheber;1561;110024;1;0,003;0;5;4;4;4;0;7;4;4;2
Fensterheber;1561;4730;3;0,0091;0;2;2;3;4;0;2;0;2;0
Fensterheber;1561;8925;1;0,003;0;4;6;6;6;0;7;6;6;2
Fensterheber;1561;31471;2;0,0061;0;4;2;3;4;0;4;6;4;0
Fensterheber;1561;31502;2;0,0061;0;2;4;6;6;4;8;8;4;2
Fensterheber;1561;14802;5;0,0152;6;12;8;8;8;2;8;16;8;4
Fensterheber;1561;100807;1;0,003;0;2;4;6;4;0;10;12;6;0
Fensterheber;1561;9647;10;0,0305;6;14;10;15;16;0;12;22;8;4
Fensterheber;1561;58606;2;0,0061;2;8;10;0;10;0;10;7;16;0
Fensterheber;1561;32682;1;0,003;0;10;10;0;8;0;8;10;12;2
Fensterheber;1561;12246;2;0,0061;2;8;4;8;7;0;12;6;8;0
Fensterheber;1561;22556;2;0,0061;4;4;2;4;2;0;4;11;4;2
Fensterheber;1561;16509;6;0,0183;10;4;12;8;8;4;12;22;8;8
Fensterheber;1561;32827;6;0,0183;0;0;2;6;4;0;4;2;4;2
Fensterheber;1561;23458;1;0,003;0;0;6;0;8;0;4;4;11;4
Fensterheber;1561;4852;7;0,0213;0;2;4;8;6;0;8;3;8;0
Fensterheber;1561;59719;5;0,0152;0;11;2;0;2;0;5;2;0;2
Fensterheber;1561;100836;1;0,003;0;11;4;11;0;0;6;6;12;0
Fensterheber;1561;33131;16;0,0488;0;2;4;6;4;0;10;12;6;0
Fensterheber;1561;15626;1;0,003;0;6;6;8;4;0;6;6;8;2
Fensterheber;1561;19781;1;0,003;2;4;2;6;4;2;4;4;4;2
Fensterheber;1561;18390;2;0,0061;0;6;2;6;6;0;6;12;6;4
Fensterheber;1561;139657;1;0,003;0;0;0;0;0;0;10;0;8;0
Fensterheber;1561;11783;2;0,0061;2;6;4;4;4;0;2;4;4;2
Fensterheber;1561;16011;1;0,003;6;6;4;4;4;0;4;8;4;2
Fensterheber;1561;19550;1;0,003;0;6;4;12;6;0;6;6;6;2
Fensterheber;1561;32032;1;0,003;2;12;6;18;8;0;10;6;8;8
Fensterheber;1561;14926;2;0,0061;0;2;4;2;4;0;4;12;2;2
Fensterheber;1561;19832;1;0,003;0;4;2;4;4;0;4;4;4;2
Fensterheber;1561;105919;1;0,003;2;2;4;8;2;2;4;6;4;4
Fensterheber;1561;108174;1;0,003;0;8;4;6;0;0;8;6;12;0
Fensterheber;1561;18779;1;0,003;2;14;10;8;8;0;8;10;12;2
Fensterheber;1561;16018;6;0,0183;4;4;4;4;4;4;4;8;4;4
Fensterheber;1561;9040;140;0,4268;6;10;10;7;10;0;6;17;10;5
Fensterheber;1561;32251;10;0,0305;2;0;9;2;10;2;6;8;14;2
Fensterheber;1561;7904;10;0,0305;3;4;8;6;4;0;6;5;8;0
Fensterheber;1561;106393;3;0,0091;0;2;4;0;2;0;2;0;4;2
Fensterheber;1561;8963;34;0,1036;6;12;8;8;8;2;8;20;8;4
Fensterheber;1561;7937;6;0,0183;6;10;6;8;6;2;7;10;4;4
Fensterheber;1561;12195;1;0,003;2;0;9;2;4;2;6;2;14;2
Fensterheber;1561;11136;15;0,0457;0;13;6;13;9;0;12;4;16;3
Fensterheber;1561;110594;1;0,003;0;2;0;4;4;0;4;6;4;0
Fensterheber;1561;1647;5;0,0152;5;2;8;4;4;0;2;2;6;6
Fensterheber;1561;32248;84;0,2561;2;0;9;2;10;2;6;8;14;2
Fensterheber;1561;117329;2;0,0061;0;4;6;2;4;2;8;4;4;2
Fensterheber;1561;15521;2;0,0061;0;6;6;6;6;0;7;2;6;2
Fensterheber;1561;13085;11;0,0335;5;10;8;4;6;4;8;8;6;4
Fensterheber;1561;15504;21;0,064;2;4;6;8;6;2;4;6;8;2
Fensterheber;1561;32247;42;0,128;4;2;9;2;10;2;6;8;14;2
Fensterheber;1561;29976;1;0,003;1;1;2;4;2;2;2;2;2;2
Fensterheber;1561;22688;2;0,0061;0;12;8;6;8;0;8;10;8;4
Fensterheber;1561;15503;8;0,0244;2;4;6;8;6;2;4;6;8;2
Fensterheber;1561;518;3;0,0091;0;0;8;0;0;0;0;0;4;3
Fensterheber;1561;57459;17;0,0518;4;4;4;8;2;4;6;6;4;4
Fensterheber;1561;15268;4;0,0122;5;8;6;6;8;2;10;2;8;2
Fensterheber;1561;17352;4;0,0122;6;12;8;8;8;2;8;16;8;4
Fensterheber;1561;16465;4;0,0122;4;4;4;4;4;4;4;4;4;4
Fensterheber;1561;24441;5;0,0152;0;0;2;0;2;0;3;0;2;2
Fensterheber;1561;19290;1;0,003;0;18;6;8;8;0;12;6;10;4
Fensterheber;1561;19475;5;0,0152;2;0;4;0;4;0;3;2;4;4
Fensterheber;1561;1605;1;0,003;2;0;2;4;0;0;0;0;2;2
Fensterheber;1561;18608;391;1,1919;2;6;6;6;6;0;4;6;4;4
Fensterheber;1561;124239;1;0,003;4;4;4;4;2;4;6;6;4;4
Fensterheber;1561;19396;5;0,0152;4;10;6;9;4;2;4;10;6;4
Fensterheber;1561;18092;6;0,0183;2;6;6;6;6;0;6;8;6;1
Fensterheber;1561;4788;1;0,003;0;0;2;2;5;0;0;2;2;0
Fensterheber;1561;16364;9;0,0274;0;8;6;8;6;0;7;8;6;2
Fensterheber;1561;11400;2;0,0061;0;2;4;2;4;0;4;12;2;2
Fensterheber;1561;19979;2;0,0061;2;8;6;11;4;0;6;6;8;0
Fensterheber;1561;15640;32;0,0975;2;10;8;8;6;2;10;12;8;4
Fensterheber;1561;10941;1;0,003;4;6;4;4;4;0;4;8;4;2
Fensterheber;1561;5303;3;0,0091;0;2;8;6;2;0;4;6;10;1
Fensterheber;1561;14911;3;0,0091;0;16;4;10;8;0;10;8;14;2
Fensterheber;1561;17365;9;0,0274;0;0;4;3;2;2;4;4;2;2
Fensterheber;1561;7072;14;0,0427;0;4;2;9;2;0;4;2;6;0
Fensterheber;1561;138771;3;0,0091;0;2;0;0;2;0;0;0;2;0
Fensterheber;1561;1959;1;0,003;0;0;2;2;0;0;0;0;0;2
Fensterheber;1561;6318;5;0,0152;4;2;8;4;2;4;4;4;2;3
Fensterheber;1561;25466;16;0,0488;0;0;6;6;4;4;6;12;4;4
Fensterheber;1561;31318;6;0,0183;0;0;4;6;4;4;4;6;4;4
Fensterheber;1561;19049;23;0,0701;2;24;12;19;12;0;16;10;18;6
Fensterheber;1561;23431;1;0,003;0;0;2;0;2;0;2;0;2;2
Fensterheber;1561;19178;6;0,0183;6;10;6;6;2;0;6;13;10;0
Fensterheber;1561;16019;2;0,0061;6;10;6;6;2;0;6;13;10;1
Fensterheber;1561;107957;3;0,0091;2;6;6;0;4;2;6;2;6;0
Fensterheber;1561;58360;2;0,0061;0;2;2;0;4;0;0;2;2;2
Fensterheber;1561;18784;8;0,0244;4;10;10;16;9;0;15;20;9;4
Fensterheber;1561;17845;6;0,0183;0;12;8;7;8;0;8;10;8;4
Fensterheber;1561;1054;1;0,003;0;0;2;4;4;0;4;2;4;2
Fensterheber;1561;8439;3;0,0091;6;10;6;8;6;2;7;10;4;4
Fensterheber;1561;8461;30;0,0915;8;8;12;8;8;4;12;22;8;8
Fensterheber;1561;17968;4;0,0122;4;4;4;4;4;0;4;8;4;2
Fensterheber;1561;19327;3;0,0091;0;6;6;8;6;0;6;6;8;2
Fensterheber;1561;19516;5;0,0152;0;6;4;12;4;0;6;6;6;2
Fensterheber;1561;16184;9;0,0274;6;6;4;4;4;0;4;8;4;2
Fensterheber;1561;33645;15;0,0457;0;2;2;2;2;0;0;2;2;0
Fensterheber;1561;18586;28;0,0854;0;8;4;4;4;2;4;4;6;2
Fensterheber;1561;19872;8;0,0244;2;8;6;9;6;0;6;6;8;0
Fensterheber;1561;18217;1;0,003;2;10;10;10;9;0;10;18;9;4
Fensterheber;1561;19828;2;0,0061;4;4;4;4;4;2;4;4;4;4
Fensterheber;1561;34173;1;0,003;4;16;6;4;4;4;8;10;16;2
Fensterheber;1561;30840;8;0,0244;0;4;6;8;4;0;8;4;6;0
Fensterheber;1561;14777;2;0,0061;2;2;6;4;4;0;4;4;10;2
Fensterheber;1561;4291;4;0,0122;0;0;0;8;4;0;3;4;8;0
Fensterheber;1561;14895;2;0,0061;0;4;2;4;4;0;8;4;2;0
Fensterheber;1561;17820;1;0,003;1;0;8;6;4;0;2;4;4;0
Fensterheber;1561;56757;2;0,0061;0;0;2;8;0;0;4;6;4;0
Fensterheber;1561;31153;1;0,003;0;0;4;0;6;4;8;4;4;2
Fensterheber;1561;15269;3;0,0091;5;8;6;6;8;2;10;2;8;2
Fensterheber;1561;33472;4;0,0122;0;4;4;0;4;0;4;0;4;2
Fensterheber;1561;19027;10;0,0305;4;8;6;6;6;2;6;10;6;8
Fensterheber;1561;22497;3;0,0091;0;6;4;8;6;0;8;3;8;0
Fensterheber;1561;33807;22;0,0671;0;18;10;23;14;2;18;6;12;6
Fensterheber;1561;21481;1;0,003;0;0;0;0;2;0;0;0;0;0
Fensterheber;1561;5616;2;0,0061;0;6;4;6;4;0;4;4;8;0
Fensterheber;1561;32789;8;0,0244;0;0;4;5;2;2;2;0;10;4
Fensterheber;1561;23504;2;0,0061;0;2;6;6;4;2;8;7;14;2
Fensterheber;1561;129197;1;0,003;0;2;0;0;0;0;1;0;2;0
Fensterheber;1561;58798;1;0,003;0;2;4;0;0;0;0;0;0;4
Fensterheber;1561;126122;2;0,0061;6;10;8;0;4;2;8;0;8;0
Fensterheber;1561;19627;1;0,003;0;0;4;3;2;2;6;4;2;2
Fensterheber;1561;59306;2;0,0061;0;8;0;4;2;0;4;4;6;0
Fensterheber;1561;22518;1;0,003;4;10;4;8;6;0;7;5;4;2
Fensterheber;1561;15459;6;0,0183;10;4;12;8;8;4;12;22;8;8
Fensterheber;1561;25473;1;0,003;0;0;6;6;4;4;6;12;4;4
Fensterheber;1561;15768;3;0,0091;2;4;4;4;4;0;6;10;4;2
Fensterheber;1561;5721;1;0,003;2;11;12;12;10;4;6;8;10;6
Fensterheber;1561;19465;35;0,1067;2;4;4;4;2;0;4;2;4;4
Fensterheber;1561;14485;1;0,003;6;24;14;18;17;0;16;27;10;4
Fensterheber;1561;18385;1;0,003;6;6;6;6;6;6;6;13;8;6
Fensterheber;1561;1813;1;0,003;0;2;0;5;3;0;4;9;8;0
Fensterheber;1561;17145;1;0,003;4;4;4;4;4;4;4;4;4;4
Fensterheber;1561;126215;2;0,0061;0;11;2;0;2;0;5;2;0;2
Fensterheber;1561;17864;7;0,0213;0;16;2;8;2;0;10;14;8;3
Fensterheber;1561;30398;1;0,003;4;4;4;4;4;2;4;4;4;4
Fensterheber;1561;18004;1;0,003;0;3;0;10;4;0;2;6;2;0
Fensterheber;1561;17896;1;0,003;4;4;4;4;4;2;3;5;4;4
Fensterheber;1561;18297;2;0,0061;0;0;4;6;6;0;4;8;6;4
Fensterheber;1561;34975;4;0,0122;2;4;4;1;2;4;4;6;4;4
Fensterheber;1561;30862;1;0,003;0;0;0;0;0;0;0;0;4;0
Fensterheber;1561;130625;1;0,003;0;2;4;0;6;0;0;4;8;0
Fensterheber;1561;18579;2;0,0061;2;12;10;14;10;0;10;7;16;2
Fensterheber;1561;55917;1;0,003;0;2;0;0;5;0;8;8;8;0
Fensterheber;1561;119467;2;0,0061;0;0;2;0;0;0;0;2;2;0
Fensterheber;1561;7606;3;0,0091;2;0;4;4;6;0;6;6;4;4
Fensterheber;1561;28603;1;0,003;4;4;4;4;4;2;6;6;4;4
Fensterheber;1561;56931;1;0,003;2;0;9;2;2;0;0;8;14;0
Fensterheber;1561;16762;2;0,0061;0;2;4;6;4;0;4;6;8;4
Fensterheber;1561;9465;2;0,0061;0;8;4;6;6;0;6;8;10;0
Fensterheber;1561;31075;2;0,0061;0;0;4;6;4;0;9;4;4;0
Fensterheber;1561;18027;2;0,0061;0;8;4;6;4;0;4;8;4;0
Fensterheber;1561;20001;2;0,0061;4;8;8;6;4;0;6;4;8;4
Fensterheber;1561;16492;1;0,003;2;5;6;5;6;2;8;5;16;2
Fensterheber;1561;122662;1;0,003;0;0;8;0;8;0;4;5;8;4
Fensterheber;1561;18928;1;0,003;4;12;8;8;8;0;8;4;8;0
Fensterheber;1561;801368;2;0,0061;0;0;6;0;2;0;0;0;9;0
Fensterheber;1561;12342;1;0,003;0;0;8;4;4;0;0;4;4;3
Fensterheber;1561;15555;1;0,003;0;2;2;12;4;0;6;6;4;2
Fensterheber;1561;32676;1;0,003;0;0;2;0;2;0;2;0;2;2
Fensterheber;1561;801388;1;0,003;0;0;6;0;2;0;0;0;9;0
Fensterheber;1561;115487;69;0,2103;2;4;4;1;2;4;4;0;4;4
Fensterheber;1561;16966;6;0,0183;0;2;4;4;4;0;2;4;4;0
Fensterheber;1561;31534;6;0,0183;0;0;4;6;2;0;4;7;4;2
Fensterheber;1561;16828;5;0,0152;0;0;0;0;1;0;0;0;2;0
Fensterheber;1561;30764;2;0,0061;2;2;4;4;4;2;4;4;4;4
Fensterheber;1561;16848;2;0,0061;4;4;4;4;4;2;4;4;4;4
Fensterheber;1561;18449;47;0,1433;4;4;6;6;4;4;6;14;4;4
Fensterheber;1561;22955;23;0,0701;2;2;2;4;2;1;5;2;2;2
Fensterheber;1561;11896;81;0,2469;6;2;6;7;6;4;6;7;6;6
Fensterheber;1561;17407;2;0,0061;2;2;6;6;4;2;7;5;6;4
Fensterheber;1561;25490;3;0,0091;0;0;4;0;4;0;4;2;4;2
Fensterheber;1561;58303;18;0,0549;2;4;8;4;4;2;7;4;4;2
Fensterheber;1561;19968;20;0,061;6;6;4;6;4;4;4;8;4;4
Fensterheber;1561;10004;7;0,0213;6;6;10;8;8;2;10;17;6;6
Fensterheber;1561;14172;20;0,061;0;14;8;14;12;0;8;13;12;6
Fensterheber;1561;17400;2;0,0061;0;0;0;0;0;0;0;0;0;0
Fensterheber;1561;31012;9;0,0274;4;4;4;4;4;2;4;4;4;4
Fensterheber;1561;28620;1;0,003;0;0;2;2;2;0;3;4;2;0
Fensterheber;1561;12580;4;0,0122;4;6;4;9;4;4;5;9;4;4
Fensterheber;1561;10270;11;0,0335;5;8;8;4;6;4;8;8;6;4
Fensterheber;1561;24523;5;0,0152;2;6;6;8;4;0;6;2;4;2
Fensterheber;1561;10144;2;0,0061;4;6;4;9;4;4;5;9;4;4
Fensterheber;1561;18732;6;0,0183;4;10;6;9;4;2;4;10;6;4
Fensterheber;1561;5728;1;0,003;0;0;8;8;6;2;7;8;4;4
Fensterheber;1561;11873;17;0,0518;2;14;3;11;10;0;12;10;9;0
Fensterheber;1561;33929;7;0,0213;0;18;10;23;14;2;18;6;12;6
Fensterheber;1561;106451;1;0,003;0;0;4;0;2;0;2;0;4;4
Fensterheber;1561;16279;24;0,0732;6;4;12;8;7;6;9;13;12;8
Fensterheber;1561;19328;7;0,0213;2;8;6;2;4;0;6;4;8;2
Fensterheber;1561;15338;3;0,0091;2;12;4;8;4;0;10;8;10;4
Fensterheber;1561;18193;1;0,003;2;4;4;3;2;0;4;3;2;2
Fensterheber;1561;31604;1;0,003;0;0;2;6;2;0;2;6;6;2
Fensterheber;1561;23355;2;0,0061;4;12;8;8;8;0;8;8;8;0
Fensterheber;1561;19719;8;0,0244;0;0;4;0;0;0;0;0;0;0
Fensterheber;1561;31361;1;0,003;0;6;0;4;0;0;4;0;0;4
Fensterheber;1561;7979;1;0,003;2;8;6;6;4;2;6;10;7;8
Fensterheber;1561;9043;1;0,003;6;10;10;7;10;0;6;15;10;5
Fensterheber;1561;16478;3;0,0091;2;4;4;8;16;0;4;6;6;0
Fensterheber;1561;12034;1;0,003;0;13;6;14;10;2;11;8;12;8
Fensterheber;1561;10048;1;0,003;2;10;8;6;6;2;10;6;8;4
Fensterheber;1561;16189;1;0,003;0;2;2;3;2;0;4;22;2;2
Fensterheber;1561;16017;4;0,0122;6;6;4;4;4;0;4;8;4;2
Fensterheber;1561;1913;2;0,0061;2;2;6;4;6;0;3;2;4;3
Fensterheber;1561;1604;2;0,0061;2;0;2;4;0;0;0;0;2;2
Fensterheber;1561;130989;1;0,003;0;6;10;3;14;0;18;4;12;2
Fensterheber;1561;138074;1;0,003;0;4;2;2;2;0;0;0;2;0
Fensterheber;1561;18938;2;0,0061;2;0;4;4;4;4;4;8;0;0
Fensterheber;1561;5406;1;0,003;0;0;2;4;8;0;8;2;8;3
Fensterheber;1561;9515;4;0,0122;5;10;8;4;6;4;8;8;6;4
Fensterheber;1561;6698;1;0,003;0;0;2;6;6;0;6;12;6;4
Fensterheber;1561;19230;6;0,0183;2;6;6;8;6;2;4;6;8;2
Fensterheber;1561;5251;1;0,003;2;4;4;7;4;0;8;14;4;2
Fensterheber;1561;23263;3;0,0091;4;4;2;4;2;0;4;11;4;2
Fensterheber;1561;8834;1;0,003;4;4;4;6;4;4;5;8;4;4
Fensterheber;1561;18420;1;0,003;4;4;4;4;4;2;3;3;4;4
Fensterheber;1561;19943;1;0,003;0;4;0;8;4;0;8;0;4;0
Fensterheber;1561;18384;2;0,0061;6;6;6;6;8;6;6;13;8;6
Fensterheber;1561;30973;239;0,7286;8;10;6;7;6;4;6;8;6;6
Fensterheber;1561;11346;17;0,0518;5;10;8;4;6;4;8;8;6;4
Fensterheber;1561;11369;22;0,0671;2;6;2;4;4;0;4;3;4;2
Fensterheber;1561;28233;8;0,0244;0;2;2;2;2;0;0;0;2;2
Fensterheber;1561;7932;28;0,0854;6;10;6;8;6;2;7;10;4;4
Fensterheber;1561;2723;40;0,1219;2;4;2;6;4;0;4;4;4;2
Fensterheber;1561;10014;1;0,003;0;0;0;2;0;0;2;2;2;0
Fensterheber;1561;23436;13;0,0396;0;12;4;8;4;0;12;6;6;4
Fensterheber;1561;16261;34;0,1036;4;4;4;4;4;4;4;8;4;4
Fensterheber;1561;8980;12;0,0366;2;4;4;3;4;2;6;8;6;2
Fensterheber;1561;10175;7;0,0213;6;6;10;8;8;2;10;16;6;6
Fensterheber;1561;18305;1;0,003;4;4;8;4;5;0;4;4;4;2
Fensterheber;1561;8774;9;0,0274;4;2;8;4;2;4;4;4;2;3
Fensterheber;1561;18900;15;0,0457;6;14;9;14;10;2;14;12;14;2
Fensterheber;1561;20083;12;0,0366;2;6;6;6;6;2;6;10;6;0
Fensterheber;1561;135338;1;0,003;0;0;4;0;6;0;0;0;4;0
Fensterheber;1561;30845;5;0,0152;0;6;0;6;2;0;6;4;4;0
Fensterheber;1561;8320;3;0,0091;6;6;4;4;4;0;4;8;4;2
Fensterheber;1561;31358;7;0,0213;4;12;8;8;8;0;8;8;8;0
Fensterheber;1561;18901;3;0,0091;6;14;9;14;10;2;14;12;14;2
Fensterheber;1561;15112;12;0,0366;2;4;4;3;4;2;6;8;6;2
Fensterheber;1561;19277;1;0,003;2;4;4;6;2;0;2;2;10;4
Fensterheber;1561;16884;6;0,0183;4;4;4;4;4;4;4;7;4;4
Fensterheber;1561;17232;3;0,0091;6;6;4;4;4;0;4;8;4;2
Fensterheber;1561;115144;3;0,0091;2;3;4;2;2;0;0;0;4;2
Fensterheber;1561;127942;20;0,061;0;3;0;4;0;0;0;4;4;4
Fensterheber;1561;8450;4;0,0122;0;2;4;8;4;0;8;3;8;0
Fensterheber;1561;16269;7;0,0213;2;8;6;6;6;2;6;10;7;8
Fensterheber;1561;58185;3;0,0091;2;4;8;4;4;4;7;4;4;2
Fensterheber;1561;15421;22;0,0671;2;2;6;6;6;2;7;5;6;4
Fensterheber;1561;32585;8;0,0244;2;0;2;0;2;0;2;0;4;2
Fensterheber;1561;7838;2;0,0061;4;4;4;6;4;4;5;8;4;4
Fensterheber;1561;16323;6;0,0183;2;4;2;0;0;0;4;4;0;0
Fensterheber;1561;57548;1;0,003;2;4;4;6;4;2;4;6;5;1
Fensterheber;1561;3932;13;0,0396;2;4;14;12;12;0;6;11;8;6
Fensterheber;1561;9592;1;0,003;0;8;0;0;0;0;0;0;0;0
Fensterheber;1561;105577;10;0,0305;0;4;2;3;4;0;2;2;12;2
Fensterheber;1561;33251;2;0,0061;6;6;2;6;2;4;4;8;2;2
Fensterheber;1561;33400;2;0,0061;0;3;6;10;4;0;10;4;10;2
Fensterheber;1561;115568;2;0,0061;2;2;4;8;2;2;4;6;4;4
Fensterheber;1561;106392;2;0,0061;0;2;4;0;2;0;2;0;4;2
Fensterheber;1561;18665;6;0,0183;2;0;4;4;2;0;4;3;0;4
Fensterheber;1561;18511;4;0,0122;0;8;6;8;4;2;4;2;4;2
Fensterheber;1561;105901;2;0,0061;4;4;4;8;2;4;6;6;4;4
Fensterheber;1561;8771;2;0,0061;0;4;2;3;4;0;4;6;4;0
Fensterheber;1561;15769;1;0,003;2;2;6;4;4;0;4;4;10;2
Fensterheber;1561;8997;2;0,0061;2;12;4;9;4;0;10;8;10;4
Fensterheber;1561;5310;1;0,003;4;10;8;8;8;0;8;8;8;2
Fensterheber;1561;28158;2;0,0061;2;2;8;8;5;0;6;6;4;4
Fensterheber;1561;17731;14;0,0427;2;10;10;9;9;0;10;18;9;4
Fensterheber;1561;13080;1;0,003;2;8;4;8;7;0;12;6;8;0
Fensterheber;1561;15775;1;0,003;2;12;10;10;10;0;10;7;16;2
Fensterheber;1561;22485;1;0,003;0;2;4;2;4;0;2;4;2;2
Fensterheber;1561;8319;1;0,003;6;6;4;4;4;0;4;8;4;2
Fensterheber;1561;106326;6;0,0183;0;4;0;4;4;0;4;6;4;2
Fensterheber;1561;4682;1;0,003;4;6;6;4;2;2;10;2;2;4
Fensterheber;1561;22477;1;0,003;0;2;4;4;4;0;2;2;2;4
Fensterheber;1561;14590;126;0,3841;10;4;12;8;8;4;12;22;8;8
Fensterheber;1561;23065;26;0,0793;6;21;14;16;15;0;15;20;15;5
Fensterheber;1561;17073;54;0,1646;0;0;2;2;2;0;4;2;4;0
Fensterheber;1561;18068;26;0,0793;6;6;4;6;4;4;4;8;4;4
Fensterheber;1561;31100;9;0,0274;0;2;2;2;2;0;0;2;2;0
Fensterheber;1561;16695;16;0,0488;4;4;4;4;4;2;4;4;4;4
Fensterheber;1561;1888;13;0,0396;0;2;2;2;2;0;0;2;2;0
Fensterheber;1561;1940;71;0,2164;4;12;9;0;10;2;14;12;14;2
Fensterheber;1561;4307;3;0,0091;0;2;2;4;2;0;2;2;2;0
Fensterheber;1561;10005;8;0,0244;0;6;2;8;4;0;6;2;4;0
Fensterheber;1561;31606;86;0,2622;8;10;6;7;6;4;6;8;6;6
Fensterheber;1561;18791;16;0,0488;6;20;14;16;15;0;15;20;15;5
Fensterheber;1561;458;3;0,0091;2;0;8;6;6;0;4;7;4;3
Fensterheber;1561;17863;8;0,0244;0;0;2;4;2;0;6;12;8;3
Fensterheber;1561;14397;2;0,0061;0;0;4;2;4;0;4;12;2;2
Fensterheber;1561;23194;23;0,0701;4;12;9;14;10;2;14;12;14;2
Fensterheber;1561;7892;7;0,0213;4;8;14;8;10;0;6;8;14;3
Fensterheber;1561;13194;4;0,0122;4;8;14;12;10;0;10;14;14;2
Fensterheber;1561;23062;15;0,0457;4;10;10;16;9;0;15;20;9;4
Fensterheber;1561;16059;1;0,003;2;8;6;8;6;2;4;4;8;2
Fensterheber;1561;11406;16;0,0488;2;6;8;4;4;0;4;6;10;2
Fensterheber;1561;100644;4;0,0122;0;8;4;6;0;0;8;6;12;0
Fensterheber;1561;16526;3;0,0091;2;6;10;6;16;4;8;5;6;6
Fensterheber;1561;17978;12;0,0366;0;6;6;8;6;0;6;5;8;2
Fensterheber;1561;120239;1;0,003;0;6;2;2;2;0;2;2;2;0
Fensterheber;1561;7659;2;0,0061;2;4;4;2;5;0;6;6;4;4
Fensterheber;1561;23451;6;0,0183;0;0;6;0;8;0;4;5;11;4
Fensterheber;1561;28250;3;0,0091;0;6;2;2;2;0;4;2;2;0
Fensterheber;1561;15894;8;0,0244;6;12;8;8;8;2;8;16;8;4
Fensterheber;1561;11239;1;0,003;0;4;4;6;4;0;2;6;4;0
Fensterheber;1561;32853;1;0,003;0;4;0;2;2;0;1;2;4;0
Fensterheber;1561;15810;8;0,0244;6;24;14;18;17;0;16;27;10;4
Fensterheber;1561;18479;5;0,0152;3;8;8;6;4;0;6;6;8;4
Fensterheber;1561;18677;5;0,0152;4;4;4;4;4;2;3;5;4;4
Fensterheber;1561;33394;1;0,003;2;12;6;6;8;0;10;6;8;8
Fensterheber;1561;107505;4;0,0122;0;2;0;0;0;0;2;0;2;0
Fensterheber;1561;5299;2;0,0061;4;10;10;14;6;0;4;8;4;1
Fensterheber;1561;16087;1;0,003;5;10;8;4;6;4;8;8;6;4
Fensterheber;1561;143459;1;0,003;0;0;4;0;0;0;0;0;2;2
Fensterheber;1561;17186;4;0,0122;2;12;10;10;10;0;10;7;16;2
Fensterheber;1561;19588;1;0,003;0;2;4;2;2;0;2;2;6;0
Fensterheber;1561;119843;13;0,0396;0;8;4;4;4;0;8;4;4;0
Fensterheber;1561;31045;1;0,003;0;2;4;6;6;4;8;8;4;2
Fensterheber;1561;105877;3;0,0091;0;8;4;6;0;0;8;6;12;0
Fensterheber;1561;3938;2;0,0061;2;11;12;14;10;4;6;8;10;6
Fensterheber;1561;56170;2;0,0061;2;4;4;2;2;0;0;0;4;2
Fensterheber;1561;5308;1;0,003;4;10;8;8;8;0;8;8;8;2
Fensterheber;1561;56287;3;0,0091;6;14;0;0;8;2;11;12;14;2
Fensterheber;1561;28515;1;0,003;0;2;0;4;6;0;4;6;4;0
Fensterheber;1561;16945;3;0,0091;5;10;8;4;6;4;8;8;6;4
Fensterheber;1561;31740;1;0,003;0;10;0;12;6;0;10;4;6;2
Fensterheber;1561;16744;1;0,003;0;6;4;4;3;0;0;4;4;0
Fensterheber;1561;11763;2;0,0061;10;10;10;8;6;2;10;18;6;6
Fensterheber;1561;27512;3;0,0091;4;14;6;6;4;2;8;7;14;2
Fensterheber;1561;17354;3;0,0091;6;12;8;8;8;2;8;16;8;4
Fensterheber;1561;10689;1;0,003;2;2;6;4;2;2;4;4;2;3
Fensterheber;1561;55284;1;0,003;0;8;6;4;4;0;8;4;4;2
Fensterheber;1561;4639;2;0,0061;0;0;2;2;2;0;2;4;2;0
Fensterheber;1561;32689;1;0,003;6;6;4;6;4;4;4;8;4;4
Fensterheber;1561;129205;2;0,0061;0;2;4;0;2;0;2;0;4;2
Fensterheber;1561;25446;1;0,003;4;4;4;4;4;0;4;6;4;2
Fensterheber;1561;127941;23;0,0701;0;4;4;4;0;0;0;4;4;4
Fensterheber;1561;18040;4;0,0122;0;0;0;0;2;0;0;8;2;0
Fensterheber;1561;18093;23;0,0701;2;6;6;6;6;0;6;8;6;1
Fensterheber;1561;55508;28;0,0854;2;2;8;3;2;2;4;6;6;0
Fensterheber;1561;17743;23;0,0701;6;6;6;6;6;6;6;13;8;6
Fensterheber;1561;17719;5;0,0152;6;20;14;16;15;0;13;20;15;5
Fensterheber;1561;142958;1;0,003;0;0;4;0;2;0;8;0;4;0
Fensterheber;1561;10466;32;0,0975;0;4;6;8;6;0;7;8;6;2
Fensterheber;1561;28507;54;0,1646;2;2;8;8;5;0;6;6;4;4
Fensterheber;1561;108662;14;0,0427;0;3;4;4;0;0;0;4;4;4
Fensterheber;1561;16333;17;0,0518;6;6;12;8;7;6;9;13;12;8
Fensterheber;1561;16373;19;0,0579;0;7;2;4;4;0;10;8;4;0
Fensterheber;1561;23164;25;0,0762;0;0;4;4;2;0;4;2;4;4
Fensterheber;1561;31537;11;0,0335;0;0;4;6;2;0;4;8;4;1
Fensterheber;1561;19446;3;0,0091;4;12;8;8;8;0;8;8;8;0
Fensterheber;1561;33785;3;0,0091;2;8;6;8;5;0;4;5;5;2
Fensterheber;1561;5341;3;0,0091;0;1;4;4;2;0;4;6;4;0
Fensterheber;1561;58528;1;0,003;0;13;8;16;4;0;12;7;12;0
Fensterheber;1561;15418;80;0,2439;2;2;6;6;4;2;7;5;6;4
Fensterheber;1561;24501;10;0,0305;2;8;6;8;5;0;4;6;5;2
Fensterheber;1561;472;4;0,0122;0;6;6;12;4;0;8;4;6;4
Fensterheber;1561;11253;6;0,0183;0;2;6;3;6;0;4;2;6;0
Fensterheber;1561;23434;7;0,0213;0;12;4;8;4;0;12;6;6;4
Fensterheber;1561;109335;3;0,0091;0;4;6;2;4;2;8;4;4;0
Fensterheber;1561;19857;24;0,0732;2;4;4;9;4;0;4;6;12;2
Fensterheber;1561;7939;14;0,0427;6;10;6;8;6;2;7;10;4;4
Fensterheber;1561;145391;1;0,003;0;2;0;0;0;0;0;1;2;2
Fensterheber;1561;18403;4;0,0122;2;0;4;4;4;4;4;8;0;0
Fensterheber;1561;31555;3;0,0091;0;0;4;0;4;0;4;6;4;2
Fensterheber;1561;12772;2;0,0061;0;8;6;15;4;2;8;8;4;2
Fensterheber;1561;14776;2;0,0061;0;4;4;2;4;0;4;16;2;2
Fensterheber;1561;16315;6;0,0183;6;12;8;8;8;2;8;16;8;4
Fensterheber;1561;32688;1;0,003;6;6;2;6;2;4;4;10;2;2
Fensterheber;1561;22936;3;0,0091;0;4;4;4;4;0;4;0;4;2
Fensterheber;1561;18302;4;0,0122;4;4;8;4;5;0;4;4;4;2
Fensterheber;1561;31106;1;0,003;2;4;8;6;4;2;4;10;6;4
Fensterheber;1561;7621;1;0,003;2;0;4;4;6;0;6;6;4;4
Fensterheber;1561;7071;1;0,003;0;2;4;2;4;0;2;4;2;2
Fensterheber;1561;713;8;0,0244;0;8;6;15;4;2;8;8;4;2
Fensterheber;1561;16190;5;0,0152;0;2;2;3;2;0;4;22;2;2
Fensterheber;1561;33794;1;0,003;0;0;0;0;4;0;0;0;4;0
Fensterheber;1561;6319;1;0,003;4;2;8;4;2;4;4;4;2;3
Fensterheber;1561;115497;2;0,0061;0;6;4;2;6;0;6;4;6;0
Fensterheber;1561;55510;12;0,0366;2;2;8;3;2;2;4;6;6;0
Fensterheber;1561;28216;1;0,003;0;4;4;4;4;0;3;8;4;4
Fensterheber;1561;26623;2;0,0061;4;8;8;6;4;0;6;4;8;4
Fensterheber;1561;55798;1;0,003;0;0;2;3;6;0;2;6;4;0
Fensterheber;1561;25113;1;0,003;0;2;8;2;4;0;4;1;6;0
Fensterheber;1561;14976;2;0,0061;0;2;2;2;2;0;2;4;2;2
Fensterheber;1561;16583;1;0,003;2;12;10;10;10;0;10;7;16;2
Fensterheber;1561;55336;4;0,0122;0;2;4;4;2;0;2;2;4;2
Fensterheber;1561;19010;12;0,0366;2;12;3;11;10;0;12;8;9;0
Fensterheber;1561;16296;1;0,003;4;8;8;6;2;2;7;8;4;4
Fensterheber;1561;10343;1;0,003;4;10;4;8;5;0;7;5;4;2
Fensterheber;1561;16743;1;0,003;0;6;4;4;3;0;0;4;4;0
Fensterheber;1561;108436;3;0,0091;2;4;4;4;0;0;2;0;4;4
Fensterheber;1561;4715;2;0,0061;4;4;6;4;6;0;10;2;2;6
Fensterheber;1561;100779;1;0,003;0;6;4;6;4;0;6;8;6;2
Fensterheber;1561;128214;4;0,0122;0;2;4;4;0;0;0;2;4;0
Fensterheber;1561;19546;1;0,003;0;2;2;0;2;0;0;0;2;0
Fensterheber;1561;125339;3;0,0091;0;0;4;0;0;0;0;0;2;2
Fensterheber;1561;11793;1;0,003;2;4;4;4;2;0;4;4;4;4
Fensterheber;1561;5215;1;0,003;0;0;0;0;0;0;0;0;0;0
Fensterheber;1561;100414;1;0,003;0;2;4;2;2;0;4;8;4;0
Fensterheber;1561;15556;1;0,003;0;0;0;12;0;0;6;2;2;0
Fensterheber;1561;120250;1;0,003;0;0;2;0;2;0;0;2;2;2
Fensterheber;1561;13042;2;0,0061;4;8;8;8;8;4;8;15;8;4
Fensterheber;1561;10300;3;0,0091;6;10;8;8;6;4;10;2;8;4
Fensterheber;1561;23395;1;0,003;0;4;0;2;0;0;0;4;0;0
Fensterheber;1561;10527;7;0,0213;2;4;4;4;4;0;4;7;4;2
Fensterheber;1561;31591;71;0,2164;3;6;8;6;4;0;6;5;8;4
Fensterheber;1561;18232;57;0,1738;4;4;4;4;4;2;4;8;4;4
Fensterheber;1561;18016;22;0,0671;4;4;4;4;4;2;4;8;4;0
Fensterheber;1561;59067;2;0,0061;4;4;4;8;2;4;6;6;4;4
Fensterheber;1561;18452;44;0,1341;4;4;6;6;4;4;6;14;4;4
Fensterheber;1561;9399;7;0,0213;0;0;2;8;2;0;6;6;0;2
Fensterheber;1561;16880;13;0,0396;4;4;4;4;4;4;4;7;4;4
Fensterheber;1561;19326;20;0,061;0;6;6;8;6;0;8;10;8;2
Fensterheber;1561;14820;10;0,0305;0;12;6;8;8;0;10;16;8;3
Fensterheber;1561;33854;1;0,003;0;4;4;4;4;0;4;6;4;2
Fensterheber;1561;30380;4;0,0122;4;4;4;4;4;2;3;4;4;4
Fensterheber;1561;17813;22;0,0671;4;4;4;4;4;2;4;7;4;4
Fensterheber;1561;15147;2;0,0061;0;6;4;8;6;2;6;2;4;0
Fensterheber;1561;9159;1;0,003;2;6;6;6;6;0;6;8;6;0
Fensterheber;1561;18260;8;0,0244;0;10;6;8;8;2;8;8;8;2
Fensterheber;1561;58824;1;0,003;0;4;4;2;2;0;0;2;2;0
Fensterheber;1561;16457;6;0,0183;0;6;6;8;6;0;6;6;8;2
Fensterheber;1561;136121;3;0,0091;0;0;0;0;0;0;0;0;4;4
Fensterheber;1561;12049;1;0,003;2;6;6;9;9;2;6;7;8;0
Fensterheber;1561;31605;6;0,0183;0;0;4;4;2;0;4;2;4;4
Fensterheber;1561;58944;6;0,0183;2;2;4;8;2;2;4;6;4;4
Fensterheber;1561;18730;4;0,0122;4;10;6;9;4;2;4;10;6;4
Fensterheber;1561;58565;3;0,0091;0;8;6;8;7;0;8;4;12;2
Fensterheber;1561;7101;1;0,003;0;2;0;4;2;0;0;2;2;0
Fensterheber;1561;17330;4;0,0122;0;8;1;6;3;0;8;4;2;0
Fensterheber;1561;58365;1;0,003;0;2;2;0;4;0;0;2;2;2
Fensterheber;1561;19042;7;0,0213;2;10;10;10;9;0;10;18;9;4
Fensterheber;1561;18859;1;0,003;0;6;2;8;2;0;4;2;2;0
Fensterheber;1561;27765;1;0,003;0;6;6;4;6;4;6;10;6;4
Fensterheber;1561;7816;3;0,0091;0;0;0;8;4;0;3;4;8;0
Fensterheber;1561;31742;1;0,003;2;8;4;10;4;0;4;6;4;0
Fensterheber;1561;34317;1;0,003;0;0;6;8;5;2;8;6;16;0
Fensterheber;1561;26611;2;0,0061;0;9;4;7;4;0;9;4;6;2
Fensterheber;1561;32259;8;0,0244;0;0;0;3;2;0;2;3;2;2
Fensterheber;1561;24240;32;0,0975;4;4;4;6;4;2;6;6;0;4
Fensterheber;1561;5645;1;0,003;0;5;0;5;4;0;4;4;4;0
Fensterheber;1561;4819;1;0,003;3;4;0;6;4;0;6;5;8;0
Fensterheber;1561;109547;1;0,003;0;1;0;0;0;0;0;0;0;0
Fensterheber;1561;1885;4;0,0122;2;11;12;14;10;4;8;8;10;6
Fensterheber;1561;16330;12;0,0366;2;22;4;10;8;0;10;2;14;2
Fensterheber;1561;22544;1;0,003;0;10;0;8;4;0;8;10;4;0
Fensterheber;1561;16014;11;0,0335;6;6;4;4;4;0;4;8;4;2
Fensterheber;1561;10915;1;0,003;0;12;4;6;6;0;5;4;6;0
Fensterheber;1561;122891;1;0,003;0;2;0;0;0;0;0;0;2;0
Fensterheber;1561;30900;3;0,0091;0;12;4;8;4;0;12;6;6;1
Fensterheber;1561;26621;17;0,0518;2;6;6;6;6;0;6;8;6;1
Fensterheber;1561;17137;1;0,003;0;6;4;10;4;0;7;8;11;0
Fensterheber;1561;19513;1;0,003;2;4;4;7;4;0;4;8;12;2
Fensterheber;1561;13994;1;0,003;0;6;2;6;2;0;2;2;2;0
Fensterheber;1561;22700;1;0,003;0;4;4;6;6;4;8;8;4;2
Fensterheber;1561;23290;2;0,0061;3;4;8;6;4;0;6;5;8;4
Fensterheber;1561;131300;1;0,003;0;2;4;4;2;0;2;0;4;4
Fensterheber;1561;29961;1;0,003;0;0;2;0;2;0;2;0;0;0
Fensterheber;1561;19146;5;0,0152;0;4;0;4;4;0;3;2;8;0
Fensterheber;1561;11399;2;0,0061;0;0;0;5;4;4;6;12;4;4
Fensterheber;1561;18587;1;0,003;0;8;4;4;4;2;4;4;6;2
Fensterheber;1561;100057;1;0,003;0;0;2;4;2;2;2;2;2;2
Fensterheber;1561;18960;1;0,003;0;4;0;4;4;0;4;0;0;2
Fensterheber;1561;18986;3;0,0091;2;4;2;2;2;0;2;0;2;0
Fensterheber;1561;130626;1;0,003;0;2;4;0;6;0;0;4;8;0
Fensterheber;1561;8747;1;0,003;0;2;2;2;2;0;2;4;2;2
Fensterheber;1561;19651;24;0,0732;4;8;8;5;4;2;4;6;6;4
Fensterheber;1561;18376;11;0,0335;2;0;4;4;4;4;4;8;0;0
Fensterheber;1561;29993;6;0,0183;2;2;2;2;2;2;2;0;4;4
Fensterheber;1561;7920;1;0,003;0;4;2;4;4;0;4;4;4;0
Fensterheber;1561;32113;2;0,0061;2;4;4;6;4;2;4;6;5;1
Fensterheber;1561;15292;21;0,064;5;8;8;4;6;4;8;8;6;4
Fensterheber;1561;20041;1;0,003;2;6;6;9;9;2;6;10;10;0
Fensterheber;1561;14399;9;0,0274;0;4;2;6;4;0;10;4;4;0
Fensterheber;1561;100337;2;0,0061;0;6;4;0;4;0;0;2;4;4
Fensterheber;1561;8971;32;0,0975;2;2;4;8;6;2;6;3;4;2
Fensterheber;1561;1978;7;0,0213;2;6;6;6;6;2;6;8;6;0
Fensterheber;1561;14922;8;0,0244;6;12;8;8;8;2;8;16;8;4
Fensterheber;1561;2169;1;0,003;0;0;2;2;2;0;4;2;4;0
Fensterheber;1561;24528;9;0,0274;2;6;6;6;4;0;6;2;4;2
Fensterheber;1561;126648;4;0,0122;2;24;0;4;0;0;16;2;10;0
Fensterheber;1561;15506;11;0,0335;2;0;4;4;4;4;4;8;4;4
Fensterheber;1561;3795;3;0,0091;0;8;3;10;6;0;10;8;10;0
Fensterheber;1561;19798;1;0,003;2;0;4;4;4;4;4;8;0;0
Fensterheber;1561;111989;2;0,0061;0;4;4;2;6;0;6;4;4;0
Fensterheber;1561;25451;4;0,0122;0;2;0;4;6;0;4;6;4;0
Fensterheber;1561;113149;4;0,0122;2;4;4;4;0;0;4;2;4;2
Fensterheber;1561;19175;2;0,0061;0;10;6;6;6;0;4;4;10;0
Fensterheber;1561;107419;2;0,0061;0;20;10;23;14;2;18;4;12;6
Fensterheber;1561;19052;12;0,0366;2;24;12;19;12;0;16;10;18;6
Fensterheber;1561;8761;1;0,003;4;2;8;4;2;4;4;4;2;3
Fensterheber;1561;455;1;0,003;2;6;8;6;6;0;4;7;4;3
Fensterheber;1561;100339;8;0,0244;2;6;2;6;4;0;4;4;4;2
Fensterheber;1561;5377;1;0,003;0;3;4;6;6;0;6;4;6;0
Fensterheber;1561;33074;2;0,0061;0;2;4;2;4;0;2;4;2;2
Fensterheber;1561;18758;13;0,0396;4;4;6;4;4;4;6;10;4;4
Fensterheber;1561;59318;2;0,0061;0;0;0;0;0;0;0;0;0;0
Fensterheber;1561;22548;2;0,0061;1;1;2;4;2;2;2;2;2;2
Fensterheber;1561;18406;1;0,003;2;0;4;4;4;4;4;8;0;0
Fensterheber;1561;59456;2;0,0061;0;0;4;0;6;4;0;4;4;2
Fensterheber;1561;33243;3;0,0091;2;8;4;4;2;2;4;2;4;2
Fensterheber;1561;27950;1;0,003;0;0;6;6;6;0;6;8;4;0
Fensterheber;1561;23379;4;0,0122;0;9;4;7;4;0;11;4;8;2
Fensterheber;1561;4619;1;0,003;4;10;8;8;8;0;8;8;8;2
Fensterheber;1561;16553;3;0,0091;0;0;0;3;8;0;0;4;0;4
Fensterheber;1561;18584;16;0,0488;0;8;4;6;8;2;4;4;6;4
Fensterheber;1561;55441;8;0,0244;0;0;9;0;8;2;6;12;14;2
Fensterheber;1561;115216;7;0,0213;0;0;0;2;0;0;2;0;4;0
Fensterheber;1561;11605;1;0,003;10;10;10;8;6;2;10;20;6;6
Fensterheber;1561;30417;1;0,003;0;0;4;2;2;0;2;0;2;0
Fensterheber;1561;28157;1;0,003;2;2;8;8;5;0;6;8;4;4
Fensterheber;1561;15819;4;0,0122;0;0;0;6;2;0;0;2;0;0
Fensterheber;1561;18516;2;0,0061;1;0;8;2;4;0;4;4;4;2
Fensterheber;1561;18793;6;0,0183;0;4;0;8;8;0;8;8;8;0
Fensterheber;1561;14445;8;0,0244;2;2;6;4;2;2;4;4;2;3
Fensterheber;1561;17793;1;0,003;4;8;2;4;8;0;6;4;4;5
Fensterheber;1561;16545;2;0,0061;0;4;6;11;8;0;8;4;12;2
Fensterheber;1561;26560;1;0,003;0;2;6;4;6;2;6;8;6;8
Fensterheber;1561;19856;5;0,0152;2;4;4;9;4;0;4;6;12;2
Fensterheber;1561;8039;1;0,003;2;6;4;4;4;0;3;4;6;2
Fensterheber;1561;58820;2;0,0061;0;4;4;2;2;0;0;2;2;0
Fensterheber;1561;3867;1;0,003;0;0;0;0;4;0;0;0;6;0
Fensterheber;1561;32043;1;0,003;0;0;0;0;4;0;0;0;4;0
Fensterheber;1561;58731;4;0,0122;0;0;0;2;4;0;4;2;4;2
Fensterheber;1561;22956;5;0,0152;2;2;2;4;2;1;5;2;2;2
Fensterheber;1561;17245;1;0,003;0;0;4;8;4;0;10;8;10;4
Fensterheber;1561;1864;1;0,003;6;4;8;4;2;4;4;4;2;3
Fensterheber;1561;34310;1;0,003;0;0;6;6;5;2;8;6;16;0
Fensterheber;1561;23456;1;0,003;0;0;6;0;8;0;4;5;11;4
Fensterheber;1561;4628;1;0,003;2;6;3;5;6;2;4;7;4;2
Fensterheber;1561;32044;1;0,003;0;0;0;0;4;0;0;0;4;0
Fensterheber;1561;132580;1;0,003;2;6;6;0;5;0;4;0;5;2
Fensterheber;1561;15413;5;0,0152;0;14;8;4;12;0;8;13;12;6
Fensterheber;1561;29926;1;0,003;0;4;4;4;4;0;3;8;4;4
Fensterheber;1561;120605;2;0,0061;0;6;4;0;4;0;2;4;4;4
Fensterheber;1561;32086;3;0,0091;0;0;4;6;4;0;4;6;6;4
Fensterheber;1561;10769;2;0,0061;4;12;0;0;10;2;11;12;14;2
Fensterheber;1561;58874;4;0,0122;0;12;6;2;8;2;6;4;8;0
Fensterheber;1561;27530;1;0,003;0;4;4;12;6;0;4;2;6;2
Fensterheber;1561;12089;10;0,0305;2;4;4;4;2;4;4;6;4;4
Fensterheber;1561;22693;1;0,003;2;6;6;6;6;2;6;8;6;0
Fensterheber;1561;5093;31;0,0945;6;10;8;8;10;4;10;2;8;4
Fensterheber;1561;130624;6;0,0183;0;2;4;0;6;0;0;4;8;0
Fensterheber;1561;33057;18;0,0549;2;6;4;8;6;2;6;2;4;2
Fensterheber;1561;1646;2;0,0061;5;2;8;4;4;0;2;2;6;6
Fensterheber;1561;34906;11;0,0335;0;4;4;2;2;0;0;4;2;0
Fensterheber;1561;128944;1;0,003;2;8;6;0;6;2;2;2;7;0
Fensterheber;1561;25445;6;0,0183;0;0;2;0;2;0;3;0;2;2
Fensterheber;1561;18314;1;0,003;2;12;10;11;9;0;10;2;15;2
Fensterheber;1561;17988;2;0,0061;0;10;6;11;10;0;8;4;12;2
Fensterheber;1561;128141;7;0,0213;0;4;4;4;0;0;0;4;4;4
Fensterheber;1561;27674;1;0,003;2;8;6;4;6;4;6;10;6;4
Fensterheber;1561;23060;62;0,189;2;10;10;9;9;0;10;18;9;3
Fensterheber;1561;28155;50;0,1524;2;2;8;8;5;0;6;8;4;4
Fensterheber;1561;11098;1;0,003;0;4;4;4;2;0;4;6;4;0
Fensterheber;1561;17372;5;0,0152;0;0;4;3;2;2;6;4;2;2
Fensterheber;1561;17992;2;0,0061;0;12;2;13;4;0;6;2;6;2
Fensterheber;1561;111902;1;0,003;0;6;4;2;4;0;6;2;4;2
Fensterheber;1561;33322;3;0,0091;0;0;4;5;2;2;2;0;10;4
Fensterheber;1561;33667;1;0,003;0;0;2;4;4;0;4;2;4;2
Fensterheber;1561;9891;1;0,003;0;0;4;0;6;4;8;4;4;2
Fensterheber;1561;15483;3;0,0091;2;8;6;8;8;2;7;10;4;4
Fensterheber;1561;11421;2;0,0061;0;4;4;4;2;0;4;6;4;0
Fensterheber;1561;34993;1;0,003;2;4;4;6;4;2;4;6;5;1
Fensterheber;1561;19808;1;0,003;0;2;0;4;2;0;1;2;2;0
Fensterheber;1561;33270;2;0,0061;0;9;4;7;4;0;11;4;8;2
Fensterheber;1561;31552;1;0,003;0;0;4;0;4;0;4;6;4;2
Fensterheber;1561;23175;305;0,9298;2;4;2;6;4;0;4;4;4;2
Fensterheber;1561;22523;4;0,0122;4;10;4;8;6;0;7;5;4;2
Fensterheber;1561;58184;18;0,0549;2;4;8;4;4;2;7;4;4;2
Fensterheber;1561;14426;1;0,003;2;6;4;10;6;2;6;2;4;2
Fensterheber;1561;117047;4;0,0122;4;4;4;2;4;0;4;4;4;2
Fensterheber;1561;5231;1;0,003;2;12;4;8;9;0;12;4;8;0
Fensterheber;1561;18781;8;0,0244;2;14;10;8;8;0;8;10;12;2
Fensterheber;1561;16062;1;0,003;4;6;2;4;2;2;10;2;2;4
Fensterheber;1561;19523;8;0,0244;2;8;6;6;6;2;6;10;7;4
Fensterheber;1561;22949;4;0,0122;2;8;4;4;2;2;4;6;4;2
Fensterheber;1561;15890;68;0,2073;4;8;2;4;8;0;6;4;4;5
Fensterheber;1561;18681;6;0,0183;2;12;10;14;10;0;10;7;16;2
Fensterheber;1561;733;13;0,0396;0;8;6;15;4;2;8;8;4;2
Fensterheber;1561;16376;1;0,003;0;7;2;4;4;0;10;8;4;0
Fensterheber;1561;13086;16;0,0488;5;10;8;4;6;4;8;8;6;4
Fensterheber;1561;19981;2;0,0061;2;4;6;11;4;0;7;6;8;0
Fensterheber;1561;10053;3;0,0091;0;2;2;8;2;0;6;6;0;2
Fensterheber;1561;22496;2;0,0061;0;6;4;8;6;0;8;3;8;0
Fensterheber;1561;15113;2;0,0061;0;0;0;3;2;0;4;3;2;2
Fensterheber;1561;28141;9;0,0274;4;4;4;4;4;2;4;8;4;0
Fensterheber;1561;15444;3;0,0091;0;6;6;8;8;2;7;10;4;4
Fensterheber;1561;30864;3;0,0091;0;0;6;6;4;4;6;12;4;4
Fensterheber;1561;19864;1;0,003;2;4;4;7;4;0;4;6;12;2
Fensterheber;1561;10015;3;0,0091;0;2;0;2;0;0;2;2;2;0
Fensterheber;1561;17836;2;0,0061;4;10;10;6;14;4;8;2;6;6
Fensterheber;1561;16294;8;0,0244;4;8;6;2;4;2;4;6;4;4
Fensterheber;1561;17258;3;0,0091;0;4;0;8;5;0;8;8;8;0
Fensterheber;1561;17849;2;0,0061;4;4;4;4;4;2;4;8;4;0
Fensterheber;1561;32028;20;0,061;2;12;6;18;8;0;10;6;8;8
Fensterheber;1561;3636;1;0,003;0;2;2;2;4;0;4;0;4;0
Fensterheber;1561;25470;6;0,0183;0;0;6;6;4;4;6;12;4;4
Fensterheber;1561;17357;3;0,0091;2;4;4;3;2;0;4;4;2;2
Fensterheber;1561;19448;11;0,0335;4;12;8;8;8;0;8;8;8;0
Fensterheber;1561;11352;1;0,003;4;10;8;8;8;0;8;12;8;2
Fensterheber;1561;15484;4;0,0122;2;8;6;8;8;2;7;10;4;4
Fensterheber;1561;33677;1;0,003;0;0;4;6;4;2;6;2;4;4
Fensterheber;1561;16920;5;0,0152;6;20;14;16;15;0;15;20;15;4
Fensterheber;1561;17696;1;0,003;0;16;4;10;8;0;10;8;14;2
Fensterheber;1561;13164;1;0,003;0;10;7;8;6;0;6;6;6;3
Fensterheber;1561;117761;1;0,003;0;11;4;11;0;0;6;6;12;0
Fensterheber;1561;19963;3;0,0091;2;4;4;4;2;0;4;2;4;4
Fensterheber;1561;28257;2;0,0061;0;4;4;5;2;2;4;0;10;4
Fensterheber;1561;31969;9;0,0274;0;12;6;14;10;2;11;8;12;9
Fensterheber;1561;6951;2;0,0061;4;8;4;8;6;0;7;4;4;2
Fensterheber;1561;18307;5;0,0152;4;8;2;4;8;0;6;4;4;5
Fensterheber;1561;33334;2;0,0061;2;16;4;24;7;2;10;9;6;2
Fensterheber;1561;107796;25;0,0762;0;0;0;0;6;2;5;1;4;6
Fensterheber;1561;55905;1;0,003;0;2;4;6;6;4;8;8;4;2
Fensterheber;1561;19666;1;0,003;0;4;4;6;2;0;4;4;2;2
Fensterheber;1561;56144;8;0,0244;4;4;4;8;2;4;6;6;4;4
Fensterheber;1561;18539;1;0,003;0;8;0;0;0;0;5;0;0;0
Fensterheber;1561;6915;2;0,0061;0;8;4;8;4;0;8;4;4;2
Fensterheber;1561;8415;1;0,003;2;4;8;6;4;0;4;6;10;2
Fensterheber;1561;16573;2;0,0061;0;5;0;2;6;0;3;7;2;0
Fensterheber;1561;3931;1;0,003;2;4;14;12;12;0;6;11;8;6
Fensterheber;1561;10146;1;0,003;4;6;4;9;4;4;5;9;4;4
Fensterheber;1561;113347;1;0,003;0;0;2;0;2;0;0;2;2;2
Fensterheber;1561;310;1;0,003;0;0;8;6;2;0;6;5;2;0
Fensterheber;1561;1060;1;0,003;2;0;9;2;2;0;0;8;14;0
Fensterheber;1561;131568;1;0,003;0;4;2;3;4;0;2;2;12;2
Fensterheber;1561;18911;1;0,003;0;6;4;10;4;0;7;8;11;0
Fensterheber;1561;34958;2;0,0061;0;4;4;5;2;0;4;4;2;2
Fensterheber;1561;100838;1;0,003;0;6;2;3;6;0;2;6;4;0
Fensterheber;1561;114210;4;0,0122;0;6;2;9;2;0;4;2;6;0
Fensterheber;1561;8926;2;0,0061;0;6;6;6;6;0;7;6;6;2
Fensterheber;1561;19807;2;0,0061;0;2;2;0;0;0;2;2;2;2
Fensterheber;1561;54913;1;0,003;0;2;0;4;2;0;7;2;2;0
Fensterheber;1561;109341;2;0,0061;0;8;0;6;4;0;6;2;4;0
Fensterheber;1561;32798;1;0,003;0;2;4;6;6;4;8;8;4;2
Fensterheber;1561;100794;1;0,003;0;2;4;0;2;0;2;0;4;2
Fensterheber;1561;30972;227;0,692;8;10;6;7;6;4;6;8;6;6
Fensterheber;1561;16379;2;0,0061;0;8;2;4;2;0;10;8;4;0
Fensterheber;1561;33435;159;0,4847;2;4;4;4;2;4;4;6;4;4
Fensterheber;1561;31545;16;0,0488;2;2;4;4;4;0;4;8;4;2
Fensterheber;1561;113150;4;0,0122;2;4;4;4;0;0;4;2;4;2
Fensterheber;1561;25497;11;0,0335;4;4;4;4;4;2;4;4;4;4
Fensterheber;1561;15492;4;0,0122;2;8;6;8;8;2;7;10;4;4
Fensterheber;1561;10000;14;0,0427;6;6;10;8;8;2;10;16;6;6
Fensterheber;1561;371;3;0,0091;2;2;4;4;5;0;4;4;4;2
Fensterheber;1561;17876;1;0,003;0;6;8;4;4;0;8;4;4;4
Fensterheber;1561;8316;14;0,0427;6;6;4;4;4;0;4;8;4;2
Fensterheber;1561;17096;2;0,0061;2;14;8;8;8;0;6;4;9;2
Fensterheber;1561;31377;1;0,003;0;2;4;0;2;0;2;0;4;2
Fensterheber;1561;29953;15;0,0457;2;2;4;4;5;0;4;4;4;2
Fensterheber;1561;18067;35;0,1067;6;6;4;6;4;4;4;8;4;4
Fensterheber;1561;8217;5;0,0152;2;8;6;6;6;2;6;10;7;8
Fensterheber;1561;108655;72;0,2195;0;4;4;4;0;0;0;4;4;4
Fensterheber;1561;19521;5;0,0152;2;8;6;6;6;2;6;10;7;4
Fensterheber;1561;18971;12;0,0366;0;2;2;2;2;0;0;2;2;0
Fensterheber;1561;34920;2;0,0061;0;2;4;2;4;0;2;4;2;2
Fensterheber;1561;18034;4;0,0122;0;0;0;4;8;0;2;0;0;0
Fensterheber;1561;19547;5;0,0152;0;6;4;12;6;0;6;6;6;2
Fensterheber;1561;5655;2;0,0061;2;4;8;6;4;0;4;6;10;2
Fensterheber;1561;19411;5;0,0152;0;2;6;4;6;2;6;6;6;8
Fensterheber;1561;126160;1;0,003;0;0;0;2;0;0;0;0;2;0
Fensterheber;1561;14814;8;0,0244;0;12;4;8;4;0;4;8;8;3
Fensterheber;1561;16600;14;0,0427;4;8;2;4;6;0;6;4;4;5
Fensterheber;1561;5397;1;0,003;0;2;2;2;2;0;2;2;2;0
Fensterheber;1561;18382;5;0,0152;4;4;4;4;4;2;6;6;4;4
Fensterheber;1561;1902;1;0,003;2;11;12;14;10;4;6;8;10;6
Fensterheber;1561;22679;2;0,0061;0;0;4;6;6;0;4;8;6;4
Fensterheber;1561;17987;4;0,0122;4;4;4;4;4;2;4;8;4;0
Fensterheber;1561;17525;2;0,0061;0;2;0;12;2;0;5;6;0;0
Fensterheber;1561;7968;2;0,0061;0;6;0;10;4;0;6;4;0;0
Fensterheber;1561;23185;1;0,003;0;5;6;4;2;0;8;6;8;2
Fensterheber;1561;8703;1;0,003;0;0;0;0;0;0;0;0;2;0
Fensterheber;1561;25489;5;0,0152;4;4;4;4;4;0;4;6;4;2
Fensterheber;1561;18271;2;0,0061;2;8;6;8;8;2;7;10;4;4
Fensterheber;1561;22560;2;0,0061;0;18;6;8;8;0;12;6;10;4
Fensterheber;1561;140460;1;0,003;0;2;0;0;0;0;0;0;2;0
Fensterheber;1561;9037;8;0,0244;0;10;7;8;6;0;6;6;6;3
Fensterheber;1561;30869;1;0,003;0;0;6;4;4;4;6;8;4;4
Fensterheber;1561;12172;1;0,003;0;2;4;4;2;0;2;4;4;2
Fensterheber;1561;115106;1;0,003;0;0;2;4;2;2;2;2;2;2
Fensterheber;1561;33355;2;0,0061;4;8;4;8;6;0;7;4;4;2
Fensterheber;1561;31338;6;0,0183;0;0;4;4;2;0;4;2;4;4
Fensterheber;1561;32072;1;0,003;0;6;4;12;6;0;6;6;6;2
Fensterheber;1561;17205;7;0,0213;0;16;6;8;8;0;12;6;10;4
Fensterheber;1561;15902;2;0,0061;0;3;6;11;8;0;8;4;12;2
Fensterheber;1561;15551;1;0,003;0;2;0;0;0;0;0;0;2;0
Fensterheber;1561;20037;4;0,0122;2;6;6;9;9;2;6;11;8;0
Fensterheber;1561;115122;6;0,0183;0;2;2;0;2;0;0;2;2;2
Fensterheber;1561;16732;11;0,0335;6;4;12;8;7;6;9;13;12;8
Fensterheber;1561;115566;1;0,003;4;4;4;8;2;4;6;6;4;4
Fensterheber;1561;11362;1;0,003;4;6;4;4;4;0;4;8;4;2
Fensterheber;1561;3257;4;0,0122;0;0;4;0;0;0;0;0;0;0
Fensterheber;1561;1717;1;0,003;2;4;6;4;6;0;3;2;4;3
Fensterheber;1561;16841;27;0,0823;0;18;6;8;8;0;12;6;10;4
Fensterheber;1561;2694;1;0,003;0;4;2;2;4;0;2;2;2;0
Fensterheber;1561;100413;2;0,0061;2;2;4;2;5;0;4;4;4;0
Fensterheber;1561;134099;3;0,0091;0;4;0;0;2;0;0;2;2;0
Fensterheber;1561;17651;2;0,0061;0;6;4;4;3;0;6;4;4;0
Fensterheber;1561;16347;2;0,0061;2;2;6;6;6;2;7;5;6;4
Fensterheber;1561;117090;1;0,003;0;2;4;8;0;0;0;4;4;2
Fensterheber;1561;18413;1;0,003;4;4;4;4;4;4;4;7;0;0
Fensterheber;1561;23432;1;0,003;2;2;2;4;2;1;5;2;2;2
Fensterheber;1561;58224;1;0,003;2;4;8;4;4;2;7;2;4;2
Fensterheber;1561;26596;1;0,003;0;2;0;6;8;0;6;6;8;0
Fensterheber;1561;19464;1;0,003;0;0;4;6;6;0;4;8;6;4
Fensterheber;1561;17872;131;0,3993;6;6;6;6;6;6;6;13;8;6
Fensterheber;1561;5052;20;0,061;6;10;8;8;10;4;10;2;8;4
Fensterheber;1561;15583;32;0,0975;2;4;6;8;6;2;4;6;8;2
Fensterheber;1561;24502;10;0,0305;2;8;6;8;5;0;4;6;5;2
Fensterheber;1561;5340;2;0,0061;0;1;4;4;2;0;4;6;4;0
Fensterheber;1561;23045;27;0,0823;2;24;12;20;12;0;16;9;18;6
Fensterheber;1561;8387;14;0,0427;0;18;6;16;12;0;12;11;10;3
Fensterheber;1561;30374;3;0,0091;4;4;4;4;4;2;3;4;4;4
Fensterheber;1561;18941;6;0,0183;4;4;4;4;4;2;3;4;4;4
Fensterheber;1561;26624;19;0,0579;3;8;8;6;4;0;6;5;8;4
Fensterheber;1561;115207;12;0,0366;2;4;4;0;2;4;4;4;4;4
Fensterheber;1561;8448;3;0,0091;0;2;4;8;4;0;8;3;8;0
Fensterheber;1561;19923;10;0,0305;2;3;4;6;4;0;4;6;4;2
Fensterheber;1561;22505;8;0,0244;4;4;4;6;4;2;6;6;0;4
Fensterheber;1561;22948;3;0,0091;2;6;4;4;2;2;4;6;4;2
Fensterheber;1561;18249;28;0,0854;3;8;8;6;4;0;6;4;8;4
Fensterheber;1561;29992;40;0,1219;2;2;2;2;2;2;2;0;4;4
Fensterheber;1561;14732;1;0,003;2;6;4;2;2;2;2;2;6;0
Fensterheber;1561;18813;28;0,0854;0;4;4;5;4;2;4;6;6;0
Fensterheber;1561;16889;1;0,003;0;0;4;4;2;0;2;3;6;0
Fensterheber;1561;8972;34;0,1036;2;6;4;8;6;2;6;3;4;2
Fensterheber;1561;133864;1;0,003;2;4;4;4;0;0;4;2;4;2
Fensterheber;1561;129295;1;0,003;0;2;6;6;2;4;2;2;12;0
Fensterheber;1561;100787;1;0,003;0;2;4;4;2;0;2;0;4;2
Fensterheber;1561;14677;9;0,0274;6;6;10;8;8;2;10;9;6;6
Fensterheber;1561;13364;17;0,0518;2;6;6;8;6;2;6;8;8;2
Fensterheber;1561;32784;7;0,0213;0;0;4;5;2;2;2;0;10;4
Fensterheber;1561;17986;11;0,0335;4;4;4;4;4;2;4;8;4;0
Fensterheber;1561;16304;1;0,003;2;2;1;2;2;0;2;2;4;0
Fensterheber;1561;23503;1;0,003;4;14;6;4;4;2;6;9;14;2
Fensterheber;1561;1498;2;0,0061;2;6;6;6;6;0;6;8;6;0
Fensterheber;1561;12587;1;0,003;4;6;4;9;4;4;5;9;4;4
Fensterheber;1561;31022;5;0,0152;4;4;4;4;4;0;4;6;4;2
Fensterheber;1561;22680;1;0,003;0;0;4;6;6;0;4;8;6;4
Fensterheber;1561;53302;2;0,0061;0;0;2;9;2;0;4;2;6;0
Fensterheber;1561;58539;2;0,0061;0;6;2;4;2;0;1;0;6;2
Fensterheber;1561;10166;1;0,003;2;6;4;9;8;0;10;8;10;4
Fensterheber;1561;17839;1;0,003;2;6;2;6;4;0;4;4;6;0
Fensterheber;1561;141576;1;0,003;0;2;4;8;0;0;0;4;4;2
Fensterheber;1561;123324;2;0,0061;0;2;12;1;0;4;2;0;8;0
Fensterheber;1561;17149;2;0,0061;4;4;4;4;4;4;4;7;4;4
Fensterheber;1561;57524;2;0,0061;2;3;4;2;2;0;0;0;4;2
Fensterheber;1561;14810;1;0,003;0;2;2;2;2;0;4;0;2;0
Fensterheber;1561;100826;1;0,003;0;0;0;0;0;0;0;0;2;0
Fensterheber;1561;17871;1;0,003;6;6;6;6;6;6;6;13;8;6
Fensterheber;1561;18735;1;0,003;0;0;0;4;4;0;10;8;4;0
Fensterheber;1561;8939;3;0,0091;6;6;4;4;4;0;4;8;4;2
Fensterheber;1561;118091;2;0,0061;0;4;4;0;0;0;0;0;4;2
Fensterheber;1561;19600;1;0,003;0;2;4;2;2;0;2;2;2;0
Fensterheber;1561;126495;2;0,0061;2;2;2;0;2;0;2;0;2;0
Fensterheber;1561;4693;16;0,0488;4;6;4;9;4;4;5;9;4;4
Fensterheber;1561;5979;1;0,003;0;0;2;4;2;0;4;4;4;0
Fensterheber;1561;10886;2;0,0061;0;8;0;4;2;0;4;4;6;0
Fensterheber;1561;12007;1;0,003;0;4;0;10;0;0;4;0;6;0
Fensterheber;1561;53303;3;0,0091;0;6;0;6;4;0;6;2;4;1
Fensterheber;1561;18207;2;0,0061;0;4;2;2;2;0;3;4;4;0
Fensterheber;1561;14599;1;0,003;5;8;6;6;8;2;10;2;8;2
Fensterheber;1561;29717;1;0,003;0;4;0;2;2;0;4;2;2;0
Fensterheber;1561;33779;2;0,0061;2;6;4;5;6;0;6;5;4;0
Fensterheber;1561;8642;1;0,003;0;2;8;2;2;0;4;2;6;0
Fensterheber;1561;108153;1;0,003;0;4;4;2;2;0;0;2;2;2
Fensterheber;1561;9441;1;0,003;0;0;0;2;0;0;2;0;2;0
Fensterheber;1561;17937;1;0,003;0;6;4;4;3;0;6;4;4;0
Fensterheber;1561;23295;2;0,0061;2;0;4;4;2;0;4;3;0;4
Fensterheber;1561;111070;1;0,003;0;2;0;0;0;0;0;4;6;0
Fensterheber;1561;138631;1;0,003;0;2;0;0;6;0;0;0;8;0
Fensterheber;1561;11758;3;0,0091;0;13;6;13;9;0;12;4;16;3
Fensterheber;1561;17412;24;0,0732;2;6;8;8;5;0;6;6;4;4
Fensterheber;1561;16953;1;0,003;2;4;2;2;2;0;2;0;2;0
Fensterheber;1561;11485;12;0,0366;2;4;4;7;4;0;8;10;4;2
Fensterheber;1561;15416;30;0,0915;2;2;6;6;4;2;7;5;6;4
Fensterheber;1561;34431;2;0,0061;4;16;6;5;4;4;8;10;16;2
Fensterheber;1561;18332;11;0,0335;0;8;6;6;4;0;6;5;4;2
Fensterheber;1561;23069;15;0,0457;2;3;2;4;4;0;7;8;6;0
Fensterheber;1561;126625;4;0,0122;4;4;0;4;4;2;6;6;4;4
Fensterheber;1561;32745;5;0,0152;0;0;4;6;4;2;6;2;4;4
Fensterheber;1561;116950;2;0,0061;0;2;0;2;2;0;0;6;2;2
Fensterheber;1561;26977;12;0,0366;2;2;4;8;2;2;4;6;4;4
Fensterheber;1561;10418;4;0,0122;2;4;4;4;0;0;2;0;4;4
Fensterheber;1561;108656;53;0,1616;0;4;4;4;0;0;0;4;4;4
Fensterheber;1561;19104;2;0,0061;4;4;6;4;4;4;6;10;4;4
Fensterheber;1561;118534;3;0,0091;0;6;2;6;2;0;1;2;6;2
Fensterheber;1561;23291;29;0,0884;5;4;8;8;6;4;4;1;6;4
Fensterheber;1561;10036;1;0,003;0;0;4;0;6;4;8;4;4;2
Fensterheber;1561;18733;1;0,003;0;8;2;4;2;0;10;8;4;0
Fensterheber;1561;57671;1;0,003;2;6;6;0;6;2;6;8;6;0
Fensterheber;1561;521;11;0,0335;0;0;4;1;2;4;4;0;4;4
Fensterheber;1561;120609;1;0,003;0;0;4;0;4;0;0;4;4;4
Fensterheber;1561;13860;2;0,0061;2;12;4;8;4;0;10;8;10;4
Fensterheber;1561;18079;2;0,0061;0;12;8;6;8;0;8;10;8;4
Fensterheber;1561;132931;1;0,003;0;6;2;0;4;0;0;0;4;4
Fensterheber;1561;31070;1;0,003;2;0;4;4;2;0;4;3;0;4
Fensterheber;1561;3415;1;0,003;0;0;0;2;4;0;2;2;6;0
Fensterheber;1561;19276;1;0,003;2;4;4;6;2;0;2;2;10;4
Fensterheber;1561;7923;1;0,003;2;4;4;4;0;0;2;0;4;4
Fensterheber;1561;19616;8;0,0244;0;0;4;6;4;4;4;8;4;4
Fensterheber;1561;30870;2;0,0061;0;2;4;6;6;4;8;8;4;2
Fensterheber;1561;4845;1;0,003;0;0;2;8;2;0;4;2;6;2
Fensterheber;1561;56162;2;0,0061;2;4;4;2;2;0;0;0;4;2
Fensterheber;1561;26609;1;0,003;0;2;4;0;0;0;0;2;4;4
Fensterheber;1561;967;1;0,003;0;12;4;12;8;0;8;4;8;3
Fensterheber;1561;19053;2;0,0061;2;24;12;19;12;0;16;10;18;6
Fensterheber;1561;113250;1;0,003;1;0;8;2;4;0;4;3;4;2
Fensterheber;1561;11995;1;0,003;0;2;4;5;2;2;2;0;4;4
Fensterheber;1561;107753;1;0,003;4;8;0;0;0;0;3;0;4;0
Fensterheber;1561;17398;33;0,1006;6;6;2;6;2;4;4;10;2;2
Fensterheber;1561;5591;1;0,003;4;2;8;8;2;0;6;6;6;0
Fensterheber;1561;1889;4;0,0122;2;11;12;14;10;4;8;8;10;6
Fensterheber;1561;14797;2;0,0061;2;6;2;4;6;0;10;2;2;6
Fensterheber;1561;520;99;0,3018;0;0;4;2;2;4;4;0;4;4
Fensterheber;1561;14186;3;0,0091;6;10;6;8;6;0;10;3;8;4
Fensterheber;1561;17177;2;0,0061;0;2;2;4;2;0;2;2;2;0
Fensterheber;1561;14962;1;0,003;0;2;2;4;4;0;4;4;4;0
Fensterheber;1561;19298;13;0,0396;4;4;6;4;4;4;6;10;4;4
Fensterheber;1561;22512;10;0,0305;4;10;4;8;6;0;7;6;4;2
Fensterheber;1561;15339;1;0,003;2;12;4;8;4;0;10;8;10;4
Fensterheber;1561;14066;13;0,0396;0;14;8;4;12;0;8;14;12;6
Fensterheber;1561;23475;3;0,0091;0;0;0;4;4;0;0;2;4;0
Fensterheber;1561;16820;1;0,003;4;4;4;2;4;2;4;4;4;4
Fensterheber;1561;17363;11;0,0335;0;0;4;3;2;2;4;4;2;2
Fensterheber;1561;15916;3;0,0091;2;4;4;3;4;2;6;8;6;2
Fensterheber;1561;2080;2;0,0061;0;2;0;3;0;0;2;2;0;0
Fensterheber;1561;24527;3;0,0091;2;6;6;6;4;0;6;2;4;2
Fensterheber;1561;115495;2;0,0061;2;4;4;1;2;4;4;0;4;4
Fensterheber;1561;18667;2;0,0061;2;0;4;4;2;0;4;3;0;4
Fensterheber;1561;952;8;0,0244;0;0;0;0;2;3;0;0;0;0
Fensterheber;1561;19021;1;0,003;4;4;4;4;4;0;4;6;4;2
Fensterheber;1561;112392;1;0,003;2;6;4;3;6;0;6;2;4;0
Fensterheber;1561;19614;2;0,0061;6;6;2;6;2;4;4;10;2;2
Fensterheber;1561;28120;6;0,0183;0;0;0;0;4;0;0;2;4;0
Fensterheber;1561;32786;1;0,003;0;0;4;5;2;2;2;0;10;4
Fensterheber;1561;107749;1;0,003;4;8;0;0;0;0;3;0;4;0
Fensterheber;1561;108571;1;0,003;2;6;4;4;4;0;3;4;6;2
Fensterheber;1561;684;1;0,003;0;0;0;2;2;0;0;0;0;0
Fensterheber;1561;55526;14;0,0427;2;2;8;3;2;2;4;6;6;0
Fensterheber;1561;29298;2;0,0061;2;0;4;2;0;0;2;0;4;4
Fensterheber;1561;16626;2;0,0061;0;6;2;6;4;0;2;6;4;0
Fensterheber;1561;23294;2;0,0061;4;8;6;2;4;2;4;6;4;4
Fensterheber;1561;21576;1;0,003;2;14;8;8;8;0;6;4;9;2
Fensterheber;1561;20064;2;0,0061;6;6;6;6;6;6;6;13;8;6
Fensterheber;1561;58368;7;0,0213;0;2;2;0;4;0;0;2;2;2
Fensterheber;1561;55333;1;0,003;0;2;4;4;2;0;2;2;4;2
Fensterheber;1561;463;10;0,0305;0;6;6;12;4;0;8;4;6;4
Fensterheber;1561;18404;29;0,0884;2;0;4;4;4;4;4;8;0;0
Fensterheber;1561;23446;6;0,0183;0;2;4;2;4;0;2;4;2;2
Fensterheber;1561;16603;5;0,0152;4;4;4;4;4;4;4;7;4;4
Fensterheber;1561;23356;5;0,0152;4;12;8;8;8;0;8;8;8;0
Fensterheber;1561;31009;1;0,003;4;4;4;4;4;2;4;4;4;4
Fensterheber;1561;11342;4;0,0122;0;0;2;2;2;0;2;0;2;0
Fensterheber;1561;18360;2;0,0061;6;6;2;6;2;4;4;10;2;2
Fensterheber;1561;20077;7;0,0213;2;6;6;6;6;2;6;12;6;0
Fensterheber;1561;18879;1;0,003;0;4;2;4;4;0;4;4;4;2
Fensterheber;1561;19275;5;0,0152;2;4;4;6;2;0;2;2;10;4
Fensterheber;1561;59489;1;0,003;4;4;4;0;4;2;4;4;4;4
Fensterheber;1561;1849;2;0,0061;2;6;6;6;6;2;6;8;6;0
Fensterheber;1561;11137;6;0,0183;0;13;6;13;9;0;12;4;16;3
Fensterheber;1561;25762;7;0,0213;0;0;9;0;8;2;6;12;14;2
Fensterheber;1561;5950;1;0,003;2;4;4;6;2;0;2;2;10;4
Fensterheber;1561;16610;1;0,003;0;6;2;4;6;0;6;4;6;0
Fensterheber;1561;16001;1;0,003;0;8;0;0;0;0;8;0;6;0
Fensterheber;1561;15508;2;0,0061;2;0;4;4;4;4;4;8;4;4
Fensterheber;1561;58415;2;0,0061;0;0;0;0;4;2;6;2;4;4
Fensterheber;1561;1877;1;0,003;2;11;12;14;10;4;12;8;10;6
Fensterheber;1561;131487;1;0,003;0;4;0;0;0;0;0;2;2;2
Fensterheber;1561;34918;2;0,0061;0;2;4;2;4;0;2;4;2;2
Fensterheber;1561;31195;1;0,003;2;8;10;6;9;0;10;18;9;4
Fensterheber;1561;118703;1;0,003;0;11;2;0;2;0;5;2;0;2
Fensterheber;1561;3625;1;0,003;0;2;2;3;4;0;2;0;2;0
Fensterheber;1561;18676;4;0,0122;4;4;4;4;4;2;3;3;4;4
Fensterheber;1561;11490;2;0,0061;0;4;0;3;0;0;0;2;0;0
Fensterheber;1561;18372;1;0,003;2;0;4;4;4;4;4;8;0;0
Fensterheber;1561;19363;6;0,0183;0;2;0;0;0;0;0;0;4;0
Fensterheber;1561;28162;31;0,0945;2;0;8;8;5;0;6;10;4;4
Fensterheber;1561;908;2;0,0061;0;0;4;6;4;0;4;6;6;4
Fensterheber;1561;16102;20;0,061;2;10;8;10;10;0;10;12;10;4
Fensterheber;1561;15476;19;0,0579;2;12;10;14;10;0;10;7;16;2
Fensterheber;1561;6655;11;0,0335;2;6;6;6;4;0;6;2;4;2
Fensterheber;1561;17970;30;0,0915;4;8;8;6;4;0;6;8;8;4
Fensterheber;1561;17336;1;0,003;0;2;0;0;0;0;2;0;0;0
Fensterheber;1561;18899;36;0,1097;6;14;9;14;10;2;14;12;14;2
Fensterheber;1561;4065;1;0,003;0;0;0;0;0;0;0;0;0;0
Fensterheber;1561;18759;21;0,064;4;4;6;4;4;4;6;10;4;4
Fensterheber;1561;107892;2;0,0061;2;6;4;4;4;0;3;4;6;2
Fensterheber;1561;58948;2;0,0061;0;6;4;4;4;0;2;4;4;4
Fensterheber;1561;18643;5;0,0152;2;12;10;14;10;0;10;7;16;2
Fensterheber;1561;17280;23;0,0701;6;6;6;6;6;6;6;14;8;6
Fensterheber;1561;29994;7;0,0213;2;2;2;2;2;2;2;0;4;4
Fensterheber;1561;58900;5;0,0152;0;4;4;2;2;0;0;2;2;2
Fensterheber;1561;28199;5;0,0152;2;8;4;10;4;0;4;6;4;0
Fensterheber;1561;16983;4;0,0122;2;4;2;0;0;0;4;4;0;0
Fensterheber;1561;19582;4;0,0122;2;8;6;10;8;0;6;10;4;2
Fensterheber;1561;31072;1;0,003;0;2;2;2;0;0;2;2;2;2
Fensterheber;1561;118106;1;0,003;2;6;4;1;6;0;6;2;4;0
Fensterheber;1561;120720;1;0,003;0;6;0;0;5;0;0;2;8;0
Fensterheber;1561;34270;1;0,003;0;0;6;4;2;0;2;9;0;0
Fensterheber;1561;32744;10;0,0305;4;4;4;6;4;2;6;4;0;4
Fensterheber;1561;14562;1;0,003;6;0;10;8;8;2;10;8;6;6
Fensterheber;1561;15984;2;0,0061;0;8;6;8;4;0;7;8;6;2
Fensterheber;1561;16109;5;0,0152;6;14;10;7;10;0;6;15;10;5
Fensterheber;1561;17297;2;0,0061;2;10;8;8;6;2;10;12;8;4
Fensterheber;1561;11138;22;0,0671;0;13;6;13;9;0;12;4;16;3
Fensterheber;1561;34292;4;0,0122;0;0;6;8;5;2;4;6;16;0
Fensterheber;1561;31140;1;0,003;0;2;4;2;4;0;0;4;2;2
Fensterheber;1561;113285;1;0,003;2;2;4;4;2;0;2;2;4;2
Fensterheber;1561;14064;29;0,0884;0;14;8;4;12;0;8;15;12;6
Fensterheber;1561;8978;24;0,0732;4;4;4;4;4;0;4;4;4;2
Fensterheber;1561;33244;3;0,0091;2;6;4;2;2;2;4;2;4;2
Fensterheber;1561;1662;7;0,0213;3;2;6;6;4;0;2;2;6;4
Fensterheber;1561;19118;1;0,003;0;12;8;6;8;0;8;10;8;4
Fensterheber;1561;128287;4;0,0122;0;2;4;2;0;0;0;2;4;2
Fensterheber;1561;15448;5;0,0152;0;4;4;2;4;0;4;16;2;2
Fensterheber;1561;130999;1;0,003;0;0;6;2;8;0;6;2;8;0
Fensterheber;1561;23286;2;0,0061;0;0;4;3;2;0;4;3;2;2
Fensterheber;1561;17515;2;0,0061;2;10;8;8;6;2;10;12;8;4
Fensterheber;1561;58336;8;0,0244;0;2;2;0;4;0;0;2;2;2
Fensterheber;1561;20709;3;0,0091;0;2;0;3;6;0;4;6;4;0
Fensterheber;1561;19960;1;0,003;4;10;6;9;4;2;4;10;6;4
Fensterheber;1561;15989;1;0,003;0;4;4;6;6;0;3;2;4;2
Fensterheber;1561;17414;2;0,0061;2;6;6;8;5;0;6;6;4;4
Fensterheber;1561;30473;6;0,0183;2;4;6;11;4;0;7;6;8;0
Fensterheber;1561;14679;3;0,0091;5;8;6;6;8;2;10;2;8;2
Fensterheber;1561;15889;51;0,1555;4;8;2;4;8;0;6;4;4;5
Fensterheber;1561;15414;27;0,0823;0;0;8;6;6;2;7;9;4;4
Fensterheber;1561;58359;36;0,1097;0;0;4;2;2;4;4;0;4;4
Fensterheber;1561;8452;8;0,0244;0;4;4;10;4;0;8;4;8;0
Fensterheber;1561;18428;19;0,0579;4;4;4;4;4;2;4;4;4;4
Fensterheber;1561;11364;6;0,0183;4;10;8;8;8;0;8;8;8;2
Fensterheber;1561;16944;99;0,3018;2;6;6;8;6;2;6;8;8;2
Fensterheber;1561;8768;2;0,0061;2;2;6;4;2;2;4;4;2;3
Fensterheber;1561;58187;17;0,0518;2;4;8;4;4;2;7;4;4;2
Fensterheber;1561;10250;1;0,003;0;4;0;2;2;0;1;2;4;0
Fensterheber;1561;19332;9;0,0274;6;6;6;6;8;6;6;13;8;6
Fensterheber;1561;108665;3;0,0091;0;3;4;4;0;0;0;4;4;4
Fensterheber;1561;27279;1;0,003;0;0;0;3;2;0;0;4;0;0
Fensterheber;1561;19044;5;0,0152;2;12;10;10;10;0;10;7;16;2
Fensterheber;1561;23829;1;0,003;2;14;4;6;6;0;10;2;14;0
Fensterheber;1561;34725;4;0,0122;0;8;4;8;6;0;6;4;6;0
Fensterheber;1561;16521;75;0,2286;6;5;12;8;7;6;9;13;12;8
Fensterheber;1561;5094;15;0,0457;6;10;8;8;10;4;10;2;8;4
Fensterheber;1561;13359;12;0,0366;0;4;4;4;4;0;4;0;4;0
Fensterheber;1561;26581;12;0,0366;6;6;2;6;2;4;4;10;2;2
Fensterheber;1561;115185;4;0,0122;2;4;4;2;2;0;0;0;4;2
Fensterheber;1561;13663;2;0,0061;0;10;0;4;2;0;0;4;2;0
Fensterheber;1561;29487;8;0,0244;2;6;6;8;4;0;4;2;4;2
Fensterheber;1561;14436;1;0,003;0;2;0;3;2;0;0;2;0;0
Fensterheber;1561;15562;28;0,0854;6;14;10;7;10;0;6;17;10;5
Fensterheber;1561;22555;31;0,0945;4;4;2;4;2;0;4;11;4;2
Fensterheber;1561;19957;14;0,0427;4;10;8;6;4;2;4;10;6;6
Fensterheber;1561;107968;1;0,003;1;4;4;2;4;0;2;9;4;0
Fensterheber;1561;17175;10;0,0305;4;8;8;5;4;2;4;6;6;4
Fensterheber;1561;30383;1;0,003;2;0;4;4;4;0;3;2;4;4
Fensterheber;1561;58588;1;0,003;2;6;4;4;4;0;4;4;4;0
Fensterheber;1561;12054;5;0,0152;2;6;6;9;9;2;6;7;10;0
Fensterheber;1561;8987;3;0,0091;0;0;4;4;2;0;2;3;6;2
Fensterheber;1561;10314;8;0,0244;2;2;6;2;4;4;8;4;4;4
Fensterheber;1561;33341;1;0,003;0;0;0;0;0;0;0;0;2;0
Fensterheber;1561;122892;1;0,003;0;2;0;0;0;0;0;0;2;0
Fensterheber;1561;15534;8;0,0244;2;2;6;6;6;2;7;5;6;4
Fensterheber;1561;18303;1;0,003;4;4;8;4;5;0;4;4;4;2
Fensterheber;1561;120280;1;0,003;0;4;4;2;1;0;2;8;4;0
Fensterheber;1561;3935;2;0,0061;2;4;6;4;6;0;3;2;4;3
Fensterheber;1561;16629;2;0,0061;0;2;2;2;0;0;0;0;2;0
Fensterheber;1561;16624;16;0,0488;0;6;2;6;4;0;2;6;4;0
Fensterheber;1561;15442;2;0,0061;0;6;6;10;8;2;7;10;4;4
Fensterheber;1561;1756;6;0,0183;0;6;4;10;4;0;6;6;6;2
Fensterheber;1561;30968;4;0,0122;0;4;0;4;6;0;0;2;4;0
Fensterheber;1561;12173;2;0,0061;0;2;4;4;2;0;2;4;4;2
Fensterheber;1561;121648;1;0,003;0;12;4;0;0;0;0;4;4;0
Fensterheber;1561;16612;1;0,003;0;12;2;13;4;0;6;2;6;2
Fensterheber;1561;10821;2;0,0061;0;0;2;3;4;0;2;0;2;0
Fensterheber;1561;15062;1;0,003;4;6;4;9;4;4;5;9;4;4
Fensterheber;1561;121968;1;0,003;2;6;0;0;2;0;4;2;4;0
Fensterheber;1561;17729;1;0,003;4;10;10;16;9;0;15;20;9;3
Fensterheber;1561;12057;1;0,003;0;2;6;1;8;0;4;8;8;2
Fensterheber;1561;9992;1;0,003;0;2;0;2;2;0;2;2;2;0
Fensterheber;1561;56802;2;0,0061;0;4;0;2;0;0;2;0;2;0
Fensterheber;1561;115153;4;0,0122;2;8;6;4;4;0;6;2;4;2
Fensterheber;1561;17645;85;0,2591;6;6;6;6;6;6;6;13;8;6
Fensterheber;1561;53296;1;0,003;0;6;0;4;4;0;0;2;4;2
Fensterheber;1561;15507;52;0,1585;2;0;4;4;4;4;4;8;4;4
Fensterheber;1561;13918;1;0,003;0;0;0;0;2;0;1;2;4;0
Fensterheber;1561;19964;30;0,0915;4;8;8;5;4;2;4;6;6;4
Fensterheber;1561;17723;2;0,0061;2;6;2;4;4;0;7;8;6;0
Fensterheber;1561;21150;4;0,0122;0;5;0;0;4;0;0;0;0;0
Fensterheber;1561;31321;3;0,0091;1;1;2;4;2;2;2;2;2;2
Fensterheber;1561;56167;1;0,003;2;4;4;2;2;0;0;0;4;2
Fensterheber;1561;31163;6;0,0183;2;4;4;4;5;0;4;4;4;2
Fensterheber;1561;110022;1;0,003;0;2;4;4;0;0;0;2;4;0
Fensterheber;1561;17364;13;0,0396;0;0;4;3;2;2;4;4;2;2
Fensterheber;1561;18082;8;0,0244;0;0;4;6;4;4;4;8;4;4
Fensterheber;1561;12605;1;0,003;0;6;0;2;2;0;0;2;4;0
Fensterheber;1561;319;6;0,0183;0;0;8;6;2;0;6;5;2;0
Fensterheber;1561;29943;7;0,0213;0;0;2;0;2;0;3;0;2;2
Fensterheber;1561;17737;2;0,0061;0;4;0;8;8;0;8;8;8;0
Fensterheber;1561;9030;4;0,0122;0;6;4;4;4;0;6;6;4;0
Fensterheber;1561;17875;1;0,003;0;0;8;4;2;0;8;4;4;4
Fensterheber;1561;31547;3;0,0091;2;4;4;4;4;0;4;8;4;2
Fensterheber;1561;32813;86;0,2622;8;9;6;7;6;4;6;7;6;6
Fensterheber;1561;50;7;0,0213;2;6;3;5;6;2;4;7;4;2
Fensterheber;1561;16149;2;0,0061;0;10;7;8;6;0;6;6;6;3
Fensterheber;1561;17926;4;0,0122;2;10;8;6;6;2;10;6;8;4
Fensterheber;1561;16488;1;0,003;2;5;6;5;6;2;8;5;16;2
Fensterheber;1561;108252;1;0,003;0;4;4;2;2;0;0;2;2;2
Fensterheber;1561;119495;1;0,003;0;4;4;3;4;0;0;2;4;2
Fensterheber;1561;16918;9;0,0274;6;20;14;16;15;0;15;20;15;5
Fensterheber;1561;214;1;0,003;0;0;2;0;2;0;4;4;4;2
Fensterheber;1561;20052;7;0,0213;2;6;6;6;6;2;6;6;6;0
Fensterheber;1561;18230;3;0,0091;0;6;2;6;2;0;2;2;2;0
Fensterheber;1561;30385;2;0,0061;0;8;6;6;4;0;6;5;4;2
Fensterheber;1561;33372;4;0,0122;2;8;6;8;4;0;4;2;4;2
Fensterheber;1561;18048;22;0,0671;0;10;10;10;8;0;4;8;10;2
Fensterheber;1561;19015;2;0,0061;0;0;4;0;4;0;4;2;4;2
Fensterheber;1561;8923;7;0,0213;0;6;6;6;4;0;7;6;6;2
Fensterheber;1561;112394;1;0,003;0;2;4;0;0;2;0;2;4;2
Fensterheber;1561;57597;6;0,0183;0;2;4;4;2;0;2;2;4;2
Fensterheber;1561;14238;7;0,0213;2;4;4;3;4;2;6;8;6;2
Fensterheber;1561;22501;1;0,003;0;0;4;6;4;2;6;2;4;4
Fensterheber;1561;18397;2;0,0061;2;0;4;4;4;4;4;8;0;0
Fensterheber;1561;19863;1;0,003;2;1;4;9;4;0;4;6;12;2
Fensterheber;1561;31693;1;0,003;2;4;4;4;5;0;4;4;4;2
Fensterheber;1561;24555;1;0,003;0;0;0;0;4;0;2;2;6;0
Fensterheber;1561;7050;1;0,003;0;2;2;2;2;0;2;2;2;2
Fensterheber;1561;33877;1;0,003;2;6;4;2;2;2;4;4;4;0
Fensterheber;1561;19223;3;0,0091;0;0;4;0;4;0;4;2;4;2
Fensterheber;1561;19549;1;0,003;0;6;4;12;6;0;6;6;6;2
Fensterheber;1561;20016;1;0,003;0;0;0;0;2;0;0;0;0;0
Fensterheber;1561;33853;1;0,003;0;4;4;4;4;0;4;6;4;2
Fensterheber;1561;23384;1;0,003;0;9;4;7;4;0;11;4;8;2
Fensterheber;1561;28568;2;0,0061;4;4;4;4;4;4;4;7;0;0
Fensterheber;1561;32795;2;0,0061;2;8;6;8;5;0;4;5;5;2
Fensterheber;1561;27586;2;0,0061;0;0;4;6;4;0;3;6;6;2
Fensterheber;1561;8979;18;0,0549;2;4;4;3;4;2;6;8;6;2
Fensterheber;1561;18003;3;0,0091;2;14;8;8;8;0;8;10;12;2
Fensterheber;1561;19102;4;0,0122;4;4;6;6;4;4;6;14;4;4
Fensterheber;1561;23447;5;0,0152;0;2;4;2;4;0;2;4;2;2
Fensterheber;1561;17669;24;0,0732;0;6;8;4;4;0;8;4;4;4
Fensterheber;1561;8460;132;0,4024;8;8;12;8;8;4;12;22;8;8
Fensterheber;1561;10930;1;0,003;0;4;0;4;4;0;4;2;4;0
Fensterheber;1561;8696;2;0,0061;2;2;2;2;2;0;2;0;2;2
Fensterheber;1561;4691;21;0,064;4;6;4;9;4;4;5;9;4;4
Fensterheber;1561;126001;1;0,003;4;4;0;0;4;2;4;4;4;2
Fensterheber;1561;19359;86;0,2622;2;4;8;8;8;0;6;4;9;2
Fensterheber;1561;33132;4;0,0122;0;2;4;6;4;0;10;12;6;0
Fensterheber;1561;22672;1;0,003;0;0;4;0;4;0;4;2;4;2
Fensterheber;1561;5601;40;0,1219;4;10;6;6;6;4;8;6;6;4
Fensterheber;1561;17626;1;0,003;0;4;4;4;4;0;4;0;4;0
Fensterheber;1561;108659;1;0,003;0;4;4;4;0;0;0;4;4;4
Fensterheber;1561;117785;1;0,003;0;3;4;4;0;0;0;4;4;4
Fensterheber;1561;13043;17;0,0518;4;8;8;8;8;4;8;15;8;4
Fensterheber;1561;17366;2;0,0061;0;0;4;3;2;2;4;4;2;2
Fensterheber;1561;100810;1;0,003;0;2;2;6;4;0;4;2;4;2
Fensterheber;1561;110048;1;0,003;0;2;2;0;2;0;0;2;2;2
Fensterheber;1561;16524;2;0,0061;2;6;10;6;16;4;8;6;6;6
Fensterheber;1561;19234;1;0,003;4;4;4;4;4;2;3;4;4;4
Fensterheber;1561;12516;2;0,0061;0;0;4;2;2;0;4;2;2;0
Fensterheber;1561;4621;1;0,003;4;10;8;8;8;0;8;8;8;2
Fensterheber;1561;136006;1;0,003;0;0;0;0;0;0;0;0;2;0
Fensterheber;1561;50742;1;0,003;0;0;0;0;0;0;4;0;4;0
Fensterheber;1561;32092;1;0,003;0;0;4;6;4;0;4;6;6;4
Fensterheber;1561;33312;18;0,0549;2;6;4;2;2;2;4;2;4;2
Fensterheber;1561;5972;19;0,0579;0;2;4;8;6;0;8;3;8;0
Fensterheber;1561;19156;3;0,0091;0;2;0;6;0;0;2;0;4;0
Fensterheber;1561;8970;11;0,0335;0;4;2;10;4;0;8;4;4;0
Fensterheber;1561;15898;2;0,0061;4;10;6;6;6;4;8;6;6;4
Fensterheber;1561;32389;3;0,0091;4;8;4;2;6;0;7;4;4;2
Fensterheber;1561;31997;11;0,0335;2;8;6;8;5;0;4;5;5;2
Fensterheber;1561;30865;2;0,0061;0;0;6;4;4;4;6;8;4;4
Fensterheber;1561;33313;11;0,0335;2;4;4;6;2;0;2;2;10;4
Fensterheber;1561;106512;11;0,0335;0;4;6;2;4;2;8;4;4;2
Fensterheber;1561;34466;3;0,0091;0;0;6;6;5;2;8;4;16;0
Fensterheber;1561;18415;4;0,0122;4;4;4;4;4;2;3;5;4;4
Fensterheber;1561;30842;3;0,0091;0;2;4;4;2;0;4;4;4;2
Fensterheber;1561;20081;2;0,0061;2;6;6;6;6;2;6;10;6;0
Fensterheber;1561;19924;2;0,0061;2;6;4;6;4;0;4;6;4;2
Fensterheber;1561;15632;2;0,0061;6;6;10;8;8;2;10;8;6;6
Fensterheber;1561;31111;2;0,0061;0;2;4;2;4;0;2;4;2;2
Fensterheber;1561;15510;1;0,003;2;0;4;4;4;4;4;8;4;4
Fensterheber;1561;18299;2;0,0061;0;0;4;6;6;0;4;8;6;4
Fensterheber;1561;4830;1;0,003;0;4;0;6;4;0;4;6;4;2
Fensterheber;1561;34916;1;0,003;0;4;4;2;2;0;0;4;2;0
Fensterheber;1561;23383;4;0,0122;0;9;4;7;4;0;11;4;8;2
Fensterheber;1561;9001;1;0,003;2;6;4;9;8;0;10;8;10;4
Fensterheber;1561;16328;1;0,003;4;8;8;8;8;4;8;15;8;4
Fensterheber;1561;19875;1;0,003;2;8;6;10;6;0;6;10;8;0
Fensterheber;1561;31348;1;0,003;2;0;4;4;4;4;4;4;4;0
Fensterheber;1561;20028;1;0,003;0;10;4;6;2;0;6;3;4;0
Fensterheber;1561;33329;1;0,003;0;0;2;6;2;0;2;6;6;2
Fensterheber;1561;26594;4;0,0122;0;5;0;14;8;0;7;4;8;0
Fensterheber;1561;18514;3;0,0091;1;0;8;2;4;0;4;4;4;2
Fensterheber;1561;18333;2;0,0061;0;0;6;6;4;0;6;5;4;2
Fensterheber;1561;119493;1;0,003;0;8;4;10;2;0;6;4;4;2
Fensterheber;1561;55120;1;0,003;0;2;4;4;4;0;7;4;4;2
Fensterheber;1561;19629;1;0,003;2;4;4;3;2;0;4;3;2;2
Fensterheber;1561;107515;1;0,003;0;0;0;0;0;0;2;0;0;0
Fensterheber;1561;31063;1;0,003;0;0;4;0;0;0;0;0;0;0
Fensterheber;1561;15668;13;0,0396;0;0;4;4;2;0;0;4;4;2
Fensterheber;1561;113666;5;0,0152;2;12;0;6;8;0;10;6;8;8
Fensterheber;1561;31356;8;0,0244;4;12;8;8;8;0;8;8;8;0
Fensterheber;1561;16470;2;0,0061;4;14;6;6;6;2;8;9;14;2
Fensterheber;1561;30911;1;0,003;0;0;2;3;2;0;4;19;2;2
Fensterheber;1561;16285;4;0,0122;0;0;4;4;2;0;2;3;6;0
Fensterheber;1561;17722;21;0,064;2;6;2;4;4;0;7;8;6;0
Fensterheber;1561;19638;1;0,003;4;8;8;5;4;2;4;6;6;4
Fensterheber;1561;113670;2;0,0061;0;4;6;6;4;2;8;4;4;2
Fensterheber;1561;18998;2;0,0061;4;4;4;4;4;2;4;8;4;0
Fensterheber;1561;19280;1;0,003;0;6;4;4;3;0;6;4;4;0
Fensterheber;1561;18304;1;0,003;4;4;8;4;5;0;4;4;4;2
Fensterheber;1561;113667;3;0,0091;2;6;4;3;6;0;6;2;4;0
Fensterheber;1561;29924;3;0,0091;0;4;4;4;4;0;3;8;4;4
Fensterheber;1561;17122;10;0,0305;0;0;2;2;2;0;4;2;4;0
Fensterheber;1561;5549;4;0,0122;0;2;4;6;4;0;4;4;8;0
Fensterheber;1561;28235;4;0,0122;0;0;4;24;7;2;10;9;6;2
Fensterheber;1561;23061;21;0,064;2;10;10;9;9;0;10;18;9;4
Fensterheber;1561;58574;1;0,003;0;6;0;6;4;0;6;6;4;2
Fensterheber;1561;19978;15;0,0457;2;8;6;11;4;0;7;6;8;0
Fensterheber;1561;24512;1;0,003;2;6;4;5;5;0;6;5;4;0
Fensterheber;1561;57648;3;0,0091;0;0;0;0;0;0;2;2;2;0
Fensterheber;1561;54750;1;0,003;4;4;4;0;4;2;4;8;4;4
Fensterheber;1561;15735;8;0,0244;2;6;4;6;4;0;4;6;4;2
Fensterheber;1561;115205;3;0,0091;2;4;4;0;2;4;4;4;4;4
Fensterheber;1561;120246;1;0,003;0;0;2;0;2;0;0;2;2;2
Fensterheber;1561;105909;10;0,0305;0;4;2;2;4;0;2;2;12;2
Fensterheber;1561;32088;2;0,0061;0;4;4;6;4;0;4;6;6;4
Fensterheber;1561;5224;2;0,0061;0;2;0;6;4;0;4;4;4;0
Fensterheber;1561;14107;1;0,003;0;6;6;6;6;0;7;2;6;2
Fensterheber;1561;16324;4;0,0122;2;4;2;0;0;0;4;4;0;0
Fensterheber;1561;119848;2;0,0061;0;8;4;4;4;0;8;4;4;0
Fensterheber;1561;6379;2;0,0061;0;0;0;0;0;0;0;0;0;0
Fensterheber;1561;24452;1;0,003;4;8;4;8;6;0;7;5;4;2
Fensterheber;1561;1957;1;0,003;0;0;2;2;0;0;0;0;0;2
Fensterheber;1561;1699;1;0,003;3;0;2;2;0;0;0;0;4;4
Fensterheber;1561;110049;4;0,0122;0;2;2;0;2;0;0;2;2;2
Fensterheber;1561;59335;2;0,0061;0;0;4;0;0;0;4;4;4;0
Fensterheber;1561;23408;1;0,003;0;0;4;0;6;4;8;4;4;2
Fensterheber;1561;18000;1;0,003;2;5;6;6;6;2;8;7;16;2
Fensterheber;1561;17369;2;0,0061;0;0;4;3;2;2;6;4;2;2
Fensterheber;1561;51;1;0,003;2;6;3;5;6;2;4;7;4;2
Fensterheber;1561;12485;1;0,003;0;4;4;8;4;0;4;4;6;2
Fensterheber;1561;5660;1;0,003;0;0;0;6;4;0;3;4;8;0
Fensterheber;1561;18083;7;0,0213;0;0;4;6;4;4;4;8;4;4
Fensterheber;1561;33279;14;0,0427;0;4;4;2;2;0;0;2;2;2
Fensterheber;1561;19247;1;0,003;0;4;2;4;4;0;4;4;4;2
Fensterheber;1561;18070;5;0,0152;6;6;4;6;4;4;4;8;4;4
Fensterheber;1561;23077;15;0,0457;2;5;6;4;6;2;6;5;16;2
Fensterheber;1561;13200;5;0,0152;4;8;14;14;6;0;10;8;10;2
Fensterheber;1561;10573;2;0,0061;2;2;4;5;2;2;2;0;10;4
Fensterheber;1561;33780;7;0,0213;2;6;4;5;6;0;6;5;4;0
Fensterheber;1561;17628;213;0,6493;2;6;6;6;6;0;6;8;6;1
Fensterheber;1561;15031;3;0,0091;0;4;4;2;2;0;0;2;2;2
Fensterheber;1561;28589;1;0,003;0;8;6;6;4;0;6;5;4;2
Fensterheber;1561;30839;162;0,4938;0;4;6;8;4;0;8;4;6;0
Fensterheber;1561;20112;2;0,0061;4;4;4;4;4;2;4;4;4;4
Fensterheber;1561;33385;5;0,0152;2;2;4;4;2;0;2;2;4;2
Fensterheber;1561;4510;1;0,003;0;2;0;2;2;0;0;2;2;0
Fensterheber;1561;108660;2;0,0061;0;4;4;4;0;0;0;4;4;4
Fensterheber;1561;8097;2;0,0061;4;2;8;8;2;0;6;6;6;0
Fensterheber;1561;19777;4;0,0122;2;8;2;7;4;0;8;11;4;3
Fensterheber;1561;120080;5;0,0152;0;0;0;0;4;0;4;2;4;2
Fensterheber;1561;33245;5;0,0152;4;4;8;6;4;0;6;4;8;4
Fensterheber;1561;18405;16;0,0488;2;0;4;4;4;4;4;8;0;0
Fensterheber;1561;16020;1;0,003;6;10;6;6;2;0;6;13;10;1
Fensterheber;1561;16602;1;0,003;4;4;4;4;4;4;4;7;4;4
Fensterheber;1561;49;2;0,0061;2;6;3;5;6;2;4;7;4;2
Fensterheber;1561;10316;3;0,0091;2;2;6;2;4;4;8;4;4;4
Fensterheber;1561;19586;4;0,0122;0;2;4;2;2;0;2;2;6;0
Fensterheber;1561;16287;1;0,003;0;10;0;11;2;0;3;8;4;0
Fensterheber;1561;18760;3;0,0091;4;4;6;4;4;4;6;10;4;4
Fensterheber;1561;11268;3;0,0091;4;10;6;6;2;4;8;6;6;4
Fensterheber;1561;6979;1;0,003;4;8;4;8;6;0;7;4;4;2
Fensterheber;1561;11960;12;0,0366;0;2;4;2;2;0;2;2;6;0
Fensterheber;1561;33713;1;0,003;0;4;4;10;2;0;8;4;8;0
Fensterheber;1561;23445;1;0,003;0;2;4;2;4;0;2;4;2;2
Fensterheber;1561;120598;2;0,0061;0;6;0;0;4;0;0;2;4;0
Fensterheber;1561;5104;1;0,003;0;4;2;0;4;0;2;4;0;0
Fensterheber;1561;711;6;0,0183;0;8;6;15;4;2;8;8;4;2
Fensterheber;1561;33176;14;0,0427;0;12;2;8;4;0;12;4;6;2
Fensterheber;1561;15511;63;0,192;2;0;4;4;4;4;4;8;4;4
Fensterheber;1561;14425;3;0,0091;2;6;4;10;6;2;6;2;4;2
Fensterheber;1561;6371;5;0,0152;0;4;4;4;2;0;6;2;2;2
Fensterheber;1561;24522;5;0,0152;2;6;6;8;4;0;6;2;4;2
Fensterheber;1561;19739;1;0,003;2;0;4;4;4;4;4;8;0;0
Fensterheber;1561;54521;1;0,003;0;0;4;2;2;0;4;7;4;2
Fensterheber;1561;57464;3;0,0091;4;4;6;2;4;4;8;4;4;4
Fensterheber;1561;10050;14;0,0427;2;10;8;6;6;2;10;6;8;4
Fensterheber;1561;18700;6;0,0183;4;8;8;5;4;2;4;6;6;4
Fensterheber;1561;19220;3;0,0091;2;6;10;6;16;4;8;4;6;6
Fensterheber;1561;23176;49;0,1494;2;4;2;6;4;0;4;4;4;2
Fensterheber;1561;9063;21;0,064;5;6;8;4;6;4;8;8;6;4
Fensterheber;1561;113448;1;0,003;0;2;6;2;6;4;6;8;6;4
Fensterheber;1561;115056;1;0,003;0;6;6;6;4;0;8;2;6;4
Fensterheber;1561;18898;279;0,8505;4;12;9;14;10;2;14;12;14;2
Fensterheber;1561;1911;2;0,0061;2;4;6;4;4;0;3;2;4;3
Fensterheber;1561;15294;8;0,0244;5;10;8;4;6;4;8;8;6;4
Fensterheber;1561;54952;4;0,0122;6;12;8;0;8;2;8;20;8;0
Fensterheber;1561;15737;4;0,0122;2;6;4;4;4;0;4;6;4;2
Fensterheber;1561;13909;2;0,0061;0;6;2;3;6;0;4;6;4;0
Fensterheber;1561;16228;2;0,0061;2;12;10;10;10;0;10;7;16;2
Fensterheber;1561;32387;6;0,0183;4;8;4;2;6;0;7;4;4;2
Fensterheber;1561;26644;1;0,003;1;1;2;4;2;2;2;2;2;2
Fensterheber;1561;108658;2;0,0061;0;4;4;4;0;0;0;4;4;4
Fensterheber;1561;18789;7;0,0213;2;10;10;10;9;0;10;18;9;3
Fensterheber;1561;18631;1;0,003;2;8;2;7;4;0;8;11;4;3
Fensterheber;1561;33091;6;0,0183;2;12;10;14;10;0;10;7;16;2
Fensterheber;1561;16283;11;0,0335;0;4;0;2;0;0;2;0;2;0
Fensterheber;1561;32788;32;0,0975;0;0;4;5;2;2;2;0;10;4
Fensterheber;1561;17282;1;0,003;0;2;4;2;4;0;4;16;2;2
Fensterheber;1561;144575;1;0,003;0;0;0;0;0;0;0;0;0;0
Fensterheber;1561;5170;1;0,003;0;10;3;7;4;0;8;6;6;0
Fensterheber;1561;108851;3;0,0091;0;6;0;4;4;0;0;2;4;2
Fensterheber;1561;3777;2;0,0061;0;2;4;6;2;0;4;4;4;2
Fensterheber;1561;5619;1;0,003;0;4;4;6;4;0;4;3;10;0
Fensterheber;1561;4314;4;0,0122;0;6;4;5;2;0;5;2;4;0
Fensterheber;1561;22682;11;0,0335;0;12;8;7;8;0;8;10;8;4
Fensterheber;1561;32041;3;0,0091;0;0;0;0;4;0;0;0;4;0
Fensterheber;1561;108642;1;0,003;0;20;10;23;6;0;18;4;12;4
Fensterheber;1561;18792;1;0,003;6;20;14;16;15;0;15;20;15;5
Fensterheber;1561;19722;1;0,003;0;13;6;14;10;2;11;8;12;10
Fensterheber;1561;23264;1;0,003;0;2;8;4;2;0;8;4;4;4
Fensterheber;1561;55127;4;0,0122;0;2;6;2;6;4;6;8;6;4
Fensterheber;1561;5196;2;0,0061;0;2;2;14;4;0;5;6;10;0
Fensterheber;1561;19721;1;0,003;0;0;4;0;0;0;0;0;0;0
Fensterheber;1561;133291;1;0,003;0;2;4;0;2;0;2;0;4;2
Fensterheber;1561;17313;3;0,0091;3;9;6;5;5;0;7;16;6;0
Fensterheber;1561;33249;18;0,0549;0;0;4;6;4;2;6;2;4;4
Fensterheber;1561;100572;3;0,0091;0;0;0;0;0;0;0;0;2;0
Fensterheber;1561;18507;4;0,0122;0;8;6;8;4;2;4;2;4;2
Fensterheber;1561;12203;3;0,0091;2;0;9;2;4;2;6;2;14;2
Fensterheber;1561;5167;1;0,003;0;10;3;8;6;0;8;6;6;2
Fensterheber;1561;19929;5;0,0152;2;6;4;4;4;0;4;6;4;2
Fensterheber;1561;18728;5;0,0152;4;10;6;9;4;2;4;10;6;4
Fensterheber;1561;19997;3;0,0091;4;14;6;6;6;2;8;9;14;2
Fensterheber;1561;8913;1;0,003;0;2;6;6;12;0;8;6;14;0
Fensterheber;1561;16169;5;0,0152;0;8;2;4;4;0;6;4;4;0
Fensterheber;1561;31350;5;0,0152;2;0;4;4;4;4;4;4;4;0
Fensterheber;1561;19845;4;0,0122;2;0;4;4;4;4;4;8;0;0
Fensterheber;1561;33786;4;0,0122;2;8;6;8;5;0;4;5;5;2
Fensterheber;1561;15699;1;0,003;0;4;0;2;2;0;2;4;6;0
Fensterheber;1561;9011;3;0,0091;0;2;3;7;6;0;8;6;6;2
Fensterheber;1561;14940;4;0,0122;4;6;2;4;2;2;10;2;2;4
Fensterheber;1561;1881;4;0,0122;2;11;12;14;10;4;8;4;10;6
Fensterheber;1561;33011;1;0,003;4;0;2;4;0;0;0;0;4;4
Fensterheber;1561;11629;1;0,003;4;10;8;4;6;4;8;8;6;4
Fensterheber;1561;132508;1;0,003;0;0;2;4;0;0;2;2;4;0
Fensterheber;1561;16346;1;0,003;0;0;8;6;6;2;7;9;4;4
Fensterheber;1561;17895;5;0,0152;4;4;4;4;4;2;3;5;4;4
Fensterheber;1561;20103;2;0,0061;2;4;0;6;4;0;4;6;4;2
Fensterheber;1561;18512;1;0,003;0;8;6;8;4;2;4;2;4;2
Fensterheber;1561;14855;14;0,0427;4;6;2;4;2;2;10;2;2;4
Fensterheber;1561;19676;1;0,003;0;2;0;3;8;0;0;4;0;4
Fensterheber;1561;15411;1;0,003;2;2;8;6;2;0;4;6;10;1
Fensterheber;1561;116109;1;0,003;0;2;4;4;0;0;0;2;4;2
Fensterheber;1561;17355;1;0,003;0;8;0;14;8;0;9;8;8;0
Fensterheber;1561;8418;2;0,0061;2;4;4;7;4;0;8;10;4;2
Fensterheber;1561;19961;18;0,0549;6;6;6;6;6;6;6;13;8;6
Fensterheber;1561;1916;10;0,0305;2;2;6;4;6;0;3;2;4;3
Fensterheber;1561;34242;1;0,003;4;16;6;4;4;2;8;10;16;2
Fensterheber;1561;22666;1;0,003;0;0;4;0;4;0;4;2;4;2
Fensterheber;1561;56433;2;0,0061;0;2;6;6;2;4;2;2;12;0
Fensterheber;1561;24516;4;0,0122;2;6;4;5;5;0;6;5;4;0
Fensterheber;1561;106377;4;0,0122;0;6;4;4;4;0;2;4;4;4
Fensterheber;1561;59616;2;0,0061;0;0;4;0;4;0;0;4;4;4
Fensterheber;1561;14772;9;0,0274;0;0;4;0;4;2;4;4;0;2
Fensterheber;1561;30979;1;0,003;1;3;0;2;0;0;2;0;0;0
Fensterheber;1561;17252;1;0,003;2;6;4;9;8;0;10;8;10;4
Fensterheber;1561;17518;6;0,0183;2;4;6;8;6;2;4;6;8;2
Fensterheber;1561;30361;1;0,003;4;4;4;4;4;2;3;4;4;4
Fensterheber;1561;16044;21;0,064;4;4;4;4;4;4;4;8;4;4
Fensterheber;1561;15820;1;0,003;0;6;2;6;4;0;2;4;4;0
Fensterheber;1561;20740;1;0,003;0;5;4;4;4;0;7;4;4;2
Fensterheber;1561;29973;13;0,0396;1;1;2;4;2;2;2;2;2;2
Fensterheber;1561;5602;7;0,0213;4;10;6;6;6;4;8;6;6;4
Fensterheber;1561;9042;6;0,0183;6;10;10;7;10;0;6;15;10;5
Fensterheber;1561;33362;2;0,0061;0;0;4;6;4;2;6;2;4;4
Fensterheber;1561;717;19;0,0579;0;8;6;15;4;2;8;8;4;2
Fensterheber;1561;17874;6;0,0183;2;2;6;6;4;2;7;5;6;4
Fensterheber;1561;18262;3;0,0091;0;10;6;8;8;2;8;8;8;2
Fensterheber;1561;52395;3;0,0091;2;4;4;2;2;0;0;0;4;2
Fensterheber;1561;17351;9;0,0274;6;12;8;8;8;2;8;16;8;4
Fensterheber;1561;5543;3;0,0091;4;4;4;6;4;4;5;7;4;4
Fensterheber;1561;23485;9;0,0274;0;6;4;4;4;0;2;2;4;2
Fensterheber;1561;15797;2;0,0061;0;0;2;2;3;0;0;2;2;0
Fensterheber;1561;33077;8;0,0244;0;4;4;2;4;0;0;4;2;2
Fensterheber;1561;19715;11;0,0335;0;8;4;6;6;0;4;8;4;0
Fensterheber;1561;28168;5;0,0152;4;4;4;4;4;2;4;4;4;4
Fensterheber;1561;17292;1;0,003;4;4;4;4;4;0;4;8;4;2
Fensterheber;1561;31589;1;0,003;2;0;0;5;4;0;4;6;12;2
Fensterheber;1561;14616;1;0,003;0;4;2;0;2;0;4;0;2;0
Fensterheber;1561;58995;2;0,0061;0;6;4;0;4;0;0;2;4;4
Fensterheber;1561;18105;2;0,0061;0;0;6;3;2;0;6;2;14;0
Fensterheber;1561;1500;12;0,0366;0;2;2;8;4;0;4;2;4;2
Fensterheber;1561;5633;1;0,003;2;2;2;0;2;0;2;0;2;0
Fensterheber;1561;8930;4;0,0122;0;4;6;6;6;0;7;6;6;2
Fensterheber;1561;17834;3;0,0091;0;8;4;6;6;0;6;5;10;0
Fensterheber;1561;17901;4;0,0122;4;4;4;6;4;2;6;0;0;4
Fensterheber;1561;4692;2;0,0061;4;6;4;9;4;4;5;9;4;4
Fensterheber;1561;137725;13;0,0396;0;4;2;0;0;0;0;4;2;2
Fensterheber;1561;100560;2;0,0061;0;2;4;4;2;0;2;0;4;4
Fensterheber;1561;15273;5;0,0152;5;8;6;6;8;2;10;2;8;2
Fensterheber;1561;5674;1;0,003;4;6;6;4;2;2;6;2;2;4
Fensterheber;1561;18044;3;0,0091;4;8;8;8;8;4;8;15;8;4
Fensterheber;1561;138539;1;0,003;0;2;6;0;2;0;0;0;8;0
Fensterheber;1561;17775;1;0,003;0;0;4;0;4;0;4;4;4;2
Fensterheber;1561;55600;1;0,003;0;6;4;4;4;0;2;4;4;4
Fensterheber;1561;15453;10;0,0305;6;12;8;8;8;2;8;16;8;4
Fensterheber;1561;123447;2;0,0061;0;2;4;0;2;0;0;2;2;2
Fensterheber;1561;11817;8;0,0244;0;2;4;10;6;0;3;2;4;2
Fensterheber;1561;17689;1;0,003;2;2;0;6;4;0;4;6;4;2
Fensterheber;1561;309;7;0,0213;0;6;8;6;2;0;6;5;2;0
Fensterheber;1561;23425;6;0,0183;0;4;4;10;4;0;4;4;6;2
Fensterheber;1561;1429;2;0,0061;0;0;2;2;2;0;0;4;2;0
Fensterheber;1561;18308;3;0,0091;4;4;4;4;4;0;4;8;4;2
Fensterheber;1561;11956;8;0,0244;0;2;4;2;2;0;2;1;6;0
Fensterheber;1561;11172;8;0,0244;0;4;4;6;4;0;4;4;8;0
Fensterheber;1561;57393;2;0,0061;2;4;4;0;4;0;4;7;4;1
Fensterheber;1561;19938;11;0,0335;0;5;4;8;6;0;8;4;8;0
Fensterheber;1561;32114;6;0,0183;2;4;4;6;4;2;4;6;5;1
Fensterheber;1561;8973;3;0,0091;2;6;4;8;6;2;6;2;4;2
Fensterheber;1561;115179;1;0,003;2;4;4;2;2;0;0;0;4;2
Fensterheber;1561;1021;2;0,0061;0;4;4;6;4;0;4;6;6;4
Fensterheber;1561;8985;2;0,0061;3;5;6;5;5;0;5;14;6;0
Fensterheber;1561;19897;1;0,003;0;6;2;6;6;0;6;12;6;4
Fensterheber;1561;33390;1;0,003;0;0;6;4;4;4;6;8;4;4
Fensterheber;1561;108028;2;0,0061;0;4;0;4;0;0;2;4;4;0
Fensterheber;1561;30971;4;0,0122;2;2;2;2;2;2;2;0;4;4
Fensterheber;1561;19216;1;0,003;4;10;8;6;4;2;4;10;6;6
Fensterheber;1561;132521;1;0,003;0;0;0;0;0;0;0;0;0;0
Fensterheber;1561;439;2;0,0061;2;6;8;6;6;0;4;7;4;3
Fensterheber;1561;8835;2;0,0061;4;10;6;4;6;0;6;2;2;6
Fensterheber;1561;20055;1;0,003;2;8;10;4;7;2;8;4;4;2
Fensterheber;1561;11479;3;0,0091;2;4;4;4;4;0;6;10;4;2
Fensterheber;1561;8988;1;0,003;0;0;4;4;2;0;2;3;6;2
Fensterheber;1561;17367;1;0,003;0;2;4;3;2;2;4;3;2;2
Fensterheber;1561;14960;1;0,003;0;2;2;4;4;0;4;4;4;0
Fensterheber;1561;714;16;0,0488;0;8;6;9;4;2;8;8;4;2
Fensterheber;1561;22476;1;0,003;0;2;4;4;4;0;4;2;2;4
Fensterheber;1561;15106;22;0,0671;2;6;6;8;6;2;6;8;8;2
Fensterheber;1561;138773;1;0,003;0;0;4;0;0;0;2;2;4;0
Fensterheber;1561;8688;4;0,0122;4;6;4;9;4;4;5;9;4;4
Fensterheber;1561;17783;6;0,0183;0;2;4;4;4;0;2;4;4;0
Fensterheber;1561;18228;34;0,1036;0;18;6;8;8;0;12;6;10;4
Fensterheber;1561;17406;1;0,003;0;0;8;6;4;2;7;9;4;4
Fensterheber;1561;19905;110;0,3353;2;6;6;8;6;2;4;6;8;2
Fensterheber;1561;11491;6;0,0183;2;2;6;4;4;0;4;4;10;2
Fensterheber;1561;19844;14;0,0427;2;0;4;4;4;4;4;8;0;0
Fensterheber;1561;3953;9;0,0274;4;8;14;8;4;0;6;6;10;1
Fensterheber;1561;30326;18;0,0549;0;6;6;11;4;0;7;6;8;0
Fensterheber;1561;32675;1;0,003;0;0;2;0;2;0;2;0;2;2
Fensterheber;1561;100805;1;0,003;0;2;4;6;4;0;10;12;6;0
Fensterheber;1561;8050;7;0,0213;5;2;8;4;4;0;2;2;6;6
Fensterheber;1561;12063;3;0,0091;0;6;6;10;8;0;4;8;4;2
Fensterheber;1561;18389;1;0,003;0;6;2;6;6;0;6;12;6;4
Fensterheber;1561;121998;1;0,003;0;0;6;0;4;4;6;0;4;0
Fensterheber;1561;117952;1;0,003;0;0;2;0;0;0;0;0;2;0
Fensterheber;1561;114608;3;0,0091;0;0;0;2;0;0;2;0;4;0
Fensterheber;1561;26628;1;0,003;2;10;10;11;9;0;10;1;15;2
Fensterheber;1561;59024;2;0,0061;0;4;0;4;4;0;0;2;4;2
Fensterheber;1561;113342;2;0,0061;0;2;2;0;4;0;4;0;6;1
Fensterheber;1561;31542;1;0,003;0;2;4;6;2;0;4;8;4;2
Fensterheber;1561;18344;1;0,003;0;2;0;2;2;0;2;0;2;2
Fensterheber;1561;18769;2;0,0061;2;4;4;4;4;0;4;6;4;2
Fensterheber;1561;30419;4;0,0122;0;2;4;2;2;0;2;1;6;0
Fensterheber;1561;19847;5;0,0152;2;0;4;4;4;4;4;8;0;0
Fensterheber;1561;18424;3;0,0091;4;4;4;4;4;2;3;3;4;4
Fensterheber;1561;11779;43;0,1311;10;10;12;8;8;4;12;22;8;8
Fensterheber;1561;6314;1;0,003;0;4;4;5;2;2;4;0;10;4
Fensterheber;1561;1653;4;0,0122;5;2;8;4;4;0;2;2;6;6
Fensterheber;1561;57401;5;0,0152;0;4;4;7;4;0;6;2;4;2
Fensterheber;1561;32818;1;0,003;0;9;4;7;4;0;9;4;6;2
Fensterheber;1561;135169;4;0,0122;0;0;0;0;0;0;0;0;4;4
Fensterheber;1561;15489;3;0,0091;2;8;6;8;8;2;7;10;4;4
Fensterheber;1561;120226;3;0,0091;0;2;2;0;2;0;0;2;2;2
Fensterheber;1561;143474;3;0,0091;0;4;2;6;2;0;0;2;0;2
Fensterheber;1561;25468;7;0,0213;0;0;6;6;4;4;6;12;4;4
Fensterheber;1561;32601;10;0,0305;2;0;2;0;2;0;2;0;4;2
Fensterheber;1561;15381;2;0,0061;0;0;0;0;2;0;2;0;2;0
Fensterheber;1561;1863;4;0,0122;6;4;8;4;2;4;4;4;2;3
Fensterheber;1561;16245;1;0,003;0;2;4;4;4;0;4;2;4;2
Fensterheber;1561;18013;2;0,0061;4;4;4;4;4;2;4;8;4;0
Fensterheber;1561;17373;3;0,0091;0;2;4;3;2;2;6;4;2;2
Fensterheber;1561;28206;2;0,0061;4;4;8;6;4;0;6;8;8;4
Fensterheber;1561;11480;6;0,0183;2;4;4;4;4;0;6;10;4;2
Fensterheber;1561;23128;30;0,0915;0;4;10;6;9;4;8;4;6;6
Fensterheber;1561;10272;13;0,0396;4;4;6;4;2;2;4;4;2;3
Fensterheber;1561;18729;17;0,0518;4;10;6;9;4;2;4;10;6;4
Fensterheber;1561;11489;2;0,0061;2;6;4;4;4;0;6;12;4;2
Fensterheber;1561;109462;10;0,0305;0;2;0;0;0;0;2;0;0;2
Fensterheber;1561;56800;1;0,003;0;4;0;2;0;0;2;0;2;0
Fensterheber;1561;22942;13;0,0396;0;13;6;13;9;0;12;4;16;3
Fensterheber;1561;19270;3;0,0091;2;4;6;8;6;2;4;6;8;2
Fensterheber;1561;19849;6;0,0183;2;0;4;4;4;4;4;8;0;0
Fensterheber;1561;10049;5;0,0152;2;10;8;6;6;2;10;6;8;4
Fensterheber;1561;26004;2;0,0061;0;0;9;0;8;2;6;12;14;2
Fensterheber;1561;32000;4;0,0122;2;8;6;8;5;0;4;5;5;2
Fensterheber;1561;13100;23;0,0701;10;10;12;8;8;4;12;22;8;8
Fensterheber;1561;17153;2;0,0061;2;8;10;4;7;2;8;7;4;2
Fensterheber;1561;25458;5;0,0152;0;0;0;4;2;0;6;0;4;0
Fensterheber;1561;11068;7;0,0213;0;8;4;8;4;0;6;2;4;0
Fensterheber;1561;16601;5;0,0152;4;4;4;4;4;4;4;7;4;4
Fensterheber;1561;22950;4;0,0122;2;6;4;4;2;2;4;4;4;2
Fensterheber;1561;10416;2;0,0061;2;4;4;4;0;0;2;0;4;4
Fensterheber;1561;22478;1;0,003;0;2;4;4;4;0;2;2;2;4
Fensterheber;1561;4450;1;0,003;0;0;2;4;0;0;0;0;4;0
Fensterheber;1561;11270;2;0,0061;0;0;2;4;2;0;4;4;4;0
Fensterheber;1561;132309;3;0,0091;0;2;0;3;6;0;4;1;6;0
Fensterheber;1561;126214;3;0,0091;0;11;2;0;2;0;5;2;2;0
Fensterheber;1561;107886;1;0,003;2;6;4;4;4;0;3;4;6;2
Fensterheber;1561;20048;1;0,003;2;4;4;4;4;0;4;4;4;2
Fensterheber;1561;131488;1;0,003;0;4;0;0;0;0;0;2;2;2
Fensterheber;1561;15111;1;0,003;2;2;6;4;4;0;4;4;10;2
Fensterheber;1561;14700;1;0,003;0;0;0;7;2;0;3;4;6;0
Fensterheber;1561;11340;1;0,003;4;10;6;6;6;4;8;6;6;4
Fensterheber;1561;18294;1;0,003;0;0;4;6;6;0;4;8;6;4
Fensterheber;1561;19358;79;0,2408;2;4;8;8;8;0;6;4;9;2
Fensterheber;1561;14956;1;0,003;0;4;2;4;4;0;4;3;4;0
Fensterheber;1561;19991;18;0,0549;0;4;2;4;4;0;4;6;4;2
Fensterheber;1561;122937;1;0,003;0;0;4;0;4;0;4;2;4;2
Fensterheber;1561;11751;1;0,003;0;2;4;2;2;0;2;4;6;0
Fensterheber;1561;30446;1;0,003;0;0;4;0;4;2;6;2;4;4
Fensterheber;1561;19633;5;0,0152;4;4;4;4;4;2;4;8;4;0
Fensterheber;1561;1904;20;0,061;0;2;2;2;2;0;2;6;2;2
Fensterheber;1561;141844;1;0,003;0;0;2;6;0;0;0;4;5;2
Fensterheber;1561;106417;2;0,0061;0;2;2;2;2;0;0;0;2;2
Fensterheber;1561;15472;9;0,0274;2;14;3;11;10;0;12;10;9;0
Fensterheber;1561;18400;17;0,0518;2;0;4;4;4;4;4;8;0;0
Fensterheber;1561;17157;2;0,0061;4;10;2;4;2;2;10;2;2;4
Fensterheber;1561;117961;1;0,003;0;0;2;0;0;0;0;0;2;0
Fensterheber;1561;3797;3;0,0091;0;2;3;10;6;0;10;8;10;0
Fensterheber;1561;16331;9;0,0274;2;22;4;10;6;0;10;2;14;2
Fensterheber;1561;123184;1;0,003;0;0;6;0;4;4;6;0;4;0
Fensterheber;1561;5293;2;0,0061;2;2;1;2;2;0;2;2;4;0
Fensterheber;1561;56810;1;0,003;0;6;4;4;2;0;4;4;4;6
Fensterheber;1561;58943;5;0,0152;2;2;4;8;2;2;4;6;4;4
Fensterheber;1561;13162;6;0,0183;2;10;8;8;6;2;10;12;8;4
Fensterheber;1561;31048;2;0,0061;0;2;4;6;6;4;8;8;4;2
Fensterheber;1561;133158;1;0,003;0;6;4;0;4;0;14;0;4;0
Fensterheber;1561;15420;18;0,0549;0;0;8;6;6;2;7;9;4;4
Fensterheber;1561;15548;1;0,003;6;6;10;8;8;2;10;9;6;6
Fensterheber;1561;17844;15;0,0457;0;12;8;7;8;0;8;10;8;4
Fensterheber;1561;22508;4;0,0122;4;10;4;8;6;0;7;6;4;2
Fensterheber;1561;16065;3;0,0091;10;4;10;8;6;2;10;20;6;6
Fensterheber;1561;23426;10;0,0305;0;4;4;10;4;0;4;4;6;2
Fensterheber;1561;8969;3;0,0091;0;4;2;10;4;0;8;4;4;0
Fensterheber;1561;26552;2;0,0061;2;4;4;4;4;0;4;3;4;2
Fensterheber;1561;57273;10;0,0305;0;0;4;0;2;0;2;4;4;0
Fensterheber;1561;15283;1;0,003;0;2;4;6;2;0;4;8;4;1
Fensterheber;1561;5098;2;0,0061;2;6;2;4;2;0;4;2;2;0
Fensterheber;1561;32260;1;0,003;0;0;0;3;2;0;4;3;2;2
Fensterheber;1561;33351;1;0,003;4;8;4;8;6;0;7;4;4;2
Fensterheber;1561;107794;1;0,003;0;0;0;0;6;2;5;1;4;6
Fensterheber;1561;10321;1;0,003;0;4;2;4;4;0;4;6;4;2
Fensterheber;1561;29956;19;0,0579;2;2;4;4;5;0;4;4;4;2
Fensterheber;1561;8046;1;0,003;2;0;2;4;0;0;0;0;2;2
Fensterheber;1561;24509;10;0,0305;2;8;6;8;5;0;4;6;5;2
Fensterheber;1561;15529;12;0,0366;2;4;2;6;4;2;4;5;4;2
Fensterheber;1561;9901;7;0,0213;0;2;2;2;2;0;2;0;2;0
Fensterheber;1561;119838;39;0,1189;0;8;4;4;4;0;8;4;4;0
Fensterheber;1561;13161;14;0,0427;2;10;8;8;6;2;10;12;8;4
Fensterheber;1561;17540;1;0,003;0;9;4;4;2;0;6;3;8;2
Fensterheber;1561;17670;1;0,003;0;6;8;4;2;0;8;4;4;4
Fensterheber;1561;108605;1;0,003;2;0;4;2;0;0;2;0;4;4
Fensterheber;1561;23080;3;0,0091;2;3;6;4;6;2;6;5;16;2
Fensterheber;1561;15952;6;0,0183;0;8;2;8;8;0;10;12;8;0
Fensterheber;1561;8454;7;0,0213;0;4;4;10;4;0;8;4;8;0
Fensterheber;1561;58536;2;0,0061;0;4;2;2;2;0;0;0;2;2
Fensterheber;1561;14854;2;0,0061;4;6;2;4;2;2;10;2;2;2
Fensterheber;1561;16003;1;0,003;6;6;4;4;4;0;4;8;4;2
Fensterheber;1561;17106;2;0,0061;0;0;0;2;0;0;0;0;0;0
Fensterheber;1561;15921;1;0,003;0;2;0;0;2;0;2;0;2;0
Fensterheber;1561;122247;1;0,003;0;0;0;0;4;0;0;0;4;0
Fensterheber;1561;32742;2;0,0061;0;6;2;2;2;0;4;2;2;0
Fensterheber;1561;124913;1;0,003;0;11;2;0;2;0;3;2;0;0
Fensterheber;1561;4689;1;0,003;4;6;4;9;4;4;5;9;4;4
Fensterheber;1561;115146;3;0,0091;2;3;4;2;2;0;0;0;4;2
Fensterheber;1561;9251;1;0,003;0;10;6;4;4;0;6;4;4;2
Fensterheber;1561;107508;1;0,003;0;2;0;0;0;0;2;0;2;0
Fensterheber;1561;58238;5;0,0152;2;4;8;4;4;4;7;4;4;2
Fensterheber;1561;19459;14;0,0427;3;8;8;6;4;0;6;5;8;4
Fensterheber;1561;115493;29;0,0884;2;4;4;1;2;4;4;0;4;4
Fensterheber;1561;12243;2;0,0061;5;10;8;4;6;4;8;8;6;4
Fensterheber;1561;7696;1;0,003;0;4;2;8;2;0;6;2;6;0
Fensterheber;1561;18242;1;0,003;0;6;4;4;3;0;6;4;4;0
Fensterheber;1561;17818;4;0,0122;2;6;2;4;5;0;0;3;4;5
Fensterheber;1561;12590;6;0,0183;4;4;4;6;4;4;5;8;4;4
Fensterheber;1561;20088;4;0,0122;2;6;2;6;4;0;4;4;6;0
Fensterheber;1561;4683;5;0,0152;4;6;6;4;2;2;10;2;2;4
Fensterheber;1561;57425;1;0,003;2;2;4;0;4;0;3;6;6;2
Fensterheber;1561;33298;2;0,0061;0;4;4;16;2;0;6;4;10;0
Fensterheber;1561;18583;1;0,003;2;10;10;10;10;0;10;10;16;2
Fensterheber;1561;18250;2;0,0061;2;4;2;6;4;0;4;4;6;0
Fensterheber;1561;123114;1;0,003;0;0;0;0;0;0;0;0;4;4
Fensterheber;1561;31469;2;0,0061;0;6;2;3;4;0;4;6;4;0
Fensterheber;1561;28278;12;0,0366;0;2;2;2;2;0;2;2;2;2
Fensterheber;1561;28536;2;0,0061;0;6;6;2;6;0;6;10;8;2
Fensterheber;1561;31064;2;0,0061;0;0;4;0;0;0;0;0;0;0
Fensterheber;1561;10279;5;0,0152;0;4;0;6;2;0;4;2;6;0
Fensterheber;1561;24177;1;0,003;0;2;0;0;0;0;2;0;0;2
Fensterheber;1561;5719;26;0,0793;4;8;6;6;6;2;6;8;6;4
Fensterheber;1561;33305;2;0,0061;2;2;2;4;4;0;4;2;4;2
Fensterheber;1561;16859;4;0,0122;2;2;2;0;2;0;2;0;2;0
Fensterheber;1561;32626;1;0,003;0;0;2;2;2;2;2;0;4;4
Fensterheber;1561;15064;3;0,0091;4;4;4;6;4;4;5;8;4;4
Fensterheber;1561;52465;3;0,0091;0;0;9;0;8;2;6;12;14;2
Fensterheber;1561;10458;1;0,003;0;2;0;4;2;0;2;2;2;2
Fensterheber;1561;2621;7;0,0213;0;4;4;4;4;0;4;4;4;0
Fensterheber;1561;800;1;0,003;0;0;0;0;0;0;0;0;0;0
Fensterheber;1561;58903;2;0,0061;0;2;4;2;2;0;0;2;2;2
Fensterheber;1561;111990;1;0,003;0;2;4;0;6;0;6;0;4;0
Fensterheber;1561;26635;4;0,0122;0;0;0;0;4;0;0;2;4;0
Fensterheber;1561;10081;1;0,003;4;13;6;5;4;2;8;6;16;2
Fensterheber;1561;31112;6;0,0183;0;0;4;6;4;0;3;6;6;2
Fensterheber;1561;19590;3;0,0091;0;2;4;2;2;0;2;1;6;0
Fensterheber;1561;19306;1;0,003;0;4;0;4;2;0;3;0;4;0
Fensterheber;1561;34305;4;0,0122;0;0;6;8;5;2;8;6;16;0
Fensterheber;1561;30435;1;0,003;0;0;0;0;0;0;0;0;4;0
Fensterheber;1561;17180;12;0,0366;0;3;4;4;2;0;2;4;4;0
Fensterheber;1561;16053;3;0,0091;0;4;6;10;6;0;10;10;15;0
Fensterheber;1561;5548;3;0,0091;0;2;4;6;4;0;4;4;8;0
Fensterheber;1561;17536;1;0,003;0;9;6;4;2;0;8;5;8;2
Fensterheber;1561;11963;1;0,003;0;2;4;2;2;0;2;2;6;0
Fensterheber;1561;5887;12;0,0366;0;2;6;3;6;0;4;2;6;0
Fensterheber;1561;100818;1;0,003;0;2;4;0;0;0;0;0;0;4
Fensterheber;1561;56263;1;0,003;2;8;4;6;4;0;4;4;4;0
Fensterheber;1561;56784;4;0,0122;0;2;0;0;0;0;2;0;0;2
Fensterheber;1561;107424;2;0,0061;0;8;4;2;0;2;0;2;0;0
Fensterheber;1561;138598;1;0,003;0;2;6;0;0;0;0;0;4;0
Fensterheber;1561;23162;25;0,0762;6;6;6;6;8;6;6;13;8;6
Fensterheber;1561;106249;4;0,0122;0;4;4;2;2;0;0;2;2;0
Fensterheber;1561;16489;7;0,0213;2;5;6;5;2;2;8;5;16;2
Fensterheber;1561;19842;3;0,0091;2;0;4;4;4;4;4;8;0;0
Fensterheber;1561;17499;1;0,003;0;12;4;6;6;0;5;4;6;0
Fensterheber;1561;18692;1;0,003;0;6;2;6;4;0;2;6;4;0
Fensterheber;1561;14183;1;0,003;6;16;10;7;2;0;6;17;10;3
Fensterheber;1561;31548;9;0,0274;2;2;4;4;4;0;4;8;4;1
Fensterheber;1561;16940;5;0,0152;0;0;4;6;4;0;2;4;4;0
Fensterheber;1561;58796;1;0,003;0;2;4;0;0;0;0;0;0;4
Fensterheber;1561;152921;1;0,003;0;0;6;0;0;0;0;0;4;0
Fensterheber;1561;26669;1;0,003;0;6;8;2;4;0;6;13;10;2
Fensterheber;1561;59115;2;0,0061;4;4;4;8;2;4;6;6;4;4
Fensterheber;1561;15333;2;0,0061;0;12;4;6;6;0;5;4;6;0
Fensterheber;1561;14680;2;0,0061;5;8;6;6;8;2;10;2;8;2
Fensterheber;1561;7507;1;0,003;0;2;4;6;6;4;8;8;4;2
Fensterheber;1561;11488;9;0,0274;2;6;4;4;4;0;6;12;4;2
Fensterheber;1561;18188;5;0,0152;0;0;4;3;2;2;6;4;2;2
Fensterheber;1561;22549;6;0,0183;1;1;2;2;2;2;2;2;2;2
Fensterheber;1561;18641;35;0,1067;0;7;2;3;2;2;4;4;4;2
Fensterheber;1561;27537;7;0,0213;0;0;4;4;2;0;4;2;4;4
Fensterheber;1561;106227;4;0,0122;4;4;4;8;2;2;6;6;4;4
Fensterheber;1561;128760;1;0,003;0;2;0;0;0;0;0;2;0;0
Fensterheber;1561;110042;7;0,0213;0;2;2;0;2;0;0;2;2;2
Fensterheber;1561;17766;16;0,0488;4;8;8;5;4;2;4;6;6;4
Fensterheber;1561;57294;1;0,003;2;8;6;4;6;4;6;10;6;4
Fensterheber;1561;19000;1;0,003;4;4;4;4;4;2;4;8;4;0
Fensterheber;1561;17501;2;0,0061;2;6;4;6;4;0;4;6;4;2
Fensterheber;1561;56801;1;0,003;0;4;0;2;0;0;2;0;2;0
Fensterheber;1561;6348;2;0,0061;0;4;4;4;2;0;6;2;2;2
Fensterheber;1561;4679;1;0,003;2;4;14;12;12;0;6;15;8;6
Fensterheber;1561;11038;1;0,003;0;2;4;2;2;0;0;2;2;2
Fensterheber;1561;16655;1;0,003;0;2;4;6;2;0;4;6;4;2
Fensterheber;1561;10163;6;0,0183;2;12;4;8;4;0;10;8;10;4
Fensterheber;1561;28248;6;0,0183;0;6;2;2;2;0;4;2;2;0
Fensterheber;1561;31011;43;0,1311;4;4;4;4;4;2;4;4;4;4
Fensterheber;1561;15579;11;0,0335;2;4;2;6;4;2;4;4;4;2
Fensterheber;1561;3811;34;0,1036;2;6;2;4;4;0;4;3;4;2
Fensterheber;1561;20074;5;0,0152;2;0;8;8;5;0;6;8;4;4
Fensterheber;1561;10273;19;0,0579;4;4;6;4;2;2;4;4;2;3
Fensterheber;1561;30362;4;0,0122;4;4;4;4;4;2;3;4;4;4
Fensterheber;1561;29969;3;0,0091;0;2;4;2;2;0;2;2;6;0
Fensterheber;1561;6839;1;0,003;0;4;2;8;0;0;4;6;4;0
Fensterheber;1561;59444;81;0,2469;2;4;4;1;2;4;4;6;4;4
Fensterheber;1561;105884;2;0,0061;0;4;6;6;4;2;8;4;4;2
Fensterheber;1561;106454;1;0,003;0;0;4;0;2;0;2;0;4;4
Fensterheber;1561;22504;4;0,0122;0;0;4;6;4;2;6;2;4;4
Fensterheber;1561;17693;7;0,0213;4;4;4;4;4;2;4;4;4;4
Fensterheber;1561;57525;1;0,003;2;3;4;2;2;0;0;0;4;2
Fensterheber;1561;56785;1;0,003;0;2;0;0;0;0;2;0;0;2
Fensterheber;1561;12783;1;0,003;0;8;6;9;4;2;8;8;4;2
Fensterheber;1561;58648;5;0,0152;0;6;4;6;4;0;6;2;4;0
Fensterheber;1561;18265;1;0,003;0;10;6;8;8;2;8;8;8;2
Fensterheber;1561;9941;1;0,003;0;2;4;6;6;4;8;12;4;2
Fensterheber;1561;12192;1;0,003;0;0;0;6;6;0;6;8;4;0
Fensterheber;1561;132158;1;0,003;0;2;0;0;0;0;0;0;2;2
Fensterheber;1561;115490;10;0,0305;2;4;4;1;2;4;4;0;4;4
Fensterheber;1561;22683;2;0,0061;0;12;8;6;8;0;8;10;8;4
Fensterheber;1561;24530;1;0,003;0;0;4;6;6;0;6;7;4;0
Fensterheber;1561;33387;1;0,003;0;0;6;6;4;4;6;12;4;4
Fensterheber;1561;19589;1;0,003;0;2;4;2;2;0;2;2;6;0
Fensterheber;1561;27769;1;0,003;0;0;0;3;2;0;2;4;2;2
Fensterheber;1561;145025;1;0,003;0;4;0;0;0;0;0;0;0;0
Fensterheber;1561;19675;1;0,003;2;4;8;8;8;0;6;4;9;2
Fensterheber;1561;19025;1;0,003;0;0;4;0;4;0;4;2;4;2
Fensterheber;1561;18594;1;0,003;0;6;0;4;4;0;4;4;4;0
Fensterheber;1561;145877;1;0,003;0;0;4;0;0;0;0;0;2;0
Fensterheber;1561;58646;8;0,0244;0;8;6;15;4;0;8;4;4;2
Fensterheber;1561;15108;1;0,003;0;12;6;8;8;0;10;16;8;3
Fensterheber;1561;18766;2;0,0061;2;4;4;7;4;0;4;6;4;2
Fensterheber;1561;34308;7;0,0213;0;0;6;8;5;2;8;6;16;0
Fensterheber;1561;18146;31;0,0945;4;4;4;4;2;0;0;4;4;2
Fensterheber;1561;33030;5;0,0152;2;2;2;2;2;2;2;0;4;4
Fensterheber;1561;7898;5;0,0152;4;8;14;8;10;0;6;8;14;3
Fensterheber;1561;18042;1;0,003;0;8;0;1;2;0;8;2;6;0
Fensterheber;1561;5393;1;0,003;0;4;2;4;4;0;4;4;4;0
Fensterheber;1561;26630;4;0,0122;0;8;6;16;7;0;8;8;12;2
Fensterheber;1561;33269;1;0,003;0;9;4;7;4;0;11;4;8;2
Fensterheber;1561;128854;1;0,003;0;0;10;3;4;0;4;3;15;0
Fensterheber;1561;32753;3;0,0091;0;2;2;4;2;0;4;3;4;2
Fensterheber;1561;8440;1;0,003;0;0;8;8;6;2;7;8;4;4
Fensterheber;1561;26636;1;0,003;0;2;4;8;6;0;8;3;8;0
Fensterheber;1561;23400;1;0,003;0;0;4;0;6;4;8;4;4;2
Fensterheber;1561;56745;2;0,0061;0;0;2;4;4;0;4;2;4;2
Fensterheber;1561;15415;42;0,128;0;0;8;6;4;2;7;9;4;4
Fensterheber;1561;1878;56;0,1707;2;0;9;2;10;2;6;8;14;2
Fensterheber;1561;2910;4;0,0122;4;8;10;8;8;0;6;8;14;1
Fensterheber;1561;11392;1;0,003;0;8;0;2;0;0;2;0;0;2
Fensterheber;1561;29990;61;0,186;2;2;2;2;2;2;2;0;4;4
Fensterheber;1561;8986;4;0,0122;3;5;6;5;5;0;5;14;6;0
Fensterheber;1561;18219;4;0,0122;4;10;10;16;9;0;15;20;9;4
Fensterheber;1561;18114;31;0,0945;6;6;6;6;8;6;6;13;8;6
Fensterheber;1561;128142;22;0,0671;0;3;0;4;0;0;0;4;4;4
Fensterheber;1561;56744;1;0,003;2;4;2;4;4;0;4;4;4;2
Fensterheber;1561;32886;4;0,0122;0;4;4;4;4;0;3;4;4;2
Fensterheber;1561;18063;1;0,003;0;10;0;11;2;0;3;8;4;0
Fensterheber;1561;17272;1;0,003;0;0;4;3;2;2;2;2;2;2
Fensterheber;1561;100795;17;0,0518;6;2;6;0;6;6;6;4;6;6
Fensterheber;1561;54220;1;0,003;0;0;0;0;2;0;4;0;8;0
Fensterheber;1561;120218;2;0,0061;0;0;0;0;6;0;3;4;4;0
Fensterheber;1561;19232;1;0,003;4;4;4;4;4;2;3;6;4;4
Fensterheber;1561;23054;1;0,003;0;6;2;8;2;0;3;6;12;0
Fensterheber;1561;3771;1;0,003;0;0;0;2;0;0;4;2;0;0
Fensterheber;1561;12065;1;0,003;0;2;6;1;8;0;4;8;8;2
Fensterheber;1561;22486;3;0,0091;0;2;4;2;4;0;2;4;2;2
Fensterheber;1561;23166;27;0,0823;2;6;4;2;2;2;4;4;4;2
Fensterheber;1561;110039;6;0,0183;0;4;0;0;0;0;0;4;4;0
Fensterheber;1561;22482;2;0,0061;0;6;4;4;4;0;4;4;8;2
Fensterheber;1561;19239;1;0,003;0;0;2;2;2;0;2;0;2;0
Fensterheber;1561;111078;3;0,0091;0;4;0;2;0;0;2;0;2;0
Fensterheber;1561;5712;18;0,0549;2;4;14;12;12;0;6;9;8;6
Fensterheber;1561;18313;22;0,0671;2;12;10;11;9;0;10;2;15;2
Fensterheber;1561;17310;1;0,003;0;4;0;0;2;0;2;2;0;0
Fensterheber;1561;15968;1;0,003;0;4;4;6;4;0;2;6;4;0
Fensterheber;1561;20101;1;0,003;2;4;0;6;4;0;4;6;4;2
Fensterheber;1561;117078;1;0,003;0;2;4;8;0;0;0;4;4;2
Fensterheber;1561;32741;4;0,0122;0;6;2;2;2;0;4;2;2;0
Fensterheber;1561;17617;1;0,003;2;4;2;0;0;0;4;4;0;0
Fensterheber;1561;101104;1;0,003;0;0;2;0;0;0;0;2;2;0
Fensterheber;1561;18011;9;0,0274;0;0;2;2;2;0;4;2;4;0
Fensterheber;1561;13971;1;0,003;0;5;2;6;2;0;2;4;8;0
Fensterheber;1561;108645;1;0,003;4;4;4;4;4;2;4;4;4;4
Fensterheber;1561;18375;3;0,0091;2;0;4;4;4;4;4;8;0;0
Fensterheber;1561;10207;1;0,003;0;6;6;11;4;0;7;8;8;0
Fensterheber;1561;10955;2;0,0061;2;12;0;9;9;0;10;1;15;0
Fensterheber;1561;32793;4;0,0122;2;8;6;8;5;0;4;5;5;2
Fensterheber;1561;11850;3;0,0091;0;4;4;6;2;0;4;4;4;2
Fensterheber;1561;17239;1;0,003;0;9;0;6;4;0;8;4;4;0
Fensterheber;1561;14691;2;0,0061;0;0;2;0;2;0;2;2;0;0
Fensterheber;1561;33317;1;0,003;2;6;4;2;2;2;4;2;4;2
Fensterheber;1561;31590;31;0,0945;4;6;8;6;4;0;6;4;8;4
Fensterheber;1561;10864;9;0,0274;2;6;6;6;6;2;6;8;6;0
Fensterheber;1561;28231;29;0,0884;0;2;2;2;2;0;0;0;2;2
Fensterheber;1561;20025;12;0,0366;0;2;6;4;6;2;6;8;6;8
Fensterheber;1561;23293;2;0,0061;4;8;6;2;4;2;4;6;4;4
Fensterheber;1561;33059;7;0,0213;0;4;4;4;4;0;4;6;4;2
Fensterheber;1561;10043;13;0,0396;6;14;10;15;16;0;12;22;8;4
Fensterheber;1561;132573;1;0,003;0;2;0;0;4;0;3;0;6;0
Fensterheber;1561;18903;1;0,003;0;4;0;4;4;0;4;4;6;0
Fensterheber;1561;5768;3;0,0091;0;0;6;5;4;4;6;12;4;4
Fensterheber;1561;24454;6;0,0183;4;8;4;8;6;0;7;4;4;2
Fensterheber;1561;446;1;0,003;2;0;8;6;6;0;4;7;4;3
Fensterheber;1561;25443;29;0,0884;0;0;2;0;2;0;3;0;2;2
Fensterheber;1561;16673;1;0,003;2;8;4;8;4;0;14;4;4;2
Fensterheber;1561;55598;3;0,0091;0;6;4;4;4;0;2;4;4;4
Fensterheber;1561;23695;1;0,003;0;2;4;0;2;0;2;0;4;2
Fensterheber;1561;135282;1;0,003;0;2;0;2;2;0;4;2;2;0
Fensterheber;1561;10002;2;0,0061;6;6;10;8;8;2;10;16;6;6
Fensterheber;1561;18727;10;0,0305;4;10;6;9;4;2;4;10;6;4
Fensterheber;1561;105911;1;0,003;4;4;4;8;2;4;6;6;4;4
Fensterheber;1561;56165;5;0,0152;2;4;4;2;2;0;0;0;4;2
Fensterheber;1561;58143;9;0,0274;0;11;2;2;2;0;5;2;2;2
Fensterheber;1561;18560;1;0,003;2;2;2;4;2;0;5;2;2;2
Fensterheber;1561;29970;5;0,0152;0;2;4;2;2;0;2;1;6;0
Fensterheber;1561;8769;2;0,0061;2;2;6;4;2;2;4;4;2;3
Fensterheber;1561;18962;23;0,0701;0;0;4;0;0;0;0;0;0;0
Fensterheber;1561;33070;1;0,003;2;6;6;6;6;0;6;8;6;1
Fensterheber;1561;16658;1;0,003;0;2;2;2;0;0;0;0;2;0
Fensterheber;1561;7020;4;0,0122;4;8;4;8;6;0;7;4;4;2
Fensterheber;1561;145819;1;0,003;2;0;6;0;0;2;4;0;0;2
Fensterheber;1561;28240;3;0,0091;0;2;2;2;2;0;2;0;2;0
Fensterheber;1561;15515;6;0,0183;0;6;6;6;6;0;7;2;6;2
Fensterheber;1561;34905;2;0,0061;0;4;4;2;2;0;0;4;2;0
Fensterheber;1561;17221;3;0,0091;0;4;2;4;4;0;4;4;4;2
Fensterheber;1561;4851;3;0,0091;0;2;4;8;6;0;8;3;8;0
Fensterheber;1561;23081;1;0,003;2;3;6;4;6;2;6;5;16;2
Fensterheber;1561;56871;1;0,003;0;0;2;2;2;0;4;4;4;2
Fensterheber;1561;1,06000318E+11;2;0,0061;0;0;0;0;0;0;0;0;0;0
Fensterheber;1561;16965;1;0,003;0;2;4;4;2;0;2;4;4;0
Fensterheber;1561;5291;1;0,003;0;0;0;12;6;0;10;2;6;2
Fensterheber;1561;5132;2;0,0061;0;0;2;2;4;0;2;2;2;0
Fensterheber;1561;32586;1;0,003;2;0;2;0;2;0;2;0;4;2
Fensterheber;1561;34745;4;0,0122;0;0;6;0;8;0;4;5;11;4
Fensterheber;1561;17119;24;0,0732;4;8;8;5;4;2;4;6;6;4
Fensterheber;1561;137590;1;0,003;0;2;4;0;0;0;0;4;8;0
Fensterheber;1561;57166;2;0,0061;2;2;6;2;4;0;4;2;10;2
Fensterheber;1561;9899;5;0,0152;6;24;14;18;17;0;16;27;10;4
Fensterheber;1561;17300;1;0,003;2;10;8;8;6;2;10;12;8;4
Fensterheber;1561;19486;2;0,0061;4;10;6;9;4;2;4;10;6;4
Fensterheber;1561;24176;5;0,0152;0;2;0;0;0;0;2;0;0;2
Fensterheber;1561;9518;24;0,0732;5;4;8;4;6;4;8;8;6;4
Fensterheber;1561;2550;1;0,003;0;2;2;4;4;0;2;4;6;0
Fensterheber;1561;16291;4;0,0122;4;8;6;2;4;2;4;6;4;4
Fensterheber;1561;19109;1;0,003;0;5;4;2;2;0;6;2;4;4
Fensterheber;1561;53772;1;0,003;0;0;4;0;4;0;0;4;4;4
Fensterheber;1561;100060;3;0,0091;2;4;4;4;0;0;2;0;4;4
Fensterheber;1561;10205;3;0,0091;0;2;6;2;4;0;7;6;8;0
Fensterheber;1561;8397;1;0,003;0;2;2;12;4;0;6;6;4;2
Fensterheber;1561;6316;6;0,0183;4;2;8;4;2;4;4;4;2;3
Fensterheber;1561;5201;4;0,0122;0;0;0;16;4;0;5;6;8;0
Fensterheber;1561;17830;1;0,003;0;0;0;0;1;0;0;0;2;0
Fensterheber;1561;19300;3;0,0091;0;0;0;0;1;0;0;0;2;0
Fensterheber;1561;16502;1;0,003;2;4;4;4;2;0;2;3;6;0
Fensterheber;1561;11044;2;0,0061;0;0;4;4;6;0;6;7;4;0
Fensterheber;1561;19592;1;0,003;0;2;4;2;2;0;2;1;6;0
Fensterheber;1561;16205;3;0,0091;0;0;4;4;2;0;2;3;6;0
Fensterheber;1561;34287;1;0,003;0;0;6;8;5;2;4;6;16;0
Fensterheber;1561;19105;3;0,0091;4;4;6;4;4;4;6;10;4;4
Fensterheber;1561;19304;2;0,0061;4;8;2;4;8;0;6;4;4;5
Fensterheber;1561;16443;2;0,0061;0;0;0;0;0;0;0;0;0;0
Fensterheber;1561;801369;1;0,003;0;0;6;0;2;0;0;0;9;0
Fensterheber;1561;9931;10;0,0305;0;2;4;6;4;0;10;12;6;0
Fensterheber;1561;15532;8;0,0244;0;0;8;6;6;2;7;9;4;4
Fensterheber;1561;14617;1;0,003;0;2;2;2;2;0;4;0;2;0
Fensterheber;1561;9684;1;0,003;0;2;0;0;4;0;6;4;8;0
Fensterheber;1561;58890;1;0,003;0;4;4;2;6;0;6;7;4;0
Fensterheber;1561;24241;47;0,1433;0;0;4;6;4;2;6;2;4;4
Fensterheber;1561;33395;49;0,1494;2;12;6;18;8;0;10;6;8;8
Fensterheber;1561;16049;91;0,2774;4;4;4;4;4;4;4;8;4;4
Fensterheber;1561;106338;5;0,0152;0;4;2;3;4;0;5;2;12;2
Fensterheber;1561;114609;6;0,0183;0;0;0;2;0;0;2;0;4;0
Fensterheber;1561;13648;2;0,0061;0;0;0;0;4;0;0;0;6;0
Fensterheber;1561;58543;4;0,0122;0;6;2;6;2;0;1;2;6;2
Fensterheber;1561;16225;2;0,0061;0;4;0;8;5;0;8;8;8;0
Fensterheber;1561;131697;1;0,003;0;0;0;0;0;2;6;0;6;0
Fensterheber;1561;56145;14;0,0427;4;4;4;8;2;4;6;6;4;4
Fensterheber;1561;27529;6;0,0183;0;4;4;12;6;0;4;2;6;2
Fensterheber;1561;5345;1;0,003;2;4;4;7;4;0;8;14;4;2
Fensterheber;1561;110051;3;0,0091;0;2;2;0;2;0;0;2;2;2
Fensterheber;1561;55597;4;0,0122;0;6;4;4;4;0;2;4;4;4
Fensterheber;1561;18410;1;0,003;2;0;4;4;4;4;4;8;0;0
Fensterheber;1561;8946;1;0,003;6;6;4;4;4;0;4;8;4;2
Fensterheber;1561;22473;1;0,003;0;2;4;4;4;0;4;2;2;4
Fensterheber;1561;16654;1;0,003;0;2;4;6;2;0;4;6;4;2
Fensterheber;1561;14766;9;0,0274;2;8;6;6;6;2;6;10;7;8
Fensterheber;1561;327;2;0,0061;0;0;2;2;2;0;4;4;4;2
Fensterheber;1561;33248;17;0,0518;4;4;4;6;4;2;6;4;0;4
Fensterheber;1561;18904;2;0,0061;0;4;0;4;4;0;4;4;6;0
Fensterheber;1561;23167;12;0,0366;2;6;4;2;2;2;4;4;4;2
Fensterheber;1561;8271;1;0,003;0;0;2;4;6;0;6;2;2;0
Fensterheber;1561;108302;1;0,003;0;2;2;6;2;0;2;2;4;0
Fensterheber;1561;3040;1;0,003;0;2;4;2;4;0;2;4;2;2
Fensterheber;1561;1087;1;0,003;0;2;4;4;4;0;4;3;4;0
Fensterheber;1561;18177;9;0,0274;0;4;0;2;0;0;0;0;0;2
Fensterheber;1561;22550;25;0,0762;1;1;2;4;2;2;2;2;2;2
Fensterheber;1561;33135;7;0,0213;0;2;4;6;4;0;10;12;6;0
Fensterheber;1561;135292;1;0,003;0;2;4;0;0;0;0;4;8;0
Fensterheber;1561;3939;4;0,0122;0;2;2;2;2;0;2;6;2;2
Fensterheber;1561;15762;8;0,0244;2;2;6;4;4;0;4;4;10;2
Fensterheber;1561;3880;2;0,0061;0;0;0;9;1;0;6;6;0;0
Fensterheber;1561;109422;1;0,003;2;4;4;4;2;0;4;4;4;4
Fensterheber;1561;58667;5;0,0152;0;6;6;6;4;0;8;4;6;4
Fensterheber;1561;58169;34;0,1036;2;4;8;4;4;2;7;5;4;2
Fensterheber;1561;21899;5;0,0152;0;4;0;2;4;0;6;6;4;0
Fensterheber;1561;1991;1;0,003;0;6;0;10;4;0;6;4;0;0
Fensterheber;1561;33075;5;0,0152;0;2;4;2;4;0;2;4;2;2
Fensterheber;1561;17008;1;0,003;4;8;6;2;4;2;4;6;4;4
Fensterheber;1561;3414;3;0,0091;0;0;0;2;4;0;2;2;6;0
Fensterheber;1561;30962;1;0,003;0;4;4;4;4;0;3;8;4;4
Fensterheber;1561;31062;1;0,003;0;0;6;8;4;2;4;2;4;2
Fensterheber;1561;8557;1;0,003;4;6;4;9;4;4;5;9;4;4
Fensterheber;1561;19255;1;0,003;0;6;0;6;2;0;6;4;4;0
Fensterheber;1561;31536;29;0,0884;0;0;4;6;2;0;4;8;4;2
Fensterheber;1561;141630;3;0,0091;0;0;0;0;0;0;0;0;4;4
Fensterheber;1561;59438;3;0,0091;0;2;4;4;2;0;2;4;4;2
Fensterheber;1561;17132;15;0,0457;0;0;2;2;2;0;4;2;4;0
Fensterheber;1561;16407;1;0,003;0;4;6;0;0;0;2;0;12;2
Fensterheber;1561;5301;3;0,0091;4;10;10;14;6;0;4;8;4;1
Fensterheber;1561;23046;3;0,0091;2;12;10;11;9;0;10;1;15;2
Fensterheber;1561;59001;5;0,0152;0;8;4;10;2;0;6;4;4;2
Fensterheber;1561;15544;2;0,0061;6;6;10;8;8;2;10;16;6;6
Fensterheber;1561;135026;1;0,003;0;0;0;0;0;0;0;0;0;0
Fensterheber;1561;17226;1;0,003;0;2;4;2;2;0;2;2;4;0
Fensterheber;1561;26003;251;0,7652;0;0;9;0;8;2;6;12;14;2
Fensterheber;1561;31535;14;0,0427;0;0;4;6;2;0;4;8;4;2
Fensterheber;1561;16006;6;0,0183;6;6;4;4;4;0;4;8;4;2
Fensterheber;1561;15722;2;0,0061;0;0;6;4;8;0;10;16;8;3
Fensterheber;1561;12752;16;0,0488;2;8;4;8;4;0;14;4;4;2
Fensterheber;1561;107747;14;0,0427;6;2;6;0;6;6;6;2;6;4
Fensterheber;1561;3726;3;0,0091;2;6;2;2;2;0;4;2;2;0
Fensterheber;1561;16931;1;0,003;2;4;2;0;0;0;4;4;0;0
Fensterheber;1561;58926;4;0,0122;2;2;4;8;2;2;4;6;4;4
Fensterheber;1561;801381;1;0,003;0;0;6;0;2;0;0;0;9;0
Fensterheber;1561;9409;4;0,0122;2;6;4;4;2;2;4;2;4;0
Fensterheber;1561;34919;7;0,0213;0;2;4;2;4;0;2;4;2;2
Fensterheber;1561;17764;1;0,003;0;4;2;6;2;0;2;2;2;0
Fensterheber;1561;18557;1;0,003;0;4;0;2;6;0;3;2;8;0
Fensterheber;1561;115218;2;0,0061;0;0;0;2;0;0;2;0;4;0
Fensterheber;1561;17848;1;0,003;0;12;8;7;8;0;8;10;8;4
Fensterheber;1561;119122;1;0,003;0;0;0;2;0;0;2;0;4;0
Fensterheber;1561;9902;3;0,0091;0;2;2;2;2;0;2;0;2;0
Fensterheber;1561;14811;4;0,0122;0;2;2;2;2;0;4;0;2;0
Fensterheber;1561;137600;1;0,003;0;0;0;0;0;0;0;0;0;0
Fensterheber;1561;18935;1;0,003;4;4;8;4;5;0;4;4;4;2
Fensterheber;1561;16860;1;0,003;2;2;2;0;2;0;2;0;2;0
Fensterheber;1561;9466;5;0,0152;0;8;4;6;6;0;6;4;10;0
Fensterheber;1561;33389;4;0,0122;0;0;6;4;4;4;6;8;4;4
Fensterheber;1561;108825;1;0,003;0;6;4;0;4;0;0;2;4;4
Fensterheber;1561;28156;14;0,0427;2;2;8;8;5;0;6;6;4;4
Fensterheber;1561;26584;5;0,0152;0;2;4;4;2;0;4;4;4;2
Fensterheber;1561;17410;67;0,2042;2;4;8;4;5;0;6;6;4;4
Fensterheber;1561;33056;1;0,003;0;2;4;2;4;0;2;4;2;2
Fensterheber;1561;33053;9;0,0274;0;2;4;2;4;0;2;4;2;2
Fensterheber;1561;10012;2;0,0061;0;6;4;8;22;0;4;10;6;0
Fensterheber;1561;15094;3;0,0091;0;0;4;2;2;0;2;4;4;0
Fensterheber;1561;105910;2;0,0061;0;4;2;2;4;0;2;2;12;2
Fensterheber;1561;55992;1;0,003;0;2;0;0;0;0;0;0;0;4
Fensterheber;1561;56127;5;0,0152;0;0;0;0;4;0;4;4;4;0
Fensterheber;1561;19704;6;0,0183;4;10;2;4;2;2;10;2;2;4
Fensterheber;1561;3083;7;0,0213;2;6;6;7;4;0;6;2;4;2
Fensterheber;1561;118608;1;0,003;0;4;0;8;4;0;4;0;4;0
Fensterheber;1561;19806;11;0,0335;0;2;2;0;0;0;2;2;2;2
Fensterheber;1561;115181;2;0,0061;2;4;4;2;2;0;0;0;4;2
Fensterheber;1561;10815;1;0,003;0;4;4;4;4;0;3;4;4;2
Fensterheber;1561;30910;1;0,003;0;0;6;0;4;4;6;8;4;4
Fensterheber;1561;115188;1;0,003;0;6;2;0;2;0;4;0;4;2
Fensterheber;1561;22946;24;0,0732;2;8;4;4;2;2;4;6;4;2
Fensterheber;1561;11516;5;0,0152;0;4;4;6;4;0;2;6;4;0
Fensterheber;1561;18267;6;0,0183;0;2;2;2;4;0;8;2;2;0
Fensterheber;1561;119840;4;0,0122;0;8;4;4;4;0;8;4;4;0
Fensterheber;1561;31013;12;0,0366;4;4;4;4;4;2;4;4;4;4
Fensterheber;1561;34767;2;0,0061;0;0;6;0;4;4;6;8;4;4
Fensterheber;1561;140392;1;0,003;0;6;2;0;2;0;5;0;0;0
Fensterheber;1561;14915;1;0,003;0;4;0;6;2;0;8;4;4;0
Fensterheber;1561;58373;1;0,003;0;2;2;0;4;0;0;2;2;2
Fensterheber;1561;19995;14;0,0427;0;0;6;4;4;4;6;8;4;4
Fensterheber;1561;8899;1;0,003;0;2;0;7;1;0;4;9;8;0
Fensterheber;1561;119826;2;0,0061;2;6;6;0;6;2;6;4;6;0
Fensterheber;1561;18897;216;0,6585;6;14;9;14;10;2;14;12;14;2
Fensterheber;1561;31544;19;0,0579;2;4;4;4;4;0;4;8;4;2
Fensterheber;1561;9203;1;0,003;2;4;4;4;2;0;2;3;6;2
Fensterheber;1561;34913;1;0,003;0;4;4;2;2;0;0;4;2;0
Fensterheber;1561;122038;3;0,0091;0;8;4;4;4;0;8;4;4;0
Fensterheber;1561;16338;64;0,1951;2;10;8;10;10;0;10;12;10;4
Fensterheber;1561;17413;21;0,064;2;6;6;8;5;0;6;6;4;4
Fensterheber;1561;3805;2;0,0061;0;0;0;2;0;0;0;2;0;0
Fensterheber;1561;139163;1;0,003;0;0;4;1;4;0;6;0;6;0
Fensterheber;1561;22461;1;0,003;0;4;4;6;6;4;8;8;4;2
Fensterheber;1561;32161;8;0,0244;0;2;4;6;6;4;8;8;4;2
Fensterheber;1561;113664;3;0,0091;0;6;6;6;4;0;8;3;6;4
Fensterheber;1561;34264;1;0,003;4;16;6;4;4;4;8;10;16;2
Fensterheber;1561;18326;2;0,0061;2;4;2;6;4;0;4;4;6;0
Fensterheber;1561;20717;2;0,0061;0;2;0;8;5;0;8;8;8;0
Fensterheber;1561;25462;1;0,003;0;0;0;4;2;0;6;2;4;0
Fensterheber;1561;136203;2;0,0061;0;2;2;0;2;0;0;2;4;0
Fensterheber;1561;115155;2;0,0061;2;10;6;4;2;0;4;2;4;2
Fensterheber;1561;16199;2;0,0061;0;4;4;2;4;0;4;12;2;2
Fensterheber;1561;109331;1;0,003;0;0;6;2;8;2;6;4;8;0
Fensterheber;1561;10311;14;0,0427;2;2;6;2;4;4;8;4;4;4
Fensterheber;1561;3934;1;0,003;2;4;6;4;6;0;3;2;4;3
Fensterheber;1561;15148;1;0,003;0;2;2;2;2;0;4;0;2;0
Fensterheber;1561;18886;8;0,0244;0;14;6;6;4;0;6;4;4;2
Fensterheber;1561;16740;9;0,0274;0;2;4;7;2;0;4;6;4;2
Fensterheber;1561;17216;1;0,003;0;4;2;4;4;0;4;4;4;2
Fensterheber;1561;138646;4;0,0122;0;0;6;0;2;0;0;0;0;0
Fensterheber;1561;19218;3;0,0091;2;4;4;4;2;0;2;3;6;0
Fensterheber;1561;4694;2;0,0061;4;6;4;9;4;0;5;9;4;4
Fensterheber;1561;11043;1;0,003;0;2;4;2;2;0;0;2;2;2
Fensterheber;1561;105957;4;0,0122;2;4;0;0;0;0;4;2;4;2
Fensterheber;1561;33247;1;0,003;2;4;4;6;2;0;2;2;10;4
Fensterheber;1561;143733;1;0,003;0;0;0;0;0;0;0;0;0;0
Fensterheber;1561;16179;1;0,003;2;4;2;2;2;0;2;1;2;0
Fensterheber;1561;587736;1;0,003;0;0;0;0;0;0;0;0;0;0
Fensterheber;1561;17165;1;0,003;0;0;2;4;4;0;8;9;0;3
Fensterheber;1561;17672;2;0,0061;0;0;8;4;2;0;8;4;4;4
Fensterheber;1561;14076;1;0,003;0;2;0;5;2;0;0;2;2;0
Fensterheber;1561;9896;1;0,003;0;2;4;2;4;0;2;4;2;2
Fensterheber;1561;23240;2;0,0061;0;0;4;4;2;0;2;0;10;4
Fensterheber;1561;31580;1;0,003;0;0;4;0;6;4;8;4;4;2
Fensterheber;1561;18934;1;0,003;4;4;8;4;5;0;4;4;4;2
Fensterheber;1561;57589;2;0,0061;0;2;4;4;2;0;2;2;4;2
Fensterheber;1561;16679;5;0,0152;0;4;4;4;4;0;4;0;4;0
Fensterheber;1561;120532;2;0,0061;0;2;0;0;0;0;0;0;4;0
Fensterheber;1561;19965;1;0,003;2;0;4;4;2;0;4;3;0;4
Fensterheber;1561;23399;1;0,003;0;0;4;0;6;4;8;4;4;2
Fensterheber;1561;106490;1;0,003;0;2;4;4;0;2;2;2;6;0
Fensterheber;1561;115189;1;0,003;0;6;2;0;2;0;4;0;4;2
Fensterheber;1561;11147;1;0,003;0;8;2;4;2;0;12;4;6;0
Fensterheber;1561;465;1;0,003;2;6;8;6;6;0;4;7;4;3
Fensterheber;1561;137784;1;0,003;0;0;0;0;2;2;0;0;4;0
Fensterheber;1561;145876;2;0,0061;0;0;4;0;0;0;0;0;2;0
Fensterheber;1561;105887;8;0,0244;0;4;6;2;4;2;8;4;4;2
Fensterheber;1561;29488;2;0,0061;0;0;4;0;0;0;0;0;0;0
Fensterheber;1561;16809;46;0,1402;2;6;10;6;16;4;8;4;6;6
Fensterheber;1561;27308;13;0,0396;0;0;9;0;8;0;6;12;14;2
Fensterheber;1561;4539;5;0,0152;0;2;2;5;6;0;5;4;4;0
Fensterheber;1561;17172;93;0,2835;6;6;2;6;2;4;4;11;2;2
Fensterheber;1561;4315;1;0,003;0;6;4;5;2;0;5;2;4;0
Fensterheber;1561;29725;1;0,003;0;2;4;0;2;0;2;0;4;2
Fensterheber;1561;32119;1;0,003;2;2;4;4;2;0;2;2;4;2
Fensterheber;1561;17962;3;0,0091;0;6;0;0;0;0;5;0;0;0
Fensterheber;1561;57168;1;0,003;0;11;2;0;2;0;5;2;0;2
Fensterheber;1561;29975;5;0,0152;0;0;2;4;2;2;2;2;2;2
Fensterheber;1561;33679;2;0,0061;2;6;4;4;2;2;4;2;4;2
Fensterheber;1561;17458;2;0,0061;6;6;2;6;2;4;4;10;2;2
Fensterheber;1561;20862;2;0,0061;2;4;4;2;2;0;2;2;4;0
Fensterheber;1561;128470;1;0,003;2;4;4;2;2;0;0;0;4;2
Fensterheber;1561;18396;10;0,0305;2;0;4;4;4;4;4;8;0;0
Fensterheber;1561;17100;1;0,003;0;2;0;2;2;0;2;2;2;0
Fensterheber;1561;106289;1;0,003;0;2;4;4;2;0;2;0;4;4
Fensterheber;1561;137333;1;0,003;0;2;4;8;0;0;0;4;4;2
Fensterheber;1561;8379;1;0,003;0;0;0;0;0;0;0;0;0;0
Fensterheber;1561;18490;4;0,0122;4;4;8;6;2;0;4;6;8;1
Fensterheber;1561;5101;2;0,0061;2;6;3;3;6;2;4;5;4;2
Fensterheber;1561;27670;4;0,0122;2;8;6;4;6;4;6;10;6;4
Fensterheber;1561;31531;4;0,0122;0;0;4;6;2;0;4;8;4;2
Fensterheber;1561;23380;5;0,0152;0;9;4;7;4;0;11;4;8;2
Fensterheber;1561;19621;1;0,003;0;0;0;4;0;0;0;0;0;0
Fensterheber;1561;17961;6;0,0183;2;12;3;11;10;0;12;10;9;0
Fensterheber;1561;133517;1;0,003;0;0;6;0;0;4;6;0;6;0
Fensterheber;1561;32255;1;0,003;0;0;0;3;2;0;4;3;2;2
Fensterheber;1561;20097;1;0,003;0;0;6;3;2;0;6;3;14;0
Fensterheber;1561;17482;2;0,0061;0;2;0;2;2;0;2;0;3;0
Fensterheber;1561;33250;1;0,003;2;4;4;4;4;0;4;2;4;2
Fensterheber;1561;15584;43;0,1311;2;4;6;8;6;2;4;6;8;2
Fensterheber;1561;18609;48;0,1463;2;6;6;6;6;0;4;6;4;4
Fensterheber;1561;22953;8;0,0244;2;2;2;4;2;1;5;2;2;2
Fensterheber;1561;58608;3;0,0091;0;2;0;0;2;0;0;2;2;0
Fensterheber;1561;125336;1;0,003;0;0;4;0;0;0;0;0;2;2
Fensterheber;1561;23165;14;0,0427;2;6;4;2;2;2;4;4;4;2
Fensterheber;1561;128816;1;0,003;0;2;4;8;0;0;0;4;4;2
Fensterheber;1561;17156;1;0,003;4;4;4;4;4;4;4;7;4;4
Fensterheber;1561;32589;1;0,003;2;0;2;0;2;0;2;0;4;2
Fensterheber;1561;27528;5;0,0152;0;4;4;12;6;0;4;2;6;2
Fensterheber;1561;112390;5;0,0152;2;6;4;3;6;0;6;2;4;0
Fensterheber;1561;28583;5;0,0152;0;12;2;8;4;0;12;4;6;2
Fensterheber;1561;10292;2;0,0061;2;2;4;4;2;0;2;2;4;2
Fensterheber;1561;119849;16;0,0488;0;8;4;4;4;0;8;4;4;0
Fensterheber;1561;33320;2;0,0061;2;4;4;6;2;0;2;2;10;4
Fensterheber;1561;1078;1;0,003;0;2;0;4;4;0;4;4;4;0
Fensterheber;1561;7881;2;0,0061;0;2;0;3;0;0;0;2;0;0
Fensterheber;1561;19238;2;0,0061;0;0;2;2;2;0;4;2;4;0
Fensterheber;1561;470;9;0,0274;0;6;6;12;4;0;8;4;6;4
Fensterheber;1561;39229;12;0,0366;2;4;4;2;2;0;0;0;4;2
Fensterheber;1561;107795;11;0,0335;0;0;0;0;6;2;5;1;4;6
Fensterheber;1561;10266;1;0,003;0;2;0;2;2;0;2;2;2;0
Fensterheber;1561;34950;2;0,0061;0;4;4;5;2;0;4;4;2;2
Fensterheber;1561;19241;4;0,0122;0;4;4;1;2;0;0;2;2;0
Fensterheber;1561;23299;1;0,003;6;4;4;4;4;0;4;6;4;3
Fensterheber;1561;18626;1;0,003;0;0;2;2;0;0;0;0;2;4
Fensterheber;1561;8989;1;0,003;0;0;4;4;2;0;2;3;6;2
Fensterheber;1561;19914;1;0,003;6;6;2;6;2;4;4;10;2;2
Fensterheber;1561;135290;1;0,003;0;4;0;0;2;0;0;2;2;0
Fensterheber;1561;17449;7;0,0213;0;2;2;2;2;0;4;2;4;0
Fensterheber;1561;34165;1;0,003;4;16;6;4;4;4;8;10;16;2
Fensterheber;1561;26743;3;0,0091;2;2;4;8;2;2;4;6;4;4
Fensterheber;1561;19229;15;0,0457;2;6;6;8;6;2;4;6;8;2
Fensterheber;1561;31107;1;0,003;2;4;6;9;4;2;4;10;6;2
Fensterheber;1561;19862;1;0,003;0;2;4;2;4;0;2;4;2;2
Fensterheber;1561;5658;4;0,0122;0;5;2;4;2;0;2;4;4;2
Fensterheber;1561;17898;4;0,0122;4;4;4;4;4;2;3;5;4;4
Fensterheber;1561;18500;1;0,003;2;2;8;4;4;0;2;4;4;2
Fensterheber;1561;17854;2;0,0061;0;10;0;5;4;0;4;4;4;0
Fensterheber;1561;19039;4;0,0122;0;10;10;10;8;0;4;8;10;2
Fensterheber;1561;117064;25;0,0762;0;2;0;0;0;0;2;0;0;2
Fensterheber;1561;22514;3;0,0091;4;10;4;8;6;0;7;5;4;2
Fensterheber;1561;18694;11;0,0335;0;6;0;6;7;0;10;12;8;0
Fensterheber;1561;59020;1;0,003;0;9;4;4;4;0;7;4;6;2
Fensterheber;1561;20034;1;0,003;0;2;2;2;2;0;4;2;4;0
Fensterheber;1561;106265;1;0,003;0;4;2;2;2;0;2;2;2;0
Fensterheber;1561;28261;1;0,003;0;0;4;6;4;0;3;6;6;2
Fensterheber;1561;109842;3;0,0091;2;2;4;8;2;2;4;6;4;4
Fensterheber;1561;115186;1;0,003;2;4;4;2;2;0;0;0;4;2
Fensterheber;1561;22650;1;0,003;0;6;2;12;10;0;3;6;4;2
Fensterheber;1561;32835;1;0,003;0;8;0;2;0;0;2;0;0;2
Fensterheber;1561;25909;37;0,1128;0;0;9;0;8;2;6;12;14;2
Fensterheber;1561;5946;5;0,0152;0;0;4;2;0;0;4;0;0;0
Fensterheber;1561;14828;4;0,0122;0;2;2;2;2;0;2;4;2;2
Fensterheber;1561;137217;1;0,003;0;0;0;3;2;0;6;0;2;0
Fensterheber;1561;348;2;0,0061;0;0;8;6;2;0;6;5;2;0
Fensterheber;1561;19867;3;0,0091;0;6;4;4;4;0;2;2;4;2
Fensterheber;1561;11962;7;0,0213;0;2;4;2;2;0;2;2;6;0
Fensterheber;1561;113671;4;0,0122;0;0;6;2;4;2;8;4;4;2
Fensterheber;1561;106513;1;0,003;0;2;0;0;0;0;0;0;2;0
Fensterheber;1561;112236;2;0,0061;0;0;0;0;0;0;0;0;0;0
Fensterheber;1561;18001;1;0,003;0;3;6;6;6;2;8;7;16;2
Fensterheber;1561;27562;1;0,003;0;0;4;6;4;4;4;6;4;4
Fensterheber;1561;5802;1;0,003;0;2;2;4;2;0;2;2;2;0
Fensterheber;1561;17893;3;0,0091;4;4;4;4;4;2;3;5;4;4
Fensterheber;1561;32267;5;0,0152;0;0;0;3;2;0;2;3;2;2
Fensterheber;1561;31341;1;0,003;0;2;2;2;2;0;0;0;2;2
Fensterheber;1561;11195;2;0,0061;0;0;0;1;0;0;0;0;2;0
Fensterheber;1561;24529;1;0,003;0;0;4;5;6;0;6;7;4;0
Fensterheber;1561;31131;1;0,003;0;0;2;6;4;0;6;4;4;4
Fensterheber;1561;12180;19;0,0579;4;4;4;4;4;0;4;4;4;2
Fensterheber;1561;146071;1;0,003;0;0;0;0;0;0;0;0;0;0
Fensterheber;1561;33683;3;0,0091;0;4;2;4;2;0;4;3;4;2
Fensterheber;1561;120719;1;0,003;0;6;0;0;5;0;0;2;8;0
Fensterheber;1561;18940;1;0,003;4;4;4;4;4;2;3;4;4;4
Fensterheber;1561;115182;13;0,0396;2;4;4;2;2;0;0;0;4;2
Fensterheber;1561;21146;1;0,003;0;5;0;0;4;0;0;0;0;0
Fensterheber;1561;19474;2;0,0061;2;0;4;0;4;0;3;2;4;4
Fensterheber;1561;28140;4;0,0122;4;4;4;4;4;2;4;8;4;0
Fensterheber;1561;126082;2;0,0061;0;0;4;0;4;0;0;4;4;4
Fensterheber;1561;5134;1;0,003;0;2;2;3;4;0;2;2;2;0
Fensterheber;1561;57440;1;0,003;0;4;0;2;2;0;4;2;2;0
Fensterheber;1561;33680;1;0,003;2;6;4;2;2;2;4;2;4;2
Fensterheber;1561;108657;21;0,064;0;4;4;4;0;0;0;4;4;4
Fensterheber;1561;58168;22;0,0671;2;4;8;4;4;4;7;5;4;2
Fensterheber;1561;17577;9;0,0274;6;6;2;6;2;4;4;10;2;2
Fensterheber;1561;33620;2;0,0061;2;6;6;6;6;2;6;7;6;0
Fensterheber;1561;17578;17;0,0518;6;6;2;6;2;4;4;10;2;2
Fensterheber;1561;18103;1;0,003;0;0;6;3;2;0;6;2;14;0
Fensterheber;1561;10876;33;0,1006;2;4;4;4;2;4;4;6;4;4
Fensterheber;1561;15458;51;0,1555;10;4;12;8;8;4;12;22;8;8
Fensterheber;1561;15431;8;0,0244;2;2;6;4;4;0;4;4;10;2
Fensterheber;1561;7043;10;0,0305;0;2;2;2;2;0;2;2;2;2
Fensterheber;1561;14018;1;0,003;0;2;2;4;4;0;4;1;6;1
Fensterheber;1561;20303;1;0,003;0;0;0;0;2;0;2;5;0;0
Fensterheber;1561;14833;1;0,003;0;2;2;2;2;0;2;4;2;2
Fensterheber;1561;33676;1;0,003;4;4;4;6;4;2;6;4;0;4
Fensterheber;1561;28200;1;0,003;2;8;4;10;4;0;4;6;4;0
Fensterheber;1561;317;2;0,0061;0;0;2;2;2;0;4;4;4;2
Fensterheber;1561;33792;1;0,003;2;6;6;9;9;2;6;7;10;0
Fensterheber;1561;34293;1;0,003;0;0;6;8;5;2;4;6;16;0
Fensterheber;1561;32630;6;0,0183;0;0;4;4;2;0;4;2;4;4
Fensterheber;1561;58700;1;0,003;0;3;0;0;0;0;0;0;0;0
Fensterheber;1561;56018;6;0,0183;0;0;0;0;0;0;0;0;0;0
Fensterheber;1561;5186;1;0,003;0;0;4;2;2;0;2;2;2;0
Fensterheber;1561;50842;1;0,003;0;4;2;4;4;0;2;6;4;0
Fensterheber;1561;1716;1;0,003;2;4;6;4;6;0;3;2;4;3
Fensterheber;1561;10960;2;0,0061;2;2;4;4;2;2;4;4;2;3
Fensterheber;1561;8428;1;0,003;2;6;4;2;0;4;4;0;0;0
Fensterheber;1561;90000000;2;0,0061;0;0;0;0;0;0;0;0;0;0
Fensterheber;1561;5187;1;0,003;0;0;4;2;2;0;2;2;2;0
Fensterheber;1561;19016;4;0,0122;2;4;4;4;4;0;4;4;4;2
Fensterheber;1561;32621;9;0,0274;2;0;2;0;2;0;2;0;4;2
Fensterheber;1561;59145;2;0,0061;0;2;0;0;0;0;2;2;0;2
Fensterheber;1561;141304;1;0,003;0;0;0;2;0;0;2;0;4;0
Fensterheber;1561;4756;1;0,003;0;2;2;6;6;0;2;4;6;0
Fensterheber;1561;13932;1;0,003;0;8;6;4;4;0;8;0;10;2
Fensterheber;1561;6441;1;0,003;0;2;2;2;0;0;2;2;2;2
Fensterheber;1561;121779;3;0,0091;0;4;4;0;2;0;0;2;2;2
Fensterheber;1561;133177;1;0,003;0;2;4;2;0;0;0;2;4;2
Fensterheber;1561;29972;1;0,003;0;0;4;2;2;0;2;0;2;0
Fensterheber;1561;19829;3;0,0091;4;4;4;4;4;2;4;4;4;4
Fensterheber;1561;20057;3;0,0091;2;6;10;6;16;4;8;4;6;6
Fensterheber;1561;5577;2;0,0061;0;0;0;2;2;0;0;0;2;0
Fensterheber;1561;28232;20;0,061;0;2;2;2;2;0;0;0;2;2
Fensterheber;1561;15704;48;0,1463;0;4;2;6;4;0;10;4;4;0
Fensterheber;1561;28281;2;0,0061;0;2;2;0;0;0;2;2;2;2
Fensterheber;1561;14630;1;0,003;0;2;0;2;2;0;2;4;2;0
Fensterheber;1561;18411;15;0,0457;2;0;4;4;4;4;4;8;0;0
Fensterheber;1561;140386;4;0,0122;0;6;2;0;2;0;5;0;2;0
Fensterheber;1561;5105;1;0,003;0;4;2;0;4;0;2;4;0;0
Fensterheber;1561;23170;3;0,0091;2;6;4;2;2;2;4;4;4;2
Fensterheber;1561;15487;2;0,0061;2;8;6;8;8;2;7;10;4;4
Fensterheber;1561;437;1;0,003;2;6;8;6;6;0;4;7;4;3
Fensterheber;1561;138535;1;0,003;0;2;0;0;2;0;0;0;8;0
Fensterheber;1561;18261;23;0,0701;0;10;6;8;8;2;8;8;8;2
Fensterheber;1561;136533;1;0,003;0;4;2;0;0;0;0;3;4;2
Fensterheber;1561;22662;2;0,0061;4;4;4;4;4;0;4;6;4;2
Fensterheber;1561;22509;2;0,0061;4;10;4;8;6;0;7;6;4;2
Fensterheber;1561;19974;1;0,003;2;4;6;9;4;0;6;6;8;0
Fensterheber;1561;14838;1;0,003;0;2;2;2;2;0;2;4;2;2
Fensterheber;1561;4112;8;0,0244;0;2;2;4;2;0;2;2;2;0
Fensterheber;1561;26491;9;0,0274;0;0;9;0;8;2;6;12;14;2
Fensterheber;1561;19954;5;0,0152;4;4;6;4;4;4;6;10;4;4
Fensterheber;1561;33781;1;0,003;2;6;4;4;6;0;6;5;4;0
Fensterheber;1561;1838;1;0,003;0;4;0;8;6;0;7;8;8;0
Fensterheber;1561;9099;1;0,003;0;0;8;4;4;0;0;4;4;3
Fensterheber;1561;3928;1;0,003;2;2;6;4;6;0;3;2;4;3
Fensterheber;1561;52426;1;0,003;2;2;8;1;2;2;4;6;6;0
Fensterheber;1561;800120;1;0,003;0;0;4;0;0;0;6;0;6;0
Fensterheber;1561;24242;5;0,0152;0;0;4;6;4;2;6;2;4;4
Fensterheber;1561;55107;1;0,003;0;0;4;8;4;0;8;4;4;0
Fensterheber;1561;31533;4;0,0122;0;0;4;6;2;0;4;8;4;2
Fensterheber;1561;26496;1;0,003;0;0;9;0;8;2;6;12;14;2
Fensterheber;1561;33748;1;0,003;0;0;0;2;2;0;0;0;2;0
Fensterheber;1561;31061;1;0,003;0;0;6;8;4;2;4;2;4;2
Fensterheber;1561;19720;1;0,003;0;0;4;0;0;0;0;0;0;0
Fensterheber;1561;34992;3;0,0091;2;4;4;6;4;2;4;6;5;1
Fensterheber;1561;10104;6;0,0183;2;2;2;2;2;0;2;0;2;2
Fensterheber;1561;9502;2;0,0061;0;0;0;0;0;0;0;0;0;0
Fensterheber;1561;58284;3;0,0091;0;0;2;0;2;0;0;2;2;2
Fensterheber;1561;23177;8;0,0244;2;4;2;6;4;0;4;4;4;2
Fensterheber;1561;31211;1;0,003;0;2;0;2;2;0;0;2;2;0
Fensterheber;1561;16088;1;0,003;4;10;8;4;6;4;8;8;6;4
Fensterheber;1561;31142;21;0,064;0;2;2;2;2;0;2;2;2;0
Fensterheber;1561;20543;1;0,003;0;2;0;0;2;0;2;0;2;0
Fensterheber;1561;1856;8;0,0244;2;0;9;2;10;2;6;8;14;2
Fensterheber;1561;15450;1;0,003;0;2;4;0;4;0;4;16;2;1
Fensterheber;1561;56783;8;0,0244;0;2;0;0;0;0;2;0;0;2
Fensterheber;1561;57551;1;0,003;2;4;4;6;4;2;4;6;5;1
Fensterheber;1561;6326;3;0,0091;0;0;4;5;2;2;2;0;10;4
Fensterheber;1561;10017;2;0,0061;0;0;0;2;0;0;2;2;2;0
Fensterheber;1561;123227;1;0,003;0;2;4;0;2;0;0;2;2;1
Fensterheber;1561;4278;1;0,003;0;2;0;5;2;0;0;2;2;0
Fensterheber;1561;5193;2;0,0061;0;4;2;4;7;0;4;4;4;4
Fensterheber;1561;19927;14;0,0427;2;6;4;4;4;0;4;6;4;2
Fensterheber;1561;16182;8;0,0244;0;10;6;11;8;0;8;4;12;2
Fensterheber;1561;115506;1;0,003;0;6;2;2;2;0;2;2;2;0
Fensterheber;1561;18581;1;0,003;2;12;10;10;10;0;10;7;16;2
Fensterheber;1561;16513;3;0,0091;0;6;6;8;4;0;6;6;8;2
Fensterheber;1561;124201;3;0,0091;0;2;0;0;0;0;0;0;0;0
Fensterheber;1561;106374;4;0,0122;0;0;4;0;4;0;0;4;4;4
Fensterheber;1561;23266;2;0,0061;4;14;6;6;4;2;8;9;14;2
Fensterheber;1561;123334;1;0,003;0;0;4;0;0;0;0;0;2;2
Fensterheber;1561;6014;2;0,0061;2;2;4;4;4;0;4;8;4;2
Fensterheber;1561;18952;1;0,003;1;0;6;4;4;0;4;4;4;2
Fensterheber;1561;117093;1;0,003;0;2;4;8;0;0;0;4;4;2
Fensterheber;1561;126007;1;0,003;4;4;4;4;2;3;6;6;4;4
Fensterheber;1561;1310;1;0,003;0;0;2;2;2;0;0;4;2;0
Fensterheber;1561;16211;2;0,0061;0;2;4;6;2;0;4;7;4;0
Fensterheber;1561;114868;1;0,003;0;0;0;0;0;0;0;0;0;0
Fensterheber;1561;5607;1;0,003;0;0;0;0;0;0;0;0;0;0
Fensterheber;1561;15672;1;0,003;0;4;0;0;2;0;2;2;0;0
Fensterheber;1561;5280;3;0,0091;4;10;10;12;6;0;4;8;4;1
Fensterheber;1561;131485;1;0,003;0;4;0;0;0;0;0;2;2;2
Fensterheber;1561;30739;2;0,0061;0;0;4;6;4;4;4;6;4;4
Fensterheber;1561;107447;1;0,003;0;8;4;2;0;0;0;2;0;0
Fensterheber;1561;28280;7;0,0213;0;2;2;0;2;0;2;2;2;2
Fensterheber;1561;109516;1;0,003;0;0;2;0;2;0;0;2;2;2
Fensterheber;1561;100498;2;0,0061;0;4;4;0;4;0;4;2;4;2
Fensterheber;1561;128469;1;0,003;2;4;4;2;2;0;0;0;4;2
Fensterheber;1561;10054;28;0,0854;0;2;2;8;2;0;6;6;0;2
Fensterheber;1561;118555;1;0,003;4;4;4;2;4;0;4;6;4;2
Fensterheber;1561;953;1;0,003;0;0;0;0;2;3;0;0;0;0
Fensterheber;1561;4543;2;0,0061;0;0;1;5;4;0;5;4;2;0
Fensterheber;1561;31317;7;0,0213;6;6;2;6;2;4;4;8;2;2
Fensterheber;1561;131656;1;0,003;0;4;0;0;0;0;0;0;4;0
Fensterheber;1561;10959;1;0,003;0;0;0;2;0;0;0;0;0;0
Fensterheber;1561;22954;1;0,003;2;2;2;4;2;0;5;0;2;2
Fensterheber;1561;18680;12;0,0366;2;12;10;11;9;0;10;1;15;2
Fensterheber;1561;5230;3;0,0091;2;12;4;8;9;0;12;4;8;0
Fensterheber;1561;17371;19;0,0579;0;0;4;3;2;2;6;4;2;2
Fensterheber;1561;28154;11;0,0335;2;0;8;8;5;0;6;8;4;4
Fensterheber;1561;127689;3;0,0091;0;8;0;0;0;0;0;4;4;0
Fensterheber;1561;56230;3;0,0091;0;1;6;2;0;0;10;0;16;0
Fensterheber;1561;6377;2;0,0061;0;4;4;4;2;0;6;2;2;2
Fensterheber;1561;19352;1;0,003;0;12;6;16;7;0;8;8;12;2
Fensterheber;1561;55968;1;0,003;1;1;0;0;1;0;7;3;6;0
Fensterheber;1561;22503;6;0,0183;0;0;4;6;4;2;6;2;4;4
Fensterheber;1561;33051;5;0,0152;0;2;4;2;4;0;2;4;2;2
Fensterheber;1561;17142;12;0,0366;2;4;2;0;0;0;4;4;0;0
Fensterheber;1561;135291;2;0,0061;0;2;4;0;0;0;0;4;8;0
Fensterheber;1561;23182;1;0,003;0;6;6;4;4;4;4;6;6;4
Fensterheber;1561;1046;2;0,0061;0;13;6;13;4;0;10;4;10;2
Fensterheber;1561;31207;1;0,003;0;16;12;19;12;0;16;9;18;6
Fensterheber;1561;117580;1;0,003;0;0;0;0;0;0;0;0;2;0
Fensterheber;1561;113349;2;0,0061;0;0;2;0;2;0;0;2;2;2
Fensterheber;1561;58799;5;0,0152;0;2;4;0;0;0;0;0;0;4
Fensterheber;1561;12585;3;0,0091;4;6;4;9;4;4;5;9;4;4
Fensterheber;1561;8334;1;0,003;0;4;2;1;2;0;2;3;0;0
Fensterheber;1561;17402;77;0,2347;0;7;2;3;2;2;4;4;4;2
Fensterheber;1561;28130;10;0,0305;0;0;2;6;2;0;2;6;6;2
Fensterheber;1561;134289;1;0,003;0;0;2;0;0;0;0;0;2;0
Fensterheber;1561;7893;1;0,003;4;6;6;4;2;2;6;2;2;4
Fensterheber;1561;3813;1;0,003;0;4;2;0;4;0;2;4;0;0
Fensterheber;1561;120081;3;0,0091;0;0;0;0;4;0;4;2;4;2
Fensterheber;1561;133409;1;0,003;6;0;12;1;0;4;12;0;8;0
Fensterheber;1561;123190;1;0,003;0;0;6;0;4;4;6;0;4;0
Fensterheber;1561;1861;1;0,003;6;4;6;4;2;4;4;4;2;3
Fensterheber;1561;2477;3;0,0091;2;2;8;5;2;2;4;6;6;4
Fensterheber;1561;34948;3;0,0091;0;4;4;5;2;0;4;4;2;2
Fensterheber;1561;5962;3;0,0091;4;4;6;4;2;2;4;4;2;3
Fensterheber;1561;17322;3;0,0091;0;2;2;2;2;0;4;0;2;0
Fensterheber;1561;23292;4;0,0122;2;4;4;6;2;0;2;2;10;4
Fensterheber;1561;57351;3;0,0091;0;0;0;5;2;0;6;2;2;0
Fensterheber;1561;132520;1;0,003;0;0;0;0;0;0;0;0;0;0
Fensterheber;1561;9519;18;0,0549;5;6;8;4;6;4;8;8;6;4
Fensterheber;1561;7933;13;0,0396;6;10;6;8;6;2;7;10;4;4
Fensterheber;1561;22940;2;0,0061;4;4;2;4;2;0;4;11;4;2
Fensterheber;1561;19702;1;0,003;0;4;0;8;4;0;8;0;4;0
Fensterheber;1561;19257;1;0,003;0;0;2;4;2;0;6;12;8;3
Fensterheber;1561;106375;3;0,0091;0;0;4;0;4;0;0;4;4;4
Fensterheber;1561;18777;5;0,0152;0;7;2;3;2;2;4;4;4;2
Fensterheber;1561;14907;4;0,0122;0;8;6;8;8;0;4;8;8;0
Fensterheber;1561;31532;15;0,0457;0;0;4;6;2;0;4;8;4;2
Fensterheber;1561;17394;11;0,0335;2;8;6;8;6;2;4;4;8;2
Fensterheber;1561;801391;2;0,0061;0;0;6;0;2;0;0;0;9;0
Fensterheber;1561;146011;2;0,0061;0;0;0;0;0;0;0;0;0;0
Fensterheber;1561;507;4;0,0122;0;0;8;0;0;0;0;0;4;3
Fensterheber;1561;22500;15;0,0457;0;0;4;6;4;2;6;2;4;4
Fensterheber;1561;13372;1;0,003;0;0;0;0;0;0;0;0;0;0
Fensterheber;1561;30688;1;0,003;0;0;0;0;0;0;0;0;0;0
Fensterheber;1561;121745;1;0,003;0;0;2;0;0;0;0;0;4;0
Fensterheber;1561;3980;4;0,0122;0;0;6;0;4;4;6;8;4;4
Fensterheber;1561;10528;7;0,0213;0;2;4;0;4;0;4;7;4;2
Fensterheber;1561;1475;1;0,003;0;0;0;2;0;0;0;0;0;0
Fensterheber;1561;34907;2;0,0061;0;4;4;2;2;0;0;4;2;0
Fensterheber;1561;19843;1;0,003;2;0;4;4;4;4;4;8;0;0
Fensterheber;1561;16661;6;0,0183;2;8;6;2;4;0;4;8;8;2
Fensterheber;1561;8019;5;0,0152;0;2;4;4;4;0;3;4;6;2
Fensterheber;1561;22511;5;0,0152;4;10;4;8;6;0;7;6;4;2
Fensterheber;1561;19888;5;0,0152;0;13;6;13;9;0;12;4;16;3
Fensterheber;1561;17161;1;0,003;2;4;2;6;4;2;4;4;4;2
Fensterheber;1561;16229;11;0,0335;2;12;10;10;10;0;10;7;16;2
Fensterheber;1561;8712;2;0,0061;0;0;0;2;2;0;0;0;2;0
Fensterheber;1561;108683;1;0,003;0;3;0;0;5;0;4;4;0;0
Fensterheber;1561;17248;1;0,003;0;0;4;7;4;0;10;8;10;2
Fensterheber;1561;19050;8;0,0244;2;24;12;19;12;0;16;10;18;6
Fensterheber;1561;22551;17;0,0518;1;1;2;4;2;2;2;2;2;2
Fensterheber;1561;33716;2;0,0061;0;4;4;10;4;0;8;4;8;0
Fensterheber;1561;7067;26;0,0793;0;4;2;9;2;0;4;2;6;0
Fensterheber;1561;1,06000089E+11;1;0,003;0;0;0;0;0;0;0;0;0;0
Fensterheber;1561;133226;1;0,003;0;6;4;0;0;2;2;0;4;0
Fensterheber;1561;4144;4;0,0122;0;0;0;2;0;0;2;0;2;0
Fensterheber;1561;5671;1;0,003;2;2;6;2;4;4;8;4;4;4
Fensterheber;1561;1823;1;0,003;0;2;0;8;1;0;4;9;4;0
Fensterheber;1561;139280;1;0,003;0;0;0;0;4;0;6;0;4;0
Fensterheber;1561;18932;1;0,003;2;4;2;6;4;2;4;4;4;2
Fensterheber;1561;102293;1;0,003;0;0;0;0;0;0;0;0;0;0
Fensterheber;1561;16998;3;0,0091;0;2;0;6;0;0;2;0;4;0
Fensterheber;1561;17350;2;0,0061;0;0;2;3;2;0;4;22;2;0
Fensterheber;1561;17823;1;0,003;1;0;8;6;4;0;2;3;4;0
Fensterheber;1561;8444;1;0,003;2;2;6;8;6;2;7;10;4;4
Fensterheber;1561;32266;1;0,003;0;0;0;3;2;0;4;3;2;2
Fensterheber;1561;18783;4;0,0122;2;6;2;4;4;0;7;8;6;0
Fensterheber;1561;125291;1;0,003;0;0;2;2;4;0;4;0;4;2
Fensterheber;1561;129905;1;0,003;0;2;0;0;0;0;0;0;4;0
Fensterheber;1561;15959;1;0,003;0;2;6;11;2;0;6;8;8;0
Fensterheber;1561;137746;1;0,003;0;0;0;0;0;0;0;0;4;4
Fensterheber;1561;19591;1;0,003;0;2;4;2;2;0;2;1;6;0
Fensterheber;1561;33327;2;0,0061;0;0;2;6;2;0;2;6;6;2
Fensterheber;1561;16110;1;0,003;0;2;2;2;2;0;4;0;2;0
Fensterheber;1561;32159;4;0,0122;0;2;2;2;2;0;0;0;2;2
Fensterheber;1561;90000008;5;0,0152;0;0;0;0;0;0;0;0;0;0
Fensterheber;1561;17104;59;0,1799;0;2;4;2;2;0;2;2;2;0
Fensterheber;1561;18258;6;0,0183;0;8;0;14;8;0;9;4;8;0
Fensterheber;1561;18491;1;0,003;4;4;8;6;2;0;4;6;8;1
Fensterheber;1561;10142;1;0,003;0;4;8;4;2;0;2;2;12;2
Fensterheber;1561;23071;1;0,003;2;14;10;8;8;0;8;9;12;1
Fensterheber;1561;508;1;0,003;0;0;8;0;0;0;0;0;4;3
Fensterheber;1561;18541;1;0,003;0;2;4;2;0;0;2;0;0;0
Fensterheber;1561;34858;2;0,0061;0;0;4;6;4;2;6;2;4;2
Fensterheber;1561;14689;2;0,0061;0;0;2;0;2;0;2;3;0;0
Fensterheber;1561;16826;4;0,0122;0;8;0;14;8;0;9;8;8;0
Fensterheber;1561;113453;5;0,0152;0;2;4;0;0;0;0;0;0;4
Fensterheber;1561;108300;1;0,003;0;2;2;6;2;0;2;2;4;0
Fensterheber;1561;108661;37;0,1128;0;3;4;4;0;0;0;4;4;4
Fensterheber;1561;33016;2;0,0061;0;4;0;4;2;0;0;2;4;0
Fensterheber;1561;1650;1;0,003;0;2;8;4;4;0;2;2;6;6
Fensterheber;1561;141043;1;0,003;0;0;0;0;0;0;0;0;0;0
Fensterheber;1561;24440;5;0,0152;0;0;2;0;2;0;3;0;2;2
Fensterheber;1561;33363;3;0,0091;1;0;0;6;0;0;4;2;0;0
Fensterheber;1561;101092;1;0,003;0;3;0;0;0;0;0;2;2;2
Fensterheber;1561;113286;1;0,003;2;2;4;4;2;0;2;2;4;2
Fensterheber;1561;8446;2;0,0061;0;0;0;0;0;0;0;2;4;0
Fensterheber;1561;17105;4;0,0122;0;2;4;2;2;0;2;2;2;0
Fensterheber;1561;15764;1;0,003;2;4;4;4;4;0;6;10;4;2
Fensterheber;1561;59245;1;0,003;0;4;0;8;4;0;4;0;4;0
Fensterheber;1561;32258;1;0,003;0;0;0;3;2;0;2;3;2;2
Fensterheber;1561;3343482;1;0,003;0;0;0;0;0;0;0;0;0;0
Fensterheber;1561;7909;69;0,2103;5;4;8;4;6;4;8;8;6;4
Fensterheber;1561;119847;18;0,0549;0;8;4;4;4;0;8;4;4;0
Fensterheber;1561;27975;1;0,003;4;8;2;4;6;0;6;4;4;5
Fensterheber;1561;17945;3;0,0091;0;6;4;4;3;0;6;4;4;0
Fensterheber;1561;17928;7;0,0213;2;2;2;4;2;1;5;2;2;2
Fensterheber;1561;7868;5;0,0152;3;4;8;2;4;0;6;5;8;0
Fensterheber;1561;33061;6;0,0183;0;4;4;4;4;0;4;6;4;2
Fensterheber;1561;19488;1;0,003;0;0;2;0;0;0;4;4;0;0
Fensterheber;1561;18312;27;0,0823;2;12;10;11;9;0;10;2;15;2
Fensterheber;1561;514;1;0,003;0;0;8;0;0;0;0;0;4;3
Fensterheber;1561;56438;3;0,0091;0;4;6;6;4;2;8;4;4;0
Fensterheber;1561;6626;1;0,003;0;2;2;0;0;0;2;2;2;2
Fensterheber;1561;145028;1;0,003;0;4;0;0;0;0;0;0;0;0
Fensterheber;1561;27540;6;0,0183;2;4;6;9;4;2;4;10;6;4
Fensterheber;1561;19093;1;0,003;0;8;6;10;4;0;4;4;2;0
Fensterheber;1561;14174;1;0,003;0;14;8;4;12;0;8;13;12;6
Fensterheber;1561;4084;2;0,0061;0;0;0;4;4;0;0;4;4;0
Fensterheber;1561;101117;1;0,003;0;0;2;0;0;0;0;2;2;0
Fensterheber;1561;16644;1;0,003;0;2;4;6;4;0;4;6;4;4
Fensterheber;1561;25444;3;0,0091;0;0;2;0;2;0;3;0;2;2
Fensterheber;1561;6496;2;0,0061;0;0;2;2;0;0;2;2;2;2
Fensterheber;1561;137598;1;0,003;0;4;0;0;0;0;0;2;0;2
Fensterheber;1561;32612;1;0,003;2;0;2;0;2;0;2;0;4;2
Fensterheber;1561;114894;1;0,003;0;0;0;0;0;0;0;0;0;0
Fensterheber;1561;58899;1;0,003;0;0;4;0;4;0;0;2;4;2
Fensterheber;1561;17200;15;0,0457;0;0;4;4;2;0;0;4;4;2
Fensterheber;1561;126922;3;0,0091;0;2;0;0;0;0;0;2;4;0
Fensterheber;1561;19008;4;0,0122;2;12;3;11;10;0;12;8;9;0
Fensterheber;1561;24519;7;0,0213;2;6;4;6;5;0;6;5;4;0
Fensterheber;1561;19100;2;0,0061;0;0;4;0;4;0;4;2;4;2
Fensterheber;1561;4615;4;0,0122;4;10;8;8;8;0;8;8;8;2
Fensterheber;1561;18924;41;0,125;2;4;4;4;2;0;4;2;4;4
Fensterheber;1561;34793;2;0,0061;2;0;2;0;2;0;2;0;4;2
Fensterheber;1561;18391;21;0,064;2;4;4;4;2;0;4;2;4;4
Fensterheber;1561;17733;3;0,0091;2;10;10;10;9;0;10;18;9;4
Fensterheber;1561;4875;1;0,003;0;2;4;8;6;0;8;3;8;0
Fensterheber;1561;34283;1;0,003;0;0;6;8;5;2;4;6;16;0
Fensterheber;1561;57526;1;0,003;2;3;4;2;2;0;0;0;4;2
Fensterheber;1561;451;1;0,003;2;6;8;6;6;0;4;7;4;3
Fensterheber;1561;109457;1;0,003;0;2;0;0;0;0;2;0;0;2
Fensterheber;1561;33092;1;0,003;0;0;0;0;0;0;0;4;0;0
Fensterheber;1561;29483;2;0,0061;0;2;0;0;0;0;0;0;2;0
Fensterheber;1561;112230;1;0,003;0;0;0;0;0;0;0;0;0;0
Fensterheber;1561;22681;2;0,0061;0;14;6;16;7;0;8;8;12;2
Fensterheber;1561;1495;7;0,0213;2;2;4;4;5;0;4;4;4;2
Fensterheber;1561;31566;1;0,003;0;4;0;2;2;0;0;2;2;0
Fensterheber;1561;131317;2;0,0061;0;4;2;3;4;0;2;2;12;0
Fensterheber;1561;9646;54;0,1646;6;14;10;15;16;0;12;22;8;4
Fensterheber;1561;113863;6;0,0183;2;4;4;0;4;0;3;4;6;2
Fensterheber;1561;108806;4;0,0122;0;2;2;4;2;0;0;2;4;0
Fensterheber;1561;5223;1;0,003;0;2;0;6;4;0;4;4;2;0
Fensterheber;1561;303;1;0,003;2;6;2;2;2;0;4;0;2;0
Fensterheber;1561;52464;3;0,0091;0;13;8;16;4;0;12;7;12;0
Fensterheber;1561;55802;1;0,003;0;0;2;3;6;0;2;6;4;0
Fensterheber;1561;19551;5;0,0152;0;6;4;12;6;0;6;6;6;2
Fensterheber;1561;19942;5;0,0152;0;2;4;8;6;0;8;4;8;0
Fensterheber;1561;31059;2;0,0061;0;10;6;12;8;2;8;7;8;2
Fensterheber;1561;15428;3;0,0091;3;9;6;5;5;0;7;16;6;0
Fensterheber;1561;28135;1;0,003;0;8;0;8;4;0;8;10;4;0
Fensterheber;1561;129453;1;0,003;0;4;2;6;2;0;0;4;0;2
Fensterheber;1561;19602;1;0,003;0;2;4;2;2;0;2;2;2;0
Fensterheber;1561;15656;2;0,0061;0;0;2;2;2;0;2;0;2;0
Fensterheber;1561;8991;1;0,003;0;0;0;2;2;0;2;2;2;0
Fensterheber;1561;101154;1;0,003;6;2;6;0;6;6;6;5;6;6
Fensterheber;1561;100515;3;0,0091;0;6;4;2;6;0;6;4;6;0
Fensterheber;1561;22491;1;0,003;0;0;0;0;0;0;0;0;4;0
Fensterheber;1561;16327;2;0,0061;0;2;4;2;4;0;4;12;2;2
Fensterheber;1561;17451;3;0,0091;0;2;2;2;2;0;4;2;4;0
Fensterheber;1561;133313;4;0,0122;0;2;0;0;0;0;0;1;2;2
Fensterheber;1561;8886;1;0,003;4;10;8;8;8;0;8;8;8;2
Fensterheber;1561;10055;16;0,0488;4;8;8;8;6;2;7;8;4;4
Fensterheber;1561;100584;4;0,0122;0;6;2;4;4;0;8;2;6;0
Fensterheber;1561;138353;1;0,003;0;0;6;0;6;2;6;0;6;0
Fensterheber;1561;15995;2;0,0061;0;4;4;6;6;0;3;2;4;2
Fensterheber;1561;139507;4;0,0122;0;0;2;0;4;0;4;0;4;0
Fensterheber;1561;109431;2;0,0061;0;2;0;0;0;0;2;0;0;2
Fensterheber;1561;17347;2;0,0061;0;4;2;4;4;0;4;4;4;2
Fensterheber;1561;29983;1;0,003;0;5;2;6;2;0;2;4;8;0
Fensterheber;1561;122890;1;0,003;0;2;0;0;0;0;0;0;2;0
Fensterheber;1561;17882;2;0,0061;0;0;0;0;0;0;0;0;0;0
Fensterheber;1561;23139;2;0,0061;2;2;4;2;2;0;2;0;4;0
Fensterheber;1561;25488;16;0,0488;2;2;2;4;2;1;5;2;2;2
Fensterheber;1561;25465;21;0,064;0;0;6;6;4;4;6;12;4;4
Fensterheber;1561;108178;5;0,0152;0;2;4;2;2;0;0;2;2;2
Fensterheber;1561;15151;1;0,003;0;2;2;2;2;0;4;0;2;0
Fensterheber;1561;17640;5;0,0152;2;6;6;6;6;0;6;8;6;1
Fensterheber;1561;15925;3;0,0091;0;2;2;3;2;0;4;22;2;2
Fensterheber;1561;117721;1;0,003;0;2;4;4;0;0;0;4;4;0
Fensterheber;1561;116073;17;0,0518;0;2;0;3;6;0;4;2;6;0
Fensterheber;1561;18906;1;0,003;0;4;6;10;4;0;10;10;15;0
Fensterheber;1561;29944;1;0,003;0;0;2;0;2;0;3;0;2;2
Fensterheber;1561;106644;2;0,0061;0;2;4;4;2;0;4;2;4;4
Fensterheber;1561;9031;5;0,0152;0;6;4;4;2;0;6;6;4;0
Fensterheber;1561;18036;7;0,0213;0;2;0;4;8;0;2;0;0;0
Fensterheber;1561;3942;1;0,003;0;2;2;2;2;0;2;6;2;2
Fensterheber;1561;27545;1;0,003;2;4;8;6;4;2;4;10;6;6
Fensterheber;1561;59057;2;0,0061;0;2;4;4;2;0;2;0;4;2
Fensterheber;1561;17403;9;0,0274;0;6;2;3;2;2;4;4;4;2
Fensterheber;1561;114332;1;0,003;0;0;2;0;0;0;0;0;2;0
Fensterheber;1561;45000;1;0,003;0;2;0;0;8;0;4;0;8;0
Fensterheber;1561;108666;2;0,0061;0;3;4;4;0;0;0;4;4;4
Fensterheber;1561;115114;1;0,003;0;0;0;0;4;0;0;4;0;0
Fensterheber;1561;5686;1;0,003;0;0;2;3;4;0;2;0;2;0
Fensterheber;1561;33031;2;0,0061;2;0;2;0;2;0;2;0;4;2
Fensterheber;1561;55991;2;0,0061;0;2;0;0;0;0;0;0;0;4
Fensterheber;1561;101113;1;0,003;0;0;2;0;0;0;0;2;2;0
Fensterheber;1561;136073;1;0,003;0;4;0;2;6;0;0;0;6;0
Fensterheber;1561;115187;7;0,0213;2;4;4;2;2;0;0;0;4;2
Fensterheber;1561;27979;1;0,003;6;8;10;6;2;0;6;13;10;1
Fensterheber;1561;28153;1;0,003;0;6;0;4;2;0;6;0;4;0
Fensterheber;1561;140419;2;0,0061;0;4;0;0;0;0;0;4;4;0
Fensterheber;1561;19738;35;0,1067;2;4;8;4;5;0;6;6;4;4
Fensterheber;1561;31672;11;0,0335;2;2;2;4;2;1;5;2;2;2
Fensterheber;1561;7897;2;0,0061;4;8;14;8;10;0;6;8;14;2
Fensterheber;1561;18148;4;0,0122;4;4;4;4;2;0;0;4;4;2
Fensterheber;1561;105906;1;0,003;0;6;2;2;2;0;2;2;2;0
Fensterheber;1561;15451;4;0,0122;0;2;4;2;4;0;4;16;2;2
Fensterheber;1561;31600;1;0,003;0;0;4;6;4;0;3;6;6;2
Fensterheber;1561;17202;1;0,003;0;0;0;2;0;0;0;0;0;0
Fensterheber;1561;109467;2;0,0061;0;2;0;0;0;0;2;0;0;2
Fensterheber;1561;115520;1;0,003;0;6;2;2;2;0;2;2;2;0
Fensterheber;1561;19644;1;0,003;0;4;4;4;5;0;3;4;4;2
Fensterheber;1561;111115;1;0,003;0;2;4;0;0;0;0;0;0;4
Fensterheber;1561;18412;17;0,0518;2;0;4;4;4;4;4;8;0;0
Fensterheber;1561;11048;3;0,0091;2;6;4;4;6;0;6;5;4;0
Fensterheber;1561;11988;3;0,0091;0;0;2;4;2;2;2;2;2;2
Fensterheber;1561;147266;1;0,003;0;2;4;0;0;0;0;4;8;0
Fensterheber;1561;19330;18;0,0549;0;6;6;2;4;0;6;4;8;2
Fensterheber;1561;5750;5;0,0152;0;6;0;9;6;0;4;0;6;0
Fensterheber;1561;16650;2;0,0061;0;2;4;6;2;0;4;6;4;2
Fensterheber;1561;31519;6;0,0183;0;0;6;7;4;0;6;2;4;2
Fensterheber;1561;28279;3;0,0091;0;2;2;2;2;0;2;2;2;2
Fensterheber;1561;143050;1;0,003;0;0;0;0;0;2;4;0;6;0
Fensterheber;1561;24375;2;0,0061;0;0;0;3;2;0;2;4;2;2
Fensterheber;1561;10437;1;0,003;0;0;0;0;0;0;0;0;0;0
Fensterheber;1561;10981;1;0,003;0;2;0;4;2;0;4;2;4;0
Fensterheber;1561;121173;3;0,0091;0;12;4;0;0;0;0;4;4;0
Fensterheber;1561;133652;2;0,0061;0;0;0;2;0;0;2;0;2;0
Fensterheber;1561;118597;2;0,0061;0;2;0;2;0;0;0;0;4;2
Fensterheber;1561;100506;2;0,0061;0;13;4;9;6;0;4;10;6;2
Fensterheber;1561;16010;5;0,0152;6;6;4;4;4;0;4;8;4;2
Fensterheber;1561;15893;7;0,0213;0;4;4;8;6;0;3;2;4;2
Fensterheber;1561;17908;1;0,003;0;4;6;10;6;0;10;10;15;0
Fensterheber;1561;30377;1;0,003;4;4;4;4;4;2;3;4;4;4
Fensterheber;1561;112667;1;0,003;0;0;0;0;0;0;0;0;0;0
Fensterheber;1561;58800;4;0,0122;0;2;4;0;0;0;0;0;0;4
Fensterheber;1561;28249;3;0,0091;0;6;2;2;2;0;4;2;2;0
Fensterheber;1561;16340;3;0,0091;2;4;4;3;2;2;6;8;6;2
Fensterheber;1561;24513;9;0,0274;2;6;4;5;5;0;6;5;4;0
Fensterheber;1561;23429;1;0,003;0;0;2;0;2;0;2;0;2;2
Fensterheber;1561;16317;29;0,0884;0;2;3;4;6;0;4;6;4;0
Fensterheber;1561;33866;2;0,0061;0;10;0;10;6;0;10;4;6;2
Fensterheber;1561;15965;3;0,0091;0;4;4;2;4;0;3;4;4;2
Fensterheber;1561;34286;1;0,003;0;0;6;8;2;4;4;6;16;0
Fensterheber;1561;15091;1;0,003;0;4;4;2;2;0;2;4;4;0
Fensterheber;1561;9917;1;0,003;0;4;4;4;4;0;4;2;4;0
Fensterheber;1561;3216;1;0,003;0;0;0;0;4;0;1;0;2;0
Fensterheber;1561;32042;8;0,0244;0;0;0;0;4;0;0;0;4;0
Fensterheber;1561;9429;15;0,0457;0;0;2;2;3;0;0;2;2;0
Fensterheber;1561;19628;5;0,0152;0;0;4;3;2;2;4;3;2;2
Fensterheber;1561;121235;4;0,0122;0;0;0;0;4;0;4;2;4;2
Fensterheber;1561;119607;1;0,003;0;0;0;0;2;0;6;2;6;0
Fensterheber;1561;55091;1;0,003;0;0;0;7;0;0;0;0;3;0
Fensterheber;1561;10318;2;0,0061;0;8;0;5;4;0;4;4;4;0
Fensterheber;1561;14736;1;0,003;0;0;0;0;0;0;2;0;2;0
Fensterheber;1561;113867;2;0,0061;2;4;4;0;4;0;3;4;6;2
Fensterheber;1561;53686;3;0,0091;0;0;4;0;4;0;0;4;4;4
Fensterheber;1561;20117;1;0,003;2;0;4;4;2;0;2;4;4;0
Fensterheber;1561;17706;3;0,0091;0;10;0;4;2;0;0;2;2;0
Fensterheber;1561;106462;3;0,0091;0;0;2;4;2;2;2;2;2;2
Fensterheber;1561;18528;11;0,0335;0;6;2;8;2;0;4;2;2;0
Fensterheber;1561;15470;5;0,0152;0;2;2;4;2;0;2;2;2;0
Fensterheber;1561;17439;3;0,0091;0;4;2;4;4;0;10;8;4;0
Fensterheber;1561;11312;1;0,003;0;5;4;10;4;0;8;4;8;0
Fensterheber;1561;6345;2;0,0061;0;4;2;4;2;0;4;3;4;2
Fensterheber;1561;14287;12;0,0366;0;4;6;8;4;0;7;8;6;2
Fensterheber;1561;13874;9;0,0274;6;12;8;8;8;2;8;16;8;4
Fensterheber;1561;10003;6;0,0183;6;6;10;8;8;2;10;16;6;6
Fensterheber;1561;137032;2;0,0061;0;2;6;0;6;0;0;0;8;0
Fensterheber;1561;30369;1;0,003;4;4;4;4;4;2;3;4;4;4
Fensterheber;1561;16069;4;0,0122;6;6;10;8;8;2;10;8;6;6
Fensterheber;1561;19171;1;0,003;0;0;2;0;0;0;4;4;0;0
Fensterheber;1561;59116;4;0,0122;4;4;4;8;2;4;6;6;4;4
Fensterheber;1561;1654;5;0,0152;5;2;8;4;4;0;2;2;6;6
Fensterheber;1561;24534;3;0,0091;0;4;4;6;6;0;6;9;4;0
Fensterheber;1561;469;2;0,0061;2;0;8;6;4;0;4;7;4;3
Fensterheber;1561;14434;5;0,0152;2;8;6;6;6;2;6;10;7;8
Fensterheber;1561;8040;7;0,0213;5;2;8;4;4;0;2;2;6;6
Fensterheber;1561;33838;2;0,0061;0;0;4;0;6;0;6;5;8;0
Fensterheber;1561;29974;3;0,0091;0;0;2;4;2;2;2;2;2;2
Fensterheber;1561;15713;1;0,003;2;4;4;9;4;0;4;8;12;2
Fensterheber;1561;32265;2;0,0061;0;0;0;3;2;0;4;3;2;2
Fensterheber;1561;58612;1;0,003;0;6;2;2;2;0;5;2;2;2
Fensterheber;1561;19451;2;0,0061;4;4;4;4;4;2;4;4;4;4
Fensterheber;1561;29977;1;0,003;1;1;2;4;2;2;2;2;2;2
Fensterheber;1561;15802;23;0,0701;2;10;8;6;6;2;10;10;8;4
Fensterheber;1561;13159;5;0,0152;2;10;8;8;6;2;10;12;8;4
Fensterheber;1561;18788;31;0,0945;2;10;10;10;9;0;10;18;9;4
Fensterheber;1561;15812;5;0,0152;6;14;10;15;16;0;12;22;8;4
Fensterheber;1561;8386;10;0,0305;0;22;6;16;12;0;12;11;10;3
Fensterheber;1561;18929;6;0,0183;4;12;8;8;8;0;8;8;8;0
Fensterheber;1561;22474;6;0,0183;0;2;4;4;4;0;4;2;2;4
Fensterheber;1561;28579;17;0,0518;0;12;4;8;4;0;12;6;6;4
Fensterheber;1561;17850;1;0,003;4;4;4;4;4;2;4;8;4;0
Fensterheber;1561;8941;1;0,003;6;6;4;4;4;0;4;8;4;2
Fensterheber;1561;20043;5;0,0152;4;10;2;4;2;2;10;2;2;4
Fensterheber;1561;16982;1;0,003;2;2;4;4;5;0;4;4;4;0
Fensterheber;1561;7002;9;0,0274;4;8;4;8;6;0;7;4;4;2
Fensterheber;1561;19959;15;0,0457;4;10;6;9;4;2;4;10;6;4
Fensterheber;1561;23797;1;0,003;2;4;4;6;6;0;2;8;6;0
Fensterheber;1561;109474;4;0,0122;0;0;4;0;6;4;0;4;4;0
Fensterheber;1561;15012;32;0,0975;4;10;6;6;6;4;8;6;6;4
Fensterheber;1561;23435;2;0,0061;0;12;4;8;4;0;12;6;6;4
Fensterheber;1561;10463;3;0,0091;0;4;0;4;0;0;4;0;4;0
Fensterheber;1561;58572;1;0,003;2;8;10;0;10;0;10;7;16;0
Fensterheber;1561;18245;1;0,003;0;12;8;6;8;0;8;10;8;4
Fensterheber;1561;15599;9;0,0274;2;16;4;8;10;0;14;14;14;0
Fensterheber;1561;17456;11;0,0335;2;4;6;8;6;2;6;8;8;2
Fensterheber;1561;17808;4;0,0122;0;4;4;6;2;0;4;4;2;2
Fensterheber;1561;20002;20;0,061;3;8;8;6;4;0;6;5;8;4
Fensterheber;1561;17445;2;0,0061;2;14;10;8;8;0;8;10;12;1
Fensterheber;1561;5053;3;0,0091;6;10;8;8;10;2;10;8;8;4
Fensterheber;1561;18421;1;0,003;4;4;4;4;4;2;3;3;4;4
Fensterheber;1561;24536;2;0,0061;0;4;4;5;6;0;6;9;4;0
Fensterheber;1561;16461;2;0,0061;2;2;2;2;2;0;2;0;2;2
Fensterheber;1561;23063;1;0,003;4;8;10;16;13;0;15;20;9;6
Fensterheber;1561;4616;3;0,0091;4;10;8;8;8;0;8;8;8;2
Fensterheber;1561;132839;1;0,003;0;8;1;0;0;0;0;4;2;0
Fensterheber;1561;17711;10;0,0305;0;2;0;0;2;0;2;2;2;0
Fensterheber;1561;22546;2;0,0061;0;10;0;8;4;0;8;10;4;0
Fensterheber;1561;16253;5;0,0152;10;4;12;8;8;4;12;22;8;8
Fensterheber;1561;31359;7;0,0213;4;12;8;8;8;0;8;8;8;0
Fensterheber;1561;10199;1;0,003;0;18;6;8;12;0;14;12;14;0
Fensterheber;1561;100898;1;0,003;0;2;0;0;0;0;0;0;2;0
Fensterheber;1561;113668;1;0,003;2;6;4;3;6;0;6;2;4;0
Fensterheber;1561;16459;2;0,0061;0;6;4;4;3;0;6;4;4;0
Fensterheber;1561;10623;1;0,003;0;11;0;0;0;0;4;0;0;0
Fensterheber;1561;15455;2;0,0061;6;12;8;8;8;2;8;16;8;4
Fensterheber;1561;18388;24;0,0732;2;4;4;4;2;0;4;2;4;4
Fensterheber;1561;16060;2;0,0061;2;10;6;8;6;2;4;4;8;2
Fensterheber;1561;16300;168;0,5121;6;4;12;8;7;6;9;13;12;8
Fensterheber;1561;16082;5;0,0152;0;2;2;2;2;0;4;0;2;0
Fensterheber;1561;106385;3;0,0091;0;2;4;4;2;0;2;0;4;2
Fensterheber;1561;22951;1;0,003;4;12;8;8;8;0;8;8;8;0
Fensterheber;1561;11130;10;0,0305;2;6;6;6;6;2;6;5;6;0
Fensterheber;1561;32252;6;0,0183;2;0;9;2;10;2;6;8;14;2
Fensterheber;1561;5013;9;0,0274;3;4;8;6;4;0;6;5;8;0
Fensterheber;1561;119523;2;0,0061;0;6;6;1;2;0;7;4;8;0
Fensterheber;1561;18081;3;0,0091;6;20;14;16;6;0;15;20;15;1
Fensterheber;1561;23207;46;0,1402;6;6;12;8;7;6;9;13;12;8
Fensterheber;1561;28163;5;0,0152;2;0;8;8;5;0;6;8;4;4
Fensterheber;1561;17290;1;0,003;4;4;4;4;4;0;4;9;4;2
Fensterheber;1561;349;2;0,0061;0;0;8;6;2;0;6;5;2;0
Fensterheber;1561;19953;10;0,0305;4;4;6;6;4;4;6;14;4;4
Fensterheber;1561;9641;11;0,0335;6;24;14;18;17;0;16;27;10;4
Fensterheber;1561;133879;1;0,003;1;1;4;0;0;0;2;2;4;0
Fensterheber;1561;32606;2;0,0061;2;0;2;0;2;0;2;0;4;2
Fensterheber;1561;14161;1;0,003;4;14;10;12;6;0;4;8;4;1
Fensterheber;1561;17517;3;0,0091;2;8;6;8;6;2;4;6;8;2
Fensterheber;1561;6052;1;0,003;0;2;4;4;2;0;0;1;6;4
Fensterheber;1561;5653;1;0,003;2;4;8;6;4;0;4;6;10;2
Fensterheber;1561;8740;2;0,0061;0;0;0;2;2;0;2;2;2;0
Fensterheber;1561;57731;11;0,0335;2;2;6;2;4;0;4;4;10;2
Fensterheber;1561;32686;1;0,003;6;15;14;16;9;0;15;20;15;5
Fensterheber;1561;17475;3;0,0091;4;10;8;4;6;4;8;8;6;4
Fensterheber;1561;8431;1;0,003;2;4;14;12;12;0;6;9;8;6
Fensterheber;1561;22460;1;0,003;0;4;4;6;6;4;8;8;4;2
Fensterheber;1561;15903;4;0,0122;0;4;6;11;10;0;8;4;12;2
Fensterheber;1561;16870;4;0,0122;2;14;8;8;8;0;6;4;9;2
Fensterheber;1561;8692;3;0,0091;4;6;4;9;4;4;5;9;4;4
Fensterheber;1561;19933;3;0,0091;0;18;6;8;8;0;12;6;10;4
Fensterheber;1561;14803;4;0,0122;6;12;8;8;8;2;8;16;8;4
Fensterheber;1561;5334;1;0,003;4;4;6;2;4;4;8;4;4;4
Fensterheber;1561;20010;2;0,0061;0;12;8;6;8;0;8;10;8;4
Fensterheber;1561;113455;1;0,003;0;2;4;0;0;0;0;0;0;4
Fensterheber;1561;8993;1;0,003;2;12;4;8;4;0;10;8;10;4
Fensterheber;1561;12473;1;0,003;2;8;6;4;6;4;6;10;6;4
Fensterheber;1561;22488;26;0,0793;2;4;8;8;8;0;6;4;9;2
Fensterheber;1561;1865;20;0,061;2;0;9;2;10;2;6;8;14;2
Fensterheber;1561;16155;35;0,1067;4;8;6;6;6;2;6;8;6;4
Fensterheber;1561;15522;1;0,003;0;6;6;6;6;0;7;2;6;2
Fensterheber;1561;19941;5;0,0152;0;2;4;8;6;0;8;4;8;0
Fensterheber;1561;19850;6;0,0183;2;0;4;4;4;4;4;8;0;0
Fensterheber;1561;16299;1;0,003;6;10;6;6;6;2;7;10;4;4
Fensterheber;1561;18590;4;0,0122;0;8;6;8;4;2;4;2;4;2
Fensterheber;1561;17125;2;0,0061;2;14;8;8;8;0;6;4;9;2
Fensterheber;1561;16224;2;0,0061;0;4;0;8;5;0;8;8;8;0
Fensterheber;1561;31553;2;0,0061;0;2;4;0;4;0;4;6;4;2
Fensterheber;1561;6339;6;0,0183;0;0;4;5;2;2;2;0;10;4
Fensterheber;1561;6939;4;0,0122;4;8;4;8;6;0;7;4;4;2
Fensterheber;1561;15628;7;0,0213;2;8;6;2;4;0;4;8;8;2
Fensterheber;1561;129076;1;0,003;0;0;4;0;0;0;6;0;2;2
Fensterheber;1561;17995;1;0,003;0;12;2;13;4;0;6;2;6;2
Fensterheber;1561;15488;3;0,0091;2;8;6;8;8;2;7;10;4;4
Fensterheber;1561;16675;1;0,003;0;6;0;6;4;0;6;5;8;0
Fensterheber;1561;17307;1;0,003;2;10;2;4;6;0;10;2;2;6
Fensterheber;1561;12588;1;0,003;4;4;4;6;4;4;5;8;4;4
Fensterheber;1561;19836;1;0,003;0;0;6;4;4;4;6;8;4;4
Fensterheber;1561;23173;2;0,0061;4;12;8;8;8;0;8;8;8;0
Fensterheber;1561;5225;3;0,0091;0;2;0;6;2;0;4;4;4;0
Fensterheber;1561;141629;1;0,003;0;0;0;0;0;0;0;0;4;4
Fensterheber;1561;8818;5;0,0152;6;6;4;4;4;0;4;8;4;2
Fensterheber;1561;29998;3;0,0091;6;8;10;7;10;0;2;17;10;5
Fensterheber;1561;17251;1;0,003;0;0;4;9;8;0;10;6;10;4
Fensterheber;1561;33685;1;0,003;4;12;8;8;8;0;8;8;8;0
Fensterheber;1561;1990;2;0,0061;0;6;0;10;4;0;6;4;0;0
Fensterheber;1561;15266;3;0,0091;5;8;6;6;8;2;10;2;8;2
Fensterheber;1561;18069;16;0,0488;6;6;4;6;4;4;4;8;4;4
Fensterheber;1561;10056;29;0,0884;6;10;6;8;6;2;7;10;4;4
Fensterheber;1561;7699;1;0,003;0;4;2;8;6;0;6;2;6;0
Fensterheber;1561;17484;188;0,5731;6;6;6;6;8;6;6;14;8;6
Fensterheber;1561;100782;7;0,0213;2;6;2;6;4;0;4;4;4;2
Fensterheber;1561;33060;14;0,0427;0;4;4;4;4;0;4;6;4;2
Fensterheber;1561;18465;3;0,0091;6;12;8;8;8;2;8;16;8;4
Fensterheber;1561;33875;1;0,003;0;0;4;6;4;0;3;6;6;2
Fensterheber;1561;12341;2;0,0061;2;6;8;6;4;0;4;7;4;3
Fensterheber;1561;24518;1;0,003;2;6;4;6;6;0;6;5;4;0
Fensterheber;1561;16085;84;0,2561;2;8;8;10;10;0;10;12;10;4
Fensterheber;1561;15901;12;0,0366;0;4;6;11;10;0;8;4;12;2
Fensterheber;1561;17726;11;0,0335;4;10;10;16;9;0;15;20;9;4
Fensterheber;1561;10001;13;0,0396;6;0;10;7;8;2;10;13;6;6
Fensterheber;1561;1660;1;0,003;3;2;6;6;4;0;2;2;6;4
Fensterheber;1561;17770;20;0,061;4;8;8;5;4;2;4;6;6;4
Fensterheber;1561;107959;7;0,0213;2;6;6;2;9;2;6;1;10;0
Fensterheber;1561;13104;2;0,0061;6;6;10;8;8;2;10;16;6;6
Fensterheber;1561;12960;8;0,0244;0;8;6;15;4;2;8;7;4;2
Fensterheber;1561;11300;3;0,0091;4;10;8;8;8;0;8;12;8;2
Fensterheber;1561;8438;6;0,0183;4;8;14;8;10;0;6;8;14;3
Fensterheber;1561;20027;28;0,0854;0;10;4;6;2;0;6;3;4;0
Fensterheber;1561;19992;1;0,003;0;4;2;4;4;0;4;6;4;2
Fensterheber;1561;15331;9;0,0274;0;12;4;6;6;0;5;4;6;0
Fensterheber;1561;17147;1;0,003;4;4;4;4;4;4;4;7;4;4
Fensterheber;1561;14618;5;0,0152;0;2;2;2;2;0;4;0;2;0
Fensterheber;1561;15457;1;0,003;6;12;8;8;8;2;8;16;8;4
Fensterheber;1561;19219;2;0,0061;2;6;10;6;16;4;8;4;6;6
Fensterheber;1561;14002;7;0,0213;0;6;4;6;4;0;6;8;6;2
Fensterheber;1561;5545;1;0,003;5;8;6;6;10;4;10;2;8;4
Fensterheber;1561;53147;1;0,003;0;0;4;0;6;4;8;4;4;2
Fensterheber;1561;22651;2;0,0061;0;6;2;12;6;0;3;6;4;2
Fensterheber;1561;33587;1;0,003;0;0;0;4;4;0;4;2;4;0
Fensterheber;1561;100050;3;0,0091;0;6;4;4;4;0;2;4;4;4
Fensterheber;1561;19734;1;0,003;0;10;6;8;8;2;8;8;8;2
Fensterheber;1561;34994;1;0,003;0;2;4;2;2;0;2;4;2;2
Fensterheber;1561;133301;1;0,003;0;2;4;0;2;0;2;0;4;2
Fensterheber;1561;56200;1;0,003;0;12;2;2;8;0;4;8;14;0
Fensterheber;1561;22520;1;0,003;4;10;4;8;6;0;7;5;4;2
Fensterheber;1561;16819;4;0,0122;4;4;4;2;4;2;4;4;4;4
Fensterheber;1561;11351;1;0,003;4;10;8;8;8;0;8;12;8;2
Fensterheber;1561;101004;1;0,003;0;2;4;4;2;0;2;0;4;2
Fensterheber;1561;15109;49;0,1494;0;5;2;4;2;0;2;4;4;2
Fensterheber;1561;101150;2;0,0061;6;2;6;0;6;6;6;5;6;6
Fensterheber;1561;19299;21;0,064;0;0;6;4;4;4;6;8;4;4
Fensterheber;1561;17268;5;0,0152;0;0;4;3;2;2;2;2;2;2
Fensterheber;1561;100182;3;0,0091;0;6;0;5;2;0;6;2;2;0
Fensterheber;1561;19450;5;0,0152;4;12;8;8;8;0;8;8;8;0
Fensterheber;1561;136918;1;0,003;0;0;12;1;0;4;2;0;8;0
Fensterheber;1561;18358;3;0,0091;6;6;2;6;2;4;4;10;2;2
Fensterheber;1561;18498;1;0,003;0;2;6;2;6;2;6;10;7;4
Fensterheber;1561;16281;7;0,0213;2;8;6;6;6;2;6;8;7;8
Fensterheber;1561;955;5;0,0152;0;0;0;0;2;3;0;0;0;0
Fensterheber;1561;10042;2;0,0061;6;14;10;15;16;0;12;22;8;4
Fensterheber;1561;56777;2;0,0061;0;2;4;4;2;0;2;2;4;2
Fensterheber;1561;16523;12;0,0366;2;6;10;6;16;4;8;4;6;6
Fensterheber;1561;113434;1;0,003;2;8;6;4;4;4;6;10;6;4
Fensterheber;1561;17319;5;0,0152;0;8;6;8;4;0;7;8;6;2
Fensterheber;1561;19697;73;0,2225;6;6;12;8;7;6;9;13;12;8
Fensterheber;1561;15918;39;0,1189;5;8;8;4;6;4;8;8;6;4
Fensterheber;1561;712;11;0,0335;0;8;6;9;4;2;8;8;4;2
Fensterheber;1561;15582;246;0,7499;2;4;6;8;6;2;4;6;8;2
Fensterheber;1561;28581;16;0,0488;0;12;4;8;4;0;12;6;6;4
Fensterheber;1561;10083;1;0,003;4;13;6;5;4;2;8;6;16;2
Fensterheber;1561;8385;1;0,003;0;14;2;11;8;0;8;4;8;3
Fensterheber;1561;17612;1;0,003;2;8;6;8;8;2;7;10;4;4
Fensterheber;1561;25474;10;0,0305;0;0;6;4;4;4;6;8;4;4
Fensterheber;1561;55126;1;0,003;0;2;6;2;6;4;6;8;6;4
Fensterheber;1561;14676;15;0,0457;6;6;10;8;8;2;10;16;6;6
Fensterheber;1561;7890;3;0,0091;4;8;14;8;6;0;6;6;10;3
Fensterheber;1561;18790;8;0,0244;6;20;14;16;15;0;15;20;15;5
Fensterheber;1561;16883;17;0,0518;4;4;4;4;4;4;4;7;4;4
Fensterheber;1561;14286;3;0,0091;4;4;10;12;6;0;4;8;4;1
Fensterheber;1561;31576;2;0,0061;0;0;4;0;6;4;8;4;4;2
Fensterheber;1561;22502;7;0,0213;0;0;4;6;4;2;6;2;4;4
Fensterheber;1561;124240;5;0,0152;4;4;0;4;2;4;6;6;4;4
Fensterheber;1561;25448;3;0,0091;0;12;2;8;4;0;12;4;6;2
Fensterheber;1561;14906;2;0,0061;0;8;6;8;8;0;4;8;8;0
Fensterheber;1561;17907;2;0,0061;0;4;6;10;6;0;10;10;15;0
Fensterheber;1561;7908;4;0,0122;4;10;8;4;6;4;8;8;6;4
Fensterheber;1561;16923;3;0,0091;0;9;6;4;2;0;8;5;8;2
Fensterheber;1561;19046;2;0,0061;2;24;12;19;12;0;16;10;18;6
Fensterheber;1561;18383;1;0,003;4;4;4;4;4;2;6;6;4;4
Fensterheber;1561;17869;1;0,003;6;16;10;7;2;0;6;15;10;3
Fensterheber;1561;8803;1;0,003;0;16;6;8;12;0;14;11;14;0
Fensterheber;1561;28164;11;0,0335;2;0;8;8;5;0;6;8;4;4
Fensterheber;1561;33708;10;0,0305;0;2;4;2;2;0;0;2;2;2
Fensterheber;1561;136202;1;0,003;0;2;0;2;2;0;4;2;2;0
Fensterheber;1561;18580;2;0,0061;4;8;10;8;2;0;6;8;14;0
Fensterheber;1561;32751;2;0,0061;0;2;2;4;2;0;4;4;4;2
Fensterheber;1561;17284;2;0,0061;0;0;0;0;0;0;0;0;0;0
Fensterheber;1561;131529;1;0,003;0;4;2;2;4;0;2;2;12;2
Fensterheber;1561;4853;6;0,0183;6;14;9;10;8;2;14;12;14;2
Fensterheber;1561;15761;1;0,003;2;4;4;7;4;0;8;14;4;2
Fensterheber;1561;19998;4;0,0122;0;0;6;6;4;4;6;12;4;4
Fensterheber;1561;13744;1;0,003;2;2;6;4;4;0;4;4;10;2
Fensterheber;1561;107972;2;0,0061;1;4;4;2;4;0;2;5;4;0
Fensterheber;1561;33354;1;0,003;4;8;4;8;6;0;7;4;4;2
Fensterheber;1561;17442;19;0,0579;2;14;10;8;8;0;8;10;12;2
Fensterheber;1561;14413;11;0,0335;2;10;8;8;6;2;10;8;8;4
Fensterheber;1561;5758;5;0,0152;0;0;2;0;4;0;6;12;8;3
Fensterheber;1561;24537;7;0,0213;0;4;4;6;6;0;6;9;4;0
Fensterheber;1561;8318;7;0,0213;6;6;4;4;4;0;4;8;4;2
Fensterheber;1561;16202;47;0,1433;6;12;8;8;8;2;8;16;8;4
Fensterheber;1561;18398;37;0,1128;2;0;4;4;4;4;4;8;0;0
Fensterheber;1561;2557;13;0,0396;0;4;4;4;4;0;4;4;4;0
Fensterheber;1561;704;2;0,0061;0;8;6;9;4;2;8;8;4;2
Fensterheber;1561;16095;2;0,0061;0;4;2;4;4;0;4;6;4;2
Fensterheber;1561;16453;4;0,0122;0;6;6;8;8;2;7;10;4;4
Fensterheber;1561;105917;1;0,003;2;2;4;8;2;2;4;6;4;4
Fensterheber;1561;17691;1;0,003;6;6;4;5;4;0;4;8;4;0
Fensterheber;1561;19094;4;0,0122;0;8;6;10;4;0;4;4;2;0
Fensterheber;1561;18484;5;0,0152;4;4;8;6;2;0;4;6;8;1
Fensterheber;1561;18691;1;0,003;0;14;6;6;4;0;6;4;4;2
Fensterheber;1561;56261;10;0,0305;2;6;4;3;6;0;6;5;4;0
Fensterheber;1561;33491;9;0,0274;4;0;6;7;6;4;6;7;6;6
Fensterheber;1561;15486;5;0,0152;2;8;6;8;8;2;7;10;4;4
Fensterheber;1561;26551;6;0,0183;4;4;4;6;4;2;6;6;0;4
Fensterheber;1561;18499;9;0,0274;2;10;8;10;4;0;8;15;10;4
Fensterheber;1561;26547;6;0,0183;4;4;4;2;4;4;4;7;0;0
Fensterheber;1561;1862;5;0,0152;6;4;8;4;2;4;4;4;2;3
Fensterheber;1561;33778;7;0,0213;0;6;4;4;2;0;4;4;4;6
Fensterheber;1561;25108;2;0,0061;6;21;14;16;15;0;15;20;15;5
Fensterheber;1561;33336;2;0,0061;0;0;0;0;1;0;10;3;6;0
Fensterheber;1561;56790;2;0,0061;0;2;0;0;0;0;2;2;0;2
Fensterheber;1561;5103;2;0,0061;2;6;2;4;4;0;4;3;4;2
Fensterheber;1561;30325;2;0,0061;0;4;4;2;4;0;4;16;2;2
Fensterheber;1561;16552;10;0,0305;6;4;12;8;7;6;9;13;12;8
Fensterheber;1561;14773;4;0,0122;6;12;8;8;8;2;8;16;8;4
Fensterheber;1561;4617;1;0,003;4;10;8;8;8;0;8;8;8;2
Fensterheber;1561;20038;3;0,0091;2;6;6;9;9;2;6;11;8;0
Fensterheber;1561;13926;2;0,0061;0;0;0;0;2;0;1;2;4;0
Fensterheber;1561;27547;1;0,003;2;4;8;6;4;2;4;10;6;6
Fensterheber;1561;14964;1;0,003;0;0;0;0;0;0;0;0;0;0
Fensterheber;1561;16490;3;0,0091;2;3;6;5;6;2;8;5;16;2
Fensterheber;1561;130104;3;0,0091;0;2;4;0;6;0;0;6;8;0
Fensterheber;1561;34744;1;0,003;0;0;12;19;12;0;16;9;18;6
Fensterheber;1561;18926;4;0,0122;4;12;8;8;8;0;8;8;8;0
Fensterheber;1561;19317;1;0,003;0;6;4;4;3;0;6;4;4;0
Fensterheber;1561;57394;1;0,003;0;0;4;0;0;0;4;6;4;0
Fensterheber;1561;5307;1;0,003;4;10;8;8;8;0;8;8;8;2
Fensterheber;1561;10503;2;0,0061;0;2;4;2;4;0;4;12;2;2
Fensterheber;1561;15050;1;0,003;4;8;6;6;2;2;6;8;6;4
Fensterheber;1561;34947;1;0,003;0;4;4;5;2;0;4;4;2;2
Fensterheber;1561;8739;2;0,0061;0;0;0;2;2;0;2;2;2;0
Fensterheber;1561;15447;1;0,003;0;6;6;8;8;2;7;10;4;4
Fensterheber;1561;18311;98;0,2987;2;12;10;11;9;0;10;2;15;2
Fensterheber;1561;8831;1;0,003;2;2;8;8;4;0;4;6;10;1
Fensterheber;1561;30975;28;0,0854;8;10;6;7;6;4;6;8;6;6
Fensterheber;1561;12751;78;0,2378;2;8;4;8;4;0;14;4;4;2
Fensterheber;1561;18710;5;0,0152;0;0;4;6;4;4;4;8;4;4
Fensterheber;1561;19037;14;0,0427;4;4;4;4;4;2;4;7;4;4
Fensterheber;1561;17185;20;0,061;2;12;10;10;10;0;10;10;16;2
Fensterheber;1561;26660;16;0,0488;2;6;6;9;4;0;6;2;4;2
Fensterheber;1561;19329;2;0,0061;2;8;6;2;4;0;4;8;8;2
Fensterheber;1561;31470;1;0,003;0;4;2;3;6;0;4;6;4;0
Fensterheber;1561;17675;3;0,0091;4;8;6;6;6;2;6;9;6;8
Fensterheber;1561;5726;6;0,0183;0;0;8;8;6;2;7;8;4;4
Fensterheber;1561;15465;2;0,0061;6;0;10;8;8;2;10;18;6;6
Fensterheber;1561;17378;3;0,0091;0;0;6;8;8;0;10;16;8;3
Fensterheber;1561;18442;6;0,0183;0;6;0;14;8;0;9;4;8;0
Fensterheber;1561;113340;1;0,003;0;5;6;0;4;4;4;2;6;4
Fensterheber;1561;17370;17;0,0518;0;0;4;3;2;2;6;4;2;2
Fensterheber;1561;18599;9;0,0274;6;8;12;8;7;6;9;13;12;8
Fensterheber;1561;14446;4;0,0122;2;2;6;4;2;2;4;4;2;3
Fensterheber;1561;23357;1;0,003;2;4;2;6;4;0;4;4;6;0
Fensterheber;1561;15051;2;0,0061;0;2;6;4;6;2;6;6;6;8
Fensterheber;1561;17718;6;0,0183;6;20;14;16;15;0;15;20;15;5
Fensterheber;1561;125349;1;0,003;0;4;0;6;6;0;2;4;6;0
Fensterheber;1561;19274;6;0,0183;2;4;4;6;2;0;2;2;10;4
Fensterheber;1561;884;1;0,003;0;0;4;6;4;0;4;6;6;4
Fensterheber;1561;120846;1;0,003;0;6;0;0;5;0;0;2;8;0
Fensterheber;1561;11603;12;0,0366;10;10;10;8;6;2;10;19;6;6
Fensterheber;1561;6028;1;0,003;4;6;4;3;4;4;5;6;4;2
Fensterheber;1561;32805;3;0,0091;0;6;4;8;4;0;6;2;4;2
Fensterheber;1561;9956;1;0,003;0;0;8;7;8;0;8;8;8;4
Fensterheber;1561;135146;1;0,003;0;0;4;0;2;2;4;0;4;4
Fensterheber;1561;18214;4;0,0122;2;12;10;14;10;0;10;7;16;2
Fensterheber;1561;15345;2;0,0061;2;6;4;9;8;0;10;8;10;4
Fensterheber;1561;18438;4;0,0122;2;6;2;4;4;0;7;8;6;0
Fensterheber;1561;28222;1;0,003;0;4;4;4;4;0;3;8;4;4
Fensterheber;1561;16004;2;0,0061;6;6;4;4;4;0;4;8;4;2
Fensterheber;1561;15568;2;0,0061;0;0;0;2;2;0;0;0;2;0
Fensterheber;1561;18451;5;0,0152;4;4;6;6;4;4;6;14;4;4
Fensterheber;1561;18550;28;0,0854;0;7;2;3;2;2;4;4;4;2
Fensterheber;1561;17900;94;0,2866;4;4;4;6;4;2;6;6;0;4
Fensterheber;1561;23163;12;0,0366;4;4;2;4;2;0;4;11;4;2
Fensterheber;1561;15462;31;0,0945;10;4;10;8;6;2;10;20;6;6
Fensterheber;1561;33353;3;0,0091;2;4;2;6;4;0;4;4;4;2
Fensterheber;1561;8800;15;0,0457;8;8;12;8;8;4;12;22;8;8
Fensterheber;1561;11762;7;0,0213;6;6;10;8;8;2;10;9;6;6
Fensterheber;1561;107340;2;0,0061;0;0;2;0;0;0;0;0;0;2
Fensterheber;1561;15468;3;0,0091;6;6;10;8;8;2;10;10;6;6
Fensterheber;1561;19737;4;0,0122;2;4;8;4;5;0;6;6;4;4
Fensterheber;1561;14796;2;0,0061;2;6;2;4;6;0;10;2;2;6
Fensterheber;1561;34721;8;0,0244;0;8;4;8;6;0;6;4;6;0
Fensterheber;1561;32263;2;0,0061;0;0;0;3;2;0;2;3;2;2
Fensterheber;1561;108629;3;0,0091;0;2;4;4;2;0;4;2;4;4
Fensterheber;1561;100630;2;0,0061;4;4;4;0;4;2;4;4;4;4
Fensterheber;1561;17846;1;0,003;0;12;8;7;8;0;8;10;8;4
Fensterheber;1561;33709;1;0,003;0;2;4;2;2;0;0;2;2;2
Fensterheber;1561;15643;1;0,003;2;6;4;2;2;2;2;2;6;0
Fensterheber;1561;19472;2;0,0061;2;0;4;0;4;0;3;2;4;4
Fensterheber;1561;14725;1;0,003;10;10;10;8;6;2;10;19;6;6
Fensterheber;1561;19940;1;0,003;0;2;4;8;6;0;8;4;8;0
Fensterheber;1561;1867;6;0,0183;2;11;12;14;10;4;12;8;10;6
Fensterheber;1561;8009;13;0,0396;5;6;8;4;6;4;8;8;6;4
Fensterheber;1561;7934;6;0,0183;6;10;6;8;6;2;7;10;4;4
Fensterheber;1561;30902;2;0,0061;0;2;4;4;2;0;2;4;4;0
Fensterheber;1561;13169;1;0,003;4;6;4;4;4;0;4;8;4;2
Fensterheber;1561;19254;9;0,0274;0;6;0;6;4;0;6;4;4;0
Fensterheber;1561;19398;1;0,003;6;20;14;16;15;0;15;20;15;5
Fensterheber;1561;7888;1;0,003;0;2;0;2;2;0;0;2;2;0
Fensterheber;1561;8704;1;0,003;4;10;8;4;6;4;8;8;6;4
Fensterheber;1561;16741;8;0,0244;6;12;8;8;8;2;8;16;8;4
Fensterheber;1561;18761;63;0,192;4;4;6;4;4;4;6;10;4;4
Fensterheber;1561;15293;7;0,0213;5;10;8;4;6;4;8;8;6;4
Fensterheber;1561;18337;2;0,0061;0;8;6;6;4;0;6;5;4;2
Fensterheber;1561;28151;1;0,003;0;6;0;4;2;0;6;0;4;0
Fensterheber;1561;9002;2;0,0061;2;6;4;9;8;0;10;8;10;4
Fensterheber;1561;15586;7;0,0213;2;6;6;8;6;2;6;8;8;2
Fensterheber;1561;14882;1;0,003;0;10;8;4;12;0;8;13;12;6
Fensterheber;1561;16207;2;0,0061;0;4;0;4;4;0;2;2;8;0
Fensterheber;1561;18930;14;0,0427;4;12;8;8;8;0;8;8;8;0
Fensterheber;1561;18520;13;0,0396;4;10;8;6;4;2;4;10;6;6
Fensterheber;1561;120178;6;0,0183;2;4;4;0;2;2;4;0;4;4
Fensterheber;1561;10944;4;0,0122;10;10;12;8;8;4;12;22;8;8
Fensterheber;1561;17974;2;0,0061;4;8;8;6;4;0;6;8;8;4
Fensterheber;1561;16812;1;0,003;0;8;4;6;4;0;4;8;4;0
Fensterheber;1561;112377;1;0,003;2;8;6;8;5;0;4;2;5;2
Fensterheber;1561;19395;1;0,003;4;10;8;6;4;2;4;10;6;6
Fensterheber;1561;17971;7;0,0213;4;8;8;6;4;0;6;8;8;4
Fensterheber;1561;57282;2;0,0061;0;4;4;7;4;0;6;2;4;2
Fensterheber;1561;23201;2;0,0061;0;5;6;4;2;0;8;5;8;2
Fensterheber;1561;22659;2;0,0061;4;4;4;4;4;0;4;6;4;2
Fensterheber;1561;14281;1;0,003;0;0;0;6;2;0;0;2;0;0
Fensterheber;1561;9542;2;0,0061;0;4;0;4;0;0;4;0;0;0
Fensterheber;1561;101041;1;0,003;4;4;4;8;2;2;6;6;4;4
Fensterheber;1561;3945;2;0,0061;0;12;4;12;8;0;8;4;8;3
Fensterheber;1561;134108;1;0,003;2;12;0;3;0;0;0;0;14;0
Fensterheber;1561;16522;1;0,003;0;10;0;11;2;0;3;8;4;0
Fensterheber;1561;15417;69;0,2103;0;0;8;6;4;2;7;9;4;4
Fensterheber;1561;1915;1;0,003;2;2;6;4;6;0;3;2;4;3
Fensterheber;1561;56147;6;0,0183;4;4;4;8;2;4;6;6;4;4
Fensterheber;1561;57259;3;0,0091;0;4;4;2;5;0;3;4;4;2
Fensterheber;1561;12053;29;0,0884;2;6;6;9;9;2;6;7;8;0
Fensterheber;1561;18099;3;0,0091;0;6;8;4;4;0;8;4;4;4
Fensterheber;1561;25508;1;0,003;2;0;4;4;4;0;4;4;4;3
Fensterheber;1561;17183;15;0,0457;2;12;10;14;10;0;10;10;16;2
Fensterheber;1561;8711;1;0,003;0;4;2;3;6;0;4;6;4;0
Fensterheber;1561;15938;18;0,0549;2;10;6;8;6;2;4;4;8;2
Fensterheber;1561;18646;10;0,0305;2;12;10;10;10;0;10;10;16;2
Fensterheber;1561;32250;6;0,0183;2;0;9;2;10;2;6;8;14;2
Fensterheber;1561;18682;1;0,003;2;12;10;10;10;0;10;7;16;2
Fensterheber;1561;15474;3;0,0091;2;12;10;14;10;0;10;8;16;2
Fensterheber;1561;10621;25;0,0762;2;4;4;2;2;4;4;0;4;4
Fensterheber;1561;29486;10;0,0305;2;8;6;8;4;0;4;2;4;2
Fensterheber;1561;55249;2;0,0061;0;2;6;3;6;0;4;2;6;0
Fensterheber;1561;19928;58;0,1768;2;6;4;4;4;0;4;6;4;2
Fensterheber;1561;5389;3;0,0091;0;6;4;6;6;0;6;4;6;0
Fensterheber;1561;15272;3;0,0091;5;8;6;6;8;2;10;2;8;2
Fensterheber;1561;58253;15;0,0457;2;4;8;4;4;4;7;4;4;2
Fensterheber;1561;112331;3;0,0091;0;0;4;2;6;0;6;2;4;0
Fensterheber;1561;16374;3;0,0091;0;7;2;4;4;0;10;8;4;0
Fensterheber;1561;59068;5;0,0152;4;4;4;8;2;4;6;6;4;4
Fensterheber;1561;105885;3;0,0091;0;4;6;2;4;2;8;4;4;2
Fensterheber;1561;14065;1;0,003;0;14;8;4;12;0;8;14;12;6
Fensterheber;1561;22665;3;0,0091;0;0;4;0;4;0;4;2;4;2
Fensterheber;1561;18226;10;0,0305;4;4;4;4;4;4;4;7;4;4
Fensterheber;1561;20053;12;0,0366;2;6;10;6;16;4;8;4;6;6
Fensterheber;1561;145878;1;0,003;0;0;4;0;0;0;0;0;2;0
Fensterheber;1561;1808;1;0,003;0;0;0;4;3;0;4;9;8;0
Fensterheber;1561;33278;3;0,0091;0;4;4;2;2;0;0;2;2;2
Fensterheber;1561;3924;3;0,0091;0;11;12;14;10;4;12;8;10;6
Fensterheber;1561;5896;1;0,003;0;2;0;2;10;0;12;8;9;0
Fensterheber;1561;33723;7;0,0213;0;12;6;14;10;2;11;8;12;10
Fensterheber;1561;18976;5;0,0152;0;2;2;2;2;0;0;2;2;0
Fensterheber;1561;11760;6;0,0183;6;6;10;8;8;2;10;9;6;6
Fensterheber;1561;10209;1;0,003;0;2;6;2;4;0;7;8;8;0
Fensterheber;1561;32888;1;0,003;0;4;4;4;4;0;3;4;4;2
Fensterheber;1561;32743;2;0,0061;0;6;2;2;2;0;4;2;2;0
Fensterheber;1561;55715;1;0,003;0;0;0;0;0;0;0;0;0;0
Fensterheber;1561;27326;2;0,0061;4;4;4;4;4;4;4;7;0;0
Fensterheber;1561;25476;6;0,0183;0;0;6;4;4;4;6;8;4;4
Fensterheber;1561;31569;1;0,003;0;2;4;5;2;2;2;0;4;4
Fensterheber;1561;26582;23;0,0701;0;0;4;6;4;4;4;8;4;4
Fensterheber;1561;19937;4;0,0122;0;2;0;2;2;0;2;0;3;0
Fensterheber;1561;5125;8;0,0244;4;10;8;8;8;0;8;8;8;2
Fensterheber;1561;8775;2;0,0061;0;2;2;6;4;0;2;4;4;0
Fensterheber;1561;11057;8;0,0244;0;0;6;0;8;0;4;5;11;4
Fensterheber;1561;5306;3;0,0091;4;10;8;8;8;0;8;8;8;2
Fensterheber;1561;32115;1;0,003;2;4;4;6;4;2;4;6;5;1
Fensterheber;1561;18263;1;0,003;0;10;6;8;8;2;8;8;8;2
Fensterheber;1561;5990;8;0,0244;0;6;4;6;2;0;5;4;4;0
Fensterheber;1561;123395;1;0,003;0;8;4;4;4;0;8;4;4;0
Fensterheber;1561;5254;1;0,003;2;4;4;7;4;0;8;14;4;2
Fensterheber;1561;9058;1;0,003;2;14;10;12;10;0;6;10;10;1
Fensterheber;1561;7841;1;0,003;4;6;4;9;4;4;5;9;4;4
Fensterheber;1561;14774;2;0,0061;6;12;8;8;8;2;8;16;8;4
Fensterheber;1561;28506;6;0,0183;2;4;8;4;5;0;6;6;4;4
Fensterheber;1561;7747;9;0,0274;6;10;6;8;10;4;10;2;8;4
Fensterheber;1561;145824;8;0,0244;2;0;6;0;0;2;4;0;0;2
Fensterheber;1561;1936;1;0,003;0;0;2;2;0;0;0;0;2;4
Fensterheber;1561;9544;4;0,0122;0;0;0;4;4;0;3;4;8;0
Fensterheber;1561;19341;1;0,003;0;10;6;11;10;0;8;4;12;2
Fensterheber;1561;136530;3;0,0091;0;4;2;0;0;0;0;3;4;2
Fensterheber;1561;59619;5;0,0152;0;0;4;0;4;0;0;4;4;4
Fensterheber;1561;16916;19;0,0579;6;20;14;16;15;0;15;21;15;5
Fensterheber;1561;5305;5;0,0152;4;10;8;8;8;0;8;8;8;2
Fensterheber;1561;33870;1;0,003;0;0;4;4;6;0;6;7;4;0
Fensterheber;1561;10625;1;0,003;2;4;4;1;2;4;4;0;4;4
Fensterheber;1561;56201;1;0,003;0;7;4;4;2;0;11;4;8;2
Fensterheber;1561;15660;1;0,003;4;0;4;0;4;0;4;6;4;0
Fensterheber;1561;19115;1;0,003;0;12;8;6;8;0;8;10;8;4
Fensterheber;1561;10780;2;0,0061;0;0;6;0;4;4;6;8;4;4
Fensterheber;1561;31577;2;0,0061;0;0;4;0;6;4;8;4;4;2
Fensterheber;1561;1903;8;0,0244;0;2;2;2;2;0;2;6;2;2
Fensterheber;1561;15899;20;0,061;4;10;6;6;6;4;8;6;6;4
Fensterheber;1561;31340;22;0,0671;2;2;2;2;2;2;2;0;4;4
Fensterheber;1561;17902;42;0,128;4;4;4;6;4;2;6;6;0;4
Fensterheber;1561;27994;3;0,0091;4;8;8;5;4;2;4;6;6;4
Fensterheber;1561;59584;1;0,003;0;0;0;0;0;0;0;0;0;0
Fensterheber;1561;15770;2;0,0061;2;12;10;14;10;0;10;7;16;2
Fensterheber;1561;18822;5;0,0152;6;12;8;8;8;2;8;16;8;4
Fensterheber;1561;7899;1;0,003;4;8;10;8;8;0;6;8;14;1
Fensterheber;1561;29950;27;0,0823;0;2;4;4;5;0;4;4;4;2
Fensterheber;1561;107418;7;0,0213;0;20;10;23;14;2;18;4;12;6
Fensterheber;1561;16005;1;0,003;6;6;4;4;4;0;4;8;4;2
Fensterheber;1561;34245;1;0,003;0;4;6;4;4;4;8;10;16;2
Fensterheber;1561;30823;2;0,0061;0;10;0;10;6;0;10;4;6;2
Fensterheber;1561;12140;4;0,0122;6;10;8;8;8;2;8;16;8;4
Fensterheber;1561;11264;1;0,003;2;4;4;4;4;0;6;10;4;2
Fensterheber;1561;16273;1;0,003;0;9;6;4;2;0;8;6;8;2
Fensterheber;1561;16591;5;0,0152;0;9;6;4;2;0;8;6;8;0
Fensterheber;1561;15625;5;0,0152;0;6;6;8;4;0;8;6;8;2
Fensterheber;1561;19557;1;0,003;4;4;4;6;4;2;6;6;0;4
Fensterheber;1561;15934;1;0,003;0;10;0;11;4;0;3;8;4;0
Fensterheber;1561;19441;2;0,0061;0;9;4;8;8;0;8;4;4;2
Fensterheber;1561;15107;251;0,7652;2;6;6;8;6;2;6;8;8;2
Fensterheber;1561;10046;15;0,0457;2;10;8;6;6;2;10;6;8;4
Fensterheber;1561;17444;23;0,0701;2;14;10;8;8;0;8;10;12;2
Fensterheber;1561;18377;2;0,0061;2;0;4;4;4;4;4;8;0;0
Fensterheber;1561;31162;16;0,0488;2;4;4;4;5;0;4;4;4;2
Fensterheber;1561;19612;1;0,003;0;8;6;8;2;0;7;8;6;2
Fensterheber;1561;137972;1;0,003;0;0;0;0;0;0;0;0;0;0
Fensterheber;1561;10575;3;0,0091;4;4;4;4;4;2;4;4;4;4
Fensterheber;1561;11816;12;0,0366;0;2;4;10;6;0;3;2;4;2
Fensterheber;1561;32027;9;0,0274;2;12;6;18;8;0;10;6;8;8
Fensterheber;1561;9158;7;0,0213;4;12;9;10;10;2;14;12;14;2
Fensterheber;1561;16978;11;0,0335;0;8;4;6;4;0;4;8;4;0
Fensterheber;1561;7745;3;0,0091;6;10;8;8;10;4;10;2;8;4
Fensterheber;1561;100770;10;0,0305;0;0;9;0;8;2;6;12;14;2
Fensterheber;1561;19977;5;0,0152;2;8;6;11;4;0;6;6;8;0
Fensterheber;1561;14775;2;0,0061;0;0;4;0;4;2;4;4;0;2
Fensterheber;1561;8395;2;0,0061;0;4;4;6;4;0;4;3;10;0
Fensterheber;1561;19517;1;0,003;0;6;4;12;4;0;6;6;6;2
Fensterheber;1561;12171;3;0,0091;0;2;4;4;2;0;2;4;4;2
Fensterheber;1561;58603;1;0,003;0;12;4;4;4;0;12;6;6;2
Fensterheber;1561;120237;3;0,0091;0;6;2;2;2;0;2;2;2;0
Fensterheber;1561;1874;21;0,064;2;11;12;14;10;4;12;8;10;6
Fensterheber;1561;11606;19;0,0579;10;10;10;8;6;2;10;20;6;6
Fensterheber;1561;850;1;0,003;0;0;4;6;4;0;4;6;6;4
Fensterheber;1561;13808;1;0,003;0;4;0;4;4;0;2;2;4;0
Fensterheber;1561;11100;1;0,003;0;4;4;4;2;0;4;6;4;0
Fensterheber;1561;15101;1;0,003;0;8;4;6;4;0;4;4;8;0
Fensterheber;1561;12961;15;0,0457;0;8;6;9;4;2;8;7;4;2
Fensterheber;1561;130186;1;0,003;0;4;0;0;0;0;0;2;0;0
Fensterheber;1561;7977;3;0,0091;2;8;6;6;6;2;6;10;7;8
Fensterheber;1561;28585;5;0,0152;0;12;2;8;4;0;12;4;6;2
Fensterheber;1561;58822;1;0,003;0;4;4;2;2;0;0;2;2;0
Fensterheber;1561;132161;1;0,003;0;2;4;0;2;0;4;0;6;2
Fensterheber;1561;4650;11;0,0335;2;6;3;5;6;2;4;7;4;2
Fensterheber;1561;1097;2;0,0061;4;4;4;4;4;0;4;4;4;2
Fensterheber;1561;123113;2;0,0061;0;0;0;0;2;0;0;0;4;4
Fensterheber;1561;55799;1;0,003;0;0;2;3;6;0;2;6;4;0
Fensterheber;1561;11969;1;0,003;0;2;4;2;2;0;2;2;2;0
Fensterheber;1561;23474;3;0,0091;0;0;0;4;4;0;0;2;4;0
Fensterheber;1561;15125;1;0,003;0;2;2;2;4;0;8;6;4;0
Fensterheber;1561;34309;1;0,003;0;0;6;8;5;2;8;6;16;0
Fensterheber;1561;32073;7;0,0213;0;6;4;12;6;0;6;6;6;2
Fensterheber;1561;11109;2;0,0061;0;2;6;10;6;0;6;8;8;0
Fensterheber;1561;57281;2;0,0061;0;4;4;7;4;0;6;2;4;2
Fensterheber;1561;109340;3;0,0091;6;2;6;0;6;6;6;3;6;4
Fensterheber;1561;116873;1;0,003;0;4;2;3;4;0;2;2;12;0
Fensterheber;1561;18380;5;0,0152;4;4;4;4;4;2;6;6;4;4
Fensterheber;1561;12470;1;0,003;2;8;6;4;6;4;6;10;6;4
Fensterheber;1561;54;4;0,0122;2;6;3;5;6;2;4;7;4;2
Fensterheber;1561;1871;15;0,0457;2;11;12;14;10;4;12;8;10;6
Fensterheber;1561;5335;5;0,0152;2;2;6;2;4;4;8;4;4;4
Fensterheber;1561;23486;5;0,0152;0;2;4;4;4;0;2;2;4;2
Fensterheber;1561;105880;1;0,003;0;11;4;11;0;0;6;6;12;0
Fensterheber;1561;11339;2;0,0061;4;10;6;6;6;4;8;6;6;4
Fensterheber;1561;12208;6;0,0183;4;2;0;2;10;2;6;10;14;2
Fensterheber;1561;117066;5;0,0152;0;2;0;0;0;0;2;0;0;2
Fensterheber;1561;16063;11;0,0335;10;4;12;8;8;4;12;22;8;8
Fensterheber;1561;1651;16;0,0488;3;2;6;4;4;0;2;2;6;4
Fensterheber;1561;1645;12;0,0366;5;2;8;4;4;0;2;2;6;6
Fensterheber;1561;23471;1;0,003;0;0;0;4;4;0;0;2;4;0
Fensterheber;1561;123540;2;0,0061;0;5;0;0;0;0;1;0;2;0
Fensterheber;1561;23168;3;0,0091;2;6;4;2;2;2;4;4;4;2
Fensterheber;1561;58283;27;0,0823;2;4;8;4;4;4;7;4;4;2
Fensterheber;1561;12058;1;0,003;0;6;6;10;8;0;4;8;4;2
Fensterheber;1561;7015;5;0,0152;4;8;4;8;6;0;7;4;4;2
Fensterheber;1561;15705;1;0,003;0;8;4;6;6;0;6;8;10;0
Fensterheber;1561;1418;2;0,0061;0;0;2;2;2;0;0;4;2;0
Fensterheber;1561;20165;1;0,003;0;0;0;0;0;0;0;0;0;1
Fensterheber;1561;33281;8;0,0244;0;4;4;2;2;0;0;2;2;2
Fensterheber;1561;11980;3;0,0091;0;18;6;16;12;0;12;10;10;3
Fensterheber;1561;8784;14;0,0427;2;6;2;4;4;0;4;3;4;2
Fensterheber;1561;106379;6;0,0183;0;6;4;4;4;0;2;4;4;4
Fensterheber;1561;32885;2;0,0061;0;4;4;4;4;0;3;4;4;2
Fensterheber;1561;5725;9;0,0274;4;8;8;8;6;2;7;8;4;4
Fensterheber;1561;20051;4;0,0122;2;6;6;6;6;2;6;8;6;0
Fensterheber;1561;11116;1;0,003;0;6;6;10;6;0;6;8;8;0
Fensterheber;1561;8924;2;0,0061;0;4;6;6;6;0;7;6;6;2
Fensterheber;1561;17198;17;0,0518;4;4;4;4;4;0;4;4;4;2
Fensterheber;1561;23462;3;0,0091;0;6;4;8;4;0;6;6;4;2
Fensterheber;1561;18071;38;0,1158;0;0;4;6;4;4;4;8;4;4
Fensterheber;1561;34506;2;0,0061;0;0;6;6;5;2;4;4;16;0
Fensterheber;1561;58188;18;0,0549;2;4;8;4;4;4;7;4;4;2
Fensterheber;1561;18666;3;0,0091;2;0;4;4;2;0;4;3;0;4
Fensterheber;1561;33039;2;0,0061;0;6;4;6;6;0;6;4;6;0
Fensterheber;1561;16274;3;0,0091;0;9;6;4;2;0;8;6;8;2
Fensterheber;1561;12583;9;0,0274;4;6;4;9;4;4;5;9;4;4
Fensterheber;1561;1839;3;0,0091;0;4;0;8;6;0;7;8;8;0
Fensterheber;1561;1075;1;0,003;0;2;0;8;4;0;4;4;4;0
Fensterheber;1561;115184;1;0,003;2;4;4;2;2;0;0;0;4;2
Fensterheber;1561;17745;1;0,003;2;2;8;4;4;0;2;4;4;2
Fensterheber;1561;19617;1;0,003;0;0;4;6;4;4;4;8;4;4
Fensterheber;1561;13960;12;0,0366;2;6;6;6;6;2;6;8;6;0
Fensterheber;1561;113289;4;0,0122;2;2;4;4;2;0;2;2;4;2
Fensterheber;1561;17973;24;0,0732;4;8;8;6;4;0;6;8;8;4
Fensterheber;1561;31695;2;0,0061;0;2;4;6;2;0;4;8;4;2
Fensterheber;1561;140210;1;0,003;0;0;0;0;2;0;0;0;2;0
Fensterheber;1561;31564;1;0,003;0;4;0;2;2;0;0;2;2;0
Fensterheber;1561;31526;1;0,003;0;0;6;6;4;0;6;2;2;2
Fensterheber;1561;3933;5;0,0152;2;4;14;12;6;0;6;11;8;6
Fensterheber;1561;8643;2;0,0061;0;2;8;2;4;0;2;2;6;0
Fensterheber;1561;1071;1;0,003;0;2;0;4;4;0;4;4;4;0
Fensterheber;1561;8405;1;0,003;0;2;2;12;4;0;6;6;4;2
Fensterheber;1561;19453;33;0,1006;0;2;2;2;2;0;2;2;2;2
Fensterheber;1561;9621;8;0,0244;2;2;2;2;2;2;2;0;4;4
Fensterheber;1561;27555;5;0,0152;4;4;6;6;4;4;6;14;4;4
Fensterheber;1561;8207;3;0,0091;0;0;0;0;0;0;0;0;0;0
Fensterheber;1561;57450;1;0,003;0;0;4;0;4;0;0;2;4;2
Fensterheber;1561;18414;4;0,0122;2;0;4;4;4;4;4;8;0;0
Fensterheber;1561;107549;1;0,003;0;6;8;2;2;0;8;2;4;4
Fensterheber;1561;17569;3;0,0091;0;8;6;8;4;0;7;8;6;2
Fensterheber;1561;5300;1;0,003;4;2;10;12;4;0;4;6;4;1
Fensterheber;1561;59724;1;0,003;0;11;4;11;0;0;6;6;12;0
Fensterheber;1561;4848;1;0,003;2;0;8;6;6;0;4;7;4;3
Fensterheber;1561;15786;1;0,003;2;2;6;6;4;2;7;5;6;4
Fensterheber;1561;15760;1;0,003;10;4;10;8;6;2;10;20;6;6
Fensterheber;1561;55801;1;0,003;0;0;2;3;6;0;2;6;4;0
Fensterheber;1561;20110;2;0,0061;4;4;4;4;4;2;3;3;4;4
Fensterheber;1561;18074;4;0,0122;0;12;8;6;8;0;8;10;8;4
Fensterheber;1561;10047;1;0,003;2;10;8;6;6;2;10;6;8;4
Fensterheber;1561;126080;1;0,003;6;10;6;0;4;0;10;2;8;2
Fensterheber;1561;53387;1;0,003;0;8;0;4;2;0;4;4;6;0
Fensterheber;1561;18371;3;0,0091;2;0;4;4;4;4;4;8;0;0
Fensterheber;1561;18827;1;0,003;0;5;4;4;2;0;6;2;4;4
Fensterheber;1561;1053;1;0,003;0;0;2;4;4;0;4;2;4;2
Fensterheber;1561;8753;1;0,003;0;6;2;6;4;0;4;10;14;0
Fensterheber;1561;33402;5;0,0152;0;13;6;13;4;0;10;4;10;2
Fensterheber;1561;17721;17;0,0518;2;6;2;4;4;0;7;8;6;0
Fensterheber;1561;1649;1;0,003;5;2;8;4;4;0;2;2;6;6
Fensterheber;1561;32091;1;0,003;0;4;4;6;4;0;4;6;6;4
Fensterheber;1561;24459;1;0,003;0;8;4;8;8;0;8;4;4;2
Fensterheber;1561;7812;3;0,0091;4;4;6;4;6;0;10;2;2;6
Fensterheber;1561;58374;1;0,003;0;2;2;0;4;0;0;2;2;2
Fensterheber;1561;33407;1;0,003;0;0;2;4;2;2;2;2;2;2
Fensterheber;1561;27949;1;0,003;0;0;6;6;6;0;6;8;4;0
Fensterheber;1561;32085;1;0,003;0;4;4;6;4;0;4;6;6;4
Fensterheber;1561;34769;1;0,003;0;0;4;0;6;4;8;4;4;2
Fensterheber;1561;8744;1;0,003;0;2;2;2;2;0;2;4;2;2
Fensterheber;1561;14961;3;0,0091;0;2;2;4;4;0;4;4;4;0
Fensterheber;1561;59728;2;0,0061;0;11;4;11;0;0;6;6;12;0
Fensterheber;1561;14402;2;0,0061;0;4;4;4;4;0;4;0;4;0
Fensterheber;1561;13163;25;0,0762;0;10;7;8;6;0;6;6;6;3
Fensterheber;1561;11113;2;0,0061;0;6;6;10;6;0;6;8;8;0
Fensterheber;1561;14734;1;0,003;2;6;4;2;2;2;2;2;6;0
Fensterheber;1561;33791;1;0,003;2;6;6;9;9;2;6;7;8;0
Fensterheber;1561;23539;1;0,003;0;0;0;0;0;0;6;2;2;0
Fensterheber;1561;33426;2;0,0061;4;4;4;4;4;2;4;8;4;0
Fensterheber;1561;33017;1;0,003;0;4;0;4;2;0;0;2;4;0
Fensterheber;1561;142938;1;0,003;0;0;0;1;0;2;0;0;4;0
Fensterheber;1561;1900;1;0,003;2;11;12;14;10;4;6;8;10;6
Fensterheber;1561;17074;19;0,0579;0;0;2;2;2;0;4;2;4;0
Fensterheber;1561;5260;1;0,003;2;8;2;1;2;0;6;4;8;2
Fensterheber;1561;108664;8;0,0244;0;3;4;4;0;0;0;4;4;4
Fensterheber;1561;5278;57;0,1738;2;4;14;12;12;0;6;9;8;6
Fensterheber;1561;107474;1;0,003;0;0;4;0;2;0;2;0;4;4
Fensterheber;1561;18555;3;0,0091;2;12;10;11;9;0;10;1;15;2
Fensterheber;1561;8964;15;0,0457;6;10;8;8;8;2;8;16;8;4
Fensterheber;1561;100040;3;0,0091;0;6;4;4;4;0;2;4;4;4
Fensterheber;1561;18989;15;0,0457;0;2;2;2;2;0;0;2;2;0
Fensterheber;1561;33386;1;0,003;0;0;6;6;4;4;6;12;4;4
Fensterheber;1561;115040;2;0,0061;2;8;6;8;5;0;4;2;5;2
Fensterheber;1561;30358;6;0,0183;0;9;4;8;6;0;7;4;8;0
Fensterheber;1561;31955;1;0,003;4;4;4;4;2;0;4;4;4;2
Fensterheber;1561;11791;1;0,003;2;4;4;4;2;0;4;4;4;4
Fensterheber;1561;23179;1;0,003;0;6;6;4;4;4;4;6;6;4
Fensterheber;1561;107860;1;0,003;2;6;4;2;0;2;4;0;0;0
Fensterheber;1561;5940;3;0,0091;4;2;9;2;10;2;6;10;14;2
Fensterheber;1561;109511;1;0,003;0;0;2;0;2;0;0;2;2;2
Fensterheber;1561;33258;6;0,0183;2;6;4;5;6;0;6;5;4;0
Fensterheber;1561;59003;2;0,0061;0;8;4;10;2;0;6;4;4;2
Fensterheber;1561;5688;2;0,0061;0;0;2;3;4;0;2;0;2;0
Fensterheber;1561;24473;2;0,0061;0;0;2;0;0;0;2;2;2;2
Fensterheber;1561;31152;2;0,0061;0;2;4;6;6;4;8;8;4;2
Fensterheber;1561;33404;1;0,003;0;13;6;13;4;0;10;4;10;2
Fensterheber;1561;19312;1;0,003;0;2;4;6;2;0;4;6;4;2
Fensterheber;1561;12331;5;0,0152;0;4;6;0;2;0;2;0;12;2
Fensterheber;1561;19225;6;0,0183;2;4;6;8;6;2;6;8;8;2
Fensterheber;1561;15332;11;0,0335;0;12;4;6;6;0;5;4;6;0
Fensterheber;1561;113900;2;0,0061;0;0;4;0;2;0;2;2;6;2
Fensterheber;1561;133654;5;0,0152;0;0;0;2;0;0;2;0;2;0
Fensterheber;1561;31998;10;0,0305;2;8;6;8;5;0;4;5;5;2
Fensterheber;1561;18264;9;0,0274;0;10;6;8;8;2;8;8;8;2
Fensterheber;1561;17810;6;0,0183;0;4;4;6;2;0;4;4;2;2
Fensterheber;1561;15061;5;0,0152;4;6;4;9;4;4;5;9;4;4
Fensterheber;1561;15670;4;0,0122;0;0;4;4;2;0;0;4;4;2
Fensterheber;1561;9892;6;0,0183;0;0;4;2;2;0;4;4;4;2
Fensterheber;1561;10826;1;0,003;0;4;4;4;5;0;3;4;4;2
Fensterheber;1561;34291;1;0,003;0;0;6;8;5;2;4;6;16;0
Fensterheber;1561;137335;1;0,003;0;2;4;8;0;0;0;4;4;2
Fensterheber;1561;29917;1;0,003;0;10;10;6;8;0;4;8;10;2
Fensterheber;1561;17144;1;0,003;0;2;2;2;2;0;2;0;2;0
Fensterheber;1561;16319;2;0,0061;4;4;4;4;4;4;4;8;4;4
Fensterheber;1561;5281;66;0,2012;6;4;8;4;2;4;4;4;2;3
Fensterheber;1561;17174;25;0,0762;4;8;8;5;4;2;4;6;6;4
Fensterheber;1561;17171;9;0,0274;4;8;2;4;8;0;6;4;4;5
Fensterheber;1561;5727;1;0,003;0;0;8;8;6;2;7;8;4;4
Fensterheber;1561;7929;1;0,003;4;4;6;4;2;2;4;4;2;3
Fensterheber;1561;134276;9;0,0274;0;0;4;1;0;2;4;0;4;4
Fensterheber;1561;58344;13;0,0396;0;2;2;0;4;0;0;2;2;2
Fensterheber;1561;100883;9;0,0274;0;0;9;0;8;2;6;2;14;2
Fensterheber;1561;24179;1;0,003;0;2;0;0;0;0;2;0;0;2
Fensterheber;1561;15603;1;0,003;2;5;6;5;6;2;8;5;16;2
Fensterheber;1561;33804;1;0,003;0;18;10;23;14;2;18;6;12;6
Fensterheber;1561;109978;2;0,0061;0;0;0;2;0;0;2;0;2;0
Fensterheber;1561;18679;39;0,1189;2;14;8;8;8;0;6;4;9;2
Fensterheber;1561;1;5;0,0152;0;13;6;14;10;2;11;8;12;9
Fensterheber;1561;18610;10;0,0305;2;6;6;6;6;0;4;6;4;4
Fensterheber;1561;127681;1;0,003;0;0;2;0;3;0;0;0;4;2
Fensterheber;1561;7857;1;0,003;0;0;2;4;2;0;4;4;4;0
Fensterheber;1561;127209;3;0,0091;0;0;2;6;0;0;0;4;5;2
Fensterheber;1561;17873;1;0,003;0;0;8;6;4;2;7;9;4;4
Fensterheber;1561;56266;1;0,003;2;8;6;8;5;0;4;5;5;2
Fensterheber;1561;110038;3;0,0091;0;4;0;0;0;0;0;4;4;0
Fensterheber;1561;145526;1;0,003;0;5;2;2;2;0;0;0;2;0
Fensterheber;1561;28580;1;0,003;0;12;4;8;4;0;12;6;6;4
Fensterheber;1561;24533;1;0,003;0;0;4;5;6;0;6;7;4;0
Fensterheber;1561;17242;1;0,003;0;4;0;6;4;0;8;4;4;0
Fensterheber;1561;119476;1;0,003;0;0;2;0;0;0;0;2;2;0
Fensterheber;1561;18088;1;0,003;2;6;4;2;2;2;2;2;6;0
Fensterheber;1561;26753;1;0,003;2;2;4;8;2;2;4;6;4;4
Fensterheber;1561;138898;1;0,003;0;0;0;0;0;0;0;0;0;0
Fensterheber;1561;10609;7;0,0213;0;12;2;8;2;0;12;4;6;2
Fensterheber;1561;16861;4;0,0122;4;4;4;4;4;4;4;7;4;4
Fensterheber;1561;106378;7;0,0213;0;6;4;4;4;0;2;4;4;4
Fensterheber;1561;18543;2;0,0061;0;2;4;2;0;0;2;0;0;0
Fensterheber;1561;19024;1;0,003;4;4;4;4;4;0;4;8;4;2
Fensterheber;1561;16298;7;0,0213;4;8;8;6;4;2;7;8;4;4
Fensterheber;1561;108062;2;0,0061;0;2;2;2;2;0;0;2;4;0
Fensterheber;1561;19901;7;0,0213;2;10;6;8;6;2;4;4;8;2
Fensterheber;1561;120606;1;0,003;0;0;4;0;4;0;0;4;4;4
Fensterheber;1561;26654;2;0,0061;2;4;0;4;4;0;4;4;4;0
Fensterheber;1561;19858;1;0,003;2;4;4;9;4;0;4;6;12;2
Fensterheber;1561;117015;1;0,003;0;4;0;0;2;0;0;2;2;0
Fensterheber;1561;33409;1;0,003;0;2;4;5;2;2;2;0;4;4
Fensterheber;1561;28731;1;0,003;0;6;4;6;4;0;4;4;8;0
Fensterheber;1561;34955;2;0,0061;0;4;4;5;2;0;4;4;2;2
Fensterheber;1561;17809;3;0,0091;0;4;4;6;2;0;4;4;2;2
Fensterheber;1561;31023;1;0,003;4;4;4;4;4;0;4;6;4;2
Fensterheber;1561;108643;1;0,003;4;4;4;4;4;2;4;4;4;4
Fensterheber;1561;4630;2;0,0061;2;6;2;2;2;0;4;0;2;0
Fensterheber;1561;17725;8;0,0244;4;10;10;16;9;0;15;20;9;4
Fensterheber;1561;18537;1;0,003;0;10;0;0;0;0;5;0;0;0
Fensterheber;1561;8419;1;0,003;2;4;4;4;4;0;6;11;4;2
Fensterheber;1561;55585;2;0,0061;2;2;8;3;2;2;4;6;6;0
Fensterheber;1561;59730;2;0,0061;0;11;4;11;0;0;6;6;12;0
Fensterheber;1561;17306;2;0,0061;0;0;4;0;4;2;4;2;0;2
Fensterheber;1561;115212;1;0,003;0;0;0;2;0;0;2;0;4;0
Fensterheber;1561;5347;1;0,003;0;4;2;2;2;0;4;4;2;0
Fensterheber;1561;28045;2;0,0061;0;0;4;6;4;2;6;2;4;4
Fensterheber;1561;15754;29;0,0884;2;0;4;4;4;4;4;8;4;4
Fensterheber;1561;18969;6;0,0183;4;4;6;4;4;4;6;10;4;4
Fensterheber;1561;34170;1;0,003;0;4;6;4;4;4;8;10;16;2
Fensterheber;1561;18387;17;0,0518;6;6;6;6;8;6;6;13;8;6
Fensterheber;1561;30418;2;0,0061;0;2;4;2;2;0;2;2;6;0
Fensterheber;1561;19357;1;0,003;2;12;10;10;10;0;10;10;16;2
Fensterheber;1561;57763;1;0,003;0;2;6;6;2;4;2;2;12;0
Fensterheber;1561;18954;1;0,003;1;0;6;4;4;0;4;4;4;2
Fensterheber;1561;10435;1;0,003;2;4;4;4;0;0;2;0;4;4
Fensterheber;1561;141778;2;0,0061;0;0;0;0;0;0;0;0;0;0
Fensterheber;1561;10045;2;0,0061;2;6;4;8;6;2;6;2;4;2
Fensterheber;1561;11997;1;0,003;0;0;2;4;2;2;2;2;2;2
Fensterheber;1561;31086;2;0,0061;0;6;4;6;6;0;6;4;4;0
Fensterheber;1561;55332;3;0,0091;0;2;4;4;2;0;2;2;4;2
Fensterheber;1561;16816;20;0,061;0;2;3;4;6;0;4;6;4;0
Fensterheber;1561;28207;2;0,0061;3;4;8;6;4;0;6;4;8;4
Fensterheber;1561;9609;1;0,003;0;4;0;4;4;0;4;6;4;0
Fensterheber;1561;17178;1;0,003;4;4;4;2;4;2;4;4;4;4
Fensterheber;1561;130105;1;0,003;0;2;4;0;6;0;0;6;8;0
Fensterheber;1561;18374;1;0,003;2;0;4;4;4;4;4;8;0;0
Fensterheber;1561;7931;7;0,0213;4;4;6;4;2;2;4;4;2;3
Fensterheber;1561;8931;1;0,003;0;4;6;6;6;0;7;6;6;2
Fensterheber;1561;31115;1;0,003;0;2;2;1;2;0;2;2;2;2
Fensterheber;1561;5413;3;0,0091;4;10;8;8;8;0;8;8;8;2
Fensterheber;1561;15429;14;0,0427;3;9;6;5;5;0;7;16;6;0
Fensterheber;1561;18101;13;0,0396;2;6;6;8;5;0;6;4;4;4
Fensterheber;1561;29954;4;0,0122;2;4;4;4;5;0;4;4;4;2
Fensterheber;1561;17107;3;0,0091;0;0;0;2;0;0;0;0;0;0
Fensterheber;1561;24472;2;0,0061;0;2;2;2;0;0;2;2;2;2
Fensterheber;1561;115489;2;0,0061;0;4;0;0;2;0;0;2;2;0
Fensterheber;1561;31671;15;0,0457;2;2;2;4;2;1;5;2;2;2
Fensterheber;1561;19804;7;0,0213;0;8;0;2;0;0;6;2;4;0
Fensterheber;1561;11126;6;0,0183;2;6;6;6;6;2;6;5;6;0
Fensterheber;1561;117986;2;0,0061;0;2;0;0;2;0;0;2;2;0
Fensterheber;1561;32063;1;0,003;2;2;2;2;2;2;2;0;4;4
Fensterheber;1561;31578;1;0,003;0;0;4;0;6;4;8;4;4;2
Fensterheber;1561;133165;1;0,003;0;6;4;0;0;2;4;0;4;0
Fensterheber;1561;113242;1;0,003;0;0;2;0;2;0;0;2;2;0
Fensterheber;1561;9048;1;0,003;4;6;6;4;2;2;6;2;2;4
Fensterheber;1561;7876;98;0,2987;0;4;2;4;2;0;2;4;4;2
Fensterheber;1561;133655;3;0,0091;0;0;0;0;0;0;0;0;4;4
Fensterheber;1561;116537;1;0,003;0;4;0;0;0;0;0;4;4;0
Fensterheber;1561;145820;4;0,0122;2;0;6;0;0;2;4;0;0;2
Fensterheber;1561;15528;4;0,0122;2;4;2;6;4;2;4;5;4;2
Fensterheber;1561;27532;1;0,003;0;4;2;4;4;0;4;4;4;2
Fensterheber;1561;1392;1;0,003;0;2;1;6;2;0;2;3;0;0
Fensterheber;1561;23227;2;0,0061;4;12;7;0;2;0;12;2;0;0
Fensterheber;1561;147942;1;0,003;0;0;0;0;2;0;0;0;4;0
Fensterheber;1561;26018;7;0,0213;0;4;4;2;4;0;3;4;4;2
Fensterheber;1561;4732;1;0,003;0;0;2;3;4;0;2;0;2;0
Fensterheber;1561;33311;5;0,0152;2;8;4;4;4;2;4;2;4;4
Fensterheber;1561;22559;3;0,0091;0;0;2;0;0;0;0;0;0;0
Fensterheber;1561;23178;8;0,0244;0;6;6;4;4;4;4;6;6;4
Fensterheber;1561;19278;6;0,0183;2;4;4;6;2;0;2;2;10;4
Fensterheber;1561;18336;5;0,0152;0;8;6;6;4;0;6;5;4;2
Fensterheber;1561;22695;9;0,0274;0;0;4;6;4;2;6;2;4;4
Fensterheber;1561;11484;2;0,0061;0;4;2;2;2;0;4;4;2;0
Fensterheber;1561;20474;2;0,0061;0;1;0;0;2;0;2;2;2;0
Fensterheber;1561;16455;1;0,003;0;12;0;6;2;0;12;0;10;0
Fensterheber;1561;15514;1;0,003;0;6;6;6;6;0;7;2;6;2
Fensterheber;1561;32796;11;0,0335;2;8;6;8;5;0;4;5;5;2
Fensterheber;1561;16227;4;0,0122;2;12;10;14;10;0;10;10;16;2
Fensterheber;1561;6442;2;0,0061;0;6;4;4;4;0;4;4;8;2
Fensterheber;1561;10461;2;0,0061;0;4;0;4;0;0;4;0;4;0
Fensterheber;1561;5597;1;0,003;0;2;6;4;6;2;6;6;6;8
Fensterheber;1561;133521;2;0,0061;0;0;6;0;0;4;6;0;6;0
Fensterheber;1561;52829;1;0,003;0;0;4;0;4;0;4;2;4;2
Fensterheber;1561;16919;10;0,0305;6;20;14;16;15;0;15;20;15;5
Fensterheber;1561;26659;12;0,0366;2;6;6;9;4;0;6;2;4;2
Fensterheber;1561;107799;2;0,0061;0;0;0;0;6;2;5;1;4;6
Fensterheber;1561;22553;6;0,0183;4;4;2;4;2;0;4;11;4;2
Fensterheber;1561;14586;1;0,003;6;6;4;4;4;0;4;8;4;2
Fensterheber;1561;7247;7;0,0213;2;6;4;5;6;0;6;5;4;0
Fensterheber;1561;19101;7;0,0213;4;4;6;6;4;4;6;14;4;4
Fensterheber;1561;23857;3;0,0091;0;2;0;2;2;0;2;0;3;0
Fensterheber;1561;19827;1;0,003;4;4;4;4;4;2;4;4;4;4
Fensterheber;1561;32794;5;0,0152;2;8;6;8;5;0;4;5;5;2
Fensterheber;1561;16335;4;0,0122;2;22;4;10;8;0;10;2;14;2
Fensterheber;1561;107793;3;0,0091;0;0;0;0;6;2;5;1;4;6
Fensterheber;1561;15536;2;0,0061;2;2;6;6;4;2;7;5;6;4
Fensterheber;1561;59459;1;0,003;0;0;4;0;6;4;0;4;4;2
Fensterheber;1561;17270;37;0,1128;0;0;4;3;2;2;2;2;2;2
Fensterheber;1561;133018;2;0,0061;0;2;4;2;2;0;2;5;4;0
Fensterheber;1561;55599;1;0,003;0;6;4;4;4;0;2;4;4;4
Fensterheber;1561;26629;2;0,0061;2;10;10;11;9;0;10;1;15;2
Fensterheber;1561;112128;2;0,0061;0;0;0;0;6;2;5;1;4;6
Fensterheber;1561;55118;1;0,003;0;2;4;4;4;0;7;4;4;2
Fensterheber;1561;126889;4;0,0122;0;2;0;3;5;0;4;2;6;0
Fensterheber;1561;23464;2;0,0061;0;6;4;8;4;0;6;6;4;2
Fensterheber;1561;28252;1;0,003;0;4;4;5;2;2;4;0;10;4
Fensterheber;1561;10972;1;0,003;0;6;2;2;2;0;4;2;2;0
Fensterheber;1561;24499;5;0,0152;2;8;6;8;5;0;4;6;5;2
Fensterheber;1561;16209;4;0,0122;0;0;4;4;2;0;2;3;6;0
Fensterheber;1561;9897;2;0,0061;0;2;4;2;4;0;2;4;2;2
Fensterheber;1561;16829;1;0,003;0;0;0;0;1;0;0;0;2;0
Fensterheber;1561;10011;1;0,003;0;4;0;8;16;0;4;8;6;0
Fensterheber;1561;18221;2;0,0061;0;2;2;2;2;0;4;0;2;0
Fensterheber;1561;4779;5;0,0152;0;2;2;4;2;0;2;2;2;0
Fensterheber;1561;8422;1;0,003;0;2;0;0;2;0;2;0;2;0
Fensterheber;1561;3639;1;0,003;0;0;2;2;2;0;4;0;4;0
Fensterheber;1561;133176;2;0,0061;0;6;4;0;4;0;14;0;4;0
Fensterheber;1561;18296;1;0,003;0;0;4;6;6;0;4;8;6;4
Fensterheber;1561;16008;1;0,003;6;6;4;4;4;0;4;8;4;2
Fensterheber;1561;9256;7;0,0213;2;4;2;6;4;0;4;4;4;2
Fensterheber;1561;50239;1;0,003;0;6;2;0;2;0;4;2;2;0
Fensterheber;1561;14443;9;0,0274;0;2;6;4;6;2;6;6;6;8
Fensterheber;1561;26604;1;0,003;0;10;0;5;2;0;9;4;4;0
Fensterheber;1561;11293;23;0,0701;0;2;0;0;0;0;2;0;0;2
Fensterheber;1561;9934;5;0,0152;0;0;0;4;4;0;0;2;4;0
Fensterheber;1561;22670;2;0,0061;0;0;4;0;4;0;4;2;4;2
Fensterheber;1561;129055;1;0,003;0;0;4;0;0;0;6;0;10;2
Fensterheber;1561;15509;1;0,003;2;0;4;3;4;4;4;8;4;4
Fensterheber;1561;18191;1;0,003;0;0;4;3;2;2;2;2;2;2
Fensterheber;1561;23465;1;0,003;0;6;4;8;4;0;6;6;4;2
Fensterheber;1561;17936;2;0,0061;0;6;4;4;3;0;0;4;4;0
Fensterheber;1561;20050;2;0,0061;2;6;6;6;6;2;6;8;6;0
Fensterheber;1561;18373;1;0,003;2;0;4;4;4;4;4;8;0;0
Fensterheber;1561;4541;1;0,003;0;0;1;5;2;0;5;4;2;0
Fensterheber;1561;19147;1;0,003;0;4;0;4;4;0;3;2;8;0
Fensterheber;1561;17702;17;0,0518;2;10;8;10;4;0;10;15;10;4
Fensterheber;1561;106012;1;0,003;0;0;0;0;0;2;4;0;0;0
Fensterheber;1561;54943;1;0,003;6;8;10;2;6;0;6;17;10;2
Fensterheber;1561;4534;3;0,0091;0;2;0;4;2;0;4;2;2;0
Fensterheber;1561;126566;1;0,003;0;0;0;0;0;0;0;0;0;0
Fensterheber;1561;18325;1;0,003;0;0;2;0;0;0;0;0;0;0
Fensterheber;1561;10582;1;0,003;0;5;0;2;2;0;2;2;4;0
Fensterheber;1561;12088;1;0,003;0;4;4;6;4;0;4;6;6;4
Fensterheber;1561;33712;1;0,003;0;0;4;4;6;0;6;7;4;0
Fensterheber;1561;13362;34;0,1036;2;6;6;8;6;2;6;8;8;2
Fensterheber;1561;5405;1;0,003;0;0;2;5;8;0;8;0;8;3
Fensterheber;1561;19108;1;0,003;0;5;4;4;2;0;6;2;4;4
Fensterheber;1561;29991;9;0,0274;2;2;2;2;2;2;2;0;4;4
Fensterheber;1561;32807;1;0,003;0;2;0;4;0;0;2;0;2;0
Fensterheber;1561;19859;12;0,0366;0;2;4;2;4;0;2;4;2;2
Fensterheber;1561;4022;2;0,0061;0;2;0;2;4;0;2;2;6;0
Fensterheber;1561;19922;7;0,0213;2;6;4;6;4;0;4;6;4;2
Fensterheber;1561;140459;1;0,003;0;2;0;0;0;0;0;0;2;0
Fensterheber;1561;4537;3;0,0091;0;6;2;7;10;0;5;6;4;0
Fensterheber;1561;19068;1;0,003;0;0;0;0;2;0;0;8;2;0
Fensterheber;1561;109519;2;0,0061;0;0;2;0;2;0;0;2;2;2
Fensterheber;1561;18407;5;0,0152;2;0;4;4;4;4;4;8;0;0
Fensterheber;1561;56806;8;0,0244;0;4;0;2;0;0;2;0;2;0
Fensterheber;1561;29929;4;0,0122;0;4;4;4;4;0;3;8;4;4
Fensterheber;1561;100035;2;0,0061;2;4;4;4;2;0;4;4;4;4
Fensterheber;1561;16888;1;0,003;0;0;0;4;0;0;0;0;0;0
Fensterheber;1561;3317;1;0,003;0;6;2;2;2;0;4;2;2;0
Fensterheber;1561;1905;7;0,0213;0;2;2;2;2;0;2;6;2;2
Fensterheber;1561;18510;4;0,0122;0;8;6;8;4;2;4;2;4;2
Fensterheber;1561;1625;2;0,0061;0;0;0;2;0;0;0;0;0;0
Fensterheber;1561;135352;1;0,003;0;0;0;0;0;0;0;0;4;4
Fensterheber;1561;8375;1;0,003;0;0;0;0;0;0;0;0;0;0
Fensterheber;1561;10139;1;0,003;0;2;0;2;2;0;2;2;2;0
Fensterheber;1561;16358;1;0,003;0;4;2;6;2;0;2;2;2;0
Fensterheber;1561;16361;12;0,0366;2;10;8;10;10;0;10;12;10;4
Fensterheber;1561;11114;1;0,003;0;6;6;10;6;0;6;8;8;0
Fensterheber;1561;34981;31;0,0945;0;4;6;4;6;0;4;5;4;4
Fensterheber;1561;132224;1;0,003;0;0;4;0;4;0;4;0;4;0
Fensterheber;1561;33263;1;0,003;0;2;2;0;2;0;6;3;4;0
Fensterheber;1561;31008;2;0,0061;4;4;4;4;0;2;4;4;4;4
Fensterheber;1561;16322;4;0,0122;4;4;4;4;4;4;4;8;4;4
Fensterheber;1561;16999;2;0,0061;0;2;0;6;0;0;2;0;4;0
Fensterheber;1561;126881;3;0,0091;0;0;0;2;0;0;2;0;2;0
Fensterheber;1561;33012;1;0,003;4;0;2;4;0;0;0;0;4;4
Fensterheber;1561;23441;1;0,003;0;2;4;4;4;0;4;2;4;2
Fensterheber;1561;8014;1;0,003;2;6;4;4;4;0;3;4;6;2
Fensterheber;1561;115206;66;0,2012;2;4;4;0;2;4;4;4;4;4
Fensterheber;1561;9984;1;0,003;0;6;4;7;4;0;10;8;10;2
Fensterheber;1561;16012;2;0,0061;6;6;4;4;4;0;4;8;4;2
Fensterheber;1561;55571;2;0,0061;0;4;0;2;4;0;2;0;2;2
Fensterheber;1561;14268;16;0,0488;2;10;8;8;6;2;10;12;8;4
Fensterheber;1561;128136;2;0,0061;0;6;0;0;0;0;0;4;6;2
Fensterheber;1561;13180;9;0,0274;0;5;3;2;8;0;4;8;4;0
Fensterheber;1561;33706;1;0,003;0;4;4;2;2;0;0;2;2;2
Fensterheber;1561;108150;1;0,003;0;4;4;2;2;0;0;2;2;2
Fensterheber;1561;16208;1;0,003;0;4;0;4;4;0;2;2;8;0
Fensterheber;1561;23072;45;0,1372;2;14;10;8;8;0;8;10;12;2
Fensterheber;1561;19821;7;0,0213;3;8;8;6;4;0;6;5;8;4
Fensterheber;1561;33427;2;0,0061;4;4;4;4;4;2;4;8;4;0
Fensterheber;1561;5197;1;0,003;0;0;2;14;4;0;5;6;10;0
Fensterheber;1561;18310;1;0,003;0;2;4;2;2;0;2;2;4;0
Fensterheber;1561;16270;4;0,0122;0;8;4;6;6;0;6;8;10;0
Fensterheber;1561;26615;1;0,003;0;9;4;7;4;0;9;4;6;2
Fensterheber;1561;119839;10;0,0305;0;8;4;4;4;0;8;4;4;0
Fensterheber;1561;101157;1;0,003;0;0;0;0;0;0;4;2;0;0
Fensterheber;1561;22054;3;0,0091;0;0;0;0;2;0;2;0;2;0
Fensterheber;1561;23470;3;0,0091;0;0;0;4;4;0;0;2;4;0
Fensterheber;1561;16922;5;0,0152;0;9;6;4;2;0;8;5;8;2
Fensterheber;1561;32949;1;0,003;0;0;2;0;4;0;0;4;0;0
Fensterheber;1561;100059;10;0,0305;2;4;4;4;0;0;2;0;4;4
Fensterheber;1561;9903;2;0,0061;0;2;2;2;2;0;2;0;2;0
Fensterheber;1561;109439;2;0,0061;0;2;0;0;0;0;2;0;0;2
Fensterheber;1561;18678;1;0,003;2;4;2;0;0;0;4;4;0;0
Fensterheber;1561;117867;28;0,0854;0;10;4;4;4;0;8;4;4;0
Fensterheber;1561;4752;1;0,003;0;4;0;4;4;0;2;4;4;0
Fensterheber;1561;18566;1;0,003;0;2;0;6;8;0;6;6;8;0
Fensterheber;1561;59008;1;0,003;0;0;0;0;0;0;0;0;0;0
Fensterheber;1561;19585;3;0,0091;2;8;6;10;8;0;6;10;8;2
Fensterheber;1561;130834;1;0,003;0;8;0;0;0;0;0;4;4;0
Fensterheber;1561;17395;44;0,1341;2;4;6;8;6;2;4;6;8;2
Fensterheber;1561;26603;1;0,003;0;8;0;8;4;0;8;10;4;0
Fensterheber;1561;20800;1;0,003;2;2;6;4;4;0;4;4;10;2
Fensterheber;1561;32277;1;0,003;0;0;0;3;2;0;4;3;2;2
Fensterheber;1561;18726;8;0,0244;4;10;6;9;4;2;4;10;6;4
Fensterheber;1561;13182;6;0,0183;0;18;6;8;12;0;14;12;14;0
Fensterheber;1561;15669;8;0,0244;4;4;4;4;4;0;4;4;4;2
Fensterheber;1561;1068;1;0,003;0;0;0;2;0;0;0;0;0;0
Fensterheber;1561;58791;1;0,003;0;0;0;0;2;0;1;2;4;0
Fensterheber;1561;19157;4;0,0122;0;2;0;6;0;0;2;0;4;0
Fensterheber;1561;4755;3;0,0091;0;2;2;6;6;0;2;4;6;0
Fensterheber;1561;113191;1;0,003;0;3;6;2;4;0;10;4;10;2
Fensterheber;1561;20403;1;0,003;0;9;4;4;2;0;6;4;8;2
Fensterheber;1561;59385;2;0,0061;0;4;0;2;2;0;1;2;4;0
Fensterheber;1561;8982;8;0,0244;0;8;2;4;4;0;6;6;4;0
Fensterheber;1561;33133;2;0,0061;0;2;4;6;4;0;10;12;6;0
Fensterheber;1561;117770;1;0,003;0;0;0;0;0;0;0;0;0;0
Fensterheber;1561;108640;2;0,0061;6;2;6;0;6;6;6;3;6;4
Fensterheber;1561;18693;14;0,0427;0;8;0;6;7;0;10;12;8;0
Fensterheber;1561;32048;1;0,003;0;0;0;6;0;0;8;0;4;0
Fensterheber;1561;120721;1;0,003;0;8;4;4;4;0;8;4;4;0
Fensterheber;1561;26492;9;0,0274;0;0;9;0;8;2;6;12;14;2
Fensterheber;1561;24508;4;0,0122;2;8;6;8;5;0;4;6;5;2
Fensterheber;1561;19496;3;0,0091;4;4;6;6;4;4;6;14;4;4
Fensterheber;1561;113674;1;0,003;0;4;4;2;6;0;6;4;4;0
Fensterheber;1561;58134;2;0,0061;0;11;2;2;2;0;5;2;2;2
Fensterheber;1561;8047;1;0,003;0;0;2;2;0;0;0;0;0;2
Fensterheber;1561;13360;31;0,0945;0;4;4;4;4;0;4;0;4;0
Fensterheber;1561;17817;21;0,064;2;6;2;4;5;0;0;3;4;5
Fensterheber;1561;18780;4;0,0122;2;14;10;8;8;0;8;10;12;2
Fensterheber;1561;17009;21;0,064;6;6;2;6;2;4;4;10;2;2
Fensterheber;1561;19700;1;0,003;0;4;0;8;4;0;8;0;4;0
Fensterheber;1561;112367;1;0,003;0;6;0;4;4;0;0;2;4;2
Fensterheber;1561;5717;7;0,0213;2;11;12;14;10;4;12;8;10;6
Fensterheber;1561;121586;1;0,003;0;4;0;0;0;0;0;0;0;0
Fensterheber;1561;5376;2;0,0061;0;6;2;12;2;0;3;5;4;2
Fensterheber;1561;16739;1;0,003;0;2;4;7;2;0;4;6;4;2
Fensterheber;1561;7894;3;0,0091;4;4;8;6;4;0;6;4;8;0
Fensterheber;1561;56748;2;0,0061;0;4;4;6;4;0;6;8;6;2
Fensterheber;1561;110060;1;0,003;4;4;6;2;4;4;8;4;4;4
Fensterheber;1561;22944;44;0,1341;2;8;4;4;2;2;4;6;4;2
Fensterheber;1561;18920;8;0,0244;6;6;6;6;6;6;6;13;8;6
Fensterheber;1561;25471;19;0,0579;0;0;6;6;4;4;6;12;4;4
Fensterheber;1561;5724;32;0,0975;0;0;8;8;6;2;7;8;4;4
Fensterheber;1561;13995;4;0,0122;0;6;2;6;2;0;2;2;2;0
Fensterheber;1561;24458;5;0,0152;4;8;4;8;6;0;7;4;4;2
Fensterheber;1561;11056;5;0,0152;0;12;12;19;12;0;16;9;18;6
Fensterheber;1561;10313;9;0,0274;2;2;6;2;4;4;8;4;4;4
Fensterheber;1561;141303;1;0,003;0;0;2;0;0;0;0;0;0;0
Fensterheber;1561;18785;9;0,0274;4;10;10;16;9;0;15;20;9;4
Fensterheber;1561;24506;4;0,0122;2;8;6;8;5;0;4;6;5;2
Fensterheber;1561;16272;11;0,0335;0;9;6;4;2;0;8;6;8;2
Fensterheber;1561;19443;1;0,003;0;9;4;8;8;0;8;4;4;2
Fensterheber;1561;106465;2;0,0061;0;4;0;6;6;0;2;4;6;0
Fensterheber;1561;4029;1;0,003;0;10;3;8;6;0;8;8;6;0
Fensterheber;1561;8773;8;0,0244;4;2;4;4;2;4;4;4;2;3
Fensterheber;1561;23267;9;0,0274;0;0;4;3;2;2;4;3;2;2
Fensterheber;1561;16595;1;0,003;2;8;2;7;4;0;8;11;4;3
Fensterheber;1561;6323;1;0,003;4;2;8;4;2;4;4;4;2;3
Fensterheber;1561;59224;2;0,0061;0;0;0;2;4;0;4;2;4;2
Fensterheber;1561;18787;13;0,0396;2;10;10;10;9;0;10;18;9;4
Fensterheber;1561;58945;28;0,0854;2;2;4;8;2;2;4;6;4;4
Fensterheber;1561;16105;24;0,0732;6;6;12;8;7;6;9;13;12;8
Fensterheber;1561;519;20;0,061;0;0;4;1;2;4;4;0;4;4
Fensterheber;1561;22676;3;0,0091;0;12;8;7;8;0;8;10;8;4
Fensterheber;1561;34166;1;0,003;0;4;6;4;4;4;8;10;16;2
Fensterheber;1561;7378;3;0,0091;4;10;6;6;6;4;8;6;6;4
Fensterheber;1561;112338;1;0,003;2;6;4;2;2;0;4;4;4;0
Fensterheber;1561;7241;1;0,003;0;4;0;8;2;0;4;0;4;0
Fensterheber;1561;15591;1;0,003;3;5;6;5;5;0;7;12;6;0
Fensterheber;1561;16223;14;0,0427;0;4;0;8;5;0;8;8;8;0
Fensterheber;1561;10203;2;0,0061;0;6;6;11;4;0;7;8;8;0
Fensterheber;1561;31010;2;0,0061;4;4;4;4;4;2;4;4;4;4
Fensterheber;1561;14585;5;0,0152;6;6;4;4;4;0;4;8;4;2
Fensterheber;1561;25475;33;0,1006;0;0;6;4;4;4;6;8;4;4
Fensterheber;1561;18968;4;0,0122;4;4;6;6;4;4;6;14;4;4
Fensterheber;1561;19817;51;0,1555;6;14;9;14;10;2;14;12;14;2
Fensterheber;1561;9645;17;0,0518;6;14;10;15;16;0;12;22;8;4
Fensterheber;1561;57456;17;0,0518;4;4;4;8;2;4;6;6;4;4
Fensterheber;1561;22947;9;0,0274;2;6;4;4;2;2;4;4;4;2
Fensterheber;1561;5277;6;0,0183;0;4;14;12;12;0;6;9;8;6
Fensterheber;1561;17734;2;0,0061;2;10;10;10;9;0;10;18;9;4
Fensterheber;1561;7907;8;0,0244;4;10;8;4;6;4;8;10;6;4
Fensterheber;1561;57508;3;0,0091;0;0;0;0;0;0;0;0;0;0
Fensterheber;1561;28830;1;0,003;0;6;4;0;4;0;7;6;11;0
Fensterheber;1561;15070;4;0,0122;4;10;8;8;8;0;8;12;8;2
Fensterheber;1561;29988;1;0,003;2;18;12;19;12;0;16;9;18;6
Fensterheber;1561;8366;4;0,0122;0;5;3;2;8;0;4;0;4;0
Fensterheber;1561;31525;8;0,0244;0;0;6;6;4;0;6;2;2;2
Fensterheber;1561;19466;10;0,0305;2;4;4;4;2;0;4;2;4;4
Fensterheber;1561;20113;2;0,0061;4;4;4;4;4;2;4;4;4;4
Fensterheber;1561;28203;3;0,0091;4;8;8;6;4;0;6;4;8;4
Fensterheber;1561;11517;1;0,003;0;4;4;6;4;0;2;6;4;0
Fensterheber;1561;17203;2;0,0061;0;18;6;8;8;0;12;6;10;4
Fensterheber;1561;32087;4;0,0122;0;4;4;6;4;0;4;6;6;4
Fensterheber;1561;17805;1;0,003;0;4;4;6;2;0;4;4;2;2
Fensterheber;1561;7835;2;0,0061;4;6;4;9;4;4;5;9;4;4
Fensterheber;1561;16292;2;0,0061;4;8;6;2;4;2;4;6;4;4
Fensterheber;1561;32388;1;0,003;4;8;4;2;6;0;7;4;4;2
Fensterheber;1561;128467;2;0,0061;2;4;4;2;2;0;0;0;4;2
Fensterheber;1561;125997;1;0,003;4;4;0;4;2;4;6;6;4;4
Fensterheber;1561;132995;2;0,0061;0;4;0;0;0;0;0;2;2;2
Fensterheber;1561;14406;47;0,1433;0;14;8;4;12;0;8;13;12;6
Fensterheber;1561;23169;3;0,0091;2;6;4;2;2;2;4;4;4;2
Fensterheber;1561;34489;2;0,0061;0;0;6;6;5;2;4;4;16;0
Fensterheber;1561;31549;2;0,0061;2;4;4;4;4;0;4;8;4;2
Fensterheber;1561;119472;1;0,003;0;0;2;0;0;0;0;2;2;0
Fensterheber;1561;3728;6;0,0183;2;6;2;2;2;0;4;0;2;0
Fensterheber;1561;963;1;0,003;0;12;4;12;8;0;8;4;8;3
Fensterheber;1561;107956;1;0,003;2;6;6;2;9;2;6;3;8;0
Fensterheber;1561;118515;1;0,003;0;2;2;2;3;0;0;0;4;2
Fensterheber;1561;18015;6;0,0183;4;4;4;4;4;2;4;8;4;0
Fensterheber;1561;16477;2;0,0061;2;4;4;2;16;0;4;6;6;0
Fensterheber;1561;33725;5;0,0152;0;12;6;14;10;2;11;8;12;10
Fensterheber;1561;16275;4;0,0122;0;9;4;4;2;0;6;4;8;2
Fensterheber;1561;58610;1;0,003;2;8;10;0;10;0;10;7;16;0
Fensterheber;1561;19477;1;0,003;4;4;4;4;4;2;3;3;4;4
Fensterheber;1561;112330;2;0,0061;0;0;4;2;6;0;6;2;4;0
Fensterheber;1561;8453;1;0,003;2;11;12;14;10;4;12;8;10;6
Fensterheber;1561;16476;1;0,003;0;2;2;2;2;0;2;0;2;0
Fensterheber;1561;754;24;0,0732;0;8;6;5;4;2;8;8;4;2
Fensterheber;1561;4538;5;0,0152;0;2;2;5;4;0;5;4;4;0
Fensterheber;1561;20003;9;0,0274;4;8;6;2;4;2;4;6;4;4
Fensterheber;1561;15969;1;0,003;0;7;0;5;4;0;5;2;6;0
Fensterheber;1561;32609;38;0,1158;2;0;2;0;2;0;2;0;4;2
Fensterheber;1561;53379;2;0,0061;0;4;0;2;6;0;6;7;4;0
Fensterheber;1561;19834;3;0,0091;0;0;6;4;4;4;6;8;4;4
Fensterheber;1561;338;1;0,003;0;0;8;6;2;0;6;5;2;0
Fensterheber;1561;31518;3;0,0091;0;0;6;8;4;0;6;2;4;2
Fensterheber;1561;9317;2;0,0061;2;0;0;0;0;2;11;4;14;2
Fensterheber;1561;123535;1;0,003;0;6;0;0;0;0;1;0;2;0
Fensterheber;1561;18399;14;0,0427;2;0;4;4;4;4;4;8;0;0
Fensterheber;1561;3801;2;0,0061;0;2;3;10;6;0;10;8;10;0
Fensterheber;1561;20039;2;0,0061;2;6;6;9;9;2;6;10;10;0
Fensterheber;1561;16684;3;0,0091;0;5;4;4;2;0;6;2;4;4
Fensterheber;1561;13160;1;0,003;2;10;8;8;6;2;10;8;8;4
Fensterheber;1561;137724;7;0,0213;0;4;2;0;0;0;0;4;2;2
Fensterheber;1561;17079;5;0,0152;2;6;10;6;16;4;8;4;6;6
Fensterheber;1561;31554;10;0,0305;0;0;4;0;4;0;4;6;4;2
Fensterheber;1561;16124;3;0,0091;2;4;4;4;4;0;4;4;4;2
Fensterheber;1561;17806;3;0,0091;0;4;4;6;2;0;4;4;2;2
Fensterheber;1561;17148;3;0,0091;4;4;4;4;4;4;4;7;4;4
Fensterheber;1561;33674;1;0,003;0;6;6;4;4;4;4;6;6;4
Fensterheber;1561;22470;2;0,0061;0;2;2;1;2;0;2;2;2;2
Fensterheber;1561;30359;13;0,0396;0;9;4;8;6;0;7;4;8;0
Fensterheber;1561;8996;1;0,003;2;12;4;8;4;0;10;8;10;4
Fensterheber;1561;28263;1;0,003;0;2;2;2;2;0;2;0;2;0
Fensterheber;1561;32249;12;0,0366;2;0;9;2;10;2;6;8;14;2
Fensterheber;1561;4073;1;0,003;0;2;0;2;2;0;2;2;0;0
Fensterheber;1561;29995;10;0,0305;2;2;2;2;2;2;2;0;4;4
Fensterheber;1561;15297;1;0,003;0;12;3;7;6;0;8;6;6;2
Fensterheber;1561;34461;1;0,003;0;0;6;6;5;2;8;4;16;0
Fensterheber;1561;10041;3;0,0091;4;6;14;15;16;0;12;24;8;4
Fensterheber;1561;39271;1;0,003;2;4;4;2;2;0;0;0;4;2
Fensterheber;1561;32256;3;0,0091;0;0;0;3;2;0;2;3;2;2
Fensterheber;1561;139308;1;0,003;0;0;0;0;4;0;6;0;4;0
Fensterheber;1561;31546;5;0,0152;2;2;4;4;4;0;4;8;4;2
Fensterheber;1561;100831;1;0,003;0;0;0;0;0;0;0;0;2;0
Fensterheber;1561;12145;2;0,0061;2;6;6;0;2;2;6;7;6;0
Fensterheber;1561;31074;4;0,0122;0;5;4;6;4;0;9;4;4;0
Fensterheber;1561;113894;1;0,003;2;2;4;0;2;0;2;2;6;2
Fensterheber;1561;100796;5;0,0152;6;2;6;0;6;6;6;4;6;6
Fensterheber;1561;59120;2;0,0061;4;4;4;8;2;4;6;6;4;4
Fensterheber;1561;1051;1;0,003;0;3;6;10;4;0;10;4;10;2
Fensterheber;1561;18605;26;0,0793;6;6;12;8;7;6;9;13;12;8
Fensterheber;1561;34953;1;0,003;0;4;4;5;2;0;4;4;2;2
Fensterheber;1561;112391;5;0,0152;2;6;4;3;6;0;6;2;4;0
Fensterheber;1561;45639;1;0,003;0;0;0;0;0;0;4;0;2;0
Fensterheber;1561;16939;1;0,003;0;0;4;6;4;0;4;4;4;0
Fensterheber;1561;57355;1;0,003;0;0;0;5;2;0;6;2;2;0
Fensterheber;1561;57257;1;0,003;0;2;4;4;2;0;2;4;4;2
Fensterheber;1561;14587;2;0,0061;6;6;4;4;4;0;4;8;4;2
Fensterheber;1561;28253;3;0,0091;0;4;4;5;2;2;4;0;10;4
Fensterheber;1561;9644;2;0,0061;4;6;14;15;16;0;12;24;8;4
Fensterheber;1561;1718;1;0,003;2;4;6;4;6;0;3;2;4;3
Fensterheber;1561;106386;2;0,0061;0;2;4;4;2;0;2;0;4;2
Fensterheber;1561;6653;2;0,0061;0;0;6;6;4;0;6;2;2;2
Fensterheber;1561;18523;3;0,0091;4;10;8;6;4;2;4;10;6;6
Fensterheber;1561;11045;1;0,003;0;4;4;4;12;0;6;9;4;0
Fensterheber;1561;22547;13;0,0396;0;0;2;4;2;2;2;2;2;2
Fensterheber;1561;16332;215;0,6554;6;4;12;8;7;6;9;13;12;8
Fensterheber;1561;22554;3;0,0091;4;4;2;4;2;0;4;11;4;2
Fensterheber;1561;18923;4;0,0122;2;4;4;4;2;0;4;2;4;4
Fensterheber;1561;1914;3;0,0091;2;4;6;4;6;0;3;2;4;3
Fensterheber;1561;32625;15;0,0457;2;2;2;2;2;2;2;0;4;4
Fensterheber;1561;24493;4;0,0122;1;0;0;6;0;0;4;2;0;0
Fensterheber;1561;105905;1;0,003;0;6;2;2;2;0;2;2;2;0
Fensterheber;1561;115581;1;0,003;0;2;4;4;2;0;4;2;4;3
Fensterheber;1561;17359;4;0,0122;2;4;4;3;2;0;4;4;2;2
Fensterheber;1561;20100;3;0,0091;2;2;0;6;4;0;4;6;4;2
Fensterheber;1561;25442;1;0,003;0;0;2;0;2;0;2;0;2;2
Fensterheber;1561;131314;1;0,003;0;2;4;4;2;0;2;0;4;4
Fensterheber;1561;17816;11;0,0335;2;6;2;4;5;0;0;3;4;5
Fensterheber;1561;132157;1;0,003;0;2;0;0;4;0;0;2;2;2
Fensterheber;1561;14791;4;0,0122;0;4;2;6;2;0;2;2;2;0
Fensterheber;1561;18084;1;0,003;2;4;2;2;2;0;2;0;2;0
Fensterheber;1561;17318;3;0,0091;0;2;4;2;2;0;2;2;2;0
Fensterheber;1561;3784;16;0,0488;0;0;0;2;0;0;2;0;2;0
Fensterheber;1561;34246;1;0,003;4;16;6;4;4;4;8;10;16;2
Fensterheber;1561;1673;4;0,0122;5;2;8;4;2;0;4;2;6;6
Fensterheber;1561;16442;1;0,003;0;4;2;6;4;0;2;4;4;0
Fensterheber;1561;58767;2;0,0061;4;4;4;0;4;2;4;4;4;4
Fensterheber;1561;32910;3;0,0091;0;4;0;2;2;0;1;2;4;0
Fensterheber;1561;14560;1;0,003;6;6;10;8;8;2;10;16;6;6
Fensterheber;1561;130100;1;0,003;0;2;4;0;6;0;0;6;8;0
Fensterheber;1561;107958;9;0,0274;2;6;6;0;6;2;6;1;6;0
Fensterheber;1561;9400;7;0,0213;0;0;2;10;2;2;6;6;0;2
Fensterheber;1561;19615;1;0,003;6;6;2;6;2;4;4;10;2;2
Fensterheber;1561;31550;12;0,0366;0;2;4;0;4;0;4;6;4;2
Fensterheber;1561;33252;16;0,0488;0;0;4;6;4;4;4;6;4;4
Fensterheber;1561;14815;7;0,0213;0;12;4;8;8;0;4;12;8;3
Fensterheber;1561;19172;1;0,003;0;0;2;0;0;0;4;4;0;0
Fensterheber;1561;13363;64;0,1951;2;8;6;8;6;2;6;8;8;2
Fensterheber;1561;30487;1;0,003;0;2;4;4;4;0;3;4;6;2
Fensterheber;1561;3807;1;0,003;0;4;2;2;4;0;2;2;2;0
Fensterheber;1561;33675;37;0,1128;2;4;4;4;2;4;4;6;4;4
Fensterheber;1561;18075;1;0,003;0;12;8;6;8;0;8;10;8;4
Fensterheber;1561;525;1;0,003;0;0;0;0;0;0;0;0;0;0
Fensterheber;1561;4835;2;0,0061;2;0;8;6;4;0;4;7;4;3
Fensterheber;1561;28621;1;0,003;2;4;8;4;6;0;6;6;4;4
Fensterheber;1561;33076;1;0,003;0;2;4;2;4;0;2;4;2;2
Fensterheber;1561;133716;1;0,003;0;2;0;0;0;0;0;0;0;0
Fensterheber;1561;58144;1;0,003;0;11;2;2;2;0;5;2;2;2
Fensterheber;1561;139160;17;0,0518;0;2;0;0;4;0;4;2;4;2
Fensterheber;1561;28198;12;0,0366;2;8;4;10;4;0;4;6;4;0
Fensterheber;1561;19487;3;0,0091;0;0;2;0;0;0;4;4;0;0
Fensterheber;1561;23701;1;0,003;0;2;2;0;4;0;2;1;6;0
Fensterheber;1561;18569;1;0,003;0;2;0;6;8;0;6;6;8;0
Fensterheber;1561;15891;4;0,0122;2;8;4;2;4;0;4;2;2;2
Fensterheber;1561;16985;1;0,003;4;4;4;4;4;4;4;8;4;4
Fensterheber;1561;16625;2;0,0061;0;6;2;6;4;0;2;6;4;0
Fensterheber;1561;19224;1;0,003;0;2;8;8;6;2;8;6;8;4
Fensterheber;1561;15479;1;0,003;2;12;10;10;10;0;10;10;16;2
Fensterheber;1561;15725;14;0,0427;2;10;8;8;6;2;10;12;8;4
Fensterheber;1561;6667;2;0,0061;0;6;4;6;6;0;6;4;4;0
Fensterheber;1561;2484;4;0,0122;0;4;4;12;6;0;6;8;4;2
Fensterheber;1561;18066;48;0,1463;0;0;4;6;4;4;4;8;4;4
Fensterheber;1561;107936;2;0,0061;2;6;4;3;6;0;6;2;4;0
Fensterheber;1561;18145;17;0,0518;4;4;4;4;4;0;4;4;4;2
Fensterheber;1561;15454;17;0,0518;6;12;8;8;8;2;8;16;8;4
Fensterheber;1561;19679;2;0,0061;0;0;4;4;4;0;4;4;4;2
Fensterheber;1561;17278;206;0,628;6;6;6;6;6;6;6;13;8;6
Fensterheber;1561;19693;4;0,0122;0;4;4;6;2;0;4;4;2;2
Fensterheber;1561;114582;2;0,0061;0;6;4;6;4;0;6;2;6;2
Fensterheber;1561;9055;6;0,0183;2;14;10;12;10;0;6;10;10;1
Fensterheber;1561;5595;19;0,0579;0;2;6;4;6;2;6;6;6;8
Fensterheber;1561;17281;10;0,0305;6;6;6;6;8;6;6;13;8;6
Fensterheber;1561;31319;11;0,0335;0;0;4;6;4;4;4;6;4;4
Fensterheber;1561;55591;1;0,003;0;2;0;0;2;0;4;4;0;2
Fensterheber;1561;19251;3;0,0091;0;4;2;4;4;0;4;4;4;2
Fensterheber;1561;16201;41;0,125;6;12;8;8;8;2;8;16;8;4
Fensterheber;1561;117453;20;0,061;2;4;4;1;2;4;4;0;4;4
Fensterheber;1561;34956;2;0,0061;0;4;4;5;2;0;4;4;2;2
Fensterheber;1561;15550;38;0,1158;2;6;4;8;6;2;6;2;4;2
Fensterheber;1561;8772;3;0,0091;2;0;8;4;2;2;4;4;2;3
Fensterheber;1561;57398;2;0,0061;0;4;0;0;2;0;0;2;2;0
Fensterheber;1561;10025;5;0,0152;6;10;8;8;10;4;10;2;8;4
Fensterheber;1561;20911;3;0,0091;2;0;4;4;4;4;4;8;0;0
Fensterheber;1561;23385;4;0,0122;0;10;8;16;4;0;14;9;12;2
Fensterheber;1561;33690;2;0,0061;0;0;2;6;2;0;2;6;6;2
