NORMSEARCHWORD;SUMMCNT;CNT_WITH_KART;CNT_NOT_FOUND;CNT_NO_KART;QTY_POS;GENART_QTY_POS;GENART_DLNR_QTY_POS;PERCENT_QTY_POS;U4_OE;SA200;SA203FF;IAM_GENART;GENARTNR;GENARTDESCR
"0000051723323";6;2;1;3;1;1;0;100;1;0;0;0;1561;"Fensterheber"
"0000051895385";6;3;0;3;1;1;0;100;1;0;0;0;1561;"Fensterheber"
"0000052130436";1;0;0;1;1;1;0;100;0;0;0;0;1561;"Fensterheber"
"0002684V004000000";4;2;0;2;1;1;0;100;0;0;0;0;1561;"Fensterheber"
"0002691V001";2;1;0;1;1;1;0;100;0;0;0;0;1561;"Fensterheber"
"0002691V001000000";23;15;0;8;1;1;0;100;1;0;0;0;1561;"Fensterheber"
"0002691V002000000";42;28;1;13;1;1;0;100;1;0;0;0;1561;"Fensterheber"
"0002691V003000000";32;23;0;9;7;7;0;100;1;0;0;0;1561;"Fensterheber"
"0002702V001000000";18;15;0;3;4;4;0;100;1;0;0;0;1561;"Fensterheber"
"0002702V002000000";29;20;0;9;4;4;0;100;1;0;0;0;1561;"Fensterheber"
"0002702V003000000";30;28;0;2;5;5;0;100;1;0;0;0;1561;"Fensterheber"
"0007200079";37;30;0;7;5;5;0;100;0;0;0;0;1561;"Fensterheber"
"0007200179";22;20;0;2;2;2;0;100;0;0;0;0;1561;"Fensterheber"
"0007200246";21;10;0;11;3;2;0;66,67;1;0;0;0;1561;"Fensterheber"
"00141801";4;4;0;0;1;1;0;100;0;0;0;1;1561;"Fensterheber"
"00181804";2;2;0;0;1;1;0;100;0;0;0;1;1561;"Fensterheber"
"00191801";7;7;0;0;3;3;0;100;0;0;0;1;1561;"Fensterheber"
"0039892";3;2;1;0;1;1;0;100;0;0;0;0;1561;"Fensterheber"
"0039928";1;1;0;0;1;1;0;100;0;0;0;0;1561;"Fensterheber"
"00611904";5;5;0;0;1;1;0;100;0;0;0;1;1561;"Fensterheber"
"00621901";8;8;0;0;2;1;0;50;0;0;0;1;1561;"Fensterheber"
"00621902";2;2;0;0;1;1;0;100;0;0;0;1;1561;"Fensterheber"
"0070944";2;2;0;0;1;1;0;100;0;0;0;0;1561;"Fensterheber"
"0071769766";3;3;0;0;1;1;0;100;1;0;0;0;1561;"Fensterheber"
"0086126";1;1;0;0;1;1;0;100;0;0;0;0;1561;"Fensterheber"
"00SKV186";3;3;0;0;1;1;0;100;0;0;0;1;1561;"Fensterheber"
"00SKV201";13;11;0;2;1;1;0;100;0;0;0;1;1561;"Fensterheber"
"00SKV512";1;1;0;0;1;1;0;100;0;0;0;1;1561;"Fensterheber"
"00SKV613";3;3;0;0;1;1;0;100;0;0;0;1;1561;"Fensterheber"
"00SKV631";1;1;0;0;1;1;0;100;0;0;0;1;1561;"Fensterheber"
"00SKV762";1;1;0;0;2;2;0;100;0;0;0;1;1561;"Fensterheber"
"00SKV831";3;2;0;1;1;1;0;100;0;0;0;1;1561;"Fensterheber"
"010139";5;5;0;0;1;1;0;100;0;0;0;1;1561;"Fensterheber"
"010147";5;5;0;0;1;1;0;100;0;0;0;1;1561;"Fensterheber"
"010158";10;8;0;2;1;1;0;100;0;0;0;1;1561;"Fensterheber"
"010159";21;21;0;0;1;1;0;100;0;0;0;1;1561;"Fensterheber"
"010160";16;16;0;0;1;1;0;100;0;0;0;1;1561;"Fensterheber"
"010161";17;16;0;1;5;1;0;20;0;0;0;1;1561;"Fensterheber"
"01046700A";3;3;0;0;1;1;0;100;0;0;0;1;1561;"Fensterheber"
"01049200A";2;2;0;0;2;2;0;100;0;0;0;1;1561;"Fensterheber"
"010502";20;20;0;0;4;4;0;100;0;0;0;1;1561;"Fensterheber"
"010504";11;10;0;1;3;3;0;100;0;0;0;1;1561;"Fensterheber"
"010505";11;11;0;0;1;1;0;100;0;0;0;1;1561;"Fensterheber"
"010506";18;17;0;1;3;3;0;100;0;0;0;1;1561;"Fensterheber"
"010507";24;24;0;0;2;2;0;100;0;0;0;1;1561;"Fensterheber"
"011425";5;3;1;1;1;1;0;100;0;0;0;1;1561;"Fensterheber"
"011510";11;10;0;1;1;1;0;100;0;0;0;1;1561;"Fensterheber"
"011511";37;37;0;0;8;7;0;87,50;0;0;0;1;1561;"Fensterheber"
"011513";6;6;0;0;1;1;0;100;0;0;0;1;1561;"Fensterheber"
"011514";13;13;0;0;4;4;0;100;0;0;0;1;1561;"Fensterheber"
"011515";76;74;0;2;17;17;0;100;0;0;0;1;1561;"Fensterheber"
"011516";3;3;0;0;1;1;0;100;0;0;0;1;1561;"Fensterheber"
"011704";12;11;0;1;2;2;0;100;0;0;0;1;1561;"Fensterheber"
"011705";19;18;0;1;3;3;0;100;0;0;0;1;1561;"Fensterheber"
"011754";23;23;0;0;5;5;0;100;0;0;0;1;1561;"Fensterheber"
"011755";17;17;0;0;10;2;0;20;0;0;0;1;1561;"Fensterheber"
"011807";1;1;0;0;1;1;0;100;0;0;0;1;1561;"Fensterheber"
"011816";11;11;0;0;1;1;0;100;0;0;0;1;1561;"Fensterheber"
"011817";19;19;0;0;3;3;0;100;0;0;0;1;1561;"Fensterheber"
"012003";7;7;0;0;3;2;0;66,67;0;0;0;1;1561;"Fensterheber"
"012415";3;3;0;0;3;1;0;33,33;0;0;0;1;1561;"Fensterheber"
"012434";25;25;0;0;4;2;0;50;0;0;0;1;1561;"Fensterheber"
"012435";12;12;0;0;3;3;0;100;0;0;0;1;1561;"Fensterheber"
"012436";10;10;0;0;1;1;0;100;0;0;0;1;1561;"Fensterheber"
"012442";11;11;0;0;2;2;0;100;0;0;0;1;1561;"Fensterheber"
"012444";30;28;1;1;3;1;0;33,33;0;0;0;1;1561;"Fensterheber"
"012445";14;14;0;0;1;1;0;100;0;0;0;1;1561;"Fensterheber"
"012449";6;5;0;1;1;1;0;100;0;0;0;1;1561;"Fensterheber"
"012466";10;10;0;0;2;2;0;100;0;0;0;1;1561;"Fensterheber"
"012467";5;5;0;0;2;2;0;100;0;0;0;1;1561;"Fensterheber"
"012474";3;3;0;0;1;1;0;100;0;0;0;1;1561;"Fensterheber"
"012475";11;11;0;0;2;2;0;100;0;0;0;1;1561;"Fensterheber"
"012479";1;1;0;0;1;1;0;100;0;0;0;1;1561;"Fensterheber"
"012480";11;9;1;1;1;1;0;100;0;0;0;1;1561;"Fensterheber"
"012484";11;11;0;0;3;1;0;33,33;0;0;0;1;1561;"Fensterheber"
"012490";9;9;0;0;2;2;0;100;0;0;0;1;1561;"Fensterheber"
"012491";16;16;0;0;3;3;0;100;0;0;0;1;1561;"Fensterheber"
"012494";2;2;0;0;1;1;0;100;0;0;0;1;1561;"Fensterheber"
"012507";15;14;0;1;1;1;0;100;0;0;0;1;1561;"Fensterheber"
"012508";46;46;0;0;18;3;0;16,67;0;0;0;1;1561;"Fensterheber"
"012509";5;4;0;1;2;2;0;100;0;0;0;1;1561;"Fensterheber"
"012510";29;29;0;0;1;1;0;100;0;0;0;1;1561;"Fensterheber"
"012514";17;16;0;1;2;2;0;100;0;0;0;1;1561;"Fensterheber"
"012524";5;5;0;0;2;1;0;50;0;0;0;1;1561;"Fensterheber"
"012525";8;7;0;1;2;2;0;100;0;0;0;1;1561;"Fensterheber"
"012529";15;14;0;1;4;2;0;50;0;0;0;1;1561;"Fensterheber"
"012607";5;5;0;0;1;1;0;100;0;0;0;1;1561;"Fensterheber"
"013001";14;13;0;1;1;1;0;100;0;0;0;1;1561;"Fensterheber"
"013003";3;2;1;0;1;1;0;100;0;0;0;1;1561;"Fensterheber"
"013020";15;15;0;0;3;2;0;66,67;0;0;0;1;1561;"Fensterheber"
"013021";7;6;0;1;3;3;0;100;0;0;0;1;1561;"Fensterheber"
"013022";12;12;0;0;3;3;0;100;0;0;0;1;1561;"Fensterheber"
"013029";3;3;0;0;1;1;0;100;0;0;0;1;1561;"Fensterheber"
"013040";20;17;0;3;3;2;0;66,67;0;0;0;1;1561;"Fensterheber"
"013044";1;1;0;0;1;1;0;100;0;0;0;1;1561;"Fensterheber"
"013064";6;6;0;0;1;1;0;100;0;0;0;1;1561;"Fensterheber"
"013503";6;6;0;0;2;2;0;100;0;0;0;1;1561;"Fensterheber"
"013514";8;8;0;0;1;1;0;100;0;0;0;1;1561;"Fensterheber"
"013517";4;4;0;0;1;1;0;100;0;0;0;1;1561;"Fensterheber"
"013530";11;11;0;0;5;5;0;100;0;0;0;1;1561;"Fensterheber"
"013534";5;5;0;0;1;1;0;100;0;0;0;1;1561;"Fensterheber"
"013535";9;7;0;2;2;2;0;100;0;0;0;1;1561;"Fensterheber"
"013541";11;10;0;1;1;1;0;100;0;0;0;1;1561;"Fensterheber"
"013543";5;5;0;0;2;1;0;50;0;0;0;1;1561;"Fensterheber"
"013544";2;2;0;0;1;1;0;100;0;0;0;1;1561;"Fensterheber"
"013548";3;3;0;0;1;1;0;100;0;0;0;1;1561;"Fensterheber"
"013549";5;5;0;0;1;1;0;100;0;0;0;1;1561;"Fensterheber"
"013558";16;13;0;3;3;2;0;66,67;0;0;0;1;1561;"Fensterheber"
"013586";10;10;0;0;1;1;0;100;0;0;0;1;1561;"Fensterheber"
"013800";18;18;0;0;4;1;0;25;0;0;0;1;1561;"Fensterheber"
"013801";13;13;0;0;3;3;0;100;0;0;0;1;1561;"Fensterheber"
"013809";28;28;0;0;18;2;0;11,11;0;0;0;1;1561;"Fensterheber"
"013818";3;3;0;0;1;1;0;100;0;0;0;1;1561;"Fensterheber"
"013826";8;7;0;1;2;2;0;100;0;0;0;1;1561;"Fensterheber"
"013835";7;7;0;0;1;1;0;100;0;0;0;1;1561;"Fensterheber"
"013846";14;14;0;0;5;4;0;80;0;0;0;1;1561;"Fensterheber"
"013847";9;9;0;0;3;3;0;100;0;0;0;1;1561;"Fensterheber"
"013899";5;5;0;0;1;1;0;100;0;0;0;1;1561;"Fensterheber"
"013901";10;8;0;2;1;1;0;100;0;0;0;1;1561;"Fensterheber"
"013912";6;6;0;0;1;1;0;100;0;0;0;1;1561;"Fensterheber"
"013916";4;4;0;0;3;3;0;100;0;0;0;1;1561;"Fensterheber"
"013917";8;8;0;0;4;1;0;25;0;0;0;1;1561;"Fensterheber"
"013918";12;12;0;0;5;5;0;100;0;0;0;1;1561;"Fensterheber"
"013919";10;10;0;0;4;3;0;75;0;0;0;1;1561;"Fensterheber"
"013920";42;40;0;2;12;1;0;8,33;0;0;0;1;1561;"Fensterheber"
"013921";11;11;0;0;8;2;0;25;0;0;0;1;1561;"Fensterheber"
"013922";13;11;0;2;5;1;0;20;0;0;0;1;1561;"Fensterheber"
"013923";4;4;0;0;1;1;0;100;0;0;0;1;1561;"Fensterheber"
"013925";4;4;0;0;1;1;0;100;0;0;0;1;1561;"Fensterheber"
"013932";8;8;0;0;6;6;0;100;0;0;0;1;1561;"Fensterheber"
"013933";6;5;0;1;3;2;0;66,67;0;0;0;1;1561;"Fensterheber"
"013990";7;7;0;0;1;1;0;100;0;0;0;1;1561;"Fensterheber"
"013992";3;3;0;0;1;1;0;100;0;0;0;1;1561;"Fensterheber"
"013993";6;5;0;1;1;1;0;100;0;0;0;1;1561;"Fensterheber"
"014030";15;15;0;0;7;2;0;28,57;0;0;0;1;1561;"Fensterheber"
"014031";5;4;0;1;1;1;0;100;0;0;0;1;1561;"Fensterheber"
"014091";4;4;0;0;1;1;0;100;0;0;0;1;1561;"Fensterheber"
"014092";4;4;0;0;1;1;0;100;0;0;0;1;1561;"Fensterheber"
"014093";6;6;0;0;2;2;0;100;0;0;0;1;1561;"Fensterheber"
"014096";2;2;0;0;1;1;0;100;0;0;0;1;1561;"Fensterheber"
"014135";24;24;0;0;1;1;0;100;0;0;0;1;1561;"Fensterheber"
"014144";2;2;0;0;1;1;0;100;0;0;0;1;1561;"Fensterheber"
"014145";10;10;0;0;4;4;0;100;0;0;0;1;1561;"Fensterheber"
"014162";5;5;0;0;1;1;0;100;0;0;0;1;1561;"Fensterheber"
"014164";7;6;0;1;2;2;0;100;0;0;0;1;1561;"Fensterheber"
"014194";10;10;0;0;2;2;0;100;0;0;0;1;1561;"Fensterheber"
"014195";10;10;0;0;7;7;0;100;0;0;0;1;1561;"Fensterheber"
"014463";5;3;0;2;1;1;0;100;0;0;0;1;1561;"Fensterheber"
"014478";5;5;0;0;1;1;0;100;0;0;0;1;1561;"Fensterheber"
"014489";6;5;1;0;1;1;0;100;0;0;0;1;1561;"Fensterheber"
"014524";9;7;0;2;1;1;0;100;0;0;0;1;1561;"Fensterheber"
"014525";11;11;0;0;3;3;0;100;0;0;0;1;1561;"Fensterheber"
"014545";3;3;0;0;3;3;0;100;0;0;0;1;1561;"Fensterheber"
"014546";8;8;0;0;2;2;0;100;0;0;0;1;1561;"Fensterheber"
"014547";6;5;0;1;2;2;0;100;0;0;0;1;1561;"Fensterheber"
"014556";3;3;0;0;1;1;0;100;0;0;0;1;1561;"Fensterheber"
"014557";3;3;0;0;1;1;0;100;0;0;0;1;1561;"Fensterheber"
"014591";14;14;0;0;2;2;0;100;0;0;0;1;1561;"Fensterheber"
"014596";2;2;0;0;1;1;0;100;0;0;0;1;1561;"Fensterheber"
"014597";4;4;0;0;2;2;0;100;0;0;0;1;1561;"Fensterheber"
"014634";5;5;0;0;1;1;0;100;0;0;0;1;1561;"Fensterheber"
"014635";5;5;0;0;2;2;0;100;0;0;0;1;1561;"Fensterheber"
"014636";8;8;0;0;9;2;0;22,22;0;0;0;1;1561;"Fensterheber"
"014637";3;3;0;0;1;1;0;100;0;0;0;1;1561;"Fensterheber"
"014644";2;2;0;0;1;1;0;100;0;0;0;1;1561;"Fensterheber"
"014645";1;1;0;0;1;1;0;100;0;0;0;1;1561;"Fensterheber"
"014649";1;1;0;0;2;2;0;100;0;0;0;1;1561;"Fensterheber"
"014650";4;4;0;0;1;1;0;100;0;0;0;1;1561;"Fensterheber"
"014652";16;16;0;0;6;5;0;83,33;0;0;0;1;1561;"Fensterheber"
"014653";5;5;0;0;2;2;0;100;0;0;0;1;1561;"Fensterheber"
"014658";1;1;0;0;1;1;0;100;0;0;0;1;1561;"Fensterheber"
"014663";3;3;0;0;1;1;0;100;0;0;0;1;1561;"Fensterheber"
"014667";3;3;0;0;1;1;0;100;0;0;0;1;1561;"Fensterheber"
"014669";2;2;0;0;1;1;0;100;0;0;0;1;1561;"Fensterheber"
"014671";3;2;0;1;1;1;0;100;0;0;0;1;1561;"Fensterheber"
"014674";4;4;0;0;1;1;0;100;0;0;0;1;1561;"Fensterheber"
"014690";17;11;0;6;1;1;0;100;0;0;0;1;1561;"Fensterheber"
"0147261";20;20;0;0;3;3;0;100;0;0;0;1;1561;"Fensterheber"
"0147262";12;12;0;0;3;3;0;100;0;0;0;1;1561;"Fensterheber"
"014758";8;8;0;0;2;2;0;100;0;0;0;1;1561;"Fensterheber"
"014759";8;8;0;0;1;1;0;100;0;0;0;1;1561;"Fensterheber"
"014764";3;3;0;0;1;1;0;100;0;0;0;1;1561;"Fensterheber"
"014766";4;4;0;0;1;1;0;100;0;0;0;1;1561;"Fensterheber"
"014832";5;5;0;0;1;1;0;100;0;0;0;1;1561;"Fensterheber"
"014834";9;9;0;0;7;7;0;100;0;0;0;1;1561;"Fensterheber"
"014835";16;16;0;0;3;3;0;100;0;0;0;1;1561;"Fensterheber"
"014836";5;5;0;0;1;1;0;100;0;0;0;1;1561;"Fensterheber"
"014837";10;10;0;0;2;1;0;50;0;0;0;1;1561;"Fensterheber"
"014840";3;3;0;0;1;1;0;100;0;0;0;1;1561;"Fensterheber"
"014847";6;6;0;0;1;1;0;100;0;0;0;1;1561;"Fensterheber"
"014849";2;2;0;0;1;1;0;100;0;0;0;1;1561;"Fensterheber"
"014852";12;9;0;3;1;1;0;100;0;0;0;1;1561;"Fensterheber"
"014856";8;8;0;0;4;1;0;25;0;0;0;1;1561;"Fensterheber"
"014858";2;2;0;0;1;1;0;100;0;0;0;1;1561;"Fensterheber"
"014867";3;3;0;0;1;1;0;100;0;0;0;1;1561;"Fensterheber"
"014870";14;13;0;1;3;2;0;66,67;0;0;0;1;1561;"Fensterheber"
"014871";17;17;0;0;3;1;0;33,33;0;0;0;1;1561;"Fensterheber"
"014874";14;14;0;0;3;1;0;33,33;0;0;0;1;1561;"Fensterheber"
"0148777";1;1;0;0;1;1;0;100;0;0;0;0;1561;"Fensterheber"
"014888";5;5;0;0;1;1;0;100;0;0;0;1;1561;"Fensterheber"
"014889";7;7;0;0;1;1;0;100;0;0;0;1;1561;"Fensterheber"
"014894";7;7;0;0;1;1;0;100;0;0;0;1;1561;"Fensterheber"
"014895";3;3;0;0;1;1;0;100;0;0;0;1;1561;"Fensterheber"
"014915";2;2;0;0;1;1;0;100;0;0;0;1;1561;"Fensterheber"
"014927";1;1;0;0;1;1;0;100;0;0;0;1;1561;"Fensterheber"
"014930";57;57;0;0;22;5;0;22,73;0;0;0;1;1561;"Fensterheber"
"014931";16;16;0;0;3;2;0;66,67;0;0;0;1;1561;"Fensterheber"
"014933";14;14;0;0;4;4;0;100;0;0;0;1;1561;"Fensterheber"
"014942";12;9;0;3;7;1;0;14,29;0;0;0;1;1561;"Fensterheber"
"015029OR";3;3;0;0;1;1;0;100;0;0;0;1;1561;"Fensterheber"
"015036";8;5;1;2;1;1;0;100;0;0;0;1;1561;"Fensterheber"
"015051";32;32;0;0;8;4;0;50;0;0;0;1;1561;"Fensterheber"
"015052";34;31;0;3;7;7;0;100;0;0;0;1;1561;"Fensterheber"
"015108";4;4;0;0;1;1;0;100;0;0;0;1;1561;"Fensterheber"
"015110";8;8;0;0;2;2;0;100;0;0;0;1;1561;"Fensterheber"
"015111";7;4;3;0;2;2;0;100;0;0;0;1;1561;"Fensterheber"
"015114";9;9;0;0;4;4;0;100;0;0;0;1;1561;"Fensterheber"
"015116";6;6;0;0;3;3;0;100;0;0;0;1;1561;"Fensterheber"
"015118";10;10;0;0;2;2;0;100;0;0;0;1;1561;"Fensterheber"
"015119";3;3;0;0;1;1;0;100;0;0;0;1;1561;"Fensterheber"
"015136";7;6;0;1;1;1;0;100;0;0;0;1;1561;"Fensterheber"
"015142";33;31;0;2;8;8;0;100;0;0;0;1;1561;"Fensterheber"
"015143";18;18;0;0;2;2;0;100;0;0;0;1;1561;"Fensterheber"
"015144";12;11;0;1;6;6;0;100;0;0;0;1;1561;"Fensterheber"
"015145";7;6;0;1;2;2;0;100;0;0;0;1;1561;"Fensterheber"
"015153";20;17;0;3;3;3;0;100;0;0;0;1;1561;"Fensterheber"
"015167";3;3;0;0;1;1;0;100;0;0;0;1;1561;"Fensterheber"
"015178";1;1;0;0;1;1;0;100;0;0;0;1;1561;"Fensterheber"
"015181";2;2;0;0;1;1;0;100;0;0;0;1;1561;"Fensterheber"
"0153099";1;1;0;0;1;1;0;100;0;0;0;1;1561;"Fensterheber"
"015502";10;10;0;0;2;2;0;100;0;0;0;1;1561;"Fensterheber"
"015512";11;11;0;0;2;2;0;100;0;0;0;1;1561;"Fensterheber"
"015513";18;14;0;4;3;3;0;100;0;0;0;1;1561;"Fensterheber"
"015520";10;10;0;0;3;3;0;100;0;0;0;1;1561;"Fensterheber"
"015521";24;23;0;1;6;6;0;100;0;0;0;1;1561;"Fensterheber"
"015525";3;3;0;0;1;1;0;100;0;0;0;1;1561;"Fensterheber"
"015532";10;10;0;0;2;2;0;100;0;0;0;1;1561;"Fensterheber"
"015545";5;5;0;0;1;1;0;100;0;0;0;1;1561;"Fensterheber"
"015590";22;21;0;1;12;11;0;91,67;0;0;0;1;1561;"Fensterheber"
"015591";35;34;0;1;11;11;0;100;0;0;0;1;1561;"Fensterheber"
"0160261";15;15;0;0;2;2;0;100;0;0;0;1;1561;"Fensterheber"
"0160262";6;4;0;2;1;1;0;100;0;0;0;1;1561;"Fensterheber"
"0160263";6;6;0;0;1;1;0;100;0;0;0;1;1561;"Fensterheber"
"0160264";5;5;0;0;1;1;0;100;0;0;0;1;1561;"Fensterheber"
"0160265";4;2;0;2;1;1;0;100;0;0;0;1;1561;"Fensterheber"
"016422";5;3;1;1;2;2;0;100;0;0;0;1;1561;"Fensterheber"
"016423";4;4;0;0;2;2;0;100;0;0;0;1;1561;"Fensterheber"
"016907";4;3;0;1;2;2;0;100;0;0;0;1;1561;"Fensterheber"
"016993";1;1;0;0;1;1;0;100;0;0;0;1;1561;"Fensterheber"
"017041";5;4;0;1;1;1;0;100;0;0;0;1;1561;"Fensterheber"
"017069";6;6;0;0;1;1;0;100;0;0;0;1;1561;"Fensterheber"
"017070";6;5;0;1;2;2;0;100;0;0;0;1;1561;"Fensterheber"
"017137";6;6;0;0;3;3;0;100;0;0;0;1;1561;"Fensterheber"
"017207";3;3;0;0;2;2;0;100;0;0;0;1;1561;"Fensterheber"
"017237";5;5;0;0;2;2;0;100;0;0;0;1;1561;"Fensterheber"
"017255";7;3;0;4;2;2;0;100;0;0;0;1;1561;"Fensterheber"
"0172578";1;1;0;0;1;1;0;100;0;0;0;0;1561;"Fensterheber"
"0172631";1;1;0;0;1;1;0;100;0;0;0;0;1561;"Fensterheber"
"0172673";1;1;0;0;1;1;0;100;0;0;0;0;1561;"Fensterheber"
"017274";4;3;0;1;1;1;0;100;0;0;0;1;1561;"Fensterheber"
"0172780";1;1;0;0;1;1;0;100;0;0;0;0;1561;"Fensterheber"
"017286";11;11;0;0;3;3;0;100;0;0;0;1;1561;"Fensterheber"
"017287";12;11;0;1;1;1;0;100;0;0;0;1;1561;"Fensterheber"
"017319";2;2;0;0;1;1;0;100;0;0;0;1;1561;"Fensterheber"
"017436";4;3;0;1;2;2;0;100;0;0;0;1;1561;"Fensterheber"
"017486";3;3;0;0;1;1;0;100;0;0;0;1;1561;"Fensterheber"
"017509";15;14;0;1;5;5;0;100;0;0;0;1;1561;"Fensterheber"
"017544";14;14;0;0;5;2;0;40;0;0;0;1;1561;"Fensterheber"
"0175757";2;2;0;0;1;1;0;100;0;0;0;0;1561;"Fensterheber"
"017594";5;5;0;0;3;3;0;100;0;0;0;1;1561;"Fensterheber"
"017600";6;5;0;1;1;1;0;100;0;0;0;1;1561;"Fensterheber"
"017635";5;5;0;0;1;1;0;100;0;0;0;1;1561;"Fensterheber"
"017655";58;55;0;3;5;3;0;60;0;0;0;1;1561;"Fensterheber"
"017669";15;15;0;0;4;4;0;100;0;0;0;1;1561;"Fensterheber"
"0176694849";2;2;0;0;1;1;0;100;0;0;0;0;1561;"Fensterheber"
"017695";4;4;0;0;1;1;0;100;0;0;0;1;1561;"Fensterheber"
"017696";5;5;0;0;1;1;0;100;0;0;0;1;1561;"Fensterheber"
"017699";15;14;0;1;1;1;0;100;0;0;0;1;1561;"Fensterheber"
"017715";9;9;0;0;4;4;0;100;0;0;0;1;1561;"Fensterheber"
"0177261";24;23;0;1;3;3;0;100;0;0;0;1;1561;"Fensterheber"
"017742";11;11;0;0;4;1;0;25;0;0;0;1;1561;"Fensterheber"
"017821";4;3;0;1;1;1;0;100;0;0;0;1;1561;"Fensterheber"
"017837";7;7;0;0;1;1;0;100;0;0;0;1;1561;"Fensterheber"
"017898";17;17;0;0;2;2;0;100;0;0;0;1;1561;"Fensterheber"
"017927";31;29;0;2;6;2;0;33,33;0;0;0;1;1561;"Fensterheber"
"017935";3;3;0;0;1;1;0;100;0;0;0;1;1561;"Fensterheber"
"017995";6;6;0;0;2;2;0;100;0;0;0;1;1561;"Fensterheber"
"017997";4;4;0;0;1;1;0;100;0;0;0;1;1561;"Fensterheber"
"017999";3;3;0;0;1;1;0;100;0;0;0;1;1561;"Fensterheber"
"018009";3;3;0;0;1;1;0;100;0;0;0;1;1561;"Fensterheber"
"018030";10;10;0;0;4;4;0;100;0;0;0;1;1561;"Fensterheber"
"018052OR";3;3;0;0;1;1;0;100;0;0;0;1;1561;"Fensterheber"
"018069";5;4;0;1;2;2;0;100;0;0;0;1;1561;"Fensterheber"
"018088";5;5;0;0;1;1;0;100;0;0;0;1;1561;"Fensterheber"
"018100";20;20;0;0;3;3;0;100;0;0;0;1;1561;"Fensterheber"
"018101";21;21;0;0;10;10;0;100;0;0;0;1;1561;"Fensterheber"
"018102";7;7;0;0;4;4;0;100;0;0;0;1;1561;"Fensterheber"
"018103";14;14;0;0;6;6;0;100;0;0;0;1;1561;"Fensterheber"
"018135";16;16;0;0;2;2;0;100;0;0;0;1;1561;"Fensterheber"
"018136";9;8;0;1;2;2;0;100;0;0;0;0;1561;"Fensterheber"
"018196";3;3;0;0;3;3;0;100;0;0;0;1;1561;"Fensterheber"
"018197";5;5;0;0;3;3;0;100;0;0;0;1;1561;"Fensterheber"
"018258";10;10;0;0;1;1;0;100;0;0;0;1;1561;"Fensterheber"
"018272";11;10;0;1;1;1;0;100;0;0;0;1;1561;"Fensterheber"
"018286";15;15;0;0;2;2;0;100;0;0;0;1;1561;"Fensterheber"
"018300";38;38;0;0;9;7;0;77,78;0;0;0;1;1561;"Fensterheber"
"018301";16;16;0;0;2;2;0;100;0;0;0;1;1561;"Fensterheber"
"018304";38;38;0;0;1;1;0;100;0;0;0;1;1561;"Fensterheber"
"018308";19;19;0;0;1;1;0;100;0;0;0;1;1561;"Fensterheber"
"018356";25;22;0;3;4;4;0;100;0;0;0;1;1561;"Fensterheber"
"018357";29;29;0;0;6;6;0;100;0;0;0;1;1561;"Fensterheber"
"018407";3;3;0;0;1;1;0;100;0;0;0;1;1561;"Fensterheber"
"018414";7;7;0;0;2;2;0;100;0;0;0;1;1561;"Fensterheber"
"018415";5;5;0;0;2;2;0;100;0;0;0;1;1561;"Fensterheber"
"018419";5;5;0;0;2;1;0;50;0;0;0;1;1561;"Fensterheber"
"018525OR";6;6;0;0;1;1;0;100;0;0;0;1;1561;"Fensterheber"
"018552";14;14;0;0;1;1;0;100;0;0;0;1;1561;"Fensterheber"
"018712";2;2;0;0;1;1;0;100;0;0;0;1;1561;"Fensterheber"
"01SKV072";2;2;0;0;1;1;0;100;0;0;0;1;1561;"Fensterheber"
"01SKV172";1;1;0;0;1;1;0;100;0;0;0;1;1561;"Fensterheber"
"01SKV331";1;1;0;0;1;1;0;100;0;0;0;1;1561;"Fensterheber"
"01SKV381";1;1;0;0;1;1;0;100;0;0;0;1;1561;"Fensterheber"
"01SKV384";5;4;0;1;2;2;0;100;0;0;0;1;1561;"Fensterheber"
"01SKV391";3;2;0;1;2;2;0;100;0;0;0;1;1561;"Fensterheber"
"01SKV522";2;1;0;1;1;1;0;100;0;0;0;1;1561;"Fensterheber"
"01SKV621";1;1;0;0;1;1;0;100;0;0;0;1;1561;"Fensterheber"
"01SKV861";7;6;0;1;3;3;0;100;0;0;0;1;1561;"Fensterheber"
"01SKV901";3;1;0;2;1;1;0;100;0;0;0;1;1561;"Fensterheber"
"01SKV921";12;11;0;1;1;1;0;100;0;0;0;1;1561;"Fensterheber"
"02023600A";3;3;0;0;1;1;0;100;0;0;0;1;1561;"Fensterheber"
"021351";13;13;0;0;4;2;0;50;0;0;0;1;1561;"Fensterheber"
"022100";9;8;0;1;1;1;0;100;0;0;0;1;1561;"Fensterheber"
"0253069";5;5;0;0;1;1;0;100;0;0;0;1;1561;"Fensterheber"
"0253079";8;8;0;0;2;2;0;100;0;0;0;1;1561;"Fensterheber"
"0256261";4;4;0;0;1;1;0;100;0;0;0;1;1561;"Fensterheber"
"0302261";23;23;0;0;3;3;0;100;0;0;0;1;1561;"Fensterheber"
"0302262";4;3;0;1;1;1;0;100;0;0;0;1;1561;"Fensterheber"
"0312261";10;10;0;0;1;1;0;100;0;0;0;1;1561;"Fensterheber"
"0312261VWA";1;1;0;0;1;1;0;100;0;0;0;0;1561;"Fensterheber"
"0315261";21;21;0;0;3;3;0;100;0;0;0;1;1561;"Fensterheber"
"0315262";19;19;0;0;5;5;0;100;0;0;0;1;1561;"Fensterheber"
"031814";15;15;0;0;2;2;0;100;0;0;0;1;1561;"Fensterheber"
"0318261";26;26;0;0;4;4;0;100;0;0;0;1;1561;"Fensterheber"
"0318262";10;10;0;0;1;1;0;100;0;0;0;1;1561;"Fensterheber"
"0318263";17;17;0;0;2;2;0;100;0;0;0;1;1561;"Fensterheber"
"0318264";19;19;0;0;4;4;0;100;0;0;0;1;1561;"Fensterheber"
"0323265";23;23;0;0;5;5;0;100;0;0;0;1;1561;"Fensterheber"
"0323266";12;11;0;1;6;5;0;83,33;0;0;0;1;1561;"Fensterheber"
"0325261";123;122;0;1;37;36;0;97,30;0;0;0;1;1561;"Fensterheber"
"0325261VWA";1;1;0;0;1;1;0;100;0;0;0;0;1561;"Fensterheber"
"0325262";72;72;0;0;16;16;0;100;0;0;0;1;1561;"Fensterheber"
"0325262VWA";1;1;0;0;1;1;0;100;0;0;0;0;1561;"Fensterheber"
"0325263";10;10;0;0;1;1;0;100;0;0;0;1;1561;"Fensterheber"
"0325264";9;8;0;1;3;3;0;100;0;0;0;1;1561;"Fensterheber"
"0328261";45;30;2;13;6;6;0;100;0;0;0;1;1561;"Fensterheber"
"0328261VWA";1;1;0;0;1;1;0;100;0;0;0;0;1561;"Fensterheber"
"0328262";15;11;0;4;3;3;0;100;0;0;0;1;1561;"Fensterheber"
"0330261";30;30;0;0;12;12;0;100;0;0;0;1;1561;"Fensterheber"
"0330262";33;32;0;1;7;7;0;100;0;0;0;1;1561;"Fensterheber"
"0330262VWA";1;1;0;0;1;1;0;100;0;0;0;0;1561;"Fensterheber"
"0331261";17;17;0;0;4;4;0;100;0;0;0;1;1561;"Fensterheber"
"0331262";12;12;0;0;5;5;0;100;0;0;0;1;1561;"Fensterheber"
"0332261";56;56;0;0;16;16;0;100;0;0;0;1;1561;"Fensterheber"
"0332262";13;13;0;0;3;3;0;100;0;0;0;1;1561;"Fensterheber"
"0332263";60;60;0;0;20;20;0;100;0;0;0;1;1561;"Fensterheber"
"0332264";17;17;0;0;4;3;0;75;0;0;0;1;1561;"Fensterheber"
"0332264VWA";1;1;0;0;1;1;0;100;0;0;0;0;1561;"Fensterheber"
"0332265";101;101;0;0;25;25;0;100;0;0;0;1;1561;"Fensterheber"
"0332266";40;40;0;0;8;8;0;100;0;0;0;1;1561;"Fensterheber"
"0336261";8;8;0;0;1;1;0;100;0;0;0;1;1561;"Fensterheber"
"0336263";26;22;0;4;4;4;0;100;0;0;0;1;1561;"Fensterheber"
"0336264";37;26;0;11;5;5;0;100;0;0;0;1;1561;"Fensterheber"
"034152";11;8;2;1;2;2;0;100;0;0;0;1;1561;"Fensterheber"
"0342261";24;22;0;2;2;2;0;100;0;0;0;1;1561;"Fensterheber"
"0342262";5;5;0;0;2;2;0;100;0;0;0;1;1561;"Fensterheber"
"034227";20;18;0;2;9;3;0;33,33;0;0;0;1;1561;"Fensterheber"
"034587";8;4;0;4;2;2;0;100;0;0;0;1;1561;"Fensterheber"
"0346261";6;5;0;1;2;2;0;100;0;0;0;1;1561;"Fensterheber"
"034772";3;3;0;0;1;1;0;100;0;0;0;1;1561;"Fensterheber"
"034773";8;8;0;0;1;1;0;100;0;0;0;1;1561;"Fensterheber"
"03575";20;16;0;4;1;1;0;100;0;0;0;1;1561;"Fensterheber"
"0377261";28;25;0;3;3;3;0;100;0;0;0;1;1561;"Fensterheber"
"0378265";46;46;0;0;10;10;0;100;0;0;0;1;1561;"Fensterheber"
"0378266";40;38;0;2;4;4;0;100;0;0;0;1;1561;"Fensterheber"
"0379261";62;53;3;6;12;12;0;100;0;0;0;1;1561;"Fensterheber"
"0379262";40;36;3;1;5;5;0;100;0;0;0;1;1561;"Fensterheber"
"037962";407;361;1;45;77;1;0;1,30;0;0;0;0;1561;"Fensterheber"
"04651624228";1;1;0;0;1;1;0;100;0;0;0;0;1561;"Fensterheber"
"04654362261";2;2;0;0;1;1;0;100;0;0;0;0;1561;"Fensterheber"
"04655836262";1;1;0;0;1;1;0;100;0;0;0;0;1561;"Fensterheber"
"0502261";84;84;0;0;19;19;0;100;0;0;0;1;1561;"Fensterheber"
"0502262";56;55;0;1;13;13;0;100;0;0;0;1;1561;"Fensterheber"
"0506263";62;41;0;21;9;9;0;100;0;0;0;1;1561;"Fensterheber"
"0506264";10;7;0;3;1;1;0;100;0;0;0;1;1561;"Fensterheber"
"0506265";21;13;0;8;2;2;0;100;0;0;0;1;1561;"Fensterheber"
"05140031";1;1;0;0;1;1;0;100;0;0;0;0;1561;"Fensterheber"
"05261801";4;3;0;1;2;2;0;100;0;0;0;1;1561;"Fensterheber"
"05501103";5;5;0;0;1;1;0;100;0;0;0;1;1561;"Fensterheber"
"05501105";6;6;0;0;2;2;0;100;0;0;0;1;1561;"Fensterheber"
"0550261";16;16;0;0;2;2;0;100;0;0;0;1;1561;"Fensterheber"
"0550262";5;5;0;0;1;1;0;100;0;0;0;1;1561;"Fensterheber"
"0618261";7;6;0;1;1;1;0;100;0;0;0;1;1561;"Fensterheber"
"0628262";9;7;0;2;1;1;0;100;0;0;0;1;1561;"Fensterheber"
"0628263";47;46;1;0;15;15;0;100;0;0;0;1;1561;"Fensterheber"
"0628264";45;45;0;0;17;16;0;94,12;0;0;0;1;1561;"Fensterheber"
"0628265";59;59;0;0;11;11;0;100;0;0;0;1;1561;"Fensterheber"
"0628265VAN";1;1;0;0;1;1;0;100;0;0;0;0;1561;"Fensterheber"
"0628266";28;27;1;0;8;8;0;100;0;0;0;1;1561;"Fensterheber"
"0628268";6;3;0;3;1;1;0;100;0;0;0;1;1561;"Fensterheber"
"0633261";68;68;0;0;9;9;0;100;0;0;0;1;1561;"Fensterheber"
"0633262";20;20;0;0;1;1;0;100;0;0;0;1;1561;"Fensterheber"
"0633265";54;51;0;3;11;11;0;100;0;0;0;1;1561;"Fensterheber"
"0633266";19;18;1;0;5;5;0;100;0;0;0;1;1561;"Fensterheber"
"0633267";21;21;0;0;1;1;0;100;0;0;0;1;1561;"Fensterheber"
"0639261";28;27;0;1;3;3;0;100;0;0;0;1;1561;"Fensterheber"
"0639261VAN";1;1;0;0;1;1;0;100;0;0;0;0;1561;"Fensterheber"
"0639261VWA";1;1;0;0;1;1;0;100;0;0;0;0;1561;"Fensterheber"
"0639262";20;20;0;0;2;2;0;100;0;0;0;1;1561;"Fensterheber"
"0639262VWA";1;1;0;0;1;1;0;100;0;0;0;0;1561;"Fensterheber"
"0639263";27;26;1;0;5;5;0;100;0;0;0;1;1561;"Fensterheber"
"0639264";16;16;0;0;8;8;0;100;0;0;0;1;1561;"Fensterheber"
"0639265";22;22;0;0;4;4;0;100;0;0;0;1;1561;"Fensterheber"
"0639266";16;16;0;0;1;1;0;100;0;0;0;1;1561;"Fensterheber"
"0639267";10;9;0;1;3;3;0;100;0;0;0;1;1561;"Fensterheber"
"0640265";23;22;0;1;6;6;0;100;0;0;0;1;1561;"Fensterheber"
"0640266";22;22;0;0;5;5;0;100;0;0;0;1;1561;"Fensterheber"
"0642261";32;32;0;0;3;3;0;100;0;0;0;1;1561;"Fensterheber"
"0642262";6;6;0;0;1;1;0;100;0;0;0;1;1561;"Fensterheber"
"0646261";21;20;1;0;2;2;0;100;0;0;0;1;1561;"Fensterheber"
"0646262";9;9;0;0;1;1;0;100;0;0;0;1;1561;"Fensterheber"
"0646263";11;11;0;0;3;3;0;100;0;0;0;1;1561;"Fensterheber"
"0646264";13;13;0;0;3;3;0;100;0;0;0;1;1561;"Fensterheber"
"0646265";73;71;1;1;16;16;0;100;0;0;0;1;1561;"Fensterheber"
"0646266";55;55;0;0;12;12;0;100;0;0;0;1;1561;"Fensterheber"
"0646267";23;23;0;0;3;3;0;100;0;0;0;1;1561;"Fensterheber"
"0646268";23;23;0;0;5;5;0;100;0;0;0;1;1561;"Fensterheber"
"0647263";18;13;0;5;2;2;0;100;0;0;0;1;1561;"Fensterheber"
"0647264";11;10;0;1;3;3;0;100;0;0;0;1;1561;"Fensterheber"
"0648265";26;25;1;0;2;2;0;100;0;0;0;1;1561;"Fensterheber"
"0648265VWA";2;2;0;0;2;2;0;100;0;0;0;0;1561;"Fensterheber"
"0648266";8;8;0;0;1;1;0;100;0;0;0;1;1561;"Fensterheber"
"0650261";6;3;0;3;1;1;0;100;0;0;0;1;1561;"Fensterheber"
"0652261";9;5;0;4;1;1;0;100;0;0;0;1;1561;"Fensterheber"
"0655262";10;8;0;2;1;1;0;100;0;0;0;1;1561;"Fensterheber"
"0655263";22;22;0;0;4;4;0;100;0;0;0;1;1561;"Fensterheber"
"0655264";10;10;0;0;2;2;0;100;0;0;0;1;1561;"Fensterheber"
"0657261";4;4;0;0;1;1;0;100;0;0;0;1;1561;"Fensterheber"
"0657263";77;77;0;0;19;19;0;100;0;0;0;1;1561;"Fensterheber"
"0657264";77;77;0;0;22;22;0;100;0;0;0;1;1561;"Fensterheber"
"0657267";18;15;0;3;2;2;0;100;0;0;0;1;1561;"Fensterheber"
"0657268";31;26;0;5;2;2;0;100;0;0;0;1;1561;"Fensterheber"
"0670261";16;16;0;0;4;4;0;100;0;0;0;1;1561;"Fensterheber"
"0670262";10;10;0;0;3;3;0;100;0;0;0;1;1561;"Fensterheber"
"0670265";4;4;0;0;1;1;0;100;0;0;0;1;1561;"Fensterheber"
"0670266";12;12;0;0;1;1;0;100;0;0;0;1;1561;"Fensterheber"
"0672261";58;44;0;14;1;1;0;100;0;0;0;1;1561;"Fensterheber"
"067226236";2;2;0;0;2;2;0;100;0;0;0;0;1561;"Fensterheber"
"0678264";14;13;0;1;2;2;0;100;0;0;0;1;1561;"Fensterheber"
"0680261";17;17;0;0;3;3;0;100;0;0;0;1;1561;"Fensterheber"
"0680262";7;7;0;0;1;1;0;100;0;0;0;1;1561;"Fensterheber"
"0680263";27;27;0;0;7;7;0;100;0;0;0;1;1561;"Fensterheber"
"0680264";32;32;0;0;6;6;0;100;0;0;0;1;1561;"Fensterheber"
"0682261";17;17;0;0;3;3;0;100;0;0;0;1;1561;"Fensterheber"
"0682261VWA";1;1;0;0;1;1;0;100;0;0;0;0;1561;"Fensterheber"
"0682262";19;16;0;3;1;1;0;100;0;0;0;1;1561;"Fensterheber"
"0685261";14;14;0;0;5;5;0;100;0;0;0;1;1561;"Fensterheber"
"0685262";8;8;0;0;1;1;0;100;0;0;0;1;1561;"Fensterheber"
"0685264";10;10;0;0;2;2;0;100;0;0;0;1;1561;"Fensterheber"
"0687264";2;2;0;0;1;1;0;100;0;0;0;1;1561;"Fensterheber"
"0733261";4;4;0;0;1;1;0;100;0;0;0;1;1561;"Fensterheber"
"0761729484860";1;0;0;1;1;1;0;100;0;0;0;0;1561;"Fensterheber"
"0807261";3;3;0;0;1;1;0;100;0;0;0;1;1561;"Fensterheber"
"0820261";11;8;0;3;1;1;0;100;0;0;0;1;1561;"Fensterheber"
"0820262";11;8;0;3;1;1;0;100;0;0;0;1;1561;"Fensterheber"
"0903231";7;7;0;0;2;2;0;100;0;0;0;1;1561;"Fensterheber"
"0903261";56;55;0;1;13;12;0;92,31;0;0;0;1;1561;"Fensterheber"
"0903261VAN";3;2;1;0;1;1;0;100;0;0;0;0;1561;"Fensterheber"
"0903262";18;17;0;1;2;1;0;50;0;0;0;1;1561;"Fensterheber"
"0903265";37;33;1;3;8;7;0;87,50;0;0;0;1;1561;"Fensterheber"
"0903266";23;23;0;0;3;2;0;66,67;0;0;0;1;1561;"Fensterheber"
"0905261";19;19;0;0;1;1;0;100;0;0;0;1;1561;"Fensterheber"
"0905262";5;5;0;0;1;1;0;100;0;0;0;1;1561;"Fensterheber"
"0905263";84;69;1;14;12;12;0;100;0;0;0;1;1561;"Fensterheber"
"0905263VAN";5;4;1;0;1;1;0;100;0;0;0;0;1561;"Fensterheber"
"0910261";12;12;0;0;2;2;0;100;0;0;0;1;1561;"Fensterheber"
"0910262";19;18;1;0;2;2;0;100;0;0;0;1;1561;"Fensterheber"
"0910263";3;3;0;0;1;1;0;100;0;0;0;1;1561;"Fensterheber"
"0910263VWA";2;2;0;0;1;1;0;100;0;0;0;0;1561;"Fensterheber"
"0910331261";2;2;0;0;1;1;0;100;0;0;0;0;1561;"Fensterheber"
"0910628265";1;1;0;0;1;1;0;100;0;0;0;0;1561;"Fensterheber"
"091850925";2;2;0;0;1;1;0;100;0;0;0;0;1561;"Fensterheber"
"092028102";1;1;0;0;1;1;0;100;0;0;0;0;1561;"Fensterheber"
"0925261";13;12;0;1;4;4;0;100;0;0;0;1;1561;"Fensterheber"
"0925265";4;2;0;2;1;1;0;100;0;0;0;1;1561;"Fensterheber"
"0929262VAN";2;2;0;0;2;2;0;100;0;0;0;0;1561;"Fensterheber"
"0945262";2;2;0;0;1;1;0;100;0;0;0;1;1561;"Fensterheber"
"0947261";9;7;0;2;5;5;0;100;0;0;0;1;1561;"Fensterheber"
"0947261VAN";3;3;0;0;1;1;0;100;0;0;0;0;1561;"Fensterheber"
"0947261VWA";1;1;0;0;1;1;0;100;0;0;0;0;1561;"Fensterheber"
"0947262";3;3;0;0;1;1;0;100;0;0;0;1;1561;"Fensterheber"
"0956261";6;5;0;1;1;1;0;100;0;0;0;1;1561;"Fensterheber"
"0957265";14;10;2;2;1;1;0;100;0;0;0;1;1561;"Fensterheber"
"0963262";17;17;0;0;3;3;0;100;0;0;0;1;1561;"Fensterheber"
"0963264";3;3;0;0;1;1;0;100;0;0;0;1;1561;"Fensterheber"
"0972261";2;2;0;0;1;1;0;100;0;0;0;1;1561;"Fensterheber"
"0975261";8;8;0;0;3;3;0;100;0;0;0;1;1561;"Fensterheber"
"0975262";8;7;0;1;1;1;0;100;0;0;0;1;1561;"Fensterheber"
"0981261";24;23;0;1;4;4;0;100;0;0;0;1;1561;"Fensterheber"
"0981262";17;17;0;0;3;3;0;100;0;0;0;1;1561;"Fensterheber"
"0981263";22;22;0;0;4;4;0;100;0;0;0;1;1561;"Fensterheber"
"0981264";12;12;0;0;1;1;0;100;0;0;0;1;1561;"Fensterheber"
"0982261";34;32;0;2;4;4;0;100;0;0;0;1;1561;"Fensterheber"
"0982261VAN";3;3;0;0;1;1;0;100;0;0;0;0;1561;"Fensterheber"
"0982262";24;21;0;3;5;5;0;100;0;0;0;1;1561;"Fensterheber"
"0K30C58560B";29;13;0;16;1;1;0;100;1;0;1;0;1561;"Fensterheber"
"0K30C59560B";52;33;0;19;4;4;0;100;1;0;1;0;1561;"Fensterheber"
"100003";198;196;0;2;14;3;0;21,43;0;0;1;1;1561;"Fensterheber"
"100005";73;71;0;2;1;1;0;100;0;0;1;1;1561;"Fensterheber"
"100007";178;174;0;4;24;5;0;20,83;0;0;1;1;1561;"Fensterheber"
"100010010";1;1;0;0;1;1;0;100;0;0;0;1;1561;"Fensterheber"
"100013";211;211;0;0;30;1;1;3,33;0;0;1;1;1561;"Fensterheber"
"100014";59;58;0;1;4;1;1;25;0;0;1;1;1561;"Fensterheber"
"100019";59;59;0;0;3;2;0;66,67;0;0;1;1;1561;"Fensterheber"
"100020";189;187;0;2;45;2;0;4,44;0;0;1;1;1561;"Fensterheber"
"100021";107;106;0;1;19;3;0;15,79;0;0;1;1;1561;"Fensterheber"
"100024710";2;2;0;0;1;1;0;100;0;0;0;1;1561;"Fensterheber"
"100025";47;46;0;1;1;1;0;100;0;0;1;1;1561;"Fensterheber"
"100048";64;61;0;3;15;1;0;6,67;0;0;1;1;1561;"Fensterheber"
"100071";48;46;0;2;3;2;0;66,67;0;0;1;1;1561;"Fensterheber"
"100072";71;71;0;0;2;2;0;100;0;0;1;1;1561;"Fensterheber"
"100073";72;70;0;2;7;3;1;42,86;0;0;1;1;1561;"Fensterheber"
"100074";145;144;0;1;36;3;0;8,33;0;0;1;1;1561;"Fensterheber"
"100075";46;45;0;1;11;1;0;9,09;0;0;1;1;1561;"Fensterheber"
"100076";57;56;0;1;14;1;0;7,14;0;0;1;1;1561;"Fensterheber"
"100077";94;93;0;1;23;3;0;13,04;0;0;1;1;1561;"Fensterheber"
"100079";86;86;0;0;10;4;0;40;0;0;1;1;1561;"Fensterheber"
"100080";194;194;0;0;30;1;1;3,33;0;0;1;1;1561;"Fensterheber"
"100095";51;51;0;0;17;1;1;5,88;0;0;1;1;1561;"Fensterheber"
"1001084822";1;1;0;0;1;1;0;100;0;0;0;0;1561;"Fensterheber"
"1001119578";1;1;0;0;1;1;0;100;0;0;0;0;1561;"Fensterheber"
"1001200051";1;1;0;0;1;1;0;100;0;0;0;0;1561;"Fensterheber"
"100131";53;52;0;1;2;1;0;50;0;0;1;1;1561;"Fensterheber"
"100137";54;54;0;0;5;1;1;20;0;0;1;1;1561;"Fensterheber"
"100144";28;28;0;0;2;2;0;100;0;0;1;1;1561;"Fensterheber"
"100151";40;40;0;0;5;2;0;40;0;0;1;1;1561;"Fensterheber"
"100152";34;31;0;3;6;1;0;16,67;0;0;1;1;1561;"Fensterheber"
"100155";36;36;0;0;4;1;0;25;0;0;1;1;1561;"Fensterheber"
"1001664";4;3;0;1;1;1;0;100;0;0;0;1;1561;"Fensterheber"
"100173";24;24;0;0;9;1;0;11,11;0;0;1;1;1561;"Fensterheber"
"100201";115;115;0;0;15;1;0;6,67;0;0;1;1;1561;"Fensterheber"
"1002186";2;2;0;0;1;1;0;100;0;0;0;1;1561;"Fensterheber"
"100230";86;84;0;2;18;1;0;5,56;0;0;1;1;1561;"Fensterheber"
"100231";55;55;0;0;6;4;0;66,67;0;0;1;1;1561;"Fensterheber"
"100232";25;24;0;1;4;1;0;25;0;0;1;1;1561;"Fensterheber"
"100237";65;64;0;1;10;1;0;10;0;0;1;1;1561;"Fensterheber"
"100280";26;26;0;0;2;1;0;50;0;0;1;1;1561;"Fensterheber"
"100288";71;69;0;2;6;1;0;16,67;0;0;1;1;1561;"Fensterheber"
"100301";257;249;0;8;48;2;0;4,17;0;0;1;1;1561;"Fensterheber"
"100302";32;31;1;0;8;2;0;25;0;0;1;1;1561;"Fensterheber"
"100303";92;91;0;1;9;1;0;11,11;0;0;1;1;1561;"Fensterheber"
"100304";46;42;0;4;2;2;1;100;0;0;1;1;1561;"Fensterheber"
"100305";66;63;0;3;13;4;0;30,77;0;0;1;1;1561;"Fensterheber"
"100306";17;14;0;3;2;1;0;50;0;0;1;1;1561;"Fensterheber"
"100395";30;28;0;2;3;2;0;66,67;0;0;1;1;1561;"Fensterheber"
"100396";22;21;0;1;2;1;0;50;0;0;1;1;1561;"Fensterheber"
"100437";36;35;0;1;11;1;0;9,09;0;0;1;1;1561;"Fensterheber"
"100438";82;80;0;2;12;1;0;8,33;0;0;1;1;1561;"Fensterheber"
"100445";92;85;0;7;23;2;0;8,70;0;0;1;1;1561;"Fensterheber"
"100463";44;42;0;2;11;1;0;9,09;0;0;1;1;1561;"Fensterheber"
"100492";42;42;0;0;3;3;0;100;0;0;1;1;1561;"Fensterheber"
"100492FEBI";1;1;0;0;1;1;0;100;0;0;0;0;1561;"Fensterheber"
"100493";65;65;0;0;13;4;0;30,77;0;0;1;1;1561;"Fensterheber"
"100509";14;13;0;1;1;1;0;100;0;0;1;1;1561;"Fensterheber"
"100529";10;9;0;1;1;1;0;100;0;0;1;1;1561;"Fensterheber"
"100532";14;14;0;0;1;1;0;100;0;0;1;1;1561;"Fensterheber"
"100551";1291;1289;0;2;507;1;0;0,20;0;0;1;1;1561;"Fensterheber"
"100555";33;32;0;1;3;1;1;33,33;0;0;1;1;1561;"Fensterheber"
"100556";39;39;0;0;6;2;0;33,33;0;0;1;1;1561;"Fensterheber"
"100557";46;46;0;0;5;1;0;20;0;0;1;1;1561;"Fensterheber"
"100558";35;33;0;2;3;1;0;33,33;0;0;1;1;1561;"Fensterheber"
"100591";132;129;0;3;18;3;1;16,67;0;0;1;1;1561;"Fensterheber"
"100592";51;49;0;2;6;4;0;66,67;0;0;1;1;1561;"Fensterheber"
"100595";34;34;0;0;7;6;0;85,71;0;0;1;1;1561;"Fensterheber"
"100596";91;90;0;1;19;8;0;42,11;0;0;1;1;1561;"Fensterheber"
"100604";16;16;0;0;1;1;0;100;0;0;1;1;1561;"Fensterheber"
"100625";46;45;1;0;6;3;0;50;0;0;1;1;1561;"Fensterheber"
"100637";25;23;0;2;3;1;0;33,33;0;0;1;1;1561;"Fensterheber"
"100677";32;32;0;0;1;1;0;100;0;0;1;1;1561;"Fensterheber"
"100678";83;83;0;0;11;1;1;9,09;0;0;1;1;1561;"Fensterheber"
"100695";38;36;0;2;8;3;1;37,50;0;0;1;1;1561;"Fensterheber"
"100697";57;53;1;3;20;1;0;5;0;0;1;1;1561;"Fensterheber"
"100698";22;22;0;0;3;1;0;33,33;0;0;1;1;1561;"Fensterheber"
"100765";43;41;0;2;7;1;0;14,29;0;0;1;1;1561;"Fensterheber"
"100766";38;37;0;1;3;1;0;33,33;0;0;1;1;1561;"Fensterheber"
"100784";160;160;0;0;40;1;0;2,50;0;0;1;1;1561;"Fensterheber"
"100791";87;84;0;3;13;1;0;7,69;0;0;1;1;1561;"Fensterheber"
"100792";37;36;1;0;3;2;1;66,67;0;0;1;1;1561;"Fensterheber"
"100794";20;20;0;0;3;1;0;33,33;0;0;1;1;1561;"Fensterheber"
"100796";12;12;0;0;2;1;0;50;0;0;1;1;1561;"Fensterheber"
"100799";41;40;0;1;2;1;0;50;0;0;1;1;1561;"Fensterheber"
"100800";55;54;0;1;8;3;0;37,50;0;0;1;1;1561;"Fensterheber"
"100801";18;18;0;0;2;1;1;50;0;0;1;1;1561;"Fensterheber"
"100804";171;171;0;0;26;1;0;3,85;0;0;1;1;1561;"Fensterheber"
"100809";39;38;1;0;7;1;0;14,29;0;0;1;1;1561;"Fensterheber"
"100810";45;41;2;2;4;1;0;25;0;0;1;1;1561;"Fensterheber"
"100817";122;122;0;0;41;2;1;4,88;0;0;1;1;1561;"Fensterheber"
"100832";94;90;0;4;23;1;1;4,35;0;0;1;1;1561;"Fensterheber"
"100834";69;69;0;0;16;2;0;12,50;0;0;1;1;1561;"Fensterheber"
"1008370004";2;2;0;0;1;1;0;100;0;0;0;0;1561;"Fensterheber"
"100838";28;28;0;0;9;2;0;22,22;0;0;1;1;1561;"Fensterheber"
"100843";43;41;0;2;4;2;1;50;0;0;1;1;1561;"Fensterheber"
"100845";24;23;0;1;3;3;0;100;0;0;1;1;1561;"Fensterheber"
"100846";19;18;0;1;2;1;0;50;0;0;1;1;1561;"Fensterheber"
"100847";22;21;0;1;1;1;0;100;0;0;1;1;1561;"Fensterheber"
"100848";22;21;0;1;3;1;0;33,33;0;0;1;1;1561;"Fensterheber"
"100853";212;211;0;1;33;1;0;3,03;0;0;1;1;1561;"Fensterheber"
"100855";65;64;0;1;12;4;0;33,33;0;0;1;1;1561;"Fensterheber"
"100856";57;55;0;2;12;3;0;25;0;0;1;1;1561;"Fensterheber"
"100864";32;31;1;0;1;1;0;100;0;0;1;1;1561;"Fensterheber"
"10086495";2;2;0;0;1;1;0;100;0;0;0;0;1561;"Fensterheber"
"10086554";3;3;0;0;1;1;0;100;0;0;0;0;1561;"Fensterheber"
"10086602";4;4;0;0;1;1;0;100;0;0;0;0;1561;"Fensterheber"
"10086736";3;2;0;1;1;1;0;100;0;0;0;0;1561;"Fensterheber"
"10086756";10;10;0;0;4;4;0;100;0;0;0;0;1561;"Fensterheber"
"10086780";12;12;0;0;2;2;0;100;0;0;0;0;1561;"Fensterheber"
"10086787";15;15;0;0;3;3;0;100;0;0;0;0;1561;"Fensterheber"
"10086790";4;4;0;0;1;1;0;100;0;0;0;0;1561;"Fensterheber"
"100924";108;100;0;8;19;1;0;5,26;0;0;1;1;1561;"Fensterheber"
"10094171";2;1;1;0;1;1;0;100;0;0;0;0;1561;"Fensterheber"
"10094188";3;3;0;0;2;2;0;100;0;0;0;0;1561;"Fensterheber"
"10097935";1;1;0;0;1;1;0;100;0;0;0;0;1561;"Fensterheber"
"10097936";5;4;1;0;1;1;0;100;0;0;0;0;1561;"Fensterheber"
"10097943";3;3;0;0;1;1;0;100;0;0;0;0;1561;"Fensterheber"
"10097948";3;3;0;0;1;1;0;100;0;0;0;0;1561;"Fensterheber"
"10097955";4;4;0;0;2;2;0;100;0;0;0;0;1561;"Fensterheber"
"10097961";1;1;0;0;1;1;0;100;0;0;0;0;1561;"Fensterheber"
"10097963";1;1;0;0;1;1;0;100;0;0;0;0;1561;"Fensterheber"
"10097980";2;2;0;0;1;1;0;100;0;0;0;0;1561;"Fensterheber"
"10097982";4;4;0;0;2;2;0;100;0;0;0;0;1561;"Fensterheber"
"10098043";1;1;0;0;1;1;0;100;0;0;0;0;1561;"Fensterheber"
"10098045";2;2;0;0;1;1;0;100;0;0;0;0;1561;"Fensterheber"
"10098061";7;7;0;0;1;1;0;100;0;0;0;0;1561;"Fensterheber"
"10098090";3;3;0;0;2;2;0;100;0;0;0;0;1561;"Fensterheber"
"10098097";4;4;0;0;3;1;0;33,33;0;0;0;0;1561;"Fensterheber"
"10098107";2;2;0;0;2;2;0;100;0;0;0;0;1561;"Fensterheber"
"10098108";5;5;0;0;1;1;0;100;0;0;0;0;1561;"Fensterheber"
"10098121";8;8;0;0;3;3;0;100;0;0;0;0;1561;"Fensterheber"
"10098147";3;3;0;0;1;1;0;100;0;0;0;0;1561;"Fensterheber"
"10098149";2;2;0;0;2;2;0;100;0;0;0;0;1561;"Fensterheber"
"10098150";1;1;0;0;1;1;0;100;0;0;0;0;1561;"Fensterheber"
"10098177";3;3;0;0;2;2;0;100;0;0;0;0;1561;"Fensterheber"
"10098178";4;4;0;0;1;1;0;100;0;0;0;0;1561;"Fensterheber"
"10098179";4;2;2;0;1;1;0;100;0;0;0;0;1561;"Fensterheber"
"10098184";12;12;0;0;1;1;0;100;0;0;0;0;1561;"Fensterheber"
"10098210";3;3;0;0;1;1;0;100;0;0;0;0;1561;"Fensterheber"
"10098211";4;4;0;0;1;1;0;100;0;0;0;0;1561;"Fensterheber"
"10098212";3;3;0;0;1;1;0;100;0;0;0;0;1561;"Fensterheber"
"10098221";2;2;0;0;1;1;0;100;0;0;0;0;1561;"Fensterheber"
"10098236";1;1;0;0;1;1;0;100;0;0;0;0;1561;"Fensterheber"
"10098253";11;11;0;0;5;5;0;100;0;0;0;0;1561;"Fensterheber"
"10098255";5;4;1;0;3;3;0;100;0;0;0;0;1561;"Fensterheber"
"10098265";2;2;0;0;1;1;0;100;0;0;0;0;1561;"Fensterheber"
"10098284";2;1;1;0;1;1;0;100;0;0;0;0;1561;"Fensterheber"
"10098296";9;9;0;0;1;1;0;100;0;0;0;0;1561;"Fensterheber"
"10098332";2;2;0;0;1;1;0;100;0;0;0;0;1561;"Fensterheber"
"10098347";8;8;0;0;5;2;0;40;0;0;0;0;1561;"Fensterheber"
"10098353";3;2;1;0;1;1;0;100;0;0;0;0;1561;"Fensterheber"
"10098354";6;6;0;0;1;1;0;100;0;0;0;0;1561;"Fensterheber"
"10098355";4;4;0;0;2;2;0;100;0;0;0;0;1561;"Fensterheber"
"101011";34;33;0;1;2;1;0;50;0;0;1;1;1561;"Fensterheber"
"101015";43;41;0;2;6;1;0;16,67;0;0;1;1;1561;"Fensterheber"
"10101557";4;4;0;0;1;1;0;100;0;0;0;0;1561;"Fensterheber"
"101016";74;73;0;1;13;1;0;7,69;0;0;1;1;1561;"Fensterheber"
"10101621";2;2;0;0;1;1;0;100;0;0;0;0;1561;"Fensterheber"
"10101652";3;3;0;0;2;2;0;100;0;0;0;0;1561;"Fensterheber"
"10101666";3;3;0;0;1;1;0;100;0;0;0;0;1561;"Fensterheber"
"10101669";5;4;1;0;2;2;0;100;0;0;0;0;1561;"Fensterheber"
"10101679";2;2;0;0;1;1;0;100;0;0;0;0;1561;"Fensterheber"
"10101703";2;2;0;0;1;1;0;100;0;0;0;0;1561;"Fensterheber"
"10101704";3;3;0;0;1;1;0;100;0;0;0;0;1561;"Fensterheber"
"10101705";2;2;0;0;1;1;0;100;0;0;0;0;1561;"Fensterheber"
"10101706";4;4;0;0;2;2;0;100;0;0;0;0;1561;"Fensterheber"
"10101713";12;11;1;0;4;4;0;100;0;0;0;0;1561;"Fensterheber"
"10101739";5;5;0;0;2;2;0;100;0;0;0;0;1561;"Fensterheber"
"10101742";6;6;0;0;1;1;0;100;0;0;0;0;1561;"Fensterheber"
"10101745";12;12;0;0;7;7;0;100;0;0;0;0;1561;"Fensterheber"
"10101747";4;4;0;0;1;1;0;100;0;0;0;0;1561;"Fensterheber"
"10101756";9;8;1;0;2;2;0;100;0;0;0;0;1561;"Fensterheber"
"10101757";6;6;0;0;3;3;0;100;0;0;0;0;1561;"Fensterheber"
"10101762";11;11;0;0;3;3;0;100;0;0;0;0;1561;"Fensterheber"
"10101763";1;1;0;0;1;1;0;100;0;0;0;0;1561;"Fensterheber"
"10101775";1;1;0;0;1;1;0;100;0;0;0;0;1561;"Fensterheber"
"10101776";2;2;0;0;1;1;0;100;0;0;0;0;1561;"Fensterheber"
"10101780";1;1;0;0;1;1;0;100;0;0;0;0;1561;"Fensterheber"
"10101791";1;1;0;0;1;1;0;100;0;0;0;0;1561;"Fensterheber"
"10101819";2;2;0;0;1;1;0;100;0;0;0;0;1561;"Fensterheber"
"10102811";2;2;0;0;1;1;0;100;0;0;0;0;1561;"Fensterheber"
"101029";48;46;0;2;11;1;0;9,09;0;0;1;1;1561;"Fensterheber"
"101037";82;82;0;0;11;1;0;9,09;0;0;1;1;1561;"Fensterheber"
"101049";76;74;0;2;12;1;0;8,33;0;0;1;1;1561;"Fensterheber"
"101050";51;50;0;1;5;1;0;20;0;0;1;1;1561;"Fensterheber"
"101051";65;65;0;0;9;4;0;44,44;0;0;1;1;1561;"Fensterheber"
"101054";468;465;0;3;312;1;0;0,32;0;0;1;1;1561;"Fensterheber"
"10105988";2;2;0;0;2;1;0;50;0;0;0;0;1561;"Fensterheber"
"101068";38;34;0;4;2;1;0;50;0;0;1;1;1561;"Fensterheber"
"10109088";1;1;0;0;1;1;0;100;0;0;0;0;1561;"Fensterheber"
"101108";160;157;0;3;22;1;1;4,55;0;0;1;1;1561;"Fensterheber"
"101110";66;65;0;1;16;2;0;12,50;0;0;1;1;1561;"Fensterheber"
"101121";165;158;6;1;49;2;0;4,08;0;0;1;1;1561;"Fensterheber"
"101122";199;197;0;2;55;1;0;1,82;0;0;1;1;1561;"Fensterheber"
"101124";82;77;0;5;12;1;0;8,33;0;0;1;1;1561;"Fensterheber"
"10112421";7;7;0;0;2;2;0;100;0;0;0;0;1561;"Fensterheber"
"101129";162;160;0;2;8;1;0;12,50;0;0;1;1;1561;"Fensterheber"
"101132";44;43;0;1;4;1;0;25;0;0;1;1;1561;"Fensterheber"
"101138";37;33;0;4;2;1;1;50;0;0;1;1;1561;"Fensterheber"
"101141";56;53;0;3;3;1;0;33,33;0;0;1;1;1561;"Fensterheber"
"101153";21;21;0;0;1;1;0;100;0;0;1;1;1561;"Fensterheber"
"101159";41;39;0;2;9;1;0;11,11;0;0;1;1;1561;"Fensterheber"
"101162";31;30;0;1;2;1;0;50;0;0;1;1;1561;"Fensterheber"
"10117465";9;9;0;0;2;1;0;50;0;0;0;0;1561;"Fensterheber"
"10117466";8;8;0;0;3;1;0;33,33;0;0;0;0;1561;"Fensterheber"
"101179";69;64;0;5;12;1;0;8,33;0;0;1;1;1561;"Fensterheber"
"101187";65;65;0;0;12;3;0;25;0;0;1;1;1561;"Fensterheber"
"101189";12;12;0;0;2;1;0;50;0;0;1;1;1561;"Fensterheber"
"101198";26;25;0;1;2;1;0;50;0;0;1;1;1561;"Fensterheber"
"101202";15;15;0;0;3;1;0;33,33;0;0;1;1;1561;"Fensterheber"
"101237";34;31;0;3;2;1;0;50;0;0;1;1;1561;"Fensterheber"
"101255";12;12;0;0;3;3;0;100;0;0;1;1;1561;"Fensterheber"
"101262";26;25;0;1;7;2;1;28,57;0;0;1;1;1561;"Fensterheber"
"101273";41;40;0;1;11;3;1;27,27;0;0;1;1;1561;"Fensterheber"
"101279";27;27;0;0;8;3;0;37,50;0;0;1;1;1561;"Fensterheber"
"101280";21;20;0;1;2;1;0;50;0;0;1;1;1561;"Fensterheber"
"101290";93;91;0;2;7;1;0;14,29;0;0;0;1;1561;"Fensterheber"
"101308";398;379;0;19;31;2;0;6,45;0;0;1;1;1561;"Fensterheber"
"101328";38;38;0;0;6;1;0;16,67;0;0;1;1;1561;"Fensterheber"
"101337";39;39;0;0;3;1;0;33,33;0;0;1;1;1561;"Fensterheber"
"101338";30;29;0;1;2;1;1;50;0;0;1;1;1561;"Fensterheber"
"101345";34;30;0;4;6;2;0;33,33;0;0;1;1;1561;"Fensterheber"
"10134679";2;2;0;0;1;1;0;100;0;0;0;0;1561;"Fensterheber"
"10135741";6;6;0;0;1;1;0;100;0;0;0;0;1561;"Fensterheber"
"101373";20;20;0;0;1;1;1;100;0;0;1;1;1561;"Fensterheber"
"101377";34;33;0;1;5;2;0;40;0;0;1;1;1561;"Fensterheber"
"101378";126;123;0;3;20;2;0;10;0;0;1;1;1561;"Fensterheber"
"101384";10;10;0;0;2;2;0;100;0;0;1;1;1561;"Fensterheber"
"101390";22;22;0;0;9;1;0;11,11;0;0;1;1;1561;"Fensterheber"
"101403";58;56;0;2;3;3;0;100;0;0;1;1;1561;"Fensterheber"
"101410";237;236;0;1;89;1;0;1,12;0;0;1;1;1561;"Fensterheber"
"10143308";14;14;0;0;2;1;0;50;0;0;0;0;1561;"Fensterheber"
"101434";45;43;0;2;10;1;0;10;0;0;1;1;1561;"Fensterheber"
"101458";24;22;0;2;1;1;0;100;0;0;1;1;1561;"Fensterheber"
"101463";50;50;0;0;12;12;0;100;0;0;1;1;1561;"Fensterheber"
"10146321";2;2;0;0;1;1;0;100;0;0;0;0;1561;"Fensterheber"
"10146337";2;2;0;0;1;1;0;100;0;0;0;0;1561;"Fensterheber"
"101464";37;37;0;0;6;4;0;66,67;0;0;1;1;1561;"Fensterheber"
"101492";99;97;0;2;17;3;0;17,65;0;0;1;1;1561;"Fensterheber"
"101493";66;63;0;3;4;3;0;75;0;0;1;1;1561;"Fensterheber"
"101495";26;26;0;0;6;6;0;100;0;0;1;1;1561;"Fensterheber"
"101496";72;66;1;5;12;5;0;41,67;0;0;1;1;1561;"Fensterheber"
"10150222";1;1;0;0;1;1;0;100;0;0;0;0;1561;"Fensterheber"
"10151045";1;1;0;0;1;1;0;100;0;0;0;0;1561;"Fensterheber"
"101551";70;67;0;3;20;1;0;5;0;0;1;1;1561;"Fensterheber"
"101552";25;25;0;0;3;2;0;66,67;0;0;1;1;1561;"Fensterheber"
"101555";20;18;0;2;3;3;0;100;0;0;1;1;1561;"Fensterheber"
"10156507";3;2;1;0;1;1;0;100;0;0;0;0;1561;"Fensterheber"
"101569";19;16;0;3;1;1;0;100;0;0;1;1;1561;"Fensterheber"
"1015728";3;1;0;2;1;1;0;100;0;0;0;0;1561;"Fensterheber"
"10158825";1;1;0;0;1;1;0;100;0;0;0;0;1561;"Fensterheber"
"10160101";1;1;0;0;1;1;0;100;0;0;0;0;1561;"Fensterheber"
"10160331";2;2;0;0;2;2;0;100;0;0;0;0;1561;"Fensterheber"
"101631";23;23;0;0;2;2;1;100;0;0;1;1;1561;"Fensterheber"
"101633";11;9;0;2;1;1;0;100;0;0;1;1;1561;"Fensterheber"
"101634";21;21;0;0;1;1;0;100;0;0;1;1;1561;"Fensterheber"
"101636";45;45;0;0;9;2;0;22,22;0;0;1;1;1561;"Fensterheber"
"10166908";1;1;0;0;1;1;0;100;0;0;0;0;1561;"Fensterheber"
"10166913";11;11;0;0;3;3;0;100;0;0;0;0;1561;"Fensterheber"
"101685";16;15;0;1;2;2;1;100;0;0;1;1;1561;"Fensterheber"
"101686";15;15;0;0;1;1;0;100;0;0;1;1;1561;"Fensterheber"
"101688";11;11;0;0;1;1;0;100;0;0;1;1;1561;"Fensterheber"
"101693";7;7;0;0;1;1;0;100;0;0;1;1;1561;"Fensterheber"
"101709";21;21;0;0;5;5;0;100;0;0;1;1;1561;"Fensterheber"
"101710";43;42;0;1;11;6;0;54,55;0;0;1;1;1561;"Fensterheber"
"101733";39;34;1;4;3;2;0;66,67;0;0;1;1;1561;"Fensterheber"
"101741";43;41;0;2;6;4;0;66,67;0;0;1;1;1561;"Fensterheber"
"101742";48;43;0;5;12;3;0;25;0;0;1;1;1561;"Fensterheber"
"10174347";2;2;0;0;1;1;0;100;0;0;0;0;1561;"Fensterheber"
"10174349";6;6;0;0;1;1;0;100;0;0;0;0;1561;"Fensterheber"
"10174362";1;1;0;0;1;1;0;100;0;0;0;0;1561;"Fensterheber"
"10174369";4;4;0;0;1;1;0;100;0;0;0;0;1561;"Fensterheber"
"10174384";19;19;0;0;4;4;0;100;0;0;0;0;1561;"Fensterheber"
"10174392";2;2;0;0;1;1;0;100;0;0;0;0;1561;"Fensterheber"
"10174393";3;2;1;0;1;1;0;100;0;0;0;0;1561;"Fensterheber"
"101773";50;49;0;1;7;2;0;28,57;0;0;1;1;1561;"Fensterheber"
"101776";39;37;0;2;5;1;0;20;0;0;0;1;1561;"Fensterheber"
"10177991";3;3;0;0;2;2;0;100;0;0;0;0;1561;"Fensterheber"
"10177993";16;16;0;0;6;6;0;100;0;0;0;0;1561;"Fensterheber"
"10177999";2;2;0;0;1;1;0;100;0;0;0;0;1561;"Fensterheber"
"101781";21;19;2;0;5;2;0;40;0;0;1;1;1561;"Fensterheber"
"101782";19;19;0;0;4;1;0;25;0;0;1;1;1561;"Fensterheber"
"101811";68;67;0;1;7;3;0;42,86;0;0;1;1;1561;"Fensterheber"
"101813";15;15;0;0;2;2;0;100;0;0;1;1;1561;"Fensterheber"
"101814";15;15;0;0;1;1;0;100;0;0;1;1;1561;"Fensterheber"
"101904";47;47;0;0;13;1;0;7,69;0;0;1;1;1561;"Fensterheber"
"10191441";2;1;1;0;1;1;0;100;0;0;0;0;1561;"Fensterheber"
"101963";16;16;0;0;2;1;0;50;0;0;1;1;1561;"Fensterheber"
"101991";21;21;0;0;3;1;0;33,33;0;0;1;1;1561;"Fensterheber"
"102000";13;11;0;2;1;1;0;100;0;0;1;1;1561;"Fensterheber"
"102024";15;12;0;3;5;1;0;20;0;0;1;1;1561;"Fensterheber"
"102079";30;29;1;0;2;1;0;50;0;0;1;1;1561;"Fensterheber"
"102141";25;24;0;1;6;1;0;16,67;0;0;1;1;1561;"Fensterheber"
"102169";42;40;2;0;8;1;0;12,50;0;0;1;1;1561;"Fensterheber"
"102170";28;28;0;0;5;1;0;20;0;0;1;1;1561;"Fensterheber"
"102186";51;51;0;0;15;1;0;6,67;0;0;1;1;1561;"Fensterheber"
"102207";29;29;0;0;4;1;0;25;0;0;1;1;1561;"Fensterheber"
"102221";38;34;0;4;2;2;0;100;0;0;1;1;1561;"Fensterheber"
"102287";61;60;0;1;19;2;0;10,53;0;0;1;1;1561;"Fensterheber"
"102291";23;23;0;0;5;1;0;20;0;0;0;1;1561;"Fensterheber"
"102310";103;103;0;0;41;1;1;2,44;0;0;1;1;1561;"Fensterheber"
"102313";28;27;0;1;2;1;0;50;0;0;1;1;1561;"Fensterheber"
"102349";138;131;4;3;38;3;0;7,89;0;0;1;1;1561;"Fensterheber"
"102357";46;46;0;0;13;2;0;15,38;0;0;0;1;1561;"Fensterheber"
"102435";16;15;0;1;2;2;0;100;0;0;1;1;1561;"Fensterheber"
"102437";34;31;0;3;23;1;0;4,35;0;0;1;1;1561;"Fensterheber"
"102495";40;40;0;0;9;1;0;11,11;0;0;0;0;1561;"Fensterheber"
"102687";35;33;0;2;10;1;0;10;0;0;1;1;1561;"Fensterheber"
"102688";138;131;0;7;28;1;0;3,57;0;0;1;1;1561;"Fensterheber"
"102772";83;81;0;2;25;2;1;8;0;0;1;1;1561;"Fensterheber"
"102789";114;113;0;1;33;1;0;3,03;0;0;0;1;1561;"Fensterheber"
"102855";449;445;0;4;135;1;0;0,74;0;0;0;1;1561;"Fensterheber"
"102859";187;187;0;0;79;1;0;1,27;0;0;1;1;1561;"Fensterheber"
"102864";54;54;0;0;8;2;0;25;0;0;1;1;1561;"Fensterheber"
"1028654";1;0;0;1;1;1;0;100;0;0;0;0;1561;"Fensterheber"
"102870";1026;1014;0;12;283;1;0;0,35;0;0;0;1;1561;"Fensterheber"
"102875";142;137;0;5;56;1;0;1,79;0;0;0;1;1561;"Fensterheber"
"102885";124;122;0;2;29;29;0;100;0;0;1;1;1561;"Fensterheber"
"102885001";2;2;0;0;1;1;0;100;0;0;0;0;1561;"Fensterheber"
"102885CN6";2;2;0;0;1;1;0;100;0;0;0;0;1561;"Fensterheber"
"102886";308;305;0;3;108;41;0;37,96;0;0;1;1;1561;"Fensterheber"
"102886001";5;5;0;0;1;1;0;100;0;0;0;0;1561;"Fensterheber"
"102886TOR";1;1;0;0;1;1;0;100;0;0;0;0;1561;"Fensterheber"
"102887";264;263;0;1;145;19;0;13,10;0;0;1;1;1561;"Fensterheber"
"102888";411;400;0;11;135;7;0;5,19;0;0;1;1;1561;"Fensterheber"
"10296718";1;1;0;0;1;1;0;100;0;0;0;0;1561;"Fensterheber"
"102969";33;33;0;0;6;1;0;16,67;0;0;0;1;1561;"Fensterheber"
"102971";320;315;0;5;48;3;0;6,25;0;0;0;1;1561;"Fensterheber"
"10297255";3;3;0;0;1;1;0;100;0;0;0;0;1561;"Fensterheber"
"10297256";8;8;0;0;1;1;0;100;0;0;0;0;1561;"Fensterheber"
"102973";29;28;0;1;3;1;0;33,33;0;0;0;1;1561;"Fensterheber"
"10297372";2;2;0;0;1;1;0;100;0;0;0;0;1561;"Fensterheber"
"10297655";2;2;0;0;1;1;0;100;0;0;0;0;1561;"Fensterheber"
"102981";160;160;0;0;20;2;0;10;0;0;1;1;1561;"Fensterheber"
"10298397";2;2;0;0;2;2;0;100;0;0;0;0;1561;"Fensterheber"
"10298398";2;2;0;0;1;1;0;100;0;0;0;0;1561;"Fensterheber"
"10298795";2;2;0;0;1;1;0;100;0;0;0;0;1561;"Fensterheber"
"10298797";7;7;0;0;1;1;0;100;0;0;0;0;1561;"Fensterheber"
"10298798";7;7;0;0;1;1;0;100;0;0;0;0;1561;"Fensterheber"
"10298860";5;5;0;0;1;1;0;100;0;0;0;0;1561;"Fensterheber"
"102991";207;206;0;1;34;3;0;8,82;0;0;0;1;1561;"Fensterheber"
"102992";189;186;0;3;56;2;0;3,57;0;0;0;1;1561;"Fensterheber"
"10299264";1;1;0;0;1;1;0;100;0;0;0;0;1561;"Fensterheber"
"102993";16;16;0;0;3;1;0;33,33;0;0;0;1;1561;"Fensterheber"
"10299412";1;1;0;0;1;1;0;100;0;0;0;0;1561;"Fensterheber"
"10299621";5;5;0;0;1;1;0;100;0;0;0;0;1561;"Fensterheber"
"10299796";1;1;0;0;1;1;0;100;0;0;0;0;1561;"Fensterheber"
"10299797";4;4;0;0;2;2;0;100;0;0;0;0;1561;"Fensterheber"
"10299872";3;3;0;0;1;1;0;100;0;0;0;0;1561;"Fensterheber"
"10300260";2;2;0;0;2;2;0;100;0;0;0;0;1561;"Fensterheber"
"10300394";1;1;0;0;1;1;0;100;0;0;0;0;1561;"Fensterheber"
"10301080";2;2;0;0;1;1;0;100;0;0;0;0;1561;"Fensterheber"
"10301124";4;4;0;0;1;1;0;100;0;0;0;0;1561;"Fensterheber"
"10301127";3;3;0;0;2;1;0;50;0;0;0;0;1561;"Fensterheber"
"10301351";3;3;0;0;4;4;0;100;0;0;0;0;1561;"Fensterheber"
"10301978";4;4;0;0;1;1;0;100;0;0;0;0;1561;"Fensterheber"
"10302050";4;4;0;0;2;2;0;100;0;0;0;0;1561;"Fensterheber"
"103021";72;70;0;2;15;1;0;6,67;0;0;0;1;1561;"Fensterheber"
"10302140";8;8;0;0;3;3;0;100;0;0;0;0;1561;"Fensterheber"
"10302141";23;23;0;0;9;9;0;100;0;0;0;0;1561;"Fensterheber"
"10302142";8;8;0;0;2;2;0;100;0;0;0;0;1561;"Fensterheber"
"10302363";4;4;0;0;1;1;0;100;0;0;0;0;1561;"Fensterheber"
"10302368";4;2;2;0;1;1;0;100;0;0;0;0;1561;"Fensterheber"
"10302416";5;5;0;0;1;1;0;100;0;0;0;0;1561;"Fensterheber"
"10302603";1;1;0;0;1;1;0;100;0;0;0;0;1561;"Fensterheber"
"10302651";1;1;0;0;1;1;0;100;0;0;0;0;1561;"Fensterheber"
"10302667";4;4;0;0;2;2;0;100;0;0;0;0;1561;"Fensterheber"
"10302687";7;7;0;0;2;2;0;100;0;0;0;0;1561;"Fensterheber"
"10302690";2;2;0;0;2;2;0;100;0;0;0;0;1561;"Fensterheber"
"10302691";4;4;0;0;1;1;0;100;0;0;0;0;1561;"Fensterheber"
"10302745";11;9;2;0;2;2;0;100;0;0;0;0;1561;"Fensterheber"
"10302746";8;8;0;0;1;1;0;100;0;0;0;0;1561;"Fensterheber"
"10302747";1;1;0;0;1;1;0;100;0;0;0;0;1561;"Fensterheber"
"10302776";6;5;1;0;1;1;0;100;0;0;0;0;1561;"Fensterheber"
"10302860";17;15;2;0;4;4;0;100;0;0;0;0;1561;"Fensterheber"
"10302862";15;15;0;0;3;3;0;100;0;0;0;0;1561;"Fensterheber"
"10302863";4;4;0;0;2;2;0;100;0;0;0;0;1561;"Fensterheber"
"10302937";3;3;0;0;1;1;0;100;0;0;0;0;1561;"Fensterheber"
"103074";116;116;0;0;91;1;0;1,10;0;0;1;1;1561;"Fensterheber"
"103082";124;124;0;0;15;1;0;6,67;0;0;0;1;1561;"Fensterheber"
"103086";1184;1177;1;6;400;1;0;0,25;0;0;0;1;1561;"Fensterheber"
"103099";85;84;0;1;15;12;0;80;0;0;0;1;1561;"Fensterheber"
"103153";28;26;0;2;4;1;0;25;0;0;0;1;1561;"Fensterheber"
"1031856";23;22;0;1;2;2;1;100;1;0;1;0;1561;"Fensterheber"
"10329296";4;4;0;0;2;2;0;100;0;0;0;0;1561;"Fensterheber"
"10329383";3;3;0;0;1;1;0;100;0;0;0;0;1561;"Fensterheber"
"10329428";6;6;0;0;1;1;0;100;0;0;0;0;1561;"Fensterheber"
"10329429";2;2;0;0;1;1;0;100;0;0;0;0;1561;"Fensterheber"
"10329529";2;1;1;0;1;1;0;100;0;0;0;0;1561;"Fensterheber"
"10329569";3;3;0;0;2;2;0;100;0;0;0;0;1561;"Fensterheber"
"10329570";3;3;0;0;1;1;0;100;0;0;0;0;1561;"Fensterheber"
"10329771";8;8;0;0;2;2;0;100;0;0;0;0;1561;"Fensterheber"
"10329774";2;2;0;0;1;1;0;100;0;0;0;0;1561;"Fensterheber"
"10329805";4;4;0;0;1;1;0;100;0;0;0;0;1561;"Fensterheber"
"10329809";1;1;0;0;1;1;0;100;0;0;0;0;1561;"Fensterheber"
"10329852";4;4;0;0;1;1;0;100;0;0;0;0;1561;"Fensterheber"
"10329887";2;2;0;0;1;1;0;100;0;0;0;0;1561;"Fensterheber"
"10329947";1;1;0;0;1;1;0;100;0;0;0;0;1561;"Fensterheber"
"10329974";2;1;1;0;1;1;0;100;0;0;0;0;1561;"Fensterheber"
"10330170";7;6;1;0;1;1;0;100;0;0;0;0;1561;"Fensterheber"
"10330560";7;7;0;0;3;3;0;100;0;0;0;0;1561;"Fensterheber"
"10330594";4;4;0;0;1;1;0;100;0;0;0;0;1561;"Fensterheber"
"10330661";1;1;0;0;1;1;0;100;0;0;0;0;1561;"Fensterheber"
"10330781";4;4;0;0;1;1;0;100;0;0;0;0;1561;"Fensterheber"
"10330782";4;4;0;0;1;1;0;100;0;0;0;0;1561;"Fensterheber"
"10331046";8;7;1;0;2;2;0;100;0;0;0;0;1561;"Fensterheber"
"10331195";2;2;0;0;1;1;0;100;0;0;0;0;1561;"Fensterheber"
"10331807";1;1;0;0;1;1;0;100;0;0;0;0;1561;"Fensterheber"
"10332034";3;3;0;0;1;1;0;100;0;0;0;0;1561;"Fensterheber"
"10332177";1;1;0;0;1;1;0;100;0;0;0;0;1561;"Fensterheber"
"10332683";1;1;0;0;1;1;0;100;0;0;0;0;1561;"Fensterheber"
"10333103";1;1;0;0;1;1;0;100;0;0;0;0;1561;"Fensterheber"
"10333203";2;2;0;0;1;1;0;100;0;0;0;0;1561;"Fensterheber"
"10333205";4;4;0;0;1;1;0;100;0;0;0;0;1561;"Fensterheber"
"10333481";12;11;1;0;2;2;0;100;0;0;0;0;1561;"Fensterheber"
"10333482";7;7;0;0;1;1;0;100;0;0;0;0;1561;"Fensterheber"
"10333885";1;1;0;0;1;1;0;100;0;0;0;0;1561;"Fensterheber"
"10334012";4;4;0;0;1;1;0;100;0;0;0;0;1561;"Fensterheber"
"10334014";1;1;0;0;1;1;0;100;0;0;0;0;1561;"Fensterheber"
"10334051";1;1;0;0;1;1;0;100;0;0;0;0;1561;"Fensterheber"
"10334531";5;4;1;0;2;2;0;100;0;0;0;0;1561;"Fensterheber"
"10334617";2;2;0;0;1;1;0;100;0;0;0;0;1561;"Fensterheber"
"10334661";1;1;0;0;1;1;0;100;0;0;0;0;1561;"Fensterheber"
"10334663";11;10;1;0;3;3;0;100;0;0;0;0;1561;"Fensterheber"
"10334664";7;7;0;0;3;3;0;100;0;0;0;0;1561;"Fensterheber"
"10334719";22;22;0;0;5;5;0;100;0;0;0;0;1561;"Fensterheber"
"10334720";25;25;0;0;3;1;0;33,33;0;0;0;0;1561;"Fensterheber"
"10334722";2;2;0;0;1;1;0;100;0;0;0;0;1561;"Fensterheber"
"10334800";4;3;1;0;1;1;0;100;0;0;0;0;1561;"Fensterheber"
"10334804";11;11;0;0;3;3;0;100;0;0;0;0;1561;"Fensterheber"
"10334805";5;5;0;0;3;3;0;100;0;0;0;0;1561;"Fensterheber"
"10334806";7;5;2;0;2;2;0;100;0;0;0;0;1561;"Fensterheber"
"10334807";2;2;0;0;1;1;0;100;0;0;0;0;1561;"Fensterheber"
"10334862";2;2;0;0;1;1;0;100;0;0;0;0;1561;"Fensterheber"
"10334957";3;3;0;0;1;1;0;100;0;0;0;0;1561;"Fensterheber"
"10334958";5;5;0;0;1;1;0;100;0;0;0;0;1561;"Fensterheber"
"10334960";5;4;1;0;1;1;0;100;0;0;0;0;1561;"Fensterheber"
"10334963";7;7;0;0;2;2;0;100;0;0;0;0;1561;"Fensterheber"
"10335000";3;3;0;0;2;2;0;100;0;0;0;0;1561;"Fensterheber"
"10335065";7;5;2;0;1;1;0;100;0;0;0;0;1561;"Fensterheber"
"10335067";6;6;0;0;1;1;0;100;0;0;0;0;1561;"Fensterheber"
"103590";18;18;0;0;3;1;0;33,33;0;0;0;1;1561;"Fensterheber"
"103626";46;45;0;1;5;1;0;20;0;0;0;0;1561;"Fensterheber"
"10373524";1;1;0;0;1;1;0;100;0;0;0;0;1561;"Fensterheber"
"103772";11;11;0;0;3;1;0;33,33;0;0;0;1;1561;"Fensterheber"
"10381712";1;1;0;0;1;1;0;100;0;0;0;0;1561;"Fensterheber"
"10381730";1;1;0;0;1;1;0;100;0;0;0;0;1561;"Fensterheber"
"10391165";1;1;0;0;1;1;0;100;0;0;0;0;1561;"Fensterheber"
"104045";31;31;0;0;3;2;0;66,67;0;0;0;1;1561;"Fensterheber"
"104046";28;27;0;1;2;2;0;100;0;0;0;1;1561;"Fensterheber"
"10405250";1;1;0;0;1;1;0;100;0;0;0;0;1561;"Fensterheber"
"104098";419;415;0;4;115;3;0;2,61;0;0;0;1;1561;"Fensterheber"
"104151616";1;1;0;0;1;1;0;100;0;0;0;0;1561;"Fensterheber"
"104157521";2;1;1;0;1;1;0;100;0;0;0;0;1561;"Fensterheber"
"104176520";3;3;0;0;1;1;0;100;0;0;0;0;1561;"Fensterheber"
"104177817";1;1;0;0;1;1;0;100;0;0;0;0;1561;"Fensterheber"
"10419375";4;4;0;0;1;1;0;100;0;0;0;0;1561;"Fensterheber"
"10419408";3;3;0;0;1;1;0;100;0;0;0;0;1561;"Fensterheber"
"10419413";9;9;0;0;3;3;0;100;0;0;0;0;1561;"Fensterheber"
"10419418";3;3;0;0;1;1;0;100;0;0;0;0;1561;"Fensterheber"
"10419425";3;3;0;0;2;2;0;100;0;0;0;0;1561;"Fensterheber"
"10419451";2;2;0;0;1;1;0;100;0;0;0;0;1561;"Fensterheber"
"10419490";1;1;0;0;1;1;0;100;0;0;0;0;1561;"Fensterheber"
"10419501";1;1;0;0;1;1;0;100;0;0;0;0;1561;"Fensterheber"
"10419502";1;1;0;0;1;1;0;100;0;0;0;0;1561;"Fensterheber"
"10419542";1;1;0;0;1;1;0;100;0;0;0;0;1561;"Fensterheber"
"10461035";3;3;0;0;2;1;0;50;0;0;0;0;1561;"Fensterheber"
"10468642";4;4;0;0;1;1;0;100;0;0;0;0;1561;"Fensterheber"
"1052175";20;16;0;4;1;1;0;100;1;0;1;0;1561;"Fensterheber"
"1052177";49;43;0;6;6;3;1;50;0;0;1;0;1561;"Fensterheber"
"105906";13;11;0;2;3;1;0;33,33;0;0;0;1;1561;"Fensterheber"
"105906FE";4;4;0;0;1;1;0;100;0;0;0;0;1561;"Fensterheber"
"1060724";57;44;1;12;2;2;0;100;0;0;0;0;1561;"Fensterheber"
"1060726";40;31;1;8;1;1;0;100;0;0;0;0;1561;"Fensterheber"
"1060729";73;62;0;11;1;1;0;100;0;0;0;0;1561;"Fensterheber"
"106224";27;27;0;0;8;1;0;12,50;0;0;0;0;1561;"Fensterheber"
"10650764";1;1;0;0;1;1;0;100;0;0;0;0;1561;"Fensterheber"
"10664873";2;2;0;0;2;2;0;100;0;0;0;0;1561;"Fensterheber"
"10667640";2;2;0;0;1;1;0;100;0;0;0;0;1561;"Fensterheber"
"10678242";1;1;0;0;1;1;0;100;0;0;0;0;1561;"Fensterheber"
"1072782";19;11;0;8;2;2;0;100;0;0;0;0;1561;"Fensterheber"
"107296";32;27;0;5;3;1;0;33,33;0;0;0;1;1561;"Fensterheber"
"107387";31;31;0;0;7;7;0;100;0;0;0;1;1561;"Fensterheber"
"107387001";3;3;0;0;1;1;0;100;0;0;0;0;1561;"Fensterheber"
"107389";41;39;0;2;8;5;0;62,50;0;0;0;1;1561;"Fensterheber"
"107389TOPRAN";1;1;0;0;1;1;0;100;0;0;0;0;1561;"Fensterheber"
"107798FE";1;1;0;0;1;1;0;100;0;0;0;0;1561;"Fensterheber"
"107836";32;29;2;1;3;2;0;66,67;0;0;0;1;1561;"Fensterheber"
"1079231";37;30;0;7;2;1;0;50;1;0;1;0;1561;"Fensterheber"
"1079233";14;14;0;0;1;1;0;100;1;0;1;0;1561;"Fensterheber"
"108210223";1;1;0;0;1;1;0;100;0;0;0;0;1561;"Fensterheber"
"10824692";7;6;1;0;2;2;0;100;0;0;0;0;1561;"Fensterheber"
"108257";33;33;0;0;3;2;0;66,67;0;0;0;1;1561;"Fensterheber"
"108258";19;17;0;2;2;2;0;100;0;0;0;1;1561;"Fensterheber"
"108284";6;6;0;0;1;1;0;100;0;0;0;0;1561;"Fensterheber"
"108319";18;17;0;1;2;1;0;50;0;0;0;0;1561;"Fensterheber"
"108668";66;66;0;0;30;10;0;33,33;0;0;0;1;1561;"Fensterheber"
"108669";34;34;0;0;8;2;0;25;0;0;0;1;1561;"Fensterheber"
"108670";226;226;0;0;52;23;0;44,23;0;0;0;1;1561;"Fensterheber"
"108671";67;66;0;1;22;19;0;86,36;0;0;0;1;1561;"Fensterheber"
"108671001";4;3;0;1;1;1;0;100;0;0;0;0;1561;"Fensterheber"
"108672";37;35;0;2;9;2;0;22,22;0;0;0;1;1561;"Fensterheber"
"108673";35;34;0;1;6;1;0;16,67;0;0;0;1;1561;"Fensterheber"
"109302897";1;1;0;0;1;1;0;100;0;0;0;0;1561;"Fensterheber"
"109303958";1;1;0;0;1;1;0;100;0;0;0;0;1561;"Fensterheber"
"109512";59;57;0;2;8;5;0;62,50;0;0;0;1;1561;"Fensterheber"
"110009";103;102;0;1;9;1;0;11,11;0;0;1;1;1561;"Fensterheber"
"1100187";36;36;0;0;2;2;0;100;0;0;1;0;1561;"Fensterheber"
"110049";147;143;0;4;24;1;0;4,17;0;0;1;1;1561;"Fensterheber"
"110050";556;551;0;5;184;1;0;0,54;0;0;1;1;1561;"Fensterheber"
"110197";6;4;0;2;1;1;0;100;0;0;0;1;1561;"Fensterheber"
"110311";48;46;0;2;7;1;0;14,29;0;0;0;0;1561;"Fensterheber"
"110361";654;650;0;4;263;1;0;0,38;0;0;0;0;1561;"Fensterheber"
"110451";45;45;0;0;15;1;0;6,67;0;0;0;1;1561;"Fensterheber"
"110452";18;18;0;0;6;1;0;16,67;0;0;0;1;1561;"Fensterheber"
"110453";23;23;0;0;7;3;0;42,86;0;0;0;1;1561;"Fensterheber"
"110454";60;60;0;0;22;1;0;4,55;0;0;0;1;1561;"Fensterheber"
"110556";37;37;0;0;7;3;0;42,86;0;0;0;1;1561;"Fensterheber"
"110557";16;14;1;1;5;1;0;20;0;0;0;1;1561;"Fensterheber"
"110558";65;64;0;1;14;7;0;50;0;0;0;1;1561;"Fensterheber"
"110559";91;90;0;1;14;7;0;50;0;0;0;1;1561;"Fensterheber"
"110559TOPRAN";2;2;0;0;1;1;0;100;0;0;0;0;1561;"Fensterheber"
"110559TOR";1;1;0;0;1;1;0;100;0;0;0;0;1561;"Fensterheber"
"11072111";1;1;0;0;1;1;0;100;0;0;0;1;1561;"Fensterheber"
"1107591";23;20;1;2;3;1;0;33,33;1;0;1;0;1561;"Fensterheber"
"1107592";40;32;0;8;5;1;0;20;1;0;1;0;1561;"Fensterheber"
"111015";14;14;0;0;1;1;0;100;0;0;0;1;1561;"Fensterheber"
"111016";31;30;0;1;5;1;0;20;0;0;0;0;1561;"Fensterheber"
"11112141";7;7;0;0;1;1;0;100;0;0;0;1;1561;"Fensterheber"
"111153";11;10;0;1;2;1;0;50;0;0;0;1;1561;"Fensterheber"
"111253";25;24;0;1;4;3;0;75;0;0;0;1;1561;"Fensterheber"
"111254";28;28;0;0;3;3;0;100;0;0;0;1;1561;"Fensterheber"
"111255";80;74;1;5;13;1;0;7,69;0;0;0;1;1561;"Fensterheber"
"111256";35;33;0;2;4;4;0;100;0;0;0;1;1561;"Fensterheber"
"111256TOPRAN";3;3;0;0;2;2;0;100;0;0;0;0;1561;"Fensterheber"
"111257";39;39;0;0;7;6;0;85,71;0;0;0;1;1561;"Fensterheber"
"111269";87;86;0;1;19;3;0;15,79;0;0;0;1;1561;"Fensterheber"
"111270";48;45;0;3;5;2;0;40;0;0;0;1;1561;"Fensterheber"
"111273";17;15;0;2;2;2;0;100;0;0;0;1;1561;"Fensterheber"
"111274";20;17;1;2;4;1;0;25;0;0;0;1;1561;"Fensterheber"
"11145104";1;1;0;0;1;1;0;100;0;0;0;0;1561;"Fensterheber"
"1115801";14;13;0;1;2;2;0;100;1;0;1;0;1561;"Fensterheber"
"11169657";2;2;0;0;1;1;0;100;0;0;0;0;1561;"Fensterheber"
"111698";276;274;0;2;39;2;0;5,13;0;0;0;1;1561;"Fensterheber"
"111699";19;18;0;1;2;1;0;50;0;0;0;1;1561;"Fensterheber"
"11170049";1;1;0;0;1;1;0;100;0;0;0;0;1561;"Fensterheber"
"111705";24;24;0;0;2;2;0;100;0;0;0;1;1561;"Fensterheber"
"11170681";1;1;0;0;1;1;0;100;0;0;0;0;1561;"Fensterheber"
"111708";12;12;0;0;6;3;0;50;0;0;0;1;1561;"Fensterheber"
"111711";40;40;0;0;1;1;0;100;0;0;0;1;1561;"Fensterheber"
"111712";20;19;1;0;3;1;0;33,33;0;0;0;1;1561;"Fensterheber"
"111712TOPRAN";1;1;0;0;1;1;0;100;0;0;0;0;1561;"Fensterheber"
"111713";15;14;0;1;3;1;0;33,33;0;0;0;1;1561;"Fensterheber"
"111714";24;24;0;0;6;1;0;16,67;0;0;0;1;1561;"Fensterheber"
"11171512";2;2;0;0;2;2;0;100;0;0;0;0;1561;"Fensterheber"
"111717";31;24;0;7;4;2;0;50;0;0;0;1;1561;"Fensterheber"
"11182686";2;2;0;0;1;1;0;100;0;0;0;0;1561;"Fensterheber"
"11231344";1;1;0;0;1;1;0;100;0;0;0;0;1561;"Fensterheber"
"11243600";2;1;1;0;1;1;0;100;0;0;0;0;1561;"Fensterheber"
"11243602";3;3;0;0;1;1;0;100;0;0;0;0;1561;"Fensterheber"
"112878";23;23;0;0;3;1;0;33,33;0;0;0;1;1561;"Fensterheber"
"112878TOPRAN";1;1;0;0;1;1;0;100;0;0;0;0;1561;"Fensterheber"
"112879";12;11;0;1;1;1;0;100;0;0;0;1;1561;"Fensterheber"
"1133173";9;6;0;3;1;1;0;100;1;0;0;0;1561;"Fensterheber"
"113419";9;6;0;3;1;1;0;100;0;0;0;1;1561;"Fensterheber"
"1134359";2;2;0;0;1;1;0;100;1;0;1;0;1561;"Fensterheber"
"113597";53;52;0;1;13;3;0;23,08;0;0;0;1;1561;"Fensterheber"
"113608";6;6;0;0;3;3;0;100;0;0;0;0;1561;"Fensterheber"
"113611";16;16;0;0;5;4;0;80;0;0;0;1;1561;"Fensterheber"
"113619";17;16;0;1;6;6;0;100;0;0;0;1;1561;"Fensterheber"
"113620";7;7;0;0;3;3;0;100;0;0;0;1;1561;"Fensterheber"
"113622";17;17;0;0;2;2;0;100;0;0;0;1;1561;"Fensterheber"
"113623";13;12;0;1;3;3;0;100;0;0;0;1;1561;"Fensterheber"
"113624";8;8;0;0;3;3;0;100;0;0;0;1;1561;"Fensterheber"
"113632";8;5;0;3;3;1;0;33,33;0;0;0;0;1561;"Fensterheber"
"113633";14;14;0;0;4;4;0;100;0;0;0;0;1561;"Fensterheber"
"113634";13;12;0;1;2;2;0;100;0;0;0;1;1561;"Fensterheber"
"113635";12;12;0;0;4;4;0;100;0;0;0;1;1561;"Fensterheber"
"113636";10;10;0;0;10;4;0;40;0;0;0;1;1561;"Fensterheber"
"113641";13;13;0;0;4;4;0;100;0;0;0;1;1561;"Fensterheber"
"113642";23;23;0;0;6;2;0;33,33;0;0;0;1;1561;"Fensterheber"
"113643";4;4;0;0;3;3;0;100;0;0;0;1;1561;"Fensterheber"
"113644";30;30;0;0;5;3;0;60;0;0;0;1;1561;"Fensterheber"
"113645";5;5;0;0;4;4;0;100;0;0;0;1;1561;"Fensterheber"
"113646";21;21;0;0;14;14;0;100;0;0;0;1;1561;"Fensterheber"
"113647";41;37;0;4;8;8;0;100;0;0;0;1;1561;"Fensterheber"
"113648";8;8;0;0;3;3;0;100;0;0;0;1;1561;"Fensterheber"
"113650";6;6;0;0;1;1;0;100;0;0;0;1;1561;"Fensterheber"
"113651";18;17;1;0;5;1;0;20;0;0;0;1;1561;"Fensterheber"
"113652";27;27;0;0;7;3;0;42,86;0;0;0;1;1561;"Fensterheber"
"113654";33;31;0;2;7;7;0;100;0;0;0;0;1561;"Fensterheber"
"113655";34;31;0;3;8;6;0;75;0;0;0;0;1561;"Fensterheber"
"113657";20;18;0;2;7;6;0;85,71;0;0;0;1;1561;"Fensterheber"
"113661";15;13;0;2;2;1;0;50;0;0;0;1;1561;"Fensterheber"
"113662";710;710;0;0;289;2;0;0,69;0;0;0;0;1561;"Fensterheber"
"113663";25;17;0;8;2;2;0;100;0;0;0;0;1561;"Fensterheber"
"113668";3;2;0;1;1;1;0;100;0;0;0;0;1561;"Fensterheber"
"113669";18;16;0;2;9;1;0;11,11;0;0;0;0;1561;"Fensterheber"
"113670";21;20;0;1;2;1;0;50;0;0;0;0;1561;"Fensterheber"
"113673";9;8;0;1;1;1;0;100;0;0;0;0;1561;"Fensterheber"
"113675";26;26;0;0;4;1;0;25;0;0;0;1;1561;"Fensterheber"
"113677";7;6;0;1;3;3;0;100;0;0;0;1;1561;"Fensterheber"
"113678";23;22;0;1;2;1;0;50;0;0;0;1;1561;"Fensterheber"
"113679";10;10;0;0;5;4;0;80;0;0;0;1;1561;"Fensterheber"
"113682";3;2;0;1;1;1;0;100;0;0;0;0;1561;"Fensterheber"
"113683";5;5;0;0;3;1;0;33,33;0;0;0;0;1561;"Fensterheber"
"113685";6;6;0;0;3;2;0;66,67;0;0;0;0;1561;"Fensterheber"
"113686";2;2;0;0;1;1;0;100;0;0;0;0;1561;"Fensterheber"
"113687";3;3;0;0;1;1;0;100;0;0;0;0;1561;"Fensterheber"
"113690";4;2;0;2;2;2;0;100;0;0;0;0;1561;"Fensterheber"
"113691";2;2;0;0;2;2;0;100;0;0;0;0;1561;"Fensterheber"
"113692";3;3;0;0;2;2;0;100;0;0;0;0;1561;"Fensterheber"
"113694";7;7;0;0;1;1;0;100;0;0;0;0;1561;"Fensterheber"
"113695";6;5;0;1;2;2;0;100;0;0;0;0;1561;"Fensterheber"
"113698";12;12;0;0;3;1;0;33,33;0;0;0;0;1561;"Fensterheber"
"113701";12;12;0;0;5;1;0;20;0;0;0;0;1561;"Fensterheber"
"113706";13;13;0;0;5;5;0;100;0;0;0;1;1561;"Fensterheber"
"113707";26;25;0;1;3;1;0;33,33;0;0;0;1;1561;"Fensterheber"
"113708";25;25;0;0;8;3;0;37,50;0;0;0;0;1561;"Fensterheber"
"113709";21;21;0;0;4;4;0;100;0;0;0;0;1561;"Fensterheber"
"113716";44;44;0;0;20;2;0;10;0;0;0;0;1561;"Fensterheber"
"113717";6;6;0;0;1;1;0;100;0;0;0;0;1561;"Fensterheber"
"113720";36;35;0;1;11;3;0;27,27;0;0;0;1;1561;"Fensterheber"
"113721";19;19;0;0;4;3;0;75;0;0;0;1;1561;"Fensterheber"
"113722";11;11;0;0;3;1;0;33,33;0;0;0;1;1561;"Fensterheber"
"113723";18;18;0;0;7;1;0;14,29;0;0;0;1;1561;"Fensterheber"
"113724";42;42;0;0;22;2;0;9,09;0;0;0;0;1561;"Fensterheber"
"113725";3;2;0;1;2;1;0;50;0;0;0;0;1561;"Fensterheber"
"113726";12;12;0;0;14;1;0;7,14;0;0;0;0;1561;"Fensterheber"
"113728";28;28;0;0;7;2;0;28,57;0;0;0;0;1561;"Fensterheber"
"113730";40;40;0;0;14;1;0;7,14;0;0;0;1;1561;"Fensterheber"
"113731";6;6;0;0;3;3;0;100;0;0;0;1;1561;"Fensterheber"
"113735";15;15;0;0;6;3;0;50;0;0;0;0;1561;"Fensterheber"
"113736";16;16;0;0;3;1;0;33,33;0;0;0;0;1561;"Fensterheber"
"113737";16;16;0;0;5;2;0;40;0;0;0;0;1561;"Fensterheber"
"113738";53;53;0;0;13;3;0;23,08;0;0;0;0;1561;"Fensterheber"
"113740";12;12;0;0;3;1;0;33,33;0;0;0;1;1561;"Fensterheber"
"113741";41;40;0;1;15;2;0;13,33;0;0;0;1;1561;"Fensterheber"
"113742";30;26;0;4;4;3;0;75;0;0;0;1;1561;"Fensterheber"
"113743";39;39;0;0;12;1;0;8,33;0;0;0;1;1561;"Fensterheber"
"113744";50;49;0;1;11;5;0;45,45;0;0;0;0;1561;"Fensterheber"
"113745";4;4;0;0;1;1;0;100;0;0;0;0;1561;"Fensterheber"
"113748";19;19;0;0;10;1;0;10;0;0;0;1;1561;"Fensterheber"
"113749";24;23;0;1;10;6;0;60;0;0;0;1;1561;"Fensterheber"
"113752";43;43;0;0;10;1;0;10;0;0;0;1;1561;"Fensterheber"
"113753";8;8;0;0;2;2;0;100;0;0;0;1;1561;"Fensterheber"
"113754";20;20;0;0;5;3;0;60;0;0;0;1;1561;"Fensterheber"
"113758";17;17;0;0;7;1;0;14,29;0;0;0;0;1561;"Fensterheber"
"113761";28;27;1;0;5;2;0;40;0;0;0;0;1561;"Fensterheber"
"113762";49;49;0;0;10;4;0;40;0;0;0;0;1561;"Fensterheber"
"113767";22;22;0;0;5;3;0;60;0;0;0;0;1561;"Fensterheber"
"113771";23;23;0;0;1;1;0;100;0;0;0;0;1561;"Fensterheber"
"113772";9;8;0;1;2;1;0;50;0;0;0;0;1561;"Fensterheber"
"1138204";13;12;0;1;1;1;0;100;1;0;1;0;1561;"Fensterheber"
"1138208";5;5;0;0;1;1;1;100;1;0;1;0;1561;"Fensterheber"
"1138214";17;14;0;3;2;2;2;100;1;0;1;0;1561;"Fensterheber"
"1138216";45;38;0;7;6;4;0;66,67;1;0;1;0;1561;"Fensterheber"
"11390499";2;2;0;0;1;1;0;100;0;0;0;0;1561;"Fensterheber"
"11403007";1;1;0;0;1;1;0;100;0;0;0;0;1561;"Fensterheber"
"11403698";3;3;0;0;1;1;0;100;0;0;0;0;1561;"Fensterheber"
"11418868";2;2;0;0;2;2;0;100;0;0;0;0;1561;"Fensterheber"
"114250";28;28;0;0;3;2;0;66,67;0;0;0;0;1561;"Fensterheber"
"114255";2;1;0;1;1;1;0;100;0;0;0;0;1561;"Fensterheber"
"114256";18;17;0;1;3;3;0;100;0;0;0;0;1561;"Fensterheber"
"114265";21;17;0;4;3;2;0;66,67;0;0;0;0;1561;"Fensterheber"
"114268";18;17;0;1;1;1;0;100;0;0;0;0;1561;"Fensterheber"
"114269";13;11;0;2;2;1;0;50;0;0;0;0;1561;"Fensterheber"
"114270";36;34;0;2;9;3;0;33,33;0;0;0;0;1561;"Fensterheber"
"114271";7;6;1;0;5;4;0;80;0;0;0;0;1561;"Fensterheber"
"114272";6;6;0;0;4;3;0;75;0;0;0;0;1561;"Fensterheber"
"114275";76;74;0;2;23;1;0;4,35;0;0;0;0;1561;"Fensterheber"
"114276";15;14;0;1;1;1;0;100;0;0;0;0;1561;"Fensterheber"
"114281";20;18;0;2;2;2;0;100;0;0;0;0;1561;"Fensterheber"
"114282";29;26;0;3;1;1;0;100;0;0;0;0;1561;"Fensterheber"
"114287";10;9;1;0;3;1;0;33,33;0;0;0;0;1561;"Fensterheber"
"114288";78;78;0;0;15;1;0;6,67;0;0;0;0;1561;"Fensterheber"
"114290";17;17;0;0;2;1;0;50;0;0;0;0;1561;"Fensterheber"
"114293";12;11;0;1;2;2;0;100;0;0;0;0;1561;"Fensterheber"
"1143004";5;5;0;0;1;1;0;100;1;0;1;0;1561;"Fensterheber"
"1143005";2;2;0;0;1;1;0;100;1;0;1;0;1561;"Fensterheber"
"114303";32;32;0;0;4;3;0;75;0;0;0;0;1561;"Fensterheber"
"114304";25;25;0;0;3;1;0;33,33;0;0;0;0;1561;"Fensterheber"
"114309";13;12;0;1;6;1;0;16,67;0;0;0;0;1561;"Fensterheber"
"114320";55;55;0;0;9;3;0;33,33;0;0;0;0;1561;"Fensterheber"
"114321";13;13;0;0;3;3;0;100;0;0;0;0;1561;"Fensterheber"
"114325";12;12;0;0;2;1;0;50;0;0;0;0;1561;"Fensterheber"
"114328";34;34;0;0;7;1;0;14,29;0;0;0;0;1561;"Fensterheber"
"114331";23;23;0;0;3;2;0;66,67;0;0;0;0;1561;"Fensterheber"
"114333";24;24;0;0;3;2;0;66,67;0;0;0;0;1561;"Fensterheber"
"114336";25;25;0;0;4;3;0;75;0;0;0;0;1561;"Fensterheber"
"114337";9;9;0;0;4;2;0;50;0;0;0;0;1561;"Fensterheber"
"114343";14;14;0;0;2;2;0;100;0;0;0;0;1561;"Fensterheber"
"114347";22;17;0;5;4;3;0;75;0;0;0;0;1561;"Fensterheber"
"114349";17;17;0;0;7;3;0;42,86;0;0;0;0;1561;"Fensterheber"
"114350";27;23;0;4;5;3;0;60;0;0;0;0;1561;"Fensterheber"
"114351";9;8;0;1;1;1;0;100;0;0;0;0;1561;"Fensterheber"
"114360";23;23;0;0;6;1;0;16,67;0;0;0;0;1561;"Fensterheber"
"114363";18;18;0;0;1;1;0;100;0;0;0;0;1561;"Fensterheber"
"114371";12;12;0;0;4;3;0;75;0;0;0;0;1561;"Fensterheber"
"114373";21;21;0;0;6;5;0;83,33;0;0;0;0;1561;"Fensterheber"
"114374";41;39;0;2;12;4;0;33,33;0;0;0;0;1561;"Fensterheber"
"114375";14;12;0;2;3;1;0;33,33;0;0;0;0;1561;"Fensterheber"
"114377";15;15;0;0;5;2;0;40;0;0;0;0;1561;"Fensterheber"
"114381";21;21;0;0;7;3;0;42,86;0;0;0;0;1561;"Fensterheber"
"11438291";4;4;0;0;1;1;0;100;0;0;0;0;1561;"Fensterheber"
"114383";12;11;0;1;5;3;0;60;0;0;0;0;1561;"Fensterheber"
"114384";10;10;0;0;10;10;0;100;0;0;0;0;1561;"Fensterheber"
"114388";31;29;0;2;1;1;0;100;0;0;0;0;1561;"Fensterheber"
"114389";8;7;0;1;2;1;0;50;0;0;0;0;1561;"Fensterheber"
"114390";14;13;0;1;3;3;0;100;0;0;0;0;1561;"Fensterheber"
"114406";2;2;0;0;1;1;0;100;0;0;0;0;1561;"Fensterheber"
"114409";56;56;0;0;6;1;0;16,67;0;0;0;0;1561;"Fensterheber"
"114412";65;63;0;2;25;1;0;4;0;0;0;0;1561;"Fensterheber"
"114420";23;21;0;2;11;10;0;90,91;0;0;0;0;1561;"Fensterheber"
"114421";50;49;0;1;8;3;0;37,50;0;0;0;0;1561;"Fensterheber"
"114433";12;12;0;0;1;1;0;100;0;0;0;1;1561;"Fensterheber"
"11452600";5;5;0;0;1;1;0;100;0;0;0;0;1561;"Fensterheber"
"114647";8;8;0;0;1;1;0;100;0;0;0;1;1561;"Fensterheber"
"114649";49;48;0;1;5;1;0;20;0;0;0;1;1561;"Fensterheber"
"114669";21;21;0;0;2;1;0;50;0;0;0;1;1561;"Fensterheber"
"114707";15;15;0;0;2;1;0;50;0;0;0;1;1561;"Fensterheber"
"114708";17;17;0;0;1;1;0;100;0;0;0;1;1561;"Fensterheber"
"114711";12;10;0;2;2;1;0;50;0;0;0;1;1561;"Fensterheber"
"11520924";3;3;0;0;2;2;0;100;0;0;0;0;1561;"Fensterheber"
"115698";8;8;0;0;5;1;0;20;0;0;0;0;1561;"Fensterheber"
"115699";4;3;0;1;2;2;0;100;0;0;0;0;1561;"Fensterheber"
"115702";6;5;0;1;3;1;0;33,33;0;0;0;0;1561;"Fensterheber"
"115706";17;15;0;2;4;3;0;75;0;0;0;0;1561;"Fensterheber"
"115707";20;20;0;0;4;1;0;25;0;0;0;0;1561;"Fensterheber"
"11586570";3;3;0;0;1;1;0;100;0;0;0;0;1561;"Fensterheber"
"11592508";1;1;0;0;1;1;0;100;0;0;0;0;1561;"Fensterheber"
"11605663";2;2;0;0;1;1;0;100;0;0;0;0;1561;"Fensterheber"
"116090";23;21;0;2;3;1;0;33,33;0;0;0;1;1561;"Fensterheber"
"116200";51;46;0;5;8;4;0;50;0;0;0;0;1561;"Fensterheber"
"11622853";2;1;1;0;1;1;0;100;0;0;0;0;1561;"Fensterheber"
"116675";25;25;0;0;3;1;0;33,33;0;0;0;1;1561;"Fensterheber"
"116935";14;14;0;0;1;1;0;100;0;0;0;1;1561;"Fensterheber"
"116937";22;22;0;0;1;1;0;100;0;0;0;1;1561;"Fensterheber"
"11719936";4;3;1;0;1;1;0;100;0;0;0;0;1561;"Fensterheber"
"11738462";4;4;0;0;1;1;0;100;0;0;0;0;1561;"Fensterheber"
"11751342";8;8;0;0;1;1;0;100;0;0;0;0;1561;"Fensterheber"
"11769391";1;1;0;0;1;1;0;100;0;0;0;0;1561;"Fensterheber"
"11786733";1;1;0;0;1;1;0;100;0;0;0;0;1561;"Fensterheber"
"11800316";1;1;0;0;1;1;0;100;0;0;0;0;1561;"Fensterheber"
"118072";12;12;0;0;3;2;0;66,67;0;0;0;0;1561;"Fensterheber"
"1188101080";4;4;0;0;1;1;0;100;0;0;0;1;1561;"Fensterheber"
"1188103880";2;2;0;0;1;1;0;100;0;0;0;1;1561;"Fensterheber"
"119087";52;37;6;9;7;2;0;28,57;0;0;0;0;1561;"Fensterheber"
"119130";22;22;0;0;2;1;0;50;0;0;0;0;1561;"Fensterheber"
"119131";73;59;1;13;5;1;0;20;0;0;0;0;1561;"Fensterheber"
"120000";85;85;0;0;5;1;0;20;0;0;0;1;1561;"Fensterheber"
"120108";13;13;0;0;1;1;0;100;0;0;0;1;1561;"Fensterheber"
"1206824";68;65;0;3;8;7;0;87,50;1;0;0;0;1561;"Fensterheber"
"121228";30;29;0;1;4;1;0;25;0;0;0;0;1561;"Fensterheber"
"1212564";25;22;0;3;1;1;0;100;1;0;0;0;1561;"Fensterheber"
"1218652";162;151;1;10;13;8;0;61,54;1;0;1;0;1561;"Fensterheber"
"1218655";26;22;0;4;5;5;0;100;1;0;1;0;1561;"Fensterheber"
"122158";4;4;0;0;1;1;0;100;0;0;0;0;1561;"Fensterheber"
"1225776";16;15;1;0;2;2;0;100;1;0;1;0;1561;"Fensterheber"
"1225778";44;43;0;1;4;3;0;75;1;0;1;0;1561;"Fensterheber"
"122836";18;18;0;0;5;1;0;20;0;0;0;0;1561;"Fensterheber"
"123003";24;24;0;0;2;2;0;100;0;0;0;0;1561;"Fensterheber"
"123005";56;52;0;4;8;2;0;25;0;0;0;0;1561;"Fensterheber"
"1233191";14;12;0;2;1;1;0;100;1;0;1;0;1561;"Fensterheber"
"1233193";40;38;0;2;8;7;0;87,50;1;0;1;0;1561;"Fensterheber"
"12338183";2;2;0;0;2;2;0;100;0;0;0;0;1561;"Fensterheber"
"12338225";3;3;0;0;1;1;0;100;0;0;0;0;1561;"Fensterheber"
"12338521";1;1;0;0;1;1;0;100;0;0;0;0;1561;"Fensterheber"
"12338555";1;1;0;0;1;1;0;100;0;0;0;0;1561;"Fensterheber"
"12338587";5;5;0;0;2;2;0;100;0;0;0;0;1561;"Fensterheber"
"1237812";2;2;0;0;1;1;0;100;0;0;0;0;1561;"Fensterheber"
"1244735";55;54;1;0;17;1;0;5,88;0;0;0;0;1561;"Fensterheber"
"1247200346";33;27;0;6;3;3;0;100;1;0;1;1;1561;"Fensterheber"
"1247200446";13;11;0;2;2;2;0;100;1;0;1;1;1561;"Fensterheber"
"1247200446MG";1;1;0;0;1;1;0;100;0;0;0;0;1561;"Fensterheber"
"1247300446";6;5;0;1;1;1;0;100;1;0;1;0;1561;"Fensterheber"
"125413";8;7;0;1;2;2;0;100;0;0;0;0;1561;"Fensterheber"
"125414";6;5;0;1;3;3;0;100;0;0;0;0;1561;"Fensterheber"
"1255641";6;6;0;0;1;1;0;100;1;0;1;0;1561;"Fensterheber"
"125573";10;8;0;2;5;2;0;40;0;0;0;0;1561;"Fensterheber"
"125577";5;5;0;0;4;1;0;25;0;0;0;0;1561;"Fensterheber"
"125619";5;5;0;0;2;1;0;50;0;0;0;0;1561;"Fensterheber"
"125625";4;2;1;1;1;1;0;100;0;0;0;0;1561;"Fensterheber"
"125633";11;10;0;1;4;2;0;50;0;0;0;0;1561;"Fensterheber"
"125634";5;5;0;0;3;2;0;66,67;0;0;0;0;1561;"Fensterheber"
"125896";3;0;3;0;1;1;0;100;0;0;0;0;1561;"Fensterheber"
"126329";11;11;0;0;4;1;0;25;0;0;0;0;1561;"Fensterheber"
"12668964";2;1;1;0;1;1;0;100;0;0;0;0;1561;"Fensterheber"
"12755681";35;28;0;7;1;1;0;100;1;0;0;0;1561;"Fensterheber"
"12755682";11;9;0;2;3;3;0;100;1;0;0;0;1561;"Fensterheber"
"12755683";5;2;0;3;1;1;0;100;0;0;1;0;1561;"Fensterheber"
"127602";14;13;0;1;1;1;0;100;0;0;0;0;1561;"Fensterheber"
"127604";6;5;0;1;2;1;0;50;0;0;0;0;1561;"Fensterheber"
"12788913";24;17;0;7;4;4;0;100;1;0;1;0;1561;"Fensterheber"
"12793730";7;7;0;0;1;1;0;100;1;0;1;0;1561;"Fensterheber"
"127938";10;10;0;0;3;2;0;66,67;0;0;0;0;1561;"Fensterheber"
"128648";16;16;0;0;3;1;0;33,33;0;0;0;0;1561;"Fensterheber"
"130003002";8;8;0;0;1;1;0;100;0;0;0;1;1561;"Fensterheber"
"130004030";5;5;0;0;1;1;0;100;0;0;0;1;1561;"Fensterheber"
"130016004";10;5;0;5;1;1;0;100;0;0;0;1;1561;"Fensterheber"
"130042001";10;8;0;2;1;1;0;100;0;0;0;1;1561;"Fensterheber"
"130046012";2;2;0;0;1;1;0;100;0;0;0;1;1561;"Fensterheber"
"130048001";10;8;0;2;1;1;0;100;0;0;0;1;1561;"Fensterheber"
"130053014";14;11;0;3;1;1;0;100;0;0;0;1;1561;"Fensterheber"
"130053018";4;4;0;0;1;1;0;100;0;0;0;1;1561;"Fensterheber"
"130053046";1;1;0;0;1;1;0;100;0;0;0;1;1561;"Fensterheber"
"130053053";3;3;0;0;1;1;0;100;0;0;0;1;1561;"Fensterheber"
"130053055";2;1;0;1;1;1;0;100;0;0;0;1;1561;"Fensterheber"
"130053071";3;3;0;0;1;1;0;100;0;0;0;1;1561;"Fensterheber"
"130053104";5;5;0;0;1;1;0;100;0;0;0;1;1561;"Fensterheber"
"130145";36;36;0;0;5;2;0;40;0;0;0;0;1561;"Fensterheber"
"130225";40;37;2;1;16;1;0;6,25;0;0;0;0;1561;"Fensterheber"
"130304";32;32;0;0;10;1;0;10;0;0;0;0;1561;"Fensterheber"
"130305";16;14;0;2;5;2;0;40;0;0;0;0;1561;"Fensterheber"
"13100421";11;7;0;4;1;1;0;100;1;0;0;1;1561;"Fensterheber"
"13100423";95;84;0;11;3;3;0;100;1;0;1;1;1561;"Fensterheber"
"13101480";76;68;0;8;2;2;0;100;0;0;0;0;1561;"Fensterheber"
"131065";30;29;1;0;7;1;0;14,29;0;0;0;0;1561;"Fensterheber"
"13132231";42;41;0;1;2;1;0;50;1;0;0;1;1561;"Fensterheber"
"13132232";33;30;0;3;1;1;0;100;1;0;0;0;1561;"Fensterheber"
"13132435";30;28;0;2;1;1;0;100;0;0;0;0;1561;"Fensterheber"
"13162131";61;52;0;9;12;3;0;25;0;0;0;1;1561;"Fensterheber"
"13188488";12;11;0;1;1;1;0;100;1;0;1;0;1561;"Fensterheber"
"13188490";56;39;1;16;4;4;0;100;1;0;0;0;1561;"Fensterheber"
"13188491";42;38;0;4;3;3;0;100;1;0;1;0;1561;"Fensterheber"
"13188503";24;13;0;11;1;1;0;100;1;0;0;0;1561;"Fensterheber"
"13188504";46;24;0;22;1;1;0;100;1;0;0;1;1561;"Fensterheber"
"1320873";23;19;0;4;1;1;0;100;1;0;1;0;1561;"Fensterheber"
"1322757080";15;14;0;1;1;1;0;100;1;0;1;0;1561;"Fensterheber"
"1322758080";37;35;0;2;3;3;0;100;1;0;1;0;1561;"Fensterheber"
"13269605";12;12;0;0;2;2;0;100;1;0;1;0;1561;"Fensterheber"
"13269606";12;11;0;1;2;2;0;100;1;0;1;0;1561;"Fensterheber"
"13289449";7;7;0;0;1;1;0;100;0;0;0;0;1561;"Fensterheber"
"132896";11;11;0;0;2;1;0;50;0;0;0;0;1561;"Fensterheber"
"132898";19;19;0;0;4;3;0;75;0;0;0;0;1561;"Fensterheber"
"132899";24;24;0;0;10;4;0;40;0;0;0;0;1561;"Fensterheber"
"132909";7;7;0;0;2;1;0;50;0;0;0;0;1561;"Fensterheber"
"132918";6;6;0;0;3;1;0;33,33;0;0;0;0;1561;"Fensterheber"
"132922";18;18;0;0;8;6;0;75;0;0;0;0;1561;"Fensterheber"
"13298153";46;39;0;7;6;6;0;100;1;0;0;0;1561;"Fensterheber"
"13298154";72;68;0;4;8;7;0;87,50;1;0;0;0;1561;"Fensterheber"
"133064";35;35;0;0;2;1;0;50;0;0;0;0;1561;"Fensterheber"
"13306600";11;11;0;0;1;1;0;100;1;0;0;0;1561;"Fensterheber"
"13306601";26;24;1;1;2;2;0;100;1;0;0;0;1561;"Fensterheber"
"13306920";85;44;1;40;1;1;0;100;1;0;0;0;1561;"Fensterheber"
"13306921";84;43;2;39;2;2;0;100;1;0;0;0;1561;"Fensterheber"
"13306923";25;23;0;2;1;1;0;100;1;0;1;0;1561;"Fensterheber"
"13306924";40;40;0;0;1;1;0;100;1;0;1;0;1561;"Fensterheber"
"13313568";96;82;0;14;1;1;0;100;1;0;1;0;1561;"Fensterheber"
"13313569";88;75;1;12;3;3;0;100;1;0;1;0;1561;"Fensterheber"
"13314157";13;13;0;0;1;1;0;100;1;0;1;0;1561;"Fensterheber"
"1331605";119;112;0;7;19;16;0;84,21;1;0;1;0;1561;"Fensterheber"
"1331606";120;111;0;9;23;17;1;73,91;1;0;1;0;1561;"Fensterheber"
"1331607";101;63;2;36;4;4;0;100;1;0;0;0;1561;"Fensterheber"
"1331608";71;30;3;38;2;2;0;100;1;0;0;0;1561;"Fensterheber"
"1331610";50;40;0;10;3;3;0;100;1;0;0;0;1561;"Fensterheber"
"1331611";140;111;0;29;13;8;0;61,54;1;0;0;0;1561;"Fensterheber"
"1331612";149;133;0;16;13;11;2;84,62;1;0;1;0;1561;"Fensterheber"
"1331614";397;366;1;30;60;42;3;70;1;0;1;1;1561;"Fensterheber"
"1331616";131;111;0;20;3;2;0;66,67;1;0;1;0;1561;"Fensterheber"
"1331617";285;259;1;25;15;9;3;60;1;0;1;0;1561;"Fensterheber"
"1331618";88;78;0;10;4;3;0;75;1;0;1;0;1561;"Fensterheber"
"1331619";208;176;0;32;21;17;0;80,95;1;0;1;0;1561;"Fensterheber"
"1331841";19;17;0;2;1;1;0;100;1;0;0;0;1561;"Fensterheber"
"1331PSG1POL";3;3;0;0;1;1;0;100;0;0;0;0;1561;"Fensterheber"
"13350758";146;117;0;29;8;8;0;100;1;0;0;0;1561;"Fensterheber"
"13350760";174;104;9;61;4;4;0;100;1;0;0;0;1561;"Fensterheber"
"1335PSG1";15;15;0;0;4;4;0;100;0;0;0;1;1561;"Fensterheber"
"1335PSG2";9;6;0;3;1;1;0;100;0;0;0;1;1561;"Fensterheber"
"133645";19;19;0;0;12;2;0;16,67;0;0;0;0;1561;"Fensterheber"
"133646";13;10;0;3;2;2;0;100;0;0;0;0;1561;"Fensterheber"
"13369286";7;6;0;1;1;1;0;100;1;0;1;0;1561;"Fensterheber"
"13369290";33;21;1;11;3;1;0;33,33;1;0;1;1;1561;"Fensterheber"
"133854";31;30;0;1;3;1;0;33,33;0;0;0;0;1561;"Fensterheber"
"13398418";26;13;2;11;1;1;0;100;0;0;0;0;1561;"Fensterheber"
"13398476";2;2;0;0;1;1;0;100;0;0;0;0;1561;"Fensterheber"
"13398520";3;3;0;0;1;1;0;100;0;0;0;0;1561;"Fensterheber"
"1340453080";145;140;0;5;32;24;0;75;1;0;1;0;1561;"Fensterheber"
"13409609";3;3;0;0;1;1;0;100;0;0;0;0;1561;"Fensterheber"
"13409625";8;8;0;0;1;1;0;100;0;0;0;0;1561;"Fensterheber"
"13409626";2;2;0;0;1;1;0;100;0;0;0;0;1561;"Fensterheber"
"13409769";1;1;0;0;1;1;0;100;0;0;0;0;1561;"Fensterheber"
"13409988";1;1;0;0;1;1;0;100;0;0;0;0;1561;"Fensterheber"
"1341395080";14;12;0;2;1;1;0;100;1;0;1;1;1561;"Fensterheber"
"1341396080";50;44;0;6;4;4;0;100;1;0;1;1;1561;"Fensterheber"
"13421141";1;1;0;0;1;1;0;100;0;0;0;0;1561;"Fensterheber"
"13421206";1;1;0;0;1;1;0;100;0;0;0;0;1561;"Fensterheber"
"13421224";5;5;0;0;1;1;0;100;0;0;0;0;1561;"Fensterheber"
"13421446";1;1;0;0;1;1;0;100;0;0;0;0;1561;"Fensterheber"
"13433023";1;1;0;0;1;1;0;100;0;0;0;0;1561;"Fensterheber"
"13433024";1;1;0;0;1;1;0;100;0;0;0;0;1561;"Fensterheber"
"13447038";87;82;1;4;14;14;0;100;1;0;0;0;1561;"Fensterheber"
"13447039";94;84;0;10;17;17;0;100;1;0;0;0;1561;"Fensterheber"
"13447040";31;24;0;7;2;2;0;100;1;0;0;0;1561;"Fensterheber"
"13447041";26;24;0;2;2;2;0;100;1;0;0;0;1561;"Fensterheber"
"135072";67;65;0;2;14;1;0;7,14;0;0;0;0;1561;"Fensterheber"
"1354700080";59;56;0;3;7;5;0;71,43;1;0;1;0;1561;"Fensterheber"
"1354726080";96;95;0;1;14;8;1;57,14;1;0;1;0;1561;"Fensterheber"
"13552121";5;4;0;1;1;1;0;100;0;0;0;1;1561;"Fensterheber"
"13581";2;2;0;0;1;1;0;100;0;0;0;0;1561;"Fensterheber"
"1358175080";80;79;0;1;9;9;0;100;1;0;0;0;1561;"Fensterheber"
"13582";7;7;0;0;1;1;0;100;0;0;0;0;1561;"Fensterheber"
"13587";7;6;0;1;3;3;0;100;0;0;0;0;1561;"Fensterheber"
"136106";4;3;0;1;1;1;0;100;0;0;0;0;1561;"Fensterheber"
"136107";3;3;0;0;2;2;0;100;0;0;0;0;1561;"Fensterheber"
"136122";11;10;0;1;3;1;0;33,33;0;0;0;0;1561;"Fensterheber"
"136126";6;5;0;1;2;2;0;100;0;0;0;0;1561;"Fensterheber"
"136136";1;1;0;0;1;1;0;100;0;0;0;0;1561;"Fensterheber"
"136365";7;7;0;0;5;1;0;20;0;0;0;0;1561;"Fensterheber"
"136479";12;12;0;0;4;2;0;50;0;0;0;0;1561;"Fensterheber"
"1366562080";2;2;0;0;2;2;0;100;1;0;0;0;1561;"Fensterheber"
"1368042080";11;11;0;0;1;1;0;100;1;0;0;0;1561;"Fensterheber"
"1368043080";31;28;1;2;2;2;0;100;1;0;0;0;1561;"Fensterheber"
"1368329080";94;92;0;2;12;9;0;75;1;0;1;0;1561;"Fensterheber"
"1368331080";133;131;0;2;10;6;0;60;1;0;1;0;1561;"Fensterheber"
"1368917080";13;13;0;0;1;1;0;100;1;0;0;0;1561;"Fensterheber"
"1368918080";37;36;0;1;2;2;0;100;1;0;0;0;1561;"Fensterheber"
"1368921080";70;70;0;0;5;5;0;100;1;0;1;0;1561;"Fensterheber"
"1368922080";164;149;0;15;17;17;1;100;1;0;1;0;1561;"Fensterheber"
"1374568";45;29;0;16;1;1;0;100;0;0;1;0;1561;"Fensterheber"
"1376856";66;58;1;7;5;1;0;20;1;0;0;0;1561;"Fensterheber"
"138450";10;9;0;1;2;2;0;100;0;0;0;0;1561;"Fensterheber"
"138912";7;6;0;1;1;1;0;100;0;0;0;0;1561;"Fensterheber"
"139249";6;5;0;1;1;1;0;100;0;0;0;0;1561;"Fensterheber"
"139250";10;10;0;0;7;1;0;14,29;0;0;0;0;1561;"Fensterheber"
"139337";2;2;0;0;1;1;0;100;0;0;0;0;1561;"Fensterheber"
"1394448080";40;38;0;2;2;2;0;100;0;0;0;0;1561;"Fensterheber"
"1394449080";80;65;0;15;5;5;0;100;0;0;0;0;1561;"Fensterheber"
"139464";6;6;0;0;1;1;0;100;0;0;0;0;1561;"Fensterheber"
"139652";7;7;0;0;1;1;0;100;0;0;0;0;1561;"Fensterheber"
"139896";7;4;0;3;2;1;0;50;0;0;0;0;1561;"Fensterheber"
"139897";10;7;2;1;3;3;0;100;0;0;0;0;1561;"Fensterheber"
"139898";6;6;0;0;4;4;0;100;0;0;0;0;1561;"Fensterheber"
"139900";5;5;0;0;1;1;0;100;0;0;0;0;1561;"Fensterheber"
"140277";52;47;0;5;6;1;0;16,67;1;0;1;0;1561;"Fensterheber"
"140308";28;25;0;3;3;1;0;33,33;1;0;1;0;1561;"Fensterheber"
"140310";25;25;0;0;9;1;0;11,11;1;0;1;1;1561;"Fensterheber"
"140356";4;4;0;0;2;2;0;100;1;0;1;0;1561;"Fensterheber"
"140511";7;5;1;1;1;1;0;100;0;0;0;1;1561;"Fensterheber"
"1407300346";2;2;0;0;1;1;0;100;1;0;0;0;1561;"Fensterheber"
"1411PSG1POL";2;2;0;0;1;1;0;100;0;0;0;0;1561;"Fensterheber"
"1417697";105;88;0;17;13;10;1;76,92;1;0;1;0;1561;"Fensterheber"
"1417698";149;124;0;25;16;7;0;43,75;1;0;1;0;1561;"Fensterheber"
"142504";21;21;0;0;3;1;0;33,33;0;0;0;0;1561;"Fensterheber"
"142860";1;1;0;0;1;1;0;100;0;0;0;0;1561;"Fensterheber"
"14307552";5;5;0;0;2;2;0;100;0;0;0;0;1561;"Fensterheber"
"14321811";1;1;0;0;1;1;0;100;0;0;0;0;1561;"Fensterheber"
"14334127";1;1;0;0;1;1;0;100;0;0;0;0;1561;"Fensterheber"
"14334173";6;4;2;0;1;1;0;100;0;0;0;0;1561;"Fensterheber"
"14334185";9;9;0;0;1;1;0;100;0;0;0;0;1561;"Fensterheber"
"14334235";3;3;0;0;1;1;0;100;0;0;0;0;1561;"Fensterheber"
"14334236";2;2;0;0;1;1;0;100;0;0;0;0;1561;"Fensterheber"
"14334237";3;3;0;0;2;2;0;100;0;0;0;0;1561;"Fensterheber"
"14334246";3;3;0;0;1;1;0;100;0;0;0;0;1561;"Fensterheber"
"143612";4;4;0;0;2;1;0;50;0;0;0;0;1561;"Fensterheber"
"143613";1;1;0;0;1;1;0;100;0;0;0;0;1561;"Fensterheber"
"143887";3;1;2;0;2;2;0;100;0;0;0;0;1561;"Fensterheber"
"1440161380";104;101;0;3;14;13;0;92,86;1;0;1;0;1561;"Fensterheber"
"1440161480";72;68;0;4;3;3;0;100;0;0;1;0;1561;"Fensterheber"
"1440161580";67;66;0;1;7;7;0;100;1;0;1;1;1561;"Fensterheber"
"14402529";5;5;0;0;2;2;0;100;0;0;0;0;1561;"Fensterheber"
"144490";11;9;0;2;4;4;0;100;0;0;0;0;1561;"Fensterheber"
"144859";1;1;0;0;1;1;0;100;0;0;0;0;1561;"Fensterheber"
"14505534";1;1;0;0;1;1;0;100;0;0;0;0;1561;"Fensterheber"
"14505545";1;1;0;0;1;1;0;100;0;0;0;0;1561;"Fensterheber"
"14505556";2;2;0;0;2;2;0;100;0;0;0;0;1561;"Fensterheber"
"1452778";28;21;0;7;1;1;0;100;1;0;0;0;1561;"Fensterheber"
"1452782";70;63;0;7;11;10;0;90,91;1;0;0;0;1561;"Fensterheber"
"1452803";136;130;0;6;23;4;0;17,39;0;0;0;0;1561;"Fensterheber"
"145790";6;4;1;1;3;1;0;33,33;0;0;0;0;1561;"Fensterheber"
"145791";7;7;0;0;2;2;0;100;0;0;0;0;1561;"Fensterheber"
"145852";2;2;0;0;2;1;0;50;0;0;0;0;1561;"Fensterheber"
"14589693";1;1;0;0;1;1;0;100;0;0;0;0;1561;"Fensterheber"
"1461666";4;4;0;0;2;1;0;50;1;0;0;0;1561;"Fensterheber"
"1461680";3;3;0;0;1;1;0;100;1;0;0;0;1561;"Fensterheber"
"1464718";2;2;0;0;1;1;0;100;1;0;0;0;1561;"Fensterheber"
"1466699";1;1;0;0;1;1;0;100;0;0;0;0;1561;"Fensterheber"
"146752";7;6;0;1;2;1;0;50;0;0;0;0;1561;"Fensterheber"
"147037";3;3;0;0;1;1;0;100;0;0;0;0;1561;"Fensterheber"
"147150";7;7;0;0;6;6;0;100;0;0;0;0;1561;"Fensterheber"
"147152";4;4;0;0;1;1;0;100;0;0;0;0;1561;"Fensterheber"
"147155";2;2;0;0;1;1;0;100;0;0;0;0;1561;"Fensterheber"
"147156";42;37;0;5;17;4;0;23,53;0;0;0;0;1561;"Fensterheber"
"147157";2;2;0;0;1;1;0;100;0;0;0;0;1561;"Fensterheber"
"147158";3;3;0;0;3;1;0;33,33;0;0;0;0;1561;"Fensterheber"
"147160";4;4;0;0;3;1;0;33,33;0;0;0;0;1561;"Fensterheber"
"147161";3;3;0;0;3;3;0;100;0;0;0;0;1561;"Fensterheber"
"147162";10;10;0;0;2;2;0;100;0;0;0;0;1561;"Fensterheber"
"147163";40;38;0;2;6;5;0;83,33;0;0;0;0;1561;"Fensterheber"
"147164";14;13;1;0;7;7;0;100;0;0;0;0;1561;"Fensterheber"
"147166";8;7;0;1;1;1;0;100;0;0;0;0;1561;"Fensterheber"
"14722";32;32;0;0;5;5;0;100;0;0;0;1;1561;"Fensterheber"
"147274";1;1;0;0;1;1;0;100;0;0;0;0;1561;"Fensterheber"
"147275";1;1;0;0;1;1;0;100;0;0;0;0;1561;"Fensterheber"
"147790";6;5;0;1;1;1;0;100;0;0;0;0;1561;"Fensterheber"
"1478272";7;7;0;0;2;2;0;100;1;0;0;0;1561;"Fensterheber"
"1482293";153;83;1;69;4;4;0;100;1;0;0;0;1561;"Fensterheber"
"1485312080";8;8;0;0;1;1;0;100;1;0;1;0;1561;"Fensterheber"
"1488559080";25;24;0;1;2;2;0;100;1;0;1;1;1561;"Fensterheber"
"1498046";125;98;0;27;13;12;0;92,31;1;0;1;0;1561;"Fensterheber"
"1498048";394;371;0;23;63;56;0;88,89;1;0;1;0;1561;"Fensterheber"
"1498743080";81;78;0;3;2;2;0;100;1;0;1;0;1561;"Fensterheber"
"149931";5;5;0;0;3;3;0;100;0;0;0;0;1561;"Fensterheber"
"149932";12;6;6;0;1;1;0;100;0;0;0;0;1561;"Fensterheber"
"1499438080";92;82;0;10;6;6;2;100;0;0;1;0;1561;"Fensterheber"
"1499439080";98;95;0;3;14;11;3;78,57;1;0;1;0;1561;"Fensterheber"
"149954";17;17;0;0;7;1;0;14,29;0;0;0;0;1561;"Fensterheber"
"150014";25;24;0;1;7;1;0;14,29;0;0;0;0;1561;"Fensterheber"
"150038";20;19;1;0;8;1;0;12,50;0;0;0;0;1561;"Fensterheber"
"150039";118;118;0;0;33;3;0;9,09;0;0;0;0;1561;"Fensterheber"
"1500650";2;2;0;0;1;1;0;100;1;0;0;0;1561;"Fensterheber"
"150297";17;17;0;0;5;4;0;80;0;0;0;0;1561;"Fensterheber"
"1506264";28;27;0;1;6;1;0;16,67;0;0;0;1;1561;"Fensterheber"
"1506266";8;7;0;1;1;1;0;100;0;0;0;1;1561;"Fensterheber"
"1507262";5;5;0;0;1;1;0;100;0;0;0;1;1561;"Fensterheber"
"1528038";38;30;0;8;3;2;0;66,67;1;0;0;0;1561;"Fensterheber"
"153012";6;4;0;2;3;1;0;33,33;0;0;0;0;1561;"Fensterheber"
"15376";25;25;0;0;1;1;0;100;0;0;0;1;1561;"Fensterheber"
"15378";22;21;0;1;3;2;0;66,67;0;0;0;1;1561;"Fensterheber"
"153893";7;7;0;0;4;4;0;100;0;0;0;0;1561;"Fensterheber"
"1542434";13;13;0;0;1;1;0;100;1;0;1;0;1561;"Fensterheber"
"1542436";25;24;0;1;2;2;0;100;1;0;1;0;1561;"Fensterheber"
"154603";2;2;0;0;1;1;0;100;0;0;0;0;1561;"Fensterheber"
"1546517";71;50;0;21;4;4;0;100;1;0;1;0;1561;"Fensterheber"
"1547734";252;221;0;31;21;19;0;90,48;1;0;1;0;1561;"Fensterheber"
"1553149";92;85;0;7;11;9;1;81,82;1;0;1;0;1561;"Fensterheber"
"1554229";25;23;1;1;6;6;0;100;1;0;1;0;1561;"Fensterheber"
"155432";3;3;0;0;2;1;0;50;0;0;0;0;1561;"Fensterheber"
"1557261";3;2;0;1;1;1;0;100;0;0;0;1;1561;"Fensterheber"
"1561W0015";1;1;0;0;1;1;0;100;0;0;0;1;1561;"Fensterheber"
"1561W0142";2;2;0;0;1;1;0;100;0;0;0;1;1561;"Fensterheber"
"1561W0239";1;1;0;0;1;1;0;100;0;0;0;1;1561;"Fensterheber"
"1561W0420";1;1;0;0;1;1;0;100;0;0;0;1;1561;"Fensterheber"
"1561W0438";1;1;0;0;1;1;0;100;0;0;0;1;1561;"Fensterheber"
"1561W0545";2;0;0;2;1;1;0;100;0;0;0;1;1561;"Fensterheber"
"1561W0777";1;0;0;1;1;1;0;100;0;0;0;1;1561;"Fensterheber"
"1563721";2;1;1;0;1;1;0;100;0;0;0;0;1561;"Fensterheber"
"1567723";61;56;1;4;14;14;0;100;1;0;1;0;1561;"Fensterheber"
"1567725";41;37;0;4;7;7;0;100;1;0;1;0;1561;"Fensterheber"
"1567726";110;104;0;6;26;25;1;96,15;1;0;1;0;1561;"Fensterheber"
"1568365";8;8;0;0;4;4;0;100;1;0;1;0;1561;"Fensterheber"
"157418";8;7;0;1;1;1;0;100;0;0;0;0;1561;"Fensterheber"
"15774377";1;1;0;0;1;1;0;100;0;0;0;0;1561;"Fensterheber"
"1579840";1;1;0;0;1;1;1;100;1;0;1;0;1561;"Fensterheber"
"158026";2;2;0;0;2;2;0;100;0;0;0;0;1561;"Fensterheber"
"158260";5;5;0;0;3;1;0;33,33;0;0;0;0;1561;"Fensterheber"
"160135";15;14;0;1;4;4;0;100;0;0;0;0;1561;"Fensterheber"
"160139";4;4;0;0;2;2;0;100;0;0;0;0;1561;"Fensterheber"
"160142";4;2;0;2;2;1;0;50;0;0;0;0;1561;"Fensterheber"
"1604261";116;114;1;1;40;40;0;100;0;0;0;1;1561;"Fensterheber"
"1604262";78;78;0;0;23;23;0;100;0;0;0;1;1561;"Fensterheber"
"160631";7;6;0;1;1;1;0;100;0;0;0;1;1561;"Fensterheber"
"1607261";7;7;0;0;1;1;0;100;0;0;0;1;1561;"Fensterheber"
"1607395380";42;36;1;5;4;4;0;100;1;0;1;1;1561;"Fensterheber"
"1607395480";124;124;0;0;7;7;0;100;1;0;1;1;1561;"Fensterheber"
"1607706980";198;192;0;6;34;30;1;88,24;1;0;1;1;1561;"Fensterheber"
"1607707180";102;100;0;2;14;13;0;92,86;1;0;0;1;1561;"Fensterheber"
"1609126";21;20;0;1;1;1;0;100;1;0;1;0;1561;"Fensterheber"
"1609268";2;1;0;1;1;1;0;100;0;0;0;1;1561;"Fensterheber"
"1612262";11;11;0;0;1;1;0;100;0;0;0;1;1561;"Fensterheber"
"1612263";28;28;0;0;8;8;0;100;0;0;0;1;1561;"Fensterheber"
"1612264";20;20;0;0;3;3;0;100;0;0;0;1;1561;"Fensterheber"
"1612265";13;13;0;0;1;1;0;100;0;0;0;1;1561;"Fensterheber"
"1612266";23;23;0;0;2;2;0;100;0;0;0;1;1561;"Fensterheber"
"161282";5;5;0;0;1;1;0;100;0;0;0;0;1561;"Fensterheber"
"161289";4;1;0;3;1;1;0;100;0;0;0;0;1561;"Fensterheber"
"161291";5;4;1;0;1;1;0;100;0;0;0;0;1561;"Fensterheber"
"161660";1;1;0;0;1;1;0;100;0;0;0;0;1561;"Fensterheber"
"1619990980";18;16;0;2;2;2;0;100;0;0;0;1;1561;"Fensterheber"
"1619991080";27;21;0;6;1;1;0;100;0;0;0;1;1561;"Fensterheber"
"1619991180";19;19;0;0;1;1;0;100;0;0;0;1;1561;"Fensterheber"
"1619991280";11;8;0;3;1;1;0;100;0;0;0;1;1561;"Fensterheber"
"1619991380";13;12;0;1;1;1;0;100;0;0;0;1;1561;"Fensterheber"
"1619991580";23;13;0;10;1;1;0;100;1;0;0;1;1561;"Fensterheber"
"1619991680";27;18;0;9;3;3;0;100;0;0;0;1;1561;"Fensterheber"
"1619991780";24;23;0;1;2;2;0;100;0;0;0;1;1561;"Fensterheber"
"1619993180";42;32;0;10;3;3;0;100;1;0;0;1;1561;"Fensterheber"
"1619997180";5;5;0;0;1;1;0;100;0;0;0;1;1561;"Fensterheber"
"1619998880";81;61;2;18;4;4;0;100;0;0;0;1;1561;"Fensterheber"
"1619999680";3;1;1;1;1;1;0;100;0;0;0;1;1561;"Fensterheber"
"1620004380";7;6;1;0;1;1;0;100;0;0;0;1;1561;"Fensterheber"
"1620009180";2;2;0;0;3;3;0;100;0;0;0;1;1561;"Fensterheber"
"1620010680";76;60;1;15;7;7;0;100;0;0;0;1;1561;"Fensterheber"
"1620010780";5;3;2;0;2;2;0;100;0;0;0;1;1561;"Fensterheber"
"1624227";60;60;0;0;19;19;0;100;0;0;0;1;1561;"Fensterheber"
"1624228";84;84;0;0;38;38;0;100;0;0;0;1;1561;"Fensterheber"
"1624228VAN";3;3;0;0;2;2;0;100;0;0;0;0;1561;"Fensterheber"
"1624261";170;169;0;1;43;43;0;100;0;0;0;1;1561;"Fensterheber"
"1624262";62;62;0;0;11;11;0;100;0;0;0;1;1561;"Fensterheber"
"1624263";119;119;0;0;44;44;0;100;0;0;0;1;1561;"Fensterheber"
"1624263VWA";2;2;0;0;2;2;0;100;0;0;0;0;1561;"Fensterheber"
"1624264";50;50;0;0;9;9;0;100;0;0;0;1;1561;"Fensterheber"
"1624267";23;23;0;0;3;3;0;100;0;0;0;1;1561;"Fensterheber"
"162448";6;6;0;0;3;3;0;100;0;0;0;0;1561;"Fensterheber"
"162449";9;9;0;0;4;4;0;100;0;0;0;0;1561;"Fensterheber"
"162450";5;5;0;0;3;2;0;66,67;0;0;0;0;1561;"Fensterheber"
"162451";46;43;0;3;13;7;0;53,85;0;0;0;0;1561;"Fensterheber"
"162452";8;8;0;0;1;1;0;100;0;0;0;0;1561;"Fensterheber"
"162453";13;13;0;0;4;4;0;100;0;0;0;0;1561;"Fensterheber"
"162455";7;6;1;0;2;2;0;100;0;0;0;0;1561;"Fensterheber"
"162456";5;5;0;0;2;2;0;100;0;0;0;0;1561;"Fensterheber"
"162457";5;5;0;0;1;1;0;100;0;0;0;1;1561;"Fensterheber"
"162460";21;19;0;2;4;2;0;50;0;0;0;0;1561;"Fensterheber"
"162461";6;4;2;0;3;3;0;100;0;0;0;0;1561;"Fensterheber"
"162462";12;12;0;0;3;3;0;100;0;0;0;0;1561;"Fensterheber"
"162463";9;9;0;0;3;3;0;100;0;0;0;0;1561;"Fensterheber"
"162464";7;7;0;0;4;4;0;100;0;0;0;0;1561;"Fensterheber"
"162465";8;8;0;0;7;7;0;100;0;0;0;0;1561;"Fensterheber"
"162466";4;4;0;0;1;1;0;100;0;0;0;0;1561;"Fensterheber"
"162468";3;1;0;2;1;1;0;100;0;0;0;0;1561;"Fensterheber"
"162469";4;2;0;2;1;1;0;100;0;0;0;0;1561;"Fensterheber"
"162470";9;9;0;0;6;6;0;100;0;0;0;0;1561;"Fensterheber"
"162471";19;19;0;0;7;1;0;14,29;0;0;0;0;1561;"Fensterheber"
"162472";3;3;0;0;2;1;0;50;0;0;0;0;1561;"Fensterheber"
"162475";9;9;0;0;4;4;0;100;0;0;0;0;1561;"Fensterheber"
"162476";2;2;0;0;2;2;0;100;0;0;0;0;1561;"Fensterheber"
"162477";3;3;0;0;2;2;0;100;0;0;0;0;1561;"Fensterheber"
"162478";12;12;0;0;5;1;0;20;0;0;0;0;1561;"Fensterheber"
"162479";10;10;0;0;2;2;0;100;0;0;0;0;1561;"Fensterheber"
"162511";2;2;0;0;2;2;0;100;0;0;0;0;1561;"Fensterheber"
"162512";13;13;0;0;1;1;0;100;0;0;0;0;1561;"Fensterheber"
"1625265";4;4;0;0;2;2;0;100;0;0;0;1;1561;"Fensterheber"
"162824";3;3;0;0;1;1;0;100;0;0;0;0;1561;"Fensterheber"
"162838";2;1;0;1;1;1;0;100;0;0;0;0;1561;"Fensterheber"
"1629044480";3;0;0;3;1;1;0;100;0;0;0;1;1561;"Fensterheber"
"1629046880";19;15;1;3;3;3;0;100;0;0;0;1;1561;"Fensterheber"
"1629048680";45;38;0;7;2;2;0;100;0;0;0;1;1561;"Fensterheber"
"1629049780";44;30;0;14;1;1;0;100;0;0;0;1;1561;"Fensterheber"
"1629050180";26;18;1;7;1;1;0;100;0;0;0;1;1561;"Fensterheber"
"1629050280";18;15;0;3;1;1;0;100;0;0;0;1;1561;"Fensterheber"
"1636225";10;10;0;0;2;2;0;100;0;0;0;1;1561;"Fensterheber"
"1636261";20;20;0;0;6;6;0;100;0;0;0;1;1561;"Fensterheber"
"163626136";1;1;0;0;1;1;0;100;0;0;0;0;1561;"Fensterheber"
"1636262";8;6;0;2;2;2;0;100;0;0;0;1;1561;"Fensterheber"
"1637263";11;11;0;0;2;2;0;100;0;0;0;1;1561;"Fensterheber"
"1637300146";13;7;0;6;1;1;0;100;1;0;0;1;1561;"Fensterheber"
"16381801";19;4;0;15;1;1;0;100;0;0;0;1;1561;"Fensterheber"
"1638261";7;7;0;0;1;1;0;100;0;0;0;1;1561;"Fensterheber"
"1638264";10;10;0;0;1;1;0;100;0;0;0;1;1561;"Fensterheber"
"164780";1;1;0;0;1;1;0;100;0;0;0;0;1561;"Fensterheber"
"1648891980";5;3;0;2;1;1;0;100;0;0;0;1;1561;"Fensterheber"
"1648907380";1;1;0;0;1;1;0;100;0;0;0;1;1561;"Fensterheber"
"1650899280";22;16;0;6;3;3;0;100;1;0;0;0;1561;"Fensterheber"
"1656267580";29;26;0;3;1;1;0;100;1;0;1;1;1561;"Fensterheber"
"1666090580";54;48;0;6;7;7;0;100;0;0;1;1;1561;"Fensterheber"
"1672904";1;1;0;0;1;1;0;100;0;0;0;0;1561;"Fensterheber"
"1682180480";52;43;0;9;3;2;0;66,67;0;0;0;1;1561;"Fensterheber"
"1685323380";25;24;0;1;4;4;0;100;0;0;0;1;1561;"Fensterheber"
"168727";7;7;0;0;4;4;0;100;0;0;0;0;1561;"Fensterheber"
"168728";8;8;0;0;7;7;0;100;0;0;0;0;1561;"Fensterheber"
"1687301246";3;3;0;0;1;1;0;100;1;0;1;0;1561;"Fensterheber"
"1689035680";15;10;0;5;2;2;0;100;0;0;0;1;1561;"Fensterheber"
"1689035780";13;7;0;6;3;3;0;100;0;0;0;1;1561;"Fensterheber"
"1689035880";27;7;1;19;6;6;0;100;0;0;0;1;1561;"Fensterheber"
"1689035980";20;7;0;13;1;1;0;100;0;0;0;1;1561;"Fensterheber"
"1689036080";20;7;0;13;1;1;0;100;0;0;0;1;1561;"Fensterheber"
"1689036180";21;19;0;2;2;2;0;100;0;0;0;1;1561;"Fensterheber"
"1689036280";6;3;0;3;1;1;0;100;0;0;0;1;1561;"Fensterheber"
"1689037280";13;11;0;2;1;1;0;100;0;0;0;1;1561;"Fensterheber"
"1689038080";10;7;0;3;1;1;0;100;0;0;0;1;1561;"Fensterheber"
"1689038280";33;24;0;9;1;1;0;100;0;0;0;1;1561;"Fensterheber"
"1689040080";35;28;0;7;4;4;0;100;0;0;0;1;1561;"Fensterheber"
"1689040180";11;8;0;3;1;1;0;100;0;0;0;1;1561;"Fensterheber"
"1689042280";59;34;4;21;1;1;0;100;0;0;0;1;1561;"Fensterheber"
"1689045080";40;16;1;23;1;1;0;100;0;0;0;1;1561;"Fensterheber"
"1689045480";6;4;0;2;1;1;0;100;0;0;0;1;1561;"Fensterheber"
"1690891380";170;144;1;25;9;7;0;77,78;0;0;0;0;1561;"Fensterheber"
"1690891480";210;162;5;43;20;18;0;90;0;0;0;0;1561;"Fensterheber"
"169362";1;1;0;0;2;2;0;100;0;0;0;0;1561;"Fensterheber"
"169388";1;1;0;0;1;1;0;100;0;0;0;0;1561;"Fensterheber"
"1694158880";35;12;1;22;1;1;0;100;0;0;0;1;1561;"Fensterheber"
"169425";2;2;0;0;1;1;0;100;0;0;0;0;1561;"Fensterheber"
"169431";7;7;0;0;6;1;0;16,67;0;0;0;0;1561;"Fensterheber"
"169438";4;4;0;0;2;1;0;50;0;0;0;0;1561;"Fensterheber"
"169441";3;2;1;0;2;2;0;100;0;0;0;0;1561;"Fensterheber"
"169449";2;2;0;0;1;1;0;100;0;0;0;0;1561;"Fensterheber"
"1697200779";5;5;0;0;1;1;0;100;1;0;0;0;1561;"Fensterheber"
"1697200879";12;9;0;3;1;1;0;100;1;0;0;0;1561;"Fensterheber"
"1700933";2;2;0;0;1;1;0;100;1;0;0;0;1561;"Fensterheber"
"170214";85;85;0;0;39;3;0;7,69;0;0;0;1;1561;"Fensterheber"
"170215";51;51;0;0;23;5;0;21,74;0;0;0;1;1561;"Fensterheber"
"170683";20;19;0;1;2;1;0;50;0;0;0;0;1561;"Fensterheber"
"1707357";1;0;0;1;1;1;0;100;0;0;0;0;1561;"Fensterheber"
"1709261";75;75;0;0;16;16;0;100;0;0;0;1;1561;"Fensterheber"
"1709261VAN";1;1;0;0;1;1;0;100;0;0;0;0;1561;"Fensterheber"
"1709262";58;58;0;0;17;17;0;100;0;0;0;1;1561;"Fensterheber"
"1709262VWA";2;2;0;0;1;1;0;100;0;0;0;0;1561;"Fensterheber"
"1714809";19;17;0;2;1;1;0;100;0;0;0;0;1561;"Fensterheber"
"1714810";13;11;0;2;1;1;0;100;0;0;0;0;1561;"Fensterheber"
"1717261";85;70;0;15;11;11;0;100;0;0;0;1;1561;"Fensterheber"
"1717262";21;18;0;3;4;4;0;100;0;0;0;1;1561;"Fensterheber"
"1717264";17;6;0;11;1;1;0;100;0;0;0;1;1561;"Fensterheber"
"172133";23;22;0;1;10;3;0;30;0;0;0;0;1561;"Fensterheber"
"17232111";5;5;0;0;2;2;0;100;0;0;0;1;1561;"Fensterheber"
"17242141";1;1;0;0;1;1;0;100;0;0;0;1;1561;"Fensterheber"
"17262141";1;1;0;0;1;1;0;100;0;0;0;1;1561;"Fensterheber"
"1736144";3;3;0;0;1;1;0;100;1;0;1;0;1561;"Fensterheber"
"173648";15;15;0;0;1;1;0;100;0;0;0;0;1561;"Fensterheber"
"173649";5;5;0;0;1;1;0;100;0;0;0;0;1561;"Fensterheber"
"1738645";102;88;1;13;8;6;1;75;1;0;1;0;1561;"Fensterheber"
"1738646";38;36;0;2;8;7;0;87,50;1;0;1;0;1561;"Fensterheber"
"174407";6;5;0;1;2;2;0;100;0;0;0;1;1561;"Fensterheber"
"174722";15;15;0;0;3;3;0;100;0;0;0;0;1561;"Fensterheber"
"174801";7;6;0;1;2;1;0;50;0;0;0;1;1561;"Fensterheber"
"1748261";17;16;0;1;1;1;0;100;0;0;0;1;1561;"Fensterheber"
"1748262";12;12;0;0;3;3;0;100;0;0;0;1;1561;"Fensterheber"
"1749889";5;5;0;0;2;2;0;100;1;0;1;0;1561;"Fensterheber"
"17502141";1;1;0;0;1;1;0;100;0;0;0;1;1561;"Fensterheber"
"175097";9;9;0;0;2;1;0;50;0;0;0;1;1561;"Fensterheber"
"175443";52;50;0;2;13;13;0;100;0;0;0;1;1561;"Fensterheber"
"175443FE";1;1;0;0;1;1;0;100;0;0;0;0;1561;"Fensterheber"
"175445";21;21;0;0;5;5;0;100;0;0;0;1;1561;"Fensterheber"
"175445FEBI";1;1;0;0;1;1;0;100;0;0;0;0;1561;"Fensterheber"
"175461";13;13;0;0;3;1;0;33,33;0;0;0;1;1561;"Fensterheber"
"175462";25;25;0;0;5;1;0;20;0;0;0;1;1561;"Fensterheber"
"175564";8;8;0;0;4;1;0;25;0;0;0;1;1561;"Fensterheber"
"175585";45;45;0;0;8;7;0;87,50;0;0;0;1;1561;"Fensterheber"
"175585FEBI";2;2;0;0;1;1;0;100;0;0;0;0;1561;"Fensterheber"
"175586";59;58;0;1;14;14;0;100;0;0;0;1;1561;"Fensterheber"
"175664FEBI";1;1;0;0;1;1;0;100;0;0;0;0;1561;"Fensterheber"
"175665";36;36;0;0;9;6;0;66,67;0;0;0;1;1561;"Fensterheber"
"175666";19;19;0;0;7;1;0;14,29;0;0;0;1;1561;"Fensterheber"
"175667";33;32;0;1;11;10;0;90,91;0;0;0;1;1561;"Fensterheber"
"175794";62;62;0;0;16;14;0;87,50;0;0;0;1;1561;"Fensterheber"
"175795";73;72;0;1;23;12;0;52,17;0;0;0;1;1561;"Fensterheber"
"175796";28;26;0;2;14;9;0;64,29;0;0;0;1;1561;"Fensterheber"
"175797";22;21;0;1;6;4;0;66,67;0;0;0;1;1561;"Fensterheber"
"175798";16;15;0;1;2;2;0;100;0;0;0;1;1561;"Fensterheber"
"175799";6;6;0;0;3;1;0;33,33;0;0;0;1;1561;"Fensterheber"
"176300";12;10;0;2;1;1;0;100;0;0;0;1;1561;"Fensterheber"
"176302";29;28;0;1;7;7;0;100;0;0;0;1;1561;"Fensterheber"
"176413";46;44;0;2;8;1;0;12,50;0;0;0;1;1561;"Fensterheber"
"176487";54;50;0;4;17;15;0;88,24;0;0;0;1;1561;"Fensterheber"
"176488";32;32;0;0;8;8;0;100;0;0;0;1;1561;"Fensterheber"
"176514FE";1;1;0;0;1;1;0;100;0;0;0;0;1561;"Fensterheber"
"176629";7;7;0;0;2;2;0;100;0;0;0;1;1561;"Fensterheber"
"176630";19;19;0;0;16;14;0;87,50;0;0;0;1;1561;"Fensterheber"
"176631";33;32;0;1;8;2;0;25;0;0;0;1;1561;"Fensterheber"
"176632";9;9;0;0;2;2;0;100;0;0;0;1;1561;"Fensterheber"
"176797";18;14;0;4;2;2;0;100;0;0;0;1;1561;"Fensterheber"
"17702121";1;1;0;0;1;1;0;100;0;0;0;1;1561;"Fensterheber"
"1770395";6;6;0;0;2;2;0;100;1;0;0;0;1561;"Fensterheber"
"177068";12;12;0;0;2;2;0;100;0;0;0;1;1561;"Fensterheber"
"177098";15;15;0;0;2;2;0;100;0;0;0;1;1561;"Fensterheber"
"177099";22;22;0;0;4;4;0;100;0;0;0;1;1561;"Fensterheber"
"177107";13;13;0;0;3;1;0;33,33;0;0;0;1;1561;"Fensterheber"
"177111";6;6;0;0;1;1;0;100;0;0;0;1;1561;"Fensterheber"
"17712121";2;2;0;0;1;1;0;100;0;0;0;1;1561;"Fensterheber"
"177122";15;15;0;0;4;1;0;25;0;0;0;1;1561;"Fensterheber"
"177142";4;4;0;0;1;1;0;100;0;0;0;1;1561;"Fensterheber"
"177144";18;18;0;0;3;1;0;33,33;0;0;0;1;1561;"Fensterheber"
"1776261";9;8;1;0;1;1;0;100;0;0;0;1;1561;"Fensterheber"
"177827";35;34;0;1;14;13;0;92,86;0;0;0;1;1561;"Fensterheber"
"177828";35;34;0;1;16;3;0;18,75;0;0;0;1;1561;"Fensterheber"
"177856";10;9;1;0;4;1;0;25;0;0;0;1;1561;"Fensterheber"
"1779721";100;44;0;56;2;1;0;50;0;0;1;0;1561;"Fensterheber"
"1779727";169;94;0;75;6;5;0;83,33;0;0;1;0;1561;"Fensterheber"
"1779728";118;50;0;68;2;2;0;100;0;0;1;0;1561;"Fensterheber"
"178166";19;19;0;0;4;1;0;25;0;0;0;0;1561;"Fensterheber"
"178179";24;23;0;1;9;1;0;11,11;0;0;0;0;1561;"Fensterheber"
"178210";31;28;0;3;3;1;0;33,33;0;0;0;0;1561;"Fensterheber"
"178211";37;37;0;0;7;2;0;28,57;0;0;0;0;1561;"Fensterheber"
"17844";8;8;0;0;3;3;0;100;0;0;0;0;1561;"Fensterheber"
"17845";16;16;0;0;3;3;0;100;0;0;0;0;1561;"Fensterheber"
"17846";22;22;0;0;4;2;0;50;0;0;0;0;1561;"Fensterheber"
"17847";18;18;0;0;3;1;0;33,33;0;0;0;0;1561;"Fensterheber"
"178535";5;5;0;0;2;2;0;100;0;0;0;0;1561;"Fensterheber"
"1787967";1;1;0;0;1;1;0;100;0;0;0;0;1561;"Fensterheber"
"179304";49;49;0;0;12;6;0;50;0;0;0;1;1561;"Fensterheber"
"179305";46;44;0;2;11;7;0;63,64;0;0;0;1;1561;"Fensterheber"
"179305FEBI";2;2;0;0;1;1;0;100;0;0;0;0;1561;"Fensterheber"
"179306";37;36;0;1;5;3;0;60;0;0;0;1;1561;"Fensterheber"
"179344";3;3;0;0;3;1;0;33,33;0;0;0;1;1561;"Fensterheber"
"179349";6;5;0;1;1;1;0;100;0;0;0;1;1561;"Fensterheber"
"179350";11;9;0;2;3;3;0;100;0;0;0;1;1561;"Fensterheber"
"17952111";1;1;0;0;1;1;0;100;0;0;0;1;1561;"Fensterheber"
"1799651";55;23;1;31;1;1;0;100;1;0;0;0;1561;"Fensterheber"
"1799653";91;41;1;49;3;3;0;100;1;0;0;0;1561;"Fensterheber"
"180216";51;50;0;1;10;5;0;50;0;0;0;1;1561;"Fensterheber"
"180242";40;40;0;0;20;1;0;5;0;0;0;0;1561;"Fensterheber"
"180247";16;16;0;0;4;2;0;50;0;0;0;1;1561;"Fensterheber"
"180249";23;23;0;0;12;4;0;33,33;0;0;0;1;1561;"Fensterheber"
"180250";81;80;0;1;19;10;0;52,63;0;0;0;1;1561;"Fensterheber"
"180252";57;55;0;2;16;13;0;81,25;0;0;0;1;1561;"Fensterheber"
"180261";72;72;0;0;27;5;0;18,52;0;0;0;1;1561;"Fensterheber"
"180312";22;22;0;0;7;1;0;14,29;0;0;0;1;1561;"Fensterheber"
"180313";4;4;0;0;1;1;0;100;0;0;0;1;1561;"Fensterheber"
"1803930";40;35;0;5;3;1;1;33,33;1;0;1;0;1561;"Fensterheber"
"1803932";42;39;0;3;6;3;0;50;1;0;1;0;1561;"Fensterheber"
"1803933";13;9;1;3;1;1;0;100;1;0;1;0;1561;"Fensterheber"
"1805261";94;92;0;2;19;19;0;100;0;0;0;1;1561;"Fensterheber"
"1805262";12;12;0;0;4;4;0;100;0;0;0;1;1561;"Fensterheber"
"1805263";32;31;0;1;9;8;0;88,89;0;0;0;1;1561;"Fensterheber"
"1805263VWA";1;1;0;0;1;1;0;100;0;0;0;0;1561;"Fensterheber"
"1805264";21;21;0;0;1;1;0;100;0;0;0;1;1561;"Fensterheber"
"1805265";81;81;0;0;25;25;0;100;0;0;0;1;1561;"Fensterheber"
"1805266";19;19;0;0;3;3;0;100;0;0;0;1;1561;"Fensterheber"
"1805266VAN";1;1;0;0;1;1;0;100;0;0;0;0;1561;"Fensterheber"
"1807261";5;5;0;0;2;2;0;100;0;0;0;1;1561;"Fensterheber"
"1807262";6;6;0;0;1;1;0;100;0;0;0;1;1561;"Fensterheber"
"1807263";11;11;0;0;1;1;0;100;0;0;0;1;1561;"Fensterheber"
"1810414";102;90;5;7;11;10;0;90,91;1;0;1;0;1561;"Fensterheber"
"1810415";233;206;0;27;46;43;0;93,48;1;0;1;0;1561;"Fensterheber"
"1828265";22;21;0;1;6;6;0;100;0;0;0;1;1561;"Fensterheber"
"1828268";2;2;0;0;1;1;0;100;0;0;0;1;1561;"Fensterheber"
"18284R";3;3;0;0;1;1;0;100;0;0;0;0;1561;"Fensterheber"
"18300030076";1;0;0;1;1;1;0;100;0;0;0;1;1561;"Fensterheber"
"18300030139";3;1;0;2;1;1;0;100;0;0;0;1;1561;"Fensterheber"
"1830720";2;1;0;1;1;1;0;100;1;0;0;0;1561;"Fensterheber"
"1836010";32;27;0;5;1;1;0;100;1;0;1;0;1561;"Fensterheber"
"1836011";26;25;0;1;3;3;0;100;1;0;1;0;1561;"Fensterheber"
"1837993";49;46;0;3;7;6;0;85,71;1;0;1;0;1561;"Fensterheber"
"1837995";96;90;0;6;16;15;0;93,75;1;0;1;0;1561;"Fensterheber"
"1847369";142;89;0;53;4;3;0;75;1;0;0;0;1561;"Fensterheber"
"1847373";95;64;1;30;6;6;0;100;1;0;0;0;1561;"Fensterheber"
"1851628";166;163;0;3;20;19;1;95;1;0;1;0;1561;"Fensterheber"
"1851632";274;266;0;8;46;45;1;97,83;1;0;1;0;1561;"Fensterheber"
"1851910";1;1;0;0;1;1;0;100;1;0;1;0;1561;"Fensterheber"
"1852321";57;44;0;13;2;1;0;50;0;0;1;0;1561;"Fensterheber"
"185378";46;39;0;7;18;1;0;5,56;0;0;0;0;1561;"Fensterheber"
"1858261";48;47;0;1;14;14;0;100;0;0;0;1;1561;"Fensterheber"
"1858263";35;31;0;4;3;3;0;100;0;0;0;1;1561;"Fensterheber"
"1858267";6;6;0;0;2;2;0;100;0;0;0;1;1561;"Fensterheber"
"1858268";130;123;0;7;29;5;0;17,24;0;0;0;1;1561;"Fensterheber"
"1858269";22;22;0;0;4;4;0;100;0;0;0;1;1561;"Fensterheber"
"1858270";12;12;0;0;2;2;0;100;0;0;0;1;1561;"Fensterheber"
"1861261";1;1;0;0;1;1;0;100;0;0;0;1;1561;"Fensterheber"
"1861263";10;9;0;1;2;2;0;100;0;0;0;1;1561;"Fensterheber"
"1863266";117;62;0;55;8;1;0;12,50;0;0;0;1;1561;"Fensterheber"
"1867269";58;57;0;1;6;2;0;33,33;0;0;0;1;1561;"Fensterheber"
"1867270";15;15;0;0;4;4;0;100;0;0;0;1;1561;"Fensterheber"
"1869265";13;13;0;0;1;1;0;100;0;0;0;1;1561;"Fensterheber"
"1869266";2;1;0;1;1;1;0;100;0;0;0;1;1561;"Fensterheber"
"18701624262";1;1;0;0;1;1;0;100;0;0;0;0;1561;"Fensterheber"
"18701624263";2;2;0;0;1;1;0;100;0;0;0;0;1561;"Fensterheber"
"18701858266";2;2;0;0;1;1;0;100;0;0;0;0;1561;"Fensterheber"
"1870372";9;8;0;1;2;2;0;100;1;0;0;0;1561;"Fensterheber"
"18704060261";1;1;0;0;1;1;0;100;0;0;0;0;1561;"Fensterheber"
"18704060262";1;1;0;0;1;1;0;100;0;0;0;0;1561;"Fensterheber"
"18705776262";5;5;0;0;1;1;0;100;0;0;0;0;1561;"Fensterheber"
"1870697";18;9;1;8;2;1;0;50;1;0;0;0;1561;"Fensterheber"
"187344";3;3;0;0;1;1;0;100;0;0;0;0;1561;"Fensterheber"
"18753";33;31;0;2;4;1;0;25;0;0;0;0;1561;"Fensterheber"
"18755";82;81;0;1;25;1;0;4;0;0;0;0;1561;"Fensterheber"
"1881203";37;31;2;4;3;2;0;66,67;1;0;0;0;1561;"Fensterheber"
"1881204";69;62;0;7;2;1;0;50;1;0;0;0;1561;"Fensterheber"
"1881205";217;198;0;19;38;23;0;60,53;1;0;0;0;1561;"Fensterheber"
"1881208";309;287;1;21;64;44;0;68,75;1;0;0;0;1561;"Fensterheber"
"1881247";44;37;0;7;3;3;0;100;1;0;0;0;1561;"Fensterheber"
"1881248";82;71;2;9;4;4;0;100;1;0;0;0;1561;"Fensterheber"
"1882263VAN";3;3;0;0;1;1;0;100;0;0;0;0;1561;"Fensterheber"
"1884264VWA";1;1;0;0;1;1;0;100;0;0;0;0;1561;"Fensterheber"
"1918143";38;18;0;20;1;1;0;100;0;0;1;0;1561;"Fensterheber"
"1918145";24;11;0;13;1;1;0;100;0;0;0;0;1561;"Fensterheber"
"191837401";86;79;0;7;23;22;0;95,65;1;0;1;0;1561;"Fensterheber"
"191837401B";84;76;1;7;14;14;0;100;1;0;0;1;1561;"Fensterheber"
"191837402";41;37;0;4;10;10;0;100;1;0;1;0;1561;"Fensterheber"
"191837402B";40;33;0;7;4;4;0;100;1;0;0;1;1561;"Fensterheber"
"191837462";9;8;0;1;1;1;0;100;1;0;1;1;1561;"Fensterheber"
"193250";28;28;0;0;9;1;0;11,11;0;0;0;1;1561;"Fensterheber"
"193251";38;38;0;0;13;1;0;7,69;0;0;0;1;1561;"Fensterheber"
"193252";22;22;0;0;9;4;0;44,44;0;0;0;1;1561;"Fensterheber"
"19342121";6;6;0;0;1;1;0;100;0;0;0;1;1561;"Fensterheber"
"193839401";26;23;0;3;4;4;0;100;1;0;1;1;1561;"Fensterheber"
"193839402";33;26;0;7;5;5;0;100;1;0;1;1;1561;"Fensterheber"
"194042";56;56;0;0;2;1;0;50;0;0;0;1;1561;"Fensterheber"
"1964261";35;34;0;1;6;6;0;100;0;0;0;1;1561;"Fensterheber"
"1964262";4;2;0;2;1;1;0;100;0;0;0;1;1561;"Fensterheber"
"19746";24;24;0;0;1;1;0;100;0;0;0;1;1561;"Fensterheber"
"1977579";9;8;0;1;2;2;2;100;0;0;1;0;1561;"Fensterheber"
"1987262";3;3;0;0;2;2;0;100;0;0;0;1;1561;"Fensterheber"
"199385";4;4;0;0;2;1;0;50;0;0;0;1;1561;"Fensterheber"
"1C0837655A";25;18;0;7;2;1;0;50;1;0;1;0;1561;"Fensterheber"
"1C0837655B";31;27;1;3;1;1;0;100;1;0;0;0;1561;"Fensterheber"
"1C0837655C";155;148;0;7;31;27;0;87,10;1;0;1;1;1561;"Fensterheber"
"1C0837656A";15;11;0;4;1;1;0;100;1;0;1;0;1561;"Fensterheber"
"1C0837656C";82;79;0;3;17;17;0;100;1;0;1;1;1561;"Fensterheber"
"1CM898655";6;6;0;0;1;1;0;100;0;0;0;0;1561;"Fensterheber"
"1E0837401";71;63;0;8;7;7;0;100;1;0;0;0;1561;"Fensterheber"
"1E0837402";37;35;0;2;7;7;0;100;1;0;0;0;1561;"Fensterheber"
"1E0837461";151;145;1;5;20;20;0;100;1;0;0;0;1561;"Fensterheber"
"1E0837462";88;78;2;8;11;11;0;100;1;0;0;0;1561;"Fensterheber"
"1E0959801";59;25;0;34;1;1;0;100;0;0;0;0;1561;"Fensterheber"
"1H0837401";41;34;0;7;5;3;0;60;1;0;1;1;1561;"Fensterheber"
"1H0837401B";240;211;0;29;24;24;0;100;1;0;1;0;1561;"Fensterheber"
"1H0837401C";12;9;0;3;1;1;0;100;0;0;1;0;1561;"Fensterheber"
"1H0837402";18;12;0;6;3;3;0;100;1;0;0;1;1561;"Fensterheber"
"1H0837402B";68;61;0;7;8;8;0;100;1;0;1;0;1561;"Fensterheber"
"1H0837461";9;9;0;0;1;1;0;100;1;0;1;1;1561;"Fensterheber"
"1H0837461A";261;238;0;23;26;25;1;96,15;1;0;1;1;1561;"Fensterheber"
"1H0837462";8;7;0;1;1;1;0;100;1;0;1;1;1561;"Fensterheber"
"1H0837462A";150;138;3;9;15;15;1;100;1;0;1;0;1561;"Fensterheber"
"1H0959801A";66;58;1;7;2;2;0;100;0;0;0;0;1561;"Fensterheber"
"1H0959802A";21;18;0;3;1;1;0;100;0;0;0;0;1561;"Fensterheber"
"1H4839402E";21;19;0;2;1;1;0;100;1;0;0;0;1561;"Fensterheber"
"1H4839461A";102;93;2;7;19;19;0;100;1;0;1;1;1561;"Fensterheber"
"1H4839462A";54;47;2;5;7;7;0;100;1;0;1;1;1561;"Fensterheber"
"1J0837401";21;10;0;11;1;1;0;100;0;0;0;0;1561;"Fensterheber"
"1J3837461B";5;5;0;0;1;1;0;100;1;0;0;0;1561;"Fensterheber"
"1J3837461D";20;20;0;0;1;1;0;100;1;0;1;1;1561;"Fensterheber"
"1J3837461DS";17;15;0;2;2;2;0;100;0;0;0;0;1561;"Fensterheber"
"1J3837461F";11;10;0;1;1;1;0;100;1;0;1;0;1561;"Fensterheber"
"1J3837461H";322;307;0;15;55;48;1;87,27;1;0;1;0;1561;"Fensterheber"
"1J3837462D";16;15;0;1;2;1;0;50;1;0;1;0;1561;"Fensterheber"
"1J3837462DS";16;14;0;2;1;1;0;100;0;0;0;0;1561;"Fensterheber"
"1J3837462H";221;207;0;14;40;34;0;85;1;0;1;0;1561;"Fensterheber"
"1J3837729AP";93;68;0;25;3;2;0;66,67;1;0;0;0;1561;"Fensterheber"
"1J4837461B";12;10;0;2;2;2;0;100;1;0;0;0;1561;"Fensterheber"
"1J4837461D";110;108;0;2;15;15;0;100;1;0;1;1;1561;"Fensterheber"
"1J4837461DSMG";4;4;0;0;2;2;0;100;0;0;0;0;1561;"Fensterheber"
"1J4837461DSPMG";3;3;0;0;1;1;0;100;0;0;0;0;1561;"Fensterheber"
"1J4837461F";137;133;0;4;27;22;0;81,48;1;0;1;1;1561;"Fensterheber"
"1J4837461H";1373;1340;0;33;354;320;6;90,40;1;0;1;1;1561;"Fensterheber"
"1J4837462B";13;13;0;0;1;1;0;100;1;0;0;0;1561;"Fensterheber"
"1J4837462D";59;55;0;4;13;13;0;100;1;0;1;1;1561;"Fensterheber"
"1J4837462DS";16;15;0;1;3;3;0;100;0;0;0;0;1561;"Fensterheber"
"1J4837462DSMG";3;3;0;0;2;2;0;100;0;0;0;0;1561;"Fensterheber"
"1J4837462DSPMG";6;6;0;0;2;2;0;100;0;0;0;0;1561;"Fensterheber"
"1J4837462F";93;92;0;1;18;17;0;94,44;1;0;1;1;1561;"Fensterheber"
"1J4837462H";905;890;1;14;263;237;5;90,11;1;0;1;0;1561;"Fensterheber"
"1J4837729BA";175;154;1;20;4;4;0;100;1;0;0;0;1561;"Fensterheber"
"1J4837729N";16;15;0;1;1;1;0;100;1;0;0;0;1561;"Fensterheber"
"1J4837730BA";25;25;0;0;1;1;0;100;1;0;0;0;1561;"Fensterheber"
"1J4839461C";9;9;0;0;2;2;0;100;1;0;0;0;1561;"Fensterheber"
"1J4839461D";8;8;0;0;1;1;0;100;0;0;1;0;1561;"Fensterheber"
"1J4839461F";259;251;0;8;49;44;0;89,80;1;0;1;1;1561;"Fensterheber"
"1J4839462F";224;217;0;7;53;47;0;88,68;1;0;1;1;1561;"Fensterheber"
"1J4839729J";12;11;0;1;1;1;0;100;1;0;1;0;1561;"Fensterheber"
"1J4839730J";13;11;0;2;2;1;0;50;1;0;1;0;1561;"Fensterheber"
"1J5839461A";26;26;0;0;10;6;0;60;1;0;1;0;1561;"Fensterheber"
"1J5839462A";19;16;0;3;1;1;0;100;1;0;1;0;1561;"Fensterheber"
"1JE898099";73;64;0;9;7;5;0;71,43;0;0;0;0;1561;"Fensterheber"
"1JE898099D";27;22;0;5;1;1;0;100;0;0;0;0;1561;"Fensterheber"
"1JE898100D";20;13;0;7;3;3;0;100;0;0;0;0;1561;"Fensterheber"
"1JM898461";159;142;2;15;21;14;0;66,67;0;0;0;0;1561;"Fensterheber"
"1JM898461A";8;7;0;1;1;1;0;100;0;0;1;0;1561;"Fensterheber"
"1JM898461B";98;96;0;2;15;6;0;40;0;0;0;0;1561;"Fensterheber"
"1JM898462";99;93;1;5;8;7;0;87,50;0;0;0;0;1561;"Fensterheber"
"1JM898462B";46;42;1;3;1;1;0;100;0;0;0;0;1561;"Fensterheber"
"1K3837461A";511;481;0;30;144;137;2;95,14;1;0;1;1;1561;"Fensterheber"
"1K3837461B";101;97;0;4;16;16;0;100;1;0;1;0;1561;"Fensterheber"
"1K3837462A";316;291;1;24;62;61;2;98,39;1;0;1;1;1561;"Fensterheber"
"1K3837462B";52;49;0;3;15;15;0;100;1;0;1;0;1561;"Fensterheber"
"1K4837461A";1138;1093;1;44;298;240;1;80,54;1;0;1;0;1561;"Fensterheber"
"1K4837461B";396;383;1;12;106;96;1;90,57;1;0;1;0;1561;"Fensterheber"
"1K4837462A";611;571;0;40;135;107;1;79,26;1;0;1;0;1561;"Fensterheber"
"1K4837462B";205;191;1;13;54;50;1;92,59;1;0;1;0;1561;"Fensterheber"
"1K4839401B";271;77;6;188;2;2;0;100;1;0;0;0;1561;"Fensterheber"
"1K4839461A";344;335;0;9;80;69;2;86,25;1;0;1;0;1561;"Fensterheber"
"1K4839461B";34;30;0;4;9;5;0;55,56;0;0;1;0;1561;"Fensterheber"
"1K4839462A";341;326;1;14;77;61;0;79,22;1;0;1;0;1561;"Fensterheber"
"1K4839462B";44;41;0;3;8;6;0;75;0;0;1;0;1561;"Fensterheber"
"1K5837461B";549;528;0;21;119;119;0;100;1;0;0;1;1561;"Fensterheber"
"1K5837462B";239;221;0;18;45;45;0;100;1;0;0;1;1561;"Fensterheber"
"1K5839461";16;11;0;5;1;1;0;100;1;0;0;1;1561;"Fensterheber"
"1K8837461D";18;18;0;0;2;2;0;100;1;0;0;0;1561;"Fensterheber"
"1K8837461G";341;302;1;38;36;36;0;100;1;0;0;0;1561;"Fensterheber"
"1K8837462D";10;10;0;0;1;1;0;100;1;0;0;0;1561;"Fensterheber"
"1K8837462G";182;158;1;23;22;21;0;95,45;1;0;0;0;1561;"Fensterheber"
"1K9839461A";125;81;2;42;9;9;0;100;1;0;0;0;1561;"Fensterheber"
"1K9839462A";277;200;4;73;14;14;0;100;1;0;0;0;1561;"Fensterheber"
"1M0837461";199;169;1;29;11;11;0;100;0;0;0;0;1561;"Fensterheber"
"1M0837461A";336;293;1;42;64;48;7;75;1;0;1;0;1561;"Fensterheber"
"1M0837462";143;120;0;23;15;10;0;66,67;0;0;0;0;1561;"Fensterheber"
"1M0837462A";238;197;0;41;41;32;9;78,05;1;0;1;0;1561;"Fensterheber"
"1M0839461A";76;58;2;16;2;2;0;100;1;0;1;0;1561;"Fensterheber"
"1M0839462A";57;48;0;9;2;2;0;100;1;0;1;0;1561;"Fensterheber"
"1P0837461A";122;110;0;12;15;15;2;100;1;0;1;0;1561;"Fensterheber"
"1P0837462A";41;36;0;5;4;4;0;100;1;0;1;0;1561;"Fensterheber"
"1Q0837461D";256;194;0;62;29;29;0;100;1;0;0;0;1561;"Fensterheber"
"1Q0837461E";118;101;0;17;16;16;0;100;1;0;0;0;1561;"Fensterheber"
"1Q0837461G";151;147;0;4;21;20;0;95,24;1;0;0;0;1561;"Fensterheber"
"1Q0837462C";13;12;0;1;2;2;0;100;1;0;0;0;1561;"Fensterheber"
"1Q0837462D";189;121;0;68;10;10;0;100;1;0;0;0;1561;"Fensterheber"
"1Q0837462E";78;61;0;17;6;6;0;100;1;0;0;0;1561;"Fensterheber"
"1Q0837462G";135;132;0;3;27;26;0;96,30;1;0;0;0;1561;"Fensterheber"
"1S0959801";48;0;24;24;1;1;0;100;0;0;0;0;1561;"Fensterheber"
"1S3837461A";65;62;0;3;10;10;0;100;1;0;1;0;1561;"Fensterheber"
"1S3837462A";41;38;0;3;3;3;0;100;1;0;1;0;1561;"Fensterheber"
"1S4837461A";46;38;0;8;6;6;0;100;1;0;0;0;1561;"Fensterheber"
"1S4837462A";23;21;0;2;2;2;0;100;1;0;0;0;1561;"Fensterheber"
"1T0837461B";5;3;0;2;1;1;0;100;0;0;1;0;1561;"Fensterheber"
"1T0837462E";3;2;0;1;1;1;0;100;0;0;0;0;1561;"Fensterheber"
"1T0839461P";325;308;4;13;56;52;1;92,86;1;0;1;0;1561;"Fensterheber"
"1T0839462A";12;8;0;4;2;2;0;100;1;0;0;0;1561;"Fensterheber"
"1T0839462N";28;25;0;3;7;6;0;85,71;1;0;0;0;1561;"Fensterheber"
"1T0839462P";296;268;4;24;56;48;0;85,71;1;0;1;0;1561;"Fensterheber"
"1T1837461";7;6;0;1;1;1;0;100;1;0;0;0;1561;"Fensterheber"
"1T1837461A";280;264;0;16;48;31;0;64,58;1;0;0;0;1561;"Fensterheber"
"1T1837461B";408;396;0;12;97;86;0;88,66;1;0;1;0;1561;"Fensterheber"
"1T1837462A";159;147;0;12;31;17;0;54,84;1;0;0;0;1561;"Fensterheber"
"1T1837462B";220;215;1;4;45;38;2;84,44;1;0;1;0;1561;"Fensterheber"
"1U0837461";10;2;1;7;1;1;0;100;0;0;0;0;1561;"Fensterheber"
"1U0837461A";39;37;0;2;5;5;0;100;1;0;0;0;1561;"Fensterheber"
"1U0837461B";886;867;1;18;238;171;3;71,85;1;0;1;0;1561;"Fensterheber"
"1U0837461BMG";11;11;0;0;2;2;0;100;0;0;0;0;1561;"Fensterheber"
"1U0837462A";17;17;0;0;3;2;0;66,67;1;0;0;0;1561;"Fensterheber"
"1U0837462B";659;633;0;26;175;114;1;65,14;1;0;1;0;1561;"Fensterheber"
"1U0837462BMG";11;11;0;0;1;1;0;100;0;0;0;0;1561;"Fensterheber"
"1U0839461B";285;271;0;14;77;60;1;77,92;1;0;1;0;1561;"Fensterheber"
"1U0839462A";5;5;0;0;1;1;0;100;1;0;0;0;1561;"Fensterheber"
"1U0839462B";258;243;0;15;68;58;3;85,29;1;0;1;0;1561;"Fensterheber"
"1U1837401A";7;5;0;2;1;1;0;100;1;0;0;0;1561;"Fensterheber"
"1Y0837461F";329;300;0;29;54;53;0;98,15;1;0;0;0;1561;"Fensterheber"
"1Y0837462B";60;50;0;10;5;5;0;100;1;0;0;0;1561;"Fensterheber"
"1Y0837462F";118;100;0;18;12;12;0;100;1;0;0;0;1561;"Fensterheber"
"1Y0847271E";162;70;2;90;2;2;0;100;1;0;0;0;1561;"Fensterheber"
"1Y0847272E";118;93;5;20;2;2;0;100;1;0;0;0;1561;"Fensterheber"
"1Y0847275C";204;84;3;117;11;11;0;100;1;0;0;0;1561;"Fensterheber"
"1Y0847276C";161;112;2;47;5;5;0;100;1;0;0;0;1561;"Fensterheber"
"1Z0839461A";203;186;0;17;29;24;0;82,76;1;0;1;0;1561;"Fensterheber"
"1Z0839462A";167;159;0;8;23;17;0;73,91;1;0;1;0;1561;"Fensterheber"
"1Z1837461";1261;1249;0;12;325;226;2;69,54;1;0;1;0;1561;"Fensterheber"
"1Z1837461MG";15;14;1;0;3;3;0;100;0;0;0;0;1561;"Fensterheber"
"1Z1837462";1021;1008;0;13;208;137;0;65,87;1;0;1;0;1561;"Fensterheber"
"200040876";3;3;0;0;1;1;0;100;0;0;0;0;1561;"Fensterheber"
"200041083";1;1;0;0;1;1;0;100;0;0;0;0;1561;"Fensterheber"
"200041160";2;2;0;0;1;1;0;100;0;0;0;0;1561;"Fensterheber"
"200041679";3;3;0;0;1;1;0;100;0;0;0;0;1561;"Fensterheber"
"200179230";2;2;0;0;1;1;0;100;0;0;0;0;1561;"Fensterheber"
"200187837";2;2;0;0;1;1;0;100;0;0;0;0;1561;"Fensterheber"
"200189324";1;1;0;0;1;1;0;100;0;0;0;0;1561;"Fensterheber"
"200191341";1;1;0;0;1;1;0;100;0;0;0;0;1561;"Fensterheber"
"200240066";1;1;0;0;1;1;0;100;0;0;0;0;1561;"Fensterheber"
"200245857";1;1;0;0;1;1;0;100;0;0;0;0;1561;"Fensterheber"
"200282611";3;3;0;0;1;1;0;100;0;0;0;0;1561;"Fensterheber"
"200282612";2;2;0;0;1;1;0;100;0;0;0;0;1561;"Fensterheber"
"200305334";1;1;0;0;1;1;0;100;0;0;0;0;1561;"Fensterheber"
"200337680";2;2;0;0;2;2;0;100;0;0;0;0;1561;"Fensterheber"
"200345711";11;11;0;0;1;1;0;100;0;0;0;0;1561;"Fensterheber"
"200355672";3;3;0;0;1;1;0;100;0;0;0;0;1561;"Fensterheber"
"200360468";1;1;0;0;1;1;0;100;0;0;0;0;1561;"Fensterheber"
"200369851";4;4;0;0;1;1;0;100;0;0;0;0;1561;"Fensterheber"
"200370096";1;1;0;0;1;1;0;100;0;0;0;0;1561;"Fensterheber"
"200387984";3;3;0;0;1;1;0;100;0;0;0;0;1561;"Fensterheber"
"200477564";1;1;0;0;1;1;0;100;0;0;0;0;1561;"Fensterheber"
"200477565";3;3;0;0;1;1;0;100;0;0;0;0;1561;"Fensterheber"
"200749457";5;5;0;0;1;1;0;100;0;0;0;0;1561;"Fensterheber"
"200817086";1;1;0;0;1;1;0;100;0;0;0;0;1561;"Fensterheber"
"20081801";3;3;0;0;1;1;0;100;0;0;0;1;1561;"Fensterheber"
"200829143";5;5;0;0;1;1;0;100;0;0;0;0;1561;"Fensterheber"
"200867888";5;5;0;0;1;1;0;100;0;0;0;0;1561;"Fensterheber"
"200868071";3;3;0;0;1;1;0;100;0;0;0;0;1561;"Fensterheber"
"200868248";1;1;0;0;1;1;0;100;0;0;0;0;1561;"Fensterheber"
"200868872";2;2;0;0;1;1;0;100;0;0;0;0;1561;"Fensterheber"
"2008PSE3";1;1;0;0;1;1;0;100;0;0;0;1;1561;"Fensterheber"
"2008PSG1POL";2;2;0;0;1;1;0;100;0;0;0;0;1561;"Fensterheber"
"2009281";6;3;0;3;1;1;0;100;1;0;0;0;1561;"Fensterheber"
"20241801";1;1;0;0;1;1;0;100;0;0;0;1;1561;"Fensterheber"
"20322121";1;1;0;0;1;1;0;100;0;0;0;1;1561;"Fensterheber"
"2033976";2;2;0;0;1;1;0;100;0;0;0;0;1561;"Fensterheber"
"2037201546";17;11;0;6;2;2;0;100;1;0;1;0;1561;"Fensterheber"
"2037201646";14;13;0;1;1;1;0;100;1;0;1;1;1561;"Fensterheber"
"2037203146";35;30;0;5;9;9;0;100;1;0;1;0;1561;"Fensterheber"
"2037203246";24;18;0;6;4;4;0;100;1;0;1;0;1561;"Fensterheber"
"2037300446";11;7;0;4;1;1;0;100;1;0;1;0;1561;"Fensterheber"
"2040PSG4POL";1;1;0;0;1;1;0;100;0;0;0;0;1561;"Fensterheber"
"204154SAMPA";1;1;0;0;1;1;0;100;0;0;0;0;1561;"Fensterheber"
"2047202479";10;8;0;2;3;2;0;66,67;1;0;1;0;1561;"Fensterheber"
"2053000105";1;1;0;0;1;1;0;100;0;0;0;0;1561;"Fensterheber"
"2053000373";1;1;0;0;1;1;0;100;0;0;0;0;1561;"Fensterheber"
"2053000567";1;1;0;0;1;1;0;100;0;0;0;0;1561;"Fensterheber"
"2053001154";2;2;0;0;1;1;0;100;0;0;0;0;1561;"Fensterheber"
"2053002730";1;1;0;0;1;1;0;100;0;0;0;0;1561;"Fensterheber"
"20557552";38;24;0;14;2;2;0;100;0;0;0;0;1561;"Fensterheber"
"20557554";19;11;0;8;1;1;0;100;0;0;0;0;1561;"Fensterheber"
"207364";23;21;0;2;2;1;0;50;0;0;0;1;1561;"Fensterheber"
"208449";2;2;0;0;1;1;0;100;0;0;0;0;1561;"Fensterheber"
"20952723";35;34;0;1;1;1;0;100;1;0;1;1;1561;"Fensterheber"
"20952724";62;61;1;0;2;2;0;100;1;0;1;1;1561;"Fensterheber"
"20952751";108;95;0;13;2;2;0;100;1;0;1;0;1561;"Fensterheber"
"2107301546";31;30;0;1;7;6;1;85,71;1;0;1;1;1561;"Fensterheber"
"2107301546MG";4;4;0;0;2;2;0;100;0;0;0;0;1561;"Fensterheber"
"2107301646";25;24;0;1;6;6;0;100;1;0;1;1;1561;"Fensterheber"
"2107301646MG";4;4;0;0;1;1;0;100;0;0;0;0;1561;"Fensterheber"
"2110642";4;4;0;0;1;1;0;100;0;0;0;0;1561;"Fensterheber"
"2110656";5;5;0;0;3;1;0;33,33;0;0;0;0;1561;"Fensterheber"
"2115264";2;2;0;0;1;1;0;100;0;0;0;1;1561;"Fensterheber"
"211 00 48";1;1;0;0;1;1;0;100;0;0;0;0;1561;"Fensterheber"
"211 05 09";1;1;0;0;1;1;0;100;0;0;0;0;1561;"Fensterheber"
"211 05 24";1;1;0;0;1;1;0;100;0;0;0;0;1561;"Fensterheber"
"211 05 73";1;1;0;0;1;1;0;100;0;0;0;0;1561;"Fensterheber"
"2127201679";22;14;0;8;4;4;0;100;1;0;1;0;1561;"Fensterheber"
"2138708";33;16;1;16;1;1;0;100;1;0;0;0;1561;"Fensterheber"
"2146006";19;16;0;3;1;1;0;100;1;0;0;0;1561;"Fensterheber"
"2146008";17;11;3;3;1;1;0;100;1;0;0;0;1561;"Fensterheber"
"2160003";9;9;0;0;1;1;0;100;0;0;0;1;1561;"Fensterheber"
"2160009";7;7;0;0;1;1;0;100;0;0;0;1;1561;"Fensterheber"
"2160013";3;3;0;0;1;1;0;100;0;0;0;1;1561;"Fensterheber"
"2160024";2;1;0;1;1;1;0;100;0;0;1;1;1561;"Fensterheber"
"2160025";13;13;0;0;4;4;0;100;0;0;0;1;1561;"Fensterheber"
"2160025MZ";1;1;0;0;1;1;0;100;0;0;0;0;1561;"Fensterheber"
"2160026";10;7;0;3;1;1;0;100;0;0;0;1;1561;"Fensterheber"
"2160046";10;10;0;0;3;3;0;100;0;0;1;1;1561;"Fensterheber"
"2160060";6;6;0;0;2;2;0;100;0;0;1;1;1561;"Fensterheber"
"2160061";3;3;0;0;1;1;0;100;0;0;0;1;1561;"Fensterheber"
"2160065";11;9;1;1;1;1;0;100;0;0;0;1;1561;"Fensterheber"
"2160094";2;2;0;0;1;1;0;100;0;0;0;1;1561;"Fensterheber"
"2160106";1;1;0;0;1;1;0;100;0;0;0;0;1561;"Fensterheber"
"2160111";6;5;0;1;2;2;0;100;0;0;1;1;1561;"Fensterheber"
"2160149ME";1;1;0;0;1;1;0;100;0;0;0;0;1561;"Fensterheber"
"216025694";1;1;0;0;1;1;0;100;0;0;0;0;1561;"Fensterheber"
"2160258";6;5;0;1;1;1;0;100;0;0;1;1;1561;"Fensterheber"
"2160259";14;14;0;0;2;2;0;100;0;0;1;1;1561;"Fensterheber"
"2160264METZGER";2;2;0;0;1;1;0;100;0;0;0;0;1561;"Fensterheber"
"2160267";4;4;0;0;1;1;0;100;0;0;1;1;1561;"Fensterheber"
"2160284";23;20;0;3;4;4;0;100;0;0;0;1;1561;"Fensterheber"
"2160301MTZ";1;1;0;0;1;1;0;100;0;0;0;0;1561;"Fensterheber"
"2160302MTZ";1;1;0;0;1;1;0;100;0;0;0;0;1561;"Fensterheber"
"2160309METZGER";1;1;0;0;1;1;0;100;0;0;0;0;1561;"Fensterheber"
"2160312ME";1;1;0;0;1;1;0;100;0;0;0;0;1561;"Fensterheber"
"2160313MZ";1;1;0;0;1;1;0;100;0;0;0;0;1561;"Fensterheber"
"2160314MZ";1;1;0;0;1;1;0;100;0;0;0;0;1561;"Fensterheber"
"2160329";11;11;0;0;2;2;0;100;0;0;1;1;1561;"Fensterheber"
"2160365";3;3;0;0;1;1;0;100;0;0;0;1;1561;"Fensterheber"
"2160371METZGER";1;1;0;0;1;1;0;100;0;0;0;0;1561;"Fensterheber"
"2160377ME";1;1;0;0;1;1;0;100;0;0;0;0;1561;"Fensterheber"
"2160413ME";1;1;0;0;1;1;0;100;0;0;0;0;1561;"Fensterheber"
"2160445";5;5;0;0;1;1;0;100;0;0;0;1;1561;"Fensterheber"
"2160493";3;3;0;0;1;1;0;100;0;0;1;1;1561;"Fensterheber"
"2160523";5;4;0;1;1;1;0;100;0;0;1;1;1561;"Fensterheber"
"2160601METZGER";2;2;0;0;1;1;0;100;0;0;0;0;1561;"Fensterheber"
"2160604";3;3;0;0;1;1;0;100;0;0;0;1;1561;"Fensterheber"
"2160665";2;2;0;0;1;1;0;100;0;0;0;1;1561;"Fensterheber"
"2160670ME";1;1;0;0;1;1;0;100;0;0;0;0;1561;"Fensterheber"
"2160689ME";1;1;0;0;1;1;0;100;0;0;0;0;1561;"Fensterheber"
"2160690ME";2;2;0;0;1;1;0;100;0;0;0;0;1561;"Fensterheber"
"217086";13;13;0;0;1;1;0;100;0;0;0;0;1561;"Fensterheber"
"217334";6;3;0;3;3;3;0;100;0;0;0;1;1561;"Fensterheber"
"2197200946";70;22;0;48;1;1;0;100;1;0;0;0;1561;"Fensterheber"
"2197201046";75;18;0;57;2;2;0;100;1;0;0;0;1561;"Fensterheber"
"221195";9;7;0;2;1;1;0;100;0;0;0;0;1561;"Fensterheber"
"221196";10;10;0;0;2;2;0;100;0;0;0;0;1561;"Fensterheber"
"227232";16;13;0;3;1;1;0;100;0;0;0;0;1561;"Fensterheber"
"228445";1;1;0;0;1;1;0;100;0;0;0;0;1561;"Fensterheber"
"230260";11;11;0;0;3;1;0;33,33;0;0;0;0;1561;"Fensterheber"
"2303352";14;12;0;2;1;1;0;100;0;0;1;0;1561;"Fensterheber"
"2315PSG1";2;2;0;0;1;1;0;100;0;0;0;1;1561;"Fensterheber"
"2318PSG1POL";3;3;0;0;1;1;0;100;0;0;0;0;1561;"Fensterheber"
"2323095";5;0;0;5;1;1;0;100;1;0;0;0;1561;"Fensterheber"
"2329PSG1";3;3;0;0;1;1;0;100;0;0;0;1;1561;"Fensterheber"
"233577";470;469;0;1;154;2;0;1,30;0;0;0;0;1561;"Fensterheber"
"2338PSG1POL";1;1;0;0;1;1;0;100;0;0;0;0;1561;"Fensterheber"
"233936";4;4;0;0;1;1;0;100;0;0;0;0;1561;"Fensterheber"
"234091";16;11;0;5;2;1;0;50;0;0;0;0;1561;"Fensterheber"
"234165";5;4;0;1;1;1;0;100;0;0;0;0;1561;"Fensterheber"
"234181";2;2;0;0;1;1;0;100;0;0;0;0;1561;"Fensterheber"
"234184";7;6;1;0;2;2;0;100;0;0;0;0;1561;"Fensterheber"
"234185";4;4;0;0;1;1;0;100;0;0;0;0;1561;"Fensterheber"
"234192";3;2;0;1;1;1;0;100;0;0;0;0;1561;"Fensterheber"
"2363";417;416;0;1;64;1;0;1,56;0;0;0;1;1561;"Fensterheber"
"2391PSG2";7;0;0;7;1;1;0;100;0;0;0;1;1561;"Fensterheber"
"24451522";13;12;0;1;1;1;0;100;1;0;1;0;1561;"Fensterheber"
"2467200179";3;1;0;2;1;1;0;100;1;0;1;0;1561;"Fensterheber"
"2472178";38;20;2;16;1;1;0;100;0;0;0;0;1561;"Fensterheber"
"2473811";60;20;2;38;1;1;0;100;0;0;0;0;1561;"Fensterheber"
"2473815";71;57;0;14;5;4;0;80;0;0;0;0;1561;"Fensterheber"
"25091103";2;2;0;0;1;1;0;100;0;0;0;1;1561;"Fensterheber"
"25102111";8;8;0;0;2;2;0;100;0;0;0;1;1561;"Fensterheber"
"25102121";7;7;0;0;2;2;0;100;0;0;0;1;1561;"Fensterheber"
"251210";30;30;0;0;4;1;0;25;0;0;0;0;1561;"Fensterheber"
"251211";10;8;0;2;1;1;0;100;0;0;0;0;1561;"Fensterheber"
"251837461";15;10;2;3;1;1;0;100;0;0;1;0;1561;"Fensterheber"
"251837502A";16;4;2;10;1;1;0;100;0;0;0;0;1561;"Fensterheber"
"2520004667";1;1;0;0;1;1;0;100;0;0;0;0;1561;"Fensterheber"
"2520004753";2;2;0;0;1;1;0;100;0;0;0;0;1561;"Fensterheber"
"2520004772";1;1;0;0;1;1;0;100;0;0;0;0;1561;"Fensterheber"
"2520004787";1;1;0;0;1;1;0;100;0;0;0;0;1561;"Fensterheber"
"2520005052";1;1;0;0;1;1;0;100;0;0;0;0;1561;"Fensterheber"
"2520005103";3;3;0;0;1;1;0;100;0;0;0;0;1561;"Fensterheber"
"2520005206";1;1;0;0;1;1;0;100;0;0;0;0;1561;"Fensterheber"
"2520005667";1;1;0;0;1;1;0;100;0;0;0;0;1561;"Fensterheber"
"2520005843";2;2;0;0;1;1;0;100;0;0;0;0;1561;"Fensterheber"
"253816";12;12;0;0;2;2;0;100;0;0;0;0;1561;"Fensterheber"
"25412111";3;3;0;0;2;2;0;100;0;0;0;1;1561;"Fensterheber"
"2543261";19;19;0;0;3;3;0;100;0;0;0;1;1561;"Fensterheber"
"2543262";19;18;0;1;3;3;0;100;0;0;0;1;1561;"Fensterheber"
"2543263";19;16;0;3;4;4;0;100;0;0;0;1;1561;"Fensterheber"
"2545262";8;4;1;3;1;1;0;100;0;0;0;1;1561;"Fensterheber"
"25502111";7;7;0;0;4;4;0;100;0;0;0;1;1561;"Fensterheber"
"25502131";7;7;0;0;1;1;0;100;0;0;0;1;1561;"Fensterheber"
"25502141";3;3;0;0;2;2;0;100;0;0;0;1;1561;"Fensterheber"
"25641803";6;6;0;0;1;1;0;100;0;0;0;1;1561;"Fensterheber"
"256700";16;7;0;9;1;1;0;100;0;0;0;0;1561;"Fensterheber"
"256706";2;1;0;1;1;1;0;100;0;0;0;0;1561;"Fensterheber"
"2572349";323;128;4;191;5;5;1;100;0;0;0;0;1561;"Fensterheber"
"25752111";2;2;0;0;1;1;0;100;0;0;0;1;1561;"Fensterheber"
"25752141";2;2;0;0;1;1;0;100;0;0;0;1;1561;"Fensterheber"
"257752";5;5;0;0;1;1;0;100;0;0;0;0;1561;"Fensterheber"
"25831804";1;1;0;0;1;1;0;100;0;0;0;1;1561;"Fensterheber"
"259234";2;2;0;0;1;1;0;100;0;0;0;0;1561;"Fensterheber"
"25972111";3;3;0;0;1;1;0;100;0;0;0;1;1561;"Fensterheber"
"25972121";11;8;0;3;1;1;0;100;0;0;0;1;1561;"Fensterheber"
"260411";15;15;0;0;3;1;0;33,33;0;0;0;0;1561;"Fensterheber"
"261554";26;25;0;1;7;1;0;14,29;0;0;0;0;1561;"Fensterheber"
"26719";26;26;0;0;1;1;0;100;0;0;0;1;1561;"Fensterheber"
"26890";10;9;0;1;2;2;0;100;0;0;0;1;1561;"Fensterheber"
"26891";7;7;0;0;1;1;0;100;0;0;0;1;1561;"Fensterheber"
"26909";21;21;0;0;1;1;0;100;0;0;0;1;1561;"Fensterheber"
"269102";4;4;0;0;2;1;0;50;0;0;0;0;1561;"Fensterheber"
"269108";15;15;0;0;3;3;0;100;0;0;0;0;1561;"Fensterheber"
"269112";15;15;0;0;4;4;0;100;0;0;0;0;1561;"Fensterheber"
"269262";2;1;0;1;1;1;0;100;0;0;0;0;1561;"Fensterheber"
"269426";12;11;0;1;3;3;0;100;0;0;0;0;1561;"Fensterheber"
"26986";5;5;0;0;1;1;0;100;0;0;0;1;1561;"Fensterheber"
"26996";13;12;0;1;1;1;0;100;0;0;0;1;1561;"Fensterheber"
"270535";50;50;0;0;16;2;0;12,50;0;0;0;0;1561;"Fensterheber"
"270536";19;19;0;0;2;1;0;50;0;0;0;0;1561;"Fensterheber"
"270723";9;9;0;0;2;1;0;50;0;0;0;0;1561;"Fensterheber"
"270828";13;10;0;3;2;2;0;100;0;0;0;0;1561;"Fensterheber"
"270830";15;10;0;5;1;1;0;100;0;0;0;0;1561;"Fensterheber"
"272152";7;7;0;0;1;1;0;100;0;0;0;1;1561;"Fensterheber"
"272153";1;1;0;0;1;1;0;100;0;0;0;1;1561;"Fensterheber"
"2734262";10;8;0;2;2;2;0;100;0;0;0;1;1561;"Fensterheber"
"2734264";5;4;0;1;2;2;0;100;0;0;0;1;1561;"Fensterheber"
"2734265";20;18;0;2;3;3;0;100;0;0;0;1;1561;"Fensterheber"
"2734266";6;4;0;2;1;1;0;100;0;0;0;1;1561;"Fensterheber"
"27345";39;37;1;1;5;3;0;60;0;0;0;1;1561;"Fensterheber"
"27346";16;15;0;1;3;3;0;100;0;0;0;1;1561;"Fensterheber"
"2738261";14;14;0;0;1;1;0;100;0;0;0;1;1561;"Fensterheber"
"27392";13;13;0;0;1;1;0;100;0;0;0;1;1561;"Fensterheber"
"2740261";32;29;0;3;5;5;0;100;0;0;0;1;1561;"Fensterheber"
"2740263";32;18;0;14;2;2;0;100;0;0;0;1;1561;"Fensterheber"
"2740264";18;6;0;12;1;1;0;100;0;0;0;1;1561;"Fensterheber"
"2758261";11;8;1;2;1;1;0;100;0;0;0;1;1561;"Fensterheber"
"2758262";13;10;0;3;1;1;0;100;0;0;0;1;1561;"Fensterheber"
"2759PSG2";1;1;0;0;1;1;0;100;0;0;0;1;1561;"Fensterheber"
"2759PSG2POL";1;1;0;0;1;1;0;100;0;0;0;0;1561;"Fensterheber"
"280058584";1;1;0;0;1;1;0;100;0;0;0;0;1561;"Fensterheber"
"280135";8;8;0;0;6;2;0;33,33;0;0;0;1;1561;"Fensterheber"
"280145";8;8;0;0;3;3;0;100;0;0;0;1;1561;"Fensterheber"
"280147";104;104;0;0;14;1;0;7,14;0;0;0;0;1561;"Fensterheber"
"280149";12;12;0;0;2;1;0;50;0;0;0;1;1561;"Fensterheber"
"280201";27;26;0;1;7;4;0;57,14;0;0;0;1;1561;"Fensterheber"
"280202";28;28;0;0;8;5;0;62,50;0;0;0;1;1561;"Fensterheber"
"280203";52;52;0;0;14;12;0;85,71;0;0;0;1;1561;"Fensterheber"
"280204";70;67;0;3;22;14;0;63,64;0;0;0;1;1561;"Fensterheber"
"280205";25;25;0;0;5;3;0;60;0;0;0;1;1561;"Fensterheber"
"280208";20;20;0;0;4;1;0;25;0;0;0;1;1561;"Fensterheber"
"280218";9;9;0;0;2;2;0;100;0;0;0;1;1561;"Fensterheber"
"280219";11;11;0;0;3;2;0;66,67;0;0;0;1;1561;"Fensterheber"
"280229";64;62;0;2;31;29;0;93,55;0;0;0;1;1561;"Fensterheber"
"280230";71;71;0;0;28;14;0;50;0;0;0;1;1561;"Fensterheber"
"280242";13;13;0;0;10;9;0;90;0;0;0;1;1561;"Fensterheber"
"280243";7;7;0;0;3;3;0;100;0;0;0;1;1561;"Fensterheber"
"280244";17;17;0;0;4;4;0;100;0;0;0;1;1561;"Fensterheber"
"280245";15;15;0;0;2;2;0;100;0;0;0;1;1561;"Fensterheber"
"280246";14;13;0;1;4;3;0;75;0;0;0;1;1561;"Fensterheber"
"280247";10;10;0;0;2;2;0;100;0;0;0;1;1561;"Fensterheber"
"280272";19;19;0;0;9;8;0;88,89;0;0;0;1;1561;"Fensterheber"
"280273";16;16;0;0;5;5;0;100;0;0;0;1;1561;"Fensterheber"
"280324";23;22;0;1;5;3;0;60;0;0;0;1;1561;"Fensterheber"
"280325";33;33;0;0;4;2;0;50;0;0;0;1;1561;"Fensterheber"
"280326";26;24;0;2;7;7;0;100;0;0;0;1;1561;"Fensterheber"
"280327";20;20;0;0;3;3;0;100;0;0;0;1;1561;"Fensterheber"
"280328";6;6;0;0;2;2;0;100;0;0;0;1;1561;"Fensterheber"
"280329";6;6;0;0;1;1;0;100;0;0;0;1;1561;"Fensterheber"
"28875";29;29;0;0;3;1;0;33,33;0;0;0;0;1561;"Fensterheber"
"28876";16;15;1;0;1;1;0;100;0;0;0;0;1561;"Fensterheber"
"28B1PSE1";1;1;0;0;1;1;0;100;0;0;0;1;1561;"Fensterheber"
"2902PSE2POL";1;1;0;0;1;1;0;100;0;0;0;0;1561;"Fensterheber"
"2910261";36;35;0;1;7;7;0;100;0;0;0;1;1561;"Fensterheber"
"2910262";27;27;0;0;2;2;0;100;0;0;0;1;1561;"Fensterheber"
"2910263";33;28;0;5;6;6;0;100;0;0;0;1;1561;"Fensterheber"
"2910264";29;29;0;0;9;9;0;100;0;0;0;1;1561;"Fensterheber"
"292335";1;1;0;0;1;1;0;100;0;0;0;0;1561;"Fensterheber"
"2924261";7;6;0;1;6;6;0;100;0;0;0;1;1561;"Fensterheber"
"2924263";1;1;0;0;1;1;0;100;0;0;0;1;1561;"Fensterheber"
"2924264";4;2;0;2;1;1;0;100;0;0;0;1;1561;"Fensterheber"
"297066";2;2;0;0;2;2;0;100;0;0;0;0;1561;"Fensterheber"
"298092";9;9;0;0;1;1;0;100;0;0;0;0;1561;"Fensterheber"
"299647";8;8;0;0;2;2;0;100;0;0;0;0;1561;"Fensterheber"
"2997184";6;6;0;0;1;1;0;100;0;0;0;0;1561;"Fensterheber"
"2997195";55;42;2;11;7;3;0;42,86;0;0;1;0;1561;"Fensterheber"
"2997196";64;56;0;8;10;8;0;80;0;0;1;0;1561;"Fensterheber"
"2D0837462";24;11;1;12;3;3;0;100;1;0;0;0;1561;"Fensterheber"
"2E0837401";61;59;0;2;9;8;0;88,89;1;0;1;0;1561;"Fensterheber"
"2E0837402";24;23;0;1;7;5;0;71,43;1;0;1;0;1561;"Fensterheber"
"2G6839462E";3;3;0;0;1;1;0;100;0;0;0;0;1561;"Fensterheber"
"2GA837461F";5;4;0;1;1;1;0;100;1;0;0;0;1561;"Fensterheber"
"2GA837462F";7;4;0;3;1;1;0;100;1;0;0;0;1561;"Fensterheber"
"2GM837461A";6;4;0;2;2;2;0;100;1;0;0;0;1561;"Fensterheber"
"2GM837461C";3;3;0;0;2;2;0;100;1;0;0;0;1561;"Fensterheber"
"2GM839462F";5;4;0;1;1;1;0;100;0;0;0;0;1561;"Fensterheber"
"2H0837401D";15;15;0;0;2;2;0;100;1;0;1;0;1561;"Fensterheber"
"2H0837402C";7;7;0;0;1;1;0;100;1;0;1;0;1561;"Fensterheber"
"2H0837402D";18;17;0;1;3;3;0;100;1;0;1;0;1561;"Fensterheber"
"2H6837401B";10;8;0;2;1;1;0;100;0;0;0;0;1561;"Fensterheber"
"2K1837729E";14;13;0;1;3;3;0;100;1;0;1;0;1561;"Fensterheber"
"2K1837730H";7;7;0;0;1;1;0;100;1;0;1;0;1561;"Fensterheber"
"2K1837730L";108;103;0;5;17;14;1;82,35;1;0;1;0;1561;"Fensterheber"
"2K2837729M";233;224;0;9;34;29;0;85,29;1;0;1;0;1561;"Fensterheber"
"2K5837461";23;3;9;11;1;1;0;100;1;0;0;0;1561;"Fensterheber"
"2M51A27000CC";2;1;0;1;1;1;0;100;0;0;1;0;1561;"Fensterheber"
"2S5114A389AA";177;156;2;19;11;10;0;90,91;0;0;1;0;1561;"Fensterheber"
"2S51B23201BP";10;8;0;2;1;1;0;100;0;0;1;0;1561;"Fensterheber"
"3003PSE2";5;3;0;2;2;2;0;100;0;0;0;1;1561;"Fensterheber"
"301092";13;8;0;5;1;1;0;100;0;0;0;1;1561;"Fensterheber"
"301119";7;1;0;6;1;1;0;100;0;0;0;1;1561;"Fensterheber"
"301121";11;6;1;4;1;1;0;100;0;0;0;1;1561;"Fensterheber"
"301132";22;21;0;1;2;1;0;50;0;0;0;1;1561;"Fensterheber"
"301175";1;1;0;0;1;1;0;100;0;0;0;1;1561;"Fensterheber"
"301287";6;6;0;0;1;1;0;100;0;0;0;1;1561;"Fensterheber"
"301307";9;9;0;0;4;4;0;100;0;0;0;1;1561;"Fensterheber"
"301355";8;8;0;0;1;1;0;100;0;0;0;1;1561;"Fensterheber"
"301368";7;7;0;0;1;1;0;100;0;0;0;1;1561;"Fensterheber"
"301394";10;8;0;2;1;1;0;100;0;0;0;1;1561;"Fensterheber"
"301402";7;6;1;0;1;1;0;100;0;0;0;1;1561;"Fensterheber"
"301405";3;3;0;0;1;1;0;100;0;0;0;1;1561;"Fensterheber"
"3014268";9;7;0;2;1;1;0;100;0;0;0;1;1561;"Fensterheber"
"301450";7;7;0;0;1;1;0;100;0;0;0;1;1561;"Fensterheber"
"301454";20;18;0;2;1;1;0;100;0;0;0;1;1561;"Fensterheber"
"301497";1;1;0;0;1;1;0;100;0;0;0;1;1561;"Fensterheber"
"301539";2;2;0;0;1;1;0;100;0;0;0;1;1561;"Fensterheber"
"301548";7;6;0;1;1;1;0;100;0;0;0;1;1561;"Fensterheber"
"301549";18;12;0;6;1;1;0;100;0;0;0;1;1561;"Fensterheber"
"301661";1;0;0;1;2;2;0;100;0;0;0;1;1561;"Fensterheber"
"3017261";13;13;0;0;1;1;0;100;0;0;0;1;1561;"Fensterheber"
"3017262";8;8;0;0;2;2;0;100;0;0;0;1;1561;"Fensterheber"
"3017266";8;8;0;0;1;1;0;100;0;0;0;1;1561;"Fensterheber"
"3017267";10;9;0;1;1;1;0;100;0;0;0;1;1561;"Fensterheber"
"301869";3;3;0;0;1;1;0;100;0;0;0;1;1561;"Fensterheber"
"301901";8;7;1;0;1;1;0;100;0;0;0;1;1561;"Fensterheber"
"3019261";1;1;0;0;1;1;0;100;0;0;0;1;1561;"Fensterheber"
"301931";6;5;0;1;1;1;0;100;0;0;0;1;1561;"Fensterheber"
"302064";34;33;1;0;2;1;0;50;0;0;0;1;1561;"Fensterheber"
"302065";25;25;0;0;1;1;0;100;0;0;0;1;1561;"Fensterheber"
"30208B";3;3;0;0;2;2;0;100;0;0;0;1;1561;"Fensterheber"
"30220";40;40;0;0;3;1;0;33,33;0;0;0;1;1561;"Fensterheber"
"302248";22;21;0;1;3;1;0;33,33;0;0;0;1;1561;"Fensterheber"
"3024225";16;11;0;5;4;4;0;100;0;0;0;1;1561;"Fensterheber"
"3024261";12;12;0;0;1;1;0;100;0;0;0;1;1561;"Fensterheber"
"3024264";20;20;0;0;2;2;0;100;0;0;0;1;1561;"Fensterheber"
"3024265";8;8;0;0;1;1;0;100;0;0;0;1;1561;"Fensterheber"
"3024266";7;7;0;0;1;1;0;100;0;0;0;1;1561;"Fensterheber"
"302463";11;9;0;2;1;1;0;100;0;0;0;1;1561;"Fensterheber"
"302523";5;5;0;0;1;1;0;100;0;0;0;1;1561;"Fensterheber"
"302575";110;110;0;0;24;1;0;4,17;0;0;0;1;1561;"Fensterheber"
"302678";25;24;0;1;3;1;0;33,33;0;0;0;1;1561;"Fensterheber"
"3028261";13;13;0;0;1;1;0;100;0;0;0;1;1561;"Fensterheber"
"3028262";4;4;0;0;1;1;0;100;0;0;0;1;1561;"Fensterheber"
"3028263";24;24;0;0;10;10;0;100;0;0;0;1;1561;"Fensterheber"
"3028264";22;22;0;0;7;7;0;100;0;0;0;1;1561;"Fensterheber"
"3030263";1;1;0;0;1;1;0;100;0;0;0;1;1561;"Fensterheber"
"3032265";23;20;0;3;2;1;0;50;0;0;0;1;1561;"Fensterheber"
"3040PSE2";3;2;0;1;1;1;0;100;0;0;0;1;1561;"Fensterheber"
"3040PSE2POL";1;1;0;0;1;1;0;100;0;0;0;0;1561;"Fensterheber"
"3041261";8;8;0;0;2;2;0;100;0;0;0;1;1561;"Fensterheber"
"3048261";75;54;1;20;14;14;0;100;0;0;0;1;1561;"Fensterheber"
"3048262";52;34;2;16;9;9;0;100;0;0;0;1;1561;"Fensterheber"
"3048263";10;6;0;4;1;1;0;100;0;0;0;1;1561;"Fensterheber"
"3060RRJM";1;1;0;0;1;1;0;100;0;0;0;0;1561;"Fensterheber"
"3061271F";1;1;0;0;1;1;0;100;0;0;0;0;1561;"Fensterheber"
"30617YN7";2;2;0;0;1;1;0;100;0;0;0;0;1561;"Fensterheber"
"30618CTM";2;2;0;0;1;1;0;100;0;0;0;0;1561;"Fensterheber"
"30619MH0";2;2;0;0;2;2;0;100;0;0;0;0;1561;"Fensterheber"
"306206H6";2;2;0;0;1;1;0;100;0;0;0;0;1561;"Fensterheber"
"30622RC0";1;1;0;0;1;1;0;100;0;0;0;0;1561;"Fensterheber"
"306231N1";1;1;0;0;1;1;0;100;0;0;0;0;1561;"Fensterheber"
"306233N9";1;1;0;0;1;1;0;100;0;0;0;0;1561;"Fensterheber"
"30623448";50;49;0;1;5;5;1;100;1;0;1;0;1561;"Fensterheber"
"30623449";22;17;0;5;2;2;0;100;1;0;1;0;1561;"Fensterheber"
"30623623";1;1;0;0;1;1;0;100;0;0;0;0;1561;"Fensterheber"
"306236N6";2;2;0;0;1;1;0;100;0;0;0;0;1561;"Fensterheber"
"30625DH7";3;2;0;1;1;1;0;100;0;0;0;0;1561;"Fensterheber"
"30626DH5";2;2;0;0;1;1;0;100;0;0;0;0;1561;"Fensterheber"
"30627368";2;2;0;0;1;1;0;100;0;0;0;0;1561;"Fensterheber"
"30631345";1;1;0;0;1;1;0;100;0;0;0;0;1561;"Fensterheber"
"306313A1";2;2;0;0;1;1;0;100;0;0;0;0;1561;"Fensterheber"
"306314A0";1;1;0;0;1;1;0;100;0;0;0;0;1561;"Fensterheber"
"30631881";2;2;0;0;2;2;0;100;0;0;0;0;1561;"Fensterheber"
"30631907";3;3;0;0;1;1;0;100;0;0;0;0;1561;"Fensterheber"
"30631VP7";3;3;0;0;1;1;0;100;0;0;0;0;1561;"Fensterheber"
"306323P6";1;1;0;0;1;1;0;100;0;0;0;0;1561;"Fensterheber"
"30632566";2;2;0;0;1;1;0;100;0;0;0;0;1561;"Fensterheber"
"30640HMF";2;2;0;0;1;1;0;100;0;0;0;0;1561;"Fensterheber"
"30642284";1;1;0;0;1;1;0;100;0;0;0;0;1561;"Fensterheber"
"306427A4";1;1;0;0;1;1;0;100;0;0;0;0;1561;"Fensterheber"
"306432A7";1;1;0;0;1;1;0;100;0;0;0;0;1561;"Fensterheber"
"30644231";1;1;0;0;1;1;0;100;0;0;0;0;1561;"Fensterheber"
"30645733";1;1;0;0;1;1;0;100;0;0;0;0;1561;"Fensterheber"
"30646699";2;2;0;0;1;1;0;100;0;0;0;0;1561;"Fensterheber"
"30646889";1;1;0;0;1;1;0;100;0;0;0;0;1561;"Fensterheber"
"306477N4";2;2;0;0;3;3;0;100;0;0;0;0;1561;"Fensterheber"
"306503KF";4;4;0;0;1;1;0;100;0;0;0;0;1561;"Fensterheber"
"30652739";4;1;3;0;1;1;0;100;0;0;0;0;1561;"Fensterheber"
"30655401";1;1;0;0;1;1;0;100;0;0;0;0;1561;"Fensterheber"
"306554D3";2;2;0;0;1;1;0;100;0;0;0;0;1561;"Fensterheber"
"306563M2";2;2;0;0;1;1;0;100;0;0;0;0;1561;"Fensterheber"
"306565K4";2;2;0;0;1;1;0;100;0;0;0;0;1561;"Fensterheber"
"306571M2";1;1;0;0;1;1;0;100;0;0;0;0;1561;"Fensterheber"
"306576U9";1;1;0;0;1;1;0;100;0;0;0;0;1561;"Fensterheber"
"306616C1";5;5;0;0;1;1;0;100;0;0;0;0;1561;"Fensterheber"
"306619C8";3;3;0;0;1;1;0;100;0;0;0;0;1561;"Fensterheber"
"306623A6";2;2;0;0;2;2;0;100;0;0;0;0;1561;"Fensterheber"
"30668YN0";1;1;0;0;1;1;0;100;0;0;0;0;1561;"Fensterheber"
"30672YN2";2;2;0;0;1;1;0;100;0;0;0;0;1561;"Fensterheber"
"306735UF";2;2;0;0;1;1;0;100;0;0;0;0;1561;"Fensterheber"
"307022";4;4;0;0;1;1;0;100;0;0;0;1;1561;"Fensterheber"
"3070934A";4;4;0;0;1;1;0;100;0;0;0;0;1561;"Fensterheber"
"3073830A";3;3;0;0;1;1;0;100;0;0;0;0;1561;"Fensterheber"
"3073955A";1;1;0;0;1;1;0;100;0;0;0;0;1561;"Fensterheber"
"3073961A";1;1;0;0;1;1;0;100;0;0;0;0;1561;"Fensterheber"
"3073976A";1;1;0;0;1;1;0;100;0;0;0;0;1561;"Fensterheber"
"3077262";3;3;0;0;1;1;0;100;0;0;0;1;1561;"Fensterheber"
"3077263";16;16;0;0;3;3;0;100;0;0;0;1;1561;"Fensterheber"
"3077264";7;7;0;0;1;1;0;100;0;0;0;1;1561;"Fensterheber"
"3078261";6;5;0;1;1;1;0;100;0;0;0;1;1561;"Fensterheber"
"3078262";11;11;0;0;3;3;0;100;0;0;0;1;1561;"Fensterheber"
"30784309";5;4;0;1;1;1;0;100;1;0;1;0;1561;"Fensterheber"
"30784509";56;50;0;6;4;4;0;100;1;0;0;0;1561;"Fensterheber"
"30784510";30;25;0;5;3;3;0;100;1;0;0;0;1561;"Fensterheber"
"30784572";67;11;1;55;1;1;0;100;1;0;0;0;1561;"Fensterheber"
"30784578";139;73;5;61;11;11;0;100;1;0;0;0;1561;"Fensterheber"
"30784579";62;37;0;25;7;7;0;100;1;0;0;0;1561;"Fensterheber"
"30784828";93;86;0;7;13;13;0;100;1;0;0;0;1561;"Fensterheber"
"30784829";36;22;0;14;4;4;0;100;1;0;0;0;1561;"Fensterheber"
"3080263";26;26;0;0;2;2;0;100;0;0;0;1;1561;"Fensterheber"
"3080264";30;30;0;0;3;3;0;100;0;0;0;1;1561;"Fensterheber"
"3080267";30;30;0;0;1;1;0;100;0;0;0;1;1561;"Fensterheber"
"30826";11;10;0;1;2;1;0;50;0;0;0;1;1561;"Fensterheber"
"308303";13;12;0;1;3;3;0;100;0;0;0;0;1561;"Fensterheber"
"308305";2;2;0;0;1;1;0;100;0;0;0;0;1561;"Fensterheber"
"308306";15;14;0;1;3;2;0;66,67;0;0;0;0;1561;"Fensterheber"
"30842";286;279;0;7;75;1;0;1,33;0;0;0;1;1561;"Fensterheber"
"3085261";8;8;0;0;3;3;0;100;0;0;0;1;1561;"Fensterheber"
"3085264";3;3;0;0;1;1;0;100;0;0;0;1;1561;"Fensterheber"
"30860191";7;6;0;1;1;1;0;100;1;0;1;0;1561;"Fensterheber"
"30896810";5;5;0;0;2;2;1;100;1;0;1;0;1561;"Fensterheber"
"3091261";51;26;1;24;4;4;0;100;0;0;0;1;1561;"Fensterheber"
"30941";38;38;0;0;10;1;0;10;0;0;0;1;1561;"Fensterheber"
"30942";56;55;0;1;4;1;0;25;0;0;0;1;1561;"Fensterheber"
"30978";44;37;1;6;3;2;0;66,67;0;0;0;1;1561;"Fensterheber"
"3099263";28;11;0;17;2;2;0;100;0;0;0;1;1561;"Fensterheber"
"30A1PSG1";1;1;0;0;1;1;0;100;0;0;0;1;1561;"Fensterheber"
"310745";12;12;0;0;2;2;0;100;0;0;0;0;1561;"Fensterheber"
"310746";4;4;0;0;1;1;0;100;0;0;0;0;1561;"Fensterheber"
"310751";51;49;0;2;11;3;0;27,27;0;0;0;0;1561;"Fensterheber"
"31253513";56;52;0;4;9;4;0;44,44;1;0;1;0;1561;"Fensterheber"
"31253514";23;22;0;1;5;4;0;80;1;0;1;0;1561;"Fensterheber"
"31253516";6;4;0;2;1;1;0;100;1;0;0;0;1561;"Fensterheber"
"31351701";7;7;0;0;2;2;0;100;0;0;0;1;1561;"Fensterheber"
"31351803";2;2;0;0;1;1;0;100;0;0;0;1;1561;"Fensterheber"
"31552111";3;3;0;0;2;2;0;100;0;0;0;1;1561;"Fensterheber"
"31562111";11;7;3;1;2;2;0;100;0;0;0;1;1561;"Fensterheber"
"316943";16;15;0;1;4;1;0;25;0;0;0;0;1561;"Fensterheber"
"3176541";99;53;0;46;5;5;0;100;0;0;1;0;1561;"Fensterheber"
"3176545";79;42;1;36;1;1;0;100;0;0;0;0;1561;"Fensterheber"
"3176546";37;16;1;20;1;1;0;100;0;0;0;0;1561;"Fensterheber"
"318340";6;6;0;0;2;2;0;100;0;0;0;0;1561;"Fensterheber"
"32671801";8;6;0;2;2;2;0;100;0;0;0;1;1561;"Fensterheber"
"3276428504841";1;1;0;0;1;1;0;100;0;0;0;0;1561;"Fensterheber"
"3276428506203";1;1;0;0;1;1;0;100;0;0;0;0;1561;"Fensterheber"
"3276428507422";2;2;0;0;1;1;0;100;0;0;0;0;1561;"Fensterheber"
"3276428512952";1;1;0;0;1;1;0;100;0;0;0;0;1561;"Fensterheber"
"33103904";1;1;0;0;1;1;0;100;0;0;0;0;1561;"Fensterheber"
"33103905";1;1;0;0;1;1;0;100;0;0;0;0;1561;"Fensterheber"
"332261";2;2;0;0;1;1;0;100;0;0;0;0;1561;"Fensterheber"
"3328261";8;8;0;0;1;1;0;100;0;0;0;1;1561;"Fensterheber"
"3328263";15;14;0;1;2;2;0;100;0;0;0;1;1561;"Fensterheber"
"3338261";15;9;0;6;2;2;0;100;0;0;0;1;1561;"Fensterheber"
"3338265";13;8;0;5;3;3;0;100;0;0;0;1;1561;"Fensterheber"
"336762";1;1;0;0;1;1;0;100;0;0;0;0;1561;"Fensterheber"
"337017";11;11;0;0;1;1;0;100;0;0;0;0;1561;"Fensterheber"
"3388261";38;30;0;8;6;6;0;100;0;0;0;1;1561;"Fensterheber"
"3388262";17;17;0;0;2;2;0;100;0;0;0;1;1561;"Fensterheber"
"3388263VAN";1;1;0;0;1;1;0;100;0;0;0;0;1561;"Fensterheber"
"3404396321111";1;1;0;0;1;1;0;100;0;0;0;0;1561;"Fensterheber"
"3430300269";3;0;0;3;1;1;0;100;0;0;0;0;1561;"Fensterheber"
"345457";7;6;0;1;1;1;0;100;0;0;0;0;1561;"Fensterheber"
"345530";9;8;0;1;1;1;0;100;0;0;0;0;1561;"Fensterheber"
"345534";15;14;0;1;1;1;0;100;0;0;0;0;1561;"Fensterheber"
"345554";24;23;0;1;3;1;0;33,33;0;0;0;0;1561;"Fensterheber"
"350103034000";1;1;0;0;1;1;0;100;0;0;1;1;1561;"Fensterheber"
"350103072000";4;3;0;1;1;1;0;100;0;0;0;1;1561;"Fensterheber"
"350103083000";3;3;0;0;1;1;0;100;0;0;0;1;1561;"Fensterheber"
"350103086000";7;7;0;0;1;1;0;100;0;0;0;1;1561;"Fensterheber"
"350103101500";25;22;0;3;6;6;0;100;0;0;0;1;1561;"Fensterheber"
"350103101600";18;18;0;0;5;5;0;100;0;0;0;1;1561;"Fensterheber"
"350103103200";7;5;1;1;1;1;0;100;0;0;0;1;1561;"Fensterheber"
"350103103300";3;3;0;0;3;3;0;100;0;0;0;1;1561;"Fensterheber"
"350103104100";13;12;0;1;1;1;0;100;0;0;0;1;1561;"Fensterheber"
"350103105400";5;5;0;0;2;2;0;100;0;0;0;1;1561;"Fensterheber"
"350103105600";8;8;0;0;1;1;0;100;0;0;0;1;1561;"Fensterheber"
"350103105700";6;6;0;0;2;2;0;100;0;0;0;1;1561;"Fensterheber"
"350103105800";6;4;0;2;1;1;0;100;0;0;0;1;1561;"Fensterheber"
"350103106300";19;18;0;1;2;2;0;100;0;0;0;1;1561;"Fensterheber"
"350103107300";3;3;0;0;2;2;0;100;0;0;0;1;1561;"Fensterheber"
"350103107400";6;6;0;0;1;1;0;100;0;0;0;1;1561;"Fensterheber"
"350103107500";7;7;0;0;1;1;0;100;0;0;0;1;1561;"Fensterheber"
"350103107600";16;16;0;0;2;2;0;100;0;0;0;1;1561;"Fensterheber"
"350103108500";10;10;0;0;1;1;0;100;0;0;0;1;1561;"Fensterheber"
"350103109200";1;1;0;0;1;1;0;100;0;0;0;1;1561;"Fensterheber"
"350103109500";3;3;0;0;3;3;0;100;0;0;0;1;1561;"Fensterheber"
"350103110300";11;11;0;0;6;6;0;100;0;0;0;1;1561;"Fensterheber"
"350103110400";25;24;0;1;11;10;0;90,91;0;0;0;1;1561;"Fensterheber"
"350103110800";3;3;0;0;1;1;0;100;0;0;0;1;1561;"Fensterheber"
"350103111300";10;8;0;2;1;1;0;100;0;0;0;1;1561;"Fensterheber"
"350103112100";31;29;1;1;1;1;0;100;0;0;0;1;1561;"Fensterheber"
"350103115700";2;2;0;0;1;1;0;100;0;0;0;1;1561;"Fensterheber"
"350103115900";17;16;0;1;1;1;0;100;0;0;0;1;1561;"Fensterheber"
"350103116500";4;4;0;0;3;3;0;100;0;0;0;1;1561;"Fensterheber"
"350103119400";11;10;1;0;1;1;0;100;0;0;0;1;1561;"Fensterheber"
"350103120100";5;5;0;0;1;1;0;100;0;0;0;1;1561;"Fensterheber"
"350103120700";6;6;0;0;1;1;0;100;0;0;0;1;1561;"Fensterheber"
"350103121000";10;10;0;0;1;1;0;100;0;0;0;1;1561;"Fensterheber"
"350103121700";2;2;0;0;1;1;0;100;0;0;0;1;1561;"Fensterheber"
"350103121800";1;1;0;0;1;1;0;100;0;0;0;1;1561;"Fensterheber"
"350103122700";30;28;0;2;8;5;0;62,50;0;0;0;1;1561;"Fensterheber"
"350103122800";14;13;0;1;7;5;0;71,43;0;0;0;1;1561;"Fensterheber"
"350103125300";3;3;0;0;2;2;0;100;0;0;0;1;1561;"Fensterheber"
"350103125500";2;2;0;0;2;2;0;100;0;0;0;1;1561;"Fensterheber"
"350103125600";13;13;0;0;4;4;0;100;0;0;0;1;1561;"Fensterheber"
"350103125700";5;5;0;0;2;2;0;100;0;0;0;1;1561;"Fensterheber"
"350103126400";2;2;0;0;1;1;0;100;0;0;0;1;1561;"Fensterheber"
"350103127300";13;13;0;0;2;2;0;100;0;0;0;1;1561;"Fensterheber"
"350103127400";12;12;0;0;4;4;0;100;0;0;0;1;1561;"Fensterheber"
"350103129400";13;9;1;3;2;2;0;100;0;0;1;1;1561;"Fensterheber"
"350103129500";12;4;0;8;1;1;0;100;0;0;1;1;1561;"Fensterheber"
"350103131300";14;14;0;0;5;5;0;100;0;0;0;1;1561;"Fensterheber"
"350103131700";13;13;0;0;1;1;0;100;0;0;0;1;1561;"Fensterheber"
"350103131800";11;8;2;1;1;1;0;100;0;0;0;1;1561;"Fensterheber"
"350103131900";6;6;0;0;1;1;0;100;0;0;0;1;1561;"Fensterheber"
"350103132300";19;19;0;0;4;4;0;100;0;0;0;1;1561;"Fensterheber"
"350103132400";1;1;0;0;1;1;0;100;0;0;0;1;1561;"Fensterheber"
"350103132500";11;11;0;0;5;3;0;60;0;0;0;1;1561;"Fensterheber"
"350103132600";9;8;0;1;2;2;0;100;0;0;0;1;1561;"Fensterheber"
"350103132700";7;7;0;0;3;1;0;33,33;0;0;0;1;1561;"Fensterheber"
"350103132900";25;25;0;0;3;3;0;100;0;0;0;1;1561;"Fensterheber"
"350103134600";26;26;0;0;15;11;0;73,33;0;0;0;1;1561;"Fensterheber"
"350103134700";22;21;1;0;10;10;0;100;0;0;0;1;1561;"Fensterheber"
"350103134800";15;15;0;0;7;6;0;85,71;0;0;0;1;1561;"Fensterheber"
"350103134900";36;36;0;0;10;10;0;100;0;0;0;1;1561;"Fensterheber"
"350103135500";18;18;0;0;7;7;0;100;0;0;0;1;1561;"Fensterheber"
"350103135600";12;11;0;1;1;1;0;100;0;0;0;1;1561;"Fensterheber"
"350103135700";6;5;0;1;2;2;0;100;0;0;0;1;1561;"Fensterheber"
"350103135800";14;9;0;5;4;4;0;100;0;0;0;1;1561;"Fensterheber"
"350103136400";4;4;0;0;1;1;0;100;0;0;0;1;1561;"Fensterheber"
"350103137500";7;7;0;0;1;1;0;100;0;0;0;1;1561;"Fensterheber"
"350103137700";2;2;0;0;1;1;0;100;0;0;0;1;1561;"Fensterheber"
"350103139500";4;4;0;0;2;2;0;100;0;0;0;1;1561;"Fensterheber"
"350103139600";14;13;0;1;3;3;0;100;0;0;0;1;1561;"Fensterheber"
"350103139700";7;7;0;0;3;3;0;100;0;0;0;1;1561;"Fensterheber"
"350103139800";1;1;0;0;1;1;0;100;0;0;0;1;1561;"Fensterheber"
"350103140500";1;1;0;0;1;1;0;100;0;0;0;1;1561;"Fensterheber"
"350103140700";22;22;0;0;13;13;0;100;0;0;0;1;1561;"Fensterheber"
"350103140800";12;9;2;1;3;3;0;100;0;0;0;1;1561;"Fensterheber"
"350103141900";9;8;0;1;1;1;0;100;0;0;0;1;1561;"Fensterheber"
"350103142500";10;8;1;1;2;2;0;100;0;0;0;1;1561;"Fensterheber"
"350103143400";21;15;0;6;2;2;0;100;0;0;0;1;1561;"Fensterheber"
"350103143700";11;11;0;0;2;2;0;100;0;0;0;1;1561;"Fensterheber"
"350103145300";2;2;0;0;1;1;0;100;0;0;0;1;1561;"Fensterheber"
"350103145800";5;3;0;2;2;2;0;100;0;0;0;1;1561;"Fensterheber"
"350103148500";8;8;0;0;2;2;0;100;0;0;0;1;1561;"Fensterheber"
"350103151100";2;2;0;0;1;1;0;100;0;0;0;1;1561;"Fensterheber"
"350103151700";3;3;0;0;1;1;0;100;0;0;0;1;1561;"Fensterheber"
"350103152200";6;6;0;0;1;1;0;100;0;0;0;1;1561;"Fensterheber"
"350103153100";4;4;0;0;1;1;0;100;0;0;0;1;1561;"Fensterheber"
"350103153400";4;4;0;0;3;3;0;100;0;0;0;1;1561;"Fensterheber"
"350103153700";7;7;0;0;2;2;0;100;0;0;0;1;1561;"Fensterheber"
"350103154300";3;3;0;0;1;1;0;100;0;0;0;1;1561;"Fensterheber"
"350103154600";3;3;0;0;1;1;0;100;0;0;0;1;1561;"Fensterheber"
"350103157800";1;1;0;0;1;1;0;100;0;0;0;1;1561;"Fensterheber"
"350103158100";19;16;1;2;4;4;0;100;0;0;0;1;1561;"Fensterheber"
"350103158200";18;12;0;6;8;7;0;87,50;0;0;1;1;1561;"Fensterheber"
"350103158300";5;4;0;1;1;1;0;100;0;0;0;1;1561;"Fensterheber"
"350103158400";1;1;0;0;1;1;0;100;0;0;0;1;1561;"Fensterheber"
"350103160200";4;4;0;0;1;1;0;100;0;0;0;1;1561;"Fensterheber"
"350103160300";11;11;0;0;3;3;0;100;0;0;0;1;1561;"Fensterheber"
"350103161100";6;6;0;0;4;4;0;100;0;0;0;1;1561;"Fensterheber"
"350103161500";2;2;0;0;1;1;0;100;0;0;0;1;1561;"Fensterheber"
"350103161700";4;3;0;1;1;1;0;100;0;0;0;1;1561;"Fensterheber"
"350103161800";2;2;0;0;1;1;0;100;0;0;0;1;1561;"Fensterheber"
"350103163300";12;11;0;1;4;4;0;100;0;0;1;1;1561;"Fensterheber"
"350103163500";4;4;0;0;1;1;0;100;0;0;0;1;1561;"Fensterheber"
"350103163600";19;19;0;0;8;8;0;100;0;0;0;1;1561;"Fensterheber"
"350103164100";8;8;0;0;3;3;0;100;0;0;0;1;1561;"Fensterheber"
"350103164200";6;6;0;0;2;2;0;100;0;0;0;1;1561;"Fensterheber"
"350103164600";12;10;0;2;2;2;0;100;0;0;0;1;1561;"Fensterheber"
"350103167600";5;5;0;0;2;2;0;100;0;0;1;1;1561;"Fensterheber"
"350103168100";5;5;0;0;2;2;0;100;0;0;1;1;1561;"Fensterheber"
"350103168200";3;3;0;0;2;1;0;50;0;0;1;1;1561;"Fensterheber"
"350103168600";3;3;0;0;1;1;0;100;0;0;0;1;1561;"Fensterheber"
"350103169400";1;1;0;0;2;2;0;100;0;0;1;1;1561;"Fensterheber"
"350103169500";2;2;0;0;1;1;0;100;0;0;1;1;1561;"Fensterheber"
"350103170005";4;2;2;0;1;1;0;100;0;0;0;1;1561;"Fensterheber"
"350103170006";11;6;1;4;4;4;0;100;0;0;0;1;1561;"Fensterheber"
"350103170007";13;13;0;0;2;2;0;100;0;0;0;1;1561;"Fensterheber"
"350103170008";3;2;0;1;1;1;0;100;0;0;0;1;1561;"Fensterheber"
"350103170009";14;12;0;2;6;6;0;100;0;0;0;1;1561;"Fensterheber"
"350103170011";7;5;1;1;2;2;0;100;0;0;0;1;1561;"Fensterheber"
"350103170012";9;7;2;0;2;2;0;100;0;0;0;1;1561;"Fensterheber"
"350103170021";13;10;0;3;1;1;0;100;0;0;0;1;1561;"Fensterheber"
"350103170024";8;7;0;1;1;1;0;100;0;0;1;1;1561;"Fensterheber"
"350103170025";8;7;0;1;2;2;0;100;0;0;1;1;1561;"Fensterheber"
"350103170027";8;7;0;1;3;3;0;100;0;0;0;1;1561;"Fensterheber"
"350103170029";10;10;0;0;1;1;0;100;0;0;0;1;1561;"Fensterheber"
"350103170030";2;1;0;1;1;1;0;100;0;0;1;1;1561;"Fensterheber"
"350103170031";21;17;0;4;6;6;0;100;0;0;0;1;1561;"Fensterheber"
"350103170032";8;7;0;1;3;3;0;100;0;0;0;1;1561;"Fensterheber"
"350103170034";2;1;0;1;1;1;0;100;0;0;0;1;1561;"Fensterheber"
"350103170036";7;6;0;1;1;1;0;100;0;0;1;1;1561;"Fensterheber"
"350103170037";5;3;0;2;1;1;0;100;0;0;0;1;1561;"Fensterheber"
"350103170038";6;5;0;1;2;1;0;50;0;0;0;1;1561;"Fensterheber"
"350103170039";12;11;0;1;6;6;0;100;0;0;0;1;1561;"Fensterheber"
"350103170041";13;11;0;2;4;4;0;100;0;0;0;1;1561;"Fensterheber"
"350103170042";4;3;0;1;1;1;0;100;0;0;0;1;1561;"Fensterheber"
"350103170043";8;7;0;1;2;2;0;100;0;0;1;1;1561;"Fensterheber"
"350103170044";15;13;0;2;4;4;0;100;0;0;1;1;1561;"Fensterheber"
"350103170045";4;2;1;1;1;1;0;100;0;0;0;1;1561;"Fensterheber"
"350103170055";25;18;0;7;7;7;0;100;0;0;0;1;1561;"Fensterheber"
"350103170056";26;22;0;4;3;3;0;100;0;0;0;1;1561;"Fensterheber"
"350103170057";37;33;0;4;9;9;0;100;0;0;0;1;1561;"Fensterheber"
"350103170058";30;27;0;3;15;15;0;100;0;0;0;1;1561;"Fensterheber"
"350103170059";13;12;0;1;3;3;0;100;0;0;0;1;1561;"Fensterheber"
"350103170069";6;4;0;2;3;3;0;100;0;0;0;1;1561;"Fensterheber"
"350103170071";10;2;3;5;1;1;0;100;0;0;0;1;1561;"Fensterheber"
"350103170073";6;6;0;0;2;2;0;100;0;0;0;1;1561;"Fensterheber"
"350103170074";15;13;0;2;4;4;0;100;0;0;0;1;1561;"Fensterheber"
"350103170075";7;5;0;2;4;4;0;100;0;0;1;1;1561;"Fensterheber"
"350103170076";4;3;0;1;2;2;0;100;0;0;1;1;1561;"Fensterheber"
"350103170077";16;14;0;2;1;1;0;100;0;0;0;1;1561;"Fensterheber"
"350103170078";6;4;0;2;1;1;0;100;0;0;0;1;1561;"Fensterheber"
"350103170079";36;34;0;2;16;16;0;100;0;0;0;1;1561;"Fensterheber"
"350103170080";26;25;0;1;7;7;0;100;0;0;0;1;1561;"Fensterheber"
"350103170084";8;7;0;1;1;1;0;100;0;0;0;1;1561;"Fensterheber"
"350103170085";10;6;2;2;3;3;0;100;0;0;0;1;1561;"Fensterheber"
"350103170086";6;6;0;0;2;2;0;100;0;0;0;1;1561;"Fensterheber"
"350103170089";4;3;0;1;1;1;0;100;0;0;0;1;1561;"Fensterheber"
"350103170090";7;2;1;4;1;1;0;100;0;0;0;1;1561;"Fensterheber"
"350103170091";41;32;1;8;9;9;0;100;0;0;0;1;1561;"Fensterheber"
"350103170092";10;4;3;3;1;1;0;100;0;0;0;1;1561;"Fensterheber"
"350103170093";10;8;0;2;4;4;0;100;0;0;0;1;1561;"Fensterheber"
"350103170094";5;4;0;1;1;1;0;100;0;0;0;1;1561;"Fensterheber"
"350103170095";18;14;0;4;3;3;0;100;0;0;0;1;1561;"Fensterheber"
"350103170096";16;14;0;2;6;6;0;100;0;0;0;1;1561;"Fensterheber"
"350103170099";3;2;0;1;1;1;0;100;0;0;1;1;1561;"Fensterheber"
"350103170100";8;7;0;1;3;3;0;100;0;0;1;1;1561;"Fensterheber"
"350103170101";25;22;1;2;5;5;0;100;0;0;1;1;1561;"Fensterheber"
"350103170102";24;15;0;9;6;6;0;100;0;0;1;1;1561;"Fensterheber"
"350103170103";14;14;0;0;6;6;0;100;0;0;1;1;1561;"Fensterheber"
"350103170104";22;22;0;0;7;7;0;100;0;0;1;1;1561;"Fensterheber"
"350103170105";9;8;0;1;1;1;0;100;0;0;0;1;1561;"Fensterheber"
"350103170109";6;5;0;1;1;1;0;100;0;0;0;1;1561;"Fensterheber"
"350103170113";9;8;0;1;2;2;0;100;0;0;1;1;1561;"Fensterheber"
"350103170118";4;3;0;1;1;1;0;100;0;0;1;1;1561;"Fensterheber"
"350103170119";9;7;1;1;2;2;0;100;0;0;1;1;1561;"Fensterheber"
"350103170125";7;4;2;1;1;1;0;100;0;0;0;1;1561;"Fensterheber"
"350103170127";8;6;0;2;2;2;0;100;0;0;1;1;1561;"Fensterheber"
"350103170129";16;9;1;6;1;1;0;100;0;0;0;1;1561;"Fensterheber"
"350103170131";2;1;1;0;1;1;0;100;0;0;0;1;1561;"Fensterheber"
"350103170135";4;1;0;3;1;1;0;100;0;0;0;1;1561;"Fensterheber"
"350103170136";6;4;0;2;1;1;0;100;0;0;0;1;1561;"Fensterheber"
"350103170139";5;3;2;0;1;1;0;100;0;0;0;1;1561;"Fensterheber"
"350103170147";3;2;0;1;1;1;0;100;0;0;1;1;1561;"Fensterheber"
"350103170152";5;3;0;2;1;1;0;100;0;0;0;1;1561;"Fensterheber"
"350103170155";4;3;0;1;1;1;0;100;0;0;0;1;1561;"Fensterheber"
"350103170159";7;6;0;1;4;4;0;100;0;0;0;1;1561;"Fensterheber"
"350103170160";16;13;0;3;8;8;0;100;0;0;0;1;1561;"Fensterheber"
"350103170163";4;3;0;1;2;2;0;100;0;0;0;1;1561;"Fensterheber"
"350103170167";9;7;0;2;2;2;0;100;0;0;1;1;1561;"Fensterheber"
"350103170169";9;8;0;1;6;6;0;100;0;0;0;1;1561;"Fensterheber"
"350103170170";4;3;0;1;1;1;0;100;0;0;0;1;1561;"Fensterheber"
"350103170173";21;17;1;3;4;4;0;100;0;0;0;1;1561;"Fensterheber"
"350103170174";6;3;1;2;1;1;0;100;0;0;0;1;1561;"Fensterheber"
"350103170180";8;2;0;6;3;3;0;100;0;0;1;1;1561;"Fensterheber"
"350103170181";20;11;0;9;1;1;0;100;0;0;0;1;1561;"Fensterheber"
"350103170185";18;13;0;5;3;3;0;100;0;0;1;1;1561;"Fensterheber"
"350103170187";11;4;1;6;2;2;0;100;0;0;0;1;1561;"Fensterheber"
"350103170188";8;5;2;1;2;2;0;100;0;0;0;1;1561;"Fensterheber"
"350103170191";12;4;0;8;2;2;0;100;0;0;1;1;1561;"Fensterheber"
"350103170193";24;21;0;3;10;10;0;100;0;0;0;1;1561;"Fensterheber"
"350103170194";29;23;0;6;6;6;0;100;0;0;0;1;1561;"Fensterheber"
"350103170195";3;2;1;0;1;1;0;100;0;0;0;1;1561;"Fensterheber"
"350103170199";1;1;0;0;1;1;0;100;0;0;1;1;1561;"Fensterheber"
"350103170221";4;3;0;1;1;1;0;100;0;0;0;1;1561;"Fensterheber"
"350103170225";19;15;0;4;5;5;0;100;0;0;0;1;1561;"Fensterheber"
"350103170227";15;14;0;1;3;3;0;100;0;0;0;1;1561;"Fensterheber"
"350103170232";2;1;0;1;1;1;0;100;0;0;0;1;1561;"Fensterheber"
"350103170233";6;4;0;2;1;1;0;100;0;0;0;1;1561;"Fensterheber"
"350103170240";10;8;0;2;1;1;0;100;0;0;0;1;1561;"Fensterheber"
"350103170245";1;1;0;0;1;1;0;100;0;0;0;1;1561;"Fensterheber"
"350103170254";9;8;0;1;1;1;0;100;0;0;1;1;1561;"Fensterheber"
"350103170255";3;2;0;1;2;2;1;100;0;0;1;1;1561;"Fensterheber"
"350103170256";3;2;0;1;2;2;0;100;0;0;1;1;1561;"Fensterheber"
"350103170279";10;8;0;2;2;2;0;100;0;0;1;1;1561;"Fensterheber"
"350103170280";2;2;0;0;1;1;0;100;0;0;1;1;1561;"Fensterheber"
"350103170305";11;8;0;3;2;2;0;100;0;0;1;1;1561;"Fensterheber"
"350103170306";7;6;0;1;1;1;0;100;0;0;1;1;1561;"Fensterheber"
"350103170330";29;23;0;6;4;4;0;100;0;0;0;1;1561;"Fensterheber"
"350103170406";4;4;0;0;1;1;0;100;0;0;1;1;1561;"Fensterheber"
"350103170415";9;8;0;1;1;1;0;100;0;0;0;1;1561;"Fensterheber"
"350103170416";8;7;0;1;2;1;0;50;0;0;1;1;1561;"Fensterheber"
"350103170420";10;9;0;1;2;2;0;100;0;0;0;1;1561;"Fensterheber"
"350103170421";6;3;0;3;1;1;0;100;0;0;0;1;1561;"Fensterheber"
"350103170422";3;3;0;0;1;1;0;100;0;0;0;1;1561;"Fensterheber"
"350103170426";3;2;0;1;1;1;0;100;0;0;1;1;1561;"Fensterheber"
"350103170439";20;17;2;1;5;5;0;100;0;0;0;1;1561;"Fensterheber"
"350103170460";6;6;0;0;1;1;0;100;0;0;0;1;1561;"Fensterheber"
"350103170467";3;3;0;0;2;2;0;100;0;0;1;1;1561;"Fensterheber"
"350103170478";9;9;0;0;2;2;0;100;0;0;1;1;1561;"Fensterheber"
"350103170500";1;1;0;0;2;2;0;100;0;0;0;1;1561;"Fensterheber"
"350103171200";5;5;0;0;1;1;0;100;0;0;0;1;1561;"Fensterheber"
"350103171300";6;5;0;1;1;1;0;100;0;0;0;1;1561;"Fensterheber"
"350103171700";4;4;0;0;1;1;0;100;0;0;1;1;1561;"Fensterheber"
"350103171800";3;2;0;1;1;1;0;100;0;0;1;1;1561;"Fensterheber"
"350103172300";5;4;0;1;1;1;0;100;0;0;1;1;1561;"Fensterheber"
"350103173500";32;30;0;2;11;10;0;90,91;0;0;0;1;1561;"Fensterheber"
"350103173600";54;49;0;5;10;10;0;100;0;0;0;1;1561;"Fensterheber"
"350103174100";7;6;0;1;1;1;0;100;0;0;0;1;1561;"Fensterheber"
"350103174200";30;28;0;2;1;1;0;100;0;0;0;1;1561;"Fensterheber"
"350103175200";16;15;0;1;1;1;0;100;0;0;0;0;1561;"Fensterheber"
"350103179500";13;13;0;0;2;2;0;100;0;0;0;1;1561;"Fensterheber"
"350103179600";4;4;0;0;2;2;0;100;0;0;0;1;1561;"Fensterheber"
"350103180600";2;2;0;0;1;1;0;100;0;0;0;1;1561;"Fensterheber"
"350103181500";9;7;0;2;1;1;0;100;0;0;0;1;1561;"Fensterheber"
"350103181600";4;4;0;0;1;1;0;100;0;0;0;1;1561;"Fensterheber"
"350103187500";25;16;0;9;4;4;0;100;0;0;0;1;1561;"Fensterheber"
"350103187600";15;9;1;5;4;4;0;100;0;0;0;1;1561;"Fensterheber"
"350103188300";1;1;0;0;1;1;0;100;0;0;0;1;1561;"Fensterheber"
"350103190200";6;5;0;1;1;1;0;100;0;0;0;1;1561;"Fensterheber"
"350103192500";5;3;0;2;1;1;0;100;0;0;0;1;1561;"Fensterheber"
"350103193800";1;1;0;0;1;1;0;100;0;0;0;1;1561;"Fensterheber"
"350103194100";6;5;0;1;1;1;0;100;0;0;0;1;1561;"Fensterheber"
"350103194500";27;25;0;2;2;2;0;100;0;0;1;1;1561;"Fensterheber"
"350103195100";12;8;0;4;2;2;0;100;0;0;0;1;1561;"Fensterheber"
"350103199500";23;21;2;0;3;3;0;100;0;0;0;1;1561;"Fensterheber"
"350103201000";10;10;0;0;1;1;0;100;0;0;0;1;1561;"Fensterheber"
"350103201500";2;1;0;1;1;1;0;100;0;0;1;1;1561;"Fensterheber"
"350103202100";16;4;0;12;3;3;0;100;0;0;0;1;1561;"Fensterheber"
"350103204100";3;1;0;2;1;1;0;100;0;0;0;1;1561;"Fensterheber"
"350103207100";28;19;1;8;2;2;0;100;0;0;0;1;1561;"Fensterheber"
"350103207200";30;24;1;5;1;1;0;100;0;0;0;1;1561;"Fensterheber"
"350103207300";4;4;0;0;1;1;0;100;0;0;0;1;1561;"Fensterheber"
"350103208100";6;2;0;4;2;2;0;100;0;0;0;1;1561;"Fensterheber"
"350103210100";3;2;0;1;1;1;0;100;0;0;0;1;1561;"Fensterheber"
"350103211800";2;2;0;0;1;1;0;100;0;0;0;1;1561;"Fensterheber"
"350103215200";5;5;0;0;1;1;0;100;0;0;0;1;1561;"Fensterheber"
"350103216500";7;3;0;4;1;1;0;100;0;0;0;1;1561;"Fensterheber"
"350103217800";1;1;0;0;1;1;0;100;0;0;0;1;1561;"Fensterheber"
"350103228000";4;4;0;0;1;1;0;100;0;0;0;1;1561;"Fensterheber"
"350103229000";6;6;0;0;1;1;0;100;0;0;0;1;1561;"Fensterheber"
"350103246000";4;4;0;0;2;2;0;100;0;0;0;1;1561;"Fensterheber"
"350103258100";13;11;0;2;1;1;0;100;0;0;1;1;1561;"Fensterheber"
"350103258200";5;3;0;2;2;2;0;100;0;0;1;1;1561;"Fensterheber"
"350103264000";2;2;0;0;1;1;0;100;0;0;0;1;1561;"Fensterheber"
"350103265000";9;7;0;2;2;2;0;100;0;0;0;1;1561;"Fensterheber"
"350103317000";5;5;0;0;2;2;0;100;0;0;1;1;1561;"Fensterheber"
"350103318000";8;7;1;0;2;2;0;100;0;0;1;1;1561;"Fensterheber"
"350103337000";14;12;0;2;3;3;0;100;0;0;0;1;1561;"Fensterheber"
"350103338000";6;6;0;0;3;3;0;100;0;0;0;1;1561;"Fensterheber"
"350103342000";6;6;0;0;2;2;0;100;0;0;0;1;1561;"Fensterheber"
"350103362000";3;3;0;0;2;2;0;100;0;0;0;1;1561;"Fensterheber"
"350103387000";6;6;0;0;1;1;0;100;0;0;0;1;1561;"Fensterheber"
"350103407000";21;19;0;2;2;2;0;100;0;0;0;1;1561;"Fensterheber"
"350103408000";21;21;0;0;1;1;0;100;0;0;0;1;1561;"Fensterheber"
"350103427000";4;4;0;0;1;1;0;100;0;0;0;1;1561;"Fensterheber"
"350103433000";5;5;0;0;1;1;0;100;0;0;0;1;1561;"Fensterheber"
"350103434000";6;6;0;0;1;1;0;100;0;0;0;1;1561;"Fensterheber"
"350103459000";6;6;0;0;1;1;0;100;0;0;0;1;1561;"Fensterheber"
"350103477000";2;1;0;1;1;1;0;100;0;0;0;1;1561;"Fensterheber"
"350103484000";4;4;0;0;1;1;0;100;0;0;0;1;1561;"Fensterheber"
"350103491000";14;14;0;0;2;2;0;100;0;0;0;1;1561;"Fensterheber"
"350103501000";2;2;0;0;2;2;0;100;0;0;0;1;1561;"Fensterheber"
"350103552000";11;11;0;0;2;2;0;100;0;0;0;1;1561;"Fensterheber"
"350103559000";4;4;0;0;1;1;0;100;0;0;0;1;1561;"Fensterheber"
"350103579000";6;6;0;0;2;2;0;100;0;0;0;1;1561;"Fensterheber"
"350103583000";1;1;0;0;1;1;0;100;0;0;0;1;1561;"Fensterheber"
"350103587000";5;4;0;1;2;2;0;100;0;0;0;1;1561;"Fensterheber"
"350103596000";1;1;0;0;1;1;0;100;0;0;0;1;1561;"Fensterheber"
"350103598000";4;4;0;0;1;1;0;100;0;0;0;1;1561;"Fensterheber"
"350103623000";10;8;0;2;1;1;0;100;0;0;0;1;1561;"Fensterheber"
"350103627000";3;3;0;0;1;1;0;100;0;0;0;1;1561;"Fensterheber"
"350103629000";6;5;0;1;1;1;0;100;0;0;0;1;1561;"Fensterheber"
"350103632000";2;2;0;0;1;1;0;100;0;0;0;1;1561;"Fensterheber"
"350103635000";10;10;0;0;1;1;0;100;0;0;0;1;1561;"Fensterheber"
"350103636000";4;4;0;0;1;1;0;100;0;0;0;1;1561;"Fensterheber"
"350103647000";26;25;0;1;6;6;0;100;0;0;0;1;1561;"Fensterheber"
"350103648000";21;20;0;1;2;2;0;100;0;0;1;1;1561;"Fensterheber"
"350103650000";2;2;0;0;1;1;0;100;0;0;0;1;1561;"Fensterheber"
"350103659000";7;5;0;2;2;2;0;100;0;0;0;1;1561;"Fensterheber"
"350103703000";3;3;0;0;1;1;0;100;0;0;0;1;1561;"Fensterheber"
"350103705000";4;4;0;0;1;1;0;100;0;0;0;1;1561;"Fensterheber"
"350103711000";25;23;0;2;9;9;0;100;0;0;0;1;1561;"Fensterheber"
"350103712000";4;4;0;0;2;2;0;100;0;0;0;1;1561;"Fensterheber"
"350103717000";5;5;0;0;1;1;0;100;0;0;0;1;1561;"Fensterheber"
"350103720000";1;1;0;0;1;1;0;100;0;0;0;1;1561;"Fensterheber"
"350103721000";4;4;0;0;1;1;0;100;0;0;0;1;1561;"Fensterheber"
"350103723000";8;8;0;0;1;1;0;100;0;0;0;1;1561;"Fensterheber"
"350103725000";8;8;0;0;5;3;0;60;0;0;0;1;1561;"Fensterheber"
"350103731000";8;8;0;0;5;5;0;100;0;0;1;1;1561;"Fensterheber"
"350103732000";2;2;0;0;1;1;0;100;0;0;0;1;1561;"Fensterheber"
"350103733000";5;4;0;1;1;1;0;100;0;0;1;1;1561;"Fensterheber"
"350103735000";9;9;0;0;5;5;0;100;0;0;0;1;1561;"Fensterheber"
"350103736000";14;12;0;2;2;1;0;50;0;0;0;1;1561;"Fensterheber"
"350103743000";36;35;0;1;9;9;0;100;0;0;0;1;1561;"Fensterheber"
"350103744000";22;22;0;0;6;5;0;83,33;0;0;0;1;1561;"Fensterheber"
"350103745000";10;10;0;0;1;1;0;100;0;0;0;1;1561;"Fensterheber"
"350103751000";1;1;0;0;1;1;0;100;0;0;0;1;1561;"Fensterheber"
"350103753000";8;8;0;0;4;3;0;75;0;0;0;1;1561;"Fensterheber"
"350103754000";21;21;0;0;5;5;0;100;0;0;0;1;1561;"Fensterheber"
"350103759000";6;6;0;0;1;1;0;100;0;0;0;1;1561;"Fensterheber"
"350103769000";2;2;0;0;1;1;0;100;0;0;0;1;1561;"Fensterheber"
"350103770000";2;2;0;0;1;1;0;100;0;0;0;1;1561;"Fensterheber"
"350103772000";2;2;0;0;1;1;0;100;0;0;0;1;1561;"Fensterheber"
"350103773000";11;11;0;0;5;5;0;100;0;0;0;1;1561;"Fensterheber"
"350103779000";4;4;0;0;2;2;0;100;0;0;0;1;1561;"Fensterheber"
"350103781000";2;2;0;0;1;1;0;100;0;0;0;1;1561;"Fensterheber"
"350103785000";5;5;0;0;1;1;0;100;0;0;0;1;1561;"Fensterheber"
"350103786000";5;5;0;0;1;1;0;100;0;0;0;1;1561;"Fensterheber"
"350103803000";18;16;0;2;1;1;0;100;0;0;0;1;1561;"Fensterheber"
"350103823000";7;6;0;1;2;2;0;100;0;0;0;1;1561;"Fensterheber"
"350103824000";5;4;0;1;1;1;0;100;0;0;0;1;1561;"Fensterheber"
"350103833000";26;24;0;2;11;10;0;90,91;0;0;0;1;1561;"Fensterheber"
"350103834000";4;4;0;0;1;1;0;100;0;0;0;1;1561;"Fensterheber"
"350103843000";1;1;0;0;1;1;0;100;0;0;0;1;1561;"Fensterheber"
"350103845000";22;21;0;1;4;4;0;100;0;0;0;1;1561;"Fensterheber"
"350103846000";12;12;0;0;2;2;0;100;0;0;0;1;1561;"Fensterheber"
"350103848000";2;2;0;0;2;2;0;100;0;0;0;1;1561;"Fensterheber"
"350103849000";11;11;0;0;2;2;0;100;0;0;0;1;1561;"Fensterheber"
"350103853000";3;3;0;0;3;3;0;100;0;0;0;1;1561;"Fensterheber"
"350103856000";17;16;0;1;5;5;0;100;0;0;0;1;1561;"Fensterheber"
"350103857000";6;6;0;0;1;1;0;100;0;0;0;1;1561;"Fensterheber"
"350103859000";10;8;0;2;1;1;0;100;0;0;0;1;1561;"Fensterheber"
"350103862000";4;4;0;0;1;1;0;100;0;0;0;1;1561;"Fensterheber"
"350103865000";2;2;0;0;1;1;0;100;0;0;0;1;1561;"Fensterheber"
"350103865000MAN";1;1;0;0;1;1;0;100;0;0;0;0;1561;"Fensterheber"
"350103867000";4;4;0;0;1;1;0;100;0;0;0;1;1561;"Fensterheber"
"350103869000";4;4;0;0;1;1;0;100;0;0;0;1;1561;"Fensterheber"
"350103874000";3;3;0;0;2;2;0;100;0;0;0;1;1561;"Fensterheber"
"350103881000";4;4;0;0;1;1;0;100;0;0;0;1;1561;"Fensterheber"
"350103882000";3;3;0;0;1;1;0;100;0;0;0;1;1561;"Fensterheber"
"350103884000";2;2;0;0;1;1;0;100;0;0;0;1;1561;"Fensterheber"
"350103885000";2;2;0;0;1;1;0;100;0;0;0;1;1561;"Fensterheber"
"350103889000";5;5;0;0;2;2;0;100;0;0;0;1;1561;"Fensterheber"
"350103890000";3;3;0;0;1;1;0;100;0;0;0;1;1561;"Fensterheber"
"350103906000";1;1;0;0;1;1;0;100;0;0;0;1;1561;"Fensterheber"
"350103911000";15;15;0;0;3;2;0;66,67;0;0;0;1;1561;"Fensterheber"
"350103912000";2;2;0;0;1;1;0;100;0;0;0;1;1561;"Fensterheber"
"350103914000";1;1;0;0;1;1;0;100;0;0;0;1;1561;"Fensterheber"
"350103915000";27;27;0;0;4;4;0;100;0;0;0;1;1561;"Fensterheber"
"350103919000";10;8;0;2;2;2;0;100;0;0;0;1;1561;"Fensterheber"
"350103929000";5;5;0;0;1;1;0;100;0;0;0;1;1561;"Fensterheber"
"350103933000";4;4;0;0;3;3;0;100;0;0;0;1;1561;"Fensterheber"
"350103934000";5;5;0;0;1;1;0;100;0;0;0;1;1561;"Fensterheber"
"350103935000";4;4;0;0;2;2;0;100;0;0;0;1;1561;"Fensterheber"
"350103940000";3;3;0;0;1;1;0;100;0;0;0;1;1561;"Fensterheber"
"350103941000";13;13;0;0;5;4;0;80;0;0;0;1;1561;"Fensterheber"
"350103942000";17;17;0;0;5;4;0;80;0;0;0;1;1561;"Fensterheber"
"350103959000";5;5;0;0;1;1;0;100;0;0;0;1;1561;"Fensterheber"
"350103963000";7;7;0;0;1;1;0;100;0;0;0;1;1561;"Fensterheber"
"350103969000";2;2;0;0;1;1;0;100;0;0;0;1;1561;"Fensterheber"
"350103971000";10;9;0;1;1;1;0;100;0;0;0;1;1561;"Fensterheber"
"350103985000";2;2;0;0;1;1;0;100;0;0;0;1;1561;"Fensterheber"
"350103987000";3;3;0;0;1;1;0;100;0;0;0;1;1561;"Fensterheber"
"350104170713";4;2;0;2;2;2;0;100;0;0;0;1;1561;"Fensterheber"
"35421103";4;2;0;2;1;1;0;100;0;0;0;1;1561;"Fensterheber"
"357837461";9;7;0;2;1;1;0;100;1;0;1;0;1561;"Fensterheber"
"3701261";13;13;0;0;1;1;0;100;0;0;0;1;1561;"Fensterheber"
"3701262";10;9;0;1;1;1;0;100;0;0;0;1;1561;"Fensterheber"
"3742267";14;14;0;0;6;6;0;100;0;0;0;1;1561;"Fensterheber"
"3742268";11;11;0;0;5;4;0;80;0;0;0;1;1561;"Fensterheber"
"3745261";17;13;0;4;1;1;0;100;0;0;0;1;1561;"Fensterheber"
"3745265";32;32;0;0;2;1;0;50;0;0;0;1;1561;"Fensterheber"
"3745265VAN";1;1;0;0;1;1;0;100;0;0;0;0;1561;"Fensterheber"
"3749261";14;14;0;0;1;1;0;100;0;0;0;1;1561;"Fensterheber"
"3750268";29;29;0;0;8;8;0;100;0;0;0;1;1561;"Fensterheber"
"3768261";5;5;0;0;1;1;0;100;0;0;0;1;1561;"Fensterheber"
"377879";3;3;0;0;1;1;0;100;0;0;0;0;1561;"Fensterheber"
"377882";5;5;0;0;2;2;0;100;0;0;0;0;1561;"Fensterheber"
"3781227";85;41;1;43;13;13;0;100;0;0;0;1;1561;"Fensterheber"
"3781228";41;21;2;18;3;2;0;66,67;0;0;0;1;1561;"Fensterheber"
"3781266";1;1;0;0;1;1;0;100;0;0;0;1;1561;"Fensterheber"
"3781268";23;23;0;0;5;5;0;100;0;0;0;1;1561;"Fensterheber"
"3790267";14;14;0;0;3;3;0;100;0;0;0;1;1561;"Fensterheber"
"3790268";16;15;1;0;4;4;0;100;0;0;0;1;1561;"Fensterheber"
"3794261";48;48;0;0;12;12;0;100;0;0;0;1;1561;"Fensterheber"
"3794262";17;17;0;0;8;8;0;100;0;0;0;1;1561;"Fensterheber"
"3799261";12;12;0;0;3;3;0;100;0;0;0;1;1561;"Fensterheber"
"3799263";41;37;0;4;9;9;0;100;0;0;0;1;1561;"Fensterheber"
"3799264";25;21;0;4;2;2;0;100;0;0;0;1;1561;"Fensterheber"
"3800178";6;6;0;0;1;1;0;100;0;0;0;0;1561;"Fensterheber"
"3800181";81;61;0;20;2;1;0;50;1;0;1;0;1561;"Fensterheber"
"3800182";137;104;1;32;3;3;0;100;1;0;1;0;1561;"Fensterheber"
"384905";6;6;0;0;4;4;0;100;0;0;0;0;1561;"Fensterheber"
"3850262";8;7;0;1;1;1;0;100;0;0;0;1;1561;"Fensterheber"
"385056";13;10;0;3;1;1;0;100;0;0;0;1;1561;"Fensterheber"
"386115";7;7;0;0;1;1;0;100;0;0;0;0;1561;"Fensterheber"
"389891";5;4;1;0;1;1;0;100;0;0;0;0;1561;"Fensterheber"
"389929";5;5;0;0;1;1;0;100;0;0;0;0;1561;"Fensterheber"
"390099";21;21;0;0;7;1;0;14,29;0;0;0;0;1561;"Fensterheber"
"390133";38;37;1;0;9;1;0;11,11;0;0;0;0;1561;"Fensterheber"
"390140";47;46;0;1;15;1;0;6,67;0;0;0;0;1561;"Fensterheber"
"390145";41;41;0;0;20;1;0;5;0;0;0;0;1561;"Fensterheber"
"390151";18;18;0;0;6;1;0;16,67;0;0;0;0;1561;"Fensterheber"
"390152";12;12;0;0;3;1;0;33,33;0;0;0;0;1561;"Fensterheber"
"390162";17;17;0;0;3;2;0;66,67;0;0;0;0;1561;"Fensterheber"
"390171";6;6;0;0;1;1;0;100;0;0;0;0;1561;"Fensterheber"
"39030321";1860;1782;1;77;612;1;0;0,16;0;0;0;0;1561;"Fensterheber"
"39035998";1;1;0;0;1;1;0;100;0;0;0;0;1561;"Fensterheber"
"39142320";5;1;0;4;1;1;0;100;0;0;0;1;1561;"Fensterheber"
"39161985";80;76;0;4;8;8;1;100;1;0;1;0;1561;"Fensterheber"
"39161986";113;102;3;8;20;19;0;95;1;0;1;0;1561;"Fensterheber"
"39161989";50;40;2;8;7;7;0;100;1;0;1;0;1561;"Fensterheber"
"39161990";33;27;2;4;8;8;0;100;1;0;1;0;1561;"Fensterheber"
"39227502";5;3;0;2;1;1;0;100;0;0;0;0;1561;"Fensterheber"
"396321111";11;10;0;1;1;1;0;100;0;0;0;1;1561;"Fensterheber"
"39812111";1;1;0;0;1;1;0;100;0;0;0;1;1561;"Fensterheber"
"3A0837401B";65;57;2;6;7;7;0;100;1;0;0;0;1561;"Fensterheber"
"3A0837461";99;81;1;17;9;8;0;88,89;1;0;1;0;1561;"Fensterheber"
"3A0837461MG";3;3;0;0;1;1;0;100;0;0;0;0;1561;"Fensterheber"
"3A0837462";18;12;0;6;1;1;0;100;1;0;1;0;1561;"Fensterheber"
"3A0837462MG";1;1;0;0;1;1;0;100;0;0;0;0;1561;"Fensterheber"
"3AA837461B";89;85;0;4;15;14;0;93,33;1;0;1;0;1561;"Fensterheber"
"3AA837461C";31;25;5;1;2;2;0;100;1;0;0;0;1561;"Fensterheber"
"3AA837462B";44;44;0;0;6;6;0;100;1;0;1;0;1561;"Fensterheber"
"3AA837462C";34;14;9;11;1;1;0;100;1;0;0;0;1561;"Fensterheber"
"3AF839461B";8;8;0;0;1;1;0;100;1;0;1;0;1561;"Fensterheber"
"3AF839461C";153;112;2;39;6;6;0;100;1;0;1;0;1561;"Fensterheber"
"3AF839462B";7;5;0;2;1;1;0;100;1;0;1;0;1561;"Fensterheber"
"3AF839462C";128;89;0;39;11;11;0;100;1;0;1;0;1561;"Fensterheber"
"3B0837462";7;7;0;0;1;1;0;100;1;0;0;0;1561;"Fensterheber"
"3B1837461";1210;1170;0;40;282;208;0;73,76;1;0;1;1;1561;"Fensterheber"
"3B1837462";836;807;0;29;234;159;3;67,95;1;0;1;1;1561;"Fensterheber"
"3B1837655AB";2;1;0;1;1;1;0;100;1;0;0;0;1561;"Fensterheber"
"3B5839461";12;9;0;3;1;1;0;100;1;0;0;0;1561;"Fensterheber"
"3B5839461A";256;227;1;28;23;23;1;100;1;0;1;0;1561;"Fensterheber"
"3B5839462A";237;200;0;37;18;18;1;100;1;0;1;0;1561;"Fensterheber"
"3B5839656C";33;27;1;5;3;3;0;100;1;0;0;0;1561;"Fensterheber"
"3B9839461A";181;173;0;8;30;26;1;86,67;1;0;1;0;1561;"Fensterheber"
"3B9839462A";151;144;0;7;21;18;1;85,71;1;0;1;0;1561;"Fensterheber"
"3C1837461F";2;2;0;0;1;1;0;100;0;0;1;0;1561;"Fensterheber"
"3C1837461H";254;244;0;10;32;29;0;90,63;0;0;1;0;1561;"Fensterheber"
"3C1837461L";145;143;0;2;12;11;0;91,67;1;0;1;0;1561;"Fensterheber"
"3C1837462H";199;194;0;5;32;17;0;53,13;0;0;1;0;1561;"Fensterheber"
"3C1837462L";65;61;0;4;2;2;0;100;1;0;1;0;1561;"Fensterheber"
"3C5839461J";86;83;0;3;9;8;2;88,89;1;0;1;0;1561;"Fensterheber"
"3C5839461K";22;19;0;3;1;1;0;100;1;0;0;0;1561;"Fensterheber"
"3C5839462G";3;3;0;0;1;1;0;100;1;0;1;0;1561;"Fensterheber"
"3C5839462J";71;65;1;5;7;5;0;71,43;1;0;1;0;1561;"Fensterheber"
"3C9839461L";263;239;0;24;19;18;0;94,74;1;0;1;0;1561;"Fensterheber"
"3C9839462L";167;159;0;8;15;15;0;100;1;0;1;0;1561;"Fensterheber"
"3G0837461C";43;40;1;2;1;1;0;100;1;0;0;0;1561;"Fensterheber"
"3G0837462C";19;18;0;1;2;1;0;50;1;0;0;0;1561;"Fensterheber"
"3G5839461B";6;4;1;1;1;1;0;100;1;0;1;0;1561;"Fensterheber"
"3G9839462B";14;13;0;1;1;1;0;100;1;0;1;0;1561;"Fensterheber"
"3T0837461";12;9;1;2;1;1;0;100;1;0;0;0;1561;"Fensterheber"
"3T0837461A";348;324;5;19;68;65;0;95,59;1;0;1;0;1561;"Fensterheber"
"3T0837462";4;3;0;1;1;1;0;100;1;0;0;0;1561;"Fensterheber"
"3T0837462A";239;217;4;18;48;47;0;97,92;1;0;1;0;1561;"Fensterheber"
"3T0839462";11;10;0;1;1;1;0;100;1;0;0;0;1561;"Fensterheber"
"3U5839462";26;18;0;8;1;1;0;100;1;0;0;0;1561;"Fensterheber"
"3V0837461A";91;77;1;13;3;3;0;100;1;0;0;0;1561;"Fensterheber"
"3V0837462A";57;37;5;15;1;1;0;100;1;0;0;0;1561;"Fensterheber"
"40011103";4;4;0;0;2;2;0;100;0;0;0;1;1561;"Fensterheber"
"4014859";3;2;0;1;1;1;0;100;0;0;0;1;1561;"Fensterheber"
"4028267";17;17;0;0;4;4;0;100;0;0;0;1;1561;"Fensterheber"
"4030262";28;3;1;24;1;1;0;100;0;0;0;1;1561;"Fensterheber"
"4030265";64;41;0;23;1;1;0;100;0;0;0;1;1561;"Fensterheber"
"4030266";42;23;0;19;2;2;0;100;0;0;0;1;1561;"Fensterheber"
"4034261";10;10;0;0;1;1;0;100;0;0;0;1;1561;"Fensterheber"
"4034262";10;10;0;0;1;1;0;100;0;0;0;1;1561;"Fensterheber"
"4034266";6;6;0;0;1;1;0;100;0;0;0;1;1561;"Fensterheber"
"4034267";9;9;0;0;2;2;0;100;0;0;0;1;1561;"Fensterheber"
"4034268";13;13;0;0;2;2;0;100;0;0;0;1;1561;"Fensterheber"
"4035263";6;6;0;0;1;1;0;100;0;0;0;1;1561;"Fensterheber"
"4042261";10;9;0;1;1;1;0;100;0;0;0;1;1561;"Fensterheber"
"4047266";1;1;0;0;1;1;0;100;0;0;0;1;1561;"Fensterheber"
"4060261";6;6;0;0;2;2;0;100;0;0;0;1;1561;"Fensterheber"
"406194";7;5;2;0;2;2;0;100;0;0;0;0;1561;"Fensterheber"
"406195";10;7;1;2;3;3;0;100;0;0;0;0;1561;"Fensterheber"
"406196";2;2;0;0;3;3;0;100;0;0;0;0;1561;"Fensterheber"
"406373";1;1;0;0;1;1;0;100;0;0;0;0;1561;"Fensterheber"
"4068261";51;49;0;2;10;10;0;100;0;0;0;1;1561;"Fensterheber"
"4068262";46;40;0;6;13;13;0;100;0;0;0;1;1561;"Fensterheber"
"4068262VAN";4;4;0;0;1;1;0;100;0;0;0;0;1561;"Fensterheber"
"4068263";49;46;1;2;15;15;0;100;0;0;0;1;1561;"Fensterheber"
"4068264";54;48;1;5;7;7;0;100;0;0;0;1;1561;"Fensterheber"
"4077926";16;10;1;5;1;1;0;100;1;0;1;0;1561;"Fensterheber"
"4081261";38;30;1;7;1;1;0;100;0;0;0;1;1561;"Fensterheber"
"417021";6;5;0;1;1;1;0;100;0;0;0;0;1561;"Fensterheber"
"417803";3;3;0;0;1;1;0;100;0;0;0;0;1561;"Fensterheber"
"417823";1;1;0;0;2;2;0;100;0;0;0;0;1561;"Fensterheber"
"417976";11;11;0;0;1;1;0;100;0;0;0;0;1561;"Fensterheber"
"423019";6;6;0;0;1;1;0;100;0;0;0;0;1561;"Fensterheber"
"424461";12;12;0;0;3;1;0;33,33;0;0;0;0;1561;"Fensterheber"
"42574134";72;67;0;5;4;4;0;100;0;0;0;0;1561;"Fensterheber"
"42594588";64;6;0;58;2;2;0;100;0;0;0;0;1561;"Fensterheber"
"430844";8;8;0;0;1;1;0;100;0;0;0;0;1561;"Fensterheber"
"430846";14;14;0;0;2;2;0;100;0;0;0;0;1561;"Fensterheber"
"4311PSE1";4;4;0;0;1;1;0;100;0;0;0;1;1561;"Fensterheber"
"4323268";2;2;0;0;1;1;0;100;0;0;0;1;1561;"Fensterheber"
"4324261";6;6;0;0;1;1;0;100;0;0;0;1;1561;"Fensterheber"
"4324262";5;5;0;0;1;1;0;100;0;0;0;1;1561;"Fensterheber"
"4324264";2;2;0;0;1;1;0;100;0;0;0;1;1561;"Fensterheber"
"4324265";8;8;0;0;1;1;0;100;0;0;0;1;1561;"Fensterheber"
"4324266";7;6;0;1;1;1;0;100;0;0;0;1;1561;"Fensterheber"
"4327263";27;27;0;0;6;6;0;100;0;0;0;1;1561;"Fensterheber"
"4327266";4;4;0;0;1;1;0;100;0;0;0;1;1561;"Fensterheber"
"4327267";65;63;0;2;14;12;0;85,71;0;0;0;1;1561;"Fensterheber"
"4327271";13;11;0;2;2;2;0;100;0;0;0;1;1561;"Fensterheber"
"4328261";15;15;0;0;4;4;0;100;0;0;0;1;1561;"Fensterheber"
"4328262";17;17;0;0;3;3;0;100;0;0;0;1;1561;"Fensterheber"
"4328263";9;9;0;0;2;2;0;100;0;0;0;1;1561;"Fensterheber"
"4328264";13;13;0;0;3;3;0;100;0;0;0;1;1561;"Fensterheber"
"4328266";21;21;0;0;2;2;0;100;0;0;0;1;1561;"Fensterheber"
"4328267";5;5;0;0;1;1;0;100;0;0;0;1;1561;"Fensterheber"
"4331263";14;14;0;0;3;3;0;100;0;0;0;1;1561;"Fensterheber"
"4331264";9;9;0;0;1;1;0;100;0;0;0;1;1561;"Fensterheber"
"4331267";20;20;0;0;3;3;0;100;0;0;0;1;1561;"Fensterheber"
"4332261";22;20;0;2;2;2;0;100;0;0;0;1;1561;"Fensterheber"
"4332263";64;62;0;2;10;10;0;100;0;0;0;1;1561;"Fensterheber"
"4332264";3;3;0;0;1;1;0;100;0;0;0;1;1561;"Fensterheber"
"4339231";5;2;0;3;1;1;0;100;0;0;0;1;1561;"Fensterheber"
"4339261";43;43;0;0;7;7;0;100;0;0;0;1;1561;"Fensterheber"
"4339262";21;21;0;0;3;3;0;100;0;0;0;1;1561;"Fensterheber"
"4339263";28;27;0;1;6;6;0;100;0;0;0;1;1561;"Fensterheber"
"4339264";18;17;0;1;1;1;0;100;0;0;0;1;1561;"Fensterheber"
"4339267";39;35;0;4;4;4;0;100;0;0;0;1;1561;"Fensterheber"
"4339268";2;2;0;0;1;1;0;100;0;0;0;1;1561;"Fensterheber"
"4343261";44;43;0;1;11;11;0;100;0;0;0;1;1561;"Fensterheber"
"4343261VAN";1;1;0;0;1;1;0;100;0;0;0;0;1561;"Fensterheber"
"4343262";54;54;0;0;12;12;0;100;0;0;0;1;1561;"Fensterheber"
"4348263";3;3;0;0;1;1;0;100;0;0;0;1;1561;"Fensterheber"
"4348265";15;15;0;0;5;5;0;100;0;0;0;1;1561;"Fensterheber"
"4348266";7;6;0;1;3;3;0;100;0;0;0;1;1561;"Fensterheber"
"4348268";5;5;0;0;2;2;0;100;0;0;0;1;1561;"Fensterheber"
"4362261";38;38;0;0;6;6;0;100;0;0;0;1;1561;"Fensterheber"
"4362262";22;21;1;0;3;3;0;100;0;0;0;1;1561;"Fensterheber"
"4362265";14;9;0;5;1;1;0;100;0;0;0;1;1561;"Fensterheber"
"4362266";20;11;0;9;2;2;0;100;0;0;0;1;1561;"Fensterheber"
"4366261";45;44;0;1;8;8;0;100;0;0;0;1;1561;"Fensterheber"
"4366261VWA";1;1;0;0;1;1;0;100;0;0;0;0;1561;"Fensterheber"
"4366266";26;26;0;0;5;5;0;100;0;0;0;1;1561;"Fensterheber"
"4373261";7;7;0;0;1;1;0;100;0;0;0;1;1561;"Fensterheber"
"4375263";8;8;0;0;2;1;0;50;0;0;0;1;1561;"Fensterheber"
"4377261";40;39;0;1;11;10;0;90,91;0;0;0;1;1561;"Fensterheber"
"4377262";25;25;0;0;8;5;0;62,50;0;0;0;1;1561;"Fensterheber"
"4378261";2;2;0;0;1;1;0;100;0;0;0;1;1561;"Fensterheber"
"4386262";3;3;0;0;1;1;0;100;0;0;0;1;1561;"Fensterheber"
"44084L";1;1;0;0;1;1;0;100;0;0;0;0;1561;"Fensterheber"
"4408554";82;72;0;10;28;21;0;75;1;0;1;0;1561;"Fensterheber"
"4408555";28;26;0;2;7;7;0;100;1;0;1;0;1561;"Fensterheber"
"440958";5;4;1;0;1;1;0;100;0;0;0;0;1561;"Fensterheber"
"441652";4;4;0;0;1;1;0;100;0;0;0;0;1561;"Fensterheber"
"441659";7;7;0;0;1;1;0;100;0;0;0;0;1561;"Fensterheber"
"441921";1;1;0;0;1;1;0;100;0;0;0;0;1561;"Fensterheber"
"441927";2;1;0;1;1;1;0;100;0;0;0;0;1561;"Fensterheber"
"4420302";10;10;0;0;1;1;0;100;1;0;0;0;1561;"Fensterheber"
"443261";2;2;0;0;1;1;0;100;0;0;0;0;1561;"Fensterheber"
"443262";6;6;0;0;4;1;0;25;0;0;0;0;1561;"Fensterheber"
"4437554";2;2;0;0;1;1;0;100;1;0;0;0;1561;"Fensterheber"
"443837397D";21;17;0;4;4;4;0;100;1;0;1;0;1561;"Fensterheber"
"443837398D";5;5;0;0;1;1;0;100;0;0;1;0;1561;"Fensterheber"
"4458244";44;37;0;7;5;5;0;100;1;0;0;0;1561;"Fensterheber"
"4458247";50;46;0;4;5;4;0;80;1;0;0;0;1561;"Fensterheber"
"448373";6;6;0;0;1;1;0;100;0;0;0;0;1561;"Fensterheber"
"448389";6;6;0;0;1;1;0;100;0;0;0;0;1561;"Fensterheber"
"448405";1;1;0;0;1;1;0;100;0;0;0;0;1561;"Fensterheber"
"448407";5;5;0;0;1;1;0;100;0;0;0;0;1561;"Fensterheber"
"448440";9;7;0;2;2;1;0;50;0;0;0;0;1561;"Fensterheber"
"448488";3;3;0;0;1;1;0;100;0;0;0;0;1561;"Fensterheber"
"448498";4;3;1;0;2;2;0;100;0;0;0;0;1561;"Fensterheber"
"448514";3;1;2;0;1;1;0;100;0;0;0;0;1561;"Fensterheber"
"448516";2;2;0;0;2;2;0;100;0;0;0;0;1561;"Fensterheber"
"4500490";3;3;0;0;1;1;0;100;1;0;1;0;1561;"Fensterheber"
"4585";41;40;0;1;6;1;0;16,67;0;0;0;0;1561;"Fensterheber"
"460734";2;2;0;0;1;1;0;100;0;0;0;1;1561;"Fensterheber"
"463373";6;6;0;0;2;2;0;100;0;0;0;1;1561;"Fensterheber"
"4637300746";17;8;0;9;2;2;0;100;1;0;0;0;1561;"Fensterheber"
"4637300946";17;3;0;14;1;1;0;100;0;0;0;0;1561;"Fensterheber"
"46446617";14;14;0;0;1;1;0;100;1;0;1;0;1561;"Fensterheber"
"46446913";10;9;0;1;1;1;0;100;1;0;1;1;1561;"Fensterheber"
"46510629";20;20;0;0;2;1;0;50;1;0;1;1;1561;"Fensterheber"
"46512241";29;28;0;1;1;1;0;100;1;0;1;1;1561;"Fensterheber"
"46512304";42;41;0;1;3;1;0;33,33;1;0;1;1;1561;"Fensterheber"
"46536307";51;48;0;3;8;6;0;75;1;0;1;1;1561;"Fensterheber"
"46536308";64;55;1;8;9;9;0;100;1;0;1;1;1561;"Fensterheber"
"46536311";54;53;0;1;1;1;0;100;1;0;1;0;1561;"Fensterheber"
"46536312";63;60;0;3;4;3;0;75;1;0;1;0;1561;"Fensterheber"
"46559812";15;13;0;2;3;3;3;100;1;0;1;1;1561;"Fensterheber"
"46736434";8;7;0;1;1;1;0;100;1;0;1;1;1561;"Fensterheber"
"46751438";30;26;0;4;3;3;0;100;1;0;1;0;1561;"Fensterheber"
"46751439";29;29;0;0;3;3;0;100;1;0;1;0;1561;"Fensterheber"
"46751870";55;50;0;5;7;7;0;100;1;0;1;0;1561;"Fensterheber"
"46751871";149;145;0;4;29;26;0;89,66;1;0;1;1;1561;"Fensterheber"
"46790323";14;10;0;4;1;1;0;100;1;0;1;1;1561;"Fensterheber"
"46790326";7;7;0;0;1;1;1;100;1;0;1;1;1561;"Fensterheber"
"46803649";41;36;0;5;2;1;0;50;1;0;1;1;1561;"Fensterheber"
"46803650";59;52;0;7;3;3;0;100;1;0;1;1;1561;"Fensterheber"
"46803651";157;154;0;3;26;18;0;69,23;1;0;1;0;1561;"Fensterheber"
"46803652";237;226;0;11;23;20;0;86,96;1;0;1;0;1561;"Fensterheber"
"46803653";23;18;0;5;2;2;0;100;1;0;1;0;1561;"Fensterheber"
"46810676";4;3;0;1;1;1;0;100;1;0;1;0;1561;"Fensterheber"
"46810677";12;12;0;0;1;1;0;100;1;0;1;0;1561;"Fensterheber"
"46831653";31;28;0;3;2;2;0;100;1;0;1;1;1561;"Fensterheber"
"46831654";20;20;0;0;1;1;0;100;1;0;1;1;1561;"Fensterheber"
"46831655";56;56;0;0;6;6;0;100;1;0;1;1;1561;"Fensterheber"
"46841277";45;41;0;4;1;1;1;100;0;0;1;0;1561;"Fensterheber"
"46932111";2;2;0;0;1;1;0;100;0;0;0;1;1561;"Fensterheber"
"471635";3;3;0;0;1;1;0;100;0;0;0;0;1561;"Fensterheber"
"4819032SM";4;3;0;1;1;1;0;100;0;0;0;1;1561;"Fensterheber"
"483318";1;1;0;0;1;1;0;100;0;0;0;0;1561;"Fensterheber"
"48472111";6;2;2;2;1;1;0;100;0;0;0;1;1561;"Fensterheber"
"48572111";7;7;0;0;2;2;0;100;0;0;0;1;1561;"Fensterheber"
"48572121";1;1;0;0;1;1;0;100;0;0;0;1;1561;"Fensterheber"
"4894527AA";44;37;0;7;3;3;0;100;1;0;1;1;1561;"Fensterheber"
"489454";3;3;0;0;1;1;0;100;0;0;0;0;1561;"Fensterheber"
"489465";1;1;0;0;1;1;0;100;0;0;0;0;1561;"Fensterheber"
"490006";3;3;0;0;2;1;0;50;0;0;0;1;1561;"Fensterheber"
"490007";3;3;0;0;1;1;0;100;0;0;0;1;1561;"Fensterheber"
"490031";40;38;0;2;7;1;0;14,29;0;0;0;1;1561;"Fensterheber"
"490038";3;3;0;0;1;1;0;100;0;0;0;1;1561;"Fensterheber"
"490039";3;3;0;0;1;1;0;100;0;0;0;1;1561;"Fensterheber"
"490073";7;7;0;0;4;4;0;100;0;0;0;1;1561;"Fensterheber"
"490100";7;7;0;0;1;1;0;100;0;0;0;1;1561;"Fensterheber"
"490121";1;1;0;0;1;1;0;100;0;0;0;1;1561;"Fensterheber"
"490132";6;6;0;0;2;2;0;100;0;0;0;1;1561;"Fensterheber"
"490140";1;1;0;0;1;1;0;100;0;0;0;1;1561;"Fensterheber"
"490141";8;8;0;0;2;1;0;50;0;0;0;1;1561;"Fensterheber"
"490146";22;21;0;1;3;1;0;33,33;0;0;0;1;1561;"Fensterheber"
"490147";12;12;0;0;2;2;0;100;0;0;0;1;1561;"Fensterheber"
"490160";14;13;0;1;1;1;0;100;0;0;0;1;1561;"Fensterheber"
"490163";8;7;0;1;2;2;0;100;0;0;0;1;1561;"Fensterheber"
"490211";2;2;0;0;1;1;0;100;0;0;0;1;1561;"Fensterheber"
"490262";5;5;0;0;2;1;0;50;0;0;0;1;1561;"Fensterheber"
"490263";2;1;0;1;1;1;0;100;0;0;0;1;1561;"Fensterheber"
"4903262";3;2;0;1;1;1;0;100;0;0;0;0;1561;"Fensterheber"
"490339";4;4;0;0;1;1;0;100;0;0;0;1;1561;"Fensterheber"
"4904261";42;42;0;0;7;7;0;100;0;0;0;1;1561;"Fensterheber"
"4904262";26;26;0;0;6;6;0;100;0;0;0;1;1561;"Fensterheber"
"4904262VAN";3;3;0;0;2;2;0;100;0;0;0;0;1561;"Fensterheber"
"490464";7;7;0;0;2;1;0;50;0;0;0;1;1561;"Fensterheber"
"490516";16;16;0;0;3;1;0;33,33;0;0;0;1;1561;"Fensterheber"
"490517";4;4;0;0;1;1;0;100;0;0;0;1;1561;"Fensterheber"
"490580";17;14;0;3;1;1;0;100;0;0;0;1;1561;"Fensterheber"
"490668";33;32;0;1;10;1;0;10;0;0;0;1;1561;"Fensterheber"
"490684";2;2;0;0;1;1;0;100;0;0;0;1;1561;"Fensterheber"
"490706";18;18;0;0;7;1;0;14,29;0;0;0;1;1561;"Fensterheber"
"490717";8;8;0;0;2;1;0;50;0;0;0;1;1561;"Fensterheber"
"4912263";8;8;0;0;2;2;0;100;0;0;0;1;1561;"Fensterheber"
"4912264";4;4;0;0;1;1;0;100;0;0;0;1;1561;"Fensterheber"
"4912267";9;9;0;0;1;1;0;100;0;0;0;1;1561;"Fensterheber"
"4912268";9;9;0;0;1;1;0;100;0;0;0;1;1561;"Fensterheber"
"4917261";36;36;0;0;8;8;0;100;0;0;0;1;1561;"Fensterheber"
"4917262";8;8;0;0;3;3;0;100;0;0;0;1;1561;"Fensterheber"
"4917263";13;13;0;0;2;2;0;100;0;0;0;1;1561;"Fensterheber"
"4917264";6;6;0;0;2;2;0;100;0;0;0;1;1561;"Fensterheber"
"4917267";21;21;0;0;3;3;0;100;0;0;0;1;1561;"Fensterheber"
"4917268";11;11;0;0;3;3;0;100;0;0;0;1;1561;"Fensterheber"
"4917269";12;12;0;0;1;1;0;100;0;0;0;1;1561;"Fensterheber"
"4917270VWA";1;1;0;0;1;1;0;100;0;0;0;0;1561;"Fensterheber"
"4919261";18;18;0;0;4;4;0;100;0;0;0;1;1561;"Fensterheber"
"4919263";15;15;0;0;2;2;0;100;0;0;0;1;1561;"Fensterheber"
"4919264";12;12;0;0;2;2;0;100;0;0;0;1;1561;"Fensterheber"
"4919265";9;9;0;0;2;2;0;100;0;0;0;1;1561;"Fensterheber"
"4919266";6;6;0;0;2;2;0;100;0;0;0;1;1561;"Fensterheber"
"4933261";15;15;0;0;6;6;0;100;0;0;0;1;1561;"Fensterheber"
"4933262";10;9;0;1;2;2;0;100;0;0;0;1;1561;"Fensterheber"
"4933265";16;16;0;0;4;4;0;100;0;0;0;1;1561;"Fensterheber"
"4941261";86;86;0;0;29;29;0;100;0;0;0;1;1561;"Fensterheber"
"4941262";78;78;0;0;16;16;0;100;0;0;0;1;1561;"Fensterheber"
"4941262VAN";2;2;0;0;1;1;0;100;0;0;0;0;1561;"Fensterheber"
"4941263";18;17;0;1;3;3;0;100;0;0;0;1;1561;"Fensterheber"
"4941264";21;18;2;1;2;2;0;100;0;0;0;1;1561;"Fensterheber"
"49908";26;26;0;0;1;1;0;100;0;0;0;1;1561;"Fensterheber"
"49909";9;9;0;0;1;1;0;100;0;0;0;1;1561;"Fensterheber"
"4A0837461A";25;21;0;4;1;1;0;100;1;0;1;1;1561;"Fensterheber"
"4B0837461";94;88;0;6;18;18;0;100;1;0;0;1;1561;"Fensterheber"
"4B0837461A";61;60;0;1;6;6;0;100;1;0;1;0;1561;"Fensterheber"
"4B0837461C";176;171;0;5;41;35;1;85,37;1;0;1;0;1561;"Fensterheber"
"4B0837461MG";7;7;0;0;1;1;0;100;0;0;0;0;1561;"Fensterheber"
"4B0837462";91;89;0;2;18;18;0;100;1;0;0;1;1561;"Fensterheber"
"4B0837462A";44;43;0;1;4;4;0;100;1;0;1;0;1561;"Fensterheber"
"4B0837462C";102;98;0;4;20;19;0;95;1;0;1;0;1561;"Fensterheber"
"4B0837462MG";4;4;0;0;1;1;0;100;0;0;0;0;1561;"Fensterheber"
"4B0839461";21;18;0;3;3;3;0;100;1;0;1;0;1561;"Fensterheber"
"4B0839462";15;15;0;0;3;3;0;100;1;0;1;0;1561;"Fensterheber"
"4E0837461";5;3;0;2;1;1;0;100;1;0;0;0;1561;"Fensterheber"
"4E0837461B";68;39;7;22;2;2;0;100;1;0;0;0;1561;"Fensterheber"
"4E0837462B";9;5;1;3;2;2;0;100;1;0;0;1;1561;"Fensterheber"
"4F0837461";9;5;0;4;1;1;0;100;0;0;1;1;1561;"Fensterheber"
"4F0837461A";63;59;0;4;5;2;0;40;0;0;1;0;1561;"Fensterheber"
"4F0837461D";213;209;0;4;56;51;0;91,07;1;0;1;0;1561;"Fensterheber"
"4F0837462D";50;45;0;5;5;5;0;100;1;0;1;0;1561;"Fensterheber"
"4F0839461A";6;6;0;0;2;2;0;100;1;0;1;0;1561;"Fensterheber"
"4F0839461B";118;114;1;3;18;18;0;100;1;0;1;0;1561;"Fensterheber"
"4F0839462";26;21;0;5;3;3;0;100;0;0;1;0;1561;"Fensterheber"
"4F0839462A";4;4;0;0;1;1;0;100;1;0;1;0;1561;"Fensterheber"
"4F0839462B";141;134;1;6;36;36;0;100;1;0;1;0;1561;"Fensterheber"
"4G0837461";166;141;1;24;31;29;0;93,55;1;0;1;1;1561;"Fensterheber"
"4G0837462";144;97;0;47;13;9;0;69,23;1;0;1;0;1561;"Fensterheber"
"4G8839461C";5;3;0;2;1;1;0;100;1;0;0;0;1561;"Fensterheber"
"4L0837462A";6;6;0;0;2;2;0;100;1;0;1;0;1561;"Fensterheber"
"4L0837462G";7;5;0;2;1;1;0;100;1;0;0;0;1561;"Fensterheber"
"500039640";37;29;0;8;2;2;0;100;0;0;0;0;1561;"Fensterheber"
"500118";22;22;0;0;14;14;0;100;0;0;0;1;1561;"Fensterheber"
"500119";14;13;0;1;5;5;0;100;0;0;0;1;1561;"Fensterheber"
"500120";12;12;0;0;4;4;0;100;0;0;0;1;1561;"Fensterheber"
"500122";12;12;0;0;4;4;0;100;0;0;0;1;1561;"Fensterheber"
"500123";8;8;0;0;2;1;0;50;0;0;0;1;1561;"Fensterheber"
"500127";6;6;0;0;1;1;0;100;0;0;0;1;1561;"Fensterheber"
"500129";15;15;0;0;3;3;0;100;0;0;0;1;1561;"Fensterheber"
"500130";64;60;1;3;21;4;0;19,05;0;0;0;1;1561;"Fensterheber"
"500131";7;6;0;1;3;3;0;100;0;0;0;1;1561;"Fensterheber"
"500193";5;5;0;0;2;2;0;100;0;0;0;1;1561;"Fensterheber"
"500195";32;31;0;1;14;4;0;28,57;0;0;0;1;1561;"Fensterheber"
"500196";26;26;0;0;3;1;0;33,33;0;0;0;1;1561;"Fensterheber"
"500197";30;30;0;0;5;5;0;100;0;0;0;1;1561;"Fensterheber"
"500198";36;36;0;0;7;7;0;100;0;0;0;1;1561;"Fensterheber"
"500199";19;19;0;0;2;2;0;100;0;0;0;1;1561;"Fensterheber"
"500200";26;24;1;1;3;1;0;33,33;0;0;0;1;1561;"Fensterheber"
"500201";52;52;0;0;10;9;0;90;0;0;0;1;1561;"Fensterheber"
"500203";31;31;0;0;3;3;0;100;0;0;0;1;1561;"Fensterheber"
"500204";35;35;0;0;3;3;0;100;0;0;0;1;1561;"Fensterheber"
"500205";31;31;0;0;9;8;0;88,89;0;0;0;1;1561;"Fensterheber"
"500206";19;18;0;1;6;3;0;50;0;0;0;1;1561;"Fensterheber"
"500207";70;68;0;2;15;2;0;13,33;0;0;0;1;1561;"Fensterheber"
"500208";12;12;0;0;3;3;0;100;0;0;0;1;1561;"Fensterheber"
"500209";20;20;0;0;6;6;0;100;0;0;0;1;1561;"Fensterheber"
"500211";25;25;0;0;11;11;0;100;0;0;0;1;1561;"Fensterheber"
"500212";22;22;0;0;6;6;0;100;0;0;0;1;1561;"Fensterheber"
"500213";32;32;0;0;15;15;0;100;0;0;0;1;1561;"Fensterheber"
"500214";36;36;0;0;7;6;0;85,71;0;0;0;1;1561;"Fensterheber"
"500215";19;19;0;0;6;6;0;100;0;0;0;1;1561;"Fensterheber"
"500216";30;30;0;0;5;5;0;100;0;0;0;1;1561;"Fensterheber"
"500245";39;38;0;1;23;23;0;100;0;0;0;1;1561;"Fensterheber"
"500246";49;49;0;0;20;20;0;100;0;0;0;1;1561;"Fensterheber"
"500248";8;7;0;1;1;1;0;100;0;0;0;1;1561;"Fensterheber"
"500249";12;12;0;0;5;5;0;100;0;0;0;1;1561;"Fensterheber"
"500252";14;14;0;0;1;1;0;100;0;0;0;1;1561;"Fensterheber"
"500253";22;22;0;0;7;7;0;100;0;0;0;1;1561;"Fensterheber"
"500254";23;22;1;0;8;8;0;100;0;0;0;1;1561;"Fensterheber"
"500255";49;49;0;0;6;6;0;100;0;0;0;1;1561;"Fensterheber"
"500257";13;13;0;0;1;1;0;100;0;0;0;1;1561;"Fensterheber"
"500275";8;7;0;1;3;3;0;100;0;0;0;1;1561;"Fensterheber"
"500277";32;31;0;1;7;4;0;57,14;0;0;0;1;1561;"Fensterheber"
"500278";22;22;0;0;7;5;0;71,43;0;0;0;1;1561;"Fensterheber"
"500280";23;23;0;0;1;1;0;100;0;0;0;1;1561;"Fensterheber"
"500282";51;51;0;0;16;15;0;93,75;0;0;0;1;1561;"Fensterheber"
"500283";34;34;0;0;5;4;0;80;0;0;0;1;1561;"Fensterheber"
"500284";105;105;0;0;21;21;0;100;0;0;0;1;1561;"Fensterheber"
"500285";19;16;0;3;3;3;0;100;0;0;0;1;1561;"Fensterheber"
"500288";46;46;0;0;5;5;0;100;0;0;0;1;1561;"Fensterheber"
"500289";48;47;0;1;7;4;0;57,14;0;0;0;1;1561;"Fensterheber"
"500290";39;37;0;2;13;13;0;100;0;0;0;1;1561;"Fensterheber"
"500291";43;42;0;1;8;8;0;100;0;0;0;1;1561;"Fensterheber"
"500292";61;61;0;0;13;12;0;92,31;0;0;0;1;1561;"Fensterheber"
"500293";39;39;0;0;9;8;0;88,89;0;0;0;1;1561;"Fensterheber"
"500294";52;52;0;0;28;28;0;100;0;0;0;1;1561;"Fensterheber"
"500295";25;24;0;1;12;12;0;100;0;0;0;1;1561;"Fensterheber"
"500296";11;11;0;0;4;3;0;75;0;0;0;1;1561;"Fensterheber"
"500297";15;15;0;0;1;1;0;100;0;0;0;1;1561;"Fensterheber"
"500298";43;43;0;0;17;17;0;100;0;0;0;1;1561;"Fensterheber"
"500299";37;36;0;1;17;15;0;88,24;0;0;0;1;1561;"Fensterheber"
"500304";12;11;0;1;2;2;0;100;0;0;0;1;1561;"Fensterheber"
"500306";35;35;0;0;14;14;0;100;0;0;0;1;1561;"Fensterheber"
"500307";42;40;0;2;20;20;0;100;0;0;0;1;1561;"Fensterheber"
"500308";39;39;0;0;12;12;0;100;0;0;0;1;1561;"Fensterheber"
"500309";28;28;0;0;11;11;0;100;0;0;0;1;1561;"Fensterheber"
"500310";9;9;0;0;1;1;0;100;0;0;0;1;1561;"Fensterheber"
"500311";7;7;0;0;1;1;0;100;0;0;0;1;1561;"Fensterheber"
"500312";113;111;0;2;56;56;0;100;0;0;0;1;1561;"Fensterheber"
"500313";38;38;0;0;20;20;0;100;0;0;0;1;1561;"Fensterheber"
"500314";11;11;0;0;4;4;0;100;0;0;0;1;1561;"Fensterheber"
"500314229";70;56;2;12;5;3;0;60;1;0;1;0;1561;"Fensterheber"
"500314230";44;38;1;5;3;1;1;33,33;1;0;1;0;1561;"Fensterheber"
"500314249";12;10;0;2;1;1;0;100;1;0;1;0;1561;"Fensterheber"
"500315";5;5;0;0;2;2;0;100;0;0;0;1;1561;"Fensterheber"
"500316";50;50;0;0;26;25;0;96,15;0;0;0;1;1561;"Fensterheber"
"500317";35;34;0;1;15;15;0;100;0;0;0;1;1561;"Fensterheber"
"500325";24;21;0;3;8;8;0;100;0;0;0;1;1561;"Fensterheber"
"500338";15;15;0;0;3;3;0;100;0;0;0;1;1561;"Fensterheber"
"500339";3;3;0;0;3;3;0;100;0;0;0;1;1561;"Fensterheber"
"500340";7;7;0;0;1;1;0;100;0;0;0;1;1561;"Fensterheber"
"500342";25;25;0;0;5;2;0;40;0;0;0;1;1561;"Fensterheber"
"500343";32;31;0;1;9;5;0;55,56;0;0;0;1;1561;"Fensterheber"
"500344";15;15;0;0;5;5;0;100;0;0;0;1;1561;"Fensterheber"
"500345";30;30;0;0;13;6;0;46,15;0;0;0;1;1561;"Fensterheber"
"500346";15;15;0;0;2;1;0;50;0;0;0;1;1561;"Fensterheber"
"500347";12;12;0;0;6;3;0;50;0;0;0;1;1561;"Fensterheber"
"500348";14;14;0;0;3;3;0;100;0;0;0;1;1561;"Fensterheber"
"500349";13;13;0;0;4;4;0;100;0;0;0;1;1561;"Fensterheber"
"500350";23;23;0;0;8;8;0;100;0;0;0;1;1561;"Fensterheber"
"500351";11;11;0;0;3;3;0;100;0;0;0;1;1561;"Fensterheber"
"500352";4;4;0;0;2;2;0;100;0;0;0;1;1561;"Fensterheber"
"500354";7;7;0;0;1;1;0;100;0;0;0;1;1561;"Fensterheber"
"500355";13;11;0;2;6;6;0;100;0;0;0;1;1561;"Fensterheber"
"500359";13;12;0;1;1;1;0;100;0;0;0;1;1561;"Fensterheber"
"500361";42;41;0;1;5;1;0;20;0;0;0;1;1561;"Fensterheber"
"500362";35;35;0;0;12;12;0;100;0;0;0;1;1561;"Fensterheber"
"500363";13;13;0;0;4;4;0;100;0;0;0;1;1561;"Fensterheber"
"500364";24;23;0;1;7;7;0;100;0;0;0;1;1561;"Fensterheber"
"500367";2;2;0;0;1;1;0;100;0;0;0;1;1561;"Fensterheber"
"500371";4;4;0;0;1;1;0;100;0;0;0;1;1561;"Fensterheber"
"500372";7;7;0;0;1;1;0;100;0;0;0;1;1561;"Fensterheber"
"500373";14;14;0;0;3;3;0;100;0;0;0;1;1561;"Fensterheber"
"500374";3;3;0;0;2;2;0;100;0;0;0;1;1561;"Fensterheber"
"500375";25;24;0;1;7;4;0;57,14;0;0;0;1;1561;"Fensterheber"
"500376";6;6;0;0;3;3;0;100;0;0;0;1;1561;"Fensterheber"
"500377";11;11;0;0;3;3;0;100;0;0;0;1;1561;"Fensterheber"
"500378";11;11;0;0;1;1;0;100;0;0;0;1;1561;"Fensterheber"
"500379";9;6;0;3;2;2;0;100;0;0;0;1;1561;"Fensterheber"
"500386";16;16;0;0;3;3;0;100;0;0;0;1;1561;"Fensterheber"
"500387";11;11;0;0;6;6;0;100;0;0;0;1;1561;"Fensterheber"
"500388";12;11;0;1;4;4;0;100;0;0;0;1;1561;"Fensterheber"
"500389";13;13;0;0;6;6;0;100;0;0;0;1;1561;"Fensterheber"
"500393";1;1;0;0;1;1;0;100;0;0;0;1;1561;"Fensterheber"
"500394";1;1;0;0;1;1;0;100;0;0;0;1;1561;"Fensterheber"
"500397";4;3;0;1;1;1;0;100;0;0;0;1;1561;"Fensterheber"
"500407";68;68;0;0;12;3;0;25;0;0;0;1;1561;"Fensterheber"
"500408";42;41;1;0;7;4;0;57,14;0;0;0;1;1561;"Fensterheber"
"500409";148;146;0;2;26;2;0;7,69;0;0;0;1;1561;"Fensterheber"
"500413";23;22;0;1;3;3;0;100;0;0;0;1;1561;"Fensterheber"
"500415";13;13;0;0;2;1;0;50;0;0;0;1;1561;"Fensterheber"
"500416";26;26;0;0;2;2;0;100;0;0;0;1;1561;"Fensterheber"
"500418";10;10;0;0;2;2;0;100;0;0;0;1;1561;"Fensterheber"
"500420";107;106;0;1;16;1;0;6,25;0;0;0;1;1561;"Fensterheber"
"500423";39;39;0;0;8;2;0;25;0;0;0;1;1561;"Fensterheber"
"500425";21;21;0;0;5;5;0;100;0;0;0;1;1561;"Fensterheber"
"500426";22;22;0;0;7;6;0;85,71;0;0;0;1;1561;"Fensterheber"
"500427";11;11;0;0;5;5;0;100;0;0;0;1;1561;"Fensterheber"
"500429";42;41;0;1;1;1;0;100;0;0;0;1;1561;"Fensterheber"
"500430";12;12;0;0;3;2;0;66,67;0;0;0;1;1561;"Fensterheber"
"500431";6;6;0;0;2;2;0;100;0;0;0;1;1561;"Fensterheber"
"500432";3;3;0;0;2;2;0;100;0;0;0;1;1561;"Fensterheber"
"500433";24;24;0;0;5;5;0;100;0;0;0;1;1561;"Fensterheber"
"500434";11;11;0;0;4;4;0;100;0;0;0;1;1561;"Fensterheber"
"500437";14;13;0;1;1;1;0;100;0;0;0;1;1561;"Fensterheber"
"500440";297;282;0;15;72;1;0;1,39;0;0;0;1;1561;"Fensterheber"
"500443";16;16;0;0;2;2;0;100;0;0;0;1;1561;"Fensterheber"
"500444";18;17;0;1;4;4;0;100;0;0;0;1;1561;"Fensterheber"
"500445";20;20;0;0;10;10;0;100;0;0;0;1;1561;"Fensterheber"
"500446";15;15;0;0;7;7;0;100;0;0;0;1;1561;"Fensterheber"
"500447";55;55;0;0;9;8;0;88,89;0;0;0;1;1561;"Fensterheber"
"500448";18;18;0;0;4;4;0;100;0;0;0;1;1561;"Fensterheber"
"500449";21;21;0;0;2;1;0;50;0;0;0;1;1561;"Fensterheber"
"500450";15;15;0;0;1;1;0;100;0;0;0;1;1561;"Fensterheber"
"500451";17;17;0;0;5;5;0;100;0;0;0;1;1561;"Fensterheber"
"500452";15;15;0;0;8;7;0;87,50;0;0;0;1;1561;"Fensterheber"
"500453";5;5;0;0;1;1;0;100;0;0;0;1;1561;"Fensterheber"
"500455";8;8;0;0;2;2;0;100;0;0;0;1;1561;"Fensterheber"
"500456";11;11;0;0;2;2;0;100;0;0;0;1;1561;"Fensterheber"
"500458";3;3;0;0;1;1;0;100;0;0;0;1;1561;"Fensterheber"
"500459";14;13;0;1;6;6;0;100;0;0;0;1;1561;"Fensterheber"
"500460";9;8;0;1;3;3;0;100;0;0;0;1;1561;"Fensterheber"
"500461";21;21;0;0;8;8;0;100;0;0;0;1;1561;"Fensterheber"
"500462";56;55;0;1;23;23;0;100;0;0;0;1;1561;"Fensterheber"
"500463";38;38;0;0;12;12;0;100;0;0;0;1;1561;"Fensterheber"
"500464";21;21;0;0;5;5;0;100;0;0;0;1;1561;"Fensterheber"
"500467";34;34;0;0;5;5;0;100;0;0;0;1;1561;"Fensterheber"
"500469";6;6;0;0;2;2;0;100;0;0;0;1;1561;"Fensterheber"
"500470";5;4;0;1;2;2;0;100;0;0;0;1;1561;"Fensterheber"
"500471";10;9;0;1;3;3;0;100;0;0;0;1;1561;"Fensterheber"
"500472";5;5;0;0;2;2;0;100;0;0;0;1;1561;"Fensterheber"
"500473";10;10;0;0;3;3;0;100;0;0;0;1;1561;"Fensterheber"
"500477";32;29;0;3;4;3;0;75;0;0;0;1;1561;"Fensterheber"
"500478";8;8;0;0;3;3;0;100;0;0;0;1;1561;"Fensterheber"
"500479";6;6;0;0;3;3;0;100;0;0;0;1;1561;"Fensterheber"
"500480";170;153;1;16;21;3;0;14,29;0;0;0;1;1561;"Fensterheber"
"500481";6;6;0;0;1;1;0;100;0;0;0;1;1561;"Fensterheber"
"500483";22;22;0;0;6;6;0;100;0;0;0;1;1561;"Fensterheber"
"500484";13;12;0;1;2;2;0;100;0;0;0;1;1561;"Fensterheber"
"500492";3;1;0;2;1;1;0;100;0;0;0;1;1561;"Fensterheber"
"500766";24;24;0;0;4;4;0;100;0;0;0;1;1561;"Fensterheber"
"500767";38;38;0;0;6;3;0;50;0;0;0;1;1561;"Fensterheber"
"500772";8;8;0;0;4;3;0;75;0;0;0;1;1561;"Fensterheber"
"500774";27;27;0;0;6;6;0;100;0;0;0;1;1561;"Fensterheber"
"500778";9;9;0;0;2;2;0;100;0;0;0;1;1561;"Fensterheber"
"500781";5;5;0;0;1;1;0;100;0;0;0;1;1561;"Fensterheber"
"500783";9;9;0;0;6;6;0;100;0;0;0;1;1561;"Fensterheber"
"500784";6;5;0;1;1;1;0;100;0;0;0;1;1561;"Fensterheber"
"500785";7;7;0;0;1;1;0;100;0;0;0;1;1561;"Fensterheber"
"500786";127;127;0;0;1;1;0;100;0;0;0;1;1561;"Fensterheber"
"500787";76;75;0;1;15;14;0;93,33;0;0;0;1;1561;"Fensterheber"
"500788";28;25;0;3;9;9;0;100;0;0;0;1;1561;"Fensterheber"
"500791";24;24;0;0;7;7;0;100;0;0;0;1;1561;"Fensterheber"
"500792";26;26;0;0;10;10;0;100;0;0;0;1;1561;"Fensterheber"
"500793";21;21;0;0;9;9;0;100;0;0;0;1;1561;"Fensterheber"
"500794";11;11;0;0;5;5;0;100;0;0;0;1;1561;"Fensterheber"
"500795";13;13;0;0;2;2;0;100;0;0;0;1;1561;"Fensterheber"
"500796";8;8;0;0;4;4;0;100;0;0;0;1;1561;"Fensterheber"
"500797";19;18;0;1;8;4;0;50;0;0;0;1;1561;"Fensterheber"
"500798";10;10;0;0;2;1;0;50;0;0;0;1;1561;"Fensterheber"
"500801";7;7;0;0;1;1;0;100;0;0;0;1;1561;"Fensterheber"
"500805";6;6;0;0;1;1;0;100;0;0;0;1;1561;"Fensterheber"
"500806";6;5;0;1;2;1;0;50;0;0;0;1;1561;"Fensterheber"
"500807";36;36;0;0;3;3;0;100;0;0;0;1;1561;"Fensterheber"
"500809";6;6;0;0;1;1;0;100;0;0;0;1;1561;"Fensterheber"
"500810";5;5;0;0;1;1;0;100;0;0;0;1;1561;"Fensterheber"
"500811";11;11;0;0;2;1;0;50;0;0;0;1;1561;"Fensterheber"
"500813";7;7;0;0;3;2;0;66,67;0;0;0;1;1561;"Fensterheber"
"500814";7;7;0;0;2;2;0;100;0;0;0;1;1561;"Fensterheber"
"500815";22;22;0;0;4;4;0;100;0;0;0;1;1561;"Fensterheber"
"500816";16;16;0;0;4;3;0;75;0;0;0;1;1561;"Fensterheber"
"500817";5;5;0;0;2;2;0;100;0;0;0;1;1561;"Fensterheber"
"500818";23;23;0;0;3;3;0;100;0;0;0;1;1561;"Fensterheber"
"500819";9;8;0;1;3;3;0;100;0;0;0;1;1561;"Fensterheber"
"500821";9;9;0;0;4;4;0;100;0;0;0;1;1561;"Fensterheber"
"500822";7;7;0;0;3;3;0;100;0;0;0;1;1561;"Fensterheber"
"500823";19;19;0;0;6;5;0;83,33;0;0;0;1;1561;"Fensterheber"
"500824";21;20;0;1;3;2;0;66,67;0;0;0;1;1561;"Fensterheber"
"500825";17;17;0;0;5;5;0;100;0;0;0;1;1561;"Fensterheber"
"500826";10;7;0;3;2;2;0;100;0;0;0;1;1561;"Fensterheber"
"500827";2;2;0;0;1;1;0;100;0;0;0;1;1561;"Fensterheber"
"500828";3;1;0;2;1;1;0;100;0;0;0;1;1561;"Fensterheber"
"500829";9;9;0;0;1;1;0;100;0;0;0;1;1561;"Fensterheber"
"500833";17;12;0;5;1;1;0;100;0;0;0;1;1561;"Fensterheber"
"500834";18;18;0;0;5;5;0;100;0;0;0;1;1561;"Fensterheber"
"500835";25;25;0;0;3;3;0;100;0;0;0;1;1561;"Fensterheber"
"500836";11;11;0;0;2;2;0;100;0;0;0;1;1561;"Fensterheber"
"500838";14;14;0;0;4;4;0;100;0;0;0;1;1561;"Fensterheber"
"500841";23;22;0;1;8;8;0;100;0;0;0;1;1561;"Fensterheber"
"500842";19;19;0;0;5;3;0;60;0;0;0;1;1561;"Fensterheber"
"500843";44;36;0;8;5;5;0;100;0;0;0;1;1561;"Fensterheber"
"500844";8;8;0;0;3;3;0;100;0;0;0;1;1561;"Fensterheber"
"500845";19;18;0;1;6;6;0;100;0;0;0;1;1561;"Fensterheber"
"500846";16;16;0;0;3;3;0;100;0;0;0;1;1561;"Fensterheber"
"500847";25;25;0;0;2;2;0;100;0;0;0;1;1561;"Fensterheber"
"500848";10;9;0;1;2;2;0;100;0;0;0;1;1561;"Fensterheber"
"500849";13;13;0;0;3;3;0;100;0;0;0;1;1561;"Fensterheber"
"500853";10;10;0;0;5;5;0;100;0;0;0;1;1561;"Fensterheber"
"500854";10;10;0;0;2;2;0;100;0;0;0;1;1561;"Fensterheber"
"500855";12;12;0;0;3;3;0;100;0;0;0;1;1561;"Fensterheber"
"500856";11;11;0;0;3;3;0;100;0;0;0;1;1561;"Fensterheber"
"500857";6;6;0;0;2;2;0;100;0;0;0;1;1561;"Fensterheber"
"500859";7;6;0;1;2;2;0;100;0;0;0;1;1561;"Fensterheber"
"500860";12;12;0;0;6;6;0;100;0;0;0;1;1561;"Fensterheber"
"500861";4;4;0;0;1;1;0;100;0;0;0;1;1561;"Fensterheber"
"500862";7;5;0;2;2;2;0;100;0;0;0;1;1561;"Fensterheber"
"500863";8;7;1;0;2;2;0;100;0;0;0;1;1561;"Fensterheber"
"500864";16;15;0;1;4;4;0;100;0;0;0;1;1561;"Fensterheber"
"5010301993";37;28;0;9;5;5;0;100;0;0;1;0;1561;"Fensterheber"
"501822";9;8;1;0;2;2;0;100;0;0;0;1;1561;"Fensterheber"
"501824";11;10;0;1;1;1;0;100;0;0;0;1;1561;"Fensterheber"
"501832";2;2;0;0;1;1;0;100;0;0;0;1;1561;"Fensterheber"
"502078";8;7;0;1;3;1;0;33,33;0;0;0;1;1561;"Fensterheber"
"502092TOPRAN";1;1;0;0;1;1;0;100;0;0;0;0;1561;"Fensterheber"
"502093TOPRAN";1;1;0;0;1;1;0;100;0;0;0;0;1561;"Fensterheber"
"50241803";1;1;0;0;1;1;0;100;0;0;0;1;1561;"Fensterheber"
"504040988";189;144;0;45;9;5;0;55,56;0;0;1;0;1561;"Fensterheber"
"504040989";243;146;1;96;8;3;0;37,50;0;0;1;0;1561;"Fensterheber"
"504053527";100;86;1;13;5;4;1;80;0;0;1;0;1561;"Fensterheber"
"504053528";51;47;0;4;6;5;0;83,33;0;0;1;0;1561;"Fensterheber"
"504157968";287;186;2;99;9;5;2;55,56;0;0;1;0;1561;"Fensterheber"
"504157969";371;217;0;154;15;14;5;93,33;0;0;1;0;1561;"Fensterheber"
"504173866";61;51;1;9;8;4;0;50;0;0;1;0;1561;"Fensterheber"
"504173868";177;159;2;16;14;6;1;42,86;0;0;1;0;1561;"Fensterheber"
"504205271";2;2;0;0;1;1;0;100;1;0;1;0;1561;"Fensterheber"
"504335517";124;102;2;20;4;3;0;75;0;0;1;0;1561;"Fensterheber"
"504335520";181;160;3;18;14;11;1;78,57;0;0;1;0;1561;"Fensterheber"
"504356351";205;186;0;19;17;13;0;76,47;0;0;0;0;1561;"Fensterheber"
"504356352";255;233;2;20;15;11;0;73,33;0;0;0;0;1561;"Fensterheber"
"50497";24;19;0;5;1;1;0;100;0;0;0;1;1561;"Fensterheber"
"50501";332;329;0;3;26;9;0;34,62;0;0;0;1;1561;"Fensterheber"
"50507";12;10;0;2;1;1;0;100;0;0;0;1;1561;"Fensterheber"
"50509";13;12;0;1;2;1;0;50;0;0;0;1;1561;"Fensterheber"
"50509157";16;16;0;0;2;2;0;100;1;0;1;0;1561;"Fensterheber"
"50509158";27;24;0;3;1;1;0;100;1;0;1;0;1561;"Fensterheber"
"50515";39;38;1;0;3;1;0;33,33;0;0;0;1;1561;"Fensterheber"
"50515589";63;58;0;5;6;4;0;66,67;1;0;1;0;1561;"Fensterheber"
"50515590";105;102;0;3;4;2;0;50;1;0;1;0;1561;"Fensterheber"
"50520951";40;35;0;5;1;1;0;100;1;0;0;0;1561;"Fensterheber"
"50529";89;89;0;0;18;3;0;16,67;0;0;0;1;1561;"Fensterheber"
"50535";23;23;0;0;3;1;0;33,33;0;0;0;1;1561;"Fensterheber"
"50539";83;82;0;1;14;1;0;7,14;0;0;0;1;1561;"Fensterheber"
"50962";34;33;0;1;9;1;0;11,11;0;0;0;1;1561;"Fensterheber"
"51138212097";10;6;1;3;1;1;0;100;0;0;0;0;1561;"Fensterheber"
"51330018129";14;12;0;2;1;1;0;100;1;0;0;0;1561;"Fensterheber"
"51330018130";14;9;0;5;1;1;0;100;1;0;0;0;1561;"Fensterheber"
"51331977579";168;152;2;14;23;23;1;100;1;0;1;0;1561;"Fensterheber"
"51331977580";88;72;2;14;12;12;0;100;1;0;1;0;1561;"Fensterheber"
"51331977609";164;141;1;22;27;25;2;92,59;1;0;1;1;1561;"Fensterheber"
"51331977610";83;75;0;8;9;8;0;88,89;1;0;1;1;1561;"Fensterheber"
"51332756083";334;312;2;20;48;48;0;100;1;0;1;0;1561;"Fensterheber"
"51332756084";87;81;1;5;10;9;0;90;1;0;1;0;1561;"Fensterheber"
"51332990386";21;19;0;2;1;1;0;100;1;0;1;0;1561;"Fensterheber"
"51333402211";14;13;0;1;1;1;0;100;1;0;0;0;1561;"Fensterheber"
"51333448249";171;162;0;9;36;27;0;75;1;0;1;0;1561;"Fensterheber"
"51333448250";116;108;0;8;17;13;0;76,47;1;0;1;0;1561;"Fensterheber"
"51337020659";813;769;2;42;190;164;6;86,32;1;0;1;0;1561;"Fensterheber"
"51337020660";668;634;1;33;167;152;4;91,02;1;0;1;0;1561;"Fensterheber"
"51337024811";6;4;0;2;1;1;0;100;1;0;1;0;1561;"Fensterheber"
"51337039451";432;410;0;22;73;69;1;94,52;1;0;1;0;1561;"Fensterheber"
"51337039452";245;234;0;11;42;35;2;83,33;1;0;1;0;1561;"Fensterheber"
"51337079919";126;115;1;10;7;7;0;100;1;0;1;0;1561;"Fensterheber"
"51337079920";43;37;0;6;4;4;0;100;1;0;1;0;1561;"Fensterheber"
"51337138465";59;56;0;3;5;5;0;100;1;0;1;0;1561;"Fensterheber"
"51337138466";31;30;0;1;4;4;0;100;1;0;1;0;1561;"Fensterheber"
"51337138862";1;1;0;0;1;1;0;100;1;0;1;0;1561;"Fensterheber"
"51337140587";78;74;0;4;8;8;0;100;1;0;1;0;1561;"Fensterheber"
"51337140588";76;71;0;5;6;6;0;100;1;0;1;0;1561;"Fensterheber"
"51337162163";414;347;4;63;59;57;0;96,61;1;0;1;1;1561;"Fensterheber"
"51337162164";123;110;0;13;12;12;1;100;1;0;1;1;1561;"Fensterheber"
"51337165595";484;456;1;27;106;105;0;99,06;1;0;1;0;1561;"Fensterheber"
"51337165596";355;343;0;12;76;76;3;100;1;0;1;0;1561;"Fensterheber"
"51337166379";12;11;0;1;1;1;0;100;1;0;1;0;1561;"Fensterheber"
"51337182131";22;21;0;1;4;3;0;75;1;0;0;0;1561;"Fensterheber"
"51337184384";27;27;0;0;1;1;0;100;1;0;1;1;1561;"Fensterheber"
"51337197301";9;4;0;5;1;1;0;100;1;0;1;0;1561;"Fensterheber"
"51337197919";42;19;0;23;1;1;0;100;1;0;0;0;1561;"Fensterheber"
"51337198909";83;64;0;19;9;9;0;100;1;0;0;0;1561;"Fensterheber"
"51337198910";71;27;3;41;6;6;0;100;1;0;0;0;1561;"Fensterheber"
"51337202479";86;79;0;7;10;10;0;100;1;0;1;0;1561;"Fensterheber"
"51337202480";6;6;0;0;2;2;0;100;1;0;1;0;1561;"Fensterheber"
"51337267101";2;2;0;0;1;1;0;100;1;0;1;0;1561;"Fensterheber"
"51337281881";343;326;5;12;30;30;0;100;1;0;1;0;1561;"Fensterheber"
"51337281882";144;134;0;10;18;17;0;94,44;1;0;1;0;1561;"Fensterheber"
"51337281885";160;148;2;10;21;18;0;85,71;1;0;1;0;1561;"Fensterheber"
"51337281886";119;103;0;16;17;15;0;88,24;1;0;1;0;1561;"Fensterheber"
"51337292119";200;161;0;39;30;30;0;100;1;0;0;0;1561;"Fensterheber"
"51337292120";124;84;1;39;17;17;0;100;1;0;0;0;1561;"Fensterheber"
"51337296443";69;32;1;36;1;1;0;100;1;0;0;0;1561;"Fensterheber"
"51337355635";17;16;0;1;1;1;0;100;1;0;0;0;1561;"Fensterheber"
"51337409357";40;25;1;14;2;2;0;100;1;0;1;0;1561;"Fensterheber"
"51337409358";24;18;0;6;1;1;0;100;1;0;1;0;1561;"Fensterheber"
"51337437548";12;5;1;6;1;1;0;100;1;0;1;0;1561;"Fensterheber"
"51337487085";40;35;1;4;3;3;0;100;1;0;0;0;1561;"Fensterheber"
"51338159831";8;7;0;1;1;1;0;100;1;0;0;0;1561;"Fensterheber"
"51338204179";10;8;0;2;1;1;0;100;1;0;0;0;1561;"Fensterheber"
"51338204180";5;4;0;1;2;2;0;100;1;0;0;0;1561;"Fensterheber"
"51338212098";14;11;0;3;2;2;0;100;1;0;1;0;1561;"Fensterheber"
"51338229105";199;173;0;26;32;32;0;100;1;0;1;0;1561;"Fensterheber"
"51338229106";168;141;3;24;20;20;2;100;1;0;1;0;1561;"Fensterheber"
"51338236860";1;1;0;0;1;1;0;100;1;0;0;0;1561;"Fensterheber"
"51338251351";109;100;0;9;11;11;1;100;1;0;1;0;1561;"Fensterheber"
"51338251352";45;44;0;1;3;3;0;100;1;0;1;0;1561;"Fensterheber"
"51338252393";279;269;0;10;44;43;5;97,73;1;0;1;0;1561;"Fensterheber"
"51338252394";171;160;4;7;30;27;4;90;1;0;1;0;1561;"Fensterheber"
"51338254911";219;208;0;11;39;36;1;92,31;1;0;1;0;1561;"Fensterheber"
"51338254912";142;126;0;16;27;25;0;92,59;1;0;1;0;1561;"Fensterheber"
"51339805670";21;20;0;1;2;2;0;100;1;0;1;0;1561;"Fensterheber"
"51352990387";130;123;0;7;7;7;0;100;1;0;1;0;1561;"Fensterheber"
"51352990388";180;155;0;25;14;14;0;100;1;0;1;0;1561;"Fensterheber"
"51353413189";7;7;0;0;1;1;0;100;1;0;0;0;1561;"Fensterheber"
"51353413190";8;7;0;1;1;1;0;100;1;0;0;0;1561;"Fensterheber"
"51353448251";410;390;0;20;131;114;5;87,02;1;0;1;0;1561;"Fensterheber"
"51353448252";261;251;0;10;67;59;5;88,06;1;0;1;0;1561;"Fensterheber"
"51357125059";101;92;0;9;12;12;0;100;1;0;1;0;1561;"Fensterheber"
"51357125060";134;126;0;8;16;15;0;93,75;1;0;1;0;1561;"Fensterheber"
"51357138467";488;464;4;20;106;80;5;75,47;1;0;1;0;1561;"Fensterheber"
"51357138468";429;409;5;15;108;93;1;86,11;1;0;1;0;1561;"Fensterheber"
"51357140589";1031;990;5;36;294;261;11;88,78;1;0;1;0;1561;"Fensterheber"
"51357140590";1103;1076;1;26;301;265;10;88,04;1;0;1;0;1561;"Fensterheber"
"51357182613";10;7;0;3;1;1;0;100;1;0;0;0;1561;"Fensterheber"
"51357184745";148;139;0;9;37;30;1;81,08;1;0;1;0;1561;"Fensterheber"
"51357184746";104;100;0;4;35;27;1;77,14;1;0;1;0;1561;"Fensterheber"
"51357197923";58;25;0;33;2;2;0;100;1;0;0;0;1561;"Fensterheber"
"51357197924";34;12;0;22;1;1;0;100;1;0;0;0;1561;"Fensterheber"
"51357281883";9;7;0;2;2;2;0;100;1;0;1;0;1561;"Fensterheber"
"51357281884";4;4;0;0;3;3;0;100;1;0;1;0;1561;"Fensterheber"
"51357281887";21;20;0;1;1;1;0;100;1;0;1;0;1561;"Fensterheber"
"51357281888";22;21;0;1;2;2;0;100;1;0;1;0;1561;"Fensterheber"
"51357339591";377;227;6;144;23;23;0;100;1;0;0;0;1561;"Fensterheber"
"51357339592";103;53;1;49;6;6;0;100;1;0;0;0;1561;"Fensterheber"
"51357352750";138;35;54;49;1;1;0;100;1;0;0;0;1561;"Fensterheber"
"51357382135";229;200;0;29;17;17;0;100;1;0;0;0;1561;"Fensterheber"
"51358125203";45;39;1;5;4;3;0;75;1;0;0;0;1561;"Fensterheber"
"51358125204";20;18;0;2;1;1;0;100;1;0;0;0;1561;"Fensterheber"
"51358159835";120;110;0;10;17;17;0;100;1;0;1;1;1561;"Fensterheber"
"51358159836";137;124;0;13;12;12;0;100;1;0;1;1;1561;"Fensterheber"
"51358200717";8;8;0;0;1;1;0;100;1;0;0;0;1561;"Fensterheber"
"51358212099";210;198;0;12;35;33;0;94,29;1;0;1;0;1561;"Fensterheber"
"51358212100";221;212;0;9;39;36;1;92,31;1;0;1;0;1561;"Fensterheber"
"51358252429";83;72;0;11;8;8;2;100;1;0;1;0;1561;"Fensterheber"
"51358252430";81;70;0;11;14;14;0;100;1;0;1;0;1561;"Fensterheber"
"51377111017";156;78;3;75;2;2;0;100;1;0;0;0;1561;"Fensterheber"
"51377111018";145;64;4;77;4;4;0;100;1;0;0;0;1561;"Fensterheber"
"51378229593";10;3;2;5;1;1;0;100;1;0;0;0;1561;"Fensterheber"
"51378229594";9;3;2;4;1;1;0;100;1;0;0;0;1561;"Fensterheber"
"5140015";17;15;0;2;2;2;0;100;1;0;1;0;1561;"Fensterheber"
"5140016";17;15;0;2;2;2;0;100;1;0;1;0;1561;"Fensterheber"
"5140036";12;12;0;0;1;1;0;100;1;0;1;0;1561;"Fensterheber"
"5140040";7;6;0;1;1;1;0;100;1;0;1;0;1561;"Fensterheber"
"5140059";25;23;0;2;3;3;0;100;1;0;1;0;1561;"Fensterheber"
"5140060";12;12;0;0;2;1;0;50;1;0;1;0;1561;"Fensterheber"
"5140069";35;32;0;3;6;6;0;100;1;0;1;0;1561;"Fensterheber"
"5140070";17;16;0;1;2;2;0;100;1;0;1;0;1561;"Fensterheber"
"5140071";46;44;0;2;9;9;0;100;1;0;0;0;1561;"Fensterheber"
"5140072";37;36;0;1;4;4;0;100;1;0;0;0;1561;"Fensterheber"
"5140073";91;77;0;14;10;7;1;70;1;0;1;0;1561;"Fensterheber"
"5140081";11;11;0;0;1;1;0;100;1;0;1;0;1561;"Fensterheber"
"5140088";7;7;0;0;1;1;0;100;1;0;1;0;1561;"Fensterheber"
"5140093";7;6;0;1;1;1;0;100;0;0;1;0;1561;"Fensterheber"
"5140115";21;21;0;0;3;2;0;66,67;1;0;1;0;1561;"Fensterheber"
"5140116";20;18;0;2;5;2;0;40;1;0;1;0;1561;"Fensterheber"
"5140117";6;5;0;1;1;1;0;100;1;0;0;0;1561;"Fensterheber"
"51405";19;19;0;0;3;1;0;33,33;0;0;0;1;1561;"Fensterheber"
"51704762";4;4;0;0;2;1;0;50;1;0;1;1;1561;"Fensterheber"
"51711751";91;76;0;15;4;2;0;50;1;0;1;1;1561;"Fensterheber"
"51716313";1;1;0;0;1;1;0;100;1;0;0;0;1561;"Fensterheber"
"51716336";6;6;0;0;1;1;0;100;1;0;0;0;1561;"Fensterheber"
"51718403";99;92;0;7;8;8;0;100;1;0;1;1;1561;"Fensterheber"
"51718404";93;87;0;6;7;6;0;85,71;1;0;1;1;1561;"Fensterheber"
"51723315";18;15;0;3;1;1;0;100;1;0;1;0;1561;"Fensterheber"
"51723316";57;55;0;2;7;7;0;100;1;0;1;0;1561;"Fensterheber"
"51723317";93;84;0;9;12;12;0;100;1;0;1;0;1561;"Fensterheber"
"51723318";167;153;0;14;16;14;1;87,50;1;0;1;0;1561;"Fensterheber"
"51723323";775;758;0;17;192;151;6;78,65;1;0;1;0;1561;"Fensterheber"
"51723324";530;514;0;16;135;102;2;75,56;1;0;1;0;1561;"Fensterheber"
"51723327";65;65;0;0;4;3;0;75;1;0;1;0;1561;"Fensterheber"
"51723328";66;66;0;0;8;6;0;75;1;0;1;0;1561;"Fensterheber"
"51723381";2;1;0;1;1;1;0;100;0;0;0;0;1561;"Fensterheber"
"51764549";223;214;6;3;13;11;1;84,62;1;0;1;0;1561;"Fensterheber"
"51764550";221;213;0;8;33;19;2;57,58;1;0;1;1;1561;"Fensterheber"
"51765574";71;67;0;4;8;8;0;100;1;0;1;0;1561;"Fensterheber"
"51765575";63;57;0;6;8;8;0;100;1;0;1;0;1561;"Fensterheber"
"51771448";7;7;0;0;1;1;0;100;1;0;1;1;1561;"Fensterheber"
"51772393";12;12;0;0;2;2;0;100;1;0;1;1;1561;"Fensterheber"
"51785413";55;53;0;2;6;6;0;100;1;0;1;0;1561;"Fensterheber"
"51785841";55;48;0;7;7;7;0;100;1;0;1;0;1561;"Fensterheber"
"517866";4;4;0;0;1;1;0;100;0;0;0;0;1561;"Fensterheber"
"51786728";527;503;0;24;77;69;2;89,61;1;0;1;0;1561;"Fensterheber"
"51786729";886;852;0;34;160;145;5;90,63;1;0;1;0;1561;"Fensterheber"
"51793186";115;79;1;35;2;2;0;100;1;0;1;1;1561;"Fensterheber"
"51793187";146;127;0;19;7;6;0;85,71;1;0;1;1;1561;"Fensterheber"
"51793189";14;14;0;0;1;1;0;100;1;0;0;0;1561;"Fensterheber"
"51801611";5;5;0;0;3;3;0;100;1;0;1;0;1561;"Fensterheber"
"51801612";6;6;0;0;1;1;0;100;1;0;1;0;1561;"Fensterheber"
"51810879";39;37;0;2;2;2;0;100;1;0;1;0;1561;"Fensterheber"
"51810880";86;82;0;4;8;6;0;75;1;0;1;0;1561;"Fensterheber"
"51824040";27;25;0;2;6;6;0;100;1;0;1;0;1561;"Fensterheber"
"51827";30;30;0;0;2;1;0;50;0;0;0;1;1561;"Fensterheber"
"51827393";41;36;0;5;1;1;0;100;1;0;1;1;1561;"Fensterheber"
"51827394";17;16;0;1;2;2;0;100;1;0;1;1;1561;"Fensterheber"
"5182969";98;93;0;5;5;4;0;80;1;0;1;0;1561;"Fensterheber"
"5182970";97;92;0;5;15;12;1;80;1;0;1;0;1561;"Fensterheber"
"51830254";6;6;0;0;1;1;0;100;1;0;1;0;1561;"Fensterheber"
"51830869";134;130;0;4;11;4;1;36,36;1;0;1;1;1561;"Fensterheber"
"51830870";160;151;0;9;17;10;0;58,82;1;0;1;1;1561;"Fensterheber"
"51836459";17;14;0;3;1;1;0;100;1;0;1;0;1561;"Fensterheber"
"51843301";19;17;0;2;5;3;0;60;1;0;1;0;1561;"Fensterheber"
"51846384";299;298;0;1;49;37;0;75,51;1;0;1;0;1561;"Fensterheber"
"51846385";317;313;0;4;54;37;1;68,52;1;0;1;1;1561;"Fensterheber"
"51876267";272;255;0;17;49;41;0;83,67;1;0;1;0;1561;"Fensterheber"
"51876269";275;261;0;14;60;54;0;90;1;0;1;0;1561;"Fensterheber"
"51889362";151;144;0;7;38;33;0;86,84;1;0;1;0;1561;"Fensterheber"
"51889364";150;144;0;6;30;26;2;86,67;1;0;1;0;1561;"Fensterheber"
"51895384";338;333;0;5;61;46;4;75,41;1;0;1;1;1561;"Fensterheber"
"51895385";767;753;1;13;174;138;6;79,31;1;0;1;0;1561;"Fensterheber"
"51899291";30;29;0;1;6;5;0;83,33;1;0;1;0;1561;"Fensterheber"
"51899293";16;15;0;1;2;2;0;100;1;0;1;0;1561;"Fensterheber"
"51909797";2;2;0;0;1;1;0;100;1;0;1;0;1561;"Fensterheber"
"51976093";46;44;0;2;8;6;0;75;1;0;1;0;1561;"Fensterheber"
"51976094";73;66;0;7;19;17;0;89,47;1;0;1;0;1561;"Fensterheber"
"5197933";3;1;1;1;1;1;0;100;0;0;0;0;1561;"Fensterheber"
"51983414";65;57;0;8;7;7;0;100;1;0;1;0;1561;"Fensterheber"
"51983415";102;100;0;2;6;5;0;83,33;1;0;1;0;1561;"Fensterheber"
"51983616";20;18;0;2;1;1;0;100;1;0;1;0;1561;"Fensterheber"
"51983617";38;36;0;2;5;3;0;60;1;0;1;0;1561;"Fensterheber"
"51983942";7;6;0;1;1;1;0;100;1;0;1;0;1561;"Fensterheber"
"51983945";72;66;0;6;10;10;0;100;1;0;1;0;1561;"Fensterheber"
"51983946";13;11;0;2;2;2;0;100;1;0;1;0;1561;"Fensterheber"
"51SKV061";1;1;0;0;1;1;0;100;0;0;0;1;1561;"Fensterheber"
"51SKV132";8;4;0;4;1;1;0;100;0;0;0;1;1561;"Fensterheber"
"51SKV241";1;1;0;0;1;1;0;100;0;0;0;1;1561;"Fensterheber"
"51SKV252";3;3;0;0;2;2;0;100;0;0;0;1;1561;"Fensterheber"
"51SKV271";2;1;0;1;1;1;0;100;0;0;0;1;1561;"Fensterheber"
"51SKV381";2;2;0;0;1;1;0;100;0;0;0;1;1561;"Fensterheber"
"51SKV395";50;43;1;6;9;9;0;100;0;0;0;1;1561;"Fensterheber"
"51SKV415";3;2;0;1;1;1;0;100;0;0;0;1;1561;"Fensterheber"
"51SKV472";5;2;0;3;1;1;0;100;0;0;0;1;1561;"Fensterheber"
"51SKV495";4;4;0;0;1;1;0;100;0;0;0;1;1561;"Fensterheber"
"51SKV802";3;2;0;1;1;1;0;100;0;0;0;1;1561;"Fensterheber"
"52050176";165;154;2;9;18;14;0;77,78;1;0;1;0;1561;"Fensterheber"
"52050177";23;23;0;0;1;1;0;100;1;0;1;0;1561;"Fensterheber"
"52055488";35;35;0;0;1;1;0;100;1;0;1;0;1561;"Fensterheber"
"52055489";48;47;0;1;8;7;0;87,50;1;0;1;0;1561;"Fensterheber"
"52060644";18;15;0;3;1;1;0;100;1;0;1;0;1561;"Fensterheber"
"52060970";43;41;0;2;6;6;0;100;1;0;1;0;1561;"Fensterheber"
"52060971";147;136;0;11;25;25;0;100;1;0;1;0;1561;"Fensterheber"
"52062111";4;4;0;0;1;1;0;100;0;0;0;1;1561;"Fensterheber"
"52063785";34;33;0;1;2;2;0;100;1;0;1;1;1561;"Fensterheber"
"52063786";49;45;2;2;4;3;0;75;1;0;1;1;1561;"Fensterheber"
"52072857";533;512;0;21;70;57;0;81,43;1;0;1;0;1561;"Fensterheber"
"52074";25;25;0;0;5;1;0;20;0;0;0;1;1561;"Fensterheber"
"52076";34;34;0;0;3;2;0;66,67;0;0;0;1;1561;"Fensterheber"
"52076549";8;8;0;0;2;1;0;50;1;0;1;1;1561;"Fensterheber"
"52076550";28;26;0;2;3;3;0;100;1;0;1;0;1561;"Fensterheber"
"52078AIC";2;2;0;0;2;2;0;100;0;0;0;0;1561;"Fensterheber"
"52089869";91;89;0;2;16;14;0;87,50;1;0;0;0;1561;"Fensterheber"
"52089870";208;199;0;9;43;40;0;93,02;1;0;0;0;1561;"Fensterheber"
"52092121";16;16;0;0;3;1;0;33,33;0;0;0;1;1561;"Fensterheber"
"52093914";104;81;0;23;8;7;0;87,50;1;0;1;1;1561;"Fensterheber"
"52093915";84;76;0;8;2;2;0;100;1;0;1;0;1561;"Fensterheber"
"52127979";52;50;0;2;8;7;0;87,50;1;0;1;0;1561;"Fensterheber"
"52127981";220;217;0;3;39;37;0;94,87;1;0;1;0;1561;"Fensterheber"
"52130436";101;87;0;14;5;5;0;100;0;0;0;0;1561;"Fensterheber"
"52134009";46;37;0;9;2;1;0;50;1;0;0;0;1561;"Fensterheber"
"52148372";59;55;0;4;8;4;0;50;1;0;1;0;1561;"Fensterheber"
"52148374";93;90;2;1;15;11;1;73,33;1;0;1;0;1561;"Fensterheber"
"52166";18;16;0;2;1;1;0;100;0;0;0;1;1561;"Fensterheber"
"52170";12;12;0;0;1;1;0;100;0;0;0;1;1561;"Fensterheber"
"52181";23;20;1;2;3;2;0;66,67;0;0;0;1;1561;"Fensterheber"
"52183";4;2;0;2;1;1;0;100;0;0;0;1;1561;"Fensterheber"
"52202111";12;10;0;2;2;2;0;100;0;0;0;1;1561;"Fensterheber"
"52204607";132;130;1;1;20;18;1;90;0;0;1;0;1561;"Fensterheber"
"52204608";241;235;2;4;47;43;1;91,49;0;0;1;0;1561;"Fensterheber"
"52208";21;21;0;0;2;1;0;50;0;0;0;1;1561;"Fensterheber"
"52209";5;5;0;0;1;1;0;100;0;0;0;1;1561;"Fensterheber"
"52222";18;17;0;1;1;1;0;100;0;0;0;1;1561;"Fensterheber"
"52223";59;58;0;1;8;1;0;12,50;0;0;0;1;1561;"Fensterheber"
"52231014";11;11;0;0;2;2;0;100;0;0;0;0;1561;"Fensterheber"
"522531";3;3;0;0;1;1;0;100;0;0;0;0;1561;"Fensterheber"
"522535";12;12;0;0;2;2;0;100;0;0;0;0;1561;"Fensterheber"
"5235262";7;6;0;1;2;2;0;100;0;0;0;1;1561;"Fensterheber"
"52485";6;6;0;0;1;1;0;100;0;0;0;1;1561;"Fensterheber"
"52635";6;6;0;0;1;1;0;100;0;0;0;1;1561;"Fensterheber"
"52636";130;130;0;0;8;1;0;12,50;0;0;0;1;1561;"Fensterheber"
"52650";75;72;0;3;11;1;0;9,09;0;0;0;1;1561;"Fensterheber"
"52824";42;41;0;1;2;1;0;50;0;0;0;1;1561;"Fensterheber"
"52932112";2;2;0;0;2;2;0;100;0;0;0;1;1561;"Fensterheber"
"529368";4;4;0;0;1;1;0;100;0;0;0;0;1561;"Fensterheber"
"52944";32;32;0;0;5;2;0;40;0;0;0;1;1561;"Fensterheber"
"52945";32;32;0;0;15;1;0;6,67;0;0;0;1;1561;"Fensterheber"
"52946";23;23;0;0;13;1;0;7,69;0;0;0;1;1561;"Fensterheber"
"52959";11;11;0;0;3;2;0;66,67;0;0;0;1;1561;"Fensterheber"
"52960";14;14;0;0;4;3;0;75;0;0;0;1;1561;"Fensterheber"
"53016";8;7;0;1;1;1;0;100;0;0;0;1;1561;"Fensterheber"
"53041";43;42;1;0;3;1;0;33,33;0;0;0;1;1561;"Fensterheber"
"53042";27;27;0;0;5;4;0;80;0;0;0;1;1561;"Fensterheber"
"53124";60;57;1;2;5;1;0;20;0;0;0;0;1561;"Fensterheber"
"531524";4;2;1;1;2;1;0;50;0;0;0;0;1561;"Fensterheber"
"53265";48;47;0;1;8;1;0;12,50;0;0;0;1;1561;"Fensterheber"
"53270";113;111;0;2;16;1;0;6,25;0;0;0;1;1561;"Fensterheber"
"53313";17;15;0;2;1;1;0;100;0;0;0;1;1561;"Fensterheber"
"53315";33;32;0;1;2;2;0;100;0;0;0;1;1561;"Fensterheber"
"53316";23;21;0;2;2;2;0;100;0;0;0;1;1561;"Fensterheber"
"53383";53;50;0;3;8;1;0;12,50;0;0;0;1;1561;"Fensterheber"
"53577";33;32;0;1;4;1;0;25;0;0;0;1;1561;"Fensterheber"
"53582";44;44;0;0;8;1;0;12,50;0;0;0;1;1561;"Fensterheber"
"53585";164;164;0;0;42;1;0;2,38;0;0;0;1;1561;"Fensterheber"
"53586";87;87;0;0;13;1;0;7,69;0;0;0;1;1561;"Fensterheber"
"53589";63;61;0;2;10;1;0;10;0;0;0;1;1561;"Fensterheber"
"53608";30;29;0;1;8;3;0;37,50;0;0;0;1;1561;"Fensterheber"
"53733";28;28;0;0;7;2;0;28,57;0;0;0;1;1561;"Fensterheber"
"5377261";10;9;0;1;1;1;0;100;0;0;0;1;1561;"Fensterheber"
"53776";133;132;0;1;37;2;0;5,41;0;0;0;1;1561;"Fensterheber"
"5393261";7;7;0;0;1;1;0;100;0;0;0;1;1561;"Fensterheber"
"54096";9;8;0;1;2;1;0;50;0;0;0;1;1561;"Fensterheber"
"5410909411053";8;8;0;0;1;1;0;100;0;0;0;0;1561;"Fensterheber"
"5410909415501";13;13;0;0;1;1;0;100;0;0;0;0;1561;"Fensterheber"
"5410909425357";5;5;0;0;1;1;0;100;0;0;0;0;1561;"Fensterheber"
"5410909425364";6;6;0;0;1;1;0;100;0;0;0;0;1561;"Fensterheber"
"5410909437060";11;10;0;1;1;1;0;100;0;0;0;0;1561;"Fensterheber"
"5410909438586";6;6;0;0;1;1;0;100;0;0;0;0;1561;"Fensterheber"
"5410909439194";11;10;1;0;1;1;0;100;0;0;0;0;1561;"Fensterheber"
"5410909452803";11;10;0;1;2;2;0;100;0;0;0;0;1561;"Fensterheber"
"5410909453749";2;2;0;0;1;1;0;100;0;0;0;0;1561;"Fensterheber"
"5410909454661";14;14;0;0;3;3;0;100;0;0;0;0;1561;"Fensterheber"
"5410909512637";3;1;2;0;1;1;0;100;0;0;0;0;1561;"Fensterheber"
"5410909655365";11;11;0;0;2;2;0;100;0;0;0;0;1561;"Fensterheber"
"5410909693220";10;10;0;0;1;1;0;100;0;0;0;0;1561;"Fensterheber"
"5410909765767";1;1;0;0;1;1;0;100;0;0;0;0;1561;"Fensterheber"
"54238";31;29;0;2;5;2;0;40;0;0;0;1;1561;"Fensterheber"
"54239";12;11;0;1;2;1;0;50;0;0;0;1;1561;"Fensterheber"
"5430261";16;16;0;0;1;1;0;100;0;0;0;1;1561;"Fensterheber"
"5430263";10;10;0;0;2;2;0;100;0;0;0;1;1561;"Fensterheber"
"54564";21;21;0;0;4;1;0;25;0;0;0;1;1561;"Fensterheber"
"54798";12;12;0;0;1;1;0;100;0;0;0;1;1561;"Fensterheber"
"55091803";2;2;0;0;1;1;0;100;0;0;0;1;1561;"Fensterheber"
"55091805";1;1;0;0;1;1;0;100;0;0;0;1;1561;"Fensterheber"
"55104221";1;1;0;0;1;1;0;100;0;0;0;1;1561;"Fensterheber"
"55360030AG";5;5;0;0;1;1;0;100;0;0;0;0;1561;"Fensterheber"
"55360031AH";3;2;0;1;1;1;0;100;1;0;0;0;1561;"Fensterheber"
"55360034AA";10;10;0;0;1;1;0;100;1;0;1;0;1561;"Fensterheber"
"55360035AA";10;9;0;1;2;2;0;100;1;0;1;0;1561;"Fensterheber"
"55360035AG";18;6;2;10;3;3;0;100;0;0;0;0;1561;"Fensterheber"
"55360035AH";10;4;1;5;1;1;0;100;0;0;0;0;1561;"Fensterheber"
"55363286AA";6;5;0;1;1;1;0;100;1;0;0;0;1561;"Fensterheber"
"55363286AD";10;10;0;0;1;1;0;100;1;0;1;1;1561;"Fensterheber"
"55363287AC";18;17;0;1;2;2;0;100;1;0;1;0;1561;"Fensterheber"
"55363287AD";3;3;0;0;1;1;0;100;1;0;1;1;1561;"Fensterheber"
"5536329AC";1;0;0;1;1;1;1;100;0;0;1;0;1561;"Fensterheber"
"55819";168;168;0;0;21;2;0;9,52;0;0;0;1;1561;"Fensterheber"
"55820";7;7;0;0;1;1;0;100;0;0;0;1;1561;"Fensterheber"
"55987";13;13;0;0;5;1;0;20;0;0;0;1;1561;"Fensterheber"
"560167";2;2;0;0;1;1;0;100;0;0;0;1;1561;"Fensterheber"
"56299";19;7;8;4;1;1;0;100;0;0;0;1;1561;"Fensterheber"
"56300";26;20;4;2;3;3;0;100;0;0;0;1;1561;"Fensterheber"
"56300AIC";1;1;0;0;1;1;0;100;0;0;0;0;1561;"Fensterheber"
"56439";3;3;0;0;2;2;0;100;0;0;0;1;1561;"Fensterheber"
"565837462";10;9;1;0;1;1;0;100;1;0;0;0;1561;"Fensterheber"
"56642111";3;3;0;0;2;2;0;100;0;0;0;1;1561;"Fensterheber"
"56702";20;20;0;0;2;2;0;100;0;0;0;1;1561;"Fensterheber"
"56702AIC";1;1;0;0;1;1;0;100;0;0;0;0;1561;"Fensterheber"
"56768";15;15;0;0;3;3;0;100;0;0;0;1;1561;"Fensterheber"
"56772111";3;2;0;1;1;1;0;100;0;0;0;1;1561;"Fensterheber"
"568571";3;3;0;0;1;1;0;100;0;0;0;0;1561;"Fensterheber"
"56912121";10;8;0;2;1;1;0;100;0;0;0;1;1561;"Fensterheber"
"56922111";5;5;0;0;5;5;0;100;0;0;0;1;1561;"Fensterheber"
"5701261";9;9;0;0;3;3;0;100;0;0;0;1;1561;"Fensterheber"
"5701263";8;8;0;0;2;2;0;100;0;0;0;1;1561;"Fensterheber"
"5710PSG5";1;1;0;0;1;1;0;100;0;0;0;1;1561;"Fensterheber"
"5710PSG5POL";2;2;0;0;1;1;0;100;0;0;0;0;1561;"Fensterheber"
"5713A017";7;5;0;2;1;1;0;100;1;0;1;0;1561;"Fensterheber"
"5713A256";11;5;0;6;1;1;0;100;1;0;1;0;1561;"Fensterheber"
"5713A317";135;63;11;61;6;6;0;100;1;0;0;0;1561;"Fensterheber"
"5714270175478";1;1;0;0;1;1;0;100;0;0;0;0;1561;"Fensterheber"
"5742261";4;4;0;0;2;2;0;100;0;0;0;1;1561;"Fensterheber"
"5745266";2;2;0;0;1;1;0;100;0;0;0;1;1561;"Fensterheber"
"5756PSG1";7;7;0;0;1;1;0;100;0;0;0;1;1561;"Fensterheber"
"575837461A";19;10;0;9;1;1;0;100;1;0;0;0;1561;"Fensterheber"
"575837462A";10;4;0;6;2;2;0;100;1;0;0;0;1561;"Fensterheber"
"575839462A";13;11;0;2;1;1;0;100;1;0;0;0;1561;"Fensterheber"
"5766261";39;39;0;0;10;10;0;100;0;0;0;1;1561;"Fensterheber"
"5766262";12;12;0;0;3;3;0;100;0;0;0;1;1561;"Fensterheber"
"5766263";38;37;0;1;17;17;0;100;0;0;0;1;1561;"Fensterheber"
"5766264";64;64;0;0;12;12;0;100;0;0;0;1;1561;"Fensterheber"
"5770PSG1";1;1;0;0;1;1;0;100;0;0;0;1;1561;"Fensterheber"
"5776261";157;157;0;0;33;33;0;100;0;0;0;1;1561;"Fensterheber"
"5776262";218;218;0;0;50;50;0;100;0;0;0;1;1561;"Fensterheber"
"5776262VWA";2;2;0;0;1;1;0;100;0;0;0;0;1561;"Fensterheber"
"5776263";63;63;0;0;14;14;0;100;0;0;0;1;1561;"Fensterheber"
"5785261";3;3;0;0;1;1;0;100;0;0;0;1;1561;"Fensterheber"
"5801321873";231;130;1;100;10;8;4;80;0;0;1;0;1561;"Fensterheber"
"5801321875";313;165;2;146;9;8;2;88,89;0;0;1;0;1561;"Fensterheber"
"5801324893";222;114;0;108;7;7;0;100;0;0;1;0;1561;"Fensterheber"
"5801324907";156;86;0;70;9;8;2;88,89;0;0;1;0;1561;"Fensterheber"
"5801482026";71;59;1;11;4;3;0;75;0;0;1;0;1561;"Fensterheber"
"5801482033";135;98;2;35;13;8;1;61,54;0;0;1;0;1561;"Fensterheber"
"5801528511";22;18;1;3;1;1;0;100;0;0;1;0;1561;"Fensterheber"
"5801529324";20;16;0;4;1;1;0;100;0;0;1;0;1561;"Fensterheber"
"5801901052";32;29;0;3;3;3;0;100;0;0;0;0;1561;"Fensterheber"
"5801901053";75;53;0;22;4;4;0;100;0;0;0;0;1561;"Fensterheber"
"5802133034";11;11;0;0;1;1;0;100;1;0;0;0;1561;"Fensterheber"
"5802487660";20;3;0;17;1;1;0;100;0;0;0;0;1561;"Fensterheber"
"5802578844";28;10;1;17;1;1;0;100;0;0;0;0;1561;"Fensterheber"
"5803261";5;5;0;0;1;1;0;100;0;0;0;1;1561;"Fensterheber"
"5803262";3;3;0;0;2;2;0;100;0;0;0;1;1561;"Fensterheber"
"5803263";10;10;0;0;1;1;0;100;0;0;0;1;1561;"Fensterheber"
"5803264";6;6;0;0;2;2;0;100;0;0;0;1;1561;"Fensterheber"
"5803265";47;40;1;6;9;9;0;100;0;0;0;1;1561;"Fensterheber"
"5803266";25;23;0;2;3;3;0;100;0;0;0;1;1561;"Fensterheber"
"5812231";28;25;2;1;2;2;0;100;0;0;0;1;1561;"Fensterheber"
"5812232";5;5;0;0;1;1;0;100;0;0;0;1;1561;"Fensterheber"
"5812262";7;7;0;0;3;3;0;100;0;0;0;1;1561;"Fensterheber"
"5813231";22;22;0;0;3;3;0;100;0;0;0;1;1561;"Fensterheber"
"5817261";35;34;1;0;5;5;0;100;0;0;0;1;1561;"Fensterheber"
"5817262";40;37;1;2;2;2;0;100;0;0;0;1;1561;"Fensterheber"
"5817262VAN";2;2;0;0;1;1;0;100;0;0;0;0;1561;"Fensterheber"
"5818231";78;73;0;5;26;26;0;100;0;0;0;1;1561;"Fensterheber"
"5818231VAN";2;2;0;0;1;1;0;100;0;0;0;0;1561;"Fensterheber"
"5818231VWA";2;2;0;0;2;2;0;100;0;0;0;0;1561;"Fensterheber"
"5818232";76;75;0;1;18;18;0;100;0;0;0;1;1561;"Fensterheber"
"5818232VAN";3;3;0;0;1;1;0;100;0;0;0;0;1561;"Fensterheber"
"5818261";15;15;0;0;4;4;0;100;0;0;0;1;1561;"Fensterheber"
"5818262";23;23;0;0;5;5;0;100;0;0;0;1;1561;"Fensterheber"
"5818265";27;27;0;0;6;6;0;100;0;0;0;1;1561;"Fensterheber"
"5818266";29;29;0;0;7;7;0;100;0;0;0;1;1561;"Fensterheber"
"5819261";18;13;0;5;1;1;0;100;0;0;0;1;1561;"Fensterheber"
"5819262";8;8;0;0;2;2;0;100;0;0;0;1;1561;"Fensterheber"
"58202111";10;10;0;0;7;7;0;100;0;0;0;1;1561;"Fensterheber"
"58202112";3;3;0;0;1;1;0;100;0;0;0;1;1561;"Fensterheber"
"58202121";3;3;0;0;1;1;0;100;0;0;0;1;1561;"Fensterheber"
"58212111";4;2;0;2;1;1;0;100;0;0;0;1;1561;"Fensterheber"
"58222111";12;6;1;5;1;1;0;100;0;0;0;1;1561;"Fensterheber"
"5824225";9;8;1;0;1;1;0;100;0;0;0;1;1561;"Fensterheber"
"5824231";26;26;0;0;7;7;0;100;0;0;0;1;1561;"Fensterheber"
"5824232";13;13;0;0;4;4;0;100;0;0;0;1;1561;"Fensterheber"
"5824261";13;13;0;0;1;1;0;100;0;0;0;1;1561;"Fensterheber"
"5824262";11;11;0;0;2;2;0;100;0;0;0;1;1561;"Fensterheber"
"5825261";50;47;0;3;4;4;0;100;0;0;0;1;1561;"Fensterheber"
"5825263";40;40;0;0;4;4;0;100;0;0;0;1;1561;"Fensterheber"
"5825264";17;17;0;0;1;1;0;100;0;0;0;1;1561;"Fensterheber"
"5825265";14;14;0;0;3;3;0;100;0;0;0;1;1561;"Fensterheber"
"5825266";13;13;0;0;2;2;0;100;0;0;0;1;1561;"Fensterheber"
"5825267";43;43;0;0;8;8;0;100;0;0;0;1;1561;"Fensterheber"
"5825268";27;26;0;1;5;5;0;100;0;0;0;1;1561;"Fensterheber"
"5826225";7;7;0;0;2;2;0;100;0;0;0;1;1561;"Fensterheber"
"5827261";49;49;0;0;13;13;0;100;0;0;0;1;1561;"Fensterheber"
"5827262";42;42;0;0;10;10;0;100;0;0;0;1;1561;"Fensterheber"
"5827263";55;54;0;1;9;9;0;100;0;0;0;1;1561;"Fensterheber"
"5827264";29;29;0;0;8;8;0;100;0;0;0;1;1561;"Fensterheber"
"5827265";69;69;0;0;23;23;0;100;0;0;0;1;1561;"Fensterheber"
"5827265VWA";1;1;0;0;1;1;0;100;0;0;0;0;1561;"Fensterheber"
"5827266";55;55;0;0;16;16;0;100;0;0;0;1;1561;"Fensterheber"
"5827267";29;29;0;0;5;5;0;100;0;0;0;1;1561;"Fensterheber"
"5827268";30;30;0;0;8;8;0;100;0;0;0;1;1561;"Fensterheber"
"5828268";11;11;0;0;1;1;0;100;0;0;0;1;1561;"Fensterheber"
"5829261";55;55;0;0;16;16;0;100;0;0;0;1;1561;"Fensterheber"
"5829262";65;64;0;1;17;17;0;100;0;0;0;1;1561;"Fensterheber"
"5829263";208;208;0;0;60;60;0;100;0;0;0;1;1561;"Fensterheber"
"5829263VAN";1;1;0;0;1;1;0;100;0;0;0;0;1561;"Fensterheber"
"5829263VWA";1;1;0;0;1;1;0;100;0;0;0;0;1561;"Fensterheber"
"5829264";164;163;1;0;39;39;0;100;0;0;0;1;1561;"Fensterheber"
"5829264VAN";4;4;0;0;2;2;0;100;0;0;0;0;1561;"Fensterheber"
"5829264VWA";2;2;0;0;1;1;0;100;0;0;0;0;1561;"Fensterheber"
"5829265";48;48;0;0;7;7;0;100;0;0;0;1;1561;"Fensterheber"
"5829266";16;15;0;1;6;6;0;100;0;0;0;1;1561;"Fensterheber"
"5829266VAN";1;1;0;0;1;1;0;100;0;0;0;0;1561;"Fensterheber"
"5834225";3;3;0;0;1;1;0;100;0;0;0;1;1561;"Fensterheber"
"5836261";77;74;0;3;32;30;0;93,75;0;0;0;1;1561;"Fensterheber"
"5836263";29;29;0;0;4;4;0;100;0;0;0;1;1561;"Fensterheber"
"5836264";40;40;0;0;9;8;0;88,89;0;0;0;1;1561;"Fensterheber"
"5836265";61;61;0;0;20;18;0;90;0;0;0;1;1561;"Fensterheber"
"5836266";57;57;0;0;10;9;0;90;0;0;0;1;1561;"Fensterheber"
"5836267";15;15;0;0;3;3;0;100;0;0;0;1;1561;"Fensterheber"
"5839261";7;7;0;0;1;1;0;100;0;0;0;1;1561;"Fensterheber"
"5839262";22;22;0;0;5;5;0;100;0;0;0;1;1561;"Fensterheber"
"5839263";34;34;0;0;8;8;0;100;0;0;0;1;1561;"Fensterheber"
"5839264";34;34;0;0;5;4;0;80;0;0;0;1;1561;"Fensterheber"
"5839265";17;17;0;0;4;4;0;100;0;0;0;1;1561;"Fensterheber"
"5839266";17;17;0;0;6;6;0;100;0;0;0;1;1561;"Fensterheber"
"5841264";2;2;0;0;1;1;0;100;0;0;0;1;1561;"Fensterheber"
"5846261";12;12;0;0;1;1;0;100;0;0;0;1;1561;"Fensterheber"
"5846262";22;22;0;0;7;7;0;100;0;0;0;1;1561;"Fensterheber"
"5848261";5;3;1;1;2;2;0;100;0;0;0;1;1561;"Fensterheber"
"5849261";17;13;0;4;3;3;0;100;0;0;0;1;1561;"Fensterheber"
"5849262";4;4;0;0;1;1;0;100;0;0;0;1;1561;"Fensterheber"
"5856261";34;34;0;0;8;8;0;100;0;0;0;1;1561;"Fensterheber"
"5856262";22;22;0;0;1;1;0;100;0;0;0;1;1561;"Fensterheber"
"5856262VAN";2;2;0;0;1;1;0;100;0;0;0;0;1561;"Fensterheber"
"5856262WEZEL";2;2;0;0;1;1;0;100;0;0;0;0;1561;"Fensterheber"
"5856263";37;36;0;1;6;6;0;100;0;0;0;1;1561;"Fensterheber"
"5856264";35;35;0;0;7;7;0;100;0;0;0;1;1561;"Fensterheber"
"5856265";24;22;2;0;6;6;0;100;0;0;0;1;1561;"Fensterheber"
"5856266";33;33;0;0;4;4;0;100;0;0;0;1;1561;"Fensterheber"
"5856267";36;35;1;0;7;7;0;100;0;0;0;1;1561;"Fensterheber"
"5856268";33;32;1;0;8;8;0;100;0;0;0;1;1561;"Fensterheber"
"5863261";55;55;0;0;12;12;0;100;0;0;0;1;1561;"Fensterheber"
"5863262";48;48;0;0;14;14;0;100;0;0;0;1;1561;"Fensterheber"
"5867261";13;13;0;0;2;2;0;100;0;0;0;1;1561;"Fensterheber"
"5867262";10;10;0;0;1;1;0;100;0;0;0;1;1561;"Fensterheber"
"5867263";13;13;0;0;2;2;0;100;0;0;0;1;1561;"Fensterheber"
"5867264";15;14;0;1;1;1;0;100;0;0;0;1;1561;"Fensterheber"
"5874231";4;4;0;0;1;1;0;100;0;0;0;1;1561;"Fensterheber"
"5874231VAN";1;1;0;0;1;1;0;100;0;0;0;0;1561;"Fensterheber"
"5874232";2;1;1;0;1;1;0;100;0;0;0;1;1561;"Fensterheber"
"5874261";38;38;0;0;9;9;0;100;0;0;0;1;1561;"Fensterheber"
"5874262";24;23;0;1;3;3;0;100;0;0;0;1;1561;"Fensterheber"
"5874263";32;31;1;0;9;9;0;100;0;0;0;1;1561;"Fensterheber"
"5874264";10;10;0;0;2;2;0;100;0;0;0;1;1561;"Fensterheber"
"5875231";34;31;0;3;8;8;0;100;0;0;0;1;1561;"Fensterheber"
"588001";892;890;0;2;269;1;0;0,37;0;0;0;0;1561;"Fensterheber"
"58802111";1;1;0;0;1;1;0;100;0;0;0;1;1561;"Fensterheber"
"5880225";38;36;1;1;11;11;0;100;0;0;0;1;1561;"Fensterheber"
"5880267";12;12;0;0;4;4;0;100;0;0;0;1;1561;"Fensterheber"
"5880268";7;7;0;0;1;1;0;100;0;0;0;1;1561;"Fensterheber"
"5883261";23;23;0;0;3;3;0;100;0;0;0;1;1561;"Fensterheber"
"588326136";2;2;0;0;1;1;0;100;0;0;0;0;1561;"Fensterheber"
"5883262";14;12;0;2;2;2;0;100;0;0;0;1;1561;"Fensterheber"
"5883263";21;21;0;0;6;6;0;100;0;0;0;1;1561;"Fensterheber"
"5883264";23;23;0;0;8;8;0;100;0;0;0;1;1561;"Fensterheber"
"5883267";18;11;0;7;2;2;0;100;0;0;0;1;1561;"Fensterheber"
"5883268";8;7;0;1;2;2;0;100;0;0;0;1;1561;"Fensterheber"
"5886261";59;56;0;3;10;10;0;100;0;0;0;1;1561;"Fensterheber"
"5886261VAN";1;1;0;0;1;1;0;100;0;0;0;0;1561;"Fensterheber"
"5886262";16;16;0;0;5;5;0;100;0;0;0;1;1561;"Fensterheber"
"5888225";47;36;0;11;3;3;0;100;0;0;0;1;1561;"Fensterheber"
"5888226";25;19;0;6;2;2;0;100;0;0;0;1;1561;"Fensterheber"
"5888261";35;34;0;1;11;11;0;100;0;0;0;1;1561;"Fensterheber"
"5888262";28;28;0;0;3;3;0;100;0;0;0;1;1561;"Fensterheber"
"5888263";102;101;0;1;43;43;0;100;0;0;0;1;1561;"Fensterheber"
"5888264";74;73;0;1;20;20;0;100;0;0;0;1;1561;"Fensterheber"
"5888265";17;17;0;0;5;5;0;100;0;0;0;1;1561;"Fensterheber"
"5888266";24;23;0;1;4;3;0;75;0;0;0;1;1561;"Fensterheber"
"58890";14;13;0;1;2;2;0;100;0;0;0;1;1561;"Fensterheber"
"58891";26;26;0;0;3;3;0;100;0;0;0;1;1561;"Fensterheber"
"58892";15;14;0;1;2;2;0;100;0;0;0;1;1561;"Fensterheber"
"58894";12;12;0;0;2;1;0;50;0;0;0;1;1561;"Fensterheber"
"58900";24;24;0;0;4;1;0;25;0;0;0;1;1561;"Fensterheber"
"58902";5;5;0;0;1;1;0;100;0;0;0;1;1561;"Fensterheber"
"5891261";78;56;0;22;7;7;0;100;0;0;0;1;1561;"Fensterheber"
"5891262";36;28;0;8;7;7;0;100;0;0;0;1;1561;"Fensterheber"
"5892261";145;142;0;3;43;43;0;100;0;0;0;1;1561;"Fensterheber"
"5892261VAN";2;2;0;0;1;1;0;100;0;0;0;0;1561;"Fensterheber"
"5892262";109;109;0;0;22;22;0;100;0;0;0;1;1561;"Fensterheber"
"5892263";20;20;0;0;6;6;0;100;0;0;0;1;1561;"Fensterheber"
"5892264";18;18;0;0;6;6;0;100;0;0;0;1;1561;"Fensterheber"
"5894261";178;177;1;0;55;54;0;98,18;0;0;0;1;1561;"Fensterheber"
"5894262";76;76;0;0;25;25;0;100;0;0;0;1;1561;"Fensterheber"
"5894263";38;38;0;0;10;10;0;100;0;0;0;1;1561;"Fensterheber"
"5894264";46;46;0;0;9;9;0;100;0;0;0;1;1561;"Fensterheber"
"5894267";67;67;0;0;18;18;0;100;0;0;0;1;1561;"Fensterheber"
"5894267VAN";1;1;0;0;1;1;0;100;0;0;0;0;1561;"Fensterheber"
"5894267VWA";1;1;0;0;1;1;0;100;0;0;0;0;1561;"Fensterheber"
"5894268";45;44;0;1;18;18;0;100;0;0;0;1;1561;"Fensterheber"
"5895261";107;107;0;0;22;22;0;100;0;0;0;1;1561;"Fensterheber"
"5895261VWA";1;1;0;0;1;1;0;100;0;0;0;0;1561;"Fensterheber"
"5895262";52;51;0;1;4;4;0;100;0;0;0;1;1561;"Fensterheber"
"5896261";67;67;0;0;17;17;0;100;0;0;0;1;1561;"Fensterheber"
"5896262";45;45;0;0;13;13;0;100;0;0;0;1;1561;"Fensterheber"
"5896263";25;24;0;1;7;7;0;100;0;0;0;1;1561;"Fensterheber"
"5896264";20;20;0;0;3;3;0;100;0;0;0;1;1561;"Fensterheber"
"5901619519271";1;1;0;0;1;1;0;100;0;0;0;0;1561;"Fensterheber"
"5902659734662";1;1;0;0;1;1;0;100;0;0;0;0;1561;"Fensterheber"
"5902659735676";1;1;0;0;1;1;0;100;0;0;0;0;1561;"Fensterheber"
"5903766389066";1;1;0;0;1;1;0;100;0;0;0;0;1561;"Fensterheber"
"59038";18;13;0;5;2;1;0;50;0;0;0;1;1561;"Fensterheber"
"5905141970845";1;1;0;0;1;1;0;100;0;0;0;0;1561;"Fensterheber"
"5905141970852";2;2;0;0;1;1;0;100;0;0;0;0;1561;"Fensterheber"
"5907558589177";1;1;0;0;1;1;0;100;0;0;0;0;1561;"Fensterheber"
"5C5837461B";35;16;11;8;1;1;0;100;1;0;0;0;1561;"Fensterheber"
"5C5837461C";18;12;1;5;1;1;0;100;1;0;0;0;1561;"Fensterheber"
"5C5837461D";28;16;5;7;2;2;0;100;1;0;0;0;1561;"Fensterheber"
"5C5837461E";64;40;2;22;8;8;0;100;1;0;0;0;1561;"Fensterheber"
"5C5837461G";152;91;10;51;16;16;0;100;1;0;0;0;1561;"Fensterheber"
"5C5837462A";16;8;0;8;2;2;0;100;1;0;0;0;1561;"Fensterheber"
"5C5837462B";19;6;2;11;1;1;0;100;1;0;0;0;1561;"Fensterheber"
"5C5837462C";29;20;0;9;1;1;0;100;1;0;0;0;1561;"Fensterheber"
"5C5837462E";79;60;3;16;11;11;0;100;1;0;0;0;1561;"Fensterheber"
"5C5837462G";118;73;5;40;9;9;0;100;1;0;0;0;1561;"Fensterheber"
"5C6837461E";16;11;5;0;3;3;0;100;1;0;0;0;1561;"Fensterheber"
"5E0837461";41;31;8;2;2;2;0;100;1;0;0;0;1561;"Fensterheber"
"5E0837461A";3;3;0;0;1;1;0;100;1;0;1;0;1561;"Fensterheber"
"5E0837461B";61;55;0;6;3;3;0;100;1;0;0;0;1561;"Fensterheber"
"5E0839461";43;34;0;9;1;1;0;100;1;0;1;0;1561;"Fensterheber"
"5E0839462";14;13;0;1;3;3;0;100;1;0;1;0;1561;"Fensterheber"
"5F4837461B";16;10;1;5;1;1;0;100;1;0;1;0;1561;"Fensterheber"
"5F4837461D";213;99;3;111;13;13;0;100;1;0;0;0;1561;"Fensterheber"
"5F4837462C";12;7;0;5;1;1;0;100;1;0;1;0;1561;"Fensterheber"
"5F4837462D";153;60;8;85;4;4;0;100;1;0;0;0;1561;"Fensterheber"
"5F4839461D";23;15;0;8;1;1;0;100;1;0;0;0;1561;"Fensterheber"
"5G3837461H";59;7;1;51;2;2;0;100;1;0;0;0;1561;"Fensterheber"
"5G4837461E";7;6;0;1;1;1;0;100;1;0;1;0;1561;"Fensterheber"
"5G4837461F";19;17;0;2;1;1;0;100;1;0;1;1;1561;"Fensterheber"
"5G4837461G";4;3;1;0;1;1;0;100;1;0;0;0;1561;"Fensterheber"
"5G4837461H";328;310;2;16;64;62;0;96,88;1;0;0;0;1561;"Fensterheber"
"5G4837462F";9;6;0;3;1;1;0;100;1;0;1;0;1561;"Fensterheber"
"5G4837462G";11;7;0;4;1;1;0;100;1;0;1;0;1561;"Fensterheber"
"5G4837462H";144;140;0;4;23;21;0;91,30;1;0;1;0;1561;"Fensterheber"
"5G4839461B";162;153;0;9;42;42;0;100;1;0;1;1;1561;"Fensterheber"
"5G4839461C";207;204;0;3;47;46;1;97,87;1;0;1;0;1561;"Fensterheber"
"5G4839462B";164;156;0;8;37;37;0;100;1;0;1;1;1561;"Fensterheber"
"5G4839462C";179;177;0;2;56;54;3;96,43;1;0;1;0;1561;"Fensterheber"
"5GM837462E";2;1;0;1;1;1;0;100;0;0;0;0;1561;"Fensterheber"
"5H0837461G";4;0;2;2;1;1;0;100;0;0;0;0;1561;"Fensterheber"
"5J4837461";487;480;0;7;96;87;0;90,63;1;0;1;0;1561;"Fensterheber"
"5J4837461MG";8;8;0;0;2;2;0;100;0;0;0;0;1561;"Fensterheber"
"5J4837462";241;220;0;21;43;38;0;88,37;1;0;1;0;1561;"Fensterheber"
"5J7837461";96;95;0;1;15;15;0;100;1;0;1;0;1561;"Fensterheber"
"5J7837462";62;54;2;6;11;11;0;100;1;0;1;0;1561;"Fensterheber"
"5J7839461";27;23;0;4;1;1;0;100;1;0;0;0;1561;"Fensterheber"
"5J7839462";14;8;0;6;2;2;0;100;1;0;0;0;1561;"Fensterheber"
"5JA837461";467;426;2;39;78;73;0;93,59;1;0;0;0;1561;"Fensterheber"
"5JA837461A";140;119;2;19;11;9;0;81,82;0;0;0;0;1561;"Fensterheber"
"5JA837462";159;148;1;10;20;18;0;90;1;0;0;0;1561;"Fensterheber"
"5JA837462A";38;33;0;5;2;2;0;100;0;0;0;0;1561;"Fensterheber"
"5JA839462";20;12;0;8;1;1;0;100;1;0;0;0;1561;"Fensterheber"
"5K0837461B";285;267;0;18;33;33;0;100;1;0;0;0;1561;"Fensterheber"
"5K0837461D";133;124;0;9;31;31;0;100;1;0;1;1;1561;"Fensterheber"
"5K0837462B";249;224;0;25;17;16;0;94,12;1;0;0;0;1561;"Fensterheber"
"5K0837462D";168;163;0;5;38;37;0;97,37;1;0;1;1;1561;"Fensterheber"
"5K4839461";459;395;4;60;50;46;0;92;1;0;0;0;1561;"Fensterheber"
"5K4839462";384;334;4;46;45;42;0;93,33;1;0;0;0;1561;"Fensterheber"
"5L0837461";76;70;0;6;11;11;0;100;1;0;1;0;1561;"Fensterheber"
"5L0837462";76;70;0;6;7;7;0;100;1;0;1;0;1561;"Fensterheber"
"5M0837461";603;573;2;28;140;123;0;87,86;1;0;1;0;1561;"Fensterheber"
"5M0837462";315;302;0;13;64;51;0;79,69;1;0;1;0;1561;"Fensterheber"
"5M0839461";66;62;0;4;4;3;0;75;1;0;1;0;1561;"Fensterheber"
"5M0839462";44;34;0;10;4;3;0;75;1;0;1;0;1561;"Fensterheber"
"5N0837461";74;71;0;3;11;11;0;100;1;0;1;1;1561;"Fensterheber"
"5N0837462";22;22;0;0;3;3;0;100;1;0;1;0;1561;"Fensterheber"
"5N0839461A";44;39;0;5;3;3;0;100;1;0;1;0;1561;"Fensterheber"
"5N0839462A";39;37;0;2;1;1;0;100;1;0;1;0;1561;"Fensterheber"
"5NA837461A";40;33;0;7;3;3;0;100;1;0;0;0;1561;"Fensterheber"
"5NA837462A";19;12;0;7;1;1;0;100;1;0;0;0;1561;"Fensterheber"
"5NA839462C";17;5;1;11;1;1;0;100;1;0;0;0;1561;"Fensterheber"
"5P0837461";645;615;0;30;161;148;6;91,93;1;0;1;0;1561;"Fensterheber"
"5P0837462";759;716;1;42;199;182;5;91,46;1;0;1;0;1561;"Fensterheber"
"5P0839461A";285;252;0;33;29;27;4;93,10;1;0;1;0;1561;"Fensterheber"
"5P0839462A";225;198;0;27;18;17;2;94,44;1;0;1;0;1561;"Fensterheber"
"5TA837461";19;17;0;2;2;2;0;100;1;0;0;0;1561;"Fensterheber"
"5TA837461A";28;26;0;2;3;3;0;100;1;0;0;0;1561;"Fensterheber"
"5TA837462A";41;38;0;3;6;6;0;100;1;0;0;0;1561;"Fensterheber"
"5Z0959801B";16;16;0;0;3;3;0;100;1;0;0;0;1561;"Fensterheber"
"5Z0959802B";23;22;0;1;3;3;0;100;1;0;0;0;1561;"Fensterheber"
"5Z3834501";10;8;0;2;1;1;0;100;0;0;0;0;1561;"Fensterheber"
"5Z3837461";3;3;0;0;1;1;0;100;1;0;1;1;1561;"Fensterheber"
"5Z3837461A";197;188;0;9;57;56;0;98,25;1;0;1;0;1561;"Fensterheber"
"5Z3837462A";165;161;0;4;58;55;0;94,83;1;0;1;0;1561;"Fensterheber"
"5Z3837501E";415;398;2;15;141;140;0;99,29;1;0;0;0;1561;"Fensterheber"
"5Z3837502";16;16;0;0;2;2;0;100;1;0;1;0;1561;"Fensterheber"
"5Z3837502E";329;309;0;20;84;84;0;100;1;0;0;0;1561;"Fensterheber"
"6000617946";13;7;1;5;1;1;0;100;0;0;0;1;1561;"Fensterheber"
"6000617948";7;7;0;0;1;1;0;100;1;0;1;1;1561;"Fensterheber"
"6001547149";37;37;0;0;1;1;0;100;1;0;1;0;1561;"Fensterheber"
"6001547150";22;22;0;0;1;1;0;100;1;0;1;0;1561;"Fensterheber"
"6004PSE1";8;6;0;2;1;1;0;100;0;0;0;1;1561;"Fensterheber"
"6004PSE2";3;3;0;0;1;1;0;100;0;0;0;1;1561;"Fensterheber"
"600633400L";18;4;4;10;1;1;0;100;0;0;0;0;1561;"Fensterheber"
"6007PSE4POL";2;2;0;0;1;1;0;100;0;0;0;0;1561;"Fensterheber"
"6007PSE8POL";1;1;0;0;1;1;0;100;0;0;0;0;1561;"Fensterheber"
"60090570";8;6;0;2;1;1;0;100;0;1;0;1;1561;"Fensterheber"
"60090700";18;17;0;1;1;1;1;100;0;1;0;1;1561;"Fensterheber"
"60090710";47;44;0;3;6;6;4;100;0;1;0;1;1561;"Fensterheber"
"60090720";26;23;0;3;2;2;2;100;0;1;0;1;1561;"Fensterheber"
"60090730";38;38;0;0;7;7;6;100;0;1;0;1;1561;"Fensterheber"
"60090850";28;26;0;2;4;4;4;100;0;1;0;1;1561;"Fensterheber"
"60091540";22;17;0;5;1;1;1;100;0;1;0;1;1561;"Fensterheber"
"60100020";17;15;0;2;1;1;0;100;0;1;0;1;1561;"Fensterheber"
"6012PSE1";10;9;1;0;1;1;0;100;0;0;0;1;1561;"Fensterheber"
"6012PSG1";4;3;0;1;1;1;0;100;0;0;0;1;1561;"Fensterheber"
"6012PSG8POL";1;1;0;0;1;1;0;100;0;0;0;0;1561;"Fensterheber"
"6014PSG2";8;2;0;6;1;1;0;100;0;0;0;1;1561;"Fensterheber"
"6015PSE1";8;8;0;0;2;2;0;100;0;0;0;1;1561;"Fensterheber"
"6015PSE2";3;3;0;0;1;1;0;100;0;0;0;1;1561;"Fensterheber"
"6015PSG1";9;9;0;0;1;1;0;100;0;0;0;1;1561;"Fensterheber"
"601603";8;8;0;0;2;1;0;50;0;0;0;0;1561;"Fensterheber"
"60270470";23;23;0;0;1;1;1;100;0;1;0;1;1561;"Fensterheber"
"60270520";29;28;0;1;4;4;3;100;0;1;0;1;1561;"Fensterheber"
"60270530";34;34;0;0;6;6;6;100;0;1;0;1;1561;"Fensterheber"
"60270590";50;49;0;1;1;1;0;100;0;1;0;1;1561;"Fensterheber"
"60300130";13;13;0;0;2;2;2;100;0;1;0;1;1561;"Fensterheber"
"60300340";30;27;0;3;2;2;2;100;0;1;0;1;1561;"Fensterheber"
"60300350";21;19;0;2;3;3;3;100;0;1;0;1;1561;"Fensterheber"
"60321101";4;4;0;0;3;3;0;100;0;0;0;1;1561;"Fensterheber"
"60321801";6;6;0;0;3;3;0;100;0;0;0;1;1561;"Fensterheber"
"6037PSG1";5;5;0;0;1;1;0;100;0;0;0;1;1561;"Fensterheber"
"6037PSG1POL";4;4;0;0;5;5;0;100;0;0;0;0;1561;"Fensterheber"
"60390080";21;21;0;0;1;1;1;100;0;1;0;1;1561;"Fensterheber"
"60390090";14;14;0;0;2;2;2;100;0;1;0;1;1561;"Fensterheber"
"60390100";4;3;0;1;1;1;1;100;0;1;0;1;1561;"Fensterheber"
"60400230";22;22;0;0;2;2;1;100;0;1;0;1;1561;"Fensterheber"
"60400240";5;5;0;0;1;1;0;100;0;1;0;1;1561;"Fensterheber"
"60400360";15;14;0;1;1;1;0;100;0;1;0;1;1561;"Fensterheber"
"60400370";14;14;0;0;1;1;1;100;0;1;0;1;1561;"Fensterheber"
"60401390";13;13;0;0;1;1;1;100;0;1;0;1;1561;"Fensterheber"
"60401400";13;13;0;0;2;2;2;100;0;1;0;1;1561;"Fensterheber"
"60401410";6;5;0;1;1;1;1;100;0;1;0;1;1561;"Fensterheber"
"60411802";3;3;0;0;1;1;0;100;0;0;0;1;1561;"Fensterheber"
"60411803";6;6;0;0;2;2;0;100;0;0;0;1;1561;"Fensterheber"
"60460310";6;6;0;0;1;1;0;100;0;1;0;1;1561;"Fensterheber"
"60480100";2;2;0;0;1;1;0;100;0;1;0;1;1561;"Fensterheber"
"60491060";7;7;0;0;1;1;1;100;0;1;0;1;1561;"Fensterheber"
"60491070";11;11;0;0;2;2;1;100;0;1;0;1;1561;"Fensterheber"
"60500520";42;38;0;4;8;8;8;100;0;1;0;1;1561;"Fensterheber"
"60500530";74;70;0;4;12;12;12;100;0;1;0;1;1561;"Fensterheber"
"60501430";8;8;0;0;1;1;1;100;0;1;0;1;1561;"Fensterheber"
"60551803";3;3;0;0;1;1;0;100;0;0;0;1;1561;"Fensterheber"
"60578693";12;7;0;5;1;1;0;100;1;0;0;0;1561;"Fensterheber"
"60600095231802P";6;6;0;0;2;2;0;100;0;0;0;1;1561;"Fensterheber"
"606000AI3905";7;7;0;0;1;1;0;100;0;0;0;1;1561;"Fensterheber"
"606000AI3918";23;21;0;2;3;3;0;100;0;0;0;1;1561;"Fensterheber"
"606000AI3919";21;20;0;1;1;1;0;100;0;0;0;1;1561;"Fensterheber"
"606000AI7564";6;6;0;0;1;1;0;100;0;0;0;1;1561;"Fensterheber"
"606000BW3502";6;5;0;1;1;1;0;100;0;0;0;1;1561;"Fensterheber"
"606000BW3503";12;12;0;0;2;2;0;100;0;0;0;1;1561;"Fensterheber"
"606000BW3993";10;9;0;1;1;1;0;100;0;0;0;1;1561;"Fensterheber"
"606000BW4002";3;3;0;0;1;1;0;100;0;0;0;1;1561;"Fensterheber"
"606000CI2435";9;8;0;1;2;2;0;100;0;0;0;1;1561;"Fensterheber"
"606000CI9585";1;1;0;0;1;1;0;100;0;0;0;1;1561;"Fensterheber"
"606000FI1704";6;1;0;5;1;1;0;100;0;0;0;1;1561;"Fensterheber"
"606000FI9584";7;6;0;1;3;3;0;100;0;0;0;1;1561;"Fensterheber"
"606000FI9585";7;7;0;0;1;1;0;100;0;0;0;1;1561;"Fensterheber"
"606000MC4311";3;1;0;2;1;1;0;100;0;0;0;1;1561;"Fensterheber"
"606000MI7903";4;1;1;2;1;1;0;100;0;0;0;1;1561;"Fensterheber"
"606000NI4549";3;1;0;2;1;1;0;100;0;0;0;1;1561;"Fensterheber"
"606000NI4557";4;4;0;0;3;3;0;100;0;0;0;1;1561;"Fensterheber"
"606000PE4135";9;7;0;2;1;1;0;100;0;0;0;1;1561;"Fensterheber"
"606000PE4450";6;1;0;5;2;2;0;100;0;0;0;1;1561;"Fensterheber"
"606000RE2508";1;1;0;0;1;1;0;100;0;0;0;1;1561;"Fensterheber"
"606000RE2509";2;2;0;0;1;1;0;100;0;0;0;1;1561;"Fensterheber"
"606000RE44954555";2;2;0;0;1;1;0;100;0;0;0;0;1561;"Fensterheber"
"606000RE4544";5;4;0;1;1;1;0;100;0;0;0;1;1561;"Fensterheber"
"606000RE4545";2;2;0;0;1;1;0;100;0;0;0;1;1561;"Fensterheber"
"606000RE4547";2;2;0;0;1;1;0;100;0;0;0;1;1561;"Fensterheber"
"606000RE4569";1;1;0;0;2;2;0;100;0;0;0;1;1561;"Fensterheber"
"606000RE4586";3;3;0;0;1;1;0;100;0;0;0;1;1561;"Fensterheber"
"606000RE4589";5;4;0;1;1;1;0;100;0;0;0;1;1561;"Fensterheber"
"606000RE4591";15;7;1;7;2;2;0;100;0;0;0;1;1561;"Fensterheber"
"606000SE4611";11;10;0;1;2;2;0;100;0;0;0;1;1561;"Fensterheber"
"606000SE4615";7;6;0;1;3;3;0;100;0;0;0;1;1561;"Fensterheber"
"606000SE4634";4;4;0;0;1;1;0;100;0;0;0;1;1561;"Fensterheber"
"606000SE4642";8;7;0;1;1;1;0;100;0;0;0;1;1561;"Fensterheber"
"606000SE4643";13;12;0;1;1;1;0;100;0;0;0;1;1561;"Fensterheber"
"606000SE4648";7;6;0;1;1;1;0;100;0;0;0;1;1561;"Fensterheber"
"606000SE4895";3;3;0;0;2;2;0;100;0;0;0;1;1561;"Fensterheber"
"606000SO4162";17;17;0;0;4;4;0;100;0;0;0;1;1561;"Fensterheber"
"606000SO4163";16;14;0;2;1;1;0;100;0;0;0;1;1561;"Fensterheber"
"606000SO4191";1;1;0;0;1;1;0;100;0;0;0;1;1561;"Fensterheber"
"606000VW4823";7;4;0;3;1;1;0;100;0;0;0;1;1561;"Fensterheber"
"606000VW4825";7;7;0;0;2;2;0;100;0;0;0;1;1561;"Fensterheber"
"606000VW4835";13;13;0;0;3;3;0;100;0;0;0;1;1561;"Fensterheber"
"606000VW4837";21;21;0;0;1;1;0;100;0;0;0;1;1561;"Fensterheber"
"606000VW4875";2;2;0;0;1;1;0;100;0;0;0;1;1561;"Fensterheber"
"606000VW4880";10;9;0;1;2;2;0;100;0;0;0;1;1561;"Fensterheber"
"606001037864P";2;1;0;1;1;1;0;100;0;0;0;1;1561;"Fensterheber"
"606001039859P";6;6;0;0;1;1;0;100;0;0;0;1;1561;"Fensterheber"
"606001039860P";10;10;0;0;1;1;0;100;0;0;0;1;1561;"Fensterheber"
"606001040860";8;6;0;2;1;1;0;100;0;0;0;1;1561;"Fensterheber"
"606001053863P";6;5;0;1;2;2;0;100;0;0;0;1;1561;"Fensterheber"
"606001053864P";7;7;0;0;1;1;0;100;0;0;0;1;1561;"Fensterheber"
"606001063860P";4;4;0;0;1;1;0;100;0;0;0;1;1561;"Fensterheber"
"606004044861P";3;1;0;2;1;1;0;100;0;0;0;1;1561;"Fensterheber"
"606008028859P";2;2;0;0;1;1;0;100;0;0;0;1;1561;"Fensterheber"
"606008035861P";8;8;0;0;1;1;0;100;0;0;0;1;1561;"Fensterheber"
"606008035862P";12;3;0;9;1;1;0;100;0;0;0;1;1561;"Fensterheber"
"606009030859P";8;4;0;4;1;1;0;100;0;0;0;1;1561;"Fensterheber"
"606010001861";2;2;0;0;1;1;0;100;0;0;0;1;1561;"Fensterheber"
"606021026859P";1;0;0;1;1;1;0;100;0;0;0;1;1561;"Fensterheber"
"606043005859P";7;7;0;0;1;1;0;100;0;0;0;1;1561;"Fensterheber"
"606043005860P";3;3;0;0;1;1;0;100;0;0;0;1;1561;"Fensterheber"
"606043008859P";2;2;0;0;1;1;0;100;0;0;0;1;1561;"Fensterheber"
"606043010860P";1;1;0;0;1;1;0;100;0;0;0;1;1561;"Fensterheber"
"60667937";14;8;0;6;1;1;0;100;0;0;0;1;1561;"Fensterheber"
"60671194";4;4;0;0;1;1;0;100;1;0;1;0;1561;"Fensterheber"
"60672259";19;18;0;1;1;1;0;100;1;0;0;1;1561;"Fensterheber"
"60672278";20;20;0;0;1;1;0;100;1;0;1;1;1561;"Fensterheber"
"60695864";14;12;0;2;1;1;0;100;1;0;1;0;1561;"Fensterheber"
"60702380";5;5;0;0;1;1;0;100;0;1;0;1;1561;"Fensterheber"
"60702400";15;14;0;1;2;2;2;100;0;1;0;1;1561;"Fensterheber"
"60721101";3;3;0;0;1;1;0;100;0;0;0;1;1561;"Fensterheber"
"6073PSG2POL";1;1;0;0;1;1;0;100;0;0;0;0;1561;"Fensterheber"
"60800210";10;10;0;0;2;2;2;100;0;1;0;1;1561;"Fensterheber"
"60800760";8;8;0;0;1;1;0;100;0;1;0;1;1561;"Fensterheber"
"60800770";28;26;0;2;4;4;3;100;0;1;0;1;1561;"Fensterheber"
"60800890";9;8;0;1;1;1;1;100;0;1;0;1;1561;"Fensterheber"
"60800910";21;21;0;0;2;2;2;100;0;1;0;1;1561;"Fensterheber"
"60801140";13;13;0;0;1;1;1;100;0;1;0;1;1561;"Fensterheber"
"60801690";4;4;0;0;1;1;0;100;0;1;0;1;1561;"Fensterheber"
"60801720";11;11;0;0;1;1;1;100;0;1;0;1;1561;"Fensterheber"
"60801730";27;27;0;0;6;6;6;100;0;1;0;1;1561;"Fensterheber"
"60802010";14;12;0;2;1;1;1;100;0;1;0;1;1561;"Fensterheber"
"60802030";18;17;0;1;1;1;1;100;0;1;0;1;1561;"Fensterheber"
"60802040";16;16;0;0;3;3;3;100;0;1;0;1;1561;"Fensterheber"
"60802050";58;54;0;4;8;8;8;100;0;1;0;1;1561;"Fensterheber"
"60802100";5;3;1;1;1;1;0;100;0;1;0;1;1561;"Fensterheber"
"60802110";16;16;0;0;2;2;1;100;0;1;0;1;1561;"Fensterheber"
"60802270";10;8;0;2;1;1;0;100;0;1;0;1;1561;"Fensterheber"
"60802530";10;10;0;0;1;1;0;100;0;1;0;1;1561;"Fensterheber"
"60802550";17;15;0;2;1;1;0;100;0;1;0;1;1561;"Fensterheber"
"60802710";9;8;0;1;1;1;1;100;0;1;0;1;1561;"Fensterheber"
"60802790";66;59;0;7;6;6;6;100;0;1;0;1;1561;"Fensterheber"
"60802800";6;6;0;0;1;1;1;100;0;1;0;1;1561;"Fensterheber"
"60802810";5;4;0;1;1;1;1;100;0;1;0;1;1561;"Fensterheber"
"60802850";1;1;0;0;1;1;1;100;0;1;0;1;1561;"Fensterheber"
"60802970";24;22;0;2;1;1;1;100;0;1;0;1;1561;"Fensterheber"
"60802990";28;27;0;1;4;4;4;100;0;1;0;1;1561;"Fensterheber"
"60803000";29;29;0;0;1;1;1;100;0;1;0;1;1561;"Fensterheber"
"60803010";22;22;0;0;6;6;5;100;0;1;0;1;1561;"Fensterheber"
"60803020";41;40;0;1;3;3;3;100;0;1;0;1;1561;"Fensterheber"
"60803030";53;52;0;1;5;5;5;100;0;1;0;1;1561;"Fensterheber"
"60803040";32;31;0;1;1;1;1;100;0;1;0;1;1561;"Fensterheber"
"60803050";37;36;0;1;5;5;5;100;0;1;0;1;1561;"Fensterheber"
"60803060";46;41;0;5;5;5;4;100;0;1;0;1;1561;"Fensterheber"
"60803070";54;51;0;3;10;10;8;100;0;1;0;1;1561;"Fensterheber"
"60803090";10;10;0;0;1;1;1;100;0;1;0;1;1561;"Fensterheber"
"60803140";20;19;0;1;5;5;5;100;0;1;0;1;1561;"Fensterheber"
"60803150";19;19;0;0;2;2;2;100;0;1;0;1;1561;"Fensterheber"
"60803160";61;60;0;1;10;10;9;100;0;1;0;1;1561;"Fensterheber"
"60803170";67;67;0;0;14;14;14;100;0;1;0;1;1561;"Fensterheber"
"60803270";3;3;0;0;1;1;0;100;0;1;0;1;1561;"Fensterheber"
"60803300";10;9;0;1;2;2;2;100;0;1;0;1;1561;"Fensterheber"
"60803340";9;9;0;0;1;1;0;100;0;1;0;1;1561;"Fensterheber"
"60803350";7;7;0;0;2;2;2;100;0;1;0;1;1561;"Fensterheber"
"60803360";12;12;0;0;3;3;2;100;0;1;0;1;1561;"Fensterheber"
"60803370";6;5;0;1;1;1;1;100;0;1;0;1;1561;"Fensterheber"
"60803400";16;16;0;0;3;3;3;100;0;1;0;1;1561;"Fensterheber"
"60803410";12;12;0;0;2;2;2;100;0;1;0;1;1561;"Fensterheber"
"60803420";5;5;0;0;3;3;2;100;0;1;0;1;1561;"Fensterheber"
"60803430";5;5;0;0;1;1;1;100;0;1;0;1;1561;"Fensterheber"
"60803460";32;28;0;4;1;1;1;100;0;1;0;1;1561;"Fensterheber"
"60803470";19;19;0;0;2;2;2;100;0;1;0;1;1561;"Fensterheber"
"60803480";16;16;0;0;3;3;3;100;0;1;0;1;1561;"Fensterheber"
"60803490";19;18;0;1;1;1;1;100;0;1;0;1;1561;"Fensterheber"
"60803580";45;41;1;3;1;1;1;100;0;1;0;1;1561;"Fensterheber"
"60803590";88;81;0;7;6;6;5;100;0;1;0;1;1561;"Fensterheber"
"60803660";9;9;0;0;2;2;1;100;0;1;0;1;1561;"Fensterheber"
"60803670";34;33;0;1;9;9;3;100;0;1;0;1;1561;"Fensterheber"
"60803690";35;34;0;1;7;7;7;100;0;1;0;1;1561;"Fensterheber"
"60803700";25;24;0;1;5;5;5;100;0;1;0;1;1561;"Fensterheber"
"60803710";33;33;0;0;4;4;4;100;0;1;0;1;1561;"Fensterheber"
"60803870";16;14;0;2;4;4;4;100;0;1;0;1;1561;"Fensterheber"
"60803880";28;27;0;1;2;2;2;100;0;1;0;1;1561;"Fensterheber"
"60803890";101;96;0;5;18;18;18;100;0;1;0;1;1561;"Fensterheber"
"60804130";26;26;0;0;4;4;3;100;0;1;0;1;1561;"Fensterheber"
"60804150";23;18;0;5;3;3;0;100;0;1;0;1;1561;"Fensterheber"
"60804160";28;28;0;0;2;2;1;100;0;1;0;1;1561;"Fensterheber"
"60804170";46;45;0;1;2;2;2;100;0;1;0;1;1561;"Fensterheber"
"60804200";27;26;0;1;5;5;4;100;0;1;0;1;1561;"Fensterheber"
"60804210";16;15;0;1;2;2;1;100;0;1;0;1;1561;"Fensterheber"
"60804380";10;10;0;0;1;1;1;100;0;1;0;1;1561;"Fensterheber"
"60804390";15;14;0;1;1;1;1;100;0;1;0;1;1561;"Fensterheber"
"60804500";17;17;0;0;3;3;3;100;0;1;0;1;1561;"Fensterheber"
"60804510";18;17;0;1;3;3;3;100;0;1;0;1;1561;"Fensterheber"
"60804520";24;23;0;1;2;2;2;100;0;1;0;1;1561;"Fensterheber"
"60804530";15;14;0;1;4;4;4;100;0;1;0;1;1561;"Fensterheber"
"60804540";11;8;0;3;1;1;1;100;0;1;0;1;1561;"Fensterheber"
"60804550";20;20;0;0;1;1;1;100;0;1;0;1;1561;"Fensterheber"
"60804560";34;34;0;0;14;14;14;100;0;1;0;1;1561;"Fensterheber"
"60804570";37;37;0;0;7;7;7;100;0;1;0;1;1561;"Fensterheber"
"60804680";32;32;0;0;2;2;2;100;0;1;0;1;1561;"Fensterheber"
"60804690";15;14;0;1;1;1;1;100;0;1;0;1;1561;"Fensterheber"
"60804700";20;19;0;1;1;1;1;100;0;1;0;1;1561;"Fensterheber"
"60804710";22;21;0;1;1;1;1;100;0;1;0;1;1561;"Fensterheber"
"60804740";57;52;0;5;2;2;2;100;0;1;0;1;1561;"Fensterheber"
"60804750";102;92;0;10;11;11;11;100;0;1;0;1;1561;"Fensterheber"
"60804820";2;2;0;0;1;1;1;100;0;1;0;1;1561;"Fensterheber"
"60804880";30;29;0;1;1;1;1;100;0;1;0;1;1561;"Fensterheber"
"60804890";35;34;0;1;7;7;6;100;0;1;0;1;1561;"Fensterheber"
"60805390";29;26;0;3;2;2;2;100;0;1;0;1;1561;"Fensterheber"
"60805500";18;18;0;0;4;4;4;100;0;1;0;1;1561;"Fensterheber"
"60805510";35;35;0;0;9;9;9;100;0;1;0;1;1561;"Fensterheber"
"60805520";6;6;0;0;2;2;2;100;0;1;0;1;1561;"Fensterheber"
"60805530";18;15;0;3;2;2;2;100;0;1;0;1;1561;"Fensterheber"
"60805540";36;35;0;1;8;8;8;100;0;1;0;1;1561;"Fensterheber"
"60805550";70;68;0;2;9;9;9;100;0;1;0;1;1561;"Fensterheber"
"60805840";4;3;0;1;1;1;1;100;0;1;0;1;1561;"Fensterheber"
"60805850";7;7;0;0;2;2;2;100;0;1;0;1;1561;"Fensterheber"
"60806080";26;23;0;3;3;3;3;100;0;1;0;1;1561;"Fensterheber"
"60806090";37;35;0;2;5;5;5;100;0;1;0;1;1561;"Fensterheber"
"60806200";16;16;0;0;3;3;3;100;0;1;0;1;1561;"Fensterheber"
"60806210";5;5;0;0;1;1;1;100;0;1;0;1;1561;"Fensterheber"
"60806230";2;2;0;0;1;1;1;100;0;1;0;1;1561;"Fensterheber"
"60806500";35;33;0;2;5;5;5;100;0;1;0;1;1561;"Fensterheber"
"60806510";15;15;0;0;3;3;3;100;0;1;0;1;1561;"Fensterheber"
"60806520";2;2;0;0;2;2;2;100;0;1;0;1;1561;"Fensterheber"
"60806740";15;15;0;0;1;1;1;100;0;1;0;1;1561;"Fensterheber"
"60806830";7;6;1;0;1;1;0;100;0;1;0;1;1561;"Fensterheber"
"60807170";36;34;0;2;10;10;10;100;0;1;0;1;1561;"Fensterheber"
"60807180";22;22;0;0;4;4;4;100;0;1;0;1;1561;"Fensterheber"
"60807190";27;27;0;0;10;10;8;100;0;1;0;1;1561;"Fensterheber"
"60807200";34;33;0;1;2;2;2;100;0;1;0;1;1561;"Fensterheber"
"60807210";5;5;0;0;1;1;1;100;0;1;0;1;1561;"Fensterheber"
"60807230";20;18;0;2;2;2;2;100;0;1;0;1;1561;"Fensterheber"
"60807250";19;19;0;0;1;1;1;100;0;1;0;1;1561;"Fensterheber"
"60807260";16;16;0;0;1;1;1;100;0;1;0;1;1561;"Fensterheber"
"60807370";23;20;0;3;2;2;2;100;0;1;0;1;1561;"Fensterheber"
"60807390";9;9;0;0;1;1;1;100;0;1;0;1;1561;"Fensterheber"
"60807400";7;7;0;0;1;1;1;100;0;1;0;1;1561;"Fensterheber"
"60807410";8;8;0;0;1;1;0;100;0;1;0;1;1561;"Fensterheber"
"60807430";9;9;0;0;2;2;1;100;0;1;0;1;1561;"Fensterheber"
"60807440";13;12;0;1;1;1;1;100;0;1;0;1;1561;"Fensterheber"
"60807460";7;7;0;0;1;1;1;100;0;1;0;1;1561;"Fensterheber"
"60807490";2;2;0;0;1;1;0;100;0;1;0;1;1561;"Fensterheber"
"60807530";16;15;0;1;1;1;1;100;0;1;0;1;1561;"Fensterheber"
"60807550";9;9;0;0;1;1;1;100;0;1;0;1;1561;"Fensterheber"
"60807670";18;16;0;2;2;2;1;100;0;1;0;1;1561;"Fensterheber"
"60807680";24;23;0;1;4;4;4;100;0;1;0;1;1561;"Fensterheber"
"60807950";23;22;0;1;1;1;0;100;0;1;0;1;1561;"Fensterheber"
"60807960";25;25;0;0;3;3;1;100;0;1;0;1;1561;"Fensterheber"
"60808050";21;20;0;1;3;3;3;100;0;1;0;1;1561;"Fensterheber"
"60808060";23;23;0;0;4;4;3;100;0;1;0;1;1561;"Fensterheber"
"60808100";11;11;0;0;3;3;3;100;0;1;0;1;1561;"Fensterheber"
"60808140";1;1;0;0;1;1;1;100;0;1;0;1;1561;"Fensterheber"
"60808200";13;11;0;2;1;1;1;100;0;1;0;1;1561;"Fensterheber"
"60808400";24;23;0;1;2;2;2;100;0;1;0;1;1561;"Fensterheber"
"60808410";11;10;0;1;1;1;1;100;0;1;0;1;1561;"Fensterheber"
"60808430";44;42;0;2;2;2;2;100;0;1;0;1;1561;"Fensterheber"
"60808440";55;53;0;2;5;5;5;100;0;1;0;1;1561;"Fensterheber"
"60808450";12;12;0;0;1;1;1;100;0;1;0;1;1561;"Fensterheber"
"60808650";48;46;0;2;7;7;7;100;0;1;0;1;1561;"Fensterheber"
"60808660";23;22;0;1;4;4;4;100;0;1;0;1;1561;"Fensterheber"
"60808790";11;11;0;0;1;1;1;100;0;1;0;1;1561;"Fensterheber"
"60808870";85;71;0;14;1;1;0;100;0;1;0;1;1561;"Fensterheber"
"60808880";37;35;0;2;3;3;3;100;0;1;0;1;1561;"Fensterheber"
"60809010";10;9;0;1;2;2;2;100;0;1;0;1;1561;"Fensterheber"
"60809020";10;10;0;0;1;1;1;100;0;1;0;1;1561;"Fensterheber"
"60809120";2;2;0;0;1;1;0;100;0;1;0;1;1561;"Fensterheber"
"60809140";12;12;0;0;1;1;1;100;0;1;0;1;1561;"Fensterheber"
"60809170";7;6;0;1;2;2;1;100;0;1;0;1;1561;"Fensterheber"
"60809200";21;19;0;2;1;1;1;100;0;1;0;1;1561;"Fensterheber"
"60809260";21;16;2;3;2;2;2;100;0;1;0;1;1561;"Fensterheber"
"60809270";5;5;0;0;1;1;1;100;0;1;0;1;1561;"Fensterheber"
"60809280";16;16;0;0;3;3;2;100;0;1;0;1;1561;"Fensterheber"
"60809290";18;17;0;1;2;2;2;100;0;1;0;1;1561;"Fensterheber"
"60809300";7;6;0;1;1;1;1;100;0;1;0;1;1561;"Fensterheber"
"60809330";14;6;0;8;1;1;0;100;0;1;0;1;1561;"Fensterheber"
"60809380";21;19;0;2;1;1;1;100;0;1;0;1;1561;"Fensterheber"
"60809410";24;23;0;1;1;1;1;100;0;1;0;1;1561;"Fensterheber"
"60809420";39;38;0;1;8;8;8;100;0;1;0;1;1561;"Fensterheber"
"60809540";6;6;0;0;1;1;1;100;0;1;0;1;1561;"Fensterheber"
"60809670";71;69;0;2;6;6;6;100;0;1;0;1;1561;"Fensterheber"
"60809680";68;63;0;5;5;5;4;100;0;1;0;1;1561;"Fensterheber"
"60809730";11;11;0;0;2;2;2;100;0;1;0;1;1561;"Fensterheber"
"60809740";23;22;0;1;5;5;5;100;0;1;0;1;1561;"Fensterheber"
"60809890";11;10;0;1;3;3;3;100;0;1;0;1;1561;"Fensterheber"
"60809900";11;6;0;5;1;1;1;100;0;1;0;1;1561;"Fensterheber"
"60809940";6;6;0;0;1;1;1;100;0;1;0;1;1561;"Fensterheber"
"60810150";55;53;0;2;7;7;7;100;0;1;0;1;1561;"Fensterheber"
"60810160";33;31;0;2;2;2;2;100;0;1;0;1;1561;"Fensterheber"
"60810190";10;10;0;0;1;1;1;100;0;1;0;1;1561;"Fensterheber"
"60810200";20;20;0;0;1;1;1;100;0;1;0;1;1561;"Fensterheber"
"60810270";3;3;0;0;1;1;0;100;0;1;0;1;1561;"Fensterheber"
"60810280";4;4;0;0;1;1;1;100;0;1;0;1;1561;"Fensterheber"
"60810290";12;12;0;0;5;5;4;100;0;1;0;1;1561;"Fensterheber"
"60810300";21;18;0;3;6;6;5;100;0;1;0;1;1561;"Fensterheber"
"60810310";26;26;0;0;8;8;8;100;0;1;0;1;1561;"Fensterheber"
"60810320";14;14;0;0;1;1;1;100;0;1;0;1;1561;"Fensterheber"
"60810400";8;8;0;0;1;1;1;100;0;1;0;1;1561;"Fensterheber"
"60810410";12;12;0;0;1;1;1;100;0;1;0;1;1561;"Fensterheber"
"60810480";1;1;0;0;1;1;0;100;0;1;0;1;1561;"Fensterheber"
"60810490";25;25;0;0;3;3;2;100;0;1;0;1;1561;"Fensterheber"
"60810500";30;30;0;0;2;2;2;100;0;1;0;1;1561;"Fensterheber"
"60810520";12;12;0;0;1;1;0;100;0;1;0;1;1561;"Fensterheber"
"60810550";11;9;0;2;1;1;1;100;0;1;0;1;1561;"Fensterheber"
"60810770";6;5;0;1;1;1;1;100;0;1;0;1;1561;"Fensterheber"
"60810820";7;7;0;0;1;1;0;100;0;1;0;1;1561;"Fensterheber"
"60810950";10;10;0;0;1;1;1;100;0;1;0;1;1561;"Fensterheber"
"60810960";15;15;0;0;5;5;5;100;0;1;0;1;1561;"Fensterheber"
"60810970";19;18;0;1;1;1;1;100;0;1;0;1;1561;"Fensterheber"
"60811040";7;7;0;0;1;1;1;100;0;1;0;1;1561;"Fensterheber"
"60811050";29;29;0;0;1;1;1;100;0;1;0;1;1561;"Fensterheber"
"60811120";1;1;0;0;1;1;0;100;0;1;0;1;1561;"Fensterheber"
"60811350";2;2;0;0;1;1;1;100;0;1;0;1;1561;"Fensterheber"
"60811590";25;23;0;2;1;1;1;100;0;1;0;1;1561;"Fensterheber"
"60811850";63;53;0;10;3;3;2;100;0;1;0;1;1561;"Fensterheber"
"60812040";11;11;0;0;1;1;1;100;0;1;0;1;1561;"Fensterheber"
"60812050";13;13;0;0;2;1;0;50;0;1;0;1;1561;"Fensterheber"
"60812190";16;15;0;1;1;1;1;100;0;1;0;1;1561;"Fensterheber"
"60812200";8;7;0;1;1;1;1;100;0;1;0;1;1561;"Fensterheber"
"60812230";36;34;0;2;6;6;5;100;0;1;0;1;1561;"Fensterheber"
"60812390";5;5;0;0;6;6;3;100;0;1;0;1;1561;"Fensterheber"
"60812410";14;13;0;1;1;1;0;100;0;1;0;1;1561;"Fensterheber"
"60812480";2;2;0;0;1;1;0;100;0;1;0;1;1561;"Fensterheber"
"60812670";26;23;0;3;2;2;1;100;0;1;0;1;1561;"Fensterheber"
"60812680";1;1;0;0;1;1;1;100;0;1;0;1;1561;"Fensterheber"
"60812690";38;36;0;2;4;4;3;100;0;1;0;1;1561;"Fensterheber"
"60814410";29;21;0;8;1;1;1;100;0;1;0;1;1561;"Fensterheber"
"60815030";9;9;0;0;1;1;0;100;0;1;0;1;1561;"Fensterheber"
"60815160";4;3;0;1;1;1;1;100;0;1;0;1;1561;"Fensterheber"
"60815260";7;5;0;2;2;2;2;100;0;1;0;1;1561;"Fensterheber"
"60815580";20;18;0;2;2;2;2;100;0;1;0;1;1561;"Fensterheber"
"60815590";17;17;0;0;5;5;4;100;0;1;0;1;1561;"Fensterheber"
"60815650";38;34;0;4;1;1;1;100;0;1;0;1;1561;"Fensterheber"
"60816100";16;15;0;1;5;3;3;60;0;1;0;1;1561;"Fensterheber"
"60816110";22;22;0;0;1;1;1;100;0;1;0;1;1561;"Fensterheber"
"60816120";11;9;0;2;1;1;0;100;0;1;0;1;1561;"Fensterheber"
"60816310";2;2;0;0;1;1;1;100;0;1;0;1;1561;"Fensterheber"
"60816640";12;12;0;0;2;2;2;100;0;1;0;1;1561;"Fensterheber"
"60816830";13;13;0;0;2;2;2;100;0;1;0;1;1561;"Fensterheber"
"60816900";66;64;0;2;9;9;8;100;0;1;0;1;1561;"Fensterheber"
"60816910";35;33;0;2;6;6;5;100;0;1;0;1;1561;"Fensterheber"
"60816920";27;26;0;1;2;2;2;100;0;1;0;1;1561;"Fensterheber"
"60816930";25;25;0;0;1;1;0;100;0;1;0;1;1561;"Fensterheber"
"60817110";18;18;0;0;4;4;4;100;0;1;0;1;1561;"Fensterheber"
"60817120";6;6;0;0;1;1;1;100;0;1;0;1;1561;"Fensterheber"
"60817190";4;4;0;0;1;1;0;100;0;1;0;1;1561;"Fensterheber"
"60817270";25;22;0;3;1;1;1;100;0;1;0;1;1561;"Fensterheber"
"60817480";2;2;0;0;4;4;4;100;0;1;0;1;1561;"Fensterheber"
"60817590";9;8;0;1;1;1;1;100;0;1;0;1;1561;"Fensterheber"
"60817740";15;15;0;0;2;2;2;100;0;1;0;1;1561;"Fensterheber"
"60817750";6;4;0;2;1;1;0;100;0;1;0;1;1561;"Fensterheber"
"60817940";18;18;0;0;2;2;1;100;0;1;0;1;1561;"Fensterheber"
"60818060";9;9;0;0;1;1;1;100;0;1;0;1;1561;"Fensterheber"
"60818070";16;16;0;0;2;2;2;100;0;1;0;1;1561;"Fensterheber"
"60818530";11;10;0;1;2;2;2;100;0;1;0;1;1561;"Fensterheber"
"60818540";29;28;0;1;3;3;3;100;0;1;0;1;1561;"Fensterheber"
"60818550";17;16;0;1;2;2;2;100;0;1;0;1;1561;"Fensterheber"
"60818600";8;8;0;0;1;1;1;100;0;1;0;1;1561;"Fensterheber"
"60818610";15;15;0;0;1;1;1;100;0;1;0;1;1561;"Fensterheber"
"60818720";13;6;0;7;1;1;1;100;0;1;0;1;1561;"Fensterheber"
"60818730";19;18;0;1;2;2;2;100;0;1;0;1;1561;"Fensterheber"
"60818740";7;7;0;0;1;1;0;100;0;1;0;1;1561;"Fensterheber"
"60818750";6;6;0;0;1;1;1;100;0;1;0;1;1561;"Fensterheber"
"60818830";25;23;0;2;6;6;6;100;0;1;0;1;1561;"Fensterheber"
"60818840";4;4;0;0;1;1;1;100;0;1;0;1;1561;"Fensterheber"
"60819160";7;7;0;0;1;1;0;100;0;1;0;1;1561;"Fensterheber"
"60819270";7;7;0;0;2;2;1;100;0;1;0;1;1561;"Fensterheber"
"60819310";6;6;0;0;1;1;1;100;0;1;0;1;1561;"Fensterheber"
"60819570";27;27;0;0;1;1;1;100;0;1;0;1;1561;"Fensterheber"
"60819610";26;18;0;8;1;1;0;100;0;1;0;1;1561;"Fensterheber"
"60820530";12;12;0;0;5;5;5;100;0;1;0;1;1561;"Fensterheber"
"60820560";18;18;0;0;1;1;1;100;0;1;0;1;1561;"Fensterheber"
"60820570";14;10;0;4;1;1;1;100;0;1;0;1;1561;"Fensterheber"
"60820690";17;14;0;3;1;1;1;100;0;1;0;1;1561;"Fensterheber"
"60820780";22;15;0;7;1;1;1;100;0;1;0;1;1561;"Fensterheber"
"60820940";14;10;0;4;1;1;1;100;0;1;0;1;1561;"Fensterheber"
"60820950";11;6;0;5;1;1;1;100;0;1;0;1;1561;"Fensterheber"
"60821260";9;9;0;0;2;2;0;100;0;1;0;1;1561;"Fensterheber"
"60821630";19;7;0;12;1;1;1;100;0;1;0;1;1561;"Fensterheber"
"60821950";3;3;0;0;1;1;0;100;0;1;0;1;1561;"Fensterheber"
"60822250";2;1;0;1;1;1;0;100;0;1;0;1;1561;"Fensterheber"
"60822320";4;4;0;0;1;1;1;100;0;1;0;1;1561;"Fensterheber"
"60822650";15;15;0;0;1;1;1;100;0;1;0;1;1561;"Fensterheber"
"60822730";11;9;0;2;2;2;2;100;0;1;0;1;1561;"Fensterheber"
"60822780";6;5;0;1;1;1;1;100;0;1;0;1;1561;"Fensterheber"
"60823150";30;25;0;5;1;1;1;100;0;1;0;1;1561;"Fensterheber"
"60823160";6;6;0;0;1;1;1;100;0;1;0;1;1561;"Fensterheber"
"60823170";12;8;0;4;1;1;1;100;0;1;0;1;1561;"Fensterheber"
"60823630";13;13;0;0;1;1;1;100;0;1;0;1;1561;"Fensterheber"
"60824580";5;4;0;1;1;1;1;100;0;1;0;1;1561;"Fensterheber"
"60824590";5;4;0;1;1;1;1;100;0;1;0;1;1561;"Fensterheber"
"60824610";12;7;1;4;1;1;1;100;0;1;0;1;1561;"Fensterheber"
"60824620";12;9;0;3;1;1;0;100;0;1;0;1;1561;"Fensterheber"
"60824640";2;2;0;0;1;1;1;100;0;1;0;1;1561;"Fensterheber"
"60824930";9;9;0;0;1;1;1;100;0;1;0;1;1561;"Fensterheber"
"6090100";24;18;5;1;7;1;0;14,29;0;0;0;1;1561;"Fensterheber"
"60N1PSE1POL";3;3;0;0;1;1;0;100;0;0;0;0;1561;"Fensterheber"
"61188SA001";11;7;0;4;1;1;0;100;0;0;1;0;1561;"Fensterheber"
"61188SA011";66;17;6;43;2;2;0;100;0;0;1;0;1561;"Fensterheber"
"61222SA012";29;7;1;21;1;1;0;100;1;0;0;0;1561;"Fensterheber"
"612270310111";1;1;0;0;1;1;0;100;0;0;0;0;1561;"Fensterheber"
"61496";7;7;0;0;2;2;0;100;0;0;0;0;1561;"Fensterheber"
"620507036803P";1;1;0;0;1;1;0;100;0;0;0;0;1561;"Fensterheber"
"6207144";4;4;0;0;1;1;0;100;0;0;0;0;1561;"Fensterheber"
"63320300";9;7;0;2;1;1;1;100;0;1;0;1;1561;"Fensterheber"
"63420080";22;22;0;0;3;3;3;100;0;1;0;1;1561;"Fensterheber"
"63420090";30;29;0;1;8;8;8;100;0;1;0;1;1561;"Fensterheber"
"63420110";6;6;0;0;1;1;1;100;0;1;0;1;1561;"Fensterheber"
"63421030";94;88;0;6;5;5;5;100;0;1;0;1;1561;"Fensterheber"
"63470020";14;13;0;1;1;1;1;100;0;1;0;1;1561;"Fensterheber"
"63470030";18;18;0;0;1;1;1;100;0;1;0;1;1561;"Fensterheber"
"63800740";4;4;0;0;1;1;0;100;0;1;0;1;1561;"Fensterheber"
"63806140";9;9;0;0;2;2;2;100;0;1;0;1;1561;"Fensterheber"
"63806150";8;8;0;0;3;3;3;100;0;1;0;1;1561;"Fensterheber"
"63806160";22;22;0;0;6;6;6;100;0;1;0;1;1561;"Fensterheber"
"63806170";14;11;0;3;3;3;3;100;0;1;0;1;1561;"Fensterheber"
"63806700";7;6;0;1;1;1;1;100;0;1;0;1;1561;"Fensterheber"
"63806990";12;12;0;0;2;2;2;100;0;1;0;1;1561;"Fensterheber"
"63807730";3;3;0;0;1;1;1;100;0;1;0;1;1561;"Fensterheber"
"63807870";11;10;1;0;1;1;1;100;0;1;0;1;1561;"Fensterheber"
"63808050";13;13;0;0;4;4;4;100;0;1;0;1;1561;"Fensterheber"
"63808070";9;9;0;0;1;1;0;100;0;1;0;1;1561;"Fensterheber"
"63808210";27;26;0;1;2;2;2;100;0;1;0;1;1561;"Fensterheber"
"63808230";5;5;0;0;1;1;1;100;0;1;0;1;1561;"Fensterheber"
"63811220";18;17;0;1;1;1;0;100;0;1;0;1;1561;"Fensterheber"
"63815670";8;8;0;0;1;1;1;100;0;1;0;1;1561;"Fensterheber"
"63818690";6;6;0;0;1;1;1;100;0;1;0;1;1561;"Fensterheber"
"63820970";1;1;0;0;1;1;1;100;0;1;0;1;1561;"Fensterheber"
"63824310";61;50;1;10;4;4;3;100;0;1;0;1;1561;"Fensterheber"
"63825390";22;13;1;8;1;1;1;100;0;1;0;1;1561;"Fensterheber"
"6397200046";50;37;0;13;12;9;0;75;1;0;1;0;1561;"Fensterheber"
"6397200146";68;56;1;11;7;6;0;85,71;1;0;1;0;1561;"Fensterheber"
"6397200446";57;48;0;9;8;8;1;100;1;0;1;0;1561;"Fensterheber"
"6397200546";57;44;0;13;7;7;1;100;1;0;1;0;1561;"Fensterheber"
"64091860";19;18;0;1;1;1;1;100;0;1;0;1;1561;"Fensterheber"
"64091870";27;27;0;0;3;3;3;100;0;1;0;1;1561;"Fensterheber"
"64251905";11;10;0;1;1;1;0;100;0;0;0;1;1561;"Fensterheber"
"64300220";9;9;0;0;1;1;0;100;0;1;0;1;1561;"Fensterheber"
"6437RS";16;11;0;5;1;1;0;100;1;0;0;0;1561;"Fensterheber"
"64400010";16;16;0;0;1;1;1;100;0;1;0;1;1561;"Fensterheber"
"64420070";2;2;0;0;1;1;1;100;0;1;0;1;1561;"Fensterheber"
"644685";3;3;0;0;1;1;0;100;0;0;0;0;1561;"Fensterheber"
"64490000";13;13;0;0;1;1;0;100;0;1;0;1;1561;"Fensterheber"
"64550030";5;4;0;1;1;1;1;100;0;1;0;1;1561;"Fensterheber"
"64701830";11;11;0;0;1;1;1;100;0;1;0;1;1561;"Fensterheber"
"64800180";7;7;0;0;1;1;1;100;0;1;0;1;1561;"Fensterheber"
"64800190";14;13;0;1;1;1;0;100;0;1;0;1;1561;"Fensterheber"
"64801780";14;14;0;0;3;3;3;100;0;1;0;1;1561;"Fensterheber"
"64801790";52;51;0;1;12;12;9;100;0;1;0;1;1561;"Fensterheber"
"64803640";8;7;0;1;1;1;0;100;0;1;0;1;1561;"Fensterheber"
"64804970";14;14;0;0;3;3;3;100;0;1;0;1;1561;"Fensterheber"
"64806930";3;3;0;0;1;1;1;100;0;1;0;1;1561;"Fensterheber"
"64806940";26;26;0;0;4;4;4;100;0;1;0;1;1561;"Fensterheber"
"64808030";26;23;0;3;5;5;4;100;0;1;0;1;1561;"Fensterheber"
"64808040";43;39;0;4;7;7;7;100;0;1;0;1;1561;"Fensterheber"
"64808080";13;12;0;1;1;1;1;100;0;1;0;1;1561;"Fensterheber"
"64808370";15;11;0;4;1;1;0;100;0;1;0;1;1561;"Fensterheber"
"64808450";6;6;0;0;2;2;2;100;0;1;0;1;1561;"Fensterheber"
"64812100";5;5;0;0;1;1;0;100;0;1;0;1;1561;"Fensterheber"
"64813330";16;16;0;0;2;2;1;100;0;1;0;1;1561;"Fensterheber"
"64813770";17;10;0;7;2;2;0;100;0;1;0;1;1561;"Fensterheber"
"64815550";8;7;0;1;1;1;1;100;0;1;0;1;1561;"Fensterheber"
"64815560";24;22;0;2;2;2;2;100;0;1;0;1;1561;"Fensterheber"
"64815570";10;10;0;0;2;2;2;100;0;1;0;1;1561;"Fensterheber"
"64818760";7;7;0;0;1;1;1;100;0;1;0;1;1561;"Fensterheber"
"64818790";3;3;0;0;1;1;1;100;0;1;0;1;1561;"Fensterheber"
"64822480";4;4;0;0;1;1;1;100;0;1;0;1;1561;"Fensterheber"
"65455332";1;1;0;0;1;1;0;100;0;0;0;0;1561;"Fensterheber"
"65750040";38;37;0;1;7;7;7;100;0;1;0;1;1561;"Fensterheber"
"65750050";31;30;0;1;8;8;8;100;0;1;0;1;1561;"Fensterheber"
"65803760";4;3;0;1;1;1;1;100;0;1;0;1;1561;"Fensterheber"
"65803770";3;3;0;0;2;2;2;100;0;1;0;1;1561;"Fensterheber"
"65803940";12;12;0;0;4;4;4;100;0;1;0;1;1561;"Fensterheber"
"65813720";20;17;0;3;3;3;3;100;0;1;0;1;1561;"Fensterheber"
"65813730";8;8;0;0;3;3;3;100;0;1;0;1;1561;"Fensterheber"
"65813820";1;1;0;0;1;1;1;100;0;1;0;1;1561;"Fensterheber"
"66121801";7;7;0;0;1;1;0;100;0;0;0;1;1561;"Fensterheber"
"66815080";11;6;1;4;2;1;1;50;0;1;0;1;1561;"Fensterheber"
"66817520";7;7;0;0;1;1;1;100;0;1;0;1;1561;"Fensterheber"
"6713PSG1";5;5;0;0;2;2;0;100;0;0;0;1;1561;"Fensterheber"
"6713PSG2";6;3;0;3;1;1;0;100;0;0;0;1;1561;"Fensterheber"
"6730PSG6POL";2;2;0;0;1;1;0;100;0;0;0;0;1561;"Fensterheber"
"67480";6;6;0;0;1;1;0;100;0;0;0;0;1561;"Fensterheber"
"67549";9;9;0;0;1;1;0;100;0;0;0;0;1561;"Fensterheber"
"67626927025";273;173;2;98;7;1;0;14,29;0;0;1;0;1561;"Fensterheber"
"67626927026";281;183;7;91;3;1;0;33,33;0;0;1;0;1561;"Fensterheber"
"67626954275";219;196;0;23;19;19;0;100;0;0;1;0;1561;"Fensterheber"
"67626955875";146;136;0;10;13;12;1;92,31;0;0;1;0;1561;"Fensterheber"
"67626955876";82;79;0;3;11;9;0;81,82;0;0;1;0;1561;"Fensterheber"
"67627285855";20;20;0;0;1;1;0;100;0;0;0;0;1561;"Fensterheber"
"67627406623";278;262;3;13;24;24;0;100;0;0;0;0;1561;"Fensterheber"
"67627406624";88;77;3;8;8;8;0;100;0;0;0;0;1561;"Fensterheber"
"67627406633";45;36;3;6;1;1;0;100;0;0;0;0;1561;"Fensterheber"
"67627406634";40;25;6;9;3;3;0;100;0;0;0;0;1561;"Fensterheber"
"67628359374";20;15;0;5;1;1;0;100;0;0;0;0;1561;"Fensterheber"
"67628360511";75;66;1;8;2;2;0;100;0;0;1;0;1561;"Fensterheber"
"67628360512";44;37;2;5;2;1;0;50;0;0;1;0;1561;"Fensterheber"
"67628360977";145;115;2;28;9;3;0;33,33;0;0;0;0;1561;"Fensterheber"
"67628360978";193;164;4;25;10;3;0;30;0;0;0;0;1561;"Fensterheber"
"67628362063";109;95;0;14;5;4;0;80;0;0;1;0;1561;"Fensterheber"
"67628362064";132;116;1;15;8;6;0;75;0;0;1;0;1561;"Fensterheber"
"67628381019";30;30;0;0;1;1;0;100;0;0;0;0;1561;"Fensterheber"
"67628381020";9;8;0;1;2;2;0;100;0;0;0;0;1561;"Fensterheber"
"67628381515";28;8;0;20;1;1;0;100;0;0;1;0;1561;"Fensterheber"
"68002897AA";4;4;0;0;2;2;0;100;1;0;0;1;1561;"Fensterheber"
"68020562AA";18;3;7;8;1;1;0;100;0;0;0;0;1561;"Fensterheber"
"68030655AA";73;31;15;27;3;3;0;100;0;0;0;0;1561;"Fensterheber"
"6887737";7;7;0;0;3;1;0;33,33;0;0;0;0;1561;"Fensterheber"
"6913PSG1";9;9;0;0;2;2;0;100;0;0;0;1;1561;"Fensterheber"
"6913PSG1POL";2;2;0;0;1;1;0;100;0;0;0;0;1561;"Fensterheber"
"6915PSG2POL";1;1;0;0;1;1;0;100;0;0;0;0;1561;"Fensterheber"
"6921PSG1POL";2;2;0;0;1;1;0;100;0;0;0;0;1561;"Fensterheber"
"6921PSG2";9;8;0;1;1;1;0;100;0;0;0;1;1561;"Fensterheber"
"6922PSG1";3;3;0;0;1;1;0;100;0;0;0;1;1561;"Fensterheber"
"6922PSG4";1;1;0;0;1;1;0;100;0;0;0;1;1561;"Fensterheber"
"6980110130";2;0;0;2;1;1;0;100;0;0;0;0;1561;"Fensterheber"
"6980142012";7;4;0;3;1;1;1;100;1;0;1;0;1561;"Fensterheber"
"6980142060";38;34;1;3;3;2;0;66,67;1;0;1;0;1561;"Fensterheber"
"6980152010";98;87;0;11;3;3;1;100;1;0;1;0;1561;"Fensterheber"
"6980152080";10;6;0;4;2;2;0;100;1;0;1;0;1561;"Fensterheber"
"6980152120";13;11;0;2;1;1;0;100;1;0;1;0;1561;"Fensterheber"
"6980158010";19;9;1;9;2;2;0;100;1;0;1;0;1561;"Fensterheber"
"6980221010";27;16;0;11;1;1;0;100;1;0;1;0;1561;"Fensterheber"
"6980242060";73;59;0;14;1;1;0;100;1;0;1;0;1561;"Fensterheber"
"6980252010";243;230;0;13;24;22;3;91,67;1;0;1;0;1561;"Fensterheber"
"6980252020";73;70;0;3;2;2;0;100;1;0;0;0;1561;"Fensterheber"
"6980252070";19;18;0;1;1;1;0;100;1;0;1;0;1561;"Fensterheber"
"6980252080";16;11;0;5;3;3;0;100;1;0;1;0;1561;"Fensterheber"
"6980258010";32;25;0;7;3;3;1;100;1;0;1;0;1561;"Fensterheber"
"6980442020";3;3;0;0;1;1;0;100;1;0;1;0;1561;"Fensterheber"
"6981002130";95;68;1;26;3;3;1;100;1;0;1;0;1561;"Fensterheber"
"6981002320";23;22;0;1;3;3;0;100;1;0;1;0;1561;"Fensterheber"
"6981005030";36;23;0;13;1;1;0;100;1;0;1;0;1561;"Fensterheber"
"6981005031";17;12;0;5;1;1;0;100;1;0;1;0;1561;"Fensterheber"
"6981005050";49;45;0;4;2;2;0;100;1;0;1;0;1561;"Fensterheber"
"698100D010";67;50;1;16;3;3;0;100;1;0;1;0;1561;"Fensterheber"
"698100D131";111;93;0;18;12;12;0;100;1;0;1;0;1561;"Fensterheber"
"698100D300";158;150;0;8;14;11;0;78,57;1;0;1;0;1561;"Fensterheber"
"698100H020";51;48;0;3;4;4;0;100;1;0;1;0;1561;"Fensterheber"
"698100H071";6;6;0;0;2;2;0;100;1;0;0;0;1561;"Fensterheber"
"698100K040";12;7;0;5;1;1;0;100;1;0;1;0;1561;"Fensterheber"
"6981074020";99;92;0;7;3;3;0;100;0;0;1;0;1561;"Fensterheber"
"6981074022";36;23;0;13;3;3;0;100;0;0;0;0;1561;"Fensterheber"
"6982002130";149;118;0;31;10;10;1;100;1;0;1;0;1561;"Fensterheber"
"6982002240";12;7;1;4;1;1;0;100;0;0;0;0;1561;"Fensterheber"
"6982002330";55;43;1;11;1;1;0;100;1;0;1;0;1561;"Fensterheber"
"6982005040";91;81;0;10;11;11;0;100;1;0;1;0;1561;"Fensterheber"
"6982005041";21;20;0;1;6;6;0;100;1;0;1;0;1561;"Fensterheber"
"6982005050";117;104;0;13;19;18;1;94,74;1;0;1;0;1561;"Fensterheber"
"6982005070";38;22;0;16;1;1;0;100;1;0;1;0;1561;"Fensterheber"
"698200D010";85;83;0;2;4;4;0;100;1;0;1;0;1561;"Fensterheber"
"698200D300";22;12;0;10;2;2;0;100;1;0;1;0;1561;"Fensterheber"
"698200D310";73;68;1;4;1;1;0;100;1;0;1;0;1561;"Fensterheber"
"698200D440";280;229;4;47;16;16;0;100;1;0;0;0;1561;"Fensterheber"
"698200H020";39;36;0;3;7;7;0;100;1;0;1;0;1561;"Fensterheber"
"698200H020Ž";1;1;0;0;1;1;0;100;1;0;0;0;1561;"Fensterheber"
"698200H031";86;78;1;7;7;6;1;85,71;1;0;1;0;1561;"Fensterheber"
"698200K041";32;23;2;7;1;1;1;100;1;0;1;0;1561;"Fensterheber"
"6982020300";9;9;0;0;2;2;0;100;1;0;1;0;1561;"Fensterheber"
"6982074010";70;60;0;10;10;10;0;100;1;0;1;0;1561;"Fensterheber"
"69820−02130";1;1;0;0;1;1;0;100;1;0;0;0;1561;"Fensterheber"
"6983002120";27;23;0;4;1;1;0;100;1;0;1;0;1561;"Fensterheber"
"6984002120";22;20;0;2;1;1;0;100;1;0;1;0;1561;"Fensterheber"
"6984005080";18;18;0;0;2;2;0;100;1;0;1;0;1561;"Fensterheber"
"6984005100";24;22;0;2;1;1;0;100;1;0;1;0;1561;"Fensterheber"
"69B1PSG1POL";6;4;2;0;2;2;0;100;0;0;0;0;1561;"Fensterheber"
"6C11V23201AD";11;9;0;2;1;1;0;100;0;0;1;0;1561;"Fensterheber"
"6F0837461E";23;12;0;11;1;1;0;100;0;0;0;0;1561;"Fensterheber"
"6F9837461E";16;3;1;12;1;1;0;100;0;0;0;0;1561;"Fensterheber"
"6F9837462E";12;2;0;10;1;1;0;100;0;0;0;0;1561;"Fensterheber"
"6J3837461";151;148;0;3;28;28;0;100;1;0;1;0;1561;"Fensterheber"
"6J3837462";150;136;0;14;18;18;0;100;1;0;1;0;1561;"Fensterheber"
"6J4837461";218;209;0;9;35;34;0;97,14;1;0;1;1;1561;"Fensterheber"
"6J4837462";193;187;0;6;27;26;1;96,30;1;0;1;1;1561;"Fensterheber"
"6J4839461A";69;58;0;11;1;1;0;100;1;0;0;0;1561;"Fensterheber"
"6J4839461C";23;18;1;4;1;1;0;100;1;0;0;0;1561;"Fensterheber"
"6K3837401B";34;32;0;2;1;1;0;100;1;0;1;0;1561;"Fensterheber"
"6K3837401G";107;80;0;27;3;3;2;100;1;0;1;0;1561;"Fensterheber"
"6K3837401H";163;136;0;27;18;17;2;94,44;1;0;1;0;1561;"Fensterheber"
"6K3837402B";20;15;0;5;2;2;0;100;1;0;1;0;1561;"Fensterheber"
"6K3837402G";114;97;0;17;3;3;2;100;1;0;1;0;1561;"Fensterheber"
"6K3837402H";115;103;0;12;8;8;2;100;1;0;1;0;1561;"Fensterheber"
"6K3837461";3;3;0;0;1;1;0;100;1;0;0;0;1561;"Fensterheber"
"6K4837401A";4;4;0;0;1;1;0;100;0;0;0;0;1561;"Fensterheber"
"6K4837401AA";114;96;0;18;5;5;0;100;1;0;1;0;1561;"Fensterheber"
"6K4837401B";26;23;0;3;2;2;0;100;1;0;1;0;1561;"Fensterheber"
"6K4837401C";11;9;0;2;1;1;0;100;1;0;0;0;1561;"Fensterheber"
"6K4837401H";9;8;0;1;1;1;0;100;1;0;1;0;1561;"Fensterheber"
"6K4837401J";160;123;2;35;4;3;0;75;1;0;1;0;1561;"Fensterheber"
"6K4837401M";126;101;1;24;5;5;0;100;1;0;1;1;1561;"Fensterheber"
"6K4837401P";238;199;0;39;29;23;0;79,31;1;0;1;0;1561;"Fensterheber"
"6K4837401PMG";3;3;0;0;2;2;0;100;0;0;0;0;1561;"Fensterheber"
"6K4837402AA";111;100;1;10;11;8;2;72,73;1;0;1;0;1561;"Fensterheber"
"6K4837402J";108;79;1;28;5;2;0;40;1;0;1;0;1561;"Fensterheber"
"6K4837402M";57;45;3;9;5;5;0;100;1;0;1;1;1561;"Fensterheber"
"6K4837402P";176;151;0;25;11;11;0;100;1;0;1;0;1561;"Fensterheber"
"6K4837402PMG";8;8;0;0;2;2;0;100;0;0;0;0;1561;"Fensterheber"
"6K4837402S";6;4;0;2;1;1;0;100;1;0;1;0;1561;"Fensterheber"
"6K4837462";6;6;0;0;1;1;0;100;1;0;0;0;1561;"Fensterheber"
"6L3837461";399;352;0;47;77;77;1;100;1;0;1;0;1561;"Fensterheber"
"6L3837462";159;136;1;22;18;18;1;100;1;0;1;0;1561;"Fensterheber"
"6L3837755G";19;8;0;11;1;1;0;100;0;0;1;0;1561;"Fensterheber"
"6L3837756G";15;11;0;4;1;1;0;100;0;0;1;0;1561;"Fensterheber"
"6L4837461";248;220;1;27;26;23;2;88,46;1;0;1;1;1561;"Fensterheber"
"6L4837462";152;136;0;16;12;10;0;83,33;1;0;1;1;1561;"Fensterheber"
"6L4839756M";19;14;0;5;1;1;0;100;1;0;0;0;1561;"Fensterheber"
"6N3837401";18;13;2;3;1;1;0;100;1;0;0;0;1561;"Fensterheber"
"6N3837401E";106;88;0;18;11;11;0;100;1;0;1;0;1561;"Fensterheber"
"6N3837402E";57;53;0;4;5;5;0;100;1;0;1;0;1561;"Fensterheber"
"6N3837461";79;70;0;9;7;7;0;100;1;0;1;0;1561;"Fensterheber"
"6N3837461A";15;10;0;5;1;1;0;100;1;0;1;0;1561;"Fensterheber"
"6N3837461D";257;233;1;23;22;20;0;90,91;1;0;1;0;1561;"Fensterheber"
"6N3837462";59;53;0;6;6;6;0;100;1;0;1;0;1561;"Fensterheber"
"6N3837462D";111;99;0;12;14;10;0;71,43;1;0;1;0;1561;"Fensterheber"
"6N3998801D";182;92;7;83;9;9;0;100;0;0;0;0;1561;"Fensterheber"
"6N3998802D";93;55;1;37;10;10;0;100;0;0;0;0;1561;"Fensterheber"
"6N4837401";101;79;2;20;3;3;0;100;1;0;0;0;1561;"Fensterheber"
"6N4837402";86;74;0;12;5;5;0;100;1;0;0;0;1561;"Fensterheber"
"6N4837402K";19;2;5;12;2;1;0;50;0;0;0;0;1561;"Fensterheber"
"6N4837461";189;171;0;18;21;21;0;100;1;0;1;1;1561;"Fensterheber"
"6N4837461B";492;422;1;69;30;22;1;73,33;1;0;1;0;1561;"Fensterheber"
"6N4837461D";17;11;0;6;1;1;0;100;0;0;1;0;1561;"Fensterheber"
"6N4837462";146;131;1;14;12;10;0;83,33;1;0;1;0;1561;"Fensterheber"
"6N4837462B";302;256;1;45;20;15;0;75;1;0;1;0;1561;"Fensterheber"
"6N4837462D";9;7;0;2;1;1;0;100;0;0;1;0;1561;"Fensterheber"
"6N4959801B";20;18;0;2;2;2;0;100;0;0;0;0;1561;"Fensterheber"
"6N4959802B";24;22;0;2;1;1;0;100;0;0;0;0;1561;"Fensterheber"
"6Q3837461";18;15;0;3;1;1;0;100;1;0;0;0;1561;"Fensterheber"
"6Q3837461F";41;35;0;6;2;2;0;100;1;0;0;0;1561;"Fensterheber"
"6Q3837461G";15;15;0;0;3;3;0;100;1;0;1;0;1561;"Fensterheber"
"6Q3837461J";297;293;0;4;71;69;4;97,18;1;0;1;0;1561;"Fensterheber"
"6Q3837462";3;3;0;0;1;1;0;100;1;0;0;0;1561;"Fensterheber"
"6Q3837462ASK";3;3;0;0;1;1;0;100;0;0;0;0;1561;"Fensterheber"
"6Q3837462F";27;21;1;5;2;2;0;100;1;0;0;0;1561;"Fensterheber"
"6Q3837462G";18;16;0;2;5;4;0;80;1;0;1;0;1561;"Fensterheber"
"6Q3837462J";322;311;1;10;78;77;0;98,72;1;0;1;0;1561;"Fensterheber"
"6Q4837461";14;12;0;2;1;1;0;100;1;0;1;0;1561;"Fensterheber"
"6Q4837461E";3;3;0;0;1;1;0;100;1;0;0;0;1561;"Fensterheber"
"6Q4837461G";36;35;0;1;4;3;0;75;1;0;1;1;1561;"Fensterheber"
"6Q4837461J";853;834;0;19;215;197;2;91,63;1;0;1;1;1561;"Fensterheber"
"6Q4837461Β";1;1;0;0;1;1;0;100;1;0;0;0;1561;"Fensterheber"
"6Q4837462";28;28;0;0;5;5;0;100;1;0;1;0;1561;"Fensterheber"
"6Q4837462G";24;24;0;0;1;1;0;100;1;0;1;0;1561;"Fensterheber"
"6Q4837462J";655;640;0;15;175;158;3;90,29;1;0;1;1;1561;"Fensterheber"
"6Q4839461";18;16;0;2;3;3;0;100;1;0;1;1;1561;"Fensterheber"
"6Q4839461B";7;7;0;0;1;1;0;100;1;0;0;0;1561;"Fensterheber"
"6Q4839461E";254;246;0;8;66;65;0;98,48;1;0;1;0;1561;"Fensterheber"
"6Q4839462B";10;10;0;0;1;1;0;100;1;0;0;0;1561;"Fensterheber"
"6Q4839462E";163;155;1;7;30;28;0;93,33;1;0;1;0;1561;"Fensterheber"
"6R3837461";13;11;0;2;3;3;0;100;1;0;0;0;1561;"Fensterheber"
"6R3837461A";17;14;0;3;1;1;0;100;1;0;1;0;1561;"Fensterheber"
"6R3837461C";175;170;1;4;48;46;0;95,83;1;0;0;0;1561;"Fensterheber"
"6R3837461K";83;81;0;2;23;22;0;95,65;1;0;0;1;1561;"Fensterheber"
"6R3837461L";88;88;0;0;25;25;0;100;1;0;0;0;1561;"Fensterheber"
"6R3837462";11;11;0;0;1;1;0;100;1;0;0;0;1561;"Fensterheber"
"6R3837462C";134;126;2;6;30;28;0;93,33;1;0;0;0;1561;"Fensterheber"
"6R3837462K";80;72;0;8;17;17;0;100;1;0;0;1;1561;"Fensterheber"
"6R3837462L";54;54;0;0;14;14;0;100;1;0;0;0;1561;"Fensterheber"
"6R4837461";22;3;3;16;1;1;0;100;0;0;0;0;1561;"Fensterheber"
"6R4837461C";62;60;0;2;16;16;0;100;1;0;1;0;1561;"Fensterheber"
"6R4837461D";881;864;1;16;283;267;0;94,35;1;0;1;0;1561;"Fensterheber"
"6R4837461G";7;7;0;0;2;2;0;100;1;0;0;0;1561;"Fensterheber"
"6R4837461J";4;4;0;0;1;1;0;100;1;0;1;0;1561;"Fensterheber"
"6R4837461L";244;241;0;3;78;76;0;97,44;1;0;0;0;1561;"Fensterheber"
"6R4837461N";318;317;0;1;123;119;0;96,75;1;0;0;1;1561;"Fensterheber"
"6R4837462C";50;46;0;4;18;17;0;94,44;1;0;1;0;1561;"Fensterheber"
"6R4837462D";720;704;1;15;225;211;1;93,78;1;0;1;0;1561;"Fensterheber"
"6R4837462J";2;2;0;0;1;1;0;100;1;0;1;0;1561;"Fensterheber"
"6R4837462L";136;128;0;8;36;36;0;100;1;0;0;0;1561;"Fensterheber"
"6R4837462N";217;212;0;5;76;72;0;94,74;1;0;0;1;1561;"Fensterheber"
"6R4839461C";3;3;0;0;1;1;0;100;1;0;1;0;1561;"Fensterheber"
"6R4839461E";218;208;2;8;29;28;0;96,55;1;0;1;1;1561;"Fensterheber"
"6R4839461G";75;71;1;3;8;7;0;87,50;1;0;1;0;1561;"Fensterheber"
"6R4839462C";9;9;0;0;3;3;0;100;1;0;1;0;1561;"Fensterheber"
"6R4839462E";199;189;0;10;23;23;1;100;1;0;1;1;1561;"Fensterheber"
"6R4839462G";83;78;3;2;14;14;1;100;1;0;1;0;1561;"Fensterheber"
"6U0837401";61;34;2;25;2;2;0;100;1;0;0;0;1561;"Fensterheber"
"6V0837461";241;186;9;46;23;21;0;91,30;1;0;0;0;1561;"Fensterheber"
"6V0837461A";414;339;12;63;44;32;0;72,73;1;0;0;0;1561;"Fensterheber"
"6V0837461B";194;171;4;19;13;13;0;100;1;0;0;0;1561;"Fensterheber"
"6V0837461C";389;368;2;19;69;62;0;89,86;0;0;0;0;1561;"Fensterheber"
"6V0837462";216;160;7;49;20;15;0;75;1;0;0;0;1561;"Fensterheber"
"6V0837462A";337;254;9;74;31;28;0;90,32;1;0;0;0;1561;"Fensterheber"
"6V0837462B";161;128;3;30;14;13;0;92,86;1;0;0;0;1561;"Fensterheber"
"6V0837462C";315;280;2;33;49;45;0;91,84;0;0;0;0;1561;"Fensterheber"
"6V0839461";59;48;4;7;3;3;0;100;1;0;0;0;1561;"Fensterheber"
"6V0839462";54;47;0;7;3;3;0;100;1;0;0;0;1561;"Fensterheber"
"6X0837461";6;6;0;0;1;1;0;100;1;0;1;0;1561;"Fensterheber"
"6X0837461A";154;147;0;7;12;9;0;75;1;0;1;0;1561;"Fensterheber"
"6X0837461C";190;183;1;6;39;36;0;92,31;1;0;1;0;1561;"Fensterheber"
"6X0837462";8;6;0;2;1;1;0;100;1;0;1;0;1561;"Fensterheber"
"6X0837462A";83;78;0;5;13;13;0;100;1;0;1;0;1561;"Fensterheber"
"6X0837462C";172;167;1;4;28;27;1;96,43;1;0;1;0;1561;"Fensterheber"
"6X0959801B";148;143;0;5;17;17;0;100;0;0;1;0;1561;"Fensterheber"
"6X0959802B";220;207;0;13;8;7;0;87,50;0;0;1;0;1561;"Fensterheber"
"6Y0837461";26;24;0;2;6;6;0;100;1;0;0;0;1561;"Fensterheber"
"6Y0837462";22;22;0;0;2;2;0;100;1;0;0;0;1561;"Fensterheber"
"6Y0837462A";7;7;0;0;1;1;0;100;1;0;0;0;1561;"Fensterheber"
"6Y0839461";32;29;0;3;1;1;0;100;1;0;0;0;1561;"Fensterheber"
"6Y0839462";35;30;0;5;1;1;0;100;1;0;0;0;1561;"Fensterheber"
"6Y0839462A";2;2;0;0;1;1;0;100;1;0;0;0;1561;"Fensterheber"
"6Y0839655";90;50;2;38;1;1;0;100;1;0;0;0;1561;"Fensterheber"
"6Y0839656";92;36;5;51;4;3;0;75;1;0;0;0;1561;"Fensterheber"
"6Y1837461";1763;1741;1;21;557;466;6;83,66;1;0;1;0;1561;"Fensterheber"
"6Y1837461MG";25;24;1;0;2;2;0;100;0;0;0;0;1561;"Fensterheber"
"6Y1837462";1299;1277;0;22;395;327;1;82,78;1;0;1;0;1561;"Fensterheber"
"6Y1837462MG";19;18;0;1;7;7;0;100;0;0;0;0;1561;"Fensterheber"
"6Y2837461";3;3;0;0;1;1;0;100;1;0;0;0;1561;"Fensterheber"
"700440";384;376;1;7;74;1;0;1,35;0;0;0;1;1561;"Fensterheber"
"70134L";2;2;0;0;1;1;0;100;0;0;0;0;1561;"Fensterheber"
"701837461";16;15;0;1;3;3;0;100;1;0;1;0;1561;"Fensterheber"
"701837461A";56;55;0;1;10;10;0;100;1;0;1;0;1561;"Fensterheber"
"701837461B";383;254;1;128;14;12;0;85,71;1;0;1;0;1561;"Fensterheber"
"701837462";10;8;0;2;1;1;0;100;1;0;1;0;1561;"Fensterheber"
"701837462A";28;27;0;1;4;4;0;100;1;0;1;0;1561;"Fensterheber"
"701837462B";233;183;5;45;15;14;1;93,33;1;0;1;0;1561;"Fensterheber"
"701837501B";47;42;0;5;5;5;0;100;1;0;1;0;1561;"Fensterheber"
"701837501F";265;245;0;20;50;49;0;98;1;0;1;0;1561;"Fensterheber"
"701837502F";89;87;0;2;11;11;0;100;1;0;1;0;1561;"Fensterheber"
"701959801";14;14;0;0;3;3;0;100;0;0;1;0;1561;"Fensterheber"
"701959802";15;12;0;3;3;3;0;100;0;0;1;0;1561;"Fensterheber"
"71365";1;1;0;0;1;1;0;100;0;0;0;0;1561;"Fensterheber"
"71366";7;7;0;0;2;2;0;100;0;0;0;0;1561;"Fensterheber"
"71367";11;10;0;1;5;5;0;100;0;0;0;0;1561;"Fensterheber"
"71368";12;12;0;0;9;9;0;100;0;0;0;0;1561;"Fensterheber"
"71369";26;25;0;1;8;6;0;75;0;0;0;0;1561;"Fensterheber"
"71370";13;13;0;0;4;4;0;100;0;0;0;0;1561;"Fensterheber"
"71371";5;5;0;0;1;1;0;100;0;0;0;0;1561;"Fensterheber"
"71372";7;6;1;0;2;2;0;100;0;0;0;0;1561;"Fensterheber"
"71373";21;21;0;0;10;5;0;50;0;0;0;0;1561;"Fensterheber"
"71374";15;15;0;0;6;5;0;83,33;0;0;0;0;1561;"Fensterheber"
"71379";7;6;0;1;2;1;0;50;0;0;0;0;1561;"Fensterheber"
"71380";43;41;0;2;1;1;0;100;0;0;0;0;1561;"Fensterheber"
"71732828";40;40;0;0;2;1;0;50;1;0;1;1;1561;"Fensterheber"
"71732829";148;140;0;8;14;7;0;50;1;0;1;1;1561;"Fensterheber"
"71734869";55;54;0;1;8;5;0;62,50;1;0;1;0;1561;"Fensterheber"
"71734870";73;71;0;2;6;4;0;66,67;1;0;1;0;1561;"Fensterheber"
"71740121";91;83;0;8;5;5;0;100;1;0;1;0;1561;"Fensterheber"
"71740122";46;40;0;6;3;1;0;33,33;0;0;1;0;1561;"Fensterheber"
"71740123";57;54;0;3;12;9;0;75;1;0;1;0;1561;"Fensterheber"
"71740124";57;54;0;3;9;8;0;88,89;1;0;1;0;1561;"Fensterheber"
"71740125";23;13;3;7;1;1;0;100;0;0;1;0;1561;"Fensterheber"
"71740175";204;190;1;13;38;31;1;81,58;1;0;1;0;1561;"Fensterheber"
"71740176";119;115;1;3;6;2;0;33,33;0;0;1;0;1561;"Fensterheber"
"71740180";56;7;21;28;2;2;0;100;1;0;0;1;1561;"Fensterheber"
"71740198";43;38;1;4;5;5;0;100;1;0;1;1;1561;"Fensterheber"
"71740199";85;78;1;6;15;15;0;100;1;0;1;1;1561;"Fensterheber"
"71743448";50;43;0;7;1;1;0;100;1;0;0;0;1561;"Fensterheber"
"71743449";4;4;0;0;1;1;0;100;1;0;1;0;1561;"Fensterheber"
"71743450";17;13;0;4;1;1;0;100;1;0;1;0;1561;"Fensterheber"
"71750980";4;4;0;0;1;1;0;100;1;0;1;1;1561;"Fensterheber"
"71754403";30;27;0;3;2;2;0;100;1;0;1;0;1561;"Fensterheber"
"71754404";33;33;0;0;1;1;0;100;1;0;1;0;1561;"Fensterheber"
"71754406";3;3;0;0;1;1;0;100;1;0;1;0;1561;"Fensterheber"
"71754421";11;11;0;0;1;1;0;100;1;0;1;0;1561;"Fensterheber"
"71754432";1;0;1;0;2;2;2;100;0;0;1;0;1561;"Fensterheber"
"71767";5;5;0;0;1;1;0;100;0;0;0;0;1561;"Fensterheber"
"71768";10;9;0;1;1;1;0;100;0;0;0;0;1561;"Fensterheber"
"71769765";26;21;1;4;8;7;0;87,50;1;0;1;0;1561;"Fensterheber"
"71769766";35;32;0;3;7;7;1;100;1;0;1;0;1561;"Fensterheber"
"71770";31;31;0;0;3;1;0;33,33;0;0;0;0;1561;"Fensterheber"
"71772";6;6;0;0;2;2;0;100;0;0;0;0;1561;"Fensterheber"
"71776";14;14;0;0;2;1;0;50;0;0;0;0;1561;"Fensterheber"
"71777";20;19;0;1;11;11;0;100;0;0;0;0;1561;"Fensterheber"
"71778";11;10;0;1;5;5;0;100;0;0;0;0;1561;"Fensterheber"
"71779";5;5;0;0;3;2;0;66,67;0;0;0;0;1561;"Fensterheber"
"71780";4;1;0;3;1;1;0;100;0;0;0;0;1561;"Fensterheber"
"71781";6;6;0;0;2;2;0;100;0;0;0;0;1561;"Fensterheber"
"71783";3;2;0;1;1;1;0;100;0;0;0;0;1561;"Fensterheber"
"71785";6;6;0;0;2;2;0;100;0;0;0;0;1561;"Fensterheber"
"71786";2;2;0;0;1;1;0;100;0;0;0;0;1561;"Fensterheber"
"71893";5;5;0;0;2;1;0;50;0;0;0;0;1561;"Fensterheber"
"71894";8;8;0;0;5;2;0;40;0;0;0;0;1561;"Fensterheber"
"71896";3;3;0;0;1;1;0;100;0;0;0;0;1561;"Fensterheber"
"71915";15;15;0;0;1;1;0;100;0;0;0;0;1561;"Fensterheber"
"71918";3;3;0;0;1;1;0;100;0;0;0;0;1561;"Fensterheber"
"71919";7;7;0;0;2;2;0;100;0;0;0;0;1561;"Fensterheber"
"71921";35;32;0;3;5;1;0;20;0;0;0;0;1561;"Fensterheber"
"71925";4;4;0;0;1;1;0;100;0;0;0;0;1561;"Fensterheber"
"71927";22;19;0;3;1;1;0;100;0;0;0;0;1561;"Fensterheber"
"71929";7;6;0;1;2;2;0;100;0;0;0;0;1561;"Fensterheber"
"71930";85;83;0;2;1;1;0;100;0;0;0;0;1561;"Fensterheber"
"71949";2;1;0;1;1;1;0;100;0;0;0;0;1561;"Fensterheber"
"71956";11;11;0;0;2;2;0;100;0;0;0;0;1561;"Fensterheber"
"71957";5;5;0;0;1;1;0;100;0;0;0;0;1561;"Fensterheber"
"71960";6;6;0;0;2;1;0;50;0;0;0;0;1561;"Fensterheber"
"71966";4;4;0;0;1;1;0;100;0;0;0;0;1561;"Fensterheber"
"7200039";4;4;0;0;1;1;0;100;0;0;0;1;1561;"Fensterheber"
"7200042";2;2;0;0;1;1;0;100;0;0;0;1;1561;"Fensterheber"
"7200059";6;6;0;0;1;1;0;100;0;0;0;1;1561;"Fensterheber"
"7200097";5;4;0;1;3;3;0;100;0;0;0;1;1561;"Fensterheber"
"7200132";10;8;0;2;1;1;0;100;0;0;0;1;1561;"Fensterheber"
"7200161";13;12;0;1;1;1;0;100;0;0;0;1;1561;"Fensterheber"
"7200163";2;2;0;0;1;1;0;100;0;0;0;1;1561;"Fensterheber"
"7200183";4;4;0;0;2;2;0;100;0;0;0;1;1561;"Fensterheber"
"7200189";2;2;0;0;2;2;0;100;0;0;0;1;1561;"Fensterheber"
"72210S04A02";16;12;0;4;2;2;0;100;1;0;0;0;1561;"Fensterheber"
"72210S5AG10";2;1;0;1;1;1;0;100;0;0;0;0;1561;"Fensterheber"
"72210SAAG01";29;28;0;1;1;1;0;100;1;0;0;0;1561;"Fensterheber"
"72210SMGE01";47;38;1;8;1;1;0;100;1;0;1;0;1561;"Fensterheber"
"72210SMRE01";12;12;0;0;1;1;0;100;1;0;1;0;1561;"Fensterheber"
"72210ST3G11";31;27;0;4;6;6;1;100;1;0;1;0;1561;"Fensterheber"
"72210TF0G01";62;59;1;2;6;6;0;100;1;0;1;0;1561;"Fensterheber"
"72211S03J01";21;19;0;2;2;2;0;100;1;0;1;0;1561;"Fensterheber"
"72211TR0A01";3;3;0;0;1;1;0;100;1;0;1;0;1561;"Fensterheber"
"72222142";8;8;0;0;2;2;0;100;0;0;0;1;1561;"Fensterheber"
"72232112";1;1;0;0;1;1;0;100;0;0;0;1;1561;"Fensterheber"
"72232113";3;3;0;0;1;1;0;100;0;0;0;1;1561;"Fensterheber"
"72250S04A01";24;24;0;0;1;1;0;100;1;0;0;0;1561;"Fensterheber"
"72250S5DA05";18;15;0;3;1;1;0;100;0;0;1;0;1561;"Fensterheber"
"72250S5SG02";51;31;1;19;1;1;0;100;1;0;1;0;1561;"Fensterheber"
"72250SAAG01";24;23;0;1;2;2;0;100;1;0;0;0;1561;"Fensterheber"
"72250SAAJ02";6;2;3;1;1;1;0;100;1;0;0;0;1561;"Fensterheber"
"72250SAGH03";38;30;1;7;2;2;0;100;1;0;0;0;1561;"Fensterheber"
"72250SK3G13";8;7;0;1;1;1;0;100;1;0;1;0;1561;"Fensterheber"
"72250SMGE01";34;33;0;1;4;4;0;100;1;0;1;0;1561;"Fensterheber"
"72250ST3G11";83;66;1;16;6;6;0;100;1;0;1;0;1561;"Fensterheber"
"72250SWAA01";11;9;0;2;1;1;0;100;0;0;1;0;1561;"Fensterheber"
"72250TF0G01";40;39;0;1;2;2;0;100;1;0;1;0;1561;"Fensterheber"
"72251S03J01";34;24;0;10;2;2;0;100;1;0;1;0;1561;"Fensterheber"
"72251S10J01";90;78;1;11;5;3;0;60;1;0;1;0;1561;"Fensterheber"
"72251TR0A01";9;8;1;0;2;2;0;100;1;0;1;0;1561;"Fensterheber"
"72252131";3;3;0;0;2;2;0;100;0;0;0;1;1561;"Fensterheber"
"72252141";2;2;0;0;1;1;0;100;0;0;0;1;1561;"Fensterheber"
"7231109004";17;13;1;3;1;1;0;100;1;0;1;0;1561;"Fensterheber"
"72453";10;9;0;1;1;1;0;100;0;0;0;1;1561;"Fensterheber"
"72502111";1;1;0;0;1;1;0;100;0;0;0;1;1561;"Fensterheber"
"72502142";1;1;0;0;1;1;0;100;0;0;0;1;1561;"Fensterheber"
"72616";4;3;0;1;1;1;0;100;0;0;0;1;1561;"Fensterheber"
"72652111";2;2;0;0;1;1;0;100;0;0;0;1;1561;"Fensterheber"
"72672122";4;4;0;0;1;1;0;100;0;0;0;1;1561;"Fensterheber"
"72686";2;2;0;0;1;1;0;100;0;0;0;1;1561;"Fensterheber"
"72700";52;52;0;0;3;3;0;100;0;0;0;1;1561;"Fensterheber"
"72710ST3E11";7;4;0;3;1;1;0;100;1;0;0;0;1561;"Fensterheber"
"72715SW3505";1;1;0;0;1;1;0;100;0;0;1;0;1561;"Fensterheber"
"72720";16;16;0;0;3;3;0;100;0;0;0;1;1561;"Fensterheber"
"72721";12;11;0;1;9;2;0;22,22;0;0;0;1;1561;"Fensterheber"
"72752121";1;1;0;0;1;1;0;100;0;0;0;1;1561;"Fensterheber"
"72762111";8;7;0;1;1;1;0;100;0;0;0;1;1561;"Fensterheber"
"72762141";2;2;0;0;1;1;0;100;0;0;0;1;1561;"Fensterheber"
"72768";6;6;0;0;1;1;0;100;0;0;0;1;1561;"Fensterheber"
"7292120";4;1;0;3;1;1;0;100;0;0;0;0;1561;"Fensterheber"
"72972113";2;2;0;0;1;1;0;100;0;0;0;1;1561;"Fensterheber"
"7330004271";2;2;0;0;1;1;0;100;0;0;0;0;1561;"Fensterheber"
"73887";7;7;0;0;2;1;0;50;0;0;0;0;1561;"Fensterheber"
"73902111";8;6;0;2;1;1;0;100;0;0;0;1;1561;"Fensterheber"
"73952111";7;6;1;0;2;2;0;100;0;0;0;1;1561;"Fensterheber"
"73952121";1;1;0;0;1;1;0;100;0;0;0;1;1561;"Fensterheber"
"7412261";10;10;0;0;4;4;0;100;0;0;0;1;1561;"Fensterheber"
"7412262";7;5;2;0;3;3;0;100;0;0;0;1;1561;"Fensterheber"
"7431262";26;14;0;12;3;3;0;100;0;0;0;1;1561;"Fensterheber"
"74323";21;20;1;0;6;1;0;16,67;0;0;0;0;1561;"Fensterheber"
"74324";42;33;3;6;3;1;0;33,33;0;0;0;0;1561;"Fensterheber"
"7482497193";31;28;0;3;2;2;1;100;0;0;1;0;1561;"Fensterheber"
"7482497194";30;26;0;4;3;3;1;100;0;0;1;0;1561;"Fensterheber"
"7484561609";280;159;0;121;3;1;0;33,33;0;0;0;0;1561;"Fensterheber"
"7484561621";160;71;2;87;1;1;0;100;0;0;0;0;1561;"Fensterheber"
"75141801";6;6;0;0;2;2;0;100;0;0;0;1;1561;"Fensterheber"
"75151801";1;1;0;0;1;1;0;100;0;0;0;1;1561;"Fensterheber"
"75201803";3;3;0;0;1;1;0;100;0;0;0;1;1561;"Fensterheber"
"75211802";7;6;0;1;2;1;0;50;0;0;0;1;1561;"Fensterheber"
"7606261";8;8;0;0;3;3;0;100;0;0;0;1;1561;"Fensterheber"
"7606262";5;5;0;0;2;2;0;100;0;0;0;1;1561;"Fensterheber"
"7617261";50;50;0;0;10;10;0;100;0;0;0;1;1561;"Fensterheber"
"7617262";26;26;0;0;4;4;0;100;0;0;0;1;1561;"Fensterheber"
"7620261";55;55;0;0;21;20;0;95,24;0;0;0;1;1561;"Fensterheber"
"7620261VAN";1;1;0;0;1;1;0;100;0;0;0;0;1561;"Fensterheber"
"7620261VWA";1;1;0;0;1;1;0;100;0;0;0;0;1561;"Fensterheber"
"7620262";55;55;0;0;19;18;0;94,74;0;0;0;1;1561;"Fensterheber"
"7620262VAN";2;2;0;0;1;1;0;100;0;0;0;0;1561;"Fensterheber"
"7620264";2;2;0;0;1;1;0;100;0;0;0;1;1561;"Fensterheber"
"7620265";25;25;0;0;4;4;0;100;0;0;0;1;1561;"Fensterheber"
"7620266";23;23;0;0;5;5;0;100;0;0;0;1;1561;"Fensterheber"
"7620268";4;3;0;1;1;1;0;100;0;0;0;1;1561;"Fensterheber"
"7622261";21;21;0;0;3;3;0;100;0;0;0;1;1561;"Fensterheber"
"7622265";108;108;0;0;35;35;0;100;0;0;0;1;1561;"Fensterheber"
"7622265WEZEL";1;1;0;0;1;1;0;100;0;0;0;0;1561;"Fensterheber"
"7622266";66;66;0;0;25;25;0;100;0;0;0;1;1561;"Fensterheber"
"7622267";7;7;0;0;2;2;0;100;0;0;0;1;1561;"Fensterheber"
"7622268";13;13;0;0;3;3;0;100;0;0;0;1;1561;"Fensterheber"
"7624261";7;7;0;0;1;1;0;100;0;0;0;1;1561;"Fensterheber"
"7625261";131;131;0;0;48;48;0;100;0;0;0;1;1561;"Fensterheber"
"7625262";80;80;0;0;39;39;0;100;0;0;0;1;1561;"Fensterheber"
"7625263";141;141;0;0;48;47;0;97,92;0;0;0;1;1561;"Fensterheber"
"7625264";125;125;0;0;33;33;0;100;0;0;0;1;1561;"Fensterheber"
"7625264VWA";1;1;0;0;1;1;0;100;0;0;0;0;1561;"Fensterheber"
"7627261";46;46;0;0;4;4;0;100;0;0;0;1;1561;"Fensterheber"
"7627261VWA";2;2;0;0;2;2;0;100;0;0;0;0;1561;"Fensterheber"
"7627262";16;16;0;0;4;4;0;100;0;0;0;1;1561;"Fensterheber"
"7629261";77;52;0;25;11;11;0;100;0;0;0;1;1561;"Fensterheber"
"7629262";97;77;0;20;17;17;0;100;0;0;0;1;1561;"Fensterheber"
"7638261";2;2;0;0;1;1;0;100;0;0;0;1;1561;"Fensterheber"
"7641261";15;14;1;0;5;5;0;100;0;0;0;1;1561;"Fensterheber"
"7641264";1;1;0;0;1;1;0;100;0;0;0;1;1561;"Fensterheber"
"7695160";2;2;0;0;1;1;0;100;0;0;1;1;1561;"Fensterheber"
"7700303543";23;23;0;0;4;4;0;100;1;0;1;0;1561;"Fensterheber"
"7700303553";12;11;0;1;1;1;0;100;1;0;1;0;1561;"Fensterheber"
"7700311818";17;15;0;2;1;1;0;100;1;0;1;0;1561;"Fensterheber"
"7700311820";296;289;0;7;70;59;2;84,29;1;0;1;0;1561;"Fensterheber"
"7700311821";156;150;0;6;22;18;1;81,82;1;0;1;0;1561;"Fensterheber"
"7700351293";25;21;0;4;2;1;0;50;1;0;1;0;1561;"Fensterheber"
"7700352494";29;27;0;2;4;4;0;100;1;0;1;0;1561;"Fensterheber"
"7700437155";69;59;0;10;3;2;0;66,67;1;0;1;0;1561;"Fensterheber"
"7700437156";50;41;0;9;1;1;0;100;1;0;1;0;1561;"Fensterheber"
"7700818266";43;22;1;20;2;2;0;100;1;0;0;0;1561;"Fensterheber"
"7700830596";46;40;0;6;3;3;0;100;1;0;1;0;1561;"Fensterheber"
"7700830597";45;40;0;5;6;6;0;100;1;0;1;0;1561;"Fensterheber"
"7700834342";28;27;0;1;1;1;0;100;1;0;1;0;1561;"Fensterheber"
"7700834346";62;53;0;9;2;1;0;50;1;0;1;0;1561;"Fensterheber"
"7700834347";208;193;0;15;27;24;0;88,89;1;0;1;0;1561;"Fensterheber"
"7700834394";8;6;0;2;1;1;0;100;1;0;1;0;1561;"Fensterheber"
"7700838591";56;53;0;3;7;7;0;100;1;0;1;0;1561;"Fensterheber"
"7700838592";101;94;0;7;7;7;0;100;1;0;1;0;1561;"Fensterheber"
"7700842240";105;97;0;8;8;8;1;100;1;0;1;0;1561;"Fensterheber"
"7700842241";171;155;0;16;20;20;0;100;1;0;1;0;1561;"Fensterheber"
"7700842245";123;75;1;47;2;1;0;50;1;0;1;0;1561;"Fensterheber"
"7700842246";191;170;0;21;31;28;0;90,32;1;0;1;0;1561;"Fensterheber"
"7700842247";352;309;0;43;61;57;1;93,44;1;0;1;0;1561;"Fensterheber"
"7701039845";13;13;0;0;1;1;0;100;1;0;1;0;1561;"Fensterheber"
"7701207254";165;156;0;9;35;33;1;94,29;1;0;1;0;1561;"Fensterheber"
"7701207255";357;331;0;26;58;55;1;94,83;1;0;1;0;1561;"Fensterheber"
"7701367867";9;8;0;1;1;1;0;100;1;0;1;0;1561;"Fensterheber"
"7701378239";29;25;0;4;3;2;0;66,67;0;0;1;0;1561;"Fensterheber"
"7701378240";79;68;0;11;5;5;0;100;0;0;1;0;1561;"Fensterheber"
"770138";14;13;0;1;4;1;0;25;0;0;0;1;1561;"Fensterheber"
"77324880";4;4;0;0;1;1;0;100;0;0;1;0;1561;"Fensterheber"
"7770258";2;1;0;1;1;1;0;100;1;0;1;1;1561;"Fensterheber"
"7774246";53;53;0;0;1;1;0;100;1;0;1;1;1561;"Fensterheber"
"7774247";74;68;0;6;2;2;0;100;1;0;1;1;1561;"Fensterheber"
"783275";3;1;0;2;1;1;0;100;0;0;0;0;1561;"Fensterheber"
"7C0837461A";113;9;7;97;1;1;0;100;1;0;0;0;1561;"Fensterheber"
"7D0959801C";303;91;98;114;4;4;0;100;0;0;0;0;1561;"Fensterheber"
"7E0837753D";112;40;0;72;2;2;0;100;1;0;0;0;1561;"Fensterheber"
"7E0837753E";131;47;8;76;2;2;0;100;1;0;0;0;1561;"Fensterheber"
"7E0837754D";51;20;4;27;3;3;0;100;1;0;0;0;1561;"Fensterheber"
"7E0837754E";90;36;3;51;4;3;0;75;1;0;0;0;1561;"Fensterheber"
"7H0837729";73;64;0;9;4;3;0;75;1;0;0;0;1561;"Fensterheber"
"7H0837729BA";488;377;6;105;28;22;0;78,57;1;0;0;0;1561;"Fensterheber"
"7H0837730BA";106;59;0;47;4;3;0;75;1;0;0;0;1561;"Fensterheber"
"7H0837753";23;22;0;1;3;3;0;100;1;0;0;0;1561;"Fensterheber"
"7H0837753B";27;26;0;1;4;4;0;100;1;0;1;0;1561;"Fensterheber"
"7H0837753C";399;387;0;12;116;114;0;98,28;1;0;1;0;1561;"Fensterheber"
"7H0837754";13;12;0;1;2;2;0;100;1;0;0;0;1561;"Fensterheber"
"7H0837754B";18;17;0;1;3;3;0;100;1;0;1;0;1561;"Fensterheber"
"7H0837754C";263;255;0;8;81;81;0;100;1;0;1;0;1561;"Fensterheber"
"7L0837461";4;0;0;4;1;1;1;100;0;0;1;0;1561;"Fensterheber"
"7L0837461A";11;11;0;0;2;1;0;50;1;0;0;0;1561;"Fensterheber"
"7L0837461F";152;152;0;0;47;30;0;63,83;1;0;1;0;1561;"Fensterheber"
"7L0837462A";5;4;0;1;1;1;0;100;1;0;0;0;1561;"Fensterheber"
"7L0837462F";229;220;0;9;59;45;1;76,27;1;0;1;0;1561;"Fensterheber"
"7L0839461D";49;43;0;6;6;5;0;83,33;1;0;1;0;1561;"Fensterheber"
"7L0839462D";61;58;0;3;14;7;0;50;1;0;1;0;1561;"Fensterheber"
"7M0498203A";982;932;0;50;261;1;0;0,38;0;0;0;0;1561;"Fensterheber"
"7M0837461";234;223;0;11;34;26;1;76,47;1;0;1;1;1561;"Fensterheber"
"7M0837461A";28;27;0;1;3;2;0;66,67;1;0;1;0;1561;"Fensterheber"
"7M0837462";174;166;0;8;30;20;0;66,67;1;0;1;1;1561;"Fensterheber"
"7M0837462A";29;28;0;1;4;3;0;75;1;0;1;0;1561;"Fensterheber"
"7M0839461";86;79;1;6;3;3;0;100;1;0;1;0;1561;"Fensterheber"
"7M0839462";49;39;0;10;1;1;0;100;1;0;1;0;1561;"Fensterheber"
"7M3959812";14;0;5;9;1;1;0;100;0;0;0;0;1561;"Fensterheber"
"7N0837461D";11;11;0;0;2;2;0;100;1;0;0;0;1561;"Fensterheber"
"7N0837461J";1060;1047;1;12;324;322;0;99,38;1;0;0;0;1561;"Fensterheber"
"7N0837462";44;42;0;2;6;6;1;100;0;0;1;0;1561;"Fensterheber"
"7N0837462D";25;25;0;0;8;7;0;87,50;1;0;0;0;1561;"Fensterheber"
"7N0837462F";10;10;0;0;4;4;0;100;1;0;0;0;1561;"Fensterheber"
"7N0837462H";12;9;0;3;1;1;0;100;1;0;0;0;1561;"Fensterheber"
"7N0837462J";1359;1332;3;24;433;424;0;97,92;1;0;0;1;1561;"Fensterheber"
"7N0839461";10;10;0;0;1;1;0;100;0;0;1;0;1561;"Fensterheber"
"7N0843699C";17;16;0;1;1;1;0;100;1;0;0;0;1561;"Fensterheber"
"7N0843699D";9;9;0;0;1;1;0;100;1;0;0;0;1561;"Fensterheber"
"7N0843699E";9;9;0;0;1;1;0;100;1;0;0;0;1561;"Fensterheber"
"7N0843699F";455;451;0;4;83;83;0;100;1;0;0;0;1561;"Fensterheber"
"7N0843700C";12;11;0;1;2;2;0;100;1;0;0;0;1561;"Fensterheber"
"7N0843700F";296;283;0;13;35;35;0;100;1;0;0;0;1561;"Fensterheber"
"7P6837461B";51;30;0;21;3;3;1;100;1;0;1;0;1561;"Fensterheber"
"7P6839461A";10;7;0;3;2;2;0;100;1;0;1;1;1561;"Fensterheber"
"7S71A23201BL";7;7;0;0;1;1;0;100;0;0;1;0;1561;"Fensterheber"
"7S71A27009AA";7;7;0;0;1;1;0;100;0;0;0;0;1561;"Fensterheber"
"8001063303390";1;1;0;0;1;1;0;100;0;0;0;0;1561;"Fensterheber"
"8001063625744";1;1;0;0;1;1;0;100;0;0;0;0;1561;"Fensterheber"
"8001063733517";1;1;0;0;1;1;0;100;0;0;0;0;1561;"Fensterheber"
"800502";2;2;0;0;1;1;0;100;0;0;0;0;1561;"Fensterheber"
"8050507930746";1;1;0;0;1;1;0;100;0;0;0;0;1561;"Fensterheber"
"8052744054698";1;1;0;0;1;1;0;100;0;0;0;0;1561;"Fensterheber"
"8058772042409";1;1;0;0;1;1;0;100;0;0;0;0;1561;"Fensterheber"
"8058772047510";1;1;0;0;1;1;0;100;0;0;0;0;1561;"Fensterheber"
"8058772048579";1;1;0;0;1;1;0;100;0;0;0;0;1561;"Fensterheber"
"8058772049071";3;3;0;0;1;1;0;100;0;0;0;0;1561;"Fensterheber"
"8058772049262";3;3;0;0;1;1;0;100;0;0;0;0;1561;"Fensterheber"
"8070000QAL";17;16;0;1;5;2;0;40;0;0;1;0;1561;"Fensterheber"
"807000F005";13;13;0;0;1;1;0;100;1;0;0;0;1561;"Fensterheber"
"807000T010";20;13;1;6;1;1;0;100;1;0;1;0;1561;"Fensterheber"
"807001363R";17;17;0;0;1;1;0;100;1;0;1;0;1561;"Fensterheber"
"807002X005";40;36;1;3;4;4;0;100;1;0;1;0;1561;"Fensterheber"
"807004EA1D";8;8;0;0;1;1;0;100;1;0;1;0;1561;"Fensterheber"
"807009X60A";3;3;0;0;1;1;0;100;0;0;0;0;1561;"Fensterheber"
"80700AX120";1;1;0;0;1;1;0;100;1;0;0;0;1561;"Fensterheber"
"8070100Q0H";28;26;0;2;4;4;0;100;0;0;1;0;1561;"Fensterheber"
"8070100QAL";34;30;0;4;3;1;1;33,33;0;0;1;0;1561;"Fensterheber"
"807010F010";18;15;0;3;2;2;0;100;1;0;1;0;1561;"Fensterheber"
"807012F000";10;5;0;5;1;1;0;100;1;0;1;0;1561;"Fensterheber"
"807012X000";21;20;0;1;3;3;0;100;1;0;0;0;1561;"Fensterheber"
"807012X005";52;39;0;13;3;3;0;100;1;0;1;0;1561;"Fensterheber"
"807014A00K";2;2;0;0;1;1;0;100;1;0;0;0;1561;"Fensterheber"
"807014EA0A";11;9;0;2;1;1;0;100;1;0;1;0;1561;"Fensterheber"
"807014EA0C";12;11;0;1;1;1;0;100;1;0;1;0;1561;"Fensterheber"
"807014EA3C";11;10;0;1;1;1;0;100;1;0;1;0;1561;"Fensterheber"
"807015F600";46;45;0;1;1;1;0;100;1;0;1;0;1561;"Fensterheber"
"807016525R";142;136;1;5;2;2;0;100;1;0;0;0;1561;"Fensterheber"
"807018534R";59;42;0;17;1;1;0;100;1;0;0;0;1561;"Fensterheber"
"807018F300";5;4;0;1;1;1;0;100;1;0;1;0;1561;"Fensterheber"
"807019X60A";13;12;0;1;1;1;0;100;0;0;0;0;1561;"Fensterheber"
"80701AX100";1;1;0;0;1;1;0;100;1;0;0;0;1561;"Fensterheber"
"80701AX615";8;5;0;3;1;1;0;100;1;0;0;0;1561;"Fensterheber"
"80701AX620";11;11;0;0;1;1;0;100;1;0;1;0;1561;"Fensterheber"
"80701BC400";5;5;0;0;1;1;0;100;1;0;0;0;1561;"Fensterheber"
"80701BM705";7;7;0;0;1;1;0;100;1;0;1;0;1561;"Fensterheber"
"80701EB300";34;30;0;4;3;3;0;100;1;0;1;0;1561;"Fensterheber"
"80701EB30B";8;8;0;0;1;1;0;100;1;0;0;0;1561;"Fensterheber"
"807200001R";86;74;0;12;18;16;2;88,89;1;0;1;0;1561;"Fensterheber"
"807200007R";30;28;0;2;6;6;0;100;1;0;1;0;1561;"Fensterheber"
"807200008R";160;153;0;7;13;11;0;84,62;1;0;0;0;1561;"Fensterheber"
"807200713R";104;71;0;33;2;2;0;100;1;0;0;0;1561;"Fensterheber"
"807200M016";4;4;0;0;1;1;0;100;1;0;0;0;1561;"Fensterheber"
"807200M017";8;8;0;0;1;1;0;100;1;0;1;0;1561;"Fensterheber"
"807201941R";41;23;0;18;2;2;0;100;0;0;0;0;1561;"Fensterheber"
"807201952R";110;46;0;64;2;2;0;100;1;0;0;0;1561;"Fensterheber"
"807201HB0A";34;31;0;3;3;3;0;100;1;0;0;0;1561;"Fensterheber"
"807201KA0A";53;42;2;9;2;2;0;100;1;0;1;0;1561;"Fensterheber"
"807202S410";14;14;0;0;1;1;0;100;1;0;1;0;1561;"Fensterheber"
"807203154R";150;141;0;9;41;27;0;65,85;1;0;1;0;1561;"Fensterheber"
"807205115R";121;116;1;4;27;25;0;92,59;1;0;1;0;1561;"Fensterheber"
"807205569R";67;59;0;8;4;3;0;75;1;0;1;0;1561;"Fensterheber"
"807207012R";79;73;0;6;2;2;0;100;1;0;0;0;1561;"Fensterheber"
"807207736R";15;9;0;6;1;1;0;100;1;0;1;0;1561;"Fensterheber"
"807208353R";22;21;0;1;2;2;0;100;1;0;0;0;1561;"Fensterheber"
"807208H300";15;12;0;3;1;1;0;100;1;0;1;0;1561;"Fensterheber"
"807209071R";51;48;0;3;2;2;1;100;1;0;1;0;1561;"Fensterheber"
"807209299R";52;45;1;6;2;2;0;100;1;0;1;0;1561;"Fensterheber"
"807210002";14;10;0;4;1;1;0;100;0;0;0;0;1561;"Fensterheber"
"807210002R";121;110;0;11;19;17;0;89,47;1;0;1;0;1561;"Fensterheber"
"807210007R";51;48;0;3;21;17;0;80,95;1;0;1;0;1561;"Fensterheber"
"807210008R";296;268;0;28;33;31;0;93,94;1;0;0;0;1561;"Fensterheber"
"807210014R";121;109;0;12;6;3;0;50;1;0;0;0;1561;"Fensterheber"
"807210272R";32;12;0;20;1;1;0;100;1;0;0;0;1561;"Fensterheber"
"807210M016";14;12;0;2;1;1;0;100;1;0;0;0;1561;"Fensterheber"
"807211404R";150;93;0;57;2;2;0;100;1;0;1;0;1561;"Fensterheber"
"807211KA0A";289;264;5;20;10;9;0;90;1;0;1;0;1561;"Fensterheber"
"807211KA0C";119;118;0;1;12;10;0;83,33;1;0;0;0;1561;"Fensterheber"
"807212230R";25;23;1;1;1;1;0;100;1;0;1;0;1561;"Fensterheber"
"807212569R";190;180;0;10;43;37;1;86,05;1;0;1;0;1561;"Fensterheber"
"807213282R";41;38;0;3;2;1;0;50;1;0;1;0;1561;"Fensterheber"
"807213441R";62;58;0;4;5;3;0;60;1;0;1;0;1561;"Fensterheber"
"807213867R";128;115;0;13;5;5;0;100;1;0;1;0;1561;"Fensterheber"
"807213915R";94;74;0;20;2;2;0;100;1;0;1;0;1561;"Fensterheber"
"807214480R";11;3;1;7;1;1;0;100;0;0;0;0;1561;"Fensterheber"
"807215092R";17;14;0;3;1;1;0;100;1;0;0;0;1561;"Fensterheber"
"807216280R";49;46;0;3;3;3;0;100;1;0;0;0;1561;"Fensterheber"
"807216718R";264;252;0;12;74;41;1;55,41;1;0;1;0;1561;"Fensterheber"
"807217929R";56;26;3;27;3;3;0;100;0;0;0;0;1561;"Fensterheber"
"807218884R";9;3;1;5;1;1;0;100;1;0;0;0;1561;"Fensterheber"
"807218H300";39;25;0;14;1;1;0;100;1;0;1;0;1561;"Fensterheber"
"807219093R";29;22;1;6;2;2;0;100;1;0;1;0;1561;"Fensterheber"
"80721JX00B";34;28;0;6;1;1;1;100;1;0;1;0;1561;"Fensterheber"
"80721JY00C";2;2;0;0;1;1;0;100;1;0;1;0;1561;"Fensterheber"
"80721VJ200";48;39;0;9;6;6;2;100;1;0;1;0;1561;"Fensterheber"
"807300M007";5;5;0;0;1;1;0;100;0;0;0;0;1561;"Fensterheber"
"807304CA1A";31;1;6;24;1;1;0;100;0;0;0;0;1561;"Fensterheber"
"807310M007";10;9;0;1;1;1;0;100;0;0;0;0;1561;"Fensterheber"
"80731JX30B";49;10;4;35;1;1;0;100;0;0;0;0;1561;"Fensterheber"
"80731JX30C";419;132;24;263;7;7;0;100;0;0;0;0;1561;"Fensterheber"
"80731VJ200";19;15;0;4;1;1;0;100;0;0;0;0;1561;"Fensterheber"
"80731VJ201";8;8;0;0;1;1;0;100;0;0;0;0;1561;"Fensterheber"
"80770AV601";9;9;0;0;2;2;0;100;1;0;1;0;1561;"Fensterheber"
"80770JD000";27;5;3;19;1;1;0;100;1;0;1;0;1561;"Fensterheber"
"80770JD00A";138;131;0;7;5;4;0;80;1;0;1;0;1561;"Fensterheber"
"80771AV611";27;23;0;4;2;1;0;50;1;0;1;0;1561;"Fensterheber"
"80771BA20C";10;9;0;1;2;2;1;100;1;0;1;0;1561;"Fensterheber"
"80771EY10A";27;23;0;4;4;3;0;75;1;0;0;0;1561;"Fensterheber"
"80771JD000";280;264;0;16;30;22;2;73,33;1;0;1;0;1561;"Fensterheber"
"80771JD20A";58;55;0;3;7;7;0;100;1;0;1;0;1561;"Fensterheber"
"80A837461B";8;2;0;6;1;1;0;100;0;0;0;0;1561;"Fensterheber"
"81626406056";22;13;0;9;1;1;0;100;0;0;0;0;1561;"Fensterheber"
"81626406057";32;15;0;17;3;2;0;66,67;0;0;0;0;1561;"Fensterheber"
"81626456023";60;19;0;41;1;1;0;100;0;0;0;0;1561;"Fensterheber"
"81626456027";10;5;0;5;1;1;0;100;0;0;0;0;1561;"Fensterheber"
"81626456053";69;33;0;36;1;1;0;100;0;0;1;0;1561;"Fensterheber"
"81626456054";29;16;0;13;2;2;0;100;0;0;1;0;1561;"Fensterheber"
"81626456055";99;60;0;39;4;4;0;100;0;0;1;0;1561;"Fensterheber"
"8196037";25;22;1;2;1;1;0;100;0;0;0;0;1561;"Fensterheber"
"81A837461";23;11;0;12;4;4;0;100;1;0;0;0;1561;"Fensterheber"
"8200000557";21;16;0;5;1;1;0;100;1;0;1;0;1561;"Fensterheber"
"8200000937";89;85;0;4;12;11;1;91,67;1;0;1;0;1561;"Fensterheber"
"8200000937MG";9;9;0;0;2;2;0;100;0;0;0;0;1561;"Fensterheber"
"8200000938";54;50;1;3;5;2;0;40;1;0;1;0;1561;"Fensterheber"
"8200007660";12;8;0;4;1;1;0;100;1;0;0;0;1561;"Fensterheber"
"8200008329";52;41;1;10;1;1;1;100;1;0;1;0;1561;"Fensterheber"
"8200008330";29;27;0;2;1;1;0;100;1;0;1;0;1561;"Fensterheber"
"8200017893";56;53;0;3;9;8;0;88,89;1;0;1;0;1561;"Fensterheber"
"8200017894";25;24;0;1;5;5;0;100;1;0;1;0;1561;"Fensterheber"
"8200017903";60;55;0;5;13;13;3;100;1;0;1;0;1561;"Fensterheber"
"8200017904";35;33;0;2;5;5;1;100;1;0;1;0;1561;"Fensterheber"
"8200017905";17;14;0;3;2;2;0;100;1;0;0;0;1561;"Fensterheber"
"8200017909";17;13;0;4;2;2;0;100;1;0;1;0;1561;"Fensterheber"
"8200017910";24;20;0;4;3;3;1;100;1;0;1;0;1561;"Fensterheber"
"8200028070";33;29;0;4;5;3;0;60;1;0;1;0;1561;"Fensterheber"
"8200044416";8;7;0;1;1;1;0;100;0;0;1;0;1561;"Fensterheber"
"8200044417";12;11;0;1;1;1;0;100;0;0;1;0;1561;"Fensterheber"
"8200051779";170;160;0;10;37;37;0;100;1;0;1;0;1561;"Fensterheber"
"8200051780";152;146;0;6;20;20;0;100;1;0;1;0;1561;"Fensterheber"
"8200075938";89;80;0;9;8;7;0;87,50;1;0;1;0;1561;"Fensterheber"
"8200075940";106;101;0;5;7;7;1;100;1;0;1;0;1561;"Fensterheber"
"8200076022";23;23;0;0;2;1;0;50;1;0;1;0;1561;"Fensterheber"
"8200085841";29;23;0;6;2;2;0;100;1;0;1;0;1561;"Fensterheber"
"8200098915";15;11;0;4;1;1;0;100;1;0;0;0;1561;"Fensterheber"
"8200099044";41;25;0;16;1;1;0;100;1;0;0;0;1561;"Fensterheber"
"8200118856";23;23;0;0;4;4;1;100;1;0;1;0;1561;"Fensterheber"
"8200118857";26;25;0;1;1;1;0;100;1;0;1;0;1561;"Fensterheber"
"8200162708";59;58;0;1;7;5;0;71,43;1;0;1;0;1561;"Fensterheber"
"8200162710";18;17;0;1;2;2;0;100;1;0;1;0;1561;"Fensterheber"
"8200188551";22;20;0;2;1;1;0;100;1;0;1;0;1561;"Fensterheber"
"8200188553";53;45;1;7;5;5;0;100;1;0;1;0;1561;"Fensterheber"
"8200219260";17;17;0;0;1;1;0;100;1;0;1;0;1561;"Fensterheber"
"8200277577";29;25;1;3;1;1;0;100;1;0;1;0;1561;"Fensterheber"
"8200277578";38;38;0;0;5;5;0;100;1;0;1;0;1561;"Fensterheber"
"820029114";5;4;0;1;1;1;0;100;0;0;0;0;1561;"Fensterheber"
"8200291145";70;70;0;0;3;3;0;100;1;0;1;0;1561;"Fensterheber"
"8200291147";169;144;3;22;13;12;0;92,31;1;0;1;0;1561;"Fensterheber"
"8200291148";100;87;3;10;6;6;0;100;1;0;1;0;1561;"Fensterheber"
"8200291151";27;27;0;0;2;2;0;100;1;0;1;0;1561;"Fensterheber"
"8200291154";13;5;0;8;2;2;0;100;1;0;0;0;1561;"Fensterheber"
"8200297443";20;14;0;6;1;1;0;100;1;0;1;0;1561;"Fensterheber"
"8200305720";76;68;0;8;11;9;0;81,82;1;0;1;0;1561;"Fensterheber"
"8200305721";69;67;1;1;10;9;2;90;1;0;1;0;1561;"Fensterheber"
"8200305724";126;113;0;13;12;12;0;100;1;0;0;0;1561;"Fensterheber"
"8200305725";135;123;0;12;16;16;0;100;1;0;0;0;1561;"Fensterheber"
"8200325135";89;86;0;3;14;11;0;78,57;1;0;1;0;1561;"Fensterheber"
"8200325136";155;147;0;8;18;11;0;61,11;1;0;1;0;1561;"Fensterheber"
"8200325137";21;21;0;0;1;1;0;100;1;0;1;0;1561;"Fensterheber"
"8200384741";56;54;1;1;2;2;0;100;1;0;1;0;1561;"Fensterheber"
"8200384743";44;42;0;2;3;3;0;100;1;0;1;0;1561;"Fensterheber"
"8200403242";17;16;0;1;1;1;0;100;1;0;1;0;1561;"Fensterheber"
"8200424422";183;182;0;1;41;40;0;97,56;1;0;0;0;1561;"Fensterheber"
"8200424423";354;340;0;14;77;70;0;90,91;1;0;0;0;1561;"Fensterheber"
"8200467967";91;87;0;4;6;5;0;83,33;1;0;1;0;1561;"Fensterheber"
"8200467971";152;145;0;7;6;5;2;83,33;1;0;1;0;1561;"Fensterheber"
"8200478622";21;17;0;4;1;1;0;100;1;0;1;0;1561;"Fensterheber"
"8200485195";94;85;1;8;13;10;0;76,92;1;0;1;0;1561;"Fensterheber"
"8200485201";45;42;0;3;4;4;0;100;1;0;1;0;1561;"Fensterheber"
"8200485202";44;38;1;5;1;1;0;100;1;0;1;0;1561;"Fensterheber"
"8200485233";31;28;0;3;3;3;0;100;1;0;1;0;1561;"Fensterheber"
"8200497568";17;17;0;0;1;1;0;100;1;0;1;0;1561;"Fensterheber"
"8200497601";11;10;0;1;1;1;0;100;1;0;1;0;1561;"Fensterheber"
"8200628747";6;5;0;1;2;2;0;100;1;0;1;0;1561;"Fensterheber"
"8200646836";5;5;0;0;1;1;0;100;1;0;1;0;1561;"Fensterheber"
"8200646841";11;9;0;2;1;1;0;100;1;0;1;0;1561;"Fensterheber"
"8200718";19;14;0;5;3;3;0;100;0;0;0;0;1561;"Fensterheber"
"8200722832";249;220;0;29;40;32;1;80;1;0;1;0;1561;"Fensterheber"
"8200722834";73;71;0;2;9;9;0;100;1;0;1;0;1561;"Fensterheber"
"8200733828";28;27;0;1;4;1;0;25;1;0;1;0;1561;"Fensterheber"
"8200733829";56;55;0;1;4;1;0;25;1;0;1;0;1561;"Fensterheber"
"8200733832";17;12;0;5;1;1;0;100;1;0;0;0;1561;"Fensterheber"
"8200748375";102;99;0;3;11;10;0;90,91;1;0;1;0;1561;"Fensterheber"
"8200748377";112;104;0;8;18;15;0;83,33;0;0;1;0;1561;"Fensterheber"
"8200748379";65;62;0;3;10;9;0;90;0;0;1;0;1561;"Fensterheber"
"8200748381";92;87;0;5;10;10;0;100;1;0;1;0;1561;"Fensterheber"
"8200801329";28;28;0;0;2;2;0;100;1;0;1;0;1561;"Fensterheber"
"8200801330";40;40;0;0;4;4;0;100;1;0;1;0;1561;"Fensterheber"
"8200826165";79;74;0;5;5;5;1;100;1;0;1;0;1561;"Fensterheber"
"8200826167";101;85;0;16;7;6;0;85,71;1;0;1;0;1561;"Fensterheber"
"8200826169";199;183;0;16;22;19;0;86,36;1;0;1;0;1561;"Fensterheber"
"8200826173";35;29;0;6;1;1;0;100;1;0;1;0;1561;"Fensterheber"
"8200843592";321;313;0;8;24;21;0;87,50;1;0;1;0;1561;"Fensterheber"
"8200843597";81;77;2;2;5;3;0;60;1;0;1;0;1561;"Fensterheber"
"8200901099";99;96;0;3;7;1;0;14,29;1;0;0;0;1561;"Fensterheber"
"8200901102";92;87;0;5;4;1;0;25;1;0;1;0;1561;"Fensterheber"
"8200901104";29;26;0;3;1;1;0;100;1;0;1;0;1561;"Fensterheber"
"8201010921";115;99;0;16;11;2;0;18,18;1;0;1;0;1561;"Fensterheber"
"8201010924";151;137;1;13;18;9;3;50;1;0;1;0;1561;"Fensterheber"
"8201010925";606;562;1;43;82;55;5;67,07;1;0;1;0;1561;"Fensterheber"
"8201010926";887;837;0;50;154;104;7;67,53;1;0;1;0;1561;"Fensterheber"
"8201010927";59;50;2;7;3;3;0;100;1;0;1;0;1561;"Fensterheber"
"8201010929";100;91;0;9;13;10;3;76,92;1;0;1;0;1561;"Fensterheber"
"8201010930";221;196;0;25;25;23;3;92;1;0;1;0;1561;"Fensterheber"
"8201010931";128;117;2;9;16;15;1;93,75;1;0;1;0;1561;"Fensterheber"
"8201010932";152;123;2;27;4;2;0;50;1;0;1;0;1561;"Fensterheber"
"8201010933";243;177;2;64;3;2;0;66,67;1;0;1;0;1561;"Fensterheber"
"8201010934";83;74;0;9;7;6;0;85,71;1;0;1;0;1561;"Fensterheber"
"8201010935";73;66;1;6;5;4;0;80;1;0;1;0;1561;"Fensterheber"
"8201010936";105;99;0;6;12;12;2;100;1;0;1;0;1561;"Fensterheber"
"8201010937";165;152;0;13;11;9;0;81,82;1;0;1;0;1561;"Fensterheber"
"8201264500";44;37;0;7;3;2;1;66,67;1;0;1;0;1561;"Fensterheber"
"8204179";6;6;0;0;1;1;0;100;0;0;0;0;1561;"Fensterheber"
"8207261";69;68;0;1;14;14;0;100;0;0;0;1;1561;"Fensterheber"
"8207262";24;24;0;0;3;3;0;100;0;0;0;1;1561;"Fensterheber"
"8208267";3;3;0;0;1;1;0;100;0;0;0;1;1561;"Fensterheber"
"824010B010";14;10;0;4;3;3;0;100;0;0;1;0;1561;"Fensterheber"
"824011P000";23;22;0;1;3;3;0;100;1;0;1;0;1561;"Fensterheber"
"824011W010";2;1;0;1;1;1;0;100;1;0;1;0;1561;"Fensterheber"
"824011Y010";54;51;0;3;3;3;0;100;1;0;1;0;1561;"Fensterheber"
"824011Y020";135;87;5;43;4;4;0;100;1;0;0;0;1561;"Fensterheber"
"824011Y310";11;11;0;0;1;1;0;100;1;0;0;0;1561;"Fensterheber"
"824012Y000";57;43;2;12;1;1;0;100;1;0;1;0;1561;"Fensterheber"
"824013E002";21;16;0;5;3;3;1;100;1;0;1;0;1561;"Fensterheber"
"824014A010";12;11;0;1;1;1;0;100;1;0;1;0;1561;"Fensterheber"
"8240207010";10;6;0;4;1;1;0;100;1;0;1;0;1561;"Fensterheber"
"824021P000";12;10;0;2;2;2;0;100;1;0;1;0;1561;"Fensterheber"
"824021W010";15;12;0;3;1;1;0;100;1;0;1;0;1561;"Fensterheber"
"824021Y010";46;43;0;3;3;3;0;100;1;0;1;0;1561;"Fensterheber"
"824022Y000";52;44;3;5;2;1;0;50;1;0;1;0;1561;"Fensterheber"
"824024A010";11;11;0;0;1;1;0;100;1;0;1;0;1561;"Fensterheber"
"8240302000";12;11;0;1;2;1;0;50;1;0;1;0;1561;"Fensterheber"
"8240306010";43;31;2;10;2;1;0;50;1;0;1;0;1561;"Fensterheber"
"824030X010";35;35;0;0;2;2;0;100;1;0;1;0;1561;"Fensterheber"
"8240317010";46;27;0;19;1;1;1;100;1;0;1;0;1561;"Fensterheber"
"824031C010";46;40;0;6;3;3;0;100;1;0;1;0;1561;"Fensterheber"
"824031C210";77;34;1;42;3;3;0;100;1;0;1;0;1561;"Fensterheber"
"824031J010";138;123;2;13;9;9;0;100;1;0;1;0;1561;"Fensterheber"
"8240325010";72;67;3;2;17;5;1;29,41;1;0;1;0;1561;"Fensterheber"
"8240327000";77;40;4;33;3;3;3;100;1;0;1;0;1561;"Fensterheber"
"8240329012";15;15;0;0;1;1;0;100;1;0;1;0;1561;"Fensterheber"
"824032C000";31;30;0;1;5;5;0;100;1;0;1;0;1561;"Fensterheber"
"82403B4110";26;21;0;5;1;1;0;100;1;0;1;0;1561;"Fensterheber"
"82403C7010";58;53;0;5;7;7;0;100;1;0;0;0;1561;"Fensterheber"
"8240402010";12;12;0;0;3;3;0;100;1;0;1;0;1561;"Fensterheber"
"8240407010";12;5;0;7;1;1;1;100;1;0;1;0;1561;"Fensterheber"
"824040X010";7;6;0;1;1;1;0;100;1;0;1;0;1561;"Fensterheber"
"824041C010";26;24;0;2;1;1;0;100;1;0;1;0;1561;"Fensterheber"
"824041C210";41;23;0;18;2;2;0;100;1;0;1;0;1561;"Fensterheber"
"824041J010";39;27;0;12;2;2;0;100;1;0;1;0;1561;"Fensterheber"
"82404C7010";28;21;0;7;1;1;0;100;1;0;0;0;1561;"Fensterheber"
"824501Y000";21;18;0;3;2;2;0;100;0;0;0;0;1561;"Fensterheber"
"824502C000";9;6;2;1;1;1;0;100;0;0;1;0;1561;"Fensterheber"
"824502L000";19;10;2;7;1;1;0;100;0;0;1;0;1561;"Fensterheber"
"824601Y000";10;8;0;2;1;1;0;100;0;0;0;0;1561;"Fensterheber"
"824603Z010";4;2;0;2;2;2;0;100;0;0;1;0;1561;"Fensterheber"
"824711H000";417;386;2;29;67;62;2;92,54;1;0;1;0;1561;"Fensterheber"
"824711H300";221;159;3;59;19;19;0;100;1;0;0;0;1561;"Fensterheber"
"824711K000";28;24;0;4;2;2;0;100;1;0;1;0;1561;"Fensterheber"
"824712B000";7;6;0;1;2;1;0;50;1;0;1;0;1561;"Fensterheber"
"824712L000";115;109;0;6;27;27;1;100;1;0;1;0;1561;"Fensterheber"
"824712L001";160;121;0;39;23;22;0;95,65;1;0;1;0;1561;"Fensterheber"
"824712R000";163;155;0;8;21;21;0;100;1;0;1;0;1561;"Fensterheber"
"824713Z000";26;8;1;17;1;1;1;100;1;0;1;0;1561;"Fensterheber"
"82471A5010";44;23;1;20;1;1;0;100;0;0;0;0;1561;"Fensterheber"
"82471A6000";544;279;22;243;40;32;0;80;1;0;0;0;1561;"Fensterheber"
"82471A6700";34;18;2;14;4;4;0;100;1;0;0;0;1561;"Fensterheber"
"82471D3011";99;58;1;40;3;3;1;100;0;0;1;0;1561;"Fensterheber"
"82471D7010";574;416;22;136;24;15;0;62,50;1;0;0;0;1561;"Fensterheber"
"82471F1000";21;10;1;10;1;1;0;100;1;0;0;0;1561;"Fensterheber"
"824811H000";153;143;0;10;13;12;0;92,31;1;0;1;0;1561;"Fensterheber"
"824811H300";157;106;4;47;16;16;0;100;1;0;0;0;1561;"Fensterheber"
"824811K000";25;25;0;0;4;4;0;100;1;0;1;0;1561;"Fensterheber"
"824812L000";34;24;0;10;6;6;0;100;1;0;1;0;1561;"Fensterheber"
"824812L001";84;61;0;23;7;7;0;100;1;0;1;0;1561;"Fensterheber"
"824812R000";30;28;0;2;6;6;0;100;1;0;1;0;1561;"Fensterheber"
"824813U000";31;26;0;5;1;1;0;100;1;0;1;0;1561;"Fensterheber"
"824813Z000";20;5;0;15;3;3;0;100;1;0;1;0;1561;"Fensterheber"
"82481A5010";10;6;0;4;2;2;0;100;0;0;0;0;1561;"Fensterheber"
"82481A6000";141;62;2;77;9;7;0;77,78;1;0;0;0;1561;"Fensterheber"
"82481D3011";6;4;0;2;1;1;0;100;0;0;1;0;1561;"Fensterheber"
"82497193";32;24;0;8;1;1;0;100;0;0;0;0;1561;"Fensterheber"
"8251261";30;24;0;6;2;2;0;100;0;0;0;1;1561;"Fensterheber"
"8251263";15;14;0;1;1;1;0;100;0;0;0;1;1561;"Fensterheber"
"8257263";46;28;0;18;6;6;0;100;0;0;0;1;1561;"Fensterheber"
"827000F610";7;7;0;0;1;1;0;100;1;0;1;0;1561;"Fensterheber"
"827010001R";4;4;0;0;1;1;0;100;1;0;1;0;1561;"Fensterheber"
"827012X400";8;8;0;0;1;1;0;100;1;0;1;0;1561;"Fensterheber"
"827014EA0A";5;4;0;1;1;1;0;100;1;0;0;0;1561;"Fensterheber"
"827019U00B";14;13;0;1;3;3;0;100;1;0;1;0;1561;"Fensterheber"
"82701AV610";6;3;0;3;1;1;0;100;1;0;1;0;1561;"Fensterheber"
"827208597R";71;42;0;29;4;3;0;75;1;0;0;0;1561;"Fensterheber"
"827210622R";19;7;0;12;2;2;0;100;1;0;0;0;1561;"Fensterheber"
"827216FR0A";10;7;0;3;2;2;0;100;1;0;0;0;1561;"Fensterheber"
"827301HB0A";7;2;0;5;1;1;0;100;0;0;0;0;1561;"Fensterheber"
"82730CV01C";8;5;0;3;1;1;0;100;0;0;0;0;1561;"Fensterheber"
"8283736";19;19;0;0;5;1;0;20;0;0;0;0;1561;"Fensterheber"
"8314261";22;21;1;0;2;2;0;100;0;0;0;1;1561;"Fensterheber"
"8314261VWA";1;1;0;0;1;1;0;100;0;0;0;0;1561;"Fensterheber"
"834012S000";27;21;0;6;1;1;0;100;1;0;1;0;1561;"Fensterheber"
"834012Y000";407;349;4;54;57;47;1;82,46;1;0;1;0;1561;"Fensterheber"
"8340163J51";12;11;0;1;1;1;0;100;1;0;1;0;1561;"Fensterheber"
"8340165J01000";9;3;3;3;1;1;0;100;0;0;0;0;1561;"Fensterheber"
"8340179J12000";13;13;0;0;1;1;0;100;1;0;0;0;1561;"Fensterheber"
"8340181A10";45;38;0;7;2;2;0;100;1;0;1;0;1561;"Fensterheber"
"8340181A10000";11;11;0;0;1;1;0;100;1;0;0;0;1561;"Fensterheber"
"834021D010";63;34;2;27;1;1;1;100;0;0;1;0;1561;"Fensterheber"
"834022Y000";50;41;2;7;2;2;0;100;1;0;1;0;1561;"Fensterheber"
"8340262A00";43;26;1;16;1;1;0;100;1;0;1;0;1561;"Fensterheber"
"8340263J51";15;14;0;1;1;1;0;100;1;0;1;0;1561;"Fensterheber"
"8340265D10";47;29;1;17;4;4;0;100;1;0;1;0;1561;"Fensterheber"
"8340279J12";62;60;1;1;6;6;0;100;1;0;1;0;1561;"Fensterheber"
"8340279J12000";31;31;0;0;9;9;0;100;1;0;0;0;1561;"Fensterheber"
"8340281A10000";8;8;0;0;1;1;0;100;1;0;1;0;1561;"Fensterheber"
"8340283E10";9;9;0;0;1;1;0;100;1;0;1;0;1561;"Fensterheber"
"8340325010";27;26;0;1;3;3;0;100;1;0;1;0;1561;"Fensterheber"
"8340425010";31;27;0;4;2;2;0;100;1;0;1;0;1561;"Fensterheber"
"8341079J11000";11;8;0;3;1;1;0;100;0;0;0;0;1561;"Fensterheber"
"8343081A10";21;7;0;14;1;1;0;100;0;0;0;0;1561;"Fensterheber"
"8344079J11000";24;19;0;5;6;5;0;83,33;0;0;0;0;1561;"Fensterheber"
"834502S000";69;45;6;18;10;10;0;100;0;0;0;0;1561;"Fensterheber"
"8346080F00";2;0;0;2;1;1;0;100;0;0;0;0;1561;"Fensterheber"
"834713U000";59;49;0;10;1;1;0;100;1;0;1;0;1561;"Fensterheber"
"834813U000";205;192;0;13;18;17;1;94,44;1;0;1;0;1561;"Fensterheber"
"8353263";63;59;0;4;12;12;0;100;0;0;0;1;1561;"Fensterheber"
"8353264";21;21;0;0;3;3;0;100;0;0;0;1;1561;"Fensterheber"
"8435281010110";1;1;0;0;1;1;0;100;0;0;0;0;1561;"Fensterheber"
"8435281015689";1;0;0;1;1;1;0;100;0;0;0;0;1561;"Fensterheber"
"8435281025930";1;0;0;1;1;1;0;100;0;0;0;0;1561;"Fensterheber"
"8435281026944";2;2;0;0;1;1;0;100;0;0;0;0;1561;"Fensterheber"
"850016";181;181;0;0;58;2;0;3,45;0;0;1;1;1561;"Fensterheber"
"850040";16;16;0;0;3;3;0;100;0;0;1;1;1561;"Fensterheber"
"850041";102;100;0;2;39;3;0;7,69;0;0;1;1;1561;"Fensterheber"
"850062";85;79;0;6;10;4;0;40;0;0;1;1;1561;"Fensterheber"
"850063";112;85;0;27;9;4;0;44,44;0;0;1;1;1561;"Fensterheber"
"850067";18;4;0;14;1;1;0;100;0;0;1;1;1561;"Fensterheber"
"850076";31;30;0;1;3;2;0;66,67;0;0;1;1;1561;"Fensterheber"
"850096";50;45;0;5;12;1;0;8,33;0;0;1;1;1561;"Fensterheber"
"850112";689;688;1;0;322;3;0;0,93;0;0;1;1;1561;"Fensterheber"
"850114";267;266;0;1;114;2;0;1,75;0;0;1;1;1561;"Fensterheber"
"850156";9;7;0;2;1;1;0;100;0;0;1;1;1561;"Fensterheber"
"850157";248;247;0;1;37;1;0;2,70;0;0;1;1;1561;"Fensterheber"
"850166";16;15;0;1;1;1;0;100;0;0;1;1;1561;"Fensterheber"
"850167";1012;1005;0;7;142;1;0;0,70;0;0;1;1;1561;"Fensterheber"
"850168";29;23;0;6;1;1;0;100;0;0;1;1;1561;"Fensterheber"
"850169";48;47;0;1;7;2;0;28,57;0;0;1;1;1561;"Fensterheber"
"850180";55;55;0;0;14;14;0;100;0;0;1;1;1561;"Fensterheber"
"850181";51;50;0;1;12;10;0;83,33;0;0;1;1;1561;"Fensterheber"
"850186";11;7;0;4;2;2;0;100;0;0;1;1;1561;"Fensterheber"
"850196";6;6;0;0;1;1;0;100;0;0;1;1;1561;"Fensterheber"
"850197";9;7;1;1;2;2;0;100;0;0;1;1;1561;"Fensterheber"
"850242";30;26;0;4;5;5;0;100;0;0;1;1;1561;"Fensterheber"
"850243";11;10;0;1;2;2;0;100;0;0;1;1;1561;"Fensterheber"
"850246";9;9;0;0;1;1;0;100;0;0;1;1;1561;"Fensterheber"
"850254";29;28;0;1;3;3;0;100;0;0;1;1;1561;"Fensterheber"
"850255";24;24;0;0;4;3;0;75;0;0;1;1;1561;"Fensterheber"
"850288";14;14;0;0;1;1;0;100;0;0;1;1;1561;"Fensterheber"
"850289";9;9;0;0;2;2;0;100;0;0;1;1;1561;"Fensterheber"
"850315";4;4;0;0;2;2;0;100;0;0;1;1;1561;"Fensterheber"
"850318";7;7;0;0;2;2;0;100;0;0;1;1;1561;"Fensterheber"
"850348";16;16;0;0;4;4;1;100;0;0;1;1;1561;"Fensterheber"
"850352";16;15;1;0;3;3;0;100;0;0;1;1;1561;"Fensterheber"
"850356";8;7;0;1;1;1;0;100;0;0;1;1;1561;"Fensterheber"
"850357";10;10;0;0;2;2;0;100;0;0;1;1;1561;"Fensterheber"
"850358";37;37;0;0;5;5;0;100;0;0;1;1;1561;"Fensterheber"
"850359";15;15;0;0;1;1;0;100;0;0;1;1;1561;"Fensterheber"
"850360";42;42;0;0;8;8;0;100;0;0;1;1;1561;"Fensterheber"
"850361";33;33;0;0;5;5;0;100;0;0;1;1;1561;"Fensterheber"
"850362";44;44;0;0;9;9;0;100;0;0;1;1;1561;"Fensterheber"
"850363";41;39;0;2;11;11;0;100;0;0;1;1;1561;"Fensterheber"
"850367";7;6;0;1;1;1;0;100;0;0;1;1;1561;"Fensterheber"
"850370";8;8;0;0;1;1;0;100;0;0;1;1;1561;"Fensterheber"
"850388";10;10;0;0;1;1;0;100;0;0;1;1;1561;"Fensterheber"
"850389";15;14;0;1;1;1;0;100;0;0;1;1;1561;"Fensterheber"
"850390";22;21;0;1;2;2;1;100;0;0;1;1;1561;"Fensterheber"
"850391";25;25;0;0;2;1;0;50;0;0;1;1;1561;"Fensterheber"
"850395";15;15;0;0;1;1;0;100;0;0;1;1;1561;"Fensterheber"
"850396";11;11;0;0;2;2;0;100;0;0;1;1;1561;"Fensterheber"
"850397";4;4;0;0;1;1;0;100;0;0;1;1;1561;"Fensterheber"
"850402";49;46;0;3;1;1;0;100;0;0;1;1;1561;"Fensterheber"
"850403";18;16;0;2;5;5;0;100;0;0;1;1;1561;"Fensterheber"
"850408";7;7;0;0;1;1;0;100;0;0;1;1;1561;"Fensterheber"
"850414";9;9;0;0;1;1;0;100;0;0;1;1;1561;"Fensterheber"
"850442";37;37;0;0;6;6;0;100;0;0;1;1;1561;"Fensterheber"
"850443";24;23;0;1;4;4;0;100;0;0;1;1;1561;"Fensterheber"
"850444";10;10;0;0;1;1;0;100;0;0;1;1;1561;"Fensterheber"
"850449";11;11;0;0;1;1;0;100;0;0;1;1;1561;"Fensterheber"
"850451";3;3;0;0;1;1;0;100;0;0;1;1;1561;"Fensterheber"
"850452";25;25;0;0;2;2;0;100;0;0;1;1;1561;"Fensterheber"
"850453";12;12;0;0;2;2;0;100;0;0;1;1;1561;"Fensterheber"
"850455";5;5;0;0;1;1;0;100;0;0;1;1;1561;"Fensterheber"
"850456";19;17;0;2;1;1;0;100;0;0;1;1;1561;"Fensterheber"
"850459";21;21;0;0;1;1;0;100;0;0;1;1;1561;"Fensterheber"
"850466";17;15;0;2;1;1;0;100;0;0;1;1;1561;"Fensterheber"
"850482";19;16;0;3;2;2;0;100;0;0;1;1;1561;"Fensterheber"
"850483";28;26;0;2;3;3;1;100;0;0;1;1;1561;"Fensterheber"
"850484";16;15;1;0;6;4;0;66,67;0;0;1;1;1561;"Fensterheber"
"850485";9;9;0;0;1;1;0;100;0;0;1;1;1561;"Fensterheber"
"850488";7;7;0;0;2;2;0;100;0;0;1;1;1561;"Fensterheber"
"850489";5;5;0;0;2;1;0;50;0;0;1;1;1561;"Fensterheber"
"850490";7;7;0;0;1;1;0;100;0;0;1;1;1561;"Fensterheber"
"850494";30;27;0;3;6;4;0;66,67;0;0;1;1;1561;"Fensterheber"
"850495";22;22;0;0;7;7;0;100;0;0;1;1;1561;"Fensterheber"
"850496";18;18;0;0;2;1;0;50;0;0;1;1;1561;"Fensterheber"
"850498";32;32;0;0;8;8;0;100;0;0;1;1;1561;"Fensterheber"
"850499";13;12;0;1;9;7;1;77,78;0;0;1;1;1561;"Fensterheber"
"850504";25;25;0;0;1;1;0;100;0;0;1;1;1561;"Fensterheber"
"850506";42;42;0;0;2;2;0;100;0;0;1;1;1561;"Fensterheber"
"850522";35;35;0;0;8;7;0;87,50;0;0;1;1;1561;"Fensterheber"
"850523";13;13;0;0;3;2;0;66,67;0;0;1;1;1561;"Fensterheber"
"850524";63;63;0;0;19;15;0;78,95;0;0;1;1;1561;"Fensterheber"
"850525";54;52;1;1;10;10;0;100;0;0;1;1;1561;"Fensterheber"
"850527VAL";1;1;0;0;1;1;0;100;0;0;0;0;1561;"Fensterheber"
"850563";5;5;0;0;1;1;0;100;0;0;1;1;1561;"Fensterheber"
"850567";9;9;0;0;1;1;0;100;0;0;1;1;1561;"Fensterheber"
"850570";18;16;0;2;1;1;0;100;0;0;1;1;1561;"Fensterheber"
"850572";15;15;0;0;5;5;0;100;0;0;1;1;1561;"Fensterheber"
"850573";10;10;0;0;2;2;0;100;0;0;1;1;1561;"Fensterheber"
"850574";17;17;0;0;3;3;0;100;0;0;1;1;1561;"Fensterheber"
"850575";16;16;0;0;5;5;0;100;0;0;1;1;1561;"Fensterheber"
"850576";11;11;0;0;1;1;0;100;0;0;1;1;1561;"Fensterheber"
"850577";15;15;0;0;3;3;0;100;0;0;1;1;1561;"Fensterheber"
"850578";33;33;0;0;13;12;0;92,31;0;0;1;1;1561;"Fensterheber"
"850579";18;18;0;0;3;2;0;66,67;0;0;1;1;1561;"Fensterheber"
"850580";45;45;0;0;11;10;0;90,91;0;0;1;1;1561;"Fensterheber"
"850581";37;37;0;0;12;12;0;100;0;0;1;1;1561;"Fensterheber"
"850582";26;25;0;1;5;5;0;100;0;0;1;1;1561;"Fensterheber"
"850584";8;8;0;0;1;1;0;100;0;0;1;1;1561;"Fensterheber"
"850585";13;13;0;0;6;5;0;83,33;0;0;1;1;1561;"Fensterheber"
"850586";25;25;0;0;1;1;0;100;0;0;1;1;1561;"Fensterheber"
"850589";6;6;0;0;1;1;0;100;0;0;1;1;1561;"Fensterheber"
"850592";11;11;0;0;1;1;0;100;0;0;1;1;1561;"Fensterheber"
"850593";3;3;0;0;2;2;0;100;0;0;1;1;1561;"Fensterheber"
"850594";31;26;0;5;11;8;0;72,73;0;0;1;1;1561;"Fensterheber"
"850595";17;17;0;0;7;7;0;100;0;0;1;1;1561;"Fensterheber"
"850596";108;107;0;1;30;29;1;96,67;0;0;1;1;1561;"Fensterheber"
"850596VAL";3;3;0;0;1;1;0;100;0;0;0;0;1561;"Fensterheber"
"850597";48;48;0;0;19;19;0;100;0;0;1;1;1561;"Fensterheber"
"850597VAL";2;2;0;0;1;1;0;100;0;0;0;0;1561;"Fensterheber"
"850598";31;31;0;0;4;4;0;100;0;0;1;1;1561;"Fensterheber"
"850604";66;64;0;2;16;15;0;93,75;0;0;1;1;1561;"Fensterheber"
"850605";29;29;0;0;4;4;0;100;0;0;1;1;1561;"Fensterheber"
"850607";21;18;0;3;3;1;0;33,33;0;0;1;1;1561;"Fensterheber"
"850608";27;27;0;0;4;2;0;50;0;0;1;1;1561;"Fensterheber"
"850609";15;15;0;0;2;1;0;50;0;0;1;1;1561;"Fensterheber"
"850610";56;56;0;0;3;2;0;66,67;0;0;1;1;1561;"Fensterheber"
"850612";13;13;0;0;2;1;0;50;0;0;1;1;1561;"Fensterheber"
"850616";49;48;0;1;5;5;0;100;0;0;1;1;1561;"Fensterheber"
"850617";21;20;0;1;4;4;0;100;0;0;1;1;1561;"Fensterheber"
"850618";45;45;0;0;8;8;0;100;0;0;1;1;1561;"Fensterheber"
"850619";9;9;0;0;1;1;0;100;0;0;1;1;1561;"Fensterheber"
"850620";18;17;0;1;2;2;0;100;0;0;1;1;1561;"Fensterheber"
"850624";11;11;0;0;1;1;0;100;0;0;1;1;1561;"Fensterheber"
"850640";36;36;0;0;12;12;0;100;0;0;1;1;1561;"Fensterheber"
"850641";4;4;0;0;2;2;0;100;0;0;1;1;1561;"Fensterheber"
"850642";21;19;0;2;5;5;0;100;0;0;1;1;1561;"Fensterheber"
"850648";16;16;0;0;1;1;0;100;0;0;1;1;1561;"Fensterheber"
"850649";8;7;0;1;2;1;0;50;0;0;1;1;1561;"Fensterheber"
"850652";13;13;0;0;3;2;0;66,67;0;0;1;1;1561;"Fensterheber"
"850656";16;15;0;1;5;3;0;60;0;0;1;1;1561;"Fensterheber"
"850657";16;16;0;0;4;4;0;100;0;0;1;1;1561;"Fensterheber"
"850658";16;16;0;0;2;2;0;100;0;0;1;1;1561;"Fensterheber"
"850672";35;34;0;1;9;2;0;22,22;0;0;1;1;1561;"Fensterheber"
"850674";5;5;0;0;1;1;0;100;0;0;1;1;1561;"Fensterheber"
"850678";22;21;0;1;4;1;0;25;0;0;1;1;1561;"Fensterheber"
"850679";21;20;0;1;6;5;0;83,33;0;0;1;1;1561;"Fensterheber"
"850682";18;18;0;0;2;2;1;100;0;0;1;1;1561;"Fensterheber"
"850686";21;21;0;0;4;4;0;100;0;0;1;1;1561;"Fensterheber"
"850690";8;8;0;0;2;2;0;100;0;0;1;1;1561;"Fensterheber"
"850691";14;13;0;1;2;2;0;100;0;0;1;1;1561;"Fensterheber"
"850695";13;13;0;0;3;3;0;100;0;0;1;1;1561;"Fensterheber"
"850697";51;49;0;2;1;1;0;100;0;0;1;1;1561;"Fensterheber"
"850698";55;54;0;1;9;5;0;55,56;0;0;1;1;1561;"Fensterheber"
"850699";31;31;0;0;5;3;0;60;0;0;1;1;1561;"Fensterheber"
"850706";15;13;0;2;2;2;0;100;0;0;1;1;1561;"Fensterheber"
"850707";22;22;0;0;5;4;0;80;0;0;1;1;1561;"Fensterheber"
"850720";8;7;0;1;1;1;0;100;0;0;1;1;1561;"Fensterheber"
"850722";20;20;0;0;3;3;0;100;0;0;1;1;1561;"Fensterheber"
"850723";22;22;0;0;5;5;0;100;0;0;1;1;1561;"Fensterheber"
"850724";41;39;0;2;10;10;0;100;0;0;1;1;1561;"Fensterheber"
"850725";37;37;0;0;11;11;0;100;0;0;1;1;1561;"Fensterheber"
"850726";19;19;0;0;5;5;0;100;0;0;1;1;1561;"Fensterheber"
"850727";14;14;0;0;1;1;1;100;0;0;1;1;1561;"Fensterheber"
"850728";6;6;0;0;1;1;0;100;0;0;1;1;1561;"Fensterheber"
"850734";13;13;0;0;3;3;0;100;0;0;1;1;1561;"Fensterheber"
"850735";2;2;0;0;1;1;0;100;0;0;1;1;1561;"Fensterheber"
"850742";141;141;0;0;39;39;1;100;0;0;1;1;1561;"Fensterheber"
"850743";42;42;0;0;8;8;0;100;0;0;1;1;1561;"Fensterheber"
"850744";63;62;0;1;8;8;0;100;0;0;1;1;1561;"Fensterheber"
"850745";16;16;0;0;4;4;0;100;0;0;1;1;1561;"Fensterheber"
"850747";4;4;0;0;1;1;0;100;0;0;1;1;1561;"Fensterheber"
"850748";10;10;0;0;1;1;0;100;0;0;1;1;1561;"Fensterheber"
"850750";15;15;0;0;3;3;0;100;0;0;1;1;1561;"Fensterheber"
"850750VAL";2;2;0;0;1;1;0;100;0;0;0;0;1561;"Fensterheber"
"850751";24;24;0;0;6;6;0;100;0;0;1;1;1561;"Fensterheber"
"850754";11;11;0;0;1;1;0;100;0;0;1;1;1561;"Fensterheber"
"850760";37;37;0;0;6;6;0;100;0;0;1;1;1561;"Fensterheber"
"850761";23;22;0;1;3;3;0;100;0;0;1;1;1561;"Fensterheber"
"850766";38;38;0;0;8;8;0;100;0;0;1;1;1561;"Fensterheber"
"850767";78;77;0;1;12;4;0;33,33;0;0;1;1;1561;"Fensterheber"
"850770";5;5;0;0;3;3;0;100;0;0;1;1;1561;"Fensterheber"
"850773";26;21;0;5;1;1;0;100;0;0;1;1;1561;"Fensterheber"
"850774";75;74;0;1;13;12;0;92,31;0;0;1;1;1561;"Fensterheber"
"850775";21;20;0;1;4;4;0;100;0;0;1;1;1561;"Fensterheber"
"850776";20;20;0;0;1;1;0;100;0;0;1;1;1561;"Fensterheber"
"850778";15;14;0;1;2;1;0;50;0;0;1;1;1561;"Fensterheber"
"850779";11;11;0;0;1;1;0;100;0;0;1;1;1561;"Fensterheber"
"850780";7;7;0;0;2;2;0;100;0;0;1;1;1561;"Fensterheber"
"850788";39;39;0;0;6;6;0;100;0;0;1;1;1561;"Fensterheber"
"850790";19;19;0;0;2;2;0;100;0;0;1;1;1561;"Fensterheber"
"850791";11;11;0;0;2;2;0;100;0;0;1;1;1561;"Fensterheber"
"850792";29;28;0;1;4;3;1;75;0;0;1;1;1561;"Fensterheber"
"850798";17;17;0;0;1;1;0;100;0;0;1;1;1561;"Fensterheber"
"850799";9;9;0;0;1;1;0;100;0;0;1;1;1561;"Fensterheber"
"850800";10;9;0;1;4;2;0;50;0;0;1;1;1561;"Fensterheber"
"850802";20;20;0;0;5;5;0;100;0;0;1;1;1561;"Fensterheber"
"850803";9;9;0;0;4;1;0;25;0;0;1;1;1561;"Fensterheber"
"850804";16;15;1;0;5;2;0;40;0;0;1;1;1561;"Fensterheber"
"850812";26;24;1;1;7;7;0;100;0;0;1;1;1561;"Fensterheber"
"850813";18;17;0;1;3;3;0;100;0;0;1;1;1561;"Fensterheber"
"850814";13;13;0;0;2;2;0;100;0;0;1;1;1561;"Fensterheber"
"850816";4;4;0;0;1;1;0;100;0;0;1;1;1561;"Fensterheber"
"850818";13;13;0;0;4;3;0;75;0;0;1;1;1561;"Fensterheber"
"850819";13;13;0;0;1;1;0;100;0;0;1;1;1561;"Fensterheber"
"850820";55;55;0;0;14;14;1;100;0;0;1;1;1561;"Fensterheber"
"850821";19;19;0;0;5;5;0;100;0;0;1;1;1561;"Fensterheber"
"850822";16;15;0;1;1;1;0;100;0;0;1;1;1561;"Fensterheber"
"850823";9;9;0;0;2;2;0;100;0;0;1;1;1561;"Fensterheber"
"850825";6;6;0;0;1;1;0;100;0;0;1;1;1561;"Fensterheber"
"850827";2;2;0;0;1;1;0;100;0;0;1;1;1561;"Fensterheber"
"850832";8;8;0;0;1;1;0;100;0;0;1;1;1561;"Fensterheber"
"850833";13;13;0;0;3;3;0;100;0;0;1;1;1561;"Fensterheber"
"850835";4;4;0;0;1;1;0;100;0;0;1;1;1561;"Fensterheber"
"850842";14;14;0;0;3;3;1;100;0;0;1;1;1561;"Fensterheber"
"850843";25;25;0;0;8;8;0;100;0;0;1;1;1561;"Fensterheber"
"850850";7;7;0;0;4;3;0;75;0;0;1;1;1561;"Fensterheber"
"850851";6;6;0;0;2;2;0;100;0;0;1;1;1561;"Fensterheber"
"850852";44;44;0;0;6;5;0;83,33;0;0;1;1;1561;"Fensterheber"
"850852VAL";4;4;0;0;2;2;0;100;0;0;0;0;1561;"Fensterheber"
"850853";25;25;0;0;4;4;0;100;0;0;1;1;1561;"Fensterheber"
"850854";10;10;0;0;7;7;0;100;0;0;1;1;1561;"Fensterheber"
"850855";16;16;0;0;3;3;0;100;0;0;1;1;1561;"Fensterheber"
"850858";15;14;0;1;1;1;0;100;0;0;1;1;1561;"Fensterheber"
"850859";7;7;0;0;2;2;0;100;0;0;1;1;1561;"Fensterheber"
"850866";22;22;0;0;2;2;0;100;0;0;1;1;1561;"Fensterheber"
"850867";17;17;0;0;2;2;0;100;0;0;1;1;1561;"Fensterheber"
"850868";44;43;0;1;10;7;0;70;0;0;1;1;1561;"Fensterheber"
"850869";32;32;0;0;13;11;0;84,62;0;0;1;1;1561;"Fensterheber"
"850871";5;5;0;0;1;1;0;100;0;0;1;1;1561;"Fensterheber"
"850878";19;18;1;0;7;6;0;85,71;0;0;1;1;1561;"Fensterheber"
"850879";9;9;0;0;1;1;0;100;0;0;1;1;1561;"Fensterheber"
"850881";11;11;0;0;2;2;0;100;0;0;1;1;1561;"Fensterheber"
"850888";10;10;0;0;2;2;0;100;0;0;1;1;1561;"Fensterheber"
"850895";1;1;0;0;1;1;1;100;0;0;1;1;1561;"Fensterheber"
"850902";39;39;0;0;5;5;0;100;0;0;1;1;1561;"Fensterheber"
"850903";12;11;0;1;1;1;0;100;0;0;1;1;1561;"Fensterheber"
"850904";11;11;0;0;2;2;0;100;0;0;1;1;1561;"Fensterheber"
"850905";31;30;0;1;10;8;0;80;0;0;1;1;1561;"Fensterheber"
"850910";5;5;0;0;1;1;0;100;0;0;1;1;1561;"Fensterheber"
"850912";6;6;0;0;2;2;0;100;0;0;1;1;1561;"Fensterheber"
"850913";17;17;0;0;1;1;0;100;0;0;1;1;1561;"Fensterheber"
"850914";25;25;0;0;7;4;0;57,14;0;0;1;1;1561;"Fensterheber"
"850915";19;19;0;0;2;2;0;100;0;0;1;1;1561;"Fensterheber"
"850916";8;8;0;0;1;1;0;100;0;0;1;1;1561;"Fensterheber"
"850918";9;9;0;0;1;1;0;100;0;0;1;1;1561;"Fensterheber"
"850919";4;4;0;0;1;1;0;100;0;0;1;1;1561;"Fensterheber"
"850921";3;3;0;0;1;1;0;100;0;0;1;1;1561;"Fensterheber"
"850922";15;15;0;0;4;4;0;100;0;0;1;1;1561;"Fensterheber"
"850923";14;11;1;2;1;1;0;100;0;0;1;1;1561;"Fensterheber"
"850924";7;7;0;0;2;2;0;100;0;0;1;1;1561;"Fensterheber"
"850925";9;9;0;0;1;1;0;100;0;0;1;1;1561;"Fensterheber"
"850926";90;90;0;0;24;24;0;100;0;0;1;1;1561;"Fensterheber"
"850927";71;70;0;1;21;21;0;100;0;0;1;1;1561;"Fensterheber"
"850927VALEO";3;3;0;0;1;1;0;100;0;0;0;0;1561;"Fensterheber"
"850928";18;18;0;0;3;3;0;100;0;0;1;1;1561;"Fensterheber"
"850929";4;4;0;0;1;1;0;100;0;0;1;1;1561;"Fensterheber"
"850930";5;3;0;2;1;1;0;100;0;0;1;1;1561;"Fensterheber"
"850932";51;46;3;2;6;6;0;100;0;0;1;1;1561;"Fensterheber"
"850933";20;20;0;0;4;2;0;50;0;0;1;1;1561;"Fensterheber"
"850936";2;2;0;0;3;2;0;66,67;0;0;1;1;1561;"Fensterheber"
"850950";24;23;0;1;4;4;2;100;0;0;1;1;1561;"Fensterheber"
"850951";18;12;0;6;2;2;0;100;0;0;1;1;1561;"Fensterheber"
"850956";11;11;0;0;1;1;1;100;0;0;1;1;1561;"Fensterheber"
"850957";8;7;0;1;2;2;1;100;0;0;1;1;1561;"Fensterheber"
"850966";24;22;0;2;2;2;0;100;0;0;1;1;1561;"Fensterheber"
"850968";6;5;1;0;2;2;0;100;0;0;1;1;1561;"Fensterheber"
"850970";17;16;0;1;1;1;0;100;0;0;1;1;1561;"Fensterheber"
"850973";12;11;0;1;1;1;0;100;0;0;1;1;1561;"Fensterheber"
"850982";5;5;0;0;1;1;0;100;0;0;1;1;1561;"Fensterheber"
"850991";3;3;0;0;1;1;0;100;0;0;1;1;1561;"Fensterheber"
"850994";4;3;1;0;1;1;0;100;0;0;1;1;1561;"Fensterheber"
"850996";21;21;0;0;4;4;0;100;0;0;1;1;1561;"Fensterheber"
"850997";21;21;0;0;5;4;0;80;0;0;1;1;1561;"Fensterheber"
"851004";26;25;0;1;4;4;0;100;0;0;1;1;1561;"Fensterheber"
"851005";34;34;0;0;5;3;0;60;0;0;1;1;1561;"Fensterheber"
"851008";18;18;0;0;3;1;0;33,33;0;0;1;1;1561;"Fensterheber"
"851010";42;41;0;1;2;1;0;50;0;0;1;1;1561;"Fensterheber"
"851011";18;17;0;1;1;1;0;100;0;0;1;1;1561;"Fensterheber"
"851012";27;25;1;1;5;4;1;80;0;0;1;1;1561;"Fensterheber"
"851013";48;47;0;1;18;17;0;94,44;0;0;1;1;1561;"Fensterheber"
"851014";54;52;0;2;5;4;0;80;0;0;1;1;1561;"Fensterheber"
"851015";31;29;0;2;4;4;0;100;0;0;1;1;1561;"Fensterheber"
"851016";16;12;3;1;2;1;0;50;0;0;1;1;1561;"Fensterheber"
"851017";33;33;0;0;4;2;0;50;0;0;1;1;1561;"Fensterheber"
"851030";7;6;1;0;1;1;0;100;0;0;1;1;1561;"Fensterheber"
"851032";58;55;0;3;12;11;0;91,67;0;0;1;1;1561;"Fensterheber"
"851033";37;33;3;1;4;4;0;100;0;0;1;1;1561;"Fensterheber"
"851036";28;26;0;2;5;5;0;100;0;0;1;1;1561;"Fensterheber"
"851037";22;20;0;2;1;1;0;100;0;0;1;1;1561;"Fensterheber"
"851038";146;143;0;3;24;1;0;4,17;0;0;1;1;1561;"Fensterheber"
"851044";36;35;0;1;7;7;0;100;0;0;1;1;1561;"Fensterheber"
"851045";35;31;0;4;4;3;0;75;0;0;1;1;1561;"Fensterheber"
"851046";61;60;0;1;17;17;0;100;0;0;1;1;1561;"Fensterheber"
"851047";48;48;0;0;10;10;0;100;0;0;1;1;1561;"Fensterheber"
"851048";12;12;0;0;2;2;0;100;0;0;1;1;1561;"Fensterheber"
"851049";8;8;0;0;2;2;0;100;0;0;1;1;1561;"Fensterheber"
"851052";69;67;0;2;4;4;0;100;0;0;1;1;1561;"Fensterheber"
"851053VALEO";1;1;0;0;1;1;0;100;0;0;0;0;1561;"Fensterheber"
"851054";15;13;0;2;3;1;0;33,33;0;0;1;1;1561;"Fensterheber"
"851060";114;111;0;3;34;1;0;2,94;0;0;1;1;1561;"Fensterheber"
"851066";9;7;1;1;1;1;0;100;0;0;1;1;1561;"Fensterheber"
"851067";8;6;1;1;1;1;0;100;0;0;1;1;1561;"Fensterheber"
"851068";29;29;0;0;4;4;0;100;0;0;1;1;1561;"Fensterheber"
"851069";14;13;0;1;2;2;0;100;0;0;1;1;1561;"Fensterheber"
"851072";44;42;0;2;8;7;0;87,50;0;0;1;1;1561;"Fensterheber"
"851073";23;22;0;1;1;1;0;100;0;0;1;1;1561;"Fensterheber"
"851075";8;8;0;0;1;1;0;100;0;0;1;1;1561;"Fensterheber"
"851076";49;47;1;1;10;10;0;100;0;0;1;1;1561;"Fensterheber"
"851077";26;25;0;1;4;4;0;100;0;0;1;1;1561;"Fensterheber"
"851078";20;20;0;0;6;6;0;100;0;0;1;1;1561;"Fensterheber"
"851079";6;5;1;0;1;1;0;100;0;0;1;1;1561;"Fensterheber"
"851082";4;3;0;1;1;1;0;100;0;0;1;1;1561;"Fensterheber"
"851083";12;12;0;0;2;2;0;100;0;0;1;1;1561;"Fensterheber"
"851085";18;18;0;0;3;3;1;100;0;0;1;1;1561;"Fensterheber"
"851098";24;24;0;0;7;7;0;100;0;0;1;1;1561;"Fensterheber"
"851099";24;24;0;0;4;4;0;100;0;0;1;1;1561;"Fensterheber"
"851100";9;7;0;2;1;1;0;100;0;0;1;1;1561;"Fensterheber"
"851102";15;15;0;0;3;3;0;100;0;0;1;1;1561;"Fensterheber"
"851106";7;7;0;0;1;1;0;100;0;0;1;1;1561;"Fensterheber"
"851107";7;6;0;1;2;1;0;50;0;0;1;1;1561;"Fensterheber"
"851108";17;17;0;0;4;4;0;100;0;0;0;1;1561;"Fensterheber"
"851113";5;5;0;0;1;1;0;100;0;0;1;1;1561;"Fensterheber"
"851120";16;16;0;0;2;2;0;100;0;0;1;1;1561;"Fensterheber"
"851126";21;17;0;4;1;1;0;100;0;0;1;1;1561;"Fensterheber"
"851127";79;64;5;10;4;4;0;100;0;0;1;1;1561;"Fensterheber"
"851130";7;7;0;0;1;1;0;100;0;0;1;1;1561;"Fensterheber"
"851134";21;21;0;0;2;2;0;100;0;0;1;1;1561;"Fensterheber"
"851136";81;73;0;8;17;16;0;94,12;0;0;1;1;1561;"Fensterheber"
"851137";38;38;0;0;6;6;1;100;0;0;1;1;1561;"Fensterheber"
"851138";19;19;0;0;3;3;0;100;0;0;1;1;1561;"Fensterheber"
"851139";79;78;0;1;3;3;0;100;0;0;1;1;1561;"Fensterheber"
"851145";4;4;0;0;1;1;0;100;0;0;1;1;1561;"Fensterheber"
"851148";17;17;0;0;3;2;0;66,67;0;0;1;1;1561;"Fensterheber"
"851149";91;90;0;1;15;1;0;6,67;0;0;1;1;1561;"Fensterheber"
"851164";14;14;0;0;3;3;0;100;0;0;1;1;1561;"Fensterheber"
"851165";7;7;0;0;2;2;0;100;0;0;1;1;1561;"Fensterheber"
"851168";31;28;1;2;6;6;0;100;0;0;1;1;1561;"Fensterheber"
"851169";37;33;0;4;2;1;1;50;0;0;1;1;1561;"Fensterheber"
"851172";2;2;0;0;1;1;0;100;0;0;0;1;1561;"Fensterheber"
"851174";6;6;0;0;1;1;0;100;0;0;1;1;1561;"Fensterheber"
"851190";36;33;0;3;3;3;0;100;0;0;1;1;1561;"Fensterheber"
"851190VAL";1;1;0;0;1;1;0;100;0;0;0;0;1561;"Fensterheber"
"851191";16;10;0;6;1;1;0;100;0;0;1;1;1561;"Fensterheber"
"851200";29;28;0;1;7;6;0;85,71;0;0;1;1;1561;"Fensterheber"
"851201";16;15;0;1;3;3;0;100;0;0;1;1;1561;"Fensterheber"
"851206";15;14;0;1;2;2;0;100;0;0;1;1;1561;"Fensterheber"
"851207";24;18;1;5;3;2;0;66,67;0;0;1;1;1561;"Fensterheber"
"851209";9;8;1;0;2;2;0;100;0;0;1;1;1561;"Fensterheber"
"851236";20;19;0;1;1;1;0;100;0;0;0;1;1561;"Fensterheber"
"851244";7;7;0;0;1;1;0;100;0;0;1;1;1561;"Fensterheber"
"851256";3;3;0;0;1;1;0;100;0;0;1;1;1561;"Fensterheber"
"851257";3;3;0;0;1;1;0;100;0;0;1;1;1561;"Fensterheber"
"851266";30;29;0;1;9;9;0;100;0;0;1;1;1561;"Fensterheber"
"851267";17;16;0;1;6;6;0;100;0;0;1;1;1561;"Fensterheber"
"851274";63;62;0;1;20;20;0;100;0;0;1;1;1561;"Fensterheber"
"851275";89;89;0;0;11;7;1;63,64;0;0;1;1;1561;"Fensterheber"
"851276";13;13;0;0;2;1;0;50;0;0;1;1;1561;"Fensterheber"
"851280";15;15;0;0;2;2;0;100;0;0;1;1;1561;"Fensterheber"
"851280VAL";1;1;0;0;1;1;0;100;0;0;0;0;1561;"Fensterheber"
"851282";25;25;0;0;7;7;0;100;0;0;1;1;1561;"Fensterheber"
"851283";20;16;1;3;5;5;0;100;0;0;1;1;1561;"Fensterheber"
"851284";34;23;1;10;2;2;0;100;0;0;0;1;1561;"Fensterheber"
"851286";31;27;1;3;5;2;0;40;0;0;0;1;1561;"Fensterheber"
"851287";38;33;1;4;2;1;0;50;0;0;0;1;1561;"Fensterheber"
"851294";19;17;2;0;3;3;0;100;0;0;1;1;1561;"Fensterheber"
"851295";10;10;0;0;1;1;0;100;0;0;1;1;1561;"Fensterheber"
"851298";79;62;0;17;13;13;0;100;0;0;0;1;1561;"Fensterheber"
"851299";43;39;0;4;6;6;0;100;0;0;0;1;1561;"Fensterheber"
"851302";65;61;0;4;9;9;0;100;0;0;0;1;1561;"Fensterheber"
"851302VALEO";1;1;0;0;1;1;0;100;0;0;0;0;1561;"Fensterheber"
"851303";36;32;1;3;1;1;0;100;0;0;0;1;1561;"Fensterheber"
"851305";13;13;0;0;2;2;0;100;0;0;1;1;1561;"Fensterheber"
"851308";24;24;0;0;7;7;0;100;0;0;1;1;1561;"Fensterheber"
"851308VAL";7;7;0;0;2;2;0;100;0;0;0;0;1561;"Fensterheber"
"851309";20;20;0;0;2;2;0;100;0;0;1;1;1561;"Fensterheber"
"851310";13;13;0;0;2;1;0;50;0;0;1;1;1561;"Fensterheber"
"851320";17;16;0;1;1;1;0;100;0;0;0;1;1561;"Fensterheber"
"851341";19;17;0;2;1;1;0;100;0;0;0;1;1561;"Fensterheber"
"851348";17;15;0;2;1;1;0;100;0;0;1;1;1561;"Fensterheber"
"851349";6;5;0;1;1;1;0;100;0;0;1;1;1561;"Fensterheber"
"851378";39;33;0;6;3;3;0;100;0;0;0;1;1561;"Fensterheber"
"851380";24;24;0;0;4;4;0;100;0;0;1;1;1561;"Fensterheber"
"851381";15;15;0;0;5;5;0;100;0;0;1;1;1561;"Fensterheber"
"851386";42;42;0;0;5;5;0;100;0;0;0;1;1561;"Fensterheber"
"851387";9;8;0;1;3;3;0;100;0;0;0;1;1561;"Fensterheber"
"851390";5;5;0;0;1;1;0;100;0;0;0;1;1561;"Fensterheber"
"851392";8;8;0;0;1;1;0;100;0;0;1;1;1561;"Fensterheber"
"851392VAL";1;1;0;0;1;1;0;100;0;0;0;0;1561;"Fensterheber"
"851400";17;17;0;0;1;1;0;100;0;0;1;1;1561;"Fensterheber"
"851405";3;3;0;0;1;1;0;100;0;0;0;1;1561;"Fensterheber"
"851406";13;7;1;5;1;1;0;100;0;0;0;1;1561;"Fensterheber"
"851410";34;32;0;2;4;4;0;100;0;0;1;1;1561;"Fensterheber"
"851411";16;12;3;1;1;1;0;100;0;0;1;1;1561;"Fensterheber"
"851412";32;32;0;0;10;10;0;100;0;0;0;1;1561;"Fensterheber"
"851413";26;19;0;7;4;4;0;100;0;0;0;1;1561;"Fensterheber"
"851414";5;3;0;2;1;1;0;100;0;0;0;1;1561;"Fensterheber"
"851424";7;7;0;0;1;1;0;100;0;0;0;1;1561;"Fensterheber"
"851426";3;2;1;0;1;1;0;100;0;0;0;1;1561;"Fensterheber"
"851432";12;8;0;4;2;2;1;100;0;0;1;1;1561;"Fensterheber"
"851436";22;18;0;4;2;2;1;100;0;0;1;1;1561;"Fensterheber"
"851437";35;20;3;12;2;2;0;100;0;0;1;1;1561;"Fensterheber"
"851442";6;6;0;0;1;1;0;100;0;0;1;1;1561;"Fensterheber"
"851444";34;34;0;0;10;10;1;100;0;0;1;1;1561;"Fensterheber"
"851445";6;5;0;1;1;1;0;100;0;0;1;1;1561;"Fensterheber"
"851446";17;15;2;0;4;4;0;100;0;0;1;1;1561;"Fensterheber"
"851447";3;2;1;0;1;1;0;100;0;0;1;1;1561;"Fensterheber"
"851452";25;24;0;1;5;5;0;100;0;0;1;1;1561;"Fensterheber"
"851453";20;20;0;0;2;2;0;100;0;0;1;1;1561;"Fensterheber"
"851456";13;10;0;3;3;3;0;100;0;0;1;1;1561;"Fensterheber"
"851460";14;4;0;10;2;2;0;100;0;0;0;1;1561;"Fensterheber"
"851461";7;4;0;3;1;1;0;100;0;0;0;1;1561;"Fensterheber"
"851462";8;8;0;0;3;3;2;100;0;0;1;1;1561;"Fensterheber"
"851466";6;6;0;0;1;1;0;100;0;0;1;1;1561;"Fensterheber"
"851474";6;5;1;0;1;1;0;100;0;0;1;1;1561;"Fensterheber"
"851475";3;3;0;0;1;1;0;100;0;0;1;1;1561;"Fensterheber"
"851481";5;5;0;0;1;1;0;100;0;0;1;1;1561;"Fensterheber"
"851494";20;18;0;2;2;2;0;100;0;0;1;1;1561;"Fensterheber"
"851495";11;8;2;1;1;1;0;100;0;0;1;1;1561;"Fensterheber"
"851497";3;3;0;0;1;1;0;100;0;0;0;1;1561;"Fensterheber"
"851518";9;9;0;0;1;1;0;100;0;0;1;1;1561;"Fensterheber"
"851527";5;3;0;2;2;1;0;50;0;0;0;1;1561;"Fensterheber"
"851530";9;8;1;0;1;1;0;100;0;0;1;1;1561;"Fensterheber"
"851532";7;6;0;1;2;2;1;100;0;0;1;1;1561;"Fensterheber"
"851538";26;25;1;0;4;4;0;100;0;0;1;1;1561;"Fensterheber"
"851539";32;32;0;0;10;3;0;30;0;0;1;1;1561;"Fensterheber"
"851544";28;28;0;0;3;3;0;100;0;0;1;1;1561;"Fensterheber"
"851544VALEO";2;2;0;0;1;1;0;100;0;0;0;0;1561;"Fensterheber"
"851545";12;12;0;0;3;3;0;100;0;0;1;1;1561;"Fensterheber"
"851548";15;15;0;0;3;3;0;100;0;0;1;1;1561;"Fensterheber"
"851549";4;4;0;0;1;1;0;100;0;0;1;1;1561;"Fensterheber"
"851552";4;4;0;0;1;1;0;100;0;0;1;1;1561;"Fensterheber"
"851553";1;1;0;0;1;1;0;100;0;0;1;1;1561;"Fensterheber"
"851556";16;16;0;0;4;4;0;100;0;0;1;1;1561;"Fensterheber"
"851557";13;12;0;1;3;2;0;66,67;0;0;1;1;1561;"Fensterheber"
"851574";25;23;1;1;7;7;0;100;0;0;0;1;1561;"Fensterheber"
"851575";29;21;0;8;5;5;0;100;0;0;0;1;1561;"Fensterheber"
"851578";10;9;1;0;1;1;0;100;0;0;1;1;1561;"Fensterheber"
"851584";10;10;0;0;1;1;0;100;0;0;1;1;1561;"Fensterheber"
"851595";5;5;0;0;2;2;0;100;0;0;0;1;1561;"Fensterheber"
"851598";12;9;0;3;2;2;0;100;0;0;0;1;1561;"Fensterheber"
"851599";8;8;0;0;1;1;0;100;0;0;0;1;1561;"Fensterheber"
"851610";24;24;0;0;2;2;0;100;0;0;1;1;1561;"Fensterheber"
"851611";10;10;0;0;3;3;0;100;0;0;1;1;1561;"Fensterheber"
"851628";12;12;0;0;2;2;0;100;0;0;1;1;1561;"Fensterheber"
"851637";26;0;0;26;1;1;0;100;0;0;0;0;1561;"Fensterheber"
"851641";3;3;0;0;1;1;0;100;0;0;1;1;1561;"Fensterheber"
"851646";17;16;0;1;3;3;0;100;0;0;1;1;1561;"Fensterheber"
"851647";11;10;1;0;2;2;0;100;0;0;1;1;1561;"Fensterheber"
"851649";27;26;1;0;1;1;0;100;0;0;0;1;1561;"Fensterheber"
"851656";20;20;0;0;1;1;0;100;0;0;1;1;1561;"Fensterheber"
"851661";7;7;0;0;1;1;0;100;0;0;1;1;1561;"Fensterheber"
"851663";4;3;0;1;1;1;0;100;0;0;1;1;1561;"Fensterheber"
"851676";12;12;0;0;2;2;0;100;0;0;1;1;1561;"Fensterheber"
"851677";22;22;0;0;4;4;0;100;0;0;1;1;1561;"Fensterheber"
"851682";4;3;0;1;1;1;0;100;0;0;1;1;1561;"Fensterheber"
"851696";16;14;0;2;3;3;0;100;0;0;1;1;1561;"Fensterheber"
"851698";24;16;1;7;4;4;0;100;0;0;0;1;1561;"Fensterheber"
"851698VAL";1;1;0;0;1;1;0;100;0;0;0;0;1561;"Fensterheber"
"851699";18;10;3;5;1;1;0;100;0;0;0;1;1561;"Fensterheber"
"851702";7;7;0;0;2;1;0;50;0;0;1;1;1561;"Fensterheber"
"851706";43;43;0;0;3;1;0;33,33;0;0;0;1;1561;"Fensterheber"
"851712";5;3;0;2;1;1;0;100;0;0;1;1;1561;"Fensterheber"
"851720";32;31;0;1;2;2;0;100;0;0;1;1;1561;"Fensterheber"
"851725";53;48;2;3;6;6;0;100;0;0;1;1;1561;"Fensterheber"
"851725VALEO";1;1;0;0;1;1;0;100;0;0;0;0;1561;"Fensterheber"
"851736";39;38;0;1;8;8;0;100;0;0;1;1;1561;"Fensterheber"
"851737";33;31;0;2;4;4;0;100;0;0;1;1;1561;"Fensterheber"
"851738";11;10;0;1;3;3;0;100;0;0;0;1;1561;"Fensterheber"
"851740";16;15;0;1;1;1;0;100;0;0;1;1;1561;"Fensterheber"
"851746";17;15;0;2;1;1;0;100;0;0;0;1;1561;"Fensterheber"
"851801";40;40;0;0;2;1;0;50;0;0;1;1;1561;"Fensterheber"
"851806";14;11;0;3;1;1;0;100;0;0;1;1;1561;"Fensterheber"
"851809";10;10;0;0;1;1;0;100;0;0;1;1;1561;"Fensterheber"
"851815";13;12;1;0;5;2;0;40;0;0;1;1;1561;"Fensterheber"
"851817";1;0;0;1;1;1;0;100;0;0;1;1;1561;"Fensterheber"
"851853";6;6;0;0;3;3;0;100;0;0;1;1;1561;"Fensterheber"
"851864";7;7;0;0;2;2;0;100;0;0;1;1;1561;"Fensterheber"
"851868";1;1;0;0;1;1;0;100;0;0;1;1;1561;"Fensterheber"
"851874";4;3;1;0;1;1;0;100;0;0;1;1;1561;"Fensterheber"
"851878";32;29;1;2;2;2;0;100;0;0;1;1;1561;"Fensterheber"
"851885";4;4;0;0;1;1;0;100;0;0;1;1;1561;"Fensterheber"
"851900";9;9;0;0;1;1;1;100;0;0;1;1;1561;"Fensterheber"
"851904";42;36;0;6;2;1;1;50;0;0;1;1;1561;"Fensterheber"
"851932";20;19;0;1;1;1;0;100;0;0;0;1;1561;"Fensterheber"
"851933";25;23;1;1;2;2;0;100;0;0;0;1;1561;"Fensterheber"
"851962";11;7;0;4;1;1;0;100;0;0;1;1;1561;"Fensterheber"
"851962VAL";1;1;0;0;1;1;0;100;0;0;0;0;1561;"Fensterheber"
"851972";19;12;0;7;3;3;0;100;0;0;0;1;1561;"Fensterheber"
"852485";12;11;0;1;2;2;0;100;0;0;1;1;1561;"Fensterheber"
"852486";14;13;0;1;1;1;0;100;0;0;0;1;1561;"Fensterheber"
"852495";59;30;0;29;1;1;0;100;0;0;0;1;1561;"Fensterheber"
"852514";118;114;0;4;17;17;1;100;0;0;1;1;1561;"Fensterheber"
"852514VAL";3;3;0;0;1;1;0;100;0;0;0;0;1561;"Fensterheber"
"852515";5;5;0;0;1;1;0;100;0;0;1;1;1561;"Fensterheber"
"852520";7;5;2;0;3;3;1;100;0;0;1;1;1561;"Fensterheber"
"852526";72;71;0;1;13;11;0;84,62;0;0;1;1;1561;"Fensterheber"
"852527";25;24;0;1;3;1;0;33,33;0;0;1;1;1561;"Fensterheber"
"852532";31;27;0;4;3;3;0;100;0;0;0;1;1561;"Fensterheber"
"852539";26;26;0;0;3;1;0;33,33;0;0;0;1;1561;"Fensterheber"
"852546";39;37;1;1;4;4;0;100;0;0;0;1;1561;"Fensterheber"
"852547";38;37;0;1;4;3;0;75;0;0;0;1;1561;"Fensterheber"
"852552";19;19;0;0;3;3;0;100;0;0;0;1;1561;"Fensterheber"
"852553";17;16;0;1;2;1;0;50;0;0;1;1;1561;"Fensterheber"
"852555";1;1;0;0;1;1;0;100;0;0;0;1;1561;"Fensterheber"
"852560";122;117;0;5;21;1;0;4,76;0;0;1;1;1561;"Fensterheber"
"852572";7;7;0;0;1;1;0;100;0;0;1;1;1561;"Fensterheber"
"852577";42;42;0;0;11;1;0;9,09;0;0;1;1;1561;"Fensterheber"
"852578";35;35;0;0;9;9;0;100;0;0;0;1;1561;"Fensterheber"
"852579";13;13;0;0;1;1;0;100;0;0;1;1;1561;"Fensterheber"
"852580";45;45;0;0;2;2;0;100;0;0;1;1;1561;"Fensterheber"
"852581";38;37;0;1;2;1;0;50;0;0;1;1;1561;"Fensterheber"
"852583";19;19;0;0;4;2;0;50;0;0;1;1;1561;"Fensterheber"
"852584";13;11;0;2;2;1;1;50;0;0;1;1;1561;"Fensterheber"
"852588";37;36;0;1;5;4;0;80;0;0;0;1;1561;"Fensterheber"
"852589";31;29;0;2;2;2;0;100;0;0;0;1;1561;"Fensterheber"
"852592";18;18;0;0;5;5;0;100;0;0;1;1;1561;"Fensterheber"
"852593";33;32;0;1;4;3;0;75;0;0;1;1;1561;"Fensterheber"
"852596";11;9;0;2;2;2;0;100;0;0;1;1;1561;"Fensterheber"
"852597";11;11;0;0;1;1;0;100;0;0;1;1;1561;"Fensterheber"
"852606";38;29;6;3;3;3;0;100;0;0;0;1;1561;"Fensterheber"
"852607";24;18;2;4;3;3;0;100;0;0;0;1;1561;"Fensterheber"
"85626406011";54;31;0;23;2;2;0;100;0;0;0;0;1561;"Fensterheber"
"8571042070";41;35;0;6;1;1;0;100;0;0;0;0;1561;"Fensterheber"
"8571052030";26;24;0;2;1;1;0;100;0;0;0;0;1561;"Fensterheber"
"8572052020";64;58;0;6;4;3;0;75;0;0;0;0;1561;"Fensterheber"
"85720−42080";2;0;0;2;2;2;0;100;0;0;0;0;1561;"Fensterheber"
"861087";9;8;0;1;2;1;0;50;0;0;0;1;1561;"Fensterheber"
"861241";2;2;0;0;1;1;0;100;0;0;0;1;1561;"Fensterheber"
"861248";1;1;0;0;1;1;0;100;0;0;0;1;1561;"Fensterheber"
"861292";15;14;0;1;1;1;0;100;0;0;0;1;1561;"Fensterheber"
"8689418";1;1;0;0;1;1;0;100;0;0;0;0;1561;"Fensterheber"
"8689882";3;1;2;0;1;1;0;100;0;0;0;0;1561;"Fensterheber"
"868 44 14";1;1;0;0;1;1;0;100;0;0;0;0;1561;"Fensterheber"
"8704706";5;5;0;0;1;1;0;100;0;0;0;0;1561;"Fensterheber"
"87372";3;3;0;0;1;1;0;100;0;0;0;0;1561;"Fensterheber"
"87376";15;15;0;0;7;1;0;14,29;0;0;0;1;1561;"Fensterheber"
"87396";19;17;1;1;1;1;0;100;0;0;0;0;1561;"Fensterheber"
"88370139002";6;6;0;0;2;2;0;100;0;0;0;1;1561;"Fensterheber"
"88370139002DPA";3;3;0;0;1;1;0;100;0;0;0;0;1561;"Fensterheber"
"88370139902DPA";2;2;0;0;1;1;0;100;0;0;0;0;1561;"Fensterheber"
"88370140002DPA";3;3;0;0;2;2;0;100;0;0;0;0;1561;"Fensterheber"
"88370294602";5;5;0;0;1;1;0;100;0;0;0;1;1561;"Fensterheber"
"88370558502";3;3;0;0;1;1;0;100;0;0;0;1;1561;"Fensterheber"
"88370721702DPA";3;3;0;0;1;1;0;100;0;0;0;0;1561;"Fensterheber"
"88370803902";2;2;0;0;1;1;0;100;0;0;0;1;1561;"Fensterheber"
"88371036502";2;2;0;0;1;1;0;100;0;0;0;1;1561;"Fensterheber"
"88371794402";6;6;0;0;1;1;0;100;0;0;0;1;1561;"Fensterheber"
"88371803102DPA";1;1;0;0;1;1;0;100;0;0;0;0;1561;"Fensterheber"
"88391803402";2;2;0;0;1;1;0;100;0;0;0;1;1561;"Fensterheber"
"88391803902";2;0;0;2;3;3;0;100;0;0;0;1;1561;"Fensterheber"
"88391811102";1;1;0;0;1;1;0;100;0;0;0;1;1561;"Fensterheber"
"893837397A";20;18;0;2;2;2;0;100;0;0;1;0;1561;"Fensterheber"
"8978681142";11;9;0;2;1;1;0;100;0;0;0;0;1561;"Fensterheber"
"8A61A23209AE";1;1;0;0;2;2;0;100;0;0;1;0;1561;"Fensterheber"
"8D0837461";287;278;0;9;47;37;1;78,72;1;0;1;0;1561;"Fensterheber"
"8D0837461MG";6;6;0;0;2;2;0;100;0;0;0;0;1561;"Fensterheber"
"8D0837462";220;206;0;14;43;33;3;76,74;1;0;1;0;1561;"Fensterheber"
"8D0839461";41;35;0;6;3;3;0;100;1;0;1;0;1561;"Fensterheber"
"8D0839462";37;34;0;3;2;2;0;100;1;0;1;0;1561;"Fensterheber"
"8E0837461";23;21;0;2;4;3;0;75;1;0;0;1;1561;"Fensterheber"
"8E0837461A";15;15;0;0;3;2;0;66,67;1;0;0;0;1561;"Fensterheber"
"8E0837461B";121;113;0;8;24;20;1;83,33;1;0;1;0;1561;"Fensterheber"
"8E0837461C";1721;1663;0;58;479;375;12;78,29;1;0;1;0;1561;"Fensterheber"
"8E0837462A";6;6;0;0;3;2;0;66,67;1;0;0;0;1561;"Fensterheber"
"8E0837462B";72;68;0;4;12;12;0;100;1;0;1;0;1561;"Fensterheber"
"8E0837462C";882;843;1;38;223;185;8;82,96;1;0;1;0;1561;"Fensterheber"
"8E0839461A";7;7;0;0;1;1;0;100;1;0;0;0;1561;"Fensterheber"
"8E0839461C";246;227;0;19;32;27;5;84,38;1;0;1;1;1561;"Fensterheber"
"8E0839462C";230;208;0;22;31;27;1;87,10;1;0;1;1;1561;"Fensterheber"
"8F0837461C";103;3;3;97;3;3;0;100;1;0;0;0;1561;"Fensterheber"
"8F0837461D";58;28;2;28;1;1;0;100;1;0;0;0;1561;"Fensterheber"
"8H0837461A";151;132;3;16;16;16;0;100;1;0;0;0;1561;"Fensterheber"
"8H0837462A";94;79;3;12;11;11;0;100;1;0;0;0;1561;"Fensterheber"
"8J0837461A";11;11;0;0;1;1;0;100;1;0;0;0;1561;"Fensterheber"
"8J0837461B";3;3;0;0;1;1;0;100;1;0;0;0;1561;"Fensterheber"
"8J0837461D";189;171;5;13;33;32;0;96,97;1;0;1;0;1561;"Fensterheber"
"8J0837461E";65;61;2;2;11;11;0;100;1;0;1;0;1561;"Fensterheber"
"8J0837462C";11;9;0;2;1;1;0;100;1;0;1;0;1561;"Fensterheber"
"8J0837462D";159;148;2;9;26;24;0;92,31;1;0;1;0;1561;"Fensterheber"
"8J0837462E";57;53;1;3;14;14;0;100;1;0;1;0;1561;"Fensterheber"
"8K0837461";20;14;0;6;1;1;0;100;0;0;1;1;1561;"Fensterheber"
"8K0837462";19;17;0;2;3;2;0;66,67;1;0;1;0;1561;"Fensterheber"
"8K0837462C";5;5;0;0;1;1;0;100;1;0;1;0;1561;"Fensterheber"
"8K0839462A";7;7;0;0;1;1;0;100;1;0;1;0;1561;"Fensterheber"
"8L3837461";278;259;0;19;67;65;1;97,01;1;0;1;0;1561;"Fensterheber"
"8L3837461MG";7;7;0;0;1;1;0;100;0;0;0;0;1561;"Fensterheber"
"8L3837462";223;213;0;10;43;40;1;93,02;1;0;1;0;1561;"Fensterheber"
"8L3837462MG";6;6;0;0;2;2;0;100;0;0;0;0;1561;"Fensterheber"
"8L4837461";234;218;2;14;34;33;0;97,06;1;0;1;0;1561;"Fensterheber"
"8L4837462";134;114;1;19;16;16;0;100;1;0;1;0;1561;"Fensterheber"
"8N0837461";137;126;0;11;19;19;1;100;1;0;1;0;1561;"Fensterheber"
"8N0837462";55;45;2;8;5;5;0;100;1;0;1;0;1561;"Fensterheber"
"8P3837461";23;22;0;1;3;3;0;100;1;0;0;0;1561;"Fensterheber"
"8P3837461A";45;45;0;0;10;10;0;100;1;0;1;0;1561;"Fensterheber"
"8P3837461C";565;541;0;24;140;137;0;97,86;1;0;1;0;1561;"Fensterheber"
"8P3837462A";15;13;0;2;2;2;1;100;1;0;1;0;1561;"Fensterheber"
"8P3837462C";167;151;0;16;37;36;0;97,30;1;0;1;0;1561;"Fensterheber"
"8P4837461";13;11;0;2;2;2;0;100;1;0;0;0;1561;"Fensterheber"
"8P4837461A";54;52;0;2;5;3;0;60;1;0;1;0;1561;"Fensterheber"
"8P4837461B";5;4;0;1;1;1;0;100;1;0;1;0;1561;"Fensterheber"
"8P4837461C";586;570;0;16;125;112;0;89,60;1;0;1;1;1561;"Fensterheber"
"8P4837462A";5;4;0;1;1;1;0;100;1;0;1;0;1561;"Fensterheber"
"8P4837462B";5;4;0;1;1;1;0;100;1;0;1;0;1561;"Fensterheber"
"8P4837462C";131;123;1;7;21;21;0;100;1;0;0;0;1561;"Fensterheber"
"8P4839461";21;21;0;0;6;6;0;100;1;0;0;0;1561;"Fensterheber"
"8P4839461A";40;40;0;0;9;9;0;100;1;0;1;0;1561;"Fensterheber"
"8P4839461B";796;774;0;22;218;193;6;88,53;1;0;1;0;1561;"Fensterheber"
"8P4839462";17;15;0;2;1;1;0;100;1;0;0;0;1561;"Fensterheber"
"8P4839462A";24;22;0;2;2;2;1;100;1;0;1;0;1561;"Fensterheber"
"8P4839462B";348;338;0;10;69;61;4;88,41;1;0;1;0;1561;"Fensterheber"
"8P7837461F";145;3;69;73;2;2;0;100;1;0;0;0;1561;"Fensterheber"
"8R0837461G";25;24;0;1;7;7;1;100;1;0;1;0;1561;"Fensterheber"
"8R0837461J";10;9;0;1;1;1;0;100;1;0;0;0;1561;"Fensterheber"
"8R0837461K";16;15;1;0;3;2;0;66,67;1;0;0;0;1561;"Fensterheber"
"8R0837462G";15;15;0;0;2;2;0;100;1;0;1;0;1561;"Fensterheber"
"8R0837462K";7;7;0;0;1;1;0;100;1;0;0;0;1561;"Fensterheber"
"8S0837462A";3;2;0;1;1;1;0;100;0;0;0;0;1561;"Fensterheber"
"8T0837461";9;9;0;0;1;1;0;100;1;0;1;1;1561;"Fensterheber"
"8T0837461B";6;6;0;0;4;4;0;100;1;0;1;0;1561;"Fensterheber"
"8T0837461C";122;104;0;18;13;13;0;100;1;0;0;0;1561;"Fensterheber"
"8T0837461D";44;41;0;3;11;10;0;90,91;1;0;0;0;1561;"Fensterheber"
"8T0837462";23;19;0;4;4;4;0;100;0;0;1;0;1561;"Fensterheber"
"8T0837462B";13;13;0;0;4;4;0;100;0;0;1;0;1561;"Fensterheber"
"8T0837462C";78;58;0;20;5;4;0;80;1;0;0;0;1561;"Fensterheber"
"8T0837462D";38;25;1;12;1;1;0;100;1;0;0;0;1561;"Fensterheber"
"8T0898461";217;194;0;23;34;34;0;100;0;0;0;0;1561;"Fensterheber"
"8T0898462";22;10;3;9;1;1;0;100;0;0;0;0;1561;"Fensterheber"
"8T0898462A";194;151;1;42;22;22;0;100;0;0;0;0;1561;"Fensterheber"
"8T8837461";19;19;0;0;2;2;0;100;1;0;1;1;1561;"Fensterheber"
"8T8837461B";41;36;2;3;4;4;0;100;1;0;0;0;1561;"Fensterheber"
"8T8837462";13;10;1;2;1;1;0;100;1;0;1;0;1561;"Fensterheber"
"8T8837462B";26;16;7;3;1;1;0;100;1;0;0;0;1561;"Fensterheber"
"8U0837461";34;27;0;7;4;4;0;100;1;0;1;1;1561;"Fensterheber"
"8U0837462";21;7;0;14;1;1;0;100;1;0;1;0;1561;"Fensterheber"
"8V4837461";76;65;0;11;9;8;0;88,89;1;0;1;0;1561;"Fensterheber"
"8V4837462";60;45;0;15;3;3;0;100;1;0;1;0;1561;"Fensterheber"
"8V4839461";279;228;21;30;35;35;0;100;1;0;1;0;1561;"Fensterheber"
"8V4839462";338;282;4;52;36;36;0;100;1;0;1;0;1561;"Fensterheber"
"8W0837461";27;22;1;4;1;1;0;100;1;0;0;0;1561;"Fensterheber"
"8W0837461A";12;11;0;1;1;1;0;100;0;0;0;0;1561;"Fensterheber"
"8W0837462";56;31;12;13;2;2;0;100;1;0;0;0;1561;"Fensterheber"
"8W0839462A";7;6;0;1;1;1;0;100;0;0;0;0;1561;"Fensterheber"
"8W6837461A";33;24;2;7;2;2;0;100;1;0;0;0;1561;"Fensterheber"
"8W6837461C";16;13;0;3;3;3;0;100;1;0;0;0;1561;"Fensterheber"
"8W6837462D";20;13;0;7;1;1;0;100;1;0;0;0;1561;"Fensterheber"
"8W7837461D";64;28;4;32;3;3;0;100;1;0;0;0;1561;"Fensterheber"
"8W8837461";573;301;14;258;16;11;0;68,75;1;0;0;0;1561;"Fensterheber"
"8W8837462";211;106;8;97;10;7;0;70;1;0;0;0;1561;"Fensterheber"
"8W8839461";99;42;4;53;3;3;0;100;1;0;0;0;1561;"Fensterheber"
"8X23F23200AK";4;3;0;1;1;1;0;100;0;0;1;0;1561;"Fensterheber"
"8X23F23201AD";9;7;0;2;1;1;0;100;0;0;1;0;1561;"Fensterheber"
"8X3837462A";4;4;0;0;1;1;0;100;0;0;1;0;1561;"Fensterheber"
"8X4837461A";14;13;0;1;4;4;0;100;1;0;1;0;1561;"Fensterheber"
"8Z0837461";23;20;0;3;3;3;0;100;1;0;0;0;1561;"Fensterheber"
"8Z0837461B";191;172;0;19;20;20;0;100;1;0;1;0;1561;"Fensterheber"
"8Z0837462B";43;35;0;8;1;1;0;100;1;0;1;0;1561;"Fensterheber"
"8Z0839461B";61;58;1;2;2;2;0;100;1;0;1;0;1561;"Fensterheber"
"8Z0839462B";58;55;0;3;4;4;0;100;1;0;1;0;1561;"Fensterheber"
"900403";242;240;0;2;79;3;0;3,80;0;0;1;1;1561;"Fensterheber"
"900406";319;313;0;6;94;1;0;1,06;0;0;1;1;1561;"Fensterheber"
"900407";33;33;0;0;10;3;0;30;0;0;1;1;1561;"Fensterheber"
"900502";9;4;0;5;1;1;0;100;0;0;1;1;1561;"Fensterheber"
"900504";10;10;0;0;2;1;0;50;0;0;1;1;1561;"Fensterheber"
"900505";8;7;0;1;2;1;0;50;0;0;1;1;1561;"Fensterheber"
"900527";5;4;0;1;1;1;0;100;0;0;1;1;1561;"Fensterheber"
"900530";1;1;0;0;1;1;0;100;0;0;1;1;1561;"Fensterheber"
"900544";110;110;0;0;27;2;0;7,41;0;0;1;1;1561;"Fensterheber"
"900545";88;87;0;1;20;1;0;5;0;0;1;1;1561;"Fensterheber"
"900554";7;7;0;0;1;1;0;100;0;0;1;1;1561;"Fensterheber"
"900558";1;1;0;0;1;1;0;100;0;0;1;1;1561;"Fensterheber"
"900630";5;4;0;1;1;1;0;100;0;0;1;1;1561;"Fensterheber"
"900631";6;5;0;1;1;1;0;100;0;0;1;1;1561;"Fensterheber"
"900798";4;4;0;0;1;1;0;100;0;0;1;1;1561;"Fensterheber"
"900802";4;4;0;0;1;1;0;100;0;0;1;1;1561;"Fensterheber"
"900817";6;5;0;1;1;1;0;100;0;0;1;1;1561;"Fensterheber"
"900823";5;5;0;0;1;1;0;100;0;0;1;1;1561;"Fensterheber"
"900884";10;9;0;1;1;1;0;100;0;0;1;1;1561;"Fensterheber"
"900918";2;1;0;1;1;1;0;100;0;0;1;1;1561;"Fensterheber"
"900922";5;4;0;1;1;1;0;100;0;0;1;1;1561;"Fensterheber"
"900926";6;6;0;0;1;1;0;100;0;0;1;1;1561;"Fensterheber"
"900927";3;3;0;0;1;1;0;100;0;0;1;1;1561;"Fensterheber"
"900928";5;4;0;1;1;1;0;100;0;0;1;1;1561;"Fensterheber"
"900930";6;6;0;0;1;1;0;100;0;0;1;1;1561;"Fensterheber"
"900943";8;8;0;0;2;2;0;100;0;0;1;1;1561;"Fensterheber"
"900944";4;4;0;0;1;1;0;100;0;0;1;1;1561;"Fensterheber"
"900967";3;2;0;1;1;1;0;100;0;0;1;1;1561;"Fensterheber"
"900982";4;4;0;0;1;1;0;100;0;0;1;1;1561;"Fensterheber"
"900993";3;3;0;0;1;1;0;100;0;0;1;1;1561;"Fensterheber"
"901014";2;2;0;0;1;1;0;100;0;0;1;1;1561;"Fensterheber"
"901091";9;9;0;0;2;2;0;100;0;0;1;1;1561;"Fensterheber"
"901092";14;11;0;3;1;1;0;100;0;0;1;1;1561;"Fensterheber"
"901101";2;2;0;0;1;1;0;100;0;0;1;1;1561;"Fensterheber"
"901110";2;2;0;0;1;1;0;100;0;0;1;1;1561;"Fensterheber"
"901123";13;13;0;0;2;1;0;50;0;0;1;1;1561;"Fensterheber"
"901125";13;13;0;0;1;1;0;100;0;0;1;1;1561;"Fensterheber"
"901126";17;12;5;0;1;1;0;100;0;0;1;1;1561;"Fensterheber"
"901131";5;5;0;0;1;1;0;100;0;0;1;1;1561;"Fensterheber"
"901132";9;9;0;0;4;4;0;100;0;0;1;1;1561;"Fensterheber"
"901138";3;3;0;0;2;2;0;100;0;0;1;1;1561;"Fensterheber"
"901140";16;16;0;0;1;1;0;100;0;0;1;1;1561;"Fensterheber"
"901143";1;1;0;0;2;2;0;100;0;0;1;1;1561;"Fensterheber"
"901144";5;5;0;0;1;1;0;100;0;0;1;1;1561;"Fensterheber"
"901147";9;8;0;1;3;3;0;100;0;0;1;1;1561;"Fensterheber"
"901148";9;9;0;0;2;2;0;100;0;0;1;1;1561;"Fensterheber"
"901162";6;6;0;0;2;1;0;50;0;0;1;1;1561;"Fensterheber"
"901167";3;1;0;2;1;1;0;100;0;0;1;1;1561;"Fensterheber"
"901168";8;8;0;0;1;1;0;100;0;0;1;1;1561;"Fensterheber"
"901187";10;10;0;0;2;1;0;50;0;0;1;1;1561;"Fensterheber"
"901235";2;2;0;0;1;1;0;100;0;0;1;1;1561;"Fensterheber"
"901247";14;14;0;0;2;2;0;100;0;0;1;1;1561;"Fensterheber"
"901248";6;6;0;0;2;2;0;100;0;0;1;1;1561;"Fensterheber"
"901252";3;3;0;0;1;1;0;100;0;0;1;1;1561;"Fensterheber"
"901253";12;9;0;3;1;1;0;100;0;0;1;1;1561;"Fensterheber"
"901254";27;27;0;0;3;2;0;66,67;0;0;1;1;1561;"Fensterheber"
"901264";10;8;0;2;2;2;0;100;0;0;1;1;1561;"Fensterheber"
"901300";21;20;0;1;3;1;0;33,33;0;0;1;1;1561;"Fensterheber"
"901303";7;7;0;0;1;1;0;100;0;0;1;1;1561;"Fensterheber"
"901307";2;2;0;0;1;1;0;100;0;0;1;1;1561;"Fensterheber"
"901327";12;12;0;0;2;2;0;100;0;0;1;1;1561;"Fensterheber"
"901328";5;5;0;0;1;1;0;100;0;0;1;1;1561;"Fensterheber"
"901329";5;5;0;0;2;2;0;100;0;0;1;1;1561;"Fensterheber"
"901354";13;13;0;0;3;3;0;100;0;0;1;1;1561;"Fensterheber"
"90139494";3;2;0;1;1;1;0;100;1;0;0;0;1561;"Fensterheber"
"901422";3;3;0;0;1;1;0;100;0;0;1;1;1561;"Fensterheber"
"901435";37;36;0;1;3;3;0;100;0;0;1;1;1561;"Fensterheber"
"901441";9;6;0;3;1;1;0;100;0;0;1;1;1561;"Fensterheber"
"901442";7;6;0;1;1;1;0;100;0;0;0;1;1561;"Fensterheber"
"901485";8;8;0;0;5;5;0;100;0;0;1;1;1561;"Fensterheber"
"901521";2;2;0;0;1;1;0;100;0;0;0;1;1561;"Fensterheber"
"901522";1;1;0;0;1;1;0;100;0;0;0;1;1561;"Fensterheber"
"901525";2;2;0;0;1;1;0;100;0;0;0;1;1561;"Fensterheber"
"901537";4;4;0;0;2;2;0;100;0;0;0;1;1561;"Fensterheber"
"901632";6;6;0;0;1;1;0;100;0;0;1;1;1561;"Fensterheber"
"901655";7;6;1;0;2;2;0;100;0;0;0;1;1561;"Fensterheber"
"901670";4;4;0;0;1;1;0;100;0;0;0;1;1561;"Fensterheber"
"901672";8;8;0;0;2;1;0;50;0;0;1;1;1561;"Fensterheber"
"9017200946";2;2;0;0;1;1;0;100;1;0;0;0;1561;"Fensterheber"
"902211";21;21;0;0;7;1;0;14,29;0;0;1;1;1561;"Fensterheber"
"902229";8;7;0;1;1;1;0;100;0;0;0;1;1561;"Fensterheber"
"902289";2;2;0;0;1;1;0;100;0;0;1;1;1561;"Fensterheber"
"90232";20;20;0;0;1;1;0;100;0;0;0;0;1561;"Fensterheber"
"902416";1;1;0;0;1;1;0;100;0;0;0;1;1561;"Fensterheber"
"902426";13;13;0;0;4;1;0;25;0;0;1;1;1561;"Fensterheber"
"902486";3;1;1;1;1;1;0;100;0;0;0;1;1561;"Fensterheber"
"902790";45;40;0;5;9;1;0;11,11;0;0;0;1;1561;"Fensterheber"
"904064";1;1;0;0;1;1;0;100;0;0;0;0;1561;"Fensterheber"
"90444381";22;22;0;0;2;2;0;100;1;0;1;0;1561;"Fensterheber"
"90512644";14;13;0;1;1;1;0;100;1;0;1;0;1561;"Fensterheber"
"90521877";87;84;0;3;15;14;0;93,33;1;0;1;1;1561;"Fensterheber"
"90521878";40;39;0;1;9;7;0;77,78;1;0;1;1;1561;"Fensterheber"
"90579539";56;52;2;2;7;7;0;100;1;0;1;0;1561;"Fensterheber"
"90579540";62;50;0;12;2;2;0;100;1;0;1;0;1561;"Fensterheber"
"9067200046";31;28;0;3;1;1;0;100;1;0;1;0;1561;"Fensterheber"
"9067200146";5;4;0;1;1;1;0;100;1;0;1;0;1561;"Fensterheber"
"910039";176;175;0;1;71;1;0;1,41;0;0;1;1;1561;"Fensterheber"
"910050";96;96;0;0;22;1;0;4,55;0;0;1;1;1561;"Fensterheber"
"910061";5;5;0;0;1;1;0;100;0;0;1;1;1561;"Fensterheber"
"910201";15;15;0;0;3;1;0;33,33;0;0;1;1;1561;"Fensterheber"
"91144856";7;3;0;4;1;1;0;100;1;0;1;0;1561;"Fensterheber"
"91144857";2;2;0;0;1;1;0;100;1;0;1;0;1561;"Fensterheber"
"91157979";12;8;0;4;1;1;0;100;1;0;0;0;1561;"Fensterheber"
"91165704";177;168;0;9;35;34;2;97,14;1;0;1;0;1561;"Fensterheber"
"91165705";97;92;1;4;19;16;0;84,21;1;0;1;0;1561;"Fensterheber"
"9121031";11;11;0;0;1;1;0;100;1;0;1;0;1561;"Fensterheber"
"9121032";6;6;0;0;1;1;0;100;1;0;1;0;1561;"Fensterheber"
"9160792";10;10;0;0;1;1;0;100;1;0;1;0;1561;"Fensterheber"
"9160793";11;11;0;0;2;2;0;100;1;0;0;0;1561;"Fensterheber"
"9196093";28;24;0;4;1;1;0;100;1;0;0;0;1561;"Fensterheber"
"9196401";22;22;0;0;1;1;0;100;1;0;1;0;1561;"Fensterheber"
"920040";12;10;0;2;2;2;0;100;0;0;1;1;1561;"Fensterheber"
"920041";16;16;0;0;3;3;0;100;0;0;1;1;1561;"Fensterheber"
"920048";5;3;0;2;3;3;0;100;0;0;1;1;1561;"Fensterheber"
"920049";8;5;0;3;1;1;0;100;0;0;1;1;1561;"Fensterheber"
"920204";5;5;0;0;1;1;0;100;0;0;1;1;1561;"Fensterheber"
"920205";1;1;0;0;1;1;0;100;0;0;1;1;1561;"Fensterheber"
"9206373";17;16;0;1;3;2;0;66,67;1;0;1;0;1561;"Fensterheber"
"9215911";14;13;0;1;4;3;0;75;1;0;0;0;1561;"Fensterheber"
"922169";9;8;0;1;1;1;0;100;1;0;1;0;1561;"Fensterheber"
"9221A4";158;141;2;15;20;18;2;90;1;0;1;1;1561;"Fensterheber"
"9221AC";233;75;3;155;10;10;0;100;1;0;0;1;1561;"Fensterheber"
"9221AF";2;0;0;2;2;2;0;100;0;0;0;0;1561;"Fensterheber"
"9221AP";28;22;0;6;3;3;0;100;1;0;1;1;1561;"Fensterheber"
"9221AQ";333;317;0;16;28;27;3;96,43;1;0;1;1;1561;"Fensterheber"
"9221ASG1";16;16;0;0;2;2;0;100;0;0;0;0;1561;"Fensterheber"
"9221CV";107;98;0;9;4;4;0;100;1;0;1;0;1561;"Fensterheber"
"9221CW";143;130;2;11;5;5;1;100;1;0;1;0;1561;"Fensterheber"
"9221E9";9;7;0;2;2;2;0;100;1;0;1;0;1561;"Fensterheber"
"9221EE";101;45;1;55;5;5;0;100;1;0;0;0;1561;"Fensterheber"
"9221EP";205;194;0;11;33;28;0;84,85;1;0;1;0;1561;"Fensterheber"
"9221EQ";146;140;0;6;24;19;0;79,17;1;0;1;0;1561;"Fensterheber"
"9221ER";65;51;0;14;4;4;1;100;1;0;1;1;1561;"Fensterheber"
"9221ES";245;229;0;16;31;29;2;93,55;1;0;1;0;1561;"Fensterheber"
"9221ET";22;19;0;3;1;1;1;100;1;0;1;0;1561;"Fensterheber"
"9221F4";8;8;0;0;1;1;0;100;1;0;1;0;1561;"Fensterheber"
"9221F6";262;203;2;57;9;9;2;100;1;0;1;1;1561;"Fensterheber"
"9221F8";10;9;0;1;1;1;0;100;1;0;1;1;1561;"Fensterheber"
"9221F9";69;64;0;5;5;5;0;100;1;0;1;1;1561;"Fensterheber"
"9221FC";73;34;3;36;3;3;0;100;1;0;0;1;1561;"Fensterheber"
"9221FF";150;140;0;10;3;2;0;66,67;1;0;1;1;1561;"Fensterheber"
"9221FQ";125;115;2;8;12;12;1;100;1;0;1;1;1561;"Fensterheber"
"9221FR";532;507;2;23;61;48;0;78,69;1;0;1;0;1561;"Fensterheber"
"9221FS";27;20;0;7;2;2;0;100;1;0;1;1;1561;"Fensterheber"
"9221FT";87;77;0;10;10;7;0;70;1;0;1;1;1561;"Fensterheber"
"9221FV";83;44;2;37;3;3;3;100;1;0;1;1;1561;"Fensterheber"
"9221FW";8;5;0;3;1;1;1;100;1;0;1;1;1561;"Fensterheber"
"9221FY";196;178;0;18;37;32;0;86,49;1;0;1;0;1561;"Fensterheber"
"9221FZ";118;110;0;8;11;11;0;100;1;0;1;1;1561;"Fensterheber"
"9221G0";116;108;1;7;3;3;0;100;1;0;1;1;1561;"Fensterheber"
"9221G2";615;552;3;60;47;46;17;97,87;1;0;1;1;1561;"Fensterheber"
"9221G3";928;838;0;90;206;190;15;92,23;1;0;1;1;1561;"Fensterheber"
"9221G8";9;7;0;2;1;1;0;100;1;0;1;0;1561;"Fensterheber"
"9221GC";55;45;0;10;1;1;0;100;1;0;0;0;1561;"Fensterheber"
"9221GE";929;839;1;89;123;114;9;92,68;1;0;1;0;1561;"Fensterheber"
"9221GL";191;138;2;51;7;6;0;85,71;1;0;1;1;1561;"Fensterheber"
"9221GR";258;226;0;32;38;38;2;100;1;0;1;0;1561;"Fensterheber"
"9221GY";534;495;1;38;107;98;7;91,59;1;0;1;0;1561;"Fensterheber"
"9221H1";72;65;0;7;4;4;0;100;1;0;1;1;1561;"Fensterheber"
"9221H2";31;27;0;4;1;1;0;100;1;0;1;1;1561;"Fensterheber"
"9221H5";52;47;0;5;2;2;1;100;1;0;1;1;1561;"Fensterheber"
"9221HE";10;10;0;0;1;1;0;100;1;0;1;0;1561;"Fensterheber"
"9221HG";303;289;0;14;59;58;6;98,31;1;0;1;1;1561;"Fensterheber"
"9221K0";201;176;0;25;25;25;4;100;1;0;1;0;1561;"Fensterheber"
"9221K1";62;54;0;8;2;2;0;100;1;0;1;0;1561;"Fensterheber"
"9221K9";124;98;0;26;7;7;1;100;1;0;1;1;1561;"Fensterheber"
"9221L1";59;56;0;3;1;1;0;100;1;0;1;1;1561;"Fensterheber"
"9221L3";224;195;1;28;26;24;5;92,31;1;0;1;1;1561;"Fensterheber"
"9221L4";21;20;0;1;3;2;0;66,67;1;0;1;0;1561;"Fensterheber"
"9221N7";6;6;0;0;2;2;0;100;1;0;1;0;1561;"Fensterheber"
"9221P0";10;10;0;0;1;1;0;100;1;0;1;0;1561;"Fensterheber"
"9221P1";43;41;0;2;3;2;0;66,67;1;0;1;1;1561;"Fensterheber"
"9221P7";50;46;0;4;4;3;0;75;1;0;1;0;1561;"Fensterheber"
"9221Q2";69;56;0;13;2;2;0;100;1;0;1;1;1561;"Fensterheber"
"9221Q5";49;46;0;3;12;12;1;100;1;0;1;1;1561;"Fensterheber"
"9221Q6";325;297;0;28;51;47;11;92,16;1;0;1;0;1561;"Fensterheber"
"9221S1";62;46;0;16;1;1;0;100;1;0;1;0;1561;"Fensterheber"
"9221T8";80;76;0;4;15;14;0;93,33;1;0;1;1;1561;"Fensterheber"
"9221V1";193;173;2;18;19;18;7;94,74;1;0;1;0;1561;"Fensterheber"
"9221W0";258;245;0;13;54;52;3;96,30;1;0;1;0;1561;"Fensterheber"
"9221W2";10;1;3;6;1;1;0;100;1;0;0;0;1561;"Fensterheber"
"9221X1";103;87;0;16;6;6;1;100;1;0;1;0;1561;"Fensterheber"
"9221X4";1;1;0;0;1;1;0;100;1;0;1;0;1561;"Fensterheber"
"9221X5";4;4;0;0;1;1;0;100;1;0;1;0;1561;"Fensterheber"
"9221Y3";179;167;0;12;16;16;0;100;0;0;1;1;1561;"Fensterheber"
"9221Z6";196;184;0;12;26;25;1;96,15;1;0;1;0;1561;"Fensterheber"
"922290";1;1;0;0;1;1;0;100;1;0;1;0;1561;"Fensterheber"
"9222A4";70;58;0;12;11;9;0;81,82;1;0;1;1;1561;"Fensterheber"
"9222AA";251;78;11;162;4;4;0;100;1;0;0;1;1561;"Fensterheber"
"9222AN";108;105;0;3;7;7;0;100;1;0;1;1;1561;"Fensterheber"
"9222AP";47;46;0;1;3;3;1;100;1;0;1;1;1561;"Fensterheber"
"9222ASGM";6;4;0;2;1;1;0;100;0;0;0;0;1561;"Fensterheber"
"9222CT";37;36;0;1;7;7;0;100;1;0;1;0;1561;"Fensterheber"
"9222CV";81;76;0;5;9;9;5;100;1;0;1;0;1561;"Fensterheber"
"9222E5";8;7;0;1;1;1;0;100;1;0;1;0;1561;"Fensterheber"
"9222EC";59;33;3;23;1;1;0;100;1;0;0;0;1561;"Fensterheber"
"9222EN";109;105;0;4;18;18;0;100;1;0;1;0;1561;"Fensterheber"
"9222EP";108;94;0;14;14;11;0;78,57;1;0;1;0;1561;"Fensterheber"
"9222EQ";280;253;1;26;24;23;3;95,83;1;0;1;1;1561;"Fensterheber"
"9222ER";130;110;1;19;13;13;0;100;1;0;1;0;1561;"Fensterheber"
"9222ET";9;3;0;6;1;1;0;100;1;0;1;0;1561;"Fensterheber"
"9222F6";19;12;0;7;1;1;0;100;1;0;1;0;1561;"Fensterheber"
"9222F7";72;68;0;4;8;7;1;87,50;1;0;1;1;1561;"Fensterheber"
"9222F8";62;60;0;2;3;3;1;100;1;0;1;1;1561;"Fensterheber"
"9222F9";135;111;3;21;12;12;4;100;1;0;1;1;1561;"Fensterheber"
"9222FP";627;590;3;34;104;98;9;94,23;1;0;1;1;1561;"Fensterheber"
"9222FQ";331;304;1;26;60;55;1;91,67;1;0;1;0;1561;"Fensterheber"
"9222FS";34;31;0;3;1;1;0;100;1;0;1;1;1561;"Fensterheber"
"9222FX";110;101;0;9;26;19;0;73,08;1;0;1;0;1561;"Fensterheber"
"9222FY";40;38;0;2;4;3;0;75;1;0;1;1;1561;"Fensterheber"
"9222G1";450;399;1;50;87;81;5;93,10;1;0;1;1;1561;"Fensterheber"
"9222G9";73;66;0;7;1;1;0;100;1;0;1;1;1561;"Fensterheber"
"9222GA";29;23;0;6;1;1;0;100;1;0;0;0;1561;"Fensterheber"
"9222GC";36;32;0;4;7;7;1;100;1;0;1;0;1561;"Fensterheber"
"9222GH";188;125;3;60;3;3;0;100;1;0;0;1;1561;"Fensterheber"
"9222GN";169;138;2;29;10;10;0;100;1;0;1;0;1561;"Fensterheber"
"9222GS";12;11;0;1;1;1;1;100;1;0;1;0;1561;"Fensterheber"
"9222GT";518;491;4;23;113;106;4;93,81;1;0;1;0;1561;"Fensterheber"
"9222GV";43;40;0;3;3;3;0;100;1;0;1;1;1561;"Fensterheber"
"9222H3";39;36;0;3;2;2;1;100;1;0;1;1;1561;"Fensterheber"
"9222HE";284;269;0;15;32;32;4;100;1;0;1;1;1561;"Fensterheber"
"9222HF";12;12;0;0;5;5;0;100;1;0;1;1;1561;"Fensterheber"
"9222J0";2;1;0;1;1;1;0;100;1;0;0;0;1561;"Fensterheber"
"9222J9";80;76;0;4;8;7;0;87,50;1;0;1;0;1561;"Fensterheber"
"9222K0";16;14;0;2;2;1;0;50;1;0;1;0;1561;"Fensterheber"
"9222K5";62;58;0;4;8;8;0;100;1;0;1;1;1561;"Fensterheber"
"9222K7";61;53;2;6;2;2;0;100;1;0;1;1;1561;"Fensterheber"
"9222N8";2;1;0;1;1;1;0;100;1;0;1;0;1561;"Fensterheber"
"9222P5";26;22;0;4;2;1;0;50;1;0;1;0;1561;"Fensterheber"
"9222Q0";59;55;0;4;7;6;0;85,71;1;0;1;1;1561;"Fensterheber"
"9222Q3";22;20;0;2;1;1;0;100;1;0;1;1;1561;"Fensterheber"
"9222Q4";205;193;0;12;46;43;14;93,48;1;0;1;0;1561;"Fensterheber"
"9222R1";34;27;0;7;1;1;0;100;1;0;1;0;1561;"Fensterheber"
"9222T6";98;95;0;3;18;17;0;94,44;1;0;1;1;1561;"Fensterheber"
"9222V0";73;66;0;7;9;8;3;88,89;1;0;1;0;1561;"Fensterheber"
"9222V9";216;199;2;15;36;35;1;97,22;1;0;1;0;1561;"Fensterheber"
"9222W9";100;98;0;2;6;6;1;100;1;0;1;1;1561;"Fensterheber"
"9222X0";23;19;1;3;1;1;0;100;1;0;0;0;1561;"Fensterheber"
"9222Y2";83;77;0;6;7;7;0;100;0;0;1;1;1561;"Fensterheber"
"9222Z4";14;14;0;0;1;1;0;100;1;0;1;0;1561;"Fensterheber"
"9222Z5";187;179;0;8;13;13;3;100;1;0;1;0;1561;"Fensterheber"
"9222 FY";3;3;0;0;1;1;0;100;1;0;0;0;1561;"Fensterheber"
"922352";18;14;0;4;1;1;0;100;1;0;1;1;1561;"Fensterheber"
"922357";312;259;2;51;6;5;1;83,33;1;0;1;1;1561;"Fensterheber"
"922364";51;31;7;13;2;1;0;50;1;0;1;1;1561;"Fensterheber"
"922371";14;13;0;1;1;1;0;100;1;0;1;1;1561;"Fensterheber"
"922385";211;197;0;14;22;20;3;90,91;1;0;1;0;1561;"Fensterheber"
"922393";106;82;0;24;1;1;0;100;1;0;1;1;1561;"Fensterheber"
"9223C3";69;9;32;28;1;1;0;100;1;0;0;0;1561;"Fensterheber"
"9223C5";34;31;0;3;1;1;0;100;1;0;1;0;1561;"Fensterheber"
"9223E2";40;36;0;4;3;3;0;100;1;0;1;0;1561;"Fensterheber"
"9223E8";1;1;0;0;1;1;0;100;0;0;0;1;1561;"Fensterheber"
"9223F8";21;19;0;2;2;2;0;100;1;0;0;0;1561;"Fensterheber"
"9223G5";32;22;1;9;1;1;0;100;1;0;1;0;1561;"Fensterheber"
"9223G6";94;88;0;6;9;9;0;100;1;0;0;0;1561;"Fensterheber"
"9223H5";485;443;1;41;74;65;0;87,84;1;0;1;0;1561;"Fensterheber"
"9223H6";22;19;0;3;4;3;0;75;1;0;1;0;1561;"Fensterheber"
"922458";117;105;1;11;1;1;0;100;1;0;1;1;1561;"Fensterheber"
"922467";27;24;0;3;2;2;0;100;1;0;1;1;1561;"Fensterheber"
"922470";51;40;1;10;1;1;1;100;1;0;1;1;1561;"Fensterheber"
"922491";152;142;0;10;34;30;6;88,24;1;0;1;0;1561;"Fensterheber"
"922497";97;90;0;7;1;1;0;100;1;0;1;1;1561;"Fensterheber"
"9224A0";23;1;1;21;1;1;0;100;1;0;0;1;1561;"Fensterheber"
"9224A8";88;82;0;6;2;2;0;100;1;0;1;0;1561;"Fensterheber"
"9224E6";24;21;0;3;3;3;0;100;1;0;1;0;1561;"Fensterheber"
"9224F3";15;15;0;0;1;1;0;100;1;0;1;1;1561;"Fensterheber"
"9224G4";52;38;1;13;3;3;0;100;1;0;1;1;1561;"Fensterheber"
"9224G9";18;9;0;9;1;1;0;100;1;0;1;0;1561;"Fensterheber"
"9224H4";78;55;0;23;1;1;0;100;1;0;1;0;1561;"Fensterheber"
"9224H9";506;453;4;49;70;63;0;90;1;0;1;0;1561;"Fensterheber"
"9224J0";16;16;0;0;1;1;1;100;1;0;1;0;1561;"Fensterheber"
"92895";202;197;0;5;18;1;0;5,56;0;0;0;0;1561;"Fensterheber"
"93164240";23;20;0;3;2;2;0;100;1;0;0;0;1561;"Fensterheber"
"93165969";48;40;1;7;1;1;0;100;1;0;0;0;1561;"Fensterheber"
"93165970";106;91;2;13;5;5;0;100;1;0;0;0;1561;"Fensterheber"
"93167945";74;71;0;3;12;11;0;91,67;1;0;0;0;1561;"Fensterheber"
"93167946";41;35;0;6;5;5;0;100;1;0;0;0;1561;"Fensterheber"
"93168802";80;75;0;5;2;2;0;100;1;0;0;0;1561;"Fensterheber"
"93168803";42;38;0;4;1;1;0;100;1;0;0;0;1561;"Fensterheber"
"93171820";58;50;0;8;7;7;0;100;1;0;1;0;1561;"Fensterheber"
"93171821";31;26;0;5;3;3;0;100;1;0;1;0;1561;"Fensterheber"
"93171827";23;23;0;0;2;2;0;100;1;0;0;0;1561;"Fensterheber"
"93171828";13;13;0;0;1;1;0;100;1;0;1;0;1561;"Fensterheber"
"93178695";154;143;2;9;19;17;0;89,47;1;0;1;0;1561;"Fensterheber"
"93178696";63;56;0;7;5;5;0;100;1;0;1;0;1561;"Fensterheber"
"93184842";33;26;1;6;1;1;0;100;1;0;1;0;1561;"Fensterheber"
"93186824";28;25;0;3;6;5;0;83,33;1;0;1;0;1561;"Fensterheber"
"93186828";75;70;1;4;8;8;0;100;1;0;1;0;1561;"Fensterheber"
"93186829";34;33;0;1;1;1;0;100;1;0;1;0;1561;"Fensterheber"
"93186830";14;14;0;0;1;1;0;100;0;0;1;0;1561;"Fensterheber"
"93189355";25;24;0;1;6;6;0;100;1;0;0;0;1561;"Fensterheber"
"93189578";25;0;11;14;1;1;0;100;0;0;0;1;1561;"Fensterheber"
"93193629";8;8;0;0;1;1;0;100;1;0;0;0;1561;"Fensterheber"
"93362663";117;113;0;4;32;29;0;90,63;1;0;1;1;1561;"Fensterheber"
"93362664";129;126;0;3;35;32;0;91,43;1;0;1;1;1561;"Fensterheber"
"93367905";151;131;1;19;12;12;0;100;1;0;0;1;1561;"Fensterheber"
"93367906";90;75;1;14;10;10;0;100;1;0;0;1;1561;"Fensterheber"
"93389551";22;11;3;8;2;2;0;100;0;0;0;0;1561;"Fensterheber"
"93867657";16;14;0;2;1;1;0;100;1;0;0;0;1561;"Fensterheber"
"93876";16;15;0;1;2;1;0;50;0;0;0;0;1561;"Fensterheber"
"94550807";11;11;0;0;1;1;0;100;1;0;0;0;1561;"Fensterheber"
"950135";9;8;0;1;1;1;0;100;0;0;1;1;1561;"Fensterheber"
"950309";4;4;0;0;1;1;0;100;0;0;1;1;1561;"Fensterheber"
"950328";6;5;0;1;1;1;0;100;0;0;1;1;1561;"Fensterheber"
"950356";3;3;0;0;1;1;0;100;0;0;1;1;1561;"Fensterheber"
"95071804";2;2;0;0;1;1;0;100;0;0;0;1;1561;"Fensterheber"
"95093206";15;11;0;4;1;1;0;100;1;0;1;0;1561;"Fensterheber"
"95093215";12;3;0;9;1;1;0;100;1;0;0;1;1561;"Fensterheber"
"9513PSG1";22;17;0;5;1;1;0;100;0;0;0;1;1561;"Fensterheber"
"9513PSG3A";2;1;0;1;1;1;0;100;0;0;0;1;1561;"Fensterheber"
"95226745";40;31;0;9;2;2;0;100;0;0;1;0;1561;"Fensterheber"
"95226746";54;41;0;13;1;1;0;100;0;0;1;0;1561;"Fensterheber"
"95231801";7;7;0;0;3;1;0;33,33;0;0;0;1;1561;"Fensterheber"
"95231803";5;5;0;0;2;2;0;100;0;0;0;1;1561;"Fensterheber"
"95241801";8;8;0;0;4;3;0;75;0;0;0;1;1561;"Fensterheber"
"95241802";5;5;0;0;1;1;0;100;0;0;0;1;1561;"Fensterheber"
"9526PSG1POL";1;1;0;0;1;1;0;100;0;0;0;0;1561;"Fensterheber"
"9526PSG5POL";3;3;0;0;1;1;0;100;0;0;0;0;1561;"Fensterheber"
"95298985";1;1;0;0;1;1;0;100;1;0;1;1;1561;"Fensterheber"
"9533PSG1";2;2;0;0;1;1;0;100;0;0;0;1;1561;"Fensterheber"
"9533PSG5POL";2;2;0;0;1;1;0;100;0;0;0;0;1561;"Fensterheber"
"95346594";1;1;0;0;1;1;0;100;0;0;0;0;1561;"Fensterheber"
"95391801";4;4;0;0;1;1;0;100;0;0;0;1;1561;"Fensterheber"
"95451702";1;1;0;0;1;1;0;100;0;0;0;1;1561;"Fensterheber"
"9548PSG2";1;1;0;0;1;1;0;100;0;0;0;1;1561;"Fensterheber"
"95508037";171;166;0;5;13;12;0;92,31;1;0;0;0;1561;"Fensterheber"
"95508038";86;80;0;6;4;4;0;100;1;0;0;0;1561;"Fensterheber"
"95509365";25;25;0;0;5;5;0;100;1;0;1;0;1561;"Fensterheber"
"95512982";23;23;0;0;5;4;0;80;1;0;0;0;1561;"Fensterheber"
"95512983";31;31;0;0;4;4;0;100;1;0;1;0;1561;"Fensterheber"
"95526063";10;6;0;4;1;1;0;100;1;0;0;0;1561;"Fensterheber"
"95554246101";25;20;2;3;1;1;0;100;1;0;0;0;1561;"Fensterheber"
"95554246104";23;23;0;0;4;4;0;100;1;0;1;0;1561;"Fensterheber"
"95554246201";26;23;0;3;10;9;0;90;1;0;0;0;1561;"Fensterheber"
"95554246204";32;31;0;1;10;10;0;100;1;0;1;0;1561;"Fensterheber"
"9578PSG7";6;6;0;0;1;1;0;100;0;0;0;1;1561;"Fensterheber"
"95954796";20;19;0;1;1;1;0;100;0;0;1;0;1561;"Fensterheber"
"95B837461B";15;0;3;12;1;1;0;100;0;0;0;0;1561;"Fensterheber"
"95VWA23201BF";4;2;0;2;1;1;0;100;0;0;0;0;1561;"Fensterheber"
"960034";3;3;0;0;1;1;0;100;0;0;1;1;1561;"Fensterheber"
"96072";6;6;0;0;1;1;0;100;0;0;0;1;1561;"Fensterheber"
"9607201146";18;11;0;7;2;1;1;50;0;0;1;0;1561;"Fensterheber"
"9607201346";6;5;0;1;1;1;0;100;0;0;1;0;1561;"Fensterheber"
"96190207";7;7;0;0;1;1;0;100;0;0;0;0;1561;"Fensterheber"
"96190208";8;7;0;1;1;1;0;100;0;0;0;1;1561;"Fensterheber"
"96225383";27;27;0;0;2;2;0;100;1;0;1;1;1561;"Fensterheber"
"96261054";14;4;1;9;1;1;1;100;1;0;1;0;1561;"Fensterheber"
"9628764780444";2;0;0;2;1;1;0;100;0;0;0;0;1561;"Fensterheber"
"9634456980";21;17;0;4;1;1;1;100;0;0;1;0;1561;"Fensterheber"
"9643808080";5;5;0;0;1;1;0;100;0;0;0;0;1561;"Fensterheber"
"96485141";31;26;0;5;1;1;0;100;0;0;0;0;1561;"Fensterheber"
"96541783";39;38;0;1;1;1;0;100;1;0;1;0;1561;"Fensterheber"
"96541784";14;12;0;2;1;1;0;100;1;0;1;0;1561;"Fensterheber"
"96585711";17;15;0;2;1;1;0;100;1;0;1;0;1561;"Fensterheber"
"96585712";4;4;0;0;1;1;0;100;1;0;1;0;1561;"Fensterheber"
"96601565";42;37;0;5;3;3;0;100;1;0;1;0;1561;"Fensterheber"
"96601566";22;22;0;0;3;3;0;100;1;0;1;0;1561;"Fensterheber"
"96624332";56;43;1;12;1;1;0;100;1;0;1;0;1561;"Fensterheber"
"96688";33;31;0;2;3;1;0;33,33;0;0;0;0;1561;"Fensterheber"
"9673153280";81;74;0;7;3;2;0;66,67;1;0;1;0;1561;"Fensterheber"
"9673154180";55;49;0;6;1;1;0;100;1;0;1;0;1561;"Fensterheber"
"9673154280";40;38;1;1;2;1;0;50;1;0;1;0;1561;"Fensterheber"
"9673154380";174;168;1;5;18;16;1;88,89;1;0;1;1;1561;"Fensterheber"
"9673154480";38;22;0;16;1;1;0;100;1;0;1;1;1561;"Fensterheber"
"9673154780";70;64;0;6;5;5;0;100;1;0;1;0;1561;"Fensterheber"
"9673155180";116;112;0;4;7;7;0;100;1;0;1;1;1561;"Fensterheber"
"9673155280";58;49;0;9;8;8;0;100;1;0;1;1;1561;"Fensterheber"
"9675898980";75;72;1;2;23;19;0;82,61;1;0;1;0;1561;"Fensterheber"
"9675899080";101;92;1;8;22;20;0;90,91;1;0;1;0;1561;"Fensterheber"
"9675915280";23;22;0;1;2;1;0;50;1;0;1;1;1561;"Fensterheber"
"9676172480";6;2;0;4;1;1;0;100;1;0;0;0;1561;"Fensterheber"
"9677734780";12;10;0;2;1;1;0;100;1;0;0;0;1561;"Fensterheber"
"9677734880";45;38;0;7;3;3;0;100;1;0;0;0;1561;"Fensterheber"
"9677737380";10;8;0;2;1;1;0;100;1;0;0;0;1561;"Fensterheber"
"968101";1;1;0;0;1;1;0;100;0;0;1;1;1561;"Fensterheber"
"9687060680";9;6;0;3;1;1;0;100;1;0;1;0;1561;"Fensterheber"
"9687511780";9;8;1;0;1;1;0;100;1;0;1;0;1561;"Fensterheber"
"9687618480";5;4;0;1;1;1;0;100;1;0;1;0;1561;"Fensterheber"
"96996226";42;39;0;3;2;2;0;100;0;0;1;0;1561;"Fensterheber"
"970000";5;5;0;0;2;2;0;100;0;0;1;1;1561;"Fensterheber"
"970001";9;9;0;0;1;1;0;100;0;0;1;1;1561;"Fensterheber"
"970002";13;13;0;0;1;1;0;100;0;0;1;1;1561;"Fensterheber"
"970003";29;28;0;1;5;5;0;100;0;0;1;1;1561;"Fensterheber"
"970016";7;7;0;0;2;2;0;100;0;0;1;1;1561;"Fensterheber"
"970034";7;7;0;0;2;1;0;50;0;0;1;1;1561;"Fensterheber"
"970046";2;2;0;0;3;3;0;100;0;0;1;1;1561;"Fensterheber"
"970069";3;3;0;0;1;1;0;100;0;0;1;1;1561;"Fensterheber"
"970082";4;4;0;0;1;1;0;100;0;0;1;1;1561;"Fensterheber"
"970083";15;15;0;0;4;4;0;100;0;0;1;1;1561;"Fensterheber"
"970212";3;3;0;0;2;2;0;100;0;0;1;1;1561;"Fensterheber"
"970213";5;5;0;0;1;1;0;100;0;0;1;1;1561;"Fensterheber"
"970215";2;2;0;0;1;1;0;100;0;0;1;1;1561;"Fensterheber"
"97144437";9;9;0;0;1;1;0;100;1;0;1;0;1561;"Fensterheber"
"9737200146";23;18;1;4;4;2;0;50;0;0;1;0;1561;"Fensterheber"
"9737200346";46;40;0;6;8;8;0;100;0;0;1;0;1561;"Fensterheber"
"9737200446";37;32;0;5;5;5;1;100;0;0;1;0;1561;"Fensterheber"
"9737200746";12;9;1;2;2;2;0;100;0;0;0;0;1561;"Fensterheber"
"9737201746";15;7;0;8;1;1;0;100;0;0;0;0;1561;"Fensterheber"
"9737201846";15;10;0;5;1;1;0;100;0;0;0;0;1561;"Fensterheber"
"980010";5;5;0;0;1;1;0;100;0;0;1;1;1561;"Fensterheber"
"980022";7;7;0;0;1;1;0;100;0;0;1;1;1561;"Fensterheber"
"980023";8;4;2;2;1;1;0;100;0;0;1;1;1561;"Fensterheber"
"980025";7;7;0;0;1;1;0;100;0;0;1;1;1561;"Fensterheber"
"9800273380";72;57;1;14;3;3;0;100;1;0;1;0;1561;"Fensterheber"
"9800273480";63;48;0;15;1;1;0;100;1;0;0;0;1561;"Fensterheber"
"980064";28;27;1;0;1;1;0;100;0;0;1;1;1561;"Fensterheber"
"980072";4;4;0;0;1;1;0;100;0;0;1;1;1561;"Fensterheber"
"980075";1;1;0;0;1;1;0;100;0;0;1;1;1561;"Fensterheber"
"980095";2;2;0;0;1;1;0;100;0;0;1;1;1561;"Fensterheber"
"980103";1;1;0;0;1;1;0;100;0;0;1;1;1561;"Fensterheber"
"9802389180";54;44;0;10;7;7;0;100;1;0;1;1;1561;"Fensterheber"
"9802389280";511;493;0;18;80;62;3;77,50;1;0;1;1;1561;"Fensterheber"
"9802531780";28;27;0;1;2;2;0;100;1;0;1;1;1561;"Fensterheber"
"9802531980";78;76;1;1;8;7;0;87,50;1;0;1;1;1561;"Fensterheber"
"9802581780";115;89;0;26;5;5;0;100;1;0;1;1;1561;"Fensterheber"
"9802581880";68;53;0;15;4;4;0;100;1;0;1;1;1561;"Fensterheber"
"9802581980";60;46;1;13;2;2;0;100;1;0;1;0;1561;"Fensterheber"
"9802582080";70;57;0;13;6;6;0;100;1;0;1;0;1561;"Fensterheber"
"9802602180";14;13;0;1;1;1;0;100;1;0;0;1;1561;"Fensterheber"
"9802617380";137;132;2;3;36;34;0;94,44;1;0;1;1;1561;"Fensterheber"
"9802617780";171;171;0;0;20;15;0;75;1;0;1;1;1561;"Fensterheber"
"9802740880";9;6;0;3;1;1;0;100;1;0;1;1;1561;"Fensterheber"
"9804388180";30;27;0;3;5;5;0;100;1;0;1;1;1561;"Fensterheber"
"9804388280";31;25;1;5;4;4;0;100;1;0;1;1;1561;"Fensterheber"
"9806086880";178;176;0;2;37;32;0;86,49;1;0;1;1;1561;"Fensterheber"
"9806086980";158;153;4;1;29;28;1;96,55;1;0;1;1;1561;"Fensterheber"
"9806087080";141;137;0;4;19;18;0;94,74;1;0;1;1;1561;"Fensterheber"
"9806087180";143;130;1;12;22;20;2;90,91;1;0;1;1;1561;"Fensterheber"
"9806088080";74;60;0;14;2;2;0;100;1;0;1;0;1561;"Fensterheber"
"9806088180";137;119;1;17;7;5;0;71,43;1;0;1;0;1561;"Fensterheber"
"9806088380";9;9;0;0;1;1;0;100;1;0;1;0;1561;"Fensterheber"
"9806088480";28;27;0;1;3;3;0;100;1;0;1;0;1561;"Fensterheber"
"9806088680";43;39;0;4;2;2;0;100;1;0;1;0;1561;"Fensterheber"
"9810488880";27;18;2;7;2;2;0;100;1;0;0;0;1561;"Fensterheber"
"9810488980";72;58;1;13;4;4;0;100;1;0;0;0;1561;"Fensterheber"
"9816273080";122;91;7;24;2;2;0;100;1;0;1;0;1561;"Fensterheber"
"9816273280";239;191;4;44;4;4;0;100;1;0;1;0;1561;"Fensterheber"
"9816402080";57;43;3;11;4;4;0;100;1;0;1;1;1561;"Fensterheber"
"9816402180";138;126;0;12;7;6;0;85,71;1;0;1;1;1561;"Fensterheber"
"9816402280";109;102;0;7;4;2;0;50;1;0;1;1;1561;"Fensterheber"
"9816402380";92;75;3;14;5;4;0;80;1;0;1;1;1561;"Fensterheber"
"9816402580";59;56;0;3;4;4;0;100;1;0;1;1;1561;"Fensterheber"
"982248";1;1;0;0;1;1;0;100;0;0;0;0;1561;"Fensterheber"
"9826076280";24;21;1;2;3;3;0;100;1;0;0;1;1561;"Fensterheber"
"9826079480";54;40;2;12;3;3;0;100;1;0;1;1;1561;"Fensterheber"
"9826079580";150;120;4;26;26;26;1;100;1;0;1;1;1561;"Fensterheber"
"9826080380";44;29;1;14;1;1;0;100;1;0;1;1;1561;"Fensterheber"
"9828130680";21;11;2;8;1;1;0;100;1;0;0;1;1561;"Fensterheber"
"9828130780";23;13;3;7;2;2;0;100;1;0;0;1;1561;"Fensterheber"
"9829043380";138;58;2;78;5;5;0;100;0;0;0;1;1561;"Fensterheber"
"9829043680";287;156;3;128;6;6;0;100;0;0;0;1;1561;"Fensterheber"
"9829889780";32;17;0;15;1;1;0;100;1;0;1;0;1561;"Fensterheber"
"9840154280";9;1;3;5;1;1;0;100;0;0;0;0;1561;"Fensterheber"
"9840175580";314;145;2;167;6;6;0;100;0;0;0;1;1561;"Fensterheber"
"9840175680";164;56;4;104;3;3;0;100;0;0;0;1;1561;"Fensterheber"
"9840180880";6;2;0;4;1;1;0;100;0;0;0;1;1561;"Fensterheber"
"9840196880";19;8;5;6;1;1;0;100;0;0;0;1;1561;"Fensterheber"
"98407722";15;11;0;4;1;1;1;100;0;0;1;0;1561;"Fensterheber"
"98407741";7;2;0;5;1;1;0;100;0;0;1;0;1561;"Fensterheber"
"9843773980";21;0;12;9;1;1;0;100;0;0;0;1;1561;"Fensterheber"
"98754207501";21;17;0;4;2;2;0;100;1;0;1;0;1561;"Fensterheber"
"98754207504";8;0;2;6;1;1;0;100;0;0;0;0;1561;"Fensterheber"
"98754207601";47;28;1;18;1;1;0;100;1;0;1;0;1561;"Fensterheber"
"988101C300";18;18;0;0;3;3;0;100;0;0;0;0;1561;"Fensterheber"
"988101J100";11;2;0;9;1;1;0;100;0;0;0;0;1561;"Fensterheber"
"988201C100";11;11;0;0;3;3;1;100;0;0;1;0;1561;"Fensterheber"
"98 164 025 80";2;2;0;0;1;1;0;100;1;0;0;0;1561;"Fensterheber"
"990200";9;9;0;0;1;1;0;100;0;0;1;1;1561;"Fensterheber"
"99487780";156;111;1;44;5;4;1;80;0;0;1;0;1561;"Fensterheber"
"99487781";265;172;1;92;10;7;4;70;0;0;1;0;1561;"Fensterheber"
"99654207503";11;11;0;0;2;2;0;100;1;0;0;0;1561;"Fensterheber"
"99654207504";70;67;1;2;11;11;0;100;1;0;1;0;1561;"Fensterheber"
"99654207505";36;32;0;4;4;4;0;100;0;0;0;0;1561;"Fensterheber"
"99654207603";1;1;0;0;1;1;0;100;1;0;0;0;1561;"Fensterheber"
"99654207604";74;66;0;8;12;12;0;100;1;0;1;0;1561;"Fensterheber"
"99654207605";40;34;0;6;5;5;0;100;0;0;0;0;1561;"Fensterheber"
"A0002691V003000000";4;4;0;0;1;1;0;100;0;0;0;0;1561;"Fensterheber"
"A0007200079";66;60;0;6;8;8;0;100;0;0;0;0;1561;"Fensterheber"
"A00072000790007200079";134;59;12;63;4;4;0;100;0;0;0;0;1561;"Fensterheber"
"A0007200179";19;19;0;0;1;1;0;100;0;0;0;0;1561;"Fensterheber"
"A00072001790007200179";60;30;8;22;2;2;0;100;0;0;0;0;1561;"Fensterheber"
"A0007200346";7;2;0;5;1;1;0;100;1;0;0;0;1561;"Fensterheber"
"A0007250002";19;18;0;1;2;1;0;50;0;0;1;0;1561;"Fensterheber"
"A0048205142";27;19;1;7;4;4;0;100;0;0;0;0;1561;"Fensterheber"
"A0048205242";13;11;0;2;3;3;0;100;0;0;0;0;1561;"Fensterheber"
"A0068204642";70;66;1;3;1;1;0;100;0;0;0;0;1561;"Fensterheber"
"A0068204742";45;37;0;8;2;2;0;100;0;0;0;0;1561;"Fensterheber"
"A0068205442";26;23;0;3;3;2;0;66,67;0;0;0;0;1561;"Fensterheber"
"A11750";4;4;0;0;1;1;0;100;0;0;0;1;1561;"Fensterheber"
"A1247200346";46;42;0;4;7;7;0;100;1;0;1;0;1561;"Fensterheber"
"A1247200446";32;27;0;5;3;3;0;100;1;0;1;0;1561;"Fensterheber"
"A1247201746";52;35;0;17;2;2;0;100;1;0;0;0;1561;"Fensterheber"
"A1247300346";72;66;0;6;6;6;0;100;1;0;1;0;1561;"Fensterheber"
"A1247300446";30;29;0;1;1;1;0;100;1;0;1;0;1561;"Fensterheber"
"A1247300846";21;19;1;1;2;2;0;100;1;0;1;0;1561;"Fensterheber"
"A1407300346";16;15;0;1;1;1;0;100;0;0;0;0;1561;"Fensterheber"
"A1407301246";10;8;0;2;1;1;0;100;1;0;0;0;1561;"Fensterheber"
"A14409";5;3;2;0;1;1;0;100;0;0;0;1;1561;"Fensterheber"
"A1637201146";51;44;0;7;9;9;0;100;1;0;1;0;1561;"Fensterheber"
"A1637300146";49;42;0;7;5;5;0;100;1;0;0;0;1561;"Fensterheber"
"A1637300246";39;34;0;5;4;4;0;100;1;0;0;0;1561;"Fensterheber"
"A1637300946";47;37;3;7;2;2;0;100;1;0;1;0;1561;"Fensterheber"
"A1638200142";12;9;0;3;1;1;0;100;0;0;0;0;1561;"Fensterheber"
"A1638202742";15;15;0;0;2;2;0;100;0;0;0;0;1561;"Fensterheber"
"A1647201579";9;9;0;0;2;1;0;50;1;0;1;0;1561;"Fensterheber"
"A1647303179";11;11;0;0;3;2;0;66,67;1;0;1;0;1561;"Fensterheber"
"A1687200446";12;8;0;4;1;1;0;100;0;0;1;0;1561;"Fensterheber"
"A1687201146";23;23;0;0;1;1;0;100;1;0;1;0;1561;"Fensterheber"
"A1687201246";45;33;0;12;3;2;0;66,67;1;0;1;0;1561;"Fensterheber"
"A1687202046";17;14;0;3;2;2;0;100;1;0;1;0;1561;"Fensterheber"
"A1687301446";48;28;0;20;4;3;1;75;1;0;1;0;1561;"Fensterheber"
"A1687302246";30;27;0;3;3;3;0;100;1;0;1;0;1561;"Fensterheber"
"A1697200779";50;48;0;2;3;3;0;100;0;0;0;0;1561;"Fensterheber"
"A1697200879";45;43;0;2;1;1;0;100;0;0;0;0;1561;"Fensterheber"
"A1697203179";69;67;0;2;15;14;0;93,33;1;0;1;0;1561;"Fensterheber"
"A1697203279";51;49;0;2;9;9;0;100;1;0;1;0;1561;"Fensterheber"
"A1767300179";23;20;0;3;1;1;0;100;1;0;0;0;1561;"Fensterheber"
"A2017201346";7;7;0;0;1;1;0;100;0;0;1;0;1561;"Fensterheber"
"A2027201546";26;21;0;5;1;1;0;100;1;0;1;0;1561;"Fensterheber"
"A2027301346";25;22;0;3;3;3;0;100;1;0;1;0;1561;"Fensterheber"
"A2037201546";66;62;0;4;8;8;0;100;1;0;1;0;1561;"Fensterheber"
"A2037201646";30;30;0;0;2;2;0;100;1;0;1;0;1561;"Fensterheber"
"A2037203146";162;159;0;3;42;42;2;100;1;0;1;0;1561;"Fensterheber"
"A2037203246";96;88;1;7;11;11;0;100;1;0;1;0;1561;"Fensterheber"
"A2037300346";60;50;0;10;3;3;0;100;1;0;1;0;1561;"Fensterheber"
"A2037300446";91;84;0;7;20;20;0;100;1;0;1;0;1561;"Fensterheber"
"A2037301246";12;12;0;0;1;1;0;100;1;0;1;0;1561;"Fensterheber"
"A2047200579";64;61;0;3;4;4;0;100;1;0;0;0;1561;"Fensterheber"
"A2047200679";26;18;0;8;2;2;0;100;0;0;0;0;1561;"Fensterheber"
"A2047201979";20;11;0;9;1;1;0;100;1;0;1;0;1561;"Fensterheber"
"A2047202479";46;41;0;5;2;2;0;100;1;0;1;0;1561;"Fensterheber"
"A2047202579";18;14;0;4;1;1;0;100;1;0;1;0;1561;"Fensterheber"
"A2047300779";7;6;0;1;2;2;0;100;1;0;1;0;1561;"Fensterheber"
"A2057204923";22;21;0;1;4;4;0;100;1;0;1;0;1561;"Fensterheber"
"A2077200746";34;14;0;20;2;2;0;100;1;0;0;0;1561;"Fensterheber"
"A2087200346";38;21;4;13;3;3;0;100;1;0;0;0;1561;"Fensterheber"
"A2087200446";6;3;0;3;1;1;0;100;1;0;0;0;1561;"Fensterheber"
"A2087200746";24;18;0;6;1;1;0;100;1;0;0;0;1561;"Fensterheber"
"A2107201146";37;32;0;5;2;2;0;100;1;0;1;0;1561;"Fensterheber"
"A2107301446";25;20;0;5;1;1;0;100;0;0;0;0;1561;"Fensterheber"
"A2107301546";103;102;0;1;24;24;3;100;1;0;1;0;1561;"Fensterheber"
"A2107301646";105;95;2;8;26;26;1;100;1;0;1;0;1561;"Fensterheber"
"A2108202542";13;13;0;0;1;1;0;100;0;0;0;0;1561;"Fensterheber"
"A2117200346";77;74;0;3;11;11;3;100;1;0;1;0;1561;"Fensterheber"
"A2117200446";27;24;0;3;1;1;0;100;1;0;1;0;1561;"Fensterheber"
"A2117300346";18;13;0;5;1;1;0;100;1;0;1;0;1561;"Fensterheber"
"A2118202942";34;0;14;20;2;2;0;100;0;0;0;0;1561;"Fensterheber"
"A2127201579";142;138;0;4;15;13;0;86,67;1;0;1;0;1561;"Fensterheber"
"A2127201679";90;79;0;11;12;12;0;100;1;0;1;0;1561;"Fensterheber"
"A2137205205";12;10;0;2;1;1;0;100;1;0;0;0;1561;"Fensterheber"
"A2197200946";248;96;4;148;21;21;0;100;1;0;0;0;1561;"Fensterheber"
"A2197201046";200;87;3;110;13;13;0;100;1;0;0;0;1561;"Fensterheber"
"A2197300946";82;33;1;48;1;1;0;100;1;0;0;0;1561;"Fensterheber"
"A2197301046";39;19;0;20;1;1;0;100;1;0;0;0;1561;"Fensterheber"
"A2207302346";11;9;0;2;1;1;0;100;1;0;1;0;1561;"Fensterheber"
"A370100";15;9;3;3;1;1;0;100;0;0;0;1;1561;"Fensterheber"
"A3817250002";11;7;1;3;2;2;0;100;0;0;0;0;1561;"Fensterheber"
"A4157200246";10;10;0;0;1;1;0;100;0;0;1;0;1561;"Fensterheber"
"A4157200746";12;11;0;1;2;2;0;100;1;0;0;0;1561;"Fensterheber"
"A4157200846";39;21;3;15;1;1;0;100;0;0;0;0;1561;"Fensterheber"
"A4157200946";28;23;0;5;2;2;0;100;1;0;0;0;1561;"Fensterheber"
"A4477203900";233;168;5;60;6;6;0;100;1;0;0;0;1561;"Fensterheber"
"A4477204000";70;45;1;24;3;3;0;100;1;0;0;0;1561;"Fensterheber"
"A4517200546";39;37;0;2;6;6;0;100;0;0;1;0;1561;"Fensterheber"
"A4517200746";18;18;0;0;1;1;0;100;0;0;1;0;1561;"Fensterheber"
"A4547200146";17;8;1;8;1;1;0;100;0;0;0;0;1561;"Fensterheber"
"A4637300746";73;35;1;37;4;4;0;100;1;0;0;0;1561;"Fensterheber"
"A463730074628";9;6;0;3;1;1;0;100;1;0;0;0;1561;"Fensterheber"
"A4637300946";112;34;3;75;4;4;0;100;0;0;0;0;1561;"Fensterheber"
"A520891";76;27;6;43;8;8;0;100;0;0;0;1;1561;"Fensterheber"
"A6387200046";94;76;2;16;7;5;0;71,43;1;0;0;0;1561;"Fensterheber"
"A6387200146";63;52;2;9;3;3;0;100;1;0;1;0;1561;"Fensterheber"
"A6387200546";6;5;0;1;1;1;0;100;1;0;1;0;1561;"Fensterheber"
"A6397200046";409;391;2;16;97;82;1;84,54;0;0;1;0;1561;"Fensterheber"
"A6397200146";436;408;0;28;89;78;4;87,64;0;0;1;0;1561;"Fensterheber"
"A6397200446";386;368;1;17;87;78;1;89,66;1;0;1;0;1561;"Fensterheber"
"A6397200546";448;421;1;26;88;86;0;97,73;1;0;1;0;1561;"Fensterheber"
"A9017201246";10;9;0;1;1;1;0;100;1;0;1;0;1561;"Fensterheber"
"A9017201446";24;24;0;0;3;3;0;100;1;0;0;0;1561;"Fensterheber"
"A9017201946";46;41;0;5;7;7;1;100;1;0;1;0;1561;"Fensterheber"
"A9067200046";111;108;0;3;15;14;0;93,33;1;0;1;0;1561;"Fensterheber"
"A9067200146";42;42;0;0;5;4;0;80;1;0;1;0;1561;"Fensterheber"
"A9417200446";5;5;0;0;1;1;0;100;0;0;0;0;1561;"Fensterheber"
"A9607201146";17;13;0;4;5;5;0;100;0;0;1;0;1561;"Fensterheber"
"A9607201546";6;0;0;6;1;1;0;100;0;0;0;0;1561;"Fensterheber"
"A9737200146";26;24;0;2;4;4;0;100;0;0;1;0;1561;"Fensterheber"
"A97372001469737200146";38;13;3;22;1;1;0;100;0;0;0;0;1561;"Fensterheber"
"A9737200246";4;4;0;0;1;1;0;100;0;0;1;0;1561;"Fensterheber"
"A9737200346";86;78;0;8;12;10;0;83,33;0;0;1;0;1561;"Fensterheber"
"A97372003469737200346";69;35;7;27;1;1;0;100;0;0;0;0;1561;"Fensterheber"
"A9737200446";67;65;0;2;8;7;1;87,50;0;0;1;0;1561;"Fensterheber"
"A97372004469737200446";53;23;5;25;1;1;0;100;0;0;0;0;1561;"Fensterheber"
"A9737201746";33;31;0;2;4;3;0;75;0;0;0;0;1561;"Fensterheber"
"A9737201846";39;34;0;5;6;6;0;100;0;0;0;0;1561;"Fensterheber"
"AC1015";44;41;0;3;2;2;0;100;0;0;1;0;1561;"Fensterheber"
"AC1016";38;37;0;1;2;2;0;100;0;0;1;0;1561;"Fensterheber"
"AC1042";9;9;0;0;1;1;0;100;0;0;1;0;1561;"Fensterheber"
"AC1053";8;7;0;1;2;1;0;50;0;0;1;0;1561;"Fensterheber"
"AC1075";15;13;2;0;1;1;0;100;0;0;1;0;1561;"Fensterheber"
"AC1076";22;22;0;0;3;3;0;100;0;0;1;0;1561;"Fensterheber"
"AC1085";9;9;0;0;1;1;0;100;0;0;1;0;1561;"Fensterheber"
"AC1096";21;21;0;0;4;1;0;25;0;0;1;0;1561;"Fensterheber"
"AC1103";20;20;0;0;7;7;0;100;0;0;1;0;1561;"Fensterheber"
"AC1207";6;6;0;0;1;1;0;100;0;0;1;0;1561;"Fensterheber"
"AC1217";7;7;0;0;1;1;0;100;0;0;1;0;1561;"Fensterheber"
"AC1218";3;1;2;0;1;1;0;100;0;0;1;0;1561;"Fensterheber"
"AC1228";4;2;2;0;1;1;0;100;0;0;1;0;1561;"Fensterheber"
"AC1256";4;4;0;0;1;1;0;100;0;0;1;0;1561;"Fensterheber"
"AC1263";16;16;0;0;1;1;0;100;0;0;1;0;1561;"Fensterheber"
"AC1271";3;3;0;0;1;1;1;100;0;0;1;0;1561;"Fensterheber"
"AC1305";29;24;0;5;1;1;0;100;0;0;1;0;1561;"Fensterheber"
"AC1318";4;3;0;1;1;1;0;100;0;0;1;0;1561;"Fensterheber"
"AC1323";5;5;0;0;1;1;0;100;0;0;1;0;1561;"Fensterheber"
"AC1325";27;27;0;0;2;2;0;100;0;0;1;0;1561;"Fensterheber"
"AC1326";18;18;0;0;2;2;0;100;0;0;1;0;1561;"Fensterheber"
"AC1329";4;4;0;0;1;1;0;100;0;0;1;0;1561;"Fensterheber"
"AC1346";166;166;0;0;10;5;0;50;0;0;1;0;1561;"Fensterheber"
"AC1347";12;8;4;0;2;2;0;100;0;0;1;0;1561;"Fensterheber"
"AC1348";47;47;0;0;5;5;0;100;0;0;1;0;1561;"Fensterheber"
"AC1349";51;46;0;5;2;2;0;100;0;0;1;0;1561;"Fensterheber"
"AC1355";13;10;2;1;2;2;0;100;0;0;1;0;1561;"Fensterheber"
"AC1356";25;25;0;0;3;3;0;100;0;0;1;0;1561;"Fensterheber"
"AC1365";1;1;0;0;1;1;0;100;0;0;1;0;1561;"Fensterheber"
"AC1388";2;2;0;0;1;1;0;100;0;0;1;0;1561;"Fensterheber"
"AC1397";5;5;0;0;3;3;0;100;0;0;1;0;1561;"Fensterheber"
"AC1407";7;7;0;0;1;1;0;100;0;0;1;0;1561;"Fensterheber"
"AC1408";5;5;0;0;3;3;0;100;0;0;1;0;1561;"Fensterheber"
"AC1454";2;2;0;0;2;2;0;100;0;0;1;0;1561;"Fensterheber"
"AC1534";3;3;0;0;1;1;0;100;0;0;1;0;1561;"Fensterheber"
"AC1581";10;10;0;0;6;6;0;100;0;0;1;0;1561;"Fensterheber"
"AC1582";9;9;0;0;3;3;0;100;0;0;0;0;1561;"Fensterheber"
"AC1603";5;5;0;0;1;1;0;100;0;0;1;0;1561;"Fensterheber"
"AC1611";14;14;0;0;4;4;0;100;0;0;1;0;1561;"Fensterheber"
"AC1633";14;14;0;0;2;2;0;100;0;0;1;0;1561;"Fensterheber"
"AC1636";5;5;0;0;1;1;0;100;0;0;1;0;1561;"Fensterheber"
"AC1717";3;3;0;0;2;2;0;100;0;0;1;0;1561;"Fensterheber"
"AC1735";31;31;0;0;7;7;0;100;0;0;1;0;1561;"Fensterheber"
"AC1736";21;17;2;2;7;7;0;100;0;0;1;0;1561;"Fensterheber"
"AC1741";2;2;0;0;1;1;0;100;0;0;1;0;1561;"Fensterheber"
"AC1796";3;2;0;1;1;1;0;100;0;0;0;0;1561;"Fensterheber"
"AC1813";1;1;0;0;1;1;0;100;0;0;0;0;1561;"Fensterheber"
"AC1885";5;4;0;1;1;1;1;100;0;0;1;0;1561;"Fensterheber"
"AC1886";1;1;0;0;1;1;0;100;0;0;1;0;1561;"Fensterheber"
"AC1945";5;3;0;2;1;1;0;100;0;0;1;0;1561;"Fensterheber"
"AC2023";1;1;0;0;1;1;0;100;0;0;0;0;1561;"Fensterheber"
"AC211";53;3;46;4;4;1;0;25;0;0;1;0;1561;"Fensterheber"
"AC217";36;32;0;4;12;2;0;16,67;0;0;1;0;1561;"Fensterheber"
"AC223";62;59;0;3;16;2;0;12,50;0;0;0;0;1561;"Fensterheber"
"AC253";2;2;0;0;1;1;0;100;0;0;1;0;1561;"Fensterheber"
"AC317";3;3;0;0;1;1;0;100;0;0;1;0;1561;"Fensterheber"
"AC332";5;5;0;0;2;1;0;50;0;0;1;0;1561;"Fensterheber"
"AC341";5;5;0;0;2;2;0;100;0;0;1;0;1561;"Fensterheber"
"AC342";8;8;0;0;3;3;0;100;0;0;1;0;1561;"Fensterheber"
"AC353";5;5;0;0;1;1;0;100;0;0;1;0;1561;"Fensterheber"
"AC407";4;2;2;0;1;1;0;100;0;0;1;0;1561;"Fensterheber"
"AC408";6;6;0;0;1;1;0;100;0;0;1;0;1561;"Fensterheber"
"AC427";7;6;0;1;1;1;0;100;0;0;1;0;1561;"Fensterheber"
"AC451";2;2;0;0;1;1;0;100;0;0;1;0;1561;"Fensterheber"
"AC484";1;1;0;0;1;1;0;100;0;0;1;0;1561;"Fensterheber"
"AC491";9;9;0;0;4;4;0;100;0;0;1;0;1561;"Fensterheber"
"AC503";4;3;0;1;1;1;0;100;0;0;1;0;1561;"Fensterheber"
"AC513";2;1;1;0;1;1;0;100;0;0;1;0;1561;"Fensterheber"
"AC537";3;3;0;0;2;2;0;100;0;0;1;0;1561;"Fensterheber"
"AC647";45;45;0;0;2;2;0;100;0;0;1;0;1561;"Fensterheber"
"AC648";7;5;2;0;2;2;0;100;0;0;1;0;1561;"Fensterheber"
"AC705";5;4;1;0;2;2;0;100;0;0;1;0;1561;"Fensterheber"
"AC709";4;4;0;0;1;1;1;100;0;0;1;0;1561;"Fensterheber"
"AC725";12;8;3;1;1;1;0;100;0;0;1;0;1561;"Fensterheber"
"AC732";4;2;1;1;1;1;0;100;0;0;1;0;1561;"Fensterheber"
"AC743";48;47;0;1;2;1;0;50;0;0;1;0;1561;"Fensterheber"
"AC745";1;1;0;0;1;1;0;100;0;0;1;0;1561;"Fensterheber"
"AC754";6;5;1;0;1;1;0;100;0;0;1;0;1561;"Fensterheber"
"AC763";4;4;0;0;1;1;0;100;0;0;1;0;1561;"Fensterheber"
"AC764";1;1;0;0;1;1;0;100;0;0;1;0;1561;"Fensterheber"
"AC777";3;3;0;0;1;1;0;100;0;0;1;0;1561;"Fensterheber"
"AC779";3;2;0;1;1;1;0;100;0;0;1;0;1561;"Fensterheber"
"AC780";11;3;8;0;1;1;0;100;0;0;1;0;1561;"Fensterheber"
"AC787";4;4;0;0;2;2;0;100;0;0;1;0;1561;"Fensterheber"
"AC803";7;7;0;0;4;4;0;100;0;0;1;0;1561;"Fensterheber"
"AC804";7;6;1;0;1;1;0;100;0;0;1;0;1561;"Fensterheber"
"AC823";6;4;1;1;1;1;0;100;0;0;1;0;1561;"Fensterheber"
"AC829";5;3;2;0;1;1;0;100;0;0;1;0;1561;"Fensterheber"
"AC833";5;5;0;0;1;1;0;100;0;0;1;0;1561;"Fensterheber"
"AC845";11;10;1;0;1;1;0;100;0;0;1;0;1561;"Fensterheber"
"AC849";3;2;0;1;1;1;0;100;0;0;1;0;1561;"Fensterheber"
"AC850";3;3;0;0;1;1;0;100;0;0;1;0;1561;"Fensterheber"
"AC867";4;4;0;0;1;1;0;100;0;0;1;0;1561;"Fensterheber"
"AC868";5;4;1;0;2;2;0;100;0;0;1;0;1561;"Fensterheber"
"AC898";4;3;1;0;1;1;0;100;0;0;1;0;1561;"Fensterheber"
"AC911";9;9;0;0;5;5;0;100;0;0;1;0;1561;"Fensterheber"
"AC913";2;2;0;0;1;1;0;100;0;0;1;0;1561;"Fensterheber"
"AC915";21;21;0;0;4;4;0;100;0;0;1;0;1561;"Fensterheber"
"AC939";2;2;0;0;1;1;0;100;0;0;1;0;1561;"Fensterheber"
"AC940";4;4;0;0;3;3;0;100;0;0;1;0;1561;"Fensterheber"
"AC941";4;4;0;0;1;1;0;100;0;0;1;0;1561;"Fensterheber"
"AC942";25;24;0;1;2;2;0;100;0;0;1;0;1561;"Fensterheber"
"AC963";5;4;0;1;1;1;0;100;0;0;1;0;1561;"Fensterheber"
"AC971";3;3;0;0;1;1;0;100;0;0;1;0;1561;"Fensterheber"
"ACQ0007";8;8;0;0;2;2;0;100;0;0;0;0;1561;"Fensterheber"
"ACQ0009";9;8;1;0;1;1;0;100;0;0;0;0;1561;"Fensterheber"
"ACQ0010";5;4;1;0;2;2;0;100;0;0;0;0;1561;"Fensterheber"
"ACQ0011";3;2;0;1;2;2;0;100;0;0;0;0;1561;"Fensterheber"
"ACQ0012";5;4;0;1;1;1;0;100;0;0;0;0;1561;"Fensterheber"
"ACQ0023";5;4;0;1;1;1;0;100;0;0;0;0;1561;"Fensterheber"
"ACQ0025";2;1;0;1;1;1;0;100;0;0;0;0;1561;"Fensterheber"
"ACQ0029";2;2;0;0;1;1;0;100;0;0;0;0;1561;"Fensterheber"
"ACQ0032";3;2;1;0;1;1;0;100;0;0;0;0;1561;"Fensterheber"
"ACQ0039";6;6;0;0;2;2;0;100;0;0;0;0;1561;"Fensterheber"
"ACQ0041";4;4;0;0;1;1;0;100;0;0;0;0;1561;"Fensterheber"
"ACQ0042";7;6;1;0;3;3;0;100;0;0;0;0;1561;"Fensterheber"
"ACQ0044";3;3;0;0;1;1;0;100;0;0;0;0;1561;"Fensterheber"
"ACQ0056";7;7;0;0;1;1;0;100;0;0;0;0;1561;"Fensterheber"
"ACQ0058";2;2;0;0;1;1;0;100;0;0;0;0;1561;"Fensterheber"
"ACQ0059";11;11;0;0;3;3;0;100;0;0;0;0;1561;"Fensterheber"
"ACQ0060";5;5;0;0;1;1;0;100;0;0;0;0;1561;"Fensterheber"
"ACQ0068";1;1;0;0;1;1;0;100;0;0;0;0;1561;"Fensterheber"
"ACQ0069";1;1;0;0;1;1;0;100;0;0;0;0;1561;"Fensterheber"
"ACQ0071";1;1;0;0;1;1;0;100;0;0;0;0;1561;"Fensterheber"
"ACQ0075";2;2;0;0;1;1;0;100;0;0;0;0;1561;"Fensterheber"
"ACQ0079";3;3;0;0;2;2;0;100;0;0;0;0;1561;"Fensterheber"
"ACQ0096";4;3;1;0;2;2;0;100;0;0;0;0;1561;"Fensterheber"
"ACQ0098";1;1;0;0;1;1;0;100;0;0;0;0;1561;"Fensterheber"
"ACQ0100";1;1;0;0;2;2;0;100;0;0;0;0;1561;"Fensterheber"
"ACQ0101";3;3;0;0;1;1;0;100;0;0;0;0;1561;"Fensterheber"
"ACQ0102";12;8;4;0;4;4;0;100;0;0;0;0;1561;"Fensterheber"
"ACQ0113";5;5;0;0;3;3;0;100;0;0;0;0;1561;"Fensterheber"
"ACQ0118";3;1;0;2;1;1;0;100;0;0;0;0;1561;"Fensterheber"
"ACQ0119";3;2;1;0;1;1;0;100;0;0;0;0;1561;"Fensterheber"
"ACQ0139";3;3;0;0;1;1;0;100;0;0;0;0;1561;"Fensterheber"
"ACQ0149";8;7;0;1;1;1;0;100;0;0;0;0;1561;"Fensterheber"
"ACQ0155";2;2;0;0;1;1;0;100;0;0;0;0;1561;"Fensterheber"
"ACQ0160";2;2;0;0;1;1;0;100;0;0;0;0;1561;"Fensterheber"
"ACQ0163";1;1;0;0;1;1;0;100;0;0;0;0;1561;"Fensterheber"
"ACQ0169";11;10;1;0;4;4;0;100;0;0;0;0;1561;"Fensterheber"
"ACQ0174";2;2;0;0;1;1;0;100;0;0;0;0;1561;"Fensterheber"
"ACQ0185";8;7;1;0;1;1;0;100;0;0;0;0;1561;"Fensterheber"
"ACQ0187";6;6;0;0;3;3;0;100;0;0;0;0;1561;"Fensterheber"
"ACQ0191";4;3;0;1;1;1;0;100;0;0;0;0;1561;"Fensterheber"
"ACQ0222";1;1;0;0;1;1;0;100;0;0;0;0;1561;"Fensterheber"
"ACQ0225";6;6;0;0;1;1;0;100;0;0;0;0;1561;"Fensterheber"
"ACQ0229";2;2;0;0;1;1;0;100;0;0;0;0;1561;"Fensterheber"
"ACQ0230";2;2;0;0;1;1;0;100;0;0;0;0;1561;"Fensterheber"
"ACQ0232";2;2;0;0;1;1;0;100;0;0;0;0;1561;"Fensterheber"
"ACQ0235";1;1;0;0;1;1;0;100;0;0;0;0;1561;"Fensterheber"
"ACQ0237";2;2;0;0;1;1;0;100;0;0;0;0;1561;"Fensterheber"
"ACQ0240";1;1;0;0;1;1;0;100;0;0;0;0;1561;"Fensterheber"
"ACQ0265";2;2;0;0;1;1;0;100;0;0;0;0;1561;"Fensterheber"
"ACQ0277";2;2;0;0;1;1;0;100;0;0;0;0;1561;"Fensterheber"
"ACQ0309";1;1;0;0;2;2;0;100;0;0;0;0;1561;"Fensterheber"
"ACQ0440";5;3;2;0;1;1;0;100;0;0;0;0;1561;"Fensterheber"
"ALE0042S";4;4;0;0;2;1;0;50;0;0;0;0;1561;"Fensterheber"
"ALE0087D";11;11;0;0;6;1;0;16,67;0;0;0;0;1561;"Fensterheber"
"ALE0087S";19;19;0;0;5;1;0;20;0;0;0;0;1561;"Fensterheber"
"ALE0092D";4;4;0;0;1;1;0;100;0;0;0;0;1561;"Fensterheber"
"ALE0092S";6;6;0;0;1;1;0;100;0;0;0;0;1561;"Fensterheber"
"ALE0454D";1;1;0;0;1;1;0;100;0;0;0;0;1561;"Fensterheber"
"ALE1010S";7;7;0;0;4;1;0;25;0;0;0;0;1561;"Fensterheber"
"ALR4532";4;1;0;3;1;1;0;100;1;0;0;0;1561;"Fensterheber"
"ASR1585";80;48;2;30;1;1;0;100;1;0;0;0;1561;"Fensterheber"
"ASR2472";138;115;1;22;6;6;0;100;1;0;0;0;1561;"Fensterheber"
"B000848280";6;4;0;2;1;1;0;100;1;0;1;0;1561;"Fensterheber"
"B000848480";66;60;0;6;6;4;0;66,67;1;0;1;0;1561;"Fensterheber"
"B000878280";9;4;2;3;1;1;0;100;1;0;1;0;1561;"Fensterheber"
"B000878480";9;6;0;3;1;1;0;100;1;0;1;0;1561;"Fensterheber"
"B001019380";6;4;0;2;1;1;0;100;1;0;1;1;1561;"Fensterheber"
"B001019780";37;37;0;0;3;3;0;100;1;0;1;1;1561;"Fensterheber"
"BBM458590B";8;7;0;1;1;1;0;100;1;0;0;0;1561;"Fensterheber"
"BBM459590C";15;15;0;0;1;1;0;100;1;0;1;0;1561;"Fensterheber"
"BI11062L";2;2;0;0;1;1;0;100;0;0;0;1;1561;"Fensterheber"
"BI11192R";1;1;0;0;1;1;0;100;0;0;0;1;1561;"Fensterheber"
"BI11792L";2;2;0;0;1;1;0;100;0;0;0;1;1561;"Fensterheber"
"BI18144L";1;1;0;0;1;1;0;100;0;0;0;1;1561;"Fensterheber"
"BI18284L";5;5;0;0;2;2;0;100;0;0;0;1;1561;"Fensterheber"
"BI18284R";4;3;0;1;1;1;0;100;0;0;0;1;1561;"Fensterheber"
"BI22324L";4;4;0;0;2;2;0;100;0;0;0;1;1561;"Fensterheber"
"BI22324R";5;5;0;0;1;1;0;100;0;0;0;1;1561;"Fensterheber"
"BI22354L";7;7;0;0;1;1;0;100;0;0;0;1;1561;"Fensterheber"
"BI22374R";1;1;0;0;1;1;0;100;0;0;0;1;1561;"Fensterheber"
"BI22742R";6;6;0;0;1;1;0;100;0;0;0;1;1561;"Fensterheber"
"BI24304L";3;3;0;0;1;1;0;100;0;0;0;1;1561;"Fensterheber"
"BI24304R";2;2;0;0;1;1;0;100;0;0;0;1;1561;"Fensterheber"
"BI25184L";2;1;0;1;1;1;0;100;0;0;0;1;1561;"Fensterheber"
"BI25244L";1;1;0;0;1;1;0;100;0;0;0;1;1561;"Fensterheber"
"BI31112L";8;8;0;0;1;1;0;100;0;0;0;1;1561;"Fensterheber"
"BI31112R";3;3;0;0;1;1;0;100;0;0;0;1;1561;"Fensterheber"
"BI34224L";3;3;0;0;1;1;0;100;0;0;0;1;1561;"Fensterheber"
"BI34234L";1;1;0;0;1;1;0;100;0;0;0;1;1561;"Fensterheber"
"BI54162R";3;3;0;0;2;2;0;100;0;0;0;1;1561;"Fensterheber"
"BI54214";2;0;2;0;1;1;0;100;0;0;0;0;1561;"Fensterheber"
"BI62192L";1;1;0;0;1;1;0;100;0;0;0;1;1561;"Fensterheber"
"BI62202R";1;1;0;0;1;1;0;100;0;0;0;1;1561;"Fensterheber"
"BI62296L";2;2;0;0;1;1;0;100;0;0;0;1;1561;"Fensterheber"
"BI70134L";1;1;0;0;1;1;0;100;0;0;0;1;1561;"Fensterheber"
"BI70154R";2;2;0;0;1;1;0;100;0;0;0;1;1561;"Fensterheber"
"BI70244L";1;1;0;0;1;1;0;100;0;0;0;1;1561;"Fensterheber"
"BI70274R";3;3;0;0;1;1;0;100;0;0;0;1;1561;"Fensterheber"
"BI72034L";1;1;0;0;1;1;0;100;0;0;0;1;1561;"Fensterheber"
"BI76124L";1;1;0;0;1;1;0;100;0;0;0;1;1561;"Fensterheber"
"BI80076L";1;1;0;0;1;1;0;100;0;0;0;1;1561;"Fensterheber"
"BI86174L";2;2;0;0;2;2;0;100;0;0;0;1;1561;"Fensterheber"
"BI86204L";8;8;0;0;1;1;0;100;0;0;0;1;1561;"Fensterheber"
"BI86204R";4;4;0;0;1;1;0;100;0;0;0;1;1561;"Fensterheber"
"BI86334L";7;7;0;0;1;1;0;100;0;0;0;1;1561;"Fensterheber"
"BI90052L";6;6;0;0;3;3;0;100;0;0;0;1;1561;"Fensterheber"
"BI90674L";1;1;0;0;1;1;0;100;0;0;0;1;1561;"Fensterheber"
"BM018W024";2;2;0;0;1;1;0;100;0;0;0;1;1561;"Fensterheber"
"BM024W083";3;3;0;0;1;1;0;100;0;0;0;1;1561;"Fensterheber"
"BM51A23200AD";2;2;0;0;1;1;0;100;0;0;1;0;1561;"Fensterheber"
"BP4K58590";52;45;1;6;1;1;0;100;1;0;1;0;1561;"Fensterheber"
"BP4K58590A";47;40;0;7;2;2;0;100;1;0;1;0;1561;"Fensterheber"
"BP4K59590";67;62;1;4;5;4;0;80;1;0;1;0;1561;"Fensterheber"
"BP4K59590A";53;50;0;3;9;8;0;88,89;1;0;1;0;1561;"Fensterheber"
"BP4K72590C";4;3;0;1;1;1;0;100;1;0;0;0;1561;"Fensterheber"
"BP4K73590B";5;5;0;0;1;1;0;100;1;0;0;0;1561;"Fensterheber"
"BP4K73590C";3;3;0;0;2;2;0;100;1;0;0;0;1561;"Fensterheber"
"C0002691V001";15;13;0;2;1;1;0;100;0;0;0;0;1561;"Fensterheber"
"C0002702V001";22;17;0;5;1;1;0;100;0;0;0;0;1561;"Fensterheber"
"C23572590";2;2;0;0;1;1;0;100;1;0;0;0;1561;"Fensterheber"
"C2Z15092";14;0;1;13;1;1;0;100;1;0;0;0;1561;"Fensterheber"
"C2Z31201";43;13;1;29;1;1;0;100;1;0;0;0;1561;"Fensterheber"
"CI324W024";2;2;0;0;1;1;0;100;0;0;0;1;1561;"Fensterheber"
"CS51B23201BA";1;1;0;0;2;2;0;100;0;0;1;0;1561;"Fensterheber"
"CUH000023";9;7;0;2;3;1;0;33,33;1;0;1;0;1561;"Fensterheber"
"CUH000030";31;23;0;8;2;2;0;100;1;0;1;0;1561;"Fensterheber"
"CUH000031";9;7;0;2;1;1;0;100;1;0;1;0;1561;"Fensterheber"
"CUH000032";26;25;0;1;1;1;0;100;1;0;1;0;1561;"Fensterheber"
"CUH000082";27;23;0;4;1;1;0;100;0;0;1;0;1561;"Fensterheber"
"CUH000092";42;36;1;5;1;1;0;100;0;0;1;0;1561;"Fensterheber"
"CUH000192";1;1;0;0;1;1;0;100;1;0;1;0;1561;"Fensterheber"
"CUH101910";12;11;0;1;2;2;0;100;1;0;1;0;1561;"Fensterheber"
"CUH102351";2;0;0;2;1;1;0;100;1;0;1;0;1561;"Fensterheber"
"CUR100440";9;8;0;1;1;1;0;100;0;0;0;0;1561;"Fensterheber"
"CVH101150";189;170;0;19;8;8;0;100;1;0;1;0;1561;"Fensterheber"
"CVH101200";12;11;0;1;1;1;0;100;1;0;1;0;1561;"Fensterheber"
"CVH101202";30;29;0;1;4;3;0;75;1;0;1;0;1561;"Fensterheber"
"D06166";5;5;0;0;1;1;0;100;0;0;0;1;1561;"Fensterheber"
"D65158590A";46;29;0;17;1;1;0;100;1;0;0;0;1561;"Fensterheber"
"D65158590B";17;14;0;3;2;2;0;100;1;0;0;0;1561;"Fensterheber"
"D65158590D";6;3;0;3;1;1;0;100;0;0;1;0;1561;"Fensterheber"
"D65159590A";19;10;1;8;1;1;0;100;1;0;0;0;1561;"Fensterheber"
"DD14585609A";3;2;0;1;1;1;0;100;1;0;0;0;1561;"Fensterheber"
"DD1458590B";11;9;0;2;3;3;0;100;1;0;1;0;1561;"Fensterheber"
"DD1458590C";7;5;1;1;1;1;0;100;1;0;1;0;1561;"Fensterheber"
"DD1459590A";39;17;3;19;3;3;0;100;1;0;0;0;1561;"Fensterheber"
"DD1459590B";20;14;0;6;2;2;0;100;1;0;0;0;1561;"Fensterheber"
"DD1459590C";2;2;0;0;1;1;0;100;1;0;1;0;1561;"Fensterheber"
"DD1459590D";15;15;0;0;1;1;0;100;1;0;0;0;1561;"Fensterheber"
"DN67LB";1;1;0;0;1;1;1;100;0;0;1;0;1561;"Fensterheber"
"DOG100007";8;6;2;0;4;4;0;100;0;0;0;0;1561;"Fensterheber"
"DOG100008";2;2;0;0;1;1;0;100;0;0;0;0;1561;"Fensterheber"
"DOG100019";1;1;0;0;1;1;0;100;0;0;0;0;1561;"Fensterheber"
"DOG100021";1;1;0;0;2;2;0;100;0;0;0;0;1561;"Fensterheber"
"DOG100025";1;1;0;0;1;1;0;100;0;0;0;0;1561;"Fensterheber"
"DOG100029";1;1;0;0;1;1;0;100;0;0;0;0;1561;"Fensterheber"
"DOG100074";2;2;0;0;1;1;0;100;0;0;0;0;1561;"Fensterheber"
"DOG100077";4;4;0;0;1;1;0;100;0;0;0;0;1561;"Fensterheber"
"DOG100078";4;4;0;0;2;2;0;100;0;0;0;0;1561;"Fensterheber"
"DOG100132";1;1;0;0;1;1;0;100;0;0;0;0;1561;"Fensterheber"
"DOG100143";1;1;0;0;1;1;0;100;0;0;0;0;1561;"Fensterheber"
"DOG100144";3;3;0;0;2;2;0;100;0;0;0;0;1561;"Fensterheber"
"DOG100151";1;1;0;0;1;1;0;100;0;0;0;0;1561;"Fensterheber"
"DOG100155";2;2;0;0;2;2;0;100;0;0;0;0;1561;"Fensterheber"
"DOG100201";5;5;0;0;1;1;0;100;0;0;0;0;1561;"Fensterheber"
"DOG100202";1;1;0;0;1;1;0;100;0;0;0;0;1561;"Fensterheber"
"DOG100231";10;8;2;0;5;5;0;100;0;0;0;0;1561;"Fensterheber"
"DOG100237";3;3;0;0;3;3;0;100;0;0;0;0;1561;"Fensterheber"
"DOG100275";4;4;0;0;2;2;0;100;0;0;0;0;1561;"Fensterheber"
"DOG100301";4;4;0;0;1;1;0;100;0;0;0;0;1561;"Fensterheber"
"DOG100302";4;4;0;0;1;1;0;100;0;0;0;0;1561;"Fensterheber"
"DOG100303";9;9;0;0;3;3;0;100;0;0;0;0;1561;"Fensterheber"
"DOG100305";16;16;0;0;7;7;0;100;0;0;0;0;1561;"Fensterheber"
"DOG100306";8;8;0;0;4;4;0;100;0;0;0;0;1561;"Fensterheber"
"DOG100556";6;4;2;0;4;4;0;100;0;0;0;0;1561;"Fensterheber"
"DOG100557";2;2;0;0;1;1;0;100;0;0;0;0;1561;"Fensterheber"
"DOG100591";6;5;1;0;2;2;0;100;0;0;0;0;1561;"Fensterheber"
"DOG100592";2;2;0;0;1;1;0;100;0;0;0;0;1561;"Fensterheber"
"DOG100595";14;13;1;0;4;4;0;100;0;0;0;0;1561;"Fensterheber"
"DOG100596";15;15;0;0;7;7;0;100;0;0;0;0;1561;"Fensterheber"
"DOG100621";4;4;0;0;3;3;0;100;0;0;0;0;1561;"Fensterheber"
"DOG100622";2;2;0;0;1;1;0;100;0;0;0;0;1561;"Fensterheber"
"DOG100627";4;4;0;0;1;1;0;100;0;0;0;0;1561;"Fensterheber"
"DOG100637";9;9;0;0;3;3;0;100;0;0;0;0;1561;"Fensterheber"
"DOG100697";4;4;0;0;1;1;0;100;0;0;0;0;1561;"Fensterheber"
"DOG100765";6;4;2;0;2;2;0;100;0;0;0;0;1561;"Fensterheber"
"DOG100791";1;1;0;0;1;1;0;100;0;0;0;0;1561;"Fensterheber"
"DOG100792";2;2;0;0;2;2;0;100;0;0;0;0;1561;"Fensterheber"
"DOG100793";3;3;0;0;1;1;0;100;0;0;0;0;1561;"Fensterheber"
"DOG100794";1;1;0;0;1;1;0;100;0;0;0;0;1561;"Fensterheber"
"DOG100795";2;2;0;0;1;1;0;100;0;0;0;0;1561;"Fensterheber"
"DOG100799";2;2;0;0;2;2;0;100;0;0;0;0;1561;"Fensterheber"
"DOG100800";5;5;0;0;2;2;0;100;0;0;0;0;1561;"Fensterheber"
"DOG100803";2;2;0;0;1;1;0;100;0;0;0;0;1561;"Fensterheber"
"DOG100804";1;1;0;0;1;1;0;100;0;0;0;0;1561;"Fensterheber"
"DOG100806";2;2;0;0;1;1;0;100;0;0;0;0;1561;"Fensterheber"
"DOG100810";2;2;0;0;1;1;0;100;0;0;0;0;1561;"Fensterheber"
"DOG100843";3;3;0;0;2;2;0;100;0;0;0;0;1561;"Fensterheber"
"DOG100845";9;7;2;0;3;3;0;100;0;0;0;0;1561;"Fensterheber"
"DOG100847";3;3;0;0;3;3;0;100;0;0;0;0;1561;"Fensterheber"
"DOG100848";1;1;0;0;1;1;0;100;0;0;0;0;1561;"Fensterheber"
"DOG100849";1;1;0;0;1;1;0;100;0;0;0;0;1561;"Fensterheber"
"DOG100854";4;4;0;0;2;2;0;100;0;0;0;0;1561;"Fensterheber"
"DOG100855";9;9;0;0;4;4;0;100;0;0;0;0;1561;"Fensterheber"
"DOG100856";2;2;0;0;1;1;0;100;0;0;0;0;1561;"Fensterheber"
"DOG100863";1;1;0;0;1;1;0;100;0;0;0;0;1561;"Fensterheber"
"DOG101016";1;1;0;0;1;1;0;100;0;0;0;0;1561;"Fensterheber"
"DOG101017";3;3;0;0;1;1;0;100;0;0;0;0;1561;"Fensterheber"
"DOG101029";5;5;0;0;1;1;0;100;0;0;0;0;1561;"Fensterheber"
"DOG101031";2;2;0;0;1;1;0;100;0;0;0;0;1561;"Fensterheber"
"DOG101037";2;2;0;0;1;1;0;100;0;0;0;0;1561;"Fensterheber"
"DOG101043";5;5;0;0;3;3;0;100;0;0;0;0;1561;"Fensterheber"
"DOG101050";2;2;0;0;2;2;0;100;0;0;0;0;1561;"Fensterheber"
"DOG101051";3;3;0;0;3;3;0;100;0;0;0;0;1561;"Fensterheber"
"DOG101059";4;4;0;0;1;1;0;100;0;0;0;0;1561;"Fensterheber"
"DOG101068";4;3;1;0;1;1;0;100;0;0;0;0;1561;"Fensterheber"
"DOG101079";1;1;0;0;1;1;0;100;0;0;0;0;1561;"Fensterheber"
"DOG101083";4;4;0;0;3;3;0;100;0;0;0;0;1561;"Fensterheber"
"DOG101109";1;1;0;0;1;1;0;100;0;0;0;0;1561;"Fensterheber"
"DOG101110";2;2;0;0;1;1;0;100;0;0;0;0;1561;"Fensterheber"
"DOG101130";2;2;0;0;1;1;0;100;0;0;0;0;1561;"Fensterheber"
"DOG101142";3;3;0;0;2;2;0;100;0;0;0;0;1561;"Fensterheber"
"DOG101149";5;4;1;0;1;1;0;100;0;0;0;0;1561;"Fensterheber"
"DOG101151";13;12;1;0;7;7;0;100;0;0;0;0;1561;"Fensterheber"
"DOG101153";11;10;1;0;4;4;0;100;0;0;0;0;1561;"Fensterheber"
"DOG101155";3;3;0;0;2;2;0;100;0;0;0;0;1561;"Fensterheber"
"DOG101169";4;4;0;0;1;1;0;100;0;0;0;0;1561;"Fensterheber"
"DOG101187";5;4;1;0;2;2;0;100;0;0;0;0;1561;"Fensterheber"
"DOG101189";4;4;0;0;1;1;0;100;0;0;0;0;1561;"Fensterheber"
"DOG101190";2;2;0;0;1;1;0;100;0;0;0;0;1561;"Fensterheber"
"DOG101197";1;1;0;0;1;1;0;100;0;0;0;0;1561;"Fensterheber"
"DOG101199";2;2;0;0;2;2;0;100;0;0;0;0;1561;"Fensterheber"
"DOG101202";2;2;0;0;1;1;0;100;0;0;0;0;1561;"Fensterheber"
"DOG101255";4;4;0;0;2;2;0;100;0;0;0;0;1561;"Fensterheber"
"DOG101256";1;1;0;0;1;1;0;100;0;0;0;0;1561;"Fensterheber"
"DOG101261";4;4;0;0;1;1;0;100;0;0;0;0;1561;"Fensterheber"
"DOG101279";4;4;0;0;2;2;0;100;0;0;0;0;1561;"Fensterheber"
"DOG101280";3;3;0;0;2;2;0;100;0;0;0;0;1561;"Fensterheber"
"DOG101289";2;2;0;0;1;1;0;100;0;0;0;0;1561;"Fensterheber"
"DOG101345";5;5;0;0;2;2;0;100;0;0;0;0;1561;"Fensterheber"
"DOG101378";1;1;0;0;1;1;0;100;0;0;0;0;1561;"Fensterheber"
"DOG101381";1;1;0;0;1;1;0;100;0;0;0;0;1561;"Fensterheber"
"DOG101403";3;3;0;0;1;1;0;100;0;0;0;0;1561;"Fensterheber"
"DOG101410";2;2;0;0;1;1;0;100;0;0;0;0;1561;"Fensterheber"
"DOG101434";3;3;0;0;1;1;0;100;0;0;0;0;1561;"Fensterheber"
"DOG101463";13;13;0;0;6;6;0;100;0;0;0;0;1561;"Fensterheber"
"DOG101473";1;1;0;0;1;1;0;100;0;0;0;0;1561;"Fensterheber"
"DOG101492";3;3;0;0;1;1;0;100;0;0;0;0;1561;"Fensterheber"
"DOG101493";8;8;0;0;1;1;0;100;0;0;0;0;1561;"Fensterheber"
"DOG101494";6;5;1;0;3;3;0;100;0;0;0;0;1561;"Fensterheber"
"DOG101550";3;3;0;0;1;1;0;100;0;0;0;0;1561;"Fensterheber"
"DOG101552";5;5;0;0;2;2;0;100;0;0;0;0;1561;"Fensterheber"
"DOG101555";6;6;0;0;4;4;0;100;0;0;0;0;1561;"Fensterheber"
"DOG101556";1;1;0;0;1;1;0;100;0;0;0;0;1561;"Fensterheber"
"DOG101581";6;6;0;0;2;2;0;100;0;0;0;0;1561;"Fensterheber"
"DOG101592";2;2;0;0;1;1;0;100;0;0;0;0;1561;"Fensterheber"
"DOG101596";2;2;0;0;2;2;0;100;0;0;0;0;1561;"Fensterheber"
"DOG101633";5;5;0;0;3;3;0;100;0;0;0;0;1561;"Fensterheber"
"DOG101685";11;9;2;0;3;3;0;100;0;0;0;0;1561;"Fensterheber"
"DOG101688";1;1;0;0;1;1;0;100;0;0;0;0;1561;"Fensterheber"
"DOG101693";2;2;0;0;1;1;0;100;0;0;0;0;1561;"Fensterheber"
"DOG101697";1;1;0;0;1;1;0;100;0;0;0;0;1561;"Fensterheber"
"DOG101698";3;3;0;0;2;2;0;100;0;0;0;0;1561;"Fensterheber"
"DOG101709";6;6;0;0;3;3;0;100;0;0;0;0;1561;"Fensterheber"
"DOG101710";10;10;0;0;4;4;0;100;0;0;0;0;1561;"Fensterheber"
"DOG101720";2;2;0;0;1;1;0;100;0;0;0;0;1561;"Fensterheber"
"DOG101734";4;4;0;0;1;1;0;100;0;0;0;0;1561;"Fensterheber"
"DOG101741";3;2;1;0;1;1;0;100;0;0;0;0;1561;"Fensterheber"
"DOG101755";1;1;0;0;1;1;0;100;0;0;0;0;1561;"Fensterheber"
"DOG101756";2;1;1;0;1;1;0;100;0;0;0;0;1561;"Fensterheber"
"DOG101757";1;1;0;0;1;1;0;100;0;0;0;0;1561;"Fensterheber"
"DOG101773";2;2;0;0;1;1;0;100;0;0;0;0;1561;"Fensterheber"
"DOG101811";20;19;1;0;3;3;0;100;0;0;0;0;1561;"Fensterheber"
"DOG101813";2;2;0;0;1;1;0;100;0;0;0;0;1561;"Fensterheber"
"DOG101814";4;4;0;0;2;2;0;100;0;0;0;0;1561;"Fensterheber"
"DOG101863";1;1;0;0;1;1;0;100;0;0;0;0;1561;"Fensterheber"
"DOG101864";2;2;0;0;1;1;0;100;0;0;0;0;1561;"Fensterheber"
"DOG101950";5;5;0;0;1;1;0;100;0;0;0;0;1561;"Fensterheber"
"DOG101983";2;2;0;0;2;2;0;100;0;0;0;0;1561;"Fensterheber"
"DOG101987";6;6;0;0;4;4;0;100;0;0;0;0;1561;"Fensterheber"
"DOG101988";5;5;0;0;4;4;0;100;0;0;0;0;1561;"Fensterheber"
"DOG101999";1;1;0;0;1;1;0;100;0;0;0;0;1561;"Fensterheber"
"DOG102031";2;2;0;0;1;1;0;100;0;0;0;0;1561;"Fensterheber"
"DOG102033";3;3;0;0;1;1;0;100;0;0;0;0;1561;"Fensterheber"
"DOG102034";3;3;0;0;1;1;0;100;0;0;0;0;1561;"Fensterheber"
"DOG102036";3;3;0;0;3;3;0;100;0;0;0;0;1561;"Fensterheber"
"DOG102039";3;3;0;0;2;2;0;100;0;0;0;0;1561;"Fensterheber"
"DOG102079";3;3;0;0;1;1;0;100;0;0;0;0;1561;"Fensterheber"
"DOG102089";1;1;0;0;1;1;0;100;0;0;0;0;1561;"Fensterheber"
"DOG102158";2;2;0;0;2;2;0;100;0;0;0;0;1561;"Fensterheber"
"DOG102193";2;2;0;0;1;1;0;100;0;0;0;0;1561;"Fensterheber"
"DOG102218";2;2;0;0;1;1;0;100;0;0;0;0;1561;"Fensterheber"
"DOG102221";5;5;0;0;2;2;0;100;0;0;0;0;1561;"Fensterheber"
"DOG102249";2;2;0;0;1;1;0;100;0;0;0;0;1561;"Fensterheber"
"DOG102287";1;1;0;0;1;1;0;100;0;0;0;0;1561;"Fensterheber"
"DOG102314";1;1;0;0;1;1;0;100;0;0;0;0;1561;"Fensterheber"
"DOG102350";5;5;0;0;1;1;0;100;0;0;0;0;1561;"Fensterheber"
"DOG102370";1;1;0;0;1;1;0;100;0;0;0;0;1561;"Fensterheber"
"DOG102435";11;10;1;0;2;2;0;100;0;0;0;0;1561;"Fensterheber"
"DOG102772";3;3;0;0;2;2;0;100;0;0;0;0;1561;"Fensterheber"
"DOG102786";3;3;0;0;1;1;0;100;0;0;0;0;1561;"Fensterheber"
"DOG102871";1;1;0;0;1;1;0;100;0;0;0;0;1561;"Fensterheber"
"DOG102888";1;1;0;0;1;1;0;100;0;0;0;0;1561;"Fensterheber"
"DOG102916";3;3;0;0;1;1;0;100;0;0;0;0;1561;"Fensterheber"
"DOG102945";2;2;0;0;2;2;0;100;0;0;0;0;1561;"Fensterheber"
"DOG102953";1;1;0;0;1;1;0;100;0;0;0;0;1561;"Fensterheber"
"DOG102969";5;4;1;0;1;1;0;100;0;0;0;0;1561;"Fensterheber"
"DOG102979";5;5;0;0;2;2;0;100;0;0;0;0;1561;"Fensterheber"
"DOG102995";4;4;0;0;1;1;0;100;0;0;0;0;1561;"Fensterheber"
"DOG103031";1;1;0;0;1;1;0;100;0;0;0;0;1561;"Fensterheber"
"DOG103047";1;1;0;0;1;1;0;100;0;0;0;0;1561;"Fensterheber"
"DOG103053";2;2;0;0;1;1;0;100;0;0;0;0;1561;"Fensterheber"
"DOG103054";1;1;0;0;1;1;0;100;0;0;0;0;1561;"Fensterheber"
"DOG103074";1;1;0;0;1;1;0;100;0;0;0;0;1561;"Fensterheber"
"DOG103153";1;1;0;0;1;1;0;100;0;0;0;0;1561;"Fensterheber"
"DOG110049";2;2;0;0;1;1;0;100;0;0;0;0;1561;"Fensterheber"
"DOG110153";2;1;1;0;1;1;0;100;0;0;0;0;1561;"Fensterheber"
"DOG110248";2;2;0;0;1;1;0;100;0;0;0;0;1561;"Fensterheber"
"E5920502262";1;1;0;0;1;1;0;100;0;0;0;0;1561;"Fensterheber"
"E5920905263";1;1;0;0;1;1;0;100;0;0;0;0;1561;"Fensterheber"
"E592109142";1;1;0;0;1;1;0;100;0;0;0;0;1561;"Fensterheber"
"E592175794";2;2;0;0;2;2;0;100;0;0;0;0;1561;"Fensterheber"
"E592175795";4;4;0;0;4;4;0;100;0;0;0;0;1561;"Fensterheber"
"E592850448";1;1;0;0;1;1;0;100;0;0;0;0;1561;"Fensterheber"
"E592850524";1;1;0;0;1;1;0;100;0;0;0;0;1561;"Fensterheber"
"E592850580";1;1;0;0;1;1;0;100;0;0;0;0;1561;"Fensterheber"
"E592850585";2;2;0;0;1;1;0;100;0;0;0;0;1561;"Fensterheber"
"E592850724";1;1;0;0;1;1;0;100;0;0;0;0;1561;"Fensterheber"
"E592850725";2;2;0;0;1;1;0;100;0;0;0;0;1561;"Fensterheber"
"E592850905";1;1;0;0;1;1;0;100;0;0;0;0;1561;"Fensterheber"
"E592851274";2;2;0;0;2;2;0;100;0;0;0;0;1561;"Fensterheber"
"E592851315";2;2;0;0;1;1;0;100;0;0;0;0;1561;"Fensterheber"
"E592852628";1;1;0;0;1;1;0;100;0;0;0;0;1561;"Fensterheber"
"E592A520893";2;2;0;0;1;1;0;100;0;0;0;0;1561;"Fensterheber"
"E592LTVK741R";1;1;0;0;1;1;0;100;0;0;0;0;1561;"Fensterheber"
"E592V107605";2;2;0;0;1;1;0;100;0;0;0;0;1561;"Fensterheber"
"EG2158590B";90;41;2;47;2;1;0;50;1;0;0;0;1561;"Fensterheber"
"EG2159590B";58;25;2;31;2;1;0;50;1;0;0;0;1561;"Fensterheber"
"EJD100005";3;3;0;0;1;1;0;100;0;0;0;0;1561;"Fensterheber"
"EJD100021";6;6;0;0;2;2;0;100;0;0;0;0;1561;"Fensterheber"
"EJD100068";1;1;0;0;1;1;0;100;0;0;0;0;1561;"Fensterheber"
"EJD100075";3;3;0;0;1;1;0;100;0;0;0;0;1561;"Fensterheber"
"EJD100079";1;1;0;0;1;1;0;100;0;0;0;0;1561;"Fensterheber"
"EJD100080";2;2;0;0;1;1;0;100;0;0;0;0;1561;"Fensterheber"
"EJD100098";1;1;0;0;1;1;0;100;0;0;0;0;1561;"Fensterheber"
"EJD100165";3;3;0;0;1;1;0;100;0;0;0;0;1561;"Fensterheber"
"EJD100303";2;2;0;0;1;1;0;100;0;0;0;0;1561;"Fensterheber"
"EJD100329";2;2;0;0;1;1;0;100;0;0;0;0;1561;"Fensterheber"
"EJD100396";3;3;0;0;1;1;0;100;0;0;0;0;1561;"Fensterheber"
"EJD100437";1;1;0;0;1;1;0;100;0;0;0;0;1561;"Fensterheber"
"EJD100591";5;5;0;0;1;1;0;100;0;0;0;0;1561;"Fensterheber"
"EJD100592";6;6;0;0;1;1;0;100;0;0;0;0;1561;"Fensterheber"
"EJD100695";5;5;0;0;1;1;0;100;0;0;0;0;1561;"Fensterheber"
"EJD100792";1;1;0;0;1;1;0;100;0;0;0;0;1561;"Fensterheber"
"EJD100834";1;1;0;0;1;1;0;100;0;0;0;0;1561;"Fensterheber"
"EJD100864";3;3;0;0;1;1;0;100;0;0;0;0;1561;"Fensterheber"
"EJD101033";2;2;0;0;1;1;0;100;0;0;0;0;1561;"Fensterheber"
"EJD101034";1;1;0;0;1;1;0;100;0;0;0;0;1561;"Fensterheber"
"EJD101121";4;3;1;0;1;1;0;100;0;0;0;0;1561;"Fensterheber"
"EJD101122";1;1;0;0;1;1;0;100;0;0;0;0;1561;"Fensterheber"
"EJD101129";3;3;0;0;1;1;0;100;0;0;0;0;1561;"Fensterheber"
"EJD101130";2;2;0;0;1;1;0;100;0;0;0;0;1561;"Fensterheber"
"EJD101142";2;2;0;0;1;1;0;100;0;0;0;0;1561;"Fensterheber"
"EJD101199";2;2;0;0;1;1;0;100;0;0;0;0;1561;"Fensterheber"
"EJD101273";1;1;0;0;1;1;0;100;0;0;0;0;1561;"Fensterheber"
"EJD101274";2;2;0;0;2;2;0;100;0;0;0;0;1561;"Fensterheber"
"EJD101507";2;2;0;0;1;1;0;100;0;0;0;0;1561;"Fensterheber"
"EJD101509";1;1;0;0;1;1;0;100;0;0;0;0;1561;"Fensterheber"
"EJD101741";4;4;0;0;1;1;0;100;0;0;0;0;1561;"Fensterheber"
"EJD102349";1;1;0;0;1;1;0;100;0;0;0;0;1561;"Fensterheber"
"EJD110050";2;2;0;0;1;1;0;100;0;0;0;0;1561;"Fensterheber"
"EJL60090700";4;4;0;0;1;1;1;100;0;0;0;0;1561;"Fensterheber"
"EJL60400370";1;1;0;0;1;1;1;100;0;0;0;0;1561;"Fensterheber"
"EJL60500530";7;7;0;0;1;1;1;100;0;0;0;0;1561;"Fensterheber"
"EJL60805390";1;1;0;0;1;1;1;100;0;0;0;0;1561;"Fensterheber"
"EJL60805510";1;1;0;0;1;1;1;100;0;0;0;0;1561;"Fensterheber"
"EJL60805540";2;2;0;0;1;1;1;100;0;0;0;0;1561;"Fensterheber"
"EJL60806500";3;3;0;0;1;1;1;100;0;0;0;0;1561;"Fensterheber"
"EJL60807960";2;2;0;0;2;2;2;100;0;0;0;0;1561;"Fensterheber"
"EJL60808050";1;1;0;0;1;1;1;100;0;0;0;0;1561;"Fensterheber"
"EJL60808430";5;5;0;0;1;1;1;100;0;0;0;0;1561;"Fensterheber"
"EJL60808510";2;2;0;0;1;1;1;100;0;0;0;0;1561;"Fensterheber"
"EJL60810150";2;2;0;0;1;1;1;100;0;0;0;0;1561;"Fensterheber"
"EJL60810300";1;1;0;0;1;1;1;100;0;0;0;0;1561;"Fensterheber"
"EJL60813070";1;1;0;0;1;1;1;100;0;0;0;0;1561;"Fensterheber"
"EJL60816930";1;1;0;0;1;1;1;100;0;0;0;0;1561;"Fensterheber"
"EPSBM029";3;1;2;0;1;1;0;100;0;0;0;1;1561;"Fensterheber"
"EPSBM072";9;9;0;0;1;1;0;100;0;0;0;1;1561;"Fensterheber"
"EPSCH007";3;2;0;1;1;1;0;100;0;0;0;1;1561;"Fensterheber"
"EPSCH014";2;1;0;1;1;1;0;100;0;0;0;1;1561;"Fensterheber"
"EPSCH019S";2;2;0;0;1;1;0;100;0;0;0;1;1561;"Fensterheber"
"EPSCH029S";6;4;0;2;1;1;0;100;0;0;0;1;1561;"Fensterheber"
"EPSCH031S";9;6;0;3;1;1;0;100;0;0;0;1;1561;"Fensterheber"
"EPSCH032S";1;1;0;0;1;1;0;100;0;0;0;1;1561;"Fensterheber"
"EPSHD003";8;5;0;3;1;1;0;100;0;0;0;1;1561;"Fensterheber"
"EPSHD018";7;3;1;3;1;1;0;100;0;0;0;1;1561;"Fensterheber"
"EPSHD019";3;3;0;0;1;1;0;100;0;0;0;1;1561;"Fensterheber"
"EPSLR000";1;1;0;0;1;1;0;100;0;0;0;1;1561;"Fensterheber"
"EPSRE016";5;5;0;0;1;1;0;100;0;0;0;1;1561;"Fensterheber"
"EPSSE022";4;4;0;0;1;1;0;100;0;0;0;1;1561;"Fensterheber"
"EPSSE023";5;3;0;2;1;1;0;100;0;0;0;1;1561;"Fensterheber"
"EPSTY005";5;5;0;0;1;1;0;100;0;0;0;1;1561;"Fensterheber"
"EPSVW001";10;10;0;0;1;1;0;100;0;0;0;0;1561;"Fensterheber"
"EPSVW003";2;2;0;0;1;1;0;100;0;0;0;0;1561;"Fensterheber"
"EPSVW031";1;1;0;0;1;1;0;100;0;0;0;0;1561;"Fensterheber"
"EPSVW081";5;5;0;0;1;1;0;100;0;0;0;0;1561;"Fensterheber"
"ES51B23200BA";5;5;0;0;1;1;0;100;0;0;1;0;1561;"Fensterheber"
"ES51B23201BA";9;9;0;0;1;1;0;100;0;0;1;0;1561;"Fensterheber"
"EW141260038";1;1;0;0;1;1;0;100;0;0;0;0;1561;"Fensterheber"
"EWSRE005";39;28;0;11;3;1;0;33,33;0;0;0;0;1561;"Fensterheber"
"F1001120";3;1;2;0;1;1;0;100;0;0;0;0;1561;"Fensterheber"
"FB3060";1;1;0;0;1;1;0;100;0;0;0;0;1561;"Fensterheber"
"FB4095";3;3;0;0;1;1;0;100;0;0;0;0;1561;"Fensterheber"
"FB4141";3;1;2;0;1;1;0;100;0;0;0;0;1561;"Fensterheber"
"FE103771";3;3;0;0;1;1;0;100;0;0;0;0;1561;"Fensterheber"
"FE109512";5;3;2;0;1;1;0;100;0;0;0;0;1561;"Fensterheber"
"FE170214";2;2;0;0;1;1;0;100;0;0;0;0;1561;"Fensterheber"
"FE175443";10;10;0;0;3;3;0;100;0;0;0;0;1561;"Fensterheber"
"FE175445";11;11;0;0;6;6;0;100;0;0;0;0;1561;"Fensterheber"
"FE175462";4;4;0;0;1;1;0;100;0;0;0;0;1561;"Fensterheber"
"FE175585";6;6;0;0;1;1;0;100;0;0;0;0;1561;"Fensterheber"
"FE175586";6;6;0;0;2;2;0;100;0;0;0;0;1561;"Fensterheber"
"FE175665";6;6;0;0;1;1;0;100;0;0;0;0;1561;"Fensterheber"
"FE175667";13;13;0;0;4;4;0;100;0;0;0;0;1561;"Fensterheber"
"FE175794";12;12;0;0;8;8;0;100;0;0;0;0;1561;"Fensterheber"
"FE175795";7;6;0;1;3;3;0;100;0;0;0;0;1561;"Fensterheber"
"FE176300";6;6;0;0;3;3;0;100;0;0;0;0;1561;"Fensterheber"
"FE176302";4;4;0;0;2;2;0;100;0;0;0;0;1561;"Fensterheber"
"FE176487";11;9;1;1;6;6;0;100;0;0;0;0;1561;"Fensterheber"
"FE176630";7;7;0;0;3;3;0;100;0;0;0;0;1561;"Fensterheber"
"FE176631";2;1;1;0;1;1;0;100;0;0;0;0;1561;"Fensterheber"
"FE177098";6;6;0;0;4;4;0;100;0;0;0;0;1561;"Fensterheber"
"FE177099";14;14;0;0;8;8;0;100;0;0;0;0;1561;"Fensterheber"
"FE177107";6;6;0;0;3;3;0;100;0;0;0;0;1561;"Fensterheber"
"FE177111";1;1;0;0;1;1;0;100;0;0;0;0;1561;"Fensterheber"
"FE177827";5;5;0;0;2;2;0;100;0;0;0;0;1561;"Fensterheber"
"FE177828";7;7;0;0;4;4;0;100;0;0;0;0;1561;"Fensterheber"
"FE179304";8;8;0;0;5;5;0;100;0;0;0;0;1561;"Fensterheber"
"FE179305";8;8;0;0;3;3;0;100;0;0;0;0;1561;"Fensterheber"
"FE180216";3;1;0;2;1;1;0;100;0;0;0;0;1561;"Fensterheber"
"FE180249";5;5;0;0;1;1;0;100;0;0;0;0;1561;"Fensterheber"
"FE180250";14;14;0;0;6;6;0;100;0;0;0;0;1561;"Fensterheber"
"FE180252";9;9;0;0;5;5;0;100;0;0;0;0;1561;"Fensterheber"
"FE180261";1;1;0;0;1;1;0;100;0;0;0;0;1561;"Fensterheber"
"FE180313";1;1;0;0;1;1;0;100;0;0;0;0;1561;"Fensterheber"
"FE27346";2;2;0;0;2;2;0;100;0;0;0;0;1561;"Fensterheber"
"FE27392";1;1;0;0;1;1;0;100;0;0;0;0;1561;"Fensterheber"
"FE27393";2;2;0;0;2;2;0;100;0;0;0;0;1561;"Fensterheber"
"FE49908";2;2;0;0;1;1;0;100;0;0;0;0;1561;"Fensterheber"
"FEBI175665";2;2;0;0;1;1;0;100;0;0;0;0;1561;"Fensterheber"
"FEBI175794";1;1;0;0;1;1;0;100;0;0;0;0;1561;"Fensterheber"
"FEBI175795";2;2;0;0;1;1;0;100;0;0;0;0;1561;"Fensterheber"
"FEBI176487";1;1;0;0;1;1;0;100;0;0;0;0;1561;"Fensterheber"
"FEBI177827";1;1;0;0;1;1;0;100;0;0;0;0;1561;"Fensterheber"
"FR45LB";1;1;0;0;1;1;0;100;0;0;1;0;1561;"Fensterheber"
"FT00276";1;1;0;0;1;1;0;100;0;0;0;1;1561;"Fensterheber"
"FT040W026";3;3;0;0;1;1;0;100;0;0;0;1;1561;"Fensterheber"
"FT342W011";7;7;0;0;1;1;0;100;0;0;0;1;1561;"Fensterheber"
"FT342W022";3;3;0;0;1;1;0;100;0;0;0;1;1561;"Fensterheber"
"FT448W024";2;0;0;2;1;1;0;100;0;0;0;1;1561;"Fensterheber"
"FT907W012";3;3;0;0;5;5;0;100;0;0;0;1;1561;"Fensterheber"
"FT908W026";1;1;0;0;1;1;0;100;0;0;0;1;1561;"Fensterheber"
"FT91701";13;5;0;8;1;1;0;100;0;0;0;1;1561;"Fensterheber"
"FT91876FAT";2;2;0;0;1;1;0;100;0;0;0;0;1561;"Fensterheber"
"FT91924";8;5;0;3;1;1;0;100;0;0;0;1;1561;"Fensterheber"
"FT91932";7;6;0;1;1;1;0;100;0;0;0;1;1561;"Fensterheber"
"FT91946";7;7;0;0;1;1;0;100;0;0;0;1;1561;"Fensterheber"
"G22C5858XF";310;218;0;92;5;5;0;100;0;0;0;0;1561;"Fensterheber"
"GJ6A58590F";7;7;0;0;1;1;0;100;1;0;1;0;1561;"Fensterheber"
"GJ6A5958X";95;55;3;37;6;5;0;83,33;0;0;0;0;1561;"Fensterheber"
"GJ6A5958XF";288;197;1;90;10;4;0;40;0;0;0;0;1561;"Fensterheber"
"GJ6A59590A";3;3;0;0;1;1;0;100;1;0;0;0;1561;"Fensterheber"
"GJ6A72590A";5;2;0;3;1;1;0;100;1;0;0;0;1561;"Fensterheber"
"GJ6A73590G";7;5;0;2;1;1;0;100;1;0;1;0;1561;"Fensterheber"
"GJ6A−59−58XF";1;1;0;0;1;1;0;100;0;0;0;0;1561;"Fensterheber"
"GS1D59590";5;5;0;0;1;1;0;100;1;0;0;0;1561;"Fensterheber"
"GS1D59590A";18;14;0;4;1;1;0;100;1;0;1;0;1561;"Fensterheber"
"HP104045";6;3;3;0;1;1;0;100;0;0;0;0;1561;"Fensterheber"
"HP104098";4;3;1;0;1;1;0;100;0;0;0;0;1561;"Fensterheber"
"HP108671";1;1;0;0;1;1;0;100;0;0;0;0;1561;"Fensterheber"
"HP110559";5;4;1;0;1;1;0;100;0;0;0;0;1561;"Fensterheber"
"HP111257";1;1;0;0;1;1;0;100;0;0;0;0;1561;"Fensterheber"
"HP111258";2;2;0;0;1;1;0;100;0;0;0;0;1561;"Fensterheber"
"HP111266";1;1;0;0;1;1;0;100;0;0;0;0;1561;"Fensterheber"
"HP114708";1;1;0;0;1;1;0;100;0;0;0;0;1561;"Fensterheber"
"HP501822";1;1;0;0;1;1;0;100;0;0;0;0;1561;"Fensterheber"
"HP502092";1;1;0;0;1;1;0;100;0;0;0;0;1561;"Fensterheber"
"HR514010";17;14;0;3;1;1;1;100;0;0;1;0;1561;"Fensterheber"
"J9C3277";20;2;7;11;1;1;0;100;1;0;0;0;1561;"Fensterheber"
"J9C3280";12;1;1;10;1;1;0;100;1;0;0;0;1561;"Fensterheber"
"K04894527AA";4;4;0;0;1;1;0;100;0;0;0;1;1561;"Fensterheber"
"L000043";6;6;0;0;2;2;0;100;0;0;0;1;1561;"Fensterheber"
"L000044";8;7;0;1;1;1;0;100;0;0;0;1;1561;"Fensterheber"
"L000087";1;1;0;0;1;1;0;100;0;0;0;1;1561;"Fensterheber"
"LA002W012";1;1;0;0;1;1;0;100;0;0;0;1;1561;"Fensterheber"
"LIFFT97L";1;1;0;0;1;1;0;100;0;0;0;0;1561;"Fensterheber"
"LR006372";55;51;0;4;5;3;1;60;1;0;1;0;1561;"Fensterheber"
"LR006373";20;19;0;1;1;1;0;100;1;0;1;0;1561;"Fensterheber"
"LR032027";3;3;0;0;1;1;0;100;1;0;0;0;1561;"Fensterheber"
"LR077816";26;19;1;6;3;2;0;66,67;1;0;0;0;1561;"Fensterheber"
"LR077817";20;16;0;4;2;1;0;50;1;0;0;0;1561;"Fensterheber"
"LR078870";67;47;0;20;3;3;0;100;1;0;0;0;1561;"Fensterheber"
"LR083210";45;21;1;23;2;1;0;50;1;0;0;0;1561;"Fensterheber"
"LR153952";20;17;0;3;1;1;0;100;0;0;0;0;1561;"Fensterheber"
"LR153954";57;35;0;22;2;2;0;100;0;0;0;0;1561;"Fensterheber"
"LR153956";11;3;0;8;2;2;0;100;0;0;0;0;1561;"Fensterheber"
"LR153959";22;9;0;13;2;2;0;100;0;0;0;0;1561;"Fensterheber"
"LR153960";16;7;0;9;2;2;0;100;0;0;0;0;1561;"Fensterheber"
"LSB1354";1;1;0;0;1;1;0;100;0;0;0;0;1561;"Fensterheber"
"LTAA41L";1;1;0;0;1;1;0;100;0;0;1;1;1561;"Fensterheber"
"LTAA48L";4;4;0;0;1;1;0;100;0;0;1;1;1561;"Fensterheber"
"LTAA701L";4;4;0;0;1;1;0;100;0;0;1;1;1561;"Fensterheber"
"LTAA701R";10;8;0;2;2;2;0;100;0;0;1;1;1561;"Fensterheber"
"LTAA702R";1;1;0;0;1;1;0;100;0;0;1;1;1561;"Fensterheber"
"LTAD701R";4;4;0;0;2;2;0;100;0;0;1;1;1561;"Fensterheber"
"LTAD703L";13;12;0;1;6;6;1;100;0;0;1;1;1561;"Fensterheber"
"LTAD703R";12;10;0;2;3;3;0;100;0;0;1;1;1561;"Fensterheber"
"LTAD704L";3;3;0;0;1;1;0;100;0;0;1;1;1561;"Fensterheber"
"LTAD707L";6;6;0;0;2;2;0;100;0;0;1;1;1561;"Fensterheber"
"LTAD708L";9;8;0;1;1;1;0;100;0;0;1;1;1561;"Fensterheber"
"LTAD709L";3;3;0;0;1;1;0;100;0;0;1;1;1561;"Fensterheber"
"LTAD709R";3;3;0;0;1;1;0;100;0;0;1;1;1561;"Fensterheber"
"LTAD711L";2;2;0;0;1;1;0;100;0;0;1;1;1561;"Fensterheber"
"LTAD711R";7;7;0;0;2;2;0;100;0;0;1;1;1561;"Fensterheber"
"LTAD718L";3;3;0;0;1;1;0;100;0;0;1;1;1561;"Fensterheber"
"LTAD718R";3;3;0;0;1;1;0;100;0;0;1;1;1561;"Fensterheber"
"LTAD720L";8;5;0;3;1;1;0;100;0;0;1;1;1561;"Fensterheber"
"LTAD735R";3;3;0;0;1;1;0;100;0;0;0;1;1561;"Fensterheber"
"LTAD744L";1;1;0;0;1;1;0;100;0;0;0;1;1561;"Fensterheber"
"LTBM31R";4;4;0;0;1;1;0;100;0;0;1;1;1561;"Fensterheber"
"LTBM33R";3;3;0;0;1;1;0;100;0;0;1;1;1561;"Fensterheber"
"LTBM703L";9;9;0;0;7;7;0;100;0;0;1;1;1561;"Fensterheber"
"LTBM703R";11;10;0;1;5;5;1;100;0;0;1;1;1561;"Fensterheber"
"LTBM704L";1;1;0;0;2;2;0;100;0;0;1;1;1561;"Fensterheber"
"LTBM704R";5;5;0;0;2;2;0;100;0;0;1;1;1561;"Fensterheber"
"LTBM706R";5;5;0;0;4;4;0;100;0;0;1;1;1561;"Fensterheber"
"LTBM708L";6;6;0;0;3;3;0;100;0;0;1;1;1561;"Fensterheber"
"LTBM708R";10;10;0;0;5;5;1;100;0;0;1;1;1561;"Fensterheber"
"LTBM711L";5;5;0;0;1;1;0;100;0;0;1;1;1561;"Fensterheber"
"LTBM718L";8;8;0;0;4;4;0;100;0;0;1;1;1561;"Fensterheber"
"LTBM728L";3;3;0;0;2;2;1;100;0;0;1;1;1561;"Fensterheber"
"LTBM730L";1;1;0;0;1;1;0;100;0;0;0;1;1561;"Fensterheber"
"LTBM730R";1;1;0;0;1;1;0;100;0;0;0;1;1561;"Fensterheber"
"LTBM731R";2;2;0;0;1;1;0;100;0;0;0;1;1561;"Fensterheber"
"LTBMO37LC";12;11;0;1;1;1;0;100;0;0;1;1;1561;"Fensterheber"
"LTBMO37RC";5;5;0;0;1;1;0;100;0;0;1;1;1561;"Fensterheber"
"LTCT07LB";4;4;0;0;1;1;0;100;0;0;1;1;1561;"Fensterheber"
"LTCT11LB";2;2;0;0;1;1;0;100;0;0;1;1;1561;"Fensterheber"
"LTCT22L";19;17;0;2;2;2;0;100;0;0;1;1;1561;"Fensterheber"
"LTCT42L";2;1;0;1;1;1;0;100;0;0;1;1;1561;"Fensterheber"
"LTCT42R";8;8;0;0;2;2;0;100;0;0;1;1;1561;"Fensterheber"
"LTCT47L";3;3;0;0;1;1;1;100;0;0;1;1;1561;"Fensterheber"
"LTCT54R";5;5;0;0;1;1;0;100;0;0;1;1;1561;"Fensterheber"
"LTCT703R";1;1;0;0;1;1;0;100;0;0;1;1;1561;"Fensterheber"
"LTCT705L";3;3;0;0;1;1;0;100;0;0;1;1;1561;"Fensterheber"
"LTCT708L";2;2;0;0;1;1;0;100;0;0;1;1;1561;"Fensterheber"
"LTCT714L";11;10;0;1;3;3;0;100;0;0;1;1;1561;"Fensterheber"
"LTCT714R";4;4;0;0;2;2;1;100;0;0;1;1;1561;"Fensterheber"
"LTCT717L";4;4;0;0;1;1;0;100;0;0;1;1;1561;"Fensterheber"
"LTCT717R";6;6;0;0;3;3;0;100;0;0;1;1;1561;"Fensterheber"
"LTCT719L";5;5;0;0;2;2;0;100;0;0;1;1;1561;"Fensterheber"
"LTCT720R";7;7;0;0;1;1;0;100;0;0;1;1;1561;"Fensterheber"
"LTCT722L";9;8;0;1;3;3;0;100;0;0;1;1;1561;"Fensterheber"
"LTCT722R";9;7;0;2;3;3;1;100;0;0;1;1;1561;"Fensterheber"
"LTCT724L";4;4;0;0;2;2;0;100;0;0;1;1;1561;"Fensterheber"
"LTCT724R";3;3;0;0;2;2;0;100;0;0;1;1;1561;"Fensterheber"
"LTCT725L";9;9;0;0;4;4;0;100;0;0;1;1;1561;"Fensterheber"
"LTCT725R";2;1;0;1;1;1;0;100;0;0;1;1;1561;"Fensterheber"
"LTCT726L";4;4;0;0;1;1;0;100;0;0;0;1;1561;"Fensterheber"
"LTCT726R";3;3;0;0;2;2;0;100;0;0;0;1;1561;"Fensterheber"
"LTCTO55LC";5;5;0;0;1;1;0;100;0;0;1;1;1561;"Fensterheber"
"LTDN100L";7;7;0;0;1;1;0;100;0;0;1;1;1561;"Fensterheber"
"LTDN108L";1;1;0;0;1;1;0;100;0;0;0;1;1561;"Fensterheber"
"LTDN59L";5;5;0;0;2;2;0;100;0;0;1;1;1561;"Fensterheber"
"LTDN703L";2;2;0;0;1;1;0;100;0;0;1;1;1561;"Fensterheber"
"LTDN70L";1;1;0;0;1;1;0;100;0;0;1;1;1561;"Fensterheber"
"LTDN75L";1;1;0;0;1;1;0;100;0;0;1;1;1561;"Fensterheber"
"LTDW11L";4;4;0;0;1;1;0;100;0;0;1;1;1561;"Fensterheber"
"LTFR55R";1;1;0;0;1;1;0;100;0;0;1;1;1561;"Fensterheber"
"LTFR61R";3;2;0;1;1;1;0;100;0;0;1;1;1561;"Fensterheber"
"LTFR62L";13;13;0;0;4;4;0;100;0;0;1;1;1561;"Fensterheber"
"LTFR709R";3;3;0;0;1;1;1;100;0;0;1;1;1561;"Fensterheber"
"LTFR717L";1;1;0;0;1;1;0;100;0;0;1;1;1561;"Fensterheber"
"LTFR81L";2;2;0;0;1;1;0;100;0;0;1;1;1561;"Fensterheber"
"LTFT138L";7;4;0;3;5;5;0;100;0;0;0;1;1561;"Fensterheber"
"LTFT138R";1;1;0;0;1;1;0;100;0;0;0;1;1561;"Fensterheber"
"LTFT62LB";3;3;0;0;1;1;0;100;0;0;1;1;1561;"Fensterheber"
"LTFT62RB";2;2;0;0;1;1;0;100;0;0;1;1;1561;"Fensterheber"
"LTFT707L";16;16;0;0;11;11;1;100;0;0;1;1;1561;"Fensterheber"
"LTFT707R";8;8;0;0;2;2;0;100;0;0;1;1;1561;"Fensterheber"
"LTFT724L";20;16;0;4;3;3;0;100;0;0;0;1;1561;"Fensterheber"
"LTFT725R";5;3;0;2;1;1;0;100;0;0;0;1;1561;"Fensterheber"
"LTFT72R";8;8;0;0;1;1;0;100;0;0;1;1;1561;"Fensterheber"
"LTFT82L";3;3;0;0;2;2;0;100;0;0;1;1;1561;"Fensterheber"
"LTFT909L";13;13;0;0;2;2;0;100;0;0;1;1;1561;"Fensterheber"
"LTFT909R";35;35;0;0;4;4;0;100;0;0;1;1;1561;"Fensterheber"
"LTFT90R";5;5;0;0;2;2;0;100;0;0;1;1;1561;"Fensterheber"
"LTFT915L";1;1;0;0;1;1;0;100;0;0;0;1;1561;"Fensterheber"
"LTFT92R";2;2;0;0;1;1;0;100;0;0;1;1;1561;"Fensterheber"
"LTFTO132LC";2;2;0;0;1;1;1;100;0;0;1;1;1561;"Fensterheber"
"LTGM106L";5;5;0;0;1;1;1;100;0;0;1;1;1561;"Fensterheber"
"LTHD51R";2;2;0;0;1;1;0;100;0;0;1;1;1561;"Fensterheber"
"LTHD54R";4;4;0;0;1;1;0;100;0;0;1;1;1561;"Fensterheber"
"LTHD61L";9;8;0;1;2;2;0;100;0;0;1;1;1561;"Fensterheber"
"LTHD61R";4;4;0;0;2;2;0;100;0;0;1;1;1561;"Fensterheber"
"LTHD68R";7;7;0;0;1;1;0;100;0;0;0;1;1561;"Fensterheber"
"LTHD704R";2;2;0;0;1;1;0;100;0;0;0;1;1561;"Fensterheber"
"LTHDO52LC";6;4;0;2;1;1;0;100;0;0;1;1;1561;"Fensterheber"
"LTHDO54RC";4;3;1;0;1;1;0;100;0;0;0;1;1561;"Fensterheber"
"LTHDO62LC";24;23;0;1;5;5;0;100;0;0;1;1;1561;"Fensterheber"
"LTHDO68LC";8;7;0;1;2;2;0;100;0;0;0;1;1561;"Fensterheber"
"LTHY12RB";1;1;0;0;1;1;0;100;0;0;1;1;1561;"Fensterheber"
"LTHY19R";2;2;0;0;1;1;0;100;0;0;1;1;1561;"Fensterheber"
"LTHY29L";2;2;0;0;1;1;0;100;0;0;1;1;1561;"Fensterheber"
"LTJE22L";2;2;0;0;1;1;0;100;0;0;1;1;1561;"Fensterheber"
"LTJE23L";3;2;0;1;1;1;0;100;0;0;1;1;1561;"Fensterheber"
"LTJG706L";2;1;1;0;1;1;0;100;0;0;0;1;1561;"Fensterheber"
"LTKA12L";4;3;0;1;1;1;0;100;0;0;1;1;1561;"Fensterheber"
"LTKA701L";6;6;0;0;2;2;0;100;0;0;1;1;1561;"Fensterheber"
"LTKA701R";1;1;0;0;1;1;0;100;0;0;1;1;1561;"Fensterheber"
"LTKA711L";7;6;0;1;2;2;0;100;0;0;0;1;1561;"Fensterheber"
"LTKA711R";12;8;2;2;5;5;0;100;0;0;0;1;1561;"Fensterheber"
"LTLN31L";4;1;0;3;1;1;0;100;0;0;1;1;1561;"Fensterheber"
"LTLN31R";3;3;0;0;3;3;1;100;0;0;1;1;1561;"Fensterheber"
"LTLR12L";7;6;0;1;2;2;0;100;0;0;1;1;1561;"Fensterheber"
"LTLR15L";3;3;0;0;1;1;0;100;0;0;1;1;1561;"Fensterheber"
"LTLR701L";1;1;0;0;1;1;0;100;0;0;0;1;1561;"Fensterheber"
"LTMA44L";2;2;0;0;1;1;0;100;0;0;0;1;1561;"Fensterheber"
"LTME08RB";3;3;0;0;1;1;0;100;0;0;1;1;1561;"Fensterheber"
"LTME34L";9;9;0;0;2;2;0;100;0;0;1;1;1561;"Fensterheber"
"LTME702L";4;4;0;0;1;1;0;100;0;0;1;1;1561;"Fensterheber"
"LTME702R";4;3;0;1;1;1;0;100;0;0;1;1;1561;"Fensterheber"
"LTME707R";1;1;0;0;1;1;0;100;0;0;1;1;1561;"Fensterheber"
"LTME718L";3;3;0;0;1;1;0;100;0;0;1;1;1561;"Fensterheber"
"LTME720R";5;5;0;0;2;2;0;100;0;0;1;1;1561;"Fensterheber"
"LTMI32RB";4;4;0;0;1;1;0;100;0;0;1;1;1561;"Fensterheber"
"LTMI51L";6;6;0;0;1;1;0;100;0;0;1;1;1561;"Fensterheber"
"LTMI51R";7;7;0;0;1;1;0;100;0;0;1;1;1561;"Fensterheber"
"LTMI52L";4;4;0;0;1;1;0;100;0;0;0;1;1561;"Fensterheber"
"LTMI56L";5;5;0;0;1;1;0;100;0;0;1;1;1561;"Fensterheber"
"LTMI704L";2;2;0;0;1;1;0;100;0;0;1;1;1561;"Fensterheber"
"LTMI706L";2;2;0;0;2;2;0;100;0;0;1;1;1561;"Fensterheber"
"LTOP23L";9;7;0;2;2;2;0;100;0;0;1;1;1561;"Fensterheber"
"LTOP25L";4;4;0;0;1;1;0;100;0;0;1;1;1561;"Fensterheber"
"LTOP28L";6;6;0;0;2;2;0;100;0;0;1;1;1561;"Fensterheber"
"LTOP28R";4;4;0;0;2;2;0;100;0;0;1;1;1561;"Fensterheber"
"LTOP51L";3;3;0;0;1;1;0;100;0;0;1;1;1561;"Fensterheber"
"LTOP64L";2;2;0;0;1;1;0;100;0;0;1;1;1561;"Fensterheber"
"LTOP64R";2;2;0;0;1;1;0;100;0;0;1;1;1561;"Fensterheber"
"LTOP702L";5;5;0;0;1;1;0;100;0;0;1;1;1561;"Fensterheber"
"LTOP704L";2;2;0;0;1;1;0;100;0;0;1;1;1561;"Fensterheber"
"LTOP705L";3;3;0;0;1;1;0;100;0;0;1;1;1561;"Fensterheber"
"LTOP710L";1;1;0;0;1;1;0;100;0;0;1;1;1561;"Fensterheber"
"LTOP729L";6;6;0;0;2;2;0;100;0;0;1;1;1561;"Fensterheber"
"LTOP72L";1;1;0;0;1;1;1;100;0;0;1;1;1561;"Fensterheber"
"LTPG17L";6;5;0;1;1;1;0;100;0;0;1;1;1561;"Fensterheber"
"LTPG17R";3;3;0;0;2;2;0;100;0;0;1;1;1561;"Fensterheber"
"LTPG18L";8;8;0;0;3;3;0;100;0;0;1;1;1561;"Fensterheber"
"LTPG18R";12;12;0;0;3;3;1;100;0;0;1;1;1561;"Fensterheber"
"LTPG23R";2;2;0;0;1;1;0;100;0;0;1;1;1561;"Fensterheber"
"LTPG44L";3;3;0;0;1;1;0;100;0;0;1;1;1561;"Fensterheber"
"LTPG48R";2;2;0;0;1;1;0;100;0;0;0;1;1561;"Fensterheber"
"LTPG703L";4;4;0;0;2;2;0;100;0;0;1;1;1561;"Fensterheber"
"LTPG703R";1;1;0;0;1;1;1;100;0;0;1;1;1561;"Fensterheber"
"LTPG704L";2;1;0;1;1;1;0;100;0;0;1;1;1561;"Fensterheber"
"LTPG705L";2;2;0;0;1;1;1;100;0;0;1;1;1561;"Fensterheber"
"LTPG706L";2;2;0;0;1;1;0;100;0;0;1;1;1561;"Fensterheber"
"LTPG709L";1;1;0;0;1;1;0;100;0;0;1;1;1561;"Fensterheber"
"LTPG710L";3;3;0;0;1;1;0;100;0;0;1;1;1561;"Fensterheber"
"LTPG713L";4;4;0;0;3;3;0;100;0;0;1;1;1561;"Fensterheber"
"LTPG714L";7;7;0;0;4;4;0;100;0;0;1;1;1561;"Fensterheber"
"LTPG714R";10;10;0;0;2;2;0;100;0;0;1;1;1561;"Fensterheber"
"LTPG727L";2;2;0;0;1;1;0;100;0;0;0;1;1561;"Fensterheber"
"LTPG727R";2;2;0;0;1;1;0;100;0;0;0;1;1561;"Fensterheber"
"LTPG731L";5;4;0;1;1;1;0;100;0;0;0;1;1561;"Fensterheber"
"LTPG732L";3;3;0;0;1;1;0;100;0;0;0;1;1561;"Fensterheber"
"LTRN27L";5;5;0;0;1;1;0;100;0;0;1;1;1561;"Fensterheber"
"LTRN40R";5;5;0;0;1;1;0;100;0;0;1;1;1561;"Fensterheber"
"LTRN48L";27;26;0;1;5;5;0;100;0;0;1;1;1561;"Fensterheber"
"LTRN48R";4;4;0;0;1;1;0;100;0;0;1;1;1561;"Fensterheber"
"LTRN49L";15;15;0;0;6;6;0;100;0;0;1;1;1561;"Fensterheber"
"LTRN52R";3;3;0;0;1;1;0;100;0;0;1;1;1561;"Fensterheber"
"LTRN61L";1;1;0;0;1;1;0;100;0;0;1;1;1561;"Fensterheber"
"LTRN701L";6;6;0;0;3;3;0;100;0;0;1;1;1561;"Fensterheber"
"LTRN701R";1;1;0;0;2;2;0;100;0;0;1;1;1561;"Fensterheber"
"LTRN702L";1;1;0;0;1;1;0;100;0;0;1;1;1561;"Fensterheber"
"LTRN705L";6;6;0;0;2;2;0;100;0;0;1;1;1561;"Fensterheber"
"LTRN705R";8;8;0;0;4;4;0;100;0;0;1;1;1561;"Fensterheber"
"LTRN708R";7;7;0;0;2;2;0;100;0;0;1;1;1561;"Fensterheber"
"LTRN70L";5;5;0;0;1;1;0;100;0;0;1;1;1561;"Fensterheber"
"LTRN710L";9;9;0;0;5;5;0;100;0;0;1;1;1561;"Fensterheber"
"LTRN717L";3;3;0;0;1;1;0;100;0;0;1;1;1561;"Fensterheber"
"LTRN75L";3;3;0;0;1;1;0;100;0;0;1;1;1561;"Fensterheber"
"LTRN89L";7;7;0;0;1;1;0;100;0;0;1;1;1561;"Fensterheber"
"LTRN89R";6;6;0;0;1;1;0;100;0;0;1;1;1561;"Fensterheber"
"LTRNO124LC";15;8;0;7;5;5;0;100;0;0;0;1;1561;"Fensterheber"
"LTRNO82LC";12;12;0;0;1;1;0;100;0;0;1;1;1561;"Fensterheber"
"LTRNO82RC";9;8;0;1;3;3;0;100;0;0;1;1;1561;"Fensterheber"
"LTRV07L";3;3;0;0;1;1;0;100;0;0;1;1;1561;"Fensterheber"
"LTRV15L";7;7;0;0;4;4;0;100;0;0;1;1;1561;"Fensterheber"
"LTRV15R";7;6;0;1;2;2;2;100;0;0;1;1;1561;"Fensterheber"
"LTRV16R";5;4;0;1;1;1;0;100;0;0;0;1;1561;"Fensterheber"
"LTRV19L";1;1;0;0;1;1;0;100;0;0;1;1;1561;"Fensterheber"
"LTRVO15LC";10;9;0;1;5;5;0;100;0;0;1;1;1561;"Fensterheber"
"LTSB17R";2;2;0;0;1;1;0;100;0;0;1;1;1561;"Fensterheber"
"LTSB702R";2;2;0;0;1;1;0;100;0;0;1;1;1561;"Fensterheber"
"LTSK507R";3;3;0;0;1;1;0;100;0;0;1;1;1561;"Fensterheber"
"LTSK701R";5;5;0;0;1;1;0;100;0;0;1;1;1561;"Fensterheber"
"LTSK703L";8;8;0;0;2;2;0;100;0;0;1;1;1561;"Fensterheber"
"LTSK703R";4;4;0;0;2;2;0;100;0;0;1;1;1561;"Fensterheber"
"LTSK707L";10;9;0;1;4;4;0;100;0;0;1;1;1561;"Fensterheber"
"LTSK707R";6;5;0;1;1;1;0;100;0;0;1;1;1561;"Fensterheber"
"LTSK715L";5;4;0;1;2;2;0;100;0;0;0;1;1561;"Fensterheber"
"LTSK719R";7;7;0;0;2;2;0;100;0;0;0;1;1561;"Fensterheber"
"LTST13LB";2;2;0;0;1;1;0;100;0;0;1;1;1561;"Fensterheber"
"LTST13RB";10;9;0;1;1;1;0;100;0;0;1;1;1561;"Fensterheber"
"LTST14LB";9;8;0;1;3;3;0;100;0;0;1;1;1561;"Fensterheber"
"LTST14RB";4;4;0;0;3;3;0;100;0;0;1;1;1561;"Fensterheber"
"LTST20L";5;5;0;0;1;1;0;100;0;0;1;1;1561;"Fensterheber"
"LTST28L";11;10;0;1;5;5;0;100;0;0;1;1;1561;"Fensterheber"
"LTST29R";6;5;0;1;2;2;0;100;0;0;1;1;1561;"Fensterheber"
"LTST701R";4;4;0;0;1;1;0;100;0;0;1;1;1561;"Fensterheber"
"LTST702L";2;2;0;0;1;1;0;100;0;0;1;1;1561;"Fensterheber"
"LTST706L";4;4;0;0;1;1;0;100;0;0;1;1;1561;"Fensterheber"
"LTST709L";3;2;0;1;1;1;0;100;0;0;1;1;1561;"Fensterheber"
"LTST709R";2;2;0;0;1;1;0;100;0;0;1;1;1561;"Fensterheber"
"LTSTO24LC";4;4;0;0;1;1;0;100;0;0;1;1;1561;"Fensterheber"
"LTSZ22L";1;1;0;0;1;1;0;100;0;0;1;1;1561;"Fensterheber"
"LTTY104L";2;2;0;0;1;1;0;100;0;0;1;1;1561;"Fensterheber"
"LTTY104R";1;1;0;0;1;1;0;100;0;0;1;1;1561;"Fensterheber"
"LTTY110L";6;6;0;0;3;3;0;100;0;0;1;1;1561;"Fensterheber"
"LTTY113L";5;5;0;0;1;1;0;100;0;0;1;1;1561;"Fensterheber"
"LTTY61L";2;2;0;0;2;2;0;100;0;0;1;1;1561;"Fensterheber"
"LTTY61R";3;2;0;1;1;1;0;100;0;0;1;1;1561;"Fensterheber"
"LTTY701L";1;1;0;0;1;1;0;100;0;0;1;1;1561;"Fensterheber"
"LTTY709L";7;7;0;0;2;2;0;100;0;0;1;1;1561;"Fensterheber"
"LTTY712L";7;6;0;1;3;3;0;100;0;0;1;1;1561;"Fensterheber"
"LTVK39RB";2;2;0;0;1;1;0;100;0;0;1;1;1561;"Fensterheber"
"LTVK702L";3;3;0;0;1;1;0;100;0;0;1;1;1561;"Fensterheber"
"LTVK702R";3;3;0;0;1;1;0;100;0;0;1;1;1561;"Fensterheber"
"LTVK704L";9;9;0;0;6;6;0;100;0;0;1;1;1561;"Fensterheber"
"LTVK704R";10;8;0;2;5;5;0;100;0;0;1;1;1561;"Fensterheber"
"LTVK705L";7;5;0;2;4;4;0;100;0;0;1;1;1561;"Fensterheber"
"LTVK705R";5;5;0;0;3;3;1;100;0;0;1;1;1561;"Fensterheber"
"LTVK706L";4;4;0;0;1;1;1;100;0;0;1;1;1561;"Fensterheber"
"LTVK708L";3;3;0;0;1;1;0;100;0;0;1;1;1561;"Fensterheber"
"LTVK709L";7;7;0;0;3;3;0;100;0;0;1;1;1561;"Fensterheber"
"LTVK709R";6;6;0;0;2;2;0;100;0;0;1;1;1561;"Fensterheber"
"LTVK711L";5;5;0;0;1;1;0;100;0;0;1;1;1561;"Fensterheber"
"LTVK711R";4;4;0;0;2;2;0;100;0;0;1;1;1561;"Fensterheber"
"LTVK714R";2;2;0;0;1;1;0;100;0;0;1;1;1561;"Fensterheber"
"LTVK715L";3;2;0;1;1;1;0;100;0;0;1;1;1561;"Fensterheber"
"LTVK716R";4;4;0;0;1;1;0;100;0;0;1;1;1561;"Fensterheber"
"LTVK717L";5;5;0;0;3;3;0;100;0;0;1;1;1561;"Fensterheber"
"LTVK717R";5;5;0;0;1;1;0;100;0;0;1;1;1561;"Fensterheber"
"LTVK719R";5;5;0;0;1;1;0;100;0;0;1;1;1561;"Fensterheber"
"LTVK722L";4;4;0;0;1;1;0;100;0;0;1;1;1561;"Fensterheber"
"LTVK725L";2;1;0;1;1;1;0;100;0;0;1;1;1561;"Fensterheber"
"LTVK725R";7;7;0;0;2;2;1;100;0;0;1;1;1561;"Fensterheber"
"LTVK727L";2;2;0;0;1;1;0;100;0;0;1;1;1561;"Fensterheber"
"LTVK727R";6;6;0;0;1;1;0;100;0;0;1;1;1561;"Fensterheber"
"LTVK732L";1;1;0;0;1;1;0;100;0;0;1;1;1561;"Fensterheber"
"LTVK733L";8;7;0;1;3;3;0;100;0;0;0;1;1561;"Fensterheber"
"LTVK734L";14;13;0;1;8;8;0;100;0;0;0;1;1561;"Fensterheber"
"LTVK734R";5;5;0;0;1;1;0;100;0;0;0;1;1561;"Fensterheber"
"LTVK737R";4;4;0;0;1;1;0;100;0;0;1;1;1561;"Fensterheber"
"LTVK741L";1;1;0;0;1;1;0;100;0;0;1;1;1561;"Fensterheber"
"LTVK742L";2;2;0;0;1;1;0;100;0;0;1;1;1561;"Fensterheber"
"LTVK745L";5;4;0;1;2;2;0;100;0;0;0;1;1561;"Fensterheber"
"LTVL704L";1;1;0;0;1;1;0;100;0;0;1;1;1561;"Fensterheber"
"LTZA124L";2;2;0;0;1;1;0;100;0;0;1;1;1561;"Fensterheber"
"LTZA144L";2;2;0;0;1;1;0;100;0;0;0;1;1561;"Fensterheber"
"LTZA21LB";8;8;0;0;1;1;0;100;0;0;1;1;1561;"Fensterheber"
"LTZA24L";8;8;0;0;1;1;0;100;0;0;1;1;1561;"Fensterheber"
"LTZA29L";4;4;0;0;2;2;0;100;0;0;1;1;1561;"Fensterheber"
"LTZA40R";2;2;0;0;2;2;0;100;0;0;1;1;1561;"Fensterheber"
"LTZA701L";3;3;0;0;1;1;0;100;0;0;1;1;1561;"Fensterheber"
"LTZA703L";6;6;0;0;2;2;0;100;0;0;1;1;1561;"Fensterheber"
"LTZA703R";1;1;0;0;1;1;0;100;0;0;1;1;1561;"Fensterheber"
"LTZA704L";1;1;0;0;1;1;0;100;0;0;1;1;1561;"Fensterheber"
"LTZA715R";8;8;0;0;1;1;0;100;0;0;1;1;1561;"Fensterheber"
"LTZA931L";3;3;0;0;1;1;0;100;0;0;1;1;1561;"Fensterheber"
"LTZAO145LC";6;6;0;0;2;2;0;100;0;0;1;1;1561;"Fensterheber"
"LTZAO146RC";7;6;0;1;2;2;0;100;0;0;0;1;1561;"Fensterheber"
"MB517475";10;7;0;3;1;1;0;100;1;0;0;0;1561;"Fensterheber"
"MB827402";6;4;0;2;2;2;0;100;1;0;0;0;1561;"Fensterheber"
"ML110023";16;4;0;12;1;1;0;100;1;0;0;0;1561;"Fensterheber"
"MN105729";37;18;1;18;2;1;0;50;0;0;1;0;1561;"Fensterheber"
"MN105730";23;9;2;12;1;1;0;100;0;0;1;0;1561;"Fensterheber"
"MN125813";52;23;0;29;1;1;0;100;1;0;1;0;1561;"Fensterheber"
"MN182365";62;49;0;13;3;3;0;100;1;0;1;0;1561;"Fensterheber"
"MN182403";9;6;0;3;1;1;0;100;1;0;1;0;1561;"Fensterheber"
"MN182404";6;4;0;2;1;1;0;100;1;0;1;0;1561;"Fensterheber"
"MN301466";29;6;7;16;4;4;0;100;1;0;0;0;1561;"Fensterheber"
"MN301862";59;1;27;31;1;1;0;100;1;0;0;0;1561;"Fensterheber"
"MR135165";15;6;0;9;1;1;1;100;1;0;1;0;1561;"Fensterheber"
"MR144595";9;9;0;0;1;1;0;100;0;0;0;0;1561;"Fensterheber"
"MR181921";54;46;0;8;4;4;0;100;1;0;0;0;1561;"Fensterheber"
"MR186736";5;4;1;0;1;1;0;100;1;0;0;0;1561;"Fensterheber"
"MR462789";20;13;0;7;1;1;0;100;1;0;1;0;1561;"Fensterheber"
"MR912460";25;0;9;16;2;2;0;100;1;0;0;0;1561;"Fensterheber"
"MR991321";29;10;0;19;1;1;0;100;1;0;0;0;1561;"Fensterheber"
"MZ332W024";2;2;0;0;1;1;0;100;0;0;0;1;1561;"Fensterheber"
"NA0259560D";5;4;0;1;1;1;0;100;1;0;0;0;1561;"Fensterheber"
"NA0259590";9;7;0;2;1;1;0;100;0;0;0;0;1561;"Fensterheber"
"NC1159590F";8;4;0;4;1;1;0;100;1;0;0;0;1561;"Fensterheber"
"NC1159590G";18;11;0;7;1;1;0;100;1;0;0;0;1561;"Fensterheber"
"OP710L";1;1;0;0;1;1;0;100;0;0;1;0;1561;"Fensterheber"
"OP87L";1;0;0;1;1;1;0;100;0;0;0;0;1561;"Fensterheber"
"PG703L";2;2;0;0;1;1;0;100;0;0;1;0;1561;"Fensterheber"
"POD0003TL";1;1;0;0;1;1;0;100;0;0;0;1;1561;"Fensterheber"
"PX07713L";1;1;0;0;1;1;0;100;0;0;0;0;1561;"Fensterheber"
"PX20711R";1;1;0;0;1;1;0;100;0;0;0;0;1561;"Fensterheber"
"Q0002691V001000000";67;18;3;46;3;3;0;100;0;0;0;0;1561;"Fensterheber"
"Q0002691V002000000";210;195;1;14;18;17;0;94,44;0;0;0;0;1561;"Fensterheber"
"Q0002691V00300";3;2;0;1;2;2;0;100;0;0;0;0;1561;"Fensterheber"
"Q0002691V003000000";136;134;0;2;18;18;0;100;0;0;0;0;1561;"Fensterheber"
"Q0002702V001000000";72;20;1;51;1;1;0;100;0;0;0;0;1561;"Fensterheber"
"Q0002702V002000000";147;136;1;10;9;8;0;88,89;0;0;0;0;1561;"Fensterheber"
"Q0002702V003000000";112;101;2;9;15;15;0;100;0;0;0;0;1561;"Fensterheber"
"Q002691V003000000";2;1;1;0;1;1;0;100;0;0;0;0;1561;"Fensterheber"
"RN084W024";3;2;0;1;1;1;0;100;0;0;0;1;1561;"Fensterheber"
"RN420W043";1;1;0;0;1;1;0;100;0;0;0;1;1561;"Fensterheber"
"RTC3814";4;3;0;1;1;1;0;100;1;0;1;0;1561;"Fensterheber"
"SK320W024";2;2;0;0;1;1;0;100;0;0;0;1;1561;"Fensterheber"
"SKV01SKV913";1;1;0;0;1;1;0;100;0;0;0;0;1561;"Fensterheber"
"STC2881";18;14;0;4;1;1;1;100;1;0;1;0;1561;"Fensterheber"
"UKC0684131";1;1;0;0;1;1;0;100;0;0;0;0;1561;"Fensterheber"
"UVF0184131";1;1;0;0;1;1;0;100;0;0;0;0;1561;"Fensterheber"
"V10000073";17;5;3;9;1;1;0;100;0;0;0;1;1561;"Fensterheber"
"V100031";5;5;0;0;1;1;0;100;0;0;0;1;1561;"Fensterheber"
"V100037";2;2;0;0;1;1;0;100;0;0;0;1;1561;"Fensterheber"
"V101848";2;2;0;0;1;1;0;100;0;0;1;1;1561;"Fensterheber"
"V102236";3;3;0;0;1;1;0;100;0;0;0;1;1561;"Fensterheber"
"V102237";1;1;0;0;1;1;0;100;0;0;0;1;1561;"Fensterheber"
"V102283";1;1;0;0;1;1;0;100;0;0;0;1;1561;"Fensterheber"
"V102336VIE";1;1;0;0;1;1;0;100;0;0;0;0;1561;"Fensterheber"
"V102395";3;3;0;0;1;1;0;100;0;0;1;1;1561;"Fensterheber"
"V102534";7;7;0;0;1;1;0;100;0;0;0;1;1561;"Fensterheber"
"V103055";7;7;0;0;1;1;0;100;0;0;0;1;1561;"Fensterheber"
"V103056";2;2;0;0;1;1;0;100;0;0;0;1;1561;"Fensterheber"
"V103244";1;1;0;0;1;1;0;100;0;0;0;0;1561;"Fensterheber"
"V103961";5;1;1;3;1;1;0;100;0;0;0;1;1561;"Fensterheber"
"V10546644";1;1;0;0;1;1;0;100;0;0;0;0;1561;"Fensterheber"
"V106116";6;5;0;1;1;1;0;100;0;0;0;1;1561;"Fensterheber"
"V106120";5;5;0;0;1;1;0;100;0;0;0;1;1561;"Fensterheber"
"V106125";7;7;0;0;3;3;0;100;0;0;0;1;1561;"Fensterheber"
"V106135";4;4;0;0;1;1;0;100;0;0;0;1;1561;"Fensterheber"
"V106137";5;5;0;0;1;1;0;100;0;0;0;1;1561;"Fensterheber"
"V106194";3;3;0;0;2;2;0;100;0;0;0;1;1561;"Fensterheber"
"V106212";5;5;0;0;2;2;0;100;0;0;0;1;1561;"Fensterheber"
"V106213";1;1;0;0;1;1;0;100;0;0;0;1;1561;"Fensterheber"
"V106216";4;2;0;2;2;2;0;100;0;0;0;1;1561;"Fensterheber"
"V106277";8;8;0;0;1;1;0;100;0;0;0;1;1561;"Fensterheber"
"V106287";5;5;0;0;3;3;0;100;0;0;0;1;1561;"Fensterheber"
"V106296";2;2;0;0;1;1;0;100;0;0;1;1;1561;"Fensterheber"
"V106297";4;4;0;0;1;1;0;100;0;0;0;1;1561;"Fensterheber"
"V106319";4;4;0;0;1;1;0;100;0;0;0;1;1561;"Fensterheber"
"V106327";6;6;0;0;1;1;0;100;0;0;0;1;1561;"Fensterheber"
"V106388";8;8;0;0;2;2;0;100;0;0;0;1;1561;"Fensterheber"
"V106389";2;2;0;0;1;1;0;100;0;0;0;1;1561;"Fensterheber"
"V106697";63;51;0;12;12;12;0;100;0;0;0;1;1561;"Fensterheber"
"V106892";36;28;0;8;3;3;0;100;0;0;0;1;1561;"Fensterheber"
"V106893";14;11;0;3;1;1;0;100;0;0;0;1;1561;"Fensterheber"
"V106896";12;9;0;3;3;3;0;100;0;0;0;1;1561;"Fensterheber"
"V106897VIE";1;1;0;0;1;1;0;100;0;0;0;0;1561;"Fensterheber"
"V107604";25;20;2;3;7;6;0;85,71;0;0;0;1;1561;"Fensterheber"
"V107605";23;20;2;1;4;4;0;100;0;0;0;1;1561;"Fensterheber"
"V107654";5;5;0;0;1;1;0;100;0;0;0;1;1561;"Fensterheber"
"V107655";4;4;0;0;1;1;0;100;0;0;0;1;1561;"Fensterheber"
"V107662";2;2;0;0;1;1;0;100;0;0;0;1;1561;"Fensterheber"
"V107982";48;41;2;5;4;4;0;100;0;0;0;1;1561;"Fensterheber"
"V107983";73;42;7;24;4;4;0;100;0;0;0;1;1561;"Fensterheber"
"V108770";14;12;0;2;1;1;0;100;0;0;0;1;1561;"Fensterheber"
"V109679";12;9;1;2;1;1;0;100;0;0;0;1;1561;"Fensterheber"
"V109681";3;2;0;1;1;1;0;100;0;0;0;1;1561;"Fensterheber"
"V109827";1;1;0;0;1;1;0;100;0;0;1;1;1561;"Fensterheber"
"V1098271";1;1;0;0;1;1;0;100;0;0;0;0;1561;"Fensterheber"
"V109828";2;2;0;0;1;1;0;100;0;0;1;1;1561;"Fensterheber"
"V109834";4;3;0;1;1;1;0;100;0;0;0;1;1561;"Fensterheber"
"V109838";7;7;0;0;1;1;0;100;0;0;0;1;1561;"Fensterheber"
"V109841";4;4;0;0;1;1;0;100;0;0;0;1;1561;"Fensterheber"
"V109851";1;1;0;0;1;1;0;100;0;0;0;1;1561;"Fensterheber"
"V109895";7;6;0;1;1;1;0;100;0;0;0;1;1561;"Fensterheber"
"V15029076";1;1;0;0;1;1;0;100;0;0;0;0;1561;"Fensterheber"
"V200653";4;4;0;0;1;1;0;100;0;0;0;1;1561;"Fensterheber"
"V201537";5;5;0;0;1;1;0;100;0;0;1;1;1561;"Fensterheber"
"V201539";7;7;0;0;2;2;0;100;0;0;1;1;1561;"Fensterheber"
"V203763";4;3;0;1;1;1;0;100;0;0;1;1;1561;"Fensterheber"
"V203764";3;3;0;0;1;1;0;100;0;0;1;1;1561;"Fensterheber"
"V208246";29;28;1;0;2;2;0;100;0;0;0;1;1561;"Fensterheber"
"V208249";1;1;0;0;1;1;0;100;0;0;0;1;1561;"Fensterheber"
"V209734";1;1;0;0;1;1;0;100;0;0;1;1;1561;"Fensterheber"
"V209743";5;5;0;0;1;1;0;100;0;0;1;1;1561;"Fensterheber"
"V250203";1;1;0;0;1;1;0;100;0;0;0;1;1561;"Fensterheber"
"V250370";3;3;0;0;1;1;0;100;0;0;0;1;1561;"Fensterheber"
"V250734";3;3;0;0;1;1;0;100;0;0;0;1;1561;"Fensterheber"
"V251767";3;3;0;0;1;1;0;100;0;0;0;1;1561;"Fensterheber"
"V2591370";1;1;0;0;1;1;0;100;0;0;0;0;1561;"Fensterheber"
"V300884";3;3;0;0;1;1;0;100;0;0;0;1;1561;"Fensterheber"
"V301714";1;1;0;0;1;1;0;100;0;0;0;1;1561;"Fensterheber"
"V302188";11;11;0;0;3;3;0;100;0;0;1;1;1561;"Fensterheber"
"V304208";29;23;1;5;2;2;0;100;0;0;0;1;1561;"Fensterheber"
"V308287";7;7;0;0;2;2;0;100;0;0;0;1;1561;"Fensterheber"
"V308332";13;13;0;0;1;1;0;100;0;0;0;1;1561;"Fensterheber"
"V308350";24;17;0;7;1;1;0;100;0;0;0;1;1561;"Fensterheber"
"V308383";4;4;0;0;1;1;0;100;0;0;0;1;1561;"Fensterheber"
"V308385";3;1;0;2;1;1;0;100;0;0;0;1;1561;"Fensterheber"
"V3918900";1;1;0;0;1;1;0;100;0;0;0;0;1561;"Fensterheber"
"V420338";12;6;2;4;2;2;0;100;0;0;0;1;1561;"Fensterheber"
"V420340";7;7;0;0;1;1;0;100;0;0;1;1;1561;"Fensterheber"
"V450192";7;5;0;2;3;3;0;100;0;0;0;1;1561;"Fensterheber"
"V460494";1;1;0;0;1;1;0;100;0;0;1;0;1561;"Fensterheber"
"V460624";4;4;0;0;1;1;0;100;0;0;0;0;1561;"Fensterheber"
"V461382";11;7;0;4;1;1;0;100;0;0;0;1;1561;"Fensterheber"
"V480316";10;7;1;2;3;3;0;100;0;0;0;1;1561;"Fensterheber"
"V489541";1;1;0;0;1;1;0;100;0;0;0;0;1561;"Fensterheber"
"V520436";46;27;0;19;5;5;0;100;0;0;0;1;1561;"Fensterheber"
"V6K3837402HSH";1;1;0;0;1;1;0;100;0;0;0;0;1561;"Fensterheber"
"V6R4837462LH";1;1;0;0;1;1;0;100;0;0;0;0;1561;"Fensterheber"
"V950462";10;8;0;2;1;1;0;100;0;0;0;1;1561;"Fensterheber"
"VAL850026";1;1;0;0;1;1;0;100;0;0;0;0;1561;"Fensterheber"
"VAL850040";2;2;0;0;1;1;0;100;0;0;0;0;1561;"Fensterheber"
"VAL850494";4;2;2;0;1;1;0;100;0;0;0;0;1561;"Fensterheber"
"VAL850574";3;3;0;0;1;1;0;100;0;0;0;0;1561;"Fensterheber"
"VAL850582";2;2;0;0;1;1;0;100;0;0;0;0;1561;"Fensterheber"
"VAL850596";5;5;0;0;2;2;0;100;0;0;0;0;1561;"Fensterheber"
"VAL850622";2;2;0;0;1;1;0;100;0;0;0;0;1561;"Fensterheber"
"VAL850658";1;1;0;0;1;1;0;100;0;0;0;0;1561;"Fensterheber"
"VAL850686";1;1;0;0;1;1;0;100;0;0;0;0;1561;"Fensterheber"
"VAL850699";1;1;0;0;1;1;0;100;0;0;0;0;1561;"Fensterheber"
"VAL850722";1;1;0;0;3;3;0;100;0;0;0;0;1561;"Fensterheber"
"VAL850766";1;1;0;0;1;1;0;100;0;0;0;0;1561;"Fensterheber"
"VAL850888";15;11;4;0;3;3;0;100;0;0;0;0;1561;"Fensterheber"
"VAL850914";2;1;1;0;1;1;0;100;0;0;0;0;1561;"Fensterheber"
"VAL851013";3;3;0;0;2;2;0;100;0;0;0;0;1561;"Fensterheber"
"VAL851032";1;1;0;0;1;1;0;100;0;0;0;0;1561;"Fensterheber"
"VAL851033";1;1;0;0;1;1;0;100;0;0;0;0;1561;"Fensterheber"
"VAL851044";1;1;0;0;1;1;0;100;0;0;0;0;1561;"Fensterheber"
"VAL851047";3;3;0;0;3;3;0;100;0;0;0;0;1561;"Fensterheber"
"VAL851049";2;2;0;0;1;1;0;100;0;0;0;0;1561;"Fensterheber"
"VAL851098";2;2;0;0;1;1;0;100;0;0;0;0;1561;"Fensterheber"
"VAL851103";1;1;0;0;1;1;0;100;0;0;0;0;1561;"Fensterheber"
"VAL851108";3;3;0;0;1;1;0;100;0;0;0;0;1561;"Fensterheber"
"VAL851126";5;4;1;0;3;3;0;100;0;0;0;0;1561;"Fensterheber"
"VAL851136";4;4;0;0;1;1;0;100;0;0;0;0;1561;"Fensterheber"
"VAL851200";1;1;0;0;1;1;0;100;0;0;0;0;1561;"Fensterheber"
"VAL851201";1;1;0;0;1;1;0;100;0;0;0;0;1561;"Fensterheber"
"VAL851267";1;1;0;0;1;1;0;100;0;0;0;0;1561;"Fensterheber"
"VAL851276";5;4;1;0;2;2;0;100;0;0;0;0;1561;"Fensterheber"
"VAL851286";3;3;0;0;1;1;0;100;0;0;0;0;1561;"Fensterheber"
"VAL851309";2;2;0;0;1;1;0;100;0;0;0;0;1561;"Fensterheber"
"VAL851518";1;1;0;0;1;1;0;100;0;0;0;0;1561;"Fensterheber"
"VAN5766264";2;2;0;0;1;1;0;100;0;0;0;0;1561;"Fensterheber"
"VG036W024";2;2;0;0;1;1;0;100;0;0;0;1;1561;"Fensterheber"
"VG715W044";3;2;0;1;1;1;0;100;0;0;0;1;1561;"Fensterheber"
"VK717R";8;0;0;8;1;1;1;100;0;0;1;0;1561;"Fensterheber"
"VL850878";1;1;0;0;1;1;0;100;0;0;0;0;1561;"Fensterheber"
"VW0628266";1;1;0;0;1;1;0;100;0;0;0;0;1561;"Fensterheber"
"VW3891261";2;2;0;0;1;1;0;100;0;0;0;0;1561;"Fensterheber"
"VW5387262";1;1;0;0;1;1;0;100;0;0;0;0;1561;"Fensterheber"
"VZ0332263";1;1;0;0;1;1;0;100;0;0;0;0;1561;"Fensterheber"
"VZ1873261";1;1;0;0;1;1;0;100;0;0;0;0;1561;"Fensterheber"
"WAD101L";11;11;0;0;2;2;0;100;0;0;0;1;1561;"Fensterheber"
"WAD101R";6;6;0;0;2;2;0;100;0;0;0;1;1561;"Fensterheber"
"WAD105R";2;1;0;1;1;1;0;100;0;0;0;1;1561;"Fensterheber"
"WAD108R";1;1;0;0;1;1;0;100;0;0;0;1;1561;"Fensterheber"
"WAD110L";1;1;0;0;1;1;0;100;0;0;0;1;1561;"Fensterheber"
"WAD120L";2;2;0;0;1;1;0;100;0;0;0;1;1561;"Fensterheber"
"WAD121L";1;1;0;0;1;1;0;100;0;0;0;1;1561;"Fensterheber"
"WAD130L";3;3;0;0;2;2;0;100;0;0;0;1;1561;"Fensterheber"
"WAD130R";1;1;0;0;1;1;0;100;0;0;0;1;1561;"Fensterheber"
"WAD136L";4;4;0;0;3;3;0;100;0;0;0;1;1561;"Fensterheber"
"WAR110R";2;2;0;0;2;2;0;100;0;0;0;1;1561;"Fensterheber"
"WAR130R";1;1;0;0;1;1;0;100;0;0;0;1;1561;"Fensterheber"
"WAR131L";1;1;0;0;1;1;0;100;0;0;0;1;1561;"Fensterheber"
"WAR131R";3;3;0;0;2;2;0;100;0;0;0;1;1561;"Fensterheber"
"WAR132L";3;3;0;0;1;1;0;100;0;0;0;1;1561;"Fensterheber"
"WBM100R";2;2;0;0;1;1;0;100;0;0;0;1;1561;"Fensterheber"
"WBM103L";1;1;0;0;1;1;0;100;0;0;0;1;1561;"Fensterheber"
"WBM106L";1;1;0;0;1;1;0;100;0;0;0;1;1561;"Fensterheber"
"WBM107L";3;3;0;0;2;2;0;100;0;0;0;1;1561;"Fensterheber"
"WBM107R";2;2;0;0;1;1;0;100;0;0;0;1;1561;"Fensterheber"
"WBM110L";5;5;0;0;2;2;0;100;0;0;0;1;1561;"Fensterheber"
"WBM110R";4;4;0;0;4;4;0;100;0;0;0;1;1561;"Fensterheber"
"WBM111L";3;3;0;0;1;1;0;100;0;0;0;1;1561;"Fensterheber"
"WBM113R";1;1;0;0;1;1;0;100;0;0;0;1;1561;"Fensterheber"
"WBM141L";1;1;0;0;1;1;0;100;0;0;0;1;1561;"Fensterheber"
"WBM200L";1;1;0;0;1;1;0;100;0;0;0;1;1561;"Fensterheber"
"WBM201L";3;3;0;0;3;3;0;100;0;0;0;1;1561;"Fensterheber"
"WBM201R";4;4;0;0;1;1;0;100;0;0;0;1;1561;"Fensterheber"
"WBM220L";2;2;0;0;1;1;0;100;0;0;0;1;1561;"Fensterheber"
"WBM250R";1;1;0;0;1;1;0;100;0;0;0;1;1561;"Fensterheber"
"WBM252L";5;5;0;0;4;4;0;100;0;0;0;1;1561;"Fensterheber"
"WCT104L";5;5;0;0;2;2;0;100;0;0;0;1;1561;"Fensterheber"
"WCT104R";7;7;0;0;4;4;0;100;0;0;0;1;1561;"Fensterheber"
"WCT105L";4;4;0;0;1;1;0;100;0;0;0;1;1561;"Fensterheber"
"WCT106L";8;8;0;0;3;3;0;100;0;0;0;1;1561;"Fensterheber"
"WCT107L";34;29;0;5;6;6;0;100;0;0;0;1;1561;"Fensterheber"
"WCT107R";7;4;0;3;3;3;0;100;0;0;0;1;1561;"Fensterheber"
"WCT108R";1;1;0;0;1;1;0;100;0;0;0;1;1561;"Fensterheber"
"WCT116L";6;5;0;1;3;3;0;100;0;0;0;1;1561;"Fensterheber"
"WCT116R";1;1;0;0;1;1;0;100;0;0;0;1;1561;"Fensterheber"
"WCT117L";7;7;0;0;2;2;0;100;0;0;0;1;1561;"Fensterheber"
"WCT117R";9;8;0;1;1;1;0;100;0;0;0;1;1561;"Fensterheber"
"WCT119L";2;2;0;0;2;2;0;100;0;0;0;1;1561;"Fensterheber"
"WCT119R";1;1;0;0;1;1;0;100;0;0;0;1;1561;"Fensterheber"
"WCT120L";2;2;0;0;2;2;0;100;0;0;0;1;1561;"Fensterheber"
"WCT120R";1;1;0;0;2;2;0;100;0;0;0;1;1561;"Fensterheber"
"WCT123L";11;10;0;1;5;5;0;100;0;0;0;1;1561;"Fensterheber"
"WCT123R";2;2;0;0;3;3;0;100;0;0;0;1;1561;"Fensterheber"
"WCT124R";1;1;0;0;1;1;0;100;0;0;0;1;1561;"Fensterheber"
"WCT145L";3;2;0;1;1;1;0;100;0;0;0;1;1561;"Fensterheber"
"WCT148L";1;1;0;0;1;1;0;100;0;0;0;1;1561;"Fensterheber"
"WCT159L";1;1;0;0;1;1;0;100;0;0;0;1;1561;"Fensterheber"
"WDW100R";1;1;0;0;1;1;0;100;0;0;0;1;1561;"Fensterheber"
"WDW110L";2;2;0;0;1;1;0;100;0;0;0;1;1561;"Fensterheber"
"WFD125L";2;2;0;0;1;1;0;100;0;0;0;1;1561;"Fensterheber"
"WFD127R";1;1;0;0;1;1;0;100;0;0;0;1;1561;"Fensterheber"
"WFD129R";2;2;0;0;2;2;0;100;0;0;0;1;1561;"Fensterheber"
"WFT122R";3;3;0;0;1;1;0;100;0;0;0;1;1561;"Fensterheber"
"WFT138L";1;1;0;0;1;1;0;100;0;0;0;1;1561;"Fensterheber"
"WFT139L";2;2;0;0;2;2;0;100;0;0;0;1;1561;"Fensterheber"
"WFT173L";2;2;0;0;1;1;0;100;0;0;0;1;1561;"Fensterheber"
"WFT202L";3;3;0;0;1;1;0;100;0;0;0;1;1561;"Fensterheber"
"WFT202R";4;4;0;0;1;1;0;100;0;0;0;1;1561;"Fensterheber"
"WFT203L";3;3;0;0;1;1;0;100;0;0;0;1;1561;"Fensterheber"
"WFT203R";3;3;0;0;1;1;0;100;0;0;0;1;1561;"Fensterheber"
"WFT228L";7;7;0;0;3;3;0;100;0;0;0;1;1561;"Fensterheber"
"WFT254L";1;1;0;0;1;1;0;100;0;0;0;1;1561;"Fensterheber"
"WFT262R";2;2;0;0;2;2;0;100;0;0;0;1;1561;"Fensterheber"
"WFT270L";8;8;0;0;2;2;0;100;0;0;0;1;1561;"Fensterheber"
"WFT271L";1;1;0;0;1;1;0;100;0;0;0;1;1561;"Fensterheber"
"WFT280L";1;1;0;0;1;1;0;100;0;0;0;1;1561;"Fensterheber"
"WHD130L";2;2;0;0;1;1;0;100;0;0;0;1;1561;"Fensterheber"
"WHY110L";1;1;0;0;1;1;0;100;0;0;0;1;1561;"Fensterheber"
"WHY113L";10;10;0;0;5;5;0;100;0;0;0;1;1561;"Fensterheber"
"WHY113R";4;4;0;0;1;1;0;100;0;0;0;1;1561;"Fensterheber"
"WHY115L";5;5;0;0;4;4;0;100;0;0;0;1;1561;"Fensterheber"
"WHY118L";12;8;0;4;4;4;0;100;0;0;0;1;1561;"Fensterheber"
"WHY120L";5;5;0;0;1;1;0;100;0;0;0;1;1561;"Fensterheber"
"WID105L";2;2;0;0;1;1;0;100;0;0;0;1;1561;"Fensterheber"
"WID107L";6;6;0;0;3;2;0;66,67;0;0;0;1;1561;"Fensterheber"
"WKA101L";1;1;0;0;1;1;0;100;0;0;0;1;1561;"Fensterheber"
"WKA110L";17;15;0;2;3;2;0;66,67;0;0;0;1;1561;"Fensterheber"
"WME151R";1;1;0;0;1;1;0;100;0;0;0;1;1561;"Fensterheber"
"WME160L";3;3;0;0;2;2;0;100;0;0;0;1;1561;"Fensterheber"
"WME162L";4;3;0;1;1;1;0;100;0;0;0;1;1561;"Fensterheber"
"WNS115L";7;5;0;2;1;1;0;100;0;0;0;1;1561;"Fensterheber"
"WOP109L";2;2;0;0;1;1;0;100;0;0;0;1;1561;"Fensterheber"
"WOP113L";3;3;0;0;2;2;0;100;0;0;0;1;1561;"Fensterheber"
"WOP130L";5;5;0;0;2;2;0;100;0;0;0;1;1561;"Fensterheber"
"WOP130R";3;3;0;0;1;1;0;100;0;0;0;1;1561;"Fensterheber"
"WOP135L";5;5;0;0;3;3;0;100;0;0;0;1;1561;"Fensterheber"
"WOP151L";1;1;0;0;1;1;0;100;0;0;0;1;1561;"Fensterheber"
"WPG104L";3;3;0;0;1;1;0;100;0;0;0;1;1561;"Fensterheber"
"WPG104R";3;3;0;0;1;1;0;100;0;0;0;1;1561;"Fensterheber"
"WPG116L";5;4;0;1;2;2;0;100;0;0;0;1;1561;"Fensterheber"
"WPG116R";2;2;0;0;2;2;0;100;0;0;0;1;1561;"Fensterheber"
"WPG127R";1;1;0;0;1;1;0;100;0;0;0;1;1561;"Fensterheber"
"WPG128R";8;7;0;1;3;3;0;100;0;0;0;1;1561;"Fensterheber"
"WPG160L";5;5;0;0;2;2;0;100;0;0;0;1;1561;"Fensterheber"
"WPG161L";2;2;0;0;1;1;0;100;0;0;0;1;1561;"Fensterheber"
"WPR2926LM";1;1;0;0;1;1;0;100;0;0;0;0;1561;"Fensterheber"
"WR00105";3;0;0;3;1;1;0;100;0;0;0;1;1561;"Fensterheber"
"WRN105L";13;13;0;0;4;4;0;100;0;0;0;1;1561;"Fensterheber"
"WRN105R";5;5;0;0;2;2;0;100;0;0;0;1;1561;"Fensterheber"
"WRN106L";7;7;0;0;4;4;0;100;0;0;0;1;1561;"Fensterheber"
"WRN106R";6;5;0;1;3;3;0;100;0;0;0;1;1561;"Fensterheber"
"WRN107L";4;3;0;1;3;3;0;100;0;0;0;1;1561;"Fensterheber"
"WRN110L";3;3;0;0;2;2;0;100;0;0;0;1;1561;"Fensterheber"
"WRN110R";2;2;0;0;1;1;0;100;0;0;0;1;1561;"Fensterheber"
"WRN122R";10;10;0;0;2;2;0;100;0;0;0;1;1561;"Fensterheber"
"WRN125R";2;2;0;0;1;1;0;100;0;0;0;1;1561;"Fensterheber"
"WRN131L";2;2;0;0;1;1;0;100;0;0;0;1;1561;"Fensterheber"
"WRN131R";4;3;0;1;1;1;0;100;0;0;0;1;1561;"Fensterheber"
"WRN133L";3;2;0;1;1;1;0;100;0;0;0;1;1561;"Fensterheber"
"WRN133R";6;5;0;1;4;4;0;100;0;0;0;1;1561;"Fensterheber"
"WRN140R";2;2;0;0;2;2;0;100;0;0;0;1;1561;"Fensterheber"
"WRN145L";3;3;0;0;2;2;0;100;0;0;0;1;1561;"Fensterheber"
"WRN145R";4;4;0;0;4;4;0;100;0;0;0;1;1561;"Fensterheber"
"WRN150L";1;1;0;0;1;1;0;100;0;0;0;1;1561;"Fensterheber"
"WRN153L";1;1;0;0;1;1;0;100;0;0;0;1;1561;"Fensterheber"
"WRN154L";3;3;0;0;3;3;0;100;0;0;0;1;1561;"Fensterheber"
"WRN154R";1;1;0;0;1;1;0;100;0;0;0;1;1561;"Fensterheber"
"WRN155L";5;5;0;0;2;2;0;100;0;0;0;1;1561;"Fensterheber"
"WRN156L";2;2;0;0;2;2;0;100;0;0;0;1;1561;"Fensterheber"
"WRN157L";9;8;0;1;3;3;0;100;0;0;0;1;1561;"Fensterheber"
"WRN158L";9;9;0;0;1;1;0;100;0;0;0;1;1561;"Fensterheber"
"WRN161L";7;7;0;0;5;5;0;100;0;0;0;1;1561;"Fensterheber"
"WRN161R";4;3;0;1;2;2;0;100;0;0;0;1;1561;"Fensterheber"
"WRN162R";1;1;0;0;1;1;0;100;0;0;0;1;1561;"Fensterheber"
"WRN163L";4;3;0;1;1;1;0;100;0;0;0;1;1561;"Fensterheber"
"WRN163R";5;4;0;1;1;1;0;100;0;0;0;1;1561;"Fensterheber"
"WRN165L";5;4;0;1;2;2;0;100;0;0;0;1;1561;"Fensterheber"
"WRN165R";1;1;0;0;1;1;0;100;0;0;0;1;1561;"Fensterheber"
"WSK100R";5;5;0;0;2;2;0;100;0;0;0;1;1561;"Fensterheber"
"WSK101L";8;8;0;0;1;1;0;100;0;0;0;1;1561;"Fensterheber"
"WSK101R";5;5;0;0;4;4;0;100;0;0;0;1;1561;"Fensterheber"
"WSK102L";1;1;0;0;1;1;0;100;0;0;0;1;1561;"Fensterheber"
"WSK103L";1;1;0;0;1;1;0;100;0;0;0;1;1561;"Fensterheber"
"WSK110R";5;5;0;0;1;1;0;100;0;0;0;1;1561;"Fensterheber"
"WSK120L";7;7;0;0;3;3;0;100;0;0;0;1;1561;"Fensterheber"
"WSK120R";5;5;0;0;4;4;0;100;0;0;0;1;1561;"Fensterheber"
"WSK130L";3;3;0;0;1;1;0;100;0;0;0;1;1561;"Fensterheber"
"WSK130PL";10;10;0;0;4;4;0;100;0;0;0;1;1561;"Fensterheber"
"WSK130PR";8;8;0;0;6;6;0;100;0;0;0;1;1561;"Fensterheber"
"WST112L";1;1;0;0;1;1;0;100;0;0;0;1;1561;"Fensterheber"
"WST112R";5;5;0;0;4;4;0;100;0;0;0;1;1561;"Fensterheber"
"WST114R";1;1;0;0;1;1;0;100;0;0;0;1;1561;"Fensterheber"
"WST131L";1;1;0;0;1;1;0;100;0;0;0;1;1561;"Fensterheber"
"WVW101R";4;4;0;0;1;1;0;100;0;0;0;1;1561;"Fensterheber"
"WVW102R";4;4;0;0;1;1;0;100;0;0;0;1;1561;"Fensterheber"
"WVW103R";1;1;0;0;1;1;0;100;0;0;0;1;1561;"Fensterheber"
"WVW129R";2;2;0;0;1;1;0;100;0;0;0;1;1561;"Fensterheber"
"WVW131L";3;3;0;0;1;1;0;100;0;0;0;1;1561;"Fensterheber"
"WVW131PR";2;2;0;0;1;1;0;100;0;0;0;1;1561;"Fensterheber"
"WVW132L";4;4;0;0;2;2;0;100;0;0;0;1;1561;"Fensterheber"
"WVW135L";3;3;0;0;1;1;0;100;0;0;0;1;1561;"Fensterheber"
"WVW135PR";1;1;0;0;1;1;0;100;0;0;0;1;1561;"Fensterheber"
"WVW135R";2;2;0;0;1;1;0;100;0;0;0;1;1561;"Fensterheber"
"WVW137R";1;1;0;0;1;1;0;100;0;0;0;1;1561;"Fensterheber"
"WVW139L";1;1;0;0;1;1;0;100;0;0;0;1;1561;"Fensterheber"
"WVW142L";1;1;0;0;1;1;0;100;0;0;0;1;1561;"Fensterheber"
"WVW153L";1;1;0;0;1;1;0;100;0;0;0;1;1561;"Fensterheber"
"WVW157L";2;2;0;0;1;1;0;100;0;0;0;1;1561;"Fensterheber"
"WVW158L";7;6;0;1;2;2;0;100;0;0;0;1;1561;"Fensterheber"
"WVW175L";6;5;0;1;5;5;0;100;0;0;0;1;1561;"Fensterheber"
"WVW175R";4;4;0;0;1;1;0;100;0;0;0;1;1561;"Fensterheber"
"WVW180L";1;1;0;0;1;1;0;100;0;0;0;1;1561;"Fensterheber"
"WVW184R";4;4;0;0;2;2;0;100;0;0;0;1;1561;"Fensterheber"
"WVW189L";7;7;0;0;3;3;0;100;0;0;0;1;1561;"Fensterheber"
"WVW190R";1;1;0;0;1;1;0;100;0;0;0;1;1561;"Fensterheber"
"WVW231R";1;1;0;0;1;1;0;100;0;0;0;1;1561;"Fensterheber"
"WVW233L";5;5;0;0;1;1;0;100;0;0;0;1;1561;"Fensterheber"
"WZD102R";5;4;0;1;2;2;0;100;0;0;0;1;1561;"Fensterheber"
"XR848093";4;2;0;2;1;1;0;100;0;0;0;0;1561;"Fensterheber"
"XS41A23201BV";5;4;1;0;1;1;0;100;0;0;1;0;1561;"Fensterheber"
"XS41A23201BY";13;11;0;2;1;1;0;100;0;0;1;0;1561;"Fensterheber"
"XS41B23201AX";1;1;0;0;2;2;0;100;0;0;0;0;1561;"Fensterheber"
"YC0821";2;2;0;0;1;1;0;100;0;0;0;0;1561;"Fensterheber"
"YC0941";2;2;0;0;1;1;0;100;0;0;0;0;1561;"Fensterheber"
"YC0960";2;2;0;0;1;1;0;100;0;0;0;0;1561;"Fensterheber"
"YC0965";1;1;0;0;1;1;0;100;0;0;0;0;1561;"Fensterheber"
"YQ00112480";5;4;0;1;1;1;0;100;1;0;0;0;1561;"Fensterheber"
"ZA703R";1;1;0;0;1;1;1;100;0;0;1;0;1561;"Fensterheber"
"ZRAA38L";2;2;0;0;1;1;0;100;0;0;1;1;1561;"Fensterheber"
"ZRAA48L";2;2;0;0;1;1;0;100;0;0;1;1;1561;"Fensterheber"
"ZRAA49R";3;3;0;0;2;2;0;100;0;0;1;1;1561;"Fensterheber"
"ZRAA701L";2;2;0;0;1;1;0;100;0;0;1;1;1561;"Fensterheber"
"ZRAA701R";5;5;0;0;2;2;0;100;0;0;1;1;1561;"Fensterheber"
"ZRAD703L";9;8;0;1;2;2;0;100;0;0;1;1;1561;"Fensterheber"
"ZRAD705L";4;4;0;0;2;2;0;100;0;0;1;1;1561;"Fensterheber"
"ZRAD706L";4;4;0;0;1;1;0;100;0;0;1;1;1561;"Fensterheber"
"ZRAD712R";5;5;0;0;1;1;0;100;0;0;1;1;1561;"Fensterheber"
"ZRAD715R";2;2;0;0;1;1;0;100;0;0;1;1;1561;"Fensterheber"
"ZRAD716R";3;3;0;0;1;1;0;100;0;0;1;1;1561;"Fensterheber"
"ZRAD718L";3;3;0;0;1;1;0;100;0;0;1;1;1561;"Fensterheber"
"ZRAD718R";1;1;0;0;1;1;0;100;0;0;1;1;1561;"Fensterheber"
"ZRAD724L";4;4;0;0;2;2;0;100;0;0;1;1;1561;"Fensterheber"
"ZRAD727L";2;2;0;0;1;1;0;100;0;0;1;1;1561;"Fensterheber"
"ZRAD736L";1;1;0;0;1;1;0;100;0;0;1;1;1561;"Fensterheber"
"ZRAD736R";4;4;0;0;1;1;0;100;0;0;1;1;1561;"Fensterheber"
"ZRBM24R";4;4;0;0;2;2;0;100;0;0;1;1;1561;"Fensterheber"
"ZRBM703L";2;2;0;0;1;1;0;100;0;0;1;1;1561;"Fensterheber"
"ZRBM703R";1;1;0;0;1;1;0;100;0;0;1;1;1561;"Fensterheber"
"ZRBM708L";2;2;0;0;1;1;0;100;0;0;1;1;1561;"Fensterheber"
"ZRBM708R";3;3;0;0;2;2;0;100;0;0;1;1;1561;"Fensterheber"
"ZRBM718L";7;6;0;1;1;1;0;100;0;0;1;1;1561;"Fensterheber"
"ZRBM718R";4;4;0;0;1;1;0;100;0;0;1;1;1561;"Fensterheber"
"ZRCT22L";8;4;0;4;1;1;0;100;0;0;1;1;1561;"Fensterheber"
"ZRCT22R";2;2;0;0;1;1;0;100;0;0;1;1;1561;"Fensterheber"
"ZRCT42R";8;8;0;0;1;1;0;100;0;0;1;1;1561;"Fensterheber"
"ZRCT702L";5;5;0;0;1;1;0;100;0;0;1;1;1561;"Fensterheber"
"ZRCT704R";3;3;0;0;1;1;0;100;0;0;1;1;1561;"Fensterheber"
"ZRCT710L";1;1;0;0;1;1;0;100;0;0;1;1;1561;"Fensterheber"
"ZRCT710R";1;1;0;0;1;1;0;100;0;0;1;1;1561;"Fensterheber"
"ZRCT716L";1;1;0;0;1;1;0;100;0;0;1;1;1561;"Fensterheber"
"ZRCT717R";6;6;0;0;2;1;0;50;0;0;1;1;1561;"Fensterheber"
"ZRCT719R";4;4;0;0;3;3;0;100;0;0;1;1;1561;"Fensterheber"
"ZRCT723L";1;1;0;0;1;1;0;100;0;0;1;1;1561;"Fensterheber"
"ZRCT723R";1;1;0;0;1;1;0;100;0;0;1;1;1561;"Fensterheber"
"ZRCT738R";1;1;0;0;1;1;0;100;0;0;0;1;1561;"Fensterheber"
"ZRDN108R";2;1;0;1;1;1;0;100;0;0;0;1;1561;"Fensterheber"
"ZRDN67LB";4;4;0;0;2;2;0;100;0;0;1;1;1561;"Fensterheber"
"ZRDN78L";4;4;0;0;1;1;0;100;0;0;1;1;1561;"Fensterheber"
"ZRFR716L";2;2;0;0;1;1;0;100;0;0;1;1;1561;"Fensterheber"
"ZRFT707R";10;10;0;0;2;1;0;50;0;0;1;1;1561;"Fensterheber"
"ZRFT711R";1;0;0;1;1;1;0;100;0;0;0;1;1561;"Fensterheber"
"ZRFT724L";11;8;0;3;2;2;0;100;0;0;0;1;1561;"Fensterheber"
"ZRFT72R";9;9;0;0;2;2;0;100;0;0;1;1;1561;"Fensterheber"
"ZRFT902L";2;2;0;0;1;1;0;100;0;0;1;1;1561;"Fensterheber"
"ZRFT909R";8;8;0;0;1;1;0;100;0;0;1;1;1561;"Fensterheber"
"ZRHDO62LC";1;1;0;0;1;1;0;100;0;0;1;1;1561;"Fensterheber"
"ZRHY22L";1;1;0;0;1;1;0;100;0;0;0;1;1561;"Fensterheber"
"ZRHY29L";2;1;0;1;1;1;0;100;0;0;1;1;1561;"Fensterheber"
"ZRHY711L";1;1;0;0;1;1;0;100;0;0;0;1;1561;"Fensterheber"
"ZRJE19L";1;1;0;0;1;1;0;100;0;0;1;1;1561;"Fensterheber"
"ZRJG02L";1;1;0;0;1;1;0;100;0;0;1;1;1561;"Fensterheber"
"ZRKA701L";1;1;0;0;1;1;0;100;0;0;1;1;1561;"Fensterheber"
"ZRLR12L";3;3;0;0;1;1;0;100;0;0;0;1;1561;"Fensterheber"
"ZRLR16R";2;2;0;0;1;1;0;100;0;0;1;1;1561;"Fensterheber"
"ZRMA702L";1;1;0;0;1;1;0;100;0;0;1;1;1561;"Fensterheber"
"ZRME63RB";2;2;0;0;1;1;0;100;0;0;1;1;1561;"Fensterheber"
"ZRME703L";5;5;0;0;2;1;0;50;0;0;1;1;1561;"Fensterheber"
"ZRME708R";7;7;0;0;2;2;0;100;0;0;1;1;1561;"Fensterheber"
"ZRMI32RB";3;2;0;1;1;1;0;100;0;0;1;1;1561;"Fensterheber"
"ZRMI56L";4;4;0;0;1;1;0;100;0;0;1;1;1561;"Fensterheber"
"ZROP28R";2;2;0;0;1;1;0;100;0;0;0;1;1561;"Fensterheber"
"ZROP43LB";4;4;0;0;1;1;0;100;0;0;1;1;1561;"Fensterheber"
"ZROP704R";3;3;0;0;1;1;0;100;0;0;1;1;1561;"Fensterheber"
"ZROP708L";1;1;0;0;1;1;0;100;0;0;1;1;1561;"Fensterheber"
"ZROP708R";1;1;0;0;1;1;0;100;0;0;1;1;1561;"Fensterheber"
"ZROP73L";3;3;0;0;1;1;0;100;0;0;1;1;1561;"Fensterheber"
"ZROPO55RC";4;4;0;0;1;1;0;100;0;0;1;1;1561;"Fensterheber"
"ZRPG702R";4;4;0;0;1;1;0;100;0;0;1;1;1561;"Fensterheber"
"ZRPG709R";1;1;0;0;1;1;0;100;0;0;1;1;1561;"Fensterheber"
"ZRPG713L";4;4;0;0;1;1;0;100;0;0;1;1;1561;"Fensterheber"
"ZRPG714R";9;8;0;1;2;2;2;100;0;0;1;1;1561;"Fensterheber"
"ZRPG715R";4;4;0;0;1;1;0;100;0;0;1;1;1561;"Fensterheber"
"ZRPG718R";4;4;0;0;1;1;0;100;0;0;1;1;1561;"Fensterheber"
"ZRPG731R";1;1;0;0;1;1;0;100;0;0;0;1;1561;"Fensterheber"
"ZRRN22L";2;2;0;0;1;1;0;100;0;0;1;1;1561;"Fensterheber"
"ZRRN48L";3;3;0;0;1;1;0;100;0;0;1;1;1561;"Fensterheber"
"ZRRN48R";3;3;0;0;4;4;0;100;0;0;1;1;1561;"Fensterheber"
"ZRRN49L";9;9;0;0;2;2;0;100;0;0;1;1;1561;"Fensterheber"
"ZRRN705L";7;7;0;0;1;1;0;100;0;0;1;1;1561;"Fensterheber"
"ZRRN705R";8;8;0;0;1;1;0;100;0;0;1;1;1561;"Fensterheber"
"ZRRN707R";3;3;0;0;2;2;0;100;0;0;1;1;1561;"Fensterheber"
"ZRRN710L";3;3;0;0;1;1;1;100;0;0;1;1;1561;"Fensterheber"
"ZRRN710R";9;9;0;0;4;4;0;100;0;0;1;1;1561;"Fensterheber"
"ZRRN718R";1;1;0;0;1;1;0;100;0;0;1;1;1561;"Fensterheber"
"ZRRN71L";2;2;0;0;1;1;0;100;0;0;1;1;1561;"Fensterheber"
"ZRRV15L";3;3;0;0;1;1;0;100;0;0;1;1;1561;"Fensterheber"
"ZRRV19R";6;4;0;2;1;1;0;100;0;0;1;1;1561;"Fensterheber"
"ZRRV25L";1;1;0;0;1;1;0;100;0;0;1;1;1561;"Fensterheber"
"ZRSK701R";4;4;0;0;1;1;0;100;0;0;1;1;1561;"Fensterheber"
"ZRSK707L";6;6;0;0;1;1;0;100;0;0;1;1;1561;"Fensterheber"
"ZRST13RB";3;3;0;0;1;1;0;100;0;0;1;1;1561;"Fensterheber"
"ZRST14LB";3;3;0;0;1;1;0;100;0;0;1;1;1561;"Fensterheber"
"ZRST15RB";4;4;0;0;1;1;0;100;0;0;1;1;1561;"Fensterheber"
"ZRST709R";1;1;0;0;1;1;0;100;0;0;1;1;1561;"Fensterheber"
"ZRSTO24LC";4;3;0;1;1;1;0;100;0;0;1;1;1561;"Fensterheber"
"ZRTY110L";11;10;0;1;1;1;0;100;0;0;1;1;1561;"Fensterheber"
"ZRTY61L";7;3;0;4;1;1;0;100;0;0;1;1;1561;"Fensterheber"
"ZRVK39RB";4;4;0;0;1;1;0;100;0;0;1;1;1561;"Fensterheber"
"ZRVK702L";7;7;0;0;2;2;0;100;0;0;1;1;1561;"Fensterheber"
"ZRVK704L";12;10;0;2;2;2;0;100;0;0;1;1;1561;"Fensterheber"
"ZRVK705R";4;4;0;0;3;3;0;100;0;0;1;1;1561;"Fensterheber"
"ZRVK706L";2;2;0;0;2;2;0;100;0;0;1;1;1561;"Fensterheber"
"ZRVK709R";6;6;0;0;3;3;0;100;0;0;1;1;1561;"Fensterheber"
"ZRVK711R";3;3;0;0;1;1;0;100;0;0;1;1;1561;"Fensterheber"
"ZRVK713L";5;5;0;0;2;2;0;100;0;0;1;1;1561;"Fensterheber"
"ZRVK715R";3;3;0;0;1;1;0;100;0;0;1;1;1561;"Fensterheber"
"ZRVK717R";2;2;0;0;1;1;0;100;0;0;1;1;1561;"Fensterheber"
"ZRVK719L";6;6;0;0;3;3;0;100;0;0;1;1;1561;"Fensterheber"
"ZRVK719R";4;4;0;0;1;1;0;100;0;0;1;1;1561;"Fensterheber"
"ZRVK725L";6;6;0;0;2;2;0;100;0;0;1;1;1561;"Fensterheber"
"ZRVK727L";2;2;0;0;1;1;0;100;0;0;1;1;1561;"Fensterheber"
"ZRVK732L";2;2;0;0;1;1;0;100;0;0;1;1;1561;"Fensterheber"
"ZRVK733L";4;4;0;0;2;2;0;100;0;0;0;1;1561;"Fensterheber"
"ZRVK734L";4;4;0;0;2;2;0;100;0;0;0;1;1561;"Fensterheber"
"ZRVK738L";3;3;0;0;1;1;0;100;0;0;1;1;1561;"Fensterheber"
"ZRVK748R";2;2;0;0;1;1;0;100;0;0;0;1;1561;"Fensterheber"
"ZRVKO79LC";5;5;0;0;1;1;0;100;0;0;1;1;1561;"Fensterheber"
"ZRVKO79RC";5;5;0;0;1;1;0;100;0;0;1;1;1561;"Fensterheber"
"ZRVL704L";4;4;0;0;2;2;0;100;0;0;1;1;1561;"Fensterheber"
"ZRVL704R";3;3;0;0;1;1;0;100;0;0;1;1;1561;"Fensterheber"
"ZRZA134L";4;2;0;2;1;1;0;100;0;0;0;1;1561;"Fensterheber"
"ZRZA29R";5;5;0;0;1;1;0;100;0;0;1;1;1561;"Fensterheber"
"ZRZAO145LC";2;2;0;0;1;1;0;100;0;0;1;1;1561;"Fensterheber"
