GENART_DESC;GENARTNR;TYPENR;BSK_POS;ART_CNT;KHER;KMOD;KW;BJVON;BJBIS;PS;CCMTECH
"Fensterheber";1561;1;5;11;"OPEL";"CORSA D (S07)";66;200607;201408;90;1364
"Fensterheber";1561;49;2;4;"BMW";"3 (E36)";73;199103;199308;100;1596
"Fensterheber";1561;50;6;4;"BMW";"3 (E36)";75;199309;199805;102;1596
"Fensterheber";1561;51;1;4;"BMW";"3 (E36)";83;199009;199308;113;1796
"Fensterheber";1561;54;4;4;"BMW";"3 (E36)";110;199101;199802;150;1990
"Fensterheber";1561;55;3;4;"BMW";"3 Coupe (E36)";110;199112;199811;150;1990
"Fensterheber";1561;302;4;4;"BMW";"3 Cabriolet (E36)";110;199312;199911;150;1990
"Fensterheber";1561;303;1;4;"BMW";"3 Cabriolet (E36)";141;199303;199508;192;2494
"Fensterheber";1561;309;7;6;"MERCEDES-BENZ";"190 (W201)";80;199004;199308;109;1797
"Fensterheber";1561;310;1;6;"MERCEDES-BENZ";"190 (W201)";66;198210;198410;90;1996
"Fensterheber";1561;317;2;4;"VW";"PASSAT B7 Variant (365)";90;201008;201412;122;1390
"Fensterheber";1561;318;1;6;"MERCEDES-BENZ";"190 (W201)";87;198501;199308;118;1996
"Fensterheber";1561;319;6;6;"MERCEDES-BENZ";"190 (W201)";90;198210;199306;122;1996
"Fensterheber";1561;327;2;4;"VW";"PASSAT B7 Variant (365)";77;201008;201412;105;1598
"Fensterheber";1561;348;2;6;"MERCEDES-BENZ";"190 (W201)";53;198308;198908;72;1997
"Fensterheber";1561;349;2;6;"MERCEDES-BENZ";"190 (W201)";55;198908;199308;75;1997
"Fensterheber";1561;350;1;6;"MERCEDES-BENZ";"190 (W201)";66;198504;199308;90;2497
"Fensterheber";1561;356;10;4;"VW";"PASSAT B7 Variant (365)";103;201008;201412;140;1968
"Fensterheber";1561;370;17;4;"RENAULT";"MEGANE III Grandtour (KZ0/1)";78;200902;;106;1461
"Fensterheber";1561;371;3;4;"RENAULT";"MEGANE III Schrägheck (BZ0/1_, B3_)";78;200902;;106;1461
"Fensterheber";1561;434;5;8;"CITROËN";"C4 II (NC_)";88;200911;201612;120;1598
"Fensterheber";1561;439;2;4;"MERCEDES-BENZ";"124 Stufenheck (W124)";97;198412;199203;132;2298
"Fensterheber";1561;442;1;4;"MERCEDES-BENZ";"124 Stufenheck (W124)";118;198509;199208;160;2597
"Fensterheber";1561;446;1;4;"MERCEDES-BENZ";"124 Stufenheck (W124)";132;198508;199208;180;2960
"Fensterheber";1561;450;1;4;"MERCEDES-BENZ";"124 Stufenheck (W124)";53;198412;198908;72;1997
"Fensterheber";1561;451;1;4;"MERCEDES-BENZ";"124 Stufenheck (W124)";55;198908;199306;75;1997
"Fensterheber";1561;455;1;4;"MERCEDES-BENZ";"124 Stufenheck (W124)";93;198809;199306;126;2497
"Fensterheber";1561;458;2;4;"MERCEDES-BENZ";"124 Stufenheck (W124)";81;199006;199306;110;2996
"Fensterheber";1561;463;10;8;"CITROËN";"C4 II (NC_)";70;200911;;95;1397
"Fensterheber";1561;465;1;4;"MERCEDES-BENZ";"124 Stufenheck (W124)";108;198809;199306;147;2996
"Fensterheber";1561;468;2;4;"MERCEDES-BENZ";"E-CLASS (W124)";100;199306;199506;136;1998
"Fensterheber";1561;469;2;4;"MERCEDES-BENZ";"E-CLASS (W124)";110;199306;199506;150;2199
"Fensterheber";1561;470;9;8;"CITROËN";"C4 II (NC_)";68;200911;;92;1560
"Fensterheber";1561;472;4;8;"CITROËN";"C4 II (NC_)";82;200911;;112;1560
"Fensterheber";1561;503;1;4;"CHEVROLET";"MATIZ (M200, M250)";49;200503;201103;67;995
"Fensterheber";1561;504;79;6;"FIAT";"PANDA (169_)";51;201003;201308;69;1242
"Fensterheber";1561;507;4;0;"MERCEDES-BENZ";"E-CLASS T-Model (S124)";100;199306;199606;136;1998
"Fensterheber";1561;508;1;0;"MERCEDES-BENZ";"E-CLASS T-Model (S124)";110;199306;199606;150;2199
"Fensterheber";1561;514;1;0;"MERCEDES-BENZ";"E-CLASS T-Model (S124)";162;199306;199606;220;3199
"Fensterheber";1561;518;3;0;"MERCEDES-BENZ";"E-CLASS T-Model (S124)";142;199306;199606;193;2799
"Fensterheber";1561;519;20;4;"SEAT";"ALHAMBRA (710, 711)";110;201006;201504;150;1390
"Fensterheber";1561;520;96;4;"SEAT";"ALHAMBRA (710, 711)";103;201006;;140;1968
"Fensterheber";1561;521;11;4;"SEAT";"ALHAMBRA (710, 711)";125;201006;201302;170;1968
"Fensterheber";1561;523;1;3;"SEAT";"IBIZA IV (6J5, 6P1)";44;200907;201105;60;1198
"Fensterheber";1561;525;1;0;"MERCEDES-BENZ";"S-CLASS Stufenheck (W108, W109)";103;196710;197207;140;2780
"Fensterheber";1561;684;1;0;"MERCEDES-BENZ";"S-CLASS (W126)";132;198601;199106;180;2960
"Fensterheber";1561;692;1;0;"MERCEDES-BENZ";"S-CLASS (W126)";150;198110;198508;204;3839
"Fensterheber";1561;704;1;8;"PEUGEOT";"508 SW I (8E_)";88;201011;201812;120;1598
"Fensterheber";1561;711;6;8;"PEUGEOT";"508 I (8D_)";115;201011;201812;156;1598
"Fensterheber";1561;712;11;8;"PEUGEOT";"508 SW I (8E_)";115;201011;201812;156;1598
"Fensterheber";1561;713;8;8;"PEUGEOT";"508 I (8D_)";82;201011;201812;112;1560
"Fensterheber";1561;714;16;8;"PEUGEOT";"508 SW I (8E_)";82;201011;201812;112;1560
"Fensterheber";1561;717;17;8;"PEUGEOT";"508 I (8D_)";103;201011;201812;140;1997
"Fensterheber";1561;730;27;8;"PEUGEOT";"508 SW I (8E_)";103;201011;201812;140;1997
"Fensterheber";1561;731;18;8;"PEUGEOT";"508 I (8D_)";120;201011;201812;163;1997
"Fensterheber";1561;732;60;8;"PEUGEOT";"508 SW I (8E_)";120;201011;201812;163;1997
"Fensterheber";1561;733;13;8;"PEUGEOT";"508 I (8D_)";150;201011;201812;204;2179
"Fensterheber";1561;754;23;8;"PEUGEOT";"508 SW I (8E_)";150;201011;201812;204;2179
"Fensterheber";1561;850;1;4;"OPEL";"ASTRA J Caravan (P10)";74;201010;201510;101;1398
"Fensterheber";1561;884;1;4;"OPEL";"ASTRA J Caravan (P10)";88;201010;201510;120;1364
"Fensterheber";1561;908;2;4;"OPEL";"ASTRA J Caravan (P10)";103;201010;201510;140;1364
"Fensterheber";1561;952;8;0;"MERCEDES-BENZ";"S-CLASS (W140)";170;199103;199810;231;3199
"Fensterheber";1561;953;1;0;"MERCEDES-BENZ";"S-CLASS (W140)";205;199301;199810;279;4196
"Fensterheber";1561;955;5;0;"MERCEDES-BENZ";"S-CLASS (W140)";235;199301;199810;320;4973
"Fensterheber";1561;966;1;8;"MERCEDES-BENZ";"C-CLASS (W202)";90;199303;200005;122;1799
"Fensterheber";1561;967;1;8;"MERCEDES-BENZ";"C-CLASS (W202)";110;199303;200005;150;2199
"Fensterheber";1561;1021;2;4;"OPEL";"ASTRA J Caravan (P10)";92;201010;201510;125;1686
"Fensterheber";1561;1046;1;10;"FIAT";"DOBLO Cargo (263_)";77;201002;;105;1598
"Fensterheber";1561;1051;1;10;"FIAT";"DOBLO Bus (263_)";66;201002;;90;1598
"Fensterheber";1561;1052;5;4;"ABARTH";"500 / 595 / 695";132;200808;;180;1368
"Fensterheber";1561;1053;1;4;"ABARTH";"500 / 595 / 695";140;200808;;190;1368
"Fensterheber";1561;1054;1;4;"ABARTH";"500C / 595C / 695C";103;200909;;140;1368
"Fensterheber";1561;1060;1;0;"ABARTH";"PUNTO";120;201203;;163;1368
"Fensterheber";1561;1068;1;0;"AUDI";"80 B2 Stufenheck (811, 813, 814, 819, 853)";66;198301;198608;90;1781
"Fensterheber";1561;1071;1;4;"FORD";"FIESTA III (GFJ)";40;198903;199512;55;1119
"Fensterheber";1561;1075;1;4;"FORD";"FIESTA III (GFJ)";37;198903;199512;50;1119
"Fensterheber";1561;1078;1;4;"FORD";"FIESTA III (GFJ)";44;199105;199701;60;1299
"Fensterheber";1561;1087;1;4;"FORD";"ESCORT V (AAL, ABL)";44;199007;199501;60;1299
"Fensterheber";1561;1310;1;0;"AUDI";"100 C3 Stufenheck (443, 444)";66;198503;199011;90;1781
"Fensterheber";1561;1318;1;0;"AUDI";"100 C3 Stufenheck (443, 444)";121;198608;199011;165;2226
"Fensterheber";1561;1380;1;2;"AUDI";"100 C4 Stufenheck (4A2)";85;199012;199407;115;2461
"Fensterheber";1561;1418;2;0;"AUDI";"100 C3 Avant (445, 446)";66;198308;198907;90;1781
"Fensterheber";1561;1429;2;0;"AUDI";"100 C3 Avant (445, 446)";88;199001;199011;120;2461
"Fensterheber";1561;1491;3;6;"FIAT";"PANDA (169_)";57;201009;201308;78;1368
"Fensterheber";1561;1495;7;4;"RENAULT";"MEGANE III Schrägheck (BZ0/1_, B3_)";63;200811;;86;1461
"Fensterheber";1561;1498;2;6;"FIAT";"PANDA (169_)";55;201009;201308;75;1248
"Fensterheber";1561;1500;12;4;"FIAT";"500 C (312_)";63;200909;;86;875
"Fensterheber";1561;1553;6;6;"FIAT";"PANDA (169_)";51;201004;201308;69;1242
"Fensterheber";1561;1604;2;0;"VW";"POLO II (86C, 80)";40;198707;199409;55;1272
"Fensterheber";1561;1605;1;0;"VW";"POLO II (86C, 80)";33;198908;199409;45;1043
"Fensterheber";1561;1620;1;3;"NISSAN";"NP300 NAVARA (D40)";170;201002;;231;2993
"Fensterheber";1561;1625;2;0;"VW";"GOLF I (17)";81;197608;198207;110;1588
"Fensterheber";1561;1644;2;1;"VW";"GOLF II (19E, 1G1)";40;198308;198706;55;1272
"Fensterheber";1561;1645;12;2;"VW";"GOLF II (19E, 1G1)";51;198610;199212;70;1595
"Fensterheber";1561;1646;2;2;"VW";"GOLF II (19E, 1G1)";53;198602;199110;72;1595
"Fensterheber";1561;1647;5;2;"VW";"GOLF II (19E, 1G1)";55;198308;199207;75;1595
"Fensterheber";1561;1649;1;2;"VW";"GOLF II (19E, 1G1)";62;198608;199001;84;1781
"Fensterheber";1561;1651;16;2;"VW";"GOLF II (19E, 1G1)";66;198708;199110;90;1781
"Fensterheber";1561;1653;4;2;"VW";"GOLF II (19E, 1G1)";79;198701;199110;107;1781
"Fensterheber";1561;1654;5;2;"VW";"GOLF II (19E, 1G1)";82;198308;199110;112;1781
"Fensterheber";1561;1658;23;2;"VW";"GOLF II (19E, 1G1)";40;198308;199110;54;1588
"Fensterheber";1561;1659;3;2;"VW";"GOLF II (19E, 1G1)";51;198308;199110;70;1588
"Fensterheber";1561;1660;1;2;"VW";"GOLF II (19E, 1G1)";59;198904;199110;80;1588
"Fensterheber";1561;1662;7;2;"VW";"GOLF II (19E, 1G1)";44;198908;199110;60;1588
"Fensterheber";1561;1673;4;4;"VW";"JETTA II (19E, 1G2, 165)";40;198401;199110;54;1588
"Fensterheber";1561;1699;1;0;"VW";"PASSAT B2 (32B)";66;198301;198803;90;1781
"Fensterheber";1561;1713;1;3;"VW";"PASSAT B3/B4 (3A2, 35I)";59;198808;199309;80;1588
"Fensterheber";1561;1716;1;3;"VW";"PASSAT B3/B4 (3A2, 35I)";66;199310;199608;90;1896
"Fensterheber";1561;1717;1;3;"VW";"PASSAT B3/B4 (3A2, 35I)";55;199008;199608;75;1781
"Fensterheber";1561;1718;1;3;"VW";"PASSAT B3/B4 (3A2, 35I)";66;198802;199608;90;1781
"Fensterheber";1561;1756;6;6;"FIAT";"SEDICI (189_)";88;200606;201410;120;1586
"Fensterheber";1561;1763;2;4;"VW";"TRANSPORTER T4 Bus (70B, 70C, 7DB, 7DK, 70J, 70K, 7DC, 7DJ)";57;199210;199809;78;2370
"Fensterheber";1561;1769;3;4;"VW";"TRANSPORTER T4 Bus (70B, 70C, 7DB, 7DK, 70J, 70K, 7DC, 7DJ)";81;199009;200306;110;2461
"Fensterheber";1561;1808;1;4;"OPEL";"ASTRA F CC (T92)";52;199305;199607;71;1598
"Fensterheber";1561;1813;1;4;"OPEL";"ASTRA F CC (T92)";66;199109;199801;90;1796
"Fensterheber";1561;1823;1;4;"OPEL";"ASTRA F Caravan (T92)";44;199109;199801;60;1389
"Fensterheber";1561;1838;1;7;"OPEL";"CORSA B (S93)";49;199303;200009;67;1488
"Fensterheber";1561;1839;2;7;"OPEL";"CORSA B (S93)";33;199303;200009;45;1195
"Fensterheber";1561;1849;2;6;"FIAT";"SCUDO Kasten (270_, 272_)";120;201007;201603;163;1997
"Fensterheber";1561;1856;8;6;"FIAT";"PUNTO EVO (199_)";57;200910;201202;78;1368
"Fensterheber";1561;1861;1;4;"VW";"TRANSPORTER T4 Bus (70B, 70C, 7DB, 7DK, 70J, 70K, 7DC, 7DJ)";44;199009;199512;60;1896
"Fensterheber";1561;1862;5;4;"VW";"TRANSPORTER T4 Bus (70B, 70C, 7DB, 7DK, 70J, 70K, 7DC, 7DJ)";50;199210;200304;68;1896
"Fensterheber";1561;1863;4;4;"VW";"TRANSPORTER T4 Bus (70B, 70C, 7DB, 7DK, 70J, 70K, 7DC, 7DJ)";57;199009;199804;78;2370
"Fensterheber";1561;1864;1;4;"VW";"TRANSPORTER T4 Bus (70B, 70C, 7DB, 7DK, 70J, 70K, 7DC, 7DJ)";62;199009;200304;84;1968
"Fensterheber";1561;1865;20;6;"FIAT";"PUNTO EVO (199_)";62;200910;201202;84;1248
"Fensterheber";1561;1866;9;12;"VW";"GOLF III (1H1)";47;199111;199708;64;1896
"Fensterheber";1561;1867;6;12;"VW";"GOLF III (1H1)";55;199111;199708;75;1896
"Fensterheber";1561;1868;29;12;"VW";"GOLF III (1H1)";66;199308;199708;90;1896
"Fensterheber";1561;1869;4;12;"VW";"GOLF III (1H1)";40;199111;199708;55;1390
"Fensterheber";1561;1870;22;12;"VW";"GOLF III (1H1)";55;199209;199708;75;1598
"Fensterheber";1561;1871;14;12;"VW";"GOLF III (1H1)";55;199111;199708;75;1781
"Fensterheber";1561;1872;27;12;"VW";"GOLF III (1H1)";66;199111;199708;90;1781
"Fensterheber";1561;1874;21;12;"VW";"GOLF III (1H1)";85;199111;199708;115;1984
"Fensterheber";1561;1876;10;12;"VW";"GOLF III (1H1)";44;199110;199708;60;1390
"Fensterheber";1561;1877;1;12;"VW";"GOLF III (1H1)";128;199201;199708;174;2792
"Fensterheber";1561;1878;53;6;"FIAT";"PUNTO EVO (199_)";51;200910;201202;69;1242
"Fensterheber";1561;1881;4;8;"VW";"VENTO (1H2)";66;199309;199809;90;1896
"Fensterheber";1561;1885;4;8;"VW";"VENTO (1H2)";55;199111;199809;75;1781
"Fensterheber";1561;1888;12;0;"FORD";"RANGER (ET)";105;200605;201207;143;2499
"Fensterheber";1561;1889;4;8;"VW";"VENTO (1H2)";128;199201;199809;174;2792
"Fensterheber";1561;1900;1;6;"VW";"GOLF III Variant (1H5)";55;199307;199904;75;1781
"Fensterheber";1561;1902;1;6;"VW";"GOLF III Variant (1H5)";85;199307;199904;115;1984
"Fensterheber";1561;1903;8;2;"VW";"GOLF III Cabriolet (1E7)";55;199307;199805;75;1781
"Fensterheber";1561;1904;16;2;"VW";"GOLF III Cabriolet (1E7)";66;199307;199805;90;1781
"Fensterheber";1561;1905;7;2;"VW";"GOLF III Cabriolet (1E7)";85;199307;199805;115;1984
"Fensterheber";1561;1910;2;3;"VW";"PASSAT B3/B4 Variant (3A5, 35I)";85;199002;199705;115;1984
"Fensterheber";1561;1911;2;3;"VW";"PASSAT B3/B4 Variant (3A5, 35I)";59;198808;199310;80;1588
"Fensterheber";1561;1913;2;3;"VW";"PASSAT B3/B4 Variant (3A5, 35I)";55;199103;199705;75;1896
"Fensterheber";1561;1914;2;3;"VW";"PASSAT B3/B4 Variant (3A5, 35I)";66;199310;199705;90;1896
"Fensterheber";1561;1915;1;3;"VW";"PASSAT B3/B4 Variant (3A5, 35I)";55;199008;199705;75;1781
"Fensterheber";1561;1916;10;3;"VW";"PASSAT B3/B4 Variant (3A5, 35I)";66;198802;199705;90;1781
"Fensterheber";1561;1936;1;0;"VW";"PASSAT B2 Variant (33B)";51;198204;198803;70;1588
"Fensterheber";1561;1940;67;14;"FIAT";"GRANDE PUNTO (199_)";51;201009;;69;1242
"Fensterheber";1561;1957;1;0;"VW";"POLO Coupe (86C, 80)";40;198707;199408;55;1272
"Fensterheber";1561;1959;1;0;"VW";"POLO Coupe (86C, 80)";83;199008;199409;113;1272
"Fensterheber";1561;1978;7;6;"FIAT";"SCUDO Bus (270_, 272_)";120;201007;201603;163;1997
"Fensterheber";1561;1990;2;6;"RENAULT";"SUPER 5 (B/C40_)";33;198601;199503;45;1108
"Fensterheber";1561;1991;1;6;"RENAULT";"SUPER 5 (B/C40_)";34;198410;198810;46;1108
"Fensterheber";1561;2080;2;2;"RENAULT";"21 (B48_)";54;198909;199210;73;1721
"Fensterheber";1561;2142;11;6;"FIAT";"FIORINO Kasten/Großraumlimousine (225_)";70;200907;;95;1248
"Fensterheber";1561;2169;1;4;"LANCIA";"YPSILON (843_)";51;201008;201112;69;1242
"Fensterheber";1561;2477;3;4;"VW";"TOURAN (1T3)";77;201005;201505;105;1197
"Fensterheber";1561;2480;2;6;"PEUGEOT";"306 Schrägheck (7A, 7C, N3, N5)";55;199304;200107;75;1360
"Fensterheber";1561;2484;4;6;"PEUGEOT";"306 Schrägheck (7A, 7C, N3, N5)";74;199305;200105;101;1761
"Fensterheber";1561;2550;1;2;"FIAT";"PANDA (141_)";25;198601;200310;34;769
"Fensterheber";1561;2555;1;2;"FIAT";"PANDA (141_)";37;198601;199212;50;999
"Fensterheber";1561;2557;13;4;"HYUNDAI";"ix20 (JC)";66;201011;201907;90;1396
"Fensterheber";1561;2621;7;4;"HYUNDAI";"ix20 (JC)";92;201011;201907;125;1591
"Fensterheber";1561;2694;1;2;"FIAT";"CINQUECENTO (170_)";29;199107;199907;40;899
"Fensterheber";1561;2698;3;4;"HYUNDAI";"ix20 (JC)";66;201011;201907;90;1396
"Fensterheber";1561;2723;40;4;"FIAT";"500 (312_)";63;201007;;86;875
"Fensterheber";1561;2910;4;6;"SEAT";"IBIZA II (6K1)";47;199608;199908;64;1896
"Fensterheber";1561;2935;3;4;"CITROËN";"C5 III Break (RW_)";150;201007;;204;2179
"Fensterheber";1561;3040;1;2;"MINI";"MINI (R56)";66;201007;201311;90;1598
"Fensterheber";1561;3083;7;6;"CITROËN";"NEMO Kasten/Großraumlimousine (AA_)";55;201010;;75;1248
"Fensterheber";1561;3216;1;1;"LAND ROVER";"DISCOVERY I (LJ)";83;198910;199810;113;2495
"Fensterheber";1561;3247;1;4;"FIAT";"QUBO (225_)";70;201007;;95;1248
"Fensterheber";1561;3257;4;0;"MERCEDES-BENZ";"CLS (C218)";195;201101;201408;265;2987
"Fensterheber";1561;3317;1;4;"ALFA ROMEO";"MITO (955_)";77;200909;201308;105;1368
"Fensterheber";1561;3414;1;2;"MITSUBISHI";"PAJERO II (V3_W, V2_W, V4_W, V5_W)";73;199012;199910;99;2477
"Fensterheber";1561;3415;1;2;"MITSUBISHI";"PAJERO II (V3_W, V2_W, V4_W, V5_W)";110;199012;199512;150;2972
"Fensterheber";1561;3625;1;2;"TOYOTA";"CARINA E VI Stufenheck (_T19_)";79;199301;199709;107;1587
"Fensterheber";1561;3636;1;4;"TOYOTA";"COROLLA Liftback (_E10_)";65;199207;199704;88;1332
"Fensterheber";1561;3639;1;4;"TOYOTA";"COROLLA Kombi (_E10_)";65;199207;199509;88;1332
"Fensterheber";1561;3712;10;0;"MAZDA";"MX-5 I (NA)";85;199005;199401;115;1597
"Fensterheber";1561;3726;3;4;"BMW";"3 Coupe (E36)";75;199309;199811;102;1596
"Fensterheber";1561;3728;6;4;"BMW";"3 Cabriolet (E36)";85;199403;199911;115;1796
"Fensterheber";1561;3771;1;4;"RENAULT";"RAPID Kasten/Großraumlimousine (F40_, G40_)";40;199409;199803;54;1870
"Fensterheber";1561;3777;2;4;"FIAT";"DUCATO Bus (230_)";85;199403;200204;116;2499
"Fensterheber";1561;3784;16;2;"HYUNDAI";"i30 (GD)";73;201112;201512;99;1396
"Fensterheber";1561;3795;3;10;"FIAT";"PUNTO (176_)";40;199309;199909;54;1108
"Fensterheber";1561;3797;3;10;"FIAT";"PUNTO (176_)";54;199310;199909;73;1242
"Fensterheber";1561;3801;2;10;"FIAT";"PUNTO (176_)";44;199309;199909;60;1242
"Fensterheber";1561;3805;2;0;"FIAT";"COUPE (175_)";140;199311;199608;190;1995
"Fensterheber";1561;3807;1;2;"FIAT";"CINQUECENTO (170_)";40;199410;199801;54;1108
"Fensterheber";1561;3811;34;4;"BMW";"3 Compact (E36)";75;199401;200008;102;1596
"Fensterheber";1561;3813;1;2;"BMW";"7 (E38)";160;199403;199602;218;2997
"Fensterheber";1561;3825;1;4;"BMW";"3 Compact (E36)";103;199409;199512;140;1796
"Fensterheber";1561;3844;1;0;"MITSUBISHI";"OUTLANDER II (CW_W)";103;201009;201211;140;2268
"Fensterheber";1561;3867;1;0;"OPEL";"OMEGA B Caravan (V94)";155;199404;200102;211;2962
"Fensterheber";1561;3880;2;6;"OPEL";"ASTRA F Cabriolet (T92)";85;199411;200103;116;1799
"Fensterheber";1561;3924;2;12;"VW";"GOLF III (1H1)";140;199410;199708;190;2861
"Fensterheber";1561;3928;1;3;"VW";"PASSAT B3/B4 Variant (3A5, 35I)";110;199401;199705;150;1984
"Fensterheber";1561;3929;7;6;"VW";"GOLF III Variant (1H5)";66;199403;199904;90;1896
"Fensterheber";1561;3931;1;6;"VW";"POLO III (6N1)";40;199410;199704;55;1296
"Fensterheber";1561;3932;13;6;"VW";"POLO III (6N1)";55;199410;199910;75;1598
"Fensterheber";1561;3933;3;6;"VW";"POLO III (6N1)";33;199410;199609;45;1043
"Fensterheber";1561;3934;1;3;"VW";"PASSAT B3/B4 (3A2, 35I)";74;199410;199608;101;1595
"Fensterheber";1561;3935;2;3;"VW";"PASSAT B3/B4 Variant (3A5, 35I)";74;199407;199512;101;1595
"Fensterheber";1561;3936;11;12;"VW";"GOLF III (1H1)";74;199507;199708;101;1595
"Fensterheber";1561;3938;2;6;"VW";"GOLF III Variant (1H5)";74;199407;199904;101;1595
"Fensterheber";1561;3939;2;2;"VW";"GOLF III Cabriolet (1E7)";74;199410;199802;101;1595
"Fensterheber";1561;3942;1;2;"VW";"GOLF III Cabriolet (1E7)";66;199508;199805;90;1896
"Fensterheber";1561;3945;1;8;"MERCEDES-BENZ";"C-CLASS (W202)";100;199401;200005;136;1998
"Fensterheber";1561;3953;9;6;"SEAT";"CORDOBA (6K1, 6K2)";44;199406;200210;60;1389
"Fensterheber";1561;3961;17;6;"SEAT";"IBIZA II (6K1)";44;199309;200202;60;1389
"Fensterheber";1561;3980;4;6;"BMW";"3 Touring (E91)";100;200707;201206;136;1995
"Fensterheber";1561;4022;2;2;"MITSUBISHI";"PAJERO II (V3_W, V2_W, V4_W, V5_W)";92;199406;199910;125;2835
"Fensterheber";1561;4051;3;4;"CITROËN";"EVASION Großraumlimousine (22, U6)";89;199406;200207;121;1998
"Fensterheber";1561;4084;2;0;"LAND ROVER";"RANGE ROVER II (P38A)";100;199407;200203;136;2497
"Fensterheber";1561;4112;7;2;"NISSAN";"MICRA II (K11)";40;199208;200007;54;998
"Fensterheber";1561;4144;4;2;"HYUNDAI";"i30 (GD)";66;201112;201612;90;1396
"Fensterheber";1561;4278;1;0;"HONDA";"CONCERTO (HW, MA)";66;198908;199503;90;1493
"Fensterheber";1561;4291;3;3;"HONDA";"CIVIC VI Fastback (MA, MB)";66;199506;200102;90;1396
"Fensterheber";1561;4307;3;2;"NISSAN";"SERENA (C23)";71;199302;200109;97;1597
"Fensterheber";1561;4314;4;5;"NISSAN";"TERRANO II (R20)";74;199302;200201;101;2664
"Fensterheber";1561;4315;1;5;"NISSAN";"TERRANO II (R20)";91;199302;199712;124;2389
"Fensterheber";1561;4450;1;0;"SUZUKI";"SWIFT II Schrägheck (EA, MA)";37;198903;200105;50;993
"Fensterheber";1561;4510;1;0;"SUZUKI";"VITARA Cabrio (ET, TA)";71;199007;199903;97;1590
"Fensterheber";1561;4534;3;4;"FORD";"MAVERICK (UDS, UNS)";74;199302;199608;100;2663
"Fensterheber";1561;4537;3;5;"HYUNDAI";"ACCENT I (X-3)";44;199410;200001;60;1341
"Fensterheber";1561;4538;5;5;"HYUNDAI";"ACCENT I (X-3)";55;199410;200001;75;1341
"Fensterheber";1561;4539;5;5;"HYUNDAI";"ACCENT I (X-3)";62;199410;200001;84;1341
"Fensterheber";1561;4541;1;5;"HYUNDAI";"ACCENT Stufenheck (X-3)";44;199410;200001;60;1341
"Fensterheber";1561;4543;2;5;"HYUNDAI";"ACCENT Stufenheck (X-3)";62;199410;200001;84;1341
"Fensterheber";1561;4602;2;2;"JEEP";"GRAND CHEROKEE I (ZJ, ZG)";155;199201;199904;211;5210
"Fensterheber";1561;4613;32;8;"AUDI";"A4 B5 (8D2)";74;199411;200010;100;1595
"Fensterheber";1561;4614;19;8;"AUDI";"A4 B5 (8D2)";92;199411;200011;125;1781
"Fensterheber";1561;4615;4;8;"AUDI";"A4 B5 (8D2)";110;199501;200011;150;1781
"Fensterheber";1561;4616;3;8;"AUDI";"A4 B5 (8D2)";110;199501;200011;150;2598
"Fensterheber";1561;4617;1;8;"AUDI";"A4 B5 (8D2)";128;199509;199707;174;2771
"Fensterheber";1561;4618;8;8;"AUDI";"A4 B5 (8D2)";66;199501;200011;90;1896
"Fensterheber";1561;4619;1;8;"AUDI";"A4 B5 (8D2)";92;199501;200011;125;1781
"Fensterheber";1561;4621;1;8;"AUDI";"A4 B5 (8D2)";110;199501;200011;150;2598
"Fensterheber";1561;4625;1;4;"BMW";"3 Touring (E36)";66;199503;199904;90;1665
"Fensterheber";1561;4627;2;4;"BMW";"3 (E36)";142;199501;199804;193;2793
"Fensterheber";1561;4628;1;4;"BMW";"3 (E36)";125;199505;199811;170;2494
"Fensterheber";1561;4630;2;4;"BMW";"3 Cabriolet (E36)";142;199501;199911;193;2793
"Fensterheber";1561;4639;1;2;"AUDI";"A6 C4 (4A2)";110;199406;199710;150;2598
"Fensterheber";1561;4650;6;4;"BMW";"3 (E36)";85;199309;199811;115;1796
"Fensterheber";1561;4679;1;6;"VW";"POLO III (6N1)";47;199410;199910;64;1896
"Fensterheber";1561;4682;1;10;"VW";"SHARAN (7M8, 7M9, 7M6)";66;199509;201003;90;1896
"Fensterheber";1561;4683;4;10;"VW";"SHARAN (7M8, 7M9, 7M6)";85;199509;201003;115;1984
"Fensterheber";1561;4689;1;5;"MERCEDES-BENZ";"E-CLASS (W210)";70;199506;199907;95;2155
"Fensterheber";1561;4691;21;5;"MERCEDES-BENZ";"E-CLASS (W210)";100;199506;200008;136;1998
"Fensterheber";1561;4692;2;5;"MERCEDES-BENZ";"E-CLASS (W210)";100;199506;199706;136;2996
"Fensterheber";1561;4693;15;5;"MERCEDES-BENZ";"E-CLASS (W210)";110;199506;199706;150;2295
"Fensterheber";1561;4694;2;5;"MERCEDES-BENZ";"E-CLASS (W210)";162;199506;199706;220;3199
"Fensterheber";1561;4715;2;10;"FORD";"GALAXY I (WGR)";85;199511;200605;116;1998
"Fensterheber";1561;4730;3;2;"TOYOTA";"CARINA E VI Stufenheck (_T19_)";79;199501;199709;107;1762
"Fensterheber";1561;4732;1;2;"TOYOTA";"CARINA E VI (_T19_)";79;199501;199709;107;1762
"Fensterheber";1561;4752;1;2;"ALFA ROMEO";"146 (930_)";76;199412;199612;103;1596
"Fensterheber";1561;4755;3;2;"FIAT";"PANDA (141_)";40;199502;200309;54;1108
"Fensterheber";1561;4756;1;2;"FIAT";"PANDA (141_)";40;199502;200407;54;1108
"Fensterheber";1561;4779;5;2;"NISSAN";"MICRA II (K11)";55;199208;200009;75;1275
"Fensterheber";1561;4788;1;0;"MAZDA";"MX-5 I (NA)";66;199501;199804;90;1598
"Fensterheber";1561;4819;1;6;"SKODA";"OCTAVIA II Combi (1Z5)";81;201105;201302;110;1968
"Fensterheber";1561;4830;1;4;"NISSAN";"PRIMASTAR Kasten (X83)";84;200809;;114;2463
"Fensterheber";1561;4835;2;4;"MERCEDES-BENZ";"E-CLASS (W124)";93;199306;199506;126;2497
"Fensterheber";1561;4845;1;4;"VW";"POLO CLASSIC (86C, 80)";40;198707;199409;55;1272
"Fensterheber";1561;4848;1;4;"MERCEDES-BENZ";"124 Stufenheck (W124)";110;199210;199306;150;2199
"Fensterheber";1561;4851;3;8;"KIA";"CEE'D SW (ED)";66;200907;201212;90;1396
"Fensterheber";1561;4852;6;8;"KIA";"CEE'D SW (ED)";92;200906;201212;125;1591
"Fensterheber";1561;4853;5;14;"FIAT";"GRANDE PUNTO (199_)";57;200807;;78;1368
"Fensterheber";1561;4875;1;8;"KIA";"CEE'D SW (ED)";77;201010;201212;105;1396
"Fensterheber";1561;5013;9;6;"SKODA";"OCTAVIA II Combi (1Z5)";77;200906;201302;105;1598
"Fensterheber";1561;5017;1;6;"SKODA";"OCTAVIA II Combi (1Z5)";75;200908;201211;102;1595
"Fensterheber";1561;5052;19;10;"BMW";"5 (E39)";110;199601;200306;150;1990
"Fensterheber";1561;5053;3;10;"BMW";"5 (E39)";105;199601;200306;143;2497
"Fensterheber";1561;5093;30;10;"BMW";"5 (E39)";125;199509;200008;170;2494
"Fensterheber";1561;5094;15;10;"BMW";"5 (E39)";142;199509;200008;193;2793
"Fensterheber";1561;5098;2;4;"BMW";"3 Coupe (E36)";103;199509;199904;140;1895
"Fensterheber";1561;5099;4;4;"BMW";"3 Coupe (E36)";125;199505;199904;170;2494
"Fensterheber";1561;5101;2;4;"BMW";"3 Touring (E36)";85;199509;199904;116;1796
"Fensterheber";1561;5103;2;4;"BMW";"3 Compact (E36)";103;199601;199908;140;1895
"Fensterheber";1561;5105;1;2;"BMW";"7 (E38)";142;199508;200111;193;2793
"Fensterheber";1561;5125;8;8;"AUDI";"A4 B5 (8D2)";81;199510;200011;110;1896
"Fensterheber";1561;5132;2;2;"CHRYSLER";"VOYAGER / GRAND VOYAGER III (GS_, NS_)";116;199501;200103;158;3301
"Fensterheber";1561;5134;1;2;"CHRYSLER";"VOYAGER / GRAND VOYAGER III (GS_, NS_)";85;199501;200103;116;2499
"Fensterheber";1561;5166;4;8;"OPEL";"VECTRA B (J96)";74;199510;200204;100;1598
"Fensterheber";1561;5167;1;8;"OPEL";"VECTRA B (J96)";85;199510;200009;115;1796
"Fensterheber";1561;5170;1;8;"OPEL";"VECTRA B (J96)";60;199510;199812;82;1686
"Fensterheber";1561;5186;1;2;"FORD";"ESCORT VI Turnier (GAL, ANL)";66;199501;199902;90;1597
"Fensterheber";1561;5187;1;2;"FORD";"ESCORT VI Turnier (GAL, ANL)";66;199501;199902;90;1753
"Fensterheber";1561;5193;2;4;"FORD";"FIESTA IV (JA_, JB_)";55;199508;200201;75;1242
"Fensterheber";1561;5196;2;5;"HONDA";"CIVIC VI Hatchback (EJ, EK)";55;199511;200102;75;1396
"Fensterheber";1561;5197;1;5;"HONDA";"CIVIC VI Hatchback (EJ, EK)";66;199511;200102;90;1396
"Fensterheber";1561;5201;4;5;"HONDA";"CIVIC VI Stufenheck (EJ, EK, SO)";66;199511;200102;90;1396
"Fensterheber";1561;5215;1;0;"MITSUBISHI";"ECLIPSE II (D3_A)";107;199512;199904;146;1997
"Fensterheber";1561;5223;1;4;"NISSAN";"ALMERA I Hatchback (N15)";55;199511;200003;75;1974
"Fensterheber";1561;5224;2;4;"NISSAN";"ALMERA I (N15)";55;199509;200007;75;1392
"Fensterheber";1561;5225;3;4;"NISSAN";"ALMERA I (N15)";64;199509;200007;87;1392
"Fensterheber";1561;5230;3;12;"PEUGEOT";"406 (8B)";81;199511;200010;110;1761
"Fensterheber";1561;5231;1;12;"PEUGEOT";"406 (8B)";97;199511;200405;132;1998
"Fensterheber";1561;5251;1;8;"RENAULT";"MEGANE I (BA0/1_)";55;199601;200308;75;1390
"Fensterheber";1561;5254;1;8;"RENAULT";"MEGANE I (BA0/1_)";47;199601;200308;64;1870
"Fensterheber";1561;5260;1;6;"FIAT";"DOBLO Kasten/Großraumlimousine (223_)";62;200608;;84;1248
"Fensterheber";1561;5277;6;6;"VW";"POLO III (6N1)";40;199508;199910;55;1390
"Fensterheber";1561;5278;54;6;"VW";"POLO III (6N1)";44;199507;199910;60;1390
"Fensterheber";1561;5280;3;4;"VW";"POLO III CLASSIC (6V2)";55;199511;200109;75;1598
"Fensterheber";1561;5281;62;4;"VW";"TRANSPORTER T4 Bus (70B, 70C, 7DB, 7DK, 70J, 70K, 7DC, 7DJ)";75;199509;200304;102;2461
"Fensterheber";1561;5291;1;10;"PEUGEOT";"5008 (0U_, 0E_)";82;201008;201703;112;1560
"Fensterheber";1561;5293;2;2;"FORD";"TRANSIT Kasten (E_ _)";63;199406;200003;85;2496
"Fensterheber";1561;5299;2;4;"VW";"POLO III CLASSIC (6V2)";44;199512;200109;60;1390
"Fensterheber";1561;5300;1;4;"VW";"POLO III CLASSIC (6V2)";47;199512;199908;64;1896
"Fensterheber";1561;5301;3;4;"VW";"POLO III CLASSIC (6V2)";74;199512;200109;100;1595
"Fensterheber";1561;5302;1;4;"VW";"CADDY II Kasten/Großraumlimousine (9K9A)";44;199511;200401;60;1390
"Fensterheber";1561;5303;3;4;"VW";"CADDY II Kasten/Großraumlimousine (9K9A)";47;199511;200401;64;1896
"Fensterheber";1561;5305;5;8;"AUDI";"A4 B5 Avant (8D5)";74;199411;200109;100;1595
"Fensterheber";1561;5306;3;8;"AUDI";"A4 B5 Avant (8D5)";92;199602;200109;125;1781
"Fensterheber";1561;5307;1;8;"AUDI";"A4 B5 Avant (8D5)";110;199603;200109;150;1781
"Fensterheber";1561;5308;1;8;"AUDI";"A4 B5 Avant (8D5)";110;199602;200109;150;2598
"Fensterheber";1561;5310;1;8;"AUDI";"A4 B5 Avant (8D5)";66;199602;200109;90;1896
"Fensterheber";1561;5311;7;8;"AUDI";"A4 B5 Avant (8D5)";81;199602;200109;110;1896
"Fensterheber";1561;5334;1;8;"BMW";"1 (F20)";120;201107;201906;163;1995
"Fensterheber";1561;5335;5;8;"BMW";"1 (F20)";85;201203;201502;116;1598
"Fensterheber";1561;5340;2;4;"MERCEDES-BENZ";"VITO Bus (W638)";72;199602;200307;98;2299
"Fensterheber";1561;5341;3;4;"MERCEDES-BENZ";"VITO Bus (W638)";95;199602;200307;129;1998
"Fensterheber";1561;5345;1;8;"RENAULT";"MEGANE I (BA0/1_)";55;199601;199903;75;1598
"Fensterheber";1561;5347;1;4;"RENAULT";"MEGANE I Coach (DA0/1_)";66;199603;199903;90;1598
"Fensterheber";1561;5371;6;5;"MERCEDES-BENZ";"E-CLASS (W210)";95;199603;199907;129;2874
"Fensterheber";1561;5375;1;5;"MERCEDES-BENZ";"E-CLASS (W210)";255;199602;199708;347;4973
"Fensterheber";1561;5376;2;3;"HONDA";"CR-V III (RE_)";122;200909;;166;2354
"Fensterheber";1561;5377;1;6;"DACIA";"DUSTER (HS_)";66;201010;201801;90;1461
"Fensterheber";1561;5389;3;6;"DACIA";"DUSTER (HS_)";81;201010;201801;110;1461
"Fensterheber";1561;5393;1;4;"VOLVO";"S40 I (644)";85;199507;199908;115;1731
"Fensterheber";1561;5396;1;4;"VOLVO";"V40 Kombi (645)";100;199507;200406;136;1948
"Fensterheber";1561;5397;1;2;"LANCIA";"Y (840_)";44;199603;200309;60;1242
"Fensterheber";1561;5404;3;10;"BMW";"5 (E39)";210;199603;200306;286;4398
"Fensterheber";1561;5405;1;8;"MERCEDES-BENZ";"C-CLASS T-Model (S202)";90;199606;200009;122;1799
"Fensterheber";1561;5406;1;8;"MERCEDES-BENZ";"C-CLASS T-Model (S202)";100;199606;200103;136;1998
"Fensterheber";1561;5413;3;8;"AUDI";"A4 B5 (8D2)";142;199610;200108;193;2771
"Fensterheber";1561;5541;2;5;"MERCEDES-BENZ";"E-CLASS T-Model (S210)";110;199606;199706;150;2295
"Fensterheber";1561;5543;3;5;"MERCEDES-BENZ";"E-CLASS T-Model (S210)";95;199606;199907;129;2874
"Fensterheber";1561;5547;1;4;"CITROËN";"SAXO (S0, S1)";33;199605;199811;45;954
"Fensterheber";1561;5548;3;4;"CITROËN";"SAXO (S0, S1)";40;199605;200309;54;1124
"Fensterheber";1561;5549;4;4;"CITROËN";"SAXO (S0, S1)";55;199605;200306;75;1360
"Fensterheber";1561;5577;2;0;"MITSUBISHI";"COLT V (CJ_, CP_)";55;199605;200006;75;1299
"Fensterheber";1561;5591;1;6;"SEAT";"INCA (6K9)";47;199511;200306;64;1896
"Fensterheber";1561;5595;19;6;"CITROËN";"BERLINGO / BERLINGO FIRST Kasten/Großraumlimousine (M_)";55;199607;201112;75;1360
"Fensterheber";1561;5597;1;6;"CITROËN";"BERLINGO / BERLINGO FIRST Kasten/Großraumlimousine (M_)";51;199607;200312;70;1905
"Fensterheber";1561;5600;47;8;"AUDI";"A3 (8L1)";74;199609;200305;101;1595
"Fensterheber";1561;5601;36;8;"AUDI";"A3 (8L1)";92;199609;200305;125;1781
"Fensterheber";1561;5602;7;8;"AUDI";"A3 (8L1)";110;199612;200305;150;1781
"Fensterheber";1561;5603;14;8;"AUDI";"A3 (8L1)";66;199609;200107;90;1896
"Fensterheber";1561;5606;1;8;"AUDI";"A4 B5 Avant (8D5)";81;199609;200109;110;1896
"Fensterheber";1561;5607;1;0;"MAZDA";"5 (CW)";85;201007;;116;1560
"Fensterheber";1561;5616;2;4;"CITROËN";"SAXO (S0, S1)";42;199609;200106;57;1527
"Fensterheber";1561;5619;1;4;"PEUGEOT";"106 II (1A_, 1C_)";33;199605;199910;45;954
"Fensterheber";1561;5620;5;4;"PEUGEOT";"106 II (1A_, 1C_)";44;199605;200407;60;1124
"Fensterheber";1561;5626;3;6;"PEUGEOT";"306 Cabriolet (7D, N3, N5)";65;199604;200010;89;1587
"Fensterheber";1561;5633;1;2;"PORSCHE";"BOXSTER (986)";150;199609;199908;204;2480
"Fensterheber";1561;5645;1;4;"RENAULT";"CLIO I (B/C57_, 5/357_)";43;199601;199809;58;1149
"Fensterheber";1561;5646;1;6;"RENAULT";"MEGANE I Classic (LA0/1_)";55;199609;200308;75;1390
"Fensterheber";1561;5652;1;6;"RENAULT";"MEGANE I Classic (LA0/1_)";47;199609;200308;64;1870
"Fensterheber";1561;5653;1;4;"RENAULT";"MEGANE Scenic (JA0/1_)";55;199701;199909;75;1390
"Fensterheber";1561;5655;2;4;"RENAULT";"MEGANE Scenic (JA0/1_)";66;199610;199910;90;1598
"Fensterheber";1561;5658;4;2;"RENAULT";"TWINGO I (C06_)";40;199605;200703;54;1149
"Fensterheber";1561;5660;1;3;"ROVER";"400 II (RT)";76;199505;200003;103;1396
"Fensterheber";1561;5668;1;4;"VW";"PASSAT B6 Variant (3C5)";88;200511;200705;120;1968
"Fensterheber";1561;5671;1;8;"BMW";"1 (F20)";100;201107;201906;136;1995
"Fensterheber";1561;5674;1;6;"SEAT";"ALHAMBRA (7V8, 7V9)";85;199604;201003;115;1984
"Fensterheber";1561;5676;1;6;"SEAT";"CORDOBA (6K1, 6K2)";74;199607;200210;101;1595
"Fensterheber";1561;5677;1;6;"SEAT";"IBIZA II (6K1)";74;199604;200202;101;1595
"Fensterheber";1561;5688;2;2;"TOYOTA";"CARINA E VI (_T19_)";85;199312;199709;116;1587
"Fensterheber";1561;5712;18;6;"VW";"POLO III (6N1)";37;199609;199910;50;999
"Fensterheber";1561;5714;2;4;"CHEVROLET";"ORLANDO (J309)";104;201102;;141;1796
"Fensterheber";1561;5717;7;12;"VW";"GOLF III (1H1)";81;199604;199708;110;1896
"Fensterheber";1561;5719;24;6;"CITROËN";"BERLINGO / BERLINGO FIRST Großraumlimousine (MF_, GJK_, GFK_";55;199607;201112;75;1360
"Fensterheber";1561;5721;1;6;"VW";"GOLF III Variant (1H5)";81;199604;199904;110;1896
"Fensterheber";1561;5724;30;7;"VW";"PASSAT B5 (3B2)";74;199610;200011;101;1595
"Fensterheber";1561;5725;9;7;"VW";"PASSAT B5 (3B2)";92;199610;200011;125;1781
"Fensterheber";1561;5726;6;7;"VW";"PASSAT B5 (3B2)";110;199610;200011;150;1781
"Fensterheber";1561;5728;1;7;"VW";"PASSAT B5 (3B2)";142;199610;200011;193;2771
"Fensterheber";1561;5729;21;7;"VW";"PASSAT B5 (3B2)";66;199610;200011;90;1896
"Fensterheber";1561;5730;33;7;"VW";"PASSAT B5 (3B2)";81;199610;200011;110;1896
"Fensterheber";1561;5750;5;4;"CHEVROLET";"ORLANDO (J309)";120;201102;;163;1998
"Fensterheber";1561;5758;5;6;"MERCEDES-BENZ";"C-CLASS T-Model (S203)";100;200608;200708;136;2148
"Fensterheber";1561;5768;3;6;"BMW";"3 (E90)";100;200709;201110;136;1995
"Fensterheber";1561;5802;1;2;"FORD";"KA (RB_)";44;199609;200811;60;1299
"Fensterheber";1561;5853;22;4;"RENAULT";"SCÉNIC III (JZ0/1_)";81;200904;;110;1461
"Fensterheber";1561;5855;9;4;"RENAULT";"GRAND SCÉNIC III (JZ0/1_)";81;200904;;110;1461
"Fensterheber";1561;5858;1;4;"RENAULT";"SCÉNIC III (JZ0/1_)";63;200904;;86;1461
"Fensterheber";1561;5859;2;4;"RENAULT";"SCÉNIC III (JZ0/1_)";70;201011;;95;1461
"Fensterheber";1561;5887;12;4;"TOYOTA";"YARIS (_P13_)";51;201012;;69;998
"Fensterheber";1561;5896;1;12;"CITROËN";"XSARA PICASSO (N68)";81;200506;200609;110;1587
"Fensterheber";1561;5914;1;8;"OPEL";"VECTRA B Caravan (J96)";74;199611;200207;100;1598
"Fensterheber";1561;5928;7;6;"FIAT";"PUNTO EVO (199_)";55;200907;201202;75;1368
"Fensterheber";1561;5931;2;14;"FIAT";"GRANDE PUNTO (199_)";51;200807;;69;1248
"Fensterheber";1561;5938;18;14;"FIAT";"GRANDE PUNTO (199_)";55;200510;200707;75;1368
"Fensterheber";1561;5940;3;6;"FIAT";"PUNTO EVO (199_)";51;200807;201202;69;1248
"Fensterheber";1561;5946;5;4;"VW";"JETTA IV (162, 163, AV3, AV2)";103;201102;;140;1968
"Fensterheber";1561;5950;1;2;"SKODA";"ROOMSTER (5J7)";55;201003;201505;75;1199
"Fensterheber";1561;5962;3;4;"VW";"TRANSPORTER T4 Bus (70B, 70C, 7DB, 7DK, 70J, 70K, 7DC, 7DJ)";75;199601;200304;102;2461
"Fensterheber";1561;5972;19;8;"KIA";"CEE'D Schrägheck (ED)";66;200908;201212;90;1396
"Fensterheber";1561;5974;1;0;"MERCEDES-BENZ";"SLK (R170)";142;199609;200003;193;2295
"Fensterheber";1561;5979;1;4;"MERCEDES-BENZ";"V-CLASS (638/2)";105;199610;200307;143;2295
"Fensterheber";1561;5990;8;5;"NISSAN";"TERRANO II (R20)";92;199605;200709;125;2664
"Fensterheber";1561;6014;2;4;"RENAULT";"SCÉNIC III (JZ0/1_)";81;200902;;110;1598
"Fensterheber";1561;6021;5;4;"VW";"SHARAN (7N1, 7N2)";147;201012;201511;200;1984
"Fensterheber";1561;6028;1;5;"MERCEDES-BENZ";"E-CLASS (W210)";120;199907;200203;163;2685
"Fensterheber";1561;6029;4;4;"SEAT";"ALHAMBRA (710, 711)";147;201011;201205;200;1984
"Fensterheber";1561;6042;9;6;"SKODA";"OCTAVIA II Combi (1Z5)";103;201005;201302;140;1968
"Fensterheber";1561;6052;1;0;"VW";"JETTA II (19E, 1G2, 165)";66;198708;198812;90;1781
"Fensterheber";1561;6314;1;4;"SKODA";"SUPERB II (3T4)";77;201009;201505;105;1598
"Fensterheber";1561;6316;6;4;"VW";"TRANSPORTER T4 Kasten (70A, 70H, 7DA, 7DH)";81;199011;200304;110;2461
"Fensterheber";1561;6318;5;4;"VW";"TRANSPORTER T4 Kasten (70A, 70H, 7DA, 7DH)";50;199210;200304;68;1896
"Fensterheber";1561;6319;1;4;"VW";"TRANSPORTER T4 Kasten (70A, 70H, 7DA, 7DH)";57;199007;199804;78;2370
"Fensterheber";1561;6323;1;4;"VW";"TRANSPORTER T4 Pritsche/Fahrgestell (70E, 70L, 70M, 7DE, 7DL";50;199210;200304;68;1896
"Fensterheber";1561;6326;1;2;"SKODA";"SUPERB II Kombi (3T5)";147;201005;201505;200;1984
"Fensterheber";1561;6339;6;2;"SKODA";"SUPERB II Kombi (3T5)";77;201009;201505;105;1598
"Fensterheber";1561;6345;1;4;"SKODA";"YETI (5L)";77;201011;201505;105;1598
"Fensterheber";1561;6348;2;6;"CITROËN";"DS4 (NX_)";88;201104;201507;120;1598
"Fensterheber";1561;6371;5;6;"CITROËN";"DS4 (NX_)";82;201104;201507;112;1560
"Fensterheber";1561;6377;2;6;"CITROËN";"DS4 (NX_)";120;201104;201507;163;1997
"Fensterheber";1561;6441;1;2;"AUDI";"TT (8J3)";155;201005;201406;211;1984
"Fensterheber";1561;6442;2;4;"CITROËN";"C4 PICASSO I Großraumlimousine (UD_)";82;201009;201308;112;1560
"Fensterheber";1561;6496;2;2;"AUDI";"TT (8J3)";155;201005;201406;211;1984
"Fensterheber";1561;6626;1;2;"AUDI";"TT Roadster (8J9)";155;201005;201406;211;1984
"Fensterheber";1561;6653;2;6;"PEUGEOT";"BIPPER TEPEE";55;201010;;75;1248
"Fensterheber";1561;6655;11;6;"PEUGEOT";"BIPPER (AA_)";55;201010;;75;1248
"Fensterheber";1561;6667;2;6;"DACIA";"SANDERO";62;201005;201306;84;1598
"Fensterheber";1561;6698;1;6;"DACIA";"LOGAN (LS_)";55;200602;;75;1149
"Fensterheber";1561;6710;10;6;"DACIA";"LOGAN MCV (KS_)";62;201005;;84;1598
"Fensterheber";1561;6850;2;4;"FORD";"C-MAX II (DXA/CB7, DXA/CEU)";85;201102;201906;115;1997
"Fensterheber";1561;6915;2;8;"FORD";"S-MAX (WA6)";118;201102;201412;160;1596
"Fensterheber";1561;6939;4;7;"FORD";"MONDEO IV (BA7)";118;201102;201501;160;1596
"Fensterheber";1561;6951;2;7;"FORD";"MONDEO IV (BA7)";176;201007;201501;240;1999
"Fensterheber";1561;6979;1;7;"FORD";"MONDEO IV (BA7)";85;201102;201501;115;1560
"Fensterheber";1561;7002;8;7;"FORD";"MONDEO IV Turnier (BA7)";88;201007;201501;120;1596
"Fensterheber";1561;7015;5;7;"FORD";"MONDEO IV Turnier (BA7)";118;201102;201501;160;1596
"Fensterheber";1561;7020;4;7;"FORD";"MONDEO IV Turnier (BA7)";85;201102;201501;115;1560
"Fensterheber";1561;7021;6;7;"FORD";"MONDEO IV Turnier (BA7)";147;201007;201501;200;2179
"Fensterheber";1561;7043;9;2;"NISSAN";"MICRA IV (K13K)";59;201005;201509;80;1198
"Fensterheber";1561;7050;1;2;"NISSAN";"MICRA IV (K13K)";72;201103;201509;98;1198
"Fensterheber";1561;7067;23;4;"KIA";"PICANTO II (TA)";51;201105;201703;69;998
"Fensterheber";1561;7071;1;2;"MINI";"MINI (R56)";120;201003;201311;163;1598
"Fensterheber";1561;7072;12;4;"KIA";"PICANTO II (TA)";63;201109;201703;85;1248
"Fensterheber";1561;7101;1;0;"OPEL";"CORSA A CC (S83)";38;199001;199303;52;1196
"Fensterheber";1561;7241;1;4;"OPEL";"ANTARA A (L07)";120;201012;201512;163;2231
"Fensterheber";1561;7247;7;6;"CITROËN";"BERLINGO MULTISPACE (B9)";68;201007;;92;1560
"Fensterheber";1561;7378;3;8;"AUDI";"A3 (8L1)";81;199708;200107;110;1896
"Fensterheber";1561;7507;1;8;"MERCEDES-BENZ";"C-CLASS (W204)";88;201004;201403;120;2143
"Fensterheber";1561;7606;3;6;"MERCEDES-BENZ";"VITO / MIXTO Kasten (W639)";100;201009;;136;2143
"Fensterheber";1561;7621;1;6;"MERCEDES-BENZ";"VITO Bus (W639)";70;201009;201408;95;2143
"Fensterheber";1561;7659;2;6;"MERCEDES-BENZ";"VIANO (W639)";100;201007;;136;2143
"Fensterheber";1561;7696;1;6;"SUZUKI";"VITARA (ET, TA, TD)";50;199501;199803;68;1905
"Fensterheber";1561;7699;1;6;"SUZUKI";"VITARA (ET, TA, TD)";55;199608;199803;75;1905
"Fensterheber";1561;7741;22;4;"AUDI";"A6 C5 (4B2)";110;199701;200501;150;1781
"Fensterheber";1561;7745;3;10;"BMW";"5 Touring (E39)";110;199703;200108;150;1990
"Fensterheber";1561;7747;9;10;"BMW";"5 Touring (E39)";125;199703;200008;170;2494
"Fensterheber";1561;7812;3;10;"FORD";"GALAXY I (WGR)";107;199701;200605;146;2295
"Fensterheber";1561;7816;3;3;"HONDA";"CIVIC VI Fastback (MA, MB)";84;199701;200102;114;1493
"Fensterheber";1561;7832;2;5;"MERCEDES-BENZ";"E-CLASS (W210)";150;199612;200203;204;2799
"Fensterheber";1561;7834;5;5;"MERCEDES-BENZ";"E-CLASS (W210)";165;199706;200203;224;3199
"Fensterheber";1561;7835;2;5;"MERCEDES-BENZ";"E-CLASS (W210)";130;199612;199907;177;2996
"Fensterheber";1561;7838;2;5;"MERCEDES-BENZ";"E-CLASS T-Model (S210)";165;199612;200303;224;3199
"Fensterheber";1561;7841;1;5;"MERCEDES-BENZ";"E-CLASS (W210)";165;199706;200203;224;3199
"Fensterheber";1561;7857;1;4;"NISSAN";"PRIMERA Hatchback (P11)";73;199609;200207;99;1597
"Fensterheber";1561;7868;5;6;"SKODA";"OCTAVIA II Combi (1Z5)";112;200903;201306;152;1798
"Fensterheber";1561;7876;94;2;"RENAULT";"TWINGO I (C06_)";43;199605;200706;58;1149
"Fensterheber";1561;7881;2;0;"RENAULT";"MEGANE I Cabriolet (EA0/1_)";66;199610;199903;90;1598
"Fensterheber";1561;7888;1;0;"SUZUKI";"VITARA Cabrio (ET, TA)";55;199608;199903;75;1905
"Fensterheber";1561;7890;3;6;"SEAT";"CORDOBA (6K1, 6K2)";66;199608;200210;90;1896
"Fensterheber";1561;7892;7;6;"SEAT";"IBIZA II (6K1)";66;199608;200202;90;1896
"Fensterheber";1561;7893;1;6;"SEAT";"ALHAMBRA (7V8, 7V9)";81;199608;200006;110;1896
"Fensterheber";1561;7894;3;6;"SKODA";"OCTAVIA II (1Z3)";81;201003;201306;110;1968
"Fensterheber";1561;7895;33;6;"SEAT";"AROSA (6H1)";37;199705;200406;50;999
"Fensterheber";1561;7896;7;6;"SEAT";"AROSA (6H1)";44;199705;200406;60;1389
"Fensterheber";1561;7897;2;6;"SEAT";"IBIZA II (6K1)";81;199702;200202;110;1896
"Fensterheber";1561;7898;5;6;"SEAT";"IBIZA II (6K1)";74;199706;200202;101;1390
"Fensterheber";1561;7899;1;6;"SEAT";"IBIZA II (6K1)";47;199304;199608;64;1896
"Fensterheber";1561;7904;9;6;"SKODA";"OCTAVIA II Combi (1Z5)";81;201003;201306;110;1968
"Fensterheber";1561;7907;6;8;"SKODA";"OCTAVIA I (1U2)";55;199609;200409;75;1598
"Fensterheber";1561;7908;4;8;"SKODA";"OCTAVIA I (1U2)";92;199609;200007;125;1781
"Fensterheber";1561;7909;68;8;"SKODA";"OCTAVIA I (1U2)";66;199609;201003;90;1896
"Fensterheber";1561;7920;1;4;"VOLVO";"S40 I (644)";77;199509;199908;105;1587
"Fensterheber";1561;7923;1;2;"AUDI";"A6 C7 (4G2, 4GC)";150;201011;201504;204;2773
"Fensterheber";1561;7929;1;4;"VW";"TRANSPORTER T4 Bus (70B, 70C, 7DB, 7DK, 70J, 70K, 7DC, 7DJ)";85;199607;200304;115;2461
"Fensterheber";1561;7931;7;4;"VW";"TRANSPORTER T4 Bus (70B, 70C, 7DB, 7DK, 70J, 70K, 7DC, 7DJ)";85;199608;200304;115;2461
"Fensterheber";1561;7932;28;7;"VW";"PASSAT B5 Variant (3B5)";74;199706;200011;101;1595
"Fensterheber";1561;7933;13;7;"VW";"PASSAT B5 Variant (3B5)";92;199706;200011;125;1781
"Fensterheber";1561;7934;6;7;"VW";"PASSAT B5 Variant (3B5)";110;199705;200011;150;1781
"Fensterheber";1561;7937;6;7;"VW";"PASSAT B5 Variant (3B5)";66;199706;200011;90;1896
"Fensterheber";1561;7939;14;7;"VW";"PASSAT B5 Variant (3B5)";81;199706;200011;110;1896
"Fensterheber";1561;7968;2;6;"RENAULT";"SUPER 5 (B/C40_)";43;198510;199612;58;1390
"Fensterheber";1561;7977;3;6;"PEUGEOT";"PARTNER Kasten/Großraumlimousine (5_, G_)";55;199606;201512;75;1360
"Fensterheber";1561;7979;1;6;"PEUGEOT";"PARTNER Kasten/Großraumlimousine (5_, G_)";51;199606;200212;69;1905
"Fensterheber";1561;8009;13;8;"SKODA";"OCTAVIA I (1U2)";74;199702;200712;101;1595
"Fensterheber";1561;8014;1;3;"FORD";"FOCUS III";77;201007;201805;105;1596
"Fensterheber";1561;8019;5;3;"FORD";"FOCUS III";110;201007;201406;150;1596
"Fensterheber";1561;8039;1;3;"FORD";"FOCUS III";85;201007;201712;115;1560
"Fensterheber";1561;8040;7;2;"VW";"GOLF II (19E, 1G1)";40;198606;199212;55;1272
"Fensterheber";1561;8046;1;0;"VW";"POLO II (86C, 80)";33;198508;199201;45;1043
"Fensterheber";1561;8047;1;0;"VW";"POLO Coupe (86C, 80)";33;198508;199201;45;1043
"Fensterheber";1561;8050;6;2;"VW";"GOLF II (19E, 1G1)";66;198408;199110;90;1781
"Fensterheber";1561;8053;1;0;"VW";"POLO Coupe (86C, 80)";55;198209;198909;75;1272
"Fensterheber";1561;8097;2;6;"SEAT";"INCA (6K9)";47;199511;200306;64;1896
"Fensterheber";1561;8178;1;10;"RENAULT";"MEGANE II Kombi (KM0/1_)";75;200505;200907;102;1598
"Fensterheber";1561;8207;3;0;"VW";"GOLF VI Cabriolet (517)";77;201103;201605;105;1197
"Fensterheber";1561;8217;5;6;"PEUGEOT";"PARTNER Großraumlimousine (5_, G_)";55;199606;201512;75;1360
"Fensterheber";1561;8271;1;6;"HYUNDAI";"LANTRA II Kombi (J-2)";102;199511;200010;139;1975
"Fensterheber";1561;8316;13;4;"AUDI";"A6 C5 (4B2)";121;199702;200501;165;2393
"Fensterheber";1561;8318;7;4;"AUDI";"A6 C5 (4B2)";81;199704;200010;110;1896
"Fensterheber";1561;8319;1;4;"AUDI";"A6 C5 (4B2)";110;199707;200501;150;2496
"Fensterheber";1561;8320;2;4;"AUDI";"A6 C5 (4B2)";142;199702;200501;193;2771
"Fensterheber";1561;8366;4;4;"HONDA";"CR-V I (RD)";94;199510;200112;128;1973
"Fensterheber";1561;8375;1;0;"MERCEDES-BENZ";"CLK (C208)";100;199706;200206;136;1998
"Fensterheber";1561;8379;1;0;"MERCEDES-BENZ";"CLK (C208)";160;199706;200206;218;3199
"Fensterheber";1561;8385;1;8;"MERCEDES-BENZ";"C-CLASS (W202)";145;199706;200005;197;2799
"Fensterheber";1561;8386;10;12;"MERCEDES-BENZ";"A-CLASS (W168)";60;199707;200408;82;1397
"Fensterheber";1561;8387;13;12;"MERCEDES-BENZ";"A-CLASS (W168)";75;199707;200408;102;1598
"Fensterheber";1561;8395;2;4;"PEUGEOT";"106 II (1A_, 1C_)";40;199701;200103;54;1124
"Fensterheber";1561;8397;1;6;"PEUGEOT";"306 Break (7E, N3, N5)";66;199702;200204;90;1905
"Fensterheber";1561;8403;1;6;"PEUGEOT";"306 Break (7E, N3, N5)";81;199703;200204;110;1761
"Fensterheber";1561;8405;1;6;"PEUGEOT";"306 Break (7E, N3, N5)";65;199703;200010;89;1587
"Fensterheber";1561;8415;1;4;"RENAULT";"MEGANE Scenic (JA0/1_)";72;199704;199909;98;1870
"Fensterheber";1561;8418;2;8;"RENAULT";"MEGANE I (BA0/1_)";72;199703;200102;98;1870
"Fensterheber";1561;8419;1;6;"RENAULT";"MEGANE I Classic (LA0/1_)";72;199703;200102;98;1870
"Fensterheber";1561;8422;1;2;"HYUNDAI";"H-1 / STAREX Bus (A1)";59;199706;200404;80;2476
"Fensterheber";1561;8428;1;4;"VW";"TOUAREG (7P5, 7P6)";150;201001;201803;204;2967
"Fensterheber";1561;8431;1;6;"VW";"POLO III (6N1)";44;199708;199910;60;1716
"Fensterheber";1561;8438;6;6;"SEAT";"IBIZA II (6K1)";37;199609;200202;50;999
"Fensterheber";1561;8439;3;7;"VW";"PASSAT B5 Variant (3B5)";142;199706;200011;193;2771
"Fensterheber";1561;8440;1;7;"VW";"PASSAT B5 (3B2)";92;199612;200008;125;1781
"Fensterheber";1561;8444;1;7;"VW";"PASSAT B5 Variant (3B5)";81;199706;200008;110;1896
"Fensterheber";1561;8446;2;0;"KIA";"PRO CEE'D (ED)";92;201010;201302;125;1591
"Fensterheber";1561;8448;3;8;"KIA";"CEE'D Schrägheck (ED)";92;201010;201212;125;1591
"Fensterheber";1561;8450;4;8;"KIA";"CEE'D SW (ED)";94;201010;201212;128;1582
"Fensterheber";1561;8452;8;8;"KIA";"SPORTAGE III (SL)";99;201102;;135;1591
"Fensterheber";1561;8453;1;12;"VW";"GOLF III (1H1)";47;199507;199708;64;1896
"Fensterheber";1561;8454;7;8;"KIA";"SPORTAGE III (SL)";85;201012;;116;1685
"Fensterheber";1561;8456;90;12;"VW";"GOLF IV (1J1)";66;199710;200405;90;1896
"Fensterheber";1561;8460;126;12;"VW";"GOLF IV (1J1)";74;199708;200405;100;1595
"Fensterheber";1561;8461;28;12;"VW";"GOLF IV (1J1)";81;199708;200405;110;1896
"Fensterheber";1561;8525;1;5;"MERCEDES-BENZ";"E-CLASS T-Model (S210)";150;199612;200303;204;2799
"Fensterheber";1561;8526;3;10;"BMW";"5 (E39)";85;199701;200306;116;2497
"Fensterheber";1561;8557;1;5;"MERCEDES-BENZ";"E-CLASS (W210)";65;199601;200203;88;1997
"Fensterheber";1561;8642;1;4;"VW";"GOLF II (19E, 1G1)";37;198308;199110;50;1588
"Fensterheber";1561;8643;2;2;"VW";"GOLF II (19E, 1G1)";37;198508;198712;50;1272
"Fensterheber";1561;8668;1;4;"CHEVROLET";"CRUZE (J300)";120;201008;;163;1998
"Fensterheber";1561;8683;3;18;"PEUGEOT";"208 I (CA_, CC_)";115;201203;;156;1598
"Fensterheber";1561;8684;2;18;"PEUGEOT";"208 I (CA_, CC_)";50;201203;;68;1398
"Fensterheber";1561;8685;1;18;"PEUGEOT";"208 I (CA_, CC_)";68;201203;;92;1560
"Fensterheber";1561;8686;1;18;"PEUGEOT";"208 I (CA_, CC_)";84;201203;;114;1560
"Fensterheber";1561;8687;13;5;"MERCEDES-BENZ";"E-CLASS (W210)";125;199706;200008;170;2398
"Fensterheber";1561;8688;4;5;"MERCEDES-BENZ";"E-CLASS (W210)";205;199706;200203;279;4266
"Fensterheber";1561;8689;1;5;"MERCEDES-BENZ";"E-CLASS T-Model (S210)";125;199706;200303;170;2398
"Fensterheber";1561;8692;3;5;"MERCEDES-BENZ";"E-CLASS (W210)";137;199706;200203;186;1998
"Fensterheber";1561;8696;2;2;"PORSCHE";"911 (996)";221;199708;200109;301;3387
"Fensterheber";1561;8703;1;0;"SKODA";"FELICIA I Pick-up (6UF, 6U7)";47;199706;200204;64;1896
"Fensterheber";1561;8704;1;8;"SKODA";"OCTAVIA I (1U2)";50;199706;200312;68;1896
"Fensterheber";1561;8711;1;4;"CHEVROLET";"CRUZE (J300)";91;200905;;124;1598
"Fensterheber";1561;8712;2;0;"TOYOTA";"HILUX V Pick-up (_N_, KZN1_, VZN1_)";84;198901;199707;114;2367
"Fensterheber";1561;8739;2;2;"MITSUBISHI";"L200 (K7_T, K6_T, K5_T)";55;199606;200712;75;2477
"Fensterheber";1561;8740;2;2;"MITSUBISHI";"L200 (K7_T, K6_T, K5_T)";73;199606;200712;99;2477
"Fensterheber";1561;8742;1;2;"MERCEDES-BENZ";"SPRINTER 2-t Kasten (B901, B902)";105;199502;200605;143;2295
"Fensterheber";1561;8744;1;2;"MERCEDES-BENZ";"SPRINTER 3-t Kasten (B903)";105;199502;200605;143;2295
"Fensterheber";1561;8747;1;2;"MERCEDES-BENZ";"SPRINTER 3-t Kasten (B903)";90;199502;200004;122;2874
"Fensterheber";1561;8753;1;4;"CITROËN";"XSARA (N1)";66;199704;200009;90;1761
"Fensterheber";1561;8761;1;4;"VW";"TRANSPORTER T4 Pritsche/Fahrgestell (70E, 70L, 70M, 7DE, 7DL";62;199007;200304;84;1968
"Fensterheber";1561;8766;1;4;"VW";"TRANSPORTER T4 Pritsche/Fahrgestell (70E, 70L, 70M, 7DE, 7DL";85;199608;200304;115;2461
"Fensterheber";1561;8768;2;4;"VW";"TRANSPORTER T4 Kasten (70A, 70H, 7DA, 7DH)";85;199608;200304;115;2461
"Fensterheber";1561;8769;2;4;"VW";"TRANSPORTER T4 Kasten (70A, 70H, 7DA, 7DH)";85;199608;200304;115;2461
"Fensterheber";1561;8771;2;4;"CHEVROLET";"CRUZE (J300)";80;200905;;109;1598
"Fensterheber";1561;8772;3;4;"VW";"TRANSPORTER T4 Bus (70B, 70C, 7DB, 7DK, 70J, 70K, 7DC, 7DJ)";103;199511;200004;140;2792
"Fensterheber";1561;8773;8;4;"VW";"TRANSPORTER T4 Kasten (70A, 70H, 7DA, 7DH)";75;199509;200304;102;2461
"Fensterheber";1561;8774;9;4;"VW";"TRANSPORTER T4 Pritsche/Fahrgestell (70E, 70L, 70M, 7DE, 7DL";75;199509;200304;102;2461
"Fensterheber";1561;8775;2;2;"SAAB";"9-5 (YS3E)";110;199709;200912;150;1985
"Fensterheber";1561;8784;14;4;"BMW";"3 Compact (E36)";125;199709;200008;170;2494
"Fensterheber";1561;8798;15;12;"VW";"GOLF IV (1J1)";50;199708;200506;68;1896
"Fensterheber";1561;8799;390;12;"VW";"GOLF IV (1J1)";55;199710;200405;75;1390
"Fensterheber";1561;8800;15;12;"VW";"GOLF IV (1J1)";92;199708;200506;125;1781
"Fensterheber";1561;8801;20;12;"VW";"GOLF IV (1J1)";110;199708;200506;150;1781
"Fensterheber";1561;8802;6;12;"VW";"GOLF IV (1J1)";110;199708;200010;150;2324
"Fensterheber";1561;8803;1;14;"CITROËN";"XSARA (N1)";55;199704;200503;75;1360
"Fensterheber";1561;8808;4;6;"ALFA ROMEO";"156 (932_)";88;199709;200509;120;1598
"Fensterheber";1561;8818;5;4;"AUDI";"A6 C5 (4B2)";92;199707;200501;125;1781
"Fensterheber";1561;8825;3;2;"VW";"GOLF II (19E, 1G1)";37;198508;199110;50;1043
"Fensterheber";1561;8831;1;4;"SEAT";"CORDOBA Vario (6K5)";81;199707;200212;110;1896
"Fensterheber";1561;8834;1;5;"MERCEDES-BENZ";"E-CLASS T-Model (S210)";260;199708;200303;354;5439
"Fensterheber";1561;8835;1;6;"FORD";"GALAXY I (WGR)";81;199708;200004;110;1896
"Fensterheber";1561;8886;1;8;"AUDI";"A4 B5 (8D2)";110;199709;200011;150;2496
"Fensterheber";1561;8897;1;6;"SEAT";"AROSA (6H1)";44;199708;200406;60;1716
"Fensterheber";1561;8899;1;4;"OPEL";"ASTRA F (T92)";74;199408;199809;100;1598
"Fensterheber";1561;8913;1;8;"CITROËN";"XSARA Break (N2)";55;199710;200508;75;1360
"Fensterheber";1561;8923;7;7;"TOYOTA";"AVENSIS (_T22_)";74;199709;200010;101;1587
"Fensterheber";1561;8924;2;7;"TOYOTA";"AVENSIS (_T22_)";81;199710;200006;110;1587
"Fensterheber";1561;8925;1;7;"TOYOTA";"AVENSIS (_T22_)";81;199709;200010;110;1762
"Fensterheber";1561;8926;2;7;"TOYOTA";"AVENSIS (_T22_)";94;199709;200010;128;1998
"Fensterheber";1561;8930;4;7;"TOYOTA";"AVENSIS Liftback (_T22_)";81;199709;200010;110;1762
"Fensterheber";1561;8931;1;7;"TOYOTA";"AVENSIS Liftback (_T22_)";94;199709;200010;128;1998
"Fensterheber";1561;8935;1;7;"TOYOTA";"AVENSIS Kombi (_T22_)";81;199709;200010;110;1762
"Fensterheber";1561;8936;1;7;"TOYOTA";"AVENSIS Kombi (_T22_)";94;199709;200010;128;1998
"Fensterheber";1561;8939;3;4;"AUDI";"A6 C5 Avant (4B5)";81;199802;200104;110;1896
"Fensterheber";1561;8941;1;4;"AUDI";"A6 C5 Avant (4B5)";142;199712;200501;193;2771
"Fensterheber";1561;8942;3;4;"AUDI";"A6 C5 Avant (4B5)";110;199712;200501;150;1781
"Fensterheber";1561;8943;5;4;"AUDI";"A6 C5 Avant (4B5)";121;199712;200501;165;2393
"Fensterheber";1561;8946;1;4;"AUDI";"A6 C5 Avant (4B5)";121;199712;200501;165;2393
"Fensterheber";1561;8955;12;6;"CITROËN";"BERLINGO / BERLINGO FIRST Großraumlimousine (MF_, GJK_, GFK_";66;199705;200210;90;1761
"Fensterheber";1561;8958;1;10;"VW";"SHARAN (7M8, 7M9, 7M6)";110;199709;201003;150;1781
"Fensterheber";1561;8963;34;8;"BMW";"3 (E46)";87;199712;200109;118;1895
"Fensterheber";1561;8964;15;8;"BMW";"3 (E46)";142;199802;200006;193;2793
"Fensterheber";1561;8969;3;8;"FIAT";"SEICENTO / 600 (187_)";29;199711;200812;39;899
"Fensterheber";1561;8970;11;8;"FIAT";"SEICENTO / 600 (187_)";40;199801;201001;54;1108
"Fensterheber";1561;8971;32;6;"VW";"LUPO I (6X1, 6E1)";37;199809;200507;50;999
"Fensterheber";1561;8972;33;6;"VW";"LUPO I (6X1, 6E1)";55;199809;200507;75;1390
"Fensterheber";1561;8973;2;6;"VW";"LUPO I (6X1, 6E1)";44;199809;200507;60;1716
"Fensterheber";1561;8978;21;4;"SMART";"CITY-COUPE (450)";33;199807;200401;45;599
"Fensterheber";1561;8979;18;6;"VW";"NEW BEETLE (9C1, 1C1)";85;199801;201009;115;1984
"Fensterheber";1561;8980;11;6;"VW";"NEW BEETLE (9C1, 1C1)";66;199801;200406;90;1896
"Fensterheber";1561;8982;8;6;"HYUNDAI";"ATOS (MX)";40;199802;200012;54;999
"Fensterheber";1561;8985;2;5;"LAND ROVER";"FREELANDER I (L314)";88;199802;200011;120;1796
"Fensterheber";1561;8986;4;5;"LAND ROVER";"FREELANDER I (L314)";72;199802;200011;98;1994
"Fensterheber";1561;8987;3;2;"RENAULT";"KANGOO (KC0/1_)";43;199708;;58;1149
"Fensterheber";1561;8988;1;2;"RENAULT";"KANGOO (KC0/1_)";55;199708;;75;1390
"Fensterheber";1561;8989;1;2;"RENAULT";"KANGOO (KC0/1_)";40;199708;;54;1870
"Fensterheber";1561;8991;1;2;"RENAULT";"LAGUNA I (B56_, 556_)";72;199710;200103;98;1870
"Fensterheber";1561;8993;1;10;"OPEL";"ASTRA G CC (T98)";48;199802;200009;65;1199
"Fensterheber";1561;8994;10;10;"OPEL";"ASTRA G CC (T98)";55;199802;200009;75;1598
"Fensterheber";1561;8995;17;10;"OPEL";"ASTRA G CC (T98)";74;199802;200501;101;1598
"Fensterheber";1561;8996;1;10;"OPEL";"ASTRA G CC (T98)";85;199802;200009;116;1796
"Fensterheber";1561;8997;2;10;"OPEL";"ASTRA G CC (T98)";100;199802;200501;136;1998
"Fensterheber";1561;9001;1;10;"OPEL";"ASTRA G Caravan (T98)";55;199802;200009;75;1598
"Fensterheber";1561;9002;2;10;"OPEL";"ASTRA G Caravan (T98)";74;199802;200407;101;1598
"Fensterheber";1561;9011;3;8;"OPEL";"VECTRA B Caravan (J96)";74;199706;200307;101;1995
"Fensterheber";1561;9026;1;5;"DAEWOO";"NUBIRA Stufenheck (J100)";78;199705;199905;106;1598
"Fensterheber";1561;9030;4;6;"DAEWOO";"LANOS (KLAT)";55;199705;;75;1349
"Fensterheber";1561;9031;5;6;"DAEWOO";"LANOS Stufenheck (KLAT)";55;199705;;75;1349
"Fensterheber";1561;9037;7;6;"MERCEDES-BENZ";"M-CLASS (W163)";160;199802;200208;218;3199
"Fensterheber";1561;9040;136;6;"RENAULT";"CLIO II (BB_, CB_)";43;199809;201002;58;1149
"Fensterheber";1561;9041;5;6;"RENAULT";"CLIO II (BB_, CB_)";55;199809;200505;75;1390
"Fensterheber";1561;9042;6;6;"RENAULT";"CLIO II (BB_, CB_)";66;199809;200505;90;1598
"Fensterheber";1561;9043;1;6;"RENAULT";"CLIO II (BB_, CB_)";79;199809;200504;107;1598
"Fensterheber";1561;9044;6;6;"RENAULT";"CLIO II (BB_, CB_)";47;199809;200505;64;1870
"Fensterheber";1561;9045;47;8;"BMW";"3 (E46)";100;199804;200109;136;1951
"Fensterheber";1561;9048;1;6;"SEAT";"ALHAMBRA (7V8, 7V9)";110;199710;201003;150;1781
"Fensterheber";1561;9055;5;6;"VW";"POLO Variant (6V5)";44;199705;200109;60;1390
"Fensterheber";1561;9056;3;6;"VW";"POLO Variant (6V5)";55;199705;200109;75;1598
"Fensterheber";1561;9057;4;6;"VW";"POLO Variant (6V5)";74;199705;200109;101;1595
"Fensterheber";1561;9058;1;6;"VW";"POLO Variant (6V5)";66;199705;200109;90;1896
"Fensterheber";1561;9063;21;8;"SKODA";"OCTAVIA I (1U2)";81;199708;200601;110;1896
"Fensterheber";1561;9090;2;10;"BMW";"5 Touring (E39)";142;199611;200008;193;2793
"Fensterheber";1561;9091;13;8;"BMW";"3 (E46)";125;199803;200009;170;2494
"Fensterheber";1561;9092;26;8;"BMW";"3 (E46)";110;199803;200009;150;1990
"Fensterheber";1561;9099;1;0;"MERCEDES-BENZ";"124 T-Model (S124)";110;199210;199305;150;2199
"Fensterheber";1561;9158;7;14;"FIAT";"GRANDE PUNTO (199_)";62;201004;;84;1248
"Fensterheber";1561;9159;1;6;"FIAT";"PANDA (169_)";51;201011;201308;69;1242
"Fensterheber";1561;9203;1;2;"RENAULT";"KANGOO Express (FC0/1_)";40;199708;;54;1870
"Fensterheber";1561;9251;1;6;"OPEL";"ZAFIRA B Kasten/Großraumlimousine (A05)";81;200801;201504;110;1686
"Fensterheber";1561;9256;6;4;"FIAT";"500 (312_)";51;201012;;69;1242
"Fensterheber";1561;9257;6;6;"TOYOTA";"YARIS (_P9_)";73;201007;201105;99;1329
"Fensterheber";1561;9263;2;14;"FIAT";"GRANDE PUNTO (199_)";57;200812;;78;1368
"Fensterheber";1561;9308;1;2;"AUDI";"A6 C7 (4G2, 4GC)";120;201103;201809;163;1968
"Fensterheber";1561;9315;1;14;"FIAT";"GRANDE PUNTO (199_)";85;200606;200912;116;1910
"Fensterheber";1561;9317;2;11;"FIAT";"GRANDE PUNTO (199_)";50;200906;201407;68;1172
"Fensterheber";1561;9339;44;4;"SMART";"CITY-COUPE (450)";40;199807;200401;55;599
"Fensterheber";1561;9342;2;12;"MERCEDES-BENZ";"A-CLASS (W168)";66;199807;200102;90;1689
"Fensterheber";1561;9399;7;6;"VW";"GOLF IV Cabriolet (1E7)";55;199806;200206;75;1781
"Fensterheber";1561;9400;7;6;"VW";"GOLF IV Cabriolet (1E7)";66;199806;200206;90;1781
"Fensterheber";1561;9409;4;4;"SKODA";"FABIA II (542)";44;201111;201412;60;1198
"Fensterheber";1561;9429;14;0;"MAZDA";"MX-5 II (NB)";81;199805;200510;110;1597
"Fensterheber";1561;9441;1;2;"HYUNDAI";"i30 (GD)";88;201201;201612;120;1591
"Fensterheber";1561;9465;2;6;"PEUGEOT";"206 Schrägheck (2A/C)";44;199809;200702;60;1124
"Fensterheber";1561;9466;5;6;"PEUGEOT";"206 Schrägheck (2A/C)";55;199809;201212;75;1360
"Fensterheber";1561;9502;2;0;"MERCEDES-BENZ";"CLK Cabriolet (A208)";160;199803;200203;218;3199
"Fensterheber";1561;9515;4;8;"SKODA";"OCTAVIA I Combi (1U5)";74;199807;200712;101;1595
"Fensterheber";1561;9516;2;8;"SKODA";"OCTAVIA I Combi (1U5)";92;199807;200007;125;1781
"Fensterheber";1561;9518;24;8;"SKODA";"OCTAVIA I Combi (1U5)";66;199807;201003;90;1896
"Fensterheber";1561;9519;18;8;"SKODA";"OCTAVIA I Combi (1U5)";81;199807;200601;110;1896
"Fensterheber";1561;9533;1;10;"VW";"SHARAN (7M8, 7M9, 7M6)";100;200511;201003;136;1968
"Fensterheber";1561;9542;2;4;"KIA";"SPORTAGE SUV (K00)";61;199710;200308;83;1998
"Fensterheber";1561;9544;4;3;"HONDA";"CIVIC VI Aerodeck (MB, MC)";66;199804;200102;90;1396
"Fensterheber";1561;9592;1;0;"CHEVROLET";"VOLT";111;201111;;151;1398
"Fensterheber";1561;9595;1;0;"CHRYSLER";"SEBRING (JS)";125;200707;201012;170;2360
"Fensterheber";1561;9609;1;4;"FIAT";"FREEMONT (345_)";103;201108;;140;1956
"Fensterheber";1561;9621;7;2;"VW";"GOLF VI (5K1)";63;201005;201211;86;1197
"Fensterheber";1561;9639;31;16;"FORD";"FOCUS I (DAW, DBW)";55;199810;200411;75;1388
"Fensterheber";1561;9640;85;16;"FORD";"FOCUS I (DAW, DBW)";74;199810;200411;100;1596
"Fensterheber";1561;9641;11;16;"FORD";"FOCUS I (DAW, DBW)";85;199810;200411;115;1796
"Fensterheber";1561;9642;1;12;"FORD";"FOCUS I Stufenheck (DFW)";55;199902;200411;75;1388
"Fensterheber";1561;9643;14;12;"FORD";"FOCUS I Stufenheck (DFW)";74;199902;200411;100;1596
"Fensterheber";1561;9644;2;12;"FORD";"FOCUS I Stufenheck (DFW)";85;199902;200411;115;1796
"Fensterheber";1561;9645;16;12;"FORD";"FOCUS I Turnier (DNW)";55;199902;200411;75;1388
"Fensterheber";1561;9646;51;12;"FORD";"FOCUS I Turnier (DNW)";74;199902;200411;100;1596
"Fensterheber";1561;9647;10;12;"FORD";"FOCUS I Turnier (DNW)";85;199902;200411;115;1796
"Fensterheber";1561;9684;1;6;"SAAB";"9-3 Kombi (E50)";118;200712;201502;160;1910
"Fensterheber";1561;9707;2;0;"OPEL";"MOVANO B Bus (X62)";92;201012;;125;2298
"Fensterheber";1561;9891;1;8;"MERCEDES-BENZ";"C-CLASS T-Model (S204)";100;201008;201408;136;2143
"Fensterheber";1561;9892;5;4;"HYUNDAI";"i10 I (PA)";51;201104;201312;69;1086
"Fensterheber";1561;9896;1;2;"MINI";"MINI CLUBMAN (R55)";82;201102;201406;112;1995
"Fensterheber";1561;9897;2;2;"MINI";"MINI CLUBMAN (R55)";105;201102;201406;143;1995
"Fensterheber";1561;9899;5;16;"FORD";"FOCUS I (DAW, DBW)";96;199810;200411;131;1988
"Fensterheber";1561;9900;10;16;"FORD";"FOCUS I (DAW, DBW)";66;199810;200411;90;1753
"Fensterheber";1561;9901;6;2;"AUDI";"TT (8N3)";132;199810;200606;180;1781
"Fensterheber";1561;9902;3;2;"AUDI";"TT (8N3)";132;199810;200606;180;1781
"Fensterheber";1561;9903;2;2;"AUDI";"TT (8N3)";165;199810;200606;224;1781
"Fensterheber";1561;9917;1;4;"MINI";"MINI COUNTRYMAN (R60)";105;201103;201610;143;1995
"Fensterheber";1561;9930;25;10;"HYUNDAI";"ix35 (LM, EL, ELH)";99;201011;;135;1591
"Fensterheber";1561;9931;10;10;"HYUNDAI";"ix35 (LM, EL, ELH)";85;201011;;116;1685
"Fensterheber";1561;9934;3;0;"KIA";"PRO CEE'D (ED)";77;200802;201209;105;1396
"Fensterheber";1561;9941;1;8;"MERCEDES-BENZ";"E-CLASS (W212)";150;201101;201512;204;2143
"Fensterheber";1561;9981;1;12;"PEUGEOT";"406 (8B)";80;199806;200108;109;1997
"Fensterheber";1561;9982;1;12;"PEUGEOT";"406 Break (8E/F)";80;199902;200404;109;1997
"Fensterheber";1561;9984;1;10;"OPEL";"ASTRA G Stufenheck (T98)";74;199809;200501;101;1598
"Fensterheber";1561;9992;1;2;"OPEL";"FRONTERA B (U99)";85;199809;200312;116;2171
"Fensterheber";1561;10000;12;10;"VW";"BORA I (1J2)";74;199810;200505;101;1595
"Fensterheber";1561;10001;13;10;"VW";"BORA I (1J2)";85;199810;201312;115;1984
"Fensterheber";1561;10002;2;10;"VW";"BORA I (1J2)";110;199810;200010;150;2324
"Fensterheber";1561;10003;6;10;"VW";"BORA I (1J2)";66;199810;200505;90;1896
"Fensterheber";1561;10004;7;10;"VW";"BORA I (1J2)";81;199810;200106;110;1896
"Fensterheber";1561;10005;8;6;"DAEWOO";"MATIZ (M100, M150)";38;199809;;52;796
"Fensterheber";1561;10010;1;4;"JEEP";"GRAND CHEROKEE II (WJ, WG)";140;199904;200509;190;3960
"Fensterheber";1561;10011;1;4;"JEEP";"GRAND CHEROKEE II (WJ, WG)";162;199904;200008;220;4701
"Fensterheber";1561;10012;2;4;"JEEP";"GRAND CHEROKEE II (WJ, WG)";103;199904;200112;140;3125
"Fensterheber";1561;10014;1;2;"NISSAN";"PICK UP (D22)";61;199802;200504;83;2494
"Fensterheber";1561;10015;3;2;"NISSAN";"PICK UP (D22)";76;199805;200504;103;2494
"Fensterheber";1561;10017;2;2;"NISSAN";"PICK UP (D22)";61;199802;200504;83;2494
"Fensterheber";1561;10025;5;10;"BMW";"5 (E39)";135;199808;200009;184;2926
"Fensterheber";1561;10036;1;8;"MERCEDES-BENZ";"C-CLASS T-Model (S204)";115;200911;201408;156;1796
"Fensterheber";1561;10039;3;10;"BMW";"5 Touring (E39)";135;199808;200009;184;2926
"Fensterheber";1561;10040;2;12;"FORD";"FOCUS I Stufenheck (DFW)";96;199902;200411;131;1988
"Fensterheber";1561;10041;3;12;"FORD";"FOCUS I Stufenheck (DFW)";66;199902;200411;90;1753
"Fensterheber";1561;10042;2;12;"FORD";"FOCUS I Turnier (DNW)";96;199902;200411;131;1988
"Fensterheber";1561;10043;13;12;"FORD";"FOCUS I Turnier (DNW)";66;199902;200411;90;1753
"Fensterheber";1561;10045;2;6;"VW";"LUPO I (6X1, 6E1)";74;199908;200507;100;1390
"Fensterheber";1561;10046;15;10;"SEAT";"TOLEDO II (1M2)";74;199810;200407;100;1595
"Fensterheber";1561;10047;1;10;"SEAT";"TOLEDO II (1M2)";92;199810;200407;125;1781
"Fensterheber";1561;10048;1;10;"SEAT";"TOLEDO II (1M2)";110;199810;200011;150;2324
"Fensterheber";1561;10049;5;10;"SEAT";"TOLEDO II (1M2)";66;199903;200407;90;1896
"Fensterheber";1561;10050;13;10;"SEAT";"TOLEDO II (1M2)";81;199810;200407;110;1896
"Fensterheber";1561;10052;15;6;"VW";"GOLF IV Cabriolet (1E7)";74;199806;200206;100;1595
"Fensterheber";1561;10053;3;6;"VW";"GOLF IV Cabriolet (1E7)";66;199806;200206;90;1896
"Fensterheber";1561;10054;27;6;"VW";"GOLF IV Cabriolet (1E7)";85;199806;200206;115;1984
"Fensterheber";1561;10055;16;7;"VW";"PASSAT B5 (3B2)";85;199808;200011;115;1896
"Fensterheber";1561;10056;27;7;"VW";"PASSAT B5 Variant (3B5)";85;199808;200011;115;1896
"Fensterheber";1561;10064;1;1;"VOLVO";"V70 III (135)";120;201003;201512;163;1984
"Fensterheber";1561;10081;1;8;"RENAULT";"MASTER II Kasten (FD)";59;199807;200101;80;2499
"Fensterheber";1561;10083;1;8;"RENAULT";"MASTER II Pritsche/Fahrgestell (ED/HD/UD)";59;199807;200101;80;2499
"Fensterheber";1561;10084;1;8;"RENAULT";"MASTER II Pritsche/Fahrgestell (ED/HD/UD)";84;199807;200110;114;2799
"Fensterheber";1561;10104;6;2;"PORSCHE";"911 (996)";221;199708;200109;301;3387
"Fensterheber";1561;10139;1;2;"LAND ROVER";"DISCOVERY II (L318)";102;199811;200406;139;2495
"Fensterheber";1561;10142;1;2;"MERCEDES-BENZ";"G-CLASS (W463)";218;199804;;296;4966
"Fensterheber";1561;10144;2;5;"MERCEDES-BENZ";"E-CLASS (W210)";92;199806;199907;125;2151
"Fensterheber";1561;10146;1;5;"MERCEDES-BENZ";"E-CLASS (W210)";75;199806;200203;102;2151
"Fensterheber";1561;10163;6;10;"OPEL";"ASTRA G CC (T98)";66;199802;200501;90;1389
"Fensterheber";1561;10166;1;10;"OPEL";"ASTRA G Caravan (T98)";66;199806;200407;90;1389
"Fensterheber";1561;10175;7;10;"VW";"BORA I (1J2)";55;200003;200505;75;1390
"Fensterheber";1561;10176;1;10;"VW";"BORA I (1J2)";50;199810;200505;68;1896
"Fensterheber";1561;10179;4;7;"VW";"PASSAT B5 (3B2)";110;199807;200011;150;2496
"Fensterheber";1561;10199;1;14;"CITROËN";"XSARA (N1)";51;199807;200503;70;1868
"Fensterheber";1561;10203;2;7;"FIAT";"DUCATO Kasten (250_)";85;201106;;116;1956
"Fensterheber";1561;10205;3;7;"FIAT";"DUCATO Bus (250_)";96;201106;;131;2287
"Fensterheber";1561;10207;1;7;"FIAT";"DUCATO Kasten (250_)";109;201106;;148;2287
"Fensterheber";1561;10209;1;7;"FIAT";"DUCATO Bus (250_)";130;201106;;177;2999
"Fensterheber";1561;10211;1;7;"FIAT";"DUCATO Pritsche/Fahrgestell (250_)";130;201106;;177;2999
"Fensterheber";1561;10227;7;6;"CITROËN";"BERLINGO / BERLINGO FIRST Großraumlimousine (MF_, GJK_, GFK_";51;199807;200510;70;1868
"Fensterheber";1561;10250;1;1;"VOLVO";"V70 III (135)";84;201104;201512;114;1560
"Fensterheber";1561;10254;1;6;"VW";"POLO V (6R1, 6C1)";60;201101;201405;82;1598
"Fensterheber";1561;10266;1;2;"RENAULT";"LAGUNA I Grandtour (K56_)";88;199804;200103;120;1783
"Fensterheber";1561;10269;2;8;"RENAULT";"MASTER II Bus (JD)";84;199807;200110;114;2799
"Fensterheber";1561;10270;9;8;"SKODA";"OCTAVIA I Combi (1U5)";110;199807;201012;150;1781
"Fensterheber";1561;10272;13;4;"VW";"TRANSPORTER T4 Bus (70B, 70C, 7DB, 7DK, 70J, 70K, 7DC, 7DJ)";65;199805;200304;88;2461
"Fensterheber";1561;10273;19;4;"VW";"TRANSPORTER T4 Bus (70B, 70C, 7DB, 7DK, 70J, 70K, 7DC, 7DJ)";111;199805;200304;151;2461
"Fensterheber";1561;10279;5;4;"JAGUAR";"S-TYPE II (X200)";175;199901;200710;238;2967
"Fensterheber";1561;10292;2;2;"VOLVO";"XC60 I SUV (156)";158;201104;201512;215;2400
"Fensterheber";1561;10300;3;10;"BMW";"5 (E39)";294;199810;200306;400;4941
"Fensterheber";1561;10311;13;8;"BMW";"1 (F20)";100;201107;201502;136;1598
"Fensterheber";1561;10312;8;8;"BMW";"1 (F20)";125;201107;201502;170;1598
"Fensterheber";1561;10313;9;8;"BMW";"1 (F20)";85;201107;201502;116;1995
"Fensterheber";1561;10314;7;8;"BMW";"1 (F20)";105;201107;201502;143;1995
"Fensterheber";1561;10316;3;8;"BMW";"1 (F20)";135;201107;201502;184;1995
"Fensterheber";1561;10318;2;4;"RENAULT";"CLIO I (B/C57_, 5/357_)";48;199605;199802;65;1870
"Fensterheber";1561;10321;1;4;"SUZUKI";"JIMNY Geländewagen geschlossen (SN)";59;199809;;80;1298
"Fensterheber";1561;10343;1;7;"FORD";"MONDEO IV Stufenheck (BA7)";92;200703;201501;125;1596
"Fensterheber";1561;10350;3;2;"CHEVROLET";"CRUZE Schrägheck (J305)";120;201106;;163;1998
"Fensterheber";1561;10416;2;2;"AUDI";"A6 C7 Avant (4G5, 4GD)";150;201105;201809;204;2967
"Fensterheber";1561;10418;4;2;"AUDI";"A6 C7 Avant (4G5, 4GD)";150;201105;201809;204;2967
"Fensterheber";1561;10458;1;2;"OPEL";"ASTRA J GTC";88;201110;;120;1364
"Fensterheber";1561;10461;2;4;"ROVER";"75 (RJ)";110;199902;200505;150;1997
"Fensterheber";1561;10463;3;4;"ROVER";"75 (RJ)";85;199902;200505;115;1951
"Fensterheber";1561;10466;31;7;"TOYOTA";"YARIS (_P1_)";50;199904;200509;68;998
"Fensterheber";1561;10502;3;4;"BMW";"3 Coupe (E46)";125;199904;200009;170;2494
"Fensterheber";1561;10503;2;4;"BMW";"3 Coupe (E46)";142;199812;200005;193;2793
"Fensterheber";1561;10527;6;4;"RENAULT";"SCÉNIC III (JZ0/1_)";96;201104;;130;1598
"Fensterheber";1561;10528;7;4;"RENAULT";"GRAND SCÉNIC III (JZ0/1_)";96;201104;;130;1598
"Fensterheber";1561;10573;2;2;"SKODA";"SUPERB II Kombi (3T5)";103;201011;201505;140;1968
"Fensterheber";1561;10575;3;4;"BMW";"X3 (E83)";120;200809;201008;163;1995
"Fensterheber";1561;10576;2;4;"BMW";"X3 (F25)";190;201104;201708;258;2993
"Fensterheber";1561;10579;1;10;"BMW";"5 Touring (E39)";105;199703;200405;143;2497
"Fensterheber";1561;10609;6;12;"HYUNDAI";"i30 Kombi (FD)";77;200710;201206;105;1396
"Fensterheber";1561;10615;10;4;"SEAT";"ALHAMBRA (710, 711)";85;201105;;115;1968
"Fensterheber";1561;10621;25;4;"SEAT";"ALHAMBRA (710, 711)";103;201105;201504;140;1968
"Fensterheber";1561;10623;1;4;"HYUNDAI";"i40 I CW (VF)";100;201107;201905;136;1685
"Fensterheber";1561;10625;1;4;"SEAT";"ALHAMBRA (710, 711)";100;201006;201105;136;1968
"Fensterheber";1561;10689;1;4;"VW";"TRANSPORTER T4 Kasten (70A, 70H, 7DA, 7DH)";55;199708;200304;75;2370
"Fensterheber";1561;10769;2;11;"FIAT";"GRANDE PUNTO (199_)";56;200906;201407;76;1248
"Fensterheber";1561;10780;2;6;"BMW";"3 Touring (E91)";100;200709;201203;136;1995
"Fensterheber";1561;10815;1;3;"VW";"CRAFTER 30-50 Kasten (2E_)";80;201105;201612;109;1968
"Fensterheber";1561;10821;2;2;"TOYOTA";"CARINA E VI Stufenheck (_T19_)";85;199412;199709;116;1587
"Fensterheber";1561;10824;1;3;"VW";"CRAFTER 30-50 Pritsche/Fahrgestell (2F_)";80;201105;201612;109;1968
"Fensterheber";1561;10826;1;3;"VW";"CRAFTER 30-50 Pritsche/Fahrgestell (2F_)";120;201107;201612;163;1968
"Fensterheber";1561;10864;9;6;"FIAT";"SCUDO Bus (270_, 272_)";94;201104;201603;128;1997
"Fensterheber";1561;10876;31;4;"VW";"SHARAN (7N1, 7N2)";103;201105;201511;140;1968
"Fensterheber";1561;10886;2;4;"CITROËN";"DS5";120;201111;201507;163;1997
"Fensterheber";1561;10915;1;5;"OPEL";"ZAFIRA A Großraumlimousine (T98)";74;199904;200506;101;1598
"Fensterheber";1561;10917;2;5;"OPEL";"ZAFIRA A Großraumlimousine (T98)";85;199904;200009;116;1796
"Fensterheber";1561;10930;1;4;"NISSAN";"NV200 / EVALIA Bus";66;201104;;90;1461
"Fensterheber";1561;10941;1;4;"AUDI";"A6 C5 (4B2)";220;199811;200501;299;4172
"Fensterheber";1561;10944;4;12;"VW";"GOLF IV (1J1)";150;199903;200506;204;2792
"Fensterheber";1561;10955;2;10;"RENAULT";"MODUS / GRAND MODUS (F/JP0_)";76;201104;;103;1149
"Fensterheber";1561;10960;2;4;"VW";"TRANSPORTER T4 Kasten (70A, 70H, 7DA, 7DH)";75;199509;200304;102;2461
"Fensterheber";1561;10972;1;4;"ALFA ROMEO";"MITO (955_)";51;201105;201810;69;1368
"Fensterheber";1561;10974;1;4;"SKODA";"YETI (5L)";103;201111;201712;140;1968
"Fensterheber";1561;11038;1;0;"RENAULT";"MASTER III Bus (JV)";92;201102;;125;2298
"Fensterheber";1561;11042;35;8;"BMW";"3 (E46)";77;199812;200202;105;1895
"Fensterheber";1561;11044;2;6;"PEUGEOT";"PARTNER TEPEE";68;201004;;92;1560
"Fensterheber";1561;11045;1;6;"PEUGEOT";"PARTNER Kasten/Großraumlimousine";68;201004;;92;1560
"Fensterheber";1561;11048;3;6;"CITROËN";"BERLINGO Kasten/Großraumlimousine (B9)";68;201007;;92;1560
"Fensterheber";1561;11052;2;4;"AUDI";"A3 Cabriolet (8P7)";92;201102;201305;125;1390
"Fensterheber";1561;11056;4;16;"RENAULT";"CLIO III (BR0/1, CR0/1)";76;201009;201412;103;1149
"Fensterheber";1561;11057;7;4;"RENAULT";"CLIO III Grandtour (KR0/1_)";76;201003;201212;103;1149
"Fensterheber";1561;11068;7;6;"RENAULT";"KANGOO Express (FW0/1_)";55;201009;;75;1461
"Fensterheber";1561;11081;1;5;"MERCEDES-BENZ";"E-CLASS (W210)";55;199605;200203;75;2155
"Fensterheber";1561;11098;1;4;"MERCEDES-BENZ";"VITO Kasten (W638)";72;199703;200307;98;2299
"Fensterheber";1561;11100;1;4;"MERCEDES-BENZ";"VITO Kasten (W638)";105;199703;200307;143;2295
"Fensterheber";1561;11109;2;6;"PEUGEOT";"BOXER Bus";110;201103;;150;2198
"Fensterheber";1561;11113;2;6;"PEUGEOT";"BOXER Kasten";96;201103;;131;2198
"Fensterheber";1561;11114;1;6;"PEUGEOT";"BOXER Kasten";110;201103;;150;2198
"Fensterheber";1561;11126;6;6;"PEUGEOT";"EXPERT TEPEE (VF3X_)";94;201103;;128;1997
"Fensterheber";1561;11130;10;6;"PEUGEOT";"EXPERT Kasten (VF3A_, VF3U_, VF3X_)";94;201103;;128;1997
"Fensterheber";1561;11136;14;12;"NISSAN";"QASHQAI / QASHQAI +2 I (J10, NJ10, JJ10E)";81;201001;201312;110;1461
"Fensterheber";1561;11137;6;12;"NISSAN";"QASHQAI / QASHQAI +2 I (J10, NJ10, JJ10E)";86;201011;201312;117;1598
"Fensterheber";1561;11138;21;12;"NISSAN";"QASHQAI / QASHQAI +2 I (J10, NJ10, JJ10E)";104;200702;201312;141;1997
"Fensterheber";1561;11140;8;12;"NISSAN";"QASHQAI / QASHQAI +2 I (J10, NJ10, JJ10E)";104;200702;201312;141;1997
"Fensterheber";1561;11147;1;12;"HYUNDAI";"i30 Kombi (FD)";94;201001;201206;128;1582
"Fensterheber";1561;11172;8;4;"CITROËN";"SAXO (S0, S1)";44;199605;200309;60;1124
"Fensterheber";1561;11195;2;0;"SKODA";"FELICIA II (6U1)";47;199801;200106;64;1896
"Fensterheber";1561;11253;4;4;"TOYOTA";"YARIS (_P13_)";66;201109;;90;1364
"Fensterheber";1561;11264;1;6;"RENAULT";"MEGANE I Grandtour (KA0/1_)";55;199903;200308;75;1390
"Fensterheber";1561;11268;3;8;"AUDI";"A3 (8L1)";154;199903;200204;210;1781
"Fensterheber";1561;11270;2;4;"MERCEDES-BENZ";"V-CLASS (638/2)";90;199903;200307;122;2148
"Fensterheber";1561;11293;21;2;"VW";"BEETLE (5C1, 5C2)";77;201107;201907;105;1197
"Fensterheber";1561;11300;3;8;"AUDI";"A4 B5 (8D2)";85;200003;200011;116;1896
"Fensterheber";1561;11312;1;8;"KIA";"SPORTAGE III (SL)";135;201008;;184;1995
"Fensterheber";1561;11319;1;8;"BMW";"3 Touring (E46)";110;199910;200009;150;1990
"Fensterheber";1561;11339;2;8;"AUDI";"A3 (8L1)";110;199612;200305;150;1781
"Fensterheber";1561;11340;1;8;"AUDI";"A3 (8L1)";132;199812;200305;180;1781
"Fensterheber";1561;11342;4;2;"AUDI";"TT Roadster (8N9)";132;199910;200606;180;1781
"Fensterheber";1561;11346;15;8;"SKODA";"OCTAVIA I (1U2)";110;199708;201012;150;1781
"Fensterheber";1561;11351;1;8;"AUDI";"A4 B5 Avant (8D5)";85;200003;200109;115;1896
"Fensterheber";1561;11352;1;8;"AUDI";"A4 B5 (8D2)";85;200003;200011;116;1896
"Fensterheber";1561;11362;1;4;"AUDI";"A6 C5 Avant (4B5)";220;199811;200501;299;4172
"Fensterheber";1561;11364;6;8;"AUDI";"A4 B5 (8D2)";55;199512;200011;75;1896
"Fensterheber";1561;11369;21;4;"BMW";"3 Compact (E36)";77;199901;200008;105;1895
"Fensterheber";1561;11399;2;6;"BMW";"3 (E90)";120;200809;201110;163;1995
"Fensterheber";1561;11400;2;4;"BMW";"3 Coupe (E46)";87;199912;200108;118;1895
"Fensterheber";1561;11406;16;4;"RENAULT";"MEGANE Scenic (JA0/1_)";79;199804;199910;107;1598
"Fensterheber";1561;11421;2;4;"MERCEDES-BENZ";"VITO Bus (W638)";90;199903;200307;122;2148
"Fensterheber";1561;11424;2;6;"PEUGEOT";"306 (7B, N3, N5)";51;199809;200105;69;1868
"Fensterheber";1561;11479;3;6;"RENAULT";"MEGANE I Grandtour (KA0/1_)";70;199903;200308;95;1390
"Fensterheber";1561;11480;6;6;"RENAULT";"MEGANE I Grandtour (KA0/1_)";79;199903;200308;107;1598
"Fensterheber";1561;11484;2;4;"RENAULT";"MEGANE I Coach (DA0/1_)";79;199903;200307;107;1598
"Fensterheber";1561;11485;12;8;"RENAULT";"MEGANE I (BA0/1_)";79;199903;200208;107;1598
"Fensterheber";1561;11487;18;8;"RENAULT";"MEGANE I (BA0/1_)";70;199903;200308;95;1390
"Fensterheber";1561;11488;9;6;"RENAULT";"MEGANE I Classic (LA0/1_)";70;199903;200308;95;1390
"Fensterheber";1561;11489;2;6;"RENAULT";"MEGANE I Classic (LA0/1_)";79;199903;200307;107;1598
"Fensterheber";1561;11490;2;0;"RENAULT";"MEGANE I Cabriolet (EA0/1_)";79;199903;200307;107;1598
"Fensterheber";1561;11491;6;4;"RENAULT";"SCÉNIC I Großraumlimousine (JA0/1_, FA0_)";70;199909;200308;95;1390
"Fensterheber";1561;11516;4;2;"SUZUKI";"GRAND VITARA I (FT, HT)";69;199803;200307;94;1590
"Fensterheber";1561;11517;1;2;"SUZUKI";"GRAND VITARA I (FT, HT)";94;199803;200307;128;1995
"Fensterheber";1561;11523;3;2;"PORSCHE";"BOXSTER (986)";185;199908;200207;252;3179
"Fensterheber";1561;11599;41;10;"VW";"GOLF IV Variant (1J5)";55;199905;200606;75;1390
"Fensterheber";1561;11603;11;10;"VW";"GOLF IV Variant (1J5)";74;199905;200204;101;1595
"Fensterheber";1561;11604;12;10;"VW";"GOLF IV Variant (1J5)";85;199905;200606;115;1984
"Fensterheber";1561;11605;1;10;"VW";"GOLF IV Variant (1J5)";50;199905;200606;68;1896
"Fensterheber";1561;11606;19;10;"VW";"GOLF IV Variant (1J5)";66;199905;200605;90;1896
"Fensterheber";1561;11607;6;10;"VW";"GOLF IV Variant (1J5)";81;199905;200106;110;1896
"Fensterheber";1561;11629;1;8;"SKODA";"OCTAVIA I Combi (1U5)";55;199807;200409;75;1598
"Fensterheber";1561;11751;1;2;"FIAT";"SCUDO Bus (220_)";80;199905;200612;109;1997
"Fensterheber";1561;11752;1;2;"FIAT";"SCUDO Kasten (220_)";80;199905;200612;109;1997
"Fensterheber";1561;11758;3;12;"NISSAN";"QASHQAI / QASHQAI +2 I (J10, NJ10, JJ10E)";96;201110;201312;130;1598
"Fensterheber";1561;11760;6;10;"VW";"BORA Variant (1J6)";85;199905;200505;115;1984
"Fensterheber";1561;11762;7;10;"VW";"BORA Variant (1J6)";85;199905;200106;115;1896
"Fensterheber";1561;11763;2;10;"VW";"GOLF IV Variant (1J5)";85;199908;200106;115;1896
"Fensterheber";1561;11779;39;12;"VW";"GOLF IV (1J1)";85;199807;200405;115;1984
"Fensterheber";1561;11783;2;2;"AUDI";"A1 Sportback (8XA, 8XF)";90;201111;201504;122;1390
"Fensterheber";1561;11791;1;4;"AUDI";"Q3 (8UB, 8UG)";130;201106;201810;177;1968
"Fensterheber";1561;11793;1;4;"AUDI";"Q3 (8UB, 8UG)";103;201109;201810;140;1968
"Fensterheber";1561;11816;11;3;"VW";"UP! (121, 122, BL1, BL2, BL3, 123)";44;201108;202008;60;999
"Fensterheber";1561;11817;8;3;"VW";"UP! (121, 122, BL1, BL2, BL3, 123)";55;201108;201911;75;999
"Fensterheber";1561;11830;3;4;"TOYOTA";"YARIS (_P13_)";73;201109;;99;1329
"Fensterheber";1561;11850;3;4;"FIAT";"DUCATO Pritsche/Fahrgestell (230_)";60;199403;200204;82;1929
"Fensterheber";1561;11873;17;12;"CITROËN";"XSARA PICASSO (N68)";66;199912;201112;90;1997
"Fensterheber";1561;11896;77;6;"VW";"POLO V (6R1, 6C1)";66;201105;201405;90;1197
"Fensterheber";1561;11955;4;2;"FORD";"TRANSIT Bus (FD_ _, FB_ _, FS_ _, FZ_ _, FC_ _)";74;201110;201408;100;2198
"Fensterheber";1561;11956;7;2;"FORD";"TRANSIT Bus (FD_ _, FB_ _, FS_ _, FZ_ _, FC_ _)";92;201110;201408;125;2198
"Fensterheber";1561;11960;12;2;"FORD";"TRANSIT Kasten (FA_ _)";74;201110;201408;100;2198
"Fensterheber";1561;11962;7;2;"FORD";"TRANSIT Kasten (FA_ _)";92;201110;201408;125;2198
"Fensterheber";1561;11963;1;2;"FORD";"TRANSIT Kasten (FA_ _)";92;201109;201412;125;2198
"Fensterheber";1561;11969;1;2;"FORD";"TRANSIT Pritsche/Fahrgestell (FM_ _, FN_ _, FF_ _)";92;201110;201408;125;2198
"Fensterheber";1561;11980;3;12;"MERCEDES-BENZ";"A-CLASS (W168)";92;199903;200408;125;1898
"Fensterheber";1561;11988;3;2;"AUDI";"A5 (8T3)";180;201110;201701;245;2967
"Fensterheber";1561;11995;1;2;"AUDI";"A5 Sportback (8TA)";125;201108;201701;170;1798
"Fensterheber";1561;11997;1;2;"AUDI";"A5 (8T3)";245;201110;201701;333;2995
"Fensterheber";1561;12007;1;4;"MITSUBISHI";"ASX (GA_W_)";85;201005;;116;1590
"Fensterheber";1561;12033;2;4;"OPEL";"ASTRA J Caravan (P10)";121;201108;201510;165;1956
"Fensterheber";1561;12034;1;11;"OPEL";"CORSA D (S07)";63;201106;201408;86;1229
"Fensterheber";1561;12049;1;6;"CITROËN";"JUMPY II (VF7)";72;201107;201603;98;1997
"Fensterheber";1561;12053;26;6;"CITROËN";"JUMPY II (VF7)";94;201107;201603;128;1997
"Fensterheber";1561;12054;5;6;"CITROËN";"JUMPY II Kasten";94;201107;201603;128;1997
"Fensterheber";1561;12055;1;4;"SUZUKI";"SPLASH (EX)";50;201106;;68;996
"Fensterheber";1561;12057;1;4;"CITROËN";"JUMPER II Bus";81;201107;;110;2198
"Fensterheber";1561;12058;1;4;"CITROËN";"JUMPER II Kasten";81;201107;;110;2198
"Fensterheber";1561;12063;3;4;"CITROËN";"JUMPER II Kasten";96;201107;;130;2198
"Fensterheber";1561;12065;1;4;"CITROËN";"JUMPER II Bus";110;201107;;150;2198
"Fensterheber";1561;12068;1;4;"CITROËN";"JUMPER II Bus";130;201107;;177;2999
"Fensterheber";1561;12088;1;4;"OPEL";"ASTRA J Caravan (P10)";96;201010;201510;131;1686
"Fensterheber";1561;12089;10;4;"VW";"SHARAN (7N1, 7N2)";85;201105;201907;115;1968
"Fensterheber";1561;12103;1;10;"VW";"BORA Variant (1J6)";74;199905;200505;100;1595
"Fensterheber";1561;12139;7;8;"BMW";"3 Touring (E46)";87;199910;200109;118;1895
"Fensterheber";1561;12140;4;8;"BMW";"3 Touring (E46)";142;199906;200005;193;2793
"Fensterheber";1561;12141;5;8;"BMW";"3 Touring (E46)";100;200003;200109;136;1951
"Fensterheber";1561;12145;2;6;"FIAT";"SCUDO Kasten (270_, 272_)";88;200701;201603;120;1997
"Fensterheber";1561;12149;1;6;"PEUGEOT";"PARTNER Pritsche/Fahrgestell";66;200901;;90;1560
"Fensterheber";1561;12171;3;2;"MERCEDES-BENZ";"B-CLASS Sports Tourer (W246, W242)";90;201111;201812;122;1595
"Fensterheber";1561;12172;1;2;"MERCEDES-BENZ";"B-CLASS Sports Tourer (W246, W242)";115;201111;201812;156;1595
"Fensterheber";1561;12173;1;2;"MERCEDES-BENZ";"B-CLASS Sports Tourer (W246, W242)";80;201111;201408;109;1796
"Fensterheber";1561;12180;18;4;"SMART";"CITY-COUPE (450)";30;199911;200401;41;799
"Fensterheber";1561;12192;1;6;"FIAT";"PANDA Kasten/Schrägheck (169_)";51;201009;;69;1242
"Fensterheber";1561;12195;1;6;"FIAT";"PUNTO Kasten/Schrägheck (199_)";57;201203;;78;1368
"Fensterheber";1561;12203;3;6;"FIAT";"PUNTO Kasten/Schrägheck (199_)";70;200903;;95;1248
"Fensterheber";1561;12208;5;6;"FIAT";"PUNTO EVO (199_)";57;200906;201202;78;1368
"Fensterheber";1561;12243;2;8;"SKODA";"OCTAVIA I Combi (1U5)";66;199911;200602;90;1896
"Fensterheber";1561;12246;2;12;"PEUGEOT";"406 (8B)";66;199902;200405;90;1997
"Fensterheber";1561;12331;5;2;"MERCEDES-BENZ";"G-CLASS (W463)";155;201107;;211;2987
"Fensterheber";1561;12341;2;4;"MERCEDES-BENZ";"124 Stufenheck (W124)";162;199210;199306;220;3199
"Fensterheber";1561;12342;1;0;"MERCEDES-BENZ";"124 T-Model (S124)";162;199210;199306;220;3199
"Fensterheber";1561;12470;1;6;"BMW";"3 (F30, F80)";180;201111;201810;245;1997
"Fensterheber";1561;12472;9;6;"BMW";"3 (F30, F80)";135;201111;201603;184;1995
"Fensterheber";1561;12473;1;6;"BMW";"3 (F30, F80)";120;201111;201810;163;1995
"Fensterheber";1561;12516;2;4;"NISSAN";"NV400 Kasten (X62, X62B)";92;201111;201609;125;2299
"Fensterheber";1561;12519;1;4;"VOLVO";"S40 I (644)";80;199903;200312;109;1587
"Fensterheber";1561;12528;6;4;"VOLVO";"V40 Kombi (645)";90;199903;200406;122;1783
"Fensterheber";1561;12580;4;5;"MERCEDES-BENZ";"E-CLASS (W210)";85;199907;200203;116;2148
"Fensterheber";1561;12583;9;5;"MERCEDES-BENZ";"E-CLASS (W210)";105;199907;200203;143;2148
"Fensterheber";1561;12585;3;5;"MERCEDES-BENZ";"E-CLASS (W210)";125;199907;200203;170;2685
"Fensterheber";1561;12587;1;5;"MERCEDES-BENZ";"E-CLASS (W210)";145;199907;200203;197;3222
"Fensterheber";1561;12588;1;5;"MERCEDES-BENZ";"E-CLASS T-Model (S210)";145;199907;200303;197;3222
"Fensterheber";1561;12590;5;5;"MERCEDES-BENZ";"E-CLASS T-Model (S210)";125;199907;200303;170;2685
"Fensterheber";1561;12605;1;0;"FORD";"RANGER (TKE)";110;201104;;150;2198
"Fensterheber";1561;12751;78;14;"FIAT";"PUNTO (188_)";44;199909;201012;60;1242
"Fensterheber";1561;12752;16;14;"FIAT";"PUNTO (188_)";59;199909;200604;80;1242
"Fensterheber";1561;12754;3;14;"FIAT";"PUNTO (188_)";59;199909;201203;80;1910
"Fensterheber";1561;12772;2;8;"PEUGEOT";"508 I (8D_)";100;201011;201812;136;1997
"Fensterheber";1561;12783;1;8;"PEUGEOT";"508 SW I (8E_)";100;201011;201812;136;1997
"Fensterheber";1561;12960;8;8;"PEUGEOT";"508 I (8D_)";84;201202;201812;115;1560
"Fensterheber";1561;12961;13;8;"PEUGEOT";"508 SW I (8E_)";84;201202;201812;115;1560
"Fensterheber";1561;13042;2;8;"BMW";"X5 (E53)";210;200001;200309;286;4398
"Fensterheber";1561;13043;17;8;"BMW";"X5 (E53)";135;200104;200309;184;2925
"Fensterheber";1561;13080;1;12;"PEUGEOT";"406 (8B)";99;199901;200008;135;1997
"Fensterheber";1561;13085;11;8;"SKODA";"OCTAVIA I (1U2)";85;199904;200705;116;1984
"Fensterheber";1561;13086;16;8;"SKODA";"OCTAVIA I Combi (1U5)";85;199904;200705;116;1984
"Fensterheber";1561;13088;1;10;"BMW";"5 (E39)";180;199809;200306;245;3498
"Fensterheber";1561;13100;21;12;"VW";"GOLF IV (1J1)";85;199812;200106;115;1896
"Fensterheber";1561;13102;1;10;"VW";"BORA I (1J2)";110;199812;200010;150;2324
"Fensterheber";1561;13104;2;10;"VW";"BORA I (1J2)";85;199812;200201;115;1896
"Fensterheber";1561;13108;6;6;"VW";"LUPO I (6X1, 6E1)";55;199901;200507;75;1422
"Fensterheber";1561;13159;5;10;"SEAT";"LEON (1M1)";74;199911;200606;100;1595
"Fensterheber";1561;13160;1;10;"SEAT";"LEON (1M1)";92;199911;200606;125;1781
"Fensterheber";1561;13161;14;10;"SEAT";"LEON (1M1)";66;199911;200606;90;1896
"Fensterheber";1561;13162;6;10;"SEAT";"LEON (1M1)";81;199911;200606;110;1896
"Fensterheber";1561;13163;24;6;"MERCEDES-BENZ";"M-CLASS (W163)";120;199912;200506;163;2685
"Fensterheber";1561;13164;1;6;"MERCEDES-BENZ";"M-CLASS (W163)";255;200002;200506;347;5439
"Fensterheber";1561;13166;1;4;"PEUGEOT";"607 (9D, 9U)";152;200002;200407;207;2946
"Fensterheber";1561;13167;3;4;"PEUGEOT";"607 (9D, 9U)";98;200002;200602;133;2179
"Fensterheber";1561;13169;1;4;"AUDI";"A6 C5 Avant (4B5)";250;199909;200501;340;4172
"Fensterheber";1561;13180;8;4;"HONDA";"CR-V I (RD)";108;199901;200202;147;1973
"Fensterheber";1561;13182;6;14;"CITROËN";"XSARA (N1)";66;199902;200503;90;1997
"Fensterheber";1561;13194;4;10;"SEAT";"IBIZA II (6K1)";50;199908;200202;68;1896
"Fensterheber";1561;13198;3;10;"SEAT";"IBIZA II (6K1)";55;200005;200202;75;1390
"Fensterheber";1561;13200;5;10;"SEAT";"CORDOBA (6K1, 6K2)";55;200005;200210;75;1390
"Fensterheber";1561;13201;1;6;"SEAT";"CORDOBA Vario (6K5)";55;199906;200212;75;1390
"Fensterheber";1561;13259;2;4;"BMW";"3 Touring (E36)";75;199703;199905;102;1596
"Fensterheber";1561;13359;12;4;"AUDI";"A2 (8Z0)";55;200002;200508;75;1422
"Fensterheber";1561;13360;27;4;"AUDI";"A2 (8Z0)";55;200002;200508;75;1390
"Fensterheber";1561;13362;34;6;"SKODA";"FABIA I (6Y2)";74;199912;200803;100;1390
"Fensterheber";1561;13363;64;6;"SKODA";"FABIA I (6Y2)";50;199908;200305;68;1397
"Fensterheber";1561;13364;17;6;"SKODA";"FABIA I (6Y2)";47;199912;200803;64;1896
"Fensterheber";1561;13648;2;0;"OPEL";"OMEGA B Caravan (V94)";106;199909;200307;144;2198
"Fensterheber";1561;13663;1;0;"TOYOTA";"YARIS VERSO (_P2_)";63;199908;200210;86;1299
"Fensterheber";1561;13744;1;4;"RENAULT";"SCÉNIC I Großraumlimousine (JA0/1_, FA0_)";103;199909;200308;140;1998
"Fensterheber";1561;13808;1;2;"CITROËN";"ZX (N2)";44;199103;199706;60;1124
"Fensterheber";1561;13860;2;10;"OPEL";"ASTRA G CC (T98)";55;200002;200501;75;1686
"Fensterheber";1561;13874;9;8;"BMW";"3 (E46)";135;199910;200502;184;2926
"Fensterheber";1561;13909;2;4;"CHEVROLET";"CRUZE (J300)";96;201201;;131;1686
"Fensterheber";1561;13918;1;1;"HONDA";"CIVIC IX (FK)";73;201202;;99;1339
"Fensterheber";1561;13926;2;1;"HONDA";"CIVIC IX (FK)";104;201202;;141;1798
"Fensterheber";1561;13932;1;8;"OPEL";"COMBO Kasten/Großraumlimousine (X12)";66;201202;;90;1248
"Fensterheber";1561;13959;1;6;"FIAT";"PUNTO (199_)";63;201203;;86;875
"Fensterheber";1561;13960;12;6;"FIAT";"SCUDO Kasten (270_, 272_)";94;201105;201603;128;1997
"Fensterheber";1561;13971;1;2;"LAND ROVER";"DEFENDER Station Wagon (L316)";90;201108;201602;122;2198
"Fensterheber";1561;13994;1;2;"OPEL";"AGILA (A) (H00)";43;200009;200712;58;973
"Fensterheber";1561;13995;4;2;"OPEL";"AGILA (A) (H00)";55;200009;200712;75;1199
"Fensterheber";1561;14002;7;6;"FIAT";"PANDA (312_, 319_)";51;201202;;69;1242
"Fensterheber";1561;14006;1;4;"MERCEDES-BENZ";"VITO Kasten (W638)";75;199903;200307;102;2148
"Fensterheber";1561;14018;1;4;"TOYOTA";"AVENSIS Kombi (_T27_)";91;201111;201810;124;1998
"Fensterheber";1561;14064;29;8;"VW";"POLO (6N2)";55;199910;200109;75;1390
"Fensterheber";1561;14066;13;8;"VW";"POLO (6N2)";55;199910;200109;75;1422
"Fensterheber";1561;14076;1;0;"HONDA";"CONCERTO (HW, MA)";66;198908;199110;90;1396
"Fensterheber";1561;14107;1;7;"TOYOTA";"AVENSIS Kombi (_T22_)";81;199910;200302;110;1995
"Fensterheber";1561;14161;1;4;"VW";"POLO III CLASSIC (6V2)";55;199910;200109;75;1390
"Fensterheber";1561;14162;2;6;"VW";"POLO Variant (6V5)";55;199910;200109;75;1390
"Fensterheber";1561;14172;16;8;"VW";"POLO (6N2)";37;199910;200109;50;999
"Fensterheber";1561;14174;1;8;"VW";"POLO (6N2)";74;199910;200109;101;1390
"Fensterheber";1561;14183;1;6;"RENAULT";"CLIO II (BB_, CB_)";124;200002;200906;169;1998
"Fensterheber";1561;14184;2;6;"RENAULT";"CLIO II (BB_, CB_)";70;199910;200409;95;1390
"Fensterheber";1561;14185;6;8;"BMW";"3 Touring (E46)";135;199910;200502;184;2926
"Fensterheber";1561;14186;3;10;"BMW";"5 (E39)";100;199601;200306;136;1990
"Fensterheber";1561;14238;7;6;"VW";"NEW BEETLE (9C1, 1C1)";110;199910;201009;150;1781
"Fensterheber";1561;14268;15;10;"SEAT";"LEON (1M1)";55;199911;200606;75;1390
"Fensterheber";1561;14277;4;6;"SKODA";"FABIA I (6Y2)";37;199912;200208;50;996
"Fensterheber";1561;14278;19;6;"SKODA";"FABIA I (6Y2)";74;200001;200803;100;1896
"Fensterheber";1561;14281;1;0;"SAAB";"9-3 Cabriolet (YS3D)";151;199910;200308;205;1985
"Fensterheber";1561;14286;3;4;"VW";"POLO III CLASSIC (6V2)";50;199908;200201;68;1896
"Fensterheber";1561;14287;12;7;"TOYOTA";"YARIS (_P1_)";63;199908;200511;86;1299
"Fensterheber";1561;14397;2;4;"BMW";"3 Cabriolet (E46)";125;200004;200009;170;2494
"Fensterheber";1561;14399;9;10;"PEUGEOT";"206 CC (2D)";100;200009;200712;136;1997
"Fensterheber";1561;14402;2;4;"AUDI";"A2 (8Z0)";45;200103;200508;61;1191
"Fensterheber";1561;14406;44;8;"VW";"POLO (6N2)";44;199910;200109;60;1390
"Fensterheber";1561;14413;10;10;"SEAT";"LEON (1M1)";132;199911;200606;180;1781
"Fensterheber";1561;14416;7;10;"SEAT";"LEON (1M1)";132;199911;200606;180;1781
"Fensterheber";1561;14425;3;6;"SEAT";"AROSA (6H1)";74;200001;200406;100;1390
"Fensterheber";1561;14426;1;6;"SEAT";"AROSA (6H1)";55;200001;200406;75;1422
"Fensterheber";1561;14434;5;6;"PEUGEOT";"PARTNER Großraumlimousine (5_, G_)";51;199901;200807;69;1868
"Fensterheber";1561;14436;1;0;"TOYOTA";"HIACE IV Bus (__H1_, __H2_)";55;199508;200108;75;2446
"Fensterheber";1561;14443;9;6;"CITROËN";"BERLINGO / BERLINGO FIRST Kasten/Großraumlimousine (M_)";51;199904;201112;69;1868
"Fensterheber";1561;14445;5;4;"VW";"TRANSPORTER T4 Kasten (70A, 70H, 7DA, 7DH)";65;199812;200304;88;2461
"Fensterheber";1561;14446;4;4;"VW";"TRANSPORTER T4 Pritsche/Fahrgestell (70E, 70L, 70M, 7DE, 7DL";65;199805;200304;88;2461
"Fensterheber";1561;14479;1;2;"FIAT";"CINQUECENTO (170_)";30;199107;199312;41;903
"Fensterheber";1561;14485;1;16;"FORD";"FOCUS I (DAW, DBW)";55;199908;200411;75;1753
"Fensterheber";1561;14486;1;12;"FORD";"FOCUS I Turnier (DNW)";55;199908;200411;75;1753
"Fensterheber";1561;14491;14;6;"CITROËN";"BERLINGO / BERLINGO FIRST Großraumlimousine (MF_, GJK_, GFK_";66;199912;200510;90;1997
"Fensterheber";1561;14559;1;6;"VW";"BORA Variant (1J6)";66;200407;200505;90;1896
"Fensterheber";1561;14560;1;10;"VW";"BORA I (1J2)";85;199902;200106;115;1896
"Fensterheber";1561;14562;1;10;"VW";"BORA Variant (1J6)";150;199905;200505;204;2792
"Fensterheber";1561;14571;3;10;"SEAT";"TOLEDO II (1M2)";55;200001;200205;75;1390
"Fensterheber";1561;14585;5;4;"AUDI";"A6 C5 (4B2)";132;200002;200501;180;2496
"Fensterheber";1561;14586;1;4;"AUDI";"A6 C5 (4B2)";132;200002;200501;180;2496
"Fensterheber";1561;14587;2;4;"AUDI";"A6 C5 Avant (4B5)";132;200002;200501;180;2496
"Fensterheber";1561;14590;122;12;"VW";"GOLF IV (1J1)";77;200002;200506;105;1598
"Fensterheber";1561;14591;34;10;"VW";"GOLF IV Variant (1J5)";77;200002;200606;105;1598
"Fensterheber";1561;14597;11;10;"HYUNDAI";"ACCENT II (LC)";55;200001;200511;75;1341
"Fensterheber";1561;14599;1;10;"BMW";"5 (E39)";100;200002;200306;136;1951
"Fensterheber";1561;14616;1;4;"VOLVO";"XC70 I Cross Country (295)";147;200003;200209;200;2435
"Fensterheber";1561;14617;1;4;"VOLVO";"V70 II (285)";184;199911;200412;250;2319
"Fensterheber";1561;14618;5;4;"VOLVO";"V70 II (285)";147;199911;200308;200;2435
"Fensterheber";1561;14630;1;2;"ROVER";"25 I Schrägheck (RF)";62;199910;200505;84;1396
"Fensterheber";1561;14661;8;0;"SMART";"CABRIO (450)";40;200003;200401;55;599
"Fensterheber";1561;14676;15;10;"VW";"BORA I (1J2)";77;200005;200505;105;1598
"Fensterheber";1561;14677;8;10;"VW";"BORA Variant (1J6)";77;200002;200505;105;1598
"Fensterheber";1561;14679;3;10;"BMW";"5 (E39)";120;200002;200306;163;2497
"Fensterheber";1561;14680;2;10;"BMW";"5 Touring (E39)";120;200002;200405;163;2497
"Fensterheber";1561;14681;1;8;"CHRYSLER";"VOYAGER IV (RG, RS)";108;200002;200812;147;2429
"Fensterheber";1561;14689;2;2;"TOYOTA";"COROLLA Compact (_E11_)";71;199910;200201;97;1398
"Fensterheber";1561;14691;2;2;"TOYOTA";"COROLLA Liftback (_E11_)";71;199910;200201;97;1398
"Fensterheber";1561;14700;1;3;"ROVER";"45 I Stufenheck (RT)";76;200002;200505;103;1396
"Fensterheber";1561;14725;1;10;"VW";"GOLF IV Variant (1J5)";85;199905;200106;115;1896
"Fensterheber";1561;14732;1;2;"FORD";"TRANSIT Kasten (FA_ _)";88;200001;200605;120;2402
"Fensterheber";1561;14734;1;2;"FORD";"TRANSIT Pritsche/Fahrgestell (FM_ _, FN_ _)";88;200001;200605;120;2402
"Fensterheber";1561;14766;9;6;"PEUGEOT";"PARTNER Großraumlimousine (5_, G_)";66;200002;200807;90;1997
"Fensterheber";1561;14772;9;4;"AUDI";"ALLROAD C5 (4BH)";132;200005;200508;180;2496
"Fensterheber";1561;14773;4;8;"BMW";"3 Touring (E46)";135;200001;200303;184;2926
"Fensterheber";1561;14774;2;8;"BMW";"3 (E46)";135;200001;200302;184;2926
"Fensterheber";1561;14775;2;4;"AUDI";"ALLROAD C5 (4BH)";184;200005;200508;250;2671
"Fensterheber";1561;14776;1;4;"BMW";"3 Coupe (E46)";252;200007;200605;343;3246
"Fensterheber";1561;14777;2;4;"RENAULT";"SCÉNIC I Großraumlimousine (JA0/1_, FA0_)";75;200011;200308;102;1870
"Fensterheber";1561;14791;4;2;"SUZUKI";"WAGON R+ Schrägheck (MM)";56;200005;200412;76;1298
"Fensterheber";1561;14796;2;10;"FORD";"GALAXY I (WGR)";150;200004;200605;204;2792
"Fensterheber";1561;14797;2;10;"FORD";"GALAXY I (WGR)";85;200004;200605;115;1896
"Fensterheber";1561;14802;5;8;"BMW";"3 (E46)";170;200006;200502;231;2979
"Fensterheber";1561;14803;4;8;"BMW";"3 Touring (E46)";170;200006;200502;231;2979
"Fensterheber";1561;14810;1;4;"VOLVO";"V70 II (285)";103;200003;200708;140;2435
"Fensterheber";1561;14811;4;4;"VOLVO";"V70 II (285)";125;200003;200708;170;2435
"Fensterheber";1561;14814;7;4;"MERCEDES-BENZ";"C-CLASS (W203)";95;200010;200205;129;1998
"Fensterheber";1561;14815;7;4;"MERCEDES-BENZ";"C-CLASS (W203)";120;200005;200206;163;1998
"Fensterheber";1561;14816;3;10;"MERCEDES-BENZ";"C-CLASS (W203)";125;200005;200702;170;2597
"Fensterheber";1561;14817;1;10;"MERCEDES-BENZ";"C-CLASS (W203)";160;200005;200702;218;3199
"Fensterheber";1561;14820;9;10;"MERCEDES-BENZ";"C-CLASS (W203)";105;200005;200702;143;2148
"Fensterheber";1561;14828;4;2;"MERCEDES-BENZ";"SPRINTER 3-t Bus (B903)";115;200004;200605;156;2685
"Fensterheber";1561;14833;1;2;"MERCEDES-BENZ";"SPRINTER 2-t Pritsche/Fahrgestell (B901, B902)";60;200004;200605;82;2148
"Fensterheber";1561;14838;1;2;"MERCEDES-BENZ";"SPRINTER 3-t Kasten (B903)";80;200004;200605;109;2148
"Fensterheber";1561;14854;2;10;"VW";"SHARAN (7M8, 7M9, 7M6)";150;200004;201003;204;2792
"Fensterheber";1561;14855;14;10;"VW";"SHARAN (7M8, 7M9, 7M6)";85;200004;201003;115;1896
"Fensterheber";1561;14882;1;8;"VW";"POLO (6N2)";40;199910;200109;54;1390
"Fensterheber";1561;14895;2;8;"CHRYSLER";"VOYAGER IV (RG, RS)";105;200002;200812;141;2499
"Fensterheber";1561;14906;2;4;"TOYOTA";"RAV 4 II (_A2_)";92;200008;200511;125;1794
"Fensterheber";1561;14907;4;4;"TOYOTA";"RAV 4 II (_A2_)";110;200005;200511;150;1998
"Fensterheber";1561;14911;2;10;"OPEL";"CORSA C (X01)";55;200009;200912;75;1199
"Fensterheber";1561;14913;1;10;"OPEL";"CORSA C (X01)";55;200009;200912;75;1686
"Fensterheber";1561;14915;1;8;"NISSAN";"ALMERA II (N16)";66;200007;200611;90;1498
"Fensterheber";1561;14922;8;8;"BMW";"3 (E46)";170;200006;200502;231;2979
"Fensterheber";1561;14923;18;8;"BMW";"3 Touring (E46)";170;200006;200502;231;2979
"Fensterheber";1561;14926;2;4;"BMW";"3 Cabriolet (E46)";170;200006;200608;231;2979
"Fensterheber";1561;14940;4;10;"SEAT";"ALHAMBRA (7V8, 7V9)";85;200006;201003;115;1896
"Fensterheber";1561;14956;1;4;"VOLVO";"S40 I (644)";75;200007;200312;102;1870
"Fensterheber";1561;14960;1;4;"VOLVO";"V40 Kombi (645)";75;200007;200406;102;1870
"Fensterheber";1561;14961;2;4;"VOLVO";"V40 Kombi (645)";85;200007;200406;115;1870
"Fensterheber";1561;14962;1;4;"VOLVO";"V40 Kombi (645)";147;200007;200406;200;1948
"Fensterheber";1561;14964;1;0;"MERCEDES-BENZ";"CLK (C208)";120;200006;200206;163;1998
"Fensterheber";1561;14976;2;2;"MERCEDES-BENZ";"SPRINTER 4-t Bus (B904)";115;200004;200605;156;2685
"Fensterheber";1561;14988;1;2;"MERCEDES-BENZ";"SPRINTER 4-t Pritsche/Fahrgestell (B904)";75;199602;200605;102;2874
"Fensterheber";1561;15011;9;8;"AUDI";"A3 (8L1)";96;200008;200305;130;1896
"Fensterheber";1561;15012;31;8;"AUDI";"A3 (8L1)";75;200008;200305;102;1595
"Fensterheber";1561;15031;2;0;"RENAULT";"MASTER III Kasten (FV)";74;201002;;101;2298
"Fensterheber";1561;15050;1;6;"CITROËN";"BERLINGO / BERLINGO FIRST Großraumlimousine (MF_, GJK_, GFK_";66;199704;200110;90;1761
"Fensterheber";1561;15051;2;6;"CITROËN";"BERLINGO / BERLINGO FIRST Kasten/Großraumlimousine (M_)";51;199807;200603;69;1868
"Fensterheber";1561;15061;5;5;"MERCEDES-BENZ";"E-CLASS (W210)";120;200008;200203;163;1998
"Fensterheber";1561;15062;1;5;"MERCEDES-BENZ";"E-CLASS (W210)";125;200008;200203;170;2597
"Fensterheber";1561;15063;1;5;"MERCEDES-BENZ";"E-CLASS T-Model (S210)";120;200008;200303;163;1998
"Fensterheber";1561;15064;3;5;"MERCEDES-BENZ";"E-CLASS T-Model (S210)";125;200008;200303;170;2597
"Fensterheber";1561;15070;4;8;"AUDI";"A4 B5 (8D2)";75;200007;200011;102;1595
"Fensterheber";1561;15091;1;2;"CITROËN";"JUMPY I (U6U_)";100;200004;200612;136;1997
"Fensterheber";1561;15094;2;2;"CITROËN";"JUMPY I Kasten (BS_, BT_, BY_, BZ_)";69;199910;200610;94;1997
"Fensterheber";1561;15101;1;4;"CITROËN";"SAXO (S0, S1)";37;199805;200306;50;954
"Fensterheber";1561;15106;22;6;"SKODA";"FABIA I (6Y2)";44;200008;200208;60;1397
"Fensterheber";1561;15107;229;6;"SKODA";"FABIA I (6Y2)";55;199912;200803;75;1390
"Fensterheber";1561;15108;1;10;"MERCEDES-BENZ";"C-CLASS (W203)";260;200102;200702;354;3199
"Fensterheber";1561;15109;49;2;"RENAULT";"TWINGO I (C06_)";55;200101;200706;75;1149
"Fensterheber";1561;15111;1;4;"RENAULT";"SCÉNIC I Großraumlimousine (JA0/1_, FA0_)";72;199909;200308;98;1870
"Fensterheber";1561;15112;11;6;"VW";"NEW BEETLE (9C1, 1C1)";75;200006;201009;102;1595
"Fensterheber";1561;15113;2;4;"VW";"TRANSPORTER T5 Bus (7HB, 7HJ, 7EB, 7EJ)";84;201105;201508;114;1968
"Fensterheber";1561;15117;1;2;"PEUGEOT";"EXPERT Kasten (222)";69;200007;200612;94;1997
"Fensterheber";1561;15120;2;7;"VW";"PASSAT B5 Variant (3B5)";85;199908;200011;115;1896
"Fensterheber";1561;15123;3;8;"CITROËN";"XSARA Coupe (N0)";55;199803;200503;75;1360
"Fensterheber";1561;15125;1;8;"CITROËN";"XSARA Coupe (N0)";51;199902;200503;70;1868
"Fensterheber";1561;15145;1;4;"HYUNDAI";"GALLOPER II (JK-01)";73;199808;200312;99;2476
"Fensterheber";1561;15147;1;6;"VW";"LUPO I (6X1, 6E1)";92;200009;200507;125;1598
"Fensterheber";1561;15148;1;4;"VOLVO";"S60 I (384)";103;200007;201004;140;2435
"Fensterheber";1561;15151;1;4;"VOLVO";"S60 I (384)";184;200007;201004;250;2319
"Fensterheber";1561;15266;3;10;"BMW";"5 (E39)";125;200009;200306;170;2171
"Fensterheber";1561;15267;8;10;"BMW";"5 (E39)";142;199809;200306;193;2926
"Fensterheber";1561;15268;4;10;"BMW";"5 Touring (E39)";142;200009;200405;193;2926
"Fensterheber";1561;15269;3;10;"BMW";"5 Touring (E39)";125;200009;200312;170;2171
"Fensterheber";1561;15270;9;10;"BMW";"5 (E39)";141;200009;200306;192;2494
"Fensterheber";1561;15271;1;10;"BMW";"5 (E39)";170;200009;200306;231;2979
"Fensterheber";1561;15272;3;10;"BMW";"5 Touring (E39)";141;200009;200405;192;2494
"Fensterheber";1561;15273;4;10;"BMW";"5 Touring (E39)";170;200009;200312;231;2979
"Fensterheber";1561;15283;1;4;"RENAULT";"MEGANE III Grandtour (KZ0/1)";96;201104;;130;1598
"Fensterheber";1561;15292;19;8;"SKODA";"OCTAVIA I (1U2)";55;200009;201012;75;1390
"Fensterheber";1561;15293;7;8;"SKODA";"OCTAVIA I (1U2)";132;200105;200601;180;1781
"Fensterheber";1561;15294;8;8;"SKODA";"OCTAVIA I Combi (1U5)";74;200009;200601;100;1896
"Fensterheber";1561;15297;1;8;"OPEL";"VECTRA B CC (J96)";92;200009;200307;125;1796
"Fensterheber";1561;15325;2;0;"OPEL";"OMEGA B (V94)";132;200009;200307;180;2597
"Fensterheber";1561;15331;8;5;"OPEL";"ZAFIRA A Großraumlimousine (T98)";92;200009;200506;125;1796
"Fensterheber";1561;15332;6;5;"OPEL";"ZAFIRA A Großraumlimousine (T98)";108;200009;200506;147;2198
"Fensterheber";1561;15333;2;5;"OPEL";"ZAFIRA A Großraumlimousine (T98)";74;200009;200506;101;1995
"Fensterheber";1561;15338;2;10;"OPEL";"ASTRA G CC (T98)";62;200009;200501;84;1598
"Fensterheber";1561;15339;1;10;"OPEL";"ASTRA G CC (T98)";92;200009;200501;125;1796
"Fensterheber";1561;15341;1;10;"OPEL";"ASTRA G Stufenheck (T98)";62;200009;200501;84;1598
"Fensterheber";1561;15342;2;10;"OPEL";"ASTRA G Stufenheck (T98)";92;200006;200501;125;1796
"Fensterheber";1561;15344;2;10;"OPEL";"ASTRA G Caravan (T98)";62;200009;200407;84;1598
"Fensterheber";1561;15345;2;10;"OPEL";"ASTRA G Caravan (T98)";92;200009;200407;125;1796
"Fensterheber";1561;15363;1;2;"MERCEDES-BENZ";"G-CLASS (W463)";184;200012;200607;250;3996
"Fensterheber";1561;15381;2;2;"HYUNDAI";"H-1 Kasten (A1)";73;200003;200610;99;2476
"Fensterheber";1561;15411;1;4;"VW";"CADDY II Kasten/Großraumlimousine (9K9A)";47;199511;200401;64;1896
"Fensterheber";1561;15413;5;8;"VW";"POLO (6N2)";47;199910;200109;64;1896
"Fensterheber";1561;15414;26;7;"VW";"PASSAT B5.5 (3B3)";75;200011;200505;102;1595
"Fensterheber";1561;15415;41;7;"VW";"PASSAT B5.5 (3B3)";74;200011;200505;101;1896
"Fensterheber";1561;15416;28;7;"VW";"PASSAT B5.5 Variant (3B6)";74;200011;200505;101;1896
"Fensterheber";1561;15417;68;7;"VW";"PASSAT B5.5 (3B3)";96;200011;200505;130;1896
"Fensterheber";1561;15418;78;7;"VW";"PASSAT B5.5 Variant (3B6)";96;200011;200505;130;1896
"Fensterheber";1561;15420;17;7;"VW";"PASSAT B5.5 (3B3)";85;200011;200505;115;1984
"Fensterheber";1561;15421;20;7;"VW";"PASSAT B5.5 Variant (3B6)";75;200011;200505;102;1595
"Fensterheber";1561;15422;13;7;"VW";"PASSAT B5.5 Variant (3B6)";85;200011;200505;115;1984
"Fensterheber";1561;15427;1;4;"JEEP";"GRAND CHEROKEE II (WJ, WG)";164;199904;200509;223;4701
"Fensterheber";1561;15428;3;7;"LAND ROVER";"FREELANDER I (L314)";130;200011;200610;177;2497
"Fensterheber";1561;15429;14;7;"LAND ROVER";"FREELANDER I (L314)";82;200011;200610;112;1951
"Fensterheber";1561;15431;8;4;"RENAULT";"SCÉNIC I Großraumlimousine (JA0/1_, FA0_)";102;200007;200308;139;1998
"Fensterheber";1561;15442;2;7;"FORD";"MONDEO III Stufenheck (B4Y)";81;200010;200703;110;1798
"Fensterheber";1561;15443;1;7;"FORD";"MONDEO III Stufenheck (B4Y)";92;200010;200703;125;1798
"Fensterheber";1561;15444;3;7;"FORD";"MONDEO III Stufenheck (B4Y)";107;200010;200703;146;1999
"Fensterheber";1561;15447;1;7;"FORD";"MONDEO III Stufenheck (B4Y)";85;200010;200703;115;1998
"Fensterheber";1561;15448;5;4;"BMW";"3 Coupe (E46)";125;200001;200605;170;2171
"Fensterheber";1561;15450;1;4;"BMW";"3 Cabriolet (E46)";125;200009;200712;170;2171
"Fensterheber";1561;15451;3;4;"BMW";"3 Cabriolet (E46)";141;200009;200608;192;2494
"Fensterheber";1561;15452;35;8;"BMW";"3 (E46)";125;200009;200502;170;2171
"Fensterheber";1561;15453;10;8;"BMW";"3 Touring (E46)";125;200009;200502;170;2171
"Fensterheber";1561;15454;17;8;"BMW";"3 (E46)";141;200009;200502;192;2494
"Fensterheber";1561;15455;2;8;"BMW";"3 Touring (E46)";141;200009;200502;192;2494
"Fensterheber";1561;15457;1;8;"BMW";"3 Touring (E46)";141;200009;200502;192;2494
"Fensterheber";1561;15458;51;12;"VW";"GOLF IV (1J1)";74;200009;200506;101;1896
"Fensterheber";1561;15459;6;12;"VW";"GOLF IV (1J1)";74;200009;200506;101;1896
"Fensterheber";1561;15460;1;12;"VW";"GOLF IV (1J1)";110;200005;200506;150;1896
"Fensterheber";1561;15462;30;10;"VW";"GOLF IV Variant (1J5)";74;200009;200606;101;1896
"Fensterheber";1561;15463;2;10;"VW";"GOLF IV Variant (1J5)";74;200009;200606;101;1896
"Fensterheber";1561;15464;3;10;"VW";"BORA I (1J2)";74;200009;200505;101;1896
"Fensterheber";1561;15465;2;10;"VW";"BORA I (1J2)";74;200009;200505;101;1896
"Fensterheber";1561;15468;3;10;"VW";"BORA Variant (1J6)";74;200009;200505;101;1896
"Fensterheber";1561;15470;4;2;"NISSAN";"MICRA II (K11)";44;200007;200302;60;998
"Fensterheber";1561;15472;8;12;"CITROËN";"XSARA PICASSO (N68)";70;199912;201012;95;1587
"Fensterheber";1561;15473;5;10;"RENAULT";"LAGUNA II (BG0/1_)";79;200103;200505;107;1598
"Fensterheber";1561;15474;3;10;"RENAULT";"LAGUNA II (BG0/1_)";89;200103;200505;121;1783
"Fensterheber";1561;15476;19;10;"RENAULT";"LAGUNA II (BG0/1_)";88;200103;200709;120;1870
"Fensterheber";1561;15477;4;10;"RENAULT";"LAGUNA II Grandtour (KG0/1_)";79;200103;200712;107;1598
"Fensterheber";1561;15479;1;10;"RENAULT";"LAGUNA II Grandtour (KG0/1_)";152;200103;200712;207;2946
"Fensterheber";1561;15480;12;10;"RENAULT";"LAGUNA II Grandtour (KG0/1_)";88;200103;200709;120;1870
"Fensterheber";1561;15482;2;7;"FORD";"MONDEO III (B5Y)";81;200010;200703;110;1798
"Fensterheber";1561;15483;3;7;"FORD";"MONDEO III Turnier (BWY)";81;200010;200703;110;1798
"Fensterheber";1561;15484;4;7;"FORD";"MONDEO III (B5Y)";92;200010;200703;125;1798
"Fensterheber";1561;15485;4;7;"FORD";"MONDEO III Turnier (BWY)";92;200010;200703;125;1798
"Fensterheber";1561;15486;5;7;"FORD";"MONDEO III (B5Y)";107;200010;200703;146;1999
"Fensterheber";1561;15487;2;7;"FORD";"MONDEO III Turnier (BWY)";107;200010;200703;146;1999
"Fensterheber";1561;15488;3;7;"FORD";"MONDEO III (B5Y)";125;200010;200703;170;2495
"Fensterheber";1561;15489;3;7;"FORD";"MONDEO III Turnier (BWY)";125;200010;200703;170;2495
"Fensterheber";1561;15492;4;7;"FORD";"MONDEO III (B5Y)";85;200010;200703;115;1998
"Fensterheber";1561;15503;8;4;"SKODA";"FABIA I Combi (6Y5)";50;200004;200305;68;1397
"Fensterheber";1561;15504;20;4;"SKODA";"FABIA I Combi (6Y5)";47;200004;200712;64;1896
"Fensterheber";1561;15506;11;4;"AUDI";"A4 B6 (8E2)";110;200011;200207;150;1781
"Fensterheber";1561;15507;51;4;"AUDI";"A4 B6 (8E2)";96;200011;200412;130;1984
"Fensterheber";1561;15508;2;4;"AUDI";"A4 B6 (8E2)";110;200011;200207;150;1781
"Fensterheber";1561;15509;1;4;"AUDI";"A4 B6 (8E2)";162;200011;200412;220;2976
"Fensterheber";1561;15510;1;4;"AUDI";"A4 B6 (8E2)";162;200011;200412;220;2976
"Fensterheber";1561;15511;63;4;"AUDI";"A4 B6 (8E2)";96;200011;200412;130;1896
"Fensterheber";1561;15512;3;4;"AUDI";"A4 B6 (8E2)";132;200011;200412;180;2496
"Fensterheber";1561;15514;1;7;"TOYOTA";"AVENSIS Liftback (_T22_)";81;200010;200302;110;1598
"Fensterheber";1561;15515;6;7;"TOYOTA";"AVENSIS (_T22_)";81;200010;200302;110;1598
"Fensterheber";1561;15521;2;7;"TOYOTA";"AVENSIS Kombi (_T22_)";110;200010;200302;150;1998
"Fensterheber";1561;15522;1;7;"TOYOTA";"AVENSIS Kombi (_T22_)";95;200010;200302;129;1794
"Fensterheber";1561;15525;12;3;"HONDA";"CIVIC VII Hatchback (EU, EP, EV)";66;200011;200509;90;1396
"Fensterheber";1561;15526;5;3;"HONDA";"CIVIC VII Hatchback (EU, EP, EV)";81;200102;200509;110;1590
"Fensterheber";1561;15528;4;4;"ALFA ROMEO";"147 (937_)";110;200101;201003;150;1970
"Fensterheber";1561;15529;11;4;"ALFA ROMEO";"147 (937_)";88;200101;201003;120;1598
"Fensterheber";1561;15532;8;7;"VW";"PASSAT B5.5 (3B3)";110;200011;200505;150;1781
"Fensterheber";1561;15534;8;7;"VW";"PASSAT B5.5 Variant (3B6)";110;200011;200505;150;1781
"Fensterheber";1561;15536;2;7;"VW";"PASSAT B5.5 Variant (3B6)";110;200011;200505;150;2496
"Fensterheber";1561;15539;72;12;"VW";"GOLF IV (1J1)";75;200008;200506;102;1595
"Fensterheber";1561;15540;3;12;"VW";"GOLF IV (1J1)";125;200010;200506;170;2324
"Fensterheber";1561;15542;6;10;"VW";"GOLF IV Variant (1J5)";75;200008;200606;102;1595
"Fensterheber";1561;15544;1;10;"VW";"BORA I (1J2)";75;200008;200505;102;1595
"Fensterheber";1561;15548;1;10;"VW";"BORA Variant (1J6)";125;200010;200505;170;2324
"Fensterheber";1561;15550;36;6;"VW";"LUPO I (6X1, 6E1)";44;200010;200507;60;1390
"Fensterheber";1561;15551;1;0;"DAIHATSU";"TERIOS (J1_)";63;200010;200510;86;1298
"Fensterheber";1561;15555;1;6;"PEUGEOT";"306 Break (7E, N3, N5)";72;200010;200204;98;1587
"Fensterheber";1561;15556;1;6;"PEUGEOT";"306 Cabriolet (7D, N3, N5)";72;200010;200204;98;1587
"Fensterheber";1561;15562;26;6;"RENAULT";"CLIO II (BB_, CB_)";72;200002;200807;98;1390
"Fensterheber";1561;15568;2;0;"MITSUBISHI";"COLT V (CJ_, CP_)";60;200006;200309;82;1299
"Fensterheber";1561;15579;10;4;"ALFA ROMEO";"147 (937_)";77;200101;201003;105;1598
"Fensterheber";1561;15582;235;4;"SKODA";"FABIA I Combi (6Y5)";55;200005;200712;75;1390
"Fensterheber";1561;15583;31;4;"SKODA";"FABIA I Combi (6Y5)";74;200004;200712;100;1390
"Fensterheber";1561;15584;41;4;"SKODA";"FABIA I Combi (6Y5)";74;200004;200712;100;1896
"Fensterheber";1561;15585;14;4;"SKODA";"FABIA I Combi (6Y5)";85;200004;200712;116;1984
"Fensterheber";1561;15586;5;6;"SKODA";"FABIA I (6Y2)";85;199912;200803;116;1984
"Fensterheber";1561;15591;1;7;"LAND ROVER";"FREELANDER I (L314)";86;199804;200610;117;1796
"Fensterheber";1561;15599;9;14;"CITROËN";"XSARA (N1)";80;200009;200503;109;1587
"Fensterheber";1561;15603;1;8;"RENAULT";"MASTER II Bus (JD)";66;200009;;90;2188
"Fensterheber";1561;15625;5;8;"FIAT";"DOBLO Großraumlimousine (119_, 223_)";48;200103;;65;1242
"Fensterheber";1561;15626;1;6;"FIAT";"DOBLO Großraumlimousine (119_, 223_)";46;200103;;63;1910
"Fensterheber";1561;15627;1;4;"FIAT";"DOBLO Kasten/Großraumlimousine (223_)";48;200103;200401;65;1242
"Fensterheber";1561;15628;6;4;"FIAT";"DOBLO Kasten/Großraumlimousine (223_)";46;200103;;63;1910
"Fensterheber";1561;15631;4;10;"VW";"BORA I (1J2)";110;200005;200505;150;1781
"Fensterheber";1561;15632;1;10;"VW";"BORA Variant (1J6)";110;200005;200505;150;1781
"Fensterheber";1561;15640;28;10;"SEAT";"LEON (1M1)";77;200009;200606;105;1598
"Fensterheber";1561;15643;1;2;"FORD";"TRANSIT Kasten (FA_ _)";55;200008;200605;75;1998
"Fensterheber";1561;15656;2;2;"AUDI";"TT Roadster (8N9)";110;200101;200606;150;1781
"Fensterheber";1561;15657;1;4;"CITROËN";"C5 I (DC_)";85;200103;200408;115;1749
"Fensterheber";1561;15660;1;4;"AUDI";"A6 C5 (4B2)";85;199705;200501;116;1781
"Fensterheber";1561;15668;13;0;"SMART";"CABRIO (450)";30;200103;200401;41;799
"Fensterheber";1561;15669;8;4;"SMART";"CITY-COUPE (450)";45;200101;200401;61;599
"Fensterheber";1561;15670;4;0;"SMART";"CABRIO (450)";45;200101;200401;61;599
"Fensterheber";1561;15672;1;2;"KIA";"RIO I Stufenheck (DC_)";72;200009;200502;98;1493
"Fensterheber";1561;15699;1;2;"FIAT";"MAREA (185_)";60;199810;200205;82;1242
"Fensterheber";1561;15704;46;10;"PEUGEOT";"206 CC (2D)";80;200009;200712;109;1587
"Fensterheber";1561;15705;1;6;"PEUGEOT";"206 Schrägheck (2A/C)";80;200007;200904;109;1587
"Fensterheber";1561;15712;14;4;"RENAULT";"TRAFIC II Bus (JL)";74;200103;200610;101;1870
"Fensterheber";1561;15713;1;4;"RENAULT";"TRAFIC II Bus (JL)";88;200103;;120;1998
"Fensterheber";1561;15715;2;4;"RENAULT";"TRAFIC II Kasten (FL)";60;200103;200610;82;1870
"Fensterheber";1561;15716;7;4;"RENAULT";"TRAFIC II Kasten (FL)";74;200103;200610;101;1870
"Fensterheber";1561;15722;2;10;"MERCEDES-BENZ";"C-CLASS T-Model (S203)";105;200103;200708;143;2148
"Fensterheber";1561;15723;1;10;"MERCEDES-BENZ";"C-CLASS T-Model (S203)";125;200103;200708;170;2685
"Fensterheber";1561;15725;13;10;"SEAT";"LEON (1M1)";110;200009;200606;150;1896
"Fensterheber";1561;15735;8;4;"OPEL";"VIVARO A Bus (X83)";74;200108;201407;101;1870
"Fensterheber";1561;15736;1;4;"OPEL";"VIVARO A Kasten (X83)";60;200108;200607;80;1870
"Fensterheber";1561;15737;4;4;"OPEL";"VIVARO A Kasten (X83)";74;200108;201407;101;1870
"Fensterheber";1561;15754;29;4;"AUDI";"A4 B6 (8E2)";75;200011;200412;102;1595
"Fensterheber";1561;15755;5;6;"CITROËN";"BERLINGO / BERLINGO FIRST Kasten/Großraumlimousine (M_)";66;199912;201112;90;1997
"Fensterheber";1561;15760;1;10;"VW";"GOLF IV Variant (1J5)";85;200010;200606;115;1984
"Fensterheber";1561;15761;1;8;"RENAULT";"MEGANE I (BA0/1_)";75;200102;200308;102;1870
"Fensterheber";1561;15762;8;4;"RENAULT";"SCÉNIC I Großraumlimousine (JA0/1_, FA0_)";75;199909;200308;102;1870
"Fensterheber";1561;15764;1;6;"RENAULT";"MEGANE I Grandtour (KA0/1_)";75;200102;200308;102;1870
"Fensterheber";1561;15768;3;6;"RENAULT";"MEGANE I Grandtour (KA0/1_)";59;200102;200308;80;1870
"Fensterheber";1561;15769;1;4;"RENAULT";"SCÉNIC I Großraumlimousine (JA0/1_, FA0_)";59;200102;200308;80;1870
"Fensterheber";1561;15770;2;10;"RENAULT";"LAGUNA II (BG0/1_)";103;200104;200709;140;1998
"Fensterheber";1561;15772;4;10;"RENAULT";"LAGUNA II (BG0/1_)";110;200110;200608;150;2188
"Fensterheber";1561;15775;1;10;"RENAULT";"LAGUNA II Grandtour (KG0/1_)";110;200110;200608;150;2188
"Fensterheber";1561;15778;1;10;"OPEL";"ASTRA G Caravan (T98)";108;200103;200407;147;2198
"Fensterheber";1561;15782;1;7;"VW";"PASSAT B5.5 (3B3)";96;200011;200505;130;1896
"Fensterheber";1561;15786;1;7;"VW";"PASSAT B5.5 Variant (3B6)";96;200011;200505;130;1896
"Fensterheber";1561;15787;1;7;"VW";"PASSAT B5.5 Variant (3B6)";85;200011;200505;115;1984
"Fensterheber";1561;15797;1;0;"MAZDA";"MX-5 II (NB)";107;200011;200510;146;1840
"Fensterheber";1561;15802;23;10;"SEAT";"TOLEDO II (1M2)";77;200006;200605;105;1598
"Fensterheber";1561;15810;8;16;"FORD";"FOCUS I (DAW, DBW)";85;200103;200411;115;1753
"Fensterheber";1561;15812;5;12;"FORD";"FOCUS I Turnier (DNW)";85;200103;200411;115;1753
"Fensterheber";1561;15819;4;0;"SAAB";"9-3 Cabriolet (YS3D)";110;200101;200308;150;1985
"Fensterheber";1561;15820;1;2;"SAAB";"9-5 (YS3E)";136;200101;200912;185;2290
"Fensterheber";1561;15821;2;2;"SAAB";"9-5 Kombi (YS3E)";136;200101;200912;185;2290
"Fensterheber";1561;15834;1;12;"MERCEDES-BENZ";"A-CLASS (W168)";55;200102;200408;75;1689
"Fensterheber";1561;15835;5;12;"MERCEDES-BENZ";"A-CLASS (W168)";70;200102;200408;95;1689
"Fensterheber";1561;15889;48;6;"MINI";"MINI (R50, R53)";66;200106;200609;90;1598
"Fensterheber";1561;15890;64;6;"MINI";"MINI (R50, R53)";85;200106;200609;116;1598
"Fensterheber";1561;15891;4;4;"FIAT";"PUNTO Kasten/Schrägheck (188_)";44;200002;200910;60;1242
"Fensterheber";1561;15893;6;3;"SEAT";"Mii (KF1, KE1)";44;201110;201907;60;999
"Fensterheber";1561;15894;7;8;"BMW";"3 (E46)";77;200004;200502;105;1596
"Fensterheber";1561;15898;2;8;"AUDI";"A3 (8L1)";96;200008;200305;130;1896
"Fensterheber";1561;15899;20;8;"AUDI";"A3 (8L1)";74;200010;200305;100;1896
"Fensterheber";1561;15901;12;8;"PEUGEOT";"307 (3A/C)";80;200008;200711;109;1587
"Fensterheber";1561;15902;2;8;"PEUGEOT";"307 (3A/C)";100;200008;200506;136;1997
"Fensterheber";1561;15903;4;8;"PEUGEOT";"307 (3A/C)";66;200008;200703;90;1997
"Fensterheber";1561;15910;42;8;"SKODA";"OCTAVIA I (1U2)";75;200011;201012;102;1595
"Fensterheber";1561;15914;3;4;"CITROËN";"C5 I (DC_)";80;200103;200408;109;1997
"Fensterheber";1561;15916;3;6;"VW";"NEW BEETLE (9C1, 1C1)";74;200102;201009;101;1896
"Fensterheber";1561;15918;34;8;"SKODA";"OCTAVIA I Combi (1U5)";75;200009;201012;102;1595
"Fensterheber";1561;15921;1;2;"HYUNDAI";"H-1 / STAREX Bus (A1)";57;199710;200404;78;2476
"Fensterheber";1561;15924;30;4;"BMW";"3 Compact (E46)";85;200106;200502;115;1796
"Fensterheber";1561;15925;3;4;"BMW";"3 Compact (E46)";141;200104;200412;192;2494
"Fensterheber";1561;15934;1;3;"HONDA";"CIVIC VII Hatchback (EU, EP, EV)";55;200102;200509;75;1396
"Fensterheber";1561;15937;3;4;"SKODA";"FABIA I Stufenheck (6Y3)";74;200001;200712;100;1896
"Fensterheber";1561;15938;18;4;"SKODA";"FABIA I Stufenheck (6Y3)";55;199910;200712;75;1390
"Fensterheber";1561;15952;5;10;"HYUNDAI";"ACCENT II (LC)";63;200001;200511;86;1341
"Fensterheber";1561;15959;1;6;"FIAT";"DUCATO Pritsche/Fahrgestell (250_)";83;201110;;113;2287
"Fensterheber";1561;15965;3;3;"MERCEDES-BENZ";"SPRINTER 3,5-t Kasten (B906)";95;200905;;129;2143
"Fensterheber";1561;15968;1;2;"SUZUKI";"GRAND VITARA I (FT, HT)";80;200107;200509;109;1997
"Fensterheber";1561;15969;1;5;"NISSAN";"X-TRAIL I (T30)";103;200107;201301;140;1998
"Fensterheber";1561;15984;2;7;"TOYOTA";"YARIS (_P1_)";78;200104;200509;106;1497
"Fensterheber";1561;15995;1;3;"SKODA";"CITIGO (NF1)";55;201110;201908;75;999
"Fensterheber";1561;16001;1;8;"HYUNDAI";"MATRIX (FC)";76;200106;201008;103;1599
"Fensterheber";1561;16003;1;4;"AUDI";"A6 C5 (4B2)";96;200108;200501;130;1984
"Fensterheber";1561;16004;2;4;"AUDI";"A6 C5 (4B2)";162;200108;200501;220;2976
"Fensterheber";1561;16005;1;4;"AUDI";"A6 C5 (4B2)";162;200108;200501;220;2976
"Fensterheber";1561;16006;6;4;"AUDI";"A6 C5 (4B2)";125;200108;200501;170;2393
"Fensterheber";1561;16008;1;4;"AUDI";"A6 C5 (4B2)";114;200108;200501;155;2496
"Fensterheber";1561;16010;5;4;"AUDI";"A6 C5 (4B2)";96;200108;200501;130;1896
"Fensterheber";1561;16011;1;4;"AUDI";"A6 C5 Avant (4B5)";96;200108;200501;130;1984
"Fensterheber";1561;16012;1;4;"AUDI";"A6 C5 Avant (4B5)";125;200108;200501;170;2393
"Fensterheber";1561;16014;11;4;"AUDI";"A6 C5 Avant (4B5)";114;200108;200501;155;2496
"Fensterheber";1561;16017;4;4;"AUDI";"A6 C5 Avant (4B5)";162;200108;200501;220;2976
"Fensterheber";1561;16018;6;4;"AUDI";"A4 B6 (8E2)";114;200108;200207;155;2496
"Fensterheber";1561;16019;1;6;"RENAULT";"CLIO II Kasten/Schrägheck (SB0/1/2_)";47;199809;;64;1870
"Fensterheber";1561;16020;1;6;"RENAULT";"CLIO II Kasten/Schrägheck (SB0/1/2_)";43;199809;;58;1149
"Fensterheber";1561;16035;2;7;"VW";"PASSAT B5.5 (3B3)";202;200109;200409;275;3999
"Fensterheber";1561;16043;7;4;"AUDI";"A4 B6 Avant (8E5)";75;200109;200412;102;1595
"Fensterheber";1561;16044;21;4;"AUDI";"A4 B6 Avant (8E5)";96;200109;200412;130;1984
"Fensterheber";1561;16049;89;4;"AUDI";"A4 B6 Avant (8E5)";96;200109;200412;130;1896
"Fensterheber";1561;16053;2;10;"FIAT";"STILO (192_)";59;200202;200611;80;1242
"Fensterheber";1561;16057;1;10;"FIAT";"STILO (192_)";85;200110;200611;115;1910
"Fensterheber";1561;16059;1;4;"SKODA";"FABIA I Stufenheck (6Y3)";50;200107;200305;68;1397
"Fensterheber";1561;16060;2;4;"SKODA";"FABIA I Stufenheck (6Y3)";74;199912;200712;100;1390
"Fensterheber";1561;16062;1;10;"VW";"SHARAN (7M8, 7M9, 7M6)";85;200003;201003;115;1896
"Fensterheber";1561;16063;11;12;"VW";"GOLF IV (1J1)";96;200011;200506;130;1896
"Fensterheber";1561;16065;3;10;"VW";"GOLF IV Variant (1J5)";96;200011;200606;130;1896
"Fensterheber";1561;16069;4;10;"VW";"BORA Variant (1J6)";96;200011;200505;130;1896
"Fensterheber";1561;16082;5;4;"VOLVO";"V70 II (285)";120;200101;200812;163;2401
"Fensterheber";1561;16085;65;10;"FORD";"FIESTA V (JH_, JD_)";59;200111;200806;80;1388
"Fensterheber";1561;16087;1;8;"SKODA";"OCTAVIA I Combi (1U5)";110;200105;200605;150;1781
"Fensterheber";1561;16088;1;8;"SKODA";"OCTAVIA I Combi (1U5)";85;200008;200409;116;1984
"Fensterheber";1561;16095;2;4;"SUZUKI";"JIMNY Geländewagen geschlossen (SN)";60;200102;;82;1328
"Fensterheber";1561;16102;19;10;"FORD";"FIESTA V (JH_, JD_)";50;200111;200806;68;1399
"Fensterheber";1561;16104;138;6;"RENAULT";"CLIO II (BB_, CB_)";55;200106;201608;75;1149
"Fensterheber";1561;16105;21;9;"VW";"POLO (9N_, 9A_)";74;200110;200911;101;1896
"Fensterheber";1561;16108;25;6;"RENAULT";"CLIO II (BB_, CB_)";48;200106;200907;65;1461
"Fensterheber";1561;16109;5;6;"RENAULT";"CLIO II (BB_, CB_)";60;200106;200504;82;1461
"Fensterheber";1561;16110;1;4;"VOLVO";"S60 I (384)";120;200101;201004;163;2401
"Fensterheber";1561;16124;3;4;"RENAULT";"MEGANE III Schrägheck (BZ0/1_, B3_)";82;200811;;111;1598
"Fensterheber";1561;16134;2;12;"MERCEDES-BENZ";"A-CLASS (W168)";60;200101;200408;82;1598
"Fensterheber";1561;16149;1;6;"MERCEDES-BENZ";"M-CLASS (W163)";184;200109;200506;250;3996
"Fensterheber";1561;16155;34;6;"CITROËN";"BERLINGO / BERLINGO FIRST Großraumlimousine (MF_, GJK_, GFK_";80;200010;201112;109;1587
"Fensterheber";1561;16169;5;6;"HYUNDAI";"ATOS (MX)";43;200103;200307;58;999
"Fensterheber";1561;16179;1;2;"BMW";"7 (E65, E66, E67)";245;200107;200503;333;4398
"Fensterheber";1561;16180;2;10;"SEAT";"TOLEDO II (1M2)";110;200010;200407;150;1896
"Fensterheber";1561;16181;1;7;"OPEL";"CORSA B (S93)";33;199303;200009;45;1195
"Fensterheber";1561;16182;8;8;"PEUGEOT";"307 (3A/C)";55;200008;200309;75;1360
"Fensterheber";1561;16184;8;4;"AUDI";"A6 C5 Avant (4B5)";96;200108;200501;130;1896
"Fensterheber";1561;16189;1;4;"BMW";"3 Compact (E46)";105;200103;200412;143;1995
"Fensterheber";1561;16190;5;4;"BMW";"3 Compact (E46)";110;200109;200502;150;1995
"Fensterheber";1561;16191;2;2;"OPEL";"COMBO Kasten/Großraumlimousine";48;200110;;65;1686
"Fensterheber";1561;16198;36;8;"BMW";"3 (E46)";105;200109;200502;143;1995
"Fensterheber";1561;16199;2;4;"BMW";"3 Coupe (E46)";105;200109;200402;143;1995
"Fensterheber";1561;16201;41;8;"BMW";"3 (E46)";110;200109;200505;150;1995
"Fensterheber";1561;16202;44;8;"BMW";"3 Touring (E46)";110;200109;200502;150;1995
"Fensterheber";1561;16205;3;2;"RENAULT";"KANGOO (KC0/1_)";70;200106;;95;1598
"Fensterheber";1561;16207;2;2;"OPEL";"COMBO Kasten/Großraumlimousine";64;200110;;87;1598
"Fensterheber";1561;16208;1;2;"OPEL";"COMBO Kasten/Großraumlimousine";55;200110;;75;1686
"Fensterheber";1561;16209;3;2;"RENAULT";"KANGOO (KC0/1_)";55;200106;;75;1149
"Fensterheber";1561;16211;2;4;"RENAULT";"MEGANE III Grandtour (KZ0/1)";85;201203;;116;1198
"Fensterheber";1561;16223;13;8;"JEEP";"CHEROKEE (KJ)";108;200109;200801;147;2429
"Fensterheber";1561;16224;2;8;"JEEP";"CHEROKEE (KJ)";155;200109;200801;211;3698
"Fensterheber";1561;16225;2;8;"JEEP";"CHEROKEE (KJ)";105;200109;200801;143;2499
"Fensterheber";1561;16226;8;10;"RENAULT";"LAGUNA II (BG0/1_)";88;200103;200709;120;1783
"Fensterheber";1561;16227;3;10;"RENAULT";"LAGUNA II (BG0/1_)";85;200103;200712;116;1783
"Fensterheber";1561;16228;2;10;"RENAULT";"LAGUNA II Grandtour (KG0/1_)";85;200103;200505;116;1783
"Fensterheber";1561;16229;10;10;"RENAULT";"LAGUNA II Grandtour (KG0/1_)";88;200103;200505;120;1783
"Fensterheber";1561;16234;2;6;"RENAULT";"MEGANE I Grandtour (KA0/1_)";85;200101;200308;115;1783
"Fensterheber";1561;16245;1;4;"CITROËN";"C5 I Break (DE_)";85;200106;200408;115;1749
"Fensterheber";1561;16252;1;4;"TOYOTA";"RAV 4 II (_A2_)";85;200105;200511;116;1995
"Fensterheber";1561;16253;4;12;"VW";"GOLF IV (1J1)";132;200108;200506;180;1781
"Fensterheber";1561;16261;34;4;"AUDI";"A4 B6 (8E2)";74;200105;200412;101;1896
"Fensterheber";1561;16269;7;6;"PEUGEOT";"PARTNER Kasten/Großraumlimousine (5_, G_)";66;200004;200807;90;1997
"Fensterheber";1561;16270;4;6;"PEUGEOT";"206 Schrägheck (2A/C)";50;200109;200904;68;1398
"Fensterheber";1561;16272;11;8;"NISSAN";"PRIMERA (P12)";85;200203;200810;115;1769
"Fensterheber";1561;16273;1;8;"NISSAN";"PRIMERA (P12)";103;200203;200810;140;1998
"Fensterheber";1561;16274;3;8;"NISSAN";"PRIMERA (P12)";93;200203;200705;126;2184
"Fensterheber";1561;16275;4;6;"NISSAN";"PRIMERA Kombi (WP12)";85;200203;200705;115;1769
"Fensterheber";1561;16279;24;9;"VW";"POLO (9N_, 9A_)";55;200110;200506;75;1422
"Fensterheber";1561;16281;7;6;"PEUGEOT";"PARTNER Großraumlimousine (5_, G_)";80;200107;200803;109;1587
"Fensterheber";1561;16283;7;2;"HYUNDAI";"i30 (GD)";99;201112;201612;135;1591
"Fensterheber";1561;16285;4;2;"RENAULT";"KANGOO (KC0/1_)";48;200112;;65;1461
"Fensterheber";1561;16288;2;8;"PEUGEOT";"406 (8B)";79;200108;200405;107;1997
"Fensterheber";1561;16291;4;4;"SKODA";"SUPERB I (3U4)";110;200112;200803;150;1781
"Fensterheber";1561;16292;2;4;"SKODA";"SUPERB I (3U4)";85;200112;200803;115;1984
"Fensterheber";1561;16294;8;4;"SKODA";"SUPERB I (3U4)";96;200112;200803;130;1896
"Fensterheber";1561;16296;1;7;"VW";"PASSAT B5 (3B2)";88;200004;200011;120;1984
"Fensterheber";1561;16298;7;7;"VW";"PASSAT B5 (3B2)";74;200002;200011;101;1896
"Fensterheber";1561;16299;1;7;"VW";"PASSAT B5 Variant (3B5)";74;200002;200011;101;1896
"Fensterheber";1561;16300;160;9;"VW";"POLO (9N_, 9A_)";55;200110;200805;75;1390
"Fensterheber";1561;16304;1;2;"FORD";"TRANSIT Kasten (E_ _)";55;199406;200003;75;2496
"Fensterheber";1561;16314;5;8;"AUDI";"A3 (8L1)";165;200110;200305;224;1781
"Fensterheber";1561;16315;6;8;"BMW";"3 (E46)";85;200109;200303;116;1951
"Fensterheber";1561;16317;29;4;"HONDA";"JAZZ II (GD_, GE3, GE2)";61;200203;200807;83;1339
"Fensterheber";1561;16318;13;4;"AUDI";"A4 B6 (8E2)";125;200109;200412;170;2393
"Fensterheber";1561;16319;2;4;"AUDI";"A4 B6 Avant (8E5)";125;200109;200412;170;2393
"Fensterheber";1561;16322;4;4;"AUDI";"A4 B6 Avant (8E5)";132;200109;200412;180;2496
"Fensterheber";1561;16323;5;4;"AUDI";"A4 B6 Cabriolet (8H7)";125;200204;200512;170;2393
"Fensterheber";1561;16324;4;4;"AUDI";"A4 B6 Cabriolet (8H7)";162;200204;200512;220;2976
"Fensterheber";1561;16325;29;8;"BMW";"3 (E46)";85;200202;200502;115;1796
"Fensterheber";1561;16326;6;8;"BMW";"3 Touring (E46)";105;200109;200507;143;1995
"Fensterheber";1561;16327;2;4;"BMW";"3 Cabriolet (E46)";105;200109;200712;143;1995
"Fensterheber";1561;16328;1;8;"BMW";"X5 (E53)";255;200110;200309;347;4619
"Fensterheber";1561;16330;12;10;"CITROËN";"C3 I (FC_, FN_)";44;200202;;60;1124
"Fensterheber";1561;16331;9;10;"CITROËN";"C3 I (FC_, FN_)";50;200202;;68;1398
"Fensterheber";1561;16332;208;9;"VW";"POLO (9N_, 9A_)";47;200110;200707;64;1198
"Fensterheber";1561;16333;17;9;"VW";"POLO (9N_, 9A_)";47;200110;200911;64;1896
"Fensterheber";1561;16334;1;10;"CITROËN";"C3 I (FC_, FN_)";54;200202;;73;1360
"Fensterheber";1561;16335;4;10;"CITROËN";"C3 I (FC_, FN_)";80;200202;201008;109;1587
"Fensterheber";1561;16337;67;10;"FORD";"FIESTA V (JH_, JD_)";44;200111;200806;60;1299
"Fensterheber";1561;16338;60;10;"FORD";"FIESTA V (JH_, JD_)";51;200111;200806;69;1299
"Fensterheber";1561;16340;3;6;"VW";"NEW BEETLE (9C1, 1C1)";55;200111;201009;75;1390
"Fensterheber";1561;16346;1;7;"VW";"PASSAT B5.5 (3B3)";96;200111;200505;130;1984
"Fensterheber";1561;16347;2;7;"VW";"PASSAT B5.5 Variant (3B6)";96;200111;200505;130;1984
"Fensterheber";1561;16358;1;2;"SUZUKI";"WAGON R+ Schrägheck (MM)";56;200110;;76;1298
"Fensterheber";1561;16361;12;10;"FORD";"FIESTA V (JH_, JD_)";74;200111;200806;100;1596
"Fensterheber";1561;16364;9;7;"TOYOTA";"YARIS (_P1_)";55;200110;200509;75;1364
"Fensterheber";1561;16370;3;3;"HYUNDAI";"COUPE II (GK)";123;200203;200908;167;2656
"Fensterheber";1561;16373;18;10;"TOYOTA";"COROLLA (_E12_)";71;200111;200702;97;1398
"Fensterheber";1561;16374;3;10;"TOYOTA";"COROLLA (_E12_)";81;200201;200612;110;1598
"Fensterheber";1561;16376;1;10;"TOYOTA";"COROLLA (_E12_)";66;200201;200612;90;1995
"Fensterheber";1561;16379;2;10;"TOYOTA";"COROLLA Kombi (_E12_)";81;200201;200708;110;1598
"Fensterheber";1561;16381;1;10;"TOYOTA";"COROLLA Stufenheck (_E12_)";71;200110;200610;97;1398
"Fensterheber";1561;16382;1;10;"TOYOTA";"COROLLA Stufenheck (_E12_)";81;200110;200803;110;1598
"Fensterheber";1561;16443;2;0;"MITSUBISHI";"SPACE STAR Großraumlimousine (DG_A)";72;200101;200412;98;1584
"Fensterheber";1561;16452;4;7;"FORD";"MONDEO III (B5Y)";96;200110;200703;130;1998
"Fensterheber";1561;16453;4;7;"FORD";"MONDEO III Stufenheck (B4Y)";96;200110;200703;130;1998
"Fensterheber";1561;16454;5;7;"FORD";"MONDEO III Turnier (BWY)";96;200110;200703;130;1998
"Fensterheber";1561;16455;1;12;"MITSUBISHI";"PAJERO III Canvas Top (V6_W, V7_W)";118;200110;200612;160;3200
"Fensterheber";1561;16457;6;6;"FIAT";"DOBLO Großraumlimousine (119_, 223_)";74;200110;;100;1910
"Fensterheber";1561;16459;2;6;"OPEL";"VECTRA C (Z02)";90;200204;200809;122;1796
"Fensterheber";1561;16460;2;2;"PORSCHE";"911 (996)";235;200110;200408;320;3596
"Fensterheber";1561;16461;2;2;"PORSCHE";"911 (996)";235;200110;200408;320;3596
"Fensterheber";1561;16465;4;4;"AUDI";"A4 B6 Avant (8E5)";162;200109;200412;220;2976
"Fensterheber";1561;16468;1;8;"OPEL";"MOVANO A Bus (X70)";84;200110;;115;2463
"Fensterheber";1561;16470;2;8;"OPEL";"MOVANO A Kasten (X70)";84;200110;;115;2463
"Fensterheber";1561;16471;1;8;"OPEL";"MOVANO A Pritsche/Fahrgestell (X70)";84;200110;;115;2463
"Fensterheber";1561;16476;1;2;"VOLVO";"S80 I (184)";96;200110;200607;131;2401
"Fensterheber";1561;16477;2;4;"JEEP";"GRAND CHEROKEE II (WJ, WG)";120;200110;200509;163;2685
"Fensterheber";1561;16478;3;4;"JEEP";"GRAND CHEROKEE II (WJ, WG)";190;200110;200509;258;4701
"Fensterheber";1561;16488;1;8;"RENAULT";"MASTER II Bus (JD)";84;200110;;115;2463
"Fensterheber";1561;16489;7;8;"RENAULT";"MASTER II Kasten (FD)";84;200110;;115;2463
"Fensterheber";1561;16490;3;8;"RENAULT";"MASTER II Pritsche/Fahrgestell (ED/HD/UD)";84;200110;;115;2463
"Fensterheber";1561;16492;1;8;"RENAULT";"MASTER II Kasten (FD)";60;200111;;82;1870
"Fensterheber";1561;16502;1;2;"RENAULT";"KANGOO Express (FC0/1_)";59;200110;;80;1870
"Fensterheber";1561;16509;6;12;"VW";"GOLF IV (1J1)";81;200201;200506;110;1598
"Fensterheber";1561;16510;1;10;"VW";"GOLF IV Variant (1J5)";81;200201;200606;110;1598
"Fensterheber";1561;16511;1;10;"VW";"BORA I (1J2)";81;200201;200505;110;1598
"Fensterheber";1561;16512;2;10;"VW";"BORA Variant (1J6)";81;200201;200505;110;1598
"Fensterheber";1561;16513;3;6;"FIAT";"DOBLO Großraumlimousine (119_, 223_)";76;200110;;103;1596
"Fensterheber";1561;16521;73;9;"VW";"POLO (9N_, 9A_)";40;200201;200705;54;1198
"Fensterheber";1561;16522;1;3;"HONDA";"CIVIC VII Hatchback (EU, EP, EV)";74;200201;200509;100;1686
"Fensterheber";1561;16523;12;8;"SEAT";"IBIZA III (6L1)";47;200202;200606;64;1198
"Fensterheber";1561;16524;2;8;"SEAT";"IBIZA III (6L1)";74;200202;200911;100;1390
"Fensterheber";1561;16525;3;8;"SEAT";"IBIZA III (6L1)";74;200202;200911;100;1896
"Fensterheber";1561;16526;3;8;"SEAT";"IBIZA III (6L1)";96;200202;200911;131;1896
"Fensterheber";1561;16545;2;8;"PEUGEOT";"307 (3A/C)";50;200110;200506;68;1398
"Fensterheber";1561;16552;10;9;"VW";"POLO (9N_, 9A_)";74;200110;200805;101;1390
"Fensterheber";1561;16553;3;0;"RENAULT";"THALIA I (LB_)";55;200008;;75;1390
"Fensterheber";1561;16573;2;3;"HONDA";"CR-V II (RD_)";110;200109;200703;150;1998
"Fensterheber";1561;16582;3;10;"RENAULT";"LAGUNA II (BG0/1_)";74;200110;200505;100;1870
"Fensterheber";1561;16583;1;10;"RENAULT";"LAGUNA II Grandtour (KG0/1_)";74;200110;200505;100;1870
"Fensterheber";1561;16591;5;8;"NISSAN";"PRIMERA (P12)";78;200203;200808;106;1597
"Fensterheber";1561;16594;6;8;"MERCEDES-BENZ";"E-CLASS (W211)";110;200203;200812;150;2148
"Fensterheber";1561;16595;1;8;"MERCEDES-BENZ";"E-CLASS (W211)";130;200203;200812;177;2685
"Fensterheber";1561;16596;1;4;"AUDI";"A4 B6 (8E2)";110;200207;200412;150;1984
"Fensterheber";1561;16600;14;6;"MINI";"MINI (R50, R53)";120;200203;200609;163;1598
"Fensterheber";1561;16601;5;4;"AUDI";"A4 B6 Avant (8E5)";74;200111;200412;101;1896
"Fensterheber";1561;16602;1;4;"AUDI";"A4 B6 (8E2)";96;200111;200412;130;1896
"Fensterheber";1561;16603;5;4;"AUDI";"A4 B6 Avant (8E5)";96;200111;200412;130;1896
"Fensterheber";1561;16610;1;6;"ALFA ROMEO";"156 (932_)";184;200203;200509;250;3179
"Fensterheber";1561;16612;1;6;"PEUGEOT";"307 SW (3H)";80;200203;200804;109;1587
"Fensterheber";1561;16624;16;2;"FORD";"FUSION (JU_)";59;200208;201212;80;1388
"Fensterheber";1561;16625;2;2;"FORD";"FUSION (JU_)";74;200208;200911;100;1596
"Fensterheber";1561;16626;2;2;"FORD";"FUSION (JU_)";50;200208;201212;68;1399
"Fensterheber";1561;16629;2;0;"MERCEDES-BENZ";"CLK (C209)";160;200206;200905;218;3199
"Fensterheber";1561;16644;1;4;"PEUGEOT";"BOXER Bus (244, Z_)";74;200112;200606;101;2179
"Fensterheber";1561;16650;2;4;"FIAT";"DUCATO Kasten (244_)";81;200112;200607;110;2286
"Fensterheber";1561;16651;3;4;"FIAT";"DUCATO Kasten (244_)";94;200112;201112;128;2798
"Fensterheber";1561;16654;1;4;"FIAT";"DUCATO Bus (244_)";81;200112;200607;110;2286
"Fensterheber";1561;16655;1;4;"FIAT";"DUCATO Bus (244_)";94;200112;;128;2798
"Fensterheber";1561;16658;1;0;"MERCEDES-BENZ";"CLK (C209)";120;200209;200905;163;1796
"Fensterheber";1561;16660;1;4;"FIAT";"DOBLO Kasten/Großraumlimousine (223_)";76;200110;;103;1596
"Fensterheber";1561;16661;5;4;"FIAT";"DOBLO Kasten/Großraumlimousine (223_)";74;200110;;100;1910
"Fensterheber";1561;16673;1;14;"FIAT";"PUNTO (188_)";63;200110;201203;86;1910
"Fensterheber";1561;16675;1;6;"PEUGEOT";"206 SW (2E/K)";55;200207;200702;75;1360
"Fensterheber";1561;16679;5;4;"AUDI";"A2 (8Z0)";81;200205;200508;110;1598
"Fensterheber";1561;16684;2;6;"MAZDA";"6 Stufenheck (GG)";88;200208;200708;120;1798
"Fensterheber";1561;16695;16;4;"PORSCHE";"CAYENNE (9PA)";250;200209;200709;340;4511
"Fensterheber";1561;16714;12;10;"MERCEDES-BENZ";"C-CLASS (W203)";105;200205;200702;143;1796
"Fensterheber";1561;16715;8;10;"MERCEDES-BENZ";"C-CLASS (W203)";120;200205;200702;163;1796
"Fensterheber";1561;16716;3;10;"MERCEDES-BENZ";"C-CLASS T-Model (S203)";105;200205;200708;143;1796
"Fensterheber";1561;16717;1;10;"MERCEDES-BENZ";"C-CLASS T-Model (S203)";120;200205;200708;163;1796
"Fensterheber";1561;16732;11;9;"VW";"POLO (9N_, 9A_)";63;200202;200607;86;1390
"Fensterheber";1561;16739;1;4;"FIAT";"DUCATO Pritsche/Fahrgestell (244_)";81;200112;200607;110;2286
"Fensterheber";1561;16740;9;4;"FIAT";"DUCATO Pritsche/Fahrgestell (244_)";94;200112;200607;128;2798
"Fensterheber";1561;16741;8;8;"BMW";"3 Touring (E46)";85;200203;200502;115;1796
"Fensterheber";1561;16742;1;8;"BMW";"3 Touring (E46)";85;200210;200303;115;1951
"Fensterheber";1561;16743;1;0;"OPEL";"VECTRA C CC (Z02)";90;200208;200809;122;1796
"Fensterheber";1561;16744;1;0;"OPEL";"VECTRA C CC (Z02)";108;200208;200808;147;2198
"Fensterheber";1561;16754;4;4;"PEUGEOT";"BOXER Kasten (244)";74;200112;200606;101;2179
"Fensterheber";1561;16762;2;4;"CITROËN";"JUMPER I Kasten (244)";94;200204;200606;128;2798
"Fensterheber";1561;16809;43;8;"SEAT";"IBIZA III (6L1)";55;200202;200712;75;1390
"Fensterheber";1561;16812;1;4;"HYUNDAI";"GETZ (TB)";60;200303;200509;82;1493
"Fensterheber";1561;16813;1;4;"HYUNDAI";"GETZ (TB)";77;200209;200509;106;1599
"Fensterheber";1561;16814;3;4;"HYUNDAI";"GETZ (TB)";60;200209;200403;82;1341
"Fensterheber";1561;16816;17;4;"HONDA";"JAZZ II (GD_, GE3, GE2)";57;200203;200807;78;1243
"Fensterheber";1561;16819;4;4;"VW";"TOUAREG (7LA, 7L6, 7L7)";162;200210;200611;220;3189
"Fensterheber";1561;16820;1;4;"VW";"TOUAREG (7LA, 7L6, 7L7)";230;200210;201005;313;4921
"Fensterheber";1561;16825;2;9;"SAAB";"9-3 (YS3F, E79, D79, D75)";110;200209;201502;150;1998
"Fensterheber";1561;16826;4;9;"SAAB";"9-3 (YS3F, E79, D79, D75)";154;200209;201502;210;1998
"Fensterheber";1561;16828;3;0;"BMW";"Z4 Roadster (E85)";170;200212;200512;231;2979
"Fensterheber";1561;16829;1;0;"BMW";"Z4 Roadster (E85)";141;200212;200512;192;2494
"Fensterheber";1561;16841;26;12;"OPEL";"MERIVA A Großraumlimousine (X03)";92;200305;201005;125;1796
"Fensterheber";1561;16848;1;4;"PORSCHE";"CAYENNE (9PA)";331;200209;200709;450;4511
"Fensterheber";1561;16859;4;2;"PORSCHE";"BOXSTER (986)";168;200207;200412;228;2687
"Fensterheber";1561;16860;1;2;"PORSCHE";"BOXSTER (986)";191;200207;200412;260;3179
"Fensterheber";1561;16861;4;4;"AUDI";"A4 B6 Avant (8E5)";110;200207;200412;150;1984
"Fensterheber";1561;16869;6;6;"RENAULT";"ESPACE IV (JK0/1_)";120;200211;;163;1998
"Fensterheber";1561;16870;4;6;"RENAULT";"ESPACE IV (JK0/1_)";110;200211;200608;150;2188
"Fensterheber";1561;16880;12;4;"AUDI";"A4 B6 (8E2)";120;200207;200412;163;1781
"Fensterheber";1561;16882;1;4;"AUDI";"A4 B6 (8E2)";120;200207;200412;163;2496
"Fensterheber";1561;16883;17;4;"AUDI";"A4 B6 Avant (8E5)";120;200207;200412;163;1781
"Fensterheber";1561;16884;6;4;"AUDI";"A4 B6 Avant (8E5)";120;200207;200412;163;1781
"Fensterheber";1561;16885;5;4;"AUDI";"A4 B6 Avant (8E5)";120;200207;200412;163;2496
"Fensterheber";1561;16888;1;0;"AUDI";"A8 D3 (4E2, 4E8)";246;200210;201007;335;4172
"Fensterheber";1561;16889;1;2;"RENAULT";"KANGOO (KC0/1_)";60;200207;;82;1461
"Fensterheber";1561;16916;18;15;"RENAULT";"MEGANE II (BM0/1_, CM0/1_)";72;200211;200802;98;1390
"Fensterheber";1561;16917;35;15;"RENAULT";"MEGANE II (BM0/1_, CM0/1_)";83;200211;200802;113;1598
"Fensterheber";1561;16918;9;15;"RENAULT";"MEGANE II (BM0/1_, CM0/1_)";99;200211;200802;135;1998
"Fensterheber";1561;16919;9;15;"RENAULT";"MEGANE II (BM0/1_, CM0/1_)";60;200209;200802;82;1461
"Fensterheber";1561;16920;5;15;"RENAULT";"MEGANE II (BM0/1_, CM0/1_)";88;200211;200802;120;1870
"Fensterheber";1561;16922;4;8;"NISSAN";"PRIMERA Hatchback (P12)";85;200207;200810;115;1769
"Fensterheber";1561;16923;3;8;"NISSAN";"PRIMERA Hatchback (P12)";103;200207;200810;140;1998
"Fensterheber";1561;16931;1;4;"AUDI";"A4 B6 Cabriolet (8H7)";120;200204;200512;163;2393
"Fensterheber";1561;16939;1;4;"FORD";"TOURNEO CONNECT";55;200206;201312;75;1753
"Fensterheber";1561;16940;5;2;"FORD";"TOURNEO CONNECT";66;200206;201312;90;1753
"Fensterheber";1561;16944;94;6;"SKODA";"FABIA I (6Y2)";40;200107;200704;54;1198
"Fensterheber";1561;16945;3;8;"SKODA";"OCTAVIA I Combi (1U5)";132;200208;200601;180;1781
"Fensterheber";1561;16953;1;2;"BMW";"7 (E65, E66, E67)";160;200206;200502;218;2993
"Fensterheber";1561;16965;1;2;"FORD";"TRANSIT CONNECT (P65_, P70_, P80_)";85;200206;201312;116;1796
"Fensterheber";1561;16966;6;2;"FORD";"TRANSIT CONNECT (P65_, P70_, P80_)";55;200206;201312;75;1753
"Fensterheber";1561;16967;9;16;"FORD";"FOCUS I (DAW, DBW)";74;200208;200411;100;1753
"Fensterheber";1561;16978;11;4;"HYUNDAI";"GETZ (TB)";46;200209;200509;63;1086
"Fensterheber";1561;16982;1;4;"RENAULT";"MEGANE III Schrägheck (BZ0/1_, B3_)";85;201203;201508;116;1198
"Fensterheber";1561;16983;4;4;"AUDI";"A4 B6 Cabriolet (8H7)";120;200208;200512;163;2496
"Fensterheber";1561;16985;1;4;"AUDI";"A4 B6 Avant (8E5)";120;200109;200412;163;2393
"Fensterheber";1561;16998;3;2;"SUBARU";"FORESTER (SG_)";92;200206;200505;125;1994
"Fensterheber";1561;16999;2;2;"SUBARU";"FORESTER (SG_)";130;200202;200505;177;1994
"Fensterheber";1561;17008;1;4;"SKODA";"SUPERB I (3U4)";74;200208;200510;101;1896
"Fensterheber";1561;17009;20;4;"AUDI";"A3 (8P1)";110;200305;200806;150;1984
"Fensterheber";1561;17012;1;16;"FORD";"FOCUS I (DAW, DBW)";158;200210;200411;215;1988
"Fensterheber";1561;17073;49;4;"VW";"NEW BEETLE Cabriolet (1Y7)";75;200301;201009;102;1595
"Fensterheber";1561;17074;17;4;"VW";"NEW BEETLE Cabriolet (1Y7)";85;200209;201010;115;1984
"Fensterheber";1561;17079;5;8;"SEAT";"IBIZA III (6L1)";55;200205;200512;75;1422
"Fensterheber";1561;17096;2;6;"RENAULT";"ESPACE IV (JK0/1_)";177;200211;;241;3498
"Fensterheber";1561;17098;1;6;"RENAULT";"ESPACE IV (JK0/1_)";100;200211;201501;136;1998
"Fensterheber";1561;17100;1;2;"OPEL";"FRONTERA B (U99)";88;200209;200407;120;2171
"Fensterheber";1561;17104;57;2;"MAZDA";"2 (DY)";59;200304;200706;80;1388
"Fensterheber";1561;17105;4;2;"MAZDA";"2 (DY)";74;200304;200706;100;1596
"Fensterheber";1561;17106;2;0;"SMART";"ROADSTER (452)";60;200304;200511;82;698
"Fensterheber";1561;17107;3;0;"SMART";"ROADSTER Coupe (452)";60;200304;200511;82;698
"Fensterheber";1561;17119;24;4;"VW";"TOURAN (1T1, 1T2)";74;200302;200405;100;1896
"Fensterheber";1561;17122;10;4;"VW";"NEW BEETLE Cabriolet (1Y7)";74;200306;201009;100;1896
"Fensterheber";1561;17125;2;6;"RENAULT";"ESPACE IV (JK0/1_)";88;200211;;120;1870
"Fensterheber";1561;17126;1;0;"HONDA";"ACCORD VII (CL, CN)";114;200302;200805;155;1998
"Fensterheber";1561;17129;1;8;"MERCEDES-BENZ";"E-CLASS (W211)";150;200211;200812;204;3222
"Fensterheber";1561;17132;12;4;"VW";"NEW BEETLE Cabriolet (1Y7)";55;200301;201009;75;1390
"Fensterheber";1561;17137;1;7;"FIAT";"STILO Multi Wagon (192_)";85;200301;200808;115;1910
"Fensterheber";1561;17142;11;4;"AUDI";"A4 B6 Cabriolet (8H7)";120;200207;200512;163;1781
"Fensterheber";1561;17144;1;2;"AUDI";"TT (8N3)";184;200307;200606;250;3189
"Fensterheber";1561;17145;1;4;"AUDI";"A4 B6 (8E2)";253;200303;200412;344;4163
"Fensterheber";1561;17147;1;4;"AUDI";"A4 B6 (8E2)";140;200211;200412;190;1781
"Fensterheber";1561;17148;3;4;"AUDI";"A4 B6 Avant (8E5)";140;200211;200412;190;1781
"Fensterheber";1561;17149;2;4;"AUDI";"A4 B6 Avant (8E5)";140;200211;200412;190;1781
"Fensterheber";1561;17150;13;10;"VW";"SHARAN (7M8, 7M9, 7M6)";96;200211;201003;130;1896
"Fensterheber";1561;17153;2;8;"SEAT";"CORDOBA (6L2)";74;200209;200911;100;1896
"Fensterheber";1561;17156;1;4;"AUDI";"A4 B6 Avant (8E5)";253;200303;200412;344;4163
"Fensterheber";1561;17157;2;10;"SEAT";"ALHAMBRA (7V8, 7V9)";96;200211;200811;131;1896
"Fensterheber";1561;17158;6;2;"NISSAN";"MICRA III (K12)";59;200301;201006;80;1240
"Fensterheber";1561;17161;1;4;"ALFA ROMEO";"147 (937_)";103;200211;201003;140;1910
"Fensterheber";1561;17165;1;8;"MERCEDES-BENZ";"E-CLASS T-Model (S211)";110;200303;200907;150;2148
"Fensterheber";1561;17171;9;6;"MINI";"MINI (R50, R53)";55;200306;200609;75;1364
"Fensterheber";1561;17172;87;4;"AUDI";"A3 (8P1)";75;200305;201208;102;1595
"Fensterheber";1561;17173;21;4;"AUDI";"A3 (8P1)";103;200305;201208;140;1968
"Fensterheber";1561;17174;25;4;"VW";"TOURAN (1T1, 1T2)";85;200302;200701;115;1598
"Fensterheber";1561;17175;10;4;"VW";"TOURAN (1T1, 1T2)";100;200302;201005;136;1968
"Fensterheber";1561;17176;13;8;"BMW";"X5 (E53)";170;200004;200610;231;2979
"Fensterheber";1561;17177;1;2;"FORD";"KA (RB_)";51;200208;200811;70;1299
"Fensterheber";1561;17178;1;4;"VW";"TOUAREG (7LA, 7L6, 7L7)";228;200212;200611;310;4172
"Fensterheber";1561;17180;12;2;"NISSAN";"MICRA III (K12)";48;200301;201006;65;1240
"Fensterheber";1561;17182;28;4;"VW";"TOUAREG (7LA, 7L6, 7L7)";128;200301;201005;174;2461
"Fensterheber";1561;17183;15;10;"RENAULT";"LAGUNA II (BG0/1_)";99;200208;200712;135;1998
"Fensterheber";1561;17185;20;10;"RENAULT";"LAGUNA II Grandtour (KG0/1_)";99;200208;200712;135;1998
"Fensterheber";1561;17186;4;10;"RENAULT";"LAGUNA II Grandtour (KG0/1_)";120;200301;200508;163;1998
"Fensterheber";1561;17197;7;4;"SMART";"CITY-COUPE (450)";37;200301;200401;50;698
"Fensterheber";1561;17198;17;4;"SMART";"CITY-COUPE (450)";45;200301;200401;61;698
"Fensterheber";1561;17200;15;0;"SMART";"CABRIO (450)";45;200301;200401;61;698
"Fensterheber";1561;17201;2;0;"SMART";"CABRIO (450)";55;200301;200401;75;698
"Fensterheber";1561;17202;1;0;"SMART";"ROADSTER (452)";45;200304;200511;61;698
"Fensterheber";1561;17203;2;12;"OPEL";"MERIVA A Großraumlimousine (X03)";64;200305;201005;87;1598
"Fensterheber";1561;17204;15;12;"OPEL";"MERIVA A Großraumlimousine (X03)";74;200305;200601;100;1598
"Fensterheber";1561;17205;6;12;"OPEL";"MERIVA A Großraumlimousine (X03)";74;200309;201005;100;1686
"Fensterheber";1561;17215;2;7;"VW";"PASSAT B5.5 Variant (3B6)";132;200301;200505;180;2496
"Fensterheber";1561;17216;1;4;"TOYOTA";"AVENSIS Stufenheck (_T25_)";95;200304;200811;129;1794
"Fensterheber";1561;17221;3;4;"TOYOTA";"AVENSIS Kombi (_T25_)";85;200304;200811;116;1995
"Fensterheber";1561;17226;1;2;"PEUGEOT";"EXPERT Kasten (222)";80;200007;200612;109;1997
"Fensterheber";1561;17232;3;4;"AUDI";"A6 C5 Avant (4B5)";120;200207;200501;163;2496
"Fensterheber";1561;17239;1;8;"NISSAN";"ALMERA II Hatchback (N16)";72;200210;200609;98;1497
"Fensterheber";1561;17245;1;10;"OPEL";"ASTRA G CC (T98)";59;200304;200501;80;1686
"Fensterheber";1561;17248;1;10;"OPEL";"ASTRA G Stufenheck (T98)";59;200304;200912;80;1686
"Fensterheber";1561;17251;1;10;"OPEL";"ASTRA G Caravan (T98)";76;200212;200405;103;1598
"Fensterheber";1561;17252;1;10;"OPEL";"ASTRA G Caravan (T98)";147;200211;200407;200;1998
"Fensterheber";1561;17258;3;8;"JEEP";"CHEROKEE (KJ)";110;200211;200801;150;2776
"Fensterheber";1561;17266;1;3;"HYUNDAI";"COUPE II (GK)";105;200302;200908;143;1975
"Fensterheber";1561;17268;5;2;"VW";"MULTIVAN T5 (7HM, 7HN, 7HF, 7EF, 7EM, 7EN)";85;200311;201508;115;1984
"Fensterheber";1561;17270;36;2;"VW";"MULTIVAN T5 (7HM, 7HN, 7HF, 7EF, 7EM, 7EN)";96;200304;200911;130;2461
"Fensterheber";1561;17271;35;2;"VW";"MULTIVAN T5 (7HM, 7HN, 7HF, 7EF, 7EM, 7EN)";128;200304;200911;174;2461
"Fensterheber";1561;17272;1;2;"VW";"MULTIVAN T5 (7HM, 7HN, 7HF, 7EF, 7EM, 7EN)";77;200304;200911;105;1896
"Fensterheber";1561;17277;1;4;"CITROËN";"C3 Pluriel (HB_)";54;200305;;73;1360
"Fensterheber";1561;17278;196;6;"VW";"GOLF V (1K1)";55;200310;200605;75;1390
"Fensterheber";1561;17280;23;6;"VW";"GOLF V (1K1)";103;200310;200811;140;1968
"Fensterheber";1561;17281;8;6;"VW";"GOLF V (1K1)";110;200401;200811;150;1984
"Fensterheber";1561;17282;1;4;"BMW";"3 Coupe (E46)";110;200311;200607;150;1995
"Fensterheber";1561;17284;2;0;"MITSUBISHI";"OUTLANDER I (CU_W)";100;200305;200610;136;1997
"Fensterheber";1561;17290;1;4;"BMW";"5 (E60)";125;200307;201003;170;2171
"Fensterheber";1561;17292;1;4;"BMW";"5 (E60)";160;200209;200509;218;2993
"Fensterheber";1561;17297;2;10;"SEAT";"LEON (1M1)";165;200307;200606;225;1781
"Fensterheber";1561;17300;1;10;"SEAT";"LEON (1M1)";110;200205;200606;150;1896
"Fensterheber";1561;17306;2;4;"AUDI";"ALLROAD C5 (4BH)";120;200305;200508;163;2496
"Fensterheber";1561;17307;1;10;"FORD";"GALAXY I (WGR)";103;200109;200605;140;2295
"Fensterheber";1561;17310;1;2;"KIA";"RIO I Schrägheck (DC)";71;200209;200502;97;1493
"Fensterheber";1561;17313;3;7;"LAND ROVER";"FREELANDER I (L314)";80;200103;200610;109;1951
"Fensterheber";1561;17317;10;2;"MAZDA";"2 (DY)";55;200304;200706;75;1242
"Fensterheber";1561;17318;3;2;"MAZDA";"2 (DY)";50;200304;200706;68;1399
"Fensterheber";1561;17319;5;7;"TOYOTA";"YARIS (_P1_)";64;200204;200509;87;1298
"Fensterheber";1561;17321;4;4;"SKODA";"FABIA I Combi (6Y5)";44;200004;200303;60;1397
"Fensterheber";1561;17322;3;4;"VOLVO";"S60 I (384)";96;200105;201004;130;2401
"Fensterheber";1561;17330;4;8;"CITROËN";"C2 (JM_)";44;200309;201209;60;1124
"Fensterheber";1561;17336;1;2;"SSANGYONG";"REXTON / REXTON II (GAB_)";88;200204;200608;120;2874
"Fensterheber";1561;17347;2;4;"TOYOTA";"AVENSIS (_T25_)";85;200304;200811;116;1995
"Fensterheber";1561;17350;2;4;"BMW";"3 Compact (E46)";85;200303;200502;115;1995
"Fensterheber";1561;17351;5;8;"BMW";"3 (E46)";150;200303;200502;204;2993
"Fensterheber";1561;17352;4;8;"BMW";"3 (E46)";150;200209;200412;204;2993
"Fensterheber";1561;17353;9;8;"BMW";"3 Touring (E46)";150;200303;200502;204;2993
"Fensterheber";1561;17354;3;8;"BMW";"3 Touring (E46)";150;200208;200505;204;2993
"Fensterheber";1561;17355;1;9;"SAAB";"9-3 (YS3F, E79, D79, D75)";129;200209;201502;175;1998
"Fensterheber";1561;17357;2;4;"VW";"TRANSPORTER T5 Pritsche/Fahrgestell (7JD, 7JE, 7JL, 7JY, 7JZ";63;200304;200911;85;1896
"Fensterheber";1561;17358;3;4;"VW";"TRANSPORTER T5 Pritsche/Fahrgestell (7JD, 7JE, 7JL, 7JY, 7JZ";77;200304;200911;105;1896
"Fensterheber";1561;17359;4;4;"VW";"TRANSPORTER T5 Pritsche/Fahrgestell (7JD, 7JE, 7JL, 7JY, 7JZ";96;200304;200911;130;2461
"Fensterheber";1561;17360;1;4;"VW";"TRANSPORTER T5 Pritsche/Fahrgestell (7JD, 7JE, 7JL, 7JY, 7JZ";128;200304;200911;174;2461
"Fensterheber";1561;17363;9;4;"VW";"TRANSPORTER T5 Kasten (7HA, 7HH, 7EA, 7EH)";63;200304;200911;85;1896
"Fensterheber";1561;17364;11;4;"VW";"TRANSPORTER T5 Kasten (7HA, 7HH, 7EA, 7EH)";77;200304;200911;105;1896
"Fensterheber";1561;17365;9;4;"VW";"TRANSPORTER T5 Kasten (7HA, 7HH, 7EA, 7EH)";96;200304;200911;130;2461
"Fensterheber";1561;17366;2;4;"VW";"TRANSPORTER T5 Kasten (7HA, 7HH, 7EA, 7EH)";128;200304;200911;174;2461
"Fensterheber";1561;17367;1;4;"VW";"TRANSPORTER T5 Kasten (7HA, 7HH, 7EA, 7EH)";85;200311;201508;115;1984
"Fensterheber";1561;17369;2;6;"VW";"TRANSPORTER T5 Bus (7HB, 7HJ, 7EB, 7EJ)";63;200304;200911;85;1896
"Fensterheber";1561;17370;16;6;"VW";"TRANSPORTER T5 Bus (7HB, 7HJ, 7EB, 7EJ)";77;200304;200911;105;1896
"Fensterheber";1561;17371;18;6;"VW";"TRANSPORTER T5 Bus (7HB, 7HJ, 7EB, 7EJ)";96;200304;200911;130;2461
"Fensterheber";1561;17372;4;6;"VW";"TRANSPORTER T5 Bus (7HB, 7HJ, 7EB, 7EJ)";128;200304;200911;174;2461
"Fensterheber";1561;17373;1;6;"VW";"TRANSPORTER T5 Bus (7HB, 7HJ, 7EB, 7EJ)";85;200311;201508;115;1984
"Fensterheber";1561;17375;4;10;"MERCEDES-BENZ";"C-CLASS (W203)";90;200304;200702;122;2148
"Fensterheber";1561;17378;3;10;"MERCEDES-BENZ";"C-CLASS T-Model (S203)";90;200304;200708;122;2148
"Fensterheber";1561;17392;5;14;"FIAT";"PUNTO (188_)";51;200306;201203;70;1248
"Fensterheber";1561;17393;74;6;"SKODA";"FABIA I (6Y2)";47;200301;200803;64;1198
"Fensterheber";1561;17394;11;4;"SKODA";"FABIA I Stufenheck (6Y3)";47;200301;200712;64;1198
"Fensterheber";1561;17395;43;4;"SKODA";"FABIA I Combi (6Y5)";47;200301;200712;64;1198
"Fensterheber";1561;17396;5;2;"SKODA";"FABIA I Praktik (6Y5)";47;200301;200712;64;1198
"Fensterheber";1561;17398;32;4;"AUDI";"A3 (8P1)";77;200305;201005;105;1896
"Fensterheber";1561;17400;2;0;"MITSUBISHI";"OUTLANDER I (CU_W)";118;200311;200709;160;2378
"Fensterheber";1561;17402;76;4;"PEUGEOT";"307 CC (3B)";100;200310;200506;136;1997
"Fensterheber";1561;17403;9;4;"PEUGEOT";"307 CC (3B)";130;200310;200904;177;1997
"Fensterheber";1561;17406;1;7;"VW";"PASSAT B5.5 (3B3)";120;200305;200505;163;2496
"Fensterheber";1561;17407;2;7;"VW";"PASSAT B5.5 Variant (3B6)";120;200305;200505;163;2496
"Fensterheber";1561;17410;65;6;"MERCEDES-BENZ";"VIANO (W639)";110;200309;;150;2148
"Fensterheber";1561;17412;21;6;"MERCEDES-BENZ";"VITO / MIXTO Kasten (W639)";110;200309;;150;2148
"Fensterheber";1561;17413;20;6;"MERCEDES-BENZ";"VITO / MIXTO Kasten (W639)";80;200309;;109;2148
"Fensterheber";1561;17414;2;6;"MERCEDES-BENZ";"VITO / MIXTO Kasten (W639)";140;200309;;190;3199
"Fensterheber";1561;17416;1;6;"MERCEDES-BENZ";"VITO Bus (W639)";140;200309;;190;3199
"Fensterheber";1561;17417;10;6;"MERCEDES-BENZ";"VITO Bus (W639)";80;200309;;109;2148
"Fensterheber";1561;17418;17;6;"MERCEDES-BENZ";"VITO Bus (W639)";110;200309;;150;2148
"Fensterheber";1561;17439;3;10;"TOYOTA";"COROLLA (_E12_)";85;200305;200702;116;1995
"Fensterheber";1561;17442;19;8;"RENAULT";"SCÉNIC II (JM0/1_)";99;200306;200906;135;1998
"Fensterheber";1561;17443;5;8;"RENAULT";"SCÉNIC II (JM0/1_)";60;200306;200605;82;1461
"Fensterheber";1561;17444;22;8;"RENAULT";"SCÉNIC II (JM0/1_)";83;200306;200610;113;1598
"Fensterheber";1561;17445;2;8;"RENAULT";"SCÉNIC II (JM0/1_)";72;200306;200811;98;1390
"Fensterheber";1561;17449;6;4;"LANCIA";"YPSILON (843_)";44;200310;201112;60;1242
"Fensterheber";1561;17451;3;4;"LANCIA";"YPSILON (843_)";70;200310;201112;95;1368
"Fensterheber";1561;17456;11;6;"SKODA";"FABIA I (6Y2)";96;200306;200803;130;1896
"Fensterheber";1561;17458;2;4;"AUDI";"A3 (8P1)";100;200305;201208;136;1968
"Fensterheber";1561;17475;3;8;"SKODA";"OCTAVIA I (1U2)";96;200209;200409;130;1896
"Fensterheber";1561;17476;5;8;"SKODA";"OCTAVIA I Combi (1U5)";96;200209;200409;130;1896
"Fensterheber";1561;17482;2;2;"FIAT";"STRADA Pick-up (178_, 278_)";59;200304;;80;1910
"Fensterheber";1561;17484;175;6;"VW";"GOLF V (1K1)";77;200310;200811;105;1896
"Fensterheber";1561;17499;1;5;"OPEL";"ZAFIRA A Großraumlimousine (T98)";147;200211;200506;200;1998
"Fensterheber";1561;17501;2;4;"OPEL";"VIVARO A Bus (X83)";99;200304;201003;135;2463
"Fensterheber";1561;17511;2;4;"RENAULT";"TRAFIC II Bus (JL)";99;200305;200610;135;2463
"Fensterheber";1561;17515;2;10;"SEAT";"LEON (1M1)";96;200305;200606;130;1896
"Fensterheber";1561;17517;2;4;"SKODA";"FABIA I Stufenheck (6Y3)";55;200304;200712;75;1422
"Fensterheber";1561;17518;6;4;"SKODA";"FABIA I Combi (6Y5)";55;200304;200712;75;1422
"Fensterheber";1561;17519;6;6;"SKODA";"FABIA I (6Y2)";55;200304;200803;75;1422
"Fensterheber";1561;17525;2;5;"HONDA";"CIVIC VI Coupe (EJ, EM1)";77;199603;200003;105;1590
"Fensterheber";1561;17536;1;8;"NISSAN";"PRIMERA (P12)";88;200304;200710;120;1870
"Fensterheber";1561;17540;1;6;"NISSAN";"PRIMERA Kombi (WP12)";102;200304;;139;2184
"Fensterheber";1561;17548;1;12;"CITROËN";"XSARA PICASSO (N68)";100;200301;201206;136;1997
"Fensterheber";1561;17564;7;4;"SMART";"CITY-COUPE (450)";52;200206;200401;71;599
"Fensterheber";1561;17569;3;7;"TOYOTA";"YARIS (_P1_)";48;200303;200509;65;998
"Fensterheber";1561;17572;34;4;"VW";"TOURAN (1T1, 1T2)";75;200307;201005;102;1595
"Fensterheber";1561;17575;1;2;"OPEL";"AGILA (A) (H00)";51;200308;200712;70;1248
"Fensterheber";1561;17577;9;4;"AUDI";"A3 (8P1)";184;200307;200905;250;3189
"Fensterheber";1561;17578;16;4;"AUDI";"A3 (8P1)";85;200308;200709;115;1598
"Fensterheber";1561;17612;1;7;"FORD";"MONDEO III (B5Y)";96;200306;200703;130;1798
"Fensterheber";1561;17617;1;4;"AUDI";"A4 B6 Cabriolet (8H7)";253;200403;200512;344;4163
"Fensterheber";1561;17625;44;8;"BMW";"X5 (E53)";160;200310;200609;218;2993
"Fensterheber";1561;17626;1;4;"AUDI";"A2 (8Z0)";66;200311;200508;90;1422
"Fensterheber";1561;17627;105;6;"FIAT";"PANDA (169_)";40;200309;;54;1108
"Fensterheber";1561;17628;204;6;"FIAT";"PANDA (169_)";44;200309;;60;1242
"Fensterheber";1561;17640;5;6;"FIAT";"PANDA (169_)";51;200309;;70;1248
"Fensterheber";1561;17645;81;6;"VW";"GOLF V (1K1)";85;200310;200807;115;1598
"Fensterheber";1561;17651;2;6;"OPEL";"VECTRA C Caravan (Z02)";129;200310;200808;175;1998
"Fensterheber";1561;17669;22;8;"MAZDA";"3 (BK)";77;200310;200906;105;1598
"Fensterheber";1561;17670;1;8;"MAZDA";"3 (BK)";110;200310;200912;150;1999
"Fensterheber";1561;17671;5;8;"MAZDA";"3 Stufenheck (BK)";77;200402;200906;105;1598
"Fensterheber";1561;17672;2;8;"MAZDA";"3 Stufenheck (BK)";110;200310;200912;150;1999
"Fensterheber";1561;17675;3;6;"CITROËN";"BERLINGO / BERLINGO FIRST Großraumlimousine (MF_, GJK_, GFK_";55;200304;200810;75;1360
"Fensterheber";1561;17689;1;4;"NISSAN";"PRIMASTAR Bus (X83)";99;200307;;135;2463
"Fensterheber";1561;17691;1;4;"AUDI";"A6 C5 (4B2)";115;199808;199907;156;2393
"Fensterheber";1561;17693;6;4;"PORSCHE";"CAYENNE (9PA)";184;200310;200709;250;3189
"Fensterheber";1561;17696;1;10;"OPEL";"CORSA C (X01)";51;200306;200912;70;1248
"Fensterheber";1561;17697;1;10;"OPEL";"CORSA C (X01)";74;200306;200912;100;1686
"Fensterheber";1561;17702;14;10;"FORD";"FIESTA V (JH_, JD_)";51;200303;200806;70;1242
"Fensterheber";1561;17703;17;10;"FORD";"FIESTA V (JH_, JD_)";55;200205;200806;75;1242
"Fensterheber";1561;17705;4;7;"TOYOTA";"YARIS (_P1_)";77;200301;200511;105;1497
"Fensterheber";1561;17706;3;0;"TOYOTA";"YARIS VERSO (_P2_)";62;200211;200509;84;1299
"Fensterheber";1561;17711;10;2;"TOYOTA";"PRIUS Liftback (_W2_)";57;200309;200912;78;1497
"Fensterheber";1561;17718;6;15;"RENAULT";"MEGANE II (BM0/1_, CM0/1_)";74;200310;200802;101;1461
"Fensterheber";1561;17719;5;13;"RENAULT";"MEGANE II (BM0/1_, CM0/1_)";60;200310;200802;82;1390
"Fensterheber";1561;17721;17;7;"RENAULT";"MEGANE II Coupé-Cabriolet (EM0/1_)";83;200309;200903;113;1598
"Fensterheber";1561;17722;20;7;"RENAULT";"MEGANE II Coupé-Cabriolet (EM0/1_)";99;200309;200912;135;1998
"Fensterheber";1561;17723;2;7;"RENAULT";"MEGANE II Coupé-Cabriolet (EM0/1_)";88;200309;200903;120;1870
"Fensterheber";1561;17724;1;15;"RENAULT";"MEGANE II Stufenheck (LM0/1_)";60;200309;;82;1390
"Fensterheber";1561;17725;7;15;"RENAULT";"MEGANE II Stufenheck (LM0/1_)";72;200309;;98;1390
"Fensterheber";1561;17726;11;15;"RENAULT";"MEGANE II Stufenheck (LM0/1_)";83;200309;;113;1598
"Fensterheber";1561;17727;2;15;"RENAULT";"MEGANE II Stufenheck (LM0/1_)";99;200309;;135;1998
"Fensterheber";1561;17728;1;15;"RENAULT";"MEGANE II Stufenheck (LM0/1_)";60;200308;201012;82;1461
"Fensterheber";1561;17729;1;15;"RENAULT";"MEGANE II Stufenheck (LM0/1_)";88;200309;;120;1870
"Fensterheber";1561;17730;9;10;"RENAULT";"MEGANE II Kombi (KM0/1_)";72;200308;200907;98;1390
"Fensterheber";1561;17731;14;10;"RENAULT";"MEGANE II Kombi (KM0/1_)";83;200308;200907;113;1598
"Fensterheber";1561;17732;6;10;"RENAULT";"MEGANE II Kombi (KM0/1_)";99;200308;200907;135;1998
"Fensterheber";1561;17733;3;10;"RENAULT";"MEGANE II Kombi (KM0/1_)";60;200308;200605;82;1461
"Fensterheber";1561;17734;2;10;"RENAULT";"MEGANE II Kombi (KM0/1_)";88;200308;200907;120;1870
"Fensterheber";1561;17737;2;8;"JEEP";"CHEROKEE (KJ)";150;200308;200801;204;3700
"Fensterheber";1561;17742;8;9;"VW";"POLO (9N_, 9A_)";96;200311;200911;130;1896
"Fensterheber";1561;17743;22;6;"VW";"GOLF V (1K1)";66;200310;200607;90;1390
"Fensterheber";1561;17745;1;2;"FORD";"FOCUS C-MAX (DM2)";74;200310;200703;100;1596
"Fensterheber";1561;17764;1;2;"SUZUKI";"WAGON R+ Schrägheck (MM)";69;200309;;94;1328
"Fensterheber";1561;17766;14;4;"VW";"TOURAN (1T1, 1T2)";110;200310;200701;150;1984
"Fensterheber";1561;17768;68;4;"VW";"TOURAN (1T1, 1T2)";77;200308;201005;105;1896
"Fensterheber";1561;17770;20;4;"VW";"TOURAN (1T1, 1T2)";103;200308;201005;140;1968
"Fensterheber";1561;17775;1;4;"BMW";"5 Touring (E61)";141;200406;201012;192;2494
"Fensterheber";1561;17779;2;14;"FIAT";"PUNTO (188_)";70;200309;201203;95;1368
"Fensterheber";1561;17783;6;2;"FORD";"TRANSIT CONNECT (P65_, P70_, P80_)";66;200206;201312;90;1753
"Fensterheber";1561;17793;1;6;"MINI";"MINI (R50, R53)";155;200311;200609;210;1598
"Fensterheber";1561;17805;1;4;"VW";"CADDY III Kasten/Großraumlimousine (2KA, 2KH, 2CA, 2CH)";75;200404;201505;102;1595
"Fensterheber";1561;17806;3;4;"VW";"CADDY III Großraumlimousine (2KB, 2KJ, 2CB, 2CJ)";75;200404;201505;102;1595
"Fensterheber";1561;17808;4;4;"VW";"CADDY III Kasten/Großraumlimousine (2KA, 2KH, 2CA, 2CH)";51;200403;201008;70;1968
"Fensterheber";1561;17809;2;4;"VW";"CADDY III Kasten/Großraumlimousine (2KA, 2KH, 2CA, 2CH)";77;200404;201008;105;1896
"Fensterheber";1561;17810;6;4;"VW";"CADDY III Großraumlimousine (2KB, 2KJ, 2CB, 2CJ)";77;200404;201008;105;1896
"Fensterheber";1561;17811;10;4;"BMW";"X3 (E83)";170;200309;200607;231;2979
"Fensterheber";1561;17812;8;4;"BMW";"X3 (E83)";141;200403;200607;192;2494
"Fensterheber";1561;17813;22;4;"BMW";"X3 (E83)";150;200401;200508;204;2993
"Fensterheber";1561;17816;11;0;"MINI";"MINI Cabriolet (R52)";66;200407;200711;90;1598
"Fensterheber";1561;17817;19;0;"MINI";"MINI Cabriolet (R52)";85;200404;200807;116;1598
"Fensterheber";1561;17818;4;0;"MINI";"MINI Cabriolet (R52)";125;200407;200711;170;1598
"Fensterheber";1561;17820;1;2;"VOLVO";"V50 (545)";103;200404;201012;140;2435
"Fensterheber";1561;17823;1;2;"VOLVO";"S40 II (544)";162;200401;200712;220;2521
"Fensterheber";1561;17830;1;0;"BMW";"Z4 Roadster (E85)";125;200310;200510;170;2171
"Fensterheber";1561;17834;3;6;"PEUGEOT";"206 Schrägheck (2A/C)";65;200310;200802;88;1360
"Fensterheber";1561;17836;2;8;"SEAT";"IBIZA III (6L1)";110;200312;200805;150;1781
"Fensterheber";1561;17839;1;4;"FIAT";"IDEA (350_)";59;200401;;80;1242
"Fensterheber";1561;17840;1;4;"FIAT";"IDEA (350_)";70;200401;;95;1368
"Fensterheber";1561;17844;14;8;"OPEL";"ASTRA H (A04)";66;200403;201010;90;1364
"Fensterheber";1561;17845;6;8;"OPEL";"ASTRA H (A04)";77;200403;201010;105;1598
"Fensterheber";1561;17846;1;8;"OPEL";"ASTRA H (A04)";92;200401;201010;125;1796
"Fensterheber";1561;17848;1;8;"OPEL";"ASTRA H (A04)";74;200403;201010;100;1686
"Fensterheber";1561;17849;2;4;"PEUGEOT";"407 (6D_)";100;200403;200507;136;1997
"Fensterheber";1561;17850;1;4;"PEUGEOT";"407 (6D_)";116;200403;200610;158;2230
"Fensterheber";1561;17851;1;4;"PEUGEOT";"407 (6D_)";155;200403;201012;211;2946
"Fensterheber";1561;17852;47;4;"PEUGEOT";"407 (6D_)";100;200405;201010;136;1997
"Fensterheber";1561;17854;2;4;"RENAULT";"CLIO I (B/C57_, 5/357_)";55;199101;199809;75;1390
"Fensterheber";1561;17863;8;6;"MERCEDES-BENZ";"C-CLASS T-Model (S203)";110;200402;200708;150;2148
"Fensterheber";1561;17864;7;10;"MERCEDES-BENZ";"C-CLASS (W203)";110;200302;200702;150;2148
"Fensterheber";1561;17868;2;6;"RENAULT";"CLIO II (BB_, CB_)";74;200310;200504;100;1461
"Fensterheber";1561;17871;1;6;"VW";"GOLF V (1K1)";55;200401;200811;75;1968
"Fensterheber";1561;17872;120;6;"VW";"GOLF V (1K1)";75;200401;200811;102;1595
"Fensterheber";1561;17873;1;7;"VW";"PASSAT B5.5 (3B3)";100;200312;200505;136;1968
"Fensterheber";1561;17874;6;7;"VW";"PASSAT B5.5 Variant (3B6)";100;200312;200505;136;1968
"Fensterheber";1561;17875;1;8;"MAZDA";"3 Stufenheck (BK)";80;200406;200906;109;1560
"Fensterheber";1561;17876;1;8;"MAZDA";"3 (BK)";80;200406;200906;109;1560
"Fensterheber";1561;17882;2;0;"MASERATI";"QUATTROPORTE V";295;200403;;400;4244
"Fensterheber";1561;17892;5;10;"CITROËN";"C3 I (FC_, FN_)";65;200312;;88;1360
"Fensterheber";1561;17893;3;3;"AUDI";"A6 C6 (4F2)";130;200405;200810;177;2393
"Fensterheber";1561;17895;5;3;"AUDI";"A6 C6 (4F2)";188;200405;200810;255;3123
"Fensterheber";1561;17896;1;3;"AUDI";"A6 C6 (4F2)";103;200407;200810;140;1968
"Fensterheber";1561;17898;4;3;"AUDI";"A6 C6 (4F2)";165;200405;200605;225;2967
"Fensterheber";1561;17900;94;6;"SEAT";"ALTEA (5P1)";75;200403;;102;1595
"Fensterheber";1561;17901;4;6;"SEAT";"ALTEA (5P1)";110;200405;200903;150;1984
"Fensterheber";1561;17902;41;6;"SEAT";"ALTEA (5P1)";77;200404;;105;1896
"Fensterheber";1561;17903;19;6;"SEAT";"ALTEA (5P1)";103;200403;;140;1968
"Fensterheber";1561;17907;2;10;"FIAT";"STILO (192_)";70;200310;200612;95;1368
"Fensterheber";1561;17908;1;10;"FIAT";"STILO (192_)";103;200401;200611;140;1910
"Fensterheber";1561;17926;4;10;"SEAT";"TOLEDO II (1M2)";132;200009;200407;180;1781
"Fensterheber";1561;17928;6;5;"BMW";"1 (E81)";85;200709;201112;115;1596
"Fensterheber";1561;17931;1;5;"BMW";"1 (E81)";120;200703;201112;163;1995
"Fensterheber";1561;17936;2;0;"OPEL";"VECTRA C CC (Z02)";114;200310;200808;155;2198
"Fensterheber";1561;17937;1;6;"OPEL";"VECTRA C (Z02)";114;200310;200808;155;2198
"Fensterheber";1561;17941;1;0;"OPEL";"VECTRA C CC (Z02)";110;200404;200808;150;1910
"Fensterheber";1561;17945;2;6;"OPEL";"VECTRA C Caravan (Z02)";110;200404;200808;150;1910
"Fensterheber";1561;17961;6;12;"CITROËN";"XSARA PICASSO (N68)";80;200405;201112;109;1560
"Fensterheber";1561;17962;3;5;"DAEWOO";"LACETTI Schrägheck (KLAN)";80;200402;;109;1598
"Fensterheber";1561;17965;20;0;"MERCEDES-BENZ";"CLS (C219)";200;200410;201012;272;3498
"Fensterheber";1561;17968;4;4;"BMW";"5 (E60)";130;200406;201003;177;2497
"Fensterheber";1561;17970;30;6;"SKODA";"OCTAVIA II (1Z3)";77;200406;201012;105;1896
"Fensterheber";1561;17971;7;6;"SKODA";"OCTAVIA II (1Z3)";103;200402;201304;140;1968
"Fensterheber";1561;17973;23;6;"SKODA";"OCTAVIA II (1Z3)";75;200406;201306;102;1595
"Fensterheber";1561;17974;2;6;"SKODA";"OCTAVIA II (1Z3)";85;200402;200810;115;1598
"Fensterheber";1561;17978;11;6;"FIAT";"DOBLO Großraumlimousine (119_, 223_)";77;200307;;105;1910
"Fensterheber";1561;17979;13;4;"FIAT";"DOBLO Kasten/Großraumlimousine (223_)";77;200307;;105;1910
"Fensterheber";1561;17986;11;4;"PEUGEOT";"407 (6D_)";80;200405;201012;109;1560
"Fensterheber";1561;17987;4;4;"PEUGEOT";"407 (6D_)";85;200403;200507;116;1749
"Fensterheber";1561;17988;2;8;"PEUGEOT";"307 (3A/C)";65;200311;200707;88;1360
"Fensterheber";1561;17992;2;6;"PEUGEOT";"307 SW (3H)";80;200311;200712;109;1560
"Fensterheber";1561;17995;1;6;"PEUGEOT";"307 SW (3H)";100;200402;200804;136;1997
"Fensterheber";1561;18000;1;8;"RENAULT";"MASTER II Kasten (FD)";100;200310;200610;136;2953
"Fensterheber";1561;18001;1;8;"RENAULT";"MASTER II Bus (JD)";73;200310;;99;2463
"Fensterheber";1561;18002;1;8;"RENAULT";"MASTER II Bus (JD)";100;200310;;136;2953
"Fensterheber";1561;18003;3;8;"RENAULT";"SCÉNIC II (JM0/1_)";74;200311;200508;101;1461
"Fensterheber";1561;18004;1;2;"SAAB";"9-3 Cabriolet (YS3F)";110;200308;201502;150;1998
"Fensterheber";1561;18005;4;4;"SKODA";"SUPERB I (3U4)";120;200306;200803;163;2496
"Fensterheber";1561;18011;9;4;"VW";"NEW BEETLE Cabriolet (1Y7)";110;200301;201009;150;1781
"Fensterheber";1561;18013;2;4;"PEUGEOT";"407 SW (6E_, 6D_)";116;200405;200507;158;2230
"Fensterheber";1561;18015;6;4;"PEUGEOT";"407 SW (6E_, 6D_)";80;200405;201012;109;1560
"Fensterheber";1561;18016;21;4;"PEUGEOT";"407 SW (6E_, 6D_)";100;200407;201012;136;1997
"Fensterheber";1561;18027;2;4;"HYUNDAI";"GETZ (TB)";63;200309;200509;85;1341
"Fensterheber";1561;18034;4;2;"MITSUBISHI";"COLT VI (Z3_A, Z2_A)";70;200406;201206;95;1332
"Fensterheber";1561;18036;7;2;"MITSUBISHI";"COLT VI (Z3_A, Z2_A)";55;200410;201206;75;1124
"Fensterheber";1561;18040;4;0;"TOYOTA";"COROLLA Verso (ZER_, ZZE12_, R1_)";95;200404;200903;129;1794
"Fensterheber";1561;18042;1;8;"KIA";"PICANTO I (SA)";48;200404;201109;65;1086
"Fensterheber";1561;18044;3;8;"BMW";"X5 (E53)";265;200404;200609;360;4799
"Fensterheber";1561;18048;21;4;"RENAULT";"GRAND SCÉNIC II (JM0/1_)";99;200404;200906;135;1998
"Fensterheber";1561;18063;1;3;"HONDA";"CIVIC VII Hatchback (EU, EP, EV)";118;200109;200509;160;1998
"Fensterheber";1561;18066;44;4;"AUDI";"A3 Sportback (8PA)";75;200409;201303;102;1595
"Fensterheber";1561;18067;33;4;"AUDI";"A3 Sportback (8PA)";77;200409;201005;105;1896
"Fensterheber";1561;18068;25;4;"AUDI";"A3 Sportback (8PA)";85;200409;200709;115;1598
"Fensterheber";1561;18069;15;4;"AUDI";"A3 Sportback (8PA)";110;200409;200806;150;1984
"Fensterheber";1561;18070;5;4;"AUDI";"A3 Sportback (8PA)";184;200409;200905;250;3189
"Fensterheber";1561;18071;38;4;"AUDI";"A3 Sportback (8PA)";103;200409;201303;140;1968
"Fensterheber";1561;18072;2;8;"OPEL";"ASTRA H (A04)";110;200409;201010;150;1910
"Fensterheber";1561;18073;12;8;"OPEL";"ASTRA H Caravan (A04)";66;200408;201010;90;1364
"Fensterheber";1561;18074;4;8;"OPEL";"ASTRA H Caravan (A04)";77;200408;201010;105;1598
"Fensterheber";1561;18075;1;8;"OPEL";"ASTRA H Caravan (A04)";92;200408;201010;125;1796
"Fensterheber";1561;18079;2;8;"OPEL";"ASTRA H Caravan (A04)";74;200408;201010;101;1686
"Fensterheber";1561;18081;3;15;"RENAULT";"MEGANE II (BM0/1_, CM0/1_)";165;200405;200910;224;1998
"Fensterheber";1561;18082;8;4;"AUDI";"A3 Sportback (8PA)";147;200409;201303;200;1984
"Fensterheber";1561;18083;7;4;"AUDI";"A3 Sportback (8PA)";147;200409;201303;200;1984
"Fensterheber";1561;18084;1;2;"BMW";"7 (E65, E66, E67)";170;200303;200807;231;2979
"Fensterheber";1561;18088;1;2;"FORD";"TRANSIT Pritsche/Fahrgestell (FM_ _, FN_ _)";85;200403;200605;115;2402
"Fensterheber";1561;18092;5;6;"FIAT";"PANDA (169_)";51;200410;;70;1248
"Fensterheber";1561;18093;22;6;"FIAT";"PANDA (169_)";44;200410;;60;1242
"Fensterheber";1561;18099;3;8;"MAZDA";"3 (BK)";62;200310;200906;84;1349
"Fensterheber";1561;18101;13;6;"MERCEDES-BENZ";"VITO / MIXTO Kasten (W639)";65;200309;;88;2148
"Fensterheber";1561;18102;2;6;"MERCEDES-BENZ";"VITO Bus (W639)";65;200309;;88;2148
"Fensterheber";1561;18103;1;6;"NISSAN";"INTERSTAR Kasten (X70)";100;200311;;136;2953
"Fensterheber";1561;18105;2;6;"NISSAN";"INTERSTAR Kasten (X70)";73;200311;200603;99;2463
"Fensterheber";1561;18114;31;6;"VW";"GOLF V (1K1)";66;200405;200811;90;1896
"Fensterheber";1561;18142;22;4;"SMART";"FORTWO Coupe (450)";37;200401;200701;50;698
"Fensterheber";1561;18143;65;4;"SMART";"FORTWO Coupe (450)";45;200401;200701;61;698
"Fensterheber";1561;18145;17;4;"SMART";"FORTWO Coupe (450)";30;200401;200701;41;799
"Fensterheber";1561;18146;30;0;"SMART";"FORTWO Cabrio (450)";45;200401;200701;61;698
"Fensterheber";1561;18148;4;0;"SMART";"FORTWO Cabrio (450)";30;200401;200701;41;799
"Fensterheber";1561;18149;1;4;"SKODA";"FABIA I Stufenheck (6Y3)";40;200107;200712;54;1198
"Fensterheber";1561;18177;8;0;"OPEL";"TIGRA TwinTop (X04)";66;200406;201012;90;1364
"Fensterheber";1561;18188;5;6;"VW";"TRANSPORTER T5 Bus (7HB, 7HJ, 7EB, 7EJ)";128;200407;200911;174;2461
"Fensterheber";1561;18191;1;2;"VW";"MULTIVAN T5 (7HM, 7HN, 7HF, 7EF, 7EM, 7EN)";96;200407;200911;130;2461
"Fensterheber";1561;18192;1;2;"VW";"MULTIVAN T5 (7HM, 7HN, 7HF, 7EF, 7EM, 7EN)";128;200407;200911;174;2461
"Fensterheber";1561;18193;1;4;"VW";"TRANSPORTER T5 Pritsche/Fahrgestell (7JD, 7JE, 7JL, 7JY, 7JZ";96;200407;200911;130;2461
"Fensterheber";1561;18207;2;3;"HYUNDAI";"TUCSON (JM)";104;200408;;141;1975
"Fensterheber";1561;18214;4;10;"RENAULT";"LAGUNA II (BG0/1_)";68;200403;200505;92;1870
"Fensterheber";1561;18217;1;10;"RENAULT";"MEGANE II Kombi (KM0/1_)";68;200403;200702;92;1870
"Fensterheber";1561;18218;10;10;"RENAULT";"MEGANE II Kombi (KM0/1_)";74;200402;200603;101;1461
"Fensterheber";1561;18219;4;15;"RENAULT";"MEGANE II Stufenheck (LM0/1_)";74;200402;201012;101;1461
"Fensterheber";1561;18221;2;4;"VOLVO";"V70 II (285)";154;200107;200708;209;2521
"Fensterheber";1561;18225;13;4;"AUDI";"A4 B6 (8E2)";85;200406;200412;116;1896
"Fensterheber";1561;18226;9;4;"AUDI";"A4 B6 Avant (8E5)";85;200406;200412;116;1896
"Fensterheber";1561;18228;33;12;"OPEL";"MERIVA A Großraumlimousine (X03)";66;200407;201005;90;1364
"Fensterheber";1561;18230;3;2;"OPEL";"AGILA (A) (H00)";59;200407;200712;80;1229
"Fensterheber";1561;18232;57;4;"BMW";"X3 (E83)";110;200409;200708;150;1995
"Fensterheber";1561;18242;1;6;"OPEL";"VECTRA C (Z02)";74;200204;200510;100;1598
"Fensterheber";1561;18245;1;8;"OPEL";"ASTRA H Caravan (A04)";88;200408;201010;120;1910
"Fensterheber";1561;18246;21;6;"SKODA";"OCTAVIA II Combi (1Z5)";75;200409;201306;102;1595
"Fensterheber";1561;18247;6;6;"SKODA";"OCTAVIA II Combi (1Z5)";85;200402;200810;115;1598
"Fensterheber";1561;18248;16;6;"SKODA";"OCTAVIA II Combi (1Z5)";77;200409;201012;105;1896
"Fensterheber";1561;18249;26;6;"SKODA";"OCTAVIA II Combi (1Z5)";103;200402;201305;140;1968
"Fensterheber";1561;18250;2;4;"LANCIA";"MUSA (350_)";74;200410;201209;101;1910
"Fensterheber";1561;18251;1;4;"LANCIA";"MUSA (350_)";51;200410;201209;70;1248
"Fensterheber";1561;18258;6;9;"SAAB";"9-3 (YS3F, E79, D79, D75)";110;200409;201502;150;1910
"Fensterheber";1561;18260;8;8;"MERCEDES-BENZ";"A-CLASS (W169)";85;200409;201206;116;1699
"Fensterheber";1561;18261;22;8;"MERCEDES-BENZ";"A-CLASS (W169)";70;200409;201206;95;1498
"Fensterheber";1561;18262;3;8;"MERCEDES-BENZ";"A-CLASS (W169)";100;200409;201206;136;2034
"Fensterheber";1561;18263;1;8;"MERCEDES-BENZ";"A-CLASS (W169)";60;200409;201206;82;1991
"Fensterheber";1561;18264;3;8;"MERCEDES-BENZ";"A-CLASS (W169)";80;200409;201206;109;1991
"Fensterheber";1561;18265;1;8;"MERCEDES-BENZ";"A-CLASS (W169)";103;200409;201206;140;1991
"Fensterheber";1561;18267;6;8;"CHRYSLER";"VOYAGER IV (RG, RS)";110;200406;200812;150;2777
"Fensterheber";1561;18271;2;7;"FORD";"MONDEO III Turnier (BWY)";114;200409;200703;155;2198
"Fensterheber";1561;18294;1;4;"OPEL";"ASTRA H GTC (A04)";147;200503;201010;200;1998
"Fensterheber";1561;18295;5;4;"OPEL";"ASTRA H GTC (A04)";66;200503;201010;90;1364
"Fensterheber";1561;18296;1;4;"OPEL";"ASTRA H GTC (A04)";77;200503;201010;105;1598
"Fensterheber";1561;18297;2;4;"OPEL";"ASTRA H GTC (A04)";92;200503;201010;125;1796
"Fensterheber";1561;18299;2;4;"OPEL";"ASTRA H GTC (A04)";74;200503;201010;101;1686
"Fensterheber";1561;18302;4;4;"FORD";"FOCUS II (DA_, HCP, DP)";74;200407;201209;100;1596
"Fensterheber";1561;18303;1;4;"FORD";"FOCUS II (DA_, HCP, DP)";85;200407;201209;115;1596
"Fensterheber";1561;18305;1;4;"FORD";"FOCUS II (DA_, HCP, DP)";59;200407;201209;80;1388
"Fensterheber";1561;18307;5;6;"MINI";"MINI (R50, R53)";125;200407;200609;170;1598
"Fensterheber";1561;18308;2;4;"BMW";"5 (E60)";200;200409;201003;272;2993
"Fensterheber";1561;18310;1;2;"PEUGEOT";"EXPERT Kasten (222)";51;199812;200612;69;1868
"Fensterheber";1561;18311;96;10;"RENAULT";"MODUS / GRAND MODUS (F/JP0_)";55;200412;;75;1149
"Fensterheber";1561;18312;25;10;"RENAULT";"MODUS / GRAND MODUS (F/JP0_)";65;200412;;88;1598
"Fensterheber";1561;18313;22;10;"RENAULT";"MODUS / GRAND MODUS (F/JP0_)";82;200412;;112;1598
"Fensterheber";1561;18314;1;10;"RENAULT";"MODUS / GRAND MODUS (F/JP0_)";50;200412;;68;1461
"Fensterheber";1561;18315;6;10;"RENAULT";"MODUS / GRAND MODUS (F/JP0_)";63;200412;;86;1461
"Fensterheber";1561;18326;2;4;"LANCIA";"MUSA (350_)";70;200410;201209;95;1368
"Fensterheber";1561;18329;2;10;"FORD";"FIESTA V (JH_, JD_)";66;200411;200806;90;1560
"Fensterheber";1561;18330;2;2;"FORD";"FUSION (JU_)";66;200411;201212;90;1560
"Fensterheber";1561;18332;9;6;"CITROËN";"C4 I (LC_)";65;200411;201107;88;1360
"Fensterheber";1561;18333;2;6;"CITROËN";"C4 I (LC_)";80;200411;201107;109;1587
"Fensterheber";1561;18336;5;6;"CITROËN";"C4 I (LC_)";66;200411;201107;90;1560
"Fensterheber";1561;18337;2;6;"CITROËN";"C4 I (LC_)";80;200411;201107;109;1560
"Fensterheber";1561;18344;1;2;"CITROËN";"C4 Coupe (LA_)";80;200411;201107;109;1560
"Fensterheber";1561;18358;3;4;"AUDI";"A3 (8P1)";147;200409;201208;200;1984
"Fensterheber";1561;18360;2;4;"AUDI";"A3 (8P1)";103;200408;201208;140;1968
"Fensterheber";1561;18371;3;4;"AUDI";"A4 B7 (8EC)";147;200411;200806;200;1984
"Fensterheber";1561;18372;1;4;"AUDI";"A4 B7 (8EC)";147;200411;200806;200;1984
"Fensterheber";1561;18373;1;4;"AUDI";"A4 B7 (8EC)";188;200501;200806;255;3123
"Fensterheber";1561;18374;1;4;"AUDI";"A4 B7 (8EC)";188;200501;200806;255;3123
"Fensterheber";1561;18375;3;4;"AUDI";"A4 B7 (8EC)";100;200411;200806;136;1968
"Fensterheber";1561;18376;11;4;"AUDI";"A4 B7 (8EC)";103;200411;200806;140;1968
"Fensterheber";1561;18377;2;4;"AUDI";"A4 B7 (8EC)";150;200411;200806;204;2967
"Fensterheber";1561;18380;5;6;"SEAT";"TOLEDO III (5P2)";75;200410;200905;102;1595
"Fensterheber";1561;18382;5;6;"SEAT";"TOLEDO III (5P2)";77;200410;200905;105;1896
"Fensterheber";1561;18383;1;6;"SEAT";"TOLEDO III (5P2)";103;200404;200905;140;1968
"Fensterheber";1561;18384;2;6;"VW";"GOLF V (1K1)";77;200408;200811;105;1896
"Fensterheber";1561;18385;1;6;"VW";"GOLF V (1K1)";103;200408;200811;140;1968
"Fensterheber";1561;18386;3;6;"VW";"GOLF V (1K1)";110;200408;200811;150;1984
"Fensterheber";1561;18387;17;6;"VW";"GOLF V (1K1)";147;200410;200902;200;1984
"Fensterheber";1561;18388;24;4;"VW";"GOLF PLUS V (5M1, 521)";55;200501;200611;75;1390
"Fensterheber";1561;18389;1;6;"DACIA";"LOGAN (LS_)";55;200409;;75;1390
"Fensterheber";1561;18390;2;6;"DACIA";"LOGAN (LS_)";64;200409;;87;1598
"Fensterheber";1561;18391;21;4;"VW";"GOLF PLUS V (5M1, 521)";85;200412;200805;115;1598
"Fensterheber";1561;18392;26;4;"VW";"GOLF PLUS V (5M1, 521)";77;200501;200901;105;1896
"Fensterheber";1561;18393;7;4;"VW";"GOLF PLUS V (5M1, 521)";103;200501;201312;140;1968
"Fensterheber";1561;18396;10;4;"AUDI";"A4 B7 (8EC)";120;200411;200806;163;1781
"Fensterheber";1561;18397;2;4;"AUDI";"A4 B7 (8EC)";120;200411;200806;163;1781
"Fensterheber";1561;18398;33;4;"AUDI";"A4 B7 (8EC)";96;200411;200806;130;1984
"Fensterheber";1561;18399;14;4;"AUDI";"A4 B7 (8EC)";75;200411;200806;102;1595
"Fensterheber";1561;18400;17;4;"AUDI";"A4 B7 (8EC)";85;200411;200806;116;1896
"Fensterheber";1561;18402;2;4;"AUDI";"A4 B7 (8EC)";120;200411;200605;163;2496
"Fensterheber";1561;18403;4;4;"AUDI";"A4 B7 Avant (8ED)";75;200411;200806;102;1595
"Fensterheber";1561;18404;27;4;"AUDI";"A4 B7 Avant (8ED)";96;200411;200806;130;1984
"Fensterheber";1561;18405;16;4;"AUDI";"A4 B7 Avant (8ED)";120;200411;200806;163;1781
"Fensterheber";1561;18406;1;4;"AUDI";"A4 B7 Avant (8ED)";120;200411;200806;163;1781
"Fensterheber";1561;18407;5;4;"AUDI";"A4 B7 Avant (8ED)";147;200411;200806;200;1984
"Fensterheber";1561;18408;1;4;"AUDI";"A4 B7 Avant (8ED)";147;200411;200806;200;1984
"Fensterheber";1561;18411;15;4;"AUDI";"A4 B7 Avant (8ED)";85;200411;200806;116;1896
"Fensterheber";1561;18412;17;4;"AUDI";"A4 B7 Avant (8ED)";103;200411;200806;140;1968
"Fensterheber";1561;18413;1;4;"AUDI";"A4 B7 Avant (8ED)";120;200411;200605;163;2496
"Fensterheber";1561;18414;4;4;"AUDI";"A4 B7 Avant (8ED)";150;200411;200806;204;2967
"Fensterheber";1561;18415;4;3;"AUDI";"A6 C6 (4F2)";132;200411;200810;180;2698
"Fensterheber";1561;18417;3;3;"AUDI";"A6 C6 (4F2)";130;200501;200810;177;2393
"Fensterheber";1561;18418;1;3;"AUDI";"A6 C6 Avant (4F5)";103;200506;200810;140;1968
"Fensterheber";1561;18420;1;3;"AUDI";"A6 C6 Avant (4F5)";165;200503;200605;225;2967
"Fensterheber";1561;18421;1;3;"AUDI";"A6 C6 Avant (4F5)";188;200503;200810;255;3123
"Fensterheber";1561;18424;3;3;"AUDI";"A6 C6 Avant (4F5)";130;200503;200810;177;2393
"Fensterheber";1561;18427;1;4;"VW";"TOUAREG (7LA, 7L6, 7L7)";177;200411;200611;241;3189
"Fensterheber";1561;18428;19;4;"VW";"TOUAREG (7LA, 7L6, 7L7)";165;200411;201005;225;2967
"Fensterheber";1561;18438;4;7;"RENAULT";"MEGANE II Coupé-Cabriolet (EM0/1_)";120;200405;200903;163;1998
"Fensterheber";1561;18442;6;9;"SAAB";"9-3 (YS3F, E79, D79, D75)";90;200401;201502;122;1796
"Fensterheber";1561;18449;45;6;"BMW";"3 (E90)";110;200412;200708;150;1995
"Fensterheber";1561;18450;32;6;"BMW";"3 (E90)";160;200412;201112;218;2497
"Fensterheber";1561;18451;5;6;"BMW";"3 (E90)";190;200412;201110;258;2996
"Fensterheber";1561;18452;42;6;"BMW";"3 (E90)";120;200412;201110;163;1995
"Fensterheber";1561;18465;3;8;"BMW";"3 (E46)";85;200303;200502;116;1995
"Fensterheber";1561;18479;5;6;"SKODA";"OCTAVIA II Combi (1Z5)";110;200411;200810;150;1984
"Fensterheber";1561;18481;4;6;"SKODA";"OCTAVIA II Combi (1Z5)";77;200411;201012;105;1896
"Fensterheber";1561;18484;5;4;"VW";"CADDY II Großraumlimousine (9K9B)";44;199511;200306;60;1390
"Fensterheber";1561;18490;4;4;"VW";"CADDY II Großraumlimousine (9K9B)";47;199511;200401;64;1896
"Fensterheber";1561;18491;1;4;"VW";"CADDY II Großraumlimousine (9K9B)";66;199610;200401;90;1896
"Fensterheber";1561;18496;1;4;"CITROËN";"SAXO (S0, S1)";72;200009;200309;98;1587
"Fensterheber";1561;18498;1;6;"PEUGEOT";"PARTNER Kasten/Großraumlimousine (5_, G_)";66;200404;200508;90;1997
"Fensterheber";1561;18499;9;8;"FORD";"FIESTA V (JH_, JD_)";110;200503;200806;150;1999
"Fensterheber";1561;18500;1;2;"FORD";"FOCUS C-MAX (DM2)";85;200408;200703;115;1596
"Fensterheber";1561;18507;4;4;"MERCEDES-BENZ";"B-CLASS Sports Tourer (W245)";80;200503;201111;109;1991
"Fensterheber";1561;18510;4;4;"MERCEDES-BENZ";"B-CLASS Sports Tourer (W245)";85;200503;201111;116;1699
"Fensterheber";1561;18511;4;4;"MERCEDES-BENZ";"B-CLASS Sports Tourer (W245)";100;200503;201111;136;2034
"Fensterheber";1561;18512;1;4;"MERCEDES-BENZ";"B-CLASS Sports Tourer (W245)";142;200503;201111;193;2034
"Fensterheber";1561;18514;3;4;"FORD";"FOCUS II Turnier (DA_, FFS, DS)";74;200407;201107;100;1596
"Fensterheber";1561;18516;2;4;"FORD";"FOCUS II Turnier (DA_, FFS, DS)";107;200407;201209;145;1999
"Fensterheber";1561;18517;1;4;"FORD";"FOCUS II Turnier (DA_, FFS, DS)";80;200407;201209;109;1560
"Fensterheber";1561;18520;11;4;"VW";"PASSAT B6 (3C2)";85;200503;200806;115;1598
"Fensterheber";1561;18521;6;4;"VW";"PASSAT B6 (3C2)";110;200503;201007;150;1984
"Fensterheber";1561;18522;7;4;"VW";"PASSAT B6 (3C2)";77;200503;201007;105;1896
"Fensterheber";1561;18523;3;4;"VW";"PASSAT B6 (3C2)";103;200503;201007;140;1968
"Fensterheber";1561;18528;11;4;"CHEVROLET";"MATIZ (M200, M250)";38;200503;201312;52;796
"Fensterheber";1561;18537;1;5;"CHEVROLET";"LACETTI (J200)";80;200503;;109;1598
"Fensterheber";1561;18539;1;5;"CHEVROLET";"NUBIRA Stufenheck";80;200503;201112;109;1598
"Fensterheber";1561;18541;1;2;"MAZDA";"5 (CR19)";85;200502;201005;116;1798
"Fensterheber";1561;18543;2;2;"MAZDA";"5 (CR19)";107;200502;201005;146;1999
"Fensterheber";1561;18550;28;4;"PEUGEOT";"307 CC (3B)";80;200303;200904;110;1587
"Fensterheber";1561;18555;3;10;"RENAULT";"MODUS / GRAND MODUS (F/JP0_)";72;200412;;98;1390
"Fensterheber";1561;18557;1;3;"OPEL";"COMBO Tour";66;200410;201112;90;1364
"Fensterheber";1561;18560;1;5;"BMW";"1 (E81)";195;200609;201112;265;2996
"Fensterheber";1561;18566;1;6;"SAAB";"9-3 Kombi (E50)";110;200503;201502;150;1998
"Fensterheber";1561;18569;1;6;"SAAB";"9-3 Kombi (E50)";88;200503;201502;120;1910
"Fensterheber";1561;18579;2;10;"RENAULT";"LAGUNA II (BG0/1_)";81;200501;200708;110;1870
"Fensterheber";1561;18580;1;6;"SEAT";"IBIZA II (6K1)";55;199409;199906;75;1595
"Fensterheber";1561;18581;1;10;"RENAULT";"LAGUNA II Grandtour (KG0/1_)";125;200501;200709;170;1998
"Fensterheber";1561;18583;1;10;"RENAULT";"LAGUNA II Grandtour (KG0/1_)";81;200501;200712;110;1870
"Fensterheber";1561;18584;14;4;"CITROËN";"C1 (PM_, PN_)";50;200506;201409;68;998
"Fensterheber";1561;18586;27;4;"PEUGEOT";"107 (PM_, PN_)";50;200506;201405;68;998
"Fensterheber";1561;18587;1;4;"PEUGEOT";"107 (PM_, PN_)";40;200506;201405;54;1398
"Fensterheber";1561;18590;4;4;"MERCEDES-BENZ";"B-CLASS Sports Tourer (W245)";70;200503;201111;95;1498
"Fensterheber";1561;18594;1;4;"MERCEDES-BENZ";"M-CLASS (W164)";165;200507;200907;224;2987
"Fensterheber";1561;18599;8;9;"VW";"POLO (9N_, 9A_)";59;200504;200911;80;1422
"Fensterheber";1561;18605;26;9;"VW";"POLO (9N_, 9A_)";51;200504;200911;70;1422
"Fensterheber";1561;18608;372;4;"VW";"FOX Schrägheck (5Z1, 5Z3, 5Z4)";40;200504;201107;55;1198
"Fensterheber";1561;18609;47;4;"VW";"FOX Schrägheck (5Z1, 5Z3, 5Z4)";55;200504;200912;75;1390
"Fensterheber";1561;18610;9;4;"VW";"FOX Schrägheck (5Z1, 5Z3, 5Z4)";51;200504;200912;70;1422
"Fensterheber";1561;18614;1;6;"CITROËN";"BERLINGO / BERLINGO FIRST Großraumlimousine (MF_, GJK_, GFK_";48;200211;201112;65;1360
"Fensterheber";1561;18626;1;0;"VW";"PASSAT B2 Variant (33B)";44;198008;198607;60;1297
"Fensterheber";1561;18641;34;4;"PEUGEOT";"307 CC (3B)";103;200412;200904;140;1997
"Fensterheber";1561;18643;4;10;"RENAULT";"LAGUNA II (BG0/1_)";96;200505;200708;130;1870
"Fensterheber";1561;18646;10;10;"RENAULT";"LAGUNA II Grandtour (KG0/1_)";96;200505;200712;130;1870
"Fensterheber";1561;18665;5;4;"VW";"JETTA III (1K2)";75;200409;201010;102;1595
"Fensterheber";1561;18666;3;4;"VW";"JETTA III (1K2)";85;200509;201010;115;1598
"Fensterheber";1561;18667;2;4;"VW";"JETTA III (1K2)";110;200508;201010;150;1984
"Fensterheber";1561;18668;1;4;"VW";"JETTA III (1K2)";77;200508;201010;105;1896
"Fensterheber";1561;18675;11;3;"AUDI";"A6 C6 Avant (4F5)";132;200503;200810;180;2698
"Fensterheber";1561;18676;3;3;"AUDI";"A6 C6 Avant (4F5)";132;200411;200810;180;2698
"Fensterheber";1561;18677;5;3;"AUDI";"A6 C6 (4F2)";132;200411;200810;180;2698
"Fensterheber";1561;18678;1;4;"AUDI";"A4 B6 Cabriolet (8H7)";96;200409;200512;130;1984
"Fensterheber";1561;18679;39;6;"RENAULT";"ESPACE IV (JK0/1_)";125;200504;;170;1998
"Fensterheber";1561;18680;12;10;"RENAULT";"MODUS / GRAND MODUS (F/JP0_)";48;200505;;65;1149
"Fensterheber";1561;18681;6;10;"RENAULT";"LAGUNA II (BG0/1_)";82;200502;200708;112;1598
"Fensterheber";1561;18682;1;10;"RENAULT";"LAGUNA II Grandtour (KG0/1_)";82;200502;200708;112;1598
"Fensterheber";1561;18691;1;6;"OPEL";"ZAFIRA / ZAFIRA FAMILY B (A05)";88;200507;201504;120;1910
"Fensterheber";1561;18692;1;2;"FORD";"FUSION (JU_)";55;200408;201212;75;1242
"Fensterheber";1561;18693;10;10;"HYUNDAI";"ACCENT II Stufenheck (LC)";55;200001;200511;75;1341
"Fensterheber";1561;18694;9;10;"HYUNDAI";"ACCENT II Stufenheck (LC)";63;200001;200511;86;1341
"Fensterheber";1561;18700;6;4;"VW";"TOURAN (1T1, 1T2)";66;200411;201005;90;1896
"Fensterheber";1561;18710;5;4;"AUDI";"A3 Sportback (8PA)";103;200511;201303;140;1968
"Fensterheber";1561;18726;8;4;"VW";"PASSAT B6 Variant (3C5)";85;200508;200806;115;1598
"Fensterheber";1561;18727;10;4;"VW";"PASSAT B6 Variant (3C5)";110;200508;201011;150;1984
"Fensterheber";1561;18728;5;4;"VW";"PASSAT B6 Variant (3C5)";77;200508;201011;105;1896
"Fensterheber";1561;18729;16;4;"VW";"PASSAT B6 Variant (3C5)";103;200508;201011;140;1968
"Fensterheber";1561;18730;4;4;"VW";"PASSAT B6 Variant (3C5)";75;200508;201011;102;1595
"Fensterheber";1561;18732;6;4;"VW";"PASSAT B6 Variant (3C5)";100;200508;201011;136;1968
"Fensterheber";1561;18733;1;10;"TOYOTA";"COROLLA Kombi (_E12_)";66;200406;200710;90;1364
"Fensterheber";1561;18734;2;10;"TOYOTA";"COROLLA (_E12_)";66;200407;200702;90;1364
"Fensterheber";1561;18735;1;10;"TOYOTA";"COROLLA Stufenheck (_E12_)";66;200406;200610;90;1364
"Fensterheber";1561;18758;12;6;"BMW";"3 Touring (E91)";110;200509;201206;150;1995
"Fensterheber";1561;18759;20;6;"BMW";"3 Touring (E91)";160;200412;200808;218;2497
"Fensterheber";1561;18760;3;6;"BMW";"3 Touring (E91)";190;200508;200708;258;2996
"Fensterheber";1561;18761;58;6;"BMW";"3 Touring (E91)";120;200506;201206;163;1995
"Fensterheber";1561;18765;2;6;"SEAT";"ALTEA (5P1)";100;200403;200905;136;1968
"Fensterheber";1561;18766;2;4;"SEAT";"LEON (1P1)";75;200507;201212;102;1595
"Fensterheber";1561;18769;2;4;"SEAT";"LEON (1P1)";77;200507;201012;105;1896
"Fensterheber";1561;18777;5;4;"PEUGEOT";"307 CC (3B)";100;200506;200904;136;1997
"Fensterheber";1561;18779;1;8;"RENAULT";"SCÉNIC II (JM0/1_)";63;200505;200811;86;1461
"Fensterheber";1561;18780;4;8;"RENAULT";"SCÉNIC II (JM0/1_)";78;200505;200811;106;1461
"Fensterheber";1561;18781;7;8;"RENAULT";"SCÉNIC II (JM0/1_)";96;200505;200811;131;1870
"Fensterheber";1561;18783;4;7;"RENAULT";"MEGANE II Coupé-Cabriolet (EM0/1_)";96;200505;200702;131;1870
"Fensterheber";1561;18784;8;15;"RENAULT";"MEGANE II Stufenheck (LM0/1_)";63;200505;201012;86;1461
"Fensterheber";1561;18785;9;15;"RENAULT";"MEGANE II Stufenheck (LM0/1_)";78;200505;201012;106;1461
"Fensterheber";1561;18786;1;15;"RENAULT";"MEGANE II Stufenheck (LM0/1_)";96;200505;;131;1870
"Fensterheber";1561;18787;10;10;"RENAULT";"MEGANE II Kombi (KM0/1_)";96;200505;200907;131;1870
"Fensterheber";1561;18788;31;10;"RENAULT";"MEGANE II Kombi (KM0/1_)";78;200505;200806;106;1461
"Fensterheber";1561;18789;7;10;"RENAULT";"MEGANE II Kombi (KM0/1_)";63;200505;200907;86;1461
"Fensterheber";1561;18790;8;15;"RENAULT";"MEGANE II (BM0/1_, CM0/1_)";63;200505;200802;86;1461
"Fensterheber";1561;18791;16;15;"RENAULT";"MEGANE II (BM0/1_, CM0/1_)";78;200505;200806;106;1461
"Fensterheber";1561;18792;1;15;"RENAULT";"MEGANE II (BM0/1_, CM0/1_)";96;200505;200912;131;1870
"Fensterheber";1561;18793;6;8;"JEEP";"CHEROKEE (KJ)";120;200411;200801;163;2776
"Fensterheber";1561;18813;27;4;"TOYOTA";"AYGO (_B1_)";50;200507;201405;68;998
"Fensterheber";1561;18822;5;8;"BMW";"3 (E46)";85;200206;200502;115;1596
"Fensterheber";1561;18827;1;6;"MAZDA";"6 Hatchback (GG)";105;200506;200708;143;1998
"Fensterheber";1561;18835;8;6;"PEUGEOT";"PARTNER Kasten/Großraumlimousine (5_, G_)";51;199606;201512;69;1868
"Fensterheber";1561;18859;1;4;"CHEVROLET";"MATIZ (M200, M250)";49;200503;;67;995
"Fensterheber";1561;18879;1;4;"TOYOTA";"AVENSIS Stufenheck (_T25_)";81;200304;200811;110;1598
"Fensterheber";1561;18886;6;6;"OPEL";"ZAFIRA / ZAFIRA FAMILY B (A05)";103;200507;201504;140;1796
"Fensterheber";1561;18897;205;14;"FIAT";"GRANDE PUNTO (199_)";48;200510;;65;1242
"Fensterheber";1561;18898;271;14;"FIAT";"GRANDE PUNTO (199_)";57;200506;201512;77;1368
"Fensterheber";1561;18899;35;14;"FIAT";"GRANDE PUNTO (199_)";55;200510;;75;1248
"Fensterheber";1561;18900;15;14;"FIAT";"GRANDE PUNTO (199_)";66;200510;201012;90;1248
"Fensterheber";1561;18901;3;14;"FIAT";"GRANDE PUNTO (199_)";88;200510;;120;1910
"Fensterheber";1561;18902;7;14;"FIAT";"GRANDE PUNTO (199_)";96;200510;;130;1910
"Fensterheber";1561;18903;1;4;"FIAT";"CROMA (194_)";88;200506;201112;120;1910
"Fensterheber";1561;18904;1;4;"FIAT";"CROMA (194_)";110;200506;201112;150;1910
"Fensterheber";1561;18906;1;10;"FIAT";"STILO (192_)";66;200503;200611;90;1368
"Fensterheber";1561;18911;1;7;"FIAT";"STILO Multi Wagon (192_)";88;200509;200808;120;1910
"Fensterheber";1561;18919;2;6;"VW";"GOLF V (1K1)";125;200511;200811;170;1968
"Fensterheber";1561;18920;7;6;"VW";"GOLF V (1K1)";125;200511;200811;170;1390
"Fensterheber";1561;18923;4;4;"VW";"GOLF PLUS V (5M1, 521)";66;200505;200812;90;1896
"Fensterheber";1561;18924;40;4;"VW";"GOLF PLUS V (5M1, 521)";75;200505;201312;102;1595
"Fensterheber";1561;18926;4;8;"ALFA ROMEO";"159 (939_)";118;200509;201111;160;1859
"Fensterheber";1561;18927;7;8;"ALFA ROMEO";"159 (939_)";136;200509;201111;185;2198
"Fensterheber";1561;18928;1;8;"ALFA ROMEO";"159 (939_)";191;200512;201111;260;3195
"Fensterheber";1561;18929;6;8;"ALFA ROMEO";"159 (939_)";88;200509;201111;120;1910
"Fensterheber";1561;18930;14;8;"ALFA ROMEO";"159 (939_)";110;200509;201111;150;1910
"Fensterheber";1561;18931;1;8;"ALFA ROMEO";"159 (939_)";147;200509;201111;200;2387
"Fensterheber";1561;18932;1;4;"ALFA ROMEO";"147 (937_)";88;200507;201003;120;1910
"Fensterheber";1561;18933;2;4;"ALFA ROMEO";"147 (937_)";110;200409;201003;150;1910
"Fensterheber";1561;18934;1;4;"FORD";"FOCUS II (DA_, HCP, DP)";66;200501;201209;90;1560
"Fensterheber";1561;18935;1;4;"FORD";"FOCUS II (DA_, HCP, DP)";85;200501;201209;115;1753
"Fensterheber";1561;18938;2;4;"AUDI";"A4 B7 (8EC)";162;200506;200806;220;1984
"Fensterheber";1561;18940;1;3;"AUDI";"A6 C6 (4F2)";125;200506;201103;170;1984
"Fensterheber";1561;18941;6;3;"AUDI";"A6 C6 Avant (4F5)";125;200506;201108;170;1984
"Fensterheber";1561;18952;1;4;"FORD";"FOCUS II Stufenheck (DB_, FCH, DH)";59;200504;201209;80;1388
"Fensterheber";1561;18954;1;4;"FORD";"FOCUS II Stufenheck (DB_, FCH, DH)";85;200504;201209;115;1596
"Fensterheber";1561;18960;1;4;"MERCEDES-BENZ";"S-CLASS (W221)";200;200510;201312;272;3498
"Fensterheber";1561;18962;22;0;"MERCEDES-BENZ";"CLS (C219)";165;200501;201012;224;2987
"Fensterheber";1561;18966;60;6;"BMW";"3 (E90)";95;200509;200708;129;1995
"Fensterheber";1561;18967;29;6;"BMW";"3 (E90)";90;200503;200708;122;1995
"Fensterheber";1561;18968;4;6;"BMW";"3 (E90)";170;200509;200809;231;2993
"Fensterheber";1561;18969;5;6;"BMW";"3 Touring (E91)";170;200412;200808;231;2993
"Fensterheber";1561;18971;12;0;"VW";"EOS (1F7, 1F8)";85;200606;200805;115;1598
"Fensterheber";1561;18974;21;0;"VW";"EOS (1F7, 1F8)";110;200603;200805;150;1984
"Fensterheber";1561;18976;4;0;"VW";"EOS (1F7, 1F8)";147;200603;201508;200;1984
"Fensterheber";1561;18983;2;0;"MITSUBISHI";"OUTLANDER I (CU_W)";100;200305;200610;136;1997
"Fensterheber";1561;18986;3;2;"BMW";"7 (E65, E66, E67)";170;200507;200808;231;2993
"Fensterheber";1561;18989;15;0;"VW";"EOS (1F7, 1F8)";103;200606;200805;140;1968
"Fensterheber";1561;18994;2;4;"PEUGEOT";"407 SW (6E_, 6D_)";92;200508;201012;125;1749
"Fensterheber";1561;18998;2;4;"PEUGEOT";"407 (6D_)";92;200508;201012;125;1749
"Fensterheber";1561;19000;1;4;"PEUGEOT";"407 (6D_)";103;200509;201012;140;1997
"Fensterheber";1561;19001;1;4;"PEUGEOT";"407 (6D_)";120;200508;201012;163;2230
"Fensterheber";1561;19008;4;12;"CITROËN";"XSARA PICASSO (N68)";80;200509;201112;109;1587
"Fensterheber";1561;19010;12;12;"CITROËN";"XSARA PICASSO (N68)";66;200509;201112;90;1560
"Fensterheber";1561;19015;2;4;"BMW";"5 Touring (E61)";130;200410;200702;177;2497
"Fensterheber";1561;19016;3;4;"AUDI";"Q7 (4LB)";171;200603;200805;233;2967
"Fensterheber";1561;19021;1;4;"BMW";"5 (E60)";270;200509;200912;367;4799
"Fensterheber";1561;19023;4;4;"BMW";"5 (E60)";120;200509;200912;163;1995
"Fensterheber";1561;19024;1;4;"BMW";"5 (E60)";170;200509;200703;231;2993
"Fensterheber";1561;19025;1;4;"BMW";"5 Touring (E61)";170;200502;200702;231;2993
"Fensterheber";1561;19026;8;6;"CITROËN";"BERLINGO / BERLINGO FIRST Großraumlimousine (MF_, GJK_, GFK_";55;200507;201112;75;1560
"Fensterheber";1561;19027;9;6;"CITROËN";"BERLINGO / BERLINGO FIRST Großraumlimousine (MF_, GJK_, GFK_";66;200507;200805;90;1560
"Fensterheber";1561;19033;5;4;"BMW";"X3 (E83)";110;200507;200808;150;1995
"Fensterheber";1561;19035;1;2;"RENAULT";"KANGOO (KC0/1_)";62;200506;;84;1461
"Fensterheber";1561;19037;14;4;"BMW";"X3 (E83)";160;200509;200808;218;2993
"Fensterheber";1561;19039;4;4;"RENAULT";"GRAND SCÉNIC II (JM0/1_)";96;200404;200802;131;1870
"Fensterheber";1561;19040;2;15;"RENAULT";"MEGANE II (BM0/1_, CM0/1_)";81;200505;200802;110;1870
"Fensterheber";1561;19042;7;10;"RENAULT";"MEGANE II Kombi (KM0/1_)";81;200505;200907;110;1870
"Fensterheber";1561;19043;1;10;"RENAULT";"LAGUNA II (BG0/1_)";110;200508;200608;150;1995
"Fensterheber";1561;19044;5;10;"RENAULT";"LAGUNA II Grandtour (KG0/1_)";110;200508;200608;150;1995
"Fensterheber";1561;19045;87;16;"RENAULT";"CLIO III (BR0/1, CR0/1)";55;200506;201412;75;1149
"Fensterheber";1561;19046;2;16;"RENAULT";"CLIO III (BR0/1, CR0/1)";58;200506;201412;78;1149
"Fensterheber";1561;19048;7;16;"RENAULT";"CLIO III (BR0/1, CR0/1)";65;200506;200710;88;1598
"Fensterheber";1561;19049;22;16;"RENAULT";"CLIO III (BR0/1, CR0/1)";82;200506;201412;112;1598
"Fensterheber";1561;19050;7;16;"RENAULT";"CLIO III (BR0/1, CR0/1)";72;200506;201212;98;1390
"Fensterheber";1561;19051;5;16;"RENAULT";"CLIO III (BR0/1, CR0/1)";50;200506;201212;68;1461
"Fensterheber";1561;19052;12;16;"RENAULT";"CLIO III (BR0/1, CR0/1)";63;200506;201212;86;1461
"Fensterheber";1561;19053;2;16;"RENAULT";"CLIO III (BR0/1, CR0/1)";78;200506;201412;106;1461
"Fensterheber";1561;19068;1;0;"TOYOTA";"COROLLA Verso (ZER_, ZZE12_, R1_)";130;200510;200903;177;2231
"Fensterheber";1561;19093;1;4;"SUZUKI";"SWIFT III (MZ, EZ)";75;200502;;102;1490
"Fensterheber";1561;19094;4;4;"SUZUKI";"SWIFT III (MZ, EZ)";68;200502;;92;1328
"Fensterheber";1561;19100;2;4;"BMW";"5 Touring (E61)";190;200504;200702;258;2996
"Fensterheber";1561;19101;7;6;"BMW";"3 (E90)";160;200509;200808;218;2497
"Fensterheber";1561;19102;4;6;"BMW";"3 (E90)";190;200509;200708;258;2996
"Fensterheber";1561;19103;1;6;"BMW";"3 (E90)";170;200509;200808;231;2993
"Fensterheber";1561;19104;2;6;"BMW";"3 Touring (E91)";160;200508;200808;218;2497
"Fensterheber";1561;19105;3;6;"BMW";"3 Touring (E91)";190;200509;200708;258;2996
"Fensterheber";1561;19106;5;6;"BMW";"3 Touring (E91)";170;200509;201206;231;2993
"Fensterheber";1561;19108;1;6;"MAZDA";"6 Stufenheck (GG)";108;200503;200708;147;1999
"Fensterheber";1561;19109;1;6;"MAZDA";"6 Station Wagon (GY)";108;200503;200708;147;1999
"Fensterheber";1561;19115;1;8;"OPEL";"ASTRA H Caravan (A04)";66;200508;201010;90;1248
"Fensterheber";1561;19118;1;8;"OPEL";"ASTRA H Caravan (A04)";88;200509;201010;120;1910
"Fensterheber";1561;19146;4;3;"OPEL";"COMBO Kasten/Großraumlimousine";66;200508;;90;1364
"Fensterheber";1561;19147;1;3;"OPEL";"COMBO Kasten/Großraumlimousine";51;200508;;69;1248
"Fensterheber";1561;19156;3;2;"SUBARU";"FORESTER (SG_)";116;200506;200805;158;1994
"Fensterheber";1561;19157;4;2;"SUBARU";"FORESTER (SG_)";169;200506;200805;230;2457
"Fensterheber";1561;19171;1;4;"AUDI";"A4 B7 Cabriolet (8HE)";103;200601;200903;140;1968
"Fensterheber";1561;19172;1;4;"AUDI";"A4 B7 Cabriolet (8HE)";171;200601;200903;233;2967
"Fensterheber";1561;19174;6;4;"NISSAN";"NOTE (E11, NE11)";65;200603;201206;88;1386
"Fensterheber";1561;19175;2;4;"NISSAN";"NOTE (E11, NE11)";81;200603;201206;110;1598
"Fensterheber";1561;19178;6;6;"RENAULT";"CLIO II Kasten/Schrägheck (SB0/1/2_)";48;200106;;65;1461
"Fensterheber";1561;19200;6;4;"VW";"PASSAT B6 Variant (3C5)";125;200508;201011;170;1968
"Fensterheber";1561;19216;1;4;"VW";"PASSAT B6 (3C2)";75;200505;201007;102;1595
"Fensterheber";1561;19218;2;2;"RENAULT";"KANGOO Express (FC0/1_)";62;200506;;84;1461
"Fensterheber";1561;19219;2;8;"SEAT";"IBIZA III (6L1)";51;200505;200911;70;1422
"Fensterheber";1561;19220;3;8;"SEAT";"IBIZA III (6L1)";59;200506;200911;80;1422
"Fensterheber";1561;19223;3;4;"BMW";"5 Touring (E61)";120;200504;201005;163;1995
"Fensterheber";1561;19224;1;8;"SEAT";"LEON (1M1)";74;200510;200606;100;1896
"Fensterheber";1561;19225;6;6;"SKODA";"FABIA I (6Y2)";51;200510;200803;70;1422
"Fensterheber";1561;19226;5;6;"SKODA";"FABIA I (6Y2)";59;200510;200803;80;1422
"Fensterheber";1561;19229;15;4;"SKODA";"FABIA I Combi (6Y5)";51;200510;200712;70;1422
"Fensterheber";1561;19230;6;4;"SKODA";"FABIA I Combi (6Y5)";59;200510;200712;80;1422
"Fensterheber";1561;19232;1;3;"AUDI";"A6 C6 (4F2)";100;200407;201103;136;1968
"Fensterheber";1561;19234;1;3;"AUDI";"A6 C6 (4F2)";120;200506;201103;163;2698
"Fensterheber";1561;19238;2;4;"VW";"NEW BEETLE Cabriolet (1Y7)";77;200507;201009;105;1896
"Fensterheber";1561;19239;1;2;"AUDI";"TT Roadster (8N9)";120;200509;200606;163;1781
"Fensterheber";1561;19241;4;0;"HONDA";"CIVIC VIII Hatchback (FN, FK)";103;200509;;140;1799
"Fensterheber";1561;19247;1;4;"TOYOTA";"AVENSIS Stufenheck (_T25_)";110;200510;200811;150;2231
"Fensterheber";1561;19251;3;4;"TOYOTA";"AVENSIS Kombi (_T25_)";130;200507;200811;177;2231
"Fensterheber";1561;19253;1;9;"VW";"POLO (9N_, 9A_)";110;200509;200911;150;1781
"Fensterheber";1561;19254;8;6;"TOYOTA";"YARIS (_P9_)";51;200508;201112;69;998
"Fensterheber";1561;19255;1;6;"TOYOTA";"YARIS (_P9_)";66;200508;201212;90;1364
"Fensterheber";1561;19256;3;6;"TOYOTA";"YARIS (_P9_)";64;200508;201011;87;1298
"Fensterheber";1561;19257;1;6;"MERCEDES-BENZ";"C-CLASS T-Model (S203)";165;200506;200708;224;2987
"Fensterheber";1561;19269;1;0;"OPEL";"VECTRA C CC (Z02)";77;200601;200808;105;1598
"Fensterheber";1561;19270;3;4;"SKODA";"FABIA I Combi (6Y5)";40;200107;200712;54;1198
"Fensterheber";1561;19274;6;2;"SKODA";"ROOMSTER (5J7)";63;200609;201505;86;1390
"Fensterheber";1561;19275;4;2;"SKODA";"ROOMSTER (5J7)";77;200609;201505;105;1598
"Fensterheber";1561;19276;1;2;"SKODA";"ROOMSTER (5J7)";51;200607;201003;70;1422
"Fensterheber";1561;19277;1;2;"SKODA";"ROOMSTER (5J7)";59;200609;201003;80;1422
"Fensterheber";1561;19278;5;2;"SKODA";"ROOMSTER (5J7)";77;200609;201003;105;1896
"Fensterheber";1561;19280;1;6;"OPEL";"VECTRA C (Z02)";77;200508;200808;105;1598
"Fensterheber";1561;19289;110;12;"OPEL";"MERIVA A Großraumlimousine (X03)";77;200601;201005;105;1598
"Fensterheber";1561;19290;1;12;"OPEL";"MERIVA A Großraumlimousine (X03)";55;200309;201005;75;1248
"Fensterheber";1561;19298;13;6;"BMW";"3 Touring (E91)";90;200509;200708;122;1995
"Fensterheber";1561;19299;19;6;"BMW";"3 Touring (E91)";95;200601;200708;129;1995
"Fensterheber";1561;19300;3;0;"BMW";"Z4 Coupe (E86)";195;200604;200808;265;2996
"Fensterheber";1561;19304;2;6;"MINI";"MINI (R50, R53)";65;200306;200609;88;1364
"Fensterheber";1561;19306;1;3;"CHRYSLER";"PT CRUISER (PT_)";110;200508;201012;150;2148
"Fensterheber";1561;19312;1;4;"FIAT";"DUCATO Kasten (244_)";107;200404;200607;146;2800
"Fensterheber";1561;19313;2;4;"FIAT";"DUCATO Pritsche/Fahrgestell (244_)";107;200404;200607;146;2800
"Fensterheber";1561;19317;1;6;"OPEL";"VECTRA C Caravan (Z02)";103;200508;200808;140;1796
"Fensterheber";1561;19324;6;8;"FIAT";"DOBLO Großraumlimousine (119_, 223_)";62;200510;;84;1248
"Fensterheber";1561;19325;1;8;"FIAT";"DOBLO Großraumlimousine (119_, 223_)";88;200510;;120;1910
"Fensterheber";1561;19326;20;8;"FIAT";"DOBLO Großraumlimousine (119_, 223_)";57;200510;;77;1368
"Fensterheber";1561;19327;2;6;"FIAT";"DOBLO Großraumlimousine (119_, 223_)";76;200209;;103;1596
"Fensterheber";1561;19328;7;6;"FIAT";"DOBLO Kasten/Großraumlimousine (223_)";57;200510;;77;1368
"Fensterheber";1561;19329;2;4;"FIAT";"DOBLO Kasten/Großraumlimousine (223_)";76;200209;;103;1596
"Fensterheber";1561;19330;17;6;"FIAT";"DOBLO Kasten/Großraumlimousine (223_)";55;200510;201001;75;1248
"Fensterheber";1561;19331;1;4;"OPEL";"ASTRA H GTC (A04)";66;200504;201010;90;1248
"Fensterheber";1561;19332;9;6;"VW";"GOLF V (1K1)";100;200310;200811;136;1968
"Fensterheber";1561;19341;1;8;"PEUGEOT";"307 (3A/C)";66;200504;200903;90;1560
"Fensterheber";1561;19349;4;8;"PEUGEOT";"207 (WA_, WC_)";65;200602;201310;88;1360
"Fensterheber";1561;19352;1;8;"PEUGEOT";"207 (WA_, WC_)";66;200602;201310;90;1560
"Fensterheber";1561;19358;76;6;"RENAULT";"ESPACE IV (JK0/1_)";110;200601;;150;1995
"Fensterheber";1561;19359;82;6;"RENAULT";"ESPACE IV (JK0/1_)";127;200601;;173;1995
"Fensterheber";1561;19363;6;0;"MITSUBISHI";"COLT CZC VI Cabriolet (RG)";80;200605;200907;109;1499
"Fensterheber";1561;19388;3;4;"PEUGEOT";"407 SW (6E_, 6D_)";150;200510;201012;204;2720
"Fensterheber";1561;19395;1;4;"VW";"PASSAT B6 (3C2)";147;200507;201007;200;1984
"Fensterheber";1561;19396;5;4;"VW";"PASSAT B6 Variant (3C5)";147;200508;201011;200;1984
"Fensterheber";1561;19398;1;15;"RENAULT";"MEGANE II (BM0/1_, CM0/1_)";110;200509;200802;150;1995
"Fensterheber";1561;19399;3;10;"RENAULT";"MEGANE II Kombi (KM0/1_)";110;200509;200907;150;1995
"Fensterheber";1561;19404;2;4;"VOLVO";"XC70 I Cross Country (295)";136;200512;200708;185;2401
"Fensterheber";1561;19411;5;6;"CITROËN";"BERLINGO / BERLINGO FIRST Kasten/Großraumlimousine (M_)";80;200010;200803;109;1587
"Fensterheber";1561;19428;4;4;"OPEL";"ASTRA H GTC (A04)";103;200601;201010;140;1796
"Fensterheber";1561;19441;2;8;"FORD";"S-MAX (WA6)";107;200605;201412;145;1999
"Fensterheber";1561;19443;1;8;"FORD";"S-MAX (WA6)";96;200605;201412;130;1997
"Fensterheber";1561;19444;1;8;"FORD";"S-MAX (WA6)";103;200605;201412;140;1997
"Fensterheber";1561;19446;3;8;"ALFA ROMEO";"159 Sportwagon (939_)";136;200603;201111;185;2198
"Fensterheber";1561;19448;10;8;"ALFA ROMEO";"159 Sportwagon (939_)";88;200603;201111;120;1910
"Fensterheber";1561;19449;15;8;"ALFA ROMEO";"159 Sportwagon (939_)";110;200603;201111;150;1910
"Fensterheber";1561;19450;5;8;"ALFA ROMEO";"159 Sportwagon (939_)";147;200603;201111;200;2387
"Fensterheber";1561;19451;2;4;"PORSCHE";"CAYENNE (9PA)";383;200603;200709;521;4511
"Fensterheber";1561;19453;33;2;"AUDI";"TT (8J3)";147;200608;201006;200;1984
"Fensterheber";1561;19454;6;2;"AUDI";"TT (8J3)";184;200608;201006;250;3189
"Fensterheber";1561;19458;2;6;"SKODA";"OCTAVIA II (1Z3)";147;200510;201302;200;1984
"Fensterheber";1561;19459;14;6;"SKODA";"OCTAVIA II Combi (1Z5)";147;200510;201302;200;1984
"Fensterheber";1561;19464;1;4;"OPEL";"ASTRA H GTC (A04)";88;200509;201010;120;1910
"Fensterheber";1561;19465;33;4;"VW";"GOLF PLUS V (5M1, 521)";59;200605;201312;80;1390
"Fensterheber";1561;19466;10;4;"VW";"GOLF PLUS V (5M1, 521)";103;200605;200806;140;1390
"Fensterheber";1561;19468;89;6;"VW";"GOLF V (1K1)";59;200605;200811;80;1390
"Fensterheber";1561;19469;14;6;"VW";"GOLF V (1K1)";103;200605;200811;140;1390
"Fensterheber";1561;19472;1;3;"AUDI";"A6 Allroad C6 (4FH)";188;200605;200810;255;3123
"Fensterheber";1561;19474;1;3;"AUDI";"A6 Allroad C6 (4FH)";171;200605;200810;233;2967
"Fensterheber";1561;19475;3;3;"AUDI";"A6 Allroad C6 (4FH)";132;200603;200810;180;2698
"Fensterheber";1561;19477;1;3;"AUDI";"A6 C6 (4F2)";171;200606;200810;233;2967
"Fensterheber";1561;19479;5;3;"AUDI";"A6 C6 Avant (4F5)";171;200606;200810;233;2967
"Fensterheber";1561;19486;2;4;"VW";"PASSAT B6 Variant (3C5)";184;200511;201011;250;3168
"Fensterheber";1561;19487;3;4;"AUDI";"A4 B7 Cabriolet (8HE)";147;200601;200903;200;1984
"Fensterheber";1561;19488;1;4;"AUDI";"A4 B7 Cabriolet (8HE)";132;200606;200903;180;2698
"Fensterheber";1561;19496;3;6;"BMW";"3 (E90)";127;200509;200608;173;1997
"Fensterheber";1561;19513;1;4;"RENAULT";"TRAFIC II Pritsche/Fahrgestell (EL)";60;200103;200610;82;1870
"Fensterheber";1561;19516;5;6;"FIAT";"SEDICI (189_)";88;200606;201110;120;1910
"Fensterheber";1561;19517;1;6;"FIAT";"SEDICI (189_)";79;200606;201410;107;1586
"Fensterheber";1561;19518;10;6;"PEUGEOT";"PARTNER Großraumlimousine (5_, G_)";66;200508;201512;90;1560
"Fensterheber";1561;19521;5;6;"PEUGEOT";"PARTNER Großraumlimousine (5_, G_)";55;200508;200807;75;1560
"Fensterheber";1561;19523;8;6;"PEUGEOT";"PARTNER Kasten/Großraumlimousine (5_, G_)";55;200508;200807;75;1560
"Fensterheber";1561;19524;3;6;"PEUGEOT";"PARTNER Kasten/Großraumlimousine (5_, G_)";66;200508;201512;90;1560
"Fensterheber";1561;19546;1;0;"PORSCHE";"CAYMAN (987)";180;200607;200912;245;2687
"Fensterheber";1561;19547;5;6;"SUZUKI";"SX4 (EY, GY)";79;200606;;107;1586
"Fensterheber";1561;19549;1;6;"SUZUKI";"SX4 (EY, GY)";73;200606;201007;99;1490
"Fensterheber";1561;19550;1;6;"SUZUKI";"SX4 (EY, GY)";79;200606;;107;1586
"Fensterheber";1561;19551;5;6;"SUZUKI";"SX4 (EY, GY)";88;200606;;120;1910
"Fensterheber";1561;19557;1;6;"SEAT";"ALTEA (5P1)";125;200603;;170;1968
"Fensterheber";1561;19579;1;6;"CITROËN";"JUMPER II Bus";88;200604;;120;2198
"Fensterheber";1561;19581;3;6;"CITROËN";"JUMPER II Kasten";74;200604;201212;101;2198
"Fensterheber";1561;19582;4;6;"CITROËN";"JUMPER II Kasten";88;200604;;120;2198
"Fensterheber";1561;19585;3;6;"CITROËN";"JUMPER II Pritsche/Fahrgestell";88;200604;;120;2198
"Fensterheber";1561;19586;4;2;"FORD";"TRANSIT Kasten (FA_ _)";63;200604;201408;85;2198
"Fensterheber";1561;19588;1;2;"FORD";"TRANSIT Kasten (FA_ _)";74;200604;201408;100;2402
"Fensterheber";1561;19589;1;2;"FORD";"TRANSIT Kasten (FA_ _)";107;200604;201408;145;2261
"Fensterheber";1561;19590;3;2;"FORD";"TRANSIT Bus (FD_ _, FB_ _, FS_ _, FZ_ _, FC_ _)";63;200604;201408;85;2198
"Fensterheber";1561;19591;1;2;"FORD";"TRANSIT Bus (FD_ _, FB_ _, FS_ _, FZ_ _, FC_ _)";81;200604;201408;110;2198
"Fensterheber";1561;19592;1;2;"FORD";"TRANSIT Bus (FD_ _, FB_ _, FS_ _, FZ_ _, FC_ _)";96;200604;201408;130;2198
"Fensterheber";1561;19600;1;2;"FORD";"TRANSIT Pritsche/Fahrgestell (FM_ _, FN_ _, FF_ _)";74;200604;201408;100;2402
"Fensterheber";1561;19601;1;2;"FORD";"TRANSIT Pritsche/Fahrgestell (FM_ _, FN_ _, FF_ _)";85;200604;201408;115;2402
"Fensterheber";1561;19602;1;2;"FORD";"TRANSIT Pritsche/Fahrgestell (FM_ _, FN_ _, FF_ _)";103;200604;201408;140;2402
"Fensterheber";1561;19614;2;4;"AUDI";"A3 (8P1)";125;200603;201208;170;1968
"Fensterheber";1561;19615;1;4;"AUDI";"A3 (8P1)";125;200603;201208;170;1968
"Fensterheber";1561;19616;6;4;"AUDI";"A3 Sportback (8PA)";125;200603;201303;170;1968
"Fensterheber";1561;19617;1;4;"AUDI";"A3 Sportback (8PA)";125;200603;201303;170;1968
"Fensterheber";1561;19621;1;0;"AUDI";"A8 D3 (4E2, 4E8)";240;200507;201007;326;4134
"Fensterheber";1561;19627;1;6;"VW";"TRANSPORTER T5 Bus (7HB, 7HJ, 7EB, 7EJ)";75;200606;200911;102;1896
"Fensterheber";1561;19628;5;4;"VW";"TRANSPORTER T5 Kasten (7HA, 7HH, 7EA, 7EH)";75;200606;200911;102;1896
"Fensterheber";1561;19629;1;4;"VW";"TRANSPORTER T5 Pritsche/Fahrgestell (7JD, 7JE, 7JL, 7JY, 7JZ";75;200606;200911;102;1896
"Fensterheber";1561;19633;5;4;"PEUGEOT";"407 SW (6E_, 6D_)";125;200603;201012;170;2179
"Fensterheber";1561;19634;8;4;"VW";"TOURAN (1T1, 1T2)";125;200512;201005;170;1968
"Fensterheber";1561;19638;1;4;"VW";"TOURAN (1T1, 1T2)";80;200602;200905;109;1984
"Fensterheber";1561;19644;1;3;"MERCEDES-BENZ";"SPRINTER 3-t Kasten (B906)";95;200606;200912;129;2148
"Fensterheber";1561;19651;21;4;"VW";"TOURAN (1T1, 1T2)";103;200602;201005;140;1390
"Fensterheber";1561;19660;1;3;"MERCEDES-BENZ";"SPRINTER 3,5-t Pritsche/Fahrgestell (B906)";110;200606;200912;150;2148
"Fensterheber";1561;19666;1;4;"VW";"CADDY III Großraumlimousine (2KB, 2KJ, 2CB, 2CJ)";80;200604;201505;109;1984
"Fensterheber";1561;19675;1;6;"RENAULT";"ESPACE IV (JK0/1_)";102;200602;;139;2188
"Fensterheber";1561;19676;1;0;"RENAULT";"THALIA I (LB_)";55;200204;;75;1149
"Fensterheber";1561;19678;2;7;"RENAULT";"MEGANE II Coupé-Cabriolet (EM0/1_)";78;200603;200901;106;1461
"Fensterheber";1561;19679;2;4;"CITROËN";"C5 II (RC_)";125;200604;200808;170;2179
"Fensterheber";1561;19693;2;4;"VW";"CADDY III Großraumlimousine (2KB, 2KJ, 2CB, 2CJ)";59;200605;201008;80;1390
"Fensterheber";1561;19697;73;9;"VW";"POLO (9N_, 9A_)";59;200605;200911;80;1390
"Fensterheber";1561;19698;8;9;"VW";"POLO (9N_, 9A_)";77;200605;200911;105;1598
"Fensterheber";1561;19700;1;8;"CHEVROLET";"CAPTIVA (C100, C140)";100;200606;;136;2405
"Fensterheber";1561;19704;4;10;"VW";"SHARAN (7M8, 7M9, 7M6)";103;200511;201003;140;1968
"Fensterheber";1561;19715;10;4;"HYUNDAI";"GETZ (TB)";49;200509;200906;67;1086
"Fensterheber";1561;19719;6;0;"MERCEDES-BENZ";"CLS (C219)";215;200604;201012;292;3498
"Fensterheber";1561;19720;1;0;"MERCEDES-BENZ";"CLS (C219)";285;200604;201012;388;5461
"Fensterheber";1561;19721;1;0;"MERCEDES-BENZ";"CLS (C219)";378;200604;201012;514;6208
"Fensterheber";1561;19722;1;11;"OPEL";"CORSA D (S07)";44;200607;201012;60;998
"Fensterheber";1561;19723;24;11;"OPEL";"CORSA D (S07)";59;200607;201408;80;1229
"Fensterheber";1561;19725;3;11;"OPEL";"CORSA D (S07)";55;200607;201408;75;1248
"Fensterheber";1561;19726;1;11;"OPEL";"CORSA D (S07)";66;200607;201106;90;1248
"Fensterheber";1561;19734;1;8;"MERCEDES-BENZ";"A-CLASS (W169)";142;200509;201206;193;2034
"Fensterheber";1561;19737;4;6;"MERCEDES-BENZ";"VIANO (W639)";110;200507;;150;2148
"Fensterheber";1561;19738;34;6;"MERCEDES-BENZ";"VIANO (W639)";150;200603;;204;2987
"Fensterheber";1561;19739;1;4;"AUDI";"A4 B7 (8EC)";253;200411;200806;344;4163
"Fensterheber";1561;19740;1;4;"AUDI";"A4 B7 Avant (8ED)";253;200411;200806;344;4163
"Fensterheber";1561;19777;4;8;"MERCEDES-BENZ";"E-CLASS (W211)";100;200604;200812;136;2148
"Fensterheber";1561;19781;1;4;"ALFA ROMEO";"147 (937_)";100;200410;201003;136;1910
"Fensterheber";1561;19783;5;8;"ALFA ROMEO";"159 Sportwagon (939_)";100;200603;201111;136;1910
"Fensterheber";1561;19798;1;4;"AUDI";"A4 B7 (8EC)";103;200601;200806;140;1968
"Fensterheber";1561;19804;7;6;"HYUNDAI";"ATOS (MX)";46;200308;200812;63;1086
"Fensterheber";1561;19806;10;2;"AUDI";"TT Roadster (8J9)";147;200703;201006;200;1984
"Fensterheber";1561;19807;1;2;"AUDI";"TT Roadster (8J9)";184;200703;201006;250;3189
"Fensterheber";1561;19808;1;1;"VOLVO";"C30 (533)";74;200610;201212;100;1596
"Fensterheber";1561;19817;49;14;"FIAT";"GRANDE PUNTO (199_)";70;200510;201108;95;1368
"Fensterheber";1561;19820;3;6;"SKODA";"OCTAVIA II (1Z3)";59;200406;201304;80;1390
"Fensterheber";1561;19821;7;6;"SKODA";"OCTAVIA II Combi (1Z5)";103;200607;201005;140;1968
"Fensterheber";1561;19827;1;4;"BMW";"X3 (E83)";200;200608;200808;272;2996
"Fensterheber";1561;19828;2;4;"BMW";"X3 (E83)";160;200608;200808;218;2497
"Fensterheber";1561;19829;3;4;"BMW";"X3 (E83)";210;200609;200808;286;2993
"Fensterheber";1561;19832;1;4;"TOYOTA";"AVENSIS Kombi (_T25_)";93;200603;200811;126;1998
"Fensterheber";1561;19834;3;6;"BMW";"3 Touring (E91)";225;200609;201206;306;2979
"Fensterheber";1561;19836;1;6;"BMW";"3 Touring (E91)";210;200609;201206;286;2993
"Fensterheber";1561;19842;3;4;"AUDI";"A4 B7 (8EC)";125;200606;200806;170;1968
"Fensterheber";1561;19843;1;4;"AUDI";"A4 B7 (8EC)";125;200606;200806;170;1968
"Fensterheber";1561;19844;14;4;"AUDI";"A4 B7 Avant (8ED)";125;200606;200806;170;1968
"Fensterheber";1561;19845;4;4;"AUDI";"A4 B7 Avant (8ED)";125;200606;200806;170;1968
"Fensterheber";1561;19847;5;4;"AUDI";"A4 B7 Avant (8ED)";132;200601;200806;180;2698
"Fensterheber";1561;19849;6;4;"AUDI";"A4 B7 Avant (8ED)";100;200411;200806;136;1968
"Fensterheber";1561;19850;6;4;"AUDI";"A4 B7 Avant (8ED)";171;200601;200806;233;2967
"Fensterheber";1561;19856;5;4;"RENAULT";"TRAFIC II Bus (JL)";66;200608;;90;1995
"Fensterheber";1561;19857;24;4;"RENAULT";"TRAFIC II Bus (JL)";84;200608;;114;1995
"Fensterheber";1561;19858;1;4;"RENAULT";"TRAFIC II Bus (JL)";107;200608;;146;2463
"Fensterheber";1561;19859;11;2;"MINI";"MINI (R56)";88;200610;201202;120;1598
"Fensterheber";1561;19860;17;4;"RENAULT";"TRAFIC II Kasten (FL)";66;200608;;90;1995
"Fensterheber";1561;19861;35;4;"RENAULT";"TRAFIC II Kasten (FL)";84;200608;;114;1995
"Fensterheber";1561;19862;1;2;"MINI";"MINI (R56)";128;200610;201002;174;1598
"Fensterheber";1561;19863;1;4;"RENAULT";"TRAFIC II Kasten (FL)";107;200608;;146;2463
"Fensterheber";1561;19864;1;4;"RENAULT";"TRAFIC II Pritsche/Fahrgestell (EL)";66;200608;;90;1995
"Fensterheber";1561;19865;3;4;"RENAULT";"TRAFIC II Pritsche/Fahrgestell (EL)";84;200608;;114;1995
"Fensterheber";1561;19867;3;2;"RENAULT";"TWINGO II (CN0_)";74;200703;201409;100;1149
"Fensterheber";1561;19872;8;6;"PEUGEOT";"BOXER Kasten";88;200604;;120;2198
"Fensterheber";1561;19875;1;6;"PEUGEOT";"BOXER Pritsche/Fahrgestell";88;200604;;120;2198
"Fensterheber";1561;19883;15;12;"NISSAN";"QASHQAI / QASHQAI +2 I (J10, NJ10, JJ10E)";84;200702;201312;114;1598
"Fensterheber";1561;19887;9;12;"NISSAN";"QASHQAI / QASHQAI +2 I (J10, NJ10, JJ10E)";78;200611;201311;106;1461
"Fensterheber";1561;19888;5;12;"NISSAN";"QASHQAI / QASHQAI +2 I (J10, NJ10, JJ10E)";110;200702;201312;150;1995
"Fensterheber";1561;19897;1;6;"DACIA";"LOGAN MCV (KS_)";64;200702;201306;87;1598
"Fensterheber";1561;19901;7;4;"SKODA";"FABIA I Stufenheck (6Y3)";59;200604;200712;80;1390
"Fensterheber";1561;19905;103;4;"SKODA";"FABIA I Combi (6Y5)";59;200604;200712;80;1390
"Fensterheber";1561;19914;1;4;"AUDI";"A3 (8P1)";195;200611;201208;265;1984
"Fensterheber";1561;19917;3;4;"HYUNDAI";"GETZ (TB)";71;200508;201012;97;1399
"Fensterheber";1561;19922;7;4;"OPEL";"VIVARO A Bus (X83)";66;200608;201407;90;1995
"Fensterheber";1561;19923;10;4;"OPEL";"VIVARO A Bus (X83)";84;200608;201407;114;1995
"Fensterheber";1561;19924;2;4;"OPEL";"VIVARO A Bus (X83)";107;200608;201407;146;2463
"Fensterheber";1561;19927;11;4;"OPEL";"VIVARO A Kasten (X83)";66;200608;201407;90;1995
"Fensterheber";1561;19928;56;4;"OPEL";"VIVARO A Kasten (X83)";84;200608;201407;114;1995
"Fensterheber";1561;19929;5;4;"OPEL";"VIVARO A Kasten (X83)";107;200608;201407;146;2463
"Fensterheber";1561;19933;3;12;"OPEL";"MERIVA A Großraumlimousine (X03)";132;200509;201005;180;1598
"Fensterheber";1561;19937;3;2;"FIAT";"STRADA Pick-up (178_, 278_)";62;200605;;85;1248
"Fensterheber";1561;19938;11;8;"KIA";"CEE'D Schrägheck (ED)";80;200612;201212;109;1396
"Fensterheber";1561;19939;2;8;"KIA";"CEE'D Schrägheck (ED)";90;200612;201212;122;1591
"Fensterheber";1561;19940;1;8;"KIA";"CEE'D Schrägheck (ED)";105;200612;201212;143;1975
"Fensterheber";1561;19941;5;8;"KIA";"CEE'D Schrägheck (ED)";66;200612;201212;90;1582
"Fensterheber";1561;19942;5;8;"KIA";"CEE'D Schrägheck (ED)";85;200612;201212;115;1582
"Fensterheber";1561;19943;1;8;"CHEVROLET";"CAPTIVA (C100, C140)";110;200610;;150;1991
"Fensterheber";1561;19948;1;3;"OPEL";"COMBO Kasten/Großraumlimousine";74;200412;;101;1686
"Fensterheber";1561;19953;10;6;"BMW";"3 (E90)";110;200412;200709;150;1995
"Fensterheber";1561;19954;5;6;"BMW";"3 Touring (E91)";110;200412;200708;150;1995
"Fensterheber";1561;19957;14;4;"VW";"PASSAT B6 (3C2)";103;200503;200905;140;1968
"Fensterheber";1561;19959;15;4;"VW";"PASSAT B6 Variant (3C5)";103;200508;200905;140;1968
"Fensterheber";1561;19960;1;4;"VW";"PASSAT B6 Variant (3C5)";103;200508;200905;140;1968
"Fensterheber";1561;19961;17;6;"VW";"GOLF V (1K1)";103;200412;200811;140;1968
"Fensterheber";1561;19963;3;4;"VW";"GOLF PLUS V (5M1, 521)";103;200512;201105;140;1968
"Fensterheber";1561;19964;30;4;"VW";"TOURAN (1T1, 1T2)";103;200512;201005;140;1968
"Fensterheber";1561;19965;1;4;"VW";"JETTA III (1K2)";103;200510;201010;140;1968
"Fensterheber";1561;19966;21;4;"AUDI";"A3 (8P1)";103;200506;200806;140;1968
"Fensterheber";1561;19968;19;4;"AUDI";"A3 Sportback (8PA)";103;200506;200806;140;1968
"Fensterheber";1561;19969;1;4;"AUDI";"A3 Sportback (8PA)";103;200601;200806;140;1968
"Fensterheber";1561;19970;13;4;"AUDI";"A4 B7 (8EC)";103;200411;200806;140;1968
"Fensterheber";1561;19971;50;4;"AUDI";"A4 B7 Avant (8ED)";103;200411;200806;140;1968
"Fensterheber";1561;19974;1;6;"FIAT";"DUCATO Bus (250_)";74;200607;201105;100;2198
"Fensterheber";1561;19977;4;6;"FIAT";"DUCATO Kasten (250_)";74;200607;;100;2198
"Fensterheber";1561;19978;13;7;"FIAT";"DUCATO Kasten (250_)";88;200607;;120;2287
"Fensterheber";1561;19979;1;6;"FIAT";"DUCATO Kasten (250_)";116;200607;;158;2999
"Fensterheber";1561;19981;2;7;"FIAT";"DUCATO Pritsche/Fahrgestell (250_)";88;200607;;120;2287
"Fensterheber";1561;19991;17;4;"SUZUKI";"JIMNY Geländewagen geschlossen (SN)";63;200508;;86;1328
"Fensterheber";1561;19992;1;4;"SUZUKI";"JIMNY Geländewagen geschlossen (SN)";63;200508;;86;1461
"Fensterheber";1561;19995;14;6;"BMW";"3 Touring (E91)";145;200609;201206;197;2993
"Fensterheber";1561;19997;3;8;"OPEL";"MOVANO A Kasten (X70)";73;200310;;99;2463
"Fensterheber";1561;19998;4;6;"BMW";"3 (E90)";145;200609;201002;197;2993
"Fensterheber";1561;20001;2;6;"SKODA";"OCTAVIA II (1Z3)";103;200511;201005;140;1968
"Fensterheber";1561;20002;20;6;"SKODA";"OCTAVIA II Combi (1Z5)";103;200511;201005;140;1968
"Fensterheber";1561;20003;9;4;"SKODA";"SUPERB I (3U4)";103;200510;200803;140;1968
"Fensterheber";1561;20010;1;8;"OPEL";"ASTRA H Caravan (A04)";103;200508;201405;140;1796
"Fensterheber";1561;20016;1;0;"MERCEDES-BENZ";"S-CLASS Coupe (C216)";386;200610;201312;525;6208
"Fensterheber";1561;20025;12;6;"CITROËN";"BERLINGO / BERLINGO FIRST Kasten/Großraumlimousine (M_)";55;200507;201112;75;1560
"Fensterheber";1561;20027;23;6;"PEUGEOT";"207 CC (WD_)";88;200702;201310;120;1598
"Fensterheber";1561;20028;1;6;"PEUGEOT";"207 CC (WD_)";110;200702;201212;150;1598
"Fensterheber";1561;20034;1;4;"LANCIA";"YPSILON (843_)";66;200609;201112;90;1248
"Fensterheber";1561;20037;4;6;"CITROËN";"JUMPY II (VF7)";88;200701;201603;120;1997
"Fensterheber";1561;20038;3;6;"CITROËN";"JUMPY II (VF7)";100;200701;201603;136;1997
"Fensterheber";1561;20039;2;6;"CITROËN";"JUMPY II Kasten";103;200701;201603;140;1997
"Fensterheber";1561;20040;5;6;"CITROËN";"JUMPY II Kasten";66;200701;201603;90;1560
"Fensterheber";1561;20041;1;6;"CITROËN";"JUMPY II Kasten";88;200701;201603;120;1997
"Fensterheber";1561;20043;5;10;"SEAT";"ALHAMBRA (7V8, 7V9)";103;200511;201003;140;1968
"Fensterheber";1561;20048;1;4;"SEAT";"LEON (1P1)";147;200505;200903;200;1984
"Fensterheber";1561;20050;2;6;"PEUGEOT";"EXPERT TEPEE (VF3X_)";66;200701;201603;90;1560
"Fensterheber";1561;20051;4;6;"PEUGEOT";"EXPERT TEPEE (VF3X_)";88;200701;201603;120;1997
"Fensterheber";1561;20052;7;6;"PEUGEOT";"EXPERT TEPEE (VF3X_)";100;200701;;136;1997
"Fensterheber";1561;20053;10;8;"SEAT";"IBIZA III (6L1)";51;200605;200911;70;1198
"Fensterheber";1561;20055;1;8;"SEAT";"CORDOBA (6L2)";63;200605;200911;86;1390
"Fensterheber";1561;20057;3;8;"SEAT";"IBIZA III (6L1)";77;200611;200911;105;1598
"Fensterheber";1561;20058;3;6;"PEUGEOT";"EXPERT Kasten (VF3A_, VF3U_, VF3X_)";66;200701;;90;1560
"Fensterheber";1561;20059;3;6;"PEUGEOT";"EXPERT Kasten (VF3A_, VF3U_, VF3X_)";88;200701;;120;1997
"Fensterheber";1561;20060;3;6;"PEUGEOT";"EXPERT Kasten (VF3A_, VF3U_, VF3X_)";100;200701;;136;1997
"Fensterheber";1561;20062;2;6;"PEUGEOT";"EXPERT Pritsche/Fahrgestell";88;200701;;120;1997
"Fensterheber";1561;20064;2;6;"VW";"GOLF V (1K1)";169;200609;200812;230;1984
"Fensterheber";1561;20072;1;2;"MERCEDES-BENZ";"G-CLASS (W463)";165;200609;;224;2987
"Fensterheber";1561;20074;5;6;"MERCEDES-BENZ";"VITO Bus (W639)";70;200609;;95;2148
"Fensterheber";1561;20077;7;6;"FIAT";"SCUDO Bus (270_, 272_)";88;200701;201603;120;1997
"Fensterheber";1561;20079;8;6;"FIAT";"SCUDO Bus (270_, 272_)";100;200701;201603;136;1997
"Fensterheber";1561;20081;2;6;"FIAT";"SCUDO Kasten (270_, 272_)";66;200701;201603;90;1560
"Fensterheber";1561;20083;12;6;"FIAT";"SCUDO Kasten (270_, 272_)";88;200701;201603;120;1997
"Fensterheber";1561;20088;4;4;"FIAT";"IDEA (350_)";57;200510;;77;1368
"Fensterheber";1561;20097;1;6;"NISSAN";"INTERSTAR Kasten (X70)";107;200609;;145;2463
"Fensterheber";1561;20100;3;4;"NISSAN";"PRIMASTAR Bus (X83)";84;200609;;114;1995
"Fensterheber";1561;20101;1;4;"NISSAN";"PRIMASTAR Kasten (X83)";84;200609;;114;1995
"Fensterheber";1561;20103;2;4;"NISSAN";"PRIMASTAR Kasten (X83)";66;200609;;90;1995
"Fensterheber";1561;20110;2;3;"AUDI";"A6 C6 Avant (4F5)";154;200611;200810;210;2773
"Fensterheber";1561;20112;2;4;"PORSCHE";"CAYENNE (9PA)";213;200702;201009;290;3598
"Fensterheber";1561;20113;2;4;"PORSCHE";"CAYENNE (9PA)";283;200702;201009;385;4806
"Fensterheber";1561;20117;1;2;"AUDI";"A4 B8 Avant (8K5)";130;201111;201512;177;1968
"Fensterheber";1561;20303;1;2;"RENAULT";"19 I Chamade (L53_)";57;198807;199008;78;1390
"Fensterheber";1561;20403;1;6;"NISSAN";"PRIMERA Kombi (WP12)";80;200201;200604;109;1597
"Fensterheber";1561;20474;2;2;"MITSUBISHI";"L200 (K7_T, K6_T, K5_T)";66;200108;200511;90;2477
"Fensterheber";1561;20543;1;2;"HYUNDAI";"H-1 / STAREX Bus (A1)";74;200405;200712;101;2476
"Fensterheber";1561;20623;23;4;"HYUNDAI";"ATOS (MX)";43;200308;200812;58;1086
"Fensterheber";1561;20709;3;4;"TOYOTA";"HILUX VII Pick-up (_N1_, _N2_, _N3_)";106;201001;201505;144;2494
"Fensterheber";1561;20717;2;8;"JEEP";"CHEROKEE (KJ)";108;200110;200409;147;2429
"Fensterheber";1561;20800;1;4;"RENAULT";"SCÉNIC I Großraumlimousine (JA0/1_, FA0_)";75;200103;200308;102;1598
"Fensterheber";1561;20862;2;2;"FORD";"TRANSIT CONNECT (P65_, P70_, P80_)";81;200608;201312;110;1753
"Fensterheber";1561;20864;11;4;"AUDI";"A3 (8P1)";118;200611;201208;160;1798
"Fensterheber";1561;20898;9;4;"AUDI";"A3 Sportback (8PA)";118;200611;201303;160;1798
"Fensterheber";1561;20911;3;4;"AUDI";"A4 B7 Avant (8ED)";125;200610;200806;170;1984
"Fensterheber";1561;21146;1;0;"MAZDA";"3 (BM, BN)";88;201309;201905;120;1998
"Fensterheber";1561;21150;4;0;"MAZDA";"3 (BM, BN)";121;201307;201905;165;1998
"Fensterheber";1561;21481;1;0;"SUZUKI";"WAGON R Schrägheck";59;200406;200508;80;1229
"Fensterheber";1561;21576;1;6;"RENAULT";"ESPACE IV (JK0/1_)";85;200304;200502;116;1870
"Fensterheber";1561;21804;1;2;"SEAT";"LEON ST (5F8)";110;201310;201808;150;1968
"Fensterheber";1561;21899;4;6;"HYUNDAI";"ATOS (MX)";41;199802;200203;56;999
"Fensterheber";1561;22054;3;2;"HYUNDAI";"H-1 Pritsche/Fahrgestell";73;200006;200610;99;2476
"Fensterheber";1561;22460;1;8;"MERCEDES-BENZ";"C-CLASS (W204)";115;200701;201401;156;1796
"Fensterheber";1561;22461;1;8;"MERCEDES-BENZ";"C-CLASS (W204)";135;200701;201401;184;1796
"Fensterheber";1561;22470;2;2;"TOYOTA";"AURIS (_E15_)";71;200703;201209;97;1398
"Fensterheber";1561;22472;1;4;"SMART";"FORTWO Coupe (451)";62;200701;;84;999
"Fensterheber";1561;22474;5;4;"SMART";"FORTWO Coupe (451)";52;200701;;71;999
"Fensterheber";1561;22477;1;2;"SMART";"FORTWO Cabrio (451)";52;200701;;71;999
"Fensterheber";1561;22478;1;2;"SMART";"FORTWO Cabrio (451)";62;200701;;84;999
"Fensterheber";1561;22482;2;4;"CITROËN";"C4 GRAND PICASSO I (UA_)";103;200610;201308;140;1997
"Fensterheber";1561;22485;1;2;"MINI";"MINI (R56)";70;200611;201003;95;1397
"Fensterheber";1561;22486;3;2;"MINI";"MINI (R56)";80;200611;201009;109;1560
"Fensterheber";1561;22488;26;6;"RENAULT";"ESPACE IV (JK0/1_)";96;200601;;131;1995
"Fensterheber";1561;22489;2;4;"RENAULT";"TRAFIC II Bus (JL)";86;200608;;117;1998
"Fensterheber";1561;22491;1;0;"MITSUBISHI";"OUTLANDER II (CW_W)";103;200702;201211;140;1968
"Fensterheber";1561;22496;2;8;"KIA";"CEE'D SW (ED)";66;200709;201212;90;1582
"Fensterheber";1561;22497;3;8;"KIA";"CEE'D SW (ED)";85;200709;201212;115;1582
"Fensterheber";1561;22500;15;6;"SEAT";"ALTEA XL (5P5, 5P8)";75;200610;;102;1595
"Fensterheber";1561;22501;1;6;"SEAT";"ALTEA XL (5P5, 5P8)";110;200610;200903;150;1984
"Fensterheber";1561;22502;7;6;"SEAT";"ALTEA XL (5P5, 5P8)";77;200610;201012;105;1896
"Fensterheber";1561;22503;6;6;"SEAT";"ALTEA XL (5P5, 5P8)";103;200610;;140;1968
"Fensterheber";1561;22504;4;6;"SEAT";"ALTEA XL (5P5, 5P8)";103;200610;;140;1968
"Fensterheber";1561;22505;8;6;"SEAT";"ALTEA (5P1)";103;200511;;140;1968
"Fensterheber";1561;22507;3;7;"FORD";"MONDEO IV (BA7)";92;200703;201501;125;1596
"Fensterheber";1561;22508;3;7;"FORD";"MONDEO IV (BA7)";107;200703;201501;145;1999
"Fensterheber";1561;22509;2;7;"FORD";"MONDEO IV (BA7)";162;200703;201501;220;2521
"Fensterheber";1561;22511;5;7;"FORD";"MONDEO IV (BA7)";96;200703;201501;130;1997
"Fensterheber";1561;22512;10;7;"FORD";"MONDEO IV (BA7)";103;200703;201501;140;1997
"Fensterheber";1561;22514;3;7;"FORD";"MONDEO IV Turnier (BA7)";92;200703;201012;125;1596
"Fensterheber";1561;22515;11;7;"FORD";"MONDEO IV Turnier (BA7)";107;200703;201501;145;1999
"Fensterheber";1561;22517;1;7;"FORD";"MONDEO IV Turnier (BA7)";74;200703;201212;100;1753
"Fensterheber";1561;22518;1;7;"FORD";"MONDEO IV Turnier (BA7)";96;200703;201212;130;1997
"Fensterheber";1561;22519;16;7;"FORD";"MONDEO IV Turnier (BA7)";103;200703;201501;140;1997
"Fensterheber";1561;22520;1;7;"FORD";"MONDEO IV Stufenheck (BA7)";107;200703;201501;145;1999
"Fensterheber";1561;22523;4;7;"FORD";"MONDEO IV Stufenheck (BA7)";103;200703;201501;140;1997
"Fensterheber";1561;22540;9;6;"FIAT";"PANDA (169_)";74;200610;;100;1368
"Fensterheber";1561;22544;1;8;"FIAT";"BRAVO II (198_)";88;200704;201412;120;1910
"Fensterheber";1561;22546;2;8;"FIAT";"BRAVO II (198_)";66;200704;201412;90;1368
"Fensterheber";1561;22547;13;2;"AUDI";"A5 (8T3)";125;200710;201701;170;1798
"Fensterheber";1561;22548;2;2;"AUDI";"A5 (8T3)";195;200706;201203;265;3197
"Fensterheber";1561;22549;6;2;"AUDI";"A5 (8T3)";260;200706;201203;354;4163
"Fensterheber";1561;22550;24;2;"AUDI";"A5 (8T3)";140;200706;201203;190;2698
"Fensterheber";1561;22551;17;2;"AUDI";"A5 (8T3)";176;200706;201203;240;2967
"Fensterheber";1561;22553;5;4;"VW";"GOLF V Variant (1K5)";75;200706;200907;102;1595
"Fensterheber";1561;22554;3;4;"VW";"GOLF V Variant (1K5)";103;200706;200907;140;1390
"Fensterheber";1561;22555;31;4;"VW";"GOLF V Variant (1K5)";77;200706;200907;105;1896
"Fensterheber";1561;22556;2;4;"VW";"GOLF V Variant (1K5)";103;200706;200907;140;1968
"Fensterheber";1561;22557;1;4;"VW";"GOLF PLUS V (5M1, 521)";66;200507;200611;90;1390
"Fensterheber";1561;22559;3;0;"MAZDA";"BT-50 Pick-up (CD, UN)";105;200612;201512;143;2499
"Fensterheber";1561;22560;2;12;"OPEL";"MERIVA A Großraumlimousine (X03)";51;200504;201005;69;1248
"Fensterheber";1561;22650;1;3;"HONDA";"CR-V III (RE_)";110;200610;201206;150;1997
"Fensterheber";1561;22651;2;3;"HONDA";"CR-V III (RE_)";103;200701;;140;2204
"Fensterheber";1561;22659;2;4;"BMW";"5 (E60)";140;200703;200912;190;2497
"Fensterheber";1561;22660;4;4;"BMW";"5 (E60)";145;200701;201003;197;2993
"Fensterheber";1561;22661;2;4;"BMW";"5 (E60)";173;200702;200912;235;2993
"Fensterheber";1561;22665;3;4;"BMW";"5 Touring (E61)";145;200703;201005;197;2993
"Fensterheber";1561;22666;1;4;"BMW";"5 Touring (E61)";173;200702;201005;235;2993
"Fensterheber";1561;22670;2;4;"BMW";"5 Touring (E61)";160;200701;201012;218;2996
"Fensterheber";1561;22672;1;4;"BMW";"5 Touring (E61)";210;200701;201012;286;2993
"Fensterheber";1561;22676;3;8;"OPEL";"ASTRA H (A04)";132;200702;201010;180;1598
"Fensterheber";1561;22679;2;4;"OPEL";"ASTRA H GTC (A04)";132;200702;201010;180;1598
"Fensterheber";1561;22681;2;8;"PEUGEOT";"207 (WA_, WC_)";88;200702;201212;120;1598
"Fensterheber";1561;22682;10;8;"OPEL";"ASTRA H (A04)";85;200612;201405;116;1598
"Fensterheber";1561;22683;2;8;"OPEL";"ASTRA H Caravan (A04)";85;200612;201405;116;1598
"Fensterheber";1561;22688;2;8;"OPEL";"ASTRA H Caravan (A04)";81;200702;201405;110;1686
"Fensterheber";1561;22693;1;6;"PEUGEOT";"EXPERT Kasten (VF3A_, VF3U_, VF3X_)";103;200701;;140;1997
"Fensterheber";1561;22695;9;6;"SEAT";"ALTEA XL (5P5, 5P8)";118;200701;;160;1798
"Fensterheber";1561;22826;2;2;"AUDI";"A5 (8T3)";130;201112;201701;177;1968
"Fensterheber";1561;22936;3;4;"VW";"AMAROK (2HA, 2HB, S1B, S6B, S7A, S7B)";132;201111;;180;1968
"Fensterheber";1561;22940;2;4;"VW";"GOLF V Variant (1K5)";103;200706;200907;140;1968
"Fensterheber";1561;22942;13;12;"NISSAN";"QASHQAI / QASHQAI +2 I (J10, NJ10, JJ10E)";110;200702;201312;150;1995
"Fensterheber";1561;22944;39;4;"SKODA";"FABIA II (542)";44;200612;201412;60;1198
"Fensterheber";1561;22945;20;4;"SKODA";"FABIA II (542)";51;200701;201412;70;1198
"Fensterheber";1561;22946;24;4;"SKODA";"FABIA II (542)";63;200701;201412;86;1390
"Fensterheber";1561;22947;9;4;"SKODA";"FABIA II (542)";77;200704;201412;105;1598
"Fensterheber";1561;22948;3;4;"SKODA";"FABIA II (542)";51;200702;201003;70;1422
"Fensterheber";1561;22949;4;4;"SKODA";"FABIA II (542)";59;200701;201003;80;1422
"Fensterheber";1561;22950;4;4;"SKODA";"FABIA II (542)";77;200704;201003;105;1896
"Fensterheber";1561;22951;1;8;"ALFA ROMEO";"159 Sportwagon (939_)";154;200705;201111;210;2387
"Fensterheber";1561;22953;8;5;"BMW";"1 (E81)";105;200609;201112;143;1995
"Fensterheber";1561;22954;1;5;"BMW";"1 (E81)";125;200703;201209;170;1995
"Fensterheber";1561;22955;22;5;"BMW";"1 (E81)";105;200609;201112;143;1995
"Fensterheber";1561;22956;5;5;"BMW";"1 (E81)";130;200703;201112;177;1995
"Fensterheber";1561;23045;26;16;"RENAULT";"CLIO III (BR0/1, CR0/1)";74;200705;201412;101;1149
"Fensterheber";1561;23046;3;10;"RENAULT";"MODUS / GRAND MODUS (F/JP0_)";74;200705;;101;1149
"Fensterheber";1561;23054;1;3;"NISSAN";"NP300 NAVARA (D40)";126;200610;;171;2488
"Fensterheber";1561;23060;54;10;"RENAULT";"MEGANE II Kombi (KM0/1_)";82;200601;200908;112;1598
"Fensterheber";1561;23061;21;10;"RENAULT";"MEGANE II Kombi (KM0/1_)";76;200701;200907;103;1461
"Fensterheber";1561;23062;15;15;"RENAULT";"MEGANE II Stufenheck (LM0/1_)";82;200601;;112;1598
"Fensterheber";1561;23063;1;15;"RENAULT";"MEGANE II Stufenheck (LM0/1_)";76;200310;201012;103;1461
"Fensterheber";1561;23065;24;15;"RENAULT";"MEGANE II (BM0/1_, CM0/1_)";82;200601;200806;112;1598
"Fensterheber";1561;23069;15;7;"RENAULT";"MEGANE II Coupé-Cabriolet (EM0/1_)";82;200601;200806;112;1598
"Fensterheber";1561;23071;1;8;"RENAULT";"SCÉNIC II (JM0/1_)";76;200701;200811;103;1461
"Fensterheber";1561;23072;43;8;"RENAULT";"SCÉNIC II (JM0/1_)";82;200510;200811;112;1598
"Fensterheber";1561;23077;15;6;"RENAULT";"MASTER II Kasten (FD)";88;200608;;120;2463
"Fensterheber";1561;23079;1;6;"RENAULT";"MASTER II Pritsche/Fahrgestell (ED/HD/UD)";74;200608;;101;2463
"Fensterheber";1561;23080;3;6;"RENAULT";"MASTER II Pritsche/Fahrgestell (ED/HD/UD)";88;200608;;120;2463
"Fensterheber";1561;23081;1;6;"RENAULT";"MASTER II Pritsche/Fahrgestell (ED/HD/UD)";107;200608;;146;2463
"Fensterheber";1561;23128;30;8;"SEAT";"IBIZA III (6L1)";63;200605;200911;86;1390
"Fensterheber";1561;23139;2;2;"FORD";"TOURNEO CONNECT";81;200608;201312;110;1753
"Fensterheber";1561;23162;24;6;"VW";"GOLF V (1K1)";90;200705;200811;122;1390
"Fensterheber";1561;23163;9;4;"VW";"GOLF V Variant (1K5)";90;200706;200907;122;1390
"Fensterheber";1561;23164;25;4;"VW";"GOLF PLUS V (5M1, 521)";90;200706;201312;122;1390
"Fensterheber";1561;23165;13;4;"SKODA";"FABIA II Combi (545)";51;200710;201412;70;1198
"Fensterheber";1561;23166;24;4;"SKODA";"FABIA II Combi (545)";63;200710;201412;86;1390
"Fensterheber";1561;23167;9;4;"SKODA";"FABIA II Combi (545)";77;200710;201412;105;1598
"Fensterheber";1561;23168;3;4;"SKODA";"FABIA II Combi (545)";51;200710;201003;70;1422
"Fensterheber";1561;23169;3;4;"SKODA";"FABIA II Combi (545)";59;200710;201003;80;1422
"Fensterheber";1561;23170;3;4;"SKODA";"FABIA II Combi (545)";77;200710;201003;105;1896
"Fensterheber";1561;23173;2;8;"ALFA ROMEO";"159 Sportwagon (939_)";154;200705;201212;210;2387
"Fensterheber";1561;23175;296;4;"FIAT";"500 (312_)";51;200707;;69;1242
"Fensterheber";1561;23176;47;4;"FIAT";"500 (312_)";74;200710;;100;1368
"Fensterheber";1561;23177;8;4;"FIAT";"500 (312_)";55;200710;;75;1248
"Fensterheber";1561;23178;8;4;"VW";"TIGUAN (5N_)";103;200709;201807;140;1968
"Fensterheber";1561;23179;1;4;"VW";"TIGUAN (5N_)";125;200709;201807;170;1968
"Fensterheber";1561;23182;1;4;"VW";"TIGUAN (5N_)";110;200709;201807;150;1390
"Fensterheber";1561;23183;4;10;"CITROËN";"C3 I (FC_, FN_)";54;200202;201011;73;1360
"Fensterheber";1561;23185;1;8;"NISSAN";"PRIMERA (P12)";80;200201;200604;109;1597
"Fensterheber";1561;23194;23;14;"FIAT";"GRANDE PUNTO (199_)";88;200709;;120;1368
"Fensterheber";1561;23201;2;8;"NISSAN";"PRIMERA (P12)";85;200208;200710;116;1870
"Fensterheber";1561;23205;57;9;"VW";"POLO (9N_, 9A_)";44;200705;200911;60;1198
"Fensterheber";1561;23207;43;9;"VW";"POLO (9N_, 9A_)";51;200705;200911;69;1198
"Fensterheber";1561;23227;2;12;"FIAT";"LINEA (323_, 110_)";66;200706;;90;1248
"Fensterheber";1561;23232;4;6;"SEAT";"ALTEA (5P1)";118;200701;;160;1798
"Fensterheber";1561;23240;2;2;"SKODA";"ROOMSTER Praktik (5J)";51;200703;201505;70;1198
"Fensterheber";1561;23263;3;4;"VW";"GOLF V Variant (1K5)";59;200706;200907;80;1390
"Fensterheber";1561;23264;1;8;"MAZDA";"3 (BK)";191;200612;200906;260;2261
"Fensterheber";1561;23266;2;8;"OPEL";"MOVANO A Pritsche/Fahrgestell (X70)";100;200310;;136;2953
"Fensterheber";1561;23267;7;4;"VW";"TRANSPORTER T5 Kasten (7HA, 7HH, 7EA, 7EH)";62;200601;200911;84;1896
"Fensterheber";1561;23268;22;8;"SKODA";"OCTAVIA I Combi (1U5)";74;200008;201012;100;1896
"Fensterheber";1561;23286;2;4;"VW";"TRANSPORTER T5 Pritsche/Fahrgestell (7JD, 7JE, 7JL, 7JY, 7JZ";62;200601;200911;84;1896
"Fensterheber";1561;23289;1;8;"KIA";"CEE'D Schrägheck (ED)";103;200709;201212;140;1991
"Fensterheber";1561;23291;29;4;"SKODA";"OCTAVIA I (1U2)";74;200510;201012;100;1896
"Fensterheber";1561;23292;4;2;"SKODA";"ROOMSTER (5J7)";51;200701;201505;70;1198
"Fensterheber";1561;23293;2;4;"SKODA";"SUPERB I (3U4)";85;200701;200803;115;1896
"Fensterheber";1561;23294;2;4;"SKODA";"SUPERB I (3U4)";77;200510;200705;105;1896
"Fensterheber";1561;23295;2;4;"VW";"JETTA III (1K2)";90;200705;201010;122;1390
"Fensterheber";1561;23355;1;8;"ALFA ROMEO";"159 Sportwagon (939_)";103;200506;201111;140;1796
"Fensterheber";1561;23356;5;8;"ALFA ROMEO";"159 (939_)";103;200506;201111;140;1796
"Fensterheber";1561;23357;1;4;"LANCIA";"MUSA (350_)";66;200609;201209;90;1248
"Fensterheber";1561;23379;4;11;"PEUGEOT";"308 I (4A_, 4C_)";70;200709;201410;95;1397
"Fensterheber";1561;23380;5;11;"PEUGEOT";"308 I (4A_, 4C_)";88;200709;201410;120;1598
"Fensterheber";1561;23382;3;11;"PEUGEOT";"308 I (4A_, 4C_)";66;200709;201410;90;1560
"Fensterheber";1561;23383;4;11;"PEUGEOT";"308 I (4A_, 4C_)";80;200709;201410;109;1560
"Fensterheber";1561;23384;1;11;"PEUGEOT";"308 I (4A_, 4C_)";100;200709;201410;136;1997
"Fensterheber";1561;23385;4;14;"PEUGEOT";"207 SW (WK_)";54;200706;201212;73;1360
"Fensterheber";1561;23386;2;14;"PEUGEOT";"207 SW (WK_)";70;200706;201310;95;1397
"Fensterheber";1561;23395;1;0;"MAZDA";"CX-7 (ER)";190;200710;200908;258;2261
"Fensterheber";1561;23399;1;8;"MERCEDES-BENZ";"C-CLASS T-Model (S204)";115;200708;201408;156;1796
"Fensterheber";1561;23400;1;8;"MERCEDES-BENZ";"C-CLASS T-Model (S204)";135;200708;201408;184;1796
"Fensterheber";1561;23408;1;8;"MERCEDES-BENZ";"C-CLASS T-Model (S204)";125;200708;200811;170;2148
"Fensterheber";1561;23425;6;4;"OPEL";"AGILA (B) (H08)";48;200804;201106;65;996
"Fensterheber";1561;23426;9;4;"OPEL";"AGILA (B) (H08)";63;200804;201210;86;1242
"Fensterheber";1561;23429;1;2;"BMW";"1 Coupe (E82)";225;200710;201310;306;2979
"Fensterheber";1561;23430;7;2;"BMW";"1 Coupe (E82)";130;200709;201310;177;1995
"Fensterheber";1561;23431;1;2;"BMW";"1 Coupe (E82)";150;200710;201310;204;1995
"Fensterheber";1561;23432;1;5;"BMW";"1 (E81)";150;200703;201112;204;1995
"Fensterheber";1561;23433;55;12;"HYUNDAI";"i30 (FD)";80;200710;201111;109;1396
"Fensterheber";1561;23434;7;12;"HYUNDAI";"i30 (FD)";90;200710;201111;122;1591
"Fensterheber";1561;23435;2;12;"HYUNDAI";"i30 (FD)";105;200710;201111;143;1975
"Fensterheber";1561;23436;13;12;"HYUNDAI";"i30 (FD)";85;200710;201111;116;1582
"Fensterheber";1561;23441;1;4;"CITROËN";"C5 I Break (DE_)";80;200106;200408;109;1997
"Fensterheber";1561;23445;1;2;"MINI";"MINI CLUBMAN (R55)";128;200708;201007;174;1598
"Fensterheber";1561;23446;6;2;"MINI";"MINI CLUBMAN (R55)";88;200710;201312;120;1598
"Fensterheber";1561;23447;5;2;"MINI";"MINI CLUBMAN (R55)";80;200710;201002;109;1560
"Fensterheber";1561;23451;6;4;"RENAULT";"CLIO III Grandtour (KR0/1_)";55;200802;201412;75;1149
"Fensterheber";1561;23453;19;4;"RENAULT";"CLIO III Grandtour (KR0/1_)";74;200711;201212;101;1149
"Fensterheber";1561;23458;1;4;"RENAULT";"CLIO III Grandtour (KR0/1_)";78;200802;201212;106;1461
"Fensterheber";1561;23462;3;6;"RENAULT";"KANGOO / GRAND KANGOO II (KW0/1_)";78;200802;;106;1598
"Fensterheber";1561;23464;2;6;"RENAULT";"KANGOO / GRAND KANGOO II (KW0/1_)";50;200802;;68;1461
"Fensterheber";1561;23465;1;6;"RENAULT";"KANGOO / GRAND KANGOO II (KW0/1_)";63;200802;;86;1461
"Fensterheber";1561;23470;3;0;"KIA";"PRO CEE'D (ED)";80;200802;201209;109;1396
"Fensterheber";1561;23471;1;0;"KIA";"PRO CEE'D (ED)";90;200802;201209;122;1591
"Fensterheber";1561;23474;3;0;"KIA";"PRO CEE'D (ED)";66;200802;201209;90;1582
"Fensterheber";1561;23475;3;0;"KIA";"PRO CEE'D (ED)";85;200802;201209;115;1582
"Fensterheber";1561;23484;6;12;"ABARTH";"GRANDE PUNTO";114;200707;201006;155;1368
"Fensterheber";1561;23485;9;2;"RENAULT";"TWINGO II (CN0_)";43;200703;201409;58;1149
"Fensterheber";1561;23486;5;2;"RENAULT";"TWINGO II (CN0_)";56;200703;;76;1149
"Fensterheber";1561;23503;1;6;"OPEL";"MOVANO A Bus (X70)";88;200608;;120;2464
"Fensterheber";1561;23504;2;8;"OPEL";"MOVANO A Kasten (X70)";88;200310;;120;2464
"Fensterheber";1561;23539;1;6;"PEUGEOT";"306 Cabriolet (7D, N3, N5)";74;199705;199904;101;1761
"Fensterheber";1561;23695;1;2;"SEAT";"LEON ST (5F8)";135;201308;202008;184;1968
"Fensterheber";1561;23701;1;2;"FIAT";"PANDA Kasten/Schrägheck (141_)";40;200009;200402;54;1108
"Fensterheber";1561;23797;1;2;"JEEP";"GRAND CHEROKEE II (WJ, WG)";120;200410;200509;163;2688
"Fensterheber";1561;23829;1;10;"CITROËN";"C3 I (FC_, FN_)";55;200505;;75;1398
"Fensterheber";1561;23857;3;2;"FIAT";"STRADA Pick-up (178_, 278_)";70;201010;;95;1248
"Fensterheber";1561;24176;5;2;"VW";"BEETLE (5C1, 5C2)";118;201110;201607;160;1390
"Fensterheber";1561;24177;1;2;"VW";"BEETLE (5C1, 5C2)";77;201110;201607;105;1598
"Fensterheber";1561;24201;7;10;"RENAULT";"LAGUNA II (BG0/1_)";79;200103;200709;107;1870
"Fensterheber";1561;24240;31;6;"SEAT";"ALTEA (5P1)";92;200711;;125;1390
"Fensterheber";1561;24241;46;6;"SEAT";"ALTEA XL (5P5, 5P8)";92;200711;;125;1390
"Fensterheber";1561;24242;5;6;"SEAT";"ALTEA XL (5P5, 5P8)";147;200706;200905;200;1984
"Fensterheber";1561;24243;3;6;"SEAT";"ALTEA XL (5P5, 5P8)";125;200706;201306;170;1968
"Fensterheber";1561;24375;2;2;"VW";"TRANSPORTER T5 Kasten (7HA, 7HH, 7EA, 7EH)";84;201105;201508;114;1968
"Fensterheber";1561;24433;1;4;"OPEL";"VIVARO A Pritsche/Fahrgestell (X83)";84;200608;201407;114;1995
"Fensterheber";1561;24440;5;3;"BMW";"1 Cabriolet (E88)";125;200712;201310;170;1995
"Fensterheber";1561;24441;5;3;"BMW";"1 Cabriolet (E88)";160;200712;201310;218;2996
"Fensterheber";1561;24450;1;7;"FORD";"MONDEO IV (BA7)";118;200707;201501;160;2261
"Fensterheber";1561;24452;1;7;"FORD";"MONDEO IV (BA7)";129;200803;201010;175;2179
"Fensterheber";1561;24454;6;7;"FORD";"MONDEO IV Turnier (BA7)";129;200803;201010;175;2179
"Fensterheber";1561;24458;5;7;"FORD";"MONDEO IV Turnier (BA7)";85;200711;201501;115;1997
"Fensterheber";1561;24459;1;8;"FORD";"S-MAX (WA6)";129;200803;201212;175;2179
"Fensterheber";1561;24466;2;4;"VW";"CADDY III Großraumlimousine (2KB, 2KJ, 2CB, 2CJ)";103;200709;201008;140;1968
"Fensterheber";1561;24469;1;5;"CHEVROLET";"LACETTI (J200)";89;200701;;121;1991
"Fensterheber";1561;24472;2;2;"AUDI";"TT (8J3)";200;200805;201406;272;1984
"Fensterheber";1561;24473;2;2;"AUDI";"TT Roadster (8J9)";200;200805;201406;272;1984
"Fensterheber";1561;24493;4;4;"AUDI";"A3 Cabriolet (8P7)";118;200804;201305;160;1798
"Fensterheber";1561;24496;2;4;"AUDI";"A3 Cabriolet (8P7)";103;200804;201305;140;1968
"Fensterheber";1561;24498;5;4;"CITROËN";"C5 III (RD_)";92;200802;;125;1749
"Fensterheber";1561;24499;4;4;"CITROËN";"C5 III (RD_)";103;200802;;140;1997
"Fensterheber";1561;24501;10;4;"CITROËN";"C5 III (RD_)";80;200802;;109;1560
"Fensterheber";1561;24502;10;4;"CITROËN";"C5 III (RD_)";100;200802;;136;1997
"Fensterheber";1561;24505;1;4;"CITROËN";"C5 III Break (RW_)";92;200802;200912;125;1749
"Fensterheber";1561;24506;4;4;"CITROËN";"C5 III Break (RW_)";103;200802;201112;140;1997
"Fensterheber";1561;24508;4;4;"CITROËN";"C5 III Break (RW_)";80;200802;;109;1560
"Fensterheber";1561;24509;10;4;"CITROËN";"C5 III Break (RW_)";100;200802;;136;1997
"Fensterheber";1561;24512;1;6;"CITROËN";"BERLINGO MULTISPACE (B9)";66;200804;;90;1587
"Fensterheber";1561;24513;8;6;"CITROËN";"BERLINGO MULTISPACE (B9)";80;200804;;109;1587
"Fensterheber";1561;24515;7;6;"CITROËN";"BERLINGO MULTISPACE (B9)";66;200804;;90;1560
"Fensterheber";1561;24516;4;6;"CITROËN";"BERLINGO MULTISPACE (B9)";80;200804;;109;1560
"Fensterheber";1561;24518;1;6;"CITROËN";"BERLINGO Kasten/Großraumlimousine (B9)";80;200804;;109;1587
"Fensterheber";1561;24519;6;6;"CITROËN";"BERLINGO Kasten/Großraumlimousine (B9)";55;200804;;75;1560
"Fensterheber";1561;24522;5;6;"CITROËN";"NEMO Kasten/Großraumlimousine (AA_)";54;200802;;73;1360
"Fensterheber";1561;24523;4;6;"CITROËN";"NEMO Kasten/Großraumlimousine (AA_)";50;200802;;68;1398
"Fensterheber";1561;24527;3;6;"PEUGEOT";"BIPPER (AA_)";54;200802;;73;1360
"Fensterheber";1561;24528;9;6;"PEUGEOT";"BIPPER (AA_)";50;200802;;68;1398
"Fensterheber";1561;24529;1;6;"PEUGEOT";"PARTNER TEPEE";66;200804;;90;1587
"Fensterheber";1561;24530;1;6;"PEUGEOT";"PARTNER TEPEE";80;200804;;109;1587
"Fensterheber";1561;24533;1;6;"PEUGEOT";"PARTNER TEPEE";80;200804;;109;1560
"Fensterheber";1561;24534;3;6;"PEUGEOT";"PARTNER Kasten/Großraumlimousine";66;200804;;90;1587
"Fensterheber";1561;24536;2;6;"PEUGEOT";"PARTNER Kasten/Großraumlimousine";55;200804;;75;1560
"Fensterheber";1561;24537;7;6;"PEUGEOT";"PARTNER Kasten/Großraumlimousine";66;200804;;90;1560
"Fensterheber";1561;24547;1;4;"SMART";"FORTWO Coupe (451)";72;200801;;98;999
"Fensterheber";1561;24555;1;2;"MITSUBISHI";"PAJERO II (V3_W, V2_W, V4_W, V5_W)";73;199103;199908;99;2477
"Fensterheber";1561;25108;2;15;"RENAULT";"MEGANE II (BM0/1_, CM0/1_)";77;200506;200802;105;1598
"Fensterheber";1561;25113;1;4;"VW";"GOLF II (19E, 1G1)";51;198608;199107;69;1595
"Fensterheber";1561;25442;1;2;"BMW";"1 Coupe (E82)";160;200803;201310;218;2996
"Fensterheber";1561;25443;27;3;"BMW";"1 Cabriolet (E88)";105;200803;201312;143;1995
"Fensterheber";1561;25444;3;3;"BMW";"1 Cabriolet (E88)";225;200803;201310;306;2979
"Fensterheber";1561;25445;6;3;"BMW";"1 Cabriolet (E88)";130;200803;201312;177;1995
"Fensterheber";1561;25446;1;4;"BMW";"5 (E60)";145;200611;200708;197;2993
"Fensterheber";1561;25448;3;12;"HYUNDAI";"i30 Kombi (FD)";90;200802;201206;122;1591
"Fensterheber";1561;25449;1;12;"HYUNDAI";"i30 Kombi (FD)";105;200802;201206;143;1975
"Fensterheber";1561;25450;6;12;"HYUNDAI";"i30 Kombi (FD)";85;200802;201206;116;1582
"Fensterheber";1561;25451;4;4;"TOYOTA";"HILUX VII Pick-up (_N1_, _N2_, _N3_)";88;200606;201505;120;2494
"Fensterheber";1561;25458;5;6;"MAZDA";"6 Stufenheck (GH)";108;200708;201212;147;1999
"Fensterheber";1561;25462;1;6;"MAZDA";"6 Hatchback (GH)";108;200708;201307;147;1999
"Fensterheber";1561;25465;18;6;"BMW";"3 (E90)";105;200709;201110;143;1995
"Fensterheber";1561;25466;16;6;"BMW";"3 (E90)";105;200702;201110;143;1995
"Fensterheber";1561;25468;7;6;"BMW";"3 (E90)";160;200703;201112;218;2996
"Fensterheber";1561;25470;6;6;"BMW";"3 (E90)";125;200709;201110;170;1995
"Fensterheber";1561;25471;18;6;"BMW";"3 (E90)";130;200709;201002;177;1995
"Fensterheber";1561;25473;1;6;"BMW";"3 (E90)";200;200709;200808;272;2996
"Fensterheber";1561;25474;9;6;"BMW";"3 Touring (E91)";105;200705;201205;143;1995
"Fensterheber";1561;25475;33;6;"BMW";"3 Touring (E91)";105;200709;201206;143;1995
"Fensterheber";1561;25476;6;6;"BMW";"3 Touring (E91)";125;200702;201212;170;1995
"Fensterheber";1561;25478;2;6;"BMW";"3 Touring (E91)";200;200709;201206;272;2996
"Fensterheber";1561;25482;19;6;"BMW";"3 Touring (E91)";130;200702;201012;177;1995
"Fensterheber";1561;25488;14;5;"BMW";"1 (E81)";90;200703;201112;122;1599
"Fensterheber";1561;25489;5;4;"BMW";"5 (E60)";130;200709;200912;177;1995
"Fensterheber";1561;25490;3;4;"BMW";"5 Touring (E61)";130;200709;201005;177;1995
"Fensterheber";1561;25497;11;4;"BMW";"X3 (E83)";130;200709;200808;177;1995
"Fensterheber";1561;25502;1;6;"OPEL";"ZAFIRA / ZAFIRA FAMILY B (A05)";81;200801;201504;110;1686
"Fensterheber";1561;25508;1;4;"AUDI";"A4 B8 Avant (8K5)";105;200804;201512;143;1968
"Fensterheber";1561;25762;6;6;"FIAT";"PUNTO (199_)";77;201203;;105;1368
"Fensterheber";1561;25909;36;6;"FIAT";"PUNTO (199_)";57;201203;;78;1368
"Fensterheber";1561;26003;243;6;"FIAT";"PUNTO (199_)";51;201203;;69;1242
"Fensterheber";1561;26004;1;6;"FIAT";"PUNTO (199_)";55;201203;;75;1368
"Fensterheber";1561;26018;3;3;"MERCEDES-BENZ";"SPRINTER 3,5-t Pritsche/Fahrgestell (B906)";95;200606;201605;129;2143
"Fensterheber";1561;26491;8;6;"FIAT";"PUNTO (199_)";55;201203;;75;1248
"Fensterheber";1561;26492;9;6;"FIAT";"PUNTO (199_)";62;201203;;84;1248
"Fensterheber";1561;26547;6;4;"AUDI";"A4 B7 (8EC)";89;200509;200609;121;1968
"Fensterheber";1561;26551;6;6;"SEAT";"ALTEA (5P1)";63;200605;;86;1390
"Fensterheber";1561;26552;2;4;"SEAT";"LEON (1P1)";63;200606;201212;86;1390
"Fensterheber";1561;26553;1;4;"AUDI";"A4 B7 (8EC)";120;200606;200806;163;1968
"Fensterheber";1561;26560;1;6;"CITROËN";"BERLINGO / BERLINGO FIRST Kasten/Großraumlimousine (M_)";66;200507;201112;90;1560
"Fensterheber";1561;26581;11;4;"AUDI";"A3 (8P1)";92;200709;201208;125;1390
"Fensterheber";1561;26582;21;4;"AUDI";"A3 Sportback (8PA)";92;200709;201303;125;1390
"Fensterheber";1561;26584;5;4;"HYUNDAI";"i10 I (PA)";49;200801;201312;67;1086
"Fensterheber";1561;26594;4;7;"SAAB";"9-3 (YS3F, E79, D79, D75)";132;200712;201502;180;1910
"Fensterheber";1561;26596;1;6;"SAAB";"9-3 Kombi (E50)";132;200712;201502;180;1910
"Fensterheber";1561;26602;1;8;"FIAT";"BRAVO II (198_)";77;200709;201412;105;1598
"Fensterheber";1561;26603;1;8;"FIAT";"BRAVO II (198_)";88;200803;201412;120;1598
"Fensterheber";1561;26604;1;9;"CHEVROLET";"AVEO / KALOS Schrägheck (T250, T255)";74;200804;;101;1399
"Fensterheber";1561;26609;1;0;"VW";"PASSAT CC B6 (357)";103;200806;201201;140;1968
"Fensterheber";1561;26611;2;9;"PEUGEOT";"308 SW I (4E_, 4H_)";88;200709;201410;120;1598
"Fensterheber";1561;26615;1;9;"PEUGEOT";"308 SW I (4E_, 4H_)";80;200709;201410;109;1560
"Fensterheber";1561;26621;17;6;"FIAT";"PANDA (169_)";44;200701;201112;60;1242
"Fensterheber";1561;26623;2;6;"SKODA";"OCTAVIA II (1Z3)";125;200604;201302;170;1968
"Fensterheber";1561;26624;19;6;"SKODA";"OCTAVIA II Combi (1Z5)";125;200604;201302;170;1968
"Fensterheber";1561;26628;1;10;"RENAULT";"MODUS / GRAND MODUS (F/JP0_)";58;200412;;78;1149
"Fensterheber";1561;26629;2;10;"RENAULT";"MODUS / GRAND MODUS (F/JP0_)";48;200412;;65;1461
"Fensterheber";1561;26630;4;8;"PEUGEOT";"207 (WA_, WC_)";70;200706;201310;95;1397
"Fensterheber";1561;26635;3;0;"KIA";"PRO CEE'D (ED)";93;200802;201209;126;1591
"Fensterheber";1561;26636;1;8;"KIA";"CEE'D SW (ED)";93;200709;201212;126;1591
"Fensterheber";1561;26644;1;2;"AUDI";"A5 (8T3)";195;200706;201203;265;3197
"Fensterheber";1561;26654;1;4;"RENAULT";"KOLEOS I (HY_)";110;200809;;150;1995
"Fensterheber";1561;26659;12;6;"FIAT";"FIORINO Kasten/Großraumlimousine (225_)";54;200711;;73;1360
"Fensterheber";1561;26660;16;6;"FIAT";"FIORINO Kasten/Großraumlimousine (225_)";55;200711;;75;1248
"Fensterheber";1561;26669;1;6;"FORD";"FIESTA V Van";51;200310;200507;69;1299
"Fensterheber";1561;26743;3;4;"VW";"GOLF VII Variant (BA5, BV5)";110;201304;201805;150;1968
"Fensterheber";1561;26753;1;4;"VW";"GOLF VII Variant (BA5, BV5)";103;201305;202008;140;1395
"Fensterheber";1561;26977;12;4;"VW";"GOLF VII Variant (BA5, BV5)";81;201305;201703;110;1598
"Fensterheber";1561;27063;1;2;"MERCEDES-BENZ";"G-CLASS (W463)";368;200608;201212;500;5439
"Fensterheber";1561;27279;1;0;"TOYOTA";"HIACE IV Kasten (__H1_, __H2_)";86;200609;201212;117;2494
"Fensterheber";1561;27308;11;6;"FIAT";"PUNTO (199_)";57;201203;;78;1368
"Fensterheber";1561;27326;2;4;"AUDI";"A4 B7 (8EC)";93;200511;200611;126;1968
"Fensterheber";1561;27512;3;8;"OPEL";"MOVANO A Kasten (X70)";74;200310;;101;2464
"Fensterheber";1561;27528;5;4;"SUZUKI";"SPLASH (EX)";48;200801;;65;996
"Fensterheber";1561;27529;6;4;"SUZUKI";"SPLASH (EX)";63;200801;;86;1242
"Fensterheber";1561;27530;1;4;"SUZUKI";"SPLASH (EX)";55;200801;;75;1248
"Fensterheber";1561;27532;1;4;"RENAULT";"LAGUNA III Grandtour (KT0/1)";127;200801;201512;173;1995
"Fensterheber";1561;27537;6;4;"VW";"GOLF PLUS V (5M1, 521)";118;200806;201312;160;1390
"Fensterheber";1561;27540;6;4;"VW";"PASSAT B6 Variant (3C5)";90;200705;201011;122;1390
"Fensterheber";1561;27544;2;4;"VW";"PASSAT B6 (3C2)";90;200705;201007;122;1390
"Fensterheber";1561;27545;1;4;"VW";"PASSAT B6 (3C2)";118;200705;201007;160;1798
"Fensterheber";1561;27547;1;4;"VW";"PASSAT B6 (3C2)";100;200503;201011;136;1968
"Fensterheber";1561;27555;5;6;"BMW";"3 (E90)";85;200509;201110;115;1596
"Fensterheber";1561;27562;1;4;"AUDI";"A3 Sportback (8PA)";195;200806;201303;265;1984
"Fensterheber";1561;27576;1;6;"DACIA";"SANDERO";55;200806;;75;1390
"Fensterheber";1561;27584;10;3;"SEAT";"IBIZA IV (6J5, 6P1)";51;200803;201505;70;1198
"Fensterheber";1561;27585;19;3;"SEAT";"IBIZA IV (6J5, 6P1)";63;200803;201505;85;1390
"Fensterheber";1561;27586;2;3;"SEAT";"IBIZA IV (6J5, 6P1)";59;200807;201006;80;1422
"Fensterheber";1561;27670;4;6;"BMW";"3 (F30, F80)";135;201203;201810;184;1997
"Fensterheber";1561;27674;1;6;"BMW";"3 (F30, F80)";85;201203;201810;116;1995
"Fensterheber";1561;27765;1;6;"BMW";"3 (F30, F80)";105;201203;201506;143;1995
"Fensterheber";1561;27769;1;2;"VW";"TRANSPORTER T5 Kasten (7HA, 7HH, 7EA, 7EH)";100;201005;201508;136;1968
"Fensterheber";1561;27949;1;6;"FIAT";"PANDA Kasten/Schrägheck (169_)";44;200409;;60;1242
"Fensterheber";1561;27950;1;6;"FIAT";"PANDA Kasten/Schrägheck (169_)";44;200409;;60;1242
"Fensterheber";1561;27975;1;6;"MINI";"MINI (R50, R53)";55;200304;200609;75;1398
"Fensterheber";1561;27979;1;6;"RENAULT";"CLIO II Kasten/Schrägheck (SB0/1/2_)";59;200106;200410;80;1461
"Fensterheber";1561;27992;5;4;"SMART";"FORTWO Coupe (450)";45;200401;200702;61;599
"Fensterheber";1561;27993;1;6;"RENAULT";"ESPACE IV (JK0/1_)";98;200211;201512;133;1998
"Fensterheber";1561;27994;3;4;"VW";"TOURAN (1T1, 1T2)";125;200611;201005;170;1390
"Fensterheber";1561;27998;1;6;"VW";"GOLF V (1K1)";85;200501;200811;116;1984
"Fensterheber";1561;28045;2;6;"SEAT";"ALTEA XL (5P5, 5P8)";63;200610;;86;1390
"Fensterheber";1561;28120;6;0;"KIA";"PRO CEE'D (ED)";66;201006;201209;90;1396
"Fensterheber";1561;28130;8;2;"SEAT";"IBIZA IV SC (6J1, 6P5)";51;200807;201505;70;1198
"Fensterheber";1561;28131;5;2;"SEAT";"IBIZA IV SC (6J1, 6P5)";63;200807;201505;85;1390
"Fensterheber";1561;28135;1;8;"LANCIA";"DELTA III (844_)";110;200809;201408;150;1368
"Fensterheber";1561;28140;4;4;"PEUGEOT";"407 (6D_)";103;200906;201012;140;1997
"Fensterheber";1561;28141;9;4;"PEUGEOT";"407 SW (6E_, 6D_)";103;200808;201012;140;1997
"Fensterheber";1561;28151;1;6;"MAZDA";"6 Kombi (GH)";108;200712;201307;147;1999
"Fensterheber";1561;28153;1;6;"MAZDA";"6 Kombi (GH)";125;200802;201307;170;2488
"Fensterheber";1561;28154;11;6;"MERCEDES-BENZ";"VITO Bus (W639)";70;200709;201408;95;2148
"Fensterheber";1561;28155;50;6;"MERCEDES-BENZ";"VITO / MIXTO Kasten (W639)";85;200709;;116;2148
"Fensterheber";1561;28156;13;6;"MERCEDES-BENZ";"VITO / MIXTO Kasten (W639)";150;200607;;204;2987
"Fensterheber";1561;28157;1;6;"MERCEDES-BENZ";"VITO / MIXTO Kasten (W639)";80;200709;;109;2148
"Fensterheber";1561;28158;2;6;"MERCEDES-BENZ";"VITO / MIXTO Kasten (W639)";110;200607;;150;2148
"Fensterheber";1561;28162;29;6;"MERCEDES-BENZ";"VITO Bus (W639)";85;200709;;116;2148
"Fensterheber";1561;28163;5;6;"MERCEDES-BENZ";"VITO Bus (W639)";110;200709;201408;150;2148
"Fensterheber";1561;28164;8;6;"MERCEDES-BENZ";"VITO Bus (W639)";150;200607;;204;2987
"Fensterheber";1561;28168;5;4;"VW";"TOUAREG (7LA, 7L6, 7L7)";176;200711;201005;240;2967
"Fensterheber";1561;28173;1;4;"SEAT";"LEON (1P1)";92;200711;201212;125;1390
"Fensterheber";1561;28198;12;4;"CITROËN";"C3 PICASSO (SH_)";70;200902;;95;1397
"Fensterheber";1561;28199;4;4;"CITROËN";"C3 PICASSO (SH_)";88;200902;;120;1598
"Fensterheber";1561;28200;1;4;"CITROËN";"C3 PICASSO (SH_)";80;200902;;109;1560
"Fensterheber";1561;28203;3;6;"SKODA";"OCTAVIA II (1Z3)";118;200706;201304;160;1798
"Fensterheber";1561;28204;19;6;"SKODA";"OCTAVIA II Combi (1Z5)";118;200706;201304;160;1798
"Fensterheber";1561;28206;2;6;"SKODA";"OCTAVIA II (1Z3)";100;200402;201005;136;1968
"Fensterheber";1561;28207;2;6;"SKODA";"OCTAVIA II Combi (1Z5)";100;200402;201005;136;1968
"Fensterheber";1561;28216;1;3;"OPEL";"INSIGNIA A (G09)";162;200807;201703;220;1998
"Fensterheber";1561;28222;1;3;"OPEL";"INSIGNIA A Stufenheck (G09)";103;200807;201703;140;1796
"Fensterheber";1561;28229;8;2;"VOLVO";"XC60 I SUV (156)";120;200805;201702;163;2400
"Fensterheber";1561;28231;29;0;"VW";"SCIROCCO III (137, 138)";118;200805;201711;160;1390
"Fensterheber";1561;28232;20;0;"VW";"SCIROCCO III (137, 138)";90;200808;201711;122;1390
"Fensterheber";1561;28233;8;0;"VW";"SCIROCCO III (137, 138)";103;200808;201711;140;1968
"Fensterheber";1561;28234;7;0;"VW";"SCIROCCO III (137, 138)";147;200805;200911;200;1984
"Fensterheber";1561;28235;3;10;"FORD";"FIESTA VI (CB1, CCN)";44;200806;201704;60;1242
"Fensterheber";1561;28236;10;10;"FORD";"FIESTA VI (CB1, CCN)";60;200806;201704;82;1242
"Fensterheber";1561;28238;1;10;"FORD";"FIESTA VI (CB1, CCN)";71;200810;;97;1388
"Fensterheber";1561;28240;3;2;"PORSCHE";"911 (997)";254;200806;201112;345;3614
"Fensterheber";1561;28248;6;4;"ALFA ROMEO";"MITO (955_)";70;200809;201308;95;1368
"Fensterheber";1561;28249;3;4;"ALFA ROMEO";"MITO (955_)";114;200808;201106;155;1368
"Fensterheber";1561;28250;3;4;"ALFA ROMEO";"MITO (955_)";88;200808;201508;120;1598
"Fensterheber";1561;28252;1;4;"SKODA";"SUPERB II (3T4)";92;200807;201505;125;1390
"Fensterheber";1561;28253;2;4;"SKODA";"SUPERB II (3T4)";118;200803;201505;160;1798
"Fensterheber";1561;28257;2;4;"SKODA";"SUPERB II (3T4)";125;200807;201505;170;1968
"Fensterheber";1561;28261;1;3;"SEAT";"IBIZA IV (6J5, 6P1)";77;200803;201006;105;1896
"Fensterheber";1561;28263;1;2;"PORSCHE";"911 (997)";283;200806;201212;385;3800
"Fensterheber";1561;28278;11;2;"AUDI";"TT (8J3)";118;200806;201406;160;1798
"Fensterheber";1561;28279;3;2;"AUDI";"TT (8J3)";125;200806;201406;170;1968
"Fensterheber";1561;28280;7;2;"AUDI";"TT Roadster (8J9)";118;200806;201406;160;1798
"Fensterheber";1561;28281;2;2;"AUDI";"TT Roadster (8J9)";125;200806;201406;170;1968
"Fensterheber";1561;28286;5;4;"VW";"TOUAREG (7LA, 7L6, 7L7)";120;200308;201005;163;2461
"Fensterheber";1561;28506;5;6;"MERCEDES-BENZ";"VIANO (W639)";85;200508;;116;2148
"Fensterheber";1561;28507;51;6;"MERCEDES-BENZ";"VITO / MIXTO Kasten (W639)";70;200608;;95;2148
"Fensterheber";1561;28515;1;4;"TOYOTA";"HILUX VII Pick-up (_N1_, _N2_, _N3_)";75;200503;201505;102;2494
"Fensterheber";1561;28536;2;6;"FIAT";"DOBLO Großraumlimousine (119_, 223_)";55;200505;;75;1248
"Fensterheber";1561;28568;2;4;"AUDI";"A4 B7 Avant (8ED)";93;200511;200611;126;1968
"Fensterheber";1561;28579;16;12;"HYUNDAI";"i30 (FD)";77;200710;201111;105;1396
"Fensterheber";1561;28580;1;12;"HYUNDAI";"i30 (FD)";85;200710;201111;116;1591
"Fensterheber";1561;28581;16;12;"HYUNDAI";"i30 (FD)";66;200710;201111;90;1582
"Fensterheber";1561;28583;5;12;"HYUNDAI";"i30 Kombi (FD)";66;200802;201206;90;1582
"Fensterheber";1561;28585;5;12;"HYUNDAI";"i30 Kombi (FD)";93;200802;201206;126;1591
"Fensterheber";1561;28589;1;6;"CITROËN";"C4 I (LC_)";88;200807;201107;120;1598
"Fensterheber";1561;28603;1;6;"SEAT";"TOLEDO III (5P2)";100;200409;200905;136;1968
"Fensterheber";1561;28620;1;3;"HYUNDAI";"COUPE II (GK)";100;200108;200908;136;1975
"Fensterheber";1561;28621;1;6;"MERCEDES-BENZ";"VIANO (W639)";190;200709;;258;3498
"Fensterheber";1561;28731;1;4;"CITROËN";"SAXO (S0, S1)";43;200107;200404;58;1527
"Fensterheber";1561;28769;2;2;"RENAULT";"CLIO II (BB_, CB_)";50;200408;201212;68;1461
"Fensterheber";1561;28830;1;7;"FIAT";"STILO Multi Wagon (192_)";66;200409;200808;90;1910
"Fensterheber";1561;28835;2;15;"RENAULT";"MEGANE II Stufenheck (LM0/1_)";77;200505;;105;1598
"Fensterheber";1561;29298;2;2;"AUDI";"A6 Allroad C7 (4GH, 4GJ)";180;201201;201606;245;2967
"Fensterheber";1561;29483;2;0;"HONDA";"ACCORD VIII Kombi (CW)";115;200807;201506;156;1997
"Fensterheber";1561;29486;10;4;"FIAT";"QUBO (225_)";54;200802;;73;1360
"Fensterheber";1561;29487;8;4;"FIAT";"QUBO (225_)";55;200802;;75;1248
"Fensterheber";1561;29488;2;0;"MERCEDES-BENZ";"CLS (C219)";170;200807;201012;231;2996
"Fensterheber";1561;29717;1;4;"DACIA";"LODGY (JS_)";61;201203;;83;1598
"Fensterheber";1561;29725;1;2;"SEAT";"LEON ST (5F8)";63;201311;201808;86;1197
"Fensterheber";1561;29917;1;4;"RENAULT";"GRAND SCÉNIC II (JM0/1_)";78;200505;200901;106;1461
"Fensterheber";1561;29924;3;3;"OPEL";"INSIGNIA A Sports Tourer (G09)";103;200807;201703;140;1796
"Fensterheber";1561;29926;1;3;"OPEL";"INSIGNIA A Sports Tourer (G09)";191;200810;201306;260;2792
"Fensterheber";1561;29928;1;3;"OPEL";"INSIGNIA A Sports Tourer (G09)";96;200807;201506;131;1956
"Fensterheber";1561;29929;4;3;"OPEL";"INSIGNIA A Sports Tourer (G09)";118;200807;201506;160;1956
"Fensterheber";1561;29943;7;3;"BMW";"1 Cabriolet (E88)";105;200809;201312;143;1995
"Fensterheber";1561;29944;1;3;"BMW";"1 Cabriolet (E88)";150;200809;201312;204;1995
"Fensterheber";1561;29950;24;4;"RENAULT";"MEGANE III Schrägheck (BZ0/1_, B3_)";74;200811;201508;101;1598
"Fensterheber";1561;29952;1;4;"RENAULT";"MEGANE III Schrägheck (BZ0/1_, B3_)";103;200902;;140;1997
"Fensterheber";1561;29953;13;4;"RENAULT";"MEGANE III Schrägheck (BZ0/1_, B3_)";96;200904;;131;1397
"Fensterheber";1561;29954;4;4;"RENAULT";"MEGANE III Schrägheck (BZ0/1_, B3_)";66;200811;201508;90;1461
"Fensterheber";1561;29956;19;4;"RENAULT";"MEGANE III Schrägheck (BZ0/1_, B3_)";81;200902;;110;1461
"Fensterheber";1561;29961;1;2;"RENAULT";"MEGANE III Coupe (DZ0/1_)";66;200811;201508;90;1461
"Fensterheber";1561;29969;2;2;"FORD";"TRANSIT Kasten (FA_ _)";103;200710;201408;140;2198
"Fensterheber";1561;29970;5;2;"FORD";"TRANSIT Bus (FD_ _, FB_ _, FS_ _, FZ_ _, FC_ _)";103;200710;201408;140;2198
"Fensterheber";1561;29972;1;2;"FORD";"TRANSIT TOURNEO Bus";103;200710;201408;140;2198
"Fensterheber";1561;29973;12;2;"AUDI";"A5 (8T3)";132;200811;201203;180;1984
"Fensterheber";1561;29974;3;2;"AUDI";"A5 (8T3)";155;200806;201311;211;1984
"Fensterheber";1561;29975;5;2;"AUDI";"A5 (8T3)";155;200806;201701;211;1984
"Fensterheber";1561;29976;1;2;"AUDI";"A5 (8T3)";120;200709;201203;163;2698
"Fensterheber";1561;29977;1;2;"AUDI";"A5 (8T3)";155;200803;201005;211;2967
"Fensterheber";1561;29983;1;2;"LAND ROVER";"DEFENDER Station Wagon (L316)";90;200610;201602;122;2402
"Fensterheber";1561;29986;4;4;"ALFA ROMEO";"MITO (955_)";58;200808;201308;78;1368
"Fensterheber";1561;29988;1;16;"RENAULT";"CLIO III (BR0/1, CR0/1)";55;200807;201412;75;1149
"Fensterheber";1561;29990;58;2;"VW";"GOLF VI (5K1)";59;200810;201211;80;1390
"Fensterheber";1561;29991;9;2;"VW";"GOLF VI (5K1)";75;200810;201211;102;1595
"Fensterheber";1561;29992;39;2;"VW";"GOLF VI (5K1)";90;200810;201211;122;1390
"Fensterheber";1561;29993;6;2;"VW";"GOLF VI (5K1)";118;200810;201211;160;1390
"Fensterheber";1561;29994;5;2;"VW";"GOLF VI (5K1)";103;200810;201305;140;1968
"Fensterheber";1561;29995;10;2;"VW";"GOLF VI (5K1)";81;200810;201211;110;1968
"Fensterheber";1561;29998;3;2;"RENAULT";"CLIO II (BB_, CB_)";47;200506;201012;64;1461
"Fensterheber";1561;30000;1;4;"AUDI";"A4 B8 (8K2)";118;200809;201203;160;1798
"Fensterheber";1561;30325;2;4;"BMW";"3 Coupe (E46)";170;200006;200605;231;2979
"Fensterheber";1561;30326;18;7;"FIAT";"DUCATO Kasten (250_)";96;201106;;131;2287
"Fensterheber";1561;30357;2;0;"HONDA";"CIVIC VIII Hatchback (FN, FK)";73;200810;;100;1339
"Fensterheber";1561;30358;5;7;"HONDA";"JAZZ III (GE_, GG_, GP_, ZA_)";73;200807;;100;1339
"Fensterheber";1561;30359;11;7;"HONDA";"JAZZ III (GE_, GG_, GP_, ZA_)";66;200807;;90;1198
"Fensterheber";1561;30361;1;3;"AUDI";"A6 C6 (4F2)";125;200811;201103;170;1968
"Fensterheber";1561;30362;3;3;"AUDI";"A6 C6 (4F2)";140;200810;201103;190;2698
"Fensterheber";1561;30368;1;8;"MERCEDES-BENZ";"C-CLASS (W204)";115;200801;201401;156;1597
"Fensterheber";1561;30369;1;3;"AUDI";"A6 C6 (4F2)";176;200810;201103;240;2967
"Fensterheber";1561;30374;3;3;"AUDI";"A6 C6 Avant (4F5)";140;200810;201108;190;2698
"Fensterheber";1561;30377;1;3;"AUDI";"A6 C6 Avant (4F5)";162;200810;201108;220;2773
"Fensterheber";1561;30380;4;3;"AUDI";"A6 C6 Avant (4F5)";176;200810;201108;240;2967
"Fensterheber";1561;30383;1;3;"AUDI";"A6 Allroad C6 (4FH)";176;200810;201108;240;2967
"Fensterheber";1561;30385;2;6;"CITROËN";"C4 I (LC_)";103;200807;201107;140;1997
"Fensterheber";1561;30398;1;4;"VW";"TOUAREG (7LA, 7L6, 7L7)";155;200604;201005;211;2967
"Fensterheber";1561;30417;1;2;"FORD";"TRANSIT TOURNEO Bus";85;200810;201408;115;2198
"Fensterheber";1561;30418;2;2;"FORD";"TRANSIT Kasten (FA_ _)";85;200810;201408;115;2198
"Fensterheber";1561;30419;4;2;"FORD";"TRANSIT Bus (FD_ _, FB_ _, FS_ _, FZ_ _, FC_ _)";85;200810;201408;115;2198
"Fensterheber";1561;30435;1;0;"SUBARU";"LEGACY IV Kombi (BP)";110;200802;200912;150;1998
"Fensterheber";1561;30446;1;6;"SEAT";"ALTEA XL (5P5, 5P8)";75;200610;201011;102;1595
"Fensterheber";1561;30473;5;7;"FIAT";"DUCATO Pritsche/Fahrgestell (250_)";96;200607;;131;2287
"Fensterheber";1561;30487;1;3;"FORD";"FOCUS III Turnier";92;201202;;125;998
"Fensterheber";1561;30688;1;0;"CHRYSLER";"SEBRING (JS)";115;200707;201012;156;1998
"Fensterheber";1561;30739;2;4;"AUDI";"A3 Sportback (8PA)";118;200807;201303;160;1798
"Fensterheber";1561;30764;2;4;"PORSCHE";"CAYENNE (9PA)";176;200902;201009;240;2967
"Fensterheber";1561;30823;2;10;"PEUGEOT";"3008 Großraumlimousine (0U_)";80;200906;201608;109;1560
"Fensterheber";1561;30839;151;8;"FORD";"KA (RU8)";51;200810;201605;69;1242
"Fensterheber";1561;30840;8;8;"FORD";"KA (RU8)";55;200810;201605;75;1248
"Fensterheber";1561;30842;3;4;"HYUNDAI";"i10 I (PA)";57;200811;201112;78;1248
"Fensterheber";1561;30845;5;6;"TOYOTA";"YARIS (_P9_)";74;200811;201112;100;1329
"Fensterheber";1561;30862;1;0;"SUZUKI";"GRAND VITARA II (JT, TE, TD)";124;200901;;169;2393
"Fensterheber";1561;30864;3;6;"BMW";"3 (E90)";180;200809;201110;245;2993
"Fensterheber";1561;30865;2;6;"BMW";"3 Touring (E91)";180;200802;201205;245;2993
"Fensterheber";1561;30867;1;2;"BMW";"3 Coupe (E92)";180;200803;201002;245;2993
"Fensterheber";1561;30869;1;6;"BMW";"3 Touring (E91)";180;200901;201206;245;2993
"Fensterheber";1561;30870;2;8;"MERCEDES-BENZ";"C-CLASS (W204)";150;200808;201401;204;2143
"Fensterheber";1561;30879;1;4;"TOYOTA";"AVENSIS Stufenheck (_T27_)";130;200811;201810;177;2231
"Fensterheber";1561;30900;3;12;"HYUNDAI";"i30 (FD)";93;200802;201111;126;1591
"Fensterheber";1561;30901;8;2;"HYUNDAI";"i20 I (PB, PBT)";57;200809;201212;78;1248
"Fensterheber";1561;30902;2;2;"HYUNDAI";"i20 I (PB, PBT)";74;200809;201512;101;1396
"Fensterheber";1561;30905;1;6;"BMW";"3 (E90)";90;200709;201110;122;1599
"Fensterheber";1561;30910;1;6;"BMW";"3 Touring (E91)";90;200809;201206;122;1599
"Fensterheber";1561;30911;1;4;"BMW";"3 Compact (E46)";85;200206;200502;115;1596
"Fensterheber";1561;30937;3;8;"SEAT";"IBIZA III (6L1)";44;200706;200805;60;1198
"Fensterheber";1561;30962;1;3;"OPEL";"INSIGNIA A Stufenheck (G09)";132;200807;201703;180;1598
"Fensterheber";1561;30968;4;0;"SUZUKI";"ALTO VII (GF)";50;200901;;68;996
"Fensterheber";1561;30971;3;2;"VW";"GOLF VI (5K1)";155;200904;201211;210;1984
"Fensterheber";1561;30972;213;6;"VW";"POLO V (6R1, 6C1)";44;200906;;60;1198
"Fensterheber";1561;30973;226;6;"VW";"POLO V (6R1, 6C1)";51;200906;;70;1198
"Fensterheber";1561;30974;222;6;"VW";"POLO V (6R1, 6C1)";63;200903;201405;85;1390
"Fensterheber";1561;30975;27;6;"VW";"POLO V (6R1, 6C1)";55;200906;;75;1598
"Fensterheber";1561;30979;1;2;"AUDI";"A5 Cabriolet (8F7)";132;200903;201203;180;1984
"Fensterheber";1561;31000;1;4;"SEAT";"EXEO (3R2)";105;200812;201305;143;1968
"Fensterheber";1561;31001;1;4;"SEAT";"EXEO (3R2)";125;200902;201305;170;1968
"Fensterheber";1561;31008;2;4;"BMW";"X3 (E83)";110;200809;201108;150;1995
"Fensterheber";1561;31009;1;4;"BMW";"X3 (E83)";160;200809;201008;218;2497
"Fensterheber";1561;31010;2;4;"BMW";"X3 (E83)";200;200809;201008;272;2996
"Fensterheber";1561;31011;40;4;"BMW";"X3 (E83)";130;200809;201008;177;1995
"Fensterheber";1561;31012;8;4;"BMW";"X3 (E83)";105;200809;201112;143;1995
"Fensterheber";1561;31013;10;4;"BMW";"X3 (E83)";160;200809;201008;218;2993
"Fensterheber";1561;31022;5;4;"BMW";"5 (E60)";145;200709;200912;197;2993
"Fensterheber";1561;31029;1;6;"BMW";"3 (E90)";200;200809;201110;272;2996
"Fensterheber";1561;31034;2;6;"BMW";"3 Touring (E91)";225;200809;201206;306;2979
"Fensterheber";1561;31035;3;6;"BMW";"3 Touring (E91)";130;200809;201002;177;1995
"Fensterheber";1561;31045;1;8;"MERCEDES-BENZ";"E-CLASS (W212)";200;200901;201108;272;3498
"Fensterheber";1561;31048;2;8;"MERCEDES-BENZ";"E-CLASS (W212)";125;200901;201612;170;2143
"Fensterheber";1561;31057;2;0;"MERCEDES-BENZ";"E-CLASS Coupe (C207)";170;200901;201106;231;2987
"Fensterheber";1561;31058;1;12;"NISSAN";"QASHQAI / QASHQAI +2 I (J10, NJ10, JJ10E)";76;200808;201001;103;1461
"Fensterheber";1561;31059;2;8;"MERCEDES-BENZ";"A-CLASS (W169)";70;200904;201206;95;1498
"Fensterheber";1561;31061;1;4;"MERCEDES-BENZ";"B-CLASS Sports Tourer (W245)";70;200904;201111;95;1498
"Fensterheber";1561;31062;1;4;"MERCEDES-BENZ";"B-CLASS Sports Tourer (W245)";85;200904;201111;116;1699
"Fensterheber";1561;31063;1;0;"MERCEDES-BENZ";"CLS (C219)";170;200904;201012;231;2996
"Fensterheber";1561;31064;2;0;"MERCEDES-BENZ";"CLS (C219)";165;200904;201012;224;2987
"Fensterheber";1561;31071;1;2;"AUDI";"TT Roadster (8J9)";147;200806;201006;200;1984
"Fensterheber";1561;31072;1;2;"AUDI";"TT (8J3)";147;200806;201006;200;1984
"Fensterheber";1561;31074;4;9;"MAZDA";"3 (BL)";77;200812;201409;105;1598
"Fensterheber";1561;31086;2;6;"DACIA";"SANDERO";55;200811;;75;1149
"Fensterheber";1561;31096;36;0;"VW";"EOS (1F7, 1F8)";90;200711;201508;122;1390
"Fensterheber";1561;31100;8;0;"VW";"EOS (1F7, 1F8)";118;200805;201508;160;1390
"Fensterheber";1561;31106;1;4;"VW";"PASSAT B6 (3C2)";81;200811;201007;110;1968
"Fensterheber";1561;31107;1;4;"VW";"PASSAT B6 Variant (3C5)";81;200811;201011;110;1968
"Fensterheber";1561;31111;2;2;"MINI";"MINI (R56)";55;200903;201003;75;1397
"Fensterheber";1561;31112;6;3;"SEAT";"IBIZA IV (6J5, 6P1)";77;200805;201203;105;1598
"Fensterheber";1561;31115;1;2;"TOYOTA";"AURIS (_E15_)";74;200905;201209;101;1329
"Fensterheber";1561;31116;1;2;"TOYOTA";"AURIS (_E15_)";97;200905;201209;132;1598
"Fensterheber";1561;31131;1;6;"DACIA";"LOGAN Pick-up (US_)";63;200803;;86;1461
"Fensterheber";1561;31140;1;0;"MINI";"MINI Cabriolet (R57)";88;200812;201007;120;1598
"Fensterheber";1561;31142;21;2;"TOYOTA";"IQ (_J1_)";50;200901;201512;68;998
"Fensterheber";1561;31152;2;8;"MERCEDES-BENZ";"C-CLASS (W204)";125;200812;201401;170;2143
"Fensterheber";1561;31153;1;8;"MERCEDES-BENZ";"C-CLASS T-Model (S204)";125;200812;201408;170;2143
"Fensterheber";1561;31157;1;3;"MERCEDES-BENZ";"SPRINTER 3,5-t Pritsche/Fahrgestell (B906)";95;200606;201605;129;2148
"Fensterheber";1561;31162;16;4;"RENAULT";"MEGANE III Schrägheck (BZ0/1_, B3_)";81;200811;;110;1598
"Fensterheber";1561;31163;6;4;"RENAULT";"MEGANE III Schrägheck (BZ0/1_, B3_)";96;200811;;131;1870
"Fensterheber";1561;31195;1;10;"RENAULT";"MEGANE II Kombi (KM0/1_)";66;200404;200512;90;1870
"Fensterheber";1561;31196;1;15;"RENAULT";"MEGANE II Stufenheck (LM0/1_)";66;200309;200512;90;1870
"Fensterheber";1561;31207;1;16;"RENAULT";"CLIO III (BR0/1, CR0/1)";94;200906;201412;128;1598
"Fensterheber";1561;31211;1;0;"NISSAN";"PIXO (UA0)";50;200903;;68;996
"Fensterheber";1561;31317;5;4;"AUDI";"A3 (8P1)";77;200905;201208;105;1598
"Fensterheber";1561;31318;6;4;"AUDI";"A3 Sportback (8PA)";66;200905;201303;90;1598
"Fensterheber";1561;31319;10;4;"AUDI";"A3 Sportback (8PA)";77;200905;201303;105;1598
"Fensterheber";1561;31321;3;2;"AUDI";"A5 (8T3)";118;200905;201109;160;1798
"Fensterheber";1561;31338;6;4;"VW";"GOLF PLUS V (5M1, 521)";81;200901;201312;110;1968
"Fensterheber";1561;31340;22;2;"VW";"GOLF VI (5K1)";77;200902;201211;105;1598
"Fensterheber";1561;31341;1;0;"VW";"SCIROCCO III (137, 138)";125;200905;201711;170;1968
"Fensterheber";1561;31348;1;4;"SEAT";"EXEO ST (3R5)";110;200906;201005;150;1781
"Fensterheber";1561;31350;5;4;"SEAT";"EXEO ST (3R5)";105;200905;201305;143;1968
"Fensterheber";1561;31351;1;4;"SEAT";"EXEO ST (3R5)";125;200905;201305;170;1968
"Fensterheber";1561;31356;8;8;"ALFA ROMEO";"159 (939_)";147;200905;201212;200;1742
"Fensterheber";1561;31357;1;8;"ALFA ROMEO";"159 (939_)";125;200905;201111;170;1956
"Fensterheber";1561;31358;7;8;"ALFA ROMEO";"159 Sportwagon (939_)";147;200907;201111;200;1742
"Fensterheber";1561;31359;7;8;"ALFA ROMEO";"159 Sportwagon (939_)";125;200907;201111;170;1956
"Fensterheber";1561;31360;1;4;"JAGUAR";"XF I (X250)";177;200903;201504;241;2993
"Fensterheber";1561;31361;1;4;"JAGUAR";"XF I (X250)";202;200903;201504;275;2993
"Fensterheber";1561;31377;1;2;"SEAT";"LEON ST (5F8)";77;201310;202008;105;1598
"Fensterheber";1561;31469;2;4;"CHEVROLET";"CRUZE (J300)";83;200905;;113;1598
"Fensterheber";1561;31470;1;4;"CHEVROLET";"CRUZE (J300)";104;200905;;141;1796
"Fensterheber";1561;31471;2;4;"CHEVROLET";"CRUZE (J300)";110;200905;;150;1991
"Fensterheber";1561;31502;2;8;"MERCEDES-BENZ";"C-CLASS (W204)";170;200907;201401;231;2996
"Fensterheber";1561;31518;3;6;"CITROËN";"NEMO Großraumlimousine";50;200904;;68;1399
"Fensterheber";1561;31519;6;6;"CITROËN";"NEMO Großraumlimousine";54;200904;;73;1360
"Fensterheber";1561;31520;3;10;"FORD";"FIESTA VI (CB1, CCN)";55;200806;201212;75;1560
"Fensterheber";1561;31525;8;6;"PEUGEOT";"BIPPER TEPEE";54;200804;;73;1360
"Fensterheber";1561;31526;1;6;"PEUGEOT";"BIPPER TEPEE";50;200804;;68;1398
"Fensterheber";1561;31531;4;4;"RENAULT";"MEGANE III Grandtour (KZ0/1)";74;200905;;101;1598
"Fensterheber";1561;31532;15;4;"RENAULT";"MEGANE III Grandtour (KZ0/1)";81;200905;;110;1598
"Fensterheber";1561;31533;4;4;"RENAULT";"MEGANE III Grandtour (KZ0/1)";103;200905;;140;1997
"Fensterheber";1561;31534;6;4;"RENAULT";"MEGANE III Grandtour (KZ0/1)";96;200905;;130;1397
"Fensterheber";1561;31535;14;4;"RENAULT";"MEGANE III Grandtour (KZ0/1)";66;200905;;90;1461
"Fensterheber";1561;31536;29;4;"RENAULT";"MEGANE III Grandtour (KZ0/1)";81;200902;;110;1461
"Fensterheber";1561;31537;10;4;"RENAULT";"MEGANE III Grandtour (KZ0/1)";96;200905;;131;1870
"Fensterheber";1561;31541;2;4;"RENAULT";"MEGANE III Grandtour (KZ0/1)";118;200904;;160;1995
"Fensterheber";1561;31542;1;4;"RENAULT";"MEGANE III Grandtour (KZ0/1)";132;200811;;180;1998
"Fensterheber";1561;31543;17;4;"RENAULT";"SCÉNIC III (JZ0/1_)";81;200902;;110;1598
"Fensterheber";1561;31544;18;4;"RENAULT";"SCÉNIC III (JZ0/1_)";96;200902;;131;1397
"Fensterheber";1561;31545;16;4;"RENAULT";"SCÉNIC III (JZ0/1_)";103;200902;;140;1997
"Fensterheber";1561;31546;5;4;"RENAULT";"SCÉNIC III (JZ0/1_)";78;200902;;106;1461
"Fensterheber";1561;31547;3;4;"RENAULT";"SCÉNIC III (JZ0/1_)";110;200902;;150;1995
"Fensterheber";1561;31548;9;4;"RENAULT";"SCÉNIC III (JZ0/1_)";96;200902;;131;1870
"Fensterheber";1561;31549;2;4;"RENAULT";"SCÉNIC III (JZ0/1_)";118;200904;;160;1995
"Fensterheber";1561;31550;11;4;"RENAULT";"GRAND SCÉNIC III (JZ0/1_)";96;200902;;131;1397
"Fensterheber";1561;31551;2;4;"RENAULT";"GRAND SCÉNIC III (JZ0/1_)";81;200902;;109;1598
"Fensterheber";1561;31552;1;4;"RENAULT";"GRAND SCÉNIC III (JZ0/1_)";103;200902;;140;1997
"Fensterheber";1561;31553;2;4;"RENAULT";"GRAND SCÉNIC III (JZ0/1_)";78;200902;;106;1461
"Fensterheber";1561;31554;10;4;"RENAULT";"GRAND SCÉNIC III (JZ0/1_)";96;200902;;131;1870
"Fensterheber";1561;31555;3;4;"RENAULT";"GRAND SCÉNIC III (JZ0/1_)";110;200902;;150;1995
"Fensterheber";1561;31564;1;0;"TOYOTA";"VERSO (_R2_)";97;200904;201808;132;1598
"Fensterheber";1561;31566;1;0;"TOYOTA";"VERSO (_R2_)";93;200904;201808;126;1998
"Fensterheber";1561;31569;1;2;"AUDI";"A5 Sportback (8TA)";132;200909;201406;180;1984
"Fensterheber";1561;31575;1;8;"MERCEDES-BENZ";"E-CLASS T-Model (S212)";100;200911;201612;136;2143
"Fensterheber";1561;31576;2;8;"MERCEDES-BENZ";"E-CLASS T-Model (S212)";125;200911;201612;170;2143
"Fensterheber";1561;31577;2;8;"MERCEDES-BENZ";"E-CLASS T-Model (S212)";150;200911;201612;204;2143
"Fensterheber";1561;31580;1;8;"MERCEDES-BENZ";"E-CLASS T-Model (S212)";135;200911;201612;184;1796
"Fensterheber";1561;31588;1;4;"SEAT";"EXEO (3R2)";88;200812;201305;120;1968
"Fensterheber";1561;31589;1;4;"RENAULT";"TRAFIC II Kasten (FL)";75;200103;;102;1870
"Fensterheber";1561;31590;29;6;"SKODA";"OCTAVIA II (1Z3)";77;200906;201304;105;1598
"Fensterheber";1561;31591;67;6;"SKODA";"OCTAVIA II Combi (1Z5)";77;200906;201304;105;1598
"Fensterheber";1561;31592;12;6;"SKODA";"OCTAVIA II (1Z3)";90;200811;201306;122;1390
"Fensterheber";1561;31593;50;6;"SKODA";"OCTAVIA II Combi (1Z5)";90;200811;201306;122;1390
"Fensterheber";1561;31594;1;6;"SKODA";"OCTAVIA II Combi (1Z5)";118;200811;201302;160;1798
"Fensterheber";1561;31600;1;3;"SEAT";"IBIZA IV (6J5, 6P1)";66;200905;201505;90;1598
"Fensterheber";1561;31602;1;2;"SEAT";"IBIZA IV SC (6J1, 6P5)";110;200901;201505;150;1390
"Fensterheber";1561;31604;1;2;"SEAT";"IBIZA IV SC (6J1, 6P5)";66;200905;201505;90;1598
"Fensterheber";1561;31605;6;4;"VW";"GOLF PLUS V (5M1, 521)";77;200903;201312;105;1598
"Fensterheber";1561;31606;82;6;"VW";"POLO V (6R1, 6C1)";66;200906;;90;1598
"Fensterheber";1561;31607;18;6;"VW";"POLO V (6R1, 6C1)";77;200906;;105;1598
"Fensterheber";1561;31646;1;4;"ALFA ROMEO";"MITO (955_)";66;200808;201008;90;1248
"Fensterheber";1561;31671;14;5;"BMW";"1 (E81)";90;200811;201112;122;1995
"Fensterheber";1561;31672;10;5;"BMW";"1 (E81)";85;200811;201112;116;1995
"Fensterheber";1561;31693;1;4;"RENAULT";"MEGANE III Schrägheck (BZ0/1_, B3_)";81;200811;201508;110;1598
"Fensterheber";1561;31695;2;4;"RENAULT";"MEGANE III Grandtour (KZ0/1)";81;200811;;110;1598
"Fensterheber";1561;31740;1;10;"PEUGEOT";"5008 (0U_, 0E_)";120;200909;201703;163;1997
"Fensterheber";1561;31742;1;4;"CITROËN";"C3 PICASSO (SH_)";66;200902;;90;1560
"Fensterheber";1561;31955;1;4;"AUDI";"Q5 (8RB)";132;200908;201705;180;1984
"Fensterheber";1561;31965;1;4;"SKODA";"SUPERB II (3T4)";103;200901;201505;140;1968
"Fensterheber";1561;31969;9;11;"OPEL";"CORSA D (S07)";64;200909;201408;87;1398
"Fensterheber";1561;31997;11;4;"CITROËN";"C5 III (RD_)";103;200811;;140;1997
"Fensterheber";1561;31998;10;4;"CITROËN";"C5 III Break (RW_)";103;200904;;140;1997
"Fensterheber";1561;32000;4;4;"CITROËN";"C5 III Break (RW_)";177;200904;201410;241;2992
"Fensterheber";1561;32027;9;10;"CITROËN";"C3 II (SC_)";44;200909;201301;60;1124
"Fensterheber";1561;32028;20;10;"CITROËN";"C3 II (SC_)";54;200911;201609;73;1360
"Fensterheber";1561;32029;20;10;"CITROËN";"C3 II (SC_)";70;200911;;95;1397
"Fensterheber";1561;32030;7;10;"CITROËN";"C3 II (SC_)";88;200911;;120;1598
"Fensterheber";1561;32031;8;10;"CITROËN";"C3 II (SC_)";68;200911;201609;92;1560
"Fensterheber";1561;32032;1;10;"CITROËN";"C3 II (SC_)";82;200911;;112;1560
"Fensterheber";1561;32041;3;0;"KIA";"VENGA (YN)";66;201002;;90;1396
"Fensterheber";1561;32042;8;0;"KIA";"VENGA (YN)";92;201002;;125;1591
"Fensterheber";1561;32043;1;0;"KIA";"VENGA (YN)";66;201002;;90;1396
"Fensterheber";1561;32044;1;0;"KIA";"VENGA (YN)";94;201002;;128;1582
"Fensterheber";1561;32048;1;8;"KIA";"SORENTO II (XM)";145;200911;201512;197;2199
"Fensterheber";1561;32063;1;2;"VW";"GOLF VI (5K1)";100;200810;201211;136;1968
"Fensterheber";1561;32072;1;6;"SUZUKI";"SX4 (EY, GY)";88;200907;;120;1586
"Fensterheber";1561;32073;6;6;"SUZUKI";"SX4 (EY, GY)";88;200907;;120;1586
"Fensterheber";1561;32074;2;6;"SUZUKI";"SX4 (EY, GY)";99;200907;;135;1956
"Fensterheber";1561;32085;1;4;"OPEL";"ASTRA J (P10)";64;200912;201510;87;1398
"Fensterheber";1561;32086;3;4;"OPEL";"ASTRA J (P10)";74;200912;201510;100;1398
"Fensterheber";1561;32087;4;4;"OPEL";"ASTRA J (P10)";85;200912;201510;115;1598
"Fensterheber";1561;32088;2;4;"OPEL";"ASTRA J (P10)";103;200912;201510;140;1364
"Fensterheber";1561;32091;1;4;"OPEL";"ASTRA J (P10)";81;200909;201510;110;1686
"Fensterheber";1561;32092;1;4;"OPEL";"ASTRA J (P10)";92;200912;201510;125;1686
"Fensterheber";1561;32113;2;4;"BMW";"X1 (E84)";105;200912;201506;143;1995
"Fensterheber";1561;32114;4;4;"BMW";"X1 (E84)";105;200910;201506;143;1995
"Fensterheber";1561;32119;1;2;"VOLVO";"XC60 I SUV (156)";129;200904;201012;175;2400
"Fensterheber";1561;32159;4;0;"VW";"SCIROCCO III (137, 138)";155;200911;201711;210;1984
"Fensterheber";1561;32160;6;0;"VW";"EOS (1F7, 1F8)";155;200911;201508;210;1984
"Fensterheber";1561;32161;8;8;"MERCEDES-BENZ";"E-CLASS (W212)";100;200901;201512;136;2143
"Fensterheber";1561;32247;42;6;"FIAT";"PUNTO EVO (199_)";48;200910;201202;65;1242
"Fensterheber";1561;32248;84;6;"FIAT";"PUNTO EVO (199_)";57;200910;201202;77;1368
"Fensterheber";1561;32249;11;6;"FIAT";"PUNTO EVO (199_)";77;200910;201202;105;1368
"Fensterheber";1561;32250;6;6;"FIAT";"PUNTO EVO (199_)";99;200910;201202;135;1368
"Fensterheber";1561;32251;10;6;"FIAT";"PUNTO EVO (199_)";55;200910;201202;75;1248
"Fensterheber";1561;32252;5;6;"FIAT";"PUNTO EVO (199_)";70;200910;201202;95;1248
"Fensterheber";1561;32255;1;4;"VW";"TRANSPORTER T5 Bus (7HB, 7HJ, 7EB, 7EJ)";62;200909;201508;84;1968
"Fensterheber";1561;32256;3;2;"VW";"TRANSPORTER T5 Kasten (7HA, 7HH, 7EA, 7EH)";62;200909;201508;84;1968
"Fensterheber";1561;32258;1;2;"VW";"TRANSPORTER T5 Pritsche/Fahrgestell (7JD, 7JE, 7JL, 7JY, 7JZ";75;200909;201508;102;1968
"Fensterheber";1561;32259;6;2;"VW";"TRANSPORTER T5 Kasten (7HA, 7HH, 7EA, 7EH)";75;200909;201508;102;1968
"Fensterheber";1561;32260;1;4;"VW";"TRANSPORTER T5 Bus (7HB, 7HJ, 7EB, 7EJ)";75;200909;201508;102;1968
"Fensterheber";1561;32263;2;2;"VW";"TRANSPORTER T5 Pritsche/Fahrgestell (7JD, 7JE, 7JL, 7JY, 7JZ";103;200909;201508;140;1968
"Fensterheber";1561;32265;1;4;"VW";"TRANSPORTER T5 Bus (7HB, 7HJ, 7EB, 7EJ)";103;200909;201508;140;1968
"Fensterheber";1561;32266;1;4;"VW";"TRANSPORTER T5 Bus (7HB, 7HJ, 7EB, 7EJ)";103;200909;201508;140;1968
"Fensterheber";1561;32267;5;2;"VW";"TRANSPORTER T5 Kasten (7HA, 7HH, 7EA, 7EH)";103;200909;201508;140;1968
"Fensterheber";1561;32277;1;4;"VW";"TRANSPORTER T5 Bus (7HB, 7HJ, 7EB, 7EJ)";132;200909;201508;180;1968
"Fensterheber";1561;32387;6;7;"FORD";"MONDEO IV (BA7)";92;200706;201501;125;1753
"Fensterheber";1561;32388;1;7;"FORD";"MONDEO IV Stufenheck (BA7)";92;200706;201501;125;1753
"Fensterheber";1561;32389;3;7;"FORD";"MONDEO IV Turnier (BA7)";92;200706;201212;125;1753
"Fensterheber";1561;32585;8;2;"VW";"GOLF VI Variant (AJ5)";103;200907;201307;140;1968
"Fensterheber";1561;32586;1;2;"VW";"GOLF VI Variant (AJ5)";75;200907;201307;102;1595
"Fensterheber";1561;32589;1;2;"VW";"GOLF VI Variant (AJ5)";59;200907;201307;80;1390
"Fensterheber";1561;32601;8;2;"VW";"GOLF VI Variant (AJ5)";90;200907;201307;122;1390
"Fensterheber";1561;32606;2;2;"VW";"GOLF VI Variant (AJ5)";118;200907;201307;160;1390
"Fensterheber";1561;32609;34;2;"VW";"GOLF VI Variant (AJ5)";77;200907;201307;105;1598
"Fensterheber";1561;32612;1;2;"VW";"GOLF VI Variant (AJ5)";77;200907;201307;105;1598
"Fensterheber";1561;32621;8;2;"VW";"GOLF VI Variant (AJ5)";77;200907;201307;105;1197
"Fensterheber";1561;32625;15;2;"VW";"GOLF VI (5K1)";77;200811;201211;105;1197
"Fensterheber";1561;32626;1;2;"VW";"GOLF VI (5K1)";199;200911;201211;270;1984
"Fensterheber";1561;32630;5;4;"VW";"GOLF PLUS V (5M1, 521)";77;200911;201312;105;1197
"Fensterheber";1561;32675;1;2;"BMW";"1 Coupe (E82)";125;200710;201310;170;1995
"Fensterheber";1561;32676;1;2;"BMW";"1 Coupe (E82)";105;200909;201310;143;1995
"Fensterheber";1561;32682;1;8;"RENAULT";"SCÉNIC II (JM0/1_)";92;200306;200811;125;1870
"Fensterheber";1561;32686;1;15;"RENAULT";"MEGANE II (BM0/1_, CM0/1_)";85;200211;200802;115;1870
"Fensterheber";1561;32688;1;4;"AUDI";"A3 (8P1)";120;200606;200806;163;1968
"Fensterheber";1561;32689;1;4;"AUDI";"A3 Sportback (8PA)";120;200606;200806;163;1968
"Fensterheber";1561;32741;4;4;"ALFA ROMEO";"MITO (955_)";99;200910;201412;135;1368
"Fensterheber";1561;32742;2;4;"ALFA ROMEO";"MITO (955_)";125;200909;201810;170;1368
"Fensterheber";1561;32743;2;4;"ALFA ROMEO";"MITO (955_)";70;200909;201810;95;1248
"Fensterheber";1561;32744;10;6;"SEAT";"ALTEA (5P1)";77;200910;;105;1598
"Fensterheber";1561;32745;5;6;"SEAT";"ALTEA XL (5P5, 5P8)";77;200910;;105;1598
"Fensterheber";1561;32746;2;3;"SEAT";"IBIZA IV (6J5, 6P1)";77;200905;201505;105;1598
"Fensterheber";1561;32748;1;2;"SEAT";"IBIZA IV SC (6J1, 6P5)";77;200905;201505;105;1598
"Fensterheber";1561;32750;1;4;"SKODA";"YETI (5L)";77;200909;201505;105;1197
"Fensterheber";1561;32751;2;4;"SKODA";"YETI (5L)";118;200905;201712;160;1798
"Fensterheber";1561;32753;3;4;"SKODA";"YETI (5L)";81;200911;201712;110;1968
"Fensterheber";1561;32754;2;4;"SKODA";"YETI (5L)";103;200905;201712;140;1968
"Fensterheber";1561;32784;7;2;"SKODA";"SUPERB II Kombi (3T5)";118;200910;201505;160;1798
"Fensterheber";1561;32786;1;2;"SKODA";"SUPERB II Kombi (3T5)";191;200910;201505;260;3597
"Fensterheber";1561;32787;20;2;"SKODA";"SUPERB II Kombi (3T5)";103;200910;201505;140;1968
"Fensterheber";1561;32788;29;2;"SKODA";"SUPERB II Kombi (3T5)";125;200910;201505;170;1968
"Fensterheber";1561;32789;8;2;"SKODA";"SUPERB II Kombi (3T5)";125;200910;201505;170;1968
"Fensterheber";1561;32793;4;4;"CITROËN";"C5 III (RD_)";115;200904;;156;1598
"Fensterheber";1561;32794;5;4;"CITROËN";"C5 III (RD_)";120;200904;;163;1997
"Fensterheber";1561;32795;2;4;"CITROËN";"C5 III Break (RW_)";115;200904;;156;1598
"Fensterheber";1561;32796;11;4;"CITROËN";"C5 III Break (RW_)";120;200904;;163;1997
"Fensterheber";1561;32798;1;8;"MERCEDES-BENZ";"C-CLASS (W204)";115;200701;201401;156;1796
"Fensterheber";1561;32805;3;6;"RENAULT";"KANGOO Express (FW0/1_)";66;200906;;90;1461
"Fensterheber";1561;32807;1;2;"PEUGEOT";"308 CC (4B_)";103;200906;201412;140;1598
"Fensterheber";1561;32813;82;6;"VW";"POLO V (6R1, 6C1)";77;200911;;105;1197
"Fensterheber";1561;32818;1;9;"PEUGEOT";"308 SW I (4E_, 4H_)";120;200906;201410;163;1997
"Fensterheber";1561;32819;60;6;"VW";"POLO V (6R1, 6C1)";55;200910;;75;1199
"Fensterheber";1561;32825;101;4;"FIAT";"500 C (312_)";51;200909;;69;1242
"Fensterheber";1561;32827;6;4;"FIAT";"500 C (312_)";74;200909;;100;1368
"Fensterheber";1561;32835;1;2;"MERCEDES-BENZ";"GLK-CLASS (X204)";125;200812;201506;170;2143
"Fensterheber";1561;32853;1;1;"VOLVO";"V70 III (135)";129;200904;201012;175;2400
"Fensterheber";1561;32885;2;3;"MERCEDES-BENZ";"SPRINTER 3,5-t Kasten (B906)";120;200903;;163;2143
"Fensterheber";1561;32886;4;3;"MERCEDES-BENZ";"SPRINTER 3,5-t Pritsche/Fahrgestell (B906)";120;200903;;163;2143
"Fensterheber";1561;32888;1;3;"MERCEDES-BENZ";"SPRINTER 3,5-t Kasten (B906)";140;200903;;190;2987
"Fensterheber";1561;32892;1;3;"MERCEDES-BENZ";"SPRINTER 5-t Pritsche/Fahrgestell (B906)";120;200903;;163;2143
"Fensterheber";1561;32905;1;3;"MERCEDES-BENZ";"SPRINTER 3,5-t Kasten (B906)";80;200802;200912;109;2148
"Fensterheber";1561;32910;3;1;"VOLVO";"V70 III (135)";80;200907;201112;109;1560
"Fensterheber";1561;32949;1;0;"MERCEDES-BENZ";"E-CLASS Cabriolet (A207)";135;201001;201612;184;1796
"Fensterheber";1561;32974;1;4;"VW";"PASSAT B6 Variant (3C5)";112;200911;201011;152;1798
"Fensterheber";1561;33011;1;0;"BMW";"5 (F10)";150;201003;201108;204;2993
"Fensterheber";1561;33012;1;0;"BMW";"5 (F10)";180;201001;201108;245;2993
"Fensterheber";1561;33016;2;0;"CHEVROLET";"SPARK (M300)";50;201003;;68;995
"Fensterheber";1561;33030;4;2;"VW";"GOLF VI (5K1)";66;200902;201211;90;1598
"Fensterheber";1561;33031;2;2;"VW";"GOLF VI Variant (AJ5)";66;200912;201307;90;1598
"Fensterheber";1561;33039;2;6;"DACIA";"DUSTER (HS_)";77;201004;201801;105;1598
"Fensterheber";1561;33051;5;2;"MINI";"MINI (R56)";55;201003;201311;75;1598
"Fensterheber";1561;33053;8;2;"MINI";"MINI (R56)";90;200909;201311;122;1598
"Fensterheber";1561;33056;1;2;"MINI";"MINI (R56)";66;200906;201007;90;1560
"Fensterheber";1561;33057;17;6;"VW";"LUPO I (6X1, 6E1)";37;199810;200005;50;997
"Fensterheber";1561;33059;6;4;"OPEL";"MERIVA B Großraumlimousine (S10)";74;201006;201703;100;1398
"Fensterheber";1561;33060;14;4;"OPEL";"MERIVA B Großraumlimousine (S10)";88;201006;201703;120;1364
"Fensterheber";1561;33061;6;4;"OPEL";"MERIVA B Großraumlimousine (S10)";103;201006;201703;140;1364
"Fensterheber";1561;33070;1;6;"FIAT";"PANDA (169_)";44;200904;;60;1242
"Fensterheber";1561;33074;2;2;"MINI";"MINI CLUBMAN (R55)";72;201003;201406;98;1598
"Fensterheber";1561;33075;5;2;"MINI";"MINI CLUBMAN (R55)";90;201003;201406;122;1598
"Fensterheber";1561;33076;1;2;"MINI";"MINI CLUBMAN (R55)";135;201003;201406;184;1598
"Fensterheber";1561;33077;6;0;"MINI";"MINI Cabriolet (R57)";72;200909;201506;98;1598
"Fensterheber";1561;33078;1;0;"MINI";"MINI Cabriolet (R57)";90;201003;201506;122;1598
"Fensterheber";1561;33091;4;10;"RENAULT";"LAGUNA II (BG0/1_)";86;200103;200505;117;1783
"Fensterheber";1561;33092;1;0;"CHRYSLER";"GRAND VOYAGER V (RT)";120;200710;;163;2777
"Fensterheber";1561;33130;2;4;"MITSUBISHI";"L200 / TRITON (KA_T, KB_T)";131;201004;201512;178;2477
"Fensterheber";1561;33131;16;10;"HYUNDAI";"ix35 (LM, EL, ELH)";120;201001;201307;163;1998
"Fensterheber";1561;33132;4;10;"HYUNDAI";"ix35 (LM, EL, ELH)";120;201001;;163;1998
"Fensterheber";1561;33133;2;10;"HYUNDAI";"ix35 (LM, EL, ELH)";100;201001;;136;1995
"Fensterheber";1561;33134;8;10;"HYUNDAI";"ix35 (LM, EL, ELH)";100;201001;;136;1995
"Fensterheber";1561;33135;7;10;"HYUNDAI";"ix35 (LM, EL, ELH)";135;201001;;184;1995
"Fensterheber";1561;33176;14;12;"HYUNDAI";"i30 Kombi (FD)";80;200911;201206;109;1396
"Fensterheber";1561;33195;2;10;"RENAULT";"MODUS / GRAND MODUS (F/JP0_)";60;200409;;82;1461
"Fensterheber";1561;33243;3;4;"SKODA";"FABIA II (542)";77;201003;201412;105;1197
"Fensterheber";1561;33244;2;4;"SKODA";"FABIA II Combi (545)";77;201003;201412;105;1197
"Fensterheber";1561;33245;5;6;"SKODA";"OCTAVIA II (1Z3)";77;201002;201306;105;1197
"Fensterheber";1561;33246;31;6;"SKODA";"OCTAVIA II Combi (1Z5)";77;201002;201304;105;1197
"Fensterheber";1561;33247;1;2;"SKODA";"ROOMSTER (5J7)";77;201003;201505;105;1197
"Fensterheber";1561;33248;15;6;"SEAT";"ALTEA (5P1)";77;201004;;105;1197
"Fensterheber";1561;33249;18;6;"SEAT";"ALTEA XL (5P5, 5P8)";77;201004;;105;1197
"Fensterheber";1561;33250;1;4;"SEAT";"LEON (1P1)";77;201002;201212;105;1197
"Fensterheber";1561;33251;2;4;"AUDI";"A3 (8P1)";77;201004;201208;105;1197
"Fensterheber";1561;33252;13;4;"AUDI";"A3 Sportback (8PA)";77;201004;201303;105;1197
"Fensterheber";1561;33258;6;6;"CITROËN";"BERLINGO MULTISPACE (B9)";88;200911;;120;1598
"Fensterheber";1561;33263;1;6;"PEUGEOT";"207 CC (WD_)";115;200910;201312;156;1598
"Fensterheber";1561;33269;1;11;"PEUGEOT";"308 I (4A_, 4C_)";115;200910;201410;156;1598
"Fensterheber";1561;33270;2;11;"PEUGEOT";"308 I (4A_, 4C_)";68;200911;201410;92;1560
"Fensterheber";1561;33278;3;0;"RENAULT";"MASTER III Kasten (FV)";74;201002;;101;2298
"Fensterheber";1561;33279;14;0;"RENAULT";"MASTER III Kasten (FV)";92;201002;;125;2298
"Fensterheber";1561;33280;1;0;"RENAULT";"MASTER III Kasten (FV)";92;201002;;125;2298
"Fensterheber";1561;33281;8;0;"RENAULT";"MASTER III Kasten (FV)";107;201002;;146;2298
"Fensterheber";1561;33298;2;6;"ALFA ROMEO";"GIULIETTA (940_)";88;201004;202012;120;1368
"Fensterheber";1561;33305;2;4;"AUDI";"A1 (8X1, 8XK)";90;201005;201504;122;1390
"Fensterheber";1561;33311;4;4;"SKODA";"FABIA II (542)";63;201003;201412;86;1197
"Fensterheber";1561;33312;18;4;"SKODA";"FABIA II Combi (545)";63;201003;201412;86;1197
"Fensterheber";1561;33313;11;2;"SKODA";"ROOMSTER (5J7)";63;201003;201505;86;1197
"Fensterheber";1561;33314;1;4;"SKODA";"FABIA II (542)";66;201003;201412;90;1598
"Fensterheber";1561;33316;2;4;"SKODA";"FABIA II Combi (545)";66;201003;201412;90;1598
"Fensterheber";1561;33317;1;4;"SKODA";"FABIA II Combi (545)";77;201003;201412;105;1598
"Fensterheber";1561;33320;2;2;"SKODA";"ROOMSTER (5J7)";66;201003;201505;90;1598
"Fensterheber";1561;33322;2;2;"SKODA";"SUPERB II Kombi (3T5)";103;200910;201003;140;1968
"Fensterheber";1561;33325;1;3;"SEAT";"IBIZA IV ST (6J8, 6P8)";77;201009;201505;105;1197
"Fensterheber";1561;33327;2;2;"SEAT";"IBIZA IV ST (6J8, 6P8)";51;201005;201505;70;1198
"Fensterheber";1561;33329;1;2;"SEAT";"IBIZA IV ST (6J8, 6P8)";66;201003;201505;90;1598
"Fensterheber";1561;33334;2;10;"FORD";"FIESTA VI (CB1, CCN)";70;201002;201512;95;1560
"Fensterheber";1561;33336;2;10;"FORD";"FIESTA VI Van";50;200901;;68;1399
"Fensterheber";1561;33341;1;0;"CITROËN";"C-CROSSER ENTERPRISE (VU_, VV_)";115;200901;;156;2179
"Fensterheber";1561;33351;1;7;"FORD";"MONDEO IV (BA7)";149;201003;201501;203;1999
"Fensterheber";1561;33352;5;7;"FORD";"MONDEO IV Turnier (BA7)";120;201003;201501;163;1997
"Fensterheber";1561;33353;3;4;"FIAT";"500 (312_)";70;200912;;95;1248
"Fensterheber";1561;33354;1;7;"FORD";"MONDEO IV (BA7)";120;201003;201501;163;1997
"Fensterheber";1561;33355;2;7;"FORD";"MONDEO IV Turnier (BA7)";149;201003;201501;203;1999
"Fensterheber";1561;33362;2;6;"SEAT";"ALTEA XL (5P5, 5P8)";66;200908;201012;90;1896
"Fensterheber";1561;33363;2;4;"AUDI";"A3 Cabriolet (8P7)";77;201003;201305;105;1197
"Fensterheber";1561;33372;4;4;"FIAT";"QUBO (225_)";57;200910;;78;1368
"Fensterheber";1561;33385;5;2;"VOLVO";"XC60 I SUV (156)";120;201003;201412;163;1984
"Fensterheber";1561;33386;1;6;"BMW";"3 (E90)";85;200907;201112;116;1995
"Fensterheber";1561;33387;1;6;"BMW";"3 (E90)";135;201003;201110;184;1995
"Fensterheber";1561;33389;4;6;"BMW";"3 Touring (E91)";135;201003;201205;184;1995
"Fensterheber";1561;33390;1;6;"BMW";"3 Touring (E91)";135;201003;201206;184;1995
"Fensterheber";1561;33394;1;10;"CITROËN";"C3 II (SC_)";66;200911;;90;1560
"Fensterheber";1561;33395;45;10;"CITROËN";"C3 II (SC_)";50;200911;;68;1398
"Fensterheber";1561;33399;1;10;"FIAT";"DOBLO Bus (263_)";77;201001;;105;1598
"Fensterheber";1561;33400;2;10;"FIAT";"DOBLO Bus (263_)";99;201001;;135;1956
"Fensterheber";1561;33402;5;10;"FIAT";"DOBLO Cargo (263_)";66;201002;;90;1248
"Fensterheber";1561;33404;1;10;"FIAT";"DOBLO Cargo (263_)";99;201002;;135;1956
"Fensterheber";1561;33407;1;2;"AUDI";"A5 (8T3)";120;200808;201701;163;1968
"Fensterheber";1561;33409;1;2;"AUDI";"A5 Sportback (8TA)";118;200911;201109;160;1798
"Fensterheber";1561;33426;2;4;"PEUGEOT";"407 (6D_)";120;200906;201012;163;1997
"Fensterheber";1561;33427;2;4;"PEUGEOT";"407 SW (6E_, 6D_)";120;200906;201012;163;1997
"Fensterheber";1561;33434;30;4;"VW";"SHARAN (7N1, 7N2)";110;201005;;150;1390
"Fensterheber";1561;33435;155;4;"VW";"SHARAN (7N1, 7N2)";103;201005;;140;1968
"Fensterheber";1561;33472;4;4;"VW";"AMAROK (2HA, 2HB, S1B, S6B, S7A, S7B)";120;201009;201208;163;1968
"Fensterheber";1561;33486;15;2;"RENAULT";"TWINGO II (CN0_)";55;200703;201409;75;1149
"Fensterheber";1561;33491;9;6;"VW";"POLO V (6R1, 6C1)";132;201005;;180;1390
"Fensterheber";1561;33583;1;0;"INFINITI";"EX";175;201004;;238;2993
"Fensterheber";1561;33587;1;4;"NISSAN";"NV200 / EVALIA Bus";81;201007;;110;1598
"Fensterheber";1561;33620;2;6;"PEUGEOT";"EXPERT TEPEE (VF3X_)";120;200909;;163;1997
"Fensterheber";1561;33645;15;0;"VW";"EOS (1F7, 1F8)";103;200805;201508;140;1968
"Fensterheber";1561;33667;1;4;"ABARTH";"500 / 595 / 695";118;200808;;160;1368
"Fensterheber";1561;33673;3;4;"VW";"TIGUAN (5N_)";90;201008;201807;122;1390
"Fensterheber";1561;33674;1;4;"VW";"TIGUAN (5N_)";81;201005;201807;110;1968
"Fensterheber";1561;33675;33;4;"VW";"SHARAN (7N1, 7N2)";125;201008;;170;1968
"Fensterheber";1561;33676;1;6;"SEAT";"ALTEA (5P1)";75;200909;;102;1595
"Fensterheber";1561;33677;1;6;"SEAT";"ALTEA XL (5P5, 5P8)";75;200909;;102;1595
"Fensterheber";1561;33679;2;4;"SKODA";"FABIA II (542)";55;201004;201412;75;1598
"Fensterheber";1561;33680;1;4;"SKODA";"FABIA II Combi (545)";55;201004;201412;75;1598
"Fensterheber";1561;33683;3;4;"SKODA";"YETI (5L)";90;201006;201505;122;1390
"Fensterheber";1561;33685;1;8;"ALFA ROMEO";"159 (939_)";100;201006;201111;136;1956
"Fensterheber";1561;33686;3;8;"ALFA ROMEO";"159 Sportwagon (939_)";100;201006;201111;136;1956
"Fensterheber";1561;33689;2;3;"SEAT";"IBIZA IV (6J5, 6P1)";77;201009;201203;105;1197
"Fensterheber";1561;33690;2;2;"SEAT";"IBIZA IV SC (6J1, 6P5)";77;201009;201505;105;1197
"Fensterheber";1561;33706;1;0;"RENAULT";"MASTER III Kasten (FV)";107;201002;;146;2298
"Fensterheber";1561;33708;10;0;"RENAULT";"MASTER III Pritsche/Fahrgestell (EV, HV, UV)";92;201002;;125;2298
"Fensterheber";1561;33709;1;0;"RENAULT";"MASTER III Pritsche/Fahrgestell (EV, HV, UV)";92;201002;;125;2298
"Fensterheber";1561;33712;1;6;"PEUGEOT";"PARTNER TEPEE";88;200909;201604;120;1598
"Fensterheber";1561;33713;1;8;"KIA";"SPORTAGE III (SL)";120;201007;;163;1998
"Fensterheber";1561;33716;2;8;"KIA";"SPORTAGE III (SL)";100;201007;;136;1995
"Fensterheber";1561;33723;7;11;"OPEL";"CORSA D (S07)";51;200912;201408;69;1229
"Fensterheber";1561;33725;3;11;"OPEL";"CORSA D (S07)";74;200912;201408;100;1398
"Fensterheber";1561;33748;1;0;"TATA";"XENON Pick-up";103;200901;;140;2179
"Fensterheber";1561;33778;4;4;"BMW";"X3 (F25)";135;201009;201403;184;1995
"Fensterheber";1561;33779;1;6;"CITROËN";"BERLINGO MULTISPACE (B9)";72;201007;;98;1598
"Fensterheber";1561;33780;6;6;"CITROËN";"BERLINGO MULTISPACE (B9)";82;201007;;112;1560
"Fensterheber";1561;33781;1;6;"CITROËN";"BERLINGO Kasten/Großraumlimousine (B9)";72;201007;;98;1598
"Fensterheber";1561;33785;3;4;"CITROËN";"C5 III (RD_)";82;201007;;112;1560
"Fensterheber";1561;33786;4;4;"CITROËN";"C5 III Break (RW_)";82;201007;;112;1560
"Fensterheber";1561;33791;1;6;"CITROËN";"JUMPY II (VF7)";120;201007;201603;163;1997
"Fensterheber";1561;33792;1;6;"CITROËN";"JUMPY II Kasten";120;201007;201603;163;1997
"Fensterheber";1561;33794;1;0;"KIA";"VENGA (YN)";55;201002;;75;1396
"Fensterheber";1561;33804;1;18;"PEUGEOT";"208 I (CA_, CC_)";50;201203;;68;999
"Fensterheber";1561;33806;1;2;"VOLVO";"V50 (545)";84;201001;201212;114;1560
"Fensterheber";1561;33807;21;18;"PEUGEOT";"208 I (CA_, CC_)";60;201203;;82;1199
"Fensterheber";1561;33823;4;18;"PEUGEOT";"208 I (CA_, CC_)";70;201203;;95;1397
"Fensterheber";1561;33838;2;6;"PEUGEOT";"206+ (2L_, 2M_)";55;200901;201308;75;1360
"Fensterheber";1561;33853;1;4;"OPEL";"MERIVA B Großraumlimousine (S10)";81;201006;201506;110;1686
"Fensterheber";1561;33854;1;4;"OPEL";"MERIVA B Großraumlimousine (S10)";96;201006;201310;131;1686
"Fensterheber";1561;33866;2;10;"PEUGEOT";"3008 Großraumlimousine (0U_)";82;200912;201608;112;1560
"Fensterheber";1561;33870;1;6;"PEUGEOT";"PARTNER TEPEE";72;201008;;98;1598
"Fensterheber";1561;33875;1;3;"SEAT";"IBIZA IV (6J5, 6P1)";55;201006;201505;75;1199
"Fensterheber";1561;33877;1;4;"SKODA";"FABIA II Combi (545)";55;201005;201412;75;1199
"Fensterheber";1561;33929;7;18;"PEUGEOT";"208 I (CA_, CC_)";88;201203;;120;1598
"Fensterheber";1561;34165;1;8;"IVECO";"DAILY III Pritsche/Fahrgestell";62;199905;200604;84;2798
"Fensterheber";1561;34166;1;8;"IVECO";"DAILY III Kasten";62;199905;200707;84;2798
"Fensterheber";1561;34169;10;8;"IVECO";"DAILY III Pritsche/Fahrgestell";92;199905;200604;125;2798
"Fensterheber";1561;34170;1;8;"IVECO";"DAILY III Kasten";92;199905;200707;125;2798
"Fensterheber";1561;34173;1;8;"IVECO";"DAILY III Pritsche/Fahrgestell";92;199905;200604;125;2798
"Fensterheber";1561;34241;2;8;"IVECO";"DAILY III Pritsche/Fahrgestell";107;200111;200604;146;2798
"Fensterheber";1561;34242;1;8;"IVECO";"DAILY III Pritsche/Fahrgestell";107;200101;200604;146;2798
"Fensterheber";1561;34245;1;8;"IVECO";"DAILY III Kasten";70;200209;200707;95;2287
"Fensterheber";1561;34246;1;8;"IVECO";"DAILY III Pritsche/Fahrgestell";85;200209;200604;116;2287
"Fensterheber";1561;34263;2;8;"IVECO";"DAILY III Pritsche/Fahrgestell";70;200209;200604;95;2287
"Fensterheber";1561;34264;1;8;"IVECO";"DAILY III Pritsche/Fahrgestell";85;200209;200604;116;2287
"Fensterheber";1561;34265;1;8;"IVECO";"DAILY III Kasten";85;200209;200707;116;2287
"Fensterheber";1561;34270;1;2;"RENAULT TRUCKS";"MASCOTT Pritsche/Fahrgestell";85;200405;201012;115;2953
"Fensterheber";1561;34283;1;4;"IVECO";"DAILY IV Pritsche/Fahrgestell";107;200605;201108;146;2998
"Fensterheber";1561;34286;1;4;"IVECO";"DAILY IV Pritsche/Fahrgestell";130;200605;201108;176;2998
"Fensterheber";1561;34291;1;4;"IVECO";"DAILY IV Pritsche/Fahrgestell";85;200605;201108;116;2287
"Fensterheber";1561;34292;4;4;"IVECO";"DAILY IV Pritsche/Fahrgestell";107;200605;201108;146;2998
"Fensterheber";1561;34293;1;4;"IVECO";"DAILY IV Pritsche/Fahrgestell";130;200605;201108;176;2998
"Fensterheber";1561;34305;4;8;"IVECO";"DAILY IV Kasten";85;200605;201108;116;2287
"Fensterheber";1561;34307;2;8;"IVECO";"DAILY IV Kasten";85;200605;201108;116;2287
"Fensterheber";1561;34308;7;8;"IVECO";"DAILY IV Kasten";107;200605;201108;146;2998
"Fensterheber";1561;34309;1;8;"IVECO";"DAILY IV Kasten";130;200605;201108;176;2998
"Fensterheber";1561;34310;1;8;"IVECO";"DAILY IV Kasten";100;200605;201108;136;2287
"Fensterheber";1561;34317;1;8;"IVECO";"DAILY IV Kasten";107;200605;201108;146;2998
"Fensterheber";1561;34421;1;8;"IVECO";"DAILY III Pritsche/Fahrgestell";66;200111;200604;90;2798
"Fensterheber";1561;34431;2;8;"IVECO";"DAILY III Pritsche/Fahrgestell";100;200409;200604;136;2998
"Fensterheber";1561;34459;1;8;"IVECO";"DAILY IV Kasten";93;200707;201108;126;2287
"Fensterheber";1561;34461;1;8;"IVECO";"DAILY IV Kasten";103;200909;201108;140;2998
"Fensterheber";1561;34466;3;8;"IVECO";"DAILY IV Kasten";93;200707;201108;126;2287
"Fensterheber";1561;34489;2;4;"IVECO";"DAILY IV Pritsche/Fahrgestell";103;200909;201108;140;2998
"Fensterheber";1561;34506;1;4;"IVECO";"DAILY IV Pritsche/Fahrgestell";78;200707;201108;106;2287
"Fensterheber";1561;34721;8;6;"NISSAN";"JUKE (F15)";86;201006;;117;1598
"Fensterheber";1561;34724;1;6;"NISSAN";"JUKE (F15)";140;201006;;190;1618
"Fensterheber";1561;34725;4;6;"NISSAN";"JUKE (F15)";81;201006;;110;1461
"Fensterheber";1561;34744;1;16;"RENAULT";"CLIO III (BR0/1, CR0/1)";55;201008;201412;75;1461
"Fensterheber";1561;34745;3;4;"RENAULT";"CLIO III Grandtour (KR0/1_)";55;201008;201212;75;1461
"Fensterheber";1561;34747;2;4;"RENAULT";"CLIO III Grandtour (KR0/1_)";65;201008;201212;88;1461
"Fensterheber";1561;34767;2;6;"BMW";"3 Touring (E91)";150;201002;201206;204;2993
"Fensterheber";1561;34769;1;8;"MERCEDES-BENZ";"C-CLASS T-Model (S204)";150;200901;201408;204;2143
"Fensterheber";1561;34793;2;2;"VW";"GOLF VI Variant (AJ5)";63;201007;201307;86;1197
"Fensterheber";1561;34795;1;2;"VW";"GOLF VI Variant (AJ5)";100;200907;201307;136;1968
"Fensterheber";1561;34858;2;6;"SEAT";"ALTEA XL (5P5, 5P8)";155;200905;;211;1984
"Fensterheber";1561;34905;2;0;"OPEL";"MOVANO B Kasten (X62)";74;201005;;101;2298
"Fensterheber";1561;34906;11;0;"OPEL";"MOVANO B Kasten (X62)";92;201005;;125;2298
"Fensterheber";1561;34907;2;0;"OPEL";"MOVANO B Kasten (X62)";107;201005;;146;2298
"Fensterheber";1561;34913;1;0;"OPEL";"MOVANO B Pritsche/Fahrgestell (X62)";92;201005;;125;2298
"Fensterheber";1561;34916;1;0;"OPEL";"MOVANO B Pritsche/Fahrgestell (X62)";107;201005;;146;2298
"Fensterheber";1561;34918;2;2;"MINI";"MINI CLUBMAN (R55)";66;201003;201406;90;1598
"Fensterheber";1561;34919;5;2;"MINI";"MINI CLUBMAN (R55)";82;201003;201406;112;1598
"Fensterheber";1561;34920;2;2;"MINI";"MINI (R56)";82;201006;201311;112;1598
"Fensterheber";1561;34931;1;3;"HONDA";"CR-V III (RE_)";110;200701;;150;2199
"Fensterheber";1561;34946;1;6;"BMW";"3 Touring (E91)";120;200907;201206;163;1995
"Fensterheber";1561;34947;1;4;"VW";"CADDY III Großraumlimousine (2KB, 2KJ, 2CB, 2CJ)";63;201009;201505;86;1197
"Fensterheber";1561;34948;3;4;"VW";"CADDY III Großraumlimousine (2KB, 2KJ, 2CB, 2CJ)";77;201009;201505;105;1197
"Fensterheber";1561;34950;2;4;"VW";"CADDY III Großraumlimousine (2KB, 2KJ, 2CB, 2CJ)";55;201008;201505;75;1598
"Fensterheber";1561;34951;5;4;"VW";"CADDY III Großraumlimousine (2KB, 2KJ, 2CB, 2CJ)";75;201008;201505;102;1598
"Fensterheber";1561;34953;1;4;"VW";"CADDY III Kasten/Großraumlimousine (2KA, 2KH, 2CA, 2CH)";63;201009;201505;86;1197
"Fensterheber";1561;34955;2;4;"VW";"CADDY III Kasten/Großraumlimousine (2KA, 2KH, 2CA, 2CH)";55;201008;201505;75;1598
"Fensterheber";1561;34956;2;4;"VW";"CADDY III Kasten/Großraumlimousine (2KA, 2KH, 2CA, 2CH)";81;201008;201505;110;1968
"Fensterheber";1561;34958;2;4;"VW";"CADDY III Kasten/Großraumlimousine (2KA, 2KH, 2CA, 2CH)";75;201008;201505;102;1598
"Fensterheber";1561;34968;3;8;"BMW";"X5 (E53)";155;200310;200609;211;2993
"Fensterheber";1561;34975;4;4;"VW";"SHARAN (7N1, 7N2)";100;201005;;136;1968
"Fensterheber";1561;34981;29;4;"VW";"FOX Schrägheck (5Z1, 5Z3, 5Z4)";44;201009;201112;60;1198
"Fensterheber";1561;34992;3;4;"BMW";"X1 (E84)";110;201003;201506;150;1995
"Fensterheber";1561;34993;1;4;"BMW";"X1 (E84)";160;201003;201108;218;2996
"Fensterheber";1561;34994;1;2;"MINI";"MINI CLUBMAN (R55)";70;200903;201002;95;1397
"Fensterheber";1561;35422;1;2;"HONDA";"CR-V IV (RM_)";88;201310;;120;1597
"Fensterheber";1561;35786;1;4;"BMW";"X3 (E83)";137;200401;200612;186;2494
"Fensterheber";1561;39229;12;0;"SKODA";"RAPID Spaceback (NH1)";63;201207;201505;86;1197
"Fensterheber";1561;39231;9;0;"SKODA";"RAPID Spaceback (NH1)";77;201207;201505;105;1197
"Fensterheber";1561;39271;1;0;"SKODA";"RAPID Spaceback (NH1)";77;201207;201912;105;1598
"Fensterheber";1561;45639;1;4;"MERCEDES-BENZ";"190 (W201)";54;198409;198512;72;2197
"Fensterheber";1561;50239;1;4;"ALFA ROMEO";"MITO (955_)";57;201103;201810;78;1368
"Fensterheber";1561;50742;1;4;"SMART";"FORTWO Coupe (450)";34;200409;200702;45;698
"Fensterheber";1561;50895;1;0;"AUDI";"A3 Limousine (8VS, 8VM)";221;201310;202010;300;1984
"Fensterheber";1561;52392;1;0;"SKODA";"RAPID Spaceback (NH1)";90;201207;201506;122;1390
"Fensterheber";1561;52395;3;0;"SKODA";"RAPID Spaceback (NH1)";66;201308;201505;90;1598
"Fensterheber";1561;52426;1;4;"VW";"TOURAN (1T3)";130;201301;201505;177;1968
"Fensterheber";1561;52464;3;12;"FIAT";"500L (351_, 352_)";88;201309;;120;1598
"Fensterheber";1561;52465;2;6;"FIAT";"PUNTO (199_)";77;201307;;105;875
"Fensterheber";1561;52829;1;4;"BMW";"5 Touring (E61)";155;200403;201005;211;2993
"Fensterheber";1561;53296;1;0;"CITROËN";"C4 GRAND PICASSO II (DA_, DE_)";110;201306;;150;1997
"Fensterheber";1561;53302;2;4;"KIA";"PICANTO II (TA)";49;201308;201703;67;998
"Fensterheber";1561;53303;3;6;"RENAULT";"KANGOO / GRAND KANGOO II (KW0/1_)";84;201307;;115;1197
"Fensterheber";1561;53379;2;6;"PEUGEOT";"PARTNER Kasten/Großraumlimousine";49;201306;;67;
"Fensterheber";1561;53387;1;4;"CITROËN";"DS5";147;201112;201507;200;1997
"Fensterheber";1561;53686;3;0;"AUDI";"A3 Limousine (8VS, 8VM)";92;201309;;125;1395
"Fensterheber";1561;53772;1;0;"AUDI";"A3 Limousine (8VS, 8VM)";132;201311;;180;1798
"Fensterheber";1561;54220;1;4;"TOYOTA";"RAV 4 II (_A2_)";110;200009;200312;150;1998
"Fensterheber";1561;54521;1;4;"RENAULT";"MEGANE III Grandtour (KZ0/1)";63;200903;;86;1461
"Fensterheber";1561;54750;1;4;"BMW";"X3 (E83)";155;200608;200808;211;2497
"Fensterheber";1561;54913;1;7;"MAZDA";"2 (DE_, DH_)";62;201001;201506;84;1349
"Fensterheber";1561;54943;1;6;"RENAULT";"CLIO II (BB_, CB_)";42;200106;200612;57;1461
"Fensterheber";1561;54952;4;8;"BMW";"3 (E46)";95;199802;200108;129;1951
"Fensterheber";1561;55091;1;0;"ISUZU";"D-MAX II (TFR, TFS)";120;201206;;163;2499
"Fensterheber";1561;55107;1;8;"FORD";"B-MAX (JK)";77;201210;;105;1596
"Fensterheber";1561;55118;1;7;"OPEL";"MOKKA / MOKKA X (J13)";103;201206;;140;1364
"Fensterheber";1561;55120;1;7;"OPEL";"MOKKA / MOKKA X (J13)";96;201206;;131;1686
"Fensterheber";1561;55123;1;6;"BMW";"3 Touring (F31)";135;201211;201506;184;1997
"Fensterheber";1561;55127;3;6;"BMW";"3 Touring (F31)";135;201207;201602;184;1995
"Fensterheber";1561;55249;2;4;"TOYOTA";"YARIS (_P13_)";55;201203;;75;1497
"Fensterheber";1561;55284;1;8;"PEUGEOT";"508 I (8D_)";120;201201;201812;163;1598
"Fensterheber";1561;55332;3;2;"MERCEDES-BENZ";"A-CLASS (W176)";90;201209;201805;122;1595
"Fensterheber";1561;55333;1;2;"MERCEDES-BENZ";"A-CLASS (W176)";115;201206;201805;156;1595
"Fensterheber";1561;55336;2;2;"MERCEDES-BENZ";"A-CLASS (W176)";80;201206;201805;109;1461
"Fensterheber";1561;55441;7;6;"FIAT";"PUNTO (199_)";57;201203;;78;1368
"Fensterheber";1561;55488;2;8;"BMW";"1 (F20)";75;201207;201502;102;1598
"Fensterheber";1561;55494;2;4;"VW";"TOURAN (1T3)";125;201005;201301;170;1968
"Fensterheber";1561;55508;26;4;"VW";"TOURAN (1T3)";77;201005;201505;105;1598
"Fensterheber";1561;55510;12;4;"VW";"TOURAN (1T3)";103;201005;201505;140;1390
"Fensterheber";1561;55526;14;4;"VW";"TOURAN (1T3)";103;201005;201505;140;1968
"Fensterheber";1561;55571;1;2;"HYUNDAI";"i30 (GD)";94;201112;201512;128;1582
"Fensterheber";1561;55585;2;4;"VW";"TOURAN (1T3)";125;201005;201505;170;1390
"Fensterheber";1561;55591;1;4;"AUDI";"A3 (8V1, 8VK)";81;201301;201608;110;1968
"Fensterheber";1561;55597;4;2;"AUDI";"A3 Sportback (8VA, 8VF)";110;201209;202010;150;1968
"Fensterheber";1561;55598;3;2;"AUDI";"A3 Sportback (8VA, 8VF)";135;201305;201807;184;1968
"Fensterheber";1561;55599;1;2;"AUDI";"A3 Sportback (8VA, 8VF)";105;201303;202010;143;1968
"Fensterheber";1561;55600;1;2;"AUDI";"A3 Sportback (8VA, 8VF)";132;201209;;180;1798
"Fensterheber";1561;55634;4;12;"FIAT";"500L (351_, 352_)";70;201209;;95;1368
"Fensterheber";1561;55715;1;0;"VW";"CITI GOLF";62;199912;200908;84;1390
"Fensterheber";1561;55798;1;2;"CHEVROLET";"CRUZE Station Wagon (J308)";103;201208;;140;1364
"Fensterheber";1561;55799;1;2;"CHEVROLET";"CRUZE Station Wagon (J308)";91;201208;201512;124;1598
"Fensterheber";1561;55801;1;2;"CHEVROLET";"CRUZE Station Wagon (J308)";96;201208;;131;1686
"Fensterheber";1561;55802;1;2;"CHEVROLET";"CRUZE Station Wagon (J308)";120;201208;;163;1998
"Fensterheber";1561;55905;1;8;"MERCEDES-BENZ";"E-CLASS (W212)";150;201112;201612;204;2143
"Fensterheber";1561;55917;1;8;"JEEP";"CHEROKEE (KJ)";157;200109;200710;214;3700
"Fensterheber";1561;55968;1;7;"LAND ROVER";"FREELANDER I Soft Top (L314)";82;200010;200610;112;1951
"Fensterheber";1561;55988;1;4;"JAGUAR";"XF I (X250)";147;201203;201504;200;2179
"Fensterheber";1561;55991;2;0;"JAGUAR";"XF SPORTBRAKE (X250)";147;201209;201404;200;2179
"Fensterheber";1561;55992;1;0;"JAGUAR";"XF SPORTBRAKE (X250)";177;201209;201404;241;2993
"Fensterheber";1561;56018;6;0;"MITSUBISHI";"MIRAGE / SPACE STAR VI Schrägheck (A0_A)";52;201205;;71;999
"Fensterheber";1561;56127;5;4;"HYUNDAI";"ATOS (MX)";45;200306;201012;61;1086
"Fensterheber";1561;56142;23;6;"VW";"GOLF VII (5G1, BQ1, BE1, BE2)";63;201208;201703;86;1197
"Fensterheber";1561;56144;7;6;"VW";"GOLF VII (5G1, BQ1, BE1, BE2)";103;201208;201703;140;1395
"Fensterheber";1561;56145;14;6;"VW";"GOLF VII (5G1, BQ1, BE1, BE2)";77;201208;201703;105;1598
"Fensterheber";1561;56147;6;6;"VW";"GOLF VII (5G1, BQ1, BE1, BE2)";110;201208;202008;150;1968
"Fensterheber";1561;56162;2;0;"SKODA";"RAPID (NH3, NK3, NK6)";63;201207;201505;86;1197
"Fensterheber";1561;56165;4;0;"SKODA";"RAPID (NH3, NK3, NK6)";77;201207;201505;105;1197
"Fensterheber";1561;56167;1;0;"SKODA";"RAPID (NH3, NK3, NK6)";90;201207;201506;122;1390
"Fensterheber";1561;56170;2;0;"SKODA";"RAPID (NH3, NK3, NK6)";77;201207;201912;105;1598
"Fensterheber";1561;56200;1;4;"CITROËN";"XSARA (N1)";55;199805;200008;75;1360
"Fensterheber";1561;56201;1;11;"PEUGEOT";"308 I (4A_, 4C_)";110;201110;201410;150;1997
"Fensterheber";1561;56205;5;6;"VW";"POLO V (6R1, 6C1)";103;201210;201405;140;1395
"Fensterheber";1561;56230;3;10;"NISSAN";"QASHQAI / QASHQAI +2 I (J10, NJ10, JJ10E)";81;200702;201312;110;1598
"Fensterheber";1561;56261;10;6;"CITROËN";"BERLINGO MULTISPACE (B9)";84;201007;;114;1560
"Fensterheber";1561;56263;1;4;"CITROËN";"C3 PICASSO (SH_)";70;201201;;95;1397
"Fensterheber";1561;56264;2;4;"CITROËN";"C5 III (RD_)";84;201201;;114;1560
"Fensterheber";1561;56266;1;4;"CITROËN";"C5 III Break (RW_)";84;201201;;114;1560
"Fensterheber";1561;56287;3;11;"FIAT";"GRANDE PUNTO (199_)";51;200806;201212;69;1242
"Fensterheber";1561;56433;2;2;"IVECO";"DAILY V Pritsche/Fahrgestell";93;201109;201402;126;2287
"Fensterheber";1561;56438;3;8;"PEUGEOT";"508 I (8D_)";121;201109;201812;165;1598
"Fensterheber";1561;56557;2;2;"IVECO";"DAILY V Pritsche/Fahrgestell";125;201109;201402;170;2998
"Fensterheber";1561;56744;1;4;"FIAT";"500 (312_)";48;201209;;65;964
"Fensterheber";1561;56745;2;4;"FIAT";"500 C (312_)";48;201209;;65;964
"Fensterheber";1561;56748;2;6;"FIAT";"PANDA (312_, 319_)";63;201209;;86;875
"Fensterheber";1561;56757;2;4;"FORD";"C-MAX II (DXA/CB7, DXA/CEU)";74;201210;201906;100;998
"Fensterheber";1561;56777;2;2;"SEAT";"LEON (5F1)";77;201209;202008;105;1598
"Fensterheber";1561;56783;8;2;"VW";"BEETLE Cabriolet (5C7, 5C8)";77;201112;201907;105;1197
"Fensterheber";1561;56784;4;2;"VW";"BEETLE Cabriolet (5C7, 5C8)";118;201112;201607;160;1390
"Fensterheber";1561;56785;1;2;"VW";"BEETLE Cabriolet (5C7, 5C8)";77;201112;201607;105;1598
"Fensterheber";1561;56790;2;2;"VW";"BEETLE Cabriolet (5C7, 5C8)";103;201204;201607;140;1968
"Fensterheber";1561;56798;1;2;"HYUNDAI";"i30 Kombi (GD)";73;201206;201512;99;1396
"Fensterheber";1561;56800;1;2;"HYUNDAI";"i30 Kombi (GD)";99;201206;;135;1591
"Fensterheber";1561;56801;1;2;"HYUNDAI";"i30 Kombi (GD)";66;201206;;90;1396
"Fensterheber";1561;56802;2;2;"HYUNDAI";"i30 Kombi (GD)";94;201206;201512;128;1582
"Fensterheber";1561;56806;8;2;"HYUNDAI";"i30 (GD)";81;201112;201612;110;1582
"Fensterheber";1561;56810;1;4;"BMW";"X3 (F25)";105;201210;201403;143;1995
"Fensterheber";1561;57126;9;6;"RENAULT";"CLIO II (BB_, CB_)";43;199809;200906;58;1149
"Fensterheber";1561;57166;2;4;"RENAULT";"SCÉNIC I Großraumlimousine (JA0/1_, FA0_)";79;199909;200104;107;1598
"Fensterheber";1561;57168;1;5;"DACIA";"LOGAN MCV II";55;201302;;75;1461
"Fensterheber";1561;57257;1;2;"MERCEDES-BENZ";"B-CLASS Sports Tourer (W246, W242)";115;201211;201712;156;1991
"Fensterheber";1561;57259;2;3;"MERCEDES-BENZ";"SPRINTER 3,5-t Bus (B906)";120;201108;;163;2143
"Fensterheber";1561;57273;10;2;"HYUNDAI";"i20 I (PB, PBT)";63;201203;201512;86;1248
"Fensterheber";1561;57281;2;6;"RENAULT";"CLIO IV (BH_)";66;201211;;90;1461
"Fensterheber";1561;57282;2;6;"RENAULT";"CLIO IV (BH_)";55;201211;;75;1461
"Fensterheber";1561;57284;4;6;"RENAULT";"CLIO IV (BH_)";54;201211;;73;1149
"Fensterheber";1561;57294;1;6;"BMW";"3 (F30, F80)";180;201207;201608;245;1997
"Fensterheber";1561;57351;3;6;"MERCEDES-BENZ";"CITAN Kasten/Großraumlimousine (W415)";55;201211;202108;75;1461
"Fensterheber";1561;57355;1;6;"MERCEDES-BENZ";"CITAN Tourer (W415)";66;201211;202108;90;1461
"Fensterheber";1561;57393;2;4;"RENAULT";"SCÉNIC III (JZ0/1_)";85;201204;;116;1197
"Fensterheber";1561;57394;1;4;"RENAULT";"GRAND SCÉNIC III (JZ0/1_)";85;201204;;116;1197
"Fensterheber";1561;57398;2;0;"DACIA";"DOKKER Großraumlimousine (KE_)";85;201211;;115;1197
"Fensterheber";1561;57401;4;6;"RENAULT";"CLIO IV (BH_)";66;201211;;90;898
"Fensterheber";1561;57425;1;3;"SEAT";"IBIZA IV (6J5, 6P1)";63;201208;201505;86;1197
"Fensterheber";1561;57430;1;2;"AUDI";"A3 Sportback (8VA, 8VF)";77;201210;;105;1598
"Fensterheber";1561;57440;1;4;"DACIA";"LODGY (JS_)";85;201203;;115;1197
"Fensterheber";1561;57450;1;0;"RENAULT";"CLIO IV Grandtour (KH_)";66;201301;;90;898
"Fensterheber";1561;57454;1;0;"RENAULT";"CLIO IV Grandtour (KH_)";66;201211;;90;1461
"Fensterheber";1561;57456;17;6;"VW";"GOLF VII (5G1, BQ1, BE1, BE2)";77;201211;201703;105;1197
"Fensterheber";1561;57459;16;6;"VW";"GOLF VII (5G1, BQ1, BE1, BE2)";90;201211;201703;122;1395
"Fensterheber";1561;57460;3;6;"VW";"GOLF VII (5G1, BQ1, BE1, BE2)";77;201211;201703;105;1598
"Fensterheber";1561;57464;3;8;"BMW";"1 (F20)";70;201211;201506;95;1598
"Fensterheber";1561;57508;3;0;"MITSUBISHI";"MIRAGE / SPACE STAR VI Schrägheck (A0_A)";59;201210;;80;1193
"Fensterheber";1561;57523;3;0;"SEAT";"TOLEDO IV (KG3)";63;201207;201506;86;1197
"Fensterheber";1561;57524;2;0;"SEAT";"TOLEDO IV (KG3)";77;201207;201506;105;1197
"Fensterheber";1561;57525;1;0;"SEAT";"TOLEDO IV (KG3)";90;201207;201506;122;1390
"Fensterheber";1561;57526;1;0;"SEAT";"TOLEDO IV (KG3)";77;201207;201506;105;1598
"Fensterheber";1561;57548;1;4;"BMW";"X1 (E84)";85;201204;201506;116;1995
"Fensterheber";1561;57551;1;4;"BMW";"X1 (E84)";135;201207;201506;184;1995
"Fensterheber";1561;57589;2;2;"SEAT";"LEON (5F1)";77;201301;202008;105;1197
"Fensterheber";1561;57597;6;2;"SEAT";"LEON (5F1)";135;201209;202008;184;1968
"Fensterheber";1561;57648;3;2;"NISSAN";"NAVARA (D22)";98;200111;;133;2488
"Fensterheber";1561;57671;1;6;"FIAT";"SCUDO Pritsche/Fahrgestell (270_, 272_)";94;201105;201603;128;1997
"Fensterheber";1561;57731;11;4;"RENAULT";"SCÉNIC I Großraumlimousine (JA0/1_, FA0_)";79;199909;200309;107;1598
"Fensterheber";1561;57763;1;2;"IVECO";"DAILY V Kasten";107;201109;201402;146;2287
"Fensterheber";1561;58134;2;5;"DACIA";"SANDERO II";55;201210;;75;1149
"Fensterheber";1561;58143;9;5;"DACIA";"SANDERO II";66;201210;;90;898
"Fensterheber";1561;58144;1;5;"DACIA";"SANDERO II";66;201210;;90;1461
"Fensterheber";1561;58168;21;7;"BMW";"1 (E87)";85;200406;201106;115;1596
"Fensterheber";1561;58169;32;7;"BMW";"1 (E87)";90;200709;201106;122;1599
"Fensterheber";1561;58184;17;7;"BMW";"1 (E87)";90;200901;201106;122;1995
"Fensterheber";1561;58185;3;7;"BMW";"1 (E87)";95;200407;200702;129;1995
"Fensterheber";1561;58187;17;7;"BMW";"1 (E87)";105;200609;201106;143;1995
"Fensterheber";1561;58188;17;7;"BMW";"1 (E87)";110;200406;200702;150;1995
"Fensterheber";1561;58224;1;7;"BMW";"1 (E87)";125;200703;201106;170;1995
"Fensterheber";1561;58238;5;7;"BMW";"1 (E87)";195;200509;200702;265;2996
"Fensterheber";1561;58252;6;7;"BMW";"1 (E87)";85;200903;201106;116;1995
"Fensterheber";1561;58253;15;7;"BMW";"1 (E87)";90;200406;200702;122;1995
"Fensterheber";1561;58254;5;7;"BMW";"1 (E87)";100;200703;201106;136;1995
"Fensterheber";1561;58256;50;7;"BMW";"1 (E87)";105;200703;201106;143;1995
"Fensterheber";1561;58283;27;7;"BMW";"1 (E87)";120;200406;201106;163;1995
"Fensterheber";1561;58284;2;0;"BMW";"2 Coupe (F22, F87)";135;201210;201411;184;1995
"Fensterheber";1561;58294;1;0;"BMW";"2 Coupe (F22, F87)";240;201310;;326;2979
"Fensterheber";1561;58303;17;7;"BMW";"1 (E87)";130;200703;201106;177;1995
"Fensterheber";1561;58336;7;0;"BMW";"1 (F21)";75;201112;;102;1598
"Fensterheber";1561;58344;12;0;"BMW";"1 (F21)";100;201112;;136;1598
"Fensterheber";1561;58359;33;4;"SEAT";"ALHAMBRA (710, 711)";130;201211;;177;1968
"Fensterheber";1561;58360;2;0;"BMW";"1 (F21)";70;201207;;95;1598
"Fensterheber";1561;58364;2;0;"BMW";"1 (F21)";85;201112;;116;1598
"Fensterheber";1561;58365;1;0;"BMW";"1 (F21)";85;201201;;116;1995
"Fensterheber";1561;58368;7;0;"BMW";"1 (F21)";100;201112;201502;136;1995
"Fensterheber";1561;58373;1;0;"BMW";"1 (F21)";135;201207;;184;1995
"Fensterheber";1561;58374;1;0;"BMW";"1 (F21)";135;201202;201502;184;1995
"Fensterheber";1561;58415;2;6;"SEAT";"ALTEA XL (5P5, 5P8)";103;201010;;140;1968
"Fensterheber";1561;58482;1;0;"MERCEDES-BENZ";"CLA Coupe (C117)";125;201301;201903;170;2143
"Fensterheber";1561;58528;1;12;"FIAT";"500L (351_, 352_)";77;201209;201805;105;1598
"Fensterheber";1561;58536;2;0;"FORD";"TOURNEO CUSTOM V362 Bus (F3)";92;201204;201512;125;2198
"Fensterheber";1561;58539;2;1;"FORD";"TRANSIT CUSTOM V362 Bus (F3)";74;201204;201512;100;2198
"Fensterheber";1561;58543;4;1;"FORD";"TRANSIT CUSTOM V362 Kasten (FY, FZ)";74;201209;;100;2198
"Fensterheber";1561;58565;2;8;"PEUGEOT";"207 (WA_, WC_)";54;200604;201310;73;1360
"Fensterheber";1561;58572;1;10;"RENAULT";"LAGUNA II Grandtour (KG0/1_)";85;200508;200709;116;1870
"Fensterheber";1561;58574;1;6;"RENAULT";"KANGOO / GRAND KANGOO II (KW0/1_)";78;200802;;106;1461
"Fensterheber";1561;58588;1;4;"CITROËN";"C3 PICASSO (SH_)";84;201301;;114;1560
"Fensterheber";1561;58603;1;12;"HYUNDAI";"i30 (FD)";100;200710;201111;136;1991
"Fensterheber";1561;58606;2;10;"RENAULT";"LAGUNA II Grandtour (KG0/1_)";98;200410;200709;133;1998
"Fensterheber";1561;58608;3;0;"DACIA";"DOKKER Express Kasten/Großraumlimousine";55;201212;;75;1461
"Fensterheber";1561;58610;1;10;"RENAULT";"LAGUNA II Grandtour (KG0/1_)";66;200308;200709;90;1870
"Fensterheber";1561;58612;1;5;"DACIA";"LOGAN II";66;201210;;90;898
"Fensterheber";1561;58646;7;8;"PEUGEOT";"508 I (8D_)";147;201011;201812;200;1997
"Fensterheber";1561;58648;5;6;"RENAULT";"KANGOO / GRAND KANGOO II (KW0/1_)";66;200806;;90;1461
"Fensterheber";1561;58650;2;18;"PEUGEOT";"208 I (CA_, CC_)";147;201208;;200;1598
"Fensterheber";1561;58663;21;10;"CITROËN";"C3 II (SC_)";50;201208;;68;999
"Fensterheber";1561;58664;44;10;"CITROËN";"C3 II (SC_)";60;201206;201609;82;1199
"Fensterheber";1561;58667;5;8;"CITROËN";"C4 II (NC_)";84;201207;;114;1560
"Fensterheber";1561;58731;4;4;"ABARTH";"500 / 595 / 695";103;201005;;140;1368
"Fensterheber";1561;58761;1;4;"SKODA";"OCTAVIA III (5E3, NL3, NR3)";110;201211;202010;150;1968
"Fensterheber";1561;58766;1;4;"SKODA";"OCTAVIA III Combi (5E5, 5E6)";77;201211;201505;105;1598
"Fensterheber";1561;58767;2;4;"SKODA";"OCTAVIA III Combi (5E5, 5E6)";110;201211;202010;150;1968
"Fensterheber";1561;58791;1;1;"HONDA";"CIVIC IX (FK)";88;201302;;120;1597
"Fensterheber";1561;58796;1;0;"BMW";"3 Gran Turismo (F34)";135;201303;201606;184;1997
"Fensterheber";1561;58798;1;0;"BMW";"3 Gran Turismo (F34)";225;201303;201606;306;2979
"Fensterheber";1561;58799;5;0;"BMW";"3 Gran Turismo (F34)";105;201303;201506;143;1995
"Fensterheber";1561;58800;4;0;"BMW";"3 Gran Turismo (F34)";135;201303;201506;184;1995
"Fensterheber";1561;58820;2;0;"OPEL";"MOVANO B Pritsche/Fahrgestell (X62)";110;201301;;150;2298
"Fensterheber";1561;58822;1;0;"OPEL";"MOVANO B Kasten (X62)";110;201301;;150;2298
"Fensterheber";1561;58824;1;0;"OPEL";"MOVANO B Bus (X62)";110;201301;;150;2298
"Fensterheber";1561;58874;4;6;"PEUGEOT";"2008 I (CU_)";60;201303;201812;82;1199
"Fensterheber";1561;58890;1;6;"PEUGEOT";"PARTNER Kasten/Großraumlimousine";84;201303;;114;1560
"Fensterheber";1561;58899;1;0;"RENAULT";"CLIO IV Grandtour (KH_)";88;201303;;120;1197
"Fensterheber";1561;58900;4;0;"RENAULT";"MASTER III Kasten (FV)";110;201303;;150;2298
"Fensterheber";1561;58903;2;0;"RENAULT";"MASTER III Pritsche/Fahrgestell (EV, HV, UV)";110;201303;;150;2298
"Fensterheber";1561;58926;4;4;"VW";"GOLF VII Variant (BA5, BV5)";63;201305;201703;86;1197
"Fensterheber";1561;58943;5;4;"VW";"GOLF VII Variant (BA5, BV5)";77;201304;202008;105;1197
"Fensterheber";1561;58944;5;4;"VW";"GOLF VII Variant (BA5, BV5)";90;201305;201703;122;1395
"Fensterheber";1561;58945;28;4;"VW";"GOLF VII Variant (BA5, BV5)";77;201305;201703;105;1598
"Fensterheber";1561;58946;17;4;"VW";"GOLF VII Variant (BA5, BV5)";110;201304;;150;1968
"Fensterheber";1561;58947;2;2;"AUDI";"A3 Sportback (8VA, 8VF)";103;201303;;140;1395
"Fensterheber";1561;58948;2;2;"AUDI";"A3 Sportback (8VA, 8VF)";110;201302;202010;150;1968
"Fensterheber";1561;58949;1;6;"BMW";"3 (F30, F80)";190;201207;201810;258;2993
"Fensterheber";1561;58970;2;10;"FORD";"FIESTA VI (CB1, CCN)";59;201210;201704;80;998
"Fensterheber";1561;58995;2;0;"LAND ROVER";"RANGE ROVER SPORT II (L494)";183;201304;;249;2993
"Fensterheber";1561;59001;4;6;"RENAULT";"CAPTUR I (J5_, H5_)";66;201306;;90;898
"Fensterheber";1561;59003;2;6;"RENAULT";"CAPTUR I (J5_, H5_)";66;201306;;90;1461
"Fensterheber";1561;59020;1;7;"PEUGEOT";"308 SW I (4E_, 4H_)";84;201303;201410;114;1560
"Fensterheber";1561;59024;2;0;"CITROËN";"C4 PICASSO II";85;201302;;115;1560
"Fensterheber";1561;59057;2;2;"SEAT";"LEON (5F1)";81;201309;202008;110;1598
"Fensterheber";1561;59067;2;6;"VW";"GOLF VII (5G1, BQ1, BE1, BE2)";66;201304;201807;90;1598
"Fensterheber";1561;59068;5;6;"VW";"GOLF VII (5G1, BQ1, BE1, BE2)";81;201301;201703;110;1598
"Fensterheber";1561;59115;2;6;"VW";"GOLF VII (5G1, BQ1, BE1, BE2)";162;201304;202008;220;1984
"Fensterheber";1561;59116;4;6;"VW";"GOLF VII (5G1, BQ1, BE1, BE2)";169;201304;202008;230;1984
"Fensterheber";1561;59120;2;6;"VW";"GOLF VII (5G1, BQ1, BE1, BE2)";135;201304;202008;184;1968
"Fensterheber";1561;59145;2;2;"VW";"BEETLE Cabriolet (5C7, 5C8)";155;201212;201907;210;1984
"Fensterheber";1561;59224;2;4;"ABARTH";"500C / 595C / 695C";132;201006;;180;1368
"Fensterheber";1561;59245;1;4;"OPEL";"ANTARA A (L07)";110;200608;201112;150;1991
"Fensterheber";1561;59302;3;6;"NISSAN";"JUKE (F15)";69;201301;;94;1598
"Fensterheber";1561;59303;1;3;"NISSAN";"NP300 NAVARA (D40)";106;200701;;144;2488
"Fensterheber";1561;59306;2;4;"CITROËN";"DS5";84;201206;201507;114;1560
"Fensterheber";1561;59318;2;0;"HYUNDAI";"i30 Coupe";73;201305;;99;1396
"Fensterheber";1561;59335;2;4;"RENAULT";"GRAND SCÉNIC III (JZ0/1_)";97;201301;;132;1197
"Fensterheber";1561;59342;3;4;"RENAULT";"SCÉNIC III (JZ0/1_)";97;201301;;132;1197
"Fensterheber";1561;59385;2;1;"VOLVO";"V70 III (135)";100;200710;201512;136;1984
"Fensterheber";1561;59438;3;2;"MERCEDES-BENZ";"B-CLASS Sports Tourer (W246, W242)";80;201302;201812;109;1461
"Fensterheber";1561;59444;77;4;"VW";"SHARAN (7N1, 7N2)";130;201301;;177;1968
"Fensterheber";1561;59456;2;0;"MERCEDES-BENZ";"E-CLASS T-Model (S212)";185;201211;201612;252;2987
"Fensterheber";1561;59459;1;0;"MERCEDES-BENZ";"E-CLASS T-Model (S212)";185;201211;201612;252;2987
"Fensterheber";1561;59489;1;4;"SKODA";"OCTAVIA III Combi (5E5, 5E6)";132;201211;201702;180;1798
"Fensterheber";1561;59584;1;0;"TOYOTA";"PROACE Kasten (MDX_)";94;201306;201603;128;1997
"Fensterheber";1561;59616;2;0;"AUDI";"A3 Limousine (8VS, 8VM)";103;201305;;140;1395
"Fensterheber";1561;59619;4;0;"AUDI";"A3 Limousine (8VS, 8VM)";110;201305;202010;150;1968
"Fensterheber";1561;59719;5;5;"DACIA";"LOGAN MCV II";66;201302;;90;1461
"Fensterheber";1561;59724;1;6;"PEUGEOT";"308 II (LB_, LP_, LW_, LH_, L3_)";115;201309;202106;156;1598
"Fensterheber";1561;59728;1;6;"PEUGEOT";"308 II (LB_, LP_, LW_, LH_, L3_)";68;201309;202106;92;1560
"Fensterheber";1561;59730;2;6;"PEUGEOT";"308 II (LB_, LP_, LW_, LH_, L3_)";85;201309;202106;115;1560
"Fensterheber";1561;59801;1;0;"BMW";"3 Gran Turismo (F34)";180;201307;201606;245;1997
"Fensterheber";1561;100001;2;6;"DACIA";"DUSTER (HS_)";92;201310;201801;125;1197
"Fensterheber";1561;100035;2;4;"AUDI";"Q3 (8UB, 8UG)";110;201310;201810;150;1395
"Fensterheber";1561;100040;2;2;"AUDI";"A3 Sportback (8VA, 8VF)";81;201309;202010;110;1598
"Fensterheber";1561;100050;3;2;"AUDI";"A3 Sportback (8VA, 8VF)";81;201311;202010;110;1395
"Fensterheber";1561;100057;1;2;"AUDI";"A5 (8T3)";140;201309;201701;190;1968
"Fensterheber";1561;100059;10;2;"AUDI";"A6 C7 Avant (4G5, 4GD)";140;201311;201809;190;1968
"Fensterheber";1561;100060;3;2;"AUDI";"A6 C7 (4G2, 4GC)";140;201311;201809;190;1968
"Fensterheber";1561;100182;2;6;"MERCEDES-BENZ";"CITAN Tourer (W415)";84;201306;202108;114;1197
"Fensterheber";1561;100337;2;0;"LAND ROVER";"RANGE ROVER SPORT II (L494)";250;201310;;340;4367
"Fensterheber";1561;100339;8;4;"FIAT";"500 (312_)";77;201310;;105;875
"Fensterheber";1561;100413;2;4;"RENAULT";"MEGANE III Schrägheck (BZ0/1_, B3_)";70;201311;201508;95;1461
"Fensterheber";1561;100414;1;4;"RENAULT";"MEGANE III Grandtour (KZ0/1)";70;201311;;95;1461
"Fensterheber";1561;100498;2;4;"OPEL";"MERIVA B Großraumlimousine (S10)";81;201403;201703;110;1598
"Fensterheber";1561;100506;2;4;"NISSAN";"QASHQAI II SUV (J11, J11_)";85;201311;;115;1197
"Fensterheber";1561;100515;3;6;"DACIA";"DUSTER (HS_)";80;201308;201801;109;1461
"Fensterheber";1561;100560;2;2;"MERCEDES-BENZ";"C-CLASS (W205)";125;201402;201805;170;2143
"Fensterheber";1561;100572;3;0;"MINI";"MINI (F56)";100;201312;;136;1499
"Fensterheber";1561;100584;4;8;"HYUNDAI";"i10 II (BA, IA)";64;201312;;87;1248
"Fensterheber";1561;100630;1;4;"SKODA";"OCTAVIA III Combi (5E5, 5E6)";81;201305;201702;110;1598
"Fensterheber";1561;100644;4;8;"PEUGEOT";"308 SW II (LC_, LJ_, LR_, LX_, L4_)";96;201403;202106;131;1199
"Fensterheber";1561;100647;1;8;"PEUGEOT";"308 SW II (LC_, LJ_, LR_, LX_, L4_)";85;201403;202106;115;1560
"Fensterheber";1561;100648;2;8;"PEUGEOT";"308 SW II (LC_, LJ_, LR_, LX_, L4_)";110;201403;202106;150;1997
"Fensterheber";1561;100770;10;6;"FIAT";"PUNTO (199_)";74;201312;;101;875
"Fensterheber";1561;100779;1;6;"FIAT";"PANDA (312_, 319_)";59;201312;;80;875
"Fensterheber";1561;100780;1;6;"FIAT";"PUNTO (199_)";59;201312;;80;1248
"Fensterheber";1561;100782;7;4;"FIAT";"500 (312_)";59;201312;;80;875
"Fensterheber";1561;100787;1;2;"SEAT";"LEON (5F1)";206;201310;202008;280;1984
"Fensterheber";1561;100794;1;2;"SEAT";"LEON ST (5F8)";81;201310;201808;110;1395
"Fensterheber";1561;100795;13;6;"VW";"POLO V (6R1, 6C1)";44;201401;;60;999
"Fensterheber";1561;100796;5;6;"VW";"POLO V (6R1, 6C1)";55;201401;;75;999
"Fensterheber";1561;100805;1;10;"HYUNDAI";"ix35 (LM, EL, ELH)";122;201308;201512;166;1999
"Fensterheber";1561;100807;1;10;"HYUNDAI";"ix35 (LM, EL, ELH)";122;201308;;166;1999
"Fensterheber";1561;100810;1;4;"FIAT";"500 C (312_)";77;201312;;105;875
"Fensterheber";1561;100818;1;0;"BMW";"3 Gran Turismo (F34)";190;201403;;258;2993
"Fensterheber";1561;100826;1;0;"MERCEDES-BENZ";"V-CLASS (W447)";100;201403;;136;2143
"Fensterheber";1561;100831;1;0;"MERCEDES-BENZ";"V-CLASS (W447)";140;201403;;190;2143
"Fensterheber";1561;100835;5;6;"PEUGEOT";"308 II (LB_, LP_, LW_, LH_, L3_)";96;201311;202106;131;1199
"Fensterheber";1561;100836;1;6;"PEUGEOT";"308 II (LB_, LP_, LW_, LH_, L3_)";88;201311;202106;120;1560
"Fensterheber";1561;100838;1;2;"CHEVROLET";"CRUZE Station Wagon (J308)";81;201311;201512;110;1686
"Fensterheber";1561;100883;8;6;"FIAT";"PUNTO (199_)";49;201402;;67;1242
"Fensterheber";1561;100898;1;0;"MINI";"MINI (F56)";70;201403;;95;1496
"Fensterheber";1561;101004;1;2;"SEAT";"LEON (5F1)";81;201404;202008;110;1197
"Fensterheber";1561;101041;1;6;"VW";"GOLF VII (5G1, BQ1, BE1, BE2)";85;201403;201702;115;
"Fensterheber";1561;101104;1;0;"FORD";"TRANSIT V363 Kasten (FCD, FDD)";114;201308;201812;155;2198
"Fensterheber";1561;101113;1;0;"FORD";"TRANSIT V363 Pritsche/Fahrgestell (FED, FFD)";74;201308;201812;100;2198
"Fensterheber";1561;101117;1;0;"FORD";"TRANSIT V363 Pritsche/Fahrgestell (FED, FFD)";92;201308;201812;125;2198
"Fensterheber";1561;101150;2;6;"VW";"POLO V (6R1, 6C1)";66;201402;;90;1422
"Fensterheber";1561;101157;1;4;"VW";"GOLF SPORTSVAN VII (AM1, AN1)";92;201404;202008;125;1395
"Fensterheber";1561;105577;10;2;"TOYOTA";"AYGO (_B4_)";51;201405;;69;998
"Fensterheber";1561;105877;3;8;"PEUGEOT";"308 SW II (LC_, LJ_, LR_, LX_, L4_)";88;201403;202106;120;1560
"Fensterheber";1561;105880;1;6;"PEUGEOT";"308 II (LB_, LP_, LW_, LH_, L3_)";73;201404;202106;99;1560
"Fensterheber";1561;105884;2;8;"PEUGEOT";"508 I (8D_)";110;201404;201812;150;1997
"Fensterheber";1561;105885;3;8;"PEUGEOT";"508 SW I (8E_)";110;201404;201812;150;1997
"Fensterheber";1561;105887;8;8;"PEUGEOT";"508 SW I (8E_)";133;201404;201812;180;1997
"Fensterheber";1561;105901;2;6;"VW";"GOLF VII (5G1, BQ1, BE1, BE2)";81;201404;201703;110;1197
"Fensterheber";1561;105905;1;2;"RENAULT";"TRAFIC III Kasten (FG_)";85;201405;;116;1598
"Fensterheber";1561;105906;1;2;"RENAULT";"TRAFIC III Kasten (FG_)";88;201405;;120;1598
"Fensterheber";1561;105909;10;2;"CITROËN";"C1 II (PA_, PS_)";51;201404;;69;998
"Fensterheber";1561;105910;1;2;"CITROËN";"C1 II (PA_, PS_)";60;201404;;82;1199
"Fensterheber";1561;105911;1;6;"VW";"GOLF VII (5G1, BQ1, BE1, BE2)";92;201405;202008;125;1395
"Fensterheber";1561;105912;4;6;"VW";"GOLF VII (5G1, BQ1, BE1, BE2)";110;201405;202103;150;1395
"Fensterheber";1561;105917;1;4;"VW";"GOLF VII Variant (BA5, BV5)";81;201404;201703;110;1197
"Fensterheber";1561;105919;1;4;"VW";"GOLF VII Variant (BA5, BV5)";92;201405;202008;125;1395
"Fensterheber";1561;105957;4;4;"FIAT";"500 (312_)";83;201209;;113;
"Fensterheber";1561;106012;1;4;"BMW";"X3 (E83)";168;200401;200612;228;2979
"Fensterheber";1561;106227;4;6;"VW";"GOLF VII (5G1, BQ1, BE1, BE2)";110;201405;202008;150;1395
"Fensterheber";1561;106231;1;4;"VW";"GOLF VII Variant (BA5, BV5)";110;201405;;150;1395
"Fensterheber";1561;106249;4;0;"OPEL";"MOVANO B Kasten (X62)";100;201405;;136;2298
"Fensterheber";1561;106265;1;2;"OPEL";"VIVARO B Kasten (X82)";66;201406;201612;90;1598
"Fensterheber";1561;106276;1;6;"NISSAN";"JUKE (F15)";85;201405;;115;1197
"Fensterheber";1561;106289;1;2;"MERCEDES-BENZ";"C-CLASS (W205)";85;201405;201805;116;1598
"Fensterheber";1561;106310;2;8;"MERCEDES-BENZ";"E-CLASS (W212)";190;201405;201512;258;2987
"Fensterheber";1561;106326;5;4;"SUZUKI";"JIMNY Geländewagen geschlossen (SN)";62;201405;;85;1328
"Fensterheber";1561;106338;5;5;"PEUGEOT";"108";51;201405;;69;998
"Fensterheber";1561;106374;3;0;"AUDI";"A3 Limousine (8VS, 8VM)";110;201405;202010;150;1395
"Fensterheber";1561;106375;3;0;"AUDI";"A3 Limousine (8VS, 8VM)";81;201405;202010;110;1598
"Fensterheber";1561;106377;4;2;"AUDI";"A3 Sportback (8VA, 8VF)";81;201405;201608;110;1197
"Fensterheber";1561;106378;7;2;"AUDI";"A3 Sportback (8VA, 8VF)";92;201405;201608;125;1395
"Fensterheber";1561;106379;4;2;"AUDI";"A3 Sportback (8VA, 8VF)";110;201405;202010;150;1395
"Fensterheber";1561;106385;3;2;"SEAT";"LEON (5F1)";92;201405;202008;125;1395
"Fensterheber";1561;106386;2;2;"SEAT";"LEON (5F1)";110;201405;202008;150;1395
"Fensterheber";1561;106392;2;2;"SEAT";"LEON ST (5F8)";81;201405;202008;110;1197
"Fensterheber";1561;106393;3;2;"SEAT";"LEON ST (5F8)";92;201405;201808;125;1395
"Fensterheber";1561;106417;2;0;"VW";"SCIROCCO III (137, 138)";92;201311;201711;125;1395
"Fensterheber";1561;106420;1;0;"VW";"SCIROCCO III (137, 138)";162;201311;201711;220;1984
"Fensterheber";1561;106451;1;2;"MERCEDES-BENZ";"C-CLASS T-Model (S205)";125;201409;201805;170;2143
"Fensterheber";1561;106453;1;2;"MERCEDES-BENZ";"C-CLASS T-Model (S205)";115;201409;;156;1595
"Fensterheber";1561;106454;1;2;"MERCEDES-BENZ";"C-CLASS T-Model (S205)";135;201409;201805;184;1991
"Fensterheber";1561;106462;3;2;"AUDI";"A5 (8T3)";162;201203;201701;220;1984
"Fensterheber";1561;106465;2;2;"NISSAN";"X-TRAIL III (T32_, T32R, T32RR)";96;201404;;130;1598
"Fensterheber";1561;106490;1;2;"MINI";"MINI (F55)";100;201309;;136;1499
"Fensterheber";1561;106512;11;8;"PEUGEOT";"508 SW I (8E_)";120;201011;201812;163;1997
"Fensterheber";1561;106513;1;0;"MINI";"MINI (F56)";55;201407;201710;75;1198
"Fensterheber";1561;106644;2;4;"VW";"PASSAT B8 Variant (3G5, CB5)";110;201411;;150;1968
"Fensterheber";1561;107340;2;0;"SMART";"FORTWO Coupe (453)";52;201407;;71;999
"Fensterheber";1561;107418;7;18;"PEUGEOT";"208 I (CA_, CC_)";81;201301;;110;1199
"Fensterheber";1561;107419;2;18;"PEUGEOT";"208 I (CA_, CC_)";55;201301;;75;1560
"Fensterheber";1561;107424;2;0;"IVECO";"DAILY VI Pritsche/Fahrgestell";125;201403;;170;2998
"Fensterheber";1561;107447;1;0;"IVECO";"DAILY VI Kasten";100;201403;;136;2998
"Fensterheber";1561;107474;1;2;"MERCEDES-BENZ";"C-CLASS T-Model (S205)";100;201409;201805;136;1598
"Fensterheber";1561;107515;1;2;"MERCEDES-BENZ";"VITO Mixto (Double Cabin) (W447)";140;201410;;190;2143
"Fensterheber";1561;107549;1;8;"MAZDA";"3 (BK)";66;200606;200912;90;1560
"Fensterheber";1561;107747;11;6;"VW";"POLO V (6R1, 6C1)";66;201402;201710;90;1197
"Fensterheber";1561;107753;1;3;"FORD";"MONDEO V Schrägheck (CE)";110;201409;;150;1998
"Fensterheber";1561;107793;3;5;"OPEL";"CORSA E (X15)";66;201409;;90;999
"Fensterheber";1561;107794;1;5;"OPEL";"CORSA E (X15)";85;201409;;115;999
"Fensterheber";1561;107795;10;5;"OPEL";"CORSA E (X15)";51;201409;;69;1229
"Fensterheber";1561;107796;22;5;"OPEL";"CORSA E (X15)";66;201409;;90;1398
"Fensterheber";1561;107797;3;5;"OPEL";"CORSA E (X15)";74;201409;201906;101;1364
"Fensterheber";1561;107799;2;5;"OPEL";"CORSA E (X15)";70;201409;;95;1248
"Fensterheber";1561;107860;1;4;"VW";"TOUAREG (7P5, 7P6)";193;201409;201803;262;2967
"Fensterheber";1561;107892;2;3;"FORD";"FOCUS III Turnier";88;201409;;120;1499
"Fensterheber";1561;107936;2;6;"CITROËN";"BERLINGO Kasten/Großraumlimousine (B9)";49;201301;;67;
"Fensterheber";1561;107945;1;6;"VW";"GOLF VII (5G1, BQ1, BE1, BE2)";81;201405;201707;110;1598
"Fensterheber";1561;107956;1;6;"CITROËN";"JUMPY II (VF7)";66;200701;201603;90;1560
"Fensterheber";1561;107957;3;6;"PEUGEOT";"EXPERT TEPEE (VF3X_)";66;200701;201603;90;1560
"Fensterheber";1561;107958;9;6;"PEUGEOT";"EXPERT Kasten (VF3A_, VF3U_, VF3X_)";66;200701;;90;1560
"Fensterheber";1561;107959;4;6;"CITROËN";"JUMPY II Kasten";66;200701;201603;90;1560
"Fensterheber";1561;107968;1;2;"FORD";"KUGA II (DM2)";134;201409;201806;182;1499
"Fensterheber";1561;107972;2;2;"FORD";"KUGA II (DM2)";132;201409;201906;180;1997
"Fensterheber";1561;108028;2;2;"CITROËN";"C4 CACTUS";73;201409;;99;1560
"Fensterheber";1561;108062;1;0;"RENAULT";"TWINGO III (BCM_, BCA_)";52;201409;;71;999
"Fensterheber";1561;108150;1;0;"RENAULT";"MASTER III Kasten (FV)";81;201409;;110;2298
"Fensterheber";1561;108153;1;0;"RENAULT";"MASTER III Kasten (FV)";100;201407;;136;2298
"Fensterheber";1561;108174;1;8;"PEUGEOT";"308 SW II (LC_, LJ_, LR_, LX_, L4_)";133;201406;202106;181;1997
"Fensterheber";1561;108178;5;0;"RENAULT";"MASTER III Pritsche/Fahrgestell (EV, HV, UV)";120;201407;;163;2298
"Fensterheber";1561;108252;1;0;"RENAULT";"MASTER III Kasten (FV)";100;201407;;136;2298
"Fensterheber";1561;108302;1;2;"FIAT";"500X (334_)";103;201409;201809;140;1956
"Fensterheber";1561;108436;3;2;"AUDI";"A6 C7 (4G2, 4GC)";160;201409;201809;218;2967
"Fensterheber";1561;108563;2;8;"PEUGEOT";"508 SW I (8E_)";133;201410;201812;181;1997
"Fensterheber";1561;108605;1;2;"AUDI";"A6 Allroad C7 (4GH, 4GJ)";235;201201;201809;320;2967
"Fensterheber";1561;108629;3;4;"VW";"PASSAT B8 Variant (3G5, CB5)";88;201408;;120;1598
"Fensterheber";1561;108640;2;6;"VW";"POLO V (6R1, 6C1)";141;201411;;192;1798
"Fensterheber";1561;108642;1;18;"PEUGEOT";"208 I (CA_, CC_)";153;201410;;208;1598
"Fensterheber";1561;108643;1;4;"SKODA";"OCTAVIA III (5E3, NL3, NR3)";77;201305;201505;105;1598
"Fensterheber";1561;108645;1;4;"SKODA";"OCTAVIA III (5E3, NL3, NR3)";110;201305;202010;150;1968
"Fensterheber";1561;108648;2;4;"SKODA";"OCTAVIA III Combi (5E5, 5E6)";135;201305;202010;184;1968
"Fensterheber";1561;108655;71;0;"SKODA";"FABIA III (NJ3)";44;201408;202106;60;999
"Fensterheber";1561;108656;52;0;"SKODA";"FABIA III (NJ3)";55;201408;202106;75;999
"Fensterheber";1561;108657;21;0;"SKODA";"FABIA III (NJ3)";66;201408;202106;90;1197
"Fensterheber";1561;108658;2;0;"SKODA";"FABIA III (NJ3)";81;201408;202106;110;1197
"Fensterheber";1561;108659;1;0;"SKODA";"FABIA III (NJ3)";66;201408;202106;90;1422
"Fensterheber";1561;108660;2;0;"SKODA";"FABIA III (NJ3)";77;201408;202106;105;1422
"Fensterheber";1561;108661;33;0;"SKODA";"FABIA III Kombi (NJ5)";55;201410;;75;999
"Fensterheber";1561;108662;13;0;"SKODA";"FABIA III Kombi (NJ5)";66;201410;;90;1197
"Fensterheber";1561;108663;12;0;"SKODA";"FABIA III Kombi (NJ5)";81;201410;;110;1197
"Fensterheber";1561;108664;8;0;"SKODA";"FABIA III Kombi (NJ5)";66;201410;;90;1422
"Fensterheber";1561;108665;3;0;"SKODA";"FABIA III Kombi (NJ5)";77;201410;;105;1422
"Fensterheber";1561;108666;2;0;"SKODA";"FABIA III Kombi (NJ5)";44;201410;;60;999
"Fensterheber";1561;108683;1;4;"NISSAN";"CABSTAR E (TL_, VL_)";81;200010;200404;110;2953
"Fensterheber";1561;108798;4;0;"HYUNDAI";"i20 II (GB, IB)";55;201411;;75;1248
"Fensterheber";1561;108806;4;0;"HYUNDAI";"i20 II (GB, IB)";62;201411;;84;1248
"Fensterheber";1561;108810;1;0;"HYUNDAI";"i20 II (GB, IB)";66;201411;;90;1396
"Fensterheber";1561;108825;1;0;"LAND ROVER";"RANGE ROVER SPORT II (L494)";225;201409;;306;2993
"Fensterheber";1561;108851;3;0;"CITROËN";"C4 GRAND PICASSO II (DA_, DE_)";88;201407;;120;1560
"Fensterheber";1561;109331;1;6;"PEUGEOT";"2008 I (CU_)";88;201407;;120;1560
"Fensterheber";1561;109335;3;8;"PEUGEOT";"508 SW I (8E_)";121;201202;201812;165;1598
"Fensterheber";1561;109340;3;6;"VW";"POLO V (6R1, 6C1)";70;201411;;95;999
"Fensterheber";1561;109341;2;6;"RENAULT";"KANGOO Express (FW0/1_)";81;201309;;110;1461
"Fensterheber";1561;109422;1;4;"AUDI";"Q3 (8UB, 8UG)";135;201411;201810;184;1968
"Fensterheber";1561;109431;2;2;"VW";"BEETLE (5C1, 5C2)";110;201412;201907;150;1395
"Fensterheber";1561;109439;2;2;"VW";"BEETLE (5C1, 5C2)";81;201406;201809;110;1968
"Fensterheber";1561;109457;1;2;"VW";"BEETLE Cabriolet (5C7, 5C8)";162;201412;201809;220;1984
"Fensterheber";1561;109462;9;2;"VW";"BEETLE Cabriolet (5C7, 5C8)";110;201412;201809;150;1395
"Fensterheber";1561;109467;2;2;"VW";"BEETLE Cabriolet (5C7, 5C8)";81;201406;201809;110;1968
"Fensterheber";1561;109474;4;0;"MERCEDES-BENZ";"E-CLASS T-Model (S212)";125;201412;201612;170;2143
"Fensterheber";1561;109511;1;0;"BMW";"2 Coupe (F22, F87)";100;201503;;136;1499
"Fensterheber";1561;109516;1;0;"BMW";"2 Coupe (F22, F87)";140;201406;;190;1995
"Fensterheber";1561;109519;2;0;"BMW";"2 Cabriolet (F23)";100;201503;;136;1499
"Fensterheber";1561;109547;1;0;"MAZDA";"2 (DL, DJ)";66;201408;;90;1496
"Fensterheber";1561;109842;3;4;"VW";"GOLF VII Variant (BA5, BV5)";135;201501;201907;184;1968
"Fensterheber";1561;109978;2;2;"HYUNDAI";"i30 Kombi (GD)";74;201501;;101;1368
"Fensterheber";1561;110022;1;0;"BMW";"2 Active Tourer (F45)";70;201407;201802;95;1496
"Fensterheber";1561;110024;1;7;"OPEL";"MOKKA / MOKKA X (J13)";100;201501;;136;1598
"Fensterheber";1561;110038;3;0;"SUZUKI";"VITARA (LY)";88;201502;;120;1586
"Fensterheber";1561;110039;4;0;"SUZUKI";"VITARA (LY)";88;201502;;120;1586
"Fensterheber";1561;110042;6;0;"BMW";"1 (F21)";80;201503;;109;1499
"Fensterheber";1561;110048;1;0;"BMW";"1 (F21)";85;201503;;116;1496
"Fensterheber";1561;110049;4;0;"BMW";"1 (F21)";110;201503;;150;1995
"Fensterheber";1561;110051;1;0;"BMW";"1 (F21)";140;201503;;190;1995
"Fensterheber";1561;110060;1;8;"BMW";"1 (F20)";80;201503;201906;109;1499
"Fensterheber";1561;110594;1;4;"TOYOTA";"HILUX VII Pick-up (_N1_, _N2_, _N3_)";94;200411;200512;128;2494
"Fensterheber";1561;111078;2;2;"HYUNDAI";"i30 (GD)";74;201412;201612;101;1368
"Fensterheber";1561;111115;1;0;"BMW";"3 Gran Turismo (F34)";147;201303;201506;200;1995
"Fensterheber";1561;111760;1;4;"RENAULT";"KADJAR (HA_, HL_)";96;201506;;130;1197
"Fensterheber";1561;111902;1;6;"FIAT";"PANDA VAN (312_, 519_)";55;201206;;75;1248
"Fensterheber";1561;111916;2;6;"PEUGEOT";"2008 I (CU_)";81;201501;;110;1199
"Fensterheber";1561;111989;1;6;"PEUGEOT";"PARTNER Kasten/Großraumlimousine";66;201112;;90;1560
"Fensterheber";1561;111990;1;6;"PEUGEOT";"PARTNER Pritsche/Fahrgestell";66;201303;;90;1560
"Fensterheber";1561;112128;1;5;"OPEL";"CORSA E (X15)";66;201503;;90;1398
"Fensterheber";1561;112230;1;0;"MERCEDES-BENZ";"GLE (W166)";325;201504;201810;442;2996
"Fensterheber";1561;112236;2;0;"MERCEDES-BENZ";"GLE (W166)";190;201504;201810;258;2987
"Fensterheber";1561;112330;2;6;"PEUGEOT";"PARTNER TEPEE";73;201412;;100;1560
"Fensterheber";1561;112331;3;6;"PEUGEOT";"PARTNER TEPEE";88;201412;;120;1560
"Fensterheber";1561;112338;1;4;"CITROËN";"C3 PICASSO (SH_)";73;201501;;99;1560
"Fensterheber";1561;112367;1;0;"CITROËN";"C4 GRAND PICASSO II (DA_, DE_)";96;201404;;130;1199
"Fensterheber";1561;112373;2;6;"PEUGEOT";"PARTNER Kasten/Großraumlimousine";73;201504;;100;1560
"Fensterheber";1561;112377;1;4;"CITROËN";"C5 III Break (RW_)";133;201503;;181;1997
"Fensterheber";1561;112384;1;4;"VW";"PASSAT B8 Variant (3G5, CB5)";132;201502;;180;1798
"Fensterheber";1561;112390;5;6;"CITROËN";"BERLINGO MULTISPACE (B9)";73;201412;;99;1560
"Fensterheber";1561;112391;5;6;"CITROËN";"BERLINGO MULTISPACE (B9)";88;201412;;120;1560
"Fensterheber";1561;112392;1;6;"CITROËN";"BERLINGO Kasten/Großraumlimousine (B9)";73;201412;;99;1560
"Fensterheber";1561;112394;1;0;"SKODA";"SUPERB III (3V3)";110;201503;;150;1968
"Fensterheber";1561;112667;1;0;"MAZDA";"MX-5 IV (ND)";96;201506;;131;1496
"Fensterheber";1561;113149;4;4;"VW";"TOURAN (5T1)";110;201505;;150;1395
"Fensterheber";1561;113150;4;4;"VW";"TOURAN (5T1)";81;201505;201605;110;1598
"Fensterheber";1561;113151;4;4;"VW";"TOURAN (5T1)";110;201505;;150;1968
"Fensterheber";1561;113191;1;10;"FIAT";"DOBLO Bus (263_)";88;201503;;120;1598
"Fensterheber";1561;113242;1;0;"CHEVROLET";"AVEO / KALOS Schrägheck (T200)";53;200401;200805;72;1150
"Fensterheber";1561;113250;1;4;"FORD";"C-MAX (DM2)";85;200704;201009;116;1596
"Fensterheber";1561;113285;1;2;"VOLVO";"XC60 I SUV (156)";110;201503;201704;150;1969
"Fensterheber";1561;113286;1;2;"VOLVO";"XC60 I SUV (156)";140;201503;201702;190;1969
"Fensterheber";1561;113289;4;2;"VOLVO";"XC60 I SUV (156)";140;201503;201702;190;2400
"Fensterheber";1561;113340;1;4;"VW";"TIGUAN (5N_)";135;201505;201807;184;1968
"Fensterheber";1561;113342;2;4;"TOYOTA";"AVENSIS Kombi (_T27_)";105;201504;201810;143;1995
"Fensterheber";1561;113349;2;0;"BMW";"2 Cabriolet (F23)";110;201507;;150;1995
"Fensterheber";1561;113434;1;6;"BMW";"3 (F30, F80)";140;201507;201810;190;1995
"Fensterheber";1561;113453;5;0;"BMW";"3 Gran Turismo (F34)";110;201507;;150;1995
"Fensterheber";1561;113455;1;0;"BMW";"3 Gran Turismo (F34)";140;201507;;190;1995
"Fensterheber";1561;113664;3;8;"CITROËN";"C4 II (NC_)";73;201407;;99;1560
"Fensterheber";1561;113665;3;10;"CITROËN";"C3 II (SC_)";73;201407;;99;1560
"Fensterheber";1561;113666;5;10;"CITROËN";"C3 II (SC_)";55;201504;;75;1560
"Fensterheber";1561;113667;3;6;"CITROËN";"BERLINGO Kasten/Großraumlimousine (B9)";55;201007;;75;1560
"Fensterheber";1561;113668;1;6;"CITROËN";"BERLINGO MULTISPACE (B9)";55;200804;;75;1560
"Fensterheber";1561;113670;2;8;"PEUGEOT";"508 I (8D_)";88;201403;201812;120;1560
"Fensterheber";1561;113671;4;8;"PEUGEOT";"508 SW I (8E_)";88;201403;201812;120;1560
"Fensterheber";1561;113674;1;6;"PEUGEOT";"PARTNER Kasten/Großraumlimousine";55;201107;;75;1560
"Fensterheber";1561;113863;6;3;"SEAT";"IBIZA IV (6J5, 6P1)";55;201505;201706;75;999
"Fensterheber";1561;113864;8;3;"SEAT";"IBIZA IV (6J5, 6P1)";66;201505;201706;90;1197
"Fensterheber";1561;113867;2;3;"SEAT";"IBIZA IV (6J5, 6P1)";70;201505;201706;95;999
"Fensterheber";1561;113868;1;3;"SEAT";"IBIZA IV (6J5, 6P1)";55;201505;201706;75;1422
"Fensterheber";1561;113886;1;2;"SEAT";"IBIZA IV SC (6J1, 6P5)";55;201505;201612;75;999
"Fensterheber";1561;113894;1;2;"SEAT";"IBIZA IV SC (6J1, 6P5)";70;201505;201612;95;999
"Fensterheber";1561;113900;2;2;"SEAT";"IBIZA IV ST (6J8, 6P8)";55;201505;201607;75;999
"Fensterheber";1561;114210;4;4;"KIA";"PICANTO II (TA)";49;201105;201703;67;998
"Fensterheber";1561;114332;1;0;"VW";"CADDY IV Großraumlimousine (SAB, SAJ)";75;201505;202009;102;1968
"Fensterheber";1561;114582;2;6;"FIAT";"PANDA (312_, 319_)";70;201504;;95;1248
"Fensterheber";1561;114608;3;2;"HYUNDAI";"TUCSON (TL, TLE)";100;201506;202009;136;1995
"Fensterheber";1561;114609;6;2;"HYUNDAI";"TUCSON (TL, TLE)";130;201506;202009;177;1591
"Fensterheber";1561;114894;1;0;"VW";"TRANSPORTER T6 Kasten (SGA, SGH, SHA, SHH)";110;201504;;150;1968
"Fensterheber";1561;115040;2;4;"CITROËN";"C5 III (RD_)";110;200904;201502;150;1997
"Fensterheber";1561;115106;1;2;"AUDI";"A5 (8T3)";130;201505;201701;177;1798
"Fensterheber";1561;115114;1;0;"TOYOTA";"HILUX VIII Pick-up (_N1_)";110;201505;;150;2393
"Fensterheber";1561;115122;6;0;"BMW";"1 (F21)";100;201503;;136;1499
"Fensterheber";1561;115144;3;0;"SEAT";"TOLEDO IV (KG3)";66;201505;201705;90;1197
"Fensterheber";1561;115146;3;0;"SEAT";"TOLEDO IV (KG3)";92;201505;201904;125;1395
"Fensterheber";1561;115153;4;6;"FIAT";"FIORINO Kasten/Großraumlimousine (225_)";59;201503;;80;1248
"Fensterheber";1561;115155;1;4;"FIAT";"QUBO (225_)";59;201503;;80;1248
"Fensterheber";1561;115180;1;0;"SKODA";"RAPID (NH3, NK3, NK6)";92;201505;;125;1395
"Fensterheber";1561;115181;2;0;"SKODA";"RAPID (NH3, NK3, NK6)";66;201505;201912;90;1422
"Fensterheber";1561;115182;11;0;"SKODA";"RAPID Spaceback (NH1)";66;201505;201912;90;1197
"Fensterheber";1561;115183;3;0;"SKODA";"RAPID Spaceback (NH1)";81;201505;201912;110;1197
"Fensterheber";1561;115184;1;0;"SKODA";"RAPID Spaceback (NH1)";92;201505;201912;125;1395
"Fensterheber";1561;115185;4;0;"SKODA";"RAPID Spaceback (NH1)";66;201505;201912;90;1422
"Fensterheber";1561;115186;1;0;"SKODA";"RAPID (NH3, NK3, NK6)";85;201505;201912;115;1598
"Fensterheber";1561;115187;6;0;"SKODA";"RAPID Spaceback (NH1)";85;201505;201912;115;1598
"Fensterheber";1561;115188;1;4;"SKODA";"YETI (5L)";81;201505;201712;110;1197
"Fensterheber";1561;115189;1;4;"SKODA";"YETI (5L)";92;201505;201712;125;1395
"Fensterheber";1561;115204;20;4;"VW";"SHARAN (7N1, 7N2)";110;201505;;150;1395
"Fensterheber";1561;115205;3;4;"VW";"SHARAN (7N1, 7N2)";162;201505;;220;1984
"Fensterheber";1561;115206;65;4;"VW";"SHARAN (7N1, 7N2)";110;201505;202010;150;1968
"Fensterheber";1561;115207;12;4;"VW";"SHARAN (7N1, 7N2)";110;201505;;150;1968
"Fensterheber";1561;115208;21;4;"VW";"SHARAN (7N1, 7N2)";135;201505;;184;1968
"Fensterheber";1561;115210;2;4;"SKODA";"OCTAVIA III Combi (5E5, 5E6)";81;201505;201702;110;1598
"Fensterheber";1561;115212;1;2;"HYUNDAI";"TUCSON (TL, TLE)";130;201506;202009;177;1591
"Fensterheber";1561;115216;6;2;"HYUNDAI";"TUCSON (TL, TLE)";97;201506;202009;132;1591
"Fensterheber";1561;115218;2;2;"HYUNDAI";"TUCSON (TL, TLE)";85;201506;202009;116;1685
"Fensterheber";1561;115220;5;2;"HYUNDAI";"TUCSON (TL, TLE)";136;201506;202009;185;1995
"Fensterheber";1561;115221;2;2;"HYUNDAI";"TUCSON (TL, TLE)";100;201506;202009;136;1995
"Fensterheber";1561;115487;69;4;"SEAT";"ALHAMBRA (710, 711)";110;201505;;150;1968
"Fensterheber";1561;115489;2;0;"DACIA";"DOKKER Großraumlimousine (KE_)";75;201504;;102;1598
"Fensterheber";1561;115490;10;4;"SEAT";"ALHAMBRA (710, 711)";110;201505;;150;1968
"Fensterheber";1561;115493;27;4;"SEAT";"ALHAMBRA (710, 711)";135;201505;;184;1968
"Fensterheber";1561;115495;2;4;"SEAT";"ALHAMBRA (710, 711)";162;201505;;220;1984
"Fensterheber";1561;115497;1;6;"DACIA";"DUSTER (HS_)";84;201506;201801;115;1598
"Fensterheber";1561;115506;1;2;"RENAULT";"TRAFIC III Bus (JG_)";70;201507;;95;1598
"Fensterheber";1561;115520;1;2;"RENAULT";"TRAFIC III Bus (JG_)";107;201507;;145;1598
"Fensterheber";1561;115568;2;4;"VW";"GOLF VII Variant (BA5, BV5)";85;201505;202008;115;999
"Fensterheber";1561;115581;1;4;"VW";"PASSAT B8 (3G2, CB2)";115;201506;;156;1395
"Fensterheber";1561;115777;3;6;"FIAT";"FIORINO Kasten/Großraumlimousine (225_)";57;200910;;78;1368
"Fensterheber";1561;116073;17;4;"TOYOTA";"YARIS (_P13_)";54;201504;;73;1497
"Fensterheber";1561;116109;1;0;"BMW";"X1 (F48)";100;201511;;136;1499
"Fensterheber";1561;116222;10;6;"CITROËN";"BERLINGO Kasten/Großraumlimousine (B9)";66;201007;201712;90;1560
"Fensterheber";1561;116537;1;0;"SUZUKI";"VITARA (LY)";103;201509;;140;1373
"Fensterheber";1561;116873;1;2;"TOYOTA";"AYGO (_B4_)";60;201405;;82;1199
"Fensterheber";1561;116950;2;0;"MERCEDES-BENZ";"GLC (X253)";180;201507;201904;245;1991
"Fensterheber";1561;117015;1;0;"DACIA";"DOKKER Großraumlimousine (KE_)";75;201504;;102;1598
"Fensterheber";1561;117047;4;4;"SMART";"FORTWO Coupe (450)";40;200401;200701;54;698
"Fensterheber";1561;117064;24;2;"VW";"BEETLE Cabriolet (5C7, 5C8)";77;201412;201907;105;1197
"Fensterheber";1561;117066;5;2;"VW";"BEETLE (5C1, 5C2)";77;201412;201907;105;1197
"Fensterheber";1561;117078;1;0;"AUDI";"A4 B9 (8W2, 8WC)";140;201505;;190;1984
"Fensterheber";1561;117089;1;0;"AUDI";"A4 B9 Avant (8W5, 8WD)";140;201508;201809;190;1968
"Fensterheber";1561;117090;1;0;"AUDI";"A4 B9 Avant (8W5, 8WD)";140;201510;201809;190;1968
"Fensterheber";1561;117093;1;0;"AUDI";"A4 B9 Avant (8W5, 8WD)";160;201511;201808;218;2967
"Fensterheber";1561;117329;2;8;"PEUGEOT";"508 SW I (8E_)";85;201409;201812;116;1560
"Fensterheber";1561;117453;20;4;"SEAT";"ALHAMBRA (710, 711)";110;201505;;150;1395
"Fensterheber";1561;117580;1;0;"MINI";"MINI Cabriolet (F57)";85;201412;;116;1496
"Fensterheber";1561;117721;1;0;"OPEL";"ASTRA K Sports Tourer (B16)";110;201511;;150;1399
"Fensterheber";1561;117761;1;6;"PEUGEOT";"308 II (LB_, LP_, LW_, LH_, L3_)";184;201508;202106;250;1598
"Fensterheber";1561;117785;1;0;"SKODA";"FABIA III Kombi (NJ5)";55;201505;;75;1422
"Fensterheber";1561;117867;27;8;"FIAT";"TIPO Stufenheck (356_, 357_)";70;201510;202010;95;1368
"Fensterheber";1561;117869;4;8;"FIAT";"TIPO Stufenheck (356_, 357_)";70;201510;202010;95;1248
"Fensterheber";1561;117870;1;8;"FIAT";"TIPO Stufenheck (356_, 357_)";88;201510;202010;120;1598
"Fensterheber";1561;117961;1;0;"VW";"CADDY IV Kasten/Großraumlimousine (SAA, SAH)";110;201511;202009;150;1968
"Fensterheber";1561;117986;2;0;"DACIA";"DOKKER Express Kasten/Großraumlimousine";85;201507;;116;1197
"Fensterheber";1561;118091;2;0;"AUDI";"A3 Sportback (8VA, 8VF)";150;201405;202010;204;1395
"Fensterheber";1561;118515;1;0;"MERCEDES-BENZ";"E-CLASS (W213)";143;201601;;194;1950
"Fensterheber";1561;118534;3;1;"FORD";"TRANSIT CUSTOM V362 Kasten (FY, FZ)";96;201512;;130;1995
"Fensterheber";1561;118555;1;4;"BMW";"5 (E60)";200;200703;200912;272;2996
"Fensterheber";1561;118597;2;0;"KIA";"SPORTAGE IV (QL, QLE)";97;201509;;132;1591
"Fensterheber";1561;118608;1;4;"OPEL";"ANTARA A (L07)";125;201601;;170;1956
"Fensterheber";1561;118703;1;5;"DACIA";"LOGAN MCV II";66;201509;;90;898
"Fensterheber";1561;118704;1;5;"DACIA";"SANDERO II";66;201509;;90;898
"Fensterheber";1561;118967;1;2;"CITROËN";"SPACETOURER Bus (V_)";110;201604;;150;1997
"Fensterheber";1561;119014;1;0;"MINI";"MINI Cabriolet (F57)";75;201506;201710;102;1198
"Fensterheber";1561;119122;1;2;"HYUNDAI";"TUCSON (TL, TLE)";104;201506;202009;141;1685
"Fensterheber";1561;119329;2;6;"CITROËN";"BERLINGO MULTISPACE (B9)";81;201602;;110;1199
"Fensterheber";1561;119467;2;0;"FORD";"TRANSIT V363 Kasten (FCD, FDD)";96;201603;;130;1995
"Fensterheber";1561;119472;1;0;"FORD";"TRANSIT V363 Kasten (FCD, FDD)";96;201603;;130;1995
"Fensterheber";1561;119476;1;0;"FORD";"TRANSIT V363 Pritsche/Fahrgestell (FED, FFD)";96;201603;;130;1995
"Fensterheber";1561;119493;1;6;"RENAULT";"CAPTUR I (J5_, H5_)";87;201601;;118;1197
"Fensterheber";1561;119495;1;0;"RENAULT";"CLIO IV (BH_)";87;201601;;118;1197
"Fensterheber";1561;119515;1;7;"FIAT";"DUCATO Kasten (250_)";110;201512;;150;2287
"Fensterheber";1561;119523;2;7;"FIAT";"DUCATO Kasten (250_)";130;201512;;177;2287
"Fensterheber";1561;119607;1;6;"NISSAN";"CABSTAR (F24M, F24W)";96;200609;201212;131;2488
"Fensterheber";1561;119826;2;6;"PEUGEOT";"EXPERT Pritsche/Fahrgestell";94;201103;;128;1997
"Fensterheber";1561;119838;37;8;"FIAT";"TIPO Schrägheck (356_, 357_)";70;201603;202010;95;1368
"Fensterheber";1561;119839;10;8;"FIAT";"TIPO Schrägheck (356_, 357_)";88;201603;202010;120;1598
"Fensterheber";1561;119840;4;8;"FIAT";"TIPO Schrägheck (356_, 357_)";70;201603;202010;95;1248
"Fensterheber";1561;119841;12;8;"FIAT";"TIPO Schrägheck (356_, 357_)";88;201603;202010;120;1368
"Fensterheber";1561;119843;12;8;"FIAT";"TIPO Kombi (356_, 357_)";70;201603;202010;95;1368
"Fensterheber";1561;119847;17;8;"FIAT";"TIPO Kombi (356_, 357_)";88;201603;202010;120;1598
"Fensterheber";1561;119848;2;8;"FIAT";"TIPO Kombi (356_, 357_)";70;201603;202010;95;1248
"Fensterheber";1561;119849;15;8;"FIAT";"TIPO Kombi (356_, 357_)";88;201603;202010;120;1368
"Fensterheber";1561;120080;5;4;"ABARTH";"500 / 595 / 695";107;201605;;145;1368
"Fensterheber";1561;120081;3;4;"ABARTH";"500 / 595 / 695";121;201605;;165;1368
"Fensterheber";1561;120178;6;4;"VW";"SHARAN (7N1, 7N2)";135;201605;;184;1968
"Fensterheber";1561;120179;7;4;"SEAT";"ALHAMBRA (710, 711)";135;201605;;184;1968
"Fensterheber";1561;120218;2;3;"HONDA";"JAZZ II (GD_, GE3, GE2)";61;200612;200810;83;1339
"Fensterheber";1561;120226;3;0;"BMW";"1 (F21)";135;201607;;184;1998
"Fensterheber";1561;120237;3;2;"RENAULT";"TRAFIC III Kasten (FG_)";70;201507;;95;1598
"Fensterheber";1561;120239;1;2;"RENAULT";"TRAFIC III Kasten (FG_)";92;201507;;125;1598
"Fensterheber";1561;120246;1;0;"BMW";"2 Coupe (F22, F87)";135;201509;;184;1998
"Fensterheber";1561;120250;1;0;"BMW";"2 Cabriolet (F23)";135;201509;;184;1998
"Fensterheber";1561;120280;1;2;"FORD";"KUGA II (DM2)";134;201606;;182;1499
"Fensterheber";1561;120532;2;0;"TESLA";"MODEL S (5YJS)";386;201606;;525;
"Fensterheber";1561;120598;2;0;"CITROËN";"JUMPER II Kasten";96;201511;201909;130;1997
"Fensterheber";1561;120605;2;2;"AUDI";"A3 Sportback (8VA, 8VF)";85;201607;202010;115;999
"Fensterheber";1561;120606;1;0;"AUDI";"A3 Limousine (8VS, 8VM)";85;201607;202010;115;999
"Fensterheber";1561;120609;1;0;"AUDI";"A3 Limousine (8VS, 8VM)";228;201606;202010;310;1984
"Fensterheber";1561;120719;1;0;"PEUGEOT";"BOXER Kasten";96;201507;;130;1997
"Fensterheber";1561;120720;1;0;"PEUGEOT";"BOXER Kasten";120;201507;201909;163;1997
"Fensterheber";1561;120721;1;8;"FIAT";"TIPO Schrägheck (356_, 357_)";88;201605;202010;120;1368
"Fensterheber";1561;120846;1;0;"PEUGEOT";"BOXER Pritsche/Fahrgestell";96;201507;201909;130;1997
"Fensterheber";1561;121173;3;0;"PEUGEOT";"3008 SUV (MC_, MR_, MJ_, M4_)";133;201605;;181;1997
"Fensterheber";1561;121235;4;4;"ABARTH";"500C / 595C / 695C";121;201605;;165;1368
"Fensterheber";1561;121586;1;0;"SUZUKI";"SX4 S-CROSS (JY)";103;201608;;140;1373
"Fensterheber";1561;121648;1;0;"PEUGEOT";"3008 SUV (MC_, MR_, MJ_, M4_)";110;201605;202009;150;1997
"Fensterheber";1561;121745;1;0;"DAEWOO";"MATIZ (M100, M150)";27;199809;200304;37;796
"Fensterheber";1561;121779;3;0;"RENAULT";"MASTER III Kasten (FV)";96;201606;;130;2298
"Fensterheber";1561;121967;4;8;"BMW";"3 (E46)";100;200109;200502;136;1995
"Fensterheber";1561;121968;1;4;"BMW";"3 Compact (E36)";120;199901;200008;163;2494
"Fensterheber";1561;121998;1;6;"BMW";"3 (E90)";120;200703;201112;163;1995
"Fensterheber";1561;122038;2;8;"FIAT";"TIPO Schrägheck (356_, 357_)";81;201607;202010;110;1598
"Fensterheber";1561;122039;1;8;"FIAT";"TIPO Kombi (356_, 357_)";81;201607;202010;110;1598
"Fensterheber";1561;122247;1;0;"KIA";"VENGA (YN)";66;201002;;90;1396
"Fensterheber";1561;122890;1;0;"SUZUKI";"IGNIS III (MF, FF)";66;201610;;90;1242
"Fensterheber";1561;122891;1;0;"SUZUKI";"IGNIS III (MF, FF)";66;201610;;90;1242
"Fensterheber";1561;122892;1;0;"SUZUKI";"IGNIS III (MF, FF)";66;201610;;90;1242
"Fensterheber";1561;122937;1;4;"RENAULT";"GRAND SCÉNIC III (JZ0/1_)";81;200902;;110;1598
"Fensterheber";1561;123114;1;0;"AUDI";"A5 Sportback (F5A, F5F)";140;201609;;190;1968
"Fensterheber";1561;123184;1;6;"BMW";"3 Touring (E91)";147;201003;201205;200;1995
"Fensterheber";1561;123190;1;6;"BMW";"3 Touring (E91)";120;200702;201205;163;1995
"Fensterheber";1561;123227;1;0;"RENAULT";"MASTER III Pritsche/Fahrgestell (EV, HV, UV)";96;201607;;130;2298
"Fensterheber";1561;123313;1;0;"LAND ROVER";"DISCOVERY V (L462)";190;201609;;258;2993
"Fensterheber";1561;123324;2;2;"VW";"GOLF IV Van (1J1)";66;200005;200209;90;1896
"Fensterheber";1561;123334;1;0;"BMW";"5 (G30, F90)";185;201609;202006;252;1998
"Fensterheber";1561;123395;1;8;"FIAT";"TIPO Stufenheck (356_, 357_)";84;201609;202010;114;1598
"Fensterheber";1561;123398;2;8;"FIAT";"TIPO Kombi (356_, 357_)";84;201609;202010;114;1598
"Fensterheber";1561;123447;2;0;"RENAULT";"MASTER III Pritsche/Fahrgestell (EV, HV, UV)";100;201407;;136;2298
"Fensterheber";1561;123535;1;1;"VW";"CRAFTER Kasten (SY_, SX_)";103;201609;;140;1968
"Fensterheber";1561;123540;2;1;"VW";"CRAFTER Pritsche/Fahrgestell (SZ_)";130;201611;;177;1968
"Fensterheber";1561;124201;3;0;"LAND ROVER";"DISCOVERY V (L462)";177;201609;;241;1999
"Fensterheber";1561;124239;1;6;"VW";"GOLF VII (5G1, BQ1, BE1, BE2)";81;201611;202008;110;999
"Fensterheber";1561;124240;5;6;"VW";"GOLF VII (5G1, BQ1, BE1, BE2)";85;201611;202008;115;1598
"Fensterheber";1561;124781;1;6;"BMW";"1 (E87)";110;200406;200702;150;1995
"Fensterheber";1561;124913;1;3;"DACIA";"LOGAN MCV II";62;201306;;84;1598
"Fensterheber";1561;125291;1;4;"FIAT";"500 C (312_)";44;201312;;60;964
"Fensterheber";1561;125336;1;0;"BMW";"5 Touring (G31)";185;201703;202006;252;1998
"Fensterheber";1561;125339;1;0;"BMW";"5 Touring (G31)";140;201703;;190;1995
"Fensterheber";1561;125997;1;6;"VW";"GOLF VII (5G1, BQ1, BE1, BE2)";63;201701;201907;86;999
"Fensterheber";1561;126001;1;4;"SKODA";"OCTAVIA III Combi (5E5, 5E6)";85;201702;202010;115;1598
"Fensterheber";1561;126007;1;6;"VW";"GOLF VII (5G1, BQ1, BE1, BE2)";180;201703;202008;245;1984
"Fensterheber";1561;126076;2;8;"BMW";"3 (E46)";120;200009;200502;163;2171
"Fensterheber";1561;126078;1;10;"BMW";"5 (E39)";120;200009;200306;163;2171
"Fensterheber";1561;126080;1;10;"BMW";"5 Touring (E39)";120;199809;200008;163;2494
"Fensterheber";1561;126082;2;0;"AUDI";"A3 Limousine (8VS, 8VM)";85;201703;202010;115;1598
"Fensterheber";1561;126122;2;8;"BMW";"3 (E46)";120;199803;200009;163;2494
"Fensterheber";1561;126160;1;0;"AUDI";"A5 Cabriolet (F57, F5E)";140;201703;201912;190;1984
"Fensterheber";1561;126214;2;5;"DACIA";"SANDERO II";54;201612;;73;998
"Fensterheber";1561;126215;2;5;"DACIA";"LOGAN MCV II";54;201612;;73;998
"Fensterheber";1561;126495;2;2;"BMW";"1 (E81)";95;200609;200802;129;1995
"Fensterheber";1561;126625;4;6;"VW";"GOLF VII (5G1, BQ1, BE1, BE2)";100;201612;202101;136;
"Fensterheber";1561;126648;4;16;"FORD";"FOCUS I (DAW, DBW)";55;199810;199909;75;1388
"Fensterheber";1561;126881;2;2;"AUDI";"A5 (F53, F5P)";331;201704;;450;2894
"Fensterheber";1561;126889;4;4;"TOYOTA";"YARIS (_P13_)";82;201703;;112;1496
"Fensterheber";1561;126922;3;0;"SUZUKI";"SWIFT V (AZ)";66;201704;;90;1242
"Fensterheber";1561;127209;3;0;"SEAT";"IBIZA V (KJ1, KJG)";70;201701;;95;999
"Fensterheber";1561;127681;1;0;"MERCEDES-BENZ";"E-CLASS T-Model (S213)";190;201706;;258;2987
"Fensterheber";1561;127689;3;0;"OPEL";"GRANDLAND / GRANDLAND X (A18, P1UO)";96;201706;;131;1199
"Fensterheber";1561;127941;22;0;"SKODA";"FABIA III (NJ3)";70;201408;202106;95;999
"Fensterheber";1561;127942;19;0;"SKODA";"FABIA III Kombi (NJ5)";70;201408;;95;999
"Fensterheber";1561;128136;2;0;"CITROËN";"C3 AIRCROSS II (2R_, 2C_)";81;201706;;110;1199
"Fensterheber";1561;128141;6;0;"SKODA";"FABIA III (NJ3)";81;201408;202106;110;999
"Fensterheber";1561;128142;20;0;"SKODA";"FABIA III Kombi (NJ5)";81;201408;;110;999
"Fensterheber";1561;128214;4;0;"VW";"POLO VI (AW1, BZ1, AE1)";70;201706;;95;999
"Fensterheber";1561;128287;3;0;"SKODA";"KAROQ (NU7, ND7)";110;201707;;150;1495
"Fensterheber";1561;128344;3;6;"VW";"GOLF VII (5G1, BQ1, BE1, BE2)";96;201705;202008;130;1495
"Fensterheber";1561;128467;2;0;"SKODA";"RAPID (NH3, NK3, NK6)";81;201706;201912;110;999
"Fensterheber";1561;128469;1;0;"SKODA";"RAPID Spaceback (NH1)";70;201706;201912;95;999
"Fensterheber";1561;128470;1;0;"SKODA";"RAPID Spaceback (NH1)";81;201706;201912;110;999
"Fensterheber";1561;128760;1;0;"VOLVO";"XC40 (536)";140;201710;202109;190;1969
"Fensterheber";1561;128854;1;4;"RENAULT";"MEGANE II Kasten/Kombi (KM_)";63;200505;200907;86;1461
"Fensterheber";1561;128944;1;2;"PEUGEOT";"PARTNER Kasten/Großraumlimousine (5_, G_)";55;200508;200807;75;1560
"Fensterheber";1561;129055;1;6;"OPEL";"ASTRA G CLASSIC Stufenheck (T98)";74;200403;200801;101;1598
"Fensterheber";1561;129076;1;6;"OPEL";"ASTRA G CLASSIC Caravan (F35)";76;200602;200907;103;1598
"Fensterheber";1561;129197;1;1;"VW";"CRAFTER Pritsche/Fahrgestell (SZ_)";103;201711;;140;1968
"Fensterheber";1561;129205;2;2;"SEAT";"LEON (5F1)";228;201711;201808;310;1984
"Fensterheber";1561;129295;1;2;"IVECO";"DAILY V Kasten";100;201109;201402;136;2998
"Fensterheber";1561;129453;1;0;"TESLA";"MODEL 3 (5YJ3)";192;201701;;261;
"Fensterheber";1561;129905;1;0;"TESLA";"MODEL S (5YJS)";310;201706;;422;
"Fensterheber";1561;130100;1;0;"DACIA";"DUSTER (HM_)";80;201710;;109;1461
"Fensterheber";1561;130104;3;0;"DACIA";"DUSTER (HM_)";92;201710;;125;1197
"Fensterheber";1561;130105;1;0;"DACIA";"DUSTER (HM_)";92;201710;;125;1197
"Fensterheber";1561;130186;1;0;"RENAULT";"GRAND SCÉNIC IV (R9_)";103;201801;;140;1332
"Fensterheber";1561;130624;6;0;"DACIA";"DUSTER (HM_)";84;201710;;115;1598
"Fensterheber";1561;130626;1;0;"DACIA";"DUSTER (HM_)";80;201710;;109;1598
"Fensterheber";1561;130989;1;18;"PEUGEOT";"208 I (CA_, CC_)";61;201803;;82;1199
"Fensterheber";1561;130999;1;6;"PEUGEOT";"2008 I (CU_)";61;201801;201912;82;1199
"Fensterheber";1561;131300;1;2;"MERCEDES-BENZ";"C-CLASS (W205)";135;201804;;184;1497
"Fensterheber";1561;131314;1;2;"MERCEDES-BENZ";"C-CLASS (W205)";110;201805;;150;1950
"Fensterheber";1561;131317;2;2;"TOYOTA";"AYGO (_B4_)";53;201803;;72;998
"Fensterheber";1561;131485;1;0;"OPEL";"COMBO E Tour / Life (K9)";81;201806;;110;1199
"Fensterheber";1561;131487;1;0;"OPEL";"COMBO E Tour / Life (K9)";75;201806;;102;1499
"Fensterheber";1561;131488;1;0;"OPEL";"COMBO E Tour / Life (K9)";96;201806;;131;1499
"Fensterheber";1561;131529;1;2;"CITROËN";"C1 II (PA_, PS_)";53;201806;;72;998
"Fensterheber";1561;131568;1;2;"PEUGEOT";"108";53;201805;;72;998
"Fensterheber";1561;131656;1;0;"FORD";"ECOSPORT";74;201804;;100;998
"Fensterheber";1561;131697;1;6;"CITROËN";"BERLINGO / BERLINGO FIRST Kasten/Großraumlimousine (M_)";57;199908;200805;77;1360
"Fensterheber";1561;131983;1;0;"TESLA";"MODEL S (5YJS)";386;201509;;525;
"Fensterheber";1561;132157;1;0;"CITROËN";"BERLINGO (ER_, EC_)";75;201806;;102;1499
"Fensterheber";1561;132158;1;0;"CITROËN";"BERLINGO (ER_, EC_)";81;201806;;110;1199
"Fensterheber";1561;132161;1;4;"RENAULT";"KADJAR (HA_, HL_)";103;201808;;140;1332
"Fensterheber";1561;132224;1;4;"VW";"AMAROK (2HA, 2HB, S1B, S6B, S7A, S7B)";190;201805;;258;2967
"Fensterheber";1561;132309;3;4;"TOYOTA";"YARIS (_P13_)";53;201806;;72;998
"Fensterheber";1561;132501;1;2;"FIAT";"500X (334_)";110;201809;;150;1332
"Fensterheber";1561;132508;1;2;"FIAT";"500X (334_)";88;201809;;120;999
"Fensterheber";1561;132520;1;0;"FORD";"FOCUS IV Turnier (HP)";110;201809;;150;1496
"Fensterheber";1561;132573;1;3;"PEUGEOT";"308 SW I Kasten/Kombi (4E_)";66;200801;201112;90;1560
"Fensterheber";1561;132580;1;4;"CITROËN";"C5 III (RD_)";120;200904;201112;163;2179
"Fensterheber";1561;132715;1;8;"CITROËN";"C2 ENTERPRISE (JG_)";44;200311;200912;60;1124
"Fensterheber";1561;132931;1;0;"AUDI";"A3 Sportback (8VA, 8VF)";110;201810;202010;150;1495
"Fensterheber";1561;132995;2;0;"PEUGEOT";"PARTNER Kasten/Großraumlimousine (K9)";96;201809;;131;1499
"Fensterheber";1561;133018;2;2;"FORD";"KUGA II (DM2)";129;201808;201906;176;1499
"Fensterheber";1561;133158;1;14;"FIAT";"PUNTO (188_)";44;200108;200305;60;1242
"Fensterheber";1561;133165;1;4;"SKODA";"FABIA II Combi (545)";63;200710;201411;86;1390
"Fensterheber";1561;133176;2;14;"FIAT";"PUNTO (188_)";38;200404;200604;52;1242
"Fensterheber";1561;133177;1;0;"SEAT";"ATECA (KH7, KHP)";110;201807;;150;1495
"Fensterheber";1561;133226;1;2;"SKODA";"FABIA II (542)";44;200903;201111;60;1198
"Fensterheber";1561;133301;1;2;"SEAT";"LEON ST (5F8)";96;201809;202008;130;1495
"Fensterheber";1561;133313;3;0;"OPEL";"COMBO Kasten/Großraumlimousine (K9)";75;201808;;102;1499
"Fensterheber";1561;133409;1;12;"VW";"GOLF IV (1J1)";85;200205;200305;116;1984
"Fensterheber";1561;133517;1;6;"VW";"POLO Van (6R)";55;200910;201405;75;1199
"Fensterheber";1561;133521;2;6;"VW";"POLO Van (6R)";66;200906;201405;90;1598
"Fensterheber";1561;133652;2;2;"AUDI";"A5 (F53, F5P)";140;201705;;190;1984
"Fensterheber";1561;133654;5;2;"AUDI";"A5 (F53, F5P)";185;201705;202002;252;1984
"Fensterheber";1561;133655;3;0;"AUDI";"A5 Sportback (F5A, F5F)";140;201705;;190;1984
"Fensterheber";1561;133716;1;0;"LAND ROVER";"DISCOVERY V (L462)";225;201809;;306;2993
"Fensterheber";1561;133864;1;4;"VW";"TOURAN (5T1)";110;201811;;150;1495
"Fensterheber";1561;133879;1;2;"RENAULT";"SCÉNIC III (JZ0/1_)";101;200812;;137;1997
"Fensterheber";1561;134099;3;0;"DACIA";"DOKKER Großraumlimousine (KE_)";80;201808;;109;1598
"Fensterheber";1561;134108;1;0;"RENAULT";"MASCOTT Pritsche/Fahrgestell (UH_, HH_)";78;199901;200506;106;2798
"Fensterheber";1561;134276;9;4;"SEAT";"ALHAMBRA (710, 711)";130;201811;;177;1968
"Fensterheber";1561;134732;1;4;"RENAULT";"MEGANE II Hatchback Van (KM0/2_)";74;200308;200802;101;1461
"Fensterheber";1561;135146;1;4;"VW";"SHARAN (7N1, 7N2)";130;201811;;177;1968
"Fensterheber";1561;135169;4;0;"AUDI";"A5 Sportback (F5A, F5F)";110;201808;;150;1984
"Fensterheber";1561;135290;1;0;"DACIA";"DOKKER Großraumlimousine (KE_)";70;201812;;95;1461
"Fensterheber";1561;135291;2;0;"DACIA";"DUSTER (HM_)";96;201901;;131;1332
"Fensterheber";1561;135292;1;0;"DACIA";"DUSTER (HM_)";110;201901;;150;1332
"Fensterheber";1561;135352;1;0;"AUDI";"A5 Sportback (F5A, F5F)";331;201806;;450;2894
"Fensterheber";1561;136006;1;0;"MERCEDES-BENZ";"VITO Tourer (W447)";120;201903;;163;1950
"Fensterheber";1561;136121;3;0;"AUDI";"A5 Sportback (F5A, F5F)";140;201609;202002;190;1968
"Fensterheber";1561;136202;1;4;"DACIA";"LODGY (JS_)";96;201901;;131;1332
"Fensterheber";1561;136203;1;0;"RENAULT";"TWINGO III (BCM_, BCA_)";48;201903;;65;998
"Fensterheber";1561;136530;3;0;"PEUGEOT";"208 II (UB_, UP_, UW_, UJ_)";74;201906;;101;1199
"Fensterheber";1561;136533;1;0;"PEUGEOT";"208 II (UB_, UP_, UW_, UJ_)";100;201906;;136;
"Fensterheber";1561;136701;1;0;"PEUGEOT";"208 II (UB_, UP_, UW_, UJ_)";55;201906;;75;1199
"Fensterheber";1561;136729;1;0;"RENAULT";"TWINGO III (BCM_, BCA_)";68;201903;;92;898
"Fensterheber";1561;136918;1;2;"VW";"GOLF IV Van (1J1)";81;199710;200405;110;1896
"Fensterheber";1561;137032;2;0;"PEUGEOT";"BOXER Kasten";103;201907;;140;2179
"Fensterheber";1561;137217;1;6;"MERCEDES-BENZ";"CITAN Kasten/Großraumlimousine (W415)";59;201905;202108;80;1461
"Fensterheber";1561;137333;1;0;"AUDI";"A4 B9 (8W2, 8WC)";100;201907;;136;1968
"Fensterheber";1561;137590;1;0;"DACIA";"DUSTER (HM_)";110;201901;;150;1332
"Fensterheber";1561;137724;7;0;"OPEL";"CORSA F (P2JO)";55;201907;;75;1199
"Fensterheber";1561;137725;12;0;"OPEL";"CORSA F (P2JO)";74;201907;;101;1199
"Fensterheber";1561;137726;1;0;"OPEL";"CORSA F (P2JO)";96;201907;;131;1199
"Fensterheber";1561;137746;1;0;"AUDI";"A5 Sportback (F5A, F5F)";120;201910;;163;1968
"Fensterheber";1561;137784;1;0;"PEUGEOT";"PARTNER ORIGIN Kasten/Großraumlimousine (G_)";55;200808;201512;75;1360
"Fensterheber";1561;137972;1;0;"VW";"TRANSPORTER T6 Kasten (SGA, SGH, SHA, SHH)";81;201907;;110;1968
"Fensterheber";1561;138074;1;0;"OPEL";"VIVARO B Kasten (X82)";89;201603;201912;121;1598
"Fensterheber";1561;138353;1;6;"CITROËN";"BERLINGO / BERLINGO FIRST Großraumlimousine (MF_, GJK_, GFK_";68;200911;201012;92;1560
"Fensterheber";1561;138535;1;0;"FIAT";"DUCATO Pritsche/Fahrgestell (250_)";103;201905;;140;2287
"Fensterheber";1561;138539;1;0;"FIAT";"DUCATO Bus (250_)";103;201905;;140;2287
"Fensterheber";1561;138598;1;0;"CITROËN";"JUMPER II Kasten";88;201908;;120;2179
"Fensterheber";1561;138631;1;0;"PEUGEOT";"BOXER Pritsche/Fahrgestell";103;201908;;140;2179
"Fensterheber";1561;138771;3;0;"RENAULT";"MASTER III Kasten (FV)";132;201907;;179;2298
"Fensterheber";1561;138773;1;2;"HYUNDAI";"i20 I (PB, PBT)";56;200812;201408;76;1197
"Fensterheber";1561;139160;16;4;"FIAT";"500 (312_)";51;202001;;69;999
"Fensterheber";1561;139163;1;6;"FIAT";"PANDA (312_, 319_)";51;202001;;69;999
"Fensterheber";1561;139172;1;0;"DACIA";"DOKKER Express Kasten/Großraumlimousine";96;201908;;131;1332
"Fensterheber";1561;139280;1;6;"RENAULT";"KANGOO Express (FW0/1_)";59;201910;;80;1461
"Fensterheber";1561;139308;1;6;"RENAULT";"KANGOO Express (FW0/1_)";85;201910;;116;1461
"Fensterheber";1561;139507;4;4;"FIAT";"500 C (312_)";51;202001;;69;999
"Fensterheber";1561;140210;1;0;"RENAULT";"MASTER III Bus (JV)";132;202001;;179;2298
"Fensterheber";1561;140386;4;5;"DACIA";"SANDERO II";74;201911;;101;999
"Fensterheber";1561;140392;1;5;"DACIA";"LOGAN MCV II";74;201911;;101;999
"Fensterheber";1561;140419;2;0;"SUZUKI";"VITARA (LY)";95;201907;;129;1373
"Fensterheber";1561;140459;1;0;"MERCEDES-BENZ";"VITO Kasten (W447)";100;202004;;136;1950
"Fensterheber";1561;140460;1;0;"MERCEDES-BENZ";"VITO Kasten (W447)";120;202004;;163;1950
"Fensterheber";1561;141043;1;0;"HYUNDAI";"i30 Kombi (PDE)";118;202003;;160;1482
"Fensterheber";1561;141303;1;0;"TOYOTA";"LAND CRUISER PRADO (_J15_)";150;202007;;204;2755
"Fensterheber";1561;141304;1;2;"HYUNDAI";"TUCSON (TL, TLE)";110;201506;202009;150;1999
"Fensterheber";1561;141576;1;0;"AUDI";"A4 B9 Avant (8W5, 8WD)";150;202006;;204;1984
"Fensterheber";1561;141629;1;0;"AUDI";"A5 Sportback (F5A, F5F)";195;201910;;265;1984
"Fensterheber";1561;141630;2;0;"AUDI";"A5 Sportback (F5A, F5F)";150;202009;;204;1968
"Fensterheber";1561;141778;2;0;"MERCEDES-BENZ";"S-CLASS (W223)";210;202009;;286;2925
"Fensterheber";1561;142938;1;0;"SEAT";"ALHAMBRA VAN (711)";110;201505;;150;1968
"Fensterheber";1561;142958;1;8;"FIAT";"TIPO Kombi (356_, 357_)";74;202011;;101;999
"Fensterheber";1561;143009;1;4;"VW";"SHARAN VAN (7N1, 7N2)";125;201008;201301;170;1968
"Fensterheber";1561;143050;1;4;"VW";"TOURAN VAN (1T3)";103;201005;201505;140;1968
"Fensterheber";1561;143459;1;0;"BMW";"5 Touring (G31)";150;202103;;204;1998
"Fensterheber";1561;143474;3;0;"TESLA";"MODEL 3 (5YJ3)";366;202012;;498;
"Fensterheber";1561;145025;1;0;"DACIA";"SANDERO III";49;202101;;67;999
"Fensterheber";1561;145028;1;0;"DACIA";"SANDERO III";67;202101;;91;999
"Fensterheber";1561;145391;1;0;"OPEL";"COMBO Kasten/Großraumlimousine (K9)";100;202107;;136;
"Fensterheber";1561;145526;1;0;"RENAULT";"TRAFIC III Kasten (FG_)";110;202108;;150;1997
"Fensterheber";1561;145819;1;4;"VW";"CALIFORNIA T4 Camper (7DJ, 7DK, 70J)";65;199805;200304;88;2461
"Fensterheber";1561;145820;4;4;"VW";"CALIFORNIA T4 Camper (7DJ, 7DK, 70J)";111;199907;200304;151;2461
"Fensterheber";1561;145824;8;4;"VW";"CALIFORNIA T4 Camper (7DJ, 7DK, 70J)";75;200104;200304;102;2461
"Fensterheber";1561;145876;2;0;"VW";"CALIFORNIA T5 Camper (7EC, 7EF, 7EG, 7HF)";96;200705;200911;130;2461
"Fensterheber";1561;145877;1;0;"VW";"CALIFORNIA T5 Camper (7EC, 7EF, 7EG, 7HF)";128;200705;200911;174;2461
"Fensterheber";1561;145878;1;0;"VW";"CALIFORNIA T5 Camper (7EC, 7EF, 7EG, 7HF)";96;200705;200911;130;2461
"Fensterheber";1561;146011;2;0;"MERCEDES-BENZ";"SPRINTER 3,5-t Pritsche/Fahrgestell (B907, B910)";140;202110;;190;1950
"Fensterheber";1561;146071;1;0;"MERCEDES-BENZ";"SPRINTER 4-t Kasten (B907, B910)";110;202110;;150;1950
"Fensterheber";1561;147266;1;0;"DACIA";"DUSTER (HM_)";67;202106;;91;999
"Fensterheber";1561;147942;1;0;"VOLVO";"V60 I Cross Country (157)";110;201503;201805;150;1969
"Fensterheber";1561;152921;1;0;;;;;;;
"Fensterheber";1561;800120;1;6;;;;;;;
"Fensterheber";1561;801367;1;0;;;;;;;
"Fensterheber";1561;801368;1;0;;;;;;;
"Fensterheber";1561;801369;1;0;;;;;;;
"Fensterheber";1561;801381;1;0;;;;;;;
"Fensterheber";1561;801388;1;0;;;;;;;
"Fensterheber";1561;801391;2;0;;;;;;;
"Fensterheber";1561;90000000;1;0;"STREETSCOOTER";"Work (B14)";38;201401;201601;51;
"Fensterheber";1561;90000003;1;0;"STREETSCOOTER";"Work (B16)";38;201601;;51;
"Fensterheber";1561;90000010;5;0;"STREETSCOOTER";"Work (D1702)";51;201907;202005;69;
"Fensterheber";1561;106000088983;1;0;;;;;;;
"Fensterheber";1561;106000107244;1;0;;;;;;;
"Fensterheber";1561;106000320071;1;0;;;;;;;
