GENARTNR;GENARTDESCR;NORMSEARCHWORD;QTY_POS;RATIO (%);VALEO;LEMF?RDER;VAN WEZEL;METZGER AUTOTEILE;MAGNETI MARELLI;FEBI BILSTEIN;MAXGEAR;DOGA;PMM;Ac Rolcar
;Absolut;;44031;;30957;27302;32645;30495;33328;18626;24411;33008;33223;29404
;Prozent;;;;70;62;74;69;76;42;55;75;75;67
1561;Fensterheber;0000051723323;1;0,0023;0;0;0;0;0;0;0;0;0;0
1561;Fensterheber;0000051895385;1;0,0023;0;0;0;0;1;0;0;0;0;0
1561;Fensterheber;0000052130436;1;0,0023;0;0;0;0;1;0;0;0;0;0
1561;Fensterheber;0002684V004000000;1;0,0023;0;0;1;0;0;0;0;0;0;0
1561;Fensterheber;0002691V001;1;0,0023;0;0;1;1;0;0;0;0;0;0
1561;Fensterheber;0002691V001000000;1;0,0023;0;0;0;1;0;0;0;1;0;0
1561;Fensterheber;0002691V002000000;1;0,0023;0;0;0;1;0;0;0;1;0;0
1561;Fensterheber;0002691V003;1;0,0023;0;0;0;1;0;0;0;0;0;0
1561;Fensterheber;0002691V003000000;7;0,0159;0;0;1;1;0;0;0;1;0;0
1561;Fensterheber;0002702V001000000;4;0,0091;0;0;1;1;0;0;0;1;0;0
1561;Fensterheber;0002702V002000000;4;0,0091;0;0;0;1;0;0;0;1;0;0
1561;Fensterheber;0002702V003000000;5;0,0114;0;0;1;1;0;0;0;1;0;0
1561;Fensterheber;0007200079;5;0,0114;1;0;0;0;1;1;0;0;0;0
1561;Fensterheber;0007200179;2;0,0045;1;0;0;0;1;1;0;0;0;0
1561;Fensterheber;0007200246;2;0,0045;0;0;0;0;0;0;0;0;0;0
1561;Fensterheber;00141801;1;0,0023;0;0;1;1;0;1;1;0;0;1
1561;Fensterheber;00181804;1;0,0023;0;0;1;1;0;0;1;0;0;1
1561;Fensterheber;00191801;3;0,0068;0;0;1;1;0;1;1;0;0;1
1561;Fensterheber;0039892;1;0,0023;0;0;0;0;0;0;0;0;0;0
1561;Fensterheber;0039928;1;0,0023;0;0;0;0;0;0;0;0;0;0
1561;Fensterheber;00611904;1;0,0023;0;0;1;1;0;1;1;1;0;1
1561;Fensterheber;00621901;2;0,0045;0;0;1;1;1;1;0;1;1;0
1561;Fensterheber;00621902;1;0,0023;0;0;1;1;1;1;0;0;1;0
1561;Fensterheber;00643429;1;0,0023;0;0;0;0;0;0;0;0;0;0
1561;Fensterheber;0070944;1;0,0023;0;0;0;0;0;0;0;0;0;0
1561;Fensterheber;0071769766;1;0,0023;0;0;0;0;1;0;0;0;0;0
1561;Fensterheber;0086126;1;0,0023;0;0;0;0;0;0;0;0;0;0
1561;Fensterheber;00SKV186;1;0,0023;0;0;0;1;0;0;0;0;0;0
1561;Fensterheber;00SKV201;1;0,0023;0;0;0;1;0;0;0;0;0;0
1561;Fensterheber;00SKV512;1;0,0023;0;0;0;0;0;0;0;0;0;0
1561;Fensterheber;00SKV613;1;0,0023;0;0;0;1;0;0;0;0;0;0
1561;Fensterheber;00SKV631;1;0,0023;0;0;0;1;0;0;0;0;0;0
1561;Fensterheber;00SKV762;2;0,0045;0;0;0;1;0;0;0;1;0;0
1561;Fensterheber;00SKV831;1;0,0023;0;0;0;0;0;0;0;0;0;0
1561;Fensterheber;010139;1;0,0023;1;0;0;0;0;0;0;1;1;1
1561;Fensterheber;010147;1;0,0023;0;0;0;1;0;1;0;0;1;1
1561;Fensterheber;010158;1;0,0023;0;0;0;1;1;0;0;0;1;1
1561;Fensterheber;010159;1;0,0023;0;0;0;1;1;0;0;0;1;1
1561;Fensterheber;010160;1;0,0023;0;0;1;0;1;0;0;1;1;1
1561;Fensterheber;010161;1;0,0023;0;0;1;0;1;0;0;1;1;1
1561;Fensterheber;01046700A;1;0,0023;0;0;0;0;0;0;0;0;0;0
1561;Fensterheber;01049200A;2;0,0045;0;0;0;0;0;1;0;0;0;0
1561;Fensterheber;010502;4;0,0091;0;0;0;1;1;0;1;1;1;1
1561;Fensterheber;010504;3;0,0068;0;0;1;1;1;1;1;1;1;1
1561;Fensterheber;010505;1;0,0023;0;0;1;1;1;1;1;1;1;1
1561;Fensterheber;010506;3;0,0068;0;0;0;1;1;0;1;1;0;1
1561;Fensterheber;010507;2;0,0045;0;0;0;1;1;0;1;1;0;1
1561;Fensterheber;011425;1;0,0023;0;0;0;0;0;0;0;0;1;1
1561;Fensterheber;011510;1;0,0023;1;0;0;0;1;0;0;0;0;1
1561;Fensterheber;011511;7;0,0159;1;0;0;0;1;0;0;0;0;1
1561;Fensterheber;011513;1;0,0023;1;0;0;0;0;0;0;0;0;1
1561;Fensterheber;011514;4;0,0091;1;0;0;0;1;0;0;1;1;1
1561;Fensterheber;011515;17;0,0386;1;0;0;0;1;0;0;1;1;1
1561;Fensterheber;011516;1;0,0023;1;0;0;0;0;0;0;0;1;1
1561;Fensterheber;011704;2;0,0045;1;0;1;1;1;0;1;1;1;1
1561;Fensterheber;011705;3;0,0068;1;0;1;1;1;0;1;1;1;1
1561;Fensterheber;011754;5;0,0114;0;0;1;0;1;1;1;1;1;1
1561;Fensterheber;011755;2;0,0045;0;0;1;0;1;1;1;1;1;1
1561;Fensterheber;011807;1;0,0023;1;0;1;1;1;0;1;1;1;1
1561;Fensterheber;011816;1;0,0023;1;0;1;0;1;0;1;1;1;1
1561;Fensterheber;011817;3;0,0068;1;0;1;0;1;0;1;1;1;1
1561;Fensterheber;012003;2;0,0045;1;0;1;0;1;0;0;1;1;1
1561;Fensterheber;012415;1;0,0023;1;0;1;0;1;0;1;1;1;1
1561;Fensterheber;012434;2;0,0045;1;0;0;1;1;0;1;1;1;1
1561;Fensterheber;012435;3;0,0068;1;0;0;1;1;0;1;1;1;1
1561;Fensterheber;012436;1;0,0023;0;0;1;1;1;0;0;0;1;1
1561;Fensterheber;012442;2;0,0045;0;0;0;0;1;0;1;0;1;1
1561;Fensterheber;012444;1;0,0023;0;0;0;0;1;0;1;1;0;1
1561;Fensterheber;012445;1;0,0023;0;0;0;0;1;0;1;1;1;1
1561;Fensterheber;012449;1;0,0023;0;0;0;0;1;0;1;1;1;1
1561;Fensterheber;012466;2;0,0045;0;0;1;0;1;0;1;0;1;1
1561;Fensterheber;012467;2;0,0045;0;0;1;0;1;0;1;1;1;1
1561;Fensterheber;012474;1;0,0023;0;0;1;1;1;0;1;1;1;1
1561;Fensterheber;012475;2;0,0045;0;0;1;1;1;0;1;1;1;1
1561;Fensterheber;012479;1;0,0023;0;0;1;1;0;0;0;1;1;1
1561;Fensterheber;012480;1;0,0023;0;0;0;1;1;0;1;0;0;1
1561;Fensterheber;012484;1;0,0023;1;0;0;1;1;1;0;1;1;1
1561;Fensterheber;012490;2;0,0045;1;0;1;1;1;0;0;1;1;1
1561;Fensterheber;012491;3;0,0068;1;0;1;1;1;0;0;1;1;1
1561;Fensterheber;012494;1;0,0023;0;0;0;1;1;0;0;1;0;1
1561;Fensterheber;012507;1;0,0023;1;0;1;1;1;0;0;1;1;1
1561;Fensterheber;012508;3;0,0068;1;0;1;1;1;1;1;1;1;1
1561;Fensterheber;012509;2;0,0045;1;0;1;1;1;1;1;1;1;1
1561;Fensterheber;012510;1;0,0023;1;0;1;0;1;0;1;1;1;1
1561;Fensterheber;012514;2;0,0045;1;0;1;0;1;0;1;1;1;1
1561;Fensterheber;012524;1;0,0023;1;0;0;0;1;1;1;0;1;1
1561;Fensterheber;012525;2;0,0045;1;0;0;0;1;1;1;0;1;1
1561;Fensterheber;012529;4;0,0091;1;0;1;0;1;1;1;1;1;1
1561;Fensterheber;012607;1;0,0023;1;0;0;0;1;1;0;1;1;1
1561;Fensterheber;013001;1;0,0023;0;0;0;0;1;0;0;1;1;1
1561;Fensterheber;013003;1;0,0023;1;0;0;1;1;0;1;1;1;1
1561;Fensterheber;013020;2;0,0045;1;0;1;1;1;0;0;1;1;1
1561;Fensterheber;013021;3;0,0068;1;0;1;1;1;0;0;1;1;1
1561;Fensterheber;013022;3;0,0068;1;0;1;0;1;0;0;1;1;1
1561;Fensterheber;013029;1;0,0023;0;0;1;0;1;0;0;1;1;1
1561;Fensterheber;013040;2;0,0045;1;0;1;1;1;0;1;0;1;1
1561;Fensterheber;013044;1;0,0023;0;0;1;1;1;0;1;1;1;1
1561;Fensterheber;013064;1;0,0023;1;0;1;1;1;0;1;1;1;1
1561;Fensterheber;013207047;1;0,0023;0;0;0;0;0;0;0;0;0;0
1561;Fensterheber;013407072;1;0,0023;0;0;0;0;0;0;0;0;0;0
1561;Fensterheber;013503;2;0,0045;0;0;1;1;1;1;1;1;1;1
1561;Fensterheber;013514;1;0,0023;0;0;0;1;1;0;1;1;1;1
1561;Fensterheber;013517;1;0,0023;1;0;0;0;1;0;0;1;0;1
1561;Fensterheber;013530;5;0,0114;1;0;1;1;1;0;0;0;1;1
1561;Fensterheber;013534;1;0,0023;1;0;1;1;1;0;0;1;1;1
1561;Fensterheber;013535;2;0,0045;1;0;1;1;1;0;0;1;1;1
1561;Fensterheber;013541;1;0,0023;1;0;1;0;1;1;1;1;1;1
1561;Fensterheber;013543;1;0,0023;1;0;1;1;0;0;0;1;1;1
1561;Fensterheber;013544;1;0,0023;0;0;0;0;0;0;0;1;1;1
1561;Fensterheber;013548;1;0,0023;1;0;1;1;1;0;0;0;1;1
1561;Fensterheber;013549;1;0,0023;1;0;1;1;1;0;0;0;1;1
1561;Fensterheber;013558;2;0,0045;1;0;1;1;1;0;0;0;1;1
1561;Fensterheber;013586;1;0,0023;0;0;0;1;0;0;0;1;0;1
1561;Fensterheber;013607051;1;0,0023;0;0;0;0;0;0;0;0;0;0
1561;Fensterheber;013800;1;0,0023;0;0;0;1;1;0;1;1;1;1
1561;Fensterheber;013801;3;0,0068;0;0;0;1;1;0;1;1;1;1
1561;Fensterheber;013809;2;0,0045;0;0;1;0;1;0;0;0;1;1
1561;Fensterheber;013818;1;0,0023;0;0;1;0;1;0;0;1;1;1
1561;Fensterheber;013826;2;0,0045;0;0;1;0;1;0;0;1;1;1
1561;Fensterheber;013835;1;0,0023;1;0;1;1;0;0;0;1;1;1
1561;Fensterheber;013846;4;0,0091;0;0;1;1;1;0;1;1;1;1
1561;Fensterheber;013847;3;0,0068;0;0;1;1;1;0;1;1;1;1
1561;Fensterheber;013899;1;0,0023;1;0;0;0;1;0;1;1;0;1
1561;Fensterheber;013901;1;0,0023;1;0;1;0;1;0;0;1;1;1
1561;Fensterheber;013912;1;0,0023;1;0;1;1;1;0;1;1;1;1
1561;Fensterheber;013916;3;0,0068;1;0;1;1;1;1;1;1;1;1
1561;Fensterheber;013917;1;0,0023;1;0;1;1;1;1;1;1;1;1
1561;Fensterheber;013918;5;0,0114;1;0;1;1;1;1;1;1;1;1
1561;Fensterheber;013919;4;0,0091;1;0;1;1;1;1;1;1;1;1
1561;Fensterheber;013920;1;0,0023;1;0;1;1;1;1;1;1;1;1
1561;Fensterheber;013921;2;0,0045;1;0;1;1;1;1;1;1;1;1
1561;Fensterheber;013922;1;0,0023;1;0;1;1;1;0;1;1;1;1
1561;Fensterheber;013923;1;0,0023;1;0;1;1;1;0;1;1;1;1
1561;Fensterheber;013925;1;0,0023;1;0;1;1;1;1;1;1;1;1
1561;Fensterheber;013932;6;0,0136;1;0;1;0;1;1;1;1;1;1
1561;Fensterheber;013933;2;0,0045;1;0;1;1;1;1;1;1;1;1
1561;Fensterheber;013990;1;0,0023;1;0;1;1;1;1;1;1;1;1
1561;Fensterheber;013992;1;0,0023;0;0;1;1;1;0;1;1;1;1
1561;Fensterheber;013993;1;0,0023;0;0;1;1;1;0;1;1;1;1
1561;Fensterheber;014030;2;0,0045;0;0;1;1;1;0;0;1;1;1
1561;Fensterheber;014031;1;0,0023;0;0;1;1;1;0;0;1;1;1
1561;Fensterheber;014091;1;0,0023;1;0;1;0;1;1;1;1;1;1
1561;Fensterheber;014092;1;0,0023;1;0;1;0;1;0;1;1;1;1
1561;Fensterheber;014093;2;0,0045;1;0;1;1;1;0;1;1;1;1
1561;Fensterheber;014096;1;0,0023;1;0;1;1;1;0;1;1;1;1
1561;Fensterheber;014135;1;0,0023;1;0;1;1;1;0;1;0;1;1
1561;Fensterheber;014144;1;0,0023;1;0;1;1;1;1;1;1;1;1
1561;Fensterheber;014145;4;0,0091;1;0;1;1;1;1;1;1;1;1
1561;Fensterheber;014162;1;0,0023;1;0;1;1;1;1;1;1;1;1
1561;Fensterheber;014164;2;0,0045;1;0;1;1;1;1;1;1;1;1
1561;Fensterheber;014194;2;0,0045;0;0;1;1;1;0;1;1;1;1
1561;Fensterheber;014195;7;0,0159;0;0;1;1;1;0;1;1;1;1
1561;Fensterheber;014463;1;0,0023;0;0;1;0;1;1;1;1;1;1
1561;Fensterheber;014478;1;0,0023;0;0;1;1;1;0;0;1;1;1
1561;Fensterheber;014489;1;0,0023;1;0;1;1;0;0;1;1;1;1
1561;Fensterheber;014524;1;0,0023;1;0;1;1;1;0;0;1;1;1
1561;Fensterheber;014525;3;0,0068;1;0;1;1;1;0;0;1;1;1
1561;Fensterheber;014545;3;0,0068;1;0;1;1;1;0;1;1;1;1
1561;Fensterheber;014546;2;0,0045;1;0;1;1;1;0;1;1;1;1
1561;Fensterheber;014547;2;0,0045;1;0;1;1;1;0;1;1;1;1
1561;Fensterheber;014556;1;0,0023;1;0;1;1;1;0;1;1;1;1
1561;Fensterheber;014557;1;0,0023;1;0;1;1;1;0;1;1;1;1
1561;Fensterheber;014591;2;0,0045;1;0;1;1;1;0;1;1;1;1
1561;Fensterheber;014596;1;0,0023;1;0;1;1;0;0;1;1;1;1
1561;Fensterheber;014597;2;0,0045;1;0;1;1;1;0;1;1;1;1
1561;Fensterheber;014634;1;0,0023;1;0;1;1;1;1;1;1;1;1
1561;Fensterheber;014635;2;0,0045;1;0;1;1;1;1;1;1;1;1
1561;Fensterheber;014636;2;0,0045;1;0;1;1;1;0;1;1;1;1
1561;Fensterheber;014637;1;0,0023;1;0;1;1;1;0;1;1;1;1
1561;Fensterheber;014644;1;0,0023;1;0;1;1;1;0;0;1;0;1
1561;Fensterheber;014645;1;0,0023;1;0;1;1;1;0;0;1;0;1
1561;Fensterheber;014649;2;0,0045;0;0;1;1;1;1;1;1;1;1
1561;Fensterheber;014650;1;0,0023;1;0;1;1;1;1;1;1;1;1
1561;Fensterheber;014652;5;0,0114;1;0;1;1;1;0;1;1;1;1
1561;Fensterheber;014653;2;0,0045;1;0;1;1;1;0;1;1;1;1
1561;Fensterheber;014658;1;0,0023;1;0;1;1;1;0;1;1;1;1
1561;Fensterheber;014663;1;0,0023;0;0;1;1;1;0;1;1;1;1
1561;Fensterheber;014667;1;0,0023;1;0;1;0;1;0;0;1;1;1
1561;Fensterheber;014669;1;0,0023;0;0;1;1;1;1;1;0;0;1
1561;Fensterheber;014671;1;0,0023;0;0;1;1;0;0;1;0;0;1
1561;Fensterheber;014674;1;0,0023;0;0;0;1;0;0;0;0;1;1
1561;Fensterheber;014690;1;0,0023;0;0;0;1;0;0;0;0;0;1
1561;Fensterheber;014707092;2;0,0045;0;0;0;0;0;0;0;0;0;0
1561;Fensterheber;0147261;3;0,0068;0;0;1;1;1;1;1;1;1;1
1561;Fensterheber;0147262;3;0,0068;0;0;1;1;1;1;1;1;1;1
1561;Fensterheber;014758;2;0,0045;1;0;1;0;1;1;1;1;1;1
1561;Fensterheber;014759;1;0,0023;1;0;1;0;1;1;1;1;1;1
1561;Fensterheber;014764;1;0,0023;1;0;1;1;1;0;0;1;1;1
1561;Fensterheber;014766;1;0,0023;1;0;1;1;1;0;0;1;1;1
1561;Fensterheber;014832;1;0,0023;0;0;1;1;1;0;0;1;1;1
1561;Fensterheber;014834;7;0,0159;1;0;1;1;1;1;1;1;1;1
1561;Fensterheber;014835;3;0,0068;1;0;1;1;1;1;1;1;1;1
1561;Fensterheber;014836;1;0,0023;1;0;1;1;1;1;1;1;1;1
1561;Fensterheber;014837;2;0,0045;1;0;1;1;1;1;1;1;1;1
1561;Fensterheber;014840;1;0,0023;1;0;1;1;1;1;1;1;1;1
1561;Fensterheber;014847;1;0,0023;1;0;1;1;1;1;1;1;1;1
1561;Fensterheber;014849;1;0,0023;0;0;1;1;1;1;1;1;1;1
1561;Fensterheber;014852;1;0,0023;1;0;1;1;1;0;1;0;0;1
1561;Fensterheber;014856;1;0,0023;0;0;1;1;1;1;1;1;1;1
1561;Fensterheber;014858;1;0,0023;1;0;1;1;1;0;1;1;1;1
1561;Fensterheber;014867;1;0,0023;1;0;1;1;1;0;1;1;1;1
1561;Fensterheber;014870;2;0,0045;1;0;1;1;1;1;1;1;1;1
1561;Fensterheber;014871;1;0,0023;1;0;1;1;1;1;1;1;1;1
1561;Fensterheber;014874;1;0,0023;0;0;1;1;1;1;1;1;1;1
1561;Fensterheber;0148777;1;0,0023;0;0;0;0;0;0;0;0;0;0
1561;Fensterheber;014888;1;0,0023;1;0;1;1;1;1;1;1;1;1
1561;Fensterheber;014889;1;0,0023;1;0;1;1;1;1;1;1;1;1
1561;Fensterheber;014894;1;0,0023;1;0;1;1;1;1;1;0;1;1
1561;Fensterheber;014895;1;0,0023;1;0;1;1;1;1;1;0;1;1
1561;Fensterheber;014915;1;0,0023;1;0;1;0;1;0;0;1;1;1
1561;Fensterheber;014927;1;0,0023;1;0;0;0;1;0;0;1;1;1
1561;Fensterheber;014930;5;0,0114;1;0;1;1;0;0;1;1;1;1
1561;Fensterheber;014931;2;0,0045;1;0;1;1;0;0;1;1;1;1
1561;Fensterheber;014933;4;0,0091;0;0;0;0;0;0;0;0;0;1
1561;Fensterheber;014942;1;0,0023;1;0;0;0;1;0;0;0;1;1
1561;Fensterheber;015029OR;1;0,0023;0;0;0;0;0;0;0;1;0;1
1561;Fensterheber;015036;1;0,0023;0;0;0;0;0;0;0;1;1;1
1561;Fensterheber;015051;4;0,0091;0;0;1;0;1;0;0;1;1;1
1561;Fensterheber;015052;7;0,0159;0;0;1;0;1;0;0;1;1;1
1561;Fensterheber;015108;1;0,0023;0;0;1;1;1;1;1;1;1;1
1561;Fensterheber;015110;2;0,0045;0;0;1;1;1;1;1;1;1;1
1561;Fensterheber;015111;2;0,0045;0;0;1;1;1;1;1;1;1;1
1561;Fensterheber;015114;4;0,0091;0;0;1;1;1;1;1;1;1;1
1561;Fensterheber;015116;3;0,0068;0;0;1;1;1;1;1;1;0;1
1561;Fensterheber;015118;2;0,0045;1;0;1;1;1;0;1;0;1;1
1561;Fensterheber;015119;1;0,0023;1;0;1;1;1;0;1;0;1;1
1561;Fensterheber;015136;1;0,0023;1;0;1;1;1;0;1;0;1;1
1561;Fensterheber;015142;8;0,0182;1;0;1;1;1;1;1;0;1;1
1561;Fensterheber;015143;2;0,0045;1;0;1;1;1;1;1;0;1;1
1561;Fensterheber;015144;6;0,0136;0;0;0;1;1;0;0;1;0;1
1561;Fensterheber;015145;2;0,0045;0;0;0;1;1;0;0;1;0;1
1561;Fensterheber;015153;3;0,0068;1;0;1;1;0;0;0;0;1;1
1561;Fensterheber;015167;1;0,0023;0;0;1;0;1;0;1;0;1;1
1561;Fensterheber;015178;1;0,0023;0;0;1;1;1;0;0;0;0;1
1561;Fensterheber;015181;1;0,0023;0;0;1;1;1;1;0;1;1;1
1561;Fensterheber;0153099;1;0,0023;0;0;0;0;0;1;0;0;0;0
1561;Fensterheber;015502;2;0,0045;0;0;1;1;1;0;1;1;1;1
1561;Fensterheber;015512;2;0,0045;1;0;0;0;1;0;0;1;1;1
1561;Fensterheber;015513;3;0,0068;1;0;0;0;1;0;0;1;1;1
1561;Fensterheber;015520;3;0,0068;1;0;1;1;1;0;1;1;1;1
1561;Fensterheber;015521;6;0,0136;1;0;1;1;1;0;1;1;1;1
1561;Fensterheber;015525;1;0,0023;0;0;1;0;1;0;1;1;1;1
1561;Fensterheber;015532;2;0,0045;1;0;0;0;1;0;0;1;1;1
1561;Fensterheber;015545;1;0,0023;0;0;0;1;1;0;0;1;0;1
1561;Fensterheber;015590;11;0,025;0;0;1;1;1;0;0;0;0;1
1561;Fensterheber;015591;11;0,025;0;0;1;1;1;0;0;0;0;1
1561;Fensterheber;0160261;2;0,0045;0;0;1;0;1;0;1;1;1;1
1561;Fensterheber;0160262;1;0,0023;0;0;1;0;1;0;1;1;1;1
1561;Fensterheber;0160263;1;0,0023;0;0;1;0;1;0;1;1;1;1
1561;Fensterheber;0160264;1;0,0023;0;0;1;0;1;0;1;1;1;1
1561;Fensterheber;0160265;1;0,0023;0;0;1;0;1;0;0;1;1;0
1561;Fensterheber;016422;2;0,0045;0;0;0;0;0;0;0;0;0;1
1561;Fensterheber;016423;2;0,0045;0;0;0;0;0;0;0;0;0;1
1561;Fensterheber;016907;2;0,0045;1;0;1;0;1;0;0;1;1;1
1561;Fensterheber;016993;1;0,0023;0;0;0;0;0;0;0;0;1;1
1561;Fensterheber;017041;1;0,0023;1;0;1;0;1;0;0;0;0;1
1561;Fensterheber;017069;1;0,0023;1;0;0;1;1;0;0;1;1;1
1561;Fensterheber;017070;2;0,0045;1;0;0;1;1;0;0;1;1;1
1561;Fensterheber;017137;3;0,0068;0;0;0;0;0;0;0;0;0;1
1561;Fensterheber;017207;2;0,0045;0;0;0;1;1;0;0;1;0;1
1561;Fensterheber;017237;2;0,0045;1;0;1;1;1;0;0;1;1;1
1561;Fensterheber;017255;2;0,0045;1;0;1;0;1;0;0;1;1;1
1561;Fensterheber;0172578;1;0,0023;0;0;0;0;0;0;0;0;0;0
1561;Fensterheber;0172631;1;0,0023;0;0;0;0;0;0;0;0;0;0
1561;Fensterheber;0172673;1;0,0023;0;0;0;0;0;0;0;0;0;0
1561;Fensterheber;017274;1;0,0023;1;0;0;0;1;0;0;1;1;1
1561;Fensterheber;0172780;1;0,0023;0;0;0;0;0;0;0;0;0;0
1561;Fensterheber;017286;3;0,0068;1;0;1;1;1;0;0;1;1;1
1561;Fensterheber;017287;1;0,0023;1;0;1;1;1;0;0;1;1;1
1561;Fensterheber;017319;1;0,0023;0;0;1;0;1;0;0;0;1;1
1561;Fensterheber;017436;2;0,0045;0;0;1;1;1;1;1;1;1;1
1561;Fensterheber;017486;1;0,0023;0;0;1;1;1;0;1;1;1;1
1561;Fensterheber;017509;5;0,0114;0;0;1;1;1;0;0;1;0;1
1561;Fensterheber;017544;2;0,0045;0;0;1;1;1;0;1;1;1;1
1561;Fensterheber;0175757;1;0,0023;0;0;0;0;0;0;0;0;0;0
1561;Fensterheber;017594;3;0,0068;0;0;1;0;0;0;0;1;1;1
1561;Fensterheber;017600;1;0,0023;1;0;1;1;0;0;1;1;1;1
1561;Fensterheber;017635;1;0,0023;0;0;1;1;1;0;0;1;1;1
1561;Fensterheber;017655;3;0,0068;0;0;1;0;0;0;0;1;1;1
1561;Fensterheber;017669;4;0,0091;0;0;0;0;0;0;0;1;0;1
1561;Fensterheber;0176694849;1;0,0023;0;0;0;0;0;0;0;0;0;0
1561;Fensterheber;017695;1;0,0023;1;0;1;0;0;0;0;1;1;1
1561;Fensterheber;017696;1;0,0023;0;0;1;1;1;0;0;1;1;1
1561;Fensterheber;017699;1;0,0023;0;0;0;1;1;0;0;0;1;1
1561;Fensterheber;017715;4;0,0091;1;0;1;1;1;0;0;1;1;1
1561;Fensterheber;0177261;3;0,0068;0;0;1;0;1;0;0;0;1;1
1561;Fensterheber;017742;1;0,0023;1;0;1;1;1;0;1;1;1;1
1561;Fensterheber;017821;1;0,0023;0;0;1;0;1;0;0;1;1;1
1561;Fensterheber;017837;1;0,0023;0;0;1;0;0;0;1;1;1;1
1561;Fensterheber;017898;2;0,0045;0;0;1;0;0;0;0;1;1;1
1561;Fensterheber;017927;2;0,0045;0;0;1;0;1;0;0;1;1;1
1561;Fensterheber;017935;1;0,0023;1;0;1;1;1;0;0;1;1;1
1561;Fensterheber;017995;2;0,0045;1;0;0;1;1;0;1;1;1;1
1561;Fensterheber;017997;1;0,0023;1;0;1;0;1;0;0;1;1;1
1561;Fensterheber;017999;1;0,0023;1;0;1;1;1;1;1;1;1;1
1561;Fensterheber;018009;1;0,0023;1;0;0;1;1;0;0;1;1;1
1561;Fensterheber;018030;4;0,0091;1;0;0;1;0;1;1;1;1;1
1561;Fensterheber;018052OR;1;0,0023;0;0;0;0;0;0;0;1;0;1
1561;Fensterheber;018069;2;0,0045;0;0;1;0;0;0;0;0;1;1
1561;Fensterheber;018088;1;0,0023;1;0;0;0;1;0;0;0;1;1
1561;Fensterheber;018100;3;0,0068;1;0;1;1;1;1;0;1;1;1
1561;Fensterheber;018101;10;0,0227;1;0;1;1;1;1;0;1;1;1
1561;Fensterheber;018102;4;0,0091;0;0;1;0;1;0;0;1;1;1
1561;Fensterheber;018103;6;0,0136;0;0;1;0;1;0;0;1;1;1
1561;Fensterheber;018135;2;0,0045;0;0;0;1;1;0;1;1;1;1
1561;Fensterheber;018136;2;0,0045;1;0;0;0;1;0;0;1;1;0
1561;Fensterheber;018196;3;0,0068;1;0;1;1;0;1;1;0;1;1
1561;Fensterheber;018197;3;0,0068;1;0;1;1;0;1;1;0;1;1
1561;Fensterheber;018258;1;0,0023;1;0;1;1;1;1;1;0;1;1
1561;Fensterheber;018272;1;0,0023;0;0;0;0;0;0;0;1;1;1
1561;Fensterheber;018286;2;0,0045;0;0;0;1;0;0;0;0;0;1
1561;Fensterheber;018300;7;0,0159;0;0;1;1;1;0;1;0;1;1
1561;Fensterheber;018301;2;0,0045;0;0;1;1;1;0;1;0;1;1
1561;Fensterheber;018304;1;0,0023;1;0;1;0;0;0;0;0;1;1
1561;Fensterheber;018308;1;0,0023;1;0;1;1;1;1;1;0;1;1
1561;Fensterheber;018356;4;0,0091;0;0;0;0;1;0;0;1;1;1
1561;Fensterheber;018357;6;0,0136;0;0;0;0;1;0;0;1;1;1
1561;Fensterheber;018407;1;0,0023;0;0;0;0;0;0;0;0;1;1
1561;Fensterheber;018414;2;0,0045;0;0;1;1;1;0;1;1;1;1
1561;Fensterheber;018415;2;0,0045;0;0;1;1;1;0;1;1;1;1
1561;Fensterheber;018419;1;0,0023;0;0;0;1;1;0;0;0;0;1
1561;Fensterheber;018525OR;1;0,0023;0;0;0;0;0;0;0;0;0;1
1561;Fensterheber;018552;1;0,0023;0;0;0;1;0;0;0;0;1;1
1561;Fensterheber;018712;1;0,0023;0;0;0;1;0;0;0;0;0;1
1561;Fensterheber;019907071;1;0,0023;0;0;0;0;0;0;0;0;0;0
1561;Fensterheber;01SKV072;1;0,0023;0;0;0;1;0;1;1;0;0;0
1561;Fensterheber;01SKV172;1;0,0023;0;0;0;0;0;0;0;0;0;0
1561;Fensterheber;01SKV331;1;0,0023;0;0;0;1;0;1;0;0;0;0
1561;Fensterheber;01SKV381;1;0,0023;0;0;0;1;0;0;0;0;0;0
1561;Fensterheber;01SKV384;2;0,0045;0;0;0;0;0;0;0;0;0;0
1561;Fensterheber;01SKV391;2;0,0045;0;0;0;1;0;1;0;0;0;0
1561;Fensterheber;01SKV522;1;0,0023;0;0;0;1;0;0;0;0;0;0
1561;Fensterheber;01SKV621;1;0,0023;0;0;0;1;0;1;1;1;0;0
1561;Fensterheber;01SKV861;3;0,0068;0;0;0;1;0;0;0;0;0;0
1561;Fensterheber;01SKV901;1;0,0023;0;0;0;1;0;0;0;1;0;0
1561;Fensterheber;01SKV921;1;0,0023;0;0;0;1;0;1;1;1;0;0
1561;Fensterheber;02023600A;1;0,0023;0;0;0;0;0;1;0;0;0;0
1561;Fensterheber;021351;2;0,0045;1;0;1;0;1;0;0;1;1;1
1561;Fensterheber;022007042;1;0,0023;0;0;0;0;0;0;0;0;0;0
1561;Fensterheber;022100;1;0,0023;1;0;1;1;1;0;0;1;1;1
1561;Fensterheber;0253069;1;0,0023;0;0;0;1;0;0;0;0;0;0
1561;Fensterheber;0253079;2;0,0045;0;0;0;1;0;0;1;1;0;0
1561;Fensterheber;0256261;1;0,0023;1;0;1;1;0;0;0;0;0;0
1561;Fensterheber;026007071;1;0,0023;0;0;0;0;0;0;0;0;0;0
1561;Fensterheber;0302261;3;0,0068;0;0;1;0;0;0;0;1;1;0
1561;Fensterheber;0302262;1;0,0023;0;0;1;0;0;0;0;1;1;0
1561;Fensterheber;0312261;1;0,0023;0;0;1;0;0;0;0;0;1;0
1561;Fensterheber;0312261VWA;1;0,0023;0;0;0;0;0;0;0;0;0;0
1561;Fensterheber;0315261;3;0,0068;0;0;1;1;1;0;1;0;1;1
1561;Fensterheber;0315262;5;0,0114;0;0;1;1;1;0;1;0;1;1
1561;Fensterheber;031814;2;0,0045;1;0;1;1;0;1;1;1;1;1
1561;Fensterheber;0318261;4;0,0091;0;0;1;1;0;1;0;1;0;1
1561;Fensterheber;0318262;1;0,0023;0;0;1;1;0;1;0;1;0;1
1561;Fensterheber;0318263;2;0,0045;0;0;1;1;0;0;1;1;1;1
1561;Fensterheber;0318264;4;0,0091;0;0;1;1;0;0;1;1;1;1
1561;Fensterheber;0323265;5;0,0114;0;0;1;1;1;0;0;0;1;1
1561;Fensterheber;0323266;6;0,0136;0;0;1;1;1;0;1;0;1;1
1561;Fensterheber;0325261;37;0,084;0;0;1;1;1;1;0;0;1;1
1561;Fensterheber;0325261VWA;1;0,0023;0;0;0;0;0;0;0;0;0;0
1561;Fensterheber;0325262;16;0,0363;0;0;1;1;1;1;0;0;1;1
1561;Fensterheber;0325262VWA;1;0,0023;0;0;0;0;0;0;0;0;0;0
1561;Fensterheber;0325263;1;0,0023;0;0;1;1;1;1;1;0;1;1
1561;Fensterheber;0325264;3;0,0068;0;0;1;1;1;1;1;0;1;1
1561;Fensterheber;0328261;6;0,0136;0;0;1;0;0;0;0;0;0;0
1561;Fensterheber;0328261VWA;1;0,0023;0;0;0;0;0;0;0;0;0;0
1561;Fensterheber;0328262;3;0,0068;0;0;1;0;0;0;0;0;0;0
1561;Fensterheber;0330261;12;0,0273;0;0;1;1;1;1;1;0;1;1
1561;Fensterheber;0330262;7;0,0159;0;0;1;1;1;1;1;0;1;1
1561;Fensterheber;0330262VWA;1;0,0023;0;0;0;0;0;0;0;0;0;0
1561;Fensterheber;0331261;4;0,0091;0;0;1;1;0;1;0;1;0;0
1561;Fensterheber;0331262;5;0,0114;0;0;1;1;0;1;0;1;0;0
1561;Fensterheber;0332261;16;0,0363;0;0;1;1;1;1;1;0;1;1
1561;Fensterheber;0332262;3;0,0068;0;0;1;1;1;1;1;0;1;1
1561;Fensterheber;0332263;20;0,0454;0;0;1;1;1;0;1;0;1;1
1561;Fensterheber;0332264;4;0,0091;0;0;1;1;1;0;1;0;1;1
1561;Fensterheber;0332264VWA;1;0,0023;0;0;0;0;0;0;0;0;0;0
1561;Fensterheber;0332265;25;0,0568;0;0;1;1;1;1;1;0;1;1
1561;Fensterheber;0332266;8;0,0182;0;0;1;1;1;1;1;0;1;1
1561;Fensterheber;0336261;1;0,0023;0;0;1;1;0;0;0;0;1;0
1561;Fensterheber;0336263;4;0,0091;0;0;1;1;0;0;0;0;1;0
1561;Fensterheber;0336264;5;0,0114;0;0;1;1;0;0;0;0;1;0
1561;Fensterheber;034152;2;0,0045;0;0;0;0;0;0;0;0;0;1
1561;Fensterheber;0342261;2;0,0045;0;0;1;1;0;0;1;1;0;0
1561;Fensterheber;0342262;2;0,0045;0;0;1;1;0;0;1;1;0;0
1561;Fensterheber;034227;3;0,0068;0;0;0;0;1;0;0;0;1;1
1561;Fensterheber;034587;2;0,0045;0;0;0;0;0;0;0;0;0;1
1561;Fensterheber;0346261;2;0,0045;0;0;1;1;0;0;0;1;1;1
1561;Fensterheber;034772;1;0,0023;1;0;1;1;0;0;1;1;0;1
1561;Fensterheber;034773;1;0,0023;1;0;1;1;0;0;1;1;0;1
1561;Fensterheber;03575;1;0,0023;0;0;0;1;0;1;0;0;0;0
1561;Fensterheber;0377261;3;0,0068;0;0;1;0;0;0;0;1;0;0
1561;Fensterheber;0378265;10;0,0227;0;0;1;1;0;1;0;1;1;0
1561;Fensterheber;0378266;4;0,0091;0;0;1;1;0;1;0;1;1;0
1561;Fensterheber;0379261;12;0,0273;0;0;1;1;0;0;0;0;1;0
1561;Fensterheber;0379262;5;0,0114;0;0;1;1;0;0;0;1;1;0
1561;Fensterheber;037962;1;0,0023;0;0;0;0;0;0;0;0;0;0
1561;Fensterheber;039107072;1;0,0023;0;0;0;0;0;0;0;0;0;0
1561;Fensterheber;0410038018;2;0,0045;0;0;0;0;0;0;0;0;0;0
1561;Fensterheber;0410038019;1;0,0023;0;0;0;0;0;0;0;0;0;0
1561;Fensterheber;0410038055;2;0,0045;0;0;0;0;0;0;0;0;0;0
1561;Fensterheber;0410038072;1;0,0023;0;0;0;0;0;0;0;0;0;0
1561;Fensterheber;0410038074;1;0,0023;0;0;0;0;0;0;0;0;0;0
1561;Fensterheber;0410038092;1;0,0023;0;0;0;0;0;0;0;0;0;0
1561;Fensterheber;0410038143;1;0,0023;0;0;0;0;0;0;0;0;0;0
1561;Fensterheber;0410038153;1;0,0023;0;0;0;0;0;0;0;0;0;0
1561;Fensterheber;0410038177;1;0,0023;0;0;0;0;0;0;0;0;0;0
1561;Fensterheber;0410038213;1;0,0023;0;0;0;0;0;0;0;0;0;0
1561;Fensterheber;0410038234;1;0,0023;0;0;0;0;0;0;0;0;0;0
1561;Fensterheber;0410038255;1;0,0023;0;0;0;0;0;0;0;0;0;0
1561;Fensterheber;0410038270;1;0,0023;0;0;0;0;0;0;0;0;0;0
1561;Fensterheber;0410038271;1;0,0023;0;0;0;0;0;0;0;0;0;0
1561;Fensterheber;0410038291;1;0,0023;0;0;0;0;0;0;0;0;0;0
1561;Fensterheber;0410038293;1;0,0023;0;0;0;0;0;0;0;0;0;0
1561;Fensterheber;0410038296;1;0,0023;0;0;0;0;0;0;0;0;0;0
1561;Fensterheber;0410038298;1;0,0023;0;0;0;0;0;0;0;0;0;0
1561;Fensterheber;0410038311;1;0,0023;0;0;0;0;0;0;0;0;0;0
1561;Fensterheber;0410038322;1;0,0023;0;0;0;0;0;0;0;0;0;0
1561;Fensterheber;0410038324;2;0,0045;0;0;0;0;0;0;0;0;0;0
1561;Fensterheber;0410038326;1;0,0023;0;0;0;0;0;0;0;0;0;0
1561;Fensterheber;0410038328;2;0,0045;0;0;0;0;0;0;0;0;0;0
1561;Fensterheber;0410038329;2;0,0045;0;0;0;0;0;0;0;0;0;0
1561;Fensterheber;0410038340;2;0,0045;0;0;0;0;0;0;0;0;0;0
1561;Fensterheber;0410038341;2;0,0045;0;0;0;0;0;0;0;0;0;0
1561;Fensterheber;0410038344;1;0,0023;0;0;0;0;0;0;0;0;0;0
1561;Fensterheber;0410038349;1;0,0023;0;0;0;0;0;0;0;0;0;0
1561;Fensterheber;0410038350;1;0,0023;0;0;0;0;0;0;0;0;0;0
1561;Fensterheber;0410038358;1;0,0023;0;0;0;0;0;0;0;0;0;0
1561;Fensterheber;0410038359;1;0,0023;0;0;0;0;0;0;0;0;0;0
1561;Fensterheber;0410038361;1;0,0023;0;0;0;0;0;0;0;0;0;0
1561;Fensterheber;0410038362;1;0,0023;0;0;0;0;0;0;0;0;0;0
1561;Fensterheber;0410038385;1;0,0023;0;0;0;0;0;0;0;0;0;0
1561;Fensterheber;04392561;1;0,0023;0;0;0;0;0;0;0;0;0;0
1561;Fensterheber;044749;1;0,0023;0;0;0;0;0;0;0;0;0;0
1561;Fensterheber;044750;7;0,0159;0;0;0;0;0;0;0;0;0;0
1561;Fensterheber;04651624228;1;0,0023;0;0;0;0;0;0;0;0;0;0
1561;Fensterheber;04654362261;1;0,0023;0;0;0;0;0;0;0;0;0;0
1561;Fensterheber;04655836262;1;0,0023;0;0;0;0;0;0;0;0;0;0
1561;Fensterheber;049307042;1;0,0023;0;0;0;0;0;0;0;0;0;0
1561;Fensterheber;049807061;1;0,0023;0;0;0;0;0;0;0;0;0;0
1561;Fensterheber;049807062;1;0,0023;0;0;0;0;0;0;0;0;0;0
1561;Fensterheber;0502261;19;0,0432;0;0;1;1;0;0;1;1;0;0
1561;Fensterheber;0502262;13;0,0295;0;0;1;1;0;0;1;1;0;0
1561;Fensterheber;05034573;1;0,0023;0;0;0;0;0;0;0;0;0;0
1561;Fensterheber;0506263;9;0,0204;0;0;1;1;0;0;0;0;1;0
1561;Fensterheber;0506264;1;0,0023;0;0;1;1;0;0;0;0;1;0
1561;Fensterheber;0506265;2;0,0045;0;0;1;1;0;0;0;0;0;0
1561;Fensterheber;050807072;1;0,0023;0;0;0;0;0;0;0;0;0;0
1561;Fensterheber;05140031;1;0,0023;0;0;0;0;0;0;0;0;0;0
1561;Fensterheber;05261801;2;0,0045;0;0;0;1;0;0;0;0;1;0
1561;Fensterheber;05501103;1;0,0023;0;0;1;1;1;1;1;0;0;1
1561;Fensterheber;05501105;2;0,0045;0;0;0;1;0;0;0;1;0;0
1561;Fensterheber;0550261;2;0,0045;0;0;1;1;0;0;0;0;0;0
1561;Fensterheber;0550262;1;0,0023;0;0;1;1;0;0;0;0;0;0
1561;Fensterheber;05684323;1;0,0023;0;0;0;0;0;0;0;0;0;0
1561;Fensterheber;058008;4;0,0091;0;0;0;0;0;0;0;0;0;0
1561;Fensterheber;059707081;1;0,0023;0;0;0;0;0;0;0;0;0;0
1561;Fensterheber;060164;1;0,0023;0;0;0;0;0;0;0;0;0;0
1561;Fensterheber;060174;1;0,0023;0;0;0;0;0;0;0;0;0;0
1561;Fensterheber;060175;1;0,0023;0;0;0;0;0;0;0;0;0;0
1561;Fensterheber;0618261;1;0,0023;0;0;1;0;0;0;0;0;0;0
1561;Fensterheber;0628262;1;0,0023;0;0;1;0;1;1;0;1;1;1
1561;Fensterheber;0628263;15;0,0341;0;0;1;1;1;1;1;0;1;1
1561;Fensterheber;0628264;17;0,0386;0;0;1;1;1;1;1;0;1;1
1561;Fensterheber;0628265;11;0,025;0;0;1;1;0;0;0;1;1;0
1561;Fensterheber;0628265VAN;1;0,0023;0;0;0;0;0;0;0;0;0;0
1561;Fensterheber;0628266;8;0,0182;0;0;1;1;0;0;0;1;1;0
1561;Fensterheber;0628268;1;0,0023;0;0;1;1;0;1;0;0;0;0
1561;Fensterheber;063307062;1;0,0023;0;0;0;0;0;0;0;0;0;0
1561;Fensterheber;0633261;9;0,0204;0;0;1;1;0;1;0;1;0;0
1561;Fensterheber;0633262;1;0,0023;0;0;1;1;0;1;0;1;0;0
1561;Fensterheber;0633265;11;0,025;0;0;1;1;0;0;0;0;1;0
1561;Fensterheber;0633266;5;0,0114;0;0;1;1;0;0;0;0;1;0
1561;Fensterheber;0633267;1;0,0023;0;0;1;1;0;1;0;0;0;0
1561;Fensterheber;0639261;3;0,0068;0;0;1;1;1;1;0;1;0;1
1561;Fensterheber;0639261VAN;1;0,0023;0;0;0;0;0;0;0;0;0;0
1561;Fensterheber;0639261VWA;1;0,0023;0;0;0;0;0;0;0;0;0;0
1561;Fensterheber;0639262;2;0,0045;0;0;1;1;1;1;0;1;0;1
1561;Fensterheber;0639262VWA;1;0,0023;0;0;0;0;0;0;0;0;0;0
1561;Fensterheber;0639263;5;0,0114;1;0;1;1;0;1;0;1;0;1
1561;Fensterheber;0639264;8;0,0182;1;0;1;1;0;1;0;1;0;1
1561;Fensterheber;0639265;4;0,0091;0;0;1;0;0;0;0;1;0;1
1561;Fensterheber;0639266;1;0,0023;0;0;1;0;0;0;0;1;0;1
1561;Fensterheber;0639267;3;0,0068;0;0;1;1;0;1;0;0;0;0
1561;Fensterheber;0640265;6;0,0136;0;0;1;1;0;1;1;1;0;1
1561;Fensterheber;0640266;5;0,0114;0;0;1;1;0;1;1;1;0;1
1561;Fensterheber;0642261;3;0,0068;0;0;1;0;0;0;0;1;0;0
1561;Fensterheber;0642262;1;0,0023;0;0;1;0;0;0;0;0;0;0
1561;Fensterheber;0646261;2;0,0045;0;0;1;1;1;0;0;1;1;1
1561;Fensterheber;0646262;1;0,0023;0;0;1;1;1;0;0;0;1;1
1561;Fensterheber;0646263;3;0,0068;0;0;1;1;1;1;0;0;1;1
1561;Fensterheber;0646264;3;0,0068;0;0;1;1;1;1;0;1;1;1
1561;Fensterheber;0646265;16;0,0363;0;0;1;1;1;0;0;1;1;1
1561;Fensterheber;0646266;12;0,0273;0;0;1;1;1;0;1;1;1;1
1561;Fensterheber;0646267;3;0,0068;0;0;1;1;1;1;1;1;1;1
1561;Fensterheber;0646268;5;0,0114;0;0;1;1;1;1;1;1;1;1
1561;Fensterheber;0647263;2;0,0045;0;0;1;1;0;0;0;0;0;0
1561;Fensterheber;0647264;3;0,0068;0;0;1;1;0;0;0;0;0;0
1561;Fensterheber;0648265;2;0,0045;0;0;1;1;0;0;0;1;0;1
1561;Fensterheber;0648265VWA;2;0,0045;0;0;0;0;0;0;0;0;0;0
1561;Fensterheber;0648266;1;0,0023;0;0;1;1;0;0;0;1;0;1
1561;Fensterheber;06483604;1;0,0023;0;0;0;0;0;0;0;0;0;0
1561;Fensterheber;0650261;1;0,0023;0;0;1;0;0;0;0;0;0;0
1561;Fensterheber;0652261;1;0,0023;0;0;1;0;0;0;0;1;0;0
1561;Fensterheber;0655262;1;0,0023;0;0;1;0;0;0;1;1;0;1
1561;Fensterheber;0655263;4;0,0091;0;0;1;1;0;0;1;1;0;1
1561;Fensterheber;0655264;2;0,0045;0;0;1;1;0;0;1;1;0;1
1561;Fensterheber;0657261;1;0,0023;0;0;1;1;1;1;1;1;1;1
1561;Fensterheber;0657263;19;0,0432;0;0;1;1;1;1;1;1;1;1
1561;Fensterheber;0657264;22;0,05;0;0;1;1;1;1;1;0;1;1
1561;Fensterheber;0657267;2;0,0045;0;0;1;1;0;1;0;0;0;0
1561;Fensterheber;0657268;2;0,0045;0;0;1;1;0;1;0;0;0;0
1561;Fensterheber;0670261;4;0,0091;0;0;1;1;0;1;0;0;1;0
1561;Fensterheber;0670262;3;0,0068;0;0;1;1;0;1;0;0;1;0
1561;Fensterheber;0670265;1;0,0023;0;0;1;1;0;1;0;0;1;0
1561;Fensterheber;0670266;1;0,0023;0;0;1;1;0;1;0;0;1;0
1561;Fensterheber;0672261;1;0,0023;0;0;1;1;0;0;0;0;0;0
1561;Fensterheber;067226236;2;0,0045;0;0;0;0;0;0;0;0;0;0
1561;Fensterheber;0678264;2;0,0045;0;0;1;0;0;1;0;1;1;0
1561;Fensterheber;0680261;3;0,0068;0;0;1;1;1;0;1;0;1;1
1561;Fensterheber;0680262;1;0,0023;0;0;1;1;1;0;1;0;1;1
1561;Fensterheber;0680263;7;0,0159;0;0;1;1;1;1;1;0;1;1
1561;Fensterheber;0680264;6;0,0136;0;0;1;1;1;1;1;0;1;1
1561;Fensterheber;0682261;3;0,0068;0;0;1;1;0;0;0;1;0;0
1561;Fensterheber;0682261VWA;1;0,0023;0;0;0;0;0;0;0;0;0;0
1561;Fensterheber;0682262;1;0,0023;0;0;1;1;0;0;0;1;0;0
1561;Fensterheber;0685261;5;0,0114;0;0;1;1;0;1;0;1;0;1
1561;Fensterheber;0685262;1;0,0023;0;0;1;1;0;1;0;1;0;1
1561;Fensterheber;0685264;2;0,0045;0;0;1;1;0;1;1;0;0;1
1561;Fensterheber;0687264;1;0,0023;0;0;1;0;0;0;0;1;0;0
1561;Fensterheber;0733261;1;0,0023;0;0;1;0;1;0;0;1;1;1
1561;Fensterheber;0761729484860;1;0,0023;0;0;0;0;0;0;0;0;0;0
1561;Fensterheber;077843;1;0,0023;0;0;0;0;0;0;0;0;0;0
1561;Fensterheber;077844;3;0,0068;0;0;0;0;0;0;0;0;0;0
1561;Fensterheber;077850;1;0,0023;0;0;0;0;0;0;0;0;0;0
1561;Fensterheber;077851;10;0,0227;0;0;0;0;0;0;0;0;0;0
1561;Fensterheber;0807261;1;0,0023;0;0;1;0;1;0;0;1;1;0
1561;Fensterheber;0820261;1;0,0023;1;0;1;0;0;0;0;0;0;0
1561;Fensterheber;0820262;1;0,0023;1;0;1;0;0;0;0;0;0;0
1561;Fensterheber;08927939;1;0,0023;0;0;0;0;0;0;0;0;0;0
1561;Fensterheber;0903231;2;0,0045;0;0;1;1;1;1;1;0;1;1
1561;Fensterheber;0903261;12;0,0273;0;0;1;1;1;0;1;1;1;1
1561;Fensterheber;0903261VAN;1;0,0023;0;0;0;0;0;0;0;0;0;0
1561;Fensterheber;0903262;1;0,0023;0;0;1;1;1;0;1;1;1;1
1561;Fensterheber;0903265;8;0,0182;0;0;1;1;0;0;0;1;1;0
1561;Fensterheber;0903266;2;0,0045;0;0;1;1;0;0;0;1;1;0
1561;Fensterheber;0905261;1;0,0023;0;0;1;0;1;0;0;0;1;0
1561;Fensterheber;0905262;1;0,0023;0;0;1;0;1;0;0;0;1;0
1561;Fensterheber;0905263;12;0,0273;0;0;1;0;0;0;0;1;0;0
1561;Fensterheber;0905263VAN;1;0,0023;0;0;0;0;0;0;0;0;0;0
1561;Fensterheber;0910261;2;0,0045;0;0;1;1;1;1;0;1;1;1
1561;Fensterheber;0910262;2;0,0045;0;0;1;1;1;1;0;1;1;1
1561;Fensterheber;0910263;1;0,0023;0;0;1;1;0;1;0;1;1;0
1561;Fensterheber;0910263VWA;1;0,0023;0;0;0;0;0;0;0;0;0;0
1561;Fensterheber;0910331261;1;0,0023;0;0;0;0;0;0;0;0;0;0
1561;Fensterheber;0910628265;1;0,0023;0;0;0;0;0;0;0;0;0;0
1561;Fensterheber;091850925;1;0,0023;0;0;0;0;0;0;0;0;0;0
1561;Fensterheber;092028102;1;0,0023;0;0;0;0;0;0;0;0;0;0
1561;Fensterheber;0925261;4;0,0091;0;0;1;1;1;0;1;0;1;1
1561;Fensterheber;0925265;1;0,0023;0;0;1;1;0;0;0;0;0;0
1561;Fensterheber;09266547;1;0,0023;0;0;0;0;0;0;0;0;0;0
1561;Fensterheber;0929262VAN;2;0,0045;0;0;0;0;0;0;0;0;0;0
1561;Fensterheber;0945262;1;0,0023;0;0;1;0;1;0;0;1;1;1
1561;Fensterheber;0947261;5;0,0114;0;0;1;1;1;0;0;1;1;1
1561;Fensterheber;0947261VAN;1;0,0023;0;0;0;0;0;0;0;0;0;0
1561;Fensterheber;0947261VWA;1;0,0023;0;0;0;0;0;0;0;0;0;0
1561;Fensterheber;0947262;1;0,0023;0;0;1;1;1;0;0;1;1;1
1561;Fensterheber;0956261;1;0,0023;0;0;1;0;1;0;0;0;1;1
1561;Fensterheber;0957265;1;0,0023;0;0;1;0;0;0;0;0;1;1
1561;Fensterheber;0963261;1;0,0023;0;0;1;1;0;0;0;0;1;0
1561;Fensterheber;0963262;3;0,0068;0;0;1;1;0;0;0;0;1;0
1561;Fensterheber;0963264;1;0,0023;0;0;1;0;1;0;0;1;1;0
1561;Fensterheber;0972261;1;0,0023;0;0;1;1;1;0;0;0;1;1
1561;Fensterheber;0975261;3;0,0068;0;0;1;1;1;0;0;1;1;0
1561;Fensterheber;0975262;1;0,0023;0;0;1;1;1;0;0;1;1;0
1561;Fensterheber;0981261;4;0,0091;0;0;1;0;1;0;1;1;1;1
1561;Fensterheber;0981262;3;0,0068;0;0;1;0;1;0;1;1;1;1
1561;Fensterheber;0981263;4;0,0091;0;0;1;0;0;0;0;1;1;0
1561;Fensterheber;0981264;1;0,0023;0;0;1;0;0;0;0;1;0;0
1561;Fensterheber;0982261;4;0,0091;0;0;1;0;0;0;0;0;1;0
1561;Fensterheber;0982261VAN;1;0,0023;0;0;0;0;0;0;0;0;0;0
1561;Fensterheber;0982262;5;0,0114;0;0;1;0;0;0;0;0;1;0
1561;Fensterheber;0K30C58560B;1;0,0023;1;1;0;0;1;0;0;0;0;1
1561;Fensterheber;0K30C59560B;4;0,0091;1;1;0;0;1;0;0;0;0;1
1561;Fensterheber;100003;3;0,0068;1;1;0;1;1;0;1;1;1;1
1561;Fensterheber;100005;1;0,0023;1;1;0;0;1;0;0;1;1;1
1561;Fensterheber;100007;5;0,0114;1;1;0;1;1;1;1;1;1;1
1561;Fensterheber;100010010;1;0,0023;0;0;0;1;0;0;0;0;0;0
1561;Fensterheber;100013;1;0,0023;1;1;0;1;1;0;1;1;1;1
1561;Fensterheber;100014;1;0,0023;1;1;0;1;1;0;0;1;1;1
1561;Fensterheber;100019;2;0,0045;1;1;0;1;1;1;1;1;1;1
1561;Fensterheber;100020;2;0,0045;1;1;0;1;1;1;1;1;1;1
1561;Fensterheber;100021;3;0,0068;1;1;0;1;1;0;1;1;1;1
1561;Fensterheber;100024710;1;0,0023;0;0;0;1;0;1;1;0;0;0
1561;Fensterheber;100025;1;0,0023;1;1;0;1;1;1;1;1;1;1
1561;Fensterheber;100048;1;0,0023;1;1;0;1;1;1;1;1;1;1
1561;Fensterheber;100071;2;0,0045;1;1;0;1;1;1;1;1;1;1
1561;Fensterheber;100072;2;0,0045;1;1;0;1;1;1;1;1;1;1
1561;Fensterheber;100073;3;0,0068;1;1;0;1;1;1;1;1;1;1
1561;Fensterheber;100074;3;0,0068;1;1;0;1;1;1;1;1;1;1
1561;Fensterheber;100075;1;0,0023;1;1;0;1;1;0;1;1;1;1
1561;Fensterheber;100076;1;0,0023;1;1;0;1;1;0;1;1;1;1
1561;Fensterheber;100077;3;0,0068;1;1;0;1;1;1;1;1;1;1
1561;Fensterheber;100079;4;0,0091;1;1;0;1;1;0;1;1;1;1
1561;Fensterheber;100080;1;0,0023;1;1;0;1;1;0;1;1;1;1
1561;Fensterheber;100095;1;0,0023;1;1;0;1;1;0;0;1;1;1
1561;Fensterheber;1001084822;1;0,0023;0;0;0;0;0;0;0;0;0;0
1561;Fensterheber;1001119578;1;0,0023;0;0;0;0;0;0;0;0;0;0
1561;Fensterheber;1001200051;1;0,0023;0;0;0;0;0;0;0;0;0;0
1561;Fensterheber;1001306672;1;0,0023;0;0;0;0;0;0;0;0;0;0
1561;Fensterheber;100131;1;0,0023;1;1;0;1;1;1;0;1;1;1
1561;Fensterheber;100137;1;0,0023;1;1;0;0;1;0;0;1;1;1
1561;Fensterheber;100144;2;0,0045;1;1;0;1;1;0;0;1;1;1
1561;Fensterheber;100151;2;0,0045;1;1;0;1;1;0;1;1;1;1
1561;Fensterheber;100152;1;0,0023;1;1;0;1;1;0;1;1;1;1
1561;Fensterheber;100155;1;0,0023;1;1;0;0;1;0;1;1;1;1
1561;Fensterheber;1001664;1;0,0023;0;0;0;1;0;1;0;0;0;0
1561;Fensterheber;100173;1;0,0023;1;1;0;1;1;0;0;1;1;1
1561;Fensterheber;100201;1;0,0023;1;1;0;0;1;0;0;1;1;1
1561;Fensterheber;1002186;1;0,0023;0;0;0;0;0;1;0;0;0;0
1561;Fensterheber;100230;1;0,0023;1;1;0;1;1;0;1;1;1;1
1561;Fensterheber;100231;4;0,0091;1;1;0;1;1;0;0;1;1;1
1561;Fensterheber;100232;1;0,0023;1;1;0;1;1;0;0;1;1;1
1561;Fensterheber;100237;1;0,0023;1;1;0;0;1;0;0;1;1;1
1561;Fensterheber;100280;1;0,0023;0;1;0;0;1;0;0;1;1;1
1561;Fensterheber;100288;1;0,0023;1;1;0;1;1;0;1;1;1;1
1561;Fensterheber;100301;2;0,0045;1;1;0;0;1;0;1;1;1;1
1561;Fensterheber;100302;2;0,0045;1;1;0;0;1;0;1;1;1;1
1561;Fensterheber;100303;1;0,0023;1;1;0;0;1;0;1;1;1;1
1561;Fensterheber;100304;2;0,0045;1;1;0;0;1;0;1;1;1;1
1561;Fensterheber;100305;4;0,0091;1;1;0;1;1;0;1;1;1;1
1561;Fensterheber;100306;1;0,0023;1;1;0;1;1;0;1;1;1;1
1561;Fensterheber;100395;2;0,0045;1;1;0;0;1;0;0;1;1;1
1561;Fensterheber;100396;1;0,0023;1;1;0;0;1;0;0;1;1;1
1561;Fensterheber;100437;1;0,0023;1;1;0;1;1;0;1;1;1;1
1561;Fensterheber;100438;1;0,0023;1;1;0;1;1;0;1;1;1;1
1561;Fensterheber;100445;2;0,0045;1;1;0;0;1;0;0;1;1;1
1561;Fensterheber;100463;1;0,0023;0;1;0;0;1;0;0;1;1;1
1561;Fensterheber;100492;3;0,0068;0;1;0;0;1;1;1;1;1;1
1561;Fensterheber;100492FEBI;1;0,0023;0;0;0;0;0;0;0;0;0;0
1561;Fensterheber;100493;4;0,0091;1;1;0;0;0;1;1;1;1;0
1561;Fensterheber;100509;1;0,0023;1;1;0;1;1;0;1;1;1;1
1561;Fensterheber;100529;1;0,0023;1;1;0;0;1;0;0;1;1;1
1561;Fensterheber;100532;1;0,0023;1;1;0;0;1;0;0;1;1;1
1561;Fensterheber;100551;1;0,0023;1;1;0;0;1;0;0;1;1;1
1561;Fensterheber;100555;1;0,0023;1;1;0;0;1;1;1;1;1;1
1561;Fensterheber;100556;2;0,0045;1;1;0;0;1;1;1;1;1;1
1561;Fensterheber;100557;1;0,0023;1;1;0;0;1;0;1;1;1;1
1561;Fensterheber;100558;1;0,0023;1;1;0;0;1;0;1;1;1;1
1561;Fensterheber;100591;3;0,0068;1;1;0;1;1;0;1;1;1;1
1561;Fensterheber;100592;4;0,0091;1;1;0;1;1;0;1;1;1;1
1561;Fensterheber;100595;6;0,0136;1;1;0;1;1;0;0;1;1;1
1561;Fensterheber;100596;8;0,0182;1;1;0;1;1;0;0;1;1;1
1561;Fensterheber;100604;1;0,0023;1;1;0;1;1;0;0;1;1;1
1561;Fensterheber;100625;3;0,0068;1;1;0;1;1;0;1;1;1;1
1561;Fensterheber;100637;1;0,0023;1;1;0;1;1;0;0;1;1;1
1561;Fensterheber;100677;1;0,0023;1;1;0;1;1;1;1;1;1;1
1561;Fensterheber;100678;1;0,0023;1;1;0;1;1;1;1;1;1;1
1561;Fensterheber;100695;3;0,0068;0;1;0;1;1;1;1;1;1;1
1561;Fensterheber;100697;1;0,0023;1;1;0;0;1;1;1;1;1;1
1561;Fensterheber;100698;1;0,0023;1;1;0;0;1;1;1;1;1;1
1561;Fensterheber;100765;1;0,0023;1;1;0;1;1;0;1;1;1;1
1561;Fensterheber;100766;1;0,0023;1;1;0;1;1;0;1;1;1;1
1561;Fensterheber;100784;1;0,0023;1;1;0;1;1;0;1;1;1;1
1561;Fensterheber;100791;1;0,0023;1;1;0;1;1;1;1;1;1;1
1561;Fensterheber;100792;2;0,0045;1;1;0;1;1;1;1;1;1;1
1561;Fensterheber;100794;1;0,0023;1;1;0;0;1;0;1;1;1;1
1561;Fensterheber;100796;1;0,0023;1;1;0;1;1;0;0;1;1;1
1561;Fensterheber;100799;1;0,0023;1;1;0;1;1;1;1;1;1;1
1561;Fensterheber;100800;3;0,0068;1;1;0;1;1;1;1;1;1;1
1561;Fensterheber;100801;1;0,0023;1;1;0;1;1;1;1;1;1;1
1561;Fensterheber;100804;1;0,0023;1;1;0;1;1;1;1;1;1;1
1561;Fensterheber;100809;1;0,0023;1;1;0;1;1;0;0;1;1;1
1561;Fensterheber;100810;1;0,0023;1;1;0;1;1;0;0;1;1;1
1561;Fensterheber;100817;2;0,0045;1;1;0;0;1;0;0;1;1;1
1561;Fensterheber;100832;1;0,0023;1;1;0;0;1;0;0;1;1;1
1561;Fensterheber;100834;2;0,0045;1;1;0;1;1;0;0;1;1;1
1561;Fensterheber;1008370004;1;0,0023;0;0;0;1;0;0;1;0;0;0
1561;Fensterheber;100838;2;0,0045;1;1;0;0;1;0;0;1;1;1
1561;Fensterheber;100843;2;0,0045;1;1;0;1;1;1;1;1;1;1
1561;Fensterheber;100845;3;0,0068;1;1;0;0;1;1;1;1;1;1
1561;Fensterheber;100846;1;0,0023;1;1;0;0;1;1;1;1;1;1
1561;Fensterheber;100847;1;0,0023;1;1;0;1;1;0;1;1;1;1
1561;Fensterheber;100848;1;0,0023;1;1;0;1;1;0;1;1;1;1
1561;Fensterheber;100853;1;0,0023;1;1;0;0;1;0;1;1;1;1
1561;Fensterheber;100855;4;0,0091;1;1;0;0;1;1;1;1;1;1
1561;Fensterheber;100856;3;0,0068;1;1;0;0;1;1;1;1;1;1
1561;Fensterheber;100864;1;0,0023;1;1;0;1;1;1;1;1;1;1
1561;Fensterheber;10086495;1;0,0023;0;0;0;0;0;0;0;0;0;0
1561;Fensterheber;10086554;1;0,0023;0;0;0;0;0;0;0;0;0;0
1561;Fensterheber;10086602;1;0,0023;0;0;0;0;0;0;0;0;0;0
1561;Fensterheber;10086736;1;0,0023;0;0;0;0;0;0;0;0;0;0
1561;Fensterheber;10086756;4;0,0091;0;0;0;0;0;0;0;0;0;0
1561;Fensterheber;10086780;2;0,0045;0;0;0;0;0;0;0;0;0;0
1561;Fensterheber;10086787;3;0,0068;0;0;0;0;0;0;0;0;0;0
1561;Fensterheber;10086790;1;0,0023;0;0;0;0;0;0;0;0;0;0
1561;Fensterheber;100924;1;0,0023;1;1;0;0;1;0;0;1;1;1
1561;Fensterheber;10094171;1;0,0023;0;0;0;0;0;0;0;0;0;0
1561;Fensterheber;10094188;2;0,0045;0;0;0;0;0;0;0;0;0;0
1561;Fensterheber;10097935;1;0,0023;0;0;0;0;0;0;0;0;0;0
1561;Fensterheber;10097936;1;0,0023;0;0;0;0;0;0;0;0;0;0
1561;Fensterheber;10097943;1;0,0023;0;0;0;0;0;0;0;0;0;0
1561;Fensterheber;10097948;1;0,0023;0;0;0;0;0;0;0;0;0;0
1561;Fensterheber;10097955;2;0,0045;0;0;0;0;0;0;0;0;0;0
1561;Fensterheber;10097961;1;0,0023;0;0;0;0;0;0;0;0;0;0
1561;Fensterheber;10097963;1;0,0023;0;0;0;0;0;0;0;0;0;0
1561;Fensterheber;10097980;1;0,0023;0;0;0;0;0;0;0;0;0;0
1561;Fensterheber;10097982;2;0,0045;0;0;0;0;0;0;0;0;0;0
1561;Fensterheber;10098043;1;0,0023;0;0;0;0;0;0;0;0;0;0
1561;Fensterheber;10098045;1;0,0023;0;0;0;0;0;0;0;0;0;0
1561;Fensterheber;10098061;1;0,0023;0;0;0;0;0;0;0;0;0;0
1561;Fensterheber;10098090;2;0,0045;0;0;0;0;0;0;0;0;0;0
1561;Fensterheber;10098097;1;0,0023;0;0;0;0;0;0;0;0;0;0
1561;Fensterheber;10098107;2;0,0045;0;0;0;0;0;0;0;0;0;0
1561;Fensterheber;10098108;1;0,0023;0;0;0;0;0;0;0;0;0;0
1561;Fensterheber;10098121;3;0,0068;0;0;0;0;0;0;0;0;0;0
1561;Fensterheber;10098147;1;0,0023;0;0;0;0;0;0;0;0;0;0
1561;Fensterheber;10098149;2;0,0045;0;0;0;0;0;0;0;0;0;0
1561;Fensterheber;10098150;1;0,0023;0;0;0;0;0;0;0;0;0;0
1561;Fensterheber;10098177;2;0,0045;0;0;0;0;0;0;0;0;0;0
1561;Fensterheber;10098178;1;0,0023;0;0;0;0;0;0;0;0;0;0
1561;Fensterheber;10098179;1;0,0023;0;0;0;0;0;0;0;0;0;0
1561;Fensterheber;10098184;1;0,0023;0;0;0;0;0;0;0;0;0;0
1561;Fensterheber;10098210;1;0,0023;0;0;0;0;0;0;0;0;0;0
1561;Fensterheber;10098211;1;0,0023;0;0;0;0;0;0;0;0;0;0
1561;Fensterheber;10098212;1;0,0023;0;0;0;0;0;0;0;0;0;0
1561;Fensterheber;10098221;1;0,0023;0;0;0;0;0;0;0;0;0;0
1561;Fensterheber;10098236;1;0,0023;0;0;0;0;0;0;0;0;0;0
1561;Fensterheber;10098253;5;0,0114;0;0;0;0;0;0;0;0;0;0
1561;Fensterheber;10098255;3;0,0068;0;0;0;0;0;0;0;0;0;0
1561;Fensterheber;10098265;1;0,0023;0;0;0;0;0;0;0;0;0;0
1561;Fensterheber;10098284;1;0,0023;0;0;0;0;0;0;0;0;0;0
1561;Fensterheber;10098296;1;0,0023;0;0;0;0;0;0;0;0;0;0
1561;Fensterheber;10098332;1;0,0023;0;0;0;0;0;0;0;0;0;0
1561;Fensterheber;10098347;2;0,0045;0;0;0;0;0;0;0;0;0;0
1561;Fensterheber;10098353;1;0,0023;0;0;0;0;0;0;0;0;0;0
1561;Fensterheber;10098354;1;0,0023;0;0;0;0;0;0;0;0;0;0
1561;Fensterheber;10098355;2;0,0045;0;0;0;0;0;0;0;0;0;0
1561;Fensterheber;101011;1;0,0023;1;1;0;0;1;0;1;1;1;1
1561;Fensterheber;101015;1;0,0023;1;1;0;1;1;0;1;1;1;1
1561;Fensterheber;10101557;1;0,0023;0;0;0;0;0;0;0;0;0;0
1561;Fensterheber;101016;1;0,0023;1;1;0;1;1;0;1;1;1;1
1561;Fensterheber;10101621;1;0,0023;0;0;0;0;0;0;0;0;0;0
1561;Fensterheber;10101652;2;0,0045;0;0;0;0;0;0;0;0;0;0
1561;Fensterheber;10101666;1;0,0023;0;0;0;0;0;0;0;0;0;0
1561;Fensterheber;10101669;2;0,0045;0;0;0;0;0;0;0;0;0;0
1561;Fensterheber;10101679;1;0,0023;0;0;0;0;0;0;0;0;0;0
1561;Fensterheber;10101703;1;0,0023;0;0;0;0;0;0;0;0;0;0
1561;Fensterheber;10101704;1;0,0023;0;0;0;0;0;0;0;0;0;0
1561;Fensterheber;10101705;1;0,0023;0;0;0;0;0;0;0;0;0;0
1561;Fensterheber;10101706;2;0,0045;0;0;0;0;0;0;0;0;0;0
1561;Fensterheber;10101713;4;0,0091;0;0;0;0;0;0;0;0;0;0
1561;Fensterheber;10101739;2;0,0045;0;0;0;0;0;0;0;0;0;0
1561;Fensterheber;10101742;1;0,0023;0;0;0;0;0;0;0;0;0;0
1561;Fensterheber;10101745;7;0,0159;0;0;0;0;0;0;0;0;0;0
1561;Fensterheber;10101747;1;0,0023;0;0;0;0;0;0;0;0;0;0
1561;Fensterheber;10101756;2;0,0045;0;0;0;0;0;0;0;0;0;0
1561;Fensterheber;10101757;3;0,0068;0;0;0;0;0;0;0;0;0;0
1561;Fensterheber;10101762;3;0,0068;0;0;0;0;0;0;0;0;0;0
1561;Fensterheber;10101763;1;0,0023;0;0;0;0;0;0;0;0;0;0
1561;Fensterheber;10101775;1;0,0023;0;0;0;0;0;0;0;0;0;0
1561;Fensterheber;10101776;1;0,0023;0;0;0;0;0;0;0;0;0;0
1561;Fensterheber;10101780;1;0,0023;0;0;0;0;0;0;0;0;0;0
1561;Fensterheber;10101791;1;0,0023;0;0;0;0;0;0;0;0;0;0
1561;Fensterheber;10101819;1;0,0023;0;0;0;0;0;0;0;0;0;0
1561;Fensterheber;10102811;1;0,0023;0;0;0;0;0;0;0;0;0;0
1561;Fensterheber;101029;1;0,0023;0;1;0;1;1;0;1;1;1;1
1561;Fensterheber;101037;1;0,0023;1;1;0;0;0;0;1;1;0;1
1561;Fensterheber;101049;1;0,0023;1;1;0;1;0;1;0;1;1;0
1561;Fensterheber;101050;1;0,0023;1;1;0;1;1;0;1;1;1;1
1561;Fensterheber;101051;4;0,0091;1;1;0;1;1;0;1;1;1;1
1561;Fensterheber;101054;1;0,0023;1;1;0;1;1;0;0;1;1;1
1561;Fensterheber;10105988;1;0,0023;0;0;0;0;0;0;0;0;0;0
1561;Fensterheber;101068;1;0,0023;1;1;0;0;1;0;0;1;1;1
1561;Fensterheber;10109088;1;0,0023;0;0;0;0;0;0;0;0;0;0
1561;Fensterheber;101108;1;0,0023;1;1;0;1;0;1;1;1;1;1
1561;Fensterheber;101110;2;0,0045;1;1;0;0;1;0;0;1;1;1
1561;Fensterheber;101121;2;0,0045;1;1;0;1;1;1;1;1;1;1
1561;Fensterheber;101122;1;0,0023;1;1;0;1;1;1;1;1;1;1
1561;Fensterheber;101124;1;0,0023;1;1;0;1;1;1;0;1;1;1
1561;Fensterheber;10112421;2;0,0045;0;0;0;0;0;0;0;0;0;0
1561;Fensterheber;101129;1;0,0023;1;1;0;1;1;0;1;1;1;1
1561;Fensterheber;101132;1;0,0023;0;1;0;1;1;1;1;1;1;1
1561;Fensterheber;101138;1;0,0023;0;1;0;1;0;0;0;1;0;0
1561;Fensterheber;101141;1;0,0023;0;1;0;1;1;1;1;1;1;1
1561;Fensterheber;101153;1;0,0023;1;1;0;1;1;0;1;1;1;1
1561;Fensterheber;101159;1;0,0023;1;1;0;0;1;1;0;1;1;1
1561;Fensterheber;101162;1;0,0023;1;1;0;0;1;0;0;1;1;1
1561;Fensterheber;10117465;1;0,0023;0;0;0;0;0;0;0;0;0;0
1561;Fensterheber;10117466;1;0,0023;0;0;0;0;0;0;0;0;0;0
1561;Fensterheber;101179;1;0,0023;1;1;0;0;1;0;0;1;1;1
1561;Fensterheber;101187;3;0,0068;1;1;0;1;1;0;1;1;1;0
1561;Fensterheber;101189;1;0,0023;1;1;0;1;1;0;0;1;1;1
1561;Fensterheber;1011920;1;0,0023;0;0;0;0;0;0;0;0;0;0
1561;Fensterheber;101198;1;0,0023;1;1;0;1;1;0;0;1;1;1
1561;Fensterheber;101202;1;0,0023;1;1;0;1;1;0;1;1;1;1
1561;Fensterheber;101237;1;0,0023;1;1;0;0;1;0;1;1;1;1
1561;Fensterheber;101255;3;0,0068;1;1;0;1;1;1;0;1;1;1
1561;Fensterheber;101262;2;0,0045;1;1;0;1;1;0;1;1;1;1
1561;Fensterheber;101273;3;0,0068;1;1;0;1;1;1;1;1;1;1
1561;Fensterheber;101279;3;0,0068;1;1;0;0;1;0;1;1;1;1
1561;Fensterheber;101280;1;0,0023;1;1;0;0;1;0;1;1;1;1
1561;Fensterheber;101290;1;0,0023;1;0;0;0;0;0;0;1;1;1
1561;Fensterheber;101308;2;0,0045;1;1;0;1;1;1;1;1;1;1
1561;Fensterheber;101328;1;0,0023;0;1;0;1;1;0;0;1;1;1
1561;Fensterheber;101337;1;0,0023;1;1;0;1;1;1;1;1;1;1
1561;Fensterheber;101338;1;0,0023;1;1;0;1;1;1;1;1;1;1
1561;Fensterheber;101345;2;0,0045;0;1;0;0;0;0;0;1;1;1
1561;Fensterheber;10134679;1;0,0023;0;0;0;0;0;0;0;0;0;0
1561;Fensterheber;10135741;1;0,0023;0;0;0;0;0;0;0;0;0;0
1561;Fensterheber;101373;1;0,0023;1;1;0;1;0;0;0;1;0;0
1561;Fensterheber;101377;2;0,0045;1;1;0;1;1;1;1;1;1;1
1561;Fensterheber;101378;2;0,0045;1;1;0;1;1;1;1;1;1;1
1561;Fensterheber;101384;2;0,0045;1;1;0;0;1;0;1;1;1;1
1561;Fensterheber;101390;1;0,0023;1;1;0;1;1;0;0;1;1;1
1561;Fensterheber;101403;3;0,0068;1;1;0;1;1;0;1;1;1;1
1561;Fensterheber;101410;1;0,0023;1;1;0;1;1;1;1;1;1;1
1561;Fensterheber;10143308;1;0,0023;0;0;0;0;0;0;0;0;0;0
1561;Fensterheber;101434;1;0,0023;1;1;0;1;1;0;1;1;1;1
1561;Fensterheber;101458;1;0,0023;1;1;0;0;1;0;1;1;1;1
1561;Fensterheber;101463;12;0,0273;1;1;0;1;1;0;1;1;1;1
1561;Fensterheber;10146321;1;0,0023;0;0;0;0;0;0;0;0;0;0
1561;Fensterheber;10146337;1;0,0023;0;0;0;0;0;0;0;0;0;0
1561;Fensterheber;101464;4;0,0091;1;1;0;1;1;0;1;1;1;1
1561;Fensterheber;101492;3;0,0068;1;1;0;0;1;0;0;1;1;0
1561;Fensterheber;101493;3;0,0068;1;1;0;1;1;1;1;1;1;1
1561;Fensterheber;101495;6;0,0136;1;1;0;1;1;1;1;1;1;1
1561;Fensterheber;101496;5;0,0114;1;1;0;1;1;1;1;1;1;1
1561;Fensterheber;10150222;1;0,0023;0;0;0;0;0;0;0;0;0;0
1561;Fensterheber;10151045;1;0,0023;0;0;0;0;0;0;0;0;0;0
1561;Fensterheber;101551;1;0,0023;1;1;0;1;1;0;0;1;1;0
1561;Fensterheber;101552;2;0,0045;1;1;0;1;1;0;1;1;1;0
1561;Fensterheber;101555;3;0,0068;1;1;0;1;1;0;0;1;1;1
1561;Fensterheber;10156507;1;0,0023;0;0;0;0;0;0;0;0;0;0
1561;Fensterheber;101569;1;0,0023;1;1;0;0;1;0;0;1;1;1
1561;Fensterheber;1015728;1;0,0023;0;0;0;0;0;0;0;0;0;0
1561;Fensterheber;10158825;1;0,0023;0;0;0;0;0;0;0;0;0;0
1561;Fensterheber;10160101;1;0,0023;0;0;0;0;0;0;0;0;0;0
1561;Fensterheber;10160331;2;0,0045;0;0;0;0;0;0;0;0;0;0
1561;Fensterheber;101631;2;0,0045;1;1;0;1;1;1;1;1;1;1
1561;Fensterheber;101633;1;0,0023;1;1;0;0;1;0;1;1;1;1
1561;Fensterheber;101634;1;0,0023;1;1;0;0;1;0;1;1;1;1
1561;Fensterheber;101636;2;0,0045;1;1;0;1;1;1;1;1;1;1
1561;Fensterheber;10166908;1;0,0023;0;0;0;0;0;0;0;0;0;0
1561;Fensterheber;10166913;3;0,0068;0;0;0;0;0;0;0;0;0;0
1561;Fensterheber;101685;2;0,0045;1;1;0;0;1;0;0;1;1;0
1561;Fensterheber;101686;1;0,0023;1;1;0;0;1;0;0;1;1;1
1561;Fensterheber;101688;1;0,0023;1;1;0;1;1;0;0;1;1;1
1561;Fensterheber;101693;1;0,0023;1;1;0;1;0;0;0;1;1;1
1561;Fensterheber;101709;5;0,0114;0;1;0;1;1;1;0;1;1;1
1561;Fensterheber;101710;6;0,0136;0;1;0;1;1;1;0;1;1;1
1561;Fensterheber;101733;2;0,0045;1;1;0;1;1;0;1;1;1;1
1561;Fensterheber;101741;4;0,0091;0;1;0;1;1;1;0;1;1;1
1561;Fensterheber;101742;3;0,0068;0;1;0;1;1;1;0;1;1;1
1561;Fensterheber;10174347;1;0,0023;0;0;0;0;0;0;0;0;0;0
1561;Fensterheber;10174349;1;0,0023;0;0;0;0;0;0;0;0;0;0
1561;Fensterheber;10174362;1;0,0023;0;0;0;0;0;0;0;0;0;0
1561;Fensterheber;10174369;1;0,0023;0;0;0;0;0;0;0;0;0;0
1561;Fensterheber;10174384;4;0,0091;0;0;0;0;0;0;0;0;0;0
1561;Fensterheber;10174392;1;0,0023;0;0;0;0;0;0;0;0;0;0
1561;Fensterheber;10174393;1;0,0023;0;0;0;0;0;0;0;0;0;0
1561;Fensterheber;101773;2;0,0045;1;1;0;1;1;0;0;1;1;1
1561;Fensterheber;101776;1;0,0023;0;0;0;1;1;1;0;1;0;0
1561;Fensterheber;10177991;2;0,0045;0;0;0;0;0;0;0;0;0;0
1561;Fensterheber;10177993;6;0,0136;0;0;0;0;0;0;0;0;0;0
1561;Fensterheber;10177999;1;0,0023;0;0;0;0;0;0;0;0;0;0
1561;Fensterheber;101781;2;0,0045;1;1;0;1;1;0;1;1;1;1
1561;Fensterheber;101782;1;0,0023;1;1;0;1;1;0;1;1;1;1
1561;Fensterheber;101811;3;0,0068;1;1;0;0;0;0;1;1;0;1
1561;Fensterheber;101813;2;0,0045;1;1;0;1;1;0;1;1;1;1
1561;Fensterheber;101814;1;0,0023;1;1;0;1;1;0;1;1;1;1
1561;Fensterheber;101904;1;0,0023;1;1;0;0;1;0;0;1;1;1
1561;Fensterheber;10191441;1;0,0023;0;0;0;0;0;0;0;0;0;0
1561;Fensterheber;101963;1;0,0023;1;1;0;0;0;0;0;1;0;1
1561;Fensterheber;101991;1;0,0023;0;1;0;1;1;0;0;1;0;1
1561;Fensterheber;102000;1;0,0023;1;1;0;1;1;0;0;1;1;1
1561;Fensterheber;102024;1;0,0023;1;1;0;1;1;1;1;1;1;0
1561;Fensterheber;102079;1;0,0023;1;1;0;0;0;0;0;1;0;1
1561;Fensterheber;102141;1;0,0023;1;1;0;1;0;0;1;1;0;1
1561;Fensterheber;102169;1;0,0023;0;1;0;1;1;0;1;1;1;1
1561;Fensterheber;102170;1;0,0023;0;1;0;1;1;0;1;1;1;1
1561;Fensterheber;102186;1;0,0023;0;1;0;1;1;0;0;1;1;0
1561;Fensterheber;102207;1;0,0023;1;1;0;1;1;0;0;1;0;1
1561;Fensterheber;102221;2;0,0045;0;1;0;1;1;0;0;1;0;0
1561;Fensterheber;102287;2;0,0045;1;1;0;1;1;0;0;1;0;1
1561;Fensterheber;102291;1;0,0023;0;0;0;0;0;0;0;1;0;0
1561;Fensterheber;102310;1;0,0023;1;1;0;1;0;0;0;1;1;1
1561;Fensterheber;102313;1;0,0023;0;1;0;1;0;0;0;1;0;0
1561;Fensterheber;102349;3;0,0068;0;1;0;1;1;1;1;1;1;1
1561;Fensterheber;102357;2;0,0045;0;0;0;1;1;1;1;1;1;0
1561;Fensterheber;102435;2;0,0045;1;1;0;0;0;0;0;1;0;0
1561;Fensterheber;102437;1;0,0023;1;1;0;0;1;0;0;1;0;0
1561;Fensterheber;102495;1;0,0023;0;0;0;0;0;0;0;0;0;0
1561;Fensterheber;102687;1;0,0023;1;1;0;0;0;0;0;1;0;1
1561;Fensterheber;102688;1;0,0023;1;1;0;0;0;0;0;1;0;1
1561;Fensterheber;102772;2;0,0045;0;1;0;0;0;0;1;1;0;0
1561;Fensterheber;102789;1;0,0023;0;0;0;0;0;1;0;1;0;0
1561;Fensterheber;102855;1;0,0023;0;0;0;1;0;0;0;1;1;0
1561;Fensterheber;102859;1;0,0023;0;1;0;1;0;0;0;1;0;0
1561;Fensterheber;102864;2;0,0045;0;1;0;0;0;0;0;1;0;0
1561;Fensterheber;1028654;1;0,0023;0;0;0;0;0;0;0;0;0;0
1561;Fensterheber;102870;1;0,0023;1;0;0;0;0;0;0;1;0;0
1561;Fensterheber;102875;1;0,0023;0;0;0;1;0;0;1;1;0;0
1561;Fensterheber;102885;29;0,0659;0;1;0;1;0;1;1;1;0;0
1561;Fensterheber;102885001;1;0,0023;0;0;0;0;0;0;0;0;0;0
1561;Fensterheber;102885CN6;1;0,0023;0;0;0;0;0;0;1;0;0;0
1561;Fensterheber;102886;41;0,0931;0;1;0;1;0;1;1;1;0;0
1561;Fensterheber;102886001;1;0,0023;0;0;0;0;0;0;0;0;0;0
1561;Fensterheber;102886TOR;1;0,0023;0;0;0;0;0;0;0;0;0;0
1561;Fensterheber;102887;19;0,0432;0;1;0;1;0;1;1;1;0;0
1561;Fensterheber;102888;7;0,0159;0;1;0;1;0;1;1;1;0;0
1561;Fensterheber;102945;1;0,0023;0;0;0;1;0;0;0;1;0;1
1561;Fensterheber;10296718;1;0,0023;0;0;0;0;0;0;0;0;0;0
1561;Fensterheber;102969;1;0,0023;1;0;0;0;0;0;0;1;0;0
1561;Fensterheber;102971;3;0,0068;0;0;0;0;0;0;0;1;1;0
1561;Fensterheber;10297255;1;0,0023;0;0;0;0;0;0;0;0;0;0
1561;Fensterheber;10297256;1;0,0023;0;0;0;0;0;0;0;0;0;0
1561;Fensterheber;102973;1;0,0023;0;0;0;0;0;0;0;1;0;0
1561;Fensterheber;10297372;1;0,0023;0;0;0;0;0;0;0;0;0;0
1561;Fensterheber;10297655;1;0,0023;0;0;0;0;0;0;0;0;0;0
1561;Fensterheber;102981;2;0,0045;0;1;0;1;0;0;0;1;0;0
1561;Fensterheber;10298397;2;0,0045;0;0;0;0;0;0;0;0;0;0
1561;Fensterheber;10298398;1;0,0023;0;0;0;0;0;0;0;0;0;0
1561;Fensterheber;10298795;1;0,0023;0;0;0;0;0;0;0;0;0;0
1561;Fensterheber;10298797;1;0,0023;0;0;0;0;0;0;0;0;0;0
1561;Fensterheber;10298798;1;0,0023;0;0;0;0;0;0;0;0;0;0
1561;Fensterheber;10298860;1;0,0023;0;0;0;0;0;0;0;0;0;0
1561;Fensterheber;102991;3;0,0068;0;0;0;1;0;0;1;1;0;0
1561;Fensterheber;102992;2;0,0045;0;0;0;1;0;0;0;1;0;0
1561;Fensterheber;10299264;1;0,0023;0;0;0;0;0;0;0;0;0;0
1561;Fensterheber;102993;1;0,0023;0;0;0;0;0;0;0;1;0;0
1561;Fensterheber;10299412;1;0,0023;0;0;0;0;0;0;0;0;0;0
1561;Fensterheber;10299621;1;0,0023;0;0;0;0;0;0;0;0;0;0
1561;Fensterheber;10299796;1;0,0023;0;0;0;0;0;0;0;0;0;0
1561;Fensterheber;10299797;2;0,0045;0;0;0;0;0;0;0;0;0;0
1561;Fensterheber;10299872;1;0,0023;0;0;0;0;0;0;0;0;0;0
1561;Fensterheber;10300260;2;0,0045;0;0;0;0;0;0;0;0;0;0
1561;Fensterheber;10300394;1;0,0023;0;0;0;0;0;0;0;0;0;0
1561;Fensterheber;10301080;1;0,0023;0;0;0;0;0;0;0;0;0;0
1561;Fensterheber;10301124;1;0,0023;0;0;0;0;0;0;0;0;0;0
1561;Fensterheber;10301127;1;0,0023;0;0;0;0;0;0;0;0;0;0
1561;Fensterheber;10301351;4;0,0091;0;0;0;0;0;0;0;0;0;0
1561;Fensterheber;10301978;1;0,0023;0;0;0;0;0;0;0;0;0;0
1561;Fensterheber;10302050;2;0,0045;0;0;0;0;0;0;0;0;0;0
1561;Fensterheber;103021;1;0,0023;0;0;0;1;1;0;0;1;1;0
1561;Fensterheber;10302140;3;0,0068;0;0;0;0;0;0;0;0;0;0
1561;Fensterheber;10302141;9;0,0204;0;0;0;0;0;0;0;0;0;0
1561;Fensterheber;10302142;2;0,0045;0;0;0;0;0;0;0;0;0;0
1561;Fensterheber;10302363;1;0,0023;0;0;0;0;0;0;0;0;0;0
1561;Fensterheber;10302368;1;0,0023;0;0;0;0;0;0;0;0;0;0
1561;Fensterheber;10302416;1;0,0023;0;0;0;0;0;0;0;0;0;0
1561;Fensterheber;10302603;1;0,0023;0;0;0;0;0;0;0;0;0;0
1561;Fensterheber;10302651;1;0,0023;0;0;0;0;0;0;0;0;0;0
1561;Fensterheber;10302667;2;0,0045;0;0;0;0;0;0;0;0;0;0
1561;Fensterheber;10302687;2;0,0045;0;0;0;0;0;0;0;0;0;0
1561;Fensterheber;10302690;2;0,0045;0;0;0;0;0;0;0;0;0;0
1561;Fensterheber;10302691;1;0,0023;0;0;0;0;0;0;0;0;0;0
1561;Fensterheber;10302745;2;0,0045;0;0;0;0;0;0;0;0;0;0
1561;Fensterheber;10302746;1;0,0023;0;0;0;0;0;0;0;0;0;0
1561;Fensterheber;10302747;1;0,0023;0;0;0;0;0;0;0;0;0;0
1561;Fensterheber;10302776;1;0,0023;0;0;0;0;0;0;0;0;0;0
1561;Fensterheber;10302860;4;0,0091;0;0;0;0;0;0;0;0;0;0
1561;Fensterheber;10302862;3;0,0068;0;0;0;0;0;0;0;0;0;0
1561;Fensterheber;10302863;2;0,0045;0;0;0;0;0;0;0;0;0;0
1561;Fensterheber;10302937;1;0,0023;0;0;0;0;0;0;0;0;0;0
1561;Fensterheber;103074;1;0,0023;0;1;0;0;1;0;0;1;0;0
1561;Fensterheber;103082;1;0,0023;0;0;0;0;0;0;0;1;0;0
1561;Fensterheber;103086;1;0,0023;0;0;0;0;0;0;0;1;0;0
1561;Fensterheber;103099;12;0,0273;0;0;1;1;0;1;0;1;0;0
1561;Fensterheber;103153;1;0,0023;0;0;0;0;0;0;0;1;0;0
1561;Fensterheber;1031856;2;0,0045;1;1;1;0;1;0;0;1;1;1
1561;Fensterheber;10329296;2;0,0045;0;0;0;0;0;0;0;0;0;0
1561;Fensterheber;10329383;1;0,0023;0;0;0;0;0;0;0;0;0;0
1561;Fensterheber;10329428;1;0,0023;0;0;0;0;0;0;0;0;0;0
1561;Fensterheber;10329429;1;0,0023;0;0;0;0;0;0;0;0;0;0
1561;Fensterheber;10329529;1;0,0023;0;0;0;0;0;0;0;0;0;0
1561;Fensterheber;10329569;2;0,0045;0;0;0;0;0;0;0;0;0;0
1561;Fensterheber;10329570;1;0,0023;0;0;0;0;0;0;0;0;0;0
1561;Fensterheber;10329771;2;0,0045;0;0;0;0;0;0;0;0;0;0
1561;Fensterheber;10329774;1;0,0023;0;0;0;0;0;0;0;0;0;0
1561;Fensterheber;10329805;1;0,0023;0;0;0;0;0;0;0;0;0;0
1561;Fensterheber;10329809;1;0,0023;0;0;0;0;0;0;0;0;0;0
1561;Fensterheber;10329852;1;0,0023;0;0;0;0;0;0;0;0;0;0
1561;Fensterheber;10329887;1;0,0023;0;0;0;0;0;0;0;0;0;0
1561;Fensterheber;10329947;1;0,0023;0;0;0;0;0;0;0;0;0;0
1561;Fensterheber;10329974;1;0,0023;0;0;0;0;0;0;0;0;0;0
1561;Fensterheber;10330170;1;0,0023;0;0;0;0;0;0;0;0;0;0
1561;Fensterheber;10330560;3;0,0068;0;0;0;0;0;0;0;0;0;0
1561;Fensterheber;10330594;1;0,0023;0;0;0;0;0;0;0;0;0;0
1561;Fensterheber;10330661;1;0,0023;0;0;0;0;0;0;0;0;0;0
1561;Fensterheber;10330781;1;0,0023;0;0;0;0;0;0;0;0;0;0
1561;Fensterheber;10330782;1;0,0023;0;0;0;0;0;0;0;0;0;0
1561;Fensterheber;10331046;2;0,0045;0;0;0;0;0;0;0;0;0;0
1561;Fensterheber;10331195;1;0,0023;0;0;0;0;0;0;0;0;0;0
1561;Fensterheber;10331807;1;0,0023;0;0;0;0;0;0;0;0;0;0
1561;Fensterheber;10332034;1;0,0023;0;0;0;0;0;0;0;0;0;0
1561;Fensterheber;10332177;1;0,0023;0;0;0;0;0;0;0;0;0;0
1561;Fensterheber;10332683;1;0,0023;0;0;0;0;0;0;0;0;0;0
1561;Fensterheber;10333103;1;0,0023;0;0;0;0;0;0;0;0;0;0
1561;Fensterheber;10333203;1;0,0023;0;0;0;0;0;0;0;0;0;0
1561;Fensterheber;10333205;1;0,0023;0;0;0;0;0;0;0;0;0;0
1561;Fensterheber;10333481;2;0,0045;0;0;0;0;0;0;0;0;0;0
1561;Fensterheber;10333482;1;0,0023;0;0;0;0;0;0;0;0;0;0
1561;Fensterheber;10333885;1;0,0023;0;0;0;0;0;0;0;0;0;0
1561;Fensterheber;10334012;1;0,0023;0;0;0;0;0;0;0;0;0;0
1561;Fensterheber;10334014;1;0,0023;0;0;0;0;0;0;0;0;0;0
1561;Fensterheber;10334051;1;0,0023;0;0;0;0;0;0;0;0;0;0
1561;Fensterheber;10334531;2;0,0045;0;0;0;0;0;0;0;0;0;0
1561;Fensterheber;10334617;1;0,0023;0;0;0;0;0;0;0;0;0;0
1561;Fensterheber;10334661;1;0,0023;0;0;0;0;0;0;0;0;0;0
1561;Fensterheber;10334663;3;0,0068;0;0;0;0;0;0;0;0;0;0
1561;Fensterheber;10334664;3;0,0068;0;0;0;0;0;0;0;0;0;0
1561;Fensterheber;10334719;5;0,0114;0;0;0;0;0;0;0;0;0;0
1561;Fensterheber;10334720;1;0,0023;0;0;0;0;0;0;0;0;0;0
1561;Fensterheber;10334722;1;0,0023;0;0;0;0;0;0;0;0;0;0
1561;Fensterheber;10334800;1;0,0023;0;0;0;0;0;0;0;0;0;0
1561;Fensterheber;10334804;3;0,0068;0;0;0;0;0;0;0;0;0;0
1561;Fensterheber;10334805;3;0,0068;0;0;0;0;0;0;0;0;0;0
1561;Fensterheber;10334806;2;0,0045;0;0;0;0;0;0;0;0;0;0
1561;Fensterheber;10334807;1;0,0023;0;0;0;0;0;0;0;0;0;0
1561;Fensterheber;10334862;1;0,0023;0;0;0;0;0;0;0;0;0;0
1561;Fensterheber;10334957;1;0,0023;0;0;0;0;0;0;0;0;0;0
1561;Fensterheber;10334958;1;0,0023;0;0;0;0;0;0;0;0;0;0
1561;Fensterheber;10334960;1;0,0023;0;0;0;0;0;0;0;0;0;0
1561;Fensterheber;10334963;2;0,0045;0;0;0;0;0;0;0;0;0;0
1561;Fensterheber;10335000;2;0,0045;0;0;0;0;0;0;0;0;0;0
1561;Fensterheber;10335065;1;0,0023;0;0;0;0;0;0;0;0;0;0
1561;Fensterheber;10335067;1;0,0023;0;0;0;0;0;0;0;0;0;0
1561;Fensterheber;103590;1;0,0023;0;0;1;1;0;0;0;0;0;0
1561;Fensterheber;103626;1;0,0023;0;0;0;0;0;0;0;0;0;0
1561;Fensterheber;10373524;1;0,0023;0;0;0;0;0;0;0;0;0;0
1561;Fensterheber;103772;1;0,0023;0;0;0;1;0;1;1;0;0;0
1561;Fensterheber;10381712;1;0,0023;0;0;0;0;0;0;0;0;0;0
1561;Fensterheber;10381730;1;0,0023;0;0;0;0;0;0;0;0;0;0
1561;Fensterheber;10391165;1;0,0023;0;0;0;0;0;0;0;0;0;0
1561;Fensterheber;104045;2;0,0045;0;0;1;0;0;0;0;0;0;0
1561;Fensterheber;104046;2;0,0045;0;0;1;0;0;0;0;0;0;0
1561;Fensterheber;10405250;1;0,0023;0;0;0;0;0;0;0;0;0;0
1561;Fensterheber;104098;3;0,0068;0;0;1;1;0;0;0;0;0;0
1561;Fensterheber;104151616;1;0,0023;0;0;0;0;0;0;0;0;0;0
1561;Fensterheber;104157521;1;0,0023;0;0;0;0;0;0;0;0;0;0
1561;Fensterheber;104176520;1;0,0023;0;0;0;0;0;0;0;0;0;0
1561;Fensterheber;104177817;1;0,0023;0;0;0;0;0;0;0;0;0;0
1561;Fensterheber;10419375;1;0,0023;0;0;0;0;0;0;0;0;0;0
1561;Fensterheber;10419408;1;0,0023;0;0;0;0;0;0;0;0;0;0
1561;Fensterheber;10419413;3;0,0068;0;0;0;0;0;0;0;0;0;0
1561;Fensterheber;10419418;1;0,0023;0;0;0;0;0;0;0;0;0;0
1561;Fensterheber;10419425;2;0,0045;0;0;0;0;0;0;0;0;0;0
1561;Fensterheber;10419451;1;0,0023;0;0;0;0;0;0;0;0;0;0
1561;Fensterheber;10419490;1;0,0023;0;0;0;0;0;0;0;0;0;0
1561;Fensterheber;10419501;1;0,0023;0;0;0;0;0;0;0;0;0;0
1561;Fensterheber;10419502;1;0,0023;0;0;0;0;0;0;0;0;0;0
1561;Fensterheber;10419542;1;0,0023;0;0;0;0;0;0;0;0;0;0
1561;Fensterheber;10461035;1;0,0023;0;0;0;0;0;0;0;0;0;0
1561;Fensterheber;10468642;1;0,0023;0;0;0;0;0;0;0;0;0;0
1561;Fensterheber;1049735;2;0,0045;0;0;0;0;0;0;0;0;0;0
1561;Fensterheber;1049736;1;0,0023;0;0;0;0;0;0;0;0;0;0
1561;Fensterheber;1052175;1;0,0023;1;1;0;0;1;0;0;1;1;1
1561;Fensterheber;1052177;3;0,0068;1;1;1;0;1;0;0;1;1;1
1561;Fensterheber;10565379;1;0,0023;0;0;0;0;0;0;0;0;0;0
1561;Fensterheber;10565425;1;0,0023;0;0;0;0;0;0;0;0;0;0
1561;Fensterheber;10565444;1;0,0023;0;0;0;0;0;0;0;0;0;1
1561;Fensterheber;10565604;1;0,0023;0;0;0;0;0;0;0;0;0;0
1561;Fensterheber;10565923;1;0,0023;0;0;0;0;0;0;0;0;0;1
1561;Fensterheber;10565994;1;0,0023;0;0;0;0;0;0;0;0;0;1
1561;Fensterheber;10566069;1;0,0023;0;0;0;0;0;0;0;0;0;0
1561;Fensterheber;10566174;1;0,0023;0;0;0;0;0;0;0;0;0;0
1561;Fensterheber;10570837;1;0,0023;0;0;0;0;0;0;0;0;0;0
1561;Fensterheber;10570841;1;0,0023;0;0;0;0;0;0;0;0;0;0
1561;Fensterheber;10570901;2;0,0045;0;0;0;0;0;0;0;0;0;0
1561;Fensterheber;10570902;2;0,0045;0;0;0;0;0;0;0;0;0;0
1561;Fensterheber;10570903;1;0,0023;0;0;0;0;0;0;0;0;0;0
1561;Fensterheber;10571000;1;0,0023;0;0;0;0;0;0;0;0;0;0
1561;Fensterheber;10571022;1;0,0023;0;0;0;0;0;0;0;0;0;1
1561;Fensterheber;10571296;2;0,0045;0;0;0;0;0;0;0;0;0;0
1561;Fensterheber;10571473;1;0,0023;0;0;0;0;0;0;0;0;0;0
1561;Fensterheber;10571682;1;0,0023;0;0;0;0;0;0;0;0;0;0
1561;Fensterheber;10571726;1;0,0023;0;0;0;0;0;0;0;0;0;0
1561;Fensterheber;10571727;2;0,0045;0;0;0;0;0;0;0;0;0;0
1561;Fensterheber;105906;1;0,0023;1;0;0;0;0;1;0;0;0;0
1561;Fensterheber;105906FE;1;0,0023;0;0;0;0;0;0;0;0;0;0
1561;Fensterheber;1060724;2;0,0045;0;0;1;0;0;0;0;0;0;0
1561;Fensterheber;1060726;1;0,0023;0;0;1;0;0;0;0;0;0;0
1561;Fensterheber;1060729;1;0,0023;0;0;1;0;0;0;0;0;0;0
1561;Fensterheber;1060730;3;0,0068;0;0;1;0;0;0;0;0;0;0
1561;Fensterheber;106224;1;0,0023;0;0;0;0;0;0;0;0;0;0
1561;Fensterheber;10650764;1;0,0023;0;0;0;0;0;0;0;0;0;0
1561;Fensterheber;10664873;2;0,0045;0;0;0;0;0;0;0;0;0;0
1561;Fensterheber;10667640;1;0,0023;0;0;0;0;0;0;0;0;0;0
1561;Fensterheber;10678242;1;0,0023;0;0;0;0;0;0;0;0;0;0
1561;Fensterheber;1072782;2;0,0045;0;0;1;0;0;0;0;0;0;0
1561;Fensterheber;107296;1;0,0023;1;0;0;0;0;1;0;1;0;0
1561;Fensterheber;107387;7;0,0159;0;0;1;1;0;1;1;0;0;0
1561;Fensterheber;107387001;1;0,0023;0;0;0;0;0;0;0;0;0;0
1561;Fensterheber;107389;5;0,0114;0;0;1;1;0;1;1;0;0;0
1561;Fensterheber;107389TOPRAN;1;0,0023;0;0;0;0;0;0;0;0;0;0
1561;Fensterheber;10741733;1;0,0023;0;0;0;0;0;0;0;0;0;0
1561;Fensterheber;1077687;3;0,0068;0;0;0;0;0;0;0;0;0;0
1561;Fensterheber;107798FE;1;0,0023;0;0;0;0;0;0;0;0;0;0
1561;Fensterheber;107836;2;0,0045;0;0;1;1;1;0;1;0;0;0
1561;Fensterheber;1079231;1;0,0023;0;1;0;1;1;0;0;1;1;1
1561;Fensterheber;1079233;1;0,0023;1;1;0;1;1;0;0;1;1;1
1561;Fensterheber;108210223;1;0,0023;0;0;0;0;0;0;0;0;0;0
1561;Fensterheber;10824692;2;0,0045;0;0;0;0;0;0;0;0;0;0
1561;Fensterheber;108257;2;0,0045;0;0;0;1;0;1;1;0;0;0
1561;Fensterheber;108258;2;0,0045;0;0;0;1;0;1;1;0;0;0
1561;Fensterheber;108284;1;0,0023;0;0;0;0;0;0;0;0;0;0
1561;Fensterheber;108319;1;0,0023;0;0;0;0;0;0;0;0;0;0
1561;Fensterheber;108668;10;0,0227;0;0;1;1;0;1;1;1;0;0
1561;Fensterheber;108669;2;0,0045;0;0;1;1;0;1;1;1;0;0
1561;Fensterheber;108670;23;0,0522;0;0;1;1;0;1;1;0;0;0
1561;Fensterheber;108671;19;0,0432;0;0;1;1;0;1;1;0;0;0
1561;Fensterheber;108671001;1;0,0023;0;0;0;0;0;0;0;0;0;0
1561;Fensterheber;108672;2;0,0045;0;0;1;1;0;0;0;0;0;0
1561;Fensterheber;108673;1;0,0023;0;0;1;1;0;0;0;0;0;0
1561;Fensterheber;109302897;1;0,0023;0;0;0;0;0;0;0;0;0;0
1561;Fensterheber;109303958;1;0,0023;0;0;0;0;0;0;0;0;0;0
1561;Fensterheber;109512;5;0,0114;0;0;0;0;0;1;1;1;0;0
1561;Fensterheber;110009;1;0,0023;0;1;0;1;1;1;1;1;1;1
1561;Fensterheber;1100187;2;0,0045;0;1;1;1;1;0;0;1;1;1
1561;Fensterheber;110049;1;0,0023;1;1;0;1;1;1;1;1;1;1
1561;Fensterheber;110050;1;0,0023;1;1;0;1;1;1;1;1;1;1
1561;Fensterheber;110197;1;0,0023;0;0;0;1;0;0;1;1;0;1
1561;Fensterheber;110311;1;0,0023;0;0;0;0;0;0;0;0;0;0
1561;Fensterheber;110361;1;0,0023;0;0;0;0;0;0;0;0;0;0
1561;Fensterheber;110451;2;0,0045;0;0;1;1;0;1;1;0;0;0
1561;Fensterheber;110452;1;0,0023;0;0;1;1;0;1;1;0;0;0
1561;Fensterheber;110453;3;0,0068;0;0;1;1;0;0;1;0;0;0
1561;Fensterheber;110454;1;0,0023;0;0;1;1;0;0;1;0;0;0
1561;Fensterheber;110556;3;0,0068;0;0;0;1;0;0;1;0;0;0
1561;Fensterheber;110557;1;0,0023;0;0;0;1;0;0;1;0;0;0
1561;Fensterheber;110558;7;0,0159;0;0;1;1;1;1;0;1;0;0
1561;Fensterheber;110559;7;0,0159;0;0;1;1;1;1;0;1;0;0
1561;Fensterheber;110559TOPRAN;1;0,0023;0;0;0;0;0;0;0;0;0;0
1561;Fensterheber;110559TOR;1;0,0023;0;0;0;0;0;0;0;0;0;0
1561;Fensterheber;11072111;1;0,0023;0;0;1;1;0;0;0;0;0;0
1561;Fensterheber;1107591;3;0,0068;0;1;0;0;1;0;0;1;1;1
1561;Fensterheber;1107592;5;0,0114;0;1;0;0;1;0;0;1;1;1
1561;Fensterheber;111015;1;0,0023;1;0;0;0;1;0;0;1;0;0
1561;Fensterheber;111016;1;0,0023;1;0;0;0;0;0;0;1;0;0
1561;Fensterheber;11112141;1;0,0023;0;0;0;0;0;0;0;0;0;0
1561;Fensterheber;111153;1;0,0023;1;0;0;0;1;0;0;1;0;0
1561;Fensterheber;111253;3;0,0068;0;0;1;1;0;0;0;0;0;0
1561;Fensterheber;111254;3;0,0068;0;0;1;0;0;0;0;0;0;0
1561;Fensterheber;111255;1;0,0023;0;0;0;0;0;0;1;1;0;0
1561;Fensterheber;111256;4;0,0091;0;0;0;1;1;0;1;1;0;0
1561;Fensterheber;111256TOPRAN;2;0,0045;0;0;0;0;0;0;0;0;0;0
1561;Fensterheber;111257;6;0,0136;1;0;0;1;1;1;1;1;0;0
1561;Fensterheber;111269;3;0,0068;0;0;0;1;0;1;0;0;0;0
1561;Fensterheber;111270;2;0,0045;0;0;0;1;0;1;0;0;0;0
1561;Fensterheber;111273;2;0,0045;0;0;0;1;0;1;1;1;0;0
1561;Fensterheber;111274;1;0,0023;0;0;0;1;0;1;1;1;0;0
1561;Fensterheber;11145104;1;0,0023;0;0;0;0;0;0;0;0;0;0
1561;Fensterheber;1115801;2;0,0045;1;1;1;0;1;1;1;1;1;1
1561;Fensterheber;11169657;1;0,0023;0;0;0;0;0;0;0;0;0;0
1561;Fensterheber;111697;2;0,0045;0;0;1;1;0;1;1;0;0;0
1561;Fensterheber;111698;3;0,0068;0;0;1;1;0;1;1;0;0;0
1561;Fensterheber;111699;1;0,0023;0;0;0;0;0;0;0;1;0;0
1561;Fensterheber;11170049;1;0,0023;0;0;0;0;0;0;0;0;0;0
1561;Fensterheber;111705;2;0,0045;0;0;1;1;0;0;0;1;0;0
1561;Fensterheber;11170681;1;0,0023;0;0;0;0;0;0;0;0;0;0
1561;Fensterheber;111708;3;0,0068;1;0;1;0;0;0;0;1;0;0
1561;Fensterheber;111711;1;0,0023;0;0;0;1;0;1;0;0;0;0
1561;Fensterheber;111712;1;0,0023;0;0;0;1;0;1;0;0;0;0
1561;Fensterheber;111712TOPRAN;1;0,0023;0;0;0;0;0;0;0;0;0;0
1561;Fensterheber;111713;1;0,0023;0;0;0;1;0;1;0;0;0;0
1561;Fensterheber;111714;1;0,0023;0;0;0;1;0;1;0;0;0;0
1561;Fensterheber;111715;1;0,0023;0;0;0;1;0;0;0;0;0;0
1561;Fensterheber;11171512;2;0,0045;0;0;0;0;0;0;0;0;0;0
1561;Fensterheber;111717;2;0,0045;0;0;0;1;0;1;1;0;0;0
1561;Fensterheber;11182686;1;0,0023;0;0;0;0;0;0;0;0;0;0
1561;Fensterheber;11231344;1;0,0023;0;0;0;0;0;0;0;0;0;0
1561;Fensterheber;11243600;1;0,0023;0;0;0;0;0;0;0;0;0;0
1561;Fensterheber;11243602;1;0,0023;0;0;0;0;0;0;0;0;0;0
1561;Fensterheber;11256098;1;0,0023;0;0;0;0;0;0;0;0;0;0
1561;Fensterheber;112878;1;0,0023;0;0;0;1;1;1;0;0;0;0
1561;Fensterheber;112878TOPRAN;1;0,0023;0;0;0;0;0;0;0;0;0;0
1561;Fensterheber;112879;1;0,0023;0;0;0;1;1;1;0;0;0;0
1561;Fensterheber;1133173;1;0,0023;0;0;1;1;0;0;1;0;0;1
1561;Fensterheber;113419;1;0,0023;0;0;0;1;0;1;1;1;0;0
1561;Fensterheber;1134359;1;0,0023;0;1;0;1;1;0;0;1;1;0
1561;Fensterheber;113597;3;0,0068;0;0;0;1;0;1;1;1;0;0
1561;Fensterheber;113608;3;0,0068;0;0;0;0;0;0;0;0;0;0
1561;Fensterheber;113611;4;0,0091;0;0;0;1;1;1;0;1;0;0
1561;Fensterheber;113619;6;0,0136;0;0;0;1;1;1;0;1;0;0
1561;Fensterheber;113620;3;0,0068;0;0;0;1;1;0;0;1;0;0
1561;Fensterheber;113622;2;0,0045;0;0;0;1;1;0;0;1;0;0
1561;Fensterheber;113623;3;0,0068;0;0;0;1;1;0;0;1;0;0
1561;Fensterheber;113624;3;0,0068;0;0;0;1;1;1;0;1;0;0
1561;Fensterheber;113632;1;0,0023;0;0;0;0;0;0;0;0;0;0
1561;Fensterheber;113633;4;0,0091;0;0;0;0;0;0;0;0;0;0
1561;Fensterheber;113634;2;0,0045;0;0;0;1;1;1;1;1;0;0
1561;Fensterheber;113635;4;0,0091;0;0;0;1;1;1;1;1;0;0
1561;Fensterheber;113636;4;0,0091;0;0;0;1;1;1;0;1;0;0
1561;Fensterheber;113641;4;0,0091;0;0;0;1;1;1;0;1;0;0
1561;Fensterheber;113642;2;0,0045;0;0;0;1;1;0;0;1;0;0
1561;Fensterheber;113643;3;0,0068;0;0;0;1;1;0;0;1;0;0
1561;Fensterheber;113644;3;0,0068;0;0;0;0;0;0;0;0;0;0
1561;Fensterheber;113645;4;0,0091;0;0;0;0;0;0;0;1;0;0
1561;Fensterheber;113646;14;0,0318;0;0;0;1;1;1;1;1;0;0
1561;Fensterheber;113647;8;0,0182;0;0;0;1;1;1;1;1;0;0
1561;Fensterheber;113648;3;0,0068;0;0;0;0;0;0;0;1;0;0
1561;Fensterheber;113650;1;0,0023;0;0;0;1;1;1;0;1;0;0
1561;Fensterheber;113651;1;0,0023;0;0;0;1;1;1;0;1;0;0
1561;Fensterheber;113652;3;0,0068;0;0;0;1;0;1;0;0;0;0
1561;Fensterheber;113654;7;0,0159;0;0;0;0;0;0;0;0;0;0
1561;Fensterheber;113655;6;0,0136;0;0;0;0;0;0;0;0;0;0
1561;Fensterheber;113657;6;0,0136;0;0;0;1;1;1;0;0;0;0
1561;Fensterheber;113661;1;0,0023;0;0;0;1;1;0;0;1;0;0
1561;Fensterheber;113662;2;0,0045;0;0;0;0;0;0;0;0;0;0
1561;Fensterheber;113663;2;0,0045;0;0;0;0;0;0;0;0;0;0
1561;Fensterheber;113668;1;0,0023;0;0;0;0;0;0;0;0;0;0
1561;Fensterheber;113669;1;0,0023;0;0;0;0;0;0;0;0;0;0
1561;Fensterheber;113670;1;0,0023;0;0;0;0;0;0;0;0;0;0
1561;Fensterheber;113673;1;0,0023;0;0;0;0;0;0;0;0;0;0
1561;Fensterheber;113675;1;0,0023;0;0;0;1;0;1;0;0;0;0
1561;Fensterheber;113677;3;0,0068;0;0;0;1;1;0;0;0;0;0
1561;Fensterheber;113678;1;0,0023;0;0;0;0;1;0;0;1;0;0
1561;Fensterheber;113679;4;0,0091;0;0;0;0;1;0;0;1;0;0
1561;Fensterheber;113682;1;0,0023;0;0;0;0;0;0;0;0;0;0
1561;Fensterheber;113683;1;0,0023;0;0;0;0;0;0;0;0;0;0
1561;Fensterheber;113685;2;0,0045;0;0;0;0;0;0;0;0;0;0
1561;Fensterheber;113686;1;0,0023;0;0;0;0;0;0;0;0;0;0
1561;Fensterheber;113687;1;0,0023;0;0;0;0;0;0;0;0;0;0
1561;Fensterheber;113690;2;0,0045;0;0;0;0;0;0;0;0;0;0
1561;Fensterheber;113691;2;0,0045;0;0;0;0;0;0;0;0;0;0
1561;Fensterheber;113692;2;0,0045;0;0;0;0;0;0;0;0;0;0
1561;Fensterheber;113694;1;0,0023;0;0;0;0;0;0;0;0;0;0
1561;Fensterheber;113695;2;0,0045;0;0;0;0;0;0;0;0;0;0
1561;Fensterheber;113698;1;0,0023;0;0;0;0;0;0;0;0;0;0
1561;Fensterheber;113701;1;0,0023;0;0;0;0;0;0;0;0;0;0
1561;Fensterheber;113706;5;0,0114;0;0;0;0;1;0;0;1;0;0
1561;Fensterheber;113707;1;0,0023;1;0;0;0;1;0;0;0;0;0
1561;Fensterheber;113708;3;0,0068;0;0;0;0;0;0;0;0;0;0
1561;Fensterheber;113709;4;0,0091;0;0;0;0;0;0;0;0;0;0
1561;Fensterheber;113716;2;0,0045;0;0;0;0;0;0;0;0;0;0
1561;Fensterheber;113717;1;0,0023;0;0;0;0;0;0;0;0;0;0
1561;Fensterheber;113720;3;0,0068;1;0;0;1;1;0;0;0;0;0
1561;Fensterheber;113721;3;0,0068;1;0;0;1;1;0;0;0;0;0
1561;Fensterheber;113722;1;0,0023;1;0;0;1;1;0;0;1;0;0
1561;Fensterheber;113723;1;0,0023;1;0;0;1;1;0;0;1;0;0
1561;Fensterheber;113724;2;0,0045;0;0;0;0;0;0;0;0;0;0
1561;Fensterheber;113725;1;0,0023;0;0;0;0;0;0;0;0;0;0
1561;Fensterheber;113726;1;0,0023;0;0;0;0;1;0;1;0;0;0
1561;Fensterheber;113728;2;0,0045;1;0;0;0;0;0;0;0;0;0
1561;Fensterheber;113730;1;0,0023;1;0;0;0;1;1;1;0;0;0
1561;Fensterheber;113731;3;0,0068;1;0;0;0;1;1;1;0;0;0
1561;Fensterheber;113735;3;0,0068;0;0;0;0;0;0;0;0;0;0
1561;Fensterheber;113736;1;0,0023;0;0;0;0;0;0;0;0;0;0
1561;Fensterheber;113737;2;0,0045;0;0;0;0;0;0;0;0;0;0
1561;Fensterheber;113738;3;0,0068;0;0;0;0;0;0;0;0;0;0
1561;Fensterheber;113740;1;0,0023;0;0;0;1;1;1;0;0;0;0
1561;Fensterheber;113741;2;0,0045;0;0;0;1;1;1;0;0;0;0
1561;Fensterheber;113742;3;0,0068;0;0;0;1;0;0;0;1;0;0
1561;Fensterheber;113743;1;0,0023;0;0;0;1;0;0;0;1;0;0
1561;Fensterheber;113744;5;0,0114;0;0;0;0;0;0;0;0;0;0
1561;Fensterheber;113745;1;0,0023;0;0;0;0;0;0;0;0;0;0
1561;Fensterheber;113748;1;0,0023;0;0;0;1;1;1;0;1;0;0
1561;Fensterheber;113749;6;0,0136;0;0;0;1;1;1;0;1;0;0
1561;Fensterheber;113752;1;0,0023;0;0;0;1;1;0;0;1;0;0
1561;Fensterheber;113753;2;0,0045;0;0;0;1;1;0;0;1;0;0
1561;Fensterheber;113754;3;0,0068;0;0;0;1;1;0;0;1;0;0
1561;Fensterheber;113758;1;0,0023;0;0;0;0;0;0;0;0;0;0
1561;Fensterheber;113761;2;0,0045;0;0;0;0;0;0;0;0;0;0
1561;Fensterheber;113762;4;0,0091;0;0;0;0;0;0;0;0;0;0
1561;Fensterheber;113767;3;0,0068;0;0;0;0;0;0;0;0;0;0
1561;Fensterheber;11376762;1;0,0023;0;0;0;0;0;0;0;0;0;0
1561;Fensterheber;113771;1;0,0023;0;0;0;0;0;0;0;0;0;0
1561;Fensterheber;113772;1;0,0023;0;0;0;0;0;0;0;0;0;0
1561;Fensterheber;1138204;1;0,0023;1;1;1;1;1;0;1;1;1;1
1561;Fensterheber;1138208;1;0,0023;1;1;1;0;1;0;0;1;1;1
1561;Fensterheber;1138214;2;0,0045;1;1;1;1;1;0;0;1;0;1
1561;Fensterheber;1138216;6;0,0136;1;1;1;1;1;0;0;1;1;1
1561;Fensterheber;11390499;1;0,0023;0;0;0;0;0;0;0;0;0;0
1561;Fensterheber;11403007;1;0,0023;0;0;0;0;0;0;0;0;0;0
1561;Fensterheber;11403698;1;0,0023;0;0;0;0;0;0;0;0;0;0
1561;Fensterheber;11418868;2;0,0045;0;0;0;0;0;0;0;0;0;0
1561;Fensterheber;114250;2;0,0045;0;0;0;0;0;0;0;0;0;0
1561;Fensterheber;114255;1;0,0023;0;0;0;0;0;0;0;0;0;0
1561;Fensterheber;114256;3;0,0068;0;0;0;0;0;0;0;0;0;0
1561;Fensterheber;114265;2;0,0045;0;0;0;0;0;0;0;0;0;0
1561;Fensterheber;114268;1;0,0023;0;0;0;0;0;0;0;0;0;0
1561;Fensterheber;114269;1;0,0023;0;0;0;0;0;0;0;0;0;0
1561;Fensterheber;114270;3;0,0068;0;0;0;0;0;0;0;0;0;0
1561;Fensterheber;114271;4;0,0091;0;0;0;0;0;0;0;0;0;0
1561;Fensterheber;114272;3;0,0068;0;0;0;0;0;0;0;0;0;0
1561;Fensterheber;114275;1;0,0023;0;0;0;0;0;0;0;0;0;0
1561;Fensterheber;114276;1;0,0023;0;0;0;0;0;0;0;0;0;0
1561;Fensterheber;114281;2;0,0045;0;0;0;0;0;0;0;0;0;0
1561;Fensterheber;114282;1;0,0023;0;0;0;0;0;0;0;0;0;0
1561;Fensterheber;114287;1;0,0023;0;0;0;0;0;0;0;0;0;0
1561;Fensterheber;114288;1;0,0023;0;0;0;0;0;0;0;0;0;0
1561;Fensterheber;114290;1;0,0023;0;0;0;0;0;0;0;0;0;0
1561;Fensterheber;114293;2;0,0045;0;0;0;0;0;0;0;0;0;0
1561;Fensterheber;114299;1;0,0023;0;0;0;1;0;0;0;0;0;0
1561;Fensterheber;114300;1;0,0023;0;0;0;1;0;0;0;0;0;0
1561;Fensterheber;1143004;1;0,0023;1;1;1;1;1;0;0;1;1;0
1561;Fensterheber;1143005;1;0,0023;1;1;1;1;1;0;0;1;1;0
1561;Fensterheber;114303;3;0,0068;0;0;0;0;0;0;0;0;0;0
1561;Fensterheber;114304;1;0,0023;0;0;0;0;0;0;0;0;0;0
1561;Fensterheber;114309;1;0,0023;0;0;0;0;0;0;0;0;0;0
1561;Fensterheber;114320;3;0,0068;0;0;0;0;0;0;0;0;0;0
1561;Fensterheber;114321;3;0,0068;0;0;0;0;0;0;0;0;0;0
1561;Fensterheber;114325;1;0,0023;0;0;0;0;0;0;0;0;0;0
1561;Fensterheber;114328;1;0,0023;0;0;0;0;0;0;0;0;0;0
1561;Fensterheber;114331;2;0,0045;0;0;0;0;0;0;0;0;0;0
1561;Fensterheber;114333;2;0,0045;0;0;0;0;0;0;0;0;0;0
1561;Fensterheber;114336;3;0,0068;0;0;0;0;0;0;0;0;0;0
1561;Fensterheber;114337;2;0,0045;0;0;0;0;0;0;0;0;0;0
1561;Fensterheber;114343;2;0,0045;0;0;0;0;0;0;0;0;0;0
1561;Fensterheber;114347;3;0,0068;0;0;0;0;0;0;0;0;0;0
1561;Fensterheber;114349;3;0,0068;0;0;0;0;0;0;0;0;0;0
1561;Fensterheber;114350;3;0,0068;0;0;0;0;0;0;0;0;0;0
1561;Fensterheber;114351;1;0,0023;0;0;0;0;0;0;0;0;0;0
1561;Fensterheber;114360;1;0,0023;0;0;0;0;0;0;0;0;0;0
1561;Fensterheber;114363;1;0,0023;0;0;0;0;0;0;0;0;0;0
1561;Fensterheber;114371;3;0,0068;0;0;0;0;0;0;0;0;0;0
1561;Fensterheber;114373;5;0,0114;0;0;0;0;0;0;0;0;0;0
1561;Fensterheber;114374;4;0,0091;0;0;0;0;0;0;0;0;0;0
1561;Fensterheber;114375;1;0,0023;0;0;0;0;0;0;0;0;0;0
1561;Fensterheber;114377;2;0,0045;0;0;0;0;0;0;0;0;0;0
1561;Fensterheber;114381;3;0,0068;0;0;0;0;0;0;0;0;0;0
1561;Fensterheber;11438291;1;0,0023;0;0;0;0;0;0;0;0;0;0
1561;Fensterheber;114383;3;0,0068;0;0;0;0;0;0;0;0;0;0
1561;Fensterheber;114384;10;0,0227;0;0;0;0;0;0;0;0;0;0
1561;Fensterheber;114388;1;0,0023;0;0;0;0;0;0;0;0;0;0
1561;Fensterheber;114389;1;0,0023;0;0;0;0;0;0;0;0;0;0
1561;Fensterheber;114390;3;0,0068;0;0;0;0;0;0;0;0;0;0
1561;Fensterheber;114406;1;0,0023;0;0;0;0;0;0;0;0;0;0
1561;Fensterheber;114409;1;0,0023;0;0;0;0;0;0;0;0;0;0
1561;Fensterheber;114412;1;0,0023;0;0;0;0;0;0;0;0;0;0
1561;Fensterheber;114420;10;0,0227;0;0;0;0;0;0;0;0;0;0
1561;Fensterheber;114421;3;0,0068;0;0;0;0;0;0;0;0;0;0
1561;Fensterheber;114433;1;0,0023;0;0;0;1;0;1;0;0;0;0
1561;Fensterheber;114436;1;0,0023;0;0;0;1;0;1;0;1;0;0
1561;Fensterheber;11452600;1;0,0023;0;0;0;0;0;0;0;0;0;0
1561;Fensterheber;114647;1;0,0023;0;0;0;1;0;1;0;0;0;0
1561;Fensterheber;114649;1;0,0023;0;0;0;1;0;0;0;1;0;0
1561;Fensterheber;114669;1;0,0023;0;0;0;1;0;0;0;0;0;0
1561;Fensterheber;114707;1;0,0023;0;0;0;1;0;1;1;0;0;0
1561;Fensterheber;114708;1;0,0023;0;0;0;1;0;1;1;0;0;0
1561;Fensterheber;114711;1;0,0023;0;0;0;1;0;1;0;0;0;0
1561;Fensterheber;11520924;2;0,0045;0;0;0;0;0;0;0;0;0;0
1561;Fensterheber;115347;4;0,0091;0;0;0;0;0;0;0;0;0;0
1561;Fensterheber;115698;1;0,0023;0;0;0;0;0;0;0;0;0;0
1561;Fensterheber;115699;2;0,0045;0;0;0;0;0;0;0;0;0;0
1561;Fensterheber;11570143;1;0,0023;0;0;0;0;0;0;0;0;0;0
1561;Fensterheber;115702;1;0,0023;0;0;0;0;0;0;0;0;0;0
1561;Fensterheber;115706;3;0,0068;0;0;0;0;0;0;0;0;0;0
1561;Fensterheber;115707;1;0,0023;0;0;0;0;0;0;0;0;0;0
1561;Fensterheber;11586570;1;0,0023;0;0;0;0;0;0;0;0;0;0
1561;Fensterheber;11592508;1;0,0023;0;0;0;0;0;0;0;0;0;0
1561;Fensterheber;11605663;1;0,0023;0;0;0;0;0;0;0;0;0;0
1561;Fensterheber;116090;1;0,0023;0;0;0;1;0;0;0;0;0;0
1561;Fensterheber;116200;4;0,0091;0;0;0;0;0;0;0;0;0;0
1561;Fensterheber;11622853;1;0,0023;0;0;0;0;0;0;0;0;0;0
1561;Fensterheber;116675;1;0,0023;0;0;0;1;0;0;0;0;0;0
1561;Fensterheber;116935;1;0,0023;1;0;0;1;0;1;0;0;0;0
1561;Fensterheber;116937;1;0,0023;1;0;0;1;0;1;0;0;0;0
1561;Fensterheber;11719936;1;0,0023;0;0;0;0;0;0;0;0;0;0
1561;Fensterheber;11738462;1;0,0023;0;0;0;0;0;0;0;0;0;0
1561;Fensterheber;11751342;1;0,0023;0;0;0;0;0;0;0;0;0;0
1561;Fensterheber;11769391;1;0,0023;0;0;0;0;0;0;0;0;0;0
1561;Fensterheber;11786733;1;0,0023;0;0;0;0;0;0;0;0;0;0
1561;Fensterheber;11800316;1;0,0023;0;0;0;0;0;0;0;0;0;0
1561;Fensterheber;118072;2;0,0045;0;0;0;0;0;0;0;0;0;0
1561;Fensterheber;1188101080;1;0,0023;0;0;0;1;1;1;1;0;0;0
1561;Fensterheber;1188103880;1;0,0023;0;0;0;1;0;1;1;0;0;0
1561;Fensterheber;119087;2;0,0045;0;0;0;0;0;0;0;0;0;0
1561;Fensterheber;119130;1;0,0023;0;0;0;0;0;0;0;0;0;0
1561;Fensterheber;119131;1;0,0023;0;0;0;0;0;0;0;0;0;0
1561;Fensterheber;120000;1;0,0023;0;0;0;1;0;1;0;0;0;0
1561;Fensterheber;120108;1;0,0023;0;0;0;0;0;1;1;1;0;0
1561;Fensterheber;1206824;7;0,0159;0;0;1;0;1;0;0;1;1;0
1561;Fensterheber;121228;1;0,0023;0;0;0;0;0;0;0;0;0;0
1561;Fensterheber;1212564;1;0,0023;0;0;0;0;1;0;0;0;0;0
1561;Fensterheber;12129858;2;0,0045;0;0;0;0;0;0;0;0;0;0
1561;Fensterheber;1218652;9;0,0204;0;1;1;0;1;0;0;1;1;1
1561;Fensterheber;1218655;5;0,0114;0;1;1;0;1;0;0;1;0;1
1561;Fensterheber;122158;1;0,0023;0;0;0;0;0;0;0;0;0;0
1561;Fensterheber;1224536;1;0,0023;1;1;1;0;1;0;1;0;0;0
1561;Fensterheber;1225776;2;0,0045;1;1;1;1;1;0;1;1;1;1
1561;Fensterheber;1225778;4;0,0091;1;1;1;1;1;0;1;1;1;1
1561;Fensterheber;1227853;1;0,0023;0;0;0;0;0;0;0;0;0;0
1561;Fensterheber;122815;1;0,0023;0;0;0;0;0;0;0;0;0;0
1561;Fensterheber;122836;1;0,0023;0;0;0;0;0;0;0;0;0;0
1561;Fensterheber;123003;2;0,0045;0;0;0;0;0;0;0;0;0;0
1561;Fensterheber;123005;2;0,0045;0;0;0;0;0;0;0;0;0;0
1561;Fensterheber;1233191;1;0,0023;1;1;1;0;1;0;0;1;0;1
1561;Fensterheber;1233193;8;0,0182;1;1;1;0;1;0;0;1;0;1
1561;Fensterheber;12338183;2;0,0045;0;0;0;0;0;0;0;0;0;0
1561;Fensterheber;12338225;1;0,0023;0;0;0;0;0;0;0;0;0;0
1561;Fensterheber;12338521;1;0,0023;0;0;0;0;0;0;0;0;0;0
1561;Fensterheber;12338555;1;0,0023;0;0;0;0;0;0;0;0;0;0
1561;Fensterheber;12338587;2;0,0045;0;0;0;0;0;0;0;0;0;0
1561;Fensterheber;1237812;1;0,0023;0;0;0;0;0;0;0;0;0;0
1561;Fensterheber;1244735;17;0,0386;0;0;0;0;0;0;0;0;0;0
1561;Fensterheber;1244736;5;0,0114;0;0;0;0;0;0;0;0;0;0
1561;Fensterheber;1247200346;3;0,0068;1;1;1;1;0;0;1;1;0;1
1561;Fensterheber;1247200446;2;0,0045;1;1;1;1;1;0;1;1;0;1
1561;Fensterheber;1247200446MG;1;0,0023;0;0;0;0;0;0;1;0;0;0
1561;Fensterheber;1247300446;1;0,0023;1;1;1;0;1;0;0;1;0;0
1561;Fensterheber;1253735;1;0,0023;0;0;0;0;0;0;0;0;0;0
1561;Fensterheber;125413;2;0,0045;0;0;0;0;0;0;0;0;0;0
1561;Fensterheber;125414;3;0,0068;0;0;0;0;0;0;0;0;0;0
1561;Fensterheber;1254736;1;0,0023;0;0;0;0;0;0;0;0;0;0
1561;Fensterheber;1255641;1;0,0023;1;1;1;0;1;0;0;1;1;0
1561;Fensterheber;125573;2;0,0045;0;0;0;0;0;0;0;0;0;0
1561;Fensterheber;125577;1;0,0023;0;0;0;0;0;0;0;0;0;0
1561;Fensterheber;125619;1;0,0023;0;0;0;0;0;0;0;0;0;0
1561;Fensterheber;125625;1;0,0023;0;0;0;0;0;0;0;0;0;0
1561;Fensterheber;125633;2;0,0045;0;0;0;0;0;0;0;0;0;0
1561;Fensterheber;125634;2;0,0045;0;0;0;0;0;0;0;0;0;0
1561;Fensterheber;125896;1;0,0023;0;0;0;0;0;0;0;0;0;0
1561;Fensterheber;126329;1;0,0023;0;0;0;0;0;0;0;0;0;0
1561;Fensterheber;12668964;1;0,0023;0;0;0;0;0;0;0;0;0;0
1561;Fensterheber;12755681;1;0,0023;1;0;0;0;1;0;0;1;1;0
1561;Fensterheber;12755682;3;0,0068;1;0;0;0;1;0;0;1;1;0
1561;Fensterheber;12755683;1;0,0023;1;1;0;0;1;0;0;1;1;0
1561;Fensterheber;127602;1;0,0023;0;0;0;0;0;0;0;0;0;0
1561;Fensterheber;127604;1;0,0023;0;0;0;0;0;0;0;0;0;0
1561;Fensterheber;12788913;4;0,0091;1;1;1;0;1;0;0;1;1;1
1561;Fensterheber;12793730;1;0,0023;1;1;1;0;1;0;0;1;1;1
1561;Fensterheber;127938;2;0,0045;0;0;0;0;0;0;0;0;0;0
1561;Fensterheber;128648;1;0,0023;0;0;0;0;0;0;0;0;0;0
1561;Fensterheber;130003002;1;0,0023;0;0;0;1;0;1;0;0;0;0
1561;Fensterheber;130004030;1;0,0023;0;0;0;1;0;1;0;0;0;0
1561;Fensterheber;130016004;1;0,0023;0;0;0;0;0;0;0;1;0;0
1561;Fensterheber;130042001;1;0,0023;0;0;0;1;0;0;0;1;0;0
1561;Fensterheber;130046012;1;0,0023;0;0;0;1;0;0;0;0;0;0
1561;Fensterheber;130048001;1;0,0023;0;0;0;1;0;1;0;0;0;0
1561;Fensterheber;130053014;1;0,0023;0;0;0;1;0;1;0;0;0;0
1561;Fensterheber;130053018;1;0,0023;0;0;0;1;0;1;1;1;0;0
1561;Fensterheber;130053046;1;0,0023;0;0;0;1;0;0;0;0;0;0
1561;Fensterheber;130053053;1;0,0023;0;0;0;1;0;1;0;0;0;0
1561;Fensterheber;130053055;1;0,0023;0;0;0;1;0;0;0;0;0;0
1561;Fensterheber;130053071;1;0,0023;0;0;0;1;0;1;1;1;0;0
1561;Fensterheber;130053104;1;0,0023;0;0;0;1;0;0;0;0;0;0
1561;Fensterheber;130145;2;0,0045;0;0;0;0;0;0;0;0;0;0
1561;Fensterheber;130225;1;0,0023;0;0;0;0;0;0;0;0;0;0
1561;Fensterheber;130304;1;0,0023;0;0;0;0;0;0;0;0;0;0
1561;Fensterheber;130305;2;0,0045;0;0;0;0;0;0;0;0;0;0
1561;Fensterheber;13100420;1;0,0023;0;0;0;0;1;0;0;0;0;0
1561;Fensterheber;13100421;1;0,0023;0;0;0;0;1;0;0;0;0;0
1561;Fensterheber;13100423;3;0,0068;1;1;1;0;1;0;0;1;1;1
1561;Fensterheber;13101480;2;0,0045;0;0;1;0;1;0;0;1;1;0
1561;Fensterheber;131065;1;0,0023;0;0;0;0;0;0;0;0;0;0
1561;Fensterheber;13132231;2;0,0045;0;0;1;0;0;0;0;1;1;1
1561;Fensterheber;13132232;1;0,0023;0;0;1;0;0;0;0;1;1;1
1561;Fensterheber;13132435;1;0,0023;0;0;1;0;1;0;0;1;1;0
1561;Fensterheber;13162131;3;0,0068;0;0;1;1;0;0;0;0;0;0
1561;Fensterheber;13188488;1;0,0023;1;1;1;1;1;0;0;1;0;1
1561;Fensterheber;13188490;4;0,0091;1;0;1;1;1;0;0;0;0;0
1561;Fensterheber;13188491;3;0,0068;1;1;1;1;1;0;0;0;0;0
1561;Fensterheber;13188503;1;0,0023;1;0;0;1;0;1;0;1;1;0
1561;Fensterheber;13188504;1;0,0023;1;0;0;1;0;1;0;1;1;0
1561;Fensterheber;1320873;1;0,0023;1;1;1;1;1;0;0;1;1;1
1561;Fensterheber;1322757080;1;0,0023;1;1;1;1;1;0;0;1;1;1
1561;Fensterheber;1322758080;3;0,0068;1;1;1;1;1;0;0;1;1;1
1561;Fensterheber;1323611;1;0,0023;0;0;0;0;0;0;0;0;0;0
1561;Fensterheber;13269605;2;0,0045;1;1;1;1;1;0;0;0;0;0
1561;Fensterheber;13269606;2;0,0045;1;1;1;1;1;0;0;0;0;0
1561;Fensterheber;13289449;1;0,0023;0;0;1;0;1;0;0;1;1;0
1561;Fensterheber;132896;1;0,0023;0;0;0;0;0;0;0;0;0;0
1561;Fensterheber;132898;3;0,0068;0;0;0;0;0;0;0;0;0;0
1561;Fensterheber;132899;4;0,0091;0;0;0;0;0;0;0;0;0;0
1561;Fensterheber;132909;1;0,0023;0;0;0;0;0;0;0;0;0;0
1561;Fensterheber;132918;1;0,0023;0;0;0;0;0;0;0;0;0;0
1561;Fensterheber;132922;6;0,0136;0;0;0;0;0;0;0;0;0;0
1561;Fensterheber;13298153;6;0,0136;1;0;1;1;1;0;0;1;1;0
1561;Fensterheber;13298154;8;0,0182;1;0;0;1;1;0;0;1;1;0
1561;Fensterheber;133064;1;0,0023;0;0;0;0;0;0;0;0;0;0
1561;Fensterheber;13306600;1;0,0023;0;0;1;0;1;0;0;0;0;0
1561;Fensterheber;13306601;2;0,0045;0;0;1;0;1;0;0;0;0;0
1561;Fensterheber;13306920;1;0,0023;0;0;1;0;0;0;0;0;0;0
1561;Fensterheber;13306921;2;0,0045;0;0;1;0;0;0;0;0;0;0
1561;Fensterheber;13306923;1;0,0023;1;1;1;1;1;0;0;1;1;1
1561;Fensterheber;13306924;1;0,0023;1;1;1;1;1;0;0;1;1;1
1561;Fensterheber;13313568;1;0,0023;1;1;0;1;1;0;0;1;1;1
1561;Fensterheber;13313569;3;0,0068;1;1;0;1;1;0;0;1;1;1
1561;Fensterheber;13314157;1;0,0023;0;1;1;0;1;0;0;0;0;1
1561;Fensterheber;1331605;19;0,0432;1;1;1;1;1;0;1;1;1;1
1561;Fensterheber;1331606;23;0,0522;1;1;1;1;1;0;1;1;1;1
1561;Fensterheber;1331607;4;0,0091;0;0;0;0;1;0;0;0;0;1
1561;Fensterheber;1331608;2;0,0045;0;0;0;0;1;0;0;0;0;1
1561;Fensterheber;1331610;3;0,0068;0;0;1;0;0;0;0;0;0;0
1561;Fensterheber;1331611;13;0,0295;0;0;1;0;0;0;0;0;0;0
1561;Fensterheber;1331612;13;0,0295;1;1;1;0;1;0;1;1;1;1
1561;Fensterheber;1331614;60;0,1363;1;1;1;1;1;0;1;1;1;1
1561;Fensterheber;1331616;3;0,0068;1;1;1;0;1;0;0;0;1;1
1561;Fensterheber;1331617;15;0,0341;1;1;1;0;1;0;0;0;1;1
1561;Fensterheber;1331618;4;0,0091;1;1;1;0;1;0;0;1;1;1
1561;Fensterheber;1331619;21;0,0477;1;1;1;0;1;0;0;0;1;1
1561;Fensterheber;1331841;1;0,0023;0;0;1;0;1;0;0;0;0;0
1561;Fensterheber;1331PSG1POL;1;0,0023;0;0;0;0;0;0;0;0;0;0
1561;Fensterheber;13350758;8;0,0182;0;0;1;1;1;0;0;0;0;0
1561;Fensterheber;13350760;4;0,0091;0;0;1;1;1;0;0;0;0;0
1561;Fensterheber;1335PSG1;4;0,0091;0;0;0;1;0;1;0;0;0;0
1561;Fensterheber;1335PSG2;1;0,0023;0;0;0;1;0;0;0;0;0;0
1561;Fensterheber;1335PSG3;1;0,0023;0;0;0;1;0;0;0;0;0;0
1561;Fensterheber;1335PSG4;1;0,0023;0;0;0;1;0;0;0;0;0;0
1561;Fensterheber;133645;2;0,0045;0;0;0;0;0;0;0;0;0;0
1561;Fensterheber;133646;2;0,0045;0;0;0;0;0;0;0;0;0;0
1561;Fensterheber;13369286;1;0,0023;0;1;0;1;1;0;0;1;1;1
1561;Fensterheber;13369290;1;0,0023;0;1;0;0;1;0;0;1;1;1
1561;Fensterheber;133854;1;0,0023;0;0;0;0;0;0;0;0;0;0
1561;Fensterheber;13398418;1;0,0023;0;0;0;0;0;0;0;0;0;0
1561;Fensterheber;13398476;1;0,0023;0;0;0;0;0;0;0;0;0;0
1561;Fensterheber;13398520;1;0,0023;0;0;0;0;0;0;0;0;0;0
1561;Fensterheber;1340453080;32;0,0727;1;1;1;0;1;0;1;1;1;1
1561;Fensterheber;13409609;1;0,0023;0;0;0;0;0;0;0;0;0;0
1561;Fensterheber;13409625;1;0,0023;0;0;0;0;0;0;0;0;0;0
1561;Fensterheber;13409626;1;0,0023;0;0;0;0;0;0;0;0;0;0
1561;Fensterheber;13409769;1;0,0023;0;0;0;0;0;0;0;0;0;0
1561;Fensterheber;13409988;1;0,0023;0;0;0;0;0;0;0;0;0;0
1561;Fensterheber;1341395080;1;0,0023;1;1;1;1;1;0;0;1;1;1
1561;Fensterheber;1341396080;4;0,0091;1;1;1;1;1;0;0;1;1;1
1561;Fensterheber;13421141;1;0,0023;0;0;0;0;0;0;0;0;0;0
1561;Fensterheber;13421206;1;0,0023;0;0;0;0;0;0;0;0;0;0
1561;Fensterheber;13421224;1;0,0023;0;0;0;0;0;0;0;0;0;0
1561;Fensterheber;13421446;1;0,0023;0;0;0;0;0;0;0;0;0;0
1561;Fensterheber;13433023;1;0,0023;0;0;0;0;0;0;0;0;0;0
1561;Fensterheber;13433024;1;0,0023;0;0;0;0;0;0;0;0;0;0
1561;Fensterheber;13447038;14;0,0318;1;0;1;1;1;0;0;1;1;0
1561;Fensterheber;13447039;17;0,0386;1;0;1;1;1;0;0;1;1;0
1561;Fensterheber;13447040;2;0,0045;0;0;1;0;1;0;0;0;0;0
1561;Fensterheber;13447041;2;0,0045;0;0;1;0;1;0;0;0;0;0
1561;Fensterheber;135072;1;0,0023;0;0;0;0;0;0;0;0;0;0
1561;Fensterheber;1354700080;7;0,0159;1;1;1;1;1;0;1;1;1;1
1561;Fensterheber;1354726080;14;0,0318;1;1;1;1;1;0;1;1;1;1
1561;Fensterheber;13552121;1;0,0023;0;0;0;1;0;0;0;0;0;0
1561;Fensterheber;13581;1;0,0023;0;0;0;0;0;0;0;0;0;0
1561;Fensterheber;1358175080;9;0,0204;1;0;1;0;1;0;0;1;1;0
1561;Fensterheber;13582;1;0,0023;0;0;0;0;0;0;0;0;0;0
1561;Fensterheber;13587;3;0,0068;0;0;0;0;0;0;0;0;0;0
1561;Fensterheber;136106;1;0,0023;0;0;0;0;0;0;0;0;0;0
1561;Fensterheber;136107;2;0,0045;0;0;0;0;0;0;0;0;0;0
1561;Fensterheber;136122;1;0,0023;0;0;0;0;0;0;0;0;0;0
1561;Fensterheber;136126;2;0,0045;0;0;0;0;0;0;0;0;0;0
1561;Fensterheber;13612616;1;0,0023;0;0;0;0;0;0;0;0;0;0
1561;Fensterheber;136136;1;0,0023;0;0;0;0;0;0;0;0;0;0
1561;Fensterheber;136365;1;0,0023;0;0;0;0;0;0;0;0;0;0
1561;Fensterheber;136479;2;0,0045;0;0;0;0;0;0;0;0;0;0
1561;Fensterheber;1366562080;2;0,0045;0;0;0;0;1;0;0;1;1;0
1561;Fensterheber;1368042080;1;0,0023;1;0;1;0;1;0;0;1;1;0
1561;Fensterheber;1368043080;2;0,0045;1;0;1;0;1;0;0;1;1;0
1561;Fensterheber;1368329080;12;0,0273;1;1;1;1;1;0;1;1;1;1
1561;Fensterheber;1368331080;10;0,0227;1;1;1;1;1;0;1;1;1;1
1561;Fensterheber;1368917080;1;0,0023;1;0;1;0;1;0;0;1;1;0
1561;Fensterheber;1368918080;2;0,0045;1;0;1;0;1;0;0;1;1;0
1561;Fensterheber;1368921080;5;0,0114;1;1;1;0;1;0;1;1;1;1
1561;Fensterheber;1368922080;17;0,0386;1;1;1;0;1;0;1;1;1;1
1561;Fensterheber;1374568;1;0,0023;1;1;0;0;1;1;0;1;1;1
1561;Fensterheber;1376853;1;0,0023;0;1;0;0;1;0;1;0;1;1
1561;Fensterheber;1376856;5;0,0114;0;0;0;0;1;0;0;0;1;0
1561;Fensterheber;138450;2;0,0045;0;0;0;0;0;0;0;0;0;0
1561;Fensterheber;138912;1;0,0023;0;0;0;0;0;0;0;0;0;0
1561;Fensterheber;139249;1;0,0023;0;0;0;0;0;0;0;0;0;0
1561;Fensterheber;139250;1;0,0023;0;0;0;0;0;0;0;0;0;0
1561;Fensterheber;139337;1;0,0023;0;0;0;0;0;0;0;0;0;0
1561;Fensterheber;1394448080;2;0,0045;1;0;1;0;0;0;0;0;0;0
1561;Fensterheber;1394449080;5;0,0114;1;0;1;0;1;0;0;0;1;1
1561;Fensterheber;139464;1;0,0023;0;0;0;0;0;0;0;0;0;0
1561;Fensterheber;139652;1;0,0023;0;0;0;0;0;0;0;0;0;0
1561;Fensterheber;139896;1;0,0023;0;0;0;0;0;0;0;0;0;0
1561;Fensterheber;139897;3;0,0068;0;0;0;0;0;0;0;0;0;0
1561;Fensterheber;139898;4;0,0091;0;0;0;0;0;0;0;0;0;0
1561;Fensterheber;139900;1;0,0023;0;0;0;0;0;0;0;0;0;0
1561;Fensterheber;1400753;1;0,0023;1;1;0;0;1;1;0;1;1;1
1561;Fensterheber;1400754;3;0,0068;1;1;0;0;1;1;0;1;1;1
1561;Fensterheber;140277;1;0,0023;1;1;1;1;1;0;0;1;1;1
1561;Fensterheber;140308;3;0,0068;1;1;1;0;1;0;0;1;1;1
1561;Fensterheber;140309;1;0,0023;1;1;1;0;1;0;0;1;1;1
1561;Fensterheber;140310;1;0,0023;0;1;1;0;1;0;0;1;1;0
1561;Fensterheber;140356;2;0,0045;1;1;0;0;1;0;0;1;1;0
1561;Fensterheber;1404PSE1;1;0,0023;0;0;0;1;0;0;0;0;0;0
1561;Fensterheber;140511;1;0,0023;0;0;0;0;1;0;0;0;1;0
1561;Fensterheber;1405745;3;0,0068;0;0;0;0;0;0;0;0;0;0
1561;Fensterheber;1407300346;1;0,0023;0;0;0;0;0;0;0;0;0;0
1561;Fensterheber;1411PSG1POL;1;0,0023;0;0;0;0;0;0;0;0;0;0
1561;Fensterheber;1415736;5;0,0114;0;0;0;0;0;0;0;0;0;0
1561;Fensterheber;1417697;13;0,0295;1;1;1;1;1;1;1;1;1;1
1561;Fensterheber;1417698;16;0,0363;1;1;1;1;1;1;1;1;1;1
1561;Fensterheber;1422736;2;0,0045;0;0;0;0;0;0;0;0;0;0
1561;Fensterheber;142504;1;0,0023;0;0;0;0;0;0;0;0;0;0
1561;Fensterheber;142860;1;0,0023;0;0;0;0;0;0;0;0;0;0
1561;Fensterheber;1429736;1;0,0023;0;0;0;0;0;0;0;0;0;0
1561;Fensterheber;14307552;2;0,0045;0;0;0;0;0;0;0;0;0;0
1561;Fensterheber;1431785;1;0,0023;0;0;0;0;0;0;0;0;0;0
1561;Fensterheber;1431786;2;0,0045;0;0;0;0;0;0;0;0;0;0
1561;Fensterheber;14321811;1;0,0023;0;0;0;0;0;0;0;0;0;0
1561;Fensterheber;14334127;1;0,0023;0;0;0;0;0;0;0;0;0;0
1561;Fensterheber;14334173;1;0,0023;0;0;0;0;0;0;0;0;0;0
1561;Fensterheber;14334185;1;0,0023;0;0;0;0;0;0;0;0;0;0
1561;Fensterheber;14334235;1;0,0023;0;0;0;0;0;0;0;0;0;0
1561;Fensterheber;14334236;1;0,0023;0;0;0;0;0;0;0;0;0;0
1561;Fensterheber;14334237;2;0,0045;0;0;0;0;0;0;0;0;0;0
1561;Fensterheber;14334246;1;0,0023;0;0;0;0;0;0;0;0;0;0
1561;Fensterheber;143612;1;0,0023;0;0;0;0;0;0;0;0;0;0
1561;Fensterheber;143613;1;0,0023;0;0;0;0;0;0;0;0;0;0
1561;Fensterheber;143887;2;0,0045;0;0;0;0;0;0;0;0;0;0
1561;Fensterheber;1440161380;14;0,0318;1;1;1;0;1;1;1;1;1;1
1561;Fensterheber;1440161480;3;0,0068;1;1;0;0;1;1;0;0;1;1
1561;Fensterheber;1440161580;7;0,0159;1;1;1;0;1;1;1;1;1;1
1561;Fensterheber;14402529;2;0,0045;0;0;0;0;0;0;0;0;0;0
1561;Fensterheber;144490;4;0,0091;0;0;0;0;0;0;0;0;0;0
1561;Fensterheber;144859;1;0,0023;0;0;0;0;0;0;0;0;0;0
1561;Fensterheber;14505534;1;0,0023;0;0;0;0;0;0;0;0;0;0
1561;Fensterheber;14505545;1;0,0023;0;0;0;0;0;0;0;0;0;0
1561;Fensterheber;14505556;2;0,0045;0;0;0;0;0;0;0;0;0;0
1561;Fensterheber;1450735;5;0,0114;0;0;0;0;0;0;0;0;0;0
1561;Fensterheber;1452778;1;0,0023;1;0;1;0;1;0;0;1;1;1
1561;Fensterheber;1452782;11;0,025;1;0;1;0;1;0;0;1;1;1
1561;Fensterheber;1452803;4;0,0091;1;0;1;0;1;0;0;1;1;0
1561;Fensterheber;145790;1;0,0023;0;0;0;0;0;0;0;0;0;0
1561;Fensterheber;145791;2;0,0045;0;0;0;0;0;0;0;0;0;0
1561;Fensterheber;145852;1;0,0023;0;0;0;0;0;0;0;0;0;0
1561;Fensterheber;14589693;1;0,0023;0;0;0;0;0;0;0;0;0;0
1561;Fensterheber;1461666;2;0,0045;0;0;1;0;1;0;0;0;0;0
1561;Fensterheber;1461680;1;0,0023;0;0;1;0;1;0;0;0;0;0
1561;Fensterheber;1464718;1;0,0023;0;0;0;0;1;0;0;0;0;0
1561;Fensterheber;1466699;1;0,0023;0;0;0;0;0;0;0;0;0;0
1561;Fensterheber;146752;1;0,0023;0;0;0;0;0;0;0;0;0;0
1561;Fensterheber;147037;1;0,0023;0;0;0;0;0;0;0;0;0;0
1561;Fensterheber;147150;6;0,0136;0;0;0;0;0;0;0;0;0;0
1561;Fensterheber;147152;1;0,0023;0;0;0;0;0;0;0;0;0;0
1561;Fensterheber;147155;1;0,0023;0;0;0;0;0;0;0;0;0;0
1561;Fensterheber;147156;4;0,0091;0;0;0;0;0;0;0;0;0;0
1561;Fensterheber;147157;1;0,0023;0;0;0;0;0;0;0;0;0;0
1561;Fensterheber;147158;1;0,0023;0;0;0;0;0;0;0;0;0;0
1561;Fensterheber;147160;1;0,0023;0;0;0;0;0;0;0;0;0;0
1561;Fensterheber;147161;3;0,0068;0;0;0;0;0;0;0;0;0;0
1561;Fensterheber;147162;2;0,0045;0;0;0;0;0;0;0;0;0;0
1561;Fensterheber;147163;5;0,0114;0;0;0;0;0;0;0;0;0;0
1561;Fensterheber;147164;7;0,0159;0;0;0;0;0;0;0;0;0;0
1561;Fensterheber;147166;1;0,0023;0;0;0;0;0;0;0;0;0;0
1561;Fensterheber;14722;5;0,0114;0;0;0;1;0;1;0;0;0;0
1561;Fensterheber;147274;1;0,0023;0;0;0;0;0;0;0;0;0;0
1561;Fensterheber;147275;1;0,0023;0;0;0;0;0;0;0;0;0;0
1561;Fensterheber;14750J;14;0,0318;0;0;0;0;0;0;0;0;0;0
1561;Fensterheber;147790;1;0,0023;0;0;0;0;0;0;0;0;0;0
1561;Fensterheber;1478272;2;0,0045;0;0;1;0;1;0;0;1;1;0
1561;Fensterheber;1482293;4;0,0091;0;0;1;0;0;0;0;0;1;1
1561;Fensterheber;1485312080;1;0,0023;1;1;0;1;1;0;0;1;1;1
1561;Fensterheber;1488559080;2;0,0045;1;1;1;0;1;0;0;1;1;1
1561;Fensterheber;1498046;13;0,0295;1;1;1;1;1;0;0;1;1;1
1561;Fensterheber;1498048;63;0,1431;1;1;1;1;1;0;0;1;1;1
1561;Fensterheber;1498743080;2;0,0045;1;1;1;0;1;1;1;1;1;1
1561;Fensterheber;149931;3;0,0068;0;0;0;0;0;0;0;0;0;0
1561;Fensterheber;149932;1;0,0023;0;0;0;0;0;0;0;0;0;0
1561;Fensterheber;1499438080;6;0,0136;1;1;1;0;1;1;0;1;1;1
1561;Fensterheber;1499439080;14;0,0318;1;1;1;0;1;1;1;1;1;1
1561;Fensterheber;149954;1;0,0023;0;0;0;0;0;0;0;0;0;0
1561;Fensterheber;150014;1;0,0023;0;0;0;0;0;0;0;0;0;0
1561;Fensterheber;150038;1;0,0023;0;0;0;0;0;0;0;0;0;0
1561;Fensterheber;150039;3;0,0068;0;0;0;0;0;0;0;0;0;0
1561;Fensterheber;1500650;1;0,0023;0;0;0;0;1;0;0;1;0;0
1561;Fensterheber;150297;4;0,0091;0;0;0;0;0;0;0;0;0;0
1561;Fensterheber;1506264;1;0,0023;1;0;1;0;0;0;0;1;1;1
1561;Fensterheber;1506266;1;0,0023;1;0;1;0;0;0;0;0;1;0
1561;Fensterheber;15072045;4;0,0091;0;0;0;0;0;0;0;0;0;0
1561;Fensterheber;15072046;4;0,0091;0;0;0;0;0;0;0;0;0;0
1561;Fensterheber;1507262;1;0,0023;1;0;1;1;0;0;0;1;1;0
1561;Fensterheber;15250966;2;0,0045;0;0;0;0;0;0;0;0;0;0
1561;Fensterheber;1528038;2;0,0045;0;0;0;0;1;0;0;0;0;0
1561;Fensterheber;153012;1;0,0023;0;0;0;0;0;0;0;0;0;0
1561;Fensterheber;15348438;1;0,0023;0;0;0;0;0;0;0;0;0;0
1561;Fensterheber;15376;1;0,0023;0;0;0;1;0;1;1;1;0;0
1561;Fensterheber;15378;2;0,0045;0;0;0;1;0;1;1;0;0;0
1561;Fensterheber;153893;4;0,0091;0;0;0;0;0;0;0;0;0;0
1561;Fensterheber;1542434;1;0,0023;1;1;1;0;1;0;0;1;1;1
1561;Fensterheber;1542436;2;0,0045;1;1;1;0;1;0;0;1;1;1
1561;Fensterheber;154603;1;0,0023;0;0;0;0;0;0;0;0;0;0
1561;Fensterheber;1546517;4;0,0091;1;1;0;1;1;0;1;1;0;1
1561;Fensterheber;1547734;21;0,0477;1;1;0;1;1;0;1;1;0;1
1561;Fensterheber;1553149;11;0,025;1;1;1;0;1;0;0;1;1;1
1561;Fensterheber;1554229;6;0,0136;1;1;1;0;1;0;0;1;0;1
1561;Fensterheber;155432;1;0,0023;0;0;0;0;0;0;0;0;0;0
1561;Fensterheber;1557261;1;0,0023;0;0;1;0;0;0;0;0;1;0
1561;Fensterheber;1561W0015;1;0,0023;0;0;0;1;0;1;0;1;0;0
1561;Fensterheber;1561W0142;1;0,0023;0;0;0;1;0;1;0;0;0;0
1561;Fensterheber;1561W0239;1;0,0023;0;0;0;1;0;0;0;1;0;0
1561;Fensterheber;1561W0420;1;0,0023;0;0;0;1;0;0;0;1;0;0
1561;Fensterheber;1561W0438;1;0,0023;0;0;0;1;0;1;0;0;0;0
1561;Fensterheber;1561W0545;1;0,0023;0;0;0;0;0;0;0;1;0;0
1561;Fensterheber;1561W0777;1;0,0023;0;0;0;0;0;0;0;0;0;0
1561;Fensterheber;1563721;1;0,0023;0;0;0;0;0;0;0;0;0;0
1561;Fensterheber;1567723;14;0,0318;1;1;1;0;1;0;1;0;0;1
1561;Fensterheber;1567725;7;0,0159;1;1;1;1;1;0;0;0;0;1
1561;Fensterheber;1567726;26;0,059;1;1;1;1;1;0;0;0;0;1
1561;Fensterheber;1568365;4;0,0091;1;1;1;0;1;1;0;1;1;0
1561;Fensterheber;157418;1;0,0023;0;0;0;0;0;0;0;0;0;0
1561;Fensterheber;15774377;1;0,0023;0;0;0;0;0;0;0;0;0;0
1561;Fensterheber;1579840;1;0,0023;0;1;0;0;1;0;0;1;1;1
1561;Fensterheber;158026;2;0,0045;0;0;0;0;0;0;0;0;0;0
1561;Fensterheber;158260;1;0,0023;0;0;0;0;0;0;0;0;0;0
1561;Fensterheber;160135;4;0,0091;0;0;0;0;0;0;0;0;0;0
1561;Fensterheber;160139;2;0,0045;0;0;0;0;0;0;0;0;0;0
1561;Fensterheber;160142;1;0,0023;0;0;0;0;0;0;0;0;0;0
1561;Fensterheber;1604261;40;0,0908;1;0;1;1;1;0;1;1;1;1
1561;Fensterheber;1604262;23;0,0522;1;0;1;1;1;0;1;1;1;1
1561;Fensterheber;160631;1;0,0023;0;0;0;1;0;0;0;0;0;0
1561;Fensterheber;1607261;1;0,0023;1;0;1;1;0;0;0;1;1;0
1561;Fensterheber;1607395380;4;0,0091;0;1;1;0;1;0;1;0;1;1
1561;Fensterheber;1607395480;7;0,0159;0;1;1;0;1;0;0;1;1;1
1561;Fensterheber;1607706980;34;0,0772;1;1;1;0;1;0;1;1;1;1
1561;Fensterheber;1607707180;14;0,0318;1;0;1;0;1;0;1;1;1;1
1561;Fensterheber;1609126;1;0,0023;0;1;1;0;1;0;0;0;0;1
1561;Fensterheber;1609268;1;0,0023;0;0;1;0;0;0;0;1;1;0
1561;Fensterheber;1612262;1;0,0023;1;0;1;0;1;1;1;0;1;1
1561;Fensterheber;1612263;8;0,0182;1;0;1;0;1;1;0;0;1;1
1561;Fensterheber;1612264;3;0,0068;1;0;1;0;1;1;0;0;1;1
1561;Fensterheber;1612265;1;0,0023;1;0;1;0;0;1;0;1;1;0
1561;Fensterheber;1612266;2;0,0045;0;0;1;0;0;1;0;0;1;0
1561;Fensterheber;161282;1;0,0023;0;0;0;0;0;0;0;0;0;0
1561;Fensterheber;161289;1;0,0023;0;0;0;0;0;0;0;0;0;0
1561;Fensterheber;161291;1;0,0023;0;0;0;0;0;0;0;0;0;0
1561;Fensterheber;161660;1;0,0023;0;0;0;0;0;0;0;0;0;0
1561;Fensterheber;16183348;1;0,0023;0;0;0;0;0;0;0;0;0;0
1561;Fensterheber;1619990980;2;0,0045;1;0;0;1;1;0;1;0;1;0
1561;Fensterheber;1619991080;1;0,0023;0;0;0;1;1;0;0;1;1;0
1561;Fensterheber;1619991180;1;0,0023;1;0;0;0;1;1;0;0;1;0
1561;Fensterheber;1619991280;1;0,0023;1;0;0;1;1;0;1;0;1;0
1561;Fensterheber;1619991380;1;0,0023;0;0;1;1;1;1;0;0;1;0
1561;Fensterheber;1619991580;1;0,0023;0;0;0;0;1;1;0;0;1;0
1561;Fensterheber;1619991680;3;0,0068;0;0;1;0;1;0;0;0;1;0
1561;Fensterheber;1619991780;2;0,0045;0;0;1;1;1;1;0;0;1;0
1561;Fensterheber;1619991880;1;0,0023;0;0;1;0;1;0;0;1;1;0
1561;Fensterheber;1619993180;3;0,0068;0;0;0;0;1;1;0;0;1;0
1561;Fensterheber;1619997180;1;0,0023;0;0;0;0;1;0;0;1;1;0
1561;Fensterheber;1619998880;4;0,0091;0;0;0;0;1;0;0;1;1;0
1561;Fensterheber;1619999680;1;0,0023;0;0;0;0;1;0;0;1;1;0
1561;Fensterheber;1620004380;1;0,0023;0;0;0;0;1;0;0;0;1;0
1561;Fensterheber;1620009180;3;0,0068;0;0;0;1;0;1;0;1;1;0
1561;Fensterheber;1620010680;7;0,0159;0;0;0;0;1;0;0;1;1;0
1561;Fensterheber;1620010780;2;0,0045;0;0;0;0;1;0;0;1;1;0
1561;Fensterheber;1624227;19;0,0432;1;0;1;1;1;1;1;1;0;1
1561;Fensterheber;1624228;38;0,0863;1;0;1;1;1;1;1;1;0;1
1561;Fensterheber;1624228VAN;2;0,0045;0;0;0;0;0;0;0;0;0;0
1561;Fensterheber;1624261;43;0,0977;1;0;1;0;1;0;1;1;1;1
1561;Fensterheber;1624262;11;0,025;1;0;1;0;1;0;1;1;1;1
1561;Fensterheber;1624263;44;0,0999;1;0;1;0;1;0;1;0;1;1
1561;Fensterheber;1624263VWA;2;0,0045;0;0;0;0;0;0;0;0;0;0
1561;Fensterheber;1624264;9;0,0204;1;0;1;0;1;0;1;0;1;1
1561;Fensterheber;1624267;3;0,0068;1;0;1;0;1;0;0;0;1;1
1561;Fensterheber;1624268;2;0,0045;1;0;1;0;1;0;0;0;1;1
1561;Fensterheber;162448;3;0,0068;0;0;0;0;0;0;0;0;0;0
1561;Fensterheber;162449;4;0,0091;0;0;0;0;0;0;0;0;0;0
1561;Fensterheber;162450;2;0,0045;0;0;0;0;0;0;0;0;0;0
1561;Fensterheber;162451;7;0,0159;0;0;0;0;0;0;0;0;0;0
1561;Fensterheber;162452;1;0,0023;0;0;0;0;0;0;0;0;0;0
1561;Fensterheber;162453;4;0,0091;0;0;0;0;0;0;0;0;0;0
1561;Fensterheber;162455;2;0,0045;0;0;0;0;0;0;0;0;0;0
1561;Fensterheber;162456;2;0,0045;0;0;0;0;0;0;0;0;0;0
1561;Fensterheber;162457;1;0,0023;0;0;0;0;0;0;0;0;0;0
1561;Fensterheber;162460;2;0,0045;0;0;0;0;0;0;0;0;0;0
1561;Fensterheber;162461;3;0,0068;0;0;0;0;0;0;0;0;0;0
1561;Fensterheber;162462;3;0,0068;0;0;0;0;0;0;0;0;0;0
1561;Fensterheber;162463;3;0,0068;0;0;0;0;0;0;0;0;0;0
1561;Fensterheber;162464;4;0,0091;0;0;0;0;0;0;0;0;0;0
1561;Fensterheber;162465;7;0,0159;0;0;0;0;0;0;0;0;0;0
1561;Fensterheber;162466;1;0,0023;0;0;0;0;0;0;0;0;0;0
1561;Fensterheber;162468;1;0,0023;0;0;0;0;0;0;0;0;0;0
1561;Fensterheber;162469;1;0,0023;0;0;0;0;0;0;0;0;0;0
1561;Fensterheber;162470;6;0,0136;0;0;0;0;0;0;0;0;0;0
1561;Fensterheber;162471;1;0,0023;0;0;0;0;0;0;0;0;0;0
1561;Fensterheber;162472;1;0,0023;0;0;0;0;0;0;0;0;0;0
1561;Fensterheber;162475;4;0,0091;0;0;0;0;0;0;0;0;0;0
1561;Fensterheber;162476;2;0,0045;0;0;0;0;0;0;0;0;0;0
1561;Fensterheber;162477;2;0,0045;0;0;0;0;0;0;0;0;0;0
1561;Fensterheber;162478;1;0,0023;0;0;0;0;0;0;0;0;0;0
1561;Fensterheber;162479;2;0,0045;0;0;0;0;0;0;0;0;0;0
1561;Fensterheber;162511;2;0,0045;0;0;0;0;0;0;0;0;0;0
1561;Fensterheber;162512;1;0,0023;0;0;0;0;0;0;0;0;0;0
1561;Fensterheber;1625265;2;0,0045;1;0;1;0;1;0;0;1;1;1
1561;Fensterheber;162824;1;0,0023;0;0;0;0;0;0;0;0;0;0
1561;Fensterheber;162838;1;0,0023;0;0;0;0;0;0;0;0;0;0
1561;Fensterheber;1629044480;1;0,0023;0;0;0;0;0;0;0;1;1;0
1561;Fensterheber;1629046880;3;0,0068;1;0;0;0;0;1;0;0;1;0
1561;Fensterheber;1629048680;2;0,0045;0;0;0;1;0;0;0;1;1;1
1561;Fensterheber;1629049780;1;0,0023;0;0;0;0;0;0;0;1;1;0
1561;Fensterheber;1629050180;1;0,0023;0;0;0;0;0;0;0;1;1;0
1561;Fensterheber;1629050280;1;0,0023;0;0;0;1;0;0;0;1;1;0
1561;Fensterheber;1636225;2;0,0045;0;0;1;0;0;0;0;1;1;1
1561;Fensterheber;1636261;6;0,0136;1;0;1;1;1;0;1;1;1;1
1561;Fensterheber;163626136;1;0,0023;0;0;0;0;0;0;0;0;0;0
1561;Fensterheber;1636262;2;0,0045;1;0;1;1;1;0;1;1;1;1
1561;Fensterheber;1637263;2;0,0045;1;0;1;0;1;0;0;1;1;1
1561;Fensterheber;1637300146;1;0,0023;0;0;1;0;0;0;0;1;0;0
1561;Fensterheber;1637300246;1;0,0023;0;0;1;0;0;0;0;1;0;0
1561;Fensterheber;16381801;1;0,0023;0;0;0;0;0;0;0;0;0;0
1561;Fensterheber;1638261;1;0,0023;1;0;1;1;0;0;0;1;1;0
1561;Fensterheber;1638264;1;0,0023;0;0;1;1;0;0;0;1;1;0
1561;Fensterheber;164780;1;0,0023;0;0;0;0;0;0;0;0;0;0
1561;Fensterheber;1648891980;1;0,0023;0;0;0;1;0;0;0;0;1;0
1561;Fensterheber;1648907380;1;0,0023;0;0;0;1;0;0;0;0;1;0
1561;Fensterheber;1650899280;3;0,0068;0;0;1;0;1;0;0;0;1;0
1561;Fensterheber;1656267580;1;0,0023;1;1;0;1;1;0;1;0;1;1
1561;Fensterheber;1666090580;7;0,0159;1;1;0;1;1;0;1;0;1;1
1561;Fensterheber;1672904;1;0,0023;0;0;0;0;0;0;0;0;0;0
1561;Fensterheber;1682180480;3;0,0068;0;0;1;0;1;0;0;0;1;0
1561;Fensterheber;1685323380;4;0,0091;0;0;1;0;1;0;0;0;1;0
1561;Fensterheber;168727;4;0,0091;0;0;0;0;0;0;0;0;0;0
1561;Fensterheber;168728;7;0,0159;0;0;0;0;0;0;0;0;0;0
1561;Fensterheber;1687301246;1;0,0023;1;1;1;0;0;0;0;1;0;0
1561;Fensterheber;1689035680;2;0,0045;0;0;1;0;0;1;0;0;0;1
1561;Fensterheber;1689035780;3;0,0068;0;0;1;0;0;0;0;0;0;1
1561;Fensterheber;1689035880;6;0,0136;0;0;0;1;0;0;0;0;0;1
1561;Fensterheber;1689035980;1;0,0023;0;0;1;0;0;0;0;0;0;1
1561;Fensterheber;1689036080;1;0,0023;0;0;0;1;0;0;0;0;0;1
1561;Fensterheber;1689036180;2;0,0045;0;0;1;1;0;1;0;0;0;1
1561;Fensterheber;1689036280;1;0,0023;0;0;0;1;0;0;0;0;0;1
1561;Fensterheber;1689037280;1;0,0023;0;0;0;1;0;0;0;0;0;1
1561;Fensterheber;1689038080;1;0,0023;0;0;0;1;0;0;0;0;0;1
1561;Fensterheber;1689038280;1;0,0023;0;0;0;0;0;1;0;0;0;1
1561;Fensterheber;1689040080;4;0,0091;0;0;0;1;0;0;0;0;0;1
1561;Fensterheber;1689040180;1;0,0023;0;0;0;1;0;0;0;0;0;1
1561;Fensterheber;1689042280;1;0,0023;0;0;0;0;0;0;0;0;0;1
1561;Fensterheber;1689045080;1;0,0023;0;0;0;0;0;0;0;0;0;1
1561;Fensterheber;1689045480;1;0,0023;0;0;0;0;0;0;0;0;0;1
1561;Fensterheber;1690891380;9;0,0204;0;0;0;1;1;0;0;0;1;0
1561;Fensterheber;1690891480;20;0,0454;0;0;0;1;1;0;0;0;1;0
1561;Fensterheber;169362;2;0,0045;0;0;0;0;0;0;0;0;0;0
1561;Fensterheber;169388;1;0,0023;0;0;0;0;0;0;0;0;0;0
1561;Fensterheber;1694158880;1;0,0023;0;0;0;0;0;0;0;0;0;1
1561;Fensterheber;169425;1;0,0023;0;0;0;0;0;0;0;0;0;0
1561;Fensterheber;169431;1;0,0023;0;0;0;0;0;0;0;0;0;0
1561;Fensterheber;169438;1;0,0023;0;0;0;0;0;0;0;0;0;0
1561;Fensterheber;169441;2;0,0045;0;0;0;0;0;0;0;0;0;0
1561;Fensterheber;169449;1;0,0023;0;0;0;0;0;0;0;0;0;0
1561;Fensterheber;1697200779;1;0,0023;0;0;0;0;0;1;0;0;0;0
1561;Fensterheber;1697200879;1;0,0023;0;0;0;0;0;1;0;0;0;0
1561;Fensterheber;1697203179;1;0,0023;1;1;1;1;0;1;0;0;0;0
1561;Fensterheber;1700933;1;0,0023;1;0;0;0;1;0;0;0;0;0
1561;Fensterheber;170214;3;0,0068;0;0;0;1;0;1;0;0;0;0
1561;Fensterheber;170215;5;0,0114;0;0;0;1;0;1;0;0;0;0
1561;Fensterheber;170683;1;0,0023;0;0;0;0;0;0;0;0;0;0
1561;Fensterheber;1707357;1;0,0023;0;0;0;0;1;1;0;1;1;1
1561;Fensterheber;1709261;16;0,0363;1;0;1;0;1;0;1;1;1;1
1561;Fensterheber;1709261VAN;1;0,0023;0;0;0;0;0;0;0;0;0;0
1561;Fensterheber;1709262;17;0,0386;1;0;1;0;1;0;1;1;1;1
1561;Fensterheber;1709262VWA;1;0,0023;0;0;0;0;0;0;0;0;0;0
1561;Fensterheber;1714809;1;0,0023;1;0;0;0;1;1;0;1;1;0
1561;Fensterheber;1714810;1;0,0023;1;0;0;0;1;1;0;1;0;0
1561;Fensterheber;1717261;11;0,025;1;0;1;0;0;0;0;0;1;0
1561;Fensterheber;1717262;4;0,0091;1;0;1;0;0;0;0;0;1;0
1561;Fensterheber;1717264;1;0,0023;1;0;1;0;0;0;0;0;1;0
1561;Fensterheber;172133;3;0,0068;0;0;0;0;0;0;0;0;0;0
1561;Fensterheber;1722866;1;0,0023;1;0;0;0;1;0;0;0;0;0
1561;Fensterheber;17232111;2;0,0045;0;0;1;1;0;0;0;0;0;0
1561;Fensterheber;17242141;1;0,0023;0;0;1;1;0;0;0;0;0;0
1561;Fensterheber;17262141;1;0,0023;0;0;0;1;0;0;0;0;0;0
1561;Fensterheber;1736144;1;0,0023;1;1;0;0;1;0;1;1;1;0
1561;Fensterheber;173648;1;0,0023;0;0;0;0;0;0;0;0;0;0
1561;Fensterheber;173649;1;0,0023;0;0;0;0;0;0;0;0;0;0
1561;Fensterheber;1738645;8;0,0182;1;1;1;1;1;0;1;1;1;1
1561;Fensterheber;1738646;8;0,0182;1;1;1;1;1;0;1;1;1;1
1561;Fensterheber;174407;2;0,0045;0;0;0;0;0;1;0;0;0;0
1561;Fensterheber;174722;3;0,0068;0;0;0;0;0;0;0;0;0;0
1561;Fensterheber;174801;1;0,0023;0;0;0;1;0;1;0;1;0;0
1561;Fensterheber;1748261;1;0,0023;1;0;1;1;0;0;0;1;1;0
1561;Fensterheber;1748262;3;0,0068;1;0;1;1;0;0;0;1;1;0
1561;Fensterheber;1749889;2;0,0045;1;1;1;0;1;0;0;1;1;1
1561;Fensterheber;17502141;1;0,0023;0;0;0;0;0;0;0;0;0;0
1561;Fensterheber;175097;1;0,0023;0;0;0;1;0;1;0;0;0;0
1561;Fensterheber;175443;13;0,0295;0;0;0;1;0;1;1;0;0;0
1561;Fensterheber;175443FE;1;0,0023;0;0;0;0;0;0;0;0;0;0
1561;Fensterheber;175445;5;0,0114;0;0;0;1;0;1;1;0;0;0
1561;Fensterheber;175445FEBI;1;0,0023;0;0;0;0;0;0;0;0;0;0
1561;Fensterheber;175461;1;0,0023;0;0;0;1;0;1;0;1;0;0
1561;Fensterheber;175462;1;0,0023;0;0;0;1;0;1;0;1;0;0
1561;Fensterheber;175564;1;0,0023;0;0;0;1;0;1;0;0;0;0
1561;Fensterheber;175585;7;0,0159;1;0;0;1;0;1;1;1;0;0
1561;Fensterheber;175585FEBI;1;0,0023;0;0;0;0;0;0;0;0;0;0
1561;Fensterheber;175586;14;0,0318;1;0;0;1;0;1;1;1;0;0
1561;Fensterheber;175664FEBI;1;0,0023;0;0;0;0;0;0;0;0;0;0
1561;Fensterheber;175665;6;0,0136;0;0;0;1;0;1;1;0;0;0
1561;Fensterheber;175666;2;0,0045;0;0;0;1;0;1;1;0;0;0
1561;Fensterheber;175667;11;0,025;0;0;0;1;0;1;1;0;0;0
1561;Fensterheber;175794;14;0,0318;1;0;0;1;0;1;0;0;0;0
1561;Fensterheber;175795;12;0,0273;1;0;0;1;0;1;1;0;0;0
1561;Fensterheber;175796;9;0,0204;0;0;0;1;0;1;1;0;0;0
1561;Fensterheber;175797;4;0,0091;0;0;0;1;0;1;1;0;0;0
1561;Fensterheber;175798;2;0,0045;0;0;0;1;0;1;1;0;0;0
1561;Fensterheber;175799;1;0,0023;0;0;0;1;0;1;1;0;0;0
1561;Fensterheber;176300;1;0,0023;0;0;0;1;0;1;0;0;0;0
1561;Fensterheber;176302;7;0,0159;0;0;0;1;0;1;0;0;0;0
1561;Fensterheber;176413;1;0,0023;0;0;0;0;0;1;0;0;0;0
1561;Fensterheber;17647805;1;0,0023;0;0;0;0;0;0;0;0;0;0
1561;Fensterheber;176487;15;0,0341;0;0;0;1;0;1;1;0;0;0
1561;Fensterheber;176488;8;0,0182;0;0;0;1;0;1;1;0;0;0
1561;Fensterheber;176514FE;1;0,0023;0;0;0;0;0;0;0;0;0;0
1561;Fensterheber;176629;2;0,0045;0;0;0;1;0;1;1;1;0;0
1561;Fensterheber;176630;14;0,0318;0;0;0;1;0;1;1;1;0;0
1561;Fensterheber;176631;2;0,0045;0;0;0;1;0;1;0;0;0;0
1561;Fensterheber;176632;2;0,0045;0;0;0;1;0;1;1;0;0;0
1561;Fensterheber;176797;2;0,0045;0;0;0;0;0;1;0;0;0;0
1561;Fensterheber;17702121;1;0,0023;0;0;1;1;0;0;0;0;0;0
1561;Fensterheber;1770395;2;0,0045;1;0;1;0;1;0;0;1;1;0
1561;Fensterheber;177068;2;0,0045;0;0;0;1;0;1;0;0;0;0
1561;Fensterheber;177098;2;0,0045;1;0;0;1;0;1;1;0;0;0
1561;Fensterheber;177099;4;0,0091;1;0;0;1;0;1;1;0;0;0
1561;Fensterheber;177107;1;0,0023;0;0;0;1;0;1;1;1;0;0
1561;Fensterheber;177111;1;0,0023;0;0;0;1;0;1;1;0;0;0
1561;Fensterheber;17712121;1;0,0023;0;0;0;1;0;0;0;0;0;0
1561;Fensterheber;177122;1;0,0023;0;0;0;1;0;1;1;0;0;0
1561;Fensterheber;177142;1;0,0023;0;0;0;1;0;1;0;0;0;0
1561;Fensterheber;177144;1;0,0023;0;0;0;1;0;1;1;0;0;0
1561;Fensterheber;1776261;1;0,0023;1;0;1;0;1;0;0;0;1;1
1561;Fensterheber;177827;14;0,0318;0;0;0;1;0;1;1;1;0;0
1561;Fensterheber;177828;3;0,0068;0;0;0;1;0;1;1;1;0;0
1561;Fensterheber;177856;1;0,0023;0;0;0;1;0;1;0;0;0;0
1561;Fensterheber;1779721;1;0,0023;1;1;0;0;1;0;0;1;1;1
1561;Fensterheber;1779727;5;0,0114;1;1;0;0;1;1;0;1;1;1
1561;Fensterheber;1779728;2;0,0045;1;1;0;0;1;1;0;1;1;1
1561;Fensterheber;178166;1;0,0023;0;0;0;0;0;0;0;0;0;0
1561;Fensterheber;178179;1;0,0023;0;0;0;0;0;0;0;0;0;0
1561;Fensterheber;178210;1;0,0023;0;0;0;0;0;0;0;0;0;0
1561;Fensterheber;178211;2;0,0045;0;0;0;0;0;0;0;0;0;0
1561;Fensterheber;17844;3;0,0068;1;0;0;0;0;0;0;0;0;0
1561;Fensterheber;17845;3;0,0068;1;0;0;0;0;0;0;0;0;0
1561;Fensterheber;17846;2;0,0045;0;0;0;0;0;0;0;0;0;0
1561;Fensterheber;17847;1;0,0023;0;0;0;0;0;0;0;0;0;0
1561;Fensterheber;178535;2;0,0045;0;0;0;0;0;0;0;0;0;0
1561;Fensterheber;1787967;1;0,0023;0;0;0;0;0;0;0;0;0;0
1561;Fensterheber;179304;6;0,0136;0;0;0;1;0;1;0;1;0;0
1561;Fensterheber;179305;7;0,0159;0;0;0;1;0;1;1;0;0;0
1561;Fensterheber;179305FEBI;1;0,0023;0;0;0;0;0;0;0;0;0;0
1561;Fensterheber;179306;3;0,0068;0;0;0;1;0;1;1;0;0;0
1561;Fensterheber;179344;1;0,0023;0;0;0;1;0;1;1;0;0;0
1561;Fensterheber;179349;1;0,0023;0;0;0;1;0;1;1;1;0;0
1561;Fensterheber;179350;3;0,0068;0;0;0;1;0;1;1;1;0;0
1561;Fensterheber;17952111;1;0,0023;0;0;0;1;0;0;0;0;0;0
1561;Fensterheber;1799651;1;0,0023;0;0;1;0;0;0;0;0;1;0
1561;Fensterheber;1799653;3;0,0068;0;0;1;0;0;0;0;0;1;0
1561;Fensterheber;180216;5;0,0114;0;0;0;1;0;1;1;0;0;0
1561;Fensterheber;180242;1;0,0023;0;0;0;0;0;0;0;0;0;0
1561;Fensterheber;180247;2;0,0045;0;0;0;1;0;1;0;0;0;0
1561;Fensterheber;180249;4;0,0091;0;0;0;1;0;1;1;0;0;0
1561;Fensterheber;180250;10;0,0227;0;0;0;1;0;1;1;0;0;0
1561;Fensterheber;180252;13;0,0295;0;0;0;1;0;1;1;0;0;0
1561;Fensterheber;180261;5;0,0114;0;0;0;1;0;1;1;0;0;0
1561;Fensterheber;180312;1;0,0023;0;0;0;1;0;1;0;0;1;0
1561;Fensterheber;180313;1;0,0023;0;0;0;1;0;1;1;0;0;0
1561;Fensterheber;1803915;1;0,0023;1;1;1;1;1;0;1;0;0;1
1561;Fensterheber;1803930;3;0,0068;1;1;1;0;1;0;1;1;0;1
1561;Fensterheber;1803932;6;0,0136;1;1;1;0;1;0;1;1;0;1
1561;Fensterheber;1803933;1;0,0023;0;1;1;0;1;0;0;1;1;0
1561;Fensterheber;1805261;19;0,0432;1;0;1;1;1;0;0;1;1;1
1561;Fensterheber;1805262;4;0,0091;1;0;1;1;1;0;0;1;1;1
1561;Fensterheber;1805263;9;0,0204;1;0;1;1;1;0;1;1;1;1
1561;Fensterheber;1805263VWA;1;0,0023;0;0;0;0;0;0;0;0;0;0
1561;Fensterheber;1805264;1;0,0023;1;0;1;1;1;0;1;1;1;1
1561;Fensterheber;1805265;25;0,0568;1;0;1;1;0;0;0;1;0;0
1561;Fensterheber;1805266;3;0,0068;1;0;1;1;0;0;0;1;0;0
1561;Fensterheber;1805266VAN;1;0,0023;0;0;0;0;0;0;0;0;0;0
1561;Fensterheber;1807261;2;0,0045;0;0;1;0;1;0;0;1;1;1
1561;Fensterheber;1807262;1;0,0023;1;0;1;0;1;0;0;1;1;1
1561;Fensterheber;1807263;1;0,0023;1;0;1;1;1;1;1;1;1;1
1561;Fensterheber;1810414;11;0,025;1;1;1;0;1;0;0;1;1;0
1561;Fensterheber;1810415;46;0,1045;1;1;1;0;1;0;0;1;1;0
1561;Fensterheber;1828265;6;0,0136;1;0;1;1;0;1;1;0;0;1
1561;Fensterheber;1828268;1;0,0023;0;0;1;1;0;0;0;1;0;1
1561;Fensterheber;18284R;1;0,0023;0;0;0;1;1;0;0;1;0;1
1561;Fensterheber;18300030076;1;0,0023;0;0;0;1;0;0;0;1;0;0
1561;Fensterheber;18300030139;1;0,0023;0;0;0;0;0;0;0;1;0;0
1561;Fensterheber;1830720;1;0,0023;0;0;0;0;1;0;0;0;0;0
1561;Fensterheber;1836010;1;0,0023;0;1;1;0;1;0;0;1;1;1
1561;Fensterheber;1836011;3;0,0068;1;1;1;0;1;0;0;1;1;1
1561;Fensterheber;1837993;7;0,0159;1;1;1;0;1;1;1;1;1;1
1561;Fensterheber;1837995;16;0,0363;1;1;1;1;1;1;1;1;1;1
1561;Fensterheber;1847369;4;0,0091;1;0;1;1;1;0;0;0;1;1
1561;Fensterheber;1847373;6;0,0136;1;0;1;1;1;0;0;0;1;1
1561;Fensterheber;1848851;1;0,0023;0;0;0;0;0;0;0;0;0;0
1561;Fensterheber;1851628;20;0,0454;0;1;1;0;1;0;0;1;1;1
1561;Fensterheber;1851632;46;0,1045;0;1;1;0;1;0;0;1;1;1
1561;Fensterheber;1851908;1;0,0023;1;1;1;0;1;0;0;1;1;0
1561;Fensterheber;1851910;1;0,0023;1;1;0;0;1;0;0;1;0;0
1561;Fensterheber;1852321;2;0,0045;0;1;0;0;1;0;0;1;1;1
1561;Fensterheber;185378;1;0,0023;0;0;0;0;0;0;0;0;0;0
1561;Fensterheber;1858261;14;0,0318;1;0;1;1;1;0;0;1;1;1
1561;Fensterheber;1858263;3;0,0068;1;0;1;1;1;0;0;1;1;1
1561;Fensterheber;1858267;2;0,0045;1;0;1;1;1;0;1;1;1;1
1561;Fensterheber;1858268;6;0,0136;1;0;1;1;1;0;1;1;1;1
1561;Fensterheber;1858269;4;0,0091;1;0;1;0;1;0;0;1;1;1
1561;Fensterheber;1858270;2;0,0045;1;0;1;0;1;0;0;1;1;1
1561;Fensterheber;1861261;1;0,0023;1;0;1;1;0;0;0;0;0;1
1561;Fensterheber;1861263;2;0,0045;1;0;1;0;1;0;0;1;0;1
1561;Fensterheber;1863266;1;0,0023;1;0;1;1;1;0;0;1;1;1
1561;Fensterheber;1867269;2;0,0045;0;0;1;1;0;1;1;0;0;1
1561;Fensterheber;1867270;4;0,0091;0;0;1;1;0;1;1;0;1;1
1561;Fensterheber;1869265;1;0,0023;1;0;1;1;0;0;0;1;1;0
1561;Fensterheber;1869266;1;0,0023;1;0;1;1;0;0;0;1;1;0
1561;Fensterheber;18701624262;1;0,0023;0;0;0;0;0;0;0;0;0;0
1561;Fensterheber;18701624263;1;0,0023;0;0;0;0;0;0;0;0;0;0
1561;Fensterheber;18701858266;1;0,0023;0;0;0;0;0;0;0;0;0;0
1561;Fensterheber;1870372;2;0,0045;0;0;1;0;1;0;0;0;1;0
1561;Fensterheber;18704060261;1;0,0023;0;0;0;0;0;0;0;0;0;0
1561;Fensterheber;18704060262;1;0,0023;0;0;0;0;0;0;0;0;0;0
1561;Fensterheber;18705776262;1;0,0023;0;0;0;0;0;0;0;0;0;0
1561;Fensterheber;1870697;1;0,0023;0;0;0;0;0;0;0;0;0;0
1561;Fensterheber;187344;1;0,0023;0;0;0;0;0;0;0;0;0;0
1561;Fensterheber;18753;1;0,0023;0;0;0;0;0;0;0;0;0;0
1561;Fensterheber;18755;1;0,0023;0;0;0;0;0;0;0;0;0;0
1561;Fensterheber;1881203;3;0,0068;1;0;0;1;1;0;0;0;0;0
1561;Fensterheber;1881204;2;0,0045;1;0;1;1;1;0;0;0;0;0
1561;Fensterheber;1881205;38;0,0863;1;0;1;0;1;0;0;0;1;0
1561;Fensterheber;1881208;64;0,1454;1;0;1;0;1;0;0;0;1;0
1561;Fensterheber;1881247;3;0,0068;1;0;1;1;1;0;0;0;0;0
1561;Fensterheber;1881248;4;0,0091;1;0;1;1;1;0;0;0;0;0
1561;Fensterheber;1882263VAN;1;0,0023;0;0;0;0;0;0;0;0;0;0
1561;Fensterheber;1884264VWA;1;0,0023;0;0;0;0;0;0;0;0;0;0
1561;Fensterheber;1898261;10;0,0227;1;0;1;0;1;1;1;1;1;1
1561;Fensterheber;1898262;3;0,0068;1;0;1;0;1;1;1;1;1;1
1561;Fensterheber;1918143;1;0,0023;0;1;0;0;0;1;0;1;0;1
1561;Fensterheber;1918145;1;0,0023;1;0;0;0;1;0;0;1;1;1
1561;Fensterheber;191837401;23;0,0522;1;1;1;1;0;0;1;0;0;0
1561;Fensterheber;191837401B;14;0,0318;0;0;1;1;0;0;1;1;1;0
1561;Fensterheber;191837402;10;0,0227;1;1;1;1;0;0;1;0;0;0
1561;Fensterheber;191837402B;4;0,0091;0;0;1;1;0;0;1;1;1;0
1561;Fensterheber;191837462;1;0,0023;1;1;1;0;0;0;0;1;1;1
1561;Fensterheber;19275;3;0,0068;0;0;0;0;0;0;0;0;0;0
1561;Fensterheber;19276;6;0,0136;0;0;0;0;0;0;0;0;0;0
1561;Fensterheber;193250;1;0,0023;0;0;0;1;0;1;0;0;0;0
1561;Fensterheber;193251;1;0,0023;0;0;0;1;0;1;0;1;0;0
1561;Fensterheber;193252;4;0,0091;0;0;0;1;0;1;0;1;0;0
1561;Fensterheber;19342121;1;0,0023;0;0;0;1;0;0;0;0;0;0
1561;Fensterheber;193839401;4;0,0091;0;1;1;1;0;0;1;0;0;0
1561;Fensterheber;193839402;5;0,0114;0;1;1;1;0;0;0;0;0;0
1561;Fensterheber;194042;1;0,0023;0;0;0;1;0;1;0;0;0;0
1561;Fensterheber;1964261;6;0,0136;1;0;1;0;0;0;0;1;1;0
1561;Fensterheber;1964262;1;0,0023;1;0;1;0;0;0;0;0;1;0
1561;Fensterheber;19746;1;0,0023;0;0;0;1;0;1;1;0;0;0
1561;Fensterheber;1977579;2;0,0045;1;1;0;0;0;0;0;0;0;0
1561;Fensterheber;1987262;2;0,0045;1;0;1;0;0;0;0;0;1;0
1561;Fensterheber;199385;1;0,0023;0;0;0;1;0;1;0;0;0;0
1561;Fensterheber;1C0837655A;2;0,0045;1;1;1;1;1;1;0;1;1;0
1561;Fensterheber;1C0837655B;1;0,0023;0;0;0;0;0;0;0;1;0;0
1561;Fensterheber;1C0837655C;30;0,0681;1;1;1;1;1;1;1;1;1;1
1561;Fensterheber;1C0837656A;1;0,0023;1;1;1;1;1;1;0;1;1;0
1561;Fensterheber;1C0837656C;17;0,0386;1;1;1;1;1;1;1;1;1;1
1561;Fensterheber;1CM898655;1;0,0023;0;0;0;0;0;0;0;0;0;0
1561;Fensterheber;1E0837401;7;0,0159;1;0;1;0;0;0;0;1;1;1
1561;Fensterheber;1E0837402;7;0,0159;1;0;1;0;0;0;0;1;1;1
1561;Fensterheber;1E0837461;20;0,0454;1;0;0;1;0;0;0;1;1;0
1561;Fensterheber;1E0837462;11;0,025;1;0;0;1;0;0;0;1;1;0
1561;Fensterheber;1E0959801;1;0,0023;0;0;0;0;0;0;0;0;0;0
1561;Fensterheber;1H0837401;5;0,0114;0;1;0;0;0;1;0;0;0;1
1561;Fensterheber;1H0837401B;24;0,0545;0;1;1;1;1;1;0;1;0;1
1561;Fensterheber;1H0837401C;1;0,0023;1;1;0;1;1;1;0;1;0;0
1561;Fensterheber;1H0837402;3;0,0068;0;0;0;0;0;1;0;1;0;1
1561;Fensterheber;1H0837402B;8;0,0182;0;1;1;1;1;1;0;1;0;1
1561;Fensterheber;1H0837461;1;0,0023;1;1;0;0;1;1;1;1;1;1
1561;Fensterheber;1H0837461A;26;0,059;1;1;1;1;1;1;1;1;1;1
1561;Fensterheber;1H0837462;1;0,0023;1;1;0;0;1;1;1;1;1;1
1561;Fensterheber;1H0837462A;15;0,0341;1;1;1;1;1;1;1;1;1;1
1561;Fensterheber;1H0959801A;2;0,0045;0;0;1;0;1;0;0;1;1;0
1561;Fensterheber;1H0959802A;1;0,0023;0;0;1;0;0;0;0;1;1;0
1561;Fensterheber;1H4839402E;1;0,0023;0;0;1;0;0;0;0;0;0;0
1561;Fensterheber;1H4839461A;19;0,0432;1;1;1;1;1;0;0;1;1;1
1561;Fensterheber;1H4839462A;7;0,0159;1;1;1;1;1;0;0;1;1;1
1561;Fensterheber;1J0837401;1;0,0023;0;0;1;0;0;0;0;0;0;0
1561;Fensterheber;1J3837461B;1;0,0023;0;0;0;0;1;0;0;1;1;0
1561;Fensterheber;1J3837461D;1;0,0023;1;1;0;1;1;1;1;1;1;1
1561;Fensterheber;1J3837461DS;2;0,0045;0;0;0;0;0;0;1;0;0;0
1561;Fensterheber;1J3837461F;1;0,0023;1;1;1;0;1;1;0;1;1;1
1561;Fensterheber;1J3837461H;55;0,1249;1;1;1;1;1;1;0;1;1;1
1561;Fensterheber;1J3837462D;2;0,0045;1;1;0;1;1;1;1;0;1;1
1561;Fensterheber;1J3837462DS;1;0,0023;0;0;0;0;0;0;1;0;0;0
1561;Fensterheber;1J3837462H;39;0,0886;1;1;1;1;1;1;0;0;1;1
1561;Fensterheber;1J3837729AP;2;0,0045;0;0;0;0;0;0;0;0;0;0
1561;Fensterheber;1J4837461B;2;0,0045;0;0;1;0;1;1;0;1;1;0
1561;Fensterheber;1J4837461D;15;0,0341;1;1;1;1;1;1;1;1;1;1
1561;Fensterheber;1J4837461DSMG;2;0,0045;0;0;0;0;0;0;1;0;0;0
1561;Fensterheber;1J4837461DSPMG;1;0,0023;0;0;0;0;0;0;1;0;0;0
1561;Fensterheber;1J4837461F;27;0,0613;1;1;1;1;1;1;1;1;1;1
1561;Fensterheber;1J4837461H;354;0,804;1;1;1;1;1;1;1;1;1;1
1561;Fensterheber;1J4837462B;1;0,0023;0;0;1;0;1;1;0;1;1;0
1561;Fensterheber;1J4837462D;13;0,0295;1;1;1;1;1;1;1;1;1;1
1561;Fensterheber;1J4837462DS;3;0,0068;0;0;0;0;0;0;1;0;0;0
1561;Fensterheber;1J4837462DSMG;2;0,0045;0;0;0;0;0;0;1;0;0;0
1561;Fensterheber;1J4837462DSPMG;2;0,0045;0;0;0;0;0;0;1;0;0;0
1561;Fensterheber;1J4837462F;18;0,0409;1;1;1;1;1;1;1;1;1;1
1561;Fensterheber;1J4837462H;263;0,5973;1;1;1;1;1;1;1;1;1;1
1561;Fensterheber;1J4837729BA;4;0,0091;0;0;1;0;0;0;0;0;0;0
1561;Fensterheber;1J4837729N;1;0,0023;0;0;1;0;0;0;0;0;0;0
1561;Fensterheber;1J4837730BA;1;0,0023;0;0;1;0;0;0;0;0;0;0
1561;Fensterheber;1J4839461C;2;0,0045;0;0;0;0;1;0;0;1;1;0
1561;Fensterheber;1J4839461D;1;0,0023;0;1;1;1;0;0;0;0;0;1
1561;Fensterheber;1J4839461F;49;0,1113;1;1;1;1;1;0;1;1;1;1
1561;Fensterheber;1J4839462F;53;0,1204;1;1;1;1;1;0;1;1;1;1
1561;Fensterheber;1J4839729J;1;0,0023;1;1;1;1;1;0;0;1;0;1
1561;Fensterheber;1J4839730J;2;0,0045;1;1;1;0;1;0;0;1;0;1
1561;Fensterheber;1J5839461A;10;0,0227;1;1;1;1;1;0;0;1;1;1
1561;Fensterheber;1J5839462A;1;0,0023;1;1;1;1;1;0;0;1;1;1
1561;Fensterheber;1JE898099;5;0,0114;0;0;0;0;0;0;1;0;0;0
1561;Fensterheber;1JE898099D;1;0,0023;0;0;0;0;0;0;0;0;0;0
1561;Fensterheber;1JE898100D;3;0,0068;0;0;0;0;0;0;1;0;0;0
1561;Fensterheber;1JM898461;16;0,0363;0;0;0;0;1;0;1;0;0;0
1561;Fensterheber;1JM898461A;1;0,0023;1;1;0;0;1;0;0;1;1;0
1561;Fensterheber;1JM898461B;6;0,0136;0;0;0;0;1;0;0;0;0;0
1561;Fensterheber;1JM898462;7;0,0159;0;0;0;0;1;0;1;0;0;0
1561;Fensterheber;1JM898462B;1;0,0023;0;0;0;0;1;0;0;0;0;0
1561;Fensterheber;1K3837461A;144;0,327;1;1;1;1;1;1;1;1;1;1
1561;Fensterheber;1K3837461B;16;0,0363;1;1;1;1;1;1;1;1;1;1
1561;Fensterheber;1K3837462A;62;0,1408;1;1;1;1;1;1;1;0;1;1
1561;Fensterheber;1K3837462B;15;0,0341;1;1;1;1;1;1;1;1;1;1
1561;Fensterheber;1K4837461A;298;0,6768;1;1;1;1;1;1;1;1;1;1
1561;Fensterheber;1K4837461B;106;0,2407;1;1;1;1;1;1;1;1;1;1
1561;Fensterheber;1K4837462A;135;0,3066;1;1;1;1;1;1;1;1;1;1
1561;Fensterheber;1K4837462B;54;0,1226;1;1;1;1;1;1;1;1;1;1
1561;Fensterheber;1K4839401B;2;0,0045;0;0;0;0;0;0;0;0;0;0
1561;Fensterheber;1K4839461A;80;0,1817;1;1;1;1;1;1;0;0;1;0
1561;Fensterheber;1K4839461A?;1;0,0023;0;0;0;0;0;0;0;0;0;0
1561;Fensterheber;1K4839461B;9;0,0204;1;1;1;0;1;1;1;1;1;1
1561;Fensterheber;1K4839462A;77;0,1749;1;1;1;1;1;1;0;1;1;0
1561;Fensterheber;1K4839462B;8;0,0182;1;1;1;0;1;1;1;1;1;1
1561;Fensterheber;1K5837461B;119;0,2703;1;0;1;1;0;0;1;1;0;1
1561;Fensterheber;1K5837462B;45;0,1022;1;0;1;1;0;0;1;1;0;1
1561;Fensterheber;1K5839461;1;0,0023;0;0;1;1;0;0;0;1;0;0
1561;Fensterheber;1K5839462;2;0,0045;0;0;1;1;0;0;0;1;0;0
1561;Fensterheber;1K8837461D;2;0,0045;1;0;1;1;0;0;0;1;1;0
1561;Fensterheber;1K8837461G;36;0,0818;1;0;1;1;0;0;0;1;1;1
1561;Fensterheber;1K8837462D;1;0,0023;1;0;1;1;0;0;0;1;1;0
1561;Fensterheber;1K8837462G;22;0,05;1;0;1;1;0;0;0;1;1;1
1561;Fensterheber;1K9839461A;9;0,0204;0;0;0;0;1;0;0;0;1;0
1561;Fensterheber;1K9839462A;14;0,0318;0;0;0;0;1;0;0;0;1;0
1561;Fensterheber;1M0837461;11;0,025;1;0;0;0;1;0;0;1;1;0
1561;Fensterheber;1M0837461A;64;0,1454;1;1;1;1;1;1;1;1;1;1
1561;Fensterheber;1M0837462;15;0,0341;1;0;0;0;1;0;0;1;1;0
1561;Fensterheber;1M0837462A;41;0,0931;1;1;1;1;1;1;1;1;1;1
1561;Fensterheber;1M0839461A;2;0,0045;1;1;1;1;1;0;0;1;1;1
1561;Fensterheber;1M0839462A;2;0,0045;1;1;1;1;1;0;0;1;1;1
1561;Fensterheber;1P0837461A;15;0,0341;1;1;1;1;1;0;1;1;1;1
1561;Fensterheber;1P0837462A;4;0,0091;1;1;1;1;1;0;1;1;1;1
1561;Fensterheber;1Q0837461D;29;0,0659;1;0;1;0;1;0;0;1;0;0
1561;Fensterheber;1Q0837461E;16;0,0363;1;0;1;0;1;0;0;1;1;0
1561;Fensterheber;1Q0837461G;20;0,0454;1;0;1;0;1;0;0;1;1;1
1561;Fensterheber;1Q0837462C;2;0,0045;0;0;1;0;1;0;0;1;1;1
1561;Fensterheber;1Q0837462D;10;0,0227;1;0;0;0;1;0;0;1;0;0
1561;Fensterheber;1Q0837462E;6;0,0136;1;0;1;0;1;0;0;1;1;0
1561;Fensterheber;1Q0837462G;26;0,059;1;0;1;0;1;0;0;1;1;1
1561;Fensterheber;1S0959801;1;0,0023;0;0;0;0;0;0;0;0;0;0
1561;Fensterheber;1S3837461A;10;0,0227;1;1;1;1;1;0;0;1;1;1
1561;Fensterheber;1S3837462A;3;0,0068;1;1;1;1;1;0;0;1;1;1
1561;Fensterheber;1S4837461A;6;0,0136;1;0;1;0;0;0;0;1;0;0
1561;Fensterheber;1S4837462A;2;0,0045;1;0;1;0;0;0;0;1;0;0
1561;Fensterheber;1T0837461B;1;0,0023;0;1;0;0;0;0;1;0;0;1
1561;Fensterheber;1T0837462E;1;0,0023;0;0;0;0;0;0;0;0;0;0
1561;Fensterheber;1T0839461P;56;0,1272;0;1;1;1;1;0;0;0;1;0
1561;Fensterheber;1T0839462A;2;0,0045;0;0;1;0;1;0;0;0;1;0
1561;Fensterheber;1T0839462N;7;0,0159;1;0;0;0;1;0;1;1;0;1
1561;Fensterheber;1T0839462P;56;0,1272;0;1;1;1;1;0;0;0;1;0
1561;Fensterheber;1T1837461;1;0,0023;0;0;0;0;1;1;0;1;1;0
1561;Fensterheber;1T1837461A;48;0,109;0;0;0;1;1;1;0;1;1;0
1561;Fensterheber;1T1837461B;96;0,218;1;1;1;1;1;1;1;1;1;1
1561;Fensterheber;1T1837462A;31;0,0704;0;0;1;1;1;1;0;1;1;0
1561;Fensterheber;1T1837462B;45;0,1022;1;1;1;1;1;1;1;1;1;1
1561;Fensterheber;1U0837401C;4;0,0091;0;0;0;0;0;0;0;0;0;0
1561;Fensterheber;1U0837461;1;0,0023;0;0;0;0;0;0;0;0;0;0
1561;Fensterheber;1U0837461A;5;0,0114;1;0;1;0;1;1;0;1;1;0
1561;Fensterheber;1U0837461B;237;0,5383;1;1;1;1;1;1;1;1;1;1
1561;Fensterheber;1U0837461BMG;2;0,0045;0;0;0;0;0;0;1;0;0;0
1561;Fensterheber;1U0837462A;3;0,0068;1;0;1;0;1;1;0;1;1;0
1561;Fensterheber;1U0837462B;175;0,3974;1;1;1;1;1;1;1;1;1;1
1561;Fensterheber;1U0837462BMG;1;0,0023;0;0;0;0;0;0;1;0;0;0
1561;Fensterheber;1U0839461B;77;0,1749;1;1;1;1;1;1;1;1;1;1
1561;Fensterheber;1U0839462A;1;0,0023;0;0;0;0;1;1;0;1;1;0
1561;Fensterheber;1U0839462B;68;0,1544;1;1;1;1;1;1;1;1;1;1
1561;Fensterheber;1U1837401A;1;0,0023;0;0;0;0;1;0;0;0;0;0
1561;Fensterheber;1Y0837461F;54;0,1226;1;0;1;0;0;0;0;1;1;0
1561;Fensterheber;1Y0837462B;5;0,0114;1;0;1;0;0;0;0;1;1;0
1561;Fensterheber;1Y0837462F;12;0,0273;1;0;1;0;0;0;0;1;1;0
1561;Fensterheber;1Y0847271E;2;0,0045;0;0;0;0;0;0;0;0;0;0
1561;Fensterheber;1Y0847272E;2;0,0045;0;0;0;0;0;0;0;0;0;0
1561;Fensterheber;1Y0847275C;11;0,025;0;0;0;0;0;0;0;0;0;0
1561;Fensterheber;1Y0847276C;5;0,0114;0;0;0;0;0;0;0;0;0;0
1561;Fensterheber;1Z0839461A;29;0,0659;1;1;1;1;1;0;1;1;1;1
1561;Fensterheber;1Z0839462A;23;0,0522;1;1;1;1;1;0;1;1;1;1
1561;Fensterheber;1Z1837461;314;0,7131;1;1;1;1;1;0;1;1;1;1
1561;Fensterheber;1Z1837461MG;3;0,0068;0;0;0;0;0;0;1;0;0;0
1561;Fensterheber;1Z1837462;203;0,461;1;1;1;1;1;0;1;1;1;1
1561;Fensterheber;2000000000019275;1;0,0023;0;0;0;0;0;0;0;0;0;0
1561;Fensterheber;2000000000019276;1;0,0023;0;0;0;0;0;0;0;0;0;0
1561;Fensterheber;200040876;1;0,0023;0;0;0;0;0;0;0;0;0;0
1561;Fensterheber;200041083;1;0,0023;0;0;0;0;0;0;0;0;0;0
1561;Fensterheber;200041160;1;0,0023;0;0;0;0;0;0;0;0;0;0
1561;Fensterheber;200041679;1;0,0023;0;0;0;0;0;0;0;0;0;0
1561;Fensterheber;200179230;1;0,0023;0;0;0;0;0;0;0;0;0;0
1561;Fensterheber;200187837;1;0,0023;0;0;0;0;0;0;0;0;0;0
1561;Fensterheber;200189324;1;0,0023;0;0;0;0;0;0;0;0;0;0
1561;Fensterheber;200191341;1;0,0023;0;0;0;0;0;0;0;0;0;0
1561;Fensterheber;200240066;1;0,0023;0;0;0;0;0;0;0;0;0;0
1561;Fensterheber;200245857;1;0,0023;0;0;0;0;0;0;0;0;0;0
1561;Fensterheber;200282611;1;0,0023;0;0;0;0;0;0;0;0;0;0
1561;Fensterheber;200282612;1;0,0023;0;0;0;0;0;0;0;0;0;0
1561;Fensterheber;200305334;1;0,0023;0;0;0;0;0;0;0;0;0;0
1561;Fensterheber;200337680;2;0,0045;0;0;0;0;0;0;0;0;0;0
1561;Fensterheber;200345711;1;0,0023;0;0;0;0;0;0;0;0;0;0
1561;Fensterheber;200355672;1;0,0023;0;0;0;0;0;0;0;0;0;0
1561;Fensterheber;200360468;1;0,0023;0;0;0;0;0;0;0;0;0;0
1561;Fensterheber;200369851;1;0,0023;0;0;0;0;0;0;0;0;0;0
1561;Fensterheber;200370096;1;0,0023;0;0;0;0;0;0;0;0;0;0
1561;Fensterheber;200387984;1;0,0023;0;0;0;0;0;0;0;0;0;0
1561;Fensterheber;200477564;1;0,0023;0;0;0;0;0;0;0;0;0;0
1561;Fensterheber;200477565;1;0,0023;0;0;0;0;0;0;0;0;0;0
1561;Fensterheber;200749457;1;0,0023;0;0;0;0;0;0;0;0;0;0
1561;Fensterheber;200817086;1;0,0023;0;0;0;0;0;0;0;0;0;0
1561;Fensterheber;20081801;1;0,0023;0;0;1;0;1;0;0;1;1;0
1561;Fensterheber;200829143;1;0,0023;0;0;0;0;0;0;0;0;0;0
1561;Fensterheber;200867888;1;0,0023;0;0;0;0;0;0;0;0;0;0
1561;Fensterheber;200868071;1;0,0023;0;0;0;0;0;0;0;0;0;0
1561;Fensterheber;200868248;1;0,0023;0;0;0;0;0;0;0;0;0;0
1561;Fensterheber;200868872;1;0,0023;0;0;0;0;0;0;0;0;0;0
1561;Fensterheber;2008PSE3;1;0,0023;0;0;0;1;0;0;0;0;0;0
1561;Fensterheber;2008PSG1;2;0,0045;0;0;0;1;0;0;0;0;0;0
1561;Fensterheber;2008PSG1POL;1;0,0023;0;0;0;0;0;0;0;0;0;0
1561;Fensterheber;2009281;1;0,0023;0;0;0;1;1;0;0;1;1;1
1561;Fensterheber;2023736;1;0,0023;0;0;0;0;0;0;0;0;0;0
1561;Fensterheber;20241801;1;0,0023;0;0;1;0;1;0;0;1;0;0
1561;Fensterheber;2030256;1;0,0023;0;0;0;0;0;0;0;0;0;0
1561;Fensterheber;2030447;1;0,0023;0;0;0;0;0;0;0;0;0;0
1561;Fensterheber;2030448;1;0,0023;0;0;0;0;0;0;0;0;0;0
1561;Fensterheber;2030495;3;0,0068;0;0;0;0;0;0;0;0;0;0
1561;Fensterheber;2030843;1;0,0023;0;0;0;0;0;0;0;0;0;0
1561;Fensterheber;2030852;3;0,0068;0;0;0;0;0;0;0;0;0;0
1561;Fensterheber;2030854;1;0,0023;0;0;0;0;0;0;0;0;0;0
1561;Fensterheber;2030925;1;0,0023;0;0;0;0;0;0;0;0;0;0
1561;Fensterheber;2030944;1;0,0023;0;0;0;0;0;0;0;0;0;0
1561;Fensterheber;2030946;2;0,0045;0;0;0;0;0;0;0;0;0;0
1561;Fensterheber;2030952;1;0,0023;0;0;0;0;0;0;0;0;0;0
1561;Fensterheber;2030975;4;0,0091;0;0;0;0;0;0;0;0;0;0
1561;Fensterheber;2031160;1;0,0023;0;0;0;0;0;0;0;0;0;0
1561;Fensterheber;2031212;1;0,0023;0;0;0;0;0;0;0;0;0;0
1561;Fensterheber;2031215;1;0,0023;0;0;0;0;0;0;0;0;0;0
1561;Fensterheber;2031667;1;0,0023;0;0;0;0;0;0;0;0;0;0
1561;Fensterheber;2031993;1;0,0023;0;0;0;0;0;0;0;0;0;0
1561;Fensterheber;20322121;1;0,0023;0;0;0;1;0;0;0;0;0;0
1561;Fensterheber;2033186;1;0,0023;0;0;0;0;0;0;0;0;0;0
1561;Fensterheber;2033976;1;0,0023;0;0;0;0;0;0;0;0;0;0
1561;Fensterheber;2034041;1;0,0023;0;0;0;0;0;0;0;0;0;0
1561;Fensterheber;2036167;1;0,0023;0;0;0;0;0;0;0;0;0;0
1561;Fensterheber;2037120;2;0,0045;0;0;0;0;0;0;0;0;0;0
1561;Fensterheber;2037201546;2;0,0045;1;1;1;0;1;0;0;1;0;0
1561;Fensterheber;2037201646;1;0,0023;1;1;1;0;1;0;0;1;0;0
1561;Fensterheber;2037203146;9;0,0204;1;1;1;1;1;0;0;1;0;0
1561;Fensterheber;2037203246;4;0,0091;1;1;1;1;1;0;0;1;0;0
1561;Fensterheber;2037300446;1;0,0023;1;1;1;0;1;0;0;1;0;0
1561;Fensterheber;2037471;3;0,0068;0;0;0;0;0;0;0;0;0;0
1561;Fensterheber;2037536;1;0,0023;0;0;0;0;0;0;0;0;0;0
1561;Fensterheber;2037538;2;0,0045;0;0;0;0;0;0;0;0;0;0
1561;Fensterheber;2037539;2;0,0045;0;0;0;0;0;0;0;0;0;0
1561;Fensterheber;2037540;2;0,0045;0;0;0;0;0;0;0;0;0;0
1561;Fensterheber;2037541;1;0,0023;0;0;0;0;0;0;0;0;0;0
1561;Fensterheber;2039735;1;0,0023;0;0;0;0;0;0;0;0;0;0
1561;Fensterheber;2039736;1;0,0023;0;0;0;0;0;0;0;0;0;0
1561;Fensterheber;2040PSG4POL;1;0,0023;0;0;0;0;0;0;0;0;0;0
1561;Fensterheber;204154SAMPA;1;0,0023;0;0;0;0;0;0;0;0;0;0
1561;Fensterheber;2047202479;3;0,0068;1;1;1;1;1;1;0;1;0;0
1561;Fensterheber;2053000105;1;0,0023;0;0;0;0;0;0;0;0;0;0
1561;Fensterheber;2053000373;1;0,0023;0;0;0;0;0;0;0;0;0;0
1561;Fensterheber;2053000567;1;0,0023;0;0;0;0;0;0;0;0;0;0
1561;Fensterheber;2053001154;1;0,0023;0;0;0;0;0;0;0;0;0;0
1561;Fensterheber;2053002730;1;0,0023;0;0;0;0;0;0;0;0;0;0
1561;Fensterheber;20557552;2;0,0045;1;0;0;0;1;1;0;1;1;0
1561;Fensterheber;20557554;1;0,0023;1;0;0;0;1;1;0;1;1;0
1561;Fensterheber;207363;1;0,0023;0;0;1;1;1;0;1;1;0;0
1561;Fensterheber;207364;1;0,0023;0;0;1;1;1;0;1;1;0;0
1561;Fensterheber;2073701;1;0,0023;0;0;0;0;0;0;0;0;0;0
1561;Fensterheber;2073732;3;0,0068;0;0;0;0;0;0;0;0;0;0
1561;Fensterheber;2075711;2;0,0045;0;0;0;0;0;0;0;0;0;0
1561;Fensterheber;2079711;1;0,0023;0;0;0;0;0;0;0;0;0;0
1561;Fensterheber;2081735;1;0,0023;0;0;0;0;0;0;0;0;0;0
1561;Fensterheber;208449;1;0,0023;0;0;0;0;0;0;0;0;0;0
1561;Fensterheber;20952723;1;0,0023;1;1;1;1;0;0;0;0;1;1
1561;Fensterheber;20952724;2;0,0045;1;1;1;1;0;0;0;1;1;1
1561;Fensterheber;20952751;2;0,0045;1;1;1;0;1;0;0;0;0;1
1561;Fensterheber;2107301546;6;0,0136;1;1;1;1;1;1;0;1;0;0
1561;Fensterheber;2107301546MG;2;0,0045;0;0;0;0;0;0;1;0;0;0
1561;Fensterheber;2107301646;6;0,0136;1;1;1;1;1;1;1;1;0;0
1561;Fensterheber;2107301646MG;1;0,0023;0;0;0;0;0;0;1;0;0;0
1561;Fensterheber;2110046;1;0,0023;0;0;0;0;0;0;0;0;0;0
1561;Fensterheber;2110631;1;0,0023;0;0;0;0;0;0;0;0;0;0
1561;Fensterheber;2110642;1;0,0023;0;0;0;0;0;0;0;0;0;0
1561;Fensterheber;2110656;1;0,0023;0;0;0;0;0;0;0;0;0;0
1561;Fensterheber;2112944;2;0,0045;0;0;0;0;0;0;0;0;0;0
1561;Fensterheber;2112951;1;0,0023;0;0;0;0;0;0;0;0;0;0
1561;Fensterheber;2115264;1;0,0023;1;0;1;0;0;0;0;0;1;0
1561;Fensterheber;211?00?48;1;0,0023;0;0;0;0;0;0;0;0;0;0
1561;Fensterheber;211?05?09;1;0,0023;0;0;0;0;0;0;0;0;0;0
1561;Fensterheber;211?05?24;1;0,0023;0;0;0;0;0;0;0;0;0;0
1561;Fensterheber;211?05?73;1;0,0023;0;0;0;0;0;0;0;0;0;0
1561;Fensterheber;2127201679;4;0,0091;1;1;1;1;1;1;0;0;0;0
1561;Fensterheber;2138708;1;0,0023;0;0;1;0;0;0;0;0;0;0
1561;Fensterheber;2146006;1;0,0023;1;0;0;0;1;0;0;1;1;0
1561;Fensterheber;2146008;1;0,0023;0;0;0;0;1;0;0;1;1;1
1561;Fensterheber;2160003;1;0,0023;0;0;1;1;0;0;1;0;0;0
1561;Fensterheber;2160009;1;0,0023;0;0;1;1;0;1;1;0;0;1
1561;Fensterheber;2160013;1;0,0023;0;0;1;1;1;1;1;1;0;1
1561;Fensterheber;2160024;1;0,0023;0;1;1;1;1;1;0;1;0;1
1561;Fensterheber;2160025;4;0,0091;0;0;1;1;1;1;1;0;0;1
1561;Fensterheber;2160025MZ;1;0,0023;0;0;0;0;0;0;0;0;0;0
1561;Fensterheber;2160026;1;0,0023;0;0;1;1;1;1;1;0;0;1
1561;Fensterheber;2160046;3;0,0068;1;1;1;1;1;1;0;0;0;1
1561;Fensterheber;2160060;2;0,0045;1;1;1;1;1;0;0;0;0;1
1561;Fensterheber;2160061;1;0,0023;0;0;1;1;1;0;0;1;0;0
1561;Fensterheber;2160065;1;0,0023;0;0;1;1;1;1;0;1;0;1
1561;Fensterheber;2160094;1;0,0023;0;0;1;1;1;1;0;0;0;1
1561;Fensterheber;2160095;1;0,0023;0;0;1;1;1;1;0;0;0;1
1561;Fensterheber;2160106;1;0,0023;0;0;1;0;0;0;0;1;0;0
1561;Fensterheber;2160111;2;0,0045;0;1;1;1;1;0;0;0;0;1
1561;Fensterheber;2160149ME;1;0,0023;0;0;0;0;0;0;0;0;0;0
1561;Fensterheber;2160213MZ;1;0,0023;0;0;0;0;0;0;0;0;0;0
1561;Fensterheber;2160245;1;0,0023;0;1;1;1;0;1;0;1;0;1
1561;Fensterheber;2160248;3;0,0068;1;1;1;1;0;1;0;0;0;1
1561;Fensterheber;2160249;1;0,0023;1;1;1;1;0;1;0;0;0;1
1561;Fensterheber;2160253;2;0,0045;0;1;1;1;0;1;0;0;0;1
1561;Fensterheber;216025694;1;0,0023;0;0;0;0;0;0;0;0;0;0
1561;Fensterheber;2160258;1;0,0023;0;1;1;1;0;0;0;0;0;1
1561;Fensterheber;2160259;2;0,0045;0;1;1;1;0;0;0;0;0;1
1561;Fensterheber;2160264METZGER;1;0,0023;0;0;0;0;0;0;0;0;0;0
1561;Fensterheber;2160267;1;0,0023;0;1;1;1;1;1;0;1;0;1
1561;Fensterheber;2160284;4;0,0091;0;0;1;1;1;0;1;1;0;1
1561;Fensterheber;2160301MTZ;1;0,0023;0;0;0;0;0;0;0;0;0;0
1561;Fensterheber;2160302MTZ;1;0,0023;0;0;0;0;0;0;0;0;0;0
1561;Fensterheber;2160309METZGER;1;0,0023;0;0;0;0;0;0;0;0;0;0
1561;Fensterheber;2160312ME;1;0,0023;0;0;0;0;0;0;0;0;0;0
1561;Fensterheber;2160313MZ;1;0,0023;0;0;0;0;0;0;0;0;0;0
1561;Fensterheber;2160314MZ;1;0,0023;0;0;0;0;0;0;0;0;0;0
1561;Fensterheber;2160329;2;0,0045;0;1;1;1;1;1;0;0;0;1
1561;Fensterheber;2160337;1;0,0023;0;0;1;1;0;1;0;1;0;1
1561;Fensterheber;2160357;2;0,0045;0;0;1;1;0;0;0;1;0;1
1561;Fensterheber;2160365;1;0,0023;0;0;1;1;0;0;0;1;0;1
1561;Fensterheber;2160371;3;0,0068;0;1;1;1;0;0;0;1;0;1
1561;Fensterheber;2160371METZGER;1;0,0023;0;0;0;0;0;0;0;0;0;0
1561;Fensterheber;2160377ME;1;0,0023;0;0;0;0;0;0;0;0;0;0
1561;Fensterheber;2160413;3;0,0068;0;1;1;1;0;0;0;0;0;1
1561;Fensterheber;2160413ME;1;0,0023;0;0;0;0;0;0;0;0;0;0
1561;Fensterheber;2160415;3;0,0068;0;0;1;1;0;0;0;0;0;0
1561;Fensterheber;2160437;1;0,0023;1;0;0;1;0;0;0;0;0;1
1561;Fensterheber;2160445;1;0,0023;1;0;1;1;0;0;0;0;0;0
1561;Fensterheber;2160448;1;0,0023;0;0;1;1;0;0;0;0;0;1
1561;Fensterheber;2160449;6;0,0136;1;0;1;1;0;1;0;1;0;0
1561;Fensterheber;2160450;4;0,0091;1;0;1;1;0;1;0;1;0;0
1561;Fensterheber;2160461;3;0,0068;0;0;1;1;0;0;0;0;0;1
1561;Fensterheber;2160487;1;0,0023;0;0;1;1;0;0;0;1;0;0
1561;Fensterheber;2160493;1;0,0023;0;1;1;1;0;0;0;1;0;0
1561;Fensterheber;2160494;1;0,0023;0;1;1;1;0;0;0;0;0;0
1561;Fensterheber;2160519;3;0,0068;0;0;1;1;0;0;0;1;0;1
1561;Fensterheber;2160520;1;0,0023;0;0;1;1;0;0;0;1;0;1
1561;Fensterheber;2160523;1;0,0023;0;1;1;1;0;0;0;1;0;0
1561;Fensterheber;2160547;1;0,0023;0;0;1;1;0;0;0;1;0;0
1561;Fensterheber;2160601METZGER;1;0,0023;0;0;0;0;0;0;0;0;0;0
1561;Fensterheber;2160604;1;0,0023;0;0;1;1;0;0;0;0;0;1
1561;Fensterheber;2160614;4;0,0091;0;0;0;1;0;0;0;0;0;0
1561;Fensterheber;2160615;2;0,0045;0;0;0;1;0;0;0;0;0;0
1561;Fensterheber;2160616;1;0,0023;0;0;0;1;0;0;0;0;0;0
1561;Fensterheber;2160651;1;0,0023;0;0;1;1;0;1;0;0;0;0
1561;Fensterheber;2160665;1;0,0023;1;0;1;1;0;1;0;0;0;0
1561;Fensterheber;2160669;29;0,0659;0;0;1;1;0;0;0;1;0;1
1561;Fensterheber;2160670ME;1;0,0023;0;0;0;0;0;0;0;0;0;0
1561;Fensterheber;2160675;2;0,0045;0;0;1;1;0;0;0;1;0;0
1561;Fensterheber;2160689ME;1;0,0023;0;0;0;0;0;0;0;0;0;0
1561;Fensterheber;2160690ME;1;0,0023;0;0;0;0;0;0;0;0;0;0
1561;Fensterheber;217086;1;0,0023;0;0;0;0;0;0;0;0;0;0
1561;Fensterheber;217334;3;0,0068;0;0;0;0;0;0;0;1;0;0
1561;Fensterheber;2197200946;1;0,0023;0;0;1;0;0;0;0;0;0;0
1561;Fensterheber;2197201046;2;0,0045;0;0;1;0;0;0;0;0;0;0
1561;Fensterheber;221195;1;0,0023;0;0;0;0;0;0;0;0;0;0
1561;Fensterheber;221196;2;0,0045;0;0;0;0;0;0;0;0;0;0
1561;Fensterheber;227232;1;0,0023;0;0;0;0;0;0;0;0;0;0
1561;Fensterheber;228445;1;0,0023;0;0;0;0;0;0;0;0;0;0
1561;Fensterheber;230260;1;0,0023;0;0;0;0;0;0;0;0;0;0
1561;Fensterheber;2303352;1;0,0023;1;1;0;0;1;1;0;1;1;0
1561;Fensterheber;2315PSG1;1;0,0023;0;0;0;1;0;0;0;0;0;0
1561;Fensterheber;2318PSG1POL;1;0,0023;0;0;0;0;0;0;0;0;0;0
1561;Fensterheber;2323095;1;0,0023;0;0;0;0;1;0;0;0;1;1
1561;Fensterheber;2329PSG1;1;0,0023;0;0;0;1;0;0;0;0;0;0
1561;Fensterheber;2334PSG1;2;0,0045;0;0;0;1;0;0;0;0;0;0
1561;Fensterheber;2334PSG2;1;0,0023;0;0;0;1;0;0;0;0;0;0
1561;Fensterheber;233577;2;0,0045;0;0;0;0;0;0;0;0;0;0
1561;Fensterheber;2338PSG1POL;1;0,0023;0;0;0;0;0;0;0;0;0;0
1561;Fensterheber;233936;1;0,0023;0;0;0;0;0;0;0;0;0;0
1561;Fensterheber;234091;1;0,0023;0;0;0;0;0;0;0;0;0;0
1561;Fensterheber;234165;1;0,0023;0;0;0;0;0;0;0;0;0;0
1561;Fensterheber;234181;1;0,0023;0;0;0;0;0;0;0;0;0;0
1561;Fensterheber;234184;2;0,0045;0;0;0;0;0;0;0;0;0;0
1561;Fensterheber;234185;1;0,0023;0;0;0;0;0;0;0;0;0;0
1561;Fensterheber;234192;1;0,0023;0;0;0;0;0;0;0;0;0;0
1561;Fensterheber;2350PSG1;1;0,0023;0;0;0;1;0;0;0;0;0;0
1561;Fensterheber;2363;1;0,0023;0;0;0;1;0;1;0;0;0;0
1561;Fensterheber;2391PSG1;1;0,0023;0;0;0;1;0;0;0;0;0;0
1561;Fensterheber;2391PSG1POL;1;0,0023;0;0;0;0;0;0;0;0;0;0
1561;Fensterheber;2391PSG2;1;0,0023;0;0;0;1;0;0;0;0;0;0
1561;Fensterheber;2441735;1;0,0023;0;0;0;0;0;0;0;0;0;0
1561;Fensterheber;24450166;1;0,0023;0;0;0;0;0;0;0;0;0;0
1561;Fensterheber;24451522;1;0,0023;1;1;1;0;1;0;0;1;1;1
1561;Fensterheber;2467200179;1;0,0023;1;1;1;1;0;0;0;0;0;0
1561;Fensterheber;2472178;1;0,0023;0;0;0;0;1;0;0;0;0;1
1561;Fensterheber;2473811;1;0,0023;0;0;0;1;1;0;0;0;1;1
1561;Fensterheber;2473815;5;0,0114;1;0;0;1;1;0;0;1;1;1
1561;Fensterheber;25091103;1;0,0023;0;0;0;0;0;1;0;0;0;0
1561;Fensterheber;25102111;2;0,0045;0;0;1;1;0;0;0;0;0;0
1561;Fensterheber;25102121;2;0,0045;0;0;1;1;0;0;0;0;0;0
1561;Fensterheber;251210;1;0,0023;0;0;0;0;0;0;0;0;0;0
1561;Fensterheber;251211;1;0,0023;0;0;0;0;0;0;0;0;0;0
1561;Fensterheber;251837461;1;0,0023;0;1;0;0;0;0;0;1;0;0
1561;Fensterheber;251837502A;1;0,0023;0;0;0;0;0;0;0;0;0;0
1561;Fensterheber;2520004667;1;0,0023;0;0;0;0;0;0;0;0;0;0
1561;Fensterheber;2520004753;1;0,0023;0;0;0;0;0;0;0;0;0;0
1561;Fensterheber;2520004772;1;0,0023;0;0;0;0;0;0;0;0;0;0
1561;Fensterheber;2520004787;1;0,0023;0;0;0;0;0;0;0;0;0;0
1561;Fensterheber;2520005052;1;0,0023;0;0;0;0;0;0;0;0;0;0
1561;Fensterheber;2520005103;1;0,0023;0;0;0;0;0;0;0;0;0;0
1561;Fensterheber;2520005206;1;0,0023;0;0;0;0;0;0;0;0;0;0
1561;Fensterheber;2520005667;1;0,0023;0;0;0;0;0;0;0;0;0;0
1561;Fensterheber;2520005843;1;0,0023;0;0;0;0;0;0;0;0;0;0
1561;Fensterheber;253816;2;0,0045;0;0;0;0;0;0;0;0;0;0
1561;Fensterheber;25412111;2;0,0045;0;0;1;0;0;0;0;0;0;0
1561;Fensterheber;2543261;3;0,0068;1;0;1;0;0;0;0;1;1;0
1561;Fensterheber;2543262;3;0,0068;1;0;1;0;0;0;0;0;1;0
1561;Fensterheber;2543263;4;0,0091;1;0;1;0;0;0;0;0;0;0
1561;Fensterheber;2545262;1;0,0023;1;0;1;0;0;0;0;1;1;0
1561;Fensterheber;25502111;4;0,0091;0;0;1;0;0;0;0;0;0;0
1561;Fensterheber;25502131;1;0,0023;0;0;0;1;0;0;0;0;0;0
1561;Fensterheber;25502141;2;0,0045;0;0;0;1;0;0;0;0;0;0
1561;Fensterheber;25641803;1;0,0023;0;0;0;1;0;0;0;0;0;1
1561;Fensterheber;256700;1;0,0023;0;0;0;0;0;0;0;0;0;0
1561;Fensterheber;256706;1;0,0023;0;0;0;0;0;0;0;0;0;0
1561;Fensterheber;2572349;5;0,0114;0;0;0;0;1;1;0;0;0;1
1561;Fensterheber;25752111;1;0,0023;0;0;0;0;0;0;0;0;0;0
1561;Fensterheber;25752141;1;0,0023;0;0;0;0;0;0;0;0;0;0
1561;Fensterheber;257752;1;0,0023;0;0;0;0;0;0;0;0;0;0
1561;Fensterheber;25831804;1;0,0023;0;0;0;1;1;0;0;1;1;1
1561;Fensterheber;259234;1;0,0023;0;0;0;0;0;0;0;0;0;0
1561;Fensterheber;25972111;1;0,0023;0;0;1;0;0;0;0;0;0;0
1561;Fensterheber;25972121;1;0,0023;0;0;1;0;0;0;0;0;0;0
1561;Fensterheber;260411;1;0,0023;0;0;0;0;0;0;0;0;0;0
1561;Fensterheber;26127558745;5;0,0114;0;0;0;0;0;0;0;0;0;0
1561;Fensterheber;261554;1;0,0023;0;0;0;0;0;0;0;0;0;0
1561;Fensterheber;26719;1;0,0023;0;0;0;1;0;1;1;1;0;0
1561;Fensterheber;26890;2;0,0045;0;0;0;0;0;1;0;1;0;0
1561;Fensterheber;26891;1;0,0023;0;0;0;0;0;1;0;1;0;0
1561;Fensterheber;26909;1;0,0023;0;0;0;1;0;1;1;1;0;0
1561;Fensterheber;269102;1;0,0023;0;0;0;0;0;0;0;0;0;0
1561;Fensterheber;269108;3;0,0068;0;0;0;0;0;0;0;0;0;0
1561;Fensterheber;269112;4;0,0091;0;0;0;0;0;0;0;0;0;0
1561;Fensterheber;269262;1;0,0023;0;0;0;0;0;0;0;0;0;0
1561;Fensterheber;269426;3;0,0068;0;0;0;0;0;0;0;0;0;0
1561;Fensterheber;26986;1;0,0023;0;0;0;0;0;1;0;0;0;0
1561;Fensterheber;26996;1;0,0023;0;0;0;0;0;1;0;0;0;0
1561;Fensterheber;270535;2;0,0045;0;0;0;0;0;0;0;0;0;0
1561;Fensterheber;270536;1;0,0023;0;0;0;0;0;0;0;0;0;0
1561;Fensterheber;270723;1;0,0023;0;0;0;0;0;0;0;0;0;0
1561;Fensterheber;270828;2;0,0045;0;0;0;0;0;0;0;0;0;0
1561;Fensterheber;270830;1;0,0023;0;0;0;0;0;0;0;0;0;0
1561;Fensterheber;272152;1;0,0023;1;0;0;0;0;1;0;1;0;0
1561;Fensterheber;272153;1;0,0023;1;0;0;0;0;1;0;1;0;0
1561;Fensterheber;2734262;2;0,0045;1;0;1;1;0;0;0;0;0;0
1561;Fensterheber;2734264;2;0,0045;1;0;1;1;0;0;0;0;1;0
1561;Fensterheber;2734265;3;0,0068;1;0;1;1;0;0;0;0;0;0
1561;Fensterheber;2734266;1;0,0023;1;0;1;1;0;0;0;0;0;0
1561;Fensterheber;27345;3;0,0068;0;0;0;1;0;1;1;1;0;0
1561;Fensterheber;27346;3;0,0068;0;0;0;1;0;1;1;1;0;0
1561;Fensterheber;2738261;1;0,0023;1;0;1;0;0;0;0;0;0;0
1561;Fensterheber;27392;1;0,0023;0;0;0;1;0;1;1;1;0;0
1561;Fensterheber;2740261;5;0,0114;1;0;1;0;0;0;0;1;1;0
1561;Fensterheber;2740263;2;0,0045;0;0;1;1;0;0;0;0;0;0
1561;Fensterheber;2740264;1;0,0023;0;0;1;0;0;0;0;0;0;0
1561;Fensterheber;2758261;1;0,0023;1;0;1;0;1;0;0;1;1;1
1561;Fensterheber;2758262;1;0,0023;1;0;1;0;1;0;0;1;1;1
1561;Fensterheber;2759PSG2;1;0,0023;0;0;0;1;0;0;0;0;0;0
1561;Fensterheber;2759PSG2POL;1;0,0023;0;0;0;0;0;0;0;0;0;0
1561;Fensterheber;280058584;1;0,0023;0;0;0;0;0;0;0;0;0;0
1561;Fensterheber;280135;2;0,0045;0;0;0;1;0;1;1;0;0;0
1561;Fensterheber;280145;3;0,0068;0;0;0;1;0;1;1;1;0;0
1561;Fensterheber;280147;1;0,0023;0;0;0;0;0;0;0;0;0;0
1561;Fensterheber;280149;1;0,0023;0;0;0;1;0;1;1;0;0;0
1561;Fensterheber;280201;4;0,0091;0;0;0;1;0;1;1;0;0;0
1561;Fensterheber;280202;5;0,0114;0;0;0;1;0;1;1;0;0;0
1561;Fensterheber;280203;12;0,0273;0;0;0;1;0;1;1;1;0;0
1561;Fensterheber;280204;14;0,0318;0;0;0;1;0;1;1;1;0;0
1561;Fensterheber;280205;3;0,0068;0;0;0;1;0;1;1;0;0;0
1561;Fensterheber;280208;1;0,0023;0;0;0;1;0;0;1;0;0;0
1561;Fensterheber;280218;2;0,0045;0;0;0;1;0;1;1;0;0;0
1561;Fensterheber;280219;2;0,0045;0;0;0;1;0;1;1;1;0;0
1561;Fensterheber;280229;29;0,0659;0;0;0;1;0;1;1;1;0;0
1561;Fensterheber;280230;14;0,0318;0;0;0;1;0;1;1;0;0;0
1561;Fensterheber;280242;9;0,0204;1;0;0;1;0;1;1;1;0;0
1561;Fensterheber;280243;3;0,0068;1;0;0;1;0;1;1;1;0;0
1561;Fensterheber;280244;4;0,0091;0;0;0;1;0;1;1;0;0;0
1561;Fensterheber;280245;2;0,0045;0;0;0;1;0;1;1;0;0;0
1561;Fensterheber;280246;3;0,0068;0;0;0;0;0;0;1;1;0;0
1561;Fensterheber;280247;2;0,0045;0;0;0;0;0;0;1;1;0;0
1561;Fensterheber;280272;8;0,0182;0;0;0;1;0;1;1;1;0;0
1561;Fensterheber;280273;5;0,0114;0;0;0;1;0;1;1;0;0;0
1561;Fensterheber;280324;3;0,0068;0;0;0;1;1;1;1;0;1;0
1561;Fensterheber;280325;2;0,0045;0;0;0;1;0;1;1;0;0;0
1561;Fensterheber;280326;7;0,0159;0;0;0;1;0;0;1;1;0;0
1561;Fensterheber;280327;3;0,0068;0;0;0;1;0;0;1;1;0;0
1561;Fensterheber;280328;2;0,0045;0;0;0;1;0;1;1;1;0;0
1561;Fensterheber;280329;1;0,0023;0;0;0;1;0;1;1;1;0;0
1561;Fensterheber;2819856;1;0,0023;0;0;0;0;0;0;0;0;0;0
1561;Fensterheber;28875;1;0,0023;0;0;0;0;0;0;0;0;0;0
1561;Fensterheber;28876;1;0,0023;0;0;0;0;0;0;0;0;0;0
1561;Fensterheber;28B1PSE1;1;0,0023;0;0;0;0;0;0;0;0;0;0
1561;Fensterheber;2902PSE2POL;1;0,0023;0;0;0;0;0;0;0;0;0;0
1561;Fensterheber;2910261;7;0,0159;1;0;1;1;1;0;1;1;1;1
1561;Fensterheber;2910262;2;0,0045;1;0;1;1;1;0;1;0;1;1
1561;Fensterheber;2910263;6;0,0136;1;0;1;1;0;0;0;0;1;0
1561;Fensterheber;2910264;9;0,0204;1;0;1;1;0;0;0;0;1;0
1561;Fensterheber;292335;1;0,0023;0;0;0;0;0;0;0;0;0;0
1561;Fensterheber;2924261;6;0,0136;1;0;1;1;0;0;0;0;0;0
1561;Fensterheber;2924263;1;0,0023;0;0;1;1;0;0;0;0;0;0
1561;Fensterheber;2924264;1;0,0023;0;0;1;1;0;0;0;0;0;0
1561;Fensterheber;297066;2;0,0045;0;0;0;0;0;0;0;0;0;0
1561;Fensterheber;298092;1;0,0023;0;0;0;0;0;0;0;0;0;0
1561;Fensterheber;299647;2;0,0045;0;0;0;0;0;0;0;0;0;0
1561;Fensterheber;2997184;1;0,0023;0;0;0;0;1;0;0;1;1;1
1561;Fensterheber;2997185;1;0,0023;0;0;0;0;1;1;0;0;1;1
1561;Fensterheber;2997186;1;0,0023;0;0;0;0;1;1;0;0;1;1
1561;Fensterheber;2997195;7;0,0159;1;1;0;0;1;1;0;1;1;1
1561;Fensterheber;2997196;9;0,0204;1;1;0;0;1;1;0;1;1;1
1561;Fensterheber;2D0837462;3;0,0068;0;0;0;0;1;0;0;1;1;0
1561;Fensterheber;2E0837401;9;0,0204;1;1;1;1;1;0;0;1;1;1
1561;Fensterheber;2E0837402;7;0,0159;1;1;1;1;1;0;0;1;1;1
1561;Fensterheber;2G6839462E;1;0,0023;0;0;1;0;1;0;0;0;0;0
1561;Fensterheber;2GA837461F;1;0,0023;0;0;1;1;1;0;0;1;1;1
1561;Fensterheber;2GA837462F;1;0,0023;0;0;1;1;1;0;0;1;1;1
1561;Fensterheber;2GM837461A;2;0,0045;0;0;1;0;1;0;0;1;1;1
1561;Fensterheber;2GM837461C;2;0,0045;0;0;1;0;1;0;0;0;1;1
1561;Fensterheber;2GM839462F;1;0,0023;0;0;1;0;1;0;0;0;1;0
1561;Fensterheber;2H0837401D;2;0,0045;1;1;1;1;0;0;0;1;1;1
1561;Fensterheber;2H0837402C;1;0,0023;1;1;1;1;0;0;0;1;1;1
1561;Fensterheber;2H0837402D;3;0,0068;1;1;1;1;0;0;0;1;1;1
1561;Fensterheber;2H6837401B;1;0,0023;0;0;1;0;0;0;0;0;0;0
1561;Fensterheber;2K1837729E;3;0,0068;1;1;1;0;1;0;0;1;1;1
1561;Fensterheber;2K1837730H;1;0,0023;1;1;1;1;1;0;0;1;1;0
1561;Fensterheber;2K1837730L;17;0,0386;1;1;1;1;1;0;0;1;1;1
1561;Fensterheber;2K2837729M;34;0,0772;1;1;1;1;1;0;0;1;1;1
1561;Fensterheber;2K5837461;1;0,0023;0;0;0;0;0;0;0;0;0;0
1561;Fensterheber;2M51A27000CC;1;0,0023;1;1;1;1;1;0;0;1;1;0
1561;Fensterheber;2N11N23200BU;1;0,0023;1;1;0;0;0;0;0;1;0;0
1561;Fensterheber;2S5114A389AA;10;0,0227;0;1;1;0;0;0;0;0;0;0
1561;Fensterheber;2S51B23201BP;1;0,0023;0;1;1;1;0;0;0;1;0;0
1561;Fensterheber;3002612113;1;0,0023;0;0;0;0;0;0;0;0;0;0
1561;Fensterheber;3003PSE2;2;0,0045;0;0;0;0;0;0;0;0;0;0
1561;Fensterheber;301084;1;0,0023;1;0;0;0;1;0;0;1;1;1
1561;Fensterheber;301092;1;0,0023;0;0;0;1;1;1;0;0;1;1
1561;Fensterheber;301119;1;0,0023;0;0;0;1;1;0;0;1;1;1
1561;Fensterheber;301121;1;0,0023;1;0;0;0;1;1;1;1;1;1
1561;Fensterheber;301132;1;0,0023;1;0;0;1;1;1;1;1;1;1
1561;Fensterheber;301175;1;0,0023;1;0;0;1;1;1;1;1;1;1
1561;Fensterheber;301225;1;0,0023;0;0;0;0;1;0;1;1;1;1
1561;Fensterheber;301287;1;0,0023;1;0;0;0;1;0;0;1;1;1
1561;Fensterheber;301307;4;0,0091;0;0;0;1;1;1;1;1;1;1
1561;Fensterheber;301355;1;0,0023;1;0;0;1;1;0;0;1;1;1
1561;Fensterheber;301368;1;0,0023;1;0;0;0;1;0;0;1;1;1
1561;Fensterheber;301394;1;0,0023;0;0;0;0;1;0;1;1;1;1
1561;Fensterheber;301402;1;0,0023;0;0;0;0;1;0;0;1;1;1
1561;Fensterheber;301405;1;0,0023;0;0;0;1;1;0;0;1;1;1
1561;Fensterheber;3014268;1;0,0023;0;0;1;1;1;0;0;0;1;1
1561;Fensterheber;301450;1;0,0023;0;0;0;1;1;0;1;1;1;1
1561;Fensterheber;301454;1;0,0023;0;0;0;1;1;0;0;1;1;1
1561;Fensterheber;301497;1;0,0023;1;0;0;1;1;0;1;1;1;1
1561;Fensterheber;301539;1;0,0023;1;0;0;0;1;0;0;1;1;1
1561;Fensterheber;301548;1;0,0023;0;0;0;1;1;0;0;1;1;1
1561;Fensterheber;301549;1;0,0023;0;0;0;1;1;0;0;1;1;1
1561;Fensterheber;301661;2;0,0045;0;0;0;1;0;0;0;1;1;1
1561;Fensterheber;3017261;1;0,0023;1;0;1;1;1;1;0;1;1;1
1561;Fensterheber;3017262;2;0,0045;1;0;1;1;1;1;0;1;1;1
1561;Fensterheber;3017266;1;0,0023;0;0;1;1;0;1;0;0;0;0
1561;Fensterheber;3017267;1;0,0023;1;0;1;0;0;0;0;1;1;0
1561;Fensterheber;301869;1;0,0023;0;0;0;1;1;0;0;1;1;1
1561;Fensterheber;301901;1;0,0023;0;0;0;1;1;1;1;1;1;1
1561;Fensterheber;3019261;1;0,0023;1;0;1;1;1;0;0;1;1;0
1561;Fensterheber;301931;1;0,0023;1;0;0;0;1;0;0;1;1;1
1561;Fensterheber;302064;1;0,0023;1;0;0;0;1;1;0;0;1;1
1561;Fensterheber;302065;1;0,0023;1;0;0;0;1;1;0;0;1;1
1561;Fensterheber;30208B;2;0,0045;1;0;0;1;1;1;1;1;1;1
1561;Fensterheber;30220;1;0,0023;1;0;0;1;1;1;1;1;1;1
1561;Fensterheber;302248;1;0,0023;1;0;0;1;1;1;0;1;1;1
1561;Fensterheber;3024225;4;0,0091;0;0;1;1;0;0;0;0;0;0
1561;Fensterheber;3024261;1;0,0023;1;0;1;1;1;0;1;1;1;1
1561;Fensterheber;3024264;2;0,0045;1;0;1;0;1;0;0;1;1;1
1561;Fensterheber;3024265;1;0,0023;0;0;1;1;0;0;0;1;0;0
1561;Fensterheber;3024266;1;0,0023;0;0;1;1;0;0;0;1;0;0
1561;Fensterheber;302463;1;0,0023;1;0;0;0;1;0;0;1;1;1
1561;Fensterheber;3024PSM4A;1;0,0023;0;0;0;1;0;1;0;0;0;0
1561;Fensterheber;302523;1;0,0023;0;0;0;0;1;0;0;1;1;0
1561;Fensterheber;302575;1;0,0023;1;0;0;1;0;1;1;1;1;1
1561;Fensterheber;302678;1;0,0023;0;0;0;1;0;0;0;0;1;0
1561;Fensterheber;3028261;1;0,0023;0;0;1;1;1;1;1;1;1;1
1561;Fensterheber;3028262;1;0,0023;0;0;1;1;1;1;1;1;1;1
1561;Fensterheber;3028263;10;0,0227;1;0;1;1;1;1;1;1;1;1
1561;Fensterheber;3028264;7;0,0159;0;0;1;1;1;1;1;1;1;1
1561;Fensterheber;3030263;1;0,0023;1;0;1;1;0;0;0;1;1;1
1561;Fensterheber;3032265;2;0,0045;1;0;1;1;0;0;0;0;0;0
1561;Fensterheber;3040PSE2;1;0,0023;0;0;0;1;0;0;0;0;0;0
1561;Fensterheber;3040PSE2POL;1;0,0023;0;0;0;0;0;0;0;0;0;0
1561;Fensterheber;3041261;2;0,0045;1;0;1;1;1;0;1;1;1;1
1561;Fensterheber;3048261;14;0,0318;0;0;1;0;0;0;0;0;0;0
1561;Fensterheber;3048262;9;0,0204;0;0;1;0;0;0;0;0;0;0
1561;Fensterheber;3048263;1;0,0023;0;0;1;0;0;0;0;0;0;0
1561;Fensterheber;3054262;1;0,0023;1;0;1;1;0;0;0;0;1;0
1561;Fensterheber;3059719;1;0,0023;0;0;0;0;0;0;0;0;0;0
1561;Fensterheber;3059739;1;0,0023;0;0;0;0;0;0;0;0;0;0
1561;Fensterheber;3059740;1;0,0023;0;0;0;0;0;0;0;0;0;0
1561;Fensterheber;3059755;1;0,0023;0;0;0;0;0;0;0;0;0;0
1561;Fensterheber;3059756;1;0,0023;0;0;0;0;0;0;0;0;0;0
1561;Fensterheber;3060RRJM;1;0,0023;0;0;0;0;0;0;0;0;0;0
1561;Fensterheber;3061271F;1;0,0023;0;0;0;0;0;0;0;0;0;0
1561;Fensterheber;30617YN7;1;0,0023;0;0;1;0;0;0;0;0;0;0
1561;Fensterheber;30618CTM;1;0,0023;0;0;0;0;0;0;0;0;0;0
1561;Fensterheber;30619MH0;2;0,0045;0;0;1;0;0;0;0;0;0;0
1561;Fensterheber;306206H6;1;0,0023;0;0;0;0;0;0;0;0;0;0
1561;Fensterheber;30622RC0;1;0,0023;0;0;1;0;0;0;0;0;0;0
1561;Fensterheber;306231N1;1;0,0023;0;0;1;0;0;0;0;0;0;0
1561;Fensterheber;306233N9;1;0,0023;0;0;1;0;0;0;0;0;0;0
1561;Fensterheber;30623448;5;0,0114;1;1;0;0;1;0;0;1;1;1
1561;Fensterheber;30623449;2;0,0045;1;1;0;0;1;0;0;1;1;1
1561;Fensterheber;30623623;1;0,0023;0;0;0;0;0;0;0;0;0;0
1561;Fensterheber;306236N6;1;0,0023;0;0;1;0;0;0;0;0;0;0
1561;Fensterheber;30625DH7;1;0,0023;0;0;1;0;0;0;0;0;0;0
1561;Fensterheber;30626DH5;1;0,0023;0;0;1;0;0;0;0;0;0;0
1561;Fensterheber;30627368;1;0,0023;0;0;0;0;0;0;0;0;0;0
1561;Fensterheber;30631345;1;0,0023;0;0;1;0;0;0;0;0;0;0
1561;Fensterheber;306313A1;1;0,0023;0;0;1;0;0;0;0;0;0;0
1561;Fensterheber;306314A0;1;0,0023;0;0;1;0;0;0;0;0;0;0
1561;Fensterheber;30631881;2;0,0045;0;0;1;0;0;0;0;0;0;0
1561;Fensterheber;30631907;1;0,0023;0;0;1;0;0;0;0;0;0;0
1561;Fensterheber;30631VP7;1;0,0023;0;0;0;0;0;0;0;0;0;0
1561;Fensterheber;306323P6;1;0,0023;0;0;1;0;0;0;0;0;0;0
1561;Fensterheber;30632566;1;0,0023;0;0;1;0;0;0;0;0;0;0
1561;Fensterheber;30640HMF;1;0,0023;0;0;0;0;0;0;0;0;0;0
1561;Fensterheber;30642284;1;0,0023;0;0;1;0;0;0;0;0;0;0
1561;Fensterheber;306427A4;1;0,0023;0;0;1;0;0;0;0;0;0;0
1561;Fensterheber;306432A7;1;0,0023;0;0;1;0;0;0;0;0;0;0
1561;Fensterheber;30644231;1;0,0023;0;0;1;0;0;0;0;0;0;0
1561;Fensterheber;30645733;1;0,0023;0;0;1;0;0;0;0;0;0;0
1561;Fensterheber;30646699;1;0,0023;0;0;0;0;0;0;0;0;0;0
1561;Fensterheber;30646889;1;0,0023;0;0;0;0;0;0;0;0;0;0
1561;Fensterheber;306477N4;3;0,0068;0;0;1;0;0;0;0;0;0;0
1561;Fensterheber;306503KF;1;0,0023;0;0;0;0;0;0;0;0;0;0
1561;Fensterheber;30652739;1;0,0023;0;0;0;0;0;0;0;0;0;0
1561;Fensterheber;30655401;1;0,0023;0;0;1;0;0;0;0;0;0;0
1561;Fensterheber;306554D3;1;0,0023;0;0;1;0;0;0;0;0;0;0
1561;Fensterheber;306563M2;1;0,0023;0;0;1;0;0;0;0;0;0;0
1561;Fensterheber;306565K4;1;0,0023;0;0;1;0;0;0;0;0;0;0
1561;Fensterheber;306571M2;1;0,0023;0;0;1;0;0;0;0;0;0;0
1561;Fensterheber;306576U9;1;0,0023;0;0;1;0;0;0;0;0;0;0
1561;Fensterheber;306616C1;1;0,0023;0;0;1;0;0;0;0;0;0;0
1561;Fensterheber;306619C8;1;0,0023;0;0;1;0;0;0;0;0;0;0
1561;Fensterheber;306623A6;2;0,0045;0;0;1;0;0;0;0;0;0;0
1561;Fensterheber;30668YN0;1;0,0023;0;0;1;0;0;0;0;0;0;0
1561;Fensterheber;30672YN2;1;0,0023;0;0;1;0;0;0;0;0;0;0
1561;Fensterheber;306735UF;1;0,0023;0;0;0;0;0;0;0;0;0;0
1561;Fensterheber;307022;1;0,0023;0;0;0;1;0;0;0;1;1;1
1561;Fensterheber;3070934A;1;0,0023;0;0;1;0;0;0;0;0;0;0
1561;Fensterheber;3073830A;1;0,0023;0;0;1;0;0;0;0;0;0;0
1561;Fensterheber;3073955A;1;0,0023;0;0;1;0;0;0;0;0;0;0
1561;Fensterheber;3073961A;1;0,0023;0;0;1;0;0;0;0;0;0;0
1561;Fensterheber;3073976A;1;0,0023;0;0;1;0;0;0;0;0;0;0
1561;Fensterheber;3077262;1;0,0023;1;0;1;1;1;0;0;1;1;1
1561;Fensterheber;3077263;3;0,0068;0;0;1;1;0;0;0;0;0;0
1561;Fensterheber;3077264;1;0,0023;0;0;1;1;0;0;0;0;0;0
1561;Fensterheber;3078261;1;0,0023;1;0;1;0;1;0;0;1;1;1
1561;Fensterheber;3078262;3;0,0068;1;0;1;0;1;0;0;1;1;1
1561;Fensterheber;30784309;1;0,0023;0;1;0;0;1;0;0;1;1;1
1561;Fensterheber;30784509;4;0,0091;1;0;0;0;1;0;0;1;1;1
1561;Fensterheber;30784510;3;0,0068;1;0;0;0;1;0;0;1;1;1
1561;Fensterheber;30784572;1;0,0023;0;0;0;0;0;0;0;0;0;0
1561;Fensterheber;30784578;11;0,025;0;0;0;0;0;0;0;0;0;1
1561;Fensterheber;30784579;7;0,0159;0;0;0;0;0;0;0;0;0;1
1561;Fensterheber;30784828;13;0,0295;1;0;1;1;0;0;1;1;1;1
1561;Fensterheber;30784829;4;0,0091;1;0;1;1;0;0;1;1;1;1
1561;Fensterheber;3080263;2;0,0045;1;0;1;1;0;0;1;0;0;0
1561;Fensterheber;3080264;3;0,0068;1;0;1;1;0;0;1;0;0;0
1561;Fensterheber;3080267;1;0,0023;0;0;1;1;0;0;0;0;0;1
1561;Fensterheber;30826;1;0,0023;1;0;0;1;1;0;0;1;1;1
1561;Fensterheber;308303;3;0,0068;0;0;0;0;0;0;0;0;0;0
1561;Fensterheber;308305;1;0,0023;0;0;0;0;0;0;0;0;0;0
1561;Fensterheber;308306;2;0,0045;0;0;0;0;0;0;0;0;0;0
1561;Fensterheber;30842;1;0,0023;1;0;0;1;1;0;1;1;1;1
1561;Fensterheber;3085261;3;0,0068;1;0;1;1;1;0;0;0;1;1
1561;Fensterheber;3085264;1;0,0023;1;0;1;0;1;0;0;1;1;1
1561;Fensterheber;30860191;1;0,0023;1;1;1;0;1;0;0;1;1;1
1561;Fensterheber;30896810;2;0,0045;1;1;1;0;1;0;0;1;1;1
1561;Fensterheber;3091261;4;0,0091;1;0;1;1;0;1;0;0;0;0
1561;Fensterheber;30941;1;0,0023;1;0;0;0;1;0;1;1;1;1
1561;Fensterheber;30942;1;0,0023;1;0;0;0;1;0;1;1;1;1
1561;Fensterheber;30978;2;0,0045;1;0;0;0;1;0;1;1;1;1
1561;Fensterheber;3099263;2;0,0045;0;0;1;0;0;0;0;0;0;0
1561;Fensterheber;30A1PSG1;1;0,0023;0;0;0;0;0;0;0;0;0;0
1561;Fensterheber;310745;2;0,0045;0;0;0;0;0;0;0;0;0;0
1561;Fensterheber;310746;1;0,0023;0;0;0;0;0;0;0;0;0;0
1561;Fensterheber;310751;3;0,0068;0;0;0;0;0;0;0;0;0;0
1561;Fensterheber;31253513;9;0,0204;0;1;1;0;1;0;0;1;1;0
1561;Fensterheber;31253514;5;0,0114;0;1;1;0;1;0;0;1;1;0
1561;Fensterheber;31253516;1;0,0023;0;0;1;0;1;0;0;1;1;0
1561;Fensterheber;31351701;2;0,0045;0;0;0;1;0;0;0;0;0;0
1561;Fensterheber;31351803;1;0,0023;0;0;0;1;1;0;0;1;1;0
1561;Fensterheber;3150719;3;0,0068;0;0;0;0;0;0;0;0;0;0
1561;Fensterheber;31552111;2;0,0045;0;0;0;1;0;0;0;0;0;0
1561;Fensterheber;31562111;2;0,0045;0;0;0;0;0;0;0;0;0;0
1561;Fensterheber;316943;1;0,0023;0;0;0;0;1;0;0;0;0;0
1561;Fensterheber;3176541;5;0,0114;1;1;0;0;1;1;0;1;1;1
1561;Fensterheber;3176545;1;0,0023;1;0;0;0;1;1;0;1;0;1
1561;Fensterheber;3176546;1;0,0023;1;0;0;0;1;1;0;1;0;1
1561;Fensterheber;318340;2;0,0045;0;0;0;0;0;0;0;0;0;0
1561;Fensterheber;32139661;2;0,0045;0;0;0;0;0;0;0;0;0;0
1561;Fensterheber;3218731;2;0,0045;0;0;0;0;0;0;0;0;0;0
1561;Fensterheber;3232736;1;0,0023;0;0;0;0;0;0;0;0;0;0
1561;Fensterheber;32671801;2;0,0045;0;0;1;0;1;0;0;1;1;0
1561;Fensterheber;3268735;2;0,0045;0;0;0;0;0;0;0;0;0;0
1561;Fensterheber;3269785;1;0,0023;0;0;0;0;0;0;0;0;0;0
1561;Fensterheber;3269786;1;0,0023;0;0;0;0;0;0;0;0;0;0
1561;Fensterheber;3276428504841;1;0,0023;0;0;0;0;0;0;0;0;0;0
1561;Fensterheber;3276428506203;1;0,0023;0;0;0;0;0;0;0;0;0;0
1561;Fensterheber;3276428507422;1;0,0023;0;0;0;0;0;0;0;0;0;0
1561;Fensterheber;3276428512952;1;0,0023;0;0;0;0;0;0;0;0;0;0
1561;Fensterheber;33103904;1;0,0023;0;0;0;1;0;1;0;1;0;0
1561;Fensterheber;33103905;1;0,0023;0;0;0;1;0;1;0;1;0;0
1561;Fensterheber;332261;1;0,0023;1;0;0;0;0;0;0;0;0;0
1561;Fensterheber;3328261;1;0,0023;1;0;1;0;1;0;0;1;1;1
1561;Fensterheber;3328263;2;0,0045;1;0;1;0;0;0;0;0;1;0
1561;Fensterheber;3338261;2;0,0045;1;0;1;0;0;0;0;0;1;0
1561;Fensterheber;3338265;3;0,0068;1;0;1;0;0;0;0;0;1;0
1561;Fensterheber;336762;1;0,0023;0;0;0;0;0;0;0;0;0;0
1561;Fensterheber;337017;1;0,0023;0;0;0;0;0;0;0;0;0;0
1561;Fensterheber;3388261;6;0,0136;1;0;1;1;0;0;0;0;1;0
1561;Fensterheber;3388262;2;0,0045;1;0;1;1;0;0;0;0;1;0
1561;Fensterheber;3388263VAN;1;0,0023;0;0;0;0;0;0;0;0;0;0
1561;Fensterheber;3404396321111;1;0,0023;0;0;0;0;0;0;0;0;0;0
1561;Fensterheber;3430300269;1;0,0023;0;0;0;0;0;0;0;0;0;0
1561;Fensterheber;345457;1;0,0023;0;0;0;0;0;0;0;0;0;0
1561;Fensterheber;345530;1;0,0023;0;0;0;0;0;0;0;0;0;0
1561;Fensterheber;345534;1;0,0023;0;0;0;0;0;0;0;0;0;0
1561;Fensterheber;345554;1;0,0023;0;0;0;0;0;0;0;0;0;0
1561;Fensterheber;350103017000;1;0,0023;1;0;0;0;1;0;0;1;1;1
1561;Fensterheber;350103034000;1;0,0023;1;1;0;0;1;0;0;1;1;1
1561;Fensterheber;350103072000;1;0,0023;1;0;1;0;1;0;0;1;1;1
1561;Fensterheber;350103083000;1;0,0023;1;0;0;0;1;0;0;1;1;1
1561;Fensterheber;350103086000;1;0,0023;1;0;1;1;1;0;0;1;1;1
1561;Fensterheber;350103101500;6;0,0136;1;0;1;1;1;0;1;1;1;1
1561;Fensterheber;350103101600;5;0,0114;1;0;1;1;1;0;1;1;1;1
1561;Fensterheber;350103103200;1;0,0023;1;0;0;0;1;0;0;1;1;1
1561;Fensterheber;350103103300;3;0,0068;1;0;0;0;1;0;0;1;1;1
1561;Fensterheber;350103104100;1;0,0023;1;0;1;0;1;0;1;1;0;1
1561;Fensterheber;350103105400;2;0,0045;1;0;1;0;1;0;1;1;0;1
1561;Fensterheber;350103105600;1;0,0023;1;0;1;0;1;0;0;1;1;1
1561;Fensterheber;350103105700;2;0,0045;1;0;1;1;1;0;1;1;1;1
1561;Fensterheber;350103105800;1;0,0023;1;0;1;1;1;0;1;1;1;1
1561;Fensterheber;350103106300;2;0,0045;0;0;1;1;1;0;0;1;0;1
1561;Fensterheber;350103107300;2;0,0045;1;0;1;1;1;0;0;1;0;1
1561;Fensterheber;350103107400;1;0,0023;1;0;1;1;1;0;0;1;0;1
1561;Fensterheber;350103107500;1;0,0023;1;0;1;1;1;0;0;1;0;1
1561;Fensterheber;350103107600;2;0,0045;1;0;1;1;1;0;0;1;0;1
1561;Fensterheber;350103108500;1;0,0023;1;0;1;1;1;1;1;1;1;1
1561;Fensterheber;350103109200;1;0,0023;1;0;1;1;1;1;1;1;1;1
1561;Fensterheber;350103109500;3;0,0068;1;0;1;1;1;1;1;1;1;1
1561;Fensterheber;350103110300;6;0,0136;1;0;1;1;1;0;1;1;1;1
1561;Fensterheber;350103110400;11;0,025;1;0;1;1;1;0;1;1;1;1
1561;Fensterheber;350103110800;1;0,0023;1;0;1;1;1;0;0;1;1;1
1561;Fensterheber;350103111300;1;0,0023;1;0;1;1;1;0;0;1;1;1
1561;Fensterheber;350103112100;1;0,0023;1;0;1;0;1;0;0;1;1;1
1561;Fensterheber;350103115700;1;0,0023;1;0;0;0;1;0;1;1;1;0
1561;Fensterheber;350103115900;1;0,0023;0;0;0;0;1;0;1;1;0;1
1561;Fensterheber;350103116500;3;0,0068;1;0;1;0;1;0;0;1;1;1
1561;Fensterheber;350103119400;1;0,0023;1;0;1;1;1;0;0;1;1;1
1561;Fensterheber;350103120100;1;0,0023;0;0;1;0;1;0;0;1;1;1
1561;Fensterheber;350103120700;1;0,0023;1;0;0;0;1;0;0;1;1;1
1561;Fensterheber;350103121000;1;0,0023;1;0;1;1;1;0;1;1;1;1
1561;Fensterheber;350103121700;1;0,0023;1;0;1;1;1;1;0;1;1;1
1561;Fensterheber;350103121800;1;0,0023;1;0;1;1;1;1;0;1;1;1
1561;Fensterheber;350103122700;8;0,0182;1;0;1;1;1;0;1;1;1;1
1561;Fensterheber;350103122800;7;0,0159;1;0;1;1;1;0;1;1;1;1
1561;Fensterheber;350103125300;2;0,0045;1;0;1;1;1;0;1;1;1;1
1561;Fensterheber;350103125500;2;0,0045;1;0;1;1;1;1;1;1;1;1
1561;Fensterheber;350103125600;4;0,0091;1;0;1;1;1;1;1;1;1;1
1561;Fensterheber;350103125700;2;0,0045;1;0;1;1;1;1;1;1;1;1
1561;Fensterheber;350103126400;1;0,0023;1;0;1;1;1;1;1;1;1;1
1561;Fensterheber;350103127300;2;0,0045;1;0;1;1;1;0;1;1;1;1
1561;Fensterheber;350103127400;4;0,0091;1;0;1;1;1;0;1;1;1;1
1561;Fensterheber;350103129400;2;0,0045;0;1;0;0;1;0;0;1;1;0
1561;Fensterheber;350103129500;1;0,0023;0;1;0;0;1;0;0;1;1;0
1561;Fensterheber;350103131300;5;0,0114;0;0;1;1;1;0;1;1;1;1
1561;Fensterheber;350103131700;1;0,0023;1;0;0;0;1;0;0;1;1;1
1561;Fensterheber;350103131800;1;0,0023;1;0;0;0;1;0;0;1;1;1
1561;Fensterheber;350103131900;1;0,0023;1;0;0;0;1;0;0;1;1;1
1561;Fensterheber;350103132300;4;0,0091;1;0;0;0;1;0;1;1;1;1
1561;Fensterheber;350103132400;1;0,0023;0;0;0;0;1;0;1;1;1;1
1561;Fensterheber;350103132500;5;0,0114;0;0;1;0;1;1;1;0;1;1
1561;Fensterheber;350103132600;2;0,0045;0;0;1;0;1;0;1;0;1;1
1561;Fensterheber;350103132700;3;0,0068;0;0;0;0;1;1;0;1;1;0
1561;Fensterheber;350103132900;3;0,0068;1;0;1;0;1;0;0;1;1;1
1561;Fensterheber;350103134600;15;0,0341;1;0;1;1;1;1;0;1;1;1
1561;Fensterheber;350103134700;10;0,0227;0;0;1;1;1;1;0;1;1;1
1561;Fensterheber;350103134800;7;0,0159;1;0;1;0;1;0;0;1;1;1
1561;Fensterheber;350103134900;10;0,0227;1;0;1;0;1;0;0;1;1;1
1561;Fensterheber;350103135500;7;0,0159;0;0;1;1;1;0;1;1;1;1
1561;Fensterheber;350103135600;1;0,0023;0;0;1;1;1;0;1;1;1;1
1561;Fensterheber;350103135700;2;0,0045;0;0;0;0;1;0;0;1;1;1
1561;Fensterheber;350103135800;4;0,0091;0;0;0;0;1;0;0;1;1;1
1561;Fensterheber;350103136400;1;0,0023;1;0;1;1;1;0;0;1;1;1
1561;Fensterheber;350103137500;1;0,0023;1;0;1;1;1;0;1;1;1;1
1561;Fensterheber;350103137700;1;0,0023;1;0;1;1;1;1;1;0;1;1
1561;Fensterheber;350103139500;2;0,0045;0;0;1;1;1;0;1;1;1;1
1561;Fensterheber;350103139600;3;0,0068;1;0;1;1;1;1;1;1;0;1
1561;Fensterheber;350103139700;3;0,0068;1;0;1;1;1;1;1;1;0;1
1561;Fensterheber;350103139800;1;0,0023;0;0;1;0;1;0;0;1;0;1
1561;Fensterheber;350103140500;1;0,0023;1;0;1;1;1;1;1;0;0;1
1561;Fensterheber;350103140700;13;0,0295;1;0;1;1;1;0;1;1;1;1
1561;Fensterheber;350103140800;3;0,0068;1;0;1;1;1;0;1;1;1;1
1561;Fensterheber;350103141900;1;0,0023;0;0;1;1;1;0;0;1;1;1
1561;Fensterheber;350103142500;2;0,0045;1;0;1;0;1;0;0;1;1;1
1561;Fensterheber;350103143400;2;0,0045;1;0;0;1;1;0;0;1;1;1
1561;Fensterheber;350103143700;2;0,0045;0;0;0;1;1;1;0;0;1;0
1561;Fensterheber;350103145300;1;0,0023;1;0;1;1;1;0;0;1;1;1
1561;Fensterheber;350103145800;2;0,0045;0;0;0;0;1;1;0;1;1;1
1561;Fensterheber;350103148500;2;0,0045;1;0;1;1;1;0;0;1;0;1
1561;Fensterheber;350103151100;1;0,0023;1;0;1;1;1;1;1;1;1;1
1561;Fensterheber;350103151700;1;0,0023;1;0;0;1;1;0;0;1;1;0
1561;Fensterheber;350103152200;1;0,0023;0;0;0;0;1;0;0;1;1;1
1561;Fensterheber;350103153100;1;0,0023;1;0;1;1;1;1;1;1;1;1
1561;Fensterheber;350103153400;3;0,0068;1;0;1;1;1;0;1;1;1;1
1561;Fensterheber;350103153700;2;0,0045;0;0;1;1;1;0;1;1;1;1
1561;Fensterheber;350103154300;1;0,0023;0;0;1;1;1;0;0;1;1;1
1561;Fensterheber;350103154600;1;0,0023;1;0;1;1;1;1;1;1;1;1
1561;Fensterheber;350103157800;1;0,0023;0;0;0;0;1;0;0;1;1;1
1561;Fensterheber;350103158100;4;0,0091;1;0;0;0;1;0;0;1;1;1
1561;Fensterheber;350103158200;8;0,0182;1;1;0;0;1;0;0;0;1;1
1561;Fensterheber;350103158300;1;0,0023;1;0;1;1;1;1;1;1;1;1
1561;Fensterheber;350103158400;1;0,0023;1;0;1;1;1;1;1;1;1;1
1561;Fensterheber;350103160200;1;0,0023;0;0;1;1;1;0;1;1;0;1
1561;Fensterheber;350103160300;3;0,0068;0;0;1;1;1;0;1;1;0;1
1561;Fensterheber;350103161100;4;0,0091;0;0;1;0;1;0;0;1;0;1
1561;Fensterheber;350103161500;1;0,0023;0;0;0;0;1;0;0;1;0;1
1561;Fensterheber;350103161700;1;0,0023;0;0;1;0;1;0;0;1;0;1
1561;Fensterheber;350103161800;1;0,0023;0;0;1;0;1;0;0;1;0;1
1561;Fensterheber;350103163300;4;0,0091;1;1;1;1;1;0;0;1;0;1
1561;Fensterheber;350103163500;1;0,0023;0;0;1;1;1;1;1;1;0;1
1561;Fensterheber;350103163600;8;0,0182;0;0;1;1;1;1;1;1;0;1
1561;Fensterheber;350103164100;3;0,0068;0;0;1;1;1;1;1;1;0;1
1561;Fensterheber;350103164200;2;0,0045;0;0;1;1;1;1;1;1;0;1
1561;Fensterheber;350103164600;2;0,0045;0;0;0;0;1;0;0;1;0;0
1561;Fensterheber;350103166700;1;0,0023;0;1;1;1;1;1;1;0;0;1
1561;Fensterheber;350103167600;2;0,0045;1;1;1;1;1;1;1;1;0;1
1561;Fensterheber;350103168100;2;0,0045;0;1;1;1;1;0;1;1;0;1
1561;Fensterheber;350103168200;2;0,0045;0;1;1;1;1;0;1;1;0;1
1561;Fensterheber;350103168600;1;0,0023;0;0;0;1;1;0;1;0;0;0
1561;Fensterheber;350103169400;2;0,0045;0;1;1;1;1;0;1;0;0;1
1561;Fensterheber;350103169500;1;0,0023;0;1;1;1;1;1;1;0;0;0
1561;Fensterheber;350103170005;1;0,0023;0;0;0;0;1;0;1;0;0;0
1561;Fensterheber;350103170006;4;0,0091;0;0;0;0;1;0;1;0;0;0
1561;Fensterheber;350103170007;2;0,0045;0;0;0;0;1;0;0;0;0;0
1561;Fensterheber;350103170008;1;0,0023;0;0;0;0;1;0;0;0;0;0
1561;Fensterheber;350103170009;6;0,0136;0;0;0;0;1;0;0;0;0;1
1561;Fensterheber;350103170011;2;0,0045;0;0;0;0;1;0;0;0;0;0
1561;Fensterheber;350103170012;2;0,0045;0;0;0;0;1;0;0;0;0;0
1561;Fensterheber;350103170021;1;0,0023;0;0;0;1;1;0;0;0;0;0
1561;Fensterheber;350103170024;1;0,0023;0;1;0;1;1;1;1;0;0;0
1561;Fensterheber;350103170025;2;0,0045;0;1;0;1;1;1;1;0;0;1
1561;Fensterheber;350103170027;3;0,0068;0;0;0;1;1;1;1;0;0;0
1561;Fensterheber;350103170029;1;0,0023;0;0;0;1;1;0;1;0;0;0
1561;Fensterheber;350103170030;1;0,0023;0;1;0;1;1;0;1;0;0;0
1561;Fensterheber;350103170031;6;0,0136;0;0;0;1;1;1;1;0;0;0
1561;Fensterheber;350103170032;3;0,0068;0;0;0;1;1;1;1;0;0;0
1561;Fensterheber;350103170034;1;0,0023;0;0;0;1;1;1;1;0;0;0
1561;Fensterheber;350103170036;1;0,0023;0;1;0;1;1;1;1;0;0;0
1561;Fensterheber;350103170037;1;0,0023;0;0;0;0;1;1;1;0;0;0
1561;Fensterheber;350103170038;2;0,0045;0;0;0;0;1;1;1;0;0;0
1561;Fensterheber;350103170039;6;0,0136;0;0;0;1;1;1;1;0;0;0
1561;Fensterheber;350103170041;4;0,0091;0;0;0;1;1;1;0;0;0;0
1561;Fensterheber;350103170042;1;0,0023;0;0;0;1;1;1;0;0;0;0
1561;Fensterheber;350103170043;2;0,0045;0;1;0;0;1;0;1;0;0;0
1561;Fensterheber;350103170044;4;0,0091;0;1;0;0;1;0;1;0;0;0
1561;Fensterheber;350103170045;1;0,0023;0;0;0;0;1;0;1;0;0;0
1561;Fensterheber;350103170055;7;0,0159;0;0;0;1;1;0;1;0;0;0
1561;Fensterheber;350103170056;3;0,0068;0;0;0;1;1;0;1;0;0;0
1561;Fensterheber;350103170057;9;0,0204;0;0;0;1;1;1;1;0;0;0
1561;Fensterheber;350103170058;15;0,0341;0;0;0;1;1;1;1;0;0;0
1561;Fensterheber;350103170059;3;0,0068;0;0;0;1;1;1;1;0;0;0
1561;Fensterheber;350103170069;3;0,0068;0;0;0;1;1;1;1;0;0;0
1561;Fensterheber;350103170071;1;0,0023;0;0;0;0;1;0;1;0;0;0
1561;Fensterheber;350103170073;2;0,0045;0;0;0;1;1;1;1;0;0;0
1561;Fensterheber;350103170074;4;0,0091;0;0;0;1;1;1;1;0;0;0
1561;Fensterheber;350103170075;4;0,0091;0;1;0;1;1;1;1;0;0;0
1561;Fensterheber;350103170076;2;0,0045;0;1;0;1;1;1;1;0;0;0
1561;Fensterheber;350103170077;1;0,0023;0;0;0;1;1;1;1;0;0;0
1561;Fensterheber;350103170078;1;0,0023;0;0;0;1;1;1;1;0;0;0
1561;Fensterheber;350103170079;16;0,0363;0;0;0;1;1;1;1;0;0;0
1561;Fensterheber;350103170080;7;0,0159;0;0;0;1;1;1;1;0;0;0
1561;Fensterheber;350103170084;1;0,0023;0;0;0;1;1;0;1;0;0;0
1561;Fensterheber;350103170085;3;0,0068;0;0;0;0;1;0;1;0;0;0
1561;Fensterheber;350103170086;2;0,0045;0;0;0;0;1;0;1;0;0;0
1561;Fensterheber;350103170089;1;0,0023;0;0;0;0;1;0;1;0;0;0
1561;Fensterheber;350103170090;1;0,0023;0;0;0;0;1;0;1;0;0;0
1561;Fensterheber;350103170091;9;0,0204;0;0;0;0;1;0;1;0;0;0
1561;Fensterheber;350103170092;1;0,0023;0;0;0;0;1;0;1;0;0;0
1561;Fensterheber;350103170093;4;0,0091;0;0;0;1;1;0;1;0;0;0
1561;Fensterheber;350103170094;1;0,0023;0;0;0;1;1;0;1;0;0;0
1561;Fensterheber;350103170095;3;0,0068;0;0;0;1;1;0;1;0;0;0
1561;Fensterheber;350103170096;6;0,0136;0;0;0;1;1;0;1;0;0;0
1561;Fensterheber;350103170099;1;0,0023;0;1;0;1;1;1;1;0;0;0
1561;Fensterheber;350103170100;3;0,0068;0;1;0;1;1;1;1;0;0;0
1561;Fensterheber;350103170101;5;0,0114;0;1;0;1;1;1;1;0;0;0
1561;Fensterheber;350103170102;6;0,0136;0;1;0;1;1;1;1;0;0;0
1561;Fensterheber;350103170103;6;0,0136;1;1;0;1;1;1;1;0;0;0
1561;Fensterheber;350103170104;7;0,0159;1;1;0;1;1;1;1;0;0;0
1561;Fensterheber;350103170105;1;0,0023;1;0;0;0;1;0;1;0;0;1
1561;Fensterheber;350103170109;1;0,0023;0;0;0;0;1;0;1;0;0;0
1561;Fensterheber;350103170113;2;0,0045;0;1;0;0;1;0;0;0;0;0
1561;Fensterheber;350103170118;1;0,0023;0;1;0;0;1;0;0;0;0;0
1561;Fensterheber;350103170119;2;0,0045;1;1;0;0;1;0;0;0;0;0
1561;Fensterheber;350103170125;1;0,0023;0;0;0;0;1;0;0;0;0;0
1561;Fensterheber;350103170127;2;0,0045;0;1;0;0;1;0;0;0;0;0
1561;Fensterheber;350103170129;1;0,0023;1;0;0;0;1;0;0;0;0;1
1561;Fensterheber;350103170131;1;0,0023;0;0;0;0;1;0;0;0;0;0
1561;Fensterheber;350103170135;1;0,0023;1;0;0;0;1;0;0;1;0;0
1561;Fensterheber;350103170136;1;0,0023;0;0;0;0;1;0;0;1;0;0
1561;Fensterheber;350103170139;1;0,0023;0;0;0;0;1;0;0;0;0;0
1561;Fensterheber;350103170147;1;0,0023;0;1;0;0;1;0;0;0;0;0
1561;Fensterheber;350103170152;1;0,0023;0;0;0;1;1;1;1;0;0;0
1561;Fensterheber;350103170155;1;0,0023;0;0;0;1;1;0;0;0;0;0
1561;Fensterheber;350103170159;4;0,0091;0;0;0;1;1;0;1;0;0;0
1561;Fensterheber;350103170160;8;0,0182;0;0;0;1;1;0;1;0;0;0
1561;Fensterheber;350103170163;2;0,0045;0;0;0;1;1;1;1;0;0;0
1561;Fensterheber;350103170167;2;0,0045;1;1;0;0;1;0;0;0;0;0
1561;Fensterheber;350103170169;6;0,0136;0;0;0;0;1;0;1;0;0;0
1561;Fensterheber;350103170170;1;0,0023;0;0;0;0;1;0;1;0;0;0
1561;Fensterheber;350103170173;4;0,0091;0;0;0;0;1;0;1;0;0;0
1561;Fensterheber;350103170174;1;0,0023;0;0;0;0;1;0;1;0;0;0
1561;Fensterheber;350103170180;3;0,0068;0;1;0;0;1;0;1;0;0;0
1561;Fensterheber;350103170181;1;0,0023;0;0;0;1;1;0;0;0;0;0
1561;Fensterheber;350103170185;3;0,0068;0;1;0;1;1;0;0;0;0;0
1561;Fensterheber;350103170187;2;0,0045;0;0;0;0;1;0;1;0;0;0
1561;Fensterheber;350103170188;2;0,0045;0;0;0;0;1;0;1;0;0;0
1561;Fensterheber;350103170191;2;0,0045;0;1;0;1;1;0;1;0;0;0
1561;Fensterheber;350103170193;10;0,0227;0;0;0;0;1;0;1;0;0;0
1561;Fensterheber;350103170194;6;0,0136;0;0;0;0;1;0;1;0;0;0
1561;Fensterheber;350103170195;1;0,0023;0;0;0;0;1;0;0;0;0;0
1561;Fensterheber;350103170199;1;0,0023;1;1;0;0;1;0;0;0;0;0
1561;Fensterheber;350103170221;1;0,0023;0;0;0;1;1;0;0;0;0;0
1561;Fensterheber;350103170225;5;0,0114;0;0;0;1;1;0;0;0;0;0
1561;Fensterheber;350103170227;3;0,0068;0;0;0;1;1;1;1;0;0;0
1561;Fensterheber;350103170232;1;0,0023;0;0;0;0;1;0;1;0;0;0
1561;Fensterheber;350103170233;1;0,0023;0;0;0;0;1;0;1;0;0;0
1561;Fensterheber;350103170239;1;0,0023;1;0;0;0;1;1;1;0;0;0
1561;Fensterheber;350103170240;1;0,0023;0;0;0;0;1;1;1;0;0;0
1561;Fensterheber;350103170245;1;0,0023;0;0;0;1;1;0;1;0;0;0
1561;Fensterheber;350103170253;1;0,0023;0;1;0;1;1;0;1;0;0;0
1561;Fensterheber;350103170254;1;0,0023;0;1;0;1;1;0;1;0;0;0
1561;Fensterheber;350103170255;2;0,0045;0;1;0;1;1;1;1;0;0;0
1561;Fensterheber;350103170256;2;0,0045;0;1;0;1;1;1;1;0;0;0
1561;Fensterheber;350103170279;2;0,0045;1;1;0;1;1;0;1;0;0;0
1561;Fensterheber;350103170280;1;0,0023;1;1;0;1;1;0;1;0;0;0
1561;Fensterheber;350103170305;2;0,0045;0;1;0;0;1;1;1;0;0;0
1561;Fensterheber;350103170306;1;0,0023;0;1;0;0;1;1;1;0;0;0
1561;Fensterheber;350103170330;4;0,0091;0;0;0;0;1;1;1;0;0;0
1561;Fensterheber;350103170406;1;0,0023;0;1;0;1;1;1;0;0;0;0
1561;Fensterheber;350103170415;1;0,0023;0;0;0;0;1;0;1;0;0;0
1561;Fensterheber;350103170416;2;0,0045;0;1;0;1;1;1;1;0;0;0
1561;Fensterheber;350103170420;2;0,0045;0;0;0;1;1;1;1;0;0;0
1561;Fensterheber;350103170421;1;0,0023;0;0;0;1;1;1;1;0;0;0
1561;Fensterheber;350103170422;1;0,0023;0;0;0;0;1;0;0;0;0;0
1561;Fensterheber;350103170426;1;0,0023;1;1;0;0;1;0;0;0;0;0
1561;Fensterheber;350103170439;5;0,0114;0;0;0;0;1;0;0;0;0;0
1561;Fensterheber;350103170460;1;0,0023;1;0;0;1;1;0;1;0;0;0
1561;Fensterheber;350103170467;2;0,0045;1;1;0;0;1;0;0;0;0;0
1561;Fensterheber;350103170478;2;0,0045;0;1;0;1;1;1;0;0;0;0
1561;Fensterheber;350103170500;2;0,0045;0;0;1;1;1;0;1;1;0;1
1561;Fensterheber;350103171200;1;0,0023;0;0;1;1;1;1;1;1;0;1
1561;Fensterheber;350103171300;1;0,0023;0;0;1;1;1;0;1;0;0;1
1561;Fensterheber;350103171700;1;0,0023;0;1;0;1;1;0;0;0;0;1
1561;Fensterheber;350103171800;1;0,0023;0;1;0;1;1;0;0;0;0;1
1561;Fensterheber;350103172300;1;0,0023;1;1;0;0;1;0;0;1;0;0
1561;Fensterheber;350103173500;11;0,025;1;0;1;1;1;0;1;1;0;1
1561;Fensterheber;350103173600;10;0,0227;1;0;1;1;1;0;1;1;0;1
1561;Fensterheber;350103174100;1;0,0023;0;0;0;0;1;1;1;1;0;1
1561;Fensterheber;350103174200;1;0,0023;0;0;0;0;1;0;0;1;0;1
1561;Fensterheber;350103175200;1;0,0023;1;0;0;0;0;1;0;0;0;1
1561;Fensterheber;350103179500;2;0,0045;0;0;0;0;1;0;0;1;0;0
1561;Fensterheber;350103179600;2;0,0045;0;0;0;0;1;0;0;1;0;0
1561;Fensterheber;350103180600;1;0,0023;1;0;0;0;1;0;0;1;0;0
1561;Fensterheber;350103181500;1;0,0023;1;0;0;0;1;0;0;0;0;1
1561;Fensterheber;350103181600;1;0,0023;1;0;0;0;1;0;0;0;0;1
1561;Fensterheber;350103187500;4;0,0091;0;0;0;0;1;0;0;0;0;0
1561;Fensterheber;350103187600;4;0,0091;0;0;0;0;1;0;0;0;0;0
1561;Fensterheber;350103188300;1;0,0023;1;0;0;1;1;1;1;1;0;0
1561;Fensterheber;350103190200;1;0,0023;1;0;0;1;1;1;0;1;0;0
1561;Fensterheber;350103192500;1;0,0023;1;0;0;1;1;0;0;0;0;0
1561;Fensterheber;350103193800;1;0,0023;0;0;0;0;1;0;0;1;0;0
1561;Fensterheber;350103194100;1;0,0023;0;0;0;0;1;0;0;1;0;1
1561;Fensterheber;350103194500;2;0,0045;1;1;0;0;1;0;0;1;0;0
1561;Fensterheber;350103195100;2;0,0045;1;0;0;1;1;0;0;1;0;1
1561;Fensterheber;350103199300;1;0,0023;0;0;0;1;1;0;0;1;0;1
1561;Fensterheber;350103199500;3;0,0068;1;0;0;0;1;0;0;1;0;1
1561;Fensterheber;350103201000;1;0,0023;1;0;1;1;1;0;1;1;1;1
1561;Fensterheber;350103201500;1;0,0023;1;1;0;0;1;0;0;0;0;0
1561;Fensterheber;350103202100;3;0,0068;1;0;0;0;1;0;0;1;0;0
1561;Fensterheber;350103204100;1;0,0023;1;0;0;0;1;0;0;1;0;0
1561;Fensterheber;350103207100;2;0,0045;0;0;0;1;1;0;0;1;0;1
1561;Fensterheber;350103207200;1;0,0023;0;0;0;1;1;0;0;1;0;1
1561;Fensterheber;350103207300;1;0,0023;0;0;0;1;1;0;0;1;0;0
1561;Fensterheber;350103208100;2;0,0045;0;0;0;0;1;0;0;1;0;0
1561;Fensterheber;350103210100;1;0,0023;0;0;0;0;1;1;0;0;0;0
1561;Fensterheber;350103211800;1;0,0023;1;0;0;0;1;0;0;0;0;0
1561;Fensterheber;350103215200;1;0,0023;0;0;0;0;1;0;0;1;0;1
1561;Fensterheber;350103216500;1;0,0023;0;0;0;0;1;0;0;0;0;0
1561;Fensterheber;350103217800;1;0,0023;0;0;0;0;1;0;0;0;0;0
1561;Fensterheber;350103228000;1;0,0023;1;0;0;1;1;1;1;1;1;1
1561;Fensterheber;350103229000;1;0,0023;1;0;1;1;1;0;0;1;1;1
1561;Fensterheber;350103246000;2;0,0045;1;0;1;1;1;1;1;1;1;1
1561;Fensterheber;350103258100;1;0,0023;0;1;0;0;1;0;0;0;0;1
1561;Fensterheber;350103258200;2;0,0045;0;1;0;0;1;0;0;0;0;1
1561;Fensterheber;350103264000;1;0,0023;1;0;1;0;1;0;1;1;1;1
1561;Fensterheber;350103265000;2;0,0045;1;0;1;1;1;0;1;1;1;1
1561;Fensterheber;350103317000;2;0,0045;1;1;1;1;1;0;1;1;1;1
1561;Fensterheber;350103318000;2;0,0045;1;1;1;1;1;0;1;1;1;1
1561;Fensterheber;350103337000;3;0,0068;1;0;1;0;1;1;1;1;1;1
1561;Fensterheber;350103338000;3;0,0068;1;0;1;0;1;1;1;1;1;1
1561;Fensterheber;350103342000;2;0,0045;1;0;1;1;1;1;1;1;1;1
1561;Fensterheber;350103353000;1;0,0023;1;0;1;0;1;0;0;1;1;1
1561;Fensterheber;350103362000;2;0,0045;1;0;1;1;1;0;1;0;1;1
1561;Fensterheber;350103387000;1;0,0023;1;0;1;1;1;0;0;1;1;1
1561;Fensterheber;350103407000;2;0,0045;1;0;1;1;1;1;1;1;1;1
1561;Fensterheber;350103408000;1;0,0023;1;0;1;0;1;1;1;1;1;1
1561;Fensterheber;350103426000;1;0,0023;1;0;1;1;1;0;0;1;1;1
1561;Fensterheber;350103427000;1;0,0023;1;0;1;1;1;0;1;1;1;1
1561;Fensterheber;350103433000;1;0,0023;1;0;1;0;1;0;1;1;1;1
1561;Fensterheber;350103434000;1;0,0023;1;0;1;0;1;0;1;1;1;1
1561;Fensterheber;350103459000;1;0,0023;1;0;0;1;1;0;0;1;1;1
1561;Fensterheber;350103467000;1;0,0023;1;0;0;1;1;0;0;1;1;1
1561;Fensterheber;350103477000;1;0,0023;1;0;1;1;1;0;0;0;1;1
1561;Fensterheber;350103480000;1;0,0023;1;0;1;1;1;0;1;1;1;1
1561;Fensterheber;350103484000;1;0,0023;1;0;1;1;1;1;1;1;1;1
1561;Fensterheber;350103491000;2;0,0045;0;0;1;1;1;0;0;1;1;1
1561;Fensterheber;350103501000;2;0,0045;1;0;1;1;1;1;1;1;1;1
1561;Fensterheber;350103552000;2;0,0045;1;0;1;1;1;1;1;1;1;1
1561;Fensterheber;350103559000;1;0,0023;1;0;1;0;1;0;1;1;1;1
1561;Fensterheber;350103579000;2;0,0045;1;0;1;1;1;1;1;1;1;1
1561;Fensterheber;350103583000;1;0,0023;1;0;1;1;1;0;0;1;1;1
1561;Fensterheber;350103587000;2;0,0045;1;0;0;1;1;0;0;1;1;1
1561;Fensterheber;350103595000;1;0,0023;1;0;1;1;1;0;0;1;1;1
1561;Fensterheber;350103596000;1;0,0023;1;0;1;1;1;0;0;1;1;1
1561;Fensterheber;350103598000;1;0,0023;1;0;1;1;1;0;0;1;1;1
1561;Fensterheber;350103623000;1;0,0023;1;0;1;0;1;0;0;0;0;1
1561;Fensterheber;350103627000;1;0,0023;1;0;1;0;1;0;0;1;0;1
1561;Fensterheber;350103629000;1;0,0023;1;0;1;1;1;0;0;1;0;1
1561;Fensterheber;350103632000;1;0,0023;1;0;0;0;1;0;0;1;0;1
1561;Fensterheber;350103635000;1;0,0023;1;0;0;0;1;0;0;1;0;1
1561;Fensterheber;350103636000;1;0,0023;1;0;0;0;1;0;0;1;0;1
1561;Fensterheber;350103647000;6;0,0136;1;0;1;0;1;0;1;1;0;1
1561;Fensterheber;350103648000;2;0,0045;1;1;1;0;1;0;1;1;0;1
1561;Fensterheber;350103650000;1;0,0023;1;0;0;0;1;0;0;1;0;1
1561;Fensterheber;350103659000;2;0,0045;0;0;0;1;1;0;0;1;0;1
1561;Fensterheber;350103703000;1;0,0023;1;0;1;1;1;0;1;0;1;1
1561;Fensterheber;350103705000;1;0,0023;1;0;1;1;1;0;0;1;1;1
1561;Fensterheber;350103711000;9;0,0204;1;0;1;1;1;0;0;1;1;1
1561;Fensterheber;350103712000;2;0,0045;1;0;1;1;1;0;0;1;1;1
1561;Fensterheber;350103717000;1;0,0023;1;0;1;1;1;1;1;1;1;1
1561;Fensterheber;350103718000;2;0,0045;1;0;1;1;1;1;1;1;1;1
1561;Fensterheber;350103720000;1;0,0023;1;0;1;1;1;1;1;1;1;1
1561;Fensterheber;350103721000;1;0,0023;1;0;1;1;1;0;0;1;1;1
1561;Fensterheber;350103723000;1;0,0023;1;0;1;1;1;0;1;1;0;1
1561;Fensterheber;350103725000;5;0,0114;1;0;1;0;1;0;0;1;0;1
1561;Fensterheber;350103731000;5;0,0114;1;1;1;0;1;1;1;1;1;1
1561;Fensterheber;350103732000;1;0,0023;1;0;1;0;1;1;1;1;1;1
1561;Fensterheber;350103733000;1;0,0023;1;1;1;0;1;1;1;1;1;1
1561;Fensterheber;350103735000;5;0,0114;1;0;1;1;1;0;1;1;1;1
1561;Fensterheber;350103736000;2;0,0045;1;0;1;1;1;0;1;1;1;1
1561;Fensterheber;350103743000;9;0,0204;0;0;1;1;1;0;1;1;1;1
1561;Fensterheber;350103744000;6;0,0136;0;0;1;1;1;0;1;1;1;1
1561;Fensterheber;350103745000;1;0,0023;1;0;1;1;1;0;0;1;1;1
1561;Fensterheber;350103751000;1;0,0023;1;0;1;1;1;0;0;1;1;1
1561;Fensterheber;350103753000;4;0,0091;1;0;1;1;1;0;1;0;1;1
1561;Fensterheber;350103754000;5;0,0114;1;0;1;1;1;0;1;1;1;1
1561;Fensterheber;350103759000;1;0,0023;1;0;1;0;1;0;0;1;1;1
1561;Fensterheber;350103761000;1;0,0023;1;0;1;0;1;1;1;1;1;1
1561;Fensterheber;350103769000;1;0,0023;1;0;1;1;1;0;0;1;1;1
1561;Fensterheber;350103770000;1;0,0023;1;0;1;1;1;0;0;1;1;1
1561;Fensterheber;350103772000;1;0,0023;1;0;1;0;1;0;0;1;1;1
1561;Fensterheber;350103773000;5;0,0114;1;0;0;1;1;0;0;1;1;1
1561;Fensterheber;350103779000;2;0,0045;1;0;0;1;1;0;1;1;1;1
1561;Fensterheber;350103781000;1;0,0023;1;0;1;1;1;0;1;1;1;1
1561;Fensterheber;350103785000;1;0,0023;1;0;1;0;1;0;0;1;1;1
1561;Fensterheber;350103786000;1;0,0023;1;0;1;0;1;0;0;1;1;1
1561;Fensterheber;350103803000;1;0,0023;0;0;1;0;1;0;0;1;0;1
1561;Fensterheber;350103823000;2;0,0045;1;0;1;1;1;1;1;1;1;1
1561;Fensterheber;350103824000;1;0,0023;1;0;1;1;1;1;1;1;1;1
1561;Fensterheber;350103825000;1;0,0023;1;0;0;0;1;0;0;1;1;1
1561;Fensterheber;350103833000;11;0,025;1;0;1;1;1;0;0;0;1;1
1561;Fensterheber;350103834000;1;0,0023;1;0;1;1;1;0;0;1;1;1
1561;Fensterheber;350103843000;1;0,0023;0;0;0;1;1;1;0;1;1;1
1561;Fensterheber;350103845000;4;0,0091;1;0;1;1;1;0;1;1;1;0
1561;Fensterheber;350103846000;2;0,0045;1;0;1;1;1;0;1;1;1;0
1561;Fensterheber;350103848000;2;0,0045;1;0;1;1;1;0;0;1;1;1
1561;Fensterheber;350103849000;2;0,0045;1;0;1;0;1;0;0;1;1;1
1561;Fensterheber;350103853000;3;0,0068;1;0;1;1;1;0;1;1;1;1
1561;Fensterheber;350103855000;1;0,0023;1;0;1;1;1;0;1;1;1;1
1561;Fensterheber;350103856000;5;0,0114;1;0;1;1;1;0;1;1;1;1
1561;Fensterheber;350103857000;1;0,0023;1;0;1;1;1;0;0;1;1;1
1561;Fensterheber;350103859000;1;0,0023;1;0;1;1;1;0;0;1;1;1
1561;Fensterheber;350103862000;1;0,0023;1;0;1;1;1;0;1;1;1;1
1561;Fensterheber;350103865000;1;0,0023;1;0;1;1;1;0;0;1;1;1
1561;Fensterheber;350103865000MAN;1;0,0023;0;0;0;0;0;0;0;0;0;0
1561;Fensterheber;350103867000;1;0,0023;1;0;1;0;1;0;0;1;1;1
1561;Fensterheber;350103869000;1;0,0023;1;0;1;1;1;0;0;1;1;1
1561;Fensterheber;350103874000;2;0,0045;1;0;1;1;1;1;1;1;1;1
1561;Fensterheber;350103881000;1;0,0023;1;0;1;0;1;0;1;1;1;1
1561;Fensterheber;350103882000;1;0,0023;1;0;1;0;1;0;1;1;1;1
1561;Fensterheber;350103884000;1;0,0023;1;0;1;1;1;1;1;1;1;1
1561;Fensterheber;350103885000;1;0,0023;1;0;1;0;1;0;0;1;1;1
1561;Fensterheber;350103889000;2;0,0045;1;0;1;1;1;0;0;1;1;1
1561;Fensterheber;350103890000;1;0,0023;1;0;1;1;1;0;0;1;1;1
1561;Fensterheber;350103902000;1;0,0023;1;0;1;0;1;0;0;1;1;1
1561;Fensterheber;350103906000;1;0,0023;0;0;1;0;1;0;1;1;1;1
1561;Fensterheber;350103911000;3;0,0068;1;0;1;0;1;0;1;1;1;1
1561;Fensterheber;350103912000;1;0,0023;1;0;1;0;1;0;1;1;1;1
1561;Fensterheber;350103914000;1;0,0023;1;0;1;0;1;0;1;1;1;1
1561;Fensterheber;350103915000;4;0,0091;1;0;1;0;1;0;0;1;1;1
1561;Fensterheber;350103919000;2;0,0045;1;0;1;0;1;0;1;1;1;1
1561;Fensterheber;350103929000;1;0,0023;1;0;0;0;1;1;0;1;1;1
1561;Fensterheber;350103933000;3;0,0068;1;0;1;1;1;1;1;1;1;1
1561;Fensterheber;350103934000;1;0,0023;1;0;1;1;1;1;1;1;1;1
1561;Fensterheber;350103935000;2;0,0045;0;0;1;0;1;0;0;1;1;1
1561;Fensterheber;350103940000;1;0,0023;1;0;1;1;1;0;1;1;1;1
1561;Fensterheber;350103941000;5;0,0114;1;0;1;0;1;0;1;1;1;1
1561;Fensterheber;350103942000;5;0,0114;1;0;1;0;1;0;1;1;1;1
1561;Fensterheber;350103959000;1;0,0023;1;0;1;1;1;0;0;1;1;1
1561;Fensterheber;350103963000;1;0,0023;1;0;1;0;1;0;0;1;1;1
1561;Fensterheber;350103969000;1;0,0023;1;0;1;1;1;1;1;1;1;1
1561;Fensterheber;350103971000;1;0,0023;1;0;1;1;1;0;0;1;1;1
1561;Fensterheber;350103985000;1;0,0023;1;0;0;0;1;1;0;1;1;1
1561;Fensterheber;350103987000;1;0,0023;1;0;0;0;1;1;0;1;1;1
1561;Fensterheber;350103X092;1;0,0023;0;0;0;0;0;0;0;0;0;0
1561;Fensterheber;350104170713;2;0,0045;0;0;0;0;1;0;0;0;0;0
1561;Fensterheber;35421103;1;0,0023;0;0;1;0;0;0;0;1;0;1
1561;Fensterheber;357837461;1;0,0023;1;1;1;0;1;0;1;1;0;1
1561;Fensterheber;3701261;1;0,0023;1;0;1;0;1;0;0;1;1;1
1561;Fensterheber;3701262;1;0,0023;1;0;1;0;1;0;0;1;1;1
1561;Fensterheber;3742267;6;0,0136;1;0;1;1;1;0;1;1;1;1
1561;Fensterheber;3742268;5;0,0114;1;0;1;1;1;0;1;1;1;1
1561;Fensterheber;3745261;1;0,0023;1;0;1;1;1;0;0;1;1;1
1561;Fensterheber;3745265;2;0,0045;1;0;1;1;0;0;0;1;0;1
1561;Fensterheber;3745265VAN;1;0,0023;0;0;0;0;0;0;0;0;0;0
1561;Fensterheber;3745267;1;0,0023;1;0;1;0;1;0;0;1;1;1
1561;Fensterheber;3749261;1;0,0023;1;0;1;1;1;0;0;0;1;0
1561;Fensterheber;3750268;8;0,0182;1;0;1;1;1;0;0;0;1;1
1561;Fensterheber;3768261;1;0,0023;1;0;1;0;1;0;0;1;1;0
1561;Fensterheber;377879;1;0,0023;0;0;0;0;0;0;0;0;0;0
1561;Fensterheber;377882;2;0,0045;0;0;0;0;0;0;0;0;0;0
1561;Fensterheber;3781227;13;0,0295;0;0;1;0;0;0;0;0;1;0
1561;Fensterheber;3781228;2;0,0045;0;0;1;0;0;0;0;0;1;0
1561;Fensterheber;3781266;1;0,0023;1;0;1;1;0;0;0;0;0;1
1561;Fensterheber;3781268;5;0,0114;1;0;1;1;1;0;0;0;1;1
1561;Fensterheber;3790267;3;0,0068;0;0;1;0;1;0;0;0;1;1
1561;Fensterheber;3790268;4;0,0091;0;0;1;0;1;0;0;0;1;1
1561;Fensterheber;3794261;12;0,0273;1;0;1;1;1;0;1;1;1;1
1561;Fensterheber;3794262;8;0,0182;1;0;1;1;1;0;1;1;1;1
1561;Fensterheber;3799261;3;0,0068;1;0;1;1;0;0;0;0;1;0
1561;Fensterheber;3799263;9;0,0204;0;0;1;1;0;0;0;0;0;0
1561;Fensterheber;3799264;2;0,0045;0;0;1;1;0;0;0;0;0;0
1561;Fensterheber;3800178;1;0,0023;0;0;0;0;0;0;0;0;0;0
1561;Fensterheber;3800181;2;0,0045;0;1;0;0;1;0;0;0;0;1
1561;Fensterheber;3800182;3;0,0068;0;1;0;0;0;0;0;0;0;1
1561;Fensterheber;384905;4;0,0091;0;0;0;0;0;0;0;0;0;0
1561;Fensterheber;3849735;1;0,0023;0;0;0;0;0;0;0;0;0;0
1561;Fensterheber;3850262;1;0,0023;1;0;1;1;0;0;0;0;1;0
1561;Fensterheber;385056;1;0,0023;0;0;0;0;0;0;0;0;0;0
1561;Fensterheber;386115;1;0,0023;0;0;0;0;0;0;0;0;0;0
1561;Fensterheber;389891;1;0,0023;0;0;0;0;0;0;0;0;0;0
1561;Fensterheber;389929;1;0,0023;0;0;0;0;0;0;0;0;0;0
1561;Fensterheber;390099;1;0,0023;0;0;0;0;0;0;0;0;0;0
1561;Fensterheber;390133;1;0,0023;0;0;0;0;0;0;0;0;0;0
1561;Fensterheber;390140;1;0,0023;0;0;0;0;0;0;0;0;0;0
1561;Fensterheber;390145;1;0,0023;0;0;0;0;0;0;0;0;0;0
1561;Fensterheber;390151;1;0,0023;0;0;0;0;0;0;0;0;0;0
1561;Fensterheber;390152;1;0,0023;0;0;0;0;0;0;0;0;0;0
1561;Fensterheber;390162;2;0,0045;0;0;0;0;0;0;0;0;0;0
1561;Fensterheber;390171;1;0,0023;0;0;0;0;0;0;0;0;0;0
1561;Fensterheber;39030321;1;0,0023;0;0;0;0;0;0;0;0;0;0
1561;Fensterheber;39035998;1;0,0023;0;0;0;0;0;0;0;0;0;0
1561;Fensterheber;39142320;1;0,0023;0;0;0;0;1;0;0;1;1;0
1561;Fensterheber;39161985;8;0,0182;1;1;1;1;1;0;0;1;1;1
1561;Fensterheber;39161986;20;0,0454;1;1;1;1;1;0;0;1;1;1
1561;Fensterheber;39161989;7;0,0159;0;1;1;1;1;0;0;1;0;1
1561;Fensterheber;39161990;8;0,0182;0;1;1;1;1;0;0;1;0;1
1561;Fensterheber;39227502;1;0,0023;0;0;1;0;1;0;0;0;1;0
1561;Fensterheber;396321111;1;0,0023;0;0;0;1;0;0;0;0;0;0
1561;Fensterheber;39812111;1;0,0023;0;0;1;1;0;0;0;0;0;0
1561;Fensterheber;3A0837401B;7;0,0159;1;0;1;1;1;0;0;0;1;0
1561;Fensterheber;3A0837461;9;0,0204;1;1;1;1;1;0;1;1;1;1
1561;Fensterheber;3A0837461MG;1;0,0023;0;0;0;0;0;0;1;0;0;0
1561;Fensterheber;3A0837462;1;0,0023;1;1;1;1;1;0;1;1;0;1
1561;Fensterheber;3A0837462MG;1;0,0023;0;0;0;0;0;0;1;0;0;0
1561;Fensterheber;3AA837461B;15;0,0341;1;1;1;1;1;0;0;1;1;1
1561;Fensterheber;3AA837461C;2;0,0045;1;0;0;0;1;0;0;0;1;0
1561;Fensterheber;3AA837462B;6;0,0136;1;1;1;1;1;0;0;1;1;1
1561;Fensterheber;3AA837462C;1;0,0023;1;0;0;0;0;0;0;0;0;0
1561;Fensterheber;3AF839461B;1;0,0023;0;1;0;0;1;0;0;0;1;1
1561;Fensterheber;3AF839461C;6;0,0136;0;1;0;0;1;0;0;0;1;1
1561;Fensterheber;3AF839462B;1;0,0023;0;1;0;0;1;0;0;0;1;1
1561;Fensterheber;3AF839462C;11;0,025;0;1;0;0;1;0;0;0;1;1
1561;Fensterheber;3B0837462;1;0,0023;0;0;0;0;0;0;0;0;0;0
1561;Fensterheber;3B1837461;282;0,6405;1;1;1;1;1;1;1;1;1;1
1561;Fensterheber;3B1837462;231;0,5246;1;1;1;1;1;1;1;1;1;1
1561;Fensterheber;3B1837655AB;1;0,0023;0;0;0;0;0;0;0;0;0;0
1561;Fensterheber;3B5839461;1;0,0023;0;0;0;0;0;0;1;1;0;1
1561;Fensterheber;3B5839461A;23;0,0522;0;1;1;0;1;0;1;1;0;1
1561;Fensterheber;3B5839462A;18;0,0409;0;1;1;0;0;0;1;0;0;1
1561;Fensterheber;3B5839656C;3;0,0068;0;0;0;0;0;0;1;0;0;1
1561;Fensterheber;3B9839461A;30;0,0681;1;1;1;0;1;0;1;1;1;1
1561;Fensterheber;3B9839462A;21;0,0477;1;1;1;0;1;0;1;1;1;1
1561;Fensterheber;3C1837461F;1;0,0023;0;1;1;0;1;0;0;1;1;0
1561;Fensterheber;3C1837461H;32;0,0727;1;1;1;1;1;0;0;1;1;1
1561;Fensterheber;3C1837461L;11;0,025;0;1;1;1;1;1;1;0;0;1
1561;Fensterheber;3C1837462F;1;0,0023;1;0;1;0;1;0;0;1;1;0
1561;Fensterheber;3C1837462H;32;0,0727;0;1;1;1;1;0;0;1;1;1
1561;Fensterheber;3C1837462L;2;0,0045;0;1;1;1;1;1;1;1;0;1
1561;Fensterheber;3C5839461J;9;0,0204;1;1;1;1;1;0;0;1;1;1
1561;Fensterheber;3C5839461K;1;0,0023;0;0;1;0;0;0;0;1;0;0
1561;Fensterheber;3C5839462G;1;0,0023;0;1;1;0;1;0;0;0;1;0
1561;Fensterheber;3C5839462J;7;0,0159;1;1;1;1;1;0;0;1;1;0
1561;Fensterheber;3C9839461L;18;0,0409;0;1;1;0;1;0;0;1;1;1
1561;Fensterheber;3C9839462L;15;0,0341;0;1;1;0;1;0;0;1;1;1
1561;Fensterheber;3G0837461C;1;0,0023;1;0;1;1;1;0;0;1;1;1
1561;Fensterheber;3G0837462C;2;0,0045;1;0;1;1;1;0;0;1;1;1
1561;Fensterheber;3G5839461B;1;0,0023;0;1;1;1;0;0;0;1;1;0
1561;Fensterheber;3G9839462B;1;0,0023;0;1;1;1;0;0;0;0;1;0
1561;Fensterheber;3T0837461;1;0,0023;0;0;1;0;0;1;0;0;0;0
1561;Fensterheber;3T0837461A;65;0,1476;1;1;1;1;0;1;1;1;1;1
1561;Fensterheber;3T0837462;1;0,0023;0;0;1;0;0;1;0;0;0;0
1561;Fensterheber;3T0837462A;48;0,109;1;1;1;1;0;1;1;1;1;1
1561;Fensterheber;3T0839462;1;0,0023;0;0;1;1;0;0;0;1;1;1
1561;Fensterheber;3U5839462;1;0,0023;0;0;1;0;0;0;0;0;0;0
1561;Fensterheber;3V0837461A;3;0,0068;0;0;1;1;1;1;0;0;1;1
1561;Fensterheber;3V0837462A;1;0,0023;0;0;1;1;1;1;0;0;1;1
1561;Fensterheber;40011103;2;0,0045;0;0;0;1;0;0;0;1;0;0
1561;Fensterheber;4014859;1;0,0023;0;0;0;0;0;0;0;0;0;0
1561;Fensterheber;4028267;4;0,0091;1;0;1;0;1;0;0;1;1;1
1561;Fensterheber;4030262;1;0,0023;0;0;1;0;0;0;0;0;0;0
1561;Fensterheber;4030265;1;0,0023;1;0;1;0;0;0;0;0;1;0
1561;Fensterheber;4030266;2;0,0045;1;0;1;0;0;0;0;0;1;0
1561;Fensterheber;4034261;1;0,0023;1;0;1;1;0;0;0;1;1;0
1561;Fensterheber;4034262;1;0,0023;1;0;1;1;0;0;0;1;1;0
1561;Fensterheber;4034266;1;0,0023;0;0;1;1;0;1;0;1;1;0
1561;Fensterheber;4034267;2;0,0045;1;0;1;1;0;0;0;1;1;0
1561;Fensterheber;4034268;2;0,0045;1;0;1;1;0;0;0;1;1;0
1561;Fensterheber;4035263;1;0,0023;1;0;1;0;0;0;0;1;1;0
1561;Fensterheber;4042261;1;0,0023;1;0;1;1;1;0;0;0;1;1
1561;Fensterheber;4047266;1;0,0023;1;0;1;0;0;0;1;1;1;1
1561;Fensterheber;4060261;2;0,0045;1;0;1;0;1;1;1;0;1;1
1561;Fensterheber;4060262;2;0,0045;1;0;1;0;1;1;1;0;1;1
1561;Fensterheber;406194;2;0,0045;0;0;0;0;0;0;0;0;0;0
1561;Fensterheber;406195;3;0,0068;0;0;0;0;0;0;0;0;0;0
1561;Fensterheber;406196;3;0,0068;0;0;0;0;0;0;0;0;0;0
1561;Fensterheber;406373;1;0,0023;0;0;0;0;0;0;0;0;0;0
1561;Fensterheber;4068261;10;0,0227;1;0;1;1;0;1;0;1;1;0
1561;Fensterheber;4068261WEZEL;1;0,0023;0;0;0;0;0;0;0;0;0;0
1561;Fensterheber;4068262;13;0,0295;1;0;1;1;0;1;0;1;1;0
1561;Fensterheber;4068262VAN;1;0,0023;0;0;0;0;0;0;0;0;0;0
1561;Fensterheber;4068263;15;0,0341;1;0;1;0;0;0;0;1;1;0
1561;Fensterheber;4068264;7;0,0159;1;0;1;0;0;0;0;1;1;0
1561;Fensterheber;4077926;1;0,0023;1;1;1;0;1;1;1;1;0;1
1561;Fensterheber;4081261;1;0,0023;0;0;1;0;0;0;0;1;0;0
1561;Fensterheber;417021;1;0,0023;0;0;0;0;0;0;0;0;0;0
1561;Fensterheber;417803;1;0,0023;0;0;0;0;0;0;0;0;0;0
1561;Fensterheber;417823;2;0,0045;0;0;0;0;0;0;0;0;0;0
1561;Fensterheber;417976;1;0,0023;0;0;0;0;0;0;0;0;0;0
1561;Fensterheber;4211715;1;0,0023;0;0;0;0;0;0;0;0;0;0
1561;Fensterheber;4212711;4;0,0091;0;0;0;0;0;0;0;0;0;0
1561;Fensterheber;4212712;3;0,0068;0;0;0;0;0;0;0;0;0;0
1561;Fensterheber;4212735;2;0,0045;0;0;0;0;0;0;0;0;0;0
1561;Fensterheber;4213735;5;0,0114;0;0;0;0;0;0;0;0;0;0
1561;Fensterheber;4213736;2;0,0045;0;0;0;0;0;0;0;0;0;0
1561;Fensterheber;4215850;1;0,0023;0;0;0;0;0;0;0;0;0;0
1561;Fensterheber;4215851;1;0,0023;0;0;0;0;0;0;0;0;0;0
1561;Fensterheber;423019;1;0,0023;0;0;0;0;0;0;0;0;0;0
1561;Fensterheber;424461;1;0,0023;0;0;0;0;0;0;0;0;0;0
1561;Fensterheber;42565949;2;0,0045;0;0;1;0;1;0;0;1;1;0
1561;Fensterheber;42574134;4;0,0091;0;0;0;0;1;1;0;1;1;1
1561;Fensterheber;42574135;1;0,0023;0;0;0;0;1;0;0;1;1;1
1561;Fensterheber;42594588;2;0,0045;0;0;0;0;0;0;0;0;1;1
1561;Fensterheber;430844;1;0,0023;0;0;0;0;0;0;0;0;0;0
1561;Fensterheber;430846;2;0,0045;0;0;0;0;0;0;0;0;0;0
1561;Fensterheber;4311PSE1;1;0,0023;0;0;0;0;0;0;0;0;0;0
1561;Fensterheber;4323268;1;0,0023;1;0;1;0;1;0;0;1;1;1
1561;Fensterheber;4324261;1;0,0023;1;0;1;1;1;0;1;1;1;1
1561;Fensterheber;4324262;1;0,0023;1;0;1;1;1;0;1;1;1;1
1561;Fensterheber;4324264;1;0,0023;1;0;1;0;0;0;0;1;1;1
1561;Fensterheber;4324265;1;0,0023;1;0;1;1;0;0;0;0;0;0
1561;Fensterheber;4324266;1;0,0023;1;0;1;1;0;0;0;0;0;0
1561;Fensterheber;4327263;6;0,0136;1;0;1;1;1;0;1;0;1;1
1561;Fensterheber;4327266;1;0,0023;1;0;1;1;1;0;1;1;1;1
1561;Fensterheber;4327267;14;0,0318;1;0;1;1;0;0;0;1;0;1
1561;Fensterheber;4327271;2;0,0045;1;0;1;1;0;0;0;1;0;0
1561;Fensterheber;4328261;4;0,0091;1;0;1;1;0;0;0;1;0;1
1561;Fensterheber;4328262;3;0,0068;1;0;1;1;0;0;0;1;0;1
1561;Fensterheber;4328263;2;0,0045;1;0;1;1;1;0;0;0;1;1
1561;Fensterheber;4328264;3;0,0068;1;0;1;1;1;0;0;0;1;1
1561;Fensterheber;4328266;2;0,0045;1;0;1;0;1;0;0;1;1;1
1561;Fensterheber;4328267;1;0,0023;1;0;1;0;1;0;1;0;1;1
1561;Fensterheber;4331263;3;0,0068;1;0;1;1;0;0;0;0;0;1
1561;Fensterheber;4331264;1;0,0023;1;0;1;1;0;0;0;0;0;1
1561;Fensterheber;4331267;3;0,0068;1;0;1;1;1;0;0;1;1;1
1561;Fensterheber;4332261;2;0,0045;1;0;1;1;0;0;0;1;0;1
1561;Fensterheber;4332263;10;0,0227;1;0;1;1;0;0;0;1;0;1
1561;Fensterheber;4332264;1;0,0023;1;0;1;1;0;0;0;1;0;1
1561;Fensterheber;4339231;1;0,0023;0;0;1;0;0;0;0;0;1;0
1561;Fensterheber;4339261;7;0,0159;1;0;1;1;1;0;1;1;1;1
1561;Fensterheber;4339262;3;0,0068;1;0;1;0;1;0;1;1;1;1
1561;Fensterheber;4339263;6;0,0136;1;0;1;1;1;0;1;1;1;1
1561;Fensterheber;4339264;1;0,0023;1;0;1;1;1;0;1;1;1;1
1561;Fensterheber;4339267;4;0,0091;1;0;1;1;0;0;0;0;0;0
1561;Fensterheber;4339268;1;0,0023;1;0;1;1;0;0;0;0;0;0
1561;Fensterheber;4343261;11;0,025;1;0;1;1;1;0;0;1;1;1
1561;Fensterheber;4343261VAN;1;0,0023;0;0;0;0;0;0;0;0;0;0
1561;Fensterheber;4343262;12;0,0273;1;0;1;1;1;0;0;1;1;1
1561;Fensterheber;4348263;1;0,0023;1;0;1;0;0;0;0;1;0;1
1561;Fensterheber;4348265;5;0,0114;1;0;1;1;1;0;1;0;1;1
1561;Fensterheber;4348266;3;0,0068;1;0;1;1;1;0;1;0;1;1
1561;Fensterheber;4348268;2;0,0045;1;0;1;1;0;0;0;1;1;1
1561;Fensterheber;4359097;1;0,0023;0;0;0;0;0;0;0;0;0;0
1561;Fensterheber;4362261;6;0,0136;1;0;1;1;0;0;0;1;1;0
1561;Fensterheber;4362262;3;0,0068;1;0;1;1;0;0;0;1;1;0
1561;Fensterheber;4362265;1;0,0023;0;0;1;0;0;0;0;0;0;0
1561;Fensterheber;4362266;2;0,0045;0;0;1;0;0;0;0;0;0;0
1561;Fensterheber;4366261;8;0,0182;1;0;1;1;1;0;1;0;1;1
1561;Fensterheber;4366261VWA;1;0,0023;0;0;0;0;0;0;0;0;0;0
1561;Fensterheber;4366266;5;0,0114;1;0;1;1;0;0;0;1;1;0
1561;Fensterheber;4373261;1;0,0023;1;0;1;1;0;0;0;1;1;0
1561;Fensterheber;4375263;2;0,0045;0;0;1;0;1;0;0;0;1;1
1561;Fensterheber;4377261;11;0,025;1;0;1;1;1;0;0;1;1;0
1561;Fensterheber;4377262;8;0,0182;1;0;1;1;1;0;0;1;1;0
1561;Fensterheber;4378261;1;0,0023;0;0;1;0;0;0;0;0;0;0
1561;Fensterheber;4386262;1;0,0023;1;0;1;1;0;0;0;0;1;0
1561;Fensterheber;44084L;1;0,0023;0;0;0;1;0;0;0;0;0;1
1561;Fensterheber;4408554;28;0,0636;0;1;1;1;1;0;1;1;1;1
1561;Fensterheber;4408555;7;0,0159;0;1;1;1;1;0;1;1;1;1
1561;Fensterheber;440958;1;0,0023;0;0;0;0;0;0;0;0;0;0
1561;Fensterheber;441652;1;0,0023;0;0;0;0;0;0;0;0;0;0
1561;Fensterheber;441659;1;0,0023;0;0;0;0;0;0;0;0;0;0
1561;Fensterheber;441921;1;0,0023;0;0;0;0;0;0;0;0;0;0
1561;Fensterheber;441927;1;0,0023;0;0;0;0;0;0;0;0;0;0
1561;Fensterheber;4420302;1;0,0023;0;0;0;0;1;0;0;1;1;0
1561;Fensterheber;4420303;1;0,0023;0;0;0;0;1;0;0;1;1;0
1561;Fensterheber;4426;1;0,0023;0;0;0;0;0;0;0;0;0;0
1561;Fensterheber;443261;1;0,0023;0;0;0;0;0;0;0;0;0;0
1561;Fensterheber;443262;1;0,0023;0;0;0;0;0;0;0;0;0;0
1561;Fensterheber;4437554;1;0,0023;0;0;1;0;1;1;0;1;0;0
1561;Fensterheber;44377938;1;0,0023;0;0;0;0;0;0;0;0;0;0
1561;Fensterheber;443837397D;4;0,0091;1;1;1;0;1;0;0;1;1;0
1561;Fensterheber;443837398D;1;0,0023;1;1;1;0;1;0;0;1;1;0
1561;Fensterheber;4458244;5;0,0114;1;0;1;0;1;1;1;1;0;1
1561;Fensterheber;4458247;5;0,0114;1;0;1;0;1;1;1;1;0;1
1561;Fensterheber;448373;1;0,0023;0;0;0;0;0;0;0;0;0;0
1561;Fensterheber;448389;1;0,0023;0;0;0;0;0;0;0;0;0;0
1561;Fensterheber;448405;1;0,0023;0;0;0;0;0;0;0;0;0;0
1561;Fensterheber;448407;1;0,0023;0;0;0;0;0;0;0;0;0;0
1561;Fensterheber;448440;1;0,0023;0;0;0;0;0;0;0;0;0;0
1561;Fensterheber;448488;1;0,0023;0;0;0;0;0;0;0;0;0;0
1561;Fensterheber;448493;1;0,0023;0;0;0;0;0;0;0;0;0;0
1561;Fensterheber;448498;2;0,0045;0;0;0;0;0;0;0;0;0;0
1561;Fensterheber;448514;1;0,0023;0;0;0;0;0;0;0;0;0;0
1561;Fensterheber;448516;2;0,0045;0;0;0;0;0;0;0;0;0;0
1561;Fensterheber;44886983;1;0,0023;0;0;0;0;0;0;0;0;0;0
1561;Fensterheber;4500490;1;0,0023;0;1;1;1;1;0;1;1;1;1
1561;Fensterheber;45281474;1;0,0023;0;0;0;0;0;0;0;0;0;0
1561;Fensterheber;4585;1;0,0023;0;0;0;0;0;0;0;0;0;0
1561;Fensterheber;460734;1;0,0023;0;0;0;0;0;1;0;0;0;0
1561;Fensterheber;463372;1;0,0023;1;0;0;0;0;0;0;1;0;0
1561;Fensterheber;463373;2;0,0045;1;0;0;0;0;0;0;1;0;0
1561;Fensterheber;4637300746;2;0,0045;0;0;0;0;0;0;0;0;0;0
1561;Fensterheber;4637300946;1;0,0023;0;0;1;0;0;0;0;0;0;0
1561;Fensterheber;46446617;1;0,0023;1;1;0;0;0;0;0;1;1;1
1561;Fensterheber;46446913;1;0,0023;1;1;0;0;1;0;0;0;0;0
1561;Fensterheber;46510629;2;0,0045;1;1;1;0;1;0;0;1;1;1
1561;Fensterheber;46510670;1;0,0023;1;1;1;0;1;0;0;1;1;1
1561;Fensterheber;46512241;1;0,0023;1;1;0;0;1;0;0;1;1;1
1561;Fensterheber;46512304;3;0,0068;1;1;0;0;1;0;0;1;1;1
1561;Fensterheber;46536307;8;0,0182;1;1;1;0;1;0;0;1;1;1
1561;Fensterheber;46536308;9;0,0204;1;1;1;0;1;0;0;1;1;1
1561;Fensterheber;46536309;2;0,0045;0;1;0;0;0;0;0;1;0;1
1561;Fensterheber;46536311;1;0,0023;1;1;1;1;1;0;1;1;1;1
1561;Fensterheber;46536312;4;0,0091;1;1;1;1;1;0;1;1;1;1
1561;Fensterheber;46559812;3;0,0068;1;1;0;0;1;0;0;1;1;1
1561;Fensterheber;46582945;4;0,0091;0;0;0;0;0;0;0;0;0;0
1561;Fensterheber;46736434;1;0,0023;1;1;0;0;1;0;0;1;1;1
1561;Fensterheber;46751438;3;0,0068;1;1;1;1;1;0;1;1;1;1
1561;Fensterheber;46751439;3;0,0068;1;1;1;1;1;0;1;1;1;1
1561;Fensterheber;46751870;7;0,0159;1;1;1;1;1;1;1;1;1;1
1561;Fensterheber;46751871;29;0,0659;1;1;1;1;1;1;1;1;1;1
1561;Fensterheber;46790323;1;0,0023;1;1;1;0;1;0;0;1;1;1
1561;Fensterheber;46790326;1;0,0023;1;1;1;0;1;0;0;1;1;1
1561;Fensterheber;46803649;2;0,0045;1;1;1;1;1;0;0;1;1;1
1561;Fensterheber;46803650;3;0,0068;1;1;1;0;1;0;0;1;1;1
1561;Fensterheber;46803651;26;0,059;1;1;1;0;1;0;1;1;1;1
1561;Fensterheber;46803652;23;0,0522;1;1;1;0;1;0;1;1;1;1
1561;Fensterheber;46803653;2;0,0045;1;1;1;0;1;0;0;1;1;1
1561;Fensterheber;46810676;1;0,0023;1;1;1;1;1;0;1;1;1;1
1561;Fensterheber;46810677;1;0,0023;1;1;1;1;1;0;1;1;1;1
1561;Fensterheber;46831653;2;0,0045;1;1;1;0;1;0;0;1;1;1
1561;Fensterheber;46831654;1;0,0023;1;1;1;0;1;0;0;1;1;1
1561;Fensterheber;46831655;6;0,0136;1;1;1;0;1;0;0;1;1;1
1561;Fensterheber;46841277;1;0,0023;0;1;0;0;0;0;0;0;1;0
1561;Fensterheber;46841278;3;0,0068;0;1;0;0;0;0;0;0;1;0
1561;Fensterheber;46932111;1;0,0023;0;0;0;1;0;0;0;0;0;0
1561;Fensterheber;4700399;1;0,0023;1;0;0;1;1;0;0;1;1;1
1561;Fensterheber;4708799;1;0,0023;1;1;1;1;1;0;0;1;1;1
1561;Fensterheber;471635;1;0,0023;0;0;0;0;0;0;0;0;0;0
1561;Fensterheber;4819032SM;1;0,0023;0;0;0;1;1;0;0;0;0;1
1561;Fensterheber;483318;1;0,0023;0;0;0;0;0;0;0;0;0;0
1561;Fensterheber;4842043SCM;1;0,0023;0;0;0;1;1;0;0;0;0;1
1561;Fensterheber;48472111;1;0,0023;0;0;0;0;0;0;0;0;0;0
1561;Fensterheber;48572111;2;0,0045;0;0;1;0;0;0;0;0;0;0
1561;Fensterheber;48572121;1;0,0023;0;0;1;0;0;0;0;0;0;0
1561;Fensterheber;4874735;1;0,0023;0;0;0;0;0;0;0;0;0;0
1561;Fensterheber;4894527AA;3;0,0068;1;1;1;0;1;0;0;1;0;1
1561;Fensterheber;489454;1;0,0023;0;0;0;0;0;0;0;0;0;0
1561;Fensterheber;489465;1;0,0023;0;0;0;0;0;0;0;0;0;0
1561;Fensterheber;490006;1;0,0023;1;0;0;0;0;0;0;1;0;1
1561;Fensterheber;490007;1;0,0023;1;0;0;0;0;0;0;1;0;1
1561;Fensterheber;490031;1;0,0023;1;0;0;1;0;1;1;1;0;1
1561;Fensterheber;490038;1;0,0023;1;0;0;1;0;1;0;1;0;1
1561;Fensterheber;490039;1;0,0023;1;0;0;1;0;1;0;1;0;1
1561;Fensterheber;490073;4;0,0091;1;0;0;1;0;0;0;0;0;1
1561;Fensterheber;490100;1;0,0023;0;0;0;1;0;0;0;1;0;1
1561;Fensterheber;490121;1;0,0023;1;0;0;1;0;0;0;1;0;1
1561;Fensterheber;490132;2;0,0045;1;0;0;1;0;0;0;0;0;1
1561;Fensterheber;490140;1;0,0023;0;0;0;0;0;0;0;1;0;1
1561;Fensterheber;490141;1;0,0023;1;0;0;0;0;0;0;1;0;1
1561;Fensterheber;490146;1;0,0023;1;0;0;0;0;0;0;1;0;1
1561;Fensterheber;490147;2;0,0045;1;0;0;0;0;0;0;1;0;1
1561;Fensterheber;490160;1;0,0023;1;0;0;1;0;0;0;1;0;1
1561;Fensterheber;490163;2;0,0045;1;0;0;0;0;1;0;1;0;1
1561;Fensterheber;490211;1;0,0023;1;0;0;0;0;0;0;1;0;1
1561;Fensterheber;490262;1;0,0023;1;0;0;1;0;0;1;1;0;1
1561;Fensterheber;490263;1;0,0023;1;0;0;1;0;0;1;1;0;0
1561;Fensterheber;4903262;1;0,0023;1;0;0;0;1;0;1;0;1;1
1561;Fensterheber;490339;1;0,0023;0;0;0;1;0;0;0;1;0;0
1561;Fensterheber;490363;1;0,0023;1;0;0;1;0;0;1;1;0;1
1561;Fensterheber;4904261;7;0,0159;0;0;1;1;1;1;1;1;1;1
1561;Fensterheber;4904262;6;0,0136;0;0;1;1;1;1;1;1;1;1
1561;Fensterheber;4904262VAN;2;0,0045;0;0;0;0;0;0;0;0;0;0
1561;Fensterheber;490464;1;0,0023;1;0;0;1;0;0;0;0;0;1
1561;Fensterheber;490516;1;0,0023;0;0;0;1;1;1;0;1;0;1
1561;Fensterheber;490517;1;0,0023;0;0;0;1;1;1;0;1;0;1
1561;Fensterheber;490580;1;0,0023;1;0;0;0;0;0;0;1;0;1
1561;Fensterheber;49060907;2;0,0045;0;0;0;0;0;0;0;0;0;0
1561;Fensterheber;490668;1;0,0023;1;0;0;0;0;0;0;0;0;1
1561;Fensterheber;490684;1;0,0023;0;0;0;0;0;0;0;1;0;1
1561;Fensterheber;490706;1;0,0023;0;0;0;0;0;1;0;0;0;1
1561;Fensterheber;490717;1;0,0023;0;0;0;0;1;0;0;0;0;1
1561;Fensterheber;4912263;2;0,0045;1;0;1;0;1;0;1;1;1;1
1561;Fensterheber;4912264;1;0,0023;1;0;1;0;1;0;1;1;1;1
1561;Fensterheber;4912267;1;0,0023;1;0;1;0;0;0;1;0;0;0
1561;Fensterheber;4912268;1;0,0023;1;0;1;0;0;0;1;0;0;0
1561;Fensterheber;4917261;8;0,0182;1;0;1;1;1;1;1;1;1;1
1561;Fensterheber;4917262;3;0,0068;1;0;1;1;1;1;1;1;1;1
1561;Fensterheber;4917263;2;0,0045;1;0;1;1;1;0;1;1;1;1
1561;Fensterheber;4917264;2;0,0045;1;0;1;1;1;0;1;1;1;1
1561;Fensterheber;4917267;3;0,0068;0;0;1;1;0;1;0;0;0;0
1561;Fensterheber;4917268;3;0,0068;0;0;1;1;0;1;0;0;0;0
1561;Fensterheber;4917269;1;0,0023;0;0;1;1;0;1;0;0;0;0
1561;Fensterheber;4917270VWA;1;0,0023;0;0;0;0;0;0;0;0;0;0
1561;Fensterheber;4919261;4;0,0091;1;0;1;1;1;0;1;0;1;1
1561;Fensterheber;4919263;2;0,0045;1;0;1;1;1;0;1;0;1;1
1561;Fensterheber;4919264;2;0,0045;1;0;1;1;1;0;1;0;1;1
1561;Fensterheber;4919265;2;0,0045;0;0;1;0;0;0;0;0;1;1
1561;Fensterheber;4919266;2;0,0045;0;0;1;0;0;0;0;0;1;1
1561;Fensterheber;4933261;6;0,0136;1;0;1;1;1;1;1;1;1;1
1561;Fensterheber;4933262;2;0,0045;1;0;1;1;1;1;1;1;1;1
1561;Fensterheber;4933265;4;0,0091;1;0;1;1;1;1;0;1;0;0
1561;Fensterheber;4941261;29;0,0659;1;0;1;1;0;1;1;0;0;1
1561;Fensterheber;4941262;16;0,0363;1;0;1;1;0;1;0;0;0;1
1561;Fensterheber;4941262VAN;1;0,0023;0;0;0;0;0;0;0;0;0;0
1561;Fensterheber;4941263;3;0,0068;1;0;1;1;1;0;0;1;1;0
1561;Fensterheber;4941264;2;0,0045;1;0;1;1;1;0;0;1;1;0
1561;Fensterheber;49908;1;0,0023;0;0;0;1;0;1;1;0;0;0
1561;Fensterheber;49909;1;0,0023;0;0;0;1;0;1;1;0;0;0
1561;Fensterheber;4A0837461A;1;0,0023;1;1;1;0;1;0;0;1;1;1
1561;Fensterheber;4B0837461;18;0,0409;1;0;1;1;1;0;1;1;1;0
1561;Fensterheber;4B0837461A;6;0,0136;1;1;0;1;1;0;1;1;1;1
1561;Fensterheber;4B0837461C;41;0,0931;1;1;0;1;1;1;1;1;1;1
1561;Fensterheber;4B0837461MG;1;0,0023;0;0;0;0;0;0;1;0;0;0
1561;Fensterheber;4B0837462;18;0,0409;1;0;1;1;1;0;1;1;1;0
1561;Fensterheber;4B0837462A;4;0,0091;1;1;0;1;1;0;1;1;1;1
1561;Fensterheber;4B0837462C;20;0,0454;1;1;0;1;1;1;1;1;1;1
1561;Fensterheber;4B0837462MG;1;0,0023;0;0;0;0;0;0;1;0;0;0
1561;Fensterheber;4B0839461;3;0,0068;1;1;1;0;1;0;1;1;1;1
1561;Fensterheber;4B0839462;3;0,0068;1;1;1;0;1;0;1;1;1;1
1561;Fensterheber;4E0837461;1;0,0023;0;0;0;0;0;0;0;1;0;0
1561;Fensterheber;4E0837461B;2;0,0045;0;0;0;0;0;0;0;0;0;0
1561;Fensterheber;4E0837462B;2;0,0045;0;0;0;0;0;0;0;0;0;0
1561;Fensterheber;4F0837461;1;0,0023;0;1;0;0;0;1;0;0;0;1
1561;Fensterheber;4F0837461A;5;0,0114;0;1;1;1;0;1;0;0;0;1
1561;Fensterheber;4F0837461D;56;0,1272;1;1;0;1;1;1;1;1;1;0
1561;Fensterheber;4F0837462D;5;0,0114;1;1;0;1;1;1;1;1;1;0
1561;Fensterheber;4F0839461A;2;0,0045;0;1;1;0;1;0;1;1;1;1
1561;Fensterheber;4F0839461B;18;0,0409;1;1;1;1;1;0;1;1;1;1
1561;Fensterheber;4F0839462;3;0,0068;0;1;1;0;0;0;1;0;0;1
1561;Fensterheber;4F0839462A;1;0,0023;0;1;1;0;1;0;1;1;1;1
1561;Fensterheber;4F0839462B;36;0,0818;1;1;1;1;1;0;1;1;1;1
1561;Fensterheber;4G0837461;31;0,0704;0;1;1;1;1;1;1;1;1;1
1561;Fensterheber;4G0837462;13;0,0295;0;1;1;1;1;1;1;1;1;1
1561;Fensterheber;4G8839461C;1;0,0023;0;0;1;0;0;0;0;0;0;1
1561;Fensterheber;4L0837462A;2;0,0045;1;1;1;1;1;0;1;1;1;1
1561;Fensterheber;4L0837462G;1;0,0023;0;0;1;0;0;0;0;0;0;0
1561;Fensterheber;500039640;2;0,0045;0;0;0;0;0;1;0;0;1;0
1561;Fensterheber;500118;14;0,0318;0;0;0;1;0;0;1;0;0;0
1561;Fensterheber;500119;5;0,0114;0;0;0;1;0;0;1;0;0;0
1561;Fensterheber;500120;4;0,0091;0;0;0;1;0;0;1;1;0;0
1561;Fensterheber;500122;4;0,0091;0;0;0;1;0;1;1;0;0;0
1561;Fensterheber;500123;1;0,0023;0;0;0;1;0;1;1;0;0;0
1561;Fensterheber;500127;1;0,0023;0;0;0;1;0;0;1;1;0;0
1561;Fensterheber;500129;3;0,0068;0;0;0;1;0;1;1;0;0;0
1561;Fensterheber;500130;4;0,0091;0;0;0;1;0;0;1;0;0;0
1561;Fensterheber;500131;3;0,0068;0;0;0;1;0;0;1;1;0;0
1561;Fensterheber;500193;2;0,0045;0;0;0;0;0;0;1;1;0;0
1561;Fensterheber;500195;4;0,0091;0;0;0;1;0;1;1;1;0;0
1561;Fensterheber;500196;1;0,0023;0;0;0;1;0;1;1;1;0;0
1561;Fensterheber;500197;5;0,0114;0;0;0;1;0;0;1;1;0;0
1561;Fensterheber;500198;7;0,0159;0;0;0;1;0;0;1;0;0;0
1561;Fensterheber;500199;2;0,0045;1;0;0;1;0;0;1;0;0;0
1561;Fensterheber;500200;1;0,0023;0;0;0;1;0;1;1;0;0;0
1561;Fensterheber;500201;9;0,0204;0;0;0;1;0;0;1;1;0;0
1561;Fensterheber;500203;3;0,0068;0;0;0;1;0;0;1;0;0;0
1561;Fensterheber;500204;3;0,0068;0;0;0;1;0;1;1;0;0;0
1561;Fensterheber;500205;8;0,0182;0;0;0;1;0;1;1;1;0;0
1561;Fensterheber;500206;3;0,0068;0;0;0;1;0;1;1;1;0;0
1561;Fensterheber;500207;2;0,0045;0;0;0;1;0;1;1;1;0;0
1561;Fensterheber;500208;3;0,0068;0;0;0;1;0;1;1;0;0;0
1561;Fensterheber;500209;6;0,0136;0;0;0;1;0;1;1;1;0;0
1561;Fensterheber;500211;11;0,025;0;0;0;1;0;1;1;0;0;0
1561;Fensterheber;500212;6;0,0136;0;0;0;1;0;1;1;0;0;0
1561;Fensterheber;500213;15;0,0341;0;0;0;1;0;1;1;0;0;0
1561;Fensterheber;500214;6;0,0136;0;0;0;1;0;1;1;0;0;0
1561;Fensterheber;500215;6;0,0136;0;0;0;1;0;1;1;1;0;0
1561;Fensterheber;500216;5;0,0114;0;0;0;1;0;0;1;0;0;0
1561;Fensterheber;500245;23;0,0522;0;0;0;1;0;1;1;1;0;0
1561;Fensterheber;500246;20;0,0454;0;0;0;1;0;1;1;0;0;0
1561;Fensterheber;500248;1;0,0023;0;0;0;0;0;0;1;0;0;0
1561;Fensterheber;500249;5;0,0114;0;0;0;0;0;0;1;0;0;0
1561;Fensterheber;500252;1;0,0023;0;0;0;1;0;1;1;0;0;0
1561;Fensterheber;500253;7;0,0159;0;0;0;1;0;0;1;0;0;0
1561;Fensterheber;500254;8;0,0182;0;0;0;1;0;0;1;0;0;0
1561;Fensterheber;500255;6;0,0136;0;0;0;1;0;0;1;1;0;0
1561;Fensterheber;500257;1;0,0023;0;0;0;1;0;1;1;1;0;0
1561;Fensterheber;500275;3;0,0068;0;0;0;1;0;1;1;0;0;0
1561;Fensterheber;500277;4;0,0091;0;0;0;1;0;0;1;1;0;0
1561;Fensterheber;500278;5;0,0114;0;0;0;1;0;0;1;1;0;0
1561;Fensterheber;500280;1;0,0023;1;0;0;1;0;0;1;1;0;0
1561;Fensterheber;500282;15;0,0341;0;0;0;1;0;0;1;1;0;0
1561;Fensterheber;500283;4;0,0091;0;0;0;1;0;0;1;1;0;0
1561;Fensterheber;500284;21;0,0477;0;0;0;1;0;0;1;1;0;0
1561;Fensterheber;500285;3;0,0068;0;0;0;1;0;0;1;1;0;0
1561;Fensterheber;500288;5;0,0114;0;0;0;1;0;0;1;1;0;0
1561;Fensterheber;500289;4;0,0091;0;0;0;1;0;0;1;1;0;0
1561;Fensterheber;500290;13;0,0295;0;0;0;1;0;0;1;1;0;0
1561;Fensterheber;500291;8;0,0182;0;0;0;1;0;0;1;0;0;0
1561;Fensterheber;500292;12;0,0273;0;0;0;0;0;1;1;0;0;0
1561;Fensterheber;500293;8;0,0182;0;0;0;0;0;1;1;0;0;0
1561;Fensterheber;500294;28;0,0636;0;0;0;0;0;0;1;0;0;0
1561;Fensterheber;500295;12;0,0273;0;0;0;0;0;0;1;1;0;0
1561;Fensterheber;500296;3;0,0068;0;0;0;1;0;0;1;1;0;0
1561;Fensterheber;500297;1;0,0023;0;0;0;1;0;0;1;1;0;0
1561;Fensterheber;500298;17;0,0386;0;0;0;0;0;0;1;1;0;0
1561;Fensterheber;500299;15;0,0341;0;0;0;0;0;0;1;1;0;0
1561;Fensterheber;500304;2;0,0045;0;0;0;0;0;0;1;1;0;0
1561;Fensterheber;500306;14;0,0318;0;0;0;1;0;1;1;1;0;0
1561;Fensterheber;500307;20;0,0454;0;0;0;1;0;1;1;1;0;0
1561;Fensterheber;500308;12;0,0273;1;0;0;1;0;0;1;0;0;0
1561;Fensterheber;500309;11;0,025;0;0;0;1;0;0;1;0;0;0
1561;Fensterheber;500310;1;0,0023;0;0;0;1;0;1;1;0;0;0
1561;Fensterheber;500311;1;0,0023;0;0;0;1;0;1;1;0;0;0
1561;Fensterheber;500312;56;0,1272;0;0;0;1;0;1;1;1;0;0
1561;Fensterheber;500313;20;0,0454;0;0;0;1;0;1;1;1;0;0
1561;Fensterheber;500314;4;0,0091;0;0;0;1;0;1;1;1;0;0
1561;Fensterheber;500314229;5;0,0114;0;1;1;0;1;1;0;1;1;1
1561;Fensterheber;500314230;3;0,0068;0;1;1;0;1;1;0;0;1;1
1561;Fensterheber;500314249;1;0,0023;1;1;0;1;1;1;1;1;1;1
1561;Fensterheber;500315;2;0,0045;0;0;0;1;0;1;1;1;0;0
1561;Fensterheber;500316;25;0,0568;0;0;0;1;0;1;1;1;0;0
1561;Fensterheber;500317;15;0,0341;0;0;0;1;0;1;1;1;0;0
1561;Fensterheber;500325;8;0,0182;0;0;0;0;0;0;1;1;0;0
1561;Fensterheber;500338;3;0,0068;0;0;0;1;0;0;1;0;0;0
1561;Fensterheber;500339;3;0,0068;0;0;0;1;0;0;1;0;0;0
1561;Fensterheber;500340;1;0,0023;0;0;0;1;0;0;1;0;0;0
1561;Fensterheber;500342;2;0,0045;1;0;0;1;0;0;1;0;0;0
1561;Fensterheber;500343;5;0,0114;1;0;0;1;0;0;1;0;0;0
1561;Fensterheber;500344;5;0,0114;0;0;0;0;0;1;1;0;0;0
1561;Fensterheber;500345;6;0,0136;0;0;0;0;0;1;1;0;0;0
1561;Fensterheber;500346;1;0,0023;0;0;0;0;0;0;1;1;0;0
1561;Fensterheber;500347;3;0,0068;0;0;0;0;0;0;1;1;0;0
1561;Fensterheber;500348;3;0,0068;0;0;0;1;0;1;1;0;0;0
1561;Fensterheber;500349;4;0,0091;0;0;0;1;0;1;1;0;0;0
1561;Fensterheber;500350;8;0,0182;0;0;0;0;0;0;1;0;0;0
1561;Fensterheber;500351;3;0,0068;0;0;0;0;0;0;1;0;0;0
1561;Fensterheber;500352;2;0,0045;0;0;0;1;0;0;1;0;0;0
1561;Fensterheber;500354;1;0,0023;0;0;0;1;0;0;1;0;0;0
1561;Fensterheber;500355;6;0,0136;0;0;0;1;0;0;1;0;0;0
1561;Fensterheber;500359;1;0,0023;0;0;0;0;0;1;1;0;0;0
1561;Fensterheber;500361;1;0,0023;0;0;0;1;0;0;1;0;0;0
1561;Fensterheber;500362;12;0,0273;0;0;0;1;0;0;1;0;0;0
1561;Fensterheber;500363;4;0,0091;0;0;0;0;0;0;1;0;0;0
1561;Fensterheber;500364;7;0,0159;0;0;0;1;0;0;1;0;0;0
1561;Fensterheber;500367;1;0,0023;0;0;0;1;0;0;1;0;0;0
1561;Fensterheber;500371;1;0,0023;0;0;0;1;0;1;1;0;0;0
1561;Fensterheber;500372;1;0,0023;0;0;0;1;0;1;1;0;0;0
1561;Fensterheber;500373;3;0,0068;0;0;0;1;0;1;1;0;0;0
1561;Fensterheber;500374;2;0,0045;0;0;0;1;0;1;1;1;0;0
1561;Fensterheber;500375;4;0,0091;0;0;0;1;0;1;1;1;0;0
1561;Fensterheber;500376;3;0,0068;0;0;0;1;0;1;1;1;0;0
1561;Fensterheber;500377;3;0,0068;0;0;0;1;0;1;1;1;0;0
1561;Fensterheber;500378;1;0,0023;0;0;0;1;0;1;1;1;0;0
1561;Fensterheber;500379;2;0,0045;0;0;0;1;0;0;1;0;0;0
1561;Fensterheber;500386;3;0,0068;0;0;0;1;0;1;1;0;0;0
1561;Fensterheber;500387;6;0,0136;0;0;0;1;0;1;1;0;0;0
1561;Fensterheber;500388;4;0,0091;0;0;0;0;0;1;1;1;0;0
1561;Fensterheber;500389;6;0,0136;0;0;0;0;0;1;1;1;0;0
1561;Fensterheber;500393;1;0,0023;0;0;0;1;0;0;1;1;0;0
1561;Fensterheber;500394;1;0,0023;0;0;0;1;0;0;1;1;0;0
1561;Fensterheber;500397;1;0,0023;0;0;0;1;0;0;1;0;0;0
1561;Fensterheber;500407;3;0,0068;0;0;0;1;0;1;1;1;0;0
1561;Fensterheber;500408;4;0,0091;0;0;0;1;0;1;1;0;0;0
1561;Fensterheber;500409;2;0,0045;0;0;0;1;0;0;1;0;0;0
1561;Fensterheber;500413;3;0,0068;0;0;0;1;0;1;1;0;0;0
1561;Fensterheber;500415;1;0,0023;0;0;0;0;0;0;1;1;0;0
1561;Fensterheber;500416;2;0,0045;0;0;0;0;0;0;1;1;0;0
1561;Fensterheber;500418;2;0,0045;0;0;0;1;0;1;1;1;0;0
1561;Fensterheber;500420;1;0,0023;0;0;0;1;0;0;1;1;0;0
1561;Fensterheber;500423;2;0,0045;0;0;0;1;0;0;1;1;0;0
1561;Fensterheber;500425;5;0,0114;1;0;0;1;0;0;1;1;0;0
1561;Fensterheber;500426;6;0,0136;0;0;0;1;0;0;1;1;0;0
1561;Fensterheber;500427;5;0,0114;0;0;0;1;0;1;1;0;0;0
1561;Fensterheber;500429;1;0,0023;0;0;0;1;0;1;1;0;0;0
1561;Fensterheber;500430;2;0,0045;0;0;0;1;0;1;1;0;0;0
1561;Fensterheber;500431;2;0,0045;0;0;0;1;0;0;1;0;0;0
1561;Fensterheber;500432;2;0,0045;0;0;0;1;0;0;1;0;0;0
1561;Fensterheber;500433;5;0,0114;0;0;0;0;0;0;1;0;0;0
1561;Fensterheber;500434;4;0,0091;0;0;0;0;0;0;1;0;0;0
1561;Fensterheber;500437;1;0,0023;0;0;0;1;0;0;1;0;0;0
1561;Fensterheber;500440;1;0,0023;0;0;0;0;0;0;1;0;0;0
1561;Fensterheber;500443;2;0,0045;0;0;0;1;0;1;1;0;0;0
1561;Fensterheber;500444;4;0,0091;0;0;0;1;0;1;1;0;0;0
1561;Fensterheber;500445;10;0,0227;0;0;0;1;0;1;1;0;0;0
1561;Fensterheber;500446;7;0,0159;0;0;0;1;0;1;1;0;0;0
1561;Fensterheber;500447;8;0,0182;0;0;0;1;0;0;1;0;0;0
1561;Fensterheber;500448;4;0,0091;0;0;0;1;0;0;1;0;0;0
1561;Fensterheber;500449;1;0,0023;0;0;0;1;0;1;1;0;0;0
1561;Fensterheber;500450;1;0,0023;0;0;0;1;0;1;1;0;0;0
1561;Fensterheber;500451;5;0,0114;0;0;0;1;0;1;1;0;0;0
1561;Fensterheber;500452;7;0,0159;0;0;0;1;0;1;1;0;0;0
1561;Fensterheber;500453;1;0,0023;0;0;0;1;0;1;1;0;0;0
1561;Fensterheber;500455;2;0,0045;1;0;0;1;0;0;1;0;0;0
1561;Fensterheber;500456;2;0,0045;1;0;0;1;0;0;1;0;0;0
1561;Fensterheber;500458;1;0,0023;0;0;0;1;0;0;1;0;0;0
1561;Fensterheber;500459;6;0,0136;1;0;0;1;0;0;1;1;0;0
1561;Fensterheber;500460;3;0,0068;1;0;0;1;0;0;1;1;0;0
1561;Fensterheber;500461;8;0,0182;0;0;0;1;0;0;1;0;0;0
1561;Fensterheber;500462;23;0,0522;0;0;0;1;0;0;1;0;0;0
1561;Fensterheber;500463;12;0,0273;0;0;0;1;0;0;1;1;0;0
1561;Fensterheber;500464;5;0,0114;0;0;0;1;0;0;1;1;0;0
1561;Fensterheber;500467;5;0,0114;0;0;0;0;0;0;1;0;0;0
1561;Fensterheber;500469;2;0,0045;0;0;0;1;0;0;1;0;0;0
1561;Fensterheber;500470;2;0,0045;0;0;0;1;0;0;1;0;0;0
1561;Fensterheber;500471;3;0,0068;0;0;0;1;0;0;1;0;0;0
1561;Fensterheber;500472;2;0,0045;0;0;0;1;0;0;1;0;0;0
1561;Fensterheber;500473;3;0,0068;0;0;0;1;0;1;1;0;0;0
1561;Fensterheber;500477;3;0,0068;0;0;0;1;0;1;1;0;0;0
1561;Fensterheber;500478;3;0,0068;0;0;0;1;0;1;1;0;0;0
1561;Fensterheber;500479;3;0,0068;0;0;0;1;0;1;1;0;0;0
1561;Fensterheber;500480;3;0,0068;0;0;0;0;0;1;1;0;0;0
1561;Fensterheber;500481;1;0,0023;0;0;0;1;0;0;1;0;0;0
1561;Fensterheber;500483;6;0,0136;0;0;0;1;0;1;1;0;0;0
1561;Fensterheber;500484;2;0,0045;0;0;0;1;0;1;1;0;0;0
1561;Fensterheber;500492;1;0,0023;0;0;0;0;0;0;1;0;0;0
1561;Fensterheber;500766;4;0,0091;0;0;0;1;0;0;1;0;0;0
1561;Fensterheber;500767;3;0,0068;0;0;0;1;0;0;1;0;0;0
1561;Fensterheber;500772;3;0,0068;0;0;0;0;0;0;1;0;0;0
1561;Fensterheber;500774;6;0,0136;0;0;0;0;0;1;1;0;0;0
1561;Fensterheber;500778;2;0,0045;0;0;0;0;0;0;1;0;0;0
1561;Fensterheber;500781;1;0,0023;0;0;0;0;0;0;1;0;0;0
1561;Fensterheber;500783;6;0,0136;0;0;0;0;0;0;1;0;0;0
1561;Fensterheber;500784;1;0,0023;0;0;0;0;0;0;1;0;0;0
1561;Fensterheber;500785;1;0,0023;0;0;0;1;0;0;1;0;0;0
1561;Fensterheber;500786;1;0,0023;0;0;0;1;0;0;1;0;0;0
1561;Fensterheber;500787;14;0,0318;0;0;0;1;0;0;1;0;0;0
1561;Fensterheber;500788;9;0,0204;0;0;0;1;0;0;1;0;0;0
1561;Fensterheber;500791;7;0,0159;0;0;0;1;0;0;1;0;0;0
1561;Fensterheber;500792;10;0,0227;0;0;0;1;0;0;1;0;0;0
1561;Fensterheber;500793;9;0,0204;0;0;0;1;0;0;1;0;0;0
1561;Fensterheber;500794;5;0,0114;0;0;0;1;0;0;1;0;0;0
1561;Fensterheber;500795;2;0,0045;0;0;0;1;0;1;1;0;0;0
1561;Fensterheber;500796;4;0,0091;0;0;0;1;0;1;1;0;0;0
1561;Fensterheber;500797;4;0,0091;0;0;0;1;0;0;1;0;0;0
1561;Fensterheber;500798;1;0,0023;0;0;0;1;0;0;1;0;0;0
1561;Fensterheber;500801;1;0,0023;0;0;0;1;0;0;1;0;0;0
1561;Fensterheber;500805;1;0,0023;0;0;0;1;0;0;1;0;0;0
1561;Fensterheber;500806;1;0,0023;0;0;0;1;0;0;1;0;0;0
1561;Fensterheber;500807;3;0,0068;0;0;0;1;0;1;1;0;0;0
1561;Fensterheber;500809;1;0,0023;0;0;0;0;0;0;1;0;0;0
1561;Fensterheber;500810;1;0,0023;0;0;0;0;0;0;1;0;0;0
1561;Fensterheber;500811;1;0,0023;0;0;0;0;0;0;1;0;0;0
1561;Fensterheber;500813;2;0,0045;0;0;0;0;0;0;1;0;0;0
1561;Fensterheber;500814;2;0,0045;0;0;0;0;0;0;1;0;0;0
1561;Fensterheber;500815;4;0,0091;0;0;0;1;0;0;1;0;0;0
1561;Fensterheber;500816;3;0,0068;0;0;0;1;0;0;1;0;0;0
1561;Fensterheber;500817;2;0,0045;0;0;0;1;0;1;1;0;0;0
1561;Fensterheber;500818;3;0,0068;0;0;0;1;0;1;1;0;0;0
1561;Fensterheber;500819;3;0,0068;0;0;0;1;0;0;1;0;0;0
1561;Fensterheber;500821;4;0,0091;0;0;0;1;0;1;1;0;0;0
1561;Fensterheber;500822;3;0,0068;0;0;0;1;0;1;1;0;0;0
1561;Fensterheber;500823;5;0,0114;0;0;0;1;0;1;1;0;0;0
1561;Fensterheber;500824;2;0,0045;0;0;0;1;0;1;1;0;0;0
1561;Fensterheber;500825;5;0,0114;0;0;0;0;0;0;1;0;0;0
1561;Fensterheber;500826;2;0,0045;0;0;0;0;0;0;1;0;0;0
1561;Fensterheber;500827;1;0,0023;0;0;0;1;0;0;1;0;0;0
1561;Fensterheber;500828;1;0,0023;0;0;0;1;0;0;1;0;0;0
1561;Fensterheber;500829;1;0,0023;0;0;0;0;0;1;1;0;0;0
1561;Fensterheber;500833;1;0,0023;0;0;0;1;0;1;1;0;0;0
1561;Fensterheber;500834;5;0,0114;0;0;0;1;0;1;1;0;0;0
1561;Fensterheber;500835;3;0,0068;0;0;0;0;0;0;1;0;0;0
1561;Fensterheber;500836;2;0,0045;0;0;0;0;0;0;1;0;0;0
1561;Fensterheber;500838;4;0,0091;0;0;0;0;0;0;1;0;0;0
1561;Fensterheber;50084082;1;0,0023;0;0;0;0;0;0;0;0;0;0
1561;Fensterheber;500841;8;0,0182;0;0;0;1;0;0;1;0;0;0
1561;Fensterheber;500842;3;0,0068;0;0;0;1;0;0;1;0;0;0
1561;Fensterheber;500843;5;0,0114;0;0;0;1;0;0;1;0;0;0
1561;Fensterheber;500844;3;0,0068;0;0;0;1;0;0;1;0;0;0
1561;Fensterheber;500845;6;0,0136;0;0;0;0;0;0;1;0;0;0
1561;Fensterheber;500846;3;0,0068;0;0;0;0;0;0;1;0;0;0
1561;Fensterheber;500847;2;0,0045;0;0;0;0;0;0;1;0;0;0
1561;Fensterheber;500848;2;0,0045;0;0;0;0;0;0;1;0;0;0
1561;Fensterheber;500849;3;0,0068;0;0;0;0;0;0;1;0;0;0
1561;Fensterheber;500853;5;0,0114;0;0;0;0;0;0;1;0;0;0
1561;Fensterheber;500854;2;0,0045;0;0;0;0;0;0;1;0;0;0
1561;Fensterheber;500855;3;0,0068;0;0;0;1;0;0;1;0;0;0
1561;Fensterheber;500856;3;0,0068;0;0;0;0;0;0;1;0;0;0
1561;Fensterheber;500857;2;0,0045;0;0;0;0;0;0;1;0;0;0
1561;Fensterheber;500859;2;0,0045;0;0;0;1;0;0;1;0;0;0
1561;Fensterheber;500860;6;0,0136;0;0;0;0;0;0;1;0;0;0
1561;Fensterheber;500861;1;0,0023;0;0;0;0;0;1;1;0;0;0
1561;Fensterheber;500862;2;0,0045;0;0;0;0;0;1;1;0;0;0
1561;Fensterheber;500863;2;0,0045;0;0;0;1;0;1;1;0;0;0
1561;Fensterheber;500864;4;0,0091;0;0;0;1;0;1;1;0;0;0
1561;Fensterheber;5010301993;5;0,0114;1;1;0;0;1;0;0;1;1;1
1561;Fensterheber;501822;2;0,0045;0;0;0;1;0;1;1;0;0;0
1561;Fensterheber;501824;1;0,0023;0;0;0;1;0;0;0;1;0;0
1561;Fensterheber;501832;1;0,0023;0;0;0;1;0;0;0;1;0;0
1561;Fensterheber;502078;1;0,0023;0;0;0;1;0;1;0;1;0;0
1561;Fensterheber;502092TOPRAN;1;0,0023;0;0;0;0;0;0;0;0;0;0
1561;Fensterheber;502093TOPRAN;1;0,0023;0;0;0;0;0;0;0;0;0;0
1561;Fensterheber;50241803;1;0,0023;0;0;1;1;1;0;0;1;1;0
1561;Fensterheber;504040988;7;0,0159;1;1;0;0;1;0;0;1;1;0
1561;Fensterheber;504040989;8;0,0182;1;1;0;0;1;0;0;0;1;0
1561;Fensterheber;504053527;5;0,0114;1;1;1;0;1;1;1;1;1;1
1561;Fensterheber;504053528;6;0,0136;1;1;1;0;1;1;1;1;1;1
1561;Fensterheber;5040PSG1;1;0,0023;0;0;0;0;0;0;0;0;0;0
1561;Fensterheber;504157968;9;0,0204;1;1;0;0;0;0;0;0;0;0
1561;Fensterheber;504157969;14;0,0318;1;1;0;0;0;0;0;1;0;0
1561;Fensterheber;504173866;8;0,0182;1;1;0;0;1;1;0;0;1;1
1561;Fensterheber;504173868;14;0,0318;1;1;1;0;1;1;0;0;1;1
1561;Fensterheber;504205271;1;0,0023;0;1;0;1;1;1;1;0;1;1
1561;Fensterheber;504335517;4;0,0091;0;1;1;0;1;0;1;1;0;1
1561;Fensterheber;504335520;14;0,0318;0;1;0;0;1;0;1;1;1;1
1561;Fensterheber;504356351;17;0,0386;1;0;0;0;1;0;0;1;1;1
1561;Fensterheber;504356352;15;0,0341;1;0;0;0;1;1;0;1;1;1
1561;Fensterheber;50497;1;0,0023;0;0;1;1;0;0;0;0;0;0
1561;Fensterheber;50501;9;0,0204;0;0;1;1;0;0;1;0;0;0
1561;Fensterheber;50507;1;0,0023;0;0;1;1;0;1;0;0;0;0
1561;Fensterheber;50509;1;0,0023;0;0;1;1;0;1;1;0;0;0
1561;Fensterheber;50509157;2;0,0045;1;1;0;0;1;0;0;0;1;1
1561;Fensterheber;50509158;1;0,0023;1;1;0;0;1;0;0;0;1;1
1561;Fensterheber;50515;1;0,0023;0;0;1;1;0;1;1;1;0;0
1561;Fensterheber;50515589;6;0,0136;1;1;0;0;1;0;0;1;1;1
1561;Fensterheber;50515590;4;0,0091;1;1;0;0;1;0;0;1;1;1
1561;Fensterheber;50520951;1;0,0023;1;0;1;0;1;0;0;0;1;0
1561;Fensterheber;50529;3;0,0068;0;0;1;1;0;1;0;0;0;0
1561;Fensterheber;50535;1;0,0023;0;0;1;1;0;0;1;0;0;0
1561;Fensterheber;50539;1;0,0023;0;0;1;1;0;0;0;0;0;0
1561;Fensterheber;50962;1;0,0023;0;0;1;1;0;1;0;1;0;0
1561;Fensterheber;51138212097;1;0,0023;0;0;0;0;0;0;0;0;0;0
1561;Fensterheber;51330018129;1;0,0023;0;0;0;1;1;0;0;1;1;0
1561;Fensterheber;51330018130;1;0,0023;0;0;0;1;1;1;0;1;1;0
1561;Fensterheber;51331977579;23;0,0522;1;1;1;0;0;0;0;1;1;0
1561;Fensterheber;51331977580;12;0,0273;1;1;1;0;1;0;0;1;1;0
1561;Fensterheber;51331977609;27;0,0613;1;1;1;1;1;1;1;1;1;1
1561;Fensterheber;51331977610;9;0,0204;1;1;1;1;1;1;1;1;1;1
1561;Fensterheber;51332756083;48;0,109;1;1;1;1;1;0;0;1;1;1
1561;Fensterheber;51332756084;10;0,0227;1;1;1;1;1;0;0;1;1;1
1561;Fensterheber;51332990385;1;0,0023;1;1;1;0;1;1;0;1;1;1
1561;Fensterheber;51332990386;1;0,0023;1;1;1;1;1;0;0;1;1;1
1561;Fensterheber;51333402211;1;0,0023;0;0;1;1;1;0;0;1;1;0
1561;Fensterheber;51333448249;36;0,0818;1;1;1;1;1;0;1;1;1;1
1561;Fensterheber;51333448250;17;0,0386;1;1;1;1;1;0;1;1;1;1
1561;Fensterheber;51337020659;190;0,4315;1;1;1;1;1;1;1;1;1;1
1561;Fensterheber;51337020660;167;0,3793;1;1;1;1;1;1;1;1;1;1
1561;Fensterheber;51337024811;1;0,0023;0;1;1;0;0;1;1;0;0;1
1561;Fensterheber;51337039451;73;0,1658;1;1;1;1;1;0;1;1;1;1
1561;Fensterheber;51337039452;42;0,0954;1;1;1;1;1;0;1;1;1;1
1561;Fensterheber;51337079919;7;0,0159;1;1;1;0;1;0;0;1;1;1
1561;Fensterheber;51337079920;4;0,0091;1;1;1;0;1;0;0;1;1;1
1561;Fensterheber;51337138465;5;0,0114;1;1;1;0;1;1;0;1;1;1
1561;Fensterheber;51337138466;4;0,0091;1;1;1;0;1;1;0;1;1;1
1561;Fensterheber;51337138862;1;0,0023;1;1;1;0;0;0;1;0;0;1
1561;Fensterheber;51337140587;8;0,0182;1;1;1;1;1;1;1;1;1;1
1561;Fensterheber;51337140588;6;0,0136;1;1;1;1;1;1;1;1;1;1
1561;Fensterheber;51337162163;59;0,134;1;1;1;0;1;0;1;1;0;1
1561;Fensterheber;51337162164;12;0,0273;1;1;1;1;1;0;1;1;0;1
1561;Fensterheber;51337165595;106;0,2407;1;1;1;1;1;0;1;1;1;1
1561;Fensterheber;51337165596;76;0,1726;1;1;1;1;1;0;1;1;1;1
1561;Fensterheber;51337166379;1;0,0023;1;1;1;1;1;1;1;1;1;1
1561;Fensterheber;51337182131;4;0,0091;0;0;1;1;1;1;1;1;1;0
1561;Fensterheber;51337184384;1;0,0023;1;1;1;0;1;0;1;1;1;1
1561;Fensterheber;51337197301;1;0,0023;0;1;1;0;0;0;0;1;1;1
1561;Fensterheber;51337197919;1;0,0023;0;0;1;0;0;0;0;0;0;1
1561;Fensterheber;51337198909;9;0,0204;1;0;0;0;0;0;0;0;1;0
1561;Fensterheber;51337198910;6;0,0136;0;0;0;0;0;0;0;0;1;0
1561;Fensterheber;51337202479;10;0,0227;1;1;1;0;1;1;1;0;0;1
1561;Fensterheber;51337202480;2;0,0045;1;1;1;0;1;1;1;0;0;1
1561;Fensterheber;51337267101;1;0,0023;1;1;1;1;0;0;0;1;0;1
1561;Fensterheber;51337281881;30;0,0681;1;1;1;1;1;1;1;1;1;1
1561;Fensterheber;51337281882;18;0,0409;1;1;1;1;1;1;1;1;1;1
1561;Fensterheber;51337281885;21;0,0477;1;1;1;1;1;1;1;1;1;1
1561;Fensterheber;51337281886;17;0,0386;1;1;1;1;1;1;1;1;1;1
1561;Fensterheber;51337292119;30;0,0681;1;0;1;1;1;0;0;1;1;1
1561;Fensterheber;51337292120;17;0,0386;1;0;1;1;1;0;0;1;1;1
1561;Fensterheber;51337296443;1;0,0023;0;0;0;0;0;0;0;0;1;0
1561;Fensterheber;51337355635;1;0,0023;1;0;1;1;1;0;0;0;1;1
1561;Fensterheber;51337409357;2;0,0045;0;1;1;0;1;1;0;1;1;1
1561;Fensterheber;51337409358;1;0,0023;0;1;1;0;1;1;0;1;1;1
1561;Fensterheber;51337437548;1;0,0023;0;1;0;0;1;0;0;1;1;1
1561;Fensterheber;51337487085;3;0,0068;0;0;1;1;0;0;0;0;0;0
1561;Fensterheber;51338159831;1;0,0023;0;0;1;1;1;1;0;1;1;0
1561;Fensterheber;51338204179;1;0,0023;1;0;1;0;0;0;0;0;0;0
1561;Fensterheber;51338204180;2;0,0045;1;0;1;0;0;0;0;0;0;0
1561;Fensterheber;51338212098;2;0,0045;1;1;0;1;1;1;1;1;1;1
1561;Fensterheber;51338229105;32;0,0727;1;1;1;1;1;0;0;1;1;1
1561;Fensterheber;51338229106;20;0,0454;1;1;1;1;1;0;0;1;1;1
1561;Fensterheber;51338236860;1;0,0023;0;0;1;1;1;1;0;1;1;0
1561;Fensterheber;51338251351;11;0,025;1;1;1;1;1;0;0;0;1;1
1561;Fensterheber;51338251352;3;0,0068;1;1;1;1;1;0;0;0;1;1
1561;Fensterheber;51338252393;44;0,0999;1;1;1;1;1;1;1;1;1;1
1561;Fensterheber;51338252394;30;0,0681;1;1;1;1;1;1;1;1;1;1
1561;Fensterheber;51338254911;39;0,0886;1;1;1;1;1;1;1;1;1;1
1561;Fensterheber;51338254912;27;0,0613;1;1;1;1;1;1;1;1;1;1
1561;Fensterheber;51339805670;2;0,0045;1;1;1;0;1;0;0;1;1;1
1561;Fensterheber;51352990387;7;0,0159;1;1;1;0;1;1;1;1;1;1
1561;Fensterheber;51352990388;14;0,0318;1;1;1;0;1;1;1;1;1;1
1561;Fensterheber;51353413189;1;0,0023;0;0;0;0;1;1;0;1;1;0
1561;Fensterheber;51353413190;1;0,0023;0;0;0;0;1;1;0;1;1;0
1561;Fensterheber;51353448251;130;0,2952;1;1;1;1;1;1;1;1;1;1
1561;Fensterheber;51353448252;67;0,1522;1;1;1;1;1;1;1;1;1;1
1561;Fensterheber;51357125059;12;0,0273;1;1;1;1;1;1;1;1;1;1
1561;Fensterheber;51357125060;16;0,0363;1;1;1;1;1;1;1;1;1;1
1561;Fensterheber;51357138467;106;0,2407;1;1;1;1;1;1;1;1;1;1
1561;Fensterheber;51357138468;108;0,2453;1;1;1;1;1;1;1;1;1;1
1561;Fensterheber;51357140589;294;0,6677;1;1;1;1;1;1;1;1;1;1
1561;Fensterheber;51357140590;301;0,6836;1;1;1;1;1;1;1;1;1;1
1561;Fensterheber;51357182613;1;0,0023;0;0;0;1;1;1;1;1;1;0
1561;Fensterheber;51357184745;37;0,084;1;1;1;1;1;0;1;1;1;1
1561;Fensterheber;51357184746;35;0,0795;1;1;1;1;1;1;1;1;1;1
1561;Fensterheber;51357197923;2;0,0045;0;0;1;0;0;0;0;0;0;1
1561;Fensterheber;51357197924;1;0,0023;0;0;1;0;0;0;0;0;0;1
1561;Fensterheber;51357281883;2;0,0045;0;1;1;1;1;0;1;0;1;1
1561;Fensterheber;51357281884;3;0,0068;0;1;1;1;1;0;1;0;1;1
1561;Fensterheber;51357281887;1;0,0023;1;1;1;1;1;1;0;1;1;1
1561;Fensterheber;51357281888;2;0,0045;1;1;1;1;1;1;0;1;1;1
1561;Fensterheber;51357339591;23;0,0522;0;0;1;1;0;0;0;0;0;1
1561;Fensterheber;51357339592;6;0,0136;0;0;1;1;0;0;0;0;0;1
1561;Fensterheber;51357352750;1;0,0023;0;0;0;0;0;0;0;0;0;0
1561;Fensterheber;51357382135;17;0,0386;0;0;1;1;1;0;0;1;0;0
1561;Fensterheber;51358125203;4;0,0091;0;0;0;0;0;0;0;0;0;1
1561;Fensterheber;51358125204;1;0,0023;0;0;0;0;0;0;0;0;0;1
1561;Fensterheber;51358159835;17;0,0386;1;1;1;1;0;1;1;1;1;1
1561;Fensterheber;51358159836;12;0,0273;1;1;1;1;0;1;1;1;1;1
1561;Fensterheber;51358200717;1;0,0023;0;0;1;0;1;1;0;1;1;0
1561;Fensterheber;51358212099;35;0,0795;1;1;1;1;1;1;1;1;1;1
1561;Fensterheber;51358212100;39;0,0886;1;1;1;1;1;1;1;1;1;1
1561;Fensterheber;51358252429;8;0,0182;1;1;1;0;1;0;1;1;1;1
1561;Fensterheber;51358252430;14;0,0318;1;1;1;0;1;0;1;1;1;1
1561;Fensterheber;51377111017;2;0,0045;0;0;0;0;0;0;0;0;0;1
1561;Fensterheber;51377111018;4;0,0091;0;0;0;0;0;0;0;0;0;1
1561;Fensterheber;51378229593;1;0,0023;0;0;0;0;0;0;0;0;0;0
1561;Fensterheber;51378229594;1;0,0023;0;0;0;0;0;0;0;0;0;0
1561;Fensterheber;5140015;2;0,0045;1;1;1;1;1;0;1;1;1;1
1561;Fensterheber;5140016;2;0,0045;1;1;1;1;1;0;1;1;1;1
1561;Fensterheber;5140031;1;0,0023;1;1;0;0;1;0;0;1;1;1
1561;Fensterheber;5140033;1;0,0023;1;1;0;0;1;0;0;0;0;1
1561;Fensterheber;5140036;1;0,0023;1;1;0;0;1;0;0;1;1;1
1561;Fensterheber;5140039;1;0,0023;1;1;0;1;1;0;0;1;0;1
1561;Fensterheber;5140040;1;0,0023;1;1;0;1;1;0;0;1;1;1
1561;Fensterheber;5140059;3;0,0068;1;1;1;0;1;0;0;1;1;0
1561;Fensterheber;5140060;1;0,0023;1;1;1;0;1;0;0;1;1;0
1561;Fensterheber;5140069;6;0,0136;1;1;1;1;1;0;0;1;1;1
1561;Fensterheber;5140070;2;0,0045;1;1;1;1;1;0;0;1;1;1
1561;Fensterheber;5140071;9;0,0204;0;0;1;0;1;0;0;1;0;1
1561;Fensterheber;5140072;4;0,0091;0;0;1;0;1;0;0;1;1;1
1561;Fensterheber;5140073;10;0,0227;1;1;1;1;1;0;0;1;1;1
1561;Fensterheber;5140081;1;0,0023;1;1;1;0;1;0;0;1;1;1
1561;Fensterheber;5140088;1;0,0023;1;1;1;0;1;0;0;1;1;1
1561;Fensterheber;5140093;1;0,0023;1;1;1;1;1;0;0;1;1;1
1561;Fensterheber;5140115;3;0,0068;1;1;1;1;1;0;0;1;1;1
1561;Fensterheber;5140116;5;0,0114;1;1;1;1;1;0;0;1;1;1
1561;Fensterheber;5140117;1;0,0023;0;0;0;1;0;0;0;1;0;1
1561;Fensterheber;51405;1;0,0023;0;0;1;1;0;1;1;0;0;0
1561;Fensterheber;51704762;2;0,0045;1;1;1;1;1;0;1;1;1;1
1561;Fensterheber;51711750;1;0,0023;1;1;1;0;1;0;0;1;1;1
1561;Fensterheber;51711751;4;0,0091;1;1;1;0;1;0;0;1;1;1
1561;Fensterheber;51716313;1;0,0023;0;0;0;0;0;0;0;1;1;0
1561;Fensterheber;51716336;1;0,0023;0;0;0;0;0;0;0;1;1;0
1561;Fensterheber;51718403;8;0,0182;1;1;1;1;1;0;1;1;1;1
1561;Fensterheber;51718404;7;0,0159;1;1;1;1;1;0;1;1;1;1
1561;Fensterheber;51723315;1;0,0023;1;1;1;0;1;0;0;1;1;0
1561;Fensterheber;51723316;7;0,0159;1;1;1;0;1;0;0;1;1;0
1561;Fensterheber;51723317;12;0,0273;1;1;1;0;1;0;1;1;1;1
1561;Fensterheber;51723318;16;0,0363;1;1;1;0;1;0;1;1;1;1
1561;Fensterheber;51723323;192;0,4361;1;1;1;1;1;1;1;1;1;1
1561;Fensterheber;51723324;135;0,3066;1;1;1;1;1;1;1;1;1;1
1561;Fensterheber;51723327;4;0,0091;1;1;1;0;1;0;0;1;1;1
1561;Fensterheber;51723328;8;0,0182;1;1;1;0;1;0;0;1;1;1
1561;Fensterheber;51723381;1;0,0023;0;0;0;0;1;0;0;1;1;0
1561;Fensterheber;51764549;13;0,0295;1;1;1;1;1;0;1;1;1;1
1561;Fensterheber;51764550;33;0,0749;1;1;1;1;1;0;1;1;1;1
1561;Fensterheber;51765574;8;0,0182;1;1;1;0;1;0;1;1;1;1
1561;Fensterheber;51765575;8;0,0182;1;1;1;0;1;0;1;1;1;1
1561;Fensterheber;51771448;1;0,0023;0;1;0;0;0;0;0;1;1;1
1561;Fensterheber;51772393;2;0,0045;0;1;0;0;0;0;0;1;1;1
1561;Fensterheber;51785413;6;0,0136;1;1;1;1;1;0;0;1;1;0
1561;Fensterheber;51785841;7;0,0159;1;1;1;1;1;0;0;1;1;0
1561;Fensterheber;517866;1;0,0023;0;0;0;0;0;0;0;0;0;0
1561;Fensterheber;51786728;77;0,1749;1;1;1;0;1;0;1;1;1;1
1561;Fensterheber;51786729;160;0,3634;1;1;1;0;1;0;1;1;1;1
1561;Fensterheber;51793186;2;0,0045;0;1;0;0;1;0;0;1;1;1
1561;Fensterheber;51793187;7;0,0159;0;1;0;0;1;0;0;1;1;1
1561;Fensterheber;51793189;1;0,0023;0;0;1;0;1;0;0;1;1;1
1561;Fensterheber;51801611;3;0,0068;0;1;0;0;1;0;1;1;1;1
1561;Fensterheber;51801612;1;0,0023;0;1;0;0;1;0;1;1;1;1
1561;Fensterheber;51810879;2;0,0045;1;1;1;1;1;0;0;1;1;1
1561;Fensterheber;51810880;8;0,0182;1;1;1;1;1;0;0;1;1;1
1561;Fensterheber;51824040;6;0,0136;1;1;1;1;1;0;1;1;1;1
1561;Fensterheber;51827;1;0,0023;0;0;1;1;0;1;0;0;0;0
1561;Fensterheber;51827393;1;0,0023;1;1;0;0;1;0;0;1;1;1
1561;Fensterheber;51827394;2;0,0045;1;1;0;0;1;0;0;1;1;1
1561;Fensterheber;51827395;1;0,0023;1;1;0;0;1;0;0;1;1;1
1561;Fensterheber;51827396;1;0,0023;1;1;0;0;1;0;0;1;1;1
1561;Fensterheber;5182969;5;0,0114;1;1;1;0;1;0;1;1;1;1
1561;Fensterheber;5182970;15;0,0341;1;1;1;0;1;0;1;1;1;1
1561;Fensterheber;51830254;1;0,0023;1;1;0;0;1;0;0;1;1;1
1561;Fensterheber;51830869;11;0,025;1;1;1;0;1;0;0;1;1;1
1561;Fensterheber;51830870;17;0,0386;1;1;1;0;1;0;0;1;1;1
1561;Fensterheber;51836459;1;0,0023;0;1;0;0;1;0;0;1;1;1
1561;Fensterheber;51843301;5;0,0114;1;1;1;1;1;0;0;1;1;1
1561;Fensterheber;51846384;49;0,1113;1;1;1;0;1;0;1;1;1;1
1561;Fensterheber;51846385;54;0,1226;1;1;1;0;1;0;1;1;1;1
1561;Fensterheber;51876267;49;0,1113;1;1;0;1;1;0;1;1;1;1
1561;Fensterheber;51876269;60;0,1363;1;1;0;1;1;0;1;1;1;1
1561;Fensterheber;51889362;38;0,0863;1;1;1;1;1;0;0;1;1;0
1561;Fensterheber;51889364;30;0,0681;1;1;1;1;1;0;0;1;1;0
1561;Fensterheber;51895384;61;0,1385;1;1;1;0;1;0;1;1;1;1
1561;Fensterheber;51895385;174;0,3952;1;1;1;0;1;0;1;1;1;1
1561;Fensterheber;51899291;6;0,0136;1;1;1;0;1;0;1;1;1;1
1561;Fensterheber;51899292;1;0,0023;1;1;1;0;1;0;0;1;1;1
1561;Fensterheber;51899293;2;0,0045;1;1;1;0;1;0;0;1;1;1
1561;Fensterheber;51909797;1;0,0023;1;1;0;0;1;0;0;1;1;1
1561;Fensterheber;51976093;8;0,0182;1;1;1;1;1;0;1;1;1;1
1561;Fensterheber;51976094;19;0,0432;1;1;1;1;1;0;1;1;1;1
1561;Fensterheber;5197933;1;0,0023;0;0;0;0;0;0;0;0;0;0
1561;Fensterheber;51980516;2;0,0045;0;1;1;0;0;0;0;1;1;1
1561;Fensterheber;51980518;2;0,0045;1;1;1;0;1;0;0;1;1;1
1561;Fensterheber;51983414;7;0,0159;1;1;1;0;1;0;0;0;1;1
1561;Fensterheber;51983415;6;0,0136;1;1;1;0;1;0;0;0;1;1
1561;Fensterheber;51983616;1;0,0023;1;1;1;1;1;0;0;1;1;1
1561;Fensterheber;51983617;5;0,0114;1;1;1;1;1;0;0;1;1;1
1561;Fensterheber;51983942;1;0,0023;1;1;1;0;0;0;0;1;1;1
1561;Fensterheber;51983945;10;0,0227;1;1;1;0;1;0;0;1;1;1
1561;Fensterheber;51983946;2;0,0045;1;1;1;0;1;0;0;1;1;1
1561;Fensterheber;51SKV061;1;0,0023;0;0;0;1;0;1;0;0;0;0
1561;Fensterheber;51SKV132;1;0,0023;0;0;0;1;0;0;0;0;0;0
1561;Fensterheber;51SKV241;1;0,0023;0;0;0;1;0;0;0;0;0;0
1561;Fensterheber;51SKV252;2;0,0045;0;0;0;0;0;0;0;0;0;0
1561;Fensterheber;51SKV271;1;0,0023;0;0;0;1;0;0;0;0;0;0
1561;Fensterheber;51SKV381;1;0,0023;0;0;0;0;0;0;0;0;0;0
1561;Fensterheber;51SKV395;9;0,0204;0;0;0;0;0;0;0;1;0;0
1561;Fensterheber;51SKV415;1;0,0023;0;0;0;0;0;0;0;0;0;0
1561;Fensterheber;51SKV472;1;0,0023;0;0;0;1;0;0;0;0;0;0
1561;Fensterheber;51SKV495;1;0,0023;0;0;0;0;0;0;0;0;0;0
1561;Fensterheber;51SKV802;1;0,0023;0;0;0;1;0;0;0;0;0;0
1561;Fensterheber;52015491;1;0,0023;1;1;1;0;1;0;0;1;1;0
1561;Fensterheber;52050176;18;0,0409;1;1;1;0;1;0;0;1;1;1
1561;Fensterheber;52050177;1;0,0023;1;1;1;0;1;0;0;1;1;1
1561;Fensterheber;52055486;1;0,0023;0;1;1;0;1;0;1;1;1;1
1561;Fensterheber;52055488;1;0,0023;0;1;1;0;1;0;0;1;1;1
1561;Fensterheber;52055489;8;0,0182;0;1;1;0;1;0;0;1;1;1
1561;Fensterheber;52060644;1;0,0023;1;1;1;1;1;0;0;1;1;1
1561;Fensterheber;52060970;6;0,0136;1;1;1;1;1;0;0;1;0;0
1561;Fensterheber;52060971;25;0,0568;1;1;1;1;1;0;0;1;0;0
1561;Fensterheber;52062111;1;0,0023;0;0;1;1;0;0;1;0;0;0
1561;Fensterheber;52063785;2;0,0045;1;1;1;1;1;0;0;1;1;1
1561;Fensterheber;52063786;4;0,0091;1;1;1;1;1;0;0;1;1;1
1561;Fensterheber;52072857;70;0,159;1;1;1;0;1;0;0;1;1;1
1561;Fensterheber;52074;1;0,0023;0;0;1;1;0;1;0;0;0;0
1561;Fensterheber;52076;2;0,0045;0;0;1;1;0;1;0;0;0;0
1561;Fensterheber;52076549;2;0,0045;1;1;1;1;1;0;0;1;1;1
1561;Fensterheber;52076550;3;0,0068;1;1;1;1;1;0;0;1;1;1
1561;Fensterheber;52078AIC;2;0,0045;0;0;0;0;0;0;0;0;0;0
1561;Fensterheber;52089869;16;0,0363;1;0;1;1;1;0;1;1;1;1
1561;Fensterheber;52089870;43;0,0977;1;0;1;1;1;0;1;1;1;1
1561;Fensterheber;52092121;1;0,0023;0;0;0;1;0;0;0;0;0;0
1561;Fensterheber;52093914;8;0,0182;1;1;1;0;0;0;0;1;1;1
1561;Fensterheber;52093915;2;0,0045;1;1;1;0;0;0;0;1;1;1
1561;Fensterheber;52127979;8;0,0182;1;1;1;0;1;0;0;1;1;1
1561;Fensterheber;52127981;39;0,0886;1;1;1;0;1;0;0;1;1;1
1561;Fensterheber;52130436;5;0,0114;0;0;1;0;1;0;0;0;1;0
1561;Fensterheber;52134008;1;0,0023;0;0;1;0;1;0;0;0;1;0
1561;Fensterheber;52134009;2;0,0045;0;0;1;0;1;0;0;0;1;0
1561;Fensterheber;52148372;8;0,0182;1;1;1;1;1;0;1;0;1;1
1561;Fensterheber;52148374;15;0,0341;1;1;1;1;1;0;1;0;1;1
1561;Fensterheber;52165;1;0,0023;0;0;1;1;0;0;0;1;0;0
1561;Fensterheber;52166;1;0,0023;0;0;1;1;0;0;0;0;0;0
1561;Fensterheber;52170;1;0,0023;0;0;1;0;0;0;0;0;0;0
1561;Fensterheber;52181;2;0,0045;0;0;1;1;0;0;0;0;0;0
1561;Fensterheber;52183;1;0,0023;0;0;1;0;0;0;0;0;0;0
1561;Fensterheber;52184732;1;0,0023;0;0;0;0;0;0;0;0;0;0
1561;Fensterheber;52202111;2;0,0045;0;0;1;1;0;0;0;0;0;0
1561;Fensterheber;52204607;20;0,0454;0;1;1;1;1;0;0;1;1;1
1561;Fensterheber;52204608;47;0,1067;0;1;1;1;1;0;0;1;1;1
1561;Fensterheber;52208;1;0,0023;0;0;1;1;0;1;0;0;0;0
1561;Fensterheber;52209;1;0,0023;0;0;1;1;0;1;0;0;0;0
1561;Fensterheber;52222;1;0,0023;0;0;1;1;0;0;1;0;0;0
1561;Fensterheber;52223;1;0,0023;0;0;1;1;0;0;1;0;0;0
1561;Fensterheber;52231014;2;0,0045;0;0;1;1;1;0;0;0;1;0
1561;Fensterheber;522531;1;0,0023;0;0;0;0;0;0;0;0;0;0
1561;Fensterheber;522535;2;0,0045;0;0;0;0;0;0;0;0;0;0
1561;Fensterheber;5235262;2;0,0045;1;0;1;1;1;0;0;1;1;1
1561;Fensterheber;52485;1;0,0023;0;0;1;1;0;0;0;0;0;0
1561;Fensterheber;52635;1;0,0023;0;0;1;1;0;1;0;0;0;0
1561;Fensterheber;52636;1;0,0023;0;0;1;1;0;1;0;0;0;0
1561;Fensterheber;52650;1;0,0023;0;0;1;0;0;0;1;1;0;0
1561;Fensterheber;52824;1;0,0023;0;0;1;1;0;0;0;0;0;0
1561;Fensterheber;52932112;2;0,0045;0;0;1;1;0;0;0;0;0;0
1561;Fensterheber;529368;1;0,0023;0;0;0;0;0;0;0;0;0;0
1561;Fensterheber;52944;2;0,0045;0;0;1;1;0;0;0;0;0;0
1561;Fensterheber;52945;1;0,0023;0;0;1;1;0;0;1;0;0;0
1561;Fensterheber;52946;1;0,0023;0;0;1;1;0;1;0;0;0;0
1561;Fensterheber;52959;2;0,0045;0;0;1;1;0;1;1;1;0;0
1561;Fensterheber;52960;3;0,0068;0;0;1;1;0;1;1;0;0;0
1561;Fensterheber;53016;1;0,0023;0;0;1;1;0;1;0;0;0;0
1561;Fensterheber;53041;1;0,0023;0;0;1;1;0;0;0;1;0;0
1561;Fensterheber;53042;4;0,0091;0;0;1;0;0;0;0;1;0;0
1561;Fensterheber;53124;1;0,0023;0;0;0;0;0;0;0;0;0;0
1561;Fensterheber;531524;1;0,0023;0;0;0;0;0;0;0;0;0;0
1561;Fensterheber;5320735;1;0,0023;0;0;0;0;0;0;0;0;0;0
1561;Fensterheber;5322735;1;0,0023;0;0;0;0;0;0;0;0;0;0
1561;Fensterheber;5322736;1;0,0023;0;0;0;0;0;0;0;0;0;0
1561;Fensterheber;53265;1;0,0023;0;0;1;1;0;1;0;0;0;0
1561;Fensterheber;53270;1;0,0023;0;0;1;1;0;1;0;0;0;0
1561;Fensterheber;53313;1;0,0023;0;0;1;1;0;0;0;0;0;0
1561;Fensterheber;53315;2;0,0045;0;0;1;1;0;1;0;0;0;0
1561;Fensterheber;53316;2;0,0045;0;0;1;1;0;1;0;0;0;0
1561;Fensterheber;53383;1;0,0023;0;0;1;1;0;1;0;0;0;0
1561;Fensterheber;535579;2;0,0045;0;0;0;0;0;0;0;0;0;0
1561;Fensterheber;53577;1;0,0023;0;0;1;1;0;1;0;0;0;0
1561;Fensterheber;53582;1;0,0023;0;0;1;1;0;0;0;0;0;0
1561;Fensterheber;53585;1;0,0023;0;0;1;1;0;1;0;1;0;0
1561;Fensterheber;53586;1;0,0023;0;0;1;1;0;1;0;0;0;0
1561;Fensterheber;53589;1;0,0023;0;0;1;1;0;1;0;0;0;0
1561;Fensterheber;53608;3;0,0068;0;0;1;1;0;0;0;0;0;0
1561;Fensterheber;53733;2;0,0045;0;0;1;1;0;0;0;0;0;0
1561;Fensterheber;5377261;1;0,0023;1;0;1;0;1;0;0;0;1;0
1561;Fensterheber;53776;2;0,0045;0;0;1;1;0;0;0;1;0;0
1561;Fensterheber;5393261;1;0,0023;1;0;1;0;0;0;0;0;0;0
1561;Fensterheber;540175;1;0,0023;0;0;0;0;0;0;0;0;0;0
1561;Fensterheber;54096;1;0,0023;0;0;1;0;0;0;0;1;0;0
1561;Fensterheber;5410909411053;1;0,0023;0;0;0;0;0;0;0;0;0;0
1561;Fensterheber;5410909415501;1;0,0023;0;0;0;0;0;0;0;0;0;0
1561;Fensterheber;5410909425357;1;0,0023;0;0;0;0;0;0;0;0;0;0
1561;Fensterheber;5410909425364;1;0,0023;0;0;0;0;0;0;0;0;0;0
1561;Fensterheber;5410909437060;1;0,0023;0;0;0;0;0;0;0;0;0;0
1561;Fensterheber;5410909438586;1;0,0023;0;0;0;0;0;0;0;0;0;0
1561;Fensterheber;5410909439194;1;0,0023;0;0;0;0;0;0;0;0;0;0
1561;Fensterheber;5410909452803;2;0,0045;0;0;0;0;0;0;0;0;0;0
1561;Fensterheber;5410909453749;1;0,0023;0;0;0;0;0;0;0;0;0;0
1561;Fensterheber;5410909454661;3;0,0068;0;0;0;0;0;0;0;0;0;0
1561;Fensterheber;5410909512637;1;0,0023;0;0;0;0;0;0;0;0;0;0
1561;Fensterheber;5410909655365;2;0,0045;0;0;0;0;0;0;0;0;0;0
1561;Fensterheber;5410909693220;1;0,0023;0;0;0;0;0;0;0;0;0;0
1561;Fensterheber;5410909765767;1;0,0023;0;0;0;0;0;0;0;0;0;0
1561;Fensterheber;54238;2;0,0045;0;0;1;1;0;1;0;0;0;0
1561;Fensterheber;54239;1;0,0023;0;0;1;1;0;1;0;0;0;0
1561;Fensterheber;5430261;1;0,0023;1;0;1;1;1;0;0;1;1;1
1561;Fensterheber;5430263;2;0,0045;1;0;1;0;1;0;0;1;1;1
1561;Fensterheber;54564;1;0,0023;0;0;1;1;0;1;0;0;0;0
1561;Fensterheber;54798;1;0,0023;0;0;1;1;0;1;0;0;0;0
1561;Fensterheber;55076467AB;1;0,0023;1;0;0;0;0;0;0;1;1;0
1561;Fensterheber;55091803;1;0,0023;0;0;0;0;0;1;0;0;0;0
1561;Fensterheber;55091805;1;0,0023;0;0;0;1;0;0;0;1;0;0
1561;Fensterheber;55104221;1;0,0023;0;0;1;1;0;0;0;0;0;0
1561;Fensterheber;55360030AG;1;0,0023;0;0;0;0;0;0;0;1;0;0
1561;Fensterheber;55360031AH;1;0,0023;0;0;0;0;0;0;0;1;1;0
1561;Fensterheber;55360034AA;1;0,0023;1;1;0;0;1;0;0;1;1;1
1561;Fensterheber;55360035AA;2;0,0045;1;1;0;0;1;0;0;1;1;1
1561;Fensterheber;55360035AF;2;0,0045;0;0;0;0;0;0;0;1;1;0
1561;Fensterheber;55360035AG;3;0,0068;0;0;0;0;0;0;0;1;0;0
1561;Fensterheber;55360035AH;1;0,0023;0;0;0;0;0;0;0;1;0;0
1561;Fensterheber;55363286AA;1;0,0023;1;0;1;0;0;0;0;0;0;0
1561;Fensterheber;55363286AD;1;0,0023;1;1;0;0;1;0;1;0;0;1
1561;Fensterheber;55363287AC;2;0,0045;1;1;1;0;1;0;1;0;0;1
1561;Fensterheber;55363287AD;1;0,0023;1;1;1;0;1;0;1;0;0;1
1561;Fensterheber;5536329AC;1;0,0023;1;1;0;0;0;0;0;0;0;1
1561;Fensterheber;55819;2;0,0045;0;0;1;1;0;1;0;0;0;0
1561;Fensterheber;55820;1;0,0023;0;0;1;1;0;1;0;0;0;0
1561;Fensterheber;55987;1;0,0023;0;0;1;1;0;0;0;0;0;0
1561;Fensterheber;560167;1;0,0023;0;0;0;0;0;1;0;0;0;0
1561;Fensterheber;56299;1;0,0023;0;0;1;1;0;1;0;0;0;0
1561;Fensterheber;56300;3;0,0068;0;0;1;1;0;1;0;0;0;0
1561;Fensterheber;56300AIC;1;0,0023;0;0;0;0;0;0;0;0;0;0
1561;Fensterheber;56439;2;0,0045;0;0;1;1;0;1;0;0;0;0
1561;Fensterheber;565837462;1;0,0023;0;0;1;1;1;0;0;1;1;0
1561;Fensterheber;56642111;2;0,0045;0;0;1;1;0;0;0;0;0;0
1561;Fensterheber;56702;2;0,0045;0;0;0;0;0;0;0;0;0;0
1561;Fensterheber;56702AIC;1;0,0023;0;0;0;0;0;0;0;0;0;0
1561;Fensterheber;56768;3;0,0068;0;0;1;1;0;0;0;1;0;0
1561;Fensterheber;56772111;1;0,0023;0;0;0;1;0;0;0;0;0;0
1561;Fensterheber;56850883;1;0,0023;0;0;0;0;0;0;0;0;0;0
1561;Fensterheber;568571;1;0,0023;0;0;0;0;0;0;0;0;0;0
1561;Fensterheber;56912121;1;0,0023;0;0;1;1;0;0;0;0;0;0
1561;Fensterheber;56922111;5;0,0114;0;0;1;1;0;0;0;0;0;0
1561;Fensterheber;56922121;2;0,0045;0;0;1;1;0;0;0;0;0;0
1561;Fensterheber;5701261;3;0,0068;1;0;1;1;1;0;0;1;1;0
1561;Fensterheber;5701263;2;0,0045;1;0;1;0;0;0;0;1;0;0
1561;Fensterheber;5710PSG2POL;1;0,0023;0;0;0;0;0;0;0;0;0;0
1561;Fensterheber;5710PSG5;1;0,0023;0;0;0;1;0;0;0;0;0;0
1561;Fensterheber;5710PSG5POL;1;0,0023;0;0;0;0;0;0;0;0;0;0
1561;Fensterheber;5713A017;1;0,0023;0;1;0;0;1;0;0;1;1;1
1561;Fensterheber;5713A256;1;0,0023;0;1;0;0;0;0;0;1;1;1
1561;Fensterheber;5713A317;6;0,0136;0;0;0;0;0;0;0;0;0;0
1561;Fensterheber;5714270175478;1;0,0023;0;0;0;0;0;0;0;0;0;0
1561;Fensterheber;5724PSG2POL;1;0,0023;0;0;0;0;0;0;0;0;0;0
1561;Fensterheber;5742261;2;0,0045;1;0;1;1;0;0;0;0;1;0
1561;Fensterheber;5745266;1;0,0023;1;0;1;1;1;1;0;1;1;0
1561;Fensterheber;5748PSG1;2;0,0045;0;0;0;0;0;1;0;0;0;0
1561;Fensterheber;5748PSG2;1;0,0023;0;0;0;0;0;1;0;0;0;0
1561;Fensterheber;5756PSG1;1;0,0023;0;0;0;1;0;1;0;0;0;0
1561;Fensterheber;575837461A;1;0,0023;0;0;1;1;1;0;0;0;1;1
1561;Fensterheber;575837462A;2;0,0045;0;0;1;1;1;0;0;0;1;1
1561;Fensterheber;575839462A;1;0,0023;0;0;1;0;0;0;0;1;1;0
1561;Fensterheber;5766261;10;0,0227;1;0;1;1;0;0;0;0;1;0
1561;Fensterheber;5766262;3;0,0068;1;0;1;1;0;0;0;0;1;0
1561;Fensterheber;5766263;17;0,0386;1;0;1;1;0;1;0;0;1;0
1561;Fensterheber;5766264;12;0,0273;1;0;1;1;0;1;0;0;1;0
1561;Fensterheber;5770PSG1;1;0,0023;0;0;0;0;0;0;0;0;0;0
1561;Fensterheber;5776261;33;0,0749;1;0;1;1;0;1;0;1;1;0
1561;Fensterheber;5776262;50;0,1136;1;0;1;1;0;1;0;1;1;0
1561;Fensterheber;5776262VWA;1;0,0023;0;0;0;0;0;0;0;0;0;0
1561;Fensterheber;5776263;14;0,0318;0;0;1;1;0;1;0;0;1;0
1561;Fensterheber;5785261;1;0,0023;1;0;1;1;0;0;0;0;1;0
1561;Fensterheber;5801321873;9;0,0204;0;1;0;0;1;0;0;1;1;1
1561;Fensterheber;5801321875;9;0,0204;0;1;0;0;1;0;0;1;0;1
1561;Fensterheber;5801324893;7;0,0159;0;1;0;0;1;0;0;1;1;1
1561;Fensterheber;5801324907;9;0,0204;0;1;0;0;1;0;0;1;1;1
1561;Fensterheber;5801482026;4;0,0091;0;1;1;0;1;0;0;1;1;1
1561;Fensterheber;5801482033;12;0,0273;0;1;1;0;1;0;0;1;1;1
1561;Fensterheber;5801528511;1;0,0023;0;1;1;0;1;0;0;1;1;1
1561;Fensterheber;5801529324;1;0,0023;0;1;1;0;1;0;0;1;1;1
1561;Fensterheber;5801901052;3;0,0068;0;0;1;0;1;0;0;1;1;1
1561;Fensterheber;5801901053;4;0,0091;0;0;1;0;1;0;0;0;1;1
1561;Fensterheber;5802133034;1;0,0023;0;0;1;1;1;1;1;1;1;1
1561;Fensterheber;5802487660;1;0,0023;0;0;0;0;0;0;0;0;1;1
1561;Fensterheber;5802578842;1;0,0023;0;0;1;0;0;0;0;0;1;1
1561;Fensterheber;5802578844;1;0,0023;0;0;1;0;0;0;0;0;1;1
1561;Fensterheber;5803261;1;0,0023;1;0;1;1;1;1;1;0;1;1
1561;Fensterheber;5803262;2;0,0045;1;0;1;1;1;1;1;0;1;1
1561;Fensterheber;5803263;1;0,0023;1;0;1;1;1;1;0;1;0;0
1561;Fensterheber;5803264;2;0,0045;1;0;1;1;1;1;0;1;0;0
1561;Fensterheber;5803265;9;0,0204;1;0;1;0;0;0;0;0;1;0
1561;Fensterheber;5803266;3;0,0068;1;0;1;0;0;0;0;0;1;0
1561;Fensterheber;5812231;2;0,0045;1;0;1;1;0;0;1;0;0;0
1561;Fensterheber;5812232;1;0,0023;1;0;1;1;0;0;1;0;0;0
1561;Fensterheber;5812262;3;0,0068;1;0;1;0;1;0;0;1;1;1
1561;Fensterheber;5813231;3;0,0068;0;0;1;1;0;0;1;1;0;0
1561;Fensterheber;5817261;5;0,0114;0;0;1;0;0;0;0;0;0;1
1561;Fensterheber;5817262;2;0,0045;0;0;1;0;0;0;0;0;0;1
1561;Fensterheber;5817262VAN;1;0,0023;0;0;0;0;0;0;0;0;0;0
1561;Fensterheber;5818231;26;0,059;1;0;1;1;0;0;1;1;0;1
1561;Fensterheber;5818231VAN;1;0,0023;0;0;0;0;0;0;0;0;0;0
1561;Fensterheber;5818231VWA;2;0,0045;0;0;0;0;0;0;0;0;0;0
1561;Fensterheber;5818232;18;0,0409;1;0;1;1;0;0;1;1;0;1
1561;Fensterheber;5818232VAN;1;0,0023;0;0;0;0;0;0;0;0;0;0
1561;Fensterheber;5818261;4;0,0091;1;0;1;1;1;0;0;1;1;1
1561;Fensterheber;5818262;5;0,0114;1;0;1;1;1;0;0;1;1;1
1561;Fensterheber;5818265;6;0,0136;1;0;1;1;0;0;0;1;1;0
1561;Fensterheber;5818266;7;0,0159;1;0;1;1;0;0;0;1;1;0
1561;Fensterheber;5819261;1;0,0023;0;0;1;1;0;0;0;1;1;0
1561;Fensterheber;5819262;2;0,0045;0;0;1;1;0;0;0;1;1;0
1561;Fensterheber;58202111;7;0,0159;0;0;1;1;0;0;0;0;0;0
1561;Fensterheber;58202112;1;0,0023;0;0;0;1;0;0;0;0;0;0
1561;Fensterheber;58202121;1;0,0023;0;0;1;1;0;0;0;0;0;0
1561;Fensterheber;58212111;1;0,0023;0;0;1;1;0;0;0;0;0;0
1561;Fensterheber;58222111;1;0,0023;0;0;0;1;0;0;0;0;0;0
1561;Fensterheber;5824225;1;0,0023;0;0;1;0;0;0;0;0;0;1
1561;Fensterheber;5824231;7;0,0159;1;0;1;1;0;0;1;0;0;1
1561;Fensterheber;5824232;4;0,0091;1;0;1;1;0;0;1;0;0;1
1561;Fensterheber;5824261;1;0,0023;1;0;1;1;1;0;0;1;1;1
1561;Fensterheber;5824262;2;0,0045;1;0;1;1;1;0;0;1;1;1
1561;Fensterheber;5825261;4;0,0091;1;0;1;1;1;0;0;1;1;1
1561;Fensterheber;5825263;4;0,0091;1;0;1;0;1;0;0;1;1;1
1561;Fensterheber;5825264;1;0,0023;1;0;1;0;1;0;0;1;1;1
1561;Fensterheber;5825265;3;0,0068;1;0;1;1;0;0;0;0;0;0
1561;Fensterheber;5825266;2;0,0045;1;0;1;1;0;0;0;0;0;0
1561;Fensterheber;5825267;8;0,0182;1;0;1;1;0;0;0;1;0;0
1561;Fensterheber;5825268;5;0,0114;1;0;1;1;0;0;0;0;0;0
1561;Fensterheber;5826225;2;0,0045;0;0;1;1;0;0;0;0;0;0
1561;Fensterheber;5827261;13;0,0295;1;0;1;1;1;1;1;0;1;1
1561;Fensterheber;5827262;10;0,0227;1;0;1;1;1;1;1;0;1;1
1561;Fensterheber;5827263;9;0,0204;1;0;1;1;1;1;1;0;1;1
1561;Fensterheber;5827264;8;0,0182;1;0;1;1;1;1;1;0;1;1
1561;Fensterheber;5827265;23;0,0522;0;0;1;1;1;1;0;1;0;1
1561;Fensterheber;5827265VWA;1;0,0023;0;0;0;0;0;0;0;0;0;0
1561;Fensterheber;5827266;16;0,0363;0;0;1;1;1;1;0;1;0;1
1561;Fensterheber;5827267;5;0,0114;1;0;1;1;1;0;0;1;0;1
1561;Fensterheber;5827268;8;0,0182;1;0;1;1;1;0;0;1;0;1
1561;Fensterheber;5828268;1;0,0023;1;0;1;1;0;0;0;0;0;0
1561;Fensterheber;5829261;16;0,0363;1;0;1;1;1;1;1;0;1;1
1561;Fensterheber;5829262;17;0,0386;1;0;1;1;1;1;1;0;1;1
1561;Fensterheber;5829263;60;0,1363;1;0;1;1;0;1;0;0;0;0
1561;Fensterheber;5829263VAN;1;0,0023;0;0;0;0;0;0;0;0;0;0
1561;Fensterheber;5829263VWA;1;0,0023;0;0;0;0;0;0;0;0;0;0
1561;Fensterheber;5829264;39;0,0886;1;0;1;1;0;1;0;0;0;0
1561;Fensterheber;5829264VAN;2;0,0045;0;0;0;0;0;0;0;0;0;0
1561;Fensterheber;5829264VWA;1;0,0023;0;0;0;0;0;0;0;0;0;0
1561;Fensterheber;5829265;7;0,0159;1;0;1;1;0;1;0;0;1;0
1561;Fensterheber;5829266;6;0,0136;1;0;1;1;0;1;0;0;1;0
1561;Fensterheber;5829266VAN;1;0,0023;0;0;0;0;0;0;0;0;0;0
1561;Fensterheber;5834225;1;0,0023;1;0;1;1;0;0;0;0;0;0
1561;Fensterheber;5836261;32;0,0727;1;0;1;1;1;1;0;0;1;1
1561;Fensterheber;5836263;4;0,0091;1;0;1;0;1;0;1;1;1;1
1561;Fensterheber;5836264;9;0,0204;1;0;1;0;1;0;1;1;1;1
1561;Fensterheber;5836265;20;0,0454;1;0;1;1;1;1;0;1;0;1
1561;Fensterheber;5836266;10;0,0227;1;0;1;1;1;1;0;1;0;1
1561;Fensterheber;5836267;3;0,0068;0;0;1;0;0;0;0;0;0;0
1561;Fensterheber;5836268;3;0,0068;0;0;1;0;0;0;0;0;0;0
1561;Fensterheber;5839261;1;0,0023;1;0;1;1;1;1;1;0;1;1
1561;Fensterheber;5839262;5;0,0114;0;0;1;1;1;1;1;0;1;1
1561;Fensterheber;5839263;8;0,0182;0;0;1;1;1;0;1;0;1;1
1561;Fensterheber;5839264;5;0,0114;0;0;1;1;1;0;1;0;1;1
1561;Fensterheber;5839265;4;0,0091;0;0;1;1;1;0;0;1;0;0
1561;Fensterheber;5839266;6;0,0136;0;0;1;1;1;0;0;1;0;0
1561;Fensterheber;5841264;1;0,0023;0;0;1;1;0;0;0;0;1;0
1561;Fensterheber;5846261;1;0,0023;1;0;1;1;0;1;0;0;0;0
1561;Fensterheber;5846262;7;0,0159;1;0;1;1;0;1;0;0;0;0
1561;Fensterheber;5848261;2;0,0045;0;0;1;0;0;1;0;1;0;0
1561;Fensterheber;5849261;3;0,0068;1;0;1;1;0;0;0;0;1;0
1561;Fensterheber;5849262;1;0,0023;1;0;1;1;0;0;0;0;1;0
1561;Fensterheber;5856261;8;0,0182;1;0;1;1;1;1;1;0;0;1
1561;Fensterheber;5856262;1;0,0023;1;0;1;1;1;1;1;0;0;1
1561;Fensterheber;5856262VAN;1;0,0023;0;0;0;0;0;0;0;0;0;0
1561;Fensterheber;5856262WEZEL;1;0,0023;0;0;0;0;0;0;0;0;0;0
1561;Fensterheber;5856263;6;0,0136;1;0;1;1;1;1;0;1;0;0
1561;Fensterheber;5856264;7;0,0159;0;0;1;1;1;1;0;1;0;0
1561;Fensterheber;5856265;6;0,0136;0;0;1;1;0;0;0;0;0;0
1561;Fensterheber;5856266;4;0,0091;0;0;1;1;0;0;0;0;0;0
1561;Fensterheber;5856267;7;0,0159;0;0;1;1;1;0;0;0;1;1
1561;Fensterheber;5856268;8;0,0182;0;0;1;1;1;0;0;0;1;1
1561;Fensterheber;5863261;12;0,0273;1;0;1;1;0;1;1;0;0;1
1561;Fensterheber;5863262;14;0,0318;1;0;1;1;0;1;1;0;0;1
1561;Fensterheber;5867261;2;0,0045;1;0;1;1;1;0;0;0;1;0
1561;Fensterheber;5867262;1;0,0023;1;0;1;1;1;0;0;0;1;0
1561;Fensterheber;5867263;2;0,0045;1;0;1;1;0;0;0;1;0;0
1561;Fensterheber;5867264;1;0,0023;1;0;1;1;0;0;0;1;0;0
1561;Fensterheber;5874231;1;0,0023;0;0;1;1;0;0;0;0;0;1
1561;Fensterheber;5874231VAN;1;0,0023;0;0;0;0;0;0;0;0;0;0
1561;Fensterheber;5874232;1;0,0023;0;0;1;0;0;0;0;0;0;1
1561;Fensterheber;5874261;9;0,0204;1;0;1;1;1;1;1;1;1;1
1561;Fensterheber;5874262;3;0,0068;1;0;1;0;1;1;1;1;1;1
1561;Fensterheber;5874263;9;0,0204;1;0;1;0;0;1;0;0;0;0
1561;Fensterheber;5874264;2;0,0045;1;0;1;0;0;1;0;0;0;0
1561;Fensterheber;5875231;8;0,0182;0;0;1;1;0;1;1;0;0;0
1561;Fensterheber;588001;1;0,0023;0;0;0;0;0;0;0;0;0;0
1561;Fensterheber;58802111;1;0,0023;0;0;0;1;0;0;0;0;0;0
1561;Fensterheber;5880225;11;0,025;0;0;1;1;0;1;0;0;0;0
1561;Fensterheber;5880267;4;0,0091;1;0;1;1;0;0;0;0;0;1
1561;Fensterheber;5880268;1;0,0023;1;0;1;1;0;0;0;0;0;1
1561;Fensterheber;5883261;3;0,0068;1;0;1;1;1;1;1;1;1;1
1561;Fensterheber;588326136;1;0,0023;0;0;0;0;0;0;0;0;0;0
1561;Fensterheber;5883262;2;0,0045;1;0;1;1;1;1;1;1;1;1
1561;Fensterheber;5883263;6;0,0136;1;0;1;1;1;1;1;1;1;1
1561;Fensterheber;5883264;8;0,0182;1;0;1;1;1;1;1;1;1;1
1561;Fensterheber;5883267;2;0,0045;1;0;1;0;0;0;0;0;1;0
1561;Fensterheber;5883268;2;0,0045;1;0;1;0;0;0;0;0;1;0
1561;Fensterheber;5886261;10;0,0227;1;0;1;1;0;0;0;1;0;0
1561;Fensterheber;5886261VAN;1;0,0023;0;0;0;0;0;0;0;0;0;0
1561;Fensterheber;5886262;5;0,0114;1;0;1;1;0;0;0;1;0;0
1561;Fensterheber;5888225;3;0,0068;0;0;1;0;0;0;0;0;0;0
1561;Fensterheber;5888226;2;0,0045;0;0;1;0;0;0;0;0;0;0
1561;Fensterheber;5888261;11;0,025;1;0;1;1;1;1;0;1;1;1
1561;Fensterheber;5888262;3;0,0068;1;0;1;1;1;1;0;1;1;1
1561;Fensterheber;5888263;43;0,0977;1;0;1;1;1;1;1;0;1;1
1561;Fensterheber;5888264;20;0,0454;1;0;1;1;1;1;1;0;1;1
1561;Fensterheber;5888265;5;0,0114;1;0;1;1;1;0;0;0;1;1
1561;Fensterheber;5888266;4;0,0091;1;0;1;1;1;0;0;0;1;1
1561;Fensterheber;58890;2;0,0045;0;0;0;1;0;0;0;0;0;0
1561;Fensterheber;58891;3;0,0068;0;0;0;1;0;0;0;0;0;0
1561;Fensterheber;58892;2;0,0045;0;0;1;1;0;0;0;0;0;0
1561;Fensterheber;58894;1;0,0023;0;0;1;1;0;1;0;0;0;0
1561;Fensterheber;58900;1;0,0023;0;0;1;1;0;0;0;0;0;0
1561;Fensterheber;58902;1;0,0023;0;0;1;1;0;1;0;0;0;0
1561;Fensterheber;5891261;7;0,0159;1;0;1;0;0;0;0;1;1;0
1561;Fensterheber;5891262;7;0,0159;1;0;1;0;0;0;0;1;1;0
1561;Fensterheber;5892261;43;0,0977;1;0;1;1;1;1;1;1;0;1
1561;Fensterheber;5892261VAN;1;0,0023;0;0;0;0;0;0;0;0;0;0
1561;Fensterheber;5892262;22;0,05;1;0;1;1;1;1;1;0;0;1
1561;Fensterheber;5892263;6;0,0136;1;0;1;1;1;0;1;1;1;1
1561;Fensterheber;5892264;6;0,0136;1;0;1;1;1;0;1;1;1;1
1561;Fensterheber;5894261;55;0,1249;1;0;1;1;1;1;1;0;1;1
1561;Fensterheber;5894262;25;0,0568;1;0;1;1;1;1;1;0;1;1
1561;Fensterheber;5894263;10;0,0227;1;0;1;1;1;1;1;0;1;1
1561;Fensterheber;5894264;9;0,0204;1;0;1;1;1;1;1;0;1;1
1561;Fensterheber;5894267;18;0,0409;1;0;1;1;0;1;1;1;0;1
1561;Fensterheber;5894267VAN;1;0,0023;0;0;0;0;0;0;0;0;0;0
1561;Fensterheber;5894267VWA;1;0,0023;0;0;0;0;0;0;0;0;0;0
1561;Fensterheber;5894268;18;0,0409;1;0;1;1;0;1;1;1;0;1
1561;Fensterheber;5895261;22;0,05;1;0;1;1;0;0;0;0;1;0
1561;Fensterheber;5895261VWA;1;0,0023;0;0;0;0;0;0;0;0;0;0
1561;Fensterheber;5895262;4;0,0091;1;0;1;1;0;0;0;0;1;0
1561;Fensterheber;5896261;17;0,0386;1;0;1;1;0;1;0;1;0;0
1561;Fensterheber;5896262;13;0,0295;1;0;1;1;0;1;0;1;0;0
1561;Fensterheber;5896263;7;0,0159;1;0;1;1;0;1;0;1;1;1
1561;Fensterheber;5896264;3;0,0068;1;0;1;1;1;1;0;1;1;1
1561;Fensterheber;5901619519271;1;0,0023;0;0;0;0;0;0;0;0;0;0
1561;Fensterheber;5902659734662;1;0,0023;0;0;0;0;0;0;0;0;0;0
1561;Fensterheber;5902659735676;1;0,0023;0;0;0;0;0;0;0;0;0;0
1561;Fensterheber;5903766389066;1;0,0023;0;0;0;0;0;0;0;0;0;0
1561;Fensterheber;59038;1;0,0023;0;0;0;1;0;1;0;0;0;0
1561;Fensterheber;5905141970845;1;0,0023;0;0;0;0;0;0;0;0;0;0
1561;Fensterheber;5905141970852;1;0,0023;0;0;0;0;0;0;0;0;0;0
1561;Fensterheber;5907558589177;1;0,0023;0;0;0;0;0;0;0;0;0;0
1561;Fensterheber;5C5837461B;1;0,0023;0;0;0;1;0;0;0;0;0;0
1561;Fensterheber;5C5837461C;1;0,0023;0;0;0;1;0;0;0;1;0;1
1561;Fensterheber;5C5837461D;2;0,0045;0;0;0;1;0;0;0;0;0;0
1561;Fensterheber;5C5837461E;8;0,0182;0;0;0;1;0;0;0;0;0;1
1561;Fensterheber;5C5837461G;16;0,0363;0;0;0;1;0;0;0;0;0;1
1561;Fensterheber;5C5837462A;2;0,0045;0;0;0;1;0;0;0;0;0;0
1561;Fensterheber;5C5837462B;1;0,0023;0;0;0;1;0;0;0;0;0;0
1561;Fensterheber;5C5837462C;1;0,0023;0;0;0;1;0;0;0;1;0;1
1561;Fensterheber;5C5837462E;11;0,025;0;0;0;1;0;0;0;0;0;0
1561;Fensterheber;5C5837462G;9;0,0204;0;0;0;1;0;0;0;0;0;1
1561;Fensterheber;5C6837461;1;0,0023;0;0;1;0;0;0;0;0;0;0
1561;Fensterheber;5C6837461E;3;0,0068;0;0;1;0;0;0;0;1;0;0
1561;Fensterheber;5C6837461K;2;0,0045;0;0;1;0;0;0;0;1;0;0
1561;Fensterheber;5E0837461;2;0,0045;0;0;1;1;1;1;0;1;1;1
1561;Fensterheber;5E0837461A;1;0,0023;1;1;0;1;1;0;1;1;1;0
1561;Fensterheber;5E0837461B;3;0,0068;0;0;1;1;1;1;0;1;1;1
1561;Fensterheber;5E0839461;1;0,0023;1;1;1;0;1;0;1;1;1;1
1561;Fensterheber;5E0839462;3;0,0068;1;1;1;0;1;0;1;1;1;1
1561;Fensterheber;5F4837461B;1;0,0023;1;1;0;1;0;0;0;1;1;0
1561;Fensterheber;5F4837461D;13;0,0295;1;0;1;1;0;0;0;0;0;0
1561;Fensterheber;5F4837462C;1;0,0023;1;1;1;1;0;0;0;1;1;1
1561;Fensterheber;5F4837462D;4;0,0091;1;0;1;1;0;0;0;0;0;0
1561;Fensterheber;5F4839461D;1;0,0023;0;0;1;0;0;0;0;0;0;0
1561;Fensterheber;5G3837461H;2;0,0045;0;0;0;0;0;1;0;0;0;0
1561;Fensterheber;5G4837461E;1;0,0023;1;1;0;0;1;0;0;1;1;0
1561;Fensterheber;5G4837461F;1;0,0023;1;1;1;1;1;0;0;1;1;0
1561;Fensterheber;5G4837461G;1;0,0023;0;0;1;1;1;0;0;1;1;0
1561;Fensterheber;5G4837461H;64;0,1454;0;0;1;1;1;0;1;1;1;1
1561;Fensterheber;5G4837462F;1;0,0023;1;1;1;1;1;0;0;1;0;0
1561;Fensterheber;5G4837462G;1;0,0023;0;1;1;1;1;0;0;1;1;0
1561;Fensterheber;5G4837462H;23;0,0522;0;1;1;1;1;0;1;1;1;1
1561;Fensterheber;5G4839461B;42;0,0954;1;1;1;1;1;1;1;1;1;1
1561;Fensterheber;5G4839461C;47;0,1067;1;1;1;1;1;1;1;0;1;1
1561;Fensterheber;5G4839462B;37;0,084;1;1;1;1;1;1;1;1;1;1
1561;Fensterheber;5G4839462C;56;0,1272;1;1;1;1;1;1;1;1;1;1
1561;Fensterheber;5GM837462E;1;0,0023;0;0;0;0;0;0;0;0;0;0
1561;Fensterheber;5H0837461G;1;0,0023;0;0;0;0;0;0;0;0;0;1
1561;Fensterheber;5J4837461;96;0,218;1;1;1;1;1;1;1;1;1;1
1561;Fensterheber;5J4837461MG;2;0,0045;0;0;0;0;0;0;1;0;0;0
1561;Fensterheber;5J4837462;43;0,0977;1;1;1;1;1;1;1;1;1;1
1561;Fensterheber;5J7837461;15;0,0341;0;1;1;1;1;0;1;1;1;1
1561;Fensterheber;5J7837462;11;0,025;0;1;1;1;1;0;1;1;1;1
1561;Fensterheber;5J7839461;1;0,0023;0;0;1;0;0;0;0;0;1;1
1561;Fensterheber;5J7839462;2;0,0045;0;0;1;0;0;0;0;0;1;1
1561;Fensterheber;5JA837461;77;0,1749;1;0;1;1;0;0;1;1;1;1
1561;Fensterheber;5JA837461A;11;0,025;0;0;1;1;0;0;0;0;1;0
1561;Fensterheber;5JA837462;20;0,0454;1;0;1;1;0;0;1;1;1;1
1561;Fensterheber;5JA837462A;2;0,0045;0;0;1;0;0;0;0;0;1;0
1561;Fensterheber;5JA839462;1;0,0023;0;0;1;0;0;0;0;0;1;1
1561;Fensterheber;5K0837461B;33;0,0749;0;0;1;1;0;1;0;0;1;0
1561;Fensterheber;5K0837461D;31;0,0704;1;1;1;1;0;1;1;1;1;1
1561;Fensterheber;5K0837462B;17;0,0386;0;0;1;1;0;1;0;0;1;0
1561;Fensterheber;5K0837462D;38;0,0863;1;1;1;1;0;1;1;1;1;1
1561;Fensterheber;5K4839461;50;0,1136;0;0;0;1;0;0;0;0;1;0
1561;Fensterheber;5K4839462;45;0,1022;0;0;0;1;0;0;0;0;1;0
1561;Fensterheber;5L0837461;11;0,025;1;1;1;1;1;0;0;1;1;1
1561;Fensterheber;5L0837462;7;0,0159;1;1;1;1;1;0;0;1;1;1
1561;Fensterheber;5M0837461;140;0,318;1;1;1;1;1;0;1;1;1;1
1561;Fensterheber;5M0837462;64;0,1454;1;1;1;1;1;0;1;1;1;1
1561;Fensterheber;5M0839461;4;0,0091;0;1;1;1;0;0;0;1;1;1
1561;Fensterheber;5M0839462;4;0,0091;0;1;1;1;0;0;0;1;1;1
1561;Fensterheber;5N0837461;11;0,025;1;1;1;1;1;1;0;1;1;1
1561;Fensterheber;5N0837462;3;0,0068;1;1;1;1;1;1;0;1;1;1
1561;Fensterheber;5N0839461A;3;0,0068;1;1;1;1;1;1;0;1;1;1
1561;Fensterheber;5N0839462A;1;0,0023;1;1;1;1;1;1;0;1;1;1
1561;Fensterheber;5NA837461A;3;0,0068;0;0;1;0;1;0;0;1;1;1
1561;Fensterheber;5NA837462A;1;0,0023;0;0;1;0;1;0;0;1;1;1
1561;Fensterheber;5NA839462C;1;0,0023;0;0;1;0;0;0;0;0;1;1
1561;Fensterheber;5P0837461;161;0,3657;1;1;1;1;1;1;1;1;1;1
1561;Fensterheber;5P0837462;199;0,452;1;1;1;1;1;1;1;1;1;1
1561;Fensterheber;5P0839461A;28;0,0636;1;1;1;1;1;0;1;1;1;1
1561;Fensterheber;5P0839462A;17;0,0386;1;1;1;1;1;0;1;1;1;1
1561;Fensterheber;5TA837461;2;0,0045;0;0;1;1;1;0;0;1;1;0
1561;Fensterheber;5TA837461A;3;0,0068;0;0;1;1;1;0;0;1;1;1
1561;Fensterheber;5TA837462A;6;0,0136;0;0;1;1;1;0;0;1;1;1
1561;Fensterheber;5Z0959801B;3;0,0068;0;0;1;0;1;0;0;1;1;0
1561;Fensterheber;5Z0959802B;3;0,0068;0;0;1;0;1;0;0;0;1;0
1561;Fensterheber;5Z3834501;1;0,0023;0;0;1;0;0;0;0;0;0;0
1561;Fensterheber;5Z3837461;1;0,0023;1;1;1;0;1;0;0;1;1;1
1561;Fensterheber;5Z3837461A;57;0,1295;1;1;1;1;1;0;0;1;1;1
1561;Fensterheber;5Z3837462A;58;0,1317;1;1;1;1;1;0;0;1;1;1
1561;Fensterheber;5Z3837501E;141;0,3202;1;0;1;1;1;0;1;1;0;1
1561;Fensterheber;5Z3837502;2;0,0045;0;1;1;0;1;0;0;0;0;0
1561;Fensterheber;5Z3837502E;84;0,1908;1;0;1;1;1;0;1;1;0;1
1561;Fensterheber;6000617946;1;0,0023;0;0;1;0;1;0;0;1;1;1
1561;Fensterheber;6000617948;1;0,0023;1;1;1;0;1;0;0;1;1;1
1561;Fensterheber;6001547149;1;0,0023;1;1;1;1;1;0;0;1;1;1
1561;Fensterheber;6001547150;1;0,0023;1;1;1;1;1;0;0;1;1;1
1561;Fensterheber;6004PSE1;1;0,0023;0;0;0;1;0;0;0;0;0;0
1561;Fensterheber;6004PSE2;1;0,0023;0;0;0;1;0;0;0;0;0;0
1561;Fensterheber;600633400L;1;0,0023;0;0;0;0;0;0;0;0;1;0
1561;Fensterheber;60071803;1;0,0023;0;0;1;1;0;0;1;0;0;1
1561;Fensterheber;6007PSE4POL;1;0,0023;0;0;0;0;0;0;0;0;0;0
1561;Fensterheber;6007PSE8POL;1;0,0023;0;0;0;0;0;0;0;0;0;0
1561;Fensterheber;60090570;1;0,0023;1;1;0;0;1;0;0;1;1;1
1561;Fensterheber;60090700;1;0,0023;1;1;0;0;1;0;0;1;1;1
1561;Fensterheber;60090710;6;0,0136;1;1;0;1;1;0;0;1;1;1
1561;Fensterheber;60090720;2;0,0045;1;1;0;1;1;0;0;1;1;1
1561;Fensterheber;60090730;7;0,0159;1;1;0;1;1;0;0;1;1;1
1561;Fensterheber;60090850;4;0,0091;0;1;0;1;1;0;0;1;1;0
1561;Fensterheber;60091540;1;0,0023;0;1;0;0;0;0;0;1;0;1
1561;Fensterheber;60100020;1;0,0023;1;1;0;1;1;0;1;1;1;0
1561;Fensterheber;6012PSE1;1;0,0023;0;0;0;0;0;0;0;0;0;0
1561;Fensterheber;6012PSG1;1;0,0023;0;0;0;1;0;0;0;0;0;0
1561;Fensterheber;6012PSG6;2;0,0045;0;0;0;1;0;0;0;0;0;0
1561;Fensterheber;6012PSG8POL;1;0,0023;0;0;0;0;0;0;0;0;0;0
1561;Fensterheber;60147218;1;0,0023;0;0;0;0;0;0;0;0;0;0
1561;Fensterheber;6014PSG2;1;0,0023;0;0;0;1;0;0;0;0;0;0
1561;Fensterheber;6015PSE1;2;0,0045;0;0;0;1;0;0;0;0;0;0
1561;Fensterheber;6015PSE2;1;0,0023;0;0;0;0;0;0;0;0;0;0
1561;Fensterheber;6015PSE3;1;0,0023;0;0;0;1;0;0;0;0;0;0
1561;Fensterheber;6015PSE4;2;0,0045;0;0;0;1;0;0;0;0;0;0
1561;Fensterheber;6015PSG1;1;0,0023;0;0;0;1;0;0;0;0;0;0
1561;Fensterheber;601603;1;0,0023;0;0;0;0;0;0;0;0;0;0
1561;Fensterheber;60270470;1;0,0023;0;1;0;1;1;0;0;1;1;1
1561;Fensterheber;60270520;4;0,0091;1;1;0;0;1;0;1;1;1;0
1561;Fensterheber;60270530;6;0,0136;1;1;0;0;1;0;1;1;1;0
1561;Fensterheber;60270590;1;0,0023;1;1;0;0;1;0;0;1;1;1
1561;Fensterheber;60300130;2;0,0045;1;1;0;1;1;0;0;1;1;0
1561;Fensterheber;60300340;2;0,0045;1;1;0;1;1;1;1;1;1;1
1561;Fensterheber;60300350;3;0,0068;1;1;0;1;1;1;1;1;1;1
1561;Fensterheber;60321101;3;0,0068;0;0;1;1;1;0;1;1;1;1
1561;Fensterheber;60321801;3;0,0068;0;0;1;1;0;0;0;1;0;0
1561;Fensterheber;6037PSG1;1;0,0023;0;0;0;1;0;0;0;0;0;0
1561;Fensterheber;6037PSG1POL;5;0,0114;0;0;0;0;0;0;0;0;0;0
1561;Fensterheber;60390080;1;0,0023;1;1;0;1;1;0;0;1;1;1
1561;Fensterheber;60390090;2;0,0045;1;1;0;1;1;0;0;1;1;1
1561;Fensterheber;60390100;1;0,0023;1;1;0;1;1;1;0;1;1;1
1561;Fensterheber;60400230;2;0,0045;0;1;0;1;1;0;0;1;1;1
1561;Fensterheber;60400240;1;0,0023;1;1;0;0;1;0;0;1;1;1
1561;Fensterheber;60400360;1;0,0023;1;1;0;0;1;0;0;1;1;1
1561;Fensterheber;60400370;1;0,0023;1;1;0;0;1;0;0;1;1;1
1561;Fensterheber;60401390;1;0,0023;1;1;0;0;1;0;0;1;1;0
1561;Fensterheber;60401400;2;0,0045;1;1;0;0;1;0;0;1;1;0
1561;Fensterheber;60401410;1;0,0023;1;1;0;0;1;0;0;1;1;0
1561;Fensterheber;60411802;1;0,0023;0;0;1;1;0;0;0;1;1;1
1561;Fensterheber;60411803;2;0,0045;0;0;1;1;0;0;1;0;0;1
1561;Fensterheber;60460310;1;0,0023;1;1;0;0;1;0;0;1;1;0
1561;Fensterheber;60480100;1;0,0023;1;1;0;0;1;0;0;1;1;0
1561;Fensterheber;60491060;1;0,0023;1;1;0;0;1;0;0;1;1;1
1561;Fensterheber;60491070;2;0,0045;1;1;0;0;1;0;0;0;1;1
1561;Fensterheber;60500520;8;0,0182;1;1;0;1;1;0;0;1;1;1
1561;Fensterheber;60500530;12;0,0273;1;1;0;1;1;0;0;1;1;1
1561;Fensterheber;60501430;1;0,0023;0;1;0;0;0;0;0;1;0;1
1561;Fensterheber;6052PSG1POL;1;0,0023;0;0;0;0;0;0;0;0;0;0
1561;Fensterheber;60551803;1;0,0023;0;0;1;1;0;0;1;0;0;1
1561;Fensterheber;6056PSG1POL;1;0,0023;0;0;0;0;0;0;0;0;0;0
1561;Fensterheber;60578693;1;0,0023;1;0;0;0;0;0;0;1;0;1
1561;Fensterheber;60600095231802P;2;0,0045;0;0;0;1;0;1;1;1;0;0
1561;Fensterheber;606000AI3905;1;0,0023;0;0;0;1;0;0;0;0;0;0
1561;Fensterheber;606000AI3918;3;0,0068;0;0;0;1;0;1;0;0;0;0
1561;Fensterheber;606000AI3919;1;0,0023;0;0;0;1;0;1;0;0;0;0
1561;Fensterheber;606000AI7564;1;0,0023;0;0;0;1;0;1;0;0;0;0
1561;Fensterheber;606000BW3502;1;0,0023;0;0;0;1;0;1;0;0;0;0
1561;Fensterheber;606000BW3503;2;0,0045;0;0;0;1;0;1;0;1;0;0
1561;Fensterheber;606000BW3993;1;0,0023;0;0;0;1;0;0;0;1;0;0
1561;Fensterheber;606000BW4002;1;0,0023;0;0;0;1;0;1;0;0;0;0
1561;Fensterheber;606000BW4012;1;0,0023;0;0;0;1;0;1;0;1;0;0
1561;Fensterheber;606000CI2435;2;0,0045;0;0;0;1;0;0;0;1;0;0
1561;Fensterheber;606000CI9585;1;0,0023;0;0;0;1;1;1;0;1;0;0
1561;Fensterheber;606000FI1704;1;0,0023;0;0;0;1;0;0;0;0;0;0
1561;Fensterheber;606000FI9584;3;0,0068;0;0;0;1;1;1;0;1;0;0
1561;Fensterheber;606000FI9585;1;0,0023;0;0;0;1;1;1;0;1;0;0
1561;Fensterheber;606000FO3036;2;0,0045;0;0;0;1;0;1;0;0;0;0
1561;Fensterheber;606000FO4093;1;0,0023;0;0;0;1;0;0;0;1;0;0
1561;Fensterheber;606000MC4311;1;0,0023;0;0;0;0;0;0;0;1;0;0
1561;Fensterheber;606000MI7903;1;0,0023;0;0;0;0;0;0;0;0;0;0
1561;Fensterheber;606000NI4549;1;0,0023;0;0;0;1;0;0;0;0;0;0
1561;Fensterheber;606000NI4557;3;0,0068;0;0;0;1;1;0;1;1;0;0
1561;Fensterheber;606000PE4135;1;0,0023;0;0;0;1;0;1;0;1;0;0
1561;Fensterheber;606000PE4450;2;0,0045;0;0;0;1;0;0;0;0;0;0
1561;Fensterheber;606000RE2508;1;0,0023;0;0;0;0;0;1;0;1;0;0
1561;Fensterheber;606000RE2509;1;0,0023;0;0;0;0;0;1;0;1;0;0
1561;Fensterheber;606000RE3847;1;0,0023;0;0;0;1;0;0;0;0;0;0
1561;Fensterheber;606000RE44954555;1;0,0023;0;0;0;0;0;0;0;0;0;0
1561;Fensterheber;606000RE4544;1;0,0023;0;0;0;0;0;0;0;1;0;0
1561;Fensterheber;606000RE4545;1;0,0023;0;0;0;1;0;0;0;1;0;0
1561;Fensterheber;606000RE4547;1;0,0023;0;0;0;1;0;0;0;1;0;0
1561;Fensterheber;606000RE4569;2;0,0045;0;0;0;1;0;0;0;1;0;0
1561;Fensterheber;606000RE4586;1;0,0023;0;0;0;1;0;0;0;0;0;0
1561;Fensterheber;606000RE4589;1;0,0023;0;0;0;1;0;0;0;0;0;0
1561;Fensterheber;606000RE4591;2;0,0045;0;0;0;1;0;0;0;0;0;0
1561;Fensterheber;606000SE4611;2;0,0045;0;0;0;0;0;0;1;1;0;0
1561;Fensterheber;606000SE4615;3;0,0068;0;0;0;0;0;0;1;1;0;0
1561;Fensterheber;606000SE4634;1;0,0023;0;0;0;1;0;1;0;1;0;0
1561;Fensterheber;606000SE4642;1;0,0023;0;0;0;1;0;1;0;1;0;0
1561;Fensterheber;606000SE4643;1;0,0023;0;0;0;1;0;1;0;1;0;0
1561;Fensterheber;606000SE4648;1;0,0023;0;0;0;1;0;1;1;1;0;0
1561;Fensterheber;606000SE4895;2;0,0045;0;0;0;1;0;1;0;0;0;0
1561;Fensterheber;606000SO4162;4;0,0091;0;0;0;1;0;1;0;0;0;0
1561;Fensterheber;606000SO4163;1;0,0023;0;0;0;1;0;1;0;0;0;0
1561;Fensterheber;606000SO4191;1;0,0023;0;0;0;1;0;1;0;0;0;0
1561;Fensterheber;606000VW4823;1;0,0023;0;0;0;1;0;1;1;1;0;0
1561;Fensterheber;606000VW4825;2;0,0045;0;0;0;1;0;1;1;0;0;0
1561;Fensterheber;606000VW4835;3;0,0068;0;0;0;1;0;1;0;0;0;0
1561;Fensterheber;606000VW4836;1;0,0023;0;0;0;1;0;1;0;0;0;0
1561;Fensterheber;606000VW4837;1;0,0023;0;0;0;1;0;1;0;0;0;0
1561;Fensterheber;606000VW4875;1;0,0023;0;0;0;1;0;1;1;0;0;0
1561;Fensterheber;606000VW4880;2;0,0045;0;0;0;1;0;0;0;0;0;0
1561;Fensterheber;606001037864P;1;0,0023;0;0;0;1;0;0;0;0;0;0
1561;Fensterheber;606001039859P;1;0,0023;0;0;0;1;0;1;0;1;0;0
1561;Fensterheber;606001039860P;1;0,0023;0;0;0;1;0;1;0;1;0;0
1561;Fensterheber;606001040860;1;0,0023;0;0;0;1;0;1;0;0;0;0
1561;Fensterheber;606001053863P;2;0,0045;0;0;0;1;0;1;0;0;0;0
1561;Fensterheber;606001053864P;1;0,0023;0;0;0;1;0;1;0;0;0;0
1561;Fensterheber;606001063860P;1;0,0023;0;0;0;1;0;1;0;0;0;0
1561;Fensterheber;606004044861P;1;0,0023;0;0;0;1;0;0;0;0;0;0
1561;Fensterheber;606008028859P;1;0,0023;0;0;0;1;0;0;0;0;0;0
1561;Fensterheber;606008035861P;1;0,0023;0;0;0;1;1;1;0;1;0;0
1561;Fensterheber;606008035862P;1;0,0023;0;0;0;0;0;1;0;0;0;0
1561;Fensterheber;606009030859P;1;0,0023;0;0;0;1;0;0;0;0;0;0
1561;Fensterheber;606010001861;1;0,0023;0;0;0;1;0;0;0;0;0;0
1561;Fensterheber;606021026859P;1;0,0023;0;0;0;1;0;0;0;0;0;0
1561;Fensterheber;606043005859P;1;0,0023;0;0;0;1;0;1;0;0;0;0
1561;Fensterheber;606043005860P;1;0,0023;0;0;0;1;0;1;0;0;0;0
1561;Fensterheber;606043006858P;1;0,0023;0;0;0;1;0;0;0;0;0;0
1561;Fensterheber;606043008859P;1;0,0023;0;0;0;1;0;1;0;0;0;0
1561;Fensterheber;606043010860P;1;0,0023;0;0;0;1;0;0;0;0;0;0
1561;Fensterheber;60667937;1;0,0023;1;0;0;0;0;0;0;1;0;1
1561;Fensterheber;60671194;1;0,0023;0;1;0;0;1;0;0;1;1;1
1561;Fensterheber;60672259;1;0,0023;1;0;0;0;1;0;0;1;1;1
1561;Fensterheber;60672278;1;0,0023;1;1;0;0;1;0;0;1;1;1
1561;Fensterheber;60695864;1;0,0023;1;1;1;0;1;0;0;0;1;1
1561;Fensterheber;60695868;1;0,0023;1;1;1;0;1;0;0;0;1;1
1561;Fensterheber;60702380;1;0,0023;0;1;0;0;0;0;0;1;1;1
1561;Fensterheber;60702400;2;0,0045;0;1;0;1;1;0;0;1;1;1
1561;Fensterheber;60721101;1;0,0023;0;0;0;1;1;0;0;0;0;0
1561;Fensterheber;6073PSG2POL;1;0,0023;0;0;0;0;0;0;0;0;0;0
1561;Fensterheber;60800210;2;0,0045;1;1;0;0;1;0;0;0;1;1
1561;Fensterheber;60800760;1;0,0023;1;1;0;1;1;0;0;1;1;1
1561;Fensterheber;60800770;4;0,0091;1;1;0;1;1;0;0;1;1;1
1561;Fensterheber;60800890;1;0,0023;0;1;0;0;0;0;0;0;1;1
1561;Fensterheber;60800910;2;0,0045;0;1;0;0;0;0;0;0;0;1
1561;Fensterheber;60801140;1;0,0023;1;1;0;0;0;0;0;1;1;0
1561;Fensterheber;60801690;1;0,0023;0;1;0;1;1;1;0;1;1;1
1561;Fensterheber;60801720;1;0,0023;1;1;0;1;1;0;0;1;1;1
1561;Fensterheber;60801730;6;0,0136;1;1;0;1;1;0;0;1;1;1
1561;Fensterheber;60802010;1;0,0023;0;1;0;1;1;0;0;1;1;1
1561;Fensterheber;60802030;1;0,0023;1;1;0;0;1;0;0;1;1;1
1561;Fensterheber;60802040;3;0,0068;1;1;0;1;1;0;0;1;1;1
1561;Fensterheber;60802050;8;0,0182;1;1;0;1;1;0;0;1;1;1
1561;Fensterheber;60802100;1;0,0023;0;1;0;1;1;0;0;1;1;1
1561;Fensterheber;60802110;2;0,0045;0;1;0;1;1;0;0;1;1;1
1561;Fensterheber;60802270;1;0,0023;1;1;0;0;0;0;0;1;1;0
1561;Fensterheber;60802530;1;0,0023;1;1;0;1;1;0;0;0;1;0
1561;Fensterheber;60802550;1;0,0023;1;1;0;0;1;0;0;0;1;0
1561;Fensterheber;60802710;1;0,0023;1;1;0;1;1;0;0;1;1;0
1561;Fensterheber;60802790;6;0,0136;1;1;0;1;1;0;0;1;0;1
1561;Fensterheber;60802800;1;0,0023;1;1;0;1;1;0;0;1;1;0
1561;Fensterheber;60802810;1;0,0023;1;1;0;1;1;0;0;1;1;1
1561;Fensterheber;60802850;1;0,0023;1;1;0;0;1;0;0;1;1;1
1561;Fensterheber;60802970;1;0,0023;1;1;0;1;1;1;0;1;1;1
1561;Fensterheber;60802990;4;0,0091;1;1;0;1;1;1;0;1;1;1
1561;Fensterheber;60803000;1;0,0023;1;1;0;1;1;1;1;1;1;1
1561;Fensterheber;60803010;6;0,0136;1;1;0;1;1;1;1;1;1;1
1561;Fensterheber;60803020;3;0,0068;1;1;0;1;1;1;1;1;1;1
1561;Fensterheber;60803030;5;0,0114;1;1;0;1;1;1;1;1;1;1
1561;Fensterheber;60803040;1;0,0023;1;1;0;1;1;1;1;1;1;0
1561;Fensterheber;60803050;5;0,0114;1;1;0;1;1;1;1;1;1;0
1561;Fensterheber;60803060;5;0,0114;1;1;0;1;1;1;0;1;1;1
1561;Fensterheber;60803070;10;0,0227;1;1;0;1;1;1;0;1;1;1
1561;Fensterheber;60803090;1;0,0023;1;1;0;1;1;1;0;1;1;0
1561;Fensterheber;60803140;5;0,0114;0;1;0;1;1;1;0;1;1;1
1561;Fensterheber;60803150;2;0,0045;0;1;0;1;1;1;0;1;1;1
1561;Fensterheber;60803160;10;0,0227;0;1;0;1;1;1;0;1;1;1
1561;Fensterheber;60803170;14;0,0318;0;1;0;1;1;1;0;1;1;1
1561;Fensterheber;60803270;1;0,0023;1;1;0;0;1;0;0;1;1;1
1561;Fensterheber;60803300;2;0,0045;1;1;0;1;1;1;0;1;1;0
1561;Fensterheber;60803340;1;0,0023;1;1;0;1;1;0;0;1;1;1
1561;Fensterheber;60803350;2;0,0045;1;1;0;1;1;0;0;1;1;1
1561;Fensterheber;60803360;3;0,0068;1;1;0;1;1;0;0;1;1;1
1561;Fensterheber;60803370;1;0,0023;1;1;0;1;0;0;0;1;1;1
1561;Fensterheber;60803400;3;0,0068;1;1;0;1;1;1;1;1;1;1
1561;Fensterheber;60803410;2;0,0045;1;1;0;1;1;1;1;1;1;1
1561;Fensterheber;60803420;3;0,0068;1;1;0;1;1;1;1;1;1;0
1561;Fensterheber;60803430;1;0,0023;1;1;0;1;1;1;1;1;1;0
1561;Fensterheber;60803460;1;0,0023;1;1;0;0;1;0;0;1;1;1
1561;Fensterheber;60803470;2;0,0045;1;1;0;1;1;0;0;1;1;1
1561;Fensterheber;60803480;3;0,0068;1;1;0;1;1;1;1;1;1;1
1561;Fensterheber;60803490;1;0,0023;1;1;0;1;1;1;1;1;1;1
1561;Fensterheber;60803580;1;0,0023;0;1;0;1;1;0;0;1;1;0
1561;Fensterheber;60803590;6;0,0136;0;1;0;1;1;0;0;1;1;0
1561;Fensterheber;60803660;2;0,0045;1;1;0;1;1;1;0;1;1;1
1561;Fensterheber;60803670;9;0,0204;1;1;0;1;1;1;0;1;1;1
1561;Fensterheber;60803690;7;0,0159;1;1;0;1;1;0;0;1;1;0
1561;Fensterheber;60803700;5;0,0114;1;1;0;1;1;1;0;1;1;1
1561;Fensterheber;60803710;4;0,0091;1;1;0;1;1;1;0;1;1;1
1561;Fensterheber;60803870;4;0,0091;1;1;0;0;1;0;0;1;1;1
1561;Fensterheber;60803880;2;0,0045;1;1;0;0;1;0;0;1;1;1
1561;Fensterheber;60803890;18;0,0409;1;1;0;0;1;0;0;1;1;1
1561;Fensterheber;60804130;4;0,0091;0;1;0;0;1;0;0;1;1;1
1561;Fensterheber;60804150;3;0,0068;0;1;0;0;1;0;0;1;1;1
1561;Fensterheber;60804160;2;0,0045;0;1;0;0;1;0;0;1;1;0
1561;Fensterheber;60804170;2;0,0045;0;1;0;0;1;0;0;1;1;0
1561;Fensterheber;60804200;5;0,0114;0;1;0;1;1;1;0;1;1;1
1561;Fensterheber;60804210;2;0,0045;0;1;0;1;1;1;0;1;1;1
1561;Fensterheber;60804380;1;0,0023;1;1;0;1;1;0;0;1;1;1
1561;Fensterheber;60804390;1;0,0023;1;1;0;1;1;0;0;1;1;1
1561;Fensterheber;60804500;3;0,0068;1;1;0;1;1;1;0;1;1;1
1561;Fensterheber;60804510;3;0,0068;1;1;0;1;1;1;0;1;1;1
1561;Fensterheber;60804520;2;0,0045;1;1;0;1;1;1;0;1;1;0
1561;Fensterheber;60804530;4;0,0091;1;1;0;1;1;1;0;1;1;0
1561;Fensterheber;60804540;1;0,0023;0;1;0;1;1;1;0;1;1;1
1561;Fensterheber;60804550;1;0,0023;0;1;0;1;1;1;0;1;1;1
1561;Fensterheber;60804560;14;0,0318;0;1;0;1;1;1;0;1;1;1
1561;Fensterheber;60804570;7;0,0159;0;1;0;1;1;1;0;1;1;1
1561;Fensterheber;60804680;2;0,0045;1;1;0;1;1;1;1;1;1;1
1561;Fensterheber;60804690;1;0,0023;1;1;0;1;1;1;1;1;1;1
1561;Fensterheber;60804700;1;0,0023;1;1;0;1;1;0;1;1;1;0
1561;Fensterheber;60804710;1;0,0023;1;1;0;1;1;0;1;1;1;0
1561;Fensterheber;60804740;2;0,0045;0;1;0;1;1;1;0;1;1;0
1561;Fensterheber;60804750;11;0,025;0;1;0;1;1;1;0;1;1;1
1561;Fensterheber;60804820;1;0,0023;1;1;0;1;1;1;0;1;1;0
1561;Fensterheber;60804880;1;0,0023;1;1;0;1;1;0;0;1;1;0
1561;Fensterheber;60804890;7;0,0159;1;1;0;1;1;0;0;1;1;0
1561;Fensterheber;60805390;2;0,0045;1;1;0;1;1;0;0;1;1;0
1561;Fensterheber;60805500;4;0,0091;1;1;0;1;1;0;1;1;1;1
1561;Fensterheber;60805510;9;0,0204;1;1;0;1;1;0;1;1;1;1
1561;Fensterheber;60805520;2;0,0045;1;1;0;0;1;0;0;1;1;1
1561;Fensterheber;60805530;2;0,0045;1;1;0;1;1;0;0;1;1;1
1561;Fensterheber;60805540;8;0,0182;1;1;0;1;1;0;0;1;1;0
1561;Fensterheber;60805550;9;0,0204;1;1;0;1;1;0;0;1;1;0
1561;Fensterheber;60805840;1;0,0023;1;1;0;1;1;1;1;1;1;0
1561;Fensterheber;60805850;2;0,0045;1;1;0;1;1;1;1;1;1;0
1561;Fensterheber;60806080;3;0,0068;1;1;0;1;1;1;0;1;1;1
1561;Fensterheber;60806090;5;0,0114;1;1;0;1;1;1;0;1;1;1
1561;Fensterheber;60806200;3;0,0068;1;1;0;1;1;0;0;1;1;1
1561;Fensterheber;60806210;1;0,0023;1;1;0;1;1;0;0;1;1;1
1561;Fensterheber;60806230;1;0,0023;1;1;0;1;1;0;0;1;1;1
1561;Fensterheber;60806500;5;0,0114;0;1;0;1;1;0;0;1;1;1
1561;Fensterheber;60806510;3;0,0068;0;1;0;1;1;0;0;1;1;1
1561;Fensterheber;60806520;2;0,0045;1;1;0;1;1;0;0;1;1;1
1561;Fensterheber;60806740;1;0,0023;1;1;0;0;1;0;0;1;1;0
1561;Fensterheber;60806830;1;0,0023;0;1;0;0;1;0;0;1;1;0
1561;Fensterheber;60807170;10;0,0227;1;1;0;0;1;1;0;1;1;1
1561;Fensterheber;60807180;4;0,0091;1;1;0;0;1;1;0;1;1;1
1561;Fensterheber;60807190;10;0,0227;1;1;0;0;1;0;0;1;1;1
1561;Fensterheber;60807200;2;0,0045;1;1;0;0;1;0;0;1;1;1
1561;Fensterheber;60807210;1;0,0023;1;1;0;1;1;1;0;1;1;1
1561;Fensterheber;60807230;2;0,0045;1;1;0;0;0;0;0;1;1;1
1561;Fensterheber;60807250;1;0,0023;1;1;0;1;1;0;0;1;1;1
1561;Fensterheber;60807260;1;0,0023;1;1;0;1;1;0;0;1;1;1
1561;Fensterheber;60807370;2;0,0045;1;1;0;0;1;0;0;1;1;1
1561;Fensterheber;60807390;1;0,0023;1;1;0;1;1;0;0;1;1;1
1561;Fensterheber;60807400;1;0,0023;1;1;0;1;1;0;0;1;1;1
1561;Fensterheber;60807410;1;0,0023;1;1;0;1;1;0;0;1;1;1
1561;Fensterheber;60807430;2;0,0045;1;1;0;0;1;0;0;1;1;1
1561;Fensterheber;60807440;1;0,0023;1;1;0;0;1;0;0;1;1;1
1561;Fensterheber;60807460;1;0,0023;1;1;0;0;1;0;0;1;1;1
1561;Fensterheber;60807490;1;0,0023;1;1;0;0;1;0;0;1;1;1
1561;Fensterheber;60807530;1;0,0023;1;1;0;1;1;0;0;1;1;1
1561;Fensterheber;60807550;1;0,0023;0;1;0;1;1;0;0;0;1;1
1561;Fensterheber;60807670;2;0,0045;1;1;0;1;1;0;0;1;1;0
1561;Fensterheber;60807680;4;0,0091;1;1;0;1;1;0;1;1;1;0
1561;Fensterheber;60807950;1;0,0023;1;1;0;1;1;0;0;1;1;1
1561;Fensterheber;60807960;3;0,0068;1;1;0;1;1;0;0;1;1;1
1561;Fensterheber;60808050;3;0,0068;1;1;0;1;1;0;0;1;1;1
1561;Fensterheber;60808060;4;0,0091;1;1;0;1;1;0;0;1;1;1
1561;Fensterheber;60808100;3;0,0068;0;1;0;1;1;1;0;1;1;1
1561;Fensterheber;60808140;1;0,0023;0;1;0;0;1;0;0;1;0;1
1561;Fensterheber;60808200;1;0,0023;0;1;0;0;1;0;0;1;1;1
1561;Fensterheber;60808400;2;0,0045;1;1;0;1;1;1;0;1;1;1
1561;Fensterheber;60808410;1;0,0023;0;1;0;1;0;1;0;1;1;1
1561;Fensterheber;60808430;2;0,0045;0;1;0;1;1;0;0;1;1;1
1561;Fensterheber;60808440;5;0,0114;0;1;0;1;1;0;0;1;1;1
1561;Fensterheber;60808450;1;0,0023;0;1;0;1;1;1;0;1;1;0
1561;Fensterheber;60808650;7;0,0159;0;1;0;0;1;0;0;1;1;1
1561;Fensterheber;60808660;4;0,0091;0;1;0;0;1;0;0;1;1;1
1561;Fensterheber;60808790;1;0,0023;0;1;0;0;0;0;0;1;1;1
1561;Fensterheber;60808870;1;0,0023;1;1;0;1;1;0;0;1;1;1
1561;Fensterheber;60808880;3;0,0068;0;1;0;1;1;0;0;1;1;1
1561;Fensterheber;60809010;2;0,0045;0;1;0;1;1;0;0;1;1;0
1561;Fensterheber;60809020;1;0,0023;0;1;0;1;1;0;0;1;1;0
1561;Fensterheber;60809120;1;0,0023;0;1;0;1;1;0;0;1;1;1
1561;Fensterheber;60809140;1;0,0023;0;1;0;1;1;0;0;1;1;0
1561;Fensterheber;60809170;2;0,0045;0;1;0;0;1;0;0;1;1;1
1561;Fensterheber;60809200;1;0,0023;0;1;0;0;1;0;0;1;1;1
1561;Fensterheber;60809260;2;0,0045;0;1;0;1;1;1;1;1;1;0
1561;Fensterheber;60809270;1;0,0023;0;1;0;1;1;0;0;1;1;1
1561;Fensterheber;60809280;3;0,0068;0;1;0;1;1;0;0;1;1;1
1561;Fensterheber;60809290;2;0,0045;0;1;0;1;1;1;0;1;1;0
1561;Fensterheber;60809300;1;0,0023;0;1;0;1;1;1;0;1;1;0
1561;Fensterheber;60809330;1;0,0023;0;1;0;0;0;0;0;1;1;1
1561;Fensterheber;60809380;1;0,0023;0;1;0;1;1;0;0;0;1;0
1561;Fensterheber;60809410;1;0,0023;0;1;0;1;1;0;0;1;1;1
1561;Fensterheber;60809420;8;0,0182;0;1;0;1;1;0;0;1;1;1
1561;Fensterheber;60809540;1;0,0023;0;1;0;1;1;0;0;1;1;1
1561;Fensterheber;60809670;6;0,0136;0;1;0;0;1;0;0;1;1;0
1561;Fensterheber;60809680;5;0,0114;0;1;0;0;1;0;0;1;1;0
1561;Fensterheber;60809730;2;0,0045;0;1;0;0;1;0;0;1;1;1
1561;Fensterheber;60809740;5;0,0114;0;1;0;0;1;0;0;1;1;1
1561;Fensterheber;60809890;3;0,0068;0;1;0;1;1;0;0;1;1;0
1561;Fensterheber;60809900;1;0,0023;0;1;0;1;1;0;0;1;1;0
1561;Fensterheber;60809940;1;0,0023;0;1;0;1;1;0;0;1;1;1
1561;Fensterheber;60810150;7;0,0159;0;1;0;1;1;0;0;1;1;0
1561;Fensterheber;60810160;2;0,0045;0;1;0;1;1;0;0;1;1;0
1561;Fensterheber;60810190;1;0,0023;0;1;0;1;1;0;0;1;1;0
1561;Fensterheber;60810200;1;0,0023;0;1;0;1;1;0;0;1;1;0
1561;Fensterheber;60810270;1;0,0023;1;1;0;0;1;0;0;1;1;1
1561;Fensterheber;60810280;1;0,0023;1;1;0;0;1;0;0;1;1;1
1561;Fensterheber;60810290;5;0,0114;0;1;0;1;1;1;0;1;1;1
1561;Fensterheber;60810300;6;0,0136;0;1;0;1;1;1;0;1;1;1
1561;Fensterheber;60810310;8;0,0182;0;1;0;1;1;0;0;1;1;1
1561;Fensterheber;60810320;1;0,0023;0;1;0;1;1;0;0;1;1;1
1561;Fensterheber;60810400;1;0,0023;0;1;0;1;1;0;0;1;1;1
1561;Fensterheber;60810410;1;0,0023;0;1;0;1;1;0;0;1;1;1
1561;Fensterheber;60810480;1;0,0023;0;1;0;1;1;0;0;1;1;1
1561;Fensterheber;60810490;3;0,0068;0;1;0;1;1;1;0;1;1;0
1561;Fensterheber;60810500;2;0,0045;0;1;0;1;1;1;0;1;1;0
1561;Fensterheber;60810520;1;0,0023;0;1;0;1;1;1;0;1;1;1
1561;Fensterheber;60810550;1;0,0023;1;1;0;0;1;0;0;1;1;1
1561;Fensterheber;60810770;1;0,0023;0;1;0;1;0;1;1;0;0;1
1561;Fensterheber;60810820;1;0,0023;0;1;0;1;1;0;0;1;1;1
1561;Fensterheber;60810950;1;0,0023;0;1;0;1;1;0;0;1;1;1
1561;Fensterheber;60810960;5;0,0114;0;1;0;1;1;0;0;1;1;1
1561;Fensterheber;60810970;1;0,0023;0;1;0;1;1;0;0;1;1;1
1561;Fensterheber;60811040;1;0,0023;0;1;0;1;0;1;0;1;1;0
1561;Fensterheber;60811050;1;0,0023;0;1;0;1;0;1;0;1;1;0
1561;Fensterheber;60811120;1;0,0023;0;1;0;0;1;0;0;1;1;0
1561;Fensterheber;60811350;1;0,0023;0;1;0;0;0;0;0;1;0;1
1561;Fensterheber;60811590;1;0,0023;0;1;0;0;0;0;0;0;0;1
1561;Fensterheber;60811850;3;0,0068;1;1;0;0;0;0;0;1;1;1
1561;Fensterheber;60812040;1;0,0023;0;1;0;1;1;0;0;1;1;1
1561;Fensterheber;60812050;2;0,0045;0;1;0;1;1;0;0;1;1;1
1561;Fensterheber;60812190;1;0,0023;1;1;0;0;0;0;0;0;1;0
1561;Fensterheber;60812200;1;0,0023;1;1;0;0;1;0;0;1;1;1
1561;Fensterheber;60812230;6;0,0136;1;1;0;0;0;0;0;1;1;0
1561;Fensterheber;60812390;6;0,0136;0;1;0;1;0;0;0;1;0;1
1561;Fensterheber;60812410;1;0,0023;0;1;0;0;1;0;0;1;1;1
1561;Fensterheber;60812480;1;0,0023;0;1;0;0;1;0;0;1;1;1
1561;Fensterheber;60812670;2;0,0045;1;1;0;1;0;0;0;0;0;1
1561;Fensterheber;60812680;1;0,0023;0;1;0;1;1;0;0;1;1;1
1561;Fensterheber;60812690;4;0,0091;0;1;0;1;1;0;0;1;1;1
1561;Fensterheber;60814410;1;0,0023;0;1;0;0;0;0;0;0;0;1
1561;Fensterheber;60815030;1;0,0023;0;1;0;0;1;0;0;1;1;1
1561;Fensterheber;60815160;1;0,0023;0;1;0;0;0;0;0;1;1;1
1561;Fensterheber;60815260;2;0,0045;0;1;0;1;1;0;0;0;1;0
1561;Fensterheber;60815580;2;0,0045;1;1;0;1;1;0;0;1;1;1
1561;Fensterheber;60815590;5;0,0114;1;1;0;1;1;0;0;1;1;1
1561;Fensterheber;60815650;1;0,0023;0;1;0;0;0;0;0;1;0;1
1561;Fensterheber;60816100;3;0,0068;1;1;0;1;1;0;0;0;1;1
1561;Fensterheber;60816110;1;0,0023;1;1;0;1;1;0;0;1;1;1
1561;Fensterheber;60816120;1;0,0023;0;1;0;0;0;0;0;0;0;1
1561;Fensterheber;60816310;1;0,0023;0;1;0;1;0;0;0;0;0;1
1561;Fensterheber;60816640;2;0,0045;0;1;0;1;1;1;0;1;1;1
1561;Fensterheber;60816830;2;0,0045;0;1;0;1;0;0;0;0;0;1
1561;Fensterheber;60816900;9;0,0204;0;1;0;1;1;1;0;1;1;1
1561;Fensterheber;60816910;6;0,0136;0;1;0;1;1;1;0;1;1;1
1561;Fensterheber;60816920;2;0,0045;1;1;0;0;1;0;0;1;1;1
1561;Fensterheber;60816930;1;0,0023;1;1;0;0;1;0;0;1;1;1
1561;Fensterheber;60817110;4;0,0091;0;1;0;1;1;0;0;1;1;1
1561;Fensterheber;60817120;1;0,0023;0;1;0;0;1;0;0;1;1;1
1561;Fensterheber;60817190;1;0,0023;0;1;0;1;0;0;0;1;1;0
1561;Fensterheber;60817270;1;0,0023;0;1;0;0;0;0;0;1;0;0
1561;Fensterheber;60817480;4;0,0091;0;1;0;1;0;1;1;0;0;0
1561;Fensterheber;60817590;1;0,0023;1;1;0;1;1;0;0;1;1;0
1561;Fensterheber;60817740;2;0,0045;1;1;0;1;1;0;0;1;1;1
1561;Fensterheber;60817750;1;0,0023;1;1;0;1;1;0;0;1;1;1
1561;Fensterheber;60817940;2;0,0045;1;1;0;0;1;0;0;1;1;0
1561;Fensterheber;60818060;1;0,0023;0;1;0;0;1;0;0;1;1;1
1561;Fensterheber;60818070;2;0,0045;0;1;0;0;1;0;0;1;1;1
1561;Fensterheber;60818530;2;0,0045;0;1;0;1;1;1;1;1;1;1
1561;Fensterheber;60818540;3;0,0068;0;1;0;1;1;1;0;1;1;1
1561;Fensterheber;60818550;2;0,0045;0;1;0;1;1;1;0;1;1;1
1561;Fensterheber;60818600;1;0,0023;0;1;0;1;1;0;0;0;1;1
1561;Fensterheber;60818610;1;0,0023;0;1;0;1;1;0;0;1;1;1
1561;Fensterheber;60818720;1;0,0023;0;1;0;1;1;1;0;1;1;0
1561;Fensterheber;60818730;2;0,0045;0;1;0;1;1;1;0;1;1;0
1561;Fensterheber;60818740;1;0,0023;0;1;0;1;1;0;0;1;1;0
1561;Fensterheber;60818750;1;0,0023;0;1;0;1;1;0;0;1;1;0
1561;Fensterheber;60818830;6;0,0136;1;1;0;1;1;0;0;1;1;0
1561;Fensterheber;60818840;1;0,0023;0;1;0;0;1;0;0;1;1;0
1561;Fensterheber;60819160;1;0,0023;0;1;0;1;1;1;0;1;1;1
1561;Fensterheber;60819270;2;0,0045;1;1;0;1;1;0;0;1;1;1
1561;Fensterheber;60819310;1;0,0023;0;1;0;1;1;1;0;1;1;0
1561;Fensterheber;60819570;1;0,0023;0;1;0;0;0;0;0;1;1;0
1561;Fensterheber;60819610;1;0,0023;0;1;0;0;0;0;0;0;1;0
1561;Fensterheber;60820530;5;0,0114;0;1;0;0;0;0;0;0;0;1
1561;Fensterheber;60820560;1;0,0023;1;1;0;1;0;0;0;1;0;1
1561;Fensterheber;60820570;1;0,0023;1;1;0;1;0;0;0;1;0;1
1561;Fensterheber;60820690;1;0,0023;1;1;0;1;0;0;0;1;0;1
1561;Fensterheber;60820780;1;0,0023;0;1;0;0;0;0;0;1;0;1
1561;Fensterheber;60820940;1;0,0023;0;1;0;1;0;0;0;0;0;0
1561;Fensterheber;60820950;1;0,0023;0;1;0;1;0;0;0;0;0;0
1561;Fensterheber;60821260;2;0,0045;0;1;0;0;0;0;0;1;1;0
1561;Fensterheber;60821630;1;0,0023;0;1;0;0;0;0;0;0;0;0
1561;Fensterheber;60821950;1;0,0023;0;1;0;0;0;1;0;0;1;0
1561;Fensterheber;60822250;1;0,0023;0;1;0;0;0;0;0;1;1;0
1561;Fensterheber;60822320;1;0,0023;0;1;0;1;0;1;0;1;1;0
1561;Fensterheber;60822650;1;0,0023;0;1;0;0;0;0;0;1;1;0
1561;Fensterheber;60822730;2;0,0045;0;1;0;1;0;1;0;1;0;1
1561;Fensterheber;60822780;1;0,0023;0;1;0;0;0;0;0;0;0;1
1561;Fensterheber;60823150;1;0,0023;1;1;0;0;0;0;0;0;1;1
1561;Fensterheber;60823160;1;0,0023;1;1;0;0;0;0;0;0;0;1
1561;Fensterheber;60823170;1;0,0023;1;1;0;0;0;0;0;0;0;1
1561;Fensterheber;60823630;1;0,0023;0;1;0;0;0;0;0;0;0;1
1561;Fensterheber;60824580;1;0,0023;1;1;0;0;0;0;0;1;0;0
1561;Fensterheber;60824590;1;0,0023;1;1;0;0;0;0;0;1;0;0
1561;Fensterheber;60824610;1;0,0023;0;1;0;1;0;0;0;0;0;0
1561;Fensterheber;60824620;1;0,0023;0;1;0;1;0;0;0;0;0;0
1561;Fensterheber;60824640;1;0,0023;0;1;0;0;0;0;0;0;0;0
1561;Fensterheber;60824930;1;0,0023;0;1;0;1;0;1;0;1;0;0
1561;Fensterheber;6090100;1;0,0023;0;0;0;0;0;0;0;0;0;0
1561;Fensterheber;6090731;2;0,0045;0;0;0;0;0;0;0;0;0;0
1561;Fensterheber;6091731;1;0,0023;0;0;0;0;0;0;0;0;0;0
1561;Fensterheber;6091735;1;0,0023;0;0;0;0;0;0;0;0;0;0
1561;Fensterheber;60N1PSE1POL;1;0,0023;0;0;0;0;0;0;0;0;0;0
1561;Fensterheber;61188SA001;1;0,0023;0;1;0;0;0;0;0;1;1;1
1561;Fensterheber;61188SA011;2;0,0045;0;1;0;0;0;0;0;1;1;1
1561;Fensterheber;61222SA012;1;0,0023;0;0;0;0;0;0;0;1;1;1
1561;Fensterheber;612270310111;1;0,0023;0;0;0;0;0;0;0;0;0;0
1561;Fensterheber;61496;2;0,0045;0;0;0;0;0;0;0;0;0;0
1561;Fensterheber;620507036803P;1;0,0023;0;0;0;1;0;1;0;0;0;0
1561;Fensterheber;6207144;1;0,0023;0;0;1;0;0;0;0;0;0;0
1561;Fensterheber;6235332;1;0,0023;0;0;0;0;0;0;0;0;0;0
1561;Fensterheber;6301731;1;0,0023;0;0;0;0;0;0;0;0;0;0
1561;Fensterheber;63320300;1;0,0023;0;1;0;0;0;0;0;1;1;1
1561;Fensterheber;63420080;3;0,0068;1;1;0;0;1;0;0;1;1;0
1561;Fensterheber;63420090;8;0,0182;1;1;0;0;1;0;0;1;1;0
1561;Fensterheber;63420110;1;0,0023;0;1;0;0;1;0;0;1;1;1
1561;Fensterheber;63421030;5;0,0114;0;1;0;0;0;0;0;1;0;1
1561;Fensterheber;63470020;1;0,0023;1;1;0;0;1;0;0;0;1;0
1561;Fensterheber;63470030;1;0,0023;1;1;0;0;1;0;0;1;1;1
1561;Fensterheber;63800740;1;0,0023;0;1;0;0;1;0;0;1;1;1
1561;Fensterheber;63806140;2;0,0045;1;1;0;1;1;0;0;1;1;0
1561;Fensterheber;63806150;3;0,0068;1;1;0;1;1;0;0;1;1;0
1561;Fensterheber;63806160;6;0,0136;1;1;0;1;1;1;0;1;1;1
1561;Fensterheber;63806170;3;0,0068;1;1;0;1;1;1;0;1;1;1
1561;Fensterheber;63806700;1;0,0023;1;1;0;0;0;0;0;0;1;0
1561;Fensterheber;63806990;2;0,0045;0;1;0;0;1;0;0;1;1;0
1561;Fensterheber;63807730;1;0,0023;0;1;0;0;1;0;0;1;1;1
1561;Fensterheber;63807870;1;0,0023;1;1;0;0;1;0;0;1;1;1
1561;Fensterheber;63808050;4;0,0091;1;1;0;1;1;1;0;1;1;1
1561;Fensterheber;63808070;1;0,0023;0;1;0;1;0;1;0;1;1;1
1561;Fensterheber;63808210;2;0,0045;1;1;0;1;1;0;0;1;1;1
1561;Fensterheber;63808230;1;0,0023;1;1;0;1;1;0;0;1;1;1
1561;Fensterheber;63811220;1;0,0023;0;1;0;0;0;1;0;1;1;1
1561;Fensterheber;63815670;1;0,0023;0;1;0;0;0;0;0;1;0;1
1561;Fensterheber;63818690;1;0,0023;0;1;0;1;1;1;0;1;1;0
1561;Fensterheber;63820970;1;0,0023;0;1;0;0;0;0;0;0;1;0
1561;Fensterheber;63824310;4;0,0091;0;1;0;0;0;0;0;0;1;0
1561;Fensterheber;63825390;1;0,0023;0;1;0;0;0;0;0;0;0;0
1561;Fensterheber;6397200046;12;0,0273;1;1;1;0;1;0;1;1;0;0
1561;Fensterheber;6397200146;7;0,0159;1;1;1;0;1;0;1;1;0;0
1561;Fensterheber;6397200446;8;0,0182;1;1;1;1;1;0;1;1;0;0
1561;Fensterheber;6397200546;7;0,0159;1;1;1;1;0;0;1;1;0;0
1561;Fensterheber;64091860;1;0,0023;0;1;0;0;1;1;0;1;1;0
1561;Fensterheber;64091870;3;0,0068;0;1;0;0;1;1;0;1;1;0
1561;Fensterheber;64251905;1;0,0023;0;0;0;0;0;0;0;0;0;0
1561;Fensterheber;64300220;1;0,0023;1;1;0;1;1;1;1;1;1;1
1561;Fensterheber;6437RS;1;0,0023;0;0;0;0;1;0;0;0;0;1
1561;Fensterheber;64400010;1;0,0023;1;1;0;0;1;0;0;1;1;0
1561;Fensterheber;64420070;1;0,0023;1;1;0;0;1;0;0;1;1;1
1561;Fensterheber;644685;1;0,0023;0;0;0;0;0;0;0;0;0;0
1561;Fensterheber;64490000;1;0,0023;1;1;0;0;1;0;0;1;1;0
1561;Fensterheber;64550030;1;0,0023;1;1;0;0;1;0;0;0;1;1
1561;Fensterheber;64701830;1;0,0023;1;1;0;1;1;0;0;1;1;1
1561;Fensterheber;64800180;1;0,0023;0;1;0;0;1;1;0;1;1;0
1561;Fensterheber;64800190;1;0,0023;0;1;0;0;1;1;0;1;1;0
1561;Fensterheber;64801780;3;0,0068;0;1;0;1;1;0;1;1;1;1
1561;Fensterheber;64801790;12;0,0273;0;1;0;1;1;0;1;1;1;1
1561;Fensterheber;64803640;1;0,0023;0;1;0;1;0;1;1;1;1;1
1561;Fensterheber;64804970;3;0,0068;1;1;0;0;1;0;0;1;1;1
1561;Fensterheber;64806930;1;0,0023;1;1;0;0;1;0;1;1;1;0
1561;Fensterheber;64806940;4;0,0091;1;1;0;0;1;0;1;1;1;0
1561;Fensterheber;64808030;5;0,0114;1;1;0;0;1;1;0;1;1;1
1561;Fensterheber;64808040;7;0,0159;1;1;0;0;1;1;0;1;1;1
1561;Fensterheber;64808080;1;0,0023;0;1;0;0;0;1;0;1;1;0
1561;Fensterheber;64808370;1;0,0023;0;1;0;0;0;0;0;1;1;1
1561;Fensterheber;64808450;2;0,0045;1;1;0;0;1;0;0;1;1;1
1561;Fensterheber;64812100;1;0,0023;0;1;0;0;1;0;0;1;1;1
1561;Fensterheber;64813330;2;0,0045;0;1;0;0;0;0;0;1;1;0
1561;Fensterheber;64813770;2;0,0045;0;1;0;0;1;1;0;1;0;0
1561;Fensterheber;64815550;1;0,0023;0;1;0;1;1;0;0;0;1;1
1561;Fensterheber;64815560;2;0,0045;0;1;0;1;0;0;0;1;0;1
1561;Fensterheber;64815570;2;0,0045;0;1;0;1;0;0;0;1;0;1
1561;Fensterheber;64818760;1;0,0023;0;1;0;0;0;1;1;0;0;1
1561;Fensterheber;64818790;1;0,0023;0;1;0;1;1;1;0;1;1;0
1561;Fensterheber;64822480;1;0,0023;0;1;0;1;0;1;0;1;0;1
1561;Fensterheber;65455332;1;0,0023;0;0;1;1;0;0;0;0;0;0
1561;Fensterheber;65470592;1;0,0023;0;0;0;0;0;0;0;0;0;0
1561;Fensterheber;65750040;7;0,0159;1;1;0;0;1;0;0;1;1;1
1561;Fensterheber;65750050;8;0,0182;1;1;0;0;1;0;0;1;1;1
1561;Fensterheber;65803760;1;0,0023;1;1;0;0;1;0;0;1;1;1
1561;Fensterheber;65803770;2;0,0045;1;1;0;0;1;0;0;1;1;1
1561;Fensterheber;65803940;4;0,0091;1;1;0;0;1;0;0;1;1;1
1561;Fensterheber;65813720;3;0,0068;0;1;0;0;0;1;0;1;1;0
1561;Fensterheber;65813730;3;0,0068;0;1;0;0;0;1;0;1;1;0
1561;Fensterheber;65813820;1;0,0023;0;1;0;0;0;0;0;0;0;1
1561;Fensterheber;66121801;1;0,0023;0;0;1;1;1;1;1;0;1;1
1561;Fensterheber;6649735;1;0,0023;0;0;0;0;0;0;0;0;0;0
1561;Fensterheber;66815080;1;0,0023;0;1;0;0;0;0;0;0;0;0
1561;Fensterheber;66817520;1;0,0023;0;1;0;0;0;0;0;0;0;0
1561;Fensterheber;6713PSG1;2;0,0045;0;0;0;0;0;0;0;0;0;0
1561;Fensterheber;6713PSG2;1;0,0023;0;0;0;0;0;0;0;0;0;0
1561;Fensterheber;6730PSG6POL;1;0,0023;0;0;0;0;0;0;0;0;0;0
1561;Fensterheber;67480;1;0,0023;0;0;0;0;0;0;0;0;0;0
1561;Fensterheber;67549;1;0,0023;0;0;0;0;0;0;0;0;0;0
1561;Fensterheber;6755PSG1;1;0,0023;0;0;0;1;0;1;0;0;0;0
1561;Fensterheber;67626927025;1;0,0023;0;1;1;0;0;0;0;0;0;0
1561;Fensterheber;67626927026;1;0,0023;0;1;1;0;0;0;0;0;0;0
1561;Fensterheber;67626954275;19;0,0432;0;1;1;0;1;0;1;1;0;1
1561;Fensterheber;67626954276;1;0,0023;0;1;0;0;1;0;1;0;0;1
1561;Fensterheber;67626955875;12;0,0273;0;1;1;0;0;0;1;0;1;1
1561;Fensterheber;67626955876;9;0,0204;0;1;1;0;0;0;1;1;1;1
1561;Fensterheber;67627285855;1;0,0023;1;0;1;0;0;1;0;1;1;0
1561;Fensterheber;67627406623;24;0,0545;1;0;1;0;0;1;0;1;1;0
1561;Fensterheber;67627406624;8;0,0182;1;0;1;0;0;1;0;0;1;0
1561;Fensterheber;67627406633;1;0,0023;0;0;1;0;0;0;0;0;0;0
1561;Fensterheber;67627406634;3;0,0068;0;0;1;0;0;0;0;0;0;0
1561;Fensterheber;67628359374;1;0,0023;0;0;0;0;1;0;0;1;1;0
1561;Fensterheber;67628360511;2;0,0045;0;1;0;0;0;0;1;0;0;1
1561;Fensterheber;67628360512;1;0,0023;0;1;0;0;0;0;1;0;0;1
1561;Fensterheber;67628360977;3;0,0068;0;0;0;0;1;0;0;1;1;0
1561;Fensterheber;67628360978;3;0,0068;0;0;0;0;1;0;0;1;1;0
1561;Fensterheber;67628362063;4;0,0091;0;1;1;0;1;0;0;1;1;1
1561;Fensterheber;67628362064;7;0,0159;0;1;1;0;1;0;0;1;1;1
1561;Fensterheber;67628381019;1;0,0023;0;0;1;0;1;0;0;1;1;0
1561;Fensterheber;67628381020;2;0,0045;0;0;1;0;1;0;0;1;1;0
1561;Fensterheber;67628381515;1;0,0023;0;1;1;0;1;0;0;0;0;0
1561;Fensterheber;68002897AA;2;0,0045;1;0;0;0;1;0;0;1;1;0
1561;Fensterheber;68020562AA;1;0,0023;0;0;0;0;0;0;0;0;0;0
1561;Fensterheber;68030655AA;3;0,0068;0;0;0;0;0;0;0;1;0;0
1561;Fensterheber;68059644AA;1;0,0023;1;1;0;0;1;0;0;1;1;0
1561;Fensterheber;6817785;1;0,0023;0;0;0;0;0;0;0;0;0;0
1561;Fensterheber;68235300;1;0,0023;0;0;0;0;0;0;0;0;0;0
1561;Fensterheber;6887736;1;0,0023;0;0;0;0;0;0;0;0;0;0
1561;Fensterheber;6887737;3;0,0068;0;0;0;0;0;0;0;0;0;0
1561;Fensterheber;6891711;1;0,0023;0;0;0;0;0;0;0;0;0;0
1561;Fensterheber;6913PSG1;2;0,0045;0;0;0;1;0;1;0;0;0;0
1561;Fensterheber;6913PSG1POL;1;0,0023;0;0;0;0;0;0;0;0;0;0
1561;Fensterheber;6915PSG2POL;1;0,0023;0;0;0;0;0;0;0;0;0;0
1561;Fensterheber;6921PSG1POL;1;0,0023;0;0;0;0;0;0;0;0;0;0
1561;Fensterheber;6921PSG2;1;0,0023;0;0;0;0;0;0;0;0;0;0
1561;Fensterheber;6922PSG1;1;0,0023;0;0;0;1;0;0;0;0;0;0
1561;Fensterheber;6922PSG1P;1;0,0023;0;0;0;1;0;0;0;0;0;0
1561;Fensterheber;6922PSG4;1;0,0023;0;0;0;1;0;0;0;0;0;0
1561;Fensterheber;6926PSG2;1;0,0023;0;0;0;1;0;1;0;0;0;0
1561;Fensterheber;6980110130;1;0,0023;1;0;0;0;0;0;0;0;0;0
1561;Fensterheber;6980142012;1;0,0023;1;1;0;0;1;0;0;1;0;1
1561;Fensterheber;6980142060;3;0,0068;1;1;0;0;1;0;0;1;1;1
1561;Fensterheber;6980152010;3;0,0068;1;1;1;1;1;0;0;1;1;1
1561;Fensterheber;6980152080;2;0,0045;1;1;1;0;1;0;0;1;1;1
1561;Fensterheber;6980152120;1;0,0023;1;1;0;0;1;0;0;1;1;1
1561;Fensterheber;6980158010;2;0,0045;1;1;0;0;1;0;0;0;0;1
1561;Fensterheber;6980221010;1;0,0023;1;1;1;0;1;0;0;1;0;0
1561;Fensterheber;6980242060;1;0,0023;1;1;0;0;1;0;0;1;1;1
1561;Fensterheber;6980252010;24;0,0545;0;1;1;1;1;0;0;1;1;1
1561;Fensterheber;6980252020;2;0,0045;1;0;0;0;1;0;0;1;1;1
1561;Fensterheber;6980252070;1;0,0023;1;1;0;0;1;0;0;0;1;1
1561;Fensterheber;6980252080;3;0,0068;1;1;1;0;1;0;0;1;1;1
1561;Fensterheber;6980258010;3;0,0068;1;1;0;0;1;0;0;0;0;1
1561;Fensterheber;6980442020;1;0,0023;1;1;1;0;1;0;0;1;1;1
1561;Fensterheber;6981002130;3;0,0068;1;1;1;0;1;0;0;1;1;0
1561;Fensterheber;6981002320;3;0,0068;1;1;0;1;1;0;0;0;1;1
1561;Fensterheber;6981005030;1;0,0023;0;1;0;1;1;0;0;1;1;1
1561;Fensterheber;6981005031;1;0,0023;0;1;1;1;1;0;0;1;1;1
1561;Fensterheber;6981005050;2;0,0045;1;1;1;1;1;0;0;1;1;1
1561;Fensterheber;698100D010;3;0,0068;1;1;1;0;1;0;0;1;1;1
1561;Fensterheber;698100D131;12;0,0273;1;1;0;0;0;0;0;1;0;1
1561;Fensterheber;698100D300;14;0,0318;1;1;1;0;1;0;0;0;1;1
1561;Fensterheber;698100H020;4;0,0091;1;1;0;0;1;0;0;1;1;1
1561;Fensterheber;698100H071;2;0,0045;1;0;0;1;1;0;0;0;0;0
1561;Fensterheber;698100K040;1;0,0023;1;1;0;0;1;0;0;1;1;1
1561;Fensterheber;6981074020;3;0,0068;1;1;1;0;1;0;0;1;1;1
1561;Fensterheber;6981074022;3;0,0068;0;0;1;0;1;0;0;0;1;0
1561;Fensterheber;6982002130;10;0,0227;1;1;1;0;1;0;0;1;1;0
1561;Fensterheber;6982002240;1;0,0023;0;0;1;0;1;0;0;0;0;0
1561;Fensterheber;6982002330;1;0,0023;1;1;1;1;1;0;0;1;1;1
1561;Fensterheber;6982005040;11;0,025;0;1;1;1;1;0;0;1;1;1
1561;Fensterheber;6982005041;6;0,0136;0;1;1;1;1;0;0;1;1;1
1561;Fensterheber;6982005050;19;0,0432;1;1;1;1;1;0;0;1;1;1
1561;Fensterheber;6982005070;1;0,0023;1;1;1;0;1;0;0;1;1;1
1561;Fensterheber;698200D010;4;0,0091;1;1;1;0;1;0;0;1;1;1
1561;Fensterheber;698200D300;2;0,0045;1;1;0;0;0;0;0;0;1;0
1561;Fensterheber;698200D310;1;0,0023;1;1;1;0;1;0;0;1;1;1
1561;Fensterheber;698200D440;16;0,0363;0;0;1;0;1;0;0;1;1;0
1561;Fensterheber;698200H020;7;0,0159;1;1;0;0;1;0;0;1;1;1
1561;Fensterheber;698200H020?;1;0,0023;0;0;0;0;0;0;0;0;0;0
1561;Fensterheber;698200H031;7;0,0159;1;1;0;1;1;0;0;1;1;1
1561;Fensterheber;698200K041;1;0,0023;1;1;0;0;1;0;0;1;0;1
1561;Fensterheber;6982020300;2;0,0045;1;1;1;0;0;0;0;1;1;1
1561;Fensterheber;6982074010;10;0,0227;1;1;1;0;1;0;0;1;1;1
1561;Fensterheber;69820?02130;1;0,0023;0;0;0;0;0;0;0;0;0;0
1561;Fensterheber;6983002120;1;0,0023;0;1;0;0;1;0;0;1;1;0
1561;Fensterheber;6984002120;1;0,0023;0;1;0;0;1;0;0;1;1;0
1561;Fensterheber;6984005080;2;0,0045;1;1;1;0;1;0;0;0;1;1
1561;Fensterheber;6984005100;1;0,0023;1;1;0;0;1;0;0;1;1;1
1561;Fensterheber;69B1PSG1POL;2;0,0045;0;0;0;0;0;0;0;0;0;0
1561;Fensterheber;6C11V23201AD;1;0,0023;1;1;1;0;1;0;0;1;1;0
1561;Fensterheber;6F0837461E;1;0,0023;0;0;1;1;1;0;0;0;0;0
1561;Fensterheber;6F9837461E;1;0,0023;0;0;0;0;0;0;0;0;0;0
1561;Fensterheber;6F9837462E;1;0,0023;0;0;0;0;0;0;0;0;0;0
1561;Fensterheber;6H0837401B;1;0,0023;0;1;0;0;0;0;0;1;0;0
1561;Fensterheber;6J3837461;28;0,0636;1;1;1;1;1;0;1;1;1;1
1561;Fensterheber;6J3837462;18;0,0409;1;1;1;1;1;0;1;1;1;1
1561;Fensterheber;6J4837461;35;0,0795;1;1;1;1;1;0;1;1;1;1
1561;Fensterheber;6J4837462;27;0,0613;1;1;1;1;1;0;1;1;1;1
1561;Fensterheber;6J4839461A;1;0,0023;0;0;1;0;0;0;0;1;1;0
1561;Fensterheber;6J4839461C;1;0,0023;1;0;0;0;1;0;0;0;0;0
1561;Fensterheber;6K3837401B;1;0,0023;1;1;1;0;1;0;0;1;1;1
1561;Fensterheber;6K3837401G;3;0,0068;1;1;1;1;1;0;0;1;1;1
1561;Fensterheber;6K3837401H;18;0,0409;1;1;1;0;1;0;0;1;1;1
1561;Fensterheber;6K3837402B;2;0,0045;1;1;1;0;1;0;0;1;1;1
1561;Fensterheber;6K3837402G;3;0,0068;1;1;1;1;1;0;0;1;1;0
1561;Fensterheber;6K3837402H;8;0,0182;1;1;1;0;1;0;0;1;1;1
1561;Fensterheber;6K3837461;1;0,0023;0;0;1;0;0;0;0;1;1;0
1561;Fensterheber;6K4837401A;1;0,0023;0;0;0;0;0;0;0;0;0;0
1561;Fensterheber;6K4837401AA;5;0,0114;1;1;1;0;1;0;0;1;1;1
1561;Fensterheber;6K4837401B;2;0,0045;1;1;1;0;1;0;1;1;1;0
1561;Fensterheber;6K4837401C;1;0,0023;0;0;1;0;1;0;0;1;1;0
1561;Fensterheber;6K4837401H;1;0,0023;0;1;1;0;1;0;1;1;1;0
1561;Fensterheber;6K4837401J;3;0,0068;1;1;1;0;1;0;0;1;1;1
1561;Fensterheber;6K4837401M;5;0,0114;0;1;1;1;1;0;0;0;0;0
1561;Fensterheber;6K4837401P;29;0,0659;1;1;1;0;1;0;1;1;1;0
1561;Fensterheber;6K4837401PMG;2;0,0045;0;0;0;0;0;0;1;0;0;0
1561;Fensterheber;6K4837401S;1;0,0023;1;1;1;0;1;0;0;1;1;0
1561;Fensterheber;6K4837402AA;11;0,025;1;1;1;0;1;0;0;1;1;0
1561;Fensterheber;6K4837402J;4;0,0091;1;1;1;0;1;0;0;1;1;1
1561;Fensterheber;6K4837402M;5;0,0114;0;1;1;0;0;0;0;0;0;0
1561;Fensterheber;6K4837402P;11;0,025;1;1;1;0;1;0;1;1;1;0
1561;Fensterheber;6K4837402PMG;2;0,0045;0;0;0;0;0;0;1;0;0;0
1561;Fensterheber;6K4837402S;1;0,0023;1;1;1;0;1;0;0;1;0;0
1561;Fensterheber;6K4837462;1;0,0023;0;0;0;0;1;0;0;1;1;0
1561;Fensterheber;6L0837401;1;0,0023;0;0;0;0;1;0;0;0;0;0
1561;Fensterheber;6L3837461;77;0,1749;1;1;1;1;1;1;1;1;1;1
1561;Fensterheber;6L3837462;18;0,0409;1;1;1;1;1;1;1;1;1;1
1561;Fensterheber;6L3837755G;1;0,0023;0;1;1;0;1;0;1;1;0;1
1561;Fensterheber;6L3837756G;1;0,0023;1;1;1;0;1;0;0;1;0;0
1561;Fensterheber;6L4837461;26;0,059;1;1;1;1;1;0;1;1;1;1
1561;Fensterheber;6L4837462;12;0,0273;1;1;1;1;1;0;1;1;1;1
1561;Fensterheber;6L4837755E;1;0,0023;0;0;0;0;1;1;0;0;0;0
1561;Fensterheber;6L4837755G;1;0,0023;1;1;1;1;1;1;0;1;0;0
1561;Fensterheber;6L4837756Q;1;0,0023;0;0;1;0;1;1;0;0;0;0
1561;Fensterheber;6L4839756M;1;0,0023;1;0;1;0;0;0;0;1;1;0
1561;Fensterheber;6N3837401;1;0,0023;0;0;0;0;0;0;0;0;0;0
1561;Fensterheber;6N3837401E;11;0,025;1;1;1;1;0;0;1;0;0;1
1561;Fensterheber;6N3837402E;5;0,0114;1;1;1;1;0;0;1;0;0;1
1561;Fensterheber;6N3837461;7;0,0159;1;1;1;0;1;0;0;1;1;0
1561;Fensterheber;6N3837461A;1;0,0023;1;1;1;1;1;0;0;1;1;1
1561;Fensterheber;6N3837461D;22;0,05;1;1;1;1;1;0;0;1;1;1
1561;Fensterheber;6N3837462;6;0,0136;1;1;1;0;1;0;0;1;1;0
1561;Fensterheber;6N3837462D;14;0,0318;1;1;1;1;1;0;0;1;1;1
1561;Fensterheber;6N3998801D;9;0,0204;0;0;1;0;0;0;0;0;0;0
1561;Fensterheber;6N3998802D;10;0,0227;0;0;1;0;0;0;0;0;0;0
1561;Fensterheber;6N4837401;3;0,0068;0;0;1;0;0;0;0;0;0;1
1561;Fensterheber;6N4837401K;2;0,0045;0;0;0;0;0;0;0;0;0;0
1561;Fensterheber;6N4837402;5;0,0114;0;0;1;0;0;0;0;0;0;1
1561;Fensterheber;6N4837402K;2;0,0045;0;0;0;0;0;0;0;0;0;0
1561;Fensterheber;6N4837461;21;0,0477;1;1;1;1;1;0;0;1;1;1
1561;Fensterheber;6N4837461B;30;0,0681;1;1;1;0;1;0;0;0;0;0
1561;Fensterheber;6N4837461D;1;0,0023;1;1;1;0;1;0;0;0;0;0
1561;Fensterheber;6N4837462;12;0,0273;1;1;1;1;1;0;0;1;1;1
1561;Fensterheber;6N4837462B;20;0,0454;1;1;1;0;1;0;0;0;0;0
1561;Fensterheber;6N4837462D;1;0,0023;1;1;1;0;1;0;0;0;0;0
1561;Fensterheber;6N4959801B;2;0,0045;0;0;1;0;1;0;0;1;1;0
1561;Fensterheber;6N4959802B;1;0,0023;0;0;1;0;1;0;0;1;1;0
1561;Fensterheber;6Q3837461;1;0,0023;0;0;0;0;1;1;0;1;1;0
1561;Fensterheber;6Q3837461F;2;0,0045;1;0;1;1;0;0;0;0;0;0
1561;Fensterheber;6Q3837461G;3;0,0068;1;1;1;1;1;1;1;1;1;1
1561;Fensterheber;6Q3837461J;71;0,1613;1;1;1;1;1;1;1;1;1;1
1561;Fensterheber;6Q3837462;1;0,0023;0;0;0;0;1;1;0;1;1;0
1561;Fensterheber;6Q3837462ASK;1;0,0023;0;0;0;0;0;1;0;0;0;0
1561;Fensterheber;6Q3837462F;2;0,0045;1;0;1;1;0;0;0;0;0;0
1561;Fensterheber;6Q3837462G;5;0,0114;1;1;1;1;1;1;1;1;1;1
1561;Fensterheber;6Q3837462J;78;0,1771;1;1;1;1;1;1;1;1;1;1
1561;Fensterheber;6Q4837461;1;0,0023;0;1;0;0;1;1;0;1;1;0
1561;Fensterheber;6Q4837461E;1;0,0023;0;0;0;0;1;1;0;1;1;0
1561;Fensterheber;6Q4837461G;4;0,0091;1;1;1;1;1;1;1;1;1;1
1561;Fensterheber;6Q4837461J;215;0,4883;1;1;1;1;1;1;1;1;1;1
1561;Fensterheber;6Q4837461?;1;0,0023;0;0;0;0;0;0;0;0;0;0
1561;Fensterheber;6Q4837462;5;0,0114;0;1;0;0;1;1;0;1;1;0
1561;Fensterheber;6Q4837462G;1;0,0023;1;1;1;1;1;1;1;1;1;1
1561;Fensterheber;6Q4837462J;175;0,3974;1;1;1;1;1;1;1;1;1;1
1561;Fensterheber;6Q4839461;3;0,0068;0;1;1;1;1;0;0;1;1;1
1561;Fensterheber;6Q4839461B;1;0,0023;1;0;1;1;1;0;1;1;1;0
1561;Fensterheber;6Q4839461E;66;0,1499;1;1;1;1;1;0;1;1;1;1
1561;Fensterheber;6Q4839462B;1;0,0023;1;0;1;1;1;0;1;1;1;0
1561;Fensterheber;6Q4839462E;30;0,0681;1;1;1;1;1;0;1;1;1;1
1561;Fensterheber;6R3837461;3;0,0068;1;0;1;1;1;0;0;1;1;0
1561;Fensterheber;6R3837461A;1;0,0023;1;1;1;1;1;1;1;1;1;1
1561;Fensterheber;6R3837461C;48;0,109;1;0;1;1;1;1;0;1;1;0
1561;Fensterheber;6R3837461K;23;0,0522;1;0;1;1;1;1;0;1;1;0
1561;Fensterheber;6R3837461L;25;0,0568;1;0;1;1;1;1;1;1;1;1
1561;Fensterheber;6R3837462;1;0,0023;1;0;1;1;1;0;0;1;1;0
1561;Fensterheber;6R3837462C;30;0,0681;1;0;1;1;1;1;0;1;1;0
1561;Fensterheber;6R3837462K;17;0,0386;1;0;1;1;0;1;0;1;0;0
1561;Fensterheber;6R3837462L;14;0,0318;1;0;1;1;1;1;1;1;1;1
1561;Fensterheber;6R4837461;1;0,0023;0;0;0;0;0;0;0;0;0;0
1561;Fensterheber;6R4837461C;16;0,0363;1;1;1;1;1;1;1;1;1;1
1561;Fensterheber;6R4837461D;283;0,6427;1;1;1;1;1;1;1;1;1;0
1561;Fensterheber;6R4837461G;2;0,0045;1;0;1;1;1;1;1;1;1;0
1561;Fensterheber;6R4837461J;1;0,0023;1;1;1;1;1;1;1;1;1;1
1561;Fensterheber;6R4837461L;78;0,1771;1;0;1;1;1;1;1;1;1;1
1561;Fensterheber;6R4837461N;123;0,2793;1;0;1;1;1;1;1;1;1;1
1561;Fensterheber;6R4837462C;18;0,0409;1;1;1;1;1;1;1;1;1;1
1561;Fensterheber;6R4837462D;224;0,5087;1;1;1;1;1;1;1;1;1;0
1561;Fensterheber;6R4837462J;1;0,0023;1;1;1;1;1;1;1;1;1;1
1561;Fensterheber;6R4837462L;36;0,0818;1;0;1;1;1;1;1;1;1;1
1561;Fensterheber;6R4837462N;76;0,1726;1;0;1;1;1;1;1;1;1;1
1561;Fensterheber;6R4839461C;1;0,0023;1;1;1;1;1;1;1;1;1;1
1561;Fensterheber;6R4839461E;29;0,0659;1;1;1;1;1;1;1;1;1;1
1561;Fensterheber;6R4839461G;8;0,0182;1;1;1;1;1;1;1;1;1;1
1561;Fensterheber;6R4839462C;3;0,0068;1;1;1;1;1;1;1;1;1;1
1561;Fensterheber;6R4839462E;23;0,0522;1;1;1;1;1;1;1;1;1;1
1561;Fensterheber;6R4839462G;14;0,0318;1;1;1;1;1;1;1;1;1;1
1561;Fensterheber;6U0837401;2;0,0045;0;0;0;0;0;0;0;1;1;1
1561;Fensterheber;6V0837461;23;0,0522;0;0;1;1;1;0;0;1;0;0
1561;Fensterheber;6V0837461A;44;0,0999;0;0;1;1;1;0;0;1;0;0
1561;Fensterheber;6V0837461B;13;0,0295;0;0;1;1;1;0;0;1;1;0
1561;Fensterheber;6V0837461C;69;0,1567;0;0;1;1;1;0;0;1;1;1
1561;Fensterheber;6V0837462;20;0,0454;0;0;1;1;1;0;0;1;0;0
1561;Fensterheber;6V0837462A;31;0,0704;0;0;1;1;1;0;0;0;0;0
1561;Fensterheber;6V0837462B;14;0,0318;0;0;1;1;1;0;0;0;1;0
1561;Fensterheber;6V0837462C;49;0,1113;0;0;1;1;1;0;0;0;1;1
1561;Fensterheber;6V0839461;3;0,0068;0;0;1;1;1;0;0;1;1;0
1561;Fensterheber;6V0839461A;1;0,0023;0;0;1;1;1;0;0;0;1;1
1561;Fensterheber;6V0839462;3;0,0068;0;0;1;1;1;0;0;1;1;1
1561;Fensterheber;6X0837461;1;0,0023;1;1;0;0;1;1;1;1;0;0
1561;Fensterheber;6X0837461A;10;0,0227;1;1;0;0;1;1;1;1;1;0
1561;Fensterheber;6X0837461C;36;0,0818;0;1;1;1;1;1;1;1;1;1
1561;Fensterheber;6X0837462;1;0,0023;1;1;0;0;1;1;1;1;0;0
1561;Fensterheber;6X0837462A;13;0,0295;1;1;0;0;1;1;1;1;1;0
1561;Fensterheber;6X0837462C;28;0,0636;0;1;1;1;1;1;1;1;1;1
1561;Fensterheber;6X0959801B;17;0,0386;1;1;1;0;1;0;0;1;0;0
1561;Fensterheber;6X0959802B;8;0,0182;1;1;0;0;1;0;0;1;0;0
1561;Fensterheber;6Y0837461;6;0,0136;1;0;0;0;1;1;0;1;1;0
1561;Fensterheber;6Y0837462;2;0,0045;1;0;0;0;1;1;0;1;1;0
1561;Fensterheber;6Y0837462A;1;0,0023;1;0;0;0;1;1;0;1;1;0
1561;Fensterheber;6Y0839461;1;0,0023;1;0;1;0;1;0;0;1;1;0
1561;Fensterheber;6Y0839462;1;0,0023;1;0;1;0;1;0;0;1;1;0
1561;Fensterheber;6Y0839462A;1;0,0023;0;0;0;0;1;0;0;0;1;0
1561;Fensterheber;6Y0839655;1;0,0023;0;0;0;0;0;0;0;0;0;1
1561;Fensterheber;6Y0839656;3;0,0068;0;0;0;0;0;0;0;0;0;1
1561;Fensterheber;6Y1837461;557;1,265;1;1;1;1;1;1;1;1;1;1
1561;Fensterheber;6Y1837461MG;2;0,0045;0;0;0;0;0;0;1;0;0;0
1561;Fensterheber;6Y1837462;393;0,8926;1;1;1;1;1;1;1;1;1;1
1561;Fensterheber;6Y1837462MG;7;0,0159;0;0;0;0;0;0;1;0;0;0
1561;Fensterheber;6Y2837461;1;0,0023;1;0;0;0;1;0;0;1;1;0
1561;Fensterheber;700440;1;0,0023;0;0;0;1;0;0;0;1;0;0
1561;Fensterheber;70134L;1;0,0023;1;0;0;0;1;0;1;0;0;1
1561;Fensterheber;701837461;3;0,0068;0;1;1;0;1;0;1;1;1;1
1561;Fensterheber;701837461A;10;0,0227;1;1;1;0;1;1;1;1;1;1
1561;Fensterheber;701837461B;14;0,0318;0;1;0;0;1;0;0;0;0;0
1561;Fensterheber;701837462;1;0,0023;0;1;1;0;1;0;1;1;1;1
1561;Fensterheber;701837462A;4;0,0091;1;1;1;0;1;1;1;1;1;1
1561;Fensterheber;701837462B;15;0,0341;0;1;0;0;1;0;0;0;0;0
1561;Fensterheber;701837501B;5;0,0114;0;1;1;1;1;0;0;1;0;1
1561;Fensterheber;701837501F;49;0,1113;0;1;1;1;1;1;1;1;0;0
1561;Fensterheber;701837502F;11;0,025;0;1;1;1;1;1;1;1;0;0
1561;Fensterheber;701959801;3;0,0068;0;1;1;0;1;0;0;1;1;1
1561;Fensterheber;701959802;3;0,0068;0;1;1;0;1;0;0;1;1;1
1561;Fensterheber;7023735;1;0,0023;0;0;0;0;0;0;0;0;0;0
1561;Fensterheber;7023736;1;0,0023;0;0;0;0;0;0;0;0;0;0
1561;Fensterheber;7030735;2;0,0045;0;0;0;0;0;0;0;0;0;0
1561;Fensterheber;7054735;1;0,0023;0;0;0;0;0;0;0;0;0;0
1561;Fensterheber;71365;1;0,0023;0;0;0;0;0;0;0;0;0;0
1561;Fensterheber;71366;2;0,0045;0;0;0;0;0;0;0;0;0;0
1561;Fensterheber;71367;5;0,0114;0;0;0;0;0;0;0;0;0;0
1561;Fensterheber;71368;9;0,0204;0;0;0;0;0;0;0;0;0;0
1561;Fensterheber;71369;6;0,0136;0;0;0;0;0;0;0;0;0;0
1561;Fensterheber;71370;4;0,0091;0;0;0;0;0;0;0;0;0;0
1561;Fensterheber;71371;1;0,0023;0;0;0;0;0;0;0;0;0;0
1561;Fensterheber;71372;2;0,0045;0;0;0;0;0;0;0;0;0;0
1561;Fensterheber;71373;5;0,0114;0;0;0;0;0;0;0;0;0;0
1561;Fensterheber;71374;5;0,0114;0;0;0;0;0;0;0;0;0;0
1561;Fensterheber;71379;1;0,0023;0;0;0;0;0;0;0;0;0;0
1561;Fensterheber;71380;1;0,0023;0;0;0;0;0;0;0;0;0;0
1561;Fensterheber;71416618;2;0,0045;0;0;0;0;0;0;0;0;0;0
1561;Fensterheber;71730233;1;0,0023;1;0;0;0;0;0;0;1;0;1
1561;Fensterheber;71732828;2;0,0045;1;1;1;0;1;0;0;1;1;1
1561;Fensterheber;71732829;14;0,0318;1;1;1;0;1;0;0;1;1;1
1561;Fensterheber;71734869;8;0,0182;1;1;1;0;1;0;1;1;1;1
1561;Fensterheber;71734870;6;0,0136;1;1;1;0;1;0;1;1;1;1
1561;Fensterheber;71740121;5;0,0114;1;1;1;0;1;0;1;1;1;1
1561;Fensterheber;71740122;2;0,0045;0;1;1;0;1;0;0;1;1;1
1561;Fensterheber;71740123;12;0,0273;1;1;1;0;1;0;1;1;1;1
1561;Fensterheber;71740124;9;0,0204;1;1;1;0;1;0;1;1;1;1
1561;Fensterheber;71740125;1;0,0023;0;1;1;0;0;0;0;1;1;1
1561;Fensterheber;71740175;38;0,0863;1;1;1;0;1;0;1;1;1;1
1561;Fensterheber;71740176;2;0,0045;0;1;1;0;0;0;0;0;0;1
1561;Fensterheber;71740177;1;0,0023;0;0;1;0;0;0;0;1;1;0
1561;Fensterheber;71740180;2;0,0045;0;0;0;0;0;0;0;0;0;0
1561;Fensterheber;71740198;5;0,0114;1;1;0;0;1;0;0;1;1;1
1561;Fensterheber;71740199;15;0,0341;1;1;0;0;1;0;0;1;1;1
1561;Fensterheber;71743448;1;0,0023;0;0;0;1;1;0;0;1;1;0
1561;Fensterheber;71743449;1;0,0023;1;1;0;1;1;0;0;1;0;1
1561;Fensterheber;71743450;1;0,0023;1;1;1;1;1;0;0;1;0;1
1561;Fensterheber;71750980;1;0,0023;1;1;1;1;1;0;0;1;1;1
1561;Fensterheber;71754403;2;0,0045;1;1;1;0;1;0;0;1;1;1
1561;Fensterheber;71754404;1;0,0023;1;1;1;0;1;0;0;1;1;1
1561;Fensterheber;71754406;1;0,0023;0;1;0;0;1;0;0;1;1;0
1561;Fensterheber;71754421;1;0,0023;0;1;1;0;1;0;0;1;1;1
1561;Fensterheber;71754432;2;0,0045;0;1;0;0;0;0;0;0;0;0
1561;Fensterheber;71767;1;0,0023;0;0;0;0;0;0;0;0;0;0
1561;Fensterheber;71768;1;0,0023;0;0;0;0;0;0;0;0;0;0
1561;Fensterheber;71769765;8;0,0182;1;1;1;0;1;0;1;1;1;1
1561;Fensterheber;71769766;7;0,0159;1;1;1;0;1;0;1;1;1;1
1561;Fensterheber;71770;1;0,0023;0;0;0;0;0;0;0;0;0;0
1561;Fensterheber;71772;2;0,0045;0;0;0;0;0;0;0;0;0;0
1561;Fensterheber;71776;1;0,0023;0;0;0;0;0;0;0;0;0;0
1561;Fensterheber;71777;11;0,025;0;0;0;0;0;0;0;0;0;0
1561;Fensterheber;71778;5;0,0114;0;0;0;0;0;0;0;0;0;0
1561;Fensterheber;71779;2;0,0045;0;0;0;0;0;0;0;0;0;0
1561;Fensterheber;71780;1;0,0023;0;0;0;0;0;0;0;0;0;0
1561;Fensterheber;71781;2;0,0045;0;0;0;0;0;0;0;0;0;0
1561;Fensterheber;71783;1;0,0023;0;0;0;0;0;0;0;0;0;0
1561;Fensterheber;71785;2;0,0045;0;0;0;0;0;0;0;0;0;0
1561;Fensterheber;71786;1;0,0023;0;0;0;0;0;0;0;0;0;0
1561;Fensterheber;71893;1;0,0023;0;0;0;0;0;0;0;0;0;0
1561;Fensterheber;71894;2;0,0045;0;0;0;0;0;0;0;0;0;0
1561;Fensterheber;71896;1;0,0023;0;0;0;0;0;0;0;0;0;0
1561;Fensterheber;71915;1;0,0023;0;0;0;0;0;0;0;0;0;0
1561;Fensterheber;71918;1;0,0023;0;0;0;0;0;0;0;0;0;0
1561;Fensterheber;71919;2;0,0045;0;0;0;0;0;0;0;0;0;0
1561;Fensterheber;71921;1;0,0023;0;0;0;0;0;0;0;0;0;0
1561;Fensterheber;71925;1;0,0023;0;0;0;0;0;0;0;0;0;0
1561;Fensterheber;71927;1;0,0023;0;0;0;0;0;0;0;0;0;0
1561;Fensterheber;71929;2;0,0045;0;0;0;0;0;0;0;0;0;0
1561;Fensterheber;71930;1;0,0023;0;0;0;0;0;0;0;0;0;0
1561;Fensterheber;71949;1;0,0023;0;0;0;0;0;0;0;0;0;0
1561;Fensterheber;71956;2;0,0045;0;0;0;0;0;0;0;0;0;0
1561;Fensterheber;71957;1;0,0023;0;0;0;0;0;0;0;0;0;0
1561;Fensterheber;71960;1;0,0023;0;0;0;0;0;0;0;0;0;0
1561;Fensterheber;71966;1;0,0023;0;0;0;0;0;0;0;0;0;0
1561;Fensterheber;7200039;1;0,0023;0;0;0;1;0;0;0;1;0;0
1561;Fensterheber;7200042;1;0,0023;0;0;0;1;0;0;0;1;0;0
1561;Fensterheber;7200059;1;0,0023;0;0;0;1;0;1;0;0;0;0
1561;Fensterheber;7200097;3;0,0068;0;0;0;1;0;0;0;0;0;0
1561;Fensterheber;7200132;1;0,0023;0;0;0;1;0;0;0;1;0;0
1561;Fensterheber;7200161;1;0,0023;0;0;0;1;0;0;0;0;0;0
1561;Fensterheber;7200163;1;0,0023;0;0;0;1;0;0;0;0;0;0
1561;Fensterheber;7200183;2;0,0045;0;0;0;1;0;1;0;0;0;0
1561;Fensterheber;7200189;2;0,0045;0;0;0;1;0;1;0;0;0;0
1561;Fensterheber;7200199;1;0,0023;0;0;0;1;0;0;0;0;0;0
1561;Fensterheber;7200216;5;0,0114;0;0;0;1;0;1;0;0;0;0
1561;Fensterheber;72210S04A02;2;0,0045;0;0;0;0;0;0;0;1;1;1
1561;Fensterheber;72210S5AG10;1;0,0023;0;0;0;0;1;0;0;0;1;0
1561;Fensterheber;72210SAAG01;1;0,0023;1;0;1;0;1;0;0;0;1;0
1561;Fensterheber;72210SMGE01;1;0,0023;1;1;1;0;1;0;0;1;1;0
1561;Fensterheber;72210SMRE01;1;0,0023;0;1;1;0;1;0;0;1;0;0
1561;Fensterheber;72210ST3G11;6;0,0136;1;1;0;0;1;0;0;1;1;1
1561;Fensterheber;72210TF0G01;6;0,0136;1;1;1;0;1;0;0;1;1;1
1561;Fensterheber;72211S03J01;2;0,0045;1;1;1;0;1;0;0;1;1;1
1561;Fensterheber;72211TR0A01;1;0,0023;1;1;0;0;1;0;0;0;0;0
1561;Fensterheber;72222142;2;0,0045;0;0;1;1;0;0;0;0;0;0
1561;Fensterheber;72232112;1;0,0023;0;0;1;1;0;0;1;0;0;0
1561;Fensterheber;72232113;1;0,0023;0;0;1;1;0;0;1;0;0;0
1561;Fensterheber;72250S04A01;1;0,0023;1;0;0;0;1;0;0;1;1;1
1561;Fensterheber;72250S5DA05;1;0,0023;0;1;0;0;1;0;0;0;0;1
1561;Fensterheber;72250S5SG02;1;0,0023;1;1;0;0;1;0;0;0;0;0
1561;Fensterheber;72250S9AA02;1;0,0023;1;1;0;0;1;0;0;1;0;1
1561;Fensterheber;72250SAAG01;2;0,0045;1;0;1;0;1;0;0;0;1;0
1561;Fensterheber;72250SAAJ02;1;0,0023;0;0;0;0;0;0;0;0;1;0
1561;Fensterheber;72250SAGH03;2;0,0045;1;0;1;0;0;0;0;0;0;0
1561;Fensterheber;72250SK3G13;1;0,0023;1;1;0;0;1;0;0;1;1;1
1561;Fensterheber;72250SMGE01;4;0,0091;1;1;1;0;1;0;0;1;1;0
1561;Fensterheber;72250ST3G11;6;0,0136;1;1;0;0;1;0;0;1;1;1
1561;Fensterheber;72250SWAA01;1;0,0023;1;1;0;0;1;0;0;1;0;0
1561;Fensterheber;72250TF0G01;2;0,0045;1;1;1;0;1;0;0;1;1;1
1561;Fensterheber;72251S03J01;2;0,0045;1;1;1;0;1;0;0;1;1;1
1561;Fensterheber;72251S10J01;5;0,0114;1;1;1;0;1;0;0;1;1;1
1561;Fensterheber;72251TR0A01;2;0,0045;1;1;0;0;1;0;0;0;0;0
1561;Fensterheber;72252131;2;0,0045;0;0;0;1;0;0;0;0;0;0
1561;Fensterheber;72252141;1;0,0023;0;0;0;1;0;0;0;0;0;0
1561;Fensterheber;7231109004;1;0,0023;1;1;0;0;0;0;0;1;1;1
1561;Fensterheber;72453;1;0,0023;0;0;1;1;0;0;0;0;0;0
1561;Fensterheber;72502111;1;0,0023;0;0;0;1;0;0;0;0;0;0
1561;Fensterheber;72502142;1;0,0023;0;0;0;1;0;0;0;0;0;0
1561;Fensterheber;72616;1;0,0023;0;0;1;0;0;0;0;0;0;0
1561;Fensterheber;72652111;1;0,0023;0;0;1;1;0;0;0;0;0;0
1561;Fensterheber;72672122;1;0,0023;0;0;1;1;0;0;0;0;0;0
1561;Fensterheber;72686;1;0,0023;0;0;1;1;0;0;0;0;0;0
1561;Fensterheber;72700;3;0,0068;0;0;1;1;0;0;0;0;0;0
1561;Fensterheber;72710ST3E11;1;0,0023;0;0;0;0;0;0;0;1;1;0
1561;Fensterheber;72715SW3505;1;0,0023;0;1;1;0;0;0;0;0;0;1
1561;Fensterheber;72720;3;0,0068;0;0;1;0;0;0;0;0;0;0
1561;Fensterheber;72721;2;0,0045;0;0;1;0;0;0;0;0;0;0
1561;Fensterheber;72752121;1;0,0023;0;0;1;1;0;0;1;0;0;0
1561;Fensterheber;72762111;1;0,0023;0;0;0;1;0;0;0;0;0;0
1561;Fensterheber;72762141;1;0,0023;0;0;0;1;0;0;0;0;0;0
1561;Fensterheber;72768;1;0,0023;0;0;0;0;0;1;1;0;0;0
1561;Fensterheber;7292120;1;0,0023;1;0;0;0;0;0;0;0;0;0
1561;Fensterheber;72972113;1;0,0023;0;0;0;1;0;0;0;0;0;0
1561;Fensterheber;7330004271;1;0,0023;0;0;0;0;0;0;0;0;0;0
1561;Fensterheber;73487350;1;0,0023;0;0;0;0;0;0;0;0;0;0
1561;Fensterheber;73887;1;0,0023;0;0;0;0;0;0;0;0;0;0
1561;Fensterheber;73902111;1;0,0023;0;0;0;0;0;0;0;0;0;0
1561;Fensterheber;73952111;2;0,0045;0;0;0;0;0;0;0;0;0;0
1561;Fensterheber;73952121;1;0,0023;0;0;0;0;0;0;0;0;0;0
1561;Fensterheber;73993484;1;0,0023;0;0;0;0;0;0;0;0;0;0
1561;Fensterheber;7412261;4;0,0091;1;0;1;1;0;0;0;0;0;0
1561;Fensterheber;7412262;3;0,0068;1;0;1;1;0;0;0;0;0;0
1561;Fensterheber;7413715;1;0,0023;0;0;0;0;0;0;0;0;0;0
1561;Fensterheber;7431262;3;0,0068;0;0;1;0;0;0;0;1;1;0
1561;Fensterheber;74317553;1;0,0023;0;0;0;0;0;0;0;0;0;0
1561;Fensterheber;74323;1;0,0023;0;0;0;0;0;0;0;0;0;0
1561;Fensterheber;74324;1;0,0023;0;0;0;0;0;0;0;0;0;0
1561;Fensterheber;7443735;3;0,0068;0;0;0;0;0;0;0;0;0;0
1561;Fensterheber;7443736;1;0,0023;0;0;0;0;0;0;0;0;0;0
1561;Fensterheber;7443796;1;0,0023;0;0;0;0;0;0;0;0;0;0
1561;Fensterheber;7452726;1;0,0023;0;0;0;0;0;0;0;0;0;0
1561;Fensterheber;7452731;1;0,0023;0;0;0;0;0;0;0;0;0;0
1561;Fensterheber;7452735;3;0,0068;0;0;0;0;0;0;0;0;0;0
1561;Fensterheber;7452736;2;0,0045;0;0;0;0;0;0;0;0;0;0
1561;Fensterheber;7452785;3;0,0068;0;0;0;0;0;0;0;0;0;0
1561;Fensterheber;7452786;1;0,0023;0;0;0;0;0;0;0;0;0;0
1561;Fensterheber;7454735;2;0,0045;0;0;0;0;0;0;0;0;0;0
1561;Fensterheber;7454736;1;0,0023;0;0;0;0;0;0;0;0;0;0
1561;Fensterheber;7468735;3;0,0068;0;0;0;0;0;0;0;0;0;0
1561;Fensterheber;7482497193;2;0,0045;1;1;0;0;1;1;0;1;1;1
1561;Fensterheber;7482497194;3;0,0068;1;1;0;0;1;1;0;1;1;0
1561;Fensterheber;7484561609;2;0,0045;1;0;0;0;0;1;0;0;0;1
1561;Fensterheber;7484561621;1;0,0023;0;0;0;0;0;1;0;0;0;0
1561;Fensterheber;75141801;2;0,0045;0;0;1;1;1;1;0;0;1;1
1561;Fensterheber;75151801;1;0,0023;0;0;0;1;1;1;1;0;1;0
1561;Fensterheber;75201803;1;0,0023;1;0;1;1;1;1;1;0;1;1
1561;Fensterheber;75211802;2;0,0045;0;0;1;1;0;0;1;1;0;0
1561;Fensterheber;75261902;1;0,0023;0;0;0;1;0;0;0;0;0;0
1561;Fensterheber;7606261;3;0,0068;1;0;1;1;0;0;0;1;1;0
1561;Fensterheber;7606262;2;0,0045;1;0;1;1;0;0;0;1;1;0
1561;Fensterheber;7611664;2;0,0045;1;1;1;0;1;0;0;1;1;1
1561;Fensterheber;7617261;10;0,0227;1;0;1;1;0;0;0;0;0;0
1561;Fensterheber;7617262;4;0,0091;1;0;1;1;0;0;0;0;0;0
1561;Fensterheber;7620261;21;0,0477;1;0;1;1;1;1;1;0;1;1
1561;Fensterheber;7620261VAN;1;0,0023;0;0;0;0;0;0;0;0;0;0
1561;Fensterheber;7620261VWA;1;0,0023;0;0;0;0;0;0;0;0;0;0
1561;Fensterheber;7620262;19;0,0432;1;0;1;1;1;1;1;0;1;1
1561;Fensterheber;7620262VAN;1;0,0023;0;0;0;0;0;0;0;0;0;0
1561;Fensterheber;7620264;1;0,0023;1;0;1;1;0;1;1;0;0;1
1561;Fensterheber;7620265;4;0,0091;1;0;1;1;1;1;1;0;1;1
1561;Fensterheber;7620266;5;0,0114;1;0;1;1;1;1;1;0;1;1
1561;Fensterheber;7620268;1;0,0023;1;0;1;1;0;1;1;0;0;1
1561;Fensterheber;7622261;3;0,0068;1;0;1;1;1;0;1;1;1;1
1561;Fensterheber;7622265;35;0,0795;1;0;1;1;1;0;0;1;0;0
1561;Fensterheber;7622265WEZEL;1;0,0023;0;0;0;0;0;0;0;0;0;0
1561;Fensterheber;7622266;25;0,0568;1;0;1;1;1;0;1;1;0;0
1561;Fensterheber;7622267;2;0,0045;1;0;1;1;1;0;1;1;0;0
1561;Fensterheber;7622268;3;0,0068;1;0;1;1;1;0;1;1;0;0
1561;Fensterheber;7624261;1;0,0023;0;0;1;1;0;1;0;0;1;0
1561;Fensterheber;7625261;48;0,109;1;0;1;1;1;1;1;0;1;1
1561;Fensterheber;7625262;39;0,0886;1;0;1;1;1;1;1;0;1;1
1561;Fensterheber;7625263;48;0,109;1;0;1;1;1;1;1;1;0;1
1561;Fensterheber;7625264;33;0,0749;1;0;1;1;1;1;1;1;0;1
1561;Fensterheber;7625264VWA;1;0,0023;0;0;0;0;0;0;0;0;0;0
1561;Fensterheber;7627261;4;0,0091;1;0;1;1;1;1;0;0;1;0
1561;Fensterheber;7627261VWA;2;0,0045;0;0;0;0;0;0;0;0;0;0
1561;Fensterheber;7627262;4;0,0091;1;0;1;1;1;1;1;0;1;0
1561;Fensterheber;7629261;11;0,025;0;0;1;1;0;0;0;0;0;1
1561;Fensterheber;7629262;17;0,0386;0;0;1;1;0;0;0;0;0;1
1561;Fensterheber;7638261;1;0,0023;0;0;1;1;0;1;0;0;0;0
1561;Fensterheber;7641261;5;0,0114;0;0;1;1;1;0;0;0;1;0
1561;Fensterheber;7641264;1;0,0023;0;0;1;0;0;0;0;0;1;0
1561;Fensterheber;7695160;1;0,0023;1;1;0;0;1;0;0;1;1;1
1561;Fensterheber;7700303543;4;0,0091;1;1;1;1;1;0;1;1;1;1
1561;Fensterheber;7700303553;1;0,0023;1;1;1;1;1;0;1;1;1;1
1561;Fensterheber;7700311818;1;0,0023;0;1;0;0;0;0;0;1;0;1
1561;Fensterheber;7700311820;70;0,159;1;1;1;1;1;0;1;1;1;1
1561;Fensterheber;7700311821;22;0,05;1;1;1;1;1;0;1;1;1;1
1561;Fensterheber;7700351293;2;0,0045;1;1;1;1;1;0;1;1;1;1
1561;Fensterheber;7700352494;4;0,0091;1;1;1;0;1;1;1;0;1;1
1561;Fensterheber;7700437155;3;0,0068;1;1;0;0;1;0;0;1;1;1
1561;Fensterheber;7700437156;1;0,0023;1;1;0;0;1;0;0;1;1;1
1561;Fensterheber;7700818266;2;0,0045;0;0;0;0;0;0;0;0;0;1
1561;Fensterheber;7700830596;3;0,0068;1;1;1;1;1;0;0;1;1;1
1561;Fensterheber;7700830597;6;0,0136;1;1;1;1;1;0;0;1;1;1
1561;Fensterheber;7700834342;1;0,0023;1;1;1;0;1;0;0;1;1;1
1561;Fensterheber;7700834346;2;0,0045;1;1;1;1;1;0;1;1;1;1
1561;Fensterheber;7700834347;27;0,0613;1;1;1;1;1;0;1;1;1;1
1561;Fensterheber;7700834394;1;0,0023;1;1;1;0;1;0;0;1;1;1
1561;Fensterheber;7700838591;7;0,0159;1;1;1;1;1;0;1;1;1;1
1561;Fensterheber;7700838592;7;0,0159;1;1;1;1;1;0;1;1;1;1
1561;Fensterheber;7700842240;8;0,0182;1;1;1;1;1;0;1;1;1;1
1561;Fensterheber;7700842241;20;0,0454;1;1;1;1;1;0;1;1;1;1
1561;Fensterheber;7700842245;1;0,0023;0;1;1;0;1;0;0;1;1;1
1561;Fensterheber;7700842246;31;0,0704;1;1;1;0;1;0;1;1;1;1
1561;Fensterheber;7700842247;61;0,1385;1;1;1;1;1;0;1;1;1;1
1561;Fensterheber;7701039845;1;0,0023;1;1;0;0;1;0;0;1;1;1
1561;Fensterheber;7701207254;35;0,0795;1;1;1;1;1;0;1;1;1;1
1561;Fensterheber;7701207255;58;0,1317;1;1;1;1;1;0;1;1;1;1
1561;Fensterheber;7701367867;1;0,0023;1;1;0;0;1;0;0;1;1;1
1561;Fensterheber;7701378239;2;0,0045;1;1;0;0;0;0;1;1;0;1
1561;Fensterheber;7701378240;5;0,0114;1;1;0;1;0;0;1;1;0;1
1561;Fensterheber;770138;1;0,0023;0;0;0;0;0;0;0;0;0;0
1561;Fensterheber;77324880;1;0,0023;1;1;0;0;1;0;0;0;0;0
1561;Fensterheber;7770258;1;0,0023;1;1;0;0;1;0;0;1;1;1
1561;Fensterheber;7774246;1;0,0023;1;1;0;0;1;0;0;1;1;1
1561;Fensterheber;7774247;2;0,0045;1;1;0;0;1;0;0;1;1;1
1561;Fensterheber;7775575;24;0,0545;0;0;0;0;0;0;0;0;0;0
1561;Fensterheber;783275;1;0,0023;0;0;0;0;0;0;0;0;0;0
1561;Fensterheber;78721629;1;0,0023;0;0;0;0;0;0;0;0;0;0
1561;Fensterheber;7C0837461A;1;0,0023;0;0;0;0;0;0;0;0;1;1
1561;Fensterheber;7D0959801C;4;0,0091;0;0;0;0;0;0;0;0;0;0
1561;Fensterheber;7E0837753D;2;0,0045;0;0;0;0;0;0;0;0;0;0
1561;Fensterheber;7E0837753E;2;0,0045;0;0;0;0;0;0;0;0;0;0
1561;Fensterheber;7E0837754D;3;0,0068;0;0;0;0;0;0;0;0;0;0
1561;Fensterheber;7E0837754E;3;0,0068;0;0;0;0;0;0;0;0;0;0
1561;Fensterheber;7H0837729;4;0,0091;0;0;0;0;0;0;0;0;0;0
1561;Fensterheber;7H0837729BA;27;0,0613;0;0;0;0;0;0;0;0;0;0
1561;Fensterheber;7H0837730BA;4;0,0091;0;0;0;0;0;0;0;0;0;0
1561;Fensterheber;7H0837753;3;0,0068;0;0;1;0;1;1;0;0;0;0
1561;Fensterheber;7H0837753B;4;0,0091;1;1;1;1;1;1;1;1;1;1
1561;Fensterheber;7H0837753C;116;0,2635;1;1;1;1;1;1;1;1;1;1
1561;Fensterheber;7H0837754;2;0,0045;0;0;1;0;1;1;0;0;0;0
1561;Fensterheber;7H0837754B;3;0,0068;1;1;1;1;1;1;1;1;1;1
1561;Fensterheber;7H0837754C;81;0,184;1;1;1;1;1;1;1;1;1;1
1561;Fensterheber;7L0837461;1;0,0023;0;1;0;0;0;0;0;0;0;0
1561;Fensterheber;7L0837461A;2;0,0045;0;0;0;1;1;1;0;0;1;0
1561;Fensterheber;7L0837461F;47;0,1067;1;1;1;1;1;1;1;1;1;1
1561;Fensterheber;7L0837462A;1;0,0023;0;0;0;1;1;1;0;0;1;0
1561;Fensterheber;7L0837462F;59;0,134;1;1;1;1;1;1;1;1;1;1
1561;Fensterheber;7L0839461D;6;0,0136;1;1;1;1;1;0;1;1;1;1
1561;Fensterheber;7L0839462D;14;0,0318;1;1;1;1;1;0;1;1;1;1
1561;Fensterheber;7M0498203A;1;0,0023;0;0;0;0;0;0;0;0;0;0
1561;Fensterheber;7M0837461;34;0,0772;0;1;1;1;1;1;1;1;1;1
1561;Fensterheber;7M0837461A;3;0,0068;1;1;0;1;1;0;1;1;1;1
1561;Fensterheber;7M0837462;30;0,0681;0;1;1;1;1;1;1;1;1;1
1561;Fensterheber;7M0837462A;4;0,0091;1;1;0;1;1;0;1;1;1;1
1561;Fensterheber;7M0839461;3;0,0068;0;1;1;0;0;0;0;1;0;1
1561;Fensterheber;7M0839462;1;0,0023;0;1;1;0;0;0;0;1;0;1
1561;Fensterheber;7M3959812;1;0,0023;0;0;0;0;0;0;0;0;0;0
1561;Fensterheber;7N0837461D;2;0,0045;1;0;1;1;1;1;0;1;1;0
1561;Fensterheber;7N0837461J;324;0,7358;1;0;1;1;1;1;0;1;1;1
1561;Fensterheber;7N0837462;6;0,0136;1;1;0;0;1;0;1;1;1;0
1561;Fensterheber;7N0837462D;8;0,0182;1;0;1;1;1;1;0;1;1;0
1561;Fensterheber;7N0837462F;4;0,0091;1;0;1;1;1;1;0;1;1;0
1561;Fensterheber;7N0837462H;1;0,0023;0;0;1;1;1;1;0;0;0;0
1561;Fensterheber;7N0837462J;433;0,9834;0;0;1;1;1;1;0;0;0;1
1561;Fensterheber;7N0839461;1;0,0023;0;1;0;0;1;1;0;1;1;1
1561;Fensterheber;7N0843699C;1;0,0023;0;0;1;1;0;1;0;1;1;0
1561;Fensterheber;7N0843699D;1;0,0023;0;0;1;1;0;1;0;1;1;0
1561;Fensterheber;7N0843699E;1;0,0023;0;0;1;1;0;1;0;1;1;0
1561;Fensterheber;7N0843699F;83;0,1885;0;0;1;1;0;1;0;1;1;0
1561;Fensterheber;7N0843700C;2;0,0045;0;0;1;1;0;1;0;0;1;0
1561;Fensterheber;7N0843700F;35;0,0795;0;0;1;1;0;1;0;1;1;0
1561;Fensterheber;7P6837461B;3;0,0068;0;1;1;0;1;1;0;1;0;1
1561;Fensterheber;7P6839461A;2;0,0045;0;1;1;0;0;1;0;0;0;1
1561;Fensterheber;7S71A23201BL;1;0,0023;1;1;0;1;1;0;1;1;1;1
1561;Fensterheber;7S71A27009AA;1;0,0023;1;0;1;0;0;0;0;0;0;0
1561;Fensterheber;8001063303390;1;0,0023;0;0;0;0;0;0;0;0;0;0
1561;Fensterheber;8001063625744;1;0,0023;0;0;0;0;0;0;0;0;0;0
1561;Fensterheber;8001063733517;1;0,0023;0;0;0;0;0;0;0;0;0;0
1561;Fensterheber;800502;1;0,0023;0;0;0;0;0;0;0;0;0;0
1561;Fensterheber;80171202;1;0,0023;0;0;0;0;0;0;0;0;0;0
1561;Fensterheber;8044736;2;0,0045;0;0;0;0;0;0;0;0;0;0
1561;Fensterheber;8044786;1;0,0023;0;0;0;0;0;0;0;0;0;0
1561;Fensterheber;8050507930746;1;0,0023;0;0;0;0;0;0;0;0;0;0
1561;Fensterheber;8052744054698;1;0,0023;0;0;0;0;0;0;0;0;0;0
1561;Fensterheber;8056304618290;1;0,0023;0;0;0;0;0;0;0;0;0;0
1561;Fensterheber;8058772042409;1;0,0023;0;0;0;0;0;0;0;0;0;0
1561;Fensterheber;8058772047510;1;0,0023;0;0;0;0;0;0;0;0;0;0
1561;Fensterheber;8058772048579;1;0,0023;0;0;0;0;0;0;0;0;0;0
1561;Fensterheber;8058772049071;1;0,0023;0;0;0;0;0;0;0;0;0;0
1561;Fensterheber;8058772049262;1;0,0023;0;0;0;0;0;0;0;0;0;0
1561;Fensterheber;8070000QAL;5;0,0114;0;1;1;0;1;0;1;1;1;1
1561;Fensterheber;807000F005;1;0,0023;0;0;0;0;1;0;0;1;1;1
1561;Fensterheber;807000T010;1;0,0023;1;1;0;0;1;0;0;1;1;1
1561;Fensterheber;807001363R;1;0,0023;1;1;1;1;1;0;0;1;1;0
1561;Fensterheber;807002X005;4;0,0091;1;1;1;0;1;0;0;1;1;0
1561;Fensterheber;807004EA1D;1;0,0023;1;1;1;0;0;0;0;0;1;1
1561;Fensterheber;807009X60A;1;0,0023;1;0;0;0;1;0;0;1;1;1
1561;Fensterheber;80700AX120;1;0,0023;0;0;0;0;1;0;0;1;1;0
1561;Fensterheber;8070100Q0H;4;0,0091;0;1;1;0;1;0;0;1;1;1
1561;Fensterheber;8070100QAL;3;0,0068;0;1;1;0;1;0;1;1;1;1
1561;Fensterheber;807010F010;2;0,0045;0;1;1;0;1;0;0;1;1;1
1561;Fensterheber;807012F000;1;0,0023;1;1;1;0;1;0;0;1;1;1
1561;Fensterheber;807012X000;3;0,0068;1;0;1;0;1;0;0;1;0;1
1561;Fensterheber;807012X005;3;0,0068;1;1;1;0;1;0;0;1;1;1
1561;Fensterheber;807014A00K;1;0,0023;1;0;0;0;0;0;0;1;1;1
1561;Fensterheber;807014EA0A;1;0,0023;1;1;1;0;0;0;0;0;0;1
1561;Fensterheber;807014EA0C;1;0,0023;1;1;1;0;1;0;0;1;1;1
1561;Fensterheber;807014EA3C;1;0,0023;1;1;1;0;1;0;0;1;1;1
1561;Fensterheber;807015F600;1;0,0023;1;1;1;0;1;0;0;1;1;1
1561;Fensterheber;807016525R;2;0,0045;0;0;1;1;1;0;0;1;1;1
1561;Fensterheber;807018534R;1;0,0023;1;0;0;1;0;0;0;1;1;0
1561;Fensterheber;807018F300;1;0,0023;1;1;1;0;1;0;0;1;1;0
1561;Fensterheber;807019U100;1;0,0023;1;0;0;0;1;0;0;1;1;1
1561;Fensterheber;807019X60A;1;0,0023;1;0;0;0;1;0;0;1;1;1
1561;Fensterheber;80701AX100;1;0,0023;0;0;0;0;1;0;0;1;1;0
1561;Fensterheber;80701AX615;1;0,0023;1;0;0;0;1;0;0;1;1;0
1561;Fensterheber;80701AX620;1;0,0023;1;1;1;0;1;0;0;1;1;1
1561;Fensterheber;80701BC400;1;0,0023;1;0;1;0;1;0;0;1;1;0
1561;Fensterheber;80701BM705;1;0,0023;1;1;0;0;1;0;0;1;1;1
1561;Fensterheber;80701EB300;3;0,0068;1;1;1;0;1;0;0;1;1;0
1561;Fensterheber;80701EB30B;1;0,0023;0;0;1;0;1;0;0;1;1;0
1561;Fensterheber;807200001R;18;0,0409;1;1;1;1;1;0;1;1;1;1
1561;Fensterheber;807200007R;6;0,0136;1;1;1;1;1;0;1;1;1;1
1561;Fensterheber;807200008R;13;0,0295;1;0;1;1;1;0;0;1;1;1
1561;Fensterheber;807200713R;2;0,0045;0;0;1;1;0;0;0;1;1;1
1561;Fensterheber;807200M016;1;0,0023;0;0;0;0;1;0;0;1;1;0
1561;Fensterheber;807200M017;1;0,0023;1;1;0;0;1;0;0;1;1;1
1561;Fensterheber;807201941R;2;0,0045;0;0;0;0;1;0;0;0;0;0
1561;Fensterheber;807201952R;2;0,0045;0;0;1;0;0;0;0;0;1;1
1561;Fensterheber;807201HB0A;3;0,0068;1;0;1;1;1;0;0;1;1;1
1561;Fensterheber;807201KA0A;2;0,0045;1;1;1;0;1;0;0;1;1;0
1561;Fensterheber;807202S410;1;0,0023;0;1;0;0;1;0;0;1;1;0
1561;Fensterheber;807203154R;41;0,0931;1;1;1;1;1;0;1;1;1;1
1561;Fensterheber;807205115R;27;0,0613;1;1;1;1;1;0;1;0;1;1
1561;Fensterheber;807205569R;4;0,0091;1;1;1;1;1;0;0;1;1;1
1561;Fensterheber;807207012R;2;0,0045;1;0;1;1;1;0;0;1;1;1
1561;Fensterheber;807207736R;1;0,0023;0;1;0;0;1;0;1;1;1;1
1561;Fensterheber;807208353R;2;0,0045;1;0;1;0;1;0;0;1;1;1
1561;Fensterheber;807208H300;1;0,0023;1;1;0;0;1;0;0;1;1;1
1561;Fensterheber;807209071R;2;0,0045;1;1;0;0;1;0;0;1;1;1
1561;Fensterheber;807209299R;2;0,0045;1;1;1;1;1;0;0;1;1;1
1561;Fensterheber;807210002;1;0,0023;0;0;0;0;1;0;0;0;1;0
1561;Fensterheber;807210002R;19;0,0432;1;1;1;1;1;0;1;1;1;1
1561;Fensterheber;807210007R;21;0,0477;1;1;1;1;1;0;1;1;1;1
1561;Fensterheber;807210008R;33;0,0749;1;0;1;1;1;0;0;1;1;1
1561;Fensterheber;807210014R;5;0,0114;0;0;0;0;0;0;0;0;0;0
1561;Fensterheber;807210272R;1;0,0023;0;0;1;0;0;0;0;0;1;0
1561;Fensterheber;807210M016;1;0,0023;0;0;0;0;1;0;0;1;1;0
1561;Fensterheber;807211404R;2;0,0045;0;1;0;0;0;0;0;1;0;1
1561;Fensterheber;807211440R;5;0,0114;0;1;0;1;1;0;0;1;0;1
1561;Fensterheber;807211KA0A;10;0,0227;1;1;1;0;1;0;0;1;1;1
1561;Fensterheber;807211KA0C;12;0,0273;1;0;1;0;1;0;0;1;1;1
1561;Fensterheber;807212230R;1;0,0023;1;1;1;0;1;0;0;1;1;1
1561;Fensterheber;807212569R;43;0,0977;1;1;1;1;1;0;1;1;1;1
1561;Fensterheber;807213282R;2;0,0045;1;1;1;0;1;0;0;1;1;1
1561;Fensterheber;807213441R;5;0,0114;1;1;1;1;1;0;0;1;1;1
1561;Fensterheber;807213867R;5;0,0114;1;1;1;0;1;0;0;1;1;1
1561;Fensterheber;807213915R;2;0,0045;1;1;0;0;1;0;0;1;1;1
1561;Fensterheber;807214480R;1;0,0023;0;0;0;0;0;0;0;0;0;0
1561;Fensterheber;807215092R;1;0,0023;1;0;1;0;1;0;0;1;1;1
1561;Fensterheber;807216280R;3;0,0068;1;0;1;0;1;0;0;1;1;0
1561;Fensterheber;807216718R;74;0,1681;1;1;1;1;1;0;1;1;1;1
1561;Fensterheber;807217929R;3;0,0068;0;0;0;0;1;0;0;0;0;1
1561;Fensterheber;807218884R;1;0,0023;0;0;0;0;0;0;0;1;1;0
1561;Fensterheber;807218H300;1;0,0023;1;1;0;0;1;0;0;1;1;1
1561;Fensterheber;807219093R;2;0,0045;0;1;0;0;1;0;1;1;1;1
1561;Fensterheber;807219302R;1;0,0023;0;0;0;1;1;0;0;0;0;0
1561;Fensterheber;80721JX00B;1;0,0023;1;1;0;0;1;0;0;1;1;1
1561;Fensterheber;80721JY00C;1;0,0023;0;1;0;0;1;0;1;1;1;1
1561;Fensterheber;80721VJ200;6;0,0136;0;1;0;0;1;0;0;1;1;0
1561;Fensterheber;807300M007;1;0,0023;0;0;0;0;1;0;0;1;1;0
1561;Fensterheber;807304CA1A;1;0,0023;0;0;0;0;0;0;0;1;0;0
1561;Fensterheber;80730JX30C;1;0,0023;0;0;0;0;1;0;0;1;1;0
1561;Fensterheber;807310M007;1;0,0023;0;0;0;0;1;0;0;1;1;0
1561;Fensterheber;80731JX30B;1;0,0023;0;0;0;0;0;0;0;1;1;0
1561;Fensterheber;80731JX30C;7;0,0159;0;0;0;0;0;0;0;1;1;0
1561;Fensterheber;80731VJ200;1;0,0023;0;0;0;0;1;0;0;1;1;0
1561;Fensterheber;80731VJ201;1;0,0023;0;0;0;0;1;0;0;1;1;0
1561;Fensterheber;80770AV600;2;0,0045;0;0;1;1;1;0;0;1;1;0
1561;Fensterheber;80770AV601;2;0,0045;1;1;1;1;1;0;0;1;1;1
1561;Fensterheber;80770BA200;1;0,0023;0;0;1;1;1;0;0;1;1;0
1561;Fensterheber;80770BA20C;1;0,0023;1;1;1;1;1;0;0;1;1;1
1561;Fensterheber;80770JD000;1;0,0023;1;1;0;0;1;0;0;1;1;0
1561;Fensterheber;80770JD00A;5;0,0114;1;1;1;1;1;0;0;1;1;1
1561;Fensterheber;80771AV611;2;0,0045;1;1;1;1;1;0;0;1;1;1
1561;Fensterheber;80771BA200;3;0,0068;0;0;1;1;1;0;0;1;1;0
1561;Fensterheber;80771BA20C;2;0,0045;1;1;1;1;1;0;0;1;1;1
1561;Fensterheber;80771EY10A;4;0,0091;1;0;0;1;0;0;0;1;0;0
1561;Fensterheber;80771JD000;27;0,0613;1;1;1;1;1;0;0;1;1;1
1561;Fensterheber;80771JD20A;7;0,0159;1;1;1;1;1;0;0;1;1;1
1561;Fensterheber;80A837461B;1;0,0023;0;0;0;0;1;0;0;0;0;0
1561;Fensterheber;8105262;1;0,0023;1;0;1;0;1;0;0;1;1;1
1561;Fensterheber;81626406056;1;0,0023;0;0;0;0;0;1;0;1;0;0
1561;Fensterheber;81626406057;2;0,0045;0;0;0;0;0;1;0;0;0;0
1561;Fensterheber;81626456023;1;0,0023;0;0;0;0;0;0;0;0;0;1
1561;Fensterheber;81626456027;1;0,0023;0;0;0;0;1;0;0;0;0;0
1561;Fensterheber;81626456053;1;0,0023;1;1;0;0;1;0;0;0;1;1
1561;Fensterheber;81626456054;2;0,0045;1;1;0;0;1;0;0;1;1;1
1561;Fensterheber;81626456055;4;0,0091;1;1;0;0;1;0;0;1;1;1
1561;Fensterheber;8196037;1;0,0023;0;0;0;0;0;0;0;0;0;0
1561;Fensterheber;81A837461;4;0,0091;0;0;1;1;1;0;0;1;1;1
1561;Fensterheber;8200000557;1;0,0023;1;1;1;0;1;0;0;1;1;1
1561;Fensterheber;8200000937;12;0,0273;1;1;1;1;1;0;1;1;1;1
1561;Fensterheber;8200000937MG;2;0,0045;0;0;0;0;0;0;1;0;0;0
1561;Fensterheber;8200000938;5;0,0114;1;1;1;1;1;0;1;1;0;0
1561;Fensterheber;8200007660;1;0,0023;1;0;0;0;1;0;0;1;1;0
1561;Fensterheber;8200008329;1;0,0023;1;1;1;0;0;0;0;1;1;1
1561;Fensterheber;8200008330;1;0,0023;1;1;1;0;1;0;0;1;1;1
1561;Fensterheber;8200017893;9;0,0204;1;1;1;1;1;0;1;1;1;1
1561;Fensterheber;8200017894;5;0,0114;1;1;1;1;1;0;1;1;1;1
1561;Fensterheber;8200017903;13;0,0295;1;1;1;1;1;0;1;1;1;1
1561;Fensterheber;8200017904;5;0,0114;1;1;1;1;1;0;1;1;1;1
1561;Fensterheber;8200017905;2;0,0045;0;0;1;0;1;0;0;1;1;0
1561;Fensterheber;8200017909;2;0,0045;1;1;1;0;1;0;0;1;1;1
1561;Fensterheber;8200017910;3;0,0068;1;1;1;0;1;0;0;1;1;1
1561;Fensterheber;8200028070;4;0,0091;1;1;1;0;1;0;0;1;1;1
1561;Fensterheber;8200044416;1;0,0023;1;1;0;0;1;0;0;1;1;0
1561;Fensterheber;8200044417;1;0,0023;1;1;0;0;1;0;0;1;1;0
1561;Fensterheber;8200051779;37;0,084;1;1;1;1;1;0;0;1;1;1
1561;Fensterheber;8200051780;20;0,0454;1;1;1;1;1;0;0;1;1;1
1561;Fensterheber;8200075938;8;0,0182;1;1;1;1;1;0;0;1;1;1
1561;Fensterheber;8200075940;7;0,0159;1;1;1;1;1;0;0;1;1;1
1561;Fensterheber;8200076022;2;0,0045;1;1;1;0;1;0;0;0;1;1
1561;Fensterheber;8200085841;2;0,0045;1;1;0;0;1;0;0;1;1;1
1561;Fensterheber;8200098915;1;0,0023;0;0;1;0;1;0;0;1;1;0
1561;Fensterheber;8200099044;1;0,0023;1;0;0;0;0;0;0;0;1;0
1561;Fensterheber;8200118856;4;0,0091;1;1;1;0;1;0;1;1;1;1
1561;Fensterheber;8200118857;1;0,0023;1;1;1;0;1;0;1;1;1;1
1561;Fensterheber;8200162708;7;0,0159;1;1;1;0;1;1;1;1;1;1
1561;Fensterheber;8200162710;2;0,0045;1;1;1;0;1;1;1;1;1;1
1561;Fensterheber;8200188551;1;0,0023;1;1;0;0;1;0;1;1;1;1
1561;Fensterheber;8200188553;5;0,0114;1;1;0;0;1;0;1;1;1;1
1561;Fensterheber;8200219260;1;0,0023;1;1;1;0;1;0;0;1;1;1
1561;Fensterheber;8200277577;1;0,0023;0;1;0;1;1;0;0;1;1;1
1561;Fensterheber;8200277578;5;0,0114;1;1;1;1;1;0;0;1;1;1
1561;Fensterheber;820029114;1;0,0023;0;0;0;0;0;0;0;1;1;0
1561;Fensterheber;8200291145;3;0,0068;1;1;1;0;1;0;0;1;1;1
1561;Fensterheber;8200291147;13;0,0295;1;1;1;0;1;0;0;1;1;1
1561;Fensterheber;8200291148;6;0,0136;1;1;1;1;1;0;0;1;1;1
1561;Fensterheber;8200291151;2;0,0045;1;1;1;1;1;0;0;1;1;1
1561;Fensterheber;8200291154;2;0,0045;0;0;0;0;0;0;0;1;0;0
1561;Fensterheber;8200297443;1;0,0023;1;1;1;0;1;0;0;1;1;1
1561;Fensterheber;8200305720;11;0,025;1;1;1;0;1;0;0;1;1;1
1561;Fensterheber;8200305721;10;0,0227;1;1;1;0;1;0;0;1;1;1
1561;Fensterheber;8200305724;12;0,0273;0;0;1;0;1;0;0;1;1;0
1561;Fensterheber;8200305725;16;0,0363;0;0;1;0;1;0;0;1;1;1
1561;Fensterheber;8200325135;14;0,0318;1;1;1;1;1;0;1;1;1;1
1561;Fensterheber;8200325136;17;0,0386;1;1;1;1;1;0;1;1;1;1
1561;Fensterheber;8200325137;1;0,0023;1;1;1;0;1;0;0;1;1;1
1561;Fensterheber;8200384741;2;0,0045;1;1;1;1;1;0;0;1;1;1
1561;Fensterheber;8200384743;3;0,0068;1;1;1;1;1;0;0;1;1;1
1561;Fensterheber;8200403242;1;0,0023;0;1;1;0;1;0;0;1;1;0
1561;Fensterheber;8200424422;41;0,0931;1;0;1;1;1;0;1;1;1;1
1561;Fensterheber;8200424423;77;0,1749;1;0;1;1;1;0;1;1;1;1
1561;Fensterheber;8200467967;6;0,0136;1;1;0;0;1;1;0;0;1;1
1561;Fensterheber;8200467971;6;0,0136;1;1;0;0;0;1;0;0;1;1
1561;Fensterheber;8200478622;1;0,0023;1;1;0;1;1;0;0;1;1;1
1561;Fensterheber;8200485195;13;0,0295;1;1;1;0;1;0;1;1;1;1
1561;Fensterheber;8200485201;4;0,0091;1;1;1;0;1;0;0;0;1;1
1561;Fensterheber;8200485202;1;0,0023;1;1;1;0;1;0;0;1;1;1
1561;Fensterheber;8200485233;3;0,0068;1;1;1;0;1;0;0;1;1;1
1561;Fensterheber;8200497568;1;0,0023;1;1;1;1;1;0;0;1;1;0
1561;Fensterheber;8200497601;1;0,0023;1;1;1;1;1;0;0;1;1;1
1561;Fensterheber;8200628747;2;0,0045;1;1;0;0;1;0;0;1;1;1
1561;Fensterheber;8200646836;1;0,0023;1;1;0;0;1;0;1;1;1;1
1561;Fensterheber;8200646841;1;0,0023;1;1;0;1;1;0;0;1;1;1
1561;Fensterheber;8200718;3;0,0068;0;0;0;0;0;0;0;0;0;0
1561;Fensterheber;8200722832;40;0,0908;1;1;1;1;1;0;1;1;1;0
1561;Fensterheber;8200722834;9;0,0204;1;1;1;1;1;0;1;1;1;0
1561;Fensterheber;8200733828;4;0,0091;1;1;1;0;1;0;0;1;1;1
1561;Fensterheber;8200733829;4;0,0091;1;1;1;0;1;0;0;1;1;1
1561;Fensterheber;8200733832;1;0,0023;1;0;1;0;0;0;0;1;1;0
1561;Fensterheber;8200748375;11;0,025;1;1;1;1;1;0;0;1;1;1
1561;Fensterheber;8200748377;16;0,0363;1;1;1;0;1;0;1;1;1;1
1561;Fensterheber;8200748379;10;0,0227;1;1;0;0;0;0;1;1;1;1
1561;Fensterheber;8200748381;10;0,0227;1;1;1;1;1;0;0;1;1;1
1561;Fensterheber;8200801329;2;0,0045;1;1;1;0;1;0;0;1;1;1
1561;Fensterheber;8200801330;4;0,0091;1;1;1;0;1;0;0;1;1;1
1561;Fensterheber;8200826165;5;0,0114;1;1;1;0;1;0;0;1;1;1
1561;Fensterheber;8200826167;7;0,0159;1;1;1;0;1;0;0;1;1;1
1561;Fensterheber;8200826169;20;0,0454;1;1;1;1;1;0;0;1;1;1
1561;Fensterheber;8200826173;1;0,0023;1;1;1;1;1;0;0;1;1;1
1561;Fensterheber;8200843592;22;0,05;1;1;1;1;1;0;0;1;1;1
1561;Fensterheber;8200843597;3;0,0068;1;1;1;1;1;0;0;1;1;1
1561;Fensterheber;8200901099;2;0,0045;1;0;1;1;1;0;0;0;1;0
1561;Fensterheber;8200901102;1;0,0023;1;1;1;1;1;0;0;1;1;1
1561;Fensterheber;8200901104;1;0,0023;1;1;0;0;1;0;0;1;1;1
1561;Fensterheber;8201010921;7;0,0159;1;1;1;0;1;0;0;1;1;1
1561;Fensterheber;8201010924;16;0,0363;1;1;1;0;1;0;0;1;1;1
1561;Fensterheber;8201010925;80;0,1817;1;1;1;1;1;0;1;1;1;1
1561;Fensterheber;8201010926;142;0,3225;1;1;1;1;1;0;1;1;1;1
1561;Fensterheber;8201010927;3;0,0068;1;1;1;0;1;0;1;1;1;1
1561;Fensterheber;8201010929;11;0,025;1;1;1;1;1;0;1;1;1;1
1561;Fensterheber;8201010930;23;0,0522;1;1;1;0;1;0;0;1;1;1
1561;Fensterheber;8201010931;15;0,0341;1;1;1;0;1;0;0;1;1;1
1561;Fensterheber;8201010932;2;0,0045;1;1;0;0;0;0;0;0;1;0
1561;Fensterheber;8201010933;2;0,0045;1;1;0;0;0;0;0;0;1;0
1561;Fensterheber;8201010934;6;0,0136;1;1;1;0;1;0;1;1;1;1
1561;Fensterheber;8201010935;5;0,0114;1;1;1;0;1;0;1;1;1;1
1561;Fensterheber;8201010936;12;0,0273;1;1;1;1;1;0;0;1;1;1
1561;Fensterheber;8201010937;10;0,0227;1;1;1;1;1;0;0;1;1;1
1561;Fensterheber;8201264500;2;0,0045;1;1;0;1;1;0;1;1;1;1
1561;Fensterheber;8204179;1;0,0023;1;0;0;0;0;0;0;0;0;0
1561;Fensterheber;8207261;14;0,0318;1;0;1;1;1;0;0;1;1;1
1561;Fensterheber;8207262;3;0,0068;1;0;1;1;1;0;0;1;1;1
1561;Fensterheber;8208267;1;0,0023;1;0;1;1;0;0;0;0;1;0
1561;Fensterheber;824010B010;3;0,0068;1;1;0;0;1;0;0;0;0;0
1561;Fensterheber;824011P000;3;0,0068;1;1;0;0;1;0;0;1;1;0
1561;Fensterheber;824011W010;1;0,0023;0;1;0;0;0;0;0;1;0;1
1561;Fensterheber;824011Y010;3;0,0068;1;1;1;0;1;0;0;1;1;1
1561;Fensterheber;824011Y020;4;0,0091;1;0;0;0;0;0;0;0;0;0
1561;Fensterheber;824011Y310;1;0,0023;1;0;0;0;1;0;0;1;1;0
1561;Fensterheber;824012Y000;1;0,0023;1;1;1;0;1;0;0;1;1;0
1561;Fensterheber;82401300;1;0,0023;0;0;0;0;0;0;0;1;0;0
1561;Fensterheber;824013E002;3;0,0068;0;1;0;0;0;0;0;1;1;1
1561;Fensterheber;824014A010;1;0,0023;0;1;0;0;0;0;0;1;1;1
1561;Fensterheber;8240207010;1;0,0023;1;1;0;0;1;0;0;1;0;1
1561;Fensterheber;824021P000;2;0,0045;1;1;0;0;1;0;0;1;1;0
1561;Fensterheber;824021W010;1;0,0023;1;1;1;0;1;0;0;1;1;1
1561;Fensterheber;824021Y010;3;0,0068;1;1;1;0;1;0;0;1;1;1
1561;Fensterheber;824022Y000;2;0,0045;1;1;1;0;1;0;0;1;1;0
1561;Fensterheber;824024A010;1;0,0023;0;1;0;0;0;0;0;1;1;1
1561;Fensterheber;8240302000;2;0,0045;1;1;1;0;1;0;0;1;1;1
1561;Fensterheber;8240306010;2;0,0045;0;1;0;0;0;0;0;0;0;1
1561;Fensterheber;824030X010;2;0,0045;1;1;1;1;1;0;0;1;1;1
1561;Fensterheber;8240317010;1;0,0023;0;1;0;0;0;0;0;0;1;1
1561;Fensterheber;824031C010;3;0,0068;1;1;1;0;1;0;0;1;1;1
1561;Fensterheber;824031C210;3;0,0068;0;1;1;0;1;0;0;0;0;0
1561;Fensterheber;824031J010;9;0,0204;1;1;1;0;1;0;0;1;1;1
1561;Fensterheber;8240325010;17;0,0386;1;1;1;0;1;0;0;1;1;1
1561;Fensterheber;8240327000;3;0,0068;0;1;0;0;0;0;0;0;0;1
1561;Fensterheber;8240329012;1;0,0023;1;1;1;0;1;0;0;1;1;1
1561;Fensterheber;824032C000;5;0,0114;1;1;1;0;1;0;0;1;1;1
1561;Fensterheber;82403B4110;1;0,0023;1;1;1;0;1;0;0;1;1;1
1561;Fensterheber;82403C7010;7;0,0159;1;0;0;0;1;0;0;1;1;1
1561;Fensterheber;8240402010;3;0,0068;1;1;1;0;1;0;0;1;1;1
1561;Fensterheber;8240407010;1;0,0023;0;1;0;0;0;0;0;0;1;0
1561;Fensterheber;824040X010;1;0,0023;1;1;1;0;1;0;0;1;1;1
1561;Fensterheber;824041C010;1;0,0023;1;1;1;0;1;0;0;1;1;1
1561;Fensterheber;824041C210;2;0,0045;0;1;1;0;1;0;0;0;0;0
1561;Fensterheber;824041J010;2;0,0045;1;1;1;0;1;0;0;1;1;1
1561;Fensterheber;8240422011;4;0,0091;1;1;0;0;0;0;0;0;0;0
1561;Fensterheber;8240425010;8;0,0182;1;1;1;0;1;0;0;1;1;1
1561;Fensterheber;82404C7010;1;0,0023;1;0;0;0;1;0;0;1;1;1
1561;Fensterheber;824501Y000;2;0,0045;0;0;0;0;1;0;0;1;1;0
1561;Fensterheber;824502C000;1;0,0023;0;1;1;0;1;0;0;1;1;0
1561;Fensterheber;824502L000;1;0,0023;0;1;0;1;0;0;0;0;0;0
1561;Fensterheber;824601Y000;1;0,0023;0;0;0;0;1;0;0;1;1;0
1561;Fensterheber;824603Z010;2;0,0045;0;1;0;0;0;0;0;0;0;1
1561;Fensterheber;824711H000;66;0,1499;1;1;1;0;1;0;0;1;1;1
1561;Fensterheber;824711H300;19;0,0432;0;0;0;0;1;0;0;0;1;0
1561;Fensterheber;824711K000;2;0,0045;0;1;1;0;1;0;0;1;1;1
1561;Fensterheber;824712B000;2;0,0045;1;1;0;0;1;0;0;1;1;1
1561;Fensterheber;824712L000;27;0,0613;1;1;1;1;1;0;0;1;1;1
1561;Fensterheber;824712L001;23;0,0522;1;1;1;1;1;0;0;0;1;0
1561;Fensterheber;824712R000;21;0,0477;0;1;1;0;1;0;0;1;1;0
1561;Fensterheber;824713Z000;1;0,0023;0;1;0;0;0;0;0;1;0;1
1561;Fensterheber;82471A5010;1;0,0023;0;0;0;0;0;0;0;1;0;0
1561;Fensterheber;82471A6000;37;0,084;0;0;0;0;0;0;0;1;1;0
1561;Fensterheber;82471A6700;4;0,0091;0;0;0;0;0;0;0;0;0;0
1561;Fensterheber;82471D3011;3;0,0068;0;1;0;0;0;0;0;1;0;0
1561;Fensterheber;82471D7010;20;0,0454;0;0;0;0;0;0;0;0;1;0
1561;Fensterheber;82471F1000;1;0,0023;0;0;0;1;0;0;0;1;1;1
1561;Fensterheber;82471F1010;1;0,0023;0;0;0;0;0;0;0;0;0;0
1561;Fensterheber;824811H000;13;0,0295;1;1;1;0;1;0;0;1;1;1
1561;Fensterheber;824811H300;16;0,0363;0;0;0;0;1;0;0;0;1;0
1561;Fensterheber;824811K000;4;0,0091;0;1;1;0;1;0;0;1;1;1
1561;Fensterheber;824812L000;6;0,0136;1;1;1;1;1;0;0;1;1;1
1561;Fensterheber;824812L001;7;0,0159;1;1;1;1;1;0;0;0;1;0
1561;Fensterheber;824812R000;6;0,0136;0;1;1;0;1;0;0;1;1;0
1561;Fensterheber;824813U000;1;0,0023;1;1;1;0;1;0;0;1;1;1
1561;Fensterheber;824813Z000;3;0,0068;0;1;0;0;0;0;0;1;0;1
1561;Fensterheber;82481A5010;2;0,0045;0;0;0;0;0;0;0;1;0;0
1561;Fensterheber;82481A6000;9;0,0204;0;0;0;0;0;0;0;1;1;0
1561;Fensterheber;82481D3011;1;0,0023;0;1;0;0;0;0;0;1;0;0
1561;Fensterheber;82481D7010;2;0,0045;0;0;0;0;0;0;0;0;1;0
1561;Fensterheber;82481F1010;2;0,0045;0;0;0;0;0;0;0;0;0;0
1561;Fensterheber;82497193;1;0,0023;1;0;0;0;1;1;0;1;0;0
1561;Fensterheber;8251261;2;0,0045;0;0;1;0;0;0;0;0;0;0
1561;Fensterheber;8251263;1;0,0023;1;0;1;0;1;0;0;1;1;1
1561;Fensterheber;8257263;6;0,0136;1;0;1;0;0;0;0;0;1;0
1561;Fensterheber;8265735;3;0,0068;0;0;0;0;0;0;0;0;0;0
1561;Fensterheber;8265736;1;0,0023;0;0;0;0;0;0;0;0;0;0
1561;Fensterheber;8265798;3;0,0068;0;0;0;0;0;0;0;0;0;0
1561;Fensterheber;8265799;1;0,0023;0;0;0;0;0;0;0;0;0;0
1561;Fensterheber;8266735;1;0,0023;0;0;0;0;0;0;0;0;0;0
1561;Fensterheber;8266736;1;0,0023;0;0;0;0;0;0;0;0;0;0
1561;Fensterheber;827000F610;1;0,0023;0;1;1;0;1;0;0;1;1;0
1561;Fensterheber;82700JD40A;1;0,0023;1;1;1;0;1;0;0;1;1;1
1561;Fensterheber;827010001R;1;0,0023;1;1;0;0;1;0;0;1;1;1
1561;Fensterheber;827012X400;1;0,0023;0;1;1;0;1;0;0;1;1;1
1561;Fensterheber;827014EA0A;1;0,0023;1;0;1;1;0;0;0;1;1;1
1561;Fensterheber;827019U00B;3;0,0068;1;1;1;0;1;0;0;0;1;1
1561;Fensterheber;82701AV610;1;0,0023;0;1;1;0;1;0;0;1;1;1
1561;Fensterheber;827208597R;4;0,0091;0;0;1;0;1;0;0;0;1;0
1561;Fensterheber;827210622R;2;0,0045;0;0;1;0;1;0;0;0;1;0
1561;Fensterheber;827216FR0A;2;0,0045;1;0;0;0;0;0;0;0;1;0
1561;Fensterheber;827301HB0A;1;0,0023;0;0;0;0;1;0;0;1;1;0
1561;Fensterheber;82730CV01C;1;0,0023;1;0;0;0;1;0;0;1;1;0
1561;Fensterheber;8282735;3;0,0068;0;0;0;0;0;0;0;0;0;0
1561;Fensterheber;8282736;5;0,0114;0;0;0;0;0;0;0;0;0;0
1561;Fensterheber;8282738RK;1;0,0023;0;0;0;0;0;0;0;0;0;0
1561;Fensterheber;8282785;1;0,0023;0;0;0;0;0;0;0;0;0;0
1561;Fensterheber;8282785RK;1;0,0023;0;0;0;0;0;0;0;0;0;0
1561;Fensterheber;8282786;2;0,0045;0;0;0;0;0;0;0;0;0;0
1561;Fensterheber;8282788RK;2;0,0045;0;0;0;0;0;0;0;0;0;0
1561;Fensterheber;8283735;6;0,0136;0;0;0;0;0;0;0;0;0;0
1561;Fensterheber;8283736;5;0,0114;0;0;0;0;0;0;0;0;0;0
1561;Fensterheber;8283737;2;0,0045;0;0;0;0;0;0;0;0;0;0
1561;Fensterheber;8283738;3;0,0068;0;0;0;0;0;0;0;0;0;0
1561;Fensterheber;8283785;1;0,0023;0;0;0;0;0;0;0;0;0;0
1561;Fensterheber;8314261;2;0,0045;1;0;1;0;0;0;0;1;1;0
1561;Fensterheber;8314261VWA;1;0,0023;0;0;0;0;0;0;0;0;0;0
1561;Fensterheber;834012S000;1;0,0023;0;1;0;0;0;0;0;0;0;0
1561;Fensterheber;834012Y000;57;0,1295;1;1;1;0;1;0;0;1;1;0
1561;Fensterheber;8340163J51;1;0,0023;1;1;1;0;1;0;0;1;0;0
1561;Fensterheber;8340165J01000;1;0,0023;0;0;0;0;0;0;0;0;1;0
1561;Fensterheber;8340179J12000;1;0,0023;0;0;1;0;1;0;0;0;1;1
1561;Fensterheber;8340181A10;2;0,0045;1;1;1;1;1;0;0;1;0;1
1561;Fensterheber;8340181A10000;1;0,0023;0;0;1;1;1;0;0;1;1;1
1561;Fensterheber;834021D010;1;0,0023;0;1;0;0;0;0;0;1;0;1
1561;Fensterheber;834022Y000;2;0,0045;1;1;1;0;1;0;0;1;1;0
1561;Fensterheber;8340262A00;1;0,0023;1;1;0;0;0;0;0;1;0;1
1561;Fensterheber;8340263J51;1;0,0023;1;1;1;0;1;0;0;1;0;0
1561;Fensterheber;8340265D10;4;0,0091;1;1;1;0;1;0;0;1;0;1
1561;Fensterheber;8340279J12;6;0,0136;1;1;1;0;0;0;0;1;0;0
1561;Fensterheber;8340279J12000;9;0,0204;0;0;1;0;1;0;0;1;1;1
1561;Fensterheber;8340281A10000;1;0,0023;0;1;1;1;1;0;0;1;1;1
1561;Fensterheber;8340283E10;1;0,0023;1;1;1;0;1;0;0;0;1;0
1561;Fensterheber;8340325010;3;0,0068;0;1;0;0;1;0;0;1;1;0
1561;Fensterheber;8340425010;2;0,0045;1;1;0;0;1;0;0;1;1;0
1561;Fensterheber;8341079J11000;1;0,0023;0;0;0;0;1;0;0;0;1;1
1561;Fensterheber;8343081A10;1;0,0023;0;0;0;0;1;0;0;1;1;0
1561;Fensterheber;8344079J11000;6;0,0136;0;0;0;0;1;0;0;1;1;1
1561;Fensterheber;834502S000;10;0,0227;1;0;0;0;0;0;0;1;1;0
1561;Fensterheber;8346080F00;1;0,0023;1;0;0;0;0;0;0;0;0;0
1561;Fensterheber;834713U000;1;0,0023;1;1;1;0;0;0;0;1;1;1
1561;Fensterheber;834813U000;18;0,0409;1;1;1;0;0;0;0;1;1;1
1561;Fensterheber;8353263;12;0,0273;1;0;1;0;1;0;0;1;1;1
1561;Fensterheber;8353264;3;0,0068;1;0;1;0;1;0;0;1;1;1
1561;Fensterheber;8435281010110;1;0,0023;0;0;0;0;0;0;0;0;0;0
1561;Fensterheber;8435281015689;1;0,0023;0;0;0;0;0;0;0;0;0;0
1561;Fensterheber;8435281025930;1;0,0023;0;0;0;0;0;0;0;0;0;0
1561;Fensterheber;8435281026944;1;0,0023;0;0;0;0;0;0;0;0;0;0
1561;Fensterheber;8446850;1;0,0023;0;0;0;0;0;0;0;0;0;0
1561;Fensterheber;84572899;1;0,0023;0;0;0;0;0;0;0;0;0;0
1561;Fensterheber;850016;2;0,0045;1;1;1;1;0;1;1;1;1;0
1561;Fensterheber;850040;3;0,0068;1;1;1;1;1;0;1;1;1;0
1561;Fensterheber;850041;3;0,0068;1;1;1;1;1;0;1;1;1;0
1561;Fensterheber;850062;4;0,0091;1;1;1;1;1;0;1;1;1;0
1561;Fensterheber;850063;4;0,0091;1;1;1;1;1;0;1;1;1;0
1561;Fensterheber;850067;1;0,0023;1;1;1;0;1;0;0;0;1;0
1561;Fensterheber;850076;2;0,0045;1;1;0;0;1;0;0;0;1;0
1561;Fensterheber;850096;1;0,0023;1;1;1;0;1;0;0;1;1;0
1561;Fensterheber;850112;3;0,0068;1;1;1;1;1;0;1;1;1;0
1561;Fensterheber;850114;2;0,0045;1;1;1;0;1;0;0;1;1;0
1561;Fensterheber;850156;1;0,0023;1;1;1;0;0;0;0;1;1;0
1561;Fensterheber;850157;1;0,0023;1;1;1;0;0;0;0;1;1;0
1561;Fensterheber;850166;1;0,0023;1;1;1;1;1;0;1;1;1;0
1561;Fensterheber;850167;1;0,0023;1;1;1;1;1;0;1;1;1;0
1561;Fensterheber;850168;1;0,0023;1;1;1;1;1;0;1;1;1;0
1561;Fensterheber;850169;2;0,0045;1;1;1;1;1;0;1;1;1;0
1561;Fensterheber;850180;14;0,0318;1;1;1;0;1;0;1;1;1;0
1561;Fensterheber;850181;11;0,025;1;1;1;0;1;0;1;1;1;0
1561;Fensterheber;850186;2;0,0045;1;1;1;0;1;0;0;1;1;0
1561;Fensterheber;850196;1;0,0023;1;1;1;0;1;0;0;1;1;0
1561;Fensterheber;850197;2;0,0045;1;1;1;0;1;0;0;1;1;0
1561;Fensterheber;850242;5;0,0114;1;1;1;1;1;0;1;1;1;0
1561;Fensterheber;850243;2;0,0045;1;1;1;1;1;0;1;1;1;0
1561;Fensterheber;850246;1;0,0023;1;1;1;1;1;0;0;1;1;0
1561;Fensterheber;850254;3;0,0068;1;1;1;1;1;0;0;1;1;0
1561;Fensterheber;850255;3;0,0068;1;1;1;1;1;0;0;1;1;0
1561;Fensterheber;850288;1;0,0023;1;1;1;0;1;0;0;1;1;0
1561;Fensterheber;850289;2;0,0045;1;1;1;0;1;0;0;1;1;0
1561;Fensterheber;850315;2;0,0045;1;1;1;0;1;0;0;1;1;0
1561;Fensterheber;850318;2;0,0045;1;1;1;1;1;0;0;1;1;0
1561;Fensterheber;850348;4;0,0091;1;1;1;1;1;0;1;1;1;0
1561;Fensterheber;850352;3;0,0068;1;1;1;1;1;0;1;1;1;0
1561;Fensterheber;850356;1;0,0023;1;1;1;1;1;0;1;1;1;0
1561;Fensterheber;850357;2;0,0045;1;1;1;1;1;0;1;1;1;0
1561;Fensterheber;850358;5;0,0114;1;1;1;1;1;0;1;1;1;0
1561;Fensterheber;850359;1;0,0023;1;1;1;0;1;0;1;1;1;0
1561;Fensterheber;850360;8;0,0182;1;1;1;1;1;0;1;1;1;0
1561;Fensterheber;850361;5;0,0114;1;1;1;1;1;0;0;1;1;0
1561;Fensterheber;850362;9;0,0204;1;1;1;1;1;0;0;1;1;1
1561;Fensterheber;850363;11;0,025;1;1;1;1;1;0;0;1;1;1
1561;Fensterheber;850367;1;0,0023;1;1;1;1;1;0;1;1;1;0
1561;Fensterheber;850370;1;0,0023;1;1;0;0;1;0;0;1;1;0
1561;Fensterheber;850388;1;0,0023;1;1;1;0;1;0;0;1;1;0
1561;Fensterheber;850389;1;0,0023;1;1;1;0;1;0;0;1;1;0
1561;Fensterheber;850390;2;0,0045;1;1;1;0;1;0;1;1;1;0
1561;Fensterheber;850391;1;0,0023;1;1;1;0;1;0;1;1;1;0
1561;Fensterheber;850395;1;0,0023;1;1;0;0;1;1;1;1;1;0
1561;Fensterheber;850396;2;0,0045;1;1;1;1;1;1;1;1;1;0
1561;Fensterheber;850397;1;0,0023;1;1;1;1;1;1;1;1;1;0
1561;Fensterheber;850402;1;0,0023;1;1;1;1;1;0;0;1;1;0
1561;Fensterheber;850403;5;0,0114;1;1;1;1;1;0;0;1;1;0
1561;Fensterheber;850408;1;0,0023;1;1;1;0;1;0;0;1;1;0
1561;Fensterheber;850414;1;0,0023;1;1;1;0;1;0;0;1;1;0
1561;Fensterheber;850442;6;0,0136;1;1;1;0;1;1;1;1;1;0
1561;Fensterheber;850443;4;0,0091;1;1;1;0;1;1;1;1;1;0
1561;Fensterheber;850444;1;0,0023;1;1;1;1;1;0;1;1;1;0
1561;Fensterheber;850449;1;0,0023;1;1;1;1;1;0;0;1;1;0
1561;Fensterheber;850451;1;0,0023;1;1;1;1;1;0;0;1;1;0
1561;Fensterheber;850452;2;0,0045;1;1;1;1;1;0;1;1;1;0
1561;Fensterheber;850453;2;0,0045;1;1;1;1;1;0;1;1;1;0
1561;Fensterheber;850455;1;0,0023;1;1;0;1;1;0;0;1;1;0
1561;Fensterheber;850456;1;0,0023;1;1;1;1;1;0;0;1;1;0
1561;Fensterheber;850459;1;0,0023;1;1;1;0;1;0;0;1;1;0
1561;Fensterheber;850466;1;0,0023;1;1;1;0;1;0;0;1;1;0
1561;Fensterheber;850482;2;0,0045;1;1;0;0;1;1;0;0;1;0
1561;Fensterheber;850483;3;0,0068;1;1;0;0;1;1;0;0;1;0
1561;Fensterheber;850484;4;0,0091;1;1;1;1;1;0;0;1;1;0
1561;Fensterheber;850485;1;0,0023;1;1;1;1;1;0;0;1;1;0
1561;Fensterheber;850488;2;0,0045;1;1;1;0;1;0;0;1;1;0
1561;Fensterheber;850489;1;0,0023;1;1;1;0;1;0;0;1;1;0
1561;Fensterheber;850490;1;0,0023;1;1;1;0;1;0;0;1;1;0
1561;Fensterheber;850494;6;0,0136;1;1;1;0;1;1;1;1;1;0
1561;Fensterheber;850495;7;0,0159;1;1;1;0;1;1;0;1;1;0
1561;Fensterheber;850496;1;0,0023;1;1;1;0;1;1;1;1;1;0
1561;Fensterheber;850498;8;0,0182;1;1;1;1;1;0;1;1;1;0
1561;Fensterheber;850499;9;0,0204;1;1;1;1;1;0;1;1;1;0
1561;Fensterheber;850504;1;0,0023;1;1;1;0;1;0;0;1;1;0
1561;Fensterheber;850506;2;0,0045;1;1;1;1;1;0;1;1;1;0
1561;Fensterheber;850522;7;0,0159;1;1;1;1;1;1;1;1;1;0
1561;Fensterheber;850523;3;0,0068;1;1;1;1;1;1;1;1;1;0
1561;Fensterheber;850524;19;0,0432;1;1;1;1;1;1;1;1;1;0
1561;Fensterheber;850525;10;0,0227;1;1;1;1;1;1;1;1;1;0
1561;Fensterheber;850527VAL;1;0,0023;0;0;0;0;0;0;0;0;0;0
1561;Fensterheber;850563;1;0,0023;1;1;1;1;1;1;1;1;1;0
1561;Fensterheber;850567;1;0,0023;1;1;1;1;1;0;1;1;1;0
1561;Fensterheber;850570;1;0,0023;1;1;1;1;1;0;0;1;1;0
1561;Fensterheber;850572;5;0,0114;1;1;1;1;1;0;1;1;1;0
1561;Fensterheber;850573;2;0,0045;1;1;1;1;1;0;1;1;1;0
1561;Fensterheber;850574;3;0,0068;1;1;1;1;1;1;1;1;1;0
1561;Fensterheber;850575;5;0,0114;1;1;1;1;1;1;0;1;1;0
1561;Fensterheber;850576;1;0,0023;1;1;1;0;1;0;1;1;1;0
1561;Fensterheber;850577;3;0,0068;1;1;1;0;1;0;1;1;1;0
1561;Fensterheber;850578;13;0,0295;1;1;1;1;1;1;1;1;1;0
1561;Fensterheber;850579;3;0,0068;1;1;1;1;1;1;1;1;1;0
1561;Fensterheber;850580;11;0,025;1;1;1;1;1;1;1;1;1;0
1561;Fensterheber;850581;12;0,0273;1;1;1;1;1;1;1;1;1;0
1561;Fensterheber;850582;5;0,0114;1;1;1;1;1;1;1;1;1;0
1561;Fensterheber;850583;1;0,0023;1;1;1;1;1;1;1;1;1;0
1561;Fensterheber;850584;1;0,0023;1;1;1;1;1;1;1;1;1;0
1561;Fensterheber;850585;6;0,0136;1;1;1;1;1;1;1;1;1;0
1561;Fensterheber;850586;1;0,0023;1;1;1;0;1;0;0;1;1;0
1561;Fensterheber;850589;1;0,0023;1;1;0;0;1;0;0;1;1;0
1561;Fensterheber;850592;1;0,0023;1;1;1;1;1;1;1;1;1;0
1561;Fensterheber;850593;2;0,0045;1;1;1;1;1;1;1;1;1;0
1561;Fensterheber;850594;9;0,0204;1;1;1;1;1;0;1;1;1;0
1561;Fensterheber;850595;7;0,0159;1;1;1;1;1;0;1;1;1;0
1561;Fensterheber;850596;30;0,0681;1;1;1;1;1;1;1;1;1;0
1561;Fensterheber;850596VAL;1;0,0023;0;0;0;0;0;0;0;0;0;0
1561;Fensterheber;850597;19;0,0432;1;1;1;1;1;1;1;1;1;0
1561;Fensterheber;850597VAL;1;0,0023;0;0;0;0;0;0;0;0;0;0
1561;Fensterheber;850598;4;0,0091;1;1;1;1;1;0;1;1;1;0
1561;Fensterheber;850604;16;0,0363;1;1;1;1;1;1;1;1;1;0
1561;Fensterheber;850605;4;0,0091;1;1;1;1;1;1;1;1;1;0
1561;Fensterheber;850607;1;0,0023;1;1;1;0;1;1;1;1;1;0
1561;Fensterheber;850608;2;0,0045;1;1;1;1;1;0;0;1;1;0
1561;Fensterheber;850609;1;0,0023;1;1;1;1;1;0;0;1;1;0
1561;Fensterheber;850610;2;0,0045;1;1;1;1;1;0;0;1;1;0
1561;Fensterheber;850612;1;0,0023;1;1;0;1;1;0;0;1;1;0
1561;Fensterheber;850616;5;0,0114;1;1;1;1;1;1;0;1;1;0
1561;Fensterheber;850617;4;0,0091;1;1;1;1;1;1;0;1;1;0
1561;Fensterheber;850618;8;0,0182;1;1;1;1;1;0;1;1;1;0
1561;Fensterheber;850619;1;0,0023;1;1;1;1;1;0;1;1;1;0
1561;Fensterheber;850620;2;0,0045;1;1;1;1;1;1;0;1;1;0
1561;Fensterheber;850624;1;0,0023;1;1;1;0;1;0;0;1;1;0
1561;Fensterheber;850640;12;0,0273;1;1;1;1;1;0;1;1;1;0
1561;Fensterheber;850641;2;0,0045;1;1;1;0;0;0;0;1;1;0
1561;Fensterheber;850642;5;0,0114;1;1;1;1;0;0;0;1;1;0
1561;Fensterheber;850648;1;0,0023;1;1;0;1;1;0;0;1;1;0
1561;Fensterheber;850649;1;0,0023;1;1;0;1;1;0;0;1;1;0
1561;Fensterheber;850652;3;0,0068;1;1;1;1;1;0;0;1;1;0
1561;Fensterheber;850656;3;0,0068;1;1;1;1;1;1;0;1;1;0
1561;Fensterheber;850657;4;0,0091;1;1;1;1;1;1;0;1;1;0
1561;Fensterheber;850658;2;0,0045;1;1;1;1;1;0;0;1;1;0
1561;Fensterheber;850672;2;0,0045;1;1;1;1;1;1;1;1;1;0
1561;Fensterheber;850674;1;0,0023;1;1;1;1;1;0;1;1;1;0
1561;Fensterheber;850678;1;0,0023;1;1;1;1;1;1;1;1;1;0
1561;Fensterheber;850679;5;0,0114;1;1;1;1;1;1;1;1;1;0
1561;Fensterheber;850682;2;0,0045;1;1;1;1;1;0;0;1;1;0
1561;Fensterheber;850686;4;0,0091;1;1;1;0;1;0;0;1;1;0
1561;Fensterheber;850690;2;0,0045;1;1;1;1;1;0;0;1;1;0
1561;Fensterheber;850691;2;0,0045;1;1;1;1;1;0;0;1;1;0
1561;Fensterheber;850695;3;0,0068;1;1;1;1;1;0;0;1;1;0
1561;Fensterheber;850697;1;0,0023;1;1;1;0;1;0;1;1;1;0
1561;Fensterheber;850698;9;0,0204;1;1;1;1;1;0;1;1;1;0
1561;Fensterheber;850699;5;0,0114;1;1;1;1;1;0;1;1;1;0
1561;Fensterheber;850706;2;0,0045;1;1;1;0;1;1;1;1;1;0
1561;Fensterheber;850707;4;0,0091;1;1;1;0;1;1;1;1;1;0
1561;Fensterheber;850720;1;0,0023;1;1;1;1;1;0;1;1;1;0
1561;Fensterheber;850722;3;0,0068;1;1;1;0;1;1;1;1;1;0
1561;Fensterheber;850723;5;0,0114;1;1;1;0;1;1;1;0;1;0
1561;Fensterheber;850724;10;0,0227;1;1;1;0;1;1;0;1;1;0
1561;Fensterheber;850725;11;0,025;1;1;1;0;1;1;0;1;1;0
1561;Fensterheber;850726;5;0,0114;1;1;1;1;1;0;0;1;1;0
1561;Fensterheber;850727;1;0,0023;1;1;1;1;1;0;0;1;1;0
1561;Fensterheber;850728;1;0,0023;1;1;1;0;1;0;0;1;1;0
1561;Fensterheber;850734;3;0,0068;1;1;0;0;1;0;0;1;1;0
1561;Fensterheber;850735;1;0,0023;1;1;0;0;1;0;0;1;1;0
1561;Fensterheber;850742;39;0,0886;1;1;1;0;1;0;1;1;1;0
1561;Fensterheber;850743;8;0,0182;1;1;1;0;1;0;1;1;1;0
1561;Fensterheber;850744;8;0,0182;1;1;1;0;1;0;0;1;1;0
1561;Fensterheber;850745;4;0,0091;1;1;1;0;1;0;0;1;1;0
1561;Fensterheber;850747;1;0,0023;1;1;0;0;1;0;0;1;1;0
1561;Fensterheber;850748;1;0,0023;1;1;1;0;1;0;0;1;1;0
1561;Fensterheber;850750;3;0,0068;1;1;1;1;1;0;0;1;1;0
1561;Fensterheber;850750VAL;1;0,0023;0;0;0;0;0;0;0;0;0;0
1561;Fensterheber;850751;6;0,0136;1;1;1;1;1;0;0;1;1;0
1561;Fensterheber;850754;1;0,0023;1;1;0;0;1;0;0;1;1;0
1561;Fensterheber;850760;6;0,0136;1;1;1;0;1;0;0;1;1;0
1561;Fensterheber;850761;3;0,0068;1;1;1;0;1;0;0;1;1;0
1561;Fensterheber;850766;8;0,0182;1;1;1;1;1;0;1;1;1;0
1561;Fensterheber;850767;4;0,0091;1;1;1;1;1;0;1;1;1;0
1561;Fensterheber;850770;3;0,0068;1;1;1;0;1;0;0;1;1;0
1561;Fensterheber;850771;1;0,0023;1;1;1;0;1;0;0;1;1;0
1561;Fensterheber;850773;1;0,0023;1;1;1;1;1;0;0;1;1;0
1561;Fensterheber;850774;13;0,0295;1;1;1;1;1;0;0;1;1;0
1561;Fensterheber;850775;4;0,0091;1;1;1;1;1;0;0;1;1;0
1561;Fensterheber;850776;1;0,0023;1;1;1;0;1;0;0;1;1;0
1561;Fensterheber;850778;2;0,0045;1;1;1;0;1;1;1;1;1;0
1561;Fensterheber;850779;1;0,0023;1;1;1;0;1;1;1;1;1;0
1561;Fensterheber;850780;2;0,0045;1;1;1;0;1;0;0;1;1;0
1561;Fensterheber;850788;6;0,0136;1;1;1;1;1;0;0;1;1;0
1561;Fensterheber;850790;2;0,0045;1;1;1;0;1;0;0;1;1;0
1561;Fensterheber;850791;2;0,0045;1;1;1;0;1;0;0;1;1;0
1561;Fensterheber;850792;4;0,0091;1;1;0;1;1;0;0;1;1;0
1561;Fensterheber;850798;1;0,0023;1;1;1;1;1;0;1;1;1;0
1561;Fensterheber;850799;1;0,0023;1;1;1;1;1;0;1;1;1;0
1561;Fensterheber;850800;4;0,0091;1;1;1;0;1;0;0;1;1;0
1561;Fensterheber;850802;5;0,0114;1;1;1;1;1;1;1;1;1;0
1561;Fensterheber;850803;1;0,0023;1;1;1;1;1;1;0;1;1;0
1561;Fensterheber;850804;2;0,0045;1;1;1;1;1;0;0;1;1;0
1561;Fensterheber;850812;7;0,0159;1;1;1;1;1;1;1;1;1;0
1561;Fensterheber;850813;3;0,0068;1;1;1;1;1;1;1;1;1;0
1561;Fensterheber;850814;2;0,0045;1;1;1;0;1;0;0;1;1;0
1561;Fensterheber;850816;1;0,0023;1;1;1;0;1;0;0;1;1;0
1561;Fensterheber;850818;4;0,0091;1;1;1;1;1;0;1;1;1;0
1561;Fensterheber;850819;1;0,0023;1;1;1;1;1;0;1;1;1;0
1561;Fensterheber;850820;14;0,0318;1;1;1;1;1;1;1;1;1;0
1561;Fensterheber;850821;5;0,0114;1;1;1;1;1;1;1;1;1;0
1561;Fensterheber;850822;1;0,0023;1;1;1;1;1;1;1;1;1;0
1561;Fensterheber;850823;2;0,0045;1;1;1;1;1;1;1;1;1;0
1561;Fensterheber;850825;1;0,0023;1;1;1;1;1;1;0;1;1;0
1561;Fensterheber;850827;1;0,0023;1;1;1;1;1;0;0;1;1;0
1561;Fensterheber;850832;1;0,0023;1;1;1;0;1;0;0;1;1;0
1561;Fensterheber;850833;3;0,0068;1;1;1;0;1;0;0;1;1;0
1561;Fensterheber;850835;1;0,0023;1;1;1;0;1;0;0;1;1;0
1561;Fensterheber;850842;3;0,0068;1;1;1;1;1;1;0;1;1;0
1561;Fensterheber;850843;8;0,0182;1;1;1;1;1;1;0;1;1;0
1561;Fensterheber;850850;3;0,0068;1;1;1;1;1;1;1;1;1;0
1561;Fensterheber;850851;2;0,0045;1;1;1;1;1;1;1;1;1;0
1561;Fensterheber;850852;6;0,0136;1;1;1;1;1;0;0;1;1;0
1561;Fensterheber;850852VAL;2;0,0045;0;0;0;0;0;0;0;0;0;0
1561;Fensterheber;850853;4;0,0091;1;1;1;1;1;0;1;1;1;0
1561;Fensterheber;850854;7;0,0159;1;1;1;1;1;1;1;1;1;0
1561;Fensterheber;850855;3;0,0068;1;1;1;1;1;1;1;1;1;0
1561;Fensterheber;850858;1;0,0023;1;1;0;0;0;0;0;1;1;1
1561;Fensterheber;850859;2;0,0045;1;1;0;0;0;0;0;1;1;1
1561;Fensterheber;850866;2;0,0045;1;1;1;1;1;0;0;1;1;0
1561;Fensterheber;850867;2;0,0045;1;1;1;1;1;0;0;1;1;0
1561;Fensterheber;850868;10;0,0227;1;1;1;1;1;0;1;1;1;0
1561;Fensterheber;850869;13;0,0295;1;1;1;1;1;0;1;1;1;0
1561;Fensterheber;850871;1;0,0023;1;1;1;1;1;0;1;1;1;0
1561;Fensterheber;850878;6;0,0136;1;1;1;1;1;1;1;1;1;0
1561;Fensterheber;850879;1;0,0023;1;1;1;1;1;1;1;1;1;0
1561;Fensterheber;850881;2;0,0045;1;1;0;0;1;0;0;1;1;0
1561;Fensterheber;850888;2;0,0045;1;1;1;1;1;0;0;1;1;0
1561;Fensterheber;850895;1;0,0023;1;1;1;1;1;0;0;1;1;0
1561;Fensterheber;850896;1;0,0023;1;1;1;0;1;0;0;1;1;0
1561;Fensterheber;850902;5;0,0114;1;1;1;1;1;0;0;1;1;0
1561;Fensterheber;850903;1;0,0023;1;1;1;1;1;0;0;1;1;0
1561;Fensterheber;850904;2;0,0045;1;1;1;1;1;0;0;1;1;0
1561;Fensterheber;850905;8;0,0182;1;1;1;1;1;0;0;1;1;0
1561;Fensterheber;850910;1;0,0023;1;1;1;0;1;0;0;1;1;0
1561;Fensterheber;850912;2;0,0045;1;1;1;1;1;0;0;1;1;0
1561;Fensterheber;850913;1;0,0023;1;1;1;1;1;0;0;1;1;0
1561;Fensterheber;850914;4;0,0091;1;1;1;1;1;0;0;1;1;0
1561;Fensterheber;850915;2;0,0045;1;1;1;1;1;0;0;1;1;0
1561;Fensterheber;850916;1;0,0023;1;1;1;1;1;0;0;1;1;0
1561;Fensterheber;850918;1;0,0023;1;1;1;0;1;0;1;1;1;0
1561;Fensterheber;850919;1;0,0023;1;1;1;0;1;0;1;1;1;0
1561;Fensterheber;850921;1;0,0023;1;1;1;0;1;0;1;1;1;0
1561;Fensterheber;850922;4;0,0091;1;1;1;0;1;0;0;1;1;0
1561;Fensterheber;850923;1;0,0023;1;1;1;0;1;0;0;1;1;0
1561;Fensterheber;850924;2;0,0045;1;1;1;1;1;1;1;1;1;0
1561;Fensterheber;850925;1;0,0023;1;1;1;1;1;1;1;1;1;0
1561;Fensterheber;850926;24;0,0545;1;1;1;1;1;1;1;1;1;0
1561;Fensterheber;850927;21;0,0477;1;1;1;1;1;1;1;1;1;0
1561;Fensterheber;850927VALEO;1;0,0023;0;0;0;0;0;0;0;0;0;0
1561;Fensterheber;850928;3;0,0068;1;1;1;1;0;1;0;1;1;0
1561;Fensterheber;850929;1;0,0023;1;1;1;1;0;1;0;1;1;0
1561;Fensterheber;850930;1;0,0023;1;1;1;0;1;0;0;1;1;0
1561;Fensterheber;850932;6;0,0136;1;1;1;0;1;0;0;1;1;0
1561;Fensterheber;850933;2;0,0045;1;1;1;0;1;0;0;1;1;0
1561;Fensterheber;850936;3;0,0068;1;1;1;0;1;0;0;1;1;0
1561;Fensterheber;850950;4;0,0091;1;1;0;0;1;1;0;1;1;1
1561;Fensterheber;850951;2;0,0045;1;1;0;0;1;1;0;1;1;1
1561;Fensterheber;850956;1;0,0023;1;1;0;0;1;0;0;1;1;0
1561;Fensterheber;850957;2;0,0045;1;1;0;0;1;0;0;1;1;0
1561;Fensterheber;850966;2;0,0045;1;1;1;0;1;0;0;1;1;0
1561;Fensterheber;850968;2;0,0045;1;1;1;0;1;0;0;1;1;0
1561;Fensterheber;850970;1;0,0023;1;1;1;0;1;0;0;1;1;0
1561;Fensterheber;850973;1;0,0023;1;1;1;0;1;0;0;1;1;0
1561;Fensterheber;850982;1;0,0023;1;1;1;1;1;0;0;1;1;0
1561;Fensterheber;850991;1;0,0023;1;1;1;0;1;0;0;1;1;0
1561;Fensterheber;850994;1;0,0023;1;1;1;1;1;0;0;1;1;0
1561;Fensterheber;850996;4;0,0091;1;1;1;0;1;0;0;1;1;0
1561;Fensterheber;850997;5;0,0114;1;1;1;0;1;0;0;1;1;0
1561;Fensterheber;851004;4;0,0091;1;1;1;1;1;0;0;1;1;0
1561;Fensterheber;851005;3;0,0068;1;1;1;1;1;0;0;1;1;0
1561;Fensterheber;851008;1;0,0023;1;1;1;0;1;0;0;1;1;0
1561;Fensterheber;851010;1;0,0023;1;1;0;1;1;0;0;1;1;0
1561;Fensterheber;851011;1;0,0023;1;1;0;1;1;0;0;1;1;0
1561;Fensterheber;851012;5;0,0114;1;1;1;1;1;0;1;1;1;0
1561;Fensterheber;851013;18;0,0409;1;1;1;1;1;0;1;1;1;0
1561;Fensterheber;851014;4;0,0091;1;1;1;0;1;0;0;1;1;1
1561;Fensterheber;851015;4;0,0091;1;1;1;0;1;0;1;1;1;1
1561;Fensterheber;851016;1;0,0023;1;1;0;1;1;0;0;1;1;0
1561;Fensterheber;851017;2;0,0045;1;1;0;1;1;0;1;1;1;0
1561;Fensterheber;851030;1;0,0023;1;1;0;0;1;0;0;1;1;0
1561;Fensterheber;851032;12;0,0273;1;1;1;1;1;0;1;1;1;0
1561;Fensterheber;851033;4;0,0091;1;1;1;1;1;0;1;1;1;0
1561;Fensterheber;851036;5;0,0114;1;1;1;1;1;0;0;1;1;0
1561;Fensterheber;851037;1;0,0023;1;1;1;1;1;0;0;1;1;0
1561;Fensterheber;851038;1;0,0023;1;1;1;0;1;0;0;1;1;0
1561;Fensterheber;851044;7;0,0159;1;1;1;1;1;1;1;1;1;0
1561;Fensterheber;851045;3;0,0068;1;1;1;1;1;1;1;1;1;0
1561;Fensterheber;851046;17;0,0386;1;1;1;1;1;1;1;1;1;0
1561;Fensterheber;851047;10;0,0227;1;1;1;1;1;1;1;1;1;0
1561;Fensterheber;851048;2;0,0045;1;1;1;1;1;1;1;1;1;0
1561;Fensterheber;851049;2;0,0045;1;1;1;1;1;1;0;1;1;0
1561;Fensterheber;851052;4;0,0091;1;1;1;0;0;0;0;1;1;0
1561;Fensterheber;851053VALEO;1;0,0023;0;0;0;0;0;0;0;0;0;0
1561;Fensterheber;851054;1;0,0023;1;1;0;0;1;0;0;1;1;0
1561;Fensterheber;851060;1;0,0023;1;1;1;0;1;0;0;1;1;0
1561;Fensterheber;851066;1;0,0023;1;1;1;1;1;0;0;1;1;0
1561;Fensterheber;851067;1;0,0023;1;1;1;1;1;0;0;1;1;0
1561;Fensterheber;851068;4;0,0091;1;1;1;1;1;0;0;1;1;0
1561;Fensterheber;851069;2;0,0045;1;1;1;1;1;0;0;1;1;0
1561;Fensterheber;851072;7;0,0159;1;1;1;1;1;1;1;1;1;0
1561;Fensterheber;851073;1;0,0023;1;1;1;1;1;1;1;1;1;0
1561;Fensterheber;851075;1;0,0023;1;1;1;1;1;0;0;1;1;0
1561;Fensterheber;851076;10;0,0227;1;1;1;1;1;0;0;1;1;0
1561;Fensterheber;851077;4;0,0091;1;1;1;1;1;0;0;1;1;0
1561;Fensterheber;851078;6;0,0136;1;1;1;1;1;0;0;1;1;0
1561;Fensterheber;851079;1;0,0023;1;1;1;1;1;0;0;1;1;0
1561;Fensterheber;851082;1;0,0023;1;1;1;1;1;0;0;1;1;0
1561;Fensterheber;851083;2;0,0045;1;1;1;1;1;0;0;1;1;0
1561;Fensterheber;851085;3;0,0068;1;1;1;1;1;1;1;1;1;0
1561;Fensterheber;851098;7;0,0159;1;1;1;1;1;1;1;1;1;0
1561;Fensterheber;851099;4;0,0091;1;1;1;1;1;1;0;1;1;0
1561;Fensterheber;851100;1;0,0023;1;1;1;1;1;0;0;1;1;0
1561;Fensterheber;851102;3;0,0068;1;1;1;1;1;0;1;1;1;0
1561;Fensterheber;851106;1;0,0023;1;1;1;1;1;0;1;1;1;0
1561;Fensterheber;851107;2;0,0045;1;1;1;1;1;0;1;1;1;0
1561;Fensterheber;851108;4;0,0091;1;0;0;0;1;0;0;1;1;0
1561;Fensterheber;851113;1;0,0023;1;1;1;1;0;0;0;1;1;0
1561;Fensterheber;851120;2;0,0045;1;1;1;1;1;0;1;1;1;0
1561;Fensterheber;851126;1;0,0023;1;1;1;1;1;1;1;1;1;0
1561;Fensterheber;851127;4;0,0091;1;1;1;1;1;1;1;1;1;0
1561;Fensterheber;851130;1;0,0023;1;1;1;1;0;0;0;1;1;0
1561;Fensterheber;851134;2;0,0045;1;1;1;1;1;0;0;0;1;0
1561;Fensterheber;851136;16;0,0363;1;1;1;1;1;0;1;1;1;0
1561;Fensterheber;851137;6;0,0136;1;1;1;1;1;0;1;1;1;0
1561;Fensterheber;851138;3;0,0068;1;1;0;0;1;0;0;1;1;0
1561;Fensterheber;851139;3;0,0068;1;1;0;0;1;0;0;1;1;0
1561;Fensterheber;851145;1;0,0023;1;1;1;1;0;0;0;1;1;0
1561;Fensterheber;851148;3;0,0068;1;1;1;1;1;1;1;1;1;0
1561;Fensterheber;851149;1;0,0023;1;1;1;1;1;1;1;1;1;0
1561;Fensterheber;851164;3;0,0068;1;1;1;1;1;1;0;1;1;0
1561;Fensterheber;851165;2;0,0045;1;1;1;1;1;1;0;1;1;0
1561;Fensterheber;851168;6;0,0136;1;1;1;1;1;0;0;1;1;0
1561;Fensterheber;851169;1;0,0023;1;1;1;1;1;0;0;1;1;0
1561;Fensterheber;851172;1;0,0023;1;0;0;0;1;0;0;1;1;0
1561;Fensterheber;851174;1;0,0023;1;1;1;1;1;1;0;1;1;0
1561;Fensterheber;851190;3;0,0068;1;1;0;0;1;0;0;0;1;0
1561;Fensterheber;851190VAL;1;0,0023;0;0;0;0;0;0;0;0;0;0
1561;Fensterheber;851191;1;0,0023;1;1;0;0;1;0;0;0;1;0
1561;Fensterheber;851200;6;0,0136;1;1;1;0;0;0;0;1;1;0
1561;Fensterheber;851201;3;0,0068;1;1;1;0;1;0;0;1;1;0
1561;Fensterheber;851206;2;0,0045;1;1;1;1;1;0;0;1;1;0
1561;Fensterheber;851207;2;0,0045;1;1;1;1;1;0;0;1;1;0
1561;Fensterheber;851209;2;0,0045;1;1;1;1;0;0;0;1;1;0
1561;Fensterheber;851236;1;0,0023;1;0;1;0;1;0;0;1;1;0
1561;Fensterheber;851244;1;0,0023;1;1;0;0;1;0;1;1;1;0
1561;Fensterheber;851256;1;0,0023;1;1;0;1;1;0;1;1;1;0
1561;Fensterheber;851257;1;0,0023;1;1;0;1;1;0;1;1;1;0
1561;Fensterheber;851262;1;0,0023;1;1;1;1;0;0;1;1;1;0
1561;Fensterheber;851266;9;0,0204;1;1;1;1;1;0;1;1;1;0
1561;Fensterheber;851267;6;0,0136;1;1;1;1;1;0;1;1;1;0
1561;Fensterheber;851274;20;0,0454;1;1;1;1;1;0;0;1;1;0
1561;Fensterheber;851275;7;0,0159;1;1;1;1;1;0;0;1;1;0
1561;Fensterheber;851276;2;0,0045;1;1;1;1;1;0;1;1;1;0
1561;Fensterheber;851280;2;0,0045;1;1;1;0;1;0;0;1;1;0
1561;Fensterheber;851280VAL;1;0,0023;0;0;0;0;0;0;0;0;0;0
1561;Fensterheber;851282;7;0,0159;1;1;1;0;1;0;0;1;1;0
1561;Fensterheber;851283;5;0,0114;1;1;1;0;1;0;0;1;1;0
1561;Fensterheber;851284;2;0,0045;1;0;0;0;1;0;0;1;1;0
1561;Fensterheber;851286;2;0,0045;1;0;0;0;1;0;0;0;1;0
1561;Fensterheber;851287;1;0,0023;1;0;0;0;1;0;0;1;1;0
1561;Fensterheber;851294;3;0,0068;1;1;0;0;1;0;0;1;1;0
1561;Fensterheber;851295;1;0,0023;1;1;0;0;1;0;0;1;1;0
1561;Fensterheber;851298;13;0,0295;1;0;1;0;1;0;0;1;1;0
1561;Fensterheber;851299;6;0,0136;1;0;1;0;1;0;0;1;1;1
1561;Fensterheber;851302;9;0,0204;1;0;0;1;0;0;0;1;1;0
1561;Fensterheber;851302VALEO;1;0,0023;0;0;0;0;0;0;0;0;0;0
1561;Fensterheber;851303;1;0,0023;1;0;0;1;0;0;0;1;1;0
1561;Fensterheber;851304;1;0,0023;1;1;1;1;1;1;1;1;1;0
1561;Fensterheber;851305;2;0,0045;1;1;1;1;1;1;1;1;1;0
1561;Fensterheber;851308;7;0,0159;1;1;1;1;1;1;0;1;1;0
1561;Fensterheber;851308VAL;2;0,0045;0;0;0;0;0;0;0;0;0;0
1561;Fensterheber;851309;2;0,0045;1;1;1;1;1;1;0;1;1;0
1561;Fensterheber;851310;1;0,0023;1;1;0;1;0;0;0;0;1;0
1561;Fensterheber;851320;1;0,0023;1;0;0;0;1;0;0;1;1;0
1561;Fensterheber;851341;1;0,0023;1;0;0;0;0;0;0;1;1;0
1561;Fensterheber;851348;1;0,0023;1;1;0;0;1;0;0;1;1;0
1561;Fensterheber;851349;1;0,0023;1;1;0;0;1;0;0;1;1;0
1561;Fensterheber;851378;3;0,0068;1;0;1;1;1;0;0;0;1;0
1561;Fensterheber;851380;4;0,0091;1;1;0;0;1;0;0;1;1;0
1561;Fensterheber;851381;5;0,0114;1;1;0;0;1;0;0;1;1;0
1561;Fensterheber;851386;5;0,0114;1;0;1;0;1;0;0;1;1;0
1561;Fensterheber;851387;3;0,0068;1;0;1;0;1;0;0;1;1;0
1561;Fensterheber;851390;1;0,0023;1;0;1;0;1;0;0;1;1;0
1561;Fensterheber;851392;1;0,0023;1;1;1;1;1;1;0;0;1;0
1561;Fensterheber;851392VAL;1;0,0023;0;0;0;0;0;0;0;0;0;0
1561;Fensterheber;851400;1;0,0023;1;1;1;1;1;0;0;0;1;0
1561;Fensterheber;851405;1;0,0023;1;0;0;0;0;0;0;0;1;0
1561;Fensterheber;851406;1;0,0023;1;0;0;0;1;1;0;1;1;0
1561;Fensterheber;851410;4;0,0091;1;1;0;0;0;0;0;1;1;0
1561;Fensterheber;851411;1;0,0023;1;1;0;0;0;0;0;1;1;0
1561;Fensterheber;851412;10;0,0227;1;0;1;1;0;0;0;0;1;0
1561;Fensterheber;851413;4;0,0091;1;0;1;1;0;0;0;0;1;0
1561;Fensterheber;851414;1;0,0023;1;0;0;0;0;0;0;1;1;0
1561;Fensterheber;851424;1;0,0023;1;0;1;1;1;0;0;1;1;1
1561;Fensterheber;851426;1;0,0023;1;0;0;0;0;0;0;1;1;0
1561;Fensterheber;851432;2;0,0045;1;1;0;0;0;0;0;1;1;0
1561;Fensterheber;851436;2;0,0045;1;1;0;0;1;0;0;0;1;0
1561;Fensterheber;851437;2;0,0045;1;1;0;0;1;0;0;0;1;0
1561;Fensterheber;851442;1;0,0023;1;1;1;1;0;0;0;0;1;0
1561;Fensterheber;851444;10;0,0227;1;1;1;1;0;0;0;1;1;0
1561;Fensterheber;851445;1;0,0023;1;1;1;1;0;0;0;1;1;0
1561;Fensterheber;851446;4;0,0091;1;1;0;1;1;0;0;1;1;0
1561;Fensterheber;851447;1;0,0023;1;1;0;1;1;0;0;1;1;0
1561;Fensterheber;851452;5;0,0114;1;1;1;1;1;1;0;1;1;0
1561;Fensterheber;851453;2;0,0045;1;1;1;1;1;0;0;1;1;0
1561;Fensterheber;851456;3;0,0068;1;1;0;1;0;0;0;1;1;0
1561;Fensterheber;851460;2;0,0045;1;0;0;0;0;0;0;1;0;0
1561;Fensterheber;851461;1;0,0023;1;0;0;0;0;0;0;1;0;0
1561;Fensterheber;851462;3;0,0068;1;1;1;1;0;1;0;1;1;0
1561;Fensterheber;851466;1;0,0023;1;1;1;0;0;0;0;0;1;0
1561;Fensterheber;851474;1;0,0023;1;1;1;1;0;0;0;0;1;0
1561;Fensterheber;851475;1;0,0023;1;1;1;1;0;0;0;0;1;0
1561;Fensterheber;851481;1;0,0023;1;1;1;1;0;1;0;1;1;0
1561;Fensterheber;851494;2;0,0045;1;1;1;1;0;0;0;1;1;0
1561;Fensterheber;851495;1;0,0023;1;1;1;1;0;0;0;1;1;0
1561;Fensterheber;851497;1;0,0023;1;0;0;1;1;0;0;1;1;0
1561;Fensterheber;851518;1;0,0023;1;1;0;1;0;0;0;1;0;0
1561;Fensterheber;851527;1;0,0023;1;0;1;0;0;0;0;1;1;0
1561;Fensterheber;851530;1;0,0023;1;1;1;1;1;0;0;1;1;0
1561;Fensterheber;851532;2;0,0045;1;1;0;1;1;0;0;1;1;0
1561;Fensterheber;851538;4;0,0091;1;1;1;1;0;1;0;0;1;0
1561;Fensterheber;851539;3;0,0068;1;1;1;1;0;1;0;0;1;0
1561;Fensterheber;851544;3;0,0068;1;1;1;1;1;1;0;1;1;0
1561;Fensterheber;851544VALEO;1;0,0023;0;0;0;0;0;0;0;0;0;0
1561;Fensterheber;851545;3;0,0068;1;1;1;1;1;1;0;1;1;0
1561;Fensterheber;851548;3;0,0068;1;1;1;1;1;1;0;1;1;0
1561;Fensterheber;851549;1;0,0023;1;1;1;1;1;1;0;1;1;0
1561;Fensterheber;851552;1;0,0023;1;1;1;1;0;1;0;1;1;0
1561;Fensterheber;851553;1;0,0023;1;1;1;1;0;1;0;1;1;0
1561;Fensterheber;851556;4;0,0091;1;1;1;1;1;1;0;1;1;0
1561;Fensterheber;851557;3;0,0068;1;1;1;1;1;1;0;1;1;0
1561;Fensterheber;851574;7;0,0159;1;0;1;1;0;0;0;1;0;0
1561;Fensterheber;851575;5;0,0114;1;0;1;1;0;0;0;1;0;0
1561;Fensterheber;851578;1;0,0023;1;1;1;1;0;1;0;1;1;0
1561;Fensterheber;851584;1;0,0023;1;1;1;1;0;1;0;0;0;0
1561;Fensterheber;851595;2;0,0045;1;0;1;0;0;0;0;0;0;0
1561;Fensterheber;851598;2;0,0045;1;0;0;0;1;0;0;1;1;0
1561;Fensterheber;851599;1;0,0023;1;0;0;0;0;0;0;1;1;0
1561;Fensterheber;851610;2;0,0045;1;1;1;1;0;1;0;1;0;0
1561;Fensterheber;851611;3;0,0068;1;1;1;1;0;1;0;1;0;0
1561;Fensterheber;851628;2;0,0045;1;1;1;1;0;0;0;0;0;0
1561;Fensterheber;851637;1;0,0023;0;0;1;0;0;0;0;0;0;0
1561;Fensterheber;851641;1;0,0023;1;1;1;1;0;0;0;0;1;0
1561;Fensterheber;851646;3;0,0068;1;1;0;1;1;0;0;1;1;0
1561;Fensterheber;851647;2;0,0045;1;1;0;1;1;0;0;1;1;0
1561;Fensterheber;851649;1;0,0023;1;0;1;0;0;0;0;0;1;0
1561;Fensterheber;851656;1;0,0023;1;1;0;1;0;0;0;1;1;0
1561;Fensterheber;851658;1;0,0023;1;1;0;0;1;0;0;1;1;0
1561;Fensterheber;851661;1;0,0023;1;1;0;0;0;0;0;0;1;0
1561;Fensterheber;851663;1;0,0023;1;1;1;0;0;0;0;1;0;1
1561;Fensterheber;851676;2;0,0045;1;1;1;1;0;0;0;1;1;0
1561;Fensterheber;851677;4;0,0091;1;1;1;1;0;0;0;1;1;0
1561;Fensterheber;851682;1;0,0023;1;1;0;0;1;0;0;0;1;0
1561;Fensterheber;851696;3;0,0068;1;1;0;0;1;0;0;0;1;0
1561;Fensterheber;851698;4;0,0091;1;0;0;1;0;0;0;0;1;0
1561;Fensterheber;851698VAL;1;0,0023;0;0;0;0;0;0;0;0;0;0
1561;Fensterheber;851699;1;0,0023;1;0;0;1;0;0;0;0;1;0
1561;Fensterheber;851702;1;0,0023;1;1;0;0;0;0;0;0;1;0
1561;Fensterheber;851706;1;0,0023;1;0;0;1;1;0;0;0;1;0
1561;Fensterheber;851712;1;0,0023;1;1;0;1;1;0;0;0;1;0
1561;Fensterheber;851720;2;0,0045;1;1;0;1;0;0;0;0;1;0
1561;Fensterheber;851725;6;0,0136;1;1;0;0;1;0;0;1;1;0
1561;Fensterheber;851725VALEO;1;0,0023;0;0;0;0;0;0;0;0;0;0
1561;Fensterheber;851736;8;0,0182;1;1;0;1;1;0;0;0;1;0
1561;Fensterheber;851737;4;0,0091;1;1;0;1;1;0;0;0;1;0
1561;Fensterheber;851738;3;0,0068;1;0;0;1;0;0;1;0;1;0
1561;Fensterheber;851740;1;0,0023;1;1;0;1;0;0;0;0;1;0
1561;Fensterheber;851746;1;0,0023;1;0;0;1;0;0;1;1;1;0
1561;Fensterheber;851801;1;0,0023;1;1;0;1;0;0;0;0;1;0
1561;Fensterheber;851806;1;0,0023;1;1;0;0;0;0;0;0;0;0
1561;Fensterheber;851809;1;0,0023;1;1;0;0;0;0;0;1;1;0
1561;Fensterheber;851815;2;0,0045;1;1;1;1;0;1;0;1;1;0
1561;Fensterheber;851817;1;0,0023;1;1;1;0;0;0;0;0;0;0
1561;Fensterheber;851853;3;0,0068;1;1;0;0;0;0;0;0;1;0
1561;Fensterheber;851864;2;0,0045;1;1;1;1;0;1;0;1;1;0
1561;Fensterheber;851868;1;0,0023;1;1;1;0;0;0;0;1;0;0
1561;Fensterheber;851874;1;0,0023;1;1;1;1;0;1;0;0;1;0
1561;Fensterheber;851878;2;0,0045;1;1;1;1;1;0;0;0;0;0
1561;Fensterheber;851885;1;0,0023;1;1;0;0;0;0;0;0;0;0
1561;Fensterheber;851900;1;0,0023;1;1;0;0;0;0;0;1;1;0
1561;Fensterheber;851904;2;0,0045;1;1;0;0;0;0;0;1;1;0
1561;Fensterheber;851932;1;0,0023;1;0;0;0;0;0;0;0;1;0
1561;Fensterheber;851933;2;0,0045;1;0;0;0;0;0;0;0;1;0
1561;Fensterheber;851962;1;0,0023;1;1;1;1;0;0;0;1;1;0
1561;Fensterheber;851962VAL;1;0,0023;0;0;0;0;0;0;0;0;0;0
1561;Fensterheber;851972;3;0,0068;1;0;0;0;0;0;0;0;1;0
1561;Fensterheber;852485;2;0,0045;1;1;0;1;0;1;0;0;1;0
1561;Fensterheber;852486;1;0,0023;1;0;1;0;0;1;0;0;1;0
1561;Fensterheber;852495;1;0,0023;1;0;0;0;0;0;0;0;1;0
1561;Fensterheber;852514;17;0,0386;1;1;1;0;0;0;0;1;1;0
1561;Fensterheber;852514VAL;1;0,0023;0;0;0;0;0;0;0;0;0;0
1561;Fensterheber;852515;1;0,0023;1;1;1;0;0;0;0;1;1;0
1561;Fensterheber;852520;3;0,0068;1;1;1;0;0;0;0;1;1;0
1561;Fensterheber;852526;12;0,0273;1;1;1;0;0;0;0;1;1;0
1561;Fensterheber;852527;1;0,0023;1;1;1;0;0;0;0;1;1;0
1561;Fensterheber;852532;3;0,0068;1;0;1;1;0;0;0;1;1;0
1561;Fensterheber;852539;1;0,0023;1;0;0;0;0;0;0;1;1;0
1561;Fensterheber;852546;4;0,0091;1;0;1;1;0;0;0;1;1;0
1561;Fensterheber;852547;3;0,0068;1;0;1;1;0;0;0;1;1;0
1561;Fensterheber;852552;3;0,0068;1;0;1;1;0;1;0;0;1;0
1561;Fensterheber;852553;1;0,0023;1;1;1;0;0;1;0;0;1;0
1561;Fensterheber;852555;1;0,0023;1;0;1;0;0;0;0;0;1;0
1561;Fensterheber;852560;1;0,0023;1;1;1;1;0;0;0;1;1;0
1561;Fensterheber;852572;1;0,0023;1;1;1;0;0;0;0;1;1;0
1561;Fensterheber;852577;1;0,0023;1;1;1;1;0;0;0;1;1;0
1561;Fensterheber;852578;9;0,0204;1;0;1;1;0;0;0;1;1;0
1561;Fensterheber;852579;1;0,0023;1;1;1;1;0;0;0;1;1;0
1561;Fensterheber;852580;2;0,0045;1;1;1;1;0;1;0;1;1;0
1561;Fensterheber;852581;1;0,0023;1;1;1;1;0;1;0;1;1;0
1561;Fensterheber;852583;2;0,0045;1;1;1;1;0;0;0;1;1;0
1561;Fensterheber;852584;1;0,0023;1;1;1;1;0;0;0;1;1;0
1561;Fensterheber;852588;4;0,0091;1;0;1;0;0;0;0;1;1;0
1561;Fensterheber;852589;2;0,0045;1;0;1;0;0;0;0;1;1;0
1561;Fensterheber;852592;5;0,0114;1;1;1;1;0;1;0;1;1;0
1561;Fensterheber;852593;3;0,0068;1;1;1;1;0;1;0;1;1;0
1561;Fensterheber;852596;2;0,0045;1;1;0;0;0;0;0;1;1;0
1561;Fensterheber;852597;1;0,0023;1;1;0;0;0;0;0;1;1;0
1561;Fensterheber;852606;3;0,0068;1;0;1;1;0;0;0;0;1;0
1561;Fensterheber;852607;3;0,0068;1;0;1;1;0;0;0;0;1;0
1561;Fensterheber;85626406011;2;0,0045;0;0;0;0;0;0;0;0;1;0
1561;Fensterheber;8571042070;1;0,0023;0;0;1;0;1;0;0;1;1;0
1561;Fensterheber;8571052030;1;0,0023;0;0;1;0;1;0;0;1;1;0
1561;Fensterheber;8572052020;4;0,0091;0;0;1;0;1;0;0;1;1;0
1561;Fensterheber;85720?42080;2;0,0045;0;0;0;0;0;0;0;0;0;0
1561;Fensterheber;861087;1;0,0023;1;0;0;1;0;1;0;0;1;0
1561;Fensterheber;861241;1;0,0023;1;0;0;0;0;0;0;0;0;0
1561;Fensterheber;861248;1;0,0023;1;0;0;1;0;0;0;0;0;0
1561;Fensterheber;861292;1;0,0023;1;0;0;1;0;0;0;0;0;0
1561;Fensterheber;8678861;1;0,0023;0;0;0;0;0;0;0;0;0;0
1561;Fensterheber;8689418;1;0,0023;0;0;0;0;0;0;0;0;0;0
1561;Fensterheber;8689882;1;0,0023;0;0;0;0;0;0;0;0;0;0
1561;Fensterheber;868?44?14;1;0,0023;0;0;0;0;0;0;0;0;0;0
1561;Fensterheber;8704706;1;0,0023;0;0;0;0;0;0;0;0;0;0
1561;Fensterheber;87372;1;0,0023;0;0;0;0;0;0;0;0;0;0
1561;Fensterheber;87376;1;0,0023;0;0;0;1;0;0;0;0;0;0
1561;Fensterheber;87396;1;0,0023;0;0;0;0;0;0;0;0;0;0
1561;Fensterheber;88370139002;2;0,0045;0;0;0;1;0;1;0;0;0;0
1561;Fensterheber;88370139002DPA;1;0,0023;0;0;0;0;0;0;0;0;0;0
1561;Fensterheber;88370139902DPA;1;0,0023;0;0;0;0;0;0;0;0;0;0
1561;Fensterheber;88370140002DPA;2;0,0045;0;0;0;0;0;0;0;0;0;0
1561;Fensterheber;88370294602;1;0,0023;0;0;0;1;0;0;0;0;0;0
1561;Fensterheber;88370558502;1;0,0023;0;0;0;1;0;1;0;0;0;0
1561;Fensterheber;88370721702DPA;1;0,0023;0;0;0;0;0;0;0;0;0;0
1561;Fensterheber;88370803902;1;0,0023;0;0;0;1;0;0;0;0;0;0
1561;Fensterheber;88371036502;1;0,0023;0;0;0;1;0;0;0;1;0;0
1561;Fensterheber;88371794402;1;0,0023;0;0;0;1;0;1;0;1;0;0
1561;Fensterheber;88371803102DPA;1;0,0023;0;0;0;0;0;0;0;0;0;0
1561;Fensterheber;88391803402;1;0,0023;0;0;0;1;0;1;0;0;0;0
1561;Fensterheber;88391803902;3;0,0068;0;0;0;0;0;0;0;0;0;0
1561;Fensterheber;88391811102;1;0,0023;0;0;0;1;0;0;0;0;0;0
1561;Fensterheber;893837397A;2;0,0045;1;1;1;0;1;0;0;1;1;1
1561;Fensterheber;8978681142;1;0,0023;0;0;0;0;0;0;0;1;1;0
1561;Fensterheber;8A61A23209AE;2;0,0045;1;1;1;1;1;1;0;1;1;0
1561;Fensterheber;8D0837461;47;0,1067;1;1;1;1;1;0;1;1;1;1
1561;Fensterheber;8D0837461MG;2;0,0045;0;0;0;0;0;0;1;0;0;0
1561;Fensterheber;8D0837462;42;0,0954;1;1;1;1;1;0;1;1;1;1
1561;Fensterheber;8D0839461;3;0,0068;1;1;1;0;1;0;1;1;1;1
1561;Fensterheber;8D0839462;2;0,0045;1;1;1;0;1;0;1;1;1;1
1561;Fensterheber;8E0837461;4;0,0091;0;0;1;0;1;0;0;1;1;0
1561;Fensterheber;8E0837461A;3;0,0068;0;0;1;0;1;1;0;1;1;0
1561;Fensterheber;8E0837461B;24;0,0545;1;1;1;1;1;1;1;1;1;1
1561;Fensterheber;8E0837461C;479;1,0879;1;1;1;1;1;1;1;1;1;1
1561;Fensterheber;8E0837462A;3;0,0068;0;0;1;0;1;1;0;1;1;0
1561;Fensterheber;8E0837462B;12;0,0273;1;1;1;1;1;1;1;1;1;1
1561;Fensterheber;8E0837462C;223;0,5065;1;1;1;1;1;1;1;1;1;1
1561;Fensterheber;8E0839461A;1;0,0023;0;0;0;0;1;1;0;1;1;0
1561;Fensterheber;8E0839461C;32;0,0727;1;1;1;1;1;1;1;1;1;1
1561;Fensterheber;8E0839462C;31;0,0704;1;1;1;1;1;1;1;1;1;1
1561;Fensterheber;8F0837461C;3;0,0068;0;0;0;0;0;0;0;1;0;0
1561;Fensterheber;8F0837461D;1;0,0023;0;0;0;0;0;0;0;1;0;1
1561;Fensterheber;8H0837461A;16;0,0363;0;0;1;0;0;0;0;0;0;0
1561;Fensterheber;8H0837462A;11;0,025;0;0;1;0;0;0;0;0;0;0
1561;Fensterheber;8J0837461A;1;0,0023;0;0;1;1;1;0;0;1;1;0
1561;Fensterheber;8J0837461B;1;0,0023;0;0;1;1;1;0;0;1;1;0
1561;Fensterheber;8J0837461D;33;0,0749;0;1;1;1;1;0;0;1;1;1
1561;Fensterheber;8J0837461E;11;0,025;0;1;1;1;1;0;0;1;1;1
1561;Fensterheber;8J0837462C;1;0,0023;0;1;1;1;1;0;0;1;1;1
1561;Fensterheber;8J0837462D;26;0,059;0;1;1;1;1;0;0;1;1;1
1561;Fensterheber;8J0837462E;14;0,0318;0;1;1;1;1;0;0;1;1;1
1561;Fensterheber;8K0837461;1;0,0023;1;1;1;1;1;1;1;1;1;1
1561;Fensterheber;8K0837462;3;0,0068;1;1;1;1;1;1;1;1;1;1
1561;Fensterheber;8K0837462C;1;0,0023;1;1;1;1;1;1;1;1;1;1
1561;Fensterheber;8K0839462A;1;0,0023;1;1;1;0;1;1;1;1;1;1
1561;Fensterheber;8L3837461;67;0,1522;1;1;1;1;1;1;1;1;1;1
1561;Fensterheber;8L3837461MG;1;0,0023;0;0;0;0;0;0;1;0;0;0
1561;Fensterheber;8L3837462;43;0,0977;1;1;1;1;1;1;1;1;1;1
1561;Fensterheber;8L3837462MG;2;0,0045;0;0;0;0;0;0;1;0;0;0
1561;Fensterheber;8L4837461;34;0,0772;1;1;1;1;1;1;1;1;1;1
1561;Fensterheber;8L4837462;16;0,0363;1;1;1;1;1;1;1;1;1;1
1561;Fensterheber;8N0837461;19;0,0432;1;1;1;0;0;0;0;1;1;1
1561;Fensterheber;8N0837462;5;0,0114;1;1;1;0;0;0;0;1;1;1
1561;Fensterheber;8P3837461;3;0,0068;1;0;0;0;1;1;0;1;1;0
1561;Fensterheber;8P3837461A;10;0,0227;1;1;1;1;1;1;1;1;1;1
1561;Fensterheber;8P3837461C;140;0,318;1;1;1;1;1;1;1;1;1;1
1561;Fensterheber;8P3837462A;2;0,0045;1;1;1;1;1;1;1;1;1;1
1561;Fensterheber;8P3837462C;37;0,084;1;1;1;1;1;1;1;1;1;1
1561;Fensterheber;8P4837461;2;0,0045;1;0;0;0;1;0;0;1;1;0
1561;Fensterheber;8P4837461A;5;0,0114;1;1;1;1;1;0;0;1;1;0
1561;Fensterheber;8P4837461B;1;0,0023;1;1;1;1;1;0;1;1;1;1
1561;Fensterheber;8P4837461C;125;0,2839;1;1;1;1;1;0;1;1;1;1
1561;Fensterheber;8P4837462A;1;0,0023;1;1;1;1;1;0;0;1;1;0
1561;Fensterheber;8P4837462B;1;0,0023;1;1;1;1;1;0;1;1;1;1
1561;Fensterheber;8P4837462C;21;0,0477;1;0;1;1;1;0;1;1;1;1
1561;Fensterheber;8P4839461;6;0,0136;1;0;1;0;1;1;0;1;1;0
1561;Fensterheber;8P4839461A;9;0,0204;1;1;1;1;1;1;1;1;1;1
1561;Fensterheber;8P4839461B;218;0,4951;1;1;1;1;1;1;1;1;1;1
1561;Fensterheber;8P4839462;1;0,0023;1;0;1;0;1;1;0;1;1;0
1561;Fensterheber;8P4839462A;2;0,0045;1;1;1;1;1;1;1;1;1;1
1561;Fensterheber;8P4839462B;69;0,1567;1;1;1;1;1;1;1;1;1;1
1561;Fensterheber;8P7837461F;2;0,0045;0;0;0;0;0;0;0;0;0;0
1561;Fensterheber;8R0837461G;7;0,0159;1;1;1;0;0;1;1;1;1;1
1561;Fensterheber;8R0837461J;1;0,0023;1;0;1;0;1;1;0;1;1;0
1561;Fensterheber;8R0837461K;3;0,0068;1;0;1;0;1;1;1;1;1;1
1561;Fensterheber;8R0837462G;2;0,0045;1;1;1;0;1;1;1;1;1;1
1561;Fensterheber;8R0837462K;1;0,0023;1;0;1;0;1;1;1;1;1;1
1561;Fensterheber;8S0837462A;1;0,0023;0;0;1;0;0;0;0;0;0;0
1561;Fensterheber;8T0837461;1;0,0023;1;1;0;1;1;1;0;1;1;0
1561;Fensterheber;8T0837461B;4;0,0091;1;1;1;1;1;1;1;1;1;1
1561;Fensterheber;8T0837461C;13;0,0295;0;0;1;1;1;1;0;0;0;0
1561;Fensterheber;8T0837461D;11;0,025;0;0;1;1;1;1;0;0;0;0
1561;Fensterheber;8T0837462;4;0,0091;1;1;0;0;1;1;0;1;1;0
1561;Fensterheber;8T0837462B;4;0,0091;1;1;0;0;1;1;1;1;1;1
1561;Fensterheber;8T0837462C;5;0,0114;0;0;1;1;0;1;0;0;0;0
1561;Fensterheber;8T0837462D;1;0,0023;0;0;1;1;1;1;0;0;0;0
1561;Fensterheber;8T0898461;34;0,0772;1;0;0;0;1;0;0;0;1;0
1561;Fensterheber;8T0898462;1;0,0023;0;0;0;0;1;0;0;0;0;0
1561;Fensterheber;8T0898462A;22;0,05;0;0;0;0;1;0;0;0;0;0
1561;Fensterheber;8T8837461;2;0,0045;1;1;1;1;0;0;0;1;1;0
1561;Fensterheber;8T8837461B;4;0,0091;1;0;1;1;0;0;0;1;1;0
1561;Fensterheber;8T8837462;1;0,0023;1;1;1;1;0;0;0;1;1;0
1561;Fensterheber;8T8837462B;1;0,0023;1;0;1;1;0;0;0;1;1;0
1561;Fensterheber;8U0837461;4;0,0091;1;1;1;1;1;0;1;1;1;1
1561;Fensterheber;8U0837462;1;0,0023;1;1;1;1;1;0;1;1;1;1
1561;Fensterheber;8V4837461;9;0,0204;1;1;1;1;1;0;0;1;1;1
1561;Fensterheber;8V4837462;3;0,0068;1;1;1;1;1;0;0;1;1;1
1561;Fensterheber;8V4839461;35;0,0795;1;1;1;1;1;0;0;1;1;0
1561;Fensterheber;8V4839462;36;0,0818;1;1;1;1;1;0;0;1;1;1
1561;Fensterheber;8W0837461;1;0,0023;0;0;1;1;1;0;0;1;1;0
1561;Fensterheber;8W0837461A;1;0,0023;0;0;1;1;1;0;0;1;1;1
1561;Fensterheber;8W0837462;2;0,0045;0;0;1;1;1;0;0;1;1;0
1561;Fensterheber;8W0839462A;1;0,0023;0;0;1;0;1;0;0;1;1;0
1561;Fensterheber;8W6837461A;2;0,0045;0;0;0;0;0;0;0;0;0;0
1561;Fensterheber;8W6837461C;3;0,0068;0;0;0;0;0;0;0;1;1;0
1561;Fensterheber;8W6837462D;1;0,0023;0;0;0;0;0;0;0;1;1;0
1561;Fensterheber;8W7837461D;3;0,0068;0;0;0;0;0;0;0;1;1;0
1561;Fensterheber;8W8837461;16;0,0363;0;0;0;1;0;0;0;0;1;0
1561;Fensterheber;8W8837462;10;0,0227;0;0;0;1;0;0;0;0;1;0
1561;Fensterheber;8W8839461;3;0,0068;0;0;0;1;0;0;0;0;1;0
1561;Fensterheber;8X23F23200AK;1;0,0023;0;1;0;0;0;0;0;1;0;1
1561;Fensterheber;8X23F23201AD;1;0,0023;0;1;0;0;0;0;0;1;0;1
1561;Fensterheber;8X3837462A;1;0,0023;1;1;1;1;1;0;1;0;1;1
1561;Fensterheber;8X4837461A;4;0,0091;1;1;1;1;0;0;0;1;1;1
1561;Fensterheber;8Z0837461;3;0,0068;0;0;1;0;0;0;0;1;1;1
1561;Fensterheber;8Z0837461B;20;0,0454;1;1;1;0;0;0;0;1;0;0
1561;Fensterheber;8Z0837462B;1;0,0023;1;1;1;0;0;0;0;1;0;0
1561;Fensterheber;8Z0839461B;2;0,0045;1;1;1;0;0;0;0;1;1;1
1561;Fensterheber;8Z0839462B;4;0,0091;1;1;1;0;0;0;0;1;1;1
1561;Fensterheber;900403;3;0,0068;1;1;0;1;1;1;1;1;1;1
1561;Fensterheber;900406;1;0,0023;1;1;0;1;1;1;1;1;1;1
1561;Fensterheber;900407;3;0,0068;1;1;0;1;1;1;1;1;1;1
1561;Fensterheber;900502;1;0,0023;1;1;0;0;0;0;0;1;1;1
1561;Fensterheber;900504;1;0,0023;1;1;0;1;1;1;1;1;1;1
1561;Fensterheber;900505;1;0,0023;1;1;0;1;1;1;1;1;1;1
1561;Fensterheber;900527;1;0,0023;1;1;0;1;1;1;1;1;1;1
1561;Fensterheber;900530;1;0,0023;0;1;0;1;1;1;0;1;1;0
1561;Fensterheber;900544;2;0,0045;1;1;0;1;1;1;1;1;1;1
1561;Fensterheber;900545;1;0,0023;1;1;0;1;1;1;1;1;1;1
1561;Fensterheber;900554;1;0,0023;1;1;0;1;1;1;1;1;1;1
1561;Fensterheber;900558;1;0,0023;1;1;0;1;0;1;0;1;1;0
1561;Fensterheber;900630;1;0,0023;1;1;0;1;1;0;0;1;1;1
1561;Fensterheber;900631;1;0,0023;1;1;0;1;1;0;0;1;1;1
1561;Fensterheber;900798;1;0,0023;1;1;0;1;1;0;0;1;1;0
1561;Fensterheber;900802;1;0,0023;1;1;0;0;1;1;1;1;1;1
1561;Fensterheber;900817;1;0,0023;1;1;0;0;1;0;0;1;1;0
1561;Fensterheber;900823;1;0,0023;1;1;0;1;1;0;0;1;1;0
1561;Fensterheber;900884;1;0,0023;1;1;0;0;1;0;1;1;1;1
1561;Fensterheber;900918;1;0,0023;1;1;0;1;1;1;0;1;1;0
1561;Fensterheber;900922;1;0,0023;1;1;0;1;0;0;1;1;1;1
1561;Fensterheber;900926;1;0,0023;1;1;0;0;1;0;0;1;1;0
1561;Fensterheber;900927;1;0,0023;1;1;0;0;1;0;0;1;1;0
1561;Fensterheber;900928;1;0,0023;1;1;0;1;1;0;0;1;1;0
1561;Fensterheber;900930;1;0,0023;1;1;0;0;1;0;0;1;1;0
1561;Fensterheber;900943;2;0,0045;1;1;0;0;1;1;0;1;1;0
1561;Fensterheber;900944;1;0,0023;1;1;0;0;1;1;0;1;1;0
1561;Fensterheber;900967;1;0,0023;1;1;0;1;1;1;0;1;1;0
1561;Fensterheber;900982;1;0,0023;1;1;0;1;0;0;0;1;1;0
1561;Fensterheber;900993;1;0,0023;1;1;0;0;1;0;0;1;1;0
1561;Fensterheber;901014;1;0,0023;1;1;0;1;1;0;0;1;1;1
1561;Fensterheber;901091;2;0,0045;1;1;0;1;1;0;0;1;1;0
1561;Fensterheber;901092;1;0,0023;1;1;0;1;0;1;0;1;1;0
1561;Fensterheber;901101;1;0,0023;1;1;0;1;1;0;0;1;1;1
1561;Fensterheber;901110;1;0,0023;1;1;0;0;1;0;0;1;1;0
1561;Fensterheber;901123;1;0,0023;0;1;0;0;1;1;0;1;1;1
1561;Fensterheber;901125;1;0,0023;1;1;0;1;0;1;1;1;1;1
1561;Fensterheber;901126;1;0,0023;1;1;0;1;0;0;0;1;1;1
1561;Fensterheber;901131;1;0,0023;1;1;0;1;1;0;1;1;1;1
1561;Fensterheber;901132;4;0,0091;1;1;0;1;1;1;1;1;1;1
1561;Fensterheber;901138;2;0,0045;1;1;0;1;1;1;0;1;1;1
1561;Fensterheber;901140;1;0,0023;1;1;0;1;1;1;1;1;1;0
1561;Fensterheber;901143;2;0,0045;1;1;0;1;1;0;1;0;1;1
1561;Fensterheber;901144;1;0,0023;1;1;0;1;1;0;1;0;1;1
1561;Fensterheber;901147;3;0,0068;1;1;0;1;1;0;1;1;1;1
1561;Fensterheber;901148;2;0,0045;1;1;0;1;1;0;1;1;1;1
1561;Fensterheber;901162;1;0,0023;1;1;0;1;1;0;0;1;1;0
1561;Fensterheber;901167;1;0,0023;1;1;0;0;0;0;0;1;1;1
1561;Fensterheber;901168;1;0,0023;1;1;0;0;0;0;0;1;1;1
1561;Fensterheber;901187;1;0,0023;1;1;0;1;1;1;1;1;1;1
1561;Fensterheber;901235;1;0,0023;1;1;0;1;0;0;0;1;1;0
1561;Fensterheber;901247;2;0,0045;1;1;0;1;1;0;1;1;1;1
1561;Fensterheber;901248;2;0,0045;1;1;0;1;1;0;1;1;1;1
1561;Fensterheber;901252;1;0,0023;1;1;0;1;1;1;0;1;1;0
1561;Fensterheber;901253;1;0,0023;1;1;0;1;1;1;1;1;1;0
1561;Fensterheber;901254;2;0,0045;1;1;0;1;1;1;1;1;1;0
1561;Fensterheber;901264;2;0,0045;1;1;0;1;1;0;1;1;1;0
1561;Fensterheber;901300;1;0,0023;1;1;0;1;1;0;0;1;1;0
1561;Fensterheber;901303;1;0,0023;1;1;0;1;1;0;0;1;1;0
1561;Fensterheber;901307;1;0,0023;1;1;0;1;0;1;0;1;1;0
1561;Fensterheber;901327;2;0,0045;1;1;0;1;0;0;0;1;1;0
1561;Fensterheber;901328;1;0,0023;1;1;0;1;0;0;0;1;1;1
1561;Fensterheber;901329;2;0,0045;0;1;0;0;1;0;0;0;1;1
1561;Fensterheber;901354;3;0,0068;1;1;0;1;0;1;0;1;1;0
1561;Fensterheber;90139494;1;0,0023;0;0;0;0;1;0;0;1;1;0
1561;Fensterheber;901422;1;0,0023;0;1;0;1;1;1;0;1;1;0
1561;Fensterheber;901435;3;0,0068;0;1;0;1;1;0;0;1;1;0
1561;Fensterheber;901441;1;0,0023;1;1;0;1;0;1;0;1;1;0
1561;Fensterheber;901442;1;0,0023;1;0;0;1;0;1;0;1;1;0
1561;Fensterheber;901485;5;0,0114;1;1;0;0;1;0;0;1;1;0
1561;Fensterheber;901521;1;0,0023;1;0;0;0;0;0;0;1;1;0
1561;Fensterheber;901522;1;0,0023;1;0;0;0;0;1;0;1;1;0
1561;Fensterheber;901525;1;0,0023;1;0;0;0;1;1;0;1;1;0
1561;Fensterheber;901537;2;0,0045;0;0;0;1;1;1;1;0;1;1
1561;Fensterheber;901632;1;0,0023;1;1;0;1;1;0;0;1;1;1
1561;Fensterheber;901655;2;0,0045;1;0;0;1;0;1;0;1;1;0
1561;Fensterheber;901670;1;0,0023;1;0;0;1;0;0;0;1;1;0
1561;Fensterheber;901672;1;0,0023;1;1;0;1;1;0;1;1;1;0
1561;Fensterheber;9017200946;1;0,0023;0;0;0;0;0;0;0;0;0;0
1561;Fensterheber;902211;1;0,0023;0;1;0;1;0;0;1;1;1;1
1561;Fensterheber;902229;1;0,0023;0;0;0;1;1;1;0;0;0;1
1561;Fensterheber;902289;1;0,0023;0;1;0;1;1;0;0;1;0;1
1561;Fensterheber;90232;1;0,0023;0;0;0;0;0;0;0;0;0;0
1561;Fensterheber;902416;1;0,0023;1;0;0;1;0;1;1;1;1;1
1561;Fensterheber;902426;1;0,0023;0;1;0;1;1;1;0;1;1;0
1561;Fensterheber;902486;1;0,0023;0;0;0;0;0;0;0;0;1;1
1561;Fensterheber;902790;1;0,0023;0;0;0;1;1;1;0;0;0;0
1561;Fensterheber;904064;1;0,0023;0;0;0;0;0;0;0;0;0;0
1561;Fensterheber;90444381;2;0,0045;1;1;0;0;1;0;0;1;1;1
1561;Fensterheber;90512644;1;0,0023;1;1;0;1;1;0;0;1;1;1
1561;Fensterheber;90521877;15;0,0341;1;1;1;1;1;0;1;1;1;1
1561;Fensterheber;90521878;9;0,0204;1;1;1;1;1;0;1;1;1;1
1561;Fensterheber;90579539;7;0,0159;0;1;1;0;1;0;0;1;1;1
1561;Fensterheber;90579540;2;0,0045;0;1;1;0;1;0;0;1;1;1
1561;Fensterheber;9067200046;1;0,0023;1;1;1;1;0;0;0;1;0;0
1561;Fensterheber;9067200146;1;0,0023;1;1;1;1;0;0;0;0;0;0
1561;Fensterheber;910039;1;0,0023;1;1;0;0;1;0;1;1;1;1
1561;Fensterheber;910050;1;0,0023;1;1;0;1;1;0;0;1;1;0
1561;Fensterheber;910061;1;0,0023;1;1;0;0;1;0;0;1;1;0
1561;Fensterheber;910201;1;0,0023;1;1;0;1;1;1;1;1;1;1
1561;Fensterheber;91144856;1;0,0023;1;1;0;0;0;0;0;1;1;0
1561;Fensterheber;91144857;1;0,0023;1;1;0;0;0;0;0;1;1;0
1561;Fensterheber;91157979;1;0,0023;0;0;0;0;1;0;0;1;1;0
1561;Fensterheber;91165704;35;0,0795;0;1;1;1;1;0;1;1;1;1
1561;Fensterheber;91165705;19;0,0432;0;1;1;1;1;0;1;1;1;1
1561;Fensterheber;9121031;1;0,0023;1;1;1;0;1;1;0;0;0;0
1561;Fensterheber;9121032;1;0,0023;0;1;1;0;1;1;0;0;0;0
1561;Fensterheber;9160790;1;0,0023;0;0;1;1;1;0;0;1;1;1
1561;Fensterheber;9160792;1;0,0023;0;1;1;0;1;1;0;0;0;0
1561;Fensterheber;9160793;2;0,0045;0;0;1;0;1;1;0;0;0;0
1561;Fensterheber;9196093;1;0,0023;1;0;0;0;1;0;0;0;0;0
1561;Fensterheber;9196401;1;0,0023;0;1;0;0;1;0;0;1;1;1
1561;Fensterheber;9196410;1;0,0023;0;1;0;0;1;0;0;1;1;1
1561;Fensterheber;920040;2;0,0045;1;1;0;0;1;0;1;1;1;1
1561;Fensterheber;920041;3;0,0068;1;1;0;0;1;0;1;1;1;1
1561;Fensterheber;920048;3;0,0068;1;1;0;1;1;0;1;1;1;1
1561;Fensterheber;920049;1;0,0023;1;1;0;1;1;0;1;1;1;1
1561;Fensterheber;920204;1;0,0023;1;1;0;1;1;1;1;1;1;1
1561;Fensterheber;920205;1;0,0023;1;1;0;1;1;1;1;1;1;1
1561;Fensterheber;9206373;3;0,0068;1;1;1;0;1;0;0;1;1;1
1561;Fensterheber;9215911;4;0,0091;1;0;1;0;1;0;0;1;1;1
1561;Fensterheber;922169;1;0,0023;1;1;0;0;1;0;0;1;1;0
1561;Fensterheber;9221A4;20;0,0454;1;1;1;1;1;1;1;1;1;1
1561;Fensterheber;9221AC;10;0,0227;0;0;1;0;0;0;0;0;0;1
1561;Fensterheber;9221AF;2;0,0045;0;0;0;0;0;1;0;0;0;0
1561;Fensterheber;9221AP;3;0,0068;1;1;1;1;1;0;0;1;1;1
1561;Fensterheber;9221AQ;27;0,0613;1;1;1;1;1;0;1;1;1;1
1561;Fensterheber;9221ASG1;2;0,0045;0;0;0;0;1;0;0;1;0;0
1561;Fensterheber;9221CR;1;0,0023;1;0;0;0;1;0;0;1;1;0
1561;Fensterheber;9221CV;4;0,0091;1;1;1;1;1;0;0;1;1;1
1561;Fensterheber;9221CW;5;0,0114;1;1;1;1;1;0;0;1;1;1
1561;Fensterheber;9221E9;2;0,0045;1;1;1;0;1;0;0;1;1;1
1561;Fensterheber;9221EE;5;0,0114;0;0;0;0;0;0;0;1;0;1
1561;Fensterheber;9221EP;33;0,0749;1;1;1;1;1;0;1;1;1;1
1561;Fensterheber;9221EQ;24;0,0545;1;1;1;1;0;0;0;1;1;1
1561;Fensterheber;9221ER;4;0,0091;1;1;0;0;0;0;0;1;0;1
1561;Fensterheber;9221ES;31;0,0704;1;1;1;0;1;0;1;1;1;1
1561;Fensterheber;9221ET;1;0,0023;1;1;1;0;0;0;1;1;0;1
1561;Fensterheber;9221F4;1;0,0023;1;1;1;0;1;0;0;1;1;1
1561;Fensterheber;9221F6;9;0,0204;1;1;1;0;0;0;1;1;1;1
1561;Fensterheber;9221F8;1;0,0023;1;1;1;0;1;0;0;1;1;1
1561;Fensterheber;9221F9;5;0,0114;1;1;1;0;1;0;0;1;1;1
1561;Fensterheber;9221FC;3;0,0068;0;0;0;0;0;0;0;1;0;0
1561;Fensterheber;9221FF;3;0,0068;1;1;0;1;1;0;0;1;1;1
1561;Fensterheber;9221FQ;12;0,0273;1;1;1;1;1;0;1;1;1;1
1561;Fensterheber;9221FR;61;0,1385;1;1;1;1;1;0;0;1;1;1
1561;Fensterheber;9221FS;2;0,0045;0;1;0;0;0;0;0;1;0;1
1561;Fensterheber;9221FT;9;0,0204;1;1;1;1;1;0;0;1;1;1
1561;Fensterheber;9221FV;3;0,0068;0;1;0;0;0;0;0;0;0;1
1561;Fensterheber;9221FW;1;0,0023;1;1;0;0;1;0;0;1;1;0
1561;Fensterheber;9221FY;37;0,084;1;1;1;1;0;0;1;1;1;1
1561;Fensterheber;9221FZ;11;0,025;1;1;1;0;1;0;0;1;1;1
1561;Fensterheber;9221G0;3;0,0068;1;1;1;0;1;0;0;1;1;1
1561;Fensterheber;9221G2;47;0,1067;1;1;1;0;1;0;1;1;1;1
1561;Fensterheber;9221G3;206;0,4679;1;1;1;1;1;0;1;1;1;1
1561;Fensterheber;9221G8;1;0,0023;0;1;0;0;1;0;0;1;1;1
1561;Fensterheber;9221GC;1;0,0023;1;0;1;0;0;0;0;0;0;1
1561;Fensterheber;9221GE;123;0,2793;1;1;1;0;1;0;1;1;1;1
1561;Fensterheber;9221GL;6;0,0136;1;1;1;0;0;0;0;0;1;1
1561;Fensterheber;9221GR;38;0,0863;1;1;1;1;1;0;0;1;1;1
1561;Fensterheber;9221GY;107;0,243;1;1;1;1;1;1;0;1;1;1
1561;Fensterheber;9221H1;4;0,0091;1;1;1;0;1;0;0;1;1;1
1561;Fensterheber;9221H2;1;0,0023;1;1;1;0;1;0;0;1;1;1
1561;Fensterheber;9221H5;2;0,0045;1;1;1;0;1;0;0;1;1;1
1561;Fensterheber;9221HE;1;0,0023;1;1;1;1;1;0;1;1;1;1
1561;Fensterheber;9221HG;59;0,134;1;1;1;0;1;1;1;1;1;1
1561;Fensterheber;9221K0;25;0,0568;1;1;1;1;1;0;0;1;1;1
1561;Fensterheber;9221K1;2;0,0045;1;1;1;0;1;0;0;1;1;1
1561;Fensterheber;9221K9;7;0,0159;1;1;1;1;1;0;0;1;1;1
1561;Fensterheber;9221L1;1;0,0023;1;1;1;0;1;0;0;1;1;1
1561;Fensterheber;9221L3;26;0,059;1;1;1;0;1;0;1;1;1;1
1561;Fensterheber;9221L4;3;0,0068;1;1;0;1;1;1;0;1;1;1
1561;Fensterheber;9221N7;2;0,0045;1;1;1;1;1;0;1;1;1;1
1561;Fensterheber;9221P0;1;0,0023;0;1;1;1;1;1;0;1;1;1
1561;Fensterheber;9221P1;3;0,0068;1;1;0;0;1;0;0;1;1;1
1561;Fensterheber;9221P7;4;0,0091;1;1;1;1;1;0;0;1;1;1
1561;Fensterheber;9221Q2;2;0,0045;1;1;0;0;0;0;0;1;1;1
1561;Fensterheber;9221Q5;12;0,0273;1;1;1;1;1;0;0;1;1;1
1561;Fensterheber;9221Q6;51;0,1158;1;1;1;0;1;1;1;1;1;1
1561;Fensterheber;9221S1;1;0,0023;1;1;1;1;0;0;0;1;1;1
1561;Fensterheber;9221T8;15;0,0341;1;1;1;1;1;1;0;1;1;1
1561;Fensterheber;9221V1;19;0,0432;1;1;1;1;1;0;0;1;1;1
1561;Fensterheber;9221W0;54;0,1226;1;1;1;1;1;1;0;1;1;1
1561;Fensterheber;9221W2;1;0,0023;0;0;0;0;0;0;0;0;0;0
1561;Fensterheber;9221X1;6;0,0136;1;1;1;1;1;0;0;1;1;1
1561;Fensterheber;9221X4;1;0,0023;0;1;1;0;0;0;0;1;1;1
1561;Fensterheber;9221X5;1;0,0023;1;1;0;0;0;0;1;1;1;1
1561;Fensterheber;9221Y3;16;0,0363;1;1;1;0;1;0;0;1;1;1
1561;Fensterheber;9221Z6;26;0,059;1;1;1;0;1;1;1;1;1;1
1561;Fensterheber;922290;1;0,0023;0;1;1;0;1;0;0;0;0;0
1561;Fensterheber;9222A4;11;0,025;1;1;1;1;1;1;1;1;1;1
1561;Fensterheber;9222AA;4;0,0091;0;0;1;0;0;0;0;0;0;1
1561;Fensterheber;9222AN;7;0,0159;1;1;1;1;1;0;0;1;1;1
1561;Fensterheber;9222AP;3;0,0068;1;1;1;1;1;0;1;1;1;1
1561;Fensterheber;9222ASGM;1;0,0023;0;0;0;0;1;0;0;1;1;0
1561;Fensterheber;9222CT;7;0,0159;1;1;1;1;1;0;0;1;1;1
1561;Fensterheber;9222CV;9;0,0204;1;1;1;1;1;0;0;1;1;1
1561;Fensterheber;9222E5;1;0,0023;1;1;0;0;1;0;0;1;0;1
1561;Fensterheber;9222EC;1;0,0023;0;0;0;0;0;0;0;1;0;1
1561;Fensterheber;9222EN;18;0,0409;1;1;1;1;1;0;1;1;1;1
1561;Fensterheber;9222EP;14;0,0318;0;1;1;1;0;0;0;1;1;1
1561;Fensterheber;9222EQ;24;0,0545;1;1;0;0;1;0;0;1;1;1
1561;Fensterheber;9222ER;13;0,0295;1;1;1;0;1;0;1;1;1;1
1561;Fensterheber;9222ET;1;0,0023;1;1;0;0;0;0;0;0;0;1
1561;Fensterheber;9222F6;1;0,0023;1;1;1;0;1;0;0;1;1;1
1561;Fensterheber;9222F7;8;0,0182;1;1;1;0;1;0;0;1;1;1
1561;Fensterheber;9222F8;3;0,0068;1;1;1;0;1;0;0;1;1;1
1561;Fensterheber;9222F9;12;0,0273;1;1;0;0;1;0;1;1;1;1
1561;Fensterheber;9222FF;1;0,0023;1;1;0;1;1;0;0;1;1;1
1561;Fensterheber;9222FP;104;0,2362;1;1;1;1;1;0;1;1;1;1
1561;Fensterheber;9222FQ;60;0,1363;1;1;1;1;1;0;0;1;1;1
1561;Fensterheber;9222FS;1;0,0023;1;1;1;1;1;0;0;1;1;0
1561;Fensterheber;9222FX;26;0,059;1;1;1;1;0;0;1;1;1;1
1561;Fensterheber;9222FY;4;0,0091;1;1;1;0;1;0;0;1;1;1
1561;Fensterheber;9222G1;87;0,1976;1;1;1;1;1;0;1;1;1;1
1561;Fensterheber;9222G9;1;0,0023;1;1;1;0;1;0;0;1;1;1
1561;Fensterheber;9222GA;1;0,0023;1;0;1;0;0;0;0;0;0;1
1561;Fensterheber;9222GC;7;0,0159;1;1;1;0;1;0;1;1;1;1
1561;Fensterheber;9222GH;3;0,0068;1;0;1;0;0;0;0;0;1;1
1561;Fensterheber;9222GN;10;0,0227;1;1;1;0;1;0;0;1;1;1
1561;Fensterheber;9222GS;1;0,0023;0;1;1;0;1;0;0;1;1;1
1561;Fensterheber;9222GT;113;0,2566;0;1;1;0;1;1;0;1;1;1
1561;Fensterheber;9222GV;3;0,0068;1;1;1;1;1;0;0;1;0;1
1561;Fensterheber;9222H3;2;0,0045;1;1;1;0;1;0;0;1;1;1
1561;Fensterheber;9222HE;32;0,0727;1;1;1;0;1;1;0;1;1;1
1561;Fensterheber;9222HF;5;0,0114;1;1;1;0;1;1;1;1;1;1
1561;Fensterheber;9222J0;1;0,0023;1;0;1;0;0;0;0;1;1;0
1561;Fensterheber;9222J9;8;0,0182;1;1;1;1;1;0;0;1;1;1
1561;Fensterheber;9222K0;2;0,0045;1;1;1;0;1;0;0;1;1;1
1561;Fensterheber;9222K5;8;0,0182;1;1;1;0;1;0;1;1;1;1
1561;Fensterheber;9222K7;2;0,0045;1;1;1;1;1;0;0;1;1;1
1561;Fensterheber;9222N8;1;0,0023;0;1;0;1;1;1;0;1;1;1
1561;Fensterheber;9222P5;2;0,0045;1;1;1;1;1;0;0;1;1;1
1561;Fensterheber;9222Q0;7;0,0159;1;1;0;0;0;0;0;1;1;1
1561;Fensterheber;9222Q3;1;0,0023;1;1;1;1;1;0;0;1;1;1
1561;Fensterheber;9222Q4;46;0,1045;1;1;1;0;1;1;1;1;1;1
1561;Fensterheber;9222R1;1;0,0023;1;1;1;1;0;0;0;1;1;1
1561;Fensterheber;9222T6;18;0,0409;1;1;1;1;1;1;0;1;1;1
1561;Fensterheber;9222V0;9;0,0204;1;1;1;1;1;0;0;1;1;1
1561;Fensterheber;9222V9;36;0,0818;1;1;1;1;1;1;0;1;1;1
1561;Fensterheber;9222W9;6;0,0136;1;1;1;0;1;0;0;1;1;1
1561;Fensterheber;9222X0;1;0,0023;1;0;0;1;0;0;0;1;1;0
1561;Fensterheber;9222Y2;7;0,0159;1;1;1;0;1;0;0;1;1;1
1561;Fensterheber;9222Z4;1;0,0023;1;1;1;0;1;1;1;1;1;1
1561;Fensterheber;9222Z5;13;0,0295;1;1;1;0;1;1;0;1;1;1
1561;Fensterheber;9222?FY;1;0,0023;0;0;0;0;0;0;0;0;0;0
1561;Fensterheber;922352;1;0,0023;1;1;0;0;1;0;0;1;1;1
1561;Fensterheber;922357;5;0,0114;1;1;0;0;0;0;0;0;1;0
1561;Fensterheber;922364;1;0,0023;1;1;1;0;1;0;0;1;1;1
1561;Fensterheber;922371;1;0,0023;1;1;0;0;1;0;0;1;1;1
1561;Fensterheber;922385;22;0,05;1;1;1;0;1;0;1;1;1;1
1561;Fensterheber;922393;1;0,0023;0;1;0;0;0;0;0;0;1;1
1561;Fensterheber;9223C3;1;0,0023;0;0;0;0;0;0;0;0;1;0
1561;Fensterheber;9223C5;1;0,0023;0;1;1;0;1;0;0;1;1;1
1561;Fensterheber;9223E2;3;0,0068;0;1;1;0;0;0;0;1;1;1
1561;Fensterheber;9223E8;1;0,0023;0;0;0;0;1;0;0;0;1;0
1561;Fensterheber;9223F8;2;0,0045;1;0;0;0;0;0;0;1;0;0
1561;Fensterheber;9223G5;1;0,0023;1;1;1;0;1;0;0;1;1;1
1561;Fensterheber;9223G6;9;0,0204;1;0;1;0;1;0;0;1;1;1
1561;Fensterheber;9223H5;74;0,1681;1;1;1;0;1;0;0;1;1;1
1561;Fensterheber;9223H6;4;0,0091;1;1;0;0;1;0;0;1;0;0
1561;Fensterheber;922458;1;0,0023;1;1;0;0;0;0;0;0;1;0
1561;Fensterheber;922467;2;0,0045;1;1;1;0;1;0;0;1;1;1
1561;Fensterheber;922470;1;0,0023;1;1;0;0;1;0;0;1;1;1
1561;Fensterheber;922491;34;0,0772;1;1;1;0;1;0;1;1;1;1
1561;Fensterheber;922497;1;0,0023;0;1;0;0;0;0;0;0;1;1
1561;Fensterheber;9224A0;1;0,0023;0;0;0;0;0;0;0;0;0;0
1561;Fensterheber;9224A8;2;0,0045;1;1;0;0;1;0;0;1;1;1
1561;Fensterheber;9224E6;3;0,0068;0;1;1;0;0;0;0;1;1;1
1561;Fensterheber;9224F3;1;0,0023;1;1;1;0;1;0;0;1;1;1
1561;Fensterheber;9224G3;1;0,0023;1;1;1;1;1;0;0;1;1;1
1561;Fensterheber;9224G4;3;0,0068;1;1;0;0;0;0;0;1;1;1
1561;Fensterheber;9224G9;1;0,0023;1;1;1;0;1;0;0;1;1;1
1561;Fensterheber;9224H4;1;0,0023;1;1;1;1;1;0;0;1;1;1
1561;Fensterheber;9224H9;70;0,159;1;1;1;0;1;0;0;1;1;1
1561;Fensterheber;9224J0;1;0,0023;1;1;0;0;1;0;0;1;0;0
1561;Fensterheber;92895;1;0,0023;0;0;0;0;0;0;0;0;0;0
1561;Fensterheber;93164240;2;0,0045;1;0;0;1;0;0;0;0;0;1
1561;Fensterheber;93165969;1;0,0023;1;0;0;1;0;0;0;1;0;1
1561;Fensterheber;93165970;5;0,0114;1;0;0;1;0;0;0;1;0;1
1561;Fensterheber;93167945;12;0,0273;0;0;1;0;1;0;0;0;1;1
1561;Fensterheber;93167946;5;0,0114;0;0;1;0;1;0;0;1;1;1
1561;Fensterheber;93168802;2;0,0045;0;0;1;1;1;0;0;1;1;0
1561;Fensterheber;93168803;1;0,0023;1;0;1;1;1;0;0;1;1;0
1561;Fensterheber;93171820;7;0,0159;1;1;1;0;1;0;0;1;1;1
1561;Fensterheber;93171821;3;0,0068;1;1;1;0;1;0;0;1;1;1
1561;Fensterheber;93171827;2;0,0045;1;0;0;0;1;0;0;1;1;1
1561;Fensterheber;93171828;1;0,0023;1;1;0;0;1;0;0;1;1;1
1561;Fensterheber;93178695;19;0,0432;1;1;1;1;1;0;0;1;1;1
1561;Fensterheber;93178696;5;0,0114;1;1;1;1;1;0;0;1;1;1
1561;Fensterheber;93184842;1;0,0023;0;1;1;1;1;0;0;1;1;1
1561;Fensterheber;93186824;6;0,0136;1;1;1;0;1;0;0;1;1;1
1561;Fensterheber;93186828;8;0,0182;1;1;0;0;1;0;0;1;1;1
1561;Fensterheber;93186829;1;0,0023;1;1;0;0;1;0;0;1;1;1
1561;Fensterheber;93186830;1;0,0023;1;1;1;1;1;0;0;1;1;1
1561;Fensterheber;93189355;6;0,0136;1;0;0;0;1;0;0;1;1;0
1561;Fensterheber;93189578;1;0,0023;0;0;0;0;0;0;0;0;0;0
1561;Fensterheber;93193629;1;0,0023;0;0;0;0;1;0;0;1;1;0
1561;Fensterheber;93362663;31;0,0704;1;1;1;1;1;0;0;1;1;0
1561;Fensterheber;93362664;35;0,0795;1;1;1;1;1;0;0;1;1;0
1561;Fensterheber;93367905;12;0,0273;0;0;1;0;1;0;0;0;1;0
1561;Fensterheber;93367906;10;0,0227;0;0;1;0;1;0;0;0;1;0
1561;Fensterheber;93389551;2;0,0045;0;0;0;0;1;0;0;1;1;0
1561;Fensterheber;93867657;1;0,0023;1;0;1;0;1;0;0;1;1;1
1561;Fensterheber;93876;1;0,0023;0;0;0;0;0;0;0;0;0;0
1561;Fensterheber;94550807;1;0,0023;1;0;0;1;1;0;0;0;0;0
1561;Fensterheber;950135;1;0,0023;1;1;0;0;1;1;0;0;1;1
1561;Fensterheber;950309;1;0,0023;1;1;0;1;1;0;0;1;1;1
1561;Fensterheber;950328;1;0,0023;1;1;0;1;1;0;1;1;1;1
1561;Fensterheber;950356;1;0,0023;1;1;0;0;1;0;1;1;1;1
1561;Fensterheber;95071804;1;0,0023;0;0;1;1;0;1;0;0;1;0
1561;Fensterheber;95093206;1;0,0023;1;1;0;0;0;0;0;1;1;1
1561;Fensterheber;95093215;1;0,0023;1;0;0;0;0;0;0;0;0;0
1561;Fensterheber;9513PSG1;1;0,0023;0;0;0;1;0;0;0;0;0;0
1561;Fensterheber;9513PSG3A;1;0,0023;0;0;0;0;0;0;0;0;0;0
1561;Fensterheber;9513PSG6;2;0,0045;0;0;0;1;0;0;0;0;0;0
1561;Fensterheber;95226745;2;0,0045;1;1;1;0;1;0;0;0;0;1
1561;Fensterheber;95226746;1;0,0023;1;1;1;0;1;0;0;0;0;1
1561;Fensterheber;95231801;3;0,0068;0;0;1;1;1;1;1;0;1;1
1561;Fensterheber;95231803;2;0,0045;0;0;0;1;0;1;0;0;0;0
1561;Fensterheber;95241801;4;0,0091;0;0;1;1;1;1;0;0;1;1
1561;Fensterheber;95241802;1;0,0023;0;0;1;1;1;1;0;0;1;1
1561;Fensterheber;9526PSG1POL;1;0,0023;0;0;0;0;0;0;0;0;0;0
1561;Fensterheber;9526PSG5POL;1;0,0023;0;0;0;0;0;0;0;0;0;0
1561;Fensterheber;95298985;1;0,0023;1;1;1;1;1;0;0;1;1;1
1561;Fensterheber;9533PSG1;1;0,0023;0;0;0;1;0;1;0;0;0;0
1561;Fensterheber;9533PSG5;1;0,0023;0;0;0;1;0;1;0;0;0;0
1561;Fensterheber;9533PSG5POL;1;0,0023;0;0;0;0;0;0;0;0;0;0
1561;Fensterheber;95346594;1;0,0023;0;0;0;0;0;0;0;0;0;0
1561;Fensterheber;95391801;1;0,0023;0;0;1;1;1;1;0;0;1;1
1561;Fensterheber;95451702;1;0,0023;0;0;0;1;1;1;0;1;0;0
1561;Fensterheber;9548PSG1;1;0,0023;0;0;0;1;0;0;0;0;0;0
1561;Fensterheber;9548PSG2;1;0,0023;0;0;0;1;0;0;0;0;0;0
1561;Fensterheber;95508037;13;0,0295;1;0;1;1;1;0;0;1;1;0
1561;Fensterheber;95508038;4;0,0091;1;0;1;1;1;0;0;1;1;0
1561;Fensterheber;95509365;5;0,0114;1;1;1;1;1;0;0;1;1;0
1561;Fensterheber;95512982;5;0,0114;1;0;0;1;1;0;0;1;1;1
1561;Fensterheber;95512983;4;0,0091;1;1;0;1;1;0;0;1;1;1
1561;Fensterheber;95526063;1;0,0023;1;0;0;1;1;0;0;0;0;0
1561;Fensterheber;95553346203;1;0,0023;1;1;1;1;1;0;1;1;1;1
1561;Fensterheber;95554246101;1;0,0023;1;0;0;1;1;1;0;0;1;0
1561;Fensterheber;95554246104;4;0,0091;1;1;1;0;1;1;1;1;1;1
1561;Fensterheber;95554246201;10;0,0227;1;0;0;1;1;1;0;0;1;0
1561;Fensterheber;95554246204;10;0,0227;1;1;1;1;1;1;1;1;1;1
1561;Fensterheber;9555PSG1;1;0,0023;0;0;0;1;0;1;0;0;0;0
1561;Fensterheber;9578PSG7;1;0,0023;0;0;0;1;0;0;0;0;0;0
1561;Fensterheber;95954796;1;0,0023;1;1;0;0;1;0;0;1;1;1
1561;Fensterheber;95B837461B;1;0,0023;0;0;0;0;0;0;0;0;0;0
1561;Fensterheber;95VWA23201BF;1;0,0023;0;0;0;0;0;0;1;0;0;1
1561;Fensterheber;960034;1;0,0023;1;1;0;1;1;1;0;1;1;0
1561;Fensterheber;96072;1;0,0023;0;0;0;1;0;1;0;0;0;0
1561;Fensterheber;9607201146;2;0,0045;0;1;0;0;0;1;0;0;0;0
1561;Fensterheber;9607201346;1;0,0023;1;1;0;0;1;1;0;1;0;0
1561;Fensterheber;96190207;1;0,0023;0;0;1;0;1;0;0;1;1;0
1561;Fensterheber;96190208;1;0,0023;0;0;1;0;1;0;0;1;1;0
1561;Fensterheber;96225383;2;0,0045;1;1;1;0;1;0;0;1;1;1
1561;Fensterheber;9625735;16;0,0363;0;0;0;0;0;0;0;0;0;0
1561;Fensterheber;9625737;2;0,0045;0;0;0;0;0;0;0;0;0;0
1561;Fensterheber;9625738;1;0,0023;0;0;0;0;0;0;0;0;0;0
1561;Fensterheber;9625785;2;0,0045;0;0;0;0;0;0;0;0;0;0
1561;Fensterheber;9625786;1;0,0023;0;0;0;0;0;0;0;0;0;0
1561;Fensterheber;96261054;1;0,0023;0;1;0;0;0;0;0;1;0;1
1561;Fensterheber;9626735;14;0,0318;0;0;0;0;0;0;0;0;0;0
1561;Fensterheber;9626736;3;0,0068;0;0;0;0;0;0;0;0;0;0
1561;Fensterheber;9626786;2;0,0045;0;0;0;0;0;0;0;0;0;0
1561;Fensterheber;9628764780444;1;0,0023;0;0;0;0;0;0;0;1;0;0
1561;Fensterheber;9634456980;1;0,0023;1;1;0;0;1;0;0;1;0;1
1561;Fensterheber;9643808080;1;0,0023;1;0;1;0;1;0;0;1;1;0
1561;Fensterheber;96485141;1;0,0023;0;0;1;0;1;0;0;1;1;1
1561;Fensterheber;9652735;10;0,0227;0;0;0;0;0;0;0;0;0;0
1561;Fensterheber;9652735CP;1;0,0023;0;0;0;0;0;0;0;0;0;0
1561;Fensterheber;9652736;8;0,0182;0;0;0;0;0;0;0;0;0;0
1561;Fensterheber;9652737;5;0,0114;0;0;0;0;0;0;0;0;0;0
1561;Fensterheber;9653786;1;0,0023;0;0;0;0;0;0;0;0;0;0
1561;Fensterheber;96541783;1;0,0023;1;1;1;0;1;0;0;1;1;1
1561;Fensterheber;96541784;1;0,0023;1;1;1;0;1;0;0;1;1;1
1561;Fensterheber;96548080;1;0,0023;0;1;0;0;0;0;0;0;0;1
1561;Fensterheber;96548081;2;0,0045;0;1;0;0;0;0;0;0;0;1
1561;Fensterheber;96585711;1;0,0023;1;1;0;0;0;0;0;1;1;1
1561;Fensterheber;96585712;1;0,0023;1;1;0;0;0;0;0;1;1;1
1561;Fensterheber;96601565;3;0,0068;1;1;1;0;1;0;0;1;1;1
1561;Fensterheber;96601566;3;0,0068;1;1;1;0;1;0;0;1;1;1
1561;Fensterheber;96624332;1;0,0023;1;1;0;0;0;0;0;1;1;1
1561;Fensterheber;9666731;1;0,0023;0;0;0;0;0;0;0;0;0;0
1561;Fensterheber;9666735;1;0,0023;0;0;0;0;0;0;0;0;0;0
1561;Fensterheber;9666736;2;0,0045;0;0;0;0;0;0;0;0;0;0
1561;Fensterheber;9668735;5;0,0114;0;0;0;0;0;0;0;0;0;0
1561;Fensterheber;9668736;1;0,0023;0;0;0;0;0;0;0;0;0;0
1561;Fensterheber;96688;1;0,0023;0;0;0;0;0;0;0;0;0;0
1561;Fensterheber;9673153280;3;0,0068;1;1;1;0;1;1;0;1;1;0
1561;Fensterheber;9673153880;1;0,0023;0;0;0;0;0;0;0;1;0;1
1561;Fensterheber;9673154180;1;0,0023;1;1;1;0;1;0;0;1;1;1
1561;Fensterheber;9673154280;2;0,0045;1;1;1;0;1;0;0;1;1;1
1561;Fensterheber;9673154380;18;0,0409;1;1;1;1;1;0;0;1;1;1
1561;Fensterheber;9673154480;1;0,0023;1;1;1;1;1;0;0;1;1;1
1561;Fensterheber;9673154780;5;0,0114;0;1;1;1;1;0;0;1;1;1
1561;Fensterheber;9673155180;7;0,0159;1;1;1;1;1;0;0;1;1;1
1561;Fensterheber;9673155280;8;0,0182;1;1;1;1;1;0;0;1;1;1
1561;Fensterheber;9675898980;23;0,0522;1;1;1;1;1;0;1;1;1;1
1561;Fensterheber;9675899080;22;0,05;1;1;1;1;1;0;1;1;1;1
1561;Fensterheber;9675915180;1;0,0023;1;1;1;0;1;0;0;1;1;1
1561;Fensterheber;9675915280;2;0,0045;1;1;1;0;1;0;0;1;1;1
1561;Fensterheber;9676172480;1;0,0023;1;0;0;0;0;0;0;1;1;0
1561;Fensterheber;9677734780;1;0,0023;0;0;1;0;1;0;0;1;1;0
1561;Fensterheber;9677734880;3;0,0068;0;0;1;0;1;0;0;1;1;0
1561;Fensterheber;9677737380;1;0,0023;0;0;1;0;1;0;0;1;1;0
1561;Fensterheber;968101;1;0,0023;1;1;0;1;1;1;1;1;1;1
1561;Fensterheber;9685735;1;0,0023;0;0;0;0;0;0;0;0;0;0
1561;Fensterheber;9687060680;1;0,0023;0;1;0;0;0;0;0;1;1;1
1561;Fensterheber;9687511780;1;0,0023;0;1;0;0;1;0;0;1;1;1
1561;Fensterheber;9687618480;1;0,0023;0;1;0;0;0;0;0;1;1;1
1561;Fensterheber;96996226;2;0,0045;1;1;0;0;1;0;0;1;1;1
1561;Fensterheber;970000;2;0,0045;1;1;0;1;1;0;1;1;1;1
1561;Fensterheber;970001;1;0,0023;1;1;0;0;1;0;1;1;1;1
1561;Fensterheber;970002;1;0,0023;1;1;0;1;1;0;1;1;1;1
1561;Fensterheber;970003;5;0,0114;1;1;0;1;1;0;1;1;1;1
1561;Fensterheber;970016;2;0,0045;1;1;0;1;1;0;0;1;1;1
1561;Fensterheber;970034;1;0,0023;1;1;0;1;1;0;1;1;1;1
1561;Fensterheber;970046;3;0,0068;1;1;0;1;1;0;1;1;1;1
1561;Fensterheber;970069;1;0,0023;1;1;0;1;1;0;1;1;1;1
1561;Fensterheber;970082;1;0,0023;1;1;0;1;1;0;0;1;1;1
1561;Fensterheber;970083;4;0,0091;1;1;0;1;1;0;0;1;1;1
1561;Fensterheber;970212;2;0,0045;1;1;0;1;1;0;0;1;1;0
1561;Fensterheber;970213;1;0,0023;1;1;0;1;0;0;0;1;1;0
1561;Fensterheber;970215;1;0,0023;1;1;0;1;0;0;0;1;1;0
1561;Fensterheber;9711732;1;0,0023;0;0;0;0;0;0;0;0;0;0
1561;Fensterheber;97144437;1;0,0023;1;1;0;0;1;0;0;1;1;1
1561;Fensterheber;9737200146;4;0,0091;0;1;0;0;0;1;0;0;0;0
1561;Fensterheber;9737200346;8;0,0182;1;1;0;0;0;0;0;1;0;0
1561;Fensterheber;9737200446;5;0,0114;1;1;0;0;0;0;0;1;0;0
1561;Fensterheber;9737200746;2;0,0045;0;0;0;0;0;0;0;0;0;0
1561;Fensterheber;9737201746;1;0,0023;0;0;0;0;0;0;0;0;0;0
1561;Fensterheber;9737201846;1;0,0023;0;0;0;0;0;0;0;0;0;0
1561;Fensterheber;9740735;1;0,0023;0;0;0;0;0;0;0;0;0;0
1561;Fensterheber;9740736;1;0,0023;0;0;0;0;0;0;0;0;0;0
1561;Fensterheber;9740785;1;0,0023;0;0;0;0;0;0;0;0;0;0
1561;Fensterheber;9740786;1;0,0023;0;0;0;0;0;0;0;0;0;0
1561;Fensterheber;9750735;1;0,0023;0;0;0;0;0;0;0;0;0;0
1561;Fensterheber;9750736;1;0,0023;0;0;0;0;0;0;0;0;0;0
1561;Fensterheber;9750785;1;0,0023;0;0;0;0;0;0;0;0;0;0
1561;Fensterheber;9773736;1;0,0023;0;0;0;0;0;0;0;0;0;0
1561;Fensterheber;980010;1;0,0023;1;1;0;1;1;1;0;1;1;1
1561;Fensterheber;980022;1;0,0023;1;1;0;1;1;1;1;1;1;1
1561;Fensterheber;980023;1;0,0023;1;1;0;1;1;1;1;1;1;1
1561;Fensterheber;980025;1;0,0023;1;1;0;1;1;1;1;1;1;1
1561;Fensterheber;9800273380;3;0,0068;0;1;1;0;1;0;0;1;1;1
1561;Fensterheber;9800273480;1;0,0023;0;0;1;0;1;0;0;1;1;0
1561;Fensterheber;980064;1;0,0023;1;1;0;1;1;1;1;1;1;1
1561;Fensterheber;980072;1;0,0023;1;1;0;1;1;0;0;1;1;1
1561;Fensterheber;980075;1;0,0023;1;1;0;1;1;1;1;1;1;1
1561;Fensterheber;980095;1;0,0023;1;1;0;1;1;1;0;1;0;1
1561;Fensterheber;980103;1;0,0023;1;1;0;1;1;1;1;1;1;1
1561;Fensterheber;9802389180;7;0,0159;1;1;1;0;1;0;1;1;1;1
1561;Fensterheber;9802389280;80;0,1817;1;1;1;0;1;0;1;1;1;1
1561;Fensterheber;9802531780;2;0,0045;1;1;1;1;1;0;0;1;1;1
1561;Fensterheber;9802531980;8;0,0182;1;1;1;1;1;0;0;1;1;1
1561;Fensterheber;9802581780;5;0,0114;0;1;0;0;1;0;0;1;1;1
1561;Fensterheber;9802581880;4;0,0091;0;1;0;0;1;0;0;1;1;1
1561;Fensterheber;9802581980;2;0,0045;0;1;0;0;1;0;0;1;1;1
1561;Fensterheber;9802582080;6;0,0136;0;1;0;0;1;0;0;1;1;1
1561;Fensterheber;9802602180;1;0,0023;1;0;1;0;1;0;0;1;1;1
1561;Fensterheber;9802602280;1;0,0023;1;0;1;0;1;0;0;0;1;1
1561;Fensterheber;9802617380;36;0,0818;1;1;1;1;1;0;1;1;1;1
1561;Fensterheber;9802617780;20;0,0454;1;1;1;1;1;0;1;1;1;1
1561;Fensterheber;9802740880;1;0,0023;0;1;0;0;1;0;0;1;1;1
1561;Fensterheber;9804388180;5;0,0114;1;1;0;0;1;0;0;1;1;1
1561;Fensterheber;9804388280;4;0,0091;1;1;0;0;1;0;0;1;1;1
1561;Fensterheber;9806086880;37;0,084;0;1;1;0;1;1;0;0;1;1
1561;Fensterheber;9806086980;29;0,0659;0;1;1;1;1;1;0;0;1;1
1561;Fensterheber;9806087080;19;0,0432;1;1;1;0;1;0;0;0;1;1
1561;Fensterheber;9806087180;22;0,05;1;1;1;0;1;0;0;0;1;1
1561;Fensterheber;9806088080;2;0,0045;0;1;1;0;1;1;0;1;1;1
1561;Fensterheber;9806088180;7;0,0159;0;1;1;0;1;1;0;1;1;1
1561;Fensterheber;9806088380;1;0,0023;0;1;1;1;1;0;0;0;1;1
1561;Fensterheber;9806088480;3;0,0068;0;1;1;1;1;0;0;1;1;1
1561;Fensterheber;9806088680;2;0,0045;1;1;1;0;1;0;0;1;1;1
1561;Fensterheber;9810488880;2;0,0045;0;0;1;0;1;0;0;0;1;1
1561;Fensterheber;9810488980;4;0,0091;0;0;1;0;1;0;0;0;1;1
1561;Fensterheber;9816273080;2;0,0045;0;1;1;0;1;0;0;1;1;0
1561;Fensterheber;9816273280;4;0,0091;0;1;1;0;1;0;0;1;1;0
1561;Fensterheber;9816402080;4;0,0091;1;1;1;0;1;1;0;1;1;1
1561;Fensterheber;9816402180;7;0,0159;1;1;1;0;1;1;0;1;1;1
1561;Fensterheber;9816402280;4;0,0091;1;1;1;0;1;0;0;1;1;1
1561;Fensterheber;9816402380;5;0,0114;1;1;1;0;1;0;0;1;1;1
1561;Fensterheber;9816402580;4;0,0091;1;1;0;1;1;0;0;1;1;1
1561;Fensterheber;982248;1;0,0023;0;0;0;0;0;0;0;0;0;0
1561;Fensterheber;9826076280;3;0,0068;1;0;0;1;1;0;0;0;1;1
1561;Fensterheber;9826076380;2;0,0045;1;0;0;1;1;0;0;1;1;1
1561;Fensterheber;9826079480;3;0,0068;0;1;1;0;1;0;0;1;1;1
1561;Fensterheber;9826079580;26;0,059;0;1;1;0;1;0;0;1;1;1
1561;Fensterheber;9826080380;1;0,0023;0;1;1;0;1;0;0;1;1;1
1561;Fensterheber;9828130680;1;0,0023;0;0;0;1;1;0;0;0;0;1
1561;Fensterheber;9828130780;2;0,0045;0;0;0;1;1;0;0;0;0;1
1561;Fensterheber;9829043380;5;0,0114;0;0;1;1;1;0;0;0;1;1
1561;Fensterheber;9829043680;6;0,0136;0;0;1;1;1;0;0;0;1;1
1561;Fensterheber;9829889780;1;0,0023;0;1;0;1;0;0;0;1;1;1
1561;Fensterheber;9840154280;1;0,0023;0;0;0;0;0;0;0;0;0;0
1561;Fensterheber;9840175580;6;0,0136;0;0;0;1;1;0;0;0;1;1
1561;Fensterheber;9840175680;3;0,0068;0;0;0;1;1;0;0;0;1;1
1561;Fensterheber;9840180880;1;0,0023;0;0;0;0;1;0;0;0;0;0
1561;Fensterheber;9840196880;1;0,0023;0;0;1;0;1;0;0;0;1;0
1561;Fensterheber;98407722;1;0,0023;1;1;0;0;1;1;0;1;1;1
1561;Fensterheber;98407741;1;0,0023;0;1;0;0;1;1;0;1;1;1
1561;Fensterheber;9843773980;1;0,0023;0;0;0;0;0;0;0;0;0;0
1561;Fensterheber;98754207501;2;0,0045;1;1;1;0;0;0;0;1;1;1
1561;Fensterheber;98754207504;1;0,0023;0;0;1;0;0;0;0;0;0;0
1561;Fensterheber;98754207601;1;0,0023;1;1;1;0;0;0;0;1;1;1
1561;Fensterheber;988101C300;3;0,0068;0;0;1;0;1;0;0;1;1;0
1561;Fensterheber;988101J100;1;0,0023;0;0;1;0;0;0;0;1;1;0
1561;Fensterheber;988201C100;3;0,0068;0;1;1;0;1;0;0;1;1;1
1561;Fensterheber;98?164?025?80;1;0,0023;0;0;0;0;0;0;0;0;0;0
1561;Fensterheber;990200;1;0,0023;1;1;0;1;1;0;0;1;1;0
1561;Fensterheber;99487780;5;0,0114;1;1;0;0;1;1;0;1;1;1
1561;Fensterheber;99487781;10;0,0227;1;1;0;0;1;1;0;1;1;1
1561;Fensterheber;99654207503;2;0,0045;1;0;1;0;0;0;0;1;1;0
1561;Fensterheber;99654207504;11;0,025;1;1;1;1;0;0;1;1;1;1
1561;Fensterheber;99654207505;4;0,0091;1;0;0;1;0;0;0;0;0;0
1561;Fensterheber;99654207603;1;0,0023;1;0;1;0;0;0;0;1;1;0
1561;Fensterheber;99654207604;12;0,0273;1;1;1;1;0;0;1;1;1;1
1561;Fensterheber;99654207605;5;0,0114;1;0;0;1;0;0;0;0;0;0
1561;Fensterheber;A0002691V003000000;1;0,0023;0;0;1;0;0;0;0;0;0;0
1561;Fensterheber;A0007200079;8;0,0182;1;0;0;0;1;1;0;1;1;1
1561;Fensterheber;A00072000790007200079;4;0,0091;0;0;0;0;0;0;0;0;0;0
1561;Fensterheber;A0007200179;1;0,0023;1;0;0;0;1;1;0;1;1;1
1561;Fensterheber;A00072001790007200179;2;0,0045;0;0;0;0;0;0;0;0;0;0
1561;Fensterheber;A0007200346;1;0,0023;0;0;0;0;0;0;0;0;0;0
1561;Fensterheber;A0007250002;1;0,0023;1;1;0;0;1;1;0;1;1;1
1561;Fensterheber;A0048205142;4;0,0091;0;0;1;0;1;0;0;1;1;0
1561;Fensterheber;A0048205242;3;0,0068;0;0;1;0;1;0;0;1;1;0
1561;Fensterheber;A0068204642;1;0,0023;1;0;0;0;0;0;0;1;0;0
1561;Fensterheber;A0068204742;2;0,0045;1;0;0;0;0;0;0;1;0;0
1561;Fensterheber;A0068205442;2;0,0045;0;0;1;0;1;0;0;1;1;0
1561;Fensterheber;A11750;1;0,0023;1;0;1;0;1;0;0;1;1;1
1561;Fensterheber;A1247200346;7;0,0159;1;1;1;1;1;0;1;1;1;0
1561;Fensterheber;A1247200446;3;0,0068;1;1;1;1;1;0;1;1;1;0
1561;Fensterheber;A1247201746;2;0,0045;0;0;1;1;0;0;0;0;0;0
1561;Fensterheber;A1247300346;6;0,0136;1;1;1;0;1;0;0;1;1;0
1561;Fensterheber;A1247300446;1;0,0023;1;1;1;0;1;0;0;1;1;1
1561;Fensterheber;A1247300846;2;0,0045;0;1;1;0;1;0;0;1;1;0
1561;Fensterheber;A1407300346;1;0,0023;0;0;0;0;0;0;0;0;0;0
1561;Fensterheber;A1407301246;1;0,0023;0;0;0;0;0;1;0;0;0;0
1561;Fensterheber;A14409;1;0,0023;1;0;1;0;1;0;0;1;1;1
1561;Fensterheber;A1637201146;9;0,0204;1;1;1;1;1;0;0;1;1;1
1561;Fensterheber;A1637300146;5;0,0114;1;0;1;0;1;0;0;1;1;1
1561;Fensterheber;A1637300246;4;0,0091;1;0;1;0;1;0;0;1;1;1
1561;Fensterheber;A1637300946;2;0,0045;0;1;0;1;0;0;0;0;0;1
1561;Fensterheber;A1638200142;1;0,0023;1;0;1;0;1;0;0;1;1;0
1561;Fensterheber;A1638202742;2;0,0045;1;0;1;0;1;0;0;1;1;0
1561;Fensterheber;A1647201579;2;0,0045;1;1;0;0;1;0;0;1;1;1
1561;Fensterheber;A1647201679;1;0,0023;1;1;0;0;1;0;0;1;1;1
1561;Fensterheber;A1647303179;3;0,0068;1;1;0;0;1;0;0;1;1;1
1561;Fensterheber;A1687200446;1;0,0023;0;1;1;1;1;0;0;1;1;1
1561;Fensterheber;A1687201146;1;0,0023;0;1;1;1;1;0;0;1;1;1
1561;Fensterheber;A1687201246;3;0,0068;0;1;1;1;1;0;0;1;1;1
1561;Fensterheber;A1687202046;2;0,0045;1;1;0;1;1;0;0;1;1;1
1561;Fensterheber;A1687301446;4;0,0091;0;1;1;0;1;0;0;1;0;1
1561;Fensterheber;A1687302246;3;0,0068;1;1;0;0;0;0;0;1;1;1
1561;Fensterheber;A1688201342;1;0,0023;0;0;0;0;0;0;0;1;1;0
1561;Fensterheber;A1697200779;3;0,0068;0;0;0;0;1;1;0;1;1;0
1561;Fensterheber;A1697200879;1;0,0023;0;0;0;0;1;1;0;1;1;0
1561;Fensterheber;A1697203179;15;0,0341;1;1;1;1;1;1;0;1;1;1
1561;Fensterheber;A1697203279;9;0,0204;1;1;1;1;1;1;0;1;1;1
1561;Fensterheber;A1698204342;1;0,0023;0;0;0;0;0;0;0;1;1;0
1561;Fensterheber;A1767300179;1;0,0023;0;0;1;0;0;0;0;1;1;0
1561;Fensterheber;A2017201346;1;0,0023;0;1;0;0;1;0;1;1;1;1
1561;Fensterheber;A2027201546;1;0,0023;1;1;1;0;1;0;0;1;1;1
1561;Fensterheber;A2027301346;3;0,0068;1;1;1;1;1;0;0;1;1;1
1561;Fensterheber;A2037201546;8;0,0182;1;1;1;0;1;0;0;1;1;1
1561;Fensterheber;A2037201646;2;0,0045;1;1;1;0;1;0;0;1;1;1
1561;Fensterheber;A2037203146;42;0,0954;1;1;1;1;1;0;0;1;1;1
1561;Fensterheber;A2037203246;11;0,025;1;1;1;1;1;0;0;0;1;1
1561;Fensterheber;A2037300346;3;0,0068;1;1;1;1;1;0;0;0;1;1
1561;Fensterheber;A2037300446;20;0,0454;1;1;1;0;1;0;0;0;1;1
1561;Fensterheber;A2037301246;1;0,0023;1;1;0;0;1;0;0;0;1;1
1561;Fensterheber;A2047200579;4;0,0091;0;0;0;1;1;1;0;0;1;1
1561;Fensterheber;A2047200679;2;0,0045;0;0;0;1;1;1;0;1;1;1
1561;Fensterheber;A2047201979;1;0,0023;0;1;0;1;0;0;0;1;0;1
1561;Fensterheber;A2047202479;2;0,0045;0;1;1;1;1;1;0;1;1;1
1561;Fensterheber;A2047202579;1;0,0023;0;1;1;1;1;1;0;1;1;1
1561;Fensterheber;A2047300779;2;0,0045;0;1;1;0;1;0;0;1;1;0
1561;Fensterheber;A2057204923;4;0,0091;1;1;1;1;0;0;0;1;1;0
1561;Fensterheber;A2077200746;2;0,0045;0;0;1;0;0;0;0;0;0;0
1561;Fensterheber;A2087200346;3;0,0068;0;0;0;0;0;0;0;0;0;0
1561;Fensterheber;A2087200446;1;0,0023;0;0;0;0;0;0;0;0;0;0
1561;Fensterheber;A2087200746;1;0,0023;0;0;0;0;0;0;0;0;0;0
1561;Fensterheber;A2107201146;2;0,0045;0;1;1;1;1;1;1;1;1;1
1561;Fensterheber;A2107301446;1;0,0023;0;0;0;0;0;0;0;0;0;0
1561;Fensterheber;A2107301546;24;0,0545;0;1;1;1;1;1;1;1;1;1
1561;Fensterheber;A2107301646;26;0,059;0;1;1;1;1;1;1;1;1;1
1561;Fensterheber;A2108202542;1;0,0023;0;0;1;0;1;0;0;1;1;0
1561;Fensterheber;A2117200346;11;0,025;1;1;1;1;1;0;1;0;1;1
1561;Fensterheber;A2117200446;1;0,0023;1;1;1;1;1;0;1;1;1;1
1561;Fensterheber;A2117300346;1;0,0023;1;1;0;1;0;0;0;1;1;1
1561;Fensterheber;A2118202942;2;0,0045;0;0;0;0;0;0;0;0;0;0
1561;Fensterheber;A2127201579;15;0,0341;1;1;1;1;1;1;0;1;1;1
1561;Fensterheber;A2127201679;12;0,0273;1;1;1;1;1;1;0;1;1;1
1561;Fensterheber;A2137205205;1;0,0023;1;0;1;1;0;0;0;0;1;1
1561;Fensterheber;A2197200946;21;0,0477;0;0;1;0;0;0;0;0;0;0
1561;Fensterheber;A2197201046;13;0,0295;0;0;1;0;0;0;0;0;0;0
1561;Fensterheber;A2197300946;1;0,0023;0;0;1;0;0;0;0;0;0;0
1561;Fensterheber;A2197301046;1;0,0023;0;0;1;0;0;0;0;0;0;0
1561;Fensterheber;A2207302346;1;0,0023;1;1;0;0;1;1;0;1;0;1
1561;Fensterheber;A370100;1;0,0023;0;0;0;0;0;0;0;0;0;0
1561;Fensterheber;A3817250002;2;0,0045;0;0;0;0;0;1;0;0;0;0
1561;Fensterheber;A4157200246;1;0,0023;1;1;0;0;1;0;0;1;1;1
1561;Fensterheber;A4157200746;2;0,0045;1;0;0;0;1;0;0;1;1;1
1561;Fensterheber;A4157200846;1;0,0023;0;0;0;0;1;0;0;1;0;1
1561;Fensterheber;A4157200946;2;0,0045;1;0;0;0;1;0;0;1;0;0
1561;Fensterheber;A4477203900;6;0,0136;0;0;0;0;0;0;0;0;1;1
1561;Fensterheber;A4477204000;3;0,0068;0;0;0;0;0;0;0;0;1;1
1561;Fensterheber;A4517200546;6;0,0136;1;1;1;1;1;0;0;1;1;1
1561;Fensterheber;A4517200746;1;0,0023;0;1;1;1;1;0;0;1;1;1
1561;Fensterheber;A4547200146;1;0,0023;0;0;0;0;0;0;0;0;1;1
1561;Fensterheber;A4637300746;4;0,0091;0;0;0;0;0;0;0;0;0;0
1561;Fensterheber;A463730074628;1;0,0023;0;0;0;0;0;0;0;0;0;0
1561;Fensterheber;A4637300946;4;0,0091;0;0;1;0;0;0;0;0;0;0
1561;Fensterheber;A520891;8;0,0182;0;0;0;0;0;0;0;0;0;0
1561;Fensterheber;A6387200046;6;0,0136;0;0;1;0;1;0;0;1;1;0
1561;Fensterheber;A6387200146;3;0,0068;0;1;1;0;1;0;0;1;1;1
1561;Fensterheber;A6387200246;3;0,0068;0;1;1;0;1;0;0;1;1;1
1561;Fensterheber;A6387200446;1;0,0023;0;1;0;0;0;0;0;0;0;0
1561;Fensterheber;A6387200546;1;0,0023;0;1;0;0;1;0;0;0;0;0
1561;Fensterheber;A6397200046;97;0,2203;1;1;1;0;1;0;1;1;1;1
1561;Fensterheber;A6397200146;88;0,1999;1;1;1;0;1;0;1;1;1;1
1561;Fensterheber;A6397200446;85;0,193;1;1;1;1;1;0;1;1;1;1
1561;Fensterheber;A6397200546;87;0,1976;1;1;1;1;1;0;1;1;1;1
1561;Fensterheber;A9017201246;1;0,0023;1;1;1;0;1;0;0;1;1;1
1561;Fensterheber;A9017201446;3;0,0068;0;0;0;1;0;0;0;0;0;0
1561;Fensterheber;A9017201946;7;0,0159;1;1;1;0;1;0;0;1;1;1
1561;Fensterheber;A9067200046;15;0,0341;1;1;1;1;1;0;0;1;1;1
1561;Fensterheber;A9067200146;5;0,0114;1;1;1;1;1;0;0;1;1;1
1561;Fensterheber;A9417200446;1;0,0023;0;0;0;0;0;1;0;0;0;0
1561;Fensterheber;A9607201146;5;0,0114;0;1;0;0;0;1;0;0;0;0
1561;Fensterheber;A9607201546;1;0,0023;0;0;0;0;0;0;0;0;0;0
1561;Fensterheber;A9737200146;4;0,0091;0;1;0;0;1;1;0;0;1;1
1561;Fensterheber;A97372001469737200146;1;0,0023;0;0;0;0;0;0;0;0;0;0
1561;Fensterheber;A9737200246;1;0,0023;0;1;0;0;1;1;0;0;1;1
1561;Fensterheber;A9737200346;11;0,025;1;1;0;0;1;0;0;0;1;1
1561;Fensterheber;A97372003469737200346;1;0,0023;0;0;0;0;0;0;0;0;0;0
1561;Fensterheber;A9737200446;7;0,0159;1;1;0;0;1;0;0;0;1;1
1561;Fensterheber;A97372004469737200446;1;0,0023;0;0;0;0;0;0;0;0;0;0
1561;Fensterheber;A9737201746;3;0,0068;0;0;0;0;1;0;0;0;0;1
1561;Fensterheber;A9737201846;6;0,0136;0;0;0;0;1;0;0;0;0;0
1561;Fensterheber;AC1015;2;0,0045;0;1;1;0;1;0;0;0;1;0
1561;Fensterheber;AC1016;2;0,0045;0;1;1;0;1;0;0;0;1;0
1561;Fensterheber;AC1042;1;0,0023;0;1;1;0;1;0;0;0;1;0
1561;Fensterheber;AC1053;1;0,0023;0;1;1;0;1;0;0;0;1;0
1561;Fensterheber;AC1075;1;0,0023;0;1;1;0;1;0;0;0;1;0
1561;Fensterheber;AC1076;3;0,0068;0;1;1;0;1;0;0;0;1;0
1561;Fensterheber;AC1085;1;0,0023;0;1;1;0;1;0;0;0;1;0
1561;Fensterheber;AC1096;1;0,0023;0;1;1;0;1;0;0;0;1;0
1561;Fensterheber;AC1103;7;0,0159;0;1;1;0;1;0;0;0;1;0
1561;Fensterheber;AC1207;1;0,0023;0;1;0;0;1;0;0;0;1;0
1561;Fensterheber;AC1217;1;0,0023;0;1;1;0;1;0;0;0;1;0
1561;Fensterheber;AC1218;1;0,0023;0;1;1;0;1;0;0;0;1;0
1561;Fensterheber;AC1228;1;0,0023;0;1;1;0;1;0;0;0;1;0
1561;Fensterheber;AC1256;1;0,0023;0;1;1;0;1;0;0;0;1;0
1561;Fensterheber;AC1263;1;0,0023;0;1;1;0;1;0;0;0;1;0
1561;Fensterheber;AC1271;1;0,0023;1;1;0;0;1;0;0;0;1;0
1561;Fensterheber;AC1305;1;0,0023;0;1;1;0;1;0;0;0;1;0
1561;Fensterheber;AC1318;1;0,0023;0;1;0;0;1;0;0;0;1;0
1561;Fensterheber;AC1323;1;0,0023;0;1;0;0;1;0;0;0;1;0
1561;Fensterheber;AC1325;2;0,0045;0;1;1;0;1;0;0;0;1;0
1561;Fensterheber;AC1326;2;0,0045;0;1;1;0;1;0;0;0;1;0
1561;Fensterheber;AC1329;1;0,0023;0;1;1;0;1;0;0;0;1;0
1561;Fensterheber;AC1346;5;0,0114;0;1;1;0;1;0;0;0;1;0
1561;Fensterheber;AC1347;2;0,0045;0;1;1;0;1;0;0;0;1;0
1561;Fensterheber;AC1348;5;0,0114;0;1;1;0;1;0;0;0;1;0
1561;Fensterheber;AC1349;2;0,0045;0;1;1;0;1;0;0;0;1;0
1561;Fensterheber;AC1355;2;0,0045;0;1;1;0;1;0;0;0;1;0
1561;Fensterheber;AC1356;3;0,0068;0;1;1;0;1;0;0;0;1;0
1561;Fensterheber;AC1365;1;0,0023;0;1;1;0;1;0;0;0;1;0
1561;Fensterheber;AC1388;1;0,0023;0;1;1;0;1;0;0;0;1;0
1561;Fensterheber;AC1397;3;0,0068;0;1;1;0;1;0;0;0;1;0
1561;Fensterheber;AC1407;1;0,0023;0;1;0;0;1;0;0;0;1;0
1561;Fensterheber;AC1408;3;0,0068;0;1;0;0;1;0;0;0;1;0
1561;Fensterheber;AC1454;2;0,0045;1;1;1;0;1;0;0;0;1;0
1561;Fensterheber;AC1534;1;0,0023;0;1;1;0;1;0;0;0;1;0
1561;Fensterheber;AC1581;6;0,0136;0;1;0;0;1;0;0;0;1;0
1561;Fensterheber;AC1582;3;0,0068;0;0;0;0;1;0;0;0;1;0
1561;Fensterheber;AC1603;1;0,0023;0;1;1;0;1;0;0;0;1;0
1561;Fensterheber;AC1611;4;0,0091;0;1;1;0;1;0;0;0;1;0
1561;Fensterheber;AC1633;2;0,0045;0;1;1;0;1;0;0;0;1;0
1561;Fensterheber;AC1636;1;0,0023;0;1;1;0;1;0;0;0;1;0
1561;Fensterheber;AC1717;2;0,0045;0;1;0;0;1;0;0;0;1;0
1561;Fensterheber;AC1735;7;0,0159;0;1;1;0;1;0;0;0;1;0
1561;Fensterheber;AC1736;7;0,0159;0;1;1;0;1;0;0;0;1;0
1561;Fensterheber;AC1741;1;0,0023;0;1;0;0;1;0;0;0;1;0
1561;Fensterheber;AC1796;1;0,0023;0;0;0;0;1;0;0;0;1;0
1561;Fensterheber;AC1813;1;0,0023;0;0;0;0;1;0;0;0;1;0
1561;Fensterheber;AC1885;1;0,0023;0;1;0;0;1;0;0;0;1;0
1561;Fensterheber;AC1886;1;0,0023;0;1;0;0;1;0;0;0;1;0
1561;Fensterheber;AC1945;1;0,0023;0;1;0;0;1;0;0;0;1;0
1561;Fensterheber;AC2023;1;0,0023;0;0;0;0;1;0;0;0;1;0
1561;Fensterheber;AC211;1;0,0023;1;1;1;0;1;0;0;0;1;0
1561;Fensterheber;AC217;2;0,0045;1;1;1;0;1;0;0;0;1;0
1561;Fensterheber;AC223;2;0,0045;0;0;1;0;1;0;0;0;1;0
1561;Fensterheber;AC231;1;0,0023;1;1;1;0;1;0;0;0;1;0
1561;Fensterheber;AC253;1;0,0023;1;1;1;0;1;0;0;0;1;0
1561;Fensterheber;AC317;1;0,0023;1;1;1;0;1;0;0;0;1;0
1561;Fensterheber;AC332;2;0,0045;1;1;1;0;1;0;0;0;1;0
1561;Fensterheber;AC337;1;0,0023;1;1;1;0;1;0;0;0;1;0
1561;Fensterheber;AC341;2;0,0045;1;1;1;0;1;0;0;0;1;0
1561;Fensterheber;AC342;3;0,0068;1;1;1;0;1;0;0;0;1;0
1561;Fensterheber;AC353;1;0,0023;1;1;1;0;1;0;0;0;1;0
1561;Fensterheber;AC407;1;0,0023;1;1;1;0;1;0;0;0;1;0
1561;Fensterheber;AC408;1;0,0023;1;1;1;0;1;0;0;0;1;0
1561;Fensterheber;AC427;1;0,0023;1;1;1;0;1;0;0;0;1;0
1561;Fensterheber;AC451;1;0,0023;1;1;1;0;1;0;0;0;1;0
1561;Fensterheber;AC484;1;0,0023;1;1;1;0;1;0;0;0;1;0
1561;Fensterheber;AC491;4;0,0091;0;1;1;0;1;0;0;0;1;0
1561;Fensterheber;AC503;1;0,0023;1;1;1;0;1;0;0;0;1;0
1561;Fensterheber;AC513;1;0,0023;1;1;1;0;1;0;0;0;1;0
1561;Fensterheber;AC537;2;0,0045;1;1;1;0;1;0;0;0;1;0
1561;Fensterheber;AC647;2;0,0045;0;1;1;0;1;0;0;0;1;0
1561;Fensterheber;AC648;2;0,0045;0;1;1;0;1;0;0;0;1;0
1561;Fensterheber;AC705;2;0,0045;1;1;1;0;1;0;0;0;1;0
1561;Fensterheber;AC709;1;0,0023;1;1;1;0;1;0;1;0;1;0
1561;Fensterheber;AC725;1;0,0023;0;1;1;0;1;0;0;0;1;0
1561;Fensterheber;AC732;1;0,0023;1;1;1;0;1;0;0;0;1;0
1561;Fensterheber;AC743;1;0,0023;0;1;1;0;1;0;0;0;1;0
1561;Fensterheber;AC745;1;0,0023;1;1;1;0;1;0;0;0;1;0
1561;Fensterheber;AC754;1;0,0023;1;1;1;0;1;0;1;0;1;0
1561;Fensterheber;AC763;1;0,0023;0;1;1;0;1;0;0;0;1;0
1561;Fensterheber;AC764;1;0,0023;0;1;1;0;1;0;0;0;1;0
1561;Fensterheber;AC777;1;0,0023;1;1;1;0;1;0;0;0;1;0
1561;Fensterheber;AC779;1;0,0023;1;1;0;0;1;0;0;0;1;0
1561;Fensterheber;AC780;1;0,0023;1;1;0;0;1;0;0;0;1;0
1561;Fensterheber;AC787;2;0,0045;1;1;1;0;1;0;0;0;1;0
1561;Fensterheber;AC803;4;0,0091;0;1;1;0;1;0;0;0;1;0
1561;Fensterheber;AC804;1;0,0023;0;1;1;0;1;0;0;0;1;0
1561;Fensterheber;AC823;1;0,0023;0;1;1;0;1;0;0;0;1;0
1561;Fensterheber;AC829;1;0,0023;0;1;1;0;1;0;0;0;1;0
1561;Fensterheber;AC833;1;0,0023;0;1;1;0;1;0;0;0;1;0
1561;Fensterheber;AC845;1;0,0023;0;1;1;0;1;0;0;0;1;0
1561;Fensterheber;AC849;1;0,0023;0;1;1;0;1;0;0;0;1;0
1561;Fensterheber;AC850;1;0,0023;1;1;1;0;1;0;0;0;1;0
1561;Fensterheber;AC867;1;0,0023;0;1;1;0;1;0;0;0;1;0
1561;Fensterheber;AC868;2;0,0045;0;1;1;0;1;0;0;0;1;0
1561;Fensterheber;AC898;1;0,0023;0;1;1;0;1;0;0;0;1;0
1561;Fensterheber;AC911;5;0,0114;0;1;1;0;1;0;0;0;1;0
1561;Fensterheber;AC913;1;0,0023;0;1;1;0;1;0;0;0;1;0
1561;Fensterheber;AC915;4;0,0091;0;1;1;0;1;0;0;0;1;0
1561;Fensterheber;AC939;1;0,0023;0;1;1;0;1;0;0;0;1;0
1561;Fensterheber;AC940;3;0,0068;0;1;1;0;1;0;0;0;1;0
1561;Fensterheber;AC941;1;0,0023;0;1;1;0;1;0;0;0;1;0
1561;Fensterheber;AC942;2;0,0045;0;1;1;0;1;0;0;0;1;0
1561;Fensterheber;AC963;1;0,0023;1;1;1;0;1;0;0;0;1;0
1561;Fensterheber;AC971;1;0,0023;0;1;1;0;1;0;0;0;1;0
1561;Fensterheber;ACQ0007;2;0,0045;0;0;0;0;1;0;0;0;0;0
1561;Fensterheber;ACQ0009;1;0,0023;0;0;0;0;1;0;0;0;0;0
1561;Fensterheber;ACQ0010;2;0,0045;0;0;0;0;1;0;0;0;0;0
1561;Fensterheber;ACQ0011;2;0,0045;0;0;0;0;1;0;0;0;0;0
1561;Fensterheber;ACQ0012;1;0,0023;0;0;0;0;1;0;0;0;0;0
1561;Fensterheber;ACQ0023;1;0,0023;0;0;0;0;1;0;0;0;0;0
1561;Fensterheber;ACQ0025;1;0,0023;0;0;0;0;1;0;0;0;0;0
1561;Fensterheber;ACQ0029;1;0,0023;0;0;0;0;1;0;0;0;0;0
1561;Fensterheber;ACQ0032;1;0,0023;0;0;0;0;1;0;0;0;0;0
1561;Fensterheber;ACQ0039;2;0,0045;0;0;0;0;1;0;0;0;0;0
1561;Fensterheber;ACQ0041;1;0,0023;0;0;0;0;1;0;0;0;0;0
1561;Fensterheber;ACQ0042;3;0,0068;0;0;0;0;1;0;0;0;0;0
1561;Fensterheber;ACQ0044;1;0,0023;0;0;0;0;1;0;0;0;0;0
1561;Fensterheber;ACQ0056;1;0,0023;0;0;0;0;1;0;0;0;0;0
1561;Fensterheber;ACQ0058;1;0,0023;0;0;0;0;1;0;0;0;0;0
1561;Fensterheber;ACQ0059;3;0,0068;0;0;0;0;1;0;0;0;0;0
1561;Fensterheber;ACQ0060;1;0,0023;0;0;0;0;1;0;0;0;0;0
1561;Fensterheber;ACQ0068;1;0,0023;0;0;0;0;1;0;0;0;0;0
1561;Fensterheber;ACQ0069;1;0,0023;0;0;0;0;1;0;0;0;0;0
1561;Fensterheber;ACQ0071;1;0,0023;0;0;0;0;1;0;0;0;0;0
1561;Fensterheber;ACQ0075;1;0,0023;0;0;0;0;1;0;0;0;0;0
1561;Fensterheber;ACQ0079;2;0,0045;0;0;0;0;1;0;0;0;0;0
1561;Fensterheber;ACQ0096;2;0,0045;0;0;0;0;1;0;0;0;0;0
1561;Fensterheber;ACQ0098;1;0,0023;0;0;0;0;1;0;0;0;0;0
1561;Fensterheber;ACQ0100;2;0,0045;0;0;0;0;1;0;0;0;0;0
1561;Fensterheber;ACQ0101;1;0,0023;0;0;0;0;1;0;0;0;0;0
1561;Fensterheber;ACQ0102;4;0,0091;0;0;0;0;1;0;0;0;0;0
1561;Fensterheber;ACQ0113;3;0,0068;0;0;0;0;1;0;0;0;0;0
1561;Fensterheber;ACQ0118;1;0,0023;0;0;0;0;1;0;0;0;0;0
1561;Fensterheber;ACQ0119;1;0,0023;0;0;0;0;1;0;0;0;0;0
1561;Fensterheber;ACQ0139;1;0,0023;0;0;0;0;1;0;0;0;0;0
1561;Fensterheber;ACQ0149;1;0,0023;0;0;0;0;1;0;0;0;0;0
1561;Fensterheber;ACQ0155;1;0,0023;0;0;0;0;1;0;0;0;0;0
1561;Fensterheber;ACQ0160;1;0,0023;0;0;0;0;1;0;0;0;0;0
1561;Fensterheber;ACQ0163;1;0,0023;0;0;0;0;1;0;0;0;0;0
1561;Fensterheber;ACQ0169;4;0,0091;0;0;0;0;1;0;0;0;0;0
1561;Fensterheber;ACQ0174;1;0,0023;0;0;0;0;1;0;0;0;0;0
1561;Fensterheber;ACQ0185;1;0,0023;0;0;0;0;1;0;0;0;0;0
1561;Fensterheber;ACQ0187;3;0,0068;0;0;0;0;1;0;0;0;0;0
1561;Fensterheber;ACQ0191;1;0,0023;0;0;0;0;1;0;0;0;0;0
1561;Fensterheber;ACQ0222;1;0,0023;0;0;0;0;1;0;0;0;0;0
1561;Fensterheber;ACQ0225;1;0,0023;0;0;0;0;1;0;0;0;0;0
1561;Fensterheber;ACQ0229;1;0,0023;0;0;0;0;1;0;0;0;0;0
1561;Fensterheber;ACQ0230;1;0,0023;0;0;0;0;1;0;0;0;0;0
1561;Fensterheber;ACQ0232;1;0,0023;0;0;0;0;1;0;0;0;0;0
1561;Fensterheber;ACQ0235;1;0,0023;0;0;0;0;1;0;0;0;0;0
1561;Fensterheber;ACQ0237;1;0,0023;0;0;0;0;1;0;0;0;0;0
1561;Fensterheber;ACQ0240;1;0,0023;0;0;0;0;1;0;0;0;0;0
1561;Fensterheber;ACQ0265;1;0,0023;0;0;0;0;1;0;0;0;0;0
1561;Fensterheber;ACQ0277;1;0,0023;0;0;0;0;1;0;0;0;0;0
1561;Fensterheber;ACQ0309;2;0,0045;0;0;0;0;1;0;0;0;0;0
1561;Fensterheber;ACQ0440;1;0,0023;0;0;0;0;1;0;0;0;0;0
1561;Fensterheber;ALE0026D;1;0,0023;1;0;0;0;1;0;0;0;1;0
1561;Fensterheber;ALE0042S;2;0,0045;1;0;0;0;1;0;0;0;1;0
1561;Fensterheber;ALE0045D;1;0,0023;1;0;0;0;1;0;0;0;1;0
1561;Fensterheber;ALE0045S;1;0,0023;1;0;0;0;1;0;0;0;1;0
1561;Fensterheber;ALE0061S;1;0,0023;1;0;0;0;1;0;0;0;1;0
1561;Fensterheber;ALE0064D;3;0,0068;1;0;0;0;1;0;0;0;1;0
1561;Fensterheber;ALE0064D?;1;0,0023;0;0;0;0;0;0;0;0;0;0
1561;Fensterheber;ALE0064S;3;0,0068;1;0;0;0;1;0;0;0;1;0
1561;Fensterheber;ALE0074S;1;0,0023;0;0;0;0;1;0;0;0;1;0
1561;Fensterheber;ALE0087D;6;0,0136;1;0;0;0;1;0;0;0;1;0
1561;Fensterheber;ALE0087S;5;0,0114;1;0;0;0;1;0;0;0;1;0
1561;Fensterheber;ALE0092D;1;0,0023;0;0;0;0;1;0;0;0;1;0
1561;Fensterheber;ALE0092S;1;0,0023;0;0;0;0;1;0;0;0;1;0
1561;Fensterheber;ALE0095D;1;0,0023;1;0;0;0;1;0;0;0;1;0
1561;Fensterheber;ALE0095S;1;0,0023;1;0;0;0;1;0;0;0;1;0
1561;Fensterheber;ALE0097S;1;0,0023;1;0;0;0;1;0;0;0;1;0
1561;Fensterheber;ALE0099S;1;0,0023;1;0;0;0;1;0;0;0;1;0
1561;Fensterheber;ALE0101D;2;0,0045;0;0;0;0;1;0;0;0;1;0
1561;Fensterheber;ALE0349D;1;0,0023;1;0;0;0;1;0;0;0;1;0
1561;Fensterheber;ALE0382S;1;0,0023;1;0;0;0;1;0;0;0;1;0
1561;Fensterheber;ALE0410D;1;0,0023;1;0;0;0;1;0;0;0;1;0
1561;Fensterheber;ALE0415S;1;0,0023;1;0;0;0;1;0;0;0;1;0
1561;Fensterheber;ALE0454D;1;0,0023;1;0;0;0;1;0;1;0;1;0
1561;Fensterheber;ALE0458D;2;0,0045;1;0;0;0;1;0;0;0;1;0
1561;Fensterheber;ALE0459D;1;0,0023;1;0;0;0;1;0;0;0;1;0
1561;Fensterheber;ALE0485S;1;0,0023;1;0;0;0;1;0;0;0;1;0
1561;Fensterheber;ALE0489S;1;0,0023;1;0;0;0;1;0;0;0;1;0
1561;Fensterheber;ALE0490S;1;0,0023;1;0;0;0;1;0;0;0;1;0
1561;Fensterheber;ALE0659D;1;0,0023;1;0;0;0;1;0;0;0;1;0
1561;Fensterheber;ALE0924D;1;0,0023;1;0;0;0;1;0;0;0;1;0
1561;Fensterheber;ALE0969S;1;0,0023;0;0;0;0;1;0;0;0;1;0
1561;Fensterheber;ALE0971S;1;0,0023;0;0;0;0;1;0;0;0;1;0
1561;Fensterheber;ALE1010S;4;0,0091;1;0;0;0;1;0;0;0;1;0
1561;Fensterheber;ALE1016D;1;0,0023;1;0;0;0;1;0;0;0;1;0
1561;Fensterheber;ALE1018S;1;0,0023;1;0;0;0;1;0;0;0;1;0
1561;Fensterheber;ALE1021S;1;0,0023;0;0;0;0;1;0;0;0;1;0
1561;Fensterheber;ALE1026S;1;0,0023;0;0;0;0;1;0;0;0;1;0
1561;Fensterheber;ALE1064D;2;0,0045;0;0;0;0;1;0;0;0;1;0
1561;Fensterheber;ALE1065D;1;0,0023;0;0;0;0;1;0;0;0;1;0
1561;Fensterheber;ALE1065S;1;0,0023;0;0;0;0;1;0;0;0;1;0
1561;Fensterheber;ALE1081S;1;0,0023;0;0;0;0;1;0;0;0;1;0
1561;Fensterheber;ALE1086S;1;0,0023;0;0;0;0;1;0;0;0;1;0
1561;Fensterheber;ALE1087S;1;0,0023;0;0;0;0;1;0;0;0;1;0
1561;Fensterheber;ALE1211S;1;0,0023;0;0;0;0;1;0;0;0;1;0
1561;Fensterheber;ALE1226S;1;0,0023;0;0;0;0;1;0;0;0;1;0
1561;Fensterheber;ALE1303S;3;0,0068;0;0;0;0;0;0;0;0;0;0
1561;Fensterheber;ALE1304S;2;0,0045;0;0;0;0;0;0;0;0;0;0
1561;Fensterheber;ALE1311S;1;0,0023;0;0;0;0;0;0;0;0;0;0
1561;Fensterheber;ALE1318S;2;0,0045;0;0;0;0;0;0;0;0;0;0
1561;Fensterheber;ALE1328D;1;0,0023;0;0;0;0;0;0;0;0;0;0
1561;Fensterheber;ALE1351S;1;0,0023;0;0;0;0;0;0;0;0;0;0
1561;Fensterheber;ALE1386S;1;0,0023;0;0;0;0;1;0;0;0;1;0
1561;Fensterheber;ALE1493D;1;0,0023;0;0;0;0;1;0;0;0;1;0
1561;Fensterheber;ALE1551S;1;0,0023;0;0;0;0;1;0;0;0;1;0
1561;Fensterheber;ALE1636S;1;0,0023;0;0;0;0;0;0;0;0;0;0
1561;Fensterheber;ALE1637S;1;0,0023;0;0;0;0;0;0;0;0;0;0
1561;Fensterheber;ALE1646S;1;0,0023;0;0;0;0;0;0;0;0;0;0
1561;Fensterheber;ALE1651D;1;0,0023;0;0;0;0;0;0;0;0;0;0
1561;Fensterheber;ALE1651S;1;0,0023;0;0;0;0;0;0;0;0;0;0
1561;Fensterheber;ALE1834D;1;0,0023;0;0;0;0;0;0;0;0;1;0
1561;Fensterheber;ALE1839S;1;0,0023;0;0;0;0;0;0;0;0;1;0
1561;Fensterheber;ALE1845S;1;0,0023;0;0;0;0;0;0;0;0;1;0
1561;Fensterheber;ALE1980S;1;0,0023;0;0;0;0;0;0;0;0;0;0
1561;Fensterheber;ALE2196S;1;0,0023;0;0;0;0;0;0;0;0;0;0
1561;Fensterheber;ALE2351D;2;0,0045;0;0;0;0;0;0;0;0;1;0
1561;Fensterheber;ALE2351S;3;0,0068;0;0;0;0;0;0;0;0;1;0
1561;Fensterheber;ALE2357S;1;0,0023;0;0;0;0;0;0;0;0;0;0
1561;Fensterheber;ALM001D;7;0,0159;0;0;0;0;0;0;0;0;1;0
1561;Fensterheber;ALM001S;4;0,0091;0;0;0;0;0;0;0;0;1;0
1561;Fensterheber;ALM149S;1;0,0023;0;0;0;0;0;0;0;0;1;0
1561;Fensterheber;ALR4532;1;0,0023;0;0;0;0;0;0;0;0;1;0
1561;Fensterheber;ASR1585;1;0,0023;0;0;0;0;0;0;0;0;0;1
1561;Fensterheber;ASR2472;6;0,0136;0;0;0;0;1;0;0;1;0;0
1561;Fensterheber;B000848280;1;0,0023;1;1;1;1;1;0;0;1;1;1
1561;Fensterheber;B000848480;6;0,0136;1;1;1;1;0;0;0;1;1;1
1561;Fensterheber;B000878280;1;0,0023;0;1;0;0;1;0;0;0;1;0
1561;Fensterheber;B000878480;1;0,0023;0;1;0;0;1;0;0;0;1;0
1561;Fensterheber;B001019380;1;0,0023;1;1;1;1;1;0;0;1;1;1
1561;Fensterheber;B001019780;3;0,0068;1;1;1;1;1;0;0;1;1;1
1561;Fensterheber;BBM458590B;1;0,0023;0;0;1;0;0;0;0;1;1;0
1561;Fensterheber;BBM459590C;1;0,0023;1;1;1;0;1;0;0;1;1;1
1561;Fensterheber;BI11062L;1;0,0023;0;0;0;0;1;0;0;1;1;0
1561;Fensterheber;BI11192R;1;0,0023;0;0;0;1;1;0;0;1;1;0
1561;Fensterheber;BI11792L;1;0,0023;0;0;0;0;0;1;0;1;1;0
1561;Fensterheber;BI18144L;1;0,0023;0;0;0;0;1;0;0;1;1;0
1561;Fensterheber;BI18284L;2;0,0045;0;0;0;1;1;0;0;1;1;0
1561;Fensterheber;BI18284R;1;0,0023;0;0;0;1;1;0;0;0;1;0
1561;Fensterheber;BI22324L;2;0,0045;0;0;0;0;1;0;0;1;1;0
1561;Fensterheber;BI22324R;1;0,0023;0;0;0;0;1;0;0;1;1;0
1561;Fensterheber;BI22354L;1;0,0023;0;0;0;0;1;0;0;1;1;0
1561;Fensterheber;BI22374R;1;0,0023;0;0;0;0;1;0;0;1;1;0
1561;Fensterheber;BI22742R;1;0,0023;0;0;0;1;0;0;0;0;1;0
1561;Fensterheber;BI24304L;1;0,0023;1;0;0;0;1;0;0;0;1;0
1561;Fensterheber;BI24304R;1;0,0023;1;0;0;0;1;0;0;0;1;0
1561;Fensterheber;BI25184L;1;0,0023;0;0;0;0;0;0;0;1;1;0
1561;Fensterheber;BI25244L;1;0,0023;0;0;0;0;0;0;0;1;1;0
1561;Fensterheber;BI31112L;1;0,0023;0;0;0;0;1;0;0;0;1;0
1561;Fensterheber;BI31112R;1;0,0023;0;0;0;0;1;0;0;0;1;0
1561;Fensterheber;BI34224L;1;0,0023;0;0;0;0;0;0;0;1;1;0
1561;Fensterheber;BI34234L;1;0,0023;0;0;0;0;0;0;0;1;1;0
1561;Fensterheber;BI54162R;2;0,0045;0;0;0;0;1;0;0;1;1;0
1561;Fensterheber;BI54214;1;0,0023;0;0;0;0;0;0;0;0;0;0
1561;Fensterheber;BI62192L;1;0,0023;0;0;0;0;1;0;0;1;1;0
1561;Fensterheber;BI62202R;1;0,0023;0;0;0;1;1;1;0;1;1;0
1561;Fensterheber;BI62296L;1;0,0023;0;0;0;0;1;0;0;1;1;0
1561;Fensterheber;BI70134L;1;0,0023;0;0;0;1;1;0;0;1;1;0
1561;Fensterheber;BI70154R;1;0,0023;0;0;0;1;1;0;0;1;1;0
1561;Fensterheber;BI70244L;1;0,0023;0;0;0;1;1;0;0;1;1;0
1561;Fensterheber;BI70274R;1;0,0023;0;0;0;1;1;0;0;1;1;0
1561;Fensterheber;BI72034L;1;0,0023;0;0;0;0;1;0;0;1;1;0
1561;Fensterheber;BI76124L;1;0,0023;0;0;0;1;1;0;0;1;1;0
1561;Fensterheber;BI80076L;1;0,0023;1;0;0;0;1;0;0;0;1;0
1561;Fensterheber;BI86174L;2;0,0045;0;0;0;1;1;0;0;0;1;0
1561;Fensterheber;BI86204L;1;0,0023;0;0;0;1;1;0;0;1;1;0
1561;Fensterheber;BI86204R;1;0,0023;0;0;0;1;1;0;0;1;1;0
1561;Fensterheber;BI86334L;1;0,0023;0;0;0;1;1;0;0;0;1;0
1561;Fensterheber;BI90052L;3;0,0068;1;0;0;1;1;0;0;1;1;0
1561;Fensterheber;BI90674L;1;0,0023;0;0;0;0;1;0;0;1;1;0
1561;Fensterheber;BM018W024;1;0,0023;0;0;1;1;0;0;0;1;1;1
1561;Fensterheber;BM024W083;1;0,0023;0;0;1;1;0;1;0;0;1;1
1561;Fensterheber;BM120W063;1;0,0023;0;0;1;1;0;1;0;0;1;1
1561;Fensterheber;BM51A23200AD;1;0,0023;1;1;0;0;0;0;0;0;0;0
1561;Fensterheber;BP4K58590;1;0,0023;0;1;1;1;1;0;0;1;1;1
1561;Fensterheber;BP4K58590A;2;0,0045;1;1;1;1;1;0;0;1;1;1
1561;Fensterheber;BP4K59590;5;0,0114;0;1;1;1;1;0;0;0;1;1
1561;Fensterheber;BP4K59590A;9;0,0204;1;1;1;1;1;0;0;1;1;1
1561;Fensterheber;BP4K72590C;1;0,0023;0;0;1;1;0;0;0;1;1;0
1561;Fensterheber;BP4K73590B;1;0,0023;0;0;1;1;0;0;0;1;1;0
1561;Fensterheber;BP4K73590C;2;0,0045;0;0;1;1;0;0;0;1;1;0
1561;Fensterheber;C0002691V001;1;0,0023;1;0;0;1;1;0;0;0;0;0
1561;Fensterheber;C0002702V001;1;0,0023;1;0;0;1;1;0;0;1;0;0
1561;Fensterheber;C23572590;1;0,0023;0;0;1;0;0;0;0;0;0;0
1561;Fensterheber;C2Z15092;1;0,0023;0;0;0;1;0;0;0;0;0;0
1561;Fensterheber;C2Z31201;1;0,0023;0;0;0;1;0;0;0;0;0;1
1561;Fensterheber;C39167;1;0,0023;0;0;0;0;0;0;0;0;0;0
1561;Fensterheber;CI324W024;1;0,0023;0;0;1;1;0;0;0;0;1;1
1561;Fensterheber;CS51B23201BA;2;0,0045;0;1;1;0;0;0;0;0;0;0
1561;Fensterheber;CUH000021;1;0,0023;0;1;0;0;1;0;0;1;1;1
1561;Fensterheber;CUH000023;3;0,0068;1;1;1;0;1;0;0;1;1;1
1561;Fensterheber;CUH000030;2;0,0045;0;1;0;0;1;0;0;1;1;1
1561;Fensterheber;CUH000031;1;0,0023;0;1;0;0;1;0;0;1;1;1
1561;Fensterheber;CUH000032;1;0,0023;0;1;1;0;1;0;0;1;1;1
1561;Fensterheber;CUH000033;2;0,0045;1;1;1;0;1;0;0;1;1;1
1561;Fensterheber;CUH000082;1;0,0023;1;1;1;0;1;0;0;1;1;1
1561;Fensterheber;CUH000092;1;0,0023;1;1;1;0;1;0;0;1;1;1
1561;Fensterheber;CUH000192;1;0,0023;1;1;1;0;0;0;0;1;1;0
1561;Fensterheber;CUH101910;2;0,0045;1;1;0;0;1;0;0;1;1;1
1561;Fensterheber;CUH102351;1;0,0023;0;1;0;0;0;0;0;1;1;1
1561;Fensterheber;CUR100440;1;0,0023;0;0;0;0;1;0;0;1;1;0
1561;Fensterheber;CVH101150;8;0,0182;1;1;0;0;1;0;1;1;0;1
1561;Fensterheber;CVH101200;1;0,0023;0;1;0;0;1;0;1;1;1;1
1561;Fensterheber;CVH101202;4;0,0091;1;1;1;0;1;0;1;1;1;1
1561;Fensterheber;CVH101212;4;0,0091;1;1;1;0;1;0;1;1;1;1
1561;Fensterheber;D06166;1;0,0023;0;0;0;0;0;0;0;0;0;0
1561;Fensterheber;D06167COV;1;0,0023;0;0;0;0;0;0;0;0;0;0
1561;Fensterheber;D65158590A;1;0,0023;0;0;0;0;0;0;0;1;1;0
1561;Fensterheber;D65158590B;2;0,0045;1;0;0;0;1;0;0;1;1;0
1561;Fensterheber;D65158590D;1;0,0023;0;1;0;0;0;0;0;1;0;1
1561;Fensterheber;D65159590A;1;0,0023;0;0;0;0;0;0;0;1;1;0
1561;Fensterheber;DD14585609A;1;0,0023;0;0;1;0;0;0;0;0;0;0
1561;Fensterheber;DD1458590B;3;0,0068;1;1;1;0;1;0;0;1;1;1
1561;Fensterheber;DD1458590C;1;0,0023;1;1;0;0;0;0;0;0;0;1
1561;Fensterheber;DD1459590A;3;0,0068;0;0;1;0;0;0;0;0;0;0
1561;Fensterheber;DD1459590B;2;0,0045;1;0;1;0;0;0;0;0;0;0
1561;Fensterheber;DD1459590C;1;0,0023;1;1;0;0;0;0;0;0;0;1
1561;Fensterheber;DD1459590D;1;0,0023;1;0;0;0;0;0;0;0;0;0
1561;Fensterheber;DN67LB;1;0,0023;0;1;0;0;1;0;0;0;0;0
1561;Fensterheber;DOG100007;4;0,0091;0;0;0;0;0;0;0;0;0;0
1561;Fensterheber;DOG100008;1;0,0023;0;0;0;0;0;0;0;0;0;0
1561;Fensterheber;DOG100019;1;0,0023;0;0;0;0;0;0;0;0;0;0
1561;Fensterheber;DOG100021;2;0,0045;0;0;0;0;0;0;0;0;0;0
1561;Fensterheber;DOG100025;1;0,0023;0;0;0;0;0;0;0;0;0;0
1561;Fensterheber;DOG100029;1;0,0023;0;0;0;0;0;0;0;0;0;0
1561;Fensterheber;DOG100074;1;0,0023;0;0;0;0;0;0;0;0;0;0
1561;Fensterheber;DOG100077;1;0,0023;0;0;0;0;0;0;0;0;0;0
1561;Fensterheber;DOG100078;2;0,0045;0;0;0;0;0;0;0;0;0;0
1561;Fensterheber;DOG100132;1;0,0023;0;0;0;0;0;0;0;0;0;0
1561;Fensterheber;DOG100143;1;0,0023;0;0;0;0;0;0;0;0;0;0
1561;Fensterheber;DOG100144;2;0,0045;0;0;0;0;0;0;0;0;0;0
1561;Fensterheber;DOG100151;1;0,0023;0;0;0;0;0;0;0;0;0;0
1561;Fensterheber;DOG100155;2;0,0045;0;0;0;0;0;0;0;0;0;0
1561;Fensterheber;DOG100201;1;0,0023;0;0;0;0;0;0;0;0;0;0
1561;Fensterheber;DOG100202;1;0,0023;0;0;0;0;0;0;0;0;0;0
1561;Fensterheber;DOG100231;5;0,0114;0;0;0;0;0;0;0;0;0;0
1561;Fensterheber;DOG100237;3;0,0068;0;0;0;0;0;0;0;0;0;0
1561;Fensterheber;DOG100275;2;0,0045;0;0;0;0;0;0;0;0;0;0
1561;Fensterheber;DOG100301;1;0,0023;0;0;0;0;0;0;0;0;0;0
1561;Fensterheber;DOG100302;1;0,0023;0;0;0;0;0;0;0;0;0;0
1561;Fensterheber;DOG100303;3;0,0068;0;0;0;0;0;0;0;0;0;0
1561;Fensterheber;DOG100305;7;0,0159;0;0;0;0;0;0;0;0;0;0
1561;Fensterheber;DOG100306;4;0,0091;0;0;0;0;0;0;0;0;0;0
1561;Fensterheber;DOG100556;4;0,0091;0;0;0;0;0;0;0;0;0;0
1561;Fensterheber;DOG100557;1;0,0023;0;0;0;0;0;0;0;0;0;0
1561;Fensterheber;DOG100591;2;0,0045;0;0;0;0;0;0;0;0;0;0
1561;Fensterheber;DOG100592;1;0,0023;0;0;0;0;0;0;0;0;0;0
1561;Fensterheber;DOG100595;4;0,0091;0;0;0;0;0;0;0;0;0;0
1561;Fensterheber;DOG100596;7;0,0159;0;0;0;0;0;0;0;0;0;0
1561;Fensterheber;DOG100621;3;0,0068;0;0;0;0;0;0;0;0;0;0
1561;Fensterheber;DOG100622;1;0,0023;0;0;0;0;0;0;0;0;0;0
1561;Fensterheber;DOG100627;1;0,0023;0;0;0;0;0;0;0;0;0;0
1561;Fensterheber;DOG100637;3;0,0068;0;0;0;0;0;0;0;0;0;0
1561;Fensterheber;DOG100697;1;0,0023;0;0;0;0;0;0;0;0;0;0
1561;Fensterheber;DOG100765;2;0,0045;0;0;0;0;0;0;0;0;0;0
1561;Fensterheber;DOG100791;1;0,0023;0;0;0;0;0;0;0;0;0;0
1561;Fensterheber;DOG100792;2;0,0045;0;0;0;0;0;0;0;0;0;0
1561;Fensterheber;DOG100793;1;0,0023;0;0;0;0;0;0;0;0;0;0
1561;Fensterheber;DOG100794;1;0,0023;0;0;0;0;0;0;0;0;0;0
1561;Fensterheber;DOG100795;1;0,0023;0;0;0;0;0;0;0;0;0;0
1561;Fensterheber;DOG100799;2;0,0045;0;0;0;0;0;0;0;0;0;0
1561;Fensterheber;DOG100800;2;0,0045;0;0;0;0;0;0;0;0;0;0
1561;Fensterheber;DOG100803;1;0,0023;0;0;0;0;0;0;0;0;0;0
1561;Fensterheber;DOG100804;1;0,0023;0;0;0;0;0;0;0;0;0;0
1561;Fensterheber;DOG100806;1;0,0023;0;0;0;0;0;0;0;0;0;0
1561;Fensterheber;DOG100810;1;0,0023;0;0;0;0;0;0;0;0;0;0
1561;Fensterheber;DOG100843;2;0,0045;0;0;0;0;0;0;0;0;0;0
1561;Fensterheber;DOG100845;3;0,0068;0;0;0;0;0;0;0;0;0;0
1561;Fensterheber;DOG100847;3;0,0068;0;0;0;0;0;0;0;0;0;0
1561;Fensterheber;DOG100848;1;0,0023;0;0;0;0;0;0;0;0;0;0
1561;Fensterheber;DOG100849;1;0,0023;0;0;0;0;0;0;0;0;0;0
1561;Fensterheber;DOG100854;2;0,0045;0;0;0;0;0;0;0;0;0;0
1561;Fensterheber;DOG100855;4;0,0091;0;0;0;0;0;0;0;0;0;0
1561;Fensterheber;DOG100856;1;0,0023;0;0;0;0;0;0;0;0;0;0
1561;Fensterheber;DOG100863;1;0,0023;0;0;0;0;0;0;0;0;0;0
1561;Fensterheber;DOG101016;1;0,0023;0;0;0;0;0;0;0;0;0;0
1561;Fensterheber;DOG101017;1;0,0023;0;0;0;0;0;0;0;0;0;0
1561;Fensterheber;DOG101029;1;0,0023;0;0;0;0;0;0;0;0;0;0
1561;Fensterheber;DOG101031;1;0,0023;0;0;0;0;0;0;0;0;0;0
1561;Fensterheber;DOG101037;1;0,0023;0;0;0;0;0;0;0;0;0;0
1561;Fensterheber;DOG101043;3;0,0068;0;0;0;0;0;0;0;0;0;0
1561;Fensterheber;DOG101050;2;0,0045;0;0;0;0;0;0;0;0;0;0
1561;Fensterheber;DOG101051;3;0,0068;0;0;0;0;0;0;0;0;0;0
1561;Fensterheber;DOG101059;1;0,0023;0;0;0;0;0;0;0;0;0;0
1561;Fensterheber;DOG101068;1;0,0023;0;0;0;0;0;0;0;0;0;0
1561;Fensterheber;DOG101079;1;0,0023;0;0;0;0;0;0;0;0;0;0
1561;Fensterheber;DOG101083;3;0,0068;0;0;0;0;0;0;0;0;0;0
1561;Fensterheber;DOG101109;1;0,0023;0;0;0;0;0;0;0;0;0;0
1561;Fensterheber;DOG101110;1;0,0023;0;0;0;0;0;0;0;0;0;0
1561;Fensterheber;DOG101130;1;0,0023;0;0;0;0;0;0;0;0;0;0
1561;Fensterheber;DOG101142;2;0,0045;0;0;0;0;0;0;0;0;0;0
1561;Fensterheber;DOG101149;1;0,0023;0;0;0;0;0;0;0;0;0;0
1561;Fensterheber;DOG101151;7;0,0159;0;0;0;0;0;0;0;0;0;0
1561;Fensterheber;DOG101153;4;0,0091;0;0;0;0;0;0;0;0;0;0
1561;Fensterheber;DOG101155;2;0,0045;0;0;0;0;0;0;0;0;0;0
1561;Fensterheber;DOG101169;1;0,0023;0;0;0;0;0;0;0;0;0;0
1561;Fensterheber;DOG101187;2;0,0045;0;0;0;0;0;0;0;0;0;0
1561;Fensterheber;DOG101189;1;0,0023;0;0;0;0;0;0;0;0;0;0
1561;Fensterheber;DOG101190;1;0,0023;0;0;0;0;0;0;0;0;0;0
1561;Fensterheber;DOG101197;1;0,0023;0;0;0;0;0;0;0;0;0;0
1561;Fensterheber;DOG101199;2;0,0045;0;0;0;0;0;0;0;0;0;0
1561;Fensterheber;DOG101202;1;0,0023;0;0;0;0;0;0;0;0;0;0
1561;Fensterheber;DOG101255;2;0,0045;0;0;0;0;0;0;0;0;0;0
1561;Fensterheber;DOG101256;1;0,0023;0;0;0;0;0;0;0;0;0;0
1561;Fensterheber;DOG101261;1;0,0023;0;0;0;0;0;0;0;0;0;0
1561;Fensterheber;DOG101279;2;0,0045;0;0;0;0;0;0;0;0;0;0
1561;Fensterheber;DOG101280;2;0,0045;0;0;0;0;0;0;0;0;0;0
1561;Fensterheber;DOG101289;1;0,0023;0;0;0;0;0;0;0;0;0;0
1561;Fensterheber;DOG101345;2;0,0045;0;0;0;0;0;0;0;0;0;0
1561;Fensterheber;DOG101378;1;0,0023;0;0;0;0;0;0;0;0;0;0
1561;Fensterheber;DOG101381;1;0,0023;0;0;0;0;0;0;0;0;0;0
1561;Fensterheber;DOG101403;1;0,0023;0;0;0;0;0;0;0;0;0;0
1561;Fensterheber;DOG101410;1;0,0023;0;0;0;0;0;0;0;0;0;0
1561;Fensterheber;DOG101434;1;0,0023;0;0;0;0;0;0;0;0;0;0
1561;Fensterheber;DOG101463;6;0,0136;0;0;0;0;0;0;0;0;0;0
1561;Fensterheber;DOG101473;1;0,0023;0;0;0;0;0;0;0;0;0;0
1561;Fensterheber;DOG101492;1;0,0023;0;0;0;0;0;0;0;0;0;0
1561;Fensterheber;DOG101493;1;0,0023;0;0;0;0;0;0;0;0;0;0
1561;Fensterheber;DOG101494;3;0,0068;0;0;0;0;0;0;0;0;0;0
1561;Fensterheber;DOG101550;1;0,0023;0;0;0;0;0;0;0;0;0;0
1561;Fensterheber;DOG101552;2;0,0045;0;0;0;0;0;0;0;0;0;0
1561;Fensterheber;DOG101555;4;0,0091;0;0;0;0;0;0;0;0;0;0
1561;Fensterheber;DOG101556;1;0,0023;0;0;0;0;0;0;0;0;0;0
1561;Fensterheber;DOG101581;2;0,0045;0;0;0;0;0;0;0;0;0;0
1561;Fensterheber;DOG101592;1;0,0023;0;0;0;0;0;0;0;0;0;0
1561;Fensterheber;DOG101596;2;0,0045;0;0;0;0;0;0;0;0;0;0
1561;Fensterheber;DOG101633;3;0,0068;0;0;0;0;0;0;0;0;0;0
1561;Fensterheber;DOG101685;3;0,0068;0;0;0;0;0;0;0;0;0;0
1561;Fensterheber;DOG101688;1;0,0023;0;0;0;0;0;0;0;0;0;0
1561;Fensterheber;DOG101693;1;0,0023;0;0;0;0;0;0;0;0;0;0
1561;Fensterheber;DOG101697;1;0,0023;0;0;0;0;0;0;0;0;0;0
1561;Fensterheber;DOG101698;2;0,0045;0;0;0;0;0;0;0;0;0;0
1561;Fensterheber;DOG101709;3;0,0068;0;0;0;0;0;0;0;0;0;0
1561;Fensterheber;DOG101710;4;0,0091;0;0;0;0;0;0;0;0;0;0
1561;Fensterheber;DOG101720;1;0,0023;0;0;0;0;0;0;0;0;0;0
1561;Fensterheber;DOG101734;1;0,0023;0;0;0;0;0;0;0;0;0;0
1561;Fensterheber;DOG101741;1;0,0023;0;0;0;0;0;0;0;0;0;0
1561;Fensterheber;DOG101755;1;0,0023;0;0;0;0;0;0;0;0;0;0
1561;Fensterheber;DOG101756;1;0,0023;0;0;0;0;0;0;0;0;0;0
1561;Fensterheber;DOG101757;1;0,0023;0;0;0;0;0;0;0;0;0;0
1561;Fensterheber;DOG101773;1;0,0023;0;0;0;0;0;0;0;0;0;0
1561;Fensterheber;DOG101811;3;0,0068;0;0;0;0;0;0;0;0;0;0
1561;Fensterheber;DOG101813;1;0,0023;0;0;0;0;0;0;0;0;0;0
1561;Fensterheber;DOG101814;2;0,0045;0;0;0;0;0;0;0;0;0;0
1561;Fensterheber;DOG101863;1;0,0023;0;0;0;0;0;0;0;0;0;0
1561;Fensterheber;DOG101864;1;0,0023;0;0;0;0;0;0;0;0;0;0
1561;Fensterheber;DOG101950;1;0,0023;0;0;0;0;0;0;0;0;0;0
1561;Fensterheber;DOG101983;2;0,0045;0;0;0;0;0;0;0;0;0;0
1561;Fensterheber;DOG101987;4;0,0091;0;0;0;0;0;0;0;0;0;0
1561;Fensterheber;DOG101988;4;0,0091;0;0;0;0;0;0;0;0;0;0
1561;Fensterheber;DOG101999;1;0,0023;0;0;0;0;0;0;0;0;0;0
1561;Fensterheber;DOG102031;1;0,0023;0;0;0;0;0;0;0;0;0;0
1561;Fensterheber;DOG102033;1;0,0023;0;0;0;0;0;0;0;0;0;0
1561;Fensterheber;DOG102034;1;0,0023;0;0;0;0;0;0;0;0;0;0
1561;Fensterheber;DOG102036;3;0,0068;0;0;0;0;0;0;0;0;0;0
1561;Fensterheber;DOG102039;2;0,0045;0;0;0;0;0;0;0;0;0;0
1561;Fensterheber;DOG102079;1;0,0023;0;0;0;0;0;0;0;0;0;0
1561;Fensterheber;DOG102089;1;0,0023;0;0;0;0;0;0;0;0;0;0
1561;Fensterheber;DOG102158;2;0,0045;0;0;0;0;0;0;0;0;0;0
1561;Fensterheber;DOG102193;1;0,0023;0;0;0;0;0;0;0;0;0;0
1561;Fensterheber;DOG102218;1;0,0023;0;0;0;0;0;0;0;0;0;0
1561;Fensterheber;DOG102221;2;0,0045;0;0;0;0;0;0;0;0;0;0
1561;Fensterheber;DOG102249;1;0,0023;0;0;0;0;0;0;0;0;0;0
1561;Fensterheber;DOG102287;1;0,0023;0;0;0;0;0;0;0;0;0;0
1561;Fensterheber;DOG102314;1;0,0023;0;0;0;0;0;0;0;0;0;0
1561;Fensterheber;DOG102350;1;0,0023;0;0;0;0;0;0;0;0;0;0
1561;Fensterheber;DOG102370;1;0,0023;0;0;0;0;0;0;0;0;0;0
1561;Fensterheber;DOG102435;2;0,0045;0;0;0;0;0;0;0;0;0;0
1561;Fensterheber;DOG102772;2;0,0045;0;0;0;0;0;0;0;0;0;0
1561;Fensterheber;DOG102786;1;0,0023;0;0;0;0;0;0;0;0;0;0
1561;Fensterheber;DOG102871;1;0,0023;0;0;0;0;0;0;0;0;0;0
1561;Fensterheber;DOG102888;1;0,0023;0;0;0;0;0;0;0;0;0;0
1561;Fensterheber;DOG102916;1;0,0023;0;0;0;0;0;0;0;0;0;0
1561;Fensterheber;DOG102945;2;0,0045;0;0;0;0;0;0;0;0;0;0
1561;Fensterheber;DOG102946;1;0,0023;0;0;0;0;0;0;0;0;0;0
1561;Fensterheber;DOG102953;1;0,0023;0;0;0;0;0;0;0;0;0;0
1561;Fensterheber;DOG102969;1;0,0023;0;0;0;0;0;0;0;0;0;0
1561;Fensterheber;DOG102979;2;0,0045;0;0;0;0;0;0;0;0;0;0
1561;Fensterheber;DOG102995;1;0,0023;0;0;0;0;0;0;0;0;0;0
1561;Fensterheber;DOG103031;1;0,0023;0;0;0;0;0;0;0;0;0;0
1561;Fensterheber;DOG103047;1;0,0023;0;0;0;0;0;0;0;0;0;0
1561;Fensterheber;DOG103053;1;0,0023;0;0;0;0;0;0;0;0;0;0
1561;Fensterheber;DOG103054;1;0,0023;0;0;0;0;0;0;0;0;0;0
1561;Fensterheber;DOG103074;1;0,0023;0;0;0;0;0;0;0;0;0;0
1561;Fensterheber;DOG103153;1;0,0023;0;0;0;0;0;0;0;0;0;0
1561;Fensterheber;DOG110049;1;0,0023;0;0;0;0;0;0;0;0;0;0
1561;Fensterheber;DOG110153;1;0,0023;0;0;0;0;0;0;0;0;0;0
1561;Fensterheber;DOG110248;1;0,0023;0;0;0;0;0;0;0;0;0;0
1561;Fensterheber;E5920502262;1;0,0023;0;0;0;0;0;0;0;0;0;0
1561;Fensterheber;E5920905263;1;0,0023;0;0;0;0;0;0;0;0;0;0
1561;Fensterheber;E592109142;1;0,0023;0;0;0;0;0;0;0;0;0;0
1561;Fensterheber;E592175794;2;0,0045;0;0;0;0;0;0;0;0;0;0
1561;Fensterheber;E592175795;4;0,0091;0;0;0;0;0;0;0;0;0;0
1561;Fensterheber;E592850448;1;0,0023;0;0;0;0;0;0;0;0;0;0
1561;Fensterheber;E592850524;1;0,0023;0;0;0;0;0;0;0;0;0;0
1561;Fensterheber;E592850580;1;0,0023;0;0;0;0;0;0;0;0;0;0
1561;Fensterheber;E592850585;1;0,0023;0;0;0;0;0;0;0;0;0;0
1561;Fensterheber;E592850724;1;0,0023;0;0;0;0;0;0;0;0;0;0
1561;Fensterheber;E592850725;1;0,0023;0;0;0;0;0;0;0;0;0;0
1561;Fensterheber;E592850905;1;0,0023;0;0;0;0;0;0;0;0;0;0
1561;Fensterheber;E592851274;2;0,0045;0;0;0;0;0;0;0;0;0;0
1561;Fensterheber;E592851315;1;0,0023;0;0;0;0;0;0;0;0;0;0
1561;Fensterheber;E592852628;1;0,0023;0;0;0;0;0;0;0;0;0;0
1561;Fensterheber;E592A520893;1;0,0023;0;0;0;0;0;0;0;0;0;0
1561;Fensterheber;E592LTVK741R;1;0,0023;0;0;0;0;0;0;0;0;0;0
1561;Fensterheber;E592V107605;1;0,0023;0;0;0;0;0;0;0;0;0;0
1561;Fensterheber;EG2158590B;2;0,0045;0;0;0;0;1;0;0;1;0;1
1561;Fensterheber;EG2159590B;2;0,0045;0;0;0;0;1;0;0;1;0;1
1561;Fensterheber;EJD100005;1;0,0023;0;0;0;0;0;0;0;0;0;0
1561;Fensterheber;EJD100021;2;0,0045;0;0;0;0;0;0;0;0;0;0
1561;Fensterheber;EJD100068;1;0,0023;0;0;0;0;0;0;0;0;0;0
1561;Fensterheber;EJD100075;1;0,0023;0;0;0;0;0;0;0;0;0;0
1561;Fensterheber;EJD100079;1;0,0023;0;0;0;0;0;0;0;0;0;0
1561;Fensterheber;EJD100080;1;0,0023;0;0;0;0;0;0;0;0;0;0
1561;Fensterheber;EJD100098;1;0,0023;0;0;0;0;0;0;0;0;0;0
1561;Fensterheber;EJD100165;1;0,0023;0;0;0;0;0;0;0;0;0;0
1561;Fensterheber;EJD100303;1;0,0023;0;0;0;0;0;0;0;0;0;0
1561;Fensterheber;EJD100329;1;0,0023;0;0;0;0;0;0;0;0;0;0
1561;Fensterheber;EJD100396;1;0,0023;0;0;0;0;0;0;0;0;0;0
1561;Fensterheber;EJD100437;1;0,0023;0;0;0;0;0;0;0;0;0;0
1561;Fensterheber;EJD100591;1;0,0023;0;0;0;0;0;0;0;0;0;0
1561;Fensterheber;EJD100592;1;0,0023;0;0;0;0;0;0;0;0;0;0
1561;Fensterheber;EJD100695;1;0,0023;0;0;0;0;0;0;0;0;0;0
1561;Fensterheber;EJD100792;1;0,0023;0;0;0;0;0;0;0;0;0;0
1561;Fensterheber;EJD100834;1;0,0023;0;0;0;0;0;0;0;0;0;0
1561;Fensterheber;EJD100864;1;0,0023;0;0;0;0;0;0;0;0;0;0
1561;Fensterheber;EJD101033;1;0,0023;0;0;0;0;0;0;0;0;0;0
1561;Fensterheber;EJD101034;1;0,0023;0;0;0;0;0;0;0;0;0;0
1561;Fensterheber;EJD101121;1;0,0023;0;0;0;0;0;0;0;0;0;0
1561;Fensterheber;EJD101122;1;0,0023;0;0;0;0;0;0;0;0;0;0
1561;Fensterheber;EJD101129;1;0,0023;0;0;0;0;0;0;0;0;0;0
1561;Fensterheber;EJD101130;1;0,0023;0;0;0;0;0;0;0;0;0;0
1561;Fensterheber;EJD101142;1;0,0023;0;0;0;0;0;0;0;0;0;0
1561;Fensterheber;EJD101199;1;0,0023;0;0;0;0;0;0;0;0;0;0
1561;Fensterheber;EJD101273;1;0,0023;0;0;0;0;0;0;0;0;0;0
1561;Fensterheber;EJD101274;2;0,0045;0;0;0;0;0;0;0;0;0;0
1561;Fensterheber;EJD101507;1;0,0023;0;0;0;0;0;0;0;0;0;0
1561;Fensterheber;EJD101509;1;0,0023;0;0;0;0;0;0;0;0;0;0
1561;Fensterheber;EJD101741;1;0,0023;0;0;0;0;0;0;0;0;0;0
1561;Fensterheber;EJD102349;1;0,0023;0;0;0;0;0;0;0;0;0;0
1561;Fensterheber;EJD110050;1;0,0023;0;0;0;0;0;0;0;0;0;0
1561;Fensterheber;EJL60090700;1;0,0023;0;0;0;0;0;0;0;0;0;0
1561;Fensterheber;EJL60400370;1;0,0023;0;0;0;0;0;0;0;0;0;0
1561;Fensterheber;EJL60500530;1;0,0023;0;0;0;0;0;0;0;0;0;0
1561;Fensterheber;EJL60805390;1;0,0023;0;0;0;0;0;0;0;0;0;0
1561;Fensterheber;EJL60805510;1;0,0023;0;0;0;0;0;0;0;0;0;0
1561;Fensterheber;EJL60805540;1;0,0023;0;0;0;0;0;0;0;0;0;0
1561;Fensterheber;EJL60806500;1;0,0023;0;0;0;0;0;0;0;0;0;0
1561;Fensterheber;EJL60807960;2;0,0045;0;0;0;0;0;0;0;0;0;0
1561;Fensterheber;EJL60808050;1;0,0023;0;0;0;0;0;0;0;0;0;0
1561;Fensterheber;EJL60808430;1;0,0023;0;0;0;0;0;0;0;0;0;0
1561;Fensterheber;EJL60808510;1;0,0023;0;0;0;0;0;0;0;0;0;0
1561;Fensterheber;EJL60810150;1;0,0023;0;0;0;0;0;0;0;0;0;0
1561;Fensterheber;EJL60810300;1;0,0023;0;0;0;0;0;0;0;0;0;0
1561;Fensterheber;EJL60813070;1;0,0023;0;0;0;0;0;0;0;0;0;0
1561;Fensterheber;EJL60816930;1;0,0023;0;0;0;0;0;0;0;0;0;0
1561;Fensterheber;EPSBM029;1;0,0023;0;0;0;0;0;0;0;0;0;0
1561;Fensterheber;EPSBM072;1;0,0023;0;0;0;1;0;0;0;0;0;0
1561;Fensterheber;EPSCH007;1;0,0023;0;0;0;0;0;0;0;0;0;0
1561;Fensterheber;EPSCH014;1;0,0023;0;0;0;0;0;0;0;0;0;0
1561;Fensterheber;EPSCH019S;1;0,0023;0;0;0;0;0;0;0;1;0;0
1561;Fensterheber;EPSCH029S;1;0,0023;0;0;0;0;0;0;0;0;0;0
1561;Fensterheber;EPSCH031S;1;0,0023;0;0;0;0;0;0;0;0;0;0
1561;Fensterheber;EPSCH032S;1;0,0023;0;0;0;0;0;0;0;0;0;0
1561;Fensterheber;EPSHD003;1;0,0023;0;0;0;0;0;0;0;0;0;0
1561;Fensterheber;EPSHD018;1;0,0023;0;0;0;0;0;0;0;0;0;0
1561;Fensterheber;EPSHD019;1;0,0023;0;0;0;0;0;0;0;0;0;0
1561;Fensterheber;EPSLR000;1;0,0023;0;0;0;0;0;0;0;0;0;0
1561;Fensterheber;EPSME022;2;0,0045;0;0;0;0;0;0;0;0;0;0
1561;Fensterheber;EPSRE016;1;0,0023;0;0;0;1;0;0;0;1;0;0
1561;Fensterheber;EPSSE022;1;0,0023;0;0;0;0;0;0;0;1;0;0
1561;Fensterheber;EPSSE023;1;0,0023;0;0;0;1;0;0;0;0;0;0
1561;Fensterheber;EPSTY005;1;0,0023;0;0;0;1;0;0;0;0;0;0
1561;Fensterheber;EPSVW001;1;0,0023;0;0;0;1;0;0;0;0;0;0
1561;Fensterheber;EPSVW003;1;0,0023;0;0;0;1;0;0;0;0;0;0
1561;Fensterheber;EPSVW031;1;0,0023;0;0;0;1;0;0;0;0;0;0
1561;Fensterheber;EPSVW081;1;0,0023;0;0;0;1;0;0;0;0;0;0
1561;Fensterheber;ES51B23200BA;1;0,0023;0;1;1;0;1;0;0;1;1;0
1561;Fensterheber;ES51B23201BA;1;0,0023;0;1;1;0;1;0;0;1;1;0
1561;Fensterheber;EW141260038;1;0,0023;0;0;0;0;0;0;0;0;0;0
1561;Fensterheber;EWSRE005;1;0,0023;0;0;0;1;0;0;0;0;0;0
1561;Fensterheber;F1001120;1;0,0023;0;0;0;0;0;0;0;0;0;0
1561;Fensterheber;FB3060;1;0,0023;0;0;0;0;0;0;0;0;0;0
1561;Fensterheber;FB4095;1;0,0023;0;0;0;0;0;0;0;0;0;0
1561;Fensterheber;FB4141;1;0,0023;0;0;0;0;0;0;0;0;0;0
1561;Fensterheber;FE103771;1;0,0023;0;0;0;0;0;0;0;0;0;0
1561;Fensterheber;FE109512;1;0,0023;0;0;0;0;0;0;0;0;0;0
1561;Fensterheber;FE170214;1;0,0023;0;0;0;0;0;0;0;0;0;0
1561;Fensterheber;FE175443;3;0,0068;0;0;0;0;0;0;0;0;0;0
1561;Fensterheber;FE175445;6;0,0136;0;0;0;0;0;0;0;0;0;0
1561;Fensterheber;FE175462;1;0,0023;0;0;0;0;0;0;0;0;0;0
1561;Fensterheber;FE175585;1;0,0023;0;0;0;0;0;0;0;0;0;0
1561;Fensterheber;FE175586;2;0,0045;0;0;0;0;0;0;0;0;0;0
1561;Fensterheber;FE175665;1;0,0023;0;0;0;0;0;0;0;0;0;0
1561;Fensterheber;FE175667;4;0,0091;0;0;0;0;0;0;0;0;0;0
1561;Fensterheber;FE175794;8;0,0182;0;0;0;0;0;0;0;0;0;0
1561;Fensterheber;FE175795;3;0,0068;0;0;0;0;0;0;0;0;0;0
1561;Fensterheber;FE176300;3;0,0068;0;0;0;0;0;0;0;0;0;0
1561;Fensterheber;FE176302;2;0,0045;0;0;0;0;0;0;0;0;0;0
1561;Fensterheber;FE176487;6;0,0136;0;0;0;0;0;0;0;0;0;0
1561;Fensterheber;FE176630;3;0,0068;0;0;0;0;0;0;0;0;0;0
1561;Fensterheber;FE176631;1;0,0023;0;0;0;0;0;0;0;0;0;0
1561;Fensterheber;FE177098;4;0,0091;0;0;0;0;0;0;0;0;0;0
1561;Fensterheber;FE177099;8;0,0182;0;0;0;0;0;0;0;0;0;0
1561;Fensterheber;FE177107;3;0,0068;0;0;0;0;0;0;0;0;0;0
1561;Fensterheber;FE177111;1;0,0023;0;0;0;0;0;0;0;0;0;0
1561;Fensterheber;FE177827;2;0,0045;0;0;0;0;0;0;0;0;0;0
1561;Fensterheber;FE177828;4;0,0091;0;0;0;0;0;0;0;0;0;0
1561;Fensterheber;FE179304;5;0,0114;0;0;0;0;0;0;0;0;0;0
1561;Fensterheber;FE179305;3;0,0068;0;0;0;0;0;0;0;0;0;0
1561;Fensterheber;FE180216;1;0,0023;0;0;0;0;0;0;0;0;0;0
1561;Fensterheber;FE180249;1;0,0023;0;0;0;0;0;0;0;0;0;0
1561;Fensterheber;FE180250;6;0,0136;0;0;0;0;0;0;0;0;0;0
1561;Fensterheber;FE180252;5;0,0114;0;0;0;0;0;0;0;0;0;0
1561;Fensterheber;FE180261;1;0,0023;0;0;0;0;0;0;0;0;0;0
1561;Fensterheber;FE180313;1;0,0023;0;0;0;0;0;0;0;0;0;0
1561;Fensterheber;FE27346;2;0,0045;0;0;0;0;0;0;0;0;0;0
1561;Fensterheber;FE27392;1;0,0023;0;0;0;0;0;0;0;0;0;0
1561;Fensterheber;FE27393;2;0,0045;0;0;0;0;0;0;0;0;0;0
1561;Fensterheber;FE49908;1;0,0023;0;0;0;0;0;0;0;0;0;0
1561;Fensterheber;FEBI175665;1;0,0023;0;0;0;0;0;0;0;0;0;0
1561;Fensterheber;FEBI175794;1;0,0023;0;0;0;0;0;0;0;0;0;0
1561;Fensterheber;FEBI175795;1;0,0023;0;0;0;0;0;0;0;0;0;0
1561;Fensterheber;FEBI176487;1;0,0023;0;0;0;0;0;0;0;0;0;0
1561;Fensterheber;FEBI177827;1;0,0023;0;0;0;0;0;0;0;0;0;0
1561;Fensterheber;FR45LB;1;0,0023;0;1;0;0;1;0;0;0;0;0
1561;Fensterheber;FT00276;1;0,0023;0;0;0;1;0;1;0;0;0;0
1561;Fensterheber;FT040W026;1;0,0023;0;0;1;0;0;0;0;0;1;1
1561;Fensterheber;FT342W011;1;0,0023;0;0;1;0;0;0;0;0;1;1
1561;Fensterheber;FT342W022;1;0,0023;0;0;1;0;0;0;0;0;1;1
1561;Fensterheber;FT448W024;1;0,0023;0;0;0;0;0;0;0;0;0;0
1561;Fensterheber;FT907W012;5;0,0114;0;0;1;1;0;0;0;0;1;1
1561;Fensterheber;FT908W026;1;0,0023;0;0;1;1;0;0;0;0;1;1
1561;Fensterheber;FT91701;1;0,0023;0;0;0;1;0;0;0;0;0;0
1561;Fensterheber;FT91702;1;0,0023;0;0;0;1;0;0;0;0;0;0
1561;Fensterheber;FT91876FAT;1;0,0023;0;0;0;0;0;0;0;0;0;0
1561;Fensterheber;FT91924;1;0,0023;0;0;0;0;0;0;0;1;0;0
1561;Fensterheber;FT91932;1;0,0023;0;0;0;1;0;0;0;1;0;0
1561;Fensterheber;FT91946;1;0,0023;0;0;0;0;0;0;0;1;0;0
1561;Fensterheber;G22C5858XF;5;0,0114;0;0;1;1;0;0;0;0;0;1
1561;Fensterheber;GJ6A58590F;1;0,0023;1;1;1;1;1;0;0;1;1;1
1561;Fensterheber;GJ6A5958X;5;0,0114;0;0;0;1;0;0;0;0;0;0
1561;Fensterheber;GJ6A5958XF;4;0,0091;0;0;1;1;0;0;0;0;0;1
1561;Fensterheber;GJ6A59590A;1;0,0023;0;0;1;1;1;0;0;1;1;0
1561;Fensterheber;GJ6A72590A;1;0,0023;0;0;1;1;0;0;0;1;1;0
1561;Fensterheber;GJ6A73590G;1;0,0023;0;1;1;1;0;0;0;1;0;1
1561;Fensterheber;GJ6A?59?58XF;1;0,0023;0;0;0;0;0;0;0;0;0;0
1561;Fensterheber;GS1D59590;1;0,0023;1;0;0;0;0;0;0;1;1;0
1561;Fensterheber;GS1D59590A;1;0,0023;1;1;0;0;0;0;0;1;1;1
1561;Fensterheber;HP104045;1;0,0023;0;0;0;0;0;0;0;0;0;0
1561;Fensterheber;HP104098;1;0,0023;0;0;0;0;0;0;0;0;0;0
1561;Fensterheber;HP108671;1;0,0023;0;0;0;0;0;0;0;0;0;0
1561;Fensterheber;HP110559;1;0,0023;0;0;0;0;0;0;0;0;0;0
1561;Fensterheber;HP111257;1;0,0023;0;0;0;0;0;0;0;0;0;0
1561;Fensterheber;HP111258;1;0,0023;0;0;0;0;0;0;0;0;0;0
1561;Fensterheber;HP111266;1;0,0023;0;0;0;0;0;0;0;0;0;0
1561;Fensterheber;HP114708;1;0,0023;0;0;0;0;0;0;0;0;0;0
1561;Fensterheber;HP501822;1;0,0023;0;0;0;0;0;0;0;0;0;0
1561;Fensterheber;HP502092;1;0,0023;0;0;0;0;0;0;0;0;0;0
1561;Fensterheber;HR514010;1;0,0023;1;1;0;0;1;0;0;1;1;0
1561;Fensterheber;HTTPSTM5CARPARTSCATCOM6JTILJLLUC2N6E7T6FLC02PARTSDIRECTLISTDIRECTDIRECTQUERYA203720;1;0,0023;0;0;0;0;0;0;0;0;0;0
1561;Fensterheber;J9C3277;1;0,0023;0;0;0;0;0;0;0;0;1;0
1561;Fensterheber;J9C3280;1;0,0023;0;0;0;0;0;0;0;0;1;0
1561;Fensterheber;K04894527AA;1;0,0023;0;0;0;0;1;0;0;0;1;0
1561;Fensterheber;L000043;2;0,0045;0;0;0;1;0;1;0;0;0;0
1561;Fensterheber;L000044;1;0,0023;0;0;0;1;0;1;0;0;0;0
1561;Fensterheber;L000087;1;0,0023;0;0;0;1;0;0;0;0;0;0
1561;Fensterheber;LA002W012;1;0,0023;0;0;1;0;0;0;0;0;1;1
1561;Fensterheber;LIFFT97L;1;0,0023;0;0;0;0;0;0;0;0;0;0
1561;Fensterheber;LR006372;5;0,0114;1;1;1;0;1;0;0;1;1;1
1561;Fensterheber;LR006373;1;0,0023;1;1;0;0;1;0;0;1;1;1
1561;Fensterheber;LR032027;1;0,0023;0;0;0;0;0;0;0;0;0;1
1561;Fensterheber;LR060136;1;0,0023;0;0;0;0;1;0;0;0;0;1
1561;Fensterheber;LR077816;3;0,0068;0;0;1;1;0;0;0;0;1;1
1561;Fensterheber;LR077817;2;0,0045;0;0;1;1;0;0;0;0;1;1
1561;Fensterheber;LR078870;3;0,0068;0;0;1;1;0;0;0;0;1;1
1561;Fensterheber;LR083210;2;0,0045;0;0;0;0;0;0;0;0;0;1
1561;Fensterheber;LR083211;3;0,0068;0;0;0;0;0;0;0;0;0;1
1561;Fensterheber;LR153952;1;0,0023;1;0;1;1;1;0;0;0;1;1
1561;Fensterheber;LR153954;2;0,0045;0;0;0;0;0;0;0;0;0;1
1561;Fensterheber;LR153956;2;0,0045;1;0;1;1;0;0;0;0;1;1
1561;Fensterheber;LR153959;2;0,0045;0;0;0;0;0;0;0;0;0;0
1561;Fensterheber;LR153960;2;0,0045;0;0;0;0;0;0;0;0;0;0
1561;Fensterheber;LSB1354;1;0,0023;0;0;0;0;0;0;0;0;0;1
1561;Fensterheber;LTAA41L;1;0,0023;1;1;0;1;1;1;1;1;1;1
1561;Fensterheber;LTAA48L;1;0,0023;1;1;0;0;1;0;0;1;1;1
1561;Fensterheber;LTAA701L;1;0,0023;1;1;0;0;1;0;0;1;1;1
1561;Fensterheber;LTAA701R;2;0,0045;1;1;0;0;1;0;0;1;1;1
1561;Fensterheber;LTAA702R;1;0,0023;1;1;0;0;1;0;1;1;1;1
1561;Fensterheber;LTAD701R;2;0,0045;1;1;0;1;1;1;1;1;1;1
1561;Fensterheber;LTAD703L;6;0,0136;1;1;0;1;1;1;1;1;1;1
1561;Fensterheber;LTAD703R;3;0,0068;1;1;0;1;1;1;1;1;1;1
1561;Fensterheber;LTAD704L;1;0,0023;1;1;0;1;1;1;1;1;1;1
1561;Fensterheber;LTAD707L;2;0,0045;1;1;0;1;1;0;1;1;1;1
1561;Fensterheber;LTAD708L;1;0,0023;1;1;0;0;0;0;1;1;1;1
1561;Fensterheber;LTAD709L;1;0,0023;1;1;0;1;1;1;1;1;1;1
1561;Fensterheber;LTAD709R;1;0,0023;1;1;0;1;1;1;1;1;1;1
1561;Fensterheber;LTAD711L;1;0,0023;1;1;0;1;1;1;1;1;1;1
1561;Fensterheber;LTAD711R;2;0,0045;1;1;0;1;1;1;1;1;1;1
1561;Fensterheber;LTAD718L;1;0,0023;0;1;0;1;1;0;0;1;1;1
1561;Fensterheber;LTAD718R;1;0,0023;0;1;0;1;1;0;0;1;1;1
1561;Fensterheber;LTAD720L;1;0,0023;1;1;0;1;1;1;1;1;1;1
1561;Fensterheber;LTAD735R;1;0,0023;1;0;0;1;1;0;0;1;1;1
1561;Fensterheber;LTAD744L;1;0,0023;0;0;0;0;0;0;0;1;1;0
1561;Fensterheber;LTBM31R;1;0,0023;1;1;0;1;1;1;1;1;1;1
1561;Fensterheber;LTBM33R;1;0,0023;1;1;0;1;1;0;1;1;1;0
1561;Fensterheber;LTBM703L;7;0,0159;1;1;0;1;1;0;0;1;1;1
1561;Fensterheber;LTBM703R;5;0,0114;1;1;0;1;1;0;1;1;1;1
1561;Fensterheber;LTBM704L;2;0,0045;1;1;0;1;1;1;1;1;1;1
1561;Fensterheber;LTBM704R;2;0,0045;1;1;0;1;1;1;1;1;1;1
1561;Fensterheber;LTBM706R;4;0,0091;1;1;0;1;1;1;1;1;1;1
1561;Fensterheber;LTBM708L;3;0,0068;1;1;0;1;1;1;1;1;1;1
1561;Fensterheber;LTBM708R;5;0,0114;1;1;0;1;1;1;1;1;1;1
1561;Fensterheber;LTBM711L;1;0,0023;1;1;0;1;1;0;1;1;1;1
1561;Fensterheber;LTBM718L;4;0,0091;1;1;0;1;1;0;0;1;1;1
1561;Fensterheber;LTBM728L;2;0,0045;1;1;0;1;1;0;1;1;1;1
1561;Fensterheber;LTBM730L;1;0,0023;1;0;0;1;0;1;0;1;1;1
1561;Fensterheber;LTBM730R;1;0,0023;1;0;0;1;0;1;0;1;1;1
1561;Fensterheber;LTBM731R;1;0,0023;1;0;0;1;1;0;0;1;1;1
1561;Fensterheber;LTBMO37LC;1;0,0023;1;1;0;1;0;1;0;0;1;0
1561;Fensterheber;LTBMO37RC;1;0,0023;1;1;0;1;0;1;0;0;1;0
1561;Fensterheber;LTCT07LB;1;0,0023;1;1;0;0;1;0;0;1;1;1
1561;Fensterheber;LTCT11LB;1;0,0023;1;1;0;0;1;0;0;1;1;1
1561;Fensterheber;LTCT22L;2;0,0045;1;1;0;1;1;0;1;1;1;1
1561;Fensterheber;LTCT42L;1;0,0023;1;1;0;1;1;0;0;1;1;1
1561;Fensterheber;LTCT42R;2;0,0045;1;1;0;1;1;0;0;1;1;1
1561;Fensterheber;LTCT47L;1;0,0023;1;1;0;0;0;0;0;0;1;1
1561;Fensterheber;LTCT54R;1;0,0023;0;1;0;0;1;0;0;1;1;1
1561;Fensterheber;LTCT703R;1;0,0023;1;1;0;1;1;0;0;1;1;1
1561;Fensterheber;LTCT705L;1;0,0023;1;1;0;1;1;0;0;1;1;1
1561;Fensterheber;LTCT708L;1;0,0023;1;1;0;0;1;0;0;1;1;1
1561;Fensterheber;LTCT714L;3;0,0068;1;1;0;0;1;0;1;1;1;1
1561;Fensterheber;LTCT714R;2;0,0045;1;1;0;0;1;0;1;1;1;1
1561;Fensterheber;LTCT717L;1;0,0023;1;1;0;1;1;0;1;1;1;1
1561;Fensterheber;LTCT717R;3;0,0068;1;1;0;1;1;0;1;1;1;1
1561;Fensterheber;LTCT719L;2;0,0045;1;1;0;1;1;0;0;1;1;1
1561;Fensterheber;LTCT720R;1;0,0023;1;1;0;1;1;0;0;1;1;1
1561;Fensterheber;LTCT722L;3;0,0068;1;1;0;1;1;0;1;1;1;1
1561;Fensterheber;LTCT722R;3;0,0068;1;1;0;1;1;0;1;1;1;1
1561;Fensterheber;LTCT724L;2;0,0045;1;1;0;0;1;0;0;1;1;1
1561;Fensterheber;LTCT724R;2;0,0045;1;1;0;0;1;0;0;1;1;1
1561;Fensterheber;LTCT725L;4;0,0091;0;1;0;0;1;0;0;1;1;1
1561;Fensterheber;LTCT725R;1;0,0023;0;1;0;0;1;0;0;1;1;1
1561;Fensterheber;LTCT726L;1;0,0023;1;0;0;1;1;0;0;1;1;1
1561;Fensterheber;LTCT726R;2;0,0045;1;0;0;1;1;0;0;1;1;1
1561;Fensterheber;LTCTO55LC;1;0,0023;0;1;0;0;0;0;0;1;1;1
1561;Fensterheber;LTDN100L;1;0,0023;1;1;0;0;1;0;0;1;1;1
1561;Fensterheber;LTDN108L;1;0,0023;1;0;0;0;0;0;0;1;1;1
1561;Fensterheber;LTDN59L;2;0,0045;1;1;0;0;1;0;0;1;1;1
1561;Fensterheber;LTDN703L;1;0,0023;1;1;0;1;1;0;0;1;1;1
1561;Fensterheber;LTDN70L;1;0,0023;1;1;0;0;1;0;0;1;1;1
1561;Fensterheber;LTDN75L;1;0,0023;1;1;0;0;1;0;0;1;1;1
1561;Fensterheber;LTDW11L;1;0,0023;1;1;0;0;1;0;0;1;1;1
1561;Fensterheber;LTFR55R;1;0,0023;1;1;0;1;1;0;0;1;1;1
1561;Fensterheber;LTFR61R;1;0,0023;1;1;0;0;1;0;0;1;1;1
1561;Fensterheber;LTFR62L;4;0,0091;1;1;0;1;1;0;1;1;1;1
1561;Fensterheber;LTFR709R;1;0,0023;1;1;0;1;1;1;1;1;1;1
1561;Fensterheber;LTFR717L;1;0,0023;1;1;0;1;1;0;0;1;1;1
1561;Fensterheber;LTFR81L;1;0,0023;1;1;0;0;1;0;0;1;1;1
1561;Fensterheber;LTFT138L;5;0,0114;0;0;0;1;0;0;0;0;1;1
1561;Fensterheber;LTFT138R;1;0,0023;0;0;0;1;0;0;0;0;1;1
1561;Fensterheber;LTFT62LB;1;0,0023;1;1;0;0;0;0;0;1;1;1
1561;Fensterheber;LTFT62RB;1;0,0023;1;1;0;0;0;0;0;1;1;1
1561;Fensterheber;LTFT707L;11;0,025;1;1;0;0;1;0;1;1;1;1
1561;Fensterheber;LTFT707R;2;0,0045;1;1;0;0;1;0;1;1;1;1
1561;Fensterheber;LTFT724L;3;0,0068;1;0;0;0;1;0;0;1;1;1
1561;Fensterheber;LTFT725R;1;0,0023;1;0;0;0;0;0;0;1;1;1
1561;Fensterheber;LTFT72R;1;0,0023;1;1;0;1;1;0;1;1;1;1
1561;Fensterheber;LTFT82L;2;0,0045;1;1;0;0;1;0;0;1;1;1
1561;Fensterheber;LTFT909L;2;0,0045;1;1;0;1;1;1;1;1;1;1
1561;Fensterheber;LTFT909R;4;0,0091;1;1;0;1;1;1;1;1;1;1
1561;Fensterheber;LTFT90R;2;0,0045;1;1;0;0;1;0;1;1;1;1
1561;Fensterheber;LTFT915L;1;0,0023;1;0;0;0;1;0;0;1;1;1
1561;Fensterheber;LTFT92R;1;0,0023;1;1;0;0;0;0;0;1;1;1
1561;Fensterheber;LTFTO132LC;1;0,0023;0;1;0;0;1;0;0;1;1;1
1561;Fensterheber;LTGM106L;1;0,0023;1;1;0;0;1;0;0;1;1;1
1561;Fensterheber;LTHD51R;1;0,0023;1;1;0;0;1;0;0;1;1;1
1561;Fensterheber;LTHD54R;1;0,0023;1;1;0;0;1;0;0;1;1;1
1561;Fensterheber;LTHD61L;2;0,0045;1;1;0;0;1;0;0;1;1;1
1561;Fensterheber;LTHD61R;2;0,0045;1;1;0;0;1;0;0;0;1;1
1561;Fensterheber;LTHD68R;1;0,0023;1;0;0;0;0;0;0;1;1;1
1561;Fensterheber;LTHD704R;1;0,0023;1;0;0;0;1;0;0;1;1;1
1561;Fensterheber;LTHDO52LC;1;0,0023;1;1;0;0;1;0;0;1;1;0
1561;Fensterheber;LTHDO54RC;1;0,0023;1;0;0;0;0;0;0;1;1;0
1561;Fensterheber;LTHDO62LC;5;0,0114;1;1;0;0;1;0;0;1;1;1
1561;Fensterheber;LTHDO68LC;2;0,0045;1;0;0;0;0;0;0;1;1;1
1561;Fensterheber;LTHY12RB;1;0,0023;1;1;0;0;1;0;0;1;1;1
1561;Fensterheber;LTHY19R;1;0,0023;1;1;0;0;1;0;0;1;1;1
1561;Fensterheber;LTHY29L;1;0,0023;1;1;0;0;1;0;0;1;1;1
1561;Fensterheber;LTJE22L;1;0,0023;0;1;0;0;0;0;0;1;1;1
1561;Fensterheber;LTJE23L;1;0,0023;0;1;0;0;0;0;0;1;1;1
1561;Fensterheber;LTJG706L;1;0,0023;0;0;0;0;0;0;0;0;1;1
1561;Fensterheber;LTKA12L;1;0,0023;0;1;0;0;0;0;0;1;1;1
1561;Fensterheber;LTKA701L;2;0,0045;1;1;0;0;1;0;0;1;1;1
1561;Fensterheber;LTKA701R;1;0,0023;1;1;0;0;1;0;0;1;1;1
1561;Fensterheber;LTKA711L;2;0,0045;0;0;0;0;1;0;0;0;1;0
1561;Fensterheber;LTKA711R;5;0,0114;0;0;0;0;1;0;0;0;1;0
1561;Fensterheber;LTLN31L;1;0,0023;1;1;0;0;1;0;0;1;1;1
1561;Fensterheber;LTLN31R;3;0,0068;1;1;0;0;1;0;0;1;1;1
1561;Fensterheber;LTLR12L;2;0,0045;1;1;0;0;0;0;0;1;1;0
1561;Fensterheber;LTLR15L;1;0,0023;1;1;0;0;1;0;0;1;1;1
1561;Fensterheber;LTLR701L;1;0,0023;1;0;0;0;0;0;0;1;1;1
1561;Fensterheber;LTMA44L;1;0,0023;0;0;0;0;1;0;0;1;1;0
1561;Fensterheber;LTME08RB;1;0,0023;1;1;0;0;1;0;0;1;1;1
1561;Fensterheber;LTME34L;2;0,0045;1;1;0;1;1;0;0;1;1;1
1561;Fensterheber;LTME702L;1;0,0023;1;1;0;1;1;1;1;1;1;1
1561;Fensterheber;LTME702R;1;0,0023;1;1;0;1;1;1;1;1;1;1
1561;Fensterheber;LTME707R;1;0,0023;1;1;0;0;1;0;0;1;1;1
1561;Fensterheber;LTME718L;1;0,0023;1;1;0;1;1;1;0;0;1;1
1561;Fensterheber;LTME720R;2;0,0045;1;1;0;0;1;0;1;1;1;1
1561;Fensterheber;LTMI32RB;1;0,0023;1;1;0;0;1;0;0;1;1;1
1561;Fensterheber;LTMI51L;1;0,0023;1;1;0;0;1;0;0;1;1;1
1561;Fensterheber;LTMI51R;1;0,0023;1;1;0;0;1;0;0;1;1;1
1561;Fensterheber;LTMI52L;1;0,0023;1;0;0;0;0;0;0;1;1;0
1561;Fensterheber;LTMI56L;1;0,0023;1;1;0;0;1;0;0;1;1;0
1561;Fensterheber;LTMI704L;1;0,0023;1;1;0;0;0;0;0;1;1;0
1561;Fensterheber;LTMI706L;2;0,0045;1;1;0;0;1;0;0;1;1;1
1561;Fensterheber;LTOP23L;2;0,0045;1;1;0;0;1;0;0;1;1;0
1561;Fensterheber;LTOP25L;1;0,0023;0;1;0;0;1;0;0;1;1;1
1561;Fensterheber;LTOP28L;2;0,0045;1;1;0;0;0;0;0;1;1;0
1561;Fensterheber;LTOP28R;2;0,0045;1;1;0;0;0;0;0;1;1;0
1561;Fensterheber;LTOP51L;1;0,0023;1;1;0;1;1;0;0;1;1;1
1561;Fensterheber;LTOP64L;1;0,0023;1;1;0;0;1;0;0;1;1;1
1561;Fensterheber;LTOP64R;1;0,0023;1;1;0;0;1;0;0;1;1;1
1561;Fensterheber;LTOP702L;1;0,0023;1;1;0;0;1;0;0;1;1;1
1561;Fensterheber;LTOP704L;1;0,0023;1;1;0;1;1;0;0;1;1;1
1561;Fensterheber;LTOP705L;1;0,0023;1;1;0;0;1;0;0;1;1;1
1561;Fensterheber;LTOP710L;1;0,0023;1;1;0;0;1;0;0;1;1;1
1561;Fensterheber;LTOP729L;2;0,0045;1;1;0;0;0;0;0;1;1;1
1561;Fensterheber;LTOP72L;1;0,0023;1;1;0;0;1;0;0;1;1;1
1561;Fensterheber;LTPG17L;1;0,0023;1;1;0;0;1;0;0;1;1;1
1561;Fensterheber;LTPG17R;2;0,0045;1;1;0;0;1;0;0;1;1;1
1561;Fensterheber;LTPG18L;3;0,0068;1;1;0;0;1;0;0;1;1;1
1561;Fensterheber;LTPG18R;3;0,0068;1;1;0;0;1;0;0;1;1;1
1561;Fensterheber;LTPG23R;1;0,0023;1;1;0;0;1;0;0;1;1;1
1561;Fensterheber;LTPG44L;1;0,0023;1;1;0;0;1;0;0;1;1;1
1561;Fensterheber;LTPG48R;1;0,0023;1;0;0;1;0;0;0;1;1;1
1561;Fensterheber;LTPG703L;2;0,0045;1;1;0;0;1;0;1;1;1;1
1561;Fensterheber;LTPG703R;1;0,0023;1;1;0;0;1;0;1;1;1;1
1561;Fensterheber;LTPG704L;1;0,0023;1;1;0;1;1;1;0;1;1;1
1561;Fensterheber;LTPG705L;1;0,0023;1;1;0;0;0;0;1;1;1;1
1561;Fensterheber;LTPG706L;1;0,0023;1;1;0;1;1;0;0;1;1;1
1561;Fensterheber;LTPG709L;1;0,0023;1;1;0;0;1;0;0;1;1;1
1561;Fensterheber;LTPG710L;1;0,0023;1;1;0;1;1;0;0;1;1;1
1561;Fensterheber;LTPG713L;3;0,0068;1;1;0;1;1;1;0;1;1;1
1561;Fensterheber;LTPG714L;4;0,0091;0;1;0;0;1;0;0;1;1;1
1561;Fensterheber;LTPG714R;2;0,0045;0;1;0;0;1;0;0;1;1;1
1561;Fensterheber;LTPG727L;1;0,0023;1;0;0;0;0;0;0;1;1;1
1561;Fensterheber;LTPG727R;1;0,0023;1;0;0;0;0;0;0;1;1;1
1561;Fensterheber;LTPG731L;1;0,0023;0;0;0;0;1;0;0;1;1;1
1561;Fensterheber;LTPG732L;1;0,0023;0;0;0;0;1;0;0;1;1;0
1561;Fensterheber;LTRN27L;1;0,0023;1;1;0;0;1;0;0;1;1;1
1561;Fensterheber;LTRN40R;1;0,0023;1;1;0;1;1;0;1;1;1;1
1561;Fensterheber;LTRN48L;5;0,0114;1;1;0;1;1;0;1;1;1;1
1561;Fensterheber;LTRN48R;1;0,0023;1;1;0;0;1;0;1;1;1;1
1561;Fensterheber;LTRN49L;6;0,0136;1;1;0;1;1;0;1;1;1;1
1561;Fensterheber;LTRN52R;1;0,0023;1;1;0;1;1;0;0;1;1;1
1561;Fensterheber;LTRN61L;1;0,0023;1;1;0;0;1;0;0;1;1;0
1561;Fensterheber;LTRN701L;3;0,0068;1;1;0;1;1;0;1;1;1;1
1561;Fensterheber;LTRN701R;2;0,0045;1;1;0;1;1;0;1;1;1;1
1561;Fensterheber;LTRN702L;1;0,0023;1;1;0;1;1;0;1;1;1;1
1561;Fensterheber;LTRN705L;2;0,0045;1;1;0;1;1;0;1;1;1;1
1561;Fensterheber;LTRN705R;4;0,0091;1;1;0;1;1;0;1;1;1;1
1561;Fensterheber;LTRN708R;2;0,0045;1;1;0;1;1;0;0;1;1;1
1561;Fensterheber;LTRN70L;1;0,0023;1;1;0;0;1;0;0;1;1;1
1561;Fensterheber;LTRN710L;5;0,0114;1;1;0;1;1;0;1;1;1;1
1561;Fensterheber;LTRN717L;1;0,0023;1;1;0;1;1;0;1;1;1;1
1561;Fensterheber;LTRN75L;1;0,0023;1;1;0;1;1;0;0;1;1;1
1561;Fensterheber;LTRN89L;1;0,0023;1;1;0;1;1;0;0;1;1;1
1561;Fensterheber;LTRN89R;1;0,0023;1;1;0;1;1;0;0;1;1;1
1561;Fensterheber;LTRNO124LC;5;0,0114;0;0;0;1;0;0;0;0;1;0
1561;Fensterheber;LTRNO82LC;1;0,0023;1;1;0;1;1;0;0;1;1;1
1561;Fensterheber;LTRNO82RC;3;0,0068;1;1;0;1;1;0;0;1;1;1
1561;Fensterheber;LTRV07L;1;0,0023;1;1;0;0;1;0;0;1;1;1
1561;Fensterheber;LTRV15L;4;0,0091;1;1;0;0;1;0;0;1;1;1
1561;Fensterheber;LTRV15R;2;0,0045;1;1;0;0;1;0;0;1;1;1
1561;Fensterheber;LTRV16R;1;0,0023;0;0;0;0;0;0;0;1;1;0
1561;Fensterheber;LTRV19L;1;0,0023;1;1;0;0;1;0;0;1;1;1
1561;Fensterheber;LTRVO15LC;5;0,0114;1;1;0;0;1;0;0;1;1;1
1561;Fensterheber;LTSB17R;1;0,0023;1;1;0;0;1;0;0;1;1;1
1561;Fensterheber;LTSB702R;1;0,0023;1;1;0;0;1;0;0;1;1;1
1561;Fensterheber;LTSK507R;1;0,0023;0;1;0;1;1;0;0;1;1;1
1561;Fensterheber;LTSK701R;1;0,0023;1;1;0;1;1;1;1;1;1;1
1561;Fensterheber;LTSK703L;2;0,0045;1;1;0;1;1;1;1;1;1;1
1561;Fensterheber;LTSK703R;2;0,0045;1;1;0;1;1;1;1;1;1;1
1561;Fensterheber;LTSK707L;4;0,0091;1;1;0;1;1;0;0;1;1;1
1561;Fensterheber;LTSK707R;1;0,0023;1;1;0;1;1;0;0;1;1;1
1561;Fensterheber;LTSK715L;2;0,0045;1;0;0;1;0;0;0;1;1;1
1561;Fensterheber;LTSK719R;2;0,0045;0;0;0;1;1;0;0;1;1;1
1561;Fensterheber;LTST13LB;1;0,0023;1;1;0;0;1;0;0;1;1;1
1561;Fensterheber;LTST13RB;1;0,0023;1;1;0;0;1;0;0;1;1;1
1561;Fensterheber;LTST14LB;3;0,0068;1;1;0;0;1;0;1;1;1;1
1561;Fensterheber;LTST14RB;3;0,0068;1;1;0;0;1;0;1;1;1;1
1561;Fensterheber;LTST20L;1;0,0023;1;1;0;1;1;1;1;1;1;1
1561;Fensterheber;LTST28L;5;0,0114;1;1;0;1;1;1;1;1;1;1
1561;Fensterheber;LTST29R;2;0,0045;1;1;0;1;1;0;1;1;1;1
1561;Fensterheber;LTST701R;1;0,0023;1;1;0;1;1;0;1;1;1;1
1561;Fensterheber;LTST702L;1;0,0023;1;1;0;1;1;0;1;1;1;1
1561;Fensterheber;LTST706L;1;0,0023;1;1;0;1;1;0;1;1;1;1
1561;Fensterheber;LTST709L;1;0,0023;1;1;0;1;0;0;0;1;1;1
1561;Fensterheber;LTST709R;1;0,0023;1;1;0;1;0;0;0;1;1;1
1561;Fensterheber;LTSTO24LC;1;0,0023;1;1;0;1;1;0;0;1;1;1
1561;Fensterheber;LTSZ22L;1;0,0023;1;1;0;0;1;0;0;1;1;1
1561;Fensterheber;LTTY104L;1;0,0023;1;1;0;0;1;0;0;0;1;1
1561;Fensterheber;LTTY104R;1;0,0023;1;1;0;0;1;0;0;0;1;1
1561;Fensterheber;LTTY110L;3;0,0068;1;1;0;1;1;0;0;1;1;1
1561;Fensterheber;LTTY113L;1;0,0023;0;1;0;0;1;0;0;1;1;1
1561;Fensterheber;LTTY61L;2;0,0045;1;1;0;0;0;0;0;1;1;1
1561;Fensterheber;LTTY61R;1;0,0023;1;1;0;0;0;0;0;1;1;1
1561;Fensterheber;LTTY701L;1;0,0023;1;1;0;1;1;0;0;1;1;1
1561;Fensterheber;LTTY709L;2;0,0045;1;1;0;0;1;0;0;1;1;1
1561;Fensterheber;LTTY712L;3;0,0068;1;1;0;0;1;0;0;1;1;0
1561;Fensterheber;LTVK39RB;1;0,0023;1;1;0;1;1;0;0;1;1;1
1561;Fensterheber;LTVK702L;1;0,0023;1;1;0;1;1;1;1;1;1;1
1561;Fensterheber;LTVK702R;1;0,0023;1;1;0;1;1;1;1;1;1;1
1561;Fensterheber;LTVK704L;6;0,0136;1;1;0;1;1;1;1;1;1;1
1561;Fensterheber;LTVK704R;5;0,0114;1;1;0;1;1;1;1;1;1;1
1561;Fensterheber;LTVK705L;4;0,0091;1;1;0;1;1;1;0;1;1;1
1561;Fensterheber;LTVK705R;3;0,0068;1;1;0;1;1;1;0;1;1;1
1561;Fensterheber;LTVK706L;1;0,0023;1;1;0;0;1;0;0;1;1;1
1561;Fensterheber;LTVK708L;1;0,0023;1;1;0;1;1;1;1;1;1;1
1561;Fensterheber;LTVK709L;3;0,0068;1;1;0;1;1;1;1;1;1;1
1561;Fensterheber;LTVK709R;2;0,0045;1;1;0;1;1;1;1;0;1;1
1561;Fensterheber;LTVK711L;1;0,0023;1;1;0;1;1;1;1;1;1;1
1561;Fensterheber;LTVK711R;2;0,0045;1;1;0;1;1;1;1;1;1;1
1561;Fensterheber;LTVK714R;1;0,0023;1;1;0;1;1;1;1;1;1;1
1561;Fensterheber;LTVK715L;1;0,0023;1;1;0;1;1;0;0;1;1;1
1561;Fensterheber;LTVK716R;1;0,0023;1;1;0;1;1;0;1;1;1;1
1561;Fensterheber;LTVK717L;3;0,0068;1;1;0;1;1;1;1;1;1;1
1561;Fensterheber;LTVK717R;1;0,0023;1;1;0;1;1;1;1;1;1;1
1561;Fensterheber;LTVK719R;1;0,0023;1;1;0;1;1;1;1;1;1;1
1561;Fensterheber;LTVK722L;1;0,0023;1;1;0;1;1;0;1;1;1;1
1561;Fensterheber;LTVK725L;1;0,0023;1;1;0;1;1;1;1;1;1;1
1561;Fensterheber;LTVK725R;2;0,0045;1;1;0;1;1;1;1;1;1;1
1561;Fensterheber;LTVK727L;1;0,0023;1;1;0;1;1;1;1;1;1;1
1561;Fensterheber;LTVK727R;1;0,0023;1;1;0;1;1;1;1;1;1;1
1561;Fensterheber;LTVK732L;1;0,0023;1;1;0;1;1;1;1;1;1;1
1561;Fensterheber;LTVK733L;3;0,0068;1;0;0;0;1;0;0;1;1;0
1561;Fensterheber;LTVK734L;8;0,0182;1;0;0;1;0;0;0;1;1;1
1561;Fensterheber;LTVK734R;1;0,0023;1;0;0;1;0;0;0;1;1;1
1561;Fensterheber;LTVK737R;1;0,0023;1;1;0;1;1;0;1;1;1;1
1561;Fensterheber;LTVK741L;1;0,0023;0;1;0;1;0;1;0;1;1;1
1561;Fensterheber;LTVK742L;1;0,0023;1;1;0;1;0;0;0;1;1;0
1561;Fensterheber;LTVK745L;2;0,0045;1;0;0;0;0;0;0;1;1;0
1561;Fensterheber;LTVL704L;1;0,0023;1;1;0;1;0;0;1;1;1;1
1561;Fensterheber;LTZA124L;1;0,0023;1;1;0;0;1;1;0;1;1;1
1561;Fensterheber;LTZA144L;1;0,0023;1;0;0;0;1;0;0;1;1;1
1561;Fensterheber;LTZA21LB;1;0,0023;1;1;0;1;1;0;0;1;1;1
1561;Fensterheber;LTZA24L;1;0,0023;1;1;0;0;1;0;0;1;1;1
1561;Fensterheber;LTZA29L;2;0,0045;1;1;0;0;1;0;0;0;1;1
1561;Fensterheber;LTZA40R;2;0,0045;0;1;0;0;1;0;1;1;1;1
1561;Fensterheber;LTZA701L;1;0,0023;1;1;0;1;1;0;0;1;1;1
1561;Fensterheber;LTZA703L;2;0,0045;1;1;0;0;1;1;0;1;1;1
1561;Fensterheber;LTZA703R;1;0,0023;1;1;0;0;1;1;0;1;1;1
1561;Fensterheber;LTZA704L;1;0,0023;1;1;0;1;1;0;1;1;1;1
1561;Fensterheber;LTZA715R;1;0,0023;1;1;0;0;1;0;0;1;1;1
1561;Fensterheber;LTZA931L;1;0,0023;1;1;0;1;1;0;1;1;1;1
1561;Fensterheber;LTZAO145LC;2;0,0045;0;1;0;0;1;1;0;1;1;1
1561;Fensterheber;LTZAO146RC;2;0,0045;1;0;0;0;1;0;0;1;1;1
1561;Fensterheber;MB517475;1;0,0023;0;0;0;0;1;0;0;1;1;0
1561;Fensterheber;MB827402;2;0,0045;0;0;0;0;0;0;0;1;1;0
1561;Fensterheber;ML110023;1;0,0023;0;0;0;0;0;0;0;1;1;0
1561;Fensterheber;MN105729;1;0,0023;0;1;0;0;0;0;0;1;0;1
1561;Fensterheber;MN105730;1;0,0023;0;1;0;0;0;0;0;1;0;1
1561;Fensterheber;MN125813;1;0,0023;0;1;0;0;0;0;0;0;0;1
1561;Fensterheber;MN182365;3;0,0068;1;1;0;0;1;0;0;1;1;1
1561;Fensterheber;MN182403;1;0,0023;0;1;0;0;0;0;0;1;1;1
1561;Fensterheber;MN182404;1;0,0023;0;1;0;0;0;0;0;1;1;1
1561;Fensterheber;MN301466;4;0,0091;0;0;0;0;0;0;0;0;1;0
1561;Fensterheber;MN301862;1;0,0023;0;0;0;0;0;0;0;0;1;0
1561;Fensterheber;MR135165;1;0,0023;1;1;0;0;0;0;0;0;0;0
1561;Fensterheber;MR144595;1;0,0023;0;0;0;0;1;0;0;1;1;0
1561;Fensterheber;MR181921;4;0,0091;0;0;0;0;1;0;0;1;1;0
1561;Fensterheber;MR186736;1;0,0023;0;0;0;0;0;0;0;1;1;0
1561;Fensterheber;MR462789;1;0,0023;0;1;0;0;0;0;0;1;1;1
1561;Fensterheber;MR573877;2;0,0045;0;0;0;0;0;0;0;0;0;0
1561;Fensterheber;MR912460;2;0,0045;0;0;0;0;0;0;0;0;0;0
1561;Fensterheber;MR991321;1;0,0023;1;0;0;0;0;0;0;0;0;0
1561;Fensterheber;MZ332W024;1;0,0023;0;0;0;0;0;0;0;0;0;1
1561;Fensterheber;NA0259560D;1;0,0023;1;0;0;0;1;0;0;1;1;0
1561;Fensterheber;NA0259590;1;0,0023;1;0;0;0;1;0;0;0;0;0
1561;Fensterheber;NC1159590F;1;0,0023;1;0;1;0;1;0;0;1;0;0
1561;Fensterheber;NC1159590G;1;0,0023;1;0;1;0;1;0;0;1;1;0
1561;Fensterheber;OP710L;1;0,0023;0;1;0;0;1;0;0;0;0;0
1561;Fensterheber;OP87L;1;0,0023;0;0;0;0;0;0;0;0;0;0
1561;Fensterheber;P96323234;1;0,0023;0;0;0;0;0;0;0;0;0;0
1561;Fensterheber;P96323235;1;0,0023;0;0;0;0;0;0;0;0;0;0
1561;Fensterheber;PG703L;1;0,0023;0;1;0;0;1;0;0;0;0;0
1561;Fensterheber;PO1Q0837461G;1;0,0023;0;0;0;0;0;0;0;0;0;0
1561;Fensterheber;POD0003TL;1;0,0023;0;0;0;1;0;1;0;0;0;0
1561;Fensterheber;PX07713L;1;0,0023;1;0;0;0;0;0;0;0;1;1
1561;Fensterheber;PX20711R;1;0,0023;0;0;0;0;0;0;0;0;1;0
1561;Fensterheber;Q0002691V001000000;3;0,0068;0;0;0;1;0;0;0;0;0;0
1561;Fensterheber;Q0002691V002000000;18;0,0409;0;0;0;1;1;0;0;1;1;0
1561;Fensterheber;Q0002691V00300;2;0,0045;0;0;0;1;0;0;0;0;0;0
1561;Fensterheber;Q0002691V003000000;18;0,0409;1;0;0;1;1;0;0;1;1;0
1561;Fensterheber;Q0002702V001000000;1;0,0023;0;0;0;1;0;0;0;0;0;0
1561;Fensterheber;Q0002702V002000000;9;0,0204;0;0;0;1;1;0;0;1;1;0
1561;Fensterheber;Q0002702V003000000;15;0,0341;1;0;0;1;1;0;0;1;1;0
1561;Fensterheber;Q002691V003000000;1;0,0023;0;0;0;0;0;0;0;0;0;0
1561;Fensterheber;RN084W024;1;0,0023;0;0;1;1;0;0;0;0;1;1
1561;Fensterheber;RN420W043;1;0,0023;0;0;1;1;0;0;0;0;0;1
1561;Fensterheber;RTC3814;1;0,0023;1;1;0;0;0;0;0;1;1;0
1561;Fensterheber;SK320W024;1;0,0023;0;0;1;1;0;1;0;0;1;0
1561;Fensterheber;SKV01SKV913;1;0,0023;0;0;0;0;0;0;0;0;0;0
1561;Fensterheber;STC2881;1;0,0023;1;1;0;0;0;0;0;0;0;0
1561;Fensterheber;UKC0684131;1;0,0023;0;0;0;0;0;0;0;0;0;0
1561;Fensterheber;UVF0184131;1;0,0023;0;0;0;0;0;0;0;0;0;0
1561;Fensterheber;V10000073;1;0,0023;0;0;0;0;0;0;0;0;0;0
1561;Fensterheber;V100031;1;0,0023;0;0;1;1;0;0;1;0;0;0
1561;Fensterheber;V100037;1;0,0023;0;0;1;1;0;0;1;0;0;0
1561;Fensterheber;V101848;1;0,0023;1;1;1;1;0;0;0;1;0;0
1561;Fensterheber;V102236;1;0,0023;0;0;1;0;0;0;0;0;0;0
1561;Fensterheber;V102237;1;0,0023;0;0;1;1;0;0;0;0;0;0
1561;Fensterheber;V102283;1;0,0023;1;0;1;0;0;0;0;1;0;0
1561;Fensterheber;V102336VIE;1;0,0023;0;0;0;0;0;0;0;0;0;0
1561;Fensterheber;V102395;1;0,0023;0;1;1;1;0;1;0;0;0;0
1561;Fensterheber;V102534;1;0,0023;0;0;1;1;0;1;0;0;0;0
1561;Fensterheber;V103055;1;0,0023;1;0;1;0;0;0;0;0;0;0
1561;Fensterheber;V103056;1;0,0023;1;0;1;1;0;1;0;0;0;0
1561;Fensterheber;V103244;1;0,0023;0;0;0;1;0;0;0;1;0;0
1561;Fensterheber;V103961;1;0,0023;0;0;0;0;0;0;0;1;0;0
1561;Fensterheber;V10546644;1;0,0023;0;0;0;0;0;0;0;0;0;0
1561;Fensterheber;V106116;1;0,0023;1;0;1;1;0;1;0;0;0;0
1561;Fensterheber;V106120;1;0,0023;0;0;1;1;0;1;1;1;0;0
1561;Fensterheber;V106125;3;0,0068;0;0;1;1;0;0;1;0;0;0
1561;Fensterheber;V106135;1;0,0023;1;0;1;1;0;0;0;0;0;0
1561;Fensterheber;V106137;1;0,0023;0;0;1;1;0;0;0;0;0;0
1561;Fensterheber;V106194;2;0,0045;0;0;1;1;0;0;1;0;0;0
1561;Fensterheber;V106212;2;0,0045;0;0;0;1;0;1;1;0;0;0
1561;Fensterheber;V106213;1;0,0023;0;0;0;1;0;1;1;0;0;0
1561;Fensterheber;V106216;2;0,0045;0;0;0;0;0;0;0;1;0;0
1561;Fensterheber;V106277;1;0,0023;1;0;1;1;0;1;1;0;0;0
1561;Fensterheber;V106287;3;0,0068;1;0;1;1;0;1;1;0;0;0
1561;Fensterheber;V106296;1;0,0023;1;1;1;1;0;1;1;0;0;0
1561;Fensterheber;V106297;1;0,0023;0;0;1;1;0;0;0;1;0;0
1561;Fensterheber;V106319;1;0,0023;0;0;1;1;0;1;1;1;0;0
1561;Fensterheber;V106327;1;0,0023;0;0;1;1;0;1;1;1;0;0
1561;Fensterheber;V106388;2;0,0045;1;0;1;1;0;1;0;0;0;0
1561;Fensterheber;V106389;1;0,0023;1;0;1;1;0;1;0;0;0;0
1561;Fensterheber;V106697;12;0,0273;0;0;1;0;0;0;0;0;0;0
1561;Fensterheber;V106892;3;0,0068;1;0;0;0;0;0;0;0;0;0
1561;Fensterheber;V106893;1;0,0023;1;0;0;0;0;0;0;0;0;0
1561;Fensterheber;V106896;3;0,0068;0;0;0;1;0;0;0;0;0;0
1561;Fensterheber;V106897VIE;1;0,0023;0;0;0;0;0;0;0;0;0;0
1561;Fensterheber;V107604;7;0,0159;0;0;1;1;0;0;0;1;0;0
1561;Fensterheber;V107605;4;0,0091;0;0;1;1;0;0;0;0;0;0
1561;Fensterheber;V107654;1;0,0023;0;0;1;1;0;1;0;0;0;0
1561;Fensterheber;V107655;1;0,0023;0;0;1;1;0;1;0;0;0;0
1561;Fensterheber;V107662;1;0,0023;0;0;1;1;0;0;0;0;0;0
1561;Fensterheber;V107982;4;0,0091;0;0;0;0;0;0;0;0;0;0
1561;Fensterheber;V107983;4;0,0091;0;0;0;0;0;0;0;0;0;0
1561;Fensterheber;V108770;1;0,0023;0;0;1;0;0;0;0;0;0;0
1561;Fensterheber;V109679;1;0,0023;0;0;0;0;0;0;0;0;0;0
1561;Fensterheber;V109681;1;0,0023;0;0;0;1;0;0;0;1;0;0
1561;Fensterheber;V109827;1;0,0023;1;1;1;1;0;1;1;0;0;0
1561;Fensterheber;V1098271;1;0,0023;0;0;0;1;0;0;0;1;0;0
1561;Fensterheber;V109828;1;0,0023;1;1;1;1;0;1;1;0;0;0
1561;Fensterheber;V109834;1;0,0023;0;0;0;0;0;0;0;0;0;0
1561;Fensterheber;V109838;1;0,0023;0;0;1;1;0;0;0;1;0;0
1561;Fensterheber;V109841;1;0,0023;0;0;1;0;0;0;0;0;0;0
1561;Fensterheber;V109851;1;0,0023;0;0;1;1;0;0;0;0;0;0
1561;Fensterheber;V109895;1;0,0023;0;0;1;0;0;0;0;0;0;0
1561;Fensterheber;V15029076;1;0,0023;0;0;0;0;0;0;0;0;0;0
1561;Fensterheber;V200653;1;0,0023;1;0;1;1;0;0;0;1;0;0
1561;Fensterheber;V201537;1;0,0023;0;1;1;0;0;1;0;0;0;0
1561;Fensterheber;V201539;2;0,0045;0;1;1;1;0;1;0;0;0;0
1561;Fensterheber;V203763;1;0,0023;1;1;1;1;0;0;0;0;0;0
1561;Fensterheber;V203764;1;0,0023;1;1;1;1;0;0;0;0;0;0
1561;Fensterheber;V208246;2;0,0045;0;0;1;1;0;0;0;0;0;0
1561;Fensterheber;V208249;1;0,0023;0;0;1;1;0;0;0;0;0;0
1561;Fensterheber;V209734;1;0,0023;0;1;1;1;0;1;0;1;0;0
1561;Fensterheber;V209743;1;0,0023;1;1;1;1;0;1;0;0;0;0
1561;Fensterheber;V250203;1;0,0023;1;0;1;0;0;0;0;0;0;0
1561;Fensterheber;V250370;1;0,0023;1;0;1;1;0;0;0;1;0;0
1561;Fensterheber;V250734;1;0,0023;0;0;1;1;0;0;0;0;0;0
1561;Fensterheber;V251767;1;0,0023;0;0;1;0;0;0;0;0;0;0
1561;Fensterheber;V2591370;1;0,0023;0;0;0;0;0;0;0;0;0;0
1561;Fensterheber;V300884;1;0,0023;1;0;1;1;0;1;1;1;0;0
1561;Fensterheber;V301714;1;0,0023;0;0;1;1;0;0;0;0;0;0
1561;Fensterheber;V302188;3;0,0068;1;1;1;1;0;0;0;0;0;0
1561;Fensterheber;V304208;2;0,0045;0;0;0;0;0;0;0;0;0;0
1561;Fensterheber;V308287;2;0,0045;1;0;1;0;0;0;0;0;0;0
1561;Fensterheber;V308332;1;0,0023;0;0;1;1;0;0;0;0;0;0
1561;Fensterheber;V308350;1;0,0023;0;0;0;0;0;0;0;0;0;0
1561;Fensterheber;V308383;1;0,0023;0;0;1;1;0;1;0;0;0;0
1561;Fensterheber;V308385;1;0,0023;0;0;0;1;0;1;0;0;0;0
1561;Fensterheber;V3918900;1;0,0023;0;0;0;0;0;0;0;0;0;0
1561;Fensterheber;V420338;2;0,0045;0;0;0;0;0;0;0;0;0;0
1561;Fensterheber;V420340;1;0,0023;1;1;1;1;0;0;0;1;0;0
1561;Fensterheber;V450192;3;0,0068;0;0;1;1;0;0;0;0;0;0
1561;Fensterheber;V460494;1;0,0023;1;1;1;1;0;0;0;1;0;0
1561;Fensterheber;V460624;1;0,0023;1;0;1;1;0;0;0;1;0;0
1561;Fensterheber;V461382;1;0,0023;1;0;0;0;0;0;0;0;0;0
1561;Fensterheber;V480316;3;0,0068;0;0;0;0;0;0;0;0;0;0
1561;Fensterheber;V489541;1;0,0023;0;0;1;1;0;0;0;0;0;0
1561;Fensterheber;V520436;5;0,0114;0;0;0;0;0;0;0;0;0;0
1561;Fensterheber;V6K3837402HSH;1;0,0023;0;0;0;0;0;0;0;0;0;0
1561;Fensterheber;V6R4837462LH;1;0,0023;0;0;0;0;0;0;0;0;0;0
1561;Fensterheber;V950462;1;0,0023;0;0;0;0;0;0;0;0;0;0
1561;Fensterheber;VAL850026;1;0,0023;0;0;0;0;0;0;0;0;0;0
1561;Fensterheber;VAL850040;1;0,0023;0;0;0;0;0;0;0;0;0;0
1561;Fensterheber;VAL850494;1;0,0023;0;0;0;0;0;0;0;0;0;0
1561;Fensterheber;VAL850574;1;0,0023;0;0;0;0;0;0;0;0;0;0
1561;Fensterheber;VAL850582;1;0,0023;0;0;0;0;0;0;0;0;0;0
1561;Fensterheber;VAL850596;2;0,0045;0;0;0;0;0;0;0;0;0;0
1561;Fensterheber;VAL850622;1;0,0023;0;0;0;0;0;0;0;0;0;0
1561;Fensterheber;VAL850658;1;0,0023;0;0;0;0;0;0;0;0;0;0
1561;Fensterheber;VAL850686;1;0,0023;0;0;0;0;0;0;0;0;0;0
1561;Fensterheber;VAL850699;1;0,0023;0;0;0;0;0;0;0;0;0;0
1561;Fensterheber;VAL850722;3;0,0068;0;0;0;0;0;0;0;0;0;0
1561;Fensterheber;VAL850766;1;0,0023;0;0;0;0;0;0;0;0;0;0
1561;Fensterheber;VAL850888;3;0,0068;0;0;0;0;0;0;0;0;0;0
1561;Fensterheber;VAL850914;1;0,0023;0;0;0;0;0;0;0;0;0;0
1561;Fensterheber;VAL851013;2;0,0045;0;0;0;0;0;0;0;0;0;0
1561;Fensterheber;VAL851032;1;0,0023;0;0;0;0;0;0;0;0;0;0
1561;Fensterheber;VAL851033;1;0,0023;0;0;0;0;0;0;0;0;0;0
1561;Fensterheber;VAL851044;1;0,0023;0;0;0;0;0;0;0;0;0;0
1561;Fensterheber;VAL851047;3;0,0068;0;0;0;0;0;0;0;0;0;0
1561;Fensterheber;VAL851049;1;0,0023;0;0;0;0;0;0;0;0;0;0
1561;Fensterheber;VAL851098;1;0,0023;0;0;0;0;0;0;0;0;0;0
1561;Fensterheber;VAL851103;1;0,0023;0;0;0;0;0;0;0;0;0;0
1561;Fensterheber;VAL851108;1;0,0023;0;0;0;0;0;0;0;0;0;0
1561;Fensterheber;VAL851126;3;0,0068;0;0;0;0;0;0;0;0;0;0
1561;Fensterheber;VAL851136;1;0,0023;0;0;0;0;0;0;0;0;0;0
1561;Fensterheber;VAL851200;1;0,0023;0;0;0;0;0;0;0;0;0;0
1561;Fensterheber;VAL851201;1;0,0023;0;0;0;0;0;0;0;0;0;0
1561;Fensterheber;VAL851267;1;0,0023;0;0;0;0;0;0;0;0;0;0
1561;Fensterheber;VAL851276;2;0,0045;0;0;0;0;0;0;0;0;0;0
1561;Fensterheber;VAL851286;1;0,0023;0;0;0;0;0;0;0;0;0;0
1561;Fensterheber;VAL851309;1;0,0023;0;0;0;0;0;0;0;0;0;0
1561;Fensterheber;VAL851518;1;0,0023;0;0;0;0;0;0;0;0;0;0
1561;Fensterheber;VAN5766264;1;0,0023;0;0;0;0;0;0;0;0;0;0
1561;Fensterheber;VG036W024;1;0,0023;0;0;1;1;0;1;0;0;1;1
1561;Fensterheber;VG715W044;1;0,0023;0;0;1;1;0;1;0;0;1;1
1561;Fensterheber;VK717R;1;0,0023;0;1;0;0;0;0;0;0;0;0
1561;Fensterheber;VL850878;1;0,0023;0;0;0;0;0;0;0;0;0;0
1561;Fensterheber;VW0628266;1;0,0023;0;0;0;0;0;0;0;0;0;0
1561;Fensterheber;VW3891261;1;0,0023;0;0;0;0;0;0;0;0;0;0
1561;Fensterheber;VW5387262;1;0,0023;0;0;0;0;0;0;0;0;0;0
1561;Fensterheber;VZ0332263;1;0,0023;0;0;0;0;0;0;0;0;0;0
1561;Fensterheber;VZ1873261;1;0,0023;0;0;0;0;0;0;0;0;0;0
1561;Fensterheber;WAD101L;2;0,0045;0;0;0;1;0;1;0;0;1;0
1561;Fensterheber;WAD101R;2;0,0045;0;0;0;1;0;1;0;0;1;0
1561;Fensterheber;WAD105R;1;0,0023;0;0;0;1;0;0;0;0;1;0
1561;Fensterheber;WAD108R;1;0,0023;0;0;0;1;0;1;0;0;1;0
1561;Fensterheber;WAD110L;1;0,0023;0;0;0;1;0;1;0;0;1;0
1561;Fensterheber;WAD120L;1;0,0023;0;0;0;1;0;1;1;0;1;0
1561;Fensterheber;WAD121L;1;0,0023;0;0;0;1;0;1;0;0;1;0
1561;Fensterheber;WAD130L;2;0,0045;0;0;0;1;0;1;0;0;1;0
1561;Fensterheber;WAD130R;1;0,0023;0;0;0;1;0;1;0;0;1;0
1561;Fensterheber;WAD136L;3;0,0068;0;0;0;1;0;1;0;0;1;0
1561;Fensterheber;WAR110L;1;0,0023;0;0;0;1;0;1;0;0;1;0
1561;Fensterheber;WAR110R;2;0,0045;0;0;0;1;0;1;0;0;1;0
1561;Fensterheber;WAR130L;1;0,0023;0;0;0;0;0;0;0;0;1;1
1561;Fensterheber;WAR130R;1;0,0023;0;0;0;0;0;0;0;0;1;1
1561;Fensterheber;WAR131L;1;0,0023;0;0;0;0;0;0;0;0;1;1
1561;Fensterheber;WAR131R;2;0,0045;0;0;0;0;0;0;0;0;1;1
1561;Fensterheber;WAR132L;1;0,0023;0;0;0;0;0;0;0;1;1;1
1561;Fensterheber;WBM100R;1;0,0023;0;0;0;1;0;1;0;0;1;0
1561;Fensterheber;WBM103L;1;0,0023;0;0;0;1;0;0;0;0;1;0
1561;Fensterheber;WBM104L;1;0,0023;0;0;0;1;0;1;0;0;1;0
1561;Fensterheber;WBM106L;1;0,0023;0;0;0;1;0;0;0;0;1;0
1561;Fensterheber;WBM107L;2;0,0045;0;0;0;1;0;1;0;0;1;0
1561;Fensterheber;WBM107R;1;0,0023;0;0;0;1;0;1;0;0;1;0
1561;Fensterheber;WBM110L;2;0,0045;0;0;0;1;0;1;0;0;1;0
1561;Fensterheber;WBM110R;4;0,0091;0;0;0;1;0;1;0;0;1;0
1561;Fensterheber;WBM111L;1;0,0023;0;0;0;1;0;0;0;0;1;0
1561;Fensterheber;WBM113R;1;0,0023;0;0;0;1;0;1;0;0;0;0
1561;Fensterheber;WBM121L;1;0,0023;0;0;0;1;0;1;0;0;1;0
1561;Fensterheber;WBM141L;1;0,0023;0;0;0;1;0;0;0;0;1;0
1561;Fensterheber;WBM200L;1;0,0023;0;0;0;1;0;0;0;0;1;0
1561;Fensterheber;WBM200R;1;0,0023;0;0;0;1;0;0;0;0;1;0
1561;Fensterheber;WBM201L;3;0,0068;0;0;0;1;0;1;0;0;1;0
1561;Fensterheber;WBM201R;1;0,0023;0;0;0;1;0;1;0;0;1;0
1561;Fensterheber;WBM220L;1;0,0023;0;0;0;1;0;1;0;0;1;0
1561;Fensterheber;WBM250R;1;0,0023;0;0;0;1;0;0;0;0;1;0
1561;Fensterheber;WBM252L;4;0,0091;0;0;0;1;0;0;0;0;1;0
1561;Fensterheber;WCT104L;2;0,0045;0;0;0;1;0;0;0;0;1;0
1561;Fensterheber;WCT104R;4;0,0091;0;0;0;1;0;0;0;0;1;0
1561;Fensterheber;WCT105L;1;0,0023;1;0;0;1;0;0;0;0;1;0
1561;Fensterheber;WCT106L;3;0,0068;0;0;0;1;1;1;0;0;1;0
1561;Fensterheber;WCT107L;6;0,0136;0;0;0;0;0;0;0;0;0;0
1561;Fensterheber;WCT107R;3;0,0068;0;0;0;0;0;0;0;0;1;0
1561;Fensterheber;WCT108R;1;0,0023;0;0;0;0;0;0;0;0;1;0
1561;Fensterheber;WCT116L;3;0,0068;0;0;0;1;0;0;0;0;1;1
1561;Fensterheber;WCT116R;1;0,0023;0;0;0;1;0;0;0;0;1;1
1561;Fensterheber;WCT117L;2;0,0045;0;0;0;1;0;0;0;0;1;1
1561;Fensterheber;WCT117R;1;0,0023;0;0;0;1;0;0;0;0;1;1
1561;Fensterheber;WCT119L;2;0,0045;0;0;0;1;0;0;0;0;1;0
1561;Fensterheber;WCT119R;1;0,0023;0;0;0;1;0;0;0;1;1;0
1561;Fensterheber;WCT120L;2;0,0045;0;0;0;1;0;0;0;0;1;0
1561;Fensterheber;WCT120R;2;0,0045;0;0;0;1;0;0;0;0;1;0
1561;Fensterheber;WCT123L;5;0,0114;0;0;0;1;0;0;0;0;1;0
1561;Fensterheber;WCT123R;3;0,0068;0;0;0;1;0;0;0;0;1;0
1561;Fensterheber;WCT124R;1;0,0023;0;0;0;0;0;0;0;0;1;0
1561;Fensterheber;WCT145L;1;0,0023;0;0;0;0;0;0;0;0;1;0
1561;Fensterheber;WCT148L;1;0,0023;0;0;0;0;0;0;0;1;1;0
1561;Fensterheber;WCT159L;1;0,0023;0;0;0;0;0;0;0;0;1;0
1561;Fensterheber;WDW100R;1;0,0023;0;0;0;0;0;0;0;0;1;1
1561;Fensterheber;WDW110L;1;0,0023;0;0;0;0;0;0;0;0;1;1
1561;Fensterheber;WFD125L;1;0,0023;0;0;0;1;0;0;0;0;1;1
1561;Fensterheber;WFD127R;1;0,0023;0;0;0;0;0;0;0;0;1;1
1561;Fensterheber;WFD129R;2;0,0045;0;0;0;0;0;0;0;0;0;1
1561;Fensterheber;WFT122R;1;0,0023;0;0;0;0;0;0;0;0;1;1
1561;Fensterheber;WFT138L;1;0,0023;0;0;0;0;0;0;0;0;0;1
1561;Fensterheber;WFT139L;2;0,0045;0;0;0;0;0;0;0;0;1;1
1561;Fensterheber;WFT173L;1;0,0023;0;0;0;1;0;0;0;0;1;1
1561;Fensterheber;WFT202L;1;0,0023;0;0;0;0;0;0;0;0;1;1
1561;Fensterheber;WFT202R;1;0,0023;0;0;0;0;0;0;0;0;1;1
1561;Fensterheber;WFT203L;1;0,0023;0;0;0;1;1;1;0;0;1;1
1561;Fensterheber;WFT203R;1;0,0023;0;0;0;1;1;1;0;0;1;1
1561;Fensterheber;WFT228L;3;0,0068;0;0;0;0;0;1;0;0;1;1
1561;Fensterheber;WFT230L;1;0,0023;0;0;0;1;0;0;0;0;1;1
1561;Fensterheber;WFT254L;1;0,0023;0;0;0;0;0;0;0;1;1;1
1561;Fensterheber;WFT262R;2;0,0045;0;0;0;1;0;0;0;1;0;1
1561;Fensterheber;WFT270L;2;0,0045;0;0;0;0;0;0;0;0;1;1
1561;Fensterheber;WFT271L;1;0,0023;0;0;0;0;0;0;0;0;0;1
1561;Fensterheber;WFT280L;1;0,0023;0;0;0;0;0;0;0;0;0;0
1561;Fensterheber;WHD002WL;1;0,0023;0;0;0;0;0;0;0;0;0;0
1561;Fensterheber;WHD130L;1;0,0023;0;0;0;0;0;0;0;0;1;0
1561;Fensterheber;WHY110L;1;0,0023;0;0;0;0;0;0;0;0;1;0
1561;Fensterheber;WHY113L;5;0,0114;0;0;0;0;0;0;0;0;1;0
1561;Fensterheber;WHY113R;1;0,0023;0;0;0;0;0;0;0;0;1;0
1561;Fensterheber;WHY115L;4;0,0091;0;0;0;1;0;0;0;0;0;0
1561;Fensterheber;WHY118L;4;0,0091;0;0;0;0;0;0;0;1;1;0
1561;Fensterheber;WHY120L;1;0,0023;0;0;0;0;0;0;0;1;1;0
1561;Fensterheber;WID105L;1;0,0023;0;0;0;0;0;1;0;1;1;1
1561;Fensterheber;WID107L;3;0,0068;0;0;0;0;0;1;0;0;1;1
1561;Fensterheber;WKA101L;1;0,0023;0;0;0;1;0;0;0;0;1;0
1561;Fensterheber;WKA110L;3;0,0068;0;0;0;0;0;0;0;0;0;0
1561;Fensterheber;WME151R;1;0,0023;0;0;0;0;0;0;0;0;1;0
1561;Fensterheber;WME160L;2;0,0045;1;0;0;0;0;0;0;0;1;0
1561;Fensterheber;WME162L;1;0,0023;0;0;0;0;0;0;0;0;1;0
1561;Fensterheber;WNS115L;1;0,0023;0;0;0;1;0;0;0;0;1;1
1561;Fensterheber;WNS123L;1;0,0023;0;0;0;0;0;0;0;0;1;0
1561;Fensterheber;WOP109L;1;0,0023;0;0;0;1;0;0;0;0;1;1
1561;Fensterheber;WOP109R;1;0,0023;0;0;0;1;0;0;0;0;1;1
1561;Fensterheber;WOP113L;2;0,0045;1;0;0;1;0;0;0;0;1;1
1561;Fensterheber;WOP130L;2;0,0045;1;0;0;1;1;0;1;0;1;0
1561;Fensterheber;WOP130R;1;0,0023;1;0;0;1;1;0;1;0;1;0
1561;Fensterheber;WOP135L;3;0,0068;0;0;0;1;0;0;0;0;1;0
1561;Fensterheber;WOP141L;1;0,0023;0;0;0;0;0;0;0;0;1;0
1561;Fensterheber;WOP151L;1;0,0023;1;0;0;0;0;0;0;0;1;0
1561;Fensterheber;WPG104L;1;0,0023;0;0;0;1;0;1;0;0;1;1
1561;Fensterheber;WPG104R;1;0,0023;0;0;0;1;0;1;0;0;1;1
1561;Fensterheber;WPG116L;2;0,0045;1;0;0;1;0;0;0;0;1;1
1561;Fensterheber;WPG116R;2;0,0045;1;0;0;1;0;0;0;0;1;1
1561;Fensterheber;WPG127R;1;0,0023;0;0;0;1;0;1;0;0;1;0
1561;Fensterheber;WPG128R;3;0,0068;0;0;0;0;0;0;0;0;1;0
1561;Fensterheber;WPG160L;2;0,0045;1;0;0;0;0;1;0;0;1;0
1561;Fensterheber;WPG161L;1;0,0023;1;0;0;0;0;0;0;0;1;0
1561;Fensterheber;WPR2926LM;1;0,0023;0;0;0;1;1;0;0;0;1;1
1561;Fensterheber;WR00105;1;0,0023;0;0;0;0;0;0;0;0;0;0
1561;Fensterheber;WRN105L;4;0,0091;1;0;0;1;0;0;0;0;1;0
1561;Fensterheber;WRN105R;2;0,0045;1;0;0;0;0;0;0;0;1;0
1561;Fensterheber;WRN106L;4;0,0091;1;0;0;1;0;0;0;0;1;0
1561;Fensterheber;WRN106R;3;0,0068;1;0;0;1;0;0;0;0;1;0
1561;Fensterheber;WRN107L;3;0,0068;0;0;0;0;0;0;0;0;1;0
1561;Fensterheber;WRN110L;2;0,0045;0;0;0;1;0;0;0;0;0;0
1561;Fensterheber;WRN110R;1;0,0023;0;0;0;1;0;0;0;0;0;0
1561;Fensterheber;WRN122R;2;0,0045;0;0;0;1;0;0;0;0;1;0
1561;Fensterheber;WRN124L;1;0,0023;0;0;0;1;0;0;0;0;1;0
1561;Fensterheber;WRN125R;1;0,0023;1;0;0;1;0;0;1;0;1;0
1561;Fensterheber;WRN131L;1;0,0023;0;0;0;1;0;0;0;0;0;0
1561;Fensterheber;WRN131R;1;0,0023;0;0;0;1;0;0;0;0;1;0
1561;Fensterheber;WRN133L;1;0,0023;0;0;0;1;0;0;0;1;1;0
1561;Fensterheber;WRN133R;4;0,0091;0;0;0;1;0;0;0;1;1;0
1561;Fensterheber;WRN140R;2;0,0045;1;0;0;1;0;0;0;0;1;0
1561;Fensterheber;WRN145L;2;0,0045;0;0;0;1;0;0;0;0;0;0
1561;Fensterheber;WRN145R;4;0,0091;0;0;0;1;0;0;0;0;0;0
1561;Fensterheber;WRN150L;1;0,0023;1;0;0;1;0;0;1;0;1;0
1561;Fensterheber;WRN153L;1;0,0023;0;0;0;0;0;0;0;0;0;0
1561;Fensterheber;WRN154L;3;0,0068;0;0;0;1;0;0;0;0;1;0
1561;Fensterheber;WRN154R;1;0,0023;0;0;0;1;0;0;0;0;1;0
1561;Fensterheber;WRN155L;2;0,0045;0;0;0;1;0;0;0;0;1;0
1561;Fensterheber;WRN156L;2;0,0045;1;0;0;1;0;0;0;0;1;0
1561;Fensterheber;WRN157L;3;0,0068;1;0;0;1;0;0;0;0;1;0
1561;Fensterheber;WRN158L;1;0,0023;1;0;0;0;0;0;0;0;1;0
1561;Fensterheber;WRN161L;5;0,0114;1;0;0;1;0;0;0;0;0;0
1561;Fensterheber;WRN161R;2;0,0045;0;0;0;1;0;0;0;0;0;0
1561;Fensterheber;WRN162R;1;0,0023;0;0;0;0;0;0;0;0;1;0
1561;Fensterheber;WRN163L;1;0,0023;0;0;0;1;0;0;0;0;1;0
1561;Fensterheber;WRN163R;1;0,0023;0;0;0;1;0;0;0;0;1;0
1561;Fensterheber;WRN165L;2;0,0045;0;0;0;1;0;0;0;0;0;0
1561;Fensterheber;WRN165R;1;0,0023;0;0;0;1;0;0;0;0;0;0
1561;Fensterheber;WSK100L;1;0,0023;1;0;0;1;0;1;1;0;1;0
1561;Fensterheber;WSK100R;2;0,0045;1;0;0;1;0;1;1;0;1;0
1561;Fensterheber;WSK101L;1;0,0023;0;0;0;1;0;1;0;0;1;0
1561;Fensterheber;WSK101R;4;0,0091;0;0;0;1;0;1;0;0;1;0
1561;Fensterheber;WSK102L;1;0,0023;0;0;0;1;0;1;0;0;1;0
1561;Fensterheber;WSK103L;1;0,0023;0;0;0;1;0;0;0;0;0;0
1561;Fensterheber;WSK110R;1;0,0023;0;0;0;1;0;0;0;0;0;1
1561;Fensterheber;WSK120L;3;0,0068;1;0;0;1;0;1;1;0;1;0
1561;Fensterheber;WSK120R;4;0,0091;1;0;0;1;0;1;1;0;1;0
1561;Fensterheber;WSK130L;1;0,0023;1;0;0;1;0;0;0;1;1;0
1561;Fensterheber;WSK130PL;4;0,0091;0;0;0;1;0;0;0;0;1;0
1561;Fensterheber;WSK130PR;6;0,0136;0;0;0;1;0;0;0;0;1;0
1561;Fensterheber;WSK130R;1;0,0023;1;0;0;1;0;0;0;0;1;0
1561;Fensterheber;WST112L;1;0,0023;0;0;0;1;0;1;0;0;1;0
1561;Fensterheber;WST112R;4;0,0091;0;0;0;1;0;1;0;0;1;0
1561;Fensterheber;WST114R;1;0,0023;0;0;0;1;0;0;0;0;1;0
1561;Fensterheber;WST131L;1;0,0023;0;0;0;1;0;0;0;0;1;0
1561;Fensterheber;WVW101R;1;0,0023;0;0;0;0;0;0;0;0;1;0
1561;Fensterheber;WVW102R;1;0,0023;0;0;0;1;0;0;0;0;1;0
1561;Fensterheber;WVW103R;1;0,0023;0;0;0;1;0;0;0;0;1;0
1561;Fensterheber;WVW129R;1;0,0023;0;0;0;1;0;1;0;1;1;1
1561;Fensterheber;WVW131L;1;0,0023;1;0;0;1;0;1;1;0;1;1
1561;Fensterheber;WVW131PR;1;0,0023;0;0;0;1;0;1;0;1;1;1
1561;Fensterheber;WVW132L;2;0,0045;1;0;0;1;0;1;1;0;1;1
1561;Fensterheber;WVW135L;1;0,0023;1;0;0;1;0;1;0;0;1;1
1561;Fensterheber;WVW135PR;1;0,0023;0;0;0;1;0;1;0;1;1;1
1561;Fensterheber;WVW135R;1;0,0023;1;0;0;1;0;1;0;0;1;1
1561;Fensterheber;WVW137R;1;0,0023;0;0;0;1;0;0;0;0;1;1
1561;Fensterheber;WVW139L;1;0,0023;0;0;0;1;0;1;1;0;1;1
1561;Fensterheber;WVW142L;1;0,0023;1;0;0;1;0;0;0;0;1;0
1561;Fensterheber;WVW153L;1;0,0023;0;0;0;1;0;1;0;0;1;0
1561;Fensterheber;WVW157L;1;0,0023;0;0;0;1;0;1;0;0;0;0
1561;Fensterheber;WVW158L;2;0,0045;0;0;0;1;0;0;0;0;1;0
1561;Fensterheber;WVW175L;5;0,0114;0;0;0;1;0;1;0;1;1;1
1561;Fensterheber;WVW175R;1;0,0023;0;0;0;1;0;1;0;1;1;1
1561;Fensterheber;WVW180L;1;0,0023;0;0;0;1;0;1;0;0;1;1
1561;Fensterheber;WVW184R;2;0,0045;0;0;0;1;0;1;0;0;1;1
1561;Fensterheber;WVW189L;3;0,0068;0;0;0;1;0;1;0;0;1;1
1561;Fensterheber;WVW190R;1;0,0023;0;0;0;1;0;1;0;0;1;1
1561;Fensterheber;WVW231R;1;0,0023;0;0;0;1;0;0;0;0;0;0
1561;Fensterheber;WVW233L;1;0,0023;0;0;0;1;0;0;0;0;1;1
1561;Fensterheber;WZD102R;2;0,0045;0;0;0;1;0;0;0;0;0;0
1561;Fensterheber;XR848093;1;0,0023;1;0;0;0;0;0;0;0;1;0
1561;Fensterheber;XS41A23201BV;1;0,0023;0;1;1;1;0;0;0;0;0;0
1561;Fensterheber;XS41A23201BY;1;0,0023;1;1;1;1;0;0;0;1;0;0
1561;Fensterheber;XS41B23201AX;2;0,0045;0;0;1;0;0;0;0;0;0;0
1561;Fensterheber;XS41B23201BV;1;0,0023;1;1;1;0;0;0;0;1;0;0
1561;Fensterheber;YC0821;1;0,0023;0;0;0;0;0;0;0;0;0;0
1561;Fensterheber;YC0941;1;0,0023;0;0;0;0;0;0;0;0;0;0
1561;Fensterheber;YC0960;1;0,0023;0;0;0;0;0;0;0;0;0;0
1561;Fensterheber;YC0965;1;0,0023;0;0;0;0;0;0;0;0;0;0
1561;Fensterheber;YQ00112480;1;0,0023;0;0;0;0;1;0;0;0;1;0
1561;Fensterheber;ZA703R;1;0,0023;0;1;0;0;1;0;0;0;0;0
1561;Fensterheber;ZRAA38L;1;0,0023;1;1;0;0;1;0;0;1;1;1
1561;Fensterheber;ZRAA48L;1;0,0023;1;1;0;0;0;0;0;1;1;1
1561;Fensterheber;ZRAA49R;2;0,0045;1;1;0;0;0;0;0;1;1;1
1561;Fensterheber;ZRAA701L;1;0,0023;1;1;0;0;1;0;0;1;1;1
1561;Fensterheber;ZRAA701R;2;0,0045;1;1;0;0;1;0;0;1;1;1
1561;Fensterheber;ZRAD703L;2;0,0045;1;1;0;1;1;1;1;1;1;1
1561;Fensterheber;ZRAD705L;2;0,0045;1;1;0;1;1;0;1;1;1;1
1561;Fensterheber;ZRAD706L;1;0,0023;1;1;0;1;1;1;1;1;1;1
1561;Fensterheber;ZRAD712R;1;0,0023;1;1;0;1;1;0;1;1;1;1
1561;Fensterheber;ZRAD715R;1;0,0023;1;1;0;1;1;1;1;1;1;1
1561;Fensterheber;ZRAD716R;1;0,0023;1;1;0;1;1;0;1;1;1;1
1561;Fensterheber;ZRAD718L;1;0,0023;0;1;0;1;0;0;0;1;1;1
1561;Fensterheber;ZRAD718R;1;0,0023;0;1;0;1;0;0;0;1;1;1
1561;Fensterheber;ZRAD724L;2;0,0045;1;1;0;1;1;0;1;1;1;1
1561;Fensterheber;ZRAD727L;1;0,0023;0;1;0;0;0;0;0;1;1;1
1561;Fensterheber;ZRAD736L;1;0,0023;1;1;0;1;0;1;1;0;1;1
1561;Fensterheber;ZRAD736R;1;0,0023;1;1;0;0;0;1;1;0;1;1
1561;Fensterheber;ZRBM24R;2;0,0045;1;1;0;1;1;0;0;1;1;1
1561;Fensterheber;ZRBM703L;1;0,0023;1;1;0;1;0;0;0;1;1;1
1561;Fensterheber;ZRBM703R;1;0,0023;1;1;0;1;0;0;1;1;1;1
1561;Fensterheber;ZRBM708L;1;0,0023;1;1;0;1;1;1;1;1;1;1
1561;Fensterheber;ZRBM708R;2;0,0045;1;1;0;1;1;1;1;1;1;1
1561;Fensterheber;ZRBM718L;1;0,0023;1;1;0;1;0;0;0;1;1;1
1561;Fensterheber;ZRBM718R;1;0,0023;1;1;0;1;0;0;0;1;1;1
1561;Fensterheber;ZRCT22L;1;0,0023;1;1;0;1;1;1;1;1;1;1
1561;Fensterheber;ZRCT22R;1;0,0023;1;1;0;1;1;1;1;1;1;1
1561;Fensterheber;ZRCT42R;1;0,0023;1;1;0;1;0;0;0;1;1;1
1561;Fensterheber;ZRCT702L;1;0,0023;1;1;0;0;1;0;1;1;1;1
1561;Fensterheber;ZRCT704R;1;0,0023;1;1;0;0;1;0;0;1;1;1
1561;Fensterheber;ZRCT710L;1;0,0023;1;1;0;1;1;0;0;1;1;1
1561;Fensterheber;ZRCT710R;1;0,0023;1;1;0;1;1;0;0;1;1;1
1561;Fensterheber;ZRCT716L;1;0,0023;1;1;0;0;1;0;0;1;1;1
1561;Fensterheber;ZRCT717R;2;0,0045;1;1;0;1;1;0;1;1;1;1
1561;Fensterheber;ZRCT719R;3;0,0068;1;1;0;1;1;0;0;1;1;1
1561;Fensterheber;ZRCT723L;1;0,0023;1;1;0;0;1;0;0;1;1;1
1561;Fensterheber;ZRCT723R;1;0,0023;1;1;0;0;1;0;0;1;1;1
1561;Fensterheber;ZRCT738R;1;0,0023;0;0;0;0;1;0;0;0;1;0
1561;Fensterheber;ZRDN108R;1;0,0023;1;0;0;0;0;0;0;1;1;1
1561;Fensterheber;ZRDN67LB;2;0,0045;1;1;0;0;1;0;0;1;1;1
1561;Fensterheber;ZRDN78L;1;0,0023;0;1;0;0;1;0;0;1;1;1
1561;Fensterheber;ZRFR716L;1;0,0023;1;1;0;0;0;0;0;1;1;1
1561;Fensterheber;ZRFT138R;1;0,0023;0;0;0;1;0;0;0;0;1;1
1561;Fensterheber;ZRFT707L;1;0,0023;1;1;0;0;1;0;1;1;1;1
1561;Fensterheber;ZRFT707R;2;0,0045;1;1;0;0;1;0;1;1;1;1
1561;Fensterheber;ZRFT711R;1;0,0023;0;0;0;0;0;0;0;0;1;0
1561;Fensterheber;ZRFT724L;2;0,0045;1;0;0;0;0;0;0;1;1;1
1561;Fensterheber;ZRFT72R;2;0,0045;1;1;0;1;1;0;1;1;1;1
1561;Fensterheber;ZRFT85L;1;0,0023;1;1;0;0;1;0;1;1;1;1
1561;Fensterheber;ZRFT902L;1;0,0023;0;1;0;0;0;0;0;1;1;1
1561;Fensterheber;ZRFT909R;1;0,0023;1;1;0;1;1;1;1;1;1;1
1561;Fensterheber;ZRHDO62LC;1;0,0023;1;1;0;0;0;0;0;1;1;1
1561;Fensterheber;ZRHY22L;1;0,0023;0;0;0;0;1;0;0;1;1;0
1561;Fensterheber;ZRHY29L;1;0,0023;1;1;0;0;1;0;0;1;1;1
1561;Fensterheber;ZRHY711L;1;0,0023;1;0;0;0;0;0;0;1;1;1
1561;Fensterheber;ZRJE19L;1;0,0023;1;1;0;0;1;0;0;1;1;1
1561;Fensterheber;ZRJG02L;1;0,0023;0;1;0;0;1;0;0;1;1;1
1561;Fensterheber;ZRKA701L;1;0,0023;1;1;0;0;1;0;0;1;1;1
1561;Fensterheber;ZRLR12L;1;0,0023;1;0;0;0;0;0;0;1;1;0
1561;Fensterheber;ZRLR16R;1;0,0023;1;1;0;0;1;0;0;1;1;1
1561;Fensterheber;ZRMA702L;1;0,0023;0;1;0;1;0;0;0;1;1;1
1561;Fensterheber;ZRME63RB;1;0,0023;1;1;0;0;1;0;0;1;1;1
1561;Fensterheber;ZRME703L;2;0,0045;1;1;0;1;1;0;1;1;1;1
1561;Fensterheber;ZRME708R;2;0,0045;1;1;0;0;1;0;0;1;1;1
1561;Fensterheber;ZRMI32RB;1;0,0023;1;1;0;0;1;0;0;1;1;1
1561;Fensterheber;ZRMI56L;1;0,0023;1;1;0;0;1;0;0;1;1;0
1561;Fensterheber;ZROP28R;1;0,0023;1;0;0;0;0;0;0;1;1;0
1561;Fensterheber;ZROP43LB;1;0,0023;1;1;0;0;1;0;0;1;1;1
1561;Fensterheber;ZROP704R;1;0,0023;1;1;0;1;1;0;0;1;1;1
1561;Fensterheber;ZROP708L;1;0,0023;1;1;0;1;1;0;0;1;1;1
1561;Fensterheber;ZROP708R;1;0,0023;1;1;0;1;1;0;0;1;1;1
1561;Fensterheber;ZROP73L;1;0,0023;1;1;0;0;1;0;0;1;1;1
1561;Fensterheber;ZROPO55RC;1;0,0023;1;1;0;1;1;0;0;1;1;1
1561;Fensterheber;ZRPG702R;1;0,0023;1;1;0;0;1;1;1;1;1;1
1561;Fensterheber;ZRPG709R;1;0,0023;1;1;0;0;0;0;0;1;1;1
1561;Fensterheber;ZRPG713L;1;0,0023;1;1;0;1;1;1;0;1;1;1
1561;Fensterheber;ZRPG714R;2;0,0045;0;1;0;0;1;0;0;1;1;1
1561;Fensterheber;ZRPG715R;1;0,0023;1;1;0;1;1;0;0;1;1;1
1561;Fensterheber;ZRPG718R;1;0,0023;1;1;0;0;1;1;0;0;1;1
1561;Fensterheber;ZRPG731R;1;0,0023;0;0;0;0;0;0;0;1;1;1
1561;Fensterheber;ZRRN22L;1;0,0023;1;1;0;0;1;0;0;1;1;1
1561;Fensterheber;ZRRN48L;1;0,0023;1;1;0;1;1;0;1;1;1;1
1561;Fensterheber;ZRRN48R;4;0,0091;1;1;0;0;1;0;1;1;1;1
1561;Fensterheber;ZRRN49L;2;0,0045;1;1;0;1;1;0;1;1;1;1
1561;Fensterheber;ZRRN705L;1;0,0023;1;1;0;1;1;0;1;1;1;1
1561;Fensterheber;ZRRN705R;1;0,0023;1;1;0;1;1;0;1;1;1;1
1561;Fensterheber;ZRRN707R;2;0,0045;1;1;0;0;1;0;0;1;1;1
1561;Fensterheber;ZRRN710L;1;0,0023;1;1;0;1;1;0;1;1;1;1
1561;Fensterheber;ZRRN710R;4;0,0091;1;1;0;1;1;0;1;1;1;1
1561;Fensterheber;ZRRN718R;1;0,0023;1;1;0;0;1;0;0;1;1;1
1561;Fensterheber;ZRRN71L;1;0,0023;1;1;0;0;1;0;0;1;1;1
1561;Fensterheber;ZRRV15L;1;0,0023;1;1;0;0;1;0;0;1;1;1
1561;Fensterheber;ZRRV19R;1;0,0023;1;1;0;0;1;0;0;1;1;1
1561;Fensterheber;ZRRV25L;1;0,0023;0;1;0;0;0;0;0;1;1;1
1561;Fensterheber;ZRSK701R;1;0,0023;1;1;0;1;1;1;1;1;1;1
1561;Fensterheber;ZRSK707L;1;0,0023;1;1;0;1;1;0;1;1;1;1
1561;Fensterheber;ZRST13RB;1;0,0023;1;1;0;0;1;0;0;1;1;1
1561;Fensterheber;ZRST14LB;1;0,0023;1;1;0;0;1;0;1;1;1;1
1561;Fensterheber;ZRST15RB;1;0,0023;1;1;0;0;0;0;0;1;1;1
1561;Fensterheber;ZRST709R;1;0,0023;1;1;0;1;0;0;0;1;1;1
1561;Fensterheber;ZRSTO24LC;1;0,0023;1;1;0;1;1;0;0;1;1;1
1561;Fensterheber;ZRTY110L;1;0,0023;1;1;0;1;1;0;0;1;1;1
1561;Fensterheber;ZRTY61L;1;0,0023;1;1;0;0;0;0;0;1;1;1
1561;Fensterheber;ZRVK39RB;1;0,0023;1;1;0;1;1;0;0;1;1;1
1561;Fensterheber;ZRVK702L;2;0,0045;1;1;0;1;1;1;1;1;1;1
1561;Fensterheber;ZRVK704L;2;0,0045;1;1;0;1;1;1;1;1;1;1
1561;Fensterheber;ZRVK705R;3;0,0068;1;1;0;1;1;1;0;1;1;1
1561;Fensterheber;ZRVK706L;2;0,0045;1;1;0;0;1;0;0;1;1;1
1561;Fensterheber;ZRVK709R;3;0,0068;1;1;0;1;1;1;1;0;1;1
1561;Fensterheber;ZRVK711R;1;0,0023;1;1;0;1;1;1;1;1;1;1
1561;Fensterheber;ZRVK713L;2;0,0045;1;1;0;1;1;0;0;1;1;1
1561;Fensterheber;ZRVK715R;1;0,0023;1;1;0;1;1;0;0;1;1;1
1561;Fensterheber;ZRVK717R;1;0,0023;1;1;0;1;1;1;1;1;1;1
1561;Fensterheber;ZRVK719L;3;0,0068;1;1;0;1;1;1;1;1;1;1
1561;Fensterheber;ZRVK719R;1;0,0023;1;1;0;1;1;1;1;1;1;1
1561;Fensterheber;ZRVK725L;2;0,0045;1;1;0;1;1;1;1;1;1;1
1561;Fensterheber;ZRVK727L;1;0,0023;1;1;0;1;1;1;1;1;1;1
1561;Fensterheber;ZRVK732L;1;0,0023;1;1;0;1;1;1;1;1;1;1
1561;Fensterheber;ZRVK733L;2;0,0045;1;0;0;0;0;0;0;1;1;0
1561;Fensterheber;ZRVK734L;2;0,0045;1;0;0;1;0;0;0;1;1;1
1561;Fensterheber;ZRVK738L;1;0,0023;1;1;0;1;1;1;1;1;1;1
1561;Fensterheber;ZRVK748R;1;0,0023;1;0;0;1;0;0;0;0;1;0
1561;Fensterheber;ZRVKO28LC;1;0,0023;1;1;0;1;1;0;0;1;1;1
1561;Fensterheber;ZRVKO79LC;1;0,0023;1;1;0;1;1;0;0;1;1;1
1561;Fensterheber;ZRVKO79RC;1;0,0023;1;1;0;1;1;0;0;1;1;1
1561;Fensterheber;ZRVL704L;2;0,0045;1;1;0;1;0;0;1;1;1;1
1561;Fensterheber;ZRVL704R;1;0,0023;1;1;0;1;0;0;1;1;1;1
1561;Fensterheber;ZRZA134L;1;0,0023;0;0;0;0;0;0;0;1;1;1
1561;Fensterheber;ZRZA29R;1;0,0023;1;1;0;0;1;1;0;0;1;1
1561;Fensterheber;ZRZAO145LC;1;0,0023;0;1;0;0;0;1;0;1;1;1
