NORMSEARCHWORD;SUMMCNT;CNT_WITH_KART;CNT_NOT_FOUND;CNT_NO_KART;QTY_POS;GENART_QTY_POS;GENART_DLNR_QTY_POS;PERCENT_QTY_POS;U4_OE;SA200;SA203FF;IAM_GENART;GENARTNR;GENARTDESCR
"00004321044";217;168;0;49;15;2;0;13,33;0;0;0;0;4921;"Teilesatz, Automatikgetriebe-Ölwechsel"
"0009892002";16;8;0;8;1;1;0;100;0;0;0;0;4921;"Teilesatz, Automatikgetriebe-Ölwechsel"
"0140370004S";29;28;0;1;5;1;0;20;0;0;1;0;4921;"Teilesatz, Automatikgetriebe-Ölwechsel"
"0029909503";135;129;0;6;18;2;2;11,11;0;0;1;0;4921;"Teilesatz, Automatikgetriebe-Ölwechsel"
"0140272102S";82;81;0;1;35;2;0;5,71;0;0;0;0;4921;"Teilesatz, Automatikgetriebe-Ölwechsel"
"0140370000";184;174;7;3;53;2;0;3,77;0;0;0;0;4921;"Teilesatz, Automatikgetriebe-Ölwechsel"
"0140370005S";49;49;0;0;15;1;0;6,67;0;0;1;0;4921;"Teilesatz, Automatikgetriebe-Ölwechsel"
"0141350200";55;54;0;1;10;9;0;90;0;0;0;1;4921;"Teilesatz, Automatikgetriebe-Ölwechsel"
"0141350200SK";16;12;0;4;2;1;0;50;0;0;0;1;4921;"Teilesatz, Automatikgetriebe-Ölwechsel"
"0141350201";301;287;0;14;38;35;0;92,11;0;0;1;1;4921;"Teilesatz, Automatikgetriebe-Ölwechsel"
"0141350203";73;68;0;5;16;16;0;100;0;0;1;1;4921;"Teilesatz, Automatikgetriebe-Ölwechsel"
"0141350203SK";19;18;0;1;5;3;0;60;0;0;1;1;4921;"Teilesatz, Automatikgetriebe-Ölwechsel"
"0141350204";71;65;0;6;19;17;1;89,47;0;0;1;1;4921;"Teilesatz, Automatikgetriebe-Ölwechsel"
"0141350204SK";27;24;2;1;7;5;0;71,43;0;0;1;1;4921;"Teilesatz, Automatikgetriebe-Ölwechsel"
"0141350211";482;451;0;31;89;86;0;96,63;0;0;0;1;4921;"Teilesatz, Automatikgetriebe-Ölwechsel"
"0141350211SK";75;70;0;5;21;15;0;71,43;0;0;0;1;4921;"Teilesatz, Automatikgetriebe-Ölwechsel"
"0141350213";75;65;0;10;9;9;0;100;0;0;0;1;4921;"Teilesatz, Automatikgetriebe-Ölwechsel"
"0141350213XK";10;9;0;1;2;2;0;100;0;0;0;1;4921;"Teilesatz, Automatikgetriebe-Ölwechsel"
"0141350214";85;76;0;9;10;10;0;100;0;0;0;1;4921;"Teilesatz, Automatikgetriebe-Ölwechsel"
"0141350214XK";15;14;0;1;3;3;0;100;0;0;0;1;4921;"Teilesatz, Automatikgetriebe-Ölwechsel"
"0141350300";738;713;0;25;152;141;2;92,76;0;0;1;1;4921;"Teilesatz, Automatikgetriebe-Ölwechsel"
"0141350305";987;950;5;32;158;151;0;95,57;0;0;1;1;4921;"Teilesatz, Automatikgetriebe-Ölwechsel"
"0141350305XK";184;178;0;6;33;32;0;96,97;0;0;0;1;4921;"Teilesatz, Automatikgetriebe-Ölwechsel"
"0141350402";8;7;0;1;2;2;0;100;0;0;0;0;4921;"Teilesatz, Automatikgetriebe-Ölwechsel"
"0141350404";3;3;0;0;2;2;0;100;0;0;0;0;4921;"Teilesatz, Automatikgetriebe-Ölwechsel"
"0141351201XK";47;40;0;7;8;8;0;100;0;0;0;1;4921;"Teilesatz, Automatikgetriebe-Ölwechsel"
"0141351202";270;266;0;4;58;58;0;100;0;0;1;1;4921;"Teilesatz, Automatikgetriebe-Ölwechsel"
"0141351202XK";69;65;0;4;11;10;0;90,91;0;0;0;1;4921;"Teilesatz, Automatikgetriebe-Ölwechsel"
"0141351211SK";59;49;0;10;8;5;0;62,50;0;0;0;1;4921;"Teilesatz, Automatikgetriebe-Ölwechsel"
"0141351212";231;221;0;10;28;28;0;100;0;0;0;1;4921;"Teilesatz, Automatikgetriebe-Ölwechsel"
"0141351402";306;295;1;10;68;66;0;97,06;0;0;0;1;4921;"Teilesatz, Automatikgetriebe-Ölwechsel"
"0141351402XK";105;100;1;4;11;9;0;81,82;0;0;0;1;4921;"Teilesatz, Automatikgetriebe-Ölwechsel"
"0141351404";389;365;0;24;85;81;0;95,29;0;0;0;1;4921;"Teilesatz, Automatikgetriebe-Ölwechsel"
"0141351404MEY";1;1;0;0;1;1;0;100;0;0;0;0;4921;"Teilesatz, Automatikgetriebe-Ölwechsel"
"0141351410";240;222;3;15;30;28;0;93,33;0;0;0;1;4921;"Teilesatz, Automatikgetriebe-Ölwechsel"
"0141351600";61;58;0;3;7;7;0;100;0;0;0;1;4921;"Teilesatz, Automatikgetriebe-Ölwechsel"
"0141351600SK";30;29;0;1;8;6;0;75;0;0;0;1;4921;"Teilesatz, Automatikgetriebe-Ölwechsel"
"0141351600XK";17;16;0;1;3;3;0;100;0;0;0;1;4921;"Teilesatz, Automatikgetriebe-Ölwechsel"
"0141351700";37;31;0;6;3;3;0;100;0;0;0;1;4921;"Teilesatz, Automatikgetriebe-Ölwechsel"
"0141351700SK";13;12;0;1;2;2;0;100;0;0;0;1;4921;"Teilesatz, Automatikgetriebe-Ölwechsel"
"0141351700XK";5;4;0;1;1;1;0;100;0;0;0;1;4921;"Teilesatz, Automatikgetriebe-Ölwechsel"
"0141360012";31;29;0;2;3;1;1;33,33;0;0;1;0;4921;"Teilesatz, Automatikgetriebe-Ölwechsel"
"0141371005";200;195;0;5;73;3;0;4,11;0;0;0;0;4921;"Teilesatz, Automatikgetriebe-Ölwechsel"
"0141371007";80;78;0;2;18;4;3;22,22;0;0;1;0;4921;"Teilesatz, Automatikgetriebe-Ölwechsel"
"0141371107";353;345;0;8;101;5;0;4,95;0;0;0;0;4921;"Teilesatz, Automatikgetriebe-Ölwechsel"
"0143251000";433;424;0;9;97;3;2;3,09;0;0;1;0;4921;"Teilesatz, Automatikgetriebe-Ölwechsel"
"0153000938";2;2;0;0;2;2;0;100;0;0;0;0;4921;"Teilesatz, Automatikgetriebe-Ölwechsel"
"0152280";2;2;0;0;1;1;0;100;0;0;0;0;4921;"Teilesatz, Automatikgetriebe-Ölwechsel"
"0153000371";2;2;0;0;1;1;1;100;0;0;0;0;4921;"Teilesatz, Automatikgetriebe-Ölwechsel"
"0153500006";3;3;0;0;1;1;0;100;0;0;0;0;4921;"Teilesatz, Automatikgetriebe-Ölwechsel"
"0153500067";4;4;0;0;1;1;0;100;0;0;0;0;4921;"Teilesatz, Automatikgetriebe-Ölwechsel"
"0153500128";2;2;0;0;1;1;0;100;0;0;0;0;4921;"Teilesatz, Automatikgetriebe-Ölwechsel"
"0153500130";4;4;0;0;2;2;0;100;0;0;0;0;4921;"Teilesatz, Automatikgetriebe-Ölwechsel"
"0153500225";1;1;0;0;1;1;0;100;0;0;0;0;4921;"Teilesatz, Automatikgetriebe-Ölwechsel"
"01J301517D";628;600;0;28;98;4;0;4,08;0;0;0;0;4921;"Teilesatz, Automatikgetriebe-Ölwechsel"
"019171748";2;2;0;0;1;1;0;100;0;0;0;0;4921;"Teilesatz, Automatikgetriebe-Ölwechsel"
"019171783";1;1;0;0;1;1;0;100;0;0;0;0;4921;"Teilesatz, Automatikgetriebe-Ölwechsel"
"01L321371";58;55;0;3;10;1;0;10;0;0;0;0;4921;"Teilesatz, Automatikgetriebe-Ölwechsel"
"01L325429B";68;57;0;11;15;8;0;53,33;0;0;0;0;4921;"Teilesatz, Automatikgetriebe-Ölwechsel"
"01M325429";529;518;2;9;119;16;0;13,45;0;0;0;0;4921;"Teilesatz, Automatikgetriebe-Ölwechsel"
"01N321370";96;92;0;4;19;2;0;10,53;0;0;0;0;4921;"Teilesatz, Automatikgetriebe-Ölwechsel"
"01V321371";225;220;0;5;44;1;1;2,27;0;0;1;0;4921;"Teilesatz, Automatikgetriebe-Ölwechsel"
"01V321379";138;129;0;9;6;1;1;16,67;0;0;1;1;4921;"Teilesatz, Automatikgetriebe-Ölwechsel"
"01V325429";508;498;1;9;101;18;8;17,82;0;0;1;0;4921;"Teilesatz, Automatikgetriebe-Ölwechsel"
"02E305051BS1";6;5;0;1;1;1;0;100;0;0;0;0;4921;"Teilesatz, Automatikgetriebe-Ölwechsel"
"02E305051";100;88;5;7;12;3;0;25;0;0;0;0;4921;"Teilesatz, Automatikgetriebe-Ölwechsel"
"02E305051B";396;388;0;8;79;10;2;12,66;0;0;1;0;4921;"Teilesatz, Automatikgetriebe-Ölwechsel"
"02E305051C";12519;12222;53;244;4014;792;269;19,73;0;0;1;0;4921;"Teilesatz, Automatikgetriebe-Ölwechsel"
"02E305051D";1312;1294;3;15;451;67;4;14,86;0;0;0;0;4921;"Teilesatz, Automatikgetriebe-Ölwechsel"
"02E398051";2400;2347;10;43;763;155;25;20,31;0;0;1;0;4921;"Teilesatz, Automatikgetriebe-Ölwechsel"
"02E398051KIT";1;1;0;0;1;1;0;100;0;0;0;0;4921;"Teilesatz, Automatikgetriebe-Ölwechsel"
"0435171783";4;4;0;0;2;2;0;100;0;0;0;0;4921;"Teilesatz, Automatikgetriebe-Ölwechsel"
"0308834077";2;2;0;0;1;1;0;100;0;0;0;0;4921;"Teilesatz, Automatikgetriebe-Ölwechsel"
"0350502461";1;1;0;0;1;1;0;100;0;0;0;0;4921;"Teilesatz, Automatikgetriebe-Ölwechsel"
"0435171762";5;5;0;0;1;1;0;100;0;0;0;0;4921;"Teilesatz, Automatikgetriebe-Ölwechsel"
"0435171772";2;2;0;0;1;1;0;100;0;0;0;0;4921;"Teilesatz, Automatikgetriebe-Ölwechsel"
"0435171785";9;8;1;0;4;4;0;100;0;0;0;0;4921;"Teilesatz, Automatikgetriebe-Ölwechsel"
"0435188362";6;6;0;0;1;1;0;100;0;0;0;0;4921;"Teilesatz, Automatikgetriebe-Ölwechsel"
"0435188364";8;8;0;0;1;1;0;100;0;0;0;0;4921;"Teilesatz, Automatikgetriebe-Ölwechsel"
"0501219037";80;68;4;8;12;11;11;91,67;0;0;1;0;4921;"Teilesatz, Automatikgetriebe-Ölwechsel"
"04872";56;55;1;0;5;1;0;20;0;0;0;0;4921;"Teilesatz, Automatikgetriebe-Ölwechsel"
"0501216243";123;120;0;3;26;14;14;53,85;0;0;1;0;4921;"Teilesatz, Automatikgetriebe-Ölwechsel"
"0501220214";34;33;1;0;8;8;8;100;0;0;1;0;4921;"Teilesatz, Automatikgetriebe-Ölwechsel"
"0501220297";137;129;0;8;22;8;8;36,36;0;0;1;0;4921;"Teilesatz, Automatikgetriebe-Ölwechsel"
"0501220614";60;56;0;4;7;7;7;100;0;0;1;0;4921;"Teilesatz, Automatikgetriebe-Ölwechsel"
"0501226590";43;41;0;2;9;9;9;100;0;0;1;0;4921;"Teilesatz, Automatikgetriebe-Ölwechsel"
"0551501268";2;2;0;0;1;1;0;100;0;0;0;0;4921;"Teilesatz, Automatikgetriebe-Ölwechsel"
"0551500520";3;3;0;0;1;1;1;100;0;0;0;0;4921;"Teilesatz, Automatikgetriebe-Ölwechsel"
"0551501231";1;1;0;0;1;1;0;100;0;0;0;0;4921;"Teilesatz, Automatikgetriebe-Ölwechsel"
"0551501269";2;2;0;0;1;1;0;100;0;0;0;0;4921;"Teilesatz, Automatikgetriebe-Ölwechsel"
"0825065";12;12;0;0;3;3;0;100;0;0;0;1;4921;"Teilesatz, Automatikgetriebe-Ölwechsel"
"0703304";9;7;0;2;2;1;0;50;0;0;0;0;4921;"Teilesatz, Automatikgetriebe-Ölwechsel"
"0825026";18;18;0;0;6;1;1;16,67;0;0;0;0;4921;"Teilesatz, Automatikgetriebe-Ölwechsel"
"0825064";7;7;0;0;3;1;0;33,33;0;0;0;1;4921;"Teilesatz, Automatikgetriebe-Ölwechsel"
"09094823";3;3;0;0;1;1;0;100;0;0;0;0;4921;"Teilesatz, Automatikgetriebe-Ölwechsel"
"098321370";90;86;3;1;36;3;0;8,33;0;0;0;0;4921;"Teilesatz, Automatikgetriebe-Ölwechsel"
"096321370";174;170;0;4;63;11;0;17,46;0;0;0;0;4921;"Teilesatz, Automatikgetriebe-Ölwechsel"
"097370";97;97;0;0;31;5;0;16,13;0;0;0;0;4921;"Teilesatz, Automatikgetriebe-Ölwechsel"
"09D325429";11;10;1;0;1;1;0;100;0;0;0;0;4921;"Teilesatz, Automatikgetriebe-Ölwechsel"
"09D321181B";204;201;0;3;24;1;1;4,17;0;0;1;0;4921;"Teilesatz, Automatikgetriebe-Ölwechsel"
"09D321371";174;164;1;9;24;4;0;16,67;0;0;1;0;4921;"Teilesatz, Automatikgetriebe-Ölwechsel"
"09D325435";756;725;3;28;140;37;6;26,43;0;0;1;0;4921;"Teilesatz, Automatikgetriebe-Ölwechsel"
"09D325435S2";1;1;0;0;1;1;0;100;0;0;0;0;4921;"Teilesatz, Automatikgetriebe-Ölwechsel"
"09E321371";81;77;0;4;12;1;0;8,33;0;0;0;0;4921;"Teilesatz, Automatikgetriebe-Ölwechsel"
"09E325429";201;198;0;3;46;21;14;45,65;0;0;1;0;4921;"Teilesatz, Automatikgetriebe-Ölwechsel"
"09G321370";245;242;0;3;36;1;0;2,78;0;0;1;0;4921;"Teilesatz, Automatikgetriebe-Ölwechsel"
"09G325429";401;391;1;9;97;19;0;19,59;0;0;1;0;4921;"Teilesatz, Automatikgetriebe-Ölwechsel"
"09G325429A";362;352;1;9;75;19;8;25,33;0;0;1;0;4921;"Teilesatz, Automatikgetriebe-Ölwechsel"
"09G325429B";47;39;0;8;8;2;2;25;0;0;1;0;4921;"Teilesatz, Automatikgetriebe-Ölwechsel"
"09G325429D";52;50;0;2;8;3;0;37,50;0;0;0;0;4921;"Teilesatz, Automatikgetriebe-Ölwechsel"
"09G325429H";27;26;0;1;5;1;0;20;0;0;0;0;4921;"Teilesatz, Automatikgetriebe-Ölwechsel"
"09K321370";80;77;2;1;22;9;6;40,91;0;0;1;0;4921;"Teilesatz, Automatikgetriebe-Ölwechsel"
"09K325429";238;230;1;7;77;27;13;35,06;0;0;1;0;4921;"Teilesatz, Automatikgetriebe-Ölwechsel"
"09L321371";239;233;0;6;33;2;0;6,06;0;0;0;0;4921;"Teilesatz, Automatikgetriebe-Ölwechsel"
"09L321371A";425;417;0;8;72;22;17;30,56;0;0;1;0;4921;"Teilesatz, Automatikgetriebe-Ölwechsel"
"09L325429";1458;1407;4;47;321;103;68;32,09;0;0;1;0;4921;"Teilesatz, Automatikgetriebe-Ölwechsel"
"09M321370A";89;84;1;4;7;1;0;14,29;0;0;0;0;4921;"Teilesatz, Automatikgetriebe-Ölwechsel"
"09M325429";474;466;0;8;77;19;7;24,68;0;0;1;0;4921;"Teilesatz, Automatikgetriebe-Ölwechsel"
"09P321370";108;100;1;7;17;11;0;64,71;0;0;0;0;4921;"Teilesatz, Automatikgetriebe-Ölwechsel"
"09P325429";83;79;0;4;6;2;0;33,33;0;0;0;0;4921;"Teilesatz, Automatikgetriebe-Ölwechsel"
"09Q325429";329;259;17;53;36;8;0;22,22;0;0;0;0;4921;"Teilesatz, Automatikgetriebe-Ölwechsel"
"0AM325433D";129;120;0;9;10;3;0;30;0;0;0;0;4921;"Teilesatz, Automatikgetriebe-Ölwechsel"
"0AM325433E";324;293;1;30;33;4;0;12,12;0;0;0;0;4921;"Teilesatz, Automatikgetriebe-Ölwechsel"
"0AM325433EKIT1";13;7;0;6;1;1;0;100;0;0;0;0;4921;"Teilesatz, Automatikgetriebe-Ölwechsel"
"0AW301516H";2164;2098;7;59;418;51;0;12,20;0;0;1;0;4921;"Teilesatz, Automatikgetriebe-Ölwechsel"
"0B5321371D";41;37;0;4;1;1;0;100;0;0;0;0;4921;"Teilesatz, Automatikgetriebe-Ölwechsel"
"0B5321371E";690;676;4;10;121;19;0;15,70;0;0;0;0;4921;"Teilesatz, Automatikgetriebe-Ölwechsel"
"0B5321371F";278;269;3;6;75;12;0;16;0;0;0;0;4921;"Teilesatz, Automatikgetriebe-Ölwechsel"
"0B5325240B";162;154;2;6;28;3;0;10,71;0;0;0;0;4921;"Teilesatz, Automatikgetriebe-Ölwechsel"
"0B5325330A";4094;3991;17;86;1279;201;8;15,72;0;0;1;0;4921;"Teilesatz, Automatikgetriebe-Ölwechsel"
"0B5325429E";3712;3635;5;72;874;240;0;27,46;0;0;0;0;4921;"Teilesatz, Automatikgetriebe-Ölwechsel"
"0B6325429";216;209;0;7;28;15;12;53,57;0;0;1;0;4921;"Teilesatz, Automatikgetriebe-Ölwechsel"
"0B6398747";9;8;1;0;2;2;2;100;0;0;1;0;4921;"Teilesatz, Automatikgetriebe-Ölwechsel"
"0BH325159";1234;1083;28;123;330;1;0;0,30;0;0;0;0;4921;"Teilesatz, Automatikgetriebe-Ölwechsel"
"0BH325183A";113;106;1;6;18;3;1;16,67;0;0;1;0;4921;"Teilesatz, Automatikgetriebe-Ölwechsel"
"0BH325183B";3082;3021;11;50;1014;166;39;16,37;0;0;1;0;4921;"Teilesatz, Automatikgetriebe-Ölwechsel"
"0BH325183C";19;18;0;1;2;2;1;100;0;0;1;0;4921;"Teilesatz, Automatikgetriebe-Ölwechsel"
"0BK398009";808;782;6;20;187;106;93;56,68;0;0;1;0;4921;"Teilesatz, Automatikgetriebe-Ölwechsel"
"0BK398009A";857;840;1;16;238;144;125;60,50;0;0;1;0;4921;"Teilesatz, Automatikgetriebe-Ölwechsel"
"0BL398009";153;139;1;13;24;23;23;95,83;0;0;1;0;4921;"Teilesatz, Automatikgetriebe-Ölwechsel"
"0BW398009";15;13;1;1;2;1;1;50;0;0;1;0;4921;"Teilesatz, Automatikgetriebe-Ölwechsel"
"0C8321181";137;125;1;11;22;2;2;9,09;0;0;1;0;4921;"Teilesatz, Automatikgetriebe-Ölwechsel"
"0C8321371";233;230;0;3;38;15;8;39,47;0;0;1;0;4921;"Teilesatz, Automatikgetriebe-Ölwechsel"
"0C8325435";1131;1111;3;17;241;94;56;39;0;0;1;0;4921;"Teilesatz, Automatikgetriebe-Ölwechsel"
"0C8325443";33;27;1;5;5;2;2;40;0;0;1;0;4921;"Teilesatz, Automatikgetriebe-Ölwechsel"
"0CK321371";625;614;1;10;82;20;0;24,39;0;0;0;0;4921;"Teilesatz, Automatikgetriebe-Ölwechsel"
"0CK321371A";552;543;1;8;124;11;0;8,87;0;0;0;0;4921;"Teilesatz, Automatikgetriebe-Ölwechsel"
"0CK321439A";2231;1979;15;237;321;94;0;29,28;0;0;0;0;4921;"Teilesatz, Automatikgetriebe-Ölwechsel"
"0CK325121D";3099;2988;4;107;458;97;0;21,18;0;0;0;0;4921;"Teilesatz, Automatikgetriebe-Ölwechsel"
"0CK325149D";1844;1791;3;50;216;27;0;12,50;0;0;0;0;4921;"Teilesatz, Automatikgetriebe-Ölwechsel"
"0CK325421A";1213;1191;3;19;155;21;0;13,55;0;0;0;0;4921;"Teilesatz, Automatikgetriebe-Ölwechsel"
"0CM301227";26;13;4;9;2;2;0;100;0;0;0;0;4921;"Teilesatz, Automatikgetriebe-Ölwechsel"
"0CM301519";510;479;1;30;125;83;56;66,40;0;0;1;0;4921;"Teilesatz, Automatikgetriebe-Ölwechsel"
"0D5398009";130;124;0;6;24;14;11;58,33;0;0;1;0;4921;"Teilesatz, Automatikgetriebe-Ölwechsel"
"0D5398009A";1008;946;12;50;130;79;70;60,77;0;0;1;0;4921;"Teilesatz, Automatikgetriebe-Ölwechsel"
"0D5398009B";775;738;5;32;114;52;47;45,61;0;0;1;0;4921;"Teilesatz, Automatikgetriebe-Ölwechsel"
"0D5398009C";1454;1414;2;38;348;305;243;87,64;0;0;1;1;4921;"Teilesatz, Automatikgetriebe-Ölwechsel"
"0D5398010";961;921;4;36;82;18;0;21,95;0;0;0;0;4921;"Teilesatz, Automatikgetriebe-Ölwechsel"
"0D6398359";354;327;9;18;40;33;23;82,50;0;0;1;0;4921;"Teilesatz, Automatikgetriebe-Ölwechsel"
"0D6398359A";164;127;2;35;10;2;2;20;0;0;1;0;4921;"Teilesatz, Automatikgetriebe-Ölwechsel"
"0DR301519";9;8;0;1;5;2;2;40;0;0;1;0;4921;"Teilesatz, Automatikgetriebe-Ölwechsel"
"0GC325183";4544;4422;16;106;1361;244;6;17,93;0;0;1;0;4921;"Teilesatz, Automatikgetriebe-Ölwechsel"
"0GC325183A";12943;12658;69;216;4046;654;16;16,16;0;0;1;1;4921;"Teilesatz, Automatikgetriebe-Ölwechsel"
"0GC325183AS2";7;6;0;1;1;1;0;100;0;0;0;0;4921;"Teilesatz, Automatikgetriebe-Ölwechsel"
"0GC325183D";5397;5340;27;30;2315;360;10;15,55;0;0;1;0;4921;"Teilesatz, Automatikgetriebe-Ölwechsel"
"1001350001";73;71;1;1;10;9;5;90;0;0;1;1;4921;"Teilesatz, Automatikgetriebe-Ölwechsel"
"1001350001SK";21;21;0;0;2;2;0;100;0;0;1;1;4921;"Teilesatz, Automatikgetriebe-Ölwechsel"
"1001350001XK";6;4;0;2;2;2;0;100;0;0;0;1;4921;"Teilesatz, Automatikgetriebe-Ölwechsel"
"1001350002";17;14;0;3;2;2;0;100;0;0;1;1;4921;"Teilesatz, Automatikgetriebe-Ölwechsel"
"1001350003";139;135;0;4;27;25;4;92,59;0;0;1;1;4921;"Teilesatz, Automatikgetriebe-Ölwechsel"
"1001350003SK";19;19;0;0;6;4;0;66,67;0;0;1;1;4921;"Teilesatz, Automatikgetriebe-Ölwechsel"
"1001350004SK";14;13;0;1;1;1;0;100;0;0;1;1;4921;"Teilesatz, Automatikgetriebe-Ölwechsel"
"1001350005";23;23;0;0;1;1;0;100;0;0;1;1;4921;"Teilesatz, Automatikgetriebe-Ölwechsel"
"1001350005SK";13;13;0;0;2;1;0;50;0;0;1;1;4921;"Teilesatz, Automatikgetriebe-Ölwechsel"
"1001350012";33;27;0;6;5;5;0;100;0;0;0;1;4921;"Teilesatz, Automatikgetriebe-Ölwechsel"
"1001350013";106;100;0;6;20;20;9;100;0;0;1;1;4921;"Teilesatz, Automatikgetriebe-Ölwechsel"
"1001350013SK";22;20;0;2;2;2;0;100;0;0;0;1;4921;"Teilesatz, Automatikgetriebe-Ölwechsel"
"1001350014";101;97;1;3;17;15;0;88,24;0;0;0;1;4921;"Teilesatz, Automatikgetriebe-Ölwechsel"
"1001350014XK";11;9;0;2;1;1;0;100;0;0;0;1;4921;"Teilesatz, Automatikgetriebe-Ölwechsel"
"1001350015SK";12;10;0;2;3;3;0;100;0;0;0;1;4921;"Teilesatz, Automatikgetriebe-Ölwechsel"
"1001350016";78;77;0;1;14;12;1;85,71;0;0;1;1;4921;"Teilesatz, Automatikgetriebe-Ölwechsel"
"1001350016SK";14;9;0;5;1;1;0;100;0;0;0;1;4921;"Teilesatz, Automatikgetriebe-Ölwechsel"
"1001350100";64;60;0;4;10;10;0;100;0;0;1;1;4921;"Teilesatz, Automatikgetriebe-Ölwechsel"
"1001350101";48;44;0;4;6;5;0;83,33;0;0;1;1;4921;"Teilesatz, Automatikgetriebe-Ölwechsel"
"1001350101SK";7;5;0;2;2;2;0;100;0;0;0;1;4921;"Teilesatz, Automatikgetriebe-Ölwechsel"
"1001350102";1899;1872;6;21;464;457;4;98,49;0;0;1;1;4921;"Teilesatz, Automatikgetriebe-Ölwechsel"
"1001350102144";1;1;0;0;1;1;0;100;0;0;0;0;4921;"Teilesatz, Automatikgetriebe-Ölwechsel"
"1001350102SK";70;68;0;2;14;8;0;57,14;0;0;0;1;4921;"Teilesatz, Automatikgetriebe-Ölwechsel"
"1001350102XK";103;95;1;7;16;16;0;100;0;0;0;1;4921;"Teilesatz, Automatikgetriebe-Ölwechsel"
"1001350103";561;549;4;8;147;144;1;97,96;0;0;1;1;4921;"Teilesatz, Automatikgetriebe-Ölwechsel"
"1001350103SK";28;26;0;2;7;5;0;71,43;0;0;0;1;4921;"Teilesatz, Automatikgetriebe-Ölwechsel"
"1001350103XK";55;52;0;3;11;11;0;100;0;0;0;1;4921;"Teilesatz, Automatikgetriebe-Ölwechsel"
"1001350106";61;59;0;2;11;11;0;100;0;0;1;1;4921;"Teilesatz, Automatikgetriebe-Ölwechsel"
"1001350106SK";13;9;0;4;1;1;0;100;0;0;0;1;4921;"Teilesatz, Automatikgetriebe-Ölwechsel"
"1001350106XK";9;5;0;4;1;1;0;100;0;0;0;1;4921;"Teilesatz, Automatikgetriebe-Ölwechsel"
"1001350107";62;60;0;2;6;6;0;100;0;0;1;1;4921;"Teilesatz, Automatikgetriebe-Ölwechsel"
"1001350107SK";10;10;0;0;2;1;0;50;0;0;0;1;4921;"Teilesatz, Automatikgetriebe-Ölwechsel"
"1001350108";262;252;1;9;32;28;1;87,50;0;0;1;1;4921;"Teilesatz, Automatikgetriebe-Ölwechsel"
"1001350108SK";89;85;0;4;15;14;1;93,33;0;0;1;1;4921;"Teilesatz, Automatikgetriebe-Ölwechsel"
"1001350108XK";50;48;0;2;7;7;0;100;0;0;0;1;4921;"Teilesatz, Automatikgetriebe-Ölwechsel"
"1001350109";309;297;1;11;56;55;0;98,21;0;0;1;1;4921;"Teilesatz, Automatikgetriebe-Ölwechsel"
"1001350109XK";39;36;0;3;5;5;0;100;0;0;0;1;4921;"Teilesatz, Automatikgetriebe-Ölwechsel"
"1001350114";847;833;0;14;186;174;0;93,55;0;0;1;1;4921;"Teilesatz, Automatikgetriebe-Ölwechsel"
"1001350114SK";253;239;0;14;66;56;0;84,85;0;0;0;1;4921;"Teilesatz, Automatikgetriebe-Ölwechsel"
"1001350114SKMEY";2;2;0;0;1;1;0;100;0;0;0;0;4921;"Teilesatz, Automatikgetriebe-Ölwechsel"
"1001350114XK";52;48;0;4;4;4;0;100;0;0;0;1;4921;"Teilesatz, Automatikgetriebe-Ölwechsel"
"1001350115";1053;1010;1;42;138;127;0;92,03;0;0;0;1;4921;"Teilesatz, Automatikgetriebe-Ölwechsel"
"1001350115SK";313;300;1;12;43;38;0;88,37;0;0;0;1;4921;"Teilesatz, Automatikgetriebe-Ölwechsel"
"1001350115XK";243;229;1;13;13;12;0;92,31;0;0;0;1;4921;"Teilesatz, Automatikgetriebe-Ölwechsel"
"1001350116";2276;2197;10;69;564;550;1;97,52;0;0;1;1;4921;"Teilesatz, Automatikgetriebe-Ölwechsel"
"1001350116MYL";6;6;0;0;1;1;0;100;0;0;0;0;4921;"Teilesatz, Automatikgetriebe-Ölwechsel"
"1001350116SK";231;218;7;6;55;39;0;70,91;0;0;0;1;4921;"Teilesatz, Automatikgetriebe-Ölwechsel"
"1001350116XK";73;68;0;5;9;8;0;88,89;0;0;0;1;4921;"Teilesatz, Automatikgetriebe-Ölwechsel"
"1001350117";62;54;0;8;6;5;0;83,33;0;0;0;1;4921;"Teilesatz, Automatikgetriebe-Ölwechsel"
"1001350118";108;97;2;9;18;16;0;88,89;0;0;0;1;4921;"Teilesatz, Automatikgetriebe-Ölwechsel"
"1001350120SK";19;17;0;2;5;4;0;80;0;0;0;1;4921;"Teilesatz, Automatikgetriebe-Ölwechsel"
"1001350122";102;90;0;12;19;19;0;100;0;0;0;1;4921;"Teilesatz, Automatikgetriebe-Ölwechsel"
"1001350122MYL";2;2;0;0;2;2;0;100;0;0;0;0;4921;"Teilesatz, Automatikgetriebe-Ölwechsel"
"1001350122SK";31;29;0;2;5;5;0;100;0;0;0;1;4921;"Teilesatz, Automatikgetriebe-Ölwechsel"
"1001350122XK";23;20;0;3;3;3;0;100;0;0;0;1;4921;"Teilesatz, Automatikgetriebe-Ölwechsel"
"1001350130";201;191;0;10;29;27;0;93,10;0;0;0;1;4921;"Teilesatz, Automatikgetriebe-Ölwechsel"
"1001350130SK";74;67;0;7;11;9;1;81,82;0;0;0;1;4921;"Teilesatz, Automatikgetriebe-Ölwechsel"
"1001350130XK";22;18;0;4;3;2;0;66,67;0;0;0;1;4921;"Teilesatz, Automatikgetriebe-Ölwechsel"
"1001350200";408;392;1;15;84;76;0;90,48;0;0;0;1;4921;"Teilesatz, Automatikgetriebe-Ölwechsel"
"1001350210";72;64;0;8;8;6;0;75;0;0;0;1;4921;"Teilesatz, Automatikgetriebe-Ölwechsel"
"1001350220";82;70;0;12;6;2;0;33,33;0;0;0;1;4921;"Teilesatz, Automatikgetriebe-Ölwechsel"
"1001350314SK";5;4;0;1;1;1;0;100;0;0;0;1;4921;"Teilesatz, Automatikgetriebe-Ölwechsel"
"1001360003";199;197;0;2;51;1;0;1,96;0;0;1;0;4921;"Teilesatz, Automatikgetriebe-Ölwechsel"
"1001360004";114;113;0;1;28;1;1;3,57;0;0;1;0;4921;"Teilesatz, Automatikgetriebe-Ölwechsel"
"1001361011";275;263;0;12;97;1;0;1,03;0;0;1;0;4921;"Teilesatz, Automatikgetriebe-Ölwechsel"
"1001370006";43;38;2;3;8;1;1;12,50;0;0;1;0;4921;"Teilesatz, Automatikgetriebe-Ölwechsel"
"1001371004";96;92;0;4;27;2;1;7,41;0;0;1;0;4921;"Teilesatz, Automatikgetriebe-Ölwechsel"
"1001907963";1;1;0;0;1;1;0;100;0;0;0;0;4921;"Teilesatz, Automatikgetriebe-Ölwechsel"
"1001907990";1;1;0;0;1;1;0;100;0;0;0;0;4921;"Teilesatz, Automatikgetriebe-Ölwechsel"
"100250";523;512;2;9;128;2;2;1,56;0;0;1;0;4921;"Teilesatz, Automatikgetriebe-Ölwechsel"
"100253";440;432;2;6;91;4;2;4,40;0;0;1;0;4921;"Teilesatz, Automatikgetriebe-Ölwechsel"
"100254";126;123;0;3;20;1;0;5;0;0;0;0;4921;"Teilesatz, Automatikgetriebe-Ölwechsel"
"1002891660";3;3;0;0;3;3;0;100;0;0;0;0;4921;"Teilesatz, Automatikgetriebe-Ölwechsel"
"1003465209";1;1;0;0;1;1;0;100;0;0;0;0;4921;"Teilesatz, Automatikgetriebe-Ölwechsel"
"1003534407";3;3;0;0;3;3;0;100;0;0;0;0;4921;"Teilesatz, Automatikgetriebe-Ölwechsel"
"1003534424";1;1;0;0;1;1;0;100;0;0;0;0;4921;"Teilesatz, Automatikgetriebe-Ölwechsel"
"1006526";33;33;0;0;2;2;2;100;0;0;0;0;4921;"Teilesatz, Automatikgetriebe-Ölwechsel"
"1003980006";35;35;0;0;13;1;0;7,69;0;0;0;0;4921;"Teilesatz, Automatikgetriebe-Ölwechsel"
"10046806";10;9;1;0;1;1;0;100;0;0;0;0;4921;"Teilesatz, Automatikgetriebe-Ölwechsel"
"1006974";10;10;0;0;3;1;0;33,33;0;0;0;0;4921;"Teilesatz, Automatikgetriebe-Ölwechsel"
"10082389";5;5;0;0;1;1;0;100;0;0;0;0;4921;"Teilesatz, Automatikgetriebe-Ölwechsel"
"10098";452;442;0;10;140;1;0;0,71;0;0;0;0;4921;"Teilesatz, Automatikgetriebe-Ölwechsel"
"10193698";3;3;0;0;1;1;0;100;0;0;0;0;4921;"Teilesatz, Automatikgetriebe-Ölwechsel"
"101108";164;161;0;3;52;1;0;1,92;0;0;0;0;4921;"Teilesatz, Automatikgetriebe-Ölwechsel"
"101164";84;82;0;2;12;2;0;16,67;0;0;0;0;4921;"Teilesatz, Automatikgetriebe-Ölwechsel"
"10193535";2;2;0;0;1;1;0;100;0;0;0;0;4921;"Teilesatz, Automatikgetriebe-Ölwechsel"
"10193571";2;2;0;0;1;1;0;100;0;0;0;0;4921;"Teilesatz, Automatikgetriebe-Ölwechsel"
"10193713";5;5;0;0;1;1;0;100;0;0;0;0;4921;"Teilesatz, Automatikgetriebe-Ölwechsel"
"10193861";4;4;0;0;1;1;0;100;0;0;0;0;4921;"Teilesatz, Automatikgetriebe-Ölwechsel"
"10194167";3;3;0;0;1;1;0;100;0;0;0;0;4921;"Teilesatz, Automatikgetriebe-Ölwechsel"
"10194233";1;1;0;0;1;1;0;100;0;0;0;0;4921;"Teilesatz, Automatikgetriebe-Ölwechsel"
"101965";245;239;0;6;64;1;0;1,56;0;0;1;0;4921;"Teilesatz, Automatikgetriebe-Ölwechsel"
"1020363571";2;2;0;0;2;2;0;100;0;0;0;0;4921;"Teilesatz, Automatikgetriebe-Ölwechsel"
"1024339";18;15;0;3;6;5;5;83,33;0;0;0;0;4921;"Teilesatz, Automatikgetriebe-Ölwechsel"
"1024340";4;4;0;0;1;1;1;100;0;0;0;0;4921;"Teilesatz, Automatikgetriebe-Ölwechsel"
"10283507";6;6;0;0;1;1;0;100;0;0;0;0;4921;"Teilesatz, Automatikgetriebe-Ölwechsel"
"10286565";1;1;0;0;1;1;0;100;0;0;0;0;4921;"Teilesatz, Automatikgetriebe-Ölwechsel"
"10286570";7;7;0;0;1;1;0;100;0;0;0;0;4921;"Teilesatz, Automatikgetriebe-Ölwechsel"
"10324755";5;5;0;0;1;1;1;100;0;0;0;0;4921;"Teilesatz, Automatikgetriebe-Ölwechsel"
"10324671";3;3;0;0;1;1;1;100;0;0;0;0;4921;"Teilesatz, Automatikgetriebe-Ölwechsel"
"10324749";31;1;30;0;1;1;1;100;0;0;0;0;4921;"Teilesatz, Automatikgetriebe-Ölwechsel"
"1040940";19;19;0;0;5;5;5;100;0;0;0;0;4921;"Teilesatz, Automatikgetriebe-Ölwechsel"
"1040942";8;8;0;0;2;2;2;100;0;0;0;0;4921;"Teilesatz, Automatikgetriebe-Ölwechsel"
"104287360";4;4;0;0;1;1;1;100;0;0;0;0;4921;"Teilesatz, Automatikgetriebe-Ölwechsel"
"104287396";1;1;0;0;1;1;1;100;0;0;0;0;4921;"Teilesatz, Automatikgetriebe-Ölwechsel"
"104383303";7;3;4;0;1;1;0;100;0;0;0;0;4921;"Teilesatz, Automatikgetriebe-Ölwechsel"
"104498397";2;1;1;0;1;1;0;100;0;0;0;0;4921;"Teilesatz, Automatikgetriebe-Ölwechsel"
"104788";475;474;0;1;115;4;0;3,48;0;0;1;0;4921;"Teilesatz, Automatikgetriebe-Ölwechsel"
"1051010009";21;14;0;7;3;2;0;66,67;0;0;0;1;4921;"Teilesatz, Automatikgetriebe-Ölwechsel"
"1051010002";23;20;0;3;2;1;0;50;0;0;0;1;4921;"Teilesatz, Automatikgetriebe-Ölwechsel"
"1051010003";2;2;0;0;1;1;0;100;0;0;0;1;4921;"Teilesatz, Automatikgetriebe-Ölwechsel"
"1051010011";20;14;0;6;3;3;0;100;0;0;0;1;4921;"Teilesatz, Automatikgetriebe-Ölwechsel"
"1051010019";21;11;4;6;1;1;0;100;0;0;0;1;4921;"Teilesatz, Automatikgetriebe-Ölwechsel"
"1051010020";11;9;0;2;1;1;0;100;0;0;0;1;4921;"Teilesatz, Automatikgetriebe-Ölwechsel"
"1051011020";4;1;1;2;1;1;0;100;0;0;0;1;4921;"Teilesatz, Automatikgetriebe-Ölwechsel"
"1051011037";1;1;0;0;1;1;0;100;0;0;0;1;4921;"Teilesatz, Automatikgetriebe-Ölwechsel"
"1051011075";4;4;0;0;3;3;0;100;0;0;0;1;4921;"Teilesatz, Automatikgetriebe-Ölwechsel"
"1051012019";1;1;0;0;1;1;0;100;0;0;0;1;4921;"Teilesatz, Automatikgetriebe-Ölwechsel"
"1051020003";7;5;0;2;1;1;0;100;0;0;0;1;4921;"Teilesatz, Automatikgetriebe-Ölwechsel"
"1051050001";18;12;0;6;2;1;0;50;0;0;0;1;4921;"Teilesatz, Automatikgetriebe-Ölwechsel"
"1051050003";48;15;5;28;2;2;0;100;0;0;0;1;4921;"Teilesatz, Automatikgetriebe-Ölwechsel"
"1051051001";6;5;0;1;1;1;0;100;0;0;0;1;4921;"Teilesatz, Automatikgetriebe-Ölwechsel"
"1051060005";29;25;0;4;3;2;0;66,67;0;0;0;1;4921;"Teilesatz, Automatikgetriebe-Ölwechsel"
"1051060006";8;6;0;2;1;1;0;100;0;0;0;1;4921;"Teilesatz, Automatikgetriebe-Ölwechsel"
"1051060011";25;13;0;12;2;2;0;100;0;0;0;1;4921;"Teilesatz, Automatikgetriebe-Ölwechsel"
"1051060012";17;10;0;7;2;2;0;100;0;0;0;1;4921;"Teilesatz, Automatikgetriebe-Ölwechsel"
"1051060017";21;8;1;12;1;1;0;100;0;0;0;1;4921;"Teilesatz, Automatikgetriebe-Ölwechsel"
"1051060018";25;15;1;9;2;2;0;100;0;0;0;1;4921;"Teilesatz, Automatikgetriebe-Ölwechsel"
"1051060021";12;10;0;2;1;1;0;100;0;0;0;1;4921;"Teilesatz, Automatikgetriebe-Ölwechsel"
"1051060022";19;17;1;1;2;2;0;100;0;0;0;1;4921;"Teilesatz, Automatikgetriebe-Ölwechsel"
"1051060026";22;22;0;0;1;1;0;100;0;0;0;1;4921;"Teilesatz, Automatikgetriebe-Ölwechsel"
"1051061005";18;11;1;6;1;1;0;100;0;0;0;1;4921;"Teilesatz, Automatikgetriebe-Ölwechsel"
"1051061006";1;1;0;0;1;1;0;100;0;0;0;1;4921;"Teilesatz, Automatikgetriebe-Ölwechsel"
"1051061011";6;6;0;0;1;1;0;100;0;0;0;1;4921;"Teilesatz, Automatikgetriebe-Ölwechsel"
"1051062011";4;3;0;1;1;1;0;100;0;0;0;1;4921;"Teilesatz, Automatikgetriebe-Ölwechsel"
"1051070001";14;9;0;5;3;3;0;100;0;0;0;1;4921;"Teilesatz, Automatikgetriebe-Ölwechsel"
"1051070002";8;4;0;4;2;2;0;100;0;0;0;1;4921;"Teilesatz, Automatikgetriebe-Ölwechsel"
"1051070005";12;9;0;3;2;2;0;100;0;0;0;1;4921;"Teilesatz, Automatikgetriebe-Ölwechsel"
"1051071005";2;2;0;0;1;1;0;100;0;0;0;1;4921;"Teilesatz, Automatikgetriebe-Ölwechsel"
"1051072005";2;2;0;0;2;2;0;100;0;0;0;1;4921;"Teilesatz, Automatikgetriebe-Ölwechsel"
"1051080001";6;4;0;2;1;1;0;100;0;0;0;1;4921;"Teilesatz, Automatikgetriebe-Ölwechsel"
"1051080004";35;25;0;10;2;1;0;50;0;0;0;1;4921;"Teilesatz, Automatikgetriebe-Ölwechsel"
"1051080010";13;10;0;3;1;1;0;100;0;0;0;1;4921;"Teilesatz, Automatikgetriebe-Ölwechsel"
"1051080011";46;32;0;14;1;1;0;100;0;0;0;1;4921;"Teilesatz, Automatikgetriebe-Ölwechsel"
"1051080012";37;26;0;11;1;1;0;100;0;0;0;1;4921;"Teilesatz, Automatikgetriebe-Ölwechsel"
"1051081004";10;4;0;6;1;1;0;100;0;0;0;1;4921;"Teilesatz, Automatikgetriebe-Ölwechsel"
"1051081009";8;6;0;2;1;1;0;100;0;0;0;1;4921;"Teilesatz, Automatikgetriebe-Ölwechsel"
"1051090001";6;6;0;0;2;1;0;50;0;0;0;1;4921;"Teilesatz, Automatikgetriebe-Ölwechsel"
"1051090003";2;1;0;1;1;1;0;100;0;0;0;1;4921;"Teilesatz, Automatikgetriebe-Ölwechsel"
"1051091001";2;2;0;0;1;1;0;100;0;0;0;1;4921;"Teilesatz, Automatikgetriebe-Ölwechsel"
"1051110012";13;12;0;1;1;1;0;100;0;0;0;1;4921;"Teilesatz, Automatikgetriebe-Ölwechsel"
"1051110014";11;9;0;2;1;1;0;100;0;0;0;1;4921;"Teilesatz, Automatikgetriebe-Ölwechsel"
"1051110018";38;28;0;10;3;2;0;66,67;0;0;0;1;4921;"Teilesatz, Automatikgetriebe-Ölwechsel"
"1051110025";2;2;0;0;1;1;0;100;0;0;0;1;4921;"Teilesatz, Automatikgetriebe-Ölwechsel"
"1051111014";5;5;0;0;1;1;0;100;0;0;0;1;4921;"Teilesatz, Automatikgetriebe-Ölwechsel"
"1051111018";11;8;0;3;1;1;0;100;0;0;0;1;4921;"Teilesatz, Automatikgetriebe-Ölwechsel"
"1051111028";1;1;0;0;1;1;0;100;0;0;0;1;4921;"Teilesatz, Automatikgetriebe-Ölwechsel"
"1051112018";2;2;0;0;2;2;0;100;0;0;0;1;4921;"Teilesatz, Automatikgetriebe-Ölwechsel"
"1051112021";1;1;0;0;1;1;0;100;0;0;0;1;4921;"Teilesatz, Automatikgetriebe-Ölwechsel"
"1051120001";18;14;0;4;1;1;0;100;0;0;0;1;4921;"Teilesatz, Automatikgetriebe-Ölwechsel"
"1051120002";8;8;0;0;2;2;0;100;0;0;0;1;4921;"Teilesatz, Automatikgetriebe-Ölwechsel"
"1051120003";19;10;4;5;1;1;0;100;0;0;0;1;4921;"Teilesatz, Automatikgetriebe-Ölwechsel"
"1051180001";13;9;0;4;1;1;0;100;0;0;0;1;4921;"Teilesatz, Automatikgetriebe-Ölwechsel"
"105390BEK";4;2;0;2;2;2;0;100;0;0;0;0;4921;"Teilesatz, Automatikgetriebe-Ölwechsel"
"105390SP";6;6;0;0;1;1;0;100;0;0;0;0;4921;"Teilesatz, Automatikgetriebe-Ölwechsel"
"1055298037";4;2;0;2;1;1;1;100;0;1;1;1;4921;"Teilesatz, Automatikgetriebe-Ölwechsel"
"105582";9;9;0;0;2;1;0;50;0;0;0;0;4921;"Teilesatz, Automatikgetriebe-Ölwechsel"
"105664";31;29;0;2;8;4;4;50;0;0;0;0;4921;"Teilesatz, Automatikgetriebe-Ölwechsel"
"105810";264;257;1;6;66;1;0;1,52;0;0;0;0;4921;"Teilesatz, Automatikgetriebe-Ölwechsel"
"1058298046";38;37;0;1;2;2;1;100;0;1;0;1;4921;"Teilesatz, Automatikgetriebe-Ölwechsel"
"1058298048";9;9;0;0;1;1;1;100;0;1;0;1;4921;"Teilesatz, Automatikgetriebe-Ölwechsel"
"1058414";4;4;0;0;2;2;2;100;0;0;0;0;4921;"Teilesatz, Automatikgetriebe-Ölwechsel"
"1058417";2;2;0;0;2;2;2;100;0;0;0;0;4921;"Teilesatz, Automatikgetriebe-Ölwechsel"
"1060298069";73;70;1;2;11;10;7;90,91;0;1;0;1;4921;"Teilesatz, Automatikgetriebe-Ölwechsel"
"1060298070";56;55;0;1;12;11;9;91,67;0;1;0;1;4921;"Teilesatz, Automatikgetriebe-Ölwechsel"
"1060298072";28;27;0;1;4;4;4;100;0;1;0;1;4921;"Teilesatz, Automatikgetriebe-Ölwechsel"
"1060298073";33;33;0;0;9;8;8;88,89;0;1;0;1;4921;"Teilesatz, Automatikgetriebe-Ölwechsel"
"1060776";5;5;0;0;1;1;1;100;0;0;0;0;4921;"Teilesatz, Automatikgetriebe-Ölwechsel"
"1061210";9;8;1;0;2;2;2;100;0;0;0;0;4921;"Teilesatz, Automatikgetriebe-Ölwechsel"
"10645015";25;25;0;0;4;4;4;100;0;0;0;0;4921;"Teilesatz, Automatikgetriebe-Ölwechsel"
"1065915";1;1;0;0;1;1;1;100;0;0;0;0;4921;"Teilesatz, Automatikgetriebe-Ölwechsel"
"10677318";4;4;0;0;1;1;0;100;0;0;0;0;4921;"Teilesatz, Automatikgetriebe-Ölwechsel"
"10677321";10;8;2;0;1;1;0;100;0;0;0;0;4921;"Teilesatz, Automatikgetriebe-Ölwechsel"
"1068298054";38;37;1;0;4;4;3;100;0;1;0;1;4921;"Teilesatz, Automatikgetriebe-Ölwechsel"
"1068298061";132;130;0;2;17;16;15;94,12;0;1;0;1;4921;"Teilesatz, Automatikgetriebe-Ölwechsel"
"1068298061ZFВЕЛИЧКО";1;1;0;0;1;1;1;100;0;0;0;0;4921;"Teilesatz, Automatikgetriebe-Ölwechsel"
"1068298062";955;949;0;6;191;188;183;98,43;0;1;0;1;4921;"Teilesatz, Automatikgetriebe-Ölwechsel"
"1068298062ZF";11;7;4;0;1;1;1;100;0;0;0;0;4921;"Teilesatz, Automatikgetriebe-Ölwechsel"
"1068298083";385;379;0;6;88;81;76;92,05;0;1;0;1;4921;"Teilesatz, Automatikgetriebe-Ölwechsel"
"1068298084";26;26;0;0;2;2;2;100;0;1;0;1;4921;"Teilesatz, Automatikgetriebe-Ölwechsel"
"1068298085";21;19;0;2;5;4;3;80;0;1;0;1;4921;"Teilesatz, Automatikgetriebe-Ölwechsel"
"106891";41;41;0;0;11;1;0;9,09;0;0;0;0;4921;"Teilesatz, Automatikgetriebe-Ölwechsel"
"10694020";2;2;0;0;1;1;0;100;0;0;0;0;4921;"Teilesatz, Automatikgetriebe-Ölwechsel"
"1069924";4;4;0;0;2;2;2;100;0;0;0;0;4921;"Teilesatz, Automatikgetriebe-Ölwechsel"
"1069925";11;11;0;0;1;1;1;100;0;0;0;0;4921;"Teilesatz, Automatikgetriebe-Ölwechsel"
"1071298027";314;308;0;6;47;47;46;100;0;1;0;1;4921;"Teilesatz, Automatikgetriebe-Ölwechsel"
"1071298027ZF";6;6;0;0;1;1;1;100;0;0;0;0;4921;"Teilesatz, Automatikgetriebe-Ölwechsel"
"1071298033";968;954;0;14;160;160;153;100;0;1;0;1;4921;"Teilesatz, Automatikgetriebe-Ölwechsel"
"1071298038";366;362;1;3;81;78;77;96,30;0;1;0;1;4921;"Teilesatz, Automatikgetriebe-Ölwechsel"
"1071298039";124;123;0;1;22;22;21;100;0;1;0;1;4921;"Teilesatz, Automatikgetriebe-Ölwechsel"
"10723940";3;3;0;0;1;1;1;100;0;0;0;0;4921;"Teilesatz, Automatikgetriebe-Ölwechsel"
"10726455";4;4;0;0;2;2;0;100;0;0;0;0;4921;"Teilesatz, Automatikgetriebe-Ölwechsel"
"10726460";5;4;1;0;1;1;0;100;0;0;0;0;4921;"Teilesatz, Automatikgetriebe-Ölwechsel"
"107342";551;543;1;7;149;2;0;1,34;0;0;1;0;4921;"Teilesatz, Automatikgetriebe-Ölwechsel"
"10735933";6;5;1;0;1;1;1;100;0;0;0;0;4921;"Teilesatz, Automatikgetriebe-Ölwechsel"
"107365393";1;1;0;0;1;1;0;100;0;0;0;0;4921;"Teilesatz, Automatikgetriebe-Ölwechsel"
"107406";65;63;0;2;11;1;0;9,09;0;0;0;0;4921;"Teilesatz, Automatikgetriebe-Ölwechsel"
"107823";492;478;1;13;125;2;0;1,60;0;0;0;0;4921;"Teilesatz, Automatikgetriebe-Ölwechsel"
"10755460";13;10;3;0;1;1;0;100;0;0;0;0;4921;"Teilesatz, Automatikgetriebe-Ölwechsel"
"1077060";1;1;0;0;1;1;1;100;0;0;0;0;4921;"Teilesatz, Automatikgetriebe-Ölwechsel"
"107826";276;270;3;3;72;1;0;1,39;0;0;1;0;4921;"Teilesatz, Automatikgetriebe-Ölwechsel"
"10800409";1;1;0;0;1;1;0;100;0;0;0;0;4921;"Teilesatz, Automatikgetriebe-Ölwechsel"
"108181";191;190;0;1;35;2;2;5,71;0;0;1;0;4921;"Teilesatz, Automatikgetriebe-Ölwechsel"
"1084298013";44;41;0;3;6;6;6;100;0;1;0;1;4921;"Teilesatz, Automatikgetriebe-Ölwechsel"
"1084298014";26;26;0;0;4;3;2;75;0;1;0;1;4921;"Teilesatz, Automatikgetriebe-Ölwechsel"
"10848143";1;1;0;0;1;1;0;100;0;0;0;0;4921;"Teilesatz, Automatikgetriebe-Ölwechsel"
"1086120809";29;7;0;22;1;1;1;100;0;1;0;1;4921;"Teilesatz, Automatikgetriebe-Ölwechsel"
"1087298348";19;16;3;0;1;1;1;100;0;0;1;0;4921;"Teilesatz, Automatikgetriebe-Ölwechsel"
"1087298360";379;367;1;11;58;56;56;96,55;0;1;0;1;4921;"Teilesatz, Automatikgetriebe-Ölwechsel"
"1087298361";333;321;7;5;102;98;95;96,08;0;1;0;1;4921;"Teilesatz, Automatikgetriebe-Ölwechsel"
"1087298362";18;14;1;3;1;1;1;100;0;1;0;1;4921;"Teilesatz, Automatikgetriebe-Ölwechsel"
"1087298363";13;11;0;2;1;1;1;100;0;1;0;1;4921;"Teilesatz, Automatikgetriebe-Ölwechsel"
"1087298364";2346;2328;0;18;684;634;627;92,69;0;1;0;1;4921;"Teilesatz, Automatikgetriebe-Ölwechsel"
"1087298364ZF";30;17;13;0;1;1;1;100;0;0;0;0;4921;"Teilesatz, Automatikgetriebe-Ölwechsel"
"1087298365";4309;4263;11;35;724;710;690;98,07;0;1;0;1;4921;"Teilesatz, Automatikgetriebe-Ölwechsel"
"1087298365ZF";42;34;8;0;4;4;4;100;0;0;0;0;4921;"Teilesatz, Automatikgetriebe-Ölwechsel"
"1087298366";12;11;0;1;1;1;1;100;0;1;0;1;4921;"Teilesatz, Automatikgetriebe-Ölwechsel"
"1087298367";20;11;0;9;2;2;2;100;0;1;0;1;4921;"Teilesatz, Automatikgetriebe-Ölwechsel"
"1087298368";247;245;0;2;62;55;54;88,71;0;1;0;1;4921;"Teilesatz, Automatikgetriebe-Ölwechsel"
"1087298368ZF";13;13;0;0;1;1;1;100;0;0;0;0;4921;"Teilesatz, Automatikgetriebe-Ölwechsel"
"1087298369";376;369;0;7;61;59;57;96,72;0;1;0;1;4921;"Teilesatz, Automatikgetriebe-Ölwechsel"
"1087298437";165;159;0;6;28;16;16;57,14;0;0;1;0;4921;"Teilesatz, Automatikgetriebe-Ölwechsel"
"1090298043";6;6;0;0;1;1;1;100;0;0;1;0;4921;"Teilesatz, Automatikgetriebe-Ölwechsel"
"1090298126";78;75;0;3;22;18;16;81,82;0;1;0;1;4921;"Teilesatz, Automatikgetriebe-Ölwechsel"
"1090298127";93;92;0;1;18;18;14;100;0;1;0;1;4921;"Teilesatz, Automatikgetriebe-Ölwechsel"
"10903060";1;1;0;0;1;1;0;100;0;0;0;0;4921;"Teilesatz, Automatikgetriebe-Ölwechsel"
"109100";247;242;0;5;53;1;0;1,89;0;0;0;0;4921;"Teilesatz, Automatikgetriebe-Ölwechsel"
"1091298066";52;51;1;0;9;8;8;88,89;0;1;0;1;4921;"Teilesatz, Automatikgetriebe-Ölwechsel"
"1091298067";39;36;2;1;6;6;6;100;0;1;0;1;4921;"Teilesatz, Automatikgetriebe-Ölwechsel"
"1091298067ZF";1;1;0;0;4;4;4;100;0;0;0;0;4921;"Teilesatz, Automatikgetriebe-Ölwechsel"
"109308";31;29;0;2;7;2;2;28,57;0;0;0;0;4921;"Teilesatz, Automatikgetriebe-Ölwechsel"
"109503800A";114;101;0;13;21;6;1;28,57;0;0;1;0;4921;"Teilesatz, Automatikgetriebe-Ölwechsel"
"109503800B";33;29;0;4;5;4;0;80;0;0;1;0;4921;"Teilesatz, Automatikgetriebe-Ölwechsel"
"1102298020";46;38;0;8;6;6;6;100;0;1;0;1;4921;"Teilesatz, Automatikgetriebe-Ölwechsel"
"1102298018";98;93;0;5;6;6;6;100;0;1;0;1;4921;"Teilesatz, Automatikgetriebe-Ölwechsel"
"1102298019";217;208;1;8;24;24;22;100;0;1;0;1;4921;"Teilesatz, Automatikgetriebe-Ölwechsel"
"1102298021";36;26;0;10;3;3;3;100;0;1;0;1;4921;"Teilesatz, Automatikgetriebe-Ölwechsel"
"1102298124";10;7;0;3;1;1;1;100;0;1;0;1;4921;"Teilesatz, Automatikgetriebe-Ölwechsel"
"1103298006";438;433;0;5;97;94;92;96,91;0;1;0;1;4921;"Teilesatz, Automatikgetriebe-Ölwechsel"
"1103298007";348;342;0;6;48;48;42;100;0;1;0;1;4921;"Teilesatz, Automatikgetriebe-Ölwechsel"
"1103298007Ž";1;1;0;0;1;1;1;100;0;0;0;0;4921;"Teilesatz, Automatikgetriebe-Ölwechsel"
"1103298112";398;391;3;4;34;24;24;70,59;0;1;0;1;4921;"Teilesatz, Automatikgetriebe-Ölwechsel"
"1103298113";499;493;2;4;48;41;40;85,42;0;1;0;1;4921;"Teilesatz, Automatikgetriebe-Ölwechsel"
"1103298119";69;28;18;23;8;1;1;12,50;0;0;0;0;4921;"Teilesatz, Automatikgetriebe-Ölwechsel"
"1104298050";75;68;2;5;4;3;3;75;0;1;0;1;4921;"Teilesatz, Automatikgetriebe-Ölwechsel"
"1104298050ZF";3;3;0;0;1;1;1;100;0;0;0;0;4921;"Teilesatz, Automatikgetriebe-Ölwechsel"
"1104298051";35;29;1;5;1;1;1;100;0;1;0;1;4921;"Teilesatz, Automatikgetriebe-Ölwechsel"
"1104298054";59;25;0;34;3;3;3;100;0;1;0;1;4921;"Teilesatz, Automatikgetriebe-Ölwechsel"
"1104298055";55;43;0;12;1;1;1;100;0;1;0;1;4921;"Teilesatz, Automatikgetriebe-Ölwechsel"
"1104298059";25;19;0;6;2;1;1;50;0;0;1;0;4921;"Teilesatz, Automatikgetriebe-Ölwechsel"
"1109298030";184;169;1;14;11;10;10;90,91;0;1;0;1;4921;"Teilesatz, Automatikgetriebe-Ölwechsel"
"1109070";4;3;1;0;1;1;0;100;0;0;0;0;4921;"Teilesatz, Automatikgetriebe-Ölwechsel"
"1109298031";137;129;1;7;15;15;15;100;0;1;0;1;4921;"Teilesatz, Automatikgetriebe-Ölwechsel"
"1111298031";522;433;10;79;56;56;53;100;0;1;0;1;4921;"Teilesatz, Automatikgetriebe-Ölwechsel"
"1111298032";431;405;4;22;41;41;41;100;0;1;0;1;4921;"Teilesatz, Automatikgetriebe-Ölwechsel"
"11130201";2;2;0;0;1;1;1;100;0;0;0;0;4921;"Teilesatz, Automatikgetriebe-Ölwechsel"
"11141350001";27;17;2;8;6;6;0;100;0;0;0;1;4921;"Teilesatz, Automatikgetriebe-Ölwechsel"
"11141350002";66;60;0;6;5;5;0;100;0;0;0;1;4921;"Teilesatz, Automatikgetriebe-Ölwechsel"
"11186463";37;37;0;0;5;5;0;100;0;0;0;0;4921;"Teilesatz, Automatikgetriebe-Ölwechsel"
"11172322";58;56;2;0;3;3;3;100;0;0;0;0;4921;"Teilesatz, Automatikgetriebe-Ölwechsel"
"11176992";3;3;0;0;2;2;2;100;0;0;0;0;4921;"Teilesatz, Automatikgetriebe-Ölwechsel"
"11187143";7;7;0;0;1;1;0;100;0;0;0;0;4921;"Teilesatz, Automatikgetriebe-Ölwechsel"
"11210845";10;10;0;0;1;1;0;100;0;0;0;0;4921;"Teilesatz, Automatikgetriebe-Ölwechsel"
"11255237";13;13;0;0;1;1;0;100;0;0;0;0;4921;"Teilesatz, Automatikgetriebe-Ölwechsel"
"1126298159";23;7;0;16;1;1;1;100;0;1;0;1;4921;"Teilesatz, Automatikgetriebe-Ölwechsel"
"11446433";29;29;0;0;1;1;0;100;0;0;0;0;4921;"Teilesatz, Automatikgetriebe-Ölwechsel"
"11391125";7;6;1;0;1;1;1;100;0;0;0;0;4921;"Teilesatz, Automatikgetriebe-Ölwechsel"
"11430527";4;4;0;0;1;1;0;100;0;0;0;0;4921;"Teilesatz, Automatikgetriebe-Ölwechsel"
"11445285";1;1;0;0;1;1;0;100;0;0;0;0;4921;"Teilesatz, Automatikgetriebe-Ölwechsel"
"11446435";6;6;0;0;1;1;0;100;0;0;0;0;4921;"Teilesatz, Automatikgetriebe-Ölwechsel"
"11446461";9;9;0;0;2;2;0;100;0;0;0;0;4921;"Teilesatz, Automatikgetriebe-Ölwechsel"
"11446471";7;7;0;0;2;2;0;100;0;0;0;0;4921;"Teilesatz, Automatikgetriebe-Ölwechsel"
"11446472";2;2;0;0;1;1;0;100;0;0;0;0;4921;"Teilesatz, Automatikgetriebe-Ölwechsel"
"11446490";5;3;2;0;1;1;0;100;0;0;0;0;4921;"Teilesatz, Automatikgetriebe-Ölwechsel"
"11446496";2;2;0;0;1;1;0;100;0;0;0;0;4921;"Teilesatz, Automatikgetriebe-Ölwechsel"
"11614850";7;7;0;0;1;1;0;100;0;0;0;0;4921;"Teilesatz, Automatikgetriebe-Ölwechsel"
"11554581";1;1;0;0;1;1;1;100;0;0;0;0;4921;"Teilesatz, Automatikgetriebe-Ölwechsel"
"11560172";4;4;0;0;2;2;0;100;0;0;0;0;4921;"Teilesatz, Automatikgetriebe-Ölwechsel"
"1161540";592;564;3;25;91;4;0;4,40;0;0;0;0;4921;"Teilesatz, Automatikgetriebe-Ölwechsel"
"11634818";1;1;0;0;1;1;0;100;0;0;0;0;4921;"Teilesatz, Automatikgetriebe-Ölwechsel"
"11635704";17;17;0;0;1;1;0;100;0;0;0;0;4921;"Teilesatz, Automatikgetriebe-Ölwechsel"
"11635706";83;83;0;0;2;2;0;100;0;0;0;0;4921;"Teilesatz, Automatikgetriebe-Ölwechsel"
"1185605";2;2;0;0;2;2;0;100;0;0;0;0;4921;"Teilesatz, Automatikgetriebe-Ölwechsel"
"11792559";3;3;0;0;1;1;0;100;0;0;0;0;4921;"Teilesatz, Automatikgetriebe-Ölwechsel"
"11798774";4;4;0;0;1;1;0;100;0;0;0;0;4921;"Teilesatz, Automatikgetriebe-Ölwechsel"
"1190127";1;1;0;0;1;1;0;100;0;0;0;0;4921;"Teilesatz, Automatikgetriebe-Ölwechsel"
"1196445";2;2;0;0;1;1;0;100;0;0;0;0;4921;"Teilesatz, Automatikgetriebe-Ölwechsel"
"1262770295";161;150;1;10;33;3;0;9,09;0;0;0;0;4921;"Teilesatz, Automatikgetriebe-Ölwechsel"
"123079";20;20;0;0;2;1;1;50;0;0;0;0;4921;"Teilesatz, Automatikgetriebe-Ölwechsel"
"1262711080";61;53;0;8;13;4;0;30,77;0;0;0;0;4921;"Teilesatz, Automatikgetriebe-Ölwechsel"
"1292770095";10;9;0;1;1;1;0;100;0;0;0;0;4921;"Teilesatz, Automatikgetriebe-Ölwechsel"
"1301700069";9;5;0;4;1;1;0;100;0;0;0;1;4921;"Teilesatz, Automatikgetriebe-Ölwechsel"
"1321V103220XXL";2;2;0;0;1;1;0;100;0;0;0;0;4921;"Teilesatz, Automatikgetriebe-Ölwechsel"
"1321V103025";7;6;1;0;4;4;0;100;0;0;0;0;4921;"Teilesatz, Automatikgetriebe-Ölwechsel"
"1321V103220";5;5;0;0;2;2;0;100;0;0;0;0;4921;"Teilesatz, Automatikgetriebe-Ölwechsel"
"1321V103223";4;4;0;0;1;1;0;100;0;0;0;0;4921;"Teilesatz, Automatikgetriebe-Ölwechsel"
"1321V104991";11;11;0;0;2;2;0;100;0;0;0;0;4921;"Teilesatz, Automatikgetriebe-Ölwechsel"
"1321V105390";8;8;0;0;2;2;0;100;0;0;0;0;4921;"Teilesatz, Automatikgetriebe-Ölwechsel"
"1321V105541";2;2;0;0;1;1;0;100;0;0;0;0;4921;"Teilesatz, Automatikgetriebe-Ölwechsel"
"1321V252987";1;1;0;0;1;1;0;100;0;0;0;0;4921;"Teilesatz, Automatikgetriebe-Ölwechsel"
"1321V302253";2;2;0;0;1;1;0;100;0;0;0;0;4921;"Teilesatz, Automatikgetriebe-Ölwechsel"
"1321V302256";2;2;0;0;1;1;0;100;0;0;0;0;4921;"Teilesatz, Automatikgetriebe-Ölwechsel"
"1321V302256XXL";4;3;1;0;1;1;0;100;0;0;0;0;4921;"Teilesatz, Automatikgetriebe-Ölwechsel"
"1321V302257";4;2;2;0;1;1;0;100;0;0;0;0;4921;"Teilesatz, Automatikgetriebe-Ölwechsel"
"1321V302377";4;3;1;0;2;2;0;100;0;0;0;0;4921;"Teilesatz, Automatikgetriebe-Ölwechsel"
"1321V380511";2;2;0;0;1;1;0;100;0;0;0;0;4921;"Teilesatz, Automatikgetriebe-Ölwechsel"
"1321V450189";1;1;0;0;1;1;0;100;0;0;0;0;4921;"Teilesatz, Automatikgetriebe-Ölwechsel"
"13365388";2;2;0;0;1;1;0;100;0;0;0;0;4921;"Teilesatz, Automatikgetriebe-Ölwechsel"
"1402701161";180;174;1;5;31;1;0;3,23;0;0;0;0;4921;"Teilesatz, Automatikgetriebe-Ölwechsel"
"135007830341";1;1;0;0;1;1;1;100;0;0;0;0;4921;"Teilesatz, Automatikgetriebe-Ölwechsel"
"1390298004";5;3;0;2;1;1;1;100;0;1;0;1;4921;"Teilesatz, Automatikgetriebe-Ölwechsel"
"139546";26;16;2;8;2;2;2;100;0;0;0;0;4921;"Teilesatz, Automatikgetriebe-Ölwechsel"
"1402710060";63;57;1;5;10;3;2;30;0;0;1;0;4921;"Teilesatz, Automatikgetriebe-Ölwechsel"
"1402710080";161;153;1;7;27;5;2;18,52;0;0;1;0;4921;"Teilesatz, Automatikgetriebe-Ölwechsel"
"1402770095";653;631;1;21;166;36;10;21,69;0;0;1;0;4921;"Teilesatz, Automatikgetriebe-Ölwechsel"
"141481";6;6;0;0;3;3;3;100;0;0;0;0;4921;"Teilesatz, Automatikgetriebe-Ölwechsel"
"1423376";5;3;0;2;3;2;0;66,67;0;0;0;0;4921;"Teilesatz, Automatikgetriebe-Ölwechsel"
"1456858";4;0;1;3;1;1;0;100;0;0;0;0;4921;"Teilesatz, Automatikgetriebe-Ölwechsel"
"14598344";2;2;0;0;1;1;0;100;0;0;0;0;4921;"Teilesatz, Automatikgetriebe-Ölwechsel"
"150284";30;30;0;0;7;2;0;28,57;0;0;0;0;4921;"Teilesatz, Automatikgetriebe-Ölwechsel"
"150282";22;21;0;1;5;4;0;80;0;0;0;0;4921;"Teilesatz, Automatikgetriebe-Ölwechsel"
"150283";14;14;0;0;4;4;0;100;0;0;0;0;4921;"Teilesatz, Automatikgetriebe-Ölwechsel"
"150285";39;39;0;0;13;8;0;61,54;0;0;0;0;4921;"Teilesatz, Automatikgetriebe-Ölwechsel"
"150286";16;16;0;0;5;3;0;60;0;0;0;0;4921;"Teilesatz, Automatikgetriebe-Ölwechsel"
"152045";12;11;0;1;2;2;0;100;0;0;0;0;4921;"Teilesatz, Automatikgetriebe-Ölwechsel"
"152004740R";410;393;1;16;87;10;0;11,49;0;0;0;0;4921;"Teilesatz, Automatikgetriebe-Ölwechsel"
"152044";18;17;0;1;7;5;0;71,43;0;0;0;0;4921;"Teilesatz, Automatikgetriebe-Ölwechsel"
"152049";8;8;0;0;1;1;0;100;0;0;0;0;4921;"Teilesatz, Automatikgetriebe-Ölwechsel"
"152061";8;8;0;0;1;1;0;100;0;0;0;0;4921;"Teilesatz, Automatikgetriebe-Ölwechsel"
"15208HG00J";24;19;0;5;3;1;1;33,33;0;0;1;0;4921;"Teilesatz, Automatikgetriebe-Ölwechsel"
"1564960";150;145;1;4;29;8;0;27,59;0;0;0;0;4921;"Teilesatz, Automatikgetriebe-Ölwechsel"
"1548838";1;1;0;0;1;1;0;100;0;0;0;0;4921;"Teilesatz, Automatikgetriebe-Ölwechsel"
"154984";39;32;2;5;14;10;0;71,43;0;0;0;0;4921;"Teilesatz, Automatikgetriebe-Ölwechsel"
"157262";18;18;0;0;3;1;0;33,33;0;0;0;0;4921;"Teilesatz, Automatikgetriebe-Ölwechsel"
"157271";6;6;0;0;1;1;0;100;0;0;0;0;4921;"Teilesatz, Automatikgetriebe-Ölwechsel"
"15842854";1;1;0;0;1;1;0;100;0;0;0;0;4921;"Teilesatz, Automatikgetriebe-Ölwechsel"
"1589089";2648;2583;12;53;809;155;16;19,16;0;0;1;0;4921;"Teilesatz, Automatikgetriebe-Ölwechsel"
"159062";5;5;0;0;2;2;0;100;0;0;0;0;4921;"Teilesatz, Automatikgetriebe-Ölwechsel"
"16050141350305XK";2;2;0;0;1;1;0;100;0;0;0;0;4921;"Teilesatz, Automatikgetriebe-Ölwechsel"
"16050141350201";1;1;0;0;1;1;0;100;0;0;0;0;4921;"Teilesatz, Automatikgetriebe-Ölwechsel"
"16050141350214";1;1;0;0;1;1;0;100;0;0;0;0;4921;"Teilesatz, Automatikgetriebe-Ölwechsel"
"16051001350003";1;1;0;0;1;1;0;100;0;0;0;0;4921;"Teilesatz, Automatikgetriebe-Ölwechsel"
"16051001350114";2;2;0;0;1;1;0;100;0;0;0;0;4921;"Teilesatz, Automatikgetriebe-Ölwechsel"
"160733";11;11;0;0;2;2;0;100;0;0;0;0;4921;"Teilesatz, Automatikgetriebe-Ölwechsel"
"1660171772";2;2;0;0;1;1;0;100;0;0;0;0;4921;"Teilesatz, Automatikgetriebe-Ölwechsel"
"161888250B";39;37;0;2;5;2;0;40;0;0;1;0;4921;"Teilesatz, Automatikgetriebe-Ölwechsel"
"1635056080";1937;1725;9;203;138;14;0;10,14;0;0;0;0;4921;"Teilesatz, Automatikgetriebe-Ölwechsel"
"1660188364";1;1;0;0;1;1;0;100;0;0;0;0;4921;"Teilesatz, Automatikgetriebe-Ölwechsel"
"1672490";1;1;0;0;1;1;0;100;0;0;0;0;4921;"Teilesatz, Automatikgetriebe-Ölwechsel"
"167608";5;3;0;2;2;2;2;100;0;0;0;0;4921;"Teilesatz, Automatikgetriebe-Ölwechsel"
"167609";2;2;0;0;1;1;1;100;0;0;0;0;4921;"Teilesatz, Automatikgetriebe-Ölwechsel"
"167610";3;3;0;0;1;1;1;100;0;0;0;0;4921;"Teilesatz, Automatikgetriebe-Ölwechsel"
"1683770395";28;27;0;1;2;1;0;50;0;0;0;0;4921;"Teilesatz, Automatikgetriebe-Ölwechsel"
"1693710480";45;44;1;0;4;1;0;25;0;0;1;0;4921;"Teilesatz, Automatikgetriebe-Ölwechsel"
"1693771395";84;84;0;0;13;2;0;15,38;0;0;1;0;4921;"Teilesatz, Automatikgetriebe-Ölwechsel"
"169391";8;8;0;0;3;3;3;100;0;0;0;0;4921;"Teilesatz, Automatikgetriebe-Ölwechsel"
"171347";400;398;0;2;143;1;0;0,70;0;0;0;0;4921;"Teilesatz, Automatikgetriebe-Ölwechsel"
"171138";253;248;0;5;63;4;1;6,35;0;0;1;0;4921;"Teilesatz, Automatikgetriebe-Ölwechsel"
"171195";198;194;2;2;56;1;0;1,79;0;0;0;0;4921;"Teilesatz, Automatikgetriebe-Ölwechsel"
"171616";127;124;1;2;12;1;0;8,33;0;0;0;0;4921;"Teilesatz, Automatikgetriebe-Ölwechsel"
"171618";617;596;0;21;117;18;13;15,38;0;0;1;0;4921;"Teilesatz, Automatikgetriebe-Ölwechsel"
"171748";1118;1105;2;11;218;207;0;94,95;0;0;0;1;4921;"Teilesatz, Automatikgetriebe-Ölwechsel"
"171748FE";18;18;0;0;1;1;0;100;0;0;0;0;4921;"Teilesatz, Automatikgetriebe-Ölwechsel"
"171748FEBI";6;2;4;0;1;1;0;100;0;0;0;0;4921;"Teilesatz, Automatikgetriebe-Ölwechsel"
"171750";512;499;1;12;112;110;0;98,21;0;0;1;1;4921;"Teilesatz, Automatikgetriebe-Ölwechsel"
"171750FE";7;7;0;0;1;1;0;100;0;0;0;0;4921;"Teilesatz, Automatikgetriebe-Ölwechsel"
"171752";250;238;0;12;48;44;4;91,67;0;0;0;1;4921;"Teilesatz, Automatikgetriebe-Ölwechsel"
"171754";260;253;0;7;53;42;2;79,25;0;0;0;1;4921;"Teilesatz, Automatikgetriebe-Ölwechsel"
"171762";1497;1473;6;18;300;294;2;98;0;0;1;1;4921;"Teilesatz, Automatikgetriebe-Ölwechsel"
"171762FE";13;13;0;0;4;4;0;100;0;0;0;0;4921;"Teilesatz, Automatikgetriebe-Ölwechsel"
"171762FEBI";14;12;2;0;1;1;0;100;0;0;0;0;4921;"Teilesatz, Automatikgetriebe-Ölwechsel"
"171767";219;216;1;2;50;46;0;92;0;0;0;1;4921;"Teilesatz, Automatikgetriebe-Ölwechsel"
"171769";154;153;0;1;27;17;0;62,96;0;0;1;1;4921;"Teilesatz, Automatikgetriebe-Ölwechsel"
"171772";591;582;5;4;119;114;1;95,80;0;0;1;1;4921;"Teilesatz, Automatikgetriebe-Ölwechsel"
"171772FE";4;4;0;0;1;1;0;100;0;0;0;0;4921;"Teilesatz, Automatikgetriebe-Ölwechsel"
"171774";103;101;0;2;11;7;1;63,64;0;0;0;1;4921;"Teilesatz, Automatikgetriebe-Ölwechsel"
"171776";111;105;0;6;23;23;0;100;0;0;0;1;4921;"Teilesatz, Automatikgetriebe-Ölwechsel"
"171783";600;586;1;13;106;105;0;99,06;0;0;0;1;4921;"Teilesatz, Automatikgetriebe-Ölwechsel"
"171785";869;832;4;33;168;161;0;95,83;0;0;0;1;4921;"Teilesatz, Automatikgetriebe-Ölwechsel"
"171785FE";10;9;1;0;1;1;0;100;0;0;0;0;4921;"Teilesatz, Automatikgetriebe-Ölwechsel"
"171871";1083;990;8;85;193;6;0;3,11;0;0;0;0;4921;"Teilesatz, Automatikgetriebe-Ölwechsel"
"1734244";9;9;0;0;1;1;0;100;0;0;0;0;4921;"Teilesatz, Automatikgetriebe-Ölwechsel"
"1723845";1;1;0;0;1;1;0;100;0;0;0;0;4921;"Teilesatz, Automatikgetriebe-Ölwechsel"
"175367";105;101;1;3;21;1;0;4,76;0;0;0;0;4921;"Teilesatz, Automatikgetriebe-Ölwechsel"
"175369";663;647;0;16;119;4;0;3,36;0;0;0;0;4921;"Teilesatz, Automatikgetriebe-Ölwechsel"
"175863";10;9;0;1;2;2;0;100;0;0;0;0;4921;"Teilesatz, Automatikgetriebe-Ölwechsel"
"176856";117;115;1;1;18;13;0;72,22;0;0;0;1;4921;"Teilesatz, Automatikgetriebe-Ölwechsel"
"1767616";189;94;4;91;3;1;0;33,33;0;0;0;0;4921;"Teilesatz, Automatikgetriebe-Ölwechsel"
"176814";56;55;0;1;8;8;0;100;0;0;0;1;4921;"Teilesatz, Automatikgetriebe-Ölwechsel"
"176857";557;549;0;8;64;53;15;82,81;0;0;1;1;4921;"Teilesatz, Automatikgetriebe-Ölwechsel"
"176857FEBI";4;4;0;0;1;1;0;100;0;0;0;0;4921;"Teilesatz, Automatikgetriebe-Ölwechsel"
"176859";65;62;0;3;7;3;0;42,86;0;0;0;1;4921;"Teilesatz, Automatikgetriebe-Ölwechsel"
"176860";49;48;0;1;3;1;0;33,33;0;0;0;1;4921;"Teilesatz, Automatikgetriebe-Ölwechsel"
"176873";51;46;0;5;10;10;0;100;0;0;0;1;4921;"Teilesatz, Automatikgetriebe-Ölwechsel"
"176874";48;47;0;1;7;7;0;100;0;0;0;1;4921;"Teilesatz, Automatikgetriebe-Ölwechsel"
"176875";38;35;0;3;5;5;0;100;0;0;0;1;4921;"Teilesatz, Automatikgetriebe-Ölwechsel"
"176875FEB";1;1;0;0;1;1;0;100;0;0;0;0;4921;"Teilesatz, Automatikgetriebe-Ölwechsel"
"176876";44;43;0;1;2;2;0;100;0;0;1;1;4921;"Teilesatz, Automatikgetriebe-Ölwechsel"
"176877";572;559;1;12;122;120;1;98,36;0;0;1;1;4921;"Teilesatz, Automatikgetriebe-Ölwechsel"
"176878";242;232;1;9;26;24;0;92,31;0;0;1;1;4921;"Teilesatz, Automatikgetriebe-Ölwechsel"
"176879";24;22;0;2;1;1;0;100;0;0;0;1;4921;"Teilesatz, Automatikgetriebe-Ölwechsel"
"176884";31;30;0;1;6;2;0;33,33;0;0;0;0;4921;"Teilesatz, Automatikgetriebe-Ölwechsel"
"176891";33;33;0;0;5;5;0;100;0;0;0;1;4921;"Teilesatz, Automatikgetriebe-Ölwechsel"
"176892";469;436;2;31;50;48;2;96;0;0;1;1;4921;"Teilesatz, Automatikgetriebe-Ölwechsel"
"176893";19;18;0;1;1;1;0;100;0;0;0;1;4921;"Teilesatz, Automatikgetriebe-Ölwechsel"
"176894";16;16;0;0;1;1;0;100;0;0;1;1;4921;"Teilesatz, Automatikgetriebe-Ölwechsel"
"176895";24;24;0;0;1;1;0;100;0;0;1;1;4921;"Teilesatz, Automatikgetriebe-Ölwechsel"
"176896";49;48;0;1;2;1;0;50;0;0;1;1;4921;"Teilesatz, Automatikgetriebe-Ölwechsel"
"176897";67;61;1;5;5;3;0;60;0;0;0;1;4921;"Teilesatz, Automatikgetriebe-Ölwechsel"
"176899";34;34;0;0;13;1;0;7,69;0;0;0;1;4921;"Teilesatz, Automatikgetriebe-Ölwechsel"
"177913";11;11;0;0;3;1;0;33,33;0;0;0;0;4921;"Teilesatz, Automatikgetriebe-Ölwechsel"
"178421";104;101;0;3;10;2;0;20;0;0;0;0;4921;"Teilesatz, Automatikgetriebe-Ölwechsel"
"179308";29;24;0;5;2;1;0;50;0;0;1;0;4921;"Teilesatz, Automatikgetriebe-Ölwechsel"
"179355";34;31;1;2;3;3;1;100;0;0;0;1;4921;"Teilesatz, Automatikgetriebe-Ölwechsel"
"180604";648;636;0;12;83;4;0;4,82;0;0;0;0;4921;"Teilesatz, Automatikgetriebe-Ölwechsel"
"18141350100";20;13;0;7;2;2;0;100;0;0;0;1;4921;"Teilesatz, Automatikgetriebe-Ölwechsel"
"18141350200";54;48;0;6;8;8;0;100;0;0;0;1;4921;"Teilesatz, Automatikgetriebe-Ölwechsel"
"18141350200SK";48;43;0;5;11;10;0;90,91;0;0;0;1;4921;"Teilesatz, Automatikgetriebe-Ölwechsel"
"181722";601;600;0;1;96;8;1;8,33;0;0;1;0;4921;"Teilesatz, Automatikgetriebe-Ölwechsel"
"181722FE";7;7;0;0;1;1;0;100;0;0;0;0;4921;"Teilesatz, Automatikgetriebe-Ölwechsel"
"183413";1096;983;3;110;128;3;0;2,34;0;0;0;0;4921;"Teilesatz, Automatikgetriebe-Ölwechsel"
"182136";249;243;0;6;38;1;0;2,63;0;0;0;0;4921;"Teilesatz, Automatikgetriebe-Ölwechsel"
"182241";154;149;0;5;11;2;0;18,18;0;0;0;0;4921;"Teilesatz, Automatikgetriebe-Ölwechsel"
"185354";157;145;3;9;15;1;0;6,67;0;0;0;0;4921;"Teilesatz, Automatikgetriebe-Ölwechsel"
"188362";539;522;5;12;64;59;0;92,19;0;0;0;1;4921;"Teilesatz, Automatikgetriebe-Ölwechsel"
"188324";563;540;6;17;26;24;0;92,31;0;0;0;1;4921;"Teilesatz, Automatikgetriebe-Ölwechsel"
"188328";126;96;3;27;11;11;0;100;0;0;0;1;4921;"Teilesatz, Automatikgetriebe-Ölwechsel"
"188364";864;849;2;13;115;110;0;95,65;0;0;0;1;4921;"Teilesatz, Automatikgetriebe-Ölwechsel"
"188364FE";17;17;0;0;7;7;0;100;0;0;0;0;4921;"Teilesatz, Automatikgetriebe-Ölwechsel"
"188456";32;31;0;1;4;4;0;100;0;0;0;1;4921;"Teilesatz, Automatikgetriebe-Ölwechsel"
"194020";309;300;0;9;73;1;0;1,37;0;0;0;0;4921;"Teilesatz, Automatikgetriebe-Ölwechsel"
"1940773";224;215;1;8;24;2;0;8,33;0;0;0;0;4921;"Teilesatz, Automatikgetriebe-Ölwechsel"
"194226";102;93;0;9;8;1;0;12,50;0;0;0;0;4921;"Teilesatz, Automatikgetriebe-Ölwechsel"
"200298369";2;2;0;0;2;2;0;100;0;0;0;0;4921;"Teilesatz, Automatikgetriebe-Ölwechsel"
"200298363";2;2;0;0;1;1;0;100;0;0;0;0;4921;"Teilesatz, Automatikgetriebe-Ölwechsel"
"200298368";17;17;0;0;5;5;0;100;0;0;0;0;4921;"Teilesatz, Automatikgetriebe-Ölwechsel"
"200327089";2;2;0;0;1;1;0;100;0;0;0;0;4921;"Teilesatz, Automatikgetriebe-Ölwechsel"
"200397666";10;10;0;0;4;4;0;100;0;0;0;0;4921;"Teilesatz, Automatikgetriebe-Ölwechsel"
"200401088";2;2;0;0;1;1;1;100;0;0;0;0;4921;"Teilesatz, Automatikgetriebe-Ölwechsel"
"200401206";3;3;0;0;1;1;1;100;0;0;0;0;4921;"Teilesatz, Automatikgetriebe-Ölwechsel"
"200401219";8;8;0;0;2;2;2;100;0;0;0;0;4921;"Teilesatz, Automatikgetriebe-Ölwechsel"
"200401286";1;1;0;0;1;1;1;100;0;0;0;0;4921;"Teilesatz, Automatikgetriebe-Ölwechsel"
"200401288";7;6;1;0;3;3;3;100;0;0;0;0;4921;"Teilesatz, Automatikgetriebe-Ölwechsel"
"200401310";15;15;0;0;6;6;6;100;0;0;0;0;4921;"Teilesatz, Automatikgetriebe-Ölwechsel"
"200437503";13;13;0;0;4;4;0;100;0;0;0;0;4921;"Teilesatz, Automatikgetriebe-Ölwechsel"
"200441979";3;3;0;0;1;1;0;100;0;0;0;0;4921;"Teilesatz, Automatikgetriebe-Ölwechsel"
"200463369";1;1;0;0;1;1;0;100;0;0;0;0;4921;"Teilesatz, Automatikgetriebe-Ölwechsel"
"200478100";1;1;0;0;1;1;0;100;0;0;0;0;4921;"Teilesatz, Automatikgetriebe-Ölwechsel"
"200479782";5;5;0;0;1;1;0;100;0;0;0;0;4921;"Teilesatz, Automatikgetriebe-Ölwechsel"
"200617095";1;1;0;0;1;1;0;100;0;0;0;0;4921;"Teilesatz, Automatikgetriebe-Ölwechsel"
"200630337";2;2;0;0;1;1;1;100;0;0;0;0;4921;"Teilesatz, Automatikgetriebe-Ölwechsel"
"200630367";3;3;0;0;1;1;1;100;0;0;0;0;4921;"Teilesatz, Automatikgetriebe-Ölwechsel"
"200640319";3;3;0;0;1;1;0;100;0;0;0;0;4921;"Teilesatz, Automatikgetriebe-Ölwechsel"
"200666479";9;9;0;0;2;2;0;100;0;0;0;0;4921;"Teilesatz, Automatikgetriebe-Ölwechsel"
"200733477";1;1;0;0;1;1;0;100;0;0;0;0;4921;"Teilesatz, Automatikgetriebe-Ölwechsel"
"200700819";5;5;0;0;2;2;0;100;0;0;0;0;4921;"Teilesatz, Automatikgetriebe-Ölwechsel"
"200727033";11;11;0;0;3;3;0;100;0;0;0;0;4921;"Teilesatz, Automatikgetriebe-Ölwechsel"
"200735086";1;1;0;0;2;2;0;100;0;0;0;0;4921;"Teilesatz, Automatikgetriebe-Ölwechsel"
"200735109";14;14;0;0;2;2;0;100;0;0;0;0;4921;"Teilesatz, Automatikgetriebe-Ölwechsel"
"200735162";2;2;0;0;1;1;0;100;0;0;0;0;4921;"Teilesatz, Automatikgetriebe-Ölwechsel"
"200740930";20;20;0;0;3;3;0;100;0;0;0;0;4921;"Teilesatz, Automatikgetriebe-Ölwechsel"
"200742755";29;29;0;0;10;10;0;100;0;0;0;0;4921;"Teilesatz, Automatikgetriebe-Ölwechsel"
"200766937";2;2;0;0;1;1;0;100;0;0;0;0;4921;"Teilesatz, Automatikgetriebe-Ölwechsel"
"200772210";3;3;0;0;1;1;1;100;0;0;0;0;4921;"Teilesatz, Automatikgetriebe-Ölwechsel"
"200794630";8;8;0;0;1;1;0;100;0;0;0;0;4921;"Teilesatz, Automatikgetriebe-Ölwechsel"
"200834250";14;14;0;0;3;3;0;100;0;0;0;0;4921;"Teilesatz, Automatikgetriebe-Ölwechsel"
"200834256";1;1;0;0;1;1;0;100;0;0;0;0;4921;"Teilesatz, Automatikgetriebe-Ölwechsel"
"200834297";2;2;0;0;2;2;0;100;0;0;0;0;4921;"Teilesatz, Automatikgetriebe-Ölwechsel"
"200834312";8;8;0;0;3;3;0;100;0;0;0;0;4921;"Teilesatz, Automatikgetriebe-Ölwechsel"
"200834902";10;10;0;0;4;1;0;25;0;0;0;0;4921;"Teilesatz, Automatikgetriebe-Ölwechsel"
"200834905";6;6;0;0;1;1;0;100;0;0;0;0;4921;"Teilesatz, Automatikgetriebe-Ölwechsel"
"200888181";1;1;0;0;1;1;0;100;0;0;0;0;4921;"Teilesatz, Automatikgetriebe-Ölwechsel"
"200888197";5;5;0;0;1;1;0;100;0;0;0;0;4921;"Teilesatz, Automatikgetriebe-Ölwechsel"
"2141350100";153;131;3;19;33;33;5;100;0;0;1;1;4921;"Teilesatz, Automatikgetriebe-Ölwechsel"
"203510";78;78;0;0;9;1;0;11,11;0;0;0;0;4921;"Teilesatz, Automatikgetriebe-Ölwechsel"
"205967";4;4;0;0;1;1;1;100;0;0;0;0;4921;"Teilesatz, Automatikgetriebe-Ölwechsel"
"20870";10;10;0;0;3;2;2;66,67;0;0;0;0;4921;"Teilesatz, Automatikgetriebe-Ölwechsel"
"20872";10;10;0;0;3;3;3;100;0;0;0;0;4921;"Teilesatz, Automatikgetriebe-Ölwechsel"
"21392323";1;1;0;0;1;1;1;100;0;0;0;0;4921;"Teilesatz, Automatikgetriebe-Ölwechsel"
"21392331";1;1;0;0;1;1;1;100;0;0;0;0;4921;"Teilesatz, Automatikgetriebe-Ölwechsel"
"2141350100SK";30;26;0;4;5;5;1;100;0;0;1;1;4921;"Teilesatz, Automatikgetriebe-Ölwechsel"
"2179795";77;69;0;8;9;2;0;22,22;0;0;0;0;4921;"Teilesatz, Automatikgetriebe-Ölwechsel"
"21738";967;957;3;7;490;2;0;0,41;0;0;0;0;4921;"Teilesatz, Automatikgetriebe-Ölwechsel"
"2202770095S1";3;3;0;0;3;3;0;100;0;0;0;0;4921;"Teilesatz, Automatikgetriebe-Ölwechsel"
"2202710180";63;63;0;0;5;1;1;20;0;0;1;0;4921;"Teilesatz, Automatikgetriebe-Ölwechsel"
"2202710380";181;175;0;6;24;2;2;8,33;0;0;1;0;4921;"Teilesatz, Automatikgetriebe-Ölwechsel"
"220940";147;143;0;4;29;2;0;6,90;0;0;0;0;4921;"Teilesatz, Automatikgetriebe-Ölwechsel"
"2212770000";27;26;0;1;4;2;2;50;0;0;0;0;4921;"Teilesatz, Automatikgetriebe-Ölwechsel"
"2212770100";433;383;2;48;63;28;8;44,44;0;0;0;0;4921;"Teilesatz, Automatikgetriebe-Ölwechsel"
"2212770195";93;86;0;7;11;4;2;36,36;0;0;1;0;4921;"Teilesatz, Automatikgetriebe-Ölwechsel"
"2212770200";278;263;2;13;36;12;3;33,33;0;0;1;0;4921;"Teilesatz, Automatikgetriebe-Ölwechsel"
"2222772000";240;216;1;23;37;20;6;54,05;0;0;0;0;4921;"Teilesatz, Automatikgetriebe-Ölwechsel"
"2222772800";376;346;1;29;74;15;7;20,27;0;0;0;0;4921;"Teilesatz, Automatikgetriebe-Ölwechsel"
"229363";7;6;0;1;3;3;3;100;0;0;0;0;4921;"Teilesatz, Automatikgetriebe-Ölwechsel"
"226333";156;148;0;8;27;5;0;18,52;0;0;0;0;4921;"Teilesatz, Automatikgetriebe-Ölwechsel"
"226709";54;53;0;1;10;4;0;40;0;0;0;0;4921;"Teilesatz, Automatikgetriebe-Ölwechsel"
"24111219127";26;25;0;1;9;3;0;33,33;0;0;0;0;4921;"Teilesatz, Automatikgetriebe-Ölwechsel"
"23018441997";8;7;0;1;1;1;0;100;0;0;0;0;4921;"Teilesatz, Automatikgetriebe-Ölwechsel"
"2333907";21;21;0;0;1;1;1;100;0;0;1;0;4921;"Teilesatz, Automatikgetriebe-Ölwechsel"
"23615";1029;1021;2;6;115;2;1;1,74;0;0;0;0;4921;"Teilesatz, Automatikgetriebe-Ölwechsel"
"24007855263";114;100;0;14;15;14;14;93,33;0;0;1;0;4921;"Teilesatz, Automatikgetriebe-Ölwechsel"
"24101423380";111;102;0;9;14;1;0;7,14;0;0;0;0;4921;"Teilesatz, Automatikgetriebe-Ölwechsel"
"24110403404";60;50;0;10;5;4;4;80;0;0;1;0;4921;"Teilesatz, Automatikgetriebe-Ölwechsel"
"24115A13115";8071;7870;22;179;1822;1290;1114;70,80;0;0;1;0;4921;"Teilesatz, Automatikgetriebe-Ölwechsel"
"24115A13116";3766;3669;9;88;897;694;619;77,37;0;0;1;0;4921;"Teilesatz, Automatikgetriebe-Ölwechsel"
"24117518741";67;59;0;8;15;2;0;13,33;0;0;0;0;4921;"Teilesatz, Automatikgetriebe-Ölwechsel"
"24117522923";24;23;0;1;2;1;1;50;0;0;1;0;4921;"Teilesatz, Automatikgetriebe-Ölwechsel"
"24117536387";88;87;0;1;9;7;5;77,78;0;0;1;0;4921;"Teilesatz, Automatikgetriebe-Ölwechsel"
"24117543484";83;81;1;1;13;3;3;23,08;0;0;0;0;4921;"Teilesatz, Automatikgetriebe-Ölwechsel"
"24117557069";151;138;0;13;12;1;0;8,33;0;0;0;0;4921;"Teilesatz, Automatikgetriebe-Ölwechsel"
"24117557070";104;101;1;2;20;4;0;20;0;0;0;0;4921;"Teilesatz, Automatikgetriebe-Ölwechsel"
"24117557071";35;34;0;1;3;1;0;33,33;0;0;0;0;4921;"Teilesatz, Automatikgetriebe-Ölwechsel"
"24117571202";105;89;1;15;8;8;0;100;0;0;0;0;4921;"Teilesatz, Automatikgetriebe-Ölwechsel"
"24117571217";89;87;0;2;9;5;5;55,56;0;0;1;0;4921;"Teilesatz, Automatikgetriebe-Ölwechsel"
"24117571227";59;55;0;4;5;1;1;20;0;0;1;0;4921;"Teilesatz, Automatikgetriebe-Ölwechsel"
"24117572618";56;54;1;1;11;3;0;27,27;0;0;0;0;4921;"Teilesatz, Automatikgetriebe-Ölwechsel"
"24117593565";112;103;3;6;21;3;0;14,29;0;0;0;0;4921;"Teilesatz, Automatikgetriebe-Ölwechsel"
"24117604960";103;96;0;7;12;5;4;41,67;0;0;1;0;4921;"Teilesatz, Automatikgetriebe-Ölwechsel"
"24117613253";30;28;0;2;2;1;1;50;0;0;1;0;4921;"Teilesatz, Automatikgetriebe-Ölwechsel"
"24117624192";110;109;0;1;21;11;11;52,38;0;0;1;0;4921;"Teilesatz, Automatikgetriebe-Ölwechsel"
"24118612901";724;704;2;18;152;105;94;69,08;0;0;1;0;4921;"Teilesatz, Automatikgetriebe-Ölwechsel"
"24118632188";20;17;0;3;2;2;2;100;0;0;1;0;4921;"Teilesatz, Automatikgetriebe-Ölwechsel"
"24118632189";744;690;1;53;95;65;42;68,42;0;0;1;0;4921;"Teilesatz, Automatikgetriebe-Ölwechsel"
"24118743438";836;759;7;70;85;65;59;76,47;0;0;1;0;4921;"Teilesatz, Automatikgetriebe-Ölwechsel"
"24118743462";1589;1458;13;118;181;172;162;95,03;0;0;1;0;4921;"Teilesatz, Automatikgetriebe-Ölwechsel"
"24147588896";102;92;0;10;11;1;0;9,09;0;0;0;0;4921;"Teilesatz, Automatikgetriebe-Ölwechsel"
"24152285600";172;115;3;54;22;22;0;100;0;0;0;0;4921;"Teilesatz, Automatikgetriebe-Ölwechsel"
"24152333824";112;101;1;10;26;3;0;11,54;0;0;0;0;4921;"Teilesatz, Automatikgetriebe-Ölwechsel"
"24152333825";585;549;3;33;89;14;0;15,73;0;0;0;0;4921;"Teilesatz, Automatikgetriebe-Ölwechsel"
"24152333858";140;119;2;19;15;2;0;13,33;0;0;0;0;4921;"Teilesatz, Automatikgetriebe-Ölwechsel"
"24152333899";509;490;2;17;86;51;40;59,30;0;0;1;0;4921;"Teilesatz, Automatikgetriebe-Ölwechsel"
"24152333903";2731;2617;4;110;594;358;296;60,27;0;0;1;0;4921;"Teilesatz, Automatikgetriebe-Ölwechsel"
"24152333907";3265;3182;13;70;727;479;403;65,89;0;0;1;0;4921;"Teilesatz, Automatikgetriebe-Ölwechsel"
"24152333911";102;100;0;2;17;5;4;29,41;0;0;1;0;4921;"Teilesatz, Automatikgetriebe-Ölwechsel"
"24152333915";412;358;4;50;102;41;19;40,20;0;0;1;0;4921;"Teilesatz, Automatikgetriebe-Ölwechsel"
"24152333919";49;44;1;4;6;5;5;83,33;0;0;1;0;4921;"Teilesatz, Automatikgetriebe-Ölwechsel"
"24152361176";219;190;5;24;21;5;0;23,81;0;0;0;0;4921;"Teilesatz, Automatikgetriebe-Ölwechsel"
"24236517";12;11;0;1;1;1;0;100;0;0;0;0;4921;"Teilesatz, Automatikgetriebe-Ölwechsel"
"2426698";104;95;0;9;15;3;0;20;0;0;0;0;4921;"Teilesatz, Automatikgetriebe-Ölwechsel"
"24341422419";19;18;1;0;3;1;0;33,33;0;0;0;0;4921;"Teilesatz, Automatikgetriebe-Ölwechsel"
"24341422513";66;57;0;9;10;2;0;20;0;0;0;0;4921;"Teilesatz, Automatikgetriebe-Ölwechsel"
"24341423376";116;108;0;8;14;1;0;7,14;0;0;0;0;4921;"Teilesatz, Automatikgetriebe-Ölwechsel"
"24347551087";27;23;1;3;5;2;0;40;0;0;0;0;4921;"Teilesatz, Automatikgetriebe-Ölwechsel"
"24347566358";129;122;1;6;14;1;0;7,14;0;0;0;0;4921;"Teilesatz, Automatikgetriebe-Ölwechsel"
"24347588725";359;352;2;5;79;1;0;1,27;0;0;0;0;4921;"Teilesatz, Automatikgetriebe-Ölwechsel"
"2463771400";67;60;0;7;11;2;0;18,18;0;0;1;0;4921;"Teilesatz, Automatikgetriebe-Ölwechsel"
"24538";106;98;0;8;6;1;0;16,67;0;0;0;0;4921;"Teilesatz, Automatikgetriebe-Ölwechsel"
"2463710780";66;66;0;0;13;1;0;7,69;0;0;1;0;4921;"Teilesatz, Automatikgetriebe-Ölwechsel"
"2463772300";251;239;0;12;61;2;1;3,28;0;0;1;0;4921;"Teilesatz, Automatikgetriebe-Ölwechsel"
"2463772400";252;227;0;25;56;13;0;23,21;0;0;1;0;4921;"Teilesatz, Automatikgetriebe-Ölwechsel"
"247242";1;1;0;0;1;1;0;100;0;0;0;0;4921;"Teilesatz, Automatikgetriebe-Ölwechsel"
"2473701605";57;38;1;18;2;1;0;50;0;0;0;0;4921;"Teilesatz, Automatikgetriebe-Ölwechsel"
"247371480064";4;2;0;2;1;1;0;100;0;0;0;0;4921;"Teilesatz, Automatikgetriebe-Ölwechsel"
"2473775401";11;6;0;5;1;1;0;100;0;0;0;0;4921;"Teilesatz, Automatikgetriebe-Ölwechsel"
"2505069";2;2;0;0;1;1;0;100;0;0;0;0;4921;"Teilesatz, Automatikgetriebe-Ölwechsel"
"25067005099";93;87;0;6;37;2;0;5,41;0;0;0;0;4921;"Teilesatz, Automatikgetriebe-Ölwechsel"
"2513A040";45;42;0;3;13;2;1;15,38;0;0;1;0;4921;"Teilesatz, Automatikgetriebe-Ölwechsel"
"255673";6;6;0;0;1;1;1;100;0;0;0;0;4921;"Teilesatz, Automatikgetriebe-Ölwechsel"
"2537407";1071;935;5;131;74;19;0;25,68;0;0;0;0;4921;"Teilesatz, Automatikgetriebe-Ölwechsel"
"2537413";482;428;2;52;24;8;0;33,33;0;0;0;0;4921;"Teilesatz, Automatikgetriebe-Ölwechsel"
"268075";8;7;1;0;2;2;2;100;0;0;0;0;4921;"Teilesatz, Automatikgetriebe-Ölwechsel"
"2601000053";2;2;0;0;2;2;0;100;0;0;0;0;4921;"Teilesatz, Automatikgetriebe-Ölwechsel"
"268072";51;49;0;2;5;5;5;100;0;0;0;0;4921;"Teilesatz, Automatikgetriebe-Ölwechsel"
"268083";8;8;0;0;3;1;1;33,33;0;0;0;0;4921;"Teilesatz, Automatikgetriebe-Ölwechsel"
"268085";6;5;0;1;4;1;1;25;0;0;0;0;4921;"Teilesatz, Automatikgetriebe-Ölwechsel"
"272554";12;11;0;1;1;1;1;100;0;0;0;0;4921;"Teilesatz, Automatikgetriebe-Ölwechsel"
"2705A017";44;15;12;17;1;1;0;100;0;0;0;0;4921;"Teilesatz, Automatikgetriebe-Ölwechsel"
"2705A049";96;35;6;55;2;1;0;50;0;0;0;0;4921;"Teilesatz, Automatikgetriebe-Ölwechsel"
"272555";15;15;0;0;4;3;3;75;0;0;0;0;4921;"Teilesatz, Automatikgetriebe-Ölwechsel"
"278784";3;3;0;0;1;1;0;100;0;0;0;0;4921;"Teilesatz, Automatikgetriebe-Ölwechsel"
"278780";1;1;0;0;1;1;0;100;0;0;0;0;4921;"Teilesatz, Automatikgetriebe-Ölwechsel"
"27975";1791;1778;2;11;469;1;0;0,21;0;0;0;0;4921;"Teilesatz, Automatikgetriebe-Ölwechsel"
"28005B43141";251;152;14;85;14;14;0;100;0;0;0;0;4921;"Teilesatz, Automatikgetriebe-Ölwechsel"
"280892";34;31;0;3;4;1;0;25;0;0;0;0;4921;"Teilesatz, Automatikgetriebe-Ölwechsel"
"28107842828";73;64;0;9;15;8;0;53,33;0;0;0;0;4921;"Teilesatz, Automatikgetriebe-Ölwechsel"
"28107842840";171;152;1;18;28;8;0;28,57;0;0;0;0;4921;"Teilesatz, Automatikgetriebe-Ölwechsel"
"28107850148";90;76;0;14;8;2;0;25;0;0;0;0;4921;"Teilesatz, Automatikgetriebe-Ölwechsel"
"28108070791";194;161;3;30;14;7;0;50;0;0;0;0;4921;"Teilesatz, Automatikgetriebe-Ölwechsel"
"3001350007";8;8;0;0;2;1;0;50;0;0;1;0;4921;"Teilesatz, Automatikgetriebe-Ölwechsel"
"2824A006";179;166;2;11;32;2;0;6,25;0;0;0;0;4921;"Teilesatz, Automatikgetriebe-Ölwechsel"
"2856844";2;2;0;0;1;1;0;100;0;0;0;0;4921;"Teilesatz, Automatikgetriebe-Ölwechsel"
"2E398051";20;18;0;2;1;1;0;100;0;0;0;0;4921;"Teilesatz, Automatikgetriebe-Ölwechsel"
"3001350001";49;45;0;4;3;3;1;100;0;0;1;1;4921;"Teilesatz, Automatikgetriebe-Ölwechsel"
"3001350002";21;21;0;0;6;4;0;66,67;0;0;1;1;4921;"Teilesatz, Automatikgetriebe-Ölwechsel"
"3001350008SK";41;39;0;2;9;7;0;77,78;0;0;0;1;4921;"Teilesatz, Automatikgetriebe-Ölwechsel"
"3001350305";23;16;0;7;1;1;0;100;0;0;0;1;4921;"Teilesatz, Automatikgetriebe-Ölwechsel"
"3001350306";37;34;0;3;7;7;0;100;0;0;0;1;4921;"Teilesatz, Automatikgetriebe-Ölwechsel"
"3001350306SK";11;9;0;2;1;1;0;100;0;0;0;1;4921;"Teilesatz, Automatikgetriebe-Ölwechsel"
"3001350307";9;6;0;3;1;1;0;100;0;0;0;1;4921;"Teilesatz, Automatikgetriebe-Ölwechsel"
"3001350307SK";9;6;0;3;1;1;0;100;0;0;0;1;4921;"Teilesatz, Automatikgetriebe-Ölwechsel"
"3001350310";65;51;0;14;7;7;0;100;0;0;0;1;4921;"Teilesatz, Automatikgetriebe-Ölwechsel"
"3001350310SK";40;39;0;1;7;7;0;100;0;0;0;1;4921;"Teilesatz, Automatikgetriebe-Ölwechsel"
"3001350314";33;26;0;7;9;9;0;100;0;0;0;1;4921;"Teilesatz, Automatikgetriebe-Ölwechsel"
"3001350401";24;21;0;3;1;1;0;100;0;0;0;1;4921;"Teilesatz, Automatikgetriebe-Ölwechsel"
"3001350402";32;30;0;2;3;3;0;100;0;0;0;1;4921;"Teilesatz, Automatikgetriebe-Ölwechsel"
"3001350403";89;84;0;5;18;14;0;77,78;0;0;0;1;4921;"Teilesatz, Automatikgetriebe-Ölwechsel"
"3001350403SK";11;7;0;4;1;1;0;100;0;0;0;1;4921;"Teilesatz, Automatikgetriebe-Ölwechsel"
"3001351004";184;182;0;2;26;26;4;100;0;0;1;1;4921;"Teilesatz, Automatikgetriebe-Ölwechsel"
"3001351004SK";12;12;0;0;6;5;5;83,33;0;0;1;1;4921;"Teilesatz, Automatikgetriebe-Ölwechsel"
"3001351004XK";23;19;0;4;3;3;0;100;0;0;0;1;4921;"Teilesatz, Automatikgetriebe-Ölwechsel"
"3001351005";155;149;0;6;23;23;4;100;0;0;1;1;4921;"Teilesatz, Automatikgetriebe-Ölwechsel"
"3001351005SK";23;22;0;1;6;1;1;16,67;0;0;1;1;4921;"Teilesatz, Automatikgetriebe-Ölwechsel"
"3001351005XK";30;26;0;4;6;6;0;100;0;0;0;1;4921;"Teilesatz, Automatikgetriebe-Ölwechsel"
"3001351006";36;36;0;0;5;5;0;100;0;0;1;1;4921;"Teilesatz, Automatikgetriebe-Ölwechsel"
"3001351006SK";7;7;0;0;1;1;1;100;0;0;1;1;4921;"Teilesatz, Automatikgetriebe-Ölwechsel"
"3001351007";705;669;2;34;108;101;11;93,52;0;0;1;1;4921;"Teilesatz, Automatikgetriebe-Ölwechsel"
"3001351007SK";179;176;0;3;25;23;7;92;0;0;1;1;4921;"Teilesatz, Automatikgetriebe-Ölwechsel"
"3001351007XK";88;85;0;3;14;14;0;100;0;0;0;1;4921;"Teilesatz, Automatikgetriebe-Ölwechsel"
"3001351009";63;51;0;12;10;9;0;90;0;0;1;1;4921;"Teilesatz, Automatikgetriebe-Ölwechsel"
"3001351009SK";10;7;0;3;1;1;0;100;0;0;1;1;4921;"Teilesatz, Automatikgetriebe-Ölwechsel"
"30031087298364";3;3;0;0;1;1;1;100;0;0;0;0;4921;"Teilesatz, Automatikgetriebe-Ölwechsel"
"30031087298365";18;17;1;0;5;5;5;100;0;0;0;0;4921;"Teilesatz, Automatikgetriebe-Ölwechsel"
"30031087298368";1;1;0;0;1;1;1;100;0;0;0;0;4921;"Teilesatz, Automatikgetriebe-Ölwechsel"
"3003250001";46;46;0;0;7;2;2;28,57;0;0;0;0;4921;"Teilesatz, Automatikgetriebe-Ölwechsel"
"30035961308601";2;1;1;0;1;1;1;100;0;0;0;0;4921;"Teilesatz, Automatikgetriebe-Ölwechsel"
"302254";18;18;0;0;3;1;0;33,33;0;0;0;0;4921;"Teilesatz, Automatikgetriebe-Ölwechsel"
"30849";41;40;1;0;10;1;0;10;0;0;0;0;4921;"Teilesatz, Automatikgetriebe-Ölwechsel"
"3082652";1;1;0;0;1;1;0;100;0;0;0;0;4921;"Teilesatz, Automatikgetriebe-Ölwechsel"
"3082656";39;38;0;1;11;1;0;9,09;0;0;0;0;4921;"Teilesatz, Automatikgetriebe-Ölwechsel"
"308955";2;2;0;0;2;2;2;100;0;0;0;0;4921;"Teilesatz, Automatikgetriebe-Ölwechsel"
"3096087";3;3;0;0;1;1;0;100;0;0;0;0;4921;"Teilesatz, Automatikgetriebe-Ölwechsel"
"310021610341";1;1;0;0;1;1;1;100;0;0;0;0;4921;"Teilesatz, Automatikgetriebe-Ölwechsel"
"310126010341";1;1;0;0;1;1;1;100;0;0;0;0;4921;"Teilesatz, Automatikgetriebe-Ölwechsel"
"313971XJ0A";140;89;8;43;11;3;0;27,27;0;0;0;0;4921;"Teilesatz, Automatikgetriebe-Ölwechsel"
"31256837";156;143;4;9;30;3;0;10;0;0;1;0;4921;"Teilesatz, Automatikgetriebe-Ölwechsel"
"31259611";8;6;0;2;1;1;0;100;0;0;0;0;4921;"Teilesatz, Automatikgetriebe-Ölwechsel"
"31367964";110;89;2;19;15;3;1;20;0;0;1;0;4921;"Teilesatz, Automatikgetriebe-Ölwechsel"
"313971XF0C";61;53;0;8;6;1;0;16,67;0;0;0;0;4921;"Teilesatz, Automatikgetriebe-Ölwechsel"
"313973JX0A";194;173;0;21;28;3;0;10,71;0;0;1;0;4921;"Teilesatz, Automatikgetriebe-Ölwechsel"
"3139790X00";48;39;1;8;7;1;0;14,29;0;0;0;0;4921;"Teilesatz, Automatikgetriebe-Ölwechsel"
"31492172";256;235;0;21;13;1;0;7,69;0;0;0;0;4921;"Teilesatz, Automatikgetriebe-Ölwechsel"
"3150550";2;2;0;0;2;2;2;100;0;0;0;0;4921;"Teilesatz, Automatikgetriebe-Ölwechsel"
"3152480";3;3;0;0;1;1;0;100;0;0;0;0;4921;"Teilesatz, Automatikgetriebe-Ölwechsel"
"3152482";7;7;0;0;2;2;0;100;0;0;0;0;4921;"Teilesatz, Automatikgetriebe-Ölwechsel"
"3152485";4;3;1;0;1;1;0;100;0;0;0;0;4921;"Teilesatz, Automatikgetriebe-Ölwechsel"
"3152492";2;2;0;0;1;1;0;100;0;0;0;0;4921;"Teilesatz, Automatikgetriebe-Ölwechsel"
"317281XF02";40;36;0;4;5;1;0;20;0;0;0;0;4921;"Teilesatz, Automatikgetriebe-Ölwechsel"
"3172628X0A";913;835;0;78;158;2;0;1,27;0;0;1;0;4921;"Teilesatz, Automatikgetriebe-Ölwechsel"
"31726HG00D";5;4;0;1;2;1;0;50;0;0;0;0;4921;"Teilesatz, Automatikgetriebe-Ölwechsel"
"317283JX0A";119;111;0;8;12;1;0;8,33;0;0;1;0;4921;"Teilesatz, Automatikgetriebe-Ölwechsel"
"317283JX0B";65;60;1;4;10;1;0;10;0;0;0;0;4921;"Teilesatz, Automatikgetriebe-Ölwechsel"
"317283XX0B";51;48;0;3;9;1;0;11,11;0;0;0;0;4921;"Teilesatz, Automatikgetriebe-Ölwechsel"
"33107900";75;67;0;8;9;8;0;88,89;0;0;0;1;4921;"Teilesatz, Automatikgetriebe-Ölwechsel"
"33100768";7;6;0;1;2;1;0;50;0;0;0;0;4921;"Teilesatz, Automatikgetriebe-Ölwechsel"
"33100984";110;107;0;3;12;1;0;8,33;0;0;0;0;4921;"Teilesatz, Automatikgetriebe-Ölwechsel"
"33108048";28;26;0;2;4;4;0;100;0;0;0;1;4921;"Teilesatz, Automatikgetriebe-Ölwechsel"
"33108306";66;65;0;1;6;6;0;100;0;0;0;1;4921;"Teilesatz, Automatikgetriebe-Ölwechsel"
"33108307";23;21;0;2;3;3;0;100;0;0;0;1;4921;"Teilesatz, Automatikgetriebe-Ölwechsel"
"33108307SWA";2;2;0;0;1;1;0;100;0;0;0;0;4921;"Teilesatz, Automatikgetriebe-Ölwechsel"
"33108308";45;43;0;2;4;4;0;100;0;0;0;1;4921;"Teilesatz, Automatikgetriebe-Ölwechsel"
"33108309";42;42;0;0;5;5;0;100;0;0;0;1;4921;"Teilesatz, Automatikgetriebe-Ölwechsel"
"33108311";4;4;0;0;1;1;0;100;0;0;0;1;4921;"Teilesatz, Automatikgetriebe-Ölwechsel"
"33110264";27;26;0;1;1;1;0;100;0;0;0;1;4921;"Teilesatz, Automatikgetriebe-Ölwechsel"
"33110327";12;10;0;2;1;1;0;100;0;0;0;1;4921;"Teilesatz, Automatikgetriebe-Ölwechsel"
"33110327SWA";2;2;0;0;1;1;0;100;0;0;0;0;4921;"Teilesatz, Automatikgetriebe-Ölwechsel"
"3314490";1;1;0;0;1;1;0;100;0;0;0;0;4921;"Teilesatz, Automatikgetriebe-Ölwechsel"
"3453500294";2;2;0;0;1;1;0;100;0;0;0;0;4921;"Teilesatz, Automatikgetriebe-Ölwechsel"
"3374866";1;1;0;0;1;1;0;100;0;0;0;0;4921;"Teilesatz, Automatikgetriebe-Ölwechsel"
"341150";119;119;0;0;23;23;23;100;0;0;0;0;4921;"Teilesatz, Automatikgetriebe-Ölwechsel"
"3453500295";5;5;0;0;4;4;0;100;0;0;0;0;4921;"Teilesatz, Automatikgetriebe-Ölwechsel"
"345598";22;21;0;1;7;1;0;14,29;0;0;0;0;4921;"Teilesatz, Automatikgetriebe-Ölwechsel"
"349188";13;13;0;0;1;1;0;100;0;0;0;0;4921;"Teilesatz, Automatikgetriebe-Ölwechsel"
"349189";82;81;0;1;13;2;0;15,38;0;0;0;0;4921;"Teilesatz, Automatikgetriebe-Ölwechsel"
"349190";6;6;0;0;1;1;0;100;0;0;0;0;4921;"Teilesatz, Automatikgetriebe-Ölwechsel"
"349191";46;45;1;0;3;2;0;66,67;0;0;0;0;4921;"Teilesatz, Automatikgetriebe-Ölwechsel"
"349192";9;7;2;0;1;1;0;100;0;0;0;0;4921;"Teilesatz, Automatikgetriebe-Ölwechsel"
"349193";17;17;0;0;3;3;0;100;0;0;0;0;4921;"Teilesatz, Automatikgetriebe-Ölwechsel"
"350870";13;13;0;0;1;1;0;100;0;0;0;0;4921;"Teilesatz, Automatikgetriebe-Ölwechsel"
"353068";13;12;0;1;4;4;0;100;0;0;0;0;4921;"Teilesatz, Automatikgetriebe-Ölwechsel"
"35106WAA04";3;3;0;0;1;1;1;100;0;0;1;0;4921;"Teilesatz, Automatikgetriebe-Ölwechsel"
"3516804010";12;6;1;5;1;1;0;100;0;0;0;0;4921;"Teilesatz, Automatikgetriebe-Ölwechsel"
"3533012050";169;121;2;46;10;1;0;10;0;0;0;0;4921;"Teilesatz, Automatikgetriebe-Ölwechsel"
"3533030090";50;31;0;19;4;1;0;25;0;0;0;0;4921;"Teilesatz, Automatikgetriebe-Ölwechsel"
"3533060030";189;145;7;37;15;1;0;6,67;0;0;0;0;4921;"Teilesatz, Automatikgetriebe-Ölwechsel"
"3562769";5;5;0;0;1;1;0;100;0;0;0;0;4921;"Teilesatz, Automatikgetriebe-Ölwechsel"
"356852";11;10;1;0;1;1;1;100;0;0;0;0;4921;"Teilesatz, Automatikgetriebe-Ölwechsel"
"356853";10;10;0;0;2;2;2;100;0;0;0;0;4921;"Teilesatz, Automatikgetriebe-Ölwechsel"
"356 02 62";8;8;0;0;1;1;0;100;0;0;0;0;4921;"Teilesatz, Automatikgetriebe-Ölwechsel"
"356 02 80";2;2;0;0;1;1;0;100;0;0;0;0;4921;"Teilesatz, Automatikgetriebe-Ölwechsel"
"356 02 82";1;1;0;0;1;1;0;100;0;0;0;0;4921;"Teilesatz, Automatikgetriebe-Ölwechsel"
"356 11 60";4;4;0;0;1;1;0;100;0;0;0;0;4921;"Teilesatz, Automatikgetriebe-Ölwechsel"
"356 13 61";1;1;0;0;1;1;0;100;0;0;0;0;4921;"Teilesatz, Automatikgetriebe-Ölwechsel"
"356 13 65";2;2;0;0;1;1;0;100;0;0;0;0;4921;"Teilesatz, Automatikgetriebe-Ölwechsel"
"356 17 13";2;2;0;0;2;2;0;100;0;0;0;0;4921;"Teilesatz, Automatikgetriebe-Ölwechsel"
"356 17 14";1;1;0;0;2;2;0;100;0;0;0;0;4921;"Teilesatz, Automatikgetriebe-Ölwechsel"
"3571889";6;6;0;0;1;1;0;100;0;0;0;0;4921;"Teilesatz, Automatikgetriebe-Ölwechsel"
"357 14 61";2;2;0;0;1;1;0;100;0;0;0;0;4921;"Teilesatz, Automatikgetriebe-Ölwechsel"
"367102A900";7581;6760;27;794;503;1;0;0,20;0;0;0;0;4921;"Teilesatz, Automatikgetriebe-Ölwechsel"
"384639";15;14;1;0;2;2;2;100;0;0;0;0;4921;"Teilesatz, Automatikgetriebe-Ölwechsel"
"4040074122891";3;3;0;0;2;2;0;100;0;0;0;0;4921;"Teilesatz, Automatikgetriebe-Ölwechsel"
"4040074122792";3;3;0;0;1;1;0;100;0;0;0;0;4921;"Teilesatz, Automatikgetriebe-Ölwechsel"
"4040074122853";29;27;2;0;1;1;0;100;0;0;0;0;4921;"Teilesatz, Automatikgetriebe-Ölwechsel"
"4040074209806";11;10;0;1;1;1;0;100;0;0;0;0;4921;"Teilesatz, Automatikgetriebe-Ölwechsel"
"4040074209820";8;7;1;0;1;1;0;100;0;0;0;0;4921;"Teilesatz, Automatikgetriebe-Ölwechsel"
"4040074210307";11;9;0;2;1;1;0;100;0;0;0;0;4921;"Teilesatz, Automatikgetriebe-Ölwechsel"
"4040074246733";3;3;0;0;1;1;0;100;0;0;0;0;4921;"Teilesatz, Automatikgetriebe-Ölwechsel"
"4040074246757";3;3;0;0;3;3;0;100;0;0;0;0;4921;"Teilesatz, Automatikgetriebe-Ölwechsel"
"4040074282694";10;9;1;0;3;3;0;100;0;0;0;0;4921;"Teilesatz, Automatikgetriebe-Ölwechsel"
"4040074305898";13;12;1;0;1;1;0;100;0;0;0;0;4921;"Teilesatz, Automatikgetriebe-Ölwechsel"
"4040074308455";8;8;0;0;2;2;0;100;0;0;0;0;4921;"Teilesatz, Automatikgetriebe-Ölwechsel"
"4040074321942";4;4;0;0;1;1;0;100;0;0;0;0;4921;"Teilesatz, Automatikgetriebe-Ölwechsel"
"4040074333938";27;25;1;1;4;4;0;100;0;0;0;0;4921;"Teilesatz, Automatikgetriebe-Ölwechsel"
"4040074336212";15;11;0;4;1;1;0;100;0;0;0;0;4921;"Teilesatz, Automatikgetriebe-Ölwechsel"
"4040074336991";18;15;0;3;8;8;0;100;0;0;0;0;4921;"Teilesatz, Automatikgetriebe-Ölwechsel"
"4040074337011";8;7;1;0;2;2;0;100;0;0;0;0;4921;"Teilesatz, Automatikgetriebe-Ölwechsel"
"4040074350522";3;3;0;0;2;2;0;100;0;0;0;0;4921;"Teilesatz, Automatikgetriebe-Ölwechsel"
"4040074362266";1;1;0;0;1;1;0;100;0;0;0;0;4921;"Teilesatz, Automatikgetriebe-Ölwechsel"
"4040074363775";2;1;1;0;1;1;0;100;0;0;0;0;4921;"Teilesatz, Automatikgetriebe-Ölwechsel"
"4046001636943";5;5;0;0;1;1;0;100;0;0;0;0;4921;"Teilesatz, Automatikgetriebe-Ölwechsel"
"4046001613555";10;10;0;0;2;2;0;100;0;0;0;0;4921;"Teilesatz, Automatikgetriebe-Ölwechsel"
"4046001636875";16;13;0;3;2;2;0;100;0;0;0;0;4921;"Teilesatz, Automatikgetriebe-Ölwechsel"
"4046001637278";9;8;0;1;1;1;0;100;0;0;0;0;4921;"Teilesatz, Automatikgetriebe-Ölwechsel"
"4053202255828";7;6;0;1;1;1;1;100;0;0;0;0;4921;"Teilesatz, Automatikgetriebe-Ölwechsel"
"4046283747733";1;1;0;0;1;1;0;100;0;0;0;0;4921;"Teilesatz, Automatikgetriebe-Ölwechsel"
"4046283747863";1;1;0;0;1;1;0;100;0;0;0;0;4921;"Teilesatz, Automatikgetriebe-Ölwechsel"
"4053202245454";1;0;0;1;1;1;1;100;0;0;0;0;4921;"Teilesatz, Automatikgetriebe-Ölwechsel"
"4053202255545";2;2;0;0;1;1;1;100;0;0;0;0;4921;"Teilesatz, Automatikgetriebe-Ölwechsel"
"4053202267913";12;12;0;0;1;1;1;100;0;0;0;0;4921;"Teilesatz, Automatikgetriebe-Ölwechsel"
"4053202267951";4;4;0;0;1;1;1;100;0;0;0;0;4921;"Teilesatz, Automatikgetriebe-Ölwechsel"
"4053203369890";3;3;0;0;1;1;1;100;0;0;0;0;4921;"Teilesatz, Automatikgetriebe-Ölwechsel"
"4053203413357";7;7;0;0;1;1;1;100;0;0;0;0;4921;"Teilesatz, Automatikgetriebe-Ölwechsel"
"4053203430477";4;4;0;0;1;1;1;100;0;0;0;0;4921;"Teilesatz, Automatikgetriebe-Ölwechsel"
"4053203430484";1;1;0;0;1;1;1;100;0;0;0;0;4921;"Teilesatz, Automatikgetriebe-Ölwechsel"
"4053203459218";10;5;0;5;1;1;1;100;0;0;0;0;4921;"Teilesatz, Automatikgetriebe-Ölwechsel"
"4054224717486";17;15;0;2;2;2;0;100;0;0;0;0;4921;"Teilesatz, Automatikgetriebe-Ölwechsel"
"4054224717622";18;17;0;1;2;2;0;100;0;0;0;0;4921;"Teilesatz, Automatikgetriebe-Ölwechsel"
"4054224717851";15;15;0;0;2;2;0;100;0;0;0;0;4921;"Teilesatz, Automatikgetriebe-Ölwechsel"
"4059900118";2;2;0;0;1;1;0;100;0;0;0;0;4921;"Teilesatz, Automatikgetriebe-Ölwechsel"
"4059900114";2;2;0;0;1;1;0;100;0;0;0;0;4921;"Teilesatz, Automatikgetriebe-Ölwechsel"
"4059900116";2;2;0;0;2;2;0;100;0;0;0;0;4921;"Teilesatz, Automatikgetriebe-Ölwechsel"
"4059900142";1;1;0;0;1;1;0;100;0;0;0;0;4921;"Teilesatz, Automatikgetriebe-Ölwechsel"
"4062375159758";7;7;0;0;2;2;0;100;0;0;0;0;4921;"Teilesatz, Automatikgetriebe-Ölwechsel"
"4062375061778";7;5;0;2;1;1;0;100;0;0;0;0;4921;"Teilesatz, Automatikgetriebe-Ölwechsel"
"4062375156139";2;2;0;0;1;1;0;100;0;0;0;0;4921;"Teilesatz, Automatikgetriebe-Ölwechsel"
"4062375299409";8;6;0;2;1;1;0;100;0;0;0;0;4921;"Teilesatz, Automatikgetriebe-Ölwechsel"
"4062375316571";15;13;0;2;2;2;0;100;0;0;0;0;4921;"Teilesatz, Automatikgetriebe-Ölwechsel"
"4062375320127";1;1;0;0;1;1;0;100;0;0;0;0;4921;"Teilesatz, Automatikgetriebe-Ölwechsel"
"409424";17;17;0;0;1;1;0;100;0;0;0;0;4921;"Teilesatz, Automatikgetriebe-Ölwechsel"
"41189366";13;11;2;0;2;2;2;100;0;0;0;0;4921;"Teilesatz, Automatikgetriebe-Ölwechsel"
"41189374";2;2;0;0;1;1;1;100;0;0;0;0;4921;"Teilesatz, Automatikgetriebe-Ölwechsel"
"41189408";3;3;0;0;2;2;2;100;0;0;0;0;4921;"Teilesatz, Automatikgetriebe-Ölwechsel"
"4141350001";25;21;0;4;4;4;0;100;0;0;0;1;4921;"Teilesatz, Automatikgetriebe-Ölwechsel"
"4141350001SK";13;11;0;2;3;3;0;100;0;0;0;1;4921;"Teilesatz, Automatikgetriebe-Ölwechsel"
"428718";36;36;0;0;8;8;0;100;0;0;0;0;4921;"Teilesatz, Automatikgetriebe-Ölwechsel"
"423939";7;6;0;1;2;2;2;100;0;0;0;0;4921;"Teilesatz, Automatikgetriebe-Ölwechsel"
"423946";62;62;0;0;8;8;0;100;0;0;0;0;4921;"Teilesatz, Automatikgetriebe-Ölwechsel"
"42577152";433;390;1;42;71;56;48;78,87;0;0;1;0;4921;"Teilesatz, Automatikgetriebe-Ölwechsel"
"42845908";6;6;0;0;1;1;0;100;0;0;0;0;4921;"Teilesatz, Automatikgetriebe-Ölwechsel"
"4295875";47;41;0;6;6;1;0;16,67;0;0;0;0;4921;"Teilesatz, Automatikgetriebe-Ölwechsel"
"43421051111018";1;1;0;0;1;1;0;100;0;0;0;0;4921;"Teilesatz, Automatikgetriebe-Ölwechsel"
"431880";5;5;0;0;1;1;0;100;0;0;0;0;4921;"Teilesatz, Automatikgetriebe-Ölwechsel"
"43421051080011";3;3;0;0;1;1;0;100;0;0;0;0;4921;"Teilesatz, Automatikgetriebe-Ölwechsel"
"43421051110018";3;3;0;0;1;1;0;100;0;0;0;0;4921;"Teilesatz, Automatikgetriebe-Ölwechsel"
"444757";24;23;0;1;3;3;0;100;0;0;0;0;4921;"Teilesatz, Automatikgetriebe-Ölwechsel"
"444712";59;57;0;2;6;1;0;16,67;0;0;0;0;4921;"Teilesatz, Automatikgetriebe-Ölwechsel"
"444714";35;35;0;0;4;1;0;25;0;0;0;0;4921;"Teilesatz, Automatikgetriebe-Ölwechsel"
"447047";11;11;0;0;4;4;0;100;0;0;0;0;4921;"Teilesatz, Automatikgetriebe-Ölwechsel"
"4632123001";141;138;0;3;24;1;0;4,17;0;0;0;0;4921;"Teilesatz, Automatikgetriebe-Ölwechsel"
"4632123000";104;82;2;20;15;2;0;13,33;0;0;0;0;4921;"Teilesatz, Automatikgetriebe-Ölwechsel"
"463213B000";627;582;3;42;66;4;0;6,06;0;0;0;0;4921;"Teilesatz, Automatikgetriebe-Ölwechsel"
"475596";13;13;0;0;6;6;0;100;0;0;0;0;4921;"Teilesatz, Automatikgetriebe-Ölwechsel"
"470539";5;5;0;0;2;2;0;100;0;0;0;0;4921;"Teilesatz, Automatikgetriebe-Ölwechsel"
"470565";15;15;0;0;2;2;0;100;0;0;0;0;4921;"Teilesatz, Automatikgetriebe-Ölwechsel"
"4936079";1;1;0;0;1;1;0;100;0;0;0;0;4921;"Teilesatz, Automatikgetriebe-Ölwechsel"
"485656";11;11;0;0;3;3;0;100;0;0;0;0;4921;"Teilesatz, Automatikgetriebe-Ölwechsel"
"495761";9;9;0;0;1;1;0;100;0;0;0;0;4921;"Teilesatz, Automatikgetriebe-Ölwechsel"
"500125YK";1;1;0;0;1;1;0;100;0;0;0;0;4921;"Teilesatz, Automatikgetriebe-Ölwechsel"
"49700";1877;1863;1;13;349;1;0;0,29;0;0;0;0;4921;"Teilesatz, Automatikgetriebe-Ölwechsel"
"4G434210273";2;2;0;0;1;1;1;100;0;0;1;0;4921;"Teilesatz, Automatikgetriebe-Ölwechsel"
"5000DYUK";2;2;0;0;1;1;0;100;0;0;0;0;4921;"Teilesatz, Automatikgetriebe-Ölwechsel"
"500111X2";6;6;0;0;1;1;0;100;0;0;0;0;4921;"Teilesatz, Automatikgetriebe-Ölwechsel"
"5001FFRK";2;2;0;0;1;1;0;100;0;0;0;0;4921;"Teilesatz, Automatikgetriebe-Ölwechsel"
"500238W2";6;6;0;0;1;1;0;100;0;0;0;0;4921;"Teilesatz, Automatikgetriebe-Ölwechsel"
"500395T8";1;1;0;0;1;1;0;100;0;0;0;0;4921;"Teilesatz, Automatikgetriebe-Ölwechsel"
"5003LUCK";1;1;0;0;1;1;0;100;0;0;0;0;4921;"Teilesatz, Automatikgetriebe-Ölwechsel"
"50040JAF";6;6;0;0;2;2;0;100;0;0;0;0;4921;"Teilesatz, Automatikgetriebe-Ölwechsel"
"5005YCRF";3;3;0;0;1;1;0;100;0;0;0;0;4921;"Teilesatz, Automatikgetriebe-Ölwechsel"
"5005CYA9";11;11;0;0;1;1;0;100;0;0;0;0;4921;"Teilesatz, Automatikgetriebe-Ölwechsel"
"5005DYA7";11;8;3;0;1;1;0;100;0;0;0;0;4921;"Teilesatz, Automatikgetriebe-Ölwechsel"
"5006ADLK";4;4;0;0;2;2;0;100;0;0;0;0;4921;"Teilesatz, Automatikgetriebe-Ölwechsel"
"50075VL1";4;4;0;0;1;1;0;100;0;0;0;0;4921;"Teilesatz, Automatikgetriebe-Ölwechsel"
"5007CYA7";2;2;0;0;1;1;0;100;0;0;0;0;4921;"Teilesatz, Automatikgetriebe-Ölwechsel"
"50083CKK";1;1;0;0;1;1;0;100;0;0;0;0;4921;"Teilesatz, Automatikgetriebe-Ölwechsel"
"500888W5";25;25;0;0;5;5;0;100;0;0;0;0;4921;"Teilesatz, Automatikgetriebe-Ölwechsel"
"5008KKJ3";2;2;0;0;1;1;0;100;0;0;0;0;4921;"Teilesatz, Automatikgetriebe-Ölwechsel"
"5008RTC4";1;1;0;0;1;1;0;100;0;0;0;0;4921;"Teilesatz, Automatikgetriebe-Ölwechsel"
"50096HNF";2;2;0;0;1;1;0;100;0;0;0;0;4921;"Teilesatz, Automatikgetriebe-Ölwechsel"
"501527D3";5;4;1;0;1;1;0;100;0;0;0;0;4921;"Teilesatz, Automatikgetriebe-Ölwechsel"
"5015999R";6;6;0;0;2;2;0;100;0;0;0;0;4921;"Teilesatz, Automatikgetriebe-Ölwechsel"
"50178912";9;9;0;0;1;1;0;100;0;0;0;0;4921;"Teilesatz, Automatikgetriebe-Ölwechsel"
"50178920";4;4;0;0;1;1;0;100;0;0;0;0;4921;"Teilesatz, Automatikgetriebe-Ölwechsel"
"502366H6";1;1;0;0;1;1;1;100;0;0;0;0;4921;"Teilesatz, Automatikgetriebe-Ölwechsel"
"502335H4";6;6;0;0;1;1;1;100;0;0;0;0;4921;"Teilesatz, Automatikgetriebe-Ölwechsel"
"502336H3";2;2;0;0;1;1;1;100;0;0;0;0;4921;"Teilesatz, Automatikgetriebe-Ölwechsel"
"502947J9";2;2;0;0;1;1;1;100;0;0;0;0;4921;"Teilesatz, Automatikgetriebe-Ölwechsel"
"502961J0";1;1;0;0;1;1;1;100;0;0;0;0;4921;"Teilesatz, Automatikgetriebe-Ölwechsel"
"502966J5";3;3;0;0;1;1;1;100;0;0;0;0;4921;"Teilesatz, Automatikgetriebe-Ölwechsel"
"511571P0";1;1;0;0;1;1;0;100;0;0;0;0;4921;"Teilesatz, Automatikgetriebe-Ölwechsel"
"5073878AA";25;24;0;1;5;1;0;20;0;0;0;0;4921;"Teilesatz, Automatikgetriebe-Ölwechsel"
"511056R0";1;1;0;0;1;1;0;100;0;0;0;0;4921;"Teilesatz, Automatikgetriebe-Ölwechsel"
"511777NL";21;21;0;0;4;4;0;100;0;0;0;0;4921;"Teilesatz, Automatikgetriebe-Ölwechsel"
"511778NL";4;4;0;0;1;1;0;100;0;0;0;0;4921;"Teilesatz, Automatikgetriebe-Ölwechsel"
"5141351401";64;59;0;5;9;8;0;88,89;0;0;0;1;4921;"Teilesatz, Automatikgetriebe-Ölwechsel"
"5141350002";83;80;0;3;14;11;0;78,57;0;0;0;1;4921;"Teilesatz, Automatikgetriebe-Ölwechsel"
"515999";30;30;0;0;4;2;2;50;0;0;0;0;4921;"Teilesatz, Automatikgetriebe-Ölwechsel"
"521214";26;25;0;1;2;1;0;50;0;0;0;0;4921;"Teilesatz, Automatikgetriebe-Ölwechsel"
"5176076";1;1;0;0;1;1;0;100;0;0;0;0;4921;"Teilesatz, Automatikgetriebe-Ölwechsel"
"5176079";1;1;0;0;1;1;0;100;0;0;0;0;4921;"Teilesatz, Automatikgetriebe-Ölwechsel"
"52108325AA";270;256;0;14;46;6;0;13,04;0;0;0;0;4921;"Teilesatz, Automatikgetriebe-Ölwechsel"
"52108332AA";80;75;0;5;16;2;0;12,50;0;0;0;0;4921;"Teilesatz, Automatikgetriebe-Ölwechsel"
"52854834AB";50;47;0;3;12;11;7;91,67;0;0;1;0;4921;"Teilesatz, Automatikgetriebe-Ölwechsel"
"5275555";481;410;7;64;69;13;0;18,84;0;0;0;0;4921;"Teilesatz, Automatikgetriebe-Ölwechsel"
"54509";31;31;0;0;5;1;0;20;0;0;0;0;4921;"Teilesatz, Automatikgetriebe-Ölwechsel"
"5430977";398;331;12;55;55;10;0;18,18;0;0;0;0;4921;"Teilesatz, Automatikgetriebe-Ölwechsel"
"54504278";2;1;1;0;1;1;1;100;0;0;0;0;4921;"Teilesatz, Automatikgetriebe-Ölwechsel"
"549087";1;1;0;0;1;1;0;100;0;0;0;0;4921;"Teilesatz, Automatikgetriebe-Ölwechsel"
"549091";3;3;0;0;2;2;0;100;0;0;0;0;4921;"Teilesatz, Automatikgetriebe-Ölwechsel"
"57001";1197;1187;2;8;121;1;0;0,83;0;0;0;0;4921;"Teilesatz, Automatikgetriebe-Ölwechsel"
"55391";60;57;0;3;16;1;0;6,25;0;0;0;0;4921;"Teilesatz, Automatikgetriebe-Ölwechsel"
"5961303474";520;515;2;3;127;103;100;81,10;0;1;0;1;4921;"Teilesatz, Automatikgetriebe-Ölwechsel"
"58376SET";19;19;0;0;2;2;0;100;0;0;0;1;4921;"Teilesatz, Automatikgetriebe-Ölwechsel"
"58959381";2;2;0;0;1;1;0;100;0;0;0;0;4921;"Teilesatz, Automatikgetriebe-Ölwechsel"
"5961303116";181;180;0;1;42;39;36;92,86;0;1;0;1;4921;"Teilesatz, Automatikgetriebe-Ölwechsel"
"5961303275";164;160;3;1;48;29;27;60,42;0;1;0;1;4921;"Teilesatz, Automatikgetriebe-Ölwechsel"
"5961303474ZF";23;20;3;0;3;3;3;100;0;0;0;0;4921;"Teilesatz, Automatikgetriebe-Ölwechsel"
"5961304069";54;49;0;5;15;9;9;60;0;1;0;1;4921;"Teilesatz, Automatikgetriebe-Ölwechsel"
"5961306996";26;26;0;0;8;5;5;62,50;0;1;0;1;4921;"Teilesatz, Automatikgetriebe-Ölwechsel"
"5961308077";5;3;0;2;1;1;1;100;0;1;0;1;4921;"Teilesatz, Automatikgetriebe-Ölwechsel"
"5961308278";345;341;2;2;40;37;5;92,50;0;1;0;1;4921;"Teilesatz, Automatikgetriebe-Ölwechsel"
"5961308284";564;557;0;7;90;38;34;42,22;0;1;0;1;4921;"Teilesatz, Automatikgetriebe-Ölwechsel"
"5961308371";156;153;0;3;31;28;13;90,32;0;1;0;1;4921;"Teilesatz, Automatikgetriebe-Ölwechsel"
"5961308372";438;430;1;7;51;49;39;96,08;0;1;0;1;4921;"Teilesatz, Automatikgetriebe-Ölwechsel"
"5961308373";55;53;0;2;13;7;6;53,85;0;1;0;1;4921;"Teilesatz, Automatikgetriebe-Ölwechsel"
"5961308375";596;586;1;9;41;35;15;85,37;0;1;0;1;4921;"Teilesatz, Automatikgetriebe-Ölwechsel"
"5961308407";41;38;0;3;7;5;4;71,43;0;1;0;1;4921;"Teilesatz, Automatikgetriebe-Ölwechsel"
"5961308410";25;23;0;2;6;3;2;50;0;1;0;1;4921;"Teilesatz, Automatikgetriebe-Ölwechsel"
"5961308412";185;180;0;5;40;36;35;90;0;1;0;1;4921;"Teilesatz, Automatikgetriebe-Ölwechsel"
"5961308444";48;46;0;2;8;5;0;62,50;0;1;0;1;4921;"Teilesatz, Automatikgetriebe-Ölwechsel"
"5961308445";24;24;0;0;2;1;1;50;0;1;0;1;4921;"Teilesatz, Automatikgetriebe-Ölwechsel"
"5961308447";216;206;2;8;34;29;23;85,29;0;1;0;1;4921;"Teilesatz, Automatikgetriebe-Ölwechsel"
"5961308587";125;123;0;2;22;11;4;50;0;1;0;1;4921;"Teilesatz, Automatikgetriebe-Ölwechsel"
"5961308601";345;336;0;9;62;57;31;91,94;0;1;0;1;4921;"Teilesatz, Automatikgetriebe-Ölwechsel"
"5961308602";195;193;1;1;28;28;18;100;0;1;0;1;4921;"Teilesatz, Automatikgetriebe-Ölwechsel"
"5961309094";40;40;0;0;5;4;1;80;0;1;0;1;4921;"Teilesatz, Automatikgetriebe-Ölwechsel"
"5961309095";112;108;0;4;6;6;1;100;0;1;0;1;4921;"Teilesatz, Automatikgetriebe-Ölwechsel"
"5961309096";133;37;7;89;1;1;1;100;0;1;0;1;4921;"Teilesatz, Automatikgetriebe-Ölwechsel"
"5961309097";34;15;1;18;5;5;5;100;0;1;0;1;4921;"Teilesatz, Automatikgetriebe-Ölwechsel"
"5961309120";120;116;1;3;9;8;1;88,89;0;1;0;1;4921;"Teilesatz, Automatikgetriebe-Ölwechsel"
"5961309149";14;14;0;0;1;1;1;100;0;1;0;1;4921;"Teilesatz, Automatikgetriebe-Ölwechsel"
"5961309150";3;3;0;0;1;1;0;100;0;1;0;1;4921;"Teilesatz, Automatikgetriebe-Ölwechsel"
"5961309174";9;9;0;0;1;1;1;100;0;1;0;1;4921;"Teilesatz, Automatikgetriebe-Ölwechsel"
"5961309176";18;18;0;0;3;1;1;33,33;0;1;0;1;4921;"Teilesatz, Automatikgetriebe-Ölwechsel"
"5961309179";54;53;0;1;5;4;2;80;0;1;0;1;4921;"Teilesatz, Automatikgetriebe-Ölwechsel"
"5961309179ZF";7;7;0;0;1;1;1;100;0;0;0;0;4921;"Teilesatz, Automatikgetriebe-Ölwechsel"
"5961309203";26;18;0;8;2;1;0;50;0;1;0;1;4921;"Teilesatz, Automatikgetriebe-Ölwechsel"
"5961309535";30;11;0;19;2;1;1;50;0;1;0;1;4921;"Teilesatz, Automatikgetriebe-Ölwechsel"
"5A13115";14;14;0;0;2;2;1;100;0;0;1;0;4921;"Teilesatz, Automatikgetriebe-Ölwechsel"
"620160";67;63;1;3;15;6;0;40;0;0;0;0;4921;"Teilesatz, Automatikgetriebe-Ölwechsel"
"601574";11;11;0;0;1;1;1;100;0;0;0;0;4921;"Teilesatz, Automatikgetriebe-Ölwechsel"
"61472";16;15;0;1;4;3;0;75;0;0;0;0;4921;"Teilesatz, Automatikgetriebe-Ölwechsel"
"620140";183;179;0;4;29;1;0;3,45;0;0;0;0;4921;"Teilesatz, Automatikgetriebe-Ölwechsel"
"620150";2;2;0;0;1;1;0;100;0;0;0;0;4921;"Teilesatz, Automatikgetriebe-Ölwechsel"
"621337";8;8;0;0;2;2;0;100;0;0;0;0;4921;"Teilesatz, Automatikgetriebe-Ölwechsel"
"65331180000";106;70;4;32;17;12;0;70,59;0;0;0;0;4921;"Teilesatz, Automatikgetriebe-Ölwechsel"
"644113";3;2;1;0;1;1;0;100;0;0;0;0;4921;"Teilesatz, Automatikgetriebe-Ölwechsel"
"65329030001";30;25;0;5;2;2;0;100;0;0;0;0;4921;"Teilesatz, Automatikgetriebe-Ölwechsel"
"673005766";8;8;0;0;1;1;1;100;0;0;1;0;4921;"Teilesatz, Automatikgetriebe-Ölwechsel"
"673011113";5;5;0;0;1;1;1;100;0;0;1;0;4921;"Teilesatz, Automatikgetriebe-Ölwechsel"
"68018555AA";141;112;0;29;21;1;0;4,76;0;0;0;0;4921;"Teilesatz, Automatikgetriebe-Ölwechsel"
"68142478AB";11;10;0;1;2;2;2;100;0;0;1;0;4921;"Teilesatz, Automatikgetriebe-Ölwechsel"
"68225344AA";362;340;3;19;74;63;58;85,14;0;0;1;0;4921;"Teilesatz, Automatikgetriebe-Ölwechsel"
"68233701AA";78;64;1;13;7;7;7;100;0;0;1;0;4921;"Teilesatz, Automatikgetriebe-Ölwechsel"
"68233701AB";5;4;0;1;1;1;1;100;0;0;1;0;4921;"Teilesatz, Automatikgetriebe-Ölwechsel"
"68233701AC";44;42;1;1;17;14;9;82,35;0;0;1;0;4921;"Teilesatz, Automatikgetriebe-Ölwechsel"
"68259490AC";5;1;4;0;1;1;1;100;0;0;1;0;4921;"Teilesatz, Automatikgetriebe-Ölwechsel"
"68261170AA";63;30;0;33;1;1;1;100;0;0;1;0;4921;"Teilesatz, Automatikgetriebe-Ölwechsel"
"68266725AA";8;8;0;0;1;1;1;100;0;0;1;0;4921;"Teilesatz, Automatikgetriebe-Ölwechsel"
"68843";16;15;0;1;7;7;7;100;0;0;0;0;4921;"Teilesatz, Automatikgetriebe-Ölwechsel"
"70317SET";6;6;0;0;3;3;0;100;0;0;0;1;4921;"Teilesatz, Automatikgetriebe-Ölwechsel"
"70161350001";78;64;2;12;5;5;0;100;0;0;0;0;4921;"Teilesatz, Automatikgetriebe-Ölwechsel"
"70033SET";18;18;0;0;3;3;0;100;0;0;0;1;4921;"Teilesatz, Automatikgetriebe-Ölwechsel"
"70033SETAIC";2;2;0;0;1;1;0;100;0;0;0;0;4921;"Teilesatz, Automatikgetriebe-Ölwechsel"
"704882";8;8;0;0;1;1;0;100;0;0;0;0;4921;"Teilesatz, Automatikgetriebe-Ölwechsel"
"7141350002";417;405;1;11;102;97;1;95,10;0;0;1;1;4921;"Teilesatz, Automatikgetriebe-Ölwechsel"
"70934SET";2;2;0;0;1;1;0;100;0;0;0;1;4921;"Teilesatz, Automatikgetriebe-Ölwechsel"
"7141350004";36;33;0;3;5;4;0;80;0;0;0;1;4921;"Teilesatz, Automatikgetriebe-Ölwechsel"
"7141350102";254;243;2;9;43;41;0;95,35;0;0;0;1;4921;"Teilesatz, Automatikgetriebe-Ölwechsel"
"7141350102XK";23;23;0;0;6;6;0;100;0;0;0;1;4921;"Teilesatz, Automatikgetriebe-Ölwechsel"
"722619";20;19;0;1;3;3;0;100;0;0;0;0;4921;"Teilesatz, Automatikgetriebe-Ölwechsel"
"7222770095";88;82;0;6;22;17;0;77,27;0;0;0;0;4921;"Teilesatz, Automatikgetriebe-Ölwechsel"
"722621";6;6;0;0;1;1;0;100;0;0;0;0;4921;"Teilesatz, Automatikgetriebe-Ölwechsel"
"7252703114";131;109;3;19;10;7;0;70;0;0;0;0;4921;"Teilesatz, Automatikgetriebe-Ölwechsel"
"7252703203";69;64;0;5;8;1;1;12,50;0;0;1;0;4921;"Teilesatz, Automatikgetriebe-Ölwechsel"
"7252703707";725;688;2;35;110;17;5;15,45;0;0;0;1;4921;"Teilesatz, Automatikgetriebe-Ölwechsel"
"7252707702";10;10;0;0;8;5;0;62,50;0;0;1;0;4921;"Teilesatz, Automatikgetriebe-Ölwechsel"
"7252708704";15;13;1;1;1;1;1;100;0;0;1;0;4921;"Teilesatz, Automatikgetriebe-Ölwechsel"
"7252708804";278;269;0;9;29;9;1;31,03;0;0;1;0;4921;"Teilesatz, Automatikgetriebe-Ölwechsel"
"7252716100";35;31;0;4;4;1;1;25;0;0;1;0;4921;"Teilesatz, Automatikgetriebe-Ölwechsel"
"73961SET";12;12;0;0;2;2;0;100;0;0;0;1;4921;"Teilesatz, Automatikgetriebe-Ölwechsel"
"73961";21;20;0;1;2;1;0;50;0;0;0;0;4921;"Teilesatz, Automatikgetriebe-Ölwechsel"
"73963SET";5;5;0;0;1;1;0;100;0;0;0;1;4921;"Teilesatz, Automatikgetriebe-Ölwechsel"
"73967";3;3;0;0;1;1;0;100;0;0;0;0;4921;"Teilesatz, Automatikgetriebe-Ölwechsel"
"73972";28;24;0;4;3;3;0;100;0;0;0;0;4921;"Teilesatz, Automatikgetriebe-Ölwechsel"
"73972SET";29;28;1;0;6;4;0;66,67;0;0;0;1;4921;"Teilesatz, Automatikgetriebe-Ölwechsel"
"73974SET";13;12;0;1;5;2;0;40;0;0;0;1;4921;"Teilesatz, Automatikgetriebe-Ölwechsel"
"73978SET";55;51;1;3;1;1;0;100;0;0;0;1;4921;"Teilesatz, Automatikgetriebe-Ölwechsel"
"73982SET";18;17;0;1;3;2;0;66,67;0;0;0;1;4921;"Teilesatz, Automatikgetriebe-Ölwechsel"
"74768SET";2;2;0;0;1;1;0;100;0;0;0;1;4921;"Teilesatz, Automatikgetriebe-Ölwechsel"
"74766SET";13;12;1;0;1;1;0;100;0;0;0;1;4921;"Teilesatz, Automatikgetriebe-Ölwechsel"
"74767SET";10;8;1;1;2;2;0;100;0;0;0;1;4921;"Teilesatz, Automatikgetriebe-Ölwechsel"
"74771SET";6;4;0;2;1;1;0;100;0;0;0;1;4921;"Teilesatz, Automatikgetriebe-Ölwechsel"
"74772SET";16;14;0;2;3;3;0;100;0;0;0;1;4921;"Teilesatz, Automatikgetriebe-Ölwechsel"
"74773SET";19;19;0;0;3;3;0;100;0;0;0;1;4921;"Teilesatz, Automatikgetriebe-Ölwechsel"
"74780";12;11;0;1;1;1;0;100;0;0;0;0;4921;"Teilesatz, Automatikgetriebe-Ölwechsel"
"74780SET";59;59;0;0;12;12;0;100;0;0;0;1;4921;"Teilesatz, Automatikgetriebe-Ölwechsel"
"74783SET";25;24;0;1;2;2;0;100;0;0;0;1;4921;"Teilesatz, Automatikgetriebe-Ölwechsel"
"74785SET";4;4;0;0;1;1;0;100;0;0;0;1;4921;"Teilesatz, Automatikgetriebe-Ölwechsel"
"74786SET";16;15;0;1;2;2;0;100;0;0;0;1;4921;"Teilesatz, Automatikgetriebe-Ölwechsel"
"74794SET";16;16;0;0;1;1;0;100;0;0;0;1;4921;"Teilesatz, Automatikgetriebe-Ölwechsel"
"74794SETAIC";3;3;0;0;2;2;0;100;0;0;0;0;4921;"Teilesatz, Automatikgetriebe-Ölwechsel"
"7711579456";245;185;6;54;25;1;0;4;0;0;0;0;4921;"Teilesatz, Automatikgetriebe-Ölwechsel"
"7613253";4;2;0;2;2;2;2;100;0;0;1;0;4921;"Teilesatz, Automatikgetriebe-Ölwechsel"
"7624192";5;4;0;1;4;3;2;75;0;0;1;0;4921;"Teilesatz, Automatikgetriebe-Ölwechsel"
"7700107587";13;9;0;4;3;1;0;33,33;0;0;0;0;4921;"Teilesatz, Automatikgetriebe-Ölwechsel"
"7711428122";515;476;0;39;41;2;0;4,88;0;0;0;0;4921;"Teilesatz, Automatikgetriebe-Ölwechsel"
"7711785243";127;120;1;6;7;2;0;28,57;0;0;0;0;4921;"Teilesatz, Automatikgetriebe-Ölwechsel"
"7711945827";767;471;16;280;30;23;0;76,67;0;0;0;0;4921;"Teilesatz, Automatikgetriebe-Ölwechsel"
"77367950";178;174;1;3;24;20;20;83,33;0;0;1;0;4921;"Teilesatz, Automatikgetriebe-Ölwechsel"
"77368075";16;15;0;1;4;3;2;75;0;0;1;0;4921;"Teilesatz, Automatikgetriebe-Ölwechsel"
"77930SET";2;2;0;0;1;1;0;100;0;0;0;1;4921;"Teilesatz, Automatikgetriebe-Ölwechsel"
"792618";8;8;0;0;1;1;0;100;0;0;0;0;4921;"Teilesatz, Automatikgetriebe-Ölwechsel"
"7837196";2;2;0;0;1;1;0;100;0;0;0;0;4921;"Teilesatz, Automatikgetriebe-Ölwechsel"
"7855263";3;2;0;1;1;1;1;100;0;0;1;0;4921;"Teilesatz, Automatikgetriebe-Ölwechsel"
"7M5R6C631AD";58;55;2;1;13;2;0;15,38;0;0;1;0;4921;"Teilesatz, Automatikgetriebe-Ölwechsel"
"83222355599";1063;1030;1;32;169;5;0;2,96;0;0;0;0;4921;"Teilesatz, Automatikgetriebe-Ölwechsel"
"8200807136";7;7;0;0;3;1;0;33,33;0;0;0;0;4921;"Teilesatz, Automatikgetriebe-Ölwechsel"
"8274913";2;2;0;0;1;1;0;100;0;0;0;0;4921;"Teilesatz, Automatikgetriebe-Ölwechsel"
"83222305396";2630;2533;2;95;437;1;1;0,23;0;0;0;0;4921;"Teilesatz, Automatikgetriebe-Ölwechsel"
"83222413477";1251;1126;7;118;83;6;0;7,23;0;0;0;0;4921;"Teilesatz, Automatikgetriebe-Ölwechsel"
"83222433157";2236;1800;9;427;401;67;0;16,71;0;0;0;0;4921;"Teilesatz, Automatikgetriebe-Ölwechsel"
"8612901";14;12;0;2;1;1;1;100;0;0;1;0;4921;"Teilesatz, Automatikgetriebe-Ölwechsel"
"8700250";15;15;0;0;1;1;1;100;0;0;1;0;4921;"Teilesatz, Automatikgetriebe-Ölwechsel"
"8700261";1;1;0;0;1;1;1;100;0;0;1;0;4921;"Teilesatz, Automatikgetriebe-Ölwechsel"
"8743438";16;13;0;3;1;1;1;100;0;0;1;0;4921;"Teilesatz, Automatikgetriebe-Ölwechsel"
"93165414";751;718;5;28;94;8;0;8,51;0;0;0;0;4921;"Teilesatz, Automatikgetriebe-Ölwechsel"
"93160393";92;91;0;1;10;1;0;10;0;0;0;0;4921;"Teilesatz, Automatikgetriebe-Ölwechsel"
"93165147";535;529;2;4;97;5;0;5,15;0;0;0;0;4921;"Teilesatz, Automatikgetriebe-Ölwechsel"
"93177682";41;31;0;10;6;1;0;16,67;0;0;0;0;4921;"Teilesatz, Automatikgetriebe-Ölwechsel"
"93183574";93;73;2;18;17;4;0;23,53;0;0;0;0;4921;"Teilesatz, Automatikgetriebe-Ölwechsel"
"95832137100";139;136;0;3;20;13;7;65;0;0;1;0;4921;"Teilesatz, Automatikgetriebe-Ölwechsel"
"943140";1;1;0;0;1;1;0;100;0;0;0;0;4921;"Teilesatz, Automatikgetriebe-Ölwechsel"
"95530740300";65;60;1;4;20;2;0;10;0;0;1;0;4921;"Teilesatz, Automatikgetriebe-Ölwechsel"
"95530740301";80;79;0;1;18;4;1;22,22;0;0;1;1;4921;"Teilesatz, Automatikgetriebe-Ölwechsel"
"95832543500";576;559;0;17;138;58;22;42,03;0;0;1;0;4921;"Teilesatz, Automatikgetriebe-Ölwechsel"
"95832544300";23;21;0;2;1;1;1;100;0;0;1;0;4921;"Teilesatz, Automatikgetriebe-Ölwechsel"
"95901";45;44;1;0;2;2;2;100;0;0;0;0;4921;"Teilesatz, Automatikgetriebe-Ölwechsel"
"95902";8;8;0;0;1;1;1;100;0;0;0;0;4921;"Teilesatz, Automatikgetriebe-Ölwechsel"
"95903";15;15;0;0;2;2;2;100;0;0;0;0;4921;"Teilesatz, Automatikgetriebe-Ölwechsel"
"95912";135;133;1;1;44;16;16;36,36;0;0;0;0;4921;"Teilesatz, Automatikgetriebe-Ölwechsel"
"95913";7;7;0;0;2;2;2;100;0;0;0;0;4921;"Teilesatz, Automatikgetriebe-Ölwechsel"
"95914";20;17;0;3;7;7;7;100;0;0;0;0;4921;"Teilesatz, Automatikgetriebe-Ölwechsel"
"95920";9;4;0;5;1;1;1;100;0;0;0;0;4921;"Teilesatz, Automatikgetriebe-Ölwechsel"
"97278";9;8;0;1;2;2;0;100;0;0;0;0;4921;"Teilesatz, Automatikgetriebe-Ölwechsel"
"97032102500";230;197;2;31;23;6;1;26,09;0;0;1;0;4921;"Teilesatz, Automatikgetriebe-Ölwechsel"
"97032102500KIT2";5;4;0;1;1;1;0;100;0;0;0;0;4921;"Teilesatz, Automatikgetriebe-Ölwechsel"
"9730AF";94;90;1;3;16;1;0;6,25;0;0;0;0;4921;"Teilesatz, Automatikgetriebe-Ölwechsel"
"9734R7";1083;1033;4;46;123;8;0;6,50;0;0;0;0;4921;"Teilesatz, Automatikgetriebe-Ölwechsel"
"9A731718900";206;177;0;29;15;5;0;33,33;0;0;0;0;4921;"Teilesatz, Automatikgetriebe-Ölwechsel"
"98630740300";38;34;0;4;11;10;4;90,91;0;0;0;0;4921;"Teilesatz, Automatikgetriebe-Ölwechsel"
"98639701600";30;24;0;6;9;3;2;33,33;0;0;0;0;4921;"Teilesatz, Automatikgetriebe-Ölwechsel"
"9A731707000";42;40;0;2;2;1;0;50;0;0;0;0;4921;"Teilesatz, Automatikgetriebe-Ölwechsel"
"9A732137100";46;44;1;1;12;5;0;41,67;0;0;0;0;4921;"Teilesatz, Automatikgetriebe-Ölwechsel"
"9G132102500";127;117;1;9;11;3;0;27,27;0;0;1;0;4921;"Teilesatz, Automatikgetriebe-Ölwechsel"
"9G132112500";50;45;0;5;3;1;0;33,33;0;0;1;0;4921;"Teilesatz, Automatikgetriebe-Ölwechsel"
"A0009892002";86;77;1;8;8;2;0;25;0;0;0;0;4921;"Teilesatz, Automatikgetriebe-Ölwechsel"
"9P1321359";103;88;2;13;19;2;0;10,53;0;0;1;0;4921;"Teilesatz, Automatikgetriebe-Ölwechsel"
"A0009880152";46;44;0;2;9;5;0;55,56;0;0;0;0;4921;"Teilesatz, Automatikgetriebe-Ölwechsel"
"A000989450611HDNW";99;91;0;8;13;2;0;15,38;0;0;0;0;4921;"Teilesatz, Automatikgetriebe-Ölwechsel"
"A000989610410";80;67;0;13;2;1;0;50;0;0;0;0;4921;"Teilesatz, Automatikgetriebe-Ölwechsel"
"A0019899803";38;16;5;17;1;1;0;100;0;0;0;0;4921;"Teilesatz, Automatikgetriebe-Ölwechsel"
"A0009976532";442;150;273;19;4;3;0;75;0;0;0;0;4921;"Teilesatz, Automatikgetriebe-Ölwechsel"
"A0019894503";106;99;1;6;15;1;0;6,67;0;0;0;0;4921;"Teilesatz, Automatikgetriebe-Ölwechsel"
"A0019901117";643;621;5;17;162;6;5;3,70;0;0;1;0;4921;"Teilesatz, Automatikgetriebe-Ölwechsel"
"A0029909503";485;446;5;34;28;10;5;35,71;0;0;1;0;4921;"Teilesatz, Automatikgetriebe-Ölwechsel"
"A0049903512";326;319;2;5;113;1;1;0,88;0;0;1;0;4921;"Teilesatz, Automatikgetriebe-Ölwechsel"
"A1262711180";63;61;0;2;18;1;0;5,56;0;0;0;0;4921;"Teilesatz, Automatikgetriebe-Ölwechsel"
"A0229978045";155;152;0;3;16;2;1;12,50;0;0;1;0;4921;"Teilesatz, Automatikgetriebe-Ölwechsel"
"A1262710280";91;87;1;3;23;5;0;21,74;0;0;0;0;4921;"Teilesatz, Automatikgetriebe-Ölwechsel"
"A1262711080";134;131;0;3;41;6;0;14,63;0;0;0;0;4921;"Teilesatz, Automatikgetriebe-Ölwechsel"
"A1262770295";588;570;2;16;143;30;0;20,98;0;0;0;0;4921;"Teilesatz, Automatikgetriebe-Ölwechsel"
"A1292770095";21;21;0;0;5;2;0;40;0;0;0;0;4921;"Teilesatz, Automatikgetriebe-Ölwechsel"
"A1292770195";234;225;2;7;44;5;0;11,36;0;0;0;0;4921;"Teilesatz, Automatikgetriebe-Ölwechsel"
"A1402700250";490;476;0;14;150;8;0;5,33;0;0;0;0;4921;"Teilesatz, Automatikgetriebe-Ölwechsel"
"A1402700761";38;38;0;0;5;1;0;20;0;0;0;0;4921;"Teilesatz, Automatikgetriebe-Ölwechsel"
"A1402701161";333;324;1;8;75;2;0;2,67;0;0;0;0;4921;"Teilesatz, Automatikgetriebe-Ölwechsel"
"A1402710060";281;263;2;16;62;3;3;4,84;0;0;1;0;4921;"Teilesatz, Automatikgetriebe-Ölwechsel"
"A1402710080";950;934;0;16;246;45;16;18,29;0;0;1;0;4921;"Teilesatz, Automatikgetriebe-Ölwechsel"
"A1402770095";5392;5247;18;127;1544;420;127;27,20;0;0;1;0;4921;"Teilesatz, Automatikgetriebe-Ölwechsel"
"A14027700951402770095";12;11;0;1;1;1;0;100;0;0;0;0;4921;"Teilesatz, Automatikgetriebe-Ölwechsel"
"A1409904601";139;136;2;1;30;1;1;3,33;0;0;0;0;4921;"Teilesatz, Automatikgetriebe-Ölwechsel"
"A1693710480";243;236;0;7;57;16;0;28,07;0;0;1;0;4921;"Teilesatz, Automatikgetriebe-Ölwechsel"
"A1683770295";117;109;1;7;9;1;0;11,11;0;0;0;0;4921;"Teilesatz, Automatikgetriebe-Ölwechsel"
"A1683770395";102;99;0;3;22;5;0;22,73;0;0;0;0;4921;"Teilesatz, Automatikgetriebe-Ölwechsel"
"A1693713580";583;562;5;16;146;35;3;23,97;0;0;1;0;4921;"Teilesatz, Automatikgetriebe-Ölwechsel"
"A1693770995";981;955;5;21;260;72;3;27,69;0;0;1;0;4921;"Teilesatz, Automatikgetriebe-Ölwechsel"
"A1693771195";221;218;0;3;60;19;0;31,67;0;0;1;0;4921;"Teilesatz, Automatikgetriebe-Ölwechsel"
"A1693771295";77;75;0;2;5;2;0;40;0;0;1;0;4921;"Teilesatz, Automatikgetriebe-Ölwechsel"
"A1693771395";476;460;2;14;143;37;0;25,87;0;0;1;0;4921;"Teilesatz, Automatikgetriebe-Ölwechsel"
"A169377139590";9;6;0;3;2;2;0;100;0;0;0;0;4921;"Teilesatz, Automatikgetriebe-Ölwechsel"
"A2035400053";133;132;0;1;30;2;0;6,67;0;0;0;0;4921;"Teilesatz, Automatikgetriebe-Ölwechsel"
"A2202770395";39;38;0;1;3;1;0;33,33;0;0;0;0;4921;"Teilesatz, Automatikgetriebe-Ölwechsel"
"A2122770295";444;379;4;61;31;1;0;3,23;0;0;0;0;4921;"Teilesatz, Automatikgetriebe-Ölwechsel"
"A2202710180";648;630;2;16;99;24;11;24,24;0;0;1;0;4921;"Teilesatz, Automatikgetriebe-Ölwechsel"
"A2202710380";1042;1023;11;8;235;47;24;20;0;0;1;0;4921;"Teilesatz, Automatikgetriebe-Ölwechsel"
"A2202770395S2";2;2;0;0;1;1;0;100;0;0;0;0;4921;"Teilesatz, Automatikgetriebe-Ölwechsel"
"A2202770695";23;23;0;0;2;1;0;50;0;0;1;0;4921;"Teilesatz, Automatikgetriebe-Ölwechsel"
"A2212770000";80;74;0;6;11;3;2;27,27;0;0;0;0;4921;"Teilesatz, Automatikgetriebe-Ölwechsel"
"A2212770100";5270;5080;27;163;1334;570;165;42,73;0;0;0;0;4921;"Teilesatz, Automatikgetriebe-Ölwechsel"
"A2212770100KIT";1;1;0;0;1;1;1;100;0;0;0;0;4921;"Teilesatz, Automatikgetriebe-Ölwechsel"
"A2212770195";281;268;3;10;42;14;6;33,33;0;0;1;0;4921;"Teilesatz, Automatikgetriebe-Ölwechsel"
"A22127701952212770195";15;5;2;8;1;1;1;100;0;0;0;0;4921;"Teilesatz, Automatikgetriebe-Ölwechsel"
"A2212770200";2273;2219;5;49;613;197;59;32,14;0;0;1;0;4921;"Teilesatz, Automatikgetriebe-Ölwechsel"
"A2222772000";1827;1770;8;49;478;173;57;36,19;0;0;0;0;4921;"Teilesatz, Automatikgetriebe-Ölwechsel"
"A2222772800";2938;2844;29;65;878;344;137;39,18;0;0;0;0;4921;"Teilesatz, Automatikgetriebe-Ölwechsel"
"A222277280090";74;10;36;28;4;4;3;100;0;0;0;0;4921;"Teilesatz, Automatikgetriebe-Ölwechsel"
"A2463710780";452;434;3;15;77;25;0;32,47;0;0;1;0;4921;"Teilesatz, Automatikgetriebe-Ölwechsel"
"A2463770395";26;21;0;5;4;2;0;50;0;0;0;0;4921;"Teilesatz, Automatikgetriebe-Ölwechsel"
"A2463770495";269;257;0;12;55;3;2;5,45;0;0;1;0;4921;"Teilesatz, Automatikgetriebe-Ölwechsel"
"A2463771400";643;601;3;39;100;27;5;27;0;0;1;0;4921;"Teilesatz, Automatikgetriebe-Ölwechsel"
"A2463772300";2086;1979;6;101;482;49;9;10,17;0;0;1;0;4921;"Teilesatz, Automatikgetriebe-Ölwechsel"
"A2463772400";2492;2345;11;136;619;218;25;35,22;0;0;1;0;4921;"Teilesatz, Automatikgetriebe-Ölwechsel"
"A246377240090";83;75;3;5;16;1;0;6,25;0;0;0;0;4921;"Teilesatz, Automatikgetriebe-Ölwechsel"
"A2473701605";342;237;3;102;17;1;0;5,88;0;0;0;0;4921;"Teilesatz, Automatikgetriebe-Ölwechsel"
"A2473701705";261;167;2;92;9;4;0;44,44;0;0;0;0;4921;"Teilesatz, Automatikgetriebe-Ölwechsel"
"A2473708201";801;652;7;142;34;16;0;47,06;0;0;0;0;4921;"Teilesatz, Automatikgetriebe-Ölwechsel"
"A2473708301";509;398;4;107;24;7;0;29,17;0;0;0;0;4921;"Teilesatz, Automatikgetriebe-Ölwechsel"
"A2473714800";74;65;0;9;3;3;0;100;0;0;0;0;4921;"Teilesatz, Automatikgetriebe-Ölwechsel"
"A2473773901";275;228;0;47;8;3;0;37,50;0;0;0;0;4921;"Teilesatz, Automatikgetriebe-Ölwechsel"
"A2473775401";56;47;0;9;1;1;0;100;0;0;0;0;4921;"Teilesatz, Automatikgetriebe-Ölwechsel"
"A2473775601";102;76;0;26;7;2;0;28,57;0;0;0;0;4921;"Teilesatz, Automatikgetriebe-Ölwechsel"
"A7252703114";621;591;2;28;99;35;0;35,35;0;0;0;0;4921;"Teilesatz, Automatikgetriebe-Ölwechsel"
"A7252700408";283;258;3;22;15;5;0;33,33;0;0;1;0;4921;"Teilesatz, Automatikgetriebe-Ölwechsel"
"A7252701518";1165;1063;17;85;94;29;0;30,85;0;0;1;0;4921;"Teilesatz, Automatikgetriebe-Ölwechsel"
"A7252703203";285;266;1;18;38;16;3;42,11;0;0;1;0;4921;"Teilesatz, Automatikgetriebe-Ölwechsel"
"A7252703707";5870;5742;30;98;1534;535;151;34,88;0;0;1;0;4921;"Teilesatz, Automatikgetriebe-Ölwechsel"
"A7252707702";66;64;0;2;10;8;3;80;0;0;1;0;4921;"Teilesatz, Automatikgetriebe-Ölwechsel"
"A7252707911";20;10;0;10;2;1;0;50;0;0;0;0;4921;"Teilesatz, Automatikgetriebe-Ölwechsel"
"A7252708704";109;105;0;4;21;6;1;28,57;0;0;1;0;4921;"Teilesatz, Automatikgetriebe-Ölwechsel"
"A7252708804";3707;3582;13;112;745;206;37;27,65;0;0;1;0;4921;"Teilesatz, Automatikgetriebe-Ölwechsel"
"A7252709110";144;137;2;5;8;4;0;50;0;0;1;0;4921;"Teilesatz, Automatikgetriebe-Ölwechsel"
"A7252711201";29;28;0;1;1;1;1;100;0;0;1;0;4921;"Teilesatz, Automatikgetriebe-Ölwechsel"
"A7252711801";256;237;2;17;21;1;1;4,76;0;0;1;0;4921;"Teilesatz, Automatikgetriebe-Ölwechsel"
"A7252712101";250;244;1;5;19;5;3;26,32;0;0;1;0;4921;"Teilesatz, Automatikgetriebe-Ölwechsel"
"A7252715300";448;436;6;6;58;13;5;22,41;0;0;1;0;4921;"Teilesatz, Automatikgetriebe-Ölwechsel"
"A7252716100";194;188;1;5;11;1;1;9,09;0;0;1;0;4921;"Teilesatz, Automatikgetriebe-Ölwechsel"
"DF171752";5;5;0;0;1;1;0;100;0;0;0;0;4921;"Teilesatz, Automatikgetriebe-Ölwechsel"
"ADBP210026";50;43;0;7;12;1;0;8,33;0;0;0;0;4921;"Teilesatz, Automatikgetriebe-Ölwechsel"
"ADBP210047";74;70;0;4;19;3;0;15,79;0;0;0;0;4921;"Teilesatz, Automatikgetriebe-Ölwechsel"
"AGF700800";1;1;0;0;1;1;0;100;0;0;0;0;4921;"Teilesatz, Automatikgetriebe-Ölwechsel"
"AM325433D";41;33;0;8;6;2;0;33,33;0;0;0;0;4921;"Teilesatz, Automatikgetriebe-Ölwechsel"
"ARTIKELINFORMATIEONDERDELENNUMMERAANDUIDINGMODELINDICATIEPRIJSTGAANTAL0C8325435";1;1;0;0;1;1;0;100;0;0;0;0;4921;"Teilesatz, Automatikgetriebe-Ölwechsel"
"AWF21";12;9;0;3;1;1;0;100;0;0;0;0;4921;"Teilesatz, Automatikgetriebe-Ölwechsel"
"B08530";172;166;1;5;35;2;0;5,71;0;0;0;0;4921;"Teilesatz, Automatikgetriebe-Ölwechsel"
"BFO4338";1;1;0;0;1;1;0;100;0;0;0;0;4921;"Teilesatz, Automatikgetriebe-Ölwechsel"
"BL3Z7A191C";18;16;0;2;1;1;0;100;0;0;0;0;4921;"Teilesatz, Automatikgetriebe-Ölwechsel"
"C2C38963";193;172;0;21;27;6;1;22,22;0;0;0;0;4921;"Teilesatz, Automatikgetriebe-Ölwechsel"
"C2C6715";68;59;0;9;12;5;0;41,67;0;0;0;0;4921;"Teilesatz, Automatikgetriebe-Ölwechsel"
"DF171748";13;13;0;0;1;1;0;100;0;0;0;0;4921;"Teilesatz, Automatikgetriebe-Ölwechsel"
"DF171750";6;6;0;0;1;1;0;100;0;0;0;0;4921;"Teilesatz, Automatikgetriebe-Ölwechsel"
"DF171762";5;5;0;0;4;4;0;100;0;0;0;0;4921;"Teilesatz, Automatikgetriebe-Ölwechsel"
"DF171772";1;1;0;0;1;1;0;100;0;0;0;0;4921;"Teilesatz, Automatikgetriebe-Ölwechsel"
"DF171785";7;7;0;0;1;1;0;100;0;0;0;0;4921;"Teilesatz, Automatikgetriebe-Ölwechsel"
"EG896HD414";48;48;0;0;10;1;0;10;0;0;0;0;4921;"Teilesatz, Automatikgetriebe-Ölwechsel"
"EG841HD449";107;104;0;3;21;2;0;9,52;0;0;0;0;4921;"Teilesatz, Automatikgetriebe-Ölwechsel"
"EG855HD345";28;28;0;0;3;1;0;33,33;0;0;0;0;4921;"Teilesatz, Automatikgetriebe-Ölwechsel"
"EG924HD465";15;13;0;2;3;1;0;33,33;0;0;0;0;4921;"Teilesatz, Automatikgetriebe-Ölwechsel"
"F171752";10;9;1;0;2;2;0;100;0;0;0;0;4921;"Teilesatz, Automatikgetriebe-Ölwechsel"
"ELFMATICJ6";62;59;0;3;9;1;0;11,11;0;0;0;0;4921;"Teilesatz, Automatikgetriebe-Ölwechsel"
"F171748";18;18;0;0;5;5;0;100;0;0;0;0;4921;"Teilesatz, Automatikgetriebe-Ölwechsel"
"F171750";6;6;0;0;2;2;0;100;0;0;0;0;4921;"Teilesatz, Automatikgetriebe-Ölwechsel"
"F171762";14;11;3;0;1;1;0;100;0;0;0;0;4921;"Teilesatz, Automatikgetriebe-Ölwechsel"
"F171785";18;17;1;0;5;5;0;100;0;0;0;0;4921;"Teilesatz, Automatikgetriebe-Ölwechsel"
"F176857";6;6;0;0;1;1;0;100;0;0;0;0;4921;"Teilesatz, Automatikgetriebe-Ölwechsel"
"F188362";4;4;0;0;4;4;0;100;0;0;0;0;4921;"Teilesatz, Automatikgetriebe-Ölwechsel"
"F188364";2;1;1;0;1;1;0;100;0;0;0;0;4921;"Teilesatz, Automatikgetriebe-Ölwechsel"
"FE171748";199;186;4;9;58;58;0;100;0;0;0;0;4921;"Teilesatz, Automatikgetriebe-Ölwechsel"
"FB171785";2;1;1;0;1;1;0;100;0;0;0;0;4921;"Teilesatz, Automatikgetriebe-Ölwechsel"
"FE171617";18;16;1;1;5;1;1;20;0;0;0;0;4921;"Teilesatz, Automatikgetriebe-Ölwechsel"
"FE171618";91;87;3;1;20;1;1;5;0;0;0;0;4921;"Teilesatz, Automatikgetriebe-Ölwechsel"
"FE171750";81;76;1;4;26;26;0;100;0;0;0;0;4921;"Teilesatz, Automatikgetriebe-Ölwechsel"
"FE171752";27;27;0;0;9;9;1;100;0;0;0;0;4921;"Teilesatz, Automatikgetriebe-Ölwechsel"
"FE171754";25;25;0;0;5;5;1;100;0;0;0;0;4921;"Teilesatz, Automatikgetriebe-Ölwechsel"
"FE171762";215;192;11;12;57;57;0;100;0;0;0;0;4921;"Teilesatz, Automatikgetriebe-Ölwechsel"
"FE171767";20;19;1;0;7;7;0;100;0;0;0;0;4921;"Teilesatz, Automatikgetriebe-Ölwechsel"
"FE171769";9;8;0;1;1;1;0;100;0;0;0;0;4921;"Teilesatz, Automatikgetriebe-Ölwechsel"
"FE171772";42;39;2;1;10;10;0;100;0;0;0;0;4921;"Teilesatz, Automatikgetriebe-Ölwechsel"
"FE171774";36;33;1;2;7;7;1;100;0;0;0;0;4921;"Teilesatz, Automatikgetriebe-Ölwechsel"
"FE171776";29;27;1;1;5;5;0;100;0;0;0;0;4921;"Teilesatz, Automatikgetriebe-Ölwechsel"
"FE171783";83;81;1;1;23;23;0;100;0;0;0;0;4921;"Teilesatz, Automatikgetriebe-Ölwechsel"
"FE171785";124;118;2;4;44;44;0;100;0;0;0;0;4921;"Teilesatz, Automatikgetriebe-Ölwechsel"
"FE176814";11;8;0;3;2;2;0;100;0;0;0;0;4921;"Teilesatz, Automatikgetriebe-Ölwechsel"
"FE176856";12;12;0;0;2;2;0;100;0;0;0;0;4921;"Teilesatz, Automatikgetriebe-Ölwechsel"
"FE176857";35;32;2;1;3;3;0;100;0;0;0;0;4921;"Teilesatz, Automatikgetriebe-Ölwechsel"
"FE176859";6;6;0;0;1;1;0;100;0;0;0;0;4921;"Teilesatz, Automatikgetriebe-Ölwechsel"
"FE176860";12;11;1;0;4;4;3;100;0;0;0;0;4921;"Teilesatz, Automatikgetriebe-Ölwechsel"
"FE176873";10;8;0;2;1;1;0;100;0;0;0;0;4921;"Teilesatz, Automatikgetriebe-Ölwechsel"
"FE176874";6;5;0;1;3;3;0;100;0;0;0;0;4921;"Teilesatz, Automatikgetriebe-Ölwechsel"
"FE176876";6;5;1;0;1;1;0;100;0;0;0;0;4921;"Teilesatz, Automatikgetriebe-Ölwechsel"
"FE176877";99;97;1;1;39;39;0;100;0;0;0;0;4921;"Teilesatz, Automatikgetriebe-Ölwechsel"
"FE176878";43;43;0;0;7;7;0;100;0;0;0;0;4921;"Teilesatz, Automatikgetriebe-Ölwechsel"
"FE176879";6;5;0;1;2;2;0;100;0;0;0;0;4921;"Teilesatz, Automatikgetriebe-Ölwechsel"
"FE176892";36;32;0;4;1;1;0;100;0;0;0;0;4921;"Teilesatz, Automatikgetriebe-Ölwechsel"
"FE176897";5;4;0;1;1;1;0;100;0;0;0;0;4921;"Teilesatz, Automatikgetriebe-Ölwechsel"
"FE176899";2;2;0;0;1;1;0;100;0;0;0;0;4921;"Teilesatz, Automatikgetriebe-Ölwechsel"
"FE179355";9;9;0;0;1;1;0;100;0;0;0;0;4921;"Teilesatz, Automatikgetriebe-Ölwechsel"
"FE182241";11;8;3;0;2;1;0;50;0;0;0;0;4921;"Teilesatz, Automatikgetriebe-Ölwechsel"
"FE188328";38;37;0;1;3;3;0;100;0;0;0;0;4921;"Teilesatz, Automatikgetriebe-Ölwechsel"
"FE188362";44;42;2;0;6;6;0;100;0;0;0;0;4921;"Teilesatz, Automatikgetriebe-Ölwechsel"
"FE188364";111;99;7;5;11;11;0;100;0;0;0;0;4921;"Teilesatz, Automatikgetriebe-Ölwechsel"
"FE188456";6;5;1;0;1;1;0;100;0;0;0;0;4921;"Teilesatz, Automatikgetriebe-Ölwechsel"
"FEBI171748";4;2;2;0;1;1;0;100;0;0;0;0;4921;"Teilesatz, Automatikgetriebe-Ölwechsel"
"FEBI171762";6;3;3;0;2;2;0;100;0;0;0;0;4921;"Teilesatz, Automatikgetriebe-Ölwechsel"
"FEBI171785";6;6;0;0;2;2;0;100;0;0;0;0;4921;"Teilesatz, Automatikgetriebe-Ölwechsel"
"FEBI188324";2;1;1;0;1;1;0;100;0;0;0;0;4921;"Teilesatz, Automatikgetriebe-Ölwechsel"
"FEBI188362";2;1;1;0;1;1;0;100;0;0;0;0;4921;"Teilesatz, Automatikgetriebe-Ölwechsel"
"G004000M";21;13;0;8;2;2;0;100;0;0;0;0;4921;"Teilesatz, Automatikgetriebe-Ölwechsel"
"FZ0121500";493;467;0;26;91;4;0;4,40;0;0;0;0;4921;"Teilesatz, Automatikgetriebe-Ölwechsel"
"G004000";1337;1227;27;83;205;8;0;3,90;0;0;0;0;4921;"Teilesatz, Automatikgetriebe-Ölwechsel"
"G004000M2";8190;7728;97;365;1828;106;0;5,80;0;0;0;0;4921;"Teilesatz, Automatikgetriebe-Ölwechsel"
"G004000M2KIT";18;18;0;0;4;4;0;100;0;0;0;0;4921;"Teilesatz, Automatikgetriebe-Ölwechsel"
"G052180A2";1565;1525;9;31;291;8;0;2,75;0;0;0;0;4921;"Teilesatz, Automatikgetriebe-Ölwechsel"
"G052182";2694;2653;21;20;547;18;0;3,29;0;0;0;0;4921;"Teilesatz, Automatikgetriebe-Ölwechsel"
"G052182A2";20139;19461;75;603;4826;380;107;7,87;0;0;1;0;4921;"Teilesatz, Automatikgetriebe-Ölwechsel"
"G052182A2KIT";7;7;0;0;1;1;0;100;0;0;0;0;4921;"Teilesatz, Automatikgetriebe-Ölwechsel"
"G052512";932;905;5;22;168;7;0;4,17;0;0;0;0;4921;"Teilesatz, Automatikgetriebe-Ölwechsel"
"G052512A2";5780;5577;31;172;1014;41;0;4,04;0;0;0;1;4921;"Teilesatz, Automatikgetriebe-Ölwechsel"
"G052512A6";136;75;7;54;1;1;0;100;0;0;0;0;4921;"Teilesatz, Automatikgetriebe-Ölwechsel"
"G052516A2";3117;3041;14;62;768;9;0;1,17;0;0;0;0;4921;"Teilesatz, Automatikgetriebe-Ölwechsel"
"G052527A2";8457;8254;45;158;1694;8;0;0,47;0;0;0;0;4921;"Teilesatz, Automatikgetriebe-Ölwechsel"
"G052529";400;396;1;3;75;2;0;2,67;0;0;0;0;4921;"Teilesatz, Automatikgetriebe-Ölwechsel"
"G052529A2";5299;5198;23;78;1176;30;2;2,55;0;0;0;0;4921;"Teilesatz, Automatikgetriebe-Ölwechsel"
"G052549";273;261;3;9;34;3;0;8,82;0;0;0;0;4921;"Teilesatz, Automatikgetriebe-Ölwechsel"
"G052549A2";3544;3409;17;118;388;19;0;4,90;0;0;0;0;4921;"Teilesatz, Automatikgetriebe-Ölwechsel"
"G055512";275;266;3;6;50;3;0;6;0;0;0;0;4921;"Teilesatz, Automatikgetriebe-Ölwechsel"
"G055512A";18;3;15;0;1;1;0;100;0;0;0;0;4921;"Teilesatz, Automatikgetriebe-Ölwechsel"
"G055512A2";6598;6393;41;164;1282;138;0;10,76;0;0;0;0;4921;"Teilesatz, Automatikgetriebe-Ölwechsel"
"G055512AKIT";5;5;0;0;1;1;0;100;0;0;0;0;4921;"Teilesatz, Automatikgetriebe-Ölwechsel"
"G055529";1249;1198;8;43;223;2;0;0,90;0;0;0;0;4921;"Teilesatz, Automatikgetriebe-Ölwechsel"
"G055529A2";19482;19233;67;182;4184;283;23;6,76;0;0;1;1;4921;"Teilesatz, Automatikgetriebe-Ölwechsel"
"G055529A2KIT1";5;3;0;2;1;1;0;100;0;0;0;0;4921;"Teilesatz, Automatikgetriebe-Ölwechsel"
"G060162A2";4777;4563;45;169;872;1;1;0,11;0;0;0;0;4921;"Teilesatz, Automatikgetriebe-Ölwechsel"
"GF0137";3;3;0;0;2;2;0;100;0;0;0;0;4921;"Teilesatz, Automatikgetriebe-Ölwechsel"
"GF0051";6;6;0;0;2;1;0;50;0;0;0;0;4921;"Teilesatz, Automatikgetriebe-Ölwechsel"
"GF0070";8;8;0;0;1;1;1;100;0;0;0;0;4921;"Teilesatz, Automatikgetriebe-Ölwechsel"
"H27001";195;193;0;2;53;2;0;3,77;0;0;1;0;4921;"Teilesatz, Automatikgetriebe-Ölwechsel"
"H182KIT";1045;1038;3;4;366;7;1;1,91;0;0;1;0;4921;"Teilesatz, Automatikgetriebe-Ölwechsel"
"H2014";61;61;0;0;20;1;0;5;0;0;0;0;4921;"Teilesatz, Automatikgetriebe-Ölwechsel"
"H50001";222;219;0;3;36;4;3;11,11;0;0;1;0;4921;"Teilesatz, Automatikgetriebe-Ölwechsel"
"H50002";175;172;0;3;30;6;5;20;0;0;1;0;4921;"Teilesatz, Automatikgetriebe-Ölwechsel"
"H50004";607;602;0;5;153;13;6;8,50;0;0;0;0;4921;"Teilesatz, Automatikgetriebe-Ölwechsel"
"H6003Z";2504;2478;9;17;1003;12;3;1,20;0;0;1;0;4921;"Teilesatz, Automatikgetriebe-Ölwechsel"
"H6005Z";658;655;2;1;206;1;0;0,49;0;0;0;0;4921;"Teilesatz, Automatikgetriebe-Ölwechsel"
"H6031Z";2690;2669;8;13;926;2;0;0,22;0;0;0;0;4921;"Teilesatz, Automatikgetriebe-Ölwechsel"
"HL3Z7A098A";40;29;1;10;5;1;0;20;0;0;0;0;4921;"Teilesatz, Automatikgetriebe-Ölwechsel"
"HG114HD845";265;263;1;1;17;1;0;5,88;0;0;0;0;4921;"Teilesatz, Automatikgetriebe-Ölwechsel"
"HL3P7A191AB";18;14;0;4;2;1;0;50;0;0;0;0;4921;"Teilesatz, Automatikgetriebe-Ölwechsel"
"HX132D";1371;1362;4;5;493;7;2;1,42;0;0;1;0;4921;"Teilesatz, Automatikgetriebe-Ölwechsel"
"HU7JM2C949BA";25;18;0;7;1;1;0;100;0;0;0;0;4921;"Teilesatz, Automatikgetriebe-Ölwechsel"
"HX124D";491;482;2;7;143;8;2;5,59;0;0;1;0;4921;"Teilesatz, Automatikgetriebe-Ölwechsel"
"HX139D";582;573;0;9;155;1;0;0,65;0;0;1;0;4921;"Teilesatz, Automatikgetriebe-Ölwechsel"
"HX147KIT";50;48;1;1;7;1;0;14,29;0;0;0;0;4921;"Teilesatz, Automatikgetriebe-Ölwechsel"
"HX149D";31;30;0;1;10;1;0;10;0;0;0;0;4921;"Teilesatz, Automatikgetriebe-Ölwechsel"
"HX151KIT";757;750;3;4;244;4;0;1,64;0;0;0;0;4921;"Teilesatz, Automatikgetriebe-Ölwechsel"
"HX158D";210;207;1;2;55;2;0;3,64;0;0;0;0;4921;"Teilesatz, Automatikgetriebe-Ölwechsel"
"HX161D";409;398;3;8;96;1;0;1,04;0;0;0;0;4921;"Teilesatz, Automatikgetriebe-Ölwechsel"
"HX184KIT";252;233;4;15;54;13;10;24,07;0;0;1;0;4921;"Teilesatz, Automatikgetriebe-Ölwechsel"
"HX185D";468;462;2;4;111;3;0;2,70;0;0;0;0;4921;"Teilesatz, Automatikgetriebe-Ölwechsel"
"HX186D";364;357;1;6;106;1;0;0,94;0;0;0;0;4921;"Teilesatz, Automatikgetriebe-Ölwechsel"
"HX187KIT";209;207;0;2;45;1;1;2,22;0;0;1;0;4921;"Teilesatz, Automatikgetriebe-Ölwechsel"
"HX190D";1514;1500;7;7;504;5;1;0,99;0;0;1;0;4921;"Teilesatz, Automatikgetriebe-Ölwechsel"
"HX191";130;125;1;4;14;1;0;7,14;0;0;0;0;4921;"Teilesatz, Automatikgetriebe-Ölwechsel"
"HX196KIT";173;162;2;9;29;1;0;3,45;0;0;1;0;4921;"Teilesatz, Automatikgetriebe-Ölwechsel"
"HX230KIT";956;931;5;20;239;18;12;7,53;0;0;1;0;4921;"Teilesatz, Automatikgetriebe-Ölwechsel"
"HX278D";18;15;1;2;2;1;0;50;0;0;0;0;4921;"Teilesatz, Automatikgetriebe-Ölwechsel"
"HX81D";725;717;0;8;262;5;4;1,91;0;0;1;0;4921;"Teilesatz, Automatikgetriebe-Ölwechsel"
"JLM20216";17;17;0;0;4;1;0;25;0;0;0;0;4921;"Teilesatz, Automatikgetriebe-Ölwechsel"
"HÄNDLERARTIKELNUMMER0153500167HERSTELLERARTIKELNUMMER171754";1;1;0;0;1;1;0;100;0;0;0;0;4921;"Teilesatz, Automatikgetriebe-Ölwechsel"
"J1350827";28;28;0;0;6;1;0;16,67;0;0;0;0;4921;"Teilesatz, Automatikgetriebe-Ölwechsel"
"JDE26442";98;92;0;6;16;11;9;68,75;0;0;1;0;4921;"Teilesatz, Automatikgetriebe-Ölwechsel"
"JDE36541";297;283;0;14;69;45;38;65,22;0;0;1;0;4921;"Teilesatz, Automatikgetriebe-Ölwechsel"
"K68233701AC";3;3;0;0;1;1;1;100;0;0;1;0;4921;"Teilesatz, Automatikgetriebe-Ölwechsel"
"K52108325AA";54;53;1;0;11;1;0;9,09;0;0;0;0;4921;"Teilesatz, Automatikgetriebe-Ölwechsel"
"K52854834AB";16;13;0;3;2;2;1;100;0;0;1;0;4921;"Teilesatz, Automatikgetriebe-Ölwechsel"
"K68018555AA";242;217;0;25;40;2;0;5;0;0;0;0;4921;"Teilesatz, Automatikgetriebe-Ölwechsel"
"K68225344AA";80;76;2;2;16;14;12;87,50;0;0;1;0;4921;"Teilesatz, Automatikgetriebe-Ölwechsel"
"KIT828";10;10;0;0;2;2;0;100;0;0;0;1;4921;"Teilesatz, Automatikgetriebe-Ölwechsel"
"KIT821";24;24;0;0;2;2;0;100;0;0;0;1;4921;"Teilesatz, Automatikgetriebe-Ölwechsel"
"KIT825";16;16;0;0;2;2;0;100;0;0;0;1;4921;"Teilesatz, Automatikgetriebe-Ölwechsel"
"KIT836";39;37;0;2;1;1;0;100;0;0;0;1;4921;"Teilesatz, Automatikgetriebe-Ölwechsel"
"KIT844";9;7;0;2;2;2;0;100;0;0;0;1;4921;"Teilesatz, Automatikgetriebe-Ölwechsel"
"LR023288";816;790;4;22;86;1;0;1,16;0;0;0;0;4921;"Teilesatz, Automatikgetriebe-Ölwechsel"
"LR007474";247;231;0;16;38;13;7;34,21;0;0;1;0;4921;"Teilesatz, Automatikgetriebe-Ölwechsel"
"LR022460";179;174;1;4;11;1;0;9,09;0;0;0;0;4921;"Teilesatz, Automatikgetriebe-Ölwechsel"
"LR023294";314;302;0;12;58;33;26;56,90;0;0;1;0;4921;"Teilesatz, Automatikgetriebe-Ölwechsel"
"LR065238";343;335;1;7;80;46;35;57,50;0;0;1;0;4921;"Teilesatz, Automatikgetriebe-Ölwechsel"
"LR114012";71;51;1;19;3;2;2;66,67;0;0;1;0;4921;"Teilesatz, Automatikgetriebe-Ölwechsel"
"MOK0014";39;35;0;4;7;7;0;100;0;0;0;0;4921;"Teilesatz, Automatikgetriebe-Ölwechsel"
"M3001351005";5;4;1;0;1;1;0;100;0;0;0;0;4921;"Teilesatz, Automatikgetriebe-Ölwechsel"
"M31001350130";9;9;0;0;1;1;0;100;0;0;0;0;4921;"Teilesatz, Automatikgetriebe-Ölwechsel"
"MOK0002";5;5;0;0;1;1;0;100;0;0;0;0;4921;"Teilesatz, Automatikgetriebe-Ölwechsel"
"MOK0007";2;2;0;0;1;1;0;100;0;0;0;0;4921;"Teilesatz, Automatikgetriebe-Ölwechsel"
"MOK0015";6;6;0;0;1;1;0;100;0;0;0;0;4921;"Teilesatz, Automatikgetriebe-Ölwechsel"
"MOK0034";13;12;0;1;2;2;0;100;0;0;0;0;4921;"Teilesatz, Automatikgetriebe-Ölwechsel"
"MOK0053";7;6;1;0;2;2;0;100;0;0;0;0;4921;"Teilesatz, Automatikgetriebe-Ölwechsel"
"MOK0056";21;20;0;1;3;3;0;100;0;0;0;0;4921;"Teilesatz, Automatikgetriebe-Ölwechsel"
"MOK0057";18;17;0;1;2;2;0;100;0;0;0;0;4921;"Teilesatz, Automatikgetriebe-Ölwechsel"
"MOK0058";9;7;0;2;3;3;0;100;0;0;0;0;4921;"Teilesatz, Automatikgetriebe-Ölwechsel"
"MOK0059";14;11;0;3;2;2;0;100;0;0;0;0;4921;"Teilesatz, Automatikgetriebe-Ölwechsel"
"MOK0065";19;14;1;4;2;2;0;100;0;0;0;0;4921;"Teilesatz, Automatikgetriebe-Ölwechsel"
"MOK0070";9;9;0;0;5;5;0;100;0;0;0;0;4921;"Teilesatz, Automatikgetriebe-Ölwechsel"
"MOK0074";14;12;0;2;5;5;0;100;0;0;0;0;4921;"Teilesatz, Automatikgetriebe-Ölwechsel"
"MOK0075";17;12;0;5;3;3;0;100;0;0;0;0;4921;"Teilesatz, Automatikgetriebe-Ölwechsel"
"MOK0081";6;5;0;1;2;2;0;100;0;0;0;0;4921;"Teilesatz, Automatikgetriebe-Ölwechsel"
"MOK0082";2;2;0;0;1;1;0;100;0;0;0;0;4921;"Teilesatz, Automatikgetriebe-Ölwechsel"
"MOK0084";44;44;0;0;8;8;0;100;0;0;0;0;4921;"Teilesatz, Automatikgetriebe-Ölwechsel"
"MOK0085";7;7;0;0;2;2;0;100;0;0;0;0;4921;"Teilesatz, Automatikgetriebe-Ölwechsel"
"MOK0087";5;4;0;1;1;1;0;100;0;0;0;0;4921;"Teilesatz, Automatikgetriebe-Ölwechsel"
"MOK0103";2;2;0;0;1;1;0;100;0;0;0;0;4921;"Teilesatz, Automatikgetriebe-Ölwechsel"
"MOK0114";40;30;0;10;4;4;0;100;0;0;0;0;4921;"Teilesatz, Automatikgetriebe-Ölwechsel"
"MOK0119";12;11;0;1;1;1;0;100;0;0;0;0;4921;"Teilesatz, Automatikgetriebe-Ölwechsel"
"MOK0121";2;2;0;0;1;1;0;100;0;0;0;0;4921;"Teilesatz, Automatikgetriebe-Ölwechsel"
"MOK0132";23;19;2;2;6;5;0;83,33;0;0;0;0;4921;"Teilesatz, Automatikgetriebe-Ölwechsel"
"MOK0141";2;2;0;0;1;1;0;100;0;0;0;0;4921;"Teilesatz, Automatikgetriebe-Ölwechsel"
"MOK0166";8;8;0;0;1;1;0;100;0;0;0;0;4921;"Teilesatz, Automatikgetriebe-Ölwechsel"
"MOK0197";10;10;0;0;1;1;0;100;0;0;0;0;4921;"Teilesatz, Automatikgetriebe-Ölwechsel"
"MOK0206";9;8;0;1;2;2;0;100;0;0;0;0;4921;"Teilesatz, Automatikgetriebe-Ölwechsel"
"N0138275";272;270;2;0;86;1;1;1,16;0;0;1;0;4921;"Teilesatz, Automatikgetriebe-Ölwechsel"
"N007603010112";114;98;1;15;7;1;0;14,29;0;0;1;0;4921;"Teilesatz, Automatikgetriebe-Ölwechsel"
"N007603012102";841;810;4;27;191;2;1;1,05;0;0;1;0;4921;"Teilesatz, Automatikgetriebe-Ölwechsel"
"N0438092";3452;3380;21;51;1018;122;119;11,98;0;0;1;0;4921;"Teilesatz, Automatikgetriebe-Ölwechsel"
"N10037105";856;819;5;32;274;8;0;2,92;0;0;0;0;4921;"Teilesatz, Automatikgetriebe-Ölwechsel"
"N90666003";1020;992;4;24;391;2;1;0,51;0;0;1;0;4921;"Teilesatz, Automatikgetriebe-Ölwechsel"
"N91084501";1929;1905;7;17;287;7;7;2,44;0;0;1;1;4921;"Teilesatz, Automatikgetriebe-Ölwechsel"
"PAB39804703";13;9;0;4;1;1;1;100;0;0;1;0;4921;"Teilesatz, Automatikgetriebe-Ölwechsel"
"PAB398009";82;70;0;12;15;9;9;60;0;0;1;0;4921;"Teilesatz, Automatikgetriebe-Ölwechsel"
"PAB39800901";117;98;0;19;10;7;7;70;0;0;1;0;4921;"Teilesatz, Automatikgetriebe-Ölwechsel"
"PAC325330";155;153;1;1;49;4;0;8,16;0;0;1;0;4921;"Teilesatz, Automatikgetriebe-Ölwechsel"
"TCM1051010019";13;13;0;0;2;2;0;100;0;0;0;0;4921;"Teilesatz, Automatikgetriebe-Ölwechsel"
"SA1103298113";2;2;0;0;1;1;1;100;0;0;0;0;4921;"Teilesatz, Automatikgetriebe-Ölwechsel"
"TCM1051010003";1;1;0;0;1;1;0;100;0;0;0;0;4921;"Teilesatz, Automatikgetriebe-Ölwechsel"
"TCM1051010012";4;4;0;0;1;1;0;100;0;0;0;0;4921;"Teilesatz, Automatikgetriebe-Ölwechsel"
"TCM1051010020";5;5;0;0;2;2;0;100;0;0;0;0;4921;"Teilesatz, Automatikgetriebe-Ölwechsel"
"TCM1051060005";10;10;0;0;4;4;0;100;0;0;0;0;4921;"Teilesatz, Automatikgetriebe-Ölwechsel"
"TCM1051060017";7;7;0;0;2;2;0;100;0;0;0;0;4921;"Teilesatz, Automatikgetriebe-Ölwechsel"
"TCM1051060018";3;3;0;0;1;1;0;100;0;0;0;0;4921;"Teilesatz, Automatikgetriebe-Ölwechsel"
"TCM1051060022";14;14;0;0;2;2;0;100;0;0;0;0;4921;"Teilesatz, Automatikgetriebe-Ölwechsel"
"TCM1051070002";5;5;0;0;1;1;0;100;0;0;0;0;4921;"Teilesatz, Automatikgetriebe-Ölwechsel"
"TCM1051070005";10;10;0;0;1;1;0;100;0;0;0;0;4921;"Teilesatz, Automatikgetriebe-Ölwechsel"
"TCM1051080004";6;5;1;0;1;1;0;100;0;0;0;0;4921;"Teilesatz, Automatikgetriebe-Ölwechsel"
"TCM1051080011";5;4;1;0;1;1;0;100;0;0;0;0;4921;"Teilesatz, Automatikgetriebe-Ölwechsel"
"TCM1051081012";3;3;0;0;1;1;0;100;0;0;0;0;4921;"Teilesatz, Automatikgetriebe-Ölwechsel"
"TCM1051090001";5;5;0;0;1;1;0;100;0;0;0;0;4921;"Teilesatz, Automatikgetriebe-Ölwechsel"
"TCM1051111018";2;2;0;0;1;1;1;100;0;0;0;0;4921;"Teilesatz, Automatikgetriebe-Ölwechsel"
"TCM1051120001";1;1;0;0;1;1;0;100;0;0;0;0;4921;"Teilesatz, Automatikgetriebe-Ölwechsel"
"TCM1051120003";7;4;3;0;1;1;0;100;0;0;0;0;4921;"Teilesatz, Automatikgetriebe-Ölwechsel"
"TED500010";112;96;0;16;11;4;0;36,36;0;0;0;0;4921;"Teilesatz, Automatikgetriebe-Ölwechsel"
"TEILEINFORMATIONTEILENUMMERBENENNUNGMODELLANGABEPREISTGMENGE0B5325330A";1;1;0;0;2;1;1;50;0;0;0;0;4921;"Teilesatz, Automatikgetriebe-Ölwechsel"
"TEK013";159;144;0;15;7;2;0;28,57;0;0;0;0;4921;"Teilesatz, Automatikgetriebe-Ölwechsel"
"TEK018";353;339;0;14;27;2;0;7,41;0;0;0;0;4921;"Teilesatz, Automatikgetriebe-Ölwechsel"
"TEK032";114;105;0;9;14;1;0;7,14;0;0;0;0;4921;"Teilesatz, Automatikgetriebe-Ölwechsel"
"TEK047";76;61;1;14;9;3;0;33,33;0;0;0;0;4921;"Teilesatz, Automatikgetriebe-Ölwechsel"
"TEK048";71;56;0;15;10;1;0;10;0;0;0;0;4921;"Teilesatz, Automatikgetriebe-Ölwechsel"
"TEK049";323;285;0;38;22;1;0;4,55;0;0;0;0;4921;"Teilesatz, Automatikgetriebe-Ölwechsel"
"TEK059";250;230;0;20;23;2;0;8,70;0;0;0;0;4921;"Teilesatz, Automatikgetriebe-Ölwechsel"
"TF81";3;2;1;0;1;1;0;100;0;0;0;0;4921;"Teilesatz, Automatikgetriebe-Ölwechsel"
"TK008";136;131;0;5;20;2;0;10;0;0;0;0;4921;"Teilesatz, Automatikgetriebe-Ölwechsel"
"THE500031";16;16;0;0;6;2;0;33,33;0;0;0;0;4921;"Teilesatz, Automatikgetriebe-Ölwechsel"
"TK006";202;199;0;3;40;1;0;2,50;0;0;0;0;4921;"Teilesatz, Automatikgetriebe-Ölwechsel"
"V100755";14;12;2;0;6;2;2;33,33;0;0;1;0;4921;"Teilesatz, Automatikgetriebe-Ölwechsel"
"TZV500010";42;37;0;5;5;1;0;20;0;0;0;0;4921;"Teilesatz, Automatikgetriebe-Ölwechsel"
"V100385";12;12;0;0;6;1;0;16,67;0;0;0;0;4921;"Teilesatz, Automatikgetriebe-Ölwechsel"
"V100440";98;97;0;1;23;1;0;4,35;0;0;1;0;4921;"Teilesatz, Automatikgetriebe-Ölwechsel"
"V100757";5;5;0;0;2;1;0;50;0;0;0;0;4921;"Teilesatz, Automatikgetriebe-Ölwechsel"
"V102224";13;13;0;0;5;2;0;40;0;0;1;0;4921;"Teilesatz, Automatikgetriebe-Ölwechsel"
"V102289";30;30;0;0;7;3;1;42,86;0;0;1;0;4921;"Teilesatz, Automatikgetriebe-Ölwechsel"
"V102361";9;8;0;1;3;1;0;33,33;0;0;0;0;4921;"Teilesatz, Automatikgetriebe-Ölwechsel"
"V103018";70;68;0;2;21;1;0;4,76;0;0;1;0;4921;"Teilesatz, Automatikgetriebe-Ölwechsel"
"V103025";525;523;2;0;129;128;1;99,22;0;0;1;1;4921;"Teilesatz, Automatikgetriebe-Ölwechsel"
"V103025VIE";6;6;0;0;5;5;0;100;0;0;0;0;4921;"Teilesatz, Automatikgetriebe-Ölwechsel"
"V103025XXL";134;134;0;0;34;33;0;97,06;0;0;0;1;4921;"Teilesatz, Automatikgetriebe-Ölwechsel"
"V103213";15;15;0;0;1;1;0;100;0;0;1;1;4921;"Teilesatz, Automatikgetriebe-Ölwechsel"
"V103213BEK";9;9;0;0;2;2;0;100;0;0;1;1;4921;"Teilesatz, Automatikgetriebe-Ölwechsel"
"V103214";26;26;0;0;4;4;0;100;0;0;1;1;4921;"Teilesatz, Automatikgetriebe-Ölwechsel"
"V103214BEK";8;7;0;1;3;3;0;100;0;0;1;1;4921;"Teilesatz, Automatikgetriebe-Ölwechsel"
"V103214XXL";6;6;0;0;1;1;0;100;0;0;0;1;4921;"Teilesatz, Automatikgetriebe-Ölwechsel"
"V103215";11;11;0;0;2;2;0;100;0;0;1;1;4921;"Teilesatz, Automatikgetriebe-Ölwechsel"
"V103217";11;11;0;0;1;1;0;100;0;0;1;1;4921;"Teilesatz, Automatikgetriebe-Ölwechsel"
"V103218";26;26;0;0;4;4;0;100;0;0;1;1;4921;"Teilesatz, Automatikgetriebe-Ölwechsel"
"V103218BEK";7;7;0;0;1;1;0;100;0;0;1;1;4921;"Teilesatz, Automatikgetriebe-Ölwechsel"
"V103220";185;181;2;2;47;47;0;100;0;0;1;1;4921;"Teilesatz, Automatikgetriebe-Ölwechsel"
"V103220BEK";106;106;0;0;28;27;0;96,43;0;0;0;1;4921;"Teilesatz, Automatikgetriebe-Ölwechsel"
"V103220XXL";46;46;0;0;7;7;0;100;0;0;0;1;4921;"Teilesatz, Automatikgetriebe-Ölwechsel"
"V103222";54;54;0;0;10;9;0;90;0;0;1;1;4921;"Teilesatz, Automatikgetriebe-Ölwechsel"
"V103222BEK";23;23;0;0;2;1;1;50;0;0;1;1;4921;"Teilesatz, Automatikgetriebe-Ölwechsel"
"V103223";473;463;3;7;93;91;0;97,85;0;0;1;1;4921;"Teilesatz, Automatikgetriebe-Ölwechsel"
"V103223VIE";9;6;3;0;1;1;0;100;0;0;0;0;4921;"Teilesatz, Automatikgetriebe-Ölwechsel"
"V103223XXL";61;61;0;0;16;13;0;81,25;0;0;0;1;4921;"Teilesatz, Automatikgetriebe-Ölwechsel"
"V103223XXLVAICO";8;8;0;0;1;1;0;100;0;0;0;0;4921;"Teilesatz, Automatikgetriebe-Ölwechsel"
"V103225";40;40;0;0;7;7;3;100;0;0;1;1;4921;"Teilesatz, Automatikgetriebe-Ölwechsel"
"V103225BEK";3;3;0;0;1;1;1;100;0;0;1;1;4921;"Teilesatz, Automatikgetriebe-Ölwechsel"
"V103225XXL";11;11;0;0;1;1;0;100;0;0;0;1;4921;"Teilesatz, Automatikgetriebe-Ölwechsel"
"V103226";11;11;0;0;2;2;1;100;0;0;1;1;4921;"Teilesatz, Automatikgetriebe-Ölwechsel"
"V103226XXL";11;11;0;0;1;1;0;100;0;0;0;1;4921;"Teilesatz, Automatikgetriebe-Ölwechsel"
"V103231";97;96;1;0;20;19;0;95;0;0;1;1;4921;"Teilesatz, Automatikgetriebe-Ölwechsel"
"V103231XXL";13;13;0;0;3;3;0;100;0;0;0;1;4921;"Teilesatz, Automatikgetriebe-Ölwechsel"
"V103293";6;6;0;0;2;2;0;100;0;0;0;1;4921;"Teilesatz, Automatikgetriebe-Ölwechsel"
"V103302";11;10;0;1;4;2;0;50;0;0;1;0;4921;"Teilesatz, Automatikgetriebe-Ölwechsel"
"V103847";22;21;0;1;3;3;0;100;0;0;0;1;4921;"Teilesatz, Automatikgetriebe-Ölwechsel"
"V103847BEK";8;8;0;0;2;2;0;100;0;0;0;1;4921;"Teilesatz, Automatikgetriebe-Ölwechsel"
"V104722";43;43;0;0;7;1;0;14,29;0;0;1;0;4921;"Teilesatz, Automatikgetriebe-Ölwechsel"
"V104991";657;648;6;3;169;162;0;95,86;0;0;1;1;4921;"Teilesatz, Automatikgetriebe-Ölwechsel"
"V104991SP";122;119;3;0;24;24;0;100;0;0;0;1;4921;"Teilesatz, Automatikgetriebe-Ölwechsel"
"V104991VIE";6;5;1;0;2;2;0;100;0;0;0;0;4921;"Teilesatz, Automatikgetriebe-Ölwechsel"
"V104991XXL";142;141;0;1;30;30;0;100;0;0;0;1;4921;"Teilesatz, Automatikgetriebe-Ölwechsel"
"V105390";454;451;2;1;56;55;0;98,21;0;0;0;1;4921;"Teilesatz, Automatikgetriebe-Ölwechsel"
"V105390BEK";267;265;1;1;33;31;0;93,94;0;0;0;1;4921;"Teilesatz, Automatikgetriebe-Ölwechsel"
"V105390SP";301;277;0;24;65;63;0;96,92;0;0;0;1;4921;"Teilesatz, Automatikgetriebe-Ölwechsel"
"V105390XXL";69;68;1;0;10;10;0;100;0;0;0;1;4921;"Teilesatz, Automatikgetriebe-Ölwechsel"
"V105391";285;283;1;1;62;8;0;12,90;0;0;0;0;4921;"Teilesatz, Automatikgetriebe-Ölwechsel"
"V105394";20;19;0;1;3;1;0;33,33;0;0;0;0;4921;"Teilesatz, Automatikgetriebe-Ölwechsel"
"V105540";36;36;0;0;8;8;0;100;0;0;0;1;4921;"Teilesatz, Automatikgetriebe-Ölwechsel"
"V105540XXL";21;21;0;0;2;2;0;100;0;0;0;1;4921;"Teilesatz, Automatikgetriebe-Ölwechsel"
"V105541";36;36;0;0;8;8;0;100;0;0;0;1;4921;"Teilesatz, Automatikgetriebe-Ölwechsel"
"V105541XXL";10;10;0;0;2;2;0;100;0;0;0;1;4921;"Teilesatz, Automatikgetriebe-Ölwechsel"
"V105546";18;18;0;0;4;3;0;75;0;0;0;1;4921;"Teilesatz, Automatikgetriebe-Ölwechsel"
"V105546XXL";15;15;0;0;3;2;0;66,67;0;0;0;1;4921;"Teilesatz, Automatikgetriebe-Ölwechsel"
"V105582";726;714;6;6;117;114;0;97,44;0;0;0;1;4921;"Teilesatz, Automatikgetriebe-Ölwechsel"
"V105582SP1";252;249;1;2;68;60;0;88,24;0;0;0;1;4921;"Teilesatz, Automatikgetriebe-Ölwechsel"
"V105582SP2";190;187;0;3;58;58;0;100;0;0;0;1;4921;"Teilesatz, Automatikgetriebe-Ölwechsel"
"V106764";288;283;1;4;51;1;0;1,96;0;0;0;0;4921;"Teilesatz, Automatikgetriebe-Ölwechsel"
"V107344";32;32;0;0;4;4;0;100;0;0;0;1;4921;"Teilesatz, Automatikgetriebe-Ölwechsel"
"V107344XXL";29;29;0;0;1;1;0;100;0;0;0;1;4921;"Teilesatz, Automatikgetriebe-Ölwechsel"
"V107674";18;17;0;1;3;3;0;100;0;0;0;0;4921;"Teilesatz, Automatikgetriebe-Ölwechsel"
"V108007";40;40;0;0;3;3;0;100;0;0;1;1;4921;"Teilesatz, Automatikgetriebe-Ölwechsel"
"V108007XXL";17;17;0;0;2;1;0;50;0;0;0;1;4921;"Teilesatz, Automatikgetriebe-Ölwechsel"
"V109347";110;106;1;3;19;14;0;73,68;0;0;0;1;4921;"Teilesatz, Automatikgetriebe-Ölwechsel"
"V109347VIE";2;2;0;0;1;1;0;100;0;0;0;0;4921;"Teilesatz, Automatikgetriebe-Ölwechsel"
"V109399";6;5;0;1;1;1;0;100;0;0;0;1;4921;"Teilesatz, Automatikgetriebe-Ölwechsel"
"V200582";35;34;0;1;6;3;0;50;0;0;0;0;4921;"Teilesatz, Automatikgetriebe-Ölwechsel"
"V200586";34;34;0;0;10;1;0;10;0;0;0;0;4921;"Teilesatz, Automatikgetriebe-Ölwechsel"
"V200587";119;117;0;2;17;3;0;17,65;0;0;0;0;4921;"Teilesatz, Automatikgetriebe-Ölwechsel"
"V200588";111;110;0;1;35;4;4;11,43;0;0;1;0;4921;"Teilesatz, Automatikgetriebe-Ölwechsel"
"V202081";8;8;0;0;2;1;0;50;0;0;1;1;4921;"Teilesatz, Automatikgetriebe-Ölwechsel"
"V202082XXL";4;4;0;0;1;1;0;100;0;0;0;1;4921;"Teilesatz, Automatikgetriebe-Ölwechsel"
"V202084";9;9;0;0;2;2;0;100;0;0;0;1;4921;"Teilesatz, Automatikgetriebe-Ölwechsel"
"V202085";8;8;0;0;1;1;0;100;0;0;1;1;4921;"Teilesatz, Automatikgetriebe-Ölwechsel"
"V202086";8;8;0;0;1;1;1;100;0;0;1;1;4921;"Teilesatz, Automatikgetriebe-Ölwechsel"
"V202088";43;43;0;0;6;6;1;100;0;0;1;1;4921;"Teilesatz, Automatikgetriebe-Ölwechsel"
"V202088XXL";17;17;0;0;3;3;0;100;0;0;0;1;4921;"Teilesatz, Automatikgetriebe-Ölwechsel"
"V202089";50;49;1;0;5;5;1;100;0;0;1;1;4921;"Teilesatz, Automatikgetriebe-Ölwechsel"
"V202089BEK";14;14;0;0;2;2;0;100;0;0;1;1;4921;"Teilesatz, Automatikgetriebe-Ölwechsel"
"V202090";114;113;1;0;20;19;3;95;0;0;1;1;4921;"Teilesatz, Automatikgetriebe-Ölwechsel"
"V202090XXL";39;39;0;0;7;6;0;85,71;0;0;0;1;4921;"Teilesatz, Automatikgetriebe-Ölwechsel"
"V202091";1;1;0;0;1;1;0;100;0;0;0;1;4921;"Teilesatz, Automatikgetriebe-Ölwechsel"
"V202092";7;7;0;0;3;3;0;100;0;0;0;1;4921;"Teilesatz, Automatikgetriebe-Ölwechsel"
"V202094";16;16;0;0;2;2;0;100;0;0;0;1;4921;"Teilesatz, Automatikgetriebe-Ölwechsel"
"V202094XXL";2;2;0;0;1;1;0;100;0;0;0;1;4921;"Teilesatz, Automatikgetriebe-Ölwechsel"
"V202095";1;1;0;0;1;1;0;100;0;0;0;1;4921;"Teilesatz, Automatikgetriebe-Ölwechsel"
"V202742";25;23;2;0;4;4;0;100;0;0;0;1;4921;"Teilesatz, Automatikgetriebe-Ölwechsel"
"V202742BEK";43;43;0;0;8;7;0;87,50;0;0;0;1;4921;"Teilesatz, Automatikgetriebe-Ölwechsel"
"V204061";3;3;0;0;1;1;0;100;0;0;1;1;4921;"Teilesatz, Automatikgetriebe-Ölwechsel"
"V204186";231;230;1;0;52;51;0;98,08;0;0;0;1;4921;"Teilesatz, Automatikgetriebe-Ölwechsel"
"V204186VIE";1;1;0;0;1;1;0;100;0;0;0;0;4921;"Teilesatz, Automatikgetriebe-Ölwechsel"
"V204186XXL";63;63;0;0;10;9;0;90;0;0;0;1;4921;"Teilesatz, Automatikgetriebe-Ölwechsel"
"V204300";820;748;13;59;147;125;0;85,03;0;0;0;1;4921;"Teilesatz, Automatikgetriebe-Ölwechsel"
"V204300VAICO";7;6;1;0;2;2;0;100;0;0;0;0;4921;"Teilesatz, Automatikgetriebe-Ölwechsel"
"V204670";273;199;5;69;21;21;0;100;0;0;0;1;4921;"Teilesatz, Automatikgetriebe-Ölwechsel"
"V204670VIE";2;2;0;0;1;1;0;100;0;0;0;0;4921;"Teilesatz, Automatikgetriebe-Ölwechsel"
"V204670XXL";54;34;0;20;3;3;0;100;0;0;0;1;4921;"Teilesatz, Automatikgetriebe-Ölwechsel"
"V204993";35;18;3;14;6;6;0;100;0;0;0;1;4921;"Teilesatz, Automatikgetriebe-Ölwechsel"
"V204993XXL";13;10;1;2;2;2;0;100;0;0;0;1;4921;"Teilesatz, Automatikgetriebe-Ölwechsel"
"V205250";9;7;2;0;1;1;0;100;0;0;1;1;4921;"Teilesatz, Automatikgetriebe-Ölwechsel"
"V220314";9;9;0;0;1;1;0;100;0;0;0;0;4921;"Teilesatz, Automatikgetriebe-Ölwechsel"
"V220315";11;11;0;0;4;1;0;25;0;0;0;0;4921;"Teilesatz, Automatikgetriebe-Ölwechsel"
"V220737";45;45;0;0;8;4;0;50;0;0;0;1;4921;"Teilesatz, Automatikgetriebe-Ölwechsel"
"V220737BEK";10;10;0;0;2;1;0;50;0;0;0;1;4921;"Teilesatz, Automatikgetriebe-Ölwechsel"
"V220737XXL";7;7;0;0;1;1;0;100;0;0;0;1;4921;"Teilesatz, Automatikgetriebe-Ölwechsel"
"V221096";10;10;0;0;3;1;0;33,33;0;0;0;0;4921;"Teilesatz, Automatikgetriebe-Ölwechsel"
"V250130";79;79;0;0;36;3;1;8,33;0;0;1;0;4921;"Teilesatz, Automatikgetriebe-Ölwechsel"
"V250796";213;213;0;0;60;55;0;91,67;0;0;1;1;4921;"Teilesatz, Automatikgetriebe-Ölwechsel"
"V250796VIE";4;2;2;0;1;1;0;100;0;0;0;0;4921;"Teilesatz, Automatikgetriebe-Ölwechsel"
"V250796XXL";85;85;0;0;20;19;0;95;0;0;0;1;4921;"Teilesatz, Automatikgetriebe-Ölwechsel"
"V250797";5;5;0;0;1;1;0;100;0;0;0;1;4921;"Teilesatz, Automatikgetriebe-Ölwechsel"
"V252191";176;160;2;14;26;25;0;96,15;0;0;0;1;4921;"Teilesatz, Automatikgetriebe-Ölwechsel"
"V252191BEK";31;17;0;14;3;2;0;66,67;0;0;0;1;4921;"Teilesatz, Automatikgetriebe-Ölwechsel"
"V252191XXL";32;28;0;4;4;4;0;100;0;0;0;1;4921;"Teilesatz, Automatikgetriebe-Ölwechsel"
"V252253";69;68;0;1;8;8;0;100;0;0;0;1;4921;"Teilesatz, Automatikgetriebe-Ölwechsel"
"V252253XXL";28;27;1;0;1;1;0;100;0;0;0;1;4921;"Teilesatz, Automatikgetriebe-Ölwechsel"
"V252987";112;69;1;42;9;9;0;100;0;0;0;1;4921;"Teilesatz, Automatikgetriebe-Ölwechsel"
"V252987XXL";53;27;0;26;5;5;0;100;0;0;0;1;4921;"Teilesatz, Automatikgetriebe-Ölwechsel"
"V252987XXLVIE";1;1;0;0;1;1;0;100;0;0;0;0;4921;"Teilesatz, Automatikgetriebe-Ölwechsel"
"V252991";5;4;0;1;2;2;0;100;0;0;0;1;4921;"Teilesatz, Automatikgetriebe-Ölwechsel"
"V301928";219;217;1;1;52;6;0;11,54;0;0;0;0;4921;"Teilesatz, Automatikgetriebe-Ölwechsel"
"V301452";61;61;0;0;23;2;0;8,70;0;0;1;0;4921;"Teilesatz, Automatikgetriebe-Ölwechsel"
"V301453";17;17;0;0;5;1;0;20;0;0;1;0;4921;"Teilesatz, Automatikgetriebe-Ölwechsel"
"V302175";143;139;4;0;32;2;0;6,25;0;0;0;0;4921;"Teilesatz, Automatikgetriebe-Ölwechsel"
"V302252";64;63;1;0;12;12;0;100;0;0;1;1;4921;"Teilesatz, Automatikgetriebe-Ölwechsel"
"V302252BEK";14;14;0;0;3;3;0;100;0;0;0;1;4921;"Teilesatz, Automatikgetriebe-Ölwechsel"
"V302252XXL";3;3;0;0;1;1;0;100;0;0;0;1;4921;"Teilesatz, Automatikgetriebe-Ölwechsel"
"V302253";39;38;0;1;9;9;0;100;0;0;1;1;4921;"Teilesatz, Automatikgetriebe-Ölwechsel"
"V302253BEK";13;13;0;0;2;2;0;100;0;0;0;1;4921;"Teilesatz, Automatikgetriebe-Ölwechsel"
"V302254";134;131;2;1;30;25;0;83,33;0;0;1;1;4921;"Teilesatz, Automatikgetriebe-Ölwechsel"
"V302254BEK";57;56;0;1;9;6;0;66,67;0;0;0;1;4921;"Teilesatz, Automatikgetriebe-Ölwechsel"
"V302254SP";35;35;0;0;9;8;0;88,89;0;0;0;1;4921;"Teilesatz, Automatikgetriebe-Ölwechsel"
"V302254VIE";1;1;0;0;1;1;0;100;0;0;0;0;4921;"Teilesatz, Automatikgetriebe-Ölwechsel"
"V302254XXL";24;24;0;0;6;6;0;100;0;0;0;1;4921;"Teilesatz, Automatikgetriebe-Ölwechsel"
"V302255";19;18;1;0;3;3;0;100;0;0;0;1;4921;"Teilesatz, Automatikgetriebe-Ölwechsel"
"V302255BEK";7;6;0;1;1;1;0;100;0;0;0;1;4921;"Teilesatz, Automatikgetriebe-Ölwechsel"
"V302256";228;227;0;1;54;43;0;79,63;0;0;1;1;4921;"Teilesatz, Automatikgetriebe-Ölwechsel"
"V302256BEK";120;118;2;0;32;28;2;87,50;0;0;1;1;4921;"Teilesatz, Automatikgetriebe-Ölwechsel"
"V302256BEKVIE";3;3;0;0;1;1;0;100;0;0;0;0;4921;"Teilesatz, Automatikgetriebe-Ölwechsel"
"V302256XXL";84;84;0;0;18;17;0;94,44;0;0;0;1;4921;"Teilesatz, Automatikgetriebe-Ölwechsel"
"V302256XXLVAICO";2;2;0;0;1;1;0;100;0;0;0;0;4921;"Teilesatz, Automatikgetriebe-Ölwechsel"
"V302256XXLVIE";1;0;1;0;1;1;0;100;0;0;0;0;4921;"Teilesatz, Automatikgetriebe-Ölwechsel"
"V302257";299;293;3;3;58;58;0;100;0;0;1;1;4921;"Teilesatz, Automatikgetriebe-Ölwechsel"
"V302257BEK";197;196;1;0;33;27;2;81,82;0;0;1;1;4921;"Teilesatz, Automatikgetriebe-Ölwechsel"
"V302257XXL";40;39;0;1;9;9;0;100;0;0;0;1;4921;"Teilesatz, Automatikgetriebe-Ölwechsel"
"V302257XXLVAICO";1;1;0;0;1;1;0;100;0;0;0;0;4921;"Teilesatz, Automatikgetriebe-Ölwechsel"
"V302258";56;56;0;0;9;9;0;100;0;0;1;1;4921;"Teilesatz, Automatikgetriebe-Ölwechsel"
"V302258BEK";39;38;1;0;9;7;0;77,78;0;0;0;1;4921;"Teilesatz, Automatikgetriebe-Ölwechsel"
"V302258XXL";26;26;0;0;7;7;0;100;0;0;0;1;4921;"Teilesatz, Automatikgetriebe-Ölwechsel"
"V302377";524;519;4;1;92;92;1;100;0;0;1;1;4921;"Teilesatz, Automatikgetriebe-Ölwechsel"
"V302377BEK";304;301;0;3;72;52;4;72,22;0;0;1;1;4921;"Teilesatz, Automatikgetriebe-Ölwechsel"
"V302377BEKVAICO";10;10;0;0;1;1;0;100;0;0;0;0;4921;"Teilesatz, Automatikgetriebe-Ölwechsel"
"V302377XXL";79;78;1;0;17;17;0;100;0;0;0;1;4921;"Teilesatz, Automatikgetriebe-Ölwechsel"
"V302377XXLVAICO";1;1;0;0;1;1;0;100;0;0;0;0;4921;"Teilesatz, Automatikgetriebe-Ölwechsel"
"V302682";45;44;0;1;8;2;0;25;0;0;0;0;4921;"Teilesatz, Automatikgetriebe-Ölwechsel"
"V303695XXL";8;4;0;4;1;1;0;100;0;0;0;1;4921;"Teilesatz, Automatikgetriebe-Ölwechsel"
"V303696";142;119;2;21;14;11;0;78,57;0;0;1;1;4921;"Teilesatz, Automatikgetriebe-Ölwechsel"
"V303696XXL";31;28;1;2;2;2;0;100;0;0;0;1;4921;"Teilesatz, Automatikgetriebe-Ölwechsel"
"V303957";254;218;6;30;44;44;0;100;0;0;0;1;4921;"Teilesatz, Automatikgetriebe-Ölwechsel"
"V303957BEK";122;78;3;41;7;7;0;100;0;0;0;1;4921;"Teilesatz, Automatikgetriebe-Ölwechsel"
"V303957SP";56;47;1;8;7;7;0;100;0;0;0;1;4921;"Teilesatz, Automatikgetriebe-Ölwechsel"
"V303957XXL";33;28;1;4;2;2;0;100;0;0;0;1;4921;"Teilesatz, Automatikgetriebe-Ölwechsel"
"V304427";59;40;0;19;5;4;0;80;0;0;0;1;4921;"Teilesatz, Automatikgetriebe-Ölwechsel"
"V304427BEK";29;20;1;8;7;6;0;85,71;0;0;0;1;4921;"Teilesatz, Automatikgetriebe-Ölwechsel"
"V304427XXL";21;19;0;2;2;1;0;50;0;0;0;1;4921;"Teilesatz, Automatikgetriebe-Ölwechsel"
"V304755";24;24;0;0;4;4;0;100;0;0;0;1;4921;"Teilesatz, Automatikgetriebe-Ölwechsel"
"V304755BEK";5;5;0;0;2;2;0;100;0;0;0;1;4921;"Teilesatz, Automatikgetriebe-Ölwechsel"
"V304756";5;5;0;0;1;1;0;100;0;0;0;1;4921;"Teilesatz, Automatikgetriebe-Ölwechsel"
"V304756BEK";12;12;0;0;1;1;0;100;0;0;0;1;4921;"Teilesatz, Automatikgetriebe-Ölwechsel"
"V307315";17;17;0;0;3;1;0;33,33;0;0;0;0;4921;"Teilesatz, Automatikgetriebe-Ölwechsel"
"V307316";27;26;0;1;4;1;0;25;0;0;1;0;4921;"Teilesatz, Automatikgetriebe-Ölwechsel"
"V320194";64;63;0;1;6;3;0;50;0;0;0;1;4921;"Teilesatz, Automatikgetriebe-Ölwechsel"
"V320194XXL";19;18;0;1;1;1;0;100;0;0;0;1;4921;"Teilesatz, Automatikgetriebe-Ölwechsel"
"V330533";114;110;0;4;15;10;0;66,67;0;0;0;1;4921;"Teilesatz, Automatikgetriebe-Ölwechsel"
"V330533XXL";38;37;0;1;3;2;0;66,67;0;0;0;1;4921;"Teilesatz, Automatikgetriebe-Ölwechsel"
"V330884BEK";8;4;0;4;1;1;0;100;0;0;0;1;4921;"Teilesatz, Automatikgetriebe-Ölwechsel"
"V330897";7;6;0;1;1;1;0;100;0;0;1;1;4921;"Teilesatz, Automatikgetriebe-Ölwechsel"
"V380222";21;15;1;5;4;4;0;100;0;0;0;1;4921;"Teilesatz, Automatikgetriebe-Ölwechsel"
"V380222SP";9;9;0;0;1;1;0;100;0;0;0;1;4921;"Teilesatz, Automatikgetriebe-Ölwechsel"
"V380511";40;39;0;1;6;5;0;83,33;0;0;0;1;4921;"Teilesatz, Automatikgetriebe-Ölwechsel"
"V380511XXL";11;10;0;1;4;4;0;100;0;0;0;1;4921;"Teilesatz, Automatikgetriebe-Ölwechsel"
"V380579";72;47;4;21;6;2;0;33,33;0;0;0;0;4921;"Teilesatz, Automatikgetriebe-Ölwechsel"
"V401023";12;12;0;0;2;1;0;50;0;0;0;0;4921;"Teilesatz, Automatikgetriebe-Ölwechsel"
"V401604";6;6;0;0;1;1;0;100;0;0;0;1;4921;"Teilesatz, Automatikgetriebe-Ölwechsel"
"V401604XXL";12;11;1;0;2;2;0;100;0;0;0;1;4921;"Teilesatz, Automatikgetriebe-Ölwechsel"
"V401605";122;121;1;0;29;28;0;96,55;0;0;0;1;4921;"Teilesatz, Automatikgetriebe-Ölwechsel"
"V401605XXL";63;63;0;0;12;8;0;66,67;0;0;0;1;4921;"Teilesatz, Automatikgetriebe-Ölwechsel"
"V402114";130;124;2;4;30;19;0;63,33;0;0;0;1;4921;"Teilesatz, Automatikgetriebe-Ölwechsel"
"V402114XXL";29;28;0;1;5;3;0;60;0;0;0;1;4921;"Teilesatz, Automatikgetriebe-Ölwechsel"
"V450138";15;14;0;1;1;1;0;100;0;0;0;1;4921;"Teilesatz, Automatikgetriebe-Ölwechsel"
"V450188";26;23;0;3;1;1;0;100;0;0;0;1;4921;"Teilesatz, Automatikgetriebe-Ölwechsel"
"V450188XXL";17;15;1;1;3;3;0;100;0;0;1;1;4921;"Teilesatz, Automatikgetriebe-Ölwechsel"
"V450189";33;31;0;2;6;6;0;100;0;0;1;1;4921;"Teilesatz, Automatikgetriebe-Ölwechsel"
"V450189XXL";10;10;0;0;1;1;0;100;0;0;0;1;4921;"Teilesatz, Automatikgetriebe-Ölwechsel"
"V450269";34;30;1;3;1;1;0;100;0;0;0;1;4921;"Teilesatz, Automatikgetriebe-Ölwechsel"
"V450269XXL";6;6;0;0;2;1;0;50;0;0;0;1;4921;"Teilesatz, Automatikgetriebe-Ölwechsel"
"V461378";58;31;0;27;7;6;0;85,71;0;0;0;1;4921;"Teilesatz, Automatikgetriebe-Ölwechsel"
"V510650";9;6;0;3;3;3;0;100;0;0;0;1;4921;"Teilesatz, Automatikgetriebe-Ölwechsel"
"V520389";21;21;0;0;5;5;0;100;0;0;0;1;4921;"Teilesatz, Automatikgetriebe-Ölwechsel"
"V520389XXL";11;11;0;0;3;3;0;100;0;0;0;1;4921;"Teilesatz, Automatikgetriebe-Ölwechsel"
"V520470";98;93;0;5;9;7;0;77,78;0;0;0;1;4921;"Teilesatz, Automatikgetriebe-Ölwechsel"
"V580003";38;36;0;2;4;4;0;100;0;0;0;0;4921;"Teilesatz, Automatikgetriebe-Ölwechsel"
"V580004";58;54;0;4;12;10;0;83,33;0;0;1;0;4921;"Teilesatz, Automatikgetriebe-Ölwechsel"
"V600118";900;887;7;6;254;4;0;1,57;0;0;0;0;4921;"Teilesatz, Automatikgetriebe-Ölwechsel"
"V600310";163;149;0;14;11;5;0;45,45;0;0;0;0;4921;"Teilesatz, Automatikgetriebe-Ölwechsel"
"V700235";7;7;0;0;4;1;0;25;0;0;0;0;4921;"Teilesatz, Automatikgetriebe-Ölwechsel"
"V700614";2;2;0;0;1;1;0;100;0;0;0;0;4921;"Teilesatz, Automatikgetriebe-Ölwechsel"
"VAIV103025";9;1;8;0;1;1;0;100;0;0;0;0;4921;"Teilesatz, Automatikgetriebe-Ölwechsel"
"XX1640";4;4;0;0;2;2;0;100;0;0;0;0;4921;"Teilesatz, Automatikgetriebe-Ölwechsel"
"VRV104991";2;1;1;0;1;1;0;100;0;0;0;0;4921;"Teilesatz, Automatikgetriebe-Ölwechsel"
"VS5961308284";5;5;0;0;1;1;1;100;0;0;0;0;4921;"Teilesatz, Automatikgetriebe-Ölwechsel"
"WHT004072";130;119;3;8;7;2;2;28,57;0;0;1;0;4921;"Teilesatz, Automatikgetriebe-Ölwechsel"
"WSSM2C936A";824;799;8;17;267;3;0;1,12;0;0;0;0;4921;"Teilesatz, Automatikgetriebe-Ölwechsel"
"WSSM2C949A";861;523;43;295;43;9;0;20,93;0;0;0;0;4921;"Teilesatz, Automatikgetriebe-Ölwechsel"
"XR814422";19;13;2;4;1;1;0;100;0;0;0;0;4921;"Teilesatz, Automatikgetriebe-Ölwechsel"
"XR818567";33;27;1;5;2;2;0;100;0;0;0;0;4921;"Teilesatz, Automatikgetriebe-Ölwechsel"
"XX1641";1;1;0;0;1;1;0;100;0;0;0;0;4921;"Teilesatz, Automatikgetriebe-Ölwechsel"
"XX4301";7;7;0;0;2;2;0;100;0;0;0;0;4921;"Teilesatz, Automatikgetriebe-Ölwechsel"
"XX4379";8;8;0;0;2;2;0;100;0;0;0;0;4921;"Teilesatz, Automatikgetriebe-Ölwechsel"
"XX8651";2;2;0;0;1;1;0;100;0;0;0;0;4921;"Teilesatz, Automatikgetriebe-Ölwechsel"
"XX8653";12;12;0;0;1;1;0;100;0;0;0;0;4921;"Teilesatz, Automatikgetriebe-Ölwechsel"
"XX8657";1;1;0;0;1;1;0;100;0;0;0;0;4921;"Teilesatz, Automatikgetriebe-Ölwechsel"
"XZ0009";4;4;0;0;2;2;0;100;0;0;0;0;4921;"Teilesatz, Automatikgetriebe-Ölwechsel"
"XZ0373";15;14;1;0;4;4;0;100;0;0;0;0;4921;"Teilesatz, Automatikgetriebe-Ölwechsel"
"ZF1087298368";3;2;1;0;1;1;1;100;0;0;0;0;4921;"Teilesatz, Automatikgetriebe-Ölwechsel"
"ZF1087298364";13;4;9;0;3;3;3;100;0;0;0;0;4921;"Teilesatz, Automatikgetriebe-Ölwechsel"
"ZF1087298365";57;2;55;0;1;1;1;100;0;0;0;0;4921;"Teilesatz, Automatikgetriebe-Ölwechsel"
