GENART;LDATE;LKZ;DLNR;DLNRBEZ;NARTNR;QTY_POS
4921;"2026/1";"Germany";144;"MEYLE";"0141351410";251
4921;"2026/1";"Switzerland";68;"ZF";"1087298364";31
4921;"2026/1";"Switzerland";101;"FEBI BILSTEIN";"171785";7
4921;"2026/1";"Austria";68;"ZF";"1103298113";19
4921;"2026/1";"Austria";101;"FEBI BILSTEIN";"171785";77
4921;"2026/1";"Austria";144;"MEYLE";"1001350114";108
4921;"2026/1";"West Europe";101;"FEBI BILSTEIN";"188324";3
4921;"2026/1";"Germany";144;"MEYLE";"1001350116";3128
4921;"2026/1";"Other";101;"FEBI BILSTEIN";"171762";50
4921;"2026/1";"B";144;"MEYLE";"1001350114SK";6
4921;"2026/1";"Germany";101;"FEBI BILSTEIN";"171748";524
4921;"2026/1";"Germany";101;"FEBI BILSTEIN";"171772";491
4921;"2026/1";"Germany";101;"FEBI BILSTEIN";"171783";268
4921;"2026/1";"Germany";144;"MEYLE";"0141351402";471
4921;"2026/1";"Germany";144;"MEYLE";"1001350116SK";463
4921;"2026/1";"Nordic";68;"ZF";"5961308375";4
4921;"2026/1";"Austria";162;"VAICO";"V302257BEK";8
4921;"2026/1";"EEU";68;"ZF";"1103298007";20
4921;"2026/1";"EEU";101;"FEBI BILSTEIN";"188362";9
4921;"2026/1";"EEU";4342;"TCMATIC";"1051060005";6
4921;"2026/1";"Germany";144;"MEYLE";"1001350014";97
4921;"2026/1";"Germany";6558;"AIC";"74792SET";15
4921;"2026/1";"Germany";162;"VAICO";"V304755";22
4921;"2026/1";"Slovenia";68;"ZF";"1090298126";4
4921;"2026/1";"Slovenia";68;"ZF";"5961303474";11
4921;"2026/1";"Slovenia";101;"FEBI BILSTEIN";"176877";24
4921;"2026/1";"SEE";68;"ZF";"1091298066";10
4921;"2026/1";"SEE";101;"FEBI BILSTEIN";"171750";7
4921;"2026/1";"SEE";144;"MEYLE";"0141350211";7
4921;"2026/1";"Slovenia";68;"ZF";"1111298031";16
4921;"2026/1";"SEE";68;"ZF";"1071298038";1
4921;"2026/1";"Croatia";68;"ZF";"1087298365";239
4921;"2026/1";"Germany";162;"VAICO";"V302254SP";76
4921;"2026/1";"N";68;"ZF";"1091298066";2
4921;"2026/1";"N";101;"FEBI BILSTEIN";"188364";8
4921;"2026/1";"Germany";101;"FEBI BILSTEIN";"176860";2
4921;"2026/1";"EEU";68;"ZF";"1087298364";22
4921;"2026/1";"B";144;"MEYLE";"1001350220";4
4921;"2026/1";"B";101;"FEBI BILSTEIN";"171762";10
4921;"2026/1";"B";144;"MEYLE";"0141350203";4
4921;"2026/1";"Germany";68;"ZF";"5961308601";425
4921;"2026/1";"SEE";68;"ZF";"5961308372";38
4921;"2026/1";"Croatia";68;"ZF";"1068298083";13
4921;"2026/1";"Croatia";144;"MEYLE";"1001350102";35
4921;"2026/1";"West Europe";101;"FEBI BILSTEIN";"176892";1
4921;"2026/1";"Germany";68;"ZF";"5961308278";90
4921;"2026/1";"Germany";162;"VAICO";"V104991XXL";282
4921;"2026/1";"Austria";101;"FEBI BILSTEIN";"188362";55
4921;"2026/1";"SEE";101;"FEBI BILSTEIN";"171748";53
4921;"2026/1";"Germany";81;"HENGST FILTER";"KIT822";1
4921;"2026/1";"EEU";68;"ZF";"1087298365";17
4921;"2026/1";"Austria";68;"ZF";"5961308077";2
4921;"2026/1";"Germany";162;"VAICO";"V105582";1016
4921;"2026/1";"Spain";151;"SWAG";"33108306";2
4921;"2026/1";"Switzerland";144;"MEYLE";"1001350130SK";5
4921;"2026/1";"Germany";162;"VAICO";"V380222SP";1
4921;"2026/1";"EEU";144;"MEYLE";"1001350102";88
4921;"2026/1";"West Europe";68;"ZF";"1087298364";117
4921;"2026/1";"Austria";68;"ZF";"5961308447";13
4921;"2026/1";"Nordic";68;"ZF";"1087298365";17
4921;"2026/1";"Other";68;"ZF";"1071298033";31
4921;"2026/1";"West Europe";101;"FEBI BILSTEIN";"176877";8
4921;"2026/1";"Germany";144;"MEYLE";"1001350100XK";8
4921;"2026/1";"Portugal";144;"MEYLE";"0141350211";3
4921;"2026/1";"Croatia";144;"MEYLE";"0141351404";10
4921;"2026/1";"West Europe";4342;"TCMATIC";"1051010002";1
4921;"2026/1";"Germany";162;"VAICO";"V401605";258
4921;"2026/1";"SEE";144;"MEYLE";"0141351402";6
4921;"2026/1";"West Europe";101;"FEBI BILSTEIN";"171767";16
4921;"2026/1";"Germany";68;"ZF";"1087298360";51
4921;"2026/1";"Germany";68;"ZF";"1087298361";124
4921;"2026/1";"EEU";68;"ZF";"1068298062";94
4921;"2026/1";"EEU";68;"ZF";"1068298083";32
4921;"2026/1";"EEU";68;"ZF";"1087298369";41
4921;"2026/1";"EEU";101;"FEBI BILSTEIN";"171752";13
4921;"2026/1";"EEU";144;"MEYLE";"1001350113SK";1
4921;"2026/1";"EEU";144;"MEYLE";"1001350117";6
4921;"2026/1";"EEU";144;"MEYLE";"1001350130XK";2
4921;"2026/1";"EEU";144;"MEYLE";"3001351007";13
4921;"2026/1";"EEU";403;"MAXGEAR";"261738";10
4921;"2026/1";"EEU";4342;"TCMATIC";"1051070005";5
4921;"2026/1";"Germany";144;"MEYLE";"0141350203";155
4921;"2026/1";"Nordic";68;"ZF";"1103298007";1
4921;"2026/1";"Nordic";144;"MEYLE";"0141351402";4
4921;"2026/1";"Nordic";144;"MEYLE";"3001351007";6
4921;"2026/1";"Germany";144;"MEYLE";"1001350003SK";11
4921;"2026/1";"Germany";144;"MEYLE";"1001350106SK";14
4921;"2026/1";"Germany";144;"MEYLE";"3001350314";28
4921;"2026/1";"Germany";144;"MEYLE";"3001351005XK";9
4921;"2026/1";"Austria";144;"MEYLE";"1001350200";63
4921;"2026/1";"Austria";144;"MEYLE";"3001351005";15
4921;"2026/1";"Germany";144;"MEYLE";"3001350310SK";11
4921;"2026/1";"Croatia";68;"ZF";"1087298368";8
4921;"2026/1";"Croatia";68;"ZF";"5961308412";10
4921;"2026/1";"Germany";144;"MEYLE";"1001350001";44
4921;"2026/1";"Austria";4342;"TCMATIC";"1051010019";3
4921;"2026/1";"Nordic";144;"MEYLE";"1001350109";1
4921;"2026/1";"EEU";68;"ZF";"1071298039";6
4921;"2026/1";"West Europe";101;"FEBI BILSTEIN";"171752";10
4921;"2026/1";"Germany";162;"VAICO";"V105541";35
4921;"2026/1";"Germany";162;"VAICO";"V202742BEK";24
4921;"2026/1";"Germany";144;"MEYLE";"70161350001";16
4921;"2026/1";"B";162;"VAICO";"V401605XXL";1
4921;"2026/1";"B";68;"ZF";"1090298127";1
4921;"2026/1";"Other";144;"MEYLE";"3001351005";1
4921;"2026/1";"Slovenia";144;"MEYLE";"1001350103";8
4921;"2026/1";"Croatia";68;"ZF";"1071298038";18
4921;"2026/1";"EEU";68;"ZF";"1071298033";2
4921;"2026/1";"West Europe";101;"FEBI BILSTEIN";"171769";4
4921;"2026/1";"SEE";4342;"TCMATIC";"1051010071";1
4921;"2026/1";"Other";101;"FEBI BILSTEIN";"176897";9
4921;"2026/1";"Austria";144;"MEYLE";"1001350013";2
4921;"2026/1";"Germany";68;"ZF";"5961308447";110
4921;"2026/1";"EEU";144;"MEYLE";"1001350014";6
4921;"2026/1";"Nordic";144;"MEYLE";"0141350305";3
4921;"2026/1";"Austria";68;"ZF";"1102298018";4
4921;"2026/1";"Other";144;"MEYLE";"1001350115";8
4921;"2026/1";"Romania";101;"FEBI BILSTEIN";"171748";12
4921;"2026/1";"B";101;"FEBI BILSTEIN";"171785";8
4921;"2026/1";"B";144;"MEYLE";"1001350130SK";1
4921;"2026/1";"Nordic";68;"ZF";"1068298083";7
4921;"2026/1";"Nordic";68;"ZF";"5961308601";3
4921;"2026/1";"West Europe";101;"FEBI BILSTEIN";"171754";10
4921;"2026/1";"West Europe";101;"FEBI BILSTEIN";"171783";16
4921;"2026/1";"West Europe";144;"MEYLE";"1001350116XK";2
4921;"2026/1";"West Europe";144;"MEYLE";"3001350306";2
4921;"2026/1";"Germany";144;"MEYLE";"1001350103SK";33
4921;"2026/1";"Other";101;"FEBI BILSTEIN";"176814";1
4921;"2026/1";"Nordic";144;"MEYLE";"1001350116";6
4921;"2026/1";"Germany";162;"VAICO";"V108007";45
4921;"2026/1";"Austria";162;"VAICO";"V204670";13
4921;"2026/1";"EEU";144;"MEYLE";"1001350013SK";2
4921;"2026/1";"EEU";144;"MEYLE";"3001350402";1
4921;"2026/1";"Slovenia";144;"MEYLE";"1001350001";1
4921;"2026/1";"Germany";68;"ZF";"1103298113";37
4921;"2026/1";"West Europe";68;"ZF";"1071298038";11
4921;"2026/1";"West Europe";144;"MEYLE";"0141350211";1
4921;"2026/1";"West Europe";144;"MEYLE";"0141350214";3
4921;"2026/1";"Other";144;"MEYLE";"3001351007";4
4921;"2026/1";"Germany";81;"HENGST FILTER";"KIT840";6
4921;"2026/1";"N";68;"ZF";"1068298061";1
4921;"2026/1";"West Europe";101;"FEBI BILSTEIN";"171767";2
4921;"2026/1";"B";4342;"TCMATIC";"1051010011";1
4921;"2026/1";"Other";68;"ZF";"5961308077";2
4921;"2026/1";"Other";162;"VAICO";"V252191";2
4921;"2026/1";"Other";4342;"TCMATIC";"1051010019";4
4921;"2026/1";"Nordic";68;"ZF";"1087298360";1
4921;"2026/1";"Nordic";68;"ZF";"1087298368";2
4921;"2026/1";"Nordic";101;"FEBI BILSTEIN";"176877";4
4921;"2026/1";"Nordic";4342;"TCMATIC";"1051081012";2
4921;"2026/1";"Nordic";144;"MEYLE";"3001351007";4
4921;"2026/1";"Nordic";68;"ZF";"1087298364";5
4921;"2026/1";"Nordic";101;"FEBI BILSTEIN";"171752";1
4921;"2026/1";"Austria";162;"VAICO";"V105390SP";42
4921;"2026/1";"Nordic";101;"FEBI BILSTEIN";"171762";3
4921;"2026/1";"EEU";101;"FEBI BILSTEIN";"171769";1
4921;"2026/1";"Nordic";144;"MEYLE";"3001351007";1
4921;"2026/1";"Germany";144;"MEYLE";"1001350107";34
4921;"2026/1";"Other";144;"MEYLE";"0141351402";1
4921;"2026/1";"Other";144;"MEYLE";"1001350115XK";4
4921;"2026/1";"Serbia";101;"FEBI BILSTEIN";"171785";3
4921;"2026/1";"SEE";144;"MEYLE";"1001350108";1
4921;"2026/1";"Other";4342;"TCMATIC";"1051060005";3
4921;"2026/1";"Austria";144;"MEYLE";"0141351404";33
4921;"2026/1";"Germany";4342;"TCMATIC";"1051060022";2
4921;"2026/1";"B";101;"FEBI BILSTEIN";"188364";6
4921;"2026/1";"B";144;"MEYLE";"0141351410";1
4921;"2026/1";"Slovenia";68;"ZF";"1087298361";4
4921;"2026/1";"Nordic";101;"FEBI BILSTEIN";"171748";3
4921;"2026/1";"Nordic";101;"FEBI BILSTEIN";"188328";1
4921;"2026/1";"West Europe";68;"ZF";"5961308284";1
4921;"2026/1";"EEU";144;"MEYLE";"1001350114XK";2
4921;"2026/1";"Switzerland";144;"MEYLE";"0141351410";15
4921;"2026/1";"West Europe";68;"ZF";"1068298083";7
4921;"2026/1";"SEE";144;"MEYLE";"3001351007";1
4921;"2026/1";"Germany";144;"MEYLE";"1001350016XK";8
4921;"2026/1";"Other";101;"FEBI BILSTEIN";"171772";10
4921;"2026/1";"EEU";4342;"TCMATIC";"1051010011";2
4921;"2026/1";"Nordic";144;"MEYLE";"1001350114SK";1
4921;"2026/1";"Nordic";144;"MEYLE";"1001350116";5
4921;"2026/1";"Germany";144;"MEYLE";"1001350012";24
4921;"2026/1";"Germany";162;"VAICO";"V380222XXL";7
4921;"2026/1";"EEU";68;"ZF";"1060298069";1
4921;"2026/1";"SEE";144;"MEYLE";"1001350108SK";2
4921;"2026/1";"Croatia";144;"MEYLE";"1001350200";2
4921;"2026/1";"Germany";162;"VAICO";"V103214XXL";4
4921;"2026/1";"Germany";162;"VAICO";"V252191BEK";13
4921;"2026/1";"B";144;"MEYLE";"18141350200SK";3
4921;"2026/1";"Croatia";144;"MEYLE";"3001350001";1
4921;"2026/1";"West Europe";68;"ZF";"1103298007";2
4921;"2026/1";"West Europe";144;"MEYLE";"18141350200SK";2
4921;"2026/1";"Germany";81;"HENGST FILTER";"KIT820";6
4921;"2026/1";"West Europe";144;"MEYLE";"1001350115";2
4921;"2026/1";"Austria";162;"VAICO";"V103223";37
4921;"2026/1";"Austria";144;"MEYLE";"7141350004";1
4921;"2026/1";"Serbia";68;"ZF";"1087298369";6
4921;"2026/1";"Germany";162;"VAICO";"V105540XXL";22
4921;"2026/1";"Nordic";68;"ZF";"1103298007";1
4921;"2026/1";"Austria";4342;"TCMATIC";"1051010011";2
4921;"2026/1";"Germany";68;"ZF";"5961309179";11
4921;"2026/1";"EEU";4342;"TCMATIC";"1051010019";4
4921;"2026/1";"B";144;"MEYLE";"1001350210";4
4921;"2026/1";"Germany";162;"VAICO";"V103231XXL";18
4921;"2026/1";"EEU";144;"MEYLE";"3001350002";1
4921;"2026/1";"West Europe";144;"MEYLE";"0141351402";3
4921;"2026/1";"Nordic";144;"MEYLE";"0141351211SK";1
4921;"2026/1";"EEU";144;"MEYLE";"1001350016";2
4921;"2026/1";"EEU";144;"MEYLE";"1001350112";1
4921;"2026/1";"Nordic";68;"ZF";"1068298062";10
4921;"2026/1";"Other";144;"MEYLE";"3001350403";4
4921;"2026/1";"Austria";68;"ZF";"1060298070";1
4921;"2026/1";"B";144;"MEYLE";"1001350001SK";1
4921;"2026/1";"Nordic";101;"FEBI BILSTEIN";"171785";3
4921;"2026/1";"Slovenia";144;"MEYLE";"3001351009";3
4921;"2026/1";"Germany";68;"ZF";"5961306996";108
4921;"2026/1";"Nordic";144;"MEYLE";"0141350201";3
4921;"2026/1";"Serbia";68;"ZF";"1103298113";8
4921;"2026/1";"SEE";144;"MEYLE";"1001350115XK";1
4921;"2026/1";"Nordic";101;"FEBI BILSTEIN";"171748";1
4921;"2026/1";"Nordic";144;"MEYLE";"3001350310";1
4921;"2026/1";"Switzerland";162;"VAICO";"V450269BEK";1
4921;"2026/1";"Germany";162;"VAICO";"V202093BEK";2
4921;"2026/1";"Germany";68;"ZF";"1090298127";14
4921;"2026/1";"Other";144;"MEYLE";"1001350120SK";1
4921;"2026/1";"West Europe";4342;"TCMATIC";"1051070001";1
4921;"2026/1";"Austria";144;"MEYLE";"1001350108SK";6
4921;"2026/1";"Nordic";68;"ZF";"1091298066";1
4921;"2026/1";"Austria";162;"VAICO";"V302256BEK";5
4921;"2026/1";"West Europe";68;"ZF";"1111298032";3
4921;"2026/1";"Austria";144;"MEYLE";"3001350310SK";2
4921;"2026/1";"Austria";144;"MEYLE";"3001350403XK";1
4921;"2026/1";"Other";101;"FEBI BILSTEIN";"176878";4
4921;"2026/1";"EEU";68;"ZF";"1126298160";1
4921;"2026/1";"Austria";162;"VAICO";"V104991";58
4921;"2026/1";"Germany";162;"VAICO";"V320194";25
4921;"2026/1";"Nordic";68;"ZF";"1071298039";3
4921;"2026/1";"EEU";144;"MEYLE";"1001350116SK";1
4921;"2026/1";"West Europe";162;"VAICO";"V103222";1
4921;"2026/1";"Romania";144;"MEYLE";"1001350108";1
4921;"2026/1";"N";4342;"TCMATIC";"1051090001";1
4921;"2026/1";"B";144;"MEYLE";"3001351009SK";1
4921;"2026/1";"N";68;"ZF";"1111298031";2
4921;"2026/1";"Other";144;"MEYLE";"1001350116";2
4921;"2026/1";"B";68;"ZF";"1087298361";1
4921;"2026/1";"Nordic";68;"ZF";"1111298031";1
4921;"2026/1";"SEE";144;"MEYLE";"1001350103";3
4921;"2026/1";"Slovenia";144;"MEYLE";"3001350401";1
4921;"2026/1";"Austria";144;"MEYLE";"0141351600";4
4921;"2026/1";"Other";162;"VAICO";"V103220BEK";2
4921;"2026/1";"West Europe";101;"FEBI BILSTEIN";"171748";3
4921;"2026/1";"Nordic";144;"MEYLE";"0141351212";1
4921;"2026/1";"Nordic";144;"MEYLE";"1001350116SK";2
4921;"2026/1";"Serbia";144;"MEYLE";"1001350108";1
4921;"2026/1";"Serbia";144;"MEYLE";"1001350115SK";1
4921;"2026/1";"N";144;"MEYLE";"0141351404";7
4921;"2026/1";"Balkan";68;"ZF";"1103298112";1
4921;"2026/1";"Nordic";144;"MEYLE";"0141350201";1
4921;"2026/1";"Germany";68;"ZF";"5961309176";3
4921;"2026/1";"EEU";144;"MEYLE";"1001350108";1
4921;"2026/1";"Croatia";68;"ZF";"1091298066";1
4921;"2026/1";"Nordic";144;"MEYLE";"1001350107";1
4921;"2026/1";"B";4342;"TCMATIC";"1051060012";1
4921;"2026/1";"Germany";6558;"AIC";"73974SET";17
4921;"2026/1";"EEU";144;"MEYLE";"3001351009SK";1
4921;"2026/1";"Germany";4342;"TCMATIC";"1051040003";1
4921;"2026/1";"Balkan";68;"ZF";"1068298062";2
4921;"2026/1";"Germany";144;"MEYLE";"1001350011";1
4921;"2026/1";"Serbia";68;"ZF";"1071298027";1
4921;"2026/1";"Romania";101;"FEBI BILSTEIN";"171762";36
4921;"2026/1";"West Europe";68;"ZF";"1087298364";3
4921;"2026/1";"West Europe";68;"ZF";"1111298031";1
4921;"2026/1";"Nordic";68;"ZF";"1068298083";1
4921;"2026/1";"Nordic";144;"MEYLE";"7141350002";1
4921;"2026/1";"Romania";144;"MEYLE";"1001350109";1
4921;"2026/1";"Romania";144;"MEYLE";"5141350002";1
4921;"2026/1";"Slovenia";144;"MEYLE";"0141350211";1
4921;"2026/1";"West Europe";4342;"TCMATIC";"1051080009";2
4921;"2026/1";"N";162;"VAICO";"V303957";10
4921;"2026/1";"Romania";68;"ZF";"1087298368";6
4921;"2026/1";"Romania";68;"ZF";"1111298032";41
4921;"2026/1";"Germany";6558;"AIC";"73982SET";28
4921;"2026/1";"Switzerland";162;"VAICO";"V302257";2
4921;"2026/1";"N";68;"ZF";"5961308602";8
4921;"2026/1";"Switzerland";162;"VAICO";"V103223";6
4921;"2026/1";"Switzerland";162;"VAICO";"V330533XXL";3
4921;"2026/1";"Switzerland";6558;"AIC";"74789SET";6
4921;"2026/1";"Germany";162;"VAICO";"V302253SP";2
4921;"2026/1";"Balkan";101;"FEBI BILSTEIN";"176877";3
4921;"2026/1";"Austria";162;"VAICO";"V330533";3
4921;"2026/1";"Portugal";144;"MEYLE";"3001351005";2
4921;"2026/1";"Austria";68;"ZF";"1090298126";13
4921;"2026/1";"Austria";68;"ZF";"1102298124";1
4921;"2026/1";"Germany";162;"VAICO";"V103216";5
4921;"2026/1";"Austria";162;"VAICO";"V103220BEK";6
4921;"2026/1";"Slovenia";144;"MEYLE";"0141351212";2
4921;"2026/1";"Switzerland";144;"MEYLE";"1001350014XK";3
4921;"2026/1";"Switzerland";144;"MEYLE";"11141350001";5
4921;"2026/1";"Germany";162;"VAICO";"V103213BEK";5
4921;"2026/1";"West Europe";162;"VAICO";"V250796";1
4921;"2026/1";"West Europe";144;"MEYLE";"3001351007SK";10
4921;"2026/1";"West Europe";144;"MEYLE";"1001350109";5
4921;"2026/1";"Germany";101;"FEBI BILSTEIN";"176896";3
4921;"2026/1";"Slovenia";151;"SWAG";"33110327";3
4921;"2026/1";"Austria";144;"MEYLE";"3001351004SK";1
4921;"2026/1";"Portugal";101;"FEBI BILSTEIN";"171767";7
4921;"2026/1";"Portugal";4342;"TCMATIC";"1051010020";1
4921;"2026/1";"Portugal";4342;"TCMATIC";"1051050001";3
4921;"2026/1";"Austria";68;"ZF";"1084298014";1
4921;"2026/1";"Croatia";6558;"AIC";"73964SET";1
4921;"2026/1";"Croatia";144;"MEYLE";"0141350201";1
4921;"2026/1";"Portugal";4342;"TCMATIC";"1051060001";1
4921;"2026/1";"Portugal";162;"VAICO";"V202088";1
4921;"2026/1";"N";162;"VAICO";"V303695";2
4921;"2026/1";"Serbia";68;"ZF";"1087298361";4
4921;"2026/1";"Serbia";68;"ZF";"1103298006";8
4921;"2026/1";"Austria";68;"ZF";"5961309095";2
4921;"2026/1";"Serbia";101;"FEBI BILSTEIN";"176877";2
4921;"2026/1";"B";101;"FEBI BILSTEIN";"176892";1
4921;"2026/1";"Switzerland";144;"MEYLE";"1001350112SK";1
4921;"2026/1";"West Europe";144;"MEYLE";"0141351202";6
4921;"2026/1";"West Europe";144;"MEYLE";"7141350002";2
4921;"2026/1";"Germany";144;"MEYLE";"0141350214XK";13
4921;"2026/1";"Slovenia";144;"MEYLE";"7141350004";1
4921;"2026/1";"Austria";68;"ZF";"5961308587";7
4921;"2026/1";"Spain";4342;"TCMATIC";"1051012005";1
4921;"2026/1";"Croatia";151;"SWAG";"33108170";1
4921;"2026/1";"Germany";162;"VAICO";"V103847";12
4921;"2026/1";"Switzerland";162;"VAICO";"V105390";2
4921;"2026/1";"Austria";144;"MEYLE";"0141350204";7
4921;"2026/1";"Slovenia";101;"FEBI BILSTEIN";"188328";4
4921;"2026/1";"Spain";4342;"TCMATIC";"1051060012";2
4921;"2026/1";"EEU";144;"MEYLE";"0141350300";1
4921;"2026/1";"Switzerland";144;"MEYLE";"70161350001";2
4921;"2026/1";"Switzerland";6558;"AIC";"70934SET";3
4921;"2026/1";"Portugal";4342;"TCMATIC";"1051080012";6
4921;"2026/1";"Austria";68;"ZF";"5961309094";2
4921;"2026/1";"Austria";68;"ZF";"5961309149";3
4921;"2026/1";"Austria";68;"ZF";"5961309097";3
4921;"2026/1";"West Europe";101;"FEBI BILSTEIN";"171762";5
4921;"2026/1";"Switzerland";162;"VAICO";"V105540";1
4921;"2026/1";"Switzerland";162;"VAICO";"V204186";3
4921;"2026/1";"West Europe";144;"MEYLE";"1001350115";4
4921;"2026/1";"Germany";162;"VAICO";"V202084XXL";3
4921;"2026/1";"Austria";162;"VAICO";"V105541XXL";2
4921;"2026/1";"N";144;"MEYLE";"0141350305XK";6
4921;"2026/1";"Croatia";6558;"AIC";"70317SET";1
4921;"2026/1";"Slovenia";151;"SWAG";"33108306";4
4921;"2026/1";"Other";68;"ZF";"1068298054";2
4921;"2026/1";"N";6558;"AIC";"73964SET";2
4921;"2026/1";"West Europe";101;"FEBI BILSTEIN";"176857";3
4921;"2026/1";"Germany";162;"VAICO";"V380222";16
4921;"2026/1";"Portugal";4342;"TCMATIC";"1051011002";1
4921;"2026/1";"Portugal";4342;"TCMATIC";"1051110007";2
4921;"2026/1";"Slovenia";162;"VAICO";"V105390SP";1
4921;"2026/1";"Balkan";144;"MEYLE";"0141350305";2
4921;"2026/1";"West Europe";4342;"TCMATIC";"1051011075";4
4921;"2026/1";"Switzerland";144;"MEYLE";"1001350001";2
4921;"2026/1";"N";6558;"AIC";"73970SET";1
4921;"2026/1";"N";162;"VAICO";"V250796";3
4921;"2026/1";"West Europe";144;"MEYLE";"1001350130SK";2
4921;"2026/1";"West Europe";144;"MEYLE";"1001350016";4
4921;"2026/1";"West Europe";101;"FEBI BILSTEIN";"171772";3
4921;"2026/1";"Austria";68;"ZF";"1104298050";1
4921;"2026/1";"Switzerland";144;"MEYLE";"3001350314";1
4921;"2026/1";"Slovenia";144;"MEYLE";"3001351007SK";1
4921;"2026/1";"Germany";68;"ZF";"5961309259";1
4921;"2026/1";"Portugal";101;"FEBI BILSTEIN";"176878";2
4921;"2026/1";"Portugal";4342;"TCMATIC";"1051080001";1
4921;"2026/1";"Slovenia";68;"ZF";"5961308372";1
4921;"2026/1";"Switzerland";162;"VAICO";"V202090XXL";1
4921;"2026/1";"Other";101;"FEBI BILSTEIN";"176892";3
4921;"2026/1";"Portugal";144;"MEYLE";"1001350108";1
4921;"2026/1";"Austria";162;"VAICO";"V302254SP";2
4921;"2026/1";"Switzerland";162;"VAICO";"V105582BEK";3
4921;"2026/1";"West Europe";68;"ZF";"1071298033";1
4921;"2026/1";"Serbia";68;"ZF";"1109298031";3
4921;"2026/1";"Germany";6558;"AIC";"74784SET";7
4921;"2026/1";"Balkan";144;"MEYLE";"7141350002";3
4921;"2026/1";"B";162;"VAICO";"V103218";2
4921;"2026/1";"Austria";68;"ZF";"5961308445";1
4921;"2026/1";"Other";144;"MEYLE";"1001350014";2
4921;"2026/1";"Germany";162;"VAICO";"V252253";28
4921;"2026/1";"N";162;"VAICO";"V105390";8
4921;"2026/1";"Germany";144;"MEYLE";"1001350014XK";11
4921;"2026/1";"N";144;"MEYLE";"3001350402";2
4921;"2026/1";"Germany";162;"VAICO";"V107344XXL";3
4921;"2026/1";"Portugal";4342;"TCMATIC";"1051061005";2
4921;"2026/1";"West Europe";144;"MEYLE";"0141350305";1
4921;"2026/1";"Switzerland";162;"VAICO";"V103226XXL";1
4921;"2026/1";"Switzerland";68;"ZF";"1104298050";1
4921;"2026/1";"N";68;"ZF";"5961303474";9
4921;"2026/1";"N";144;"MEYLE";"0141351201XK";1
4921;"2026/1";"West Europe";4342;"TCMATIC";"1051061005";1
4921;"2026/1";"Nordic";162;"VAICO";"V103025";15
4921;"2026/1";"Germany";68;"ZF";"5961308411";10
4921;"2026/1";"Germany";144;"MEYLE";"3001350403XK";1
4921;"2026/1";"N";68;"ZF";"5961303116";4
4921;"2026/1";"West Europe";162;"VAICO";"V204300";1
4921;"2026/1";"Nordic";162;"VAICO";"V303696BEK";2
4921;"2026/1";"Germany";144;"MEYLE";"3001350306XK";2
4921;"2026/1";"Germany";162;"VAICO";"V380222BEK";4
4921;"2026/1";"West Europe";68;"ZF";"5961303275";3
4921;"2026/1";"N";162;"VAICO";"V302253";2
4921;"2026/1";"N";68;"ZF";"1104298050";1
4921;"2026/1";"N";162;"VAICO";"V105582BEK";2
4921;"2026/1";"West Europe";162;"VAICO";"V302377BEK";1
4921;"2026/1";"Romania";162;"VAICO";"V450269";1
4921;"2026/1";"Austria";101;"FEBI BILSTEIN";"171767";3
4921;"2026/1";"Romania";68;"ZF";"1087298367";1
4921;"2026/1";"Romania";162;"VAICO";"V302257";2
4921;"2026/1";"N";68;"ZF";"1102298020";1
4921;"2026/1";"Germany";68;"ZF";"S671090312";1
4921;"2026/1";"Balkan";162;"VAICO";"V220737";1
4921;"2026/1";"N";68;"ZF";"1104298054";1
4921;"2026/1";"N";68;"ZF";"1087298360";1
4921;"2026/1";"West Europe";68;"ZF";"5961308601";4
4921;"2026/1";"N";162;"VAICO";"V103215";2
4921;"2026/1";"Balkan";68;"ZF";"1068298084";1
4921;"2026/1";"Balkan";151;"SWAG";"33108308";5
4921;"2026/1";"Austria";144;"MEYLE";"1001350106";1
4921;"2026/1";"Other";68;"ZF";"1071298038";1
4921;"2026/1";"West Europe";162;"VAICO";"V105390";1
4921;"2026/1";"Nordic";162;"VAICO";"V250796";1
4921;"2026/1";"Austria";144;"MEYLE";"3001350401";1
4921;"2026/1";"Romania";162;"VAICO";"V104991";2
4921;"2026/1";"Nordic";68;"ZF";"1084298013";1
4921;"2026/1";"Germany";162;"VAICO";"V330525";3
4921;"2026/1";"Germany";144;"MEYLE";"1001350101XK";2
4921;"2026/1";"Other";68;"ZF";"1087298364";1
4921;"2026/1";"N";162;"VAICO";"V103220";1
4921;"2026/1";"Nordic";162;"VAICO";"V580004";1
4921;"2026/1";"Germany";162;"VAICO";"V202094XXL";1
4921;"2026/1";"Germany";68;"ZF";"1086120809";2
4921;"2026/1";"Austria";6558;"AIC";"73972SET";3
4921;"2026/1";"Austria";6558;"AIC";"73978SET";4
4921;"2026/1";"Austria";6558;"AIC";"74794SET";2
4921;"2026/1";"Germany";6558;"AIC";"73981SET";2
4921;"2026/1";"Germany";162;"VAICO";"V202086";2
4921;"2026/1";"Austria";162;"VAICO";"V320194XXL";3
4921;"2026/1";"Other";144;"MEYLE";"3001351007";1
4921;"2026/1";"Austria";6558;"AIC";"73969SET";1
4921;"2026/1";"Germany";162;"VAICO";"V202091";2
4921;"2026/1";"Other";162;"VAICO";"V105582";1
4921;"2026/1";"Austria";101;"FEBI BILSTEIN";"171772";65
4921;"2026/1";"N";101;"FEBI BILSTEIN";"171772";19
4921;"2026/1";"N";101;"FEBI BILSTEIN";"171785";16
4921;"2026/1";"Austria";101;"FEBI BILSTEIN";"171748";39
4921;"2026/1";"Austria";144;"MEYLE";"1001350109XK";5
4921;"2026/1";"Austria";4342;"TCMATIC";"1051060005";2
4921;"2026/1";"Germany";162;"VAICO";"V104991";1269
4921;"2026/1";"Germany";162;"VAICO";"V204186";383
4921;"2026/1";"Germany";162;"VAICO";"V303957";219
4921;"2026/1";"Germany";68;"ZF";"1111298031";56
4921;"2026/1";"Germany";144;"MEYLE";"0141350300";844
4921;"2026/1";"Germany";144;"MEYLE";"1001350003";121
4921;"2026/1";"Germany";4342;"TCMATIC";"1051010012";5
4921;"2026/1";"Germany";101;"FEBI BILSTEIN";"171785";551
4921;"2026/1";"EEU";68;"ZF";"1087298364";189
4921;"2026/1";"EEU";68;"ZF";"1087298365";269
4921;"2026/1";"EEU";144;"MEYLE";"1001350100";4
4921;"2026/1";"Germany";101;"FEBI BILSTEIN";"176874";25
4921;"2026/1";"Germany";101;"FEBI BILSTEIN";"188362";114
4921;"2026/1";"Germany";144;"MEYLE";"0141350211SK";103
4921;"2026/1";"SEE";68;"ZF";"1111298032";8
4921;"2026/1";"SEE";101;"FEBI BILSTEIN";"171762";4
4921;"2026/1";"SEE";144;"MEYLE";"0141350201";7
4921;"2026/1";"N";68;"ZF";"1071298038";14
4921;"2026/1";"N";162;"VAICO";"V252191";1
4921;"2026/1";"B";101;"FEBI BILSTEIN";"176877";8
4921;"2026/1";"B";101;"FEBI BILSTEIN";"188362";5
4921;"2026/1";"B";144;"MEYLE";"2141350100";2
4921;"2026/1";"EEU";101;"FEBI BILSTEIN";"171750";3
4921;"2026/1";"EEU";101;"FEBI BILSTEIN";"171783";2
4921;"2026/1";"Germany";101;"FEBI BILSTEIN";"179355";7
4921;"2026/1";"Other";101;"FEBI BILSTEIN";"176877";22
4921;"2026/1";"Croatia";68;"ZF";"1071298033";24
4921;"2026/1";"Croatia";101;"FEBI BILSTEIN";"171785";23
4921;"2026/1";"Croatia";144;"MEYLE";"7141350002";12
4921;"2026/1";"Germany";68;"ZF";"5961303474";779
4921;"2026/1";"Austria";162;"VAICO";"V105390";36
4921;"2026/1";"Germany";162;"VAICO";"V250796";312
4921;"2026/1";"SEE";101;"FEBI BILSTEIN";"171767";11
4921;"2026/1";"Austria";144;"MEYLE";"1001350003";15
4921;"2026/1";"EEU";68;"ZF";"1071298033";60
4921;"2026/1";"SEE";101;"FEBI BILSTEIN";"171750";21
4921;"2026/1";"Balkan";68;"ZF";"1087298364";14
4921;"2026/1";"Balkan";68;"ZF";"1087298368";1
4921;"2026/1";"Germany";162;"VAICO";"V302257";399
4921;"2026/1";"EEU";101;"FEBI BILSTEIN";"176873";3
4921;"2026/1";"EEU";144;"MEYLE";"1001350116SK";17
4921;"2026/1";"EEU";144;"MEYLE";"1001350200";37
4921;"2026/1";"EEU";4342;"TCMATIC";"1051120003";4
4921;"2026/1";"Germany";68;"ZF";"1071298027";69
4921;"2026/1";"Germany";162;"VAICO";"V103847BEK";5
4921;"2026/1";"Other";144;"MEYLE";"0141350211";8
4921;"2026/1";"B";144;"MEYLE";"5141350002";1
4921;"2026/1";"Slovenia";162;"VAICO";"V250796";2
4921;"2026/1";"West Europe";68;"ZF";"1068298062";1
4921;"2026/1";"Germany";68;"ZF";"5961308602";212
4921;"2026/1";"Germany";144;"MEYLE";"0141350204";162
4921;"2026/1";"EEU";101;"FEBI BILSTEIN";"171785";85
4921;"2026/1";"EEU";144;"MEYLE";"0141350201";9
4921;"2026/1";"EEU";144;"MEYLE";"1001350103";24
4921;"2026/1";"EEU";144;"MEYLE";"3001350008SK";3
4921;"2026/1";"Other";68;"ZF";"1087298364";9
4921;"2026/1";"EEU";4342;"TCMATIC";"1051020003";3
4921;"2026/1";"Nordic";101;"FEBI BILSTEIN";"176877";2
4921;"2026/1";"Germany";144;"MEYLE";"0141350213";92
4921;"2026/1";"Germany";144;"MEYLE";"1001350220";52
4921;"2026/1";"Germany";144;"MEYLE";"7141350004";18
4921;"2026/1";"Austria";144;"MEYLE";"0141350211";48
4921;"2026/1";"Austria";144;"MEYLE";"3001350403";7
4921;"2026/1";"Germany";144;"MEYLE";"3001350310XK";2
4921;"2026/1";"Germany";144;"MEYLE";"2141350100";75
4921;"2026/1";"Germany";162;"VAICO";"V204186XXL";212
4921;"2026/1";"Germany";68;"ZF";"1091298067";7
4921;"2026/1";"Nordic";101;"FEBI BILSTEIN";"171785";4
4921;"2026/1";"Germany";68;"ZF";"5961304069";50
4921;"2026/1";"SEE";68;"ZF";"1087298364";9
4921;"2026/1";"SEE";144;"MEYLE";"7141350002";2
4921;"2026/1";"Switzerland";144;"MEYLE";"3001351005XK";7
4921;"2026/1";"Austria";68;"ZF";"5961304069";5
4921;"2026/1";"West Europe";144;"MEYLE";"1001350003";2
4921;"2026/1";"EEU";68;"ZF";"1111298032";1
4921;"2026/1";"SEE";68;"ZF";"1091298067";7
4921;"2026/1";"EEU";144;"MEYLE";"0141350211";3
4921;"2026/1";"EEU";144;"MEYLE";"0141351402";5
4921;"2026/1";"Switzerland";144;"MEYLE";"0141350211";32
4921;"2026/1";"Switzerland";144;"MEYLE";"1001350114";55
4921;"2026/1";"West Europe";101;"FEBI BILSTEIN";"171785";8
4921;"2026/1";"Germany";144;"MEYLE";"7141350102XK";40
4921;"2026/1";"Germany";162;"VAICO";"V450189";24
4921;"2026/1";"B";68;"ZF";"1087298364";20
4921;"2026/1";"Croatia";68;"ZF";"5961303474";27
4921;"2026/1";"EEU";68;"ZF";"1068298083";3
4921;"2026/1";"EEU";68;"ZF";"1087298369";2
4921;"2026/1";"EEU";101;"FEBI BILSTEIN";"188362";1
4921;"2026/1";"Nordic";162;"VAICO";"V302254";1
4921;"2026/1";"Nordic";68;"ZF";"1068298061";1
4921;"2026/1";"Germany";162;"VAICO";"V103223XXL";121
4921;"2026/1";"Croatia";68;"ZF";"1090298126";3
4921;"2026/1";"Croatia";68;"ZF";"1103298007";2
4921;"2026/1";"Other";68;"ZF";"1087298360";5
4921;"2026/1";"Other";144;"MEYLE";"1001350114SK";4
4921;"2026/1";"Austria";68;"ZF";"5961308371";7
4921;"2026/1";"EEU";4342;"TCMATIC";"1051040007";4
4921;"2026/1";"West Europe";68;"ZF";"1071298033";6
4921;"2026/1";"West Europe";101;"FEBI BILSTEIN";"171754";4
4921;"2026/1";"Germany";162;"VAICO";"V108007XXL";13
4921;"2026/1";"West Europe";68;"ZF";"1087298365";36
4921;"2026/1";"Romania";68;"ZF";"1087298365";462
4921;"2026/1";"Romania";68;"ZF";"1111298031";23
4921;"2026/1";"Austria";209;"TRUCKTEC AUTOMOTIVE";"0825064";2
4921;"2026/1";"Nordic";4342;"TCMATIC";"1051060022";1
4921;"2026/1";"West Europe";144;"MEYLE";"3001351007SK";14
4921;"2026/1";"Other";144;"MEYLE";"0141351404";3
4921;"2026/1";"Other";144;"MEYLE";"1001350012";2
4921;"2026/1";"Nordic";144;"MEYLE";"1001350103";3
4921;"2026/1";"Germany";6558;"AIC";"70033SET";37
4921;"2026/1";"Germany";6558;"AIC";"70317SET";17
4921;"2026/1";"Germany";6558;"AIC";"74780SET";336
4921;"2026/1";"EEU";101;"FEBI BILSTEIN";"176897";1
4921;"2026/1";"EEU";144;"MEYLE";"0141351402";6
4921;"2026/1";"EEU";144;"MEYLE";"1001350107";4
4921;"2026/1";"West Europe";162;"VAICO";"V302257";3
4921;"2026/1";"Nordic";4342;"TCMATIC";"1051060012";3
4921;"2026/1";"West Europe";68;"ZF";"1087298361";21
4921;"2026/1";"West Europe";144;"MEYLE";"4141350001SK";2
4921;"2026/1";"West Europe";144;"MEYLE";"7141350102";2
4921;"2026/1";"N";144;"MEYLE";"1001350200";21
4921;"2026/1";"Romania";144;"MEYLE";"1001350114XK";1
4921;"2026/1";"B";162;"VAICO";"V204300";2
4921;"2026/1";"N";144;"MEYLE";"7141350002";13
4921;"2026/1";"Germany";144;"MEYLE";"1001350122XK";13
4921;"2026/1";"Germany";4342;"TCMATIC";"1051180001";3
4921;"2026/1";"Nordic";68;"ZF";"5961309097";1
4921;"2026/1";"Germany";162;"VAICO";"V302253BEK";13
4921;"2026/1";"Other";101;"FEBI BILSTEIN";"176856";5
4921;"2026/1";"Other";144;"MEYLE";"3001350008SK";2
4921;"2026/1";"Serbia";68;"ZF";"1103298112";11
4921;"2026/1";"Slovenia";144;"MEYLE";"1001350108";8
4921;"2026/1";"Nordic";68;"ZF";"1090298127";1
4921;"2026/1";"Nordic";101;"FEBI BILSTEIN";"171785";6
4921;"2026/1";"Other";144;"MEYLE";"1001350118";1
4921;"2026/1";"Austria";68;"ZF";"1103298007";18
4921;"2026/1";"Nordic";101;"FEBI BILSTEIN";"171772";3
4921;"2026/1";"Germany";6558;"AIC";"74773SET";107
4921;"2026/1";"EEU";4342;"TCMATIC";"1051010002";1
4921;"2026/1";"Germany";144;"MEYLE";"11141350001";27
4921;"2026/1";"Switzerland";101;"FEBI BILSTEIN";"171748";9
4921;"2026/1";"Nordic";68;"ZF";"1087298369";1
4921;"2026/1";"Nordic";144;"MEYLE";"1001350013";1
4921;"2026/1";"Germany";144;"MEYLE";"1001350013";76
4921;"2026/1";"EEU";144;"MEYLE";"1001350102";4
4921;"2026/1";"Other";144;"MEYLE";"3001351004SK";2
4921;"2026/1";"Germany";4342;"TCMATIC";"1051070002";2
4921;"2026/1";"Serbia";101;"FEBI BILSTEIN";"171750";1
4921;"2026/1";"Other";101;"FEBI BILSTEIN";"171752";5
4921;"2026/1";"Germany";68;"ZF";"1104298055";2
4921;"2026/1";"Other";4342;"TCMATIC";"1051060001";1
4921;"2026/1";"Austria";68;"ZF";"1124298117";1
4921;"2026/1";"EEU";144;"MEYLE";"2141350100";7
4921;"2026/1";"Germany";162;"VAICO";"V303957BEK";44
4921;"2026/1";"Nordic";4342;"TCMATIC";"1051070002";1
4921;"2026/1";"SEE";68;"ZF";"1087298368";8
4921;"2026/1";"Other";101;"FEBI BILSTEIN";"171762";1
4921;"2026/1";"EEU";68;"ZF";"1068298054";2
4921;"2026/1";"EEU";68;"ZF";"1084298013";4
4921;"2026/1";"EEU";68;"ZF";"1102298019";5
4921;"2026/1";"EEU";144;"MEYLE";"1001350003";2
4921;"2026/1";"EEU";144;"MEYLE";"1001350108";4
4921;"2026/1";"West Europe";144;"MEYLE";"0141351410";2
4921;"2026/1";"Germany";4342;"TCMATIC";"1051010003";1
4921;"2026/1";"Germany";4342;"TCMATIC";"1051080011";2
4921;"2026/1";"EEU";4342;"TCMATIC";"1051070001";1
4921;"2026/1";"Slovenia";162;"VAICO";"V105582";3
4921;"2026/1";"Other";68;"ZF";"1087298365";3
4921;"2026/1";"EEU";101;"FEBI BILSTEIN";"171750";1
4921;"2026/1";"Romania";101;"FEBI BILSTEIN";"176878";2
4921;"2026/1";"Romania";144;"MEYLE";"1001350115";3
4921;"2026/1";"Croatia";68;"ZF";"1102298019";3
4921;"2026/1";"Croatia";144;"MEYLE";"1001350114SK";2
4921;"2026/1";"SEE";101;"FEBI BILSTEIN";"176873";4
4921;"2026/1";"West Europe";4342;"TCMATIC";"1051060017";2
4921;"2026/1";"EEU";4342;"TCMATIC";"1051060012";2
4921;"2026/1";"West Europe";144;"MEYLE";"1001350015SK";2
4921;"2026/1";"SEE";68;"ZF";"1103298006";2
4921;"2026/1";"Switzerland";162;"VAICO";"V105390BEK";2
4921;"2026/1";"West Europe";144;"MEYLE";"1001350108SK";2
4921;"2026/1";"Austria";68;"ZF";"5961308372";9
4921;"2026/1";"Other";144;"MEYLE";"0141350201";5
4921;"2026/1";"Germany";68;"ZF";"1103298112";119
4921;"2026/1";"Other";144;"MEYLE";"1001350102XK";3
4921;"2026/1";"Croatia";101;"FEBI BILSTEIN";"171769";3
4921;"2026/1";"Croatia";144;"MEYLE";"1001350122XK";1
4921;"2026/1";"Switzerland";144;"MEYLE";"1001350114SK";12
4921;"2026/1";"Nordic";144;"MEYLE";"0141351402XK";1
4921;"2026/1";"Nordic";144;"MEYLE";"3001350310";1
4921;"2026/1";"SEE";68;"ZF";"5961308411";1
4921;"2026/1";"SEE";144;"MEYLE";"18141350200";1
4921;"2026/1";"Germany";6558;"AIC";"73978SET";22
4921;"2026/1";"Other";144;"MEYLE";"1001350200";1
4921;"2026/1";"Croatia";101;"FEBI BILSTEIN";"188364";3
4921;"2026/1";"Germany";68;"ZF";"5961308407";26
4921;"2026/1";"B";144;"MEYLE";"0141350305XK";1
4921;"2026/1";"West Europe";101;"FEBI BILSTEIN";"188456";1
4921;"2026/1";"West Europe";144;"MEYLE";"18141350200SK";1
4921;"2026/1";"EEU";144;"MEYLE";"1001350102XK";4
4921;"2026/1";"N";144;"MEYLE";"1001350100";1
4921;"2026/1";"Austria";144;"MEYLE";"3001350008SK";5
4921;"2026/1";"Nordic";144;"MEYLE";"1001350108";1
4921;"2026/1";"Other";144;"MEYLE";"3001350403SK";1
4921;"2026/1";"Nordic";68;"ZF";"1071298039";4
4921;"2026/1";"Germany";144;"MEYLE";"0141350300SK";2
4921;"2026/1";"Slovenia";68;"ZF";"1103298007";11
4921;"2026/1";"Nordic";4342;"TCMATIC";"1051111018";2
4921;"2026/1";"Germany";162;"VAICO";"V204993XXL";12
4921;"2026/1";"EEU";144;"MEYLE";"0141351700";2
4921;"2026/1";"EEU";68;"ZF";"1071298038";1
4921;"2026/1";"SEE";101;"FEBI BILSTEIN";"171774";1
4921;"2026/1";"Romania";4342;"TCMATIC";"1051070002";1
4921;"2026/1";"Germany";162;"VAICO";"V220737BEK";7
4921;"2026/1";"Switzerland";144;"MEYLE";"1001350102SK";9
4921;"2026/1";"Switzerland";68;"ZF";"1087298368";5
4921;"2026/1";"N";4342;"TCMATIC";"1051060005";1
4921;"2026/1";"Other";6558;"AIC";"70937SET";2
4921;"2026/1";"Austria";144;"MEYLE";"5141350002";5
4921;"2026/1";"EEU";4342;"TCMATIC";"1051081012";1
4921;"2026/1";"EEU";144;"MEYLE";"3001350401";1
4921;"2026/1";"Nordic";68;"ZF";"5961303116";1
4921;"2026/1";"B";101;"FEBI BILSTEIN";"176857";5
4921;"2026/1";"Germany";68;"ZF";"1084298014";9
4921;"2026/1";"Germany";68;"ZF";"1087298366";1
4921;"2026/1";"Switzerland";68;"ZF";"1087298360";10
4921;"2026/1";"EEU";144;"MEYLE";"1001350115XK";12
4921;"2026/1";"EEU";144;"MEYLE";"1001350314SK";1
4921;"2026/1";"Other";101;"FEBI BILSTEIN";"176875";1
4921;"2026/1";"Germany";144;"MEYLE";"1001350130XK";21
4921;"2026/1";"Germany";4342;"TCMATIC";"1051090003";1
4921;"2026/1";"Other";144;"MEYLE";"0141350203";1
4921;"2026/1";"EEU";144;"MEYLE";"0141351600XK";2
4921;"2026/1";"B";4342;"TCMATIC";"1051112018";1
4921;"2026/1";"Austria";101;"FEBI BILSTEIN";"179355";1
4921;"2026/1";"Germany";162;"VAICO";"V202084BEK";2
4921;"2026/1";"Nordic";101;"FEBI BILSTEIN";"171783";1
4921;"2026/1";"Nordic";101;"FEBI BILSTEIN";"188364";1
4921;"2026/1";"N";68;"ZF";"1102298019";1
4921;"2026/1";"West Europe";4342;"TCMATIC";"1051120002";2
4921;"2026/1";"Nordic";144;"MEYLE";"0141351202";1
4921;"2026/1";"Germany";4999;"ÜRO Parts";"7252703707";1
4921;"2026/1";"West Europe";68;"ZF";"1087298361";1
4921;"2026/1";"B";4342;"TCMATIC";"1051060005";1
4921;"2026/1";"Spain";151;"SWAG";"33108307";1
4921;"2026/1";"Other";4342;"TCMATIC";"1051081012";1
4921;"2026/1";"Austria";144;"MEYLE";"1001350106XK";1
4921;"2026/1";"Nordic";144;"MEYLE";"0141350211";1
4921;"2026/1";"SEE";101;"FEBI BILSTEIN";"171783";2
4921;"2026/1";"EEU";4342;"TCMATIC";"1051010001";1
4921;"2026/1";"EEU";4342;"TCMATIC";"1051010016";1
4921;"2026/1";"Austria";101;"FEBI BILSTEIN";"176856";2
4921;"2026/1";"Switzerland";144;"MEYLE";"2141350100";12
4921;"2026/1";"Other";162;"VAICO";"V103220";2
4921;"2026/1";"Switzerland";144;"MEYLE";"3001350001";2
4921;"2026/1";"West Europe";144;"MEYLE";"1001350115XK";1
4921;"2026/1";"West Europe";144;"MEYLE";"18141350200";1
4921;"2026/1";"Nordic";101;"FEBI BILSTEIN";"171752";1
4921;"2026/1";"Nordic";68;"ZF";"1087298361";1
4921;"2026/1";"Serbia";144;"MEYLE";"1001350115XK";1
4921;"2026/1";"N";144;"MEYLE";"1001350005SK";1
4921;"2026/1";"SEE";68;"ZF";"1102298018";1
4921;"2026/1";"Nordic";101;"FEBI BILSTEIN";"171748";1
4921;"2026/1";"Slovenia";68;"ZF";"1087298368";1
4921;"2026/1";"West Europe";68;"ZF";"1091298082";1
4921;"2026/1";"West Europe";144;"MEYLE";"3001351009SK";1
4921;"2026/1";"EEU";101;"FEBI BILSTEIN";"188328";1
4921;"2026/1";"Nordic";144;"MEYLE";"2141350100SK";1
4921;"2026/1";"Croatia";144;"MEYLE";"1001350015SK";3
4921;"2026/1";"B";68;"ZF";"1087298368";1
4921;"2026/1";"B";144;"MEYLE";"1001350016SK";3
4921;"2026/1";"EEU";68;"ZF";"5961303474";1
4921;"2026/1";"Nordic";4342;"TCMATIC";"1051010011";1
4921;"2026/1";"Nordic";101;"FEBI BILSTEIN";"171783";1
4921;"2026/1";"Germany";4342;"TCMATIC";"1051040004";1
4921;"2026/1";"Nordic";144;"MEYLE";"0141351404";1
4921;"2026/1";"B";144;"MEYLE";"1001350100";1
4921;"2026/1";"West Europe";144;"MEYLE";"0141350305";1
4921;"2026/1";"Germany";68;"ZF";"5961309094";4
4921;"2026/1";"Romania";144;"MEYLE";"0141351404";1
4921;"2026/1";"Spain";68;"ZF";"1071298033";1
4921;"2026/1";"B";68;"ZF";"1111298032";1
4921;"2026/1";"EEU";68;"ZF";"1068298062";1
4921;"2026/1";"N";68;"ZF";"1087298368";5
4921;"2026/1";"N";68;"ZF";"5961308278";3
4921;"2026/1";"N";162;"VAICO";"V105582";29
4921;"2026/1";"Germany";162;"VAICO";"V105540";61
4921;"2026/1";"Balkan";68;"ZF";"1071298033";2
4921;"2026/1";"Serbia";68;"ZF";"5961308372";5
4921;"2026/1";"Other";162;"VAICO";"V303957";1
4921;"2026/1";"Portugal";101;"FEBI BILSTEIN";"171762";69
4921;"2026/1";"Portugal";101;"FEBI BILSTEIN";"171748";126
4921;"2026/1";"Romania";68;"ZF";"1087298369";15
4921;"2026/1";"Romania";162;"VAICO";"V103025";31
4921;"2026/1";"West Europe";144;"MEYLE";"1001350102";3
4921;"2026/1";"Germany";6558;"AIC";"74778SET";10
4921;"2026/1";"Austria";162;"VAICO";"V252987";8
4921;"2026/1";"West Europe";144;"MEYLE";"3001351007SK";2
4921;"2026/1";"West Europe";4342;"TCMATIC";"1051060022";3
4921;"2026/1";"Croatia";6558;"AIC";"74780SET";8
4921;"2026/1";"Switzerland";144;"MEYLE";"3001351004";6
4921;"2026/1";"Switzerland";162;"VAICO";"V104991";3
4921;"2026/1";"Switzerland";162;"VAICO";"V202090";5
4921;"2026/1";"Switzerland";6558;"AIC";"70317SET";10
4921;"2026/1";"N";68;"ZF";"5961303275";4
4921;"2026/1";"West Europe";4342;"TCMATIC";"1051111018";1
4921;"2026/1";"Slovenia";68;"ZF";"1071298027";5
4921;"2026/1";"Slovenia";68;"ZF";"1103298113";2
4921;"2026/1";"Switzerland";144;"MEYLE";"3001351005";3
4921;"2026/1";"Switzerland";162;"VAICO";"V105390SP";19
4921;"2026/1";"Balkan";101;"FEBI BILSTEIN";"188364";1
4921;"2026/1";"Germany";162;"VAICO";"V450188XXL";21
4921;"2026/1";"Germany";162;"VAICO";"V250797";12
4921;"2026/1";"Germany";162;"VAICO";"V202088XXL";8
4921;"2026/1";"Portugal";144;"MEYLE";"0141351404";6
4921;"2026/1";"Austria";162;"VAICO";"V303957";11
4921;"2026/1";"Austria";162;"VAICO";"V107344";1
4921;"2026/1";"Switzerland";68;"ZF";"1068298061";1
4921;"2026/1";"Portugal";101;"FEBI BILSTEIN";"176873";2
4921;"2026/1";"Portugal";101;"FEBI BILSTEIN";"176877";19
4921;"2026/1";"Portugal";4342;"TCMATIC";"1051050003";1
4921;"2026/1";"West Europe";68;"ZF";"1087298364";10
4921;"2026/1";"Germany";162;"VAICO";"V303957SP";39
4921;"2026/1";"Portugal";162;"VAICO";"V302254";1
4921;"2026/1";"Balkan";68;"ZF";"1068298062";11
4921;"2026/1";"Balkan";68;"ZF";"1071298038";31
4921;"2026/1";"Other";101;"FEBI BILSTEIN";"171783";10
4921;"2026/1";"Switzerland";68;"ZF";"1071298039";2
4921;"2026/1";"Serbia";68;"ZF";"5961308412";13
4921;"2026/1";"Germany";4342;"TCMATIC";"1051050004";1
4921;"2026/1";"Germany";6558;"AIC";"74771SET";15
4921;"2026/1";"West Europe";144;"MEYLE";"3001351007";4
4921;"2026/1";"Switzerland";101;"FEBI BILSTEIN";"176892";1
4921;"2026/1";"Slovenia";162;"VAICO";"V105582BEK";2
4921;"2026/1";"Croatia";162;"VAICO";"V105390BEK";3
4921;"2026/1";"Balkan";68;"ZF";"1103298112";11
4921;"2026/1";"Portugal";162;"VAICO";"V450188";1
4921;"2026/1";"Germany";68;"ZF";"1104298051";12
4921;"2026/1";"Other";68;"ZF";"1103298006";5
4921;"2026/1";"Other";101;"FEBI BILSTEIN";"176877";3
4921;"2026/1";"Switzerland";6558;"AIC";"73982SET";2
4921;"2026/1";"Slovenia";68;"ZF";"5961308587";1
4921;"2026/1";"N";144;"MEYLE";"11141350002";5
4921;"2026/1";"Austria";68;"ZF";"5961308284";14
4921;"2026/1";"Other";162;"VAICO";"V202090";2
4921;"2026/1";"Austria";144;"MEYLE";"1001350102SK";12
4921;"2026/1";"Austria";162;"VAICO";"V401605";10
4921;"2026/1";"Austria";68;"ZF";"5961309120";4
4921;"2026/1";"Austria";68;"ZF";"1087298368";6
4921;"2026/1";"Austria";68;"ZF";"5961308373";1
4921;"2026/1";"Austria";144;"MEYLE";"0141351402XK";10
4921;"2026/1";"Austria";162;"VAICO";"V401605XXL";6
4921;"2026/1";"Other";68;"ZF";"1102298018";5
4921;"2026/1";"Croatia";68;"ZF";"5961308373";1
4921;"2026/1";"Germany";162;"VAICO";"V103226XXL";3
4921;"2026/1";"Switzerland";144;"MEYLE";"1001350314SK";2
4921;"2026/1";"Switzerland";162;"VAICO";"V103221";2
4921;"2026/1";"Switzerland";162;"VAICO";"V450189";5
4921;"2026/1";"Germany";162;"VAICO";"V103218XXL";10
4921;"2026/1";"Germany";162;"VAICO";"V103226";10
4921;"2026/1";"N";162;"VAICO";"V450269XXL";1
4921;"2026/1";"N";162;"VAICO";"V250797XXL";1
4921;"2026/1";"N";162;"VAICO";"V302253XXL";2
4921;"2026/1";"N";162;"VAICO";"V302256XXL";1
4921;"2026/1";"Croatia";6558;"AIC";"73965SET";1
4921;"2026/1";"West Europe";101;"FEBI BILSTEIN";"171774";1
4921;"2026/1";"Austria";68;"ZF";"5961309096";3
4921;"2026/1";"Germany";68;"ZF";"1102298018";5
4921;"2026/1";"Austria";162;"VAICO";"V105390XXL";2
4921;"2026/1";"Austria";144;"MEYLE";"5141351401";3
4921;"2026/1";"West Europe";101;"FEBI BILSTEIN";"176877";2
4921;"2026/1";"West Europe";101;"FEBI BILSTEIN";"171748";2
4921;"2026/1";"West Europe";4342;"TCMATIC";"1051060011";1
4921;"2026/1";"Portugal";4342;"TCMATIC";"1051110021";2
4921;"2026/1";"Switzerland";6558;"AIC";"74771SET";2
4921;"2026/1";"Serbia";151;"SWAG";"33108048";2
4921;"2026/1";"N";144;"MEYLE";"1001350013";1
4921;"2026/1";"Portugal";4342;"TCMATIC";"1051110015";1
4921;"2026/1";"Romania";68;"ZF";"1058298046";1
4921;"2026/1";"Romania";162;"VAICO";"V103223";2
4921;"2026/1";"Spain";4342;"TCMATIC";"1051011081";1
4921;"2026/1";"Spain";4342;"TCMATIC";"1051060006";1
4921;"2026/1";"Other";6558;"AIC";"74780SET";1
4921;"2026/1";"West Europe";101;"FEBI BILSTEIN";"171783";3
4921;"2026/1";"West Europe";101;"FEBI BILSTEIN";"188364";2
4921;"2026/1";"Serbia";68;"ZF";"5961308371";4
4921;"2026/1";"West Europe";162;"VAICO";"V302377";2
4921;"2026/1";"Spain";4342;"TCMATIC";"1051010009";1
4921;"2026/1";"Balkan";101;"FEBI BILSTEIN";"176892";1
4921;"2026/1";"Switzerland";144;"MEYLE";"1001350012";2
4921;"2026/1";"N";144;"MEYLE";"0141350300XK";1
4921;"2026/1";"N";144;"MEYLE";"1001350102SK";3
4921;"2026/1";"West Europe";101;"FEBI BILSTEIN";"176891";1
4921;"2026/1";"Switzerland";162;"VAICO";"V450189XXL";1
4921;"2026/1";"Serbia";144;"MEYLE";"0141350203";1
4921;"2026/1";"Portugal";144;"MEYLE";"1001350115SK";1
4921;"2026/1";"Austria";162;"VAICO";"V450269";2
4921;"2026/1";"Switzerland";144;"MEYLE";"0141351700";1
4921;"2026/1";"Germany";6558;"AIC";"70677SET";7
4921;"2026/1";"Balkan";144;"MEYLE";"0141351402";1
4921;"2026/1";"Spain";101;"FEBI BILSTEIN";"176857";2
4921;"2026/1";"Other";144;"MEYLE";"70161350001";1
4921;"2026/1";"West Europe";4342;"TCMATIC";"1051061006";2
4921;"2026/1";"Switzerland";144;"MEYLE";"1001350107SK";1
4921;"2026/1";"Serbia";68;"ZF";"5961308601";10
4921;"2026/1";"B";162;"VAICO";"V105582";3
4921;"2026/1";"Austria";162;"VAICO";"V103223XXL";1
4921;"2026/1";"Other";68;"ZF";"5961303474";5
4921;"2026/1";"Germany";162;"VAICO";"V401604BEK";6
4921;"2026/1";"Spain";4342;"TCMATIC";"1051061012";1
4921;"2026/1";"West Europe";144;"MEYLE";"1001350114";3
4921;"2026/1";"Other";151;"SWAG";"33107900";4
4921;"2026/1";"Slovenia";151;"SWAG";"33108307";1
4921;"2026/1";"Slovenia";6558;"AIC";"74794SET";1
4921;"2026/1";"Slovenia";101;"FEBI BILSTEIN";"171776";1
4921;"2026/1";"Switzerland";101;"FEBI BILSTEIN";"171754";1
4921;"2026/1";"Balkan";144;"MEYLE";"1001350108";1
4921;"2026/1";"West Europe";144;"MEYLE";"1001350122XK";1
4921;"2026/1";"Germany";68;"ZF";"1068298054";7
4921;"2026/1";"Nordic";162;"VAICO";"V103223";10
4921;"2026/1";"Germany";144;"MEYLE";"1001350013XK";8
4921;"2026/1";"Germany";144;"MEYLE";"1001350016SK";10
4921;"2026/1";"West Europe";162;"VAICO";"V104991XXL";2
4921;"2026/1";"Germany";6558;"AIC";"70678SET";5
4921;"2026/1";"Germany";162;"VAICO";"V520470BEK";6
4921;"2026/1";"Nordic";162;"VAICO";"V104991";31
4921;"2026/1";"Nordic";162;"VAICO";"V302257BEK";17
4921;"2026/1";"Germany";68;"ZF";"1055298040";3
4921;"2026/1";"Romania";68;"ZF";"1102298020";4
4921;"2026/1";"N";68;"ZF";"5961308284";10
4921;"2026/1";"N";68;"ZF";"1090298126";1
4921;"2026/1";"N";68;"ZF";"5961308375";3
4921;"2026/1";"B";68;"ZF";"5961303116";2
4921;"2026/1";"Romania";6558;"AIC";"70033SET";7
4921;"2026/1";"West Europe";162;"VAICO";"V252191";3
4921;"2026/1";"Germany";144;"MEYLE";"1001350003XK";10
4921;"2026/1";"Austria";162;"VAICO";"V303696";2
4921;"2026/1";"N";68;"ZF";"1084298014";1
4921;"2026/1";"N";162;"VAICO";"V302254";1
4921;"2026/1";"West Europe";162;"VAICO";"V250796XXL";3
4921;"2026/1";"Nordic";162;"VAICO";"V580004";5
4921;"2026/1";"Nordic";68;"ZF";"1103298112";2
4921;"2026/1";"Romania";162;"VAICO";"V105390";1
4921;"2026/1";"West Europe";162;"VAICO";"V103215";1
4921;"2026/1";"Austria";162;"VAICO";"V461378";1
4921;"2026/1";"Germany";162;"VAICO";"V202083";4
4921;"2026/1";"Germany";144;"MEYLE";"1001350001XK";1
4921;"2026/1";"Balkan";68;"ZF";"1060298069";1
4921;"2026/1";"N";162;"VAICO";"V302254XXL";1
4921;"2026/1";"Austria";68;"ZF";"1071298039";4
4921;"2026/1";"Germany";6558;"AIC";"77930SET";1
4921;"2026/1";"Austria";144;"MEYLE";"1001350002";1
4921;"2026/1";"N";162;"VAICO";"V302252";1
4921;"2026/1";"Nordic";162;"VAICO";"V250796";1
4921;"2026/1";"B";162;"VAICO";"V302377BEK";1
4921;"2026/1";"Switzerland";101;"FEBI BILSTEIN";"176856";1
4921;"2026/1";"West Europe";144;"MEYLE";"3001351007";3
4921;"2026/1";"Germany";6558;"AIC";"77929SET";1
4921;"2026/1";"Austria";144;"MEYLE";"1001350105";1
4921;"2026/1";"Austria";162;"VAICO";"V302254BEK";1
4921;"2026/1";"Austria";6558;"AIC";"74773SET";3
4921;"2026/1";"Other";162;"VAICO";"V105390SP";1
4921;"2026/1";"Germany";144;"MEYLE";"1001350214SK";1
4921;"2026/1";"Germany";144;"MEYLE";"3001350314XK";1
4921;"2026/1";"West Europe";144;"MEYLE";"2141350100SK";2
4921;"2026/1";"Austria";6558;"AIC";"74769SET";2
4921;"2026/1";"Germany";144;"MEYLE";"1001350015";2
4921;"2026/1";"Austria";68;"ZF";"1104298054";1
4921;"2026/1";"Germany";4342;"TCMATIC";"1051010068";1
4921;"2026/1";"Germany";68;"ZF";"5961309150";1
4921;"2026/1";"Other";144;"MEYLE";"1001350122";1
4921;"2026/1";"Austria";144;"MEYLE";"1001350122XK";1
4921;"2026/1";"West Europe";162;"VAICO";"V220737BEK";2
4921;"2026/1";"West Europe";68;"ZF";"1103298112";2
4921;"2026/1";"Switzerland";101;"FEBI BILSTEIN";"171762";22
4921;"2026/1";"Austria";101;"FEBI BILSTEIN";"188328";4
4921;"2026/1";"Austria";144;"MEYLE";"1001350107";5
4921;"2026/1";"Nordic";101;"FEBI BILSTEIN";"171785";1
4921;"2026/1";"Germany";68;"ZF";"1087298369";136
4921;"2026/1";"Germany";101;"FEBI BILSTEIN";"171774";15
4921;"2026/1";"Germany";144;"MEYLE";"1001350114";856
4921;"2026/1";"Nordic";68;"ZF";"1103298007";3
4921;"2026/1";"EEU";68;"ZF";"1087298368";30
4921;"2026/1";"EEU";101;"FEBI BILSTEIN";"171774";11
4921;"2026/1";"EEU";101;"FEBI BILSTEIN";"188364";13
4921;"2026/1";"EEU";144;"MEYLE";"1001350120SK";3
4921;"2026/1";"Nordic";144;"MEYLE";"1001350114SK";9
4921;"2026/1";"Germany";4342;"TCMATIC";"1051010002";4
4921;"2026/1";"Germany";4342;"TCMATIC";"1051040007";3
4921;"2026/1";"Germany";162;"VAICO";"V302254";212
4921;"2026/1";"Slovenia";144;"MEYLE";"1001350016";5
4921;"2026/1";"Slovenia";144;"MEYLE";"1001350109XK";2
4921;"2026/1";"Slovenia";144;"MEYLE";"1001350118";2
4921;"2026/1";"Slovenia";144;"MEYLE";"1001350130";6
4921;"2026/1";"Germany";68;"ZF";"1071298038";223
4921;"2026/1";"SEE";68;"ZF";"1068298062";95
4921;"2026/1";"SEE";68;"ZF";"1068298083";25
4921;"2026/1";"SEE";68;"ZF";"1071298033";42
4921;"2026/1";"SEE";68;"ZF";"1087298360";18
4921;"2026/1";"SEE";68;"ZF";"1090298126";3
4921;"2026/1";"Slovenia";144;"MEYLE";"3001351005";1
4921;"2026/1";"Germany";162;"VAICO";"V330533";104
4921;"2026/1";"N";68;"ZF";"1087298367";2
4921;"2026/1";"Germany";162;"VAICO";"V105390";354
4921;"2026/1";"B";144;"MEYLE";"1001350200";12
4921;"2026/1";"B";68;"ZF";"1071298033";5
4921;"2026/1";"B";101;"FEBI BILSTEIN";"171748";11
4921;"2026/1";"EEU";144;"MEYLE";"0141350211SK";2
4921;"2026/1";"Germany";162;"VAICO";"V302256";447
4921;"2026/1";"Germany";68;"ZF";"5961308284";461
4921;"2026/1";"Croatia";101;"FEBI BILSTEIN";"171767";6
4921;"2026/1";"Germany";101;"FEBI BILSTEIN";"176878";44
4921;"2026/1";"Germany";6558;"AIC";"73968SET";7
4921;"2026/1";"N";144;"MEYLE";"1001350102";113
4921;"2026/1";"Austria";68;"ZF";"5961308412";12
4921;"2026/1";"Austria";101;"FEBI BILSTEIN";"171783";70
4921;"2026/1";"SEE";68;"ZF";"1068298062";8
4921;"2026/1";"SEE";101;"FEBI BILSTEIN";"171785";24
4921;"2026/1";"Germany";144;"MEYLE";"3001351005";99
4921;"2026/1";"EEU";144;"MEYLE";"0141350211SK";2
4921;"2026/1";"EEU";4342;"TCMATIC";"1051060005";1
4921;"2026/1";"Germany";144;"MEYLE";"0141350214";121
4921;"2026/1";"EEU";68;"ZF";"1071298027";41
4921;"2026/1";"SEE";101;"FEBI BILSTEIN";"171776";7
4921;"2026/1";"Nordic";209;"TRUCKTEC AUTOMOTIVE";"0825065";3
4921;"2026/1";"Nordic";4342;"TCMATIC";"1051060005";4
4921;"2026/1";"B";144;"MEYLE";"3001351007";2
4921;"2026/1";"Nordic";68;"ZF";"5961308203";1
4921;"2026/1";"Germany";101;"FEBI BILSTEIN";"176814";28
4921;"2026/1";"Germany";162;"VAICO";"V302253XXL";3
4921;"2026/1";"EEU";68;"ZF";"1102298018";4
4921;"2026/1";"EEU";144;"MEYLE";"1001350109";27
4921;"2026/1";"EEU";144;"MEYLE";"11141350002";5
4921;"2026/1";"EEU";144;"MEYLE";"3001350403";13
4921;"2026/1";"EEU";101;"FEBI BILSTEIN";"171772";15
4921;"2026/1";"Nordic";144;"MEYLE";"1001350114XK";1
4921;"2026/1";"Germany";144;"MEYLE";"1001350004SK";6
4921;"2026/1";"Germany";162;"VAICO";"V252191";74
4921;"2026/1";"Other";144;"MEYLE";"3001350403";1
4921;"2026/1";"Romania";68;"ZF";"1060298070";3
4921;"2026/1";"Romania";68;"ZF";"1071298027";12
4921;"2026/1";"Romania";68;"ZF";"1071298033";152
4921;"2026/1";"Romania";144;"MEYLE";"7141350002";5
4921;"2026/1";"Slovenia";144;"MEYLE";"1001350115";30
4921;"2026/1";"Croatia";68;"ZF";"1103298006";9
4921;"2026/1";"Germany";162;"VAICO";"V402114";227
4921;"2026/1";"Germany";144;"MEYLE";"0141351202XK";157
4921;"2026/1";"Germany";68;"ZF";"5961309097";7
4921;"2026/1";"SEE";101;"FEBI BILSTEIN";"176892";19
4921;"2026/1";"SEE";68;"ZF";"5961303275";6
4921;"2026/1";"SEE";144;"MEYLE";"0141350300";3
4921;"2026/1";"SEE";144;"MEYLE";"1001350114SK";8
4921;"2026/1";"Switzerland";144;"MEYLE";"3001351004SK";1
4921;"2026/1";"Nordic";4342;"TCMATIC";"1051010020";1
4921;"2026/1";"West Europe";68;"ZF";"1068298061";3
4921;"2026/1";"Germany";162;"VAICO";"V302258";88
4921;"2026/1";"Other";162;"VAICO";"V252191";1
4921;"2026/1";"SEE";68;"ZF";"1084298013";3
4921;"2026/1";"EEU";144;"MEYLE";"1001350114";1
4921;"2026/1";"EEU";144;"MEYLE";"18141350200SK";1
4921;"2026/1";"ROW";144;"MEYLE";"1001350130";3
4921;"2026/1";"Germany";144;"MEYLE";"3001351004XK";15
4921;"2026/1";"Germany";4342;"TCMATIC";"1051051001";1
4921;"2026/1";"Other";101;"FEBI BILSTEIN";"171785";29
4921;"2026/1";"Germany";162;"VAICO";"V105390XXL";50
4921;"2026/1";"Germany";144;"MEYLE";"1001350100";95
4921;"2026/1";"Germany";162;"VAICO";"V402114XXL";54
4921;"2026/1";"Germany";68;"ZF";"1060298070";34
4921;"2026/1";"Austria";68;"ZF";"5961303474";13
4921;"2026/1";"Austria";144;"MEYLE";"1001350115SK";44
4921;"2026/1";"SEE";68;"ZF";"1060298069";8
4921;"2026/1";"Austria";144;"MEYLE";"3001351007SK";23
4921;"2026/1";"EEU";101;"FEBI BILSTEIN";"176814";4
4921;"2026/1";"Nordic";4342;"TCMATIC";"1051010010";1
4921;"2026/1";"Germany";162;"VAICO";"V304756";7
4921;"2026/1";"Romania";68;"ZF";"1068298062";100
4921;"2026/1";"Romania";101;"FEBI BILSTEIN";"176814";1
4921;"2026/1";"Romania";101;"FEBI BILSTEIN";"188364";1
4921;"2026/1";"Romania";144;"MEYLE";"0141351410";1
4921;"2026/1";"Switzerland";144;"MEYLE";"1001350102XK";14
4921;"2026/1";"West Europe";144;"MEYLE";"7141350002";5
4921;"2026/1";"West Europe";4342;"TCMATIC";"1051060005";2
4921;"2026/1";"West Europe";144;"MEYLE";"1001350109";2
4921;"2026/1";"Nordic";4342;"TCMATIC";"1051020003";2
4921;"2026/1";"Switzerland";144;"MEYLE";"1001350100";2
4921;"2026/1";"Switzerland";162;"VAICO";"V302377BEK";7
4921;"2026/1";"SEE";68;"ZF";"5961308373";2
4921;"2026/1";"B";162;"VAICO";"V450189";1
4921;"2026/1";"Other";101;"FEBI BILSTEIN";"171774";4
4921;"2026/1";"Germany";144;"MEYLE";"1001350002";10
4921;"2026/1";"Germany";6558;"AIC";"73972SET";96
4921;"2026/1";"Other";101;"FEBI BILSTEIN";"176874";6
4921;"2026/1";"EEU";68;"ZF";"1103298113";14
4921;"2026/1";"EEU";144;"MEYLE";"0141350305XK";4
4921;"2026/1";"EEU";144;"MEYLE";"3001351005";3
4921;"2026/1";"Other";144;"MEYLE";"0141351700";4
4921;"2026/1";"Nordic";68;"ZF";"1084298014";1
4921;"2026/1";"Nordic";68;"ZF";"1087298364";21
4921;"2026/1";"West Europe";101;"FEBI BILSTEIN";"171783";5
4921;"2026/1";"Germany";68;"ZF";"5961308475";1
4921;"2026/1";"Nordic";101;"FEBI BILSTEIN";"171750";4
4921;"2026/1";"West Europe";144;"MEYLE";"0141350305XK";1
4921;"2026/1";"Other";144;"MEYLE";"0141351212";2
4921;"2026/1";"EEU";68;"ZF";"1087298365";3
4921;"2026/1";"West Europe";68;"ZF";"1087298360";2
4921;"2026/1";"West Europe";101;"FEBI BILSTEIN";"171752";3
4921;"2026/1";"West Europe";101;"FEBI BILSTEIN";"176873";1
4921;"2026/1";"West Europe";101;"FEBI BILSTEIN";"188328";2
4921;"2026/1";"West Europe";4342;"TCMATIC";"1051090001";2
4921;"2026/1";"Germany";144;"MEYLE";"3001351007XK";90
4921;"2026/1";"Germany";144;"MEYLE";"3001350402";12
4921;"2026/1";"Other";144;"MEYLE";"1001350115XK";4
4921;"2026/1";"Other";144;"MEYLE";"5141351401";2
4921;"2026/1";"Other";4342;"TCMATIC";"1051110014";2
4921;"2026/1";"West Europe";162;"VAICO";"V204670XXL";1
4921;"2026/1";"Austria";144;"MEYLE";"0141351410";17
4921;"2026/1";"Spain";68;"ZF";"1087298365";4
4921;"2026/1";"West Europe";68;"ZF";"1087298369";1
4921;"2026/1";"SEE";101;"FEBI BILSTEIN";"188362";5
4921;"2026/1";"Nordic";101;"FEBI BILSTEIN";"171750";1
4921;"2026/1";"Other";144;"MEYLE";"1001350103";2
4921;"2026/1";"EEU";4342;"TCMATIC";"1051010002";1
4921;"2026/1";"SEE";68;"ZF";"5961308375";3
4921;"2026/1";"Nordic";4342;"TCMATIC";"1051080004";2
4921;"2026/1";"Germany";68;"ZF";"5961309177";3
4921;"2026/1";"Slovenia";68;"ZF";"5961308601";5
4921;"2026/1";"Austria";144;"MEYLE";"1001350102XK";10
4921;"2026/1";"Nordic";68;"ZF";"1087298365";5
4921;"2026/1";"Germany";162;"VAICO";"V302258XXL";39
4921;"2026/1";"Nordic";144;"MEYLE";"1001350016SK";1
4921;"2026/1";"Germany";162;"VAICO";"V107344";12
4921;"2026/1";"Nordic";4342;"TCMATIC";"1051110018";2
4921;"2026/1";"SEE";68;"ZF";"5961309095";1
4921;"2026/1";"EEU";101;"FEBI BILSTEIN";"176899";1
4921;"2026/1";"EEU";144;"MEYLE";"18141350100SK";1
4921;"2026/1";"N";144;"MEYLE";"3001351007SK";2
4921;"2026/1";"Germany";162;"VAICO";"V302377XXL";81
4921;"2026/1";"Germany";101;"FEBI BILSTEIN";"176873";3
4921;"2026/1";"Germany";101;"FEBI BILSTEIN";"176899";2
4921;"2026/1";"Other";4342;"TCMATIC";"1051051001";3
4921;"2026/1";"B";68;"ZF";"1068298062";4
4921;"2026/1";"Romania";68;"ZF";"1102298018";7
4921;"2026/1";"Croatia";144;"MEYLE";"0141351410";3
4921;"2026/1";"Croatia";144;"MEYLE";"1001350109";1
4921;"2026/1";"West Europe";101;"FEBI BILSTEIN";"176891";1
4921;"2026/1";"EEU";4342;"TCMATIC";"1051060018";2
4921;"2026/1";"SEE";68;"ZF";"1111298031";1
4921;"2026/1";"Nordic";144;"MEYLE";"1001350114";1
4921;"2026/1";"Nordic";4342;"TCMATIC";"1051081012";1
4921;"2026/1";"Germany";162;"VAICO";"V304427XXL";24
4921;"2026/1";"Germany";6558;"AIC";"70934SET";16
4921;"2026/1";"B";144;"MEYLE";"1001350102XK";4
4921;"2026/1";"B";144;"MEYLE";"3001351007SK";2
4921;"2026/1";"Other";68;"ZF";"1087298364";1
4921;"2026/1";"Switzerland";144;"MEYLE";"1001350114XK";4
4921;"2026/1";"Nordic";144;"MEYLE";"1001350122XK";1
4921;"2026/1";"Germany";144;"MEYLE";"4141350001";21
4921;"2026/1";"Other";144;"MEYLE";"1001350114SK";5
4921;"2026/1";"SEE";6558;"AIC";"70937SET";1
4921;"2026/1";"Austria";68;"ZF";"1109298030";2
4921;"2026/1";"West Europe";144;"MEYLE";"0141351202";3
4921;"2026/1";"West Europe";144;"MEYLE";"1001350107SK";1
4921;"2026/1";"Switzerland";144;"MEYLE";"3001351007XK";10
4921;"2026/1";"Austria";144;"MEYLE";"1001350116SK";67
4921;"2026/1";"SEE";101;"FEBI BILSTEIN";"179355";1
4921;"2026/1";"SEE";144;"MEYLE";"0141350305";3
4921;"2026/1";"West Europe";68;"ZF";"1087298368";2
4921;"2026/1";"West Europe";209;"TRUCKTEC AUTOMOTIVE";"0825064";3
4921;"2026/1";"Croatia";144;"MEYLE";"1001350103";5
4921;"2026/1";"N";68;"ZF";"1103298007";4
4921;"2026/1";"Nordic";101;"FEBI BILSTEIN";"176857";2
4921;"2026/1";"EEU";162;"VAICO";"V252191";1
4921;"2026/1";"EEU";4342;"TCMATIC";"1051070002";2
4921;"2026/1";"B";144;"MEYLE";"0141350305";4
4921;"2026/1";"West Europe";68;"ZF";"1060298070";1
4921;"2026/1";"West Europe";144;"MEYLE";"1001350114XK";1
4921;"2026/1";"EEU";144;"MEYLE";"0141351402XK";2
4921;"2026/1";"Nordic";68;"ZF";"1071298027";1
4921;"2026/1";"Nordic";162;"VAICO";"V302377BEK";1
4921;"2026/1";"Nordic";68;"ZF";"1390298004";1
4921;"2026/1";"Romania";101;"FEBI BILSTEIN";"171750";2
4921;"2026/1";"Serbia";68;"ZF";"1103298007";7
4921;"2026/1";"West Europe";162;"VAICO";"V103025XXL";1
4921;"2026/1";"Germany";162;"VAICO";"V109399";11
4921;"2026/1";"Spain";101;"FEBI BILSTEIN";"171754";1
4921;"2026/1";"Romania";68;"ZF";"1109298031";25
4921;"2026/1";"Nordic";68;"ZF";"1071298033";2
4921;"2026/1";"Other";144;"MEYLE";"1001350103XK";1
4921;"2026/1";"Germany";162;"VAICO";"V202082BEK";3
4921;"2026/1";"Nordic";68;"ZF";"1087298360";2
4921;"2026/1";"EEU";101;"FEBI BILSTEIN";"176856";3
4921;"2026/1";"Balkan";68;"ZF";"1087298364";107
4921;"2026/1";"Other";144;"MEYLE";"1001350115SK";3
4921;"2026/1";"Germany";162;"VAICO";"V252253BEK";3
4921;"2026/1";"Other";144;"MEYLE";"1001350120SK";2
4921;"2026/1";"EEU";144;"MEYLE";"0141351600";2
4921;"2026/1";"Nordic";144;"MEYLE";"2141350100";1
4921;"2026/1";"Nordic";101;"FEBI BILSTEIN";"171776";1
4921;"2026/1";"West Europe";144;"MEYLE";"0141351201XK";1
4921;"2026/1";"Nordic";144;"MEYLE";"2141350100";1
4921;"2026/1";"Nordic";101;"FEBI BILSTEIN";"171762";3
4921;"2026/1";"West Europe";4342;"TCMATIC";"1051060021";1
4921;"2026/1";"B";68;"ZF";"1060298070";1
4921;"2026/1";"Other";144;"MEYLE";"1001350013";1
4921;"2026/1";"EEU";144;"MEYLE";"1001350109";1
4921;"2026/1";"Germany";101;"FEBI BILSTEIN";"176875";1
4921;"2026/1";"Germany";144;"MEYLE";"3001350002";15
4921;"2026/1";"Germany";144;"MEYLE";"3001350401";2
4921;"2026/1";"Switzerland";162;"VAICO";"V450188XXL";2
4921;"2026/1";"Switzerland";6558;"AIC";"74780SET";67
4921;"2026/1";"Nordic";162;"VAICO";"V252191";1
4921;"2026/1";"Switzerland";68;"ZF";"1103298006";4
4921;"2026/1";"Other";162;"VAICO";"V204300";2
4921;"2026/1";"EEU";144;"MEYLE";"7141350002";1
4921;"2026/1";"Austria";144;"MEYLE";"4141350001";2
4921;"2026/1";"N";4342;"TCMATIC";"1051070002";1
4921;"2026/1";"Austria";144;"MEYLE";"3001350305";1
4921;"2026/1";"EEU";144;"MEYLE";"1001350115SK";3
4921;"2026/1";"Nordic";4342;"TCMATIC";"1051081012";2
4921;"2026/1";"EEU";101;"FEBI BILSTEIN";"176874";1
4921;"2026/1";"Nordic";144;"MEYLE";"1001350115SK";1
4921;"2026/1";"SEE";68;"ZF";"5961308587";1
4921;"2026/1";"B";144;"MEYLE";"3001351005";2
4921;"2026/1";"Germany";4342;"TCMATIC";"1051010020";4
4921;"2026/1";"Austria";144;"MEYLE";"1001350220";52
4921;"2026/1";"ROW";68;"ZF";"1087298364";1
4921;"2026/1";"Nordic";101;"FEBI BILSTEIN";"171750";1
4921;"2026/1";"Nordic";101;"FEBI BILSTEIN";"171783";3
4921;"2026/1";"Nordic";144;"MEYLE";"1001350103SK";1
4921;"2026/1";"EEU";4342;"TCMATIC";"1051060012";1
4921;"2026/1";"SEE";68;"ZF";"5961306996";1
4921;"2026/1";"Austria";162;"VAICO";"V302377";30
4921;"2026/1";"Germany";162;"VAICO";"V103214BEK";10
4921;"2026/1";"Germany";144;"MEYLE";"7141350003";5
4921;"2026/1";"N";68;"ZF";"1068298062";5
4921;"2026/1";"N";162;"VAICO";"V380511";3
4921;"2026/1";"Serbia";68;"ZF";"5961308411";4
4921;"2026/1";"Germany";6558;"AIC";"74783SET";64
4921;"2026/1";"West Europe";144;"MEYLE";"1001350116SK";1
4921;"2026/1";"Switzerland";68;"ZF";"1068298062";15
4921;"2026/1";"Switzerland";68;"ZF";"5961304069";6
4921;"2026/1";"Switzerland";144;"MEYLE";"3001350306";1
4921;"2026/1";"Switzerland";144;"MEYLE";"5141351401";5
4921;"2026/1";"Balkan";68;"ZF";"1087298361";1
4921;"2026/1";"Balkan";68;"ZF";"1087298365";56
4921;"2026/1";"N";162;"VAICO";"V105390BEK";4
4921;"2026/1";"Other";101;"FEBI BILSTEIN";"171748";10
4921;"2026/1";"Austria";162;"VAICO";"V304427";4
4921;"2026/1";"Austria";162;"VAICO";"V103025XXL";12
4921;"2026/1";"Other";101;"FEBI BILSTEIN";"171776";3
4921;"2026/1";"N";68;"ZF";"5961308601";10
4921;"2026/1";"N";144;"MEYLE";"2141350100";1
4921;"2026/1";"Austria";144;"MEYLE";"2141350100SK";4
4921;"2026/1";"Switzerland";162;"VAICO";"V220737";1
4921;"2026/1";"Switzerland";6558;"AIC";"74773SET";18
4921;"2026/1";"Spain";101;"FEBI BILSTEIN";"171783";2
4921;"2026/1";"Germany";162;"VAICO";"V103293";2
4921;"2026/1";"Austria";162;"VAICO";"V520470";6
4921;"2026/1";"Switzerland";68;"ZF";"1103298007";1
4921;"2026/1";"N";162;"VAICO";"V103226";1
4921;"2026/1";"Portugal";101;"FEBI BILSTEIN";"171754";12
4921;"2026/1";"Portugal";101;"FEBI BILSTEIN";"176892";6
4921;"2026/1";"Portugal";101;"FEBI BILSTEIN";"176897";3
4921;"2026/1";"N";162;"VAICO";"V109347";1
4921;"2026/1";"Serbia";68;"ZF";"1068298083";8
4921;"2026/1";"Switzerland";6558;"AIC";"74772SET";5
4921;"2026/1";"N";144;"MEYLE";"0141350201";10
4921;"2026/1";"West Europe";68;"ZF";"1103298113";1
4921;"2026/1";"Croatia";6558;"AIC";"74783SET";2
4921;"2026/1";"Switzerland";68;"ZF";"5961308375";3
4921;"2026/1";"Switzerland";144;"MEYLE";"1001350106";1
4921;"2026/1";"Germany";6558;"AIC";"58376SET";98
4921;"2026/1";"West Europe";144;"MEYLE";"0141350201";2
4921;"2026/1";"Germany";4342;"TCMATIC";"1051010031";2
4921;"2026/1";"Portugal";4342;"TCMATIC";"1051060012";2
4921;"2026/1";"Balkan";68;"ZF";"1087298369";8
4921;"2026/1";"Balkan";144;"MEYLE";"1001350114";7
4921;"2026/1";"Portugal";144;"MEYLE";"1001350116";2
4921;"2026/1";"Switzerland";101;"FEBI BILSTEIN";"171783";3
4921;"2026/1";"Serbia";68;"ZF";"1068298084";1
4921;"2026/1";"Switzerland";6558;"AIC";"74794SET";6
4921;"2026/1";"Austria";144;"MEYLE";"0141350213XK";1
4921;"2026/1";"West Europe";101;"FEBI BILSTEIN";"171762";7
4921;"2026/1";"West Europe";144;"MEYLE";"0141351402";3
4921;"2026/1";"Germany";162;"VAICO";"V330897XXL";3
4921;"2026/1";"Austria";162;"VAICO";"V202089";5
4921;"2026/1";"Germany";162;"VAICO";"V330897";2
4921;"2026/1";"EEU";144;"MEYLE";"0141351211SK";1
4921;"2026/1";"Switzerland";6558;"AIC";"74769SET";3
4921;"2026/1";"Austria";68;"ZF";"5961308375";7
4921;"2026/1";"Austria";162;"VAICO";"V302256XXL";7
4921;"2026/1";"Spain";144;"MEYLE";"0141350305XK";1
4921;"2026/1";"Germany";162;"VAICO";"V252991";7
4921;"2026/1";"Switzerland";144;"MEYLE";"3001350310SK";3
4921;"2026/1";"Germany";68;"ZF";"1090298126";75
4921;"2026/1";"Switzerland";6558;"AIC";"58376SET";6
4921;"2026/1";"Switzerland";162;"VAICO";"V302377";3
4921;"2026/1";"Austria";162;"VAICO";"V380511";4
4921;"2026/1";"N";162;"VAICO";"V204186XXL";9
4921;"2026/1";"Serbia";68;"ZF";"1068298061";4
4921;"2026/1";"N";144;"MEYLE";"18141350100XK";1
4921;"2026/1";"Croatia";68;"ZF";"5961306996";1
4921;"2026/1";"Germany";6558;"AIC";"74777SET";4
4921;"2026/1";"Serbia";101;"FEBI BILSTEIN";"179355";1
4921;"2026/1";"Austria";162;"VAICO";"V302258XXL";2
4921;"2026/1";"West Europe";162;"VAICO";"V105541";3
4921;"2026/1";"West Europe";144;"MEYLE";"3001351005";1
4921;"2026/1";"Other";151;"SWAG";"33108307";2
4921;"2026/1";"Austria";144;"MEYLE";"1001350100SK";1
4921;"2026/1";"Other";144;"MEYLE";"3001350002";1
4921;"2026/1";"Balkan";68;"ZF";"5961303474";12
4921;"2026/1";"Balkan";144;"MEYLE";"1001350115SK";4
4921;"2026/1";"Germany";68;"ZF";"1068298085";4
4921;"2026/1";"Balkan";101;"FEBI BILSTEIN";"188328";1
4921;"2026/1";"Austria";162;"VAICO";"V202092";1
4921;"2026/1";"West Europe";144;"MEYLE";"1001350102";1
4921;"2026/1";"Other";68;"ZF";"5961308602";1
4921;"2026/1";"Croatia";6558;"AIC";"73976SET";1
4921;"2026/1";"Portugal";162;"VAICO";"V103213BEK";1
4921;"2026/1";"Portugal";4342;"TCMATIC";"1051010019";1
4921;"2026/1";"Switzerland";6558;"AIC";"74777SET";2
4921;"2026/1";"West Europe";162;"VAICO";"V103220XXL";1
4921;"2026/1";"Austria";162;"VAICO";"V103226";2
4921;"2026/1";"Slovenia";144;"MEYLE";"7141350102";1
4921;"2026/1";"N";144;"MEYLE";"3001350306";1
4921;"2026/1";"N";162;"VAICO";"V401605XXL";2
4921;"2026/1";"Croatia";6558;"AIC";"74794SET";4
4921;"2026/1";"Germany";162;"VAICO";"V510650";3
4921;"2026/1";"Switzerland";68;"ZF";"1060298073";1
4921;"2026/1";"Switzerland";6558;"AIC";"73974SET";1
4921;"2026/1";"Switzerland";6558;"AIC";"74788SET";1
4921;"2026/1";"Switzerland";162;"VAICO";"V303695XXL";1
4921;"2026/1";"Slovenia";144;"MEYLE";"70161350001";1
4921;"2026/1";"Switzerland";68;"ZF";"5961308410";1
4921;"2026/1";"Croatia";162;"VAICO";"V105582";2
4921;"2026/1";"Balkan";101;"FEBI BILSTEIN";"176860";1
4921;"2026/1";"Germany";7678;"Andel";"ANKM0116";1
4921;"2026/1";"Balkan";68;"ZF";"5961308375";2
4921;"2026/1";"Switzerland";144;"MEYLE";"3001350001SK";1
4921;"2026/1";"Switzerland";6558;"AIC";"73978SET";2
4921;"2026/1";"Other";144;"MEYLE";"70161350001SK";1
4921;"2026/1";"Germany";144;"MEYLE";"2141350100SK";6
4921;"2026/1";"N";144;"MEYLE";"1001350001";1
4921;"2026/1";"Other";68;"ZF";"1068298083";2
4921;"2026/1";"Other";101;"FEBI BILSTEIN";"176878";3
4921;"2026/1";"Switzerland";68;"ZF";"1087298362";1
4921;"2026/1";"Austria";162;"VAICO";"V103292";3
4921;"2026/1";"Balkan";68;"ZF";"5961308284";1
4921;"2026/1";"Serbia";68;"ZF";"5961308408";3
4921;"2026/1";"Other";68;"ZF";"5961303275";2
4921;"2026/1";"Portugal";4342;"TCMATIC";"1051040003";1
4921;"2026/1";"Switzerland";6558;"AIC";"74790SET";1
4921;"2026/1";"Switzerland";6558;"AIC";"74791SET";1
4921;"2026/1";"N";101;"FEBI BILSTEIN";"176857";2
4921;"2026/1";"Other";162;"VAICO";"V103229";1
4921;"2026/1";"Germany";4342;"TCMATIC";"1051050003";1
4921;"2026/1";"West Europe";101;"FEBI BILSTEIN";"171774";1
4921;"2026/1";"Portugal";4342;"TCMATIC";"1051111018";1
4921;"2026/1";"Croatia";162;"VAICO";"V103223";2
4921;"2026/1";"West Europe";4342;"TCMATIC";"1051010012";1
4921;"2026/1";"Romania";68;"ZF";"1109298030";16
4921;"2026/1";"Austria";144;"MEYLE";"0141350200";2
4921;"2026/1";"Other";6558;"AIC";"73968SET";1
4921;"2026/1";"Balkan";151;"SWAG";"33108163";1
4921;"2026/1";"Balkan";151;"SWAG";"33108309";13
4921;"2026/1";"Germany";4342;"TCMATIC";"1051210001";1
4921;"2026/1";"Austria";162;"VAICO";"V105582SP1";12
4921;"2026/1";"Austria";162;"VAICO";"V109347";1
4921;"2026/1";"Germany";162;"VAICO";"V520389BEK";6
4921;"2026/1";"Germany";68;"ZF";"1058298049";1
4921;"2026/1";"Germany";162;"VAICO";"V202093";4
4921;"2026/1";"Germany";144;"MEYLE";"1001350107XK";4
4921;"2026/1";"Other";162;"VAICO";"V304427";1
4921;"2026/1";"Other";68;"ZF";"5961308375";1
4921;"2026/1";"Nordic";144;"MEYLE";"3001351007";1
4921;"2026/1";"Germany";144;"MEYLE";"5141350003XK";2
4921;"2026/1";"West Europe";68;"ZF";"5961303474";6
4921;"2026/1";"West Europe";162;"VAICO";"V302257";2
4921;"2026/1";"Romania";68;"ZF";"1103298112";9
4921;"2026/1";"Romania";101;"FEBI BILSTEIN";"188324";1
4921;"2026/1";"Romania";162;"VAICO";"V105582";4
4921;"2026/1";"Romania";162;"VAICO";"V304427BEK";2
4921;"2026/1";"Germany";6558;"AIC";"77928SET";2
4921;"2026/1";"Germany";162;"VAICO";"V205250";1
4921;"2026/1";"Balkan";151;"SWAG";"33108310";3
4921;"2026/1";"N";162;"VAICO";"V103218";2
4921;"2026/1";"Austria";4342;"TCMATIC";"1051070001";1
4921;"2026/1";"Balkan";162;"VAICO";"V250797BEK";2
4921;"2026/1";"Austria";162;"VAICO";"V105540XXL";1
4921;"2026/1";"Romania";162;"VAICO";"V330533";1
4921;"2026/1";"Austria";144;"MEYLE";"3001350401SK";1
4921;"2026/1";"Austria";162;"VAICO";"V202084BEK";1
4921;"2026/1";"Balkan";151;"SWAG";"33108307";2
4921;"2026/1";"Switzerland";144;"MEYLE";"0141350203";1
4921;"2026/1";"Germany";68;"ZF";"5961308078";1
4921;"2026/1";"Balkan";68;"ZF";"1068298061";1
4921;"2026/1";"N";162;"VAICO";"V302257BEK";2
4921;"2026/1";"Nordic";68;"ZF";"1071298033";1
4921;"2026/1";"Other";162;"VAICO";"V302256";1
4921;"2026/1";"N";162;"VAICO";"V304427";1
4921;"2026/1";"SEE";162;"VAICO";"V302377";2
4921;"2026/1";"Germany";144;"MEYLE";"3001350001SK";5
4921;"2026/1";"Germany";162;"VAICO";"V105612BEK";1
4921;"2026/1";"Austria";144;"MEYLE";"1001350101SK";1
4921;"2026/1";"Germany";144;"MEYLE";"0141351700XK";2
4921;"2026/1";"Germany";144;"MEYLE";"1001350001SK";14
4921;"2026/1";"Germany";144;"MEYLE";"1001350018SK";1
4921;"2026/1";"Austria";162;"VAICO";"V450188XXL";3
4921;"2026/1";"Germany";162;"VAICO";"V202087XXL";1
4921;"2026/1";"Germany";6558;"AIC";"74790SET";3
4921;"2026/1";"Germany";144;"MEYLE";"0141350402";1
4921;"2026/1";"SEE";144;"MEYLE";"1001350115";1
4921;"2026/1";"Austria";162;"VAICO";"V204186XXL";5
4921;"2026/1";"West Europe";144;"MEYLE";"1001350200";1
4921;"2026/1";"Austria";144;"MEYLE";"1001350003XK";1
4921;"2026/1";"Austria";162;"VAICO";"V302257XXL";1
4921;"2026/1";"Austria";68;"ZF";"1087298365";205
4921;"2026/1";"Austria";144;"MEYLE";"0141350305";114
4921;"2026/1";"N";68;"ZF";"1071298033";18
4921;"2026/1";"N";101;"FEBI BILSTEIN";"171762";15
4921;"2026/1";"Switzerland";68;"ZF";"1071298027";3
4921;"2026/1";"Switzerland";68;"ZF";"1087298365";123
4921;"2026/1";"Switzerland";144;"MEYLE";"0141350305";64
4921;"2026/1";"Austria";68;"ZF";"1071298033";26
4921;"2026/1";"Austria";101;"FEBI BILSTEIN";"171776";6
4921;"2026/1";"Germany";68;"ZF";"1103298006";247
4921;"2026/1";"Germany";101;"FEBI BILSTEIN";"176877";268
4921;"2026/1";"Germany";144;"MEYLE";"1001350103";911
4921;"2026/1";"EEU";144;"MEYLE";"1001350116";134
4921;"2026/1";"Nordic";4342;"TCMATIC";"1051010019";1
4921;"2026/1";"Nordic";4342;"TCMATIC";"1051080011";3
4921;"2026/1";"Germany";101;"FEBI BILSTEIN";"171762";857
4921;"2026/1";"Germany";68;"ZF";"5961303116";348
4921;"2026/1";"Germany";162;"VAICO";"V302254XXL";72
4921;"2026/1";"West Europe";162;"VAICO";"V204300";3
4921;"2026/1";"Slovenia";68;"ZF";"1087298364";74
4921;"2026/1";"Slovenia";68;"ZF";"1087298365";87
4921;"2026/1";"Slovenia";101;"FEBI BILSTEIN";"171754";5
4921;"2026/1";"Slovenia";101;"FEBI BILSTEIN";"171783";20
4921;"2026/1";"Germany";101;"FEBI BILSTEIN";"171754";52
4921;"2026/1";"Germany";144;"MEYLE";"3001350305";7
4921;"2026/1";"N";144;"MEYLE";"0141350300";31
4921;"2026/1";"N";144;"MEYLE";"3001350314";3
4921;"2026/1";"West Europe";144;"MEYLE";"1001350102";23
4921;"2026/1";"Germany";144;"MEYLE";"18141350200SK";10
4921;"2026/1";"B";4342;"TCMATIC";"1051010019";2
4921;"2026/1";"B";68;"ZF";"1087298365";23
4921;"2026/1";"B";101;"FEBI BILSTEIN";"171772";7
4921;"2026/1";"Other";68;"ZF";"1087298365";107
4921;"2026/1";"Croatia";101;"FEBI BILSTEIN";"171762";55
4921;"2026/1";"Austria";101;"FEBI BILSTEIN";"171752";23
4921;"2026/1";"Austria";101;"FEBI BILSTEIN";"171762";135
4921;"2026/1";"Austria";101;"FEBI BILSTEIN";"188364";84
4921;"2026/1";"SEE";101;"FEBI BILSTEIN";"171762";29
4921;"2026/1";"Germany";144;"MEYLE";"0141350201";494
4921;"2026/1";"Germany";68;"ZF";"5961308587";52
4921;"2026/1";"Germany";162;"VAICO";"V103222XXL";14
4921;"2026/1";"EEU";68;"ZF";"1071298038";30
4921;"2026/1";"EEU";68;"ZF";"1087298360";52
4921;"2026/1";"EEU";101;"FEBI BILSTEIN";"171776";9
4921;"2026/1";"West Europe";144;"MEYLE";"0141350213";1
4921;"2026/1";"Austria";68;"ZF";"1087298361";7
4921;"2026/1";"Austria";68;"ZF";"1090298127";14
4921;"2026/1";"Germany";162;"VAICO";"V109347";99
4921;"2026/1";"Balkan";144;"MEYLE";"1001350115";2
4921;"2026/1";"Germany";162;"VAICO";"V103218BEK";2
4921;"2026/1";"Nordic";68;"ZF";"1087298365";6
4921;"2026/1";"Nordic";144;"MEYLE";"1001350102";8
4921;"2026/1";"Balkan";68;"ZF";"1111298032";4
4921;"2026/1";"West Europe";68;"ZF";"1087298365";1
4921;"2026/1";"Germany";162;"VAICO";"V202090";132
4921;"2026/1";"West Europe";162;"VAICO";"V252191";1
4921;"2026/1";"Other";144;"MEYLE";"0141350305";8
4921;"2026/1";"EEU";68;"ZF";"1087298361";27
4921;"2026/1";"EEU";68;"ZF";"1090298127";6
4921;"2026/1";"EEU";68;"ZF";"1111298031";23
4921;"2026/1";"EEU";144;"MEYLE";"1001350130";4
4921;"2026/1";"EEU";144;"MEYLE";"3001351007XK";2
4921;"2026/1";"EEU";144;"MEYLE";"5141350002";9
4921;"2026/1";"Other";68;"ZF";"1071298038";3
4921;"2026/1";"Switzerland";144;"MEYLE";"1001350130";27
4921;"2026/1";"Other";144;"MEYLE";"1001350116";24
4921;"2026/1";"Germany";144;"MEYLE";"0141351201XK";79
4921;"2026/1";"Germany";68;"ZF";"1087298362";2
4921;"2026/1";"Germany";144;"MEYLE";"1001350108";169
4921;"2026/1";"Austria";68;"ZF";"1071298038";21
4921;"2026/1";"Germany";162;"VAICO";"V202742";7
4921;"2026/1";"Other";68;"ZF";"1071298027";1
4921;"2026/1";"Other";144;"MEYLE";"1001350115SK";3
4921;"2026/1";"Croatia";4342;"TCMATIC";"1051080011";3
4921;"2026/1";"Croatia";4342;"TCMATIC";"1051111018";1
4921;"2026/1";"Romania";101;"FEBI BILSTEIN";"188362";1
4921;"2026/1";"Germany";162;"VAICO";"V103220XXL";40
4921;"2026/1";"Nordic";68;"ZF";"5961308284";13
4921;"2026/1";"Nordic";68;"ZF";"5961308077";1
4921;"2026/1";"West Europe";4342;"TCMATIC";"1051062012";1
4921;"2026/1";"SEE";144;"MEYLE";"1001350115SK";10
4921;"2026/1";"Germany";144;"MEYLE";"3001350403";35
4921;"2026/1";"West Europe";144;"MEYLE";"1001350016SK";1
4921;"2026/1";"West Europe";144;"MEYLE";"1001350109XK";1
4921;"2026/1";"Other";144;"MEYLE";"1001350108";1
4921;"2026/1";"EEU";68;"ZF";"1068298062";4
4921;"2026/1";"EEU";101;"FEBI BILSTEIN";"176859";1
4921;"2026/1";"Germany";81;"HENGST FILTER";"KIT828";16
4921;"2026/1";"Switzerland";144;"MEYLE";"0141351202XK";10
4921;"2026/1";"Balkan";68;"ZF";"1091298066";1
4921;"2026/1";"Germany";162;"VAICO";"V103220BEK";163
4921;"2026/1";"Germany";162;"VAICO";"V330533XXL";40
4921;"2026/1";"SEE";101;"FEBI BILSTEIN";"171772";8
4921;"2026/1";"B";144;"MEYLE";"7141350002";1
4921;"2026/1";"Other";68;"ZF";"1060298069";2
4921;"2026/1";"Other";68;"ZF";"1068298083";11
4921;"2026/1";"Slovenia";101;"FEBI BILSTEIN";"176860";1
4921;"2026/1";"EEU";101;"FEBI BILSTEIN";"171772";2
4921;"2026/1";"SEE";68;"ZF";"1071298033";9
4921;"2026/1";"Other";4342;"TCMATIC";"1051010020";1
4921;"2026/1";"Germany";162;"VAICO";"V105390BEK";108
4921;"2026/1";"Nordic";144;"MEYLE";"0141351402";2
4921;"2026/1";"Nordic";4342;"TCMATIC";"1051010037";1
4921;"2026/1";"EEU";4342;"TCMATIC";"1051060017";3
4921;"2026/1";"Germany";144;"MEYLE";"1001350107SK";3
4921;"2026/1";"Serbia";68;"ZF";"1087298364";60
4921;"2026/1";"Romania";144;"MEYLE";"1001350116";4
4921;"2026/1";"Other";101;"FEBI BILSTEIN";"179355";1
4921;"2026/1";"West Europe";144;"MEYLE";"1001350210";3
4921;"2026/1";"West Europe";4342;"TCMATIC";"1051010012";2
4921;"2026/1";"West Europe";4342;"TCMATIC";"1051070002";3
4921;"2026/1";"Croatia";4342;"TCMATIC";"1051060021";1
4921;"2026/1";"West Europe";68;"ZF";"1103298007";1
4921;"2026/1";"Switzerland";144;"MEYLE";"1001350103";52
4921;"2026/1";"Other";68;"ZF";"1103298007";6
4921;"2026/1";"Other";68;"ZF";"1111298032";4
4921;"2026/1";"Other";101;"FEBI BILSTEIN";"176891";3
4921;"2026/1";"Nordic";101;"FEBI BILSTEIN";"171772";2
4921;"2026/1";"Germany";101;"FEBI BILSTEIN";"176894";4
4921;"2026/1";"Germany";144;"MEYLE";"1001350118";43
4921;"2026/1";"Other";101;"FEBI BILSTEIN";"188364";6
4921;"2026/1";"EEU";144;"MEYLE";"1001350003SK";4
4921;"2026/1";"Germany";144;"MEYLE";"1001350004";3
4921;"2026/1";"West Europe";403;"MAXGEAR";"261738";2
4921;"2026/1";"N";144;"MEYLE";"7141350102";8
4921;"2026/1";"West Europe";144;"MEYLE";"0141351402";2
4921;"2026/1";"West Europe";144;"MEYLE";"1001350102";7
4921;"2026/1";"West Europe";144;"MEYLE";"1001350109";1
4921;"2026/1";"Switzerland";162;"VAICO";"V302257BEK";10
4921;"2026/1";"Germany";162;"VAICO";"V202095";4
4921;"2026/1";"Switzerland";144;"MEYLE";"1001350116XK";7
4921;"2026/1";"Other";144;"MEYLE";"7141350002";8
4921;"2026/1";"Germany";144;"MEYLE";"0141351211SK";24
4921;"2026/1";"West Europe";101;"FEBI BILSTEIN";"176875";2
4921;"2026/1";"B";144;"MEYLE";"3001351004";2
4921;"2026/1";"Germany";144;"MEYLE";"0141351600";82
4921;"2026/1";"Nordic";144;"MEYLE";"0141350211";1
4921;"2026/1";"Germany";162;"VAICO";"V302252XXL";14
4921;"2026/1";"Nordic";68;"ZF";"1103298007";1
4921;"2026/1";"Austria";144;"MEYLE";"1001350114XK";7
4921;"2026/1";"Germany";162;"VAICO";"V250796XXL";187
4921;"2026/1";"EEU";101;"FEBI BILSTEIN";"171785";2
4921;"2026/1";"Austria";144;"MEYLE";"0141351212";20
4921;"2026/1";"Serbia";68;"ZF";"1071298033";37
4921;"2026/1";"Other";101;"FEBI BILSTEIN";"171776";4
4921;"2026/1";"Other";144;"MEYLE";"0141350300";8
4921;"2026/1";"Other";144;"MEYLE";"1001350114";8
4921;"2026/1";"Other";4342;"TCMATIC";"1051010013";2
4921;"2026/1";"SEE";144;"MEYLE";"5141350002XK";2
4921;"2026/1";"Nordic";68;"ZF";"5961308284";1
4921;"2026/1";"B";144;"MEYLE";"1001350102";11
4921;"2026/1";"Other";4342;"TCMATIC";"1051010002";2
4921;"2026/1";"Slovenia";68;"ZF";"1071298033";9
4921;"2026/1";"Slovenia";101;"FEBI BILSTEIN";"171752";5
4921;"2026/1";"Austria";101;"FEBI BILSTEIN";"171754";8
4921;"2026/1";"Germany";162;"VAICO";"V580003";14
4921;"2026/1";"EEU";144;"MEYLE";"0141350211";11
4921;"2026/1";"EEU";144;"MEYLE";"0141351700SK";1
4921;"2026/1";"EEU";4342;"TCMATIC";"1051060001";1
4921;"2026/1";"Switzerland";144;"MEYLE";"1001350013";4
4921;"2026/1";"Switzerland";144;"MEYLE";"1001350117";1
4921;"2026/1";"Austria";101;"FEBI BILSTEIN";"176857";40
4921;"2026/1";"Other";144;"MEYLE";"1001350003";2
4921;"2026/1";"Germany";403;"MAXGEAR";"261738";1
4921;"2026/1";"Slovenia";162;"VAICO";"V204670";1
4921;"2026/1";"EEU";68;"ZF";"1058298046";1
4921;"2026/1";"EEU";144;"MEYLE";"3001351007SK";1
4921;"2026/1";"Germany";4342;"TCMATIC";"1051010006";1
4921;"2026/1";"Balkan";68;"ZF";"5961308412";2
4921;"2026/1";"SEE";68;"ZF";"1087298365";1
4921;"2026/1";"SEE";144;"MEYLE";"0141351404";3
4921;"2026/1";"EEU";4342;"TCMATIC";"1051011002";1
4921;"2026/1";"SEE";68;"ZF";"1068298084";2
4921;"2026/1";"SEE";144;"MEYLE";"1001350120SK";1
4921;"2026/1";"SEE";101;"FEBI BILSTEIN";"188364";15
4921;"2026/1";"B";68;"ZF";"1071298038";2
4921;"2026/1";"West Europe";68;"ZF";"1071298039";2
4921;"2026/1";"West Europe";162;"VAICO";"V105390";3
4921;"2026/1";"West Europe";162;"VAICO";"V103220";2
4921;"2026/1";"Germany";162;"VAICO";"V320194BEK";4
4921;"2026/1";"West Europe";144;"MEYLE";"1001350102XK";1
4921;"2026/1";"West Europe";101;"FEBI BILSTEIN";"176878";3
4921;"2026/1";"Germany";6558;"AIC";"74788SET";11
4921;"2026/1";"West Europe";162;"VAICO";"V302377";1
4921;"2026/1";"Nordic";68;"ZF";"1103298006";5
4921;"2026/1";"Switzerland";144;"MEYLE";"1001350003";6
4921;"2026/1";"Austria";144;"MEYLE";"0141350203";3
4921;"2026/1";"West Europe";144;"MEYLE";"1001350103SK";1
4921;"2026/1";"Croatia";144;"MEYLE";"1001350108";8
4921;"2026/1";"SEE";68;"ZF";"5961309120";1
4921;"2026/1";"West Europe";144;"MEYLE";"1001350103XK";1
4921;"2026/1";"West Europe";144;"MEYLE";"2141350100SK";1
4921;"2026/1";"SEE";68;"ZF";"1102298019";1
4921;"2026/1";"SEE";144;"MEYLE";"1001350004SK";1
4921;"2026/1";"Other";144;"MEYLE";"1001350102";1
4921;"2026/1";"B";144;"MEYLE";"0141351600";2
4921;"2026/1";"EEU";68;"ZF";"1071298039";1
4921;"2026/1";"Germany";162;"VAICO";"V103215";13
4921;"2026/1";"Other";68;"ZF";"1102298020";2
4921;"2026/1";"Romania";162;"VAICO";"V402114XXL";1
4921;"2026/1";"EEU";68;"ZF";"1060298070";6
4921;"2026/1";"Croatia";68;"ZF";"1068298084";2
4921;"2026/1";"Austria";144;"MEYLE";"0141351201XK";4
4921;"2026/1";"Nordic";4342;"TCMATIC";"1051120001";1
4921;"2026/1";"Romania";68;"ZF";"1090298127";7
4921;"2026/1";"Romania";144;"MEYLE";"1001350114";1
4921;"2026/1";"Romania";144;"MEYLE";"3001351007";1
4921;"2026/1";"Nordic";101;"FEBI BILSTEIN";"171752";3
4921;"2026/1";"Switzerland";144;"MEYLE";"7141350002";29
4921;"2026/1";"Germany";68;"ZF";"5961309534";3
4921;"2026/1";"Nordic";144;"MEYLE";"0141350213";1
4921;"2026/1";"Nordic";4342;"TCMATIC";"1051080011";1
4921;"2026/1";"EEU";144;"MEYLE";"0141351212";2
4921;"2026/1";"Other";144;"MEYLE";"1001350016";1
4921;"2026/1";"EEU";144;"MEYLE";"0141350200";1
4921;"2026/1";"Nordic";68;"ZF";"5961308278";1
4921;"2026/1";"Nordic";162;"VAICO";"V302254";1
4921;"2026/1";"Slovenia";68;"ZF";"1087298369";2
4921;"2026/1";"West Europe";101;"FEBI BILSTEIN";"171767";3
4921;"2026/1";"Other";144;"MEYLE";"3001351007XK";3
4921;"2026/1";"Switzerland";144;"MEYLE";"1001350116SK";21
4921;"2026/1";"EEU";144;"MEYLE";"1001350013";1
4921;"2026/1";"EEU";144;"MEYLE";"1001350103";1
4921;"2026/1";"Germany";68;"ZF";"5961308444";3
4921;"2026/1";"B";101;"FEBI BILSTEIN";"188328";1
4921;"2026/1";"Germany";162;"VAICO";"V380511";68
4921;"2026/1";"EEU";4342;"TCMATIC";"1051111018";1
4921;"2026/1";"EEU";4342;"TCMATIC";"1051120001";1
4921;"2026/1";"Germany";144;"MEYLE";"1001350101SK";6
4921;"2026/1";"Slovenia";144;"MEYLE";"1001350003";3
4921;"2026/1";"Austria";101;"FEBI BILSTEIN";"176873";1
4921;"2026/1";"Austria";144;"MEYLE";"1001350122";4
4921;"2026/1";"B";144;"MEYLE";"1001350115XK";3
4921;"2026/1";"Other";144;"MEYLE";"1001350117";2
4921;"2026/1";"Other";144;"MEYLE";"7141350102";3
4921;"2026/1";"Nordic";162;"VAICO";"V103025";1
4921;"2026/1";"N";144;"MEYLE";"2141350100SK";1
4921;"2026/1";"Slovenia";68;"ZF";"1103298112";2
4921;"2026/1";"EEU";144;"MEYLE";"1001350109";1
4921;"2026/1";"West Europe";144;"MEYLE";"0141350211SK";1
4921;"2026/1";"West Europe";144;"MEYLE";"0141351600XK";2
4921;"2026/1";"West Europe";144;"MEYLE";"3001351005XK";1
4921;"2026/1";"Slovenia";144;"MEYLE";"0141350305";5
4921;"2026/1";"Nordic";144;"MEYLE";"0141350300";2
4921;"2026/1";"Croatia";101;"FEBI BILSTEIN";"188328";1
4921;"2026/1";"Croatia";101;"FEBI BILSTEIN";"176856";2
4921;"2026/1";"B";209;"TRUCKTEC AUTOMOTIVE";"0825065";1
4921;"2026/1";"Other";101;"FEBI BILSTEIN";"176878";1
4921;"2026/1";"SEE";101;"FEBI BILSTEIN";"176891";1
4921;"2026/1";"Croatia";68;"ZF";"1071298039";1
4921;"2026/1";"Croatia";101;"FEBI BILSTEIN";"176875";1
4921;"2026/1";"Germany";162;"VAICO";"V252990";7
4921;"2026/1";"Slovenia";101;"FEBI BILSTEIN";"176857";5
4921;"2026/1";"Other";144;"MEYLE";"1001350109";2
4921;"2026/1";"Croatia";68;"ZF";"1109298031";3
4921;"2026/1";"Other";4342;"TCMATIC";"1051010016";1
4921;"2026/1";"Germany";4342;"TCMATIC";"1051020003";1
4921;"2026/1";"Slovenia";144;"MEYLE";"0141350300";7
4921;"2026/1";"Austria";144;"MEYLE";"1001350118";9
4921;"2026/1";"EEU";101;"FEBI BILSTEIN";"171767";2
4921;"2026/1";"West Europe";162;"VAICO";"V105582";2
4921;"2026/1";"Austria";144;"MEYLE";"11141350001";1
4921;"2026/1";"EEU";68;"ZF";"1068298084";1
4921;"2026/1";"EEU";144;"MEYLE";"1001350102SK";2
4921;"2026/1";"Nordic";4342;"TCMATIC";"1051060022";2
4921;"2026/1";"West Europe";144;"MEYLE";"1001350115SK";2
4921;"2026/1";"Nordic";4342;"TCMATIC";"1051010002";3
4921;"2026/1";"SEE";68;"ZF";"5961308412";2
4921;"2026/1";"B";4342;"TCMATIC";"1051110018";1
4921;"2026/1";"SEE";162;"VAICO";"V204670XXL";1
4921;"2026/1";"Nordic";144;"MEYLE";"0141351212";1
4921;"2026/1";"Nordic";144;"MEYLE";"1001350003";1
4921;"2026/1";"N";68;"ZF";"1084298013";1
4921;"2026/1";"N";144;"MEYLE";"1001350114SK";3
4921;"2026/1";"N";101;"FEBI BILSTEIN";"171754";1
4921;"2026/1";"Nordic";101;"FEBI BILSTEIN";"171762";1
4921;"2026/1";"Nordic";144;"MEYLE";"0141350201";1
4921;"2026/1";"Romania";101;"FEBI BILSTEIN";"171785";11
4921;"2026/1";"Romania";101;"FEBI BILSTEIN";"176877";2
4921;"2026/1";"Other";144;"MEYLE";"1001350115";3
4921;"2026/1";"Austria";144;"MEYLE";"7141350102XK";2
4921;"2026/1";"Austria";68;"ZF";"1060298069";3
4921;"2026/1";"N";144;"MEYLE";"1001350014";1
4921;"2026/1";"N";162;"VAICO";"V402114";3
4921;"2026/1";"N";162;"VAICO";"V461378";1
4921;"2026/1";"Serbia";68;"ZF";"5961303474";21
4921;"2026/1";"West Europe";4342;"TCMATIC";"1051060005";2
4921;"2026/1";"West Europe";4342;"TCMATIC";"1051111012";2
4921;"2026/1";"Germany";162;"VAICO";"V401604XXL";9
4921;"2026/1";"Germany";6558;"AIC";"74779SET";39
4921;"2026/1";"Croatia";151;"SWAG";"33108308";14
4921;"2026/1";"Croatia";162;"VAICO";"V302257BEK";1
4921;"2026/1";"Croatia";6558;"AIC";"73972SET";4
4921;"2026/1";"Switzerland";68;"ZF";"1060298070";2
4921;"2026/1";"Serbia";68;"ZF";"1068298062";26
4921;"2026/1";"Portugal";162;"VAICO";"V302256BEK";2
4921;"2026/1";"Switzerland";144;"MEYLE";"0141350305XK";11
4921;"2026/1";"Switzerland";6558;"AIC";"74766SET";40
4921;"2026/1";"N";162;"VAICO";"V103223XXL";4
4921;"2026/1";"Balkan";144;"MEYLE";"1001350115XK";5
4921;"2026/1";"Germany";162;"VAICO";"V103227BEK";2
4921;"2026/1";"Other";101;"FEBI BILSTEIN";"171750";6
4921;"2026/1";"Austria";162;"VAICO";"V103231";5
4921;"2026/1";"Austria";162;"VAICO";"V252987XXL";4
4921;"2026/1";"N";6558;"AIC";"58376SET";3
4921;"2026/1";"Switzerland";6558;"AIC";"73970SET";5
4921;"2026/1";"Switzerland";144;"MEYLE";"1001350014";2
4921;"2026/1";"N";144;"MEYLE";"1001350115XK";3
4921;"2026/1";"Serbia";68;"ZF";"5961308407";1
4921;"2026/1";"West Europe";144;"MEYLE";"1001350115SK";7
4921;"2026/1";"Switzerland";162;"VAICO";"V330533";5
4921;"2026/1";"N";162;"VAICO";"V303957BEK";4
4921;"2026/1";"Portugal";101;"FEBI BILSTEIN";"171772";8
4921;"2026/1";"Portugal";101;"FEBI BILSTEIN";"176859";5
4921;"2026/1";"Portugal";101;"FEBI BILSTEIN";"188364";4
4921;"2026/1";"Portugal";4342;"TCMATIC";"1051020005";4
4921;"2026/1";"Croatia";144;"MEYLE";"1001350102SK";1
4921;"2026/1";"Germany";162;"VAICO";"V250797XXL";2
4921;"2026/1";"Spain";144;"MEYLE";"0141350300";1
4921;"2026/1";"Switzerland";6558;"AIC";"74786SET";4
4921;"2026/1";"Croatia";68;"ZF";"5961308371";1
4921;"2026/1";"Other";144;"MEYLE";"0141350305XK";3
4921;"2026/1";"Austria";162;"VAICO";"V204300";14
4921;"2026/1";"Slovenia";162;"VAICO";"V302257BEK";1
4921;"2026/1";"Switzerland";68;"ZF";"1071298033";12
4921;"2026/1";"Switzerland";68;"ZF";"1071298038";2
4921;"2026/1";"Switzerland";68;"ZF";"5961303116";9
4921;"2026/1";"Switzerland";144;"MEYLE";"0141350204";2
4921;"2026/1";"Switzerland";6558;"AIC";"70679SET";1
4921;"2026/1";"Serbia";162;"VAICO";"V103223";1
4921;"2026/1";"Germany";162;"VAICO";"V380511XXL";23
4921;"2026/1";"Croatia";68;"ZF";"1087298360";2
4921;"2026/1";"Balkan";68;"ZF";"1103298007";8
4921;"2026/1";"Portugal";101;"FEBI BILSTEIN";"171783";9
4921;"2026/1";"Portugal";144;"MEYLE";"0141350201";2
4921;"2026/1";"West Europe";144;"MEYLE";"0141350201";1
4921;"2026/1";"Slovenia";101;"FEBI BILSTEIN";"176897";1
4921;"2026/1";"West Europe";101;"FEBI BILSTEIN";"171750";2
4921;"2026/1";"West Europe";101;"FEBI BILSTEIN";"171752";3
4921;"2026/1";"West Europe";144;"MEYLE";"1001350103";1
4921;"2026/1";"Austria";162;"VAICO";"V103220XXL";8
4921;"2026/1";"Portugal";4342;"TCMATIC";"1051080004";4
4921;"2026/1";"Austria";162;"VAICO";"V202088XXL";1
4921;"2026/1";"Other";144;"MEYLE";"1001350018SK";1
4921;"2026/1";"Germany";162;"VAICO";"V105541XXL";11
4921;"2026/1";"Switzerland";162;"VAICO";"V103216";1
4921;"2026/1";"Germany";162;"VAICO";"V330525BEK";1
4921;"2026/1";"Switzerland";144;"MEYLE";"1001350107";4
4921;"2026/1";"Switzerland";162;"VAICO";"V105582SP2";2
4921;"2026/1";"Switzerland";162;"VAICO";"V202089XXL";4
4921;"2026/1";"Other";151;"SWAG";"33108306";2
4921;"2026/1";"Austria";101;"FEBI BILSTEIN";"176878";4
4921;"2026/1";"Austria";162;"VAICO";"V103231XXL";1
4921;"2026/1";"Austria";162;"VAICO";"V580003";1
4921;"2026/1";"Switzerland";101;"FEBI BILSTEIN";"188364";1
4921;"2026/1";"N";6558;"AIC";"74783SET";1
4921;"2026/1";"Croatia";6558;"AIC";"70937SET";1
4921;"2026/1";"Croatia";6558;"AIC";"73967SET";2
4921;"2026/1";"West Europe";144;"MEYLE";"1001350114";2
4921;"2026/1";"Germany";6558;"AIC";"74786SET";22
4921;"2026/1";"West Europe";144;"MEYLE";"1001350102SK";1
4921;"2026/1";"Other";68;"ZF";"5961308407";1
4921;"2026/1";"Portugal";162;"VAICO";"V252191";3
4921;"2026/1";"B";4342;"TCMATIC";"1051060001";1
4921;"2026/1";"Portugal";101;"FEBI BILSTEIN";"188362";4
4921;"2026/1";"Croatia";144;"MEYLE";"7141350102";1
4921;"2026/1";"Slovenia";68;"ZF";"1071298039";1
4921;"2026/1";"Balkan";101;"FEBI BILSTEIN";"176873";1
4921;"2026/1";"Slovenia";101;"FEBI BILSTEIN";"176875";1
4921;"2026/1";"West Europe";144;"MEYLE";"0141351404";1
4921;"2026/1";"Serbia";6558;"AIC";"74794SET";1
4921;"2026/1";"Other";144;"MEYLE";"0141350211";1
4921;"2026/1";"Other";68;"ZF";"1104298054";1
4921;"2026/1";"Croatia";6558;"AIC";"73981SET";1
4921;"2026/1";"N";144;"MEYLE";"3001351009XK";1
4921;"2026/1";"Portugal";4342;"TCMATIC";"1051080009";1
4921;"2026/1";"Portugal";4342;"TCMATIC";"1051080010";1
4921;"2026/1";"Portugal";4342;"TCMATIC";"1051082009";1
4921;"2026/1";"Slovenia";162;"VAICO";"V103220BEK";1
4921;"2026/1";"N";101;"FEBI BILSTEIN";"176877";8
4921;"2026/1";"Switzerland";6558;"AIC";"70937SET";1
4921;"2026/1";"Slovenia";144;"MEYLE";"3001350403";1
4921;"2026/1";"Portugal";144;"MEYLE";"0141350300";1
4921;"2026/1";"Slovenia";101;"FEBI BILSTEIN";"171769";1
4921;"2026/1";"Switzerland";162;"VAICO";"V520470";1
4921;"2026/1";"Germany";162;"VAICO";"V401604";10
4921;"2026/1";"Switzerland";68;"ZF";"5961308587";1
4921;"2026/1";"Germany";162;"VAICO";"V103215BEK";2
4921;"2026/1";"Germany";6558;"AIC";"73964SET";14
4921;"2026/1";"N";162;"VAICO";"V103222BEK";1
4921;"2026/1";"Switzerland";6558;"AIC";"74784SET";2
4921;"2026/1";"N";144;"MEYLE";"3001351007XK";1
4921;"2026/1";"N";162;"VAICO";"V202089";2
4921;"2026/1";"Germany";162;"VAICO";"V320194XXL";21
4921;"2026/1";"Serbia";68;"ZF";"5961308373";1
4921;"2026/1";"N";162;"VAICO";"V220737XXL";1
4921;"2026/1";"Spain";144;"MEYLE";"0141350211";1
4921;"2026/1";"Portugal";4342;"TCMATIC";"1051020003";1
4921;"2026/1";"Portugal";4342;"TCMATIC";"1051180001";1
4921;"2026/1";"Switzerland";162;"VAICO";"V303696";1
4921;"2026/1";"Switzerland";162;"VAICO";"V320194XXL";1
4921;"2026/1";"Switzerland";6558;"AIC";"73975SET";1
4921;"2026/1";"Austria";162;"VAICO";"V303957SP";1
4921;"2026/1";"West Europe";144;"MEYLE";"3001351007SK";1
4921;"2026/1";"Austria";144;"MEYLE";"1001350103XK";1
4921;"2026/1";"Germany";6558;"AIC";"73975SET";10
4921;"2026/1";"Croatia";144;"MEYLE";"0141351600SK";1
4921;"2026/1";"West Europe";144;"MEYLE";"7141350002";1
4921;"2026/1";"West Europe";101;"FEBI BILSTEIN";"176877";1
4921;"2026/1";"Romania";68;"ZF";"1087298360";3
4921;"2026/1";"Romania";162;"VAICO";"V302256XXL";1
4921;"2026/1";"Nordic";162;"VAICO";"V302257BEK";3
4921;"2026/1";"Other";162;"VAICO";"V302257XXL";3
4921;"2026/1";"Germany";162;"VAICO";"V103225XXL";8
4921;"2026/1";"Germany";162;"VAICO";"V450189XXL";7
4921;"2026/1";"Germany";144;"MEYLE";"5141350003";4
4921;"2026/1";"Germany";162;"VAICO";"V450269";8
4921;"2026/1";"Nordic";162;"VAICO";"V580003";5
4921;"2026/1";"Germany";162;"VAICO";"V252991XXL";2
4921;"2026/1";"Nordic";162;"VAICO";"V303957";1
4921;"2026/1";"N";162;"VAICO";"V302256";7
4921;"2026/1";"West Europe";68;"ZF";"5961308375";1
4921;"2026/1";"Nordic";162;"VAICO";"V302256";5
4921;"2026/1";"Romania";6558;"AIC";"73961SET";7
4921;"2026/1";"Spain";162;"VAICO";"V204300";1
4921;"2026/1";"Germany";144;"MEYLE";"0141351700SK";13
4921;"2026/1";"N";162;"VAICO";"V450138";1
4921;"2026/1";"Balkan";151;"SWAG";"33108048";6
4921;"2026/1";"Nordic";162;"VAICO";"V303696BEK";2
4921;"2026/1";"Nordic";162;"VAICO";"V202089BEK";1
4921;"2026/1";"Balkan";68;"ZF";"1090298126";3
4921;"2026/1";"Balkan";151;"SWAG";"33110337";1
4921;"2026/1";"Other";144;"MEYLE";"3001350310";1
4921;"2026/1";"West Europe";68;"ZF";"1090298126";1
4921;"2026/1";"N";68;"ZF";"1103298112";4
4921;"2026/1";"N";162;"VAICO";"V103221";1
4921;"2026/1";"N";68;"ZF";"1111298032";1
4921;"2026/1";"West Europe";144;"MEYLE";"18141350200";1
4921;"2026/1";"Balkan";68;"ZF";"5961308601";1
4921;"2026/1";"SEE";68;"ZF";"1071298038";1
4921;"2026/1";"Austria";68;"ZF";"1126298159";1
4921;"2026/1";"Nordic";68;"ZF";"5961303116";1
4921;"2026/1";"Romania";68;"ZF";"5961308372";1
4921;"2026/1";"Romania";101;"FEBI BILSTEIN";"171783";1
4921;"2026/1";"Nordic";162;"VAICO";"V302256";1
4921;"2026/1";"West Europe";162;"VAICO";"V303957BEK";1
4921;"2026/1";"Germany";6558;"AIC";"73971SET";4
4921;"2026/1";"Germany";144;"MEYLE";"11141350002XK";3
4921;"2026/1";"Germany";68;"ZF";"5961308409";2
4921;"2026/1";"Germany";144;"MEYLE";"1001350015XK";1
4921;"2026/1";"West Europe";162;"VAICO";"V302257BEK";3
4921;"2026/1";"Austria";6558;"AIC";"74767SET";4
4921;"2026/1";"Austria";68;"ZF";"1068298061";1
4921;"2026/1";"Austria";6558;"AIC";"74792SET";1
4921;"2026/1";"Austria";144;"MEYLE";"1001350003SK";1
4921;"2026/1";"Other";68;"ZF";"1087298364";2
4921;"2026/1";"Germany";6558;"AIC";"74768SET";5
4921;"2026/1";"Austria";6558;"AIC";"74780SET";7
4921;"2026/1";"Germany";162;"VAICO";"V302255XXL";2
4921;"2026/1";"West Europe";144;"MEYLE";"0141350300";1
4921;"2026/1";"Austria";6558;"AIC";"74779SET";1
4921;"2026/1";"Balkan";101;"FEBI BILSTEIN";"176857";1
4921;"2026/1";"Austria";68;"ZF";"1087298364";200
4921;"2026/1";"Austria";144;"MEYLE";"1001350116";407
4921;"2026/1";"N";144;"MEYLE";"1001350116";144
4921;"2026/1";"Switzerland";144;"MEYLE";"0141351212";21
4921;"2026/1";"Switzerland";144;"MEYLE";"0141351402XK";5
4921;"2026/1";"Switzerland";144;"MEYLE";"1001350116";162
4921;"2026/1";"Austria";68;"ZF";"1084298013";2
4921;"2026/1";"Germany";68;"ZF";"1087298364";1465
4921;"2026/1";"Nordic";68;"ZF";"1087298365";5
4921;"2026/1";"Germany";144;"MEYLE";"0141350305";1342
4921;"2026/1";"Germany";68;"ZF";"1068298062";199
4921;"2026/1";"Germany";68;"ZF";"1071298033";264
4921;"2026/1";"Germany";101;"FEBI BILSTEIN";"188364";132
4921;"2026/1";"Germany";144;"MEYLE";"1001350013SK";12
4921;"2026/1";"Germany";144;"MEYLE";"1001350122SK";32
4921;"2026/1";"Germany";144;"MEYLE";"11141350002";86
4921;"2026/1";"Germany";144;"MEYLE";"3001351007";672
4921;"2026/1";"Germany";144;"MEYLE";"3001351009";10
4921;"2026/1";"Germany";144;"MEYLE";"7141350102";232
4921;"2026/1";"Nordic";68;"ZF";"1087298365";48
4921;"2026/1";"Germany";81;"HENGST FILTER";"KIT821";20
4921;"2026/1";"EEU";144;"MEYLE";"1001350004SK";3
4921;"2026/1";"EEU";144;"MEYLE";"1001350100XK";1
4921;"2026/1";"Nordic";4342;"TCMATIC";"1051110018";3
4921;"2026/1";"Germany";144;"MEYLE";"3001350001";54
4921;"2026/1";"Germany";144;"MEYLE";"1001350122";80
4921;"2026/1";"Slovenia";68;"ZF";"5961308412";6
4921;"2026/1";"Slovenia";101;"FEBI BILSTEIN";"171748";20
4921;"2026/1";"Germany";144;"MEYLE";"0141350204SK";29
4921;"2026/1";"Germany";4342;"TCMATIC";"1051060017";3
4921;"2026/1";"Germany";162;"VAICO";"V103025";904
4921;"2026/1";"SEE";68;"ZF";"1087298364";83
4921;"2026/1";"SEE";68;"ZF";"1103298006";9
4921;"2026/1";"SEE";68;"ZF";"1103298113";23
4921;"2026/1";"SEE";101;"FEBI BILSTEIN";"171785";4
4921;"2026/1";"Croatia";151;"SWAG";"33108306";24
4921;"2026/1";"Germany";101;"FEBI BILSTEIN";"188324";44
4921;"2026/1";"Germany";68;"ZF";"5961308372";320
4921;"2026/1";"N";68;"ZF";"1087298361";5
4921;"2026/1";"West Europe";68;"ZF";"1079120804";1
4921;"2026/1";"Slovenia";101;"FEBI BILSTEIN";"176878";9
4921;"2026/1";"EEU";68;"ZF";"1071298027";1
4921;"2026/1";"SEE";68;"ZF";"5961303474";45
4921;"2026/1";"Croatia";68;"ZF";"1068298062";27
4921;"2026/1";"Croatia";68;"ZF";"1111298032";31
4921;"2026/1";"Croatia";101;"FEBI BILSTEIN";"176892";12
4921;"2026/1";"Croatia";144;"MEYLE";"0141350305XK";30
4921;"2026/1";"Croatia";144;"MEYLE";"1001350114";11
4921;"2026/1";"West Europe";162;"VAICO";"V108007";1
4921;"2026/1";"Germany";144;"MEYLE";"1001350114XK";72
4921;"2026/1";"Germany";162;"VAICO";"V103213";9
4921;"2026/1";"Germany";162;"VAICO";"V302257XXL";130
4921;"2026/1";"Croatia";209;"TRUCKTEC AUTOMOTIVE";"0825065";1
4921;"2026/1";"Austria";144;"MEYLE";"1001350115";116
4921;"2026/1";"Austria";101;"FEBI BILSTEIN";"171750";36
4921;"2026/1";"Austria";162;"VAICO";"V105582";44
4921;"2026/1";"Germany";162;"VAICO";"V105582SP1";278
4921;"2026/1";"SEE";101;"FEBI BILSTEIN";"171752";4
4921;"2026/1";"Germany";162;"VAICO";"V103223";723
4921;"2026/1";"EEU";101;"FEBI BILSTEIN";"171774";1
4921;"2026/1";"Slovenia";101;"FEBI BILSTEIN";"171772";19
4921;"2026/1";"EEU";101;"FEBI BILSTEIN";"171783";39
4921;"2026/1";"EEU";144;"MEYLE";"0141351202";7
4921;"2026/1";"EEU";144;"MEYLE";"0141351212";7
4921;"2026/1";"EEU";144;"MEYLE";"1001350114";61
4921;"2026/1";"West Europe";144;"MEYLE";"0141350204";1
4921;"2026/1";"Nordic";144;"MEYLE";"1001350210";4
4921;"2026/1";"Germany";68;"ZF";"5961303275";580
4921;"2026/1";"Germany";144;"MEYLE";"3001351007SK";228
4921;"2026/1";"Germany";68;"ZF";"1111298032";35
4921;"2026/1";"B";4342;"TCMATIC";"1051080009";1
4921;"2026/1";"SEE";68;"ZF";"1071298038";12
4921;"2026/1";"SEE";68;"ZF";"1087298369";22
4921;"2026/1";"Croatia";101;"FEBI BILSTEIN";"171750";14
4921;"2026/1";"West Europe";101;"FEBI BILSTEIN";"171785";16
4921;"2026/1";"Austria";144;"MEYLE";"1001350001XK";1
4921;"2026/1";"Other";144;"MEYLE";"1001350102";46
4921;"2026/1";"West Europe";4342;"TCMATIC";"1051060022";1
4921;"2026/1";"EEU";68;"ZF";"1060298069";5
4921;"2026/1";"EEU";101;"FEBI BILSTEIN";"171750";63
4921;"2026/1";"EEU";144;"MEYLE";"1001350210";7
4921;"2026/1";"EEU";144;"MEYLE";"3001351009";1
4921;"2026/1";"EEU";4342;"TCMATIC";"1051081012";1
4921;"2026/1";"Germany";68;"ZF";"1058298046";7
4921;"2026/1";"Germany";101;"FEBI BILSTEIN";"176879";1
4921;"2026/1";"Switzerland";162;"VAICO";"V202088BEK";1
4921;"2026/1";"EEU";144;"MEYLE";"1001350103SK";2
4921;"2026/1";"Germany";162;"VAICO";"V202089";46
4921;"2026/1";"Germany";144;"MEYLE";"1001350114SK";177
4921;"2026/1";"Germany";101;"FEBI BILSTEIN";"188456";5
4921;"2026/1";"Germany";144;"MEYLE";"3001350008SK";36
4921;"2026/1";"Germany";4342;"TCMATIC";"1051070001";5
4921;"2026/1";"Croatia";144;"MEYLE";"0141350305";12
4921;"2026/1";"EEU";144;"MEYLE";"1001350013";2
4921;"2026/1";"Germany";81;"HENGST FILTER";"KIT837";5
4921;"2026/1";"Romania";68;"ZF";"1103298007";30
4921;"2026/1";"Nordic";144;"MEYLE";"7141350102";9
4921;"2026/1";"Nordic";4342;"TCMATIC";"1051010002";2
4921;"2026/1";"Nordic";68;"ZF";"1111298032";2
4921;"2026/1";"Germany";68;"ZF";"5961309095";11
4921;"2026/1";"Other";101;"FEBI BILSTEIN";"171748";46
4921;"2026/1";"SEE";68;"ZF";"1103298112";9
4921;"2026/1";"West Europe";144;"MEYLE";"1001350130";2
4921;"2026/1";"Germany";162;"VAICO";"V202081";3
4921;"2026/1";"Germany";162;"VAICO";"V105582BEK";12
4921;"2026/1";"EEU";101;"FEBI BILSTEIN";"171748";7
4921;"2026/1";"Switzerland";144;"MEYLE";"3001351007";47
4921;"2026/1";"Switzerland";162;"VAICO";"V202742BEK";7
4921;"2026/1";"Germany";144;"MEYLE";"5141351401";36
4921;"2026/1";"Germany";81;"HENGST FILTER";"KIT825";8
4921;"2026/1";"Other";4342;"TCMATIC";"1051060022";4
4921;"2026/1";"Croatia";101;"FEBI BILSTEIN";"188362";10
4921;"2026/1";"Slovenia";144;"MEYLE";"1001350114SK";1
4921;"2026/1";"Slovenia";144;"MEYLE";"7141350002";9
4921;"2026/1";"Croatia";144;"MEYLE";"1001350118";6
4921;"2026/1";"Croatia";144;"MEYLE";"3001350310";4
4921;"2026/1";"Nordic";68;"ZF";"1087298360";1
4921;"2026/1";"Austria";68;"ZF";"1111298031";13
4921;"2026/1";"SEE";101;"FEBI BILSTEIN";"176857";10
4921;"2026/1";"Nordic";144;"MEYLE";"0141351402XK";1
4921;"2026/1";"Croatia";144;"MEYLE";"0141350211";8
4921;"2026/1";"Other";144;"MEYLE";"1001350200";9
4921;"2026/1";"N";68;"ZF";"1102298018";3
4921;"2026/1";"SEE";144;"MEYLE";"7141350102";2
4921;"2026/1";"West Europe";68;"ZF";"1103298113";2
4921;"2026/1";"EEU";144;"MEYLE";"7141350102";9
4921;"2026/1";"Germany";144;"MEYLE";"0141351402XK";192
4921;"2026/1";"West Europe";101;"FEBI BILSTEIN";"176856";3
4921;"2026/1";"Germany";162;"VAICO";"V520470";28
4921;"2026/1";"Romania";144;"MEYLE";"1001350102";2
4921;"2026/1";"B";144;"MEYLE";"0141351402";7
4921;"2026/1";"Nordic";68;"ZF";"1103298113";3
4921;"2026/1";"West Europe";101;"FEBI BILSTEIN";"171750";13
4921;"2026/1";"Nordic";68;"ZF";"1087298364";3
4921;"2026/1";"Nordic";4342;"TCMATIC";"1051120003";3
4921;"2026/1";"Other";144;"MEYLE";"18141350200";1
4921;"2026/1";"Other";101;"FEBI BILSTEIN";"176873";2
4921;"2026/1";"Austria";68;"ZF";"5961308601";15
4921;"2026/1";"Germany";162;"VAICO";"V202092XXL";1
4921;"2026/1";"Germany";6558;"AIC";"73970SET";34
4921;"2026/1";"Germany";6558;"AIC";"74766SET";23
4921;"2026/1";"West Europe";68;"ZF";"1084298013";2
4921;"2026/1";"N";101;"FEBI BILSTEIN";"188362";4
4921;"2026/1";"Germany";81;"HENGST FILTER";"KIT836";5
4921;"2026/1";"N";101;"FEBI BILSTEIN";"171783";3
4921;"2026/1";"West Europe";144;"MEYLE";"0141351404";1
4921;"2026/1";"Germany";4342;"TCMATIC";"1051060011";1
4921;"2026/1";"Germany";68;"ZF";"5961308077";2
4921;"2026/1";"B";144;"MEYLE";"0141350300";1
4921;"2026/1";"Other";68;"ZF";"1103298006";7
4921;"2026/1";"EEU";144;"MEYLE";"0141350211SK";4
4921;"2026/1";"EEU";144;"MEYLE";"3001350310";3
4921;"2026/1";"EEU";101;"FEBI BILSTEIN";"171748";2
4921;"2026/1";"Nordic";144;"MEYLE";"1001350016";2
4921;"2026/1";"Nordic";144;"MEYLE";"3001351007SK";1
4921;"2026/1";"Nordic";101;"FEBI BILSTEIN";"176877";4
4921;"2026/1";"Nordic";4342;"TCMATIC";"1051080012";2
4921;"2026/1";"EEU";144;"MEYLE";"1001350200";1
4921;"2026/1";"Other";68;"ZF";"1071298033";4
4921;"2026/1";"Other";144;"MEYLE";"0141350211";2
4921;"2026/1";"Germany";68;"ZF";"1102298021";5
4921;"2026/1";"Germany";144;"MEYLE";"3001350310";23
4921;"2026/1";"Serbia";144;"MEYLE";"1001350102";7
4921;"2026/1";"Other";68;"ZF";"1071298027";4
4921;"2026/1";"Other";144;"MEYLE";"0141351202";1
4921;"2026/1";"Other";4342;"TCMATIC";"1051010006";2
4921;"2026/1";"Other";4342;"TCMATIC";"1051010009";2
4921;"2026/1";"Slovenia";162;"VAICO";"V303957BEK";5
4921;"2026/1";"Germany";162;"VAICO";"V202082";16
4921;"2026/1";"Nordic";144;"MEYLE";"1001350114";4
4921;"2026/1";"B";4342;"TCMATIC";"1051180001";1
4921;"2026/1";"Germany";162;"VAICO";"V103226BEK";3
4921;"2026/1";"Other";144;"MEYLE";"1001350122";1
4921;"2026/1";"Austria";101;"FEBI BILSTEIN";"188456";6
4921;"2026/1";"Nordic";68;"ZF";"5961303474";1
4921;"2026/1";"Nordic";68;"ZF";"1111298031";1
4921;"2026/1";"Nordic";101;"FEBI BILSTEIN";"171750";1
4921;"2026/1";"West Europe";144;"MEYLE";"3001350310SK";2
4921;"2026/1";"Nordic";68;"ZF";"1109298031";1
4921;"2026/1";"Nordic";144;"MEYLE";"1001350016";1
4921;"2026/1";"Germany";162;"VAICO";"V103216BEK";1
4921;"2026/1";"Germany";162;"VAICO";"V103217BEK";1
4921;"2026/1";"Switzerland";68;"ZF";"1087298369";20
4921;"2026/1";"Other";144;"MEYLE";"5141350002";2
4921;"2026/1";"Germany";144;"MEYLE";"1001350015SK";2
4921;"2026/1";"Germany";144;"MEYLE";"3001350306";17
4921;"2026/1";"West Europe";101;"FEBI BILSTEIN";"188362";4
4921;"2026/1";"N";144;"MEYLE";"3001350307SK";1
4921;"2026/1";"EEU";144;"MEYLE";"18141350100";1
4921;"2026/1";"Germany";162;"VAICO";"V252987";53
4921;"2026/1";"N";144;"MEYLE";"3001351009SK";3
4921;"2026/1";"West Europe";68;"ZF";"1071298039";3
4921;"2026/1";"West Europe";144;"MEYLE";"3001351004";3
4921;"2026/1";"EEU";4342;"TCMATIC";"1051080004";2
4921;"2026/1";"EEU";68;"ZF";"1103298007";6
4921;"2026/1";"SEE";144;"MEYLE";"3001351007SK";1
4921;"2026/1";"Nordic";4342;"TCMATIC";"1051112018";1
4921;"2026/1";"Croatia";68;"ZF";"5961308601";7
4921;"2026/1";"Croatia";101;"FEBI BILSTEIN";"171772";8
4921;"2026/1";"Germany";162;"VAICO";"V303696";74
4921;"2026/1";"West Europe";68;"ZF";"1087298364";2
4921;"2026/1";"Nordic";144;"MEYLE";"3001351004";1
4921;"2026/1";"Nordic";209;"TRUCKTEC AUTOMOTIVE";"0825064";1
4921;"2026/1";"West Europe";144;"MEYLE";"0141350201";1
4921;"2026/1";"West Europe";4342;"TCMATIC";"1051010019";1
4921;"2026/1";"West Europe";162;"VAICO";"V220737";2
4921;"2026/1";"Austria";68;"ZF";"1103298006";28
4921;"2026/1";"Austria";4342;"TCMATIC";"1051060021";1
4921;"2026/1";"West Europe";144;"MEYLE";"3001351007SK";2
4921;"2026/1";"Austria";68;"ZF";"5961303116";2
4921;"2026/1";"Romania";68;"ZF";"1087298364";248
4921;"2026/1";"West Europe";101;"FEBI BILSTEIN";"171752";2
4921;"2026/1";"Nordic";101;"FEBI BILSTEIN";"171767";1
4921;"2026/1";"Other";144;"MEYLE";"1001350001SK";1
4921;"2026/1";"Austria";144;"MEYLE";"0141350211SK";6
4921;"2026/1";"West Europe";144;"MEYLE";"1001350130SK";2
4921;"2026/1";"Croatia";144;"MEYLE";"5141350002";1
4921;"2026/1";"Nordic";68;"ZF";"1111298031";1
4921;"2026/1";"West Europe";101;"FEBI BILSTEIN";"176857";6
4921;"2026/1";"EEU";101;"FEBI BILSTEIN";"176877";3
4921;"2026/1";"B";144;"MEYLE";"3001351007XK";3
4921;"2026/1";"Germany";81;"HENGST FILTER";"KIT844";2
4921;"2026/1";"Other";68;"ZF";"1103298006";2
4921;"2026/1";"B";144;"MEYLE";"3001350310";2
4921;"2026/1";"Slovenia";162;"VAICO";"V105390XXL";2
4921;"2026/1";"Romania";68;"ZF";"5961309177";1
4921;"2026/1";"West Europe";144;"MEYLE";"0141351202XK";1
4921;"2026/1";"West Europe";4342;"TCMATIC";"1051010011";1
4921;"2026/1";"EEU";144;"MEYLE";"1001350002";1
4921;"2026/1";"Other";68;"ZF";"1090298127";1
4921;"2026/1";"Croatia";144;"MEYLE";"1001350003";3
4921;"2026/1";"Slovenia";144;"MEYLE";"3001350310SK";1
4921;"2026/1";"Romania";144;"MEYLE";"1001350003SK";1
4921;"2026/1";"EEU";144;"MEYLE";"1001350102";1
4921;"2026/1";"Nordic";101;"FEBI BILSTEIN";"176897";1
4921;"2026/1";"Serbia";144;"MEYLE";"1001350116";1
4921;"2026/1";"Germany";144;"MEYLE";"1001350005";11
4921;"2026/1";"Romania";144;"MEYLE";"1001350014";1
4921;"2026/1";"SEE";144;"MEYLE";"1001350115";1
4921;"2026/1";"Germany";162;"VAICO";"V520470XXL";8
4921;"2026/1";"Germany";162;"VAICO";"V109399XXL";10
4921;"2026/1";"B";144;"MEYLE";"1001350103";1
4921;"2026/1";"Switzerland";162;"VAICO";"V302258BEK";1
4921;"2026/1";"West Europe";144;"MEYLE";"3001351006";1
4921;"2026/1";"EEU";144;"MEYLE";"1001350102SK";1
4921;"2026/1";"B";144;"MEYLE";"1001350108SK";2
4921;"2026/1";"Austria";144;"MEYLE";"18141350200SK";2
4921;"2026/1";"Germany";68;"ZF";"1104298054";5
4921;"2026/1";"Germany";162;"VAICO";"V520389";21
4921;"2026/1";"EEU";144;"MEYLE";"1001350116XK";3
4921;"2026/1";"Nordic";68;"ZF";"1071298033";1
4921;"2026/1";"Croatia";144;"MEYLE";"1001350115XK";2
4921;"2026/1";"Germany";4342;"TCMATIC";"1051010014";1
4921;"2026/1";"Nordic";101;"FEBI BILSTEIN";"171772";1
4921;"2026/1";"N";4342;"TCMATIC";"1051010037";1
4921;"2026/1";"Other";101;"FEBI BILSTEIN";"171772";1
4921;"2026/1";"Germany";81;"HENGST FILTER";"KIT843";1
4921;"2026/1";"EEU";4342;"TCMATIC";"1051010013";2
4921;"2026/1";"West Europe";144;"MEYLE";"3001350002";1
4921;"2026/1";"Nordic";144;"MEYLE";"2141350100";1
4921;"2026/1";"Romania";101;"FEBI BILSTEIN";"176875";1
4921;"2026/1";"Austria";162;"VAICO";"V302377BEK";10
4921;"2026/1";"Nordic";68;"ZF";"1071298038";1
4921;"2026/1";"Nordic";144;"MEYLE";"0141351402XK";1
4921;"2026/1";"Spain";101;"FEBI BILSTEIN";"171748";5
4921;"2026/1";"SEE";68;"ZF";"1102298020";1
4921;"2026/1";"West Europe";144;"MEYLE";"1001350106XK";1
4921;"2026/1";"Other";162;"VAICO";"V103213BEK";1
4921;"2026/1";"EEU";68;"ZF";"1071298039";1
4921;"2026/1";"N";144;"MEYLE";"1001350108";2
4921;"2026/1";"SEE";144;"MEYLE";"0141350204";1
4921;"2026/1";"Other";68;"ZF";"1087298368";2
4921;"2026/1";"Nordic";144;"MEYLE";"3001350310SK";1
4921;"2026/1";"Slovenia";68;"ZF";"1104298050";2
4921;"2026/1";"Slovenia";101;"FEBI BILSTEIN";"171767";3
4921;"2026/1";"West Europe";144;"MEYLE";"0141350203";1
4921;"2026/1";"West Europe";144;"MEYLE";"3001351005";2
4921;"2026/1";"Nordic";68;"ZF";"1103298113";1
4921;"2026/1";"Germany";144;"MEYLE";"7141350004SK";3
4921;"2026/1";"Nordic";144;"MEYLE";"1001350012";1
4921;"2026/1";"Nordic";162;"VAICO";"V380511XXL";3
4921;"2026/1";"Germany";4342;"TCMATIC";"1051111018";1
4921;"2026/1";"EEU";144;"MEYLE";"1001350122SK";1
4921;"2026/1";"Nordic";144;"MEYLE";"3001350008SK";1
4921;"2026/1";"Croatia";68;"ZF";"1090298127";1
4921;"2026/1";"Nordic";144;"MEYLE";"0141351202";2
4921;"2026/1";"N";162;"VAICO";"V103025XXL";10
4921;"2026/1";"Portugal";101;"FEBI BILSTEIN";"171750";27
4921;"2026/1";"Switzerland";144;"MEYLE";"1001350220";13
4921;"2026/1";"Romania";68;"ZF";"1071298038";18
4921;"2026/1";"West Europe";4342;"TCMATIC";"1051080012";1
4921;"2026/1";"Austria";162;"VAICO";"V105546";4
4921;"2026/1";"Switzerland";162;"VAICO";"V105582";47
4921;"2026/1";"Switzerland";162;"VAICO";"V202094";4
4921;"2026/1";"Serbia";68;"ZF";"5961304069";6
4921;"2026/1";"West Europe";4342;"TCMATIC";"1051110012";1
4921;"2026/1";"Other";6558;"AIC";"74766SET";1
4921;"2026/1";"West Europe";101;"FEBI BILSTEIN";"188362";8
4921;"2026/1";"Switzerland";144;"MEYLE";"0141350204SK";2
4921;"2026/1";"Balkan";144;"MEYLE";"1001350102";11
4921;"2026/1";"N";162;"VAICO";"V204186";10
4921;"2026/1";"N";162;"VAICO";"V303957SP";1
4921;"2026/1";"Other";101;"FEBI BILSTEIN";"171754";4
4921;"2026/1";"Other";101;"FEBI BILSTEIN";"171785";8
4921;"2026/1";"Other";101;"FEBI BILSTEIN";"171762";29
4921;"2026/1";"Austria";162;"VAICO";"V103221";4
4921;"2026/1";"Austria";162;"VAICO";"V302256";15
4921;"2026/1";"Austria";162;"VAICO";"V302377XXL";14
4921;"2026/1";"Portugal";144;"MEYLE";"3001351007";7
4921;"2026/1";"Austria";162;"VAICO";"V104991SP";1
4921;"2026/1";"Germany";6558;"AIC";"74793SET";3
4921;"2026/1";"Other";144;"MEYLE";"0141350211";1
4921;"2026/1";"Switzerland";101;"FEBI BILSTEIN";"171750";6
4921;"2026/1";"Germany";68;"ZF";"1087298451";1
4921;"2026/1";"Portugal";4342;"TCMATIC";"1051110018";9
4921;"2026/1";"Germany";162;"VAICO";"V103221";10
4921;"2026/1";"N";162;"VAICO";"V103214XXL";1
4921;"2026/1";"N";162;"VAICO";"V204993";2
4921;"2026/1";"Slovenia";151;"SWAG";"33108309";6
4921;"2026/1";"Portugal";101;"FEBI BILSTEIN";"171774";5
4921;"2026/1";"Austria";162;"VAICO";"V103220";28
4921;"2026/1";"N";144;"MEYLE";"1001350122";3
4921;"2026/1";"Balkan";101;"FEBI BILSTEIN";"171785";5
4921;"2026/1";"Serbia";101;"FEBI BILSTEIN";"176878";1
4921;"2026/1";"Croatia";68;"ZF";"1060298069";1
4921;"2026/1";"Croatia";6558;"AIC";"70033SET";2
4921;"2026/1";"N";144;"MEYLE";"0141350213XK";1
4921;"2026/1";"N";144;"MEYLE";"0141351202";8
4921;"2026/1";"B";144;"MEYLE";"1001350016XK";1
4921;"2026/1";"Slovenia";68;"ZF";"1109298030";5
4921;"2026/1";"Other";68;"ZF";"1068298061";3
4921;"2026/1";"Other";101;"FEBI BILSTEIN";"188362";10
4921;"2026/1";"Croatia";6558;"AIC";"73982SET";6
4921;"2026/1";"Switzerland";144;"MEYLE";"1001350214SK";1
4921;"2026/1";"Switzerland";162;"VAICO";"V105582SP1";4
4921;"2026/1";"Romania";68;"ZF";"1102298019";33
4921;"2026/1";"Germany";68;"ZF";"5961308373";22
4921;"2026/1";"Germany";6558;"AIC";"74772SET";22
4921;"2026/1";"Slovenia";144;"MEYLE";"1001350122";1
4921;"2026/1";"Serbia";151;"SWAG";"33107900";9
4921;"2026/1";"Serbia";151;"SWAG";"33108308";3
4921;"2026/1";"Slovenia";68;"ZF";"1090298127";1
4921;"2026/1";"Croatia";144;"MEYLE";"1001350108XK";1
4921;"2026/1";"Slovenia";162;"VAICO";"V105390";2
4921;"2026/1";"Croatia";68;"ZF";"1071298027";2
4921;"2026/1";"Portugal";144;"MEYLE";"1001350115";1
4921;"2026/1";"Other";68;"ZF";"1111298031";2
4921;"2026/1";"Other";144;"MEYLE";"3001351007";1
4921;"2026/1";"West Europe";144;"MEYLE";"3001351007";1
4921;"2026/1";"Austria";144;"MEYLE";"0141350300SK";1
4921;"2026/1";"Austria";144;"MEYLE";"0141351202XK";8
4921;"2026/1";"Croatia";68;"ZF";"1087298369";1
4921;"2026/1";"West Europe";144;"MEYLE";"1001350011SK";1
4921;"2026/1";"Austria";162;"VAICO";"V202742";2
4921;"2026/1";"Austria";162;"VAICO";"V302253";6
4921;"2026/1";"Portugal";4342;"TCMATIC";"1051060005";2
4921;"2026/1";"Portugal";4342;"TCMATIC";"1051080011";20
4921;"2026/1";"Portugal";4342;"TCMATIC";"1051120001";4
4921;"2026/1";"Romania";162;"VAICO";"V103220BEK";7
4921;"2026/1";"Spain";144;"MEYLE";"1001350014";1
4921;"2026/1";"B";4342;"TCMATIC";"1051050003";2
4921;"2026/1";"Spain";4342;"TCMATIC";"1051050001";1
4921;"2026/1";"Switzerland";162;"VAICO";"V220737BEK";2
4921;"2026/1";"Germany";162;"VAICO";"V103213XXL";2
4921;"2026/1";"Switzerland";162;"VAICO";"V402114";4
4921;"2026/1";"Switzerland";6558;"AIC";"70033SET";7
4921;"2026/1";"Other";68;"ZF";"1068298062";3
4921;"2026/1";"Serbia";68;"ZF";"5961306996";2
4921;"2026/1";"Serbia";68;"ZF";"5961308444";3
4921;"2026/1";"Austria";162;"VAICO";"V202088";5
4921;"2026/1";"Serbia";68;"ZF";"1111298031";3
4921;"2026/1";"Croatia";6558;"AIC";"73977SET";1
4921;"2026/1";"Serbia";151;"SWAG";"33107901";1
4921;"2026/1";"West Europe";144;"MEYLE";"1001350115SK";3
4921;"2026/1";"Balkan";68;"ZF";"1071298027";2
4921;"2026/1";"Balkan";68;"ZF";"5961308373";6
4921;"2026/1";"Germany";162;"VAICO";"V103228BEK";4
4921;"2026/1";"Portugal";4342;"TCMATIC";"1051081004";2
4921;"2026/1";"Balkan";144;"MEYLE";"1001350103";2
4921;"2026/1";"Switzerland";68;"ZF";"1060298069";2
4921;"2026/1";"Spain";4342;"TCMATIC";"1051080010";1
4921;"2026/1";"West Europe";101;"FEBI BILSTEIN";"188364";3
4921;"2026/1";"Balkan";101;"FEBI BILSTEIN";"171748";4
4921;"2026/1";"West Europe";144;"MEYLE";"3001351004";1
4921;"2026/1";"N";68;"ZF";"5961306996";3
4921;"2026/1";"Other";162;"VAICO";"V103025XXL";4
4921;"2026/1";"West Europe";144;"MEYLE";"1001350013";2
4921;"2026/1";"Portugal";4342;"TCMATIC";"1051110013";1
4921;"2026/1";"Portugal";4342;"TCMATIC";"1051120003";1
4921;"2026/1";"Switzerland";162;"VAICO";"V250796";2
4921;"2026/1";"West Europe";144;"MEYLE";"0141351410";3
4921;"2026/1";"N";6558;"AIC";"73974SET";1
4921;"2026/1";"Austria";144;"MEYLE";"1001350004";1
4921;"2026/1";"Germany";162;"VAICO";"V103217";7
4921;"2026/1";"Switzerland";6558;"AIC";"74768SET";1
4921;"2026/1";"Romania";68;"ZF";"1084298013";3
4921;"2026/1";"Switzerland";68;"ZF";"5961306996";1
4921;"2026/1";"Serbia";68;"ZF";"1104298055";1
4921;"2026/1";"Germany";162;"VAICO";"V202092BEK";2
4921;"2026/1";"Balkan";144;"MEYLE";"1001350130SK";2
4921;"2026/1";"Balkan";6558;"AIC";"73982SET";1
4921;"2026/1";"Austria";4342;"TCMATIC";"1051071001";1
4921;"2026/1";"Switzerland";6558;"AIC";"73967SET";1
4921;"2026/1";"N";6558;"AIC";"70936SET";1
4921;"2026/1";"Austria";144;"MEYLE";"3001351006";1
4921;"2026/1";"West Europe";68;"ZF";"1111298031";1
4921;"2026/1";"Other";162;"VAICO";"V202089";2
4921;"2026/1";"Spain";144;"MEYLE";"0141351201XK";1
4921;"2026/1";"Spain";144;"MEYLE";"1001350109";1
4921;"2026/1";"Austria";162;"VAICO";"V202082";2
4921;"2026/1";"Austria";162;"VAICO";"V202084";2
4921;"2026/1";"West Europe";144;"MEYLE";"0141351404";1
4921;"2026/1";"Portugal";101;"FEBI BILSTEIN";"179355";1
4921;"2026/1";"Spain";4342;"TCMATIC";"1051080011";1
4921;"2026/1";"Spain";4342;"TCMATIC";"1051080012";1
4921;"2026/1";"B";4342;"TCMATIC";"1051111018";1
4921;"2026/1";"Switzerland";162;"VAICO";"V104991XXL";1
4921;"2026/1";"Croatia";101;"FEBI BILSTEIN";"188324";1
4921;"2026/1";"Croatia";162;"VAICO";"V302377XXL";3
4921;"2026/1";"Other";68;"ZF";"5961308601";1
4921;"2026/1";"Balkan";101;"FEBI BILSTEIN";"171750";1
4921;"2026/1";"Serbia";101;"FEBI BILSTEIN";"171767";1
4921;"2026/1";"West Europe";4342;"TCMATIC";"1051111012";1
4921;"2026/1";"West Europe";144;"MEYLE";"0141351402";1
4921;"2026/1";"Germany";4342;"TCMATIC";"1051190002";1
4921;"2026/1";"Croatia";144;"MEYLE";"3001350403";1
4921;"2026/1";"Germany";162;"VAICO";"V108038BEK";3
4921;"2026/1";"Nordic";162;"VAICO";"V302377BEK";9
4921;"2026/1";"Other";144;"MEYLE";"3001350001XK";1
4921;"2026/1";"Balkan";68;"ZF";"5961308445";2
4921;"2026/1";"Balkan";151;"SWAG";"33108306";21
4921;"2026/1";"Balkan";151;"SWAG";"33110264";2
4921;"2026/1";"West Europe";162;"VAICO";"V320194";1
4921;"2026/1";"Germany";6558;"AIC";"70679SET";6
4921;"2026/1";"Nordic";144;"MEYLE";"3001351007SK";1
4921;"2026/1";"Germany";144;"MEYLE";"1001350112SK";2
4921;"2026/1";"Austria";144;"MEYLE";"1001350001";2
4921;"2026/1";"N";162;"VAICO";"V108038";1
4921;"2026/1";"Nordic";68;"ZF";"5961303474";3
4921;"2026/1";"Romania";81;"HENGST FILTER";"KIT840";1
4921;"2026/1";"Romania";6558;"AIC";"58376SET";1
4921;"2026/1";"Romania";101;"FEBI BILSTEIN";"171769";1
4921;"2026/1";"N";162;"VAICO";"V302254BEK";1
4921;"2026/1";"Germany";162;"VAICO";"V103847XXL";5
4921;"2026/1";"Germany";183;"VEMO";"V304468";1
4921;"2026/1";"Romania";6558;"AIC";"70316SET";1
4921;"2026/1";"N";68;"ZF";"1104298051";1
4921;"2026/1";"Germany";183;"VEMO";"V510650";2
4921;"2026/1";"Other";162;"VAICO";"V520470BEK";1
4921;"2026/1";"Balkan";68;"ZF";"1109298030";1
4921;"2026/1";"Austria";101;"FEBI BILSTEIN";"176859";1
4921;"2026/1";"Romania";162;"VAICO";"V303696";1
4921;"2026/1";"SEE";68;"ZF";"5961303474";2
4921;"2026/1";"West Europe";68;"ZF";"1087298369";1
4921;"2026/1";"West Europe";68;"ZF";"5961306996";3
4921;"2026/1";"B";68;"ZF";"5961308371";2
4921;"2026/1";"Germany";144;"MEYLE";"3001350403SK";3
4921;"2026/1";"Germany";144;"MEYLE";"7141350003SK";1
4921;"2026/1";"Germany";144;"MEYLE";"0141350213XK";15
4921;"2026/1";"Germany";144;"MEYLE";"3001351006SK";2
4921;"2026/1";"Austria";144;"MEYLE";"3001351009SK";4
4921;"2026/1";"Austria";6558;"AIC";"70033SET";4
4921;"2026/1";"Austria";68;"ZF";"1058298048";1
4921;"2026/1";"Germany";144;"MEYLE";"1001350110SK";1
4921;"2026/1";"West Europe";162;"VAICO";"V103227BEK";1
4921;"2026/1";"Germany";68;"ZF";"5961308353";1
4921;"2026/1";"Austria";6558;"AIC";"70937SET";1
4921;"2026/1";"Germany";144;"MEYLE";"1001350113";1
4921;"2026/1";"Germany";144;"MEYLE";"1001350111SK";1
4921;"2026/1";"Other";68;"ZF";"5961308373";1
4921;"2026/1";"Austria";144;"MEYLE";"7141350102";39
4921;"2026/1";"Balkan";68;"ZF";"1103298006";28
4921;"2026/1";"Austria";209;"TRUCKTEC AUTOMOTIVE";"0825065";2
4921;"2026/1";"N";68;"ZF";"1087298364";58
4921;"2026/1";"N";144;"MEYLE";"0141350200SK";1
4921;"2026/1";"N";144;"MEYLE";"0141351600SK";1
4921;"2026/1";"N";144;"MEYLE";"1001350103XK";6
4921;"2026/1";"Croatia";144;"MEYLE";"1001350116";82
4921;"2026/1";"Austria";144;"MEYLE";"2141350100";12
4921;"2026/1";"Austria";144;"MEYLE";"3001351007";117
4921;"2026/1";"West Europe";101;"FEBI BILSTEIN";"176860";1
4921;"2026/1";"Nordic";101;"FEBI BILSTEIN";"171762";1
4921;"2026/1";"Germany";144;"MEYLE";"1001350115";881
4921;"2026/1";"Other";68;"ZF";"1087298369";6
4921;"2026/1";"Germany";68;"ZF";"1087298365";1010
4921;"2026/1";"Germany";68;"ZF";"1087298368";205
4921;"2026/1";"Germany";144;"MEYLE";"0141350200";49
4921;"2026/1";"Germany";144;"MEYLE";"3001351004";167
4921;"2026/1";"Nordic";68;"ZF";"1087298364";38
4921;"2026/1";"Austria";68;"ZF";"1068298083";18
4921;"2026/1";"EEU";101;"FEBI BILSTEIN";"176859";2
4921;"2026/1";"Nordic";101;"FEBI BILSTEIN";"171783";2
4921;"2026/1";"Nordic";101;"FEBI BILSTEIN";"188328";1
4921;"2026/1";"Slovenia";68;"ZF";"1103298006";14
4921;"2026/1";"Slovenia";101;"FEBI BILSTEIN";"171762";107
4921;"2026/1";"Slovenia";101;"FEBI BILSTEIN";"171785";15
4921;"2026/1";"Slovenia";144;"MEYLE";"1001350115SK";13
4921;"2026/1";"Slovenia";144;"MEYLE";"1001350116";73
4921;"2026/1";"Germany";144;"MEYLE";"18141350100";4
4921;"2026/1";"SEE";101;"FEBI BILSTEIN";"171776";5
4921;"2026/1";"Germany";68;"ZF";"1068298083";161
4921;"2026/1";"Slovenia";144;"MEYLE";"3001351007";8
4921;"2026/1";"Slovenia";144;"MEYLE";"0141351404";5
4921;"2026/1";"N";144;"MEYLE";"1001350130";5
4921;"2026/1";"B";101;"FEBI BILSTEIN";"171752";4
4921;"2026/1";"Slovenia";144;"MEYLE";"1001350102";22
4921;"2026/1";"SEE";68;"ZF";"1104298050";9
4921;"2026/1";"Other";101;"FEBI BILSTEIN";"171783";26
4921;"2026/1";"Croatia";68;"ZF";"1087298364";94
4921;"2026/1";"Croatia";101;"FEBI BILSTEIN";"171748";39
4921;"2026/1";"Germany";162;"VAICO";"V105546";12
4921;"2026/1";"Germany";162;"VAICO";"V204300";1009
4921;"2026/1";"Germany";162;"VAICO";"V302256BEK";169
4921;"2026/1";"Germany";162;"VAICO";"V302377BEK";463
4921;"2026/1";"Germany";6558;"AIC";"74794SET";22
4921;"2026/1";"N";101;"FEBI BILSTEIN";"188328";1
4921;"2026/1";"Austria";68;"ZF";"1068298062";27
4921;"2026/1";"Germany";144;"MEYLE";"1001350130";174
4921;"2026/1";"EEU";144;"MEYLE";"7141350002";27
4921;"2026/1";"EEU";144;"MEYLE";"18141350200SK";1
4921;"2026/1";"EEU";68;"ZF";"1068298061";13
4921;"2026/1";"EEU";68;"ZF";"1103298006";34
4921;"2026/1";"EEU";68;"ZF";"1111298032";16
4921;"2026/1";"EEU";101;"FEBI BILSTEIN";"171762";87
4921;"2026/1";"EEU";144;"MEYLE";"0141351202XK";1
4921;"2026/1";"West Europe";68;"ZF";"1087298364";26
4921;"2026/1";"Nordic";68;"ZF";"1102298018";4
4921;"2026/1";"Germany";144;"MEYLE";"1001350101";48
4921;"2026/1";"Austria";101;"FEBI BILSTEIN";"171774";6
4921;"2026/1";"West Europe";68;"ZF";"1090298127";1
4921;"2026/1";"Croatia";101;"FEBI BILSTEIN";"171754";10
4921;"2026/1";"Croatia";101;"FEBI BILSTEIN";"176878";6
4921;"2026/1";"West Europe";101;"FEBI BILSTEIN";"171762";22
4921;"2026/1";"Germany";101;"FEBI BILSTEIN";"176857";85
4921;"2026/1";"EEU";101;"FEBI BILSTEIN";"188328";9
4921;"2026/1";"EEU";144;"MEYLE";"1001350114SK";30
4921;"2026/1";"EEU";144;"MEYLE";"1001350115";24
4921;"2026/1";"EEU";162;"VAICO";"V252191";6
4921;"2026/1";"SEE";68;"ZF";"1068298083";1
4921;"2026/1";"EEU";4342;"TCMATIC";"1051010006";1
4921;"2026/1";"Germany";101;"FEBI BILSTEIN";"176859";14
4921;"2026/1";"Germany";144;"MEYLE";"1001350103XK";135
4921;"2026/1";"Germany";144;"MEYLE";"5141350002";56
4921;"2026/1";"Other";144;"MEYLE";"1001350102";26
4921;"2026/1";"Croatia";4342;"TCMATIC";"1051060012";1
4921;"2026/1";"Germany";6558;"AIC";"74769SET";21
4921;"2026/1";"Germany";162;"VAICO";"V202090XXL";49
4921;"2026/1";"Nordic";68;"ZF";"5961304069";1
4921;"2026/1";"Nordic";68;"ZF";"5961309120";1
4921;"2026/1";"SEE";101;"FEBI BILSTEIN";"171754";11
4921;"2026/1";"SEE";101;"FEBI BILSTEIN";"176874";4
4921;"2026/1";"SEE";101;"FEBI BILSTEIN";"171748";15
4921;"2026/1";"SEE";144;"MEYLE";"1001350100";2
4921;"2026/1";"SEE";144;"MEYLE";"3001350403";2
4921;"2026/1";"Austria";144;"MEYLE";"7141350002";58
4921;"2026/1";"West Europe";144;"MEYLE";"1001350200";5
4921;"2026/1";"Germany";162;"VAICO";"V401605XXL";94
4921;"2026/1";"EEU";101;"FEBI BILSTEIN";"171785";1
4921;"2026/1";"EEU";68;"ZF";"1111298031";2
4921;"2026/1";"EEU";144;"MEYLE";"0141350305XK";1
4921;"2026/1";"Switzerland";144;"MEYLE";"0141350214XK";4
4921;"2026/1";"Germany";162;"VAICO";"V450269XXL";3
4921;"2026/1";"Switzerland";144;"MEYLE";"0141351201XK";5
4921;"2026/1";"Croatia";144;"MEYLE";"1001350016";3
4921;"2026/1";"EEU";68;"ZF";"1111298032";2
4921;"2026/1";"EEU";144;"MEYLE";"0141351404";2
4921;"2026/1";"West Europe";101;"FEBI BILSTEIN";"176892";1
4921;"2026/1";"EEU";101;"FEBI BILSTEIN";"171776";3
4921;"2026/1";"Austria";4342;"TCMATIC";"1051060018";4
4921;"2026/1";"Nordic";68;"ZF";"1111298031";3
4921;"2026/1";"Germany";68;"ZF";"1060298069";28
4921;"2026/1";"Germany";162;"VAICO";"V108038";7
4921;"2026/1";"SEE";101;"FEBI BILSTEIN";"171783";4
4921;"2026/1";"Nordic";101;"FEBI BILSTEIN";"171772";1
4921;"2026/1";"Nordic";144;"MEYLE";"1001350120SK";2
4921;"2026/1";"Germany";162;"VAICO";"V252987XXL";39
4921;"2026/1";"SEE";144;"MEYLE";"0141351212";2
4921;"2026/1";"Germany";162;"VAICO";"V450188";4
4921;"2026/1";"Romania";101;"FEBI BILSTEIN";"171752";2
4921;"2026/1";"B";68;"ZF";"5961308284";2
4921;"2026/1";"Nordic";68;"ZF";"1103298112";3
4921;"2026/1";"Nordic";101;"FEBI BILSTEIN";"171762";4
4921;"2026/1";"Nordic";2728;"ORIGINAL Schäferbarthold";"310123260111";2
4921;"2026/1";"West Europe";68;"ZF";"1071298038";3
4921;"2026/1";"West Europe";101;"FEBI BILSTEIN";"171776";6
4921;"2026/1";"West Europe";144;"MEYLE";"7141350004";1
4921;"2026/1";"West Europe";162;"VAICO";"V302254";1
4921;"2026/1";"Germany";144;"MEYLE";"1001350005SK";4
4921;"2026/1";"Switzerland";68;"ZF";"1068298083";3
4921;"2026/1";"Switzerland";162;"VAICO";"V204670";5
4921;"2026/1";"Nordic";4342;"TCMATIC";"1051070001";1
4921;"2026/1";"Other";144;"MEYLE";"2141350100";1
4921;"2026/1";"Other";68;"ZF";"1111298031";2
4921;"2026/1";"B";101;"FEBI BILSTEIN";"179355";1
4921;"2026/1";"EEU";144;"MEYLE";"0141351410";4
4921;"2026/1";"Germany";162;"VAICO";"V103225BEK";7
4921;"2026/1";"Germany";209;"TRUCKTEC AUTOMOTIVE";"0825065";7
4921;"2026/1";"West Europe";68;"ZF";"1102298018";1
4921;"2026/1";"West Europe";101;"FEBI BILSTEIN";"171785";2
4921;"2026/1";"B";101;"FEBI BILSTEIN";"171750";4
4921;"2026/1";"West Europe";68;"ZF";"1087298368";2
4921;"2026/1";"West Europe";101;"FEBI BILSTEIN";"171748";8
4921;"2026/1";"N";68;"ZF";"1060298069";2
4921;"2026/1";"N";144;"MEYLE";"0141351402XK";8
4921;"2026/1";"N";68;"ZF";"1103298006";12
4921;"2026/1";"West Europe";101;"FEBI BILSTEIN";"171772";9
4921;"2026/1";"West Europe";144;"MEYLE";"1001350114";2
4921;"2026/1";"Germany";4342;"TCMATIC";"1051060005";2
4921;"2026/1";"Other";68;"ZF";"1060298073";2
4921;"2026/1";"Other";144;"MEYLE";"1001350130";3
4921;"2026/1";"EEU";144;"MEYLE";"70161350001";2
4921;"2026/1";"West Europe";144;"MEYLE";"1001350016";1
4921;"2026/1";"West Europe";4342;"TCMATIC";"1051070005";2
4921;"2026/1";"EEU";68;"ZF";"1090298127";1
4921;"2026/1";"N";144;"MEYLE";"0141350305";37
4921;"2026/1";"Austria";144;"MEYLE";"3001351004XK";3
4921;"2026/1";"Switzerland";144;"MEYLE";"3001350307SK";1
4921;"2026/1";"West Europe";68;"ZF";"1103298006";1
4921;"2026/1";"Germany";144;"MEYLE";"1001350314SK";4
4921;"2026/1";"Other";162;"VAICO";"V302377";1
4921;"2026/1";"Austria";4342;"TCMATIC";"1051060017";1
4921;"2026/1";"Other";144;"MEYLE";"3001351004";4
4921;"2026/1";"SEE";68;"ZF";"5961308284";1
4921;"2026/1";"West Europe";101;"FEBI BILSTEIN";"171783";7
4921;"2026/1";"Nordic";68;"ZF";"1068298062";4
4921;"2026/1";"Other";144;"MEYLE";"1001350003SK";2
4921;"2026/1";"Germany";68;"ZF";"1060298072";29
4921;"2026/1";"Nordic";144;"MEYLE";"18141350200SK";2
4921;"2026/1";"Austria";144;"MEYLE";"1001350130SK";7
4921;"2026/1";"Austria";144;"MEYLE";"3001351004";20
4921;"2026/1";"Germany";162;"VAICO";"V303957XXL";26
4921;"2026/1";"Nordic";68;"ZF";"1087298364";7
4921;"2026/1";"N";144;"MEYLE";"0141350204";3
4921;"2026/1";"Germany";144;"MEYLE";"0141350203SK";32
4921;"2026/1";"Germany";68;"ZF";"5961308371";188
4921;"2026/1";"N";144;"MEYLE";"3001351009";2
4921;"2026/1";"Croatia";4342;"TCMATIC";"1051060018";1
4921;"2026/1";"West Europe";144;"MEYLE";"0141350211";2
4921;"2026/1";"Croatia";4342;"TCMATIC";"1051060005";1
4921;"2026/1";"EEU";68;"ZF";"1103298006";5
4921;"2026/1";"Croatia";144;"MEYLE";"1001350130";5
4921;"2026/1";"Other";144;"MEYLE";"11141350002";1
4921;"2026/1";"Germany";162;"VAICO";"V103218";45
4921;"2026/1";"West Europe";68;"ZF";"1087298365";3
4921;"2026/1";"Croatia";101;"FEBI BILSTEIN";"176857";1
4921;"2026/1";"Germany";101;"FEBI BILSTEIN";"176891";2
4921;"2026/1";"West Europe";68;"ZF";"1103298006";8
4921;"2026/1";"West Europe";162;"VAICO";"V103223XXL";4
4921;"2026/1";"Slovenia";162;"VAICO";"V302257";2
4921;"2026/1";"Switzerland";162;"VAICO";"V401605";12
4921;"2026/1";"Nordic";4342;"TCMATIC";"1051010002";1
4921;"2026/1";"Other";4342;"TCMATIC";"1051040007";1
4921;"2026/1";"Germany";68;"ZF";"5961309096";22
4921;"2026/1";"Austria";4342;"TCMATIC";"1051010002";2
4921;"2026/1";"Germany";162;"VAICO";"V302254BEK";91
4921;"2026/1";"West Europe";101;"FEBI BILSTEIN";"176857";2
4921;"2026/1";"Croatia";144;"MEYLE";"1001350120";2
4921;"2026/1";"Balkan";68;"ZF";"1071298038";1
4921;"2026/1";"Switzerland";144;"MEYLE";"1001350115SK";6
4921;"2026/1";"Nordic";144;"MEYLE";"0141351410";1
4921;"2026/1";"Nordic";144;"MEYLE";"3001351009";3
4921;"2026/1";"Nordic";4342;"TCMATIC";"1051070002";2
4921;"2026/1";"SEE";6558;"AIC";"73975SET";1
4921;"2026/1";"SEE";68;"ZF";"1104298055";1
4921;"2026/1";"B";144;"MEYLE";"1001350114";2
4921;"2026/1";"Germany";162;"VAICO";"V302252BEK";8
4921;"2026/1";"Austria";68;"ZF";"1103298112";10
4921;"2026/1";"B";68;"ZF";"1090298126";3
4921;"2026/1";"B";4342;"TCMATIC";"1051060017";3
4921;"2026/1";"Romania";68;"ZF";"5961308601";1
4921;"2026/1";"West Europe";101;"FEBI BILSTEIN";"176874";1
4921;"2026/1";"West Europe";144;"MEYLE";"1001350013";2
4921;"2026/1";"EEU";144;"MEYLE";"1001350106XK";1
4921;"2026/1";"Other";144;"MEYLE";"1001350003";4
4921;"2026/1";"Other";144;"MEYLE";"3001350314";6
4921;"2026/1";"Nordic";68;"ZF";"1087298369";1
4921;"2026/1";"Serbia";68;"ZF";"1090298126";2
4921;"2026/1";"Croatia";101;"FEBI BILSTEIN";"171752";3
4921;"2026/1";"Nordic";4342;"TCMATIC";"1051060011";2
4921;"2026/1";"EEU";144;"MEYLE";"1001350114";1
4921;"2026/1";"Romania";68;"ZF";"1090298126";5
4921;"2026/1";"Romania";144;"MEYLE";"7141350102";3
4921;"2026/1";"Romania";4342;"TCMATIC";"1051060005";1
4921;"2026/1";"Nordic";101;"FEBI BILSTEIN";"176894";1
4921;"2026/1";"Slovenia";68;"ZF";"1068298083";7
4921;"2026/1";"B";144;"MEYLE";"1001350115SK";1
4921;"2026/1";"Switzerland";144;"MEYLE";"1001350122";5
4921;"2026/1";"EEU";144;"MEYLE";"5141350002";1
4921;"2026/1";"Other";162;"VAICO";"V105582";4
4921;"2026/1";"Other";4342;"TCMATIC";"1051120003";1
4921;"2026/1";"Slovenia";162;"VAICO";"V303957XXL";1
4921;"2026/1";"Other";4342;"TCMATIC";"1051010019";1
4921;"2026/1";"West Europe";144;"MEYLE";"18141350200";1
4921;"2026/1";"Nordic";144;"MEYLE";"1001350122SK";1
4921;"2026/1";"Germany";162;"VAICO";"V461378";46
4921;"2026/1";"Switzerland";144;"MEYLE";"1001350108";4
4921;"2026/1";"EEU";144;"MEYLE";"0141350214XK";1
4921;"2026/1";"Croatia";144;"MEYLE";"0141351402";5
4921;"2026/1";"Other";144;"MEYLE";"0141351202";3
4921;"2026/1";"Other";68;"ZF";"1060298070";2
4921;"2026/1";"Other";101;"FEBI BILSTEIN";"171769";2
4921;"2026/1";"Other";4342;"TCMATIC";"1051110007";2
4921;"2026/1";"EEU";144;"MEYLE";"0141351202";2
4921;"2026/1";"B";101;"FEBI BILSTEIN";"171783";4
4921;"2026/1";"West Europe";144;"MEYLE";"3001350402";1
4921;"2026/1";"West Europe";144;"MEYLE";"5141350002";1
4921;"2026/1";"Nordic";162;"VAICO";"V103220BEK";1
4921;"2026/1";"Nordic";68;"ZF";"1111298032";1
4921;"2026/1";"Nordic";144;"MEYLE";"3001350403SK";1
4921;"2026/1";"Nordic";144;"MEYLE";"0141351402";1
4921;"2026/1";"N";144;"MEYLE";"1001350116SK";12
4921;"2026/1";"Croatia";144;"MEYLE";"3001351009SK";1
4921;"2026/1";"B";68;"ZF";"1102298019";1
4921;"2026/1";"EEU";4342;"TCMATIC";"1051070002";1
4921;"2026/1";"SEE";101;"FEBI BILSTEIN";"176879";1
4921;"2026/1";"Nordic";144;"MEYLE";"18141350100SK";1
4921;"2026/1";"Austria";144;"MEYLE";"1001350109";24
4921;"2026/1";"Other";144;"MEYLE";"0141350305XK";1
4921;"2026/1";"Switzerland";144;"MEYLE";"0141351402";14
4921;"2026/1";"West Europe";144;"MEYLE";"1001350116XK";2
4921;"2026/1";"SEE";101;"FEBI BILSTEIN";"171752";1
4921;"2026/1";"Other";162;"VAICO";"V103025";3
4921;"2026/1";"West Europe";162;"VAICO";"V104991";2
4921;"2026/1";"Germany";144;"MEYLE";"18141350200";34
4921;"2026/1";"SEE";101;"FEBI BILSTEIN";"176878";3
4921;"2026/1";"Switzerland";68;"ZF";"5961303275";26
4921;"2026/1";"B";68;"ZF";"1068298084";1
4921;"2026/1";"Portugal";68;"ZF";"5961308447";1
4921;"2026/1";"West Europe";162;"VAICO";"V302254";2
4921;"2026/1";"Nordic";4342;"TCMATIC";"1051010010";1
4921;"2026/1";"EEU";144;"MEYLE";"1001350016SK";1
4921;"2026/1";"EEU";144;"MEYLE";"1001350106";1
4921;"2026/1";"EEU";144;"MEYLE";"1001350130SK";1
4921;"2026/1";"West Europe";144;"MEYLE";"2141350100";1
4921;"2026/1";"Nordic";144;"MEYLE";"1001350114XK";1
4921;"2026/1";"Germany";6558;"AIC";"74789SET";16
4921;"2026/1";"Nordic";101;"FEBI BILSTEIN";"176814";1
4921;"2026/1";"EEU";68;"ZF";"1090298127";3
4921;"2026/1";"EEU";144;"MEYLE";"7141350002";1
4921;"2026/1";"Romania";144;"MEYLE";"1001350115SK";1
4921;"2026/1";"West Europe";144;"MEYLE";"1001350116SK";1
4921;"2026/1";"Germany";162;"VAICO";"V202089BEK";7
4921;"2026/1";"N";68;"ZF";"1109298031";1
4921;"2026/1";"N";144;"MEYLE";"1001350101";1
4921;"2026/1";"N";162;"VAICO";"V250796XXL";7
4921;"2026/1";"Serbia";68;"ZF";"1071298038";31
4921;"2026/1";"Serbia";68;"ZF";"5961303275";10
4921;"2026/1";"Switzerland";144;"MEYLE";"1001350115";17
4921;"2026/1";"Portugal";101;"FEBI BILSTEIN";"171752";36
4921;"2026/1";"Switzerland";68;"ZF";"5961303474";10
4921;"2026/1";"Switzerland";6558;"AIC";"74767SET";21
4921;"2026/1";"West Europe";144;"MEYLE";"1001350210";1
4921;"2026/1";"Spain";4342;"TCMATIC";"1051110018";2
4921;"2026/1";"Switzerland";68;"ZF";"5961308372";10
4921;"2026/1";"Switzerland";68;"ZF";"5961308601";17
4921;"2026/1";"Switzerland";162;"VAICO";"V204186XXL";9
4921;"2026/1";"West Europe";101;"FEBI BILSTEIN";"171752";2
4921;"2026/1";"Other";101;"FEBI BILSTEIN";"188362";2
4921;"2026/1";"Switzerland";68;"ZF";"1087298361";14
4921;"2026/1";"Switzerland";144;"MEYLE";"18141350100";1
4921;"2026/1";"Switzerland";6558;"AIC";"74783SET";12
4921;"2026/1";"N";144;"MEYLE";"1001350102XK";13
4921;"2026/1";"Switzerland";162;"VAICO";"V303957";3
4921;"2026/1";"Balkan";68;"ZF";"1068298083";17
4921;"2026/1";"Balkan";101;"FEBI BILSTEIN";"171762";7
4921;"2026/1";"N";162;"VAICO";"V103231";3
4921;"2026/1";"Switzerland";144;"MEYLE";"11141350002";3
4921;"2026/1";"Switzerland";162;"VAICO";"V380511";4
4921;"2026/1";"Portugal";162;"VAICO";"V103220";1
4921;"2026/1";"West Europe";144;"MEYLE";"0141351404";4
4921;"2026/1";"Germany";162;"VAICO";"V202089XXL";9
4921;"2026/1";"N";162;"VAICO";"V103025";7
4921;"2026/1";"N";162;"VAICO";"V302377";4
4921;"2026/1";"Portugal";101;"FEBI BILSTEIN";"176874";2
4921;"2026/1";"Portugal";162;"VAICO";"V202090";1
4921;"2026/1";"Portugal";4342;"TCMATIC";"1051010002";4
4921;"2026/1";"West Europe";144;"MEYLE";"0141350300";1
4921;"2026/1";"N";144;"MEYLE";"1001350115SK";3
4921;"2026/1";"Croatia";162;"VAICO";"V303957XXL";1
4921;"2026/1";"ROW";144;"MEYLE";"0141350305";5
4921;"2026/1";"Serbia";68;"ZF";"1102298021";1
4921;"2026/1";"Serbia";68;"ZF";"5961308447";6
4921;"2026/1";"N";144;"MEYLE";"0141350203";8
4921;"2026/1";"N";144;"MEYLE";"7141350102XK";2
4921;"2026/1";"Austria";68;"ZF";"5961309179";2
4921;"2026/1";"Switzerland";6558;"AIC";"74779SET";8
4921;"2026/1";"Switzerland";6558;"AIC";"74792SET";1
4921;"2026/1";"Serbia";68;"ZF";"1111298032";4
4921;"2026/1";"West Europe";144;"MEYLE";"1001350130SK";1
4921;"2026/1";"Croatia";68;"ZF";"5961303116";1
4921;"2026/1";"Balkan";68;"ZF";"1111298031";2
4921;"2026/1";"Balkan";68;"ZF";"5961308412";6
4921;"2026/1";"Portugal";144;"MEYLE";"1001350114";1
4921;"2026/1";"Germany";144;"MEYLE";"1001350012XK";6
4921;"2026/1";"Other";101;"FEBI BILSTEIN";"171772";3
4921;"2026/1";"Switzerland";162;"VAICO";"V461378";1
4921;"2026/1";"Switzerland";6558;"AIC";"74776SET";1
4921;"2026/1";"West Europe";101;"FEBI BILSTEIN";"188362";5
4921;"2026/1";"Austria";162;"VAICO";"V103222";5
4921;"2026/1";"Austria";162;"VAICO";"V250796";14
4921;"2026/1";"Austria";162;"VAICO";"V250796XXL";6
4921;"2026/1";"Portugal";4342;"TCMATIC";"1051082011";2
4921;"2026/1";"Portugal";4342;"TCMATIC";"1051110014";4
4921;"2026/1";"Austria";162;"VAICO";"V103215";1
4921;"2026/1";"Switzerland";6558;"AIC";"70677SET";1
4921;"2026/1";"West Europe";144;"MEYLE";"0141350204";1
4921;"2026/1";"Austria";68;"ZF";"1104298051";1
4921;"2026/1";"Germany";4342;"TCMATIC";"1051210003";1
4921;"2026/1";"Croatia";68;"ZF";"5961303275";5
4921;"2026/1";"Croatia";144;"MEYLE";"3001350310SK";1
4921;"2026/1";"West Europe";101;"FEBI BILSTEIN";"176857";7
4921;"2026/1";"N";162;"VAICO";"V103223";13
4921;"2026/1";"Balkan";68;"ZF";"1060298073";1
4921;"2026/1";"Germany";162;"VAICO";"V107344BEK";2
4921;"2026/1";"West Europe";101;"FEBI BILSTEIN";"171772";1
4921;"2026/1";"Germany";144;"MEYLE";"3001350001XK";4
4921;"2026/1";"Switzerland";162;"VAICO";"V402114XXL";1
4921;"2026/1";"Slovenia";144;"MEYLE";"0141351402XK";1
4921;"2026/1";"West Europe";144;"MEYLE";"1001350116";6
4921;"2026/1";"Switzerland";68;"ZF";"1090298127";2
4921;"2026/1";"Germany";144;"MEYLE";"3001350402SK";7
4921;"2026/1";"West Europe";162;"VAICO";"V103220";4
4921;"2026/1";"Portugal";162;"VAICO";"V202086";1
4921;"2026/1";"West Europe";101;"FEBI BILSTEIN";"176877";3
4921;"2026/1";"Croatia";6558;"AIC";"74772SET";1
4921;"2026/1";"Switzerland";101;"FEBI BILSTEIN";"188328";1
4921;"2026/1";"Switzerland";144;"MEYLE";"1001350118";2
4921;"2026/1";"N";162;"VAICO";"V302257";7
4921;"2026/1";"Other";144;"MEYLE";"0141351211SK";1
4921;"2026/1";"Croatia";68;"ZF";"5961308587";1
4921;"2026/1";"Germany";162;"VAICO";"V202082XXL";1
4921;"2026/1";"Austria";162;"VAICO";"V303957XXL";1
4921;"2026/1";"N";162;"VAICO";"V252987";2
4921;"2026/1";"N";6558;"AIC";"74786SET";2
4921;"2026/1";"Portugal";101;"FEBI BILSTEIN";"176891";1
4921;"2026/1";"Portugal";4342;"TCMATIC";"1051010011";1
4921;"2026/1";"West Europe";101;"FEBI BILSTEIN";"171750";1
4921;"2026/1";"Croatia";6558;"AIC";"74792SET";1
4921;"2026/1";"Slovenia";144;"MEYLE";"18141350200";1
4921;"2026/1";"Switzerland";144;"MEYLE";"4141350001SK";1
4921;"2026/1";"Germany";6558;"AIC";"70936SET";2
4921;"2026/1";"N";162;"VAICO";"V104991";14
4921;"2026/1";"Portugal";101;"FEBI BILSTEIN";"176875";1
4921;"2026/1";"West Europe";68;"ZF";"1103298006";2
4921;"2026/1";"Croatia";68;"ZF";"1109298030";1
4921;"2026/1";"Switzerland";144;"MEYLE";"0141351600";1
4921;"2026/1";"Other";144;"MEYLE";"0141350201";2
4921;"2026/1";"West Europe";4342;"TCMATIC";"1051112012";1
4921;"2026/1";"Nordic";162;"VAICO";"V104991";5
4921;"2026/1";"N";162;"VAICO";"V520470BEK";1
4921;"2026/1";"Germany";68;"ZF";"1058298048";6
4921;"2026/1";"Germany";144;"MEYLE";"3001350402XK";2
4921;"2026/1";"Germany";144;"MEYLE";"3001350307";1
4921;"2026/1";"N";68;"ZF";"5961308410";5
4921;"2026/1";"Spain";68;"ZF";"1103298112";2
4921;"2026/1";"Germany";68;"ZF";"1084298013";10
4921;"2026/1";"Germany";162;"VAICO";"V304756XXL";1
4921;"2026/1";"West Europe";162;"VAICO";"V103223";2
4921;"2026/1";"West Europe";162;"VAICO";"V104991";5
4921;"2026/1";"Other";162;"VAICO";"V103220";1
4921;"2026/1";"Romania";68;"ZF";"5961308412";2
4921;"2026/1";"Germany";6558;"AIC";"73962SET";6
4921;"2026/1";"Balkan";68;"ZF";"5961308372";2
4921;"2026/1";"Other";6558;"AIC";"73965SET";1
4921;"2026/1";"Austria";162;"VAICO";"V204993";1
4921;"2026/1";"Switzerland";68;"ZF";"1104298051";1
4921;"2026/1";"N";162;"VAICO";"V302256BEK";1
4921;"2026/1";"Romania";6558;"AIC";"73972SET";1
4921;"2026/1";"Balkan";101;"FEBI BILSTEIN";"176856";1
4921;"2026/1";"Germany";6558;"AIC";"74787SET";2
4921;"2026/1";"N";162;"VAICO";"V105541";1
4921;"2026/1";"Other";162;"VAICO";"V302257";1
4921;"2026/1";"Germany";162;"VAICO";"V303695XXL";1
4921;"2026/1";"Romania";162;"VAICO";"V302254";2
4921;"2026/1";"Romania";6558;"AIC";"73977SET";1
4921;"2026/1";"B";6558;"AIC";"58376SET";1
4921;"2026/1";"West Europe";162;"VAICO";"V302258";1
4921;"2026/1";"Balkan";68;"ZF";"1071298039";1
4921;"2026/1";"Germany";6558;"AIC";"73963SET";6
4921;"2026/1";"Germany";6558;"AIC";"70316SET";3
4921;"2026/1";"West Europe";144;"MEYLE";"1001350003";1
4921;"2026/1";"Austria";6558;"AIC";"70316SET";1
4921;"2026/1";"Germany";6558;"AIC";"74776SET";7
4921;"2026/1";"Other";162;"VAICO";"V302257BEK";1
4921;"2026/1";"Germany";144;"MEYLE";"1001350002SK";6
4921;"2026/1";"Germany";144;"MEYLE";"11141350001XK";2
4921;"2026/1";"Germany";6558;"AIC";"73973SET";3
4921;"2026/1";"Germany";144;"MEYLE";"3001350305SK";2
4921;"2026/1";"Germany";144;"MEYLE";"1001350012SK";1
4921;"2026/1";"Austria";144;"MEYLE";"1001350102";361
4921;"2026/1";"Germany";144;"MEYLE";"7141350002";406
4921;"2026/1";"N";101;"FEBI BILSTEIN";"171748";15
4921;"2026/1";"N";144;"MEYLE";"0141351402";17
4921;"2026/1";"Switzerland";144;"MEYLE";"0141351202";7
4921;"2026/1";"Austria";68;"ZF";"1071298027";18
4921;"2026/1";"Austria";144;"MEYLE";"0141351402";31
4921;"2026/1";"West Europe";101;"FEBI BILSTEIN";"188364";10
4921;"2026/1";"Germany";162;"VAICO";"V302377";685
4921;"2026/1";"West Europe";144;"MEYLE";"0141350211SK";3
4921;"2026/1";"Germany";144;"MEYLE";"0141350211";649
4921;"2026/1";"Germany";144;"MEYLE";"0141351212";354
4921;"2026/1";"Germany";144;"MEYLE";"1001350102";3543
4921;"2026/1";"Germany";144;"MEYLE";"1001350115SK";162
4921;"2026/1";"N";144;"MEYLE";"1001350210";2
4921;"2026/1";"Nordic";68;"ZF";"1071298038";5
4921;"2026/1";"Nordic";68;"ZF";"5961308447";1
4921;"2026/1";"Germany";81;"HENGST FILTER";"KIT823";14
4921;"2026/1";"Austria";144;"MEYLE";"3001351007XK";16
4921;"2026/1";"Germany";101;"FEBI BILSTEIN";"171776";37
4921;"2026/1";"Germany";68;"ZF";"5961308375";131
4921;"2026/1";"Germany";162;"VAICO";"V302255";13
4921;"2026/1";"West Europe";162;"VAICO";"V103223";6
4921;"2026/1";"Germany";68;"ZF";"5961309120";17
4921;"2026/1";"Germany";144;"MEYLE";"0141351202";609
4921;"2026/1";"Other";144;"MEYLE";"1001350114";4
4921;"2026/1";"Slovenia";144;"MEYLE";"0141350305XK";12
4921;"2026/1";"Germany";101;"FEBI BILSTEIN";"171752";42
4921;"2026/1";"Germany";101;"FEBI BILSTEIN";"188328";26
4921;"2026/1";"Germany";144;"MEYLE";"1001350016";39
4921;"2026/1";"SEE";68;"ZF";"1071298027";37
4921;"2026/1";"SEE";68;"ZF";"1084298014";4
4921;"2026/1";"SEE";68;"ZF";"1103298007";23
4921;"2026/1";"SEE";68;"ZF";"1104298054";1
4921;"2026/1";"Germany";144;"MEYLE";"1001350102SK";218
4921;"2026/1";"Germany";162;"VAICO";"V103222";48
4921;"2026/1";"West Europe";144;"MEYLE";"1001350001SK";1
4921;"2026/1";"B";68;"ZF";"1111298031";6
4921;"2026/1";"Other";68;"ZF";"1087298364";60
4921;"2026/1";"EEU";68;"ZF";"1087298365";6
4921;"2026/1";"SEE";144;"MEYLE";"1001350114";5
4921;"2026/1";"Germany";68;"ZF";"1109298030";36
4921;"2026/1";"Croatia";144;"MEYLE";"1001350122";8
4921;"2026/1";"Austria";144;"MEYLE";"1001350103";89
4921;"2026/1";"Austria";144;"MEYLE";"1001350108XK";5
4921;"2026/1";"Nordic";101;"FEBI BILSTEIN";"171752";1
4921;"2026/1";"Germany";162;"VAICO";"V220737";31
4921;"2026/1";"EEU";101;"FEBI BILSTEIN";"171762";11
4921;"2026/1";"EEU";144;"MEYLE";"1001350102";16
4921;"2026/1";"Austria";144;"MEYLE";"0141350305XK";18
4921;"2026/1";"Austria";162;"VAICO";"V105390BEK";10
4921;"2026/1";"Germany";162;"VAICO";"V304427";81
4921;"2026/1";"Slovenia";101;"FEBI BILSTEIN";"188364";30
4921;"2026/1";"EEU";101;"FEBI BILSTEIN";"179355";3
4921;"2026/1";"Spain";151;"SWAG";"33107900";4
4921;"2026/1";"West Europe";101;"FEBI BILSTEIN";"171772";4
4921;"2026/1";"EEU";144;"MEYLE";"0141350300";30
4921;"2026/1";"Germany";162;"VAICO";"V303696XXL";34
4921;"2026/1";"Nordic";144;"MEYLE";"0141351404";2
4921;"2026/1";"Nordic";144;"MEYLE";"1001350108";1
4921;"2026/1";"Nordic";4342;"TCMATIC";"1051080010";1
4921;"2026/1";"Germany";101;"FEBI BILSTEIN";"171767";140
4921;"2026/1";"Nordic";4342;"TCMATIC";"1051051001";1
4921;"2026/1";"Austria";144;"MEYLE";"3001350001";1
4921;"2026/1";"Other";4342;"TCMATIC";"1051020008";1
4921;"2026/1";"West Europe";144;"MEYLE";"7141350002";2
4921;"2026/1";"Nordic";144;"MEYLE";"7141350002";3
4921;"2026/1";"Austria";144;"MEYLE";"18141350200";3
4921;"2026/1";"Balkan";101;"FEBI BILSTEIN";"171783";12
4921;"2026/1";"West Europe";68;"ZF";"1087298365";27
4921;"2026/1";"Germany";162;"VAICO";"V302256XXL";140
4921;"2026/1";"Germany";68;"ZF";"5961309149";4
4921;"2026/1";"EEU";68;"ZF";"1102298021";1
4921;"2026/1";"EEU";144;"MEYLE";"0141350214";3
4921;"2026/1";"EEU";144;"MEYLE";"3001350306";2
4921;"2026/1";"EEU";4342;"TCMATIC";"1051050001";2
4921;"2026/1";"EEU";4342;"TCMATIC";"1051080009";1
4921;"2026/1";"Nordic";4342;"TCMATIC";"1051060005";6
4921;"2026/1";"Germany";68;"ZF";"1068298084";31
4921;"2026/1";"Germany";144;"MEYLE";"1001350106";50
4921;"2026/1";"Germany";144;"MEYLE";"1001350109";254
4921;"2026/1";"Germany";144;"MEYLE";"1001350120SK";7
4921;"2026/1";"Germany";144;"MEYLE";"1001350210";22
4921;"2026/1";"Other";144;"MEYLE";"1001350109";3
4921;"2026/1";"Other";144;"MEYLE";"1001350130";3
4921;"2026/1";"Germany";144;"MEYLE";"1001350108SK";67
4921;"2026/1";"Germany";162;"VAICO";"V303696BEK";40
4921;"2026/1";"Nordic";4342;"TCMATIC";"1051070005";1
4921;"2026/1";"Slovenia";101;"FEBI BILSTEIN";"188362";19
4921;"2026/1";"EEU";68;"ZF";"1071298038";4
4921;"2026/1";"Nordic";68;"ZF";"1109298031";2
4921;"2026/1";"Nordic";68;"ZF";"5961303474";4
4921;"2026/1";"Germany";162;"VAICO";"V103231";141
4921;"2026/1";"SEE";101;"FEBI BILSTEIN";"188324";7
4921;"2026/1";"SEE";68;"ZF";"5961308407";1
4921;"2026/1";"Nordic";68;"ZF";"1087298365";10
4921;"2026/1";"EEU";144;"MEYLE";"1001350210";1
4921;"2026/1";"West Europe";101;"FEBI BILSTEIN";"188362";5
4921;"2026/1";"Germany";162;"VAICO";"V202081BEK";2
4921;"2026/1";"Germany";6558;"AIC";"73961SET";20
4921;"2026/1";"EEU";101;"FEBI BILSTEIN";"176877";2
4921;"2026/1";"EEU";144;"MEYLE";"1001350116";10
4921;"2026/1";"SEE";68;"ZF";"1087298365";24
4921;"2026/1";"Croatia";4342;"TCMATIC";"1051070002";1
4921;"2026/1";"Other";101;"FEBI BILSTEIN";"171750";22
4921;"2026/1";"Germany";68;"ZF";"1091298066";14
4921;"2026/1";"EEU";144;"MEYLE";"0141351402XK";1
4921;"2026/1";"Germany";144;"MEYLE";"5141350002XK";4
4921;"2026/1";"Nordic";68;"ZF";"1068298084";1
4921;"2026/1";"Nordic";68;"ZF";"5961308375";1
4921;"2026/1";"SEE";101;"FEBI BILSTEIN";"176897";3
4921;"2026/1";"Romania";144;"MEYLE";"3001351004";2
4921;"2026/1";"Other";144;"MEYLE";"1001350108SK";2
4921;"2026/1";"Austria";68;"ZF";"1111298032";18
4921;"2026/1";"Austria";162;"VAICO";"V252191";10
4921;"2026/1";"Germany";162;"VAICO";"V103225";27
4921;"2026/1";"EEU";4342;"TCMATIC";"1051010002";5
4921;"2026/1";"Other";209;"TRUCKTEC AUTOMOTIVE";"0825065";1
4921;"2026/1";"Romania";144;"MEYLE";"0141350305XK";1
4921;"2026/1";"Romania";144;"MEYLE";"1001350114SK";2
4921;"2026/1";"Serbia";68;"ZF";"1087298365";95
4921;"2026/1";"Nordic";162;"VAICO";"V302256BEK";1
4921;"2026/1";"West Europe";101;"FEBI BILSTEIN";"176877";8
4921;"2026/1";"West Europe";101;"FEBI BILSTEIN";"188364";5
4921;"2026/1";"West Europe";144;"MEYLE";"11141350002";1
4921;"2026/1";"West Europe";144;"MEYLE";"18141350100";1
4921;"2026/1";"West Europe";144;"MEYLE";"3001350305";2
4921;"2026/1";"West Europe";144;"MEYLE";"3001351007XK";3
4921;"2026/1";"Switzerland";144;"MEYLE";"3001351007SK";5
4921;"2026/1";"Nordic";144;"MEYLE";"1001350102";5
4921;"2026/1";"Germany";162;"VAICO";"V330884";1
4921;"2026/1";"Germany";162;"VAICO";"V104991SP";203
4921;"2026/1";"Germany";6558;"AIC";"74767SET";43
4921;"2026/1";"EEU";68;"ZF";"1090298126";2
4921;"2026/1";"EEU";68;"ZF";"1102298020";5
4921;"2026/1";"EEU";144;"MEYLE";"3001351004";6
4921;"2026/1";"EEU";144;"MEYLE";"5141351401";9
4921;"2026/1";"Other";101;"FEBI BILSTEIN";"171767";1
4921;"2026/1";"West Europe";144;"MEYLE";"1001350108";2
4921;"2026/1";"West Europe";144;"MEYLE";"18141350200";1
4921;"2026/1";"Other";144;"MEYLE";"1001350015";1
4921;"2026/1";"N";68;"ZF";"1068298083";3
4921;"2026/1";"N";68;"ZF";"1058298046";1
4921;"2026/1";"N";144;"MEYLE";"1001350114";21
4921;"2026/1";"Other";144;"MEYLE";"0141351410";2
4921;"2026/1";"Germany";101;"FEBI BILSTEIN";"176897";8
4921;"2026/1";"B";144;"MEYLE";"0141351202";1
4921;"2026/1";"Other";101;"FEBI BILSTEIN";"171754";3
4921;"2026/1";"Other";101;"FEBI BILSTEIN";"176879";2
4921;"2026/1";"Other";144;"MEYLE";"1001350014";5
4921;"2026/1";"EEU";144;"MEYLE";"3001350306SK";1
4921;"2026/1";"EEU";144;"MEYLE";"1001350114";2
4921;"2026/1";"Nordic";68;"ZF";"1103298006";4
4921;"2026/1";"Nordic";144;"MEYLE";"7141350002";4
4921;"2026/1";"Austria";144;"MEYLE";"0141351202";31
4921;"2026/1";"EEU";144;"MEYLE";"1001350116";4
4921;"2026/1";"Nordic";101;"FEBI BILSTEIN";"176873";1
4921;"2026/1";"Germany";162;"VAICO";"V204993";39
4921;"2026/1";"Germany";144;"MEYLE";"0141351600SK";56
4921;"2026/1";"Germany";4342;"TCMATIC";"1051060021";1
4921;"2026/1";"Nordic";101;"FEBI BILSTEIN";"188364";1
4921;"2026/1";"Nordic";144;"MEYLE";"1001350200";1
4921;"2026/1";"EEU";101;"FEBI BILSTEIN";"171762";6
4921;"2026/1";"EEU";101;"FEBI BILSTEIN";"188362";1
4921;"2026/1";"Germany";68;"ZF";"1071298039";74
4921;"2026/1";"Germany";209;"TRUCKTEC AUTOMOTIVE";"0825064";5
4921;"2026/1";"Germany";4342;"TCMATIC";"1051110014";2
4921;"2026/1";"Other";101;"FEBI BILSTEIN";"188328";3
4921;"2026/1";"Other";144;"MEYLE";"1001350100XK";2
4921;"2026/1";"Other";144;"MEYLE";"1001350103";7
4921;"2026/1";"B";101;"FEBI BILSTEIN";"171754";3
4921;"2026/1";"Germany";162;"VAICO";"V105582SP2";282
4921;"2026/1";"Austria";101;"FEBI BILSTEIN";"176892";8
4921;"2026/1";"West Europe";4342;"TCMATIC";"1051060012";1
4921;"2026/1";"Germany";162;"VAICO";"V252191XXL";8
4921;"2026/1";"EEU";144;"MEYLE";"1001350200";2
4921;"2026/1";"EEU";101;"FEBI BILSTEIN";"188364";4
4921;"2026/1";"Germany";68;"ZF";"1109298031";15
4921;"2026/1";"EEU";101;"FEBI BILSTEIN";"171769";3
4921;"2026/1";"EEU";144;"MEYLE";"1001350012";2
4921;"2026/1";"EEU";144;"MEYLE";"3001350314";3
4921;"2026/1";"EEU";144;"MEYLE";"3001351005XK";1
4921;"2026/1";"EEU";4342;"TCMATIC";"1051010003";2
4921;"2026/1";"EEU";4342;"TCMATIC";"1051080010";1
4921;"2026/1";"N";144;"MEYLE";"0141350211SK";3
4921;"2026/1";"Nordic";68;"ZF";"1103298006";2
4921;"2026/1";"Nordic";144;"MEYLE";"1001350116SK";4
4921;"2026/1";"EEU";4342;"TCMATIC";"1051060022";3
4921;"2026/1";"Germany";68;"ZF";"1060298073";25
4921;"2026/1";"Germany";4342;"TCMATIC";"1051070005";4
4921;"2026/1";"Austria";101;"FEBI BILSTEIN";"171769";2
4921;"2026/1";"N";144;"MEYLE";"3001351007";24
4921;"2026/1";"West Europe";68;"ZF";"1068298083";3
4921;"2026/1";"West Europe";68;"ZF";"1087298369";1
4921;"2026/1";"West Europe";144;"MEYLE";"1001350013SK";1
4921;"2026/1";"West Europe";4342;"TCMATIC";"1051080011";4
4921;"2026/1";"Nordic";4342;"TCMATIC";"1051080012";1
4921;"2026/1";"Croatia";101;"FEBI BILSTEIN";"171776";1
4921;"2026/1";"Other";144;"MEYLE";"3001350401SK";2
4921;"2026/1";"West Europe";162;"VAICO";"V202090XXL";2
4921;"2026/1";"B";144;"MEYLE";"1001350116XK";3
4921;"2026/1";"Germany";68;"ZF";"1102298019";5
4921;"2026/1";"Germany";144;"MEYLE";"1001350130SK";94
4921;"2026/1";"Switzerland";144;"MEYLE";"1001350108SK";3
4921;"2026/1";"Switzerland";144;"MEYLE";"1001350200";55
4921;"2026/1";"Germany";68;"ZF";"5961308410";31
4921;"2026/1";"Switzerland";144;"MEYLE";"3001351006";2
4921;"2026/1";"Other";144;"MEYLE";"0141351600SK";1
4921;"2026/1";"Other";144;"MEYLE";"1001350012XK";1
4921;"2026/1";"Other";209;"TRUCKTEC AUTOMOTIVE";"0825064";2
4921;"2026/1";"Other";4342;"TCMATIC";"1051060018";3
4921;"2026/1";"Austria";68;"ZF";"1087298360";12
4921;"2026/1";"Balkan";68;"ZF";"1068298083";1
4921;"2026/1";"West Europe";68;"ZF";"1060298069";1
4921;"2026/1";"West Europe";144;"MEYLE";"0141351202";1
4921;"2026/1";"Austria";162;"VAICO";"V103025";74
4921;"2026/1";"Austria";144;"MEYLE";"3001350314";1
4921;"2026/1";"B";144;"MEYLE";"0141351402XK";1
4921;"2026/1";"EEU";68;"ZF";"1109298031";2
4921;"2026/1";"B";4342;"TCMATIC";"1051010020";3
4921;"2026/1";"West Europe";144;"MEYLE";"1001350122SK";1
4921;"2026/1";"West Europe";144;"MEYLE";"4141350001SK";2
4921;"2026/1";"EEU";144;"MEYLE";"3001350310SK";2
4921;"2026/1";"N";101;"FEBI BILSTEIN";"171750";5
4921;"2026/1";"N";144;"MEYLE";"1001350103";30
4921;"2026/1";"Nordic";144;"MEYLE";"0141351404";2
4921;"2026/1";"Croatia";68;"ZF";"1087298361";1
4921;"2026/1";"Austria";68;"ZF";"1060298072";1
4921;"2026/1";"Romania";68;"ZF";"1068298083";14
4921;"2026/1";"Romania";68;"ZF";"1091298066";2
4921;"2026/1";"Romania";68;"ZF";"1091298067";4
4921;"2026/1";"Romania";101;"FEBI BILSTEIN";"171776";1
4921;"2026/1";"Germany";162;"VAICO";"V304427BEK";43
4921;"2026/1";"Croatia";151;"SWAG";"33107900";5
4921;"2026/1";"Nordic";209;"TRUCKTEC AUTOMOTIVE";"0825065";1
4921;"2026/1";"Nordic";4342;"TCMATIC";"1051050001";2
4921;"2026/1";"Switzerland";144;"MEYLE";"7141350102";16
4921;"2026/1";"Other";144;"MEYLE";"0141351202XK";1
4921;"2026/1";"Nordic";144;"MEYLE";"1001350103";1
4921;"2026/1";"Nordic";144;"MEYLE";"1001350103";2
4921;"2026/1";"Other";144;"MEYLE";"1001350200";1
4921;"2026/1";"West Europe";144;"MEYLE";"1001350108";2
4921;"2026/1";"West Europe";4342;"TCMATIC";"1051180001";1
4921;"2026/1";"Slovenia";68;"ZF";"1068298062";9
4921;"2026/1";"Germany";101;"FEBI BILSTEIN";"193589";1
4921;"2026/1";"Germany";144;"MEYLE";"4141350001SK";14
4921;"2026/1";"Nordic";68;"ZF";"1090298126";2
4921;"2026/1";"Spain";68;"ZF";"1103298007";1
4921;"2026/1";"Other";144;"MEYLE";"3001351007XK";2
4921;"2026/1";"EEU";101;"FEBI BILSTEIN";"176874";1
4921;"2026/1";"EEU";144;"MEYLE";"0141351600SK";2
4921;"2026/1";"EEU";144;"MEYLE";"0141351700XK";1
4921;"2026/1";"Austria";144;"MEYLE";"1001350116XK";5
4921;"2026/1";"EEU";144;"MEYLE";"1001350210";1
4921;"2026/1";"N";144;"MEYLE";"1001350016SK";1
4921;"2026/1";"Germany";144;"MEYLE";"3001351006";15
4921;"2026/1";"EEU";144;"MEYLE";"1001350115XK";1
4921;"2026/1";"EEU";4342;"TCMATIC";"1051010014";1
4921;"2026/1";"Germany";162;"VAICO";"V202085";10
4921;"2026/1";"N";68;"ZF";"1087298369";2
4921;"2026/1";"West Europe";101;"FEBI BILSTEIN";"171774";3
4921;"2026/1";"West Europe";144;"MEYLE";"1001350103SK";1
4921;"2026/1";"West Europe";4342;"TCMATIC";"1051060022";1
4921;"2026/1";"Nordic";4342;"TCMATIC";"1051060018";1
4921;"2026/1";"Portugal";151;"SWAG";"33107900";2
4921;"2026/1";"Portugal";151;"SWAG";"33108163";1
4921;"2026/1";"West Europe";162;"VAICO";"V302257XXL";2
4921;"2026/1";"B";4342;"TCMATIC";"1051080004";1
4921;"2026/1";"Croatia";101;"FEBI BILSTEIN";"176874";2
4921;"2026/1";"West Europe";144;"MEYLE";"1001350114SK";8
4921;"2026/1";"Other";68;"ZF";"5961308601";1
4921;"2026/1";"Germany";162;"VAICO";"V103214";13
4921;"2026/1";"Other";144;"MEYLE";"3001351004";1
4921;"2026/1";"Nordic";68;"ZF";"1071298033";2
4921;"2026/1";"Nordic";68;"ZF";"5961308412";3
4921;"2026/1";"Croatia";101;"FEBI BILSTEIN";"176860";1
4921;"2026/1";"Germany";4342;"TCMATIC";"1051120003";1
4921;"2026/1";"Germany";144;"MEYLE";"3001350401SK";3
4921;"2026/1";"Other";144;"MEYLE";"1001350004";1
4921;"2026/1";"Other";144;"MEYLE";"7141350004SK";1
4921;"2026/1";"Romania";68;"ZF";"1103298006";17
4921;"2026/1";"Nordic";68;"ZF";"1087298369";1
4921;"2026/1";"Nordic";101;"FEBI BILSTEIN";"171754";1
4921;"2026/1";"Germany";6558;"AIC";"73977SET";6
4921;"2026/1";"Nordic";144;"MEYLE";"1001350118";1
4921;"2026/1";"Nordic";144;"MEYLE";"1001350122";1
4921;"2026/1";"EEU";4342;"TCMATIC";"1051060005";1
4921;"2026/1";"Germany";6558;"AIC";"74785SET";10
4921;"2026/1";"EEU";144;"MEYLE";"0141350300";3
4921;"2026/1";"Nordic";144;"MEYLE";"1001350103XK";1
4921;"2026/1";"West Europe";144;"MEYLE";"3001350008SK";1
4921;"2026/1";"EEU";144;"MEYLE";"0141350305XK";2
4921;"2026/1";"B";4342;"TCMATIC";"1051060018";1
4921;"2026/1";"Austria";144;"MEYLE";"3001351009";3
4921;"2026/1";"B";162;"VAICO";"V103225";1
4921;"2026/1";"Nordic";144;"MEYLE";"1001350200";1
4921;"2026/1";"SEE";101;"FEBI BILSTEIN";"171767";1
4921;"2026/1";"Germany";144;"MEYLE";"3001351004SK";29
4921;"2026/1";"Other";144;"MEYLE";"1001350114XK";2
4921;"2026/1";"Austria";4342;"TCMATIC";"1051011002";1
4921;"2026/1";"Germany";4342;"TCMATIC";"1051060012";1
4921;"2026/1";"N";68;"ZF";"1060298070";1
4921;"2026/1";"N";101;"FEBI BILSTEIN";"176875";1
4921;"2026/1";"West Europe";162;"VAICO";"V105582";2
4921;"2026/1";"Romania";144;"MEYLE";"0141351202";1
4921;"2026/1";"Nordic";144;"MEYLE";"0141351410";1
4921;"2026/1";"EEU";4342;"TCMATIC";"1051080004";1
4921;"2026/1";"EEU";68;"ZF";"5961308371";1
4921;"2026/1";"N";68;"ZF";"5961308372";5
4921;"2026/1";"N";144;"MEYLE";"1001350115";38
4921;"2026/1";"N";162;"VAICO";"V202090";1
4921;"2026/1";"N";162;"VAICO";"V204670";9
4921;"2026/1";"N";162;"VAICO";"V401605";10
4921;"2026/1";"N";162;"VAICO";"V402114XXL";1
4921;"2026/1";"Croatia";151;"SWAG";"33108048";7
4921;"2026/1";"Serbia";68;"ZF";"1104298051";1
4921;"2026/1";"Serbia";68;"ZF";"5961303116";16
4921;"2026/1";"Portugal";101;"FEBI BILSTEIN";"171785";51
4921;"2026/1";"Romania";68;"ZF";"1103298113";18
4921;"2026/1";"Romania";68;"ZF";"5961303474";10
4921;"2026/1";"West Europe";101;"FEBI BILSTEIN";"188328";3
4921;"2026/1";"West Europe";144;"MEYLE";"1001350114";4
4921;"2026/1";"N";6558;"AIC";"74771SET";5
4921;"2026/1";"Switzerland";162;"VAICO";"V103025XXL";21
4921;"2026/1";"West Europe";101;"FEBI BILSTEIN";"171750";5
4921;"2026/1";"West Europe";101;"FEBI BILSTEIN";"171754";2
4921;"2026/1";"Germany";162;"VAICO";"V302255BEK";4
4921;"2026/1";"Other";101;"FEBI BILSTEIN";"188328";2
4921;"2026/1";"Portugal";144;"MEYLE";"0141351402";3
4921;"2026/1";"Austria";162;"VAICO";"V104991XXL";19
4921;"2026/1";"Other";162;"VAICO";"V302257BEK";1
4921;"2026/1";"N";144;"MEYLE";"3001350001";1
4921;"2026/1";"N";6558;"AIC";"74766SET";1
4921;"2026/1";"Austria";144;"MEYLE";"1001350103SK";4
4921;"2026/1";"Portugal";101;"FEBI BILSTEIN";"176860";1
4921;"2026/1";"Portugal";101;"FEBI BILSTEIN";"188324";6
4921;"2026/1";"West Europe";101;"FEBI BILSTEIN";"171785";4
4921;"2026/1";"Croatia";6558;"AIC";"73970SET";2
4921;"2026/1";"Other";68;"ZF";"1103298113";7
4921;"2026/1";"Serbia";68;"ZF";"5961308587";8
4921;"2026/1";"West Europe";144;"MEYLE";"0141350300";1
4921;"2026/1";"Switzerland";68;"ZF";"5961308602";6
4921;"2026/1";"Austria";68;"ZF";"1102298021";1
4921;"2026/1";"N";144;"MEYLE";"0141351202XK";2
4921;"2026/1";"West Europe";101;"FEBI BILSTEIN";"171774";1
4921;"2026/1";"B";144;"MEYLE";"4141350001SK";2
4921;"2026/1";"Slovenia";144;"MEYLE";"1001350115XK";5
4921;"2026/1";"Germany";162;"VAICO";"V202088BEK";5
4921;"2026/1";"Switzerland";101;"FEBI BILSTEIN";"171772";8
4921;"2026/1";"Switzerland";144;"MEYLE";"0141350214";6
4921;"2026/1";"Switzerland";162;"VAICO";"V401605XXL";10
4921;"2026/1";"Slovenia";151;"SWAG";"33107900";4
4921;"2026/1";"Slovenia";144;"MEYLE";"1001350130SK";3
4921;"2026/1";"Slovenia";162;"VAICO";"V103223XXL";1
4921;"2026/1";"Balkan";144;"MEYLE";"1001350116";2
4921;"2026/1";"Portugal";68;"ZF";"1087298364";7
4921;"2026/1";"Austria";162;"VAICO";"V204186";20
4921;"2026/1";"Austria";162;"VAICO";"V402114XXL";1
4921;"2026/1";"Austria";144;"MEYLE";"1001350004SK";2
4921;"2026/1";"Austria";162;"VAICO";"V105540";3
4921;"2026/1";"Austria";162;"VAICO";"V202090";13
4921;"2026/1";"Austria";144;"MEYLE";"70161350001";8
4921;"2026/1";"Other";68;"ZF";"1068298084";1
4921;"2026/1";"Other";101;"FEBI BILSTEIN";"188364";4
4921;"2026/1";"Germany";162;"VAICO";"V252990XXL";4
4921;"2026/1";"Switzerland";6558;"AIC";"73977SET";1
4921;"2026/1";"Other";68;"ZF";"1104298050";1
4921;"2026/1";"Slovenia";6558;"AIC";"73972SET";2
4921;"2026/1";"N";6558;"AIC";"70937SET";2
4921;"2026/1";"Serbia";68;"ZF";"1109298030";3
4921;"2026/1";"N";144;"MEYLE";"0141350214";1
4921;"2026/1";"N";144;"MEYLE";"1001350112";1
4921;"2026/1";"N";162;"VAICO";"V303957XXL";1
4921;"2026/1";"Serbia";68;"ZF";"5961308284";1
4921;"2026/1";"Other";101;"FEBI BILSTEIN";"171752";2
4921;"2026/1";"Germany";6558;"AIC";"70937SET";23
4921;"2026/1";"Austria";162;"VAICO";"V380511XXL";2
4921;"2026/1";"Austria";144;"MEYLE";"5141350002XK";1
4921;"2026/1";"West Europe";144;"MEYLE";"0141350300";1
4921;"2026/1";"Slovenia";162;"VAICO";"V302377";1
4921;"2026/1";"West Europe";144;"MEYLE";"1001350108SK";1
4921;"2026/1";"West Europe";144;"MEYLE";"1001350130";1
4921;"2026/1";"Other";101;"FEBI BILSTEIN";"176859";1
4921;"2026/1";"Other";68;"ZF";"1103298112";3
4921;"2026/1";"Balkan";144;"MEYLE";"0141351404";1
4921;"2026/1";"Serbia";68;"ZF";"5961308445";1
4921;"2026/1";"Romania";68;"ZF";"1068298061";2
4921;"2026/1";"West Europe";101;"FEBI BILSTEIN";"171783";2
4921;"2026/1";"Portugal";4342;"TCMATIC";"1051062005";1
4921;"2026/1";"N";144;"MEYLE";"1001350220";2
4921;"2026/1";"N";162;"VAICO";"V202090XXL";3
4921;"2026/1";"Croatia";144;"MEYLE";"1001350001";1
4921;"2026/1";"Slovenia";68;"ZF";"5961303275";1
4921;"2026/1";"Germany";162;"VAICO";"V107674";11
4921;"2026/1";"West Europe";101;"FEBI BILSTEIN";"176878";1
4921;"2026/1";"Germany";68;"ZF";"5961308446";2
4921;"2026/1";"Switzerland";144;"MEYLE";"5141350002";1
4921;"2026/1";"Serbia";144;"MEYLE";"0141350213";1
4921;"2026/1";"West Europe";101;"FEBI BILSTEIN";"176874";1
4921;"2026/1";"Austria";162;"VAICO";"V202081";2
4921;"2026/1";"Austria";162;"VAICO";"V450189";2
4921;"2026/1";"Other";162;"VAICO";"V104991";1
4921;"2026/1";"Balkan";162;"VAICO";"V320194";1
4921;"2026/1";"Germany";162;"VAICO";"V303695";3
4921;"2026/1";"Switzerland";162;"VAICO";"V252990";1
4921;"2026/1";"Switzerland";6558;"AIC";"70316SET";1
4921;"2026/1";"Slovenia";68;"ZF";"5961308602";2
4921;"2026/1";"Spain";101;"FEBI BILSTEIN";"171752";2
4921;"2026/1";"Switzerland";144;"MEYLE";"0141350213";2
4921;"2026/1";"West Europe";162;"VAICO";"V103025XXL";1
4921;"2026/1";"Austria";162;"VAICO";"V202091";1
4921;"2026/1";"Slovenia";101;"FEBI BILSTEIN";"176873";1
4921;"2026/1";"Other";6558;"AIC";"74779SET";2
4921;"2026/1";"Serbia";68;"ZF";"1087298360";1
4921;"2026/1";"Romania";151;"SWAG";"33110264";2
4921;"2026/1";"Switzerland";162;"VAICO";"V302256BEK";2
4921;"2026/1";"Germany";162;"VAICO";"V304755XXL";3
4921;"2026/1";"Slovenia";68;"ZF";"1104298054";1
4921;"2026/1";"Slovenia";144;"MEYLE";"4141350001";1
4921;"2026/1";"West Europe";101;"FEBI BILSTEIN";"171776";1
4921;"2026/1";"Austria";144;"MEYLE";"5141350003XK";1
4921;"2026/1";"Germany";144;"MEYLE";"3001351009SK";6
4921;"2026/1";"Croatia";144;"MEYLE";"0141351700SK";1
4921;"2026/1";"Croatia";6558;"AIC";"73968SET";2
4921;"2026/1";"West Europe";68;"ZF";"1087298361";1
4921;"2026/1";"Austria";162;"VAICO";"V302254XXL";1
4921;"2026/1";"Balkan";162;"VAICO";"V103223";1
4921;"2026/1";"Germany";144;"MEYLE";"1001350112XK";2
4921;"2026/1";"Balkan";68;"ZF";"1104298050";1
4921;"2026/1";"Germany";162;"VAICO";"V303695BEK";2
4921;"2026/1";"West Europe";162;"VAICO";"V204300";1
4921;"2026/1";"Germany";162;"VAICO";"V302252SP";10
4921;"2026/1";"Nordic";68;"ZF";"1071298033";1
4921;"2026/1";"West Europe";162;"VAICO";"V105582";1
4921;"2026/1";"N";162;"VAICO";"V302377BEK";5
4921;"2026/1";"N";68;"ZF";"5961308412";3
4921;"2026/1";"N";4342;"TCMATIC";"1051050003";1
4921;"2026/1";"Other";68;"ZF";"5961308412";1
4921;"2026/1";"West Europe";68;"ZF";"1109298030";1
4921;"2026/1";"Nordic";162;"VAICO";"V580003";5
4921;"2026/1";"Romania";68;"ZF";"1087298361";2
4921;"2026/1";"Romania";162;"VAICO";"V105390BEK";1
4921;"2026/1";"N";68;"ZF";"5961308447";2
4921;"2026/1";"Germany";68;"ZF";"5961308445";1
4921;"2026/1";"West Europe";162;"VAICO";"V105390XXL";1
4921;"2026/1";"West Europe";81;"HENGST FILTER";"KIT844";4
4921;"2026/1";"Switzerland";162;"VAICO";"V109399XXL";1
4921;"2026/1";"N";162;"VAICO";"V103222";2
4921;"2026/1";"Germany";68;"ZF";"1058298047";3
4921;"2026/1";"Balkan";151;"SWAG";"33110274";1
4921;"2026/1";"N";162;"VAICO";"V302377XXL";1
4921;"2026/1";"West Europe";68;"ZF";"1104298054";1
4921;"2026/1";"Germany";144;"MEYLE";"70161350001SK";2
4921;"2026/1";"Romania";162;"VAICO";"V103025XXL";1
4921;"2026/1";"Romania";162;"VAICO";"V103223XXL";1
4921;"2026/1";"Germany";162;"VAICO";"V103221BEK";1
4921;"2026/1";"Germany";6558;"AIC";"70935SET";1
4921;"2026/1";"Germany";144;"MEYLE";"3001350307SK";3
4921;"2026/1";"Germany";6558;"AIC";"74770SET";6
4921;"2026/1";"Germany";144;"MEYLE";"1001350018XK";1
4921;"2026/1";"Austria";6558;"AIC";"74776SET";1
4921;"2026/1";"West Europe";144;"MEYLE";"1001350122";1
4921;"2026/1";"Other";144;"MEYLE";"1001350200";1
4921;"2026/1";"Germany";6558;"AIC";"70676SET";4
4921;"2026/1";"Austria";144;"MEYLE";"1001350014";1
4921;"2026/1";"Austria";6558;"AIC";"74783SET";1
4921;"2026/1";"Germany";144;"MEYLE";"3001350007";1
4921;"2026/1";"Switzerland";68;"ZF";"1102298123";2
4921;"2026/1";"Austria";68;"ZF";"5961308407";1
4921;"2026/1";"Austria";6558;"AIC";"73967SET";1
4921;"2026/1";"N";68;"ZF";"1087298365";51
4921;"2026/1";"Switzerland";144;"MEYLE";"0141351404";37
4921;"2026/1";"Switzerland";144;"MEYLE";"1001350102";203
4921;"2026/1";"Austria";144;"MEYLE";"1001350114SK";37
4921;"2026/1";"West Europe";101;"FEBI BILSTEIN";"171762";20
4921;"2026/1";"Nordic";68;"ZF";"1087298364";1
4921;"2026/1";"Germany";101;"FEBI BILSTEIN";"171750";342
4921;"2026/1";"Germany";144;"MEYLE";"0141351404";461
4921;"2026/1";"Germany";144;"MEYLE";"0141351600XK";4
4921;"2026/1";"Germany";144;"MEYLE";"1001350200";481
4921;"2026/1";"Nordic";68;"ZF";"1087298361";3
4921;"2026/1";"EEU";101;"FEBI BILSTEIN";"176877";64
4921;"2026/1";"EEU";144;"MEYLE";"0141350305";27
4921;"2026/1";"Nordic";144;"MEYLE";"3001351009SK";5
4921;"2026/1";"Romania";4342;"TCMATIC";"1051030001";1
4921;"2026/1";"Romania";4342;"TCMATIC";"1051110018";1
4921;"2026/1";"Germany";144;"MEYLE";"1001350102XK";221
4921;"2026/1";"Germany";4342;"TCMATIC";"1051010019";6
4921;"2026/1";"Germany";68;"ZF";"5961308412";198
4921;"2026/1";"Other";144;"MEYLE";"1001350107";2
4921;"2026/1";"Slovenia";101;"FEBI BILSTEIN";"176892";14
4921;"2026/1";"Slovenia";144;"MEYLE";"0141351402";3
4921;"2026/1";"Slovenia";144;"MEYLE";"1001350107";1
4921;"2026/1";"Croatia";101;"FEBI BILSTEIN";"176877";15
4921;"2026/1";"SEE";68;"ZF";"1087298361";21
4921;"2026/1";"SEE";68;"ZF";"1087298365";111
4921;"2026/1";"SEE";144;"MEYLE";"1001350102";6
4921;"2026/1";"Slovenia";144;"MEYLE";"1001350116SK";2
4921;"2026/1";"B";144;"MEYLE";"1001350116";13
4921;"2026/1";"West Europe";144;"MEYLE";"1001350114SK";5
4921;"2026/1";"B";68;"ZF";"1087298360";3
4921;"2026/1";"Germany";144;"MEYLE";"1001350117";69
4921;"2026/1";"Slovenia";68;"ZF";"1111298032";12
4921;"2026/1";"Germany";162;"VAICO";"V105390SP";475
4921;"2026/1";"West Europe";144;"MEYLE";"1001350122";3
4921;"2026/1";"Croatia";144;"MEYLE";"3001351007";15
4921;"2026/1";"Germany";162;"VAICO";"V103220";281
4921;"2026/1";"Germany";162;"VAICO";"V302258BEK";71
4921;"2026/1";"Croatia";144;"MEYLE";"0141350300";7
4921;"2026/1";"N";144;"MEYLE";"0141351410";8
4921;"2026/1";"Germany";162;"VAICO";"V204670";203
4921;"2026/1";"Germany";162;"VAICO";"V103025XXL";331
4921;"2026/1";"EEU";4342;"TCMATIC";"1051090003";1
4921;"2026/1";"Germany";144;"MEYLE";"0141350305XK";304
4921;"2026/1";"Nordic";101;"FEBI BILSTEIN";"171762";8
4921;"2026/1";"SEE";101;"FEBI BILSTEIN";"176877";12
4921;"2026/1";"EEU";101;"FEBI BILSTEIN";"176879";3
4921;"2026/1";"Other";144;"MEYLE";"3001350314XK";1
4921;"2026/1";"Germany";162;"VAICO";"V103222BEK";12
4921;"2026/1";"Germany";162;"VAICO";"V450269BEK";5
4921;"2026/1";"West Europe";144;"MEYLE";"0141350203";1
4921;"2026/1";"Slovenia";101;"FEBI BILSTEIN";"171750";9
4921;"2026/1";"Nordic";68;"ZF";"1071298038";15
4921;"2026/1";"West Europe";144;"MEYLE";"7141350102";6
4921;"2026/1";"Germany";68;"ZF";"1102298020";10
4921;"2026/1";"Austria";144;"MEYLE";"1001350130";15
4921;"2026/1";"Other";68;"ZF";"1068298062";38
4921;"2026/1";"B";68;"ZF";"1103298007";1
4921;"2026/1";"B";101;"FEBI BILSTEIN";"171767";4
4921;"2026/1";"Croatia";144;"MEYLE";"1001350115SK";49
4921;"2026/1";"West Europe";144;"MEYLE";"0141351404";4
4921;"2026/1";"Slovenia";68;"ZF";"1071298038";5
4921;"2026/1";"Germany";162;"VAICO";"V302253";105
4921;"2026/1";"EEU";101;"FEBI BILSTEIN";"171748";78
4921;"2026/1";"EEU";101;"FEBI BILSTEIN";"171767";14
4921;"2026/1";"EEU";101;"FEBI BILSTEIN";"176878";10
4921;"2026/1";"EEU";144;"MEYLE";"0141350203";3
4921;"2026/1";"EEU";144;"MEYLE";"0141351404";21
4921;"2026/1";"EEU";144;"MEYLE";"1001350108SK";6
4921;"2026/1";"EEU";144;"MEYLE";"1001350122";7
4921;"2026/1";"EEU";144;"MEYLE";"18141350200";5
4921;"2026/1";"EEU";4342;"TCMATIC";"1051080011";6
4921;"2026/1";"EEU";4342;"TCMATIC";"1051082004";1
4921;"2026/1";"Austria";68;"ZF";"1087298369";11
4921;"2026/1";"Nordic";144;"MEYLE";"3001351007SK";2
4921;"2026/1";"West Europe";144;"MEYLE";"1001350116SK";5
4921;"2026/1";"West Europe";144;"MEYLE";"3001351007";6
4921;"2026/1";"Germany";144;"MEYLE";"1001350115XK";83
4921;"2026/1";"Germany";144;"MEYLE";"1001350116XK";118
4921;"2026/1";"Austria";101;"FEBI BILSTEIN";"176877";53
4921;"2026/1";"Austria";144;"MEYLE";"0141350300";87
4921;"2026/1";"Austria";144;"MEYLE";"1001350001SK";1
4921;"2026/1";"Austria";144;"MEYLE";"1001350016";10
4921;"2026/1";"Germany";144;"MEYLE";"1001350108XK";18
4921;"2026/1";"Germany";144;"MEYLE";"3001351005SK";19
4921;"2026/1";"EEU";68;"ZF";"1087298361";7
4921;"2026/1";"Switzerland";144;"MEYLE";"0141350300";101
4921;"2026/1";"West Europe";144;"MEYLE";"1001350116";20
4921;"2026/1";"Nordic";68;"ZF";"1068298083";9
4921;"2026/1";"SEE";68;"ZF";"1068298061";11
4921;"2026/1";"SEE";68;"ZF";"1071298039";15
4921;"2026/1";"SEE";144;"MEYLE";"0141351202";2
4921;"2026/1";"Germany";144;"MEYLE";"0141350200SK";5
4921;"2026/1";"Germany";162;"VAICO";"V302257BEK";245
4921;"2026/1";"Other";144;"MEYLE";"0141350211";1
4921;"2026/1";"EEU";68;"ZF";"1091298067";1
4921;"2026/1";"EEU";101;"FEBI BILSTEIN";"171783";4
4921;"2026/1";"EEU";144;"MEYLE";"1001350003SK";2
4921;"2026/1";"Slovenia";68;"ZF";"1109298031";4
4921;"2026/1";"Germany";101;"FEBI BILSTEIN";"171769";75
4921;"2026/1";"Croatia";68;"ZF";"1111298031";7
4921;"2026/1";"Croatia";101;"FEBI BILSTEIN";"171783";15
4921;"2026/1";"EEU";101;"FEBI BILSTEIN";"171750";7
4921;"2026/1";"West Europe";162;"VAICO";"V103220";1
4921;"2026/1";"Switzerland";68;"ZF";"5961308412";6
4921;"2026/1";"Other";68;"ZF";"1068298061";1
4921;"2026/1";"Other";4342;"TCMATIC";"1051020003";2
4921;"2026/1";"Germany";101;"FEBI BILSTEIN";"176892";21
4921;"2026/1";"West Europe";68;"ZF";"1068298062";4
4921;"2026/1";"Austria";144;"MEYLE";"1001350115XK";11
4921;"2026/1";"Germany";101;"FEBI BILSTEIN";"176856";62
4921;"2026/1";"N";101;"FEBI BILSTEIN";"171776";1
4921;"2026/1";"Austria";144;"MEYLE";"3001351005SK";1
4921;"2026/1";"West Europe";68;"ZF";"1111298031";22
4921;"2026/1";"B";144;"MEYLE";"0141351700";1
4921;"2026/1";"West Europe";68;"ZF";"1090298126";2
4921;"2026/1";"Nordic";68;"ZF";"1071298033";5
4921;"2026/1";"Other";68;"ZF";"1071298038";15
4921;"2026/1";"West Europe";68;"ZF";"1068298062";13
4921;"2026/1";"West Europe";68;"ZF";"1071298033";11
4921;"2026/1";"West Europe";101;"FEBI BILSTEIN";"171748";19
4921;"2026/1";"West Europe";144;"MEYLE";"0141350300";9
4921;"2026/1";"West Europe";144;"MEYLE";"0141351402XK";3
4921;"2026/1";"West Europe";144;"MEYLE";"1001350115XK";1
4921;"2026/1";"West Europe";144;"MEYLE";"1001350130SK";1
4921;"2026/1";"West Europe";144;"MEYLE";"1001350108SK";1
4921;"2026/1";"Switzerland";144;"MEYLE";"0141350201";14
4921;"2026/1";"Germany";162;"VAICO";"V302252";95
4921;"2026/1";"Other";4342;"TCMATIC";"1051060017";1
4921;"2026/1";"SEE";101;"FEBI BILSTEIN";"176873";2
4921;"2026/1";"Nordic";4342;"TCMATIC";"1051010016";2
4921;"2026/1";"Germany";162;"VAICO";"V330884BEK";2
4921;"2026/1";"Germany";68;"ZF";"1103298007";89
4921;"2026/1";"EEU";68;"ZF";"1091298066";4
4921;"2026/1";"EEU";68;"ZF";"1091298067";4
4921;"2026/1";"EEU";144;"MEYLE";"1001350122XK";1
4921;"2026/1";"West Europe";101;"FEBI BILSTEIN";"171762";12
4921;"2026/1";"Germany";4342;"TCMATIC";"1051010013";2
4921;"2026/1";"Nordic";162;"VAICO";"V105390SP";1
4921;"2026/1";"Germany";162;"VAICO";"V252253XXL";9
4921;"2026/1";"Germany";162;"VAICO";"V202088";25
4921;"2026/1";"West Europe";162;"VAICO";"V103025";6
4921;"2026/1";"ROW";68;"ZF";"5961308284";1
4921;"2026/1";"West Europe";144;"MEYLE";"1001350116";12
4921;"2026/1";"N";144;"MEYLE";"3001350002";2
4921;"2026/1";"Romania";162;"VAICO";"V105390XXL";1
4921;"2026/1";"EEU";4342;"TCMATIC";"1051120002";1
4921;"2026/1";"N";144;"MEYLE";"0141350211";14
4921;"2026/1";"N";144;"MEYLE";"1001350109";8
4921;"2026/1";"West Europe";144;"MEYLE";"0141350305";1
4921;"2026/1";"Germany";144;"MEYLE";"1001350109XK";59
4921;"2026/1";"Nordic";162;"VAICO";"V105582";1
4921;"2026/1";"Serbia";144;"MEYLE";"1001350114";1
4921;"2026/1";"EEU";144;"MEYLE";"3001350305";1
4921;"2026/1";"EEU";4342;"TCMATIC";"1051060021";1
4921;"2026/1";"SEE";144;"MEYLE";"1001350116";3
4921;"2026/1";"Nordic";144;"MEYLE";"1001350120SK";2
4921;"2026/1";"Nordic";144;"MEYLE";"5141350002";1
4921;"2026/1";"Germany";162;"VAICO";"V204061";3
4921;"2026/1";"Croatia";68;"ZF";"1068298061";1
4921;"2026/1";"Slovenia";162;"VAICO";"V105390BEK";3
4921;"2026/1";"Spain";68;"ZF";"1087298364";1
4921;"2026/1";"Nordic";101;"FEBI BILSTEIN";"171785";1
4921;"2026/1";"Nordic";144;"MEYLE";"11141350001";1
4921;"2026/1";"Germany";144;"MEYLE";"1001350106XK";8
4921;"2026/1";"Other";101;"FEBI BILSTEIN";"188324";2
4921;"2026/1";"Austria";68;"ZF";"1091298066";4
4921;"2026/1";"Other";4342;"TCMATIC";"1051080004";2
4921;"2026/1";"Germany";4342;"TCMATIC";"1051120001";3
4921;"2026/1";"Austria";144;"MEYLE";"1001350016SK";2
4921;"2026/1";"Austria";144;"MEYLE";"11141350002";7
4921;"2026/1";"Nordic";144;"MEYLE";"0141351410";7
4921;"2026/1";"Nordic";144;"MEYLE";"3001351005";1
4921;"2026/1";"EEU";101;"FEBI BILSTEIN";"171754";6
4921;"2026/1";"EEU";101;"FEBI BILSTEIN";"176857";10
4921;"2026/1";"EEU";144;"MEYLE";"0141350213";2
4921;"2026/1";"EEU";144;"MEYLE";"1001350112XK";1
4921;"2026/1";"EEU";144;"MEYLE";"18141350200SK";2
4921;"2026/1";"West Europe";144;"MEYLE";"3001351007XK";2
4921;"2026/1";"EEU";4342;"TCMATIC";"1051010020";1
4921;"2026/1";"Germany";144;"MEYLE";"0141351700";32
4921;"2026/1";"Germany";162;"VAICO";"V204670XXL";34
4921;"2026/1";"SEE";144;"MEYLE";"1001350130";1
4921;"2026/1";"N";101;"FEBI BILSTEIN";"176892";1
4921;"2026/1";"West Europe";4342;"TCMATIC";"1051010019";5
4921;"2026/1";"West Europe";101;"FEBI BILSTEIN";"171769";2
4921;"2026/1";"SEE";68;"ZF";"1090298127";1
4921;"2026/1";"SEE";101;"FEBI BILSTEIN";"171774";1
4921;"2026/1";"Austria";68;"ZF";"5961308602";10
4921;"2026/1";"Nordic";144;"MEYLE";"3001351009SK";1
4921;"2026/1";"ROW";68;"ZF";"1087298368";1
4921;"2026/1";"Austria";68;"ZF";"1102298019";6
4921;"2026/1";"Germany";68;"ZF";"1068298061";21
4921;"2026/1";"West Europe";101;"FEBI BILSTEIN";"171750";3
4921;"2026/1";"Slovenia";162;"VAICO";"V302377BEK";4
4921;"2026/1";"West Europe";101;"FEBI BILSTEIN";"171772";2
4921;"2026/1";"SEE";68;"ZF";"1087298364";3
4921;"2026/1";"Germany";162;"VAICO";"V108038XXL";3
4921;"2026/1";"Romania";144;"MEYLE";"18141350200";1
4921;"2026/1";"Romania";144;"MEYLE";"3001351007SK";1
4921;"2026/1";"Serbia";144;"MEYLE";"1001350115";3
4921;"2026/1";"West Europe";101;"FEBI BILSTEIN";"176857";2
4921;"2026/1";"Nordic";144;"MEYLE";"18141350200";1
4921;"2026/1";"Other";144;"MEYLE";"0141350211SK";1
4921;"2026/1";"Germany";68;"ZF";"1104298050";17
4921;"2026/1";"Austria";144;"MEYLE";"3001351005XK";1
4921;"2026/1";"Croatia";144;"MEYLE";"1001350115";19
4921;"2026/1";"Croatia";144;"MEYLE";"1001350004";1
4921;"2026/1";"Germany";4342;"TCMATIC";"1051050001";1
4921;"2026/1";"Switzerland";144;"MEYLE";"0141351211SK";3
4921;"2026/1";"Switzerland";144;"MEYLE";"1001350101";5
4921;"2026/1";"Nordic";144;"MEYLE";"0141350305";1
4921;"2026/1";"Nordic";144;"MEYLE";"1001350118";2
4921;"2026/1";"West Europe";101;"FEBI BILSTEIN";"176873";1
4921;"2026/1";"West Europe";144;"MEYLE";"1001350108XK";1
4921;"2026/1";"Switzerland";101;"FEBI BILSTEIN";"176857";6
4921;"2026/1";"B";144;"MEYLE";"0141350211";2
4921;"2026/1";"Germany";2728;"ORIGINAL Schäferbarthold";"310123260111";1
4921;"2026/1";"EEU";209;"TRUCKTEC AUTOMOTIVE";"0825064";1
4921;"2026/1";"Romania";162;"VAICO";"V103222";1
4921;"2026/1";"West Europe";144;"MEYLE";"1001350103";2
4921;"2026/1";"West Europe";144;"MEYLE";"1001350114";7
4921;"2026/1";"West Europe";144;"MEYLE";"3001351004XK";1
4921;"2026/1";"Austria";144;"MEYLE";"0141350201";19
4921;"2026/1";"Other";4342;"TCMATIC";"1051060022";1
4921;"2026/1";"Austria";144;"MEYLE";"0141350213";2
4921;"2026/1";"Nordic";4342;"TCMATIC";"1051080012";4
4921;"2026/1";"Germany";68;"ZF";"5961309174";2
4921;"2026/1";"Austria";68;"ZF";"1109298031";3
4921;"2026/1";"Nordic";144;"MEYLE";"0141351402";6
4921;"2026/1";"B";4342;"TCMATIC";"1051080011";2
4921;"2026/1";"Slovenia";144;"MEYLE";"1001350114";6
4921;"2026/1";"Other";101;"FEBI BILSTEIN";"188328";1
4921;"2026/1";"Austria";101;"FEBI BILSTEIN";"176814";2
4921;"2026/1";"EEU";101;"FEBI BILSTEIN";"171767";1
4921;"2026/1";"Nordic";144;"MEYLE";"1001350102";2
4921;"2026/1";"Austria";101;"FEBI BILSTEIN";"176891";3
4921;"2026/1";"Switzerland";144;"MEYLE";"0141350211SK";3
4921;"2026/1";"Austria";162;"VAICO";"V302257";18
4921;"2026/1";"Balkan";144;"MEYLE";"1001350114SK";1
4921;"2026/1";"Austria";144;"MEYLE";"1001350108";23
4921;"2026/1";"B";68;"ZF";"1087298369";2
4921;"2026/1";"B";144;"MEYLE";"0141351404";2
4921;"2026/1";"Nordic";101;"FEBI BILSTEIN";"188324";1
4921;"2026/1";"Austria";162;"VAICO";"V252253";9
4921;"2026/1";"West Europe";101;"FEBI BILSTEIN";"176892";1
4921;"2026/1";"Germany";162;"VAICO";"V450138";6
4921;"2026/1";"Germany";162;"VAICO";"V580004";19
4921;"2026/1";"Serbia";144;"MEYLE";"1001350200";1
4921;"2026/1";"Spain";68;"ZF";"1103298006";1
4921;"2026/1";"EEU";144;"MEYLE";"0141350204";2
4921;"2026/1";"EEU";144;"MEYLE";"1001350103XK";1
4921;"2026/1";"Spain";151;"SWAG";"33108170";1
4921;"2026/1";"Other";68;"ZF";"1087298361";2
4921;"2026/1";"N";68;"ZF";"5961308371";4
4921;"2026/1";"Germany";101;"FEBI BILSTEIN";"176876";4
4921;"2026/1";"EEU";101;"FEBI BILSTEIN";"171785";2
4921;"2026/1";"B";144;"MEYLE";"7141350102XK";2
4921;"2026/1";"West Europe";144;"MEYLE";"0141351600";1
4921;"2026/1";"Romania";144;"MEYLE";"1001350103";1
4921;"2026/1";"Nordic";144;"MEYLE";"3001351004";1
4921;"2026/1";"Croatia";144;"MEYLE";"3001351009";2
4921;"2026/1";"EEU";4342;"TCMATIC";"1051020008";1
4921;"2026/1";"Germany";144;"MEYLE";"1001350112";4
4921;"2026/1";"Austria";68;"ZF";"5961303275";13
4921;"2026/1";"Nordic";101;"FEBI BILSTEIN";"176857";1
4921;"2026/1";"Nordic";101;"FEBI BILSTEIN";"171776";1
4921;"2026/1";"Switzerland";162;"VAICO";"V302257XXL";7
4921;"2026/1";"West Europe";68;"ZF";"5961308412";1
4921;"2026/1";"SEE";101;"FEBI BILSTEIN";"176891";3
4921;"2026/1";"West Europe";68;"ZF";"1068298061";1
4921;"2026/1";"West Europe";68;"ZF";"5961308587";1
4921;"2026/1";"B";68;"ZF";"1102298020";2
4921;"2026/1";"B";144;"MEYLE";"3001350008SK";1
4921;"2026/1";"Romania";144;"MEYLE";"0141350300";1
4921;"2026/1";"EEU";101;"FEBI BILSTEIN";"171748";3
4921;"2026/1";"EEU";101;"FEBI BILSTEIN";"176856";1
4921;"2026/1";"EEU";144;"MEYLE";"3001351006";1
4921;"2026/1";"Other";144;"MEYLE";"0141351700SK";2
4921;"2026/1";"Nordic";4342;"TCMATIC";"1051070005";1
4921;"2026/1";"Serbia";101;"FEBI BILSTEIN";"171748";4
4921;"2026/1";"Serbia";101;"FEBI BILSTEIN";"171762";5
4921;"2026/1";"ROW";68;"ZF";"1068298083";2
4921;"2026/1";"Austria";144;"MEYLE";"1001350210";9
4921;"2026/1";"EEU";144;"MEYLE";"0141351404";1
4921;"2026/1";"Other";162;"VAICO";"V105540";1
4921;"2026/1";"Other";144;"MEYLE";"1001350013";1
4921;"2026/1";"N";162;"VAICO";"V204300";44
4921;"2026/1";"Nordic";144;"MEYLE";"5141351401";1
4921;"2026/1";"N";144;"MEYLE";"0141351212";5
4921;"2026/1";"N";144;"MEYLE";"3001350314XK";1
4921;"2026/1";"N";144;"MEYLE";"3001351004";6
4921;"2026/1";"N";144;"MEYLE";"3001351005";4
4921;"2026/1";"N";144;"MEYLE";"5141351401";1
4921;"2026/1";"Serbia";68;"ZF";"5961308602";3
4921;"2026/1";"Portugal";101;"FEBI BILSTEIN";"171769";2
4921;"2026/1";"Portugal";101;"FEBI BILSTEIN";"171776";7
4921;"2026/1";"Portugal";101;"FEBI BILSTEIN";"176857";68
4921;"2026/1";"Austria";68;"ZF";"5961308278";22
4921;"2026/1";"Croatia";68;"ZF";"1103298113";3
4921;"2026/1";"Other";144;"MEYLE";"1001350102";4
4921;"2026/1";"West Europe";101;"FEBI BILSTEIN";"171785";11
4921;"2026/1";"Slovenia";68;"ZF";"5961303116";1
4921;"2026/1";"Switzerland";6558;"AIC";"73972SET";5
4921;"2026/1";"Germany";68;"ZF";"5961308408";17
4921;"2026/1";"N";162;"VAICO";"V105390SP";11
4921;"2026/1";"Switzerland";162;"VAICO";"V303957BEK";1
4921;"2026/1";"Germany";162;"VAICO";"V103292";1
4921;"2026/1";"Austria";162;"VAICO";"V105541";9
4921;"2026/1";"Austria";162;"VAICO";"V302252";3
4921;"2026/1";"West Europe";144;"MEYLE";"1001350011";2
4921;"2026/1";"Austria";144;"MEYLE";"1001350122SK";1
4921;"2026/1";"Slovenia";162;"VAICO";"V103025";2
4921;"2026/1";"Switzerland";162;"VAICO";"V520389";3
4921;"2026/1";"Portugal";162;"VAICO";"V204061";2
4921;"2026/1";"Portugal";4342;"TCMATIC";"1051110012";2
4921;"2026/1";"West Europe";144;"MEYLE";"1001350108";4
4921;"2026/1";"Serbia";151;"SWAG";"33108309";16
4921;"2026/1";"Serbia";101;"FEBI BILSTEIN";"171783";3
4921;"2026/1";"N";6558;"AIC";"74780SET";15
4921;"2026/1";"West Europe";101;"FEBI BILSTEIN";"171748";4
4921;"2026/1";"Portugal";101;"FEBI BILSTEIN";"176856";4
4921;"2026/1";"Portugal";162;"VAICO";"V204186";1
4921;"2026/1";"Slovenia";6558;"AIC";"74780SET";6
4921;"2026/1";"Switzerland";101;"FEBI BILSTEIN";"188362";2
4921;"2026/1";"ROW";144;"MEYLE";"0141350305XK";3
4921;"2026/1";"Spain";144;"MEYLE";"3001351007SK";2
4921;"2026/1";"Switzerland";144;"MEYLE";"1001350115XK";2
4921;"2026/1";"Balkan";68;"ZF";"1071298033";8
4921;"2026/1";"Serbia";68;"ZF";"1071298039";3
4921;"2026/1";"Serbia";68;"ZF";"1087298368";9
4921;"2026/1";"Switzerland";144;"MEYLE";"3001350310";9
4921;"2026/1";"Switzerland";101;"FEBI BILSTEIN";"176877";2
4921;"2026/1";"Other";162;"VAICO";"V330533XXL";1
4921;"2026/1";"Other";68;"ZF";"1060298069";1
4921;"2026/1";"Croatia";162;"VAICO";"V105390XXL";1
4921;"2026/1";"Slovenia";6558;"AIC";"73967SET";1
4921;"2026/1";"Switzerland";144;"MEYLE";"0141351600SK";3
4921;"2026/1";"Switzerland";144;"MEYLE";"1001350109XK";2
4921;"2026/1";"Switzerland";162;"VAICO";"V204300";2
4921;"2026/1";"Switzerland";162;"VAICO";"V380222XXL";1
4921;"2026/1";"Switzerland";6558;"AIC";"70936SET";2
4921;"2026/1";"West Europe";144;"MEYLE";"1001350102";3
4921;"2026/1";"Slovenia";68;"ZF";"1058298047";1
4921;"2026/1";"Switzerland";144;"MEYLE";"1001350210";6
4921;"2026/1";"Slovenia";68;"ZF";"1068298054";1
4921;"2026/1";"Croatia";6558;"AIC";"74779SET";1
4921;"2026/1";"Balkan";68;"ZF";"1087298368";13
4921;"2026/1";"Germany";162;"VAICO";"V202094";11
4921;"2026/1";"Other";68;"ZF";"1087298365";4
4921;"2026/1";"Balkan";68;"ZF";"5961303116";1
4921;"2026/1";"West Europe";4342;"TCMATIC";"1051110018";1
4921;"2026/1";"Switzerland";144;"MEYLE";"1001350109";3
4921;"2026/1";"West Europe";162;"VAICO";"V302377XXL";1
4921;"2026/1";"Other";162;"VAICO";"V105390";2
4921;"2026/1";"Other";144;"MEYLE";"3001350310";2
4921;"2026/1";"Austria";162;"VAICO";"V204061";1
4921;"2026/1";"Croatia";162;"VAICO";"V302257";1
4921;"2026/1";"Austria";162;"VAICO";"V202090XXL";2
4921;"2026/1";"Portugal";4342;"TCMATIC";"1051060010";1
4921;"2026/1";"Austria";68;"ZF";"5961309203";1
4921;"2026/1";"Austria";162;"VAICO";"V103217";2
4921;"2026/1";"Switzerland";144;"MEYLE";"0141350213XK";1
4921;"2026/1";"Switzerland";144;"MEYLE";"3001350403";1
4921;"2026/1";"Austria";144;"MEYLE";"0141351211SK";6
4921;"2026/1";"Switzerland";162;"VAICO";"V250796XXL";2
4921;"2026/1";"Switzerland";6558;"AIC";"73965SET";1
4921;"2026/1";"Germany";162;"VAICO";"V105546XXL";7
4921;"2026/1";"Other";162;"VAICO";"V302377BEK";1
4921;"2026/1";"Austria";101;"FEBI BILSTEIN";"188324";3
4921;"2026/1";"Switzerland";162;"VAICO";"V103214";3
4921;"2026/1";"N";162;"VAICO";"V202087";1
4921;"2026/1";"Serbia";68;"ZF";"1087298449";1
4921;"2026/1";"West Europe";68;"ZF";"1087298368";1
4921;"2026/1";"Slovenia";162;"VAICO";"V302256";1
4921;"2026/1";"Austria";162;"VAICO";"V402114";5
4921;"2026/1";"Balkan";68;"ZF";"1087298365";1
4921;"2026/1";"Switzerland";144;"MEYLE";"0141350203SK";1
4921;"2026/1";"Germany";162;"VAICO";"V220737XXL";5
4921;"2026/1";"Switzerland";6558;"AIC";"70678SET";1
4921;"2026/1";"Austria";68;"ZF";"5961306996";3
4921;"2026/1";"Balkan";101;"FEBI BILSTEIN";"171752";1
4921;"2026/1";"Balkan";144;"MEYLE";"0141350300";2
4921;"2026/1";"Germany";162;"VAICO";"V450138BEK";2
4921;"2026/1";"Romania";162;"VAICO";"V303957XXL";1
4921;"2026/1";"N";162;"VAICO";"V104991XXL";5
4921;"2026/1";"Serbia";68;"ZF";"5961309097";2
4921;"2026/1";"Austria";144;"MEYLE";"70161350001SK";1
4921;"2026/1";"West Europe";4342;"TCMATIC";"1051061011";1
4921;"2026/1";"Switzerland";144;"MEYLE";"11141350002XK";1
4921;"2026/1";"Switzerland";162;"VAICO";"V103025";1
4921;"2026/1";"Switzerland";162;"VAICO";"V103231";2
4921;"2026/1";"Switzerland";162;"VAICO";"V302254BEK";1
4921;"2026/1";"Slovenia";144;"MEYLE";"1001350200";2
4921;"2026/1";"Slovenia";162;"VAICO";"V103220";2
4921;"2026/1";"N";144;"MEYLE";"1001350116XK";3
4921;"2026/1";"N";162;"VAICO";"V105540";1
4921;"2026/1";"N";6558;"AIC";"74785SET";1
4921;"2026/1";"Croatia";151;"SWAG";"33108309";2
4921;"2026/1";"Germany";162;"VAICO";"V202084";11
4921;"2026/1";"Portugal";162;"VAICO";"V303957";1
4921;"2026/1";"N";6558;"AIC";"74768SET";1
4921;"2026/1";"Austria";144;"MEYLE";"1001350117";2
4921;"2026/1";"Slovenia";68;"ZF";"5961306996";1
4921;"2026/1";"Switzerland";68;"ZF";"1068298084";1
4921;"2026/1";"Germany";162;"VAICO";"V204061XXL";1
4921;"2026/1";"N";162;"VAICO";"V105582SP1";3
4921;"2026/1";"B";144;"MEYLE";"0141351212";1
4921;"2026/1";"Austria";162;"VAICO";"V302254";3
4921;"2026/1";"Croatia";6558;"AIC";"73961SET";2
4921;"2026/1";"Other";6558;"AIC";"74794SET";7
4921;"2026/1";"Slovenia";151;"SWAG";"33108308";1
4921;"2026/1";"Portugal";162;"VAICO";"V202094";1
4921;"2026/1";"Portugal";4342;"TCMATIC";"1051020008";1
4921;"2026/1";"West Europe";144;"MEYLE";"1001350117";1
4921;"2026/1";"Balkan";144;"MEYLE";"3001351007";1
4921;"2026/1";"Balkan";4011;"TECNECO FILTERS";"AT129";1
4921;"2026/1";"Germany";162;"VAICO";"V304755BEK";1
4921;"2026/1";"Slovenia";162;"VAICO";"V302256BEK";1
4921;"2026/1";"Germany";6558;"AIC";"73967SET";7
4921;"2026/1";"Other";162;"VAICO";"V103025XXL";2
4921;"2026/1";"Other";101;"FEBI BILSTEIN";"171767";2
4921;"2026/1";"Austria";162;"VAICO";"V103222XXL";1
4921;"2026/1";"Croatia";151;"SWAG";"33108307";1
4921;"2026/1";"Other";162;"VAICO";"V103222BEK";3
4921;"2026/1";"Germany";4342;"TCMATIC";"1051121002";1
4921;"2026/1";"Austria";162;"VAICO";"V105582SP2";6
4921;"2026/1";"Nordic";162;"VAICO";"V103025";61
4921;"2026/1";"Nordic";162;"VAICO";"V103223";55
4921;"2026/1";"Nordic";162;"VAICO";"V302377BEK";67
4921;"2026/1";"Austria";162;"VAICO";"V204670XXL";1
4921;"2026/1";"Balkan";68;"ZF";"1103298113";4
4921;"2026/1";"Germany";6558;"AIC";"77927SET";4
4921;"2026/1";"N";162;"VAICO";"V105582SP2";1
4921;"2026/1";"West Europe";68;"ZF";"5961308602";3
4921;"2026/1";"West Europe";162;"VAICO";"V105390BEK";1
4921;"2026/1";"Romania";68;"ZF";"1087298363";1
4921;"2026/1";"Romania";162;"VAICO";"V252191XXL";1
4921;"2026/1";"Romania";6558;"AIC";"70679SET";1
4921;"2026/1";"Romania";144;"MEYLE";"0141350305";1
4921;"2026/1";"Germany";68;"ZF";"S671090255";1
4921;"2026/1";"Germany";162;"VAICO";"V202092";6
4921;"2026/1";"Germany";4342;"TCMATIC";"1051180002";2
4921;"2026/1";"N";162;"VAICO";"V103220BEK";1
4921;"2026/1";"Balkan";151;"SWAG";"33110273";5
4921;"2026/1";"Balkan";162;"VAICO";"V105582";2
4921;"2026/1";"Balkan";162;"VAICO";"V105582SP1";1
4921;"2026/1";"Romania";162;"VAICO";"V103220XXL";1
4921;"2026/1";"West Europe";68;"ZF";"5961308447";1
4921;"2026/1";"West Europe";162;"VAICO";"V103025";2
4921;"2026/1";"West Europe";162;"VAICO";"V401605";2
4921;"2026/1";"Romania";162;"VAICO";"V330533XXL";1
4921;"2026/1";"West Europe";162;"VAICO";"V252253";2
4921;"2026/1";"Germany";144;"MEYLE";"1001350100SK";7
4921;"2026/1";"Germany";68;"ZF";"5961309535";1
4921;"2026/1";"Germany";162;"VAICO";"V103221XXL";1
4921;"2026/1";"Nordic";162;"VAICO";"V202089BEK";3
4921;"2026/1";"N";162;"VAICO";"V302258XXL";2
4921;"2026/1";"Austria";162;"VAICO";"V107344BEK";1
4921;"2026/1";"Germany";144;"MEYLE";"3001350314SK";2
4921;"2026/1";"Austria";144;"MEYLE";"1001350012";1
4921;"2026/1";"Germany";68;"ZF";"1087298367";1
4921;"2026/1";"B";68;"ZF";"5961303275";1
4921;"2026/1";"Germany";6558;"AIC";"73969SET";6
4921;"2026/1";"Germany";6558;"AIC";"74775SET";3
4921;"2026/1";"Germany";6558;"AIC";"74781SET";3
4921;"2026/1";"Germany";162;"VAICO";"V520389XXL";4
4921;"2026/1";"Germany";6558;"AIC";"73980SET";2
4921;"2026/1";"Germany";6558;"AIC";"73965SET";7
4921;"2026/1";"Germany";6558;"AIC";"74791SET";3
4921;"2026/1";"West Europe";162;"VAICO";"V302256";1
4921;"2026/1";"Germany";144;"MEYLE";"0141350200XK";2
4921;"2026/1";"Other";144;"MEYLE";"1001350220";1
4921;"2026/1";"West Europe";144;"MEYLE";"1001350210";1
4921;"2026/1";"Spain";144;"MEYLE";"1001350102SK";1
4921;"2026/1";"Austria";144;"MEYLE";"3001350310";1
4921;"2026/1";"Austria";6558;"AIC";"70676SET";1
4921;"2026/1";"Romania";-1;"Eigenmarken";"9999999999999999999999";54
4921;"2026/1";"Germany";-1;"Eigenmarken";"9999999999999999999999";893
4921;"2026/1";"West Europe";-1;"Eigenmarken";"9999999999999999999999";24
4921;"2026/1";"N";-1;"Eigenmarken";"9999999999999999999999";5
4921;"2026/1";"Slovenia";-1;"Eigenmarken";"9999999999999999999999";1
4921;"2026/1";"B";-1;"Eigenmarken";"9999999999999999999999";7
4921;"2026/1";"Balkan";-1;"Eigenmarken";"9999999999999999999999";9
4921;"2026/1";"Croatia";-1;"Eigenmarken";"9999999999999999999999";4
4921;"2026/1";"Other";-1;"Eigenmarken";"9999999999999999999999";32
4921;"2026/1";"Austria";-1;"Eigenmarken";"9999999999999999999999";23
4921;"2026/1";"EEU";-1;"Eigenmarken";"9999999999999999999999";119
4921;"2026/1";"Nordic";-1;"Eigenmarken";"9999999999999999999999";22
4921;"2026/1";"Spain";-1;"Eigenmarken";"9999999999999999999999";1
4921;"2026/1";"Switzerland";-1;"Eigenmarken";"9999999999999999999999";1
